stage,cv,estate,model,feature_set,repeat,n,n_pos,n_neg,pos_rate,pr_auc,pr_auc_lift,roc_auc,precision_at_1pct,recall_at_1pct,enrichment_at_1pct,precision_at_5pct,recall_at_5pct,enrichment_at_5pct,precision_at_10pct,recall_at_10pct,enrichment_at_10pct,precision_at_20pct,recall_at_20pct,enrichment_at_20pct
supervised,spatial_5fold_repeated,AHCensus_Basemap,logreg_l2,all14,0,2511,160,2351,0.06371963361210672,0.07346613866086352,0.009746505048756793,0.5393103998298597,0.07692307692307693,0.0125,1.2072115384615387,0.0873015873015873,0.06875,1.3700892857142857,0.06746031746031746,0.10625,1.0587053571428573,0.073558648111332,0.23125,1.1544110337972167
supervised,spatial_5fold_repeated,AHCensus_Basemap,logreg_l1,all14,0,2511,160,2351,0.06371963361210672,0.07378737974545337,0.010067746133346642,0.5299898979157806,0.038461538461538464,0.00625,0.6036057692307694,0.1111111111111111,0.0875,1.7437500000000001,0.08333333333333333,0.13125,1.3078125,0.07554671968190854,0.2375,1.1856113320079522
supervised,spatial_5fold_repeated,AHCensus_Basemap,svm_rbf,all14,0,2511,160,2351,0.06371963361210672,0.06795347505905933,0.004233841446952602,0.5157459591663123,0.07692307692307693,0.0125,1.2072115384615387,0.07936507936507936,0.0625,1.2455357142857144,0.06349206349206349,0.1,0.9964285714285714,0.061630218687872766,0.19375,0.9672092445328033
supervised,spatial_5fold_repeated,AHCensus_Basemap,knn_25,all14,0,2511,160,2351,0.06371963361210672,0.0910610842238976,0.02734145061179087,0.5443986601446192,0.15384615384615385,0.025,2.4144230769230774,0.1111111111111111,0.0875,1.7437500000000001,0.10317460317460317,0.1625,1.6191964285714286,0.08548707753479125,0.26875,1.3416128230616302
supervised,spatial_5fold_repeated,AHCensus_Basemap,lda_shrink,all14,0,2511,160,2351,0.06371963361210672,0.07296652051177537,0.009246886899668641,0.537914717141642,0.038461538461538464,0.00625,0.6036057692307694,0.0873015873015873,0.06875,1.3700892857142857,0.07539682539682539,0.11875,1.1832589285714286,0.0775347912524851,0.24375,1.216811630218688
supervised,spatial_5fold_repeated,AHCensus_Basemap,gaussian_nb,all14,0,2511,160,2351,0.06371963361210672,0.07695407880968451,0.013234445197577785,0.5540780518928117,0.038461538461538464,0.00625,0.6036057692307694,0.07936507936507936,0.0625,1.2455357142857144,0.09523809523809523,0.15,1.4946428571428572,0.07554671968190854,0.2375,1.1856113320079522
supervised,spatial_5fold_repeated,AHCensus_Basemap,rf_balanced,all14,0,2511,160,2351,0.06371963361210672,0.0705544756528104,0.00683484204070367,0.5176600382815824,0.07692307692307693,0.0125,1.2072115384615387,0.07936507936507936,0.0625,1.2455357142857144,0.08333333333333333,0.13125,1.3078125,0.07157057654075547,0.225,1.123210735586481
supervised,spatial_5fold_repeated,AHCensus_Basemap,extratrees_balanced,all14,0,2511,160,2351,0.06371963361210672,0.07150454988548055,0.007784916273373826,0.5219082305401956,0.11538461538461539,0.01875,1.810817307692308,0.06349206349206349,0.05,0.9964285714285714,0.07142857142857142,0.1125,1.120982142857143,0.06560636182902585,0.20625,1.0296098409542744
supervised,spatial_5fold_repeated,AHCensus_Basemap,hist_gbdt_balanced,all14,0,2511,160,2351,0.06371963361210672,0.07383379319473075,0.01011415958262403,0.5446219693747342,0.07692307692307693,0.0125,1.2072115384615387,0.0873015873015873,0.06875,1.3700892857142857,0.07539682539682539,0.11875,1.1832589285714286,0.07554671968190854,0.2375,1.1856113320079522
supervised,spatial_5fold_repeated,AHCensus_Basemap,xgboost_balanced,all14,0,2511,160,2351,0.06371963361210672,0.06716123725584644,0.0034416036437397157,0.496062845597618,0.038461538461538464,0.00625,0.6036057692307694,0.06349206349206349,0.05,0.9964285714285714,0.07142857142857142,0.1125,1.120982142857143,0.073558648111332,0.23125,1.1544110337972167
supervised,spatial_5fold_repeated,AHCensus_Basemap,mlp_64_16,all14,0,2511,160,2351,0.06371963361210672,0.06645411043606407,0.0027344768239573464,0.5107108677158656,0.07692307692307693,0.0125,1.2072115384615387,0.047619047619047616,0.0375,0.7473214285714286,0.05952380952380952,0.09375,0.9341517857142857,0.061630218687872766,0.19375,0.9672092445328033
supervised,spatial_5fold_repeated,AHCensus_Basemap,logreg_l2,all14,1,2511,160,2351,0.06371963361210672,0.07346613866086352,0.009746505048756793,0.5393103998298597,0.07692307692307693,0.0125,1.2072115384615387,0.0873015873015873,0.06875,1.3700892857142857,0.06746031746031746,0.10625,1.0587053571428573,0.073558648111332,0.23125,1.1544110337972167
supervised,spatial_5fold_repeated,AHCensus_Basemap,logreg_l1,all14,1,2511,160,2351,0.06371963361210672,0.07378925249621773,0.010069618884111009,0.5299978732454276,0.038461538461538464,0.00625,0.6036057692307694,0.1111111111111111,0.0875,1.7437500000000001,0.08333333333333333,0.13125,1.3078125,0.07554671968190854,0.2375,1.1856113320079522
supervised,spatial_5fold_repeated,AHCensus_Basemap,svm_rbf,all14,1,2511,160,2351,0.06371963361210672,0.06795347505905933,0.004233841446952602,0.5157459591663123,0.07692307692307693,0.0125,1.2072115384615387,0.07936507936507936,0.0625,1.2455357142857144,0.06349206349206349,0.1,0.9964285714285714,0.061630218687872766,0.19375,0.9672092445328033
supervised,spatial_5fold_repeated,AHCensus_Basemap,knn_25,all14,1,2511,160,2351,0.06371963361210672,0.0910610842238976,0.02734145061179087,0.5443986601446192,0.15384615384615385,0.025,2.4144230769230774,0.1111111111111111,0.0875,1.7437500000000001,0.10317460317460317,0.1625,1.6191964285714286,0.08548707753479125,0.26875,1.3416128230616302
supervised,spatial_5fold_repeated,AHCensus_Basemap,lda_shrink,all14,1,2511,160,2351,0.06371963361210672,0.07296652051177537,0.009246886899668641,0.537914717141642,0.038461538461538464,0.00625,0.6036057692307694,0.0873015873015873,0.06875,1.3700892857142857,0.07539682539682539,0.11875,1.1832589285714286,0.0775347912524851,0.24375,1.216811630218688
supervised,spatial_5fold_repeated,AHCensus_Basemap,gaussian_nb,all14,1,2511,160,2351,0.06371963361210672,0.07695407880968451,0.013234445197577785,0.5540780518928117,0.038461538461538464,0.00625,0.6036057692307694,0.07936507936507936,0.0625,1.2455357142857144,0.09523809523809523,0.15,1.4946428571428572,0.07554671968190854,0.2375,1.1856113320079522
supervised,spatial_5fold_repeated,AHCensus_Basemap,rf_balanced,all14,1,2511,160,2351,0.06371963361210672,0.07234594057154364,0.008626306959436919,0.5229184389621437,0.11538461538461539,0.01875,1.810817307692308,0.10317460317460317,0.08125,1.6191964285714286,0.07539682539682539,0.11875,1.1832589285714286,0.073558648111332,0.23125,1.1544110337972167
supervised,spatial_5fold_repeated,AHCensus_Basemap,extratrees_balanced,all14,1,2511,160,2351,0.06371963361210672,0.0704667589877518,0.006747125375645077,0.5195382284134411,0.11538461538461539,0.01875,1.810817307692308,0.06349206349206349,0.05,0.9964285714285714,0.05555555555555555,0.0875,0.8718750000000001,0.06759443339960239,0.2125,1.06081013916501
supervised,spatial_5fold_repeated,AHCensus_Basemap,hist_gbdt_balanced,all14,1,2511,160,2351,0.06371963361210672,0.07639577606802675,0.012676142455920025,0.5335575287111867,0.11538461538461539,0.01875,1.810817307692308,0.09523809523809523,0.075,1.4946428571428572,0.0873015873015873,0.1375,1.3700892857142857,0.07952286282306163,0.25,1.2480119284294235
supervised,spatial_5fold_repeated,AHCensus_Basemap,xgboost_balanced,all14,1,2511,160,2351,0.06371963361210672,0.0695578301382506,0.005838196526143882,0.498061994895789,0.11538461538461539,0.01875,1.810817307692308,0.07936507936507936,0.0625,1.2455357142857144,0.07142857142857142,0.1125,1.120982142857143,0.07157057654075547,0.225,1.123210735586481
supervised,spatial_5fold_repeated,AHCensus_Basemap,mlp_64_16,all14,1,2511,160,2351,0.06371963361210672,0.059700270012816414,-0.00401936359929031,0.4663653764355593,0.038461538461538464,0.00625,0.6036057692307694,0.047619047619047616,0.0375,0.7473214285714286,0.05555555555555555,0.0875,0.8718750000000001,0.061630218687872766,0.19375,0.9672092445328033
supervised,spatial_5fold_repeated,AHCensus_Basemap,logreg_l2,all14,2,2511,160,2351,0.06371963361210672,0.07346613866086352,0.009746505048756793,0.5393103998298597,0.07692307692307693,0.0125,1.2072115384615387,0.0873015873015873,0.06875,1.3700892857142857,0.06746031746031746,0.10625,1.0587053571428573,0.073558648111332,0.23125,1.1544110337972167
supervised,spatial_5fold_repeated,AHCensus_Basemap,logreg_l1,all14,2,2511,160,2351,0.06371963361210672,0.07378855151784017,0.010068917905733443,0.5299925563589962,0.038461538461538464,0.00625,0.6036057692307694,0.1111111111111111,0.0875,1.7437500000000001,0.08333333333333333,0.13125,1.3078125,0.07554671968190854,0.2375,1.1856113320079522
supervised,spatial_5fold_repeated,AHCensus_Basemap,svm_rbf,all14,2,2511,160,2351,0.06371963361210672,0.06795347505905933,0.004233841446952602,0.5157459591663123,0.07692307692307693,0.0125,1.2072115384615387,0.07936507936507936,0.0625,1.2455357142857144,0.06349206349206349,0.1,0.9964285714285714,0.061630218687872766,0.19375,0.9672092445328033
supervised,spatial_5fold_repeated,AHCensus_Basemap,knn_25,all14,2,2511,160,2351,0.06371963361210672,0.0910610842238976,0.02734145061179087,0.5443986601446192,0.15384615384615385,0.025,2.4144230769230774,0.1111111111111111,0.0875,1.7437500000000001,0.10317460317460317,0.1625,1.6191964285714286,0.08548707753479125,0.26875,1.3416128230616302
supervised,spatial_5fold_repeated,AHCensus_Basemap,lda_shrink,all14,2,2511,160,2351,0.06371963361210672,0.07296652051177537,0.009246886899668641,0.537914717141642,0.038461538461538464,0.00625,0.6036057692307694,0.0873015873015873,0.06875,1.3700892857142857,0.07539682539682539,0.11875,1.1832589285714286,0.0775347912524851,0.24375,1.216811630218688
supervised,spatial_5fold_repeated,AHCensus_Basemap,gaussian_nb,all14,2,2511,160,2351,0.06371963361210672,0.07695407880968451,0.013234445197577785,0.5540780518928117,0.038461538461538464,0.00625,0.6036057692307694,0.07936507936507936,0.0625,1.2455357142857144,0.09523809523809523,0.15,1.4946428571428572,0.07554671968190854,0.2375,1.1856113320079522
supervised,spatial_5fold_repeated,AHCensus_Basemap,rf_balanced,all14,2,2511,160,2351,0.06371963361210672,0.07301067577982662,0.009291042167719893,0.5269885155253083,0.07692307692307693,0.0125,1.2072115384615387,0.07936507936507936,0.0625,1.2455357142857144,0.06349206349206349,0.1,0.9964285714285714,0.073558648111332,0.23125,1.1544110337972167
supervised,spatial_5fold_repeated,AHCensus_Basemap,extratrees_balanced,all14,2,2511,160,2351,0.06371963361210672,0.071987481323011,0.008267847710904275,0.5184921310080817,0.15384615384615385,0.025,2.4144230769230774,0.06349206349206349,0.05,0.9964285714285714,0.07142857142857142,0.1125,1.120982142857143,0.0636182902584493,0.2,0.9984095427435388
supervised,spatial_5fold_repeated,AHCensus_Basemap,hist_gbdt_balanced,all14,2,2511,160,2351,0.06371963361210672,0.08552165107664159,0.021802017464534862,0.5298383666524883,0.23076923076923078,0.0375,3.621634615384616,0.11904761904761904,0.09375,1.8683035714285714,0.11507936507936507,0.18125,1.8060267857142858,0.07952286282306163,0.25,1.2480119284294235
supervised,spatial_5fold_repeated,AHCensus_Basemap,xgboost_balanced,all14,2,2511,160,2351,0.06371963361210672,0.06721666886630275,0.003497035254196021,0.49867875372182047,0.07692307692307693,0.0125,1.2072115384615387,0.0873015873015873,0.06875,1.3700892857142857,0.07539682539682539,0.11875,1.1832589285714286,0.07157057654075547,0.225,1.123210735586481
supervised,spatial_5fold_repeated,AHCensus_Basemap,mlp_64_16,all14,2,2511,160,2351,0.06371963361210672,0.07070186633425597,0.006982232722149248,0.5052344746916206,0.0,0.0,0.0,0.10317460317460317,0.08125,1.6191964285714286,0.0873015873015873,0.1375,1.3700892857142857,0.073558648111332,0.23125,1.1544110337972167
supervised,spatial_5fold_repeated,AHCensus_Basemap,logreg_l2,raw4,0,2511,160,2351,0.06371963361210672,0.08461744472859127,0.020897811116484546,0.563180561463207,0.15384615384615385,0.025,2.4144230769230774,0.1111111111111111,0.0875,1.7437500000000001,0.10317460317460317,0.1625,1.6191964285714286,0.08151093439363817,0.25625,1.279212226640159
supervised,spatial_5fold_repeated,AHCensus_Basemap,xgboost_balanced,raw4,0,2511,160,2351,0.06371963361210672,0.06692031827877652,0.003200684666669798,0.511673224159932,0.0,0.0,0.0,0.06349206349206349,0.05,0.9964285714285714,0.07539682539682539,0.11875,1.1832589285714286,0.073558648111332,0.23125,1.1544110337972167
supervised,spatial_5fold_repeated,AHCensus_Basemap,logreg_l2,raw4,1,2511,160,2351,0.06371963361210672,0.08461744472859127,0.020897811116484546,0.563180561463207,0.15384615384615385,0.025,2.4144230769230774,0.1111111111111111,0.0875,1.7437500000000001,0.10317460317460317,0.1625,1.6191964285714286,0.08151093439363817,0.25625,1.279212226640159
supervised,spatial_5fold_repeated,AHCensus_Basemap,xgboost_balanced,raw4,1,2511,160,2351,0.06371963361210672,0.06794882976979943,0.004229196157692711,0.5131406848149723,0.038461538461538464,0.00625,0.6036057692307694,0.06349206349206349,0.05,0.9964285714285714,0.07142857142857142,0.1125,1.120982142857143,0.073558648111332,0.23125,1.1544110337972167
supervised,spatial_5fold_repeated,AHCensus_Basemap,logreg_l2,raw4,2,2511,160,2351,0.06371963361210672,0.08461744472859127,0.020897811116484546,0.563180561463207,0.15384615384615385,0.025,2.4144230769230774,0.1111111111111111,0.0875,1.7437500000000001,0.10317460317460317,0.1625,1.6191964285714286,0.08151093439363817,0.25625,1.279212226640159
supervised,spatial_5fold_repeated,AHCensus_Basemap,xgboost_balanced,raw4,2,2511,160,2351,0.06371963361210672,0.06705579629429466,0.0033361626821879348,0.5050683219906423,0.07692307692307693,0.0125,1.2072115384615387,0.07142857142857142,0.05625,1.120982142857143,0.07142857142857142,0.1125,1.120982142857143,0.06958250497017893,0.21875,1.0920104373757455
supervised,spatial_5fold_repeated,AHCensus_Basemap,logreg_l2,existing_indices,0,2511,160,2351,0.06371963361210672,0.05506526067248545,-0.008654372939621277,0.4401850276478094,0.0,0.0,0.0,0.047619047619047616,0.0375,0.7473214285714286,0.04365079365079365,0.06875,0.6850446428571428,0.05168986083499006,0.1625,0.8112077534791253
supervised,spatial_5fold_repeated,AHCensus_Basemap,xgboost_balanced,existing_indices,0,2511,160,2351,0.06371963361210672,0.06402746141264411,0.000307827800537383,0.45799526797107615,0.038461538461538464,0.00625,0.6036057692307694,0.09523809523809523,0.075,1.4946428571428572,0.09126984126984126,0.14375,1.4323660714285715,0.061630218687872766,0.19375,0.9672092445328033
supervised,spatial_5fold_repeated,AHCensus_Basemap,logreg_l2,existing_indices,1,2511,160,2351,0.06371963361210672,0.05506526067248545,-0.008654372939621277,0.4401850276478094,0.0,0.0,0.0,0.047619047619047616,0.0375,0.7473214285714286,0.04365079365079365,0.06875,0.6850446428571428,0.05168986083499006,0.1625,0.8112077534791253
supervised,spatial_5fold_repeated,AHCensus_Basemap,xgboost_balanced,existing_indices,1,2511,160,2351,0.06371963361210672,0.06611129002561492,0.002391656413508192,0.46826084644831983,0.07692307692307693,0.0125,1.2072115384615387,0.09523809523809523,0.075,1.4946428571428572,0.09126984126984126,0.14375,1.4323660714285715,0.06759443339960239,0.2125,1.06081013916501
supervised,spatial_5fold_repeated,AHCensus_Basemap,logreg_l2,existing_indices,2,2511,160,2351,0.06371963361210672,0.05506526067248545,-0.008654372939621277,0.4401850276478094,0.0,0.0,0.0,0.047619047619047616,0.0375,0.7473214285714286,0.04365079365079365,0.06875,0.6850446428571428,0.05168986083499006,0.1625,0.8112077534791253
supervised,spatial_5fold_repeated,AHCensus_Basemap,xgboost_balanced,existing_indices,2,2511,160,2351,0.06371963361210672,0.06496040735855049,0.0012407737464437685,0.46209458740961296,0.0,0.0,0.0,0.09523809523809523,0.075,1.4946428571428572,0.08333333333333333,0.13125,1.3078125,0.07157057654075547,0.225,1.123210735586481
supervised,spatial_5fold_repeated,AHCensus_Basemap,logreg_l2,extended_indices,0,2511,160,2351,0.06371963361210672,0.0821766066287512,0.01845697301664448,0.5657459591663121,0.11538461538461539,0.01875,1.810817307692308,0.12698412698412698,0.1,1.9928571428571429,0.08333333333333333,0.13125,1.3078125,0.0775347912524851,0.24375,1.216811630218688
supervised,spatial_5fold_repeated,AHCensus_Basemap,xgboost_balanced,extended_indices,0,2511,160,2351,0.06371963361210672,0.06767253618027376,0.0039529025681670354,0.5142891322841344,0.038461538461538464,0.00625,0.6036057692307694,0.06349206349206349,0.05,0.9964285714285714,0.05952380952380952,0.09375,0.9341517857142857,0.07157057654075547,0.225,1.123210735586481
supervised,spatial_5fold_repeated,AHCensus_Basemap,logreg_l2,extended_indices,1,2511,160,2351,0.06371963361210672,0.0821766066287512,0.01845697301664448,0.5657459591663121,0.11538461538461539,0.01875,1.810817307692308,0.12698412698412698,0.1,1.9928571428571429,0.08333333333333333,0.13125,1.3078125,0.0775347912524851,0.24375,1.216811630218688
supervised,spatial_5fold_repeated,AHCensus_Basemap,xgboost_balanced,extended_indices,1,2511,160,2351,0.06371963361210672,0.0666396207182892,0.0029199871061824784,0.5133799447043811,0.038461538461538464,0.00625,0.6036057692307694,0.05555555555555555,0.04375,0.8718750000000001,0.051587301587301584,0.08125,0.8095982142857143,0.073558648111332,0.23125,1.1544110337972167
supervised,spatial_5fold_repeated,AHCensus_Basemap,logreg_l2,extended_indices,2,2511,160,2351,0.06371963361210672,0.0821766066287512,0.01845697301664448,0.5657459591663121,0.11538461538461539,0.01875,1.810817307692308,0.12698412698412698,0.1,1.9928571428571429,0.08333333333333333,0.13125,1.3078125,0.0775347912524851,0.24375,1.216811630218688
supervised,spatial_5fold_repeated,AHCensus_Basemap,xgboost_balanced,extended_indices,2,2511,160,2351,0.06371963361210672,0.06819345119213743,0.004473817580030709,0.5058618672905146,0.038461538461538464,0.00625,0.6036057692307694,0.06349206349206349,0.05,0.9964285714285714,0.06349206349206349,0.1,0.9964285714285714,0.07554671968190854,0.2375,1.1856113320079522
supervised,spatial_5fold_repeated,AHCensus_Basemap,logreg_l2,all14_plus_ext,0,2511,160,2351,0.06371963361210672,0.07206039118591775,0.00834075757381103,0.5346820501914079,0.07692307692307693,0.0125,1.2072115384615387,0.0873015873015873,0.06875,1.3700892857142857,0.07142857142857142,0.1125,1.120982142857143,0.073558648111332,0.23125,1.1544110337972167
supervised,spatial_5fold_repeated,AHCensus_Basemap,xgboost_balanced,all14_plus_ext,0,2511,160,2351,0.06371963361210672,0.06830024991949699,0.004580616307390262,0.5157273500638027,0.038461538461538464,0.00625,0.6036057692307694,0.07142857142857142,0.05625,1.120982142857143,0.07142857142857142,0.1125,1.120982142857143,0.073558648111332,0.23125,1.1544110337972167
supervised,spatial_5fold_repeated,AHCensus_Basemap,logreg_l2,all14_plus_ext,1,2511,160,2351,0.06371963361210672,0.07206039118591775,0.00834075757381103,0.5346820501914079,0.07692307692307693,0.0125,1.2072115384615387,0.0873015873015873,0.06875,1.3700892857142857,0.07142857142857142,0.1125,1.120982142857143,0.073558648111332,0.23125,1.1544110337972167
supervised,spatial_5fold_repeated,AHCensus_Basemap,xgboost_balanced,all14_plus_ext,1,2511,160,2351,0.06371963361210672,0.07035633686959791,0.006636703257491189,0.5176361122926414,0.07692307692307693,0.0125,1.2072115384615387,0.05555555555555555,0.04375,0.8718750000000001,0.06746031746031746,0.10625,1.0587053571428573,0.07157057654075547,0.225,1.123210735586481
supervised,spatial_5fold_repeated,AHCensus_Basemap,logreg_l2,all14_plus_ext,2,2511,160,2351,0.06371963361210672,0.07206039118591775,0.00834075757381103,0.5346820501914079,0.07692307692307693,0.0125,1.2072115384615387,0.0873015873015873,0.06875,1.3700892857142857,0.07142857142857142,0.1125,1.120982142857143,0.073558648111332,0.23125,1.1544110337972167
supervised,spatial_5fold_repeated,AHCensus_Basemap,xgboost_balanced,all14_plus_ext,2,2511,160,2351,0.06371963361210672,0.07061497387097371,0.006895340258866983,0.5199542747766908,0.038461538461538464,0.00625,0.6036057692307694,0.06349206349206349,0.05,0.9964285714285714,0.07539682539682539,0.11875,1.1832589285714286,0.07554671968190854,0.2375,1.1856113320079522
supervised,spatial_5fold_repeated,AHCensus_Basemap,logreg_l2,log_raw4,0,2511,160,2351,0.06371963361210672,0.09177470782176003,0.028055074209653308,0.5686516376010209,0.19230769230769232,0.03125,3.0180288461538467,0.12698412698412698,0.1,1.9928571428571429,0.10714285714285714,0.16875,1.6814732142857143,0.0775347912524851,0.24375,1.216811630218688
supervised,spatial_5fold_repeated,AHCensus_Basemap,xgboost_balanced,log_raw4,0,2511,160,2351,0.06371963361210672,0.06692031827877652,0.003200684666669798,0.511673224159932,0.0,0.0,0.0,0.06349206349206349,0.05,0.9964285714285714,0.07539682539682539,0.11875,1.1832589285714286,0.073558648111332,0.23125,1.1544110337972167
supervised,spatial_5fold_repeated,AHCensus_Basemap,logreg_l2,log_raw4,1,2511,160,2351,0.06371963361210672,0.09177470782176003,0.028055074209653308,0.5686516376010209,0.19230769230769232,0.03125,3.0180288461538467,0.12698412698412698,0.1,1.9928571428571429,0.10714285714285714,0.16875,1.6814732142857143,0.0775347912524851,0.24375,1.216811630218688
supervised,spatial_5fold_repeated,AHCensus_Basemap,xgboost_balanced,log_raw4,1,2511,160,2351,0.06371963361210672,0.06794882976979943,0.004229196157692711,0.5131406848149723,0.038461538461538464,0.00625,0.6036057692307694,0.06349206349206349,0.05,0.9964285714285714,0.07142857142857142,0.1125,1.120982142857143,0.073558648111332,0.23125,1.1544110337972167
supervised,spatial_5fold_repeated,AHCensus_Basemap,logreg_l2,log_raw4,2,2511,160,2351,0.06371963361210672,0.09177470782176003,0.028055074209653308,0.5686516376010209,0.19230769230769232,0.03125,3.0180288461538467,0.12698412698412698,0.1,1.9928571428571429,0.10714285714285714,0.16875,1.6814732142857143,0.0775347912524851,0.24375,1.216811630218688
supervised,spatial_5fold_repeated,AHCensus_Basemap,xgboost_balanced,log_raw4,2,2511,160,2351,0.06371963361210672,0.06705579629429466,0.0033361626821879348,0.5050683219906423,0.07692307692307693,0.0125,1.2072115384615387,0.07142857142857142,0.05625,1.120982142857143,0.07142857142857142,0.1125,1.120982142857143,0.06958250497017893,0.21875,1.0920104373757455
supervised,spatial_5fold_repeated,AHCensus_Basemap,logreg_l2,local14,0,2511,160,2351,0.06371963361210672,0.06132362508551209,-0.002396008526594634,0.4928009357720119,0.038461538461538464,0.00625,0.6036057692307694,0.031746031746031744,0.025,0.4982142857142857,0.047619047619047616,0.075,0.7473214285714286,0.05765407554671968,0.18125,0.9048086481113321
supervised,spatial_5fold_repeated,AHCensus_Basemap,xgboost_balanced,local14,0,2511,160,2351,0.06371963361210672,0.06806086688257353,0.004341233270466802,0.5285118034878775,0.0,0.0,0.0,0.06349206349206349,0.05,0.9964285714285714,0.07142857142857142,0.1125,1.120982142857143,0.06958250497017893,0.21875,1.0920104373757455
supervised,spatial_5fold_repeated,AHCensus_Basemap,rf_balanced,local14,0,2511,160,2351,0.06371963361210672,0.07491635974970076,0.011196726137594037,0.5318481497235219,0.11538461538461539,0.01875,1.810817307692308,0.07142857142857142,0.05625,1.120982142857143,0.09523809523809523,0.15,1.4946428571428572,0.08349900596421471,0.2625,1.3104125248508947
supervised,spatial_5fold_repeated,AHCensus_Basemap,logreg_l2,local14,1,2511,160,2351,0.06371963361210672,0.06132362508551209,-0.002396008526594634,0.4928009357720119,0.038461538461538464,0.00625,0.6036057692307694,0.031746031746031744,0.025,0.4982142857142857,0.047619047619047616,0.075,0.7473214285714286,0.05765407554671968,0.18125,0.9048086481113321
supervised,spatial_5fold_repeated,AHCensus_Basemap,xgboost_balanced,local14,1,2511,160,2351,0.06371963361210672,0.06920786808422169,0.005488234472114967,0.5367317099106763,0.038461538461538464,0.00625,0.6036057692307694,0.07142857142857142,0.05625,1.120982142857143,0.06746031746031746,0.10625,1.0587053571428573,0.07554671968190854,0.2375,1.1856113320079522
supervised,spatial_5fold_repeated,AHCensus_Basemap,rf_balanced,local14,1,2511,160,2351,0.06371963361210672,0.07540704686049618,0.011687413248389456,0.5406608889834114,0.07692307692307693,0.0125,1.2072115384615387,0.07142857142857142,0.05625,1.120982142857143,0.09126984126984126,0.14375,1.4323660714285715,0.0874751491053678,0.275,1.372813121272366
supervised,spatial_5fold_repeated,AHCensus_Basemap,logreg_l2,local14,2,2511,160,2351,0.06371963361210672,0.06132362508551209,-0.002396008526594634,0.4928009357720119,0.038461538461538464,0.00625,0.6036057692307694,0.031746031746031744,0.025,0.4982142857142857,0.047619047619047616,0.075,0.7473214285714286,0.05765407554671968,0.18125,0.9048086481113321
supervised,spatial_5fold_repeated,AHCensus_Basemap,xgboost_balanced,local14,2,2511,160,2351,0.06371963361210672,0.06845079160520143,0.004731157993094703,0.535370586984262,0.0,0.0,0.0,0.07142857142857142,0.05625,1.120982142857143,0.05555555555555555,0.0875,0.8718750000000001,0.073558648111332,0.23125,1.1544110337972167
supervised,spatial_5fold_repeated,AHCensus_Basemap,rf_balanced,local14,2,2511,160,2351,0.06371963361210672,0.074008257722884,0.010288624110777272,0.5369390684814972,0.038461538461538464,0.00625,0.6036057692307694,0.06349206349206349,0.05,0.9964285714285714,0.08333333333333333,0.13125,1.3078125,0.09542743538767395,0.3,1.4976143141153082
supervised,spatial_5fold_repeated,AHCensus_Basemap,logreg_l2,all14_plus_local,0,2511,160,2351,0.06371963361210672,0.06709106459345442,0.0033714309813476923,0.5081401531263292,0.038461538461538464,0.00625,0.6036057692307694,0.07936507936507936,0.0625,1.2455357142857144,0.07142857142857142,0.1125,1.120982142857143,0.0636182902584493,0.2,0.9984095427435388
supervised,spatial_5fold_repeated,AHCensus_Basemap,xgboost_balanced,all14_plus_local,0,2511,160,2351,0.06371963361210672,0.0728964277662072,0.00917679415410047,0.5152780731603572,0.038461538461538464,0.00625,0.6036057692307694,0.1111111111111111,0.0875,1.7437500000000001,0.09523809523809523,0.15,1.4946428571428572,0.07157057654075547,0.225,1.123210735586481
supervised,spatial_5fold_repeated,AHCensus_Basemap,rf_balanced,all14_plus_local,0,2511,160,2351,0.06371963361210672,0.08177490312341551,0.018055269511308786,0.5338419821352616,0.15384615384615385,0.025,2.4144230769230774,0.09523809523809523,0.075,1.4946428571428572,0.06746031746031746,0.10625,1.0587053571428573,0.08349900596421471,0.2625,1.3104125248508947
supervised,spatial_5fold_repeated,AHCensus_Basemap,logreg_l2,all14_plus_local,1,2511,160,2351,0.06371963361210672,0.06709106459345442,0.0033714309813476923,0.5081401531263292,0.038461538461538464,0.00625,0.6036057692307694,0.07936507936507936,0.0625,1.2455357142857144,0.07142857142857142,0.1125,1.120982142857143,0.0636182902584493,0.2,0.9984095427435388
supervised,spatial_5fold_repeated,AHCensus_Basemap,xgboost_balanced,all14_plus_local,1,2511,160,2351,0.06371963361210672,0.0720313336705016,0.008311700058394877,0.5073984474691621,0.07692307692307693,0.0125,1.2072115384615387,0.0873015873015873,0.06875,1.3700892857142857,0.09523809523809523,0.15,1.4946428571428572,0.073558648111332,0.23125,1.1544110337972167
supervised,spatial_5fold_repeated,AHCensus_Basemap,rf_balanced,all14_plus_local,1,2511,160,2351,0.06371963361210672,0.07900500647786474,0.015285372865758012,0.5265804444917057,0.07692307692307693,0.0125,1.2072115384615387,0.07142857142857142,0.05625,1.120982142857143,0.08333333333333333,0.13125,1.3078125,0.08548707753479125,0.26875,1.3416128230616302
supervised,spatial_5fold_repeated,AHCensus_Basemap,logreg_l2,all14_plus_local,2,2511,160,2351,0.06371963361210672,0.06709106459345442,0.0033714309813476923,0.5081401531263292,0.038461538461538464,0.00625,0.6036057692307694,0.07936507936507936,0.0625,1.2455357142857144,0.07142857142857142,0.1125,1.120982142857143,0.0636182902584493,0.2,0.9984095427435388
supervised,spatial_5fold_repeated,AHCensus_Basemap,xgboost_balanced,all14_plus_local,2,2511,160,2351,0.06371963361210672,0.07485276205982083,0.011133128447714108,0.515272756273926,0.038461538461538464,0.00625,0.6036057692307694,0.12698412698412698,0.1,1.9928571428571429,0.10714285714285714,0.16875,1.6814732142857143,0.08151093439363817,0.25625,1.279212226640159
supervised,spatial_5fold_repeated,AHCensus_Basemap,rf_balanced,all14_plus_local,2,2511,160,2351,0.06371963361210672,0.08090832138190207,0.017188687769795347,0.532429019566142,0.07692307692307693,0.0125,1.2072115384615387,0.07936507936507936,0.0625,1.2455357142857144,0.07539682539682539,0.11875,1.1832589285714286,0.08151093439363817,0.25625,1.279212226640159
supervised,spatial_5fold_repeated,AHCensus_Basemap,logreg_l2,raw4_plus_local,0,2511,160,2351,0.06371963361210672,0.08884277713045449,0.025123143518347768,0.5722937048064654,0.19230769230769232,0.03125,3.0180288461538467,0.15079365079365079,0.11875,2.366517857142857,0.08333333333333333,0.13125,1.3078125,0.08151093439363817,0.25625,1.279212226640159
supervised,spatial_5fold_repeated,AHCensus_Basemap,xgboost_balanced,raw4_plus_local,0,2511,160,2351,0.06371963361210672,0.0711015649882566,0.0073819313761498695,0.5263212462781794,0.038461538461538464,0.00625,0.6036057692307694,0.06349206349206349,0.05,0.9964285714285714,0.09126984126984126,0.14375,1.4323660714285715,0.08151093439363817,0.25625,1.279212226640159
supervised,spatial_5fold_repeated,AHCensus_Basemap,rf_balanced,raw4_plus_local,0,2511,160,2351,0.06371963361210672,0.08069200462594595,0.01697237101383922,0.552060293492131,0.15384615384615385,0.025,2.4144230769230774,0.09523809523809523,0.075,1.4946428571428572,0.07539682539682539,0.11875,1.1832589285714286,0.07554671968190854,0.2375,1.1856113320079522
supervised,spatial_5fold_repeated,AHCensus_Basemap,logreg_l2,raw4_plus_local,1,2511,160,2351,0.06371963361210672,0.08884277713045449,0.025123143518347768,0.5722937048064654,0.19230769230769232,0.03125,3.0180288461538467,0.15079365079365079,0.11875,2.366517857142857,0.08333333333333333,0.13125,1.3078125,0.08151093439363817,0.25625,1.279212226640159
supervised,spatial_5fold_repeated,AHCensus_Basemap,xgboost_balanced,raw4_plus_local,1,2511,160,2351,0.06371963361210672,0.07023145772507329,0.006511824112966566,0.5188669715014886,0.0,0.0,0.0,0.09523809523809523,0.075,1.4946428571428572,0.09126984126984126,0.14375,1.4323660714285715,0.06759443339960239,0.2125,1.06081013916501
supervised,spatial_5fold_repeated,AHCensus_Basemap,rf_balanced,raw4_plus_local,1,2511,160,2351,0.06371963361210672,0.08389331667474154,0.020173683062634812,0.5460123351765206,0.19230769230769232,0.03125,3.0180288461538467,0.10317460317460317,0.08125,1.6191964285714286,0.07936507936507936,0.125,1.2455357142857144,0.0775347912524851,0.24375,1.216811630218688
supervised,spatial_5fold_repeated,AHCensus_Basemap,logreg_l2,raw4_plus_local,2,2511,160,2351,0.06371963361210672,0.08884277713045449,0.025123143518347768,0.5722937048064654,0.19230769230769232,0.03125,3.0180288461538467,0.15079365079365079,0.11875,2.366517857142857,0.08333333333333333,0.13125,1.3078125,0.08151093439363817,0.25625,1.279212226640159
supervised,spatial_5fold_repeated,AHCensus_Basemap,xgboost_balanced,raw4_plus_local,2,2511,160,2351,0.06371963361210672,0.0699318197644343,0.006212186152327576,0.5117689281156954,0.038461538461538464,0.00625,0.6036057692307694,0.07936507936507936,0.0625,1.2455357142857144,0.0873015873015873,0.1375,1.3700892857142857,0.07554671968190854,0.2375,1.1856113320079522
supervised,spatial_5fold_repeated,AHCensus_Basemap,rf_balanced,raw4_plus_local,2,2511,160,2351,0.06371963361210672,0.07963120135760837,0.015911567745501648,0.5457225648660144,0.15384615384615385,0.025,2.4144230769230774,0.10317460317460317,0.08125,1.6191964285714286,0.07142857142857142,0.1125,1.120982142857143,0.07952286282306163,0.25,1.2480119284294235
supervised,spatial_5fold_repeated,AHCensus_Basemap,logreg_l2,raw4_plus_ext,0,2511,160,2351,0.06371963361210672,0.08253438060809816,0.018814746995991435,0.5731922586133561,0.07692307692307693,0.0125,1.2072115384615387,0.10317460317460317,0.08125,1.6191964285714286,0.09523809523809523,0.15,1.4946428571428572,0.07952286282306163,0.25,1.2480119284294235
supervised,spatial_5fold_repeated,AHCensus_Basemap,xgboost_balanced,raw4_plus_ext,0,2511,160,2351,0.06371963361210672,0.06777119397867085,0.004051560366564122,0.49734687367077834,0.11538461538461539,0.01875,1.810817307692308,0.07142857142857142,0.05625,1.120982142857143,0.07539682539682539,0.11875,1.1832589285714286,0.0636182902584493,0.2,0.9984095427435388
supervised,spatial_5fold_repeated,AHCensus_Basemap,logreg_l2,raw4_plus_ext,1,2511,160,2351,0.06371963361210672,0.08253438060809816,0.018814746995991435,0.5731922586133561,0.07692307692307693,0.0125,1.2072115384615387,0.10317460317460317,0.08125,1.6191964285714286,0.09523809523809523,0.15,1.4946428571428572,0.07952286282306163,0.25,1.2480119284294235
supervised,spatial_5fold_repeated,AHCensus_Basemap,xgboost_balanced,raw4_plus_ext,1,2511,160,2351,0.06371963361210672,0.066560637030505,0.002841003418398269,0.5012361760952786,0.038461538461538464,0.00625,0.6036057692307694,0.05555555555555555,0.04375,0.8718750000000001,0.07936507936507936,0.125,1.2455357142857144,0.06759443339960239,0.2125,1.06081013916501
supervised,spatial_5fold_repeated,AHCensus_Basemap,logreg_l2,raw4_plus_ext,2,2511,160,2351,0.06371963361210672,0.08253438060809816,0.018814746995991435,0.5731922586133561,0.07692307692307693,0.0125,1.2072115384615387,0.10317460317460317,0.08125,1.6191964285714286,0.09523809523809523,0.15,1.4946428571428572,0.07952286282306163,0.25,1.2480119284294235
supervised,spatial_5fold_repeated,AHCensus_Basemap,xgboost_balanced,raw4_plus_ext,2,2511,160,2351,0.06371963361210672,0.06685279792625667,0.00313316431414995,0.49648553806890683,0.15384615384615385,0.025,2.4144230769230774,0.06349206349206349,0.05,0.9964285714285714,0.08333333333333333,0.13125,1.3078125,0.06560636182902585,0.20625,1.0296098409542744
supervised,spatial_5fold_repeated,AHCensus_Basemap,logreg_l2,coords_only,0,2511,160,2351,0.06371963361210672,0.10491616819528556,0.04119653458317883,0.6195953849425776,0.23076923076923078,0.0375,3.621634615384616,0.14285714285714285,0.1125,2.241964285714286,0.12698412698412698,0.2,1.9928571428571429,0.10536779324055666,0.33125,1.6536158051689862
supervised,spatial_5fold_repeated,AHCensus_Basemap,xgboost_balanced,coords_only,0,2511,160,2351,0.06371963361210672,0.06050455007498962,-0.0032150835371171013,0.4830032433007231,0.038461538461538464,0.00625,0.6036057692307694,0.03968253968253968,0.03125,0.6227678571428572,0.05952380952380952,0.09375,0.9341517857142857,0.05964214711729622,0.1875,0.9360089463220677
supervised,spatial_5fold_repeated,AHCensus_Basemap,logreg_l2,coords_only,1,2511,160,2351,0.06371963361210672,0.10491616819528556,0.04119653458317883,0.6195953849425776,0.23076923076923078,0.0375,3.621634615384616,0.14285714285714285,0.1125,2.241964285714286,0.12698412698412698,0.2,1.9928571428571429,0.10536779324055666,0.33125,1.6536158051689862
supervised,spatial_5fold_repeated,AHCensus_Basemap,xgboost_balanced,coords_only,1,2511,160,2351,0.06371963361210672,0.06018888019162462,-0.003530753420482105,0.48089642705231816,0.0,0.0,0.0,0.03968253968253968,0.03125,0.6227678571428572,0.06746031746031746,0.10625,1.0587053571428573,0.055666003976143144,0.175,0.8736083499005965
supervised,spatial_5fold_repeated,AHCensus_Basemap,logreg_l2,coords_only,2,2511,160,2351,0.06371963361210672,0.10491616819528556,0.04119653458317883,0.6195953849425776,0.23076923076923078,0.0375,3.621634615384616,0.14285714285714285,0.1125,2.241964285714286,0.12698412698412698,0.2,1.9928571428571429,0.10536779324055666,0.33125,1.6536158051689862
supervised,spatial_5fold_repeated,AHCensus_Basemap,xgboost_balanced,coords_only,2,2511,160,2351,0.06371963361210672,0.06053187249731266,-0.0031877611147940674,0.4799699595916631,0.038461538461538464,0.00625,0.6036057692307694,0.047619047619047616,0.0375,0.7473214285714286,0.06349206349206349,0.1,0.9964285714285714,0.05168986083499006,0.1625,0.8112077534791253
supervised,spatial_5fold_repeated,Palong_Basemap,logreg_l2,all14,0,2171,200,1971,0.09212344541685859,0.1028431936054699,0.010719748188611308,0.5529477422628107,0.09090909090909091,0.01,0.9868181818181819,0.08256880733944955,0.045,0.8962844036697248,0.10550458715596331,0.115,1.1452522935779819,0.10114942528735632,0.22,1.0979770114942529
supervised,spatial_5fold_repeated,Palong_Basemap,logreg_l1,all14,0,2171,200,1971,0.09212344541685859,0.10271993758525905,0.01059649216840046,0.5395585996955861,0.13636363636363635,0.015,1.4802272727272727,0.12844036697247707,0.07,1.3942201834862387,0.10091743119266056,0.11,1.0954587155963305,0.09655172413793103,0.21,1.0480689655172415
supervised,spatial_5fold_repeated,Palong_Basemap,svm_rbf,all14,0,2171,200,1971,0.09212344541685859,0.09695205668283832,0.004828611265979735,0.5296626078132927,0.09090909090909091,0.01,0.9868181818181819,0.08256880733944955,0.045,0.8962844036697248,0.0779816513761468,0.085,0.8464908256880734,0.07816091954022988,0.17,0.8484367816091954
supervised,spatial_5fold_repeated,Palong_Basemap,knn_25,all14,0,2171,200,1971,0.09212344541685859,0.0872703220817107,-0.0048531233351478825,0.47800355149670226,0.09090909090909091,0.01,0.9868181818181819,0.06422018348623854,0.035,0.6971100917431193,0.07339449541284404,0.08,0.7966972477064221,0.08045977011494253,0.175,0.8733908045977011
supervised,spatial_5fold_repeated,Palong_Basemap,lda_shrink,all14,0,2171,200,1971,0.09212344541685859,0.08162897635680588,-0.010494469060052705,0.4622780314561137,0.045454545454545456,0.005,0.49340909090909096,0.06422018348623854,0.035,0.6971100917431193,0.05963302752293578,0.065,0.6473165137614679,0.07586206896551724,0.165,0.8234827586206896
supervised,spatial_5fold_repeated,Palong_Basemap,gaussian_nb,all14,0,2171,200,1971,0.09212344541685859,0.09652108251445717,0.004397637097598578,0.5372019279553526,0.0,0.0,0.0,0.045871559633027525,0.025,0.4979357798165138,0.0963302752293578,0.105,1.045665137614679,0.10114942528735632,0.22,1.0979770114942529
supervised,spatial_5fold_repeated,Palong_Basemap,rf_balanced,all14,0,2171,200,1971,0.09212344541685859,0.08764921647432354,-0.004474228942535047,0.48527397260273974,0.0,0.0,0.0,0.09174311926605505,0.05,0.9958715596330276,0.08256880733944955,0.09,0.8962844036697248,0.07816091954022988,0.17,0.8484367816091954
supervised,spatial_5fold_repeated,Palong_Basemap,extratrees_balanced,all14,0,2171,200,1971,0.09212344541685859,0.0875509049020288,-0.00457254051482979,0.48327118214104514,0.045454545454545456,0.005,0.49340909090909096,0.09174311926605505,0.05,0.9958715596330276,0.07339449541284404,0.08,0.7966972477064221,0.08045977011494253,0.175,0.8733908045977011
supervised,spatial_5fold_repeated,Palong_Basemap,hist_gbdt_balanced,all14,0,2171,200,1971,0.09212344541685859,0.10286524097811162,0.010741795561253029,0.5050139523084729,0.13636363636363635,0.015,1.4802272727272727,0.10091743119266056,0.055,1.0954587155963305,0.10550458715596331,0.115,1.1452522935779819,0.10114942528735632,0.22,1.0979770114942529
supervised,spatial_5fold_repeated,Palong_Basemap,xgboost_balanced,all14,0,2171,200,1971,0.09212344541685859,0.09785534618745005,0.005731900770591464,0.5305454084221208,0.09090909090909091,0.01,0.9868181818181819,0.09174311926605505,0.05,0.9958715596330276,0.09174311926605505,0.1,0.9958715596330276,0.09195402298850575,0.2,0.9981609195402299
supervised,spatial_5fold_repeated,Palong_Basemap,mlp_64_16,all14,0,2171,200,1971,0.09212344541685859,0.10376341472122737,0.01163996930436878,0.5532267884322679,0.045454545454545456,0.005,0.49340909090909096,0.08256880733944955,0.045,0.8962844036697248,0.0963302752293578,0.105,1.045665137614679,0.1103448275862069,0.24,1.1977931034482758
supervised,spatial_5fold_repeated,Palong_Basemap,logreg_l2,all14,1,2171,200,1971,0.09212344541685859,0.1028431936054699,0.010719748188611308,0.5529477422628107,0.09090909090909091,0.01,0.9868181818181819,0.08256880733944955,0.045,0.8962844036697248,0.10550458715596331,0.115,1.1452522935779819,0.10114942528735632,0.22,1.0979770114942529
supervised,spatial_5fold_repeated,Palong_Basemap,logreg_l1,all14,1,2171,200,1971,0.09212344541685859,0.102717395818784,0.010593950401925414,0.5395509893455098,0.13636363636363635,0.015,1.4802272727272727,0.12844036697247707,0.07,1.3942201834862387,0.10091743119266056,0.11,1.0954587155963305,0.09655172413793103,0.21,1.0480689655172415
supervised,spatial_5fold_repeated,Palong_Basemap,svm_rbf,all14,1,2171,200,1971,0.09212344541685859,0.09695205668283832,0.004828611265979735,0.5296626078132927,0.09090909090909091,0.01,0.9868181818181819,0.08256880733944955,0.045,0.8962844036697248,0.0779816513761468,0.085,0.8464908256880734,0.07816091954022988,0.17,0.8484367816091954
supervised,spatial_5fold_repeated,Palong_Basemap,knn_25,all14,1,2171,200,1971,0.09212344541685859,0.0872703220817107,-0.0048531233351478825,0.47800355149670226,0.09090909090909091,0.01,0.9868181818181819,0.06422018348623854,0.035,0.6971100917431193,0.07339449541284404,0.08,0.7966972477064221,0.08045977011494253,0.175,0.8733908045977011
supervised,spatial_5fold_repeated,Palong_Basemap,lda_shrink,all14,1,2171,200,1971,0.09212344541685859,0.08162897635680588,-0.010494469060052705,0.4622780314561137,0.045454545454545456,0.005,0.49340909090909096,0.06422018348623854,0.035,0.6971100917431193,0.05963302752293578,0.065,0.6473165137614679,0.07586206896551724,0.165,0.8234827586206896
supervised,spatial_5fold_repeated,Palong_Basemap,gaussian_nb,all14,1,2171,200,1971,0.09212344541685859,0.09652108251445717,0.004397637097598578,0.5372019279553526,0.0,0.0,0.0,0.045871559633027525,0.025,0.4979357798165138,0.0963302752293578,0.105,1.045665137614679,0.10114942528735632,0.22,1.0979770114942529
supervised,spatial_5fold_repeated,Palong_Basemap,rf_balanced,all14,1,2171,200,1971,0.09212344541685859,0.08671807846368226,-0.005405366953176324,0.4831443429731101,0.0,0.0,0.0,0.08256880733944955,0.045,0.8962844036697248,0.08256880733944955,0.09,0.8962844036697248,0.08045977011494253,0.175,0.8733908045977011
supervised,spatial_5fold_repeated,Palong_Basemap,extratrees_balanced,all14,1,2171,200,1971,0.09212344541685859,0.08753576353131468,-0.004587681885543912,0.4833777270421106,0.09090909090909091,0.01,0.9868181818181819,0.07339449541284404,0.04,0.7966972477064221,0.0779816513761468,0.085,0.8464908256880734,0.08275862068965517,0.18,0.8983448275862069
supervised,spatial_5fold_repeated,Palong_Basemap,hist_gbdt_balanced,all14,1,2171,200,1971,0.09212344541685859,0.10298115984789737,0.010857714431038779,0.5364814814814814,0.09090909090909091,0.01,0.9868181818181819,0.13761467889908258,0.075,1.4938073394495415,0.11009174311926606,0.12,1.195045871559633,0.09655172413793103,0.21,1.0480689655172415
supervised,spatial_5fold_repeated,Palong_Basemap,xgboost_balanced,all14,1,2171,200,1971,0.09212344541685859,0.09653809398039484,0.004414648563536253,0.5240639269406393,0.09090909090909091,0.01,0.9868181818181819,0.08256880733944955,0.045,0.8962844036697248,0.10091743119266056,0.11,1.0954587155963305,0.09195402298850575,0.2,0.9981609195402299
supervised,spatial_5fold_repeated,Palong_Basemap,mlp_64_16,all14,1,2171,200,1971,0.09212344541685859,0.09808347630783465,0.005960030890976062,0.4941907661085743,0.045454545454545456,0.005,0.49340909090909096,0.12844036697247707,0.07,1.3942201834862387,0.12385321100917432,0.135,1.3444266055045873,0.09655172413793103,0.21,1.0480689655172415
supervised,spatial_5fold_repeated,Palong_Basemap,logreg_l2,all14,2,2171,200,1971,0.09212344541685859,0.1028431936054699,0.010719748188611308,0.5529477422628107,0.09090909090909091,0.01,0.9868181818181819,0.08256880733944955,0.045,0.8962844036697248,0.10550458715596331,0.115,1.1452522935779819,0.10114942528735632,0.22,1.0979770114942529
supervised,spatial_5fold_repeated,Palong_Basemap,logreg_l1,all14,2,2171,200,1971,0.09212344541685859,0.10271993500149429,0.010596489584635702,0.5395636732623033,0.13636363636363635,0.015,1.4802272727272727,0.12844036697247707,0.07,1.3942201834862387,0.10091743119266056,0.11,1.0954587155963305,0.09655172413793103,0.21,1.0480689655172415
supervised,spatial_5fold_repeated,Palong_Basemap,svm_rbf,all14,2,2171,200,1971,0.09212344541685859,0.09695205668283832,0.004828611265979735,0.5296626078132927,0.09090909090909091,0.01,0.9868181818181819,0.08256880733944955,0.045,0.8962844036697248,0.0779816513761468,0.085,0.8464908256880734,0.07816091954022988,0.17,0.8484367816091954
supervised,spatial_5fold_repeated,Palong_Basemap,knn_25,all14,2,2171,200,1971,0.09212344541685859,0.0872703220817107,-0.0048531233351478825,0.47800355149670226,0.09090909090909091,0.01,0.9868181818181819,0.06422018348623854,0.035,0.6971100917431193,0.07339449541284404,0.08,0.7966972477064221,0.08045977011494253,0.175,0.8733908045977011
supervised,spatial_5fold_repeated,Palong_Basemap,lda_shrink,all14,2,2171,200,1971,0.09212344541685859,0.08162897635680588,-0.010494469060052705,0.4622780314561137,0.045454545454545456,0.005,0.49340909090909096,0.06422018348623854,0.035,0.6971100917431193,0.05963302752293578,0.065,0.6473165137614679,0.07586206896551724,0.165,0.8234827586206896
supervised,spatial_5fold_repeated,Palong_Basemap,gaussian_nb,all14,2,2171,200,1971,0.09212344541685859,0.09652108251445717,0.004397637097598578,0.5372019279553526,0.0,0.0,0.0,0.045871559633027525,0.025,0.4979357798165138,0.0963302752293578,0.105,1.045665137614679,0.10114942528735632,0.22,1.0979770114942529
supervised,spatial_5fold_repeated,Palong_Basemap,rf_balanced,all14,2,2171,200,1971,0.09212344541685859,0.08749317007548998,-0.004630275341368603,0.4875545408422121,0.0,0.0,0.0,0.10091743119266056,0.055,1.0954587155963305,0.08256880733944955,0.09,0.8962844036697248,0.07586206896551724,0.165,0.8234827586206896
supervised,spatial_5fold_repeated,Palong_Basemap,extratrees_balanced,all14,2,2171,200,1971,0.09212344541685859,0.0862467209116056,-0.005876724505252992,0.479095636732623,0.0,0.0,0.0,0.06422018348623854,0.035,0.6971100917431193,0.06880733944954129,0.075,0.7469036697247707,0.08735632183908046,0.19,0.9482528735632184
supervised,spatial_5fold_repeated,Palong_Basemap,hist_gbdt_balanced,all14,2,2171,200,1971,0.09212344541685859,0.09990327040840762,0.007779824991549028,0.502177828513445,0.13636363636363635,0.015,1.4802272727272727,0.14678899082568808,0.08,1.5933944954128443,0.11009174311926606,0.12,1.195045871559633,0.10114942528735632,0.22,1.0979770114942529
supervised,spatial_5fold_repeated,Palong_Basemap,xgboost_balanced,all14,2,2171,200,1971,0.09212344541685859,0.09641082553057156,0.004287380113712977,0.5255657026889904,0.045454545454545456,0.005,0.49340909090909096,0.08256880733944955,0.045,0.8962844036697248,0.08256880733944955,0.09,0.8962844036697248,0.09195402298850575,0.2,0.9981609195402299
supervised,spatial_5fold_repeated,Palong_Basemap,mlp_64_16,all14,2,2171,200,1971,0.09212344541685859,0.08047329880196559,-0.011650146614892998,0.4477574835109082,0.045454545454545456,0.005,0.49340909090909096,0.03669724770642202,0.02,0.39834862385321107,0.0779816513761468,0.085,0.8464908256880734,0.06896551724137931,0.15,0.7486206896551725
supervised,spatial_5fold_repeated,Palong_Basemap,logreg_l2,raw4,0,2171,200,1971,0.09212344541685859,0.10581360416298274,0.013690158746124156,0.544435565702689,0.09090909090909091,0.01,0.9868181818181819,0.13761467889908258,0.075,1.4938073394495415,0.10091743119266056,0.11,1.0954587155963305,0.10344827586206896,0.225,1.1229310344827585
supervised,spatial_5fold_repeated,Palong_Basemap,xgboost_balanced,raw4,0,2171,200,1971,0.09212344541685859,0.08906294497359442,-0.003060500443264169,0.49499873160832064,0.045454545454545456,0.005,0.49340909090909096,0.01834862385321101,0.01,0.19917431192660554,0.06880733944954129,0.075,0.7469036697247707,0.09885057471264368,0.215,1.0730229885057472
supervised,spatial_5fold_repeated,Palong_Basemap,logreg_l2,raw4,1,2171,200,1971,0.09212344541685859,0.10581360416298274,0.013690158746124156,0.544435565702689,0.09090909090909091,0.01,0.9868181818181819,0.13761467889908258,0.075,1.4938073394495415,0.10091743119266056,0.11,1.0954587155963305,0.10344827586206896,0.225,1.1229310344827585
supervised,spatial_5fold_repeated,Palong_Basemap,xgboost_balanced,raw4,1,2171,200,1971,0.09212344541685859,0.08767621279819232,-0.004447232618666266,0.48742643328259766,0.045454545454545456,0.005,0.49340909090909096,0.045871559633027525,0.025,0.4979357798165138,0.07339449541284404,0.08,0.7966972477064221,0.07586206896551724,0.165,0.8234827586206896
supervised,spatial_5fold_repeated,Palong_Basemap,logreg_l2,raw4,2,2171,200,1971,0.09212344541685859,0.10581360416298274,0.013690158746124156,0.544435565702689,0.09090909090909091,0.01,0.9868181818181819,0.13761467889908258,0.075,1.4938073394495415,0.10091743119266056,0.11,1.0954587155963305,0.10344827586206896,0.225,1.1229310344827585
supervised,spatial_5fold_repeated,Palong_Basemap,xgboost_balanced,raw4,2,2171,200,1971,0.09212344541685859,0.08853520504115892,-0.0035882403756996722,0.48894596651445965,0.045454545454545456,0.005,0.49340909090909096,0.06422018348623854,0.035,0.6971100917431193,0.09174311926605505,0.1,0.9958715596330276,0.08505747126436781,0.185,0.9232988505747126
supervised,spatial_5fold_repeated,Palong_Basemap,logreg_l2,existing_indices,0,2171,200,1971,0.09212344541685859,0.10444227203423431,0.012318826617375725,0.5527942668696093,0.045454545454545456,0.005,0.49340909090909096,0.10091743119266056,0.055,1.0954587155963305,0.10550458715596331,0.115,1.1452522935779819,0.09885057471264368,0.215,1.0730229885057472
supervised,spatial_5fold_repeated,Palong_Basemap,xgboost_balanced,existing_indices,0,2171,200,1971,0.09212344541685859,0.09267912437900293,0.0005556789621443403,0.510433789954338,0.045454545454545456,0.005,0.49340909090909096,0.07339449541284404,0.04,0.7966972477064221,0.09174311926605505,0.1,0.9958715596330276,0.07816091954022988,0.17,0.8484367816091954
supervised,spatial_5fold_repeated,Palong_Basemap,logreg_l2,existing_indices,1,2171,200,1971,0.09212344541685859,0.10444227203423431,0.012318826617375725,0.5527942668696093,0.045454545454545456,0.005,0.49340909090909096,0.10091743119266056,0.055,1.0954587155963305,0.10550458715596331,0.115,1.1452522935779819,0.09885057471264368,0.215,1.0730229885057472
supervised,spatial_5fold_repeated,Palong_Basemap,xgboost_balanced,existing_indices,1,2171,200,1971,0.09212344541685859,0.09421276670236245,0.0020893212855038618,0.5107661085743277,0.09090909090909091,0.01,0.9868181818181819,0.10091743119266056,0.055,1.0954587155963305,0.0963302752293578,0.105,1.045665137614679,0.08735632183908046,0.19,0.9482528735632184
supervised,spatial_5fold_repeated,Palong_Basemap,logreg_l2,existing_indices,2,2171,200,1971,0.09212344541685859,0.10444227203423431,0.012318826617375725,0.5527942668696093,0.045454545454545456,0.005,0.49340909090909096,0.10091743119266056,0.055,1.0954587155963305,0.10550458715596331,0.115,1.1452522935779819,0.09885057471264368,0.215,1.0730229885057472
supervised,spatial_5fold_repeated,Palong_Basemap,xgboost_balanced,existing_indices,2,2171,200,1971,0.09212344541685859,0.09327154507594332,0.0011480996590847309,0.5095230847285641,0.0,0.0,0.0,0.09174311926605505,0.05,0.9958715596330276,0.10091743119266056,0.11,1.0954587155963305,0.08505747126436781,0.185,0.9232988505747126
supervised,spatial_5fold_repeated,Palong_Basemap,logreg_l2,extended_indices,0,2171,200,1971,0.09212344541685859,0.0932035023514434,0.0010800569345848082,0.5270484525621512,0.0,0.0,0.0,0.06422018348623854,0.035,0.6971100917431193,0.07339449541284404,0.08,0.7966972477064221,0.08275862068965517,0.18,0.8983448275862069
supervised,spatial_5fold_repeated,Palong_Basemap,xgboost_balanced,extended_indices,0,2171,200,1971,0.09212344541685859,0.07849563200009965,-0.013627813416758935,0.44779934043632674,0.045454545454545456,0.005,0.49340909090909096,0.045871559633027525,0.025,0.4979357798165138,0.04128440366972477,0.045,0.4481422018348624,0.059770114942528735,0.13,0.6488045977011494
supervised,spatial_5fold_repeated,Palong_Basemap,logreg_l2,extended_indices,1,2171,200,1971,0.09212344541685859,0.0932035023514434,0.0010800569345848082,0.5270484525621512,0.0,0.0,0.0,0.06422018348623854,0.035,0.6971100917431193,0.07339449541284404,0.08,0.7966972477064221,0.08275862068965517,0.18,0.8983448275862069
supervised,spatial_5fold_repeated,Palong_Basemap,xgboost_balanced,extended_indices,1,2171,200,1971,0.09212344541685859,0.07913312309882399,-0.012990322318034597,0.44990233384068995,0.045454545454545456,0.005,0.49340909090909096,0.045871559633027525,0.025,0.4979357798165138,0.045871559633027525,0.05,0.4979357798165138,0.07126436781609195,0.155,0.7735747126436782
supervised,spatial_5fold_repeated,Palong_Basemap,logreg_l2,extended_indices,2,2171,200,1971,0.09212344541685859,0.0932035023514434,0.0010800569345848082,0.5270484525621512,0.0,0.0,0.0,0.06422018348623854,0.035,0.6971100917431193,0.07339449541284404,0.08,0.7966972477064221,0.08275862068965517,0.18,0.8983448275862069
supervised,spatial_5fold_repeated,Palong_Basemap,xgboost_balanced,extended_indices,2,2171,200,1971,0.09212344541685859,0.07958708901076161,-0.012536356406096974,0.454927701674277,0.045454545454545456,0.005,0.49340909090909096,0.05504587155963303,0.03,0.5975229357798165,0.05504587155963303,0.06,0.5975229357798165,0.052873563218390804,0.115,0.5739425287356322
supervised,spatial_5fold_repeated,Palong_Basemap,logreg_l2,all14_plus_ext,0,2171,200,1971,0.09212344541685859,0.09897497466095895,0.00685152924410036,0.549779299847793,0.045454545454545456,0.005,0.49340909090909096,0.08256880733944955,0.045,0.8962844036697248,0.0871559633027523,0.095,0.9460779816513762,0.10574712643678161,0.23,1.1478850574712645
supervised,spatial_5fold_repeated,Palong_Basemap,xgboost_balanced,all14_plus_ext,0,2171,200,1971,0.09212344541685859,0.09397513894174277,0.0018516935248841793,0.5174150177574836,0.09090909090909091,0.01,0.9868181818181819,0.06422018348623854,0.035,0.6971100917431193,0.0871559633027523,0.095,0.9460779816513762,0.0896551724137931,0.195,0.9732068965517242
supervised,spatial_5fold_repeated,Palong_Basemap,logreg_l2,all14_plus_ext,1,2171,200,1971,0.09212344541685859,0.09897497466095895,0.00685152924410036,0.549779299847793,0.045454545454545456,0.005,0.49340909090909096,0.08256880733944955,0.045,0.8962844036697248,0.0871559633027523,0.095,0.9460779816513762,0.10574712643678161,0.23,1.1478850574712645
supervised,spatial_5fold_repeated,Palong_Basemap,xgboost_balanced,all14_plus_ext,1,2171,200,1971,0.09212344541685859,0.09384086195136386,0.0017174165345052728,0.5138001014713344,0.045454545454545456,0.005,0.49340909090909096,0.09174311926605505,0.05,0.9958715596330276,0.09174311926605505,0.1,0.9958715596330276,0.08505747126436781,0.185,0.9232988505747126
supervised,spatial_5fold_repeated,Palong_Basemap,logreg_l2,all14_plus_ext,2,2171,200,1971,0.09212344541685859,0.09897497466095895,0.00685152924410036,0.549779299847793,0.045454545454545456,0.005,0.49340909090909096,0.08256880733944955,0.045,0.8962844036697248,0.0871559633027523,0.095,0.9460779816513762,0.10574712643678161,0.23,1.1478850574712645
supervised,spatial_5fold_repeated,Palong_Basemap,xgboost_balanced,all14_plus_ext,2,2171,200,1971,0.09212344541685859,0.09285101600724753,0.0007275705903889429,0.5120573313039067,0.045454545454545456,0.005,0.49340909090909096,0.07339449541284404,0.04,0.7966972477064221,0.0963302752293578,0.105,1.045665137614679,0.08045977011494253,0.175,0.8733908045977011
supervised,spatial_5fold_repeated,Palong_Basemap,logreg_l2,log_raw4,0,2171,200,1971,0.09212344541685859,0.11440372527242113,0.022280279855562538,0.5509195839675292,0.18181818181818182,0.02,1.9736363636363639,0.13761467889908258,0.075,1.4938073394495415,0.13302752293577982,0.145,1.44401376146789,0.11954022988505747,0.26,1.2976091954022988
supervised,spatial_5fold_repeated,Palong_Basemap,xgboost_balanced,log_raw4,0,2171,200,1971,0.09212344541685859,0.08907355733409594,-0.0030498880827626446,0.4950240994419077,0.045454545454545456,0.005,0.49340909090909096,0.01834862385321101,0.01,0.19917431192660554,0.06880733944954129,0.075,0.7469036697247707,0.09885057471264368,0.215,1.0730229885057472
supervised,spatial_5fold_repeated,Palong_Basemap,logreg_l2,log_raw4,1,2171,200,1971,0.09212344541685859,0.11440372527242113,0.022280279855562538,0.5509195839675292,0.18181818181818182,0.02,1.9736363636363639,0.13761467889908258,0.075,1.4938073394495415,0.13302752293577982,0.145,1.44401376146789,0.11954022988505747,0.26,1.2976091954022988
supervised,spatial_5fold_repeated,Palong_Basemap,xgboost_balanced,log_raw4,1,2171,200,1971,0.09212344541685859,0.08767621279819232,-0.004447232618666266,0.48742643328259766,0.045454545454545456,0.005,0.49340909090909096,0.045871559633027525,0.025,0.4979357798165138,0.07339449541284404,0.08,0.7966972477064221,0.07586206896551724,0.165,0.8234827586206896
supervised,spatial_5fold_repeated,Palong_Basemap,logreg_l2,log_raw4,2,2171,200,1971,0.09212344541685859,0.11440372527242113,0.022280279855562538,0.5509195839675292,0.18181818181818182,0.02,1.9736363636363639,0.13761467889908258,0.075,1.4938073394495415,0.13302752293577982,0.145,1.44401376146789,0.11954022988505747,0.26,1.2976091954022988
supervised,spatial_5fold_repeated,Palong_Basemap,xgboost_balanced,log_raw4,2,2171,200,1971,0.09212344541685859,0.08853520504115892,-0.0035882403756996722,0.48894596651445965,0.045454545454545456,0.005,0.49340909090909096,0.06422018348623854,0.035,0.6971100917431193,0.09174311926605505,0.1,0.9958715596330276,0.08505747126436781,0.185,0.9232988505747126
supervised,spatial_5fold_repeated,Palong_Basemap,logreg_l2,local14,0,2171,200,1971,0.09212344541685859,0.08374243300284864,-0.008381012414009945,0.4796347031963471,0.0,0.0,0.0,0.045871559633027525,0.025,0.4979357798165138,0.05963302752293578,0.065,0.6473165137614679,0.07126436781609195,0.155,0.7735747126436782
supervised,spatial_5fold_repeated,Palong_Basemap,xgboost_balanced,local14,0,2171,200,1971,0.09212344541685859,0.08519276263494023,-0.006930682781918357,0.4748528665651953,0.0,0.0,0.0,0.05504587155963303,0.03,0.5975229357798165,0.06422018348623854,0.07,0.6971100917431193,0.08505747126436781,0.185,0.9232988505747126
supervised,spatial_5fold_repeated,Palong_Basemap,rf_balanced,local14,0,2171,200,1971,0.09212344541685859,0.08416078883999469,-0.007962656576863902,0.4723135464231355,0.09090909090909091,0.01,0.9868181818181819,0.045871559633027525,0.025,0.4979357798165138,0.06422018348623854,0.07,0.6971100917431193,0.0735632183908046,0.16,0.798528735632184
supervised,spatial_5fold_repeated,Palong_Basemap,logreg_l2,local14,1,2171,200,1971,0.09212344541685859,0.08374243300284864,-0.008381012414009945,0.4796347031963471,0.0,0.0,0.0,0.045871559633027525,0.025,0.4979357798165138,0.05963302752293578,0.065,0.6473165137614679,0.07126436781609195,0.155,0.7735747126436782
supervised,spatial_5fold_repeated,Palong_Basemap,xgboost_balanced,local14,1,2171,200,1971,0.09212344541685859,0.08285146991168167,-0.009271975505176916,0.46420598680872655,0.0,0.0,0.0,0.05504587155963303,0.03,0.5975229357798165,0.06422018348623854,0.07,0.6971100917431193,0.07126436781609195,0.155,0.7735747126436782
supervised,spatial_5fold_repeated,Palong_Basemap,rf_balanced,local14,1,2171,200,1971,0.09212344541685859,0.08514307961300958,-0.0069803658038490035,0.48273211567732116,0.045454545454545456,0.005,0.49340909090909096,0.06422018348623854,0.035,0.6971100917431193,0.06422018348623854,0.07,0.6971100917431193,0.07126436781609195,0.155,0.7735747126436782
supervised,spatial_5fold_repeated,Palong_Basemap,logreg_l2,local14,2,2171,200,1971,0.09212344541685859,0.08374243300284864,-0.008381012414009945,0.4796347031963471,0.0,0.0,0.0,0.045871559633027525,0.025,0.4979357798165138,0.05963302752293578,0.065,0.6473165137614679,0.07126436781609195,0.155,0.7735747126436782
supervised,spatial_5fold_repeated,Palong_Basemap,xgboost_balanced,local14,2,2171,200,1971,0.09212344541685859,0.08340092314777017,-0.008722522269088415,0.4678741755454085,0.0,0.0,0.0,0.06422018348623854,0.035,0.6971100917431193,0.05963302752293578,0.065,0.6473165137614679,0.0735632183908046,0.16,0.798528735632184
supervised,spatial_5fold_repeated,Palong_Basemap,rf_balanced,local14,2,2171,200,1971,0.09212344541685859,0.08614241544584395,-0.0059810299710146425,0.4886631151699645,0.09090909090909091,0.01,0.9868181818181819,0.03669724770642202,0.02,0.39834862385321107,0.06422018348623854,0.07,0.6971100917431193,0.07586206896551724,0.165,0.8234827586206896
supervised,spatial_5fold_repeated,Palong_Basemap,logreg_l2,all14_plus_local,0,2171,200,1971,0.09212344541685859,0.09864266561613863,0.006519220199280043,0.5446245560629122,0.09090909090909091,0.01,0.9868181818181819,0.07339449541284404,0.04,0.7966972477064221,0.08256880733944955,0.09,0.8962844036697248,0.0896551724137931,0.195,0.9732068965517242
supervised,spatial_5fold_repeated,Palong_Basemap,xgboost_balanced,all14_plus_local,0,2171,200,1971,0.09212344541685859,0.10190454882709199,0.009781103410233402,0.532818366311517,0.09090909090909091,0.01,0.9868181818181819,0.11926605504587157,0.065,1.2946330275229359,0.11467889908256881,0.125,1.2448394495412844,0.09655172413793103,0.21,1.0480689655172415
supervised,spatial_5fold_repeated,Palong_Basemap,rf_balanced,all14_plus_local,0,2171,200,1971,0.09212344541685859,0.09980177783449744,0.00767833241763885,0.5050963977676306,0.13636363636363635,0.015,1.4802272727272727,0.08256880733944955,0.045,0.8962844036697248,0.10091743119266056,0.11,1.0954587155963305,0.09425287356321839,0.205,1.0231149425287356
supervised,spatial_5fold_repeated,Palong_Basemap,logreg_l2,all14_plus_local,1,2171,200,1971,0.09212344541685859,0.09864266561613863,0.006519220199280043,0.5446245560629122,0.09090909090909091,0.01,0.9868181818181819,0.07339449541284404,0.04,0.7966972477064221,0.08256880733944955,0.09,0.8962844036697248,0.0896551724137931,0.195,0.9732068965517242
supervised,spatial_5fold_repeated,Palong_Basemap,xgboost_balanced,all14_plus_local,1,2171,200,1971,0.09212344541685859,0.10094386590068241,0.008820420483823824,0.5252739726027397,0.09090909090909091,0.01,0.9868181818181819,0.12844036697247707,0.07,1.3942201834862387,0.11009174311926606,0.12,1.195045871559633,0.1103448275862069,0.24,1.1977931034482758
supervised,spatial_5fold_repeated,Palong_Basemap,rf_balanced,all14_plus_local,1,2171,200,1971,0.09212344541685859,0.09673133143984905,0.004607886022990462,0.49416286149162864,0.22727272727272727,0.025,2.4670454545454548,0.08256880733944955,0.045,0.8962844036697248,0.0963302752293578,0.105,1.045665137614679,0.09425287356321839,0.205,1.0231149425287356
supervised,spatial_5fold_repeated,Palong_Basemap,logreg_l2,all14_plus_local,2,2171,200,1971,0.09212344541685859,0.09864266561613863,0.006519220199280043,0.5446245560629122,0.09090909090909091,0.01,0.9868181818181819,0.07339449541284404,0.04,0.7966972477064221,0.08256880733944955,0.09,0.8962844036697248,0.0896551724137931,0.195,0.9732068965517242
supervised,spatial_5fold_repeated,Palong_Basemap,xgboost_balanced,all14_plus_local,2,2171,200,1971,0.09212344541685859,0.10166066131556871,0.009537215898710122,0.5243759512937596,0.18181818181818182,0.02,1.9736363636363639,0.11926605504587157,0.065,1.2946330275229359,0.11009174311926606,0.12,1.195045871559633,0.10344827586206896,0.225,1.1229310344827585
supervised,spatial_5fold_repeated,Palong_Basemap,rf_balanced,all14_plus_local,2,2171,200,1971,0.09212344541685859,0.09981825340593556,0.007694807989076971,0.5004363267376966,0.22727272727272727,0.025,2.4670454545454548,0.10091743119266056,0.055,1.0954587155963305,0.0963302752293578,0.105,1.045665137614679,0.0896551724137931,0.195,0.9732068965517242
supervised,spatial_5fold_repeated,Palong_Basemap,logreg_l2,raw4_plus_local,0,2171,200,1971,0.09212344541685859,0.1009601408535001,0.008836695436641506,0.5331024860476915,0.09090909090909091,0.01,0.9868181818181819,0.11926605504587157,0.065,1.2946330275229359,0.11009174311926606,0.12,1.195045871559633,0.09885057471264368,0.215,1.0730229885057472
supervised,spatial_5fold_repeated,Palong_Basemap,xgboost_balanced,raw4_plus_local,0,2171,200,1971,0.09212344541685859,0.09361158078075245,0.001488135363893861,0.5061390157280569,0.045454545454545456,0.005,0.49340909090909096,0.10091743119266056,0.055,1.0954587155963305,0.0963302752293578,0.105,1.045665137614679,0.09655172413793103,0.21,1.0480689655172415
supervised,spatial_5fold_repeated,Palong_Basemap,rf_balanced,raw4_plus_local,0,2171,200,1971,0.09212344541685859,0.09421698310862789,0.002093537691769301,0.5152765093860985,0.09090909090909091,0.01,0.9868181818181819,0.10091743119266056,0.055,1.0954587155963305,0.0871559633027523,0.095,0.9460779816513762,0.08275862068965517,0.18,0.8983448275862069
supervised,spatial_5fold_repeated,Palong_Basemap,logreg_l2,raw4_plus_local,1,2171,200,1971,0.09212344541685859,0.1009601408535001,0.008836695436641506,0.5331024860476915,0.09090909090909091,0.01,0.9868181818181819,0.11926605504587157,0.065,1.2946330275229359,0.11009174311926606,0.12,1.195045871559633,0.09885057471264368,0.215,1.0730229885057472
supervised,spatial_5fold_repeated,Palong_Basemap,xgboost_balanced,raw4_plus_local,1,2171,200,1971,0.09212344541685859,0.09260293039263859,0.0004794849757800007,0.504855403348554,0.045454545454545456,0.005,0.49340909090909096,0.08256880733944955,0.045,0.8962844036697248,0.08256880733944955,0.09,0.8962844036697248,0.09195402298850575,0.2,0.9981609195402299
supervised,spatial_5fold_repeated,Palong_Basemap,rf_balanced,raw4_plus_local,1,2171,200,1971,0.09212344541685859,0.09455870341075731,0.0024352579938987234,0.5163419583967529,0.09090909090909091,0.01,0.9868181818181819,0.10091743119266056,0.055,1.0954587155963305,0.0871559633027523,0.095,0.9460779816513762,0.0896551724137931,0.195,0.9732068965517242
supervised,spatial_5fold_repeated,Palong_Basemap,logreg_l2,raw4_plus_local,2,2171,200,1971,0.09212344541685859,0.1009601408535001,0.008836695436641506,0.5331024860476915,0.09090909090909091,0.01,0.9868181818181819,0.11926605504587157,0.065,1.2946330275229359,0.11009174311926606,0.12,1.195045871559633,0.09885057471264368,0.215,1.0730229885057472
supervised,spatial_5fold_repeated,Palong_Basemap,xgboost_balanced,raw4_plus_local,2,2171,200,1971,0.09212344541685859,0.09304840064237133,0.0009249552255127386,0.5054591577879249,0.13636363636363635,0.015,1.4802272727272727,0.07339449541284404,0.04,0.7966972477064221,0.0963302752293578,0.105,1.045665137614679,0.09425287356321839,0.205,1.0231149425287356
supervised,spatial_5fold_repeated,Palong_Basemap,rf_balanced,raw4_plus_local,2,2171,200,1971,0.09212344541685859,0.0952137064892371,0.0030902610723785168,0.5191501775748351,0.09090909090909091,0.01,0.9868181818181819,0.09174311926605505,0.05,0.9958715596330276,0.08256880733944955,0.09,0.8962844036697248,0.08045977011494253,0.175,0.8733908045977011
supervised,spatial_5fold_repeated,Palong_Basemap,logreg_l2,raw4_plus_ext,0,2171,200,1971,0.09212344541685859,0.09399764143193731,0.0018741960150787246,0.5254020801623541,0.045454545454545456,0.005,0.49340909090909096,0.10091743119266056,0.055,1.0954587155963305,0.08256880733944955,0.09,0.8962844036697248,0.07816091954022988,0.17,0.8484367816091954
supervised,spatial_5fold_repeated,Palong_Basemap,xgboost_balanced,raw4_plus_ext,0,2171,200,1971,0.09212344541685859,0.08021412039301892,-0.011909325023839665,0.45664764079147646,0.0,0.0,0.0,0.05504587155963303,0.03,0.5975229357798165,0.06422018348623854,0.07,0.6971100917431193,0.06896551724137931,0.15,0.7486206896551725
supervised,spatial_5fold_repeated,Palong_Basemap,logreg_l2,raw4_plus_ext,1,2171,200,1971,0.09212344541685859,0.09399764143193731,0.0018741960150787246,0.5254020801623541,0.045454545454545456,0.005,0.49340909090909096,0.10091743119266056,0.055,1.0954587155963305,0.08256880733944955,0.09,0.8962844036697248,0.07816091954022988,0.17,0.8484367816091954
supervised,spatial_5fold_repeated,Palong_Basemap,xgboost_balanced,raw4_plus_ext,1,2171,200,1971,0.09212344541685859,0.0788770012507315,-0.013246444166127094,0.45017123287671235,0.0,0.0,0.0,0.06422018348623854,0.035,0.6971100917431193,0.05963302752293578,0.065,0.6473165137614679,0.059770114942528735,0.13,0.6488045977011494
supervised,spatial_5fold_repeated,Palong_Basemap,logreg_l2,raw4_plus_ext,2,2171,200,1971,0.09212344541685859,0.09399764143193731,0.0018741960150787246,0.5254020801623541,0.045454545454545456,0.005,0.49340909090909096,0.10091743119266056,0.055,1.0954587155963305,0.08256880733944955,0.09,0.8962844036697248,0.07816091954022988,0.17,0.8484367816091954
supervised,spatial_5fold_repeated,Palong_Basemap,xgboost_balanced,raw4_plus_ext,2,2171,200,1971,0.09212344541685859,0.08154378578649277,-0.01057965963036582,0.4633193810248605,0.0,0.0,0.0,0.07339449541284404,0.04,0.7966972477064221,0.06422018348623854,0.07,0.6971100917431193,0.0735632183908046,0.16,0.798528735632184
supervised,spatial_5fold_repeated,Palong_Basemap,logreg_l2,coords_only,0,2171,200,1971,0.09212344541685859,0.1851275301161796,0.09300408469932102,0.7367376966007103,0.09090909090909091,0.01,0.9868181818181819,0.25688073394495414,0.14,2.7884403669724773,0.1743119266055046,0.19,1.8921559633027525,0.21149425287356322,0.46,2.295770114942529
supervised,spatial_5fold_repeated,Palong_Basemap,xgboost_balanced,coords_only,0,2171,200,1971,0.09212344541685859,0.17464390353928416,0.08252045812242557,0.7079337899543379,0.22727272727272727,0.025,2.4670454545454548,0.1926605504587156,0.105,2.091330275229358,0.1834862385321101,0.2,1.9917431192660553,0.17471264367816092,0.38,1.8965057471264368
supervised,spatial_5fold_repeated,Palong_Basemap,logreg_l2,coords_only,1,2171,200,1971,0.09212344541685859,0.1851275301161796,0.09300408469932102,0.7367376966007103,0.09090909090909091,0.01,0.9868181818181819,0.25688073394495414,0.14,2.7884403669724773,0.1743119266055046,0.19,1.8921559633027525,0.21149425287356322,0.46,2.295770114942529
supervised,spatial_5fold_repeated,Palong_Basemap,xgboost_balanced,coords_only,1,2171,200,1971,0.09212344541685859,0.17293639782358908,0.08081295240673049,0.7040930999492644,0.22727272727272727,0.025,2.4670454545454548,0.1743119266055046,0.095,1.8921559633027525,0.1834862385321101,0.2,1.9917431192660553,0.167816091954023,0.365,1.8216436781609198
supervised,spatial_5fold_repeated,Palong_Basemap,logreg_l2,coords_only,2,2171,200,1971,0.09212344541685859,0.1851275301161796,0.09300408469932102,0.7367376966007103,0.09090909090909091,0.01,0.9868181818181819,0.25688073394495414,0.14,2.7884403669724773,0.1743119266055046,0.19,1.8921559633027525,0.21149425287356322,0.46,2.295770114942529
supervised,spatial_5fold_repeated,Palong_Basemap,xgboost_balanced,coords_only,2,2171,200,1971,0.09212344541685859,0.16978849089565745,0.07766504547879886,0.7017922374429224,0.22727272727272727,0.025,2.4670454545454548,0.1834862385321101,0.1,1.9917431192660553,0.19724770642201836,0.215,2.1411238532110093,0.15402298850574714,0.335,1.6719195402298852
supervised,spatial_5fold_repeated,Serting_Basemap,logreg_l2,all14,0,1667,154,1513,0.09238152369526095,0.09409397148753178,0.0017124477922708242,0.4996266126471017,0.058823529411764705,0.006493506493506494,0.6367456073338426,0.047619047619047616,0.025974025974025976,0.515460729746444,0.041916167664670656,0.045454545454545456,0.45372890582471415,0.0718562874251497,0.15584415584415584,0.7778209814137957
supervised,spatial_5fold_repeated,Serting_Basemap,logreg_l1,all14,0,1667,154,1513,0.09238152369526095,0.08900524944833169,-0.0033762742469292673,0.491356297370838,0.058823529411764705,0.006493506493506494,0.6367456073338426,0.05952380952380952,0.032467532467532464,0.644325912183055,0.0658682634730539,0.07142857142857142,0.7130025662959795,0.0718562874251497,0.15584415584415584,0.7778209814137957
supervised,spatial_5fold_repeated,Serting_Basemap,svm_rbf,all14,0,1667,154,1513,0.09238152369526095,0.09790517697745502,0.005523653282194063,0.5191929683007013,0.058823529411764705,0.006493506493506494,0.6367456073338426,0.08333333333333333,0.045454545454545456,0.902056277056277,0.11377245508982035,0.12337662337662338,1.2315498872385098,0.08982035928143713,0.19480519480519481,0.9722762267672447
supervised,spatial_5fold_repeated,Serting_Basemap,knn_25,all14,0,1667,154,1513,0.09238152369526095,0.09436721648678542,0.001985692791524468,0.5191629256401232,0.0,0.0,0.0,0.05952380952380952,0.032467532467532464,0.644325912183055,0.08383233532934131,0.09090909090909091,0.9074578116494283,0.10179640718562874,0.22077922077922077,1.1019130570028772
supervised,spatial_5fold_repeated,Serting_Basemap,lda_shrink,all14,0,1667,154,1513,0.09238152369526095,0.0857620611481621,-0.006619462547098859,0.47175131543935245,0.058823529411764705,0.006493506493506494,0.6367456073338426,0.03571428571428571,0.01948051948051948,0.386595547309833,0.059880239520958084,0.06493506493506493,0.6481841511781631,0.05688622754491018,0.12337662337662338,0.6157749436192549
supervised,spatial_5fold_repeated,Serting_Basemap,gaussian_nb,all14,0,1667,154,1513,0.09238152369526095,0.08575357368111433,-0.006627950014146622,0.48315894284169236,0.058823529411764705,0.006493506493506494,0.6367456073338426,0.05952380952380952,0.032467532467532464,0.644325912183055,0.04790419161676647,0.05194805194805195,0.5185473209425305,0.0718562874251497,0.15584415584415584,0.7778209814137957
supervised,spatial_5fold_repeated,Serting_Basemap,rf_balanced,all14,0,1667,154,1513,0.09238152369526095,0.08368007663443197,-0.008701447060828982,0.4737298392288478,0.0,0.0,0.0,0.023809523809523808,0.012987012987012988,0.257730364873222,0.059880239520958084,0.06493506493506493,0.6481841511781631,0.0718562874251497,0.15584415584415584,0.7778209814137957
supervised,spatial_5fold_repeated,Serting_Basemap,extratrees_balanced,all14,0,1667,154,1513,0.09238152369526095,0.08549887663322334,-0.006882647062037617,0.4861052694826654,0.0,0.0,0.0,0.011904761904761904,0.006493506493506494,0.128865182436611,0.059880239520958084,0.06493506493506493,0.6481841511781631,0.0718562874251497,0.15584415584415584,0.7778209814137957
supervised,spatial_5fold_repeated,Serting_Basemap,hist_gbdt_balanced,all14,0,1667,154,1513,0.09238152369526095,0.08117050621909186,-0.011211017476169094,0.45063990867031184,0.0,0.0,0.0,0.047619047619047616,0.025974025974025976,0.515460729746444,0.08383233532934131,0.09090909090909091,0.9074578116494283,0.0748502994011976,0.16233766233766234,0.8102301889727038
supervised,spatial_5fold_repeated,Serting_Basemap,xgboost_balanced,all14,0,1667,154,1513,0.09238152369526095,0.08972941122959763,-0.0026521124656633255,0.47975983038772196,0.11764705882352941,0.012987012987012988,1.2734912146676851,0.08333333333333333,0.045454545454545456,0.902056277056277,0.0658682634730539,0.07142857142857142,0.7130025662959795,0.07784431137724551,0.16883116883116883,0.8426393965316121
supervised,spatial_5fold_repeated,Serting_Basemap,mlp_64_16,all14,0,1667,154,1513,0.09238152369526095,0.08079132380374637,-0.01159019989151458,0.4596012051398701,0.0,0.0,0.0,0.023809523809523808,0.012987012987012988,0.257730364873222,0.041916167664670656,0.045454545454545456,0.45372890582471415,0.0748502994011976,0.16233766233766234,0.8102301889727038
supervised,spatial_5fold_repeated,Serting_Basemap,logreg_l2,all14,1,1667,154,1513,0.09238152369526095,0.09409397148753178,0.0017124477922708242,0.4996266126471017,0.058823529411764705,0.006493506493506494,0.6367456073338426,0.047619047619047616,0.025974025974025976,0.515460729746444,0.041916167664670656,0.045454545454545456,0.45372890582471415,0.0718562874251497,0.15584415584415584,0.7778209814137957
supervised,spatial_5fold_repeated,Serting_Basemap,logreg_l1,all14,1,1667,154,1513,0.09238152369526095,0.08900295292425632,-0.0033785707710046325,0.491343421944876,0.058823529411764705,0.006493506493506494,0.6367456073338426,0.05952380952380952,0.032467532467532464,0.644325912183055,0.0658682634730539,0.07142857142857142,0.7130025662959795,0.0718562874251497,0.15584415584415584,0.7778209814137957
supervised,spatial_5fold_repeated,Serting_Basemap,svm_rbf,all14,1,1667,154,1513,0.09238152369526095,0.09790517697745502,0.005523653282194063,0.5191929683007013,0.058823529411764705,0.006493506493506494,0.6367456073338426,0.08333333333333333,0.045454545454545456,0.902056277056277,0.11377245508982035,0.12337662337662338,1.2315498872385098,0.08982035928143713,0.19480519480519481,0.9722762267672447
supervised,spatial_5fold_repeated,Serting_Basemap,knn_25,all14,1,1667,154,1513,0.09238152369526095,0.09436721648678542,0.001985692791524468,0.5191629256401232,0.0,0.0,0.0,0.05952380952380952,0.032467532467532464,0.644325912183055,0.08383233532934131,0.09090909090909091,0.9074578116494283,0.10179640718562874,0.22077922077922077,1.1019130570028772
supervised,spatial_5fold_repeated,Serting_Basemap,lda_shrink,all14,1,1667,154,1513,0.09238152369526095,0.0857620611481621,-0.006619462547098859,0.47175131543935245,0.058823529411764705,0.006493506493506494,0.6367456073338426,0.03571428571428571,0.01948051948051948,0.386595547309833,0.059880239520958084,0.06493506493506493,0.6481841511781631,0.05688622754491018,0.12337662337662338,0.6157749436192549
supervised,spatial_5fold_repeated,Serting_Basemap,gaussian_nb,all14,1,1667,154,1513,0.09238152369526095,0.08575357368111433,-0.006627950014146622,0.48315894284169236,0.058823529411764705,0.006493506493506494,0.6367456073338426,0.05952380952380952,0.032467532467532464,0.644325912183055,0.04790419161676647,0.05194805194805195,0.5185473209425305,0.0718562874251497,0.15584415584415584,0.7778209814137957
supervised,spatial_5fold_repeated,Serting_Basemap,rf_balanced,all14,1,1667,154,1513,0.09238152369526095,0.08307596547785548,-0.009305558217405474,0.47251525737976496,0.0,0.0,0.0,0.03571428571428571,0.01948051948051948,0.386595547309833,0.041916167664670656,0.045454545454545456,0.45372890582471415,0.07784431137724551,0.16883116883116883,0.8426393965316121
supervised,spatial_5fold_repeated,Serting_Basemap,extratrees_balanced,all14,1,1667,154,1513,0.09238152369526095,0.08495330092542994,-0.007428222769831017,0.487004403395679,0.0,0.0,0.0,0.011904761904761904,0.006493506493506494,0.128865182436611,0.041916167664670656,0.045454545454545456,0.45372890582471415,0.07784431137724551,0.16883116883116883,0.8426393965316121
supervised,spatial_5fold_repeated,Serting_Basemap,hist_gbdt_balanced,all14,1,1667,154,1513,0.09238152369526095,0.09044599694187375,-0.0019355267533872067,0.4911545823640999,0.11764705882352941,0.012987012987012988,1.2734912146676851,0.047619047619047616,0.025974025974025976,0.515460729746444,0.07784431137724551,0.08441558441558442,0.8426393965316121,0.09281437125748503,0.2012987012987013,1.0046854343261529
supervised,spatial_5fold_repeated,Serting_Basemap,xgboost_balanced,all14,1,1667,154,1513,0.09238152369526095,0.08479964363566596,-0.007581880059594995,0.4688371773632844,0.11764705882352941,0.012987012987012988,1.2734912146676851,0.03571428571428571,0.01948051948051948,0.386595547309833,0.05389221556886228,0.05844155844155844,0.5833657360603468,0.0718562874251497,0.15584415584415584,0.7778209814137957
supervised,spatial_5fold_repeated,Serting_Basemap,mlp_64_16,all14,1,1667,154,1513,0.09238152369526095,0.11056163176176842,0.018180108066507467,0.515901151063081,0.23529411764705882,0.025974025974025976,2.5469824293353702,0.13095238095238096,0.07142857142857142,1.417517006802721,0.1317365269461078,0.14285714285714285,1.426005132591959,0.11377245508982035,0.24675324675324675,1.2315498872385098
supervised,spatial_5fold_repeated,Serting_Basemap,logreg_l2,all14,2,1667,154,1513,0.09238152369526095,0.09409397148753178,0.0017124477922708242,0.4996266126471017,0.058823529411764705,0.006493506493506494,0.6367456073338426,0.047619047619047616,0.025974025974025976,0.515460729746444,0.041916167664670656,0.045454545454545456,0.45372890582471415,0.0718562874251497,0.15584415584415584,0.7778209814137957
supervised,spatial_5fold_repeated,Serting_Basemap,logreg_l1,all14,2,1667,154,1513,0.09238152369526095,0.08900513994501738,-0.0033763837502435723,0.491356297370838,0.058823529411764705,0.006493506493506494,0.6367456073338426,0.05952380952380952,0.032467532467532464,0.644325912183055,0.0658682634730539,0.07142857142857142,0.7130025662959795,0.0718562874251497,0.15584415584415584,0.7778209814137957
supervised,spatial_5fold_repeated,Serting_Basemap,svm_rbf,all14,2,1667,154,1513,0.09238152369526095,0.09790517697745502,0.005523653282194063,0.5191929683007013,0.058823529411764705,0.006493506493506494,0.6367456073338426,0.08333333333333333,0.045454545454545456,0.902056277056277,0.11377245508982035,0.12337662337662338,1.2315498872385098,0.08982035928143713,0.19480519480519481,0.9722762267672447
supervised,spatial_5fold_repeated,Serting_Basemap,knn_25,all14,2,1667,154,1513,0.09238152369526095,0.09436721648678542,0.001985692791524468,0.5191629256401232,0.0,0.0,0.0,0.05952380952380952,0.032467532467532464,0.644325912183055,0.08383233532934131,0.09090909090909091,0.9074578116494283,0.10179640718562874,0.22077922077922077,1.1019130570028772
supervised,spatial_5fold_repeated,Serting_Basemap,lda_shrink,all14,2,1667,154,1513,0.09238152369526095,0.0857620611481621,-0.006619462547098859,0.47175131543935245,0.058823529411764705,0.006493506493506494,0.6367456073338426,0.03571428571428571,0.01948051948051948,0.386595547309833,0.059880239520958084,0.06493506493506493,0.6481841511781631,0.05688622754491018,0.12337662337662338,0.6157749436192549
supervised,spatial_5fold_repeated,Serting_Basemap,gaussian_nb,all14,2,1667,154,1513,0.09238152369526095,0.08575357368111433,-0.006627950014146622,0.48315894284169236,0.058823529411764705,0.006493506493506494,0.6367456073338426,0.05952380952380952,0.032467532467532464,0.644325912183055,0.04790419161676647,0.05194805194805195,0.5185473209425305,0.0718562874251497,0.15584415584415584,0.7778209814137957
supervised,spatial_5fold_repeated,Serting_Basemap,rf_balanced,all14,2,1667,154,1513,0.09238152369526095,0.08229617573858274,-0.010085347956678217,0.4660045836516425,0.0,0.0,0.0,0.03571428571428571,0.01948051948051948,0.386595547309833,0.04790419161676647,0.05194805194805195,0.5185473209425305,0.0748502994011976,0.16233766233766234,0.8102301889727038
supervised,spatial_5fold_repeated,Serting_Basemap,extratrees_balanced,all14,2,1667,154,1513,0.09238152369526095,0.08247161509395368,-0.009909908601307277,0.4722234143912928,0.0,0.0,0.0,0.0,0.0,0.0,0.05389221556886228,0.05844155844155844,0.5833657360603468,0.0718562874251497,0.15584415584415584,0.7778209814137957
supervised,spatial_5fold_repeated,Serting_Basemap,hist_gbdt_balanced,all14,2,1667,154,1513,0.09238152369526095,0.0855349202623516,-0.006846603432909354,0.4780538364477558,0.0,0.0,0.0,0.08333333333333333,0.045454545454545456,0.902056277056277,0.08383233532934131,0.09090909090909091,0.9074578116494283,0.0658682634730539,0.14285714285714285,0.7130025662959795
supervised,spatial_5fold_repeated,Serting_Basemap,xgboost_balanced,all14,2,1667,154,1513,0.09238152369526095,0.089113394961889,-0.0032681287333719555,0.4850859649273397,0.11764705882352941,0.012987012987012988,1.2734912146676851,0.07142857142857142,0.03896103896103896,0.773191094619666,0.0658682634730539,0.07142857142857142,0.7130025662959795,0.0748502994011976,0.16233766233766234,0.8102301889727038
supervised,spatial_5fold_repeated,Serting_Basemap,mlp_64_16,all14,2,1667,154,1513,0.09238152369526095,0.0996762732579703,0.007294749562709341,0.5516862516201577,0.0,0.0,0.0,0.05952380952380952,0.032467532467532464,0.644325912183055,0.08383233532934131,0.09090909090909091,0.9074578116494283,0.10479041916167664,0.22727272727272727,1.1343222645617854
supervised,spatial_5fold_repeated,Serting_Basemap,logreg_l2,raw4,0,1667,154,1513,0.09238152369526095,0.0822428157480421,-0.010138707947218856,0.4530690723684775,0.0,0.0,0.0,0.11904761904761904,0.06493506493506493,1.28865182436611,0.0718562874251497,0.07792207792207792,0.7778209814137957,0.059880239520958084,0.12987012987012986,0.6481841511781631
supervised,spatial_5fold_repeated,Serting_Basemap,xgboost_balanced,raw4,0,1667,154,1513,0.09238152369526095,0.09545264091830657,0.003071117223045622,0.5223216968094695,0.0,0.0,0.0,0.08333333333333333,0.045454545454545456,0.902056277056277,0.08383233532934131,0.09090909090909091,0.9074578116494283,0.09580838323353294,0.2077922077922078,1.037094641885061
supervised,spatial_5fold_repeated,Serting_Basemap,logreg_l2,raw4,1,1667,154,1513,0.09238152369526095,0.0822428157480421,-0.010138707947218856,0.4530690723684775,0.0,0.0,0.0,0.11904761904761904,0.06493506493506493,1.28865182436611,0.0718562874251497,0.07792207792207792,0.7778209814137957,0.059880239520958084,0.12987012987012986,0.6481841511781631
supervised,spatial_5fold_repeated,Serting_Basemap,xgboost_balanced,raw4,1,1667,154,1513,0.09238152369526095,0.09615226785341535,0.003770744158154399,0.5233131046085442,0.058823529411764705,0.006493506493506494,0.6367456073338426,0.07142857142857142,0.03896103896103896,0.773191094619666,0.07784431137724551,0.08441558441558442,0.8426393965316121,0.09880239520958084,0.21428571428571427,1.0695038494439693
supervised,spatial_5fold_repeated,Serting_Basemap,logreg_l2,raw4,2,1667,154,1513,0.09238152369526095,0.0822428157480421,-0.010138707947218856,0.4530690723684775,0.0,0.0,0.0,0.11904761904761904,0.06493506493506493,1.28865182436611,0.0718562874251497,0.07792207792207792,0.7778209814137957,0.059880239520958084,0.12987012987012986,0.6481841511781631
supervised,spatial_5fold_repeated,Serting_Basemap,xgboost_balanced,raw4,2,1667,154,1513,0.09238152369526095,0.09823841712847134,0.005856893433210386,0.5279997596587154,0.058823529411764705,0.006493506493506494,0.6367456073338426,0.08333333333333333,0.045454545454545456,0.902056277056277,0.09580838323353294,0.1038961038961039,1.037094641885061,0.09281437125748503,0.2012987012987013,1.0046854343261529
supervised,spatial_5fold_repeated,Serting_Basemap,logreg_l2,existing_indices,0,1667,154,1513,0.09238152369526095,0.0775629043835508,-0.014818619311710149,0.42359293053278513,0.0,0.0,0.0,0.047619047619047616,0.025974025974025976,0.515460729746444,0.0718562874251497,0.07792207792207792,0.7778209814137957,0.07784431137724551,0.16883116883116883,0.8426393965316121
supervised,spatial_5fold_repeated,Serting_Basemap,xgboost_balanced,existing_indices,0,1667,154,1513,0.09238152369526095,0.07697057672632088,-0.015410946968940076,0.4138097527059854,0.058823529411764705,0.006493506493506494,0.6367456073338426,0.07142857142857142,0.03896103896103896,0.773191094619666,0.0658682634730539,0.07142857142857142,0.7130025662959795,0.0658682634730539,0.14285714285714285,0.7130025662959795
supervised,spatial_5fold_repeated,Serting_Basemap,logreg_l2,existing_indices,1,1667,154,1513,0.09238152369526095,0.0775629043835508,-0.014818619311710149,0.42359293053278513,0.0,0.0,0.0,0.047619047619047616,0.025974025974025976,0.515460729746444,0.0718562874251497,0.07792207792207792,0.7778209814137957,0.07784431137724551,0.16883116883116883,0.8426393965316121
supervised,spatial_5fold_repeated,Serting_Basemap,xgboost_balanced,existing_indices,1,1667,154,1513,0.09238152369526095,0.07826776157403674,-0.014113762121224213,0.4221251319731161,0.058823529411764705,0.006493506493506494,0.6367456073338426,0.05952380952380952,0.032467532467532464,0.644325912183055,0.07784431137724551,0.08441558441558442,0.8426393965316121,0.0688622754491018,0.14935064935064934,0.7454117738548875
supervised,spatial_5fold_repeated,Serting_Basemap,logreg_l2,existing_indices,2,1667,154,1513,0.09238152369526095,0.0775629043835508,-0.014818619311710149,0.42359293053278513,0.0,0.0,0.0,0.047619047619047616,0.025974025974025976,0.515460729746444,0.0718562874251497,0.07792207792207792,0.7778209814137957,0.07784431137724551,0.16883116883116883,0.8426393965316121
supervised,spatial_5fold_repeated,Serting_Basemap,xgboost_balanced,existing_indices,2,1667,154,1513,0.09238152369526095,0.07647450223874284,-0.01590702145651811,0.4194663565119613,0.0,0.0,0.0,0.047619047619047616,0.025974025974025976,0.515460729746444,0.0658682634730539,0.07142857142857142,0.7130025662959795,0.0658682634730539,0.14285714285714285,0.7130025662959795
supervised,spatial_5fold_repeated,Serting_Basemap,logreg_l2,extended_indices,0,1667,154,1513,0.09238152369526095,0.0838944572797097,-0.008487066415551248,0.46301319301980237,0.11764705882352941,0.012987012987012988,1.2734912146676851,0.08333333333333333,0.045454545454545456,0.902056277056277,0.0718562874251497,0.07792207792207792,0.7778209814137957,0.06287425149700598,0.13636363636363635,0.6805933587370713
supervised,spatial_5fold_repeated,Serting_Basemap,xgboost_balanced,extended_indices,0,1667,154,1513,0.09238152369526095,0.08747956820001082,-0.004901955495250132,0.4821932858945417,0.11764705882352941,0.012987012987012988,1.2734912146676851,0.07142857142857142,0.03896103896103896,0.773191094619666,0.0718562874251497,0.07792207792207792,0.7778209814137957,0.07784431137724551,0.16883116883116883,0.8426393965316121
supervised,spatial_5fold_repeated,Serting_Basemap,logreg_l2,extended_indices,1,1667,154,1513,0.09238152369526095,0.0838944572797097,-0.008487066415551248,0.46301319301980237,0.11764705882352941,0.012987012987012988,1.2734912146676851,0.08333333333333333,0.045454545454545456,0.902056277056277,0.0718562874251497,0.07792207792207792,0.7778209814137957,0.06287425149700598,0.13636363636363635,0.6805933587370713
supervised,spatial_5fold_repeated,Serting_Basemap,xgboost_balanced,extended_indices,1,1667,154,1513,0.09238152369526095,0.08734475035520636,-0.00503677334005459,0.4887340022832422,0.058823529411764705,0.006493506493506494,0.6367456073338426,0.08333333333333333,0.045454545454545456,0.902056277056277,0.0658682634730539,0.07142857142857142,0.7130025662959795,0.0718562874251497,0.15584415584415584,0.7778209814137957
supervised,spatial_5fold_repeated,Serting_Basemap,logreg_l2,extended_indices,2,1667,154,1513,0.09238152369526095,0.0838944572797097,-0.008487066415551248,0.46301319301980237,0.11764705882352941,0.012987012987012988,1.2734912146676851,0.08333333333333333,0.045454545454545456,0.902056277056277,0.0718562874251497,0.07792207792207792,0.7778209814137957,0.06287425149700598,0.13636363636363635,0.6805933587370713
supervised,spatial_5fold_repeated,Serting_Basemap,xgboost_balanced,extended_indices,2,1667,154,1513,0.09238152369526095,0.08640700036061782,-0.005974523334643128,0.48524047003888376,0.058823529411764705,0.006493506493506494,0.6367456073338426,0.07142857142857142,0.03896103896103896,0.773191094619666,0.0718562874251497,0.07792207792207792,0.7778209814137957,0.0748502994011976,0.16233766233766234,0.8102301889727038
supervised,spatial_5fold_repeated,Serting_Basemap,logreg_l2,all14_plus_ext,0,1667,154,1513,0.09238152369526095,0.09552256091286723,0.0031410372176062795,0.5101930455532571,0.058823529411764705,0.006493506493506494,0.6367456073338426,0.047619047619047616,0.025974025974025976,0.515460729746444,0.0658682634730539,0.07142857142857142,0.7130025662959795,0.0718562874251497,0.15584415584415584,0.7778209814137957
supervised,spatial_5fold_repeated,Serting_Basemap,xgboost_balanced,all14_plus_ext,0,1667,154,1513,0.09238152369526095,0.08809987510143052,-0.004281648593830428,0.48848078557265606,0.0,0.0,0.0,0.05952380952380952,0.032467532467532464,0.644325912183055,0.08383233532934131,0.09090909090909091,0.9074578116494283,0.08083832335329341,0.17532467532467533,0.8750486040905202
supervised,spatial_5fold_repeated,Serting_Basemap,logreg_l2,all14_plus_ext,1,1667,154,1513,0.09238152369526095,0.09552256091286723,0.0031410372176062795,0.5101930455532571,0.058823529411764705,0.006493506493506494,0.6367456073338426,0.047619047619047616,0.025974025974025976,0.515460729746444,0.0658682634730539,0.07142857142857142,0.7130025662959795,0.0718562874251497,0.15584415584415584,0.7778209814137957
supervised,spatial_5fold_repeated,Serting_Basemap,xgboost_balanced,all14_plus_ext,1,1667,154,1513,0.09238152369526095,0.08988857151213986,-0.0024929521831210943,0.4962360838104394,0.058823529411764705,0.006493506493506494,0.6367456073338426,0.05952380952380952,0.032467532467532464,0.644325912183055,0.07784431137724551,0.08441558441558442,0.8426393965316121,0.07784431137724551,0.16883116883116883,0.8426393965316121
supervised,spatial_5fold_repeated,Serting_Basemap,logreg_l2,all14_plus_ext,2,1667,154,1513,0.09238152369526095,0.09552256091286723,0.0031410372176062795,0.5101930455532571,0.058823529411764705,0.006493506493506494,0.6367456073338426,0.047619047619047616,0.025974025974025976,0.515460729746444,0.0658682634730539,0.07142857142857142,0.7130025662959795,0.0718562874251497,0.15584415584415584,0.7778209814137957
supervised,spatial_5fold_repeated,Serting_Basemap,xgboost_balanced,all14_plus_ext,2,1667,154,1513,0.09238152369526095,0.08910627344496273,-0.00327525025029822,0.49765667247491435,0.058823529411764705,0.006493506493506494,0.6367456073338426,0.03571428571428571,0.01948051948051948,0.386595547309833,0.0718562874251497,0.07792207792207792,0.7778209814137957,0.0688622754491018,0.14935064935064934,0.7454117738548875
supervised,spatial_5fold_repeated,Serting_Basemap,logreg_l2,log_raw4,0,1667,154,1513,0.09238152369526095,0.08161078806745488,-0.010770735627806075,0.453798679839658,0.0,0.0,0.0,0.10714285714285714,0.05844155844155844,1.1597866419294989,0.0718562874251497,0.07792207792207792,0.7778209814137957,0.05688622754491018,0.12337662337662338,0.6157749436192549
supervised,spatial_5fold_repeated,Serting_Basemap,xgboost_balanced,log_raw4,0,1667,154,1513,0.09238152369526095,0.09545264091830657,0.003071117223045622,0.5223216968094695,0.0,0.0,0.0,0.08333333333333333,0.045454545454545456,0.902056277056277,0.08383233532934131,0.09090909090909091,0.9074578116494283,0.09580838323353294,0.2077922077922078,1.037094641885061
supervised,spatial_5fold_repeated,Serting_Basemap,logreg_l2,log_raw4,1,1667,154,1513,0.09238152369526095,0.08161078806745488,-0.010770735627806075,0.453798679839658,0.0,0.0,0.0,0.10714285714285714,0.05844155844155844,1.1597866419294989,0.0718562874251497,0.07792207792207792,0.7778209814137957,0.05688622754491018,0.12337662337662338,0.6157749436192549
supervised,spatial_5fold_repeated,Serting_Basemap,xgboost_balanced,log_raw4,1,1667,154,1513,0.09238152369526095,0.09615226785341535,0.003770744158154399,0.5233131046085442,0.058823529411764705,0.006493506493506494,0.6367456073338426,0.07142857142857142,0.03896103896103896,0.773191094619666,0.07784431137724551,0.08441558441558442,0.8426393965316121,0.09880239520958084,0.21428571428571427,1.0695038494439693
supervised,spatial_5fold_repeated,Serting_Basemap,logreg_l2,log_raw4,2,1667,154,1513,0.09238152369526095,0.08161078806745488,-0.010770735627806075,0.453798679839658,0.0,0.0,0.0,0.10714285714285714,0.05844155844155844,1.1597866419294989,0.0718562874251497,0.07792207792207792,0.7778209814137957,0.05688622754491018,0.12337662337662338,0.6157749436192549
supervised,spatial_5fold_repeated,Serting_Basemap,xgboost_balanced,log_raw4,2,1667,154,1513,0.09238152369526095,0.09823841712847134,0.005856893433210386,0.5279997596587154,0.058823529411764705,0.006493506493506494,0.6367456073338426,0.08333333333333333,0.045454545454545456,0.902056277056277,0.09580838323353294,0.1038961038961039,1.037094641885061,0.09281437125748503,0.2012987012987013,1.0046854343261529
supervised,spatial_5fold_repeated,Serting_Basemap,logreg_l2,local14,0,1667,154,1513,0.09238152369526095,0.09804336150207729,0.005661837806816339,0.4894721933717307,0.17647058823529413,0.01948051948051948,1.910236822001528,0.07142857142857142,0.03896103896103896,0.773191094619666,0.07784431137724551,0.08441558441558442,0.8426393965316121,0.08083832335329341,0.17532467532467533,0.8750486040905202
supervised,spatial_5fold_repeated,Serting_Basemap,xgboost_balanced,local14,0,1667,154,1513,0.09238152369526095,0.0948706125043812,0.0024890888091202434,0.5055793512502038,0.058823529411764705,0.006493506493506494,0.6367456073338426,0.05952380952380952,0.032467532467532464,0.644325912183055,0.10179640718562874,0.11038961038961038,1.1019130570028772,0.08982035928143713,0.19480519480519481,0.9722762267672447
supervised,spatial_5fold_repeated,Serting_Basemap,rf_balanced,local14,0,1667,154,1513,0.09238152369526095,0.09225074707439787,-0.00013077662086308228,0.49510733813443664,0.058823529411764705,0.006493506493506494,0.6367456073338426,0.09523809523809523,0.05194805194805195,1.030921459492888,0.10179640718562874,0.11038961038961038,1.1019130570028772,0.0748502994011976,0.16233766233766234,0.8102301889727038
supervised,spatial_5fold_repeated,Serting_Basemap,logreg_l2,local14,1,1667,154,1513,0.09238152369526095,0.09804336150207729,0.005661837806816339,0.4894721933717307,0.17647058823529413,0.01948051948051948,1.910236822001528,0.07142857142857142,0.03896103896103896,0.773191094619666,0.07784431137724551,0.08441558441558442,0.8426393965316121,0.08083832335329341,0.17532467532467533,0.8750486040905202
supervised,spatial_5fold_repeated,Serting_Basemap,xgboost_balanced,local14,1,1667,154,1513,0.09238152369526095,0.09676058741310917,0.004379063717848214,0.5069269791675608,0.058823529411764705,0.006493506493506494,0.6367456073338426,0.08333333333333333,0.045454545454545456,0.902056277056277,0.08982035928143713,0.09740259740259741,0.9722762267672447,0.09880239520958084,0.21428571428571427,1.0695038494439693
supervised,spatial_5fold_repeated,Serting_Basemap,rf_balanced,local14,1,1667,154,1513,0.09238152369526095,0.0923307853299814,-5.073836527955122e-05,0.48587565771967633,0.058823529411764705,0.006493506493506494,0.6367456073338426,0.09523809523809523,0.05194805194805195,1.030921459492888,0.08383233532934131,0.09090909090909091,0.9074578116494283,0.08383233532934131,0.18181818181818182,0.9074578116494283
supervised,spatial_5fold_repeated,Serting_Basemap,logreg_l2,local14,2,1667,154,1513,0.09238152369526095,0.09804336150207729,0.005661837806816339,0.4894721933717307,0.17647058823529413,0.01948051948051948,1.910236822001528,0.07142857142857142,0.03896103896103896,0.773191094619666,0.07784431137724551,0.08441558441558442,0.8426393965316121,0.08083832335329341,0.17532467532467533,0.8750486040905202
supervised,spatial_5fold_repeated,Serting_Basemap,xgboost_balanced,local14,2,1667,154,1513,0.09238152369526095,0.09485494682880832,0.00247342313354737,0.5019913992154574,0.058823529411764705,0.006493506493506494,0.6367456073338426,0.08333333333333333,0.045454545454545456,0.902056277056277,0.07784431137724551,0.08441558441558442,0.8426393965316121,0.08682634730538923,0.18831168831168832,0.9398670192083366
supervised,spatial_5fold_repeated,Serting_Basemap,rf_balanced,local14,2,1667,154,1513,0.09238152369526095,0.09364735953288736,0.0012658358376264056,0.49281551231319903,0.058823529411764705,0.006493506493506494,0.6367456073338426,0.11904761904761904,0.06493506493506493,1.28865182436611,0.09580838323353294,0.1038961038961039,1.037094641885061,0.08982035928143713,0.19480519480519481,0.9722762267672447
supervised,spatial_5fold_repeated,Serting_Basemap,logreg_l2,all14_plus_local,0,1667,154,1513,0.09238152369526095,0.08840164994374206,-0.0039798737515188976,0.48389713393018086,0.058823529411764705,0.006493506493506494,0.6367456073338426,0.047619047619047616,0.025974025974025976,0.515460729746444,0.0718562874251497,0.07792207792207792,0.7778209814137957,0.07784431137724551,0.16883116883116883,0.8426393965316121
supervised,spatial_5fold_repeated,Serting_Basemap,xgboost_balanced,all14_plus_local,0,1667,154,1513,0.09238152369526095,0.09288217316457648,0.0005006494693155228,0.488450742912078,0.058823529411764705,0.006493506493506494,0.6367456073338426,0.09523809523809523,0.05194805194805195,1.030921459492888,0.10778443113772455,0.11688311688311688,1.1667314721206936,0.08982035928143713,0.19480519480519481,0.9722762267672447
supervised,spatial_5fold_repeated,Serting_Basemap,rf_balanced,all14_plus_local,0,1667,154,1513,0.09238152369526095,0.08892243905061205,-0.003459084644648905,0.4793649839915537,0.0,0.0,0.0,0.07142857142857142,0.03896103896103896,0.773191094619666,0.09580838323353294,0.1038961038961039,1.037094641885061,0.09880239520958084,0.21428571428571427,1.0695038494439693
supervised,spatial_5fold_repeated,Serting_Basemap,logreg_l2,all14_plus_local,1,1667,154,1513,0.09238152369526095,0.08840164994374206,-0.0039798737515188976,0.48389713393018086,0.058823529411764705,0.006493506493506494,0.6367456073338426,0.047619047619047616,0.025974025974025976,0.515460729746444,0.0718562874251497,0.07792207792207792,0.7778209814137957,0.07784431137724551,0.16883116883116883,0.8426393965316121
supervised,spatial_5fold_repeated,Serting_Basemap,xgboost_balanced,all14_plus_local,1,1667,154,1513,0.09238152369526095,0.09218268402816601,-0.00019883966709494105,0.4890129698457524,0.058823529411764705,0.006493506493506494,0.6367456073338426,0.07142857142857142,0.03896103896103896,0.773191094619666,0.09580838323353294,0.1038961038961039,1.037094641885061,0.10479041916167664,0.22727272727272727,1.1343222645617854
supervised,spatial_5fold_repeated,Serting_Basemap,rf_balanced,all14_plus_local,1,1667,154,1513,0.09238152369526095,0.08575920781401107,-0.006622315881249882,0.4648887134016017,0.0,0.0,0.0,0.05952380952380952,0.032467532467532464,0.644325912183055,0.0718562874251497,0.07792207792207792,0.7778209814137957,0.09281437125748503,0.2012987012987013,1.0046854343261529
supervised,spatial_5fold_repeated,Serting_Basemap,logreg_l2,all14_plus_local,2,1667,154,1513,0.09238152369526095,0.08840164994374206,-0.0039798737515188976,0.48389713393018086,0.058823529411764705,0.006493506493506494,0.6367456073338426,0.047619047619047616,0.025974025974025976,0.515460729746444,0.0718562874251497,0.07792207792207792,0.7778209814137957,0.07784431137724551,0.16883116883116883,0.8426393965316121
supervised,spatial_5fold_repeated,Serting_Basemap,xgboost_balanced,all14_plus_local,2,1667,154,1513,0.09238152369526095,0.0899242548287571,-0.0024572688665038533,0.4778800181972687,0.0,0.0,0.0,0.08333333333333333,0.045454545454545456,0.902056277056277,0.10778443113772455,0.11688311688311688,1.1667314721206936,0.08982035928143713,0.19480519480519481,0.9722762267672447
supervised,spatial_5fold_repeated,Serting_Basemap,rf_balanced,all14_plus_local,2,1667,154,1513,0.09238152369526095,0.08511837214510987,-0.007263151550151087,0.4622063329928498,0.0,0.0,0.0,0.047619047619047616,0.025974025974025976,0.515460729746444,0.08383233532934131,0.09090909090909091,0.9074578116494283,0.08982035928143713,0.19480519480519481,0.9722762267672447
supervised,spatial_5fold_repeated,Serting_Basemap,logreg_l2,raw4_plus_local,0,1667,154,1513,0.09238152369526095,0.08784941956124999,-0.004532104134010964,0.4795109054857898,0.0,0.0,0.0,0.09523809523809523,0.05194805194805195,1.030921459492888,0.0718562874251497,0.07792207792207792,0.7778209814137957,0.07784431137724551,0.16883116883116883,0.8426393965316121
supervised,spatial_5fold_repeated,Serting_Basemap,xgboost_balanced,raw4_plus_local,0,1667,154,1513,0.09238152369526095,0.09112235942506894,-0.0012591642701920147,0.5074291207800792,0.0,0.0,0.0,0.03571428571428571,0.01948051948051948,0.386595547309833,0.08383233532934131,0.09090909090909091,0.9074578116494283,0.08083832335329341,0.17532467532467533,0.8750486040905202
supervised,spatial_5fold_repeated,Serting_Basemap,rf_balanced,raw4_plus_local,0,1667,154,1513,0.09238152369526095,0.08211020682510649,-0.010271316870154465,0.4549102582810448,0.058823529411764705,0.006493506493506494,0.6367456073338426,0.05952380952380952,0.032467532467532464,0.644325912183055,0.0658682634730539,0.07142857142857142,0.7130025662959795,0.07784431137724551,0.16883116883116883,0.8426393965316121
supervised,spatial_5fold_repeated,Serting_Basemap,logreg_l2,raw4_plus_local,1,1667,154,1513,0.09238152369526095,0.08784941956124999,-0.004532104134010964,0.4795109054857898,0.0,0.0,0.0,0.09523809523809523,0.05194805194805195,1.030921459492888,0.0718562874251497,0.07792207792207792,0.7778209814137957,0.07784431137724551,0.16883116883116883,0.8426393965316121
supervised,spatial_5fold_repeated,Serting_Basemap,xgboost_balanced,raw4_plus_local,1,1667,154,1513,0.09238152369526095,0.09211928937105682,-0.00026223432420413584,0.504377644827083,0.0,0.0,0.0,0.08333333333333333,0.045454545454545456,0.902056277056277,0.09580838323353294,0.1038961038961039,1.037094641885061,0.08682634730538923,0.18831168831168832,0.9398670192083366
supervised,spatial_5fold_repeated,Serting_Basemap,rf_balanced,raw4_plus_local,1,1667,154,1513,0.09238152369526095,0.08257987472291428,-0.009801648972346672,0.45860550553214136,0.058823529411764705,0.006493506493506494,0.6367456073338426,0.05952380952380952,0.032467532467532464,0.644325912183055,0.0658682634730539,0.07142857142857142,0.7130025662959795,0.0718562874251497,0.15584415584415584,0.7778209814137957
supervised,spatial_5fold_repeated,Serting_Basemap,logreg_l2,raw4_plus_local,2,1667,154,1513,0.09238152369526095,0.08784941956124999,-0.004532104134010964,0.4795109054857898,0.0,0.0,0.0,0.09523809523809523,0.05194805194805195,1.030921459492888,0.0718562874251497,0.07792207792207792,0.7778209814137957,0.07784431137724551,0.16883116883116883,0.8426393965316121
supervised,spatial_5fold_repeated,Serting_Basemap,xgboost_balanced,raw4_plus_local,2,1667,154,1513,0.09238152369526095,0.09164697321263873,-0.0007345504826222204,0.5040385919434168,0.0,0.0,0.0,0.08333333333333333,0.045454545454545456,0.902056277056277,0.09580838323353294,0.1038961038961039,1.037094641885061,0.0748502994011976,0.16233766233766234,0.8102301889727038
supervised,spatial_5fold_repeated,Serting_Basemap,rf_balanced,raw4_plus_local,2,1667,154,1513,0.09238152369526095,0.0822456248848067,-0.01013589881045425,0.45414631634063224,0.058823529411764705,0.006493506493506494,0.6367456073338426,0.07142857142857142,0.03896103896103896,0.773191094619666,0.0718562874251497,0.07792207792207792,0.7778209814137957,0.0718562874251497,0.15584415584415584,0.7778209814137957
supervised,spatial_5fold_repeated,Serting_Basemap,logreg_l2,raw4_plus_ext,0,1667,154,1513,0.09238152369526095,0.08557471609602191,-0.006806807599239045,0.47102170796817194,0.058823529411764705,0.006493506493506494,0.6367456073338426,0.08333333333333333,0.045454545454545456,0.902056277056277,0.07784431137724551,0.08441558441558442,0.8426393965316121,0.0658682634730539,0.14285714285714285,0.7130025662959795
supervised,spatial_5fold_repeated,Serting_Basemap,xgboost_balanced,raw4_plus_ext,0,1667,154,1513,0.09238152369526095,0.0920496066860407,-0.0003319170092202506,0.5001287542596202,0.058823529411764705,0.006493506493506494,0.6367456073338426,0.10714285714285714,0.05844155844155844,1.1597866419294989,0.09580838323353294,0.1038961038961039,1.037094641885061,0.08383233532934131,0.18181818181818182,0.9074578116494283
supervised,spatial_5fold_repeated,Serting_Basemap,logreg_l2,raw4_plus_ext,1,1667,154,1513,0.09238152369526095,0.08557471609602191,-0.006806807599239045,0.47102170796817194,0.058823529411764705,0.006493506493506494,0.6367456073338426,0.08333333333333333,0.045454545454545456,0.902056277056277,0.07784431137724551,0.08441558441558442,0.8426393965316121,0.0658682634730539,0.14285714285714285,0.7130025662959795
supervised,spatial_5fold_repeated,Serting_Basemap,xgboost_balanced,raw4_plus_ext,1,1667,154,1513,0.09238152369526095,0.08958265094391499,-0.0027988727513459655,0.498609453996103,0.0,0.0,0.0,0.08333333333333333,0.045454545454545456,0.902056277056277,0.08383233532934131,0.09090909090909091,0.9074578116494283,0.07784431137724551,0.16883116883116883,0.8426393965316121
supervised,spatial_5fold_repeated,Serting_Basemap,logreg_l2,raw4_plus_ext,2,1667,154,1513,0.09238152369526095,0.08557471609602191,-0.006806807599239045,0.47102170796817194,0.058823529411764705,0.006493506493506494,0.6367456073338426,0.08333333333333333,0.045454545454545456,0.902056277056277,0.07784431137724551,0.08441558441558442,0.8426393965316121,0.0658682634730539,0.14285714285714285,0.7130025662959795
supervised,spatial_5fold_repeated,Serting_Basemap,xgboost_balanced,raw4_plus_ext,2,1667,154,1513,0.09238152369526095,0.09099189144883846,-0.0013896322464224953,0.5023047012471996,0.0,0.0,0.0,0.07142857142857142,0.03896103896103896,0.773191094619666,0.08982035928143713,0.09740259740259741,0.9722762267672447,0.08682634730538923,0.18831168831168832,0.9398670192083366
supervised,spatial_5fold_repeated,Serting_Basemap,logreg_l2,coords_only,0,1667,154,1513,0.09238152369526095,0.11101342045372349,0.018631896758462538,0.5791023253019287,0.0,0.0,0.0,0.07142857142857142,0.03896103896103896,0.773191094619666,0.11377245508982035,0.12337662337662338,1.2315498872385098,0.11377245508982035,0.24675324675324675,1.2315498872385098
supervised,spatial_5fold_repeated,Serting_Basemap,xgboost_balanced,coords_only,0,1667,154,1513,0.09238152369526095,0.1649255162219052,0.07254399252664426,0.6163316194710774,0.35294117647058826,0.03896103896103896,3.820473644003056,0.20238095238095238,0.11038961038961038,2.1907081014223873,0.19760479041916168,0.21428571428571427,2.1390076988879385,0.18263473053892215,0.3961038961038961,1.9769616610933975
supervised,spatial_5fold_repeated,Serting_Basemap,logreg_l2,coords_only,1,1667,154,1513,0.09238152369526095,0.11101342045372349,0.018631896758462538,0.5791023253019287,0.0,0.0,0.0,0.07142857142857142,0.03896103896103896,0.773191094619666,0.11377245508982035,0.12337662337662338,1.2315498872385098,0.11377245508982035,0.24675324675324675,1.2315498872385098
supervised,spatial_5fold_repeated,Serting_Basemap,xgboost_balanced,coords_only,1,1667,154,1513,0.09238152369526095,0.1564021520610437,0.06402062836578273,0.6205290083346924,0.23529411764705882,0.025974025974025976,2.5469824293353702,0.20238095238095238,0.11038961038961038,2.1907081014223873,0.20359281437125748,0.22077922077922077,2.2038261140057545,0.18862275449101795,0.4090909090909091,2.0417800762112135
supervised,spatial_5fold_repeated,Serting_Basemap,logreg_l2,coords_only,2,1667,154,1513,0.09238152369526095,0.11101342045372349,0.018631896758462538,0.5791023253019287,0.0,0.0,0.0,0.07142857142857142,0.03896103896103896,0.773191094619666,0.11377245508982035,0.12337662337662338,1.2315498872385098,0.11377245508982035,0.24675324675324675,1.2315498872385098
supervised,spatial_5fold_repeated,Serting_Basemap,xgboost_balanced,coords_only,2,1667,154,1513,0.09238152369526095,0.1679395968510175,0.07555807315575655,0.619910987888516,0.35294117647058826,0.03896103896103896,3.820473644003056,0.17857142857142858,0.09740259740259741,1.9329777365491652,0.20359281437125748,0.22077922077922077,2.2038261140057545,0.19161676646706588,0.4155844155844156,2.074189283770122
