id,Class,B4,B8,NDVI,clear_count
1,Healthy,343.0,3848.0,0.8363159150560725,27
2,Healthy,447.0,4138.0,0.8050163576881134,27
3,Healthy,340.0,3788.0,0.8352713178294574,27
4,Healthy,377.0,3884.0,0.8230462332785731,27
5,Healthy,302.0,3597.0,0.8450884842267248,27
6,Unhealthy,442.0,4015.0,0.8016603096253085,26
7,Healthy,334.0,4111.0,0.8497187851518561,27
8,Healthy,338.0,3997.0,0.8440599769319492,27
9,Healthy,308.0,3796.0,0.8499025341130604,27
10,Healthy,344.5,4326.0,0.8524783213788674,26
11,Healthy,292.0,3926.0,0.8615457562825984,27
12,Healthy,302.0,3970.0,0.8586142322097379,29
13,Healthy,548.5,4154.0,0.7667198298777246,26
14,Healthy,332.5,3826.5,0.8401057946621784,26
15,Healthy,279.0,4086.0,0.8721649484536083,26
16,Healthy,376.0,4077.0,0.8311250842128902,27
17,Healthy,340.0,3788.0,0.8352713178294574,27
18,Healthy,338.0,3752.0,0.8347188264058679,27
19,Healthy,326.0,3572.0,0.8327347357619292,27
20,Healthy,281.0,3789.0,0.8619164619164619,26
21,Unhealthy,319.0,3743.0,0.8429345150172329,27
22,Healthy,302.0,4077.0,0.8620689655172413,27
23,Healthy,356.0,3845.0,0.8305165436800762,27
24,Healthy,342.0,3975.0,0.8415566365531619,27
25,Healthy,300.0,3775.0,0.852760736196319,27
26,Healthy,343.0,3848.0,0.8363159150560725,27
27,Healthy,343.0,3848.0,0.8363159150560725,27
28,Healthy,349.0,4036.0,0.8408209806157355,27
29,Healthy,356.0,3845.0,0.8305165436800762,27
30,Healthy,269.5,3938.5,0.8719106463878327,26
31,Healthy,346.0,3899.0,0.8369846878680801,27
32,Healthy,363.5,3949.0,0.8314202898550724,26
33,Healthy,275.5,3868.5,0.8670366795366795,26
34,Healthy,377.0,3917.0,0.824406148113647,26
35,Healthy,378.0,3953.0,0.8254444700992842,26
36,Healthy,357.0,4014.0,0.8366506520247083,27
37,Healthy,296.0,3945.0,0.8604102805941994,27
38,Healthy,284.5,4083.0,0.8697195191757299,26
39,Healthy,374.0,3972.0,0.8278877128393926,27
40,Healthy,374.0,3972.0,0.8278877128393926,27
41,Healthy,309.5,4004.0,0.8564970441636722,24
42,Healthy,296.0,3945.0,0.8604102805941994,27
43,Healthy,518.5,4089.5,0.7749565972222222,26
44,Healthy,313.0,3916.0,0.8519744620477654,27
45,Healthy,385.5,4052.5,0.8262730959891843,26
46,Unhealthy,404.0,3945.0,0.8142101632559209,27
47,Healthy,303.0,4004.0,0.8592988158811238,27
48,Healthy,298.0,3938.0,0.8593012275731823,27
49,Healthy,312.0,3917.5,0.8524648303581984,28
50,Healthy,296.0,3728.0,0.852882703777336,27
51,Healthy,307.0,3875.0,0.8531802965088474,27
52,Healthy,333.5,3918.5,0.8431326434619003,26
53,Healthy,278.5,3986.5,0.8694021101992966,26
54,Healthy,325.0,4023.0,0.8505059797608095,27
55,Unhealthy,288.0,3972.0,0.8647887323943662,27
56,Healthy,307.0,3875.0,0.8531802965088474,27
57,Healthy,266.0,4126.0,0.8788706739526412,27
58,Healthy,289.5,4150.5,0.8695945945945946,26
59,Healthy,346.0,3804.0,0.8332530120481928,27
60,Healthy,307.0,4051.5,0.8591258460479523,28
61,Healthy,296.0,3627.5,0.8491143112017332,28
62,Healthy,281.5,3918.5,0.8659523809523809,26
63,Healthy,293.0,3967.0,0.8624413145539906,27
64,Healthy,319.0,4316.0,0.86235167206041,27
65,Healthy,456.0,4167.0,0.8027255029201817,26
66,Unhealthy,309.0,3711.0,0.8462686567164179,28
67,Healthy,354.0,4029.5,0.8384852286985286,26
68,Healthy,340.0,3865.0,0.8382877526753865,26
69,Healthy,289.0,4004.0,0.8653622175634754,29
70,Healthy,329.5,4250.5,0.8561135371179039,26
71,Unhealthy,426.0,3871.5,0.8017452006980803,28
72,Healthy,292.0,4101.5,0.8670763628086947,26
73,Healthy,321.0,4126.0,0.8556330110186643,27
74,Healthy,280.5,4121.5,0.872557928214448,26
75,Healthy,329.5,3728.0,0.83758471965496,26
76,Healthy,365.0,3890.5,0.8284572905651509,26
77,Healthy,438.0,3967.0,0.8011350737797956,27
78,Healthy,363.5,4002.5,0.8334860284012826,26
79,Unhealthy,351.0,3858.0,0.8332145402708482,27
80,Healthy,302.0,3755.0,0.8511215183633226,26
81,Healthy,289.5,4150.5,0.8695945945945946,26
82,Healthy,307.0,3875.0,0.8531802965088474,27
83,Healthy,289.0,3809.0,0.8589555880917521,29
84,Unhealthy,316.0,4000.5,0.8535850805050388,28
85,Healthy,428.0,4050.0,0.8088432335864225,27
86,Healthy,270.0,4101.5,0.876472606656754,26
87,Healthy,346.0,3835.0,0.8344893566132504,27
88,Healthy,315.0,4041.0,0.8553719008264463,25
89,Healthy,319.5,3791.5,0.8445633665774751,26
90,Healthy,350.0,3891.5,0.8349640457385359,26
91,Healthy,272.0,3845.0,0.867864950206461,27
92,Healthy,383.0,3908.0,0.8214868329060825,27
93,Healthy,290.0,3750.0,0.8564356435643564,27
94,Healthy,291.5,4116.5,0.8677404718693285,26
95,Healthy,285.0,3926.0,0.8646402279743529,29
96,Healthy,308.0,3796.0,0.8499025341130604,27
97,Healthy,275.0,3545.0,0.856020942408377,29
98,Healthy,279.5,3840.0,0.8643039203786868,24
99,Healthy,321.0,4126.0,0.8556330110186643,27
100,Healthy,280.0,3742.5,0.8607830950901181,28
101,Healthy,316.0,4092.0,0.8566243194192378,28
102,Healthy,274.0,4075.0,0.8739940216141642,27
103,Healthy,275.0,3652.0,0.8599439775910365,29
104,Healthy,329.5,4250.5,0.8561135371179039,26
105,Healthy,316.0,4000.5,0.8535850805050388,28
106,Healthy,428.0,4050.0,0.8088432335864225,27
107,Healthy,402.5,4147.5,0.823076923076923,26
108,Healthy,269.0,3971.5,0.8731281688480133,22
109,Healthy,289.5,4140.5,0.8693002257336343,26
110,Healthy,287.0,4062.5,0.8680308081388666,26
111,Healthy,307.0,3969.5,0.8564246463229276,28
112,Healthy,274.0,3716.0,0.86265664160401,29
113,Healthy,309.0,3711.0,0.8462686567164179,28
114,Healthy,279.5,3935.5,0.8673784104389086,22
115,Healthy,306.0,3982.0,0.8572761194029851,27
116,Healthy,275.0,3782.0,0.8644318461917673,27
117,Healthy,289.5,4150.5,0.8695945945945946,26
118,Healthy,334.0,4111.0,0.8497187851518561,27
119,Healthy,283.0,3921.0,0.8653663177925784,27
120,Healthy,273.5,4028.0,0.8728350575380681,22
121,Healthy,404.0,4288.0,0.8277919863597613,27
122,Healthy,282.0,3847.5,0.8634217217580821,24
123,Healthy,319.0,3940.0,0.8501995773655788,29
124,Unhealthy,363.5,4002.5,0.8334860284012826,26
125,Healthy,444.0,3643.0,0.7827257156838757,27
126,Healthy,282.0,3987.0,0.8678847505270555,27
127,Unhealthy,308.0,4102.0,0.8603174603174604,27
128,Healthy,337.0,3693.5,0.8327750899392135,26
129,Healthy,333.5,3918.5,0.8431326434619003,26
130,Healthy,318.0,3909.0,0.8495386799148332,29
131,Healthy,269.0,4094.0,0.8766903506761403,26
132,Healthy,290.0,3750.0,0.8564356435643564,27
133,Healthy,277.0,3894.0,0.8671781347398705,27
134,Healthy,289.5,3869.5,0.8607838422697763,26
135,Healthy,280.0,3860.0,0.8647342995169082,27
136,Healthy,278.0,3901.0,0.8669538167025604,27
137,Healthy,277.0,3848.0,0.8656969696969697,22
138,Healthy,287.0,3834.0,0.8607134190730406,27
139,Healthy,270.0,4063.0,0.8753750288483729,27
140,Healthy,284.0,3900.0,0.864244741873805,26
141,Healthy,284.5,4161.5,0.8720197930724246,22
142,Healthy,265.0,3892.0,0.8725042097666587,23
143,Healthy,278.0,3901.0,0.8669538167025604,27
144,Healthy,276.0,4158.0,0.8755074424898511,27
145,Healthy,322.5,4089.5,0.8538077969174978,28
146,Healthy,286.0,3755.0,0.8584508784954219,29
147,Healthy,280.0,4021.0,0.8697977214601256,25
148,Unhealthy,289.0,3656.0,0.8534854245880862,28
149,Healthy,324.0,3933.0,0.8477801268498943,29
150,Healthy,279.5,3840.0,0.8643039203786868,24
151,Healthy,299.0,3996.5,0.860784541962519,24
152,Unhealthy,287.0,3540.0,0.8500130650640189,28
153,Healthy,328.0,3992.5,0.8481657215600046,28
154,Healthy,299.0,3617.0,0.8472931562819204,29
155,Healthy,338.5,3913.5,0.8407808090310442,26
156,Healthy,349.0,4036.0,0.8408209806157355,27
157,Healthy,284.0,4065.0,0.8693952632789147,26
158,Healthy,309.0,4172.0,0.8620843561704976,27
159,Healthy,294.5,3975.0,0.8620447359175547,24
160,Healthy,275.0,4133.0,0.8752268602540835,23
161,Healthy,272.5,3745.5,0.8643603782976605,28
162,Healthy,275.0,3652.0,0.8599439775910365,29
163,Healthy,292.0,3809.0,0.8575957083638137,29
164,Healthy,280.0,4031.0,0.8700997448387845,27
165,Healthy,361.0,3779.0,0.8256038647342995,27
166,Healthy,297.0,3889.0,0.8580984233158147,27
167,Healthy,293.0,3967.0,0.8624413145539906,27
168,Unhealthy,374.0,3997.0,0.8288721116449325,22
169,Healthy,256.0,4017.5,0.8801918801918802,26
170,Healthy,298.0,3987.0,0.8609101516919486,24
171,Healthy,285.0,3682.0,0.8563145954121503,27
172,Healthy,299.0,3617.0,0.8472931562819204,29
173,Healthy,285.0,3962.0,0.8657876147869084,27
174,Healthy,365.0,3806.0,0.8249820187005514,27
175,Healthy,280.5,3975.0,0.8681706027493832,26
176,Healthy,292.0,3809.0,0.8575957083638137,29
177,Healthy,281.5,3918.5,0.8659523809523809,26
178,Healthy,283.0,3776.5,0.8605739623106294,28
179,Healthy,470.0,3863.5,0.7830852659513096,26
180,Healthy,268.5,3823.0,0.868752291335696,22
181,Healthy,325.0,3965.0,0.8484848484848485,29
182,Healthy,290.5,4174.0,0.8698622466121626,26
183,Healthy,354.0,4029.5,0.8384852286985286,26
184,Unhealthy,286.0,3823.0,0.8607933803845218,27
185,Healthy,367.5,3818.0,0.8243937402938717,26
186,Healthy,305.0,3745.0,0.8493827160493828,28
187,Healthy,269.5,3945.0,0.872108197888243,22
188,Healthy,289.0,4004.0,0.8653622175634754,29
189,Healthy,365.0,3890.5,0.8284572905651509,26
190,Healthy,282.0,4058.0,0.8700460829493087,27
191,Healthy,294.0,3687.0,0.8522984174830445,27
192,Healthy,266.5,3886.5,0.8716590416566338,24
193,Unhealthy,327.0,3846.5,0.8432969929315922,22
194,Unhealthy,397.5,3901.5,0.8150732728541521,28
195,Healthy,275.0,4133.0,0.8752268602540835,23
196,Healthy,274.0,3962.5,0.8706479405169362,26
197,Healthy,293.0,3645.0,0.851193499238192,27
198,Healthy,278.0,3901.0,0.8669538167025604,27
199,Healthy,272.5,3991.5,0.8721857410881801,22
200,Unhealthy,445.0,3890.0,0.7946943483275664,26
201,Healthy,266.5,3886.0,0.8716435881998796,24
202,Healthy,276.0,4141.0,0.8750282997509622,27
203,Healthy,363.5,4002.5,0.8334860284012826,26
204,Healthy,267.0,4008.0,0.8750877192982456,26
205,Healthy,317.0,3926.0,0.8505774216356352,27
206,Healthy,256.0,4017.5,0.8801918801918802,26
207,Healthy,272.0,4102.0,0.8756287151348879,27
208,Healthy,282.0,3847.5,0.8634217217580821,24
209,Healthy,265.0,3990.5,0.8754552931500411,22
210,Unhealthy,275.0,4092.0,0.8740554156171285,27
211,Healthy,276.0,4158.0,0.8755074424898511,27
212,Healthy,264.0,3890.5,0.8729088939703935,22
213,Healthy,283.5,3934.0,0.8655601659751038,26
214,Healthy,275.0,4092.0,0.8740554156171285,27
215,Healthy,280.5,4010.0,0.8692460086237035,24
216,Healthy,275.0,4133.0,0.8752268602540835,23
217,Healthy,287.0,3834.0,0.8607134190730406,27
218,Healthy,292.0,3877.0,0.8599184456704245,29
219,Healthy,372.0,3938.0,0.8273781902552204,27
220,Healthy,299.0,3996.5,0.860784541962519,24
221,Healthy,270.0,4001.5,0.8735807093526864,26
222,Healthy,292.0,3877.0,0.8599184456704245,29
223,Healthy,279.0,3992.0,0.869351439943807,27
224,Healthy,281.5,4059.0,0.8702914410782168,26
225,Healthy,262.5,3666.0,0.8663612065673921,24
226,Unhealthy,282.5,3741.0,0.8595749968932521,28
227,Healthy,277.0,3952.5,0.8690152500295544,24
228,Healthy,258.0,3877.0,0.8752116082224909,23
229,Healthy,280.0,3984.5,0.8686833157462774,26
230,Healthy,296.5,3816.0,0.85580547112462,28
231,Healthy,443.0,3796.0,0.7909884406699693,27
232,Healthy,278.0,3870.0,0.8659594985535197,23
233,Healthy,277.5,3788.0,0.8634854261468454,26
234,Healthy,286.0,3855.0,0.8618691137406423,27
235,Healthy,271.5,3833.0,0.8677061761481301,22
236,Healthy,278.0,3865.0,0.8657977311127203,27
237,Healthy,271.5,3623.0,0.860572602387983,24
238,Healthy,308.0,4025.0,0.8578352180936996,26
239,Unhealthy,274.0,3979.0,0.8711497766282624,27
240,Healthy,376.0,4077.0,0.8311250842128902,27
241,Healthy,277.0,3894.0,0.8671781347398705,27
242,Healthy,267.5,3766.0,0.8673608528573199,24
243,Healthy,298.0,3954.0,0.8598306679209784,27
244,Healthy,274.0,4134.0,0.8756805807622504,27
245,Healthy,278.0,3730.0,0.8612774451097804,27
246,Healthy,280.0,4089.0,0.8718242160677501,27
247,Healthy,282.0,3987.0,0.8678847505270555,27
248,Healthy,277.0,3894.0,0.8671781347398705,27
249,Healthy,327.0,3846.5,0.8432969929315922,22
250,Healthy,377.0,3884.0,0.8230462332785731,27
251,Healthy,346.0,3835.0,0.8344893566132504,27
252,Healthy,276.0,3738.0,0.8624813153961136,27
253,Healthy,270.5,3663.0,0.8624634549383501,24
254,Healthy,334.0,3760.0,0.8368343917928676,27
255,Healthy,300.0,3775.0,0.852760736196319,27
256,Healthy,269.0,3962.0,0.8728432994563933,26
257,Healthy,272.5,3745.5,0.8643603782976605,28
258,Healthy,282.0,4058.0,0.8700460829493087,27
259,Healthy,296.0,3843.0,0.8569702826769752,27
260,Healthy,269.5,4036.0,0.8748112878875857,26
261,Healthy,272.0,4070.0,0.8747121142330723,27
262,Healthy,277.0,3952.5,0.8690152500295544,24
263,Healthy,274.0,3962.5,0.8706479405169362,26
264,Healthy,275.0,3652.0,0.8599439775910365,29
265,Unhealthy,316.0,4000.5,0.8535850805050388,28
266,Healthy,317.5,3984.0,0.8523770777635709,22
267,Unhealthy,284.0,3955.0,0.8660061335220571,24
268,Healthy,270.5,3663.0,0.8624634549383501,24
269,Unhealthy,305.0,3621.0,0.8446255731023943,27
270,Healthy,275.0,3933.0,0.8692965779467681,27
271,Healthy,277.0,3848.0,0.8656969696969697,22
272,Healthy,263.0,3988.5,0.8762789603669293,26
273,Unhealthy,272.5,3763.5,0.8649653121902874,28
274,Healthy,274.5,3705.5,0.8620603015075377,26
275,Healthy,273.0,4005.0,0.8723702664796634,26
276,Unhealthy,277.0,3679.0,0.8599595551061678,23
277,Healthy,269.0,4094.0,0.8766903506761403,26
278,Healthy,260.5,3759.5,0.8703980099502487,22
279,Unhealthy,333.0,3806.0,0.839091568011597,27
280,Healthy,278.0,3870.0,0.8659594985535197,23
281,Healthy,262.5,3666.0,0.8663612065673921,24
282,Healthy,274.0,4004.0,0.8719027582982702,27
283,Healthy,281.0,3931.0,0.8665716999050332,29
284,Healthy,282.0,4130.0,0.8721668177697189,26
285,Healthy,330.0,3792.0,0.8398835516739447,23
286,Healthy,275.0,3987.0,0.8709526044110746,27
287,Healthy,298.0,3714.5,0.8514641744548287,28
288,Healthy,258.0,3877.0,0.8752116082224909,23
289,Healthy,269.0,4094.0,0.8766903506761403,26
290,Healthy,347.0,3916.5,0.8372229388999648,22
291,Healthy,275.0,4068.0,0.8733594289661525,27
292,Healthy,267.0,4008.0,0.8750877192982456,26
293,Healthy,260.0,3663.0,0.8674483813408106,23
294,Healthy,267.5,3838.0,0.8696870052368774,24
295,Unhealthy,275.0,3782.0,0.8644318461917673,27
296,Healthy,267.5,3838.0,0.8696870052368774,24
297,Healthy,284.5,3773.5,0.8597831444061114,22
298,Healthy,292.0,3877.0,0.8599184456704245,29
299,Healthy,273.5,4028.0,0.8728350575380681,22
300,Healthy,314.0,3829.5,0.8484373114516713,26
301,Healthy,284.5,4161.5,0.8720197930724246,22
302,Healthy,267.0,3824.5,0.8694855187584015,24
303,Healthy,273.0,3985.5,0.8717858400845369,22
304,Healthy,275.0,3901.5,0.8683107865437567,26
305,Healthy,280.0,3916.0,0.8665395614871306,27
306,Healthy,302.0,3812.5,0.8532020901689148,22
307,Healthy,274.0,3904.5,0.8688524590163934,22
308,Healthy,327.0,3894.0,0.8450604122245914,23
309,Healthy,276.0,3950.0,0.869380028395646,23
310,Healthy,285.0,3899.0,0.8637667304015296,23
311,Healthy,260.0,3663.0,0.8674483813408106,23
312,Healthy,313.0,3898.5,0.8513593731449602,22
313,Healthy,272.5,3864.5,0.8682620256224317,24
314,Healthy,292.0,4101.5,0.8670763628086947,26
315,Healthy,285.5,3835.5,0.8614413977190002,22
316,Healthy,293.0,3923.5,0.8610221747895174,24
317,Healthy,350.0,3891.5,0.8349640457385359,26
318,Healthy,292.5,4092.5,0.8665906499429875,26
319,Healthy,282.0,4130.0,0.8721668177697189,26
320,Healthy,283.0,3776.5,0.8605739623106294,28
321,Healthy,356.5,3667.0,0.8227911022741394,22
322,Unhealthy,327.0,3846.5,0.8432969929315922,22
323,Healthy,278.0,4133.0,0.8739514849240535,23
324,Healthy,298.0,3987.0,0.8609101516919486,24
325,Healthy,280.0,4026.0,0.8699489084997678,23
326,Healthy,267.5,3838.0,0.8696870052368774,24
327,Healthy,303.0,3662.0,0.8471626733921815,24
328,Unhealthy,262.5,3666.0,0.8663612065673921,24
329,Healthy,364.0,3745.0,0.8228279386712095,27
330,Healthy,382.0,3926.0,0.8226555246053854,27
331,Healthy,320.0,3618.0,0.8374809547993906,27
332,Healthy,474.0,3757.0,0.7759394942094068,27
333,Healthy,420.0,3872.0,0.804287045666356,27
334,Healthy,494.0,3733.0,0.7662644901821623,27
335,Healthy,325.5,3687.5,0.8377772240219288,26
336,Healthy,453.0,3835.0,0.7887126865671642,27
337,Healthy,310.0,3751.0,0.8473282442748091,24
338,Unhealthy,486.0,3821.0,0.774320872997446,27
339,Healthy,374.5,3857.0,0.8229942100909843,28
340,Healthy,317.0,3948.0,0.851348182883939,26
341,Healthy,325.5,3687.5,0.8377772240219288,26
342,Healthy,305.0,3904.0,0.855072463768116,27
343,Healthy,461.0,3931.0,0.7900728597449909,27
344,Healthy,335.0,3898.0,0.8417198204583038,27
345,Healthy,311.0,3981.0,0.8550792171481827,28
346,Healthy,411.0,3505.0,0.7900919305413687,23
347,Healthy,320.0,3813.0,0.845148802322768,27
348,Healthy,305.0,3904.0,0.855072463768116,27
349,Healthy,269.0,3902.5,0.8710296056574374,24
350,Healthy,373.0,3872.0,0.8242638398115429,27
351,Healthy,296.0,3685.0,0.8512936448128611,27
352,Healthy,297.5,3750.0,0.8529956763434219,26
353,Healthy,310.0,3751.0,0.8473282442748091,24
354,Healthy,372.0,3748.0,0.8194174757281554,28
355,Healthy,386.0,3560.0,0.8043588443993918,27
356,Healthy,293.0,3979.0,0.8628277153558053,27
357,Healthy,320.0,3850.0,0.8465227817745803,27
358,Healthy,311.0,3692.5,0.8446359435493943,20
359,Healthy,285.0,3918.0,0.8643825838686653,27
360,Healthy,334.0,3743.0,0.8361540348295315,27
361,Healthy,284.5,3793.0,0.860453709380748,24
362,Healthy,457.0,3556.0,0.7722402192873162,26
363,Healthy,316.5,3900.0,0.8498754891497687,28
364,Healthy,482.0,3769.0,0.7732298282756999,27
365,Healthy,451.0,3882.0,0.79183014078006,27
366,Healthy,297.0,4007.5,0.8620048786154025,22
367,Unhealthy,449.0,3716.0,0.7843937575030012,27
368,Healthy,346.5,3840.0,0.8344679326406306,26
369,Healthy,340.0,3870.0,0.838479809976247,25
370,Healthy,336.0,3713.0,0.8340330945912571,27
371,Healthy,299.0,4060.0,0.8628125716907548,27
372,Healthy,302.0,3787.0,0.8522866226461238,27
373,Healthy,297.0,3850.0,0.8567639257294429,27
374,Healthy,282.0,3850.0,0.8635043562439496,23
375,Healthy,474.0,3823.0,0.7793809634628811,27
376,Healthy,290.0,3983.0,0.8642639831500117,24
377,Healthy,320.0,3850.0,0.8465227817745803,27
378,Healthy,302.0,3721.0,0.8498632861048968,27
379,Healthy,332.0,3965.0,0.8454735862229462,27
380,Healthy,299.0,4028.0,0.8617980124797782,25
381,Healthy,287.0,3821.0,0.8602726387536515,27
382,Healthy,312.0,3730.0,0.8456209797130133,27
383,Healthy,356.0,3850.0,0.8307180218735141,24
384,Healthy,261.5,3525.0,0.8618777234913508,20
385,Healthy,292.5,3982.0,0.8631418879401099,22
386,Healthy,270.0,4028.0,0.8743601675197766,23
387,Healthy,289.0,3828.0,0.8596065095943648,27
388,Healthy,299.0,3733.0,0.8516865079365079,25
389,Healthy,372.0,3748.0,0.8194174757281554,28
390,Healthy,325.0,3956.0,0.8481663162812427,27
391,Healthy,299.0,3684.0,0.849861913130806,20
392,Healthy,310.5,3900.0,0.8525115781973638,22
393,Healthy,290.0,3983.0,0.8642639831500117,24
394,Healthy,288.0,4056.0,0.8674033149171271,27
395,Healthy,310.0,3563.0,0.8399173767105603,20
396,Healthy,302.0,3721.0,0.8498632861048968,27
397,Healthy,351.0,3873.5,0.8338264883418156,20
398,Healthy,309.0,3893.0,0.8529271775345074,28
399,Healthy,272.0,4087.0,0.8752007341133288,22
400,Healthy,286.5,4033.5,0.8673611111111111,24
401,Healthy,270.0,4037.0,0.8746227072208034,22
402,Healthy,289.5,4033.0,0.8660497397339503,22
403,Healthy,299.0,4060.0,0.8628125716907548,27
404,Healthy,335.0,3574.0,0.8286006651317472,27
405,Healthy,326.0,3743.0,0.8397640697960187,23
406,Healthy,290.0,3685.5,0.8541064017104767,20
407,Healthy,289.5,3807.5,0.8586770807908225,24
408,Healthy,300.0,4053.5,0.8621798552888481,28
409,Healthy,281.0,3962.5,0.8675621538824084,22
410,Healthy,285.0,3931.0,0.8648007590132827,27
411,Healthy,325.0,3767.0,0.8411534701857283,21
412,Healthy,321.0,3839.0,0.8456730769230769,27
413,Healthy,285.0,3823.0,0.8612463485881208,27
414,Healthy,352.5,3833.0,0.8315613427308566,28
415,Unhealthy,386.0,3560.0,0.8043588443993918,27
416,Healthy,280.5,3922.0,0.8665080309339679,22
417,Healthy,293.0,3979.0,0.8628277153558053,27
418,Healthy,253.5,3569.5,0.8673816374574941,20
419,Healthy,337.0,3784.0,0.8364474642077165,25
420,Healthy,264.0,3907.5,0.8734268248831356,24
421,Healthy,299.0,3978.5,0.8601987142022209,28
422,Healthy,280.0,3845.0,0.8642424242424243,23
423,Healthy,290.0,3983.0,0.8642639831500117,24
424,Healthy,279.0,3919.0,0.8670795616960457,24
425,Healthy,379.0,3865.0,0.8213949104618284,27
426,Healthy,269.5,3624.5,0.8615819209039548,20
427,Healthy,292.0,3850.0,0.859005311443747,27
428,Unhealthy,416.0,3738.0,0.7997111218103033,27
429,Healthy,310.0,3560.0,0.8397932816537468,27
430,Healthy,300.0,3846.5,0.8552996503074882,24
431,Unhealthy,325.0,3926.0,0.8470948012232415,27
432,Healthy,343.0,3914.0,0.8388536528071412,27
433,Healthy,272.0,4087.0,0.8752007341133288,22
434,Healthy,310.0,3906.0,0.8529411764705882,27
435,Healthy,312.0,3755.0,0.8465699532825178,27
436,Healthy,286.5,4033.5,0.8673611111111111,24
437,Healthy,348.5,3574.0,0.8223072020395156,20
438,Healthy,290.5,3858.0,0.8599493792937206,24
439,Healthy,293.0,3931.0,0.8612689393939394,27
440,Healthy,271.0,4124.0,0.8766780432309442,23
441,Healthy,346.5,3840.0,0.8344679326406306,26
442,Healthy,310.0,3906.0,0.8529411764705882,27
443,Healthy,281.0,3962.5,0.8675621538824084,22
444,Healthy,287.0,3760.0,0.8581665431183593,23
445,Healthy,280.5,3922.0,0.8665080309339679,22
446,Healthy,279.5,4129.5,0.8732138806985711,24
447,Healthy,277.0,3943.0,0.8687203791469195,23
448,Healthy,331.0,3826.0,0.8407505412557132,27
449,Healthy,274.5,4050.5,0.8730635838150289,22
450,Healthy,274.0,4008.5,0.8720373613543491,22
451,Healthy,339.0,3816.0,0.8368231046931408,25
452,Healthy,256.5,3595.0,0.8668051408542127,20
453,Healthy,269.5,3624.5,0.8615819209039548,20
454,Healthy,269.0,3902.5,0.8710296056574374,24
455,Healthy,277.0,4001.0,0.8705002337540907,22
456,Healthy,290.5,4000.0,0.8645845472555647,22
457,Healthy,297.0,3850.0,0.8567639257294429,27
458,Healthy,309.0,3893.0,0.8529271775345074,28
459,Healthy,394.0,3694.0,0.8072407045009785,27
460,Healthy,339.0,3929.5,0.841162000702823,22
461,Healthy,277.0,3943.0,0.8687203791469195,23
462,Healthy,310.0,4002.5,0.856231884057971,28
463,Healthy,328.0,3799.5,0.8410660205935796,20
464,Healthy,352.0,3816.0,0.8310940499040307,27
465,Healthy,289.0,4086.0,0.8678857142857143,23
466,Healthy,271.0,3992.0,0.8728594886230354,23
467,Healthy,271.0,4104.0,0.8761142857142857,23
468,Healthy,293.0,3979.0,0.8628277153558053,27
469,Healthy,334.0,3867.0,0.8409902404189479,23
470,Healthy,304.0,4048.0,0.8602941176470589,27
471,Healthy,285.0,4077.0,0.8693259972489684,27
472,Unhealthy,282.0,3904.0,0.8652651696129957,23
473,Healthy,312.5,3732.0,0.8454691556434665,20
474,Healthy,323.0,3697.0,0.8393034825870647,20
475,Healthy,279.5,4129.5,0.8732138806985711,24
476,Healthy,323.0,4044.5,0.8520892959358901,28
477,Healthy,296.5,4117.5,0.8656547349343,24
478,Healthy,335.5,3853.5,0.8398185724516591,28
479,Healthy,274.0,3847.5,0.8670386995026083,24
480,Healthy,306.0,4017.5,0.8584480166531745,22
481,Healthy,307.0,3835.0,0.8517624336069531,27
482,Healthy,247.5,3683.0,0.874061824195395,20
483,Healthy,303.0,3916.0,0.8563640673145295,27
484,Healthy,256.5,4009.0,0.8797327394209354,22
485,Healthy,320.0,3813.0,0.845148802322768,27
486,Healthy,289.0,3918.0,0.8626099358212503,22
487,Healthy,268.0,3564.0,0.860125260960334,20
488,Healthy,335.5,3853.5,0.8398185724516591,28
489,Healthy,292.0,3850.0,0.859005311443747,27
490,Healthy,264.0,3907.5,0.8734268248831356,24
491,Healthy,331.0,3976.5,0.8463145676146256,22
492,Healthy,282.0,3849.0,0.8634713144517067,24
493,Healthy,346.0,3588.0,0.824097610574479,27
494,Healthy,278.0,3948.0,0.8684335068622812,25
495,Healthy,264.5,3980.0,0.8753681234538815,22
496,Healthy,278.0,3626.5,0.8576002048917916,20
497,Healthy,302.5,3938.0,0.8573281452658884,22
498,Healthy,352.0,3926.0,0.8354371201496026,23
499,Healthy,300.0,3818.0,0.8542982030111704,27
500,Healthy,287.0,3808.5,0.8598461726284947,24
501,Healthy,384.0,3948.0,0.8227146814404432,27
502,Healthy,278.0,3905.0,0.8670810423141286,22
503,Healthy,272.0,3953.0,0.8712426035502958,23
504,Healthy,299.5,3687.5,0.8497617256082267,20
505,Healthy,309.5,3607.5,0.8419708960939495,20
506,Healthy,280.0,3668.0,0.8581560283687943,20
507,Healthy,304.5,3966.0,0.8573937478047067,28
508,Healthy,290.5,3953.5,0.8631008482563619,22
509,Healthy,281.5,3996.5,0.8683964469378214,22
510,Healthy,287.0,4023.0,0.8668213457076566,23
511,Healthy,295.0,4012.5,0.8630295995356936,24
512,Healthy,280.0,3966.0,0.868111163447951,26
513,Healthy,279.0,3982.0,0.8690448251584135,25
514,Healthy,276.0,3864.5,0.8666827677816689,24
515,Healthy,299.5,3687.5,0.8497617256082267,20
516,Healthy,298.0,3675.5,0.8500062916823958,20
517,Healthy,284.0,3524.0,0.8508403361344538,20
518,Unhealthy,318.5,3700.0,0.8414831404753017,24
519,Healthy,269.0,4067.0,0.8759225092250923,23
520,Healthy,273.5,4015.0,0.8724495744432785,22
521,Healthy,361.5,3715.0,0.8226419722801422,20
522,Healthy,328.0,3876.0,0.8439581351094196,28
523,Healthy,309.0,3785.0,0.84904738641915,24
524,Healthy,324.5,4162.5,0.8553599286828616,26
525,Healthy,292.0,3845.0,0.8588349045201837,22
526,Unhealthy,296.0,3685.0,0.8512936448128611,27
527,Healthy,266.5,3676.0,0.8648065948002537,20
528,Unhealthy,298.0,4109.0,0.86476060812344,23
529,Healthy,263.5,4007.5,0.8766096932802623,22
530,Healthy,324.5,3640.0,0.8362971370916887,20
531,Healthy,281.0,3875.0,0.8647738209817132,23
532,Healthy,278.0,3626.5,0.8576002048917916,20
533,Healthy,289.0,4112.5,0.8686811314324662,24
534,Healthy,295.0,3875.0,0.8585131894484412,25
535,Healthy,287.5,4044.5,0.8672668513388735,22
536,Healthy,292.0,3845.0,0.8588349045201837,22
537,Healthy,311.0,3998.5,0.8556677108713308,22
538,Healthy,284.0,4082.0,0.869903802107192,22
539,Healthy,310.0,3644.0,0.8431967627718766,20
540,Healthy,252.0,3634.0,0.8703036541430778,20
541,Healthy,282.0,3910.0,0.8654580152671756,23
542,Healthy,291.5,4104.0,0.8673643499033102,22
543,Healthy,273.0,3892.0,0.8689075630252101,23
544,Healthy,256.0,4045.0,0.8809579167635434,23
545,Healthy,335.0,4028.0,0.8464359385743754,27
546,Healthy,306.0,4017.5,0.8584480166531745,22
547,Healthy,271.0,4124.0,0.8766780432309442,23
548,Healthy,314.5,4107.5,0.857756671189507,22
549,Healthy,270.0,3908.5,0.8707670216584898,24
550,Healthy,284.5,3919.0,0.8646366123468539,22
551,Healthy,347.0,3634.0,0.8256719417231851,20
552,Healthy,277.0,4001.0,0.8705002337540907,22
553,Healthy,287.5,3962.5,0.8647058823529412,28
554,Healthy,271.0,4065.0,0.875,23
555,Healthy,293.0,3792.0,0.8565483476132191,27
556,Healthy,317.0,3794.0,0.8457796156652883,23
557,Healthy,297.5,4000.5,0.8615635179153095,22
558,Healthy,290.0,3925.5,0.8624125252046021,22
559,Healthy,319.0,4071.0,0.8546697038724373,24
560,Healthy,352.5,3833.0,0.8315613427308566,28
561,Healthy,331.0,3976.5,0.8463145676146256,22
562,Unhealthy,311.0,3981.0,0.8550792171481827,28
563,Healthy,331.5,3590.5,0.8309535951045385,20
564,Healthy,290.5,4000.0,0.8645845472555647,22
565,Healthy,282.0,3869.5,0.8641454895820788,22
566,Healthy,301.0,3784.0,0.8526315789473684,24
567,Healthy,314.5,3856.0,0.8491787555448987,28
568,Healthy,264.0,4055.0,0.8777494790460755,22
569,Healthy,270.0,3896.0,0.8703792606817091,22
570,Healthy,313.0,3756.0,0.8461538461538461,23
571,Healthy,302.0,4012.0,0.8599907278627724,23
572,Healthy,288.0,3818.5,0.8597345671496408,20
573,Healthy,285.5,4040.0,0.8679921396370361,22
574,Healthy,271.0,4104.0,0.8761142857142857,23
575,Healthy,278.0,3916.0,0.8674296614210777,22
576,Healthy,258.5,3592.5,0.8657491560633601,20
577,Healthy,274.0,4146.0,0.8760180995475113,24
578,Healthy,270.0,4036.0,0.8745935903390618,22
579,Healthy,289.0,3999.0,0.8652052238805971,22
580,Healthy,281.0,4080.0,0.8711304746617748,23
581,Healthy,281.5,3858.5,0.8640096618357488,22
582,Healthy,288.5,4040.5,0.8667128667128667,22
583,Healthy,278.0,3905.0,0.8670810423141286,22
584,Healthy,270.5,4069.0,0.8753312593616777,24
585,Healthy,264.0,4054.0,0.8777211672070403,22
586,Healthy,278.0,3790.5,0.8633402974069068,22
587,Healthy,277.5,3651.0,0.8587247040855288,20
588,Healthy,310.0,3644.0,0.8431967627718766,20
589,Healthy,260.0,4089.0,0.8804322832835134,23
590,Healthy,305.0,4080.0,0.8608893956670467,27
591,Healthy,305.0,3697.5,0.8475952529668956,20
592,Healthy,311.5,3940.5,0.853480714957667,22
593,Healthy,283.0,3828.0,0.8623206032595475,23
594,Healthy,279.5,4129.5,0.8732138806985711,24
595,Healthy,278.0,4092.0,0.8727688787185355,23
596,Healthy,305.0,3606.0,0.8440296599335209,20
597,Healthy,330.5,4068.0,0.8497214959645334,26
598,Healthy,281.0,3960.0,0.8674840839424663,25
599,Healthy,277.0,4106.0,0.8736025553274013,23
600,Healthy,324.5,4162.5,0.8553599286828616,26
601,Healthy,269.5,4035.5,0.8747967479674796,22
602,Healthy,309.5,3607.5,0.8419708960939495,20
603,Healthy,305.0,3697.5,0.8475952529668956,20
604,Healthy,303.0,3949.0,0.8574788334901223,28
605,Healthy,310.0,3906.0,0.8529411764705882,27
606,Healthy,324.5,4162.5,0.8553599286828616,26
607,Healthy,262.5,3698.0,0.8674409796742836,20
608,Healthy,291.0,3826.0,0.858634928345883,27
609,Healthy,288.0,3879.0,0.8617710583153347,23
610,Unhealthy,274.0,4107.0,0.8749144031043141,22
611,Healthy,327.0,3940.0,0.8467307241621749,23
612,Healthy,303.0,4040.5,0.860481178772879,22
613,Healthy,287.5,4044.5,0.8672668513388735,22
614,Healthy,249.0,3699.0,0.8738601823708206,20
615,Healthy,271.0,3921.0,0.870706106870229,22
616,Healthy,289.0,4112.5,0.8686811314324662,24
617,Healthy,281.5,3673.0,0.8576305474775572,20
618,Healthy,267.0,4006.0,0.8750292534519073,23
619,Healthy,274.0,4146.0,0.8760180995475113,24
620,Healthy,292.5,3982.0,0.8631418879401099,22
621,Healthy,291.5,3678.0,0.8531301171432171,20
622,Healthy,288.5,4040.5,0.8667128667128667,22
623,Healthy,278.0,3790.5,0.8633402974069068,22
624,Healthy,387.0,3691.0,0.8102010789602746,27
625,Healthy,385.0,4143.0,0.8299469964664311,27
626,Healthy,312.0,3835.0,0.8495297805642633,21
627,Healthy,282.0,3975.5,0.8675278919553728,22
628,Healthy,301.5,4005.5,0.8599953563965638,28
629,Healthy,316.5,3900.0,0.8498754891497687,28
630,Healthy,259.5,3894.0,0.8750451426507765,22
631,Healthy,297.0,3813.0,0.8554744525547445,27
632,Healthy,277.5,3651.0,0.8587247040855288,20
633,Healthy,262.5,3698.0,0.8674409796742836,20
634,Healthy,262.5,3698.0,0.8674409796742836,20
635,Healthy,255.5,3621.0,0.8681800593318715,20
636,Healthy,284.0,3524.0,0.8508403361344538,20
637,Healthy,351.0,3650.0,0.8245438640339915,21
638,Healthy,278.5,3758.5,0.862026257121625,20
639,Healthy,283.0,3967.0,0.8668235294117647,21
640,Healthy,293.0,3909.0,0.8605425987624941,21
641,Healthy,281.5,3673.0,0.8576305474775572,20
642,Healthy,271.0,3719.5,0.8641774213757675,20
643,Healthy,262.5,4031.0,0.8777221381157564,22
644,Healthy,264.5,3980.0,0.8753681234538815,22
645,Healthy,286.0,3858.0,0.861969111969112,24
646,Healthy,254.0,3957.5,0.8793778938620445,22
647,Healthy,292.0,3845.0,0.8588349045201837,22
648,Healthy,266.0,3998.0,0.875234521575985,22
649,Healthy,268.0,4058.0,0.8760980120203421,23
650,Healthy,260.0,4089.0,0.8804322832835134,23
651,Healthy,276.5,4064.0,0.8725953231194563,22
652,Healthy,272.0,3945.0,0.8709983400521698,22
653,Healthy,290.0,3818.5,0.8588292564196178,22
654,Healthy,272.0,3945.0,0.8709983400521698,22
655,Healthy,276.5,4064.0,0.8725953231194563,22
656,Healthy,258.0,3993.0,0.8786167960479887,23
657,Healthy,264.0,4045.0,0.8774657693200278,23
658,Healthy,288.0,3879.0,0.8617710583153347,23
659,Healthy,258.0,3993.0,0.8786167960479887,23
660,Healthy,281.0,3960.0,0.8674840839424663,25
661,Healthy,278.0,3948.0,0.8684335068622812,25
662,Healthy,362.0,3684.0,0.8210578348986654,27
663,Healthy,279.5,3774.5,0.8621114948199309,26
664,Healthy,348.5,3979.0,0.8389370306181398,24
665,Healthy,547.0,3990.0,0.7588715009918449,26
666,Healthy,330.0,3992.0,0.8472929199444702,25
667,Healthy,279.0,3453.0,0.8504823151125402,27
668,Unhealthy,442.0,3921.0,0.7973871189548476,27
669,Healthy,317.0,3775.0,0.8450635386119257,29
670,Healthy,358.0,3701.0,0.8236018723823602,27
671,Healthy,598.0,3618.5,0.7163524249970354,24
672,Healthy,348.5,3948.0,0.8377749330850692,24
673,Unhealthy,906.0,4170.0,0.6430260047281324,26
674,Healthy,272.0,3547.0,0.857554333595182,27
675,Unhealthy,442.0,3921.0,0.7973871189548476,27
676,Healthy,280.0,3789.0,0.8623740476775621,27
677,Unhealthy,575.0,4067.0,0.7522619560534253,25
678,Healthy,290.5,3363.5,0.8409961685823755,28
679,Healthy,424.0,4109.0,0.8129274211339069,27
680,Healthy,274.0,3694.0,0.8618951612903226,27
681,Healthy,525.0,4098.0,0.7728747566515249,26
682,Healthy,382.0,4084.0,0.8289296909986565,25
683,Healthy,505.0,3835.0,0.7672811059907834,27
684,Unhealthy,502.0,3843.0,0.7689298043728423,27
685,Unhealthy,313.0,3855.0,0.8498080614203455,25
686,Healthy,340.0,4057.5,0.8453666856168277,26
687,Unhealthy,334.0,3518.0,0.8265835929387332,29
688,Healthy,348.0,4048.0,0.8416742493175614,25
689,Healthy,291.0,3755.0,0.8561542263964409,27
690,Unhealthy,428.0,3992.0,0.8063348416289593,27
691,Unhealthy,314.5,3815.0,0.8476813173507689,26
692,Healthy,510.0,3831.0,0.7650310988251555,27
693,Healthy,392.5,3976.0,0.8203044523291748,26
694,Healthy,451.0,3882.0,0.79183014078006,27
695,Healthy,516.0,3820.5,0.762020062262193,24
696,Healthy,327.0,3861.0,0.8438395415472779,29
697,Healthy,408.0,4158.0,0.8212877792378449,27
698,Unhealthy,342.0,3644.0,0.8283993978926242,29
699,Healthy,342.0,3644.0,0.8283993978926242,29
700,Healthy,282.0,3596.0,0.854564208354822,28
701,Healthy,319.0,3684.0,0.8406195353484887,23
702,Healthy,394.5,3980.5,0.8196571428571429,24
703,Healthy,357.0,3368.0,0.8083221476510067,29
704,Unhealthy,301.0,3845.0,0.8547998070429329,29
705,Healthy,337.0,4099.0,0.8480613165013525,25
706,Healthy,290.5,3363.5,0.8409961685823755,28
707,Healthy,458.5,4121.0,0.7997597991047057,26
708,Healthy,326.0,3769.5,0.8408008790135515,24
709,Healthy,394.5,3980.5,0.8196571428571429,24
710,Healthy,735.0,3914.0,0.6838029683802969,25
711,Healthy,384.0,4028.0,0.8259292837715322,27
712,Healthy,375.5,4178.5,0.8350900307422047,26
713,Healthy,415.0,3915.0,0.8083140877598153,27
714,Healthy,441.5,3769.5,0.7903110900023748,26
715,Healthy,269.5,3932.5,0.8717277486910995,26
716,Healthy,314.5,3815.0,0.8476813173507689,26
717,Healthy,441.5,3769.5,0.7903110900023748,26
718,Healthy,393.0,3970.0,0.8198487279394912,25
719,Healthy,270.0,3889.0,0.870161096417408,25
720,Healthy,385.0,4009.0,0.8247610377787893,25
721,Healthy,306.0,3895.0,0.8543203999047846,23
722,Healthy,551.0,3928.0,0.7539629381558384,27
723,Healthy,310.0,4012.0,0.8565478944932902,24
724,Unhealthy,377.0,4023.0,0.8286363636363636,25
725,Healthy,385.0,4009.0,0.8247610377787893,25
726,Unhealthy,742.0,4021.0,0.6884316607180349,27
727,Healthy,270.5,3985.5,0.8728853383458647,28
728,Healthy,347.5,3929.5,0.8375029226093056,26
729,Healthy,790.0,4187.5,0.6825715720743345,26
730,Healthy,296.5,4021.5,0.8626679018063919,24
731,Healthy,296.0,3814.0,0.8559610705596107,27
732,Healthy,367.0,3813.0,0.8244019138755981,27
733,Healthy,326.0,3948.0,0.8474496958352831,25
734,Unhealthy,394.5,3980.5,0.8196571428571429,24
735,Unhealthy,280.0,3560.0,0.8541666666666666,27
736,Healthy,334.0,3908.0,0.8425271098538425,23
737,Healthy,624.0,4082.0,0.7348066298342542,27
738,Healthy,280.0,3789.0,0.8623740476775621,27
739,Unhealthy,346.5,3934.0,0.8381030253475061,28
740,Healthy,269.5,3932.5,0.8717277486910995,26
741,Healthy,308.0,3811.0,0.8504491381403253,29
742,Healthy,375.5,4178.5,0.8350900307422047,26
743,Healthy,312.0,3853.0,0.8501800720288115,25
744,Healthy,274.0,3694.0,0.8618951612903226,27
745,Healthy,352.0,4188.0,0.8449339207048459,27
746,Healthy,489.5,3813.5,0.7724843132698117,24
747,Healthy,308.0,4031.0,0.8580318045632634,24
748,Healthy,336.0,4182.0,0.851261620185923,28
749,Healthy,302.0,3943.0,0.8577149587750295,28
750,Healthy,284.0,4155.0,0.8720432529849065,27
751,Healthy,277.0,3761.0,0.8628033680039624,27
752,Healthy,333.0,4053.0,0.8481532147742818,24
753,Healthy,476.0,3992.0,0.7869292748433303,27
754,Healthy,419.0,4036.0,0.8118967452300786,27
755,Healthy,310.5,4071.0,0.8582677165354331,26
756,Healthy,286.0,3999.0,0.8665110851808635,27
757,Unhealthy,334.5,3851.0,0.8401624656552383,26
758,Healthy,315.0,3958.0,0.8525626023870817,29
759,Healthy,279.5,3774.5,0.8621114948199309,26
760,Healthy,281.0,3862.0,0.8643495051894762,27
761,Healthy,353.0,3910.0,0.8343889279849871,26
762,Healthy,610.0,4157.0,0.7440738409901405,26
763,Healthy,293.0,3973.0,0.8626347866854196,27
764,Healthy,335.0,4070.0,0.8479001135073779,26
765,Healthy,283.0,3974.5,0.8670581327069876,26
766,Healthy,477.0,4018.5,0.7877877877877878,26
767,Healthy,351.5,3962.5,0.8370421882243857,24
768,Healthy,292.0,3884.0,0.8601532567049809,29
769,Healthy,351.0,3804.0,0.8310469314079423,23
770,Healthy,303.0,4181.0,0.8648528099910794,28
771,Healthy,326.0,3948.0,0.8474496958352831,25
772,Healthy,334.0,3972.0,0.8448676265675801,25
773,Healthy,352.5,3880.0,0.8334317779090372,24
774,Healthy,345.0,3986.5,0.8407018353918966,24
775,Healthy,419.0,4036.0,0.8118967452300786,27
776,Unhealthy,303.0,4014.0,0.8596247394023627,29
777,Healthy,269.0,3364.0,0.8519130195430773,27
778,Healthy,305.0,4028.0,0.8592199399953843,29
779,Healthy,296.0,3915.5,0.8594325062329337,24
780,Healthy,277.0,3761.0,0.8628033680039624,27
781,Healthy,294.5,3874.5,0.8587191172943152,24
782,Healthy,348.0,4236.0,0.8481675392670157,27
783,Healthy,280.0,3954.0,0.867737364194615,28
784,Healthy,275.0,3950.0,0.8698224852071006,27
785,Healthy,344.5,3924.5,0.8386038884984774,24
786,Healthy,255.5,3369.5,0.8590344827586207,26
787,Healthy,287.0,3813.0,0.86,27
788,Healthy,355.0,4180.0,0.8434399117971334,26
789,Healthy,296.0,3915.5,0.8594325062329337,24
790,Healthy,597.0,4024.0,0.7416143691841592,25
791,Healthy,313.0,3752.0,0.8460024600246002,27
792,Healthy,605.5,3924.5,0.7326710816777042,24
793,Healthy,271.5,4010.0,0.8731752890342169,24
794,Healthy,370.0,3997.0,0.830547286466682,25
795,Healthy,444.5,4153.0,0.8066340402392604,26
796,Healthy,291.5,3919.5,0.8615530752790311,28
797,Healthy,291.5,4129.0,0.8681144666892885,28
798,Healthy,308.0,3811.0,0.8504491381403253,29
799,Healthy,341.0,3816.0,0.8359393793601154,23
800,Healthy,323.0,3625.0,0.8363728470111449,29
801,Healthy,279.0,3962.5,0.8684427678887187,28
802,Healthy,306.0,3895.0,0.8543203999047846,23
803,Healthy,300.0,4043.0,0.8618466497812572,23
804,Healthy,351.0,3804.0,0.8310469314079423,23
805,Healthy,573.0,4092.0,0.7543408360128617,25
806,Healthy,305.0,3759.0,0.8499015748031497,25
807,Healthy,313.0,4072.0,0.8572405929304447,29
808,Healthy,285.0,3989.5,0.8666510703006199,28
809,Healthy,292.0,3857.0,0.8592431911303928,29
810,Healthy,385.0,3889.0,0.8198408984557791,27
811,Healthy,302.0,4058.0,0.8614678899082568,23
812,Healthy,349.5,3899.0,0.8354713428268801,24
813,Healthy,312.0,3860.0,0.850431447746884,27
814,Healthy,368.0,3748.0,0.8211856171039844,23
815,Healthy,326.0,3936.0,0.8470201783200375,29
816,Healthy,373.0,4066.5,0.8319630589030296,26
817,Unhealthy,273.0,3911.0,0.8695028680688337,29
818,Healthy,296.0,4111.0,0.865668255048786,29
819,Healthy,303.0,4181.0,0.8648528099910794,28
820,Healthy,284.0,4155.0,0.8720432529849065,27
821,Unhealthy,337.5,3820.5,0.8376623376623377,24
822,Healthy,305.0,4028.0,0.8592199399953843,29
823,Healthy,285.0,3989.5,0.8666510703006199,28
824,Healthy,308.0,4051.0,0.8586831842165634,24
825,Healthy,465.0,3718.0,0.777671527611762,25
826,Healthy,355.0,4180.0,0.8434399117971334,26
827,Healthy,314.5,4019.0,0.8548517364716741,24
828,Healthy,315.0,4073.5,0.8564429759598952,26
829,Healthy,380.5,3999.0,0.8262358716748487,26
830,Healthy,269.0,3950.0,0.8724816307181796,27
831,Healthy,330.0,3939.0,0.8453970484891076,26
832,Healthy,419.0,3811.0,0.8018912529550828,24
833,Healthy,284.5,3886.0,0.8635655197218559,24
834,Unhealthy,319.5,3960.5,0.8507009345794393,24
835,Healthy,323.0,4135.0,0.8550919694930462,28
836,Healthy,293.0,4011.0,0.8638475836431226,24
837,Healthy,610.0,4157.0,0.7440738409901405,26
838,Unhealthy,428.0,3992.0,0.8063348416289593,27
839,Healthy,294.0,3872.0,0.8588574171867499,27
840,Healthy,336.0,3938.0,0.8427702386523164,25
841,Healthy,598.0,3618.5,0.7163524249970354,24
842,Healthy,337.0,3916.0,0.8415236303785563,25
843,Healthy,299.0,4126.0,0.8648587570621469,28
844,Healthy,341.0,3925.5,0.8401500058596039,24
845,Healthy,254.0,3786.5,0.8742729860165821,26
846,Healthy,282.0,4241.0,0.8753040017687376,25
847,Healthy,338.0,3857.0,0.8388557806912992,23
848,Healthy,277.5,3956.5,0.8689182805857345,28
849,Healthy,308.0,3856.5,0.8520830832032656,24
850,Healthy,341.0,3904.0,0.8393404004711426,23
851,Healthy,283.0,3921.0,0.8653663177925784,24
852,Healthy,257.0,3480.0,0.8624565159218625,27
853,Healthy,304.0,3728.0,0.8492063492063492,27
854,Unhealthy,293.0,3972.0,0.8626025791324736,29
855,Healthy,285.0,3865.0,0.8626506024096385,24
856,Healthy,297.0,4122.5,0.8655956556171512,28
857,Healthy,288.0,3811.0,0.8594779214442547,29
858,Healthy,304.0,4114.0,0.8623811679492983,27
859,Healthy,296.0,4111.0,0.865668255048786,29
860,Unhealthy,535.0,3856.5,0.756347489468291,24
861,Healthy,273.0,3911.0,0.8695028680688337,29
862,Healthy,280.5,3795.0,0.8623481781376519,24
863,Healthy,291.0,4111.0,0.8677873693775556,25
864,Healthy,325.0,3955.0,0.8481308411214953,23
865,Healthy,303.5,3910.0,0.855939242909695,24
866,Healthy,274.0,3970.0,0.8708765315739868,27
867,Healthy,269.5,3803.5,0.8676651117112694,24
868,Healthy,293.0,3923.0,0.8610056925996205,29
869,Healthy,311.0,3828.5,0.8497403068003382,24
870,Healthy,291.5,4129.0,0.8681144666892885,28
871,Healthy,339.0,3952.5,0.8420132820692066,24
872,Healthy,296.0,4070.0,0.864406779661017,28
873,Unhealthy,413.5,3945.0,0.8102558219570953,26
874,Healthy,304.0,3757.5,0.8503016127046658,24
875,Healthy,320.0,3945.0,0.8499413833528722,23
876,Healthy,309.5,4192.0,0.8624902810174386,28
877,Unhealthy,310.0,4165.0,0.8614525139664805,29
878,Healthy,339.0,4032.0,0.8448867536032945,24
879,Healthy,272.0,3884.0,0.8691049085659288,29
880,Healthy,293.5,3910.5,0.8603710751665081,24
881,Healthy,303.0,3958.0,0.8577798638817179,23
882,Healthy,303.0,4014.0,0.8596247394023627,29
883,Healthy,300.0,3865.0,0.8559423769507803,29
884,Healthy,323.0,4135.0,0.8550919694930462,28
885,Healthy,294.0,4033.0,0.8641090825051999,27
886,Healthy,419.0,3811.0,0.8018912529550828,24
887,Healthy,279.0,3962.5,0.8684427678887187,28
888,Healthy,385.5,3853.0,0.8180960245369824,26
889,Healthy,355.5,3891.5,0.8325877089710384,24
890,Healthy,282.0,3843.0,0.8632727272727273,24
891,Healthy,281.0,3887.0,0.8651631477927063,29
892,Healthy,296.0,3899.0,0.8588796185935638,29
893,Healthy,303.0,4090.5,0.8620689655172413,28
894,Healthy,335.5,4064.5,0.8475,24
895,Healthy,320.0,3945.0,0.8499413833528722,23
896,Healthy,287.5,3986.5,0.8654656059897052,24
897,Healthy,372.0,4065.0,0.8323191345503719,24
898,Healthy,294.5,3874.5,0.8587191172943152,24
899,Healthy,283.0,3843.0,0.8628211342704799,27
900,Healthy,368.0,3748.0,0.8211856171039844,23
901,Healthy,297.5,4021.5,0.8622366288492707,24
902,Healthy,242.0,3363.0,0.8657420249653259,26
903,Healthy,323.0,3774.0,0.8423236514522822,23
904,Healthy,271.5,4010.0,0.8731752890342169,24
905,Healthy,291.0,3965.0,0.8632518796992481,29
906,Healthy,279.0,3969.5,0.8686595268918442,26
907,Healthy,284.0,3879.0,0.8635599327408119,29
908,Healthy,282.0,4241.0,0.8753040017687376,25
909,Healthy,303.5,3910.0,0.855939242909695,24
910,Healthy,283.0,3811.0,0.8617489008304836,29
911,Healthy,315.5,3885.5,0.8497976672220899,24
912,Healthy,284.0,3879.0,0.8635599327408119,29
913,Healthy,274.0,3756.0,0.8640198511166253,28
914,Healthy,341.0,4107.5,0.8466898954703833,24
915,Healthy,299.0,4126.0,0.8648587570621469,28
916,Healthy,293.0,3923.0,0.8610056925996205,29
917,Healthy,312.0,4054.0,0.8570774163994503,24
918,Healthy,273.5,3926.0,0.8697463983807596,28
919,Healthy,297.0,4009.0,0.862052949372968,29
920,Healthy,308.0,4031.0,0.8580318045632634,24
921,Healthy,286.0,3907.5,0.8635984261356862,24
922,Unhealthy,273.5,3926.0,0.8697463983807596,28
923,Healthy,281.5,3976.0,0.8677627715795655,24
924,Healthy,303.0,3958.0,0.8577798638817179,23
925,Healthy,276.0,3916.0,0.8683206106870229,25
926,Healthy,288.0,3638.0,0.8532857870606215,25
927,Healthy,370.0,3997.0,0.830547286466682,25
928,Healthy,314.5,4019.0,0.8548517364716741,24
929,Healthy,283.0,3921.0,0.8653663177925784,24
930,Healthy,345.0,3986.5,0.8407018353918966,24
931,Healthy,282.0,3881.0,0.8645207782848907,25
932,Healthy,419.0,3811.0,0.8018912529550828,24
933,Healthy,267.5,4157.5,0.8790960451977401,26
934,Unhealthy,291.0,3965.0,0.8632518796992481,29
935,Healthy,285.5,3722.0,0.8575171553337492,28
936,Healthy,325.0,4036.0,0.8509516166016968,27
937,Healthy,271.0,3986.0,0.8726802912849424,26
938,Healthy,331.0,3772.0,0.8386546429441872,25
939,Healthy,308.0,4051.0,0.8586831842165634,24
940,Healthy,279.0,3962.5,0.8684427678887187,28
941,Healthy,292.0,3674.0,0.8527483610690872,27
942,Healthy,311.0,3829.0,0.8497584541062801,25
943,Healthy,269.5,3910.0,0.8710372054073454,28
944,Healthy,286.0,3907.5,0.8635984261356862,24
945,Healthy,271.0,3983.0,0.8725905030559473,28
946,Healthy,273.0,3928.0,0.8700309450130921,27
947,Unhealthy,270.0,3913.0,0.8709060482907005,28
948,Healthy,308.0,3856.5,0.8520830832032656,24
949,Healthy,271.0,3947.0,0.8715030820293979,25
950,Healthy,355.5,3891.5,0.8325877089710384,24
951,Healthy,274.0,3936.5,0.8698491865574159,26
952,Healthy,319.0,3992.0,0.852006495012758,23
953,Healthy,294.5,3952.5,0.8613138686131386,24
954,Healthy,298.0,4102.0,0.8645454545454545,27
955,Healthy,290.0,3890.5,0.8612606147590001,24
956,Healthy,269.5,3803.5,0.8676651117112694,24
957,Healthy,291.0,4111.0,0.8677873693775556,25
958,Healthy,271.5,3986.5,0.8724753405354626,28
959,Healthy,306.0,3960.0,0.8565400843881856,29
960,Healthy,303.5,3910.0,0.855939242909695,24
961,Healthy,415.5,3750.0,0.8005041411595246,24
962,Healthy,317.0,4083.0,0.855909090909091,24
963,Healthy,296.0,4014.0,0.8626450116009281,29
964,Healthy,294.0,3911.0,0.860166468489893,29
965,Healthy,313.5,4076.0,0.8571591297414284,24
966,Healthy,349.5,3899.0,0.8354713428268801,24
967,Healthy,284.0,3937.0,0.8654347311063729,27
968,Healthy,274.0,3756.0,0.8640198511166253,28
969,Healthy,274.0,3756.0,0.8640198511166253,28
970,Unhealthy,291.5,3919.5,0.8615530752790311,28
971,Healthy,278.5,3864.5,0.865556360125513,24
972,Healthy,269.5,3803.5,0.8676651117112694,24
973,Healthy,278.5,3864.5,0.865556360125513,24
974,Healthy,278.0,4000.5,0.8700479139885474,24
975,Healthy,304.0,3757.5,0.8503016127046658,24
976,Healthy,279.0,3969.5,0.8686595268918442,26
977,Healthy,264.0,4067.5,0.8781022740390165,26
978,Healthy,388.0,3600.0,0.8054162487462387,26
979,Healthy,392.5,3455.0,0.7959714100064977,28
980,Healthy,264.0,3821.0,0.8707466340269278,25
981,Healthy,277.5,3810.0,0.8642201834862385,20
982,Healthy,270.0,4038.0,0.8746518105849582,25
983,Healthy,250.5,3762.0,0.8751401869158878,24
984,Healthy,321.0,3584.0,0.835595390524968,21
985,Healthy,241.0,3738.0,0.8788640361899975,23
986,Healthy,279.5,3984.5,0.8689024390243902,24
987,Healthy,257.5,3798.0,0.8730119590679324,24
988,Healthy,302.0,3961.0,0.8583157400891391,25
989,Healthy,275.0,3921.0,0.8689227836034319,25
990,Healthy,262.0,3902.0,0.8741594620557157,25
991,Healthy,257.0,3812.0,0.8736790366183338,23
992,Healthy,285.0,3982.0,0.8664166861963909,25
993,Healthy,346.5,3816.0,0.8335135135135135,28
994,Healthy,274.5,4010.5,0.8718786464410735,24
995,Healthy,297.0,3787.0,0.8545543584720862,25
996,Healthy,342.5,3644.0,0.8281700739997492,28
997,Healthy,357.5,3659.5,0.8220064724919094,28
998,Healthy,361.0,3517.0,0.813821557503868,28
999,Healthy,351.5,3486.5,0.8168316831683168,28
1000,Healthy,275.0,4077.0,0.8736213235294118,25
1001,Healthy,280.5,3977.0,0.8682325308279507,24
1002,Healthy,322.0,3908.5,0.847772130953788,28
1003,Healthy,385.0,3826.0,0.8171455711232486,27
1004,Healthy,267.0,3647.5,0.8635841103589219,24
1005,Healthy,371.0,3683.0,0.8169708929452393,26
1006,Healthy,295.0,3850.0,0.8576598311218335,27
1007,Healthy,288.0,3738.0,0.856929955290611,25
1008,Healthy,388.0,3600.0,0.8054162487462387,26
1009,Healthy,245.0,3752.0,0.8774080560420315,23
1010,Unhealthy,251.0,3738.0,0.8741539232890448,23
1011,Healthy,274.0,3879.0,0.8680471947989405,25
1012,Healthy,264.0,3637.0,0.8646500897205844,24
1013,Healthy,262.5,3908.5,0.8741309038599856,24
1014,Healthy,299.0,4016.0,0.8614136732329084,21
1015,Healthy,310.0,3546.5,0.8392324646700376,20
1016,Healthy,253.0,3696.0,0.871866295264624,24
1017,Healthy,415.0,3975.0,0.8109339407744874,27
1018,Healthy,301.5,3817.0,0.8535874711666869,28
1019,Healthy,290.0,3755.0,0.8566131025957973,25
1020,Healthy,290.5,3853.5,0.8597972972972973,26
1021,Healthy,351.5,3486.5,0.8168316831683168,28
1022,Healthy,278.5,3873.0,0.8658316271227268,22
1023,Healthy,262.5,3647.5,0.8657289002557544,24
1024,Healthy,278.5,3873.0,0.8658316271227268,22
1025,Healthy,312.5,4133.5,0.8594242015294646,22
1026,Healthy,334.0,4022.0,0.8466483011937558,29
1027,Healthy,299.0,3841.5,0.8555729984301413,22
1028,Healthy,462.0,3768.0,0.7815602836879433,26
1029,Healthy,412.0,3613.0,0.79527950310559,28
1030,Healthy,308.5,3796.0,0.8496771835789987,26
1031,Healthy,421.5,3804.0,0.8004969826056088,26
1032,Healthy,242.0,3757.0,0.8789697424356089,23
1033,Healthy,306.0,3643.0,0.8450240567232211,29
1034,Healthy,379.0,3613.0,0.8101202404809619,26
1035,Healthy,319.0,3818.0,0.8457819676093787,29
1036,Healthy,241.0,3617.0,0.8750648004147227,23
1037,Healthy,284.0,3697.5,0.8573401984176818,20
1038,Healthy,241.0,3738.0,0.8788640361899975,23
1039,Healthy,262.0,3818.0,0.8715686274509804,27
1040,Healthy,316.0,3857.0,0.8485502036903906,29
1041,Healthy,255.0,3645.0,0.8692307692307693,20
1042,Healthy,277.0,4209.0,0.8765046812304949,22
1043,Healthy,338.5,3866.0,0.8389820430491141,28
1044,Healthy,257.0,3812.0,0.8736790366183338,23
1045,Healthy,284.0,4080.0,0.8698441796516957,25
1046,Healthy,392.5,3455.0,0.7959714100064977,28
1047,Healthy,259.0,3637.5,0.8670601822148082,24
1048,Healthy,251.0,3738.0,0.8741539232890448,23
1049,Unhealthy,405.0,3757.0,0.8053820278712157,27
1050,Healthy,361.0,3892.0,0.8302374794262873,29
1051,Healthy,249.0,3618.0,0.8712179984484096,23
1052,Healthy,264.0,3679.0,0.8660918082678164,27
1053,Healthy,285.0,4067.5,0.8690407811602527,24
1054,Healthy,374.0,3853.0,0.8230423468180743,27
1055,Healthy,238.0,3745.0,0.8804920913884007,23
1056,Healthy,326.5,3683.0,0.8371368000997631,26
1057,Healthy,379.0,3613.0,0.8101202404809619,26
1058,Healthy,296.5,3935.5,0.8598771266540642,24
1059,Healthy,312.0,3872.0,0.8508604206500956,22
1060,Healthy,249.0,3618.0,0.8712179984484096,23
1061,Healthy,291.0,4110.0,0.8677573278800272,24
1062,Healthy,271.0,3905.0,0.8702107279693486,26
1063,Unhealthy,261.5,3780.5,0.8706086095992083,20
1064,Healthy,310.5,3706.0,0.8453877754263662,28
1065,Healthy,277.5,3810.0,0.8642201834862385,20
1066,Healthy,278.0,3899.0,0.866890112520948,27
1067,Healthy,360.0,3625.5,0.8193451260820475,26
1068,Healthy,351.0,3768.0,0.8295702840495266,22
1069,Healthy,335.0,3689.0,0.8334990059642147,28
1070,Healthy,388.0,3652.0,0.807920792079208,26
1071,Healthy,336.0,4081.0,0.8478605388272583,22
1072,Healthy,359.0,3975.0,0.8343331795108445,27
1073,Healthy,278.0,3899.0,0.866890112520948,27
1074,Healthy,302.5,3684.5,0.8482568347128167,28
1075,Unhealthy,244.0,3743.0,0.8776022071733133,23
1076,Healthy,359.5,3727.0,0.8240548146335495,22
1077,Healthy,323.0,3933.0,0.8482142857142857,22
1078,Healthy,323.0,3817.5,0.8439801956285473,22
1079,Healthy,282.0,4020.0,0.8688981868898187,26
1080,Healthy,284.5,3723.5,0.8580339321357285,28
1081,Healthy,259.0,3637.5,0.8670601822148082,24
1082,Healthy,285.0,3874.0,0.8629478239961529,27
1083,Healthy,298.0,3823.0,0.8553749090026692,29
1084,Healthy,327.0,3940.0,0.8467307241621749,23
1085,Healthy,256.0,3865.0,0.8757583110895414,20
1086,Healthy,257.0,3735.0,0.8712424849699398,25
1087,Healthy,291.0,4110.0,0.8677573278800272,24
1088,Healthy,265.0,3811.0,0.8699705593719332,25
1089,Healthy,367.0,3573.0,0.8137055837563452,25
1090,Healthy,250.0,3662.0,0.8721881390593047,24
1091,Healthy,290.5,4000.5,0.8646003262642741,22
1092,Healthy,296.5,3968.5,0.8609613130128957,22
1093,Healthy,274.5,3947.5,0.8699668403600189,20
1094,Healthy,262.0,3818.0,0.8715686274509804,27
1095,Healthy,370.5,3762.0,0.8206896551724138,26
1096,Healthy,270.5,3919.5,0.8708830548926014,26
1097,Healthy,280.0,4090.0,0.8718535469107551,24
1098,Healthy,274.5,3937.0,0.8696426451383118,20
1099,Healthy,262.0,3902.0,0.8741594620557157,25
1100,Unhealthy,382.0,3923.0,0.8225319396051103,27
1101,Healthy,453.0,3679.5,0.7807622504537205,26
1102,Healthy,315.0,3854.5,0.8489027461326298,28
1103,Healthy,339.5,3770.5,0.8347931873479318,28
1104,Healthy,405.0,3757.0,0.8053820278712157,27
1105,Healthy,290.0,3870.0,0.8605769230769231,25
1106,Healthy,271.0,3867.5,0.8690346743989368,20
1107,Healthy,301.0,3843.0,0.8547297297297297,29
1108,Healthy,304.5,3706.5,0.8481675392670157,28
1109,Healthy,280.0,4090.0,0.8718535469107551,24
1110,Healthy,292.0,3883.0,0.8601197604790419,24
1111,Healthy,357.0,3914.0,0.8328260360571295,27
1112,Healthy,375.5,3837.5,0.8217422264419654,26
1113,Healthy,251.0,3771.0,0.8751864743908503,20
1114,Healthy,298.0,3823.0,0.8553749090026692,29
1115,Healthy,367.5,3770.5,0.8223779603673272,28
1116,Unhealthy,334.0,4022.0,0.8466483011937558,29
1117,Healthy,322.0,3908.5,0.847772130953788,28
1118,Healthy,301.0,3843.0,0.8547297297297297,29
1119,Healthy,280.5,3774.5,0.861652281134402,28
1120,Healthy,265.0,3811.0,0.8699705593719332,25
1121,Unhealthy,309.0,3828.0,0.8506163886874547,22
1122,Healthy,359.0,3975.0,0.8343331795108445,27
1123,Healthy,243.5,3720.5,0.8771442986881938,24
1124,Healthy,272.0,3878.5,0.8689314540416817,24
1125,Healthy,272.0,3918.0,0.8701670644391408,25
1126,Healthy,281.5,3861.0,0.864091732045866,22
1127,Healthy,321.0,3811.5,0.8446460980036298,28
1128,Healthy,267.0,3909.0,0.8721264367816092,25
1129,Healthy,265.0,3708.5,0.8666163332074996,20
1130,Healthy,379.0,3770.0,0.8173053747891058,27
1131,Healthy,306.0,3643.0,0.8450240567232211,29
1132,Unhealthy,418.0,3923.0,0.8074176457037548,27
1133,Healthy,346.5,3635.0,0.8259449956046716,28
1134,Unhealthy,323.5,4017.5,0.8509560009214466,22
1135,Healthy,284.5,3819.5,0.86135477582846,20
1136,Healthy,257.0,3735.0,0.8712424849699398,25
1137,Healthy,306.0,3836.5,0.8522631261315631,28
1138,Healthy,349.0,3817.5,0.8324732989319573,26
1139,Healthy,327.5,3819.5,0.8420544972269111,20
1140,Healthy,340.0,3815.0,0.8363417569193743,29
1141,Healthy,290.5,3824.0,0.8587920768015554,22
1142,Healthy,323.0,3685.0,0.8388223552894212,28
1143,Healthy,253.5,3696.0,0.8716293201671098,20
1144,Unhealthy,380.0,3594.0,0.8087569199798692,26
1145,Healthy,309.0,4165.0,0.861868573983013,22
1146,Unhealthy,275.0,3921.0,0.8689227836034319,25
1147,Healthy,349.0,3599.0,0.8232016210739616,29
1148,Healthy,310.0,3809.0,0.84947802864773,29
1149,Healthy,257.0,3863.0,0.875242718446602,26
1150,Healthy,268.5,3868.5,0.8701957940536621,20
1151,Healthy,290.0,3750.0,0.8564356435643564,21
1152,Healthy,274.5,3937.0,0.8696426451383118,20
1153,Healthy,241.0,3617.0,0.8750648004147227,23
1154,Healthy,404.0,3564.0,0.7963709677419355,29
1155,Healthy,289.0,3896.0,0.8618876941457586,25
1156,Healthy,321.0,3584.0,0.835595390524968,21
1157,Healthy,261.0,3684.0,0.867680608365019,20
1158,Healthy,317.0,3794.0,0.8457796156652883,23
1159,Healthy,255.5,4168.5,0.884493670886076,22
1160,Healthy,288.0,3896.0,0.8623326959847036,25
1161,Healthy,281.5,4050.5,0.8700369344413665,24
1162,Healthy,320.0,3792.0,0.8443579766536965,21
1163,Healthy,250.0,3662.0,0.8721881390593047,24
1164,Healthy,284.0,4080.0,0.8698441796516957,25
1165,Healthy,308.5,3702.5,0.8461730241834954,28
1166,Healthy,350.5,3935.5,0.8364442370508632,22
1167,Healthy,288.0,4187.0,0.8712849162011174,22
1168,Healthy,302.0,3961.0,0.8583157400891391,25
1169,Healthy,291.0,3789.0,0.8573529411764705,21
1170,Healthy,293.5,3866.0,0.8588772689025124,22
1171,Healthy,334.5,3910.0,0.8423842619860996,28
1172,Healthy,266.0,3902.5,0.8723761544920235,26
1173,Healthy,285.0,3982.0,0.8664166861963909,25
1174,Healthy,334.0,3910.0,0.8426013195098964,20
1175,Healthy,301.5,3817.0,0.8535874711666869,28
1176,Healthy,272.0,3896.0,0.8694817658349329,25
1177,Healthy,288.0,3896.0,0.8623326959847036,25
1178,Healthy,326.5,3683.0,0.8371368000997631,26
1179,Healthy,274.0,3909.0,0.8689935453024146,23
1180,Unhealthy,280.5,3977.0,0.8682325308279507,24
1181,Unhealthy,321.0,3959.0,0.85,26
1182,Healthy,307.0,3724.5,0.8476993674810864,22
1183,Healthy,258.5,3950.5,0.877167973390354,26
1184,Healthy,241.5,3894.0,0.8832063837504533,20
1185,Healthy,267.0,3701.0,0.8654233870967742,21
1186,Healthy,249.0,3762.5,0.8758569113797832,20
1187,Healthy,334.0,3840.0,0.8399616674652611,29
1188,Healthy,380.0,3594.0,0.8087569199798692,26
1189,Healthy,320.5,3822.0,0.8452625226312613,26
1190,Healthy,272.0,3677.0,0.8622436059761965,25
1191,Healthy,281.5,3919.5,0.8659842894548917,24
1192,Healthy,335.0,3689.0,0.8334990059642147,28
1193,Healthy,275.0,3921.0,0.8689227836034319,25
1194,Healthy,246.0,3642.5,0.8734730615918734,20
1195,Healthy,261.0,3819.5,0.872074500673937,20
1196,Healthy,264.0,3637.0,0.8646500897205844,24
1197,Healthy,289.0,3896.0,0.8618876941457586,25
1198,Healthy,262.0,3692.5,0.867492729801492,20
1199,Healthy,255.5,4168.5,0.884493670886076,22
1200,Healthy,326.5,3878.0,0.8446902128671662,22
1201,Healthy,309.0,4165.0,0.861868573983013,22
1202,Healthy,339.0,3707.5,0.8324477943902138,22
1203,Healthy,337.5,3693.5,0.8325477548995287,28
1204,Healthy,280.0,4090.0,0.8718535469107551,24
1205,Healthy,312.5,3813.5,0.8485215705283567,22
1206,Healthy,292.0,3928.0,0.861611374407583,26
1207,Healthy,326.5,3878.0,0.8446902128671662,22
1208,Unhealthy,287.0,3848.0,0.8611850060459492,22
1209,Healthy,262.5,3908.5,0.8741309038599856,24
1210,Healthy,370.5,3762.0,0.8206896551724138,26
1211,Healthy,263.0,3722.0,0.8680050188205771,20
1212,Healthy,267.0,3909.0,0.8721264367816092,25
1213,Healthy,251.0,3768.5,0.8751088443836298,20
1214,Healthy,290.0,3823.0,0.8589837101872113,21
1215,Unhealthy,323.5,3804.5,0.843265503875969,26
1216,Healthy,293.5,3866.0,0.8588772689025124,22
1217,Healthy,278.0,3896.0,0.8667944417824629,25
1218,Healthy,270.0,3610.0,0.8608247422680413,24
1219,Healthy,396.0,3774.0,0.8100719424460432,27
1220,Healthy,276.5,4127.0,0.8744180765300329,24
1221,Healthy,263.0,3722.0,0.8680050188205771,20
1222,Healthy,329.0,3638.0,0.8341315855810436,25
1223,Healthy,262.0,3692.5,0.867492729801492,20
1224,Healthy,262.5,3772.0,0.8698723509728591,24
1225,Unhealthy,358.5,4021.0,0.8362826806713095,28
1226,Healthy,272.0,3680.5,0.8623655913978494,20
1227,Healthy,259.0,4210.0,0.8840904005370329,22
1228,Healthy,334.5,3792.5,0.8378967773200873,26
1229,Healthy,396.0,3774.0,0.8100719424460432,27
1230,Healthy,317.5,4061.5,0.8549897236812057,22
1231,Unhealthy,346.0,4007.0,0.8410291752814151,26
1232,Healthy,277.0,3772.0,0.8631760928624351,21
1233,Healthy,296.5,3815.0,0.8557704000972881,24
1234,Healthy,259.5,4037.0,0.8792040032584661,22
1235,Healthy,302.5,3904.0,0.8561749673124925,22
1236,Healthy,241.5,3894.0,0.8832063837504533,20
1237,Healthy,281.0,4052.5,0.8703126802815276,24
1238,Healthy,273.0,3960.0,0.8710134656272147,27
1239,Healthy,274.0,3909.0,0.8689935453024146,23
1240,Healthy,316.0,3857.0,0.8485502036903906,29
1241,Healthy,321.0,3959.0,0.85,26
1242,Healthy,255.5,4168.5,0.884493670886076,22
1243,Healthy,259.0,4210.0,0.8840904005370329,22
1244,Healthy,377.0,3697.0,0.8149239077074129,26
1245,Healthy,327.5,3819.5,0.8420544972269111,20
1246,Healthy,321.0,3870.0,0.8468146027201146,23
1247,Healthy,283.5,3993.0,0.86741494212557,22
1248,Healthy,322.0,3687.5,0.8393814690110987,24
1249,Healthy,296.0,3849.0,0.8571773220747889,23
1250,Healthy,256.0,3873.0,0.8759990312424316,22
1251,Healthy,271.0,3867.5,0.8690346743989368,20
1252,Healthy,315.0,3854.5,0.8489027461326298,28
1253,Healthy,302.0,3548.5,0.8431372549019608,20
1254,Healthy,261.0,3934.5,0.8755809796210225,20
1255,Healthy,292.0,3963.5,0.8627658324521208,24
1256,Healthy,345.0,3862.0,0.8359876396482053,27
1257,Healthy,291.0,3789.0,0.8573529411764705,21
1258,Healthy,251.0,3768.5,0.8751088443836298,20
1259,Healthy,281.5,4115.0,0.8719435914932333,22
1260,Healthy,295.5,3818.5,0.8563441905687895,22
1261,Healthy,249.0,3762.5,0.8758569113797832,20
1262,Healthy,321.0,3811.5,0.8446460980036298,28
1263,Healthy,316.0,3857.0,0.8485502036903906,29
1264,Healthy,271.0,3867.5,0.8690346743989368,20
1265,Healthy,350.5,3685.5,0.8263131813676908,22
1266,Healthy,397.0,3599.0,0.8013013013013013,29
1267,Healthy,349.0,3897.5,0.8356293418109031,22
1268,Healthy,359.0,3657.0,0.8212151394422311,26
1269,Healthy,379.0,3613.0,0.8101202404809619,26
1270,Healthy,276.5,4127.0,0.8744180765300329,24
1271,Healthy,323.0,3817.5,0.8439801956285473,22
1272,Healthy,294.0,3877.0,0.8590266123231839,21
1273,Healthy,353.0,3764.0,0.8285159096429439,26
1274,Healthy,275.0,3938.0,0.8694516971279374,27
1275,Healthy,269.0,4106.5,0.8770426237001485,22
1276,Healthy,279.0,3764.5,0.862000741931495,20
1277,Healthy,372.0,3845.5,0.8235921754593953,26
1278,Healthy,307.0,3724.5,0.8476993674810864,22
1279,Healthy,367.0,3573.0,0.8137055837563452,25
1280,Healthy,289.5,3864.5,0.8606162734713529,22
1281,Healthy,267.0,4021.0,0.8754664179104478,25
1282,Healthy,353.0,3801.0,0.8300433317284545,27
1283,Healthy,262.0,3967.0,0.8760936391581934,21
1284,Healthy,251.0,3802.5,0.8761564080424324,20
1285,Healthy,275.0,3938.0,0.8694516971279374,27
1286,Healthy,281.5,4050.5,0.8700369344413665,24
1287,Healthy,253.0,3676.0,0.8712140493764317,20
1288,Healthy,311.0,3955.0,0.8541959681200187,21
1289,Healthy,323.5,3804.5,0.843265503875969,26
1290,Healthy,326.0,3794.0,0.841747572815534,27
1291,Healthy,342.0,3633.0,0.8279245283018868,27
1292,Healthy,320.5,3822.0,0.8452625226312613,26
1293,Healthy,274.5,4044.0,0.872872525182355,24
1294,Healthy,276.0,4145.0,0.8751413707306039,24
1295,Healthy,275.0,3903.0,0.868358066060316,25
1296,Healthy,270.5,3919.5,0.8708830548926014,26
1297,Healthy,274.0,4004.0,0.8719027582982702,27
1298,Healthy,275.0,3938.0,0.8694516971279374,27
1299,Unhealthy,272.5,3980.5,0.8718551610627792,26
1300,Healthy,269.5,3947.5,0.8721840170737492,26
1301,Healthy,266.0,3891.0,0.8720230935770988,27
1302,Healthy,266.0,3902.5,0.8723761544920235,26
1303,Healthy,267.0,4058.0,0.8765317919075144,26
1304,Healthy,296.5,3815.0,0.8557704000972881,24
1305,Healthy,309.5,3856.0,0.8513983915496339,24
1306,Healthy,309.5,3856.0,0.8513983915496339,24
1307,Healthy,261.5,3770.0,0.8702716110628799,20
1308,Healthy,283.0,3787.5,0.860950743151947,20
1309,Healthy,295.0,3831.0,0.8570043625787688,20
1310,Healthy,255.0,3828.0,0.8750918442321822,20
1311,Healthy,305.0,3807.0,0.8516536964980544,24
1312,Healthy,326.0,3857.0,0.8441310064546976,23
1313,Healthy,326.0,3857.0,0.8441310064546976,23
1314,Healthy,411.0,3828.0,0.8060863411181882,27
1315,Healthy,346.0,3677.0,0.8279890628883918,23
1316,Healthy,312.0,3828.0,0.8492753623188406,23
1317,Healthy,295.5,4062.5,0.8643873336392841,24
1318,Healthy,380.0,3942.5,0.8241758241758241,24
1319,Healthy,289.0,4047.0,0.8666974169741697,24
1320,Unhealthy,294.0,3928.0,0.8607295120795831,23
1321,Healthy,325.0,3752.0,0.8405690458670592,23
1322,Healthy,299.0,3930.5,0.8586121290932734,24
1323,Unhealthy,336.0,3716.0,0.8341559723593287,25
1324,Unhealthy,270.0,3825.5,0.8681479672811623,22
1325,Healthy,315.0,3798.5,0.8468457517928771,24
1326,Healthy,355.0,3967.0,0.8357242017584452,24
1327,Healthy,309.5,3985.5,0.8558789289871944,24
1328,Healthy,332.0,3804.0,0.839458413926499,24
1329,Healthy,434.0,3560.0,0.7826740110165248,23
1330,Healthy,338.0,3633.0,0.8297658020649711,23
1331,Healthy,268.0,3848.0,0.86977648202138,23
1332,Unhealthy,353.0,3918.0,0.8346991336923437,25
1333,Healthy,367.0,3916.0,0.8286247957039459,22
1334,Healthy,303.5,3949.5,0.8572772160827651,24
1335,Healthy,344.0,3825.0,0.8349724154473495,23
1336,Healthy,305.0,4111.0,0.8618659420289855,23
1337,Healthy,324.0,3905.5,0.8467904007565906,24
1338,Healthy,290.0,3701.0,0.8546730142821348,27
1339,Healthy,317.5,3752.0,0.8439611745914731,28
1340,Healthy,316.0,3848.0,0.8482228626320846,23
1341,Healthy,294.0,3928.0,0.8607295120795831,23
1342,Healthy,306.0,3822.0,0.8517441860465116,23
1343,Healthy,289.0,3893.0,0.8617886178861789,22
1344,Healthy,324.0,3905.5,0.8467904007565906,24
1345,Unhealthy,304.0,3655.0,0.8464258651174539,25
1346,Healthy,299.0,3792.0,0.853825470545099,23
1347,Unhealthy,289.5,3977.0,0.8642915738896051,24
1348,Healthy,286.0,4114.0,0.87,23
1349,Healthy,284.0,4120.0,0.8710263396911898,24
1350,Healthy,339.0,3750.0,0.8341892883345561,23
1351,Healthy,339.0,3750.0,0.8341892883345561,23
1352,Healthy,344.0,3852.5,0.8360538544024783,24
1353,Healthy,290.5,3939.0,0.8626315167277456,24
1354,Healthy,309.0,3706.0,0.8460772104607721,27
1355,Healthy,276.0,3867.0,0.8667632150615496,21
1356,Healthy,365.0,3730.0,0.8217338217338217,24
1357,Healthy,276.0,3679.0,0.8604298356510746,23
1358,Healthy,287.0,3852.5,0.8613359101340742,28
1359,Healthy,326.0,3650.0,0.8360160965794768,23
1360,Healthy,268.5,4113.0,0.8774392331393358,22
1361,Healthy,264.5,3673.0,0.8656507936507937,22
1362,Healthy,300.5,3733.0,0.8509978926490641,28
1363,Healthy,332.0,3804.0,0.839458413926499,24
1364,Healthy,321.0,3894.0,0.8476868327402135,25
1365,Healthy,297.5,4311.5,0.8709047515730093,24
1366,Healthy,262.0,3892.0,0.8738565238324506,21
1367,Healthy,286.5,3584.5,0.8519762335313872,22
1368,Healthy,264.5,3673.0,0.8656507936507937,22
1369,Healthy,327.5,3801.5,0.84136594817147,24
1370,Unhealthy,325.0,3771.0,0.84130859375,28
1371,Healthy,330.0,4006.0,0.8477859778597786,23
1372,Healthy,306.5,3846.5,0.8523958584156032,24
1373,Healthy,299.0,3930.5,0.8586121290932734,24
1374,Healthy,319.5,3663.5,0.8395681646999749,22
1375,Unhealthy,330.0,3619.5,0.8328902392707938,24
1376,Healthy,300.5,3733.0,0.8509978926490641,28
1377,Healthy,263.5,3831.0,0.8712907558920503,22
1378,Healthy,243.0,3866.5,0.8817374376444823,22
1379,Healthy,320.5,3869.0,0.8469984485022078,24
1380,Unhealthy,351.0,4038.0,0.8400546821599453,24
1381,Healthy,282.0,3653.5,0.8566891119298692,22
1382,Unhealthy,303.0,3806.0,0.8525188610367486,24
1383,Unhealthy,329.5,3873.5,0.8432072329288604,24
1384,Healthy,300.5,3842.5,0.85493603668839,24
1385,Healthy,273.5,3974.5,0.8712335216572504,22
1386,Healthy,305.0,4111.0,0.8618659420289855,23
1387,Healthy,286.0,4011.5,0.8668993600930773,24
1388,Healthy,434.0,3560.0,0.7826740110165248,23
1389,Healthy,434.0,3560.0,0.7826740110165248,23
1390,Healthy,290.0,3701.0,0.8546730142821348,27
1391,Healthy,272.0,3935.5,0.8707070707070707,22
1392,Healthy,323.0,3808.0,0.8436213991769548,27
1393,Healthy,305.0,3897.5,0.8548483045806068,24
1394,Healthy,310.5,3965.5,0.8547708138447146,24
1395,Healthy,286.0,4114.0,0.87,23
1396,Healthy,278.5,4073.0,0.8719981615534873,24
1397,Healthy,278.5,4073.0,0.8719981615534873,24
1398,Healthy,324.5,3896.5,0.8462449656479507,24
1399,Healthy,294.5,4238.5,0.870063975292301,24
1400,Unhealthy,308.0,4187.0,0.8629588431590657,24
1401,Unhealthy,291.5,3767.0,0.8563508685474929,28
1402,Healthy,324.0,3719.0,0.8397229779866435,24
1403,Healthy,252.5,3782.5,0.8748451053283767,22
1404,Healthy,281.5,3775.5,0.8612275080108455,28
1405,Healthy,265.5,3885.5,0.8720790171043122,22
1406,Healthy,284.0,3855.0,0.8627687847306112,29
1407,Healthy,304.5,3917.5,0.8557555660824254,28
1408,Healthy,288.0,4027.0,0.8665121668597914,23
1409,Healthy,300.0,3669.0,0.8488284202569917,27
1410,Healthy,300.0,3669.0,0.8488284202569917,27
1411,Healthy,264.0,3793.0,0.8698545723440966,22
1412,Healthy,262.0,3892.0,0.8738565238324506,21
1413,Healthy,301.0,3955.5,0.8585692470339481,24
1414,Healthy,297.0,3807.0,0.8552631578947368,29
1415,Healthy,286.0,3834.0,0.8611650485436894,28
1416,Healthy,284.0,3938.0,0.8654666035054477,27
1417,Healthy,329.0,3918.0,0.8450671061926065,23
1418,Healthy,276.0,3887.0,0.8674033149171271,22
1419,Healthy,273.5,3974.5,0.8712335216572504,22
1420,Healthy,264.5,3673.0,0.8656507936507937,22
1421,Healthy,278.5,4073.0,0.8719981615534873,24
1422,Healthy,320.5,3869.0,0.8469984485022078,24
1423,Healthy,268.5,4113.0,0.8774392331393358,22
1424,Healthy,306.0,3708.0,0.8475336322869955,23
1425,Unhealthy,311.5,3851.0,0.8503303303303303,24
1426,Healthy,314.0,4294.5,0.8637300640121515,24
1427,Healthy,355.0,3967.0,0.8357242017584452,24
1428,Healthy,297.5,4160.0,0.8665171060011218,24
1429,Healthy,301.0,4181.0,0.8656849620705043,24
1430,Healthy,304.5,4273.5,0.8669724770642202,24
1431,Healthy,273.0,4041.0,0.8734353268428373,22
1432,Healthy,262.0,3804.0,0.8711264141662568,21
1433,Healthy,292.0,4147.0,0.8684388375760307,24
1434,Healthy,323.0,3923.5,0.8478747203579419,24
1435,Healthy,265.5,3885.5,0.8720790171043122,22
1436,Healthy,336.5,3847.0,0.839129915142823,24
1437,Healthy,304.5,3917.5,0.8557555660824254,28
1438,Healthy,277.0,3918.0,0.867938021454112,21
1439,Healthy,320.0,4175.0,0.8576195773081201,25
1440,Healthy,276.0,3867.0,0.8667632150615496,29
1441,Healthy,306.5,3846.5,0.8523958584156032,24
1442,Healthy,299.5,3948.5,0.8589924670433146,24
1443,Healthy,300.5,4234.5,0.8674751929437706,24
1444,Healthy,272.0,3794.0,0.8662075750122971,29
1445,Healthy,282.0,4005.0,0.8684394681595521,24
1446,Unhealthy,313.0,4127.5,0.8590248845850692,24
1447,Healthy,284.0,4117.5,0.8709530841758492,20
1448,Healthy,287.0,4177.5,0.8714301713517751,24
1449,Healthy,296.0,3645.0,0.8497843187008374,29
1450,Healthy,290.5,3939.0,0.8626315167277456,24
1451,Healthy,282.5,3871.5,0.8639865190178142,28
1452,Healthy,298.0,4177.5,0.8668305217294157,24
1453,Unhealthy,300.0,3960.0,0.8591549295774648,24
1454,Healthy,294.0,3970.0,0.8621013133208255,29
1455,Healthy,299.5,3996.0,0.8605517401932254,24
1456,Healthy,262.0,3804.0,0.8711264141662568,21
1457,Healthy,265.0,4013.0,0.8761103319308088,22
1458,Healthy,306.0,3708.0,0.8475336322869955,23
1459,Healthy,271.5,4000.5,0.8728932584269663,22
1460,Healthy,252.5,3782.5,0.8748451053283767,22
1461,Healthy,288.0,3804.0,0.8592375366568915,22
1462,Healthy,295.5,4152.0,0.8671163575042159,24
1463,Healthy,323.0,3923.5,0.8478747203579419,24
1464,Healthy,296.0,3638.0,0.849517031011693,27
1465,Healthy,298.0,4126.5,0.8652955136173579,22
1466,Healthy,295.0,4121.0,0.8663949275362319,24
1467,Healthy,270.0,4208.0,0.8794104510942385,21
1468,Healthy,252.0,3958.0,0.8802850356294537,21
1469,Healthy,296.5,3894.5,0.8585063230732523,28
1470,Healthy,317.5,3646.5,0.8398082744702321,24
1471,Healthy,353.0,3918.0,0.8346991336923437,25
1472,Healthy,279.5,3866.0,0.8651549873356652,22
1473,Healthy,270.0,4208.0,0.8794104510942385,21
1474,Healthy,315.5,3945.0,0.8518953174510034,28
1475,Healthy,309.0,3706.0,0.8460772104607721,27
1476,Healthy,274.0,4055.5,0.8734264926665897,22
1477,Healthy,268.0,3848.0,0.86977648202138,23
1478,Healthy,324.5,3736.5,0.840187146023147,22
1479,Healthy,299.5,3948.5,0.8589924670433146,24
1480,Healthy,291.5,4127.5,0.8680696990269292,24
1481,Healthy,303.0,3837.5,0.8536408646298757,28
1482,Healthy,324.5,3791.5,0.8423226433430515,28
1483,Healthy,279.0,3896.0,0.8663473053892216,29
1484,Healthy,280.0,3931.5,0.8670307491392616,24
1485,Healthy,330.5,3961.5,0.8459925442684063,28
1486,Healthy,323.0,3772.0,0.8422466422466423,25
1487,Healthy,296.5,3894.5,0.8585063230732523,28
1488,Unhealthy,286.0,4011.5,0.8668993600930773,24
1489,Healthy,313.0,3957.0,0.8533957845433255,23
1490,Healthy,304.5,3906.0,0.8553615960099751,24
1491,Healthy,281.0,3987.0,0.8683223992502344,22
1492,Healthy,260.0,4194.0,0.8832510103277953,21
1493,Healthy,291.0,3919.5,0.8617741360883505,28
1494,Healthy,297.5,4189.0,0.8673799175303689,24
1495,Healthy,315.5,3945.0,0.8518953174510034,28
1496,Healthy,285.0,3789.0,0.8600883652430045,29
1497,Healthy,327.5,3707.5,0.8376703841387856,28
1498,Healthy,280.0,3931.5,0.8670307491392616,24
1499,Healthy,317.0,3887.0,0.8491912464319695,22
1500,Healthy,313.0,4214.0,0.8617185774243429,24
1501,Healthy,296.0,3645.0,0.8497843187008374,29
1502,Healthy,293.0,3899.0,0.8602099236641222,29
1503,Healthy,284.0,4093.0,0.8702307516563856,24
1504,Healthy,280.0,3877.0,0.865287466923262,27
1505,Healthy,287.0,4071.5,0.8683033153607893,24
1506,Healthy,303.5,3949.5,0.8572772160827651,24
1507,Healthy,351.0,4038.0,0.8400546821599453,24
1508,Healthy,284.0,4093.0,0.8702307516563856,24
1509,Healthy,296.0,3949.0,0.8605418138987043,24
1510,Healthy,301.0,4220.0,0.8668436186684362,24
1511,Healthy,298.5,4261.0,0.8690645904156158,24
1512,Healthy,300.5,3938.0,0.8582045534976996,24
1513,Healthy,298.5,4261.0,0.8690645904156158,24
1514,Healthy,280.0,3894.0,0.8658361284139914,27
1515,Healthy,299.0,4080.0,0.863439141356474,21
1516,Unhealthy,284.0,4153.0,0.8719855758395312,24
1517,Healthy,295.5,4152.0,0.8671163575042159,24
1518,Healthy,298.0,4148.0,0.8659469185784975,24
1519,Healthy,279.0,3896.0,0.8663473053892216,29
1520,Healthy,299.5,3922.0,0.8581073078289707,22
1521,Healthy,322.0,3562.0,0.8341915550978373,27
1522,Healthy,340.5,4017.0,0.8437177280550775,24
1523,Healthy,274.0,3837.0,0.8666990999756751,27
1524,Healthy,298.0,4177.5,0.8668305217294157,24
1525,Healthy,323.0,3832.0,0.8445246690734055,23
1526,Healthy,295.0,4180.0,0.8681564245810056,25
1527,Unhealthy,334.0,3940.0,0.8437061300889097,27
1528,Healthy,326.0,3866.0,0.8444656488549618,28
1529,Healthy,285.0,3789.0,0.8600883652430045,29
1530,Healthy,281.0,3987.0,0.8683223992502344,22
1531,Healthy,312.0,3631.0,0.8417448643165103,21
1532,Healthy,304.5,3906.0,0.8553615960099751,24
1533,Unhealthy,302.0,3963.5,0.8583987809166569,24
1534,Healthy,275.0,3862.0,0.8670534203529128,27
1535,Healthy,301.0,3921.0,0.857413548081478,20
1536,Healthy,300.0,3960.0,0.8591549295774648,24
1537,Healthy,320.0,4175.0,0.8576195773081201,25
1538,Healthy,275.0,4105.0,0.8744292237442922,22
1539,Healthy,299.0,4133.0,0.865072202166065,24
1540,Healthy,291.5,3767.0,0.8563508685474929,28
1541,Healthy,323.0,3808.0,0.8436213991769548,27
1542,Healthy,281.0,3958.0,0.8674215616890776,29
1543,Healthy,322.5,3808.5,0.8438634713144517,28
1544,Healthy,302.0,4038.0,0.8608294930875576,24
1545,Healthy,299.0,4220.0,0.8676698384598363,24
1546,Healthy,310.5,4070.5,0.8582515407441224,24
1547,Healthy,299.0,4080.0,0.863439141356474,21
1548,Healthy,319.5,3663.5,0.8395681646999749,22
1549,Healthy,300.0,3905.0,0.8573127229488704,29
1550,Healthy,294.0,3743.5,0.8543653250773994,28
1551,Healthy,313.0,4127.5,0.8590248845850692,24
1552,Healthy,311.0,3741.0,0.8464955577492597,28
1553,Healthy,300.5,3938.0,0.8582045534976996,24
1554,Healthy,270.0,3901.5,0.8705501618122977,22
1555,Healthy,289.5,3826.0,0.8593123557283441,24
1556,Healthy,307.0,3777.0,0.8496571988246817,25
1557,Healthy,314.0,4079.5,0.857061568225788,24
1558,Healthy,297.5,4189.0,0.8673799175303689,24
1559,Healthy,304.5,4273.5,0.8669724770642202,24
1560,Healthy,283.0,3774.0,0.8604880453537096,27
1561,Healthy,304.5,4122.5,0.8624350576010843,24
1562,Healthy,272.0,3935.5,0.8707070707070707,22
1563,Healthy,306.5,4083.5,0.860364464692483,24
1564,Healthy,304.5,3756.5,0.8500369367150948,24
1565,Healthy,280.0,3894.0,0.8658361284139914,27
1566,Healthy,269.0,3984.5,0.8735159280592453,22
1567,Healthy,333.0,4148.0,0.8513724615041286,25
1568,Healthy,294.5,4220.0,0.8695315095802414,24
1569,Healthy,298.0,4148.0,0.8659469185784975,24
1570,Healthy,282.0,3919.5,0.8657622277757944,22
1571,Healthy,302.5,3955.5,0.8579145138562706,24
1572,Healthy,302.5,4211.5,0.8659725299069562,24
1573,Healthy,296.0,3987.0,0.8617791267802942,24
1574,Healthy,279.0,4129.5,0.8734263354882613,24
1575,Healthy,287.0,4177.5,0.8714301713517751,24
1576,Healthy,298.0,4148.0,0.8659469185784975,24
1577,Healthy,292.5,4186.0,0.8693759071117562,24
1578,Healthy,283.5,3960.0,0.8663838812301167,24
1579,Healthy,402.0,3992.0,0.8170232134729176,24
1580,Healthy,313.0,3806.0,0.8480213644088371,28
1581,Healthy,303.0,3837.5,0.8536408646298757,28
1582,Healthy,296.0,3896.0,0.8587786259541985,29
1583,Healthy,280.0,3894.0,0.8658361284139914,27
1584,Healthy,282.0,3653.5,0.8566891119298692,22
1585,Healthy,289.5,4072.0,0.8672475065917689,28
1586,Healthy,281.5,4096.5,0.8714024668798538,28
1587,Healthy,326.0,3871.0,0.8446509411484394,26
1588,Healthy,323.0,3596.0,0.8351620311303904,27
1589,Healthy,309.0,3965.0,0.8554047730463267,24
1590,Healthy,298.0,3843.0,0.8560734122192707,25
1591,Healthy,256.0,3760.0,0.8725099601593626,25
1592,Healthy,283.0,4072.0,0.8700344431687715,27
1593,Healthy,312.0,4077.0,0.8578263841421736,27
1594,Healthy,288.5,4016.0,0.8659542339412243,28
1595,Healthy,299.0,3717.0,0.8510956175298805,28
1596,Healthy,282.0,3831.0,0.862873814733771,27
1597,Healthy,289.5,3794.0,0.8582098689849393,28
1598,Healthy,289.0,3955.0,0.8638077285579642,28
1599,Healthy,296.5,3890.5,0.8583711487938859,26
1600,Healthy,363.0,4114.0,0.8378378378378378,25
1601,Healthy,453.0,3885.5,0.7911720640774461,24
1602,Healthy,309.0,3677.0,0.8449573507275464,25
1603,Healthy,294.5,3904.0,0.8597118018339883,28
1604,Healthy,280.5,3881.5,0.8652090341182124,24
1605,Healthy,330.0,3596.0,0.8318899643402955,25
1606,Healthy,296.0,3677.0,0.8509942109237352,27
1607,Healthy,288.0,4033.5,0.8667129468934398,26
1608,Healthy,286.0,4082.0,0.8690476190476191,28
1609,Healthy,293.0,3945.0,0.8617272298253893,27
1610,Unhealthy,386.5,3887.0,0.8191178191178191,28
1611,Healthy,313.0,3694.0,0.8437733965560269,27
1612,Healthy,323.0,3992.0,0.8502896871378911,26
1613,Healthy,339.0,4027.0,0.8447091158955565,24
1614,Healthy,300.0,3552.0,0.8442367601246106,27
1615,Healthy,281.5,4023.5,0.8692218350754937,28
1616,Healthy,309.5,4000.5,0.8563805104408353,26
1617,Healthy,251.0,3943.0,0.8803051979017644,27
1618,Healthy,240.0,3757.0,0.879909932449337,25
1619,Healthy,299.5,4010.0,0.8610047569323588,28
1620,Healthy,296.5,3890.5,0.8583711487938859,26
1621,Healthy,285.0,3813.0,0.8609077598828697,27
1622,Unhealthy,312.0,3726.0,0.8454680534918276,27
1623,Healthy,319.0,3941.5,0.8502523178030748,26
1624,Healthy,281.0,3826.0,0.8631604577550523,27
1625,Healthy,377.0,3936.0,0.8251796893113842,27
1626,Healthy,286.0,3862.0,0.8621022179363549,27
1627,Healthy,283.5,4071.0,0.8697898725456424,28
1628,Healthy,317.0,4050.0,0.8548202427295626,25
1629,Healthy,319.0,3879.0,0.8480228680323963,25
1630,Healthy,327.0,3753.5,0.8397255238328636,28
1631,Healthy,289.0,3904.0,0.8621512043882662,27
1632,Healthy,291.0,4055.0,0.8660837551771744,27
1633,Healthy,296.5,3893.0,0.8584556629669412,28
1634,Healthy,317.0,3450.5,0.8317186463171865,26
1635,Healthy,306.5,3867.5,0.8531384762817441,26
1636,Unhealthy,294.0,3862.0,0.8585178055822906,27
1637,Healthy,286.0,3938.0,0.8645833333333334,28
1638,Healthy,287.0,3589.0,0.8519091847265222,27
1639,Healthy,288.0,3818.0,0.8597174866049684,27
1640,Healthy,299.0,3977.0,0.8601496725912068,27
1641,Healthy,303.0,3745.0,0.8502964426877471,27
1642,Healthy,284.0,3848.0,0.8625363020329139,27
1643,Healthy,304.0,3877.0,0.8545802439607749,27
1644,Healthy,271.0,3577.0,0.8591476091476091,27
1645,Healthy,275.0,3862.0,0.8670534203529128,27
1646,Healthy,278.0,3691.0,0.8599143361048123,27
1647,Healthy,315.5,4032.0,0.8548591144335825,24
1648,Healthy,293.0,4036.0,0.8646338646338646,27
1649,Healthy,329.0,3732.5,0.8379908900652469,28
1650,Healthy,259.0,3943.0,0.8767253688719657,27
1651,Healthy,285.0,4004.0,0.86710188855211,27
1652,Healthy,289.5,4072.0,0.8672475065917689,28
1653,Healthy,276.0,4045.5,0.8722665741062131,28
1654,Healthy,320.5,3906.0,0.8483378682124689,28
1655,Healthy,282.0,4097.0,0.871203471112126,27
1656,Healthy,273.0,3828.0,0.866861741038771,27
1657,Healthy,342.5,3768.0,0.8333536066171998,24
1658,Healthy,297.0,3659.0,0.8498483316481295,27
1659,Healthy,367.0,3818.0,0.8246117084826762,25
1660,Unhealthy,333.0,3928.0,0.8436986622858484,27
1661,Healthy,283.0,3858.0,0.8633180391209853,27
1662,Healthy,290.0,3867.0,0.8604763050276641,24
1663,Unhealthy,321.0,3831.5,0.8453943407585792,24
1664,Healthy,249.0,3896.0,0.8798552472858866,27
1665,Unhealthy,297.0,3699.0,0.8513513513513513,27
1666,Healthy,254.0,3782.0,0.8741328047571854,25
1667,Healthy,287.0,3992.0,0.8658565085300304,27
1668,Healthy,292.5,3778.0,0.8562830119149981,28
1669,Healthy,367.0,3818.0,0.8246117084826762,25
1670,Healthy,283.0,4072.0,0.8700344431687715,27
1671,Healthy,300.0,3552.0,0.8442367601246106,27
1672,Healthy,286.0,4055.0,0.8682331260078323,27
1673,Healthy,292.5,4030.5,0.864677307425399,26
1674,Healthy,305.0,4004.0,0.8584358319795776,27
1675,Healthy,289.5,3984.0,0.8645138645138645,28
1676,Healthy,316.5,3825.5,0.8471752776436504,26
1677,Healthy,339.0,3649.0,0.8299899699097292,26
1678,Healthy,282.5,3763.5,0.8603559070687098,26
1679,Healthy,276.5,3911.5,0.8679560649474689,28
1680,Healthy,299.0,3915.0,0.8580920740389179,27
1681,Healthy,380.0,3683.0,0.8129460989416687,28
1682,Healthy,290.5,3831.0,0.8590319058595172,28
1683,Healthy,369.0,3716.5,0.8193611553053481,26
1684,Healthy,293.5,4065.0,0.8653206378341173,28
1685,Healthy,255.0,3939.5,0.8784122064608416,26
1686,Healthy,313.0,3694.0,0.8437733965560269,27
1687,Unhealthy,377.5,3958.5,0.8258763837638377,24
1688,Healthy,279.0,3892.5,0.866235167206041,26
1689,Healthy,369.0,3980.5,0.8303253247499712,24
1690,Healthy,287.5,4063.5,0.867846472075385,26
1691,Healthy,306.5,3867.5,0.8531384762817441,26
1692,Healthy,307.0,3711.0,0.8471876555500248,25
1693,Healthy,282.0,3655.0,0.856743713487427,25
1694,Healthy,279.0,3989.0,0.8692596063730085,26
1695,Healthy,329.0,3732.5,0.8379908900652469,28
1696,Healthy,340.5,3735.0,0.8329039381670961,26
1697,Unhealthy,287.0,3916.0,0.8634308827028313,27
1698,Healthy,319.0,4050.0,0.8539711604486152,25
1699,Healthy,319.0,4050.0,0.8539711604486152,25
1700,Healthy,339.0,3832.0,0.8374490529848957,26
1701,Healthy,285.0,3869.5,0.8627993741725839,28
1702,Healthy,342.5,3768.0,0.8333536066171998,24
1703,Healthy,283.0,4043.0,0.8691631992602866,25
1704,Healthy,317.5,3837.0,0.8471536887712119,24
1705,Healthy,372.0,3699.0,0.817243920412675,23
1706,Healthy,302.0,3601.0,0.8452472457084295,27
1707,Healthy,279.0,4126.0,0.8733257661748014,27
1708,Healthy,320.0,3604.0,0.836901121304791,27
1709,Healthy,277.0,3738.0,0.8620174346201743,25
1710,Healthy,292.5,3897.5,0.860381861575179,26
1711,Healthy,321.0,3831.5,0.8453943407585792,24
1712,Healthy,293.0,3901.0,0.860276585598474,27
1713,Healthy,300.0,3877.0,0.8563562365333972,27
1714,Healthy,297.0,3875.0,0.8576222435282838,27
1715,Healthy,285.0,3666.5,0.8557509806402632,28
1716,Healthy,307.0,4131.0,0.8616493916178459,25
1717,Healthy,315.5,4032.0,0.8548591144335825,24
1718,Healthy,265.0,4043.0,0.8769730733519034,27
1719,Unhealthy,332.0,3645.0,0.833039979884335,26
1720,Healthy,273.0,4055.0,0.8738447319778189,27
1721,Healthy,275.0,3862.0,0.8670534203529128,27
1722,Unhealthy,310.0,3629.0,0.8425996445798426,27
1723,Healthy,279.0,4057.0,0.871309963099631,28
1724,Healthy,321.0,3831.5,0.8453943407585792,24
1725,Healthy,275.0,3760.0,0.8636926889714994,27
1726,Healthy,296.0,3677.0,0.8509942109237352,27
1727,Healthy,309.0,3523.0,0.8387265135699373,27
1728,Healthy,308.0,4030.5,0.8580154431255042,24
1729,Healthy,277.5,4032.5,0.87122969837587,28
1730,Healthy,265.0,4043.0,0.8769730733519034,27
1731,Healthy,268.0,3752.0,0.8666666666666667,27
1732,Healthy,298.0,4087.0,0.8640820980615735,27
1733,Healthy,277.0,3778.0,0.8633785450061652,28
1734,Healthy,288.0,3818.0,0.8597174866049684,27
1735,Healthy,285.0,3860.0,0.8624849215922799,27
1736,Healthy,301.0,3767.0,0.852015732546706,26
1737,Healthy,289.5,4091.5,0.867838393060945,28
1738,Healthy,336.0,3834.0,0.8388489208633093,27
1739,Healthy,322.0,3793.0,0.8434993924665857,25
1740,Unhealthy,306.0,3752.0,0.8491867915229176,26
1741,Healthy,307.0,3645.0,0.8446356275303644,27
1742,Healthy,307.5,3784.5,0.8497067448680352,24
1743,Healthy,348.0,3700.0,0.8280632411067194,24
1744,Healthy,312.5,3745.0,0.8459642637091805,20
1745,Healthy,316.5,3818.0,0.8468980529689201,28
1746,Healthy,262.0,4107.5,0.8800778121066484,26
1747,Unhealthy,322.5,3987.5,0.8503480278422274,24
1748,Healthy,296.5,3835.5,0.85648596321394,28
1749,Healthy,272.0,3801.0,0.8664375153449546,26
1750,Unhealthy,453.0,3885.5,0.7911720640774461,24
1751,Healthy,261.5,3960.5,0.8761250592136428,26
1752,Healthy,288.0,3982.0,0.8651053864168619,27
1753,Healthy,295.0,3667.0,0.851085310449268,27
1754,Healthy,270.0,3934.5,0.871566179093828,26
1755,Healthy,266.0,3750.0,0.8675298804780877,25
1756,Healthy,272.0,3967.0,0.8716678461901392,27
1757,Healthy,273.0,4093.0,0.874942739349519,27
1758,Healthy,272.0,3801.0,0.8664375153449546,26
1759,Healthy,270.0,3934.5,0.871566179093828,26
1760,Healthy,307.0,3645.0,0.8446356275303644,27
1761,Healthy,323.0,3992.0,0.8502896871378911,26
1762,Healthy,293.0,4036.0,0.8646338646338646,27
1763,Healthy,297.0,4060.5,0.86368330464716,28
1764,Healthy,280.0,3767.0,0.8616258957252285,25
1765,Healthy,301.0,3867.0,0.8555662188099808,27
1766,Healthy,297.0,3875.0,0.8576222435282838,27
1767,Healthy,329.0,3838.0,0.8420926325893928,27
1768,Healthy,285.0,3869.5,0.8627993741725839,28
1769,Healthy,272.0,3904.0,0.8697318007662835,21
1770,Healthy,290.0,3813.0,0.8586400194979283,27
1771,Unhealthy,296.0,4018.5,0.8627882721056901,28
1772,Healthy,240.0,3757.0,0.879909932449337,25
1773,Healthy,242.0,3953.0,0.8846245530393325,27
1774,Healthy,272.0,3960.0,0.8714555765595463,22
1775,Healthy,275.0,3906.0,0.86845252331978,27
1776,Healthy,287.0,3770.0,0.8585161449346808,27
1777,Healthy,266.0,3850.0,0.8707482993197279,27
1778,Healthy,296.5,3890.5,0.8583711487938859,26
1779,Healthy,385.5,3708.5,0.811675622862726,22
1780,Healthy,288.0,3811.0,0.8594779214442547,27
1781,Healthy,284.0,3804.0,0.8610567514677103,27
1782,Healthy,255.0,4029.5,0.8809662737775703,26
1783,Healthy,298.5,4032.0,0.8621406304121926,28
1784,Healthy,314.5,4009.0,0.8545160171157626,26
1785,Healthy,363.0,4114.0,0.8378378378378378,25
1786,Healthy,291.0,4055.0,0.8660837551771744,27
1787,Healthy,275.0,3906.0,0.86845252331978,27
1788,Healthy,275.0,3866.0,0.867181840135233,28
1789,Healthy,279.0,4126.0,0.8733257661748014,27
1790,Healthy,282.5,4050.5,0.8696053542580199,26
1791,Healthy,287.0,3913.5,0.8633496012379479,28
1792,Healthy,254.0,3994.0,0.8804143126177024,27
1793,Healthy,278.0,3999.0,0.8700023380874444,23
1794,Healthy,293.5,3955.0,0.8618335883252913,28
1795,Healthy,279.0,3840.0,0.864530225782957,27
1796,Healthy,322.5,3987.5,0.8503480278422274,24
1797,Healthy,280.5,3881.5,0.8652090341182124,24
1798,Healthy,300.0,4121.0,0.8642840986202217,27
1799,Healthy,320.0,4017.5,0.8524495677233429,28
1800,Healthy,312.5,3800.5,0.8480427911500121,26
1801,Healthy,275.0,3862.0,0.8670534203529128,27
1802,Healthy,282.5,3763.5,0.8603559070687098,26
1803,Healthy,277.5,4065.0,0.8721934369602763,28
1804,Healthy,292.0,3528.0,0.8471204188481676,27
1805,Healthy,290.0,3855.0,0.8600723763570567,27
1806,Healthy,293.0,3889.0,0.8598756575801052,27
1807,Healthy,295.0,3867.0,0.8582412301777992,27
1808,Healthy,284.0,3733.0,0.8586009459795868,25
1809,Healthy,299.0,4034.5,0.8620053074881735,28
1810,Healthy,299.5,4023.5,0.861438815637289,28
1811,Healthy,277.0,3738.0,0.8620174346201743,25
1812,Healthy,470.0,3481.0,0.7620855479625411,29
1813,Healthy,298.0,3811.0,0.8549525431978584,27
1814,Healthy,279.0,3989.0,0.8692596063730085,26
1815,Healthy,283.0,4072.0,0.8700344431687715,27
1816,Healthy,306.0,3740.0,0.8487394957983193,27
1817,Healthy,285.0,3999.0,0.8669467787114846,25
1818,Healthy,332.0,4001.0,0.8467574428802216,27
1819,Healthy,327.0,3738.0,0.8391143911439114,23
1820,Healthy,285.0,3851.5,0.8622023449776381,20
1821,Healthy,356.0,3562.0,0.8182746299132211,23
1822,Healthy,310.0,3691.0,0.8450387403149213,27
1823,Healthy,296.0,4018.5,0.8627882721056901,28
1824,Healthy,330.0,3835.0,0.8415366146458584,27
1825,Healthy,245.0,3611.0,0.8729253112033195,25
1826,Healthy,282.0,3652.0,0.8566344687341129,27
1827,Healthy,272.0,3508.0,0.8560846560846561,25
1828,Healthy,289.0,3892.0,0.8617555608706051,27
1829,Healthy,272.0,3801.0,0.8664375153449546,26
1830,Healthy,332.5,3752.5,0.8372093023255814,28
1831,Healthy,324.0,3495.0,0.8303220738413197,27
1832,Healthy,287.0,3968.0,0.8650998824911869,22
1833,Healthy,323.0,3831.0,0.8444872412132884,27
1834,Healthy,297.0,3843.0,0.8565217391304348,27
1835,Healthy,298.0,4084.0,0.8639890460976722,27
1836,Healthy,291.0,3631.0,0.8516063233044365,27
1837,Healthy,282.5,4050.5,0.8696053542580199,26
1838,Healthy,296.0,3623.0,0.8489410563919367,25
1839,Healthy,264.0,4041.0,0.8773519163763066,27
1840,Healthy,300.0,3843.0,0.8551774076755974,27
1841,Healthy,332.0,4001.0,0.8467574428802216,27
1842,Healthy,280.0,3951.0,0.8676435830772867,28
1843,Healthy,294.5,3904.0,0.8597118018339883,28
1844,Healthy,322.0,3894.0,0.8472485768500949,25
1845,Healthy,282.0,3955.0,0.8668869483124853,27
1846,Healthy,268.0,3647.0,0.8630906768837804,25
1847,Healthy,363.5,4036.5,0.8347727272727272,28
1848,Healthy,278.0,4004.0,0.8701541335824381,27
1849,Healthy,275.0,3760.0,0.8636926889714994,27
1850,Healthy,283.0,3770.0,0.8603503577596842,27
1851,Healthy,327.0,3738.0,0.8391143911439114,23
1852,Healthy,275.0,3866.0,0.867181840135233,28
1853,Healthy,275.0,3760.0,0.8636926889714994,27
1854,Healthy,307.5,3725.5,0.8475080585172329,28
1855,Healthy,298.0,3811.0,0.8549525431978584,27
1856,Healthy,293.0,4036.0,0.8646338646338646,27
1857,Healthy,282.0,3857.0,0.8637352017395507,27
1858,Healthy,262.0,4107.5,0.8800778121066484,26
1859,Healthy,294.0,4082.0,0.8656307129798904,25
1860,Healthy,377.5,3958.5,0.8258763837638377,24
1861,Healthy,264.0,4041.0,0.8773519163763066,27
1862,Healthy,298.5,3851.5,0.856144578313253,26
1863,Healthy,300.0,4130.0,0.8645598194130926,26
1864,Healthy,282.0,3955.0,0.8668869483124853,27
1865,Healthy,323.0,3831.0,0.8444872412132884,27
1866,Healthy,301.0,3848.0,0.8549047963364667,27
1867,Healthy,286.0,3904.0,0.8634844868735083,27
1868,Healthy,305.0,4106.5,0.8617250368355435,26
1869,Healthy,285.0,3999.0,0.8669467787114846,25
1870,Healthy,298.0,3811.0,0.8549525431978584,27
1871,Healthy,291.0,3778.0,0.8569673138363234,24
1872,Healthy,305.0,3835.0,0.8526570048309179,27
1873,Healthy,286.0,3904.0,0.8634844868735083,27
1874,Healthy,287.0,3904.0,0.8630398472918158,26
1875,Healthy,293.0,3909.0,0.8605425987624941,21
1876,Healthy,261.5,3960.5,0.8761250592136428,26
1877,Healthy,290.0,3867.0,0.8604763050276641,24
1878,Healthy,305.0,3835.0,0.8526570048309179,27
1879,Healthy,299.5,4023.5,0.861438815637289,28
1880,Healthy,305.0,4106.5,0.8617250368355435,26
1881,Healthy,285.0,3813.0,0.8609077598828697,27
1882,Healthy,258.0,3640.0,0.8676244227809133,25
1883,Healthy,287.0,4121.5,0.869796983100828,26
1884,Healthy,278.0,3981.0,0.8694529232214134,28
1885,Healthy,290.0,3813.0,0.8586400194979283,27
1886,Healthy,287.0,3770.0,0.8585161449346808,27
1887,Healthy,272.0,3508.0,0.8560846560846561,25
1888,Healthy,278.0,3981.0,0.8694529232214134,28
1889,Healthy,251.0,3740.0,0.8742169882235029,25
1890,Healthy,301.0,3848.0,0.8549047963364667,27
1891,Unhealthy,426.0,3613.0,0.7890566972022778,27
1892,Healthy,289.0,3904.0,0.8621512043882662,27
1893,Healthy,290.0,3883.0,0.8610112628804217,27
1894,Healthy,272.0,3984.0,0.8721804511278195,25
1895,Healthy,294.0,3862.0,0.8585178055822906,27
1896,Healthy,313.0,4111.0,0.858499095840868,27
1897,Healthy,289.0,3784.0,0.8580898600540142,27
1898,Unhealthy,302.0,3975.0,0.8587795183539865,28
1899,Healthy,275.0,3866.0,0.867181840135233,28
1900,Healthy,299.0,3977.0,0.8601496725912068,27
1901,Healthy,321.0,3967.0,0.8502798507462687,27
1902,Healthy,321.0,3967.0,0.8502798507462687,27
1903,Healthy,320.0,4017.5,0.8524495677233429,28
1904,Healthy,294.0,3862.0,0.8585178055822906,27
1905,Healthy,251.0,3740.0,0.8742169882235029,25
1906,Healthy,298.0,3843.0,0.8560734122192707,25
1907,Healthy,273.0,3887.0,0.86875,25
1908,Healthy,249.0,3915.5,0.8804178172649778,26
1909,Healthy,313.0,3777.0,0.8469437652811735,27
1910,Unhealthy,366.0,3794.0,0.8240384615384615,25
1911,Healthy,289.0,3928.0,0.8629357363054304,27
1912,Healthy,349.0,3491.0,0.8182291666666667,20
1913,Healthy,414.0,4075.0,0.8155491200712853,23
1914,Unhealthy,285.0,3762.0,0.8591549295774648,21
1915,Healthy,274.0,3967.5,0.8708004243781681,20
1916,Healthy,383.0,3823.0,0.8178792201616738,27
1917,Healthy,262.0,3928.0,0.8749403341288783,25
1918,Healthy,269.0,3914.5,0.8713995458348273,20
1919,Healthy,383.0,3826.0,0.8180090282727489,27
1920,Healthy,295.5,3708.0,0.8523791682278007,24
1921,Healthy,304.5,3914.5,0.8556529983408391,24
1922,Healthy,337.0,3971.0,0.8435468895078923,26
1923,Healthy,307.0,3625.5,0.8438652256834075,20
1924,Healthy,263.0,3728.0,0.868203457780005,23
1925,Healthy,382.0,3818.0,0.8180952380952381,23
1926,Healthy,330.0,4158.0,0.8529411764705882,25
1927,Healthy,283.0,4021.0,0.8684944237918215,25
1928,Healthy,273.0,3894.0,0.8689704823614111,25
1929,Healthy,257.0,3969.5,0.8783863717023542,20
1930,Healthy,281.0,3887.0,0.8651631477927063,25
1931,Healthy,377.0,3689.0,0.8145597638957206,27
1932,Healthy,266.0,4001.0,0.8753222404499649,25
1933,Healthy,274.0,3905.0,0.8688681502751855,25
1934,Healthy,291.5,3843.0,0.8589914137138711,20
1935,Healthy,314.5,3728.0,0.8444032158317872,20
1936,Healthy,274.0,3967.5,0.8708004243781681,20
1937,Healthy,302.5,3924.5,0.8568724863969719,24
1938,Healthy,257.0,3970.0,0.8784007570380885,25
1939,Healthy,338.0,4131.0,0.8487357350637726,25
1940,Healthy,372.0,3655.0,0.8152470821951825,27
1941,Unhealthy,257.0,3918.0,0.8768862275449102,25
1942,Healthy,318.0,3877.0,0.8483909415971395,27
1943,Healthy,597.0,3789.0,0.7277701778385773,23
1944,Healthy,248.5,3991.5,0.8827830188679245,20
1945,Healthy,278.0,4028.0,0.8708778448676265,25
1946,Healthy,263.0,3728.0,0.868203457780005,23
1947,Healthy,275.5,3886.5,0.867611725132148,20
1948,Healthy,392.0,3826.0,0.8141299193930773,27
1949,Healthy,427.5,4031.5,0.8082529715182777,24
1950,Healthy,371.5,4155.0,0.8358555175080083,24
1951,Unhealthy,348.0,3723.0,0.8290346352247605,27
1952,Healthy,368.0,3951.0,0.8295901829127112,23
1953,Healthy,337.0,3971.0,0.8435468895078923,26
1954,Healthy,344.5,4139.5,0.846342551293488,24
1955,Healthy,291.0,4180.0,0.8698277790203534,25
1956,Healthy,339.0,3857.5,0.838436792565233,24
1957,Healthy,303.0,3948.0,0.8574453069865914,24
1958,Healthy,289.0,3884.0,0.8614905343877306,27
1959,Healthy,337.0,3777.0,0.8361691784151677,25
1960,Healthy,323.0,3730.0,0.8406118924253639,23
1961,Healthy,425.0,3645.0,0.7911547911547911,27
1962,Healthy,289.0,3848.0,0.8602852308436065,27
1963,Healthy,250.0,3931.0,0.8804113848361635,25
1964,Healthy,283.0,3918.0,0.8652701737681504,27
1965,Healthy,299.0,3792.0,0.853825470545099,27
1966,Healthy,366.5,3810.0,0.8244941937028613,26
1967,Healthy,288.0,4111.0,0.869061150261423,25
1968,Healthy,239.0,3950.0,0.8858916209119122,25
1969,Healthy,350.0,3774.0,0.8302618816682832,25
1970,Healthy,303.0,3835.0,0.8535524407926535,27
1971,Unhealthy,383.0,3826.0,0.8180090282727489,27
1972,Healthy,271.0,3669.0,0.8624365482233503,25
1973,Healthy,282.0,3997.0,0.8681935031549427,25
1974,Healthy,285.0,3762.0,0.8591549295774648,21
1975,Unhealthy,303.5,4103.0,0.8622489504141609,28
1976,Healthy,370.0,3735.5,0.8197539885519425,28
1977,Healthy,292.0,3866.0,0.8595478595478595,26
1978,Healthy,273.0,3870.0,0.8682114409847936,27
1979,Healthy,288.5,4076.5,0.8678121420389462,24
1980,Healthy,296.0,3955.0,0.8607386497294754,27
1981,Healthy,266.0,3918.0,0.872848948374761,20
1982,Healthy,288.0,3809.0,0.8594093238955334,27
1983,Healthy,370.0,3735.5,0.8197539885519425,28
1984,Healthy,295.5,3708.0,0.8523791682278007,24
1985,Healthy,278.0,3955.0,0.8686510748877865,27
1986,Healthy,338.5,3851.5,0.8384248210023867,20
1987,Healthy,308.0,3820.5,0.8507932663194865,22
1988,Healthy,293.0,3928.0,0.8611703387822791,27
1989,Healthy,280.0,3914.5,0.8664918345452378,22
1990,Healthy,297.0,3857.0,0.8570052961001444,23
1991,Healthy,317.0,3689.0,0.8417373939091363,21
1992,Healthy,278.0,3955.0,0.8686510748877865,27
1993,Healthy,279.0,3823.0,0.8639687957094101,27
1994,Healthy,288.0,3849.0,0.860768672951414,26
1995,Healthy,286.0,3748.0,0.8582052553296976,27
1996,Healthy,259.5,3720.5,0.8695979899497488,20
1997,Healthy,253.0,4020.0,0.8815820266791481,25
1998,Unhealthy,422.0,3906.0,0.8049907578558225,25
1999,Healthy,298.0,3919.5,0.8586840545346769,24
2000,Healthy,289.0,3987.0,0.8648269410664172,25
2001,Healthy,374.0,3817.5,0.8215436001431469,24
2002,Healthy,279.0,4097.0,0.8724862888482633,27
2003,Healthy,257.0,3969.5,0.8783863717023542,20
2004,Healthy,353.0,3987.0,0.8373271889400922,24
2005,Healthy,286.0,3748.0,0.8582052553296976,27
2006,Healthy,372.0,3918.0,0.8265734265734266,27
2007,Unhealthy,387.0,3760.0,0.8133590547383651,25
2008,Healthy,305.0,3950.0,0.8566392479435958,27
2009,Healthy,269.0,3914.5,0.8713995458348273,20
2010,Healthy,294.5,3955.0,0.8613954582892105,26
2011,Healthy,287.0,4199.5,0.8720606263234146,28
2012,Healthy,306.0,3940.0,0.855864342910975,25
2013,Healthy,277.0,3829.5,0.8650919274321198,20
2014,Unhealthy,422.0,3865.0,0.8031257289479823,27
2015,Healthy,289.0,3928.0,0.8629357363054304,27
2016,Healthy,366.5,3810.0,0.8244941937028613,26
2017,Healthy,330.0,4065.0,0.8498293515358362,27
2018,Healthy,292.0,3866.0,0.8595478595478595,26
2019,Healthy,318.0,4117.5,0.8566114305038891,26
2020,Healthy,291.0,4322.5,0.8738484881326541,28
2021,Healthy,289.0,4072.0,0.8674615913781243,27
2022,Unhealthy,423.5,3587.5,0.7888307155322862,20
2023,Healthy,283.0,3918.0,0.8652701737681504,27
2024,Healthy,274.0,3967.5,0.8708004243781681,20
2025,Healthy,288.5,4076.5,0.8678121420389462,24
2026,Healthy,289.0,4099.0,0.8682771194165907,27
2027,Healthy,282.0,4011.0,0.8686233403214535,25
2028,Healthy,302.5,3924.5,0.8568724863969719,24
2029,Unhealthy,343.0,3606.0,0.8262851354773361,27
2030,Healthy,286.0,3748.0,0.8582052553296976,27
2031,Healthy,321.0,3784.0,0.843605359317905,27
2032,Healthy,287.0,4199.5,0.8720606263234146,28
2033,Healthy,384.0,4050.5,0.8268124929529823,24
2034,Unhealthy,283.0,3967.0,0.8668235294117647,27
2035,Healthy,377.0,3935.5,0.8251594202898551,24
2036,Healthy,355.5,3795.0,0.8286953379110951,26
2037,Healthy,341.5,3798.5,0.835024154589372,28
2038,Healthy,319.0,3926.0,0.8497055359246172,21
2039,Healthy,379.0,3804.0,0.8187903418599092,27
2040,Healthy,305.0,3896.0,0.8547964770292787,27
2041,Healthy,263.0,3679.0,0.8665651953323186,25
2042,Healthy,326.0,3826.0,0.8429672447013488,25
2043,Healthy,288.5,3948.5,0.8638187396742979,28
2044,Healthy,272.5,3796.5,0.8660604571147702,20
2045,Healthy,338.0,3723.0,0.8335385373060823,25
2046,Healthy,377.0,3935.5,0.8251594202898551,24
2047,Healthy,289.0,3984.0,0.8647320383805289,27
2048,Healthy,287.5,3749.0,0.8575498575498576,20
2049,Healthy,350.0,3774.0,0.8302618816682832,25
2050,Healthy,279.0,3823.0,0.8639687957094101,27
2051,Healthy,291.0,4322.5,0.8738484881326541,28
2052,Healthy,263.0,3679.0,0.8665651953323186,25
2053,Healthy,308.0,4102.0,0.8603174603174604,23
2054,Unhealthy,357.0,3801.0,0.8282828282828283,27
2055,Healthy,258.0,3784.0,0.8723404255319149,25
2056,Healthy,297.0,3857.0,0.8570052961001444,23
2057,Healthy,620.0,3867.0,0.7236460887006909,25
2058,Healthy,384.0,3774.0,0.8152958152958153,27
2059,Healthy,305.0,4006.0,0.8585015077708188,27
2060,Healthy,350.0,3858.0,0.8336501901140685,25
2061,Healthy,346.0,3815.0,0.8336938236000961,21
2062,Healthy,326.0,3826.0,0.8429672447013488,25
2063,Healthy,302.0,3927.0,0.8571766375029558,25
2064,Healthy,297.0,3845.0,0.8565910188314824,27
2065,Healthy,296.5,3946.5,0.8602403959462644,24
2066,Healthy,306.0,3856.0,0.8529553099471407,28
2067,Healthy,288.0,4243.0,0.8728757448686824,27
2068,Healthy,292.0,3883.0,0.8601197604790419,24
2069,Healthy,302.0,4092.0,0.8625398270368685,29
2070,Healthy,322.0,3701.0,0.8399204573701218,27
2071,Healthy,275.0,3736.0,0.862877088007978,20
2072,Healthy,299.5,3734.0,0.8514937399281022,20
2073,Healthy,549.5,3795.0,0.7470364829094257,24
2074,Unhealthy,304.5,4206.5,0.8649966747949457,28
2075,Healthy,278.0,4028.0,0.8708778448676265,25
2076,Unhealthy,348.5,3888.5,0.8354968137833373,24
2077,Healthy,308.0,4102.0,0.8603174603174604,23
2078,Healthy,316.0,4094.0,0.8566893424036282,23
2079,Healthy,248.5,3991.5,0.8827830188679245,20
2080,Unhealthy,350.0,3944.5,0.837000814995925,24
2081,Healthy,275.0,4131.0,0.8751702224239674,27
2082,Healthy,463.0,4154.5,0.7994585814834867,24
2083,Healthy,344.5,3805.0,0.8339558983010001,26
2084,Healthy,303.0,3835.0,0.8535524407926535,27
2085,Healthy,266.0,3857.0,0.8709677419354839,25
2086,Healthy,300.0,3984.0,0.8599439775910365,27
2087,Healthy,302.0,3917.5,0.8568550776158312,24
2088,Healthy,291.0,4180.0,0.8698277790203534,25
2089,Healthy,275.0,3593.5,0.857826030761277,20
2090,Healthy,328.0,4044.0,0.8499542543458372,24
2091,Healthy,298.5,3732.0,0.8518794194268701,20
2092,Healthy,239.0,3950.0,0.8858916209119122,25
2093,Healthy,366.0,3769.0,0.822974607013301,25
2094,Healthy,290.0,3889.0,0.8612108159846853,25
2095,Healthy,387.0,3946.5,0.8213914849428868,24
2096,Healthy,268.0,3923.0,0.872106895728943,27
2097,Healthy,259.5,3806.0,0.8723404255319149,20
2098,Healthy,234.0,3865.0,0.8858258111734569,25
2099,Healthy,305.0,3950.0,0.8566392479435958,27
2100,Healthy,252.0,3850.0,0.8771331058020477,25
2101,Healthy,315.0,3997.0,0.8538961038961039,27
2102,Healthy,268.0,4075.0,0.8765830071379231,25
2103,Healthy,326.0,3871.0,0.8446509411484394,20
2104,Healthy,311.0,3886.0,0.8517989039790327,25
2105,Healthy,279.0,4070.0,0.8716946424465394,27
2106,Unhealthy,271.0,3669.0,0.8624365482233503,25
2107,Healthy,378.0,3750.0,0.8168604651162791,25
2108,Healthy,255.0,3938.0,0.8783687097543524,25
2109,Healthy,341.5,3798.5,0.835024154589372,28
2110,Healthy,306.5,4050.0,0.859290715023528,28
2111,Healthy,308.0,4202.0,0.8634146341463415,25
2112,Healthy,296.0,3906.0,0.8591147072822466,25
2113,Healthy,313.0,3939.0,0.8527751646284102,26
2114,Healthy,282.0,4243.0,0.8753591160220995,29
2115,Healthy,291.0,4146.0,0.8688302907369845,25
2116,Healthy,350.0,3858.0,0.8336501901140685,25
2117,Healthy,251.0,4022.5,0.8825318825318825,26
2118,Healthy,289.0,3848.0,0.8602852308436065,27
2119,Healthy,278.0,3955.0,0.8686510748877865,27
2120,Healthy,239.0,3950.0,0.8858916209119122,25
2121,Healthy,363.0,3704.0,0.8214900417998525,25
2122,Healthy,313.0,4312.0,0.8646486486486487,27
2123,Healthy,286.0,4099.0,0.8695553021664766,27
2124,Healthy,257.0,3918.0,0.8768862275449102,25
2125,Healthy,295.0,4028.0,0.8635207032153597,28
2126,Healthy,305.0,4037.0,0.8595117457392907,28
2127,Healthy,418.0,3920.5,0.8073066728131842,20
2128,Healthy,298.0,3942.0,0.8594339622641509,24
2129,Healthy,288.0,3979.0,0.8650105460510897,27
2130,Healthy,325.0,3827.5,0.8434677904876581,24
2131,Healthy,316.0,3704.0,0.8427860696517413,29
2132,Healthy,320.0,3867.0,0.8471459278719847,25
2133,Healthy,311.0,3886.0,0.8517989039790327,25
2134,Healthy,365.0,3740.0,0.8221680876979294,25
2135,Healthy,311.0,4177.0,0.8614081996434938,23
2136,Healthy,270.5,3786.5,0.8666502341631748,20
2137,Healthy,346.0,3984.0,0.8401847575057737,23
2138,Healthy,392.0,3826.0,0.8141299193930773,27
2139,Healthy,302.0,3976.0,0.8588125292192613,29
2140,Healthy,287.5,4081.0,0.8683758727251917,26
2141,Healthy,297.0,4160.0,0.8667264976441552,25
2142,Healthy,279.0,3892.0,0.8662191321026133,25
2143,Healthy,376.0,3921.0,0.8249941819874331,23
2144,Healthy,306.0,3899.0,0.8544589774078478,29
2145,Healthy,291.0,4182.5,0.8699005253157482,28
2146,Healthy,318.0,4117.5,0.8566114305038891,26
2147,Healthy,378.0,3828.0,0.8202567760342369,25
2148,Healthy,296.0,4106.5,0.8655309483248155,28
2149,Healthy,291.0,4182.5,0.8699005253157482,28
2150,Healthy,292.0,4153.0,0.8686164229471316,29
2151,Healthy,348.0,3948.0,0.8379888268156425,25
2152,Healthy,299.0,3792.0,0.853825470545099,27
2153,Healthy,365.0,4036.0,0.8341286071347421,23
2154,Healthy,294.0,4120.0,0.866787494336203,26
2155,Healthy,308.0,4102.0,0.8603174603174604,23
2156,Healthy,255.0,3938.0,0.8783687097543524,25
2157,Healthy,285.0,4114.0,0.8704250966128666,27
2158,Healthy,292.0,4131.0,0.8679629210942799,29
2159,Healthy,274.0,3984.0,0.8713010803193988,27
2160,Healthy,319.0,4109.0,0.8559168925022583,23
2161,Healthy,316.0,4094.0,0.8566893424036282,23
2162,Healthy,311.0,4031.0,0.8567480423767849,27
2163,Healthy,304.5,3914.5,0.8556529983408391,24
2164,Healthy,375.5,3668.5,0.8142927794263106,26
2165,Healthy,298.0,3942.0,0.8594339622641509,24
2166,Healthy,278.0,4167.0,0.8749156355455568,27
2167,Healthy,289.0,4072.0,0.8674615913781243,27
2168,Healthy,307.0,4182.0,0.8632212073958565,23
2169,Healthy,271.0,4180.0,0.8782296113232981,27
2170,Healthy,302.0,4092.0,0.8625398270368685,29
2171,Unhealthy,349.0,3972.0,0.8384633186762324,23
2172,Healthy,269.0,3918.0,0.8715070456173871,25
2173,Healthy,291.0,4322.5,0.8738484881326541,28
2174,Healthy,372.5,4324.0,0.8413712338975833,24
2175,Healthy,332.0,3711.0,0.8357655206529805,27
2176,Healthy,260.0,3892.0,0.8747591522157996,25
2177,Healthy,349.0,3714.5,0.8282268979943399,20
2178,Healthy,346.0,3750.0,0.8310546875,25
2179,Healthy,325.0,4036.0,0.8509516166016968,27
2180,Healthy,332.0,3711.0,0.8357655206529805,27
2181,Healthy,291.0,3748.0,0.8559049269621193,27
2182,Healthy,291.0,3748.0,0.8559049269621193,27
2183,Healthy,298.0,3919.5,0.8586840545346769,24
2184,Healthy,295.5,3931.5,0.8601845280340668,20
2185,Healthy,302.0,3917.5,0.8568550776158312,24
2186,Healthy,300.0,3928.0,0.8580889309366131,27
2187,Healthy,268.0,4075.0,0.8765830071379231,25
2188,Healthy,320.0,3831.0,0.8458202842688509,27
2189,Healthy,298.0,4102.0,0.8645454545454545,29
2190,Healthy,349.0,3972.0,0.8384633186762324,23
2191,Healthy,347.0,4014.0,0.8408621875716579,25
2192,Healthy,288.5,3948.5,0.8638187396742979,28
2193,Healthy,297.0,3845.0,0.8565910188314824,27
2194,Healthy,292.0,4226.0,0.870739265161576,29
2195,Healthy,272.0,3948.5,0.8711053192749674,20
2196,Healthy,283.0,3918.0,0.8652701737681504,27
2197,Healthy,258.0,4031.0,0.8796922359524365,25
2198,Healthy,266.0,3701.0,0.8658936223846736,25
2199,Unhealthy,389.0,4077.0,0.825794894760412,23
2200,Healthy,348.0,3948.0,0.8379888268156425,25
2201,Healthy,392.0,3826.0,0.8141299193930773,27
2202,Healthy,287.0,3899.0,0.862876254180602,27
2203,Healthy,278.0,4028.0,0.8708778448676265,25
2204,Healthy,296.5,3946.5,0.8602403959462644,24
2205,Unhealthy,257.0,3928.0,0.8771804062126642,25
2206,Unhealthy,297.0,4133.0,0.8659142212189617,25
2207,Healthy,287.5,4081.0,0.8683758727251917,26
2208,Healthy,272.5,3806.0,0.8663724408483511,20
2209,Healthy,304.0,3838.0,0.8532110091743119,27
2210,Healthy,272.5,3806.0,0.8663724408483511,20
2211,Healthy,294.5,3971.0,0.8619153674832962,26
2212,Healthy,475.5,3772.0,0.7761035903472631,24
2213,Healthy,270.5,3786.5,0.8666502341631748,20
2214,Healthy,294.5,3971.0,0.8619153674832962,26
2215,Healthy,295.0,3929.5,0.8603385015978222,24
2216,Healthy,287.0,3899.0,0.862876254180602,27
2217,Healthy,278.0,4167.0,0.8749156355455568,27
2218,Healthy,307.0,3943.0,0.8555294117647059,25
2219,Healthy,322.0,3687.5,0.8393814690110987,24
2220,Healthy,346.0,3984.0,0.8401847575057737,23
2221,Unhealthy,312.0,4082.0,0.8579881656804734,23
2222,Healthy,356.0,4044.0,0.8381818181818181,24
2223,Healthy,294.0,3921.0,0.8604982206405694,25
2224,Unhealthy,315.0,3675.5,0.8421250469865932,24
2225,Healthy,311.0,4031.0,0.8567480423767849,27
2226,Healthy,284.0,4229.0,0.8741413693773543,29
2227,Healthy,315.0,3918.0,0.851169383416017,29
2228,Healthy,289.0,4197.0,0.8711547035220687,29
2229,Healthy,251.0,4022.5,0.8825318825318825,26
2230,Healthy,277.0,3829.5,0.8650919274321198,20
2231,Healthy,291.0,3748.0,0.8559049269621193,27
2232,Healthy,267.0,3928.0,0.8727056019070322,27
2233,Healthy,256.0,3811.0,0.8741086796164249,27
2234,Healthy,295.0,3667.0,0.851085310449268,27
2235,Healthy,273.0,3738.0,0.8638743455497382,26
2236,Healthy,301.0,3855.0,0.8551491819056786,25
2237,Healthy,284.5,3761.0,0.8593498949450006,24
2238,Healthy,292.0,3953.0,0.8624263839811543,24
2239,Healthy,284.5,3761.0,0.8593498949450006,24
2240,Healthy,271.0,3774.0,0.8660074165636589,27
2241,Healthy,271.0,3774.0,0.8660074165636589,27
2242,Healthy,287.5,3818.0,0.8599439775910365,22
2243,Healthy,340.0,3909.0,0.8399623440809603,27
2244,Healthy,308.0,3931.0,0.8546827081858929,25
2245,Healthy,296.0,3930.5,0.8599313853069916,24
2246,Healthy,315.0,4036.0,0.8552056998391174,27
2247,Healthy,292.0,3791.0,0.8569679157482244,25
2248,Healthy,273.0,4038.0,0.8733472512178149,27
2249,Healthy,261.5,3732.0,0.8690371854263178,26
2250,Healthy,304.0,3792.0,0.8515625,27
2251,Healthy,311.0,4187.0,0.8617163183637172,24
2252,Healthy,282.0,3745.0,0.8599453687608641,27
2253,Healthy,292.0,3791.0,0.8569679157482244,25
2254,Healthy,350.0,3756.0,0.8295177788602046,23
2255,Healthy,318.5,3852.5,0.8472788300167825,26
2256,Healthy,311.0,3887.0,0.8518342067651262,23
2257,Healthy,251.0,3857.0,0.8777994157740994,29
2258,Healthy,294.0,3740.0,0.8542389687654933,25
2259,Healthy,274.5,3777.0,0.8644946316179193,26
2260,Healthy,267.0,3928.0,0.8727056019070322,27
2261,Healthy,350.0,3756.0,0.8295177788602046,23
2262,Unhealthy,280.0,3891.5,0.8657557233609013,22
2263,Healthy,298.0,4167.0,0.8665173572228444,27
2264,Healthy,262.0,4016.0,0.8775128564749883,27
2265,Healthy,283.0,3762.0,0.8600741656365883,27
2266,Healthy,275.5,3999.0,0.8710960346239326,26
2267,Healthy,294.5,3881.5,0.858955938697318,22
2268,Healthy,270.0,3978.5,0.872896316346946,22
2269,Healthy,317.0,4003.0,0.8532407407407407,29
2270,Healthy,304.0,3787.0,0.8513810804204351,27
2271,Healthy,308.0,3931.0,0.8546827081858929,25
2272,Healthy,335.0,3765.0,0.8365853658536585,27
2273,Healthy,271.0,3774.0,0.8660074165636589,27
2274,Healthy,273.0,3867.0,0.8681159420289855,23
2275,Healthy,298.0,3816.0,0.8551288283908605,27
2276,Healthy,321.0,3729.0,0.8414814814814815,29
2277,Healthy,289.5,3844.0,0.8599250030240716,22
2278,Healthy,271.0,4021.0,0.8737185461323392,27
2279,Healthy,293.5,4168.5,0.8684446436575527,24
2280,Healthy,273.0,4028.0,0.8730527784236224,27
2281,Healthy,333.5,3818.0,0.8393351800554016,26
2282,Healthy,265.0,3857.0,0.871421639980592,27
2283,Healthy,297.0,4094.0,0.8647232976542929,27
2284,Healthy,340.0,3909.0,0.8399623440809603,27
2285,Healthy,276.0,4190.5,0.8764132990036941,24
2286,Healthy,328.0,3689.0,0.8366940502862833,25
2287,Healthy,271.0,3932.5,0.8710598310931367,22
2288,Healthy,293.0,3945.0,0.8617272298253893,23
2289,Healthy,273.0,4028.0,0.8730527784236224,27
2290,Healthy,262.0,3881.0,0.8735216027033551,26
2291,Healthy,511.0,4094.0,0.7780673181324647,25
2292,Healthy,275.0,3711.0,0.8620170597089815,27
2293,Healthy,278.0,3977.0,0.8693301997649824,27
2294,Healthy,280.5,4031.5,0.8698979591836735,22
2295,Healthy,258.0,3789.0,0.8724981467753892,27
2296,Healthy,308.0,3992.0,0.8567441860465116,23
2297,Healthy,267.0,4043.0,0.8761020881670534,27
2298,Healthy,255.0,3901.0,0.8772858517805582,27
2299,Healthy,305.5,3884.5,0.8541766109785203,22
2300,Healthy,291.0,3537.0,0.8479623824451411,27
2301,Healthy,299.0,3976.0,0.8601169590643275,24
2302,Healthy,318.0,3753.0,0.8437730287398674,23
2303,Healthy,325.5,3992.0,0.8492182976259409,26
2304,Healthy,286.0,3788.0,0.8595974472263133,24
2305,Healthy,262.0,4050.0,0.87847866419295,27
2306,Healthy,314.0,4068.5,0.8567027952082145,24
2307,Healthy,291.0,3537.0,0.8479623824451411,27
2308,Healthy,271.0,3892.0,0.869805428777324,27
2309,Healthy,265.0,3574.0,0.8619432143787444,26
2310,Healthy,287.0,3823.0,0.8603406326034063,24
2311,Healthy,303.0,4131.0,0.8633288227334236,29
2312,Healthy,301.0,3806.0,0.8534209885561237,29
2313,Healthy,288.0,4136.0,0.8698010849909584,29
2314,Healthy,275.0,3711.0,0.8620170597089815,27
2315,Healthy,305.0,3857.0,0.8534358481499279,27
2316,Healthy,284.5,3964.0,0.8660703777803931,24
2317,Healthy,273.0,3840.5,0.8672663182204935,26
2318,Healthy,297.0,4094.0,0.8647232976542929,24
2319,Healthy,297.0,3823.0,0.8558252427184466,27
2320,Healthy,246.0,3909.0,0.8815884476534296,27
2321,Healthy,266.5,4001.5,0.8751171508903468,22
2322,Healthy,356.0,3567.0,0.8185062452204945,27
2323,Healthy,288.5,4014.0,0.8658919233004068,22
2324,Healthy,284.0,3794.0,0.8607160372731731,27
2325,Healthy,311.0,3887.0,0.8518342067651262,23
2326,Healthy,325.5,3992.0,0.8492182976259409,26
2327,Healthy,370.5,4026.0,0.8314568406687137,26
2328,Healthy,293.0,3945.0,0.8617272298253893,23
2329,Healthy,257.5,3931.5,0.8770589639532108,22
2330,Healthy,266.0,4052.0,0.8767948124131543,27
2331,Unhealthy,293.0,4258.0,0.8712370907492859,24
2332,Healthy,303.5,3697.5,0.8482879280179955,24
2333,Healthy,285.0,4109.0,0.8702776513427402,22
2334,Healthy,293.0,3997.0,0.8634032634032635,29
2335,Healthy,511.0,4094.0,0.7780673181324647,25
2336,Healthy,292.0,3791.0,0.8569679157482244,25
2337,Healthy,280.0,3891.5,0.8657557233609013,22
2338,Healthy,255.0,3963.0,0.8790896159317212,22
2339,Healthy,262.0,3766.5,0.8699267717512722,26
2340,Healthy,278.0,3787.0,0.8632226322263222,27
2341,Unhealthy,303.0,4004.0,0.8592988158811238,29
2342,Healthy,298.0,3816.0,0.8551288283908605,27
2343,Healthy,262.0,3881.0,0.8735216027033551,26
2344,Healthy,277.0,3933.0,0.8684085510688836,27
2345,Healthy,258.0,3833.0,0.8738694695673429,27
2346,Healthy,284.0,3789.0,0.8605450527866437,27
2347,Unhealthy,261.5,3732.0,0.8690371854263178,26
2348,Healthy,256.0,3811.0,0.8741086796164249,27
2349,Healthy,298.5,3896.5,0.8576877234803337,24
2350,Unhealthy,304.0,4077.0,0.8612188997945674,24
2351,Healthy,308.0,4148.0,0.8617594254937163,27
2352,Unhealthy,302.0,4185.5,0.8654038997214485,22
2353,Healthy,264.0,3853.0,0.8717512752003886,27
2354,Healthy,272.0,4011.0,0.872986224608919,27
2355,Healthy,293.0,3997.0,0.8634032634032635,29
2356,Healthy,247.5,3701.5,0.8746518105849582,26
2357,Healthy,270.0,3979.0,0.8729112732407626,27
2358,Healthy,301.0,3806.0,0.8534209885561237,29
2359,Healthy,288.5,4014.0,0.8658919233004068,22
2360,Healthy,263.0,4022.0,0.8772462077012836,27
2361,Unhealthy,320.5,4015.0,0.8521508476530966,26
2362,Healthy,305.0,3857.0,0.8534358481499279,27
2363,Healthy,324.0,3792.0,0.8425655976676385,29
2364,Healthy,253.0,3484.0,0.8645972705378646,27
2365,Healthy,287.0,4137.0,0.870253164556962,29
2366,Healthy,311.0,3887.0,0.8518342067651262,23
2367,Unhealthy,292.5,3806.5,0.8572822639668212,26
2368,Healthy,292.5,4044.0,0.8650985818056036,22
2369,Healthy,251.0,3740.0,0.8742169882235029,29
2370,Healthy,284.5,4086.0,0.8698089463448118,24
2371,Healthy,259.0,3926.0,0.8762246117084826,27
2372,Healthy,251.0,3719.0,0.873551637279597,26
2373,Healthy,277.0,3899.0,0.8673371647509579,27
2374,Healthy,258.0,3833.0,0.8738694695673429,27
2375,Healthy,294.5,3829.0,0.8571601794591973,22
2376,Healthy,316.0,4077.0,0.8561347598452083,27
2377,Healthy,285.0,3982.0,0.8664166861963909,23
2378,Healthy,299.0,3684.0,0.849861913130806,27
2379,Healthy,268.0,3923.0,0.872106895728943,27
2380,Healthy,266.5,4001.5,0.8751171508903468,22
2381,Healthy,264.0,4132.0,0.8798908098271155,22
2382,Healthy,276.0,4070.0,0.8729866543948458,27
2383,Healthy,337.5,3945.0,0.8423817863397548,24
2384,Healthy,316.0,4016.0,0.8541089566020313,27
2385,Healthy,307.0,4129.0,0.8615870153291253,27
2386,Healthy,299.0,3967.0,0.8598218471636193,27
2387,Healthy,309.0,3792.0,0.8493050475493782,27
2388,Healthy,257.5,3931.5,0.8770589639532108,22
2389,Healthy,297.0,4378.0,0.8729411764705882,24
2390,Healthy,289.5,4051.5,0.866620594333103,22
2391,Healthy,273.0,4038.0,0.8733472512178149,27
2392,Healthy,276.0,3955.0,0.8695343890333255,27
2393,Healthy,289.5,4051.5,0.866620594333103,22
2394,Unhealthy,306.0,3937.5,0.855779427359491,22
2395,Healthy,278.5,3932.0,0.8677116731979575,22
2396,Healthy,306.0,3937.5,0.855779427359491,22
2397,Healthy,293.0,3994.0,0.8633076743643574,29
2398,Unhealthy,305.5,3884.5,0.8541766109785203,22
2399,Healthy,268.5,3982.0,0.8736619221268086,22
2400,Healthy,264.0,3863.0,0.8720620305306518,27
2401,Healthy,272.0,3706.0,0.8632478632478633,27
2402,Healthy,266.5,3959.0,0.8738610815288131,22
2403,Healthy,282.5,3871.0,0.8639701456602865,22
2404,Healthy,304.0,3787.0,0.8513810804204351,27
2405,Healthy,276.0,4084.0,0.8733944954128441,27
2406,Healthy,335.0,3877.0,0.8409306742640076,29
2407,Healthy,300.5,4392.0,0.8719232818327117,24
2408,Healthy,247.5,3701.5,0.8746518105849582,26
2409,Healthy,271.0,3892.0,0.869805428777324,27
2410,Healthy,282.0,3933.0,0.8661921708185053,27
2411,Healthy,299.0,3684.0,0.849861913130806,27
2412,Healthy,294.0,4038.0,0.8642659279778393,27
2413,Healthy,324.0,3755.0,0.8411375337092425,27
2414,Healthy,270.0,3940.0,0.8717339667458432,27
2415,Healthy,270.0,3940.0,0.8717339667458432,27
2416,Unhealthy,252.0,3806.0,0.8758008871365205,27
2417,Healthy,304.0,3922.0,0.8561287269285376,24
2418,Healthy,272.0,3867.0,0.8685672867842474,27
2419,Healthy,282.5,4106.5,0.8712690817953976,24
2420,Healthy,324.0,3582.0,0.8341013824884793,27
2421,Healthy,276.0,4190.5,0.8764132990036941,24
2422,Healthy,252.0,3806.0,0.8758008871365205,27
2423,Healthy,282.0,4014.0,0.8687150837988827,27
2424,Healthy,306.0,4072.0,0.8602101416171768,27
2425,Healthy,262.0,3766.5,0.8699267717512722,26
2426,Healthy,275.0,3867.0,0.8672139063254466,23
2427,Healthy,256.0,3721.0,0.8712597435252704,27
2428,Healthy,282.0,4014.0,0.8687150837988827,27
2429,Healthy,304.0,4518.0,0.8739112401493156,24
2430,Healthy,283.0,3813.0,0.86181640625,27
2431,Healthy,349.5,4151.5,0.8447011775161075,24
2432,Healthy,252.0,3806.0,0.8758008871365205,27
2433,Healthy,300.5,4392.0,0.8719232818327117,24
2434,Healthy,296.0,4170.0,0.8674429019256605,27
2435,Healthy,276.0,3977.0,0.8702092640489066,27
2436,Healthy,260.0,3779.0,0.8712552612032681,27
2437,Healthy,320.5,4015.0,0.8521508476530966,26
2438,Healthy,298.0,3884.0,0.8574844571975132,27
2439,Healthy,311.0,4011.0,0.8560851457658492,29
2440,Healthy,287.0,3823.0,0.8603406326034063,24
2441,Healthy,288.0,4378.0,0.876553793399057,24
2442,Healthy,299.0,4481.5,0.8749084823763205,24
2443,Healthy,303.0,4136.0,0.8634827663888263,24
2444,Healthy,292.5,3816.5,0.8576295935750791,24
2445,Healthy,303.0,4467.5,0.8729692904307724,24
2446,Healthy,268.0,3914.0,0.8718316594930655,27
2447,Healthy,293.0,4258.0,0.8712370907492859,24
2448,Healthy,291.0,3926.0,0.861987194688167,22
2449,Healthy,288.0,4136.0,0.8698010849909584,29
2450,Healthy,281.0,3933.5,0.8666508482619528,28
2451,Healthy,287.0,4137.0,0.870253164556962,29
2452,Healthy,268.5,3982.0,0.8736619221268086,22
2453,Healthy,282.0,4289.0,0.8766134325092978,24
2454,Healthy,263.0,4053.0,0.8781278962001854,27
2455,Healthy,335.0,3877.0,0.8409306742640076,29
2456,Healthy,312.0,3892.0,0.851569933396765,29
2457,Healthy,281.0,3997.0,0.868630201028518,27
2458,Healthy,265.0,3722.0,0.8670679709054427,28
2459,Unhealthy,262.0,4050.0,0.87847866419295,27
2460,Healthy,275.0,3644.0,0.859658076039806,25
2461,Healthy,296.0,3743.0,0.8534290666006438,27
2462,Healthy,304.5,4234.0,0.865814696485623,24
2463,Healthy,294.5,3482.5,0.8440561292030713,28
2464,Healthy,297.0,4338.5,0.8718584834429943,24
2465,Healthy,272.0,3706.0,0.8632478632478633,27
2466,Healthy,265.0,3992.0,0.8754991778247592,27
2467,Healthy,297.0,4378.0,0.8729411764705882,24
2468,Healthy,251.0,3857.0,0.8777994157740994,29
2469,Healthy,318.0,3840.0,0.847041847041847,29
2470,Healthy,294.5,4019.5,0.863467779323134,26
2471,Healthy,297.0,4175.0,0.8671735241502684,24
2472,Healthy,326.5,4192.0,0.8554830142746487,26
2473,Healthy,303.0,4136.0,0.8634827663888263,24
2474,Healthy,278.0,3962.5,0.868883386393114,24
2475,Healthy,260.5,3806.0,0.8718799950817656,26
2476,Healthy,304.0,4518.0,0.8739112401493156,24
2477,Healthy,276.0,4084.0,0.8733944954128441,27
2478,Healthy,298.5,3896.5,0.8576877234803337,24
2479,Healthy,303.0,4131.0,0.8633288227334236,29
2480,Healthy,267.0,4043.0,0.8761020881670534,27
2481,Healthy,298.5,4095.5,0.8641329085116067,24
2482,Healthy,311.0,4011.0,0.8560851457658492,29
2483,Healthy,325.5,4096.0,0.8527648987900034,26
2484,Healthy,297.0,4094.0,0.8647232976542929,27
2485,Healthy,306.0,4268.5,0.8662148868728823,24
2486,Healthy,282.0,4289.0,0.8766134325092978,24
2487,Healthy,298.0,4214.5,0.8679224376731302,26
2488,Healthy,307.0,4113.0,0.8610859728506788,27
2489,Healthy,324.0,3784.0,0.8422590068159689,29
2490,Healthy,326.5,4192.0,0.8554830142746487,26
2491,Healthy,318.0,4172.0,0.8583518930957684,27
2492,Healthy,272.0,4011.0,0.872986224608919,27
2493,Healthy,297.0,4084.0,0.8644145172335084,27
2494,Healthy,324.0,3784.0,0.8422590068159689,29
2495,Healthy,276.0,4084.0,0.8733944954128441,27
2496,Healthy,287.0,4051.0,0.867680958967266,24
2497,Healthy,310.5,4488.5,0.8705980412585955,24
2498,Healthy,287.0,4034.5,0.8671757491611709,24
2499,Healthy,304.0,3984.0,0.8582089552238806,23
2500,Healthy,291.0,3932.0,0.862183282026995,22
2501,Healthy,306.0,4011.0,0.8582348853370396,29
2502,Healthy,307.0,3989.0,0.8570763500931099,27
2503,Healthy,307.0,4129.0,0.8615870153291253,27
2504,Healthy,318.0,4172.0,0.8583518930957684,27
2505,Healthy,298.0,4214.5,0.8679224376731302,26
2506,Healthy,307.0,4113.0,0.8610859728506788,27
2507,Healthy,307.0,4113.0,0.8610859728506788,27
2508,Unhealthy,307.5,4146.5,0.8619218679838347,28
2509,Healthy,298.5,4122.0,0.8649474041398032,28
2510,Healthy,284.5,4085.5,0.8697940503432494,24
2511,Healthy,391.0,3784.0,0.8126946107784431,23
