id,Long,Lat,Class,y,HH_mean,HV_mean,VH_mean,VV_mean
1,102.434761,2.946644,Healthy,0,0.1406603306531906,0.01998042253156503,0.016359772947099473,0.0768728256225586
2,102.434488,2.946161,Healthy,0,0.17421423229906294,0.020147807378735807,0.017511990593953267,0.105589150554604
3,102.434845,2.946645,Healthy,0,0.12834591252936256,0.02349707360068957,0.017266148804790445,0.10243332510193189
4,102.434685,2.946089,Healthy,0,0.1506121042701933,0.019670811481773853,0.020913497027423646,0.07075783693128163
5,102.43492,2.946778,Healthy,0,0.1269277756412824,0.018160374835133553,0.01630268504636155,0.09866099887424046
6,102.434262,2.945335,Unhealthy,1,0.09911482284466426,0.011673253029584885,0.016325213222040072,0.08559165853593084
7,102.434684,2.946372,Healthy,0,0.0934903480940395,0.01615296583622694,0.011290068841642804,0.06427355979879697
8,102.434882,2.946433,Healthy,0,0.10007110734780629,0.017692146719329886,0.015744588544799223,0.08756367448303434
9,102.434916,2.946644,Healthy,0,0.10829945902029674,0.02305582890080081,0.018173667395280466,0.08805069617099232
10,102.434297,2.945276,Healthy,0,0.12193129542801115,0.010824712510738108,0.01602936318765084,0.09954623795217937
11,102.432546,2.94744,Healthy,0,0.11586439112822215,0.02258854338692294,0.022376035029689472,0.134341009789043
12,102.43419,2.948137,Healthy,0,0.09481115059720145,0.017552823552654848,0.01519121891922421,0.08850014706452687
13,102.434377,2.945399,Healthy,0,0.0935863811108801,0.013892046693298552,0.01598185445699427,0.10813131514522764
14,102.434997,2.946646,Healthy,0,0.0943329922027058,0.022820531701048214,0.021230791178014543,0.10144903759161632
15,102.439706,2.946712,Healthy,0,0.1790352687239647,0.029466865584254265,0.02155323637028535,0.11737799892822902
16,102.434605,2.946106,Healthy,0,0.17778332200315264,0.018506019272738032,0.0179704362526536,0.0836133427090115
17,102.434881,2.946576,Healthy,0,0.1076854740579923,0.02084396303527885,0.016768528045051627,0.06954805180430412
18,102.434103,2.945059,Healthy,0,0.07414283396469222,0.009668670335991515,0.00986228184774518,0.07596511724922392
19,102.434842,2.946775,Healthy,0,0.18883861435784233,0.021656493035455544,0.018821658256153267,0.10233334865834978
20,102.43492,2.946505,Healthy,0,0.08460906893014908,0.020939548603362508,0.01834874279383156,0.07207456148333019
21,102.435028,2.946711,Unhealthy,1,0.10562108208735783,0.024313833564519882,0.020453674925698176,0.11167135834693909
22,102.434766,2.946229,Healthy,0,0.12878630558649698,0.019376689568161964,0.013348323499990834,0.07726857314507167
23,102.434187,2.94506,Healthy,0,0.08610609215166834,0.011294153105053637,0.011735088243666623,0.07729984819889069
24,102.434606,2.946371,Healthy,0,0.09090258760584725,0.01588348537269566,0.009765050684412321,0.057770022087626986
25,102.432589,2.947647,Healthy,0,0.0979491447408994,0.025488956107033625,0.02770972748597463,0.09274616092443466
26,102.434724,2.946569,Healthy,0,0.17188392413987053,0.018776345998048782,0.01833072046024932,0.07142889954977566
27,102.4348,2.946572,Healthy,0,0.1386018560992347,0.019381101243197918,0.016028744375540152,0.06322557065221998
28,102.434527,2.946103,Healthy,0,0.14124474177757898,0.022813989780843258,0.024712524687250454,0.09022412366337246
29,102.434259,2.945062,Healthy,0,0.09418425667617056,0.013723867427971628,0.015834572207596567,0.06593018273512523
30,102.439397,2.946162,Healthy,0,0.1511653239528338,0.03414069157507685,0.033467373707228236,0.10798941800991695
31,102.434727,2.94616,Healthy,0,0.16104832705524233,0.02014855771429009,0.015003991002837816,0.07743983964125316
32,102.434612,2.945819,Healthy,0,0.1855037502116627,0.01243238751259115,0.012881133084495863,0.05143310750524203
33,102.439362342,2.946098528,Healthy,0,0.21026109986835056,0.02912044690714942,0.029873889353540208,0.10219211793608135
34,102.434528,2.945817,Healthy,0,0.12975209454695383,0.012493266413609186,0.01315251292867793,0.06104912277725008
35,102.434334,2.945605,Healthy,0,0.10389855007330577,0.014065195185442766,0.011539689989553558,0.07226706337597635
36,102.434068,2.94499,Healthy,0,0.07940511984957589,0.009718734305351973,0.011330576975726418,0.06062879827287462
37,102.434918,2.94693,Healthy,0,0.15536584125624764,0.024110149902602036,0.025418429738945432,0.08056269710262616
38,102.439596,2.946238,Healthy,0,0.13384825570715797,0.019930549276371796,0.013566259501708878,0.12150552454921934
39,102.434369,2.945677,Healthy,0,0.12848570363389122,0.02351301618748241,0.021639546896848414,0.11763154880868064
40,102.434414,2.945747,Healthy,0,0.11481142871909672,0.02086809432754914,0.017884642506639164,0.15805444286929238
41,102.439941,2.946858,Healthy,0,0.16123323308096993,0.015901962502135172,0.021994364344411425,0.11655493411752912
42,102.434953,2.946984,Healthy,0,0.17778893808523813,0.018432125966582034,0.023277965270810656,0.0843879845407274
43,102.434335,2.945469,Healthy,0,0.08321826408306758,0.015056349544061555,0.012578654309941662,0.07551145512196752
44,102.433987,2.944992,Healthy,0,0.10995898975266351,0.008782333383957544,0.011999495327472687,0.06648563138312763
45,102.43421,2.945275,Healthy,0,0.09110772526926464,0.01133555473966731,0.016850995520750683,0.05601712895764245
46,102.434022,2.945062,Unhealthy,1,0.08780559690462218,0.009579042852338817,0.01067588229974111,0.06310433646043141
47,102.434684,2.946227,Healthy,0,0.19050370073980755,0.018440926861431863,0.010768448313077291,0.07503373920917511
48,102.432511,2.947506,Healthy,0,0.1289305645558569,0.025056631821725104,0.024112164974212646,0.09338927600118849
49,102.432469,2.947169,Healthy,0,0.08749171511994468,0.015454285674624972,0.017869812332921557,0.08592698805862004
50,102.434994,2.946778,Healthy,0,0.12428152643971974,0.01849505315638251,0.014391955609122912,0.09684868156909943
51,102.435154,2.946933,Healthy,0,0.14546040114429262,0.018220260325405333,0.017515557093752757,0.11590157200892766
52,102.434181,2.945196,Healthy,0,0.10566189222865635,0.016049930618868932,0.016267878520819876,0.047375742346048355
53,102.43967,2.94624,Healthy,0,0.11167045682668686,0.014456134392983384,0.014284368190500472,0.10585785657167435
54,102.434026,2.944923,Healthy,0,0.08705580193135473,0.013295829192631774,0.01439037856956323,0.05498522768417994
55,102.432786,2.94758,Unhealthy,1,0.21967578679323196,0.02845191251900461,0.028035925287339423,0.12674755851427713
56,102.435112,2.946989,Healthy,0,0.17152125222815406,0.017964265309274197,0.01914941447062625,0.11042097707589467
57,102.433056,2.948057,Healthy,0,0.15261993639998966,0.026228461000654433,0.02701205511887868,0.1898597561650806
58,102.439476,2.946298,Healthy,0,0.13978726002905104,0.03869475320809417,0.029016322352819972,0.1264043930504057
59,102.434841,2.946502,Healthy,0,0.1196795246667332,0.01638615835044119,0.015282376669347286,0.08909631023804347
60,102.432396,2.947303,Healthy,0,0.11061241974433263,0.016123937132457893,0.015877733420994546,0.08683524032433827
61,102.433611,2.947248,Healthy,0,0.18974784678883022,0.01787159726437595,0.01767333669381009,0.08897801364461581
62,102.439559,2.946166,Healthy,0,0.11408285879426533,0.02445196846707,0.018409421305275626,0.13254830406771767
63,102.434998,2.946932,Healthy,0,0.14708683888117471,0.019409061306052737,0.021892186461223498,0.09402231872081757
64,102.43259,2.947239,Healthy,0,0.1564110236035453,0.014025652781128883,0.017551951627764437,0.12431888447867499
65,102.434336,2.945336,Healthy,0,0.11200568328301112,0.011917098839249875,0.01614029250211186,0.11549259556664361
66,102.433499,2.94718,Unhealthy,1,0.13838955760002136,0.016327955656581454,0.015491046114928193,0.14678127815326056
67,102.434807,2.946298,Healthy,0,0.11734666840897666,0.017807016666564677,0.013915681797597144,0.08414737631877263
68,102.434414,2.945607,Healthy,0,0.12060151249170303,0.015855271369218826,0.014014342592822181,0.06789914146065712
69,102.434234,2.948069,Healthy,0,0.11916521108812755,0.021399911493062973,0.01566461908320586,0.09190756910377079
70,102.434343,2.945197,Healthy,0,0.14602062023348278,0.010100034582946036,0.010463783103558753,0.058405735426478915
71,102.434568,2.94589,Unhealthy,1,0.18787655813826454,0.010145655212303003,0.012770774153371653,0.048685835053523384
72,102.439747,2.946785,Healthy,0,0.11565261168612374,0.02460389170381758,0.02486338445709811,0.0873914286494255
73,102.434725,2.946298,Healthy,0,0.11282103260358174,0.016983116149074502,0.011436508192370335,0.07302455893821186
74,102.439515,2.946235,Healthy,0,0.12724540879329047,0.040327813062402934,0.025552806134025257,0.12387739287482367
75,102.439596,2.946114,Healthy,0,0.08383711013529035,0.016650627884599898,0.012415654491633177,0.11901970124906963
76,102.434098,2.945197,Healthy,0,0.09463924997382694,0.017864545703762107,0.019885187761651144,0.04059498053458002
77,102.434487,2.945886,Healthy,0,0.11277863134940465,0.011144346764518155,0.013223893940448761,0.057685702625248164
78,102.43449,2.945746,Healthy,0,0.10710481388701333,0.017774313998719055,0.013744596081475416,0.14162856340408325
79,102.434649,2.945892,Unhealthy,1,0.19992724392149183,0.012353717245989375,0.01625914230114884,0.056111771199438304
80,102.439522,2.946112,Healthy,0,0.11536354488796657,0.028119038997424975,0.027830659360107448,0.09972929706176122
81,102.439516,2.94637,Healthy,0,0.20282059328423607,0.020606819436781935,0.02688149611155192,0.12390556020869149
82,102.435076,2.946932,Healthy,0,0.15703827722205055,0.01956446862055196,0.019981815272735223,0.10402745505174
83,102.434038,2.948138,Healthy,0,0.10670971539285448,0.01812088530924585,0.014667481804887453,0.09005079915126164
84,102.432468,2.947307,Unhealthy,1,0.1140600335266855,0.016219573819802865,0.015388369870682558,0.08878734790616566
85,102.434802,2.946435,Healthy,0,0.12216391993893518,0.01648884194178714,0.01679266978883081,0.09540414313475291
86,102.439437,2.946233,Healthy,0,0.1173787299129698,0.04181962915592723,0.033634816399878927,0.1208209569255511
87,102.433885,2.947456,Healthy,0,0.13542677213748297,0.023262677507268056,0.024608771834108565,0.0993692787985007
88,102.439861,2.946857,Healthy,0,0.15656724489397472,0.019713977869186137,0.028386439403725996,0.09249896887275907
89,102.434689,2.945818,Healthy,0,0.17809743682543436,0.014047134046753248,0.016230048508279853,0.06740435254242685
90,102.434616,2.94568,Healthy,0,0.12806651492913565,0.020292077730927203,0.020674071585138638,0.08420923517809974
91,102.435116,2.946849,Healthy,0,0.13400263090928397,0.024849456424514454,0.020206737745967176,0.10823018021053737
92,102.434607,2.946224,Healthy,0,0.21089542077647316,0.015965840572284326,0.010133526081012355,0.07635949386490716
93,102.432709,2.947719,Healthy,0,0.22138754030068716,0.028425846869746845,0.024528609174821112,0.15656589633888668
94,102.439905,2.946787,Healthy,0,0.16788622405793932,0.01620613369676802,0.020833130305012066,0.1072621527645323
95,102.434116,2.948138,Healthy,0,0.10315674957301882,0.01951135839853022,0.018885120956434145,0.1047045456038581
96,102.434958,2.946571,Healthy,0,0.10037348916133244,0.021450602759917576,0.01769562241517835,0.0746629647910595
97,102.433993,2.948068,Healthy,0,0.11788749363687304,0.0185575352774726,0.016190808990763292,0.08631171700027254
98,102.439404,2.949246,Healthy,0,0.14430888990561166,0.01722565365748273,0.017363051883876324,0.0853292706112067
99,102.434764,2.946369,Healthy,0,0.0912344182531039,0.016825081987513438,0.015787823643121455,0.08434953333603011
100,102.433687,2.947249,Healthy,0,0.16177495734559166,0.019687168196671538,0.018601613429685433,0.10084139969613817
101,102.432511,2.947237,Healthy,0,0.10571300486723582,0.013013007015817694,0.014946808831559287,0.09646974421209759
102,102.433022,2.947991,Healthy,0,0.1792352812157737,0.02555716720720132,0.027533226129081514,0.15460089097420374
103,102.434038,2.947997,Healthy,0,0.15589047306113774,0.018278658700486023,0.01626618020236492,0.07936606970098284
104,102.4343,2.94513,Healthy,0,0.15525680780410767,0.013147656288411882,0.011831340483493276,0.05938212863273091
105,102.432509,2.947371,Healthy,0,0.11328211592303382,0.02079435230957137,0.019877899024221633,0.10642989062600666
106,102.434721,2.946443,Healthy,0,0.10873148590326309,0.01645042798999283,0.014106023642751906,0.0796551000740793
107,102.434381,2.94528,Healthy,0,0.132888187136915,0.010262608114216063,0.016141488320297666,0.08431071705288357
108,102.440126,2.947066,Healthy,0,0.16404054313898087,0.026070258166227076,0.017582674821217854,0.12517325497335857
109,102.439787,2.946716,Healthy,0,0.18177154494656456,0.021291204624705844,0.020656354311439726,0.13764278342326483
110,102.439629,2.946441,Healthy,0,0.14291794184181425,0.017169756918317743,0.022474398008651204,0.06794611281818813
111,102.433733,2.947177,Healthy,0,0.17910260789924198,0.014722115153239833,0.018735981028940942,0.1044532201356358
112,102.434075,2.948071,Healthy,0,0.15054618981149462,0.019225255275766056,0.014407308565245735,0.08354281302955416
113,102.433533,2.947112,Healthy,0,0.12331989490323597,0.015182310508357154,0.014163464721706178,0.16486134380102158
114,102.4391,2.948402,Healthy,0,0.12541457389791807,0.01433626614097092,0.014663734266327487,0.08632891583773825
115,102.434727,2.945889,Healthy,0,0.1880183070898056,0.01345347116390864,0.019594880648785166,0.06692200071281856
116,102.433649,2.947451,Healthy,0,0.13287455009089577,0.022310031577944756,0.02421251456770632,0.0958754461672571
117,102.439556,2.946306,Healthy,0,0.1474834680557251,0.027668801446755726,0.01969259770380126,0.108388086160024
118,102.434644,2.946298,Healthy,0,0.1188215927945243,0.016273770274387464,0.010203923616144393,0.06960786423749393
119,102.433765,2.947527,Healthy,0,0.11872877677281697,0.02135558881693416,0.022910310783320002,0.09834054112434387
120,102.439095,2.948546,Healthy,0,0.14675926168759665,0.02288510205431117,0.020337740580240887,0.08267843226591746
121,102.434104,2.944926,Healthy,0,0.07502562055985133,0.01214119429803557,0.015653167540828388,0.05113638316591581
122,102.439281,2.949033,Healthy,0,0.100754557384385,0.02400707494881418,0.01659179137398799,0.08104585400886005
123,102.432434,2.947098,Healthy,0,0.10348154273298052,0.014120764306022061,0.013864746731188562,0.06870750213662784
124,102.434529,2.945677,Unhealthy,1,0.11238780121008556,0.01911392683784167,0.01573040108713839,0.10793553044398625
125,102.435231,2.947057,Healthy,0,0.1163981705904007,0.01716511779361301,0.013326472499304347,0.09132501979668935
126,102.432903,2.947921,Healthy,0,0.19125532772805956,0.03274708199832174,0.027089031413197517,0.1314502606789271
127,102.432704,2.947437,Unhealthy,1,0.10006393906142977,0.023503634043865733,0.022616108155084982,0.09488418615526623
128,102.434538,2.945537,Healthy,0,0.1592147664891349,0.02312610029346413,0.016513167673514947,0.06715884763333532
129,102.434262,2.945195,Healthy,0,0.14812204904026455,0.01501082494441006,0.014091432818935977,0.06037745624780655
130,102.43427,2.94814,Healthy,0,0.09566566679212782,0.01761999602119128,0.01301462979366382,0.08506583256853952
131,102.439789,2.946581,Healthy,0,0.16194576107793385,0.020413234622942075,0.022677851219971974,0.09644424004687203
132,102.432667,2.947648,Healthy,0,0.15327945268816418,0.02446488684250249,0.026342810442050297,0.10883271901143922
133,102.433768,2.947385,Healthy,0,0.12164908316400316,0.022379309145940676,0.01812290069129732,0.11298838671710756
134,102.439634,2.946168,Healthy,0,0.07415412242213885,0.015457539612220393,0.011874373795257675,0.16388830459780163
135,102.435078,2.946782,Healthy,0,0.13038046492470634,0.023807129098309412,0.017923885232044592,0.09913013461563322
136,102.432785,2.947717,Healthy,0,0.2761623826291826,0.02964378148317337,0.02450232021510601,0.15505261884795296
137,102.439183,2.948552,Healthy,0,0.10179277840587828,0.017126542929973867,0.01703014141983456,0.0774561973909537
138,102.433849,2.947795,Healthy,0,0.1616989349325498,0.017956189397308562,0.01372091006487608,0.06595438263482517
139,102.432587,2.947514,Healthy,0,0.10599022193087472,0.025143710068530507,0.0237345149119695,0.1179315017329322
140,102.433845,2.947661,Healthy,0,0.1383629557159212,0.02205516853266292,0.017009347987671692,0.0518609666162067
141,102.438823,2.948342,Healthy,0,0.1652616643243366,0.019253191641635366,0.022401442751288414,0.14748799138598973
142,102.439482,2.949104,Healthy,0,0.09368548128339979,0.020637907605204318,0.018694312622149784,0.04853996344738536
143,102.432744,2.947648,Healthy,0,0.21798855231867897,0.026036101910803053,0.025481382798817422,0.12769069191482332
144,102.432979,2.947921,Healthy,0,0.16998972329828474,0.030267681512567732,0.02409336395147774,0.11243772092792723
145,102.432311,2.947165,Healthy,0,0.09033908694982529,0.022831115457746718,0.021675709014137585,0.07877819571230146
146,102.434036,2.947865,Healthy,0,0.12825172974003685,0.01670892805688911,0.016948840270439785,0.0814963546064165
147,102.439981,2.946791,Healthy,0,0.16476719246970284,0.014190693592859639,0.018153838399383757,0.13721266140540442
148,102.433573,2.947317,Unhealthy,1,0.1635391099585427,0.021556111776994333,0.01775110771672593,0.07440228222144975
149,102.432509,2.947095,Healthy,0,0.09976255893707275,0.014456809912290838,0.014928695745766163,0.06894517234630054
150,102.439446,2.94917,Healthy,0,0.12329520202345318,0.01723088313721948,0.017019123666816287,0.049857055147488914
151,102.439362,2.949173,Healthy,0,0.10283677528301875,0.01800084641824166,0.01635735585457749,0.04390827607777384
152,102.433535,2.947249,Unhealthy,1,0.16705324583583409,0.019492404845853645,0.016315503977239132,0.08626171987917688
153,102.432389,2.947168,Healthy,0,0.08610871020290586,0.01930107766141494,0.0218338163362609,0.08149351220991877
154,102.433926,2.947928,Healthy,0,0.1313483715057373,0.016804303663472336,0.015799249211947124,0.08699785586860445
155,102.434574,2.94561,Healthy,0,0.1222798799475034,0.021972989042599995,0.01779398860202895,0.07863384733597438
156,102.434448,2.946101,Healthy,0,0.14514093432161543,0.022792983800172806,0.026519848447706964,0.08916020227803124
157,102.439593,2.946372,Healthy,0,0.12916037771436903,0.017459342670109537,0.021138172700173326,0.0848722904920578
158,102.432595,2.947372,Healthy,0,0.12308152268330257,0.019437130333648786,0.018571436405181885,0.1119689361916648
159,102.439326,2.949102,Healthy,0,0.09171197563409805,0.020217484277155664,0.017624876668883696,0.052197054856353335
160,102.438977,2.948616,Healthy,0,0.15858892103036246,0.030450013362699084,0.02071575013299783,0.07255266606807709
161,102.43373,2.947314,Healthy,0,0.1092703781194157,0.02413720761736234,0.01875987866272529,0.10535966522163814
162,102.433998,2.947926,Healthy,0,0.14331978145572874,0.017192821846240096,0.016582488703231018,0.08607717272308138
163,102.434156,2.947934,Healthy,0,0.12465852499008179,0.020927354279491637,0.015948455159862835,0.06771516675750415
164,102.432631,2.947439,Healthy,0,0.10632748736275567,0.02303985982305474,0.021690534945163462,0.11719830913676156
165,102.434412,2.946019,Healthy,0,0.08660947117540571,0.021295922808349133,0.029590315082006984,0.06787013345294529
166,102.432744,2.947512,Healthy,0,0.09120994144015843,0.026140140369534492,0.027870295776261225,0.09189776910675897
167,102.435021,2.946987,Healthy,0,0.18463464577992758,0.01581586431711912,0.0188499442819092,0.09908869200282627
168,102.438863,2.948278,Unhealthy,1,0.12092531306876077,0.019041830259892676,0.023400724762015872,0.13559341347879833
169,102.439827,2.94651,Healthy,0,0.16313251687420738,0.016377019178536203,0.018725441354844306,0.0917691836754481
170,102.439247,2.949097,Healthy,0,0.12038650529252158,0.02319895362274514,0.0203909854301148,0.08133519689242046
171,102.434876,2.946849,Healthy,0,0.1804094910621643,0.02071359008550644,0.018481418800850708,0.10651402340994941
172,102.433956,2.947997,Healthy,0,0.13721235344807306,0.01836766695810689,0.016788700078096654,0.08644629849327935
173,102.432667,2.947515,Healthy,0,0.09269275764624278,0.026461721087495487,0.028344455278582044,0.09205103913942973
174,102.434795,2.946713,Healthy,0,0.1468283236026764,0.022658717301156785,0.017725617935260136,0.1084831961327129
175,102.433882,2.947594,Healthy,0,0.12458225256866878,0.02142179384827614,0.023756676043073337,0.06924018181032604
176,102.43412,2.948,Healthy,0,0.16547338995668623,0.01816470507118437,0.013715738327138953,0.0723772802286678
177,102.439479,2.946165,Healthy,0,0.11943038801352183,0.0343730967077944,0.031986009743478566,0.10767978098657396
178,102.433652,2.94718,Healthy,0,0.17317055579688814,0.014898661834498247,0.020614237731529608,0.10719006674157248
179,102.434205,2.945398,Healthy,0,0.09008945276339848,0.014021031455033355,0.015349265912340747,0.06252620990077655
180,102.439127,2.948481,Healthy,0,0.16981770429346296,0.02091589021599955,0.019787124047676723,0.09165104147460726
181,102.432275,2.947096,Healthy,0,0.11996061272091335,0.014391850680112839,0.011963876688645946,0.06637113955285814
182,102.439554,2.946437,Healthy,0,0.14110341171423593,0.019366406214733917,0.029001316469576623,0.08464539133840138
183,102.434845,2.946364,Healthy,0,0.11123289167881012,0.017690879085825548,0.014346647490229871,0.08977258453766505
184,102.434955,2.946848,Unhealthy,1,0.14762217303117117,0.019382001004285283,0.0154280551812715,0.10195873181025188
185,102.434491,2.945605,Healthy,0,0.1261916475163566,0.016633338605364163,0.014517047649456395,0.07369401678442955
186,102.434119,2.947863,Healthy,0,0.13338711857795715,0.019552788593702845,0.016562562642825976,0.07092481644617186
187,102.440062,2.947069,Healthy,0,0.15820461097690794,0.021448934347265296,0.017900390757454768,0.1152808823519283
188,102.434193,2.948003,Healthy,0,0.13391388373242485,0.021564994421270158,0.01541958935558796,0.07150015234947205
189,102.434146,2.945128,Healthy,0,0.1119215049677425,0.014721364921165837,0.013879479840397835,0.06492641030086412
190,102.432743,2.947918,Healthy,0,0.2174432377020518,0.03300805679625935,0.03590131116410097,0.2085113674402237
191,102.433922,2.947524,Healthy,0,0.10566745532883538,0.022755584576063685,0.026505191293027665,0.09118712527884378
192,102.439596,2.949314,Healthy,0,0.14694717774788538,0.018989090911216207,0.0199811313715246,0.1333061084151268
193,102.438938,2.948275,Unhealthy,1,0.11685804029305775,0.015554951917794015,0.018769373185932636,0.1109985104865498
194,102.43461,2.945953,Unhealthy,1,0.20585206978850895,0.01048143839256631,0.01393928647869163,0.052926747335328
195,102.438939,2.948548,Healthy,0,0.17607107013463974,0.026140252438684303,0.02088892211516698,0.0907109607425001
196,102.439673,2.946372,Healthy,0,0.1154395764072736,0.014595186441308923,0.015923636344571907,0.07663822794953982
197,102.433609,2.947384,Healthy,0,0.14741647409068215,0.02163108779738347,0.021920285498102505,0.0990151349041197
198,102.432823,2.947651,Healthy,0,0.30088449352317387,0.029507578661044438,0.024503029468986724,0.13485082238912582
199,102.439056,2.948478,Healthy,0,0.15836110793881947,0.016897897546490032,0.01570142784880267,0.11055947922998005
200,102.434292,2.945536,Unhealthy,1,0.07590261846780777,0.014212213249670135,0.011057902955346637,0.07274633852971925
201,102.439405,2.949107,Healthy,0,0.08872496585051219,0.02107778326090839,0.018084685628612835,0.04685594762365023
202,102.432896,2.947788,Healthy,0,0.33692586090829635,0.02391892361144225,0.02000435462428464,0.15559436712000105
203,102.434451,2.945677,Healthy,0,0.12076429360442692,0.02140286150905821,0.019522314477297995,0.12893927428457472
204,102.439706,2.946578,Healthy,0,0.12675571110513476,0.026033724554710917,0.02859573790596591,0.08227621681160396
205,102.434992,2.947055,Healthy,0,0.1977294401990043,0.019465137893954914,0.021191028878092766,0.1000846376021703
206,102.439748,2.946512,Healthy,0,0.14940591073698467,0.020717445554004774,0.02512477690147029,0.08663443475961685
207,102.432982,2.948057,Healthy,0,0.17955470747417873,0.025450481101870537,0.024658144762118656,0.18808491196897295
208,102.439207,2.949034,Healthy,0,0.11957820173766878,0.02183607303433948,0.017310188048415713,0.13130326569080353
209,102.43898,2.948483,Healthy,0,0.13614396254221597,0.01822427422222164,0.015428478829562664,0.12410818537076314
210,102.432824,2.947784,Unhealthy,1,0.32156303856107926,0.032678569563561015,0.02735231899552875,0.15745987246433893
211,102.432943,2.94799,Healthy,0,0.2033670726749632,0.025165901829799015,0.0250058194829358,0.15959731903341082
212,102.439217,2.948622,Healthy,0,0.08402589460213979,0.01389948847807116,0.014112946370409595,0.0695706953605016
213,102.433922,2.947665,Healthy,0,0.13044069707393646,0.02119848525358571,0.01610718688203229,0.05737056665950351
214,102.432745,2.947787,Healthy,0,0.22098291582531399,0.02884465518097083,0.02682953907383813,0.15532374961508644
215,102.439821871,2.946927039,Healthy,0,0.12096108496189117,0.01691807382222679,0.019690712810390525,0.07972730158103837
216,102.439021,2.948548,Healthy,0,0.18382947312461007,0.026905801561143663,0.021417083425654307,0.09713401190108722
217,102.433886,2.947734,Healthy,0,0.1385833654138777,0.019439806023405656,0.014496184988982148,0.054142637385262385
218,102.434044,2.947734,Healthy,0,0.1209236482779185,0.015267144992119737,0.01705929585215118,0.07377600338723925
219,102.434492,2.946017,Healthy,0,0.08999096684985691,0.019873209194176726,0.026210135780274868,0.06921838555071089
220,102.439321,2.949236,Healthy,0,0.13257244726022085,0.015253205369744036,0.01346191463785039,0.0551388164361318
221,102.439711,2.946444,Healthy,0,0.14841746538877487,0.016131544071767066,0.019484601087040372,0.07064634106225437
222,102.434079,2.947797,Healthy,0,0.11667891177866194,0.016162764487995043,0.017138421535491943,0.07532501469055812
223,102.43286,2.947718,Healthy,0,0.3969220055474175,0.02809388769997491,0.02189492868880431,0.14290431638558707
224,102.439863,2.946583,Healthy,0,0.19353386263052622,0.016847183410492208,0.020239880515469447,0.09838686138391495
225,102.439277,2.948889,Healthy,0,0.08675973200135761,0.020164703329404194,0.01894507919334703,0.06772572547197342
226,102.433771,2.947248,Unhealthy,1,0.12115906758440866,0.022547655428449314,0.019775892918308575,0.09244067387448417
227,102.440055,2.946923,Healthy,0,0.14818545762035581,0.018282286098433867,0.020951450595425233,0.1537356815404362
228,102.439364,2.948896,Healthy,0,0.12046322557661268,0.01611029760291179,0.015382871445682313,0.056776221841573715
229,102.433959,2.947593,Healthy,0,0.1008287916580836,0.020302125356263585,0.019936354623900518,0.060099034673637815
230,102.433958,2.947735,Healthy,0,0.1335705742239952,0.016552006929284997,0.01514937211241987,0.059655735476149455
231,102.435195,2.946985,Healthy,0,0.14636563095781538,0.018148137256503105,0.01711154170334339,0.10767185522450341
232,102.44002,2.946995,Healthy,0,0.1519204212559594,0.014274615277018812,0.017219623343812093,0.14922105107042524
233,102.439442,2.946097,Healthy,0,0.1370261311531067,0.031144324483142957,0.03242255457573467,0.09724186195267571
234,102.435023,2.94685,Healthy,0,0.1722998461789555,0.02053546326027976,0.016341872927215364,0.10786968304051293
235,102.439983,2.947065,Healthy,0,0.135852773156431,0.017575818734864395,0.018135921822653875,0.0925008969174491
236,102.432944,2.948128,Healthy,0,0.17430894325176874,0.02009173896577623,0.016722991234726377,0.1871446685658561
237,102.439173,2.948963,Healthy,0,0.09988762272728814,0.02416302201648553,0.019322312126557033,0.12681633730729422
238,102.439588,2.946509,Healthy,0,0.12922870533333886,0.025395951544245083,0.030375453333059948,0.08436323702335358
239,102.434004,2.947662,Unhealthy,1,0.10840428041087256,0.01679248559392161,0.017604738370411925,0.06266189573539628
240,102.434571,2.946025,Healthy,0,0.12681841767496532,0.015605101361870766,0.017719822107917733,0.07316937794287999
241,102.433808,2.947454,Healthy,0,0.1313342129190763,0.022500439857443173,0.019204181308547657,0.11671243607997894
242,102.439247,2.948963,Healthy,0,0.09990126391251881,0.023349692424138386,0.01688220931424035,0.11568228486511442
243,102.433846,2.947527,Healthy,0,0.1163072759906451,0.021464179787370894,0.025757827278640535,0.0926600338684188
244,102.432941,2.947854,Healthy,0,0.1581966769364145,0.02860167146556907,0.024114328850474622,0.1256407466199663
245,102.433806,2.947733,Healthy,0,0.15626397397783068,0.020546218794253137,0.014253552278710736,0.05701207659310765
246,102.432787,2.947858,Healthy,0,0.21526426242457497,0.034519726410508156,0.03318913777669271,0.17265970508257547
247,102.43286,2.947988,Healthy,0,0.23326674434873793,0.020704118327962026,0.019356609425610967,0.22273863355318704
248,102.433729,2.947454,Healthy,0,0.13208623892731136,0.022176543457640543,0.020292192904485598,0.10868378728628159
249,102.439022,2.948279,Healthy,0,0.10793170912398233,0.014620540249678824,0.016504659006992977,0.09464854001998901
250,102.43465,2.946029,Healthy,0,0.15442198514938354,0.01731623512589269,0.019478261056873534,0.062140008641613856
251,102.433846,2.947385,Healthy,0,0.10947144693798488,0.020866577410035662,0.018310330601202116,0.10043737664818764
252,102.433691,2.947525,Healthy,0,0.12443762520949046,0.023594725256164868,0.024164230873187382,0.09426913493209416
253,102.439126,2.948894,Healthy,0,0.1154798385169771,0.028011591070228152,0.024519383286436398,0.10548685822221968
254,102.435151,2.947057,Healthy,0,0.13367765727970335,0.016810921641687553,0.015196953175796403,0.10122479084465238
255,102.432627,2.947714,Healthy,0,0.18928322196006775,0.02252121518055598,0.022165545365876622,0.18213282691107857
256,102.439745,2.946372,Healthy,0,0.12139115730921428,0.0138042319772972,0.01611281382954783,0.07977181714442041
257,102.433811,2.94732,Healthy,0,0.09045110477341546,0.02346191607001755,0.01920019607577059,0.09662486116091411
258,102.432784,2.947984,Healthy,0,0.2033982260359658,0.023569519114163186,0.022062701276606984,0.24199841254287296
259,102.434766,2.945957,Healthy,0,0.16460312406222025,0.023089629080560472,0.029332735472255282,0.06745323828525013
260,102.439666,2.946508,Healthy,0,0.14355944428179,0.024297742173075676,0.03054563721848859,0.08200284838676453
261,102.432864,2.947852,Healthy,0,0.2223948852883445,0.03187443522943391,0.029234216651982732,0.16331546174155342
262,102.440017,2.946858,Healthy,0,0.16402399126026365,0.014459633164935641,0.018508860737913184,0.1768758628103468
263,102.439705,2.946311,Healthy,0,0.11959702024857204,0.01382214068952534,0.014034418906602595,0.08653488755226135
264,102.434076,2.947934,Healthy,0,0.1385196621219317,0.01760075531072087,0.01602747280978494,0.07794617944293553
265,102.43255,2.947306,Unhealthy,1,0.13684810284111235,0.017882644716236327,0.017827330778042477,0.10992768655220668
266,102.439939,2.94713,Healthy,0,0.13134573731157514,0.021492976281378005,0.023637313188778028,0.08710719976160261
267,102.439445,2.949036,Unhealthy,1,0.07426239177584648,0.024166330074270565,0.017651513115399413,0.06956559088495043
268,102.439160417,2.948815423,Healthy,0,0.14499962743785647,0.024706865350405376,0.02201085475583871,0.10586060418023004
269,102.433948,2.944922,Unhealthy,1,0.10453914354244868,0.011401711393975549,0.012450014034079181,0.05562344607379702
270,102.432861,2.948124,Healthy,0,0.17513219184345669,0.02015091913441817,0.01838800362828705,0.17697514593601227
271,102.439127,2.948618,Healthy,0,0.09970648917886946,0.015950988978147507,0.017521595789326563,0.0717416691283385
272,102.439785,2.946442,Healthy,0,0.13488219843970406,0.014167737526198229,0.017215111913780373,0.08252800131837527
273,102.43365,2.947318,Unhealthy,1,0.16320054481426874,0.02020819816324446,0.017470351834264066,0.09818489890959528
274,102.433764,2.947656,Healthy,0,0.1316569952501191,0.026149266089002293,0.024145037660168275,0.07053805556562212
275,102.439941,2.94672,Healthy,0,0.16055560857057571,0.019583813639150724,0.022809641228781805,0.10221114340755674
276,102.439128,2.948756,Unhealthy,1,0.13926920294761658,0.01614343426707718,0.016827992163598537,0.0870420096649064
277,102.439828,2.946649,Healthy,0,0.18216070863935682,0.019225488727291424,0.020737058172623318,0.13727789372205734
278,102.439247,2.948684,Healthy,0,0.11744969752099779,0.01255852242724763,0.017145687610738806,0.07291549237238036
279,102.434686,2.945957,Unhealthy,1,0.1605207257800632,0.014256895002391603,0.018439627355999418,0.05616328534152773
280,102.440093,2.946999,Healthy,0,0.18505583537949455,0.027723777728776138,0.024614334106445312,0.12424635473224852
281,102.439207,2.948896,Healthy,0,0.09321770899825627,0.027113942636383906,0.024728273558947775,0.09900633328490788
282,102.432673,2.947784,Healthy,0,0.2110132161113951,0.024656857674320538,0.0246795318606827,0.17497753351926804
283,102.434154,2.948073,Healthy,0,0.14264638059669071,0.019264543222056493,0.012716930877003405,0.07679544637600581
284,102.439864,2.946716,Healthy,0,0.1687837748063935,0.019526960742142465,0.022176670738392405,0.1142979438106219
285,102.439943,2.946995,Healthy,0,0.13340261412991417,0.01519348637925254,0.01656635467790895,0.09343771222564909
286,102.433097,2.948126,Healthy,0,0.16403491877847248,0.023397343440188303,0.02007125069697698,0.16498288263877234
287,102.433616,2.94711,Healthy,0,0.12055170122120115,0.015292723663151264,0.01783705099175374,0.13086684793233871
288,102.439326,2.948825,Healthy,0,0.1134170028898451,0.016052379376358457,0.01866570973975791,0.06699761086040074
289,102.439749,2.946647,Healthy,0,0.18483730488353306,0.024638049511445895,0.020150336747368176,0.12076030009322697
290,102.439069,2.948334,Healthy,0,0.08491408866312769,0.01479139592912462,0.014937276848488383,0.08751252955860561
291,102.432707,2.947851,Healthy,0,0.21618995567162833,0.03232616724239455,0.0345589704811573,0.1830461381210221
292,102.43967,2.946647,Healthy,0,0.1739420344432195,0.02850645449426439,0.02117135768963231,0.0996992364525795
293,102.439277,2.948756,Healthy,0,0.1291683026485973,0.013391363020572398,0.02078257490777307,0.08089175240861045
294,102.439519,2.949173,Healthy,0,0.1239116523000929,0.017876034706003137,0.019673625524673197,0.054460301995277405
295,102.433688,2.947384,Unhealthy,1,0.12971671587891048,0.021940605094035465,0.020136121660470963,0.1019701717628373
296,102.439481,2.94924,Healthy,0,0.15288932538694805,0.0178696411765284,0.01850356741083993,0.09222581941220495
297,102.438899,2.948482,Healthy,0,0.11900142497486538,0.01899579105277856,0.0167636734743913,0.09835897965563668
298,102.433999,2.9478,Healthy,0,0.13515171657005945,0.016025248190595046,0.017556908023026254,0.08101256398691072
299,102.43906,2.948618,Healthy,0,0.1461138212018543,0.02554716904544168,0.02087442432012823,0.07493824180629519
300,102.439627,2.946577,Healthy,0,0.1264108212457763,0.027762858817974728,0.03000235992173354,0.08991118354929818
301,102.438782,2.948274,Healthy,0,0.11976122525003222,0.022502104855246015,0.026273724312583607,0.10721639957692888
302,102.439518,2.949308,Healthy,0,0.14185084982050788,0.02040189877152443,0.01975819592674573,0.11273012061913808
303,102.439097,2.948684,Healthy,0,0.12405841797590256,0.013159911044769816,0.01659291610121727,0.07658364913529819
304,102.433806,2.947591,Healthy,0,0.13106723543670443,0.021760413009259436,0.024797930692632992,0.08416807775696118
305,102.432826,2.948056,Healthy,0,0.202471771174007,0.02119437087741163,0.021155473465720814,0.2378228853146235
306,102.439018,2.948409,Healthy,0,0.10743419329325359,0.016592075323892966,0.014812967636519007,0.12081540210379495
307,102.439903,2.947063,Healthy,0,0.1452527857489056,0.016403176304366853,0.016435498371720314,0.08916432244910134
308,102.439864,2.946997,Healthy,0,0.12400670929087533,0.015304008705748452,0.015608973801136017,0.08470675845940907
309,102.439056,2.948753,Healthy,0,0.18760513679848778,0.017360360879037116,0.018280535108513303,0.09141707917054494
310,102.439326,2.948969,Healthy,0,0.08720092268453704,0.021350338227219053,0.015243790629837248,0.06991416381465064
311,102.439209,2.948752,Healthy,0,0.1236554781595866,0.01407713908702135,0.018230662163760927,0.08588368280066384
312,102.440016,2.947136,Healthy,0,0.12322952267196444,0.02337664934910006,0.023123750152687233,0.09661298990249634
313,102.439088,2.948826,Healthy,0,0.18182185457812416,0.026119995655284986,0.021191616646117635,0.10100506411658393
314,102.439824,2.946787,Healthy,0,0.15895586874749926,0.022278554323646758,0.030090252972311445,0.08961520095666249
315,102.440155,2.947127,Healthy,0,0.13666128367185593,0.025536838091082044,0.015499976153175036,0.12525974214076996
316,102.439361,2.949034,Healthy,0,0.0755840531653828,0.023179770964715216,0.01647510824518071,0.06834775416387452
317,102.434571,2.945754,Healthy,0,0.1165722401605712,0.01840891420013375,0.016031934465799067,0.09466446894738409
318,102.439777,2.946848,Healthy,0,0.11888577540715535,0.022624260642462306,0.02771893795579672,0.08322798502114084
319,102.439906,2.946655,Healthy,0,0.15416993614700106,0.020750282746222284,0.023261420842674043,0.09641882694429821
320,102.433685,2.94711,Healthy,0,0.1625227083762487,0.015303221427732043,0.02004761393699381,0.13104098041852316
321,102.438934,2.948409,Healthy,0,0.10427610824505489,0.018937440692550607,0.01625058717197842,0.12376956144968669
322,102.438977,2.94834,Unhealthy,1,0.10429660810364617,0.015087115371392833,0.019322502116362255,0.11785366303390926
323,102.439015,2.948684,Healthy,0,0.15521694388654497,0.018643465720944934,0.018166625044412084,0.07665770914819506
324,102.439286,2.949168,Healthy,0,0.1169003728363249,0.018052123280035123,0.017662895222504933,0.05802748683426115
325,102.439409,2.948964,Healthy,0,0.08853849603070153,0.022367696174316935,0.015286781411204074,0.06888753962185648
326,102.439561,2.94924,Healthy,0,0.12772549192110697,0.020170390502446227,0.021110132957498234,0.08726253567470445
327,102.439446,2.949309,Healthy,0,0.14018300506803724,0.019327818519539304,0.020284574685825243,0.10341143276956347
328,102.439237885,2.948827264,Unhealthy,1,0.09878023134337531,0.020791584418879613,0.023429112922814157,0.0952130402955744
329,102.434202,2.946359,Healthy,0,0.10870169599850972,0.011501976806256507,0.0132179811803831,0.06460374262597826
330,102.4342,2.946498,Healthy,0,0.1486582499411371,0.014760465361177921,0.016285261553194787,0.06476676381296581
331,102.436995,2.947153,Healthy,0,0.14543125281731287,0.020218518562614918,0.018755297797421615,0.09113016972939174
332,102.434251,2.946155,Healthy,0,0.15786697798305088,0.013871170166465972,0.013571391399535868,0.08231885358691216
333,102.434169,2.946428,Healthy,0,0.13131198866499794,0.014494843987954987,0.015992237048016653,0.06453291326761246
334,102.43401,2.946153,Healthy,0,0.07672499534156588,0.012070737779140472,0.01135928856415881,0.06399581788314714
335,102.437029,2.947626,Healthy,0,0.1550172112054295,0.01757808795405759,0.02013792459749513,0.14538932260539797
336,102.433973,2.946098,Healthy,0,0.07642745185229513,0.012985151468051804,0.011791533997489346,0.07313734582728809
337,102.437148,2.947696,Healthy,0,0.14470719546079636,0.018236856804125838,0.014570169771711031,0.10597222050031026
338,102.434173,2.946153,Unhealthy,1,0.10051555020941629,0.011487083716524972,0.011836467000345388,0.07344565374983682
339,102.434441,2.946927,Healthy,0,0.1329250145289633,0.01733805715209908,0.017742953056262598,0.08436873803536098
340,102.437144,2.947424,Healthy,0,0.0938623911804623,0.014433201919827197,0.016187018611364894,0.07667355694704586
341,102.436992,2.947557,Healthy,0,0.17213032891352972,0.021326744721995458,0.02036810666322708,0.18168727142943275
342,102.436995,2.947285,Healthy,0,0.1457740921113226,0.017998920029236212,0.01903884599192275,0.09880127095513874
343,102.433932,2.946019,Healthy,0,0.09555763171778785,0.012462478544976976,0.013103050593700673,0.06314724228448337
344,102.434253,2.946432,Healthy,0,0.14377748883432812,0.018735910144944985,0.01782646444108751,0.05984022095799446
345,102.438884,2.946492,Healthy,0,0.18559921284516653,0.021320335360036954,0.02088210317823622,0.09813450442420112
346,102.437262,2.947622,Healthy,0,0.13069040162695778,0.01605832680231995,0.014388867860866917,0.13510830452044806
347,102.4346,2.946928,Healthy,0,0.12990327262216145,0.020523448371224932,0.020428102256523237,0.10100776619381374
348,102.437034083,2.94735651,Healthy,0,0.1074125940601031,0.014667591183549829,0.01587920936031474,0.06925531145599154
349,102.43738,2.947838,Healthy,0,0.1565575831466251,0.027677280828356743,0.02318028464085526,0.12174349443780051
350,102.434131,2.946359,Healthy,0,0.09184905803865856,0.01346763533850511,0.01575827681356006,0.05188080627057287
351,102.436956,2.947223,Healthy,0,0.14843971613380644,0.02017580873022477,0.020931962463590834,0.10810400380028619
352,102.439141,2.946978,Healthy,0,0.20371234913667044,0.017238539333144825,0.019973833734790485,0.060295929097467
353,102.437224,2.947696,Healthy,0,0.14429248455497953,0.01609812190549241,0.013758178593383895,0.14946733083989885
354,102.434477,2.946984,Healthy,0,0.11201435575882594,0.017193260085251596,0.016922015903724566,0.09508752326170604
355,102.434327,2.946296,Healthy,0,0.14239930692646238,0.01267302626123031,0.011375596643322043,0.09359949868586329
356,102.434486,2.94657,Healthy,0,0.2702326724926631,0.016999024483892653,0.019623732711705897,0.16035815825064978
357,102.434684,2.946927,Healthy,0,0.12111350148916245,0.01834222198360496,0.01877547883325153,0.08314093657665783
358,102.440093,2.947683,Healthy,0,0.08392022964027193,0.013516188806129826,0.011926622026496463,0.048561710864305496
359,102.43445,2.946503,Healthy,0,0.1549274946252505,0.015314785142739614,0.016081761258343857,0.06813892722129822
360,102.43437,2.946369,Healthy,0,0.15124737140205172,0.02088555983371205,0.019295692599068087,0.04757478709022204
361,102.437184,2.947769,Healthy,0,0.18439726614289814,0.019030892186694674,0.018197390147381358,0.09725714557700688
362,102.437068,2.947547,Healthy,0,0.11678166770272785,0.018447689712047577,0.019762561035652954,0.09733047170771493
363,102.438762,2.946561,Healthy,0,0.18589718143145242,0.022277062034441367,0.024627019340793293,0.10784105335672696
364,102.434133,2.946099,Healthy,0,0.08200102961725658,0.010773789655003283,0.012727115613718828,0.0739600910908646
365,102.434174,2.946019,Healthy,0,0.07888791544569863,0.01479162679364284,0.013727114846309027,0.06614653393626213
366,102.438554,2.947858,Healthy,0,0.10107179317209455,0.014069017333288988,0.015142081098424064,0.07773019538985358
367,102.434174,2.946284,Unhealthy,1,0.10237267944547865,0.011456857642365826,0.01191565663450294,0.05373794005976783
368,102.43869,2.946291,Healthy,0,0.1252765523062812,0.017756566715737183,0.015568316810660891,0.06845940608117315
369,102.437187,2.947496,Healthy,0,0.10481548971600002,0.0196387842297554,0.020576768037345674,0.07110147716270553
370,102.434327,2.946433,Healthy,0,0.1784911553064982,0.025087344149748485,0.024867610385020573,0.05019110358423657
371,102.437074,2.947291,Healthy,0,0.1150875414411227,0.016514962228635948,0.016638087419172127,0.09301895772417386
372,102.434329,2.946711,Healthy,0,0.19484353893333012,0.015567640463511149,0.011597546231415536,0.11279329823123084
373,102.434406,2.946571,Healthy,0,0.20508379571967655,0.027432601071066327,0.024205659826596577,0.15773269120189878
374,102.43742,2.947907,Healthy,0,0.19085566368367937,0.019672545707888074,0.01800308179938131,0.09758070566587979
375,102.434056,2.946223,Healthy,0,0.09057380590173933,0.012772603374388482,0.011476082830793329,0.05745827737781736
376,102.437222,2.947833,Healthy,0,0.18086571908659405,0.021373542853527598,0.022399018104705546,0.0850482400920656
377,102.434643,2.946988,Healthy,0,0.11409911844465467,0.018712551333010197,0.01827305493255456,0.0791597097284264
378,102.434327,2.946566,Healthy,0,0.14754361245367262,0.02376469700700707,0.021210567301346198,0.1393935986691051
379,102.436915,2.947421,Healthy,0,0.0835986187060674,0.015087014271153344,0.018116449523303244,0.06293476869662602
380,102.437069,2.947699,Healthy,0,0.16090568072266048,0.023498538157178298,0.020524705967141524,0.09690386470821169
381,102.434407,2.946434,Healthy,0,0.1698104681240188,0.022112048231065273,0.021568708897878725,0.05249933898448944
382,102.43472,2.946986,Healthy,0,0.12864859402179718,0.01934777210570044,0.021218707371089194,0.06860997362269296
383,102.43715,2.947565,Healthy,0,0.11506892657942241,0.020201535378065374,0.018819492310285568,0.0698576486772961
384,102.440112,2.94789,Healthy,0,0.1505192592740059,0.019585940572950575,0.019082761680086453,0.08603203958935207
385,102.438165,2.947715,Healthy,0,0.15336992426051033,0.020337441832655005,0.015926329005095694,0.1253970811764399
386,102.437265,2.947774,Healthy,0,0.19510740869575077,0.0199703358941608,0.02126459518654479,0.1002646428015497
387,102.437036,2.947221,Healthy,0,0.1494811980260743,0.01987903741084867,0.02054727988110648,0.10161766161521275
388,102.439075,2.946978,Healthy,0,0.19023704942729738,0.022355425999396376,0.021764622173375554,0.06435469703541861
389,102.434524,2.946929,Healthy,0,0.14361006021499634,0.023345006215903494,0.021608720843990643,0.10348962330155903
390,102.436956,2.947482,Healthy,0,0.13453593850135803,0.0212015425786376,0.01876443914241261,0.1051136598818832
391,102.440239,2.948226,Healthy,0,0.07509546644157833,0.016829411706162825,0.013526285584602091,0.09111129161384371
392,102.438595,2.947926,Healthy,0,0.08281715710957845,0.016330729549129803,0.016791723254654143,0.059470079425308436
393,102.437182,2.947906,Healthy,0,0.10965701772107019,0.021729329600930214,0.021936767631106906,0.06991959984103839
394,102.434569,2.946712,Healthy,0,0.12566607693831125,0.016447602978183165,0.016929902964168124,0.10405701647202174
395,102.440045,2.947885,Healthy,0,0.1446162396007114,0.01765449262327618,0.014895198349323537,0.07783001619908544
396,102.434289,2.946641,Healthy,0,0.13314572307798597,0.016741251572966576,0.01561216999673181,0.10406335153513485
397,102.439929,2.947812,Healthy,0,0.09153350194295247,0.020467794810732205,0.015154147417181067,0.0656369970076614
398,102.438688,2.946561,Healthy,0,0.23934613002671135,0.02254874724894762,0.02257354443685876,0.1088534833656417
399,102.438716,2.947721,Healthy,0,0.0989808804459042,0.01447127852588892,0.014217303755382696,0.07418087621529897
400,102.43726,2.947897,Healthy,0,0.13211915062533486,0.020127732099758253,0.02149166539311409,0.0743056374291579
401,102.438902,2.948066,Healthy,0,0.22690963993469873,0.019327191429005727,0.019095504449473485,0.10801314231422213
402,102.438513,2.947787,Healthy,0,0.11533731470505397,0.010035231243818998,0.011719725663877197,0.08938382317622502
403,102.437108,2.947353,Healthy,0,0.08916368087132771,0.015616294824414782,0.016783256083726883,0.07262426904506153
404,102.436918,2.947152,Healthy,0,0.13186787565549216,0.018005743933220703,0.016201702050036855,0.10365477949380875
405,102.438993,2.947111,Healthy,0,0.12294085654947493,0.028868411771125264,0.023809090463651553,0.06455963684452905
406,102.440163,2.948225,Healthy,0,0.07944497962792714,0.014571828353736136,0.016219105571508408,0.08454550844099787
407,102.438275,2.94819,Healthy,0,0.11701392382383347,0.02446059634288152,0.020063986173934407,0.05009995732042524
408,102.438847,2.946427,Healthy,0,0.1771737246049775,0.019915338812602892,0.017849386462734804,0.08748429434167014
409,102.43856,2.947721,Healthy,0,0.10060513930188285,0.008923171967681911,0.012321662675175402,0.05594611954357889
410,102.434487,2.946706,Healthy,0,0.19950726628303528,0.015426919381651614,0.013896181351608701,0.11335144109196132
411,102.440017,2.947545,Healthy,0,0.12121247914102343,0.018587568050457373,0.017586367308265634,0.05066105764773157
412,102.436878,2.947346,Healthy,0,0.09739279250303905,0.013962544811268648,0.01721332480923997,0.07536884148915608
413,102.434364,2.946497,Healthy,0,0.175936468773418,0.021944853477180004,0.022574070944554277,0.05741932698422008
414,102.438761,2.946697,Healthy,0,0.11360556466711892,0.01865659923189216,0.019893265122340784,0.0731203340821796
415,102.434293,2.946363,Unhealthy,1,0.14262862586312824,0.015401875393258201,0.014377225500841936,0.06542697590258387
416,102.438046,2.947778,Healthy,0,0.15514764106935924,0.016255550293458834,0.01507897675037384,0.1105843008392387
417,102.434528,2.946636,Healthy,0,0.22224385622474882,0.015584269331561195,0.015825071786012914,0.16474906686279508
418,102.440089,2.948094,Healthy,0,0.08151309026612176,0.02086577212644948,0.02039530190328757,0.07988334654106034
419,102.437108,2.947627,Healthy,0,0.13555189884371227,0.015771711245179176,0.014911150249342123,0.07837927093108495
420,102.437484,2.94804,Healthy,0,0.1280043621857961,0.013670210623078875,0.01897789103289445,0.07211344771915013
421,102.43896,2.946634,Healthy,0,0.13352680371867287,0.02287325801120864,0.023333814409044053,0.09783761865562862
422,102.437345,2.947776,Healthy,0,0.14075548946857452,0.02541107539501455,0.025103879885541067,0.11169903725385666
423,102.437146,2.947831,Healthy,0,0.1397135795818435,0.024162607888380688,0.024158752833803494,0.08238017641835743
424,102.437383,2.94797,Healthy,0,0.1751274052593443,0.015566950353483358,0.019577896429432765,0.08554389700293541
425,102.434245,2.946567,Healthy,0,0.1233121007680893,0.012763000093400478,0.016044647122422855,0.0761311182545291
426,102.440113,2.948163,Healthy,0,0.08870936847395366,0.018817764706909657,0.020431554565827053,0.09168398131926854
427,102.434524,2.946776,Healthy,0,0.16957689490583208,0.01713519946982463,0.017245758428341813,0.11762883514165878
428,102.434087,2.946293,Unhealthy,1,0.0959182075328297,0.01571802029179202,0.01633389149275091,0.05090751126408577
429,102.436799,2.947212,Healthy,0,0.14448271526230705,0.021450226609077718,0.023634164180192683,0.09363894164562225
430,102.438171,2.947166,Healthy,0,0.18355613036288154,0.024156426183051534,0.019231899227533076,0.06668601557612419
431,102.438692,2.946153,Unhealthy,1,0.09923550155427721,0.022503895788557,0.01750749297853973,0.07609876328044468
432,102.438728,2.946355,Healthy,0,0.1507917187280125,0.013926283145944277,0.016006973572075367,0.08363015370236503
433,102.438675,2.94765,Healthy,0,0.07955394726660517,0.01206044562988811,0.01526447468333774,0.06949214802847968
434,102.439079,2.946842,Healthy,0,0.12507781551943886,0.019393254071474075,0.0225535167588128,0.07581103137797779
435,102.434486,2.946843,Healthy,0,0.18037055929501852,0.025430527826150257,0.0233653552002377,0.09512265937195884
436,102.437302,2.947838,Healthy,0,0.21791377746396595,0.024751414441400103,0.029010651633143425,0.09692573299010594
437,102.439774,2.947396,Healthy,0,0.1349741443991661,0.022441929413212672,0.017720038381715614,0.09479792788624763
438,102.437297,2.94797,Healthy,0,0.09903743821713659,0.018487721267673705,0.020538838994171884,0.07404789369967249
439,102.434603,2.946777,Healthy,0,0.10893375757667753,0.01671698751548926,0.020976572400993772,0.10368545684549543
440,102.43852,2.947373,Healthy,0,0.13842985282341638,0.017031249590218067,0.02518720945550336,0.08612209144565794
441,102.438728,2.946219,Healthy,0,0.11618746237622367,0.018605801690783765,0.014262244208819337,0.06805508294039303
442,102.439111,2.946909,Healthy,0,0.1577467065718439,0.02010949162973298,0.023392162182264857,0.07366332039237022
443,102.438521,2.94765,Healthy,0,0.11042880101336373,0.014743345582650768,0.016046973048812814,0.08669357332918379
444,102.437308,2.9477,Healthy,0,0.16032302876313528,0.020046906338797674,0.01669358638011747,0.137347517742051
445,102.438123,2.947779,Healthy,0,0.14408564484781688,0.018207008122569986,0.017900684848427773,0.09996072120136684
446,102.438442,2.94737,Healthy,0,0.1637514697180854,0.02084856925325261,0.03005960314638085,0.10213043044010799
447,102.438307,2.948122,Healthy,0,0.12051004668076833,0.021318884669906564,0.02017078921198845,0.047614958965116076
448,102.434405,2.946843,Healthy,0,0.17873396310541365,0.024773584471808538,0.023275903633071318,0.07831571499506633
449,102.438867,2.947994,Healthy,0,0.22909483313560486,0.023903122999601893,0.025141110229823325,0.08059501399596532
450,102.43831,2.947853,Healthy,0,0.10212511734830008,0.019454319030046463,0.01683065802272823,0.11935822500122918
451,102.438991,2.946975,Healthy,0,0.1733672378791703,0.037178164761927396,0.03278835800786813,0.07486568267146747
452,102.440043,2.948014,Healthy,0,0.11773914678229226,0.02132279094722536,0.017271306158767805,0.08013839564389652
453,102.440164,2.948097,Healthy,0,0.09193826797935697,0.022468150075938966,0.02077738092177444,0.08039314672350883
454,102.437337,2.947905,Healthy,0,0.1881613027718332,0.021781705009440582,0.02284190369149049,0.09315592712826198
455,102.438637,2.947718,Healthy,0,0.10015066795878941,0.009696777703033553,0.012452308709422747,0.05451118532154295
456,102.438307,2.94799,Healthy,0,0.09932239684793684,0.017617429192695353,0.018570726840860315,0.08557654130789968
457,102.434366,2.946638,Healthy,0,0.21286250982019636,0.02705208408749766,0.02325028336296479,0.1763668888145023
458,102.438726,2.946491,Healthy,0,0.2050587750143475,0.017159666659103498,0.01860558469262388,0.13076740089390013
459,102.438454,2.946143,Healthy,0,0.14019542104668087,0.022642758364478748,0.019353919766015477,0.10139552421040005
460,102.43828,2.947783,Healthy,0,0.13159209241469702,0.02068872180663877,0.01695261699044042,0.16958879265520307
461,102.438395,2.948129,Healthy,0,0.10676131231917275,0.017186117979387443,0.019567196153932147,0.05533797045548757
462,102.439037,2.946777,Healthy,0,0.11627396858400768,0.026773625363906223,0.032224278069204755,0.07719353752003776
463,102.439966,2.947884,Healthy,0,0.11624970452653037,0.01986897447042995,0.01589641927017106,0.07505449528495471
464,102.438533,2.946139,Healthy,0,0.11627578652567333,0.024032907353507146,0.019801772716972563,0.0834378335211012
465,102.438515,2.947512,Healthy,0,0.1500998263557752,0.01181968953460455,0.018502406051589385,0.06902694205443065
466,102.438362,2.947236,Healthy,0,0.1454207425316175,0.026713946006364293,0.02749406298001607,0.0857130852010515
467,102.438313,2.947444,Healthy,0,0.16533945666419136,0.024309418474634487,0.026150813326239586,0.08723050935400857
468,102.434446,2.946635,Healthy,0,0.24701854586601257,0.022876014415588643,0.021869155060913827,0.18353544920682907
469,102.438275,2.948053,Healthy,0,0.10726738638348049,0.0182072174631887,0.01824298169877794,0.04644548810190625
470,102.438883,2.946776,Healthy,0,0.1476595559053951,0.018733258462614484,0.019267631487713918,0.11166107654571533
471,102.438807,2.946356,Healthy,0,0.19602330111795002,0.016640568669471476,0.014584797227548229,0.08291784922281902
472,102.437816,2.947224,Unhealthy,1,0.07189350947737694,0.019111706357863214,0.018679639117585287,0.07172759953472349
473,102.439975,2.947475,Healthy,0,0.12476829604970084,0.01672187354415655,0.02126156207587984,0.06523597157663769
474,102.440394,2.94823,Healthy,0,0.08740846688548724,0.020948183205392625,0.012447070330381393,0.10755699624617894
475,102.4384,2.947307,Healthy,0,0.1688750700818168,0.02351144142448902,0.029835703472296398,0.10383143027623494
476,102.438725,2.94663,Healthy,0,0.17569014181693396,0.025448385005195934,0.028125947962204616,0.07721867453720835
477,102.438443,2.947239,Healthy,0,0.10328846838739184,0.02130734579016765,0.02771049655146069,0.09942195481724209
478,102.43892,2.946565,Healthy,0,0.14070949951807657,0.02176445225874583,0.023222621944215562,0.0856142607000139
479,102.437534,2.948113,Healthy,0,0.10920679320891698,0.017451733040312927,0.02139805754025777,0.0745988397134675
480,102.438201,2.947912,Healthy,0,0.10917562825812234,0.022337803306678932,0.02355890338205629,0.09777945611211988
481,102.438655,2.946085,Healthy,0,0.09973319537109798,0.021743653963009518,0.018738054980834324,0.06450162869360712
482,102.440126,2.948029,Healthy,0,0.09884501745303471,0.02309305572675334,0.02080652428170045,0.07884537966714965
483,102.438798,2.946772,Healthy,0,0.1546152556935946,0.01644458311299483,0.016686452345715627,0.08713614236977366
484,102.438748,2.948204,Healthy,0,0.10875409427616331,0.017660823547177844,0.017095989030268457,0.10048272460699081
485,102.43456,2.946982,Healthy,0,0.12038051502572165,0.01997281000432041,0.017500977859728865,0.10501532753308614
486,102.438356,2.948063,Healthy,0,0.10989717145760854,0.01815657141721911,0.019366411906149652,0.05809272494581011
487,102.440088,2.947955,Healthy,0,0.1361440180076493,0.021844198927283287,0.018132595241897635,0.07440722237030666
488,102.438884,2.946634,Healthy,0,0.12587104903327095,0.02193662669095728,0.021639212552044127,0.06811634244190322
489,102.434444,2.946776,Healthy,0,0.21332003507349226,0.021830484581490357,0.015307967861493429,0.104850967725118
490,102.437416,2.948043,Healthy,0,0.14005150066481697,0.01346239106108745,0.019779916438791487,0.07913704382048713
491,102.438279,2.947918,Healthy,0,0.1023993914326032,0.021066451134781044,0.020622816557685535,0.12304353879557715
492,102.438354,2.948192,Healthy,0,0.110358161230882,0.018936823950045638,0.01883982949786716,0.04923230285445849
493,102.434758,2.947052,Healthy,0,0.18315273109409544,0.01871586228824324,0.02240244723442528,0.07541030272841454
494,102.437452,2.948113,Healthy,0,0.12732244779666266,0.01483375041021241,0.020282446924183104,0.08009397569629881
495,102.438787,2.947997,Healthy,0,0.15513435254494348,0.025459692296054628,0.02518125871817271,0.06209053720037142
496,102.439737,2.947331,Healthy,0,0.11178254336118698,0.021065143247445423,0.02119954489171505,0.09111453261640337
497,102.438242,2.947851,Healthy,0,0.11146071470446056,0.023796221448315516,0.02209539121637742,0.12061356339189741
498,102.438194,2.948051,Healthy,0,0.09570926427841187,0.019042831431660388,0.018129024447666273,0.0510447368853622
499,102.434645,2.946845,Healthy,0,0.12654976546764374,0.019602620974183083,0.024194486439228058,0.09514902573492792
500,102.437573,2.948185,Healthy,0,0.1162141321433915,0.01812038943171501,0.017742977891531255,0.08810582591427697
501,102.438569,2.946349,Healthy,0,0.10038557483090295,0.014246175583038066,0.01690001640882757,0.07550123954812686
502,102.438479,2.947719,Healthy,0,0.09951247854365243,0.009873642017030053,0.01338523631501529,0.07107887085941103
503,102.438208,2.947237,Healthy,0,0.1533137642674976,0.02230053312248654,0.01833860327800115,0.055528849777248174
504,102.439658,2.947195,Healthy,0,0.14749440219667223,0.019986489166816074,0.01622619055625465,0.10503382235765457
505,102.439854,2.947537,Healthy,0,0.12324240803718567,0.018799581978884008,0.017694252957072523,0.06661777777804269
506,102.439936,2.947406,Healthy,0,0.12517752250035605,0.020779803498751588,0.02184430592589908,0.08381935871309704
507,102.438996,2.946707,Healthy,0,0.11446548170513576,0.02912746411230829,0.034315027503503695,0.07977755947245492
508,102.438709,2.947856,Healthy,0,0.11405627015564176,0.0253308295375771,0.02783548728459411,0.05582906347182062
509,102.438596,2.947512,Healthy,0,0.12691187113523483,0.012738087524970373,0.016754254698753357,0.06851062095827526
510,102.43809,2.94757,Healthy,0,0.12487822439935473,0.020162919846673805,0.02374483458697796,0.0820314379201995
511,102.438406,2.947167,Healthy,0,0.10243413680129582,0.025039137651522953,0.029724238854315545,0.11222785545719995
512,102.438767,2.946287,Healthy,0,0.1567525424891048,0.01572267162717051,0.014684811544915041,0.07870500741733445
513,102.437297,2.948109,Healthy,0,0.08795181620452139,0.015593810006976128,0.021343832628594503,0.07432928515805139
514,102.43726,2.94804,Healthy,0,0.07412320913539992,0.016939146133760612,0.02017628401517868,0.07128534300459756
515,102.439699,2.947261,Healthy,0,0.13975063380267885,0.02096633820070161,0.018926731931666534,0.08352982997894287
516,102.43981,2.947606,Healthy,0,0.11455245067675908,0.019822516789038975,0.01760501093748543,0.07696099537942144
517,102.440113,2.947756,Healthy,0,0.11010679602622986,0.018288894039061334,0.013841252670519881,0.06942514909638299
518,102.438955,2.947047,Unhealthy,1,0.18390268252955544,0.04133960956500636,0.035223312882913485,0.0954563029938274
519,102.438247,2.947308,Healthy,0,0.17641560236612955,0.025445296118656795,0.02341411169618368,0.07768597453832626
520,102.437853,2.947431,Healthy,0,0.0804714784026146,0.022116170989142522,0.020793487938741844,0.09027592672242059
521,102.440084,2.947819,Healthy,0,0.12055400510629018,0.018205466576748423,0.014398292120960023,0.0725126684539848
522,102.438607,2.946417,Healthy,0,0.11423420823282665,0.01823849231004715,0.01964485500421789,0.09690502948231167
523,102.439034,2.94705,Healthy,0,0.17722851617468727,0.029128154118855793,0.024384981849127345,0.06585896180735694
524,102.438846,2.946839,Healthy,0,0.17004641973310047,0.018696775349477928,0.019308782906995878,0.13245698478486803
525,102.438672,2.947925,Healthy,0,0.11260800808668137,0.022805417991346784,0.02397962970038255,0.05661865654918882
526,102.436877,2.947218,Unhealthy,1,0.14521863642666075,0.024446761028634176,0.025556848694880802,0.11700072056717342
527,102.440203,2.948025,Healthy,0,0.12912406606806648,0.026900334076748952,0.022760867244667478,0.07450029171175426
528,102.438442,2.947515,Unhealthy,1,0.1526754399140676,0.013233509535590807,0.021070914963881176,0.06580872502591875
529,102.438824,2.948066,Healthy,0,0.2006081442038218,0.02336703675488631,0.02504840927819411,0.07756402840216954
530,102.440055,2.947615,Healthy,0,0.094246756285429,0.016850598052971892,0.013863428081903193,0.04872178534666697
531,102.438287,2.947234,Healthy,0,0.15819920433892143,0.025686544469661184,0.024840543770955667,0.07873123346103562
532,102.439657,2.947328,Healthy,0,0.19101104140281677,0.021655805822875764,0.02026004468401273,0.08229304808709356
533,102.437856,2.947163,Healthy,0,0.08163922031720479,0.021196838261352643,0.023085669717854924,0.09934434791405995
534,102.437485,2.948183,Healthy,0,0.10256350206004249,0.017790933863984212,0.016809119222064812,0.07995797610945171
535,102.438671,2.947789,Healthy,0,0.10537618895371755,0.013559751212596893,0.016546747336785,0.05643237051036623
536,102.438746,2.947928,Healthy,0,0.12687708685795465,0.026299150039752323,0.028270123940375116,0.05980105035834842
537,102.438477,2.947583,Healthy,0,0.12274643282095592,0.017935795812971063,0.02044589776131842,0.0785236834651894
538,102.438362,2.947511,Healthy,0,0.1383562535047531,0.020388232957985666,0.024472620752122667,0.06701063199175729
539,102.43993,2.94768,Healthy,0,0.16076494753360748,0.019728688937094476,0.014316074446671538,0.08260657803879844
540,102.440245,2.947957,Healthy,0,0.13057233144839606,0.0195497064333823,0.021107206741968792,0.07597963180806902
541,102.438316,2.947168,Healthy,0,0.1595362193054623,0.02415174152702093,0.026708238033784762,0.10427851602435112
542,102.438901,2.948204,Healthy,0,0.14133008238342074,0.021143862563702796,0.02297545327908463,0.15057056728336546
543,102.437458,2.947975,Healthy,0,0.16219285627206168,0.014978448756866984,0.016239212618933782,0.08256589414344893
544,102.437898,2.947229,Healthy,0,0.09264619731240803,0.01888421571089162,0.023807271073261898,0.10623666147391002
545,102.438616,2.946147,Healthy,0,0.0984221605790986,0.02632966647959418,0.019488717429339886,0.07817575583855312
546,102.438158,2.947982,Healthy,0,0.09230488538742065,0.02169771844314204,0.020362103564871684,0.07902664525641336
547,102.438559,2.947444,Healthy,0,0.15583284199237823,0.012490727731751071,0.017241828040116362,0.0750505779352453
548,102.438245,2.947713,Healthy,0,0.14896392159991795,0.020014613763325743,0.016571793601744704,0.18425265534056556
549,102.437341,2.948041,Healthy,0,0.10913178531659974,0.015046504015723864,0.023042162052459188,0.07889807389842139
550,102.438398,2.947993,Healthy,0,0.09595833139287101,0.01852559277580844,0.018191181640658114,0.07409171015024185
551,102.439889,2.947608,Healthy,0,0.10580928458107842,0.019593997134102717,0.016063780213395756,0.06603755719131893
552,102.438598,2.947647,Healthy,0,0.11307300047741996,0.011820524723993408,0.013587539291216267,0.08373528967301051
553,102.436842,2.947285,Healthy,0,0.1363957797487577,0.022504380904138088,0.025348882501324017,0.09117487072944641
554,102.438054,2.947368,Healthy,0,0.15379429194662306,0.020908545495735273,0.023322294776638348,0.13102180924680498
555,102.434366,2.946774,Healthy,0,0.21885388758447435,0.023766130726370547,0.015987541630036302,0.10083454847335815
556,102.439072,2.947116,Healthy,0,0.12294409755203459,0.02166290208697319,0.01952101331618097,0.041922262145413294
557,102.438637,2.947858,Healthy,0,0.10552534212668736,0.017257402133610513,0.020126807710362807,0.05864722033341726
558,102.437927,2.947572,Healthy,0,0.14062346849176618,0.023261575649182003,0.023589186370372772,0.057959061529901296
559,102.437691,2.947155,Healthy,0,0.10800075613790089,0.02060149713522858,0.016796239651739597,0.09581543836328718
560,102.438838,2.946704,Healthy,0,0.11859398086865743,0.018568210096822843,0.021115582022402022,0.06943348795175552
561,102.43824,2.947983,Healthy,0,0.09197515580389234,0.017971553425821993,0.01776757018847598,0.08597987559106615
562,102.438845,2.946563,Unhealthy,1,0.15089108049869537,0.022282854343454044,0.022493183405862913,0.08858829240004222
563,102.439961,2.947615,Healthy,0,0.11697680958443218,0.018071430528329477,0.01282046279973454,0.05346862516469426
564,102.438357,2.947923,Healthy,0,0.10097244961394204,0.01593674398544762,0.017216989770531654,0.11276526914702521
565,102.438471,2.948131,Healthy,0,0.11505335238244799,0.013520248648193147,0.015204224942459,0.05738832511835628
566,102.439186,2.947049,Healthy,0,0.15015204747517905,0.013818822801113129,0.016314339720540576,0.05526322788662381
567,102.438919,2.946706,Healthy,0,0.11501640660895242,0.022806568899088435,0.024856880721118715,0.07424332035912408
568,102.438825,2.948206,Healthy,0,0.10440970708926518,0.018422519581185445,0.019412106937832303,0.10844744576348199
569,102.438124,2.947913,Healthy,0,0.10883769227398767,0.023886679775185056,0.02334816660732031,0.07711422857311037
570,102.438249,2.947169,Healthy,0,0.16609910709990394,0.02375666704028845,0.024212354173262913,0.09337722013394038
571,102.438049,2.947505,Healthy,0,0.13435290422704485,0.022888038721349504,0.02735497968064414,0.0821990966796875
572,102.439734,2.947466,Healthy,0,0.15156837635570103,0.018997896566159196,0.01534336381074455,0.07469323608610365
573,102.438597,2.947794,Healthy,0,0.10566286494334538,0.010155203027857674,0.014661142809523476,0.054008033954434924
574,102.438364,2.947376,Healthy,0,0.20493485033512115,0.024666735902428627,0.0297005878140529,0.11318113365107113
575,102.438793,2.94786,Healthy,0,0.10810790707667668,0.02631375152203772,0.028124190246065457,0.057926978915929794
576,102.440204,2.947887,Healthy,0,0.14949625978867212,0.022024749881691404,0.026306203463011317,0.08408678571383159
577,102.438405,2.947441,Healthy,0,0.16567630651924345,0.01875128886765904,0.02559846867289808,0.07650376111268997
578,102.438864,2.948136,Healthy,0,0.12972249918513828,0.018836958954731624,0.01933746909101804,0.10963716357946396
579,102.437888,2.947497,Healthy,0,0.11790122091770172,0.02369741453892655,0.024012241202096146,0.08608086531360944
580,102.438288,2.947374,Healthy,0,0.1997731775045395,0.025384892606072955,0.02804578323331144,0.10242770405279265
581,102.438434,2.948059,Healthy,0,0.09607389279537731,0.019220240621103182,0.017666200486322243,0.07041283779674107
582,102.438055,2.947643,Healthy,0,0.12891505493058097,0.021184390203820333,0.021628492408328585,0.10537147149443626
583,102.438438,2.947644,Healthy,0,0.0974847533636623,0.022214796187149152,0.024071931425068114,0.07098634044329326
584,102.437935,2.947167,Healthy,0,0.09299562209182316,0.02207887793580691,0.02656551657451524,0.09888788809378941
585,102.438004,2.947713,Healthy,0,0.13782341447141436,0.018073658769329388,0.016009089226524036,0.10253098731239636
586,102.438668,2.948063,Healthy,0,0.11835407465696335,0.020747277471754286,0.019517918531265523,0.0549178309738636
587,102.440202,2.94816,Healthy,0,0.08273025933239195,0.01981913536373112,0.019233135506510735,0.08533043497138554
588,102.440012,2.94769,Healthy,0,0.0949409550262822,0.016809994044403236,0.01150637689150042,0.04866790854268604
589,102.437974,2.947366,Healthy,0,0.11848358147674137,0.021485004160139296,0.02381449979212549,0.12729796270529428
590,102.438963,2.946772,Healthy,0,0.13391931023862627,0.02531775211294492,0.028367345738742087,0.10374231057034598
591,102.439774,2.947537,Healthy,0,0.13535182178020477,0.0191564979031682,0.018251398681766458,0.0719723283416695
592,102.438168,2.947841,Healthy,0,0.13636353694730335,0.02272297338479095,0.023378298928340275,0.11999480343527263
593,102.438433,2.948201,Healthy,0,0.10117906994289821,0.012866295563677946,0.017365001038544707,0.054269182599253125
594,102.438484,2.947302,Healthy,0,0.13027737041314444,0.01895726989540789,0.027638047312696774,0.09165213339858586
595,102.438093,2.947442,Healthy,0,0.16668280876345104,0.022395452794929344,0.02900915385948287,0.09544776545630561
596,102.439887,2.947744,Healthy,0,0.15458415531449848,0.02283968672984176,0.019256404807998076,0.11564796790480614
597,102.438996,2.946841,Healthy,0,0.14503083460860783,0.020669916437731847,0.021756746909684606,0.07893343932098812
598,102.437334,2.948174,Healthy,0,0.18812359952264363,0.01794449809110827,0.015424221547113525,0.11326767255862553
599,102.438315,2.947303,Healthy,0,0.18389500180880228,0.024890243386228878,0.02548273228522804,0.08212742416395082
600,102.438921,2.946842,Healthy,0,0.16716606087154812,0.02010565520160728,0.020132363670402102,0.13241025225983727
601,102.438788,2.948133,Healthy,0,0.1225263194905387,0.01714301502539052,0.015758220209843583,0.10126195682419671
602,102.439891,2.947468,Healthy,0,0.1371049533287684,0.024530618141094845,0.02094286121428013,0.07521507640679677
603,102.439813,2.947468,Healthy,0,0.14348329106966654,0.02411863197469049,0.019086698587569926,0.08137429298626052
604,102.438765,2.946423,Healthy,0,0.18113239109516144,0.016869084909558296,0.017109306218723457,0.10016668091217677
605,102.439037,2.946908,Healthy,0,0.15842825339900124,0.021028870716691017,0.024105782103207376,0.0766364691985978
606,102.438879,2.946906,Healthy,0,0.15189920945299995,0.01734731812030077,0.017153894011345174,0.0981431288851632
607,102.44036,2.948167,Healthy,0,0.07228234244717492,0.020287620835006237,0.01490755027367009,0.11393208718962139
608,102.434409,2.946705,Healthy,0,0.21670713192886776,0.016048561988605395,0.012041911896732118,0.11321093804306454
609,102.438167,2.947573,Healthy,0,0.13283178872532314,0.019552117937968835,0.020711599124802485,0.07952830029858483
610,102.437932,2.947428,Unhealthy,1,0.09723312821653154,0.021955056943827204,0.0247037700480885,0.10884340852499008
611,102.439221,2.947119,Healthy,0,0.14265549265676075,0.015591782621211477,0.016034478114710912,0.06618902749485439
612,102.438983,2.948204,Healthy,0,0.14912284000052345,0.01715638240178426,0.018078380367822118,0.15976906567811966
613,102.438751,2.947791,Healthy,0,0.10715301003721026,0.019141511474218633,0.017057304167085223,0.07895132443971103
614,102.440284,2.948024,Healthy,0,0.15022539844115576,0.023538670709563628,0.024902052970396146,0.08831264823675156
615,102.438081,2.947844,Healthy,0,0.14123327450619805,0.01771041223158439,0.0182685861364007,0.08623003587126732
616,102.437776,2.947154,Healthy,0,0.0904669455356068,0.020194382096330326,0.018491969857778814,0.10060447909765774
617,102.439578,2.9472,Healthy,0,0.18511970175637138,0.020300679322746065,0.017688188287946913,0.09676131771670447
618,102.437971,2.947504,Healthy,0,0.13417472607559627,0.0233489450895124,0.02484371078511079,0.08799053480227788
619,102.438479,2.947442,Healthy,0,0.1614044631520907,0.013205541090832816,0.019424964466856584,0.07299829812513457
620,102.438128,2.947643,Healthy,0,0.1515595308608479,0.019314657068914838,0.020089531731274392,0.11487575579020712
621,102.440318,2.94823,Healthy,0,0.08001393990384208,0.020703083007699914,0.012469775250388516,0.10372438447342978
622,102.438084,2.94771,Healthy,0,0.15848296797937816,0.017605564350055322,0.017822455200884078,0.1221583377983835
623,102.438746,2.948066,Healthy,0,0.1361087958017985,0.022302858531475067,0.01971129710889525,0.06676963427000576
624,102.438572,2.946082,Healthy,0,0.10405457847648197,0.03150115224222342,0.021117281789580982,0.0801695982615153
625,102.438494,2.946212,Healthy,0,0.13150129798385832,0.021131171327498224,0.019158775814705424,0.08529786517222722
626,102.439852,2.947266,Healthy,0,0.08824694653352101,0.017752109095454216,0.018728416620029345,0.09471943808926477
627,102.438552,2.947582,Healthy,0,0.12106352961725658,0.015392081501583258,0.01967503068347772,0.08855278789997101
628,102.438649,2.946489,Healthy,0,0.1736210137605667,0.020518184536033206,0.02019433056314786,0.11594598160849677
629,102.438807,2.946495,Healthy,0,0.20577910873625013,0.0190756240238746,0.019867643920911685,0.11066474599970712
630,102.438512,2.948198,Healthy,0,0.11081301420927048,0.011002044917808639,0.01518347973210944,0.055211201310157776
631,102.434572,2.946844,Healthy,0,0.14990967677699196,0.023153991024527285,0.02495009493496683,0.116663611597485
632,102.440236,2.948093,Healthy,0,0.10498101595375273,0.027030561533239152,0.022921028236548107,0.097502744032277
633,102.440286,2.948163,Healthy,0,0.0779938076933225,0.0224040945370992,0.01997890488968955,0.09525952322615518
634,102.440322,2.948101,Healthy,0,0.09203498976098166,0.02700074079136054,0.02812139917578962,0.10007364137305154
635,102.440162,2.947959,Healthy,0,0.1296953625149197,0.022903171264463,0.019372610789206293,0.0736157786515024
636,102.440159,2.947817,Healthy,0,0.15342633674542108,0.022645099088549614,0.02466792778836356,0.09208180093102986
637,102.439886,2.947336,Healthy,0,0.10389061272144318,0.019240302344163258,0.020068483220206365,0.10383237401644389
638,102.439771,2.947261,Healthy,0,0.0920237625638644,0.01792028070323997,0.01815835593475236,0.09042589863141377
639,102.439809,2.94719,Healthy,0,0.10863765163554086,0.01524328471471866,0.014326587008933226,0.0941048918498887
640,102.439731,2.947192,Healthy,0,0.13723546846045387,0.016125267164574728,0.013850038560728231,0.09528994643025929
641,102.439609,2.947255,Healthy,0,0.20700612498654258,0.021390453601876896,0.019267180727587804,0.08592268203695615
642,102.439691,2.947404,Healthy,0,0.1418773184219996,0.018858376166058913,0.017621940312286217,0.08263763288656871
643,102.438944,2.948138,Healthy,0,0.15594057159291375,0.01944742589775059,0.02149303216073248,0.1635036046306292
644,102.438824,2.947931,Healthy,0,0.12533838715818194,0.02748375924097167,0.03023103665974405,0.06253500572509235
645,102.43824,2.948122,Healthy,0,0.12740524113178253,0.023428567374746006,0.02044113352894783,0.04942345950338575
646,102.438709,2.948129,Healthy,0,0.1336475114027659,0.018120684971412022,0.014703788794577122,0.08818600864873992
647,102.438705,2.947991,Healthy,0,0.13018839640749824,0.024223908161123592,0.02254165667626593,0.05919068637821409
648,102.438629,2.947579,Healthy,0,0.1018303773469395,0.01151173882600334,0.016990491499503452,0.07739532076650196
649,102.437969,2.947229,Healthy,0,0.10936853206819958,0.02381951899992095,0.023092111572623253,0.09832994101776017
650,102.438012,2.947296,Healthy,0,0.13353190074364343,0.023150537783900898,0.023281534305877156,0.1268368727631039
651,102.437932,2.947296,Healthy,0,0.11258462568124135,0.02241424698796537,0.02306410235663255,0.11360176901022594
652,102.437855,2.947293,Healthy,0,0.1516978939374288,0.02095847763121128,0.01879702311837011,0.08112696434060733
653,102.437756,2.947286,Healthy,0,0.1008233523203267,0.019288298570447497,0.01619687769562006,0.06760917438401116
654,102.437801,2.947355,Healthy,0,0.15292158598701158,0.020423766018615827,0.015636790543794632,0.08331413153145048
655,102.4379,2.947359,Healthy,0,0.11580366848243608,0.023550400510430336,0.023770705486337345,0.09627062661780252
656,102.438013,2.947568,Healthy,0,0.12500765919685364,0.02316088043153286,0.02446840951840083,0.0757613583571381
657,102.438006,2.947438,Healthy,0,0.12479761656787661,0.02281064312491152,0.025080992943710752,0.108973181909985
658,102.438212,2.947641,Healthy,0,0.14903689838118023,0.02301465802722507,0.019509788809551135,0.11070675113134915
659,102.43796,2.947638,Healthy,0,0.121367822918627,0.02210736440287696,0.02157221424082915,0.06189552363422182
660,102.437383,2.948106,Healthy,0,0.12270275917318132,0.014628143981099129,0.020318458684616618,0.07909103317393197
661,102.437415,2.948173,Healthy,0,0.13703072402212355,0.01839468690256278,0.016522172631488904,0.08314965665340424
662,102.434597876,2.947050136,Healthy,0,0.10468464841445287,0.017915429236988228,0.017133230964342754,0.09414687338802549
663,102.437510708,2.946952279,Healthy,0,0.06869764170712894,0.02026163289944331,0.017970644558469456,0.04985193411509196
664,102.435122,2.945893,Healthy,0,0.15534058378802407,0.01624300020436446,0.01564893964678049,0.16002775894271004
665,102.434098,2.945603,Healthy,0,0.10382988138331307,0.010539869053496255,0.013388697057962418,0.0834198569258054
666,102.433864,2.94547,Healthy,0,0.09101351309153768,0.017101946286857128,0.018110382163690195,0.0937851361102528
667,102.433595,2.944986,Healthy,0,0.11761926942401463,0.01748538700242837,0.012990213516685698,0.06841039574808544
668,102.433987,2.945673,Unhealthy,1,0.10136958873934215,0.016242311853501532,0.019364546570512984,0.1069398315416442
669,102.4314,2.947227,Healthy,0,0.10112651851442125,0.020843937165207334,0.017743000760674477,0.054193747954236135
670,102.43442,2.944926,Healthy,0,0.08906704601314333,0.011706614452931616,0.014865137740141816,0.07765336996979183
671,102.435241,2.945963,Healthy,0,0.1431868217057652,0.014073598509033522,0.013350712756315867,0.09591430301467578
672,102.435831,2.944941,Healthy,0,0.15839852144320807,0.019458975022037823,0.02700418709880776,0.0856787082221773
673,102.434582,2.945061,Unhealthy,1,0.0983339390820927,0.009547332482826378,0.007829638198018074,0.059840842253632016
674,102.433509,2.944984,Healthy,0,0.10564867489867741,0.01768450304451916,0.01595467556681898,0.06426563693417443
675,102.433939,2.945745,Unhealthy,1,0.09140636109643513,0.017032142418126266,0.018269855322109327,0.1161973054210345
676,102.433711,2.945058,Healthy,0,0.09548280636469524,0.015762059431937005,0.013943543864621056,0.052941422909498215
677,102.434812,2.945473,Unhealthy,1,0.12019326289494832,0.016382544508410826,0.015039142531653246,0.09837915334436628
678,102.433632,2.944918,Healthy,0,0.1072228956553671,0.018579346127808094,0.017538427685697872,0.06108506934510337
679,102.434022,2.945606,Healthy,0,0.11727469993962182,0.012955117349823317,0.013974196691479947,0.10908976073066394
680,102.43355,2.945057,Healthy,0,0.1262289641631974,0.015187333751883771,0.013717240757412381,0.07603551654352082
681,102.433905,2.945266,Healthy,0,0.09934079233143064,0.013593039371901088,0.014924043168624243,0.05993173147241274
682,102.433827,2.945265,Healthy,0,0.09809605156381924,0.016638358020120196,0.02377419960167673,0.10632449843817288
683,102.433976,2.945814,Healthy,0,0.10999648190206951,0.018936099898484018,0.018329373250404995,0.09728860523965624
684,102.433896,2.945676,Unhealthy,1,0.11627304553985596,0.013500530686643388,0.018838609258333843,0.09942282653517193
685,102.433746,2.945266,Unhealthy,1,0.1047070100903511,0.021618866154717073,0.023667499319546752,0.13081508916285303
686,102.434691,2.945406,Healthy,0,0.11845933149258296,0.026757157718141873,0.021288789808750153,0.08723867601818508
687,102.431401,2.947091,Unhealthy,1,0.07765463532672988,0.01648676126367516,0.016278706904914644,0.05252700837122069
688,102.433868,2.945331,Healthy,0,0.09589658677577972,0.014977036354442438,0.020770364440977573,0.08563166484236717
689,102.431907,2.948111,Healthy,0,0.05851317776574029,0.017376434471872117,0.017203978780243132,0.06618304053942363
690,102.434023,2.945746,Unhealthy,1,0.09556647224558724,0.02052322764777475,0.020391442916459508,0.07888343433539073
691,102.433637,2.945194,Unhealthy,1,0.12532712353600395,0.013560350984334946,0.017133178292877145,0.08503878116607666
692,102.434051,2.945956,Healthy,0,0.11978762182924482,0.0160336604134904,0.014714279936419593,0.07827007729146215
693,102.435,2.945681,Healthy,0,0.11989696820576985,0.02300271826485793,0.0217203874554899,0.1017326596710417
694,102.434201,2.945946,Healthy,0,0.05872760133610831,0.01576990406546328,0.010653436080449157,0.05165804550051689
695,102.435201,2.94589,Healthy,0,0.12279246995846431,0.02096453733328316,0.01654757300598754,0.11542564713292652
696,102.431521,2.947428,Healthy,0,0.10379842503203286,0.014262370868689485,0.01631333523740371,0.08711341644326846
697,102.433901,2.945533,Healthy,0,0.10688589389125507,0.020548318719698325,0.026428430755105283,0.10415843957000309
698,102.431436,2.947293,Unhealthy,1,0.0888971413175265,0.018210870110326342,0.01669318291048209,0.05917738129695257
699,102.431478,2.947355,Healthy,0,0.09283891982502407,0.015784238879051473,0.015901843396325905,0.07863677458630668
700,102.43371,2.944918,Healthy,0,0.10747134768300587,0.016963683172232576,0.015421991133027606,0.05927499466472202
701,102.4365,2.945705,Healthy,0,0.09292854285902447,0.01656574983563688,0.02467607106599543,0.10128743532631132
702,102.433906,2.945402,Healthy,0,0.08905007483230697,0.015992510546412732,0.01684976638191276,0.07733975599209468
703,102.431326,2.947089,Healthy,0,0.1023004911839962,0.01715711545613077,0.019188816659152508,0.05660888511273596
704,102.432955,2.946628,Unhealthy,1,0.08113820064398977,0.014642881229519844,0.015823909909360938,0.054600521508190364
705,102.435032,2.945891,Healthy,0,0.17070619761943817,0.016857348175512418,0.015814003327654466,0.13551745315392813
706,102.433557,2.944913,Healthy,0,0.10492259098423852,0.02092053906785117,0.018199108127090666,0.05824723301662339
707,102.434459,2.944997,Healthy,0,0.12155911905897988,0.0187237619732817,0.017759632422692247,0.10181444138288498
708,102.437011,2.946058,Healthy,0,0.1021650458375613,0.01844289753999975,0.023768352137671575,0.07812598306271765
709,102.433941,2.945467,Healthy,0,0.10362743213772774,0.017183912711011037,0.01770916995075014,0.08403044732080565
710,102.434932,2.945406,Healthy,0,0.14005526817507213,0.01666098605427477,0.015272550698783662,0.10747849527332518
711,102.434847,2.945688,Healthy,0,0.09886056184768677,0.020245693003137905,0.022271219744450517,0.09376399550173017
712,102.434776,2.945407,Healthy,0,0.10590474059184392,0.02520503279649549,0.020214125307069883,0.09588945905367534
713,102.434014,2.945882,Healthy,0,0.11993642979198033,0.016387210744950507,0.015969701214796968,0.08964076224300596
714,102.434725,2.9452,Healthy,0,0.1490482141574224,0.016428935289796855,0.014562624403172068,0.10930397195948495
715,102.433179,2.947041,Healthy,0,0.13068431284692553,0.021233279464973345,0.017246153723034594,0.07424872120221455
716,102.43367,2.945128,Healthy,0,0.1106628527243932,0.01484310140626298,0.017962038413518004,0.0686116110947397
717,102.434775,2.945132,Healthy,0,0.12108421574036281,0.0176836964674294,0.015074282367196348,0.11682510293192333
718,102.435158,2.945825,Healthy,0,0.11585891081227197,0.017862750113838248,0.015593119689987766,0.11111720651388168
719,102.437498,2.946538,Healthy,0,0.22677686479356554,0.0332722103016244,0.028395025266541377,0.11974686053064135
720,102.435083,2.945689,Healthy,0,0.19254527986049652,0.017552143894135952,0.013962133166690668,0.1536597456369135
721,102.436581,2.94584,Healthy,0,0.14496699389484194,0.02772645466029644,0.024858708389931254,0.13136132889323765
722,102.434135,2.945812,Healthy,0,0.10241540438599056,0.019983826722535823,0.017110920718146697,0.07728467509150505
723,102.43662,2.945911,Healthy,0,0.13089248786369959,0.03124448222418626,0.02634435436791844,0.10810273223453098
724,102.433784,2.945333,Unhealthy,1,0.09303790330886841,0.023188568651676178,0.028622698245777026,0.1141457897093561
725,102.435117,2.945754,Healthy,0,0.1827662338813146,0.016234489157795906,0.01385680130786366,0.1573321314321624
726,102.434653,2.944932,Unhealthy,1,0.11004162910911772,0.009593922851814164,0.010098206189771494,0.0731235212749905
727,102.432715,2.946354,Healthy,0,0.13642895387278664,0.017818536919852097,0.019365016888413165,0.07432794281178051
728,102.433748,2.944988,Healthy,0,0.0977926320499844,0.014753427046040693,0.012398747209873464,0.05089202771584193
729,102.434535,2.944997,Healthy,0,0.1224150483806928,0.014616097116635906,0.011502721450395055,0.09229434198803371
730,102.437168,2.946327,Healthy,0,0.1440056769384278,0.019603616558015347,0.018101901126404602,0.0669737354748779
731,102.431872,2.948047,Healthy,0,0.06006397927800814,0.020457387177480593,0.019458347310622532,0.0697916808227698
732,102.434504,2.944924,Healthy,0,0.08051664961708917,0.011559752954377068,0.013552937449680435,0.08612431461612384
733,102.433746,2.945129,Healthy,0,0.09717870586448246,0.011887958583732447,0.01736816142996152,0.06942205586367184
734,102.433986,2.945397,Unhealthy,1,0.05351756099197599,0.01498082218070825,0.013668922500477897,0.06486032033960025
735,102.432753,2.946015,Unhealthy,1,0.11995225482516819,0.015500448437200652,0.013970239605340693,0.07317049014899465
736,102.436426,2.945569,Healthy,0,0.19766365819507176,0.013677532888121076,0.018539862914217844,0.09250702129469977
737,102.434101,2.945736,Healthy,0,0.0940660834312439,0.01708176193965806,0.01769102147469918,0.06656415636340778
738,102.433635,2.945059,Healthy,0,0.11209079788790809,0.01544140734606319,0.013312112540006638,0.05939900833699438
739,102.431717,2.947773,Unhealthy,1,0.10315323621034622,0.020674390097459156,0.017984413541853428,0.08332622547944386
740,102.433107,2.947041,Healthy,0,0.13798159857590994,0.021603765690492258,0.02185030115975274,0.08774000157912572
741,102.43156,2.947097,Healthy,0,0.07051462680101395,0.023776440777712397,0.01834772154688835,0.048290174868371755
742,102.43473,2.945477,Healthy,0,0.10387038853433397,0.024062489055924945,0.018888986255559657,0.08639334224992329
743,102.43736,2.946668,Healthy,0,0.09261012656821145,0.015262827898065249,0.018168033825026617,0.08960529706544346
744,102.433587,2.945123,Healthy,0,0.13527247971958584,0.014953818793098131,0.01586154330935743,0.06455312545100848
745,102.433943,2.945606,Healthy,0,0.1200218755337927,0.020049198841055233,0.027473671154843435,0.09892468858096334
746,102.434025,2.945465,Healthy,0,0.09534494247701433,0.014283049541215101,0.014872558207975494,0.07782486536436611
747,102.436032,2.94529,Healthy,0,0.12135821249749926,0.0166261178544826,0.015764462037218943,0.11693479037947124
748,102.431798,2.947774,Healthy,0,0.10175314628415638,0.019890590260426205,0.016251020236975618,0.07467747314108743
749,102.431642,2.947498,Healthy,0,0.11925017005867428,0.01678330585774448,0.016939435050719313,0.11161408573389053
750,102.432073,2.947984,Healthy,0,0.08544660690757963,0.023100077588525083,0.02233681920915842,0.07020702378617392
751,102.431876,2.947918,Healthy,0,0.11526915596591102,0.017712147182060614,0.018763624752561252,0.09824715968635347
752,102.436071,2.945357,Healthy,0,0.17119975636402765,0.01766186062660482,0.016918033878836367,0.09442796806494395
753,102.434575,2.944926,Healthy,0,0.10006432400809394,0.009644144628610875,0.010767992689377733,0.10383641885386573
754,102.434097,2.94588,Healthy,0,0.09507485313547982,0.019781861661209002,0.015097555600934558,0.08193019611967935
755,102.434964,2.945895,Healthy,0,0.1770576313138008,0.020090383994910452,0.02410964574664831,0.08919047564268112
756,102.431958,2.94792,Healthy,0,0.12244396325614718,0.02026494313031435,0.020742536936369207,0.10320969008737141
757,102.433659,2.945269,Unhealthy,1,0.10403224908643299,0.016725394564370315,0.01718652413951026,0.07600823955403434
758,102.431521,2.947294,Healthy,0,0.08058629640274578,0.01576982428216272,0.01685546235077911,0.05715137182010545
759,102.437584,2.946952,Healthy,0,0.08450831472873688,0.01985046515862147,0.01781145255598757,0.05029242071840498
760,102.431994,2.948112,Healthy,0,0.07763896220260197,0.01660284482770496,0.01566454219735331,0.053991915865076914
761,102.434965,2.945616,Healthy,0,0.11778541654348373,0.015523679864903292,0.015202000840670533,0.10080711129638883
762,102.434538,2.945129,Healthy,0,0.0895027435488171,0.006083786099528273,0.009594592058824169,0.04914747468299336
763,102.431953,2.948049,Healthy,0,0.07716087914175457,0.01734419922447867,0.018040640486611262,0.06655375535289447
764,102.43379,2.945057,Healthy,0,0.09069440679417716,0.011335070348448224,0.01212594834052854,0.04471713718440798
765,102.433256,2.947043,Healthy,0,0.1250713426205847,0.02069894452061918,0.016118508039249316,0.08210598346259859
766,102.434854,2.945541,Healthy,0,0.09713814324802822,0.011930467871328196,0.011717858620815806,0.10547518399026659
767,102.43635,2.945703,Healthy,0,0.18997413333919314,0.01876703639411264,0.021305844394697085,0.11788131627771589
768,102.432948,2.946764,Healthy,0,0.09341470648845036,0.016971536601583164,0.02072079490042395,0.05916520580649376
769,102.436462,2.945776,Healthy,0,0.12875459343194962,0.021679236864050228,0.029957945355110698,0.12150705109039943
770,102.431878,2.947641,Healthy,0,0.09652872963084115,0.02700084841085805,0.018882846770187218,0.09160845561159982
771,102.433784,2.94519,Healthy,0,0.10214666856659783,0.00985862511313624,0.015444360621687438,0.09750328047407998
772,102.435035,2.94562,Healthy,0,0.15264378901984957,0.01715401839464903,0.015492425507141484,0.08265377001629935
773,102.43611,2.945426,Healthy,0,0.18926157305637994,0.02348702773451805,0.018453962893949613,0.09375957896312077
774,102.436386,2.945772,Healthy,0,0.1816396498017841,0.024534679121441312,0.03161479656895002,0.11231692880392075
775,102.434173,2.945878,Healthy,0,0.0811978785528077,0.01913356843094031,0.013061866992049746,0.06392084807157516
776,102.431484,2.947227,Unhealthy,1,0.07597517843047778,0.018275218601855967,0.01611247193068266,0.048257637355062694
777,102.432594,2.946005,Healthy,0,0.09837586681048076,0.010976845295064978,0.011118548818760447,0.07230314612388611
778,102.431642,2.947362,Healthy,0,0.11078793969419268,0.01582134370174673,0.018404839974310663,0.06077027693390846
779,102.436227,2.945496,Healthy,0,0.19208914952145684,0.024889877583417628,0.020701140372289553,0.09502463705009884
780,102.431912,2.947981,Healthy,0,0.10661454084846708,0.01777552492502663,0.017369831084377237,0.09095901168055004
781,102.437325,2.946601,Healthy,0,0.09995999766720666,0.01697728130966425,0.018383503788047366,0.06998736949430572
782,102.433981,2.945535,Healthy,0,0.12771246665053898,0.018199419395791158,0.023391089919540618,0.08895919596155484
783,102.432792,2.946487,Healthy,0,0.09922979109817082,0.02524379723601871,0.019067081726259656,0.066391052885188
784,102.433298,2.946977,Healthy,0,0.14010189639197457,0.022056572139263153,0.015789529515637293,0.09677640017535952
785,102.436348,2.945428,Healthy,0,0.22767294446627298,0.026269636634323332,0.02383412431097693,0.10681707743141386
786,102.432551808,2.946078184,Healthy,0,0.10759970711337195,0.01432821030418078,0.018709072118832007,0.07478514437874158
787,102.43306,2.946969,Healthy,0,0.13078729228840935,0.016744757898979716,0.01957723218947649,0.09044861959086524
788,102.434811,2.945616,Healthy,0,0.09337618947029114,0.015670939969519775,0.018726016394793987,0.10547751353846656
789,102.436192,2.945568,Healthy,0,0.13096597211228478,0.01614383856455485,0.01321467850357294,0.10026589201556312
790,102.434811,2.94534,Healthy,0,0.12554330792691973,0.020035558690627415,0.017953632606400385,0.11212716003259023
791,102.431797,2.947918,Healthy,0,0.07316646807723576,0.018984554956356686,0.017224259881509676,0.08296907362010744
792,102.436154,2.945085,Healthy,0,0.13836253186066946,0.014537164113587804,0.01601497270166874,0.10494895279407501
793,102.437321,2.946324,Healthy,0,0.14579638010925716,0.024042474519875314,0.018738479043046635,0.0865602766474088
794,102.437656,2.947085,Healthy,0,0.20532889001899296,0.022402645813094244,0.01619015271878905,0.13766341656446457
795,102.433834,2.945124,Healthy,0,0.08110139560368326,0.009228366530603833,0.008770223086078962,0.0686019870142142
796,102.433059,2.94656,Healthy,0,0.10412897417942683,0.01433964135746161,0.015756214037537575,0.06227006804611948
797,102.431681,2.947572,Healthy,0,0.13064950621790355,0.016423508731855288,0.013292903184062906,0.09812463157706791
798,102.431483,2.947097,Healthy,0,0.0667667037083043,0.019446590294440586,0.01481224430931939,0.051461032695240445
799,102.43646,2.945909,Healthy,0,0.10089514487319523,0.02434267641769515,0.018928813230660226,0.06923379086785847
800,102.431444,2.94716,Healthy,0,0.0733129878838857,0.018894768526984587,0.015955024398863316,0.05055777976910273
801,102.433186,2.946908,Healthy,0,0.10024825069639418,0.019439711856345337,0.01844533895038896,0.07940918041600122
802,102.436545,2.945773,Healthy,0,0.13292814873986775,0.021820250070757337,0.025620108677281275,0.15253500557608074
803,102.436304,2.945767,Healthy,0,0.22377965682082707,0.017957130240069494,0.02105823138521777,0.1354564122027821
804,102.436499,2.945843,Healthy,0,0.14404574947224724,0.026070136369930372,0.024643959063622687,0.12700929078790876
805,102.434853,2.94528,Healthy,0,0.13464880320760939,0.021308191844986543,0.021071362412638135,0.12358472910192278
806,102.437473,2.946867,Healthy,0,0.07518737432029513,0.019293528981506824,0.015433274830381075,0.06223293476634555
807,102.431682,2.947434,Healthy,0,0.09760067446364297,0.017143322051399283,0.018043287615809176,0.09885114596949683
808,102.431641,2.947636,Healthy,0,0.12902862909767362,0.017749555098513763,0.014781706138617463,0.09290515548653072
809,102.432983,2.946835,Healthy,0,0.10230444454484516,0.015391880439387428,0.019305718131363392,0.08622297354870373
810,102.434962,2.945747,Healthy,0,0.10756267027722465,0.023050282150506973,0.022405547917717032,0.09039629499117534
811,102.436261,2.945698,Healthy,0,0.24121048715379503,0.013879857026040554,0.018172746731175318,0.14733314514160156
812,102.436079,2.944949,Healthy,0,0.19684086740016937,0.021211484550601907,0.026967408135533333,0.10526489383644527
813,102.434927,2.945825,Healthy,0,0.1626104712486267,0.01941047567460272,0.019393978226515982,0.08822011782063378
814,102.436421,2.945977,Healthy,0,0.08970334049728182,0.01931836683717039,0.01857788467572795,0.06174787920382288
815,102.431604,2.947434,Healthy,0,0.1130007952451706,0.016796159247557323,0.01851459789193339,0.1030041774113973
816,102.434738,2.945338,Healthy,0,0.12093622816933526,0.021950510433978505,0.020263000908825133,0.09625091817643908
817,102.433137,2.946839,Unhealthy,1,0.09936934875117408,0.022202625456783507,0.02227722066971991,0.08186584214369456
818,102.431678,2.947299,Healthy,0,0.09993659373786715,0.015049268181125322,0.01876329320172469,0.06628897868924671
819,102.431839,2.947571,Healthy,0,0.08052877585093181,0.025048350397911336,0.017898649391200807,0.07273290264937612
820,102.432034,2.947916,Healthy,0,0.09614772515164481,0.02812155770758788,0.026493328313032787,0.09660889953374863
821,102.436146,2.945499,Unhealthy,1,0.1384407306710879,0.020829083708425362,0.01583369014163812,0.09882274352841908
822,102.431595,2.947295,Healthy,0,0.08721183447374238,0.015451164916157722,0.01807453804132011,0.054814928935633764
823,102.4316,2.947567,Healthy,0,0.12040240483151542,0.016453197950290308,0.017456002326475248,0.10247572428650326
824,102.435919,2.944947,Healthy,0,0.1806959311167399,0.014695954198638598,0.022499939219819173,0.0971024375822809
825,102.435005,2.945542,Healthy,0,0.14670132100582123,0.015577504100898901,0.014137563502622975,0.09244559953610103
826,102.434891,2.945614,Healthy,0,0.09998381717337503,0.015052836802270677,0.015487821772694588,0.10799869398276012
827,102.435997,2.944951,Healthy,0,0.197294349471728,0.016097464598715305,0.023173282750778727,0.09420837627516852
828,102.434772,2.945549,Healthy,0,0.09803969330257839,0.013229842090772258,0.016406462631291814,0.09610072854492399
829,102.435008,2.945816,Healthy,0,0.1705435531006919,0.018797446663180988,0.016666239437957604,0.09655867268641789
830,102.433334,2.94704,Healthy,0,0.15609597083595064,0.01724371138132281,0.014981324267056253,0.10323975069655313
831,102.434653,2.945338,Healthy,0,0.23134479920069376,0.019219208508729935,0.021764800780349307,0.08128459254900615
832,102.436191,2.945293,Healthy,0,0.1122883881131808,0.02053638796011607,0.016216896577841707,0.11697522550821304
833,102.437091,2.946058,Healthy,0,0.12344774107138316,0.020045213401317596,0.021402473975386884,0.07463092853625615
834,102.437201,2.946397,Unhealthy,1,0.1424898240301344,0.01961635508471065,0.01755044971489244,0.05959680096970664
835,102.43168,2.947703,Healthy,0,0.1322705563571718,0.02123055338031716,0.015874253689414926,0.09517015351189508
836,102.436229,2.945629,Healthy,0,0.132242013182905,0.011398559022280905,0.014686163721813096,0.0975285412536727
837,102.434577,2.945199,Healthy,0,0.11181739055448109,0.007787543814629316,0.01007000103385912,0.06885287952091959
838,102.434053,2.945675,Unhealthy,1,0.09940768447187212,0.010899963581727611,0.015302575400306119,0.08398544374439451
839,102.431919,2.947847,Healthy,0,0.10993386887841755,0.018024873919785023,0.019722238803903263,0.08688855088419384
840,102.435,2.945962,Healthy,0,0.17883249289459652,0.021037919860747125,0.022684577231605847,0.13706539488501018
841,102.435162,2.945956,Healthy,0,0.14600462963183722,0.014445961866941717,0.014974312028951116,0.10667040488786167
842,102.437548,2.947021,Healthy,0,0.08746207422680324,0.016198467877176072,0.0149859551133381,0.08892850081125896
843,102.4318,2.94764,Healthy,0,0.09232072532176971,0.023998709499008127,0.01599714584234688,0.07818883864416017
844,102.436659,2.945976,Healthy,0,0.15389521420001984,0.024441185717781384,0.021959546642998855,0.1297185578280025
845,102.432596,2.946149,Healthy,0,0.16052406943506664,0.018288230937388208,0.02507729849053754,0.08580599559677972
846,102.437782,2.947022,Healthy,0,0.1513483789232042,0.023272109942303762,0.018077310278183885,0.10995800379249784
847,102.436385,2.945634,Healthy,0,0.18945716238684124,0.017690227056543033,0.0192428489940034,0.10601230296823713
848,102.432753,2.946419,Healthy,0,0.10560324456956652,0.023436611104342673,0.018172083526021905,0.06319518925415145
849,102.436115,2.94529,Healthy,0,0.1351216725177235,0.018273823377158906,0.01627414207905531,0.12509125388330883
850,102.436579,2.945973,Healthy,0,0.0967613301343388,0.026250220007366605,0.025389431458380487,0.08725883315006892
851,102.437357,2.946394,Healthy,0,0.15615726759036383,0.025724953454401758,0.024348264560103416,0.0780149789320098
852,102.432714,2.946076,Healthy,0,0.12553194827503628,0.016678582773440413,0.014329632744193077,0.07164294479621781
853,102.432761,2.946149,Healthy,0,0.1239447212881512,0.020056041681932077,0.017663996770150132,0.08243633972273932
854,102.432987,2.946424,Unhealthy,1,0.06922135667668448,0.015252479662497839,0.014091848809685972,0.07236543670296669
855,102.437477,2.946604,Healthy,0,0.14890001879798043,0.02564256586548355,0.0240658363327384,0.0986154791381624
856,102.431916,2.947711,Healthy,0,0.11102232668134901,0.01977337503598796,0.017129595081011455,0.08516235897938411
857,102.433025,2.946758,Healthy,0,0.08859888050291273,0.017467107209894393,0.02034690013776223,0.060362725208202996
858,102.432037,2.948048,Healthy,0,0.08553214040067461,0.020313326890269916,0.018425867271920044,0.05902230367064476
859,102.431721,2.947366,Healthy,0,0.0900802794429991,0.017378038312825892,0.019446665835049417,0.07625893958740765
860,102.43619,2.945154,Unhealthy,1,0.12953004240989685,0.015130755181113878,0.016699523251089785,0.09702448298533757
861,102.433101,2.946903,Healthy,0,0.10816103137201732,0.015762125348879233,0.01841682992461655,0.08340149703953001
862,102.43744,2.946538,Healthy,0,0.20590512288941276,0.030018892139196396,0.02440305406020747,0.10508184714449777
863,102.437738,2.947088,Healthy,0,0.12957791735728583,0.022194467277990446,0.017541836843722396,0.1444951800836457
864,102.436543,2.94591,Healthy,0,0.11999504847659005,0.03231171001162794,0.026100900438096788,0.08730956084198421
865,102.437241,2.946458,Healthy,0,0.12206731239954631,0.021624973975121975,0.02229863332791461,0.05472350161936548
866,102.433219,2.946975,Healthy,0,0.12658199336793688,0.02055878026617898,0.01620015326059527,0.089792899787426
867,102.437052,2.946121,Healthy,0,0.11342438641521665,0.01926895510405302,0.0200435658916831,0.06390790268778801
868,102.43283,2.946565,Healthy,0,0.07519361914859878,0.02230385887540049,0.019252992649045255,0.0909585485027896
869,102.437281,2.946529,Healthy,0,0.11890051348341836,0.02138242322123713,0.01950367871257994,0.07060248487525517
870,102.431717,2.94764,Healthy,0,0.1295226307378875,0.01844677711940474,0.013157376916044287,0.09656661334964964
871,102.436382,2.94591,Healthy,0,0.10124958140982522,0.022314854587117832,0.018878006065885227,0.07897067359752125
872,102.431722,2.947502,Healthy,0,0.10348325967788696,0.01535537838935852,0.014648048931525813,0.09748830646276474
873,102.434615,2.945277,Unhealthy,1,0.2314183165629705,0.015715620583958097,0.018721134298377566,0.09363351596726312
874,102.437466538,2.946468092,Healthy,0,0.24030965401066673,0.02922257346411546,0.028925073022643726,0.12776273654566872
875,102.436346,2.945566,Healthy,0,0.16085486031240886,0.01743207613213195,0.024245564722352557,0.08237647679116991
876,102.431837,2.947707,Healthy,0,0.10389765434794956,0.020682081373201475,0.016468366297582786,0.0780733393298255
877,102.431766441,2.947439005,Unhealthy,1,0.08517743895451228,0.015893558661142986,0.014958756975829601,0.07963038028942214
878,102.436116,2.945154,Healthy,0,0.1222388247648875,0.014240842519534959,0.015191913582384586,0.08703396303786172
879,102.433145,2.946699,Healthy,0,0.14500955740610758,0.020785825327038765,0.023956184792849753,0.07571735895342296
880,102.437321,2.946195,Healthy,0,0.13527092999882168,0.02349480800330639,0.017207825970318582,0.11367703394757377
881,102.436268,2.945564,Healthy,0,0.14652465366654926,0.018101560986704297,0.020728731838365395,0.08898335446914037
882,102.431562,2.947226,Healthy,0,0.061516823867956795,0.015715989284217358,0.017877482809126377,0.04800448649459415
883,102.431598,2.947159,Healthy,0,0.06355709872312015,0.017573756579723623,0.01579677810271581,0.045080877012676664
884,102.431743,2.947704,Healthy,0,0.12006665683454937,0.02215778124001291,0.014630176851318942,0.08628677659564549
885,102.432076,2.948111,Healthy,0,0.10094578481382793,0.018647098913788795,0.015055139652556844,0.05264859853519334
886,102.436237,2.945218,Healthy,0,0.10177950726615058,0.019643053515917726,0.01610961701307032,0.10429456830024719
887,102.43326,2.946905,Healthy,0,0.1281883211599456,0.030937010215388402,0.01955651357356045,0.09907251430882348
888,102.43477,2.94528,Healthy,0,0.13047841687997183,0.02006933144811127,0.021010058000683784,0.09466140220562617
889,102.436153,2.945358,Healthy,0,0.17539437032408184,0.021222407205237284,0.017789426259696484,0.10370091017749575
890,102.437133,2.946258,Healthy,0,0.12380554527044296,0.01972857200437122,0.017101835562951036,0.060564224504762225
891,102.433099,2.946634,Healthy,0,0.1260971435242229,0.015727822047968704,0.017740954748458333,0.07626860919925901
892,102.431523,2.947161,Healthy,0,0.0653808203836282,0.01908104908135202,0.01571902787933747,0.04704697388741705
893,102.431798,2.947501,Healthy,0,0.09702095223797692,0.014363750401470397,0.01353919112847911,0.0777892888420158
894,102.435873,2.945017,Healthy,0,0.15404566791322497,0.018689784531792004,0.023300031200051308,0.08432056175337897
895,102.436385,2.945494,Healthy,0,0.2306895156701406,0.018817408631245296,0.025352589475611847,0.09356033056974411
896,102.437243,2.946334,Healthy,0,0.13480054338773093,0.02418939106994205,0.0182702974933717,0.06593441176745626
897,102.436076,2.945082,Healthy,0,0.13914726674556732,0.015246787005000643,0.015899088751110766,0.09211832036574681
898,102.437396,2.946606,Healthy,0,0.10756162802378337,0.017484558953179255,0.018305874947044585,0.07291151293449932
899,102.431997,2.94785,Healthy,0,0.11061643974648581,0.023784262645575736,0.0247383423977428,0.09898745682504442
900,102.436501,2.945976,Healthy,0,0.09130082196659511,0.021961453163789377,0.02048653322789404,0.07865279085106319
901,102.43717,2.94606,Healthy,0,0.12802189754115212,0.019840081946717367,0.019933745368487306,0.08192519760794109
902,102.432637,2.946077,Healthy,0,0.12702569531069863,0.013651158557169966,0.01388780576073461,0.07416625362303522
903,102.436465,2.945633,Healthy,0,0.11263294021288554,0.016403513443138864,0.018472101849814255,0.08732327653302087
904,102.43739,2.946328,Healthy,0,0.15584049539433587,0.02564647255672349,0.02048160322010517,0.11155750188562605
905,102.432908,2.946423,Healthy,0,0.07863118375341098,0.021481210365891457,0.013839191757142544,0.06936963813172446
906,102.437628,2.946747,Healthy,0,0.20097890496253967,0.024441712846358616,0.016833360203438334,0.11932424704233806
907,102.433182,2.94677,Healthy,0,0.14155840708149803,0.024476336729195382,0.025568171714742977,0.08160267853074604
908,102.437819,2.947094,Healthy,0,0.11918255603975719,0.022102988221579127,0.01873783881051673,0.1269644159409735
909,102.437279,2.946397,Healthy,0,0.15028640876213709,0.025779435618056193,0.024865127065115504,0.05799145499865214
910,102.43306,2.94684,Healthy,0,0.1027377520998319,0.01751628290447924,0.020082823414769437,0.09193693515327242
911,102.436269,2.945429,Healthy,0,0.22416566643449995,0.024714350493417844,0.0196513081383374,0.11378145135111278
912,102.433098,2.946767,Healthy,0,0.11172004044055939,0.022131104229225054,0.02316358747581641,0.06686480012204912
913,102.432869,2.946213,Healthy,0,0.11233381844229168,0.021886532712313864,0.028227039612829685,0.07308580809169346
914,102.435954,2.945154,Healthy,0,0.14545001089572906,0.02385444049206045,0.015100408035020033,0.05631221955021223
915,102.431761,2.947571,Healthy,0,0.11471671445502175,0.017431728438370757,0.012909841827220388,0.08553500349322955
916,102.432869,2.946629,Healthy,0,0.07539052764574687,0.016438984415597387,0.016819520543018978,0.0937191392812464
917,102.435993,2.945082,Healthy,0,0.1622294949160682,0.020235333488219313,0.016200865101483133,0.06695997218290965
918,102.432715,2.946216,Healthy,0,0.1345058489176962,0.019755291028155222,0.019180815252992842,0.071520722988579
919,102.431639,2.947229,Healthy,0,0.0657828152179718,0.014754570710162321,0.01825940391669671,0.0535992503994041
920,102.435995,2.945217,Healthy,0,0.09810180796517266,0.01685750287854009,0.014836036910613378,0.0993696500857671
921,102.437283,2.946127,Healthy,0,0.12956235309441885,0.02323687407705519,0.0203703667761551,0.11172458695040809
922,102.432675,2.946284,Unhealthy,1,0.16307981974548763,0.01751783500528998,0.0214618972192208,0.08328032824728224
923,102.43721,2.946259,Healthy,0,0.12072508451011446,0.023184458828634687,0.01742440927773714,0.06728195316261715
924,102.436302,2.94549,Healthy,0,0.24455636739730835,0.028428437188267708,0.02406972615669171,0.10562898384200202
925,102.437548,2.94661,Healthy,0,0.16443564494450888,0.0306728006237083,0.02838517901384168,0.10790999482075374
926,102.437547,2.946875,Healthy,0,0.10031516436073515,0.01913499977025721,0.015497849736776616,0.06536994833085272
927,102.437617,2.947021,Healthy,0,0.19502676940626568,0.019702789063254993,0.01675289703740014,0.12216746186216672
928,102.43604,2.945015,Healthy,0,0.20466049512227377,0.021031783583263557,0.02648877931965722,0.0948196914460924
929,102.437397,2.946457,Healthy,0,0.18826772603723738,0.026846547921498615,0.022364353554116354,0.09896187111735344
930,102.436346,2.94584,Healthy,0,0.2228249195549223,0.029093453246686194,0.029313201291693583,0.1108437106013298
931,102.437549,2.946737,Healthy,0,0.15421494262086022,0.01780400766680638,0.01889388511578242,0.10508253259791268
932,102.436151,2.945226,Healthy,0,0.1227279081940651,0.017587121679551072,0.015333075904183917,0.11397289319170846
933,102.437742,2.946955,Healthy,0,0.1552577962478002,0.02861038429869546,0.02628497675889068,0.09887486199537913
934,102.432832,2.946427,Unhealthy,1,0.10725278076198366,0.02366282811595334,0.01687984499666426,0.06529893188012971
935,102.432753,2.946289,Healthy,0,0.11234260184897317,0.018541027067436114,0.019573001397980586,0.06151700599326028
936,102.432154,2.948112,Healthy,0,0.12472485336992475,0.016887015766567655,0.014126139899922742,0.07516876690917546
937,102.437667,2.946955,Healthy,0,0.1409006110495991,0.02550227277808719,0.02296351869073179,0.07333168221844567
938,102.437471,2.946745,Healthy,0,0.08835478292571174,0.01521986567725738,0.013861207084523307,0.07694737985730171
939,102.435959,2.945015,Healthy,0,0.1903100179301368,0.017276151519682672,0.02218177542090416,0.086882836288876
940,102.433217,2.946836,Healthy,0,0.1084738423426946,0.02931859427028232,0.021038816413945623,0.08713224447435802
941,102.432795,2.946098,Healthy,0,0.11867714342143801,0.018878558754093118,0.015870314608845446,0.08800946341620551
942,102.437433,2.946678,Healthy,0,0.09873088366455501,0.016288394211894937,0.01819808791495032,0.07901543834143215
943,102.43295,2.946354,Healthy,0,0.0957174694372548,0.018014029392765626,0.01739870746516519,0.08589980999628703
944,102.437247,2.946196,Healthy,0,0.11193525046110153,0.021749969778789416,0.01735423205213414,0.08883314869470066
945,102.432869,2.946355,Healthy,0,0.10457375562853283,0.01870959873000781,0.01637457435329755,0.06281201706992255
946,102.433142,2.946972,Healthy,0,0.12076703293455972,0.017874176303545635,0.018188886240952544,0.07747356510824627
947,102.432635,2.946221,Unhealthy,1,0.17610174086358812,0.017247357819643285,0.019223157212966017,0.08894436433911324
948,102.436068,2.945221,Healthy,0,0.10460622194740507,0.016503850929439068,0.015139538277354505,0.10401402124100262
949,102.437587,2.946679,Healthy,0,0.15497124774588478,0.02428798915611373,0.026829127946661577,0.09936322851313485
950,102.436229,2.94536,Healthy,0,0.11628887885146671,0.019060295385619003,0.015663113652004138,0.11057829111814499
951,102.437624,2.946884,Healthy,0,0.11590875685214996,0.023130194180541568,0.01998367564131816,0.07214164319965574
952,102.43631,2.945633,Healthy,0,0.22813592271672356,0.015043337725930743,0.018259316889776125,0.11607862595054838
953,102.437357,2.946267,Healthy,0,0.15257000923156738,0.02367918214036359,0.016626542434096336,0.09462514933612612
954,102.431884,2.947776,Healthy,0,0.10217098891735077,0.01897875964641571,0.01753345225006342,0.07539279096656376
955,102.43736,2.94653,Healthy,0,0.14224724057647917,0.02472853267358409,0.021873298204607435,0.07886410918500689
956,102.437097,2.946192,Healthy,0,0.12880353960725996,0.01470493483874533,0.014967519272532728,0.053257075862752065
957,102.437707,2.947022,Healthy,0,0.17577429446909162,0.023095447570085526,0.01829389027423329,0.13271964258617824
958,102.432791,2.946358,Healthy,0,0.11700912316640218,0.019508653009931248,0.018605802311665483,0.06673926901486185
959,102.432946,2.946498,Healthy,0,0.0646179359820154,0.017770601126054924,0.013735457220011286,0.05884201700488726
960,102.437315,2.946464,Healthy,0,0.13148783395687738,0.02443041517916653,0.024997882544994354,0.06399627154072125
961,102.436311,2.945361,Healthy,0,0.13007875200774935,0.019508169653515022,0.01875978159821696,0.1003400484720866
962,102.436034,2.945151,Healthy,0,0.1357557409339481,0.015469052828848362,0.014249565390249094,0.074728574603796
963,102.432871,2.946495,Healthy,0,0.08758385024136967,0.024402381852269173,0.01600020709964964,0.07291581233342488
964,102.432911,2.946696,Healthy,0,0.09921511593792173,0.01719828839931223,0.02007934885720412,0.07696373057034281
965,102.435912,2.945083,Healthy,0,0.14670389890670776,0.023559084576037195,0.01852004478375117,0.07388252723548147
966,102.436115,2.945014,Healthy,0,0.197077171670066,0.021826639254060056,0.025259268366628222,0.10288979692591561
967,102.432681,2.946139,Healthy,0,0.15937564853164884,0.019954755384888914,0.017421071521110006,0.0852593340807491
968,102.432826,2.946288,Healthy,0,0.10866271952788036,0.01643162707073821,0.017434446037643485,0.058523149540026985
969,102.432901,2.946292,Healthy,0,0.1058944637576739,0.016670706992348034,0.018654960828522842,0.06975106398264568
970,102.433021,2.946493,Unhealthy,1,0.06677756417128775,0.013818016379243798,0.01305698292950789,0.05250898376107216
971,102.43717,2.94619,Healthy,0,0.12593679792351192,0.01726727094501257,0.01629443632231818,0.05681718099448416
972,102.437128,2.946121,Healthy,0,0.12164153158664703,0.019183387669424217,0.019224029034376144,0.058926241679324046
973,102.437207,2.946123,Healthy,0,0.11776907659239239,0.018367776233288977,0.017711757371822994,0.07444678867856662
974,102.437283,2.946265,Healthy,0,0.11834973096847534,0.02440308489733272,0.016188193733493488,0.0894523486495018
975,102.437414,2.94639,Healthy,0,0.16128550635443795,0.025492764595482085,0.02174392342567444,0.12951095153888068
976,102.437659,2.946819,Healthy,0,0.1950676722659005,0.02450351644721296,0.021442279426587954,0.12402704026963976
977,102.437704,2.946883,Healthy,0,0.15591455747683844,0.029201184916827414,0.03096898417505953,0.10708376268545787
978,102.436227,2.946041,Healthy,0,0.09615120540062587,0.019068519584834576,0.019878280038634937,0.09158281733592351
979,102.434484,2.947118,Healthy,0,0.1192103988594479,0.01856765492508809,0.014964179549780156,0.09465518469611804
980,102.431798,2.948594,Healthy,0,0.0881986419359843,0.01461083773109648,0.01426022034138441,0.0687424892352687
981,102.439459,2.947808,Healthy,0,0.11652414169576433,0.021737680460015934,0.013599773972398706,0.07331264267365138
982,102.438015,2.947023,Healthy,0,0.11103327572345734,0.030529491189453337,0.029647492079271212,0.08293470905886756
983,102.43164,2.948596,Healthy,0,0.09109764380587472,0.01931675575259659,0.013877528305682871,0.09331762956248389
984,102.439305,2.947538,Healthy,0,0.09305128330985706,0.01706643681973219,0.017431126493546698,0.0734343570139673
985,102.431836,2.948799,Healthy,0,0.08579403327571021,0.02173659898754623,0.015288636088371277,0.12785079371598032
986,102.437632,2.94606,Healthy,0,0.22442877623769972,0.02798623964190483,0.0287603201965491,0.11129588219854566
987,102.431718,2.948593,Healthy,0,0.08655960857868195,0.014907195646729734,0.013843210827973153,0.0733093921509054
988,102.438134,2.947097,Healthy,0,0.19193576773007712,0.03061973075899813,0.024742879387405183,0.09049507313304478
989,102.437863,2.946481,Healthy,0,0.18520846466223398,0.02617715009384685,0.0204681476785077,0.08910005622439915
990,102.431479,2.948317,Healthy,0,0.11386119739876853,0.02410116895205445,0.019707917960153684,0.06039545560876528
991,102.431836,2.948665,Healthy,0,0.11285067598025005,0.01682569065855609,0.012121938789884249,0.08763420085112254
992,102.438092,2.947029,Healthy,0,0.12492969632148743,0.033130297851231366,0.02999719853202502,0.09143979185157353
993,102.434671,2.947594,Healthy,0,0.08829768747091293,0.014277642178866599,0.015393796376883984,0.07198052687777413
994,102.431879,2.948595,Healthy,0,0.10594157212310368,0.01492672548111942,0.011578783289425902,0.08352564896146457
995,102.438174,2.946892,Healthy,0,0.16396762844589022,0.024606159888207912,0.022385313486059506,0.12567556401093802
996,102.43456,2.94725,Healthy,0,0.08958785401450263,0.02702270717256599,0.019734759608076677,0.05912754974431462
997,102.434829,2.947597,Healthy,0,0.07282030168506834,0.01833196036103699,0.018691053924461205,0.07364143141441876
998,102.434558,2.947117,Healthy,0,0.1212784896294276,0.01629550817112128,0.014636832910279432,0.10246137695180045
999,102.434637,2.947118,Healthy,0,0.11762526465786828,0.015718473431964714,0.015169090694851346,0.10437261561552684
1000,102.437979,2.94696,Healthy,0,0.20928672535551918,0.027099592404233083,0.030643693688842986,0.12665640893909666
1001,102.437514436,2.946128741,Healthy,0,0.23114543656508127,0.02960077404148049,0.03102960975633727,0.1396513291531139
1002,102.434681,2.947462,Healthy,0,0.11251320689916611,0.01633521428124772,0.01698371550689141,0.07222127293546994
1003,102.436491,2.946801,Healthy,0,0.11356789867083232,0.026630352147751384,0.028792512085702684,0.13016716721985075
1004,102.431556,2.948457,Healthy,0,0.11830028891563416,0.020688783894810412,0.019535120473139815,0.07844882955153783
1005,102.436182,2.94625,Healthy,0,0.09048194272650613,0.015292818865014447,0.016747980275087886,0.06345713138580322
1006,102.431397,2.948179,Healthy,0,0.08472760518391927,0.024926301919751696,0.028068399263752833,0.07158358519275983
1007,102.432034,2.948866,Healthy,0,0.12038245797157288,0.015177999002238115,0.015043225760261217,0.0848733749654558
1008,102.436186,2.946113,Healthy,0,0.09805797040462494,0.015350898003412617,0.016885792629586324,0.11180349770519468
1009,102.431794,2.948867,Healthy,0,0.07812814952598678,0.02061325166788366,0.02071624259567923,0.12212484950820605
1010,102.431874,2.94873,Unhealthy,1,0.09888413672645886,0.020881077895561855,0.013800598474012481,0.11609266491399871
1011,102.438056,2.946962,Healthy,0,0.13945923745632172,0.029900003845493,0.03122334989408652,0.10455249581072065
1012,102.431992,2.948796,Healthy,0,0.08306963369250298,0.023175479740732245,0.021430484640101593,0.0719083779388004
1013,102.431676,2.948528,Healthy,0,0.09853679190079372,0.01564811770286825,0.015147877339687612,0.08662499239047368
1014,102.439381,2.947672,Healthy,0,0.10525092482566833,0.03015250422888332,0.029904476056496303,0.09228740342789227
1015,102.439696,2.947808,Healthy,0,0.12903302328454125,0.031040923876894846,0.02930323448446062,0.11309889041715199
1016,102.431951,2.948864,Healthy,0,0.1100226499968105,0.018446657496194046,0.021552358236577775,0.08175042023261388
1017,102.436375,2.946596,Healthy,0,0.13333014895518622,0.016974803888135485,0.022475862358179357,0.1083490186267429
1018,102.434596,2.947462,Healthy,0,0.14028008613321516,0.026425046742790274,0.02999867747227351,0.10029812819427913
1019,102.438098,2.946887,Healthy,0,0.14932363149192598,0.02521518472996023,0.02434678344676892,0.13455353594488567
1020,102.431716,2.948321,Healthy,0,0.0847223699092865,0.015264198494454225,0.011229764359692732,0.03844806862374147
1021,102.434679,2.947186,Healthy,0,0.1381315348876847,0.02078072302457359,0.01911760059495767,0.08577019307348463
1022,102.43913,2.948076,Healthy,0,0.15200019627809525,0.01438216275225083,0.011197243299749162,0.08769406461053425
1023,102.432066,2.94921,Healthy,0,0.12446953356266022,0.022808244762321312,0.023898221345411405,0.13544701453712252
1024,102.439184,2.948005,Healthy,0,0.1359406453039911,0.015407187036342092,0.012724690242773957,0.08650424910916223
1025,102.438991,2.947518,Healthy,0,0.13429260005553564,0.01672499958011839,0.01769788573599524,0.1112506157822079
1026,102.434985,2.948142,Healthy,0,0.15917628010114035,0.024461308701170817,0.019594540198644,0.08637320415841208
1027,102.439133,2.947667,Healthy,0,0.11733083095815447,0.012549785897135735,0.010954504366964102,0.13492954770723978
1028,102.436608,2.946595,Healthy,0,0.08364265743229124,0.019381266397734482,0.016742913362880547,0.07828555421696769
1029,102.434438,2.947185,Healthy,0,0.10146462917327881,0.01783078174210257,0.01511881821271446,0.08026243332359526
1030,102.431679,2.94825,Healthy,0,0.08805307290620273,0.023044375288817618,0.013356566118697325,0.04439559537503454
1031,102.436533,2.946594,Healthy,0,0.09789990385373433,0.02084914729413059,0.019000387543605432,0.09760455869966084
1032,102.431875,2.94887,Healthy,0,0.09407183238201672,0.02050065052592092,0.02168567633877198,0.11768472070495288
1033,102.435069,2.94787,Healthy,0,0.11132662329408857,0.020931035176747374,0.023876390937301848,0.05668571674161487
1034,102.436146,2.946042,Healthy,0,0.08360287298758824,0.014970458009176783,0.019219763680464692,0.11150038242340088
1035,102.435108,2.947944,Healthy,0,0.10510374771224128,0.023148237624102168,0.018048916115529008,0.05734618090920978
1036,102.431874,2.949007,Healthy,0,0.1354395788576868,0.014685077075329091,0.019292047350770898,0.08194994264178806
1037,102.439693,2.948222,Healthy,0,0.13578424768315422,0.024426319325963657,0.026058519259095192,0.11591374294625388
1038,102.431795,2.948728,Healthy,0,0.10145001568728024,0.019715266302227974,0.015468377723462053,0.12913324269983503
1039,102.431556,2.948181,Healthy,0,0.07110144487685627,0.024090251988834806,0.02066285949614313,0.06152607397072845
1040,102.435015,2.94808,Healthy,0,0.14590987811485925,0.022945111927886803,0.01778409557623996,0.09054134372207853
1041,102.439928,2.948225,Healthy,0,0.1565699858797921,0.018508090120222833,0.024516364973452356,0.12168828149636586
1042,102.43883,2.947518,Healthy,0,0.1023350242111418,0.02262969170179632,0.017969711683690548,0.09262695660193761
1043,102.434632,2.947528,Healthy,0,0.10759310175975163,0.02098855986777279,0.01837135199457407,0.07525368904074033
1044,102.431758,2.948664,Healthy,0,0.10526225467522939,0.01692348760035303,0.01512502765076028,0.08404326149159008
1045,102.43176,2.948523,Healthy,0,0.08203914099269444,0.01484558762361606,0.014077168682383167,0.06119652547770076
1046,102.434519,2.947187,Healthy,0,0.11304258389605416,0.01630517840385437,0.013150101113650534,0.0802563147412406
1047,102.431596,2.948524,Healthy,0,0.10659739789035585,0.01662441332721048,0.015342398339675533,0.08109118209944831
1048,102.431912,2.948797,Healthy,0,0.09092659047908253,0.022821635835700564,0.01703050473911895,0.0928275225063165
1049,102.436457,2.94673,Unhealthy,1,0.1146472833222813,0.01953465739885966,0.01978322946363025,0.09412124339077207
1050,102.434865,2.947939,Healthy,0,0.13130115386512545,0.011395195602542825,0.013480178701380888,0.07055504868427913
1051,102.431717,2.948733,Healthy,0,0.09059298617972268,0.016034259046945307,0.01769880826274554,0.09004412136144108
1052,102.431432,2.948247,Healthy,0,0.07738138859470685,0.02291316187216176,0.024668427805105846,0.07172036916017532
1053,102.437707,2.946336,Healthy,0,0.2029096500741111,0.027947515042291746,0.02515718299481604,0.1358649515443378
1054,102.436532,2.946729,Healthy,0,0.09009520254201359,0.0228399857878685,0.022408853595455486,0.09152881966696845
1055,102.431834,2.94893,Healthy,0,0.1054573721355862,0.019233588750163715,0.02316674217581749,0.09717925265431404
1056,102.436381,2.94632,Healthy,0,0.20433165546920565,0.017979459423157904,0.021483281523817115,0.0683840960264206
1057,102.436072,2.946043,Healthy,0,0.09151891287830141,0.0169637906882498,0.019548485055565834,0.09670275366968578
1058,102.437787,2.94634,Healthy,0,0.1942925030986468,0.03003725926909182,0.02469472773373127,0.19684757043917975
1059,102.439229,2.947255,Healthy,0,0.14147408886088264,0.028028843717442617,0.021126100793480873,0.11599122360348701
1060,102.431736,2.948799,Healthy,0,0.0742732480996185,0.015858301892876625,0.01884957744429509,0.09617580680383576
1061,102.437711,2.946205,Healthy,0,0.18740692900286782,0.022653338602847524,0.024300162576966815,0.11845498118135664
1062,102.431635,2.948321,Healthy,0,0.11129437883694966,0.02264962521278196,0.01611483645521932,0.038183686013023056
1063,102.439419,2.947605,Unhealthy,1,0.11276069614622328,0.024920486327674653,0.024488978915744357,0.06479463560713662
1064,102.434597,2.947322,Healthy,0,0.0961990977327029,0.02269580339392026,0.018756426146460906,0.0684435876707236
1065,102.439415,2.947747,Healthy,0,0.11695240603552924,0.027856862586405542,0.02373065406249629,0.07152140430278248
1066,102.431637,2.948182,Healthy,0,0.07063230209880406,0.023822817744480237,0.016645578667521477,0.05356886258555783
1067,102.43626,2.946247,Healthy,0,0.13476943390236962,0.015457206405699253,0.020280255211724177,0.06735033707486258
1068,102.439108,2.947595,Healthy,0,0.12283514357275432,0.022440697273446455,0.024238951090309355,0.10526846928728952
1069,102.434753,2.947461,Healthy,0,0.14182720995611614,0.011277177578045262,0.011548388128479322,0.08499502845936352
1070,102.436225,2.946181,Healthy,0,0.1045695650908682,0.016729246721499495,0.018167901784181595,0.10954462198747529
1071,102.439229,2.947394,Healthy,0,0.1349797381295098,0.016314910724759102,0.017148744521869555,0.09127835142943594
1072,102.436335,2.946528,Healthy,0,0.14568628039624956,0.018180000492268138,0.01967791488601102,0.07651097368862894
1073,102.431599,2.94825,Healthy,0,0.08022989622420734,0.02390496474173334,0.015115816249615617,0.04497511084708902
1074,102.434641,2.947256,Healthy,0,0.09887552509705226,0.02643771552377277,0.02118420259406169,0.06393364775511953
1075,102.431911,2.948936,Unhealthy,1,0.1179705982406934,0.018501875094241567,0.02304802079581552,0.08555230208569103
1076,102.439072,2.947523,Healthy,0,0.12864099194606146,0.02264431005136834,0.025162599463429716,0.09446155693795946
1077,102.438951,2.947588,Healthy,0,0.0965626405345069,0.017308207642700937,0.016230405308306217,0.09928747680452135
1078,102.439184,2.947732,Healthy,0,0.13678879704740313,0.011802428505486913,0.013080770977669291,0.14824551012780932
1079,102.431673,2.948385,Healthy,0,0.10701459894577663,0.020529964214397803,0.01695956424292591,0.04740647826757696
1080,102.434912,2.947598,Healthy,0,0.08322653671105702,0.017777021560404036,0.018921481341951422,0.0931277113656203
1081,102.431636,2.948455,Healthy,0,0.10907493862840864,0.020520955324172974,0.01980802385757367,0.08352741888827747
1082,102.431481,2.948179,Healthy,0,0.07263714778754446,0.02425281372335222,0.02435655953983466,0.07557314054833518
1083,102.43502,2.947802,Healthy,0,0.11089090092314614,0.019477217975589965,0.020847817468974326,0.06282924943500096
1084,102.439264,2.94719,Healthy,0,0.15944819152355194,0.02292811642918322,0.020022263439993065,0.0955375586118963
1085,102.439495,2.947599,Healthy,0,0.11369153277741538,0.020805934444069862,0.022718169622951083,0.067215027494563
1086,102.432069,2.949077,Healthy,0,0.18276707496907976,0.01832708664652374,0.028921930947237544,0.13208049866888258
1087,102.437748,2.946271,Healthy,0,0.13032859481043285,0.023247828500138387,0.020847461082869105,0.13007961048020256
1088,102.432105,2.949142,Healthy,0,0.16326366364955902,0.023222579827739134,0.026962813610831898,0.16692210071616703
1089,102.436386,2.946182,Healthy,0,0.12160701056321462,0.012930088366071383,0.014846592934595214,0.09238597046997812
1090,102.43195,2.949009,Healthy,0,0.15534662538104588,0.011120794754889276,0.016128844271103542,0.09887773791948955
1091,102.439265,2.947327,Healthy,0,0.13908140775230196,0.020106937529312238,0.019725515817602474,0.11422234525283177
1092,102.438919,2.947242,Healthy,0,0.08531405031681061,0.02086252098282178,0.01575438181559245,0.06584825739264488
1093,102.439539,2.947666,Healthy,0,0.10280170788367589,0.01842568814754486,0.018432481007443532,0.06889303194151984
1094,102.431517,2.948247,Healthy,0,0.07433830367194282,0.02460024195412795,0.019020753705667123,0.05765343892077605
1095,102.436615,2.946726,Healthy,0,0.0891123070485062,0.02332055920528041,0.023644092596239515,0.07234995563824971
1096,102.437981,2.946823,Healthy,0,0.16672554115454355,0.02927225238333146,0.032729201639691986,0.13606922825177512
1097,102.437631,2.946202,Healthy,0,0.22608783178859287,0.024614447727799416,0.026386140535275143,0.11893904705842336
1098,102.439503,2.947748,Healthy,0,0.10729348990652296,0.019376638448900647,0.017629572190344334,0.06599452346563339
1099,102.43156,2.948318,Healthy,0,0.10971204688151677,0.025210056867864396,0.01878094569676452,0.0435654471317927
1100,102.43657,2.9468,Unhealthy,1,0.106475164492925,0.028268116008904245,0.031082936252156895,0.12564878331290352
1101,102.436299,2.946455,Healthy,0,0.15951239648792478,0.019021100571586028,0.018385583120915625,0.0604719974928432
1102,102.434751,2.947737,Healthy,0,0.11935773698820008,0.01673408080306318,0.016906320738295715,0.06698310085468823
1103,102.434709,2.947665,Healthy,0,0.12414751450220744,0.016220940483940974,0.018027150589558814,0.07972471829917696
1104,102.436491,2.946661,Healthy,0,0.08686226647761133,0.02564287082188659,0.02250525520907508,0.07292485154337353
1105,102.437867,2.946341,Healthy,0,0.19078010403447682,0.02959756325516436,0.02569654852979713,0.19325313634342617
1106,102.439578,2.948012,Healthy,0,0.14590837061405182,0.020164966583251953,0.01380147733208206,0.09399314224720001
1107,102.434906,2.948012,Healthy,0,0.13921231693691677,0.014650564744240709,0.016690068878233433,0.0947668668296602
1108,102.434832,2.947461,Healthy,0,0.14568484326203665,0.014566884169148074,0.015550730439523855,0.10904412716627121
1109,102.437591,2.946135,Healthy,0,0.23303925659921434,0.028463599375552602,0.028610260743233893,0.12694297979275385
1110,102.438799,2.947176,Healthy,0,0.15583886951208115,0.02478427750368913,0.01573229767382145,0.09207878924078411
1111,102.436798,2.947076,Healthy,0,0.15185852514372933,0.016292111120290227,0.014312666426930163,0.15071684370438257
1112,102.43665,2.946799,Healthy,0,0.10786107513639662,0.022717676642868254,0.02214259612891409,0.08007439888185924
1113,102.439808,2.94815,Healthy,0,0.1495563578274515,0.018488876211146515,0.020813449182444148,0.10894225951698092
1114,102.43499,2.947734,Healthy,0,0.10174943010012309,0.016732911786271468,0.017335677933361795,0.06453062014447318
1115,102.434754,2.947596,Healthy,0,0.06840800576739842,0.014046906183163324,0.014532444791661369,0.052940751943323344
1116,102.435067,2.948141,Unhealthy,1,0.1050995828376876,0.014428837121360831,0.014884129994445376,0.08765767183568743
1117,102.434637,2.947388,Healthy,0,0.1045555132958624,0.01950383000075817,0.024025160094930068,0.079337228089571
1118,102.434942,2.948082,Healthy,0,0.17493690467543072,0.024988362048235204,0.01985175431602531,0.08416446050008138
1119,102.43495,2.947666,Healthy,0,0.09417101161347495,0.014892638350526491,0.016821910834146872,0.06986926827165815
1120,102.43203,2.949141,Healthy,0,0.1440730169415474,0.02064931785894765,0.025045280448264547,0.17706825418604744
1121,102.439216,2.948213,Unhealthy,1,0.11093663507037693,0.016681086065040693,0.0200768428751164,0.04762041775716676
1122,102.436416,2.946525,Healthy,0,0.14458686030573314,0.016728870570659637,0.01868135513116916,0.11631990555259916
1123,102.431988,2.948932,Healthy,0,0.13400836288928986,0.01510250030292405,0.019627891067001555,0.07875422885020573
1124,102.437556,2.946064,Healthy,0,0.22109940648078918,0.028386785959204037,0.0309059237026506,0.11466317375500996
1125,102.432223,2.949212,Healthy,0,0.1580687231487698,0.02595143371986018,0.021370483251909416,0.12913110024399227
1126,102.43922,2.947939,Healthy,0,0.10712634689278072,0.014182979344493814,0.013500466839306884,0.08075259087814225
1127,102.434906,2.94774,Healthy,0,0.08769185344378154,0.017494729823536344,0.019590952123204868,0.049645831601487264
1128,102.432108,2.949007,Healthy,0,0.1574896905157301,0.019952717547615368,0.02975747465259499,0.11688155184189479
1129,102.439771,2.948222,Healthy,0,0.1628818619582388,0.020181395216948457,0.02483814727101061,0.12244306173589495
1130,102.436769,2.946869,Healthy,0,0.11728029118643866,0.021143511248131592,0.016801539084149733,0.07792387944128779
1131,102.434984,2.947872,Healthy,0,0.10897967302136952,0.015759934878183737,0.015485576147006618,0.049998188184367284
1132,102.436603,2.94687,Unhealthy,1,0.11506513506174088,0.029194681387808587,0.028923921700980928,0.09035337136851417
1133,102.434518,2.947323,Healthy,0,0.09799998667505053,0.024781478982832696,0.018814900372591283,0.05848438168565432
1134,102.438872,2.947588,Unhealthy,1,0.06872144713997841,0.015601257172723612,0.01566174616002374,0.10078778945737416
1135,102.439652,2.948154,Healthy,0,0.1328568011522293,0.026152776554226875,0.022237325915031962,0.11496147596173817
1136,102.432032,2.949004,Healthy,0,0.14600456257661185,0.012450984782642789,0.02114805154916313,0.11648458821905984
1137,102.434676,2.947321,Healthy,0,0.11026253551244736,0.02053798134956095,0.020831204433408048,0.07238929967085521
1138,102.436727,2.946806,Healthy,0,0.09411814477708605,0.0205920712194509,0.01759674596703715,0.06839358475473192
1139,102.439617,2.94781,Healthy,0,0.12077837189038594,0.02547855509652032,0.021052219594518345,0.07728821494513088
1140,102.435141,2.948146,Healthy,0,0.10522907972335815,0.011138445594244532,0.012971095430354277,0.08214218997293049
1141,102.439184,2.948144,Healthy,0,0.1331134264667829,0.016119281864828534,0.015104502336018615,0.05491991755035189
1142,102.434867,2.947668,Healthy,0,0.08261389575070804,0.015095395967364311,0.015972582830323115,0.05966266699963146
1143,102.439848,2.948225,Healthy,0,0.17126333465178809,0.01882292630357875,0.02320622859729661,0.13525060481495327
1144,102.436305,2.946182,Unhealthy,1,0.11484532141023213,0.01517026788658566,0.016594472341239452,0.11106832284066412
1145,102.438952,2.94745,Healthy,0,0.11461271511183845,0.015730487493177254,0.017050276096496318,0.11483647922674815
1146,102.437902,2.946552,Unhealthy,1,0.170164555311203,0.028690097232659657,0.0184049473868476,0.09137946615616481
1147,102.434947,2.94794,Healthy,0,0.1144709727830357,0.012089476196302308,0.01597999408841133,0.07149266079068184
1148,102.435017,2.94794,Healthy,0,0.1060117781162262,0.017111783743732505,0.01641181463168727,0.06274454254243109
1149,102.437786,2.94662,Healthy,0,0.2899952944782045,0.0316285224010547,0.028939467544356983,0.1263486925098631
1150,102.439461,2.947672,Healthy,0,0.10939242608017391,0.024331026400129,0.024614036600622866,0.06114537475837602
1151,102.439374,2.948211,Healthy,0,0.1028398937649197,0.015111262496146891,0.014848829143577151,0.06778697876466645
1152,102.439539,2.947813,Healthy,0,0.11957742191023296,0.023468467717369396,0.01799314520839188,0.07411248526639408
1153,102.43191,2.949075,Healthy,0,0.15037796480788124,0.013022651274998983,0.017129275740848646,0.11008182333575355
1154,102.435221,2.948143,Healthy,0,0.11894253393014272,0.012823160220351484,0.014335774816572666,0.07796688543425666
1155,102.437825,2.946552,Healthy,0,0.1958853436840905,0.02820032959183057,0.018720334188805685,0.0982671288980378
1156,102.439382,2.947529,Healthy,0,0.09620989900496271,0.019663773890998628,0.01938803835461537,0.07333295875125462
1157,102.439863,2.948086,Healthy,0,0.13868974728716743,0.018738396155337494,0.019336889290975198,0.108736256758372
1158,102.43911,2.947189,Healthy,0,0.10384208915962113,0.02346347427616517,0.018283012323081493,0.041578726636038885
1159,102.438831,2.947384,Healthy,0,0.1257922790116734,0.027102444113956556,0.020288179421590433,0.11624705957041846
1160,102.438131,2.946961,Healthy,0,0.14620649400684568,0.030153026804327965,0.029390664564238653,0.11170454985565609
1161,102.437748,2.94641,Healthy,0,0.21130079527695975,0.028340004177557096,0.024173733881778188,0.14670637167162365
1162,102.439304,2.947392,Healthy,0,0.13383367740445667,0.015850176724294823,0.0165814526586069,0.0702216082976924
1163,102.431993,2.949077,Healthy,0,0.1463292274210188,0.012837967938847013,0.019132969590524834,0.12450165135992898
1164,102.431836,2.948524,Healthy,0,0.07613168408473332,0.017161771551602416,0.017655350992249116,0.05732528741161028
1165,102.434718,2.947254,Healthy,0,0.1861332729458809,0.023684699088335037,0.02367788263493114,0.07034771020213763
1166,102.439138,2.947254,Healthy,0,0.14388365464078057,0.02342194753388564,0.015947593789961603,0.10255220573809412
1167,102.438909,2.947518,Healthy,0,0.09752421991692649,0.0193754392158654,0.017104246860577002,0.11288106275929345
1168,102.43817,2.947027,Healthy,0,0.14268828100628322,0.029175149276852608,0.026459731368554965,0.11679514828655455
1169,102.43938,2.948078,Healthy,0,0.09355119119087855,0.017349658947851922,0.015447854581806395,0.07950426224205229
1170,102.439286,2.948076,Healthy,0,0.10209393501281738,0.01584923846854104,0.014572866261005402,0.053073043624560036
1171,102.43483,2.947738,Healthy,0,0.0836772657930851,0.017024927876061864,0.01835563602960772,0.0503441265059842
1172,102.437864,2.946619,Healthy,0,0.2193001608053843,0.030715073148409527,0.02722207787964079,0.13157911267545488
1173,102.438053,2.947099,Healthy,0,0.11400912205378215,0.02873319449524085,0.028269073615471523,0.08146248426702288
1174,102.439579,2.947601,Healthy,0,0.13408390515380436,0.02162277553644445,0.021590754182802305,0.08613881551557118
1175,102.434553,2.947393,Healthy,0,0.11237992594639461,0.022638508739570778,0.026196304191317823,0.0882250786655479
1176,102.432185,2.94914,Healthy,0,0.18053002738290364,0.027621655207541253,0.02660399530496862,0.1261589237385326
1177,102.438211,2.946962,Healthy,0,0.1789791699912813,0.02933266469173961,0.024266217110885516,0.1299859881401062
1178,102.436339,2.946384,Healthy,0,0.19461045993698967,0.01625871482408709,0.016971500900884468,0.06714117361439599
1179,102.438837,2.947245,Healthy,0,0.16135859406656688,0.023394193293319807,0.02125032101240423,0.09357365634706286
1180,102.437552,2.946202,Unhealthy,1,0.22594301237000358,0.0255604845782121,0.027021201534403697,0.12597382151418263
1181,102.436496,2.946391,Unhealthy,1,0.12138197074333827,0.013127026562061574,0.010547277103695605,0.0656317418648137
1182,102.439103,2.947868,Healthy,0,0.09390759633647071,0.014182694152825408,0.01134194630301661,0.08589881327417162
1183,102.437937,2.946887,Healthy,0,0.3142966214153502,0.02755635728438695,0.032310491220818624,0.18489749232927957
1184,102.439732,2.948017,Healthy,0,0.13756191813283497,0.020778869796130393,0.020302994073265128,0.06953987893131044
1185,102.439344,2.947602,Healthy,0,0.1045845929119322,0.02094965148717165,0.021068379282951355,0.08688654585017098
1186,102.439542,2.947531,Healthy,0,0.14240619126293394,0.020794987885488406,0.01970220481355985,0.07877015736367968
1187,102.435104,2.94808,Healthy,0,0.12604421211613548,0.015354685588843293,0.013497705467873149,0.08937428808874553
1188,102.436263,2.946116,Healthy,0,0.10705609619617462,0.01678145407802529,0.017654377760158643,0.11703860925303565
1189,102.436844,2.947009,Healthy,0,0.12481269571516249,0.01686010157896413,0.012313293914000193,0.08711539250281122
1190,102.432072,2.948926,Healthy,0,0.14041563785738415,0.014654535386297438,0.018067669226891465,0.1074538595146603
1191,102.437475,2.94606,Healthy,0,0.22826161649492052,0.029363766726520326,0.03365618549287319,0.16217137376467386
1192,102.434791,2.947385,Healthy,0,0.1542294141319063,0.01456487344370948,0.016667476027376123,0.08920946054988438
1193,102.437937,2.946478,Healthy,0,0.15190974871317545,0.028321576201253466,0.02181598564816846,0.07353248198827107
1194,102.439891,2.948154,Healthy,0,0.14394890351427925,0.018491424413190946,0.020131250119043723,0.11476525995466444
1195,102.439538,2.947945,Healthy,0,0.14774374829398262,0.023377241980698373,0.019185056909918785,0.09005652368068695
1196,102.431958,2.94873,Healthy,0,0.09064026259713703,0.024244685243401263,0.02022948105716043,0.07448896724316809
1197,102.437788,2.946478,Healthy,0,0.20167389512062073,0.02534070031510459,0.019613795189393893,0.0988781385951572
1198,102.439462,2.947533,Healthy,0,0.12050533129109277,0.020446859921018284,0.0211045371575488,0.07767178946071202
1199,102.438792,2.947451,Healthy,0,0.10603531698385875,0.0245497300186091,0.0189089078663124,0.08886976829833454
1200,102.438987,2.947655,Healthy,0,0.1035006841023763,0.016881686221394274,0.01678641036980682,0.10157746821641922
1201,102.438992,2.947385,Healthy,0,0.11209037651618321,0.01503726602014568,0.018214920949604776,0.10625515547063616
1202,102.439066,2.947676,Healthy,0,0.09319527861144808,0.013646735809743404,0.012262767646461725,0.10402984586026934
1203,102.43487,2.94753,Healthy,0,0.08648578739828533,0.01979872729215357,0.020476238595114812,0.09171317103836271
1204,102.437672,2.946132,Healthy,0,0.2524041367901696,0.02775484633942445,0.028935768745011754,0.12769099987215465
1205,102.439263,2.947865,Healthy,0,0.09353813777367274,0.01622908531377713,0.012528802268207073,0.0671304315328598
1206,102.438096,2.946765,Healthy,0,0.1410010846124755,0.021007694614430267,0.020537342151833907,0.11260569426748487
1207,102.438944,2.947731,Healthy,0,0.0921932351258066,0.016714173472589917,0.015911135615573987,0.0997115605407291
1208,102.439258,2.948139,Unhealthy,1,0.10077564583884345,0.015663721702165075,0.017896147444844246,0.04293618558181657
1209,102.431715,2.948453,Healthy,0,0.08786291132370631,0.015404769219458103,0.014776933317383131,0.06994205133782493
1210,102.436676,2.946731,Healthy,0,0.07867274681727092,0.021209805582960446,0.021848082749380007,0.050063333163658776
1211,102.439385,2.947397,Healthy,0,0.13197420123550627,0.016985727991494868,0.01702631523625718,0.06685582051674525
1212,102.432146,2.949076,Healthy,0,0.19938301212257808,0.02264177757832739,0.03227770970099502,0.12003582550419702
1213,102.439808,2.948011,Healthy,0,0.16490629149807823,0.020337416790425777,0.018429272083772555,0.08117929556303555
1214,102.439334,2.948147,Healthy,0,0.093997769885593,0.01598200522777107,0.016542895283136103,0.046111507134305105
1215,102.436461,2.946321,Unhealthy,1,0.14379209611150953,0.018914971500635147,0.01681087662776311,0.06928548340996106
1216,102.439266,2.948006,Healthy,0,0.11813532064358394,0.016220975667238235,0.015175711984435717,0.08409250072307056
1217,102.4379,2.946413,Healthy,0,0.1676638192600674,0.02904665759868092,0.02918254045976533,0.1346133036745919
1218,102.431989,2.949212,Healthy,0,0.098285806675752,0.01848677359521389,0.020391498899294272,0.1441449597477913
1219,102.436674,2.94701,Healthy,0,0.1296777899066607,0.0208421413683229,0.016875525005161762,0.10465083105696572
1220,102.437671,2.946269,Healthy,0,0.19177966316541037,0.022791818405191105,0.024560048348373838,0.12222550395462248
1221,102.439461,2.947395,Healthy,0,0.18820959329605103,0.019513024017214775,0.018530826394756634,0.07948132024870978
1222,102.436421,2.946252,Healthy,0,0.17867886192268795,0.018431854123870533,0.019502173074417643,0.06845491503675778
1223,102.439419,2.947463,Healthy,0,0.11849600531988674,0.0183210845829712,0.0176302557811141,0.07522293759716882
1224,102.432151,2.949208,Healthy,0,0.13891259911987516,0.023910890540315047,0.02312530121869511,0.1319582834839821
1225,102.434823,2.947872,Unhealthy,1,0.10296224223242866,0.014001100220614009,0.014405508629149862,0.04044009434680144
1226,102.439689,2.947944,Healthy,0,0.21519792990552056,0.02472069797416528,0.02203360189580255,0.0792757657667001
1227,102.438874,2.947447,Healthy,0,0.11093170858091778,0.023317795453800097,0.019563705039521057,0.12209547228283352
1228,102.436379,2.946457,Healthy,0,0.15984605335526997,0.01398006769725018,0.015175016700393625,0.07557612823115455
1229,102.436608,2.947008,Healthy,0,0.1379663124680519,0.02268603050874339,0.020114068252344925,0.09712038189172745
1230,102.439179,2.947318,Healthy,0,0.17603389339314568,0.02489291297064887,0.019805161385900445,0.13833175765143502
1231,102.436496,2.946522,Unhealthy,1,0.11204195105367237,0.015172714470989175,0.014553155025674237,0.11579257994890213
1232,102.439309,2.947943,Healthy,0,0.13576628433333504,0.016017926649914846,0.016667186179094844,0.07975051179528236
1233,102.437826,2.946272,Healthy,0,0.13045263207621044,0.024714605261882145,0.024758360245161586,0.13508007013135487
1234,102.438794,2.947314,Healthy,0,0.16759789569510353,0.024469999596476555,0.022651503483454388,0.10127881086534923
1235,102.438908,2.947658,Healthy,0,0.0842920947406027,0.016358588822185993,0.015659840674036078,0.10319992982678944
1236,102.439697,2.948079,Healthy,0,0.12234785242213143,0.023834642643729847,0.02200475542081727,0.0994243895014127
1237,102.437754,2.946134,Healthy,0,0.2644487718741099,0.024641653522849083,0.02918499501215087,0.10672410329182942
1238,102.438021,2.946616,Healthy,0,0.15288990404870775,0.02064669132232666,0.01881254402299722,0.10321515301863353
1239,102.438758,2.947243,Healthy,0,0.17939543972412744,0.02368007765875922,0.019891905701822706,0.08953360633717643
1240,102.434989,2.94801,Healthy,0,0.12368755787611008,0.01687386880318324,0.015787928986052673,0.07722795754671097
1241,102.436455,2.94646,Healthy,0,0.14472178452544743,0.011895831622597244,0.011154894406596819,0.08645238727331161
1242,102.438755,2.947382,Healthy,0,0.1651361733675003,0.02799486244718234,0.02221521611015002,0.10094858871565925
1243,102.438913,2.947383,Healthy,0,0.11314092742072211,0.017239580758743815,0.018235047451323934,0.11644904812177022
1244,102.436146,2.946182,Healthy,0,0.09772027697828081,0.015098893704513708,0.015847925303710833,0.10013073061903317
1245,102.439577,2.94774,Healthy,0,0.10574558128913243,0.018037526971764035,0.01652941532019112,0.06992832902404997
1246,102.438878,2.947179,Healthy,0,0.11066006869077682,0.024722420300046604,0.01663205824378464,0.085607274952862
1247,102.438957,2.947314,Healthy,0,0.08450871209303538,0.016230091866519716,0.016036720739470586,0.09121940864457025
1248,102.43872,2.947175,Healthy,0,0.23369934492641026,0.021429936091105144,0.015688432690997917,0.10907318360275692
1249,102.438708,2.947308,Healthy,0,0.1756697172919909,0.027098589680261083,0.023624406920539007,0.09715954297118717
1250,102.439103,2.948002,Healthy,0,0.1445356590880288,0.015694860679407913,0.010947922451628579,0.07392215687367651
1251,102.439614,2.948083,Healthy,0,0.13979984571536383,0.020022508791751333,0.014853122437165843,0.11534844918383493
1252,102.434789,2.947807,Healthy,0,0.0898263090186649,0.015801150558723345,0.016221054829657078,0.047414668939179845
1253,102.439731,2.947877,Healthy,0,0.16997893154621124,0.03168043742577235,0.030095475829309888,0.1115432158112526
1254,102.4395,2.947879,Healthy,0,0.1332475302947892,0.025469411371482745,0.01757597250656949,0.07995722111728457
1255,102.437708,2.946069,Healthy,0,0.24654080801539952,0.02797204049097167,0.02812844928767946,0.11377005444632636
1256,102.436722,2.947072,Healthy,0,0.14308766192860073,0.01639414444151852,0.016651798453595903,0.15211596174372566
1257,102.439339,2.948009,Healthy,0,0.1339929989642567,0.016417191156910524,0.016518376560674772,0.08599801982442538
1258,102.439776,2.948084,Healthy,0,0.14613687578174803,0.02161748821122779,0.022956149238679145,0.0963505349225468
1259,102.438878,2.947318,Healthy,0,0.11135068287452062,0.02046930810643567,0.018868964165449142,0.10465910699632433
1260,102.439182,2.947872,Healthy,0,0.09948901666535272,0.011703746393322945,0.011782520968053076,0.09595896096693145
1261,102.439502,2.947463,Healthy,0,0.20722443362077078,0.021155401546921995,0.018285901389188237,0.08558198230134116
1262,102.43495,2.947806,Healthy,0,0.1053372977508439,0.017643657719923392,0.01617213576618168,0.04213282962640127
1263,102.435064,2.94801,Healthy,0,0.11276581717862023,0.02143241837620735,0.01654192991554737,0.0712917327053017
1264,102.43965,2.948011,Healthy,0,0.14334682706329557,0.019899751370151837,0.015181193749109903,0.07555436177386178
1265,102.439065,2.947795,Healthy,0,0.0862593874335289,0.010545050932301415,0.008255934135781394,0.08138926575581233
1266,102.435184,2.948079,Healthy,0,0.1360541731119156,0.01734308453483714,0.015611952998571925,0.0809323899447918
1267,102.438984,2.947796,Healthy,0,0.08666823473241594,0.013641296058065362,0.012214105628016923,0.0815831712550587
1268,102.43634,2.946252,Healthy,0,0.16821371267239252,0.015088897612359788,0.020204002348085243,0.06786360012160407
1269,102.43611,2.946112,Healthy,0,0.09332843787140316,0.016542780730459426,0.018291228243874177,0.10990800708532333
1270,102.437592,2.946271,Healthy,0,0.20752629141012827,0.026250046988328297,0.02803586112956206,0.10921091834704082
1271,102.439139,2.947802,Healthy,0,0.11018124636676577,0.011400430566734739,0.010065572646756967,0.11116740190320545
1272,102.439343,2.947327,Healthy,0,0.13732648309734133,0.019262569025158882,0.02072282549407747,0.10600854456424713
1273,102.436224,2.946318,Healthy,0,0.13387849099106258,0.01722218096256256,0.01925631095137861,0.06448148687680562
1274,102.437939,2.946752,Healthy,0,0.22288529243734148,0.04492301638755533,0.042812988782922425,0.1363868307736185
1275,102.439345,2.94719,Healthy,0,0.16145051270723343,0.0257124671091636,0.023036120355957083,0.10083581589990193
1276,102.439617,2.947944,Healthy,0,0.17917502009206349,0.023088633807169065,0.019310806050068803,0.09223738064368565
1277,102.436535,2.946454,Healthy,0,0.11981381641493903,0.013962849457230832,0.010885790093905397,0.07388243141273658
1278,102.439027,2.947865,Healthy,0,0.09193224625455008,0.016020834652913943,0.011680225427779887,0.08014362470971213
1279,102.436345,2.946119,Healthy,0,0.11090780629052056,0.01590059832152393,0.01636515888902876,0.11345542843143146
1280,102.439135,2.947938,Healthy,0,0.12600557340515983,0.01391823755370246,0.011029032472934987,0.07215948361489508
1281,102.438017,2.946896,Healthy,0,0.15331758558750153,0.02531246364944511,0.02755572988341252,0.13737246808078554
1282,102.43688,2.94708,Healthy,0,0.13602790070904625,0.015762166637513373,0.013195993896159861,0.10150185806883706
1283,102.439307,2.94726,Healthy,0,0.13278060406446457,0.022397732362151146,0.02256778979467021,0.11898189286390941
1284,102.439729,2.948151,Healthy,0,0.14125334223111471,0.02400930194805066,0.024472662351197667,0.1125464795364274
1285,102.43786,2.946746,Healthy,0,0.27825140290790135,0.04059067678948244,0.037879562833242945,0.14858662999338573
1286,102.437709,2.946469,Healthy,0,0.1976731452676985,0.028349324853883848,0.022302366586195096,0.12441607730256186
1287,102.439769,2.947945,Healthy,0,0.16531473149855933,0.022691612028413348,0.020256332225269742,0.07090289228492314
1288,102.439449,2.94822,Healthy,0,0.1323406340347396,0.013869402205778493,0.013738609333005216,0.10112237185239792
1289,102.436419,2.946382,Healthy,0,0.13851171649164623,0.010578761342912912,0.012256434497733911,0.06503737759259012
1290,102.436652,2.947074,Healthy,0,0.14367886549896663,0.02383964591556125,0.0253979561643468,0.12731696416934332
1291,102.436768,2.947009,Healthy,0,0.13201392193635306,0.01801301145719157,0.013155091967847612,0.10348126706149843
1292,102.436804,2.946945,Healthy,0,0.1340261689490742,0.020297804950839944,0.014613529563777976,0.08694338467386034
1293,102.437663,2.946407,Healthy,0,0.22148842944039238,0.025391874214013416,0.023624175124698214,0.11753690491120021
1294,102.437626,2.946338,Healthy,0,0.20219236612319946,0.02760422954128848,0.027519544379578695,0.12308220151397917
1295,102.437747,2.946544,Healthy,0,0.20771930118401846,0.029057402163743973,0.021874979552295473,0.11774187038342158
1296,102.438018,2.946758,Healthy,0,0.1440201054016749,0.02981138477722804,0.0293750147231751,0.1154583568374316
1297,102.438055,2.946693,Healthy,0,0.13613705668184492,0.03232039687120252,0.030059343928264246,0.10582361204756631
1298,102.437891,2.946811,Healthy,0,0.23893488778008354,0.04998945134381453,0.044158833308352366,0.1526278480887413
1299,102.437821,2.946685,Unhealthy,1,0.352863813440005,0.03603172819647524,0.03449387869073285,0.14750405152638754
1300,102.437899,2.946685,Healthy,0,0.2581450045108795,0.02924762273000346,0.02952446478108565,0.14921622309419844
1301,102.437984,2.946685,Healthy,0,0.16728298200501335,0.029498630099826388,0.02926785002152125,0.11726585030555725
1302,102.43794,2.946619,Healthy,0,0.17188607818550533,0.02255964382655091,0.020753789279195998,0.12416114409764607
1303,102.437976,2.946538,Healthy,0,0.15290182994471657,0.023396652191877365,0.01849756741689311,0.08020932724078496
1304,102.437782,2.946206,Healthy,0,0.16483885877662235,0.02284003711409039,0.02541673266225391,0.11510617948240703
1305,102.438254,2.947038,Healthy,0,0.1450017342964808,0.02683680856393443,0.023824135462443035,0.13836724393897587
1306,102.438293,2.947099,Healthy,0,0.180986397796207,0.0230487488831083,0.024151621386408806,0.1388217972384559
1307,102.439418,2.947323,Healthy,0,0.15584790706634521,0.018334485383497343,0.021795432393749554,0.08969015131394069
1308,102.439385,2.947261,Healthy,0,0.13690650463104248,0.019029484854804143,0.02301345020532608,0.10546967883904775
1309,102.439589,2.947881,Healthy,0,0.1650290803776847,0.027560822251770232,0.024462470163901646,0.08770248707797793
1310,102.439421,2.948151,Healthy,0,0.09954025596380234,0.017178527700404327,0.014687800572978126,0.0829676886399587
1311,102.438673,2.947243,Healthy,0,0.1588391595416599,0.023794865753087733,0.020581252355542447,0.0973014955719312
1312,102.436742,2.945576,Healthy,0,0.09505133661958906,0.025981613124410313,0.01909288049985965,0.05981447050968806
1313,102.436696931,2.945644152,Healthy,0,0.10027422342035505,0.024667115985519357,0.021466895213557616,0.06729137442178196
1314,102.438446,2.946008,Healthy,0,0.1790879120429357,0.029452494035164516,0.019168379095693428,0.11017338103718227
1315,102.43666,2.945435,Healthy,0,0.17609755529297721,0.01760816439572308,0.018924298489259347,0.1275545077191459
1316,102.436776,2.945503,Healthy,0,0.10429118987586763,0.02521930697063605,0.017398290129171476,0.07849973729915088
1317,102.43689,2.945715,Healthy,0,0.0749848120742374,0.016226446566482384,0.01746262734134992,0.06613965415292317
1318,102.436389,2.945096,Healthy,0,0.14657478365633222,0.019006464216444228,0.01978181612988313,0.13301806896924973
1319,102.436977,2.945713,Healthy,0,0.08595796012216145,0.02352491869694657,0.021918389325340588,0.07599472378691037
1320,102.43685,2.94564,Unhealthy,1,0.10671620153718525,0.01952308478454749,0.017063508845037885,0.05896985448069043
1321,102.436623,2.945365,Healthy,0,0.16140106154812706,0.018885405941141978,0.02072136766380734,0.12294251554542118
1322,102.437012,2.945916,Healthy,0,0.14577963120407528,0.01971180447273784,0.018874465591377683,0.06916606219278441
1323,102.438116,2.945253,Unhealthy,1,0.14427505516343647,0.01983528480761581,0.02050230300260915,0.07242125396927197
1324,102.439875,2.949118,Unhealthy,1,0.123423356976774,0.026402643157376185,0.02732914624114831,0.13183754310011864
1325,102.43693,2.945782,Healthy,0,0.0875870179798868,0.020778053129712742,0.018124944840868313,0.0736476191216045
1326,102.436588,2.945298,Healthy,0,0.19786237014664543,0.019303695609172184,0.01958349109109905,0.12609575109349358
1327,102.436816,2.945707,Healthy,0,0.09552555862400267,0.014596845126814313,0.014366869814693928,0.06440312994851007
1328,102.43639,2.944956,Healthy,0,0.12341961678531435,0.015764643748601277,0.016402725751201313,0.10229299755560027
1329,102.43651,2.945029,Healthy,0,0.13287688377830717,0.022080453630122874,0.017705685459077358,0.07763698904050721
1330,102.436661,2.945563,Healthy,0,0.09018650485409631,0.015197903331783082,0.013856958856599199,0.061181708756420344
1331,102.439914,2.949315,Healthy,0,0.15921390884452397,0.022180717024538252,0.02031465930243333,0.11747395743926366
1332,102.438072,2.945326,Unhealthy,1,0.15516752335760328,0.017433875654306676,0.01990220592253738,0.08531688981586033
1333,102.436578,2.945434,Healthy,0,0.20675196250279745,0.01717296190973785,0.02115983060664601,0.11497614698277579
1334,102.437564,2.945107,Healthy,0,0.16164075831572214,0.019555498121513262,0.016549809008008905,0.12875260495477253
1335,102.436736,2.945708,Healthy,0,0.1316825764046775,0.02100875052726931,0.0166732222876615,0.07435594871640205
1336,102.436743,2.945299,Healthy,0,0.20899024109045664,0.02142391602198283,0.018404733803537156,0.13591434475448397
1337,102.436509,2.945157,Healthy,0,0.1717420443892479,0.018280053718222514,0.016624633843700092,0.11118333703941768
1338,102.434007,2.947119,Healthy,0,0.18452245079808766,0.0251913842641645,0.02604315233313375,0.0849525746372011
1339,102.434283,2.947315,Healthy,0,0.1657751111520661,0.017451387519637745,0.0193451593319575,0.10925313499238756
1340,102.436549,2.945093,Healthy,0,0.13917312605513465,0.021413273074560694,0.021035953735311825,0.09913772179020776
1341,102.436815,2.945576,Healthy,0,0.10849407149685754,0.024959388913379774,0.018559082825150754,0.06511940062046051
1342,102.436737,2.945433,Healthy,0,0.13911598341332543,0.0191754259996944,0.013598283131917318,0.11025415360927582
1343,102.439999,2.949327,Healthy,0,0.11487712462743123,0.0186104497147931,0.019394829869270325,0.0826529868774944
1344,102.436586,2.945163,Healthy,0,0.1298711664146847,0.020837899297475815,0.021571109692255657,0.10089103877544403
1345,102.438153,2.945322,Unhealthy,1,0.1603345341152615,0.020730797718796466,0.022996248056491215,0.077501327627235
1346,102.43682,2.945432,Healthy,0,0.13557674239079157,0.019336396207412083,0.013519867116378413,0.10335522062248653
1347,102.437011,2.945778,Unhealthy,1,0.10925251245498657,0.019903049286868837,0.016853564004931185,0.1115818756322066
1348,102.436934,2.945646,Healthy,0,0.07964241007963817,0.02405016062160333,0.020737489892376795,0.06987321956290139
1349,102.43799,2.946004,Healthy,0,0.19734526839521196,0.03310836085842715,0.03962285858061579,0.1642409579621421
1350,102.436428,2.945026,Healthy,0,0.13632177064816156,0.019979232922196388,0.01722694209052457,0.11285456352763706
1351,102.436468,2.944957,Healthy,0,0.1376158967614174,0.02016247757193115,0.018047641755806074,0.07247621317704518
1352,102.436311,2.944956,Healthy,0,0.12273383306132422,0.01746029034256935,0.01708339610033565,0.11732931807637215
1353,102.437405,2.945109,Healthy,0,0.11514360871579912,0.023230854007932875,0.021401727572083473,0.10816482702891032
1354,102.434128,2.947182,Healthy,0,0.24956007467375863,0.024283046937651105,0.02412369702425268,0.09107289794418547
1355,102.439766,2.948773,Healthy,0,0.21235846479733786,0.017741655516955588,0.013381933689945273,0.0838339709573322
1356,102.436887,2.945978,Healthy,0,0.09051494383149677,0.01733566282524003,0.017451235403617222,0.0698183605240451
1357,102.438228,2.945472,Healthy,0,0.08055020496249199,0.02577098748750157,0.024552775753868952,0.0543884862628248
1358,102.43432,2.947523,Healthy,0,0.11087874323129654,0.015439160892532932,0.015440010983082984,0.06485784674684207
1359,102.436627,2.945088,Healthy,0,0.12634331319067213,0.019897028596864805,0.021762990599705115,0.09867852760685815
1360,102.439446,2.948625,Healthy,0,0.1040418470899264,0.014912492285172144,0.01836799302448829,0.06585492980149057
1361,102.439875,2.949252,Healthy,0,0.14321589138772753,0.01977798787670003,0.0208575086047252,0.1026709990368949
1362,102.434281,2.947452,Healthy,0,0.12408959534433153,0.016061920155253675,0.01586680341925886,0.0795205177532302
1363,102.436352,2.945026,Healthy,0,0.1408175230026245,0.015552412511573898,0.016240040875143476,0.12662775731749004
1364,102.438424,2.945808,Healthy,0,0.1575835794210434,0.03150819966362582,0.0323251463058922,0.10207941465907627
1365,102.43764,2.945247,Healthy,0,0.08926066425111559,0.02153418182084958,0.017018812605076365,0.09497507413228352
1366,102.43988,2.948974,Healthy,0,0.10082153065337075,0.016792963362402387,0.018739634193480015,0.11289937876992756
1367,102.439798,2.949246,Healthy,0,0.1207916753159629,0.018083960542248353,0.025479599005646177,0.07695733590258493
1368,102.439915,2.949181,Healthy,0,0.1563627752992842,0.0236831187374062,0.024872382274932332,0.13989710476663378
1369,102.437873,2.944978,Healthy,0,0.13442697293228573,0.019786045472655032,0.017383705514172714,0.0954508160551389
1370,102.434198,2.947186,Unhealthy,1,0.23231984178225198,0.016261043958365917,0.019876359754966363,0.11852200826009114
1371,102.436622,2.94523,Healthy,0,0.18467260814375347,0.017877333694034152,0.01778660642190112,0.11347215705447727
1372,102.437996,2.945052,Healthy,0,0.08396536608537038,0.020392055416272745,0.018459655447966523,0.0749870174460941
1373,102.436974,2.945851,Healthy,0,0.10638641483253902,0.019486089340514608,0.015007252701454692,0.0863667842414644
1374,102.439252,2.948282,Healthy,0,0.08686000150110987,0.016917232734461624,0.016581731848418713,0.059233654704358846
1375,102.437717,2.944977,Unhealthy,1,0.14458687603473663,0.015365357407265239,0.016806155029270384,0.10158312982983059
1376,102.434323,2.94739,Healthy,0,0.1420157038503223,0.01794952837129434,0.01736266290148099,0.08766492125060824
1377,102.440038,2.949257,Healthy,0,0.13769178009695476,0.018055764233900443,0.022637701282898586,0.1292203797234429
1378,102.439952,2.949112,Healthy,0,0.16011388020382988,0.0245152920898464,0.027388910866445966,0.127878708144029
1379,102.436971,2.945978,Healthy,0,0.13453981031974158,0.01676599619289239,0.020553721114993095,0.06982556564940347
1380,102.437993,2.945324,Unhealthy,1,0.16960668729411232,0.015415487707489066,0.020248141657147143,0.10479397161139382
1381,102.439378,2.948351,Healthy,0,0.12580503771702448,0.018526240872840088,0.01651610289182928,0.07840303993887371
1382,102.437485,2.944972,Unhealthy,1,0.11520291699303521,0.02343097163571252,0.022935167368915346,0.10826632297701305
1383,102.436855,2.945916,Unhealthy,1,0.0995763134625223,0.017523470438188977,0.015486810356378555,0.08105367504888111
1384,102.438065,2.945597,Healthy,0,0.16599118212858835,0.022112270610200033,0.016496327395240467,0.09385787323117256
1385,102.439841,2.949048,Healthy,0,0.09776654342810313,0.020406323485076427,0.02315960131171677,0.12334845132297939
1386,102.436705,2.945233,Healthy,0,0.1863876117600335,0.018896827888157632,0.01984657295462158,0.12152593003378974
1387,102.43705,2.945851,Healthy,0,0.1171740483906534,0.022845603939559724,0.019001550351579983,0.10072888682285945
1388,102.436589,2.94502,Healthy,0,0.10675974107450908,0.016643853444192145,0.015167507239513926,0.07419843433631791
1389,102.436549,2.944955,Healthy,0,0.14014134804407755,0.02169660468482309,0.01713417149666283,0.06929123649994533
1390,102.434083,2.947116,Healthy,0,0.19617147081428105,0.02956670315729247,0.029726030718949106,0.07897138098875682
1391,102.439681,2.948901,Healthy,0,0.21826529834005567,0.015501860736144913,0.013893849992503723,0.08532212591833538
1392,102.438497,2.945942,Healthy,0,0.20047718948788112,0.029762633765737217,0.02156159881916311,0.10550176766183642
1393,102.438345,2.945673,Healthy,0,0.18281131320529515,0.03257022466924456,0.027560127278168995,0.10770889619986217
1394,102.437836,2.945185,Healthy,0,0.17884741723537445,0.029708960817919836,0.024649247320161924,0.12462932699256474
1395,102.436899,2.945578,Healthy,0,0.14044163707229826,0.024721611912051838,0.017961663504441578,0.06750993182261784
1396,102.437989,2.945864,Healthy,0,0.14101201709773806,0.023128393416603405,0.03008419916861587,0.12297596285740535
1397,102.438026,2.945932,Healthy,0,0.1550744432542059,0.024764824865592852,0.030119805700249143,0.16414793994691637
1398,102.436899,2.945849,Healthy,0,0.09324684739112854,0.022615070765217144,0.017615178496473365,0.07368091493844986
1399,102.437911,2.94573,Healthy,0,0.21161923805872598,0.02067135212322076,0.021470766721500292,0.12593826320436266
1400,102.437755,2.945862,Unhealthy,1,0.19095032082663643,0.025304024004273944,0.023803385595480602,0.1126396076546775
1401,102.434355,2.94787,Unhealthy,1,0.11342038710912068,0.017595028194288414,0.021014572431643803,0.06664896797802713
1402,102.436815,2.945842,Healthy,0,0.09292306668228573,0.024087589234113693,0.019199752766225073,0.08744312491681841
1403,102.439954,2.949255,Healthy,0,0.15212067464987436,0.01723731133259005,0.01877046066025893,0.12697665807273653
1404,102.43424,2.947527,Healthy,0,0.11865417162577312,0.01784253016942077,0.015834104580183823,0.06729930308130053
1405,102.439762,2.948904,Healthy,0,0.1467097947994868,0.01803472534649902,0.015629896997577615,0.08496894066532452
1406,102.434546,2.947938,Healthy,0,0.20254802041583592,0.027331881018148527,0.025180950139959652,0.13451388974984488
1407,102.434441,2.947589,Healthy,0,0.0935025339325269,0.019282800869809255,0.01902585331764486,0.07518516894843844
1408,102.439719,2.949107,Healthy,0,0.10529027548101214,0.023687234769264858,0.027932539996173646,0.06608129955000347
1409,102.434005,2.947249,Healthy,0,0.131487508614858,0.020477708843019273,0.022260319234596357,0.09060605118672053
1410,102.434082,2.947251,Healthy,0,0.18264580104086134,0.019533279351890087,0.02212443658047252,0.10857963810364406
1411,102.439331,2.948419,Healthy,0,0.13037469651963976,0.021723141997224756,0.016921110451221466,0.08392499801185396
1412,102.439841,2.948906,Healthy,0,0.10976367029878828,0.01777337512208356,0.016640297654602263,0.10643100034859446
1413,102.437874,2.945251,Healthy,0,0.17915240923563638,0.022142235707077716,0.019717814607752696,0.10989584442642
1414,102.434635,2.947937,Healthy,0,0.16361726737684673,0.025823785199059382,0.026121016591787338,0.12693487935596043
1415,102.434515,2.947868,Healthy,0,0.15111343728171456,0.023790723126795556,0.023591210651728842,0.1020585149526596
1416,102.434239,2.947664,Healthy,0,0.1065186717443996,0.019391412018901773,0.01758412416610453,0.07783966056174701
1417,102.436468,2.945092,Healthy,0,0.17017867416143417,0.020105647957987256,0.01787581615563896,0.12713227089908388
1418,102.440073,2.949321,Healthy,0,0.11654025812943776,0.02101457201772266,0.021200342310799494,0.08993436230553521
1419,102.439918,2.949047,Healthy,0,0.13383344643645817,0.023874834179878235,0.029998391452762816,0.14136945870187548
1420,102.439835,2.949183,Healthy,0,0.12772519141435623,0.02318439053164588,0.028201042157080438,0.0746752955019474
1421,102.437951,2.945933,Healthy,0,0.14759142034583622,0.02448101859125826,0.030448023022876844,0.13735687401559618
1422,102.437047,2.945988,Healthy,0,0.15183651778433058,0.021074907233317692,0.022582638387878735,0.0852786327401797
1423,102.439412,2.948556,Healthy,0,0.11169790145423678,0.01774709164682362,0.01617564343743854,0.06421706825494766
1424,102.438303,2.945602,Healthy,0,0.17536306215657127,0.0292743065704902,0.024606399445070162,0.08392465652690993
1425,102.438112,2.945525,Unhealthy,1,0.12212379856242074,0.021637980308797624,0.021503961748547025,0.0651231205297841
1426,102.437602,2.945176,Healthy,0,0.12069631119569142,0.021749974952803716,0.01779666356742382,0.08855189383029938
1427,102.436547,2.945227,Healthy,0,0.18136168436871636,0.01747823754946391,0.01661830074671242,0.10420201636022991
1428,102.437561,2.945249,Healthy,0,0.12309793217314614,0.02482095081359148,0.017634197966092162,0.07626538806491429
1429,102.437674,2.945729,Healthy,0,0.1694808138741387,0.02793863084581163,0.022611567957533732,0.17712135364611944
1430,102.437598,2.94545,Healthy,0,0.15963808198769888,0.025472681658963364,0.022536543301410146,0.13370908051729202
1431,102.43976,2.949042,Healthy,0,0.15670516921414268,0.021958813795612916,0.023444881869686976,0.09337551684843169
1432,102.439691,2.948632,Healthy,0,0.12560393826829064,0.018996108426815934,0.018137155721584957,0.06680111876792377
1433,102.437718,2.945521,Healthy,0,0.17522678275903067,0.020950172303451434,0.02012984599504206,0.12397521734237671
1434,102.437952,2.945256,Healthy,0,0.15832679553164375,0.01678031703664197,0.016759395806325808,0.09558745721975963
1435,102.439801,2.948978,Healthy,0,0.12324797693226072,0.017791148378617234,0.018712130168245897,0.1258937261170811
1436,102.437992,2.945186,Healthy,0,0.10779713590939839,0.016131039191451337,0.019380704292820558,0.08040005755093363
1437,102.434357,2.947593,Healthy,0,0.1007902945081393,0.017096147044665284,0.016609336353010602,0.06406718492507935
1438,102.439686,2.948767,Healthy,0,0.21297819912433624,0.01423324230644438,0.008872949259562625,0.07779940714438756
1439,102.438304,2.945875,Healthy,0,0.10757618397474289,0.02487499566955699,0.02379388941658868,0.07281437019507091
1440,102.43458,2.948141,Healthy,0,0.08722486760881212,0.0218338074369563,0.01866956562217739,0.0712406871219476
1441,102.437956,2.945118,Healthy,0,0.08492707212766011,0.020941866354809865,0.022464677484499082,0.09153219436605771
1442,102.437838,2.945043,Healthy,0,0.1434559209479226,0.02361627502573861,0.02029762127333217,0.08819392240709728
1443,102.43783,2.94573,Healthy,0,0.24048721624745262,0.021398073269261256,0.022905441311498482,0.13360760278171963
1444,102.434508,2.948138,Healthy,0,0.08648583541313808,0.021268090026246175,0.017415562748081155,0.08253781663046943
1445,102.437912,2.946002,Healthy,0,0.24251949787139893,0.03111926569706864,0.035043052294188075,0.1523418070541488
1446,102.438264,2.94567,Unhealthy,1,0.19519267645147112,0.030805000828372106,0.024586901482608583,0.1027526350484954
1447,102.439614,2.948496,Healthy,0,0.1174964490864012,0.012298196657664247,0.016078789821929403,0.09783271162046327
1448,102.437793,2.945663,Healthy,0,0.2052888572216034,0.03143967832956049,0.03029539943155315,0.10647010886006886
1449,102.434508,2.948004,Healthy,0,0.17521486265791786,0.03369982312950823,0.029243464064266946,0.12542894151475695
1450,102.43737,2.945039,Healthy,0,0.12549557785193124,0.022935913875699043,0.021034041419625282,0.1186520333091418
1451,102.434278,2.947594,Healthy,0,0.11705081164836884,0.018424586289458804,0.017346873982912965,0.06254360121157435
1452,102.437714,2.945387,Healthy,0,0.11771219803227319,0.01837759640895658,0.015628073881897662,0.12441938039329317
1453,102.437834,2.945863,Unhealthy,1,0.14540571553839576,0.024407276676760778,0.02681155585580402,0.12099440064695147
1454,102.434748,2.948139,Healthy,0,0.15557217680745655,0.032172526957260236,0.026571840254796877,0.06600954714748594
1455,102.437912,2.945326,Healthy,0,0.16600338452392155,0.014914017170667648,0.017561215803854995,0.14144019865327412
1456,102.439729,2.948701,Healthy,0,0.16489009890291426,0.019408976141777303,0.014043190620011754,0.08057106534639995
1457,102.439646,2.948832,Healthy,0,0.20230220754941305,0.012453931176828014,0.009329664676139751,0.09071106753415531
1458,102.438226,2.945598,Healthy,0,0.17350382771756914,0.02330446450246705,0.018535969882375665,0.07305920041269726
1459,102.439563,2.948835,Healthy,0,0.1979584660795,0.013075416804187827,0.01603751339846187,0.08467789118488629
1460,102.439998,2.949188,Healthy,0,0.14116615056991577,0.019473629382749397,0.023543937959604792,0.1361195594072342
1461,102.439807,2.948836,Healthy,0,0.1806516001621882,0.01712202767117156,0.013600931606358953,0.07391061509648959
1462,102.437525,2.94531,Healthy,0,0.14830546577771506,0.02375341144700845,0.017263178610139422,0.09985477353135745
1463,102.438024,2.945259,Healthy,0,0.13072532580958474,0.017335619260039594,0.01809593838536077,0.07865167657534282
1464,102.434044,2.947319,Healthy,0,0.14001792669296265,0.019769710902538564,0.025287220254540443,0.1122723122437795
1465,102.43949,2.948697,Healthy,0,0.20643741554684109,0.01504947141640716,0.016137494188215997,0.05403707631760173
1466,102.437368,2.945171,Healthy,0,0.10220858454704285,0.01992799062281847,0.018076175099445715,0.06463865025175942
1467,102.439526,2.94863,Healthy,0,0.162535413271851,0.015529841288096376,0.019941084914737277,0.058673813525173396
1468,102.439494,2.948423,Healthy,0,0.1850651262534989,0.01759002399113443,0.017805311207969982,0.08828034996986389
1469,102.434396,2.947663,Healthy,0,0.0954425682624181,0.023365065972838137,0.016578134563234117,0.08763258283336957
1470,102.437955,2.944981,Healthy,0,0.10375872337155873,0.020999741637044482,0.01961652199841208,0.07647980252901714
1471,102.438108,2.945394,Healthy,0,0.13174222906430563,0.02034667372289631,0.023482885625627305,0.07249685128529866
1472,102.439606,2.948764,Healthy,0,0.1732765320274565,0.011453531061609587,0.010227083332008786,0.057019639346334666
1473,102.439488,2.948559,Healthy,0,0.1127602971262402,0.01601627106881804,0.018901890143752098,0.07835863240891033
1474,102.434316,2.947796,Healthy,0,0.1033829011850887,0.020720911626186635,0.018143621169858508,0.09280959682332145
1475,102.434165,2.947113,Healthy,0,0.18888525002532536,0.0273632292325298,0.02480864566233423,0.09137873599926631
1476,102.439679,2.949042,Healthy,0,0.17246356440915,0.026473561508788004,0.026821865803665586,0.06998362599147691
1477,102.439834,2.949315,Healthy,0,0.1546128417054812,0.01931718157397376,0.020622112167378265,0.1054830335908466
1478,102.439452,2.948346,Healthy,0,0.1646928439537684,0.018934082343346544,0.01865872150907914,0.09000824309057659
1479,102.437797,2.945115,Healthy,0,0.14593740966584948,0.025303490459918976,0.021218991114033595,0.1058078184723854
1480,102.43795,2.945795,Healthy,0,0.171012405720022,0.021704361049665347,0.024653395637869835,0.11352727976110247
1481,102.434517,2.947732,Healthy,0,0.09473209414217207,0.018577656605177455,0.017389881942007277,0.09622018949853049
1482,102.434359,2.947455,Healthy,0,0.13243449893262652,0.016029288785325155,0.01634824400146802,0.08077389829688603
1483,102.434671,2.948007,Healthy,0,0.13618585136201647,0.027316709876888327,0.025773225559128657,0.09954278046886127
1484,102.437874,2.945935,Healthy,0,0.1437840180264579,0.02538247365090582,0.029632032952374883,0.12270872460471259
1485,102.434474,2.94766,Healthy,0,0.08553416364722782,0.020352998955382243,0.016557218610412545,0.09058197918865415
1486,102.438036,2.945119,Healthy,0,0.09025504440069199,0.02073953900900152,0.020089427940547466,0.07765016125308143
1487,102.434431,2.947729,Healthy,0,0.10208365983433193,0.021769908256828785,0.016333714748422306,0.09769023209810257
1488,102.437094,2.945921,Unhealthy,1,0.13920018821954727,0.026931676185793348,0.025960263692670398,0.08112064914570914
1489,102.436657,2.94516,Healthy,0,0.12802695565753514,0.020589797240164544,0.023412799876597192,0.10147450698746575
1490,102.438144,2.945597,Healthy,0,0.17280212706989712,0.021396820950839255,0.016273149703111913,0.08625945117738512
1491,102.4396,2.948905,Healthy,0,0.16959384083747864,0.017672600742015574,0.019888322800397873,0.09327174930108918
1492,102.439531,2.948491,Healthy,0,0.13139140357573828,0.014803725191288523,0.015887949615716934,0.08648049210508664
1493,102.434318,2.947663,Healthy,0,0.10453429652584924,0.02158117801364925,0.0175699715813001,0.08091121829218334
1494,102.437639,2.945657,Healthy,0,0.19234926833046806,0.027610712581210665,0.027017217543390062,0.13693771180179384
1495,102.434279,2.947733,Healthy,0,0.10508386459615496,0.022301271764768496,0.016539247913493052,0.09089988635645972
1496,102.434547,2.948073,Healthy,0,0.14730425510141584,0.032957008108496666,0.028163672735293705,0.12413524256812201
1497,102.434553,2.947801,Healthy,0,0.1433679742945565,0.02258525002333853,0.0225995694183641,0.09263859026961857
1498,102.437907,2.945864,Healthy,0,0.14383353541294733,0.02376569165951676,0.029124100382129352,0.12436757236719131
1499,102.439648,2.948699,Healthy,0,0.1447263037165006,0.0147431254800823,0.011045707596672906,0.058813583105802536
1500,102.437714,2.945789,Healthy,0,0.18840516772535112,0.025021445627013843,0.02295743301510811,0.13898563467793995
1501,102.434471,2.948071,Healthy,0,0.1420796952313847,0.0280734919425514,0.02623589274783929,0.12118563552697499
1502,102.434715,2.948076,Healthy,0,0.11648439284827974,0.035520222038030624,0.03212576980392138,0.06426010363631779
1503,102.437446,2.945037,Healthy,0,0.13382766478591496,0.02422037637896008,0.022289378982451227,0.1333147750960456
1504,102.434167,2.947527,Healthy,0,0.11028638482093811,0.018157750471598573,0.016797904028660722,0.0709328916337755
1505,102.437796,2.945519,Healthy,0,0.1616060866249932,0.02218352858391073,0.02102682739496231,0.11423089520798789
1506,102.437534,2.945037,Healthy,0,0.13967044899861017,0.020853649617897138,0.019383455626666546,0.1348608285188675
1507,102.43795,2.945389,Healthy,0,0.1669655011759864,0.015106136082775064,0.020427135957611933,0.14217494593726265
1508,102.437483,2.94511,Healthy,0,0.1837781626317236,0.024412177710069552,0.023101939716272883,0.14605635735723707
1509,102.437288,2.945037,Healthy,0,0.12578011718061236,0.019963616091344092,0.019536716242631275,0.09408253265751733
1510,102.437526,2.945175,Healthy,0,0.2141901892092493,0.023920670358671084,0.018125223616758983,0.07885056692692968
1511,102.437601,2.945319,Healthy,0,0.1130854371521208,0.020902121336095862,0.015675150892800756,0.11204180369774501
1512,102.437875,2.945112,Healthy,0,0.1050281392203437,0.021755303359693952,0.0214380890958839,0.10434710648324755
1513,102.437638,2.945386,Healthy,0,0.1345370610555013,0.02154353064381414,0.017077060416340828,0.11404060075680415
1514,102.434123,2.947456,Healthy,0,0.15430925869279438,0.024881403686271772,0.024605955514642928,0.06610134119788806
1515,102.439609,2.94863,Healthy,0,0.12489044417937596,0.015608656530578932,0.018445233297016885,0.055925235566165715
1516,102.437557,2.945518,Unhealthy,1,0.16133524311913383,0.03318456560373306,0.025435522198677063,0.14424967765808105
1517,102.437562,2.945378,Healthy,0,0.15625605980555216,0.021726816064781614,0.017530960962176323,0.11456834276517232
1518,102.437684,2.945589,Healthy,0,0.18445826404624516,0.024023698642849922,0.020971455093887117,0.12390543106529447
1519,102.434631,2.948074,Healthy,0,0.12096404532591502,0.03794982822404967,0.029426467501454882,0.08782662658227815
1520,102.439799,2.94911,Healthy,0,0.09468602306312984,0.024226061378916103,0.02638185438182619,0.07547926033536594
1521,102.433966,2.947179,Healthy,0,0.15929159273703894,0.02342720205585162,0.022772735295196373,0.0885858146680726
1522,102.437987,2.945452,Healthy,0,0.12239172475205527,0.019297490724258952,0.021414232543773122,0.08281752881076601
1523,102.434193,2.947596,Healthy,0,0.11762687067190807,0.018707079709404044,0.018307746284537844,0.06233507891496023
1524,102.437678,2.945317,Healthy,0,0.10828298909796609,0.02064747146020333,0.015742616314027045,0.11821100115776062
1525,102.436781,2.945365,Healthy,0,0.16635718113846248,0.023414642239610355,0.01631119805905554,0.10727211005157894
1526,102.438067,2.946005,Healthy,0,0.2305953105290731,0.02610560092661116,0.03184774828453859,0.2373366438680225
1527,102.438381,2.945876,Unhealthy,1,0.13637816574838427,0.03247949729363123,0.03052152693271637,0.07685137291749318
1528,102.434401,2.947521,Healthy,0,0.12985798716545105,0.016816312343709998,0.020099164090222783,0.07571265887882975
1529,102.434593,2.948007,Healthy,0,0.1677782585223516,0.0374345818741454,0.030290527269244194,0.12027293278111352
1530,102.43964,2.948967,Healthy,0,0.18516816116041607,0.02413136667261521,0.02627327934735351,0.0808440749016073
1531,102.439534,2.948356,Healthy,0,0.162417434155941,0.019336208183732297,0.020987646654248238,0.08584793243143293
1532,102.438183,2.945661,Healthy,0,0.20586978064643013,0.024870466233955488,0.01875111595210102,0.11578325844473308
1533,102.437916,2.945187,Unhealthy,1,0.16261697312196097,0.02383244006584088,0.022372879087924957,0.12060980416006511
1534,102.434124,2.94732,Healthy,0,0.17534435209300783,0.017904464879797563,0.023959673734174833,0.14233067466153038
1535,102.439576,2.94842,Healthy,0,0.1683592688706186,0.01640943768951628,0.018018762891491253,0.08608294278383255
1536,102.437786,2.945931,Healthy,0,0.17357441948519814,0.030280247744586732,0.028463409178786807,0.1107629645201895
1537,102.438228,2.945872,Healthy,0,0.1498249653312895,0.021019219006929133,0.02005439976023303,0.0981442059079806
1538,102.43945,2.948488,Healthy,0,0.1580410897731781,0.01897400410638915,0.018256690974036854,0.08580290898680687
1539,102.43752,2.945453,Healthy,0,0.14824548529254067,0.03388142689234681,0.025839876383543015,0.11186910917361577
1540,102.434434,2.947869,Healthy,0,0.12181814759969711,0.024641433213320043,0.024011171526379056,0.07241934827632374
1541,102.438532,2.946013,Healthy,0,0.15101753258042866,0.03221056113640467,0.020702943723234866,0.10260212007496092
1542,102.434672,2.94814,Healthy,0,0.09985176887777117,0.023941126859022513,0.024103125453823142,0.057464477916558586
1543,102.434196,2.947318,Healthy,0,0.21042291985617745,0.017163705805109605,0.022323688285218343,0.13030951552920872
1544,102.438144,2.945731,Healthy,0,0.2115669126311938,0.03418338526454237,0.025280089841948614,0.16072544786665174
1545,102.43745,2.945179,Healthy,0,0.1586367968055937,0.02117340566797389,0.018994078143603273,0.07021019814742936
1546,102.43776,2.945045,Healthy,0,0.13200688196553123,0.019313504712449178,0.017009745972851913,0.11703315460019642
1547,102.439571,2.948559,Healthy,0,0.1043552267882559,0.01518088299781084,0.01977668319725328,0.09124488673276371
1548,102.43928,2.948347,Healthy,0,0.09544793681965934,0.019002274196181033,0.015375988144013617,0.07043705052799648
1549,102.43443,2.948005,Healthy,0,0.15982545249991947,0.025432371223966282,0.02293498834802045,0.10775509766406483
1550,102.434196,2.947457,Healthy,0,0.11564695835113525,0.01631015052811967,0.01519389409157965,0.07083160057663918
1551,102.438234,2.945737,Healthy,0,0.17577529781394535,0.03347817642821206,0.026922266309460003,0.14843598173724282
1552,102.434594,2.947871,Healthy,0,0.1690213614039951,0.025527146748370595,0.024978531524538994,0.10767065899239646
1553,102.437916,2.945044,Healthy,0,0.11584024793571895,0.023566684996088345,0.019411588087677956,0.08101079612970352
1554,102.439416,2.948418,Healthy,0,0.15786129236221313,0.018765137013461854,0.016732875464691058,0.0865189598666297
1555,102.437799,2.944974,Healthy,0,0.1869615895880593,0.015985886255900066,0.016016966352860134,0.1404026614295112
1556,102.438145,2.945466,Healthy,0,0.10518196390734778,0.02313096448779106,0.02441982448928886,0.06843522066871326
1557,102.437249,2.944967,Healthy,0,0.13634294271469116,0.02172480213145415,0.019093090461360082,0.10991303457154168
1558,102.437599,2.945583,Healthy,0,0.1823911815881729,0.025737884143988293,0.02338136898146735,0.14621011167764664
1559,102.437674,2.945455,Healthy,0,0.16257071991761526,0.020577959198918607,0.019989372748467658,0.1356555132402314
1560,102.43416,2.947249,Healthy,0,0.2599864850441615,0.01712333628286918,0.02215731992489762,0.138455959657828
1561,102.437801,2.945795,Healthy,0,0.22420772082275814,0.024029403511020873,0.02533895667228434,0.1298917175994979
1562,102.439719,2.948972,Healthy,0,0.16053540011247,0.018934749480750825,0.021574775791830487,0.10121487081050873
1563,102.437409,2.945247,Healthy,0,0.103100443051921,0.020207705079681344,0.014325289262665642,0.06732041223181619
1564,102.437334,2.944972,Healthy,0,0.12744523170921537,0.02352303121652868,0.02331017019848029,0.09747109479374355
1565,102.434086,2.94739,Healthy,0,0.1514717439810435,0.02649995953672462,0.031074510059422918,0.07271357998251915
1566,102.439372,2.948486,Healthy,0,0.13590651916133034,0.021016650108827487,0.01683677143106858,0.08312434744503763
1567,102.438299,2.946001,Healthy,0,0.18307316303253174,0.02201570953345961,0.022973520474301443,0.1239730641245842
1568,102.437641,2.945521,Healthy,0,0.17605492969353995,0.02221961712671651,0.021446706727147102,0.13930019405153063
1569,102.437719,2.945661,Healthy,0,0.18762067291471693,0.02637500481473075,0.02211030593348874,0.12991282261080211
1570,102.439524,2.948766,Healthy,0,0.21598672370115915,0.015663573725355998,0.015603310014638636,0.05222936347126961
1571,102.437446,2.945318,Healthy,0,0.13748326814836925,0.028119201254513528,0.01732503891819053,0.10581737053063181
1572,102.438181,2.945804,Healthy,0,0.15592833939525816,0.031080748264988262,0.026365906207097903,0.14587302257617316
1573,102.438107,2.945667,Healthy,0,0.2142796450191074,0.022144809779193666,0.016100110796590645,0.12426604661676618
1574,102.437869,2.945663,Healthy,0,0.20619606309466892,0.033497525172101125,0.03619822890808185,0.10438819891876644
1575,102.437834,2.945592,Healthy,0,0.18218854731983608,0.036959223449230194,0.03907361854281691,0.10237164133124882
1576,102.437756,2.945596,Healthy,0,0.18242559333642325,0.027323249934448138,0.02355158742931154,0.10614838699499766
1577,102.437755,2.945455,Healthy,0,0.15270459155241647,0.019149446652995214,0.01745424492077695,0.1293441793984837
1578,102.437128,2.945992,Healthy,0,0.14844081385268104,0.02338186547987991,0.023369814372724958,0.09414146095514297
1579,102.436464,2.94523,Healthy,0,0.17712069633934233,0.014568566862079833,0.014284623372885916,0.10845888571606742
1580,102.434392,2.947802,Healthy,0,0.11156495329406527,0.019164015125069354,0.018450775287217565,0.07629576035671765
1581,102.43447,2.947802,Healthy,0,0.1111900947160191,0.023458796967234876,0.02227123650825686,0.08700531721115112
1582,102.434395,2.947934,Healthy,0,0.126074381172657,0.02196080982685089,0.02291695297592216,0.057020665456851326
1583,102.434165,2.947389,Healthy,0,0.13709688931703568,0.020778557906548183,0.022313984110951424,0.08664996259742314
1584,102.439343,2.948284,Healthy,0,0.10856241318914625,0.01657030928052134,0.01590640718738238,0.0774598585234748
1585,102.439082,2.946295,Healthy,0,0.1774415017830001,0.01993993462787734,0.02156573285659154,0.12811003377040228
1586,102.439047,2.946227,Healthy,0,0.10903557472758824,0.029912827122542594,0.020940212532877922,0.09815653413534164
1587,102.437117,2.946809,Healthy,0,0.10339580476284027,0.022738448344171047,0.022007775803407032,0.10997202826870812
1588,102.436753,2.947691,Healthy,0,0.07161404896113607,0.012418319367700152,0.013409515842795372,0.04485772012008561
1589,102.43704,2.94653,Healthy,0,0.09817263318432702,0.017782463174727228,0.02233033896320396,0.08649520162079069
1590,102.43309,2.949216,Healthy,0,0.17605866409010357,0.025901775600181684,0.025684224027726386,0.1006874798072709
1591,102.432893,2.94889,Healthy,0,0.23154817356003654,0.018931495025753975,0.021425097145968013,0.13225504176484215
1592,102.43912,2.946225,Healthy,0,0.12442374643352297,0.024338236699501675,0.020297252676553197,0.10459854536586338
1593,102.439275,2.946502,Healthy,0,0.16831523014439476,0.021699843203855887,0.02426562478972806,0.1364058554172516
1594,102.439007,2.946157,Healthy,0,0.10550863792498906,0.03203088790178299,0.020109362693296537,0.07652357055081262
1595,102.439043,2.94609,Healthy,0,0.11446126384867562,0.025138983089062903,0.01881135431014829,0.07969101270039876
1596,102.438887,2.946089,Healthy,0,0.1261469895641009,0.02206074870708916,0.016926906175083585,0.1123046295510398
1597,102.438966,2.946089,Healthy,0,0.12624007049534056,0.0234207088748614,0.017400276743703418,0.09783446043729782
1598,102.433694,2.946983,Healthy,0,0.09953223168849945,0.018014650688403182,0.020925588698850736,0.16377823882632786
1599,102.439467,2.946848,Healthy,0,0.13956146356132296,0.018020728499525122,0.016542073132263288,0.10410257346100277
1600,102.437003,2.946741,Healthy,0,0.11109698770774735,0.021902698402603466,0.02207501543064912,0.09943921698464288
1601,102.436842,2.946463,Healthy,0,0.08168456620640224,0.012435938956009017,0.016404954871783655,0.07585081002778477
1602,102.433184,2.946076,Healthy,0,0.14969971113734776,0.022752712170283,0.02153439737028546,0.1138810668554571
1603,102.433538,2.946565,Healthy,0,0.17542295157909393,0.01594297370562951,0.025996014268861875,0.1261086646053526
1604,102.439506,2.946938,Healthy,0,0.12083868434031804,0.018286670454674296,0.01948019013636642,0.13661486821042168
1605,102.433148,2.946,Healthy,0,0.08981458553009564,0.017121063855787117,0.021647522432936564,0.0720226259695159
1606,102.43645,2.947283,Healthy,0,0.12649733655982548,0.018034360164569482,0.01488279996232854,0.06633155792951584
1607,102.436716,2.947483,Healthy,0,0.09625795193844372,0.01777800193263425,0.02502783139546712,0.07296134283145268
1608,102.433775,2.946979,Healthy,0,0.15845454898145464,0.014128968430062136,0.018566567347281508,0.17624841133753458
1609,102.435836,2.949115,Healthy,0,0.11417995393276215,0.02392619889643457,0.015695080781976383,0.0998897072341707
1610,102.439267,2.946635,Unhealthy,1,0.1914511720339457,0.022173100254601903,0.024615671692623034,0.13412649598386553
1611,102.437114,2.94708,Healthy,0,0.14680111077096727,0.018658380438056257,0.018155962953137025,0.08985216667254765
1612,102.437276,2.94695,Healthy,0,0.08625635628898938,0.018763577979471948,0.01682173129585054,0.08748043080170949
1613,102.437008,2.946596,Healthy,0,0.10024226291312112,0.022366480591396492,0.027527779547704592,0.09604823423756494
1614,102.436368,2.947277,Healthy,0,0.10932917354835404,0.02592791234039598,0.019955457809070747,0.06268188150392638
1615,102.439081,2.946158,Healthy,0,0.0920150445567237,0.028411943051550124,0.01837974538405736,0.07658315118816164
1616,102.437196,2.94681,Healthy,0,0.09596220238341226,0.01978513826098707,0.018893041958411533,0.12468807068136004
1617,102.432508,2.948328,Healthy,0,0.15781028899881575,0.023012651751438778,0.027444580983784463,0.10870968012346162
1618,102.432898,2.948744,Healthy,0,0.21134031315644583,0.025621250064836606,0.021624046170877084,0.11925999075174332
1619,102.433535,2.946976,Healthy,0,0.12776030600070953,0.01681688293400738,0.019113209409018356,0.1024219004644288
1620,102.439428,2.946916,Healthy,0,0.14436523036824334,0.018579027098086145,0.01719046539316575,0.10828437242243025
1621,102.436564,2.947347,Healthy,0,0.09774480925665961,0.010529765497065253,0.009319298279782137,0.08270557224750519
1622,102.436443,2.947141,Unhealthy,1,0.15478981369071537,0.022820736178093486,0.019127263480590448,0.07821368881397778
1623,102.439393,2.946707,Healthy,0,0.14839056217008167,0.03088332029680411,0.027774590998888016,0.13208412130673727
1624,102.432674,2.948328,Healthy,0,0.2166132926940918,0.027838055251373187,0.0226934098949035,0.16857979695002237
1625,102.437278,2.947079,Healthy,0,0.07348420098423958,0.01687126834359434,0.01718153514795833,0.06746754464175966
1626,102.439125309,2.946093537,Healthy,0,0.10525317738453548,0.02841716818511486,0.018759693743454084,0.0840549659397867
1627,102.438968,2.946226,Healthy,0,0.12903831236892277,0.0366225339886215,0.02383794987367259,0.09563328242964214
1628,102.432743,2.948478,Healthy,0,0.1711214921540684,0.0246367822918627,0.023542491098244984,0.18275746206442514
1629,102.436923,2.946598,Healthy,0,0.11649677902460098,0.017302778342531785,0.021837478710545435,0.08914993620581096
1630,102.439274,2.94678,Healthy,0,0.1430186207095782,0.01866348698321316,0.018775668719576463,0.12722798933585486
1631,102.435572,2.948357,Healthy,0,0.19615662925773197,0.024716411613755755,0.02412115554842684,0.1788544472720888
1632,102.43912,2.946364,Healthy,0,0.19040064927604464,0.023645500755972333,0.027744738074640434,0.09501154555214776
1633,102.436527,2.947143,Healthy,0,0.17346466249889797,0.022244071277479332,0.01852807030081749,0.08023485251598889
1634,102.43683,2.947691,Healthy,0,0.07620701897475454,0.01425256311065621,0.013634609886341624,0.054319737686051264
1635,102.437196,2.946951,Healthy,0,0.1020065119696988,0.017757564472655456,0.01644695136282179,0.10437307175662783
1636,102.436665,2.947555,Unhealthy,1,0.06894256547093391,0.017335879616439342,0.02121925861057308,0.07370838936832216
1637,102.433575,2.946909,Healthy,0,0.11959328916337755,0.018591199380656082,0.015641301456424925,0.13557588474618065
1638,102.436788,2.948034,Healthy,0,0.13357571843597624,0.01336581880847613,0.017427142709493637,0.1124305095937517
1639,102.435838,2.948975,Healthy,0,0.12639826784531275,0.01998203496138255,0.015558002413147025,0.08032836061384943
1640,102.439353,2.946917,Healthy,0,0.13335316628217697,0.018640222027897835,0.016128474639521703,0.12468116978804271
1641,102.433374,2.946287,Healthy,0,0.1419625754157702,0.030609748429722257,0.025352436842189893,0.11812548339366913
1642,102.433503,2.946492,Healthy,0,0.22239574127727085,0.025600225768155523,0.030520516344242625,0.1103922492927975
1643,102.437191,2.94708,Healthy,0,0.11585607628027599,0.018159683897263475,0.018445980010761157,0.07576476368639204
1644,102.436408,2.947354,Healthy,0,0.07778090859452884,0.01667588845723205,0.011115604287220372,0.058084196928474635
1645,102.432389,2.948263,Healthy,0,0.1380926478240225,0.02247852138761017,0.02904158126976755,0.11842170937193765
1646,102.436791,2.947769,Healthy,0,0.07176091521978378,0.015338453360729747,0.021884880132145353,0.05498997701538934
1647,102.436999,2.946458,Healthy,0,0.10585613465971416,0.011675308872428205,0.016289509522418182,0.0924772901667489
1648,102.435613,2.9487,Healthy,0,0.14462226960394117,0.021381018165912893,0.02150296906216277,0.10272330169876416
1649,102.435415,2.948356,Healthy,0,0.13617760191361108,0.02071430596212546,0.021026140906744532,0.13948669698503283
1650,102.432587,2.948329,Healthy,0,0.18565436700979868,0.024065970960590575,0.02193044312298298,0.13600136505232918
1651,102.439162845,2.946159805,Healthy,0,0.1316791151960691,0.026226719634400472,0.01936437055054638,0.08902965486049652
1652,102.439046,2.946363,Healthy,0,0.21108448174264696,0.023425063739220302,0.01978198014613655,0.1305361712972323
1653,102.433495,2.946907,Healthy,0,0.13642560607857174,0.020956495983733073,0.018221024630798235,0.125176340341568
1654,102.433613,2.946712,Healthy,0,0.19460425277551016,0.02148218494322565,0.023693687592943508,0.1302316826250818
1655,102.433345,2.946357,Healthy,0,0.16979499492380354,0.025598581673370466,0.020910548667112987,0.12172629021935993
1656,102.436003,2.948978,Healthy,0,0.18195105344057083,0.030502063532670338,0.027103608681095973,0.12367638531658384
1657,102.436854,2.946185,Healthy,0,0.1055813195804755,0.016387861739430163,0.01751737989899185,0.08135836074749629
1658,102.436489,2.947214,Healthy,0,0.14787666665183175,0.018584876424736448,0.019410381507542398,0.07625588567720519
1659,102.437113,2.946668,Healthy,0,0.1328161574072308,0.022690123774939112,0.02270716718501515,0.11440893097056283
1660,102.436761,2.947558,Unhealthy,1,0.06040369512306319,0.01650616940524843,0.019381482464571793,0.07427353163560231
1661,102.435456,2.948424,Healthy,0,0.12667062547471789,0.020535379751688905,0.021622162726190355,0.14370635483000013
1662,102.439465,2.946989,Healthy,0,0.12809328900443184,0.017906484918461904,0.019143237214949396,0.12329107688532935
1663,102.436776,2.946187,Unhealthy,1,0.14393355821569762,0.01757801479349534,0.018036397794882458,0.08678188878628942
1664,102.432431,2.948327,Healthy,0,0.15222693317466313,0.022042095040281613,0.028768024924728606,0.10910609323117468
1665,102.436834,2.947962,Unhealthy,1,0.14640933523575464,0.014002908228172196,0.017132342275645997,0.08832659903499815
1666,102.432968,2.948872,Healthy,0,0.2193019605345196,0.020991778518590663,0.02465353285272916,0.11130942487054402
1667,102.438929,2.946158,Healthy,0,0.12190694113572438,0.03203521420558294,0.02261356057392226,0.09659690327114528
1668,102.433577,2.947042,Healthy,0,0.1043336143096288,0.015292917171286212,0.016634450604518253,0.12633215636014938
1669,102.437082,2.946738,Healthy,0,0.12372916771305932,0.024438269953760836,0.023165109670824476,0.11203849895132913
1670,102.439201,2.946237,Healthy,0,0.19225079897377226,0.020159075657526653,0.025504701874322362,0.10039850738313463
1671,102.436403,2.947208,Healthy,0,0.13066216227081087,0.025562841962609027,0.021413886402216222,0.0738651557928986
1672,102.435525,2.948557,Healthy,0,0.16653521110614142,0.018575224404533703,0.021039178491466574,0.1294876957933108
1673,102.439238,2.946433,Healthy,0,0.15451684594154358,0.027630676929321554,0.025517229611674946,0.10667487565014097
1674,102.435568,2.948634,Healthy,0,0.15652414328522152,0.022091657854616642,0.021630619549089007,0.10222584630052249
1675,102.433616,2.946981,Healthy,0,0.09063485513130824,0.017317946586343978,0.018063557541204825,0.10843543459971745
1676,102.437079,2.946877,Healthy,0,0.04577567469742563,0.018364313162035413,0.016176141591535673,0.05477913676036729
1677,102.436844,2.946594,Healthy,0,0.09680987728966607,0.016448770960172016,0.02179810580694013,0.07504735555913714
1678,102.43702,2.948174,Healthy,0,0.08831549766990873,0.021049041507972613,0.020254722485939663,0.08601392308870952
1679,102.433736,2.946903,Healthy,0,0.13312740872303644,0.014496578731470637,0.015998636165426836,0.15158125509818396
1680,102.433463,2.946422,Healthy,0,0.17278321087360382,0.03203514259722498,0.029438822633690305,0.10269814729690552
1681,102.439238,2.946712,Healthy,0,0.17507907251516977,0.019210127492745716,0.021529922882715862,0.10060371292961968
1682,102.433536,2.946701,Healthy,0,0.1809077618850602,0.02524310526334577,0.022909776411122747,0.1070427613125907
1683,102.436999,2.946873,Healthy,0,0.058583942552407585,0.018627821053895686,0.01800520449048943,0.061972096976306706
1684,102.433578,2.946629,Healthy,0,0.14627337372965282,0.019121665611035295,0.024470066651701927,0.1096562072634697
1685,102.433051,2.949019,Healthy,0,0.16323316593964896,0.028640409517619345,0.0269044546617402,0.1279000168045362
1686,102.437079,2.947014,Healthy,0,0.144500399629275,0.0167937060404155,0.015471301041543484,0.09076432221465641
1687,102.43677,2.946328,Unhealthy,1,0.12516079594691595,0.020608451010452375,0.019090353925195005,0.0585635325147046
1688,102.436637,2.947485,Healthy,0,0.09536291576094097,0.017523382272985246,0.024402381024426885,0.0708961437145869
1689,102.436851,2.946324,Healthy,0,0.1219992306497362,0.017519499589171674,0.018617631660567388,0.0711343524356683
1690,102.439585,2.94692,Healthy,0,0.09052583326896031,0.01914017626808749,0.017797133160962,0.10239140772157246
1691,102.437156,2.947013,Healthy,0,0.1612502651082145,0.01820487715303898,0.0176238887425926,0.0855881998108493
1692,102.437155,2.946734,Healthy,0,0.1407450023624632,0.021634027775790956,0.021657610312104225,0.12524569034576416
1693,102.432809,2.948733,Healthy,0,0.19403809143437278,0.021174454647633765,0.02567022407634391,0.11970193766885334
1694,102.43309,2.949097,Healthy,0,0.13726810862620673,0.024204293679859903,0.022200308326217864,0.1513144142097897
1695,102.435381,2.948291,Healthy,0,0.18962109751171535,0.023531669336888526,0.022861380957894854,0.13408620986673567
1696,102.437043,2.946946,Healthy,0,0.08142570157845815,0.017780950603385765,0.014849703241553571,0.06334077194333076
1697,102.43577,2.948839,Unhealthy,1,0.16189175844192505,0.022481096908450127,0.021687213331460953,0.1573182236817148
1698,102.436883,2.946668,Healthy,0,0.10313689212004344,0.019600730906758044,0.022962482025225956,0.07389701530337334
1699,102.436927,2.946737,Healthy,0,0.10203386760420269,0.019342172890901566,0.023775727798541386,0.09467813620964687
1700,102.433066,2.946016,Healthy,0,0.07134989359312588,0.01485336385667324,0.017771595157682896,0.0528469764524036
1701,102.433454,2.946687,Healthy,0,0.1264900283681022,0.02193985279235575,0.019959454321198992,0.07750549912452698
1702,102.436817,2.946123,Healthy,0,0.06397089403536585,0.014042140915989876,0.014894659630954266,0.07641872680849499
1703,102.439625,2.946992,Healthy,0,0.11749888542625639,0.020230113632149167,0.01786393475615316,0.09061723119682735
1704,102.436735,2.946258,Healthy,0,0.1782313659787178,0.023853954755597644,0.02102830054031478,0.09506747623284657
1705,102.43668,2.94605,Healthy,0,0.10625918292336994,0.016418533710141976,0.017479265626105998,0.10973937064409256
1706,102.436636,2.947763,Healthy,0,0.09286116146379048,0.01957609411329031,0.024663025616771646,0.05871964701347881
1707,102.435614,2.948557,Healthy,0,0.13576789945363998,0.01969855082117849,0.022290771413180564,0.11974079824156231
1708,102.436912,2.947967,Healthy,0,0.15360724098152584,0.015681893875201542,0.019013000031312306,0.07604178993238343
1709,102.4371,2.948173,Healthy,0,0.07195317993561427,0.016666761702961393,0.018099243545697793,0.07943894879685508
1710,102.439429,2.946777,Healthy,0,0.12078769587808186,0.020900515218575794,0.018064697066115007,0.10875297586123149
1711,102.436739,2.946122,Healthy,0,0.09113222567571534,0.01497084316280153,0.016966008581221104,0.09227186772558424
1712,102.435804,2.949045,Healthy,0,0.10369412849346797,0.024242813595467143,0.015883476990792487,0.10051428278287251
1713,102.439353,2.946778,Healthy,0,0.1222940989666515,0.019696634055839643,0.01761509467744165,0.11992509580320782
1714,102.435767,2.948975,Healthy,0,0.1334835042556127,0.019402983494930796,0.016164671215746138,0.08466807214750184
1715,102.433144,2.946287,Healthy,0,0.13533024075958464,0.0191488710956441,0.019024928514328267,0.08064875172244178
1716,102.432585,2.948604,Healthy,0,0.1685709704955419,0.04073176843424638,0.04296191222965717,0.15052920165989134
1717,102.436963,2.94639,Healthy,0,0.10247109747595257,0.013442264145447148,0.017596759729915194,0.09268487327628666
1718,102.432626,2.94826,Healthy,0,0.20683815578619638,0.027559897758894496,0.024894338928990893,0.2094696288307508
1719,102.436988,2.947966,Unhealthy,1,0.14418009337451723,0.01731915037251181,0.018834284817179043,0.0748392604291439
1720,102.43608,2.949113,Healthy,0,0.18852486378616756,0.03097804780635569,0.026616255856222577,0.11549602035019133
1721,102.43243,2.94819,Healthy,0,0.14781003114249971,0.0246539240082105,0.03087647631764412,0.09925641450617048
1722,102.436751,2.947964,Unhealthy,1,0.15186431838406456,0.013455880702369742,0.01737660604218642,0.09914348108900918
1723,102.433268,2.946359,Healthy,0,0.17508513314856422,0.02347403485327959,0.01966146245184872,0.11299861967563629
1724,102.436689936,2.946187301,Healthy,0,0.1938506778743532,0.017324070239232645,0.017808240113986865,0.1246575377881527
1725,102.435888,2.948909,Healthy,0,0.1131777639190356,0.02246472963856326,0.01802324876189232,0.08856468896071117
1726,102.436489,2.947353,Healthy,0,0.08592995214793417,0.012602451205667522,0.009631085106068187,0.07264504747258292
1727,102.436666,2.947822,Healthy,0,0.09245468344953325,0.023646445530984137,0.028022313283549413,0.09206855752401882
1728,102.436927,2.946325,Healthy,0,0.10686279584964116,0.015343459426528878,0.016494191251695156,0.08515667873952124
1729,102.433454,2.94684,Healthy,0,0.1542419476641549,0.02698562273548709,0.021538553345534537,0.09512171521782875
1730,102.432588,2.94819,Healthy,0,0.2079846958319346,0.03258578582770295,0.03837341546184487,0.21968722177876365
1731,102.436527,2.94742,Healthy,0,0.08287363375226657,0.012191399155805508,0.01044507272955444,0.07219104592998822
1732,102.43342,2.946356,Healthy,0,0.1432800086008178,0.03038491639826033,0.022655750935276348,0.09897658146089977
1733,102.433653,2.946905,Healthy,0,0.11208041591776742,0.016943246850536928,0.015408187173306942,0.1303053523103396
1734,102.435807,2.948906,Healthy,0,0.12024931857983272,0.02003912938137849,0.01625315389699406,0.09199594747689036
1735,102.436873,2.94777,Healthy,0,0.07852935997976197,0.021206899856527645,0.015925782422224682,0.06547285906142658
1736,102.433235,2.946144,Healthy,0,0.16023453407817417,0.029886219650506973,0.027253385012348492,0.1332520991563797
1737,102.43901,2.946297,Healthy,0,0.21570084161228603,0.032469229151805244,0.026372365653514862,0.14078776869508955
1738,102.435841,2.948702,Healthy,0,0.11379481520917681,0.02344815619289875,0.0283574474354585,0.11961882809797923
1739,102.433225,2.946008,Healthy,0,0.1396963389383422,0.018513181660738256,0.017161199098659888,0.08872832357883453
1740,102.433031,2.946096,Unhealthy,1,0.09100142452451918,0.0164495086711314,0.017529238222373858,0.07494240295555857
1741,102.436754,2.947826,Healthy,0,0.1136018116441038,0.020799159796701536,0.029797426114479702,0.06565124665697415
1742,102.436813,2.946257,Healthy,0,0.12194433808326721,0.01845275207112233,0.01870863512158394,0.0821223652197255
1743,102.436775,2.94605,Healthy,0,0.07360570753614108,0.015773931725157633,0.01565611207236846,0.08396507344312137
1744,102.43954,2.947129,Healthy,0,0.15359730273485184,0.016068296403520636,0.016344784965945616,0.09357977161804835
1745,102.433375,2.946564,Healthy,0,0.1562849779923757,0.02116315449691481,0.023011751679910555,0.08543661567899916
1746,102.436121,2.949185,Healthy,0,0.158169847395685,0.020706123982866604,0.022251067890061274,0.10137869252098931
1747,102.436892,2.946394,Unhealthy,1,0.10378708193699519,0.014969161504672633,0.017879223657978907,0.08327438185612361
1748,102.433263,2.946497,Healthy,0,0.18944230178991953,0.021892192049158946,0.023037457631693944,0.09351915286646949
1749,102.435924,2.949254,Healthy,0,0.1312008814679252,0.017378748291068606,0.020769473682675097,0.09171008401446873
1750,102.43681,2.946392,Unhealthy,1,0.11065934267308977,0.014174796226951811,0.014220870203442044,0.049662074281109705
1751,102.436,2.949254,Healthy,0,0.1547402466336886,0.015124836936593056,0.020208732535441715,0.08574522203869289
1752,102.435534,2.948426,Healthy,0,0.16494605441888174,0.02152224298980501,0.02148936399155193,0.16889532075987923
1753,102.436442,2.947418,Healthy,0,0.07145437060130967,0.013459302226288451,0.010961903259158134,0.07002112228009436
1754,102.436671,2.947417,Healthy,0,0.1682334972752465,0.014253872653676404,0.017238564271893766,0.07465750268763965
1755,102.432969,2.949147,Healthy,0,0.1341649451189571,0.023994955751630995,0.021618235442373488,0.1335438158777025
1756,102.432626,2.948403,Healthy,0,0.20106310231818092,0.02417416601545281,0.019491584557625983,0.1609519107474221
1757,102.435648,2.948495,Healthy,0,0.15328536762131584,0.015772663781212434,0.020410612018571958,0.1417424339387152
1758,102.435961,2.949186,Healthy,0,0.13826482991377512,0.01493088011112478,0.017684175943334896,0.08921540611320072
1759,102.4366,2.947416,Healthy,0,0.1348640579316351,0.011894439450568624,0.01300413596133391,0.07422086306744152
1760,102.436713,2.947892,Healthy,0,0.1504694347580274,0.01840419839653704,0.021673584667344887,0.09333192060391109
1761,102.437232,2.947012,Healthy,0,0.11822316961155997,0.019308485297693148,0.01807630548460616,0.07208574107951587
1762,102.435648,2.948633,Healthy,0,0.12951801386144426,0.02295178444021278,0.022415696539812617,0.09594887370864551
1763,102.439083,2.946435,Healthy,0,0.1450265140997039,0.021133895135588117,0.019672789403961763,0.08919078525569704
1764,102.432814,2.949015,Healthy,0,0.16439417997996011,0.022114411203397646,0.019702750879029434,0.12198982718918058
1765,102.435924,2.949114,Healthy,0,0.12838498502969742,0.021689721279674105,0.017118029192917876,0.10780458566215304
1766,102.435727,2.948908,Healthy,0,0.14443405717611313,0.01914700244863828,0.01789371907297108,0.10492887265152401
1767,102.436293,2.947143,Healthy,0,0.09800079382128185,0.022644440436528787,0.02031844574958086,0.0794430822134018
1768,102.433372,2.946698,Healthy,0,0.1341749131679535,0.019386346865859296,0.019351083371374343,0.0940037609802352
1769,102.439503,2.947059,Healthy,0,0.13506590823332468,0.01728149193028609,0.018230624600417085,0.12353406763739055
1770,102.436876,2.948037,Healthy,0,0.14833542042308384,0.013880679694314798,0.017646852570275467,0.10954231686062282
1771,102.43381,2.947046,Unhealthy,1,0.13281589249769846,0.014601270978649458,0.017635955268310174,0.17106172773573133
1772,102.43286,2.948806,Healthy,0,0.21753778722551134,0.019839699794020917,0.024109417676097818,0.11634689155552122
1773,102.432466,2.948397,Healthy,0,0.14305229402250713,0.01913086086925533,0.020282553508877754,0.10198704360259904
1774,102.439582,2.947058,Healthy,0,0.13388697057962418,0.018767842712501686,0.01659735105931759,0.09851942873663372
1775,102.433344,2.946214,Healthy,0,0.1391229828198751,0.03641116474237707,0.02786309603187773,0.10940469801425934
1776,102.436562,2.947619,Healthy,0,0.08209494046039051,0.0235149504409896,0.022759378059870668,0.06489207843939464
1777,102.436639,2.947347,Healthy,0,0.17421855446365145,0.014533466038604578,0.015399370135532485,0.09794330555531713
1778,102.439392,2.946846,Healthy,0,0.1408847818771998,0.019399830243653722,0.0162051764006416,0.16322607464260525
1779,102.436535,2.946046,Healthy,0,0.099127858877182,0.014012763794097636,0.022327411712871656,0.10555316425032085
1780,102.43584,2.94884,Healthy,0,0.15612221343649757,0.024570275305045977,0.02462656878762775,0.13827831546465555
1781,102.435922,2.94884,Healthy,0,0.15088294363684124,0.027166549323333636,0.02134927175939083,0.12195854468478097
1782,102.436156,2.949255,Healthy,0,0.15857106612788308,0.028466647904780176,0.02924443657199542,0.10041736645831002
1783,102.433303,2.946428,Healthy,0,0.20772717396418253,0.021977573012312252,0.021753540262579918,0.1107114131251971
1784,102.43716,2.946875,Healthy,0,0.06917352187964651,0.01908828866564565,0.017723768742548093,0.1011834450893932
1785,102.436965,2.946666,Healthy,0,0.09843349291218652,0.022236361478765804,0.02449628979795509,0.09321048027939266
1786,102.439196,2.946364,Healthy,0,0.17670811381604937,0.027264918097191386,0.03296934813261032,0.09447900868124431
1787,102.433304,2.946287,Healthy,0,0.15476349906788933,0.02735878661688831,0.02421769882655806,0.12943190501795876
1788,102.433187,2.946217,Healthy,0,0.16620646748277876,0.02458532340824604,0.0292349254919423,0.1447925716638565
1789,102.435688,2.948558,Healthy,0,0.09653024334046575,0.019452034185330074,0.022282074102097087,0.10028158873319626
1790,102.439239,2.946302,Healthy,0,0.1839983214934667,0.02555494217409028,0.03178261944817172,0.0958546722928683
1791,102.436566,2.947219,Healthy,0,0.15482293400499555,0.016104217618703842,0.019404900156789355,0.09205692302849558
1792,102.432544,2.948398,Healthy,0,0.16821812589963278,0.02396687575512462,0.023786630067560408,0.10746633095873727
1793,102.439662,2.947064,Healthy,0,0.16436949206723106,0.02090635181715091,0.01861262321472168,0.10654422226879331
1794,102.433224,2.946428,Healthy,0,0.18927714311414295,0.016840189695358276,0.02130557544943359,0.08741415292024612
1795,102.43604,2.949049,Healthy,0,0.17714202569590676,0.03412282632456885,0.02972636827164226,0.11181366195281346
1796,102.436924,2.946458,Healthy,0,0.09430915531184939,0.013277338196833929,0.01803554418600268,0.09744322217173046
1797,102.439546,2.946986,Healthy,0,0.11184314721160465,0.019097046098775335,0.01862369239744213,0.10734031597773235
1798,102.435733,2.948496,Healthy,0,0.08891439934571584,0.0240869362735086,0.023714207319749728,0.0903392947382397
1799,102.4392,2.946506,Healthy,0,0.14897021568483776,0.020617123175826337,0.020952326763007376,0.10905477321810192
1800,102.437115,2.946951,Healthy,0,0.10466839290327495,0.01763271592143509,0.015866244832674663,0.07555595950947867
1801,102.432466,2.948256,Healthy,0,0.1435740234123336,0.026182003112302885,0.037356751039624214,0.09871812909841537
1802,102.436987,2.948108,Healthy,0,0.11814116107092963,0.018756373061074152,0.01790032059782081,0.1163733411166403
1803,102.433417,2.946767,Healthy,0,0.1430718335840437,0.026753259408805106,0.021209858150945768,0.07652315414614147
1804,102.436713,2.947766,Healthy,0,0.08691650877396266,0.01799830473545525,0.025865414904223546,0.05454958933922979
1805,102.435653,2.948765,Healthy,0,0.15559933500157463,0.020255991982089147,0.019895472874244053,0.13069335454040104
1806,102.436001,2.949116,Healthy,0,0.16075332876708773,0.027011194369859166,0.02268446267892917,0.11831628531217575
1807,102.435688,2.948839,Healthy,0,0.1569303356938892,0.01855742248396079,0.016146546954082117,0.146353247265021
1808,102.432776,2.948945,Healthy,0,0.20251886381043327,0.022752956487238407,0.02535223246862491,0.1366031352016661
1809,102.433375,2.946426,Healthy,0,0.18508128656281364,0.033204936525887914,0.028937736940052774,0.11469524684879515
1810,102.433347,2.946492,Healthy,0,0.183320385714372,0.028318933728668425,0.026566729777389102,0.09745046827528211
1811,102.437067,2.948103,Healthy,0,0.0952547440926234,0.01966152402261893,0.01891078965531455,0.10018905086649789
1812,102.435338,2.948218,Healthy,0,0.1482424313823382,0.02665732242166996,0.022798338904976845,0.09371670459707578
1813,102.436948,2.94818,Healthy,0,0.1309568410118421,0.028592067253258493,0.02139119203719828,0.11671463317341274
1814,102.433011,2.949084,Healthy,0,0.15760703716013166,0.025896195736196306,0.021692941793137126,0.1363600997461213
1815,102.439144,2.946294,Healthy,0,0.17679430875513288,0.021342362380690046,0.027516426518559456,0.10857021229134665
1816,102.436667,2.947688,Healthy,0,0.060874465852975845,0.014356250253816446,0.018229482798940606,0.0470281628270944
1817,102.432707,2.948802,Healthy,0,0.16665291289488474,0.029245949660738308,0.040562306634253927,0.12781483266088697
1818,102.435733,2.948632,Healthy,0,0.07618413865566254,0.021861411424146757,0.02283075141410033,0.08703214509619607
1819,102.436658,2.946121,Healthy,0,0.1284868319829305,0.014423058678706488,0.020870838935176533,0.10088228434324265
1820,102.439622,2.947128,Healthy,0,0.1591220630539788,0.017993359205623467,0.016217185494800408,0.10420199566417271
1821,102.436581,2.946119,Healthy,0,0.13595469295978546,0.013565017220874628,0.021233641645974584,0.10283946494261424
1822,102.435804,2.948769,Healthy,0,0.1788572511739201,0.025298673038681347,0.027985614207055833,0.13842387662993538
1823,102.433734,2.94705,Healthy,0,0.11777697917487887,0.015996762447886996,0.019203938957717683,0.1732903238799837
1824,102.439312,2.94671,Healthy,0,0.14760721060964796,0.021736985072493553,0.02315790785683526,0.10663015229834451
1825,102.43285,2.948664,Healthy,0,0.25384889708624947,0.024906627006000943,0.021544818455974262,0.1528705490960015
1826,102.436562,2.94749,Healthy,0,0.09573739518721898,0.019746922680901155,0.0182296313966314,0.06703678104612562
1827,102.432736,2.948877,Healthy,0,0.1486854925751686,0.030586704818738833,0.040257945449815855,0.1364295333623886
1828,102.435577,2.948222,Healthy,0,0.23397449652353922,0.028213947804437742,0.030637934390041564,0.16332319544421303
1829,102.435882,2.949185,Healthy,0,0.13402002884282005,0.01636234474264913,0.01588072720915079,0.08951882935232586
1830,102.435419,2.948219,Healthy,0,0.1837141497267617,0.0269166665772597,0.02279894467857149,0.1029320971833335
1831,102.432349,2.94819,Healthy,0,0.12761139455768797,0.017867178345719974,0.02171673605011569,0.11047013683451547
1832,102.43943,2.947061,Healthy,0,0.15473371164666283,0.02046613095121251,0.021069780612985294,0.07947570665015115
1833,102.436914,2.947834,Healthy,0,0.11104249623086718,0.0208137941857179,0.014872280466887686,0.07017157392369376
1834,102.435885,2.949045,Healthy,0,0.1092028377784623,0.025875831643740337,0.016953359875414107,0.10747096604771084
1835,102.439156897,2.94643387,Healthy,0,0.15318602820237479,0.022285482328799035,0.021257928986516263,0.0939916322628657
1836,102.436832,2.948105,Healthy,0,0.13062522229221132,0.01577798556536436,0.02099576426876916,0.11464015146096547
1837,102.439277,2.946365,Healthy,0,0.14617009295357597,0.033807397509614624,0.03274841151303715,0.09484875119394726
1838,102.433149,2.946148,Healthy,0,0.16548998571104473,0.02097557961112923,0.024453234755330615,0.15561356561051476
1839,102.432512,2.948188,Healthy,0,0.16344894137647417,0.029745751577946875,0.03639727272093296,0.11077505515681373
1840,102.435727,2.948767,Healthy,0,0.1719138820966085,0.024704165963662997,0.025245502073731687,0.14754238310787413
1841,102.435768,2.948708,Healthy,0,0.11069880591498481,0.026441694961653814,0.029044861180914774,0.10423178805245294
1842,102.433184,2.946361,Healthy,0,0.15358848373095194,0.01734372414648533,0.015659644371933408,0.07407537599404652
1843,102.433456,2.946568,Healthy,0,0.19377868788109887,0.015194461887909306,0.025140769365761016,0.10859331736962001
1844,102.436886,2.946528,Healthy,0,0.10853117207686107,0.013966983287698694,0.019999891933467653,0.08926103346877629
1845,102.435696,2.94842,Healthy,0,0.21553487413459355,0.02231908817258146,0.022748897473017376,0.15795502563317618
1846,102.432889,2.949003,Healthy,0,0.16994912922382355,0.022844862813750904,0.021463459461099572,0.10608206275436613
1847,102.439161365,2.946573779,Healthy,0,0.14905334098471534,0.01665197778493166,0.019159024995234277,0.09727996173832151
1848,102.435576,2.948493,Healthy,0,0.1709178230828709,0.015148878718415896,0.02073303796350956,0.1474454187684589
1849,102.435963,2.948911,Healthy,0,0.13750371833642325,0.026877979851431318,0.020914524276223447,0.10597864207294252
1850,102.432707,2.948393,Healthy,0,0.21938615871800315,0.02593504720264011,0.01709396154102352,0.17539514270093706
1851,102.436617,2.946185,Healthy,0,0.16481277346611023,0.017682425781256624,0.017384907955096826,0.10081326216459274
1852,102.433268,2.946216,Healthy,0,0.14983662962913513,0.03263232629332277,0.0301299463543627,0.1219585711757342
1853,102.435924,2.948974,Healthy,0,0.10957020438379711,0.023767957256899938,0.019367410904831357,0.08525196545653874
1854,102.433623,2.946828,Healthy,0,0.15549906426005894,0.014092924383779367,0.015026675744189156,0.13277029991149902
1855,102.43691,2.948104,Healthy,0,0.11657031211588118,0.017175130649573274,0.018445124435755942,0.11308029211229748
1856,102.435692,2.948701,Healthy,0,0.12677858769893646,0.0267633559803168,0.026264632120728493,0.10088034429483944
1857,102.435887,2.948767,Healthy,0,0.16519109739197624,0.02687912413643466,0.025630668840474553,0.12561728888087803
1858,102.436078,2.949253,Healthy,0,0.1624247150288688,0.021684737772577338,0.024740278927816287,0.08917858368820614
1859,102.43259,2.948472,Healthy,0,0.1809616121980879,0.026773425646954112,0.026344161066744063,0.15638883163531622
1860,102.436692449,2.94631689,Healthy,0,0.1290358098016845,0.023415804219742615,0.017154026983512774,0.059219297849469714
1861,102.432545,2.948259,Healthy,0,0.18785438272688124,0.030666976753208373,0.035742916580703527,0.17346798297431734
1862,102.439508,2.946782,Healthy,0,0.14478743655814064,0.020138787002199225,0.0174506235246857,0.11364223062992096
1863,102.439357,2.946507,Healthy,0,0.19360113640626272,0.029428071445888944,0.02731037615901894,0.14877633336517546
1864,102.435615,2.948423,Healthy,0,0.20890586657656562,0.02113846710158719,0.021563728029529255,0.16322685115867192
1865,102.436954,2.947901,Healthy,0,0.12173555625809564,0.016775589746733505,0.018285066096319094,0.06711024749610159
1866,102.435499,2.948353,Healthy,0,0.14681075347794426,0.02496370838748084,0.02460326337152057,0.16462548077106476
1867,102.435651,2.948356,Healthy,0,0.23377555774317849,0.022879301466875605,0.021908733993768692,0.172787735859553
1868,102.439392,2.946574,Healthy,0,0.19655153155326843,0.030148458770579763,0.027905867745478947,0.14847790284289253
1869,102.432663,2.948729,Healthy,0,0.19694253305594125,0.023160281280676525,0.02840788910786311,0.13498762167162365
1870,102.436871,2.948176,Healthy,0,0.15150957802931467,0.030234677717089653,0.023519068542453978,0.13506422109074062
1871,102.436889,2.946261,Healthy,0,0.12132037348217434,0.016647877275115915,0.015578911432789432,0.0751544940802786
1872,102.436828,2.947828,Healthy,0,0.11943058959311909,0.018202245235443115,0.01835001663615306,0.06852129350105922
1873,102.435616,2.948289,Healthy,0,0.22931117647224003,0.024199227492014568,0.02491187262866232,0.16995719406339857
1874,102.439545,2.946848,Healthy,0,0.09927878197696474,0.01782633022715648,0.017375529950691596,0.09665829274389479
1875,102.439697,2.947131,Healthy,0,0.164100824130906,0.018420428555044863,0.015254972399108939,0.11286344544755088
1876,102.436039,2.949185,Healthy,0,0.15078426235251957,0.017313767017589674,0.01991718179649777,0.09284831831852595
1877,102.439393,2.946986,Healthy,0,0.1320095749364959,0.016937891952693462,0.017042330983612273,0.11003292683098051
1878,102.436795,2.94789,Healthy,0,0.15522058722045687,0.01809760783281591,0.02063165998293294,0.08593346592452791
1879,102.433297,2.946563,Healthy,0,0.14880123072200352,0.02134452180729972,0.02432967598239581,0.07871920118729274
1880,102.439433,2.946644,Healthy,0,0.1885860843790902,0.03659933163887925,0.03251759004261759,0.16001553585131964
1881,102.436528,2.947283,Healthy,0,0.1325188320544031,0.014940525198148357,0.016129711125459936,0.07120196107361051
1882,102.432967,2.949009,Healthy,0,0.16025393704573312,0.026003037268916767,0.026272994155685108,0.10106129530403349
1883,102.439308871,2.946435838,Healthy,0,0.15520378367768395,0.027250814769003127,0.029245302081108093,0.13547415948576397
1884,102.433505,2.946766,Healthy,0,0.16536646998590893,0.025235598492953513,0.020656508910987113,0.08339427949653731
1885,102.436946,2.948036,Healthy,0,0.14950400011407006,0.016043854773872428,0.018142990354034636,0.10965554333395428
1886,102.436523,2.947554,Healthy,0,0.08983212874995337,0.028487797102166548,0.02322252829455667,0.07517367560002539
1887,102.432818,2.948878,Healthy,0,0.22388936579227448,0.023577598130537405,0.027625576903422672,0.14859160284201303
1888,102.433537,2.946833,Healthy,0,0.12985057052638796,0.017605157672531076,0.015295254583987925,0.1366232033405039
1889,102.432893,2.949145,Healthy,0,0.1425831268231074,0.029300250940852694,0.02376972883939743,0.1343881297442648
1890,102.435461,2.948286,Healthy,0,0.2019269284274843,0.023992953408095572,0.023696559791763622,0.1298738420009613
1891,102.43735,2.94708,Unhealthy,1,0.0671374864048428,0.01518319578220447,0.016134328726265166,0.0720139021674792
1892,102.435538,2.94829,Healthy,0,0.23289565907584298,0.02577186603513029,0.029452711964646976,0.14995048277907902
1893,102.435494,2.948491,Healthy,0,0.14418168614308038,0.01679665150327815,0.020189690817561414,0.13284704751438564
1894,102.432506,2.948461,Healthy,0,0.16938198771741655,0.02828123192820284,0.0290817374156581,0.10277787430418862
1895,102.436599,2.947555,Healthy,0,0.08201394395695792,0.02000137097719643,0.020269142360323004,0.07094676088955668
1896,102.435766,2.948559,Healthy,0,0.06257975184255177,0.02561945654451847,0.027394475208388433,0.07373954107364018
1897,102.436596,2.947686,Healthy,0,0.0732280169096258,0.01814107017384635,0.022128924830920167,0.04918344153298272
1898,102.433341,2.946635,Unhealthy,1,0.14174905916055044,0.019462699587974284,0.022213774008883372,0.090278137061331
1899,102.433224,2.94629,Healthy,0,0.14708691752619213,0.02396233721325795,0.022190454312496714,0.09862783468431896
1900,102.439309,2.946847,Healthy,0,0.13133683800697327,0.019888398961888418,0.016074941390090518,0.1831361461016867
1901,102.439357,2.946642,Healthy,0,0.1965358472532696,0.03669188440673881,0.03392393969827228,0.1587381304966079
1902,102.439312,2.946579,Healthy,0,0.20041858322090572,0.028398053099711735,0.02753652735716767,0.15316308786471686
1903,102.439124,2.946506,Healthy,0,0.12857100615898767,0.02102263520161311,0.021015130604306858,0.09667458136876424
1904,102.436645,2.947623,Healthy,0,0.04488425784640842,0.015093001330064403,0.01670744839227862,0.04999699153833919
1905,102.432858863,2.949089699,Healthy,0,0.14653555221027798,0.03617873684399658,0.027563058253791597,0.12619280318419138
1906,102.433007,2.94922,Healthy,0,0.14100799543990028,0.022665351836217776,0.021856766401065722,0.10763124293751186
1907,102.432921,2.949217,Healthy,0,0.1354595339960522,0.026609228923916817,0.023509021020597883,0.1273084415329827
1908,102.433011,2.948948,Healthy,0,0.17760537564754486,0.026402931039532024,0.0314461760636833,0.09503208597501119
1909,102.435493,2.948215,Healthy,0,0.2272583527697457,0.025179233608974352,0.025559537940555148,0.12164761953883702
1910,102.435901,2.946455,Unhealthy,1,0.08469949000411564,0.022500801210602123,0.01945055617640416,0.08441397878858778
1911,102.431948,2.948181,Healthy,0,0.08721737563610077,0.015223309811618593,0.012723783186326424,0.05500036933355861
1912,102.4402,2.948703,Healthy,0,0.13357777314053643,0.017547740704483457,0.018377237539324496,0.11076331759492557
1913,102.43541,2.94501,Healthy,0,0.13382571025027168,0.015587946710487207,0.01729728716115157,0.07848929117123286
1914,102.440194,2.949118,Unhealthy,1,0.10361814291940795,0.016283818934526708,0.015171397477388382,0.0813938822183344
1915,102.440197,2.948982,Healthy,0,0.11949470390876134,0.016814620854953926,0.016771928096810978,0.10043223781718148
1916,102.436293,2.946865,Healthy,0,0.1238393560051918,0.0244053326961067,0.027276806326376066,0.060761358588933945
1917,102.432344,2.948874,Healthy,0,0.14116163634591633,0.019843706033296056,0.022075088280770514,0.0729617869688405
1918,102.440107,2.948986,Healthy,0,0.12898226744598812,0.017362843060659036,0.017161275467111006,0.08101085242297915
1919,102.436096,2.946937,Healthy,0,0.09864241960975859,0.01531536639150646,0.011745957761175103,0.07505409999026193
1920,102.440389,2.949191,Healthy,0,0.1198418786128362,0.017311360066135723,0.01357133634802368,0.06123510872324308
1921,102.435868,2.945693,Healthy,0,0.12731566114558113,0.019148766580555174,0.01715992742942439,0.05804403705729379
1922,102.438222,2.946277,Healthy,0,0.15364246235953438,0.025696016020245023,0.023354811800850764,0.13178477022382948
1923,102.44016,2.948776,Healthy,0,0.19513502799802357,0.016086254165404372,0.01830760296434164,0.11724287933773464
1924,102.440234,2.949189,Healthy,0,0.10072522693210179,0.02425111871626642,0.019045019522309303,0.04905253855718507
1925,102.440354,2.949268,Healthy,0,0.12987200998597676,0.022229311159915395,0.018708655817641154,0.06637656895650758
1926,102.432106,2.948596,Healthy,0,0.10105119314458635,0.01909349299967289,0.016245974124305777,0.06791762676503924
1927,102.432185,2.948595,Healthy,0,0.12592313604222405,0.0193484661479791,0.016040217648777697,0.08304314646455976
1928,102.432225,2.948666,Healthy,0,0.1940888977713055,0.016616702493694093,0.014714295148021646,0.10866415914562014
1929,102.439962,2.948706,Healthy,0,0.09909896883699629,0.01907558801273505,0.01932625017232365,0.09166395415862401
1930,102.432263,2.948736,Healthy,0,0.1562903126080831,0.015008266187376447,0.02078095119860437,0.10211528672112359
1931,102.436215,2.946868,Healthy,0,0.12377784815099505,0.02275970009052091,0.02904572296473715,0.05833775384558572
1932,102.432265,2.948598,Healthy,0,0.186738021671772,0.018919544501437083,0.016576547486086685,0.12595959587229622
1933,102.432388,2.948939,Healthy,0,0.13268407765361998,0.02087649806506104,0.020053970627486706,0.08200657988588016
1934,102.440234,2.94905,Healthy,0,0.0886717467672295,0.016011103263331786,0.011696274288826518,0.09596784537037213
1935,102.440082,2.948777,Healthy,0,0.19560418112410438,0.015111273051136069,0.016308618812925287,0.1008942508035236
1936,102.440233,2.948916,Healthy,0,0.1321423484219445,0.015981461335387494,0.016496850177645683,0.08353529787725872
1937,102.435832,2.945766,Healthy,0,0.12318712886836794,0.017788294806248613,0.017044164550801117,0.06678711333208615
1938,102.432307,2.948666,Healthy,0,0.21174397899044883,0.018076755106449127,0.019417875963780615,0.14018084357182184
1939,102.438227,2.946147,Healthy,0,0.1753410432073805,0.023010186437103484,0.020891254560814962,0.2016110254658593
1940,102.436173,2.9468,Healthy,0,0.09642022185855442,0.018460888260354597,0.025497579119271703,0.05579066856039895
1941,102.432302,2.948802,Unhealthy,1,0.14002577629354265,0.015819523483514786,0.022627117940121226,0.09496454522013664
1942,102.438334,2.946352,Healthy,0,0.16523057387934792,0.025541421853833728,0.025024729263451364,0.1319295648071501
1943,102.435445,2.944939,Healthy,0,0.10170561157994801,0.0177976181730628,0.01803203982611497,0.0679140691128042
1944,102.440199,2.948845,Healthy,0,0.19238539040088654,0.014617619311643971,0.01851091171718306,0.0880287413795789
1945,102.432108,2.948463,Healthy,0,0.07831373231278525,0.022173089078731008,0.015124286835392317,0.1001637230316798
1946,102.440272,2.949256,Healthy,0,0.12632956273025936,0.028410421270463202,0.023349403196738824,0.062301326957013875
1947,102.440107,2.948848,Healthy,0,0.1742359780602985,0.014298505563702848,0.015585817707081636,0.09217994660139084
1948,102.43614,2.946732,Healthy,0,0.04913637083437708,0.009436833672225475,0.013219853035277791,0.04616918952928649
1949,102.435634,2.945423,Healthy,0,0.10763338456551234,0.017773716503547296,0.016337196860048506,0.0793519342939059
1950,102.435838,2.945351,Healthy,0,0.08365015354421404,0.01741392444819212,0.022866605781018734,0.08612058270308706
1951,102.436293,2.946997,Unhealthy,1,0.08993537806802326,0.017075502831074927,0.015052012478311857,0.07859608406821887
1952,102.435365,2.944935,Healthy,0,0.09771886633502112,0.01765518273330397,0.018048031773004267,0.10000407861338721
1953,102.438298,2.94628,Healthy,0,0.14772043294376797,0.026109565877252154,0.022942113793558545,0.15139823820855883
1954,102.435679,2.945352,Healthy,0,0.1170255227221383,0.01776265073567629,0.017416060695217714,0.06540818678008185
1955,102.438066,2.946277,Healthy,0,0.1456223511033588,0.028135287678904004,0.026445766496989462,0.10653850105073717
1956,102.435701,2.946242,Healthy,0,0.1353970600499047,0.017037434606916375,0.015422959398064349,0.11336752027273178
1957,102.436032,2.945698,Healthy,0,0.12116078039010365,0.014609270936085118,0.01424175076600578,0.05605296749207708
1958,102.43203,2.94832,Healthy,0,0.07746335119009018,0.01456196005973551,0.017370864128073055,0.05179415767391523
1959,102.435983,2.946457,Healthy,0,0.1130572176641888,0.026565382050143346,0.02554894404278861,0.08732795301410887
1960,102.440431,2.94912,Healthy,0,0.08200467667645878,0.01422596402052376,0.012225782498717308,0.06433803670936161
1961,102.436254,2.946797,Healthy,0,0.10553935335742103,0.021753948078387313,0.028989412925309606,0.055257940044005714
1962,102.43211,2.948321,Healthy,0,0.1022731504506535,0.014330393220815394,0.019862053501937125,0.05423042881819937
1963,102.432425,2.948872,Healthy,0,0.1582350797123379,0.017613910862969026,0.020290184041692153,0.09613483937250243
1964,102.438254,2.946487,Healthy,0,0.17505646662579644,0.025555748492479324,0.02205245527956221,0.11334050032827589
1965,102.432432,2.947916,Healthy,0,0.20161238312721252,0.029978187961710825,0.029510598215791915,0.19700658321380615
1966,102.435792,2.946111,Healthy,0,0.1505785526500808,0.019928636236323252,0.017135519430869155,0.11198152353366216
1967,102.438062,2.946141,Healthy,0,0.18962323168913522,0.02273127529770136,0.021417708446582157,0.15581638945473564
1968,102.432379,2.9488,Healthy,0,0.14283823470274606,0.01910940216233333,0.028034267119235463,0.12424146839314038
1969,102.435715,2.946118,Healthy,0,0.18219555831617779,0.017293617957168154,0.016006188260184392,0.11543601089053684
1970,102.432271,2.947509,Healthy,0,0.10429486963484022,0.023393734875652526,0.019449694806502923,0.05819715393914117
1971,102.436134,2.947005,Unhealthy,1,0.09338856488466263,0.015959260674814384,0.016593544847435422,0.07192964520719317
1972,102.432423,2.94901,Healthy,0,0.10417708340618345,0.022142194004522428,0.01900516450405121,0.08736488388644324
1973,102.437989,2.946135,Healthy,0,0.1947823100619846,0.03235750790271494,0.03511102166440752,0.14211118304067188
1974,102.440276,2.949126,Healthy,0,0.0704130849076642,0.01671716229369243,0.011737005164225897,0.062420188552803464
1975,102.431995,2.947438,Unhealthy,1,0.16816896034611595,0.016249720835023455,0.014329191711213853,0.0724239196214411
1976,102.43637,2.947003,Healthy,0,0.09422764182090759,0.017106514010164473,0.015069881350629859,0.09715380436844295
1977,102.438333544,2.946764666,Healthy,0,0.2185499353541268,0.017740480394826993,0.017309126651121512,0.10413532621330684
1978,102.432229,2.947708,Healthy,0,0.11876980049742593,0.03728669509291649,0.027548677391476102,0.0881675419708093
1979,102.437948,2.94607,Healthy,0,0.22454946239789328,0.030414775841765933,0.03627804625365469,0.15166309061977598
1980,102.432428,2.947777,Healthy,0,0.22571205182207954,0.03044271386331982,0.03158899458746115,0.1119942818250921
1981,102.440002,2.948778,Healthy,0,0.19664350897073746,0.016574885903133288,0.017291379161179066,0.09634589983357324
1982,102.432273,2.947635,Healthy,0,0.1296120079027282,0.0315984437863032,0.02223584076596631,0.0884505125383536
1983,102.43633,2.94694,Healthy,0,0.10495697955290477,0.019210874206489988,0.01620440919780069,0.06816397400365935
1984,102.440432,2.949256,Healthy,0,0.12718560049931207,0.017515991400513384,0.014564842192663087,0.06771917558378643
1985,102.432117,2.947648,Healthy,0,0.14809523936774996,0.03486714719070329,0.020090661322077114,0.11744474619626999
1986,102.440041,2.948709,Healthy,0,0.11977672742472754,0.01829736390047603,0.01805929063508908,0.08225538581609726
1987,102.440392,2.949047,Healthy,0,0.0772999876903163,0.01587168365303013,0.010188637301325798,0.07565387503968345
1988,102.432072,2.948395,Healthy,0,0.08936143004231983,0.015507129952311516,0.017866311284403007,0.061779926220575966
1989,102.440552,2.949334,Healthy,0,0.09964782661861843,0.013916217308077548,0.016039348414374724,0.07521313677231471
1990,102.440511,2.949261,Healthy,0,0.1007152795791626,0.017965739592909813,0.01519048348483112,0.06841634462277095
1991,102.440077,2.94891,Healthy,0,0.11696231365203857,0.01601454760465357,0.0145888760065039,0.07220831844541761
1992,102.432195,2.947642,Healthy,0,0.14542537596490648,0.03750318309499158,0.02222281942764918,0.10971816546387142
1993,102.432357,2.947645,Healthy,0,0.11453928053379059,0.0279803058753411,0.02045632340013981,0.07723583612177107
1994,102.431948,2.948324,Healthy,0,0.06531539393795861,0.013183471850223012,0.014927555289533403,0.06011247759064039
1995,102.432472,2.947986,Healthy,0,0.19752364191744062,0.029475931285156146,0.03252443050344785,0.12205711007118225
1996,102.440239,2.948775,Healthy,0,0.20013693968454996,0.01758624789201551,0.020793548474709194,0.13270754367113113
1997,102.432387,2.94867,Healthy,0,0.21191122548447716,0.029459422040316794,0.030177500305904284,0.13784588045544094
1998,102.43585,2.946388,Unhealthy,1,0.09525929639736812,0.02156351651582453,0.01840471052047279,0.09229685366153717
1999,102.435951,2.945836,Healthy,0,0.10903380066156387,0.01935222341368596,0.020712105764283076,0.07544683209723896
2000,102.438601,2.946972,Healthy,0,0.15969894495275286,0.01909713095260991,0.018321455973717902,0.12670432693428463
2001,102.435679,2.94549,Healthy,0,0.09368677934010823,0.020777040678593848,0.01829419367843204,0.10221420228481293
2002,102.432193,2.947778,Healthy,0,0.11354221983088388,0.037532367226150304,0.02605556572477023,0.10066614631149504
2003,102.440004,2.948642,Healthy,0,0.09745587242974176,0.019147128901547857,0.01835024853547414,0.08868265648682912
2004,102.43575,2.946318,Healthy,0,0.11679115808672375,0.015865837327308126,0.016235560592677858,0.09010907759269078
2005,102.432545,2.947988,Healthy,0,0.22032894690831503,0.029266293884979352,0.030692557700806193,0.20649878846274483
2006,102.436018,2.946526,Healthy,0,0.09956735538111793,0.01894369436841872,0.017406850949757628,0.07719544072945912
2007,102.43599,2.945624,Unhealthy,1,0.12041367093722026,0.021243515527910657,0.012849752480785051,0.0696264219780763
2008,102.432036,2.948182,Healthy,0,0.09827159262365764,0.02008732770466142,0.015946738214956388,0.0587829053401947
2009,102.440159,2.948913,Healthy,0,0.1365254670381546,0.015453695630033812,0.017597170339690313,0.07270674117737347
2010,102.438565,2.946904,Healthy,0,0.15426477707094616,0.018738871440291405,0.020458540982670255,0.14576922936571968
2011,102.432035,2.947369,Healthy,0,0.15023986167377895,0.02145768091496494,0.019119135104119778,0.11586939460701412
2012,102.438685,2.946975,Healthy,0,0.2192320144838757,0.014451385889616277,0.012919701118436124,0.09926387088166343
2013,102.439884,2.94843,Healthy,0,0.08677853809462653,0.026278932682342,0.026841410332255893,0.07130430473221673
2014,102.435849,2.946515,Unhealthy,1,0.06511172238323423,0.015363135995964209,0.012632964903281795,0.06597947825988133
2015,102.431986,2.948254,Healthy,0,0.08702931015027894,0.016350667509767745,0.012813067477610376,0.053924019965860576
2016,102.435829,2.946038,Healthy,0,0.1300757047202852,0.01748134671813912,0.016660905339651637,0.14643082353803846
2017,102.432351,2.948049,Healthy,0,0.15318594210677677,0.021959990469945803,0.023045012623899512,0.07206524246268803
2018,102.43837,2.946829,Healthy,0,0.25735432075129616,0.01882694268392192,0.021276040106183954,0.10461803028980891
2019,102.438183,2.946211,Healthy,0,0.1487372186448839,0.023877005817161664,0.021766118084390957,0.14770014749632943
2020,102.432158,2.947298,Healthy,0,0.13844471838739184,0.024040580830640264,0.02712260579897298,0.12283507982889812
2021,102.438141,2.946413,Healthy,0,0.20826511747307247,0.03411689504153199,0.03329235874116421,0.11504664603206846
2022,102.440106,2.948705,Unhealthy,1,0.12786992722087437,0.01826331454018752,0.017667289616333112,0.08549368215931787
2023,102.438218,2.946555,Healthy,0,0.11755184001392788,0.021897235264380772,0.019767812142769497,0.10837625629372066
2024,102.440273,2.948985,Healthy,0,0.10833493371804555,0.017402955434388585,0.012559407804575231,0.09017997235059738
2025,102.438021,2.946073,Healthy,0,0.1986659434106615,0.030789930787351396,0.03476435773902469,0.16013761361440024
2026,102.438178,2.946486,Healthy,0,0.18257507102357018,0.027505553224020533,0.02377581803335084,0.11390733139382468
2027,102.438022,2.946208,Healthy,0,0.16574551579025057,0.026654675602912903,0.024238795042037964,0.14703205227851868
2028,102.435868,2.945837,Healthy,0,0.09600912365648481,0.02126026391569111,0.01917435818662246,0.06756466751297314
2029,102.435941,2.94666,Unhealthy,1,0.058035582717922,0.013494082416097323,0.015450850491308503,0.05677215548025237
2030,102.432515,2.947921,Healthy,0,0.2111399918794632,0.03040777188208368,0.029364345802201167,0.223971512582567
2031,102.43602,2.946793,Healthy,0,0.11670966694752376,0.013945726005153524,0.015744858990526862,0.06380479120545918
2032,102.432077,2.947298,Healthy,0,0.13263831122053993,0.026564283296465874,0.027182254733310804,0.12400898668501112
2033,102.435868,2.945419,Healthy,0,0.1343919096721543,0.017885881890025403,0.018515319356487855,0.06474375973145167
2034,102.432073,2.947572,Unhealthy,1,0.1347261220216751,0.026685453330477078,0.014281354637609588,0.10025644054015477
2035,102.435985,2.946313,Healthy,0,0.07832817277974552,0.016421939246356487,0.018869537032312818,0.06799722380108303
2036,102.435829,2.946178,Healthy,0,0.09791975633965598,0.021520997915003035,0.01824956614938047,0.10776722182830174
2037,102.436406,2.947076,Healthy,0,0.1280839459763633,0.019984299937884014,0.016942209253708523,0.10012033995654848
2038,102.440314,2.948915,Healthy,0,0.13183623469538158,0.016283975396719243,0.01441327648030387,0.0852998404039277
2039,102.436211,2.947002,Healthy,0,0.09181023140748341,0.01726544772585233,0.01595341869526439,0.07446117119656669
2040,102.432469,2.94785,Healthy,0,0.23995268013742235,0.029382890090346336,0.027360214127434626,0.21259871953063542
2041,102.4325,2.949006,Healthy,0,0.14671871728367275,0.02400299244456821,0.020168816049893696,0.11392097092337078
2042,102.435871,2.945558,Healthy,0,0.1789104955063926,0.0223540093542801,0.019913944622708693,0.061983817567427955
2043,102.438455,2.946561,Healthy,0,0.14291344748602974,0.023454244145088725,0.018106931406590674,0.1129254400730133
2044,102.43997,2.948292,Healthy,0,0.12192420744233662,0.019138974241084523,0.02779186123775111,0.11715405434370041
2045,102.436027,2.945973,Healthy,0,0.0922058406803343,0.017228163157900173,0.019020335748791695,0.0922506774465243
2046,102.436023,2.946384,Healthy,0,0.09421614309151967,0.01992027275264263,0.020292447155548468,0.08020383533504274
2047,102.432388,2.948118,Healthy,0,0.1755977322657903,0.02476400633653005,0.02964136294192738,0.09523688380916913
2048,102.439969,2.948571,Healthy,0,0.12130490938822429,0.019539393277631864,0.022806036182575755,0.09822832296291988
2049,102.435748,2.946179,Healthy,0,0.14360972742239633,0.017232836327619024,0.015251553306976954,0.11886579791704814
2050,102.432318,2.947714,Healthy,0,0.12550381322701773,0.03286668989393446,0.02788450548218356,0.07976726566751798
2051,102.432196,2.947367,Healthy,0,0.13724277334080803,0.02632619399163458,0.02932088490989473,0.14036099281575945
2052,102.43254,2.949078,Healthy,0,0.238570313486788,0.025489326773418322,0.02119176596817043,0.17274972216950524
2053,102.435524,2.945212,Healthy,0,0.09359695265690486,0.02043466590758827,0.020399167098932795,0.09904718316263622
2054,102.436097,2.946799,Unhealthy,1,0.09754205039805836,0.009185870902405845,0.012353329557097621,0.06017825586928262
2055,102.432502,2.949151,Healthy,0,0.16855979545248878,0.021894308427969616,0.01881253191580375,0.12069512406984965
2056,102.440471,2.949328,Healthy,0,0.0928844196928872,0.012761786787046326,0.014454555697739124,0.09993755982981788
2057,102.435593,2.946033,Healthy,0,0.18462731771998936,0.014419594158728918,0.013345997366640303,0.1347950655553076
2058,102.436136,2.946864,Healthy,0,0.10067077394988802,0.01343939970764849,0.015588946433530914,0.06458467327886158
2059,102.438254,2.946625,Healthy,0,0.11041453729073207,0.02051734199954404,0.01716311431179444,0.0915478120247523
2060,102.435793,2.946248,Healthy,0,0.1029474130935139,0.013532730233338144,0.015497748843497701,0.09387243456310695
2061,102.440314,2.949049,Healthy,0,0.07674964724315538,0.016484539438452985,0.010263819040523635,0.07899853297405773
2062,102.435804,2.945558,Healthy,0,0.20491796069675022,0.02360656267652909,0.02077769229395522,0.0808069652153386
2063,102.43599,2.945904,Healthy,0,0.09291998710897234,0.019355763577752642,0.02169277063674397,0.06955751528342564
2064,102.438319,2.946483,Healthy,0,0.13351117902331883,0.025008169520232413,0.021676009727848902,0.10041859083705479
2065,102.436109,2.94584,Healthy,0,0.1312674813800388,0.019882349504364863,0.019476287998259068,0.07346914832790692
2066,102.43845,2.946689,Healthy,0,0.15695166091124216,0.02577239212890466,0.01758522954252031,0.09539956930610868
2067,102.432236,2.947849,Healthy,0,0.13950602958599725,0.027771430297030344,0.0242649894207716,0.1271611824631691
2068,102.43876,2.947109,Healthy,0,0.23033511804209816,0.021673009627395205,0.01484115318291717,0.12688891920778486
2069,102.431839,2.947164,Healthy,0,0.08643934337629212,0.01939108408987522,0.016390024891330138,0.09076593071222305
2070,102.436248,2.947071,Healthy,0,0.08277170442872578,0.016753881962762937,0.017913997690710757,0.07611536731322606
2071,102.439922,2.948497,Healthy,0,0.1272663018769688,0.02164862843023406,0.023343395855691697,0.09913285324970882
2072,102.439806,2.948432,Healthy,0,0.09175218476189508,0.027596433750457235,0.028856452347503767,0.06028606038954523
2073,102.435671,2.946039,Healthy,0,0.240773672858874,0.013065928179356787,0.014241303834650252,0.1320437706179089
2074,102.432157,2.947434,Unhealthy,1,0.12314262572262022,0.023452738920847576,0.02272483002808359,0.11677167523238394
2075,102.43219,2.948463,Healthy,0,0.0776212281650967,0.025443574827578332,0.018737416093548138,0.10751194258530934
2076,102.435907,2.946312,Unhealthy,1,0.0850147195160389,0.01541890897270706,0.018547529354691505,0.08962027397420672
2077,102.435604,2.945215,Healthy,0,0.09511898789140913,0.022278751557072003,0.02091506713380416,0.09386828293402989
2078,102.435681,2.945217,Healthy,0,0.10142542835738924,0.024191745246450107,0.02275704209589296,0.07028156311975585
2079,102.440279,2.948845,Healthy,0,0.1781062814924452,0.013425239879224036,0.016682908456358645,0.10168049981196721
2080,102.435831,2.946316,Unhealthy,1,0.11010756343603134,0.01591462455689907,0.016435720957815647,0.09262430750661427
2081,102.432589,2.948056,Healthy,0,0.26954385638237,0.02860210422012541,0.027710179073943034,0.2238803224431144
2082,102.435716,2.945423,Healthy,0,0.10444877627823088,0.02225076396846109,0.01707573566171858,0.10643620913227399
2083,102.436064,2.94645,Healthy,0,0.13214482532607186,0.024759881819287937,0.02416121256020334,0.07470442271894878
2084,102.432197,2.947507,Healthy,0,0.10950925863451427,0.02114213899605804,0.018685293590856925,0.07998288257254495
2085,102.432656,2.949148,Healthy,0,0.20296833084689248,0.024302675078312557,0.022822156341539487,0.17387942969799042
2086,102.438316,2.946628,Healthy,0,0.1056129162510236,0.021613320128785238,0.016828335718148284,0.09400146785709593
2087,102.43856,2.947036,Healthy,0,0.14497792803578907,0.019256854015919898,0.01681987817088763,0.11902069797118504
2088,102.438097,2.94621,Healthy,0,0.15995924919843674,0.025122864171862602,0.022960361921124987,0.1514966819021437
2089,102.43988,2.948564,Healthy,0,0.15755237142244974,0.02082743402570486,0.02256122686796718,0.12380978713432948
2090,102.438531,2.947104,Healthy,0,0.11023717704746458,0.019518879138761096,0.018398117170565657,0.10019452704323663
2091,102.439808,2.948293,Healthy,0,0.14657100041707358,0.02046639368765884,0.024475787455836933,0.11924832314252853
2092,102.432464,2.948804,Healthy,0,0.1710914803875817,0.018310869216091104,0.027073662210669782,0.17132145166397095
2093,102.435754,2.94604,Healthy,0,0.18145347800519732,0.016761774611141946,0.015521714774270853,0.1377233862876892
2094,102.43246,2.949212,Healthy,0,0.14631209274133047,0.02261531042555968,0.01995686286439498,0.10551394315229522
2095,102.435782,2.946389,Healthy,0,0.11626405517260234,0.022921458921498723,0.019898855955236487,0.09943734109401703
2096,102.432153,2.948392,Healthy,0,0.09707122875584497,0.01528300034503142,0.01889828996111949,0.0870054235888852
2097,102.439922,2.948637,Healthy,0,0.13366088353925282,0.01946889857451121,0.018719551463921864,0.11970090203815037
2098,102.432501,2.948876,Healthy,0,0.17156862219174704,0.020091455326312117,0.023491813180347283,0.10944969703753789
2099,102.432072,2.948248,Healthy,0,0.10910432702965206,0.018120466628008418,0.018134045207666025,0.05175398662686348
2100,102.43254,2.948945,Healthy,0,0.14327278981606165,0.03214716869923803,0.03150536802907785,0.10403312246004741
2101,102.432318,2.947848,Healthy,0,0.19451383501291275,0.029093059814638562,0.029485952109098434,0.1551162170039283
2102,102.43227,2.948465,Healthy,0,0.07594777974817488,0.02777475429077943,0.02719931573503547,0.09647283620304531
2103,102.440044,2.948575,Healthy,0,0.10425084829330444,0.019291019067168236,0.01806983393099573,0.08286093837685055
2104,102.436069,2.945904,Healthy,0,0.09653966459963056,0.018710178426570363,0.020811448701553874,0.07107360867990388
2105,102.432511,2.948055,Healthy,0,0.1989494330353207,0.029012800090842776,0.033251079420248665,0.14928882982995775
2106,102.432387,2.949074,Unhealthy,1,0.11530231684446335,0.02158885407778952,0.01849643751564953,0.07714493407143487
2107,102.436185,2.945975,Healthy,0,0.08461885982089573,0.017210328641037147,0.020801834141214687,0.09384170961048868
2108,102.43262,2.949082,Healthy,0,0.21574415928787655,0.02434212528169155,0.02117015773223506,0.1746192698677381
2109,102.436336,2.947071,Healthy,0,0.09148097617758645,0.01870002659658591,0.01715127658098936,0.10206333796183269
2110,102.438412,2.946618,Healthy,0,0.1392158418893814,0.023967579007148743,0.017185073138939008,0.1064898893237114
2111,102.43814,2.946142,Healthy,0,0.1877505530913671,0.02222562860697508,0.01992968490554227,0.1547058125336965
2112,102.435841,2.945627,Healthy,0,0.2007666975259781,0.02478599113722642,0.02216465522845586,0.07229175708360142
2113,102.43826,2.94635,Healthy,0,0.16911904182698992,0.03174811684423023,0.026021053807602987,0.13669194860590828
2114,102.432042,2.947229,Healthy,0,0.10400401966439353,0.01982792777319749,0.018200384349458747,0.10029993702967961
2115,102.438103,2.946343,Healthy,0,0.19231429447730383,0.02876087236735556,0.02838056803577476,0.10693656984302732
2116,102.435854,2.946246,Healthy,0,0.08777724785937203,0.014687077245778508,0.017497059889137745,0.09273640231953727
2117,102.432346,2.948601,Healthy,0,0.1993940845131874,0.02080904816587766,0.01716662881275018,0.13022610545158386
2118,102.432192,2.948325,Healthy,0,0.11023491952154371,0.014384218698574437,0.020363648939463828,0.06987904426124361
2119,102.432156,2.947712,Healthy,0,0.12013311601347393,0.03972793142828676,0.028434482920500968,0.1029520117574268
2120,102.432424,2.948733,Healthy,0,0.1403188051448928,0.023864097893238068,0.03732896844546,0.16373891631762186
2121,102.436108,2.945977,Healthy,0,0.09088410023185942,0.016274031872550648,0.019081515363521047,0.09701651003625658
2122,102.432274,2.947916,Healthy,0,0.16938190327750313,0.027158509732948408,0.03024904492000739,0.12000805884599686
2123,102.432431,2.948052,Healthy,0,0.2015839715798696,0.028756808903482225,0.033795773362119995,0.11187941084305446
2124,102.432344,2.948732,Healthy,0,0.14885910600423813,0.022013985137972567,0.034588608890771866,0.13495048466655943
2125,102.43204,2.947502,Healthy,0,0.15516866081290775,0.01841326244175434,0.014953030687239435,0.09066205885675219
2126,102.432113,2.947504,Healthy,0,0.11409062892198563,0.020450383838680055,0.015958358637160726,0.08920586564474636
2127,102.440114,2.948573,Healthy,0,0.11882837778992122,0.01974021622704135,0.016442286057604685,0.07621953553623623
2128,102.435987,2.945765,Healthy,0,0.10811255955033833,0.016325908299121592,0.016051581336392298,0.07050073891878128
2129,102.432162,2.94757,Healthy,0,0.1373113931881057,0.029533868034680683,0.01743410186221202,0.08640494404567613
2130,102.438637,2.94704,Healthy,0,0.18427218662367928,0.017547471448779106,0.01321101426664326,0.10488044222195943
2131,102.431799,2.947093,Healthy,0,0.09448844028843774,0.019649640139606264,0.016413328444792166,0.0813084344069163
2132,102.435908,2.945904,Healthy,0,0.09280929466088612,0.022277226257655356,0.023336308283938303,0.06594332597321934
2133,102.436147,2.945907,Healthy,0,0.12934314956267676,0.018431220824519794,0.018499344380365476,0.07305576693680552
2134,102.435943,2.946246,Healthy,0,0.07755047289861573,0.017185439355671406,0.021109479582971998,0.09670963055557674
2135,102.435562,2.945288,Healthy,0,0.11162998941209581,0.026191594493057992,0.024848516202635236,0.08686050358745787
2136,102.439918,2.948359,Healthy,0,0.07948125567701128,0.02309118438926008,0.028051388760407765,0.07102700488434897
2137,102.435524,2.945072,Healthy,0,0.12806169854270089,0.011655020631021924,0.01121538235909409,0.08321567997336388
2138,102.43606,2.946731,Healthy,0,0.049609372599257365,0.009621578682627942,0.014209862074090375,0.049782601495583854
2139,102.431961,2.947092,Healthy,0,0.08396846055984497,0.0185344937360949,0.01778826697005166,0.07606920931074354
2140,102.438412,2.946902,Healthy,0,0.2576537976662318,0.024767562850481935,0.02890257640845246,0.15058397832843992
2141,102.438104,2.946074,Healthy,0,0.26854997211032444,0.017992008063528273,0.019212329656713538,0.2168900403711531
2142,102.432302,2.948939,Healthy,0,0.12025961611005995,0.021963878638214536,0.024358487067123253,0.0705421074397034
2143,102.435638,2.945149,Healthy,0,0.09734443492359585,0.021033732427491084,0.01749381288472149,0.103174922366937
2144,102.431877,2.947097,Healthy,0,0.07523858216073778,0.018449640315439966,0.017318061242500942,0.0766833515630828
2145,102.431998,2.947299,Healthy,0,0.12937400241692862,0.020051434118714597,0.01754219550639391,0.11985091037220424
2146,102.438141,2.946278,Healthy,0,0.1514076648486985,0.02708249890969859,0.02731498061782784,0.10870078371630774
2147,102.435721,2.945564,Healthy,0,0.21003018154038322,0.02253765757713053,0.021193722676899698,0.11338653829362658
2148,102.432075,2.947434,Healthy,0,0.16369866083065668,0.01965679435266389,0.019015295948419306,0.11215967684984207
2149,102.431959,2.947369,Healthy,0,0.13637256705098683,0.015218090265989304,0.013629608891076513,0.08899650888310538
2150,102.43188,2.947234,Healthy,0,0.10025845633612739,0.01877297026415666,0.016520184464752674,0.12631800936328041
2151,102.435914,2.945486,Healthy,0,0.1509964946243498,0.017266639404826693,0.018020067777898576,0.0506124852432145
2152,102.43239,2.947985,Healthy,0,0.18109778314828873,0.027244592292441264,0.029817436097396746,0.09442363472448455
2153,102.435797,2.945288,Healthy,0,0.09687894251611498,0.0201458398045765,0.02673690900620487,0.05884484491414494
2154,102.438179,2.946347,Healthy,0,0.1922343447804451,0.029514903409613505,0.02782994115518199,0.12144191645913655
2155,102.435565,2.945142,Healthy,0,0.0934510479370753,0.01905310505794154,0.017451967630121443,0.1010305028822687
2156,102.432578,2.949146,Healthy,0,0.228636019759708,0.023524307128455903,0.022152282297611237,0.19457850025759804
2157,102.432273,2.94778,Healthy,0,0.13393358555104998,0.03389113748239146,0.027527077744404476,0.092716284096241
2158,102.432001,2.947163,Healthy,0,0.08501692530181673,0.018012203483117953,0.016630086944335036,0.09241028626759847
2159,102.432234,2.948395,Healthy,0,0.09543703993161519,0.01565687234203021,0.020597264170646667,0.0940920900967386
2160,102.435482,2.94514,Healthy,0,0.13394270340601602,0.011743845728536447,0.011628017243411806,0.11290238880448872
2161,102.435641,2.945287,Healthy,0,0.1183902265297042,0.022611873948739633,0.022339715001483757,0.069139637466934
2162,102.432354,2.947916,Healthy,0,0.1944664004776213,0.028621170669794083,0.03157108504739073,0.15345142616166008
2163,102.435794,2.945694,Healthy,0,0.15126465095414054,0.019713423525293667,0.018137657807932958,0.07274992970956697
2164,102.435907,2.946179,Healthy,0,0.09277757008870442,0.02250127659903632,0.02020967886265781,0.11302545087205039
2165,102.436028,2.945837,Healthy,0,0.11068533112605412,0.01955532572335667,0.02035315355492963,0.0762818203204208
2166,102.432549,2.948122,Healthy,0,0.17543787923124102,0.03172178069750468,0.03872916930251651,0.13254055877526602
2167,102.438215,2.946414,Healthy,0,0.19290920264191097,0.029807101521227095,0.02646156193481551,0.11328500674830543
2168,102.435718,2.94529,Healthy,0,0.11166148301627901,0.020874403934511874,0.021467735370000202,0.05650768636001481
2169,102.432626,2.948125,Healthy,0,0.1972233321931627,0.02988212907479869,0.032954201102256775,0.21143407457404667
2170,102.431919,2.947163,Healthy,0,0.08531927565733592,0.0185546243770255,0.01620983497964011,0.10081059237321217
2171,102.435719,2.945148,Unhealthy,1,0.11889512671364678,0.021449216538005404,0.01698529047684537,0.10036044733391868
2172,102.43254,2.949217,Healthy,0,0.1670667611890369,0.021718357172277238,0.022729034018185403,0.13177911192178726
2173,102.432119,2.947367,Healthy,0,0.12835757351583904,0.027231702581048012,0.03127465065982607,0.142301292055183
2174,102.435758,2.945357,Healthy,0,0.10023441165685654,0.02196678715861506,0.01622772661762105,0.09844334630502595
2175,102.436021,2.946656,Healthy,0,0.054758468021949135,0.011354188331299357,0.01336480982394682,0.05173384977711572
2176,102.432586,2.949014,Healthy,0,0.19271018852790198,0.02426535522358285,0.01959581466184722,0.14682249476512274
2177,102.43973,2.948296,Healthy,0,0.12734712163607279,0.021452383655640814,0.024344252422451973,0.09701178802384271
2178,102.435951,2.945974,Healthy,0,0.08567231562402514,0.01957190895660056,0.020157196869452793,0.07983533375793034
2179,102.432113,2.948179,Healthy,0,0.12661917093727323,0.02105108845151133,0.022143944373561278,0.073614827874634
2180,102.435982,2.946726,Healthy,0,0.0546558623512586,0.012911962138281928,0.015704824175271723,0.05374287317196528
2181,102.438568,2.946765,Healthy,0,0.16189206639925638,0.013063330099814467,0.012741696813868152,0.1142225025428666
2182,102.438525,2.946832,Healthy,0,0.16405944029490152,0.01470887205666966,0.01563893651796712,0.14941293249527612
2183,102.435909,2.945764,Healthy,0,0.10877356264326307,0.01615106738689873,0.014672241484125456,0.06205936397115389
2184,102.440087,2.948498,Healthy,0,0.12502800590462154,0.01846706008331643,0.01771737366086907,0.08349986208809747
2185,102.438488,2.94703,Healthy,0,0.1556538244088491,0.018373092222544882,0.016974957142439153,0.11730608426862293
2186,102.432149,2.948251,Healthy,0,0.1206129143635432,0.01821010632233487,0.021324510996540386,0.061297996590534844
2187,102.432228,2.948529,Healthy,0,0.07442642500003178,0.027932367391056485,0.023132771874467533,0.09695691698127323
2188,102.438373,2.946422,Healthy,0,0.15250152597824732,0.024133343456519976,0.02423580280608601,0.10855249398284489
2189,102.432077,2.947169,Healthy,0,0.09600968658924103,0.01826535289486249,0.020035793176955648,0.08918562490079138
2190,102.435761,2.945215,Healthy,0,0.12376535601086086,0.02522019607325395,0.02175783221092489,0.07761617294616169
2191,102.435915,2.94563,Healthy,0,0.14422987567053902,0.02277316836019357,0.018925086595118046,0.060242152876324125
2192,102.438408,2.946483,Healthy,0,0.14043062014712226,0.023636299702856276,0.02376344758603308,0.11588820152812535
2193,102.438368,2.946555,Healthy,0,0.10540184958113565,0.022202065628435876,0.01658574553827445,0.10253794987996419
2194,102.431957,2.947232,Healthy,0,0.1104008017314805,0.019009450657500163,0.016639209766354825,0.12526917374796337
2195,102.440044,2.948432,Healthy,0,0.11945618937412898,0.020063840577171907,0.024725281322995823,0.08970627892348501
2196,102.438292,2.946558,Healthy,0,0.09570538252592087,0.02163288700911734,0.017259281542566087,0.09652337431907654
2197,102.432618,2.949218,Healthy,0,0.15704027811686197,0.022184570423430867,0.021852260662449732,0.11746650685866673
2198,102.432462,2.94908,Healthy,0,0.12428847038083607,0.022194191192587216,0.018825566706558067,0.08585521992709902
2199,102.435682,2.945079,Unhealthy,1,0.10640401310390896,0.018364770027498405,0.015762954122490354,0.09201590302917692
2200,102.435948,2.94556,Healthy,0,0.1230503229631318,0.022457875311374664,0.01646337958259715,0.06259358964032596
2201,102.436099,2.946661,Healthy,0,0.04598113977246814,0.009260128924830092,0.013583127305739455,0.03817370037237803
2202,102.438409,2.946758,Healthy,0,0.20199328164259592,0.017381103709340096,0.015494620117048422,0.09601529935995738
2203,102.432147,2.948533,Healthy,0,0.08234453118509716,0.02506765868100855,0.018397437925967906,0.08864886148108377
2204,102.436072,2.945768,Healthy,0,0.12497404300504261,0.016961210717757542,0.01704248020218478,0.07238982452286614
2205,102.432694,2.949218,Unhealthy,1,0.13532869186666277,0.027916180797749095,0.025638581357068486,0.10458248191409641
2206,102.438186,2.946076,Unhealthy,1,0.2822301669253243,0.01658202273150285,0.01561746508296993,0.22174991170565286
2207,102.438484,2.946905,Healthy,0,0.2003874960872862,0.018801146807769935,0.0197969867537419,0.1594970640208986
2208,102.439966,2.948428,Healthy,0,0.09049097448587418,0.022798307860891025,0.028674446874194674,0.08227981916732258
2209,102.438371,2.946686,Healthy,0,0.14928127659691703,0.021463960719605286,0.016315047215256426,0.10469322486056222
2210,102.440006,2.948362,Healthy,0,0.08889630519681507,0.0224232276280721,0.029981940156883664,0.08068940084841517
2211,102.438608,2.946837,Healthy,0,0.14632567680544323,0.015775687682131927,0.016440712432894442,0.14824522038300833
2212,102.435599,2.944942,Healthy,0,0.16230997857120302,0.01119900205069118,0.011958093175457584,0.06309519459803899
2213,102.439893,2.948296,Healthy,0,0.1511825207206938,0.020426342884699505,0.0246207012484471,0.11680816941791111
2214,102.438644,2.946904,Healthy,0,0.15048730538951027,0.018903783626026578,0.020970993261370394,0.1297653168439865
2215,102.43595,2.945696,Healthy,0,0.10814749118354586,0.016363321700029902,0.014538069048689472,0.05216172875629531
2216,102.438444,2.946829,Healthy,0,0.21879648996724022,0.012817711879809698,0.01541431320624219,0.10929720517661837
2217,102.432468,2.948124,Healthy,0,0.16839045037825903,0.025715451687574387,0.03226236543721623,0.10062250826093885
2218,102.435758,2.945626,Healthy,0,0.22000492612520853,0.02398946529461278,0.022199324435657926,0.08304723973075549
2219,102.438682,2.947108,Healthy,0,0.21324101421568128,0.017787857809000544,0.01372045733862453,0.13266543547312418
2220,102.435606,2.945079,Healthy,0,0.09191940724849701,0.015176665348311266,0.013994592138462596,0.09550295107894474
2221,102.435648,2.945014,Unhealthy,1,0.14586539152595732,0.013419736590650346,0.014773061809440454,0.07313962736063534
2222,102.435605,2.945351,Healthy,0,0.1490881707933214,0.021468014870252874,0.020695529671178922,0.07321368240647846
2223,102.438515,2.946968,Healthy,0,0.17971739172935486,0.019141579667727154,0.017881414749556117,0.13621007319953707
2224,102.43872,2.947043,Unhealthy,1,0.23019174072477552,0.013439294261236986,0.010587573051452637,0.11750610917806625
2225,102.432311,2.947983,Healthy,0,0.1439350504014227,0.021045212633907795,0.022830074239108298,0.058926407247781754
2226,102.432115,2.947238,Healthy,0,0.11075700488355425,0.019923828542232513,0.020079815139373142,0.10143636332617866
2227,102.432043,2.947099,Healthy,0,0.1127542116575771,0.017868541077607207,0.020477551863425307,0.08687595857514276
2228,102.43192,2.947304,Healthy,0,0.11102786908547084,0.017196092444161575,0.017725524078640673,0.10896672722366121
2229,102.432304,2.948542,Healthy,0,0.1551500227716234,0.019979457474417157,0.019238492163519066,0.10656025922960705
2230,102.439849,2.948366,Healthy,0,0.08631169464853075,0.02524809932543172,0.027112297920717135,0.062278068313995995
2231,102.438487,2.946764,Healthy,0,0.17322779364056057,0.01596378203895357,0.014275706476635404,0.09516027155849668
2232,102.436385,2.949258,Healthy,0,0.19034029377831352,0.03212678784297572,0.027433773916628625,0.132578630414274
2233,102.433095,2.948406,Healthy,0,0.127926766872406,0.02488726729320155,0.026200931726230517,0.17050090928872427
2234,102.436043,2.948498,Healthy,0,0.13814588056670296,0.043151411745283336,0.03845604674683677,0.11060325470235613
2235,102.433554,2.949221,Healthy,0,0.15601646072334713,0.02766216132375929,0.031736758848031364,0.11984113852183025
2236,102.433482,2.949228,Healthy,0,0.1240977437959777,0.020005200679103535,0.026207321013013523,0.09701014144553079
2237,102.437491,2.947498,Healthy,0,0.10221211446656121,0.023775078149305448,0.025298601016402245,0.09562029110060798
2238,102.436977,2.945176,Healthy,0,0.1829780919684304,0.019223791857560475,0.01687159968747033,0.09063318123420079
2239,102.437425,2.947496,Healthy,0,0.1021851831012302,0.021081809782319598,0.023266648252805073,0.0882153097126219
2240,102.436469,2.949255,Healthy,0,0.20126241445541382,0.02612117077741358,0.025311819795105193,0.133491489622328
2241,102.436431,2.949184,Healthy,0,0.17532728281286028,0.023149222859905824,0.022602683968014188,0.12148229198323356
2242,102.437577,2.94778,Healthy,0,0.11716418796115452,0.023425272045036156,0.01755649120443397,0.08955923799011442
2243,102.43731,2.947152,Healthy,0,0.07337850870357619,0.017043973215752177,0.0184312519720859,0.0801872859398524
2244,102.437493,2.947219,Healthy,0,0.10898572951555252,0.013987465451161066,0.01152306960688697,0.08264237145582835
2245,102.437359,2.945723,Healthy,0,0.17156808409425947,0.030557288477818172,0.026618572365906503,0.11541950826843579
2246,102.437271,2.94722,Healthy,0,0.14767577002445856,0.021871866554849677,0.020089449257486396,0.08756844782167011
2247,102.437458,2.947286,Healthy,0,0.11060479531685512,0.01717944826102919,0.015549356842206584,0.08040116851528485
2248,102.436197,2.948914,Healthy,0,0.19648868011103737,0.023791912322243054,0.023764587110943265,0.1022682777709431
2249,102.433363,2.949023,Healthy,0,0.32300979064570534,0.02374996513956123,0.025196113106277254,0.10358860509263144
2250,102.435968,2.948498,Healthy,0,0.13796769248114693,0.038719492654005684,0.03747061515847842,0.09065286566813786
2251,102.437205,2.945718,Healthy,0,0.11530021329720815,0.025807413686480787,0.0222155698057678,0.16176723026567036
2252,102.436625,2.949254,Healthy,0,0.17165543304549324,0.03686487198703819,0.03589249340196451,0.1349553010529942
2253,102.437488,2.947356,Healthy,0,0.10763407829735014,0.021698797225124307,0.021049546284808054,0.06531911633080906
2254,102.436941,2.94496,Healthy,0,0.14245092040962642,0.01958579932236009,0.01569704618304968,0.07825586282544666
2255,102.437352,2.947231,Healthy,0,0.1200958817369408,0.016588530503213406,0.020091844619148307,0.09561577687660854
2256,102.436782,2.94496,Healthy,0,0.17372598085138533,0.0188608526562651,0.016479463419980474,0.1542043387889862
2257,102.433364,2.948747,Healthy,0,0.20751261048846775,0.031330383900139064,0.03256554032365481,0.15503135489092934
2258,102.437465,2.947428,Healthy,0,0.10586246268616782,0.022594016666213673,0.02253701351583004,0.05679732271366649
2259,102.433478,2.94909,Healthy,0,0.1752434695760409,0.027183686900469992,0.028652348245183628,0.10452818870544434
2260,102.43635,2.949188,Healthy,0,0.1666001793411043,0.027249699561960168,0.02471090170244376,0.14665268278784221
2261,102.436899,2.945032,Healthy,0,0.1538931644625134,0.016565786881579295,0.014988016647597155,0.10439139770136939
2262,102.437925,2.94798,Unhealthy,1,0.08094675673378839,0.016710431108044252,0.01894962104658286,0.09398659484253989
2263,102.435053,2.948969,Healthy,0,0.12232276135020786,0.02506982410947482,0.026377374513281718,0.09226122208767468
2264,102.436433,2.949053,Healthy,0,0.16273335946930778,0.018261766682068508,0.021925299945804808,0.06862987081209819
2265,102.436003,2.948568,Healthy,0,0.1208053007721901,0.042427303890387215,0.04077964938349194,0.10143415629863739
2266,102.433404,2.949224,Healthy,0,0.12106687906715605,0.025464435832368,0.029817800554964278,0.09679403238826328
2267,102.437618,2.947426,Healthy,0,0.07157849934366015,0.024590609181258414,0.02199577923036284,0.06204707630806499
2268,102.437617,2.947849,Healthy,0,0.12072629233201344,0.021261761378910806,0.014961345535185602,0.08461958749426736
2269,102.434553,2.948485,Healthy,0,0.13700235883394876,0.018655628483328555,0.012981532452007135,0.07195029449131754
2270,102.435969,2.94836,Healthy,0,0.152231408490075,0.016940511556135282,0.025160668417811394,0.08102030803759892
2271,102.437425,2.947223,Healthy,0,0.10811987850401136,0.014487583190202713,0.013022078925536739,0.0860260236594412
2272,102.436043,2.948368,Healthy,0,0.1447367345293363,0.021367342521746952,0.02507637379070123,0.08863226489888297
2273,102.436505,2.949177,Healthy,0,0.20175635317961374,0.02061758790579107,0.020064671006467607,0.09575212084584767
2274,102.437655,2.947912,Healthy,0,0.10702436500125462,0.021515757880277105,0.014422144533859359,0.08680617064237595
2275,102.436081,2.948434,Healthy,0,0.1454985969596439,0.028419171149532,0.025675661034054227,0.09585939264959759
2276,102.434431,2.94828,Healthy,0,0.08370976812309688,0.018838457038833037,0.018502845635844603,0.07995587752925025
2277,102.437964,2.948046,Healthy,0,0.09549322393205431,0.014463354005581804,0.01688037657489379,0.07916168206267887
2278,102.436395,2.949118,Healthy,0,0.17070423397752973,0.017484292491442628,0.021051716059446335,0.10280758680568801
2279,102.437439,2.945716,Healthy,0,0.15503856043020883,0.027362149208784103,0.027454345383577876,0.06264985187186135
2280,102.436466,2.948985,Healthy,0,0.12314361830552419,0.020670408383011818,0.02647055292295085,0.08919941675331858
2281,102.437462,2.947152,Healthy,0,0.07869779732492235,0.010839050946136316,0.009985954707695378,0.0851122463742892
2282,102.432823,2.948192,Healthy,0,0.20577040645811293,0.019224141413966816,0.017216822546389367,0.18635354936122894
2283,102.434899,2.948964,Healthy,0,0.0914178312652641,0.01829097895986504,0.02116081491112709,0.08004605894287427
2284,102.437232,2.94715,Healthy,0,0.08527016970846388,0.017933816131618287,0.01776817927343978,0.0814268332388666
2285,102.437056,2.945172,Healthy,0,0.20944840957721075,0.01822741391758124,0.016279702074825764,0.08640225893921322
2286,102.437343,2.947363,Healthy,0,0.10268235537740919,0.0135791783945428,0.016883944989078574,0.08719991602831417
2287,102.437655,2.947777,Healthy,0,0.12972640660074022,0.016856821460856333,0.016257931892242696,0.09019348190890418
2288,102.437488,2.947638,Healthy,0,0.16403762002786001,0.024308352420727413,0.02149669174104929,0.11453308165073395
2289,102.436437,2.948915,Healthy,0,0.12359218878878488,0.02371560140616364,0.02867765414218108,0.09400503171814813
2290,102.433447,2.949155,Healthy,0,0.14320875787072712,0.029051028399003878,0.03230028765069114,0.10019618603918287
2291,102.435209,2.949241,Healthy,0,0.11180784470505184,0.03354831433130635,0.03347183018922806,0.08288974894417657
2292,102.43302,2.948268,Healthy,0,0.31104223761293626,0.03564345774551233,0.03466644883155823,0.23041521343919966
2293,102.436471,2.949117,Healthy,0,0.193682708674007,0.01739773837228616,0.02084686482946078,0.07761936303642061
2294,102.43758,2.947497,Healthy,0,0.09794613387849596,0.020924324894116983,0.023727315581507154,0.07573517950044738
2295,102.433057,2.94834,Healthy,0,0.27004636492994094,0.04839171324339178,0.042672345207797155,0.21667920218573677
2296,102.436863,2.945096,Healthy,0,0.1511252356900109,0.01734698574162192,0.015662237380941708,0.09241359929243724
2297,102.436355,2.948915,Healthy,0,0.12583733763959673,0.02440298990243011,0.027685380230347317,0.1096243378188875
2298,102.433138,2.948338,Healthy,0,0.19205941094292533,0.03768355440762308,0.03276584349158737,0.14217677960793176
2299,102.437736,2.947631,Healthy,0,0.10969013306829664,0.013742123833960958,0.01998363021347258,0.07465614419844416
2300,102.436548,2.949247,Healthy,0,0.17260354426172045,0.03421138578818904,0.034075807159145675,0.13583499689896902
2301,102.437365,2.945995,Healthy,0,0.16328376448816723,0.029769102732340496,0.034856793781121574,0.15659505791134304
2302,102.436904,2.945173,Healthy,0,0.18008021348052555,0.019949739178021748,0.01675909561001592,0.09645337528652614
2303,102.435135,2.94924,Healthy,0,0.10762310276428859,0.028259702854686312,0.03043366637494829,0.0695724127193292
2304,102.437014,2.9451,Healthy,0,0.19863414847188526,0.01593857372386588,0.01953314772496621,0.0966079690390163
2305,102.436315,2.948983,Healthy,0,0.14708067725102106,0.02515918720099661,0.02753309512303935,0.10365756269958284
2306,102.437283,2.945721,Healthy,0,0.14505517896678713,0.02785645570192072,0.026641491800546646,0.1258682840400272
2307,102.436585,2.949184,Healthy,0,0.20488877097765604,0.027192958320180576,0.02369786033199893,0.10913797219594319
2308,102.43286,2.948268,Healthy,0,0.21916484667195213,0.020946072311037116,0.016881115527616605,0.21965930528110927
2309,102.433521,2.949016,Healthy,0,0.22771841453181374,0.020856233313679695,0.01932100962019629,0.1194935788710912
2310,102.437584,2.947361,Healthy,0,0.07983266603615549,0.026409551708234683,0.022562437794274755,0.05270983651280403
2311,102.434668,2.948552,Healthy,0,0.1209333481060134,0.02072536490029759,0.015881423114074603,0.09517612308263779
2312,102.434465,2.948346,Healthy,0,0.08835937745041317,0.019249918560187023,0.020501656354301505,0.06697848977314101
2313,102.434823,2.948553,Healthy,0,0.13720070819060007,0.02254516300227907,0.0176066266786721,0.08319575173987283
2314,102.43306,2.948198,Healthy,0,0.21670624199840757,0.023980085013641253,0.02713819820847776,0.18628648585743374
2315,102.43589,2.948362,Healthy,0,0.16459849145677355,0.014955151101781262,0.022971596361862287,0.08999559531609218
2316,102.437052,2.945027,Healthy,0,0.1387283073531257,0.01993707660585642,0.0187025498598814,0.10320277512073517
2317,102.433441,2.949017,Healthy,0,0.2677373207277722,0.02005696938269668,0.019279132079746988,0.09824299315611522
2318,102.437481,2.945791,Healthy,0,0.2549145585960812,0.028081454957524937,0.023893833574321535,0.13627110463049677
2319,102.436164,2.948436,Healthy,0,0.13665569656425053,0.02316564880311489,0.024423113506701257,0.09754494163725111
2320,102.433175,2.948408,Healthy,0,0.13099477191766104,0.019653907666603725,0.022929082107212808,0.13739743249283898
2321,102.437771,2.947985,Healthy,0,0.10595983432398902,0.021523962935639754,0.020090218322972458,0.0578447033961614
2322,102.437386,2.947156,Healthy,0,0.0999849641488658,0.015164666705661349,0.017357384268608358,0.10086015197965834
2323,102.437582,2.947636,Healthy,0,0.15938478625482982,0.016481834463775158,0.016019798918730684,0.10320738537444009
2324,102.432979,2.948195,Healthy,0,0.2112861449519793,0.01791350781503651,0.017538162155283823,0.19584522975815666
2325,102.43682,2.945027,Healthy,0,0.19016116857528687,0.01873831481983264,0.016921287092069786,0.15585301319758096
2326,102.435094,2.949176,Healthy,0,0.07611054637365872,0.01925559952441189,0.01983554723362128,0.09557075632943048
2327,102.435133,2.949103,Healthy,0,0.07385686909159024,0.01886302253438367,0.021530866312483948,0.11462987628248003
2328,102.437463,2.947569,Healthy,0,0.15805826584498087,0.025473831221461296,0.02219088665313191,0.1386745340294308
2329,102.437689,2.947979,Healthy,0,0.10521991137001249,0.023521826085117128,0.01860245441397031,0.07663589260644382
2330,102.436357,2.94905,Healthy,0,0.16290923953056335,0.018678212952282693,0.021877369946903653,0.07181001992689239
2331,102.437522,2.945863,Unhealthy,1,0.16800253176026875,0.03502484473089377,0.03508979268372059,0.1733696609735489
2332,102.437017,2.944962,Healthy,0,0.13797544191281,0.02290614104519288,0.015680536420808897,0.07998575808273421
2333,102.437737,2.947777,Healthy,0,0.11634975340631273,0.01920726874636279,0.01731149386614561,0.08587902949915992
2334,102.434587,2.94855,Healthy,0,0.1127867963578966,0.023227996089392237,0.020239663620789845,0.08258564687437481
2335,102.435173,2.949179,Healthy,0,0.09636877766913837,0.027996792664958373,0.029422870733671717,0.11225312451521556
2336,102.437425,2.947355,Healthy,0,0.10803801566362381,0.017710800593098004,0.018542698274056118,0.08132907955182923
2337,102.437887,2.947912,Healthy,0,0.08606805238458845,0.015549539277950922,0.015245236042473052,0.11033337397707833
2338,102.437725,2.948051,Healthy,0,0.11895537376403809,0.025027722741166752,0.023228117989169225,0.062185598330365285
2339,102.433362,2.949159,Healthy,0,0.14101899166901907,0.022999063548114564,0.026183585532837443,0.09178141338957681
2340,102.432976,2.948335,Healthy,0,0.23432162404060364,0.0279794761704074,0.024296330495013133,0.22621562083562216
2341,102.434508,2.948415,Unhealthy,1,0.10838582532273398,0.017175538879301813,0.0146368064193262,0.06425526572598352
2342,102.436128,2.948365,Healthy,0,0.1573817026284006,0.02249907950560252,0.023192614316940308,0.10503005981445312
2343,102.433404,2.949092,Healthy,0,0.1853195470240381,0.025462415483262803,0.02761036716401577,0.09678134239382213
2344,102.436083,2.948574,Healthy,0,0.12228214409616259,0.03700574694408311,0.040056326530045934,0.10982691331042184
2345,102.433594,2.949159,Healthy,0,0.18342762523227268,0.03193551922837893,0.034352895286348134,0.1769387125968933
2346,102.436122,2.948502,Healthy,0,0.12634523709615073,0.030683121747440763,0.035768337133857936,0.10546067688200209
2347,102.433284,2.949028,Unhealthy,1,0.2787008732557297,0.034551506862044334,0.03999421373009682,0.1250036640299691
2348,102.433017,2.948405,Healthy,0,0.14302728325128555,0.02762745051748223,0.025827056210902002,0.19230516420470345
2349,102.437403,2.945926,Healthy,0,0.15108988020155165,0.027692437999778323,0.03143862841857804,0.13144398480653763
2350,102.437399,2.94579,Unhealthy,1,0.24262142678101858,0.026535714252127543,0.021011142370601494,0.10973883544405301
2351,102.434858,2.948754,Healthy,0,0.13596360054281023,0.01563364929623074,0.020420923311677244,0.07879027848442395
2352,102.437813,2.947774,Unhealthy,1,0.10319739331801732,0.02122764496339692,0.016836058555377856,0.08737733629014757
2353,102.433097,2.948268,Healthy,0,0.27284980316956836,0.051314342146118484,0.049315332538551755,0.18865733759270775
2354,102.436165,2.948707,Healthy,0,0.1682221997115347,0.04375136436687575,0.03933014782766501,0.11508260253402922
2355,102.43462,2.948621,Healthy,0,0.11493172496557236,0.022003891981310315,0.020526568301849894,0.0793306856519646
2356,102.43302,2.948541,Healthy,0,0.3264705257283317,0.030868116352293227,0.022454135947757296,0.3433607899480396
2357,102.436199,2.948775,Healthy,0,0.23327466348807016,0.029283753078844812,0.025648571757806674,0.12294585754474004
2358,102.434509,2.948274,Healthy,0,0.09014133695099089,0.018354366223017376,0.015580060063964792,0.05334176330102815
2359,102.43754,2.947566,Healthy,0,0.11236136820581225,0.024332555010914803,0.022567376701368227,0.12040591364105542
2360,102.436315,2.949116,Healthy,0,0.16880082256264156,0.02196995137880246,0.022732442451847926,0.12505546915862295
2361,102.435055,2.949243,Unhealthy,1,0.12949284662803015,0.022670664307143953,0.022509905613130994,0.06147014391091135
2362,102.435926,2.948429,Healthy,0,0.14127134283383688,0.01889204854766528,0.027135310487614736,0.06760466512706545
2363,102.434747,2.948417,Healthy,0,0.20413223736815983,0.019451299475298986,0.014205778017640114,0.09149290372927983
2364,102.433246,2.948675,Healthy,0,0.21036913990974426,0.03451745419038667,0.036570139022337064,0.12065502173370785
2365,102.434748,2.948552,Healthy,0,0.13319501280784607,0.022838510158989165,0.017590089390675228,0.0947925415303972
2366,102.436861,2.944951,Healthy,0,0.16081703868177202,0.017504197855790455,0.01586930567605628,0.10992094626029332
2367,102.433241,2.948814,Unhealthy,1,0.17407296515173382,0.02379995584487915,0.026806808387239773,0.14413256032599342
2368,102.437777,2.947707,Healthy,0,0.12172047214375602,0.016375803388655186,0.018351025361981656,0.08339432213041517
2369,102.433328,2.948676,Healthy,0,0.18128206332524618,0.033314260757631727,0.03668577762113677,0.1260522479812304
2370,102.437095,2.945099,Healthy,0,0.17034189568625557,0.024123464504049882,0.02549833059310913,0.10528597566816542
2371,102.433405,2.948811,Healthy,0,0.27115800976753235,0.02642935286793444,0.027515108800596662,0.19923578037155998
2372,102.433104,2.948677,Healthy,0,0.2733043713702096,0.040447432547807693,0.03542875353660849,0.19965549227264193
2373,102.433639,2.949231,Healthy,0,0.15797299063867992,0.018921731764243707,0.01890833086023728,0.1115909789999326
2374,102.433558,2.949091,Healthy,0,0.18924715452724034,0.03148504118952486,0.03330254161523448,0.15983476903703478
2375,102.437884,2.948048,Healthy,0,0.10699390785561667,0.018799787801172998,0.020225289795133803,0.08224638592865732
2376,102.435013,2.948899,Healthy,0,0.13399339550071293,0.026686845761206415,0.02172075915667746,0.09432333128319846
2377,102.437805,2.948185,Healthy,0,0.1389440049727758,0.023074666865997844,0.02032083221193817,0.08775669170750512
2378,102.435894,2.948223,Healthy,0,0.20517244272761875,0.025129105895757675,0.02493982141216596,0.10950287845399645
2379,102.436509,2.949053,Healthy,0,0.18460213475757176,0.02087544070349799,0.024615371806754008,0.07119208201766014
2380,102.437846,2.947977,Healthy,0,0.08517491072416306,0.01627898443904188,0.01628395842595233,0.09922392417987187
2381,102.4377,2.947844,Healthy,0,0.11509823054075241,0.018121860197020903,0.01447472566117843,0.09548157122400072
2382,102.436274,2.948774,Healthy,0,0.15911377718051276,0.03130368784897857,0.03143333892027537,0.09532914641830656
2383,102.437247,2.945646,Healthy,0,0.12652046067847145,0.021011162859698135,0.016693737875256274,0.13580258811513582
2384,102.434821,2.948967,Healthy,0,0.06668903678655624,0.014487335354917578,0.01685103898247083,0.05251673484841982
2385,102.434782,2.948896,Healthy,0,0.07349753007292747,0.015519761273430454,0.01655474988122781,0.06189554101890988
2386,102.43584,2.94829,Healthy,0,0.17819968362649283,0.02581931919687324,0.023758820361561246,0.11708947519461314
2387,102.436087,2.9483,Healthy,0,0.15086383455329472,0.02046026268766986,0.02177008655336168,0.08982480275962088
2388,102.437737,2.947916,Healthy,0,0.08673778093523449,0.017925357756515343,0.014051004933814207,0.0867649871442053
2389,102.437131,2.945309,Healthy,0,0.15851061791181564,0.018581557605001662,0.014989478410118155,0.11110244029098088
2390,102.437809,2.94791,Healthy,0,0.07979243993759155,0.01645252149966028,0.014465805039637618,0.0939611370364825
2391,102.436237,2.94898,Healthy,0,0.18392060034804875,0.02545111481514242,0.027364319190382957,0.09491923534207874
2392,102.436041,2.948638,Healthy,0,0.10783752467897204,0.03229251524640454,0.027738552540540695,0.11129135141770045
2393,102.437774,2.947842,Healthy,0,0.10403995215892792,0.01923050069146686,0.014289479909671677,0.09168604430225161
2394,102.437651,2.947636,Unhealthy,1,0.11838846405347188,0.013108869393666586,0.01759381861322456,0.08786797606282765
2395,102.437693,2.947701,Healthy,0,0.11630628423558341,0.01441764903979169,0.019378064821163814,0.08947259394658937
2396,102.437616,2.947565,Healthy,0,0.10211012926366594,0.015621452385352718,0.01968829944315884,0.07491247273153728
2397,102.434785,2.948487,Healthy,0,0.16247303949462044,0.02208551350567076,0.018567005379332438,0.09015640202495787
2398,102.437696,2.947567,Unhealthy,1,0.10819732439186838,0.01554583323498567,0.022124595940113068,0.07005699930919541
2399,102.437769,2.948116,Healthy,0,0.1307595612274276,0.02248948709004455,0.019971021140615147,0.07168514654040337
2400,102.433132,2.948477,Healthy,0,0.1182123762038019,0.022145106353693537,0.023975120443436835,0.13617575582530764
2401,102.433138,2.948607,Healthy,0,0.2943829149007797,0.039548626790444054,0.03162321365541882,0.24317730218172073
2402,102.437812,2.948049,Healthy,0,0.11441131515635385,0.021694595615069073,0.02057925673822562,0.07771288893289036
2403,102.437614,2.947705,Healthy,0,0.13082443012131584,0.016952074236339994,0.016820230107340548,0.09425998893049028
2404,102.435923,2.948295,Healthy,0,0.19524556232823265,0.020616467938654952,0.021923150039381452,0.12629019965728125
2405,102.436324,2.948708,Healthy,0,0.2106939670112398,0.035203307453129024,0.036180576930443444,0.10493753933244282
2406,102.434706,2.94835,Healthy,0,0.15418365018235314,0.019130084456668958,0.014083848955730597,0.07256753245989482
2407,102.437134,2.945441,Healthy,0,0.14465342296494377,0.01739431917667389,0.01603931799117062,0.11743702325556013
2408,102.433057,2.948608,Healthy,0,0.31531687908702427,0.03691918485694461,0.02619334227508969,0.4230879031949573
2409,102.432903,2.948194,Healthy,0,0.20659663610988194,0.0168116246867511,0.014786213532918029,0.19445500605636173
2410,102.436161,2.948575,Healthy,0,0.14446808480554157,0.03508900437090132,0.03946616769664817,0.11788411604033576
2411,102.435965,2.948228,Healthy,0,0.20550508631600273,0.020872803818848398,0.021207591104838584,0.10321927898459965
2412,102.434784,2.948761,Healthy,0,0.13654714822769165,0.015989711404674582,0.02051669390251239,0.06926876016789013
2413,102.436003,2.948296,Healthy,0,0.19162362151675755,0.01667692160440816,0.019126399730642635,0.09534992401798566
2414,102.436156,2.948843,Healthy,0,0.23238242500358158,0.026564315375354555,0.020590184877316158,0.14005017611715528
2415,102.436238,2.948842,Healthy,0,0.17703519099288517,0.02628679180310832,0.024933533122142155,0.11312216023604076
2416,102.433288,2.948882,Unhealthy,1,0.21569959902101093,0.02445709105167124,0.025688122544023726,0.11177445616987017
2417,102.437329,2.945654,Healthy,0,0.14269435074594286,0.025523742971320946,0.02801176119181845,0.09633135754201147
2418,102.436397,2.948848,Healthy,0,0.13145160343911913,0.02352928390933408,0.026032776675290532,0.07463875951038466
2419,102.437014,2.945373,Healthy,0,0.15454462087816662,0.020759263800250158,0.015454168224500285,0.11753421856297387
2420,102.436045,2.948231,Healthy,0,0.1878657357560264,0.0171364423715406,0.018040041646195784,0.07386687687701649
2421,102.437132,2.945169,Healthy,0,0.18896379487382042,0.02133374919907914,0.020451533504658274,0.09599227954943974
2422,102.433324,2.948811,Healthy,0,0.23871018985907236,0.02673512138426304,0.029688029653496213,0.17181208150254357
2423,102.436125,2.948637,Healthy,0,0.13354687641064325,0.04326410136289067,0.038686353920234576,0.11311996314260694
2424,102.434666,2.948691,Healthy,0,0.11174755874607298,0.01707714030312167,0.020749262637562223,0.06628546739617984
2425,102.433329,2.949091,Healthy,0,0.17659811841117012,0.01959397892157237,0.02232452854514122,0.10489523824718264
2426,102.43754,2.947426,Healthy,0,0.09599013792143928,0.023468070353070896,0.023941810967193708,0.05535151188572248
2427,102.433207,2.948735,Healthy,0,0.19420750935872397,0.029750662131441966,0.03247434107793702,0.1258021973901325
2428,102.43608,2.948707,Healthy,0,0.14846529728836483,0.03575920065244039,0.02619211199796862,0.11379525562127431
2429,102.437169,2.945377,Healthy,0,0.14446120046907002,0.01809373725619581,0.016109005651540227,0.10736687978108723
2430,102.436202,2.948499,Healthy,0,0.1324071685473124,0.028656765611635313,0.037479057908058167,0.11273742963870366
2431,102.43725,2.945517,Healthy,0,0.11053347587585449,0.016859746331142053,0.015441873835192787,0.10293534563647376
2432,102.433362,2.948881,Healthy,0,0.2894008225864834,0.020592696964740753,0.022172444810469944,0.12076417356729507
2433,102.437057,2.945443,Healthy,0,0.1587298893266254,0.01990224876337581,0.016530955727729533,0.14536836495002112
2434,102.434824,2.948692,Healthy,0,0.14179162349965838,0.01691086186716954,0.019262607105904155,0.07782995618051952
2435,102.436121,2.948774,Healthy,0,0.2397233313984341,0.029062586112154856,0.02217236150883966,0.14134588009781307
2436,102.433324,2.948954,Healthy,0,0.33586183355914223,0.03033492507206069,0.03330043993062443,0.09858080910311805
2437,102.435007,2.949173,Healthy,0,0.09880908661418492,0.01876212118400468,0.014729096864660582,0.09988636026779811
2438,102.43636,2.948775,Healthy,0,0.14054488887389502,0.02891447539958689,0.03008900893231233,0.08138612533609073
2439,102.434702,2.948486,Healthy,0,0.2134879148668713,0.019485246286624007,0.013940547696418233,0.1103364663819472
2440,102.437548,2.947291,Healthy,0,0.09441041987803248,0.02228620896736781,0.021709433032406703,0.07223996023337047
2441,102.437174,2.945241,Healthy,0,0.10757869564824635,0.017842877759701677,0.01495586045914226,0.07927328844865163
2442,102.437212,2.945448,Healthy,0,0.12566502143939337,0.016707866659594908,0.01563134054756827,0.10173043443097009
2443,102.437211,2.945582,Healthy,0,0.09141959498325984,0.013889753052757846,0.015057851249972979,0.08238816964957449
2444,102.436976,2.945303,Healthy,0,0.17059637606143951,0.02004619398050838,0.015268196972707907,0.10513732416762246
2445,102.43725,2.945384,Healthy,0,0.12413161579105589,0.01762818338142501,0.01606460629651944,0.09653425133890575
2446,102.433403,2.948947,Healthy,0,0.2735403875509898,0.019001327455043793,0.018994035199284554,0.08886092073387569
2447,102.437559,2.945931,Healthy,0,0.17108225656880272,0.026267284527420998,0.030941941671901278,0.19156763123141396
2448,102.437541,2.947702,Healthy,0,0.17221627632776895,0.019658868718478415,0.01714080075422923,0.10885563989480336
2449,102.434859,2.948625,Healthy,0,0.13764104495445886,0.01862675551739004,0.015438410660458935,0.09146332823567921
2450,102.433461,2.948887,Healthy,0,0.2228239509794447,0.017220393651061587,0.01956373266875744,0.10006084044774373
2451,102.434782,2.948624,Healthy,0,0.14103879117303425,0.021645316957599588,0.01762797807653745,0.08478985726833344
2452,102.437848,2.948114,Healthy,0,0.1261417062746154,0.020400321421523888,0.0189751334902313,0.08011121509803666
2453,102.437089,2.945237,Healthy,0,0.14805854277478325,0.01890561915934086,0.015282888896763325,0.09078779485490587
2454,102.436273,2.949051,Healthy,0,0.19048270417584312,0.026131161178151768,0.025135624532898266,0.09318324426809947
2455,102.434627,2.948348,Healthy,0,0.10552122775051329,0.0167490609197153,0.013124549140532812,0.051798505087693535
2456,102.434473,2.94821,Healthy,0,0.08267771618233787,0.017743221173683803,0.011308899770180384,0.07638737600710657
2457,102.436241,2.948575,Healthy,0,0.17478520505958134,0.031144074474771816,0.03561104006237454,0.13548128058513006
2458,102.433291,2.948607,Healthy,0,0.1575277398029963,0.03862611245777872,0.043745939516358905,0.1355570356051127
2459,102.436274,2.948912,Unhealthy,1,0.14086362636751598,0.024894968710011907,0.0259825067801608,0.1234342787000868
2460,102.432972,2.94847,Healthy,0,0.2021019458770752,0.02499898336827755,0.021933779327405825,0.17540962662961748
2461,102.435809,2.94822,Healthy,0,0.1787599159611596,0.029491085559129715,0.02730959053668711,0.08421599202685887
2462,102.437133,2.945584,Healthy,0,0.08664568016926448,0.014513846590287156,0.01569193032466703,0.08582952039109336
2463,102.433205,2.948603,Healthy,0,0.23964386847284105,0.03998111809293429,0.03395398913158311,0.16742528643873003
2464,102.437096,2.945512,Healthy,0,0.10622323387198979,0.017416084185242653,0.017477347929444578,0.13259332130352655
2465,102.433104,2.948543,Healthy,0,0.23932628830273947,0.03258996560341782,0.024634810992413096,0.28494010534551406
2466,102.436315,2.94885,Healthy,0,0.12250916659832001,0.026691700435347028,0.025395839164654415,0.10371667229466969
2467,102.43709,2.945374,Healthy,0,0.16111633678277335,0.020529721139205828,0.016098287887871265,0.11454048752784729
2468,102.433287,2.948742,Healthy,0,0.19501751330163744,0.028063090932038095,0.031563270216186844,0.14084862420956293
2469,102.434668,2.948419,Healthy,0,0.2100787642929289,0.018768115072614618,0.013128747128778033,0.08344239410426882
2470,102.434858,2.949034,Healthy,0,0.08701412669486469,0.014806360316773256,0.016772109290791884,0.07117406030495961
2471,102.437249,2.945784,Healthy,0,0.1560299363401201,0.02927677022914092,0.02689125223292245,0.14834634214639664
2472,102.434973,2.949105,Healthy,0,0.09232467164595921,0.017420789330369897,0.015675654634833336,0.1101539424724049
2473,102.43717,2.945649,Healthy,0,0.10197134895457162,0.017039349613090355,0.015923499647114012,0.14296118666728339
2474,102.437516,2.945994,Healthy,0,0.1773176391919454,0.027122425329354074,0.034822316426369876,0.1895136841469341
2475,102.433133,2.948743,Healthy,0,0.21079667078124154,0.03681791635851065,0.03452611073023743,0.11570033596621619
2476,102.437212,2.945307,Healthy,0,0.10549497190448973,0.017353469195465248,0.015459639434185293,0.07863869766394298
2477,102.436283,2.948642,Healthy,0,0.18155727783838907,0.03599118462039365,0.03594394586980343,0.13063272419903013
2478,102.43732,2.945926,Healthy,0,0.16345352679491043,0.028540284062425297,0.03169910568330023,0.1340931612584326
2479,102.434701,2.94862,Healthy,0,0.12077693889538448,0.022181488159630034,0.019278797424501844,0.07893051620986727
2480,102.436395,2.948985,Healthy,0,0.13129893607563442,0.023138185549113486,0.027239048646556005,0.09553738269540998
2481,102.437441,2.945855,Healthy,0,0.2566274553537369,0.026443875084320705,0.022746176458895206,0.138504715429412
2482,102.434628,2.948488,Healthy,0,0.17404365953471926,0.019889470500250656,0.01285274357845386,0.08261421902312173
2483,102.434938,2.949039,Healthy,0,0.11312691453430387,0.02038646385901504,0.02391116072734197,0.1016779165301058
2484,102.434979,2.948966,Healthy,0,0.13085487567716175,0.025287703093555238,0.0277995185719596,0.09884655641184913
2485,102.437174,2.945513,Healthy,0,0.10413950847254859,0.015621320551468266,0.01533994326988856,0.10463478002283308
2486,102.437056,2.945303,Healthy,0,0.1545037188463741,0.019167750866876707,0.014691105940275721,0.10574587682882945
2487,102.434977,2.949241,Healthy,0,0.1584049512942632,0.020079426053497527,0.017520501795742247,0.07319159433245659
2488,102.434938,2.948897,Healthy,0,0.10935722705390719,0.021808403440647654,0.02173096810777982,0.07799184984631008
2489,102.434547,2.948347,Healthy,0,0.09484116236368816,0.018380579435163073,0.017210434501369793,0.05622089530030886
2490,102.434894,2.949105,Healthy,0,0.1279387962487009,0.018595079167021647,0.015607663119832674,0.1213490077190929
2491,102.434862,2.948898,Healthy,0,0.07122387778427866,0.016069127143257193,0.016785331380863983,0.062125708907842636
2492,102.436202,2.948637,Healthy,0,0.15164518439107472,0.04544761073258188,0.04212811133927769,0.12223315984010696
2493,102.43474,2.94869,Healthy,0,0.12959743622276518,0.017066816488901775,0.020194973796606064,0.07453395426273346
2494,102.434588,2.948275,Healthy,0,0.09180579748418596,0.017404838879075315,0.013823021513720354,0.048601624038484365
2495,102.436241,2.948706,Healthy,0,0.1744490017493566,0.04120989557769564,0.03850473608407709,0.11431557436784108
2496,102.437593,2.945995,Healthy,0,0.18387657072809008,0.02576294293006261,0.03258826293879085,0.17586364762650597
2497,102.437292,2.945447,Healthy,0,0.12563740462064743,0.02063253532267279,0.01674038006199731,0.12094884448581272
2498,102.437281,2.945853,Healthy,0,0.15420831243197122,0.027214180264208052,0.02220256171292729,0.1311868064933353
2499,102.437888,2.948185,Healthy,0,0.1450139722890324,0.021150011879702408,0.020227345637977123,0.08687321096658707
2500,102.437927,2.948121,Healthy,0,0.1273006722331047,0.01739397758824958,0.015293468410770098,0.08366028716166814
2501,102.434628,2.948211,Healthy,0,0.09239864183796777,0.017376501941018634,0.016102574558721647,0.05045219883322716
2502,102.434694,2.948761,Healthy,0,0.12104284432199267,0.018059239929748908,0.02111578153239356,0.08546951413154602
2503,102.434735,2.948826,Healthy,0,0.09193092336257298,0.01860780268907547,0.021671964993907347,0.06769261881709099
2504,102.434815,2.948831,Healthy,0,0.09343591456611951,0.01624661363247368,0.018582427874207497,0.06580827799108294
2505,102.434937,2.949175,Healthy,0,0.11365989016162024,0.020895678963926103,0.01497193177541097,0.10640740560160743
2506,102.43498,2.948831,Healthy,0,0.11749277346664005,0.025097438651654456,0.026037425009740725,0.09727409895923403
2507,102.434894,2.948827,Healthy,0,0.09946610654393832,0.01836176382170783,0.02100964252733522,0.08261198467678493
2508,102.434929,2.948757,Unhealthy,1,0.10597896410359277,0.01771399782349666,0.020957114071481757,0.09766334460841285
2509,102.434901,2.948691,Healthy,0,0.13051639248927435,0.01684767163048188,0.017981027356452413,0.08267162905799018
2510,102.437438,2.945993,Healthy,0,0.172704692516062,0.030152960163023736,0.03508400420347849,0.1695925792058309
2511,102.437963152,2.948186337,Healthy,0,0.1272722664806578,0.0204823376196954,0.01752015482634306,0.07312304278214772
