id,Class,NDVI_a,EVI,B2,B3,B4,B8,NDRE5,NDRE6,NDRE7,NDMI,spec_B5,spec_B6,spec_B7,spec_B8A,spec_B11,spec_B12,ndvi_med,ndvi_min,ndvi_std,ndvi_cnt,ndvi_slope,ndvi_delta
1,Healthy,0.8363159150560725,2.6397047748154843,345.0,528.0,343.0,3848.0,0.6598716496791242,0.18405816615053183,0.038988657844990546,0.3262103505843072,901.0,3030.0,4067.0,4397.0,2018.0,885.0,0.8162230849266052,0.4800078868865967,0.07781624922812064,76,-0.0005221020394922759,-0.0366482138633728
2,Healthy,0.8050163576881134,2.737318303174132,460.0,664.0,447.0,4138.0,0.6384806260736782,0.1726775956284153,0.043901252584215004,0.3071023674558186,947.0,3028.0,3931.0,4292.0,2078.0,955.0,0.7770102024078369,0.4118429720401764,0.08948001601217354,80,-0.0003119772779791934,0.01432943344116211
3,Healthy,0.8352713178294574,2.6716256004958936,347.0,528.0,340.0,3788.0,0.6598716496791242,0.18405816615053183,0.038988657844990546,0.3262103505843072,901.0,3030.0,4067.0,4397.0,2018.0,885.0,0.8102564215660095,0.4576139748096466,0.08510319917390036,75,-0.0004667776070080569,-0.019648313522338867
4,Healthy,0.8230462332785731,2.689829728485964,385.0,557.0,377.0,3884.0,0.6487420779719608,0.18348497380755446,0.039912785415783414,0.32407173528668853,914.5,2961.5,3963.0,4292.5,2007.0,889.0,0.8074178099632263,0.45339274406433105,0.09767884760736033,80,-0.0004857780660922632,-0.02255457639694214
5,Healthy,0.8450884842267248,2.887817703768624,341.0,479.0,302.0,3597.0,0.6621841890790546,0.17652148831843092,0.044424529509665855,0.3350226244343891,829.0,2855.0,3732.0,4079.0,1837.0,770.0,0.8277527093887329,0.503872811794281,0.07481404110489609,75,-0.000537283627298074,-0.05094653367996216
6,Unhealthy,0.8016603096253085,2.5390847072200113,420.0,653.5,442.0,4015.0,0.6459205507489069,0.186029362472347,0.05196812938518254,0.31759443339960236,951.5,3035.5,3986.0,4423.0,2059.5,916.0,0.7708082795143127,0.5002508759498596,0.086893672471282,82,-0.00031016579356970983,-0.04229629039764404
7,Healthy,0.8497187851518561,2.8648361650485437,376.0,541.0,334.0,4111.0,0.6442613742744804,0.1746923488496522,0.04113811499703616,0.3120376597175521,950.0,3085.0,4044.0,4391.0,2046.0,918.0,0.8396029472351074,0.449489027261734,0.09803288532211037,79,-0.0004864752413211303,-0.02824580669403076
8,Healthy,0.8440599769319492,2.813749615502922,370.0,517.0,338.0,3997.0,0.686408504176158,0.19408602150537635,0.04764150943396227,0.35520399666944213,826.0,2998.0,4038.0,4442.0,1936.0,854.0,0.8294375538825989,0.4184114336967468,0.10856311006252081,78,-0.0006056633437750115,-0.057573795318603516
9,Healthy,0.8499025341130604,2.7442958300550746,329.0,482.0,308.0,3796.0,0.6803230254087059,0.19006765711097162,0.04284579182201577,0.32292665910874685,811.5,2903.0,3915.0,4265.5,1941.0,833.0,0.8356893658638,0.3928678333759308,0.10103310184894054,78,-0.0004869005228943763,-0.02491527795791626
10,Healthy,0.8524783213788674,2.79090144399271,377.0,566.5,344.5,4326.0,0.6459205507489069,0.186029362472347,0.05196812938518254,0.31759443339960236,951.5,3035.5,3986.0,4423.0,2059.5,916.0,0.8287988901138306,0.5914224982261658,0.08112794057021597,82,-0.0002994902801093076,-0.053092002868652344
11,Healthy,0.8615457562825984,2.8896310432569976,338.0,494.0,292.0,3926.0,0.6783881391370462,0.18142895370618142,0.036020180687551334,0.3550236008091706,846.0,3059.0,4108.0,4415.0,1913.0,792.0,0.8437369465827942,0.3635111153125763,0.09190064129659876,70,-0.0006624051749906397,-0.03620254993438721
12,Healthy,0.8586142322097379,2.7106118829441326,320.0,511.0,302.0,3970.0,0.6762054096432771,0.1854726919878015,0.04432775674685554,0.34235641159118513,826.0,2938.0,3913.0,4276.0,1895.0,805.0,0.8494965434074402,0.5125657320022583,0.08706969270743668,77,-0.0005612001684284284,-0.05534428358078003
13,Healthy,0.7667198298777246,2.4437440694049073,501.0,818.5,548.5,4154.0,0.6037207622143954,0.1664477141355754,0.052263569566247926,0.30184058772414885,1097.0,3172.5,3998.5,4439.5,2209.5,1029.5,0.6967878937721252,0.4360587000846863,0.09132638611727333,82,-0.00036388367878314564,0.004778683185577393
14,Healthy,0.8401057946621784,2.6722753346080306,340.5,503.5,332.5,3826.5,0.6803230254087059,0.19006765711097162,0.04284579182201577,0.32292665910874685,811.5,2903.0,3915.0,4265.5,1941.0,833.0,0.8328714370727539,0.45956292748451233,0.08854266387416664,77,-0.0005517391285514852,-0.05026000738143921
15,Healthy,0.8721649484536083,2.8669327509601628,325.5,440.5,279.0,4086.0,0.71068439192516,0.20396423868597963,0.0434887073522345,0.3475667732734031,734.5,2871.5,3981.0,4343.0,1887.0,774.0,0.8588790893554688,0.46975407004356384,0.10949122347640486,74,-0.0008175440321226845,-0.055255770683288574
16,Healthy,0.8311250842128902,2.806764750492947,405.0,615.0,376.0,4077.0,0.6487420779719608,0.18348497380755446,0.039912785415783414,0.32407173528668853,914.5,2961.5,3963.0,4292.5,2007.0,889.0,0.8076508045196533,0.38966265320777893,0.0997916904043635,81,-0.00043427966498143047,-0.036128342151641846
17,Healthy,0.8352713178294574,2.6716256004958936,347.0,528.0,340.0,3788.0,0.6598716496791242,0.18405816615053183,0.038988657844990546,0.3262103505843072,901.0,3030.0,4067.0,4397.0,2018.0,885.0,0.8102564215660095,0.4576139748096466,0.08510319917390036,75,-0.0004667776070080569,-0.019648313522338867
18,Healthy,0.8347188264058679,2.8897917724733366,377.0,551.0,338.0,3752.0,0.631096991216595,0.1742230593300148,0.03954263935207242,0.3203022339027595,987.0,3069.0,4032.0,4364.0,2069.0,930.0,0.810766339302063,0.27013134956359863,0.10951214134052575,85,-0.0005115792844380984,-0.05483633279800415
19,Healthy,0.8327347357619292,2.7729369554074834,347.0,517.0,326.0,3572.0,0.6497152955036324,0.18354697844766868,0.0465869456900847,0.32192139737991265,892.0,2898.0,3827.0,4201.0,1941.0,829.0,0.820992648601532,0.491436630487442,0.07592297442616515,75,-0.000555084219157101,-0.06634706258773804
20,Healthy,0.8619164619164619,2.8167656977677855,315.0,448.0,281.0,3789.0,0.6803230254087059,0.19006765711097162,0.04284579182201577,0.32292665910874685,811.5,2903.0,3915.0,4265.5,1941.0,833.0,0.8500978946685791,0.3928678333759308,0.10037636509650312,77,-0.0005680465954952692,-0.06369072198867798
21,Unhealthy,0.8429345150172329,2.8083989501312336,348.0,504.0,319.0,3743.0,0.6621841890790546,0.17652148831843092,0.044424529509665855,0.3350226244343891,829.0,2855.0,3732.0,4079.0,1837.0,770.0,0.8345699906349182,0.45560595393180847,0.08830703517090754,75,-0.0005221482084495116,-0.045814692974090576
22,Healthy,0.8620689655172413,2.917310664605873,354.0,492.0,302.0,4077.0,0.6673724735322425,0.18804004937594293,0.04235860409145608,0.3344733242134063,864.0,2960.0,3979.0,4331.0,1946.0,861.0,0.859853982925415,0.48728665709495544,0.10149499200682412,79,-0.0006175504767495379,-0.05735504627227783
23,Healthy,0.8305165436800762,2.688395746648174,365.0,525.0,356.0,3845.0,0.6596153846153846,0.18446335437825967,0.04101326899879373,0.32282100155952176,885.0,2971.0,3975.0,4315.0,1954.0,846.0,0.8106604218482971,0.24335213005542755,0.11266613912048892,85,-0.0005732330494754898,-0.03847867250442505
24,Healthy,0.8415566365531619,2.7728591054800793,367.0,544.0,342.0,3975.0,0.6442613742744804,0.1746923488496522,0.04113811499703616,0.3120376597175521,950.0,3085.0,4044.0,4391.0,2046.0,918.0,0.8163425326347351,0.4520917534828186,0.09269506318771267,78,-0.0004114211403292465,0.003090202808380127
25,Healthy,0.852760736196319,2.870951751487112,340.0,511.0,300.0,3775.0,0.6876322369686478,0.18953362255965292,0.045644142533667026,0.36324565927454017,812.0,2989.0,4004.0,4387.0,1852.0,784.0,0.8367711305618286,0.5232661962509155,0.07560702862656661,71,-0.0005650465711528634,-0.05696743726730347
26,Healthy,0.8363159150560725,2.6397047748154843,345.0,528.0,343.0,3848.0,0.6598716496791242,0.18405816615053183,0.038988657844990546,0.3262103505843072,901.0,3030.0,4067.0,4397.0,2018.0,885.0,0.8162230849266052,0.4800078868865967,0.07781624922812064,76,-0.0005221020394922759,-0.0366482138633728
27,Healthy,0.8363159150560725,2.6397047748154843,345.0,528.0,343.0,3848.0,0.6598716496791242,0.18405816615053183,0.038988657844990546,0.3262103505843072,901.0,3030.0,4067.0,4397.0,2018.0,885.0,0.8162230849266052,0.4800078868865967,0.07781624922812064,76,-0.0005221020394922759,-0.0366482138633728
28,Healthy,0.8408209806157355,2.7776103661292755,375.0,526.0,349.0,4036.0,0.6124176857949201,0.18011567061415587,0.047037263286499695,0.28468619246861926,1030.0,2977.0,3900.0,4285.0,2137.0,964.0,0.8324009776115417,0.4135562777519226,0.10282282892926421,80,-0.0005762292469621862,-0.04659378528594971
29,Healthy,0.8305165436800762,2.688395746648174,365.0,525.0,356.0,3845.0,0.6596153846153846,0.18446335437825967,0.04101326899879373,0.32282100155952176,885.0,2971.0,3975.0,4315.0,1954.0,846.0,0.8106604218482971,0.24335213005542755,0.11266613912048892,85,-0.0005732330494754898,-0.03847867250442505
30,Healthy,0.8719106463878327,3.005898738325414,334.0,446.0,269.5,3938.5,0.7194463531952489,0.20153656194265332,0.04218480395073481,0.375886524822695,714.5,2910.0,4024.5,4379.0,1782.0,720.5,0.8592055439949036,0.1744893491268158,0.13393972784824507,76,-0.001075155146549962,-0.08134329319000244
31,Healthy,0.8369846878680801,2.7879786566227245,372.0,550.0,346.0,3899.0,0.6673724735322425,0.18804004937594293,0.04235860409145608,0.3344733242134063,864.0,2960.0,3979.0,4331.0,1946.0,861.0,0.8235799670219421,0.4813248813152313,0.09804660395981372,80,-0.000515814763734862,-0.041641056537628174
32,Healthy,0.8314202898550724,2.710333358530501,376.5,524.0,363.5,3949.0,0.6812919544702792,0.20047235343150877,0.043158085350395364,0.35159268481153944,819.0,2877.5,3963.0,4320.5,1888.0,833.0,0.8179932236671448,0.44157740473747253,0.10027625965791896,82,-0.0004904628349160823,-0.051991820335388184
33,Healthy,0.8670366795366795,2.901090028259992,323.5,458.0,275.5,3868.5,0.6986986986986987,0.19751605391292076,0.04456481595469654,0.37355606895326104,752.5,2843.0,3880.5,4242.5,1762.5,704.5,0.8575950264930725,0.23026315867900848,0.1121614154269353,75,-0.000844039741898265,-0.08188897371292114
34,Healthy,0.824406148113647,2.7570093457943927,396.0,558.0,377.0,3917.0,0.6319820661311414,0.16853932584269662,0.043478260869565216,0.294578706727629,985.0,3108.0,4004.0,4368.0,2160.0,975.0,0.801152765750885,0.3845410645008087,0.10651381798712128,83,-0.00036919451342974955,-0.04394596815109253
35,Healthy,0.8254444700992842,2.8638948970600016,413.5,589.5,378.0,3953.0,0.6113632238155745,0.1824175824175824,0.04515217519279449,0.279011949635095,1070.5,3069.0,4055.0,4438.5,2247.5,1046.5,0.7989427447319031,0.3338765501976013,0.11103978388364423,82,-0.00037893388631613574,-0.05440187454223633
36,Healthy,0.8366506520247083,2.650384113639658,361.0,570.0,357.0,4014.0,0.6516574056332631,0.1777565241153163,0.03184103423509696,0.3141577678263865,909.0,3009.0,4044.0,4310.0,1991.0,859.0,0.8130009174346924,0.44630926847457886,0.0987190635585558,85,-0.0005147255750448088,-0.03330075740814209
37,Healthy,0.8604102805941994,2.6677876882585174,307.0,481.0,296.0,3945.0,0.6900383915942615,0.18823696547805085,0.03913529631010063,0.3579892280071813,767.0,2857.0,3867.0,4182.0,1788.0,740.0,0.8522772789001465,0.5617003440856934,0.06709628363445097,75,-0.000536226900728097,-0.05336320400238037
38,Healthy,0.8697195191757299,2.8998396824185053,335.5,464.0,284.5,4083.0,0.6977848101265823,0.1976281827694454,0.04836345872007816,0.35614390007916263,764.0,2875.5,3896.0,4292.0,1830.0,760.0,0.8547606468200684,0.19702188670635223,0.1310096627048162,74,-0.0010389949859964046,-0.0614391565322876
39,Healthy,0.8278877128393926,2.6420913496842413,375.0,563.0,374.0,3972.0,0.6224403927068723,0.17568940985161596,0.04216216216216216,0.2902265586241111,1009.5,3041.5,3987.0,4338.0,2146.0,962.5,0.8077793717384338,0.3652849793434143,0.11354115523125469,83,-0.0004751816238403913,-0.04554784297943115
40,Healthy,0.8278877128393926,2.6420913496842413,375.0,563.0,374.0,3972.0,0.6224403927068723,0.17568940985161596,0.04216216216216216,0.2902265586241111,1009.5,3041.5,3987.0,4338.0,2146.0,962.5,0.8077793717384338,0.3652849793434143,0.11354115523125469,83,-0.0004751816238403913,-0.04554784297943115
41,Healthy,0.8564970441636722,2.8142138939670933,344.0,492.5,309.5,4004.0,0.701095461658842,0.1960662953029365,0.04582080577269994,0.35432937181663837,764.0,2922.5,3967.0,4348.0,1901.5,798.0,0.825872004032135,0.48100802302360535,0.09867300183498814,72,-0.0007154099901555826,-0.04358196258544922
42,Healthy,0.8604102805941994,2.6677876882585174,307.0,481.0,296.0,3945.0,0.6900383915942615,0.18823696547805085,0.03913529631010063,0.3579892280071813,767.0,2857.0,3867.0,4182.0,1788.0,740.0,0.8522772789001465,0.5617003440856934,0.06709628363445097,75,-0.000536226900728097,-0.05336320400238037
43,Healthy,0.7749565972222222,2.4037425955842755,465.0,683.5,518.5,4089.5,0.6150895140664961,0.17715198721789494,0.04263223067397842,0.275049115913556,1053.5,3090.0,4059.0,4420.5,2214.0,1036.5,0.7333468794822693,0.4827080965042114,0.08588163078771817,82,-0.0003471281407772098,0.008041977882385254
44,Healthy,0.8519744620477654,2.670867309117865,323.0,507.0,313.0,3916.0,0.6271386430678466,0.16798418972332016,0.04773964796758263,0.30957683741648107,948.0,2947.0,3760.0,4137.0,2015.0,914.0,0.8267050385475159,0.37197625637054443,0.12346804961120736,85,-0.0007203734728620289,-0.053769588470458984
45,Healthy,0.8262730959891843,2.5472353431508754,369.0,551.5,385.5,4052.5,0.6459205507489069,0.186029362472347,0.05196812938518254,0.31759443339960236,951.5,3035.5,3986.0,4423.0,2059.5,916.0,0.813084065914154,0.5921081900596619,0.08276582491051374,82,-0.0003101111899140283,-0.04780369997024536
46,Unhealthy,0.8142101632559209,2.6152141802067947,398.0,597.0,404.0,3945.0,0.631096991216595,0.1742230593300148,0.03954263935207242,0.3203022339027595,987.0,3069.0,4032.0,4364.0,2069.0,930.0,0.7831122279167175,0.31569817662239075,0.10430622817788106,85,-0.0004699934503303636,-0.045648932456970215
47,Healthy,0.8592988158811238,2.934506818902632,356.0,503.0,303.0,4004.0,0.6530340498383108,0.16722632639355273,0.03922506577373834,0.3246201601045581,912.0,3100.0,4017.0,4345.0,2067.0,938.0,0.840825617313385,0.4627271294593811,0.0965390638772245,79,-0.0005416102365883583,-0.03464925289154053
48,Healthy,0.8593012275731823,2.8309223829522474,335.0,494.0,298.0,3938.0,0.6783881391370462,0.18142895370618142,0.036020180687551334,0.3550236008091706,846.0,3059.0,4108.0,4415.0,1913.0,792.0,0.8506983518600464,0.3691912293434143,0.0900083334772473,70,-0.0007726279069845971,-0.07778942584991455
49,Healthy,0.8524648303581984,2.8307293711234984,347.5,526.0,312.0,3917.5,0.6629129129129129,0.17553403210826587,0.045304388862671074,0.33131415110213697,898.0,3107.0,4046.0,4430.0,1987.0,856.0,0.8406490683555603,0.4553542137145996,0.08622370627719847,71,-0.0005769301439279384,-0.07256072759628296
50,Healthy,0.852882703777336,2.7970660146699267,325.0,471.0,296.0,3728.0,0.6621841890790546,0.17652148831843092,0.044424529509665855,0.3350226244343891,829.0,2855.0,3732.0,4079.0,1837.0,770.0,0.8509534001350403,0.5330770611763,0.07889531018912982,75,-0.0005721863343065324,-0.07336664199829102
51,Healthy,0.8531802965088474,2.725328444851818,326.0,490.0,307.0,3875.0,0.668580479113047,0.18320932191492348,0.03449122376334847,0.3260149851890573,837.0,2909.0,3933.0,4214.0,1934.0,841.0,0.8446506261825562,0.5504372119903564,0.07022932627161595,75,-0.0004849208249219561,-0.041406333446502686
52,Healthy,0.8431326434619003,2.8663948189014152,372.5,528.0,333.5,3918.5,0.6596153846153846,0.18446335437825967,0.04101326899879373,0.32282100155952176,885.0,2971.0,3975.0,4315.0,1954.0,846.0,0.8309822678565979,0.5721709728240967,0.07957388683658441,82,-0.0003598471364647237,-0.06334590911865234
53,Healthy,0.8694021101992966,2.9678245557867777,338.0,465.0,278.5,3986.5,0.6977848101265823,0.1976281827694454,0.04836345872007816,0.35614390007916263,764.0,2875.5,3896.0,4292.0,1830.0,760.0,0.8534476161003113,0.1855405569076538,0.1246625412069104,73,-0.0009867223804610732,-0.061091482639312744
54,Healthy,0.8505059797608095,2.8433030908811316,363.0,542.0,325.0,4023.0,0.6516574056332631,0.1777565241153163,0.03184103423509696,0.3141577678263865,909.0,3009.0,4044.0,4310.0,1991.0,859.0,0.8289876580238342,0.5355709791183472,0.0959632604981582,85,-0.0006042695846459875,-0.06158018112182617
55,Unhealthy,0.8647887323943662,2.895315938384156,336.0,495.0,288.0,3972.0,0.7008695652173913,0.1931679544530297,0.046237965054082966,0.3535949982632859,774.0,2976.0,4012.0,4401.0,1861.0,785.0,0.8560119867324829,0.4926333725452423,0.09130435624025703,71,-0.0006977187995279872,-0.06393206119537354
56,Healthy,0.8531802965088474,2.725328444851818,326.0,490.0,307.0,3875.0,0.668580479113047,0.18320932191492348,0.03449122376334847,0.3260149851890573,837.0,2909.0,3933.0,4214.0,1934.0,841.0,0.8446506261825562,0.5504372119903564,0.07022932627161595,75,-0.0004849208249219561,-0.041406333446502686
57,Healthy,0.8788706739526412,2.796696130995508,303.0,457.0,266.0,4126.0,0.7098800685322673,0.19552775189671237,0.048808967772069126,0.37231182795698925,762.0,3022.0,4073.0,4491.0,1868.0,776.0,0.8766032457351685,0.44493547081947327,0.08881838011741817,72,-0.0006670670713846905,-0.07644796371459961
58,Healthy,0.8695945945945946,2.840223628071208,332.0,462.5,289.5,4150.5,0.733934611048478,0.20023411588736426,0.041476214660572205,0.3854097268487675,708.0,3074.5,4246.5,4614.0,1845.0,736.0,0.8654381036758423,0.2348703145980835,0.11815989090120542,73,-0.0009268866723058222,-0.07616668939590454
59,Healthy,0.8332530120481928,2.612966601178782,343.0,501.0,346.0,3804.0,0.6598716496791242,0.18405816615053183,0.038988657844990546,0.3262103505843072,901.0,3030.0,4067.0,4397.0,2018.0,885.0,0.8250483870506287,0.45614033937454224,0.0999171525373992,78,-0.0005464231541483176,-0.052086591720581055
60,Healthy,0.8591258460479523,2.8179560505719445,343.0,536.0,307.0,4051.5,0.6774849745723532,0.18281392619637502,0.04667397449950961,0.3494374586366645,872.0,3133.5,4131.0,4535.5,1966.0,823.5,0.8340100049972534,0.3628389239311218,0.09039369152345189,71,-0.0006577875809332007,-0.05512171983718872
61,Healthy,0.8491143112017332,2.6817193914513404,306.5,464.5,296.0,3627.5,0.6796026078857498,0.19128009395184967,0.044535976316128205,0.34115490375802016,774.0,2754.5,3711.5,4057.5,1797.0,754.5,0.8426371812820435,0.4496667981147766,0.07155451031704921,75,-0.0006056465015598004,-0.08804070949554443
62,Healthy,0.8659523809523809,2.9439857536020724,336.0,463.5,281.5,3918.5,0.7194463531952489,0.20153656194265332,0.04218480395073481,0.375886524822695,714.5,2910.0,4024.5,4379.0,1782.0,720.5,0.8533315062522888,0.18539448082447052,0.13674883206872404,76,-0.0011078549260326958,-0.0777287483215332
63,Healthy,0.8624413145539906,2.67706208102594,306.0,468.0,293.0,3967.0,0.6900383915942615,0.18823696547805085,0.03913529631010063,0.3579892280071813,767.0,2857.0,3867.0,4182.0,1788.0,740.0,0.8547351956367493,0.5642958879470825,0.06698774792311858,75,-0.0005101883987308775,-0.04790210723876953
64,Healthy,0.86235167206041,2.7369213913996164,344.0,538.0,319.0,4316.0,0.673134328358209,0.18155467720685112,0.043761638733705775,0.34837981621795905,876.0,3106.0,4108.0,4484.0,2021.0,859.0,0.8419252038002014,0.35555556416511536,0.09645928780181415,71,-0.0006391544903836051,-0.06426805257797241
65,Healthy,0.8027255029201817,2.631728246223672,450.5,617.0,456.0,4167.0,0.6459205507489069,0.186029362472347,0.05196812938518254,0.31759443339960236,951.5,3035.5,3986.0,4423.0,2059.5,916.0,0.777708113193512,0.5305938720703125,0.0829554001104676,82,-0.00023095360583046617,-0.007440686225891113
66,Unhealthy,0.8462686567164179,2.734946539110861,327.5,505.5,309.0,3711.0,0.6857283950617284,0.18982223771348902,0.037820746686124285,0.36049058256679806,795.5,2905.5,3956.0,4267.0,1825.0,766.5,0.8344954252243042,0.4470430910587311,0.0790089275208348,73,-0.000628619930384517,-0.06071501970291138
67,Healthy,0.8384852286985286,2.6920823262286677,365.5,527.0,354.0,4029.5,0.686408504176158,0.19408602150537635,0.04764150943396227,0.35520399666944213,826.0,2998.0,4038.0,4442.0,1936.0,854.0,0.8352605700492859,0.40221524238586426,0.10569984812595425,77,-0.0006526513930068278,-0.06835007667541504
68,Healthy,0.8382877526753865,2.7519712702006403,360.5,543.5,340.0,3865.0,0.6224403927068723,0.17568940985161596,0.04216216216216216,0.2902265586241111,1009.5,3041.5,3987.0,4338.0,2146.0,962.5,0.8103799223899841,0.3420098125934601,0.11800399331779428,82,-0.0004907275258657747,-0.05198591947555542
69,Healthy,0.8653622175634754,2.813115250643647,325.0,483.0,289.0,4004.0,0.6926406926406926,0.1928997365136597,0.04039671020803096,0.36722571628232004,781.0,2910.0,3967.0,4301.0,1811.0,746.0,0.860349714756012,0.5121951103210449,0.08467404559932307,77,-0.0006939219431273486,-0.08066248893737793
70,Healthy,0.8561135371179039,2.8695843091334896,375.0,542.5,329.5,4250.5,0.6596153846153846,0.18446335437825967,0.04101326899879373,0.32282100155952176,885.0,2971.0,3975.0,4315.0,1954.0,846.0,0.8451836109161377,0.5835526585578918,0.07845720075650627,82,-0.0003086242273313868,-0.05811738967895508
71,Unhealthy,0.8017452006980803,2.7304065298359617,436.5,597.5,426.0,3871.5,0.6812919544702792,0.20047235343150877,0.043158085350395364,0.35159268481153944,819.0,2877.5,3963.0,4320.5,1888.0,833.0,0.7803362011909485,0.3998449146747589,0.10612498044283163,85,-0.0006558194216010097,-0.0653347373008728
72,Healthy,0.8670763628086947,2.7214602086012287,314.0,471.5,292.0,4101.5,0.7263177998472116,0.19904490283212842,0.04757489714318827,0.37484350221183543,716.5,3019.0,4109.0,4519.5,1872.5,759.5,0.8536146879196167,0.45709219574928284,0.1047332611183032,74,-0.0007782021780428953,-0.05051898956298828
73,Healthy,0.8556330110186643,2.8821390698379035,367.0,502.0,321.0,4126.0,0.686408504176158,0.19408602150537635,0.04764150943396227,0.35520399666944213,826.0,2998.0,4038.0,4442.0,1936.0,854.0,0.8559718728065491,0.41695135831832886,0.10726206753006065,79,-0.0005986793441526251,-0.05581730604171753
74,Healthy,0.872557928214448,2.9805230076821605,344.5,446.0,280.5,4121.5,0.7194463531952489,0.20153656194265332,0.04218480395073481,0.375886524822695,714.5,2910.0,4024.5,4379.0,1782.0,720.5,0.8618724346160889,0.2203894555568695,0.12744522145295403,74,-0.0010302018784401103,-0.08306068181991577
75,Healthy,0.83758471965496,2.8730239242539524,366.5,536.0,329.5,3728.0,0.6593947923997185,0.18424451140766251,0.04336283185840708,0.33297975780076017,847.0,2842.5,3783.5,4126.5,1886.5,809.0,0.8096245527267456,0.16786521673202515,0.13816629841383074,76,-0.0011085622157026062,-0.04059278964996338
76,Healthy,0.8284572905651509,2.6445878028655017,366.5,559.5,365.0,3890.5,0.631096991216595,0.1742230593300148,0.03954263935207242,0.3203022339027595,987.0,3069.0,4032.0,4364.0,2069.0,930.0,0.8119451999664307,0.5630739331245422,0.07915993586497694,82,-0.0002919121073013166,-0.03781783580780029
77,Healthy,0.8011350737797956,2.6347618336568615,433.0,634.0,438.0,3967.0,0.6319820661311414,0.16853932584269662,0.043478260869565216,0.294578706727629,985.0,3108.0,4004.0,4368.0,2160.0,975.0,0.7702756524085999,0.39439937472343445,0.10160728293783637,83,-0.0006964444239460384,-0.0449061393737793
78,Healthy,0.8334860284012826,2.6771132200397263,371.5,519.5,363.5,4002.5,0.6224403927068723,0.17568940985161596,0.04216216216216216,0.2902265586241111,1009.5,3041.5,3987.0,4338.0,2146.0,962.5,0.8269686102867126,0.375258207321167,0.11478912652155816,83,-0.0005262189944111794,-0.07797127962112427
79,Unhealthy,0.8332145402708482,2.848903330625508,385.0,519.0,351.0,3858.0,0.6812919544702792,0.20047235343150877,0.043158085350395364,0.35159268481153944,819.0,2877.5,3963.0,4320.5,1888.0,833.0,0.8333994746208191,0.385341614484787,0.12020705448213255,83,-0.0006175660107033677,-0.07977181673049927
80,Healthy,0.8511215183633226,2.9981766084917947,358.5,486.0,302.0,3755.0,0.6898989898989899,0.20672244662435083,0.042302660270388134,0.34273676497527017,767.5,2749.5,3843.0,4182.5,1794.0,745.5,0.8331301212310791,0.15960176289081573,0.13919731640753852,76,-0.0011292593940670278,-0.07287788391113281
81,Healthy,0.8695945945945946,2.840223628071208,332.0,462.5,289.5,4150.5,0.733934611048478,0.20023411588736426,0.041476214660572205,0.3854097268487675,708.0,3074.5,4246.5,4614.0,1845.0,736.0,0.8654381036758423,0.2348703145980835,0.11815989090120542,73,-0.0009268866723058222,-0.07616668939590454
82,Healthy,0.8531802965088474,2.725328444851818,326.0,490.0,307.0,3875.0,0.668580479113047,0.18320932191492348,0.03449122376334847,0.3260149851890573,837.0,2909.0,3933.0,4214.0,1934.0,841.0,0.8446506261825562,0.5504372119903564,0.07022932627161595,75,-0.0004849208249219561,-0.041406333446502686
83,Healthy,0.8589555880917521,2.7337682510096304,310.0,472.0,289.0,3809.0,0.6664652567975831,0.17595224559408754,0.038273309072656546,0.35406113537117906,828.0,2899.0,3832.0,4137.0,1849.0,780.0,0.8593086004257202,0.5073586106300354,0.08711218792323693,78,-0.0006944534778470482,-0.0943676233291626
84,Unhealthy,0.8535850805050388,2.7302704705446463,336.5,546.5,316.0,4000.5,0.6774849745723532,0.18281392619637502,0.04667397449950961,0.3494374586366645,872.0,3133.5,4131.0,4535.5,1966.0,823.5,0.8303054571151733,0.35227498412132263,0.09112229026360126,71,-0.0005592979958001254,-0.024131953716278076
85,Healthy,0.8088432335864225,2.5713474371716596,413.0,624.0,428.0,4050.0,0.686408504176158,0.19408602150537635,0.04764150943396227,0.35520399666944213,826.0,2998.0,4038.0,4442.0,1936.0,854.0,0.7915509343147278,0.42698705196380615,0.09749096748739206,78,-0.0005235263422921411,-0.035711705684661865
86,Healthy,0.876472606656754,2.963263727764888,332.0,445.5,270.0,4101.5,0.7194463531952489,0.20153656194265332,0.04218480395073481,0.375886524822695,714.5,2910.0,4024.5,4379.0,1782.0,720.5,0.8651816844940186,0.22808250784873962,0.12595671993325772,74,-0.0009789061120377691,-0.08310246467590332
87,Healthy,0.8344893566132504,2.8347416314592135,378.0,551.0,346.0,3835.0,0.6836407377706496,0.19272830563840362,0.04517734909769757,0.3525970572593512,789.0,2842.0,3836.0,4199.0,1826.0,779.0,0.8263052105903625,0.4831753075122833,0.07359455585835474,75,-0.0005592047839127703,-0.054167985916137695
88,Healthy,0.8553719008264463,2.6041375454291305,314.0,485.0,315.0,4041.0,0.7052973799961751,0.19811891165602957,0.04641201666373291,0.358650490277547,770.5,2984.0,4063.0,4458.5,1929.5,785.0,0.8357375264167786,0.42176634073257446,0.10205963847792131,73,-0.0006823489240255277,-0.03608173131942749
89,Healthy,0.8445633665774751,2.7669748167038573,343.0,483.5,319.5,3791.5,0.6812919544702792,0.20047235343150877,0.043158085350395364,0.35159268481153944,819.0,2877.5,3963.0,4320.5,1888.0,833.0,0.8352362513542175,0.43420735001564026,0.10438962071226282,82,-0.0004326907884168533,-0.06279224157333374
90,Healthy,0.8349640457385359,2.8548972188633615,385.5,539.5,350.0,3891.5,0.6638820638820638,0.19748196350261707,0.04415936844702109,0.31852769421341354,855.0,2836.5,3874.5,4232.5,1925.5,840.0,0.8208830952644348,0.43470996618270874,0.10609981267205013,82,-0.0006296978876947128,-0.07050096988677979
91,Healthy,0.867864950206461,2.853378054623862,313.0,454.0,272.0,3845.0,0.668580479113047,0.18320932191492348,0.03449122376334847,0.3260149851890573,837.0,2909.0,3933.0,4214.0,1934.0,841.0,0.8535789251327515,0.5592367649078369,0.07111097074029861,75,-0.0005521029271197588,-0.062042295932769775
92,Healthy,0.8214868329060825,2.780407004259347,405.0,617.0,383.0,3908.0,0.6530340498383108,0.16722632639355273,0.03922506577373834,0.3246201601045581,912.0,3100.0,4017.0,4345.0,2067.0,938.0,0.7886691093444824,0.4588887095451355,0.09503727618064817,78,-0.00029648105893407054,0.02830415964126587
93,Healthy,0.8564356435643564,2.839789888378201,326.0,495.0,290.0,3750.0,0.6876322369686478,0.18953362255965292,0.045644142533667026,0.36324565927454017,812.0,2989.0,4004.0,4387.0,1852.0,784.0,0.8396373987197876,0.4943290948867798,0.08260758437458356,71,-0.000608394928039908,-0.05636858940124512
94,Healthy,0.8677404718693285,2.652381942999792,301.5,458.5,291.5,4116.5,0.7263177998472116,0.19904490283212842,0.04757489714318827,0.37484350221183543,716.5,3019.0,4109.0,4519.5,1872.5,759.5,0.8508100509643555,0.5160503387451172,0.10059519242645876,74,-0.0007476955148158419,-0.05823606252670288
95,Healthy,0.8646402279743529,2.7608431907794966,312.0,481.0,285.0,3926.0,0.6664652567975831,0.17595224559408754,0.038273309072656546,0.35406113537117906,828.0,2899.0,3832.0,4137.0,1849.0,780.0,0.8603607416152954,0.5229429006576538,0.0858536831883575,77,-0.0006384483461937347,-0.07202565670013428
96,Healthy,0.8499025341130604,2.7442958300550746,329.0,482.0,308.0,3796.0,0.6803230254087059,0.19006765711097162,0.04284579182201577,0.32292665910874685,811.5,2903.0,3915.0,4265.5,1941.0,833.0,0.8356893658638,0.3928678333759308,0.10103310184894054,78,-0.0004869005228943763,-0.02491527795791626
97,Healthy,0.856020942408377,2.8034979423868314,304.0,457.0,275.0,3545.0,0.6601546601546602,0.17263188155814288,0.049800540470981855,0.3435686201085939,835.0,2878.0,3692.0,4079.0,1753.0,735.0,0.8560575246810913,0.48451152443885803,0.09459173859645996,77,-0.0007997549904122155,-0.1037549376487732
98,Healthy,0.8643039203786868,2.755378424392509,305.0,475.0,279.5,3840.0,0.6766865759326349,0.1773927392739274,0.04427369191364801,0.3533409833171507,825.5,2991.0,3918.0,4281.0,1831.5,731.5,0.854877233505249,0.597732424736023,0.07640569478699653,75,-0.0005941702658785255,-0.06591266393661499
99,Healthy,0.8556330110186643,2.8821390698379035,367.0,502.0,321.0,4126.0,0.686408504176158,0.19408602150537635,0.04764150943396227,0.35520399666944213,826.0,2998.0,4038.0,4442.0,1936.0,854.0,0.8559718728065491,0.41695135831832886,0.10726206753006065,79,-0.0005986793441526251,-0.05581730604171753
100,Healthy,0.8607830950901181,2.7438782787859575,302.5,455.0,280.0,3742.5,0.6934024600996239,0.19523570352299635,0.04754118978744812,0.34052887209929844,754.0,2804.0,3786.5,4164.5,1833.0,773.0,0.8599702715873718,0.4576687216758728,0.0812012111753097,77,-0.0006132469160924583,-0.07209765911102295
101,Healthy,0.8566243194192378,2.8346220253734704,354.5,554.5,316.0,4092.0,0.6774849745723532,0.18281392619637502,0.04667397449950961,0.3494374586366645,872.0,3133.5,4131.0,4535.5,1966.0,823.5,0.8360689878463745,0.36745816469192505,0.09583053828288522,72,-0.0006145824649516581,-0.0648202896118164
102,Healthy,0.8739940216141642,2.8365671641791046,316.0,491.0,274.0,4075.0,0.7098800685322673,0.19552775189671237,0.048808967772069126,0.37231182795698925,762.0,3022.0,4073.0,4491.0,1868.0,776.0,0.8682119846343994,0.4333154857158661,0.08505374557801468,72,-0.0006484100505213067,-0.06603443622589111
103,Healthy,0.8599439775910365,2.834956346541303,310.0,465.0,275.0,3652.0,0.6898242746219861,0.1849835219945551,0.041692908426754,0.35647382920110193,759.0,2844.0,3804.0,4135.0,1752.0,721.0,0.859800398349762,0.48878923058509827,0.09810386152814551,77,-0.0007911871317603563,-0.09232306480407715
104,Healthy,0.8561135371179039,2.8695843091334896,375.0,542.5,329.5,4250.5,0.6596153846153846,0.18446335437825967,0.04101326899879373,0.32282100155952176,885.0,2971.0,3975.0,4315.0,1954.0,846.0,0.8451836109161377,0.5835526585578918,0.07845720075650627,82,-0.0003086242273313868,-0.05811738967895508
105,Healthy,0.8535850805050388,2.7302704705446463,336.5,546.5,316.0,4000.5,0.6774849745723532,0.18281392619637502,0.04667397449950961,0.3494374586366645,872.0,3133.5,4131.0,4535.5,1966.0,823.5,0.8303054571151733,0.35227498412132263,0.09112229026360126,71,-0.0005592979958001254,-0.024131953716278076
106,Healthy,0.8088432335864225,2.5713474371716596,413.0,624.0,428.0,4050.0,0.686408504176158,0.19408602150537635,0.04764150943396227,0.35520399666944213,826.0,2998.0,4038.0,4442.0,1936.0,854.0,0.7915509343147278,0.42698705196380615,0.09749096748739206,78,-0.0005235263422921411,-0.035711705684661865
107,Healthy,0.823076923076923,2.83626173886701,435.0,626.0,402.5,4147.5,0.6693702724870135,0.188400155702608,0.039614074914869464,0.3532113788379402,907.0,3127.5,4230.5,4579.5,2006.5,872.5,0.7894447445869446,0.5606911182403564,0.08000991826227337,82,-0.00030037913909526897,-0.020640850067138672
108,Healthy,0.8731281688480133,2.8185901339829478,307.0,430.5,269.0,3971.5,0.7171235597934048,0.20473867595818815,0.03975461598604679,0.3702105626510183,712.0,2853.0,3991.5,4322.0,1824.5,707.0,0.8580430150032043,0.5040209293365479,0.09548000387509271,70,-0.0007467827766351489,-0.06886929273605347
109,Healthy,0.8693002257336343,2.7064445850024597,309.5,450.0,289.5,4140.5,0.7263177998472116,0.19904490283212842,0.04757489714318827,0.37484350221183543,716.5,3019.0,4109.0,4519.5,1872.5,759.5,0.8543954491615295,0.5111657977104187,0.10088938022497515,74,-0.0007691270121048332,-0.05152153968811035
110,Healthy,0.8680308081388666,2.860877472152762,331.5,454.0,287.0,4062.5,0.7217741935483871,0.2010447361371551,0.04858796702332924,0.37404580152671757,724.5,2982.5,4068.0,4483.5,1845.0,749.0,0.8623822927474976,0.25800755620002747,0.11677593095571656,73,-0.00088686648787673,-0.06324225664138794
111,Healthy,0.8564246463229276,2.7190051967334816,326.0,495.5,307.0,3969.5,0.6883193691473632,0.19093311083298567,0.038816108685104316,0.3588317107093185,790.5,2909.0,3962.0,4282.0,1844.0,773.5,0.8497257232666016,0.4791325032711029,0.07306636721071583,76,-0.0005120950376487392,-0.05551522970199585
112,Healthy,0.86265664160401,2.820386758439856,308.0,450.0,274.0,3716.0,0.6898242746219861,0.1849835219945551,0.041692908426754,0.35647382920110193,759.0,2844.0,3804.0,4135.0,1752.0,721.0,0.8588714599609375,0.49795201420783997,0.08972472122823281,77,-0.0007210385082262102,-0.08564043045043945
113,Healthy,0.8462686567164179,2.734946539110861,327.5,505.5,309.0,3711.0,0.6857283950617284,0.18982223771348902,0.037820746686124285,0.36049058256679806,795.5,2905.5,3956.0,4267.0,1825.0,766.5,0.8344954252243042,0.4470430910587311,0.0790089275208348,73,-0.000628619930384517,-0.06071501970291138
114,Healthy,0.8673784104389086,2.6904113621311354,295.5,476.5,279.5,3935.5,0.6518475750577367,0.19457202505219207,0.03941871026339691,0.32902457691980613,904.5,2893.5,3966.0,4291.5,1972.5,845.5,0.8524685502052307,0.42385321855545044,0.1041189771439846,71,-0.0007928589374139036,-0.07500284910202026
115,Healthy,0.8572761194029851,2.904551201011378,354.0,482.0,306.0,3982.0,0.702515349574173,0.20442763065713884,0.041813113561992486,0.3634934497816594,751.0,2839.0,3953.0,4298.0,1822.0,789.0,0.845792829990387,0.3825051784515381,0.12882359718011313,83,-0.0006158227225593111,-0.072773277759552
116,Healthy,0.8644318461917673,2.827769714562167,311.0,436.0,275.0,3782.0,0.7023026315789473,0.19965227470298463,0.03590641811585137,0.3645062285611121,724.0,2762.0,3853.0,4140.0,1760.0,728.0,0.8641383051872253,0.46951645612716675,0.0816493671410952,76,-0.0006429321930586281,-0.08922404050827026
117,Healthy,0.8695945945945946,2.840223628071208,332.0,462.5,289.5,4150.5,0.733934611048478,0.20023411588736426,0.041476214660572205,0.3854097268487675,708.0,3074.5,4246.5,4614.0,1845.0,736.0,0.8654381036758423,0.2348703145980835,0.11815989090120542,73,-0.0009268866723058222,-0.07616668939590454
118,Healthy,0.8497187851518561,2.8648361650485437,376.0,541.0,334.0,4111.0,0.6442613742744804,0.1746923488496522,0.04113811499703616,0.3120376597175521,950.0,3085.0,4044.0,4391.0,2046.0,918.0,0.8396029472351074,0.449489027261734,0.09803288532211037,79,-0.0004864752413211303,-0.02824580669403076
119,Healthy,0.8653663177925784,2.7728658536585367,312.0,464.0,283.0,3921.0,0.7023026315789473,0.19965227470298463,0.03590641811585137,0.3645062285611121,724.0,2762.0,3853.0,4140.0,1760.0,728.0,0.8667845129966736,0.48983630537986755,0.08112801464650607,75,-0.0006098603303588588,-0.07790809869766235
120,Healthy,0.8728350575380681,2.7718715393133997,304.5,487.5,273.5,4028.0,0.6897799511002445,0.1889622901183595,0.04316850812050957,0.35589708167846656,793.0,2946.5,3962.0,4319.5,1865.0,764.0,0.8626461029052734,0.5518169403076172,0.09139477063555844,74,-0.0006646573109800224,-0.07617008686065674
121,Healthy,0.8277919863597613,2.6968476600472155,415.0,641.0,404.0,4288.0,0.6516574056332631,0.1777565241153163,0.03184103423509696,0.3141577678263865,909.0,3009.0,4044.0,4310.0,1991.0,859.0,0.7905308604240417,0.5002599358558655,0.08414905251609879,85,-0.0006061898374531831,-0.03373599052429199
122,Healthy,0.8634217217580821,2.8147943475171706,316.5,517.0,282.0,3847.5,0.6639700078926598,0.16873397546947544,0.03963508598902792,0.367326996535489,851.5,2999.0,3895.0,4216.5,1780.5,723.0,0.856360673904419,0.6026899218559265,0.08101374152826298,76,-0.0005914517102433386,-0.08218276500701904
123,Healthy,0.8501995773655788,2.809154383242824,351.0,539.0,319.0,3940.0,0.6629129129129129,0.17553403210826587,0.045304388862671074,0.33131415110213697,898.0,3107.0,4046.0,4430.0,1987.0,856.0,0.8431981801986694,0.451547771692276,0.07973470505764405,73,-0.0006714194467273855,-0.07181596755981445
124,Unhealthy,0.8334860284012826,2.6771132200397263,371.5,519.5,363.5,4002.5,0.6224403927068723,0.17568940985161596,0.04216216216216216,0.2902265586241111,1009.5,3041.5,3987.0,4338.0,2146.0,962.5,0.8269686102867126,0.375258207321167,0.11478912652155816,83,-0.0005262189944111794,-0.07797127962112427
125,Healthy,0.7827257156838757,2.338108463674901,385.0,550.0,444.0,3643.0,0.6435487057893697,0.1798581560283688,0.04066057800575504,0.31180555555555556,902.0,2891.0,3834.0,4159.0,1982.0,874.0,0.7780158519744873,0.524570882320404,0.06767233355121123,74,-0.00035002758383376116,-0.04864686727523804
126,Healthy,0.8678847505270555,2.7302873986735445,305.0,479.0,282.0,3987.0,0.7059388814145685,0.19413426611058793,0.04251820530890298,0.37049068216789194,765.0,2995.0,4076.0,4438.0,1841.0,735.0,0.8647491335868835,0.43831390142440796,0.0831681142318325,72,-0.0006515626165319619,-0.06898492574691772
127,Unhealthy,0.8603174603174604,2.788885621875919,340.0,529.0,308.0,4102.0,0.6820285026836942,0.18256343526350033,0.04978630010396211,0.345273631840796,859.0,3141.0,4113.0,4544.0,1974.0,842.0,0.84684818983078,0.4886225461959839,0.07990495029167939,70,-0.0004775610782554661,-0.021917104721069336
128,Healthy,0.8327750899392135,2.72421069718367,351.5,519.0,337.0,3693.5,0.6368677693852185,0.18559556786703602,0.043329879943933204,0.318154787188854,949.5,2940.0,3924.5,4280.0,2006.5,923.0,0.8090857267379761,0.4168607294559479,0.11967601075414348,84,-0.0005524559507513534,-0.049034714698791504
129,Healthy,0.8431326434619003,2.8663948189014152,372.5,528.0,333.5,3918.5,0.6596153846153846,0.18446335437825967,0.04101326899879373,0.32282100155952176,885.0,2971.0,3975.0,4315.0,1954.0,846.0,0.8309822678565979,0.5721709728240967,0.07957388683658441,82,-0.0003598471364647237,-0.06334590911865234
130,Healthy,0.8495386799148332,2.791945265122065,347.0,516.0,318.0,3909.0,0.6762054096432771,0.1854726919878015,0.04432775674685554,0.34235641159118513,826.0,2938.0,3913.0,4276.0,1895.0,805.0,0.846790611743927,0.5021178126335144,0.0899344837296255,77,-0.0005850853089845359,-0.06602901220321655
131,Healthy,0.8766903506761403,2.7795945062132112,302.5,424.5,269.0,4094.0,0.727555988315482,0.20439888670151382,0.04334019406057042,0.3712146988771691,699.5,2930.0,4067.0,4435.5,1848.0,755.0,0.85922771692276,0.49273958802223206,0.10113404965315165,74,-0.0007780491815829365,-0.057805657386779785
132,Healthy,0.8564356435643564,2.839789888378201,326.0,495.0,290.0,3750.0,0.6876322369686478,0.18953362255965292,0.045644142533667026,0.36324565927454017,812.0,2989.0,4004.0,4387.0,1852.0,784.0,0.8396373987197876,0.4943290948867798,0.08260758437458356,71,-0.000608394928039908,-0.05636858940124512
133,Healthy,0.8671781347398705,2.7530826609834067,303.0,455.0,277.0,3894.0,0.7023026315789473,0.19965227470298463,0.03590641811585137,0.3645062285611121,724.0,2762.0,3853.0,4140.0,1760.0,728.0,0.8661413788795471,0.5015485286712646,0.07538964508217683,75,-0.0005675799614396947,-0.0727611780166626
134,Healthy,0.8607838422697763,2.941659819227609,342.0,476.5,289.5,3869.5,0.6977848101265823,0.1976281827694454,0.04836345872007816,0.35614390007916263,764.0,2875.5,3896.0,4292.0,1830.0,760.0,0.8528715968132019,0.18873782455921173,0.1381932593225246,76,-0.0011386456344249058,-0.08327054977416992
135,Healthy,0.8647342995169082,2.8562310515398117,321.0,474.0,280.0,3860.0,0.643281807372176,0.1798520204894707,0.03456019962570181,0.31041595049845305,900.0,2882.0,3869.0,4146.0,2006.0,926.0,0.8579117059707642,0.5577722191810608,0.078699513235202,75,-0.0005563847066610886,-0.06440669298171997
136,Healthy,0.8669538167025604,2.823850350740452,315.0,479.0,278.0,3901.0,0.7008695652173913,0.1931679544530297,0.046237965054082966,0.3535949982632859,774.0,2976.0,4012.0,4401.0,1861.0,785.0,0.8562368154525757,0.48601818084716797,0.09073107165541118,71,-0.0006859250194386605,-0.06130880117416382
137,Healthy,0.8656969696969697,2.7220062504764084,297.5,481.5,277.0,3848.0,0.6897799511002445,0.1889622901183595,0.04316850812050957,0.35589708167846656,793.0,2946.5,3962.0,4319.5,1865.0,764.0,0.8618003726005554,0.2862470746040344,0.10876191425597054,75,-0.0007705360909002467,-0.08206874132156372
138,Healthy,0.8607134190730406,2.7758647675692596,315.0,491.0,287.0,3834.0,0.6584883260783537,0.17197986577181207,0.0447463542315842,0.3600141043723554,863.0,2961.0,3832.0,4191.0,1815.0,771.0,0.8585379719734192,0.43103763461112976,0.09352968604637803,75,-0.0007212131527033615,-0.08544349670410156
139,Healthy,0.8753750288483729,2.8293301506788007,311.0,475.0,270.0,4063.0,0.6820285026836942,0.18256343526350033,0.04978630010396211,0.345273631840796,859.0,3141.0,4113.0,4544.0,1974.0,842.0,0.8643808960914612,0.5221177339553833,0.07748781748559695,69,-0.0006359375870047662,-0.06482142210006714
140,Healthy,0.864244741873805,2.7435508345978756,308.0,475.0,284.0,3900.0,0.7004649322385993,0.18510858324715615,0.039298669891172915,0.37011173184357543,757.0,2955.0,3972.5,4297.5,1804.0,751.0,0.8621270656585693,0.4796072542667389,0.08851632810593588,74,-0.0006832688995632412,-0.09204626083374023
141,Healthy,0.8720197930724246,2.694606616624965,303.0,475.5,284.5,4161.5,0.7052228078581696,0.1886439545758183,0.03900502160457783,0.38046229120971825,769.0,3036.5,4114.5,4448.5,1836.0,734.0,0.8597654700279236,0.5,0.10354534896799018,72,-0.0008280277772138274,-0.08094978332519531
142,Healthy,0.8725042097666587,2.747311013482806,291.0,464.0,265.0,3892.0,0.6857941942328093,0.1806822019587977,0.04333293541840755,0.37181928336506836,814.5,3032.5,4007.0,4370.0,1814.5,725.0,0.8585447072982788,0.5536500811576843,0.08252463141762134,73,-0.0006087664340539353,-0.07532733678817749
143,Healthy,0.8669538167025604,2.823850350740452,315.0,479.0,278.0,3901.0,0.7008695652173913,0.1931679544530297,0.046237965054082966,0.3535949982632859,774.0,2976.0,4012.0,4401.0,1861.0,785.0,0.8562368154525757,0.48601818084716797,0.09073107165541118,71,-0.0006859250194386605,-0.06130880117416382
144,Healthy,0.8755074424898511,2.739590684544813,303.0,476.0,276.0,4158.0,0.7098800685322673,0.19552775189671237,0.048808967772069126,0.37231182795698925,762.0,3022.0,4073.0,4491.0,1868.0,776.0,0.8757968544960022,0.4382820427417755,0.08415173099418281,72,-0.0006342550669089763,-0.06671440601348877
145,Healthy,0.8538077969174978,2.775567344532862,351.0,538.0,322.5,4089.5,0.675249807840123,0.18952108063855916,0.048088482808367396,0.34102429645166926,845.0,2970.0,3959.0,4359.0,1885.0,797.0,0.8433148860931396,0.4972047507762909,0.07329003231082812,71,-0.0005569399960042872,-0.058877646923065186
146,Healthy,0.8584508784954219,2.7362359993689855,307.0,489.0,286.0,3755.0,0.6893711070926261,0.18706762671184526,0.03815285837757748,0.36212743173300016,773.0,2879.0,3895.0,4204.0,1787.0,756.0,0.8562626242637634,0.49537393450737,0.08777528820815073,77,-0.0007019838292071725,-0.07381641864776611
147,Healthy,0.8697977214601256,2.629322462749508,286.0,428.0,280.0,4021.0,0.7037322789082843,0.20193223567832358,0.04298028102491439,0.3597281223449448,768.0,2932.5,4052.5,4416.5,1884.0,767.0,0.8508089184761047,0.5065963268280029,0.09905829843880971,73,-0.0007454023190498311,-0.05773502588272095
148,Unhealthy,0.8534854245880862,2.839193861202462,323.5,472.0,289.0,3656.0,0.6796026078857498,0.19128009395184967,0.044535976316128205,0.34115490375802016,774.0,2754.5,3711.5,4057.5,1797.0,754.5,0.8485621213912964,0.4463883638381958,0.07390998075792697,75,-0.0006697183634523547,-0.11177462339401245
149,Healthy,0.8477801268498943,2.723362511319046,342.0,561.0,324.0,3933.0,0.6629129129129129,0.17553403210826587,0.045304388862671074,0.33131415110213697,898.0,3107.0,4046.0,4430.0,1987.0,856.0,0.8297246694564819,0.46699589490890503,0.08434733625195097,74,-0.00046796387256034164,-0.059719860553741455
150,Healthy,0.8643039203786868,2.755378424392509,305.0,475.0,279.5,3840.0,0.6766865759326349,0.1773927392739274,0.04427369191364801,0.3533409833171507,825.5,2991.0,3918.0,4281.0,1831.5,731.5,0.854877233505249,0.597732424736023,0.07640569478699653,75,-0.0005941702658785255,-0.06591266393661499
151,Healthy,0.860784541962519,2.7809115523465704,329.0,522.5,299.0,3996.5,0.6532489936745256,0.1729108587747331,0.048759727626459144,0.3564798899965624,904.5,3041.0,3911.5,4312.5,1872.0,771.5,0.8526802062988281,0.6062080264091492,0.07442069219494848,76,-0.0005683791912463376,-0.07767105102539062
152,Unhealthy,0.8500130650640189,2.9091396887855483,329.0,470.0,287.0,3540.0,0.6796026078857498,0.19128009395184967,0.044535976316128205,0.34115490375802016,774.0,2754.5,3711.5,4057.5,1797.0,754.5,0.8367061018943787,0.4424242377281189,0.07481861692356805,75,-0.0006835407527083434,-0.08844494819641113
153,Healthy,0.8481657215600046,2.764408569704285,353.0,540.0,328.0,3992.5,0.6629129129129129,0.17553403210826587,0.045304388862671074,0.33131415110213697,898.0,3107.0,4046.0,4430.0,1987.0,856.0,0.8389981985092163,0.46229398250579834,0.07849705490601006,71,-0.0005868721949168457,-0.07381051778793335
154,Healthy,0.8472931562819204,2.7335640138408306,317.0,522.0,299.0,3617.0,0.6601546601546602,0.17263188155814288,0.049800540470981855,0.3435686201085939,835.0,2878.0,3692.0,4079.0,1753.0,735.0,0.8489245772361755,0.4787046015262604,0.09801565849914548,77,-0.0007693747777411359,-0.08903437852859497
155,Healthy,0.8407808090310442,2.802383005408795,367.5,518.5,338.5,3913.5,0.6638820638820638,0.19748196350261707,0.04415936844702109,0.31852769421341354,855.0,2836.5,3874.5,4232.5,1925.5,840.0,0.8226379752159119,0.42721667885780334,0.12208039753734243,84,-0.00064865128838906,-0.07340949773788452
156,Healthy,0.8408209806157355,2.7776103661292755,375.0,526.0,349.0,4036.0,0.6124176857949201,0.18011567061415587,0.047037263286499695,0.28468619246861926,1030.0,2977.0,3900.0,4285.0,2137.0,964.0,0.8324009776115417,0.4135562777519226,0.10282282892926421,80,-0.0005762292469621862,-0.04659378528594971
157,Healthy,0.8693952632789147,2.90176515732924,335.0,469.5,284.0,4065.0,0.7217741935483871,0.2010447361371551,0.04858796702332924,0.37404580152671757,724.5,2982.5,4068.0,4483.5,1845.0,749.0,0.8577788472175598,0.21996952593326569,0.1221815392974999,73,-0.0009061146449743464,-0.0598902702331543
158,Healthy,0.8620843561704976,2.8139568764568765,346.0,556.0,309.0,4172.0,0.673134328358209,0.18155467720685112,0.043761638733705775,0.34837981621795905,876.0,3106.0,4108.0,4484.0,2021.0,859.0,0.8400450944900513,0.352632611989975,0.09148546390669675,70,-0.0005924492739226513,-0.03435182571411133
159,Healthy,0.8620447359175547,2.6949549681482026,310.5,512.5,294.5,3975.0,0.6639700078926598,0.16873397546947544,0.03963508598902792,0.367326996535489,851.5,2999.0,3895.0,4216.5,1780.5,723.0,0.8575299978256226,0.5950977802276611,0.07832180953479254,76,-0.0005802902941341976,-0.08510845899581909
160,Healthy,0.8752268602540835,2.723422278695468,299.0,462.0,275.0,4133.0,0.6926025297048678,0.18486718540381003,0.042492917847025496,0.3378483980203178,802.0,3038.0,4056.0,4416.0,1906.5,772.5,0.8685367107391357,0.5210559368133545,0.0953533468892882,75,-0.0006951578910287559,-0.08032387495040894
161,Healthy,0.8643603782976605,2.8831147268802924,316.0,450.5,272.5,3745.5,0.6934024600996239,0.19523570352299635,0.04754118978744812,0.34052887209929844,754.0,2804.0,3786.5,4164.5,1833.0,773.0,0.8587238192558289,0.4815646708011627,0.0773304321411558,76,-0.0005501648203353517,-0.051036953926086426
162,Healthy,0.8599439775910365,2.834956346541303,310.0,465.0,275.0,3652.0,0.6898242746219861,0.1849835219945551,0.041692908426754,0.35647382920110193,759.0,2844.0,3804.0,4135.0,1752.0,721.0,0.859800398349762,0.48878923058509827,0.09810386152814551,77,-0.0007911871317603563,-0.09232306480407715
163,Healthy,0.8575957083638137,2.7099707196794576,309.0,475.0,292.0,3809.0,0.6898242746219861,0.1849835219945551,0.041692908426754,0.35647382920110193,759.0,2844.0,3804.0,4135.0,1752.0,721.0,0.8558260202407837,0.5002907514572144,0.08977350351271536,77,-0.0007952592426640461,-0.09172052145004272
164,Healthy,0.8700997448387845,2.8249736406085253,319.0,493.0,280.0,4031.0,0.6820285026836942,0.18256343526350033,0.04978630010396211,0.345273631840796,859.0,3141.0,4113.0,4544.0,1974.0,842.0,0.8539697527885437,0.5221177339553833,0.07644724306048,69,-0.0005162839355760051,-0.03521895408630371
165,Healthy,0.8256038647342995,2.8426480372588157,392.0,538.0,361.0,3779.0,0.6124176857949201,0.18011567061415587,0.047037263286499695,0.28468619246861926,1030.0,2977.0,3900.0,4285.0,2137.0,964.0,0.7966080904006958,0.39326438307762146,0.10326265360649964,81,-0.0006644492134024937,-0.042921602725982666
166,Healthy,0.8580984233158147,2.911330847787324,345.0,501.0,297.0,3889.0,0.6617783552997958,0.17387883556254918,0.045305931807566556,0.3251411491198937,911.0,3150.0,4088.0,4476.0,2032.0,898.0,0.8504975438117981,0.47314924001693726,0.08768725766636977,71,-0.0006115768025900994,-0.05985826253890991
167,Healthy,0.8624413145539906,2.67706208102594,306.0,468.0,293.0,3967.0,0.6900383915942615,0.18823696547805085,0.03913529631010063,0.3579892280071813,767.0,2857.0,3867.0,4182.0,1788.0,740.0,0.8547351956367493,0.5642958879470825,0.06698774792311858,75,-0.0005101883987308775,-0.04790210723876953
168,Unhealthy,0.8288721116449325,2.5900772090363167,366.0,559.5,374.0,3997.0,0.6700893706027762,0.1823382917143434,0.044414055532433556,0.34376850833403844,867.5,3037.0,4018.0,4391.5,1939.0,793.5,0.8167811632156372,0.49056220054626465,0.09291550658220686,71,-0.0008052231262633125,-0.049528419971466064
169,Healthy,0.8801918801918802,2.8043688958473125,293.5,424.5,256.0,4017.5,0.727555988315482,0.20439888670151382,0.04334019406057042,0.3712146988771691,699.5,2930.0,4067.0,4435.5,1848.0,755.0,0.8584446907043457,0.4312012493610382,0.1050812822554912,74,-0.0008122884490054538,-0.06889462471008301
170,Healthy,0.8609101516919486,2.737865518776904,321.0,531.5,298.0,3987.0,0.6639700078926598,0.16873397546947544,0.03963508598902792,0.367326996535489,851.5,2999.0,3895.0,4216.5,1780.5,723.0,0.8518015146255493,0.6040882468223572,0.07961088068662538,76,-0.000593175017153983,-0.08080142736434937
171,Healthy,0.8563145954121503,2.823304521276596,318.0,473.0,285.0,3682.0,0.6702986279257466,0.17970642724811173,0.04546602677443799,0.32803180914512925,817.0,2878.0,3779.0,4139.0,1859.0,778.0,0.8506696224212646,0.5622515082359314,0.06815033165741959,75,-0.0005988525109639349,-0.06013411283493042
172,Healthy,0.8472931562819204,2.7335640138408306,317.0,522.0,299.0,3617.0,0.6601546601546602,0.17263188155814288,0.049800540470981855,0.3435686201085939,835.0,2878.0,3692.0,4079.0,1753.0,735.0,0.8489245772361755,0.4787046015262604,0.09801565849914548,77,-0.0007693747777411359,-0.08903437852859497
173,Healthy,0.8657876147869084,2.789409801244121,317.0,492.0,285.0,3962.0,0.6820285026836942,0.18256343526350033,0.04978630010396211,0.345273631840796,859.0,3141.0,4113.0,4544.0,1974.0,842.0,0.8571153879165649,0.4886225461959839,0.08363837771386275,70,-0.0006332723181917872,-0.05828279256820679
174,Healthy,0.8249820187005514,2.562555853440572,352.0,552.0,365.0,3806.0,0.6497152955036324,0.18354697844766868,0.0465869456900847,0.32192139737991265,892.0,2898.0,3827.0,4201.0,1941.0,829.0,0.7997854351997375,0.4800078868865967,0.07359906769480584,76,-0.0005104063607559986,-0.03816777467727661
175,Healthy,0.8681706027493832,2.792305948152067,313.5,463.0,280.5,3975.0,0.7004649322385993,0.18510858324715615,0.039298669891172915,0.37011173184357543,757.0,2955.0,3972.5,4297.5,1804.0,751.0,0.8685982823371887,0.5,0.08142064575292467,74,-0.0006390490382610199,-0.07689368724822998
176,Healthy,0.8575957083638137,2.7099707196794576,309.0,475.0,292.0,3809.0,0.6898242746219861,0.1849835219945551,0.041692908426754,0.35647382920110193,759.0,2844.0,3804.0,4135.0,1752.0,721.0,0.8558260202407837,0.5002907514572144,0.08977350351271536,77,-0.0007952592426640461,-0.09172052145004272
177,Healthy,0.8659523809523809,2.9439857536020724,336.0,463.5,281.5,3918.5,0.7194463531952489,0.20153656194265332,0.04218480395073481,0.375886524822695,714.5,2910.0,4024.5,4379.0,1782.0,720.5,0.8533315062522888,0.18539448082447052,0.13674883206872404,76,-0.0011078549260326958,-0.0777287483215332
178,Healthy,0.8605739623106294,2.772179019203301,310.0,459.5,283.0,3776.5,0.6883193691473632,0.19093311083298567,0.038816108685104316,0.3588317107093185,790.5,2909.0,3962.0,4282.0,1844.0,773.5,0.8541737794876099,0.4576687216758728,0.07876472958147146,75,-0.0005761283938442524,-0.06197190284729004
179,Healthy,0.7830852659513096,2.592833129584352,455.0,694.0,470.0,3863.5,0.6150895140664961,0.17715198721789494,0.04263223067397842,0.275049115913556,1053.5,3090.0,4059.0,4420.5,2214.0,1036.5,0.7477995753288269,0.4796147644519806,0.09191125252477197,82,-0.0004334973515876893,-0.07905441522598267
180,Healthy,0.868752291335696,2.7479706223424816,293.5,458.5,268.5,3823.0,0.6897799511002445,0.1889622901183595,0.04316850812050957,0.35589708167846656,793.0,2946.5,3962.0,4319.5,1865.0,764.0,0.8620614409446716,0.26462846994400024,0.11454307009660894,74,-0.0008021203444874004,-0.08673834800720215
181,Healthy,0.8484848484848485,2.6274000288725277,327.0,547.0,325.0,3965.0,0.675249807840123,0.18952108063855916,0.048088482808367396,0.34102429645166926,845.0,2970.0,3959.0,4359.0,1885.0,797.0,0.8429657220840454,0.5153416991233826,0.07300929901060171,72,-0.0005949553341088387,-0.06741100549697876
182,Healthy,0.8698622466121626,2.816783926887648,329.5,468.0,290.5,4174.0,0.733934611048478,0.20023411588736426,0.041476214660572205,0.3854097268487675,708.0,3074.5,4246.5,4614.0,1845.0,736.0,0.8642153143882751,0.26418736577033997,0.11506695958246628,73,-0.0008869184015202724,-0.07450151443481445
183,Healthy,0.8384852286985286,2.6920823262286677,365.5,527.0,354.0,4029.5,0.686408504176158,0.19408602150537635,0.04764150943396227,0.35520399666944213,826.0,2998.0,4038.0,4442.0,1936.0,854.0,0.8352605700492859,0.40221524238586426,0.10569984812595425,77,-0.0006526513930068278,-0.06835007667541504
184,Unhealthy,0.8607933803845218,2.8160828025477707,320.0,466.0,286.0,3823.0,0.6900383915942615,0.18823696547805085,0.03913529631010063,0.3579892280071813,767.0,2857.0,3867.0,4182.0,1788.0,740.0,0.853239893913269,0.5634156465530396,0.06911658319602856,75,-0.0005809153238131808,-0.06507271528244019
185,Healthy,0.8243937402938717,2.673562684022935,373.0,565.5,367.5,3818.0,0.6224403927068723,0.17568940985161596,0.04216216216216216,0.2902265586241111,1009.5,3041.5,3987.0,4338.0,2146.0,962.5,0.8101109862327576,0.3922196924686432,0.12193571315227396,84,-0.000727691992532339,-0.07396674156188965
186,Healthy,0.8493827160493828,2.6762097401587055,315.0,486.5,305.0,3745.0,0.6893711070926261,0.18706762671184526,0.03815285837757748,0.36212743173300016,773.0,2879.0,3895.0,4204.0,1787.0,756.0,0.840211033821106,0.5000973343849182,0.08505484365512037,76,-0.0006950547135432802,-0.07397353649139404
187,Healthy,0.872108197888243,2.6476732459299814,279.0,414.5,269.5,3945.0,0.6942726002793853,0.19560625264047318,0.04711396151948693,0.3362506563976895,766.0,2856.0,3863.0,4245.0,1896.0,756.5,0.8599759936332703,0.40731996297836304,0.10536352085109559,70,-0.0008407771559439781,-0.06788593530654907
188,Healthy,0.8653622175634754,2.813115250643647,325.0,483.0,289.0,4004.0,0.6926406926406926,0.1928997365136597,0.04039671020803096,0.36722571628232004,781.0,2910.0,3967.0,4301.0,1811.0,746.0,0.860349714756012,0.5121951103210449,0.08467404559932307,77,-0.0006939219431273486,-0.08066248893737793
189,Healthy,0.8284572905651509,2.6445878028655017,366.5,559.5,365.0,3890.5,0.631096991216595,0.1742230593300148,0.03954263935207242,0.3203022339027595,987.0,3069.0,4032.0,4364.0,2069.0,930.0,0.8119451999664307,0.5630739331245422,0.07915993586497694,82,-0.0002919121073013166,-0.03781783580780029
190,Healthy,0.8700460829493087,2.7858934631843,315.0,482.0,282.0,4058.0,0.7059388814145685,0.19413426611058793,0.04251820530890298,0.37049068216789194,765.0,2995.0,4076.0,4438.0,1841.0,735.0,0.8621401786804199,0.4592033624649048,0.08084943223958063,72,-0.0006716555468304802,-0.07530778646469116
191,Healthy,0.8522984174830445,2.738940910558605,314.0,461.0,294.0,3687.0,0.6836407377706496,0.19272830563840362,0.04517734909769757,0.3525970572593512,789.0,2842.0,3836.0,4199.0,1826.0,779.0,0.8509349822998047,0.4648718535900116,0.0781148446256657,75,-0.0006142157708925346,-0.08133476972579956
192,Healthy,0.8716590416566338,2.729809214991328,289.5,454.0,266.5,3886.5,0.6887305827644207,0.1827316194303929,0.04487297214569942,0.35855728429985856,786.5,2948.5,3900.5,4267.0,1814.0,728.5,0.8627857565879822,0.5696673393249512,0.0810299569309641,74,-0.0006045469888061384,-0.07135707139968872
193,Unhealthy,0.8432969929315922,2.635737287500936,329.5,550.5,327.0,3846.5,0.6700893706027762,0.1823382917143434,0.044414055532433556,0.34376850833403844,867.5,3037.0,4018.0,4391.5,1939.0,793.5,0.8239213824272156,0.45154768228530884,0.0988424677886542,70,-0.0008269370722543171,-0.08354955911636353
194,Unhealthy,0.8150732728541521,2.8464662875710802,428.0,563.0,397.5,3901.5,0.6487420779719608,0.18348497380755446,0.039912785415783414,0.32407173528668853,914.5,2961.5,3963.0,4292.5,2007.0,889.0,0.8024899363517761,0.3534506857395172,0.10728711328796847,85,-0.0006417290229370188,-0.06604093313217163
195,Healthy,0.8752268602540835,2.723422278695468,299.0,462.0,275.0,4133.0,0.6926025297048678,0.18486718540381003,0.042492917847025496,0.3378483980203178,802.0,3038.0,4056.0,4416.0,1906.5,772.5,0.8685367107391357,0.5210559368133545,0.0953533468892882,75,-0.0006951578910287559,-0.08032387495040894
196,Healthy,0.8706479405169362,2.926219754065847,327.5,450.5,274.0,3962.5,0.7217741935483871,0.2010447361371551,0.04858796702332924,0.37404580152671757,724.5,2982.5,4068.0,4483.5,1845.0,749.0,0.8579267263412476,0.24356628954410553,0.1210396065599896,73,-0.0009566291587769201,-0.06103813648223877
197,Healthy,0.851193499238192,2.8683895259284613,331.0,468.0,293.0,3645.0,0.6870324189526185,0.19452619187757506,0.044787644787644784,0.3563429410684781,753.0,2737.0,3711.0,4059.0,1753.0,750.0,0.8467508554458618,0.45968881249427795,0.07195781165406327,74,-0.0005069056889593024,-0.06951552629470825
198,Healthy,0.8669538167025604,2.823850350740452,315.0,479.0,278.0,3901.0,0.7008695652173913,0.1931679544530297,0.046237965054082966,0.3535949982632859,774.0,2976.0,4012.0,4401.0,1861.0,785.0,0.8562368154525757,0.48601818084716797,0.09073107165541118,71,-0.0006859250194386605,-0.06130880117416382
199,Healthy,0.8721857410881801,2.6988388969521044,291.0,464.0,272.5,3991.5,0.6897799511002445,0.1889622901183595,0.04316850812050957,0.35589708167846656,793.0,2946.5,3962.0,4319.5,1865.0,764.0,0.8628427982330322,0.4877726435661316,0.09753711379966172,73,-0.0007009379217354785,-0.08442598581314087
200,Unhealthy,0.7946943483275664,2.533274505478344,421.5,640.5,445.0,3890.0,0.6150895140664961,0.17715198721789494,0.04263223067397842,0.275049115913556,1053.5,3090.0,4059.0,4420.5,2214.0,1036.5,0.7408491969108582,0.39035266637802124,0.09864123343775495,82,-0.00037340539037507156,-0.04240286350250244
201,Healthy,0.8716435881998796,2.7833743463549676,298.0,477.0,266.5,3886.0,0.6857941942328093,0.1806822019587977,0.04333293541840755,0.37181928336506836,814.5,3032.5,4007.0,4370.0,1814.5,725.0,0.8605374693870544,0.5748836994171143,0.07919905290134406,75,-0.0005751041392276134,-0.07666999101638794
202,Healthy,0.8750282997509622,2.8064188207958174,314.0,471.0,276.0,4141.0,0.7175293438522224,0.19715665236051502,0.03838994881340158,0.38552989130434784,734.0,2993.0,4133.0,4463.0,1809.0,732.0,0.8692216277122498,0.4546058177947998,0.0710296200536183,71,-0.0005963947658070869,-0.07912594079971313
203,Healthy,0.8334860284012826,2.6771132200397263,371.5,519.5,363.5,4002.5,0.6224403927068723,0.17568940985161596,0.04216216216216216,0.2902265586241111,1009.5,3041.5,3987.0,4338.0,2146.0,962.5,0.8269686102867126,0.375258207321167,0.11478912652155816,83,-0.0005262189944111794,-0.07797127962112427
204,Healthy,0.8750877192982456,2.773370894803173,298.5,438.5,267.0,4008.0,0.7172845450168512,0.20321144245041156,0.04481809127658328,0.35915433403805497,734.0,2952.5,4076.0,4458.5,1894.5,765.5,0.8602963089942932,0.4485340118408203,0.10922252592126942,74,-0.0008267247925848001,-0.06761974096298218
205,Healthy,0.8505774216356352,2.7963737796373778,347.0,535.0,317.0,3926.0,0.6732361056365787,0.1781848459616986,0.03827809710162652,0.35448084590050266,829.0,2961.0,3932.0,4245.0,1862.0,769.0,0.8349218964576721,0.5542016625404358,0.06501954701743941,75,-0.0004627577628323902,-0.045634448528289795
206,Healthy,0.8801918801918802,2.8043688958473125,293.5,424.5,256.0,4017.5,0.727555988315482,0.20439888670151382,0.04334019406057042,0.3712146988771691,699.5,2930.0,4067.0,4435.5,1848.0,755.0,0.8584446907043457,0.4312012493610382,0.1050812822554912,74,-0.0008122884490054538,-0.06889462471008301
207,Healthy,0.8756287151348879,2.777374909354605,305.0,480.0,272.0,4102.0,0.7098800685322673,0.19552775189671237,0.048808967772069126,0.37231182795698925,762.0,3022.0,4073.0,4491.0,1868.0,776.0,0.8735415935516357,0.4378811717033386,0.08526763888425665,72,-0.0006195911895845196,-0.07281500101089478
208,Healthy,0.8634217217580821,2.8147943475171706,316.5,517.0,282.0,3847.5,0.6639700078926598,0.16873397546947544,0.03963508598902792,0.367326996535489,851.5,2999.0,3895.0,4216.5,1780.5,723.0,0.856360673904419,0.6026899218559265,0.08101374152826298,76,-0.0005914517102433386,-0.08218276500701904
209,Healthy,0.8754552931500411,2.7862538329219952,298.5,464.5,265.0,3990.5,0.6926025297048678,0.18486718540381003,0.042492917847025496,0.3378483980203178,802.0,3038.0,4056.0,4416.0,1906.5,772.5,0.8668600916862488,0.4857943058013916,0.10074760679845347,74,-0.0007240315915407862,-0.07281333208084106
210,Unhealthy,0.8740554156171285,2.7857247117209165,309.0,464.0,275.0,4092.0,0.7175293438522224,0.19715665236051502,0.03838994881340158,0.38552989130434784,734.0,2993.0,4133.0,4463.0,1809.0,732.0,0.8652873039245605,0.46043044328689575,0.08520342263252328,72,-0.0007208337489891663,-0.07825237512588501
211,Healthy,0.8755074424898511,2.739590684544813,303.0,476.0,276.0,4158.0,0.7098800685322673,0.19552775189671237,0.048808967772069126,0.37231182795698925,762.0,3022.0,4073.0,4491.0,1868.0,776.0,0.8757968544960022,0.4382820427417755,0.08415173099418281,72,-0.0006342550669089763,-0.06671440601348877
212,Healthy,0.8729088939703935,2.874296583974003,309.5,454.0,264.0,3890.5,0.6891628145865434,0.18498234488722345,0.03460425317729961,0.34769674569548364,756.5,2827.5,3836.0,4111.0,1809.0,737.5,0.8634141683578491,0.45279616117477417,0.09915696986646083,74,-0.0007223886012910838,-0.07110124826431274
213,Healthy,0.8655601659751038,2.710297720691959,302.5,455.5,283.5,3934.0,0.7004649322385993,0.18510858324715615,0.039298669891172915,0.37011173184357543,757.0,2955.0,3972.5,4297.5,1804.0,751.0,0.86231529712677,0.4542076885700226,0.08688418535306881,74,-0.0006624671505667233,-0.08383363485336304
214,Healthy,0.8740554156171285,2.7857247117209165,309.0,464.0,275.0,4092.0,0.7175293438522224,0.19715665236051502,0.03838994881340158,0.38552989130434784,734.0,2993.0,4133.0,4463.0,1809.0,732.0,0.8652873039245605,0.46043044328689575,0.08520342263252328,72,-0.0007208337489891663,-0.07825237512588501
215,Healthy,0.8692460086237035,2.6955044810638915,298.0,439.0,280.5,4010.0,0.7052973799961751,0.19811891165602957,0.04641201666373291,0.358650490277547,770.5,2984.0,4063.0,4458.5,1929.5,785.0,0.8450067639350891,0.275386780500412,0.11941772232982537,72,-0.0008515358696314525,-0.05946826934814453
216,Healthy,0.8752268602540835,2.723422278695468,299.0,462.0,275.0,4133.0,0.6926025297048678,0.18486718540381003,0.042492917847025496,0.3378483980203178,802.0,3038.0,4056.0,4416.0,1906.5,772.5,0.8685367107391357,0.5210559368133545,0.0953533468892882,75,-0.0006951578910287559,-0.08032387495040894
217,Healthy,0.8607134190730406,2.7758647675692596,315.0,491.0,287.0,3834.0,0.6584883260783537,0.17197986577181207,0.0447463542315842,0.3600141043723554,863.0,2961.0,3832.0,4191.0,1815.0,771.0,0.8585379719734192,0.43103763461112976,0.09352968604637803,75,-0.0007212131527033615,-0.08544349670410156
218,Healthy,0.8599184456704245,2.687406296851574,306.0,474.0,292.0,3877.0,0.6893711070926261,0.18706762671184526,0.03815285837757748,0.36212743173300016,773.0,2879.0,3895.0,4204.0,1787.0,756.0,0.8605949282646179,0.4811214804649353,0.08319015909679806,77,-0.0006149749250319605,-0.07348591089248657
219,Healthy,0.8273781902552204,2.9076973255055445,414.0,562.0,372.0,3938.0,0.6124176857949201,0.18011567061415587,0.047037263286499695,0.28468619246861926,1030.0,2977.0,3900.0,4285.0,2137.0,964.0,0.8103139400482178,0.38816338777542114,0.10338023359405223,83,-0.0006769946477959846,-0.057956039905548096
220,Healthy,0.860784541962519,2.7809115523465704,329.0,522.5,299.0,3996.5,0.6532489936745256,0.1729108587747331,0.048759727626459144,0.3564798899965624,904.5,3041.0,3911.5,4312.5,1872.0,771.5,0.8526802062988281,0.6062080264091492,0.07442069219494848,76,-0.0005683791912463376,-0.07767105102539062
221,Healthy,0.8735807093526864,2.8550114766641164,314.0,432.5,270.0,4001.5,0.7217741935483871,0.2010447361371551,0.04858796702332924,0.37404580152671757,724.5,2982.5,4068.0,4483.5,1845.0,749.0,0.8610033392906189,0.30185452103614807,0.11604720232566572,73,-0.0009095970929909015,-0.05345141887664795
222,Healthy,0.8599184456704245,2.687406296851574,306.0,474.0,292.0,3877.0,0.6893711070926261,0.18706762671184526,0.03815285837757748,0.36212743173300016,773.0,2879.0,3895.0,4204.0,1787.0,756.0,0.8605949282646179,0.4811214804649353,0.08319015909679806,77,-0.0006149749250319605,-0.07348591089248657
223,Healthy,0.869351439943807,2.8478294216904434,321.0,474.0,279.0,3992.0,0.7008695652173913,0.1931679544530297,0.046237965054082966,0.3535949982632859,774.0,2976.0,4012.0,4401.0,1861.0,785.0,0.8617264032363892,0.48082399368286133,0.07561950970342146,70,-0.0006156598326962739,-0.0634540319442749
224,Healthy,0.8702914410782168,2.794835750221959,316.0,436.5,281.5,4059.0,0.727555988315482,0.20439888670151382,0.04334019406057042,0.3712146988771691,699.5,2930.0,4067.0,4435.5,1848.0,755.0,0.8522636890411377,0.5259159207344055,0.09484365260017445,75,-0.0007308916473392801,-0.043096065521240234
225,Healthy,0.8663612065673921,2.701619304651532,279.0,455.5,262.5,3666.0,0.6792067061950522,0.18283286526967668,0.04060817231548939,0.35685557586837297,784.5,2837.0,3786.0,4106.5,1759.0,703.0,0.8563371300697327,0.5920931100845337,0.08070232435514497,78,-0.000559833827872211,-0.07563108205795288
226,Unhealthy,0.8595749968932521,2.8970514324007373,327.0,463.0,282.5,3741.0,0.6934024600996239,0.19523570352299635,0.04754118978744812,0.34052887209929844,754.0,2804.0,3786.5,4164.5,1833.0,773.0,0.8484938740730286,0.48277726769447327,0.07751454771278499,76,-0.0005485591963960236,-0.05054134130477905
227,Healthy,0.8690152500295544,2.7333234178627204,300.5,452.5,277.0,3952.5,0.701095461658842,0.1960662953029365,0.04582080577269994,0.35432937181663837,764.0,2922.5,3967.0,4348.0,1901.5,798.0,0.8501647114753723,0.5204613208770752,0.09788273064383259,72,-0.0007630924784637484,-0.0762133002281189
228,Healthy,0.8752116082224909,2.9461087593617714,314.0,458.0,258.0,3877.0,0.6792067061950522,0.18283286526967668,0.04060817231548939,0.35685557586837297,784.5,2837.0,3786.0,4106.5,1759.0,703.0,0.8625551462173462,0.5810094475746155,0.08163902990432943,76,-0.0005377410056481051,-0.07846659421920776
229,Healthy,0.8686833157462774,2.7477377243732386,306.0,450.5,280.0,3984.5,0.7004649322385993,0.18510858324715615,0.039298669891172915,0.37011173184357543,757.0,2955.0,3972.5,4297.5,1804.0,751.0,0.8666446208953857,0.4595588147640228,0.0825966290987755,74,-0.0006168490460154685,-0.07394850254058838
230,Healthy,0.85580547112462,2.696108472498851,311.0,492.5,296.5,3816.0,0.6584883260783537,0.17197986577181207,0.0447463542315842,0.3600141043723554,863.0,2961.0,3832.0,4191.0,1815.0,771.0,0.8585131764411926,0.4708620309829712,0.0863595707074088,76,-0.0006872006976240885,-0.0853390097618103
231,Healthy,0.7909884406699693,2.536308623298033,420.0,585.0,443.0,3796.0,0.668580479113047,0.18320932191492348,0.03449122376334847,0.3260149851890573,837.0,2909.0,3933.0,4214.0,1934.0,841.0,0.7743813991546631,0.5216035842895508,0.07389964950465633,75,-0.00039284497786470517,-0.03354579210281372
232,Healthy,0.8659594985535197,2.645845609899823,286.0,439.0,278.0,3870.0,0.701095461658842,0.1960662953029365,0.04582080577269994,0.35432937181663837,764.0,2922.5,3967.0,4348.0,1901.5,798.0,0.8548949956893921,0.4778343141078949,0.09949738437000172,71,-0.0007988189893588444,-0.07324409484863281
233,Healthy,0.8634854261468454,2.953474676089517,331.0,455.0,277.5,3788.0,0.6898989898989899,0.20672244662435083,0.042302660270388134,0.34273676497527017,767.5,2749.5,3843.0,4182.5,1794.0,745.5,0.8533433675765991,0.20940221846103668,0.11617158618436314,75,-0.000904370904265298,-0.09485834836959839
234,Healthy,0.8618691137406423,2.704197605697833,303.0,451.0,286.0,3855.0,0.6900383915942615,0.18823696547805085,0.03913529631010063,0.3579892280071813,767.0,2857.0,3867.0,4182.0,1788.0,740.0,0.856349527835846,0.5529067516326904,0.07080708638932642,75,-0.0005753312789991056,-0.06677871942520142
235,Healthy,0.8677061761481301,2.6534793622410966,281.0,397.5,271.5,3833.0,0.6942726002793853,0.19560625264047318,0.04711396151948693,0.3362506563976895,766.0,2856.0,3863.0,4245.0,1896.0,756.5,0.8512538075447083,0.3445507884025574,0.11120535545048324,70,-0.0008682912716863692,-0.06381803750991821
236,Healthy,0.8657977311127203,2.755838967424708,304.0,479.0,278.0,3865.0,0.6999008919722498,0.1945953475414403,0.042548018477996594,0.3694598959267899,757.0,2891.0,3938.0,4288.0,1757.0,733.0,0.8622879385948181,0.4320457875728607,0.08427411171791444,73,-0.0006221198482153563,-0.05816817283630371
237,Healthy,0.860572602387983,2.8506421706217573,308.5,485.5,271.5,3623.0,0.6780555832254208,0.1761502478531034,0.04296681525507677,0.36342592592592593,808.0,2950.0,3864.5,4211.5,1787.5,723.0,0.8555094599723816,0.5761541128158569,0.0845338404605584,78,-0.0006522173845933746,-0.09204530715942383
238,Healthy,0.8578352180936996,2.7767817122366654,337.0,464.0,308.0,4025.0,0.7172845450168512,0.20321144245041156,0.04481809127658328,0.35915433403805497,734.0,2952.5,4076.0,4458.5,1894.5,765.5,0.8459212779998779,0.33417758345603943,0.10937729956385153,72,-0.0008085136418016666,-0.03383052349090576
239,Unhealthy,0.8711497766282624,2.7575171181899374,302.0,445.0,274.0,3979.0,0.7142294048088293,0.19955868156116396,0.041302526038549024,0.3774076002082249,725.0,2902.0,4004.0,4349.0,1794.0,741.0,0.8659217953681946,0.4529851973056793,0.08579180000211978,75,-0.000614050484892118,-0.06934612989425659
240,Healthy,0.8311250842128902,2.806764750492947,405.0,615.0,376.0,4077.0,0.6487420779719608,0.18348497380755446,0.039912785415783414,0.32407173528668853,914.5,2961.5,3963.0,4292.5,2007.0,889.0,0.8076508045196533,0.38966265320777893,0.0997916904043635,81,-0.00043427966498143047,-0.036128342151641846
241,Healthy,0.8671781347398705,2.7530826609834067,303.0,455.0,277.0,3894.0,0.7023026315789473,0.19965227470298463,0.03590641811585137,0.3645062285611121,724.0,2762.0,3853.0,4140.0,1760.0,728.0,0.8661413788795471,0.5015485286712646,0.07538964508217683,75,-0.0005675799614396947,-0.0727611780166626
242,Healthy,0.8673608528573199,2.794775523246525,299.0,476.0,267.5,3766.0,0.6792067061950522,0.18283286526967668,0.04060817231548939,0.35685557586837297,784.5,2837.0,3786.0,4106.5,1759.0,703.0,0.8582379221916199,0.5971537828445435,0.07969835955537478,77,-0.0005654519892534482,-0.09184920787811279
243,Healthy,0.8598306679209784,2.7840389887298205,328.0,475.0,298.0,3954.0,0.6836407377706496,0.19272830563840362,0.04517734909769757,0.3525970572593512,789.0,2842.0,3836.0,4199.0,1826.0,779.0,0.8565539121627808,0.4962852895259857,0.07570062069963983,75,-0.0005859618210731584,-0.06601876020431519
244,Healthy,0.8756805807622504,2.812181261838846,313.0,477.0,274.0,4134.0,0.6783373900018723,0.18587114697711338,0.041356877323420076,0.32907452907452905,859.0,3077.0,4126.0,4482.0,2048.0,902.0,0.870243489742279,0.44121071696281433,0.0686253966169399,71,-0.00055878133535306,-0.06034296751022339
245,Healthy,0.8612774451097804,2.7470953366226327,301.0,486.0,278.0,3730.0,0.6727726894254787,0.18315665488810365,0.045809474232170744,0.3365509560051977,786.0,2774.0,3666.0,4018.0,1787.0,764.0,0.8565530776977539,0.4137992560863495,0.0978047998022693,75,-0.0007309527508413366,-0.07971769571304321
246,Healthy,0.8718242160677501,2.8069270449521,317.0,471.0,280.0,4089.0,0.7175293438522224,0.19715665236051502,0.03838994881340158,0.38552989130434784,734.0,2993.0,4133.0,4463.0,1809.0,732.0,0.8693145513534546,0.4416382312774658,0.08455626972958581,72,-0.0007107424460369908,-0.08114355802536011
247,Healthy,0.8678847505270555,2.7302873986735445,305.0,479.0,282.0,3987.0,0.7059388814145685,0.19413426611058793,0.04251820530890298,0.37049068216789194,765.0,2995.0,4076.0,4438.0,1841.0,735.0,0.8647491335868835,0.43831390142440796,0.0831681142318325,72,-0.0006515626165319619,-0.06898492574691772
248,Healthy,0.8671781347398705,2.7530826609834067,303.0,455.0,277.0,3894.0,0.7023026315789473,0.19965227470298463,0.03590641811585137,0.3645062285611121,724.0,2762.0,3853.0,4140.0,1760.0,728.0,0.8661413788795471,0.5015485286712646,0.07538964508217683,75,-0.0005675799614396947,-0.0727611780166626
249,Healthy,0.8432969929315922,2.635737287500936,329.5,550.5,327.0,3846.5,0.6700893706027762,0.1823382917143434,0.044414055532433556,0.34376850833403844,867.5,3037.0,4018.0,4391.5,1939.0,793.5,0.8239213824272156,0.45154768228530884,0.0988424677886542,70,-0.0008269370722543171,-0.08354955911636353
250,Healthy,0.8230462332785731,2.689829728485964,385.0,557.0,377.0,3884.0,0.6487420779719608,0.18348497380755446,0.039912785415783414,0.32407173528668853,914.5,2961.5,3963.0,4292.5,2007.0,889.0,0.8074178099632263,0.45339274406433105,0.09767884760736033,80,-0.0004857780660922632,-0.02255457639694214
251,Healthy,0.8344893566132504,2.8347416314592135,378.0,551.0,346.0,3835.0,0.6836407377706496,0.19272830563840362,0.04517734909769757,0.3525970572593512,789.0,2842.0,3836.0,4199.0,1826.0,779.0,0.8263052105903625,0.4831753075122833,0.07359455585835474,75,-0.0005592047839127703,-0.054167985916137695
252,Healthy,0.8624813153961136,2.663076923076923,286.0,434.0,276.0,3738.0,0.7023026315789473,0.19965227470298463,0.03590641811585137,0.3645062285611121,724.0,2762.0,3853.0,4140.0,1760.0,728.0,0.8630140423774719,0.45473429560661316,0.0908175191807632,76,-0.0007019769363029392,-0.0927550196647644
253,Healthy,0.8624634549383501,2.7286254323172203,290.5,469.5,270.5,3663.0,0.6780555832254208,0.1761502478531034,0.04296681525507677,0.36342592592592593,808.0,2950.0,3864.5,4211.5,1787.5,723.0,0.8547350168228149,0.5395056009292603,0.08998548195804486,77,-0.0007066669220518825,-0.09625065326690674
254,Healthy,0.8368343917928676,2.6703039750584567,341.0,529.0,334.0,3760.0,0.6435487057893697,0.1798581560283688,0.04066057800575504,0.31180555555555556,902.0,2891.0,3834.0,4159.0,1982.0,874.0,0.8234672546386719,0.5519580245018005,0.06855110263796937,75,-0.00044082906459838453,-0.02982950210571289
255,Healthy,0.852760736196319,2.870951751487112,340.0,511.0,300.0,3775.0,0.6876322369686478,0.18953362255965292,0.045644142533667026,0.36324565927454017,812.0,2989.0,4004.0,4387.0,1852.0,784.0,0.8367711305618286,0.5232661962509155,0.07560702862656661,71,-0.0005650465711528634,-0.05696743726730347
256,Healthy,0.8728432994563933,2.9337464251668255,324.0,432.5,269.0,3962.0,0.7161507269310652,0.2012461059190031,0.03842010771992819,0.35634724938355583,717.5,2884.5,4017.0,4338.0,1892.5,765.5,0.8558538556098938,0.2929718494415283,0.11311059325087502,74,-0.0009394161833990005,-0.07854980230331421
257,Healthy,0.8643603782976605,2.8831147268802924,316.0,450.5,272.5,3745.5,0.6934024600996239,0.19523570352299635,0.04754118978744812,0.34052887209929844,754.0,2804.0,3786.5,4164.5,1833.0,773.0,0.8587238192558289,0.4815646708011627,0.0773304321411558,76,-0.0005501648203353517,-0.051036953926086426
258,Healthy,0.8700460829493087,2.7858934631843,315.0,482.0,282.0,4058.0,0.7059388814145685,0.19413426611058793,0.04251820530890298,0.37049068216789194,765.0,2995.0,4076.0,4438.0,1841.0,735.0,0.8621401786804199,0.4592033624649048,0.08084943223958063,72,-0.0006716555468304802,-0.07530778646469116
259,Healthy,0.8569702826769752,3.116871704745167,370.0,503.0,296.0,3843.0,0.6817563629298621,0.1982281284606866,0.046295177082074215,0.36236391912908245,819.0,2896.0,3945.0,4328.0,1845.0,816.0,0.8377417325973511,0.38174736499786377,0.12841455101900234,83,-0.0006005556470431334,-0.06906664371490479
260,Healthy,0.8748112878875857,2.7723391726777566,301.0,440.5,269.5,4036.0,0.7172845450168512,0.20321144245041156,0.04481809127658328,0.35915433403805497,734.0,2952.5,4076.0,4458.5,1894.5,765.5,0.8607646226882935,0.3561171889305115,0.11329211368648416,73,-0.0008739806838376864,-0.057013869285583496
261,Healthy,0.8747121142330723,2.8046078865751,309.0,471.0,272.0,4070.0,0.7175293438522224,0.19715665236051502,0.03838994881340158,0.38552989130434784,734.0,2993.0,4133.0,4463.0,1809.0,732.0,0.8723156452178955,0.4341951608657837,0.07133239243910379,71,-0.0005938676153119955,-0.07701259851455688
262,Healthy,0.8690152500295544,2.7333234178627204,300.5,452.5,277.0,3952.5,0.701095461658842,0.1960662953029365,0.04582080577269994,0.35432937181663837,764.0,2922.5,3967.0,4348.0,1901.5,798.0,0.8501647114753723,0.5204613208770752,0.09788273064383259,72,-0.0007630924784637484,-0.0762133002281189
263,Healthy,0.8706479405169362,2.926219754065847,327.5,450.5,274.0,3962.5,0.7217741935483871,0.2010447361371551,0.04858796702332924,0.37404580152671757,724.5,2982.5,4068.0,4483.5,1845.0,749.0,0.8579267263412476,0.24356628954410553,0.1210396065599896,73,-0.0009566291587769201,-0.06103813648223877
264,Healthy,0.8599439775910365,2.834956346541303,310.0,465.0,275.0,3652.0,0.6898242746219861,0.1849835219945551,0.041692908426754,0.35647382920110193,759.0,2844.0,3804.0,4135.0,1752.0,721.0,0.859800398349762,0.48878923058509827,0.09810386152814551,77,-0.0007911871317603563,-0.09232306480407715
265,Unhealthy,0.8535850805050388,2.7302704705446463,336.5,546.5,316.0,4000.5,0.6774849745723532,0.18281392619637502,0.04667397449950961,0.3494374586366645,872.0,3133.5,4131.0,4535.5,1966.0,823.5,0.8303054571151733,0.35227498412132263,0.09112229026360126,71,-0.0005592979958001254,-0.024131953716278076
266,Healthy,0.8523770777635709,2.573885573885574,310.5,477.5,317.5,3984.0,0.6942726002793853,0.19560625264047318,0.04711396151948693,0.3362506563976895,766.0,2856.0,3863.0,4245.0,1896.0,756.5,0.8342829942703247,0.37457817792892456,0.09270607423618274,70,-0.0006558944774639504,-0.04422241449356079
267,Unhealthy,0.8660061335220571,2.703240058910162,302.0,489.5,284.0,3955.0,0.6857941942328093,0.1806822019587977,0.04333293541840755,0.37181928336506836,814.5,3032.5,4007.0,4370.0,1814.5,725.0,0.8607988953590393,0.5332571268081665,0.08367120195075983,75,-0.0005683664954285906,-0.0813860297203064
268,Healthy,0.8624634549383501,2.7286254323172203,290.5,469.5,270.5,3663.0,0.6780555832254208,0.1761502478531034,0.04296681525507677,0.36342592592592593,808.0,2950.0,3864.5,4211.5,1787.5,723.0,0.8547350168228149,0.5395056009292603,0.08998548195804486,77,-0.0007066669220518825,-0.09625065326690674
269,Unhealthy,0.8446255731023943,2.7364251526654564,323.0,482.0,305.0,3621.0,0.6271386430678466,0.16798418972332016,0.04773964796758263,0.30957683741648107,948.0,2947.0,3760.0,4137.0,2015.0,914.0,0.8182278275489807,0.474335640668869,0.11438840440372637,85,-0.0007715609548884584,-0.0513339638710022
270,Healthy,0.8692965779467681,2.8060754832770787,310.0,475.0,275.0,3933.0,0.7041396900137336,0.20071882775781033,0.04637995422238284,0.3675092805373873,754.0,2891.0,3958.0,4343.0,1789.0,750.0,0.8639051914215088,0.43751123547554016,0.08231892808238599,74,-0.0005905887086901342,-0.06504184007644653
271,Healthy,0.8656969696969697,2.7220062504764084,297.5,481.5,277.0,3848.0,0.6897799511002445,0.1889622901183595,0.04316850812050957,0.35589708167846656,793.0,2946.5,3962.0,4319.5,1865.0,764.0,0.8618003726005554,0.2862470746040344,0.10876191425597054,75,-0.0007705360909002467,-0.08206874132156372
272,Healthy,0.8762789603669293,2.97207818109294,324.5,424.0,263.0,3988.5,0.7161507269310652,0.2012461059190031,0.03842010771992819,0.35634724938355583,717.5,2884.5,4017.0,4338.0,1892.5,765.5,0.8558558821678162,0.3792784512042999,0.10625524358966695,74,-0.0008281613467397799,-0.05562543869018555
273,Unhealthy,0.8649653121902874,2.774378129221966,300.5,437.5,272.5,3763.5,0.6934024600996239,0.19523570352299635,0.04754118978744812,0.34052887209929844,754.0,2804.0,3786.5,4164.5,1833.0,773.0,0.864280104637146,0.4569559097290039,0.08221239495767957,77,-0.0006434556555652632,-0.08279067277908325
274,Healthy,0.8620603015075377,2.6671330845771144,285.0,448.0,274.5,3705.5,0.6924679654130639,0.19455882352941176,0.04334981696743947,0.34750733137829914,738.0,2738.5,3724.0,4061.5,1780.0,753.0,0.8603698015213013,0.4684249758720398,0.07805082296286232,73,-0.0005824823727839539,-0.07847929000854492
275,Healthy,0.8723702664796634,2.8860876962338566,321.5,468.0,273.0,4005.0,0.7037322789082843,0.20193223567832358,0.04298028102491439,0.3597281223449448,768.0,2932.5,4052.5,4416.5,1884.0,767.0,0.8455381989479065,0.5295724868774414,0.0952751951100207,74,-0.0006859244967800778,-0.04549509286880493
276,Unhealthy,0.8599595551061678,2.764055898602535,302.0,468.0,277.0,3679.0,0.6891050583657587,0.17897881586094513,0.03833044310231418,0.36626798405269545,799.0,3023.0,4020.5,4341.0,1828.0,733.5,0.8565751910209656,0.512278139591217,0.09032170704272711,75,-0.0007147302047720732,-0.09014314413070679
277,Healthy,0.8766903506761403,2.7795945062132112,302.5,424.5,269.0,4094.0,0.727555988315482,0.20439888670151382,0.04334019406057042,0.3712146988771691,699.5,2930.0,4067.0,4435.5,1848.0,755.0,0.85922771692276,0.49273958802223206,0.10113404965315165,74,-0.0007780491815829365,-0.057805657386779785
278,Healthy,0.8703980099502487,2.7717046894803548,289.0,431.0,260.5,3759.5,0.6972320080523402,0.1969051675184554,0.050264715042042975,0.36645068394528435,752.0,2828.5,3812.0,4215.5,1760.0,700.0,0.8581097722053528,0.5583705902099609,0.08970337978974086,73,-0.0006608486729435896,-0.0747266411781311
279,Unhealthy,0.839091568011597,2.8443898443898443,367.0,531.0,333.0,3806.0,0.6487420779719608,0.18348497380755446,0.039912785415783414,0.32407173528668853,914.5,2961.5,3963.0,4292.5,2007.0,889.0,0.825937807559967,0.33839890360832214,0.11994611604230347,83,-0.0005942945699191454,-0.06499624252319336
280,Healthy,0.8659594985535197,2.645845609899823,286.0,439.0,278.0,3870.0,0.701095461658842,0.1960662953029365,0.04582080577269994,0.35432937181663837,764.0,2922.5,3967.0,4348.0,1901.5,798.0,0.8548949956893921,0.4778343141078949,0.09949738437000172,71,-0.0007988189893588444,-0.07324409484863281
281,Healthy,0.8663612065673921,2.701619304651532,279.0,455.5,262.5,3666.0,0.6792067061950522,0.18283286526967668,0.04060817231548939,0.35685557586837297,784.5,2837.0,3786.0,4106.5,1759.0,703.0,0.8563371300697327,0.5920931100845337,0.08070232435514497,78,-0.000559833827872211,-0.07563108205795288
282,Healthy,0.8719027582982702,2.767883644998516,304.0,459.0,274.0,4004.0,0.6953978159126365,0.1930835734870317,0.047217537942664416,0.3699532143476001,781.0,2940.0,3955.0,4347.0,1818.0,761.0,0.8697518110275269,0.4792282283306122,0.08361068738143158,72,-0.0006930187670838585,-0.0683671236038208
283,Healthy,0.8665716999050332,2.9312560231288147,334.0,458.0,281.0,3931.0,0.6898242746219861,0.1849835219945551,0.041692908426754,0.35647382920110193,759.0,2844.0,3804.0,4135.0,1752.0,721.0,0.8624064326286316,0.5137420892715454,0.0856991231133861,77,-0.0006991137217783177,-0.08660250902175903
284,Healthy,0.8721668177697189,2.6839645672037387,298.5,457.0,282.0,4130.0,0.7263177998472116,0.19904490283212842,0.04757489714318827,0.37484350221183543,716.5,3019.0,4109.0,4519.5,1872.5,759.5,0.856106698513031,0.5451589822769165,0.09652286653815678,74,-0.0007392506053462451,-0.048168957233428955
285,Healthy,0.8398835516739447,2.624317768344451,330.0,498.0,330.0,3792.0,0.701095461658842,0.1960662953029365,0.04582080577269994,0.35432937181663837,764.0,2922.5,3967.0,4348.0,1901.5,798.0,0.8184928297996521,0.4135363698005676,0.09981311318458884,71,-0.0007493535783868338,-0.04670727252960205
286,Healthy,0.8709526044110746,2.8331552434742786,315.0,481.0,275.0,3987.0,0.6953907815631263,0.1900407933605289,0.04470239565324772,0.35143713630752954,760.0,2879.0,3868.0,4230.0,1839.0,783.0,0.8624883890151978,0.4847393333911896,0.09069802595557938,74,-0.0007409935945212771,-0.06898057460784912
287,Healthy,0.8514641744548287,2.7127997459107513,314.0,474.5,298.0,3714.5,0.6857283950617284,0.18982223771348902,0.037820746686124285,0.36049058256679806,795.5,2905.5,3956.0,4267.0,1825.0,766.5,0.8426371812820435,0.48148149251937866,0.06687373287449558,73,-0.0005115901870383286,-0.07193350791931152
288,Healthy,0.8752116082224909,2.9461087593617714,314.0,458.0,258.0,3877.0,0.6792067061950522,0.18283286526967668,0.04060817231548939,0.35685557586837297,784.5,2837.0,3786.0,4106.5,1759.0,703.0,0.8625551462173462,0.5810094475746155,0.08163902990432943,76,-0.0005377410056481051,-0.07846659421920776
289,Healthy,0.8766903506761403,2.7795945062132112,302.5,424.5,269.0,4094.0,0.727555988315482,0.20439888670151382,0.04334019406057042,0.3712146988771691,699.5,2930.0,4067.0,4435.5,1848.0,755.0,0.85922771692276,0.49273958802223206,0.10113404965315165,74,-0.0007780491815829365,-0.057805657386779785
290,Healthy,0.8372229388999648,2.4536018696728075,315.0,527.0,347.0,3916.5,0.6518475750577367,0.19457202505219207,0.03941871026339691,0.32902457691980613,904.5,2893.5,3966.0,4291.5,1972.5,845.5,0.811837375164032,0.3980872631072998,0.10644810027549924,70,-0.0008098230923100525,-0.062011659145355225
291,Healthy,0.8733594289661525,2.7939010017678254,310.0,479.0,275.0,4068.0,0.6953978159126365,0.1930835734870317,0.047217537942664416,0.3699532143476001,781.0,2940.0,3955.0,4347.0,1818.0,761.0,0.8678757548332214,0.4702892303466797,0.08249115370207503,72,-0.000700624733051105,-0.07140827178955078
292,Healthy,0.8750877192982456,2.773370894803173,298.5,438.5,267.0,4008.0,0.7172845450168512,0.20321144245041156,0.04481809127658328,0.35915433403805497,734.0,2952.5,4076.0,4458.5,1894.5,765.5,0.8602963089942932,0.4485340118408203,0.10922252592126942,74,-0.0008267247925848001,-0.06761974096298218
293,Healthy,0.8674483813408106,2.7037978706499284,277.0,439.0,260.0,3663.0,0.6972320080523402,0.1969051675184554,0.050264715042042975,0.36645068394528435,752.0,2828.5,3812.0,4215.5,1760.0,700.0,0.8573223352432251,0.5914307832717896,0.08405062269249522,76,-0.0005903822886403749,-0.07136648893356323
294,Healthy,0.8696870052368774,2.8178517875463656,303.5,456.0,267.5,3838.0,0.6766865759326349,0.1773927392739274,0.04427369191364801,0.3533409833171507,825.5,2991.0,3918.0,4281.0,1831.5,731.5,0.8613854646682739,0.5838421583175659,0.08226565791557283,74,-0.0006717541337933888,-0.07983464002609253
295,Unhealthy,0.8644318461917673,2.827769714562167,311.0,436.0,275.0,3782.0,0.7023026315789473,0.19965227470298463,0.03590641811585137,0.3645062285611121,724.0,2762.0,3853.0,4140.0,1760.0,728.0,0.8641383051872253,0.46951645612716675,0.0816493671410952,76,-0.0006429321930586281,-0.08922404050827026
296,Healthy,0.8696870052368774,2.8178517875463656,303.5,456.0,267.5,3838.0,0.6766865759326349,0.1773927392739274,0.04427369191364801,0.3533409833171507,825.5,2991.0,3918.0,4281.0,1831.5,731.5,0.8613854646682739,0.5838421583175659,0.08226565791557283,74,-0.0006717541337933888,-0.07983464002609253
297,Healthy,0.8597831444061114,2.6992108927742535,300.0,467.0,284.5,3773.5,0.6926025297048678,0.18486718540381003,0.042492917847025496,0.3378483980203178,802.0,3038.0,4056.0,4416.0,1906.5,772.5,0.8552969694137573,0.45931142568588257,0.10515094702073367,74,-0.0007783941767530353,-0.05673074722290039
298,Healthy,0.8599184456704245,2.687406296851574,306.0,474.0,292.0,3877.0,0.6893711070926261,0.18706762671184526,0.03815285837757748,0.36212743173300016,773.0,2879.0,3895.0,4204.0,1787.0,756.0,0.8605949282646179,0.4811214804649353,0.08319015909679806,77,-0.0006149749250319605,-0.07348591089248657
299,Healthy,0.8728350575380681,2.7718715393133997,304.5,487.5,273.5,4028.0,0.6897799511002445,0.1889622901183595,0.04316850812050957,0.35589708167846656,793.0,2946.5,3962.0,4319.5,1865.0,764.0,0.8626461029052734,0.5518169403076172,0.09139477063555844,74,-0.0006646573109800224,-0.07617008686065674
300,Healthy,0.8484373114516713,2.7224502439402154,331.5,456.5,314.0,3829.5,0.7172845450168512,0.20321144245041156,0.04481809127658328,0.35915433403805497,734.0,2952.5,4076.0,4458.5,1894.5,765.5,0.8364361524581909,0.43118131160736084,0.10777129698526942,73,-0.0007720173011334367,-0.0289037823677063
301,Healthy,0.8720197930724246,2.694606616624965,303.0,475.5,284.5,4161.5,0.7052228078581696,0.1886439545758183,0.03900502160457783,0.38046229120971825,769.0,3036.5,4114.5,4448.5,1836.0,734.0,0.8597654700279236,0.5,0.10354534896799018,72,-0.0008280277772138274,-0.08094978332519531
302,Healthy,0.8694855187584015,2.8122529644268774,302.0,465.0,267.0,3824.5,0.6766865759326349,0.1773927392739274,0.04427369191364801,0.3533409833171507,825.5,2991.0,3918.0,4281.0,1831.5,731.5,0.8626709580421448,0.5486946702003479,0.08373574737620808,74,-0.0006220014315390534,-0.07965254783630371
303,Healthy,0.8717858400845369,2.7261712439418417,296.0,488.0,273.0,3985.5,0.6891050583657587,0.17897881586094513,0.03833044310231418,0.36626798405269545,799.0,3023.0,4020.5,4341.0,1828.0,733.5,0.8623853325843811,0.5368329882621765,0.09344774405369823,74,-0.0006999529537087399,-0.07453590631484985
304,Healthy,0.8683107865437567,2.6374545454545455,282.0,456.0,275.0,3901.5,0.6924679654130639,0.19455882352941176,0.04334981696743947,0.34750733137829914,738.0,2738.5,3724.0,4061.5,1780.0,753.0,0.8661701679229736,0.5036656856536865,0.07542731958390583,73,-0.0005684301351136365,-0.07317578792572021
305,Healthy,0.8665395614871306,2.8103261709692378,315.0,476.0,280.0,3916.0,0.7059388814145685,0.19413426611058793,0.04251820530890298,0.37049068216789194,765.0,2995.0,4076.0,4438.0,1841.0,735.0,0.8642421960830688,0.44464096426963806,0.08073827140454587,72,-0.0006139183976814783,-0.07014662027359009
306,Healthy,0.8532020901689148,2.6560490277672693,309.5,483.5,302.0,3812.5,0.6700893706027762,0.1823382917143434,0.044414055532433556,0.34376850833403844,867.5,3037.0,4018.0,4391.5,1939.0,793.5,0.8483224511146545,0.4539974629878998,0.1029977479398874,72,-0.0008073291762119896,-0.07383179664611816
307,Healthy,0.8688524590163934,2.6777548310960317,288.0,421.5,274.0,3904.5,0.6940327613104524,0.1931053426727098,0.03688231081403676,0.35408692693714383,784.5,2937.5,4034.5,4343.5,1898.5,752.5,0.8407893776893616,0.2873792052268982,0.1161573369544225,70,-0.0008433844562563705,-0.06521743535995483
308,Healthy,0.8450604122245914,2.590790238233585,322.0,493.0,327.0,3894.0,0.7052973799961751,0.19811891165602957,0.04641201666373291,0.358650490277547,770.5,2984.0,4063.0,4458.5,1929.5,785.0,0.8138625025749207,0.324303537607193,0.1078090618361859,71,-0.0007022358575372581,-0.03569042682647705
309,Healthy,0.869380028395646,2.779543047359661,307.0,489.0,276.0,3950.0,0.6891050583657587,0.17897881586094513,0.03833044310231418,0.36626798405269545,799.0,3023.0,4020.5,4341.0,1828.0,733.5,0.8597592711448669,0.48369118571281433,0.09963693291089226,75,-0.0007318573694494874,-0.07892763614654541
310,Healthy,0.8637667304015296,2.7566742944317313,311.0,470.0,285.0,3899.0,0.6792067061950522,0.18283286526967668,0.04060817231548939,0.35685557586837297,784.5,2837.0,3786.0,4106.5,1759.0,703.0,0.8618407249450684,0.5727929472923279,0.08478782031809777,75,-0.0005855251341771223,-0.08953315019607544
311,Healthy,0.8674483813408106,2.7037978706499284,277.0,439.0,260.0,3663.0,0.6972320080523402,0.1969051675184554,0.050264715042042975,0.36645068394528435,752.0,2828.5,3812.0,4215.5,1760.0,700.0,0.8573223352432251,0.5914307832717896,0.08405062269249522,76,-0.0005903822886403749,-0.07136648893356323
312,Healthy,0.8513593731449602,2.6422254974207813,318.0,476.0,313.0,3898.5,0.6942726002793853,0.19560625264047318,0.04711396151948693,0.3362506563976895,766.0,2856.0,3863.0,4245.0,1896.0,756.5,0.8309670686721802,0.4607948362827301,0.0886057658849861,70,-0.0006638592385503455,-0.04809218645095825
313,Healthy,0.8682620256224317,2.753123323369357,298.5,466.5,272.5,3864.5,0.6780555832254208,0.1761502478531034,0.04296681525507677,0.36342592592592593,808.0,2950.0,3864.5,4211.5,1787.5,723.0,0.8619202375411987,0.3881264925003052,0.10819606309400069,76,-0.0007830418045181547,-0.08646196126937866
314,Healthy,0.8670763628086947,2.7214602086012287,314.0,471.5,292.0,4101.5,0.7263177998472116,0.19904490283212842,0.04757489714318827,0.37484350221183543,716.5,3019.0,4109.0,4519.5,1872.5,759.5,0.8536146879196167,0.45709219574928284,0.1047332611183032,74,-0.0007782021780428953,-0.05051898956298828
315,Healthy,0.8614413977190002,2.65658908927636,294.5,441.0,285.5,3835.5,0.7171235597934048,0.20473867595818815,0.03975461598604679,0.3702105626510183,712.0,2853.0,3991.5,4322.0,1824.5,707.0,0.8507248759269714,0.4590076506137848,0.09638243947017999,72,-0.0007565807507192075,-0.06534069776535034
316,Healthy,0.8610221747895174,2.6442097596504004,300.0,490.5,293.0,3923.5,0.6639700078926598,0.16873397546947544,0.03963508598902792,0.367326996535489,851.5,2999.0,3895.0,4216.5,1780.5,723.0,0.8569472432136536,0.5764151215553284,0.08266192520650105,76,-0.0005888935466028175,-0.0890127420425415
317,Healthy,0.8349640457385359,2.8548972188633615,385.5,539.5,350.0,3891.5,0.6638820638820638,0.19748196350261707,0.04415936844702109,0.31852769421341354,855.0,2836.5,3874.5,4232.5,1925.5,840.0,0.8208830952644348,0.43470996618270874,0.10609981267205013,82,-0.0006296978876947128,-0.07050096988677979
318,Healthy,0.8665906499429875,2.7222580414069775,314.5,455.0,292.5,4092.5,0.7052973799961751,0.19811891165602957,0.04641201666373291,0.358650490277547,770.5,2984.0,4063.0,4458.5,1929.5,785.0,0.8506745100021362,0.34251290559768677,0.11218459490104563,74,-0.0008181882997628075,-0.06036919355392456
319,Healthy,0.8721668177697189,2.6839645672037387,298.5,457.0,282.0,4130.0,0.7263177998472116,0.19904490283212842,0.04757489714318827,0.37484350221183543,716.5,3019.0,4109.0,4519.5,1872.5,759.5,0.856106698513031,0.5451589822769165,0.09652286653815678,74,-0.0007392506053462451,-0.048168957233428955
320,Healthy,0.8605739623106294,2.772179019203301,310.0,459.5,283.0,3776.5,0.6883193691473632,0.19093311083298567,0.038816108685104316,0.3588317107093185,790.5,2909.0,3962.0,4282.0,1844.0,773.5,0.8541737794876099,0.4576687216758728,0.07876472958147146,75,-0.0005761283938442524,-0.06197190284729004
321,Healthy,0.8227911022741394,2.5766656288916563,346.0,537.0,356.5,3667.0,0.6700893706027762,0.1823382917143434,0.044414055532433556,0.34376850833403844,867.5,3037.0,4018.0,4391.5,1939.0,793.5,0.8046227693557739,0.46016982197761536,0.09510074868242843,73,-0.0008476732396229021,-0.07828891277313232
322,Unhealthy,0.8432969929315922,2.635737287500936,329.5,550.5,327.0,3846.5,0.6700893706027762,0.1823382917143434,0.044414055532433556,0.34376850833403844,867.5,3037.0,4018.0,4391.5,1939.0,793.5,0.8239213824272156,0.45154768228530884,0.0988424677886542,70,-0.0008269370722543171,-0.08354955911636353
323,Healthy,0.8739514849240535,2.646210873146623,288.0,467.0,278.0,4133.0,0.6973709097787025,0.1862524785194977,0.039078330342152495,0.3765182186234818,800.0,3078.0,4149.5,4487.0,1848.0,722.0,0.8664572238922119,0.5121656656265259,0.0966186046468218,75,-0.0007129767524752957,-0.08070427179336548
324,Healthy,0.8609101516919486,2.737865518776904,321.0,531.5,298.0,3987.0,0.6639700078926598,0.16873397546947544,0.03963508598902792,0.367326996535489,851.5,2999.0,3895.0,4216.5,1780.5,723.0,0.8518015146255493,0.6040882468223572,0.07961088068662538,76,-0.000593175017153983,-0.08080142736434937
325,Healthy,0.8699489084997678,2.75077103833162,307.0,477.0,280.0,4026.0,0.7012010545845132,0.1851700680272109,0.03733253944626377,0.3782222605397017,765.0,2994.5,4042.0,4355.5,1803.0,723.0,0.8657347559928894,0.5481697916984558,0.08580595387983601,74,-0.0005515353274805502,-0.07885253429412842
326,Healthy,0.8696870052368774,2.8178517875463656,303.5,456.0,267.5,3838.0,0.6766865759326349,0.1773927392739274,0.04427369191364801,0.3533409833171507,825.5,2991.0,3918.0,4281.0,1831.5,731.5,0.8613854646682739,0.5838421583175659,0.08226565791557283,74,-0.0006717541337933888,-0.07983464002609253
327,Healthy,0.8471626733921815,2.72889755463482,320.5,491.0,303.0,3662.0,0.6766865759326349,0.1773927392739274,0.04427369191364801,0.3533409833171507,825.5,2991.0,3918.0,4281.0,1831.5,731.5,0.8341565132141113,0.5492638945579529,0.08008109014547013,75,-0.000591493312627472,-0.05878770351409912
328,Unhealthy,0.8663612065673921,2.701619304651532,279.0,455.5,262.5,3666.0,0.6792067061950522,0.18283286526967668,0.04060817231548939,0.35685557586837297,784.5,2837.0,3786.0,4106.5,1759.0,703.0,0.8563371300697327,0.5920931100845337,0.08070232435514497,78,-0.000559833827872211,-0.07563108205795288
329,Healthy,0.8228279386712095,2.8411764705882354,394.0,566.0,364.0,3745.0,0.6246322808393803,0.17270668176670442,0.04018081366147665,0.2705597788527989,957.0,2922.0,3822.0,4142.0,2111.0,946.0,0.8074700236320496,0.46821480989456177,0.08170632513528422,74,-0.0005372918216146988,-0.07089555263519287
330,Healthy,0.8226555246053854,2.6654632972322503,386.0,586.0,382.0,3926.0,0.6433660697092239,0.18052289389957119,0.042511605179574884,0.3065546218487395,926.0,2962.0,3919.0,4267.0,2063.0,902.0,0.7957850098609924,0.46105384826660156,0.07862262907513475,77,-0.00039933371707557034,-0.031496524810791016
331,Healthy,0.8374809547993906,2.851461179318693,353.0,509.0,320.0,3618.0,0.643703554930709,0.17165354330708663,0.04042715484363082,0.34109347442680776,887.0,2893.0,3774.0,4092.0,1868.0,802.0,0.8485649824142456,0.41343510150909424,0.08600714179843966,73,-0.0004113528362759018,-0.07401847839355469
332,Healthy,0.7759394942094068,2.446713370099866,433.0,690.0,474.0,3757.0,0.6020821283979179,0.1715776117298745,0.039139677379017135,0.2744836775483011,1032.0,2938.0,3842.0,4155.0,2178.0,983.0,0.7592611908912659,0.4075774848461151,0.08565065761753461,76,-0.0005031340360922296,-0.016170620918273926
333,Healthy,0.804287045666356,2.521180251241601,396.0,606.0,420.0,3872.0,0.5547524394651246,0.16129032258064516,0.047607451601120176,0.23084141382546136,1232.0,3107.0,3911.0,4302.0,2459.0,1162.0,0.7788993716239929,0.4803065359592438,0.08444167053593778,76,-0.0003943986647234091,-0.05306345224380493
334,Healthy,0.7662644901821623,2.3777712523858465,439.0,688.0,494.0,3733.0,0.5841035120147874,0.17156527682843473,0.04895960832313342,0.24324324324324326,1125.0,3030.0,3885.0,4285.0,2296.0,1062.0,0.7344475388526917,0.40328896045684814,0.07955288421225579,76,-0.0004801056897656353,-0.020940661430358887
335,Healthy,0.8377772240219288,2.7023551161482198,337.5,491.5,325.5,3687.5,0.678637831490361,0.19075385256143274,0.05258636558875867,0.3433761630482942,821.0,2914.5,3860.0,4288.5,1852.5,784.0,0.8469736576080322,0.5758620500564575,0.08131729730166101,72,-0.00034196576642138297,-0.07725906372070312
336,Healthy,0.7887126865671642,2.5171181899374813,426.0,649.0,453.0,3835.0,0.5746691871455577,0.1582313681868743,0.05336368234699039,0.2512363996043521,1125.0,3027.0,3743.0,4165.0,2271.0,1048.0,0.7638898491859436,0.35265225172042847,0.08662039846213956,76,-0.0004913578258443711,-0.03209966421127319
337,Healthy,0.8473282442748091,2.7788096584026487,335.5,483.5,310.0,3751.0,0.6657246669358095,0.1864845434938893,0.04363222461110409,0.3358613217768147,828.0,2829.0,3781.0,4126.0,1839.0,798.0,0.8391050696372986,0.5021082758903503,0.08942552842085565,70,-0.0003520180619767252,-0.06719166040420532
338,Unhealthy,0.774320872997446,2.625570776255708,475.0,706.0,486.0,3821.0,0.5841035120147874,0.17156527682843473,0.04895960832313342,0.24324324324324326,1125.0,3030.0,3885.0,4285.0,2296.0,1062.0,0.7404250502586365,0.41348496079444885,0.08743721132689239,76,-0.00046553876090955004,-0.011617541313171387
339,Healthy,0.8229942100909843,2.684007707129094,381.5,592.5,374.5,3857.0,0.6466431095406361,0.17331095258078053,0.039534019085388526,0.32164152928796913,900.0,2955.0,3875.0,4194.0,1934.0,832.0,0.8094947934150696,0.5048732757568359,0.07383472499010874,78,-0.0006260882512663405,-0.0616413950920105
340,Healthy,0.851348182883939,2.781522904856749,345.0,498.0,317.0,3948.0,0.662608695652174,0.19350811485642946,0.041016333938294014,0.341959972394755,873.0,2907.0,3963.0,4302.0,1907.0,854.0,0.8504167199134827,0.5769432187080383,0.08341746242721654,71,-0.00047135365497375724,-0.08566170930862427
341,Healthy,0.8377772240219288,2.7023551161482198,337.5,491.5,325.5,3687.5,0.678637831490361,0.19075385256143274,0.05258636558875867,0.3433761630482942,821.0,2914.5,3860.0,4288.5,1852.5,784.0,0.8469736576080322,0.5758620500564575,0.08131729730166101,72,-0.00034196576642138297,-0.07725906372070312
342,Healthy,0.855072463768116,2.9572719802793754,359.0,513.0,305.0,3904.0,0.6706972994760177,0.1880194898251648,0.04473850031505986,0.33527803099361897,817.0,2833.0,3790.0,4145.0,1823.0,770.0,0.8444127440452576,0.35972028970718384,0.10037772657013797,74,-7.807905438435074e-05,-0.05351841449737549
343,Healthy,0.7900728597449909,2.497840483731644,430.0,641.0,461.0,3931.0,0.5746691871455577,0.1582313681868743,0.05336368234699039,0.2512363996043521,1125.0,3027.0,3743.0,4165.0,2271.0,1048.0,0.7635989785194397,0.34056299924850464,0.09685566320299191,79,-0.0005525728417484527,-0.04973876476287842
344,Healthy,0.8417198204583038,2.8490324644170797,371.0,548.0,335.0,3898.0,0.6246322808393803,0.17270668176670442,0.04018081366147665,0.2705597788527989,957.0,2922.0,3822.0,4142.0,2111.0,946.0,0.8149190545082092,0.480187326669693,0.07959539995853489,77,-0.0004543477568919256,-0.04431569576263428
345,Healthy,0.8550792171481827,2.907621613056568,359.0,488.5,311.0,3981.0,0.7013513513513514,0.19546934346174716,0.04630179271043571,0.36381573303594406,773.5,2965.5,4016.5,4406.5,1854.0,764.5,0.8480299711227417,0.4119623601436615,0.11447385064829109,76,-0.0007418993749268233,-0.06582444906234741
346,Healthy,0.7900919305413687,2.526126714565643,388.0,570.0,411.0,3505.0,0.6451547643131701,0.18043257366816665,0.03989769820971867,0.32549303419576625,877.0,2823.0,3754.0,4066.0,1864.0,808.0,0.7951022982597351,0.5450571775436401,0.07907793561252463,68,-0.0005131444006419576,-0.07600438594818115
347,Healthy,0.845148802322768,2.7297592997811817,338.0,526.0,320.0,3813.0,0.6753015621910223,0.18705338377469524,0.04027504911591356,0.33985671850428095,821.0,2901.0,3908.0,4236.0,1889.0,789.0,0.8292321562767029,0.5510039925575256,0.07247313021722318,76,-0.0005809591548599568,-0.04370522499084473
348,Healthy,0.855072463768116,2.9572719802793754,359.0,513.0,305.0,3904.0,0.6706972994760177,0.1880194898251648,0.04473850031505986,0.33527803099361897,817.0,2833.0,3790.0,4145.0,1823.0,770.0,0.8444127440452576,0.35972028970718384,0.10037772657013797,74,-7.807905438435074e-05,-0.05351841449737549
349,Healthy,0.8710296056574374,2.882586275287584,315.5,475.0,269.0,3902.5,0.6845624385447394,0.1849495089223959,0.049497672139181575,0.371950149201334,802.0,2946.0,3879.0,4283.0,1789.0,730.0,0.8604129552841187,0.5363655686378479,0.09611169750690257,71,-0.00034605025709226125,-0.06296920776367188
350,Healthy,0.8242638398115429,2.832281042577303,403.0,585.0,373.0,3872.0,0.5547524394651246,0.16129032258064516,0.047607451601120176,0.23084141382546136,1232.0,3107.0,3911.0,4302.0,2459.0,1162.0,0.7919007539749146,0.42043164372444153,0.08754070045480936,74,-0.00039847338142426434,-0.0665251612663269
351,Healthy,0.8512936448128611,2.8082532316871065,326.0,504.0,296.0,3685.0,0.6706972994760177,0.1880194898251648,0.04473850031505986,0.33527803099361897,817.0,2833.0,3790.0,4145.0,1823.0,770.0,0.8423250913619995,0.43914344906806946,0.08726237238719765,74,-0.0003235415292081308,-0.08366620540618896
352,Healthy,0.8529956763434219,2.7788956857694784,324.0,480.0,297.5,3750.0,0.6760865328396024,0.17856653419213375,0.037644787644787646,0.34007541995200546,831.0,2997.0,3988.0,4300.0,1925.0,773.0,0.8409950733184814,0.5050088167190552,0.11284816439297389,77,-0.0004467099064615543,-0.029325902462005615
353,Healthy,0.8473282442748091,2.7788096584026487,335.5,483.5,310.0,3751.0,0.6657246669358095,0.1864845434938893,0.04363222461110409,0.3358613217768147,828.0,2829.0,3781.0,4126.0,1839.0,798.0,0.8391050696372986,0.5021082758903503,0.08942552842085565,70,-0.0003520180619767252,-0.06719166040420532
354,Healthy,0.8194174757281554,2.617257151717187,367.5,574.5,372.0,3748.0,0.6466431095406361,0.17331095258078053,0.039534019085388526,0.32164152928796913,900.0,2955.0,3875.0,4194.0,1934.0,832.0,0.7981856465339661,0.516944169998169,0.07871967067473583,78,-0.0006174673277329153,-0.040324270725250244
355,Healthy,0.8043588443993918,2.6476476476476476,384.0,565.0,386.0,3560.0,0.6246322808393803,0.17270668176670442,0.04018081366147665,0.2705597788527989,957.0,2922.0,3822.0,4142.0,2111.0,946.0,0.7936117649078369,0.46372687816619873,0.08266885400405129,75,-0.0006246456810674341,-0.07256960868835449
356,Healthy,0.8628277153558053,2.8047481357479835,327.0,466.0,293.0,3979.0,0.6861022364217252,0.19383571327583768,0.0390057831918297,0.34347903026013094,786.0,2851.0,3905.0,4222.0,1855.0,780.0,0.8466308116912842,0.49013158679008484,0.0760901710446244,77,-0.0006158870355983091,-0.06732696294784546
357,Healthy,0.8465227817745803,2.727132262051916,338.0,514.0,320.0,3850.0,0.6753015621910223,0.18705338377469524,0.04027504911591356,0.33985671850428095,821.0,2901.0,3908.0,4236.0,1889.0,789.0,0.8313155770301819,0.5779778957366943,0.0691617478683546,75,-0.0005746179191650878,-0.03862529993057251
358,Healthy,0.8446359435493943,2.707799487508008,325.0,525.0,311.0,3692.5,0.6582071223905035,0.1919087899963222,0.05002592016588906,0.3020122170319799,835.0,2746.5,3665.0,4051.0,1942.5,828.5,0.8010205626487732,0.5071122646331787,0.0870816560317112,68,-0.0006894620425454151,-0.05809992551803589
359,Healthy,0.8643825838686653,2.839168490153173,324.0,462.0,285.0,3918.0,0.6861022364217252,0.19383571327583768,0.0390057831918297,0.34347903026013094,786.0,2851.0,3905.0,4222.0,1855.0,780.0,0.8555400371551514,0.4783872067928314,0.08232528879445979,78,-0.0005909121380531672,-0.06734758615493774
360,Healthy,0.8361540348295315,2.8522423025435075,368.0,502.0,334.0,3743.0,0.6412814118549779,0.17899958660603554,0.04405125076266016,0.30688723835246456,935.0,2979.0,3917.0,4278.0,2053.0,915.0,0.8187805414199829,0.46332862973213196,0.09019805085950013,78,-0.0005774423694013085,-0.06086379289627075
361,Healthy,0.860453709380748,2.719978292890922,303.5,480.5,284.5,3793.0,0.6896416682984139,0.1859538207806487,0.0407670968520082,0.36394137383012537,792.5,2961.5,3976.5,4314.5,1801.0,745.0,0.8581599593162537,0.4910714328289032,0.09608692691573736,71,-0.0002470427701320768,-0.07916456460952759
362,Healthy,0.7722402192873162,2.353790065319763,401.0,577.0,457.0,3556.0,0.662608695652174,0.19350811485642946,0.041016333938294014,0.341959972394755,873.0,2907.0,3963.0,4302.0,1907.0,854.0,0.80746990442276,0.568490743637085,0.07717068399470456,71,-0.000443092369186262,-0.0861777663230896
363,Healthy,0.8498754891497687,2.8384158415841583,352.5,496.5,316.5,3900.0,0.6810733109726881,0.19732441471571907,0.04304911404447616,0.35379310344827586,832.0,2940.0,4023.5,4385.5,1874.0,786.0,0.8459612131118774,0.4166949391365051,0.11493549721139243,77,-0.0008301829508781453,-0.08013677597045898
364,Healthy,0.7732298282756999,2.483003474845143,447.0,660.0,482.0,3769.0,0.612184249628529,0.1759924129521745,0.046413502109704644,0.2732069249793899,1044.0,3041.0,3955.0,4340.0,2204.0,994.0,0.745701253414154,0.354938268661499,0.09161870864002228,76,-0.0005171545506672878,-0.02693861722946167
365,Healthy,0.79183014078006,2.6258992805755397,443.0,629.0,451.0,3882.0,0.5976132761514078,0.17225338623614722,0.04551555826723612,0.27742564602632863,1079.0,3025.0,3911.0,4284.0,2223.0,1041.0,0.7710633277893066,0.3103615641593933,0.09741412529250688,77,-0.0006678376510331864,-0.07633316516876221
366,Healthy,0.8620048786154025,2.6623376623376624,307.5,499.0,297.0,4007.5,0.6887210948560641,0.1892323030907278,0.051172081546325125,0.351010101010101,824.5,3049.5,4037.5,4473.0,1927.5,786.5,0.8526192307472229,0.46519696712493896,0.1113608860673918,69,-0.0007022456733782802,-0.06315422058105469
367,Unhealthy,0.7843937575030012,2.6380813953488373,442.0,691.0,449.0,3716.0,0.6020821283979179,0.1715776117298745,0.039139677379017135,0.2744836775483011,1032.0,2938.0,3842.0,4155.0,2178.0,983.0,0.7624832987785339,0.4332745373249054,0.08182783200177872,74,-0.000470303230159956,-0.03494447469711304
368,Healthy,0.8344679326406306,2.827600161877782,377.5,508.0,346.5,3840.0,0.6725009723842863,0.1829436038514443,0.03952616946694065,0.35134210976235253,842.0,2970.0,3973.0,4300.0,1897.0,788.0,0.817303478717804,0.39047619700431824,0.09148157468547326,73,-0.000402340863527873,-0.019258856773376465
369,Healthy,0.838479809976247,2.6493545481837284,344.0,518.0,340.0,3870.0,0.662608695652174,0.19350811485642946,0.041016333938294014,0.341959972394755,873.0,2907.0,3963.0,4302.0,1907.0,854.0,0.839052140712738,0.5211267471313477,0.08470858735029961,70,-0.0004059551070461648,-0.07041096687316895
370,Healthy,0.8340330945912571,2.68015873015873,344.0,523.0,336.0,3713.0,0.6246322808393803,0.17270668176670442,0.04018081366147665,0.2705597788527989,957.0,2922.0,3822.0,4142.0,2111.0,946.0,0.8194891810417175,0.4764957129955292,0.07872746514731864,76,-0.0006636976230106018,-0.05535012483596802
371,Healthy,0.8628125716907548,2.8775822494261667,345.0,485.0,299.0,4060.0,0.7001162340178225,0.20021881838074398,0.04913329348475792,0.3834507042253521,774.0,2924.0,3977.0,4388.0,1751.0,725.0,0.8629212975502014,0.3611072599887848,0.09190319763303523,73,-0.00030908875513471214,-0.07124626636505127
372,Healthy,0.8522866226461238,2.7419354838709675,323.0,502.0,302.0,3787.0,0.6354604508979748,0.16716662121625306,0.04683869389751743,0.3051784816490699,954.0,3054.0,3897.0,4280.0,2073.0,899.0,0.8327727317810059,0.4824257791042328,0.08000396557101945,77,-0.0006431175033987102,-0.03284555673599243
373,Healthy,0.8567639257294429,2.8126979100696645,330.0,482.0,297.0,3850.0,0.6861022364217252,0.19383571327583768,0.0390057831918297,0.34347903026013094,786.0,2851.0,3905.0,4222.0,1855.0,780.0,0.8438867330551147,0.4864422082901001,0.07524691692038828,77,-0.0005821752095386726,-0.05957227945327759
374,Healthy,0.8635043562439496,2.7914254420278515,313.0,490.0,282.0,3850.0,0.6766843449224121,0.17478667767685108,0.04008772998659681,0.3640092741216337,823.0,2998.0,3939.0,4268.0,1783.0,729.0,0.8527946472167969,0.5082377195358276,0.09508585562749867,70,-0.00042656185427707535,-0.0748220682144165
375,Healthy,0.7793809634628811,2.620090752620873,463.0,675.0,474.0,3823.0,0.5841035120147874,0.17156527682843473,0.04895960832313342,0.24324324324324326,1125.0,3030.0,3885.0,4285.0,2296.0,1062.0,0.7287501692771912,0.40484046936035156,0.08200872267069449,74,-0.0003844407734072034,-0.0016450285911560059
376,Healthy,0.8642639831500117,2.7681583089723407,318.5,499.0,290.0,3983.0,0.6896416682984139,0.1859538207806487,0.0407670968520082,0.36394137383012537,792.5,2961.5,3976.5,4314.5,1801.0,745.0,0.8620690703392029,0.5637065768241882,0.0908894705580916,71,-0.00034288063172000405,-0.06383144855499268
377,Healthy,0.8465227817745803,2.727132262051916,338.0,514.0,320.0,3850.0,0.6753015621910223,0.18705338377469524,0.04027504911591356,0.33985671850428095,821.0,2901.0,3908.0,4236.0,1889.0,789.0,0.8313155770301819,0.5779778957366943,0.0691617478683546,75,-0.0005746179191650878,-0.03862529993057251
378,Healthy,0.8498632861048968,2.7273452456924057,320.0,496.0,302.0,3721.0,0.6433660697092239,0.18052289389957119,0.042511605179574884,0.3065546218487395,926.0,2962.0,3919.0,4267.0,2063.0,902.0,0.8309981226921082,0.48215585947036743,0.07555055790308796,77,-0.0005934727955976874,-0.04539424180984497
379,Healthy,0.8454735862229462,2.694704049844237,345.0,545.0,332.0,3965.0,0.6720867208672087,0.18604970479198132,0.04109919247920935,0.34851858194896385,847.0,2964.0,3978.0,4319.0,1902.0,832.0,0.8452407121658325,0.4399248957633972,0.08574159789283971,74,-0.00018267216328581086,-0.07463407516479492
380,Healthy,0.8617980124797782,2.8680203045685277,343.0,508.0,299.0,4028.0,0.6657246669358095,0.1864845434938893,0.04363222461110409,0.3358613217768147,828.0,2829.0,3781.0,4126.0,1839.0,798.0,0.856661856174469,0.5514653325080872,0.08493835780023265,71,-0.0002966642090575681,-0.07596093416213989
381,Healthy,0.8602726387536515,2.9288910989557433,337.0,463.0,287.0,3821.0,0.6412814118549779,0.17899958660603554,0.04405125076266016,0.30688723835246456,935.0,2979.0,3917.0,4278.0,2053.0,915.0,0.8428972363471985,0.4761645793914795,0.0847540944205806,77,-0.0006356655152675886,-0.0751381516456604
382,Healthy,0.8456209797130133,2.7716509892961403,336.0,509.0,312.0,3730.0,0.6702986279257466,0.17970642724811173,0.04546602677443799,0.32803180914512925,817.0,2878.0,3779.0,4139.0,1859.0,778.0,0.8296932578086853,0.5803837776184082,0.06864411083523712,75,-0.0005925448535876496,-0.04472064971923828
383,Healthy,0.8307180218735141,2.5808834392081548,347.0,528.0,356.0,3850.0,0.6657246669358095,0.1864845434938893,0.04363222461110409,0.3358613217768147,828.0,2829.0,3781.0,4126.0,1839.0,798.0,0.8214134573936462,0.5233957171440125,0.08115207728654902,69,-0.00046601688254716445,-0.07715612649917603
384,Healthy,0.8618777234913508,2.65757328990228,270.0,449.0,261.5,3525.0,0.6488151164004593,0.1828053620909159,0.05125133120340788,0.296309963099631,841.0,2728.0,3563.5,3948.5,1907.0,826.0,0.8408967852592468,0.5490937829017639,0.08691604538508113,70,-0.0006562793799803692,-0.07107770442962646
385,Healthy,0.8631418879401099,2.7386431116389547,316.0,503.0,292.5,3982.0,0.6846676737160121,0.18864908073541167,0.05436067123611439,0.34400275339872655,835.0,3045.0,4001.0,4461.0,1906.0,780.0,0.8518008589744568,0.5516762733459473,0.08272383451117557,69,-0.0004074593726335569,-0.04902130365371704
386,Healthy,0.8743601675197766,2.8586642324661495,315.0,477.0,270.0,4028.0,0.6845624385447394,0.1849495089223959,0.049497672139181575,0.371950149201334,802.0,2946.0,3879.0,4283.0,1789.0,730.0,0.8699004054069519,0.476106196641922,0.10413498928593139,70,-0.00019561794453811667,-0.06882631778717041
387,Healthy,0.8596065095943648,2.90749260598094,336.0,477.0,289.0,3828.0,0.6706972994760177,0.1880194898251648,0.04473850031505986,0.33527803099361897,817.0,2833.0,3790.0,4145.0,1823.0,770.0,0.8579075336456299,0.3474646806716919,0.10083865199774059,74,-0.00014683137267527678,-0.06971269845962524
388,Healthy,0.8516865079365079,2.718492716909436,316.0,481.0,299.0,3733.0,0.6760865328396024,0.17856653419213375,0.037644787644787646,0.34007541995200546,831.0,2997.0,3988.0,4300.0,1925.0,773.0,0.8339959979057312,0.50632244348526,0.10974577685649978,76,-0.0003200211513823814,-0.02501147985458374
389,Healthy,0.8194174757281554,2.617257151717187,367.5,574.5,372.0,3748.0,0.6466431095406361,0.17331095258078053,0.039534019085388526,0.32164152928796913,900.0,2955.0,3875.0,4194.0,1934.0,832.0,0.7981856465339661,0.516944169998169,0.07871967067473583,78,-0.0006174673277329153,-0.040324270725250244
390,Healthy,0.8481663162812427,2.8173494723774053,358.0,531.0,325.0,3956.0,0.6720867208672087,0.18604970479198132,0.04109919247920935,0.34851858194896385,847.0,2964.0,3978.0,4319.0,1902.0,832.0,0.8448883295059204,0.5162321329116821,0.08112894781165884,74,-0.00027224641831993676,-0.07611572742462158
391,Healthy,0.849861913130806,2.599646724521926,296.5,510.5,299.0,3684.0,0.6713236055055366,0.18540810334703464,0.04815680166147456,0.3300411522633745,794.0,2774.5,3666.5,4037.5,1831.5,747.0,0.8233110904693604,0.5401228666305542,0.07909015713401094,69,-0.0006140704893189977,-0.06716400384902954
392,Healthy,0.8525115781973638,2.731527281028841,330.5,516.5,310.5,3900.0,0.6777950310559007,0.17270383937050604,0.040818783865141484,0.3381576706964073,830.0,3049.0,3983.0,4322.0,1943.5,792.0,0.8348259329795837,0.48404935002326965,0.11679229177692024,70,-0.0005239517849666713,-0.04761785268783569
393,Healthy,0.8642639831500117,2.7681583089723407,318.5,499.0,290.0,3983.0,0.6896416682984139,0.1859538207806487,0.0407670968520082,0.36394137383012537,792.5,2961.5,3976.5,4314.5,1801.0,745.0,0.8620690703392029,0.5637065768241882,0.0908894705580916,71,-0.00034288063172000405,-0.06383144855499268
394,Healthy,0.8674033149171271,2.664780763790665,300.0,457.0,288.0,4056.0,0.6889405384466396,0.19435693740583482,0.0430622009569378,0.36295283663704714,803.0,2941.0,4000.0,4360.0,1864.0,783.0,0.8483537435531616,0.4947448968887329,0.0752754745198861,76,-0.0006395452069778413,-0.06448161602020264
395,Healthy,0.8399173767105603,2.692657892558563,320.5,508.5,310.0,3563.0,0.6377427184466019,0.1811816192560175,0.041682747973755305,0.3255996511120802,895.5,2806.5,3724.5,4048.5,1933.0,832.5,0.8030145764350891,0.5301865935325623,0.08994401631404879,69,-0.0006198447734867814,-0.046224355697631836
396,Healthy,0.8498632861048968,2.7273452456924057,320.0,496.0,302.0,3721.0,0.6433660697092239,0.18052289389957119,0.042511605179574884,0.3065546218487395,926.0,2962.0,3919.0,4267.0,2063.0,902.0,0.8309981226921082,0.48215585947036743,0.07555055790308796,77,-0.0005934727955976874,-0.04539424180984497
397,Healthy,0.8338264883418156,2.564242556598966,339.5,567.5,351.0,3873.5,0.6377427184466019,0.1811816192560175,0.041682747973755305,0.3255996511120802,895.5,2806.5,3724.5,4048.5,1933.0,832.5,0.7984505891799927,0.526188850402832,0.09213975398601654,68,-0.0005972170276678482,-0.028648436069488525
398,Healthy,0.8529271775345074,2.8282828282828283,344.0,499.0,309.0,3893.0,0.6810733109726881,0.19732441471571907,0.04304911404447616,0.35379310344827586,832.0,2940.0,4023.5,4385.5,1874.0,786.0,0.8497776985168457,0.4163989722728729,0.11106942450144591,77,-0.0008249571182737896,-0.07623058557510376
399,Healthy,0.8752007341133288,2.831168831168831,313.5,473.0,272.0,4087.0,0.7083095645559992,0.19794652976865124,0.04440827714485004,0.3705353391041264,767.0,3007.5,4110.0,4492.0,1872.5,751.0,0.8567451238632202,0.43359073996543884,0.1207186981689372,71,-0.0004319316718106391,-0.06630682945251465
400,Healthy,0.8673611111111111,2.7655177503874824,315.5,493.5,286.5,4033.5,0.6845624385447394,0.1849495089223959,0.049497672139181575,0.371950149201334,802.0,2946.0,3879.0,4283.0,1789.0,730.0,0.862281084060669,0.536189079284668,0.09531701041498758,71,-0.0003258847773203641,-0.06442803144454956
401,Healthy,0.8746227072208034,2.7848007688327048,303.5,453.0,270.0,4037.0,0.7035755478662054,0.19450060655074808,0.04757964418700869,0.36115132419313634,771.0,2988.0,4028.5,4431.0,1875.5,756.5,0.867864191532135,0.45733925700187683,0.11337260855077844,70,-0.0008733279171061448,-0.07066279649734497
402,Healthy,0.8660497397339503,2.6608145568270665,300.5,482.5,289.5,4033.0,0.6887210948560641,0.1892323030907278,0.051172081546325125,0.351010101010101,824.5,3049.5,4037.5,4473.0,1927.5,786.5,0.8586101531982422,0.4598276913166046,0.1072842428512192,69,-0.00068444312983647,-0.07366549968719482
403,Healthy,0.8628125716907548,2.8775822494261667,345.0,485.0,299.0,4060.0,0.7001162340178225,0.20021881838074398,0.04913329348475792,0.3834507042253521,774.0,2924.0,3977.0,4388.0,1751.0,725.0,0.8629212975502014,0.3611072599887848,0.09190319763303523,73,-0.00030908875513471214,-0.07124626636505127
404,Healthy,0.8286006651317472,2.6746490503715936,341.0,506.0,335.0,3574.0,0.643703554930709,0.17165354330708663,0.04042715484363082,0.34109347442680776,887.0,2893.0,3774.0,4092.0,1868.0,802.0,0.8349035382270813,0.4221128821372986,0.08755724999401933,74,-0.00026483960139808764,-0.07052350044250488
405,Healthy,0.8397640697960187,2.6244239631336406,326.0,543.0,326.0,3743.0,0.6496378939127031,0.17373441960866234,0.046826481182461806,0.3176844334627603,895.0,2966.5,3837.0,4214.0,1933.0,801.5,0.8222955465316772,0.42979684472084045,0.10587170179670008,74,-0.00016189174148128007,-0.031268537044525146
406,Healthy,0.8541064017104767,2.5809516570386135,285.0,478.0,290.0,3685.5,0.6713236055055366,0.18540810334703464,0.04815680166147456,0.3300411522633745,794.0,2774.5,3666.5,4037.5,1831.5,747.0,0.825322687625885,0.4664310812950134,0.09033079209004977,70,-0.000725077065884706,-0.08287554979324341
407,Healthy,0.8586770807908225,2.6536923889266046,297.5,490.0,289.5,3807.5,0.6303206997084548,0.1669449081803005,0.04393279402613565,0.29825168772719407,951.0,2994.0,3841.0,4194.0,2027.0,863.0,0.8526371717453003,0.40111878514289856,0.11963224587396155,71,-0.0007924246489376541,-0.08569294214248657
408,Healthy,0.8621798552888481,2.929446655740264,353.5,477.5,300.0,4053.5,0.710806405216224,0.20083456723650558,0.041990305437131344,0.3771877906485161,754.0,2968.5,4101.0,4460.5,1841.5,736.0,0.855349063873291,0.42932674288749695,0.11022808099947747,76,-0.0007167734070204618,-0.07736557722091675
409,Healthy,0.8675621538824084,2.584778487678158,278.5,461.0,281.0,3962.5,0.6960755954102786,0.1866693651757404,0.037880575879159786,0.35611082780894104,788.0,3014.0,4076.5,4397.5,1894.0,766.5,0.8621388077735901,0.4590131640434265,0.10746467499215283,69,-0.0006198959982297717,-0.0746999979019165
410,Healthy,0.8648007590132827,2.8115360888340533,320.0,465.0,285.0,3931.0,0.6895866454689984,0.189423614997202,0.0464,0.34951627088830256,781.0,2897.0,3874.0,4251.0,1849.0,770.0,0.850375235080719,0.4905514717102051,0.07919289436104833,77,-0.0006322042219915339,-0.06312686204910278
411,Healthy,0.8411534701857283,2.678182384064737,334.0,500.0,325.0,3767.0,0.6631426202321725,0.1890329751759911,0.04575078206465068,0.3196191160618038,812.5,2736.0,3660.5,4011.5,1893.5,802.0,0.8213112950325012,0.5060241222381592,0.08074192402091072,69,-0.0006549757600828156,-0.07029569149017334
412,Healthy,0.8456730769230769,2.7735730053610848,346.0,514.0,321.0,3839.0,0.6706972994760177,0.1880194898251648,0.04473850031505986,0.33527803099361897,817.0,2833.0,3790.0,4145.0,1823.0,770.0,0.8402624726295471,0.45503827929496765,0.08476827356925565,74,-0.0002458354254741364,-0.07860559225082397
413,Healthy,0.8612463485881208,2.8426803792383093,323.0,473.0,285.0,3823.0,0.6861022364217252,0.19383571327583768,0.0390057831918297,0.34347903026013094,786.0,2851.0,3905.0,4222.0,1855.0,780.0,0.8491332530975342,0.487495481967926,0.07876147051835478,77,-0.0005940677567468444,-0.06504452228546143
414,Healthy,0.8315613427308566,2.6968076863474355,363.0,545.0,352.5,3833.0,0.68068669527897,0.18866779089376054,0.04793054234062798,0.36535016633967415,837.0,3007.0,4002.5,4405.5,1860.0,763.0,0.8253936171531677,0.4945964515209198,0.09927381242970644,77,-0.0006435775860809396,-0.05803859233856201
415,Unhealthy,0.8043588443993918,2.6476476476476476,384.0,565.0,386.0,3560.0,0.6246322808393803,0.17270668176670442,0.04018081366147665,0.2705597788527989,957.0,2922.0,3822.0,4142.0,2111.0,946.0,0.7936117649078369,0.46372687816619873,0.08266885400405129,75,-0.0006246456810674341,-0.07256960868835449
416,Healthy,0.8665080309339679,2.724857826997905,302.0,497.0,280.5,3922.0,0.684833444688365,0.18089376505218088,0.045115452930728245,0.36105182276103476,825.5,3061.0,4032.0,4413.0,1871.0,764.5,0.8548353314399719,0.5586419701576233,0.07878463356969569,69,-0.0005089756510525699,-0.06659942865371704
417,Healthy,0.8628277153558053,2.8047481357479835,327.0,466.0,293.0,3979.0,0.6861022364217252,0.19383571327583768,0.0390057831918297,0.34347903026013094,786.0,2851.0,3905.0,4222.0,1855.0,780.0,0.8466308116912842,0.49013158679008484,0.0760901710446244,77,-0.0006158870355983091,-0.06732696294784546
418,Healthy,0.8673816374574941,2.7504976775049768,277.0,444.0,253.5,3569.5,0.684476762567183,0.18831313656977178,0.042933576928096046,0.3338323353293413,748.5,2729.5,3667.0,3996.0,1780.0,714.0,0.845459520816803,0.4931381642818451,0.09019793459426718,70,-0.0006643630837081956,-0.08051306009292603
419,Healthy,0.8364474642077165,2.5405365566037736,322.0,488.0,337.0,3784.0,0.6657246669358095,0.1864845434938893,0.04363222461110409,0.3358613217768147,828.0,2829.0,3781.0,4126.0,1839.0,798.0,0.8507868647575378,0.5574277639389038,0.08306552491724907,70,-0.0004541662391257362,-0.08255147933959961
420,Healthy,0.8734268248831356,2.8655131734172237,308.5,467.0,264.0,3907.5,0.6854064642507346,0.1789531378459852,0.04379473492660439,0.37797356828193834,803.0,2996.0,3941.0,4302.0,1765.0,715.0,0.8696697950363159,0.5097008943557739,0.09259114842918031,71,-0.0005153066003597524,-0.07519692182540894
421,Healthy,0.8601987142022209,2.8404353867531262,338.0,471.0,299.0,3978.5,0.7013513513513514,0.19546934346174716,0.04630179271043571,0.36381573303594406,773.5,2965.5,4016.5,4406.5,1854.0,764.5,0.853125810623169,0.48426762223243713,0.11223162530633525,76,-0.0005838247390336193,-0.06690752506256104
422,Healthy,0.8642424242424243,2.8307130379545815,317.0,502.0,280.0,3845.0,0.6845624385447394,0.1849495089223959,0.049497672139181575,0.371950149201334,802.0,2946.0,3879.0,4283.0,1789.0,730.0,0.8525647521018982,0.4817880690097809,0.10198629243721262,70,-0.00023248590769886602,-0.07109624147415161
423,Healthy,0.8642639831500117,2.7681583089723407,318.5,499.0,290.0,3983.0,0.6896416682984139,0.1859538207806487,0.0407670968520082,0.36394137383012537,792.5,2961.5,3976.5,4314.5,1801.0,745.0,0.8620690703392029,0.5637065768241882,0.0908894705580916,71,-0.00034288063172000405,-0.06383144855499268
424,Healthy,0.8670795616960457,2.786922900237348,310.5,474.5,279.0,3919.0,0.683720027181827,0.18179340419732898,0.037072470700789284,0.37276648182378314,814.5,3002.0,4026.0,4336.0,1781.5,733.5,0.8639562726020813,0.5289340019226074,0.09236770828821708,71,-0.0004251922880477694,-0.06432032585144043
425,Healthy,0.8213949104618284,2.625,376.0,602.0,379.0,3865.0,0.6433660697092239,0.18052289389957119,0.042511605179574884,0.3065546218487395,926.0,2962.0,3919.0,4267.0,2063.0,902.0,0.8000284433364868,0.4809497594833374,0.07503203823084414,77,-0.0005970360763928868,-0.03344106674194336
426,Healthy,0.8615819209039548,2.7888611803823773,298.0,477.5,269.5,3624.5,0.6713236055055366,0.18540810334703464,0.04815680166147456,0.3300411522633745,794.0,2774.5,3666.5,4037.5,1831.5,747.0,0.8362880945205688,0.4790647029876709,0.08569461059498147,70,-0.0005984083331876566,-0.07040190696716309
427,Healthy,0.859005311443747,2.803340687046959,324.0,489.0,292.0,3850.0,0.6895866454689984,0.189423614997202,0.0464,0.34951627088830256,781.0,2897.0,3874.0,4251.0,1849.0,770.0,0.8431309461593628,0.4868648052215576,0.08217898159072687,77,-0.0006560387058661926,-0.05033397674560547
428,Unhealthy,0.7997111218103033,2.705211726384365,422.0,624.0,416.0,3738.0,0.5841035120147874,0.17156527682843473,0.04895960832313342,0.24324324324324326,1125.0,3030.0,3885.0,4285.0,2296.0,1062.0,0.7761764526367188,0.4105612337589264,0.08626900062444467,74,-0.00038420587754399075,-0.018168389797210693
429,Healthy,0.8397932816537468,2.8374367033350794,341.0,514.0,310.0,3560.0,0.6874876065833829,0.1965691788526434,0.04751354012801576,0.35763827138538146,788.0,2857.0,3869.0,4255.0,1806.0,762.0,0.8322070837020874,0.5461879968643188,0.07663870746095924,74,-0.0005253713295297215,-0.07173347473144531
430,Healthy,0.8552996503074882,2.9189300411522634,348.0,504.5,300.0,3846.5,0.6746729154462019,0.17834569936795824,0.04483430799220273,0.36381085325423135,833.0,2990.0,3920.0,4288.0,1823.0,743.0,0.8401510715484619,0.5071170330047607,0.09158176993690158,74,-0.00029331087860568427,-0.04562830924987793
431,Unhealthy,0.8470948012232415,2.8951599935680976,369.0,509.0,325.0,3926.0,0.6725009723842863,0.1829436038514443,0.03952616946694065,0.35134210976235253,842.0,2970.0,3973.0,4300.0,1897.0,788.0,0.83775395154953,0.40599626302719116,0.0986576486768366,74,-0.0003939267193914748,-0.044220149517059326
432,Healthy,0.8388536528071412,2.7720850799565286,367.0,517.0,343.0,3914.0,0.6648066192033866,0.1935439370947717,0.04278654935518862,0.3332188841201717,871.0,2923.0,3971.0,4326.0,1942.0,829.0,0.8329115509986877,0.3797942101955414,0.09119314034968473,74,-0.00039843784983158886,-0.011239111423492432
433,Healthy,0.8752007341133288,2.831168831168831,313.5,473.0,272.0,4087.0,0.7083095645559992,0.19794652976865124,0.04440827714485004,0.3705353391041264,767.0,3007.5,4110.0,4492.0,1872.5,751.0,0.8567451238632202,0.43359073996543884,0.1207186981689372,71,-0.0004319316718106391,-0.06630682945251465
434,Healthy,0.8529411764705882,2.7308626974483596,330.0,487.0,310.0,3906.0,0.6760865328396024,0.17856653419213375,0.037644787644787646,0.34007541995200546,831.0,2997.0,3988.0,4300.0,1925.0,773.0,0.8414932489395142,0.5039713978767395,0.11273413008544583,77,-0.0002949786757058443,-0.02811187505722046
435,Healthy,0.8465699532825178,2.7364488952471784,331.0,505.0,312.0,3755.0,0.6466431095406361,0.17331095258078053,0.039534019085388526,0.32164152928796913,900.0,2955.0,3875.0,4194.0,1934.0,832.0,0.8350957632064819,0.5060665607452393,0.08052771800133567,77,-0.00064165688709753,-0.04564833641052246
436,Healthy,0.8673611111111111,2.7655177503874824,315.5,493.5,286.5,4033.5,0.6845624385447394,0.1849495089223959,0.049497672139181575,0.371950149201334,802.0,2946.0,3879.0,4283.0,1789.0,730.0,0.862281084060669,0.536189079284668,0.09531701041498758,71,-0.0003258847773203641,-0.06442803144454956
437,Healthy,0.8223072020395156,2.538964105793451,332.0,515.5,348.5,3574.0,0.6579811243331966,0.19426586861745362,0.0492079979226175,0.3105076741440378,833.5,2726.0,3661.5,4040.5,1898.0,806.5,0.791850745677948,0.556166410446167,0.08434377561839,67,-0.0005685251661748243,-0.04721057415008545
438,Healthy,0.8599493792937206,2.8317986982060646,327.0,493.0,290.5,3858.0,0.683720027181827,0.18179340419732898,0.037072470700789284,0.37276648182378314,814.5,3002.0,4026.0,4336.0,1781.5,733.5,0.847647488117218,0.5426905751228333,0.08995330657350323,71,-0.000520967484353649,-0.0750495195388794
439,Healthy,0.8612689393939394,2.6730345334313004,305.0,470.0,293.0,3931.0,0.6889405384466396,0.19435693740583482,0.0430622009569378,0.36295283663704714,803.0,2941.0,4000.0,4360.0,1864.0,783.0,0.8494731187820435,0.5155279636383057,0.07690956494539851,76,-0.0006450983223603389,-0.059550464153289795
440,Healthy,0.8766780432309442,2.751356755212796,300.0,469.0,271.0,4124.0,0.6917808219178082,0.18861114824221362,0.0358807082945014,0.36322569851095865,810.0,3035.0,4138.0,4446.0,1903.0,778.0,0.8600469827651978,0.5031471252441406,0.10403819674883695,73,-0.00031314612785666356,-0.07836759090423584
441,Healthy,0.8344679326406306,2.827600161877782,377.5,508.0,346.5,3840.0,0.6725009723842863,0.1829436038514443,0.03952616946694065,0.35134210976235253,842.0,2970.0,3973.0,4300.0,1897.0,788.0,0.817303478717804,0.39047619700431824,0.09148157468547326,73,-0.000402340863527873,-0.019258856773376465
442,Healthy,0.8529411764705882,2.7308626974483596,330.0,487.0,310.0,3906.0,0.6760865328396024,0.17856653419213375,0.037644787644787646,0.34007541995200546,831.0,2997.0,3988.0,4300.0,1925.0,773.0,0.8414932489395142,0.5039713978767395,0.11273413008544583,77,-0.0002949786757058443,-0.02811187505722046
443,Healthy,0.8675621538824084,2.584778487678158,278.5,461.0,281.0,3962.5,0.6960755954102786,0.1866693651757404,0.037880575879159786,0.35611082780894104,788.0,3014.0,4076.5,4397.5,1894.0,766.5,0.8621388077735901,0.4590131640434265,0.10746467499215283,69,-0.0006198959982297717,-0.0746999979019165
444,Healthy,0.8581665431183593,2.900935516204477,332.0,491.0,287.0,3760.0,0.6451547643131701,0.18043257366816665,0.03989769820971867,0.32549303419576625,877.0,2823.0,3754.0,4066.0,1864.0,808.0,0.8500292897224426,0.4693877696990967,0.09641925833949598,69,-0.00033863924532102663,-0.07840466499328613
445,Healthy,0.8665080309339679,2.724857826997905,302.0,497.0,280.5,3922.0,0.684833444688365,0.18089376505218088,0.045115452930728245,0.36105182276103476,825.5,3061.0,4032.0,4413.0,1871.0,764.5,0.8548353314399719,0.5586419701576233,0.07878463356969569,69,-0.0005089756510525699,-0.06659942865371704
446,Healthy,0.8732138806985711,2.7939042089985486,315.0,479.0,279.5,4129.5,0.6981132075471698,0.1938278289117488,0.04589114194236926,0.36793580331227593,784.0,2978.0,4023.0,4410.0,1851.0,765.0,0.8682975769042969,0.5161484479904175,0.09832831278092756,74,-0.00041039817079252983,-0.06804054975509644
447,Healthy,0.8687203791469195,2.7187778107386533,298.0,493.0,277.0,3943.0,0.6770283479960899,0.1760350973402797,0.046097560975609755,0.344523273922824,826.0,3005.0,3911.0,4289.0,1894.0,764.0,0.8573628664016724,0.4922715127468109,0.10563877493224325,70,-0.0007309235482361352,-0.07001018524169922
448,Healthy,0.8407505412557132,2.6353491177801236,333.0,532.0,331.0,3826.0,0.6466431095406361,0.17331095258078053,0.039534019085388526,0.32164152928796913,900.0,2955.0,3875.0,4194.0,1934.0,832.0,0.8319094777107239,0.48255252838134766,0.07953773799179956,77,-0.0006679777267729546,-0.05373275279998779
449,Healthy,0.8730635838150289,2.7021611564333763,294.0,461.5,274.5,4050.5,0.7035755478662054,0.19450060655074808,0.04757964418700869,0.36115132419313634,771.0,2988.0,4028.5,4431.0,1875.5,756.5,0.8650059700012207,0.41335391998291016,0.11589775403111352,70,-0.0007756977710353637,-0.07699263095855713
450,Healthy,0.8720373613543491,2.7675263079887356,304.0,492.5,274.0,4008.5,0.668000762340385,0.18094724058831466,0.045389393215480175,0.3301557579368457,871.0,3035.0,3996.0,4376.0,1967.5,813.0,0.8587152361869812,0.5347445011138916,0.09279097461738522,69,-0.0005439025403194678,-0.057709574699401855
451,Healthy,0.8368231046931408,2.6213811821471653,338.0,538.0,339.0,3816.0,0.6705528394133132,0.17552100562355277,0.04260063372843563,0.35827814569536426,876.0,3115.5,4079.0,4442.0,1938.0,797.5,0.8200705647468567,0.44592198729515076,0.10856644123858386,76,-0.00016223791916014106,-0.009739518165588379
452,Healthy,0.8668051408542127,2.667598881342389,267.5,433.5,256.5,3595.0,0.6627942839518866,0.18786721504112808,0.046928603793125766,0.32772494513533285,820.0,2764.5,3681.0,4043.5,1838.0,762.5,0.8430353403091431,0.489053875207901,0.09015577073756961,70,-0.0006565717415234468,-0.07569414377212524
453,Healthy,0.8615819209039548,2.7888611803823773,298.0,477.5,269.5,3624.5,0.6713236055055366,0.18540810334703464,0.04815680166147456,0.3300411522633745,794.0,2774.5,3666.5,4037.5,1831.5,747.0,0.8362880945205688,0.4790647029876709,0.08569461059498147,70,-0.0005984083331876566,-0.07040190696716309
454,Healthy,0.8710296056574374,2.882586275287584,315.5,475.0,269.0,3902.5,0.6845624385447394,0.1849495089223959,0.049497672139181575,0.371950149201334,802.0,2946.0,3879.0,4283.0,1789.0,730.0,0.8604129552841187,0.5363655686378479,0.09611169750690257,71,-0.00034605025709226125,-0.06296920776367188
455,Healthy,0.8705002337540907,2.7003117975491264,295.5,465.5,277.0,4001.0,0.6960755954102786,0.1866693651757404,0.037880575879159786,0.35611082780894104,788.0,3014.0,4076.5,4397.5,1894.0,766.5,0.8588262796401978,0.4398602843284607,0.12233174375670494,71,-0.00040068792090695935,-0.05966997146606445
456,Healthy,0.8645845472555647,2.7701441266522293,319.5,501.0,290.5,4000.0,0.6733036922482118,0.17768707482993198,0.04132330827067669,0.33746919350726606,845.0,3022.0,3984.5,4328.0,1949.0,803.5,0.8467878699302673,0.5267595648765564,0.09719419980685148,69,-0.0006057017939913724,-0.04381370544433594
457,Healthy,0.8567639257294429,2.8126979100696645,330.0,482.0,297.0,3850.0,0.6861022364217252,0.19383571327583768,0.0390057831918297,0.34347903026013094,786.0,2851.0,3905.0,4222.0,1855.0,780.0,0.8438867330551147,0.4864422082901001,0.07524691692038828,77,-0.0005821752095386726,-0.05957227945327759
458,Healthy,0.8529271775345074,2.8282828282828283,344.0,499.0,309.0,3893.0,0.6810733109726881,0.19732441471571907,0.04304911404447616,0.35379310344827586,832.0,2940.0,4023.5,4385.5,1874.0,786.0,0.8497776985168457,0.4163989722728729,0.11106942450144591,77,-0.0008249571182737896,-0.07623058557510376
459,Healthy,0.8072407045009785,2.7169438498271035,403.0,547.0,394.0,3694.0,0.6599578301705962,0.17951511849632254,0.03824481477041122,0.33526405451448044,887.0,3012.0,4011.0,4330.0,1951.0,853.0,0.8136823773384094,0.41216954588890076,0.09600345830981602,74,-0.00038925233007255895,-0.060241758823394775
460,Healthy,0.841162000702823,2.724616785551677,356.0,545.0,339.0,3929.5,0.6769961977186312,0.1854589436903642,0.046133776091081595,0.34078307600443575,849.5,3030.5,4021.5,4410.5,1932.0,793.5,0.8224220275878906,0.5476241707801819,0.08292335495016763,69,-0.00041688574135533956,-0.03305846452713013
461,Healthy,0.8687203791469195,2.7187778107386533,298.0,493.0,277.0,3943.0,0.6770283479960899,0.1760350973402797,0.046097560975609755,0.344523273922824,826.0,3005.0,3911.0,4289.0,1894.0,764.0,0.8573628664016724,0.4922715127468109,0.10563877493224325,70,-0.0007309235482361352,-0.07001018524169922
462,Healthy,0.856231884057971,2.8146200167695707,344.5,501.0,310.0,4002.5,0.6799540053660407,0.18804635088432609,0.045188982949803266,0.35318431041754533,835.0,2995.5,4004.0,4383.0,1917.0,806.5,0.8453709483146667,0.4941084086894989,0.10956163845674474,77,-0.0003564231439594091,-0.03511226177215576
463,Healthy,0.8410660205935796,2.6411290322580645,331.0,526.0,328.0,3799.5,0.6377427184466019,0.1811816192560175,0.041682747973755305,0.3255996511120802,895.5,2806.5,3724.5,4048.5,1933.0,832.5,0.8094925880432129,0.5269695520401001,0.09465603724167569,68,-0.0006256405978002724,-0.04749339818954468
464,Healthy,0.8310940499040307,2.752264420784999,371.0,515.0,352.0,3816.0,0.6442141623488774,0.18752598752598754,0.04220897701009609,0.31457975986277875,927.0,2931.0,3937.0,4284.0,1998.0,881.0,0.8340857625007629,0.44690266251564026,0.09098316950386759,74,-0.00029921489618809174,-0.052587807178497314
465,Healthy,0.8678857142857143,2.686429885382765,305.0,476.0,289.0,4086.0,0.6917808219178082,0.18861114824221362,0.0358807082945014,0.36322569851095865,810.0,3035.0,4138.0,4446.0,1903.0,778.0,0.8633325695991516,0.47666412591934204,0.1078751032907874,72,-0.0003328720027434458,-0.06456166505813599
466,Healthy,0.8728594886230354,2.9102142968872204,323.0,486.0,271.0,3992.0,0.6981132075471698,0.1938278289117488,0.04589114194236926,0.36793580331227593,784.0,2978.0,4023.0,4410.0,1851.0,765.0,0.8602938652038574,0.49474960565567017,0.09533054282141486,73,-0.00035641228221469195,-0.050137996673583984
467,Healthy,0.8761142857142857,2.8384182464454977,314.0,465.0,271.0,4104.0,0.7055837563451777,0.2003175443238952,0.046608214120904476,0.3735747820254863,783.0,3022.0,4132.0,4536.0,1868.0,758.0,0.8695985674858093,0.5233033299446106,0.0991242074487371,72,-0.0002977214011348939,-0.06489408016204834
468,Healthy,0.8628277153558053,2.8047481357479835,327.0,466.0,293.0,3979.0,0.6861022364217252,0.19383571327583768,0.0390057831918297,0.34347903026013094,786.0,2851.0,3905.0,4222.0,1855.0,780.0,0.8466308116912842,0.49013158679008484,0.0760901710446244,77,-0.0006158870355983091,-0.06732696294784546
469,Healthy,0.8409902404189479,2.6232551232551233,334.0,521.0,334.0,3867.0,0.6673664122137405,0.1829937038792228,0.04478325859491779,0.33406426583452814,871.5,3017.0,3994.0,4368.5,1974.0,823.0,0.8289368748664856,0.5053495168685913,0.09444449037452375,70,-0.0006585688572253901,-0.061309814453125
470,Healthy,0.8602941176470589,2.7545615067686873,330.0,497.0,304.0,4048.0,0.6897708752756208,0.18637679208453928,0.044379925342181666,0.3468785273942867,809.0,3022.0,4032.0,4406.5,1880.5,772.0,0.8564046621322632,0.5222092866897583,0.10763030141461481,77,-0.0004223741218096486,-0.07111966609954834
471,Healthy,0.8693259972489684,2.9689946758534296,346.0,475.0,285.0,4077.0,0.6648066192033866,0.1935439370947717,0.04278654935518862,0.3332188841201717,871.0,2923.0,3971.0,4326.0,1942.0,829.0,0.8577818274497986,0.40902021527290344,0.1012834947359582,75,-0.0005482227798100206,-0.07504433393478394
472,Unhealthy,0.8652651696129957,2.6993590699060963,299.0,474.0,282.0,3904.0,0.6893576222435283,0.18191574993292192,0.04520109146992526,0.36034188034188036,810.0,3049.0,4024.0,4405.0,1871.0,752.0,0.8585246205329895,0.43118971586227417,0.09676181120975243,72,-6.734683862129964e-05,-0.06292051076889038
473,Healthy,0.8454691556434665,2.6039445628997866,310.0,498.5,312.5,3732.0,0.6631426202321725,0.1890329751759911,0.04575078206465068,0.3196191160618038,812.5,2736.0,3660.5,4011.5,1893.5,802.0,0.8133416175842285,0.5137918591499329,0.08462145743826452,68,-0.0006318224469290472,-0.05243396759033203
474,Healthy,0.8393034825870647,2.553352504919025,311.0,508.0,323.0,3697.0,0.6730631092868138,0.18324987299513754,0.041789137380191695,0.33941144610940605,796.5,2813.5,3749.0,4076.0,1829.5,751.0,0.8128783702850342,0.5730705857276917,0.07199046477461706,68,-0.00047490436541247925,-0.05108439922332764
475,Healthy,0.8732138806985711,2.7939042089985486,315.0,479.0,279.5,4129.5,0.6981132075471698,0.1938278289117488,0.04589114194236926,0.36793580331227593,784.0,2978.0,4023.0,4410.0,1851.0,765.0,0.8682975769042969,0.5161484479904175,0.09832831278092756,74,-0.00041039817079252983,-0.06804054975509644
476,Healthy,0.8520892959358901,2.7920324105334235,353.5,516.5,323.0,4044.5,0.6810733109726881,0.19732441471571907,0.04304911404447616,0.35379310344827586,832.0,2940.0,4023.5,4385.5,1874.0,786.0,0.8479171395301819,0.5136421918869019,0.09971961824606787,77,-0.0007374940593473399,-0.07231712341308594
477,Healthy,0.8656547349343,2.7548666186012976,324.0,493.5,296.5,4117.5,0.6981132075471698,0.1938278289117488,0.04589114194236926,0.36793580331227593,784.0,2978.0,4023.0,4410.0,1851.0,765.0,0.8649194240570068,0.5051546096801758,0.09857348315946199,74,-0.00042470734170200396,-0.060773611068725586
478,Healthy,0.8398185724516591,2.7092799383904507,349.5,491.0,335.5,3853.5,0.7013513513513514,0.19546934346174716,0.04630179271043571,0.36381573303594406,773.5,2965.5,4016.5,4406.5,1854.0,764.5,0.8305076360702515,0.48160749673843384,0.1099331138274032,76,-0.0006418304935626313,-0.03786575794219971
479,Healthy,0.8670386995026083,2.8440111420612815,313.5,472.0,274.0,3847.5,0.6858536585365854,0.17984432609586234,0.04310032596885187,0.3738219895287958,805.0,3003.0,3963.0,4320.0,1794.0,733.0,0.8645538091659546,0.5026283860206604,0.09171196618311682,71,-0.0005200755806862735,-0.06660741567611694
480,Healthy,0.8584480166531745,2.6012755817213344,305.0,509.0,306.0,4017.5,0.6673664122137405,0.1829937038792228,0.04478325859491779,0.33406426583452814,871.5,3017.0,3994.0,4368.5,1974.0,823.0,0.8471524715423584,0.546278715133667,0.08720723443206543,69,-0.0005348357266558014,-0.045351266860961914
481,Healthy,0.8517624336069531,2.8748370273794004,348.0,486.0,307.0,3835.0,0.6615805946791862,0.18896976483762598,0.040676304827248225,0.33170305676855893,865.0,2897.0,3915.0,4247.0,1913.0,827.0,0.848025918006897,0.43424317240715027,0.09820738124568146,74,-0.00025187515706087454,-0.052003681659698486
482,Healthy,0.874061824195395,2.7383229714650086,271.0,447.0,247.5,3683.0,0.6780908326324643,0.18676579925650558,0.041294278817926806,0.333456561922366,765.5,2734.5,3674.0,3990.5,1803.0,732.5,0.8447331190109253,0.4864664375782013,0.08552831505673442,70,-0.0005721029369229917,-0.06806290149688721
483,Healthy,0.8563640673145295,2.777094542659493,331.0,496.0,303.0,3916.0,0.68068669527897,0.18866779089376054,0.04793054234062798,0.36535016633967415,837.0,3007.0,4002.5,4405.5,1860.0,763.0,0.8482095003128052,0.5234943628311157,0.10150210776809919,77,-0.0005097545917415349,-0.06751185655593872
484,Healthy,0.8797327394209354,2.7023620913149937,277.0,464.5,256.5,4009.0,0.7008120536151061,0.1922364721212537,0.04452322297662681,0.36460146188652975,764.5,2944.5,3975.5,4346.0,1825.5,735.0,0.8700128793716431,0.5158665776252747,0.10507908222239956,71,-0.0007978914369646469,-0.0822974443435669
485,Healthy,0.845148802322768,2.7297592997811817,338.0,526.0,320.0,3813.0,0.6753015621910223,0.18705338377469524,0.04027504911591356,0.33985671850428095,821.0,2901.0,3908.0,4236.0,1889.0,789.0,0.8292321562767029,0.5510039925575256,0.07247313021722318,76,-0.0005809591548599568,-0.04370522499084473
486,Healthy,0.8626099358212503,2.7540411322759355,314.5,494.0,289.0,3918.0,0.6733036922482118,0.17768707482993198,0.04132330827067669,0.33746919350726606,845.0,3022.0,3984.5,4328.0,1949.0,803.5,0.8525179624557495,0.4915931522846222,0.10185799556795315,69,-0.0006429271181812894,-0.05299270153045654
487,Healthy,0.860125260960334,2.7868436628054454,295.5,478.0,268.0,3564.0,0.6627942839518866,0.18786721504112808,0.046928603793125766,0.32772494513533285,820.0,2764.5,3681.0,4043.5,1838.0,762.5,0.8233298659324646,0.5248198509216309,0.08974891849520099,69,-0.0006728993071544163,-0.06793814897537231
488,Healthy,0.8398185724516591,2.7092799383904507,349.5,491.0,335.5,3853.5,0.7013513513513514,0.19546934346174716,0.04630179271043571,0.36381573303594406,773.5,2965.5,4016.5,4406.5,1854.0,764.5,0.8305076360702515,0.48160749673843384,0.1099331138274032,76,-0.0006418304935626313,-0.03786575794219971
489,Healthy,0.859005311443747,2.803340687046959,324.0,489.0,292.0,3850.0,0.6895866454689984,0.189423614997202,0.0464,0.34951627088830256,781.0,2897.0,3874.0,4251.0,1849.0,770.0,0.8431309461593628,0.4868648052215576,0.08217898159072687,77,-0.0006560387058661926,-0.05033397674560547
490,Healthy,0.8734268248831356,2.8655131734172237,308.5,467.0,264.0,3907.5,0.6854064642507346,0.1789531378459852,0.04379473492660439,0.37797356828193834,803.0,2996.0,3941.0,4302.0,1765.0,715.0,0.8696697950363159,0.5097008943557739,0.09259114842918031,71,-0.0005153066003597524,-0.07519692182540894
491,Healthy,0.8463145676146256,2.6181413386957773,331.0,523.0,331.0,3976.5,0.6673664122137405,0.1829937038792228,0.04478325859491779,0.33406426583452814,871.5,3017.0,3994.0,4368.5,1974.0,823.0,0.8267823457717896,0.538784921169281,0.08985942299292735,69,-0.0005668169105005613,-0.04042583703994751
492,Healthy,0.8634713144517067,2.5879706885293476,279.5,482.0,282.0,3849.0,0.6770283479960899,0.1760350973402797,0.046097560975609755,0.344523273922824,826.0,3005.0,3911.0,4289.0,1894.0,764.0,0.8529736399650574,0.37985947728157043,0.11684396917451785,71,-0.0008023917635387922,-0.0786401629447937
493,Healthy,0.824097610574479,2.5956765412329865,339.0,533.0,346.0,3588.0,0.6475860664086373,0.1681109185441941,0.0411946446961895,0.31068674256334927,865.0,2880.0,3724.0,4044.0,1877.0,791.0,0.8135210275650024,0.5659177899360657,0.06871301933634966,75,-0.0005985646282727202,-0.03648495674133301
494,Healthy,0.8684335068622812,2.6949625495667497,295.0,480.0,278.0,3948.0,0.6858536585365854,0.17984432609586234,0.04310032596885187,0.3738219895287958,805.0,3003.0,3963.0,4320.0,1794.0,733.0,0.8661609888076782,0.49606919288635254,0.09033281336478845,73,-0.0005053641487709274,-0.07792198657989502
495,Healthy,0.8753681234538815,2.719587176108915,287.0,458.0,264.5,3980.0,0.683029179271982,0.1847221268118431,0.04161381892854986,0.34084995663486556,812.0,2967.0,3967.0,4311.5,1900.0,787.0,0.8667718768119812,0.44959557056427,0.11643318232209282,70,-0.0007316622437481964,-0.08240419626235962
496,Healthy,0.8576002048917916,2.6105090824043033,278.5,456.0,278.0,3626.5,0.6822604015731732,0.1922540893420377,0.04245767060030785,0.33792603335750543,767.5,2753.0,3732.5,4063.5,1826.0,748.0,0.841590940952301,0.30388143658638,0.10324123790801067,68,-0.0007792911458436401,-0.08004671335220337
497,Healthy,0.8573281452658884,2.706797706797707,319.5,501.5,302.5,3938.0,0.6769961977186312,0.1854589436903642,0.046133776091081595,0.34078307600443575,849.5,3030.5,4021.5,4410.5,1932.0,793.5,0.847015917301178,0.5508403182029724,0.08882866466508091,69,-0.0004988135257343319,-0.05630040168762207
498,Healthy,0.8354371201496026,2.533673614064937,335.0,558.0,352.0,3926.0,0.6673664122137405,0.1829937038792228,0.04478325859491779,0.33406426583452814,871.5,3017.0,3994.0,4368.5,1974.0,823.0,0.8145279884338379,0.5092952251434326,0.08913609426241839,70,-0.000608680333061135,-0.039530158042907715
499,Healthy,0.8542982030111704,2.7450062421972534,322.0,497.0,300.0,3818.0,0.6753015621910223,0.18705338377469524,0.04027504911591356,0.33985671850428095,821.0,2901.0,3908.0,4236.0,1889.0,789.0,0.8366157412528992,0.5327374935150146,0.072105677804839,75,-0.0006101321257403343,-0.053035080432891846
500,Healthy,0.8598461726284947,2.887422105608396,331.0,501.0,287.0,3808.5,0.6858536585365854,0.17984432609586234,0.04310032596885187,0.3738219895287958,805.0,3003.0,3963.0,4320.0,1794.0,733.0,0.8524239659309387,0.48152634501457214,0.0919943989359189,71,-0.0005053596647378808,-0.06325685977935791
501,Healthy,0.8227146814404432,2.7970491288651704,409.0,651.0,384.0,3948.0,0.6540927951716333,0.18385529157667388,0.042930193839933406,0.3365935919055649,917.0,3023.0,4024.0,4385.0,1967.0,836.0,0.8082618713378906,0.4926746189594269,0.07943835471699032,74,-0.000314864871078449,-0.01564091444015503
502,Healthy,0.8670810423141286,2.800555941626129,311.5,484.5,278.0,3905.0,0.6807909604519774,0.1848655824759376,0.04538799414348463,0.34347679892400806,847.5,3070.0,4075.0,4462.5,1952.5,803.0,0.8502994775772095,0.49700847268104553,0.09570035735904843,69,-0.0005166981455334348,-0.06295830011367798
503,Healthy,0.8712426035502958,2.861473880597015,316.0,458.0,272.0,3953.0,0.6885597349444553,0.18733726188844732,0.04147133068878471,0.356743535988819,799.0,2965.0,3987.0,4332.0,1841.0,748.0,0.8568010926246643,0.5205716490745544,0.09370921977106263,72,-0.00034610999964903037,-0.06409353017807007
504,Healthy,0.8497617256082267,2.608762608762609,298.5,466.5,299.5,3687.5,0.6822604015731732,0.1922540893420377,0.04245767060030785,0.33792603335750543,767.5,2753.0,3732.5,4063.5,1826.0,748.0,0.8398348093032837,0.5563277006149292,0.08122048182878444,67,-0.0005795069449402755,-0.07150250673294067
505,Healthy,0.8419708960939495,2.6222469587341974,309.5,462.5,309.5,3607.5,0.6579811243331966,0.19426586861745362,0.0492079979226175,0.3105076741440378,833.5,2726.0,3661.5,4040.5,1898.0,806.5,0.8183126449584961,0.334689736366272,0.10134723741493859,68,-0.000849283677837368,-0.08816540241241455
506,Healthy,0.8581560283687943,2.690810896672226,293.5,450.0,280.0,3668.0,0.6631426202321725,0.1890329751759911,0.04575078206465068,0.3196191160618038,812.5,2736.0,3660.5,4011.5,1893.5,802.0,0.8414451479911804,0.5488240718841553,0.08207721790311412,68,-0.0006023742541377364,-0.06316137313842773
507,Healthy,0.8573937478047067,2.854748167784188,345.0,484.0,304.5,3966.0,0.6897708752756208,0.18637679208453928,0.044379925342181666,0.3468785273942867,809.0,3022.0,4032.0,4406.5,1880.5,772.0,0.8493515849113464,0.5178542137145996,0.11122390926399812,76,-0.0004966180749321746,-0.06507790088653564
508,Healthy,0.8631008482563619,2.7458770614692654,315.0,480.5,290.5,3953.5,0.6910399696912294,0.18654881371702,0.04826209488022546,0.3456717422394212,815.5,3060.0,4052.5,4463.5,1944.5,792.5,0.8530222177505493,0.4183032214641571,0.12197811592624315,70,-0.000628060279535019,-0.06884068250656128
509,Healthy,0.8683964469378214,2.693785802334856,298.5,455.5,281.5,3996.5,0.6917808219178082,0.18861114824221362,0.0358807082945014,0.36322569851095865,810.0,3035.0,4138.0,4446.0,1903.0,778.0,0.8639329075813293,0.4542076885700226,0.11798606558588512,71,-0.0002881852962595218,-0.06040126085281372
510,Healthy,0.8668213457076566,2.6947489901904214,304.0,484.0,287.0,4023.0,0.6868936655887389,0.18318879252835224,0.04341687257324391,0.3571671773918965,823.0,3061.0,4065.0,4434.0,1888.0,771.0,0.8516932129859924,0.5567977428436279,0.07614685914040605,70,-0.00039876579623201986,-0.04305201768875122
511,Healthy,0.8630295995356936,2.777570233114166,325.0,491.5,295.0,4012.5,0.6848601735776277,0.1871178149205055,0.04248210023866349,0.3582089552238806,817.0,2991.0,4012.0,4368.0,1849.0,761.0,0.8605150580406189,0.505294680595398,0.09997026920366048,74,-0.00039966752590435845,-0.06194549798965454
512,Healthy,0.868111163447951,2.9754601226993866,340.0,457.5,280.0,3966.0,0.6725009723842863,0.1829436038514443,0.03952616946694065,0.35134210976235253,842.0,2970.0,3973.0,4300.0,1897.0,788.0,0.860129177570343,0.567645251750946,0.08248183148073941,73,-0.0004381516602246842,-0.06445181369781494
513,Healthy,0.8690448251584135,2.835809465461786,319.0,484.0,279.0,3982.0,0.6900038895371451,0.1866721289089171,0.04259148170365927,0.378008658008658,797.0,2978.0,3990.0,4345.0,1796.0,731.0,0.8643483519554138,0.5246875882148743,0.08729450889814544,73,-0.0004233782487417825,-0.06977403163909912
514,Healthy,0.8666827677816689,2.8534510178117047,317.0,475.5,276.0,3864.5,0.683720027181827,0.18179340419732898,0.037072470700789284,0.37276648182378314,814.5,3002.0,4026.0,4336.0,1781.5,733.5,0.8620573282241821,0.5368903875350952,0.08831346701487812,71,-0.0004874932742489388,-0.07334846258163452
515,Healthy,0.8497617256082267,2.608762608762609,298.5,466.5,299.5,3687.5,0.6822604015731732,0.1922540893420377,0.04245767060030785,0.33792603335750543,767.5,2753.0,3732.5,4063.5,1826.0,748.0,0.8398348093032837,0.5563277006149292,0.08122048182878444,67,-0.0005795069449402755,-0.07150250673294067
516,Healthy,0.8500062916823958,2.5934884435229977,294.5,459.5,298.0,3675.5,0.6646619659892161,0.19325107774639513,0.05120481927710843,0.31009075388624313,808.5,2713.5,3622.5,4013.5,1919.5,820.0,0.8255136013031006,0.30863144993782043,0.11698599544743796,69,-0.0010266141424342264,-0.08635908365249634
517,Healthy,0.8508403361344538,2.6785714285714284,294.0,469.0,284.0,3524.0,0.6488151164004593,0.1828053620909159,0.05125133120340788,0.296309963099631,841.0,2728.0,3563.5,3948.5,1907.0,826.0,0.8246737122535706,0.5425552129745483,0.08762543456885172,70,-0.0006718167580597396,-0.07860863208770752
518,Unhealthy,0.8414831404753017,2.610592140816799,316.5,538.5,318.5,3700.0,0.6496378939127031,0.17373441960866234,0.046826481182461806,0.3176844334627603,895.0,2966.5,3837.0,4214.0,1933.0,801.5,0.8309288620948792,0.41086825728416443,0.10928256499660828,75,-0.00021530801250893336,-0.03056412935256958
519,Healthy,0.8759225092250923,2.8284182305630026,310.0,467.0,269.0,4067.0,0.6885597349444553,0.18733726188844732,0.04147133068878471,0.356743535988819,799.0,2965.0,3987.0,4332.0,1841.0,748.0,0.8652864098548889,0.5177334547042847,0.09560933589624937,72,-0.00030537184765756613,-0.05422705411911011
520,Healthy,0.8724495744432785,2.80094325497829,309.0,477.0,273.5,4015.0,0.6815949147645189,0.17599515053546172,0.04009054625603145,0.36160068114091104,826.5,3058.5,4028.5,4365.0,1874.5,770.0,0.8663833737373352,0.5416517853736877,0.08556748739543531,69,-0.00024714631127815685,-0.06130039691925049
521,Healthy,0.8226419722801422,2.6229956980836917,358.5,581.0,361.5,3715.0,0.6377427184466019,0.1811816192560175,0.041682747973755305,0.3255996511120802,895.5,2806.5,3724.5,4048.5,1933.0,832.5,0.7824475765228271,0.519594132900238,0.08759405953016651,69,-0.0005734757658178984,-0.03079807758331299
522,Healthy,0.8439581351094196,2.8136399682791438,359.0,542.0,328.0,3876.0,0.6540927951716333,0.18385529157667388,0.042930193839933406,0.3365935919055649,917.0,3023.0,4024.0,4385.0,1967.0,836.0,0.8382946848869324,0.43565231561660767,0.09088201836593114,76,-0.00048617935695959404,-0.045171260833740234
523,Healthy,0.84904738641915,2.6977105161039967,322.5,521.5,309.0,3785.0,0.6552403467297084,0.17543368774482374,0.045349922239502335,0.31758530183727035,875.0,2947.0,3836.5,4201.0,1950.0,821.0,0.8310456275939941,0.45556640625,0.10652024884474749,75,-0.0003183236073782301,-0.03749358654022217
524,Healthy,0.8553599286828616,2.7469224162610937,349.0,533.0,324.5,4162.5,0.6705528394133132,0.17552100562355277,0.04260063372843563,0.35827814569536426,876.0,3115.5,4079.0,4442.0,1938.0,797.5,0.839047372341156,0.5186536908149719,0.10457911352529546,77,-0.00021413374709994073,-0.04076629877090454
525,Healthy,0.8588349045201837,2.7169840177410722,310.5,474.5,292.0,3845.0,0.683029179271982,0.1847221268118431,0.04161381892854986,0.34084995663486556,812.0,2967.0,3967.0,4311.5,1900.0,787.0,0.8490298986434937,0.48441365361213684,0.11816450399378552,70,-0.0005958028247001291,-0.07648861408233643
526,Unhealthy,0.8512936448128611,2.8082532316871065,326.0,504.0,296.0,3685.0,0.6706972994760177,0.1880194898251648,0.04473850031505986,0.33527803099361897,817.0,2833.0,3790.0,4145.0,1823.0,770.0,0.8423250913619995,0.43914344906806946,0.08726237238719765,74,-0.0003235415292081308,-0.08366620540618896
527,Healthy,0.8648065948002537,2.640157968096639,273.0,444.5,266.5,3676.0,0.6780908326324643,0.18676579925650558,0.041294278817926806,0.333456561922366,765.5,2734.5,3674.0,3990.5,1803.0,732.5,0.8468961119651794,0.5150389671325684,0.08127760594597178,70,-0.0005761851812529464,-0.08172875642776489
528,Unhealthy,0.86476060812344,2.644324174299195,306.0,497.0,298.0,4109.0,0.7055837563451777,0.2003175443238952,0.046608214120904476,0.3735747820254863,783.0,3022.0,4132.0,4536.0,1868.0,758.0,0.852171778678894,0.5064567923545837,0.09886425877077573,72,-0.00023376647425079524,-0.04384303092956543
529,Healthy,0.8766096932802623,2.7778602166493545,296.0,449.5,263.5,4007.5,0.683029179271982,0.1847221268118431,0.04161381892854986,0.34084995663486556,812.0,2967.0,3967.0,4311.5,1900.0,787.0,0.8673391342163086,0.492044061422348,0.1094440848313247,70,-0.0007968138323679124,-0.07003664970397949
530,Healthy,0.8362971370916887,2.480362085733523,299.5,490.0,324.5,3640.0,0.6582071223905035,0.1919087899963222,0.05002592016588906,0.3020122170319799,835.0,2746.5,3665.0,4051.0,1942.5,828.5,0.8132816553115845,0.4935280382633209,0.08925282628261184,68,-0.0007566442830103813,-0.0703970193862915
531,Healthy,0.8647738209817132,2.7693018955154876,309.0,461.0,281.0,3875.0,0.6885597349444553,0.18733726188844732,0.04147133068878471,0.356743535988819,799.0,2965.0,3987.0,4332.0,1841.0,748.0,0.8563015460968018,0.49245089292526245,0.09499203151790024,73,-0.0003198152785526471,-0.0522879958152771
532,Healthy,0.8576002048917916,2.6105090824043033,278.5,456.0,278.0,3626.5,0.6822604015731732,0.1922540893420377,0.04245767060030785,0.33792603335750543,767.5,2753.0,3732.5,4063.5,1826.0,748.0,0.841590940952301,0.30388143658638,0.10324123790801067,68,-0.0007792911458436401,-0.08004671335220337
533,Healthy,0.8686811314324662,2.8093313739897137,326.0,493.0,289.0,4112.5,0.70744384629664,0.19206842923794712,0.0409687641466727,0.3852686591540095,788.0,3117.0,4237.0,4599.0,1882.0,758.0,0.8578029274940491,0.41346460580825806,0.09514471217634751,73,-4.3861558297317596e-05,-0.0802692174911499
534,Healthy,0.8585131894484412,2.6768356512636458,307.0,501.0,295.0,3875.0,0.6858536585365854,0.17984432609586234,0.04310032596885187,0.3738219895287958,805.0,3003.0,3963.0,4320.0,1794.0,733.0,0.8530258536338806,0.47907355427742004,0.08889964338101537,73,-0.0005000992633597589,-0.06175363063812256
535,Healthy,0.8672668513388735,2.7804914150384845,319.0,484.5,287.5,4044.5,0.6910399696912294,0.18654881371702,0.04826209488022546,0.3456717422394212,815.5,3060.0,4052.5,4463.5,1944.5,792.5,0.8452873826026917,0.40652820467948914,0.12258796474681011,70,-0.0005941296097273233,-0.06701540946960449
536,Healthy,0.8588349045201837,2.7169840177410722,310.5,474.5,292.0,3845.0,0.683029179271982,0.1847221268118431,0.04161381892854986,0.34084995663486556,812.0,2967.0,3967.0,4311.5,1900.0,787.0,0.8490298986434937,0.48441365361213684,0.11816450399378552,70,-0.0005958028247001291,-0.07648861408233643
537,Healthy,0.8556677108713308,2.728046164089665,331.5,515.5,311.0,3998.5,0.6807909604519774,0.1848655824759376,0.04538799414348463,0.34347679892400806,847.5,3070.0,4075.0,4462.5,1952.5,803.0,0.8396701812744141,0.5055124759674072,0.0939515765831406,69,-0.0003857719634166185,-0.0379142165184021
538,Healthy,0.869903802107192,2.754569190600522,312.0,469.5,284.0,4082.0,0.7055837563451777,0.2003175443238952,0.046608214120904476,0.3735747820254863,783.0,3022.0,4132.0,4536.0,1868.0,758.0,0.860268235206604,0.5341951847076416,0.09482439171583584,70,-0.0002939059489370496,-0.05173027515411377
539,Healthy,0.8431967627718766,2.5996101364522417,306.5,493.0,310.0,3644.0,0.6582071223905035,0.1919087899963222,0.05002592016588906,0.3020122170319799,835.0,2746.5,3665.0,4051.0,1942.5,828.5,0.8129244446754456,0.5012513399124146,0.09015175172850014,68,-0.0007061049276486907,-0.05164211988449097
540,Healthy,0.8703036541430778,2.744461575914956,275.5,431.0,252.0,3634.0,0.6780908326324643,0.18676579925650558,0.041294278817926806,0.333456561922366,765.5,2734.5,3674.0,3990.5,1803.0,732.5,0.8500046133995056,0.5361653566360474,0.08095419748055394,70,-0.0005901651556216626,-0.08078676462173462
541,Healthy,0.8654580152671756,2.8185208203853325,318.0,477.0,282.0,3910.0,0.6848601735776277,0.1871178149205055,0.04248210023866349,0.3582089552238806,817.0,2991.0,4012.0,4368.0,1849.0,761.0,0.8558738231658936,0.4929806590080261,0.0995856496214373,74,-0.0004008833323526386,-0.050264596939086914
542,Healthy,0.8673643499033102,2.6979690043167506,309.5,487.5,291.5,4104.0,0.7080852698290763,0.1924649728497687,0.03780630105017503,0.3690567321595645,760.0,3011.5,4123.0,4447.0,1854.5,739.5,0.8598480820655823,0.5060455799102783,0.10445597093514974,70,-0.0008485246177413645,-0.0784943699836731
543,Healthy,0.8689075630252101,2.841997801162243,313.0,478.0,273.0,3892.0,0.6854064642507346,0.1789531378459852,0.04379473492660439,0.37797356828193834,803.0,2996.0,3941.0,4302.0,1765.0,715.0,0.8662649989128113,0.5104836821556091,0.09368043783916287,70,-0.0004938964491169156,-0.07122141122817993
544,Healthy,0.8809579167635434,2.8493006467137914,301.0,445.0,256.0,4045.0,0.6893576222435283,0.18191574993292192,0.04520109146992526,0.36034188034188036,810.0,3049.0,4024.0,4405.0,1871.0,752.0,0.8676076531410217,0.451179563999176,0.0945961918690947,72,-9.94257613954008e-05,-0.05957609415054321
545,Healthy,0.8464359385743754,2.9365458015267176,386.0,538.0,335.0,4028.0,0.6442141623488774,0.18752598752598754,0.04220897701009609,0.31457975986277875,927.0,2931.0,3937.0,4284.0,1998.0,881.0,0.8317131996154785,0.44866982102394104,0.09119423254132229,74,-0.00027939335190345637,-0.026154756546020508
546,Healthy,0.8584480166531745,2.6012755817213344,305.0,509.0,306.0,4017.5,0.6673664122137405,0.1829937038792228,0.04478325859491779,0.33406426583452814,871.5,3017.0,3994.0,4368.5,1974.0,823.0,0.8471524715423584,0.546278715133667,0.08720723443206543,69,-0.0005348357266558014,-0.045351266860961914
547,Healthy,0.8766780432309442,2.751356755212796,300.0,469.0,271.0,4124.0,0.6917808219178082,0.18861114824221362,0.0358807082945014,0.36322569851095865,810.0,3035.0,4138.0,4446.0,1903.0,778.0,0.8600469827651978,0.5031471252441406,0.10403819674883695,73,-0.00031314612785666356,-0.07836759090423584
548,Healthy,0.857756671189507,2.767199241263588,342.5,522.0,314.5,4107.5,0.6846676737160121,0.18864908073541167,0.05436067123611439,0.34400275339872655,835.0,3045.0,4001.0,4461.0,1906.0,780.0,0.8430560827255249,0.5616771578788757,0.08445734940462837,69,-0.00039708358960718285,-0.04194843769073486
549,Healthy,0.8707670216584898,2.875602623883664,315.5,471.5,270.0,3908.5,0.683720027181827,0.18179340419732898,0.037072470700789284,0.37276648182378314,814.5,3002.0,4026.0,4336.0,1781.5,733.5,0.866292417049408,0.5179193019866943,0.09217318770136881,71,-0.0004452808741614333,-0.05955463647842407
550,Healthy,0.8646366123468539,2.8189715349414413,320.5,483.5,284.5,3919.0,0.6733036922482118,0.17768707482993198,0.04132330827067669,0.33746919350726606,845.0,3022.0,3984.5,4328.0,1949.0,803.5,0.8550748229026794,0.4947473704814911,0.10938114992342565,70,-0.0006511155463918174,-0.05860954523086548
551,Healthy,0.8256719417231851,2.474591583226681,319.5,508.0,347.0,3634.0,0.6646619659892161,0.19325107774639513,0.05120481927710843,0.31009075388624313,808.5,2713.5,3622.5,4013.5,1919.5,820.0,0.8013175129890442,0.36777931451797485,0.09670462082769714,68,-0.0008103981602344447,-0.06838750839233398
552,Healthy,0.8705002337540907,2.7003117975491264,295.5,465.5,277.0,4001.0,0.6960755954102786,0.1866693651757404,0.037880575879159786,0.35611082780894104,788.0,3014.0,4076.5,4397.5,1894.0,766.5,0.8588262796401978,0.4398602843284607,0.12233174375670494,71,-0.00040068792090695935,-0.05966997146606445
553,Healthy,0.8647058823529412,2.9168981665211526,338.5,485.0,287.5,3962.5,0.6874876065833829,0.1965691788526434,0.04751354012801576,0.35763827138538146,788.0,2857.0,3869.0,4255.0,1806.0,762.0,0.8580173850059509,0.5771922469139099,0.07685901742057187,75,-0.0004507797609344039,-0.0726507306098938
554,Healthy,0.875,2.8045535186280306,308.0,467.0,271.0,4065.0,0.7062857142857143,0.18916766228594187,0.04199139234616727,0.37843840765419445,771.0,3054.0,4118.0,4479.0,1819.0,724.0,0.870262622833252,0.5701683759689331,0.0869488329572995,71,-0.0003035919864827173,-0.06451690196990967
555,Healthy,0.8565483476132191,2.7893813775510203,322.0,509.0,293.0,3792.0,0.6895866454689984,0.189423614997202,0.0464,0.34951627088830256,781.0,2897.0,3874.0,4251.0,1849.0,770.0,0.83749920129776,0.4833239018917084,0.08186759481519842,77,-0.0006652591747095148,-0.054442644119262695
556,Healthy,0.8457796156652883,2.6127141568981065,316.0,534.0,317.0,3794.0,0.6552403467297084,0.17543368774482374,0.045349922239502335,0.31758530183727035,875.0,2947.0,3836.5,4201.0,1950.0,821.0,0.8198830485343933,0.4175921678543091,0.11007853837034005,74,-0.00032095478963136873,-0.0560985803604126
557,Healthy,0.8615635179153095,2.6744186046511627,310.0,502.0,297.5,4000.5,0.6887210948560641,0.1892323030907278,0.051172081546325125,0.351010101010101,824.5,3049.5,4037.5,4473.0,1927.5,786.5,0.8535324335098267,0.4223310947418213,0.12046881233167411,70,-0.0005828439206976692,-0.06504631042480469
558,Healthy,0.8624125252046021,2.8444566152883186,329.5,506.0,290.0,3925.5,0.6656632173095014,0.18213379623447723,0.04843675982946471,0.3428133514986376,888.5,3062.5,4017.5,4426.5,1929.5,805.0,0.844451367855072,0.6000882983207703,0.0738588448779149,69,-0.0003724718493204779,-0.030519604682922363
559,Healthy,0.8546697038724373,2.7970776800357835,351.0,518.5,319.0,4071.0,0.6650790626786055,0.17425769179094452,0.036773428232502965,0.3346780971591864,879.0,3073.0,4060.0,4370.0,1979.0,834.0,0.8415110111236572,0.4055221378803253,0.0960972504562029,73,-1.403428916158747e-05,-0.05249643325805664
560,Healthy,0.8315613427308566,2.6968076863474355,363.0,545.0,352.5,3833.0,0.68068669527897,0.18866779089376054,0.04793054234062798,0.36535016633967415,837.0,3007.0,4002.5,4405.5,1860.0,763.0,0.8253936171531677,0.4945964515209198,0.09927381242970644,77,-0.0006435775860809396,-0.05803859233856201
561,Healthy,0.8463145676146256,2.6181413386957773,331.0,523.0,331.0,3976.5,0.6673664122137405,0.1829937038792228,0.04478325859491779,0.33406426583452814,871.5,3017.0,3994.0,4368.5,1974.0,823.0,0.8267823457717896,0.538784921169281,0.08985942299292735,69,-0.0005668169105005613,-0.04042583703994751
562,Unhealthy,0.8550792171481827,2.907621613056568,359.0,488.5,311.0,3981.0,0.7013513513513514,0.19546934346174716,0.04630179271043571,0.36381573303594406,773.5,2965.5,4016.5,4406.5,1854.0,764.5,0.8480299711227417,0.4119623601436615,0.11447385064829109,76,-0.0007418993749268233,-0.06582444906234741
563,Healthy,0.8309535951045385,2.583022905603551,323.5,509.0,331.5,3590.5,0.6582071223905035,0.1919087899963222,0.05002592016588906,0.3020122170319799,835.0,2746.5,3665.0,4051.0,1942.5,828.5,0.7977482080459595,0.493489146232605,0.0836684683202778,68,-0.0007302396292994324,-0.06385558843612671
564,Healthy,0.8645845472555647,2.7701441266522293,319.5,501.0,290.5,4000.0,0.6733036922482118,0.17768707482993198,0.04132330827067669,0.33746919350726606,845.0,3022.0,3984.5,4328.0,1949.0,803.5,0.8467878699302673,0.5267595648765564,0.09719419980685148,69,-0.0006057017939913724,-0.04381370544433594
565,Healthy,0.8641454895820788,2.741688956820787,305.5,469.5,282.0,3869.5,0.6770283479960899,0.1760350973402797,0.046097560975609755,0.344523273922824,826.0,3005.0,3911.0,4289.0,1894.0,764.0,0.8581874966621399,0.4866078794002533,0.10471465608763635,69,-0.0007057183604568453,-0.07520735263824463
566,Healthy,0.8526315789473684,2.771103508632349,326.5,507.5,301.0,3784.0,0.6552403467297084,0.17543368774482374,0.045349922239502335,0.31758530183727035,875.0,2947.0,3836.5,4201.0,1950.0,821.0,0.8270902037620544,0.46671995520591736,0.1121817245246419,75,-0.0004164208415983299,-0.04097449779510498
567,Healthy,0.8491787555448987,2.730321486392722,333.5,489.0,314.5,3856.0,0.6897708752756208,0.18637679208453928,0.044379925342181666,0.3468785273942867,809.0,3022.0,4032.0,4406.5,1880.5,772.0,0.8426735997200012,0.5077755451202393,0.10847904179961727,76,-0.0005938089978478656,-0.054415106773376465
568,Healthy,0.8777494790460755,2.714643752237737,286.5,462.5,264.0,4055.0,0.7008120536151061,0.1922364721212537,0.04452322297662681,0.36460146188652975,764.5,2944.5,3975.5,4346.0,1825.5,735.0,0.8699684739112854,0.4982873201370239,0.10577818412746133,71,-0.000858575616479196,-0.0837903618812561
569,Healthy,0.8703792606817091,2.887402452619844,317.0,456.5,270.0,3896.0,0.6682188591385332,0.17740499828825745,0.041298292357999276,0.3327553320617305,855.0,3003.5,3958.0,4299.0,1924.0,785.0,0.8612487316131592,0.5459527969360352,0.08569708005295953,69,-0.0005146606564654203,-0.06353956460952759
570,Healthy,0.8461538461538461,2.6669248644461656,321.0,499.0,313.0,3756.0,0.6746729154462019,0.17834569936795824,0.04483430799220273,0.36381085325423135,833.0,2990.0,3920.0,4288.0,1823.0,743.0,0.840951144695282,0.5073451399803162,0.09769987884074821,74,-0.00036997795563258127,-0.03936702013015747
571,Healthy,0.8599907278627724,2.7563150074294205,328.0,508.0,302.0,4012.0,0.7000951474785918,0.18977227327207352,0.04308231173380035,0.37335581787521077,788.0,3042.0,4098.0,4467.0,1858.0,748.0,0.8490518927574158,0.5709754228591919,0.07371297754310749,70,-0.0003476312128005709,-0.05099844932556152
572,Healthy,0.8597345671496408,2.617123795404003,290.0,464.5,288.0,3818.5,0.693203076283517,0.19829361576934393,0.04596815613764766,0.3412087912087912,738.0,2725.0,3715.0,4073.0,1798.5,722.0,0.8383923172950745,0.5689405202865601,0.08406061232705303,67,-0.0006705906086323159,-0.07149046659469604
573,Healthy,0.8679921396370361,2.698943282294587,303.5,489.5,285.5,4040.0,0.6887210948560641,0.1892323030907278,0.051172081546325125,0.351010101010101,824.5,3049.5,4037.5,4473.0,1927.5,786.5,0.8626019358634949,0.42693522572517395,0.12219274430000786,70,-0.0005345137988192172,-0.05636376142501831
574,Healthy,0.8761142857142857,2.8384182464454977,314.0,465.0,271.0,4104.0,0.7055837563451777,0.2003175443238952,0.046608214120904476,0.3735747820254863,783.0,3022.0,4132.0,4536.0,1868.0,758.0,0.8695985674858093,0.5233033299446106,0.0991242074487371,72,-0.0002977214011348939,-0.06489408016204834
575,Healthy,0.8674296614210777,2.6352770735240854,284.5,470.0,278.0,3916.0,0.6910399696912294,0.18654881371702,0.04826209488022546,0.3456717422394212,815.5,3060.0,4052.5,4463.5,1944.5,792.5,0.8513283729553223,0.40560105443000793,0.12130038779054994,70,-0.0006815970593184271,-0.07960492372512817
576,Healthy,0.8657491560633601,2.789257926880281,287.5,451.0,258.5,3592.5,0.6488151164004593,0.1828053620909159,0.05125133120340788,0.296309963099631,841.0,2728.0,3563.5,3948.5,1907.0,826.0,0.8374110460281372,0.5585874915122986,0.0810325835338408,70,-0.0005836090416337039,-0.0767630934715271
577,Healthy,0.8760180995475113,2.742403852964091,301.5,460.5,274.0,4146.0,0.7055837563451777,0.2003175443238952,0.046608214120904476,0.3735747820254863,783.0,3022.0,4132.0,4536.0,1868.0,758.0,0.8686082363128662,0.512758195400238,0.10047207777047001,74,-0.0003541961770292501,-0.07544827461242676
578,Healthy,0.8745935903390618,2.644105876570947,279.5,446.5,270.0,4036.0,0.7080852698290763,0.1924649728497687,0.03780630105017503,0.3690567321595645,760.0,3011.5,4123.0,4447.0,1854.5,739.5,0.8668363094329834,0.494238942861557,0.11021660847609141,70,-0.0008914943142212742,-0.07645004987716675
579,Healthy,0.8652052238805971,2.7632950990615224,317.0,506.5,289.0,3999.0,0.6815949147645189,0.17599515053546172,0.04009054625603145,0.36160068114091104,826.5,3058.5,4028.5,4365.0,1874.5,770.0,0.8544344902038574,0.6142918467521667,0.07681126231091237,69,-0.00027697187071968514,-0.031101882457733154
580,Healthy,0.8711304746617748,2.735455069124424,306.0,468.0,281.0,4080.0,0.7010703363914373,0.19127292196493106,0.04386582219094534,0.3714093734251638,782.0,3021.0,4076.0,4450.0,1871.0,751.0,0.8701282143592834,0.5351413488388062,0.09817934842722267,71,-0.0003154951255990551,-0.06415879726409912
581,Healthy,0.8640096618357488,2.8368625584899676,319.5,477.5,281.5,3858.5,0.6733036922482118,0.17768707482993198,0.04132330827067669,0.33746919350726606,845.0,3022.0,3984.5,4328.0,1949.0,803.5,0.8587754368782043,0.4703775942325592,0.11186580003448099,70,-0.0007117251180656557,-0.054195940494537354
582,Healthy,0.8667128667128667,2.7090252707581226,308.0,504.5,288.5,4040.5,0.6868936655887389,0.18318879252835224,0.04341687257324391,0.3571671773918965,823.0,3061.0,4065.0,4434.0,1888.0,771.0,0.8601549863815308,0.5760215520858765,0.077180054320698,69,-0.00044272825681444816,-0.058932721614837646
583,Healthy,0.8670810423141286,2.800555941626129,311.5,484.5,278.0,3905.0,0.6807909604519774,0.1848655824759376,0.04538799414348463,0.34347679892400806,847.5,3070.0,4075.0,4462.5,1952.5,803.0,0.8502994775772095,0.49700847268104553,0.09570035735904843,69,-0.0005166981455334348,-0.06295830011367798
584,Healthy,0.8753312593616777,2.8195516627078385,310.0,463.5,270.5,4069.0,0.70744384629664,0.19206842923794712,0.0409687641466727,0.3852686591540095,788.0,3117.0,4237.0,4599.0,1882.0,758.0,0.8694010376930237,0.4209919273853302,0.0961201334414735,73,-8.016574631135456e-05,-0.08163028955459595
585,Healthy,0.8777211672070403,2.8270923467104283,305.0,456.5,264.0,4054.0,0.6868936655887389,0.18318879252835224,0.04341687257324391,0.3571671773918965,823.0,3061.0,4065.0,4434.0,1888.0,771.0,0.8658815026283264,0.5918822288513184,0.07657130323502198,69,-0.00047760728568759355,-0.05629396438598633
586,Healthy,0.8633402974069068,2.732825021395783,299.5,467.0,278.0,3790.5,0.683029179271982,0.1847221268118431,0.04161381892854986,0.34084995663486556,812.0,2967.0,3967.0,4311.5,1900.0,787.0,0.8558985590934753,0.48570483922958374,0.11114948637554602,70,-0.0006473645929700247,-0.06750398874282837
587,Healthy,0.8587247040855288,2.780433528393637,304.5,488.0,277.5,3651.0,0.6713236055055366,0.18540810334703464,0.04815680166147456,0.3300411522633745,794.0,2774.5,3666.5,4037.5,1831.5,747.0,0.8309129476547241,0.5723696351051331,0.07399509752570528,69,-0.0005182078963619826,-0.06859004497528076
588,Healthy,0.8431967627718766,2.5996101364522417,306.5,493.0,310.0,3644.0,0.6582071223905035,0.1919087899963222,0.05002592016588906,0.3020122170319799,835.0,2746.5,3665.0,4051.0,1942.5,828.5,0.8129244446754456,0.5012513399124146,0.09015175172850014,68,-0.0007061049276486907,-0.05164211988449097
589,Healthy,0.8804322832835134,2.748743718592965,289.0,467.0,260.0,4089.0,0.7062857142857143,0.18916766228594187,0.04199139234616727,0.37843840765419445,771.0,3054.0,4118.0,4479.0,1819.0,724.0,0.8694133758544922,0.5528514385223389,0.08752963632933311,71,-0.00022878675753850719,-0.062176644802093506
590,Healthy,0.8608893956670467,2.789271464459879,337.0,495.0,305.0,4080.0,0.6897708752756208,0.18637679208453928,0.044379925342181666,0.3468785273942867,809.0,3022.0,4032.0,4406.5,1880.5,772.0,0.8483243584632874,0.5061337351799011,0.11055753595327848,77,-0.0003421187499256934,-0.05566728115081787
591,Healthy,0.8475952529668956,2.6290297582145072,307.0,454.5,305.0,3697.5,0.6579811243331966,0.19426586861745362,0.0492079979226175,0.3105076741440378,833.5,2726.0,3661.5,4040.5,1898.0,806.5,0.8288092017173767,0.29814788699150085,0.10414993024245643,68,-0.0008401514896900818,-0.08162897825241089
592,Healthy,0.853480714957667,2.6226783262267834,313.5,492.0,311.5,3940.5,0.6769961977186312,0.1854589436903642,0.046133776091081595,0.34078307600443575,849.5,3030.5,4021.5,4410.5,1932.0,793.5,0.8485488295555115,0.5372973084449768,0.08547937025343122,69,-0.0004916214691628141,-0.04565131664276123
593,Healthy,0.8623206032595475,2.661811082745157,293.0,460.0,283.0,3828.0,0.6770283479960899,0.1760350973402797,0.046097560975609755,0.344523273922824,826.0,3005.0,3911.0,4289.0,1894.0,764.0,0.8601502180099487,0.46426162123680115,0.10855889435244394,70,-0.0007604351002140069,-0.07810467481613159
594,Healthy,0.8732138806985711,2.7939042089985486,315.0,479.0,279.5,4129.5,0.6981132075471698,0.1938278289117488,0.04589114194236926,0.36793580331227593,784.0,2978.0,4023.0,4410.0,1851.0,765.0,0.8682975769042969,0.5161484479904175,0.09832831278092756,74,-0.00041039817079252983,-0.06804054975509644
595,Healthy,0.8727688787185355,2.8180877789271466,317.0,468.0,278.0,4092.0,0.7000951474785918,0.18977227327207352,0.04308231173380035,0.37335581787521077,788.0,3042.0,4098.0,4467.0,1858.0,748.0,0.8633396029472351,0.5888599753379822,0.07810635499309682,70,-0.00032542204478970343,-0.056293785572052
596,Healthy,0.8440296599335209,2.5894257922811423,300.0,467.5,305.0,3606.0,0.6764030878364281,0.19515097426744013,0.055223586578238885,0.29947653595371476,775.5,2705.5,3597.0,4017.5,1907.0,816.5,0.8250114321708679,0.48107340931892395,0.09651139884667236,67,-0.0007590236140385156,-0.07625323534011841
597,Healthy,0.8497214959645334,2.711673801059276,347.5,541.5,330.5,4068.0,0.6705528394133132,0.17552100562355277,0.04260063372843563,0.35827814569536426,876.0,3115.5,4079.0,4442.0,1938.0,797.5,0.8329190611839294,0.49590572714805603,0.10774973005742174,77,-0.00016187618838066969,-0.01865154504776001
598,Healthy,0.8674840839424663,2.649049539170507,290.0,484.0,281.0,3960.0,0.6900038895371451,0.1866721289089171,0.04259148170365927,0.378008658008658,797.0,2978.0,3990.0,4345.0,1796.0,731.0,0.8641601204872131,0.5005121827125549,0.08950110157176507,73,-0.0004559036300659016,-0.07444512844085693
599,Healthy,0.8736025553274013,2.8162694910267727,316.0,481.0,277.0,4106.0,0.6981132075471698,0.1938278289117488,0.04589114194236926,0.36793580331227593,784.0,2978.0,4023.0,4410.0,1851.0,765.0,0.8683454394340515,0.5083082914352417,0.09586764883016075,73,-0.00032262502682827424,-0.05534493923187256
600,Healthy,0.8553599286828616,2.7469224162610937,349.0,533.0,324.5,4162.5,0.6705528394133132,0.17552100562355277,0.04260063372843563,0.35827814569536426,876.0,3115.5,4079.0,4442.0,1938.0,797.5,0.839047372341156,0.5186536908149719,0.10457911352529546,77,-0.00021413374709994073,-0.04076629877090454
601,Healthy,0.8747967479674796,2.6892316481005425,287.0,450.0,269.5,4035.5,0.7008120536151061,0.1922364721212537,0.04452322297662681,0.36460146188652975,764.5,2944.5,3975.5,4346.0,1825.5,735.0,0.8656540513038635,0.49836868047714233,0.10767240384040291,70,-0.0008580489078148634,-0.07175999879837036
602,Healthy,0.8419708960939495,2.6222469587341974,309.5,462.5,309.5,3607.5,0.6579811243331966,0.19426586861745362,0.0492079979226175,0.3105076741440378,833.5,2726.0,3661.5,4040.5,1898.0,806.5,0.8183126449584961,0.334689736366272,0.10134723741493859,68,-0.000849283677837368,-0.08816540241241455
603,Healthy,0.8475952529668956,2.6290297582145072,307.0,454.5,305.0,3697.5,0.6579811243331966,0.19426586861745362,0.0492079979226175,0.3105076741440378,833.5,2726.0,3661.5,4040.5,1898.0,806.5,0.8288092017173767,0.29814788699150085,0.10414993024245643,68,-0.0008401514896900818,-0.08162897825241089
604,Healthy,0.8574788334901223,2.8726757012291206,346.0,484.5,303.0,3949.0,0.6648066192033866,0.1935439370947717,0.04278654935518862,0.3332188841201717,871.0,2923.0,3971.0,4326.0,1942.0,829.0,0.8507788777351379,0.4192982316017151,0.1175509909308626,77,-0.0007566715922448516,-0.0800066590309143
605,Healthy,0.8529411764705882,2.7308626974483596,330.0,487.0,310.0,3906.0,0.6760865328396024,0.17856653419213375,0.037644787644787646,0.34007541995200546,831.0,2997.0,3988.0,4300.0,1925.0,773.0,0.8414932489395142,0.5039713978767395,0.11273413008544583,77,-0.0002949786757058443,-0.02811187505722046
606,Healthy,0.8553599286828616,2.7469224162610937,349.0,533.0,324.5,4162.5,0.6705528394133132,0.17552100562355277,0.04260063372843563,0.35827814569536426,876.0,3115.5,4079.0,4442.0,1938.0,797.5,0.839047372341156,0.5186536908149719,0.10457911352529546,77,-0.00021413374709994073,-0.04076629877090454
607,Healthy,0.8674409796742836,2.705970384373031,280.0,452.0,262.5,3698.0,0.6730631092868138,0.18324987299513754,0.041789137380191695,0.33941144610940605,796.5,2813.5,3749.0,4076.0,1829.5,751.0,0.8425768613815308,0.5988130569458008,0.07512371428375589,69,-0.0005036668824480918,-0.0652279257774353
608,Healthy,0.858634928345883,2.752686497430307,315.0,483.0,291.0,3826.0,0.6895866454689984,0.189423614997202,0.0464,0.34951627088830256,781.0,2897.0,3874.0,4251.0,1849.0,770.0,0.8424636721611023,0.48655617237091064,0.08079791436421203,77,-0.0006418829220072325,-0.05726015567779541
609,Healthy,0.8617710583153347,2.740802930850252,311.0,477.0,288.0,3879.0,0.6846676737160121,0.18864908073541167,0.05436067123611439,0.34400275339872655,835.0,3045.0,4001.0,4461.0,1906.0,780.0,0.8565823435783386,0.5174283385276794,0.08418909411423009,70,-0.0004027778650204803,-0.06401956081390381
610,Unhealthy,0.8749144031043141,2.7392267562352606,300.5,475.5,274.0,4107.0,0.6815949147645189,0.17599515053546172,0.04009054625603145,0.36160068114091104,826.5,3058.5,4028.5,4365.0,1874.5,770.0,0.864147424697876,0.5684893131256104,0.08192392822509605,69,-0.00022855253610820918,-0.06100982427597046
611,Healthy,0.8467307241621749,2.640695804706914,331.0,522.0,327.0,3940.0,0.691190706679574,0.19461159737417943,0.05114320096269555,0.3496497448758973,797.5,2944.5,3942.5,4367.5,1880.0,789.0,0.820014476776123,0.4467657804489136,0.12147013591455423,74,-0.0003780397300925226,-0.013814568519592285
612,Healthy,0.860481178772879,2.646392409544714,310.5,517.0,303.0,4040.5,0.7080852698290763,0.1924649728497687,0.03780630105017503,0.3690567321595645,760.0,3011.5,4123.0,4447.0,1854.5,739.5,0.8489187359809875,0.48761117458343506,0.10278232117247511,70,-0.0008100271684984259,-0.07580667734146118
613,Healthy,0.8672668513388735,2.7804914150384845,319.0,484.5,287.5,4044.5,0.6910399696912294,0.18654881371702,0.04826209488022546,0.3456717422394212,815.5,3060.0,4052.5,4463.5,1944.5,792.5,0.8452873826026917,0.40652820467948914,0.12258796474681011,70,-0.0005941296097273233,-0.06701540946960449
614,Healthy,0.8738601823708206,2.7216787630167247,270.0,434.0,249.0,3699.0,0.7025684388542437,0.1895724097186323,0.04461738002594034,0.34984635440916284,703.5,2743.5,3683.0,4027.0,1745.5,706.0,0.8533319234848022,0.5816183686256409,0.07859872897033779,70,-0.0005732505894625952,-0.08825933933258057
615,Healthy,0.870706106870229,2.881503118338991,317.5,481.5,271.0,3921.0,0.684833444688365,0.18089376505218088,0.045115452930728245,0.36105182276103476,825.5,3061.0,4032.0,4413.0,1871.0,764.5,0.8563125729560852,0.5456512570381165,0.0818881785425744,69,-0.0005257708781549887,-0.06784886121749878
616,Healthy,0.8686811314324662,2.8093313739897137,326.0,493.0,289.0,4112.5,0.70744384629664,0.19206842923794712,0.0409687641466727,0.3852686591540095,788.0,3117.0,4237.0,4599.0,1882.0,758.0,0.8578029274940491,0.41346460580825806,0.09514471217634751,73,-4.3861558297317596e-05,-0.0802692174911499
617,Healthy,0.8576305474775572,2.637862642918255,286.5,449.0,281.5,3673.0,0.6822604015731732,0.1922540893420377,0.04245767060030785,0.33792603335750543,767.5,2753.0,3732.5,4063.5,1826.0,748.0,0.8423401117324829,0.5201060771942139,0.08678532087273855,67,-0.0006377610237388153,-0.07769691944122314
618,Healthy,0.8750292534519073,2.704325184435122,287.0,451.0,267.0,4006.0,0.7000951474785918,0.18977227327207352,0.04308231173380035,0.37335581787521077,788.0,3042.0,4098.0,4467.0,1858.0,748.0,0.8632481098175049,0.6175095438957214,0.07554811657035314,70,-0.0003204806494847637,-0.05593907833099365
619,Healthy,0.8760180995475113,2.742403852964091,301.5,460.5,274.0,4146.0,0.7055837563451777,0.2003175443238952,0.046608214120904476,0.3735747820254863,783.0,3022.0,4132.0,4536.0,1868.0,758.0,0.8686082363128662,0.512758195400238,0.10047207777047001,74,-0.0003541961770292501,-0.07544827461242676
620,Healthy,0.8631418879401099,2.7386431116389547,316.0,503.0,292.5,3982.0,0.6846676737160121,0.18864908073541167,0.05436067123611439,0.34400275339872655,835.0,3045.0,4001.0,4461.0,1906.0,780.0,0.8518008589744568,0.5516762733459473,0.08272383451117557,69,-0.0004074593726335569,-0.04902130365371704
621,Healthy,0.8531301171432171,2.6176857076601996,292.5,492.0,291.5,3678.0,0.6730631092868138,0.18324987299513754,0.041789137380191695,0.33941144610940605,796.5,2813.5,3749.0,4076.0,1829.5,751.0,0.8242263197898865,0.5722679495811462,0.07683017530397208,68,-0.0005251739684116717,-0.05783158540725708
622,Healthy,0.8667128667128667,2.7090252707581226,308.0,504.5,288.5,4040.5,0.6868936655887389,0.18318879252835224,0.04341687257324391,0.3571671773918965,823.0,3061.0,4065.0,4434.0,1888.0,771.0,0.8601549863815308,0.5760215520858765,0.077180054320698,69,-0.00044272825681444816,-0.058932721614837646
623,Healthy,0.8633402974069068,2.732825021395783,299.5,467.0,278.0,3790.5,0.683029179271982,0.1847221268118431,0.04161381892854986,0.34084995663486556,812.0,2967.0,3967.0,4311.5,1900.0,787.0,0.8558985590934753,0.48570483922958374,0.11114948637554602,70,-0.0006473645929700247,-0.06750398874282837
624,Healthy,0.8102010789602746,2.667527854028742,389.0,532.0,387.0,3691.0,0.6615805946791862,0.18896976483762598,0.040676304827248225,0.33170305676855893,865.0,2897.0,3915.0,4247.0,1913.0,827.0,0.8074209094047546,0.38936740159988403,0.09587953634653781,73,-0.00018724426375087112,-0.024007856845855713
625,Healthy,0.8299469964664311,2.805315019408779,414.0,615.0,385.0,4143.0,0.6442141623488774,0.18752598752598754,0.04220897701009609,0.31457975986277875,927.0,2931.0,3937.0,4284.0,1998.0,881.0,0.8239675164222717,0.4831199049949646,0.08148263093690337,74,-0.0002473023814989226,-0.021759748458862305
626,Healthy,0.8495297805642633,2.586257524592571,307.0,476.0,312.0,3835.0,0.6684673869547819,0.1825014180374362,0.03764076401418528,0.33339170022763087,828.5,2882.5,3867.0,4169.5,1903.5,778.5,0.8261076807975769,0.30702248215675354,0.09656769404244112,69,-0.0006902879062878698,-0.05809438228607178
627,Healthy,0.8675278919553728,2.7160085300389736,302.5,476.5,282.0,3975.5,0.6960755954102786,0.1866693651757404,0.037880575879159786,0.35611082780894104,788.0,3014.0,4076.5,4397.5,1894.0,766.5,0.8586956262588501,0.460862934589386,0.10668578652492991,69,-0.0005417745742498411,-0.06036782264709473
628,Healthy,0.8599953563965638,2.916076208471107,352.0,513.0,301.5,4005.5,0.6850989522700814,0.19176672384219554,0.0355929171883384,0.3714334383783323,811.5,2945.0,4044.0,4342.5,1845.0,758.0,0.8527628183364868,0.4224224090576172,0.09878348815504594,77,-0.00071907091662881,-0.06098175048828125
629,Healthy,0.8498754891497687,2.8384158415841583,352.5,496.5,316.5,3900.0,0.6810733109726881,0.19732441471571907,0.04304911404447616,0.35379310344827586,832.0,2940.0,4023.5,4385.5,1874.0,786.0,0.8459612131118774,0.4166949391365051,0.11493549721139243,77,-0.0008301829508781453,-0.08013677597045898
630,Healthy,0.8750451426507765,2.760100243013366,288.0,454.0,259.5,3894.0,0.6923230309072782,0.1892384221957542,0.039946085038598214,0.34841389060705136,771.5,2893.0,3917.5,4243.5,1843.5,733.5,0.8655880093574524,0.5132200717926025,0.10747603419158895,70,-0.0007940841753593293,-0.08690035343170166
631,Healthy,0.8554744525547445,2.7310859095852105,317.0,490.0,297.0,3813.0,0.6753015621910223,0.18705338377469524,0.04027504911591356,0.33985671850428095,821.0,2901.0,3908.0,4236.0,1889.0,789.0,0.8479459881782532,0.5339999794960022,0.07695231260834595,76,-0.0006260121312585631,-0.05949515104293823
632,Healthy,0.8587247040855288,2.780433528393637,304.5,488.0,277.5,3651.0,0.6713236055055366,0.18540810334703464,0.04815680166147456,0.3300411522633745,794.0,2774.5,3666.5,4037.5,1831.5,747.0,0.8309129476547241,0.5723696351051331,0.07399509752570528,69,-0.0005182078963619826,-0.06859004497528076
633,Healthy,0.8674409796742836,2.705970384373031,280.0,452.0,262.5,3698.0,0.6730631092868138,0.18324987299513754,0.041789137380191695,0.33941144610940605,796.5,2813.5,3749.0,4076.0,1829.5,751.0,0.8425768613815308,0.5988130569458008,0.07512371428375589,69,-0.0005036668824480918,-0.0652279257774353
634,Healthy,0.8674409796742836,2.705970384373031,280.0,452.0,262.5,3698.0,0.6730631092868138,0.18324987299513754,0.041789137380191695,0.33941144610940605,796.5,2813.5,3749.0,4076.0,1829.5,751.0,0.8425768613815308,0.5988130569458008,0.07512371428375589,69,-0.0005036668824480918,-0.0652279257774353
635,Healthy,0.8681800593318715,2.6313526192337764,261.0,429.0,255.5,3621.0,0.6780908326324643,0.18676579925650558,0.041294278817926806,0.333456561922366,765.5,2734.5,3674.0,3990.5,1803.0,732.5,0.848246157169342,0.5131201148033142,0.08557939590495083,70,-0.000622885013778875,-0.07223325967788696
636,Healthy,0.8508403361344538,2.6785714285714284,294.0,469.0,284.0,3524.0,0.6488151164004593,0.1828053620909159,0.05125133120340788,0.296309963099631,841.0,2728.0,3563.5,3948.5,1907.0,826.0,0.8246737122535706,0.5425552129745483,0.08762543456885172,70,-0.0006718167580597396,-0.07860863208770752
637,Healthy,0.8245438640339915,2.6270106704889313,349.0,521.0,351.0,3650.0,0.6684673869547819,0.1825014180374362,0.03764076401418528,0.33339170022763087,828.5,2882.5,3867.0,4169.5,1903.5,778.5,0.7876166105270386,0.3177134692668915,0.0975091311876362,69,-0.0006964808660765115,-0.028723478317260742
638,Healthy,0.862026257121625,2.748380982467225,302.0,456.0,278.5,3758.5,0.6684673869547819,0.1825014180374362,0.03764076401418528,0.33339170022763087,828.5,2882.5,3867.0,4169.5,1903.5,778.5,0.8427396416664124,0.5682153105735779,0.07933673354441605,67,-0.0005120503285925915,-0.054507553577423096
639,Healthy,0.8668235294117647,2.604638009049774,284.0,438.0,283.0,3967.0,0.6940327613104524,0.1931053426727098,0.03688231081403676,0.35408692693714383,784.5,2937.5,4034.5,4343.5,1898.5,752.5,0.8560884594917297,0.5785331130027771,0.08049803322606479,68,-0.0005076154712743584,-0.061470866203308105
640,Healthy,0.8605425987624941,2.692078618225134,308.0,461.0,293.0,3909.0,0.7068352429869617,0.19626168224299065,0.035847020740918355,0.3611493461803166,742.0,2902.5,4021.0,4320.0,1856.5,739.0,0.8449505567550659,0.5765578150749207,0.08140162492724419,68,-0.00054492286124437,-0.06338101625442505
641,Healthy,0.8576305474775572,2.637862642918255,286.5,449.0,281.5,3673.0,0.6822604015731732,0.1922540893420377,0.04245767060030785,0.33792603335750543,767.5,2753.0,3732.5,4063.5,1826.0,748.0,0.8423401117324829,0.5201060771942139,0.08678532087273855,67,-0.0006377610237388153,-0.07769691944122314
642,Healthy,0.8641774213757675,2.5298950920695473,258.5,451.0,271.0,3719.5,0.693203076283517,0.19829361576934393,0.04596815613764766,0.3412087912087912,738.0,2725.0,3715.0,4073.0,1798.5,722.0,0.8466601967811584,0.29209524393081665,0.10559163662471313,68,-0.000786744667045259,-0.0704888105392456
643,Healthy,0.8777221381157564,2.8095877134123612,300.5,457.5,262.5,4031.0,0.7080852698290763,0.1924649728497687,0.03780630105017503,0.3690567321595645,760.0,3011.5,4123.0,4447.0,1854.5,739.5,0.8685019612312317,0.46431970596313477,0.11238147675801066,70,-0.0008591566710365299,-0.07007282972335815
644,Healthy,0.8753681234538815,2.719587176108915,287.0,458.0,264.5,3980.0,0.683029179271982,0.1847221268118431,0.04161381892854986,0.34084995663486556,812.0,2967.0,3967.0,4311.5,1900.0,787.0,0.8667718768119812,0.44959557056427,0.11643318232209282,70,-0.0007316622437481964,-0.08240419626235962
645,Healthy,0.861969111969112,2.691785983421251,301.0,501.5,286.0,3858.0,0.6303206997084548,0.1669449081803005,0.04393279402613565,0.29825168772719407,951.0,2994.0,3841.0,4194.0,2027.0,863.0,0.8510510921478271,0.4913089871406555,0.10596139706292843,71,-0.0007259562031646449,-0.08310508728027344
646,Healthy,0.8793778938620445,2.746384872080089,281.5,460.0,254.0,3957.5,0.7008120536151061,0.1922364721212537,0.04452322297662681,0.36460146188652975,764.5,2944.5,3975.5,4346.0,1825.5,735.0,0.8677273988723755,0.527353823184967,0.10478477593743515,70,-0.0007690101178326468,-0.07177072763442993
647,Healthy,0.8588349045201837,2.7169840177410722,310.5,474.5,292.0,3845.0,0.683029179271982,0.1847221268118431,0.04161381892854986,0.34084995663486556,812.0,2967.0,3967.0,4311.5,1900.0,787.0,0.8490298986434937,0.48441365361213684,0.11816450399378552,70,-0.0005958028247001291,-0.07648861408233643
648,Healthy,0.875234521575985,2.743109151047409,292.5,453.0,266.0,3998.0,0.6960755954102786,0.1866693651757404,0.037880575879159786,0.35611082780894104,788.0,3014.0,4076.5,4397.5,1894.0,766.5,0.8615732192993164,0.43821683526039124,0.1215259424620241,71,-0.0003213016920316344,-0.06263673305511475
649,Healthy,0.8760980120203421,2.7368573079145,294.0,469.0,268.0,4058.0,0.7062857142857143,0.18916766228594187,0.04199139234616727,0.37843840765419445,771.0,3054.0,4118.0,4479.0,1819.0,724.0,0.864776611328125,0.4918600618839264,0.09379486425859784,72,-0.00019186243221996175,-0.06612813472747803
650,Healthy,0.8804322832835134,2.748743718592965,289.0,467.0,260.0,4089.0,0.7062857142857143,0.18916766228594187,0.04199139234616727,0.37843840765419445,771.0,3054.0,4118.0,4479.0,1819.0,724.0,0.8694133758544922,0.5528514385223389,0.08752963632933311,71,-0.00022878675753850719,-0.062176644802093506
651,Healthy,0.8725953231194563,2.848601083032491,320.0,471.5,276.5,4064.0,0.6893576222435283,0.18191574993292192,0.04520109146992526,0.36034188034188036,810.0,3049.0,4024.0,4405.0,1871.0,752.0,0.8691419959068298,0.5203920602798462,0.08843145560307276,70,-0.00016714196652129688,-0.06583786010742188
652,Healthy,0.8709983400521698,2.8996605352490725,321.5,468.0,272.0,3945.0,0.6893576222435283,0.18191574993292192,0.04520109146992526,0.36034188034188036,810.0,3049.0,4024.0,4405.0,1871.0,752.0,0.8662534356117249,0.47262004017829895,0.09449521346249305,70,-0.00013376646385853525,-0.0578000545501709
653,Healthy,0.8588292564196178,2.743139236570007,312.5,502.0,290.0,3818.5,0.6404926866820632,0.17031646873069267,0.043968156766687076,0.3093113902122131,934.0,3021.5,3903.0,4262.0,1993.5,873.5,0.8496995568275452,0.4313725531101227,0.09888359927291082,70,-0.00018768882492208855,-0.07556378841400146
654,Healthy,0.8709983400521698,2.8996605352490725,321.5,468.0,272.0,3945.0,0.6893576222435283,0.18191574993292192,0.04520109146992526,0.36034188034188036,810.0,3049.0,4024.0,4405.0,1871.0,752.0,0.8662534356117249,0.47262004017829895,0.09449521346249305,70,-0.00013376646385853525,-0.0578000545501709
655,Healthy,0.8725953231194563,2.848601083032491,320.0,471.5,276.5,4064.0,0.6893576222435283,0.18191574993292192,0.04520109146992526,0.36034188034188036,810.0,3049.0,4024.0,4405.0,1871.0,752.0,0.8691419959068298,0.5203920602798462,0.08843145560307276,70,-0.00016714196652129688,-0.06583786010742188
656,Healthy,0.8786167960479887,2.849404943545926,302.0,454.0,258.0,3993.0,0.6868936655887389,0.18318879252835224,0.04341687257324391,0.3571671773918965,823.0,3061.0,4065.0,4434.0,1888.0,771.0,0.8652582168579102,0.6071126461029053,0.07429956585269619,70,-0.000368550146353503,-0.047062575817108154
657,Healthy,0.8774657693200278,2.7299638989169677,289.0,470.0,264.0,4045.0,0.7000951474785918,0.18977227327207352,0.04308231173380035,0.37335581787521077,788.0,3042.0,4098.0,4467.0,1858.0,748.0,0.8678291440010071,0.6120955348014832,0.08094427011804906,70,-0.00028572979416200723,-0.060353100299835205
658,Healthy,0.8617710583153347,2.740802930850252,311.0,477.0,288.0,3879.0,0.6846676737160121,0.18864908073541167,0.05436067123611439,0.34400275339872655,835.0,3045.0,4001.0,4461.0,1906.0,780.0,0.8565823435783386,0.5174283385276794,0.08418909411423009,70,-0.0004027778650204803,-0.06401956081390381
659,Healthy,0.8786167960479887,2.849404943545926,302.0,454.0,258.0,3993.0,0.6868936655887389,0.18318879252835224,0.04341687257324391,0.3571671773918965,823.0,3061.0,4065.0,4434.0,1888.0,771.0,0.8652582168579102,0.6071126461029053,0.07429956585269619,70,-0.000368550146353503,-0.047062575817108154
660,Healthy,0.8674840839424663,2.649049539170507,290.0,484.0,281.0,3960.0,0.6900038895371451,0.1866721289089171,0.04259148170365927,0.378008658008658,797.0,2978.0,3990.0,4345.0,1796.0,731.0,0.8641601204872131,0.5005121827125549,0.08950110157176507,73,-0.0004559036300659016,-0.07444512844085693
661,Healthy,0.8684335068622812,2.6949625495667497,295.0,480.0,278.0,3948.0,0.6858536585365854,0.17984432609586234,0.04310032596885187,0.3738219895287958,805.0,3003.0,3963.0,4320.0,1794.0,733.0,0.8661609888076782,0.49606919288635254,0.09033281336478845,73,-0.0005053641487709274,-0.07792198657989502
662,Healthy,0.8210578348986654,2.5997808733761154,355.0,550.0,362.0,3684.0,0.6273291925465838,0.1757382744643891,0.04557157569515963,0.30103682516982483,930.0,2847.0,3707.0,4061.0,1955.0,843.0,0.8095331192016602,0.5262433886528015,0.06933727538465345,75,-0.0005855596329516208,-0.038446009159088135
663,Healthy,0.8621114948199309,2.783751493428913,308.5,475.5,279.5,3774.5,0.6544564152791381,0.17993853031573065,0.05128205128205128,0.3154987918536417,882.0,2935.0,3811.0,4223.0,1983.0,856.0,0.8611288666725159,0.3395882844924927,0.08944040372667747,74,-0.00027273811407759103,-0.08158314228057861
664,Healthy,0.8389370306181398,2.9268784263140923,396.0,549.5,348.5,3979.0,0.6416974169741697,0.1804192093393473,0.04892137215607686,0.3102996561323072,971.0,3089.0,4034.0,4449.0,2106.0,932.0,0.8175438642501831,0.41008129715919495,0.10496730007413459,80,-0.0004912589822247935,-0.061927199363708496
665,Healthy,0.7588715009918449,2.238330516187752,457.0,683.5,547.0,3990.0,0.6464535097390666,0.18471506016131164,0.040892193308550186,0.313208752595432,962.0,3083.0,4128.0,4480.0,2150.0,977.0,0.7080748081207275,0.436138391494751,0.0897188465598248,82,-0.0003726454274032767,-0.02228569984436035
666,Healthy,0.8472929199444702,2.784367396593674,358.0,525.0,330.0,3992.0,0.6409579483311333,0.16680075087154733,0.039417104634495936,0.31005221932114885,952.0,3107.0,4021.0,4351.0,2114.0,948.0,0.8382099866867065,0.550585150718689,0.07944915743699499,76,-0.0004552328692803157,-0.050905585289001465
667,Healthy,0.8504823151125402,2.8158268275372604,308.0,464.0,279.0,3453.0,0.6515281348186233,0.17329545454545456,0.054596303501945526,0.3476498490728762,915.0,3055.5,3887.5,4336.5,1891.0,816.0,0.8432928919792175,0.4554903507232666,0.09659801571412321,79,-0.0004921680945706677,-0.07563692331314087
668,Unhealthy,0.7973871189548476,2.4593524671285167,405.0,604.0,442.0,3921.0,0.6239911958914159,0.16102806189352217,0.04459650778669184,0.28610354223433243,1025.0,3199.0,4049.0,4427.0,2227.0,1013.0,0.7842471599578857,0.41701948642730713,0.08904550996256125,79,-0.0004565036223414051,-0.02880162000656128
669,Healthy,0.8450635386119257,2.6864512119328774,328.0,517.0,317.0,3775.0,0.6429300142827994,0.17839894629006292,0.03230769230769231,0.2903225806451613,875.0,2807.0,3774.0,4026.0,2035.0,911.0,0.8380696773529053,0.3610805571079254,0.1306829964041922,79,-0.0011043288908319227,-0.1186990737915039
670,Healthy,0.8236018723823602,2.909486510008703,397.0,591.0,358.0,3701.0,0.6073690270581462,0.1740958788898234,0.043088418430884186,0.26532009585758304,1023.0,2946.0,3842.0,4188.0,2146.0,976.0,0.7860114574432373,0.45306387543678284,0.0864029290332823,85,-0.0005442160368460447,-0.031173288822174072
671,Healthy,0.7163524249970354,2.1151960784313726,485.0,717.5,598.0,3618.5,0.6468997488893181,0.17982425793952814,0.03558848536377991,0.30175320296695884,914.0,2963.5,3970.0,4263.0,2071.0,923.5,0.6945604681968689,0.4257998764514923,0.10775701277198846,81,-0.00030294696426156107,-0.0773211121559143
672,Healthy,0.8377749330850692,2.8958165728077234,391.0,563.0,348.5,3948.0,0.6473977695167287,0.1756201087677411,0.043442429950553335,0.3539771304565562,948.5,3107.5,4062.5,4431.5,1935.0,858.5,0.8126242756843567,0.45770904421806335,0.09060028248113032,81,-0.0003427647180749952,-0.044275641441345215
673,Unhealthy,0.6430260047281324,1.9766244776842488,730.5,1015.0,906.0,4170.0,0.5494856945284813,0.15943341310393894,0.044395245863435094,0.25506756756756754,1303.0,3249.0,4100.5,4481.5,2425.5,1198.5,0.6021426320075989,0.4616457521915436,0.06383724705766555,84,-0.00013208755168582173,0.04219973087310791
674,Healthy,0.857554333595182,2.8905560458958517,313.0,480.0,272.0,3547.0,0.6515281348186233,0.17329545454545456,0.054596303501945526,0.3476498490728762,915.0,3055.5,3887.5,4336.5,1891.0,816.0,0.8473256230354309,0.47333794832229614,0.09122722314811688,78,-0.0005247838526935095,-0.0727948546409607
675,Unhealthy,0.7973871189548476,2.4593524671285167,405.0,604.0,442.0,3921.0,0.6239911958914159,0.16102806189352217,0.04459650778669184,0.28610354223433243,1025.0,3199.0,4049.0,4427.0,2227.0,1013.0,0.7842471599578857,0.41701948642730713,0.08904550996256125,79,-0.0004565036223414051,-0.02880162000656128
676,Healthy,0.8623740476775621,2.850528025995126,319.0,485.0,280.0,3789.0,0.6899453092132941,0.19464684014869887,0.03785040692417,0.35454885810557846,737.0,2708.0,3724.0,4017.0,1724.0,727.0,0.854702889919281,0.47105172276496887,0.09794797500921021,79,-0.0005088997453647025,-0.07133752107620239
677,Unhealthy,0.7522619560534253,2.47976139752876,533.0,790.0,575.0,4067.0,0.6575882794891059,0.18456375838926176,0.04382281625170028,0.33421575115817337,911.5,3037.5,4042.0,4412.5,2012.0,884.0,0.6839916706085205,0.41502347588539124,0.08431927516721147,83,-0.0003631444129822608,0.02733790874481201
678,Healthy,0.8409961685823755,2.869281045751634,324.0,491.0,290.5,3363.5,0.6515281348186233,0.17329545454545456,0.054596303501945526,0.3476498490728762,915.0,3055.5,3887.5,4336.5,1891.0,816.0,0.8270691633224487,0.34255561232566833,0.10730520073141468,82,-0.0008316650767064622,-0.09547597169876099
679,Healthy,0.8129274211339069,2.531602088485848,402.0,601.0,424.0,4109.0,0.6464535097390666,0.18471506016131164,0.040892193308550186,0.313208752595432,962.0,3083.0,4128.0,4480.0,2150.0,977.0,0.778433084487915,0.47525840997695923,0.09675168454173179,81,-0.0003259197713221746,-0.04341524839401245
680,Healthy,0.8618951612903226,2.939154348573393,324.0,459.0,274.0,3694.0,0.6588089330024814,0.17366495976591076,0.04398750650702759,0.33822989349981636,825.0,2824.0,3673.0,4011.0,1802.0,780.0,0.8569762706756592,0.4744451940059662,0.09442999173857143,79,-0.00048411568625267526,-0.0669858455657959
681,Healthy,0.7728747566515249,2.365285317092546,463.0,736.0,525.0,4098.0,0.6307519640852974,0.1735092206218872,0.04332216371469603,0.30336330336330336,987.0,3070.0,3997.0,4359.0,2092.0,942.0,0.7330191135406494,0.4025973975658417,0.0963239149893352,82,-8.736259188041924e-05,0.02480524778366089
682,Healthy,0.8289296909986565,2.6465541893051188,384.0,613.0,382.0,4084.0,0.6307519640852974,0.1735092206218872,0.04332216371469603,0.30336330336330336,987.0,3070.0,3997.0,4359.0,2092.0,942.0,0.7934753894805908,0.40338271856307983,0.0927611841962867,77,-6.250976297471958e-05,0.002405524253845215
683,Healthy,0.7672811059907834,2.389837806803502,451.0,662.0,505.0,3835.0,0.574800223006876,0.1635315117396677,0.0529324055666004,0.24260355029585798,1144.0,3046.0,3811.0,4237.0,2304.0,1098.0,0.7476884126663208,0.37292760610580444,0.08407476915802911,79,-0.00040630728268896486,-0.008807241916656494
684,Unhealthy,0.7689298043728423,2.3840445269016697,447.0,719.0,502.0,3843.0,0.6239911958914159,0.16102806189352217,0.04459650778669184,0.28610354223433243,1025.0,3199.0,4049.0,4427.0,2227.0,1013.0,0.7173802256584167,0.41298702359199524,0.08528339378678976,78,-0.0002846715744317188,-0.016592204570770264
685,Unhealthy,0.8498080614203455,2.7680525164113785,338.0,498.0,313.0,3855.0,0.6612903225806451,0.17762351980400162,0.04096733441617036,0.33938822722988604,882.0,3021.0,3985.5,4326.0,1927.5,839.0,0.8401328325271606,0.50008225440979,0.09650387235514028,77,-0.00030079503557426155,-0.06401997804641724
686,Healthy,0.8453666856168277,2.796374304197382,370.0,536.5,340.0,4057.5,0.6368677693852185,0.18559556786703602,0.043329879943933204,0.318154787188854,949.5,2940.0,3924.5,4280.0,2006.5,923.0,0.8271576166152954,0.48134759068489075,0.10891985091690913,84,-0.0005512317536754478,-0.0564347505569458
687,Unhealthy,0.8265835929387332,2.684201652335188,341.0,521.0,334.0,3518.0,0.6475161987041037,0.17989172467130704,0.04236130090188576,0.28437917222963954,816.0,2651.0,3504.0,3814.0,1876.0,829.0,0.8204300999641418,0.4093851149082184,0.10951373185346734,77,-0.0009564840048978613,-0.14483195543289185
688,Healthy,0.8416742493175614,2.866439417415556,388.0,571.0,348.0,4048.0,0.6307519640852974,0.1735092206218872,0.04332216371469603,0.30336330336330336,987.0,3070.0,3997.0,4359.0,2092.0,942.0,0.8162297010421753,0.4689818322658539,0.08965812503113443,76,-0.00039889573336279553,-0.03706812858581543
689,Healthy,0.8561542263964409,2.9944674965421854,348.0,502.0,291.0,3755.0,0.6732236049779206,0.1896674753817611,0.043043043043043044,0.3508771929824561,814.0,2839.0,3824.0,4168.0,1850.0,744.0,0.849998414516449,0.37369176745414734,0.09148909472955792,74,-0.0007502866759868971,-0.08169597387313843
690,Unhealthy,0.8063348416289593,2.578125,414.0,614.0,428.0,3992.0,0.6464535097390666,0.18471506016131164,0.040892193308550186,0.313208752595432,962.0,3083.0,4128.0,4480.0,2150.0,977.0,0.7976876497268677,0.4227539896965027,0.09073131859808749,79,-0.0005549211714865842,-0.06394541263580322
691,Unhealthy,0.8476813173507689,2.7954799552787093,343.0,500.0,314.5,3815.0,0.6899453092132941,0.19464684014869887,0.03785040692417,0.35454885810557846,737.0,2708.0,3724.0,4017.0,1724.0,727.0,0.8335802555084229,0.335445761680603,0.11728127088165309,79,-0.000648367182726854,-0.06863218545913696
692,Healthy,0.7650310988251555,2.4279865477408977,463.0,725.0,510.0,3831.0,0.612184249628529,0.1759924129521745,0.046413502109704644,0.2732069249793899,1044.0,3041.0,3955.0,4340.0,2204.0,994.0,0.7512367963790894,0.3278534412384033,0.08694586198573133,77,-0.0004627881402158186,-0.02674764394760132
693,Healthy,0.8203044523291748,2.80552728411493,418.5,619.5,392.5,3976.0,0.6195353941832815,0.1761424017003188,0.04011747430249633,0.2961058045554739,1040.0,3101.0,4085.5,4427.0,2155.5,979.5,0.788589358329773,0.4046429693698883,0.09982994740936796,84,-0.0004242465887701669,-0.02238166332244873
694,Healthy,0.79183014078006,2.6258992805755397,443.0,629.0,451.0,3882.0,0.5976132761514078,0.17225338623614722,0.04551555826723612,0.27742564602632863,1079.0,3025.0,3911.0,4284.0,2223.0,1041.0,0.7710633277893066,0.3103615641593933,0.09741412529250688,77,-0.0006678376510331864,-0.07633316516876221
695,Healthy,0.762020062262193,2.2979833101529903,443.0,655.0,516.0,3820.5,0.6416974169741697,0.1804192093393473,0.04892137215607686,0.3102996561323072,971.0,3089.0,4034.0,4449.0,2106.0,932.0,0.7389402389526367,0.4167080223560333,0.10023566808141184,81,-0.000359788203596816,-0.05578213930130005
696,Healthy,0.8438395415472779,2.73614122019201,346.0,541.0,327.0,3861.0,0.6598613251155624,0.18265404144366681,0.045112781954887216,0.33055410804238317,883.0,2978.0,3937.0,4309.0,1927.0,833.0,0.8374662399291992,0.3863182067871094,0.12033314934114428,79,-0.0010964881670984447,-0.11848020553588867
697,Healthy,0.8212877792378449,2.5723693236383594,395.0,580.0,408.0,4158.0,0.6409579483311333,0.16680075087154733,0.039417104634495936,0.31005221932114885,952.0,3107.0,4021.0,4351.0,2114.0,948.0,0.7985405921936035,0.3767145276069641,0.11163602677491076,80,-0.0003981394861221174,-0.03629964590072632
698,Unhealthy,0.8283993978926242,2.713675213675214,354.0,580.0,342.0,3644.0,0.6429300142827994,0.17839894629006292,0.03230769230769231,0.2903225806451613,875.0,2807.0,3774.0,4026.0,2035.0,911.0,0.8174593448638916,0.38770440220832825,0.12225553775552428,79,-0.0010033100635630416,-0.08248108625411987
699,Healthy,0.8283993978926242,2.713675213675214,354.0,580.0,342.0,3644.0,0.6429300142827994,0.17839894629006292,0.03230769230769231,0.2903225806451613,875.0,2807.0,3774.0,4026.0,2035.0,911.0,0.8174593448638916,0.38770440220832825,0.12225553775552428,79,-0.0010033100635630416,-0.08248108625411987
700,Healthy,0.854564208354822,2.8058589450512232,311.5,470.5,282.0,3596.0,0.6328029375764994,0.17291910902696367,0.04409079050352205,0.3051320193380439,900.0,2822.0,3664.0,4002.0,1868.5,828.5,0.8454651236534119,0.39767733216285706,0.10658938199250796,82,-0.00046888470579631796,-0.07959592342376709
701,Healthy,0.8406195353484887,2.9322063436737538,364.0,551.0,319.0,3684.0,0.6594941487353718,0.17792068595927116,0.04691593236484878,0.34496919917864477,902.0,3068.0,4002.0,4396.0,1914.0,811.0,0.8385748267173767,0.6330537796020508,0.06322674291923995,73,-0.0002966289133828711,-0.08378154039382935
702,Healthy,0.8196571428571429,2.55431298525536,378.5,536.0,394.5,3980.5,0.6409579483311333,0.16680075087154733,0.039417104634495936,0.31005221932114885,952.0,3107.0,4021.0,4351.0,2114.0,948.0,0.8061098456382751,0.555329442024231,0.07630393774351782,77,-0.0003830674255132475,-0.03195685148239136
703,Healthy,0.8083221476510067,2.7214389009399857,366.0,561.0,357.0,3368.0,0.6475161987041037,0.17989172467130704,0.04236130090188576,0.28437917222963954,816.0,2651.0,3504.0,3814.0,1876.0,829.0,0.7921233773231506,0.42880725860595703,0.1039199685390872,77,-0.0008055877395178656,-0.09570592641830444
704,Unhealthy,0.8547998070429329,2.9053943269388425,347.0,537.0,301.0,3845.0,0.6913508260447035,0.18733797243825898,0.04365555289038139,0.396252845386097,794.0,2978.0,3987.0,4351.0,1724.0,737.0,0.846481442451477,0.39988547563552856,0.09876703286251684,74,-0.0006668340221524708,-0.09552532434463501
705,Healthy,0.8480613165013525,2.8226290516206483,372.0,551.0,337.0,4099.0,0.6762740981103263,0.196131844184146,0.039782145394269476,0.33813690169840455,848.0,2951.0,4055.0,4391.0,1929.0,830.0,0.8326911926269531,0.41523903608322144,0.11511844087330717,81,-0.0005304928183449361,-0.0536729097366333
706,Healthy,0.8409961685823755,2.869281045751634,324.0,491.0,290.5,3363.5,0.6515281348186233,0.17329545454545456,0.054596303501945526,0.3476498490728762,915.0,3055.5,3887.5,4336.5,1891.0,816.0,0.8270691633224487,0.34255561232566833,0.10730520073141468,82,-0.0008316650767064622,-0.09547597169876099
707,Healthy,0.7997597991047057,2.737908350153248,470.5,652.0,458.5,4121.0,0.6073690270581462,0.1740958788898234,0.043088418430884186,0.26532009585758304,1023.0,2946.0,3842.0,4188.0,2146.0,976.0,0.7578981518745422,0.48398295044898987,0.07813030750769213,84,-0.0003970929055918487,0.004094123840332031
708,Healthy,0.8408008790135515,2.7556818181818183,347.0,513.5,326.0,3769.5,0.6460657805374987,0.17639717098876717,0.04419005416051206,0.3233161527037652,912.0,2969.5,3882.5,4241.5,1936.5,823.5,0.8211075663566589,0.5265114307403564,0.07799124008257902,71,-0.0005053714564678328,-0.056073665618896484
709,Healthy,0.8196571428571429,2.55431298525536,378.5,536.0,394.5,3980.5,0.6409579483311333,0.16680075087154733,0.039417104634495936,0.31005221932114885,952.0,3107.0,4021.0,4351.0,2114.0,948.0,0.8061098456382751,0.555329442024231,0.07630393774351782,77,-0.0003830674255132475,-0.03195685148239136
710,Healthy,0.6838029683802969,2.1625850340136052,620.0,906.0,735.0,3914.0,0.5476772616136919,0.15873430962343096,0.048509228584950305,0.2510651727946978,1295.0,3217.0,4021.0,4431.0,2373.0,1135.0,0.6122896671295166,0.3813430666923523,0.08150591819365888,83,-0.0003884836820762314,0.00048345327377319336
711,Healthy,0.8259292837715322,2.751850173689775,403.0,575.0,384.0,4028.0,0.6816589338130858,0.19010922736715138,0.036898645492760396,0.3480250889981353,840.5,3021.5,4124.0,4440.0,1923.0,825.5,0.8182851672172546,0.3613528907299042,0.10885937934040599,84,-0.00036069178096443657,-0.040347933769226074
712,Healthy,0.8350900307422047,2.707725169099324,389.5,583.0,375.5,4178.5,0.6575882794891059,0.18456375838926176,0.04382281625170028,0.33421575115817337,911.5,3037.5,4042.0,4412.5,2012.0,884.0,0.8004061579704285,0.5061728358268738,0.09727718277573416,84,-0.0004505626980090733,-0.0404934287071228
713,Healthy,0.8083140877598153,2.5190729811429393,391.0,612.0,415.0,3915.0,0.6341010401188707,0.17494658119658119,0.03762236112749145,0.2883615084525358,985.0,3089.0,4080.0,4399.0,2189.0,996.0,0.7967727780342102,0.3471706211566925,0.09363629439833114,77,-0.0005412271033098023,-0.052297770977020264
714,Healthy,0.7903110900023748,2.5389075373817516,419.0,641.5,441.5,3769.5,0.4835680751173709,0.14197212183789365,0.04339622641509434,0.1904047976011994,1540.0,3324.0,4056.0,4424.0,2700.0,1367.0,0.7740593552589417,0.4442390501499176,0.09477224435594316,84,-0.0005490041521205908,-0.008380532264709473
715,Healthy,0.8717277486910995,2.9275895140664963,323.0,475.5,269.5,3932.5,0.6927899686520376,0.19460767369512616,0.04278558928248145,0.38045375218150085,784.0,2912.5,3965.5,4320.0,1775.0,758.0,0.8636354207992554,0.4660932719707489,0.09155156848639778,70,-0.0005781898379107251,-0.08526921272277832
716,Healthy,0.8476813173507689,2.7954799552787093,343.0,500.0,314.5,3815.0,0.6899453092132941,0.19464684014869887,0.03785040692417,0.35454885810557846,737.0,2708.0,3724.0,4017.0,1724.0,727.0,0.8335802555084229,0.335445761680603,0.11728127088165309,79,-0.000648367182726854,-0.06863218545913696
717,Healthy,0.7903110900023748,2.5389075373817516,419.0,641.5,441.5,3769.5,0.4835680751173709,0.14197212183789365,0.04339622641509434,0.1904047976011994,1540.0,3324.0,4056.0,4424.0,2700.0,1367.0,0.7740593552589417,0.4442390501499176,0.09477224435594316,84,-0.0005490041521205908,-0.008380532264709473
718,Healthy,0.8198487279394912,2.710669899969688,404.0,575.0,393.0,3970.0,0.6416974169741697,0.1804192093393473,0.04892137215607686,0.3102996561323072,971.0,3089.0,4034.0,4449.0,2106.0,932.0,0.7977684736251831,0.4183822274208069,0.10182396689139366,83,-0.00045122267232178547,-0.045997440814971924
719,Healthy,0.870161096417408,2.9884393063583814,331.0,468.0,270.0,3889.0,0.6909325652994339,0.19162933930571108,0.040391078521234344,0.36154390934844194,778.0,2887.5,3926.0,4256.5,1803.0,745.5,0.863684892654419,0.5748676061630249,0.07457726757327138,76,-0.0003855489432340987,-0.06971585750579834
720,Healthy,0.8247610377787893,2.7919876733436055,410.0,586.0,385.0,4009.0,0.5946093607721726,0.16158132130538605,0.0425050601262055,0.2850954596502487,1113.0,3160.0,4021.0,4378.0,2228.0,1029.0,0.8009786605834961,0.45644834637641907,0.09773165452024783,83,-0.0004127164812846608,-0.038900554180145264
721,Healthy,0.8543203999047846,2.7422066014669926,328.0,512.0,306.0,3895.0,0.6570543835881556,0.17836498761354252,0.039834831187758074,0.3410689170182841,886.0,2985.0,3953.0,4281.0,1874.0,811.0,0.8527036309242249,0.611150324344635,0.06685423529275893,73,-0.00022092723600706528,-0.054028213024139404
722,Healthy,0.7539629381558384,2.145489199491741,440.0,665.0,551.0,3928.0,0.6341010401188707,0.17494658119658119,0.03762236112749145,0.2883615084525358,985.0,3089.0,4080.0,4399.0,2189.0,996.0,0.7515900731086731,0.36564239859580994,0.09490549275256385,79,-0.0006119538517123055,-0.07408761978149414
723,Healthy,0.8565478944932902,2.79776299879081,342.0,536.5,310.0,4012.0,0.6570543835881556,0.17836498761354252,0.039834831187758074,0.3410689170182841,886.0,2985.0,3953.0,4281.0,1874.0,811.0,0.8527242541313171,0.6222046613693237,0.06602649853856006,73,-0.00029148238651877876,-0.06206613779067993
724,Unhealthy,0.8286363636363636,2.607265446224256,372.0,590.0,377.0,4023.0,0.6612903225806451,0.17762351980400162,0.04096733441617036,0.33938822722988604,882.0,3021.0,3985.5,4326.0,1927.5,839.0,0.8039382696151733,0.4713190495967865,0.08961887017449127,76,-0.0004833161600398983,-0.047162771224975586
725,Healthy,0.8247610377787893,2.7919876733436055,410.0,586.0,385.0,4009.0,0.5946093607721726,0.16158132130538605,0.0425050601262055,0.2850954596502487,1113.0,3160.0,4021.0,4378.0,2228.0,1029.0,0.8009786605834961,0.45644834637641907,0.09773165452024783,83,-0.0004127164812846608,-0.038900554180145264
726,Unhealthy,0.6884316607180349,2.098425700755152,609.0,916.0,742.0,4021.0,0.5587007802576665,0.15908784239643772,0.0475609756097561,0.22708399872245288,1216.0,3116.0,3905.0,4295.0,2420.0,1172.0,0.6520311832427979,0.5333211421966553,0.052990264003711526,83,-0.00032564763754870446,-0.012167692184448242
727,Healthy,0.8728853383458647,2.811624914856581,307.5,472.5,270.5,3985.5,0.6930168693605335,0.18240975409274607,0.0398168785012951,0.3740057687265099,782.5,2984.0,3985.0,4315.5,1790.5,740.0,0.8709168434143066,0.48122644424438477,0.09100674767572858,74,-0.0008543319401742476,-0.10681712627410889
728,Healthy,0.8375029226093056,2.7634624286375558,370.0,566.5,347.5,3929.5,0.6328029375764994,0.17291910902696367,0.04409079050352205,0.3051320193380439,900.0,2822.0,3664.0,4002.0,1868.5,828.5,0.802969217300415,0.40780413150787354,0.10602011835944679,82,-0.0005341191084085799,-0.02239757776260376
729,Healthy,0.6825715720743345,2.167602398877121,668.0,925.0,790.0,4187.5,0.5587007802576665,0.15908784239643772,0.0475609756097561,0.22708399872245288,1216.0,3116.0,3905.0,4295.0,2420.0,1172.0,0.6408489346504211,0.43676623702049255,0.06186208750628264,84,-0.0002711636142992992,0.011083364486694336
730,Healthy,0.8626679018063919,2.716796732550507,316.5,513.0,296.5,4021.5,0.6773261413985745,0.17678064603324772,0.040698021872945675,0.3609446904575844,837.5,3045.5,4013.0,4353.5,1840.0,764.5,0.8527349233627319,0.5314946174621582,0.07885862814776694,74,-0.0002962496098392341,-0.06891369819641113
731,Healthy,0.8559610705596107,2.74329382407985,318.0,506.0,296.0,3814.0,0.6801129487696652,0.19238476953907815,0.04477611940298507,0.35287808366106543,793.0,2821.0,3808.0,4165.0,1810.0,754.0,0.8500822186470032,0.36618006229400635,0.09249540902802526,74,-0.0007431761129222367,-0.08439403772354126
732,Healthy,0.8244019138755981,2.8007152145643692,392.0,588.0,367.0,3813.0,0.6073690270581462,0.1740958788898234,0.043088418430884186,0.26532009585758304,1023.0,2946.0,3842.0,4188.0,2146.0,976.0,0.7880252599716187,0.5974429249763489,0.06726039094030417,83,-0.0004202736240773637,-0.035157859325408936
733,Healthy,0.8474496958352831,2.760670731707317,350.0,516.0,326.0,3948.0,0.6899453092132941,0.19464684014869887,0.03785040692417,0.35454885810557846,737.0,2708.0,3724.0,4017.0,1724.0,727.0,0.8273586630821228,0.5049397945404053,0.09221368359228534,77,-0.0003822549547083728,-0.0431482195854187
734,Unhealthy,0.8196571428571429,2.55431298525536,378.5,536.0,394.5,3980.5,0.6409579483311333,0.16680075087154733,0.039417104634495936,0.31005221932114885,952.0,3107.0,4021.0,4351.0,2114.0,948.0,0.8061098456382751,0.555329442024231,0.07630393774351782,77,-0.0003830674255132475,-0.03195685148239136
735,Unhealthy,0.8541666666666666,2.8193226749183427,311.0,469.0,280.0,3560.0,0.669003611642235,0.16956974839958314,0.03723263797200951,0.33640730067243035,779.0,2789.0,3646.0,3928.0,1727.0,730.0,0.8443728089332581,0.40331074595451355,0.0946805913487821,76,-0.001005808643956272,-0.11714226007461548
736,Healthy,0.8425271098538425,2.9532308709304247,385.0,615.0,334.0,3908.0,0.610949657823193,0.16225904633074062,0.044048848654231726,0.29904506617523874,1037.5,3096.5,3933.5,4296.0,2092.0,926.0,0.8079524636268616,0.5944976210594177,0.06819588155834104,75,-0.0002226171489729322,-0.02407515048980713
737,Healthy,0.7348066298342542,2.0272013131668425,475.0,762.0,624.0,4082.0,0.6464535097390666,0.18471506016131164,0.040892193308550186,0.313208752595432,962.0,3083.0,4128.0,4480.0,2150.0,977.0,0.717455267906189,0.3974305987358093,0.09406263456540274,79,-0.0005269119695416317,-0.0456925630569458
738,Healthy,0.8623740476775621,2.850528025995126,319.0,485.0,280.0,3789.0,0.6899453092132941,0.19464684014869887,0.03785040692417,0.35454885810557846,737.0,2708.0,3724.0,4017.0,1724.0,727.0,0.854702889919281,0.47105172276496887,0.09794797500921021,79,-0.0005088997453647025,-0.07133752107620239
739,Unhealthy,0.8381030253475061,2.8079993738259237,376.0,547.5,346.5,3934.0,0.6782541521823098,0.18707738542449287,0.035386631716906945,0.3562473347547974,833.0,2975.5,4048.0,4345.0,1887.0,802.0,0.8222245573997498,0.3942689895629883,0.09551193028753921,78,-0.0006057095859883157,-0.055728793144226074
740,Healthy,0.8717277486910995,2.9275895140664963,323.0,475.5,269.5,3932.5,0.6927899686520376,0.19460767369512616,0.04278558928248145,0.38045375218150085,784.0,2912.5,3965.5,4320.0,1775.0,758.0,0.8636354207992554,0.4660932719707489,0.09155156848639778,70,-0.0005781898379107251,-0.08526921272277832
741,Healthy,0.8504491381403253,2.8024,338.0,538.0,308.0,3811.0,0.6453182002432104,0.16822564397755072,0.041704093417169255,0.3243482887036709,875.0,2890.0,3734.0,4059.0,1905.0,822.0,0.8428797125816345,0.41373738646507263,0.10820423066649876,77,-0.0008860181754312849,-0.13744747638702393
742,Healthy,0.8350900307422047,2.707725169099324,389.5,583.0,375.5,4178.5,0.6575882794891059,0.18456375838926176,0.04382281625170028,0.33421575115817337,911.5,3037.5,4042.0,4412.5,2012.0,884.0,0.8004061579704285,0.5061728358268738,0.09727718277573416,84,-0.0004505626980090733,-0.0404934287071228
743,Healthy,0.8501800720288115,2.7167408316710144,329.0,516.0,312.0,3853.0,0.6487119437939111,0.17333333333333334,0.04052223180194605,0.3152804642166344,900.0,2976.0,3895.0,4224.0,1947.0,827.0,0.8443685173988342,0.4534514546394348,0.08156614795883005,72,-0.00030458005659327866,-0.050820887088775635
744,Healthy,0.8618951612903226,2.939154348573393,324.0,459.0,274.0,3694.0,0.6588089330024814,0.17366495976591076,0.04398750650702759,0.33822989349981636,825.0,2824.0,3673.0,4011.0,1802.0,780.0,0.8569762706756592,0.4744451940059662,0.09442999173857143,79,-0.00048411568625267526,-0.0669858455657959
745,Healthy,0.8449339207048459,2.7668782458165033,378.0,522.0,352.0,4188.0,0.6239911958914159,0.16102806189352217,0.04459650778669184,0.28610354223433243,1025.0,3199.0,4049.0,4427.0,2227.0,1013.0,0.8346474170684814,0.4885057508945465,0.10351517586883693,81,-0.00033061747052169686,-0.06453365087509155
746,Healthy,0.7724843132698117,2.472110664881749,452.0,654.5,489.5,3813.5,0.6165365181442352,0.1825268817204301,0.03670535556472044,0.28894741173565963,1043.5,3041.0,4087.5,4399.0,2160.0,972.5,0.7296181917190552,0.5307047963142395,0.06656404063923087,77,-0.0003712570680833088,-0.01627957820892334
747,Healthy,0.8580318045632634,2.8365714285714287,346.5,533.0,308.0,4031.0,0.6701356625162609,0.177541928721174,0.041669081425673715,0.35921195425327657,887.5,3138.5,4134.0,4493.5,1919.0,822.0,0.8563016653060913,0.5819026231765747,0.07111683709359119,81,-0.00042164478626190247,-0.07443487644195557
748,Healthy,0.851261620185923,2.736198064883324,358.0,559.0,336.0,4182.0,0.6782541521823098,0.18707738542449287,0.035386631716906945,0.3562473347547974,833.0,2975.5,4048.0,4345.0,1887.0,802.0,0.8478420376777649,0.3800157308578491,0.09927604573499531,76,-0.0008330060130086207,-0.091339111328125
749,Healthy,0.8577149587750295,2.8796267004112623,346.0,520.0,302.0,3943.0,0.6598613251155624,0.18265404144366681,0.045112781954887216,0.33055410804238317,883.0,2978.0,3937.0,4309.0,1927.0,833.0,0.8531891703605652,0.3934597074985504,0.11020743776157099,79,-0.0009102679909102182,-0.09841138124465942
750,Healthy,0.8720432529849065,2.8400586940572268,327.0,500.0,284.0,4155.0,0.6941043511019024,0.19426370999867215,0.04073131219625087,0.38130217028380636,812.0,3034.0,4145.0,4497.0,1853.0,758.0,0.8629810214042664,0.34455668926239014,0.09747439415030235,74,-0.0007779237664560575,-0.08855926990509033
751,Healthy,0.8628033680039624,2.7703562340966923,304.0,481.0,277.0,3761.0,0.6801129487696652,0.19238476953907815,0.04477611940298507,0.35287808366106543,793.0,2821.0,3808.0,4165.0,1810.0,754.0,0.8531427979469299,0.3579658269882202,0.09514999954748511,74,-0.0007428070220062982,-0.08509552478790283
752,Healthy,0.8481532147742818,2.914675233095667,381.5,574.5,333.0,4053.0,0.6701356625162609,0.177541928721174,0.041669081425673715,0.35921195425327657,887.5,3138.5,4134.0,4493.5,1919.0,822.0,0.8404619693756104,0.6414130330085754,0.054968126806802894,80,-0.00034123646484953085,-0.06977218389511108
753,Healthy,0.7869292748433303,2.4611507769844603,437.0,653.0,476.0,3992.0,0.5587007802576665,0.15908784239643772,0.0475609756097561,0.22708399872245288,1216.0,3116.0,3905.0,4295.0,2420.0,1172.0,0.7436473965644836,0.6163485646247864,0.06004075353124148,83,-0.0003000853559400101,-0.00047022104263305664
754,Healthy,0.8118967452300786,2.4632252792154725,384.0,561.0,419.0,4036.0,0.6341010401188707,0.17494658119658119,0.03762236112749145,0.2883615084525358,985.0,3089.0,4080.0,4399.0,2189.0,996.0,0.801827073097229,0.34536755084991455,0.09843632250238381,77,-0.0005689640461117893,-0.04861968755722046
755,Healthy,0.8582677165354331,2.802160953800298,344.0,500.0,310.5,4071.0,0.6762740981103263,0.196131844184146,0.039782145394269476,0.33813690169840455,848.0,2951.0,4055.0,4391.0,1929.0,830.0,0.8517000079154968,0.434018075466156,0.12406952235604958,82,-0.0005784906543183254,-0.062374234199523926
756,Healthy,0.8665110851808635,2.9044117647058822,336.0,489.0,286.0,3999.0,0.6801129487696652,0.19238476953907815,0.04477611940298507,0.35287808366106543,793.0,2821.0,3808.0,4165.0,1810.0,754.0,0.8613690733909607,0.3479742407798767,0.0978644001741156,74,-0.000779846150314724,-0.08154737949371338
757,Unhealthy,0.8401624656552383,2.79953825332378,362.5,550.0,334.5,3851.0,0.6612903225806451,0.17762351980400162,0.04096733441617036,0.33938822722988604,882.0,3021.0,3985.5,4326.0,1927.5,839.0,0.8105361461639404,0.3330533504486084,0.1153808832440968,79,-0.0005007017393170436,-0.043225109577178955
758,Healthy,0.8525626023870817,2.7235346889952154,334.0,524.0,315.0,3958.0,0.6629790596602133,0.17668437237908863,0.04170275955946046,0.3457719958918179,853.0,2945.0,3872.0,4209.0,1911.0,814.0,0.8412728309631348,0.3361433148384094,0.12957455593851624,79,-0.0011131164114726814,-0.13823795318603516
759,Healthy,0.8621114948199309,2.783751493428913,308.5,475.5,279.5,3774.5,0.6544564152791381,0.17993853031573065,0.05128205128205128,0.3154987918536417,882.0,2935.0,3811.0,4223.0,1983.0,856.0,0.8611288666725159,0.3395882844924927,0.08944040372667747,74,-0.00027273811407759103,-0.08158314228057861
760,Healthy,0.8643495051894762,2.9194521441382686,331.0,486.0,281.0,3862.0,0.6732236049779206,0.1896674753817611,0.043043043043043044,0.3508771929824561,814.0,2839.0,3824.0,4168.0,1850.0,744.0,0.8584733605384827,0.37422823905944824,0.09587007573422092,74,-0.0007619731252306608,-0.10383433103561401
761,Healthy,0.8343889279849871,2.851074062199423,388.0,577.5,353.0,3910.0,0.6195353941832815,0.1761424017003188,0.04011747430249633,0.2961058045554739,1040.0,3101.0,4085.5,4427.0,2155.5,979.5,0.8055309653282166,0.4264468252658844,0.1025178947844058,85,-0.0004009561861947401,-0.021214187145233154
762,Healthy,0.7440738409901405,2.389034821849532,547.5,805.0,610.0,4157.0,0.5494856945284813,0.15943341310393894,0.044395245863435094,0.25506756756756754,1303.0,3249.0,4100.5,4481.5,2425.5,1198.5,0.6998071074485779,0.5401126146316528,0.06871802135908013,84,-0.00029936043763803235,0.0408940315246582
763,Healthy,0.8626347866854196,2.83775447254781,332.0,507.0,293.0,3973.0,0.6801129487696652,0.19238476953907815,0.04477611940298507,0.35287808366106543,793.0,2821.0,3808.0,4165.0,1810.0,754.0,0.8591222763061523,0.35946205258369446,0.09624227419092868,74,-0.0007739764023290221,-0.09998536109924316
764,Healthy,0.8479001135073779,2.704757766673908,350.5,545.0,335.0,4070.0,0.6899453092132941,0.19464684014869887,0.03785040692417,0.35454885810557846,737.0,2708.0,3724.0,4017.0,1724.0,727.0,0.8248326778411865,0.4131309986114502,0.10926249300402913,82,-0.0005656003339665488,-0.04019606113433838
765,Healthy,0.8670581327069876,2.8453059966086016,324.0,487.0,283.0,3974.5,0.6927899686520376,0.19460767369512616,0.04278558928248145,0.38045375218150085,784.0,2912.5,3965.5,4320.0,1775.0,758.0,0.8683165311813354,0.478723406791687,0.08346626538194461,69,-0.0007095947965485836,-0.0848039984703064
766,Healthy,0.7877877877877878,2.563332368268674,457.0,660.5,477.0,4018.5,0.6575882794891059,0.18456375838926176,0.04382281625170028,0.33421575115817337,911.5,3037.5,4042.0,4412.5,2012.0,884.0,0.7550420761108398,0.44332534074783325,0.09390334004600814,85,-0.00040745945816564045,0.0106239914894104
767,Healthy,0.8370421882243857,2.824403597966367,383.5,576.0,351.5,3962.5,0.6594941487353718,0.17792068595927116,0.04691593236484878,0.34496919917864477,902.0,3068.0,4002.0,4396.0,1914.0,811.0,0.8261840343475342,0.5851821899414062,0.06943095866806412,76,-0.0003788327205503436,-0.052841007709503174
768,Healthy,0.8601532567049809,2.7550237766528607,317.0,495.0,292.0,3884.0,0.6803294763679153,0.18867924528301888,0.04884318766066838,0.37357142857142855,815.0,2924.0,3885.0,4284.0,1754.0,754.0,0.8589046597480774,0.39483675360679626,0.09741760045958085,74,-0.0007301736723423328,-0.11005944013595581
769,Healthy,0.8310469314079423,2.6451662325723917,353.0,562.0,351.0,3804.0,0.6475463878685127,0.17081659973226238,0.0418106015485408,0.3418737723118968,935.5,3097.0,4022.0,4373.0,1926.5,820.0,0.8202368021011353,0.5340551733970642,0.06674098894311485,74,-0.0002853338615487911,-0.04350525140762329
770,Healthy,0.8648528099910794,2.76802284082798,333.0,514.5,303.0,4181.0,0.6937087631261035,0.19671700590938937,0.0441109074243813,0.39492148346141,824.0,3058.5,4171.5,4556.5,1811.0,758.0,0.8649032115936279,0.40238168835639954,0.10276568326122738,77,-0.0008483737127292153,-0.0926620364189148
771,Healthy,0.8474496958352831,2.760670731707317,350.0,516.0,326.0,3948.0,0.6899453092132941,0.19464684014869887,0.03785040692417,0.35454885810557846,737.0,2708.0,3724.0,4017.0,1724.0,727.0,0.8273586630821228,0.5049397945404053,0.09221368359228534,77,-0.0003822549547083728,-0.0431482195854187
772,Healthy,0.8448676265675801,2.9296182960219035,383.0,581.0,334.0,3972.0,0.6195353941832815,0.1761424017003188,0.04011747430249633,0.2961058045554739,1040.0,3101.0,4085.5,4427.0,2155.5,979.5,0.8240653276443481,0.4241880178451538,0.1040250917888012,82,-0.00044514118070610386,-0.06331056356430054
773,Healthy,0.8334317779090372,2.8857166230366493,392.0,616.0,352.5,3880.0,0.6509582446069808,0.17881932967541483,0.044700919796121626,0.34300725544158117,942.5,3105.5,4076.5,4458.0,1969.5,835.5,0.8292588591575623,0.6014890074729919,0.0619265558334481,80,-0.00040764353833210525,-0.05855780839920044
774,Healthy,0.8407018353918966,2.7024118738404455,358.5,570.0,345.0,3986.5,0.6475463878685127,0.17081659973226238,0.0418106015485408,0.3418737723118968,935.5,3097.0,4022.0,4373.0,1926.5,820.0,0.8280965089797974,0.591911792755127,0.06765775058038465,76,-0.0003545353626610603,-0.05523180961608887
775,Healthy,0.8118967452300786,2.4632252792154725,384.0,561.0,419.0,4036.0,0.6341010401188707,0.17494658119658119,0.03762236112749145,0.2883615084525358,985.0,3089.0,4080.0,4399.0,2189.0,996.0,0.801827073097229,0.34536755084991455,0.09843632250238381,77,-0.0005689640461117893,-0.04861968755722046
776,Unhealthy,0.8596247394023627,2.750518825970946,328.0,497.0,303.0,4014.0,0.6629790596602133,0.17668437237908863,0.04170275955946046,0.3457719958918179,853.0,2945.0,3872.0,4209.0,1911.0,814.0,0.8573152422904968,0.313364714384079,0.1355057277040868,79,-0.0011465595139105043,-0.14339232444763184
777,Healthy,0.8519130195430773,3.0001938735944162,320.0,476.0,269.0,3364.0,0.6638341968911917,0.17060367454068243,0.043546080852723254,0.3266239707227813,811.0,2844.0,3679.0,4014.0,1840.0,794.0,0.8424338102340698,0.4206070601940155,0.10871377067734139,73,-0.0014248257879729176,-0.19201213121414185
778,Healthy,0.8592199399953843,2.891425908667288,352.0,526.0,305.0,4028.0,0.6629790596602133,0.17668437237908863,0.04170275955946046,0.3457719958918179,853.0,2945.0,3872.0,4209.0,1911.0,814.0,0.8535866737365723,0.317676842212677,0.1326572790950116,79,-0.0011401468970067897,-0.15811395645141602
779,Healthy,0.8594325062329337,3.0505689001264225,363.5,534.5,296.0,3915.5,0.640395507343765,0.16474677936064344,0.038910505836575876,0.3289149460446937,936.5,3063.5,3952.0,4272.0,1974.5,857.0,0.8463253974914551,0.5004457235336304,0.07548891973841,77,-0.00034356394395632843,-0.05977815389633179
780,Healthy,0.8628033680039624,2.7703562340966923,304.0,481.0,277.0,3761.0,0.6801129487696652,0.19238476953907815,0.04477611940298507,0.35287808366106543,793.0,2821.0,3808.0,4165.0,1810.0,754.0,0.8531427979469299,0.3579658269882202,0.09514999954748511,74,-0.0007428070220062982,-0.08509552478790283
781,Healthy,0.8587191172943152,2.936833470057424,346.0,520.0,294.5,3874.5,0.648596321393998,0.17472580533903567,0.042674340292659034,0.33767700460429156,907.5,2991.0,3909.0,4257.5,1906.0,813.5,0.8481024503707886,0.5522844791412354,0.07779246251956062,72,-0.00039699205765031,-0.06051301956176758
782,Healthy,0.8481675392670157,2.840029218407597,387.0,550.0,348.0,4236.0,0.6409579483311333,0.16680075087154733,0.039417104634495936,0.31005221932114885,952.0,3107.0,4021.0,4351.0,2114.0,948.0,0.826673686504364,0.3995777368545532,0.11143187101560206,81,-0.00019365871026592532,-0.03211861848831177
783,Healthy,0.867737364194615,2.8691917219836003,324.5,482.5,280.0,3954.0,0.7060326193751228,0.19652701212789417,0.04407431904275149,0.3959190822313688,748.0,2915.0,3974.5,4341.0,1724.5,704.5,0.8627537488937378,0.5260292887687683,0.08085745210508341,73,-0.0007341023050271337,-0.09553611278533936
784,Healthy,0.8698224852071006,2.7417188898836167,300.0,470.0,275.0,3950.0,0.7083172147001934,0.19601868779199674,0.041816573282217634,0.3997905027932961,754.0,2968.5,4061.5,4416.0,1719.0,702.5,0.8717396259307861,0.4860258996486664,0.08081028957309287,71,-0.0006756818962650173,-0.09427541494369507
785,Healthy,0.8386038884984774,2.8824476650563606,385.0,595.0,344.5,3924.5,0.610949657823193,0.16225904633074062,0.044048848654231726,0.29904506617523874,1037.5,3096.5,3933.5,4296.0,2092.0,926.0,0.8196194767951965,0.6039840579032898,0.06568888160023978,77,-0.00038131796331111794,-0.04672807455062866
786,Healthy,0.8590344827586207,2.725840336134454,273.0,437.5,255.5,3369.5,0.6629694493092041,0.17180858357328946,0.0470472923303112,0.35229014132470626,866.0,3020.0,3889.0,4273.0,1902.0,801.0,0.8490725755691528,0.3913043439388275,0.11603010315976556,75,-0.0014334512512901062,-0.15124064683914185
787,Healthy,0.86,2.713560104663691,305.0,488.0,287.0,3813.0,0.6871128871128871,0.1882915845764143,0.04881381194882623,0.37888198757763975,783.0,2884.0,3829.0,4222.0,1750.0,738.0,0.8569030165672302,0.49492865800857544,0.08952305585697139,70,-0.0005669168457796626,-0.07545340061187744
788,Healthy,0.8434399117971334,2.9687985097795715,412.0,589.5,355.0,4180.0,0.6816589338130858,0.19010922736715138,0.036898645492760396,0.3480250889981353,840.5,3021.5,4124.0,4440.0,1923.0,825.5,0.8158045411109924,0.4249291718006134,0.10383818926421226,85,-0.00038422241194129784,-0.02307504415512085
789,Healthy,0.8594325062329337,3.0505689001264225,363.5,534.5,296.0,3915.5,0.640395507343765,0.16474677936064344,0.038910505836575876,0.3289149460446937,936.5,3063.5,3952.0,4272.0,1974.5,857.0,0.8463253974914551,0.5004457235336304,0.07548891973841,77,-0.00034356394395632843,-0.05977815389633179
790,Healthy,0.7416143691841592,2.4818945538818076,554.0,778.0,597.0,4024.0,0.578570115787539,0.15997028833817273,0.04520839671432918,0.2500610699454442,1146.5,3110.0,3923.0,4294.5,2302.5,1101.5,0.6802311539649963,0.4112662672996521,0.08422160300303295,83,-0.0005321494890492225,-0.021096467971801758
791,Healthy,0.8460024600246002,2.737185609678446,332.0,513.0,313.0,3752.0,0.6678348909657321,0.19270398217766638,0.041458966565349545,0.3575695511179382,853.0,2899.0,3942.0,4283.0,1882.0,818.0,0.8378441333770752,0.3763837516307831,0.09631544787657073,75,-0.0006188090868141627,-0.10379087924957275
792,Healthy,0.7326710816777042,2.070621997629297,473.5,720.0,605.5,3924.5,0.6194354991475658,0.17221993692581927,0.0440251572327044,0.3012852612251711,1004.5,3018.5,3914.0,4274.5,2093.0,947.5,0.7490826845169067,0.565703272819519,0.056956263870453716,80,-0.00032039635030865814,-0.033601462841033936
793,Healthy,0.8731752890342169,2.8193815987933637,310.0,477.5,271.5,4010.0,0.678960038517092,0.18154096361048994,0.039837786259541985,0.37306276222279305,833.5,3019.5,4025.0,4359.0,1830.5,757.5,0.8614895343780518,0.5504060387611389,0.07419420369741833,73,-0.0003695064299727583,-0.0744861364364624
794,Healthy,0.830547286466682,2.692250593824228,380.0,562.0,370.0,3997.0,0.6650790626786055,0.17425769179094452,0.036773428232502965,0.3346780971591864,879.0,3073.0,4060.0,4370.0,1979.0,834.0,0.8083620667457581,0.5894134640693665,0.06940157825774552,72,-0.0003946305488215695,-0.030607998371124268
795,Healthy,0.8066340402392604,2.492439007997849,413.5,670.0,444.5,4153.0,0.6458173445894091,0.1746662102019856,0.040388114008489996,0.3372591907125431,923.0,3013.5,3956.0,4289.0,1969.5,890.5,0.7650414705276489,0.39878031611442566,0.0977778143696764,82,-0.00045019776801208107,-0.025306105613708496
796,Healthy,0.8615530752790311,2.8832551855678297,336.5,505.5,291.5,3919.5,0.6913508260447035,0.18733797243825898,0.04365555289038139,0.396252845386097,794.0,2978.0,3987.0,4351.0,1724.0,737.0,0.851791501045227,0.391914963722229,0.10474941774601262,74,-0.0007704568093406442,-0.08318692445755005
797,Healthy,0.8681144666892885,2.862524242876324,337.0,511.0,291.5,4129.0,0.6974821852731592,0.1928161303244759,0.03878132449561021,0.38024152968802416,796.0,3022.5,4133.0,4466.5,1847.5,748.5,0.8654160499572754,0.40065014362335205,0.10173355808351851,78,-0.0008056655380482888,-0.1047469973564148
798,Healthy,0.8504491381403253,2.8024,338.0,538.0,308.0,3811.0,0.6453182002432104,0.16822564397755072,0.041704093417169255,0.3243482887036709,875.0,2890.0,3734.0,4059.0,1905.0,822.0,0.8428797125816345,0.41373738646507263,0.10820423066649876,77,-0.0008860181754312849,-0.13744747638702393
799,Healthy,0.8359393793601154,2.7144196219340726,355.0,554.0,341.0,3816.0,0.6475463878685127,0.17081659973226238,0.0418106015485408,0.3418737723118968,935.5,3097.0,4022.0,4373.0,1926.5,820.0,0.8274011611938477,0.3978760242462158,0.07323868832121598,73,-0.0003415330244384111,-0.05238527059555054
800,Healthy,0.8363728470111449,2.823187414500684,352.0,534.0,323.0,3625.0,0.6475161987041037,0.17989172467130704,0.04236130090188576,0.28437917222963954,816.0,2651.0,3504.0,3814.0,1876.0,829.0,0.821092426776886,0.3909195065498352,0.12126645494008842,78,-0.0010720671987516598,-0.12252449989318848
801,Healthy,0.8684427678887187,2.802206162038798,313.5,465.0,279.0,3962.5,0.6972930250938549,0.1975463543844974,0.04564820450395618,0.3964093357271095,766.0,2878.0,3920.0,4295.0,1681.0,707.0,0.869988739490509,0.41579124331474304,0.09169926860547059,71,-0.0005650459571305399,-0.09353846311569214
802,Healthy,0.8543203999047846,2.7422066014669926,328.0,512.0,306.0,3895.0,0.6570543835881556,0.17836498761354252,0.039834831187758074,0.3410689170182841,886.0,2985.0,3953.0,4281.0,1874.0,811.0,0.8527036309242249,0.611150324344635,0.06685423529275893,73,-0.00022092723600706528,-0.054028213024139404
803,Healthy,0.8618466497812572,2.8214985677672244,337.0,542.0,300.0,4043.0,0.6814631358353972,0.17585931254996004,0.03982092365692743,0.3612154318880164,836.0,3093.0,4075.0,4413.0,1871.0,768.0,0.8530358672142029,0.5719493627548218,0.068084943107298,75,-0.00030965128295538805,-0.06402862071990967
804,Healthy,0.8310469314079423,2.6451662325723917,353.0,562.0,351.0,3804.0,0.6475463878685127,0.17081659973226238,0.0418106015485408,0.3418737723118968,935.5,3097.0,4022.0,4373.0,1926.5,820.0,0.8202368021011353,0.5340551733970642,0.06674098894311485,74,-0.0002853338615487911,-0.04350525140762329
805,Healthy,0.7543408360128617,2.359527960305753,507.0,758.0,573.0,4092.0,0.578570115787539,0.15997028833817273,0.04520839671432918,0.2500610699454442,1146.5,3110.0,3923.0,4294.5,2302.5,1101.5,0.7183098793029785,0.4190520942211151,0.08364794757443675,81,-0.0004459902026973199,-0.006295144557952881
806,Healthy,0.8499015748031497,2.8759367194004994,345.0,529.0,305.0,3759.0,0.6544564152791381,0.17993853031573065,0.05128205128205128,0.3154987918536417,882.0,2935.0,3811.0,4223.0,1983.0,856.0,0.8300219178199768,0.5641855597496033,0.06816090155647796,72,-0.0004072588181876719,-0.023713648319244385
807,Healthy,0.8572405929304447,2.8191090445477727,349.0,535.0,313.0,4072.0,0.6924833491912464,0.18539250966280155,0.03623441687055808,0.37480980557903637,808.0,3056.0,4136.0,4447.0,1849.0,764.0,0.856532871723175,0.3755227327346802,0.12602269116409,78,-0.0011102637882509242,-0.15160638093948364
808,Healthy,0.8666510703006199,2.8513700738916254,327.0,489.0,285.0,3989.5,0.6646566815794592,0.18302460602709428,0.03708191953465827,0.35348360655737704,862.0,2955.0,3973.0,4279.0,1893.0,808.0,0.8604460954666138,0.40965861082077026,0.10822350038763548,79,-0.0009035670956316613,-0.10611307621002197
809,Healthy,0.8592431911303928,2.776479750778816,320.0,486.0,292.0,3857.0,0.6871128871128871,0.1882915845764143,0.04881381194882623,0.37888198757763975,783.0,2884.0,3829.0,4222.0,1750.0,738.0,0.8581772446632385,0.5015608668327332,0.08282744225076222,73,-0.0005682761183378701,-0.0807310938835144
810,Healthy,0.8198408984557791,2.7699604743083004,405.0,590.0,385.0,3889.0,0.6195353941832815,0.1761424017003188,0.04011747430249633,0.2961058045554739,1040.0,3101.0,4085.5,4427.0,2155.5,979.5,0.7959072589874268,0.3928755819797516,0.10472740295195669,85,-0.00037495341535526003,-0.01686161756515503
811,Healthy,0.8614678899082568,2.853236098450319,344.0,526.0,302.0,4058.0,0.6547756041426928,0.17563700776672572,0.04442561433240528,0.34012255113489254,900.0,3025.0,3947.0,4314.0,1911.5,813.0,0.8567543029785156,0.5206929445266724,0.07267183044586804,75,-0.0003220793364864937,-0.06484389305114746
812,Healthy,0.8354713428268801,2.694526683367494,360.5,547.5,349.5,3899.0,0.6083240431066518,0.16799352314127647,0.04787845772047697,0.31047909260199763,1054.0,3083.0,3932.5,4328.0,2036.5,915.0,0.8321290612220764,0.6020761132240295,0.06547525639805944,80,-0.0004451864124772105,-0.06639552116394043
813,Healthy,0.850431447746884,2.8887803289366554,355.0,507.0,312.0,3860.0,0.6762740981103263,0.196131844184146,0.039782145394269476,0.33813690169840455,848.0,2951.0,4055.0,4391.0,1929.0,830.0,0.829609215259552,0.39314571022987366,0.1155061423157503,85,-0.00048061836470213913,-0.06286340951919556
814,Healthy,0.8211856171039844,2.5944120356155973,360.0,580.0,368.0,3748.0,0.6183724995144688,0.15319678937171327,0.030482903604773386,0.3160993089326849,982.5,3059.5,3920.0,4166.5,2004.0,877.5,0.8192004561424255,0.31891271471977234,0.07657479279142913,73,-0.0003230083676899422,-0.05489456653594971
815,Healthy,0.8470201783200375,2.749010051781907,348.0,529.0,326.0,3936.0,0.6598613251155624,0.18265404144366681,0.045112781954887216,0.33055410804238317,883.0,2978.0,3937.0,4309.0,1927.0,833.0,0.8452090620994568,0.3664543628692627,0.12027790709256503,79,-0.0010925354433547602,-0.1495688557624817
816,Healthy,0.8319630589030296,2.828750861606801,405.5,569.5,373.0,4066.5,0.578570115787539,0.15997028833817273,0.04520839671432918,0.2500610699454442,1146.5,3110.0,3923.0,4294.5,2302.5,1101.5,0.7970926761627197,0.4680391848087311,0.10180083922260164,84,-0.0005587954598263285,-0.0369492769241333
817,Unhealthy,0.8695028680688337,2.839968774395004,313.0,483.0,273.0,3911.0,0.6972930250938549,0.1975463543844974,0.04564820450395618,0.3964093357271095,766.0,2878.0,3920.0,4295.0,1681.0,707.0,0.8660948276519775,0.48374253511428833,0.08944154939016885,72,-0.0005829430992061141,-0.09145408868789673
818,Healthy,0.865668255048786,2.883162031438936,344.0,516.0,296.0,4111.0,0.6896950984175994,0.1824442943956786,0.041141498216409035,0.3708019191226868,804.0,3027.0,4032.0,4378.0,1836.0,766.0,0.8618523478507996,0.35637277364730835,0.13116624580893257,77,-0.0010850881145284272,-0.15439724922180176
819,Healthy,0.8648528099910794,2.76802284082798,333.0,514.5,303.0,4181.0,0.6937087631261035,0.19671700590938937,0.0441109074243813,0.39492148346141,824.0,3058.5,4171.5,4556.5,1811.0,758.0,0.8649032115936279,0.40238168835639954,0.10276568326122738,77,-0.0008483737127292153,-0.0926620364189148
820,Healthy,0.8720432529849065,2.8400586940572268,327.0,500.0,284.0,4155.0,0.6941043511019024,0.19426370999867215,0.04073131219625087,0.38130217028380636,812.0,3034.0,4145.0,4497.0,1853.0,758.0,0.8629810214042664,0.34455668926239014,0.09747439415030235,74,-0.0007779237664560575,-0.08855926990509033
821,Unhealthy,0.8376623376623377,2.718757317929904,352.5,548.0,337.5,3820.5,0.6509582446069808,0.17881932967541483,0.044700919796121626,0.34300725544158117,942.5,3105.5,4076.5,4458.0,1969.5,835.5,0.8304160237312317,0.51894211769104,0.07113385937134925,77,-0.0003964852268536321,-0.04675561189651489
822,Healthy,0.8592199399953843,2.891425908667288,352.0,526.0,305.0,4028.0,0.6629790596602133,0.17668437237908863,0.04170275955946046,0.3457719958918179,853.0,2945.0,3872.0,4209.0,1911.0,814.0,0.8535866737365723,0.317676842212677,0.1326572790950116,79,-0.0011401468970067897,-0.15811395645141602
823,Healthy,0.8666510703006199,2.8513700738916254,327.0,489.0,285.0,3989.5,0.6646566815794592,0.18302460602709428,0.03708191953465827,0.35348360655737704,862.0,2955.0,3973.0,4279.0,1893.0,808.0,0.8604460954666138,0.40965861082077026,0.10822350038763548,79,-0.0009035670956316613,-0.10611307621002197
824,Healthy,0.8586831842165634,2.8605273213603364,350.5,521.0,308.0,4051.0,0.6473977695167287,0.1756201087677411,0.043442429950553335,0.3539771304565562,948.5,3107.5,4062.5,4431.5,1935.0,858.5,0.8545751571655273,0.3942921459674835,0.09312503195534387,82,-0.0005246642214059359,-0.0765804648399353
825,Healthy,0.777671527611762,2.5887314976921854,449.0,641.0,465.0,3718.0,0.5476772616136919,0.15873430962343096,0.048509228584950305,0.2510651727946978,1295.0,3217.0,4021.0,4431.0,2373.0,1135.0,0.7619343996047974,0.3820768892765045,0.09786720600607364,82,-0.0005945264374235425,-0.042978525161743164
826,Healthy,0.8434399117971334,2.9687985097795715,412.0,589.5,355.0,4180.0,0.6816589338130858,0.19010922736715138,0.036898645492760396,0.3480250889981353,840.5,3021.5,4124.0,4440.0,1923.0,825.5,0.8158045411109924,0.4249291718006134,0.10383818926421226,85,-0.00038422241194129784,-0.02307504415512085
827,Healthy,0.8548517364716741,2.8282943960910063,351.0,509.5,314.5,4019.0,0.6083240431066518,0.16799352314127647,0.04787845772047697,0.31047909260199763,1054.0,3083.0,3932.5,4328.0,2036.5,915.0,0.8499507308006287,0.4996512532234192,0.08120398762141871,82,-0.0004847025850090377,-0.06703275442123413
828,Healthy,0.8564429759598952,2.888265580573273,361.5,529.5,315.0,4073.5,0.6575882794891059,0.18456375838926176,0.04382281625170028,0.33421575115817337,911.5,3037.5,4042.0,4412.5,2012.0,884.0,0.8374900221824646,0.49428504705429077,0.10533468707816897,85,-0.00042432923525212007,-0.049836814403533936
829,Healthy,0.8262358716748487,2.810048924438922,408.5,592.0,380.5,3999.0,0.6762740981103263,0.196131844184146,0.039782145394269476,0.33813690169840455,848.0,2951.0,4055.0,4391.0,1929.0,830.0,0.8046935796737671,0.39378565549850464,0.1100123869772032,84,-0.00048435782233396106,-0.05734962224960327
830,Healthy,0.8724816307181796,2.900709219858156,319.0,472.0,269.0,3950.0,0.6933962264150944,0.1960022209883398,0.038322487346348515,0.3767147379528667,780.0,2896.0,3990.0,4308.0,1772.0,742.0,0.8702991604804993,0.45411205291748047,0.08425586975243113,71,-0.0006960532857235402,-0.08529716730117798
831,Healthy,0.8453970484891076,2.906967378171567,375.5,494.0,330.0,3939.0,0.5961849919021055,0.1665680278818965,0.0461139285293077,0.2845776741943261,1122.0,3168.5,4044.0,4435.0,2225.5,1030.0,0.8170352578163147,0.45383360981941223,0.10953544970631676,84,-0.0006243970469693895,-0.06542831659317017
832,Healthy,0.8018912529550828,2.5553714027422028,401.0,610.0,419.0,3811.0,0.6146552517720704,0.1808267133432072,0.04735176449513346,0.2850201762332208,1046.5,3042.0,3988.5,4385.0,2170.5,981.5,0.7897341251373291,0.609576404094696,0.05251651684440858,80,-0.00022884518797541747,-0.026611268520355225
833,Healthy,0.8635655197218559,2.8694924707194644,327.5,479.0,284.5,3886.0,0.6903667481662592,0.18245878087158787,0.040014441302124074,0.3679497115301817,791.5,2987.5,3988.5,4321.0,1835.0,756.5,0.8587419390678406,0.5689059495925903,0.07785250634007214,72,-0.0005187907300558908,-0.08792632818222046
834,Unhealthy,0.8507009345794393,2.698236253149548,334.0,560.5,319.5,3960.5,0.6773261413985745,0.17678064603324772,0.040698021872945675,0.3609446904575844,837.5,3045.5,4013.0,4353.5,1840.0,764.5,0.8362675905227661,0.5512915253639221,0.0729496558348102,73,-0.0003963442211353062,-0.062336087226867676
835,Healthy,0.8550919694930462,2.7043132803632237,340.0,526.5,323.0,4135.0,0.6974821852731592,0.1928161303244759,0.03878132449561021,0.38024152968802416,796.0,3022.5,4133.0,4466.5,1847.5,748.5,0.8453640341758728,0.40257614850997925,0.10041974207360421,78,-0.0007326489963749715,-0.07916897535324097
836,Healthy,0.8638475836431226,2.944950495049505,348.5,512.5,293.0,4011.0,0.6547756041426928,0.17563700776672572,0.04442561433240528,0.34012255113489254,900.0,3025.0,3947.0,4314.0,1911.5,813.0,0.8600651025772095,0.4667876660823822,0.08012093670512543,77,-0.00029935135783158636,-0.06374603509902954
837,Healthy,0.7440738409901405,2.389034821849532,547.5,805.0,610.0,4157.0,0.5494856945284813,0.15943341310393894,0.044395245863435094,0.25506756756756754,1303.0,3249.0,4100.5,4481.5,2425.5,1198.5,0.6998071074485779,0.5401126146316528,0.06871802135908013,84,-0.00029936043763803235,0.0408940315246582
838,Unhealthy,0.8063348416289593,2.578125,414.0,614.0,428.0,3992.0,0.6464535097390666,0.18471506016131164,0.040892193308550186,0.313208752595432,962.0,3083.0,4128.0,4480.0,2150.0,977.0,0.7976876497268677,0.4227539896965027,0.09073131859808749,79,-0.0005549211714865842,-0.06394541263580322
839,Healthy,0.8588574171867499,2.835631637343478,331.0,503.0,294.0,3872.0,0.6868549172346641,0.19114411441144114,0.03798681845416417,0.3696176369273166,804.0,2941.0,4014.0,4331.0,1830.0,748.0,0.8542713522911072,0.37084800004959106,0.09481830741324142,74,-0.0007355967452192269,-0.09807920455932617
840,Healthy,0.8427702386523164,2.8655529037390615,375.0,522.0,336.0,3938.0,0.6968708005375311,0.20710139979515194,0.0435655253837072,0.3738792082557943,789.5,2903.0,4050.5,4419.5,1850.5,800.5,0.8272951245307922,0.4082821011543274,0.11865741670007325,81,-0.0005764320287600909,-0.0630226731300354
841,Healthy,0.7163524249970354,2.1151960784313726,485.0,717.5,598.0,3618.5,0.6468997488893181,0.17982425793952814,0.03558848536377991,0.30175320296695884,914.0,2963.5,3970.0,4263.0,2071.0,923.5,0.6945604681968689,0.4257998764514923,0.10775701277198846,81,-0.00030294696426156107,-0.0773211121559143
842,Healthy,0.8415236303785563,2.7496926859250155,358.0,533.0,337.0,3916.0,0.6397540170601071,0.16982734220209453,0.047389761784085147,0.2981773137497788,908.0,2933.0,3759.0,4133.0,1983.0,876.0,0.8260486721992493,0.34412387013435364,0.08233619418667254,73,-0.00015013296366861312,-0.04157012701034546
843,Healthy,0.8648587570621469,2.841339371891009,340.5,521.5,299.0,4126.0,0.6974821852731592,0.1928161303244759,0.03878132449561021,0.38024152968802416,796.0,3022.5,4133.0,4466.5,1847.5,748.5,0.8624114990234375,0.40083548426628113,0.10132737743824223,77,-0.0008542791002935844,-0.09282100200653076
844,Healthy,0.8401500058596039,2.7927541877678226,368.5,552.5,341.0,3925.5,0.6404230317273796,0.16738675958188154,0.03369122547204739,0.3296608710621449,918.0,2987.0,3915.0,4188.0,1947.0,843.0,0.8270186185836792,0.46186700463294983,0.07307075806789476,73,-0.00022625841347828854,-0.033483147621154785
845,Healthy,0.8742729860165821,2.825773938084953,291.5,477.0,254.0,3786.5,0.6852068488780176,0.18244907096485338,0.04188309553553817,0.3546119502232355,740.0,2739.0,3643.0,3961.5,1698.5,720.0,0.8661843538284302,0.41801732778549194,0.10061103290144686,75,-0.0009208614592726045,-0.10053378343582153
846,Healthy,0.8753040017687376,2.918325224826773,339.0,500.0,282.0,4241.0,0.70744384629664,0.19206842923794712,0.0409687641466727,0.3852686591540095,788.0,3117.0,4237.0,4599.0,1882.0,758.0,0.8660387992858887,0.39750444889068604,0.09784779347385109,74,-5.753483275622925e-05,-0.07448780536651611
847,Healthy,0.8388557806912992,2.9862525458248474,392.0,583.0,338.0,3857.0,0.6594941487353718,0.17792068595927116,0.04691593236484878,0.34496919917864477,902.0,3068.0,4002.0,4396.0,1914.0,811.0,0.8293930292129517,0.5960182547569275,0.06574358651907691,75,-0.00032579898829810934,-0.05497896671295166
848,Healthy,0.8689182805857345,2.8475232198142413,319.0,478.0,277.5,3956.5,0.6995605273671595,0.19276601710360297,0.0376242453808159,0.3903406019102541,752.0,2879.0,3945.5,4254.0,1691.5,694.5,0.8658589124679565,0.5061728358268738,0.0837803239308755,73,-0.0007901647953357451,-0.11589378118515015
849,Healthy,0.8520830832032656,2.811361115512597,340.0,524.5,308.0,3856.5,0.6701356625162609,0.177541928721174,0.041669081425673715,0.35921195425327657,887.5,3138.5,4134.0,4493.5,1919.0,822.0,0.8425995111465454,0.6374857425689697,0.056286484165880966,80,-0.00032193598360892383,-0.04970848560333252
850,Healthy,0.8393404004711426,2.696382624489178,353.0,556.0,341.0,3904.0,0.6404230317273796,0.16738675958188154,0.03369122547204739,0.3296608710621449,918.0,2987.0,3915.0,4188.0,1947.0,843.0,0.8256802558898926,0.4001545011997223,0.07522020927844768,72,-0.0002808438525369433,-0.043376386165618896
851,Healthy,0.8653663177925784,2.7760396795116367,312.5,494.0,283.0,3921.0,0.678960038517092,0.18154096361048994,0.039837786259541985,0.37306276222279305,833.5,3019.5,4025.0,4359.0,1830.5,757.5,0.8570148348808289,0.5487198829650879,0.080192948019381,74,-0.0002981118972134653,-0.06643116474151611
852,Healthy,0.8624565159218625,2.8517076623606443,293.0,455.0,257.0,3480.0,0.6638341968911917,0.17060367454068243,0.043546080852723254,0.3266239707227813,811.0,2844.0,3679.0,4014.0,1840.0,794.0,0.8549580574035645,0.41991668939590454,0.09535678039671902,75,-0.0009796492729217871,-0.12824809551239014
853,Healthy,0.8492063492063492,2.794645772118838,332.0,530.0,304.0,3728.0,0.6793955482948744,0.19396051103368175,0.04924725695330442,0.37876561351947097,785.0,2776.0,3726.0,4112.0,1691.0,710.0,0.8383883833885193,0.4081819951534271,0.09110923629240832,75,-0.0008283891031385673,-0.12209868431091309
854,Unhealthy,0.8626025791324736,2.8710785078820042,337.0,500.0,293.0,3972.0,0.7062480888798288,0.19974199096968395,0.04416167664670659,0.39307754225918967,720.5,2791.5,3831.0,4185.0,1696.5,702.5,0.8577550053596497,0.4001826345920563,0.10108359296014419,75,-0.0007904193734592448,-0.1166728138923645
855,Healthy,0.8626506024096385,2.861939403629387,326.5,498.0,285.0,3865.0,0.6909325652994339,0.19162933930571108,0.040391078521234344,0.36154390934844194,778.0,2887.5,3926.0,4256.5,1803.0,745.5,0.854282021522522,0.49562421441078186,0.08350791319771843,74,-0.0002462875975740379,-0.06676429510116577
856,Healthy,0.8655956556171512,2.821789481448698,335.5,519.5,297.0,4122.5,0.6937087631261035,0.19671700590938937,0.0441109074243813,0.39492148346141,824.0,3058.5,4171.5,4556.5,1811.0,758.0,0.861681342124939,0.3900899291038513,0.10225962298987235,76,-0.000855659035996146,-0.09145712852478027
857,Healthy,0.8594779214442547,2.7982525814138204,319.0,479.0,288.0,3811.0,0.6803294763679153,0.18867924528301888,0.04884318766066838,0.37357142857142855,815.0,2924.0,3885.0,4284.0,1754.0,754.0,0.857543408870697,0.49853119254112244,0.08614753614810781,72,-0.0005449481158168863,-0.09193766117095947
858,Healthy,0.8623811679492983,2.7497113163972284,330.0,516.0,304.0,4114.0,0.6941043511019024,0.19426370999867215,0.04073131219625087,0.38130217028380636,812.0,3034.0,4145.0,4497.0,1853.0,758.0,0.8572030067443848,0.3514137268066406,0.09679557076035136,74,-0.0007554098539356923,-0.09491688013076782
859,Healthy,0.865668255048786,2.883162031438936,344.0,516.0,296.0,4111.0,0.6896950984175994,0.1824442943956786,0.041141498216409035,0.3708019191226868,804.0,3027.0,4032.0,4378.0,1836.0,766.0,0.8618523478507996,0.35637277364730835,0.13116624580893257,77,-0.0010850881145284272,-0.15439724922180176
860,Unhealthy,0.756347489468291,2.3122171945701355,463.5,699.0,535.0,3856.5,0.6194354991475658,0.17221993692581927,0.0440251572327044,0.3012852612251711,1004.5,3018.5,3914.0,4274.5,2093.0,947.5,0.745857298374176,0.5810943245887756,0.057918531795480184,80,-0.0003002351526063645,-0.013072669506072998
861,Healthy,0.8695028680688337,2.839968774395004,313.0,483.0,273.0,3911.0,0.6972930250938549,0.1975463543844974,0.04564820450395618,0.3964093357271095,766.0,2878.0,3920.0,4295.0,1681.0,707.0,0.8660948276519775,0.48374253511428833,0.08944154939016885,72,-0.0005829430992061141,-0.09145408868789673
862,Healthy,0.8623481781376519,2.8192684100754053,315.0,483.5,280.5,3795.0,0.6909325652994339,0.19162933930571108,0.040391078521234344,0.36154390934844194,778.0,2887.5,3926.0,4256.5,1803.0,745.5,0.8589560985565186,0.5765568017959595,0.07635235586521041,75,-0.0003682142202405438,-0.06881886720657349
863,Healthy,0.8677873693775556,2.8104767510300177,328.0,494.0,291.0,4111.0,0.6650790626786055,0.17425769179094452,0.036773428232502965,0.3346780971591864,879.0,3073.0,4060.0,4370.0,1979.0,834.0,0.8612344861030579,0.37460651993751526,0.08519630473769951,73,-0.00021657281296954433,-0.07067149877548218
864,Healthy,0.8481308411214953,2.6277689300709426,327.0,541.0,325.0,3955.0,0.6570543835881556,0.17836498761354252,0.039834831187758074,0.3410689170182841,886.0,2985.0,3953.0,4281.0,1874.0,811.0,0.8409855961799622,0.4730656147003174,0.07132470163633516,72,-0.0003217673817524053,-0.05183297395706177
865,Healthy,0.855939242909695,2.7274446040989186,323.5,527.5,303.5,3910.0,0.678960038517092,0.18154096361048994,0.039837786259541985,0.37306276222279305,833.5,3019.5,4025.0,4359.0,1830.5,757.5,0.8450482487678528,0.4630575478076935,0.08537171766554864,75,-0.0002184730503645693,-0.056811630725860596
866,Healthy,0.8708765315739868,2.7957639939485626,308.0,475.0,274.0,3970.0,0.6972930250938549,0.1975463543844974,0.04564820450395618,0.3964093357271095,766.0,2878.0,3920.0,4295.0,1681.0,707.0,0.8698577284812927,0.49566105008125305,0.08076968879213024,69,-0.0007148365230316623,-0.09370827674865723
867,Healthy,0.8676651117112694,2.839466495259521,308.0,471.0,269.5,3803.5,0.6778416980757787,0.18575634375438105,0.04040838919982779,0.3533901313454029,812.0,2904.0,3900.5,4229.0,1821.5,762.5,0.8566038012504578,0.5261207818984985,0.08340013772457001,73,-0.00045783383893112096,-0.07679814100265503
868,Healthy,0.8610056925996205,2.932622394571013,345.0,508.0,293.0,3923.0,0.7060326193751228,0.19652701212789417,0.04407431904275149,0.3959190822313688,748.0,2915.0,3974.5,4341.0,1724.5,704.5,0.8524975776672363,0.39291101694107056,0.1022332588106516,75,-0.0007026491974000512,-0.08977687358856201
869,Healthy,0.8497403068003382,2.812425041976493,342.5,548.5,311.0,3828.5,0.648596321393998,0.17472580533903567,0.042674340292659034,0.33767700460429156,907.5,2991.0,3909.0,4257.5,1906.0,813.5,0.8340227603912354,0.37580379843711853,0.08717185179033904,74,-0.00025192427625226726,-0.05259472131729126
870,Healthy,0.8681144666892885,2.862524242876324,337.0,511.0,291.5,4129.0,0.6974821852731592,0.1928161303244759,0.03878132449561021,0.38024152968802416,796.0,3022.5,4133.0,4466.5,1847.5,748.5,0.8654160499572754,0.40065014362335205,0.10173355808351851,78,-0.0008056655380482888,-0.1047469973564148
871,Healthy,0.8420132820692066,2.707755713750468,353.5,561.5,339.0,3952.5,0.6475463878685127,0.17081659973226238,0.0418106015485408,0.3418737723118968,935.5,3097.0,4022.0,4373.0,1926.5,820.0,0.8350006937980652,0.46748074889183044,0.0696323582435013,75,-0.00031052499573646,-0.05610436201095581
872,Healthy,0.864406779661017,2.901291512915129,346.0,515.5,296.0,4070.0,0.6924833491912464,0.18539250966280155,0.03623441687055808,0.37480980557903637,808.0,3056.0,4136.0,4447.0,1849.0,764.0,0.861664891242981,0.40193456411361694,0.10946975455048344,78,-0.0009196777825911196,-0.10308307409286499
873,Unhealthy,0.8102558219570953,2.6818803159173754,418.0,614.0,413.5,3945.0,0.5961849919021055,0.1665680278818965,0.0461139285293077,0.2845776741943261,1122.0,3168.5,4044.0,4435.0,2225.5,1030.0,0.7811474800109863,0.5062078833580017,0.09163111529146606,84,-0.0005352824331606228,-0.004253685474395752
874,Healthy,0.8503016127046658,2.716083366103028,320.5,479.0,304.0,3757.5,0.6978150604760047,0.1978528662858716,0.0400956080071706,0.36103176664069936,774.5,2914.0,4016.0,4351.5,1845.5,754.0,0.8496167063713074,0.5599415302276611,0.07251890267493222,74,-0.00036264033641053236,-0.06324535608291626
875,Healthy,0.8499413833528722,2.9461963589076725,372.0,553.0,320.0,3945.0,0.610949657823193,0.16225904633074062,0.044048848654231726,0.29904506617523874,1037.5,3096.5,3933.5,4296.0,2092.0,926.0,0.8366662859916687,0.5697492361068726,0.07002928953855658,75,-0.000351724133963896,-0.05331450700759888
876,Healthy,0.8624902810174386,2.7643289426842292,338.5,535.5,309.5,4192.0,0.6974821852731592,0.1928161303244759,0.03878132449561021,0.38024152968802416,796.0,3022.5,4133.0,4466.5,1847.5,748.5,0.8618165850639343,0.3923705816268921,0.10107459829117675,76,-0.0008721459565376898,-0.10262119770050049
877,Unhealthy,0.8614525139664805,2.772583429228999,340.0,525.0,310.0,4165.0,0.6924833491912464,0.18539250966280155,0.03623441687055808,0.37480980557903637,808.0,3056.0,4136.0,4447.0,1849.0,764.0,0.8640338778495789,0.4203574061393738,0.11170300534839187,76,-0.0009327652505496279,-0.10238343477249146
878,Healthy,0.8448867536032945,2.7058909730363423,354.0,565.0,339.0,4032.0,0.6624040920716112,0.1743843683083512,0.0355204153882464,0.35231257305059277,891.0,3084.5,4086.5,4387.5,1939.5,824.5,0.8302857279777527,0.6250755786895752,0.06265365832596378,80,-0.0003544927426181403,-0.05581212043762207
879,Healthy,0.8691049085659288,2.9611411706837187,329.0,483.0,272.0,3884.0,0.6878955696202531,0.1917329981846111,0.03959069314167377,0.3858435337945716,789.0,2894.0,3942.0,4267.0,1731.0,726.0,0.8605066537857056,0.47667938470840454,0.08760712056175347,74,-0.0005328063722902456,-0.09005457162857056
880,Healthy,0.8603710751665081,2.8786311181854356,337.5,464.5,293.5,3910.5,0.6968182255118716,0.19463995668651868,0.05127747007325353,0.3667017913593256,788.5,2975.0,3982.5,4413.0,1803.0,760.0,0.859230637550354,0.5914912819862366,0.06654260104758947,73,-0.00038700249654957674,-0.06945645809173584
881,Healthy,0.8577798638817179,3.0062510281296264,365.0,536.0,303.0,3958.0,0.640395507343765,0.16474677936064344,0.038910505836575876,0.3289149460446937,936.5,3063.5,3952.0,4272.0,1974.5,857.0,0.8470953702926636,0.5221601724624634,0.07261955180487566,75,-0.0003397782436308847,-0.06072765588760376
882,Healthy,0.8596247394023627,2.750518825970946,328.0,497.0,303.0,4014.0,0.6629790596602133,0.17668437237908863,0.04170275955946046,0.3457719958918179,853.0,2945.0,3872.0,4209.0,1911.0,814.0,0.8573152422904968,0.313364714384079,0.1355057277040868,79,-0.0011465595139105043,-0.14339232444763184
883,Healthy,0.8559423769507803,2.8465346534653464,338.0,518.0,300.0,3865.0,0.6453182002432104,0.16822564397755072,0.041704093417169255,0.3243482887036709,875.0,2890.0,3734.0,4059.0,1905.0,822.0,0.848518967628479,0.40240365266799927,0.10856194721285994,77,-0.0008865136780987601,-0.14572656154632568
884,Healthy,0.8550919694930462,2.7043132803632237,340.0,526.5,323.0,4135.0,0.6974821852731592,0.1928161303244759,0.03878132449561021,0.38024152968802416,796.0,3022.5,4133.0,4466.5,1847.5,748.5,0.8453640341758728,0.40257614850997925,0.10041974207360421,78,-0.0007326489963749715,-0.07916897535324097
885,Healthy,0.8641090825051999,2.884585712081469,341.0,513.0,294.0,4033.0,0.6804183614177803,0.18379042161277118,0.04041251948674901,0.36427711878975416,825.0,2991.0,4001.0,4338.0,1849.0,775.0,0.853205680847168,0.36794671416282654,0.09698431495899383,74,-0.0007179913913718521,-0.08516871929168701
886,Healthy,0.8018912529550828,2.5553714027422028,401.0,610.0,419.0,3811.0,0.6146552517720704,0.1808267133432072,0.04735176449513346,0.2850201762332208,1046.5,3042.0,3988.5,4385.0,2170.5,981.5,0.7897341251373291,0.609576404094696,0.05251651684440858,80,-0.00022884518797541747,-0.026611268520355225
887,Healthy,0.8684427678887187,2.802206162038798,313.5,465.0,279.0,3962.5,0.6972930250938549,0.1975463543844974,0.04564820450395618,0.3964093357271095,766.0,2878.0,3920.0,4295.0,1681.0,707.0,0.869988739490509,0.41579124331474304,0.09169926860547059,71,-0.0005650459571305399,-0.09353846311569214
888,Healthy,0.8180960245369824,2.786707385678695,407.5,596.0,385.5,3853.0,0.578570115787539,0.15997028833817273,0.04520839671432918,0.2500610699454442,1146.5,3110.0,3923.0,4294.5,2302.5,1101.5,0.7957757115364075,0.4438520073890686,0.10793078715306974,84,-0.0006037309607693233,-0.045612990856170654
889,Healthy,0.8325877089710384,2.820451463667544,385.5,560.0,355.5,3891.5,0.6146552517720704,0.1808267133432072,0.04735176449513346,0.2850201762332208,1046.5,3042.0,3988.5,4385.0,2170.5,981.5,0.8225608468055725,0.6326072216033936,0.05555431411029492,80,-0.0002595609303087647,-0.037612080574035645
890,Healthy,0.8632727272727273,2.7216447569550595,302.0,487.0,282.0,3843.0,0.6778416980757787,0.18575634375438105,0.04040838919982779,0.3533901313454029,812.0,2904.0,3900.5,4229.0,1821.5,762.5,0.8550361394882202,0.5143827199935913,0.08555457909082181,73,-0.0003978627594033749,-0.05854964256286621
891,Healthy,0.8651631477927063,2.9374389051808407,334.0,484.0,281.0,3887.0,0.69672534172485,0.2032917218773973,0.04785618850965626,0.38863777364176194,771.0,2856.0,3919.5,4313.5,1724.5,715.5,0.8588561415672302,0.46592798829078674,0.0849526057498695,74,-0.00048169825602012266,-0.08070898056030273
892,Healthy,0.8588796185935638,2.895371263259402,342.0,527.0,296.0,3899.0,0.6453182002432104,0.16822564397755072,0.041704093417169255,0.3243482887036709,875.0,2890.0,3734.0,4059.0,1905.0,822.0,0.8513572216033936,0.34959349036216736,0.12348610627162952,78,-0.0010330908124841361,-0.14955872297286987
893,Healthy,0.8620689655172413,2.8153571694045936,339.5,531.0,303.0,4090.5,0.6924833491912464,0.18539250966280155,0.03623441687055808,0.37480980557903637,808.0,3056.0,4136.0,4447.0,1849.0,764.0,0.8606997132301331,0.39882993698120117,0.1111026676471552,77,-0.0009657038824873256,-0.09084367752075195
894,Healthy,0.8475,2.7840824249664027,364.0,527.5,335.5,4064.5,0.6473977695167287,0.1756201087677411,0.043442429950553335,0.3539771304565562,948.5,3107.5,4062.5,4431.5,1935.0,858.5,0.8420268297195435,0.4746800363063812,0.08606002465701365,82,-0.00042056399252454,-0.05706906318664551
895,Healthy,0.8499413833528722,2.9461963589076725,372.0,553.0,320.0,3945.0,0.610949657823193,0.16225904633074062,0.044048848654231726,0.29904506617523874,1037.5,3096.5,3933.5,4296.0,2092.0,926.0,0.8366662859916687,0.5697492361068726,0.07002928953855658,75,-0.000351724133963896,-0.05331450700759888
896,Healthy,0.8654656059897052,2.754281459419211,314.0,493.5,287.5,3986.5,0.678960038517092,0.18154096361048994,0.039837786259541985,0.37306276222279305,833.5,3019.5,4025.0,4359.0,1830.5,757.5,0.8589456081390381,0.5592275261878967,0.07655616643693236,74,-0.0003140421762221604,-0.06914186477661133
897,Healthy,0.8323191345503719,2.7311048661440616,389.0,590.5,372.0,4065.0,0.6624040920716112,0.1743843683083512,0.0355204153882464,0.35231257305059277,891.0,3084.5,4086.5,4387.5,1939.5,824.5,0.8249104022979736,0.6018536686897278,0.06314984237106534,80,-0.0003563277403204942,-0.032907724380493164
898,Healthy,0.8587191172943152,2.936833470057424,346.0,520.0,294.5,3874.5,0.648596321393998,0.17472580533903567,0.042674340292659034,0.33767700460429156,907.5,2991.0,3909.0,4257.5,1906.0,813.5,0.8481024503707886,0.5522844791412354,0.07779246251956062,72,-0.00039699205765031,-0.06051301956176758
899,Healthy,0.8628211342704799,2.9523967490462764,337.0,472.0,283.0,3843.0,0.6868549172346641,0.19114411441144114,0.03798681845416417,0.3696176369273166,804.0,2941.0,4014.0,4331.0,1830.0,748.0,0.8572472333908081,0.3644859790802002,0.09809895171776284,74,-0.0007756234941903738,-0.11067301034927368
900,Healthy,0.8211856171039844,2.5944120356155973,360.0,580.0,368.0,3748.0,0.6183724995144688,0.15319678937171327,0.030482903604773386,0.3160993089326849,982.5,3059.5,3920.0,4166.5,2004.0,877.5,0.8192004561424255,0.31891271471977234,0.07657479279142913,73,-0.0003230083676899422,-0.05489456653594971
901,Healthy,0.8622366288492707,2.790558261521169,329.5,490.5,297.5,4021.5,0.6903667481662592,0.18245878087158787,0.040014441302124074,0.3679497115301817,791.5,2987.5,3988.5,4321.0,1835.0,756.5,0.8523651361465454,0.5946815609931946,0.07166890975250227,73,-0.00044970505659761814,-0.07591205835342407
902,Healthy,0.8657420249653259,2.8183131659743546,273.0,429.0,242.0,3363.0,0.6638341968911917,0.17060367454068243,0.043546080852723254,0.3266239707227813,811.0,2844.0,3679.0,4014.0,1840.0,794.0,0.8562653660774231,0.4042882025241852,0.10375790198349573,75,-0.0011253676326990762,-0.1333141326904297
903,Healthy,0.8423236514522822,3.021362283312905,381.0,565.0,323.0,3774.0,0.6594941487353718,0.17792068595927116,0.04691593236484878,0.34496919917864477,902.0,3068.0,4002.0,4396.0,1914.0,811.0,0.8278402090072632,0.6329730749130249,0.06679383408648493,75,-0.00030095862505396436,-0.07194268703460693
904,Healthy,0.8731752890342169,2.8193815987933637,310.0,477.5,271.5,4010.0,0.678960038517092,0.18154096361048994,0.039837786259541985,0.37306276222279305,833.5,3019.5,4025.0,4359.0,1830.5,757.5,0.8614895343780518,0.5504060387611389,0.07419420369741833,73,-0.0003695064299727583,-0.0744861364364624
905,Healthy,0.8632518796992481,2.8640473963205486,334.0,493.0,291.0,3965.0,0.6995605273671595,0.19276601710360297,0.0376242453808159,0.3903406019102541,752.0,2879.0,3945.5,4254.0,1691.5,694.5,0.8618841767311096,0.5004376769065857,0.08855114829377146,74,-0.0006699799367190603,-0.11385941505432129
906,Healthy,0.8686595268918442,2.9564207321957863,336.5,482.0,279.0,3969.5,0.698828125,0.18695414847161573,0.04217589264318236,0.36745633754106866,771.0,2979.0,3997.0,4349.0,1829.0,762.0,0.8541791439056396,0.458075612783432,0.08213121070790586,74,-0.0004277713826206663,-0.08840686082839966
907,Healthy,0.8635599327408119,2.8631729850270786,326.0,480.0,284.0,3879.0,0.6878955696202531,0.1917329981846111,0.03959069314167377,0.3858435337945716,789.0,2894.0,3942.0,4267.0,1731.0,726.0,0.8606114983558655,0.43700411915779114,0.08919445720948839,72,-0.0005236273805308589,-0.08562242984771729
908,Healthy,0.8753040017687376,2.918325224826773,339.0,500.0,282.0,4241.0,0.70744384629664,0.19206842923794712,0.0409687641466727,0.3852686591540095,788.0,3117.0,4237.0,4599.0,1882.0,758.0,0.8660387992858887,0.39750444889068604,0.09784779347385109,74,-5.753483275622925e-05,-0.07448780536651611
909,Healthy,0.855939242909695,2.7274446040989186,323.5,527.5,303.5,3910.0,0.678960038517092,0.18154096361048994,0.039837786259541985,0.37306276222279305,833.5,3019.5,4025.0,4359.0,1830.5,757.5,0.8450482487678528,0.4630575478076935,0.08537171766554864,75,-0.0002184730503645693,-0.056811630725860596
910,Healthy,0.8617489008304836,2.829190056134723,319.0,479.0,283.0,3811.0,0.6871128871128871,0.1882915845764143,0.04881381194882623,0.37888198757763975,783.0,2884.0,3829.0,4222.0,1750.0,738.0,0.8566235899925232,0.4808570444583893,0.08682718793264182,72,-0.0005692523527045083,-0.08256173133850098
911,Healthy,0.8497976672220899,2.926709296606001,364.0,534.5,315.5,3885.5,0.640395507343765,0.16474677936064344,0.038910505836575876,0.3289149460446937,936.5,3063.5,3952.0,4272.0,1974.5,857.0,0.8374616503715515,0.5801319479942322,0.06675513306276037,77,-0.000386159987162729,-0.06873774528503418
912,Healthy,0.8635599327408119,2.8631729850270786,326.0,480.0,284.0,3879.0,0.6878955696202531,0.1917329981846111,0.03959069314167377,0.3858435337945716,789.0,2894.0,3942.0,4267.0,1731.0,726.0,0.8606114983558655,0.43700411915779114,0.08919445720948839,72,-0.0005236273805308589,-0.08562242984771729
913,Healthy,0.8640198511166253,2.9299899023897678,324.0,446.0,274.0,3756.0,0.6793955482948744,0.19396051103368175,0.04924725695330442,0.37876561351947097,785.0,2776.0,3726.0,4112.0,1691.0,710.0,0.8609424829483032,0.4900066554546356,0.0915160145626105,75,-0.0006823253392225663,-0.10995364189147949
914,Healthy,0.8466898954703833,2.767857142857143,367.0,552.5,341.0,4107.5,0.6572184429327287,0.17387230625083658,0.03817697543651968,0.3410813542193027,907.0,3086.0,4062.5,4385.0,1956.0,850.5,0.8374308347702026,0.36681222915649414,0.09649612037721361,81,-0.0005624612652724314,-0.062088608741760254
915,Healthy,0.8648587570621469,2.841339371891009,340.5,521.5,299.0,4126.0,0.6974821852731592,0.1928161303244759,0.03878132449561021,0.38024152968802416,796.0,3022.5,4133.0,4466.5,1847.5,748.5,0.8624114990234375,0.40083548426628113,0.10132737743824223,77,-0.0008542791002935844,-0.09282100200653076
916,Healthy,0.8610056925996205,2.932622394571013,345.0,508.0,293.0,3923.0,0.7060326193751228,0.19652701212789417,0.04407431904275149,0.3959190822313688,748.0,2915.0,3974.5,4341.0,1724.5,704.5,0.8524975776672363,0.39291101694107056,0.1022332588106516,75,-0.0007026491974000512,-0.08977687358856201
917,Healthy,0.8570774163994503,2.926180794494839,364.0,526.0,312.0,4054.0,0.6624040920716112,0.1743843683083512,0.0355204153882464,0.35231257305059277,891.0,3084.5,4086.5,4387.5,1939.5,824.5,0.8566393256187439,0.5027511715888977,0.08083512732871721,82,-0.00040974872996282,-0.0680660605430603
918,Healthy,0.8697463983807596,2.8222067686601764,311.0,481.0,273.5,3926.0,0.6852068488780176,0.18244907096485338,0.04188309553553817,0.3546119502232355,740.0,2739.0,3643.0,3961.5,1698.5,720.0,0.8654350638389587,0.5024777054786682,0.08752069686663905,74,-0.0008706989460290129,-0.1299227476119995
919,Healthy,0.862052949372968,2.836185819070905,336.0,515.0,297.0,4009.0,0.6629790596602133,0.17668437237908863,0.04170275955946046,0.3457719958918179,853.0,2945.0,3872.0,4209.0,1911.0,814.0,0.8605254292488098,0.35274985432624817,0.12814786850527193,78,-0.0010667375655641106,-0.15416288375854492
920,Healthy,0.8580318045632634,2.8365714285714287,346.5,533.0,308.0,4031.0,0.6701356625162609,0.177541928721174,0.041669081425673715,0.35921195425327657,887.5,3138.5,4134.0,4493.5,1919.0,822.0,0.8563016653060913,0.5819026231765747,0.07111683709359119,81,-0.00042164478626190247,-0.07443487644195557
921,Healthy,0.8635984261356862,2.93405168921656,338.5,479.0,286.0,3907.5,0.6968182255118716,0.19463995668651868,0.05127747007325353,0.3667017913593256,788.5,2975.0,3982.5,4413.0,1803.0,760.0,0.8521785736083984,0.5732510089874268,0.07009686149535331,73,-0.00040709945166486964,-0.07155883312225342
922,Unhealthy,0.8697463983807596,2.8222067686601764,311.0,481.0,273.5,3926.0,0.6852068488780176,0.18244907096485338,0.04188309553553817,0.3546119502232355,740.0,2739.0,3643.0,3961.5,1698.5,720.0,0.8654350638389587,0.5024777054786682,0.08752069686663905,74,-0.0008706989460290129,-0.1299227476119995
923,Healthy,0.8677627715795655,2.7460234874386797,307.0,496.5,281.5,3976.0,0.6778416980757787,0.18575634375438105,0.04040838919982779,0.3533901313454029,812.0,2904.0,3900.5,4229.0,1821.5,762.5,0.860439121723175,0.5651110410690308,0.07681427020659642,73,-0.0003969370349006552,-0.07167840003967285
924,Healthy,0.8577798638817179,3.0062510281296264,365.0,536.0,303.0,3958.0,0.640395507343765,0.16474677936064344,0.038910505836575876,0.3289149460446937,936.5,3063.5,3952.0,4272.0,1974.5,857.0,0.8470953702926636,0.5221601724624634,0.07261955180487566,75,-0.0003397782436308847,-0.06072765588760376
925,Healthy,0.8683206106870229,2.9161993270309243,327.0,483.0,276.0,3916.0,0.6909325652994339,0.19162933930571108,0.040391078521234344,0.36154390934844194,778.0,2887.5,3926.0,4256.5,1803.0,745.5,0.8580718636512756,0.5367189049720764,0.08075909632960585,75,-0.00028116838028400485,-0.07148849964141846
926,Healthy,0.8532857870606215,2.903449471312186,331.0,496.0,288.0,3638.0,0.6544564152791381,0.17993853031573065,0.05128205128205128,0.3154987918536417,882.0,2935.0,3811.0,4223.0,1983.0,856.0,0.8411707282066345,0.562416136264801,0.06938402338847525,72,-0.0006298774499683172,-0.07200461626052856
927,Healthy,0.830547286466682,2.692250593824228,380.0,562.0,370.0,3997.0,0.6650790626786055,0.17425769179094452,0.036773428232502965,0.3346780971591864,879.0,3073.0,4060.0,4370.0,1979.0,834.0,0.8083620667457581,0.5894134640693665,0.06940157825774552,72,-0.0003946305488215695,-0.030607998371124268
928,Healthy,0.8548517364716741,2.8282943960910063,351.0,509.5,314.5,4019.0,0.6083240431066518,0.16799352314127647,0.04787845772047697,0.31047909260199763,1054.0,3083.0,3932.5,4328.0,2036.5,915.0,0.8499507308006287,0.4996512532234192,0.08120398762141871,82,-0.0004847025850090377,-0.06703275442123413
929,Healthy,0.8653663177925784,2.7760396795116367,312.5,494.0,283.0,3921.0,0.678960038517092,0.18154096361048994,0.039837786259541985,0.37306276222279305,833.5,3019.5,4025.0,4359.0,1830.5,757.5,0.8570148348808289,0.5487198829650879,0.080192948019381,74,-0.0002981118972134653,-0.06643116474151611
930,Healthy,0.8407018353918966,2.7024118738404455,358.5,570.0,345.0,3986.5,0.6475463878685127,0.17081659973226238,0.0418106015485408,0.3418737723118968,935.5,3097.0,4022.0,4373.0,1926.5,820.0,0.8280965089797974,0.591911792755127,0.06765775058038465,76,-0.0003545353626610603,-0.05523180961608887
931,Healthy,0.8645207782848907,2.834751102709515,320.0,508.0,282.0,3881.0,0.6613880742913001,0.18159065628476084,0.03722690101305993,0.32336578581363007,866.0,2943.0,3944.0,4249.0,1946.0,825.0,0.8469908833503723,0.4493575692176819,0.08946120121865749,74,-0.00026247951909796923,-0.06106698513031006
932,Healthy,0.8018912529550828,2.5553714027422028,401.0,610.0,419.0,3811.0,0.6146552517720704,0.1808267133432072,0.04735176449513346,0.2850201762332208,1046.5,3042.0,3988.5,4385.0,2170.5,981.5,0.7897341251373291,0.609576404094696,0.05251651684440858,80,-0.00022884518797541747,-0.026611268520355225
933,Healthy,0.8790960451977401,3.044056655450348,342.5,482.5,267.5,4157.5,0.6947028297268187,0.18345299145299146,0.0432790837854129,0.34849405433556113,779.5,2985.5,3968.0,4327.0,1876.5,764.5,0.8730221390724182,0.37683171033859253,0.08627909151714448,74,-0.00024005901891138132,-0.07866460084915161
934,Unhealthy,0.8632518796992481,2.8640473963205486,334.0,493.0,291.0,3965.0,0.6995605273671595,0.19276601710360297,0.0376242453808159,0.3903406019102541,752.0,2879.0,3945.5,4254.0,1691.5,694.5,0.8618841767311096,0.5004376769065857,0.08855114829377146,74,-0.0006699799367190603,-0.11385941505432129
935,Healthy,0.8575171553337492,2.79526598340654,315.0,461.0,285.5,3722.0,0.6793955482948744,0.19396051103368175,0.04924725695330442,0.37876561351947097,785.0,2776.0,3726.0,4112.0,1691.0,710.0,0.856859564781189,0.49974700808525085,0.08277630009616771,74,-0.0008011810806100477,-0.11787748336791992
936,Healthy,0.8509516166016968,2.841935977944555,363.0,544.0,325.0,4036.0,0.6804183614177803,0.18379042161277118,0.04041251948674901,0.36427711878975416,825.0,2991.0,4001.0,4338.0,1849.0,775.0,0.8377155065536499,0.3634951412677765,0.09261023642681955,74,-0.0005928032988598037,-0.057105064392089844
937,Healthy,0.8726802912849424,2.9421081808822365,327.5,482.0,271.0,3986.0,0.6947028297268187,0.18345299145299146,0.0432790837854129,0.34849405433556113,779.5,2985.5,3968.0,4327.0,1876.5,764.5,0.8668703436851501,0.5797430276870728,0.06720549424706787,73,-0.0004997486532466006,-0.07804226875305176
938,Healthy,0.8386546429441872,2.738341556581251,349.0,559.0,331.0,3772.0,0.6613880742913001,0.18159065628476084,0.03722690101305993,0.32336578581363007,866.0,2943.0,3944.0,4249.0,1946.0,825.0,0.8183702826499939,0.4285714328289032,0.08065984626418472,73,-0.00022998894699892468,-0.01645141839981079
939,Healthy,0.8586831842165634,2.8605273213603364,350.5,521.0,308.0,4051.0,0.6473977695167287,0.1756201087677411,0.043442429950553335,0.3539771304565562,948.5,3107.5,4062.5,4431.5,1935.0,858.5,0.8545751571655273,0.3942921459674835,0.09312503195534387,82,-0.0005246642214059359,-0.0765804648399353
940,Healthy,0.8684427678887187,2.802206162038798,313.5,465.0,279.0,3962.5,0.6972930250938549,0.1975463543844974,0.04564820450395618,0.3964093357271095,766.0,2878.0,3920.0,4295.0,1681.0,707.0,0.869988739490509,0.41579124331474304,0.09169926860547059,71,-0.0005650459571305399,-0.09353846311569214
941,Healthy,0.8527483610690872,2.85690150363237,329.0,511.0,292.0,3674.0,0.669003611642235,0.16956974839958314,0.03723263797200951,0.33640730067243035,779.0,2789.0,3646.0,3928.0,1727.0,730.0,0.8503841161727905,0.41441774368286133,0.09043711781061627,75,-0.0008457687531757454,-0.11951833963394165
942,Healthy,0.8497584541062801,2.7692065491183877,336.0,530.0,311.0,3829.0,0.6613880742913001,0.18159065628476084,0.03722690101305993,0.32336578581363007,866.0,2943.0,3944.0,4249.0,1946.0,825.0,0.8304728865623474,0.43603986501693726,0.08883773418593835,74,-0.00016024187407954162,-0.03549933433532715
943,Healthy,0.8710372054073454,2.902647105724765,319.0,463.5,269.5,3910.0,0.7062480888798288,0.19974199096968395,0.04416167664670659,0.39307754225918967,720.5,2791.5,3831.0,4185.0,1696.5,702.5,0.8646326065063477,0.49985289573669434,0.09066999309579296,76,-0.0006293108555057122,-0.1152239441871643
944,Healthy,0.8635984261356862,2.93405168921656,338.5,479.0,286.0,3907.5,0.6968182255118716,0.19463995668651868,0.05127747007325353,0.3667017913593256,788.5,2975.0,3982.5,4413.0,1803.0,760.0,0.8521785736083984,0.5732510089874268,0.07009686149535331,73,-0.00040709945166486964,-0.07155883312225342
945,Healthy,0.8725905030559473,2.9601275917065393,330.0,451.5,271.0,3983.0,0.6995605273671595,0.19276601710360297,0.0376242453808159,0.3903406019102541,752.0,2879.0,3945.5,4254.0,1691.5,694.5,0.8653042316436768,0.49400410056114197,0.09277677527594268,75,-0.0006781112995123814,-0.12046557664871216
946,Healthy,0.8700309450130921,2.786247903643848,305.0,487.0,273.0,3928.0,0.6972930250938549,0.1975463543844974,0.04564820450395618,0.3964093357271095,766.0,2878.0,3920.0,4295.0,1681.0,707.0,0.8690360188484192,0.4861878454685211,0.0892481176942253,70,-0.0006043592356615297,-0.09807127714157104
947,Unhealthy,0.8709060482907005,2.9376663172324813,324.5,486.5,270.0,3913.0,0.6852068488780176,0.18244907096485338,0.04188309553553817,0.3546119502232355,740.0,2739.0,3643.0,3961.5,1698.5,720.0,0.8675275444984436,0.49584025144577026,0.09121387824516697,75,-0.000867813709801281,-0.12290436029434204
948,Healthy,0.8520830832032656,2.811361115512597,340.0,524.5,308.0,3856.5,0.6701356625162609,0.177541928721174,0.041669081425673715,0.35921195425327657,887.5,3138.5,4134.0,4493.5,1919.0,822.0,0.8425995111465454,0.6374857425689697,0.056286484165880966,80,-0.00032193598360892383,-0.04970848560333252
949,Healthy,0.8715030820293979,2.972666990134239,331.0,469.0,271.0,3947.0,0.698828125,0.18695414847161573,0.04217589264318236,0.36745633754106866,771.0,2979.0,3997.0,4349.0,1829.0,762.0,0.866650402545929,0.4529041051864624,0.08991176504856721,74,-0.0002523437168936947,-0.08278000354766846
950,Healthy,0.8325877089710384,2.820451463667544,385.5,560.0,355.5,3891.5,0.6146552517720704,0.1808267133432072,0.04735176449513346,0.2850201762332208,1046.5,3042.0,3988.5,4385.0,2170.5,981.5,0.8225608468055725,0.6326072216033936,0.05555431411029492,80,-0.0002595609303087647,-0.037612080574035645
951,Healthy,0.8698491865574159,2.9332852795130546,328.0,480.0,274.0,3936.5,0.6947028297268187,0.18345299145299146,0.0432790837854129,0.34849405433556113,779.5,2985.5,3968.0,4327.0,1876.5,764.5,0.8622568845748901,0.5634941458702087,0.0689078891569043,73,-0.0005914688758823676,-0.08858698606491089
952,Healthy,0.852006495012758,2.9248287943940117,369.0,535.0,319.0,3992.0,0.6547756041426928,0.17563700776672572,0.04442561433240528,0.34012255113489254,900.0,3025.0,3947.0,4314.0,1911.5,813.0,0.8527088165283203,0.5290472507476807,0.07287325184759169,75,-0.0003164947789032661,-0.06258922815322876
953,Healthy,0.8613138686131386,2.776049176595583,323.5,474.0,294.5,3952.5,0.6968182255118716,0.19463995668651868,0.05127747007325353,0.3667017913593256,788.5,2975.0,3982.5,4413.0,1803.0,760.0,0.8598312735557556,0.5809484720230103,0.06931438293811656,73,-0.0003963022081242386,-0.07091403007507324
954,Healthy,0.8645454545454545,2.7839578454332554,330.0,523.0,298.0,4102.0,0.6868549172346641,0.19114411441144114,0.03798681845416417,0.3696176369273166,804.0,2941.0,4014.0,4331.0,1830.0,748.0,0.8625856637954712,0.37870389223098755,0.09948214089012218,74,-0.0007784191387759514,-0.09059184789657593
955,Healthy,0.8612606147590001,2.861855178443685,331.5,510.0,290.0,3890.5,0.648596321393998,0.17472580533903567,0.042674340292659034,0.33767700460429156,907.5,2991.0,3909.0,4257.5,1906.0,813.5,0.8526040315628052,0.45318353176116943,0.08620348189994184,75,-0.0002545194895160967,-0.06787431240081787
956,Healthy,0.8676651117112694,2.839466495259521,308.0,471.0,269.5,3803.5,0.6778416980757787,0.18575634375438105,0.04040838919982779,0.3533901313454029,812.0,2904.0,3900.5,4229.0,1821.5,762.5,0.8566038012504578,0.5261207818984985,0.08340013772457001,73,-0.00045783383893112096,-0.07679814100265503
957,Healthy,0.8677873693775556,2.8104767510300177,328.0,494.0,291.0,4111.0,0.6650790626786055,0.17425769179094452,0.036773428232502965,0.3346780971591864,879.0,3073.0,4060.0,4370.0,1979.0,834.0,0.8612344861030579,0.37460651993751526,0.08519630473769951,73,-0.00021657281296954433,-0.07067149877548218
958,Healthy,0.8724753405354626,2.8740522976945693,318.0,465.0,271.5,3986.5,0.6995605273671595,0.19276601710360297,0.0376242453808159,0.3903406019102541,752.0,2879.0,3945.5,4254.0,1691.5,694.5,0.8697942495346069,0.5014895796775818,0.08559558253910796,74,-0.0008213447310737858,-0.12525343894958496
959,Healthy,0.8565400843881856,2.8730932536562355,349.0,541.0,306.0,3960.0,0.6913508260447035,0.18733797243825898,0.04365555289038139,0.396252845386097,794.0,2978.0,3987.0,4351.0,1724.0,737.0,0.841121256351471,0.39905571937561035,0.1026166418419978,75,-0.0007350639445899929,-0.09138840436935425
960,Healthy,0.855939242909695,2.7274446040989186,323.5,527.5,303.5,3910.0,0.678960038517092,0.18154096361048994,0.039837786259541985,0.37306276222279305,833.5,3019.5,4025.0,4359.0,1830.5,757.5,0.8450482487678528,0.4630575478076935,0.08537171766554864,75,-0.0002184730503645693,-0.056811630725860596
961,Healthy,0.8005041411595246,2.599797286761266,405.0,609.0,415.5,3750.0,0.6146552517720704,0.1808267133432072,0.04735176449513346,0.2850201762332208,1046.5,3042.0,3988.5,4385.0,2170.5,981.5,0.7828339338302612,0.5991957187652588,0.057413372268487306,77,-0.000421752337150776,-0.03062647581100464
962,Healthy,0.855909090909091,2.884939482151065,363.0,534.5,317.0,4083.0,0.6624040920716112,0.1743843683083512,0.0355204153882464,0.35231257305059277,891.0,3084.5,4086.5,4387.5,1939.5,824.5,0.8581967949867249,0.5334937572479248,0.0776809262932446,81,-0.0004519089383217964,-0.07872295379638672
963,Healthy,0.8626450116009281,2.8879913002951687,343.0,508.0,296.0,4014.0,0.7060326193751228,0.19652701212789417,0.04407431904275149,0.3959190822313688,748.0,2915.0,3974.5,4341.0,1724.5,704.5,0.8505851626396179,0.4685933291912079,0.08919194121046736,74,-0.0006006947510883438,-0.08030587434768677
964,Healthy,0.860166468489893,2.8315328010020355,331.0,502.0,294.0,3911.0,0.6809127828273062,0.1962565372969997,0.04659843467790488,0.3644567858382506,825.0,2920.0,3959.0,4346.0,1831.0,779.0,0.8575938940048218,0.3950151205062866,0.10317037488006028,75,-0.0007192393082377215,-0.10068702697753906
965,Healthy,0.8571591297414284,2.9761904761904763,373.0,524.0,313.5,4076.0,0.6572184429327287,0.17387230625083658,0.03817697543651968,0.3410813542193027,907.0,3086.0,4062.5,4385.0,1956.0,850.5,0.8539658188819885,0.33744922280311584,0.09816126639048006,82,-0.0005039602340580889,-0.07257568836212158
966,Healthy,0.8354713428268801,2.694526683367494,360.5,547.5,349.5,3899.0,0.6083240431066518,0.16799352314127647,0.04787845772047697,0.31047909260199763,1054.0,3083.0,3932.5,4328.0,2036.5,915.0,0.8321290612220764,0.6020761132240295,0.06547525639805944,80,-0.0004451864124772105,-0.06639552116394043
967,Healthy,0.8654347311063729,2.803960700030703,318.0,484.0,284.0,3937.0,0.6852068488780176,0.18244907096485338,0.04188309553553817,0.3546119502232355,740.0,2739.0,3643.0,3961.5,1698.5,720.0,0.8586444854736328,0.41093605756759644,0.0952779863781251,75,-0.000920356058525982,-0.09939485788345337
968,Healthy,0.8640198511166253,2.9299899023897678,324.0,446.0,274.0,3756.0,0.6793955482948744,0.19396051103368175,0.04924725695330442,0.37876561351947097,785.0,2776.0,3726.0,4112.0,1691.0,710.0,0.8609424829483032,0.4900066554546356,0.0915160145626105,75,-0.0006823253392225663,-0.10995364189147949
969,Healthy,0.8640198511166253,2.9299899023897678,324.0,446.0,274.0,3756.0,0.6793955482948744,0.19396051103368175,0.04924725695330442,0.37876561351947097,785.0,2776.0,3726.0,4112.0,1691.0,710.0,0.8609424829483032,0.4900066554546356,0.0915160145626105,75,-0.0006823253392225663,-0.10995364189147949
970,Unhealthy,0.8615530752790311,2.8832551855678297,336.5,505.5,291.5,3919.5,0.6913508260447035,0.18733797243825898,0.04365555289038139,0.396252845386097,794.0,2978.0,3987.0,4351.0,1724.0,737.0,0.851791501045227,0.391914963722229,0.10474941774601262,74,-0.0007704568093406442,-0.08318692445755005
971,Healthy,0.865556360125513,2.882404951370469,323.5,478.5,278.5,3864.5,0.6778416980757787,0.18575634375438105,0.04040838919982779,0.3533901313454029,812.0,2904.0,3900.5,4229.0,1821.5,762.5,0.8543739914894104,0.5651810169219971,0.0775427701006437,73,-0.000453491477693312,-0.0752444863319397
972,Healthy,0.8676651117112694,2.839466495259521,308.0,471.0,269.5,3803.5,0.6778416980757787,0.18575634375438105,0.04040838919982779,0.3533901313454029,812.0,2904.0,3900.5,4229.0,1821.5,762.5,0.8566038012504578,0.5261207818984985,0.08340013772457001,73,-0.00045783383893112096,-0.07679814100265503
973,Healthy,0.865556360125513,2.882404951370469,323.5,478.5,278.5,3864.5,0.6778416980757787,0.18575634375438105,0.04040838919982779,0.3533901313454029,812.0,2904.0,3900.5,4229.0,1821.5,762.5,0.8543739914894104,0.5651810169219971,0.0775427701006437,73,-0.000453491477693312,-0.0752444863319397
974,Healthy,0.8700479139885474,2.8431222790804247,319.5,483.0,278.0,4000.5,0.6968182255118716,0.19463995668651868,0.05127747007325353,0.3667017913593256,788.5,2975.0,3982.5,4413.0,1803.0,760.0,0.8586887121200562,0.5603517293930054,0.07248855047723642,73,-0.00038141473106052505,-0.0707472562789917
975,Healthy,0.8503016127046658,2.716083366103028,320.5,479.0,304.0,3757.5,0.6978150604760047,0.1978528662858716,0.0400956080071706,0.36103176664069936,774.5,2914.0,4016.0,4351.5,1845.5,754.0,0.8496167063713074,0.5599415302276611,0.07251890267493222,74,-0.00036264033641053236,-0.06324535608291626
976,Healthy,0.8686595268918442,2.9564207321957863,336.5,482.0,279.0,3969.5,0.698828125,0.18695414847161573,0.04217589264318236,0.36745633754106866,771.0,2979.0,3997.0,4349.0,1829.0,762.0,0.8541791439056396,0.458075612783432,0.08213121070790586,74,-0.0004277713826206663,-0.08840686082839966
977,Healthy,0.8781022740390165,2.9645362431800466,326.0,469.5,264.0,4067.5,0.6947028297268187,0.18345299145299146,0.0432790837854129,0.34849405433556113,779.5,2985.5,3968.0,4327.0,1876.5,764.5,0.8701843619346619,0.4391334354877472,0.08375966016084077,74,-0.0003125628966574689,-0.08268916606903076
978,Healthy,0.8054162487462387,2.545973367152822,370.0,574.5,388.0,3600.0,0.6417505809450039,0.16520065970313358,0.04088397790055249,0.32480995162404974,925.0,3037.0,3906.0,4239.0,1954.0,856.0,0.8095806837081909,0.3767804801464081,0.08451311137059545,79,-0.00022669264805942962,-0.039231061935424805
979,Healthy,0.7959714100064977,2.543815931555777,373.5,571.5,392.5,3455.0,0.6117407730310956,0.17691165027940864,0.05564367743163505,0.30281872252392034,1002.0,2909.0,3721.0,4159.5,2022.0,904.0,0.7961774468421936,0.5091013312339783,0.07363590056877702,76,-0.0006616703837189002,-0.050284385681152344
980,Healthy,0.8707466340269278,2.771544335359202,293.0,432.0,264.0,3821.0,0.6948474237118559,0.1939667324499577,0.044905008635578586,0.3659761456371626,762.5,2859.0,3871.0,4235.0,1767.5,734.5,0.8695986866950989,0.34643545746803284,0.11580468899302253,70,-0.0008353573094675702,-0.06096404790878296
981,Healthy,0.8642201834862385,2.6188005041144637,280.5,473.0,277.5,3810.0,0.6845332278481012,0.18969129766727197,0.04164373509447808,0.3457600420057758,797.5,2900.5,3918.0,4258.5,1869.0,774.0,0.8553706407546997,0.5043417811393738,0.09901062738080957,66,-0.0006014747673710704,-0.04749029874801636
982,Healthy,0.8746518105849582,2.8904571954587297,320.0,494.0,270.0,4038.0,0.6944179843779767,0.1817698644698379,0.03406580630159284,0.3730886850152905,802.0,3079.0,4154.0,4447.0,1845.0,738.0,0.8691045045852661,0.43659043312072754,0.09700534789531777,74,-0.00016144696650434022,-0.0798693299293518
983,Healthy,0.8751401869158878,2.776108783303028,280.5,434.0,250.5,3762.0,0.7022708158116064,0.19639426629230086,0.04572461896150865,0.3797063253012048,708.0,2719.0,3694.0,4048.0,1647.5,678.5,0.8693448901176453,0.3835294246673584,0.12489480546882316,70,-0.000981135929594744,-0.08025163412094116
984,Healthy,0.835595390524968,2.647679324894515,324.0,498.0,321.0,3584.0,0.6573984055998444,0.17329662766689607,0.038878732480195,0.3341230222523056,881.0,3003.0,3943.0,4262.0,1967.5,826.5,0.8102541565895081,0.3101525902748108,0.13596183496181133,72,-0.0005781381594142771,-0.08638542890548706
985,Healthy,0.8788640361899975,2.799839871897518,275.0,422.0,241.0,3738.0,0.7064832186783406,0.206484893146647,0.04573326520183955,0.3925619834710744,704.0,2692.0,3735.0,4093.0,1617.0,661.0,0.874367356300354,0.4421227276325226,0.09188781588313912,67,-0.0007256842056884226,-0.07832062244415283
986,Healthy,0.8689024390243902,2.9830917874396135,341.0,466.0,279.5,3984.5,0.703210061948564,0.19068241469816272,0.0431133593929639,0.3734656129140743,790.5,3083.5,4161.5,4536.5,1863.0,769.5,0.868034303188324,0.5363427400588989,0.07029949327386245,72,-0.00044772543179379695,-0.07847720384597778
987,Healthy,0.8730119590679324,2.8642504651727205,300.5,428.5,257.5,3798.0,0.6948474237118559,0.1939667324499577,0.044905008635578586,0.3659761456371626,762.5,2859.0,3871.0,4235.0,1767.5,734.5,0.8728173971176147,0.39155250787734985,0.11381565961098254,69,-0.0008387634692487002,-0.07321429252624512
988,Healthy,0.8583157400891391,2.850576503583671,342.0,503.0,302.0,3961.0,0.6746729154462019,0.17834569936795824,0.04483430799220273,0.36381085325423135,833.0,2990.0,3920.0,4288.0,1823.0,743.0,0.849830687046051,0.5229591727256775,0.08977561324568184,75,-0.000281396973937347,-0.06007117033004761
989,Healthy,0.8689227836034319,3.0087473180392803,339.0,480.0,275.0,3921.0,0.6971830985915493,0.19110378912685339,0.0429138117562207,0.37043601559730593,774.0,2946.0,3981.0,4338.0,1776.0,725.0,0.8637014031410217,0.5728411078453064,0.07704743402569508,74,-0.00044017902850401703,-0.0723869800567627
990,Healthy,0.8741594620557157,2.8957836117740654,311.0,470.0,262.0,3902.0,0.6984515077424613,0.20046082949308755,0.05186119873817035,0.3890086206896552,740.0,2776.0,3757.0,4168.0,1701.0,706.0,0.8658198118209839,0.4157596826553345,0.1252742489551976,74,-0.0006832219026881545,-0.08915787935256958
991,Healthy,0.8736790366183338,2.7751756440281032,287.0,427.0,257.0,3812.0,0.7064832186783406,0.206484893146647,0.04573326520183955,0.3925619834710744,704.0,2692.0,3735.0,4093.0,1617.0,661.0,0.8722198009490967,0.4481883943080902,0.10773781919833425,67,-0.000809299391825051,-0.07463151216506958
992,Healthy,0.8664166861963909,2.7813722539873607,316.0,489.0,285.0,3982.0,0.6944179843779767,0.1817698644698379,0.03406580630159284,0.3730886850152905,802.0,3079.0,4154.0,4447.0,1845.0,738.0,0.8648861646652222,0.5034535527229309,0.09309887933422538,75,-0.0002794580784535568,-0.0749158263206482
993,Healthy,0.8335135135135135,2.8129560564293823,375.0,550.0,346.5,3816.0,0.6540498892420302,0.18465889494378146,0.04642944187180112,0.3293609671848014,898.0,2955.0,3912.5,4293.5,1941.5,826.0,0.8205323219299316,0.47630834579467773,0.09304684569697433,75,-0.0007376297458432429,-0.03869736194610596
994,Healthy,0.8718786464410735,2.722238414456427,297.0,480.0,274.5,4010.5,0.6680835335427833,0.17274085623335284,0.04600764862672384,0.3466600855544587,898.0,3183.5,4116.0,4513.0,1985.5,855.0,0.8610168099403381,0.3449896574020386,0.1127081391923252,69,-0.0007777977737426687,-0.05303657054901123
995,Healthy,0.8545543584720862,2.8819157720891826,339.0,512.0,297.0,3787.0,0.6797027766914353,0.18401102687801515,0.043488824101068996,0.3440537197384697,819.0,2960.0,3937.0,4295.0,1856.0,759.0,0.8391687870025635,0.5854341983795166,0.07952825491834704,75,-0.0002082995725365391,-0.04476773738861084
996,Healthy,0.8281700739997492,2.5924617196702004,335.5,538.0,342.5,3644.0,0.6432165964876245,0.18299445471349354,0.03774808665196524,0.30835525718951284,868.5,2762.5,3709.0,4000.0,1906.0,819.5,0.8154653906822205,0.5216355919837952,0.07340209884272904,76,-0.0006137582918909312,-0.03330510854721069
997,Healthy,0.8220064724919094,2.6390664961636827,357.0,554.5,357.5,3659.5,0.6359166011014948,0.1806373766768401,0.043800200803212855,0.3200348432055749,925.5,2886.0,3809.5,4158.5,1951.5,839.5,0.8102540373802185,0.4452078342437744,0.09027024870313634,74,-0.0006527838850749457,-0.021834135055541992
998,Healthy,0.813821557503868,2.650764320510667,361.0,555.0,361.0,3517.0,0.6273291925465838,0.1757382744643891,0.04557157569515963,0.30103682516982483,930.0,2847.0,3707.0,4061.0,1955.0,843.0,0.8008464574813843,0.5306204557418823,0.07006438613727427,76,-0.0005802674396635823,-0.030896008014678955
999,Healthy,0.8168316831683168,2.647580440841145,351.5,552.5,351.5,3486.5,0.6273291925465838,0.1757382744643891,0.04557157569515963,0.30103682516982483,930.0,2847.0,3707.0,4061.0,1955.0,843.0,0.8113529086112976,0.5199365019798279,0.07247665793654927,76,-0.0005756529115389248,-0.02748847007751465
1000,Healthy,0.8736213235294118,2.8952177886079804,326.0,502.0,275.0,4077.0,0.6954334365325078,0.18533549783549783,0.03975317432063605,0.36517826237452405,787.0,3011.0,4046.0,4381.0,1834.0,750.0,0.8663027286529541,0.46222466230392456,0.09481173334392293,74,-0.00017382567711259812,-0.06579935550689697
1001,Healthy,0.8682325308279507,2.8802399875331153,327.0,468.5,280.5,3977.0,0.7043259945925068,0.19418132611637348,0.04376108811354228,0.3739130434782609,765.5,2977.5,4042.5,4412.5,1818.0,737.0,0.8681522011756897,0.5266719460487366,0.07095612950629776,73,-0.00043561374054571373,-0.08147788047790527
1002,Healthy,0.847772130953788,2.8271322717956804,356.0,542.5,322.0,3908.5,0.6688989560764231,0.19119921270912413,0.04283076923076923,0.33770608048218403,840.5,2876.5,3888.5,4236.5,1868.0,799.0,0.8331747055053711,0.48788926005363464,0.08476557469074106,75,-0.0007157178599774229,-0.046723246574401855
1003,Healthy,0.8171455711232486,2.7754476528472334,405.0,588.0,385.0,3826.0,0.5987308697275102,0.1705383984695272,0.046037367199902306,0.27071275012402846,1075.0,3035.0,3906.0,4283.0,2205.0,992.0,0.8042553067207336,0.5119339823722839,0.06990178245625168,73,-0.00043152225406704555,-0.031901001930236816
1004,Healthy,0.8635841103589219,2.8060928031875156,298.5,456.5,267.0,3647.5,0.7022708158116064,0.19639426629230086,0.04572461896150865,0.3797063253012048,708.0,2719.0,3694.0,4048.0,1647.5,678.5,0.8607675433158875,0.3919929563999176,0.11440981558959087,71,-0.0008905625780243873,-0.07624292373657227
1005,Healthy,0.8169708929452393,2.6666666666666665,374.0,574.5,371.0,3683.0,0.6149328023892484,0.1568963058051633,0.040338613480407876,0.2816290393979637,967.0,2955.5,3741.0,4055.5,2028.5,891.0,0.7994415163993835,0.38954344391822815,0.08753733947676338,79,-0.00029840306260789547,-0.031348347663879395
1006,Healthy,0.8576598311218335,2.798331234256927,326.0,506.0,295.0,3850.0,0.6777833753148614,0.1816633550950894,0.04166145377205054,0.3472222222222222,799.5,2883.0,3830.0,4163.0,1833.0,771.5,0.8449665904045105,0.42171886563301086,0.11856621308896781,78,-0.0006291109084815395,-0.06631773710250854
1007,Healthy,0.856929955290611,2.791713869558181,317.0,460.0,288.0,3738.0,0.6970321516900247,0.18594267607662393,0.039121655729429584,0.36393562545720554,735.0,2826.0,3807.0,4117.0,1739.0,715.0,0.8542550206184387,0.5962977409362793,0.06689152306729329,69,-0.0005103619979185372,-0.06805688142776489
1008,Healthy,0.8054162487462387,2.545973367152822,370.0,574.5,388.0,3600.0,0.6417505809450039,0.16520065970313358,0.04088397790055249,0.32480995162404974,925.0,3037.0,3906.0,4239.0,1954.0,856.0,0.8095806837081909,0.3767804801464081,0.08451311137059545,79,-0.00022669264805942962,-0.039231061935424805
1009,Healthy,0.8774080560420315,2.7740863787375414,275.0,418.0,245.0,3752.0,0.7141656158049601,0.2086544161232958,0.04296675191815857,0.4158359977430882,680.0,2670.0,3742.0,4078.0,1553.0,623.0,0.8735527992248535,0.37973088026046753,0.07955916497012022,65,-0.0006598495693515935,-0.08926647901535034
1010,Unhealthy,0.8741539232890448,2.7784860557768924,281.0,432.0,251.0,3738.0,0.69912226985099,0.18863344281022418,0.04441656210790464,0.3648131267092069,737.0,2841.0,3808.0,4162.0,1742.0,716.0,0.871451735496521,0.44952917098999023,0.08905057985656492,68,-0.0006939413301097922,-0.068004310131073
1011,Healthy,0.8680471947989405,2.905852007093342,323.0,493.0,274.0,3879.0,0.6954334365325078,0.18533549783549783,0.03975317432063605,0.36517826237452405,787.0,3011.0,4046.0,4381.0,1834.0,750.0,0.8600488901138306,0.49656566977500916,0.09005563394408153,75,-0.00025145217867632134,-0.0660712718963623
1012,Healthy,0.8646500897205844,2.8019604585479314,295.0,450.5,264.0,3637.0,0.69912226985099,0.18863344281022418,0.04441656210790464,0.3648131267092069,737.0,2841.0,3808.0,4162.0,1742.0,716.0,0.8563365936279297,0.47062817215919495,0.08734764449338996,69,-0.0006877085314353741,-0.0694572925567627
1013,Healthy,0.8741309038599856,2.8018135710443404,297.5,449.5,262.5,3908.5,0.6948474237118559,0.1939667324499577,0.044905008635578586,0.3659761456371626,762.5,2859.0,3871.0,4235.0,1767.5,734.5,0.8690502047538757,0.330636590719223,0.11740840934131007,69,-0.0008116330669146738,-0.057613492012023926
1014,Healthy,0.8614136732329084,2.766860205448861,327.0,504.0,299.0,4016.0,0.6675513614469675,0.1889543033361368,0.05833177366024082,0.3119217081850534,845.5,2893.0,3773.5,4241.0,1933.5,798.5,0.8497564196586609,0.33396315574645996,0.11816831721055227,69,-0.0004375787383086222,-0.051010847091674805
1015,Healthy,0.8392324646700376,2.6345136345136346,311.5,485.5,310.0,3546.5,0.6678423863750882,0.19529105878954212,0.042257069084954975,0.3315145648156297,824.0,2785.5,3802.0,4137.5,1899.0,796.0,0.8268483877182007,0.3921875059604645,0.10055013138592137,68,-0.0004468051368468985,-0.0663142204284668
1016,Healthy,0.871866295264624,2.8489863467107983,292.5,442.0,253.0,3696.0,0.7169179229480737,0.20641459467412093,0.04418693492932637,0.39909977494373594,676.0,2697.0,3753.0,4100.0,1602.0,656.0,0.8666976094245911,0.617469310760498,0.0660124015080087,67,-0.0005808936106107491,-0.07559823989868164
1017,Healthy,0.8109339407744874,2.5081020149358886,389.0,631.0,415.0,3975.0,0.6391237509607994,0.16498224528817262,0.03506855964082029,0.3027188328912467,939.0,3057.0,3976.0,4265.0,2103.0,932.0,0.7965213060379028,0.41146039962768555,0.07803946602824507,75,-0.0003394377684488429,-0.04224753379821777
1018,Healthy,0.8535874711666869,2.8151024983984625,334.0,497.0,301.5,3817.0,0.6688989560764231,0.19119921270912413,0.04283076923076923,0.33770608048218403,840.5,2876.5,3888.5,4236.5,1868.0,799.0,0.8465404510498047,0.4750092625617981,0.08204164597186236,74,-0.0006448140450142982,-0.06296640634536743
1019,Healthy,0.8566131025957973,2.903469079939668,335.0,507.0,290.0,3755.0,0.6954334365325078,0.18533549783549783,0.03975317432063605,0.36517826237452405,787.0,3011.0,4046.0,4381.0,1834.0,750.0,0.8450331091880798,0.5015873312950134,0.08535805439544422,75,-0.00015067745379002638,-0.03649139404296875
1020,Healthy,0.8597972972972973,2.839043824701195,328.0,456.5,290.5,3853.5,0.6825768667642752,0.18376596621343222,0.04308362580176691,0.3596619815469518,813.0,2971.5,3953.5,4309.5,1856.5,776.0,0.8525903820991516,0.3903377652168274,0.10116860923797662,72,-0.0008950738767750239,-0.07529079914093018
1021,Healthy,0.8168316831683168,2.647580440841145,351.5,552.5,351.5,3486.5,0.6273291925465838,0.1757382744643891,0.04557157569515963,0.30103682516982483,930.0,2847.0,3707.0,4061.0,1955.0,843.0,0.8113529086112976,0.5199365019798279,0.07247665793654927,76,-0.0005756529115389248,-0.02748847007751465
1022,Healthy,0.8658316271227268,2.73658165207461,301.5,493.5,278.5,3873.0,0.6786542923433875,0.19710444674250258,0.04125689613816263,0.34196313759108443,831.0,2911.5,3997.0,4341.0,1919.0,795.0,0.8487971425056458,0.4609087109565735,0.10317230549223456,67,-0.00033133044599356284,-0.04011344909667969
1023,Healthy,0.8657289002557544,2.7759553878956864,290.0,437.0,262.5,3647.5,0.6966084275436794,0.1978811407009651,0.046200646428797766,0.36758160237388726,738.0,2763.5,3762.5,4127.0,1705.0,683.0,0.8670042753219604,0.5815100073814392,0.065630589086553,64,-0.0005525820142316451,-0.07936573028564453
1024,Healthy,0.8658316271227268,2.73658165207461,301.5,493.5,278.5,3873.0,0.6786542923433875,0.19710444674250258,0.04125689613816263,0.34196313759108443,831.0,2911.5,3997.0,4341.0,1919.0,795.0,0.8487971425056458,0.4609087109565735,0.10317230549223456,67,-0.00033133044599356284,-0.04011344909667969
1025,Healthy,0.8594242015294646,2.660307735152823,322.5,515.5,312.5,4133.5,0.6966450521567522,0.1908970976253298,0.03681157755699765,0.37464282798595805,807.0,3066.5,4193.0,4513.5,1915.0,778.0,0.8320268988609314,0.44755372405052185,0.11345872009514271,72,-0.00036998283158344125,-0.048858821392059326
1026,Healthy,0.8466483011937558,2.692363848737042,347.0,565.0,334.0,4022.0,0.667430316914853,0.18122802272112523,0.0461133069828722,0.3390148287029146,871.0,3027.0,3982.0,4367.0,1939.0,810.0,0.8367627859115601,0.48942655324935913,0.09527123887852604,76,-0.0007659729047150379,-0.04874974489212036
1027,Healthy,0.8555729984301413,2.705024434941967,315.0,485.0,299.0,3841.5,0.6567120336825615,0.1875350926445817,0.049237256604241594,0.3022689733113101,876.5,2894.0,3833.0,4230.0,2006.5,846.0,0.8407182693481445,0.40203893184661865,0.1278982666426158,72,-0.0005514062935071723,-0.06933838129043579
1028,Healthy,0.7815602836879433,2.371762680249659,407.5,655.0,462.0,3768.0,0.6143167437907262,0.17436108821104698,0.04435483870967742,0.2865145054761308,1021.0,3004.5,3910.5,4273.5,2133.5,957.0,0.756780743598938,0.5505931377410889,0.07169002609367307,74,-0.00036422751576511313,-0.012307584285736084
1029,Healthy,0.79527950310559,2.522657419812436,388.5,600.5,412.0,3613.0,0.6117407730310956,0.17691165027940864,0.05564367743163505,0.30281872252392034,1002.0,2909.0,3721.0,4159.5,2022.0,904.0,0.786064624786377,0.5047318339347839,0.0760652378586541,77,-0.0006859760027010788,-0.07436501979827881
1030,Healthy,0.8496771835789987,2.681248558468517,319.5,488.5,308.5,3796.0,0.6783712009442313,0.1839311732463748,0.047835431378569236,0.3467912552891396,817.5,2940.5,3876.5,4266.0,1852.5,790.0,0.845521092414856,0.3867904543876648,0.09515790333952139,73,-0.0008662245451512234,-0.07884907722473145
1031,Healthy,0.8004969826056088,2.5137485136741975,396.0,611.0,421.5,3804.0,0.6143167437907262,0.17436108821104698,0.04435483870967742,0.2865145054761308,1021.0,3004.5,3910.5,4273.5,2133.5,957.0,0.7843902707099915,0.5697619915008545,0.07052228366743554,74,-0.0003673228027215582,-0.05478852987289429
1032,Healthy,0.8789697424356089,2.82556270096463,280.0,418.0,242.0,3757.0,0.7169179229480737,0.20641459467412093,0.04418693492932637,0.39909977494373594,676.0,2697.0,3753.0,4100.0,1602.0,656.0,0.8756793737411499,0.6178861856460571,0.06255224990902741,65,-0.0005773687173275419,-0.09017962217330933
1033,Healthy,0.8450240567232211,2.83276740237691,338.0,516.0,306.0,3643.0,0.66795904165424,0.17765143538990666,0.04444721115537849,0.3473053892215569,835.0,2929.0,3837.5,4194.5,1853.0,776.0,0.8348656892776489,0.42004409432411194,0.09079558417694134,75,-0.0007187574759328423,-0.04444384574890137
1034,Healthy,0.8101202404809619,2.587821077058494,368.5,571.5,379.0,3613.0,0.6512399921890256,0.17656880478641993,0.04718266253869969,0.32903225806451614,893.0,2959.0,3847.0,4228.0,1924.0,828.0,0.8140711188316345,0.362782746553421,0.08702148799045578,79,-0.00025316124682976573,-0.04317218065261841
1035,Healthy,0.8457819676093787,2.7876035691523264,346.0,558.0,319.0,3818.0,0.6457917830075788,0.1798684586788676,0.0476069569633109,0.32062819834127404,888.0,2868.0,3751.0,4126.0,1925.0,814.0,0.8195132613182068,0.5113229751586914,0.07855787734468359,75,-0.0006440478622490881,-0.04613226652145386
1036,Healthy,0.8750648004147227,2.7772293517604476,270.0,412.0,241.0,3617.0,0.7063910567390845,0.1988737403675163,0.04521963824289406,0.3864239666287448,696.0,2703.0,3695.0,4045.0,1618.0,654.0,0.8715285062789917,0.6222408413887024,0.059930639371001404,65,-0.0005125681107233683,-0.0844196081161499
1037,Healthy,0.8573401984176818,2.7662074554294978,309.0,473.0,284.0,3697.5,0.6829737668388535,0.18584070796460178,0.037462537462537464,0.3468013468013468,782.5,2852.0,3854.0,4154.0,1843.0,752.5,0.8346636295318604,0.5126011371612549,0.1025874372624201,71,-0.000405472569006701,-0.06913405656814575
1038,Healthy,0.8788640361899975,2.799839871897518,275.0,422.0,241.0,3738.0,0.7064832186783406,0.206484893146647,0.04573326520183955,0.3925619834710744,704.0,2692.0,3735.0,4093.0,1617.0,661.0,0.874367356300354,0.4421227276325226,0.09188781588313912,67,-0.0007256842056884226,-0.07832062244415283
1039,Healthy,0.8715686274509804,2.8714470284237725,306.0,448.0,262.0,3818.0,0.6949085123309467,0.18674279348280184,0.0430844553243574,0.35677499556029124,767.0,2920.0,3909.0,4261.0,1811.0,751.0,0.8656509518623352,0.40152671933174133,0.12458543500479775,77,-0.0006814654253034134,-0.08123195171356201
1040,Healthy,0.8485502036903906,2.8291786513263024,350.0,540.0,316.0,3857.0,0.6659478533620858,0.18373032455773786,0.0379870526444363,0.33380782918149465,852.0,2930.0,3938.0,4249.0,1872.0,767.0,0.8352112770080566,0.47310909628868103,0.09115212213756053,76,-0.0007279607422625779,-0.041477739810943604
1041,Healthy,0.8692307692307693,2.785767113156381,284.5,445.5,255.0,3645.0,0.684476762567183,0.18831313656977178,0.042933576928096046,0.3338323353293413,748.5,2729.5,3667.0,3996.0,1780.0,714.0,0.8487495183944702,0.470609575510025,0.097585221554405,69,-0.0007571307644597285,-0.10082399845123291
1042,Healthy,0.8765046812304949,2.6670284202672456,291.5,463.0,277.0,4209.0,0.7017223130953526,0.19057556378323798,0.04035294117647059,0.35776344086021505,775.0,3006.0,4078.5,4421.5,1866.5,741.0,0.865756094455719,0.40148624777793884,0.1243546093202334,72,-0.00031653875363930905,-0.07003581523895264
1043,Healthy,0.8389820430491141,2.760820223839712,360.5,549.5,338.5,3866.0,0.6688989560764231,0.19119921270912413,0.04283076923076923,0.33770608048218403,840.5,2876.5,3888.5,4236.5,1868.0,799.0,0.8275708556175232,0.49617722630500793,0.08834724632380742,76,-0.0007231029851938161,-0.03845083713531494
1044,Healthy,0.8736790366183338,2.7751756440281032,287.0,427.0,257.0,3812.0,0.7064832186783406,0.206484893146647,0.04573326520183955,0.3925619834710744,704.0,2692.0,3735.0,4093.0,1617.0,661.0,0.8722198009490967,0.4481883943080902,0.10773781919833425,67,-0.000809299391825051,-0.07463151216506958
1045,Healthy,0.8698441796516957,2.8735806207418624,331.0,532.0,284.0,4080.0,0.6948474237118559,0.1939667324499577,0.044905008635578586,0.3659761456371626,762.5,2859.0,3871.0,4235.0,1767.5,734.5,0.8530765771865845,0.3878733813762665,0.10822650695989262,70,-0.000665029257767384,-0.03288102149963379
1046,Healthy,0.7959714100064977,2.543815931555777,373.5,571.5,392.5,3455.0,0.6117407730310956,0.17691165027940864,0.05564367743163505,0.30281872252392034,1002.0,2909.0,3721.0,4159.5,2022.0,904.0,0.7961774468421936,0.5091013312339783,0.07363590056877702,76,-0.0006616703837189002,-0.050284385681152344
1047,Healthy,0.8670601822148082,2.855874894336433,298.0,446.5,259.0,3637.5,0.7022708158116064,0.19639426629230086,0.04572461896150865,0.3797063253012048,708.0,2719.0,3694.0,4048.0,1647.5,678.5,0.8598945140838623,0.34508267045021057,0.12624811223757054,70,-0.0009822183768373515,-0.08608317375183105
1048,Healthy,0.8741539232890448,2.7784860557768924,281.0,432.0,251.0,3738.0,0.69912226985099,0.18863344281022418,0.04441656210790464,0.3648131267092069,737.0,2841.0,3808.0,4162.0,1742.0,716.0,0.871451735496521,0.44952917098999023,0.08905057985656492,68,-0.0006939413301097922,-0.068004310131073
1049,Unhealthy,0.8053820278712157,2.691937038226791,410.0,612.0,405.0,3757.0,0.5987308697275102,0.1705383984695272,0.046037367199902306,0.27071275012402846,1075.0,3035.0,3906.0,4283.0,2205.0,992.0,0.7942866683006287,0.5226741433143616,0.06550861534810506,74,-0.0004160930156026329,-0.04976743459701538
1050,Healthy,0.8302374794262873,2.6758108517732646,368.0,577.0,361.0,3892.0,0.6867704280155642,0.1897900370522849,0.04432666827270537,0.36015325670498083,805.0,2952.0,3967.0,4335.0,1837.0,764.0,0.8167687058448792,0.44352617859840393,0.09999636759934799,77,-0.0009674059004721118,-0.07126384973526001
1051,Healthy,0.8712179984484096,2.7077640250763544,267.0,435.0,249.0,3618.0,0.7064832186783406,0.206484893146647,0.04573326520183955,0.3925619834710744,704.0,2692.0,3735.0,4093.0,1617.0,661.0,0.8674622774124146,0.44893112778663635,0.09093719329524323,66,-0.0007223800618309248,-0.07298743724822998
1052,Healthy,0.8660918082678164,2.8467822607535846,302.0,448.0,264.0,3679.0,0.6777833753148614,0.1816633550950894,0.04166145377205054,0.3472222222222222,799.5,2883.0,3830.0,4163.0,1833.0,771.5,0.860148549079895,0.421087384223938,0.12267125629448733,78,-0.0007529100042417937,-0.10258710384368896
1053,Healthy,0.8690407811602527,2.885422229002975,333.5,491.0,285.0,4067.5,0.7030700503754396,0.1976472160951808,0.04065512835404809,0.3849761326522067,781.0,3001.0,4129.5,4479.5,1836.0,748.0,0.8641660213470459,0.5385888814926147,0.07182192178125718,73,-0.0004330337724159855,-0.07073724269866943
1054,Healthy,0.8230423468180743,2.7410967538607,390.0,599.0,374.0,3853.0,0.618645693458661,0.17161899472368786,0.041728395061728395,0.28677713899222185,994.0,2983.0,3881.0,4219.0,2109.0,927.0,0.8175025582313538,0.5184440016746521,0.07456017203070912,74,-0.0003066792032752237,-0.03023296594619751
1055,Healthy,0.8804920913884007,2.8661327231121283,282.0,418.0,238.0,3745.0,0.7141656158049601,0.2086544161232958,0.04296675191815857,0.4158359977430882,680.0,2670.0,3742.0,4078.0,1553.0,623.0,0.8726950883865356,0.39019811153411865,0.07989394743556066,65,-0.0006544222237881476,-0.08902633190155029
1056,Healthy,0.8371368000997631,2.869539198084979,362.5,518.5,326.5,3683.0,0.648439851509983,0.16981132075471697,0.03842750600429781,0.3091419055131913,876.0,2915.0,3803.5,4107.5,1970.5,843.0,0.8345829844474792,0.43283581733703613,0.094648652176537,76,-0.00031944374228813215,-0.06938338279724121
1057,Healthy,0.8101202404809619,2.587821077058494,368.5,571.5,379.0,3613.0,0.6512399921890256,0.17656880478641993,0.04718266253869969,0.32903225806451614,893.0,2959.0,3847.0,4228.0,1924.0,828.0,0.8140711188316345,0.362782746553421,0.08702148799045578,79,-0.00025316124682976573,-0.04317218065261841
1058,Healthy,0.8598771266540642,2.8570306979665543,337.5,476.0,296.5,3935.5,0.7047609737022191,0.19659644548136965,0.04525564946352575,0.37321334039174164,755.0,2927.0,3982.0,4359.5,1776.0,728.5,0.8602628707885742,0.5589322447776794,0.06935432372288484,73,-0.0004024089282573988,-0.060352981090545654
1059,Healthy,0.8508604206500956,2.675685832393837,322.5,499.0,312.0,3872.0,0.6776627648253846,0.18093292475314948,0.03918983700862896,0.33178574499183217,833.0,3007.0,4008.5,4335.5,1943.0,788.5,0.8384695053100586,0.45431968569755554,0.11850145965346819,73,-0.0004001935457664665,-0.046733200550079346
1060,Healthy,0.8712179984484096,2.7077640250763544,267.0,435.0,249.0,3618.0,0.7064832186783406,0.206484893146647,0.04573326520183955,0.3925619834710744,704.0,2692.0,3735.0,4093.0,1617.0,661.0,0.8674622774124146,0.44893112778663635,0.09093719329524323,66,-0.0007223800618309248,-0.07298743724822998
1061,Healthy,0.8677573278800272,2.851489584111103,334.5,483.5,291.0,4110.0,0.7052671975438933,0.19609690444145356,0.04118095014937614,0.38479870627287427,768.0,2986.5,4092.0,4443.5,1807.0,735.5,0.8639138340950012,0.5175585150718689,0.07167178138393616,72,-0.00046862991853945953,-0.0738598108291626
1062,Healthy,0.8702107279693486,2.8395061728395063,311.0,462.5,271.0,3905.0,0.6984515077424613,0.20046082949308755,0.05186119873817035,0.3890086206896552,740.0,2776.0,3757.0,4168.0,1701.0,706.0,0.864841639995575,0.3807339370250702,0.1173895447928212,73,-0.0007738851168023872,-0.09213733673095703
1063,Unhealthy,0.8706086095992083,2.760649564603436,288.5,441.0,261.5,3780.5,0.6877645635960492,0.1899381794926455,0.042779749673080514,0.3453018935334048,774.5,2850.0,3843.0,4186.5,1832.5,738.0,0.8674584627151489,0.5012542009353638,0.0954234610828294,66,-0.0006474630395813969,-0.07647585868835449
1064,Healthy,0.8453877754263662,2.7661914460285133,333.5,497.0,310.5,3706.0,0.6432165964876245,0.18299445471349354,0.03774808665196524,0.30835525718951284,868.5,2762.5,3709.0,4000.0,1906.0,819.5,0.8426220417022705,0.48682963848114014,0.0787482107763459,75,-0.0006349738823447257,-0.060945868492126465
1065,Healthy,0.8642201834862385,2.6188005041144637,280.5,473.0,277.5,3810.0,0.6845332278481012,0.18969129766727197,0.04164373509447808,0.3457600420057758,797.5,2900.5,3918.0,4258.5,1869.0,774.0,0.8553706407546997,0.5043417811393738,0.09901062738080957,66,-0.0006014747673710704,-0.04749029874801636
1066,Healthy,0.866890112520948,2.7913968547641073,310.0,475.0,278.0,3899.0,0.6949085123309467,0.18674279348280184,0.0430844553243574,0.35677499556029124,767.0,2920.0,3909.0,4261.0,1811.0,751.0,0.8613154292106628,0.3827609121799469,0.11199387663096792,75,-0.000740667628639151,-0.0753331184387207
1067,Healthy,0.8193451260820475,2.7381351668623175,374.0,580.0,360.0,3625.5,0.6149328023892484,0.1568963058051633,0.040338613480407876,0.2816290393979637,967.0,2955.5,3741.0,4055.5,2028.5,891.0,0.817006528377533,0.3496538996696472,0.090613706473204,78,-0.0003412730551835045,-0.06570100784301758
1068,Healthy,0.8295702840495266,2.543356903609974,335.5,511.0,351.0,3768.0,0.6567120336825615,0.1875350926445817,0.049237256604241594,0.3022689733113101,876.5,2894.0,3833.0,4230.0,2006.5,846.0,0.8167455792427063,0.4386962354183197,0.11943388891684845,72,-0.0005357473071757834,-0.0724291205406189
1069,Healthy,0.8334990059642147,2.736842105263158,351.5,559.0,335.0,3689.0,0.6524705194425494,0.18889356331510307,0.04498952298779736,0.3364006370553884,891.5,2892.0,3874.0,4239.0,1875.0,796.5,0.8152459263801575,0.5049360394477844,0.08803361061689705,75,-0.000663613252441994,-0.02966386079788208
1070,Healthy,0.807920792079208,2.5632165855190827,373.0,575.0,388.0,3652.0,0.6149328023892484,0.1568963058051633,0.040338613480407876,0.2816290393979637,967.0,2955.5,3741.0,4055.5,2028.5,891.0,0.8026378750801086,0.3767804801464081,0.08535357769408175,79,-0.00025153838297275956,-0.03500884771347046
1071,Healthy,0.8478605388272583,2.6084836665041444,334.5,551.5,336.0,4081.0,0.6573984055998444,0.17329662766689607,0.038878732480195,0.3341230222523056,881.0,3003.0,3943.0,4262.0,1967.5,826.5,0.8267912864685059,0.40208613872528076,0.12283448608256305,72,-0.0004464142528859208,-0.05768531560897827
1072,Healthy,0.8343331795108445,2.5627214741318216,347.0,518.0,359.0,3975.0,0.6391237509607994,0.16498224528817262,0.03506855964082029,0.3027188328912467,939.0,3057.0,3976.0,4265.0,2103.0,932.0,0.8329558372497559,0.41881319880485535,0.09083012965203512,77,-0.00018962251849551748,-0.04697805643081665
1073,Healthy,0.866890112520948,2.7913968547641073,310.0,475.0,278.0,3899.0,0.6949085123309467,0.18674279348280184,0.0430844553243574,0.35677499556029124,767.0,2920.0,3909.0,4261.0,1811.0,751.0,0.8613154292106628,0.3827609121799469,0.11199387663096792,75,-0.000740667628639151,-0.0753331184387207
1074,Healthy,0.8482568347128167,2.770541492586221,326.5,509.5,302.5,3684.5,0.6432165964876245,0.18299445471349354,0.03774808665196524,0.30835525718951284,868.5,2762.5,3709.0,4000.0,1906.0,819.5,0.8401541709899902,0.5148342251777649,0.07785084196528001,76,-0.0006073768817760806,-0.051488280296325684
1075,Unhealthy,0.8776022071733133,2.761205808080808,272.0,414.0,244.0,3743.0,0.7169179229480737,0.20641459467412093,0.04418693492932637,0.39909977494373594,676.0,2697.0,3753.0,4100.0,1602.0,656.0,0.8718416690826416,0.6161327362060547,0.060321068406560305,65,-0.0005406844596823032,-0.08242815732955933
1076,Healthy,0.8240548146335495,2.5824386503067487,350.0,543.0,359.5,3727.0,0.6641206977840641,0.1730142904619475,0.041425705181163695,0.3270623491217847,890.5,3110.5,4061.0,4412.0,2021.0,856.5,0.8038507699966431,0.45526018738746643,0.11209923524334106,72,-0.00045059227194952256,-0.053422391414642334
1077,Healthy,0.8482142857142857,2.627747852671422,325.0,502.0,323.0,3933.0,0.6850886339937435,0.1943828529194383,0.040505736361507845,0.3392070484581498,830.5,2997.5,4098.0,4444.0,1987.5,837.5,0.8286276459693909,0.4342919588088989,0.11499791848096548,72,-0.0005081507942628141,-0.0773889422416687
1078,Healthy,0.8439801956285473,2.6086145117945656,321.0,491.5,323.0,3817.5,0.650195449533928,0.19520871143375682,0.04156386411083697,0.30459870606749434,872.5,2771.5,3787.5,4116.0,1988.5,851.5,0.8287133574485779,0.4640410840511322,0.10638622866658054,70,-0.0005989677600381404,-0.06566089391708374
1079,Healthy,0.8688981868898187,2.8303172560006056,321.5,481.0,282.0,4020.0,0.6825768667642752,0.18376596621343222,0.04308362580176691,0.3596619815469518,813.0,2971.5,3953.5,4309.5,1856.5,776.0,0.8569422960281372,0.3823910355567932,0.11334726770815605,72,-0.0008830295186581795,-0.06025475263595581
1080,Healthy,0.8580339321357285,2.878787878787879,326.0,488.0,284.5,3723.5,0.6755564467615801,0.18938153868052096,0.044630578822352794,0.3457422893624674,809.0,2847.5,3821.0,4178.0,1819.0,742.0,0.8473756313323975,0.49416884779930115,0.08978287184862402,74,-0.0007307814918062758,-0.05258810520172119
1081,Healthy,0.8670601822148082,2.855874894336433,298.0,446.5,259.0,3637.5,0.7022708158116064,0.19639426629230086,0.04572461896150865,0.3797063253012048,708.0,2719.0,3694.0,4048.0,1647.5,678.5,0.8598945140838623,0.34508267045021057,0.12624811223757054,70,-0.0009822183768373515,-0.08608317375183105
1082,Healthy,0.8629478239961529,2.73969465648855,308.0,503.0,285.0,3874.0,0.6949085123309467,0.18674279348280184,0.0430844553243574,0.35677499556029124,767.0,2920.0,3909.0,4261.0,1811.0,751.0,0.857733964920044,0.3995342552661896,0.12075193087081035,77,-0.0006398372863027375,-0.0825573205947876
1083,Healthy,0.8553749090026692,2.85009702457956,336.0,511.0,298.0,3823.0,0.66795904165424,0.17765143538990666,0.04444721115537849,0.3473053892215569,835.0,2929.0,3837.5,4194.5,1853.0,776.0,0.8384857177734375,0.47549715638160706,0.08461281752684913,74,-0.0006534207464052477,-0.04347962141036987
1084,Healthy,0.8467307241621749,2.640695804706914,331.0,522.0,327.0,3940.0,0.691190706679574,0.19461159737417943,0.05114320096269555,0.3496497448758973,797.5,2944.5,3942.5,4367.5,1880.0,789.0,0.820014476776123,0.4467657804489136,0.12147013591455423,74,-0.0003780397300925226,-0.013814568519592285
1085,Healthy,0.8757583110895414,2.732434887946699,280.0,428.0,256.0,3865.0,0.6877645635960492,0.1899381794926455,0.042779749673080514,0.3453018935334048,774.5,2850.0,3843.0,4186.5,1832.5,738.0,0.8610048294067383,0.3067282438278198,0.10824812898616099,68,-0.0003584780401614939,-0.06204581260681152
1086,Healthy,0.8712424849699398,2.857377587906671,298.0,433.0,257.0,3735.0,0.7073170731707317,0.19964845466529954,0.03828600405679513,0.3905183545471315,702.0,2732.0,3793.0,4095.0,1652.0,677.0,0.8683546781539917,0.61507248878479,0.05860262170800871,67,-0.0005117951742465271,-0.07257932424545288
1087,Healthy,0.8677573278800272,2.851489584111103,334.5,483.5,291.0,4110.0,0.7052671975438933,0.19609690444145356,0.04118095014937614,0.38479870627287427,768.0,2986.5,4092.0,4443.5,1807.0,735.5,0.8639138340950012,0.5175585150718689,0.07167178138393616,72,-0.00046862991853945953,-0.0738598108291626
1088,Healthy,0.8699705593719332,2.853234631477309,306.0,440.0,265.0,3811.0,0.7073170731707317,0.19964845466529954,0.03828600405679513,0.3905183545471315,702.0,2732.0,3793.0,4095.0,1652.0,677.0,0.8654323816299438,0.6076695919036865,0.05956726705683784,67,-0.0004946995004793446,-0.07517749071121216
1089,Healthy,0.8137055837563452,2.8872478386167146,400.0,600.0,367.0,3573.0,0.6103585657370518,0.16383530089260007,0.0448494248416699,0.2789285714285714,978.0,2904.0,3695.0,4042.0,2019.0,876.0,0.803033173084259,0.28861457109451294,0.08476310851698585,75,-0.00030079432399490014,-0.043847084045410156
1090,Healthy,0.8721881390593047,2.788265097654654,280.5,425.5,250.0,3662.0,0.7063910567390845,0.1988737403675163,0.04521963824289406,0.3864239666287448,696.0,2703.0,3695.0,4045.0,1618.0,654.0,0.8687934875488281,0.6055283546447754,0.06058544081197639,66,-0.0005328925411939299,-0.08167529106140137
1091,Healthy,0.8646003262642741,2.7183470105509966,311.0,499.0,290.5,4000.5,0.6776627648253846,0.18093292475314948,0.03918983700862896,0.33178574499183217,833.0,3007.0,4008.5,4335.5,1943.0,788.5,0.8521223068237305,0.43921637535095215,0.12255156378877505,73,-0.0004520469006176468,-0.06348824501037598
1092,Healthy,0.8609613130128957,2.6099936029568553,297.5,499.5,296.5,3968.5,0.6774636827640361,0.1790272507761297,0.033002901353965185,0.34708258142132853,821.5,2975.0,3999.5,4272.5,1899.5,776.5,0.8366510272026062,0.40926316380500793,0.11173902372225149,72,-0.0001563902582160491,-0.052522242069244385
1093,Healthy,0.8699668403600189,2.610147811256396,277.0,450.5,274.5,3947.5,0.6877645635960492,0.1899381794926455,0.042779749673080514,0.3453018935334048,774.5,2850.0,3843.0,4186.5,1832.5,738.0,0.8480686545372009,0.3210979402065277,0.10577753247335406,68,-0.0003361722091916147,-0.05911540985107422
1094,Healthy,0.8715686274509804,2.8714470284237725,306.0,448.0,262.0,3818.0,0.6949085123309467,0.18674279348280184,0.0430844553243574,0.35677499556029124,767.0,2920.0,3909.0,4261.0,1811.0,751.0,0.8656509518623352,0.40152671933174133,0.12458543500479775,77,-0.0006814654253034134,-0.08123195171356201
1095,Healthy,0.8206896551724138,2.726505346088914,383.5,581.0,370.5,3762.0,0.618645693458661,0.17161899472368786,0.041728395061728395,0.28677713899222185,994.0,2983.0,3881.0,4219.0,2109.0,927.0,0.8056219220161438,0.5021114945411682,0.07469959778831657,73,-0.0003228923540402994,-0.02704930305480957
1096,Healthy,0.8708830548926014,2.9370573084352865,325.0,483.5,270.5,3919.5,0.7014520813165537,0.1954836076724255,0.048437127177284656,0.37012534818941506,771.0,2957.0,3988.0,4394.0,1809.0,735.0,0.8626704812049866,0.5749373435974121,0.08712065768977455,76,-0.0003027781436865313,-0.07183605432510376
1097,Healthy,0.8718535469107551,2.8997640611918714,331.5,480.5,280.0,4090.0,0.7052671975438933,0.19609690444145356,0.04118095014937614,0.38479870627287427,768.0,2986.5,4092.0,4443.5,1807.0,735.5,0.8698358535766602,0.5194061398506165,0.07270259599125616,73,-0.000453594099519191,-0.06946700811386108
1098,Healthy,0.8696426451383118,2.6675163874726877,287.0,470.0,274.5,3937.0,0.6845332278481012,0.18969129766727197,0.04164373509447808,0.3457600420057758,797.5,2900.5,3918.0,4258.5,1869.0,774.0,0.8489022850990295,0.3143693208694458,0.12292914481706729,69,-0.000539312161474899,-0.057700276374816895
1099,Healthy,0.8741594620557157,2.8957836117740654,311.0,470.0,262.0,3902.0,0.6984515077424613,0.20046082949308755,0.05186119873817035,0.3890086206896552,740.0,2776.0,3757.0,4168.0,1701.0,706.0,0.8658198118209839,0.4157596826553345,0.1252742489551976,74,-0.0006832219026881545,-0.08915787935256958
1100,Unhealthy,0.8225319396051103,2.6241292426263523,379.0,591.0,382.0,3923.0,0.618645693458661,0.17161899472368786,0.041728395061728395,0.28677713899222185,994.0,2983.0,3881.0,4219.0,2109.0,927.0,0.816908597946167,0.46815869212150574,0.07585623276291098,74,-0.00034913547496073246,-0.0437658429145813
1101,Healthy,0.7807622504537205,2.2925252238169676,384.0,592.0,453.0,3679.5,0.6138362321672856,0.15206473214285715,0.03386541471048513,0.28964635705155517,988.0,3039.0,3858.5,4129.0,2084.0,931.5,0.7845196723937988,0.4976557195186615,0.08395778530675826,76,-0.0003052052968136876,-0.04010653495788574
1102,Healthy,0.8489027461326298,2.805341998890386,345.5,550.0,315.0,3854.5,0.6513563803741064,0.17472481538247178,0.03823656178806724,0.337895192724123,890.0,2961.5,3905.0,4215.5,1911.0,808.0,0.831757664680481,0.49802595376968384,0.09847671232414368,76,-0.0008006688747744031,-0.035795390605926514
1103,Healthy,0.8347931873479318,2.7593694708058547,360.0,541.5,339.5,3770.5,0.6540498892420302,0.18465889494378146,0.04642944187180112,0.3293609671848014,898.0,2955.0,3912.5,4293.5,1941.5,826.0,0.8258585929870605,0.47029098868370056,0.09232927160074847,74,-0.0007269223275871127,-0.04705917835235596
1104,Healthy,0.8053820278712157,2.691937038226791,410.0,612.0,405.0,3757.0,0.5987308697275102,0.1705383984695272,0.046037367199902306,0.27071275012402846,1075.0,3035.0,3906.0,4283.0,2205.0,992.0,0.7942866683006287,0.5226741433143616,0.06550861534810506,74,-0.0004160930156026329,-0.04976743459701538
1105,Healthy,0.8605769230769231,2.8003754693366707,322.0,471.0,290.0,3870.0,0.7047609737022191,0.19659644548136965,0.04525564946352575,0.37321334039174164,755.0,2927.0,3982.0,4359.5,1776.0,728.5,0.8624569177627563,0.5528439283370972,0.07176723108369464,73,-0.00047508505677388744,-0.07252770662307739
1106,Healthy,0.8690346743989368,2.771228232393281,300.0,459.0,271.0,3867.5,0.6961663947797716,0.19830007923359505,0.03515649306203721,0.3538626801539701,745.0,2782.5,3876.5,4159.0,1804.5,734.0,0.8490116596221924,0.47867950797080994,0.11712493965681442,71,-0.00047366469665573624,-0.07080823183059692
1107,Healthy,0.8547297297297297,2.8633791430881166,341.0,512.0,301.0,3843.0,0.6659478533620858,0.18373032455773786,0.0379870526444363,0.33380782918149465,852.0,2930.0,3938.0,4249.0,1872.0,767.0,0.8435406684875488,0.4834897518157959,0.10045239359502815,77,-0.0008591941649032103,-0.05658984184265137
1108,Healthy,0.8481675392670157,2.769681673858178,328.5,508.0,304.5,3706.5,0.6524705194425494,0.18889356331510307,0.04498952298779736,0.3364006370553884,891.5,2892.0,3874.0,4239.0,1875.0,796.5,0.836589515209198,0.4400564134120941,0.09415016028586191,74,-0.0006632395968237037,-0.0458986759185791
1109,Healthy,0.8718535469107551,2.8997640611918714,331.5,480.5,280.0,4090.0,0.7052671975438933,0.19609690444145356,0.04118095014937614,0.38479870627287427,768.0,2986.5,4092.0,4443.5,1807.0,735.5,0.8698358535766602,0.5194061398506165,0.07270259599125616,73,-0.000453594099519191,-0.06946700811386108
1110,Healthy,0.8601197604790419,2.7519350141773318,316.5,519.5,292.0,3883.0,0.6563641749777822,0.18661573288058858,0.0492931314900538,0.3218983291859225,870.0,2874.5,3799.5,4193.5,1907.5,802.0,0.8449329733848572,0.43729081749916077,0.10992171350696132,74,-0.00017141209738443582,-0.0692598819732666
1111,Healthy,0.8328260360571295,2.734471094710947,374.0,543.0,357.0,3914.0,0.6460038986354776,0.17719224871044192,0.040927021696252466,0.32974661575841724,908.0,2951.0,3890.0,4222.0,1931.0,833.0,0.819776713848114,0.5280247330665588,0.07228346766312999,74,-0.00035083015563497615,-0.03815460205078125
1112,Healthy,0.8217422264419654,2.6365090244459677,374.5,555.0,375.5,3837.5,0.618645693458661,0.17161899472368786,0.041728395061728395,0.28677713899222185,994.0,2983.0,3881.0,4219.0,2109.0,927.0,0.8194716572761536,0.4732542335987091,0.0761822708865375,73,-0.0003859381931423263,-0.04457807540893555
1113,Healthy,0.8751864743908503,2.720878101569143,272.5,437.0,251.0,3771.0,0.698771549499329,0.19255018479599972,0.04086021505376344,0.3537117903930131,729.5,2785.5,3791.0,4114.0,1776.0,709.5,0.8580024242401123,0.47040218114852905,0.11340333364024743,69,-0.0004083365107401907,-0.07445436716079712
1114,Healthy,0.8553749090026692,2.85009702457956,336.0,511.0,298.0,3823.0,0.66795904165424,0.17765143538990666,0.04444721115537849,0.3473053892215569,835.0,2929.0,3837.5,4194.5,1853.0,776.0,0.8384857177734375,0.47549715638160706,0.08461281752684913,74,-0.0006534207464052477,-0.04347962141036987
1115,Healthy,0.8223779603673272,2.7709469912873543,387.5,593.5,367.5,3770.5,0.6359166011014948,0.1806373766768401,0.043800200803212855,0.3200348432055749,925.5,2886.0,3809.5,4158.5,1951.5,839.5,0.8031731843948364,0.4396135210990906,0.08985806101033654,74,-0.0006420190169289477,-0.02256554365158081
1116,Unhealthy,0.8466483011937558,2.692363848737042,347.0,565.0,334.0,4022.0,0.667430316914853,0.18122802272112523,0.0461133069828722,0.3390148287029146,871.0,3027.0,3982.0,4367.0,1939.0,810.0,0.8367627859115601,0.48942655324935913,0.09527123887852604,76,-0.0007659729047150379,-0.04874974489212036
1117,Healthy,0.847772130953788,2.8271322717956804,356.0,542.5,322.0,3908.5,0.6688989560764231,0.19119921270912413,0.04283076923076923,0.33770608048218403,840.5,2876.5,3888.5,4236.5,1868.0,799.0,0.8331747055053711,0.48788926005363464,0.08476557469074106,75,-0.0007157178599774229,-0.046723246574401855
1118,Healthy,0.8547297297297297,2.8633791430881166,341.0,512.0,301.0,3843.0,0.6659478533620858,0.18373032455773786,0.0379870526444363,0.33380782918149465,852.0,2930.0,3938.0,4249.0,1872.0,767.0,0.8435406684875488,0.4834897518157959,0.10045239359502815,77,-0.0008591941649032103,-0.05658984184265137
1119,Healthy,0.861652281134402,2.8700509282076556,322.0,494.5,280.5,3774.5,0.6755564467615801,0.18938153868052096,0.044630578822352794,0.3457422893624674,809.0,2847.5,3821.0,4178.0,1819.0,742.0,0.8516311049461365,0.5404484272003174,0.08586465343120371,74,-0.0006988648609505812,-0.054746806621551514
1120,Healthy,0.8699705593719332,2.853234631477309,306.0,440.0,265.0,3811.0,0.7073170731707317,0.19964845466529954,0.03828600405679513,0.3905183545471315,702.0,2732.0,3793.0,4095.0,1652.0,677.0,0.8654323816299438,0.6076695919036865,0.05956726705683784,67,-0.0004946995004793446,-0.07517749071121216
1121,Unhealthy,0.8506163886874547,2.716954910438542,326.0,508.0,309.0,3828.0,0.6668632075471698,0.18367062107466853,0.0437511537751523,0.33465688390159687,847.5,2924.5,3885.0,4240.5,1927.0,796.5,0.8327586054801941,0.40245991945266724,0.11260056547810722,70,-0.0004304783099347312,-0.07012778520584106
1122,Healthy,0.8343331795108445,2.5627214741318216,347.0,518.0,359.0,3975.0,0.6391237509607994,0.16498224528817262,0.03506855964082029,0.3027188328912467,939.0,3057.0,3976.0,4265.0,2103.0,932.0,0.8329558372497559,0.41881319880485535,0.09083012965203512,77,-0.00018962251849551748,-0.04697805643081665
1123,Healthy,0.8771442986881938,2.872366790582404,287.5,431.0,243.5,3720.5,0.7169179229480737,0.20641459467412093,0.04418693492932637,0.39909977494373594,676.0,2697.0,3753.0,4100.0,1602.0,656.0,0.8722789883613586,0.618665874004364,0.06127162194933828,67,-0.0005522209673674947,-0.07727539539337158
1124,Healthy,0.8689314540416817,2.943841319075994,326.5,463.0,272.0,3878.5,0.7012862353618737,0.192090395480226,0.041791571151472404,0.36116588084012,778.0,3003.0,4075.5,4431.0,1863.0,772.0,0.8639461994171143,0.5573275685310364,0.06875230646056815,72,-0.00042156032528609995,-0.0856316089630127
1125,Healthy,0.8701670644391408,2.852002503128911,314.0,460.0,272.0,3918.0,0.704241948153967,0.19449415003441156,0.043405073944932065,0.37861018729214074,753.0,2926.0,3978.0,4339.0,1775.0,714.0,0.8680965900421143,0.6072167754173279,0.06084799409875959,67,-0.0005081716821189469,-0.08196908235549927
1126,Healthy,0.864091732045866,2.717094276605435,301.0,484.5,281.5,3861.0,0.6627027027027027,0.1773957825875148,0.04774880782807952,0.32535514421007317,858.0,2955.0,3844.0,4229.5,1959.0,818.0,0.8518033027648926,0.42250826954841614,0.10441584641136878,67,-6.511797935868563e-05,-0.017770886421203613
1127,Healthy,0.8446460980036298,2.7081232058344327,335.5,522.0,321.0,3811.5,0.66795904165424,0.17765143538990666,0.04444721115537849,0.3473053892215569,835.0,2929.0,3837.5,4194.5,1853.0,776.0,0.8290299773216248,0.46625128388404846,0.09000167940886235,74,-0.0007757629992896008,-0.05873030424118042
1128,Healthy,0.8721264367816092,2.856918732350173,310.0,439.0,267.0,3909.0,0.7073170731707317,0.19964845466529954,0.03828600405679513,0.3905183545471315,702.0,2732.0,3793.0,4095.0,1652.0,677.0,0.8719293475151062,0.6253838539123535,0.05816518544691794,67,-0.0004936346986222568,-0.07276111841201782
1129,Healthy,0.8666163332074996,2.7785846849027678,293.5,441.0,265.0,3708.5,0.698771549499329,0.19255018479599972,0.04086021505376344,0.3537117903930131,729.5,2785.5,3791.0,4114.0,1776.0,709.5,0.8505278825759888,0.5311646461486816,0.10376563331139058,71,-0.00040638228608313716,-0.08217823505401611
1130,Healthy,0.8173053747891058,2.610469591993841,373.0,555.0,379.0,3770.0,0.6480154888673766,0.17976437976437976,0.0410958904109589,0.3161865569272977,909.0,2959.0,3920.0,4256.0,1994.0,853.0,0.8040665984153748,0.4960845708847046,0.07130968383313112,74,-0.00044575506569840526,-0.02398359775543213
1131,Healthy,0.8450240567232211,2.83276740237691,338.0,516.0,306.0,3643.0,0.66795904165424,0.17765143538990666,0.04444721115537849,0.3473053892215569,835.0,2929.0,3837.5,4194.5,1853.0,776.0,0.8348656892776489,0.42004409432411194,0.09079558417694134,75,-0.0007187574759328423,-0.04444384574890137
1132,Unhealthy,0.8074176457037548,2.682124273033364,422.0,660.0,418.0,3923.0,0.6166255456443348,0.17021568896826486,0.04695181907571288,0.30092204526404026,1010.0,3020.0,3877.0,4259.0,2085.0,926.0,0.7958669066429138,0.4581791162490845,0.0727753466906807,74,-0.0003534954724338296,-0.013460040092468262
1133,Healthy,0.8259449956046716,2.6932841932841933,355.0,545.0,346.5,3635.0,0.6432312651087833,0.18183135323094754,0.0475150892513163,0.2981260647359455,885.5,2823.5,3708.5,4078.5,1957.0,848.5,0.8096420168876648,0.5002871751785278,0.07471999129545238,76,-0.0006353504268918408,-0.02297806739807129
1134,Unhealthy,0.8509560009214466,2.7086083003372927,340.0,492.0,323.5,4017.5,0.6850886339937435,0.1943828529194383,0.040505736361507845,0.3392070484581498,830.5,2997.5,4098.0,4444.0,1987.5,837.5,0.8360955715179443,0.44424131512641907,0.11394763863403662,72,-0.00046781226338911625,-0.06954622268676758
1135,Healthy,0.86135477582846,2.8427824688379575,322.5,482.0,284.5,3819.5,0.6829737668388535,0.18584070796460178,0.037462537462537464,0.3468013468013468,782.5,2852.0,3854.0,4154.0,1843.0,752.5,0.8371887803077698,0.4893221855163574,0.11254316467492899,71,-0.0004207806612586503,-0.06238323450088501
1136,Healthy,0.8712424849699398,2.857377587906671,298.0,433.0,257.0,3735.0,0.7073170731707317,0.19964845466529954,0.03828600405679513,0.3905183545471315,702.0,2732.0,3793.0,4095.0,1652.0,677.0,0.8683546781539917,0.61507248878479,0.05860262170800871,67,-0.0005117951742465271,-0.07257932424545288
1137,Healthy,0.8522631261315631,2.8325577663671373,341.0,513.5,306.0,3836.5,0.6432165964876245,0.18299445471349354,0.03774808665196524,0.30835525718951284,868.5,2762.5,3709.0,4000.0,1906.0,819.5,0.8406857848167419,0.5014504194259644,0.08088873997187618,75,-0.0006583684398866072,-0.05880779027938843
1138,Healthy,0.8324732989319573,2.793797825211438,374.5,573.5,349.0,3817.5,0.6255327584497968,0.17360812938314013,0.04691988509415895,0.2861646234676007,944.5,2887.0,3732.5,4100.0,2038.0,894.5,0.8250033855438232,0.5231273174285889,0.07119526697634461,73,-0.0003813316436849921,-0.04663193225860596
1139,Healthy,0.8420544972269111,2.5588041327764346,316.5,506.5,327.5,3819.5,0.6678423863750882,0.19529105878954212,0.042257069084954975,0.3315145648156297,824.0,2785.5,3802.0,4137.5,1899.0,796.0,0.8129045367240906,0.3205091953277588,0.12428597103437977,70,-0.000352602861211722,-0.07252460718154907
1140,Healthy,0.8363417569193743,2.7724589117600127,363.0,578.0,340.0,3815.0,0.633196320219221,0.16617749825296996,0.04495929868503444,0.30535152151101785,937.0,2983.0,3813.0,4172.0,1986.0,877.0,0.8191582560539246,0.4953271150588989,0.08846011958047502,75,-0.0007292677313305051,-0.043303072452545166
1141,Healthy,0.8587920768015554,2.6179891827813586,292.5,480.5,290.5,3824.0,0.6785990712074303,0.18917066483893077,0.04593682179889076,0.3383785664578984,830.5,2957.5,3956.5,4337.5,1901.5,795.5,0.8446002006530762,0.44988441467285156,0.10702432003921228,68,-0.00040668190540426035,-0.055405497550964355
1142,Healthy,0.8388223552894212,2.8781782381645407,360.5,529.0,323.0,3685.0,0.6359166011014948,0.1806373766768401,0.043800200803212855,0.3200348432055749,925.5,2886.0,3809.5,4158.5,1951.5,839.5,0.8241810202598572,0.506659746170044,0.08965642288944903,75,-0.0006978764140155414,-0.03925919532775879
1143,Healthy,0.8716293201671098,2.6985184604530845,270.5,453.0,253.5,3696.0,0.698771549499329,0.19255018479599972,0.04086021505376344,0.3537117903930131,729.5,2785.5,3791.0,4114.0,1776.0,709.5,0.846558690071106,0.49990570545196533,0.09865644985882087,71,-0.0005924226242388482,-0.08853572607040405
1144,Unhealthy,0.8087569199798692,2.6463565253190615,378.5,584.5,380.0,3594.0,0.6149328023892484,0.1568963058051633,0.040338613480407876,0.2816290393979637,967.0,2955.5,3741.0,4055.5,2028.5,891.0,0.8051282167434692,0.30629169940948486,0.09266544982610575,78,-0.00033848096355256087,-0.04925471544265747
1145,Healthy,0.861868573983013,2.5646824077153307,301.5,501.5,309.0,4165.0,0.6966450521567522,0.1908970976253298,0.03681157755699765,0.37464282798595805,807.0,3066.5,4193.0,4513.5,1915.0,778.0,0.8434927463531494,0.4482758641242981,0.11417923281649497,72,-0.0002767072577863282,-0.03246539831161499
1146,Unhealthy,0.8689227836034319,3.0087473180392803,339.0,480.0,275.0,3921.0,0.6971830985915493,0.19110378912685339,0.0429138117562207,0.37043601559730593,774.0,2946.0,3981.0,4338.0,1776.0,725.0,0.8637014031410217,0.5728411078453064,0.07704743402569508,74,-0.00044017902850401703,-0.0723869800567627
1147,Healthy,0.8232016210739616,2.686838624338624,356.0,558.0,349.0,3599.0,0.6659478533620858,0.18373032455773786,0.0379870526444363,0.33380782918149465,852.0,2930.0,3938.0,4249.0,1872.0,767.0,0.8201373219490051,0.42002734541893005,0.10261058328597614,77,-0.000944629532538037,-0.07521915435791016
1148,Healthy,0.84947802864773,2.7902711323763953,338.0,515.0,310.0,3809.0,0.6659478533620858,0.18373032455773786,0.0379870526444363,0.33380782918149465,852.0,2930.0,3938.0,4249.0,1872.0,767.0,0.8357284069061279,0.47310909628868103,0.09053656847737696,76,-0.0007429990818484322,-0.040912091732025146
1149,Healthy,0.875242718446602,3.0796822956699974,330.5,474.5,257.0,3863.0,0.6971830985915493,0.19110378912685339,0.0429138117562207,0.37043601559730593,774.0,2946.0,3981.0,4338.0,1776.0,725.0,0.8626469969749451,0.5658877491950989,0.07815134887895064,76,-0.0004338965499719672,-0.07538473606109619
1150,Healthy,0.8701957940536621,2.8022106328325678,302.5,444.0,268.5,3868.5,0.6877645635960492,0.1899381794926455,0.042779749673080514,0.3453018935334048,774.5,2850.0,3843.0,4186.5,1832.5,738.0,0.8586724996566772,0.5235859155654907,0.09440693133298105,66,-0.0005924484034493879,-0.057926952838897705
1151,Healthy,0.8564356435643564,2.6938648396138274,304.0,464.0,290.0,3750.0,0.6668632075471698,0.18367062107466853,0.0437511537751523,0.33465688390159687,847.5,2924.5,3885.0,4240.5,1927.0,796.5,0.8414791226387024,0.4072083532810211,0.1070410108738054,68,-0.0005428565105359937,-0.06689649820327759
1152,Healthy,0.8696426451383118,2.6675163874726877,287.0,470.0,274.5,3937.0,0.6845332278481012,0.18969129766727197,0.04164373509447808,0.3457600420057758,797.5,2900.5,3918.0,4258.5,1869.0,774.0,0.8489022850990295,0.3143693208694458,0.12292914481706729,69,-0.000539312161474899,-0.057700276374816895
1153,Healthy,0.8750648004147227,2.7772293517604476,270.0,412.0,241.0,3617.0,0.7063910567390845,0.1988737403675163,0.04521963824289406,0.3864239666287448,696.0,2703.0,3695.0,4045.0,1618.0,654.0,0.8715285062789917,0.6222408413887024,0.059930639371001404,65,-0.0005125681107233683,-0.0844196081161499
1154,Healthy,0.7963709677419355,2.3589131083905643,352.0,591.0,404.0,3564.0,0.633196320219221,0.16617749825296996,0.04495929868503444,0.30535152151101785,937.0,2983.0,3813.0,4172.0,1986.0,877.0,0.7809149622917175,0.49246230721473694,0.07990019146381414,76,-0.0005674361298011578,-0.03562462329864502
1155,Healthy,0.8618876941457586,2.9628716937736157,345.0,478.0,289.0,3896.0,0.6971830985915493,0.19110378912685339,0.0429138117562207,0.37043601559730593,774.0,2946.0,3981.0,4338.0,1776.0,725.0,0.8601634502410889,0.5731021761894226,0.07482949388588173,75,-0.000429118853945131,-0.06432127952575684
1156,Healthy,0.835595390524968,2.647679324894515,324.0,498.0,321.0,3584.0,0.6573984055998444,0.17329662766689607,0.038878732480195,0.3341230222523056,881.0,3003.0,3943.0,4262.0,1967.5,826.5,0.8102541565895081,0.3101525902748108,0.13596183496181133,72,-0.0005781381594142771,-0.08638542890548706
1157,Healthy,0.867680608365019,2.6101875857861825,263.0,436.0,261.0,3684.0,0.6996495567924139,0.19683553491072725,0.049583094647062564,0.34183018521914543,728.5,2766.5,3733.0,4122.5,1794.5,708.0,0.8503947257995605,0.46820276975631714,0.10691588269336615,68,-0.0005724584701130042,-0.07844972610473633
1158,Healthy,0.8457796156652883,2.6127141568981065,316.0,534.0,317.0,3794.0,0.6552403467297084,0.17543368774482374,0.045349922239502335,0.31758530183727035,875.0,2947.0,3836.5,4201.0,1950.0,821.0,0.8198830485343933,0.4175921678543091,0.11007853837034005,74,-0.00032095478963136873,-0.0560985803604126
1159,Healthy,0.884493670886076,2.761467889908257,288.0,457.0,255.5,4168.5,0.7017223130953526,0.19057556378323798,0.04035294117647059,0.35776344086021505,775.0,3006.0,4078.5,4421.5,1866.5,741.0,0.8690250515937805,0.3976432979106903,0.1261707233508201,72,-0.000293166167440011,-0.07661199569702148
1160,Healthy,0.8623326959847036,2.8165495706479313,323.0,487.0,288.0,3896.0,0.6797027766914353,0.18401102687801515,0.043488824101068996,0.3440537197384697,819.0,2960.0,3937.0,4295.0,1856.0,759.0,0.8568219542503357,0.5562117695808411,0.08582166288269401,75,-0.00032216109817115155,-0.07014793157577515
1161,Healthy,0.8700369344413665,2.8987848023381018,332.0,493.0,281.5,4050.5,0.7030700503754396,0.1976472160951808,0.04065512835404809,0.3849761326522067,781.0,3001.0,4129.5,4479.5,1836.0,748.0,0.8625922203063965,0.5575641989707947,0.07175852631371576,73,-0.0004371946075139666,-0.07138866186141968
1162,Healthy,0.8443579766536965,2.625926486159431,321.0,529.0,320.0,3792.0,0.6573984055998444,0.17329662766689607,0.038878732480195,0.3341230222523056,881.0,3003.0,3943.0,4262.0,1967.5,826.5,0.8179156184196472,0.3325198292732239,0.13338963849017618,72,-0.0005113648320921722,-0.048941075801849365
1163,Healthy,0.8721881390593047,2.788265097654654,280.5,425.5,250.0,3662.0,0.7063910567390845,0.1988737403675163,0.04521963824289406,0.3864239666287448,696.0,2703.0,3695.0,4045.0,1618.0,654.0,0.8687934875488281,0.6055283546447754,0.06058544081197639,66,-0.0005328925411939299,-0.08167529106140137
1164,Healthy,0.8698441796516957,2.8735806207418624,331.0,532.0,284.0,4080.0,0.6948474237118559,0.1939667324499577,0.044905008635578586,0.3659761456371626,762.5,2859.0,3871.0,4235.0,1767.5,734.5,0.8530765771865845,0.3878733813762665,0.10822650695989262,70,-0.000665029257767384,-0.03288102149963379
1165,Healthy,0.8461730241834954,2.8135621321396003,338.5,503.0,308.5,3702.5,0.6499694563225412,0.18128143450688824,0.052201012855473315,0.33484944964977714,859.5,2808.0,3649.5,4051.5,1828.0,754.0,0.8379504680633545,0.5297932624816895,0.07941420672215674,76,-0.0006476259819987106,-0.04797470569610596
1166,Healthy,0.8364442370508632,2.6219556790755503,349.5,545.0,350.5,3935.5,0.6531980084258905,0.18114653167327951,0.05338295406015496,0.3172538547678525,905.5,2992.5,3879.0,4316.5,1981.5,825.0,0.8132644295692444,0.4416912794113159,0.11223300752343157,73,-0.00035604850404310806,-0.026110589504241943
1167,Healthy,0.8712849162011174,2.7517820594255062,316.5,466.0,288.0,4187.0,0.6966450521567522,0.1908970976253298,0.03681157755699765,0.37464282798595805,807.0,3066.5,4193.0,4513.5,1915.0,778.0,0.8554641604423523,0.43448275327682495,0.12085340301732293,72,-0.00034724297677929004,-0.05175375938415527
1168,Healthy,0.8583157400891391,2.850576503583671,342.0,503.0,302.0,3961.0,0.6746729154462019,0.17834569936795824,0.04483430799220273,0.36381085325423135,833.0,2990.0,3920.0,4288.0,1823.0,743.0,0.849830687046051,0.5229591727256775,0.08977561324568184,75,-0.000281396973937347,-0.06007117033004761
1169,Healthy,0.8573529411764705,2.6431917787517003,297.0,482.0,291.0,3789.0,0.6627027027027027,0.1773957825875148,0.04774880782807952,0.32535514421007317,858.0,2955.0,3844.0,4229.5,1959.0,818.0,0.8500733375549316,0.32487866282463074,0.1125725246531418,66,-0.00033823824325310693,-0.05386364459991455
1170,Healthy,0.8588772689025124,2.81254920484963,327.0,508.0,293.5,3866.0,0.6627027027027027,0.1773957825875148,0.04774880782807952,0.32535514421007317,858.0,2955.0,3844.0,4229.5,1959.0,818.0,0.8472058773040771,0.40996700525283813,0.10838326317658595,66,-0.00037331452588020394,-0.05308955907821655
1171,Healthy,0.8423842619860996,2.748904436072884,355.5,536.0,334.5,3910.0,0.6513563803741064,0.17472481538247178,0.03823656178806724,0.337895192724123,890.0,2961.5,3905.0,4215.5,1911.0,808.0,0.8334896564483643,0.48107364773750305,0.09203359728050553,75,-0.0007422986392728422,-0.03611940145492554
1172,Healthy,0.8723761544920235,3.142227598721161,347.5,490.5,266.0,3902.5,0.6971830985915493,0.19110378912685339,0.0429138117562207,0.37043601559730593,774.0,2946.0,3981.0,4338.0,1776.0,725.0,0.8665338754653931,0.5666530728340149,0.08023649333053226,75,-0.000439234857436142,-0.07694768905639648
1173,Healthy,0.8664166861963909,2.7813722539873607,316.0,489.0,285.0,3982.0,0.6944179843779767,0.1817698644698379,0.03406580630159284,0.3730886850152905,802.0,3079.0,4154.0,4447.0,1845.0,738.0,0.8648861646652222,0.5034535527229309,0.09309887933422538,75,-0.0002794580784535568,-0.0749158263206482
1174,Healthy,0.8426013195098964,2.521861777150917,316.0,502.0,334.0,3910.0,0.6758877376521477,0.19110602702509474,0.04418677530554685,0.3389010989010989,805.5,2828.5,3812.5,4165.0,1880.0,778.0,0.820172905921936,0.3785310685634613,0.09418015591104355,68,-0.0004405034644672665,-0.06389421224594116
1175,Healthy,0.8535874711666869,2.8151024983984625,334.0,497.0,301.5,3817.0,0.6688989560764231,0.19119921270912413,0.04283076923076923,0.33770608048218403,840.5,2876.5,3888.5,4236.5,1868.0,799.0,0.8465404510498047,0.4750092625617981,0.08204164597186236,74,-0.0006448140450142982,-0.06296640634536743
1176,Healthy,0.8694817658349329,2.7256317689530687,294.0,450.0,272.0,3896.0,0.7073170731707317,0.19964845466529954,0.03828600405679513,0.3905183545471315,702.0,2732.0,3793.0,4095.0,1652.0,677.0,0.8680015802383423,0.6182764768600464,0.05756962362580315,67,-0.0004430642000033639,-0.06780320405960083
1177,Healthy,0.8623326959847036,2.8165495706479313,323.0,487.0,288.0,3896.0,0.6797027766914353,0.18401102687801515,0.043488824101068996,0.3440537197384697,819.0,2960.0,3937.0,4295.0,1856.0,759.0,0.8568219542503357,0.5562117695808411,0.08582166288269401,75,-0.00032216109817115155,-0.07014793157577515
1178,Healthy,0.8371368000997631,2.869539198084979,362.5,518.5,326.5,3683.0,0.648439851509983,0.16981132075471697,0.03842750600429781,0.3091419055131913,876.0,2915.0,3803.5,4107.5,1970.5,843.0,0.8345829844474792,0.43283581733703613,0.094648652176537,76,-0.00031944374228813215,-0.06938338279724121
1179,Healthy,0.8689935453024146,2.8013255240443895,308.0,474.0,274.0,3909.0,0.6586977648202138,0.18511317872517705,0.04705232807803202,0.3247566063977747,878.0,2934.0,3883.5,4267.0,1942.0,820.5,0.8554801344871521,0.42174628376960754,0.1149186116981359,73,-0.00020921987035646804,-0.059712231159210205
1180,Unhealthy,0.8682325308279507,2.8802399875331153,327.0,468.5,280.5,3977.0,0.7043259945925068,0.19418132611637348,0.04376108811354228,0.3739130434782609,765.5,2977.5,4042.5,4412.5,1818.0,737.0,0.8681522011756897,0.5266719460487366,0.07095612950629776,73,-0.00043561374054571373,-0.08147788047790527
1181,Unhealthy,0.85,2.874980243401296,363.0,533.0,321.0,3959.0,0.648439851509983,0.16981132075471697,0.03842750600429781,0.3091419055131913,876.0,2915.0,3803.5,4107.5,1970.5,843.0,0.8440085649490356,0.4396190345287323,0.08547088657391899,76,-0.0002965895224928283,-0.06831389665603638
1182,Healthy,0.8476993674810864,2.604801829268293,305.0,501.0,307.0,3724.5,0.650195449533928,0.19520871143375682,0.04156386411083697,0.30459870606749434,872.5,2771.5,3787.5,4116.0,1988.5,851.5,0.8299506902694702,0.4168655574321747,0.10664309095656949,69,-0.000521036415562619,-0.047104716300964355
1183,Healthy,0.877167973390354,3.037433155080214,328.5,482.5,258.5,3950.5,0.7070877984583568,0.19568080063207796,0.04427832087406555,0.37206132879045994,779.0,3054.0,4155.0,4540.0,1843.0,759.0,0.8662875890731812,0.44657430052757263,0.09349802569893181,75,-0.00022104268953333686,-0.08140325546264648
1184,Healthy,0.8832063837504533,2.827887890987922,282.0,446.5,241.5,3894.0,0.6961663947797716,0.19830007923359505,0.03515649306203721,0.3538626801539701,745.0,2782.5,3876.5,4159.0,1804.5,734.0,0.8609558343887329,0.4661586880683899,0.1183368182231394,70,-0.00047757094257886394,-0.0793459415435791
1185,Healthy,0.8654233870967742,2.6857500391052715,281.0,436.0,267.0,3701.0,0.6675513614469675,0.1889543033361368,0.05833177366024082,0.3119217081850534,845.5,2893.0,3773.5,4241.0,1933.5,798.5,0.8500033020973206,0.3734562397003174,0.12265318017087605,69,-0.0006021946743906372,-0.07903468608856201
1186,Healthy,0.8758569113797832,2.6526991317478292,259.5,403.0,249.0,3762.5,0.6879026485325698,0.18816585084940973,0.046737269325892575,0.33785004516711836,763.0,2819.5,3758.0,4126.5,1832.5,734.5,0.8643388748168945,0.2777240574359894,0.11201983866032052,68,-0.0008247327191123066,-0.07408285140991211
1187,Healthy,0.8399616674652611,2.793625498007968,361.0,588.0,334.0,3840.0,0.6457917830075788,0.1798684586788676,0.0476069569633109,0.32062819834127404,888.0,2868.0,3751.0,4126.0,1925.0,814.0,0.81132972240448,0.5113229751586914,0.0803461583369549,75,-0.0006661212499144107,-0.039544761180877686
1188,Healthy,0.8087569199798692,2.6463565253190615,378.5,584.5,380.0,3594.0,0.6149328023892484,0.1568963058051633,0.040338613480407876,0.2816290393979637,967.0,2955.5,3741.0,4055.5,2028.5,891.0,0.8051282167434692,0.30629169940948486,0.09266544982610575,78,-0.00033848096355256087,-0.04925471544265747
1189,Healthy,0.8452625226312613,2.8562688636919815,357.5,522.5,320.5,3822.0,0.6480154888673766,0.17976437976437976,0.0410958904109589,0.3161865569272977,909.0,2959.0,3920.0,4256.0,1994.0,853.0,0.8403860926628113,0.5461945533752441,0.07176501455984492,73,-0.00041761060836870644,-0.05170130729675293
1190,Healthy,0.8622436059761965,2.7750611246943766,299.0,434.0,272.0,3677.0,0.6970321516900247,0.18594267607662393,0.039121655729429584,0.36393562545720554,735.0,2826.0,3807.0,4117.0,1739.0,715.0,0.8620355129241943,0.6190476417541504,0.061384649184828194,69,-0.0005187313779891439,-0.07030594348907471
1191,Healthy,0.8659842894548917,2.8638904195859247,324.5,481.5,281.5,3919.5,0.7012862353618737,0.192090395480226,0.041791571151472404,0.36116588084012,778.0,3003.0,4075.5,4431.0,1863.0,772.0,0.8604055643081665,0.582362711429596,0.06546336209422501,73,-0.00035979997326086806,-0.07246130704879761
1192,Healthy,0.8334990059642147,2.736842105263158,351.5,559.0,335.0,3689.0,0.6524705194425494,0.18889356331510307,0.04498952298779736,0.3364006370553884,891.5,2892.0,3874.0,4239.0,1875.0,796.5,0.8152459263801575,0.5049360394477844,0.08803361061689705,75,-0.000663613252441994,-0.02966386079788208
1193,Healthy,0.8689227836034319,3.0087473180392803,339.0,480.0,275.0,3921.0,0.6971830985915493,0.19110378912685339,0.0429138117562207,0.37043601559730593,774.0,2946.0,3981.0,4338.0,1776.0,725.0,0.8637014031410217,0.5728411078453064,0.07704743402569508,74,-0.00044017902850401703,-0.0723869800567627
1194,Healthy,0.8734730615918734,2.688593366579593,261.5,437.5,246.0,3642.5,0.698771549499329,0.19255018479599972,0.04086021505376344,0.3537117903930131,729.5,2785.5,3791.0,4114.0,1776.0,709.5,0.8545961380004883,0.5026676654815674,0.10347231420074639,69,-0.0005814682399336894,-0.08982646465301514
1195,Healthy,0.872074500673937,2.716204869857263,281.5,431.5,261.0,3819.5,0.6842315369261477,0.18853440383125572,0.04852438645542094,0.33262392480269576,791.0,2880.5,3828.5,4219.0,1881.5,759.5,0.8580406308174133,0.40003833174705505,0.12932387569459794,71,-0.0004749882747436562,-0.07970041036605835
1196,Healthy,0.8646500897205844,2.8019604585479314,295.0,450.5,264.0,3637.0,0.69912226985099,0.18863344281022418,0.04441656210790464,0.3648131267092069,737.0,2841.0,3808.0,4162.0,1742.0,716.0,0.8563365936279297,0.47062817215919495,0.08734764449338996,69,-0.0006877085314353741,-0.0694572925567627
1197,Healthy,0.8618876941457586,2.9628716937736157,345.0,478.0,289.0,3896.0,0.6971830985915493,0.19110378912685339,0.0429138117562207,0.37043601559730593,774.0,2946.0,3981.0,4338.0,1776.0,725.0,0.8601634502410889,0.5731021761894226,0.07482949388588173,75,-0.000429118853945131,-0.06432127952575684
1198,Healthy,0.867492729801492,2.7319423429163017,283.5,441.0,262.0,3692.5,0.6879026485325698,0.18816585084940973,0.046737269325892575,0.33785004516711836,763.0,2819.5,3758.0,4126.5,1832.5,734.5,0.8497187495231628,0.2759619355201721,0.13010383348194784,69,-0.0005669981902602853,-0.06939870119094849
1199,Healthy,0.884493670886076,2.761467889908257,288.0,457.0,255.5,4168.5,0.7017223130953526,0.19057556378323798,0.04035294117647059,0.35776344086021505,775.0,3006.0,4078.5,4421.5,1866.5,741.0,0.8690250515937805,0.3976432979106903,0.1261707233508201,72,-0.000293166167440011,-0.07661199569702148
1200,Healthy,0.8446902128671662,2.5355179553080602,311.5,515.5,326.5,3878.0,0.6850886339937435,0.1943828529194383,0.040505736361507845,0.3392070484581498,830.5,2997.5,4098.0,4444.0,1987.5,837.5,0.8283766508102417,0.43245282769203186,0.10897083291852545,70,-0.0005033728431156339,-0.06680214405059814
1201,Healthy,0.861868573983013,2.5646824077153307,301.5,501.5,309.0,4165.0,0.6966450521567522,0.1908970976253298,0.03681157755699765,0.37464282798595805,807.0,3066.5,4193.0,4513.5,1915.0,778.0,0.8434927463531494,0.4482758641242981,0.11417923281649497,72,-0.0002767072577863282,-0.03246539831161499
1202,Healthy,0.8324477943902138,2.6285602809207957,338.5,516.0,339.0,3707.5,0.6567120336825615,0.1875350926445817,0.049237256604241594,0.3022689733113101,876.5,2894.0,3833.0,4230.0,2006.5,846.0,0.8134568333625793,0.41807273030281067,0.11966516958730368,72,-0.0006644666985710578,-0.07285958528518677
1203,Healthy,0.8325477548995287,2.7344577527906786,353.5,538.0,337.5,3693.5,0.6524705194425494,0.18889356331510307,0.04498952298779736,0.3364006370553884,891.5,2892.0,3874.0,4239.0,1875.0,796.5,0.8243717551231384,0.419812947511673,0.0955782266763392,74,-0.0006198174389893877,-0.01800084114074707
1204,Healthy,0.8718535469107551,2.8997640611918714,331.5,480.5,280.0,4090.0,0.7052671975438933,0.19609690444145356,0.04118095014937614,0.38479870627287427,768.0,2986.5,4092.0,4443.5,1807.0,735.5,0.8698358535766602,0.5194061398506165,0.07270259599125616,73,-0.000453594099519191,-0.06946700811386108
1205,Healthy,0.8485215705283567,2.675991745012612,322.5,509.0,312.5,3813.5,0.656468273487457,0.17239938727196769,0.04053887034977135,0.3337305302578943,873.0,2971.5,3881.5,4209.5,1957.0,840.5,0.834111750125885,0.5060890316963196,0.09456362371741668,68,-0.00018780555882997647,-0.006278574466705322
1206,Healthy,0.861611374407583,2.9101968945093644,341.0,507.5,292.0,3928.0,0.7014520813165537,0.1954836076724255,0.048437127177284656,0.37012534818941506,771.0,2957.0,3988.0,4394.0,1809.0,735.0,0.8509241938591003,0.5555555820465088,0.08532668936142866,76,-0.00021674426640350334,-0.039607882499694824
1207,Healthy,0.8446902128671662,2.5355179553080602,311.5,515.5,326.5,3878.0,0.6850886339937435,0.1943828529194383,0.040505736361507845,0.3392070484581498,830.5,2997.5,4098.0,4444.0,1987.5,837.5,0.8283766508102417,0.43245282769203186,0.10897083291852545,70,-0.0005033728431156339,-0.06680214405059814
1208,Unhealthy,0.8611850060459492,2.78116213683224,316.0,506.0,287.0,3848.0,0.6668632075471698,0.18367062107466853,0.0437511537751523,0.33465688390159687,847.5,2924.5,3885.0,4240.5,1927.0,796.5,0.8458343148231506,0.40244317054748535,0.10931724495737452,67,-0.0004787541285956819,-0.06668680906295776
1209,Healthy,0.8741309038599856,2.8018135710443404,297.5,449.5,262.5,3908.5,0.6948474237118559,0.1939667324499577,0.044905008635578586,0.3659761456371626,762.5,2859.0,3871.0,4235.0,1767.5,734.5,0.8690502047538757,0.330636590719223,0.11740840934131007,69,-0.0008116330669146738,-0.057613492012023926
1210,Healthy,0.8206896551724138,2.726505346088914,383.5,581.0,370.5,3762.0,0.618645693458661,0.17161899472368786,0.041728395061728395,0.28677713899222185,994.0,2983.0,3881.0,4219.0,2109.0,927.0,0.8056219220161438,0.5021114945411682,0.07469959778831657,73,-0.0003228923540402994,-0.02704930305480957
1211,Healthy,0.8680050188205771,2.7142184557438793,282.0,462.0,263.0,3722.0,0.6879026485325698,0.18816585084940973,0.046737269325892575,0.33785004516711836,763.0,2819.5,3758.0,4126.5,1832.5,734.5,0.8489798903465271,0.3064492642879486,0.14600548507982006,71,-0.0004879713881198989,-0.07102489471435547
1212,Healthy,0.8721264367816092,2.856918732350173,310.0,439.0,267.0,3909.0,0.7073170731707317,0.19964845466529954,0.03828600405679513,0.3905183545471315,702.0,2732.0,3793.0,4095.0,1652.0,677.0,0.8719293475151062,0.6253838539123535,0.05816518544691794,67,-0.0004936346986222568,-0.07276111841201782
1213,Healthy,0.8751088443836298,2.772523055095767,280.5,444.5,251.0,3768.5,0.6996495567924139,0.19683553491072725,0.049583094647062564,0.34183018521914543,728.5,2766.5,3733.0,4122.5,1794.5,708.0,0.85467129945755,0.45470812916755676,0.11861305527940512,69,-0.0004422715450427226,-0.08383184671401978
1214,Healthy,0.8589837101872113,2.683427008962479,303.0,484.0,290.0,3823.0,0.6668632075471698,0.18367062107466853,0.0437511537751523,0.33465688390159687,847.5,2924.5,3885.0,4240.5,1927.0,796.5,0.8490501046180725,0.4508276581764221,0.09743846341552151,65,-0.0007079209511194068,-0.0710139274597168
1215,Unhealthy,0.843265503875969,2.801384194431032,352.0,524.5,323.5,3804.5,0.648439851509983,0.16981132075471697,0.03842750600429781,0.3091419055131913,876.0,2915.0,3803.5,4107.5,1970.5,843.0,0.8475146889686584,0.5054426193237305,0.08889426350969451,76,-0.00026939353200873626,-0.06751948595046997
1216,Healthy,0.8588772689025124,2.81254920484963,327.0,508.0,293.5,3866.0,0.6627027027027027,0.1773957825875148,0.04774880782807952,0.32535514421007317,858.0,2955.0,3844.0,4229.5,1959.0,818.0,0.8472058773040771,0.40996700525283813,0.10838326317658595,66,-0.00037331452588020394,-0.05308955907821655
1217,Healthy,0.8667944417824629,3.0454545454545454,346.0,479.0,278.0,3896.0,0.7047609737022191,0.19659644548136965,0.04525564946352575,0.37321334039174164,755.0,2927.0,3982.0,4359.5,1776.0,728.5,0.8620030283927917,0.5795847773551941,0.07288833630728055,73,-0.00045176117569137346,-0.06992405652999878
1218,Healthy,0.8608247422680413,2.794043834699682,299.0,469.5,270.0,3610.0,0.6880430285477865,0.18933100131176214,0.04334484081319524,0.3667097727692592,754.0,2781.0,3741.0,4080.0,1714.0,678.0,0.8491033911705017,0.5981900691986084,0.06395967650659379,65,-0.0004391883564286591,-0.05497258901596069
1219,Healthy,0.8100719424460432,2.692920918367347,402.0,629.0,396.0,3774.0,0.6166255456443348,0.17021568896826486,0.04695181907571288,0.30092204526404026,1010.0,3020.0,3877.0,4259.0,2085.0,926.0,0.8052008152008057,0.47291627526283264,0.074850431851894,74,-0.000468643866870282,-0.029790103435516357
1220,Healthy,0.8744180765300329,2.9296964163433006,333.5,480.0,276.5,4127.0,0.7052671975438933,0.19609690444145356,0.04118095014937614,0.38479870627287427,768.0,2986.5,4092.0,4443.5,1807.0,735.5,0.8703926801681519,0.516059935092926,0.07434076288596182,73,-0.00048288122430293766,-0.07689511775970459
1221,Healthy,0.8680050188205771,2.7142184557438793,282.0,462.0,263.0,3722.0,0.6879026485325698,0.18816585084940973,0.046737269325892575,0.33785004516711836,763.0,2819.5,3758.0,4126.5,1832.5,734.5,0.8489798903465271,0.3064492642879486,0.14600548507982006,71,-0.0004879713881198989,-0.07102489471435547
1222,Healthy,0.8341315855810436,2.861961598339388,363.0,518.0,329.0,3638.0,0.6103585657370518,0.16383530089260007,0.0448494248416699,0.2789285714285714,978.0,2904.0,3695.0,4042.0,2019.0,876.0,0.8291377425193787,0.42395249009132385,0.08864778806681063,75,-0.0002871569083848601,-0.05550414323806763
1223,Healthy,0.867492729801492,2.7319423429163017,283.5,441.0,262.0,3692.5,0.6879026485325698,0.18816585084940973,0.046737269325892575,0.33785004516711836,763.0,2819.5,3758.0,4126.5,1832.5,734.5,0.8497187495231628,0.2759619355201721,0.13010383348194784,69,-0.0005669981902602853,-0.06939870119094849
1224,Healthy,0.8698723509728591,2.842390864177533,301.5,437.5,262.5,3772.0,0.6966084275436794,0.1978811407009651,0.046200646428797766,0.36758160237388726,738.0,2763.5,3762.5,4127.0,1705.0,683.0,0.8680380582809448,0.5977081060409546,0.06258678033327049,65,-0.0005254567079589692,-0.08416938781738281
1225,Unhealthy,0.8362826806713095,2.68866539421524,369.0,560.5,358.5,4021.0,0.6513563803741064,0.17472481538247178,0.03823656178806724,0.337895192724123,890.0,2961.5,3905.0,4215.5,1911.0,808.0,0.8244320154190063,0.4555422365665436,0.09633296085395852,75,-0.0009005535743048834,-0.06620866060256958
1226,Healthy,0.8623655913978494,2.741273926331028,294.0,447.0,272.0,3680.5,0.6961663947797716,0.19830007923359505,0.03515649306203721,0.3538626801539701,745.0,2782.5,3876.5,4159.0,1804.5,734.0,0.8465704917907715,0.44837820529937744,0.11517903632018629,69,-0.00037829670046851807,-0.0772894024848938
1227,Healthy,0.8840904005370329,2.7033869312350327,281.5,461.0,259.0,4210.0,0.6966450521567522,0.1908970976253298,0.03681157755699765,0.37464282798595805,807.0,3066.5,4193.0,4513.5,1915.0,778.0,0.8694172501564026,0.40535062551498413,0.12455194914761504,72,-0.000284475815172191,-0.07339310646057129
1228,Healthy,0.8378967773200873,2.668827660723933,341.5,507.5,334.5,3792.5,0.648439851509983,0.16981132075471697,0.03842750600429781,0.3091419055131913,876.0,2915.0,3803.5,4107.5,1970.5,843.0,0.831444501876831,0.4295562207698822,0.09272908894354832,76,-0.00025954441221915866,-0.05685800313949585
1229,Healthy,0.8100719424460432,2.692920918367347,402.0,629.0,396.0,3774.0,0.6166255456443348,0.17021568896826486,0.04695181907571288,0.30092204526404026,1010.0,3020.0,3877.0,4259.0,2085.0,926.0,0.8052008152008057,0.47291627526283264,0.074850431851894,74,-0.000468643866870282,-0.029790103435516357
1230,Healthy,0.8549897236812057,2.7478899082568806,341.5,527.0,317.5,4061.5,0.6531980084258905,0.18114653167327951,0.05338295406015496,0.3172538547678525,905.5,2992.5,3879.0,4316.5,1981.5,825.0,0.8415300250053406,0.4476836025714874,0.11642014992143282,73,-0.000457154506821735,-0.05643409490585327
1231,Unhealthy,0.8410291752814151,2.8008568586948206,375.5,559.0,346.0,4007.0,0.6391237509607994,0.16498224528817262,0.03506855964082029,0.3027188328912467,939.0,3057.0,3976.0,4265.0,2103.0,932.0,0.829096257686615,0.40564578771591187,0.08655288177262202,76,-0.0002480456766951281,-0.0680551528930664
1232,Healthy,0.8631760928624351,2.7433281004709578,300.0,487.0,277.0,3772.0,0.6627027027027027,0.1773957825875148,0.04774880782807952,0.32535514421007317,858.0,2955.0,3844.0,4229.5,1959.0,818.0,0.8506865501403809,0.341702401638031,0.11683200146581144,67,7.837311812668902e-05,-0.010767638683319092
1233,Healthy,0.8557704000972881,2.8091816367265467,328.5,457.0,296.5,3815.0,0.7050969691063249,0.19884884198985886,0.045036435312388004,0.3704323324821696,756.5,2923.0,3997.0,4374.0,1787.5,740.0,0.8563750386238098,0.5332284569740295,0.06997432068653331,72,-0.0004435032290882332,-0.067141592502594
1234,Healthy,0.8792040032584661,2.813780260707635,298.5,462.0,259.5,4037.0,0.6586977648202138,0.18511317872517705,0.04705232807803202,0.3247566063977747,878.0,2934.0,3883.5,4267.0,1942.0,820.5,0.8626577258110046,0.3976691961288452,0.12331332005708874,72,-0.0002504097537394675,-0.07168930768966675
1235,Healthy,0.8561749673124925,2.730477634571645,323.0,492.0,302.5,3904.0,0.6850886339937435,0.1943828529194383,0.040505736361507845,0.3392070484581498,830.5,2997.5,4098.0,4444.0,1987.5,837.5,0.83804851770401,0.4351564049720764,0.10761191382642318,70,-0.00044071946382902424,-0.06065255403518677
1236,Healthy,0.8832063837504533,2.827887890987922,282.0,446.5,241.5,3894.0,0.6961663947797716,0.19830007923359505,0.03515649306203721,0.3538626801539701,745.0,2782.5,3876.5,4159.0,1804.5,734.0,0.8609558343887329,0.4661586880683899,0.1183368182231394,70,-0.00047757094257886394,-0.0793459415435791
1237,Healthy,0.8703126802815276,2.915056422940176,334.0,484.0,281.0,4052.5,0.7052671975438933,0.19609690444145356,0.04118095014937614,0.38479870627287427,768.0,2986.5,4092.0,4443.5,1807.0,735.5,0.8675559759140015,0.51575767993927,0.07153662328351865,72,-0.0004441991505496814,-0.07586789131164551
1238,Healthy,0.8710134656272147,3.008322454308094,338.0,488.0,273.0,3960.0,0.7049749325106055,0.19502635491282605,0.04225850179760712,0.38374582512631666,765.0,2978.0,4062.5,4421.0,1799.0,713.0,0.8641589283943176,0.5185474157333374,0.08537896197271216,76,-0.0004265300932695841,-0.0792396068572998
1239,Healthy,0.8689935453024146,2.8013255240443895,308.0,474.0,274.0,3909.0,0.6586977648202138,0.18511317872517705,0.04705232807803202,0.3247566063977747,878.0,2934.0,3883.5,4267.0,1942.0,820.5,0.8554801344871521,0.42174628376960754,0.1149186116981359,73,-0.00020921987035646804,-0.059712231159210205
1240,Healthy,0.8485502036903906,2.8291786513263024,350.0,540.0,316.0,3857.0,0.6659478533620858,0.18373032455773786,0.0379870526444363,0.33380782918149465,852.0,2930.0,3938.0,4249.0,1872.0,767.0,0.8352112770080566,0.47310909628868103,0.09115212213756053,76,-0.0007279607422625779,-0.041477739810943604
1241,Healthy,0.85,2.874980243401296,363.0,533.0,321.0,3959.0,0.648439851509983,0.16981132075471697,0.03842750600429781,0.3091419055131913,876.0,2915.0,3803.5,4107.5,1970.5,843.0,0.8440085649490356,0.4396190345287323,0.08547088657391899,76,-0.0002965895224928283,-0.06831389665603638
1242,Healthy,0.884493670886076,2.761467889908257,288.0,457.0,255.5,4168.5,0.7017223130953526,0.19057556378323798,0.04035294117647059,0.35776344086021505,775.0,3006.0,4078.5,4421.5,1866.5,741.0,0.8690250515937805,0.3976432979106903,0.1261707233508201,72,-0.000293166167440011,-0.07661199569702148
1243,Healthy,0.8840904005370329,2.7033869312350327,281.5,461.0,259.0,4210.0,0.6966450521567522,0.1908970976253298,0.03681157755699765,0.37464282798595805,807.0,3066.5,4193.0,4513.5,1915.0,778.0,0.8694172501564026,0.40535062551498413,0.12455194914761504,72,-0.000284475815172191,-0.07339310646057129
1244,Healthy,0.8149239077074129,2.615202835762111,371.5,575.5,377.0,3697.0,0.6117969821673526,0.15051056091761086,0.03491664045297263,0.29583586890376423,990.5,3036.5,3835.0,4112.5,2025.0,878.5,0.8052735328674316,0.3837645649909973,0.0859941356878551,79,-0.00022783291157035715,-0.03976565599441528
1245,Healthy,0.8420544972269111,2.5588041327764346,316.5,506.5,327.5,3819.5,0.6678423863750882,0.19529105878954212,0.042257069084954975,0.3315145648156297,824.0,2785.5,3802.0,4137.5,1899.0,796.0,0.8129045367240906,0.3205091953277588,0.12428597103437977,70,-0.000352602861211722,-0.07252460718154907
1246,Healthy,0.8468146027201146,2.5889991245987742,316.0,518.0,321.0,3870.0,0.6496378939127031,0.17373441960866234,0.046826481182461806,0.3176844334627603,895.0,2966.5,3837.0,4214.0,1933.0,801.5,0.8349705934524536,0.41115185618400574,0.1080077890744938,73,-0.00013706460207213602,-0.05617111921310425
1247,Healthy,0.86741494212557,2.6802745664739884,298.0,488.5,283.5,3993.0,0.6774636827640361,0.1790272507761297,0.033002901353965185,0.34708258142132853,821.5,2975.0,3999.5,4272.5,1899.5,776.5,0.8469764590263367,0.45012611150741577,0.11305560687090457,72,-0.00025445778925729177,-0.05333214998245239
1248,Healthy,0.8393814690110987,2.75364097529046,342.0,516.5,322.0,3687.5,0.6563641749777822,0.18661573288058858,0.0492931314900538,0.3218983291859225,870.0,2874.5,3799.5,4193.5,1907.5,802.0,0.8172118067741394,0.48821988701820374,0.10536760114692721,74,-0.00011412681654941859,-0.024652183055877686
1249,Healthy,0.8571773220747889,2.6969788978290574,311.0,472.0,296.0,3849.0,0.6586977648202138,0.18511317872517705,0.04705232807803202,0.3247566063977747,878.0,2934.0,3883.5,4267.0,1942.0,820.5,0.8463192582130432,0.4134673476219177,0.11621743119334776,73,-0.00018503476628801554,-0.05399203300476074
1250,Healthy,0.8759990312424316,2.7695252679938744,286.0,456.0,256.0,3873.0,0.6786542923433875,0.19710444674250258,0.04125689613816263,0.34196313759108443,831.0,2911.5,3997.0,4341.0,1919.0,795.0,0.8603203296661377,0.4732713997364044,0.09642335478548654,67,-0.00045109758328922787,-0.05024904012680054
1251,Healthy,0.8690346743989368,2.771228232393281,300.0,459.0,271.0,3867.5,0.6961663947797716,0.19830007923359505,0.03515649306203721,0.3538626801539701,745.0,2782.5,3876.5,4159.0,1804.5,734.0,0.8490116596221924,0.47867950797080994,0.11712493965681442,71,-0.00047366469665573624,-0.07080823183059692
1252,Healthy,0.8489027461326298,2.805341998890386,345.5,550.0,315.0,3854.5,0.6513563803741064,0.17472481538247178,0.03823656178806724,0.337895192724123,890.0,2961.5,3905.0,4215.5,1911.0,808.0,0.831757664680481,0.49802595376968384,0.09847671232414368,76,-0.0008006688747744031,-0.035795390605926514
1253,Healthy,0.8431372549019608,2.5743398620252163,294.5,470.0,302.0,3548.5,0.6678423863750882,0.19529105878954212,0.042257069084954975,0.3315145648156297,824.0,2785.5,3802.0,4137.5,1899.0,796.0,0.8319056630134583,0.43590790033340454,0.10080621992640387,68,-0.000491531342859585,-0.07583320140838623
1254,Healthy,0.8755809796210225,2.7330555762220072,285.5,442.0,261.0,3934.5,0.6845332278481012,0.18969129766727197,0.04164373509447808,0.3457600420057758,797.5,2900.5,3918.0,4258.5,1869.0,774.0,0.8611570596694946,0.3346666693687439,0.1370946092626991,71,-0.00043789891153096864,-0.07175648212432861
1255,Healthy,0.8627658324521208,2.9194497455470736,343.0,484.5,292.0,3963.5,0.703210061948564,0.19068241469816272,0.0431133593929639,0.3734656129140743,790.5,3083.5,4161.5,4536.5,1863.0,769.5,0.8615272641181946,0.5275356769561768,0.07028470304049719,72,-0.0004393920063903957,-0.07174724340438843
1256,Healthy,0.8359876396482053,2.810901534526854,374.0,540.0,345.0,3862.0,0.6460038986354776,0.17719224871044192,0.040927021696252466,0.32974661575841724,908.0,2951.0,3890.0,4222.0,1931.0,833.0,0.8329692482948303,0.5039106011390686,0.07073327059227623,74,-0.0005010534055705373,-0.05487549304962158
1257,Healthy,0.8573529411764705,2.6431917787517003,297.0,482.0,291.0,3789.0,0.6627027027027027,0.1773957825875148,0.04774880782807952,0.32535514421007317,858.0,2955.0,3844.0,4229.5,1959.0,818.0,0.8500733375549316,0.32487866282463074,0.1125725246531418,66,-0.00033823824325310693,-0.05386364459991455
1258,Healthy,0.8751088443836298,2.772523055095767,280.5,444.5,251.0,3768.5,0.6996495567924139,0.19683553491072725,0.049583094647062564,0.34183018521914543,728.5,2766.5,3733.0,4122.5,1794.5,708.0,0.85467129945755,0.45470812916755676,0.11861305527940512,69,-0.0004422715450427226,-0.08383184671401978
1259,Healthy,0.8719435914932333,2.640151515151515,290.0,473.5,281.5,4115.0,0.6774636827640361,0.1790272507761297,0.033002901353965185,0.34708258142132853,821.5,2975.0,3999.5,4272.5,1899.5,776.5,0.8606534004211426,0.39938461780548096,0.11905869914395378,72,-0.0002265660378406652,-0.07197916507720947
1260,Healthy,0.8563441905687895,2.794922649742166,325.5,496.0,295.5,3818.5,0.650195449533928,0.19520871143375682,0.04156386411083697,0.30459870606749434,872.5,2771.5,3787.5,4116.0,1988.5,851.5,0.8370501399040222,0.4902793765068054,0.09036556272200685,67,-0.0003755997077596074,-0.04547154903411865
1261,Healthy,0.8758569113797832,2.6526991317478292,259.5,403.0,249.0,3762.5,0.6879026485325698,0.18816585084940973,0.046737269325892575,0.33785004516711836,763.0,2819.5,3758.0,4126.5,1832.5,734.5,0.8643388748168945,0.2777240574359894,0.11201983866032052,68,-0.0008247327191123066,-0.07408285140991211
1262,Healthy,0.8446460980036298,2.7081232058344327,335.5,522.0,321.0,3811.5,0.66795904165424,0.17765143538990666,0.04444721115537849,0.3473053892215569,835.0,2929.0,3837.5,4194.5,1853.0,776.0,0.8290299773216248,0.46625128388404846,0.09000167940886235,74,-0.0007757629992896008,-0.05873030424118042
1263,Healthy,0.8485502036903906,2.8291786513263024,350.0,540.0,316.0,3857.0,0.6659478533620858,0.18373032455773786,0.0379870526444363,0.33380782918149465,852.0,2930.0,3938.0,4249.0,1872.0,767.0,0.8352112770080566,0.47310909628868103,0.09115212213756053,76,-0.0007279607422625779,-0.041477739810943604
1264,Healthy,0.8690346743989368,2.771228232393281,300.0,459.0,271.0,3867.5,0.6961663947797716,0.19830007923359505,0.03515649306203721,0.3538626801539701,745.0,2782.5,3876.5,4159.0,1804.5,734.0,0.8490116596221924,0.47867950797080994,0.11712493965681442,71,-0.00047366469665573624,-0.07080823183059692
1265,Healthy,0.8263131813676908,2.5947249669337897,343.5,524.0,350.5,3685.5,0.650195449533928,0.19520871143375682,0.04156386411083697,0.30459870606749434,872.5,2771.5,3787.5,4116.0,1988.5,851.5,0.8012080788612366,0.4147007167339325,0.11859018584783328,72,-0.0008246663441387742,-0.10803359746932983
1266,Healthy,0.8013013013013013,2.4060715359182447,354.0,587.0,397.0,3599.0,0.6457917830075788,0.1798684586788676,0.0476069569633109,0.32062819834127404,888.0,2868.0,3751.0,4126.0,1925.0,814.0,0.7823253870010376,0.49605342745780945,0.07868859951359385,76,-0.0005257055159879969,-0.042574167251586914
1267,Healthy,0.8356293418109031,2.5086603039943443,327.5,522.5,349.0,3897.5,0.6726248299980572,0.19436736958934517,0.04067694167422182,0.3164491758241758,842.5,2903.5,3968.0,4304.5,1990.5,844.5,0.813363254070282,0.4118984341621399,0.10760758977647418,70,-0.0006259682064872453,-0.07754963636398315
1268,Healthy,0.8212151394422311,2.6590341046521004,361.5,560.5,359.0,3657.0,0.6103585657370518,0.16383530089260007,0.0448494248416699,0.2789285714285714,978.0,2904.0,3695.0,4042.0,2019.0,876.0,0.8186078667640686,0.33458295464515686,0.09813170412434648,77,-0.0003134911673048021,-0.06763911247253418
1269,Healthy,0.8101202404809619,2.587821077058494,368.5,571.5,379.0,3613.0,0.6512399921890256,0.17656880478641993,0.04718266253869969,0.32903225806451614,893.0,2959.0,3847.0,4228.0,1924.0,828.0,0.8140711188316345,0.362782746553421,0.08702148799045578,79,-0.00025316124682976573,-0.04317218065261841
1270,Healthy,0.8744180765300329,2.9296964163433006,333.5,480.0,276.5,4127.0,0.7052671975438933,0.19609690444145356,0.04118095014937614,0.38479870627287427,768.0,2986.5,4092.0,4443.5,1807.0,735.5,0.8703926801681519,0.516059935092926,0.07434076288596182,73,-0.00048288122430293766,-0.07689511775970459
1271,Healthy,0.8439801956285473,2.6086145117945656,321.0,491.5,323.0,3817.5,0.650195449533928,0.19520871143375682,0.04156386411083697,0.30459870606749434,872.5,2771.5,3787.5,4116.0,1988.5,851.5,0.8287133574485779,0.4640410840511322,0.10638622866658054,70,-0.0005989677600381404,-0.06566089391708374
1272,Healthy,0.8590266123231839,2.6061972650567355,294.0,476.0,294.0,3877.0,0.6776627648253846,0.18093292475314948,0.03918983700862896,0.33178574499183217,833.0,3007.0,4008.5,4335.5,1943.0,788.5,0.8532778024673462,0.3941825330257416,0.12157444294814902,71,-0.00031988674936279487,-0.05943763256072998
1273,Healthy,0.8285159096429439,2.717495219885277,366.0,562.0,353.0,3764.0,0.6138362321672856,0.15206473214285715,0.03386541471048513,0.28964635705155517,988.0,3039.0,3858.5,4129.0,2084.0,931.5,0.8123961091041565,0.4686046540737152,0.08454344999435551,78,-0.0003711887772322364,-0.06597572565078735
1274,Healthy,0.8694516971279374,2.8648521820741437,319.0,484.0,275.0,3938.0,0.7028088784128855,0.1940771349862259,0.0373339715208807,0.37881696039085677,756.5,2925.5,4022.5,4334.5,1780.0,726.0,0.8642749786376953,0.5186684727668762,0.08847255240917755,77,-0.0003131126450635933,-0.07537370920181274
1275,Healthy,0.8770426237001485,2.8402782917622678,312.5,469.5,269.0,4106.5,0.691190706679574,0.19461159737417943,0.05114320096269555,0.3496497448758973,797.5,2944.5,3942.5,4367.5,1880.0,789.0,0.8588607907295227,0.4451838731765747,0.11069562710369506,71,-0.0005081446644439024,-0.05661994218826294
1276,Healthy,0.862000741931495,2.513340063455437,263.0,437.5,279.0,3764.5,0.6961663947797716,0.19830007923359505,0.03515649306203721,0.3538626801539701,745.0,2782.5,3876.5,4159.0,1804.5,734.0,0.8467090129852295,0.4313119947910309,0.11786127784802568,70,-0.0004140249900129885,-0.06467396020889282
1277,Healthy,0.8235921754593953,2.683482694684796,379.0,578.5,372.0,3845.5,0.6410157007171933,0.16804635761589404,0.04803169101262689,0.3173570694967477,926.0,3015.0,3845.0,4233.0,1994.0,847.0,0.8013330101966858,0.5814191102981567,0.06916404994715396,75,-0.0005726449437536426,-0.08274734020233154
1278,Healthy,0.8476993674810864,2.604801829268293,305.0,501.0,307.0,3724.5,0.650195449533928,0.19520871143375682,0.04156386411083697,0.30459870606749434,872.5,2771.5,3787.5,4116.0,1988.5,851.5,0.8299506902694702,0.4168655574321747,0.10664309095656949,69,-0.000521036415562619,-0.047104716300964355
1279,Healthy,0.8137055837563452,2.8872478386167146,400.0,600.0,367.0,3573.0,0.6103585657370518,0.16383530089260007,0.0448494248416699,0.2789285714285714,978.0,2904.0,3695.0,4042.0,2019.0,876.0,0.803033173084259,0.28861457109451294,0.08476310851698585,75,-0.00030079432399490014,-0.043847084045410156
1280,Healthy,0.8606162734713529,2.830562153602534,326.0,487.5,289.5,3864.5,0.6786542923433875,0.19710444674250258,0.04125689613816263,0.34196313759108443,831.0,2911.5,3997.0,4341.0,1919.0,795.0,0.8478803634643555,0.473024845123291,0.09270517422257407,66,-0.00022869353373100216,-0.02429485321044922
1281,Healthy,0.8754664179104478,3.045594677916599,339.0,483.0,267.0,4021.0,0.6954334365325078,0.18533549783549783,0.03975317432063605,0.36517826237452405,787.0,3011.0,4046.0,4381.0,1834.0,750.0,0.8594534397125244,0.5028688311576843,0.09071189367394382,74,-0.00018839363679424174,-0.04889911413192749
1282,Healthy,0.8300433317284545,2.8216039279869065,382.0,547.0,353.0,3801.0,0.643703554930709,0.17165354330708663,0.04042715484363082,0.34109347442680776,887.0,2893.0,3774.0,4092.0,1868.0,802.0,0.8274813890457153,0.4323815405368805,0.08702860612252046,74,-0.00020994581462296046,-0.060553789138793945
1283,Healthy,0.8760936391581934,2.8217821782178216,301.0,455.0,262.0,3967.0,0.6776627648253846,0.18093292475314948,0.03918983700862896,0.33178574499183217,833.0,3007.0,4008.5,4335.5,1943.0,788.5,0.8627298474311829,0.4355594217777252,0.11808872849673435,71,-0.0003121979117303515,-0.058782756328582764
1284,Healthy,0.8761564080424324,2.877339382646034,296.5,439.0,251.0,3802.5,0.6829737668388535,0.18584070796460178,0.037462537462537464,0.3468013468013468,782.5,2852.0,3854.0,4154.0,1843.0,752.5,0.8554374575614929,0.4747917652130127,0.11217933367236714,70,-0.00042786092134719164,-0.07172620296478271
1285,Healthy,0.8694516971279374,2.8648521820741437,319.0,484.0,275.0,3938.0,0.7028088784128855,0.1940771349862259,0.0373339715208807,0.37881696039085677,756.5,2925.5,4022.5,4334.5,1780.0,726.0,0.8642749786376953,0.5186684727668762,0.08847255240917755,77,-0.0003131126450635933,-0.07537370920181274
1286,Healthy,0.8700369344413665,2.8987848023381018,332.0,493.0,281.5,4050.5,0.7030700503754396,0.1976472160951808,0.04065512835404809,0.3849761326522067,781.0,3001.0,4129.5,4479.5,1836.0,748.0,0.8625922203063965,0.5575641989707947,0.07175852631371576,73,-0.0004371946075139666,-0.07138866186141968
1287,Healthy,0.8712140493764317,2.7988552739165984,285.0,434.0,253.0,3676.0,0.6996495567924139,0.19683553491072725,0.049583094647062564,0.34183018521914543,728.5,2766.5,3733.0,4122.5,1794.5,708.0,0.8550735712051392,0.43629661202430725,0.1202694303265855,70,-0.000451613664435859,-0.07947653532028198
1288,Healthy,0.8541959681200187,2.6798058538020295,323.0,491.0,311.0,3955.0,0.6765709696848022,0.18319637291017285,0.04361409647588103,0.3381485070025544,805.5,2882.5,3826.5,4175.5,1878.5,778.5,0.8327654004096985,0.40729430317878723,0.10235073182553822,68,-0.0005040415491813057,-0.06345599889755249
1289,Healthy,0.843265503875969,2.801384194431032,352.0,524.5,323.5,3804.5,0.648439851509983,0.16981132075471697,0.03842750600429781,0.3091419055131913,876.0,2915.0,3803.5,4107.5,1970.5,843.0,0.8475146889686584,0.5054426193237305,0.08889426350969451,76,-0.00026939353200873626,-0.06751948595046997
1290,Healthy,0.841747572815534,2.8486939379004435,361.0,523.0,326.0,3794.0,0.6391270459859704,0.17158774373259053,0.04070270939007794,0.3410987482614743,926.0,2974.0,3877.0,4206.0,1895.0,827.0,0.8404024243354797,0.48714181780815125,0.07878617010041096,74,-0.0005584630456171654,-0.04733610153198242
1291,Healthy,0.8279245283018868,2.8263483339058744,370.0,567.0,342.0,3633.0,0.6480154888673766,0.17976437976437976,0.0410958904109589,0.3161865569272977,909.0,2959.0,3920.0,4256.0,1994.0,853.0,0.8173287510871887,0.505083441734314,0.07245891234605664,74,-0.0005377435566472879,-0.061338603496551514
1292,Healthy,0.8452625226312613,2.8562688636919815,357.5,522.5,320.5,3822.0,0.6480154888673766,0.17976437976437976,0.0410958904109589,0.3161865569272977,909.0,2959.0,3920.0,4256.0,1994.0,853.0,0.8403860926628113,0.5461945533752441,0.07176501455984492,73,-0.00041761060836870644,-0.05170130729675293
1293,Healthy,0.872872525182355,2.912385073012439,327.5,481.5,274.5,4044.0,0.7030700503754396,0.1976472160951808,0.04065512835404809,0.3849761326522067,781.0,3001.0,4129.5,4479.5,1836.0,748.0,0.8660037517547607,0.5453720688819885,0.07317970004042203,73,-0.0004444662339628301,-0.07878172397613525
1294,Healthy,0.8751413707306039,2.8716692644548356,324.5,481.5,276.0,4145.0,0.7030700503754396,0.1976472160951808,0.04065512835404809,0.3849761326522067,781.0,3001.0,4129.5,4479.5,1836.0,748.0,0.8691034913063049,0.5113029479980469,0.0739550042183174,73,-0.0004620770169130351,-0.07928282022476196
1295,Healthy,0.868358066060316,3.0043060616098045,338.0,488.0,275.0,3903.0,0.7132798748288676,0.20016440608302508,0.047345767575322814,0.37832167832167835,733.0,2919.0,3984.0,4380.0,1778.0,727.0,0.8641286492347717,0.5590897798538208,0.07430113726814988,75,-0.00043503619725842777,-0.07815569639205933
1296,Healthy,0.8708830548926014,2.9370573084352865,325.0,483.5,270.5,3919.5,0.7014520813165537,0.1954836076724255,0.048437127177284656,0.37012534818941506,771.0,2957.0,3988.0,4394.0,1809.0,735.0,0.8626704812049866,0.5749373435974121,0.08712065768977455,76,-0.0003027781436865313,-0.07183605432510376
1297,Healthy,0.8719027582982702,2.9730591423561292,335.0,490.0,274.0,4004.0,0.7014520813165537,0.1954836076724255,0.048437127177284656,0.37012534818941506,771.0,2957.0,3988.0,4394.0,1809.0,735.0,0.8623874187469482,0.5593782663345337,0.0870896715521293,77,-0.0003556628389936503,-0.07350009679794312
1298,Healthy,0.8694516971279374,2.8648521820741437,319.0,484.0,275.0,3938.0,0.7028088784128855,0.1940771349862259,0.0373339715208807,0.37881696039085677,756.5,2925.5,4022.5,4334.5,1780.0,726.0,0.8642749786376953,0.5186684727668762,0.08847255240917755,77,-0.0003131126450635933,-0.07537370920181274
1299,Unhealthy,0.8718551610627792,2.9508196721311477,330.0,493.5,272.5,3980.5,0.7028088784128855,0.1940771349862259,0.0373339715208807,0.37881696039085677,756.5,2925.5,4022.5,4334.5,1780.0,726.0,0.8604386448860168,0.5609284043312073,0.08257638405414604,75,-0.0003417622857117475,-0.06757920980453491
1300,Healthy,0.8721840170737492,3.011791680314445,335.0,480.0,269.5,3947.5,0.7028088784128855,0.1940771349862259,0.0373339715208807,0.37881696039085677,756.5,2925.5,4022.5,4334.5,1780.0,726.0,0.8654622435569763,0.5761529803276062,0.0831736864739895,76,-0.0003665661616936263,-0.07282066345214844
1301,Healthy,0.8720230935770988,3.0457066039321123,335.0,474.0,266.0,3891.0,0.7014520813165537,0.1954836076724255,0.048437127177284656,0.37012534818941506,771.0,2957.0,3988.0,4394.0,1809.0,735.0,0.8664920926094055,0.5552361607551575,0.08555223905400525,77,-0.0003864778134958195,-0.07605934143066406
1302,Healthy,0.8723761544920235,3.142227598721161,347.5,490.5,266.0,3902.5,0.6971830985915493,0.19110378912685339,0.0429138117562207,0.37043601559730593,774.0,2946.0,3981.0,4338.0,1776.0,725.0,0.8665338754653931,0.5666530728340149,0.08023649333053226,75,-0.000439234857436142,-0.07694768905639648
1303,Healthy,0.8765317919075144,2.9642661662366097,328.5,492.5,267.0,4058.0,0.7049749325106055,0.19502635491282605,0.04225850179760712,0.38374582512631666,765.0,2978.0,4062.5,4421.0,1799.0,713.0,0.8663315176963806,0.5237918496131897,0.08348829557022112,75,-0.00042307646321111366,-0.07189857959747314
1304,Healthy,0.8557704000972881,2.8091816367265467,328.5,457.0,296.5,3815.0,0.7050969691063249,0.19884884198985886,0.045036435312388004,0.3704323324821696,756.5,2923.0,3997.0,4374.0,1787.5,740.0,0.8563750386238098,0.5332284569740295,0.06997432068653331,72,-0.0004435032290882332,-0.067141592502594
1305,Healthy,0.8513983915496339,2.782441550290287,337.0,505.5,309.5,3856.0,0.6746729154462019,0.17834569936795824,0.04483430799220273,0.36381085325423135,833.0,2990.0,3920.0,4288.0,1823.0,743.0,0.8440998196601868,0.5145348906517029,0.09518813477824774,75,-0.00033653463580114485,-0.05711919069290161
1306,Healthy,0.8513983915496339,2.782441550290287,337.0,505.5,309.5,3856.0,0.6746729154462019,0.17834569936795824,0.04483430799220273,0.36381085325423135,833.0,2990.0,3920.0,4288.0,1823.0,743.0,0.8440998196601868,0.5145348906517029,0.09518813477824774,75,-0.00033653463580114485,-0.05711919069290161
1307,Healthy,0.8702716110628799,2.598888888888889,262.0,449.5,261.5,3770.0,0.6941223913700978,0.19244961680386036,0.04353226106936596,0.3445228104633515,758.5,2845.0,3850.5,4201.0,1835.5,736.0,0.8571113348007202,0.33272919058799744,0.13036228879433714,70,-0.00034789810854223485,-0.06728577613830566
1308,Healthy,0.860950743151947,2.6219512195121952,286.0,454.0,283.0,3787.5,0.6941223913700978,0.19244961680386036,0.04353226106936596,0.3445228104633515,758.5,2845.0,3850.5,4201.0,1835.5,736.0,0.8498079776763916,0.44197529554367065,0.09812943650067128,68,-0.0003855697707913138,-0.05675840377807617
1309,Healthy,0.8570043625787688,2.5108286586664774,277.5,460.5,295.0,3831.0,0.6678423863750882,0.19529105878954212,0.042257069084954975,0.3315145648156297,824.0,2785.5,3802.0,4137.5,1899.0,796.0,0.8382830619812012,0.36720624566078186,0.12351313697639889,70,-0.00042290801335437885,-0.07685309648513794
1310,Healthy,0.8750918442321822,2.763127368339649,283.5,445.0,255.0,3828.0,0.6765709696848022,0.18319637291017285,0.04361409647588103,0.3381485070025544,805.5,2882.5,3826.5,4175.5,1878.5,778.5,0.8615086674690247,0.37254902720451355,0.10148605530612127,65,-0.0003105023306729298,-0.0616183876991272
1311,Healthy,0.8516536964980544,2.694467954143264,318.5,518.0,305.0,3807.0,0.6586977648202138,0.18511317872517705,0.04705232807803202,0.3247566063977747,878.0,2934.0,3883.5,4267.0,1942.0,820.5,0.8290119171142578,0.4490760564804077,0.10893166626854127,74,-0.00012895512804450378,-0.03638291358947754
1312,Healthy,0.8441310064546976,2.8279673234022105,359.0,541.0,326.0,3857.0,0.6533228160126208,0.17885264341957255,0.04187896110351684,0.33961258219299806,879.0,2920.0,3855.0,4192.0,1858.0,804.0,0.8398090600967407,0.6295816898345947,0.05933952979752745,72,-0.00034266827371855603,-0.08236920833587646
1313,Healthy,0.8441310064546976,2.8279673234022105,359.0,541.0,326.0,3857.0,0.6533228160126208,0.17885264341957255,0.04187896110351684,0.33961258219299806,879.0,2920.0,3855.0,4192.0,1858.0,804.0,0.8398090600967407,0.6295816898345947,0.05933952979752745,72,-0.00034266827371855603,-0.08236920833587646
1314,Healthy,0.8060863411181882,2.616385911179173,404.0,592.0,411.0,3828.0,0.63062558356676,0.1727101799623959,0.039523809523809524,0.3210768220617203,989.0,3080.0,4034.0,4366.0,2068.0,936.0,0.8028319478034973,0.3088098168373108,0.10028877666048536,73,-0.00022037077648876625,-0.01038050651550293
1315,Healthy,0.8279890628883918,2.7954011413225914,370.0,580.0,346.0,3677.0,0.6007080305571083,0.15408382590005373,0.04304012626722516,0.3054614558373957,1071.5,3148.5,3941.0,4295.5,2101.5,928.5,0.812156081199646,0.6110363602638245,0.05935469956911196,72,-0.00026709338258412534,-0.051837146282196045
1316,Healthy,0.8492753623188406,2.936362117922165,361.0,547.0,312.0,3828.0,0.6482021379980564,0.17240425826074934,0.048207663782447466,0.32749255300508145,905.0,2993.0,3850.0,4240.0,1919.0,825.0,0.8407197594642639,0.6274763345718384,0.05738082556255817,72,-0.00031134654721224605,-0.0751001238822937
1317,Healthy,0.8643873336392841,2.8492549731487786,337.5,474.5,295.5,4062.5,0.6915959907478797,0.1875507442489851,0.0481308969306103,0.37803826926392003,800.0,3002.0,3985.0,4388.0,1804.0,730.0,0.8637405037879944,0.631135106086731,0.0600554226431749,72,-0.00036638608050712854,-0.07400208711624146
1318,Healthy,0.8241758241758241,2.734285056412618,395.5,636.5,380.0,3942.5,0.606691379146469,0.16314594371430538,0.038456812876274726,0.3073121701985091,1034.5,3040.5,3913.0,4226.0,2067.5,940.5,0.8142141103744507,0.5663068890571594,0.07105007251640878,80,-0.00042300481363960517,-0.06402868032455444
1319,Healthy,0.8666974169741697,2.951386161941412,346.5,485.0,289.0,4047.0,0.6915959907478797,0.1875507442489851,0.0481308969306103,0.37803826926392003,800.0,3002.0,3985.0,4388.0,1804.0,730.0,0.8677962422370911,0.6295369267463684,0.05953566072322035,72,-0.0003933102565942203,-0.08241808414459229
1320,Unhealthy,0.8607295120795831,2.8231821006836544,330.0,515.0,294.0,3928.0,0.6533228160126208,0.17885264341957255,0.04187896110351684,0.33961258219299806,879.0,2920.0,3855.0,4192.0,1858.0,804.0,0.8563876152038574,0.629677951335907,0.059057882637757145,71,-0.00035046108394735996,-0.0711027979850769
1321,Healthy,0.8405690458670592,2.9563492063492065,374.0,540.0,325.0,3752.0,0.6210113827206568,0.15664736036215965,0.042669387265198346,0.31528956879885683,1015.5,3167.0,3988.0,4343.5,2036.5,882.5,0.8206282258033752,0.6081175804138184,0.06176810178609876,72,-0.0003209230055893847,-0.05054706335067749
1322,Healthy,0.8586121290932734,3.0007436787307884,360.0,512.0,299.0,3930.5,0.6700911029269239,0.17914328725879294,0.040014484881405035,0.3643854627461185,851.0,2999.0,3976.5,4308.0,1832.0,773.5,0.8523094058036804,0.6000000238418579,0.06669733163175365,72,-0.0004270559872189453,-0.07664400339126587
1323,Unhealthy,0.8341559723593287,2.7791481664199966,359.0,582.0,336.0,3716.0,0.6634587898999523,0.18665035345296357,0.04413875598086124,0.35369830101252786,883.0,2991.5,3995.5,4364.5,1883.0,789.0,0.8325056433677673,0.6277495622634888,0.061959636871249106,70,-0.00011710006623015369,-0.03250950574874878
1324,Unhealthy,0.8681479672811623,2.6151073845248605,273.0,452.5,270.0,3825.5,0.6965828750981933,0.1852918981957879,0.041910390158596156,0.3671468757991646,772.5,2969.0,3972.0,4319.5,1856.0,722.5,0.8587530255317688,0.41454893350601196,0.1042485767558401,71,-0.0007049078883410694,-0.06655335426330566
1325,Healthy,0.8468457517928771,2.8593121562833455,352.5,534.0,315.0,3798.5,0.6700911029269239,0.17914328725879294,0.040014484881405035,0.3643854627461185,851.0,2999.0,3976.5,4308.0,1832.0,773.5,0.8466507196426392,0.6297328472137451,0.06189970481675573,72,-0.00038627713898390184,-0.06957387924194336
1326,Healthy,0.8357242017584452,2.7833859905987515,380.5,622.5,355.0,3967.0,0.6210113827206568,0.15664736036215965,0.042669387265198346,0.31528956879885683,1015.5,3167.0,3988.0,4343.5,2036.5,882.5,0.8231142163276672,0.6225104331970215,0.0620235898088548,77,-0.00026039419798678967,-0.04186946153640747
1327,Healthy,0.8558789289871944,2.9200095321312256,359.5,551.5,309.5,3985.5,0.6533228160126208,0.17885264341957255,0.04187896110351684,0.33961258219299806,879.0,2920.0,3855.0,4192.0,1858.0,804.0,0.8447216749191284,0.6254136562347412,0.05866412454743861,72,-0.0003123075564252877,-0.06359678506851196
1328,Healthy,0.839458413926499,2.8232232883395674,363.0,564.0,332.0,3804.0,0.6022207071198987,0.15649606299212598,0.037985865724381625,0.30708661417322836,1021.0,2999.5,3811.5,4112.5,2002.0,898.0,0.8393938541412354,0.5675154328346252,0.07579382751309796,80,-0.0004640202611281258,-0.07211571931838989
1329,Healthy,0.7826740110165248,2.486873508353222,403.0,588.0,434.0,3560.0,0.5845889757772268,0.16017316017316016,0.0479313824419778,0.26642524573202275,1089.0,3007.0,3774.0,4154.0,2127.0,1011.0,0.7823285460472107,0.41075021028518677,0.07236221126846347,78,-0.0005909279767831034,-0.0861138105392456
1330,Healthy,0.8297658020649711,2.960999281092739,384.0,569.0,338.0,3633.0,0.6007080305571083,0.15408382590005373,0.04304012626722516,0.3054614558373957,1071.5,3148.5,3941.0,4295.5,2101.5,928.5,0.8246955275535583,0.6270742416381836,0.05749762755526665,72,-0.0002215763664123723,-0.03773653507232666
1331,Healthy,0.86977648202138,2.6424564511366992,276.0,456.0,268.0,3848.0,0.6786071642985791,0.18007878446820483,0.04185815426655074,0.3373112738450411,803.0,2914.0,3857.0,4194.0,1832.5,719.0,0.8553191423416138,0.5275298953056335,0.08527879652502082,71,-0.0005639005874270508,-0.0564572811126709
1332,Unhealthy,0.8346991336923437,2.913057689164896,397.0,581.0,353.0,3918.0,0.6634587898999523,0.18665035345296357,0.04413875598086124,0.35369830101252786,883.0,2991.5,3995.5,4364.5,1883.0,789.0,0.8343170285224915,0.6251301765441895,0.06267784584933184,70,-8.257569979704243e-05,-0.03348231315612793
1333,Healthy,0.8286247957039459,2.929184549356223,412.0,662.0,367.0,3916.0,0.6007080305571083,0.15408382590005373,0.04304012626722516,0.3054614558373957,1071.5,3148.5,3941.0,4295.5,2101.5,928.5,0.8027617335319519,0.6223251819610596,0.062127136584725955,74,-0.00015642355192319526,-0.006595611572265625
1334,Healthy,0.8572772160827651,2.8763016724518775,347.0,496.5,303.5,3949.5,0.7016810805558255,0.20035643292891905,0.0425050601262055,0.358621889681573,767.5,2916.5,4021.0,4378.0,1843.0,771.0,0.8553178906440735,0.5387731194496155,0.05955629091675741,70,-0.00027586333384431954,-0.0624157190322876
1335,Healthy,0.8349724154473495,2.820907617504052,374.0,574.0,344.0,3825.0,0.6533228160126208,0.17885264341957255,0.04187896110351684,0.33961258219299806,879.0,2920.0,3855.0,4192.0,1858.0,804.0,0.8217225670814514,0.6154517531394958,0.06072262174020794,73,-0.00032710979888926563,-0.0749591588973999
1336,Healthy,0.8618659420289855,2.908007334963325,356.0,538.0,305.0,4111.0,0.6743215031315241,0.16987136984484816,0.04849061088661754,0.36597677940434126,858.0,3130.0,4003.0,4411.0,1884.0,802.0,0.8570194244384766,0.6109818816184998,0.06063192308082531,72,-0.0003947777467091666,-0.07347309589385986
1337,Healthy,0.8467904007565906,2.9399934329338366,374.0,570.0,324.0,3905.5,0.6227579556412729,0.15831497797356828,0.046257149962695844,0.31691985332634887,978.0,3057.0,3835.0,4207.0,1956.0,862.0,0.8429832458496094,0.6047297120094299,0.06874115893976157,77,-0.00036368588556558374,-0.05909156799316406
1338,Healthy,0.8546730142821348,2.729236677868459,309.0,486.0,290.0,3701.0,0.6530491415038484,0.17756221003795866,0.044389027431421445,0.3237359550561798,879.0,2925.0,3832.0,4188.0,1926.0,832.0,0.8392349481582642,0.4698620140552521,0.07630577678577465,75,-0.0004677961237562849,-0.03347080945968628
1339,Healthy,0.8439611745914731,2.77602651147753,342.0,478.5,317.5,3752.0,0.6764349232012935,0.1877147766323024,0.04084321475625823,0.3401842664776754,800.5,2836.5,3822.0,4147.5,1862.0,783.0,0.8338462114334106,0.5298566818237305,0.07107663146165495,76,-0.00054894798125983,-0.057171523571014404
1340,Healthy,0.8482228626320846,2.9141914191419143,362.0,567.0,316.0,3848.0,0.6227579556412729,0.15831497797356828,0.046257149962695844,0.31691985332634887,978.0,3057.0,3835.0,4207.0,1956.0,862.0,0.8418225646018982,0.34255874156951904,0.08623173217361155,78,-0.0005432257463716283,-0.07158279418945312
1341,Healthy,0.8607295120795831,2.8231821006836544,330.0,515.0,294.0,3928.0,0.6533228160126208,0.17885264341957255,0.04187896110351684,0.33961258219299806,879.0,2920.0,3855.0,4192.0,1858.0,804.0,0.8563876152038574,0.629677951335907,0.059057882637757145,71,-0.00035046108394735996,-0.0711027979850769
1342,Healthy,0.8517441860465116,2.985733695652174,362.0,529.0,306.0,3822.0,0.6482021379980564,0.17240425826074934,0.048207663782447466,0.32749255300508145,905.0,2993.0,3850.0,4240.0,1919.0,825.0,0.8444527983665466,0.6187554597854614,0.05972323658457898,72,-0.00035395870131121627,-0.07532620429992676
1343,Healthy,0.8617886178861789,2.5647594648448617,282.0,466.5,289.0,3893.0,0.6962970436888306,0.18821118100219097,0.041313100030969344,0.3577112203844435,752.5,2871.5,3869.5,4203.0,1796.0,694.0,0.8468890190124512,0.5456410050392151,0.08603834357566559,70,-0.0004918610673278976,-0.057723402976989746
1344,Healthy,0.8467904007565906,2.9399934329338366,374.0,570.0,324.0,3905.5,0.6227579556412729,0.15831497797356828,0.046257149962695844,0.31691985332634887,978.0,3057.0,3835.0,4207.0,1956.0,862.0,0.8429832458496094,0.6047297120094299,0.06874115893976157,77,-0.00036368588556558374,-0.05909156799316406
1345,Unhealthy,0.8464258651174539,2.9343257443082313,350.0,529.0,304.0,3655.0,0.6486593059936908,0.19133779740703805,0.05540830493499937,0.3208507544082894,891.0,2838.0,3742.0,4181.0,1868.0,802.0,0.8466167449951172,0.49464377760887146,0.07765444733330552,70,-0.00015559927751412702,-0.05549412965774536
1346,Healthy,0.853825470545099,3.0565278263913194,364.0,525.0,299.0,3792.0,0.6482021379980564,0.17240425826074934,0.048207663782447466,0.32749255300508145,905.0,2993.0,3850.0,4240.0,1919.0,825.0,0.8472368717193604,0.6225848197937012,0.05722736268920592,71,-0.00039064953336514694,-0.0770302414894104
1347,Unhealthy,0.8642915738896051,2.961847389558233,347.0,488.5,289.5,3977.0,0.6700911029269239,0.17914328725879294,0.040014484881405035,0.3643854627461185,851.0,2999.0,3976.5,4308.0,1832.0,773.5,0.8643370270729065,0.6384329199790955,0.06135968440109769,72,-0.00039611384900187794,-0.08024561405181885
1348,Healthy,0.87,2.877330126277811,334.0,503.0,286.0,4114.0,0.6915959907478797,0.1875507442489851,0.0481308969306103,0.37803826926392003,800.0,3002.0,3985.0,4388.0,1804.0,730.0,0.8697071671485901,0.6314558982849121,0.058077231340483364,71,-0.000367225707279001,-0.07359397411346436
1349,Healthy,0.8710263396911898,3.0074480595844766,351.5,482.5,284.0,4120.0,0.7103461392164321,0.19144144144144143,0.04019432074489619,0.38191632928475033,761.5,3051.5,4149.0,4496.5,1832.0,741.5,0.8747698068618774,0.692307710647583,0.04629661421387557,69,-0.00023006132908698845,-0.05471724271774292
1350,Healthy,0.8341892883345561,2.777687296416938,362.0,574.0,339.0,3750.0,0.6022207071198987,0.15649606299212598,0.037985865724381625,0.30708661417322836,1021.0,2999.5,3811.5,4112.5,2002.0,898.0,0.8252754211425781,0.503059983253479,0.07787320527638915,78,-0.0005766661099085763,-0.07673966884613037
1351,Healthy,0.8341892883345561,2.777687296416938,362.0,574.0,339.0,3750.0,0.6022207071198987,0.15649606299212598,0.037985865724381625,0.30708661417322836,1021.0,2999.5,3811.5,4112.5,2002.0,898.0,0.8252754211425781,0.503059983253479,0.07787320527638915,78,-0.0005766661099085763,-0.07673966884613037
1352,Healthy,0.8360538544024783,2.673142857142857,351.5,537.5,344.0,3852.5,0.6056557776694296,0.16647775573816945,0.046523452396084915,0.3027183953549749,1011.0,2941.5,3750.5,4116.5,1981.5,903.0,0.8353139162063599,0.538065493106842,0.07535870251877991,80,-0.0004680554420863812,-0.07541072368621826
1353,Healthy,0.8626315167277456,2.8234793375638447,327.0,448.5,290.5,3939.0,0.7045739046701974,0.19205387205387206,0.04135537384552033,0.37990594271056005,767.0,2999.5,4074.0,4425.5,1813.0,731.0,0.8621169924736023,0.667121410369873,0.0531147165009651,71,-0.0001830932702106473,-0.06299573183059692
1354,Healthy,0.8460772104607721,2.6866497943688707,320.0,490.0,309.0,3706.0,0.6530491415038484,0.17756221003795866,0.044389027431421445,0.3237359550561798,879.0,2925.0,3832.0,4188.0,1926.0,832.0,0.8445234894752502,0.48200398683547974,0.07514138228780773,75,-0.0005617772010290201,-0.05863344669342041
1355,Healthy,0.8667632150615496,2.7738297543642823,305.0,470.0,276.0,3867.0,0.6946442845723422,0.19503945885005636,0.05119623156067931,0.3422421524663677,764.0,2856.0,3827.0,4240.0,1833.5,741.5,0.8579572439193726,0.5336617231369019,0.08706175750849847,69,-0.00043740553233031815,-0.057639896869659424
1356,Healthy,0.8217338217338217,2.6900631545287395,372.5,564.0,365.0,3730.0,0.6460657805374987,0.17639717098876717,0.04419005416051206,0.3233161527037652,912.0,2969.5,3882.5,4241.5,1936.5,823.5,0.8064252734184265,0.5909853577613831,0.07050150262209175,72,-0.00042148759773067725,-0.049796104431152344
1357,Healthy,0.8604298356510746,3.0051218650653477,334.0,481.0,276.0,3679.0,0.6513298388662395,0.1795867424767716,0.0477950234047795,0.3323973323973324,898.0,2958.0,3865.0,4253.0,1902.0,802.0,0.8572278618812561,0.6766055226325989,0.05621965834925266,68,-0.00015638177780201754,-0.04912525415420532
1358,Healthy,0.8613359101340742,2.8170182507703245,321.5,453.5,287.0,3852.5,0.695112016293279,0.1932616487455197,0.03907615480649188,0.3453179500939093,748.5,2813.5,3848.5,4161.5,1830.0,760.5,0.8566721081733704,0.5253456234931946,0.07564325027229586,76,-0.0006047811206349598,-0.07414346933364868
1359,Healthy,0.8360160965794768,2.8809152366094644,363.0,528.0,326.0,3650.0,0.6227579556412729,0.15831497797356828,0.046257149962695844,0.31691985332634887,978.0,3057.0,3835.0,4207.0,1956.0,862.0,0.8328357934951782,0.5658451318740845,0.06548424544826052,73,-0.00037864991919265396,-0.06263691186904907
1360,Healthy,0.8774392331393358,2.750983899821109,297.5,464.5,268.5,4113.0,0.711482416941908,0.191210277214334,0.03732925105982101,0.37507413369482334,742.5,2990.5,4087.5,4404.5,1844.0,739.5,0.8674855828285217,0.5812444686889648,0.08644806387713598,74,-0.0005394557564995969,-0.06276243925094604
1361,Healthy,0.8656507936507937,2.6211165795139957,268.0,431.0,264.5,3673.0,0.6786071642985791,0.18007878446820483,0.04185815426655074,0.3373112738450411,803.0,2914.0,3857.0,4194.0,1832.5,719.0,0.8580496311187744,0.468855619430542,0.09251963442477362,70,-0.0007072211816755598,-0.08264333009719849
1362,Healthy,0.8509978926490641,2.8549446893454213,337.5,461.0,300.5,3733.0,0.695112016293279,0.1932616487455197,0.03907615480649188,0.3453179500939093,748.5,2813.5,3848.5,4161.5,1830.0,760.5,0.8424361348152161,0.5227100849151611,0.07251068978661644,76,-0.0005573443072989915,-0.06255662441253662
1363,Healthy,0.839458413926499,2.8232232883395674,363.0,564.0,332.0,3804.0,0.6022207071198987,0.15649606299212598,0.037985865724381625,0.30708661417322836,1021.0,2999.5,3811.5,4112.5,2002.0,898.0,0.8393938541412354,0.5675154328346252,0.07579382751309796,80,-0.0004640202611281258,-0.07211571931838989
1364,Healthy,0.8476868327402135,2.834814344652491,356.0,530.0,321.0,3894.0,0.6643974241030359,0.1857386289159785,0.04252621873919558,0.3437396213882431,912.0,3106.0,4154.0,4523.0,1976.0,844.0,0.8462738394737244,0.316271036863327,0.10545368077198461,71,-0.00017595788532295944,-0.025223076343536377
1365,Healthy,0.8709047515730093,3.0101237345331833,368.5,493.5,297.5,4311.5,0.7039241212572066,0.1868644342250146,0.04007265296855489,0.38439024390243903,796.0,3138.5,4228.0,4581.0,1893.0,768.0,0.8690709471702576,0.6966244578361511,0.04418330514381469,69,-0.0001603537440638423,-0.04550105333328247
1366,Healthy,0.8738565238324506,2.7150336574420346,283.0,438.0,262.0,3892.0,0.7025036818851251,0.20149667405764968,0.04483007953723789,0.3535980148883375,757.5,2881.0,3963.0,4335.0,1823.5,724.5,0.8570930361747742,0.5404829382896423,0.08911543654876715,69,-0.000610392309181896,-0.059156179428100586
1367,Healthy,0.8519762335313872,2.7092746241682413,301.5,466.0,286.5,3584.5,0.6786071642985791,0.18007878446820483,0.04185815426655074,0.3373112738450411,803.0,2914.0,3857.0,4194.0,1832.5,719.0,0.8352751731872559,0.471157044172287,0.09231555373711216,71,-0.0007069967309986647,-0.06769806146621704
1368,Healthy,0.8656507936507937,2.6211165795139957,268.0,431.0,264.5,3673.0,0.6786071642985791,0.18007878446820483,0.04185815426655074,0.3373112738450411,803.0,2914.0,3857.0,4194.0,1832.5,719.0,0.8580496311187744,0.468855619430542,0.09251963442477362,70,-0.0007072211816755598,-0.08264333009719849
1369,Healthy,0.84136594817147,2.866336633663366,365.0,516.5,327.5,3801.5,0.6648346350400154,0.18797302876014862,0.04332588071786815,0.31118608876200365,869.0,2950.5,3958.0,4316.5,1990.5,849.0,0.8435943722724915,0.4640064835548401,0.0671676998783636,70,-0.0003611776259288483,-0.07373237609863281
1370,Unhealthy,0.84130859375,2.6905059337913806,336.0,513.5,325.0,3771.0,0.641432681813672,0.1735830318507484,0.04299583911234397,0.30095710740872034,903.5,2912.5,3795.0,4136.0,1972.0,877.0,0.8404197096824646,0.48726850748062134,0.07469120939684044,76,-0.0005407020200730093,-0.05425769090652466
1371,Healthy,0.8477859778597786,2.847846296870158,368.0,547.0,330.0,4006.0,0.6210113827206568,0.15664736036215965,0.042669387265198346,0.31528956879885683,1015.5,3167.0,3988.0,4343.5,2036.5,882.5,0.8347995281219482,0.6032857894897461,0.06412280050502824,72,-0.00027459017931265653,-0.051499247550964355
1372,Healthy,0.8523958584156032,2.978293791014639,362.0,516.5,306.5,3846.5,0.6702833031946956,0.17973462002412546,0.039904928696522395,0.3404872899991204,820.5,2890.0,3837.5,4156.5,1874.5,792.0,0.8496444821357727,0.482041597366333,0.062464136544852084,70,-0.0002888702372346593,-0.05945867300033569
1373,Healthy,0.8586121290932734,3.0007436787307884,360.0,512.0,299.0,3930.5,0.6700911029269239,0.17914328725879294,0.040014484881405035,0.3643854627461185,851.0,2999.0,3976.5,4308.0,1832.0,773.5,0.8523094058036804,0.6000000238418579,0.06669733163175365,72,-0.0004270559872189453,-0.07664400339126587
1374,Healthy,0.8395681646999749,2.792251169004676,345.0,486.5,319.5,3663.5,0.6679746453365529,0.19231875719217492,0.04002509410288582,0.31825064576467443,825.0,2807.5,3825.5,4144.5,1913.5,798.0,0.8266167640686035,0.3867534101009369,0.11056874515396439,72,-0.0005909261970552036,-0.0724835991859436
1375,Unhealthy,0.8328902392707938,2.9736937262701137,378.0,515.5,330.0,3619.5,0.656184883500663,0.18645677839598318,0.04694048616932104,0.33568134171907754,907.5,2997.5,3979.5,4371.5,1980.5,861.5,0.8270896077156067,0.5028058290481567,0.05926876720385764,70,-0.00045532989809708686,-0.06770837306976318
1376,Healthy,0.8509978926490641,2.8549446893454213,337.5,461.0,300.5,3733.0,0.695112016293279,0.1932616487455197,0.03907615480649188,0.3453179500939093,748.5,2813.5,3848.5,4161.5,1830.0,760.5,0.8424361348152161,0.5227100849151611,0.07251068978661644,76,-0.0005573443072989915,-0.06255662441253662
1377,Healthy,0.8712907558920503,2.6708841805794714,276.5,432.0,263.5,3831.0,0.6962970436888306,0.18821118100219097,0.041313100030969344,0.3577112203844435,752.5,2871.5,3869.5,4203.0,1796.0,694.0,0.8639530539512634,0.4936002492904663,0.09933306548032006,70,-0.0006038725041560321,-0.08246243000030518
1378,Healthy,0.8817374376444823,2.7922478230715884,277.5,427.5,243.0,3866.5,0.688086210337258,0.18889669711876317,0.047683923705722074,0.3599021150148575,781.5,2885.5,3844.5,4229.5,1831.0,731.0,0.8627525568008423,0.4161648154258728,0.10025896639635065,70,-0.0006271429593218497,-0.07314831018447876
1379,Healthy,0.8469984485022078,2.854327541827542,358.0,522.5,320.5,3869.0,0.6460657805374987,0.17639717098876717,0.04419005416051206,0.3233161527037652,912.0,2969.5,3882.5,4241.5,1936.5,823.5,0.8349384069442749,0.5769044160842896,0.07395650625280839,72,-0.0004837048354581535,-0.06674832105636597
1380,Unhealthy,0.8400546821599453,2.8659152739992226,390.5,590.0,351.0,4038.0,0.6634587898999523,0.18665035345296357,0.04413875598086124,0.35369830101252786,883.0,2991.5,3995.5,4364.5,1883.0,789.0,0.8374676704406738,0.6731191277503967,0.049028751249966744,69,-0.0001153195339621479,-0.016302287578582764
1381,Healthy,0.8566891119298692,2.6513840830449826,289.0,456.5,282.0,3653.5,0.6679746453365529,0.19231875719217492,0.04002509410288582,0.31825064576467443,825.0,2807.5,3825.5,4144.5,1913.5,798.0,0.8407547473907471,0.4116564393043518,0.11735642724502601,73,-0.0005618566213738854,-0.06044250726699829
1382,Unhealthy,0.8525188610367486,2.908260689082607,348.5,503.0,303.0,3806.0,0.695969596959696,0.19861464517953067,0.043055726411612746,0.35053459397366793,760.0,2834.5,3889.5,4239.5,1837.5,770.0,0.8474746942520142,0.6853981614112854,0.04593336553063684,71,-0.00014815559150860983,-0.041285157203674316
1383,Unhealthy,0.8432072329288604,2.7333024834181705,348.0,562.0,329.5,3873.5,0.6612654320987654,0.18166849615806804,0.04552628384120432,0.33722989727240527,878.0,2982.0,3931.0,4306.0,1871.0,810.0,0.8408822417259216,0.6309687495231628,0.06270574375791402,73,-0.0003252162273157149,-0.07561546564102173
1384,Healthy,0.85493603668839,2.982485685415965,357.0,513.0,300.5,3842.5,0.7053739195791056,0.20124412679504997,0.04791594504098834,0.3726912372438222,784.0,3017.5,4123.0,4538.0,1859.5,765.0,0.8568617701530457,0.5176672339439392,0.06674887138906334,69,-0.000206314008900409,-0.05535078048706055
1385,Healthy,0.8712335216572504,2.739249500407076,298.5,455.0,273.5,3974.5,0.6965828750981933,0.1852918981957879,0.041910390158596156,0.3671468757991646,772.5,2969.0,3972.0,4319.5,1856.0,722.5,0.8649746179580688,0.43529412150382996,0.0987352710596877,70,-0.0006087443851049566,-0.05483454465866089
1386,Healthy,0.8618659420289855,2.908007334963325,356.0,538.0,305.0,4111.0,0.6743215031315241,0.16987136984484816,0.04849061088661754,0.36597677940434126,858.0,3130.0,4003.0,4411.0,1884.0,802.0,0.8570194244384766,0.6109818816184998,0.06063192308082531,72,-0.0003947777467091666,-0.07347309589385986
1387,Healthy,0.8668993600930773,2.919899678658202,338.5,503.5,286.0,4011.5,0.7095459285240308,0.1866035004605869,0.04230724771702693,0.38335327294479576,766.0,3090.5,4142.5,4508.5,1804.0,737.0,0.8623791933059692,0.6242263317108154,0.06608616908918857,72,-0.00044736333549223425,-0.07735496759414673
1388,Healthy,0.7826740110165248,2.486873508353222,403.0,588.0,434.0,3560.0,0.5845889757772268,0.16017316017316016,0.0479313824419778,0.26642524573202275,1089.0,3007.0,3774.0,4154.0,2127.0,1011.0,0.7823285460472107,0.41075021028518677,0.07236221126846347,78,-0.0005909279767831034,-0.0861138105392456
1389,Healthy,0.7826740110165248,2.486873508353222,403.0,588.0,434.0,3560.0,0.5845889757772268,0.16017316017316016,0.0479313824419778,0.26642524573202275,1089.0,3007.0,3774.0,4154.0,2127.0,1011.0,0.7823285460472107,0.41075021028518677,0.07236221126846347,78,-0.0005909279767831034,-0.0861138105392456
1390,Healthy,0.8546730142821348,2.729236677868459,309.0,486.0,290.0,3701.0,0.6530491415038484,0.17756221003795866,0.044389027431421445,0.3237359550561798,879.0,2925.0,3832.0,4188.0,1926.0,832.0,0.8392349481582642,0.4698620140552521,0.07630577678577465,75,-0.0004677961237562849,-0.03347080945968628
1391,Healthy,0.8707070707070707,2.8172100892033223,309.0,460.0,272.0,3935.5,0.7030584974759972,0.19097390461687547,0.039825950323321445,0.3624469283424313,750.0,2922.0,3972.0,4301.5,1839.5,734.0,0.8569380044937134,0.5764324069023132,0.08367192027685044,72,-0.0005176931120870581,-0.07049858570098877
1392,Healthy,0.8436213991769548,2.880641428335262,363.0,527.0,323.0,3808.0,0.6615805946791862,0.18896976483762598,0.040676304827248225,0.33170305676855893,865.0,2897.0,3915.0,4247.0,1913.0,827.0,0.8296184539794922,0.3542550206184387,0.10076465504896698,73,-0.0001899044917859242,-0.028170287609100342
1393,Healthy,0.8548483045806068,2.9546015297310633,358.5,520.0,305.0,3897.5,0.6824588880187941,0.1926172633916181,0.04971295957005008,0.3427599785215679,811.0,2909.0,3890.0,4297.0,1836.0,766.0,0.852854311466217,0.3001972436904907,0.09075308878817684,69,-0.00010045233899100673,-0.026806414127349854
1394,Healthy,0.8547708138447146,2.987819831603041,369.5,537.0,310.5,3965.5,0.6749391727493917,0.18192431838472634,0.04082249773208346,0.34166232864827345,835.0,2978.0,3965.0,4302.5,1897.0,799.0,0.8476277589797974,0.6707289814949036,0.047375909923963344,69,-0.00017774817569879948,-0.03489261865615845
1395,Healthy,0.87,2.877330126277811,334.0,503.0,286.0,4114.0,0.6915959907478797,0.1875507442489851,0.0481308969306103,0.37803826926392003,800.0,3002.0,3985.0,4388.0,1804.0,730.0,0.8697071671485901,0.6314558982849121,0.058077231340483364,71,-0.000367225707279001,-0.07359397411346436
1396,Healthy,0.8719981615534873,2.976078431372549,341.0,466.0,278.5,4073.0,0.7150375939849624,0.20194967724937427,0.044653079917563544,0.3884463821581286,758.0,3029.0,4172.0,4562.0,1823.5,733.0,0.874605119228363,0.6791216731071472,0.05032208990624684,69,-0.00021571792598041844,-0.0593111515045166
1397,Healthy,0.8719981615534873,2.976078431372549,341.0,466.0,278.5,4073.0,0.7150375939849624,0.20194967724937427,0.044653079917563544,0.3884463821581286,758.0,3029.0,4172.0,4562.0,1823.5,733.0,0.874605119228363,0.6791216731071472,0.05032208990624684,69,-0.00021571792598041844,-0.0593111515045166
1398,Healthy,0.8462449656479507,2.84326991960519,360.5,541.0,324.5,3896.5,0.6700911029269239,0.17914328725879294,0.040014484881405035,0.3643854627461185,851.0,2999.0,3976.5,4308.0,1832.0,773.5,0.839915931224823,0.6068711876869202,0.06562536897238076,72,-0.0003978209019146023,-0.0583685040473938
1399,Healthy,0.870063975292301,2.915865740056188,350.0,493.0,294.5,4238.5,0.7156707373916286,0.19677461308362595,0.03953908721192951,0.38216666666666665,762.5,3088.0,4251.0,4601.0,1853.5,749.5,0.8666099905967712,0.69772869348526,0.05009572293667876,69,-0.0002007389211094663,-0.04696434736251831
1400,Unhealthy,0.8629588431590657,2.939972714870396,365.0,527.0,308.0,4187.0,0.7115279548351848,0.18834165771005879,0.04288964101425956,0.3868789194404245,792.0,3209.5,4312.5,4699.0,1906.5,765.5,0.8571428656578064,0.5316141247749329,0.057146549182586055,70,-0.00023090127982278982,-0.05525326728820801
1401,Unhealthy,0.8563508685474929,2.828369140625,326.0,447.5,291.5,3767.0,0.6906396100666468,0.19656434807096593,0.04244357212953876,0.34501779359430607,777.5,2853.0,3903.0,4249.0,1840.5,777.5,0.850631594657898,0.4822315573692322,0.08680066347030166,76,-0.0007475489982050172,-0.06475162506103516
1402,Healthy,0.8397229779866435,2.8707931675968203,361.0,555.5,324.0,3719.0,0.6612654320987654,0.18166849615806804,0.04552628384120432,0.33722989727240527,878.0,2982.0,3931.0,4306.0,1871.0,810.0,0.8368980884552002,0.6213866472244263,0.061314865473059074,73,-0.0003899904167566295,-0.07264465093612671
1403,Healthy,0.8748451053283767,2.746226855453555,278.0,422.5,252.5,3782.5,0.6962970436888306,0.18821118100219097,0.041313100030969344,0.3577112203844435,752.5,2871.5,3869.5,4203.0,1796.0,694.0,0.8667840957641602,0.5591679811477661,0.08541032500166694,69,-0.0005799779960988805,-0.08804553747177124
1404,Healthy,0.8612275080108455,2.818423812212632,315.5,441.5,281.5,3775.5,0.695112016293279,0.1932616487455197,0.03907615480649188,0.3453179500939093,748.5,2813.5,3848.5,4161.5,1830.0,760.5,0.8516736030578613,0.4885963201522827,0.07766919573083379,76,-0.0006342012193291442,-0.0757683515548706
1405,Healthy,0.8720790171043122,2.808814400993172,301.0,458.5,265.5,3885.5,0.7025036818851251,0.20149667405764968,0.04483007953723789,0.3535980148883375,757.5,2881.0,3963.0,4335.0,1823.5,724.5,0.8592355847358704,0.5654676556587219,0.08605566156970179,70,-0.0005709491929250989,-0.06772160530090332
1406,Healthy,0.8627687847306112,2.8590872698158525,325.0,480.0,284.0,3855.0,0.7041420118343196,0.19604754403551483,0.04061799152753551,0.35924068767908307,725.0,2807.0,3850.0,4176.0,1789.0,745.0,0.8588129281997681,0.5453650951385498,0.08346481639012172,75,-0.0007780524748462663,-0.08228576183319092
1407,Healthy,0.8557555660824254,2.7841565847268246,333.5,493.0,304.5,3917.5,0.6865554465161924,0.18827352554794993,0.04773517039565933,0.34972202918693535,798.5,2935.0,3905.0,4296.5,1871.5,794.0,0.8438016772270203,0.4728740453720093,0.08389803067258578,76,-0.0006645221178394586,-0.06288617849349976
1408,Healthy,0.8665121668597914,2.7424086841719233,313.0,490.0,288.0,4027.0,0.6982374588417587,0.19130434782608696,0.043312708234174206,0.36699128651973345,779.0,2976.0,4020.0,4384.0,1852.5,723.0,0.8467391729354858,0.48703861236572266,0.09243877441710642,73,-0.0006250806703644937,-0.053655803203582764
1409,Healthy,0.8488284202569917,2.671689135606661,309.0,475.0,300.0,3669.0,0.6748869708179203,0.19641808573106284,0.04273285568065507,0.328125,791.0,2737.0,3741.0,4075.0,1849.0,789.0,0.8374999761581421,0.47649532556533813,0.07632081185690485,75,-0.0004967551964954407,-0.04321199655532837
1410,Healthy,0.8488284202569917,2.671689135606661,309.0,475.0,300.0,3669.0,0.6748869708179203,0.19641808573106284,0.04273285568065507,0.328125,791.0,2737.0,3741.0,4075.0,1849.0,789.0,0.8374999761581421,0.47649532556533813,0.07632081185690485,75,-0.0004967551964954407,-0.04321199655532837
1411,Healthy,0.8698545723440966,2.607892403192433,266.0,439.5,264.0,3793.0,0.6679746453365529,0.19231875719217492,0.04002509410288582,0.31825064576467443,825.0,2807.5,3825.5,4144.5,1913.5,798.0,0.8629990220069885,0.4789915978908539,0.10865342381658416,73,-0.000647736109285283,-0.0800352692604065
1412,Healthy,0.8738565238324506,2.7150336574420346,283.0,438.0,262.0,3892.0,0.7025036818851251,0.20149667405764968,0.04483007953723789,0.3535980148883375,757.5,2881.0,3963.0,4335.0,1823.5,724.5,0.8570930361747742,0.5404829382896423,0.08911543654876715,69,-0.000610392309181896,-0.059156179428100586
1413,Healthy,0.8585692470339481,2.9365206910405783,353.5,510.5,301.0,3955.5,0.6912450998693298,0.1909300032862307,0.04582708068798338,0.3579849037401408,827.0,3077.5,4133.0,4530.0,1892.5,787.5,0.8519382476806641,0.674876868724823,0.04958749606053141,69,-0.00014985116032589747,-0.0413244366645813
1414,Healthy,0.8552631578947368,2.783505154639175,325.0,489.0,297.0,3807.0,0.7041420118343196,0.19604754403551483,0.04061799152753551,0.35924068767908307,725.0,2807.0,3850.0,4176.0,1789.0,745.0,0.8489579558372498,0.5211164355278015,0.09621046813150114,76,-0.0008472814337011725,-0.05970180034637451
1415,Healthy,0.8611650485436894,2.791722401447793,316.5,456.5,286.0,3834.0,0.6906396100666468,0.19656434807096593,0.04244357212953876,0.34501779359430607,777.5,2853.0,3903.0,4249.0,1840.5,777.5,0.8542656898498535,0.5141398310661316,0.08214130267541002,75,-0.0007323886665174683,-0.07219874858856201
1416,Healthy,0.8654666035054477,2.8564727954971856,326.0,463.0,284.0,3938.0,0.708772627809827,0.20190289632013433,0.04323536555744474,0.3684025951253726,732.0,2852.0,3939.0,4295.0,1801.0,748.0,0.862454354763031,0.4720087945461273,0.08539275454884906,75,-0.0006687625744548957,-0.07253575325012207
1417,Healthy,0.8450671061926065,2.8166692826871764,361.0,583.0,329.0,3918.0,0.606691379146469,0.16314594371430538,0.038456812876274726,0.3073121701985091,1034.5,3040.5,3913.0,4226.0,2067.5,940.5,0.839716911315918,0.41219037771224976,0.08450593037469001,78,-0.0005272445156293796,-0.06509476900100708
1418,Healthy,0.8674033149171271,2.685557042986762,291.0,465.5,276.0,3887.0,0.6962970436888306,0.18821118100219097,0.041313100030969344,0.3577112203844435,752.5,2871.5,3869.5,4203.0,1796.0,694.0,0.8466323018074036,0.5253306031227112,0.09839993118841425,71,-0.0005672355583153157,-0.07749342918395996
1419,Healthy,0.8712335216572504,2.739249500407076,298.5,455.0,273.5,3974.5,0.6965828750981933,0.1852918981957879,0.041910390158596156,0.3671468757991646,772.5,2969.0,3972.0,4319.5,1856.0,722.5,0.8649746179580688,0.43529412150382996,0.0987352710596877,70,-0.0006087443851049566,-0.05483454465866089
1420,Healthy,0.8656507936507937,2.6211165795139957,268.0,431.0,264.5,3673.0,0.6786071642985791,0.18007878446820483,0.04185815426655074,0.3373112738450411,803.0,2914.0,3857.0,4194.0,1832.5,719.0,0.8580496311187744,0.468855619430542,0.09251963442477362,70,-0.0007072211816755598,-0.08264333009719849
1421,Healthy,0.8719981615534873,2.976078431372549,341.0,466.0,278.5,4073.0,0.7150375939849624,0.20194967724937427,0.044653079917563544,0.3884463821581286,758.0,3029.0,4172.0,4562.0,1823.5,733.0,0.874605119228363,0.6791216731071472,0.05032208990624684,69,-0.00021571792598041844,-0.0593111515045166
1422,Healthy,0.8469984485022078,2.854327541827542,358.0,522.5,320.5,3869.0,0.6460657805374987,0.17639717098876717,0.04419005416051206,0.3233161527037652,912.0,2969.5,3882.5,4241.5,1936.5,823.5,0.8349384069442749,0.5769044160842896,0.07395650625280839,72,-0.0004837048354581535,-0.06674832105636597
1423,Healthy,0.8774392331393358,2.750983899821109,297.5,464.5,268.5,4113.0,0.711482416941908,0.191210277214334,0.03732925105982101,0.37507413369482334,742.5,2990.5,4087.5,4404.5,1844.0,739.5,0.8674855828285217,0.5812444686889648,0.08644806387713598,74,-0.0005394557564995969,-0.06276243925094604
1424,Healthy,0.8475336322869955,2.8397328881469117,340.0,500.0,306.0,3708.0,0.680439179427911,0.19131503482179435,0.04566702624955052,0.35581111691932393,829.5,2961.0,3981.0,4362.0,1848.5,778.0,0.8467966318130493,0.5638258457183838,0.0654202707538525,68,-0.00012598018831963106,-0.03312915563583374
1425,Unhealthy,0.8503303303303303,2.9400282415483012,361.5,532.5,311.5,3851.0,0.6701702167240257,0.19063722564816657,0.04437852614436108,0.3514682638715581,886.5,3051.5,4107.5,4489.0,1949.0,824.5,0.8486456871032715,0.5943849086761475,0.06136844050864734,69,-0.0001605728803845792,-0.031446993350982666
1426,Healthy,0.8637300640121515,2.9359050007375718,372.0,528.5,314.0,4294.5,0.6743873137914465,0.18259571001900624,0.03906482972505517,0.3447743264115325,847.0,3010.5,4028.0,4355.5,1909.0,806.0,0.8620302677154541,0.6966865062713623,0.04441810748565542,69,-0.0001320152183368912,-0.0435677170753479
1427,Healthy,0.8357242017584452,2.7833859905987515,380.5,622.5,355.0,3967.0,0.6210113827206568,0.15664736036215965,0.042669387265198346,0.31528956879885683,1015.5,3167.0,3988.0,4343.5,2036.5,882.5,0.8231142163276672,0.6225104331970215,0.0620235898088548,77,-0.00026039419798678967,-0.04186946153640747
1428,Healthy,0.8665171060011218,2.8816025067144135,346.0,499.5,297.5,4160.0,0.7134611804133308,0.20300653594771242,0.043246613387745846,0.3849827103573193,769.5,3048.5,4220.0,4601.5,1867.5,768.0,0.8630235195159912,0.6951640844345093,0.046402651169138755,69,-0.00014876533254082764,-0.05004572868347168
1429,Healthy,0.8656849620705043,2.9501216545012166,360.0,518.0,301.0,4181.0,0.7196018234254349,0.1912096410388606,0.040472839853644804,0.3890818858560794,753.5,3137.5,4261.5,4621.0,1846.5,743.0,0.8637454509735107,0.697808027267456,0.04314643886295696,69,-0.00013376202392208558,-0.03539776802062988
1430,Healthy,0.8669724770642202,2.962824723798149,367.0,512.5,304.5,4273.5,0.7125848758255046,0.19760634838038246,0.04022598870056497,0.38314207875835876,772.5,3084.0,4247.0,4603.0,1868.0,750.5,0.8674388527870178,0.6934964656829834,0.04532830988311693,69,-0.00018886224796562057,-0.06268221139907837
1431,Healthy,0.8734353268428373,2.785951940850277,306.5,477.0,273.0,4041.0,0.6965828750981933,0.1852918981957879,0.041910390158596156,0.3671468757991646,772.5,2969.0,3972.0,4319.5,1856.0,722.5,0.8584041595458984,0.46616294980049133,0.0952653969904102,70,-0.0005837085528593335,-0.04786837100982666
1432,Healthy,0.8711264141662568,2.8115573900619144,297.0,459.0,262.0,3804.0,0.6874272409778812,0.19202302631578946,0.035480414335039887,0.34822737859052877,805.5,2947.5,4050.5,4348.5,1889.0,771.0,0.8500608205795288,0.5691536664962769,0.08524329403740903,72,-0.00037865634498969567,-0.053534746170043945
1433,Healthy,0.8684388375760307,2.949502677888294,351.0,500.0,292.0,4147.0,0.7125848758255046,0.19760634838038246,0.04022598870056497,0.38314207875835876,772.5,3084.0,4247.0,4603.0,1868.0,750.5,0.8687744140625,0.6945147514343262,0.0450650212212678,69,-0.00019514807581643605,-0.059673428535461426
1434,Healthy,0.8478747203579419,2.943990188062142,374.0,571.5,323.0,3923.5,0.6634587898999523,0.18665035345296357,0.04413875598086124,0.35369830101252786,883.0,2991.5,3995.5,4364.5,1883.0,789.0,0.8414151072502136,0.6665168404579163,0.05152613798303204,69,-0.00010769195580636169,-0.03326106071472168
1435,Healthy,0.8720790171043122,2.808814400993172,301.0,458.5,265.5,3885.5,0.7025036818851251,0.20149667405764968,0.04483007953723789,0.3535980148883375,757.5,2881.0,3963.0,4335.0,1823.5,724.5,0.8592355847358704,0.5654676556587219,0.08605566156970179,70,-0.0005709491929250989,-0.06772160530090332
1436,Healthy,0.839129915142823,2.9089327146171695,380.0,572.0,336.5,3847.0,0.6702833031946956,0.17973462002412546,0.039904928696522395,0.3404872899991204,820.5,2890.0,3837.5,4156.5,1874.5,792.0,0.8371412754058838,0.6691358089447021,0.04845964637200025,69,-0.00016466452601564117,-0.04493683576583862
1437,Healthy,0.8557555660824254,2.7841565847268246,333.5,493.0,304.5,3917.5,0.6865554465161924,0.18827352554794993,0.04773517039565933,0.34972202918693535,798.5,2935.0,3905.0,4296.5,1871.5,794.0,0.8438016772270203,0.4728740453720093,0.08389803067258578,76,-0.0006645221178394586,-0.06288617849349976
1438,Healthy,0.867938021454112,2.763777136784576,305.0,466.0,277.0,3918.0,0.6874272409778812,0.19202302631578946,0.035480414335039887,0.34822737859052877,805.5,2947.5,4050.5,4348.5,1889.0,771.0,0.8578873872756958,0.5780388116836548,0.08486207940069919,70,-0.0003676979095020879,-0.05437946319580078
1439,Healthy,0.8576195773081201,2.9759147753589623,381.0,544.0,320.0,4175.0,0.6931168112197823,0.1931079323797139,0.04255440031816374,0.3908208150053946,831.5,3102.5,4213.0,4587.5,1835.0,756.0,0.8538673520088196,0.31468725204467773,0.10686409972608751,71,-0.0003074486539226935,-0.06364244222640991
1440,Healthy,0.8667632150615496,2.8262238312608217,313.0,452.0,276.0,3867.0,0.6989765201685731,0.19189075038716036,0.038773006134969326,0.35612835349815886,750.0,2870.0,3917.0,4233.0,1836.0,768.0,0.8621666431427002,0.49630191922187805,0.10248154703218663,75,-0.0008378980548363903,-0.06207132339477539
1441,Healthy,0.8523958584156032,2.978293791014639,362.0,516.5,306.5,3846.5,0.6702833031946956,0.17973462002412546,0.039904928696522395,0.3404872899991204,820.5,2890.0,3837.5,4156.5,1874.5,792.0,0.8496444821357727,0.482041597366333,0.062464136544852084,70,-0.0002888702372346593,-0.05945867300033569
1442,Healthy,0.8589924670433146,2.9365845807178497,352.0,521.5,299.5,3948.5,0.6749391727493917,0.18192431838472634,0.04082249773208346,0.34166232864827345,835.0,2978.0,3965.0,4302.5,1897.0,799.0,0.8591591119766235,0.5070074200630188,0.06327261494657951,70,-0.0003600211928988458,-0.07383698225021362
1443,Healthy,0.8674751929437706,2.9067533619033545,354.0,495.0,300.5,4234.5,0.7156707373916286,0.19677461308362595,0.03953908721192951,0.38216666666666665,762.5,3088.0,4251.0,4601.0,1853.5,749.5,0.8654545545578003,0.6879310607910156,0.04500053211831295,69,-0.00017106822286978865,-0.0394819974899292
1444,Healthy,0.8662075750122971,2.990320937340805,331.0,443.0,272.0,3794.0,0.6825205699377885,0.18905119841157284,0.0407149950347567,0.3494906919564454,791.0,2859.0,3864.0,4192.0,1852.0,789.0,0.8561196327209473,0.5002633929252625,0.1006252832797076,76,-0.0008378044979486511,-0.06319236755371094
1445,Healthy,0.8684394681595521,2.963700047763095,341.0,470.5,282.0,4005.0,0.6949576597382602,0.1888498920086393,0.04206353901674259,0.35697156560465915,792.5,3004.5,4048.0,4403.5,1877.0,778.0,0.8611400127410889,0.6863340735435486,0.04567128170956097,69,-0.00019954360823741266,-0.046130597591400146
1446,Unhealthy,0.8590248845850692,2.8201242052343636,350.0,521.0,313.0,4127.5,0.680439179427911,0.19131503482179435,0.04566702624955052,0.35581111691932393,829.5,2961.0,3981.0,4362.0,1848.5,778.0,0.8535308837890625,0.2846696376800537,0.09227864912376409,69,-9.329905344748562e-05,-0.020818114280700684
1447,Healthy,0.8709530841758492,2.775887038377987,316.0,485.5,284.0,4117.5,0.6817608843207602,0.1845376314711105,0.04093146080902653,0.34489206187319393,820.5,2985.0,3995.0,4336.0,1927.0,796.5,0.8518357872962952,0.3916722238063812,0.09157589173404107,72,-0.0005017247128640997,-0.067593514919281
1448,Healthy,0.8714301713517751,2.8676199601975383,334.5,467.0,287.0,4177.5,0.7156707373916286,0.19677461308362595,0.03953908721192951,0.38216666666666665,762.5,3088.0,4251.0,4601.0,1853.5,749.5,0.871119499206543,0.6915166974067688,0.046000167562877704,69,-0.00020633489027338956,-0.05248028039932251
1449,Healthy,0.8497843187008374,2.791298549758293,323.0,467.0,296.0,3645.0,0.6953062848050915,0.19820073095305032,0.046788652830652096,0.36058957711879275,766.0,2852.0,3881.0,4262.0,1822.0,760.0,0.8392818570137024,0.5250965356826782,0.08463846035564605,76,-0.0007750507996175197,-0.07191246747970581
1450,Healthy,0.8626315167277456,2.8234793375638447,327.0,448.5,290.5,3939.0,0.7045739046701974,0.19205387205387206,0.04135537384552033,0.37990594271056005,767.0,2999.5,4074.0,4425.5,1813.0,731.0,0.8621169924736023,0.667121410369873,0.0531147165009651,71,-0.0001830932702106473,-0.06299573183059692
1451,Healthy,0.8639865190178142,2.7735703245749614,311.0,452.0,282.5,3871.5,0.708772627809827,0.20190289632013433,0.04323536555744474,0.3684025951253726,732.0,2852.0,3939.0,4295.0,1801.0,748.0,0.861422598361969,0.5157102346420288,0.07758969317892522,76,-0.0006020900649224696,-0.07099545001983643
1452,Healthy,0.8668305217294157,2.9488446336272425,357.0,502.0,298.0,4177.5,0.7039241212572066,0.1868644342250146,0.04007265296855489,0.38439024390243903,796.0,3138.5,4228.0,4581.0,1893.0,768.0,0.8667251467704773,0.6901827454566956,0.04612086607193353,69,-0.00019221888228357708,-0.04769933223724365
1453,Unhealthy,0.8591549295774648,3.0076423699564465,362.5,502.0,300.0,3960.0,0.7027834858957593,0.19800223434316883,0.04800229951135384,0.36562918340026773,795.5,3051.0,4140.0,4557.5,1895.5,772.0,0.8518735766410828,0.6816344857215881,0.04609751691867164,69,-0.00011961233963424176,-0.02842569351196289
1454,Healthy,0.8621013133208255,2.845201238390093,334.0,488.0,294.0,3970.0,0.697039600153787,0.1939410332702191,0.04820707670387082,0.36305950951809296,788.0,2980.0,4008.0,4414.0,1857.0,777.0,0.8506350517272949,0.5078198313713074,0.09444855329355728,77,-0.0008177357724158003,-0.06356614828109741
1455,Healthy,0.8605517401932254,2.9161407384032816,350.0,528.5,299.5,3996.0,0.6912450998693298,0.1909300032862307,0.04582708068798338,0.3579849037401408,827.0,3077.5,4133.0,4530.0,1892.5,787.5,0.8576825261116028,0.6782296895980835,0.04961796996907384,69,-0.00017021696396818395,-0.04400038719177246
1456,Healthy,0.8711264141662568,2.8115573900619144,297.0,459.0,262.0,3804.0,0.6874272409778812,0.19202302631578946,0.035480414335039887,0.34822737859052877,805.5,2947.5,4050.5,4348.5,1889.0,771.0,0.8500608205795288,0.5691536664962769,0.08524329403740903,72,-0.00037865634498969567,-0.053534746170043945
1457,Healthy,0.8761103319308088,2.7781483952264474,297.5,456.5,265.0,4013.0,0.7030584974759972,0.19097390461687547,0.039825950323321445,0.3624469283424313,750.0,2922.0,3972.0,4301.5,1839.5,734.0,0.8620077967643738,0.5784956216812134,0.08253475571839958,71,-0.00042020511630221156,-0.031751811504364014
1458,Healthy,0.8475336322869955,2.8397328881469117,340.0,500.0,306.0,3708.0,0.680439179427911,0.19131503482179435,0.04566702624955052,0.35581111691932393,829.5,2961.0,3981.0,4362.0,1848.5,778.0,0.8467966318130493,0.5638258457183838,0.0654202707538525,68,-0.00012598018831963106,-0.03312915563583374
1459,Healthy,0.8728932584269663,2.7274722059684025,295.0,473.5,271.5,4000.5,0.7012010545845132,0.1851700680272109,0.03733253944626377,0.3782222605397017,765.0,2994.5,4042.0,4355.5,1803.0,723.0,0.8631041049957275,0.5539280772209167,0.08677508099580632,74,-0.0004457524099036605,-0.05824965238571167
1460,Healthy,0.8748451053283767,2.746226855453555,278.0,422.5,252.5,3782.5,0.6962970436888306,0.18821118100219097,0.041313100030969344,0.3577112203844435,752.5,2871.5,3869.5,4203.0,1796.0,694.0,0.8667840957641602,0.5591679811477661,0.08541032500166694,69,-0.0005799779960988805,-0.08804553747177124
1461,Healthy,0.8592375366568915,2.727272727272727,308.0,461.5,288.0,3804.0,0.7025036818851251,0.20149667405764968,0.04483007953723789,0.3535980148883375,757.5,2881.0,3963.0,4335.0,1823.5,724.5,0.8509167432785034,0.5251316428184509,0.08205881334930959,70,-0.00048474887026672025,-0.06977260112762451
1462,Healthy,0.8671163575042159,2.9886081835089895,360.0,496.5,295.5,4152.0,0.7134611804133308,0.20300653594771242,0.043246613387745846,0.3849827103573193,769.5,3048.5,4220.0,4601.5,1867.5,768.0,0.8679706454277039,0.6954911947250366,0.0464960054614778,69,-0.000178122927388392,-0.05134451389312744
1463,Healthy,0.8478747203579419,2.943990188062142,374.0,571.5,323.0,3923.5,0.6634587898999523,0.18665035345296357,0.04413875598086124,0.35369830101252786,883.0,2991.5,3995.5,4364.5,1883.0,789.0,0.8414151072502136,0.6665168404579163,0.05152613798303204,69,-0.00010769195580636169,-0.03326106071472168
1464,Healthy,0.849517031011693,2.8346055979643765,329.0,471.0,296.0,3638.0,0.6748869708179203,0.19641808573106284,0.04273285568065507,0.328125,791.0,2737.0,3741.0,4075.0,1849.0,789.0,0.841177225112915,0.47450271248817444,0.07856822523686639,75,-0.0005289979189582373,-0.044282495975494385
1465,Healthy,0.8652955136173579,2.696696485172924,315.5,507.5,298.0,4126.5,0.709511077158136,0.19290997534483909,0.04342250976277904,0.38108542883752433,760.5,3028.0,4103.0,4475.5,1827.5,733.0,0.8442680835723877,0.569279134273529,0.07648086834008334,74,-0.0003678036145458509,-0.04266858100891113
1466,Healthy,0.8663949275362319,2.9177152444139405,348.5,470.5,295.0,4121.0,0.7045739046701974,0.19205387205387206,0.04135537384552033,0.37990594271056005,767.0,2999.5,4074.0,4425.5,1813.0,731.0,0.8649191856384277,0.6658296585083008,0.05069621121245584,71,-0.00014611637641590586,-0.055389463901519775
1467,Healthy,0.8794104510942385,2.6778185774513803,287.0,472.0,270.0,4208.0,0.711482416941908,0.191210277214334,0.03732925105982101,0.37507413369482334,742.5,2990.5,4087.5,4404.5,1844.0,739.5,0.8664022088050842,0.5328910946846008,0.08361964010224315,73,-0.00048251993107577566,-0.05477172136306763
1468,Healthy,0.8802850356294537,2.810983009708738,290.0,456.0,252.0,3958.0,0.6796859271189853,0.18416010219288909,0.030699857928222867,0.3287453679195341,795.5,2874.0,3923.0,4171.5,1902.0,783.5,0.8586850762367249,0.5603160858154297,0.09318445730253466,71,-0.0004208363727336098,-0.08200091123580933
1469,Healthy,0.8585063230732523,2.759625709464642,322.0,491.5,296.5,3894.5,0.6865554465161924,0.18827352554794993,0.04773517039565933,0.34972202918693535,798.5,2935.0,3905.0,4296.5,1871.5,794.0,0.8519942164421082,0.4830734133720398,0.08746204349466669,76,-0.0006756453617042956,-0.05670899152755737
1470,Healthy,0.8398082744702321,2.8033684210526317,344.5,515.0,317.5,3646.5,0.6486280487804879,0.18374606649336434,0.04040404040404041,0.3166496424923391,922.0,2983.0,3990.0,4326.0,2007.0,859.0,0.8323798179626465,0.47676604986190796,0.06268322991219925,70,-0.00032191067777918793,-0.05093181133270264
1471,Healthy,0.8346991336923437,2.913057689164896,397.0,581.0,353.0,3918.0,0.6634587898999523,0.18665035345296357,0.04413875598086124,0.35369830101252786,883.0,2991.5,3995.5,4364.5,1883.0,789.0,0.8343170285224915,0.6251301765441895,0.06267784584933184,70,-8.257569979704243e-05,-0.03348231315612793
1472,Healthy,0.8651549873356652,2.7407152682255846,303.0,464.5,279.5,3866.0,0.6874272409778812,0.19202302631578946,0.035480414335039887,0.34822737859052877,805.5,2947.5,4050.5,4348.5,1889.0,771.0,0.850585401058197,0.5682234168052673,0.0843356516299389,72,-0.00037565114692082025,-0.038171350955963135
1473,Healthy,0.8794104510942385,2.6778185774513803,287.0,472.0,270.0,4208.0,0.711482416941908,0.191210277214334,0.03732925105982101,0.37507413369482334,742.5,2990.5,4087.5,4404.5,1844.0,739.5,0.8664022088050842,0.5328910946846008,0.08361964010224315,73,-0.00048251993107577566,-0.05477172136306763
1474,Healthy,0.8518953174510034,2.6442517849337026,321.0,495.5,315.5,3945.0,0.7026810724289716,0.19446978735349849,0.03938931297709924,0.3587234417702548,743.0,2869.5,3932.5,4255.0,1818.5,757.0,0.8400073647499084,0.4672100841999054,0.09248062452747305,76,-0.0007220952658648361,-0.0568317174911499
1475,Healthy,0.8460772104607721,2.6866497943688707,320.0,490.0,309.0,3706.0,0.6530491415038484,0.17756221003795866,0.044389027431421445,0.3237359550561798,879.0,2925.0,3832.0,4188.0,1926.0,832.0,0.8445234894752502,0.48200398683547974,0.07514138228780773,75,-0.0005617772010290201,-0.05863344669342041
1476,Healthy,0.8734264926665897,2.719134248939383,296.5,471.5,274.0,4055.5,0.6982374588417587,0.19130434782608696,0.043312708234174206,0.36699128651973345,779.0,2976.0,4020.0,4384.0,1852.5,723.0,0.8581758737564087,0.5491055250167847,0.09270605006104952,72,-0.0006156290204954074,-0.06327921152114868
1477,Healthy,0.86977648202138,2.6424564511366992,276.0,456.0,268.0,3848.0,0.6786071642985791,0.18007878446820483,0.04185815426655074,0.3373112738450411,803.0,2914.0,3857.0,4194.0,1832.5,719.0,0.8553191423416138,0.5275298953056335,0.08527879652502082,71,-0.0005639005874270508,-0.0564572811126709
1478,Healthy,0.840187146023147,2.5249759490860653,307.5,495.0,324.5,3736.5,0.6796859271189853,0.18416010219288909,0.030699857928222867,0.3287453679195341,795.5,2874.0,3923.0,4171.5,1902.0,783.5,0.8154109120368958,0.4280582070350647,0.1127198006602201,73,-0.0005570489932296654,-0.07632595300674438
1479,Healthy,0.8589924670433146,2.9365845807178497,352.0,521.5,299.5,3948.5,0.6749391727493917,0.18192431838472634,0.04082249773208346,0.34166232864827345,835.0,2978.0,3965.0,4302.5,1897.0,799.0,0.8591591119766235,0.5070074200630188,0.06327261494657951,70,-0.0003600211928988458,-0.07383698225021362
1480,Healthy,0.8680696990269292,2.9148936170212765,345.0,479.5,291.5,4127.5,0.7150375939849624,0.20194967724937427,0.044653079917563544,0.3884463821581286,758.0,3029.0,4172.0,4562.0,1823.5,733.0,0.8702046871185303,0.579900860786438,0.057101133921862855,69,-0.00019698029268153713,-0.0557214617729187
1481,Healthy,0.8536408646298757,2.6825288403157255,315.0,483.0,303.0,3837.5,0.6906396100666468,0.19656434807096593,0.04244357212953876,0.34501779359430607,777.5,2853.0,3903.0,4249.0,1840.5,777.5,0.8467950224876404,0.49198904633522034,0.08780029172658914,75,-0.0007329096457699631,-0.06478101015090942
1482,Healthy,0.8423226433430515,2.8066056828300816,353.5,511.5,324.5,3791.5,0.6754906894816306,0.18688057040998218,0.04514346706850003,0.3314542411697349,806.0,2851.0,3802.0,4161.5,1897.5,796.5,0.827019989490509,0.5086357593536377,0.07370181160592386,76,-0.0005977373017840576,-0.057109057903289795
1483,Healthy,0.8663473053892216,2.920704134366925,330.0,465.0,279.0,3896.0,0.7041420118343196,0.19604754403551483,0.04061799152753551,0.35924068767908307,725.0,2807.0,3850.0,4176.0,1789.0,745.0,0.8624904751777649,0.5161911249160767,0.09512431101182324,76,-0.0008258409275449441,-0.059023380279541016
1484,Healthy,0.8670307491392616,2.9662875710804224,338.0,471.0,280.0,3931.5,0.7027834858957593,0.19800223434316883,0.04800229951135384,0.36562918340026773,795.5,3051.0,4140.0,4557.5,1895.5,772.0,0.8611867427825928,0.6785396337509155,0.04856626313075687,69,-0.00018003348885904714,-0.04508870840072632
1485,Healthy,0.8459925442684063,2.8529897069222914,368.5,557.5,330.5,3961.5,0.6865554465161924,0.18827352554794993,0.04773517039565933,0.34972202918693535,798.5,2935.0,3905.0,4296.5,1871.5,794.0,0.8310715556144714,0.4635748863220215,0.08690254933343135,76,-0.0006192535327301394,-0.024199724197387695
1486,Healthy,0.8422466422466423,2.951900034234851,372.0,512.0,323.0,3772.0,0.6702833031946956,0.17973462002412546,0.039904928696522395,0.3404872899991204,820.5,2890.0,3837.5,4156.5,1874.5,792.0,0.8409030437469482,0.6608047485351562,0.05192680917105681,70,-0.00014009449706134624,-0.03118884563446045
1487,Healthy,0.8585063230732523,2.759625709464642,322.0,491.5,296.5,3894.5,0.6865554465161924,0.18827352554794993,0.04773517039565933,0.34972202918693535,798.5,2935.0,3905.0,4296.5,1871.5,794.0,0.8519942164421082,0.4830734133720398,0.08746204349466669,76,-0.0006756453617042956,-0.05670899152755737
1488,Unhealthy,0.8668993600930773,2.919899678658202,338.5,503.5,286.0,4011.5,0.7095459285240308,0.1866035004605869,0.04230724771702693,0.38335327294479576,766.0,3090.5,4142.5,4508.5,1804.0,737.0,0.8623791933059692,0.6242263317108154,0.06608616908918857,72,-0.00044736333549223425,-0.07735496759414673
1489,Healthy,0.8533957845433255,2.8911456680418914,358.0,519.0,313.0,3957.0,0.6227579556412729,0.15831497797356828,0.046257149962695844,0.31691985332634887,978.0,3057.0,3835.0,4207.0,1956.0,862.0,0.8501631021499634,0.5881207585334778,0.06567621558003109,72,-0.00036905310541830965,-0.07502228021621704
1490,Healthy,0.8553615960099751,2.896027661627533,350.0,516.0,304.5,3906.0,0.680439179427911,0.19131503482179435,0.04566702624955052,0.35581111691932393,829.5,2961.0,3981.0,4362.0,1848.5,778.0,0.8580636978149414,0.3903186321258545,0.08065981418358922,69,-0.00012122710321992306,-0.03674095869064331
1491,Healthy,0.8683223992502344,2.7634031764969054,309.5,466.5,281.0,3987.0,0.7030584974759972,0.19097390461687547,0.039825950323321445,0.3624469283424313,750.0,2922.0,3972.0,4301.5,1839.5,734.0,0.8627166152000427,0.5490463376045227,0.08342556868001803,72,-0.0004825483776513051,-0.061825454235076904
1492,Healthy,0.8832510103277953,2.764581869290232,293.0,459.0,260.0,4194.0,0.711482416941908,0.191210277214334,0.03732925105982101,0.37507413369482334,742.5,2990.5,4087.5,4404.5,1844.0,739.5,0.8686584234237671,0.4371134042739868,0.09336736004266463,72,-0.000524720272339646,-0.06831347942352295
1493,Healthy,0.8617741360883505,2.736218988009954,313.5,476.0,291.0,3919.5,0.708772627809827,0.20190289632013433,0.04323536555744474,0.3684025951253726,732.0,2852.0,3939.0,4295.0,1801.0,748.0,0.8564350605010986,0.49428731203079224,0.0849495850126411,76,-0.000693736753403955,-0.07502889633178711
1494,Healthy,0.8673799175303689,2.8879406307977735,347.5,519.5,297.5,4189.0,0.7196018234254349,0.1912096410388606,0.040472839853644804,0.3890818858560794,753.5,3137.5,4261.5,4621.0,1846.5,743.0,0.8692747950553894,0.6946236491203308,0.044445945526656754,69,-0.00016151640252959484,-0.05062025785446167
1495,Healthy,0.8518953174510034,2.6442517849337026,321.0,495.5,315.5,3945.0,0.7026810724289716,0.19446978735349849,0.03938931297709924,0.3587234417702548,743.0,2869.5,3932.5,4255.0,1818.5,757.0,0.8400073647499084,0.4672100841999054,0.09248062452747305,76,-0.0007220952658648361,-0.0568317174911499
1496,Healthy,0.8600883652430045,2.825806451612903,320.0,435.0,285.0,3789.0,0.7041420118343196,0.19604754403551483,0.04061799152753551,0.35924068767908307,725.0,2807.0,3850.0,4176.0,1789.0,745.0,0.8511353135108948,0.5224888920783997,0.0923742840718989,75,-0.000804710041651347,-0.07326126098632812
1497,Healthy,0.8376703841387856,2.6234088792300527,327.0,526.5,327.5,3707.5,0.6685737227742647,0.18590383792267084,0.04166927752365437,0.33279410443066415,825.5,2853.0,3823.5,4156.0,1856.0,781.5,0.8187872767448425,0.4893699288368225,0.08648458170890265,74,-0.0007116968261755178,-0.04935795068740845
1498,Healthy,0.8670307491392616,2.9662875710804224,338.0,471.0,280.0,3931.5,0.7027834858957593,0.19800223434316883,0.04800229951135384,0.36562918340026773,795.5,3051.0,4140.0,4557.5,1895.5,772.0,0.8611867427825928,0.6785396337509155,0.04856626313075687,69,-0.00018003348885904714,-0.04508870840072632
1499,Healthy,0.8491912464319695,2.6327433628318584,320.0,508.0,317.0,3887.0,0.6874272409778812,0.19202302631578946,0.035480414335039887,0.34822737859052877,805.5,2947.5,4050.5,4348.5,1889.0,771.0,0.8343726396560669,0.5701978802680969,0.07859039394897474,74,-0.0003192166022493595,-0.03575623035430908
1500,Healthy,0.8617185774243429,2.929338439588496,368.5,523.0,313.0,4214.0,0.7115279548351848,0.18834165771005879,0.04288964101425956,0.3868789194404245,792.0,3209.5,4312.5,4699.0,1906.5,765.5,0.8604598045349121,0.697659432888031,0.04344050912746682,69,-0.00010134517866703158,-0.03712338209152222
1501,Healthy,0.8497843187008374,2.791298549758293,323.0,467.0,296.0,3645.0,0.6953062848050915,0.19820073095305032,0.046788652830652096,0.36058957711879275,766.0,2852.0,3881.0,4262.0,1822.0,760.0,0.8392818570137024,0.5250965356826782,0.08463846035564605,76,-0.0007750507996175197,-0.07191246747970581
1502,Healthy,0.8602099236641222,2.872848948374761,336.0,494.0,293.0,3899.0,0.6867704280155642,0.1897900370522849,0.04432666827270537,0.36015325670498083,805.0,2952.0,3967.0,4335.0,1837.0,764.0,0.8480274081230164,0.5142089128494263,0.09166971682631046,77,-0.0008038659327688762,-0.05650430917739868
1503,Healthy,0.8702307516563856,2.990500117767135,348.5,470.0,284.0,4093.0,0.7016810805558255,0.20035643292891905,0.0425050601262055,0.358621889681573,767.5,2916.5,4021.0,4378.0,1843.0,771.0,0.8675443530082703,0.6969462633132935,0.04752377576159534,71,-0.00016352780140754458,-0.04625314474105835
1504,Healthy,0.865287466923262,2.7814723167336837,310.0,455.0,280.0,3877.0,0.6904469044690447,0.19663328979828762,0.034500062727386774,0.34983853606027987,755.0,2768.0,3848.0,4123.0,1812.0,759.0,0.8640674948692322,0.45448029041290283,0.08168019274926368,75,-0.0006377228368926788,-0.07388752698898315
1505,Healthy,0.8683033153607893,2.939874155208576,343.5,462.5,287.0,4071.5,0.7134862898712927,0.19554890349450121,0.04427897459216734,0.3778594089163466,768.0,3090.5,4203.5,4593.0,1863.0,762.0,0.8688876032829285,0.6954574584960938,0.04686519058825515,69,-0.00020006739981760294,-0.055436909198760986
1506,Healthy,0.8572772160827651,2.8763016724518775,347.0,496.5,303.5,3949.5,0.7016810805558255,0.20035643292891905,0.0425050601262055,0.358621889681573,767.5,2916.5,4021.0,4378.0,1843.0,771.0,0.8553178906440735,0.5387731194496155,0.05955629091675741,70,-0.00027586333384431954,-0.0624157190322876
1507,Healthy,0.8400546821599453,2.8659152739992226,390.5,590.0,351.0,4038.0,0.6634587898999523,0.18665035345296357,0.04413875598086124,0.35369830101252786,883.0,2991.5,3995.5,4364.5,1883.0,789.0,0.8374676704406738,0.6731191277503967,0.049028751249966744,69,-0.0001153195339621479,-0.016302287578582764
1508,Healthy,0.8702307516563856,2.990500117767135,348.5,470.0,284.0,4093.0,0.7016810805558255,0.20035643292891905,0.0425050601262055,0.358621889681573,767.5,2916.5,4021.0,4378.0,1843.0,771.0,0.8675443530082703,0.6969462633132935,0.04752377576159534,71,-0.00016352780140754458,-0.04625314474105835
1509,Healthy,0.8605418138987043,2.8891173679215436,342.0,486.0,296.0,3949.0,0.7045739046701974,0.19205387205387206,0.04135537384552033,0.37990594271056005,767.0,2999.5,4074.0,4425.5,1813.0,731.0,0.8549848794937134,0.6274281144142151,0.05555062364762938,71,-0.00016614849766659443,-0.06578266620635986
1510,Healthy,0.8668436186684362,2.87675255083315,349.5,489.5,301.0,4220.0,0.7016810805558255,0.20035643292891905,0.0425050601262055,0.358621889681573,767.5,2916.5,4021.0,4378.0,1843.0,771.0,0.8664803504943848,0.6983957290649414,0.047153954438395235,69,-0.00015072507106335162,-0.04422718286514282
1511,Healthy,0.8690645904156158,2.9153178340200117,354.0,501.0,298.5,4261.0,0.7039241212572066,0.1868644342250146,0.04007265296855489,0.38439024390243903,796.0,3138.5,4228.0,4581.0,1893.0,768.0,0.8696627020835876,0.6962132453918457,0.04537902730702054,69,-0.0002101909682644554,-0.060787975788116455
1512,Healthy,0.8582045534976996,2.967449828683309,357.0,523.0,300.5,3938.0,0.6749391727493917,0.18192431838472634,0.04082249773208346,0.34166232864827345,835.0,2978.0,3965.0,4302.5,1897.0,799.0,0.8590838313102722,0.481380820274353,0.0654864293641186,70,-0.0003470786808176055,-0.08213174343109131
1513,Healthy,0.8690645904156158,2.9153178340200117,354.0,501.0,298.5,4261.0,0.7039241212572066,0.1868644342250146,0.04007265296855489,0.38439024390243903,796.0,3138.5,4228.0,4581.0,1893.0,768.0,0.8696627020835876,0.6962132453918457,0.04537902730702054,69,-0.0002101909682644554,-0.060787975788116455
1514,Healthy,0.8658361284139914,2.78,310.0,455.0,280.0,3894.0,0.6904469044690447,0.19663328979828762,0.034500062727386774,0.34983853606027987,755.0,2768.0,3848.0,4123.0,1812.0,759.0,0.8632212281227112,0.45448029041290283,0.0798075505139915,75,-0.0006175815547156143,-0.07126027345657349
1515,Healthy,0.863439141356474,2.6514726507713884,308.0,492.0,299.0,4080.0,0.6817608843207602,0.1845376314711105,0.04093146080902653,0.34489206187319393,820.5,2985.0,3995.0,4336.0,1927.0,796.5,0.8424559831619263,0.4504874348640442,0.08672999341533534,73,-0.0004260226300805043,-0.052530765533447266
1516,Unhealthy,0.8719855758395312,2.9541116286172406,344.5,493.0,284.0,4153.0,0.7104377104377104,0.19984254034903556,0.046703296703296704,0.36626687914115574,774.0,3049.0,4164.0,4572.0,1889.0,782.0,0.8706448674201965,0.6893873810768127,0.04732400876311562,69,-0.00017443613706971976,-0.05818134546279907
1517,Healthy,0.8671163575042159,2.9886081835089895,360.0,496.5,295.5,4152.0,0.7134611804133308,0.20300653594771242,0.043246613387745846,0.3849827103573193,769.5,3048.5,4220.0,4601.5,1867.5,768.0,0.8679706454277039,0.6954911947250366,0.0464960054614778,69,-0.000178122927388392,-0.05134451389312744
1518,Healthy,0.8659469185784975,2.8864897285949915,347.0,494.0,298.0,4148.0,0.7196018234254349,0.1912096410388606,0.040472839853644804,0.3890818858560794,753.5,3137.5,4261.5,4621.0,1846.5,743.0,0.8666539788246155,0.6934275031089783,0.0456304022417247,69,-0.00017291886548928353,-0.0508076548576355
1519,Healthy,0.8663473053892216,2.920704134366925,330.0,465.0,279.0,3896.0,0.7041420118343196,0.19604754403551483,0.04061799152753551,0.35924068767908307,725.0,2807.0,3850.0,4176.0,1789.0,745.0,0.8624904751777649,0.5161911249160767,0.09512431101182324,76,-0.0008258409275449441,-0.059023380279541016
1520,Healthy,0.8581073078289707,2.7432790609617568,322.5,499.5,299.5,3922.0,0.6965828750981933,0.1852918981957879,0.041910390158596156,0.3671468757991646,772.5,2969.0,3972.0,4319.5,1856.0,722.5,0.8351266384124756,0.4476504623889923,0.09503261669920492,71,-0.0005899834692181245,-0.03240126371383667
1521,Healthy,0.8341915550978373,2.722689075630252,336.0,522.0,322.0,3562.0,0.6785123162301626,0.18773682397519806,0.04012066365007542,0.37357148903750104,825.5,2947.5,3977.5,4310.0,1850.0,791.5,0.8239766955375671,0.4660230278968811,0.07417757757003293,75,-0.0003890896241927826,-0.03155702352523804
1522,Healthy,0.8437177280550775,2.9273827534039336,389.5,594.0,340.5,4017.0,0.6701702167240257,0.19063722564816657,0.04437852614436108,0.3514682638715581,886.5,3051.5,4107.5,4489.0,1949.0,824.5,0.8413234353065491,0.678260862827301,0.049766432890300576,69,-0.00010845710834055538,-0.010626792907714844
1523,Healthy,0.8666990999756751,2.8349777211966902,312.0,439.0,274.0,3837.0,0.708772627809827,0.20190289632013433,0.04323536555744474,0.3684025951253726,732.0,2852.0,3939.0,4295.0,1801.0,748.0,0.8619918823242188,0.4885963201522827,0.0787375394795643,75,-0.0006242254233632514,-0.06846332550048828
1524,Healthy,0.8668305217294157,2.9488446336272425,357.0,502.0,298.0,4177.5,0.7039241212572066,0.1868644342250146,0.04007265296855489,0.38439024390243903,796.0,3138.5,4228.0,4581.0,1893.0,768.0,0.8667251467704773,0.6901827454566956,0.04612086607193353,69,-0.00019221888228357708,-0.04769933223724365
1525,Healthy,0.8445246690734055,2.913483892394553,368.0,561.0,323.0,3832.0,0.6743215031315241,0.16987136984484816,0.04849061088661754,0.36597677940434126,858.0,3130.0,4003.0,4411.0,1884.0,802.0,0.8351454138755798,0.6076787114143372,0.05879532494572037,71,-0.000379898819009885,-0.07555907964706421
1526,Healthy,0.8681564245810056,2.994450439340219,361.0,495.0,295.0,4180.0,0.7103461392164321,0.19144144144144143,0.04019432074489619,0.38191632928475033,761.5,3051.5,4149.0,4496.5,1832.0,741.5,0.8699379563331604,0.59001225233078,0.0646081689157631,70,-0.0002372599844266933,-0.05775207281112671
1527,Unhealthy,0.8437061300889097,2.877893056664006,375.0,580.0,334.0,3940.0,0.6643974241030359,0.1857386289159785,0.04252621873919558,0.3437396213882431,912.0,3106.0,4154.0,4523.0,1976.0,844.0,0.8412268757820129,0.29741716384887695,0.10567987203953452,73,-0.00029238602336230916,-0.037166059017181396
1528,Healthy,0.8444656488549618,2.7070428997476483,340.5,492.0,326.0,3866.0,0.6754906894816306,0.18688057040998218,0.04514346706850003,0.3314542411697349,806.0,2851.0,3802.0,4161.5,1897.5,796.5,0.8308814764022827,0.4880000054836273,0.07855947770374194,76,-0.0006432606406500856,-0.06065016984939575
1529,Healthy,0.8600883652430045,2.825806451612903,320.0,435.0,285.0,3789.0,0.7041420118343196,0.19604754403551483,0.04061799152753551,0.35924068767908307,725.0,2807.0,3850.0,4176.0,1789.0,745.0,0.8511353135108948,0.5224888920783997,0.0923742840718989,75,-0.000804710041651347,-0.07326126098632812
1530,Healthy,0.8683223992502344,2.7634031764969054,309.5,466.5,281.0,3987.0,0.7030584974759972,0.19097390461687547,0.039825950323321445,0.3624469283424313,750.0,2922.0,3972.0,4301.5,1839.5,734.0,0.8627166152000427,0.5490463376045227,0.08342556868001803,72,-0.0004825483776513051,-0.061825454235076904
1531,Healthy,0.8417448643165103,2.5978396994364434,308.0,497.0,312.0,3631.0,0.6796859271189853,0.18416010219288909,0.030699857928222867,0.3287453679195341,795.5,2874.0,3923.0,4171.5,1902.0,783.5,0.826684296131134,0.4917505979537964,0.1019856610815928,71,-0.00045830330616617083,-0.08522701263427734
1532,Healthy,0.8553615960099751,2.896027661627533,350.0,516.0,304.5,3906.0,0.680439179427911,0.19131503482179435,0.04566702624955052,0.35581111691932393,829.5,2961.0,3981.0,4362.0,1848.5,778.0,0.8580636978149414,0.3903186321258545,0.08065981418358922,69,-0.00012122710321992306,-0.03674095869064331
1533,Unhealthy,0.8583987809166569,3.0844073793277738,374.5,531.5,302.0,3963.5,0.6749391727493917,0.18192431838472634,0.04082249773208346,0.34166232864827345,835.0,2978.0,3965.0,4302.5,1897.0,799.0,0.8502079844474792,0.677604079246521,0.04813539403762477,69,-0.00016475432156793282,-0.045014142990112305
1534,Healthy,0.8670534203529128,2.8328858000315904,313.0,438.0,275.0,3862.0,0.6748869708179203,0.19641808573106284,0.04273285568065507,0.328125,791.0,2737.0,3741.0,4075.0,1849.0,789.0,0.8542960286140442,0.47321268916130066,0.07805034625380973,75,-0.0006072358598586071,-0.05833637714385986
1535,Healthy,0.857413548081478,2.6218584775838343,303.5,501.5,301.0,3921.0,0.6592340765923408,0.18342604478676366,0.04037617554858934,0.314442575046489,852.0,2862.5,3826.5,4148.5,1935.5,814.0,0.8242303729057312,0.5676934123039246,0.08582761704700435,71,-0.000496926642534196,-0.07189673185348511
1536,Healthy,0.8591549295774648,3.0076423699564465,362.5,502.0,300.0,3960.0,0.7027834858957593,0.19800223434316883,0.04800229951135384,0.36562918340026773,795.5,3051.0,4140.0,4557.5,1895.5,772.0,0.8518735766410828,0.6816344857215881,0.04609751691867164,69,-0.00011961233963424176,-0.02842569351196289
1537,Healthy,0.8576195773081201,2.9759147753589623,381.0,544.0,320.0,4175.0,0.6931168112197823,0.1931079323797139,0.04255440031816374,0.3908208150053946,831.5,3102.5,4213.0,4587.5,1835.0,756.0,0.8538673520088196,0.31468725204467773,0.10686409972608751,71,-0.0003074486539226935,-0.06364244222640991
1538,Healthy,0.8744292237442922,2.679445921365608,291.0,463.5,275.0,4105.0,0.711482416941908,0.191210277214334,0.03732925105982101,0.37507413369482334,742.5,2990.5,4087.5,4404.5,1844.0,739.5,0.8687275648117065,0.5087200999259949,0.09458987014193292,73,-0.0005333619863038518,-0.07627725601196289
1539,Healthy,0.865072202166065,2.931865106675843,354.5,495.5,299.0,4133.0,0.7104377104377104,0.19984254034903556,0.046703296703296704,0.36626687914115574,774.0,3049.0,4164.0,4572.0,1889.0,782.0,0.8672492504119873,0.6853737831115723,0.04744863336717567,69,-0.00020108043339704242,-0.06200110912322998
1540,Healthy,0.8563508685474929,2.828369140625,326.0,447.5,291.5,3767.0,0.6906396100666468,0.19656434807096593,0.04244357212953876,0.34501779359430607,777.5,2853.0,3903.0,4249.0,1840.5,777.5,0.850631594657898,0.4822315573692322,0.08680066347030166,76,-0.0007475489982050172,-0.06475162506103516
1541,Healthy,0.8436213991769548,2.880641428335262,363.0,527.0,323.0,3808.0,0.6615805946791862,0.18896976483762598,0.040676304827248225,0.33170305676855893,865.0,2897.0,3915.0,4247.0,1913.0,827.0,0.8296184539794922,0.3542550206184387,0.10076465504896698,73,-0.0001899044917859242,-0.028170287609100342
1542,Healthy,0.8674215616890776,2.8262874711760184,319.0,468.0,281.0,3958.0,0.6989765201685731,0.19189075038716036,0.038773006134969326,0.35612835349815886,750.0,2870.0,3917.0,4233.0,1836.0,768.0,0.8647072911262512,0.508172333240509,0.09663430144147223,76,-0.0008202877992927172,-0.061699628829956055
1543,Healthy,0.8438634713144517,2.740997012108822,342.0,493.5,322.5,3808.5,0.6764349232012935,0.1877147766323024,0.04084321475625823,0.3401842664776754,800.5,2836.5,3822.0,4147.5,1862.0,783.0,0.8353635668754578,0.4862898588180542,0.07453462414416517,76,-0.000554273204337879,-0.05942428112030029
1544,Healthy,0.8608294930875576,2.878496032051776,347.5,512.5,302.0,4038.0,0.680439179427911,0.19131503482179435,0.04566702624955052,0.35581111691932393,829.5,2961.0,3981.0,4362.0,1848.5,778.0,0.8611135482788086,0.3678603172302246,0.08341549178290227,69,-0.00015707156598657063,-0.05102074146270752
1545,Healthy,0.8676698384598363,2.853711790393013,344.0,495.5,299.0,4220.0,0.7016810805558255,0.20035643292891905,0.0425050601262055,0.358621889681573,767.5,2916.5,4021.0,4378.0,1843.0,771.0,0.8600297570228577,0.6910728216171265,0.04706375247923399,71,-0.00011291801833532686,-0.04424172639846802
1546,Healthy,0.8582515407441224,2.9095411282210013,360.5,544.0,310.5,4070.5,0.6743873137914465,0.18259571001900624,0.03906482972505517,0.3447743264115325,847.0,3010.5,4028.0,4355.5,1909.0,806.0,0.8578140735626221,0.523809552192688,0.05889093874313405,70,-0.00031042132327414575,-0.06880885362625122
1547,Healthy,0.863439141356474,2.6514726507713884,308.0,492.0,299.0,4080.0,0.6817608843207602,0.1845376314711105,0.04093146080902653,0.34489206187319393,820.5,2985.0,3995.0,4336.0,1927.0,796.5,0.8424559831619263,0.4504874348640442,0.08672999341533534,73,-0.0004260226300805043,-0.052530765533447266
1548,Healthy,0.8395681646999749,2.792251169004676,345.0,486.5,319.5,3663.5,0.6679746453365529,0.19231875719217492,0.04002509410288582,0.31825064576467443,825.0,2807.5,3825.5,4144.5,1913.5,798.0,0.8266167640686035,0.3867534101009369,0.11056874515396439,72,-0.0005909261970552036,-0.0724835991859436
1549,Healthy,0.8573127229488704,2.738529322394409,322.0,492.0,300.0,3905.0,0.6953062848050915,0.19820073095305032,0.046788652830652096,0.36058957711879275,766.0,2852.0,3881.0,4262.0,1822.0,760.0,0.8492992520332336,0.5173489451408386,0.08515205675259312,77,-0.0007444996107434236,-0.0741005539894104
1550,Healthy,0.8543653250773994,2.7944750486066106,323.0,466.0,294.0,3743.5,0.695112016293279,0.1932616487455197,0.03907615480649188,0.3453179500939093,748.5,2813.5,3848.5,4161.5,1830.0,760.5,0.8391584753990173,0.4751746952533722,0.07614423639627244,76,-0.0005985956020424127,-0.060790956020355225
1551,Healthy,0.8590248845850692,2.8201242052343636,350.0,521.0,313.0,4127.5,0.680439179427911,0.19131503482179435,0.04566702624955052,0.35581111691932393,829.5,2961.0,3981.0,4362.0,1848.5,778.0,0.8535308837890625,0.2846696376800537,0.09227864912376409,69,-9.329905344748562e-05,-0.020818114280700684
1552,Healthy,0.8464955577492597,2.7369932971592723,330.0,492.5,311.0,3741.0,0.6685737227742647,0.18590383792267084,0.04166927752365437,0.33279410443066415,825.5,2853.0,3823.5,4156.0,1856.0,781.5,0.8353217840194702,0.5063265562057495,0.08388081903151859,74,-0.0007651596520208378,-0.06722193956375122
1553,Healthy,0.8582045534976996,2.967449828683309,357.0,523.0,300.5,3938.0,0.6749391727493917,0.18192431838472634,0.04082249773208346,0.34166232864827345,835.0,2978.0,3965.0,4302.5,1897.0,799.0,0.8590838313102722,0.481380820274353,0.0654864293641186,70,-0.0003470786808176055,-0.08213174343109131
1554,Healthy,0.8705501618122977,2.7742551566080977,300.0,450.5,270.0,3901.5,0.6796859271189853,0.18416010219288909,0.030699857928222867,0.3287453679195341,795.5,2874.0,3923.0,4171.5,1902.0,783.5,0.8526774644851685,0.4610011577606201,0.10667269321825822,73,-0.0005646679355767476,-0.0842733383178711
1555,Healthy,0.8593123557283441,2.9853959142326523,347.0,508.0,289.5,3826.0,0.6648346350400154,0.18797302876014862,0.04332588071786815,0.31118608876200365,869.0,2950.5,3958.0,4316.5,1990.5,849.0,0.8518159985542297,0.4775465428829193,0.06856951574807606,70,-0.000408941748659278,-0.07483243942260742
1556,Healthy,0.8496571988246817,2.933220625528318,355.0,552.0,307.0,3777.0,0.6513298388662395,0.1795867424767716,0.0477950234047795,0.3323973323973324,898.0,2958.0,3865.0,4253.0,1902.0,802.0,0.8446801900863647,0.4270152449607849,0.0834662271167692,70,-0.00014419215402813052,-0.04423022270202637
1557,Healthy,0.857061568225788,2.9003312023415235,362.5,497.5,314.0,4079.5,0.7048859296974445,0.19596126107562334,0.04463642908567315,0.36884669479606186,753.5,2926.5,3981.0,4353.0,1795.0,739.5,0.8571653962135315,0.6083757877349854,0.05617777920599897,71,-0.00016168541297534805,-0.051764607429504395
1558,Healthy,0.8673799175303689,2.8879406307977735,347.5,519.5,297.5,4189.0,0.7196018234254349,0.1912096410388606,0.040472839853644804,0.3890818858560794,753.5,3137.5,4261.5,4621.0,1846.5,743.0,0.8692747950553894,0.6946236491203308,0.044445945526656754,69,-0.00016151640252959484,-0.05062025785446167
1559,Healthy,0.8669724770642202,2.962824723798149,367.0,512.5,304.5,4273.5,0.7125848758255046,0.19760634838038246,0.04022598870056497,0.38314207875835876,772.5,3084.0,4247.0,4603.0,1868.0,750.5,0.8674388527870178,0.6934964656829834,0.04532830988311693,69,-0.00018886224796562057,-0.06268221139907837
1560,Healthy,0.8604880453537096,2.7141968589643914,301.0,442.0,283.0,3774.0,0.6748869708179203,0.19641808573106284,0.04273285568065507,0.328125,791.0,2737.0,3741.0,4075.0,1849.0,789.0,0.8499992489814758,0.49042004346847534,0.07625656170896694,75,-0.0005930518885056863,-0.06015557050704956
1561,Healthy,0.8624350576010843,2.9330875009602826,359.5,503.5,304.5,4122.5,0.7027834858957593,0.19800223434316883,0.04800229951135384,0.36562918340026773,795.5,3051.0,4140.0,4557.5,1895.5,772.0,0.8529353141784668,0.6882212162017822,0.04414196659439502,69,-6.068540422872299e-05,-0.02792435884475708
1562,Healthy,0.8707070707070707,2.8172100892033223,309.0,460.0,272.0,3935.5,0.7030584974759972,0.19097390461687547,0.039825950323321445,0.3624469283424313,750.0,2922.0,3972.0,4301.5,1839.5,734.0,0.8569380044937134,0.5764324069023132,0.08367192027685044,72,-0.0005176931120870581,-0.07049858570098877
1563,Healthy,0.860364464692483,2.8889398806792106,354.0,519.0,306.5,4083.5,0.7134611804133308,0.20300653594771242,0.043246613387745846,0.3849827103573193,769.5,3048.5,4220.0,4601.5,1867.5,768.0,0.8523138761520386,0.672711193561554,0.04930294184785924,71,-0.00010333520076735704,-0.04295891523361206
1564,Healthy,0.8500369367150948,2.858089087597284,342.0,475.0,304.5,3756.5,0.7048859296974445,0.19596126107562334,0.04463642908567315,0.36884669479606186,753.5,2926.5,3981.0,4353.0,1795.0,739.5,0.8454523682594299,0.6629658937454224,0.05051944674125716,71,-0.0002092849472911638,-0.05325406789779663
1565,Healthy,0.8658361284139914,2.78,310.0,455.0,280.0,3894.0,0.6904469044690447,0.19663328979828762,0.034500062727386774,0.34983853606027987,755.0,2768.0,3848.0,4123.0,1812.0,759.0,0.8632212281227112,0.45448029041290283,0.0798075505139915,75,-0.0006175815547156143,-0.07126027345657349
1566,Healthy,0.8735159280592453,2.6801558104306427,284.5,456.5,269.0,3984.5,0.6891628145865434,0.18498234488722345,0.03460425317729961,0.34769674569548364,756.5,2827.5,3836.0,4111.0,1809.0,737.5,0.8641625046730042,0.4885472357273102,0.09716444376346699,73,-0.0006245001070104272,-0.06786686182022095
1567,Healthy,0.8513724615041286,2.841078343759309,372.0,554.0,333.0,4148.0,0.6982031536486982,0.1857636666239918,0.04655367231638418,0.3840329218106996,823.0,3180.0,4219.0,4631.0,1871.0,764.0,0.8485347032546997,0.3286130726337433,0.10006281432502351,71,-0.0003291703080658893,-0.061112403869628906
1568,Healthy,0.8695315095802414,2.937808711270768,353.0,515.0,294.5,4220.0,0.7125848758255046,0.19760634838038246,0.04022598870056497,0.38314207875835876,772.5,3084.0,4247.0,4603.0,1868.0,750.5,0.8710954785346985,0.6941529512405396,0.045263508901630146,69,-0.0001653465108732729,-0.058077454566955566
1569,Healthy,0.8659469185784975,2.8864897285949915,347.0,494.0,298.0,4148.0,0.7196018234254349,0.1912096410388606,0.040472839853644804,0.3890818858560794,753.5,3137.5,4261.5,4621.0,1846.5,743.0,0.8666539788246155,0.6934275031089783,0.0456304022417247,69,-0.00017291886548928353,-0.0508076548576355
1570,Healthy,0.8657622277757944,2.616906474820144,285.0,481.5,282.0,3919.5,0.709511077158136,0.19290997534483909,0.04342250976277904,0.38108542883752433,760.5,3028.0,4103.0,4475.5,1827.5,733.0,0.8498470783233643,0.5472458600997925,0.08266785197054002,75,-0.0003760136739993383,-0.03996539115905762
1571,Healthy,0.8579145138562706,2.966060409223774,359.0,489.0,302.5,3955.5,0.7134611804133308,0.20300653594771242,0.043246613387745846,0.3849827103573193,769.5,3048.5,4220.0,4601.5,1867.5,768.0,0.8482354879379272,0.6643450856208801,0.04973708796250831,71,-0.0001409689083652599,-0.0571252703666687
1572,Healthy,0.8659725299069562,2.872152828802351,350.0,523.0,302.5,4211.5,0.6931168112197823,0.1931079323797139,0.04255440031816374,0.3908208150053946,831.5,3102.5,4213.0,4587.5,1835.0,756.0,0.8655908703804016,0.36854392290115356,0.08483876661907708,70,-0.0002481708082438399,-0.06866711378097534
1573,Healthy,0.8617791267802942,2.9256499682942296,348.0,509.5,296.0,3987.0,0.7053739195791056,0.20124412679504997,0.04791594504098834,0.3726912372438222,784.0,3017.5,4123.0,4538.0,1859.5,765.0,0.8640292882919312,0.4577980041503906,0.07274424497928092,69,-0.00019473966056146816,-0.0654866099357605
1574,Healthy,0.8734263354882613,2.9308113868168673,336.0,474.5,279.0,4129.5,0.7156707373916286,0.19677461308362595,0.03953908721192951,0.38216666666666665,762.5,3088.0,4251.0,4601.0,1853.5,749.5,0.8713968992233276,0.7002550959587097,0.048452925496704276,69,-0.00017950601007658042,-0.04899013042449951
1575,Healthy,0.8714301713517751,2.8676199601975383,334.5,467.0,287.0,4177.5,0.7156707373916286,0.19677461308362595,0.03953908721192951,0.38216666666666665,762.5,3088.0,4251.0,4601.0,1853.5,749.5,0.871119499206543,0.6915166974067688,0.046000167562877704,69,-0.00020633489027338956,-0.05248028039932251
1576,Healthy,0.8659469185784975,2.8864897285949915,347.0,494.0,298.0,4148.0,0.7196018234254349,0.1912096410388606,0.040472839853644804,0.3890818858560794,753.5,3137.5,4261.5,4621.0,1846.5,743.0,0.8666539788246155,0.6934275031089783,0.0456304022417247,69,-0.00017291886548928353,-0.0508076548576355
1577,Healthy,0.8693759071117562,2.9748624694376526,356.0,495.5,292.5,4186.0,0.7125848758255046,0.19760634838038246,0.04022598870056497,0.38314207875835876,772.5,3084.0,4247.0,4603.0,1868.0,750.5,0.869739294052124,0.6977573037147522,0.04456720087895869,69,-0.00020073114350419214,-0.056048452854156494
1578,Healthy,0.8663838812301167,2.840531561461794,323.5,502.5,283.5,3960.0,0.6903667481662592,0.18245878087158787,0.040014441302124074,0.3679497115301817,791.5,2987.5,3988.5,4321.0,1835.0,756.5,0.8612436056137085,0.5986995100975037,0.07235502067992518,72,-0.0005119857044902712,-0.08407694101333618
1579,Healthy,0.8170232134729176,2.7636643571978445,421.0,705.0,402.0,3992.0,0.5561745589600743,0.15586206896551724,0.03189262406107622,0.25016589250165894,1195.0,3060.0,3931.0,4190.0,2260.0,1039.0,0.7982507348060608,0.619154155254364,0.06012057610456325,77,-0.00020053694201752932,-0.011135876178741455
1580,Healthy,0.8480213644088371,2.7788385043754973,339.0,498.5,313.0,3806.0,0.6906396100666468,0.19656434807096593,0.04244357212953876,0.34501779359430607,777.5,2853.0,3903.0,4249.0,1840.5,777.5,0.8364412188529968,0.4816085398197174,0.09104000340571324,76,-0.0007253307415190685,-0.06250119209289551
1581,Healthy,0.8536408646298757,2.6825288403157255,315.0,483.0,303.0,3837.5,0.6906396100666468,0.19656434807096593,0.04244357212953876,0.34501779359430607,777.5,2853.0,3903.0,4249.0,1840.5,777.5,0.8467950224876404,0.49198904633522034,0.08780029172658914,75,-0.0007329096457699631,-0.06478101015090942
1582,Healthy,0.8587786259541985,2.749770852428964,320.0,478.0,296.0,3896.0,0.6953062848050915,0.19820073095305032,0.046788652830652096,0.36058957711879275,766.0,2852.0,3881.0,4262.0,1822.0,760.0,0.8474839329719543,0.49696049094200134,0.0817442968985961,77,-0.0007559598229932161,-0.07292914390563965
1583,Healthy,0.8658361284139914,2.78,310.0,455.0,280.0,3894.0,0.6904469044690447,0.19663328979828762,0.034500062727386774,0.34983853606027987,755.0,2768.0,3848.0,4123.0,1812.0,759.0,0.8632212281227112,0.45448029041290283,0.0798075505139915,75,-0.0006175815547156143,-0.07126027345657349
1584,Healthy,0.8566891119298692,2.6513840830449826,289.0,456.5,282.0,3653.5,0.6679746453365529,0.19231875719217492,0.04002509410288582,0.31825064576467443,825.0,2807.5,3825.5,4144.5,1913.5,798.0,0.8407547473907471,0.4116564393043518,0.11735642724502601,73,-0.0005618566213738854,-0.06044250726699829
1585,Healthy,0.8672475065917689,2.910734898037707,341.5,467.5,289.5,4072.0,0.7091428571428572,0.19871752053971012,0.0357245916777284,0.38264099966227627,763.5,2999.0,4177.0,4486.5,1828.0,740.0,0.8584313988685608,0.5449280142784119,0.0903590314790703,74,-0.0004054722291219467,-0.06481146812438965
1586,Healthy,0.8714024668798538,3.0456650167651285,354.0,469.0,281.5,4096.5,0.7126887625024515,0.19646526921496096,0.039580977322778405,0.3770860354517942,732.5,2932.5,4034.0,4366.5,1801.0,723.0,0.8569166660308838,0.2553974390029907,0.11781041690797218,77,-0.0007243048513335853,-0.07703250646591187
1587,Healthy,0.8446509411484394,2.7997156847259514,355.0,541.5,326.0,3871.0,0.6453071993969092,0.18116628331754836,0.0446332415938734,0.33480475382003394,941.0,3026.0,3992.0,4365.0,1959.0,838.0,0.8342863917350769,0.30374982953071594,0.09315294796685036,72,-0.0003199354094257552,-0.03583550453186035
1588,Healthy,0.8351620311303904,2.6938271604938273,333.0,553.0,323.0,3596.0,0.6472179289026275,0.17892699115044247,0.04845056566650271,0.3552008419575513,913.0,2969.0,3869.0,4263.0,1838.0,773.0,0.8280112147331238,0.5665467381477356,0.07207944824793687,72,-0.0007684581712083466,-0.0761975646018982
1589,Healthy,0.8554047730463267,2.8112264513648597,342.5,524.5,309.0,3965.0,0.6610951008645534,0.18324893937320377,0.041310369745874986,0.31701553004726535,882.0,2984.0,3980.0,4323.0,2023.0,872.0,0.843275249004364,0.45314040780067444,0.07945403223451275,73,-0.00032078538368957856,-0.06250196695327759
1590,Healthy,0.8560734122192707,2.7168914776210915,316.0,475.0,298.0,3843.0,0.6863117870722434,0.18868935942106674,0.041935862798073535,0.3751491392534515,825.0,3027.0,4078.0,4435.0,1833.0,770.0,0.851306676864624,0.5430854558944702,0.08307411866881263,72,-0.00024444301895767436,-0.03439146280288696
1591,Healthy,0.8725099601593626,2.8194399742516896,292.0,453.0,256.0,3760.0,0.6842322793965695,0.18579950531063583,0.04193300946049604,0.34699907663896584,764.0,2798.0,3747.0,4075.0,1768.0,743.0,0.8685129880905151,0.38847118616104126,0.10536905261928205,72,-0.0005484922193241911,-0.07908892631530762
1592,Healthy,0.8700344431687715,2.9754986649913615,345.0,464.0,283.0,4072.0,0.7126887625024515,0.19646526921496096,0.039580977322778405,0.3770860354517942,732.5,2932.5,4034.0,4366.5,1801.0,723.0,0.8577607870101929,0.2432301789522171,0.11454828691655998,75,-0.0007168407336627315,-0.07388311624526978
1593,Healthy,0.8578263841421736,2.7441690962099123,336.0,486.0,312.0,4077.0,0.6933837429111531,0.19967858577742065,0.047474275023386345,0.3474036850921273,811.0,2988.0,4073.0,4479.0,1948.0,801.0,0.8485059142112732,0.38738739490509033,0.10637792335808492,73,-0.0007853751170986662,-0.04954123497009277
1594,Healthy,0.8659542339412243,3.042360430950049,358.0,469.0,288.5,4016.0,0.7188485804416404,0.19950467804072647,0.0395897925113284,0.37841126368851036,713.0,2909.0,4027.0,4359.0,1788.0,713.0,0.8561608195304871,0.23768532276153564,0.12413002768486388,77,-0.0007194688026370522,-0.08750605583190918
1595,Healthy,0.8510956175298805,2.983068598359225,353.0,488.0,299.0,3717.0,0.6981972858010937,0.19566457501426127,0.04918032786885246,0.3685364516718436,745.0,2820.0,3799.0,4192.0,1728.0,706.0,0.846829354763031,0.4633308947086334,0.09000613288237473,75,-0.0003748876714273997,-0.07715529203414917
1596,Healthy,0.862873814733771,2.983355749831876,340.0,490.0,282.0,3831.0,0.6914026215295697,0.18702013617267854,0.04004569397727994,0.3709558823529412,747.5,2806.0,3781.5,4097.0,1711.0,693.0,0.8550012111663818,0.3827199637889862,0.09232310856614538,73,-0.000322321206499864,-0.061706483364105225
1597,Healthy,0.8582098689849393,2.994531316756387,347.5,484.0,289.5,3794.0,0.6914026215295697,0.18702013617267854,0.04004569397727994,0.3709558823529412,747.5,2806.0,3781.5,4097.0,1711.0,693.0,0.8525137305259705,0.43834808468818665,0.09230506105730196,74,-0.00029565833155353335,-0.05033904314041138
1598,Healthy,0.8638077285579642,2.723625557206538,310.0,498.0,289.0,3955.0,0.6882106523040096,0.19669117647058823,0.04294780947686241,0.3504242313657513,781.5,2840.5,3883.0,4231.5,1780.0,747.0,0.8606782555580139,0.5046877861022949,0.07252599433183277,74,-0.00048006280240874943,-0.06517618894577026
1599,Healthy,0.8583711487938859,2.741000610128127,319.0,457.5,296.5,3890.5,0.7083456498177161,0.19936358605423354,0.04382901866345575,0.35366377458981185,740.0,2893.5,3970.5,4334.5,1881.0,773.5,0.8470309376716614,0.547066867351532,0.09106993590895181,72,-0.0005443943089467106,-0.06655353307723999
1600,Healthy,0.8378378378378378,2.682734944929195,373.0,597.0,363.0,4114.0,0.665075424861562,0.18397827562797012,0.049338146811071,0.35172413793103446,877.0,3005.0,3950.0,4360.0,1927.0,828.0,0.8320935964584351,0.3633852005004883,0.09294254661458454,72,-0.00010923761906237073,-0.04939115047454834
1601,Healthy,0.7911720640774461,2.5335842928845587,429.0,638.0,453.0,3885.5,0.6275326117124619,0.17570006014836598,0.04726753184902965,0.30279898218829515,1006.5,3083.5,4001.0,4398.0,2123.5,925.5,0.759589433670044,0.5292412042617798,0.0912501738908963,73,-0.0005310424385921084,-0.07330518960952759
1602,Healthy,0.8449573507275464,2.781631978856954,334.0,490.0,309.0,3677.0,0.6542074755146912,0.17740788163323373,0.04323711080297492,0.3329721921271217,865.0,2891.0,3795.0,4138.0,1847.0,795.0,0.829098105430603,0.518930196762085,0.07883816016913822,74,-0.0005058241068287941,-0.05358856916427612
1603,Healthy,0.8597118018339883,2.819261110677185,329.5,494.5,294.5,3904.0,0.6999805182154686,0.19698216735253773,0.04290665710529461,0.3739161210405238,770.0,2927.0,4004.0,4363.0,1769.0,757.0,0.8503172993659973,0.34757980704307556,0.08859910967988716,73,-0.00028794558522169663,-0.05076843500137329
1604,Healthy,0.8652090341182124,2.7307196481383182,302.5,436.0,280.5,3881.5,0.7083456498177161,0.19936358605423354,0.04382901866345575,0.35366377458981185,740.0,2893.5,3970.5,4334.5,1881.0,773.5,0.855312705039978,0.5572551488876343,0.09132838945126938,70,-0.0005917386433604734,-0.07107508182525635
1605,Healthy,0.8318899643402955,2.7243910577243913,344.0,503.0,330.0,3596.0,0.6542074755146912,0.17740788163323373,0.04323711080297492,0.3329721921271217,865.0,2891.0,3795.0,4138.0,1847.0,795.0,0.8210258483886719,0.5358076095581055,0.0788718428294997,74,-0.000498136967378331,-0.055197954177856445
1606,Healthy,0.8509942109237352,2.795138888888889,324.0,478.0,296.0,3677.0,0.6625957358724902,0.16914119359534208,0.03853116110680114,0.3439430818198839,815.0,2854.0,3718.0,4016.0,1752.0,740.0,0.8484414219856262,0.5932052135467529,0.06959596932713591,72,-0.0006727134060527195,-0.07992041110992432
1607,Healthy,0.8667129468934398,2.790983606557377,321.0,495.5,288.0,4033.5,0.7036606624055781,0.18624409979770734,0.041439734785697374,0.3857290589451913,765.0,3017.0,4048.0,4398.0,1782.0,730.0,0.8588769435882568,0.5838808417320251,0.08209327041110032,73,-0.0004790300659050591,-0.05735284090042114
1608,Healthy,0.8690476190476191,2.717056760432324,307.5,487.0,286.0,4082.0,0.6882106523040096,0.19669117647058823,0.04294780947686241,0.3504242313657513,781.5,2840.5,3883.0,4231.5,1780.0,747.0,0.8662691712379456,0.496586412191391,0.07337744130051703,75,-0.0005358804628049292,-0.07214093208312988
1609,Healthy,0.8617272298253893,2.854016880275086,334.0,488.0,293.0,3945.0,0.6720925671700333,0.17909002904162633,0.0386161530028018,0.36771929824561406,836.0,2968.0,3946.0,4263.0,1802.0,745.0,0.858238697052002,0.4238911271095276,0.08387699023898583,74,-0.0004143515810466475,-0.050362586975097656
1610,Unhealthy,0.8191178191178191,2.663394963098227,389.5,562.0,386.5,3887.0,0.6933837429111531,0.19967858577742065,0.047474275023386345,0.3474036850921273,811.0,2988.0,4073.0,4479.0,1948.0,801.0,0.8126789927482605,0.48678600788116455,0.09467128681055072,74,-0.0006217859249388521,0.007284104824066162
1611,Healthy,0.8437733965560269,2.84548055882848,347.0,514.0,313.0,3694.0,0.6690879741727199,0.1748331202954126,0.040110650069156296,0.3520619484963083,820.0,2905.0,3817.0,4136.0,1799.0,769.0,0.8452786803245544,0.5698174834251404,0.07326844303911512,72,-0.0006340625227219012,-0.07497400045394897
1612,Healthy,0.8502896871378911,2.8688716866056767,364.5,550.5,323.0,3992.0,0.6602916114372278,0.17187917669072442,0.0414538543770044,0.350980063662255,897.0,3098.0,4035.0,4384.0,1937.0,830.0,0.847359836101532,0.5814914107322693,0.07035933359390746,72,-0.0005079817591063081,-0.0570148229598999
1613,Healthy,0.8447091158955565,2.594807570534018,334.5,555.0,339.0,4027.0,0.6610951008645534,0.18324893937320377,0.041310369745874986,0.31701553004726535,882.0,2984.0,3980.0,4323.0,2023.0,872.0,0.8445398807525635,0.4421277344226837,0.07952386268476927,72,-0.00030486517039409025,-0.06035327911376953
1614,Healthy,0.8442367601246106,2.7813889839206296,324.0,529.0,300.0,3552.0,0.6625957358724902,0.16914119359534208,0.03853116110680114,0.3439430818198839,815.0,2854.0,3718.0,4016.0,1752.0,740.0,0.8371171355247498,0.5784936547279358,0.06539858591259613,72,-0.0006637797391960667,-0.0671737790107727
1615,Healthy,0.8692218350754937,3.1121091151031273,361.0,474.5,281.5,4023.5,0.7126887625024515,0.19646526921496096,0.039580977322778405,0.3770860354517942,732.5,2932.5,4034.0,4366.5,1801.0,723.0,0.855289876461029,0.22026075422763824,0.11963662088969762,78,-0.000765869063154433,-0.08150845766067505
1616,Healthy,0.8563805104408353,2.824240569286097,345.5,520.5,309.5,4000.5,0.6453071993969092,0.18116628331754836,0.0446332415938734,0.33480475382003394,941.0,3026.0,3992.0,4365.0,1959.0,838.0,0.8498780131340027,0.29782581329345703,0.0953485860795154,73,-0.0002720135262334578,-0.05614715814590454
1617,Healthy,0.8803051979017644,2.8709175738724726,298.0,436.0,251.0,3943.0,0.7170481452249408,0.1959868059373282,0.047928709055876685,0.39278735121691244,717.0,2925.0,3953.0,4351.0,1709.0,691.0,0.8720081448554993,0.4815884530544281,0.07932254253619692,73,-0.0006675579273283169,-0.09249114990234375
1618,Healthy,0.879909932449337,2.8658735332464147,284.0,429.0,240.0,3757.0,0.6586676905356115,0.16851501217203138,0.043478260869565216,0.3265866209262436,889.0,3074.0,3960.0,4320.0,1963.0,849.0,0.8739591836929321,0.47196894884109497,0.08845268163619463,71,-0.0005630889696246742,-0.096446692943573
1619,Healthy,0.8610047569323588,2.736962454820388,322.5,496.5,299.5,4010.0,0.7004276827371695,0.19543528768621019,0.04485456608732007,0.3872318158032444,770.5,2943.5,3998.0,4373.5,1756.5,737.5,0.8565293550491333,0.46479812264442444,0.07777960768570398,73,-0.0005791179168011077,-0.06190437078475952
1620,Healthy,0.8583711487938859,2.741000610128127,319.0,457.5,296.5,3890.5,0.7083456498177161,0.19936358605423354,0.04382901866345575,0.35366377458981185,740.0,2893.5,3970.5,4334.5,1881.0,773.5,0.8470309376716614,0.547066867351532,0.09106993590895181,72,-0.0005443943089467106,-0.06655353307723999
1621,Healthy,0.8609077598828697,2.8506787330316743,324.0,455.0,285.0,3813.0,0.6936865166301533,0.19884401212377528,0.04069020375696017,0.38259325044404974,769.0,2841.5,3919.5,4252.0,1738.0,727.0,0.8565757870674133,0.5722211003303528,0.0743743510112807,72,-0.000689129436302754,-0.08240890502929688
1622,Unhealthy,0.8454680534918276,2.7992784519514595,340.0,521.0,312.0,3726.0,0.6381741102237997,0.16734579176619363,0.0385,0.33286081332506423,917.5,2963.0,3846.0,4154.0,1882.5,812.5,0.844539999961853,0.522628664970398,0.06890571009996961,73,-0.0006027259294705296,-0.08238226175308228
1623,Healthy,0.8502523178030748,2.645898765612446,324.5,477.5,319.0,3941.5,0.6968157843328775,0.20113392795408974,0.04154925355237125,0.3389570552147239,776.0,2888.5,3996.5,4343.0,1939.5,801.0,0.8395719528198242,0.4709872007369995,0.10140559387451174,74,-0.0005929942790187135,-0.024998009204864502
1624,Healthy,0.8631604577550523,2.7036302623550945,298.0,471.0,281.0,3826.0,0.7024990083300278,0.1918911413496251,0.03571428571428571,0.37412095639943743,750.0,2910.0,3996.0,4292.0,1780.0,720.0,0.8585181832313538,0.4462166130542755,0.08435108775647035,74,-0.0006469199577776104,-0.0926465392112732
1625,Healthy,0.8251796893113842,2.6100029334115575,372.0,593.0,377.0,3936.0,0.6560235063663076,0.17432976802333658,0.04215976331360947,0.34232365145228216,878.0,2972.0,3885.0,4227.0,1902.0,825.0,0.8280108571052551,0.5681725740432739,0.07494004202406677,73,-0.0006215200026394309,-0.07720649242401123
1626,Healthy,0.8621022179363549,3.041850969717591,352.0,488.0,286.0,3862.0,0.6981972858010937,0.19566457501426127,0.04918032786885246,0.3685364516718436,745.0,2820.0,3799.0,4192.0,1728.0,706.0,0.8543940782546997,0.529411792755127,0.08224373521128588,74,-0.00043628284776633513,-0.07089829444885254
1627,Healthy,0.8697898725456424,3.0888109606915672,361.0,462.0,283.5,4071.0,0.7188485804416404,0.19950467804072647,0.0395897925113284,0.37841126368851036,713.0,2909.0,4027.0,4359.0,1788.0,713.0,0.8571493029594421,0.28969573974609375,0.12332142736928736,78,-0.0008090332845420745,-0.08111745119094849
1628,Healthy,0.8548202427295626,2.724419792730988,337.0,527.0,317.0,4050.0,0.6522552872917836,0.17159920371599205,0.0472123368920522,0.33245858618992946,929.0,3121.0,4016.0,4414.0,2035.0,886.0,0.8485835194587708,0.4580645263195038,0.08985917977722949,73,-0.0006299498999935585,-0.0672793984413147
1629,Healthy,0.8480228680323963,2.782119412316349,346.0,505.0,319.0,3879.0,0.6610951008645534,0.18324893937320377,0.041310369745874986,0.31701553004726535,882.0,2984.0,3980.0,4323.0,2023.0,872.0,0.8486807346343994,0.47342026233673096,0.08543691713224838,73,-0.0002748839420339134,-0.057186782360076904
1630,Healthy,0.8397255238328636,2.7213882932253197,342.5,488.0,327.0,3753.5,0.6653741760372237,0.19024525426077318,0.04768874252957678,0.30692723782934916,863.0,2922.0,3904.0,4295.0,1986.0,855.5,0.8314798474311829,0.5133256316184998,0.10626985225627404,77,-0.00047058467682278176,-0.03870195150375366
1631,Healthy,0.8621512043882662,2.856352718078382,330.0,490.0,289.0,3904.0,0.6744186046511628,0.17505928302413168,0.03718295986210293,0.3515885553800246,819.0,2957.0,3910.0,4212.0,1847.0,762.0,0.8580248951911926,0.3683367967605591,0.09599495319155611,73,-0.000721451066382387,-0.06931424140930176
1632,Healthy,0.8660837551771744,2.8606171150630795,335.0,454.0,291.0,4055.0,0.7091428571428572,0.19871752053971012,0.0357245916777284,0.38264099966227627,763.5,2999.0,4177.0,4486.5,1828.0,740.0,0.8568055033683777,0.2775478661060333,0.10517409336513493,73,-0.000609667622503139,-0.06672888994216919
1633,Healthy,0.8584556629669412,2.8652804333970683,338.0,482.5,296.5,3893.0,0.6391270459859704,0.17158774373259053,0.04070270939007794,0.3410987482614743,926.0,2974.0,3877.0,4206.0,1895.0,827.0,0.8611230850219727,0.49400749802589417,0.07574144019546665,74,-0.0006322326451886814,-0.0794517993927002
1634,Healthy,0.8317186463171865,2.679579271421242,324.0,519.5,317.0,3450.5,0.6472179289026275,0.17892699115044247,0.04845056566650271,0.3552008419575513,913.0,2969.0,3869.0,4263.0,1838.0,773.0,0.8219945430755615,0.5608077049255371,0.07745589173097155,72,-0.0006908724747277204,-0.06937819719314575
1635,Healthy,0.8531384762817441,2.789659224441833,335.5,505.5,306.5,3867.5,0.651138014527845,0.17726676334507285,0.04653161448741559,0.33310092382778456,900.5,2978.5,3883.0,4262.0,1913.0,819.0,0.8511078357696533,0.5824915766716003,0.07591064220108105,72,-0.0005577225486583382,-0.06490778923034668
1636,Unhealthy,0.8585178055822906,2.816545626776129,328.0,532.0,294.0,3862.0,0.6560888536295121,0.17275280898876405,0.04662822762597142,0.3568411386593205,867.0,2945.0,3803.0,4175.0,1751.0,733.0,0.8539687395095825,0.5601045489311218,0.0723670090660264,72,-0.000677383045026429,-0.07764405012130737
1637,Healthy,0.8645833333333334,2.7112100965107646,305.0,464.0,286.0,3938.0,0.7004276827371695,0.19543528768621019,0.04485456608732007,0.3872318158032444,770.5,2943.5,3998.0,4373.5,1756.5,737.5,0.8641412854194641,0.4687765836715698,0.07903167621405238,72,-0.0006247337965685798,-0.07102566957473755
1638,Healthy,0.8519091847265222,2.8868683336247596,327.0,543.0,287.0,3589.0,0.6289409862570736,0.16205305651672433,0.04539559014267185,0.3333333333333333,918.0,2906.0,3680.0,4030.0,1818.0,759.0,0.8416030406951904,0.5374065041542053,0.07762529077684674,73,-0.0005178432247921902,-0.05872070789337158
1639,Healthy,0.8597174866049684,2.7582434755430536,313.0,497.0,288.0,3818.0,0.6865552903739062,0.18501956400223588,0.043178742772788783,0.3611309949892627,788.0,2916.0,3889.0,4240.0,1785.0,735.0,0.8587448000907898,0.42664724588394165,0.1028306389772768,75,-0.000808066044452595,-0.07954281568527222
1640,Healthy,0.8601496725912068,2.7268683274021353,320.0,453.0,299.0,3977.0,0.686037286790956,0.19253699936873114,0.044092360599361335,0.3360734586794928,791.5,2878.0,3891.5,4250.5,1898.0,796.5,0.8523268103599548,0.4403173327445984,0.10937720361482954,75,-0.0005086219900050752,-0.03343302011489868
1641,Healthy,0.8502964426877471,2.847923216945226,339.0,484.0,303.0,3745.0,0.6783103168155971,0.1876976142569704,0.04317091643524362,0.34603520232262747,792.0,2826.0,3790.0,4132.0,1802.0,768.0,0.838760256767273,0.43013426661491394,0.08486195967242398,76,-0.00042130749519955605,-0.05370527505874634
1642,Healthy,0.8625363020329139,2.8125,318.0,470.0,284.0,3848.0,0.6999805182154686,0.19698216735253773,0.04290665710529461,0.3739161210405238,770.0,2927.0,4004.0,4363.0,1769.0,757.0,0.8491823673248291,0.41337236762046814,0.08325756226623078,75,-0.0003975853748787143,-0.07149583101272583
1643,Healthy,0.8545802439607749,2.8339149746192893,340.0,522.0,304.0,3877.0,0.6690879741727199,0.1748331202954126,0.040110650069156296,0.3520619484963083,820.0,2905.0,3817.0,4136.0,1799.0,769.0,0.8567764163017273,0.5677486658096313,0.07516482348768214,73,-0.0006087155939134197,-0.09010356664657593
1644,Healthy,0.8591476091476091,2.9163726182074807,316.0,507.0,271.0,3577.0,0.6625957358724902,0.16914119359534208,0.03853116110680114,0.3439430818198839,815.0,2854.0,3718.0,4016.0,1752.0,740.0,0.8458777666091919,0.611872136592865,0.06726734781779216,72,-0.0006476523031743394,-0.07513076066970825
1645,Healthy,0.8670534203529128,2.8531657651924913,316.0,466.0,275.0,3862.0,0.6945754716981132,0.19418282548476454,0.04521760213359195,0.36187314345622923,777.0,2909.0,3938.0,4311.0,1826.0,769.0,0.8584967255592346,0.5133297443389893,0.07652997264999202,73,-0.0006790812341259299,-0.09662532806396484
1646,Healthy,0.8599143361048123,2.818331957060281,311.0,515.0,278.0,3691.0,0.6263200649878148,0.15505553151593826,0.040270200051961545,0.331973293768546,920.0,2929.0,3694.0,4004.0,1801.0,766.0,0.8518879413604736,0.5722621083259583,0.0729370004568829,73,-0.0005365018797828657,-0.06187385320663452
1647,Healthy,0.8548591144335825,2.637873518347647,320.5,517.0,315.5,4032.0,0.6676940859179349,0.1810368349249659,0.04471127737886924,0.3458716370076748,862.5,3001.5,3958.0,4328.5,1939.0,820.5,0.8506696820259094,0.47792643308639526,0.08926811896697386,74,-0.0002052920728795407,-0.06499546766281128
1648,Healthy,0.8646338646338646,2.732116788321168,316.0,503.0,293.0,4036.0,0.6822716807367614,0.18454471764388003,0.04418244611170656,0.35785837651122626,828.0,3018.0,4013.0,4384.0,1859.0,776.0,0.8588308691978455,0.3517675995826721,0.10710834022612055,75,-0.0008024240971330216,-0.0629153847694397
1649,Healthy,0.8379908900652469,2.688388625592417,339.0,525.0,329.0,3732.5,0.6205485059353254,0.163898280170513,0.03938041480703597,0.27594846098783105,927.0,2844.0,3659.0,3959.0,2023.0,899.0,0.8308055400848389,0.42299652099609375,0.08800052228305888,74,-0.0006846915563032077,-0.04994863271713257
1650,Healthy,0.8767253688719657,2.809640024405125,296.0,452.0,259.0,3943.0,0.7024990083300278,0.1918911413496251,0.03571428571428571,0.37412095639943743,750.0,2910.0,3996.0,4292.0,1780.0,720.0,0.8699199557304382,0.46237730979919434,0.0814040190625427,73,-0.0006951067290224147,-0.08843708038330078
1651,Healthy,0.86710188855211,2.958631662688942,343.0,474.0,285.0,4004.0,0.7126887625024515,0.19646526921496096,0.039580977322778405,0.3770860354517942,732.5,2932.5,4034.0,4366.5,1801.0,723.0,0.8573992848396301,0.21450494229793549,0.11241830422215097,76,-0.0007480004027120499,-0.08030521869659424
1652,Healthy,0.8672475065917689,2.910734898037707,341.5,467.5,289.5,4072.0,0.7091428571428572,0.19871752053971012,0.0357245916777284,0.38264099966227627,763.5,2999.0,4177.0,4486.5,1828.0,740.0,0.8584313988685608,0.5449280142784119,0.0903590314790703,74,-0.0004054722291219467,-0.06481146812438965
1653,Healthy,0.8722665741062131,2.796364985163205,311.0,464.5,276.0,4045.5,0.7004276827371695,0.19543528768621019,0.04485456608732007,0.3872318158032444,770.5,2943.5,3998.0,4373.5,1756.5,737.5,0.8716087937355042,0.4650445580482483,0.0818163687338734,72,-0.0006242843193992483,-0.08705449104309082
1654,Healthy,0.8483378682124689,2.671758569299553,330.0,506.0,320.5,3906.0,0.6902211302211302,0.19571716609886672,0.039845214341858635,0.3694318484929314,788.0,2892.0,3970.0,4299.5,1773.0,753.0,0.8380662202835083,0.32498639822006226,0.09123887289671853,73,-0.0003324954565412087,-0.052705347537994385
1655,Healthy,0.871203471112126,2.8835978835978837,331.0,481.0,282.0,4097.0,0.6998608626515603,0.19208252021187622,0.03409915356711004,0.3920812894183602,755.0,2898.0,3994.0,4276.0,1735.0,724.0,0.8646726608276367,0.45014244318008423,0.08595094830959761,76,-0.0005096152432282935,-0.10837584733963013
1656,Healthy,0.866861741038771,2.835380443451906,311.0,445.0,273.0,3828.0,0.7091704794111796,0.20117433244792396,0.04474708171206226,0.3854688618468146,731.0,2857.0,3928.0,4296.0,1717.0,693.0,0.8681713938713074,0.31782209873199463,0.11464198259139342,75,-0.0008187459870751888,-0.07630980014801025
1657,Healthy,0.8333536066171998,2.568611277744451,332.0,541.5,342.5,3768.0,0.6559203391501528,0.1732327465772562,0.04225876512565933,0.31817787418655097,872.5,2959.0,3858.5,4199.0,1964.5,830.0,0.8232119083404541,0.5284287929534912,0.07855294229149114,71,-0.0005485227788296781,-0.06690418720245361
1658,Healthy,0.8498483316481295,2.790504648074369,324.0,485.0,297.0,3659.0,0.6625957358724902,0.16914119359534208,0.03853116110680114,0.3439430818198839,815.0,2854.0,3718.0,4016.0,1752.0,740.0,0.8492435812950134,0.5595086812973022,0.0703363623796812,72,-0.0006787727908258612,-0.07982081174850464
1659,Healthy,0.8246117084826762,2.568855143665327,355.0,604.0,367.0,3818.0,0.6453071993969092,0.18116628331754836,0.0446332415938734,0.33480475382003394,941.0,3026.0,3992.0,4365.0,1959.0,838.0,0.8244078755378723,0.32714053988456726,0.10140322289614365,72,-8.838682802544166e-05,-0.06106674671173096
1660,Unhealthy,0.8436986622858484,2.6852405138930386,344.0,603.0,333.0,3928.0,0.6472179289026275,0.17892699115044247,0.04845056566650271,0.3552008419575513,913.0,2969.0,3869.0,4263.0,1838.0,773.0,0.8310607671737671,0.5715242028236389,0.07353752019970759,73,-0.0006969026729259524,-0.07430779933929443
1661,Healthy,0.8633180391209853,2.7525408068986756,308.0,472.0,283.0,3858.0,0.6744186046511628,0.17505928302413168,0.03718295986210293,0.3515885553800246,819.0,2957.0,3910.0,4212.0,1847.0,762.0,0.8630222678184509,0.5194331407546997,0.07815206402676693,72,-0.0006519250270788988,-0.07519406080245972
1662,Healthy,0.8604763050276641,2.7521735785181196,314.5,462.5,290.0,3867.0,0.7083456498177161,0.19936358605423354,0.04382901866345575,0.35366377458981185,740.0,2893.5,3970.5,4334.5,1881.0,773.5,0.8527673482894897,0.55230712890625,0.09378102166732945,70,-0.0006107644085685123,-0.0909770131111145
1663,Unhealthy,0.8453943407585792,2.7131153875879126,336.5,503.0,321.0,3831.5,0.6559203391501528,0.1732327465772562,0.04225876512565933,0.31817787418655097,872.5,2959.0,3858.5,4199.0,1964.5,830.0,0.8397762775421143,0.5588972568511963,0.07398686479380374,72,-0.0004782566541004057,-0.07267820835113525
1664,Healthy,0.8798552472858866,2.9378121475753183,305.0,446.0,249.0,3896.0,0.7170481452249408,0.1959868059373282,0.047928709055876685,0.39278735121691244,717.0,2925.0,3953.0,4351.0,1709.0,691.0,0.8682754039764404,0.493079274892807,0.07799273286015226,73,-0.0006838085468748187,-0.10510653257369995
1665,Unhealthy,0.8513513513513513,2.8073939593992407,327.0,573.0,297.0,3699.0,0.6289409862570736,0.16205305651672433,0.04539559014267185,0.3333333333333333,918.0,2906.0,3680.0,4030.0,1818.0,759.0,0.8413469195365906,0.5395159721374512,0.07554006329600982,73,-0.0005251224679042407,-0.06857746839523315
1666,Healthy,0.8741328047571854,2.850218128938439,295.0,429.0,254.0,3782.0,0.7073466909532483,0.20017072129748187,0.04899278786371549,0.37527593818984545,723.0,2811.0,3824.0,4218.0,1698.0,705.0,0.8735054731369019,0.5031231045722961,0.08853742548942135,72,-0.0004821551983066937,-0.08709007501602173
1667,Healthy,0.8658565085300304,3.0343980343980346,355.0,469.0,287.0,3992.0,0.7188485804416404,0.19950467804072647,0.0395897925113284,0.37841126368851036,713.0,2909.0,4027.0,4359.0,1788.0,713.0,0.8579770922660828,0.3874761462211609,0.09355090947944489,73,-0.0003396331071567275,-0.05773884057998657
1668,Healthy,0.8562830119149981,2.7971270363534226,322.5,467.5,292.5,3778.0,0.6857283950617284,0.18982223771348902,0.037820746686124285,0.36049058256679806,795.5,2905.5,3956.0,4267.0,1825.0,766.5,0.8465551137924194,0.462538480758667,0.07839688579465487,73,-0.0005232587436306005,-0.057944416999816895
1669,Healthy,0.8246117084826762,2.568855143665327,355.0,604.0,367.0,3818.0,0.6453071993969092,0.18116628331754836,0.0446332415938734,0.33480475382003394,941.0,3026.0,3992.0,4365.0,1959.0,838.0,0.8244078755378723,0.32714053988456726,0.10140322289614365,72,-8.838682802544166e-05,-0.06106674671173096
1670,Healthy,0.8700344431687715,2.9754986649913615,345.0,464.0,283.0,4072.0,0.7126887625024515,0.19646526921496096,0.039580977322778405,0.3770860354517942,732.5,2932.5,4034.0,4366.5,1801.0,723.0,0.8577607870101929,0.2432301789522171,0.11454828691655998,75,-0.0007168407336627315,-0.07388311624526978
1671,Healthy,0.8442367601246106,2.7813889839206296,324.0,529.0,300.0,3552.0,0.6625957358724902,0.16914119359534208,0.03853116110680114,0.3439430818198839,815.0,2854.0,3718.0,4016.0,1752.0,740.0,0.8371171355247498,0.5784936547279358,0.06539858591259613,72,-0.0006637797391960667,-0.0671737790107727
1672,Healthy,0.8682331260078323,2.7696942974720753,316.0,493.0,286.0,4055.0,0.6723470178156468,0.18317577750376765,0.039730315434625574,0.35026600308906813,846.0,2981.0,3988.0,4318.0,1893.0,799.0,0.8576120734214783,0.3366495370864868,0.1064873806879935,74,-0.0007649177884420853,-0.054711222648620605
1673,Healthy,0.864677307425399,2.8187919463087248,329.5,456.0,292.5,4030.5,0.7246032500237575,0.20416694313582376,0.04659746251441753,0.3738997968855789,724.5,2998.5,4133.0,4537.0,1849.5,737.0,0.8612791895866394,0.33142468333244324,0.11130630757900285,72,-0.0008506142320132383,-0.07775914669036865
1674,Healthy,0.8584358319795776,2.8410138248847927,344.0,518.0,305.0,4004.0,0.6279602750190986,0.18060941828254848,0.04588957055214724,0.30474116267381474,974.0,2958.0,3888.0,4262.0,2075.0,913.0,0.841209352016449,0.3757597506046295,0.09941393423657663,75,-0.0006939128336798967,-0.04754871129989624
1675,Healthy,0.8645138645138645,2.8120718526411936,325.0,489.0,289.5,3984.0,0.7004276827371695,0.19543528768621019,0.04485456608732007,0.3872318158032444,770.5,2943.5,3998.0,4373.5,1756.5,737.5,0.8602647185325623,0.47590869665145874,0.0753690801489226,73,-0.0005051236684369086,-0.06347513198852539
1676,Healthy,0.8471752776436504,2.8259644036401705,349.5,540.0,316.5,3825.5,0.651138014527845,0.17726676334507285,0.04653161448741559,0.33310092382778456,900.5,2978.5,3883.0,4262.0,1913.0,819.0,0.8368091583251953,0.5836462378501892,0.07310930303300878,71,-0.0006345589198796278,-0.06044358015060425
1677,Healthy,0.8299899699097292,2.8191806490077504,366.5,521.5,339.0,3649.0,0.5799313239221671,0.1686185974319176,0.04425671415962678,0.2368508104531922,1101.0,2946.0,3790.0,4141.0,2307.0,1054.0,0.8272920846939087,0.5644622445106506,0.07532267328548689,74,-0.00040182164148778196,-0.040568530559539795
1678,Healthy,0.8603559070687098,2.827093316007472,317.5,506.0,282.5,3763.5,0.6528136806522171,0.16922211281474187,0.04369663485685585,0.3534850640113798,873.0,2953.0,3808.0,4156.0,1818.0,755.0,0.8490568399429321,0.5221962332725525,0.08343967849966914,73,-0.0005160361110231412,-0.07399153709411621
1679,Healthy,0.8679560649474689,2.7735388371738137,306.0,462.5,276.5,3911.5,0.6882106523040096,0.19669117647058823,0.04294780947686241,0.3504242313657513,781.5,2840.5,3883.0,4231.5,1780.0,747.0,0.8673681616783142,0.4151005744934082,0.08900175943045119,74,-0.0004259178925615388,-0.08032333850860596
1680,Healthy,0.8580920740389179,2.8205928237129485,334.0,489.0,299.0,3915.0,0.6930085165379283,0.1956917051335851,0.04690753214941825,0.3705966930265996,775.0,2875.0,3891.0,4274.0,1751.0,742.0,0.8523656129837036,0.42125603556632996,0.08125960955016107,75,-0.0004557385779522892,-0.07168996334075928
1681,Healthy,0.8129460989416687,2.77190332326284,398.0,552.0,380.0,3683.0,0.6653741760372237,0.19024525426077318,0.04768874252957678,0.30692723782934916,863.0,2922.0,3904.0,4295.0,1986.0,855.5,0.8062888383865356,0.5242801308631897,0.0946525937558527,75,-0.0005873364294689796,-0.05221414566040039
1682,Healthy,0.8590319058595172,2.764935572042171,316.5,463.5,290.5,3831.0,0.6902211302211302,0.19571716609886672,0.039845214341858635,0.3694318484929314,788.0,2892.0,3970.0,4299.5,1773.0,753.0,0.8492174744606018,0.33524027466773987,0.0912523018981001,73,-0.0003871221266792855,-0.06592375040054321
1683,Healthy,0.8193611553053481,2.732430005713819,382.5,576.5,369.0,3716.5,0.6556468564876744,0.18684931506849314,0.0484027105517909,0.32538860103626943,901.0,2968.0,3932.0,4332.0,1953.0,838.0,0.8090792298316956,0.4396229386329651,0.0780090376690849,72,-0.0003496340404592413,-0.04586762189865112
1684,Healthy,0.8653206378341173,2.724481687495485,315.5,487.0,293.5,4065.0,0.6999805182154686,0.19698216735253773,0.04290665710529461,0.3739161210405238,770.0,2927.0,4004.0,4363.0,1769.0,757.0,0.8620122075080872,0.3841207027435303,0.08957179773262243,73,-0.0004164288201173154,-0.07894784212112427
1685,Healthy,0.8784122064608416,2.7919224066075623,289.5,441.5,255.0,3939.5,0.7006719609040929,0.19724770642201836,0.04714142427281846,0.372787610619469,735.0,2800.0,3800.0,4176.0,1701.0,715.0,0.8797626495361328,0.5048752427101135,0.10179630491042702,73,-0.0005057974508486053,-0.08343249559402466
1686,Healthy,0.8437733965560269,2.84548055882848,347.0,514.0,313.0,3694.0,0.6690879741727199,0.1748331202954126,0.040110650069156296,0.3520619484963083,820.0,2905.0,3817.0,4136.0,1799.0,769.0,0.8452786803245544,0.5698174834251404,0.07326844303911512,72,-0.0006340625227219012,-0.07497400045394897
1687,Unhealthy,0.8258763837638377,2.731919438510833,393.0,568.5,377.5,3958.5,0.6275326117124619,0.17570006014836598,0.04726753184902965,0.30279898218829515,1006.5,3083.5,4001.0,4398.0,2123.5,925.5,0.7991095781326294,0.5678737759590149,0.07406288822285796,72,-0.0004522479633276164,-0.026443421840667725
1688,Healthy,0.866235167206041,2.7447778199772124,303.5,482.0,279.0,3892.5,0.6843173057415297,0.18616945277896843,0.03891878363158553,0.3753896937465615,778.0,2848.0,3840.0,4151.0,1703.0,712.0,0.8608417510986328,0.5770562887191772,0.07885973275672226,72,-0.0005414773873919425,-0.06432563066482544
1689,Healthy,0.8303253247499712,2.7018029475574177,380.5,554.5,369.0,3980.5,0.6275326117124619,0.17570006014836598,0.04726753184902965,0.30279898218829515,1006.5,3083.5,4001.0,4398.0,2123.5,925.5,0.8083018660545349,0.5514522194862366,0.07743178567529875,73,-0.0004594988514642454,-0.06354355812072754
1690,Healthy,0.867846472075385,2.7697498716350033,317.5,443.0,287.5,4063.5,0.7237504843084076,0.20226996351844345,0.04898320070733864,0.3708227311280746,713.0,2952.0,4033.5,4449.0,1854.5,751.5,0.8598829507827759,0.5495403409004211,0.09226295767881544,72,-0.0005619449824455917,-0.05870789289474487
1691,Healthy,0.8531384762817441,2.789659224441833,335.5,505.5,306.5,3867.5,0.651138014527845,0.17726676334507285,0.04653161448741559,0.33310092382778456,900.5,2978.5,3883.0,4262.0,1913.0,819.0,0.8511078357696533,0.5824915766716003,0.07591064220108105,72,-0.0005577225486583382,-0.06490778923034668
1692,Healthy,0.8471876555500248,2.8188141768797617,338.0,517.0,307.0,3711.0,0.6453071993969092,0.18116628331754836,0.0446332415938734,0.33480475382003394,941.0,3026.0,3992.0,4365.0,1959.0,838.0,0.8422523736953735,0.3133218288421631,0.10889833173798019,73,-7.937613863680335e-05,-0.0648227334022522
1693,Healthy,0.856743713487427,2.860413839891452,320.0,492.0,282.0,3655.0,0.6586676905356115,0.16851501217203138,0.043478260869565216,0.3265866209262436,889.0,3074.0,3960.0,4320.0,1963.0,849.0,0.8508598208427429,0.4080352485179901,0.09804183185943445,72,-0.0006836526684401078,-0.08541303873062134
1694,Healthy,0.8692596063730085,2.759184887698944,307.0,465.0,279.0,3989.0,0.7006719609040929,0.19724770642201836,0.04714142427281846,0.372787610619469,735.0,2800.0,3800.0,4176.0,1701.0,715.0,0.8679972290992737,0.5236833095550537,0.09456377275815285,73,-0.00043150912391689536,-0.0758325457572937
1695,Healthy,0.8379908900652469,2.688388625592417,339.0,525.0,329.0,3732.5,0.6205485059353254,0.163898280170513,0.03938041480703597,0.27594846098783105,927.0,2844.0,3659.0,3959.0,2023.0,899.0,0.8308055400848389,0.42299652099609375,0.08800052228305888,74,-0.0006846915563032077,-0.04994863271713257
1696,Healthy,0.8329039381670961,2.7935972347954903,365.5,544.5,340.5,3735.0,0.6556468564876744,0.18684931506849314,0.0484027105517909,0.32538860103626943,901.0,2968.0,3932.0,4332.0,1953.0,838.0,0.8211314678192139,0.4181705117225647,0.0830108048444166,72,-0.00034090451607096396,-0.04826498031616211
1697,Unhealthy,0.8634308827028313,2.827204736678093,324.0,485.0,287.0,3916.0,0.6787038844427093,0.18538938662991042,0.04686548995739501,0.3541593541593542,823.0,2955.0,3915.0,4300.0,1840.0,767.0,0.8592543601989746,0.5042658448219299,0.08913565140895978,74,-0.0006830872451072275,-0.06597191095352173
1698,Healthy,0.8539711604486152,2.7678041543026706,346.0,515.0,319.0,4050.0,0.665075424861562,0.18397827562797012,0.049338146811071,0.35172413793103446,877.0,3005.0,3950.0,4360.0,1927.0,828.0,0.850389838218689,0.4605175852775574,0.08449642373190037,72,-0.00023819671006798809,-0.05940812826156616
1699,Healthy,0.8539711604486152,2.7678041543026706,346.0,515.0,319.0,4050.0,0.665075424861562,0.18397827562797012,0.049338146811071,0.35172413793103446,877.0,3005.0,3950.0,4360.0,1927.0,828.0,0.850389838218689,0.4605175852775574,0.08449642373190037,72,-0.00023819671006798809,-0.05940812826156616
1700,Healthy,0.8374490529848957,2.7970852017937218,366.0,548.0,339.0,3832.0,0.6650275373721479,0.17773913043478262,0.042359315355251816,0.38094405594405595,851.5,2955.0,3888.5,4232.5,1770.5,757.5,0.8267773389816284,0.5158317685127258,0.08153154712455381,75,-0.0005543282321773973,-0.06395149230957031
1701,Healthy,0.8627993741725839,2.781485217661209,314.5,473.5,285.0,3869.5,0.695596993068437,0.18967052537845058,0.04651723306820921,0.38492656758420546,779.5,2957.5,3956.0,4342.0,1748.5,741.5,0.854082465171814,0.31425267457962036,0.09268777522148201,73,-0.00040273780957556687,-0.06512600183486938
1702,Healthy,0.8333536066171998,2.568611277744451,332.0,541.5,342.5,3768.0,0.6559203391501528,0.1732327465772562,0.04225876512565933,0.31817787418655097,872.5,2959.0,3858.5,4199.0,1964.5,830.0,0.8232119083404541,0.5284287929534912,0.07855294229149114,71,-0.0005485227788296781,-0.06690418720245361
1703,Healthy,0.8691631992602866,2.7876631079478056,316.0,440.0,283.0,4043.0,0.7237504843084076,0.20226996351844345,0.04898320070733864,0.3708227311280746,713.0,2952.0,4033.5,4449.0,1854.5,751.5,0.8585361242294312,0.3135254979133606,0.10708228245777389,72,-0.0007330174414157484,-0.06190812587738037
1704,Healthy,0.8471536887712119,2.8017035503900654,347.0,514.5,317.5,3837.0,0.6559203391501528,0.1732327465772562,0.04225876512565933,0.31817787418655097,872.5,2959.0,3858.5,4199.0,1964.5,830.0,0.8329612612724304,0.5472378134727478,0.07525661271209932,73,-0.0005190475050297025,-0.06995075941085815
1705,Healthy,0.817243920412675,2.52083649037733,351.0,559.0,372.0,3699.0,0.6404230317273796,0.16738675958188154,0.03369122547204739,0.3296608710621449,918.0,2987.0,3915.0,4188.0,1947.0,843.0,0.8087605834007263,0.5343846082687378,0.06495049956664109,72,-0.00027605807255270856,-0.05315673351287842
1706,Healthy,0.8452472457084295,2.7363968148639684,320.0,523.0,302.0,3601.0,0.6418932527693857,0.176844232712574,0.04099093346954412,0.34309472161966736,889.0,2851.0,3755.0,4076.0,1817.0,772.0,0.8427075743675232,0.5385276079177856,0.0711310710265723,71,-0.0006131178168603405,-0.06665289402008057
1707,Healthy,0.8733257661748014,2.7549412775708966,308.0,494.0,279.0,4126.0,0.6967657506075902,0.18501109805457633,0.04598363489685375,0.38119312436804853,811.0,3121.0,4139.0,4538.0,1836.0,746.0,0.8648998737335205,0.3148292601108551,0.11235309678730665,74,-0.0008087592207206521,-0.05722010135650635
1708,Healthy,0.836901121304791,2.725311203319502,335.0,539.0,320.0,3604.0,0.634088200238379,0.16929637526652452,0.04789808917197452,0.3351538321500091,921.0,2922.0,3737.0,4113.0,1826.0,755.0,0.8288120627403259,0.5613366961479187,0.07849814504786307,74,-0.00054711105236559,-0.06538552045822144
1709,Healthy,0.8620174346201743,2.7992559042381107,308.0,482.0,277.0,3738.0,0.6752782193958664,0.1713213839099625,0.044998140572703606,0.35027027027027025,817.0,2982.0,3852.0,4215.0,1803.0,738.0,0.8561565279960632,0.5298789143562317,0.085208386028258,72,-0.0005319260202462583,-0.0833733081817627
1710,Healthy,0.860381861575179,2.825456540481229,328.5,463.5,292.5,3897.5,0.6968157843328775,0.20113392795408974,0.04154925355237125,0.3389570552147239,776.0,2888.5,3996.5,4343.0,1939.5,801.0,0.8442085981369019,0.42459478974342346,0.09794336536456888,73,-0.0006088127947756403,-0.018739521503448486
1711,Healthy,0.8453943407585792,2.7131153875879126,336.5,503.0,321.0,3831.5,0.6559203391501528,0.1732327465772562,0.04225876512565933,0.31817787418655097,872.5,2959.0,3858.5,4199.0,1964.5,830.0,0.8397762775421143,0.5588972568511963,0.07398686479380374,72,-0.0004782566541004057,-0.07267820835113525
1712,Healthy,0.860276585598474,2.8320251177394034,330.0,498.0,293.0,3901.0,0.6720925671700333,0.17909002904162633,0.0386161530028018,0.36771929824561406,836.0,2968.0,3946.0,4263.0,1802.0,745.0,0.8618212342262268,0.3272373676300049,0.08742750769808097,74,-0.0004987191648176203,-0.05205380916595459
1713,Healthy,0.8563562365333972,2.7156088672942604,318.0,457.0,300.0,3877.0,0.6653741760372237,0.19024525426077318,0.04768874252957678,0.30692723782934916,863.0,2922.0,3904.0,4295.0,1986.0,855.5,0.844183087348938,0.44773101806640625,0.10746220519745384,76,-0.0005668001431168175,-0.03517669439315796
1714,Healthy,0.8576222435282838,2.7582485353068145,322.0,498.0,297.0,3875.0,0.6787038844427093,0.18538938662991042,0.04686548995739501,0.3541593541593542,823.0,2955.0,3915.0,4300.0,1840.0,767.0,0.8533446192741394,0.4540551006793976,0.09416935698273168,74,-0.0007186121335670995,-0.06991863250732422
1715,Healthy,0.8557509806402632,2.8392107472712005,320.0,447.0,285.0,3666.5,0.6730729489563959,0.18796771826852532,0.04128617363344052,0.3542284866468843,791.0,2767.0,3727.0,4048.0,1741.0,744.0,0.8506840467453003,0.4146341383457184,0.08696474356703526,77,-0.0005575013304191922,-0.10393375158309937
1716,Healthy,0.8616493916178459,2.767805442964679,336.0,557.0,307.0,4131.0,0.6693697014375231,0.1786597267404034,0.04294761082325849,0.35237780713342143,897.0,3156.0,4156.0,4529.0,1961.0,848.0,0.8500276803970337,0.4919385015964508,0.07808996185053742,71,-0.0005506210384201737,-0.05539792776107788
1717,Healthy,0.8548591144335825,2.637873518347647,320.5,517.0,315.5,4032.0,0.6676940859179349,0.1810368349249659,0.04471127737886924,0.3458716370076748,862.5,3001.5,3958.0,4328.5,1939.0,820.5,0.8506696820259094,0.47792643308639526,0.08926811896697386,74,-0.0002052920728795407,-0.06499546766281128
1718,Healthy,0.8769730733519034,2.784903435058234,299.0,454.0,265.0,4043.0,0.7133066818960594,0.20192307692307693,0.04226983207874928,0.3936605316973415,753.0,2988.0,4135.0,4500.0,1779.0,732.0,0.8720940351486206,0.4836389720439911,0.07841525967271606,73,-0.0006827164372469251,-0.0900883674621582
1719,Unhealthy,0.833039979884335,2.6563502245028863,336.0,542.5,332.0,3645.0,0.634088200238379,0.16929637526652452,0.04789808917197452,0.3351538321500091,921.0,2922.0,3737.0,4113.0,1826.0,755.0,0.8231800198554993,0.5807878375053406,0.07836436464715625,73,-0.0006437655699460862,-0.06893068552017212
1720,Healthy,0.8738447319778189,2.800236931734044,309.0,453.0,273.0,4055.0,0.7061592781482935,0.20237766104506497,0.048078081696589954,0.3778414175765169,749.0,2885.0,3950.0,4349.0,1738.0,704.0,0.8691384792327881,0.3609417676925659,0.0935193154868022,75,-0.0003385444052062038,-0.05021542310714722
1721,Healthy,0.8670534203529128,2.8531657651924913,316.0,466.0,275.0,3862.0,0.6945754716981132,0.19418282548476454,0.04521760213359195,0.36187314345622923,777.0,2909.0,3938.0,4311.0,1826.0,769.0,0.8584967255592346,0.5133297443389893,0.07652997264999202,73,-0.0006790812341259299,-0.09662532806396484
1722,Unhealthy,0.8425996445798426,2.7937710437710437,336.0,580.0,310.0,3629.0,0.6289409862570736,0.16205305651672433,0.04539559014267185,0.3333333333333333,918.0,2906.0,3680.0,4030.0,1818.0,759.0,0.8313611745834351,0.5514500737190247,0.07053222169992585,72,-0.0005550590166105968,-0.0588039755821228
1723,Healthy,0.871309963099631,2.9200803833668263,333.0,478.5,279.0,4057.0,0.7080247539819418,0.19159176162502653,0.04150943396226415,0.3915498087780004,719.5,2855.5,3873.5,4209.0,1670.5,702.0,0.8629484176635742,0.45517754554748535,0.08820823623997408,77,-0.000585181311674448,-0.12037158012390137
1724,Healthy,0.8453943407585792,2.7131153875879126,336.5,503.0,321.0,3831.5,0.6559203391501528,0.1732327465772562,0.04225876512565933,0.31817787418655097,872.5,2959.0,3858.5,4199.0,1964.5,830.0,0.8397762775421143,0.5588972568511963,0.07398686479380374,72,-0.0004782566541004057,-0.07267820835113525
1725,Healthy,0.8636926889714994,2.865011509371917,316.0,463.0,275.0,3760.0,0.6865552903739062,0.18501956400223588,0.043178742772788783,0.3611309949892627,788.0,2916.0,3889.0,4240.0,1785.0,735.0,0.8570623993873596,0.3756933808326721,0.10668231087612796,75,-0.0008156647743340727,-0.08086138963699341
1726,Healthy,0.8509942109237352,2.795138888888889,324.0,478.0,296.0,3677.0,0.6625957358724902,0.16914119359534208,0.03853116110680114,0.3439430818198839,815.0,2854.0,3718.0,4016.0,1752.0,740.0,0.8484414219856262,0.5932052135467529,0.06959596932713591,72,-0.0006727134060527195,-0.07992041110992432
1727,Healthy,0.8387265135699373,2.691341483838553,319.0,543.0,309.0,3523.0,0.6418932527693857,0.176844232712574,0.04099093346954412,0.34309472161966736,889.0,2851.0,3755.0,4076.0,1817.0,772.0,0.828561544418335,0.557437539100647,0.0686856330731591,71,-0.0005713284059620488,-0.04272061586380005
1728,Healthy,0.8580154431255042,2.7763275656324584,337.0,511.5,308.0,4030.5,0.6676940859179349,0.1810368349249659,0.04471127737886924,0.3458716370076748,862.5,3001.5,3958.0,4328.5,1939.0,820.5,0.8495222926139832,0.5345562100410461,0.08018866138481186,73,-0.0003940852287086481,-0.07383853197097778
1729,Healthy,0.87122969837587,2.8787181846059493,325.0,472.5,277.5,4032.5,0.7083172147001934,0.19601868779199674,0.041816573282217634,0.3997905027932961,754.0,2968.5,4061.5,4416.0,1719.0,702.5,0.8702490329742432,0.4749141037464142,0.0794702558930693,72,-0.0006300724488835209,-0.09232592582702637
1730,Healthy,0.8769730733519034,2.784903435058234,299.0,454.0,265.0,4043.0,0.7133066818960594,0.20192307692307693,0.04226983207874928,0.3936605316973415,753.0,2988.0,4135.0,4500.0,1779.0,732.0,0.8720940351486206,0.4836389720439911,0.07841525967271606,73,-0.0006827164372469251,-0.0900883674621582
1731,Healthy,0.8666666666666667,2.8065087804092155,301.0,465.0,268.0,3752.0,0.6843173057415297,0.18616945277896843,0.03891878363158553,0.3753896937465615,778.0,2848.0,3840.0,4151.0,1703.0,712.0,0.8561952114105225,0.5630689263343811,0.07502590463400155,72,-0.0006398604167395277,-0.07782280445098877
1732,Healthy,0.8640820980615735,2.8225566150178785,336.0,486.0,298.0,4087.0,0.6998608626515603,0.19208252021187622,0.03409915356711004,0.3920812894183602,755.0,2898.0,3994.0,4276.0,1735.0,724.0,0.8571491241455078,0.4442829489707947,0.08490861788216102,76,-0.00045139547213123265,-0.08232057094573975
1733,Healthy,0.8633785450061652,2.79543276908336,308.0,477.5,277.0,3778.0,0.6882106523040096,0.19669117647058823,0.04294780947686241,0.3504242313657513,781.5,2840.5,3883.0,4231.5,1780.0,747.0,0.8605483174324036,0.502816915512085,0.07446276599430958,73,-0.0005469394543408415,-0.07278281450271606
1734,Healthy,0.8597174866049684,2.7582434755430536,313.0,497.0,288.0,3818.0,0.6865552903739062,0.18501956400223588,0.043178742772788783,0.3611309949892627,788.0,2916.0,3889.0,4240.0,1785.0,735.0,0.8587448000907898,0.42664724588394165,0.1028306389772768,75,-0.000808066044452595,-0.07954281568527222
1735,Healthy,0.8624849215922799,2.9150358773646445,334.0,495.0,285.0,3860.0,0.6606570512820513,0.17923186344238975,0.0434235368156073,0.35367594575303357,847.0,2885.0,3800.0,4145.0,1811.0,758.0,0.8583340048789978,0.5900349617004395,0.07478924414203006,74,-0.0004328239275999687,-0.07063043117523193
1736,Healthy,0.852015732546706,2.9123603058566507,346.5,481.0,301.0,3767.0,0.6730729489563959,0.18796771826852532,0.04128617363344052,0.3542284866468843,791.0,2767.0,3727.0,4048.0,1741.0,744.0,0.8424908518791199,0.4676729440689087,0.08399409849884164,75,-0.0005918483021451599,-0.07590353488922119
1737,Healthy,0.867838393060945,2.8916945543048374,339.0,463.5,289.5,4091.5,0.710806405216224,0.20083456723650558,0.041990305437131344,0.3771877906485161,754.0,2968.5,4101.0,4460.5,1841.5,736.0,0.860641598701477,0.5387133955955505,0.09695949385450461,75,-0.0005271214569717219,-0.06430286169052124
1738,Healthy,0.8388489208633093,2.749135491983653,356.0,573.0,336.0,3834.0,0.6734613876911015,0.18501040943789035,0.046708348657594705,0.3465697571352597,833.0,2936.0,3888.0,4269.0,1843.0,774.0,0.8250347375869751,0.38866159319877625,0.10140018835207053,75,-0.0008267709816626287,-0.05995529890060425
1739,Healthy,0.8434993924665857,2.8464818763326227,357.0,513.0,322.0,3793.0,0.6542074755146912,0.17740788163323373,0.04323711080297492,0.3329721921271217,865.0,2891.0,3795.0,4138.0,1847.0,795.0,0.8289399743080139,0.5279720425605774,0.08333030742542306,74,-0.0005132584650089059,-0.05605518817901611
1740,Unhealthy,0.8491867915229176,2.8919100369251427,348.0,518.0,306.0,3752.0,0.6650275373721479,0.17773913043478262,0.042359315355251816,0.38094405594405595,851.5,2955.0,3888.5,4232.5,1770.5,757.5,0.8373896479606628,0.49039265513420105,0.08075261172390277,75,-0.0005293490147492462,-0.06849783658981323
1741,Healthy,0.8446356275303644,2.735617111948861,325.0,569.0,307.0,3645.0,0.6263200649878148,0.15505553151593826,0.040270200051961545,0.331973293768546,920.0,2929.0,3694.0,4004.0,1801.0,766.0,0.8354439735412598,0.5642040371894836,0.07045747546155715,72,-0.0005675269620405878,-0.05610334873199463
1742,Healthy,0.8497067448680352,2.814928756476684,339.0,515.5,307.5,3784.5,0.6559203391501528,0.1732327465772562,0.04225876512565933,0.31817787418655097,872.5,2959.0,3858.5,4199.0,1964.5,830.0,0.8409066200256348,0.5155495405197144,0.07879327481107244,72,-0.0005349686361961396,-0.07540667057037354
1743,Healthy,0.8280632411067194,2.6360490720352314,348.0,558.0,348.0,3700.0,0.6420454545454546,0.16637673091642893,0.041376739562624255,0.32648657978769313,913.5,2995.0,3857.5,4190.5,1951.0,830.5,0.8220888376235962,0.55573570728302,0.06827120331625154,72,-0.00038041795189131526,-0.06599247455596924
1744,Healthy,0.8459642637091805,2.577145431338689,305.5,465.5,312.5,3745.0,0.7067610062893082,0.1983716276823294,0.040436110944707365,0.3608461938616265,746.0,2904.5,4004.5,4342.0,1843.0,762.0,0.8378229737281799,0.29714035987854004,0.10494151795131333,68,-0.0007220280509225703,-0.07136613130569458
1745,Healthy,0.8468980529689201,2.7118184634448577,332.0,510.5,316.5,3818.0,0.6968996726362411,0.19234151951830053,0.04253179532682638,0.3861128009037977,787.0,2984.5,4046.5,4406.0,1766.0,742.0,0.8261327147483826,0.314300537109375,0.08712573190242813,73,-0.00020689255613321362,-0.04259294271469116
1746,Healthy,0.8800778121066484,2.8491516633325924,307.5,453.0,262.0,4107.5,0.6973518284993695,0.19342518073932616,0.04123772686700387,0.3837828401850397,780.0,2956.5,4028.0,4374.5,1765.0,706.0,0.8743562698364258,0.4395896792411804,0.08989830425383367,75,-0.00021745837733810872,-0.05270117521286011
1747,Unhealthy,0.8503480278422274,2.7160219356751147,340.0,521.5,322.5,3987.5,0.6676940859179349,0.1810368349249659,0.04471127737886924,0.3458716370076748,862.5,3001.5,3958.0,4328.5,1939.0,820.5,0.8368996381759644,0.5721848011016846,0.07849435372474599,73,-0.00042052760639438346,-0.06660598516464233
1748,Healthy,0.85648596321394,2.8105146124523506,329.0,492.0,296.5,3835.5,0.69672534172485,0.2032917218773973,0.04785618850965626,0.38863777364176194,771.0,2856.0,3919.5,4313.5,1724.5,715.5,0.8549745678901672,0.44812142848968506,0.09449458841814742,76,-0.0006017806310949156,-0.09842151403427124
1749,Healthy,0.8664375153449546,2.9007068880486604,319.0,460.5,272.0,3801.0,0.6776395022079487,0.1885665529010239,0.04045811029503299,0.3481983589011773,803.0,2853.0,3854.0,4179.0,1827.0,752.0,0.860281765460968,0.4667196571826935,0.09409178358067741,75,-0.00038131748599918815,-0.0545504093170166
1750,Unhealthy,0.7911720640774461,2.5335842928845587,429.0,638.0,453.0,3885.5,0.6275326117124619,0.17570006014836598,0.04726753184902965,0.30279898218829515,1006.5,3083.5,4001.0,4398.0,2123.5,925.5,0.759589433670044,0.5292412042617798,0.0912501738908963,73,-0.0005310424385921084,-0.07330518960952759
1751,Healthy,0.8761250592136428,2.9259610821072615,316.0,453.5,261.5,3960.5,0.6973518284993695,0.19342518073932616,0.04123772686700387,0.3837828401850397,780.0,2956.5,4028.0,4374.5,1765.0,706.0,0.8664149045944214,0.4565175175666809,0.09073656703913816,75,-0.0002910199152617603,-0.05070978403091431
1752,Healthy,0.8651053864168619,2.757951321487233,315.0,471.0,288.0,3982.0,0.6744186046511628,0.17505928302413168,0.03718295986210293,0.3515885553800246,819.0,2957.0,3910.0,4212.0,1847.0,762.0,0.8656343817710876,0.33446362614631653,0.0969513788046948,73,-0.0007414022776600379,-0.07330328226089478
1753,Healthy,0.851085310449268,2.741017720695822,315.0,492.0,295.0,3667.0,0.6570359592600291,0.17063142437591777,0.0483955812730142,0.3612759643916914,825.0,2824.0,3618.0,3986.0,1722.0,716.0,0.8445494771003723,0.5780810117721558,0.07087707705504272,72,-0.0006149259381988062,-0.06752300262451172
1754,Healthy,0.871566179093828,2.780982014115504,301.5,477.5,270.0,3934.5,0.6843173057415297,0.18616945277896843,0.03891878363158553,0.3753896937465615,778.0,2848.0,3840.0,4151.0,1703.0,712.0,0.871933102607727,0.5749679803848267,0.08070584498256696,72,-0.000594677452431218,-0.07700490951538086
1755,Healthy,0.8675298804780877,2.70749145166304,284.0,452.0,266.0,3750.0,0.7006719609040929,0.19724770642201836,0.04714142427281846,0.372787610619469,735.0,2800.0,3800.0,4176.0,1701.0,715.0,0.8625628352165222,0.537246823310852,0.08919269049689792,72,-0.00036854982768541014,-0.05647444725036621
1756,Healthy,0.8716678461901392,2.7149155033063925,293.0,464.0,272.0,3967.0,0.7024990083300278,0.1918911413496251,0.03571428571428571,0.37412095639943743,750.0,2910.0,3996.0,4292.0,1780.0,720.0,0.8723404407501221,0.4521610736846924,0.08370664888066776,73,-0.0006910537587992132,-0.0778535008430481
1757,Healthy,0.874942739349519,2.8154481132075473,312.0,481.0,273.0,4093.0,0.6967657506075902,0.18501109805457633,0.04598363489685375,0.38119312436804853,811.0,3121.0,4139.0,4538.0,1836.0,746.0,0.8654952049255371,0.30116522312164307,0.11595326409609001,74,-0.0008290488896280861,-0.054454505443573
1758,Healthy,0.8664375153449546,2.9007068880486604,319.0,460.5,272.0,3801.0,0.6776395022079487,0.1885665529010239,0.04045811029503299,0.3481983589011773,803.0,2853.0,3854.0,4179.0,1827.0,752.0,0.860281765460968,0.4667196571826935,0.09409178358067741,75,-0.00038131748599918815,-0.0545504093170166
1759,Healthy,0.871566179093828,2.780982014115504,301.5,477.5,270.0,3934.5,0.6843173057415297,0.18616945277896843,0.03891878363158553,0.3753896937465615,778.0,2848.0,3840.0,4151.0,1703.0,712.0,0.871933102607727,0.5749679803848267,0.08070584498256696,72,-0.000594677452431218,-0.07700490951538086
1760,Healthy,0.8446356275303644,2.735617111948861,325.0,569.0,307.0,3645.0,0.6263200649878148,0.15505553151593826,0.040270200051961545,0.331973293768546,920.0,2929.0,3694.0,4004.0,1801.0,766.0,0.8354439735412598,0.5642040371894836,0.07045747546155715,72,-0.0005675269620405878,-0.05610334873199463
1761,Healthy,0.8502896871378911,2.8688716866056767,364.5,550.5,323.0,3992.0,0.6602916114372278,0.17187917669072442,0.0414538543770044,0.350980063662255,897.0,3098.0,4035.0,4384.0,1937.0,830.0,0.847359836101532,0.5814914107322693,0.07035933359390746,72,-0.0005079817591063081,-0.0570148229598999
1762,Healthy,0.8646338646338646,2.732116788321168,316.0,503.0,293.0,4036.0,0.6822716807367614,0.18454471764388003,0.04418244611170656,0.35785837651122626,828.0,3018.0,4013.0,4384.0,1859.0,776.0,0.8588308691978455,0.3517675995826721,0.10710834022612055,75,-0.0008024240971330216,-0.0629153847694397
1763,Healthy,0.86368330464716,2.843811394891945,338.0,475.0,297.0,4060.5,0.7091428571428572,0.19871752053971012,0.0357245916777284,0.38264099966227627,763.5,2999.0,4177.0,4486.5,1828.0,740.0,0.858975887298584,0.3841322362422943,0.10360316816924424,75,-0.0005379997556470567,-0.061455726623535156
1764,Healthy,0.8616258957252285,2.8671271172504524,321.0,497.0,280.0,3767.0,0.6883435582822086,0.1937536148062464,0.044534412955465584,0.3671303074670571,762.0,2788.0,3776.0,4128.0,1729.0,715.0,0.854433000087738,0.46901172399520874,0.09598532674500113,71,-0.00039267545430690686,-0.05255293846130371
1765,Healthy,0.8555662188099808,2.78029003586465,329.0,506.0,301.0,3867.0,0.6720925671700333,0.17909002904162633,0.0386161530028018,0.36771929824561406,836.0,2968.0,3946.0,4263.0,1802.0,745.0,0.8498271107673645,0.38181817531585693,0.08766084765025038,75,-0.00040097758112809894,-0.047129034996032715
1766,Healthy,0.8576222435282838,2.7582485353068145,322.0,498.0,297.0,3875.0,0.6787038844427093,0.18538938662991042,0.04686548995739501,0.3541593541593542,823.0,2955.0,3915.0,4300.0,1840.0,767.0,0.8533446192741394,0.4540551006793976,0.09416935698273168,74,-0.0007186121335670995,-0.06991863250732422
1767,Healthy,0.8420926325893928,2.83166559070368,362.0,554.0,329.0,3838.0,0.6179005092048571,0.162865990990991,0.04121502394756743,0.3086130861308613,975.5,2973.5,3803.5,4130.5,1920.5,832.5,0.8369540572166443,0.5564402937889099,0.06212193060123228,72,-0.0006128633624549426,-0.06713885068893433
1768,Healthy,0.8627993741725839,2.781485217661209,314.5,473.5,285.0,3869.5,0.695596993068437,0.18967052537845058,0.04651723306820921,0.38492656758420546,779.5,2957.5,3956.0,4342.0,1748.5,741.5,0.854082465171814,0.31425267457962036,0.09268777522148201,73,-0.00040273780957556687,-0.06512600183486938
1769,Healthy,0.8697318007662835,2.731237780117311,295.0,444.0,272.0,3904.0,0.7067610062893082,0.1983716276823294,0.040436110944707365,0.3608461938616265,746.0,2904.5,4004.5,4342.0,1843.0,762.0,0.85209059715271,0.3142007291316986,0.10559158346204565,68,-0.000707581885861441,-0.06749230623245239
1770,Healthy,0.8586400194979283,2.7858611418630397,319.0,530.0,290.0,3813.0,0.634088200238379,0.16929637526652452,0.04789808917197452,0.3351538321500091,921.0,2922.0,3737.0,4113.0,1826.0,755.0,0.8536525964736938,0.5443089604377747,0.08107101292826606,74,-0.0004552083843311514,-0.06190115213394165
1771,Unhealthy,0.8627882721056901,2.7227179637214745,317.0,503.0,296.0,4018.5,0.6883193691473632,0.19093311083298567,0.038816108685104316,0.3588317107093185,790.5,2909.0,3962.0,4282.0,1844.0,773.5,0.8539422154426575,0.496586412191391,0.07381518880094144,75,-0.0004998475578189396,-0.04863709211349487
1772,Healthy,0.879909932449337,2.8658735332464147,284.0,429.0,240.0,3757.0,0.6586676905356115,0.16851501217203138,0.043478260869565216,0.3265866209262436,889.0,3074.0,3960.0,4320.0,1963.0,849.0,0.8739591836929321,0.47196894884109497,0.08845268163619463,71,-0.0005630889696246742,-0.096446692943573
1773,Healthy,0.8846245530393325,2.858133086876155,288.0,428.0,242.0,3953.0,0.7170481452249408,0.1959868059373282,0.047928709055876685,0.39278735121691244,717.0,2925.0,3953.0,4351.0,1709.0,691.0,0.8759647011756897,0.4597618281841278,0.08139556566353928,73,-0.0006266521252366444,-0.08621150255203247
1774,Healthy,0.8714555765595463,2.619876394118065,276.5,439.0,272.0,3960.0,0.7068352429869617,0.19626168224299065,0.035847020740918355,0.3611493461803166,742.0,2902.5,4021.0,4320.0,1856.5,739.0,0.859146773815155,0.2784435451030731,0.1249725789069693,70,-0.0009081442314082056,-0.07333385944366455
1775,Healthy,0.86845252331978,2.9963690377950156,337.0,475.0,275.0,3906.0,0.6783103168155971,0.1876976142569704,0.04317091643524362,0.34603520232262747,792.0,2826.0,3790.0,4132.0,1802.0,768.0,0.8558586239814758,0.42660003900527954,0.08761126623417448,76,-0.0005181257631868605,-0.07724303007125854
1776,Healthy,0.8585161449346808,2.788184438040346,316.0,518.0,287.0,3770.0,0.6560888536295121,0.17275280898876405,0.04662822762597142,0.3568411386593205,867.0,2945.0,3803.0,4175.0,1751.0,733.0,0.8558781147003174,0.5514218807220459,0.07304360083897674,72,-0.0006265523884500394,-0.06711381673812866
1777,Healthy,0.8707482993197279,2.8978007761966365,314.0,464.0,266.0,3850.0,0.6936865166301533,0.19884401212377528,0.04069020375696017,0.38259325044404974,769.0,2841.5,3919.5,4252.0,1738.0,727.0,0.8663405179977417,0.5505840182304382,0.07903502236960737,73,-0.0006212651411624383,-0.07891261577606201
1778,Healthy,0.8583711487938859,2.741000610128127,319.0,457.5,296.5,3890.5,0.7083456498177161,0.19936358605423354,0.04382901866345575,0.35366377458981185,740.0,2893.5,3970.5,4334.5,1881.0,773.5,0.8470309376716614,0.547066867351532,0.09106993590895181,72,-0.0005443943089467106,-0.06655353307723999
1779,Healthy,0.811675622862726,2.4669636228656273,354.0,591.5,385.5,3708.5,0.6404230317273796,0.16738675958188154,0.03369122547204739,0.3296608710621449,918.0,2987.0,3915.0,4188.0,1947.0,843.0,0.8057312965393066,0.5931928753852844,0.0560057191335388,71,-0.0002501224412786144,-0.04388308525085449
1780,Healthy,0.8594779214442547,2.7982525814138204,319.0,480.0,288.0,3811.0,0.6865552903739062,0.18501956400223588,0.043178742772788783,0.3611309949892627,788.0,2916.0,3889.0,4240.0,1785.0,735.0,0.8567937612533569,0.4977658689022064,0.09472194059790316,75,-0.0007693425161725614,-0.06983029842376709
1781,Healthy,0.8610567514677103,2.8304921196526216,320.0,475.0,284.0,3804.0,0.6865552903739062,0.18501956400223588,0.043178742772788783,0.3611309949892627,788.0,2916.0,3889.0,4240.0,1785.0,735.0,0.8622459769248962,0.4432055652141571,0.09552143427805602,75,-0.0007627703978003273,-0.07740330696105957
1782,Healthy,0.8809662737775703,2.837543226582469,298.0,447.5,255.0,4029.5,0.7120231772090777,0.19905309435238416,0.04460550350598079,0.3935774257768545,745.5,2960.5,4053.5,4432.0,1751.5,705.5,0.8737754225730896,0.4843505620956421,0.0917435413568851,75,-0.0002641878054212441,-0.056128084659576416
1783,Healthy,0.8621406304121926,2.8153985370635697,334.5,492.5,298.5,4032.0,0.6998608626515603,0.19208252021187622,0.03409915356711004,0.3920812894183602,755.0,2898.0,3994.0,4276.0,1735.0,724.0,0.8575676679611206,0.42749881744384766,0.0869817879772657,76,-0.000513781508670749,-0.09787541627883911
1784,Healthy,0.8545160171157626,2.7971683827983043,346.0,551.0,314.5,4009.0,0.651138014527845,0.17726676334507285,0.04653161448741559,0.33310092382778456,900.5,2978.5,3883.0,4262.0,1913.0,819.0,0.8437051773071289,0.5818992853164673,0.07373222057519917,72,-0.0005345889144341986,-0.054646074771881104
1785,Healthy,0.8378378378378378,2.682734944929195,373.0,597.0,363.0,4114.0,0.665075424861562,0.18397827562797012,0.049338146811071,0.35172413793103446,877.0,3005.0,3950.0,4360.0,1927.0,828.0,0.8320935964584351,0.3633852005004883,0.09294254661458454,72,-0.00010923761906237073,-0.04939115047454834
1786,Healthy,0.8660837551771744,2.8606171150630795,335.0,454.0,291.0,4055.0,0.7091428571428572,0.19871752053971012,0.0357245916777284,0.38264099966227627,763.5,2999.0,4177.0,4486.5,1828.0,740.0,0.8568055033683777,0.2775478661060333,0.10517409336513493,73,-0.000609667622503139,-0.06672888994216919
1787,Healthy,0.86845252331978,2.9963690377950156,337.0,475.0,275.0,3906.0,0.6783103168155971,0.1876976142569704,0.04317091643524362,0.34603520232262747,792.0,2826.0,3790.0,4132.0,1802.0,768.0,0.8558586239814758,0.42660003900527954,0.08761126623417448,76,-0.0005181257631868605,-0.07724303007125854
1788,Healthy,0.867181840135233,2.9842931937172774,334.5,448.5,275.0,3866.0,0.6730729489563959,0.18796771826852532,0.04128617363344052,0.3542284866468843,791.0,2767.0,3727.0,4048.0,1741.0,744.0,0.8609445095062256,0.4185476005077362,0.08838852447656682,77,-0.0005818643622924403,-0.10444098711013794
1789,Healthy,0.8733257661748014,2.7549412775708966,308.0,494.0,279.0,4126.0,0.6967657506075902,0.18501109805457633,0.04598363489685375,0.38119312436804853,811.0,3121.0,4139.0,4538.0,1836.0,746.0,0.8648998737335205,0.3148292601108551,0.11235309678730665,74,-0.0008087592207206521,-0.05722010135650635
1790,Healthy,0.8696053542580199,2.9128014842300556,335.0,449.5,282.5,4050.5,0.7246032500237575,0.20416694313582376,0.04659746251441753,0.3738997968855789,724.5,2998.5,4133.0,4537.0,1849.5,737.0,0.8614996075630188,0.2750000059604645,0.10304364327307328,71,-0.0007058156875083864,-0.0664823055267334
1791,Healthy,0.8633496012379479,2.847440326633166,327.0,476.5,287.0,3913.5,0.6936865166301533,0.19884401212377528,0.04069020375696017,0.38259325044404974,769.0,2841.5,3919.5,4252.0,1738.0,727.0,0.8566656112670898,0.5266794562339783,0.07432832059614514,73,-0.0007200194026084008,-0.08513277769088745
1792,Healthy,0.8804143126177024,2.81499322595213,293.0,446.0,254.0,3994.0,0.7170481452249408,0.1959868059373282,0.047928709055876685,0.39278735121691244,717.0,2925.0,3953.0,4351.0,1709.0,691.0,0.8721712827682495,0.4551398456096649,0.08271820797205146,73,-0.0006505388153157599,-0.08138173818588257
1793,Healthy,0.8700023380874444,2.6348959070953124,285.0,451.0,278.0,3999.0,0.7068352429869617,0.19626168224299065,0.035847020740918355,0.3611493461803166,742.0,2902.5,4021.0,4320.0,1856.5,739.0,0.8599070906639099,0.2736537754535675,0.10660583196211701,70,-0.0007320422989306872,-0.057902514934539795
1794,Healthy,0.8618335883252913,2.8104851089960086,328.0,495.0,293.5,3955.0,0.7080247539819418,0.19159176162502653,0.04150943396226415,0.3915498087780004,719.5,2855.5,3873.5,4209.0,1670.5,702.0,0.8543807864189148,0.48445791006088257,0.08907820963280393,76,-0.0005685893637304122,-0.10156911611557007
1795,Healthy,0.864530225782957,2.7973291437549097,311.0,466.0,279.0,3840.0,0.7061592781482935,0.20237766104506497,0.048078081696589954,0.3778414175765169,749.0,2885.0,3950.0,4349.0,1738.0,704.0,0.8595131635665894,0.26984673738479614,0.09065464750898462,76,-0.0004393937209098674,-0.04527640342712402
1796,Healthy,0.8503480278422274,2.7160219356751147,340.0,521.5,322.5,3987.5,0.6676940859179349,0.1810368349249659,0.04471127737886924,0.3458716370076748,862.5,3001.5,3958.0,4328.5,1939.0,820.5,0.8368996381759644,0.5721848011016846,0.07849435372474599,73,-0.00042052760639438346,-0.06660598516464233
1797,Healthy,0.8652090341182124,2.7307196481383182,302.5,436.0,280.5,3881.5,0.7083456498177161,0.19936358605423354,0.04382901866345575,0.35366377458981185,740.0,2893.5,3970.5,4334.5,1881.0,773.5,0.855312705039978,0.5572551488876343,0.09132838945126938,70,-0.0005917386433604734,-0.07107508182525635
1798,Healthy,0.8642840986202217,2.753278570399193,327.0,517.0,300.0,4121.0,0.6967657506075902,0.18501109805457633,0.04598363489685375,0.38119312436804853,811.0,3121.0,4139.0,4538.0,1836.0,746.0,0.8501719832420349,0.31407153606414795,0.11154704411030072,74,-0.0008075460069313691,-0.048100054264068604
1799,Healthy,0.8524495677233429,2.689286493563168,333.5,490.5,320.0,4017.5,0.6977590499904233,0.1953340974984829,0.04454395474899835,0.3628139003973958,789.0,2983.5,4054.0,4432.0,1884.0,773.0,0.8498467803001404,0.36810728907585144,0.11099576619878143,75,-0.0006969073249234621,-0.06522113084793091
1800,Healthy,0.8480427911500121,2.843632806130768,348.0,512.5,312.5,3800.5,0.651138014527845,0.17726676334507285,0.04653161448741559,0.33310092382778456,900.5,2978.5,3883.0,4262.0,1913.0,819.0,0.8431528806686401,0.5690515637397766,0.07563000608311292,71,-0.0006611502972573512,-0.07119739055633545
1801,Healthy,0.8670534203529128,2.8531657651924913,316.0,466.0,275.0,3862.0,0.6945754716981132,0.19418282548476454,0.04521760213359195,0.36187314345622923,777.0,2909.0,3938.0,4311.0,1826.0,769.0,0.8584967255592346,0.5133297443389893,0.07652997264999202,73,-0.0006790812341259299,-0.09662532806396484
1802,Healthy,0.8603559070687098,2.827093316007472,317.5,506.0,282.5,3763.5,0.6528136806522171,0.16922211281474187,0.04369663485685585,0.3534850640113798,873.0,2953.0,3808.0,4156.0,1818.0,755.0,0.8490568399429321,0.5221962332725525,0.08343967849966914,73,-0.0005160361110231412,-0.07399153709411621
1803,Healthy,0.8721934369602763,2.8394182472449208,319.5,468.5,277.5,4065.0,0.695596993068437,0.18967052537845058,0.04651723306820921,0.38492656758420546,779.5,2957.5,3956.0,4342.0,1748.5,741.5,0.8708241581916809,0.4951056241989136,0.07701811876375962,72,-0.0006092388372212879,-0.07601290941238403
1804,Healthy,0.8471204188481676,2.8227494766224703,322.0,532.0,292.0,3528.0,0.6263200649878148,0.15505553151593826,0.040270200051961545,0.331973293768546,920.0,2929.0,3694.0,4004.0,1801.0,766.0,0.8433049321174622,0.5757712125778198,0.06996737864301086,72,-0.0006112950271428562,-0.06711012125015259
1805,Healthy,0.8600723763570567,2.7563012215865164,315.0,485.0,290.0,3855.0,0.6822716807367614,0.18454471764388003,0.04418244611170656,0.35785837651122626,828.0,3018.0,4013.0,4384.0,1859.0,776.0,0.8582525849342346,0.42080190777778625,0.09958817788732684,75,-0.0007940412757834924,-0.06861859560012817
1806,Healthy,0.8598756575801052,2.767857142857143,320.0,484.0,293.0,3889.0,0.7061592781482935,0.20237766104506497,0.048078081696589954,0.3778414175765169,749.0,2885.0,3950.0,4349.0,1738.0,704.0,0.8536493182182312,0.32002660632133484,0.09406868179050658,76,-0.0003683185575644494,-0.03861171007156372
1807,Healthy,0.8582412301777992,2.71387327153928,313.0,493.0,295.0,3867.0,0.6787038844427093,0.18538938662991042,0.04686548995739501,0.3541593541593542,823.0,2955.0,3915.0,4300.0,1840.0,767.0,0.8561967611312866,0.4789162874221802,0.08551411509205342,73,-0.0006183099126667543,-0.04900580644607544
1808,Healthy,0.8586009459795868,2.7631789777279283,309.0,484.0,284.0,3733.0,0.6842322793965695,0.18579950531063583,0.04193300946049604,0.34699907663896584,764.0,2798.0,3747.0,4075.0,1768.0,743.0,0.8571321964263916,0.46847212314605713,0.1031920496581554,72,-0.00044628853702540926,-0.0597270131111145
1809,Healthy,0.8620053074881735,2.8739036774888445,344.0,493.0,299.0,4034.5,0.6998608626515603,0.19208252021187622,0.03409915356711004,0.3920812894183602,755.0,2898.0,3994.0,4276.0,1735.0,724.0,0.8525472283363342,0.4221803545951843,0.08185399831863335,76,-0.00043148681032846434,-0.07643043994903564
1810,Healthy,0.861438815637289,2.7726900454173182,328.5,495.0,299.5,4023.5,0.6968996726362411,0.19234151951830053,0.04253179532682638,0.3861128009037977,787.0,2984.5,4046.5,4406.0,1766.0,742.0,0.8535144329071045,0.3981677293777466,0.09063427340398426,76,-0.0005078134368558801,-0.08590912818908691
1811,Healthy,0.8620174346201743,2.7992559042381107,308.0,482.0,277.0,3738.0,0.6752782193958664,0.1713213839099625,0.044998140572703606,0.35027027027027025,817.0,2982.0,3852.0,4215.0,1803.0,738.0,0.8561565279960632,0.5298789143562317,0.085208386028258,72,-0.0005319260202462583,-0.0833733081817627
1812,Healthy,0.7620855479625411,2.1525593365742064,374.0,582.0,470.0,3481.0,0.6174164259182832,0.16515534413557306,0.04450959488272921,0.27522107922757627,927.0,2808.0,3585.0,3919.0,2008.0,885.0,0.7521842122077942,0.4025038480758667,0.08286478223085969,76,-0.0004786192669094267,-0.013616800308227539
1813,Healthy,0.8549525431978584,2.74453125,320.0,527.0,298.0,3811.0,0.6528136806522171,0.16922211281474187,0.04369663485685585,0.3534850640113798,873.0,2953.0,3808.0,4156.0,1818.0,755.0,0.8504711389541626,0.5399476885795593,0.0804008563415687,73,-0.0005115040655944781,-0.07150524854660034
1814,Healthy,0.8692596063730085,2.759184887698944,307.0,465.0,279.0,3989.0,0.7006719609040929,0.19724770642201836,0.04714142427281846,0.372787610619469,735.0,2800.0,3800.0,4176.0,1701.0,715.0,0.8679972290992737,0.5236833095550537,0.09456377275815285,73,-0.00043150912391689536,-0.0758325457572937
1815,Healthy,0.8700344431687715,2.9754986649913615,345.0,464.0,283.0,4072.0,0.7126887625024515,0.19646526921496096,0.039580977322778405,0.3770860354517942,732.5,2932.5,4034.0,4366.5,1801.0,723.0,0.8577607870101929,0.2432301789522171,0.11454828691655998,75,-0.0007168407336627315,-0.07388311624526978
1816,Healthy,0.8487394957983193,2.774276942963322,331.0,545.0,306.0,3740.0,0.6560888536295121,0.17275280898876405,0.04662822762597142,0.3568411386593205,867.0,2945.0,3803.0,4175.0,1751.0,733.0,0.8461808562278748,0.541702151298523,0.07301161067167769,71,-0.0006919494082501885,-0.07701295614242554
1817,Healthy,0.8669467787114846,2.8635312259059367,329.0,528.0,285.0,3999.0,0.6740542606037447,0.17390139335476956,0.03630987581312833,0.3473114643219479,853.0,3083.0,4074.0,4381.0,1930.0,833.0,0.8532818555831909,0.47827795147895813,0.08828125840975827,73,-0.0006718217241207076,-0.07522565126419067
1818,Healthy,0.8467574428802216,2.628976784178848,334.0,525.0,332.0,4001.0,0.6822716807367614,0.18454471764388003,0.04418244611170656,0.35785837651122626,828.0,3018.0,4013.0,4384.0,1859.0,776.0,0.8300425410270691,0.3561170697212219,0.10335843184170258,75,-0.0007664654683166478,-0.050919532775878906
1819,Healthy,0.8391143911439114,2.6744550729183003,335.0,529.0,327.0,3738.0,0.6353833865814696,0.1661683041435284,0.051347881899871634,0.28992805755395684,913.0,2928.0,3695.0,4095.0,1974.0,835.0,0.8265154361724854,0.5264602303504944,0.073783852029711,72,-0.0003432457719511802,-0.06548923254013062
1820,Healthy,0.8622023449776381,2.6291927755252487,289.5,445.5,285.0,3851.5,0.7068352429869617,0.19626168224299065,0.035847020740918355,0.3611493461803166,742.0,2902.5,4021.0,4320.0,1856.5,739.0,0.8495842814445496,0.2741152048110962,0.10800716497489682,68,-0.0007481311769792705,-0.0755993127822876
1821,Healthy,0.8182746299132211,2.5513289829699186,341.0,555.0,356.0,3562.0,0.6353833865814696,0.1661683041435284,0.051347881899871634,0.28992805755395684,913.0,2928.0,3695.0,4095.0,1974.0,835.0,0.8154850602149963,0.5632274746894836,0.06772208481340249,72,-0.00034529959800462176,-0.06508159637451172
1822,Healthy,0.8450387403149213,2.774040039383,334.0,492.0,310.0,3691.0,0.6734613876911015,0.18501040943789035,0.046708348657594705,0.3465697571352597,833.0,2936.0,3888.0,4269.0,1843.0,774.0,0.8439585566520691,0.45178309082984924,0.09645499585089083,75,-0.0007842527603130179,-0.06821614503860474
1823,Healthy,0.8627882721056901,2.7227179637214745,317.0,503.0,296.0,4018.5,0.6883193691473632,0.19093311083298567,0.038816108685104316,0.3588317107093185,790.5,2909.0,3962.0,4282.0,1844.0,773.5,0.8539422154426575,0.496586412191391,0.07381518880094144,75,-0.0004998475578189396,-0.04863709211349487
1824,Healthy,0.8415366146458584,2.676798533679548,339.0,498.0,330.0,3835.0,0.6653741760372237,0.19024525426077318,0.04768874252957678,0.30692723782934916,863.0,2922.0,3904.0,4295.0,1986.0,855.5,0.836026668548584,0.5269283652305603,0.0984342270034099,74,-0.0006036357419564527,-0.06343317031860352
1825,Healthy,0.8729253112033195,2.800798801797304,277.0,436.0,245.0,3611.0,0.6586676905356115,0.16851501217203138,0.043478260869565216,0.3265866209262436,889.0,3074.0,3960.0,4320.0,1963.0,849.0,0.8697057366371155,0.46921443939208984,0.08372159902022919,71,-0.0005698839241115909,-0.08575797080993652
1826,Healthy,0.8566344687341129,2.810675562969141,313.0,493.0,282.0,3652.0,0.6843173057415297,0.18616945277896843,0.03891878363158553,0.3753896937465615,778.0,2848.0,3840.0,4151.0,1703.0,712.0,0.8524023294448853,0.5675559639930725,0.07352762737064636,72,-0.000614820960032496,-0.06562536954879761
1827,Healthy,0.8560846560846561,2.8652381795643707,309.0,460.0,272.0,3508.0,0.6842322793965695,0.18579950531063583,0.04193300946049604,0.34699907663896584,764.0,2798.0,3747.0,4075.0,1768.0,743.0,0.8554263710975647,0.43244653940200806,0.10364952900678885,72,-0.0006197495345252339,-0.06432288885116577
1828,Healthy,0.8617555608706051,2.857709390862944,330.0,498.0,289.0,3892.0,0.6690183430759927,0.1786476868327402,0.03798420458819105,0.3401506996770721,821.0,2885.0,3837.0,4140.0,1839.0,768.0,0.8576763868331909,0.48258090019226074,0.0803014030866248,72,-0.0006503281990130265,-0.06427586078643799
1829,Healthy,0.8664375153449546,2.9007068880486604,319.0,460.5,272.0,3801.0,0.6776395022079487,0.1885665529010239,0.04045811029503299,0.3481983589011773,803.0,2853.0,3854.0,4179.0,1827.0,752.0,0.860281765460968,0.4667196571826935,0.09409178358067741,75,-0.00038131748599918815,-0.0545504093170166
1830,Healthy,0.8372093023255814,2.7016352002527846,344.5,536.5,332.5,3752.5,0.6174164259182832,0.16515534413557306,0.04450959488272921,0.27522107922757627,927.0,2808.0,3585.0,3919.0,2008.0,885.0,0.8305267691612244,0.38749149441719055,0.09927418930353675,75,-0.0007227396392818824,-0.04926443099975586
1831,Healthy,0.8303220738413197,2.7502168256721595,341.0,486.0,324.0,3495.0,0.6512229071385961,0.16678375720106786,0.03761089591403224,0.3044866111012591,877.0,2965.0,3851.0,4152.0,1961.0,844.0,0.8168113231658936,0.5357012152671814,0.06699241249189242,73,-0.00045912974778588905,-0.046611487865448
1832,Healthy,0.8650998824911869,2.66855154414963,299.0,462.0,287.0,3968.0,0.7067610062893082,0.1983716276823294,0.040436110944707365,0.3608461938616265,746.0,2904.5,4004.5,4342.0,1843.0,762.0,0.859574556350708,0.5286388993263245,0.08846560452911463,68,-0.0005607585042862447,-0.07542622089385986
1833,Healthy,0.8444872412132884,2.842787682333874,358.0,552.0,323.0,3831.0,0.6606570512820513,0.17923186344238975,0.0434235368156073,0.35367594575303357,847.0,2885.0,3800.0,4145.0,1811.0,758.0,0.8317633271217346,0.5824176073074341,0.0733443233751482,74,-0.0005160573711956637,-0.06320208311080933
1834,Healthy,0.8565217391304348,2.7352668929342796,318.0,491.0,297.0,3843.0,0.6720925671700333,0.17909002904162633,0.0386161530028018,0.36771929824561406,836.0,2968.0,3946.0,4263.0,1802.0,745.0,0.8530871868133545,0.30703818798065186,0.08666702970428837,75,-0.0004740976293103379,-0.052859485149383545
1835,Healthy,0.8639890460976722,2.887431360585723,346.0,479.0,298.0,4084.0,0.7091428571428572,0.19871752053971012,0.0357245916777284,0.38264099966227627,763.5,2999.0,4177.0,4486.5,1828.0,740.0,0.8574795722961426,0.3433583974838257,0.11204259820885325,74,-0.0007382626746539894,-0.06341230869293213
1836,Healthy,0.8516063233044365,2.7968514486685647,319.0,520.0,291.0,3631.0,0.638872225554889,0.1752222540866074,0.04620883329078376,0.32871720116618075,903.0,2876.0,3736.0,4098.0,1842.0,778.0,0.8399163484573364,0.5359275341033936,0.07392777081256224,72,-0.0006057998941005851,-0.06124675273895264
1837,Healthy,0.8696053542580199,2.9128014842300556,335.0,449.5,282.5,4050.5,0.7246032500237575,0.20416694313582376,0.04659746251441753,0.3738997968855789,724.5,2998.5,4133.0,4537.0,1849.5,737.0,0.8614996075630188,0.2750000059604645,0.10304364327307328,71,-0.0007058156875083864,-0.0664823055267334
1838,Healthy,0.8489410563919367,2.8656330749354004,333.0,479.0,296.0,3623.0,0.6730729489563959,0.18796771826852532,0.04128617363344052,0.3542284866468843,791.0,2767.0,3727.0,4048.0,1741.0,744.0,0.8373962044715881,0.5046803951263428,0.08043135705589732,74,-0.000492462374571268,-0.07125842571258545
1839,Healthy,0.8773519163763066,2.886731886273311,314.0,464.0,264.0,4041.0,0.6945754716981132,0.19418282548476454,0.04521760213359195,0.36187314345622923,777.0,2909.0,3938.0,4311.0,1826.0,769.0,0.8692444562911987,0.5125473737716675,0.07621315676029196,73,-0.000688662815490347,-0.0922042727470398
1840,Healthy,0.8551774076755974,2.8217585218222365,334.0,481.0,300.0,3843.0,0.6822716807367614,0.18454471764388003,0.04418244611170656,0.35785837651122626,828.0,3018.0,4013.0,4384.0,1859.0,776.0,0.8507813811302185,0.42141976952552795,0.09943864314100351,75,-0.0007883656205234895,-0.059692203998565674
1841,Healthy,0.8467574428802216,2.628976784178848,334.0,525.0,332.0,4001.0,0.6822716807367614,0.18454471764388003,0.04418244611170656,0.35785837651122626,828.0,3018.0,4013.0,4384.0,1859.0,776.0,0.8300425410270691,0.3561170697212219,0.10335843184170258,75,-0.0007664654683166478,-0.050919532775878906
1842,Healthy,0.8676435830772867,2.842871524819949,320.5,458.0,280.0,3951.0,0.7080247539819418,0.19159176162502653,0.04150943396226415,0.3915498087780004,719.5,2855.5,3873.5,4209.0,1670.5,702.0,0.8624313473701477,0.4547900855541229,0.08790176993474592,77,-0.0005751713348859574,-0.1057325005531311
1843,Healthy,0.8597118018339883,2.819261110677185,329.5,494.5,294.5,3904.0,0.6999805182154686,0.19698216735253773,0.04290665710529461,0.3739161210405238,770.0,2927.0,4004.0,4363.0,1769.0,757.0,0.8503172993659973,0.34757980704307556,0.08859910967988716,73,-0.00028794558522169663,-0.05076843500137329
1844,Healthy,0.8472485768500949,2.7758781473422443,348.0,525.0,322.0,3894.0,0.6610951008645534,0.18324893937320377,0.041310369745874986,0.31701553004726535,882.0,2984.0,3980.0,4323.0,2023.0,872.0,0.8367409110069275,0.4852573573589325,0.08311114078988184,74,-0.0002790028237916354,-0.05989217758178711
1845,Healthy,0.8668869483124853,2.7447317291884623,307.0,476.0,282.0,3955.0,0.6916126497741112,0.1818306573349801,0.039468919734459866,0.36426421108553214,785.0,2981.0,3979.0,4306.0,1795.0,726.0,0.8640403151512146,0.3374902606010437,0.09657570453629132,73,-0.0007225983657353967,-0.06120353937149048
1846,Healthy,0.8630906768837804,2.852921310368119,306.0,478.0,268.0,3647.0,0.6883435582822086,0.1937536148062464,0.044534412955465584,0.3671303074670571,762.0,2788.0,3776.0,4128.0,1729.0,715.0,0.8583434224128723,0.46943971514701843,0.09921637676582368,72,-0.0003838435455820495,-0.05461150407791138
1847,Healthy,0.8347727272727272,2.5849813498486873,355.5,551.5,363.5,4036.5,0.6977590499904233,0.1953340974984829,0.04454395474899835,0.3628139003973958,789.0,2983.5,4054.0,4432.0,1884.0,773.0,0.8199239373207092,0.4469431936740875,0.10070243815186011,75,-0.0005615509188678827,-0.05512714385986328
1848,Healthy,0.8701541335824381,2.8525493798805694,321.0,479.0,278.0,4004.0,0.6723470178156468,0.18317577750376765,0.039730315434625574,0.35026600308906813,846.0,2981.0,3988.0,4318.0,1893.0,799.0,0.8671613931655884,0.31409478187561035,0.11206106640384014,74,-0.0008101321357462803,-0.0703015923500061
1849,Healthy,0.8636926889714994,2.865011509371917,316.0,463.0,275.0,3760.0,0.6865552903739062,0.18501956400223588,0.043178742772788783,0.3611309949892627,788.0,2916.0,3889.0,4240.0,1785.0,735.0,0.8570623993873596,0.3756933808326721,0.10668231087612796,75,-0.0008156647743340727,-0.08086138963699341
1850,Healthy,0.8603503577596842,2.6893413543112756,297.0,468.0,283.0,3770.0,0.7024990083300278,0.1918911413496251,0.03571428571428571,0.37412095639943743,750.0,2910.0,3996.0,4292.0,1780.0,720.0,0.8555791974067688,0.43458646535873413,0.08797147875950513,74,-0.0006970855430335281,-0.08170861005783081
1851,Healthy,0.8391143911439114,2.6744550729183003,335.0,529.0,327.0,3738.0,0.6353833865814696,0.1661683041435284,0.051347881899871634,0.28992805755395684,913.0,2928.0,3695.0,4095.0,1974.0,835.0,0.8265154361724854,0.5264602303504944,0.073783852029711,72,-0.0003432457719511802,-0.06548923254013062
1852,Healthy,0.867181840135233,2.9842931937172774,334.5,448.5,275.0,3866.0,0.6730729489563959,0.18796771826852532,0.04128617363344052,0.3542284866468843,791.0,2767.0,3727.0,4048.0,1741.0,744.0,0.8609445095062256,0.4185476005077362,0.08838852447656682,77,-0.0005818643622924403,-0.10444098711013794
1853,Healthy,0.8636926889714994,2.865011509371917,316.0,463.0,275.0,3760.0,0.6865552903739062,0.18501956400223588,0.043178742772788783,0.3611309949892627,788.0,2916.0,3889.0,4240.0,1785.0,735.0,0.8570623993873596,0.3756933808326721,0.10668231087612796,75,-0.0008156647743340727,-0.08086138963699341
1854,Healthy,0.8475080585172329,2.726547543075941,325.0,500.5,307.5,3725.5,0.6902211302211302,0.19571716609886672,0.039845214341858635,0.3694318484929314,788.0,2892.0,3970.0,4299.5,1773.0,753.0,0.8375726938247681,0.47362977266311646,0.07555377229795164,72,-0.0005577570595403534,-0.05010676383972168
1855,Healthy,0.8549525431978584,2.74453125,320.0,527.0,298.0,3811.0,0.6528136806522171,0.16922211281474187,0.04369663485685585,0.3534850640113798,873.0,2953.0,3808.0,4156.0,1818.0,755.0,0.8504711389541626,0.5399476885795593,0.0804008563415687,73,-0.0005115040655944781,-0.07150524854660034
1856,Healthy,0.8646338646338646,2.732116788321168,316.0,503.0,293.0,4036.0,0.6822716807367614,0.18454471764388003,0.04418244611170656,0.35785837651122626,828.0,3018.0,4013.0,4384.0,1859.0,776.0,0.8588308691978455,0.3517675995826721,0.10710834022612055,75,-0.0008024240971330216,-0.0629153847694397
1857,Healthy,0.8637352017395507,2.7269260106788713,303.0,459.0,282.0,3857.0,0.6734613876911015,0.18501040943789035,0.046708348657594705,0.3465697571352597,833.0,2936.0,3888.0,4269.0,1843.0,774.0,0.8630164265632629,0.45651766657829285,0.09525019492991556,75,-0.0007376589624983772,-0.0759316086769104
1858,Healthy,0.8800778121066484,2.8491516633325924,307.5,453.0,262.0,4107.5,0.6973518284993695,0.19342518073932616,0.04123772686700387,0.3837828401850397,780.0,2956.5,4028.0,4374.5,1765.0,706.0,0.8743562698364258,0.4395896792411804,0.08989830425383367,75,-0.00021745837733810872,-0.05270117521286011
1859,Healthy,0.8656307129798904,2.771436932982148,324.0,505.0,294.0,4082.0,0.6693697014375231,0.1786597267404034,0.04294761082325849,0.35237780713342143,897.0,3156.0,4156.0,4529.0,1961.0,848.0,0.8632478713989258,0.46317511796951294,0.08303375414883113,71,-0.0006634712768329513,-0.07665008306503296
1860,Healthy,0.8258763837638377,2.731919438510833,393.0,568.5,377.5,3958.5,0.6275326117124619,0.17570006014836598,0.04726753184902965,0.30279898218829515,1006.5,3083.5,4001.0,4398.0,2123.5,925.5,0.7991095781326294,0.5678737759590149,0.07406288822285796,72,-0.0004522479633276164,-0.026443421840667725
1861,Healthy,0.8773519163763066,2.886731886273311,314.0,464.0,264.0,4041.0,0.6945754716981132,0.19418282548476454,0.04521760213359195,0.36187314345622923,777.0,2909.0,3938.0,4311.0,1826.0,769.0,0.8692444562911987,0.5125473737716675,0.07621315676029196,73,-0.000688662815490347,-0.0922042727470398
1862,Healthy,0.856144578313253,2.6888148932949902,312.0,446.5,298.5,3851.5,0.6968157843328775,0.20113392795408974,0.04154925355237125,0.3389570552147239,776.0,2888.5,3996.5,4343.0,1939.5,801.0,0.8424649238586426,0.4334854483604431,0.10446304112598678,73,-0.0007067907153702112,-0.0464821457862854
1863,Healthy,0.8645598194130926,2.7645445358741156,329.0,470.5,300.0,4130.0,0.6933837429111531,0.19967858577742065,0.047474275023386345,0.3474036850921273,811.0,2988.0,4073.0,4479.0,1948.0,801.0,0.857292890548706,0.38049939274787903,0.10371456003531572,72,-0.000777790245692794,-0.06154602766036987
1864,Healthy,0.8668869483124853,2.7447317291884623,307.0,476.0,282.0,3955.0,0.6916126497741112,0.1818306573349801,0.039468919734459866,0.36426421108553214,785.0,2981.0,3979.0,4306.0,1795.0,726.0,0.8640403151512146,0.3374902606010437,0.09657570453629132,73,-0.0007225983657353967,-0.06120353937149048
1865,Healthy,0.8444872412132884,2.842787682333874,358.0,552.0,323.0,3831.0,0.6606570512820513,0.17923186344238975,0.0434235368156073,0.35367594575303357,847.0,2885.0,3800.0,4145.0,1811.0,758.0,0.8317633271217346,0.5824176073074341,0.0733443233751482,74,-0.0005160573711956637,-0.06320208311080933
1866,Healthy,0.8549047963364667,2.7951142631993697,331.0,506.0,301.0,3848.0,0.6744186046511628,0.17505928302413168,0.03718295986210293,0.3515885553800246,819.0,2957.0,3910.0,4212.0,1847.0,762.0,0.8566537499427795,0.4978973865509033,0.07920779283742231,72,-0.000650155357104962,-0.06610745191574097
1867,Healthy,0.8634844868735083,2.8081341198385594,320.0,476.0,286.0,3904.0,0.6916126497741112,0.1818306573349801,0.039468919734459866,0.36426421108553214,785.0,2981.0,3979.0,4306.0,1795.0,726.0,0.860489547252655,0.3869116008281708,0.09445067119465171,73,-0.0007218004667596729,-0.0618596076965332
1868,Healthy,0.8617250368355435,2.759709618874773,332.5,463.0,305.0,4106.5,0.7171248142644874,0.20904989210750016,0.04315937940761636,0.3729427254772877,761.5,3024.0,4240.0,4622.5,1905.0,781.5,0.8532940745353699,0.46909207105636597,0.10103516133970239,73,-0.000631494279432862,-0.07055753469467163
1869,Healthy,0.8669467787114846,2.8635312259059367,329.0,528.0,285.0,3999.0,0.6740542606037447,0.17390139335476956,0.03630987581312833,0.3473114643219479,853.0,3083.0,4074.0,4381.0,1930.0,833.0,0.8532818555831909,0.47827795147895813,0.08828125840975827,73,-0.0006718217241207076,-0.07522565126419067
1870,Healthy,0.8549525431978584,2.74453125,320.0,527.0,298.0,3811.0,0.6528136806522171,0.16922211281474187,0.04369663485685585,0.3534850640113798,873.0,2953.0,3808.0,4156.0,1818.0,755.0,0.8504711389541626,0.5399476885795593,0.0804008563415687,73,-0.0005115040655944781,-0.07150524854660034
1871,Healthy,0.8569673138363234,2.865242399342646,331.0,490.5,291.0,3778.0,0.6444578434328209,0.17271033395442167,0.040834499427553746,0.3163019205002233,884.5,2886.0,3770.0,4091.0,1913.5,824.0,0.8497976660728455,0.538256049156189,0.0819585110721269,72,-0.0004661726623651754,-0.06875675916671753
1872,Healthy,0.8526570048309179,2.7398323502018007,326.0,573.0,305.0,3835.0,0.6263200649878148,0.15505553151593826,0.040270200051961545,0.331973293768546,920.0,2929.0,3694.0,4004.0,1801.0,766.0,0.8440412282943726,0.5656324625015259,0.07285880514278409,73,-0.0004923525378976223,-0.06707596778869629
1873,Healthy,0.8634844868735083,2.8081341198385594,320.0,476.0,286.0,3904.0,0.6916126497741112,0.1818306573349801,0.039468919734459866,0.36426421108553214,785.0,2981.0,3979.0,4306.0,1795.0,726.0,0.860489547252655,0.3869116008281708,0.09445067119465171,73,-0.0007218004667596729,-0.0618596076965332
1874,Healthy,0.8630398472918158,2.779528164143549,316.5,439.0,287.0,3904.0,0.7083456498177161,0.19936358605423354,0.04382901866345575,0.35366377458981185,740.0,2893.5,3970.5,4334.5,1881.0,773.5,0.8518217206001282,0.5408493876457214,0.09297158840778263,72,-0.000596202049982879,-0.06502526998519897
1875,Healthy,0.8605425987624941,2.692078618225134,308.0,461.0,293.0,3909.0,0.7068352429869617,0.19626168224299065,0.035847020740918355,0.3611493461803166,742.0,2902.5,4021.0,4320.0,1856.5,739.0,0.8449505567550659,0.5765578150749207,0.08140162492724419,68,-0.00054492286124437,-0.06338101625442505
1876,Healthy,0.8761250592136428,2.9259610821072615,316.0,453.5,261.5,3960.5,0.6973518284993695,0.19342518073932616,0.04123772686700387,0.3837828401850397,780.0,2956.5,4028.0,4374.5,1765.0,706.0,0.8664149045944214,0.4565175175666809,0.09073656703913816,75,-0.0002910199152617603,-0.05070978403091431
1877,Healthy,0.8604763050276641,2.7521735785181196,314.5,462.5,290.0,3867.0,0.7083456498177161,0.19936358605423354,0.04382901866345575,0.35366377458981185,740.0,2893.5,3970.5,4334.5,1881.0,773.5,0.8527673482894897,0.55230712890625,0.09378102166732945,70,-0.0006107644085685123,-0.0909770131111145
1878,Healthy,0.8526570048309179,2.7398323502018007,326.0,573.0,305.0,3835.0,0.6263200649878148,0.15505553151593826,0.040270200051961545,0.331973293768546,920.0,2929.0,3694.0,4004.0,1801.0,766.0,0.8440412282943726,0.5656324625015259,0.07285880514278409,73,-0.0004923525378976223,-0.06707596778869629
1879,Healthy,0.861438815637289,2.7726900454173182,328.5,495.0,299.5,4023.5,0.6968996726362411,0.19234151951830053,0.04253179532682638,0.3861128009037977,787.0,2984.5,4046.5,4406.0,1766.0,742.0,0.8535144329071045,0.3981677293777466,0.09063427340398426,76,-0.0005078134368558801,-0.08590912818908691
1880,Healthy,0.8617250368355435,2.759709618874773,332.5,463.0,305.0,4106.5,0.7171248142644874,0.20904989210750016,0.04315937940761636,0.3729427254772877,761.5,3024.0,4240.0,4622.5,1905.0,781.5,0.8532940745353699,0.46909207105636597,0.10103516133970239,73,-0.000631494279432862,-0.07055753469467163
1881,Healthy,0.8609077598828697,2.8506787330316743,324.0,455.0,285.0,3813.0,0.6936865166301533,0.19884401212377528,0.04069020375696017,0.38259325044404974,769.0,2841.5,3919.5,4252.0,1738.0,727.0,0.8565757870674133,0.5722211003303528,0.0743743510112807,72,-0.000689129436302754,-0.08240890502929688
1882,Healthy,0.8676244227809133,2.7707684745207275,285.0,448.0,258.0,3640.0,0.7006719609040929,0.19724770642201836,0.04714142427281846,0.372787610619469,735.0,2800.0,3800.0,4176.0,1701.0,715.0,0.8661620020866394,0.5009959936141968,0.09878207616714894,72,-0.0004191205694100877,-0.06221127510070801
1883,Healthy,0.869796983100828,2.7800333502501267,319.5,454.5,287.0,4121.5,0.7246032500237575,0.20416694313582376,0.04659746251441753,0.3738997968855789,724.5,2998.5,4133.0,4537.0,1849.5,737.0,0.8653435111045837,0.3235776722431183,0.11158271893871974,72,-0.0008594243615464867,-0.0764954686164856
1884,Healthy,0.8694529232214134,2.781073976717987,309.5,473.0,278.0,3981.0,0.6902211302211302,0.19571716609886672,0.039845214341858635,0.3694318484929314,788.0,2892.0,3970.0,4299.5,1773.0,753.0,0.8641149401664734,0.47622352838516235,0.07857690132862355,72,-0.0006187281632133371,-0.07559484243392944
1885,Healthy,0.8586400194979283,2.7858611418630397,319.0,530.0,290.0,3813.0,0.634088200238379,0.16929637526652452,0.04789808917197452,0.3351538321500091,921.0,2922.0,3737.0,4113.0,1826.0,755.0,0.8536525964736938,0.5443089604377747,0.08107101292826606,74,-0.0004552083843311514,-0.06190115213394165
1886,Healthy,0.8585161449346808,2.788184438040346,316.0,518.0,287.0,3770.0,0.6560888536295121,0.17275280898876405,0.04662822762597142,0.3568411386593205,867.0,2945.0,3803.0,4175.0,1751.0,733.0,0.8558781147003174,0.5514218807220459,0.07304360083897674,72,-0.0006265523884500394,-0.06711381673812866
1887,Healthy,0.8560846560846561,2.8652381795643707,309.0,460.0,272.0,3508.0,0.6842322793965695,0.18579950531063583,0.04193300946049604,0.34699907663896584,764.0,2798.0,3747.0,4075.0,1768.0,743.0,0.8554263710975647,0.43244653940200806,0.10364952900678885,72,-0.0006197495345252339,-0.06432288885116577
1888,Healthy,0.8694529232214134,2.781073976717987,309.5,473.0,278.0,3981.0,0.6902211302211302,0.19571716609886672,0.039845214341858635,0.3694318484929314,788.0,2892.0,3970.0,4299.5,1773.0,753.0,0.8641149401664734,0.47622352838516235,0.07857690132862355,72,-0.0006187281632133371,-0.07559484243392944
1889,Healthy,0.8742169882235029,2.7849616858237547,282.0,431.0,251.0,3740.0,0.6883435582822086,0.1937536148062464,0.044534412955465584,0.3671303074670571,762.0,2788.0,3776.0,4128.0,1729.0,715.0,0.867906391620636,0.5187541246414185,0.09144704017277575,72,-0.00042167566586083635,-0.06349080801010132
1890,Healthy,0.8549047963364667,2.7951142631993697,331.0,506.0,301.0,3848.0,0.6744186046511628,0.17505928302413168,0.03718295986210293,0.3515885553800246,819.0,2957.0,3910.0,4212.0,1847.0,762.0,0.8566537499427795,0.4978973865509033,0.07920779283742231,72,-0.000650155357104962,-0.06610745191574097
1891,Unhealthy,0.7890566972022778,2.574313408723748,410.0,615.0,426.0,3613.0,0.6560235063663076,0.17432976802333658,0.04215976331360947,0.34232365145228216,878.0,2972.0,3885.0,4227.0,1902.0,825.0,0.7953228950500488,0.32533442974090576,0.08466342185174693,74,-0.0003991390364485025,-0.11968541145324707
1892,Healthy,0.8621512043882662,2.856352718078382,330.0,490.0,289.0,3904.0,0.6744186046511628,0.17505928302413168,0.03718295986210293,0.3515885553800246,819.0,2957.0,3910.0,4212.0,1847.0,762.0,0.8580248951911926,0.3683367967605591,0.09599495319155611,73,-0.000721451066382387,-0.06931424140930176
1893,Healthy,0.8610112628804217,2.7796688844190003,319.0,493.0,290.0,3883.0,0.6723470178156468,0.18317577750376765,0.039730315434625574,0.35026600308906813,846.0,2981.0,3988.0,4318.0,1893.0,799.0,0.8570276498794556,0.385047972202301,0.10218784773373428,74,-0.0007814620889868047,-0.07366859912872314
1894,Healthy,0.8721804511278195,2.7138470536628163,293.0,457.0,272.0,3984.0,0.7180778918814184,0.200677048070413,0.044159208666980684,0.39045116075339464,727.5,2951.5,4058.5,4433.5,1739.5,700.5,0.8699922561645508,0.44322869181632996,0.08432695653008233,71,-0.0006377846177895919,-0.06802117824554443
1895,Healthy,0.8585178055822906,2.816545626776129,328.0,532.0,294.0,3862.0,0.6560888536295121,0.17275280898876405,0.04662822762597142,0.3568411386593205,867.0,2945.0,3803.0,4175.0,1751.0,733.0,0.8539687395095825,0.5601045489311218,0.0723670090660264,72,-0.000677383045026429,-0.07764405012130737
1896,Healthy,0.858499095840868,2.7722627737226277,342.0,507.0,313.0,4111.0,0.6967657506075902,0.18501109805457633,0.04598363489685375,0.38119312436804853,811.0,3121.0,4139.0,4538.0,1836.0,746.0,0.8459802269935608,0.3253012001514435,0.10857968850728104,74,-0.0007968746039896381,-0.05668693780899048
1897,Healthy,0.8580898600540142,2.8563255966001964,328.0,521.0,289.0,3784.0,0.6560888536295121,0.17275280898876405,0.04662822762597142,0.3568411386593205,867.0,2945.0,3803.0,4175.0,1751.0,733.0,0.8526045083999634,0.5253310799598694,0.07390856246224269,71,-0.0006279531004373469,-0.06445455551147461
1898,Unhealthy,0.8587795183539865,2.8098225214198287,336.0,503.0,302.0,3975.0,0.6968996726362411,0.19234151951830053,0.04253179532682638,0.3861128009037977,787.0,2984.5,4046.5,4406.0,1766.0,742.0,0.8493807315826416,0.34538349509239197,0.08870394849735018,73,-0.0003610136728171371,-0.06005662679672241
1899,Healthy,0.867181840135233,2.9842931937172774,334.5,448.5,275.0,3866.0,0.6730729489563959,0.18796771826852532,0.04128617363344052,0.3542284866468843,791.0,2767.0,3727.0,4048.0,1741.0,744.0,0.8609445095062256,0.4185476005077362,0.08838852447656682,77,-0.0005818643622924403,-0.10444098711013794
1900,Healthy,0.8601496725912068,2.7268683274021353,320.0,453.0,299.0,3977.0,0.686037286790956,0.19253699936873114,0.044092360599361335,0.3360734586794928,791.5,2878.0,3891.5,4250.5,1898.0,796.5,0.8523268103599548,0.4403173327445984,0.10937720361482954,75,-0.0005086219900050752,-0.03343302011489868
1901,Healthy,0.8502798507462687,2.707559780187138,337.0,500.0,321.0,3967.0,0.6933837429111531,0.19967858577742065,0.047474275023386345,0.3474036850921273,811.0,2988.0,4073.0,4479.0,1948.0,801.0,0.8407574892044067,0.4955767095088959,0.09745595979698317,73,-0.0006722395533895479,-0.0394323468208313
1902,Healthy,0.8502798507462687,2.707559780187138,337.0,500.0,321.0,3967.0,0.6933837429111531,0.19967858577742065,0.047474275023386345,0.3474036850921273,811.0,2988.0,4073.0,4479.0,1948.0,801.0,0.8407574892044067,0.4955767095088959,0.09745595979698317,73,-0.0006722395533895479,-0.0394323468208313
1903,Healthy,0.8524495677233429,2.689286493563168,333.5,490.5,320.0,4017.5,0.6977590499904233,0.1953340974984829,0.04454395474899835,0.3628139003973958,789.0,2983.5,4054.0,4432.0,1884.0,773.0,0.8498467803001404,0.36810728907585144,0.11099576619878143,75,-0.0006969073249234621,-0.06522113084793091
1904,Healthy,0.8585178055822906,2.816545626776129,328.0,532.0,294.0,3862.0,0.6560888536295121,0.17275280898876405,0.04662822762597142,0.3568411386593205,867.0,2945.0,3803.0,4175.0,1751.0,733.0,0.8539687395095825,0.5601045489311218,0.0723670090660264,72,-0.000677383045026429,-0.07764405012130737
1905,Healthy,0.8742169882235029,2.7849616858237547,282.0,431.0,251.0,3740.0,0.6883435582822086,0.1937536148062464,0.044534412955465584,0.3671303074670571,762.0,2788.0,3776.0,4128.0,1729.0,715.0,0.867906391620636,0.5187541246414185,0.09144704017277575,72,-0.00042167566586083635,-0.06349080801010132
1906,Healthy,0.8560734122192707,2.7168914776210915,316.0,475.0,298.0,3843.0,0.6863117870722434,0.18868935942106674,0.041935862798073535,0.3751491392534515,825.0,3027.0,4078.0,4435.0,1833.0,770.0,0.851306676864624,0.5430854558944702,0.08307411866881263,72,-0.00024444301895767436,-0.03439146280288696
1907,Healthy,0.86875,2.7205660945498344,294.0,459.0,273.0,3887.0,0.6863117870722434,0.18868935942106674,0.041935862798073535,0.3751491392534515,825.0,3027.0,4078.0,4435.0,1833.0,770.0,0.8637412786483765,0.5164566040039062,0.0852723686784014,72,-0.0003238506964083728,-0.059904277324676514
1908,Healthy,0.8804178172649778,2.883148541322639,297.5,434.5,249.0,3915.5,0.7073466909532483,0.20017072129748187,0.04899278786371549,0.37527593818984545,723.0,2811.0,3824.0,4218.0,1698.0,705.0,0.8782801628112793,0.33740106225013733,0.10898446674655467,74,-0.000616628811232487,-0.08952897787094116
1909,Healthy,0.8469437652811735,2.7680997283042994,337.0,509.0,313.0,3777.0,0.6690183430759927,0.1786476868327402,0.03798420458819105,0.3401506996770721,821.0,2885.0,3837.0,4140.0,1839.0,768.0,0.8480026721954346,0.4352899491786957,0.08943652811494436,73,-0.0007190457062567998,-0.0625646710395813
1910,Unhealthy,0.8240384615384615,2.7415227127319257,382.0,618.0,366.0,3794.0,0.6073422272684266,0.16435915010281013,0.0467681311232978,0.310735404347464,1037.5,3048.0,3867.5,4247.0,2069.0,914.0,0.8004477620124817,0.49500998854637146,0.07342766939692628,76,-0.000422956015280894,-0.05261099338531494
1911,Healthy,0.8629357363054304,2.8074371239006326,323.0,512.0,289.0,3928.0,0.6732236049779206,0.1896674753817611,0.043043043043043044,0.3508771929824561,814.0,2839.0,3824.0,4168.0,1850.0,744.0,0.8574508428573608,0.3688073456287384,0.0970290959381842,74,-0.0007451306610458808,-0.07740455865859985
1912,Healthy,0.8182291666666667,2.6427790394482296,348.5,548.0,349.0,3491.0,0.6374045801526718,0.1792534722222222,0.04674457429048414,0.2839001864843264,902.5,2836.5,3711.5,4075.5,2016.0,878.5,0.7837837934494019,0.3209913372993469,0.10583358430454454,69,-0.000633275695741214,-0.05701369047164917
1913,Healthy,0.8155491200712853,2.684017595307918,420.0,602.0,414.0,4075.0,0.6168122270742358,0.17183172886720297,0.035422978326730366,0.2911029762852141,1053.0,3140.0,4139.0,4443.0,2227.0,1083.0,0.7998267412185669,0.4381084740161896,0.10230407732922231,77,-0.00036242286680639407,-0.043309152126312256
1914,Unhealthy,0.8591549295774648,2.735210824417873,306.0,481.0,285.0,3762.0,0.6696375519904931,0.1819137749737119,0.044674391226222195,0.33770663867751244,834.0,2917.5,3854.5,4215.0,1893.0,764.5,0.8349562287330627,0.41964152455329895,0.09047510319073385,70,-0.0005497648035545856,-0.05831819772720337
1915,Healthy,0.8708004243781681,2.6861818181818182,290.0,477.5,274.0,3967.5,0.6695549428909019,0.18283920474363446,0.047895680118657684,0.33431516936671574,839.0,2928.5,3851.5,4239.0,1921.0,785.5,0.8436065316200256,0.5882844924926758,0.08433100225871665,68,-0.0004812274580853537,-0.06933331489562988
1916,Healthy,0.8178792201616738,2.7679433537174125,402.0,667.0,383.0,3823.0,0.5831913685406019,0.15700650159081478,0.04943538268506901,0.31016416346489695,1101.0,3047.0,3788.0,4182.0,1975.0,877.0,0.8093678951263428,0.4357176125049591,0.07967450016226695,74,-0.00035221504987708403,-0.0612751841545105
1917,Healthy,0.8749403341288783,2.8520304963435508,305.0,446.0,262.0,3928.0,0.6900573235817355,0.1848669623059867,0.03964007782101167,0.36866037075900665,784.0,2941.0,3949.0,4275.0,1805.0,755.0,0.8664255142211914,0.4752074182033539,0.09194807170495758,71,-0.0007514760522745849,-0.0869607925415039
1918,Healthy,0.8713995458348273,2.654554722201995,279.5,473.0,269.0,3914.5,0.6695549428909019,0.18283920474363446,0.047895680118657684,0.33431516936671574,839.0,2928.5,3851.5,4239.0,1921.0,785.5,0.8487711548805237,0.5982426404953003,0.082243756862125,68,-0.0005396264492672707,-0.07054674625396729
1919,Healthy,0.8180090282727489,2.646425826287471,383.0,675.0,383.0,3826.0,0.6103724658180104,0.16780634573304157,0.05387226164763962,0.33617820261159,1033.0,3042.5,3833.0,4269.5,1944.5,855.0,0.811302661895752,0.5647352337837219,0.06531847679988229,73,-0.000491710093058531,-0.042565762996673584
1920,Healthy,0.8523791682278007,2.7249860257126888,313.5,514.0,295.5,3708.0,0.6468503937007875,0.17980538711042166,0.04935716525556601,0.312955643390426,897.0,2908.0,3789.5,4183.0,1955.5,829.0,0.8289462924003601,0.5300764441490173,0.08667691787306919,71,-0.0005570904537566771,-0.07449060678482056
1921,Healthy,0.8556529983408391,2.973640856672158,361.0,524.5,304.5,3914.5,0.6334841628959276,0.18231441048034935,0.04272475628836202,0.3397623557775099,972.0,2996.0,3977.0,4332.0,1917.0,834.0,0.852868378162384,0.3902599513530731,0.09355207011282206,79,-0.000409003131035767,-0.07072162628173828
1922,Healthy,0.8435468895078923,2.835518102372035,372.0,527.0,337.0,3971.0,0.7014594494734897,0.18869385647909137,0.042444821731748725,0.376657824933687,808.0,3143.0,4230.0,4605.0,1880.0,761.0,0.8449786305427551,0.4091531038284302,0.09923316912942996,73,-0.0005201353027918876,-0.0772472620010376
1923,Healthy,0.8438652256834075,2.60499254258576,304.5,463.5,307.0,3625.5,0.6374045801526718,0.1792534722222222,0.04674457429048414,0.2839001864843264,902.5,2836.5,3711.5,4075.5,2016.0,878.5,0.8270952701568604,0.3129883408546448,0.10035198423532313,69,-0.0006664752391259195,-0.06898146867752075
1924,Healthy,0.868203457780005,2.8129566488066247,297.0,460.0,263.0,3728.0,0.6830985915492958,0.18804147138190597,0.043668122270742356,0.346340586225499,787.5,2858.5,3832.5,4182.5,1817.5,723.5,0.8445160984992981,0.4727654755115509,0.0952208545139341,71,-0.0006175703949280459,-0.08930790424346924
1925,Healthy,0.8180952380952381,2.5519904931669637,366.0,579.0,382.0,3818.0,0.6468503937007875,0.17980538711042166,0.04935716525556601,0.312955643390426,897.0,2908.0,3789.5,4183.0,1955.5,829.0,0.8058459758758545,0.5574060678482056,0.07658422078880184,69,-0.0003796133527822432,-0.05493521690368652
1926,Healthy,0.8529411764705882,2.666480913903594,340.0,575.0,330.0,4158.0,0.6715750232991612,0.18015528358994604,0.04412620794038887,0.3507991431866864,881.0,3115.0,4105.0,4484.0,1970.0,844.0,0.8462090492248535,0.45507845282554626,0.0918325618628673,71,-0.000653463174019931,-0.059376537799835205
1927,Healthy,0.8684944237918215,2.8404255319148937,324.0,501.0,283.0,4021.0,0.6715750232991612,0.18015528358994604,0.04412620794038887,0.3507991431866864,881.0,3115.0,4105.0,4484.0,1970.0,844.0,0.8562101721763611,0.5256814360618591,0.08453710359892573,71,-0.0006270686649848415,-0.07758224010467529
1928,Healthy,0.8689704823614111,2.8351080488568745,312.0,465.0,273.0,3894.0,0.7003497862417412,0.18902024731621145,0.04740244194397893,0.370617110799439,771.0,2984.0,3979.0,4375.0,1795.0,752.0,0.8645951747894287,0.552482008934021,0.08094882681575166,70,-0.0005742299917412839,-0.06989246606826782
1929,Healthy,0.8783863717023542,2.722772277227723,280.5,445.5,257.0,3969.5,0.6854021065065459,0.1979290561813475,0.0486281234688878,0.3459831142832274,799.0,2866.0,3883.5,4280.5,1878.5,755.0,0.8529163002967834,0.5282212495803833,0.09409256145389965,70,-0.0004626296326789009,-0.08486676216125488
1930,Healthy,0.8651631477927063,2.781119851920407,311.0,465.0,281.0,3887.0,0.7003497862417412,0.18902024731621145,0.04740244194397893,0.370617110799439,771.0,2984.0,3979.0,4375.0,1795.0,752.0,0.8603479862213135,0.499091237783432,0.0834332283071699,70,-0.0005571996215173182,-0.058686256408691406
1931,Healthy,0.8145597638957206,2.7627627627627627,394.0,646.0,377.0,3689.0,0.5831913685406019,0.15700650159081478,0.04943538268506901,0.31016416346489695,1101.0,3047.0,3788.0,4182.0,1975.0,877.0,0.8014140725135803,0.517808198928833,0.0725647686582338,74,-0.00042431960020540284,-0.06609255075454712
1932,Healthy,0.8753222404499649,2.7642095914742453,296.0,453.0,266.0,4001.0,0.7122302158273381,0.19744356812618982,0.03685387966560697,0.3969901401141671,740.0,2951.0,4090.0,4403.0,1743.0,720.0,0.8720985054969788,0.5603892207145691,0.07969571086500175,71,-0.0006631987047356279,-0.08188009262084961
1933,Healthy,0.8688681502751855,2.834504293520687,313.0,448.0,274.0,3905.0,0.7140552530752168,0.20550276556516806,0.040137053352912386,0.39485897893609423,709.0,2801.0,3922.0,4250.0,1695.0,701.0,0.8663833737373352,0.49254903197288513,0.08363825143226264,71,-0.0006661792271096767,-0.07175076007843018
1934,Healthy,0.8589914137138711,2.6264605827540306,295.0,494.0,291.5,3843.0,0.6696375519904931,0.1819137749737119,0.044674391226222195,0.33770663867751244,834.0,2917.5,3854.5,4215.0,1893.0,764.5,0.8269462585449219,0.5731674432754517,0.07985326626286932,68,-0.0005335164831240713,-0.058312416076660156
1935,Healthy,0.8444032158317872,2.625971228556043,315.5,503.0,314.5,3728.0,0.6854021065065459,0.1979290561813475,0.0486281234688878,0.3459831142832274,799.0,2866.0,3883.5,4280.5,1878.5,755.0,0.8264420628547668,0.3356516361236572,0.09941645147310865,69,-0.0006126098876433504,-0.06530243158340454
1936,Healthy,0.8708004243781681,2.6861818181818182,290.0,477.5,274.0,3967.5,0.6695549428909019,0.18283920474363446,0.047895680118657684,0.33431516936671574,839.0,2928.5,3851.5,4239.0,1921.0,785.5,0.8436065316200256,0.5882844924926758,0.08433100225871665,68,-0.0004812274580853537,-0.06933331489562988
1937,Healthy,0.8568724863969719,2.9562520404831862,357.0,517.5,302.5,3924.5,0.6732088414634146,0.1824670078103959,0.047227191413237925,0.35895000431741647,857.5,3035.5,3994.5,4390.5,1856.0,783.0,0.8563627004623413,0.4255865216255188,0.0913162042205316,79,-0.0004144752509126397,-0.07730627059936523
1938,Healthy,0.8784007570380885,2.898064314704964,308.0,437.0,257.0,3970.0,0.7003497862417412,0.18902024731621145,0.04740244194397893,0.370617110799439,771.0,2984.0,3979.0,4375.0,1795.0,752.0,0.8775547742843628,0.5515336394309998,0.08048065679943771,71,-0.0006613964845459793,-0.08424878120422363
1939,Healthy,0.8487357350637726,2.7645772594752187,364.0,533.0,338.0,4131.0,0.7014594494734897,0.18869385647909137,0.042444821731748725,0.376657824933687,808.0,3143.0,4230.0,4605.0,1880.0,761.0,0.8491501808166504,0.39527979493141174,0.09897675421865025,71,-0.0003707189176914428,-0.05358535051345825
1940,Healthy,0.8152470821951825,2.6817513478189836,377.0,655.0,372.0,3655.0,0.5736813485589994,0.1606951871657754,0.043258832011535686,0.2686737184703011,1176.0,3139.0,3981.0,4341.0,2247.0,1026.0,0.7995491027832031,0.5265562534332275,0.07790632118044033,74,-0.00040619082446365713,-0.07592010498046875
1941,Unhealthy,0.8768862275449102,2.8371047737135773,298.0,434.0,257.0,3918.0,0.7003497862417412,0.18902024731621145,0.04740244194397893,0.370617110799439,771.0,2984.0,3979.0,4375.0,1795.0,752.0,0.8736479878425598,0.5164707899093628,0.08626118962757356,71,-0.0007176803794452854,-0.09345144033432007
1942,Healthy,0.8483909415971395,2.8692357304095455,358.0,500.0,318.0,3877.0,0.6843737882900349,0.18575133069469088,0.046242774566473986,0.3585964912280702,814.0,2983.0,3960.0,4344.0,1828.0,755.0,0.8505153059959412,0.42271944880485535,0.09340630771796515,75,-0.0005878656341579538,-0.0775042176246643
1943,Healthy,0.7277701778385773,2.1325494388027795,484.0,699.0,597.0,3789.0,0.6165214096248579,0.16764746133844258,0.03694701020904229,0.2796820665673125,1012.0,3041.0,3962.0,4266.0,2175.0,1032.0,0.7252320647239685,0.39901477098464966,0.08984512437909717,79,-0.0005328317853214245,-0.05630141496658325
1944,Healthy,0.8827830188679245,2.7903682719546743,284.0,444.0,248.5,3991.5,0.6695549428909019,0.18283920474363446,0.047895680118657684,0.33431516936671574,839.0,2928.5,3851.5,4239.0,1921.0,785.5,0.8606142401695251,0.6037502884864807,0.08270279683287796,68,-0.0005823397207022225,-0.07298535108566284
1945,Healthy,0.8708778448676265,2.843494085532302,320.0,470.0,278.0,4028.0,0.6715750232991612,0.18015528358994604,0.04412620794038887,0.3507991431866864,881.0,3115.0,4105.0,4484.0,1970.0,844.0,0.860567569732666,0.5590251088142395,0.07428108539499131,71,-0.0005731164260766649,-0.08376598358154297
1946,Healthy,0.868203457780005,2.8129566488066247,297.0,460.0,263.0,3728.0,0.6830985915492958,0.18804147138190597,0.043668122270742356,0.346340586225499,787.5,2858.5,3832.5,4182.5,1817.5,723.5,0.8445160984992981,0.4727654755115509,0.0952208545139341,71,-0.0006175703949280459,-0.08930790424346924
1947,Healthy,0.867611725132148,2.664551357733176,287.0,452.0,275.5,3886.5,0.6695549428909019,0.18283920474363446,0.047895680118657684,0.33431516936671574,839.0,2928.5,3851.5,4239.0,1921.0,785.5,0.8512385487556458,0.5753949284553528,0.08408901374967322,68,-0.000614752694438207,-0.07488113641738892
1948,Healthy,0.8141299193930773,2.6628411910669976,394.0,667.0,392.0,3826.0,0.6022598870056497,0.15284552845528454,0.04303052592865024,0.28931904597303837,1056.0,3126.0,3903.0,4254.0,2056.0,929.0,0.8170535564422607,0.5666256546974182,0.0774428159330623,75,-0.00034088293209220223,-0.04909312725067139
1949,Healthy,0.8082529715182777,2.698614751029577,434.5,629.5,427.5,4031.5,0.6402483564645727,0.1797465029224404,0.04024552666628062,0.340265742345465,985.0,3122.5,4143.5,4491.0,1998.5,887.0,0.814704418182373,0.369628369808197,0.0863364663871876,80,-0.0004107538683421671,-0.06218826770782471
1950,Healthy,0.8358555175080083,2.7367088607594936,390.5,580.5,371.5,4155.0,0.668429003021148,0.17188328912466844,0.042595870206489674,0.3450058362514591,878.0,3122.0,4057.0,4418.0,1964.0,872.0,0.8319798111915588,0.447731077671051,0.08307356462481433,80,-0.0004210535531459219,-0.07293701171875
1951,Unhealthy,0.8290346352247605,2.792025148908008,372.0,615.0,348.0,3723.0,0.5831913685406019,0.15700650159081478,0.04943538268506901,0.31016416346489695,1101.0,3047.0,3788.0,4182.0,1975.0,877.0,0.8182092308998108,0.47093433141708374,0.07276382036402236,73,-0.0004177679518313894,-0.06154972314834595
1952,Healthy,0.8295901829127112,2.68188622754491,376.0,531.0,368.0,3951.0,0.6168122270742358,0.17183172886720297,0.035422978326730366,0.2911029762852141,1053.0,3140.0,4139.0,4443.0,2227.0,1083.0,0.8136385083198547,0.41316595673561096,0.11100742999371253,79,-0.00043043868192526365,-0.050269901752471924
1953,Healthy,0.8435468895078923,2.835518102372035,372.0,527.0,337.0,3971.0,0.7014594494734897,0.18869385647909137,0.042444821731748725,0.376657824933687,808.0,3143.0,4230.0,4605.0,1880.0,761.0,0.8449786305427551,0.4091531038284302,0.09923316912942996,73,-0.0005201353027918876,-0.0772472620010376
1954,Healthy,0.846342551293488,2.8804554079696394,388.5,565.5,344.5,4139.5,0.6836010459469556,0.17584137751108792,0.04087759815242494,0.3519867549668874,847.0,3159.0,4153.0,4507.0,1957.0,836.0,0.8460488319396973,0.37154924869537354,0.0902700731719551,80,-0.0004200830755971196,-0.06890362501144409
1955,Healthy,0.8698277790203534,2.859979408736579,337.0,489.0,291.0,4180.0,0.7096587622903412,0.18921818425640338,0.04035664007508212,0.3790515182531559,753.0,3023.0,4090.0,4434.0,1820.0,745.0,0.8660976886749268,0.5499574542045593,0.07843727819284925,72,-0.0004459187433095903,-0.08345472812652588
1956,Healthy,0.838436792565233,2.901855670103093,381.5,572.5,339.0,3857.5,0.6100252501636585,0.1778066634740371,0.042509385975535906,0.26476838079048026,1042.5,3004.5,3953.0,4304.0,2162.5,1011.0,0.8310437798500061,0.5558578372001648,0.06621699294124458,75,-0.00043849579554552264,-0.0721626877784729
1957,Healthy,0.8574453069865914,2.9071622268304353,351.0,525.5,303.0,3948.0,0.6404239212717638,0.17627900664947754,0.03970253088640998,0.33503401360544216,950.0,3035.0,4003.0,4334.0,1955.0,831.0,0.845896303653717,0.38967764377593994,0.08817572167774641,77,-0.00035772533001162174,-0.049627482891082764
1958,Healthy,0.8614905343877306,2.8861592806679512,334.0,506.0,289.0,3884.0,0.68054211035818,0.18369016773489705,0.04502769082590898,0.357830271216098,825.0,2993.0,3966.0,4340.0,1835.0,768.0,0.8589555621147156,0.4549495577812195,0.08200689312093494,73,-0.0006114674371943043,-0.09039872884750366
1959,Healthy,0.8361691784151677,2.84297520661157,370.0,598.0,337.0,3777.0,0.6124574024990533,0.16217506993245548,0.04202605982749128,0.3040107853050219,1023.5,3070.0,3915.0,4258.5,2065.0,908.0,0.8182343244552612,0.456620991230011,0.07887190978030112,76,-0.0003986792453033468,-0.06989151239395142
1960,Healthy,0.8406118924253639,2.6667188478396993,330.0,525.0,323.0,3730.0,0.6493961823139852,0.17139300041499517,0.04401430156577488,0.3157622739018088,900.0,2995.0,3877.0,4234.0,1986.0,831.0,0.8167892694473267,0.49464258551597595,0.08392542453643442,72,-0.0005332662500239205,-0.04969114065170288
1961,Healthy,0.7911547911547911,2.5669642857142856,408.0,692.0,425.0,3645.0,0.5736813485589994,0.1606951871657754,0.043258832011535686,0.2686737184703011,1176.0,3139.0,3981.0,4341.0,2247.0,1026.0,0.7893055081367493,0.4673862159252167,0.08207650646867048,75,-0.0004237167195328712,-0.08590090274810791
1962,Healthy,0.8602852308436065,2.7627697562490297,315.0,500.0,289.0,3848.0,0.68054211035818,0.18369016773489705,0.04502769082590898,0.357830271216098,825.0,2993.0,3966.0,4340.0,1835.0,768.0,0.8626155257225037,0.47807785868644714,0.0771093665384531,73,-0.0005928009283521429,-0.08343589305877686
1963,Healthy,0.8804113848361635,2.8060679981704526,287.0,414.0,250.0,3931.0,0.7140552530752168,0.20550276556516806,0.040137053352912386,0.39485897893609423,709.0,2801.0,3922.0,4250.0,1695.0,701.0,0.8784253597259521,0.4709579050540924,0.09085519535461889,71,-0.0007544669244553769,-0.08773350715637207
1964,Healthy,0.8652701737681504,2.9629931529181612,340.0,479.0,283.0,3918.0,0.7063310450038138,0.1902101622772014,0.040586114664495875,0.3776342624065262,770.0,3044.0,4125.0,4474.0,1831.0,740.0,0.8480740189552307,0.472975492477417,0.09348672674932566,76,-0.0006237074184770367,-0.06744056940078735
1965,Healthy,0.853825470545099,2.7993268151947426,329.0,494.0,299.0,3792.0,0.6848461238800155,0.18818681318681318,0.037667946257197694,0.3434273916035788,809.0,2955.0,4011.0,4325.0,1908.0,815.0,0.8486313819885254,0.5760992169380188,0.06433932189278917,73,-0.0005898773420271678,-0.08116018772125244
1966,Healthy,0.8244941937028613,2.7340214370782054,381.5,619.0,366.5,3810.0,0.6559755631920581,0.17406605305901462,0.03768393348486661,0.34667114996637527,901.0,3051.0,4022.0,4337.0,1943.0,825.0,0.8214665651321411,0.4281328022480011,0.08249558059987508,81,-0.0002721538042110494,-0.041987717151641846
1967,Healthy,0.869061150261423,3.0149842271293377,356.0,498.0,288.0,4111.0,0.7096587622903412,0.18921818425640338,0.04035664007508212,0.3790515182531559,753.0,3023.0,4090.0,4434.0,1820.0,745.0,0.8680645227432251,0.5500780940055847,0.07096919198214639,71,-0.0003060921720237135,-0.0626835823059082
1968,Healthy,0.8858916209119122,2.95933014354067,300.0,416.0,239.0,3950.0,0.7246753246753247,0.20744160022380753,0.04288993596713785,0.3980205019441499,689.0,2833.0,3961.0,4316.0,1703.0,700.0,0.8822271227836609,0.5140791535377502,0.08537613030586404,71,-0.0006871554183450159,-0.07700115442276001
1969,Healthy,0.8302618816682832,2.7479935794542536,368.0,551.0,350.0,3774.0,0.6100252501636585,0.1778066634740371,0.042509385975535906,0.26476838079048026,1042.5,3004.5,3953.0,4304.0,2162.5,1011.0,0.8254781365394592,0.3971852958202362,0.08664481678601463,79,-0.0003258887383144243,-0.05565685033798218
1970,Healthy,0.8535524407926535,2.851606652672372,341.0,525.0,303.0,3835.0,0.6903082064611957,0.18711696440213849,0.039862935465448314,0.3782211138819618,834.0,3117.0,4203.0,4552.0,1870.0,759.0,0.849822998046875,0.3567229211330414,0.0910428747735158,72,-0.0007355265489249047,-0.08531999588012695
1971,Unhealthy,0.8180090282727489,2.646425826287471,383.0,675.0,383.0,3826.0,0.6103724658180104,0.16780634573304157,0.05387226164763962,0.33617820261159,1033.0,3042.5,3833.0,4269.5,1944.5,855.0,0.811302661895752,0.5647352337837219,0.06531847679988229,73,-0.000491710093058531,-0.042565762996673584
1972,Healthy,0.8624365482233503,2.761703511053316,296.0,459.0,271.0,3669.0,0.6972994760177348,0.18938003106905804,0.04310131285608125,0.36545154790254625,751.0,2870.0,3863.0,4211.0,1732.0,720.0,0.8579999804496765,0.5371251106262207,0.07860370656117435,69,-0.0006056494950133748,-0.06824249029159546
1973,Healthy,0.8681935031549427,2.9367588932806323,337.0,456.0,282.0,3997.0,0.7096587622903412,0.18921818425640338,0.04035664007508212,0.3790515182531559,753.0,3023.0,4090.0,4434.0,1820.0,745.0,0.8665277361869812,0.5591682195663452,0.06547493669015968,71,-0.00040169612426040047,-0.08326011896133423
1974,Healthy,0.8591549295774648,2.735210824417873,306.0,481.0,285.0,3762.0,0.6696375519904931,0.1819137749737119,0.044674391226222195,0.33770663867751244,834.0,2917.5,3854.5,4215.0,1893.0,764.5,0.8349562287330627,0.41964152455329895,0.09047510319073385,70,-0.0005497648035545856,-0.05831819772720337
1975,Unhealthy,0.8622489504141609,2.76226826608506,331.5,505.0,303.5,4103.0,0.6982599037393558,0.19406481843030066,0.04404233526800956,0.38858560794044666,815.0,3096.0,4200.0,4587.0,1848.0,764.0,0.864437997341156,0.412634938955307,0.07786776969712754,72,-0.0007022408783509856,-0.10003334283828735
1976,Healthy,0.8197539885519425,2.635267402709263,368.5,596.0,370.0,3735.5,0.596635442554005,0.16161335187760778,0.0479297365119197,0.2970668485675307,1055.0,3014.0,3794.0,4176.0,2061.0,913.0,0.8156761527061462,0.42556843161582947,0.0777806074906337,74,-0.0004265389419189739,-0.04141944646835327
1977,Healthy,0.8595478595478595,2.8385354618378207,329.5,474.0,292.0,3866.0,0.6810631229235881,0.19273433166943982,0.050048828125,0.34798534798534797,816.0,2911.0,3891.0,4301.0,1869.0,774.0,0.8584631085395813,0.5678670406341553,0.08480107716969454,75,-0.0004409067361153057,-0.07053041458129883
1978,Healthy,0.8682114409847936,2.851141407736208,314.0,477.0,273.0,3870.0,0.6941776122328955,0.19117849758787042,0.04170684667309547,0.35396039603960394,780.0,2934.0,3975.0,4321.0,1827.0,758.0,0.8644611835479736,0.5104993581771851,0.07313065322777505,72,-0.0005995613376619344,-0.08193808794021606
1979,Healthy,0.8678121420389462,2.943507654052374,345.5,470.0,288.5,4076.5,0.7103461392164321,0.19144144144144143,0.04019432074489619,0.38191632928475033,761.5,3051.5,4149.0,4496.5,1832.0,741.5,0.8683229684829712,0.6814275979995728,0.0495581603811311,69,-0.0002330373360345196,-0.05660390853881836
1980,Healthy,0.8607386497294754,2.770290732889158,324.0,488.0,296.0,3955.0,0.6861670905889259,0.19611380985426788,0.045873786407766994,0.33874870376771515,802.0,2896.0,3931.0,4309.0,1913.0,813.0,0.8582372069358826,0.35660451650619507,0.08227483296220942,74,-0.0006925621997705469,-0.08656805753707886
1981,Healthy,0.872848948374761,2.761436672967864,294.5,456.5,266.0,3918.0,0.6854021065065459,0.1979290561813475,0.0486281234688878,0.3459831142832274,799.0,2866.0,3883.5,4280.5,1878.5,755.0,0.8509907126426697,0.5211981534957886,0.08990405935282683,69,-0.0004970383637403712,-0.08131396770477295
1982,Healthy,0.8594093238955334,2.8051306564690885,320.0,488.0,288.0,3809.0,0.6941776122328955,0.19117849758787042,0.04170684667309547,0.35396039603960394,780.0,2934.0,3975.0,4321.0,1827.0,758.0,0.8604105114936829,0.5118054151535034,0.07249826194165129,72,-0.0005901895135852962,-0.07833951711654663
1983,Healthy,0.8197539885519425,2.635267402709263,368.5,596.0,370.0,3735.5,0.596635442554005,0.16161335187760778,0.0479297365119197,0.2970668485675307,1055.0,3014.0,3794.0,4176.0,2061.0,913.0,0.8156761527061462,0.42556843161582947,0.0777806074906337,74,-0.0004265389419189739,-0.04141944646835327
1984,Healthy,0.8523791682278007,2.7249860257126888,313.5,514.0,295.5,3708.0,0.6468503937007875,0.17980538711042166,0.04935716525556601,0.312955643390426,897.0,2908.0,3789.5,4183.0,1955.5,829.0,0.8289462924003601,0.5300764441490173,0.08667691787306919,71,-0.0005570904537566771,-0.07449060678482056
1985,Healthy,0.8686510748877865,2.9401887094194787,333.0,483.0,278.0,3955.0,0.7020376778162245,0.2008680320086803,0.04324260633910687,0.3837670170601413,775.0,2946.0,4060.0,4427.0,1788.0,730.0,0.8651707768440247,0.37102606892585754,0.09710676340706599,73,-0.0008371772009430673,-0.1107359528541565
1986,Healthy,0.8384248210023867,2.4784817271059687,312.0,521.0,338.5,3851.5,0.6854021065065459,0.1979290561813475,0.0486281234688878,0.3459831142832274,799.0,2866.0,3883.5,4280.5,1878.5,755.0,0.7874705791473389,0.36356478929519653,0.09892420940607324,70,-0.0006175401059548966,-0.06802237033843994
1987,Healthy,0.8507932663194865,2.667451397326853,317.0,510.5,308.0,3820.5,0.6493961823139852,0.17139300041499517,0.04401430156577488,0.3157622739018088,900.0,2995.0,3877.0,4234.0,1986.0,831.0,0.8154579401016235,0.4642726182937622,0.08528092142633624,72,-0.0005601065165200157,-0.06696289777755737
1988,Healthy,0.8611703387822791,2.8559082338152106,334.0,502.0,293.0,3928.0,0.68054211035818,0.18369016773489705,0.04502769082590898,0.357830271216098,825.0,2993.0,3966.0,4340.0,1835.0,768.0,0.8483428359031677,0.5182193517684937,0.0738571503772322,73,-0.0005785013136638668,-0.07170844078063965
1989,Healthy,0.8664918345452378,2.7068593133238994,298.5,478.5,280.0,3914.5,0.6626506024096386,0.17409647025734776,0.04375546943367921,0.31239523599470664,847.0,2936.5,3824.5,4174.5,1948.5,824.0,0.8487247228622437,0.6089816093444824,0.07962838339819879,67,-0.0005867897648627317,-0.10555428266525269
1990,Healthy,0.8570052961001444,2.6847662141779787,310.0,496.0,297.0,3857.0,0.6626506024096386,0.17409647025734776,0.04375546943367921,0.31239523599470664,847.0,2936.5,3824.5,4174.5,1948.5,824.0,0.8470962047576904,0.5683981776237488,0.08743712721566027,69,-0.000616254184528179,-0.10334259271621704
1991,Healthy,0.8417373939091363,2.5685557586837295,308.0,498.0,317.0,3689.0,0.677393801366472,0.18213538032100487,0.03990178023327195,0.339717122024071,814.5,2930.0,3910.0,4235.0,1879.0,766.0,0.8276256918907166,0.4788607954978943,0.0956881534183695,69,-0.0005982149183959796,-0.07417124509811401
1992,Healthy,0.8686510748877865,2.9401887094194787,333.0,483.0,278.0,3955.0,0.7020376778162245,0.2008680320086803,0.04324260633910687,0.3837670170601413,775.0,2946.0,4060.0,4427.0,1788.0,730.0,0.8651707768440247,0.37102606892585754,0.09710676340706599,73,-0.0008371772009430673,-0.1107359528541565
1993,Healthy,0.8639687957094101,2.785725514856155,309.0,472.0,279.0,3823.0,0.6941776122328955,0.19117849758787042,0.04170684667309547,0.35396039603960394,780.0,2934.0,3975.0,4321.0,1827.0,758.0,0.8545304536819458,0.5926648378372192,0.06289222134234977,72,-0.00048153240533881954,-0.06368643045425415
1994,Healthy,0.860768672951414,2.768620743274763,315.0,501.5,288.0,3849.0,0.6634532786102892,0.18236092265943013,0.04321800550700347,0.33080634045485874,881.5,3013.0,3996.0,4357.0,1942.0,849.5,0.8534820675849915,0.4559532105922699,0.08008455617684064,72,-0.0005712567903869689,-0.07107901573181152
1995,Healthy,0.8582052553296976,2.7696,312.0,495.0,286.0,3748.0,0.6848461238800155,0.18818681318681318,0.037667946257197694,0.3434273916035788,809.0,2955.0,4011.0,4325.0,1908.0,815.0,0.8535757660865784,0.5182755589485168,0.07200078162901402,73,-0.0006187717915666525,-0.07362258434295654
1996,Healthy,0.8695979899497488,2.7546959567016875,285.0,416.5,259.5,3720.5,0.6374045801526718,0.1792534722222222,0.04674457429048414,0.2839001864843264,902.5,2836.5,3711.5,4075.5,2016.0,878.5,0.8464298844337463,0.32472988963127136,0.10190250361054753,68,-0.0007095879985372294,-0.08989459276199341
1997,Healthy,0.8815820266791481,2.9438887152235074,312.0,443.0,253.0,4020.0,0.7246753246753247,0.20744160022380753,0.04288993596713785,0.3980205019441499,689.0,2833.0,3961.0,4316.0,1703.0,700.0,0.8781319856643677,0.5423794984817505,0.07747507495096485,71,-0.0006181961412000372,-0.07257425785064697
1998,Unhealthy,0.8049907578558225,2.5053933553861643,395.0,641.0,422.0,3906.0,0.6073422272684266,0.16435915010281013,0.0467681311232978,0.310735404347464,1037.5,3048.0,3867.5,4247.0,2069.0,914.0,0.8057194948196411,0.483946293592453,0.07266524472491116,75,-0.0004973969279020392,-0.05810987949371338
1999,Healthy,0.8586840545346769,2.8904940537951953,343.5,510.0,298.0,3919.5,0.6732088414634146,0.1824670078103959,0.047227191413237925,0.35895000431741647,857.5,3035.5,3994.5,4390.5,1856.0,783.0,0.8565012216567993,0.4111931025981903,0.09061995523241868,77,-0.00036953824016803757,-0.061357200145721436
2000,Healthy,0.8648269410664172,2.7642397966811183,317.0,470.0,289.0,3987.0,0.6906833512562323,0.18973582828838745,0.04143080814163555,0.366438058859276,791.0,2944.5,3979.5,4323.5,1824.5,733.5,0.8546508550643921,0.5071315169334412,0.1055615736922278,76,-0.00031480712031460925,-0.06331205368041992
2001,Healthy,0.8215436001431469,2.8110204081632655,400.0,573.0,374.0,3817.5,0.6402483564645727,0.1797465029224404,0.04024552666628062,0.340265742345465,985.0,3122.5,4143.5,4491.0,1998.5,887.0,0.8290969133377075,0.3880265951156616,0.0933325771278359,81,-0.0003904698589107921,-0.061038434505462646
2002,Healthy,0.8724862888482633,2.8624981256560202,325.0,475.0,279.0,4097.0,0.7129112949778719,0.1976321808152832,0.04104783066308034,0.3915756630265211,746.0,2982.0,4100.0,4451.0,1755.0,706.0,0.8710467219352722,0.37487977743148804,0.0961734694387508,74,-0.0007951745166347971,-0.09895062446594238
2003,Healthy,0.8783863717023542,2.722772277227723,280.5,445.5,257.0,3969.5,0.6854021065065459,0.1979290561813475,0.0486281234688878,0.3459831142832274,799.0,2866.0,3883.5,4280.5,1878.5,755.0,0.8529163002967834,0.5282212495803833,0.09409256145389965,70,-0.0004626296326789009,-0.08486676216125488
2004,Healthy,0.8373271889400922,2.799907542954003,381.5,593.0,353.0,3987.0,0.6338527573014836,0.18214960842560085,0.041456016177957536,0.3078080588530346,981.0,3028.5,4029.0,4377.5,2070.0,916.0,0.8229819536209106,0.5865200161933899,0.06502474716586536,75,-0.00045823226669954926,-0.07290416955947876
2005,Healthy,0.8582052553296976,2.7696,312.0,495.0,286.0,3748.0,0.6848461238800155,0.18818681318681318,0.037667946257197694,0.3434273916035788,809.0,2955.0,4011.0,4325.0,1908.0,815.0,0.8535757660865784,0.5182755589485168,0.07200078162901402,73,-0.0006187717915666525,-0.07362258434295654
2006,Healthy,0.8265734265734266,2.7352668929342796,388.0,621.0,372.0,3918.0,0.5933137398971344,0.15330408190400213,0.04796423825057388,0.27849550286181524,1107.0,3184.0,3940.0,4337.0,2206.0,984.0,0.8076655864715576,0.46659180521965027,0.0844019225987945,77,-0.00028591435102620757,-0.024141013622283936
2007,Unhealthy,0.8133590547383651,2.9582529380810385,431.0,633.0,387.0,3760.0,0.6404239212717638,0.17627900664947754,0.03970253088640998,0.33503401360544216,950.0,3035.0,4003.0,4334.0,1955.0,831.0,0.7799692153930664,0.45084744691848755,0.07194561673770906,80,-0.0003639502440170239,-0.03562808036804199
2008,Healthy,0.8566392479435958,2.7752398355413432,333.0,518.0,305.0,3950.0,0.6804183614177803,0.18379042161277118,0.04041251948674901,0.36427711878975416,825.0,2991.0,4001.0,4338.0,1849.0,775.0,0.8575504422187805,0.36615264415740967,0.0995638462594915,74,-0.0007666991266360611,-0.08872318267822266
2009,Healthy,0.8713995458348273,2.654554722201995,279.5,473.0,269.0,3914.5,0.6695549428909019,0.18283920474363446,0.047895680118657684,0.33431516936671574,839.0,2928.5,3851.5,4239.0,1921.0,785.5,0.8487711548805237,0.5982426404953003,0.082243756862125,68,-0.0005396264492672707,-0.07054674625396729
2010,Healthy,0.8613954582892105,2.785344696393243,325.0,466.5,294.5,3955.0,0.6906833512562323,0.18973582828838745,0.04143080814163555,0.366438058859276,791.0,2944.5,3979.5,4323.5,1824.5,733.5,0.8546518683433533,0.5267543792724609,0.10382959677885209,76,-0.0003956087578547638,-0.06317222118377686
2011,Healthy,0.8720606263234146,2.9035250463821893,340.5,496.0,287.0,4199.5,0.7060761346998536,0.20051513200257565,0.04565339315759955,0.3929870989083692,803.0,3104.0,4254.0,4661.0,1835.0,762.0,0.8698011040687561,0.39953362941741943,0.08697637434110053,72,-0.0007493247823902118,-0.10000157356262207
2012,Healthy,0.855864342910975,2.808780336991807,339.0,518.0,306.0,3940.0,0.673398730525101,0.18803768947152807,0.042602912097788964,0.36083362039269723,849.0,2973.0,3994.5,4350.0,1855.5,770.0,0.8419374823570251,0.5068937540054321,0.10334829680379108,76,-0.00020027155275821615,-0.03314542770385742
2013,Healthy,0.8650919274321198,2.803867403314917,310.0,482.5,277.0,3829.5,0.6658979243958688,0.19062634370073098,0.045300113250283124,0.3266215253029223,833.0,2823.5,3793.5,4153.5,1889.5,778.5,0.8303564190864563,0.47999319434165955,0.0954867660178285,70,-0.0006003321749628275,-0.09470820426940918
2014,Unhealthy,0.8031257289479823,2.7256174794173527,432.0,679.0,422.0,3865.0,0.5818853974121996,0.15836491608012995,0.0555007400098668,0.26830081707520426,1131.0,3109.0,3829.0,4279.0,2194.0,1001.0,0.8001665472984314,0.514291524887085,0.07429336481091926,77,-0.0005034836073659162,-0.06341028213500977
2015,Healthy,0.8629357363054304,2.8074371239006326,323.0,512.0,289.0,3928.0,0.6732236049779206,0.1896674753817611,0.043043043043043044,0.3508771929824561,814.0,2839.0,3824.0,4168.0,1850.0,744.0,0.8574508428573608,0.3688073456287384,0.0970290959381842,74,-0.0007451306610458808,-0.07740455865859985
2016,Healthy,0.8244941937028613,2.7340214370782054,381.5,619.0,366.5,3810.0,0.6559755631920581,0.17406605305901462,0.03768393348486661,0.34667114996637527,901.0,3051.0,4022.0,4337.0,1943.0,825.0,0.8214665651321411,0.4281328022480011,0.08249558059987508,81,-0.0002721538042110494,-0.041987717151641846
2017,Healthy,0.8498293515358362,2.741485613623018,352.0,533.0,330.0,4065.0,0.6723122238586157,0.19306540583136328,0.04019237375472346,0.3504771146692544,890.0,3072.0,4191.0,4542.0,2008.0,856.0,0.8380590677261353,0.3761467933654785,0.08030403350984079,74,-0.0005869253791542842,-0.057273805141448975
2018,Healthy,0.8595478595478595,2.8385354618378207,329.5,474.0,292.0,3866.0,0.6810631229235881,0.19273433166943982,0.050048828125,0.34798534798534797,816.0,2911.0,3891.0,4301.0,1869.0,774.0,0.8584631085395813,0.5678670406341553,0.08480107716969454,75,-0.0004409067361153057,-0.07053041458129883
2019,Healthy,0.8566114305038891,2.7590588918742283,344.5,514.0,318.0,4117.5,0.7014594494734897,0.18869385647909137,0.042444821731748725,0.376657824933687,808.0,3143.0,4230.0,4605.0,1880.0,761.0,0.8581618070602417,0.4425659775733948,0.09310848363663997,73,-0.0004942857729366253,-0.07667583227157593
2020,Healthy,0.8738484881326541,2.8010143819912456,329.5,515.5,291.0,4322.5,0.7060761346998536,0.20051513200257565,0.04565339315759955,0.3929870989083692,803.0,3104.0,4254.0,4661.0,1835.0,762.0,0.8726133704185486,0.3874833583831787,0.0932537999852706,73,-0.0007932461071415342,-0.09530246257781982
2021,Healthy,0.8674615913781243,2.844788690028576,331.0,470.0,289.0,4072.0,0.7043000568289449,0.18717424292406148,0.04198274364468122,0.37850903231278094,780.5,3080.0,4136.0,4498.5,1832.0,740.0,0.861379861831665,0.4758167564868927,0.09767154993063419,74,-0.0006557582358247879,-0.07311499118804932
2022,Unhealthy,0.7888307155322862,2.462640099626401,389.0,590.0,423.5,3587.5,0.6374045801526718,0.1792534722222222,0.04674457429048414,0.2839001864843264,902.5,2836.5,3711.5,4075.5,2016.0,878.5,0.7599617838859558,0.32998326420783997,0.10042303728793799,70,-0.000698892059613958,-0.050370633602142334
2023,Healthy,0.8652701737681504,2.9629931529181612,340.0,479.0,283.0,3918.0,0.7063310450038138,0.1902101622772014,0.040586114664495875,0.3776342624065262,770.0,3044.0,4125.0,4474.0,1831.0,740.0,0.8480740189552307,0.472975492477417,0.09348672674932566,76,-0.0006237074184770367,-0.06744056940078735
2024,Healthy,0.8708004243781681,2.6861818181818182,290.0,477.5,274.0,3967.5,0.6695549428909019,0.18283920474363446,0.047895680118657684,0.33431516936671574,839.0,2928.5,3851.5,4239.0,1921.0,785.5,0.8436065316200256,0.5882844924926758,0.08433100225871665,68,-0.0004812274580853537,-0.06933331489562988
2025,Healthy,0.8678121420389462,2.943507654052374,345.5,470.0,288.5,4076.5,0.7103461392164321,0.19144144144144143,0.04019432074489619,0.38191632928475033,761.5,3051.5,4149.0,4496.5,1832.0,741.5,0.8683229684829712,0.6814275979995728,0.0495581603811311,69,-0.0002330373360345196,-0.05660390853881836
2026,Healthy,0.8682771194165907,2.8356653766001787,330.0,468.0,289.0,4099.0,0.7063310450038138,0.1902101622772014,0.040586114664495875,0.3776342624065262,770.0,3044.0,4125.0,4474.0,1831.0,740.0,0.8667272925376892,0.5075376629829407,0.09264245473562123,75,-0.000654858392388468,-0.07843995094299316
2027,Healthy,0.8686233403214535,2.82799939329592,321.0,455.0,282.0,4011.0,0.7096587622903412,0.18921818425640338,0.04035664007508212,0.3790515182531559,753.0,3023.0,4090.0,4434.0,1820.0,745.0,0.867686927318573,0.5472269654273987,0.07457553663079848,72,-0.0005338170192589985,-0.08227455615997314
2028,Healthy,0.8568724863969719,2.9562520404831862,357.0,517.5,302.5,3924.5,0.6732088414634146,0.1824670078103959,0.047227191413237925,0.35895000431741647,857.5,3035.5,3994.5,4390.5,1856.0,783.0,0.8563627004623413,0.4255865216255188,0.0913162042205316,79,-0.0004144752509126397,-0.07730627059936523
2029,Unhealthy,0.8262851354773361,2.744322960470984,359.0,593.0,343.0,3606.0,0.6103277060575968,0.16118868600071606,0.040087229812071065,0.296875,981.0,2928.5,3741.5,4054.0,1957.5,871.5,0.8206078410148621,0.5210392475128174,0.07350376061321019,77,-0.0003870707593619084,-0.07206368446350098
2030,Healthy,0.8582052553296976,2.7696,312.0,495.0,286.0,3748.0,0.6848461238800155,0.18818681318681318,0.037667946257197694,0.3434273916035788,809.0,2955.0,4011.0,4325.0,1908.0,815.0,0.8535757660865784,0.5182755589485168,0.07200078162901402,73,-0.0006187717915666525,-0.07362258434295654
2031,Healthy,0.843605359317905,2.771730430606691,345.0,574.0,321.0,3784.0,0.6022598870056497,0.15284552845528454,0.04303052592865024,0.28931904597303837,1056.0,3126.0,3903.0,4254.0,2056.0,929.0,0.831153392791748,0.5630725622177124,0.0743831576132064,75,-0.00040272676219474493,-0.06171685457229614
2032,Healthy,0.8720606263234146,2.9035250463821893,340.5,496.0,287.0,4199.5,0.7060761346998536,0.20051513200257565,0.04565339315759955,0.3929870989083692,803.0,3104.0,4254.0,4661.0,1835.0,762.0,0.8698011040687561,0.39953362941741943,0.08697637434110053,72,-0.0007493247823902118,-0.10000157356262207
2033,Healthy,0.8268124929529823,2.7877889294403895,409.0,618.5,384.0,4050.5,0.633764588799421,0.1845972185778011,0.04327228609393957,0.34982907374247113,1012.0,3107.5,4140.0,4514.5,1997.0,861.5,0.7908949255943298,0.4641364812850952,0.0857542056027621,80,-0.0006485432186088494,-0.08252954483032227
2034,Unhealthy,0.8668235294117647,2.9275270184361095,336.0,494.0,283.0,3967.0,0.7020376778162245,0.2008680320086803,0.04324260633910687,0.3837670170601413,775.0,2946.0,4060.0,4427.0,1788.0,730.0,0.865388035774231,0.37611132860183716,0.10003060355594745,74,-0.0008359736495280922,-0.09971803426742554
2035,Healthy,0.8251594202898551,2.6991049757281553,387.0,608.5,377.0,3935.5,0.6124574024990533,0.16217506993245548,0.04202605982749128,0.3040107853050219,1023.5,3070.0,3915.0,4258.5,2065.0,908.0,0.8031665682792664,0.5936424136161804,0.06629838588556387,76,-0.00039042504257510497,-0.06669139862060547
2036,Healthy,0.8286953379110951,2.7859225660132836,379.0,617.5,355.5,3795.0,0.6157402852926709,0.15637541364500457,0.035691764409131035,0.30379526462395545,976.5,2995.5,3823.0,4106.0,1999.5,885.0,0.8255311846733093,0.40929773449897766,0.09167433008655153,81,-0.0002818570754030922,-0.037497878074645996
2037,Healthy,0.835024154589372,2.6904817495524944,351.5,560.5,341.5,3798.5,0.6381741102237997,0.16734579176619363,0.0385,0.33286081332506423,917.5,2963.0,3846.0,4154.0,1882.5,812.5,0.8353865146636963,0.5230328440666199,0.06463816772080708,73,-0.0005746428458053328,-0.05686861276626587
2038,Healthy,0.8497055359246172,2.6494784780373144,325.0,518.0,319.0,3926.0,0.6854998024496246,0.18524692644300897,0.046806944359241764,0.33745385870031763,796.0,2932.5,3884.5,4266.0,1929.5,780.5,0.8213047981262207,0.5885063409805298,0.07890694570573019,70,-0.0005433738997994041,-0.07219678163528442
2039,Healthy,0.8187903418599092,2.740877080665813,394.0,641.0,379.0,3804.0,0.5831913685406019,0.15700650159081478,0.04943538268506901,0.31016416346489695,1101.0,3047.0,3788.0,4182.0,1975.0,877.0,0.8136592507362366,0.5511621832847595,0.06644866562331288,73,-0.00045260658532420977,-0.0465812087059021
2040,Healthy,0.8547964770292787,2.716749886518384,323.0,531.0,305.0,3896.0,0.6861670905889259,0.19611380985426788,0.045873786407766994,0.33874870376771515,802.0,2896.0,3931.0,4309.0,1913.0,813.0,0.839323878288269,0.3699618875980377,0.08868350110068805,74,-0.000688857509441155,-0.07321023941040039
2041,Healthy,0.8665651953323186,2.7236485409025675,283.0,437.0,263.0,3679.0,0.6972994760177348,0.18938003106905804,0.04310131285608125,0.36545154790254625,751.0,2870.0,3863.0,4211.0,1732.0,720.0,0.8651840090751648,0.5479367971420288,0.07814196856311928,70,-0.0005410455758232345,-0.06955897808074951
2042,Healthy,0.8429672447013488,2.8450658429523656,361.0,543.0,326.0,3826.0,0.633764588799421,0.1845972185778011,0.04327228609393957,0.34982907374247113,1012.0,3107.5,4140.0,4514.5,1997.0,861.5,0.8178026080131531,0.46281564235687256,0.08846402334142194,81,-0.0005938248175649653,-0.07946491241455078
2043,Healthy,0.8638187396742979,3.0093734583127776,352.0,501.5,288.5,3948.5,0.6897159647404505,0.19110742888704776,0.04191327455006643,0.3609300686982561,792.0,2929.0,3966.0,4313.0,1814.0,738.0,0.8645222187042236,0.46082621812820435,0.0920403283084856,77,-0.0006722775121305823,-0.08240759372711182
2044,Healthy,0.8660604571147702,2.7424124513618677,296.0,459.5,272.5,3796.5,0.6939868620515411,0.18635430674499256,0.042542604801592235,0.3467300619000628,757.0,2874.0,3848.5,4190.5,1820.5,725.5,0.8470390439033508,0.4997408986091614,0.09233855493036645,68,-0.0007747393477905274,-0.10029006004333496
2045,Healthy,0.8335385373060823,2.835483330541129,369.0,555.0,338.0,3723.0,0.6512399921890256,0.17656880478641993,0.04718266253869969,0.32903225806451614,893.0,2959.0,3847.0,4228.0,1924.0,828.0,0.8283525705337524,0.46670231223106384,0.0704789626975829,78,-0.00025095500425749,-0.049427568912506104
2046,Healthy,0.8251594202898551,2.6991049757281553,387.0,608.5,377.0,3935.5,0.6124574024990533,0.16217506993245548,0.04202605982749128,0.3040107853050219,1023.5,3070.0,3915.0,4258.5,2065.0,908.0,0.8031665682792664,0.5936424136161804,0.06629838588556387,76,-0.00039042504257510497,-0.06669139862060547
2047,Healthy,0.8647320383805289,2.874144368388301,334.0,490.0,289.0,3984.0,0.6945754716981132,0.19418282548476454,0.04521760213359195,0.36187314345622923,777.0,2909.0,3938.0,4311.0,1826.0,769.0,0.8592718839645386,0.5414080619812012,0.07209336343769934,73,-0.0005892642679638349,-0.07356852293014526
2048,Healthy,0.8575498575498576,2.6403508771929824,293.0,476.0,287.5,3749.0,0.6759932291148063,0.1883648686811635,0.04462235462049277,0.32626557116353033,813.5,2874.0,3848.5,4208.0,1906.5,778.5,0.837620735168457,0.3306519091129303,0.10893649684622672,70,-0.0004835189666513359,-0.07042455673217773
2049,Healthy,0.8302618816682832,2.7479935794542536,368.0,551.0,350.0,3774.0,0.6100252501636585,0.1778066634740371,0.042509385975535906,0.26476838079048026,1042.5,3004.5,3953.0,4304.0,2162.5,1011.0,0.8254781365394592,0.3971852958202362,0.08664481678601463,79,-0.0003258887383144243,-0.05565685033798218
2050,Healthy,0.8639687957094101,2.785725514856155,309.0,472.0,279.0,3823.0,0.6941776122328955,0.19117849758787042,0.04170684667309547,0.35396039603960394,780.0,2934.0,3975.0,4321.0,1827.0,758.0,0.8545304536819458,0.5926648378372192,0.06289222134234977,72,-0.00048153240533881954,-0.06368643045425415
2051,Healthy,0.8738484881326541,2.8010143819912456,329.5,515.5,291.0,4322.5,0.7060761346998536,0.20051513200257565,0.04565339315759955,0.3929870989083692,803.0,3104.0,4254.0,4661.0,1835.0,762.0,0.8726133704185486,0.3874833583831787,0.0932537999852706,73,-0.0007932461071415342,-0.09530246257781982
2052,Healthy,0.8665651953323186,2.7236485409025675,283.0,437.0,263.0,3679.0,0.6972994760177348,0.18938003106905804,0.04310131285608125,0.36545154790254625,751.0,2870.0,3863.0,4211.0,1732.0,720.0,0.8651840090751648,0.5479367971420288,0.07814196856311928,70,-0.0005410455758232345,-0.06955897808074951
2053,Healthy,0.8603174603174604,2.993530061543317,371.0,510.0,308.0,4102.0,0.6321233778446492,0.17667796610169492,0.03903256704980843,0.2992772667542707,978.0,3036.0,4013.0,4339.0,2133.0,1006.0,0.8499528169631958,0.2875536382198334,0.11729062782059146,81,-0.000569240191987338,-0.06922256946563721
2054,Unhealthy,0.8282828282828283,2.729866835764109,372.0,668.0,357.0,3801.0,0.6022598870056497,0.15284552845528454,0.04303052592865024,0.28931904597303837,1056.0,3126.0,3903.0,4254.0,2056.0,929.0,0.8145222663879395,0.5746707916259766,0.07155089113284434,74,-0.000389475537336194,-0.07923537492752075
2055,Healthy,0.8723404255319149,2.6953065280538144,275.0,450.0,258.0,3784.0,0.6972994760177348,0.18938003106905804,0.04310131285608125,0.36545154790254625,751.0,2870.0,3863.0,4211.0,1732.0,720.0,0.8702447414398193,0.5419878363609314,0.0790795441590737,70,-0.0005487709434370045,-0.0814703106880188
2056,Healthy,0.8570052961001444,2.6847662141779787,310.0,496.0,297.0,3857.0,0.6626506024096386,0.17409647025734776,0.04375546943367921,0.31239523599470664,847.0,2936.5,3824.5,4174.5,1948.5,824.0,0.8470962047576904,0.5683981776237488,0.08743712721566027,69,-0.000616254184528179,-0.10334259271621704
2057,Healthy,0.7236460887006909,2.012769650384329,474.0,736.0,620.0,3867.0,0.6219374293252922,0.17793594306049823,0.036992408723942646,0.3151135989463286,1003.0,3003.0,3996.0,4303.0,2080.0,932.0,0.764577329158783,0.3501984179019928,0.0851226174821449,79,-0.00044587097234897674,-0.05906420946121216
2058,Healthy,0.8152958152958153,2.636901057871811,382.0,685.0,384.0,3774.0,0.6103724658180104,0.16780634573304157,0.05387226164763962,0.33617820261159,1033.0,3042.5,3833.0,4269.5,1944.5,855.0,0.8108381032943726,0.5659955143928528,0.07037209451748164,74,-0.0004403439442031593,-0.07858109474182129
2059,Healthy,0.8585015077708188,2.827781173594132,342.0,505.0,305.0,4006.0,0.7063310450038138,0.1902101622772014,0.040586114664495875,0.3776342624065262,770.0,3044.0,4125.0,4474.0,1831.0,740.0,0.8446680903434753,0.4986428916454315,0.09289321713088326,77,-0.0003896518203670777,-0.04975181818008423
2060,Healthy,0.8336501901140685,2.848327379019162,384.0,610.0,350.0,3858.0,0.6157402852926709,0.15637541364500457,0.035691764409131035,0.30379526462395545,976.5,2995.5,3823.0,4106.0,1999.5,885.0,0.8259559869766235,0.4157690703868866,0.08266222653607021,78,-0.00034907033885047046,-0.06431519985198975
2061,Healthy,0.8336938236000961,2.49963971753855,323.0,538.0,346.0,3815.0,0.6493961823139852,0.17139300041499517,0.04401430156577488,0.3157622739018088,900.0,2995.0,3877.0,4234.0,1986.0,831.0,0.809197187423706,0.5848253965377808,0.07717926078562375,70,-0.000489980304962765,-0.046978652477264404
2062,Healthy,0.8429672447013488,2.8450658429523656,361.0,543.0,326.0,3826.0,0.633764588799421,0.1845972185778011,0.04327228609393957,0.34982907374247113,1012.0,3107.5,4140.0,4514.5,1997.0,861.5,0.8178026080131531,0.46281564235687256,0.08846402334142194,81,-0.0005938248175649653,-0.07946491241455078
2063,Healthy,0.8571766375029558,2.9304769603880354,353.0,522.0,302.0,3927.0,0.6711351142829588,0.18030106940944077,0.04059572423732885,0.356307905446359,852.5,3008.5,3994.0,4332.0,1858.5,786.5,0.8510178923606873,0.5298765301704407,0.07610925977438439,78,-0.0002847528966961668,-0.05927121639251709
2064,Healthy,0.8565910188314824,2.8817413905133202,340.0,475.0,297.0,3845.0,0.6897159647404505,0.19110742888704776,0.04191327455006643,0.3609300686982561,792.0,2929.0,3966.0,4313.0,1814.0,738.0,0.8583431243896484,0.4707692265510559,0.09393009745121356,76,-0.0006919478037736719,-0.0862535834312439
2065,Healthy,0.8602403959462644,2.8524538918412006,337.0,512.0,296.5,3946.5,0.6711351142829588,0.18030106940944077,0.04059572423732885,0.356307905446359,852.5,3008.5,3994.0,4332.0,1858.5,786.5,0.8572005033493042,0.4567699730396271,0.0791781016726693,76,-0.0003154923317258078,-0.05512899160385132
2066,Healthy,0.8529553099471407,2.8203702232462065,339.5,509.0,306.0,3856.0,0.6810631229235881,0.19273433166943982,0.050048828125,0.34798534798534797,816.0,2911.0,3891.0,4301.0,1869.0,774.0,0.8432180881500244,0.5327198505401611,0.08713321034565807,78,-0.0006362514110651953,-0.0710027813911438
2067,Healthy,0.8728757448686824,2.8335005015045134,331.0,496.0,288.0,4243.0,0.7047005307050797,0.200160128102482,0.04314544189283229,0.3820487153820487,779.0,2997.0,4125.0,4497.0,1852.0,764.0,0.8661473989486694,0.3735498785972595,0.08330147729352887,74,-0.0006810527635296191,-0.08769291639328003
2068,Healthy,0.8601197604790419,2.7519350141773318,316.5,519.5,292.0,3883.0,0.6563641749777822,0.18661573288058858,0.0492931314900538,0.3218983291859225,870.0,2874.5,3799.5,4193.5,1907.5,802.0,0.8449329733848572,0.43729081749916077,0.10992171350696132,74,-0.00017141209738443582,-0.0692598819732666
2069,Healthy,0.8625398270368685,2.786764705882353,334.0,501.0,302.0,4092.0,0.6784375616492405,0.1810105496946141,0.03403014098201264,0.36304155614500444,815.0,2950.0,3974.0,4254.0,1801.0,758.0,0.8607094287872314,0.45272207260131836,0.07910066780963568,74,-0.0006994403948660591,-0.10383737087249756
2070,Healthy,0.8399204573701218,2.857263656350414,357.0,572.0,322.0,3701.0,0.6179005092048571,0.162865990990991,0.04121502394756743,0.3086130861308613,975.5,2973.5,3803.5,4130.5,1920.5,832.5,0.8341953158378601,0.5413859486579895,0.0635414870325592,72,-0.0005732097563259514,-0.06655973196029663
2071,Healthy,0.862877088007978,2.839678372169347,312.0,494.0,275.0,3736.0,0.6548806285886974,0.1841706912708138,0.04623614826136798,0.3216734048163122,856.5,2829.5,3744.0,4107.0,1929.5,802.0,0.8220090270042419,0.29696178436279297,0.11253575063807529,72,-0.0004387214425309469,-0.05633735656738281
2072,Healthy,0.8514937399281022,2.7713225207778587,324.5,512.5,299.5,3734.0,0.6658979243958688,0.19062634370073098,0.045300113250283124,0.3266215253029223,833.0,2823.5,3793.5,4153.5,1889.5,778.5,0.8059877157211304,0.5030262470245361,0.0886265273714778,72,-0.00039886177253076286,-0.05547821521759033
2073,Healthy,0.7470364829094257,2.2022799755716904,454.5,689.0,549.5,3795.0,0.665938864628821,0.18462931815241299,0.04616087751371115,0.34689191405609315,918.0,3151.0,4174.0,4578.0,1991.0,854.0,0.772650957107544,0.5607445240020752,0.06935983096090083,78,-0.0004023808447785259,-0.047399282455444336
2074,Unhealthy,0.8649966747949457,2.9026259019564087,356.5,512.0,304.5,4206.5,0.6970431862699376,0.193597060946008,0.04013263206037045,0.38632936840341764,812.0,3073.0,4197.5,4548.5,1831.5,775.0,0.8533133864402771,0.48185354471206665,0.07805300712060353,72,-0.0005908667009872542,-0.06103348731994629
2075,Healthy,0.8708778448676265,2.843494085532302,320.0,470.0,278.0,4028.0,0.6715750232991612,0.18015528358994604,0.04412620794038887,0.3507991431866864,881.0,3115.0,4105.0,4484.0,1970.0,844.0,0.860567569732666,0.5590251088142395,0.07428108539499131,71,-0.0005731164260766649,-0.08376598358154297
2076,Unhealthy,0.8354968137833373,2.7480204937121564,368.0,595.0,348.5,3888.5,0.6073422272684266,0.16435915010281013,0.0467681311232978,0.310735404347464,1037.5,3048.0,3867.5,4247.0,2069.0,914.0,0.8197445273399353,0.5837563276290894,0.06732157351000952,75,-0.00045496644939671055,-0.07009583711624146
2077,Healthy,0.8603174603174604,2.993530061543317,371.0,510.0,308.0,4102.0,0.6321233778446492,0.17667796610169492,0.03903256704980843,0.2992772667542707,978.0,3036.0,4013.0,4339.0,2133.0,1006.0,0.8499528169631958,0.2875536382198334,0.11729062782059146,81,-0.000569240191987338,-0.06922256946563721
2078,Healthy,0.8566893424036282,2.978555660674866,376.0,509.0,316.0,4094.0,0.6836010459469556,0.17584137751108792,0.04087759815242494,0.3519867549668874,847.0,3159.0,4153.0,4507.0,1957.0,836.0,0.8549370169639587,0.3566703498363495,0.1153171224636611,81,-0.0005420728630528783,-0.06680953502655029
2079,Healthy,0.8827830188679245,2.7903682719546743,284.0,444.0,248.5,3991.5,0.6695549428909019,0.18283920474363446,0.047895680118657684,0.33431516936671574,839.0,2928.5,3851.5,4239.0,1921.0,785.5,0.8606142401695251,0.6037502884864807,0.08270279683287796,68,-0.0005823397207022225,-0.07298535108566284
2080,Unhealthy,0.837000814995925,2.7667025862068964,373.0,623.5,350.0,3944.5,0.6073422272684266,0.16435915010281013,0.0467681311232978,0.310735404347464,1037.5,3048.0,3867.5,4247.0,2069.0,914.0,0.8248065710067749,0.5866017937660217,0.06484344728765166,74,-0.0005136757531658701,-0.07343345880508423
2081,Healthy,0.8751702224239674,2.8129559381383133,314.0,469.0,275.0,4131.0,0.7061647781832149,0.19440709868244152,0.040646597165280546,0.3731548232063165,765.0,2996.0,4095.0,4442.0,1826.0,736.0,0.8699517846107483,0.5115941762924194,0.0753346641492232,73,-0.0006420340291074533,-0.07259237766265869
2082,Healthy,0.7994585814834867,2.858525631098033,494.0,705.5,463.0,4154.5,0.6402483564645727,0.1797465029224404,0.04024552666628062,0.340265742345465,985.0,3122.5,4143.5,4491.0,1998.5,887.0,0.7629087567329407,0.41909119486808777,0.08625702844887273,80,-0.0006757532647436999,-0.06048399209976196
2083,Healthy,0.8339558983010001,2.782423414006593,368.5,568.0,344.5,3805.0,0.6124574024990533,0.16217506993245548,0.04202605982749128,0.3040107853050219,1023.5,3070.0,3915.0,4258.5,2065.0,908.0,0.8187886476516724,0.4763513505458832,0.08542279047693342,77,-0.00041157484816576776,-0.0659835934638977
2084,Healthy,0.8535524407926535,2.851606652672372,341.0,525.0,303.0,3835.0,0.6903082064611957,0.18711696440213849,0.039862935465448314,0.3782211138819618,834.0,3117.0,4203.0,4552.0,1870.0,759.0,0.849822998046875,0.3567229211330414,0.0910428747735158,72,-0.0007355265489249047,-0.08531999588012695
2085,Healthy,0.8709677419354839,2.6947321026564612,283.0,461.0,266.0,3857.0,0.7063555913113435,0.2001697552694865,0.04431314623338257,0.3862414905051953,730.0,2827.0,3882.0,4242.0,1713.0,700.0,0.8711427450180054,0.5043203234672546,0.08656511908615254,70,-0.00043804129396759984,-0.06307601928710938
2086,Healthy,0.8599439775910365,2.807926829268293,334.0,502.0,300.0,3984.0,0.6897159647404505,0.19110742888704776,0.04191327455006643,0.3609300686982561,792.0,2929.0,3966.0,4313.0,1814.0,738.0,0.8535854816436768,0.46717703342437744,0.09085972194405446,76,-0.000605627186877061,-0.06358933448791504
2087,Healthy,0.8568550776158312,2.645423282358967,308.5,458.0,302.0,3917.5,0.6795396918275795,0.18023574561403508,0.041548231025098276,0.33695090439276487,821.5,2990.5,3962.0,4305.5,1924.5,787.5,0.8503655791282654,0.5028067231178284,0.10620419993427233,74,-0.00035143560915182624,-0.05342090129852295
2088,Healthy,0.8698277790203534,2.859979408736579,337.0,489.0,291.0,4180.0,0.7096587622903412,0.18921818425640338,0.04035664007508212,0.3790515182531559,753.0,3023.0,4090.0,4434.0,1820.0,745.0,0.8660976886749268,0.5499574542045593,0.07843727819284925,72,-0.0004459187433095903,-0.08345472812652588
2089,Healthy,0.857826030761277,2.763574283810793,299.0,483.0,275.0,3593.5,0.6548806285886974,0.1841706912708138,0.04623614826136798,0.3216734048163122,856.5,2829.5,3744.0,4107.0,1929.5,802.0,0.8335814476013184,0.33724746108055115,0.11051666587862014,69,-0.0004889011767080889,-0.06522470712661743
2090,Healthy,0.8499542543458372,2.6710753306497987,338.0,511.0,328.0,4044.0,0.6795396918275795,0.18023574561403508,0.041548231025098276,0.33695090439276487,821.5,2990.5,3962.0,4305.5,1924.5,787.5,0.8337516188621521,0.485972136259079,0.10153762489073369,74,-0.00029184490566184064,-0.049886345863342285
2091,Healthy,0.8518794194268701,2.6990802609857716,312.5,498.5,298.5,3732.0,0.6658979243958688,0.19062634370073098,0.045300113250283124,0.3266215253029223,833.0,2823.5,3793.5,4153.5,1889.5,778.5,0.8137642741203308,0.5269752740859985,0.09152871988580746,72,-0.00041514787726110397,-0.05593925714492798
2092,Healthy,0.8858916209119122,2.95933014354067,300.0,416.0,239.0,3950.0,0.7246753246753247,0.20744160022380753,0.04288993596713785,0.3980205019441499,689.0,2833.0,3961.0,4316.0,1703.0,700.0,0.8822271227836609,0.5140791535377502,0.08537613030586404,71,-0.0006871554183450159,-0.07700115442276001
2093,Healthy,0.822974607013301,2.6977960995719044,375.0,541.0,366.0,3769.0,0.665938864628821,0.18462931815241299,0.04616087751371115,0.34689191405609315,918.0,3151.0,4174.0,4578.0,1991.0,854.0,0.8305445909500122,0.4156580865383148,0.08171788614206076,79,-0.00034104766061730536,-0.06159132719039917
2094,Healthy,0.8612108159846853,2.66198224852071,300.0,468.0,290.0,3889.0,0.6740681998413958,0.18197088465845465,0.038622386223862236,0.3650344705674386,822.0,2922.0,3908.0,4222.0,1796.0,741.0,0.8585498332977295,0.5438596606254578,0.07921561444046345,70,-0.0006113569518048521,-0.07083117961883545
2095,Healthy,0.8213914849428868,2.6577316508623907,389.5,635.5,387.0,3946.5,0.6338527573014836,0.18214960842560085,0.041456016177957536,0.3078080588530346,981.0,3028.5,4029.0,4377.5,2070.0,916.0,0.8210066556930542,0.5871005058288574,0.06316577199898844,75,-0.00043926958400161904,-0.06699550151824951
2096,Healthy,0.872106895728943,2.896655571405928,317.0,452.0,268.0,3923.0,0.68054211035818,0.18369016773489705,0.04502769082590898,0.357830271216098,825.0,2993.0,3966.0,4340.0,1835.0,768.0,0.866428792476654,0.539483368396759,0.07227256554645724,73,-0.0005882072665909647,-0.08940494060516357
2097,Healthy,0.8723404255319149,2.631715642623924,266.0,435.5,259.5,3806.0,0.6946442845723422,0.19503945885005636,0.05119623156067931,0.3422421524663677,764.0,2856.0,3827.0,4240.0,1833.5,741.5,0.8585667014122009,0.5337001085281372,0.09449087212339842,69,-0.00045061293316207645,-0.07297468185424805
2098,Healthy,0.8858258111734569,2.940080971659919,291.0,414.0,234.0,3865.0,0.7140552530752168,0.20550276556516806,0.040137053352912386,0.39485897893609423,709.0,2801.0,3922.0,4250.0,1695.0,701.0,0.8803785443305969,0.4894941747188568,0.08777995094140517,72,-0.0006842341967768883,-0.08380919694900513
2099,Healthy,0.8566392479435958,2.7752398355413432,333.0,518.0,305.0,3950.0,0.6804183614177803,0.18379042161277118,0.04041251948674901,0.36427711878975416,825.0,2991.0,4001.0,4338.0,1849.0,775.0,0.8575504422187805,0.36615264415740967,0.0995638462594915,74,-0.0007666991266360611,-0.08872318267822266
2100,Healthy,0.8771331058020477,2.8687609631637696,297.0,427.0,252.0,3850.0,0.7140552530752168,0.20550276556516806,0.040137053352912386,0.39485897893609423,709.0,2801.0,3922.0,4250.0,1695.0,701.0,0.8717931509017944,0.5066693425178528,0.08106077670371731,72,-0.0005890119544373788,-0.07030636072158813
2101,Healthy,0.8538961038961039,2.7826481257557436,344.0,515.0,315.0,3997.0,0.7047005307050797,0.200160128102482,0.04314544189283229,0.3820487153820487,779.0,2997.0,4125.0,4497.0,1852.0,764.0,0.8453715443611145,0.3733488619327545,0.07815877780180182,74,-0.0006996456942777965,-0.10259079933166504
2102,Healthy,0.8765830071379231,2.8525400869174287,313.0,455.0,268.0,4075.0,0.7122302158273381,0.19744356812618982,0.03685387966560697,0.3969901401141671,740.0,2951.0,4090.0,4403.0,1743.0,720.0,0.8721011281013489,0.5209423899650574,0.0755948099886313,71,-0.0006094735044524582,-0.08900904655456543
2103,Healthy,0.8446509411484394,2.557351031597172,315.0,506.0,326.0,3871.0,0.6759932291148063,0.1883648686811635,0.04462235462049277,0.32626557116353033,813.5,2874.0,3848.5,4208.0,1906.5,778.5,0.8165426850318909,0.3703945279121399,0.09686056729990325,68,-0.0005620579237950025,-0.07189035415649414
2104,Healthy,0.8517989039790327,2.836851293445485,347.0,525.0,311.0,3886.0,0.6711351142829588,0.18030106940944077,0.04059572423732885,0.356307905446359,852.5,3008.5,3994.0,4332.0,1858.5,786.5,0.851138174533844,0.47582417726516724,0.07584715379782404,77,-0.00028796175542315804,-0.06306803226470947
2105,Healthy,0.8716946424465394,2.7590975254730714,308.0,472.0,279.0,4070.0,0.6848461238800155,0.18818681318681318,0.037667946257197694,0.3434273916035788,809.0,2955.0,4011.0,4325.0,1908.0,815.0,0.8677282333374023,0.5612017512321472,0.07013331045419822,73,-0.0006338117465319851,-0.07749509811401367
2106,Unhealthy,0.8624365482233503,2.761703511053316,296.0,459.0,271.0,3669.0,0.6972994760177348,0.18938003106905804,0.04310131285608125,0.36545154790254625,751.0,2870.0,3863.0,4211.0,1732.0,720.0,0.8579999804496765,0.5371251106262207,0.07860370656117435,69,-0.0006056494950133748,-0.06824249029159546
2107,Healthy,0.8168604651162791,2.641391195362682,377.0,591.0,378.0,3750.0,0.6417505809450039,0.16520065970313358,0.04088397790055249,0.32480995162404974,925.0,3037.0,3906.0,4239.0,1954.0,856.0,0.8157110214233398,0.4307149052619934,0.07037880180955583,76,-0.00021808225993179937,-0.042673468589782715
2108,Healthy,0.8783687097543524,2.808020738029887,292.0,444.0,255.0,3938.0,0.7063555913113435,0.2001697552694865,0.04431314623338257,0.3862414905051953,730.0,2827.0,3882.0,4242.0,1713.0,700.0,0.87593013048172,0.5188524723052979,0.08379180683187362,70,-0.00042931935631718057,-0.059535324573516846
2109,Healthy,0.835024154589372,2.6904817495524944,351.5,560.5,341.5,3798.5,0.6381741102237997,0.16734579176619363,0.0385,0.33286081332506423,917.5,2963.0,3846.0,4154.0,1882.5,812.5,0.8353865146636963,0.5230328440666199,0.06463816772080708,73,-0.0005746428458053328,-0.05686861276626587
2110,Healthy,0.859290715023528,2.8829418559876783,352.5,514.0,306.5,4050.0,0.6897159647404505,0.19110742888704776,0.04191327455006643,0.3609300686982561,792.0,2929.0,3966.0,4313.0,1814.0,738.0,0.8542905449867249,0.47291865944862366,0.08720014359312088,77,-0.0006245457758951715,-0.07890093326568604
2111,Healthy,0.8634146341463415,2.8540017590149516,352.0,500.0,308.0,4202.0,0.7014594494734897,0.18869385647909137,0.042444821731748725,0.376657824933687,808.0,3143.0,4230.0,4605.0,1880.0,761.0,0.8645895719528198,0.4563920795917511,0.09086305337766622,71,-0.00034561498883703,-0.05752229690551758
2112,Healthy,0.8591147072822466,2.944054803457837,349.0,522.0,296.0,3906.0,0.6334841628959276,0.18231441048034935,0.04272475628836202,0.3397623557775099,972.0,2996.0,3977.0,4332.0,1917.0,834.0,0.8546150922775269,0.4187256097793579,0.08996522333853012,81,-0.0003817583241829578,-0.08084380626678467
2113,Healthy,0.8527751646284102,2.8125969593546385,346.0,490.5,313.0,3939.0,0.7043000568289449,0.18717424292406148,0.04198274364468122,0.37850903231278094,780.5,3080.0,4136.0,4498.5,1832.0,740.0,0.8540142178535461,0.43432238698005676,0.10439751370431084,75,-0.000678253137864787,-0.07814866304397583
2114,Healthy,0.8753591160220995,2.861167292689974,330.0,513.0,282.0,4243.0,0.7060761346998536,0.20051513200257565,0.04565339315759955,0.3929870989083692,803.0,3104.0,4254.0,4661.0,1835.0,762.0,0.8710564970970154,0.3889647126197815,0.09426413051748958,74,-0.000832421765001501,-0.10880458354949951
2115,Healthy,0.8688302907369845,2.7769773807808673,323.0,485.0,291.0,4146.0,0.7129112949778719,0.20346086251182913,0.047047753469771816,0.38385558583106266,746.0,2946.0,4051.0,4451.0,1809.0,726.0,0.868156909942627,0.5290014743804932,0.08722309355841237,72,-0.0005727896848444912,-0.08765262365341187
2116,Healthy,0.8336501901140685,2.848327379019162,384.0,610.0,350.0,3858.0,0.6157402852926709,0.15637541364500457,0.035691764409131035,0.30379526462395545,976.5,2995.5,3823.0,4106.0,1999.5,885.0,0.8259559869766235,0.4157690703868866,0.08266222653607021,78,-0.00034907033885047046,-0.06431519985198975
2117,Healthy,0.8825318825318825,2.865228291422928,298.5,445.0,251.0,4022.5,0.7122302158273381,0.19744356812618982,0.03685387966560697,0.3969901401141671,740.0,2951.0,4090.0,4403.0,1743.0,720.0,0.8764480948448181,0.5274910926818848,0.07857588854753146,72,-0.000643648693075291,-0.0817670226097107
2118,Healthy,0.8602852308436065,2.7627697562490297,315.0,500.0,289.0,3848.0,0.68054211035818,0.18369016773489705,0.04502769082590898,0.357830271216098,825.0,2993.0,3966.0,4340.0,1835.0,768.0,0.8626155257225037,0.47807785868644714,0.0771093665384531,73,-0.0005928009283521429,-0.08343589305877686
2119,Healthy,0.8686510748877865,2.9401887094194787,333.0,483.0,278.0,3955.0,0.7020376778162245,0.2008680320086803,0.04324260633910687,0.3837670170601413,775.0,2946.0,4060.0,4427.0,1788.0,730.0,0.8651707768440247,0.37102606892585754,0.09710676340706599,73,-0.0008371772009430673,-0.1107359528541565
2120,Healthy,0.8858916209119122,2.95933014354067,300.0,416.0,239.0,3950.0,0.7246753246753247,0.20744160022380753,0.04288993596713785,0.3980205019441499,689.0,2833.0,3961.0,4316.0,1703.0,700.0,0.8822271227836609,0.5140791535377502,0.08537613030586404,71,-0.0006871554183450159,-0.07700115442276001
2121,Healthy,0.8214900417998525,2.611788617886179,358.0,557.0,363.0,3704.0,0.6512399921890256,0.17656880478641993,0.04718266253869969,0.32903225806451614,893.0,2959.0,3847.0,4228.0,1924.0,828.0,0.8237770199775696,0.4117080271244049,0.07301278910915703,77,-0.00021728385443207398,-0.056145429611206055
2122,Healthy,0.8646486486486487,2.8154041115178825,352.0,523.0,313.0,4312.0,0.6723122238586157,0.19306540583136328,0.04019237375472346,0.3504771146692544,890.0,3072.0,4191.0,4542.0,2008.0,856.0,0.8611142039299011,0.3821989595890045,0.08019387713440276,74,-0.0006573126737329874,-0.09367674589157104
2123,Healthy,0.8695553021664766,2.8277959062592704,326.0,490.0,286.0,4099.0,0.6848461238800155,0.18818681318681318,0.037667946257197694,0.3434273916035788,809.0,2955.0,4011.0,4325.0,1908.0,815.0,0.8586388826370239,0.5678027272224426,0.06703788060183508,73,-0.0005732575674909818,-0.08085286617279053
2124,Healthy,0.8768862275449102,2.8371047737135773,298.0,434.0,257.0,3918.0,0.7003497862417412,0.18902024731621145,0.04740244194397893,0.370617110799439,771.0,2984.0,3979.0,4375.0,1795.0,752.0,0.8736479878425598,0.5164707899093628,0.08626118962757356,71,-0.0007176803794452854,-0.09345144033432007
2125,Healthy,0.8635207032153597,2.7949985025456723,328.0,509.5,295.0,4028.0,0.6970431862699376,0.193597060946008,0.04013263206037045,0.38632936840341764,812.0,3073.0,4197.5,4548.5,1831.5,775.0,0.8646527528762817,0.43541115522384644,0.08404621452535192,73,-0.0006618775620665011,-0.07956969738006592
2126,Healthy,0.8595117457392907,2.8375912408759123,344.0,523.5,305.0,4037.0,0.6970431862699376,0.193597060946008,0.04013263206037045,0.38632936840341764,812.0,3073.0,4197.5,4548.5,1831.5,775.0,0.8600856065750122,0.4704279601573944,0.0780265493111642,72,-0.0006148683598811228,-0.07141691446304321
2127,Healthy,0.8073066728131842,2.5814416273584904,405.0,590.0,418.0,3920.5,0.6561017270829379,0.18174431202600216,0.041475204392194306,0.3225617413143575,906.0,3021.0,4015.5,4363.0,2023.0,852.0,0.7579188942909241,0.3609693944454193,0.09756357200570738,68,-0.0007512131469187878,-0.05761981010437012
2128,Healthy,0.8594339622641509,2.843764632433276,337.0,509.5,298.0,3942.0,0.6711351142829588,0.18030106940944077,0.04059572423732885,0.356307905446359,852.5,3008.5,3994.0,4332.0,1858.5,786.5,0.8592190742492676,0.4104662239551544,0.08554362840963116,77,-0.0003278941949364848,-0.057585179805755615
2129,Healthy,0.8650105460510897,2.901273384687942,337.0,494.0,288.0,3979.0,0.7020376778162245,0.2008680320086803,0.04324260633910687,0.3837670170601413,775.0,2946.0,4060.0,4427.0,1788.0,730.0,0.8649207949638367,0.36720380187034607,0.09689301084338446,73,-0.0008298017534987462,-0.09426897764205933
2130,Healthy,0.8434677904876581,2.626743662816859,326.0,492.0,325.0,3827.5,0.6795396918275795,0.18023574561403508,0.041548231025098276,0.33695090439276487,821.5,2990.5,3962.0,4305.5,1924.5,787.5,0.8343653678894043,0.4900769591331482,0.10469167215137164,74,-0.000158308214638554,-0.039769113063812256
2131,Healthy,0.8427860696517413,2.7491074326517366,336.0,510.0,316.0,3704.0,0.657386710018289,0.17403195624010365,0.04752119188286669,0.3267584666914775,843.0,2869.0,3708.0,4078.0,1809.0,778.0,0.8378530740737915,0.3711927831172943,0.08290845689588708,75,-0.0007240144741528622,-0.10148954391479492
2132,Healthy,0.8471459278719847,2.8168678526048283,352.0,540.0,320.0,3867.0,0.6732088414634146,0.1824670078103959,0.047227191413237925,0.35895000431741647,857.5,3035.5,3994.5,4390.5,1856.0,783.0,0.8446335196495056,0.49701958894729614,0.08428248447292826,78,-0.0003079888940171751,-0.05586308240890503
2133,Healthy,0.8517989039790327,2.836851293445485,347.0,525.0,311.0,3886.0,0.6711351142829588,0.18030106940944077,0.04059572423732885,0.356307905446359,852.5,3008.5,3994.0,4332.0,1858.5,786.5,0.851138174533844,0.47582417726516724,0.07584715379782404,77,-0.00028796175542315804,-0.06306803226470947
2134,Healthy,0.8221680876979294,2.7252906976744184,378.0,600.0,365.0,3740.0,0.6157402852926709,0.15637541364500457,0.035691764409131035,0.30379526462395545,976.5,2995.5,3823.0,4106.0,1999.5,885.0,0.8141739964485168,0.40537029504776,0.07993163998595103,77,-0.000400024646390113,-0.06349176168441772
2135,Healthy,0.8614081996434938,2.8645524599881447,356.0,526.0,311.0,4177.0,0.672564723412181,0.18251250987621806,0.049187989251080734,0.3479817708333333,879.0,3104.0,4069.0,4490.0,2003.0,888.0,0.8547045588493347,0.30070486664772034,0.11842792084154984,81,-0.0005473415894103225,-0.06721454858779907
2136,Healthy,0.8666502341631748,2.74859287054409,295.0,474.0,270.5,3786.5,0.6658979243958688,0.19062634370073098,0.045300113250283124,0.3266215253029223,833.0,2823.5,3793.5,4153.5,1889.5,778.5,0.8427379131317139,0.5140407085418701,0.0930907438584417,70,-0.0006219214153243036,-0.11736243963241577
2137,Healthy,0.8401847575057737,2.7997537324919195,375.0,536.0,346.0,3984.0,0.6321233778446492,0.17667796610169492,0.03903256704980843,0.2992772667542707,978.0,3036.0,4013.0,4339.0,2133.0,1006.0,0.8334432244300842,0.5273458957672119,0.08798698894287428,79,-0.00041102584534100854,-0.07537680864334106
2138,Healthy,0.8141299193930773,2.6628411910669976,394.0,667.0,392.0,3826.0,0.6022598870056497,0.15284552845528454,0.04303052592865024,0.28931904597303837,1056.0,3126.0,3903.0,4254.0,2056.0,929.0,0.8170535564422607,0.5666256546974182,0.0774428159330623,75,-0.00034088293209220223,-0.04909312725067139
2139,Healthy,0.8588125292192613,2.8161888701517706,337.0,529.0,302.0,3976.0,0.6784375616492405,0.1810105496946141,0.03403014098201264,0.36304155614500444,815.0,2950.0,3974.0,4254.0,1801.0,758.0,0.8524297475814819,0.4540470838546753,0.08245602919183943,74,-0.0007406050220687449,-0.09788239002227783
2140,Healthy,0.8683758727251917,2.868864856689102,333.5,481.0,287.5,4081.0,0.6938174681059862,0.18609125893347994,0.03663663663663664,0.36496598639455785,780.0,2961.0,4010.0,4315.0,1867.0,754.0,0.8569677472114563,0.5316924452781677,0.09548968751185757,76,-0.00034116704556237,-0.0592004656791687
2141,Healthy,0.8667264976441552,2.9506568897036356,356.0,501.0,297.0,4160.0,0.7103461392164321,0.19144144144144143,0.04019432074489619,0.38191632928475033,761.5,3051.5,4149.0,4496.5,1832.0,741.5,0.8689291477203369,0.5806565284729004,0.06948894171447331,70,-0.0002693583583528315,-0.060039639472961426
2142,Healthy,0.8662191321026133,2.7925490802287833,311.0,481.0,279.0,3892.0,0.6900573235817355,0.1848669623059867,0.03964007782101167,0.36866037075900665,784.0,2941.0,3949.0,4275.0,1805.0,755.0,0.8602277040481567,0.48356807231903076,0.0865627805013272,71,-0.0006547629256199528,-0.07428747415542603
2143,Healthy,0.8249941819874331,2.693359671782404,385.0,561.0,376.0,3921.0,0.653297852119369,0.17795232936078006,0.04795180722891566,0.33069958847736625,912.0,3035.0,3951.0,4349.0,2033.0,926.0,0.8142163157463074,0.3095431327819824,0.10865805327287587,81,-0.0004508139785958057,-0.0332331657409668
2144,Healthy,0.8544589774078478,2.79306592039801,336.0,515.0,306.0,3899.0,0.6784375616492405,0.1810105496946141,0.03403014098201264,0.36304155614500444,815.0,2950.0,3974.0,4254.0,1801.0,758.0,0.8516508340835571,0.4311985671520233,0.07852095544721407,75,-0.0007035848240614574,-0.10956847667694092
2145,Healthy,0.8699005253157482,2.7740946678072427,323.0,491.5,291.0,4182.5,0.7019519519519519,0.19065126050420167,0.04026614661007227,0.388168826852775,794.0,3082.0,4183.0,4534.0,1841.0,762.0,0.8650544881820679,0.40974441170692444,0.07573519779952477,71,-0.0006687933272142229,-0.10290509462356567
2146,Healthy,0.8566114305038891,2.7590588918742283,344.5,514.0,318.0,4117.5,0.7014594494734897,0.18869385647909137,0.042444821731748725,0.376657824933687,808.0,3143.0,4230.0,4605.0,1880.0,761.0,0.8581618070602417,0.4425659775733948,0.09310848363663997,73,-0.0004942857729366253,-0.07667583227157593
2147,Healthy,0.8202567760342369,2.839973658215344,408.0,569.0,378.0,3828.0,0.6402483564645727,0.1797465029224404,0.04024552666628062,0.340265742345465,985.0,3122.5,4143.5,4491.0,1998.5,887.0,0.801452100276947,0.4211834967136383,0.08994223994686823,81,-0.000587390822323982,-0.055979013442993164
2148,Healthy,0.8655309483248155,2.8103104948742534,332.5,496.5,296.0,4106.5,0.6970431862699376,0.193597060946008,0.04013263206037045,0.38632936840341764,812.0,3073.0,4197.5,4548.5,1831.5,775.0,0.8645635843276978,0.45669662952423096,0.06977614490848214,71,-0.000552523442338718,-0.08257138729095459
2149,Healthy,0.8699005253157482,2.7740946678072427,323.0,491.5,291.0,4182.5,0.7019519519519519,0.19065126050420167,0.04026614661007227,0.388168826852775,794.0,3082.0,4183.0,4534.0,1841.0,762.0,0.8650544881820679,0.40974441170692444,0.07573519779952477,71,-0.0006687933272142229,-0.10290509462356567
2150,Healthy,0.8686164229471316,2.8570371466627202,337.0,493.0,292.0,4153.0,0.7019519519519519,0.19065126050420167,0.04026614661007227,0.388168826852775,794.0,3082.0,4183.0,4534.0,1841.0,762.0,0.8702983856201172,0.3842741847038269,0.07888530823030895,73,-0.0006950465539515783,-0.10020315647125244
2151,Healthy,0.8379888268156425,2.8107432854465957,378.0,561.0,348.0,3948.0,0.633764588799421,0.1845972185778011,0.04327228609393957,0.34982907374247113,1012.0,3107.5,4140.0,4514.5,1997.0,861.5,0.8150096535682678,0.49112215638160706,0.0742022143671264,80,-0.0003215706077804215,-0.03088819980621338
2152,Healthy,0.853825470545099,2.7993268151947426,329.0,494.0,299.0,3792.0,0.6848461238800155,0.18818681318681318,0.037667946257197694,0.3434273916035788,809.0,2955.0,4011.0,4325.0,1908.0,815.0,0.8486313819885254,0.5760992169380188,0.06433932189278917,73,-0.0005898773420271678,-0.08116018772125244
2153,Healthy,0.8341286071347421,2.6356978747846065,366.0,558.0,365.0,4036.0,0.668429003021148,0.17188328912466844,0.042595870206489674,0.3450058362514591,878.0,3122.0,4057.0,4418.0,1964.0,872.0,0.8315838575363159,0.42167899012565613,0.08198067557097721,79,-0.0004667757442776601,-0.08257955312728882
2154,Healthy,0.866787494336203,2.8424962852897475,336.0,479.5,294.0,4120.0,0.7043000568289449,0.18717424292406148,0.04198274364468122,0.37850903231278094,780.5,3080.0,4136.0,4498.5,1832.0,740.0,0.8599348664283752,0.4561178684234619,0.10010933025927396,73,-0.0006303037710320545,-0.07646328210830688
2155,Healthy,0.8603174603174604,2.993530061543317,371.0,510.0,308.0,4102.0,0.6321233778446492,0.17667796610169492,0.03903256704980843,0.2992772667542707,978.0,3036.0,4013.0,4339.0,2133.0,1006.0,0.8499528169631958,0.2875536382198334,0.11729062782059146,81,-0.000569240191987338,-0.06922256946563721
2156,Healthy,0.8783687097543524,2.808020738029887,292.0,444.0,255.0,3938.0,0.7063555913113435,0.2001697552694865,0.04431314623338257,0.3862414905051953,730.0,2827.0,3882.0,4242.0,1713.0,700.0,0.87593013048172,0.5188524723052979,0.08379180683187362,70,-0.00042931935631718057,-0.059535324573516846
2157,Healthy,0.8704250966128666,2.8574626865671644,330.0,481.0,285.0,4114.0,0.7047005307050797,0.200160128102482,0.04314544189283229,0.3820487153820487,779.0,2997.0,4125.0,4497.0,1852.0,764.0,0.8667432069778442,0.3595201373100281,0.08775202321782442,74,-0.0007144318677742128,-0.09171241521835327
2158,Healthy,0.8679629210942799,2.840337377922462,334.0,519.0,292.0,4131.0,0.6784375616492405,0.1810105496946141,0.03403014098201264,0.36304155614500444,815.0,2950.0,3974.0,4254.0,1801.0,758.0,0.8625316023826599,0.4716498851776123,0.08411664707327614,74,-0.0007433306594348433,-0.1014285683631897
2159,Healthy,0.8713010803193988,2.800845538275706,309.0,457.0,274.0,3984.0,0.6954600241060667,0.18973780659712433,0.040177471037712596,0.379507318814709,758.0,2874.0,3894.0,4220.0,1738.0,720.0,0.8717265725135803,0.5132809281349182,0.07380369228824794,73,-0.0005890719200667389,-0.0912773609161377
2160,Healthy,0.8559168925022583,2.824985092426953,356.0,513.0,319.0,4109.0,0.6321233778446492,0.17667796610169492,0.03903256704980843,0.2992772667542707,978.0,3036.0,4013.0,4339.0,2133.0,1006.0,0.844882607460022,0.4746464192867279,0.09913579111854266,79,-0.0005567451395379558,-0.06870836019515991
2161,Healthy,0.8566893424036282,2.978555660674866,376.0,509.0,316.0,4094.0,0.6836010459469556,0.17584137751108792,0.04087759815242494,0.3519867549668874,847.0,3159.0,4153.0,4507.0,1957.0,836.0,0.8549370169639587,0.3566703498363495,0.1153171224636611,81,-0.0005420728630528783,-0.06680953502655029
2162,Healthy,0.8567480423767849,2.8028933092224233,344.0,511.0,311.0,4031.0,0.6723122238586157,0.19306540583136328,0.04019237375472346,0.3504771146692544,890.0,3072.0,4191.0,4542.0,2008.0,856.0,0.8489874005317688,0.38961800932884216,0.07742217859664498,74,-0.0006767545641619111,-0.09552061557769775
2163,Healthy,0.8556529983408391,2.973640856672158,361.0,524.5,304.5,3914.5,0.6334841628959276,0.18231441048034935,0.04272475628836202,0.3397623557775099,972.0,2996.0,3977.0,4332.0,1917.0,834.0,0.852868378162384,0.3902599513530731,0.09355207011282206,79,-0.000409003131035767,-0.07072162628173828
2164,Healthy,0.8142927794263106,2.6696392379408187,378.5,605.0,375.5,3668.5,0.6157402852926709,0.15637541364500457,0.035691764409131035,0.30379526462395545,976.5,2995.5,3823.0,4106.0,1999.5,885.0,0.8097667694091797,0.40537029504776,0.08611816760325781,80,-0.00032542658307497683,-0.046066224575042725
2165,Healthy,0.8594339622641509,2.843764632433276,337.0,509.5,298.0,3942.0,0.6711351142829588,0.18030106940944077,0.04059572423732885,0.356307905446359,852.5,3008.5,3994.0,4332.0,1858.5,786.5,0.8592190742492676,0.4104662239551544,0.08554362840963116,77,-0.0003278941949364848,-0.057585179805755615
2166,Healthy,0.8749156355455568,2.8051067512983265,316.0,491.0,278.0,4167.0,0.6945754716981132,0.19418282548476454,0.04521760213359195,0.36187314345622923,777.0,2909.0,3938.0,4311.0,1826.0,769.0,0.8717629313468933,0.5549973249435425,0.07124256003571547,73,-0.000645724561995748,-0.07367610931396484
2167,Healthy,0.8674615913781243,2.844788690028576,331.0,470.0,289.0,4072.0,0.7043000568289449,0.18717424292406148,0.04198274364468122,0.37850903231278094,780.5,3080.0,4136.0,4498.5,1832.0,740.0,0.861379861831665,0.4758167564868927,0.09767154993063419,74,-0.0006557582358247879,-0.07311499118804932
2168,Healthy,0.8632212073958565,2.9602750190985487,367.0,535.0,307.0,4182.0,0.6836010459469556,0.17584137751108792,0.04087759815242494,0.3519867549668874,847.0,3159.0,4153.0,4507.0,1957.0,836.0,0.8580406904220581,0.37621358036994934,0.08963499154575619,79,-0.0003845331307383388,-0.08027511835098267
2169,Healthy,0.8782296113232981,2.8874279804993352,323.0,482.0,271.0,4180.0,0.7133066818960594,0.20192307692307693,0.04226983207874928,0.3936605316973415,753.0,2988.0,4135.0,4500.0,1779.0,732.0,0.8734726309776306,0.5070270299911499,0.07423035823612706,73,-0.0006335814962842493,-0.06865006685256958
2170,Healthy,0.8625398270368685,2.786764705882353,334.0,501.0,302.0,4092.0,0.6784375616492405,0.1810105496946141,0.03403014098201264,0.36304155614500444,815.0,2950.0,3974.0,4254.0,1801.0,758.0,0.8607094287872314,0.45272207260131836,0.07910066780963568,74,-0.0006994403948660591,-0.10383737087249756
2171,Unhealthy,0.8384633186762324,2.8024443069306932,378.0,557.0,349.0,3972.0,0.653297852119369,0.17795232936078006,0.04795180722891566,0.33069958847736625,912.0,3035.0,3951.0,4349.0,2033.0,926.0,0.8337448835372925,0.4203721284866333,0.08148859646428283,79,-0.00038786396145238495,-0.06789958477020264
2172,Healthy,0.8715070456173871,2.837039340693516,309.0,460.0,269.0,3918.0,0.6740681998413958,0.18197088465845465,0.038622386223862236,0.3650344705674386,822.0,2922.0,3908.0,4222.0,1796.0,741.0,0.8681529760360718,0.5403128862380981,0.08191198754076137,71,-0.0005637781310290478,-0.08790069818496704
2173,Healthy,0.8738484881326541,2.8010143819912456,329.5,515.5,291.0,4322.5,0.7060761346998536,0.20051513200257565,0.04565339315759955,0.3929870989083692,803.0,3104.0,4254.0,4661.0,1835.0,762.0,0.8726133704185486,0.3874833583831787,0.0932537999852706,73,-0.0007932461071415342,-0.09530246257781982
2174,Healthy,0.8413712338975833,2.783726664318422,401.5,589.0,372.5,4324.0,0.6836010459469556,0.17584137751108792,0.04087759815242494,0.3519867549668874,847.0,3159.0,4153.0,4507.0,1957.0,836.0,0.8279446959495544,0.3965436816215515,0.08552282506484865,80,-0.00048134037366776516,-0.07336914539337158
2175,Healthy,0.8357655206529805,2.876723991145922,369.0,599.0,332.0,3711.0,0.6022598870056497,0.15284552845528454,0.04303052592865024,0.28931904597303837,1056.0,3126.0,3903.0,4254.0,2056.0,929.0,0.8248005509376526,0.5492837429046631,0.08173705492678486,76,-0.0003362946019537295,-0.046999990940093994
2176,Healthy,0.8747591522157996,2.7448609431680775,286.0,434.0,260.0,3892.0,0.7063555913113435,0.2001697552694865,0.04431314623338257,0.3862414905051953,730.0,2827.0,3882.0,4242.0,1713.0,700.0,0.8666612505912781,0.5322313904762268,0.07967094290164008,70,-0.0004233165988738086,-0.06137341260910034
2177,Healthy,0.8282268979943399,2.5932347048851905,342.0,543.5,349.0,3714.5,0.6592340765923408,0.18342604478676366,0.04037617554858934,0.314442575046489,852.0,2862.5,3826.5,4148.5,1935.5,814.0,0.791449248790741,0.5330615043640137,0.08721183745845328,72,-0.0004778073127659189,-0.06861746311187744
2178,Healthy,0.8310546875,2.788335517693316,370.0,557.0,346.0,3750.0,0.6559755631920581,0.17406605305901462,0.03768393348486661,0.34667114996637527,901.0,3051.0,4022.0,4337.0,1943.0,825.0,0.8245583772659302,0.4914683997631073,0.07329798291416602,78,-0.00024227330006266063,-0.04260987043380737
2179,Healthy,0.8509516166016968,2.841935977944555,363.0,544.0,325.0,4036.0,0.6804183614177803,0.18379042161277118,0.04041251948674901,0.36427711878975416,825.0,2991.0,4001.0,4338.0,1849.0,775.0,0.8377155065536499,0.3634951412677765,0.09261023642681955,74,-0.0005928032988598037,-0.057105064392089844
2180,Healthy,0.8357655206529805,2.876723991145922,369.0,599.0,332.0,3711.0,0.6022598870056497,0.15284552845528454,0.04303052592865024,0.28931904597303837,1056.0,3126.0,3903.0,4254.0,2056.0,929.0,0.8248005509376526,0.5492837429046631,0.08173705492678486,76,-0.0003362946019537295,-0.046999990940093994
2181,Healthy,0.8559049269621193,2.861754966887417,330.0,475.0,291.0,3748.0,0.6944498539435249,0.19110198494182068,0.0495145045534045,0.34721973895941355,784.5,2954.5,3940.0,4350.5,1825.5,746.0,0.8497589826583862,0.5269978642463684,0.09914767146160894,78,-0.0005802589878439659,-0.08145427703857422
2182,Healthy,0.8559049269621193,2.861754966887417,330.0,475.0,291.0,3748.0,0.6944498539435249,0.19110198494182068,0.0495145045534045,0.34721973895941355,784.5,2954.5,3940.0,4350.5,1825.5,746.0,0.8497589826583862,0.5269978642463684,0.09914767146160894,78,-0.0005802589878439659,-0.08145427703857422
2183,Healthy,0.8586840545346769,2.8904940537951953,343.5,510.0,298.0,3919.5,0.6732088414634146,0.1824670078103959,0.047227191413237925,0.35895000431741647,857.5,3035.5,3994.5,4390.5,1856.0,783.0,0.8565012216567993,0.4111931025981903,0.09061995523241868,77,-0.00036953824016803757,-0.061357200145721436
2184,Healthy,0.8601845280340668,2.633446802346636,300.5,478.0,295.5,3931.5,0.6759932291148063,0.1883648686811635,0.04462235462049277,0.32626557116353033,813.5,2874.0,3848.5,4208.0,1906.5,778.5,0.8343079686164856,0.28259846568107605,0.10794594147775524,70,-0.00048294861095344395,-0.06670016050338745
2185,Healthy,0.8568550776158312,2.645423282358967,308.5,458.0,302.0,3917.5,0.6795396918275795,0.18023574561403508,0.041548231025098276,0.33695090439276487,821.5,2990.5,3962.0,4305.5,1924.5,787.5,0.8503655791282654,0.5028067231178284,0.10620419993427233,74,-0.00035143560915182624,-0.05342090129852295
2186,Healthy,0.8580889309366131,2.7245419044758186,320.0,525.0,300.0,3928.0,0.6804183614177803,0.18379042161277118,0.04041251948674901,0.36427711878975416,825.0,2991.0,4001.0,4338.0,1849.0,775.0,0.8422837257385254,0.36031126976013184,0.09537375781214978,74,-0.0006991672214182725,-0.07836639881134033
2187,Healthy,0.8765830071379231,2.8525400869174287,313.0,455.0,268.0,4075.0,0.7122302158273381,0.19744356812618982,0.03685387966560697,0.3969901401141671,740.0,2951.0,4090.0,4403.0,1743.0,720.0,0.8721011281013489,0.5209423899650574,0.0755948099886313,71,-0.0006094735044524582,-0.08900904655456543
2188,Healthy,0.8458202842688509,2.875982961992136,360.0,500.0,320.0,3831.0,0.6843737882900349,0.18575133069469088,0.046242774566473986,0.3585964912280702,814.0,2983.0,3960.0,4344.0,1828.0,755.0,0.8391801714897156,0.4541260004043579,0.09353071793931955,76,-0.0006190439498335969,-0.058393120765686035
2189,Healthy,0.8645454545454545,2.777858916313714,329.0,523.0,298.0,4102.0,0.6750335313278406,0.18278987958327697,0.0431980906921241,0.3624393624393624,848.0,3020.0,4009.0,4371.0,1840.0,765.0,0.8637229800224304,0.4997521936893463,0.07798124124418236,72,-0.0006814705324757492,-0.08399438858032227
2190,Healthy,0.8384633186762324,2.8024443069306932,378.0,557.0,349.0,3972.0,0.653297852119369,0.17795232936078006,0.04795180722891566,0.33069958847736625,912.0,3035.0,3951.0,4349.0,2033.0,926.0,0.8337448835372925,0.4203721284866333,0.08148859646428283,79,-0.00038786396145238495,-0.06789958477020264
2191,Healthy,0.8408621875716579,2.8103923973022686,378.0,554.0,347.0,4014.0,0.6334841628959276,0.18231441048034935,0.04272475628836202,0.3397623557775099,972.0,2996.0,3977.0,4332.0,1917.0,834.0,0.828781247138977,0.4318445920944214,0.0805468819110202,80,-0.00032055752777540456,-0.024843454360961914
2192,Healthy,0.8638187396742979,3.0093734583127776,352.0,501.5,288.5,3948.5,0.6897159647404505,0.19110742888704776,0.04191327455006643,0.3609300686982561,792.0,2929.0,3966.0,4313.0,1814.0,738.0,0.8645222187042236,0.46082621812820435,0.0920403283084856,77,-0.0006722775121305823,-0.08240759372711182
2193,Healthy,0.8565910188314824,2.8817413905133202,340.0,475.0,297.0,3845.0,0.6897159647404505,0.19110742888704776,0.04191327455006643,0.3609300686982561,792.0,2929.0,3966.0,4313.0,1814.0,738.0,0.8583431243896484,0.4707692265510559,0.09393009745121356,76,-0.0006919478037736719,-0.0862535834312439
2194,Healthy,0.870739265161576,2.782965478211658,326.0,499.0,292.0,4226.0,0.7019519519519519,0.19065126050420167,0.04026614661007227,0.388168826852775,794.0,3082.0,4183.0,4534.0,1841.0,762.0,0.8698021769523621,0.4006018042564392,0.08794612530812448,73,-0.0007797478456618506,-0.11330956220626831
2195,Healthy,0.8711053192749674,2.6951836375632285,289.5,457.0,272.0,3948.5,0.6939868620515411,0.18635430674499256,0.042542604801592235,0.3467300619000628,757.0,2874.0,3848.5,4190.5,1820.5,725.5,0.8514631390571594,0.5499073266983032,0.09168336233720352,70,-0.00047387969767051903,-0.06895166635513306
2196,Healthy,0.8652701737681504,2.9629931529181612,340.0,479.0,283.0,3918.0,0.7063310450038138,0.1902101622772014,0.040586114664495875,0.3776342624065262,770.0,3044.0,4125.0,4474.0,1831.0,740.0,0.8480740189552307,0.472975492477417,0.09348672674932566,76,-0.0006237074184770367,-0.06744056940078735
2197,Healthy,0.8796922359524365,2.794814814814815,294.0,456.0,258.0,4031.0,0.6960378474275577,0.19070024910047054,0.037751779037510556,0.39755244755244756,771.0,2924.0,3989.0,4302.0,1723.0,712.0,0.8731909394264221,0.5246137976646423,0.08617528736293524,72,-0.0004780788741903206,-0.07392114400863647
2198,Healthy,0.8658936223846736,2.704298535663675,283.0,460.0,266.0,3701.0,0.6972994760177348,0.18938003106905804,0.04310131285608125,0.36545154790254625,751.0,2870.0,3863.0,4211.0,1732.0,720.0,0.8625200390815735,0.5638232231140137,0.07372377159526826,69,-0.0006056744148138504,-0.07533162832260132
2199,Unhealthy,0.825794894760412,2.7880254006652554,414.0,581.0,389.0,4077.0,0.653297852119369,0.17795232936078006,0.04795180722891566,0.33069958847736625,912.0,3035.0,3951.0,4349.0,2033.0,926.0,0.8196254968643188,0.5225241184234619,0.07543607257665123,79,-0.00023842830175419685,-0.04787564277648926
2200,Healthy,0.8379888268156425,2.8107432854465957,378.0,561.0,348.0,3948.0,0.633764588799421,0.1845972185778011,0.04327228609393957,0.34982907374247113,1012.0,3107.5,4140.0,4514.5,1997.0,861.5,0.8150096535682678,0.49112215638160706,0.0742022143671264,80,-0.0003215706077804215,-0.03088819980621338
2201,Healthy,0.8141299193930773,2.6628411910669976,394.0,667.0,392.0,3826.0,0.6022598870056497,0.15284552845528454,0.04303052592865024,0.28931904597303837,1056.0,3126.0,3903.0,4254.0,2056.0,929.0,0.8170535564422607,0.5666256546974182,0.0774428159330623,75,-0.00034088293209220223,-0.04909312725067139
2202,Healthy,0.862876254180602,2.8831417624521074,332.0,480.0,287.0,3899.0,0.6810631229235881,0.19273433166943982,0.050048828125,0.34798534798534797,816.0,2911.0,3891.0,4301.0,1869.0,774.0,0.8548972606658936,0.5283276438713074,0.0898284938179089,78,-0.0005121939449878355,-0.06490206718444824
2203,Healthy,0.8708778448676265,2.843494085532302,320.0,470.0,278.0,4028.0,0.6715750232991612,0.18015528358994604,0.04412620794038887,0.3507991431866864,881.0,3115.0,4105.0,4484.0,1970.0,844.0,0.860567569732666,0.5590251088142395,0.07428108539499131,71,-0.0005731164260766649,-0.08376598358154297
2204,Healthy,0.8602403959462644,2.8524538918412006,337.0,512.0,296.5,3946.5,0.6711351142829588,0.18030106940944077,0.04059572423732885,0.356307905446359,852.5,3008.5,3994.0,4332.0,1858.5,786.5,0.8572005033493042,0.4567699730396271,0.0791781016726693,76,-0.0003154923317258078,-0.05512899160385132
2205,Unhealthy,0.8771804062126642,2.77182120205376,288.0,453.0,257.0,3928.0,0.6960378474275577,0.19070024910047054,0.037751779037510556,0.39755244755244756,771.0,2924.0,3989.0,4302.0,1723.0,712.0,0.872331440448761,0.5167610049247742,0.08693122710842127,73,-0.00048229307868084256,-0.07479000091552734
2206,Unhealthy,0.8659142212189617,3.0242825607064017,366.0,513.0,297.0,4133.0,0.6982031536486982,0.1857636666239918,0.04655367231638418,0.3840329218106996,823.0,3180.0,4219.0,4631.0,1871.0,764.0,0.8672139644622803,0.46519193053245544,0.0888378833922202,70,-0.00029233488185225463,-0.056993305683135986
2207,Healthy,0.8683758727251917,2.868864856689102,333.5,481.0,287.5,4081.0,0.6938174681059862,0.18609125893347994,0.03663663663663664,0.36496598639455785,780.0,2961.0,4010.0,4315.0,1867.0,754.0,0.8569677472114563,0.5316924452781677,0.09548968751185757,76,-0.00034116704556237,-0.0592004656791687
2208,Healthy,0.8663724408483511,2.7132765107886048,291.5,455.5,272.5,3806.0,0.6939868620515411,0.18635430674499256,0.042542604801592235,0.3467300619000628,757.0,2874.0,3848.5,4190.5,1820.5,725.5,0.8466365933418274,0.49257341027259827,0.09339932149156466,70,-0.0005862419906816073,-0.09081846475601196
2209,Healthy,0.8532110091743119,2.811008590518613,336.0,489.0,304.0,3838.0,0.6810631229235881,0.19273433166943982,0.050048828125,0.34798534798534797,816.0,2911.0,3891.0,4301.0,1869.0,774.0,0.8456427454948425,0.526359498500824,0.0852557814848452,75,-0.0004845830725619969,-0.04686516523361206
2210,Healthy,0.8663724408483511,2.7132765107886048,291.5,455.5,272.5,3806.0,0.6939868620515411,0.18635430674499256,0.042542604801592235,0.3467300619000628,757.0,2874.0,3848.5,4190.5,1820.5,725.5,0.8466365933418274,0.49257341027259827,0.09339932149156466,70,-0.0005862419906816073,-0.09081846475601196
2211,Healthy,0.8619153674832962,2.793480738545703,326.5,477.5,294.5,3971.0,0.6906833512562323,0.18973582828838745,0.04143080814163555,0.366438058859276,791.0,2944.5,3979.5,4323.5,1824.5,733.5,0.852114737033844,0.5282565355300903,0.10286700718877766,77,-0.00041926597756330954,-0.06334245204925537
2212,Healthy,0.7761035903472631,2.315933679921315,409.0,620.0,475.5,3772.0,0.6165214096248579,0.16764746133844258,0.03694701020904229,0.2796820665673125,1012.0,3041.0,3962.0,4266.0,2175.0,1032.0,0.7735926508903503,0.3800467252731323,0.10747598842355408,81,-0.0005834393989466313,-0.07487404346466064
2213,Healthy,0.8666502341631748,2.74859287054409,295.0,474.0,270.5,3786.5,0.6658979243958688,0.19062634370073098,0.045300113250283124,0.3266215253029223,833.0,2823.5,3793.5,4153.5,1889.5,778.5,0.8427379131317139,0.5140407085418701,0.0930907438584417,70,-0.0006219214153243036,-0.11736243963241577
2214,Healthy,0.8619153674832962,2.793480738545703,326.5,477.5,294.5,3971.0,0.6906833512562323,0.18973582828838745,0.04143080814163555,0.366438058859276,791.0,2944.5,3979.5,4323.5,1824.5,733.5,0.852114737033844,0.5282565355300903,0.10286700718877766,77,-0.00041926597756330954,-0.06334245204925537
2215,Healthy,0.8603385015978222,2.97251983315613,352.5,518.0,295.0,3929.5,0.6334841628959276,0.18231441048034935,0.04272475628836202,0.3397623557775099,972.0,2996.0,3977.0,4332.0,1917.0,834.0,0.8530871272087097,0.38121548295021057,0.09378397945934816,77,-0.00037876098302794064,-0.06373077630996704
2216,Healthy,0.862876254180602,2.8831417624521074,332.0,480.0,287.0,3899.0,0.6810631229235881,0.19273433166943982,0.050048828125,0.34798534798534797,816.0,2911.0,3891.0,4301.0,1869.0,774.0,0.8548972606658936,0.5283276438713074,0.0898284938179089,78,-0.0005121939449878355,-0.06490206718444824
2217,Healthy,0.8749156355455568,2.8051067512983265,316.0,491.0,278.0,4167.0,0.6945754716981132,0.19418282548476454,0.04521760213359195,0.36187314345622923,777.0,2909.0,3938.0,4311.0,1826.0,769.0,0.8717629313468933,0.5549973249435425,0.07124256003571547,73,-0.000645724561995748,-0.07367610931396484
2218,Healthy,0.8555294117647059,2.9891483064781323,366.0,522.0,307.0,3943.0,0.6531302876480541,0.18551975192126197,0.04275126000592944,0.3496723683090801,922.5,3020.5,4036.0,4396.5,1910.5,823.5,0.8488352298736572,0.42318934202194214,0.08958429352479332,81,-0.00038842508188765136,-0.0736967921257019
2219,Healthy,0.8393814690110987,2.75364097529046,342.0,516.5,322.0,3687.5,0.6563641749777822,0.18661573288058858,0.0492931314900538,0.3218983291859225,870.0,2874.5,3799.5,4193.5,1907.5,802.0,0.8172118067741394,0.48821988701820374,0.10536760114692721,74,-0.00011412681654941859,-0.024652183055877686
2220,Healthy,0.8401847575057737,2.7997537324919195,375.0,536.0,346.0,3984.0,0.6321233778446492,0.17667796610169492,0.03903256704980843,0.2992772667542707,978.0,3036.0,4013.0,4339.0,2133.0,1006.0,0.8334432244300842,0.5273458957672119,0.08798698894287428,79,-0.00041102584534100854,-0.07537680864334106
2221,Unhealthy,0.8579881656804734,3.042776432606941,381.0,531.0,312.0,4082.0,0.6473765432098766,0.18356316263599196,0.04477611940298507,0.3123391110348378,914.0,2945.5,3904.0,4270.0,2003.5,934.0,0.8457368016242981,0.5618591904640198,0.08672425653023565,79,-0.0002877139752858991,-0.06695151329040527
2222,Healthy,0.8381818181818181,2.740173861356713,375.5,598.5,356.0,4044.0,0.672564723412181,0.18251250987621806,0.049187989251080734,0.3479817708333333,879.0,3104.0,4069.0,4490.0,2003.0,888.0,0.8334187269210815,0.3876231610774994,0.0892413238939337,80,-0.00038759043337366903,-0.058947861194610596
2223,Healthy,0.8604982206405694,2.716040137786431,313.0,470.0,294.0,3921.0,0.6906833512562323,0.18973582828838745,0.04143080814163555,0.366438058859276,791.0,2944.5,3979.5,4323.5,1824.5,733.5,0.8502862453460693,0.5043008327484131,0.1060946624651327,75,-0.0003943793957350574,-0.05018019676208496
2224,Unhealthy,0.8421250469865932,2.7990171580876226,342.0,492.5,315.0,3675.5,0.6563641749777822,0.18661573288058858,0.0492931314900538,0.3218983291859225,870.0,2874.5,3799.5,4193.5,1907.5,802.0,0.8295220732688904,0.50661700963974,0.10683698181097985,74,-0.0001108216137410025,-0.032883286476135254
2225,Healthy,0.8567480423767849,2.8028933092224233,344.0,511.0,311.0,4031.0,0.6723122238586157,0.19306540583136328,0.04019237375472346,0.3504771146692544,890.0,3072.0,4191.0,4542.0,2008.0,856.0,0.8489874005317688,0.38961800932884216,0.07742217859664498,74,-0.0006767545641619111,-0.09552061557769775
2226,Healthy,0.8741413693773543,2.8267411865864145,326.0,504.0,284.0,4229.0,0.7060761346998536,0.20051513200257565,0.04565339315759955,0.3929870989083692,803.0,3104.0,4254.0,4661.0,1835.0,762.0,0.8685978055000305,0.37758225202560425,0.09262736096930577,74,-0.0008127486023638368,-0.09508007764816284
2227,Healthy,0.851169383416017,2.707800992033669,331.0,531.0,315.0,3918.0,0.6750335313278406,0.18278987958327697,0.0431980906921241,0.3624393624393624,848.0,3020.0,4009.0,4371.0,1840.0,765.0,0.8488485813140869,0.4783617854118347,0.07750703980325654,72,-0.0006912148021426483,-0.08757966756820679
2228,Healthy,0.8711547035220687,2.914677804295943,344.0,500.0,289.0,4197.0,0.7019519519519519,0.19065126050420167,0.04026614661007227,0.388168826852775,794.0,3082.0,4183.0,4534.0,1841.0,762.0,0.8678209781646729,0.3950192332267761,0.08123881665906017,73,-0.0006851649969138772,-0.09334224462509155
2229,Healthy,0.8825318825318825,2.865228291422928,298.5,445.0,251.0,4022.5,0.7122302158273381,0.19744356812618982,0.03685387966560697,0.3969901401141671,740.0,2951.0,4090.0,4403.0,1743.0,720.0,0.8764480948448181,0.5274910926818848,0.07857588854753146,72,-0.000643648693075291,-0.0817670226097107
2230,Healthy,0.8650919274321198,2.803867403314917,310.0,482.5,277.0,3829.5,0.6658979243958688,0.19062634370073098,0.045300113250283124,0.3266215253029223,833.0,2823.5,3793.5,4153.5,1889.5,778.5,0.8303564190864563,0.47999319434165955,0.0954867660178285,70,-0.0006003321749628275,-0.09470820426940918
2231,Healthy,0.8559049269621193,2.861754966887417,330.0,475.0,291.0,3748.0,0.6944498539435249,0.19110198494182068,0.0495145045534045,0.34721973895941355,784.5,2954.5,3940.0,4350.5,1825.5,746.0,0.8497589826583862,0.5269978642463684,0.09914767146160894,78,-0.0005802589878439659,-0.08145427703857422
2232,Healthy,0.8727056019070322,2.7642706131078225,296.0,449.0,267.0,3928.0,0.6977530324120104,0.20236586396282213,0.04683668464933791,0.3772007825004446,760.0,2832.0,3887.0,4269.0,1751.0,725.0,0.869494616985321,0.4800426959991455,0.09436438331158674,76,-0.00027874459419833657,-0.054085493087768555
2233,Healthy,0.8741086796164249,2.8618579938818227,299.0,434.0,256.0,3811.0,0.6902493411717008,0.19165356581392026,0.04643574297188755,0.35802469135802467,764.0,2828.0,3799.0,4169.0,1768.0,741.0,0.8705856204032898,0.48568132519721985,0.09002464033860226,73,-0.0007550036740803593,-0.08324992656707764
2234,Healthy,0.851085310449268,2.6014503934578,293.0,472.0,295.0,3667.0,0.6877249100359856,0.19119514604204882,0.046615422762211756,0.35267286991424923,781.0,2866.0,3845.0,4221.0,1774.0,742.0,0.8462602496147156,0.3716356158256531,0.09821901169031744,73,-0.0007322582351433957,-0.05339092016220093
2235,Healthy,0.8638743455497382,2.8593827364251525,313.0,464.0,273.0,3738.0,0.6902970297029702,0.18325478236761852,0.04556589906908378,0.3771551724137931,782.0,2946.0,3896.0,4268.0,1734.0,720.0,0.861315131187439,0.3580034375190735,0.11260554711687713,74,-0.0004998467280653581,-0.06120020151138306
2236,Healthy,0.8551491819056786,2.7554659637153045,325.0,495.0,301.0,3855.0,0.6902970297029702,0.18325478236761852,0.04556589906908378,0.3771551724137931,782.0,2946.0,3896.0,4268.0,1734.0,720.0,0.8579086065292358,0.4811002016067505,0.09968736259592102,73,-0.0004411420682395886,-0.06609314680099487
2237,Healthy,0.8593498949450006,2.849356610113925,322.5,486.5,284.5,3761.0,0.6711775398909311,0.18065068493150685,0.03762227238525207,0.3387358184764992,814.0,2871.0,3837.0,4137.0,1836.0,775.0,0.8540714979171753,0.3906990587711334,0.09530925437220578,70,-0.00024079931332904664,-0.07081425189971924
2238,Healthy,0.8624263839811543,2.906939812609179,341.0,487.5,292.0,3953.0,0.657884388517499,0.1768318213538032,0.04253214638971316,0.34984082065794125,870.0,2949.0,3872.0,4216.0,1838.0,779.0,0.8585790395736694,0.5603399276733398,0.07852924030082391,73,-0.00032699409735024987,-0.07685893774032593
2239,Healthy,0.8593498949450006,2.849356610113925,322.5,486.5,284.5,3761.0,0.6711775398909311,0.18065068493150685,0.03762227238525207,0.3387358184764992,814.0,2871.0,3837.0,4137.0,1836.0,775.0,0.8540714979171753,0.3906990587711334,0.09530925437220578,70,-0.00024079931332904664,-0.07081425189971924
2240,Healthy,0.8660074165636589,2.766108654453569,298.0,461.0,271.0,3774.0,0.6977530324120104,0.20236586396282213,0.04683668464933791,0.3772007825004446,760.0,2832.0,3887.0,4269.0,1751.0,725.0,0.8607807755470276,0.477215439081192,0.09122338934449649,76,-0.0003022394659218326,-0.05196017026901245
2241,Healthy,0.8660074165636589,2.766108654453569,298.0,461.0,271.0,3774.0,0.6977530324120104,0.20236586396282213,0.04683668464933791,0.3772007825004446,760.0,2832.0,3887.0,4269.0,1751.0,725.0,0.8607807755470276,0.477215439081192,0.09122338934449649,76,-0.0003022394659218326,-0.05196017026901245
2242,Healthy,0.8599439775910365,2.824174066074714,322.5,485.0,287.5,3818.0,0.6766843449224121,0.17478667767685108,0.04008772998659681,0.3640092741216337,823.0,2998.0,3939.0,4268.0,1783.0,729.0,0.8507243990898132,0.5145833492279053,0.09177412564461383,69,-0.00038017207584517624,-0.07026058435440063
2243,Healthy,0.8399623440809603,2.843824701195219,375.0,561.0,340.0,3909.0,0.6560235063663076,0.17432976802333658,0.04215976331360947,0.34232365145228216,878.0,2972.0,3885.0,4227.0,1902.0,825.0,0.8387340903282166,0.34320175647735596,0.0946658961379008,75,-0.00037673769221857194,-0.07328730821609497
2244,Healthy,0.8546827081858929,2.7847809377401997,337.0,529.0,308.0,3931.0,0.6601616400551942,0.18253299634934006,0.04116701693658054,0.3331028522039758,862.0,2911.0,3878.0,4211.0,1929.0,826.0,0.841362476348877,0.3220519721508026,0.10741364341632795,73,2.144733165016895e-05,-0.055569469928741455
2245,Healthy,0.8599313853069916,3.021197007481297,360.0,505.5,296.0,3930.5,0.6954222141163596,0.19370786516853933,0.04291243619229259,0.3506750082318077,835.0,3139.5,4265.5,4648.0,1972.0,826.0,0.8545277118682861,0.6059689521789551,0.06262628502921122,73,-0.00031311820720748704,-0.06631392240524292
2246,Healthy,0.8552056998391174,2.8300882263462124,352.0,513.0,315.0,4036.0,0.6802168021680217,0.19345524542829645,0.04101703046294075,0.3689802913453299,826.0,2933.0,3998.0,4340.0,1841.0,776.0,0.8553251624107361,0.3678373396396637,0.09138822550397101,74,-0.0003198043571495125,-0.07592993974685669
2247,Healthy,0.8569679157482244,2.8642763588736084,332.0,493.0,292.0,3791.0,0.6601616400551942,0.18253299634934006,0.04116701693658054,0.3331028522039758,862.0,2911.0,3878.0,4211.0,1929.0,826.0,0.8503547310829163,0.3156709372997284,0.09779690510884911,71,-0.0002438935457696451,-0.0716172456741333
2248,Healthy,0.8733472512178149,2.7647231605228373,303.0,450.0,273.0,4038.0,0.7228334298397993,0.20507627919535573,0.04214827787507297,0.3986013986013986,718.0,2944.0,4102.0,4463.0,1720.0,683.0,0.8723432421684265,0.4787878692150116,0.08660144924986322,73,-0.0006424951221934507,-0.06930261850357056
2249,Healthy,0.8690371854263178,2.808302314290338,295.0,451.5,261.5,3732.0,0.6963202587949858,0.19260838663823737,0.05006257822277847,0.3770582283138626,751.0,2840.0,3795.0,4195.0,1693.0,712.5,0.8616714477539062,0.44076719880104065,0.11398566710679708,75,-0.0006313012136565806,-0.08375668525695801
2250,Healthy,0.8515625,2.7232979387882574,322.0,501.0,304.0,3792.0,0.6697247706422018,0.183739837398374,0.04647819837086727,0.36004126547455295,864.0,3012.0,3980.0,4368.0,1861.0,779.0,0.8426282405853271,0.42064210772514343,0.10238110239322643,74,-0.000799065182395813,-0.054788053035736084
2251,Healthy,0.8617163183637172,2.8858610676792495,359.5,502.5,311.0,4187.0,0.7162547091794542,0.19119897959183674,0.04480617553280752,0.4005891016200295,772.0,3170.5,4269.0,4669.5,1831.5,754.0,0.8656321167945862,0.6328521966934204,0.05843786242836298,73,-0.0003346839529365094,-0.08103179931640625
2252,Healthy,0.8599453687608641,2.754533884823417,306.0,479.0,282.0,3745.0,0.68,0.19016110471806674,0.04853630718540109,0.34770488756736667,788.0,2815.0,3754.0,4137.0,1755.0,722.0,0.8603692650794983,0.47185492515563965,0.0897526661609148,74,-0.0002610618444838078,-0.046198248863220215
2253,Healthy,0.8569679157482244,2.8642763588736084,332.0,493.0,292.0,3791.0,0.6601616400551942,0.18253299634934006,0.04116701693658054,0.3331028522039758,862.0,2911.0,3878.0,4211.0,1929.0,826.0,0.8503547310829163,0.3156709372997284,0.09779690510884911,71,-0.0002438935457696451,-0.0716172456741333
2254,Healthy,0.8295177788602046,2.7036037466264484,361.0,570.0,350.0,3756.0,0.6597755463673951,0.17671691792294808,0.04435084241823588,0.33137149991082576,864.0,2949.0,3857.0,4215.0,1874.5,802.0,0.8238340020179749,0.4371233284473419,0.08309892835728579,71,-0.00031271867127377926,-0.05815368890762329
2255,Healthy,0.8472788300167825,2.7974352885300404,347.5,523.0,318.5,3852.5,0.6802168021680217,0.19345524542829645,0.04101703046294075,0.3689802913453299,826.0,2933.0,3998.0,4340.0,1841.0,776.0,0.833683967590332,0.3225509524345398,0.10713216457288115,74,-1.8464215770375723e-05,-0.049891769886016846
2256,Healthy,0.8518342067651262,2.941757156959526,362.0,535.0,311.0,3887.0,0.629432098765432,0.17148334871831286,0.0323509167135974,0.30480076395520445,938.0,2917.0,3866.0,4124.5,2002.0,899.5,0.8427464365959167,0.5140534043312073,0.0740937714616621,71,-0.00033768291584464314,-0.0533410906791687
2257,Healthy,0.8777994157740994,2.888034598750601,299.0,444.0,251.0,3857.0,0.7121335504885994,0.21059450122354972,0.05441323971915747,0.3912241887905605,707.0,2742.0,3771.0,4205.0,1651.0,684.0,0.877605676651001,0.3096385598182678,0.11803135385748098,78,-0.0007929906011405697,-0.08387267589569092
2258,Healthy,0.8542389687654933,2.822276822276822,327.0,482.0,294.0,3740.0,0.6711775398909311,0.18065068493150685,0.03762227238525207,0.3387358184764992,814.0,2871.0,3837.0,4137.0,1836.0,775.0,0.8512934446334839,0.5867623686790466,0.08007324528039084,70,-0.0004731810246607482,-0.07445478439331055
2259,Healthy,0.8644946316179193,2.8626890069472823,315.5,462.0,274.5,3777.0,0.702210397052804,0.19789716260982285,0.05158679984827412,0.3872864743769252,727.5,2784.5,3750.5,4158.5,1641.0,682.5,0.8622307777404785,0.36512309312820435,0.12219871560231794,75,-0.0006643625656903678,-0.07147318124771118
2260,Healthy,0.8727056019070322,2.7642706131078225,296.0,449.0,267.0,3928.0,0.6977530324120104,0.20236586396282213,0.04683668464933791,0.3772007825004446,760.0,2832.0,3887.0,4269.0,1751.0,725.0,0.869494616985321,0.4800426959991455,0.09436438331158674,76,-0.00027874459419833657,-0.054085493087768555
2261,Healthy,0.8295177788602046,2.7036037466264484,361.0,570.0,350.0,3756.0,0.6597755463673951,0.17671691792294808,0.04435084241823588,0.33137149991082576,864.0,2949.0,3857.0,4215.0,1874.5,802.0,0.8238340020179749,0.4371233284473419,0.08309892835728579,71,-0.00031271867127377926,-0.05815368890762329
2262,Unhealthy,0.8657557233609013,2.802871556072953,313.5,499.0,280.0,3891.5,0.6790693202576675,0.18063818280151434,0.04032882587716686,0.3659251595102604,834.5,3030.0,4027.5,4366.0,1838.5,739.0,0.8520071506500244,0.5229437351226807,0.0861195325094903,69,-0.0006152000910131237,-0.07772171497344971
2263,Healthy,0.8665173572228444,2.8212046084293423,337.0,494.0,298.0,4167.0,0.6978093989889533,0.18334855800600286,0.0433782073409274,0.36673880472781756,807.0,3129.0,4157.0,4534.0,1902.0,784.0,0.8604450821876526,0.48469290137290955,0.07675475573288076,75,-0.00046163493228452474,-0.04073750972747803
2264,Healthy,0.8775128564749883,2.8297904417307405,303.0,472.0,262.0,4016.0,0.7129149875263865,0.19956995027550062,0.04507668891230535,0.3997569866342649,748.0,2978.0,4078.0,4463.0,1729.0,700.0,0.8707928657531738,0.46450555324554443,0.0837339571591624,73,-0.00041504745805116995,-0.059351325035095215
2265,Healthy,0.8600741656365883,2.665083499310556,293.0,461.0,283.0,3762.0,0.6877249100359856,0.19119514604204882,0.046615422762211756,0.35267286991424923,781.0,2866.0,3845.0,4221.0,1774.0,742.0,0.8580357432365417,0.39211392402648926,0.09548666725975105,73,-0.0007181168596965098,-0.06539046764373779
2266,Healthy,0.8710960346239326,2.9085299172004375,327.0,467.0,275.5,3999.0,0.6839584996009577,0.1852267939896082,0.037237311048297896,0.38590809628008754,792.0,2901.0,3917.0,4220.0,1754.0,731.5,0.8694308400154114,0.49384188652038574,0.09561863879421864,74,-0.0004566444968739331,-0.06763404607772827
2267,Healthy,0.858955938697318,2.766039481801357,321.0,514.0,294.5,3881.5,0.6691305193542112,0.17210763556891134,0.041762777710331433,0.34794711203897005,850.5,3030.5,3946.5,4290.5,1874.0,772.5,0.8486526608467102,0.4415357708930969,0.09527343763011493,69,-0.0002301178896380478,-0.0672311782836914
2268,Healthy,0.872896316346946,2.808831326213739,306.5,479.0,270.0,3978.5,0.6826525708793849,0.17922812689432208,0.04556584054941774,0.36734339753600553,825.5,3046.5,3995.5,4377.0,1823.0,739.0,0.8661774396896362,0.5201161503791809,0.08668301121631218,69,-0.0005280314409620797,-0.07615405321121216
2269,Healthy,0.8532407407407407,2.7154854869603655,335.0,508.0,317.0,4003.0,0.7004371792434898,0.19423307969563477,0.04241435562805873,0.3678121810139503,788.0,3018.0,4109.0,4473.0,1858.0,766.0,0.8389381170272827,0.4472026824951172,0.09349869426588409,77,-0.0006355732450973094,-0.07006114721298218
2270,Healthy,0.8513810804204351,2.762531725888325,328.0,502.0,304.0,3787.0,0.6769624237654929,0.17783611993920131,0.04141722663408674,0.3600141043723554,821.0,2975.0,3923.0,4262.0,1815.0,743.0,0.8496701121330261,0.4694960117340088,0.07893002769690516,72,-0.0006343931569951826,-0.06137228012084961
2271,Healthy,0.8546827081858929,2.7847809377401997,337.0,529.0,308.0,3931.0,0.6601616400551942,0.18253299634934006,0.04116701693658054,0.3331028522039758,862.0,2911.0,3878.0,4211.0,1929.0,826.0,0.841362476348877,0.3220519721508026,0.10741364341632795,73,2.144733165016895e-05,-0.055569469928741455
2272,Healthy,0.8365853658536585,2.6767597939753394,343.0,545.0,335.0,3765.0,0.6576977544001619,0.17124070897655802,0.03997969285442315,0.34478394503706383,846.0,2899.0,3782.0,4097.0,1812.0,751.0,0.8276909589767456,0.4319741725921631,0.08272949967100038,72,-0.0006142363217541392,-0.04948854446411133
2273,Healthy,0.8660074165636589,2.766108654453569,298.0,461.0,271.0,3774.0,0.6977530324120104,0.20236586396282213,0.04683668464933791,0.3772007825004446,760.0,2832.0,3887.0,4269.0,1751.0,725.0,0.8607807755470276,0.477215439081192,0.09122338934449649,76,-0.0003022394659218326,-0.05196017026901245
2274,Healthy,0.8681159420289855,2.691328440916579,289.0,476.0,273.0,3867.0,0.6952380952380952,0.18321562110511008,0.036138733931603204,0.372974897632188,768.0,2949.0,3974.0,4272.0,1761.0,699.0,0.8628066182136536,0.5193961262702942,0.08734665993916547,70,-0.0005515433080485221,-0.0779377818107605
2275,Healthy,0.8551288283908605,2.8166533226581265,331.0,494.0,298.0,3816.0,0.6576977544001619,0.17124070897655802,0.03997969285442315,0.34478394503706383,846.0,2899.0,3782.0,4097.0,1812.0,751.0,0.8508968949317932,0.4480784833431244,0.08337513163639343,72,-0.0006513045464103419,-0.06415724754333496
2276,Healthy,0.8414814814814815,2.729894264658763,338.0,519.0,321.0,3729.0,0.6833868378812199,0.19226943299701577,0.04003966778232305,0.33915211970074816,789.0,2842.0,3872.0,4195.0,1855.0,789.0,0.8388944268226624,0.4737243056297302,0.09020626185809742,75,-0.0006028335151493357,-0.06799477338790894
2277,Healthy,0.8599250030240716,2.792661847894406,320.0,516.5,289.5,3844.0,0.6682188591385332,0.17740499828825745,0.041298292357999276,0.3327553320617305,855.0,3003.5,3958.0,4299.0,1924.0,785.0,0.8336371779441833,0.5159506797790527,0.0903623455475849,69,-0.0005276683395722664,-0.05542522668838501
2278,Healthy,0.8737185461323392,2.746850278347495,298.0,456.0,271.0,4021.0,0.7129149875263865,0.19956995027550062,0.04507668891230535,0.3997569866342649,748.0,2978.0,4078.0,4463.0,1729.0,700.0,0.8760293126106262,0.47249704599380493,0.08848525544166316,74,-0.0004273993217495746,-0.05653113126754761
2279,Healthy,0.8684446436575527,2.967756758826683,355.5,498.0,293.5,4168.5,0.6994545796501787,0.19785245575661164,0.04323731455290654,0.3601613038729732,799.0,3025.5,4143.5,4518.0,1904.0,795.0,0.8688158988952637,0.6075899600982666,0.06284910118732975,73,-0.0002586025167497231,-0.07632875442504883
2280,Healthy,0.8730527784236224,2.808946738479952,310.0,490.0,273.0,4028.0,0.7089639115250291,0.19543973941368079,0.04645360579779018,0.39057002111189304,750.0,2964.0,4013.0,4404.0,1732.0,705.0,0.865980863571167,0.44845259189605713,0.08814443227923052,75,-0.0006025056456119662,-0.0802910327911377
2281,Healthy,0.8393351800554016,2.736160188457008,351.5,530.5,333.5,3818.0,0.6397540170601071,0.16982734220209453,0.047389761784085147,0.2981773137497788,908.0,2933.0,3759.0,4133.0,1983.0,876.0,0.8292862176895142,0.32888102531433105,0.10189409203868191,75,9.221836665280726e-06,-0.05981379747390747
2282,Healthy,0.871421639980592,2.80143503353611,299.0,443.0,265.0,3857.0,0.7041396900137336,0.20071882775781033,0.04637995422238284,0.3675092805373873,754.0,2891.0,3958.0,4343.0,1789.0,750.0,0.8698208332061768,0.4489575922489166,0.0853054292527776,75,-0.0006373738735703311,-0.08852088451385498
2283,Healthy,0.8647232976542929,2.840365050867744,338.0,504.0,297.0,4094.0,0.6978093989889533,0.18334855800600286,0.0433782073409274,0.36673880472781756,807.0,3129.0,4157.0,4534.0,1902.0,784.0,0.8622511625289917,0.48882895708084106,0.07916157102305656,75,-0.0004503188237948321,-0.04663509130477905
2284,Healthy,0.8399623440809603,2.843824701195219,375.0,561.0,340.0,3909.0,0.6560235063663076,0.17432976802333658,0.04215976331360947,0.34232365145228216,878.0,2972.0,3885.0,4227.0,1902.0,825.0,0.8387340903282166,0.34320175647735596,0.0946658961379008,75,-0.00037673769221857194,-0.07328730821609497
2285,Healthy,0.8764132990036941,3.0227799227799226,348.0,485.0,276.0,4190.5,0.6894752387515999,0.19042663891779396,0.04328793774319066,0.37005102938588774,788.5,2917.5,3934.0,4290.0,1790.0,736.5,0.8697815537452698,0.5766519904136658,0.07262169744975973,73,-0.00033203881003074294,-0.06738603115081787
2286,Healthy,0.8366940502862833,2.8050408946753462,355.0,538.0,328.0,3689.0,0.6802168021680217,0.19345524542829645,0.04101703046294075,0.3689802913453299,826.0,2933.0,3998.0,4340.0,1841.0,776.0,0.8239923119544983,0.31202712655067444,0.10993315866730817,72,-3.5816249927573914e-05,-0.03521299362182617
2287,Healthy,0.8710598310931367,2.8169718418218186,308.0,469.0,271.0,3932.5,0.6826525708793849,0.17922812689432208,0.04556584054941774,0.36734339753600553,825.5,3046.5,3995.5,4377.0,1823.0,739.0,0.8624066710472107,0.5192902684211731,0.0866020039608774,69,-0.0004777313576280324,-0.07282775640487671
2288,Healthy,0.8617272298253893,2.854016880275086,334.0,505.0,293.0,3945.0,0.6673874582268527,0.18314967219974893,0.04806623007537378,0.3607450360217888,846.0,2928.0,3852.0,4241.0,1819.0,757.0,0.8581973314285278,0.41641151905059814,0.10393627415466926,70,-6.251361891135643e-05,-0.06069004535675049
2289,Healthy,0.8730527784236224,2.808946738479952,310.0,490.0,273.0,4028.0,0.7089639115250291,0.19543973941368079,0.04645360579779018,0.39057002111189304,750.0,2964.0,4013.0,4404.0,1732.0,705.0,0.865980863571167,0.44845259189605713,0.08814443227923052,75,-0.0006025056456119662,-0.0802910327911377
2290,Healthy,0.8735216027033551,2.94443088438695,317.5,462.0,262.0,3881.0,0.6963202587949858,0.19260838663823737,0.05006257822277847,0.3770582283138626,751.0,2840.0,3795.0,4195.0,1693.0,712.5,0.8678567409515381,0.42487046122550964,0.11457999184340875,75,-0.0006579113060276598,-0.07070398330688477
2291,Healthy,0.7780673181324647,2.3427487903753104,445.0,668.0,511.0,4094.0,0.6567068125402225,0.17793175578506995,0.04210039324543141,0.3280522662311147,933.5,3144.0,4141.0,4505.0,2057.0,889.0,0.7644656300544739,0.44465503096580505,0.07693549828498888,75,-0.00019711381560318767,0.003302156925201416
2292,Healthy,0.8620170597089815,2.6826983135540288,288.0,461.0,275.0,3711.0,0.6999008919722498,0.1945953475414403,0.042548018477996594,0.3694598959267899,757.0,2891.0,3938.0,4288.0,1757.0,733.0,0.8589061498641968,0.4798937737941742,0.08684100442820228,73,-0.0007161626274787458,-0.07765990495681763
2293,Healthy,0.8693301997649824,2.797186932849365,312.0,494.0,278.0,3977.0,0.7129149875263865,0.19956995027550062,0.04507668891230535,0.3997569866342649,748.0,2978.0,4078.0,4463.0,1729.0,700.0,0.8626271486282349,0.4740585684776306,0.08509452367089719,73,-0.0003525147376600418,-0.05336993932723999
2294,Healthy,0.8698979591836735,2.864014659845766,325.5,495.5,280.5,4031.5,0.6711775398909311,0.18065068493150685,0.03762227238525207,0.3387358184764992,814.0,2871.0,3837.0,4137.0,1836.0,775.0,0.8606759905815125,0.452869176864624,0.09799766245120566,69,-0.00011328787789307184,-0.06019514799118042
2295,Healthy,0.8724981467753892,2.804161372299873,292.0,449.0,258.0,3789.0,0.6902493411717008,0.19165356581392026,0.04643574297188755,0.35802469135802467,764.0,2828.0,3799.0,4169.0,1768.0,741.0,0.8688451051712036,0.49234887957572937,0.08957200935957224,73,-0.0007904244372480561,-0.09797364473342896
2296,Healthy,0.8567441860465116,2.7670121676430823,335.0,524.0,308.0,3992.0,0.6426858513189448,0.16463587418532163,0.03853442830069488,0.3227665706051873,894.0,2948.0,3805.0,4110.0,1880.0,822.0,0.8518083095550537,0.5213878154754639,0.07151075901861241,71,-0.0003559591504249582,-0.06204336881637573
2297,Healthy,0.8761020881670534,2.894817540631708,318.0,457.0,267.0,4043.0,0.7089639115250291,0.19543973941368079,0.04645360579779018,0.39057002111189304,750.0,2964.0,4013.0,4404.0,1732.0,705.0,0.872424840927124,0.45552024245262146,0.08993598762376606,76,-0.0007094149455677491,-0.08217674493789673
2298,Healthy,0.8772858517805582,2.7985876573533925,290.0,446.0,255.0,3901.0,0.7101214574898785,0.19558448910274553,0.03924221921515562,0.38401001609729923,716.0,2842.0,3905.0,4224.0,1722.0,706.0,0.8739985823631287,0.49838003516197205,0.09098047780641061,74,-0.0007770506178506655,-0.0887107253074646
2299,Healthy,0.8541766109785203,2.7554084225113558,329.5,542.0,305.5,3884.5,0.6686649538490818,0.18222881413065461,0.049368679313027346,0.3531649948114839,870.5,3032.5,3971.5,4384.0,1870.0,778.5,0.8317261338233948,0.5855975151062012,0.07504139443628208,69,-0.0005455119192969951,-0.05786103010177612
2300,Healthy,0.8479623824451411,2.7848318462594372,316.0,465.0,291.0,3537.0,0.68,0.19016110471806674,0.04853630718540109,0.34770488756736667,788.0,2815.0,3754.0,4137.0,1755.0,722.0,0.8494316935539246,0.47303780913352966,0.08933668263994453,76,-0.000300083110952518,-0.060078322887420654
2301,Healthy,0.8601169590643275,2.9394835718282835,352.5,505.0,299.0,3976.0,0.6907334799655733,0.19185654577322367,0.04006118006941585,0.3665925038507616,808.5,2997.0,4079.5,4420.0,1850.5,769.5,0.8585323095321655,0.619240939617157,0.06285726478891679,73,-0.00031581014386197537,-0.061095356941223145
2302,Healthy,0.8437730287398674,2.8137287024901703,348.0,524.0,318.0,3753.0,0.657884388517499,0.1768318213538032,0.04253214638971316,0.34984082065794125,870.0,2949.0,3872.0,4216.0,1838.0,779.0,0.8368666768074036,0.5182008147239685,0.07762738403986978,71,-0.00034411138581662146,-0.07934290170669556
2303,Healthy,0.8492182976259409,2.7757589522295403,352.5,532.5,325.5,3992.0,0.6567068125402225,0.17793175578506995,0.04210039324543141,0.3280522662311147,933.5,3144.0,4141.0,4505.0,2057.0,889.0,0.8374221324920654,0.44721323251724243,0.0982668554622811,76,-0.00039837396801042945,-0.016564607620239258
2304,Healthy,0.8595974472263133,2.868140868140868,327.0,482.0,286.0,3788.0,0.657884388517499,0.1768318213538032,0.04253214638971316,0.34984082065794125,870.0,2949.0,3872.0,4216.0,1838.0,779.0,0.8565157651901245,0.4859437644481659,0.08803811678154855,73,-0.00037825822968676567,-0.08233439922332764
2305,Healthy,0.87847866419295,2.8391545495427972,305.0,460.0,262.0,4050.0,0.7228334298397993,0.20507627919535573,0.04214827787507297,0.3986013986013986,718.0,2944.0,4102.0,4463.0,1720.0,683.0,0.8724287152290344,0.3823690414428711,0.10165015882741515,75,-0.0007359876684012824,-0.06728285551071167
2306,Healthy,0.8567027952082145,2.8684391473756587,357.5,519.0,314.0,4068.5,0.6954222141163596,0.19370786516853933,0.04291243619229259,0.3506750082318077,835.0,3139.5,4265.5,4648.0,1972.0,826.0,0.852688193321228,0.6135855317115784,0.059439158319534974,73,-0.00029627994920472186,-0.05476236343383789
2307,Healthy,0.8479623824451411,2.7848318462594372,316.0,465.0,291.0,3537.0,0.68,0.19016110471806674,0.04853630718540109,0.34770488756736667,788.0,2815.0,3754.0,4137.0,1755.0,722.0,0.8494316935539246,0.47303780913352966,0.08933668263994453,76,-0.000300083110952518,-0.060078322887420654
2308,Healthy,0.869805428777324,2.794844087681383,304.0,456.0,271.0,3892.0,0.7041396900137336,0.20071882775781033,0.04637995422238284,0.3675092805373873,754.0,2891.0,3958.0,4343.0,1789.0,750.0,0.8671994209289551,0.4390065670013428,0.08749016753633738,74,-0.0007265150833226001,-0.08879023790359497
2309,Healthy,0.8619432143787444,2.8711496746203906,304.5,448.0,265.0,3574.0,0.702210397052804,0.19789716260982285,0.05158679984827412,0.3872864743769252,727.5,2784.5,3750.5,4158.5,1641.0,682.5,0.8622866272926331,0.37268519401550293,0.12110823380948105,75,-0.0006818041160372071,-0.08020204305648804
2310,Healthy,0.8603406326034063,2.892670157068063,332.0,496.0,287.0,3823.0,0.6601616400551942,0.18253299634934006,0.04116701693658054,0.3331028522039758,862.0,2911.0,3878.0,4211.0,1929.0,826.0,0.8512616157531738,0.5992812514305115,0.0766760349836523,69,-0.0006508733612500227,-0.08900630474090576
2311,Healthy,0.8633288227334236,2.753956834532374,330.0,509.0,303.0,4131.0,0.7004371792434898,0.19423307969563477,0.04241435562805873,0.3678121810139503,788.0,3018.0,4109.0,4473.0,1858.0,766.0,0.858505129814148,0.425575852394104,0.10334505278977328,76,-0.0006928280283420115,-0.05628836154937744
2312,Healthy,0.8534209885561237,2.82615707144009,335.0,493.0,301.0,3806.0,0.6833868378812199,0.19226943299701577,0.04003966778232305,0.33915211970074816,789.0,2842.0,3872.0,4195.0,1855.0,789.0,0.8443056344985962,0.4631812870502472,0.09817083896906596,75,-0.0006966543466783036,-0.0649878978729248
2313,Healthy,0.8698010849909584,2.856718634001485,333.0,487.0,288.0,4136.0,0.6988416988416989,0.1891891891891892,0.037980655815050716,0.37292161520190026,780.0,3000.0,4078.0,4400.0,1848.0,760.0,0.862241268157959,0.4448258876800537,0.10672267018994487,76,-0.0007452669019029778,-0.05352461338043213
2314,Healthy,0.8620170597089815,2.6826983135540288,288.0,461.0,275.0,3711.0,0.6999008919722498,0.1945953475414403,0.042548018477996594,0.3694598959267899,757.0,2891.0,3938.0,4288.0,1757.0,733.0,0.8589061498641968,0.4798937737941742,0.08684100442820228,73,-0.0007161626274787458,-0.07765990495681763
2315,Healthy,0.8534358481499279,2.738205365402405,326.0,505.0,305.0,3857.0,0.6769624237654929,0.17783611993920131,0.04141722663408674,0.3600141043723554,821.0,2975.0,3923.0,4262.0,1815.0,743.0,0.843254804611206,0.42960551381111145,0.09386103641679445,73,-0.0007101384919704869,-0.054186463356018066
2316,Healthy,0.8660703777803931,2.8472490907683974,325.5,471.5,284.5,3964.0,0.6831742243436754,0.19021165881442936,0.044427989633469084,0.3468171557562077,796.5,2879.0,3871.5,4231.5,1808.5,745.5,0.8644492626190186,0.4567226767539978,0.09423006650307376,73,-0.0003857087030751029,-0.07835859060287476
2317,Healthy,0.8672663182204935,2.8374294122325616,311.5,466.5,273.0,3840.5,0.6963202587949858,0.19260838663823737,0.05006257822277847,0.3770582283138626,751.0,2840.0,3795.0,4195.0,1693.0,712.5,0.8656406402587891,0.40909090638160706,0.11363604036262752,75,-0.0006407955074900793,-0.07273352146148682
2318,Healthy,0.8647232976542929,2.963396550378522,356.5,502.0,297.0,4094.0,0.6964269054949156,0.1864030795328505,0.042481224559995416,0.3638167686456094,813.5,3117.5,4175.5,4546.0,1923.5,792.0,0.8601840138435364,0.6110999584197998,0.060650948802158135,73,-0.00027074419610608933,-0.05940902233123779
2319,Healthy,0.8558252427184466,2.7820735363736784,325.0,503.0,297.0,3823.0,0.6524695060987803,0.1712018140589569,0.03858238029408068,0.34054245701116825,869.0,2924.0,3825.0,4132.0,1860.0,784.0,0.85109543800354,0.46468254923820496,0.07905546659270175,72,-0.0006189512279603019,-0.05597507953643799
2320,Healthy,0.8815884476534296,2.780476696523455,279.0,435.0,246.0,3909.0,0.7101214574898785,0.19558448910274553,0.03924221921515562,0.38401001609729923,716.0,2842.0,3905.0,4224.0,1722.0,706.0,0.8772470355033875,0.4823969900608063,0.09610946356423093,74,-0.0007824920714979283,-0.08105158805847168
2321,Healthy,0.8751171508903468,2.8433313032886725,309.0,463.0,266.5,4001.5,0.6790693202576675,0.18063818280151434,0.04032882587716686,0.3659251595102604,834.5,3030.0,4027.5,4366.0,1838.5,739.0,0.8565356731414795,0.5236654281616211,0.08627447161378647,69,-0.0005980501374535819,-0.07564640045166016
2322,Healthy,0.8185062452204945,2.7980132450331126,378.0,531.0,356.0,3567.0,0.6560235063663076,0.17432976802333658,0.04215976331360947,0.34232365145228216,878.0,2972.0,3885.0,4227.0,1902.0,825.0,0.8221511244773865,0.3189954459667206,0.10540900443789096,76,-0.0001345568173112784,-0.08493787050247192
2323,Healthy,0.8658919233004068,2.8571976378556636,331.5,513.5,288.5,4014.0,0.6673874582268527,0.18314967219974893,0.04806623007537378,0.3607450360217888,846.0,2928.0,3852.0,4241.0,1819.0,757.0,0.8581456542015076,0.4836992621421814,0.0922860445930615,69,-0.00017074045534537817,-0.061734139919281006
2324,Healthy,0.8607160372731731,2.7323680523120037,305.0,479.0,284.0,3794.0,0.6999008919722498,0.1945953475414403,0.042548018477996594,0.3694598959267899,757.0,2891.0,3938.0,4288.0,1757.0,733.0,0.8503656387329102,0.44058501720428467,0.08642856872477163,73,-0.0007204133726751923,-0.07413214445114136
2325,Healthy,0.8518342067651262,2.941757156959526,362.0,535.0,311.0,3887.0,0.629432098765432,0.17148334871831286,0.0323509167135974,0.30480076395520445,938.0,2917.0,3866.0,4124.5,2002.0,899.5,0.8427464365959167,0.5140534043312073,0.0740937714616621,71,-0.00033768291584464314,-0.0533410906791687
2326,Healthy,0.8492182976259409,2.7757589522295403,352.5,532.5,325.5,3992.0,0.6567068125402225,0.17793175578506995,0.04210039324543141,0.3280522662311147,933.5,3144.0,4141.0,4505.0,2057.0,889.0,0.8374221324920654,0.44721323251724243,0.0982668554622811,76,-0.00039837396801042945,-0.016564607620239258
2327,Healthy,0.8314568406687137,2.655648383581547,374.5,580.0,370.5,4026.0,0.6476516105812489,0.18096220817747968,0.047297683728910495,0.32406434403039364,979.0,3175.0,4164.5,4578.0,2090.5,927.5,0.8119897246360779,0.4586155116558075,0.08572580881471949,76,-0.0003742529594670942,-0.013773441314697266
2328,Healthy,0.8617272298253893,2.854016880275086,334.0,505.0,293.0,3945.0,0.6673874582268527,0.18314967219974893,0.04806623007537378,0.3607450360217888,846.0,2928.0,3852.0,4241.0,1819.0,757.0,0.8581973314285278,0.41641151905059814,0.10393627415466926,70,-6.251361891135643e-05,-0.06069004535675049
2329,Healthy,0.8770589639532108,2.7655250282273243,287.5,446.0,257.5,3931.5,0.6952380952380952,0.18321562110511008,0.036138733931603204,0.372974897632188,768.0,2949.0,3974.0,4272.0,1761.0,699.0,0.866666853427887,0.5270241498947144,0.08720407669687084,69,-0.0005559563453344283,-0.0835915207862854
2330,Healthy,0.8767948124131543,2.784642541924095,300.0,464.0,266.0,4052.0,0.7129149875263865,0.19956995027550062,0.04507668891230535,0.3997569866342649,748.0,2978.0,4078.0,4463.0,1729.0,700.0,0.8739769458770752,0.4671592712402344,0.08460289234853875,74,-0.0005511312678556199,-0.06427377462387085
2331,Unhealthy,0.8712370907492859,2.941831132215462,353.0,510.5,293.0,4258.0,0.6964269054949156,0.1864030795328505,0.042481224559995416,0.3638167686456094,813.5,3117.5,4175.5,4546.0,1923.5,792.0,0.8642002940177917,0.5920149683952332,0.05456398383080354,71,-0.0002004068534297394,-0.048121750354766846
2332,Healthy,0.8482879280179955,2.713463383434602,319.0,473.0,303.5,3697.5,0.6597755463673951,0.17671691792294808,0.04435084241823588,0.33137149991082576,864.0,2949.0,3857.0,4215.0,1874.5,802.0,0.8472453951835632,0.4106966555118561,0.09492234207618076,73,-0.0004060782109035279,-0.0901104211807251
2333,Healthy,0.8702776513427402,2.7441693577323285,311.5,484.5,285.0,4109.0,0.6826525708793849,0.17922812689432208,0.04556584054941774,0.36734339753600553,825.5,3046.5,3995.5,4377.0,1823.0,739.0,0.8595862984657288,0.5244380235671997,0.08168217512406863,69,-0.0005808284662912598,-0.08241862058639526
2334,Healthy,0.8634032634032635,2.8287765388727664,331.0,495.0,293.0,3997.0,0.7004371792434898,0.19423307969563477,0.04241435562805873,0.3678121810139503,788.0,3018.0,4109.0,4473.0,1858.0,766.0,0.860326886177063,0.45236310362815857,0.09524603866931663,77,-0.0006771985511180899,-0.0760313868522644
2335,Healthy,0.7780673181324647,2.3427487903753104,445.0,668.0,511.0,4094.0,0.6567068125402225,0.17793175578506995,0.04210039324543141,0.3280522662311147,933.5,3144.0,4141.0,4505.0,2057.0,889.0,0.7644656300544739,0.44465503096580505,0.07693549828498888,75,-0.00019711381560318767,0.003302156925201416
2336,Healthy,0.8569679157482244,2.8642763588736084,332.0,493.0,292.0,3791.0,0.6601616400551942,0.18253299634934006,0.04116701693658054,0.3331028522039758,862.0,2911.0,3878.0,4211.0,1929.0,826.0,0.8503547310829163,0.3156709372997284,0.09779690510884911,71,-0.0002438935457696451,-0.0716172456741333
2337,Healthy,0.8657557233609013,2.802871556072953,313.5,499.0,280.0,3891.5,0.6790693202576675,0.18063818280151434,0.04032882587716686,0.3659251595102604,834.5,3030.0,4027.5,4366.0,1838.5,739.0,0.8520071506500244,0.5229437351226807,0.0861195325094903,69,-0.0006152000910131237,-0.07772171497344971
2338,Healthy,0.8790896159317212,2.8378998928516763,297.0,433.5,255.0,3963.0,0.6952380952380952,0.18321562110511008,0.036138733931603204,0.372974897632188,768.0,2949.0,3974.0,4272.0,1761.0,699.0,0.8737155199050903,0.5256110429763794,0.09064560485681745,69,-0.0004952817791160183,-0.08902579545974731
2339,Healthy,0.8699267717512722,2.8187082763612965,297.5,443.5,262.0,3766.5,0.6963202587949858,0.19260838663823737,0.05006257822277847,0.3770582283138626,751.0,2840.0,3795.0,4195.0,1693.0,712.5,0.8683602809906006,0.43507716059684753,0.11566197836441372,75,-0.0006677276838179943,-0.09151321649551392
2340,Healthy,0.8632226322263222,2.9428044280442807,330.0,499.0,278.0,3787.0,0.6902493411717008,0.19165356581392026,0.04643574297188755,0.35802469135802467,764.0,2828.0,3799.0,4169.0,1768.0,741.0,0.8543654680252075,0.44550028443336487,0.08809047034511518,73,-0.0007549121183830978,-0.0870022177696228
2341,Unhealthy,0.8592988158811238,2.8334098912877046,341.0,497.0,303.0,4004.0,0.6833868378812199,0.19226943299701577,0.04003966778232305,0.33915211970074816,789.0,2842.0,3872.0,4195.0,1855.0,789.0,0.8579418659210205,0.3955305516719818,0.10449279425758579,75,-0.0007023255269644341,-0.08059442043304443
2342,Healthy,0.8551288283908605,2.8166533226581265,331.0,494.0,298.0,3816.0,0.6576977544001619,0.17124070897655802,0.03997969285442315,0.34478394503706383,846.0,2899.0,3782.0,4097.0,1812.0,751.0,0.8508968949317932,0.4480784833431244,0.08337513163639343,72,-0.0006513045464103419,-0.06415724754333496
2343,Healthy,0.8735216027033551,2.94443088438695,317.5,462.0,262.0,3881.0,0.6963202587949858,0.19260838663823737,0.05006257822277847,0.3770582283138626,751.0,2840.0,3795.0,4195.0,1693.0,712.5,0.8678567409515381,0.42487046122550964,0.11457999184340875,75,-0.0006579113060276598,-0.07070398330688477
2344,Healthy,0.8684085510688836,2.768857921841866,306.0,463.0,277.0,3933.0,0.6877249100359856,0.19119514604204882,0.046615422762211756,0.35267286991424923,781.0,2866.0,3845.0,4221.0,1774.0,742.0,0.865466833114624,0.41228392720222473,0.09239045316080126,73,-0.0006883833786357902,-0.05969017744064331
2345,Healthy,0.8738694695673429,2.9452957653649694,313.0,447.0,258.0,3833.0,0.702210397052804,0.19789716260982285,0.05158679984827412,0.3872864743769252,727.5,2784.5,3750.5,4158.5,1641.0,682.5,0.874106228351593,0.31014949083328247,0.12923741795487798,76,-0.0006081619574335582,-0.05986076593399048
2346,Healthy,0.8605450527866437,2.7200062082880647,303.0,475.0,284.0,3789.0,0.6877249100359856,0.19119514604204882,0.046615422762211756,0.35267286991424923,781.0,2866.0,3845.0,4221.0,1774.0,742.0,0.8604182600975037,0.4917149841785431,0.08002988952613778,72,-0.000625597441112764,-0.0684775710105896
2347,Unhealthy,0.8690371854263178,2.808302314290338,295.0,451.5,261.5,3732.0,0.6963202587949858,0.19260838663823737,0.05006257822277847,0.3770582283138626,751.0,2840.0,3795.0,4195.0,1693.0,712.5,0.8616714477539062,0.44076719880104065,0.11398566710679708,75,-0.0006313012136565806,-0.08375668525695801
2348,Healthy,0.8741086796164249,2.8618579938818227,299.0,434.0,256.0,3811.0,0.6902493411717008,0.19165356581392026,0.04643574297188755,0.35802469135802467,764.0,2828.0,3799.0,4169.0,1768.0,741.0,0.8705856204032898,0.48568132519721985,0.09002464033860226,73,-0.0007550036740803593,-0.08324992656707764
2349,Healthy,0.8576877234803337,2.9542655390426145,352.5,512.5,298.5,3896.5,0.690752527143392,0.1913209786981468,0.04181325335947863,0.3706825318129235,826.0,3065.5,4153.5,4516.0,1904.0,800.5,0.8520812392234802,0.6084766983985901,0.061329950397688314,73,-0.0003182274796655306,-0.051586270332336426
2350,Unhealthy,0.8612188997945674,2.984260064858024,365.5,522.0,304.0,4077.0,0.690752527143392,0.1913209786981468,0.04181325335947863,0.3706825318129235,826.0,3065.5,4153.5,4516.0,1904.0,800.5,0.8565072417259216,0.6187600493431091,0.05986525133189042,73,-0.0002854792633927938,-0.04622906446456909
2351,Healthy,0.8617594254937163,2.8596961572832886,352.0,515.0,308.0,4148.0,0.7007844602166604,0.18908331156960043,0.042830966559780116,0.3699596774193548,801.0,3105.0,4179.0,4553.0,1875.0,770.0,0.8604793548583984,0.46955394744873047,0.08952283450195726,74,-0.0006880830298565117,-0.06737267971038818
2352,Unhealthy,0.8654038997214485,2.836949375410914,343.5,549.5,302.0,4185.5,0.6647097195042401,0.18077863705466324,0.04187565612970955,0.36595601812993117,899.5,3098.5,4107.0,4466.0,1888.5,771.0,0.8440803289413452,0.5351875424385071,0.08191613776369042,69,-0.0007177629505823757,-0.0886337161064148
2353,Healthy,0.8717512752003886,2.76246921182266,292.0,475.0,264.0,3853.0,0.6953907815631263,0.1900407933605289,0.04470239565324772,0.35143713630752954,760.0,2879.0,3868.0,4230.0,1839.0,783.0,0.8672538995742798,0.5025966763496399,0.08817691286738806,74,-0.0007523843096554957,-0.08724653720855713
2354,Healthy,0.872986224608919,2.8036892621475706,308.0,462.0,272.0,4011.0,0.7135629499902705,0.20152817574021012,0.04299419637569584,0.4010416666666667,736.0,2926.0,4040.0,4403.0,1725.0,693.0,0.8724830150604248,0.4259706437587738,0.09183124706070267,74,-0.0006658580298673607,-0.06765574216842651
2355,Healthy,0.8634032634032635,2.8287765388727664,331.0,495.0,293.0,3997.0,0.7004371792434898,0.19423307969563477,0.04241435562805873,0.3678121810139503,788.0,3018.0,4109.0,4473.0,1858.0,766.0,0.860326886177063,0.45236310362815857,0.09524603866931663,77,-0.0006771985511180899,-0.0760313868522644
2356,Healthy,0.8746518105849582,2.8807339449541285,292.0,425.5,247.5,3701.5,0.7017255546425637,0.19503750721292556,0.04741433809584018,0.35142118863049093,726.0,2790.0,3767.0,4142.0,1757.0,733.0,0.8698283433914185,0.45086899399757385,0.09042323381318444,71,-0.0005843307874173843,-0.06558644771575928
2357,Healthy,0.8729112732407626,2.8774243599689684,317.0,446.0,270.0,3979.0,0.7135629499902705,0.20152817574021012,0.04299419637569584,0.4010416666666667,736.0,2926.0,4040.0,4403.0,1725.0,693.0,0.8733276128768921,0.4259451925754547,0.09633038714133355,74,-0.0007334181582281021,-0.0794265866279602
2358,Healthy,0.8534209885561237,2.82615707144009,335.0,493.0,301.0,3806.0,0.6833868378812199,0.19226943299701577,0.04003966778232305,0.33915211970074816,789.0,2842.0,3872.0,4195.0,1855.0,789.0,0.8443056344985962,0.4631812870502472,0.09817083896906596,75,-0.0006966543466783036,-0.0649878978729248
2359,Healthy,0.8658919233004068,2.8571976378556636,331.5,513.5,288.5,4014.0,0.6673874582268527,0.18314967219974893,0.04806623007537378,0.3607450360217888,846.0,2928.0,3852.0,4241.0,1819.0,757.0,0.8581456542015076,0.4836992621421814,0.0922860445930615,69,-0.00017074045534537817,-0.061734139919281006
2360,Healthy,0.8772462077012836,2.761128250330542,293.0,443.0,263.0,4022.0,0.7216117216117216,0.2022078621432418,0.044444444444444446,0.4040858725761773,722.0,2963.0,4085.0,4465.0,1721.0,685.0,0.8745793104171753,0.4307304918766022,0.09626247751927314,74,-0.00045072150119337316,-0.05348825454711914
2361,Unhealthy,0.8521508476530966,2.8189378910422707,355.0,534.0,320.5,4015.0,0.6998618148318747,0.1863186318631863,0.04130925507900677,0.3742998352553542,814.5,3164.0,4247.0,4613.0,1899.0,782.5,0.8406732082366943,0.4561980366706848,0.09935462848079248,76,-0.000350124819802452,-0.023896634578704834
2362,Healthy,0.8534358481499279,2.738205365402405,326.0,505.0,305.0,3857.0,0.6769624237654929,0.17783611993920131,0.04141722663408674,0.3600141043723554,821.0,2975.0,3923.0,4262.0,1815.0,743.0,0.843254804611206,0.42960551381111145,0.09386103641679445,73,-0.0007101384919704869,-0.054186463356018066
2363,Healthy,0.8425655976676385,2.695057506994094,336.0,530.0,324.0,3792.0,0.6865729898516784,0.19216443647399642,0.052106160214268324,0.35079805690492716,803.0,2928.0,3893.0,4321.0,1871.0,782.0,0.8345825672149658,0.423643559217453,0.0957763730711652,77,-0.0007378998297699273,-0.048218607902526855
2364,Healthy,0.8645972705378646,2.7610664843616477,277.0,431.0,253.0,3484.0,0.7098434925864909,0.20193977996525767,0.04473104749921359,0.37680890538033396,704.5,2756.5,3796.0,4151.5,1679.5,689.0,0.8647417426109314,0.3640538454055786,0.11395989201463262,76,-0.0007398691030574556,-0.08272457122802734
2365,Healthy,0.870253164556962,2.8184480234260616,326.0,485.0,287.0,4137.0,0.6988416988416989,0.1891891891891892,0.037980655815050716,0.37292161520190026,780.0,3000.0,4078.0,4400.0,1848.0,760.0,0.860551118850708,0.4449760913848877,0.10714593515345276,76,-0.00072730881292387,-0.056217193603515625
2366,Healthy,0.8518342067651262,2.941757156959526,362.0,535.0,311.0,3887.0,0.629432098765432,0.17148334871831286,0.0323509167135974,0.30480076395520445,938.0,2917.0,3866.0,4124.5,2002.0,899.5,0.8427464365959167,0.5140534043312073,0.0740937714616621,71,-0.00033768291584464314,-0.0533410906791687
2367,Unhealthy,0.8572822639668212,2.7293203883495147,312.5,467.0,292.5,3806.5,0.691411648568608,0.18821081830790568,0.038361311435670564,0.3787256358709903,781.5,2926.5,3967.0,4283.5,1777.0,726.5,0.8539038896560669,0.37851405143737793,0.10940096202021142,75,-0.0007197578593904108,-0.07355087995529175
2368,Healthy,0.8650985818056036,2.779918488329011,323.5,529.0,292.5,4044.0,0.6656632173095014,0.18213379623447723,0.04843675982946471,0.3428133514986376,888.5,3062.5,4017.5,4426.5,1929.5,805.0,0.8442342877388,0.5680170655250549,0.07583779934594569,69,-0.0005955967158083059,-0.06663960218429565
2369,Healthy,0.8742169882235029,2.874443895205141,295.0,430.0,251.0,3740.0,0.7121335504885994,0.21059450122354972,0.05441323971915747,0.3912241887905605,707.0,2742.0,3771.0,4205.0,1651.0,684.0,0.8708464503288269,0.359050452709198,0.11317225519811273,78,-0.0007345179845561689,-0.07531559467315674
2370,Healthy,0.8698089463448118,3.0204195137454315,353.0,485.0,284.5,4086.0,0.6894752387515999,0.19042663891779396,0.04328793774319066,0.37005102938588774,788.5,2917.5,3934.0,4290.0,1790.0,736.5,0.8677855730056763,0.5018001794815063,0.08336776224722017,73,-0.00035939722085751746,-0.07772338390350342
2371,Healthy,0.8762246117084826,2.9047845373891,310.0,467.0,259.0,3926.0,0.7033434650455928,0.19335604770017037,0.0453923641338142,0.3803836409699602,732.0,2841.0,3838.0,4203.0,1712.0,705.0,0.8743401765823364,0.29898515343666077,0.12182134814431606,76,-0.0007362903025997422,-0.08385282754898071
2372,Healthy,0.873551637279597,2.8037836526800874,284.5,431.0,251.0,3719.0,0.7098434925864909,0.20193977996525767,0.04473104749921359,0.37680890538033396,704.5,2756.5,3796.0,4151.5,1679.5,689.0,0.8689399361610413,0.38530927896499634,0.11283041309541952,74,-0.0006916924682163519,-0.0686180591583252
2373,Healthy,0.8673371647509579,3.013812614411716,341.0,488.0,277.0,3899.0,0.6621806124439243,0.18115038115038115,0.040283203125,0.3586880669923238,866.0,2954.0,3931.0,4261.0,1838.0,765.0,0.8691184520721436,0.3471294939517975,0.12032980376292746,75,-0.00046799338994210746,-0.0648881196975708
2374,Healthy,0.8738694695673429,2.9452957653649694,313.0,447.0,258.0,3833.0,0.702210397052804,0.19789716260982285,0.05158679984827412,0.3872864743769252,727.5,2784.5,3750.5,4158.5,1641.0,682.5,0.874106228351593,0.31014949083328247,0.12923741795487798,76,-0.0006081619574335582,-0.05986076593399048
2375,Healthy,0.8571601794591973,2.820154791350834,328.5,509.5,294.5,3829.0,0.6790693202576675,0.18063818280151434,0.04032882587716686,0.3659251595102604,834.5,3030.0,4027.5,4366.0,1838.5,739.0,0.8484246134757996,0.5131889581680298,0.09065004397253479,69,-0.0005887759954696314,-0.07382512092590332
2376,Healthy,0.8561347598452083,2.7520854675837847,341.0,524.0,316.0,4077.0,0.6978093989889533,0.18334855800600286,0.0433782073409274,0.36673880472781756,807.0,3129.0,4157.0,4534.0,1902.0,784.0,0.8512173295021057,0.479977011680603,0.07513092559516438,75,-0.00045375259645341376,-0.047585904598236084
2377,Healthy,0.8664166861963909,2.7503347716113673,311.0,502.0,285.0,3982.0,0.68267383787937,0.1768657217706724,0.043478260869565216,0.36017935673018886,826.0,3063.5,4015.0,4380.0,1855.0,751.0,0.8585957288742065,0.527812123298645,0.08975739702558251,70,-0.00041659056779875245,-0.0661548376083374
2378,Healthy,0.849861913130806,2.7088668373879643,314.0,481.0,299.0,3684.0,0.6615512235586893,0.17134502923976608,0.03661534480527882,0.32998137802607075,816.0,2834.0,3723.0,4006.0,1799.0,751.0,0.8448053598403931,0.5152969360351562,0.07497812396495039,72,-0.000618403904586435,-0.06295549869537354
2379,Healthy,0.872106895728943,2.842588271892985,309.0,493.0,268.0,3923.0,0.6757919436840047,0.17930370166506124,0.04308666017526777,0.373223372521495,829.0,2982.0,3931.0,4285.0,1786.0,720.0,0.8681107759475708,0.4896054267883301,0.08431348944754946,73,-0.0003250872642216178,-0.055846333503723145
2380,Healthy,0.8751171508903468,2.8433313032886725,309.0,463.0,266.5,4001.5,0.6790693202576675,0.18063818280151434,0.04032882587716686,0.3659251595102604,834.5,3030.0,4027.5,4366.0,1838.5,739.0,0.8565356731414795,0.5236654281616211,0.08627447161378647,69,-0.0005980501374535819,-0.07564640045166016
2381,Healthy,0.8798908098271155,2.8135001454757056,304.0,474.5,264.0,4132.0,0.6826525708793849,0.17922812689432208,0.04556584054941774,0.36734339753600553,825.5,3046.5,3995.5,4377.0,1823.0,739.0,0.8599439859390259,0.530110239982605,0.08346920399322005,69,-0.0006044943819852789,-0.08364886045455933
2382,Healthy,0.8729866543948458,2.794225953748711,311.0,458.0,276.0,4070.0,0.7135629499902705,0.20152817574021012,0.04299419637569584,0.4010416666666667,736.0,2926.0,4040.0,4403.0,1725.0,693.0,0.8686098456382751,0.39575254917144775,0.10999727845749467,74,-0.0008237370522798235,-0.07014846801757812
2383,Healthy,0.8423817863397548,2.893175074183976,380.5,531.5,337.5,3945.0,0.6954222141163596,0.19370786516853933,0.04291243619229259,0.3506750082318077,835.0,3139.5,4265.5,4648.0,1972.0,826.0,0.8396248817443848,0.6038002967834473,0.057831680720375006,73,-0.0002296374632525824,-0.035928964614868164
2384,Healthy,0.8541089566020313,2.8326443117439903,353.0,514.0,316.0,4016.0,0.7003898273621681,0.18899273104880582,0.0506997017664602,0.37520938023450584,807.0,3124.0,4138.0,4580.0,1865.0,771.0,0.8545821905136108,0.4818420112133026,0.08436707243901144,76,-0.00042750696569977,-0.05180448293685913
2385,Healthy,0.8615870153291253,2.7983599355688975,341.0,514.0,307.0,4129.0,0.7003898273621681,0.18899273104880582,0.0506997017664602,0.37520938023450584,807.0,3124.0,4138.0,4580.0,1865.0,771.0,0.8563462495803833,0.47650274634361267,0.08821350852644984,77,-0.0004911405096985318,-0.045250892639160156
2386,Healthy,0.8598218471636193,2.764546276756105,326.0,511.0,299.0,3967.0,0.6769624237654929,0.17783611993920131,0.04141722663408674,0.3600141043723554,821.0,2975.0,3923.0,4262.0,1815.0,743.0,0.8563706278800964,0.5013113021850586,0.07737198178891148,72,-0.0006283260896825668,-0.07217931747436523
2387,Healthy,0.8493050475493782,2.681706190329535,320.0,511.0,309.0,3792.0,0.6576977544001619,0.17124070897655802,0.03997969285442315,0.34478394503706383,846.0,2899.0,3782.0,4097.0,1812.0,751.0,0.843969464302063,0.4443558156490326,0.0809772611372831,72,-0.0006237708844788419,-0.05289340019226074
2388,Healthy,0.8770589639532108,2.7655250282273243,287.5,446.0,257.5,3931.5,0.6952380952380952,0.18321562110511008,0.036138733931603204,0.372974897632188,768.0,2949.0,3974.0,4272.0,1761.0,699.0,0.866666853427887,0.5270241498947144,0.08720407669687084,69,-0.0005559563453344283,-0.0835915207862854
2389,Healthy,0.8729411764705882,2.916249821352008,355.0,502.5,297.0,4378.0,0.7106797973037575,0.1963891675025075,0.037397808314489474,0.38512706805389735,756.5,3004.5,4150.5,4473.0,1802.5,732.5,0.8728048205375671,0.614814817905426,0.06136209590242414,72,-0.00032998699834502074,-0.06939822435379028
2390,Healthy,0.866620594333103,2.899868958606336,339.5,519.0,289.5,4051.5,0.6647097195042401,0.18077863705466324,0.04187565612970955,0.36595601812993117,899.5,3098.5,4107.0,4466.0,1888.5,771.0,0.8448702096939087,0.524533212184906,0.084449684613785,69,-0.0007067727940610416,-0.08944380283355713
2391,Healthy,0.8733472512178149,2.7647231605228373,303.0,450.0,273.0,4038.0,0.7228334298397993,0.20507627919535573,0.04214827787507297,0.3986013986013986,718.0,2944.0,4102.0,4463.0,1720.0,683.0,0.8723432421684265,0.4787878692150116,0.08660144924986322,73,-0.0006424951221934507,-0.06930261850357056
2392,Healthy,0.8695343890333255,2.693659393761898,293.0,451.0,276.0,3955.0,0.7060107121602857,0.19910764082543222,0.045338519508934,0.3903083700440529,741.0,2872.0,3927.0,4300.0,1730.0,697.0,0.8683019876480103,0.42593955993652344,0.10111221754796142,75,-0.0007664710564712437,-0.06782102584838867
2393,Healthy,0.866620594333103,2.899868958606336,339.5,519.0,289.5,4051.5,0.6647097195042401,0.18077863705466324,0.04187565612970955,0.36595601812993117,899.5,3098.5,4107.0,4466.0,1888.5,771.0,0.8448702096939087,0.524533212184906,0.084449684613785,69,-0.0007067727940610416,-0.08944380283355713
2394,Unhealthy,0.855779427359491,2.8287116373266863,342.0,530.5,306.0,3937.5,0.6686649538490818,0.18222881413065461,0.049368679313027346,0.3531649948114839,870.5,3032.5,3971.5,4384.0,1870.0,778.5,0.8352022171020508,0.5799697637557983,0.07880317093224687,69,-0.0004151018453789607,-0.05769914388656616
2395,Healthy,0.8677116731979575,2.8474008261242303,319.5,494.5,278.5,3932.0,0.6686649538490818,0.18222881413065461,0.049368679313027346,0.3531649948114839,870.5,3032.5,3971.5,4384.0,1870.0,778.5,0.8503413796424866,0.5482363104820251,0.07837281568804932,69,-0.0005524525126644427,-0.06392639875411987
2396,Healthy,0.855779427359491,2.8287116373266863,342.0,530.5,306.0,3937.5,0.6686649538490818,0.18222881413065461,0.049368679313027346,0.3531649948114839,870.5,3032.5,3971.5,4384.0,1870.0,778.5,0.8352022171020508,0.5799697637557983,0.07880317093224687,69,-0.0004151018453789607,-0.05769914388656616
2397,Healthy,0.8633076743643574,2.80336312679897,327.0,467.0,293.0,3994.0,0.6988416988416989,0.1891891891891892,0.037980655815050716,0.37292161520190026,780.0,3000.0,4078.0,4400.0,1848.0,760.0,0.8583002686500549,0.4331153929233551,0.10255896963297546,76,-0.0007338661061269013,-0.0511324405670166
2398,Unhealthy,0.8541766109785203,2.7554084225113558,329.5,542.0,305.5,3884.5,0.6686649538490818,0.18222881413065461,0.049368679313027346,0.3531649948114839,870.5,3032.5,3971.5,4384.0,1870.0,778.5,0.8317261338233948,0.5855975151062012,0.07504139443628208,69,-0.0005455119192969951,-0.05786103010177612
2399,Healthy,0.8736619221268086,2.785612482184382,301.5,469.5,268.5,3982.0,0.68267383787937,0.1768657217706724,0.043478260869565216,0.36017935673018886,826.0,3063.5,4015.0,4380.0,1855.0,751.0,0.8585330843925476,0.5302837491035461,0.09060574465674436,69,-0.00048029566353587614,-0.078155517578125
2400,Healthy,0.8720620305306518,2.826735783851712,302.0,459.0,264.0,3863.0,0.7144625541572106,0.20121422376409367,0.04318353000251067,0.37433056325023084,692.0,2763.0,3811.0,4155.0,1694.0,700.0,0.8696449398994446,0.4607714116573334,0.08132803696714806,71,-0.0005833221049013422,-0.06764829158782959
2401,Healthy,0.8632478632478633,2.8133704735376046,305.0,447.0,272.0,3706.0,0.7144625541572106,0.20121422376409367,0.04318353000251067,0.37433056325023084,692.0,2763.0,3811.0,4155.0,1694.0,700.0,0.8631443977355957,0.4416440427303314,0.08212990621223716,71,-0.0005580216038195519,-0.06027579307556152
2402,Healthy,0.8738610815288131,2.777151022864019,298.0,459.0,266.5,3959.0,0.6790693202576675,0.18063818280151434,0.04032882587716686,0.3659251595102604,834.5,3030.0,4027.5,4366.0,1838.5,739.0,0.861353874206543,0.5217483639717102,0.08837764224204499,69,-0.0005058625701353747,-0.07058805227279663
2403,Healthy,0.8639701456602865,2.859818297736691,324.0,473.0,282.5,3871.0,0.6686649538490818,0.18222881413065461,0.049368679313027346,0.3531649948114839,870.5,3032.5,3971.5,4384.0,1870.0,778.5,0.8548502922058105,0.5366827845573425,0.08291564351017715,69,-0.0004396596675614902,-0.06380093097686768
2404,Healthy,0.8513810804204351,2.762531725888325,328.0,502.0,304.0,3787.0,0.6769624237654929,0.17783611993920131,0.04141722663408674,0.3600141043723554,821.0,2975.0,3923.0,4262.0,1815.0,743.0,0.8496701121330261,0.4694960117340088,0.07893002769690516,72,-0.0006343931569951826,-0.06137228012084961
2405,Healthy,0.8733944954128441,2.7930174563591024,311.0,458.0,276.0,4084.0,0.7135629499902705,0.20152817574021012,0.04299419637569584,0.4010416666666667,736.0,2926.0,4040.0,4403.0,1725.0,693.0,0.8689364194869995,0.39575254917144775,0.10641645724738291,74,-0.0007939711160250996,-0.06342697143554688
2406,Healthy,0.8409306742640076,2.726293103448276,352.0,545.0,335.0,3877.0,0.6869599371563236,0.18613642640154654,0.04424993921711646,0.35197082826879666,797.0,2947.0,3931.0,4295.0,1866.0,784.0,0.832093358039856,0.4502541720867157,0.08844961481750936,76,-0.000679134464313984,-0.04703611135482788
2407,Healthy,0.8719232818327117,2.808360216898895,340.5,515.5,300.5,4392.0,0.7188829295357869,0.2004649961250323,0.0386678587393831,0.3975490196078431,760.0,3095.0,4301.0,4647.0,1843.5,753.0,0.8735517263412476,0.6350975036621094,0.0570944625971165,72,-0.0003405346435996594,-0.075076162815094
2408,Healthy,0.8746518105849582,2.8807339449541285,292.0,425.5,247.5,3701.5,0.7017255546425637,0.19503750721292556,0.04741433809584018,0.35142118863049093,726.0,2790.0,3767.0,4142.0,1757.0,733.0,0.8698283433914185,0.45086899399757385,0.09042323381318444,71,-0.0005843307874173843,-0.06558644771575928
2409,Healthy,0.869805428777324,2.794844087681383,304.0,456.0,271.0,3892.0,0.7041396900137336,0.20071882775781033,0.04637995422238284,0.3675092805373873,754.0,2891.0,3958.0,4343.0,1789.0,750.0,0.8671994209289551,0.4390065670013428,0.08749016753633738,74,-0.0007265150833226001,-0.08879023790359497
2410,Healthy,0.8661921708185053,2.7588030829681123,309.0,462.0,282.0,3933.0,0.6899133175728921,0.1925483108577784,0.045332683402388496,0.3578113750899928,787.0,2904.0,3917.0,4289.0,1784.0,739.0,0.8678003549575806,0.4259706437587738,0.09134447537743619,73,-0.0006786947621197609,-0.06491756439208984
2411,Healthy,0.849861913130806,2.7088668373879643,314.0,481.0,299.0,3684.0,0.6615512235586893,0.17134502923976608,0.03661534480527882,0.32998137802607075,816.0,2834.0,3723.0,4006.0,1799.0,751.0,0.8448053598403931,0.5152969360351562,0.07497812396495039,72,-0.000618403904586435,-0.06295549869537354
2412,Healthy,0.8642659279778393,2.8510508681084374,336.0,500.0,294.0,4038.0,0.7007844602166604,0.18908331156960043,0.042830966559780116,0.3699596774193548,801.0,3105.0,4179.0,4553.0,1875.0,770.0,0.8558124899864197,0.45825672149658203,0.09260034064346552,73,-0.0006177182918222928,-0.05231696367263794
2413,Healthy,0.8411375337092425,2.6721183800623054,332.0,527.0,324.0,3755.0,0.6576977544001619,0.17124070897655802,0.03997969285442315,0.34478394503706383,846.0,2899.0,3782.0,4097.0,1812.0,751.0,0.8388922810554504,0.4459432363510132,0.08022196753871393,72,-0.0006227481681434554,-0.05707746744155884
2414,Healthy,0.8717339667458432,2.7900258476509046,303.0,441.0,270.0,3940.0,0.7228334298397993,0.20507627919535573,0.04214827787507297,0.3986013986013986,718.0,2944.0,4102.0,4463.0,1720.0,683.0,0.8704525828361511,0.4520062804222107,0.08679946726256564,73,-0.0006592354322601648,-0.06939142942428589
2415,Healthy,0.8717339667458432,2.7900258476509046,303.0,441.0,270.0,3940.0,0.7228334298397993,0.20507627919535573,0.04214827787507297,0.3986013986013986,718.0,2944.0,4102.0,4463.0,1720.0,683.0,0.8704525828361511,0.4520062804222107,0.08679946726256564,73,-0.0006592354322601648,-0.06939142942428589
2416,Unhealthy,0.8758008871365205,2.9236590983876276,304.0,446.0,252.0,3806.0,0.7033434650455928,0.19335604770017037,0.0453923641338142,0.3803836409699602,732.0,2841.0,3838.0,4203.0,1712.0,705.0,0.8741341829299927,0.32812249660491943,0.11799964262287609,76,-0.0007779245267304982,-0.08974123001098633
2417,Healthy,0.8561287269285376,2.9905769548685734,363.0,534.0,304.0,3922.0,0.6954222141163596,0.19370786516853933,0.04291243619229259,0.3506750082318077,835.0,3139.5,4265.5,4648.0,1972.0,826.0,0.8506032228469849,0.6081712245941162,0.05636365030648113,72,-0.00021548472835416398,-0.05452495813369751
2418,Healthy,0.8685672867842474,2.857710651828299,314.0,477.0,272.0,3867.0,0.7089639115250291,0.19543973941368079,0.04645360579779018,0.39057002111189304,750.0,2964.0,4013.0,4404.0,1732.0,705.0,0.8647837042808533,0.43679502606391907,0.0887997733475279,76,-0.0006629254969598701,-0.0700538158416748
2419,Healthy,0.8712690817953976,2.9224302636606803,337.5,475.5,282.5,4106.5,0.6733083448411915,0.18133704735376044,0.04175878162613608,0.3536349234289738,828.0,2939.0,3901.0,4241.0,1836.0,774.0,0.8699959516525269,0.6069292426109314,0.06468152592838802,72,-0.0003674351187142125,-0.06774026155471802
2420,Healthy,0.8341013824884793,2.617287917737789,322.0,509.0,324.0,3582.0,0.6396396396396397,0.1776470588235294,0.04899135446685879,0.30635188308038225,880.0,2796.0,3630.0,4004.0,1851.0,781.0,0.8308641314506531,0.47922879457473755,0.07570335957470628,72,-0.0006086915504257669,-0.05912691354751587
2421,Healthy,0.8764132990036941,3.0227799227799226,348.0,485.0,276.0,4190.5,0.6894752387515999,0.19042663891779396,0.04328793774319066,0.37005102938588774,788.5,2917.5,3934.0,4290.0,1790.0,736.5,0.8697815537452698,0.5766519904136658,0.07262169744975973,73,-0.00033203881003074294,-0.06738603115081787
2422,Healthy,0.8758008871365205,2.9236590983876276,304.0,446.0,252.0,3806.0,0.7033434650455928,0.19335604770017037,0.0453923641338142,0.3803836409699602,732.0,2841.0,3838.0,4203.0,1712.0,705.0,0.8741341829299927,0.32812249660491943,0.11799964262287609,76,-0.0007779245267304982,-0.08974123001098633
2423,Healthy,0.8687150837988827,2.777198987944635,313.0,471.0,282.0,4014.0,0.7060107121602857,0.19910764082543222,0.045338519508934,0.3903083700440529,741.0,2872.0,3927.0,4300.0,1730.0,697.0,0.8667439222335815,0.41228392720222473,0.09200260991414501,74,-0.0006840169808310438,-0.065085768699646
2424,Healthy,0.8602101416171768,2.8154904306220097,342.0,531.0,306.0,4072.0,0.6970037453183521,0.18705789887346083,0.041489483967360075,0.3783068783068783,809.0,3103.0,4170.0,4531.0,1880.0,757.0,0.850335419178009,0.4119318127632141,0.1027268391434569,73,-0.0006105653000013636,-0.057441115379333496
2425,Healthy,0.8699267717512722,2.8187082763612965,297.5,443.5,262.0,3766.5,0.6963202587949858,0.19260838663823737,0.05006257822277847,0.3770582283138626,751.0,2840.0,3795.0,4195.0,1693.0,712.5,0.8683602809906006,0.43507716059684753,0.11566197836441372,75,-0.0006677276838179943,-0.09151321649551392
2426,Healthy,0.8672139063254466,2.8124021296586283,310.0,472.0,275.0,3867.0,0.6711775398909311,0.18065068493150685,0.03762227238525207,0.3387358184764992,814.0,2871.0,3837.0,4137.0,1836.0,775.0,0.8619299530982971,0.38138312101364136,0.09276928919128975,69,-0.0003230742943234632,-0.07757943868637085
2427,Healthy,0.8712597435252704,2.8870188301949673,301.0,433.0,256.0,3721.0,0.7098434925864909,0.20193977996525767,0.04473104749921359,0.37680890538033396,704.5,2756.5,3796.0,4151.5,1679.5,689.0,0.8676410913467407,0.353826642036438,0.11262141048357335,76,-0.0007503054797637481,-0.0851665735244751
2428,Healthy,0.8687150837988827,2.777198987944635,313.0,471.0,282.0,4014.0,0.7060107121602857,0.19910764082543222,0.045338519508934,0.3903083700440529,741.0,2872.0,3927.0,4300.0,1730.0,697.0,0.8667439222335815,0.41228392720222473,0.09200260991414501,74,-0.0006840169808310438,-0.065085768699646
2429,Healthy,0.8739112401493156,2.8536601882576016,353.5,510.5,304.0,4518.0,0.7106797973037575,0.1963891675025075,0.037397808314489474,0.38512706805389735,756.5,3004.5,4150.5,4473.0,1802.5,732.5,0.8700005412101746,0.561423659324646,0.06531203913513461,73,-0.0003632268482084158,-0.07929915189743042
2430,Healthy,0.86181640625,2.7755936467998112,311.0,469.0,283.0,3813.0,0.6899133175728921,0.1925483108577784,0.045332683402388496,0.3578113750899928,787.0,2904.0,3917.0,4289.0,1784.0,739.0,0.8546434640884399,0.48262086510658264,0.07839145642743292,72,-0.0006041393800455289,-0.05143183469772339
2431,Healthy,0.8447011775161075,2.8494341602338307,388.5,575.0,349.5,4151.5,0.7132176234979973,0.19456339601563954,0.03250724171226263,0.3963817066542433,805.5,3244.5,4509.0,4812.0,1943.5,794.5,0.8314083218574524,0.6027205586433411,0.05900930357100948,73,-0.00019762132651319805,-0.021839797496795654
2432,Healthy,0.8758008871365205,2.9236590983876276,304.0,446.0,252.0,3806.0,0.7033434650455928,0.19335604770017037,0.0453923641338142,0.3803836409699602,732.0,2841.0,3838.0,4203.0,1712.0,705.0,0.8741341829299927,0.32812249660491943,0.11799964262287609,76,-0.0007779245267304982,-0.08974123001098633
2433,Healthy,0.8719232818327117,2.808360216898895,340.5,515.5,300.5,4392.0,0.7188829295357869,0.2004649961250323,0.0386678587393831,0.3975490196078431,760.0,3095.0,4301.0,4647.0,1843.5,753.0,0.8735517263412476,0.6350975036621094,0.0570944625971165,72,-0.0003405346435996594,-0.075076162815094
2434,Healthy,0.8674429019256605,2.8573535919752175,341.0,497.0,296.0,4170.0,0.7007844602166604,0.18908331156960043,0.042830966559780116,0.3699596774193548,801.0,3105.0,4179.0,4553.0,1875.0,770.0,0.8618952631950378,0.44963234663009644,0.09764879169776162,74,-0.0006842227530341296,-0.06096369028091431
2435,Healthy,0.8702092640489066,2.964119814191895,335.0,471.0,276.0,3977.0,0.7060107121602857,0.19910764082543222,0.045338519508934,0.3903083700440529,741.0,2872.0,3927.0,4300.0,1730.0,697.0,0.868004322052002,0.41837799549102783,0.09332278099808679,74,-0.0007215580542145368,-0.07128685712814331
2436,Healthy,0.8712552612032681,2.917910447761194,310.0,435.0,260.0,3779.0,0.7033434650455928,0.19335604770017037,0.0453923641338142,0.3803836409699602,732.0,2841.0,3838.0,4203.0,1712.0,705.0,0.8661132454872131,0.39897289872169495,0.11453622320144931,76,-0.0006972514184646975,-0.0816199779510498
2437,Healthy,0.8521508476530966,2.8189378910422707,355.0,534.0,320.5,4015.0,0.6998618148318747,0.1863186318631863,0.04130925507900677,0.3742998352553542,814.5,3164.0,4247.0,4613.0,1899.0,782.5,0.8406732082366943,0.4561980366706848,0.09935462848079248,76,-0.000350124819802452,-0.023896634578704834
2438,Healthy,0.8574844571975132,2.714199212836815,316.0,479.0,298.0,3884.0,0.6883521620568758,0.18447663295982508,0.03982725527831094,0.3879819381729767,800.0,2984.0,4002.0,4334.0,1762.0,729.0,0.8547521233558655,0.426029771566391,0.0907493274933119,74,-0.0006782021316629389,-0.05838876962661743
2439,Healthy,0.8560851457658492,2.7607819728398746,337.0,499.0,311.0,4011.0,0.7004371792434898,0.19423307969563477,0.04241435562805873,0.3678121810139503,788.0,3018.0,4109.0,4473.0,1858.0,766.0,0.8528926968574524,0.4354722499847412,0.10080100840184981,76,-0.000703938314230666,-0.0703856348991394
2440,Healthy,0.8603406326034063,2.892670157068063,332.0,496.0,287.0,3823.0,0.6601616400551942,0.18253299634934006,0.04116701693658054,0.3331028522039758,862.0,2911.0,3878.0,4211.0,1929.0,826.0,0.8512616157531738,0.5992812514305115,0.0766760349836523,69,-0.0006508733612500227,-0.08900630474090576
2441,Healthy,0.876553793399057,2.8990643606464417,344.0,507.0,288.0,4378.0,0.7106797973037575,0.1963891675025075,0.037397808314489474,0.38512706805389735,756.5,3004.5,4150.5,4473.0,1802.5,732.5,0.8723635673522949,0.5371229648590088,0.07164020650920956,73,-0.00037914871872207805,-0.0810663104057312
2442,Healthy,0.8749084823763205,2.840214586445742,346.0,509.5,299.0,4481.5,0.7188829295357869,0.2004649961250323,0.0386678587393831,0.3975490196078431,760.0,3095.0,4301.0,4647.0,1843.5,753.0,0.8701189756393433,0.6116542816162109,0.05830860705149128,73,-0.00031070485143046484,-0.07025223970413208
2443,Healthy,0.8634827663888263,2.9104024297646167,355.0,483.5,303.0,4136.0,0.7162547091794542,0.19119897959183674,0.04480617553280752,0.4005891016200295,772.0,3170.5,4269.0,4669.5,1831.5,754.0,0.8624465465545654,0.6326612234115601,0.05645593137641081,73,-0.0002871061450123774,-0.05456197261810303
2444,Healthy,0.8576295935750791,2.9366666666666665,343.0,491.5,292.5,3816.5,0.6733083448411915,0.18133704735376044,0.04175878162613608,0.3536349234289738,828.0,2939.0,3901.0,4241.0,1836.0,774.0,0.8564153909683228,0.5770906209945679,0.0718182022934694,73,-0.0003792014289601439,-0.08293074369430542
2445,Healthy,0.8729692904307724,2.8878025102281395,357.5,498.5,303.0,4467.5,0.7155912995796015,0.19933554817275748,0.04596868557419067,0.3899143045484509,778.0,3133.0,4280.5,4693.0,1851.0,737.5,0.8704056739807129,0.4691859483718872,0.07688900234421289,73,-0.0004062406092787276,-0.06438463926315308
2446,Healthy,0.8718316594930655,2.9186679474863912,320.0,469.0,268.0,3914.0,0.7033434650455928,0.19335604770017037,0.0453923641338142,0.3803836409699602,732.0,2841.0,3838.0,4203.0,1712.0,705.0,0.8690756559371948,0.3747876286506653,0.11630906626601901,76,-0.0006642486494239208,-0.07817947864532471
2447,Healthy,0.8712370907492859,2.941831132215462,353.0,510.5,293.0,4258.0,0.6964269054949156,0.1864030795328505,0.042481224559995416,0.3638167686456094,813.5,3117.5,4175.5,4546.0,1923.5,792.0,0.8642002940177917,0.5920149683952332,0.05456398383080354,71,-0.0002004068534297394,-0.048121750354766846
2448,Healthy,0.861987194688167,2.7765047357164683,320.0,512.5,291.0,3926.0,0.6673874582268527,0.18314967219974893,0.04806623007537378,0.3607450360217888,846.0,2928.0,3852.0,4241.0,1819.0,757.0,0.8499913215637207,0.5431601405143738,0.09128550157742112,69,-0.0002571914136749622,-0.06169474124908447
2449,Healthy,0.8698010849909584,2.856718634001485,333.0,487.0,288.0,4136.0,0.6988416988416989,0.1891891891891892,0.037980655815050716,0.37292161520190026,780.0,3000.0,4078.0,4400.0,1848.0,760.0,0.862241268157959,0.4448258876800537,0.10672267018994487,76,-0.0007452669019029778,-0.05352461338043213
2450,Healthy,0.8666508482619528,2.8320539660386137,319.5,474.5,281.0,3933.5,0.6988000813504169,0.19661915335577682,0.04288657219551782,0.3851363719568003,740.5,2804.0,3833.0,4176.5,1679.5,677.5,0.8657498359680176,0.2965134084224701,0.12132275043681576,77,-0.0006619164242263365,-0.07387244701385498
2451,Healthy,0.870253164556962,2.8184480234260616,326.0,485.0,287.0,4137.0,0.6988416988416989,0.1891891891891892,0.037980655815050716,0.37292161520190026,780.0,3000.0,4078.0,4400.0,1848.0,760.0,0.860551118850708,0.4449760913848877,0.10714593515345276,76,-0.00072730881292387,-0.056217193603515625
2452,Healthy,0.8736619221268086,2.785612482184382,301.5,469.5,268.5,3982.0,0.68267383787937,0.1768657217706724,0.043478260869565216,0.36017935673018886,826.0,3063.5,4015.0,4380.0,1855.0,751.0,0.8585330843925476,0.5302837491035461,0.09060574465674436,69,-0.00048029566353587614,-0.078155517578125
2453,Healthy,0.8766134325092978,3.069792384892362,362.5,496.0,282.0,4289.0,0.7106797973037575,0.1963891675025075,0.037397808314489474,0.38512706805389735,756.5,3004.5,4150.5,4473.0,1802.5,732.5,0.8724539875984192,0.5979381203651428,0.06721435749649966,73,-0.0003118816495459125,-0.0628122091293335
2454,Healthy,0.8781278962001854,2.8393766856457896,306.0,464.0,263.0,4053.0,0.7216117216117216,0.2022078621432418,0.044444444444444446,0.4040858725761773,722.0,2963.0,4085.0,4465.0,1721.0,685.0,0.8730809092521667,0.37708649039268494,0.0945997272215752,74,-0.0005608842005167813,-0.05743765830993652
2455,Healthy,0.8409306742640076,2.726293103448276,352.0,545.0,335.0,3877.0,0.6869599371563236,0.18613642640154654,0.04424993921711646,0.35197082826879666,797.0,2947.0,3931.0,4295.0,1866.0,784.0,0.832093358039856,0.4502541720867157,0.08844961481750936,76,-0.000679134464313984,-0.04703611135482788
2456,Healthy,0.851569933396765,2.7517294388931592,335.0,498.0,312.0,3892.0,0.6825205699377885,0.18905119841157284,0.0407149950347567,0.3494906919564454,791.0,2859.0,3864.0,4192.0,1852.0,789.0,0.8409040570259094,0.441161572933197,0.10536471017842206,76,-0.0007777858741373134,-0.0583382248878479
2457,Healthy,0.868630201028518,2.77811004784689,312.0,468.0,281.0,3997.0,0.6899133175728921,0.1925483108577784,0.045332683402388496,0.3578113750899928,787.0,2904.0,3917.0,4289.0,1784.0,739.0,0.8588040471076965,0.4268074035644531,0.09169464607121726,73,-0.0006885726171041284,-0.0624159574508667
2458,Healthy,0.8670679709054427,2.7976045965849314,296.5,441.0,265.0,3722.0,0.6870720902134515,0.1919191919191919,0.04307768924302789,0.36510775283913083,777.0,2840.0,3843.0,4189.0,1775.0,754.0,0.8612768054008484,0.3705153167247772,0.099120747011093,74,-0.0006447398099465716,-0.06810683012008667
2459,Unhealthy,0.87847866419295,2.8391545495427972,305.0,460.0,262.0,4050.0,0.7228334298397993,0.20507627919535573,0.04214827787507297,0.3986013986013986,718.0,2944.0,4102.0,4463.0,1720.0,683.0,0.8724287152290344,0.3823690414428711,0.10165015882741515,75,-0.0007359876684012824,-0.06728285551071167
2460,Healthy,0.859658076039806,2.7390243902439027,296.0,467.0,275.0,3644.0,0.7017255546425637,0.19503750721292556,0.04741433809584018,0.35142118863049093,726.0,2790.0,3767.0,4142.0,1757.0,733.0,0.8524172902107239,0.48973143100738525,0.09072275365488806,73,-0.0006332003951172077,-0.07315278053283691
2461,Healthy,0.8534290666006438,2.690866510538642,309.0,490.0,296.0,3743.0,0.6615512235586893,0.17134502923976608,0.03661534480527882,0.32998137802607075,816.0,2834.0,3723.0,4006.0,1799.0,751.0,0.8505741357803345,0.5088638067245483,0.07656561158871115,72,-0.0006243216294182695,-0.06095165014266968
2462,Healthy,0.865814696485623,2.8551187967739593,349.5,493.5,304.5,4234.0,0.7162547091794542,0.19119897959183674,0.04480617553280752,0.4005891016200295,772.0,3170.5,4269.0,4669.5,1831.5,754.0,0.8687001466751099,0.6319968104362488,0.05685634111670219,72,-0.0003397288874028062,-0.07477569580078125
2463,Healthy,0.8440561292030713,2.6397284093731885,297.5,470.5,294.5,3482.5,0.7144625541572106,0.20121422376409367,0.04318353000251067,0.37433056325023084,692.0,2763.0,3811.0,4155.0,1694.0,700.0,0.8474341034889221,0.4306063652038574,0.08649538831708649,73,-0.0006396061602326756,-0.08174574375152588
2464,Healthy,0.8718584834429943,2.8804076687335187,348.5,508.0,297.0,4338.5,0.7188829295357869,0.2004649961250323,0.0386678587393831,0.3975490196078431,760.0,3095.0,4301.0,4647.0,1843.5,753.0,0.8719786405563354,0.6342675685882568,0.0578472489615643,72,-0.00034678437692669634,-0.07216471433639526
2465,Healthy,0.8632478632478633,2.8133704735376046,305.0,447.0,272.0,3706.0,0.7144625541572106,0.20121422376409367,0.04318353000251067,0.37433056325023084,692.0,2763.0,3811.0,4155.0,1694.0,700.0,0.8631443977355957,0.4416440427303314,0.08212990621223716,71,-0.0005580216038195519,-0.06027579307556152
2466,Healthy,0.8754991778247592,2.789253105822482,299.0,443.0,265.0,3992.0,0.7228334298397993,0.20507627919535573,0.04214827787507297,0.3986013986013986,718.0,2944.0,4102.0,4463.0,1720.0,683.0,0.8722294569015503,0.40746381878852844,0.10165010499440563,75,-0.0007545939758231839,-0.06749939918518066
2467,Healthy,0.8729411764705882,2.916249821352008,355.0,502.5,297.0,4378.0,0.7106797973037575,0.1963891675025075,0.037397808314489474,0.38512706805389735,756.5,3004.5,4150.5,4473.0,1802.5,732.5,0.8728048205375671,0.614814817905426,0.06136209590242414,72,-0.00032998699834502074,-0.06939822435379028
2468,Healthy,0.8777994157740994,2.888034598750601,299.0,444.0,251.0,3857.0,0.7121335504885994,0.21059450122354972,0.05441323971915747,0.3912241887905605,707.0,2742.0,3771.0,4205.0,1651.0,684.0,0.877605676651001,0.3096385598182678,0.11803135385748098,78,-0.0007929906011405697,-0.08387267589569092
2469,Healthy,0.847041847041847,2.8185019206145965,350.0,521.0,318.0,3840.0,0.6869599371563236,0.18613642640154654,0.04424993921711646,0.35197082826879666,797.0,2947.0,3931.0,4295.0,1866.0,784.0,0.8367202281951904,0.4248175323009491,0.09419997737735288,76,-0.0006975501543554519,-0.053348422050476074
2470,Healthy,0.863467779323134,2.8831269349845203,341.0,489.5,294.5,4019.5,0.7114187494193069,0.18632060282089263,0.048258593216480766,0.38082836259766445,776.5,3158.5,4181.0,4605.0,1842.5,770.0,0.8587822318077087,0.45908668637275696,0.09220040025213014,76,-0.00040393684193770773,-0.048156559467315674
2471,Healthy,0.8671735241502684,3.020955051803381,366.5,525.5,297.0,4175.0,0.690752527143392,0.1913209786981468,0.04181325335947863,0.3706825318129235,826.0,3065.5,4153.5,4516.0,1904.0,800.5,0.8599220514297485,0.6270633935928345,0.059405700744422564,73,-0.00032860305665795574,-0.07588434219360352
2472,Healthy,0.8554830142746487,2.7054171332586785,344.0,537.5,326.5,4192.0,0.6870095097405595,0.18418664938431625,0.042862850293933,0.3589045615771674,847.5,3147.0,4192.5,4568.0,1943.0,839.0,0.845975399017334,0.4632229208946228,0.08942282154734148,76,-0.00028908078121032466,-0.027161777019500732
2473,Healthy,0.8634827663888263,2.9104024297646167,355.0,483.5,303.0,4136.0,0.7162547091794542,0.19119897959183674,0.04480617553280752,0.4005891016200295,772.0,3170.5,4269.0,4669.5,1831.5,754.0,0.8624465465545654,0.6326612234115601,0.05645593137641081,73,-0.0002871061450123774,-0.05456197261810303
2474,Healthy,0.868883386393114,2.9603888799614335,336.0,485.0,278.0,3962.5,0.7012862353618737,0.192090395480226,0.041791571151472404,0.36116588084012,778.0,3003.0,4075.5,4431.0,1863.0,772.0,0.8605553507804871,0.5768705010414124,0.06468472331069629,72,-0.00034233554825028803,-0.06071114540100098
2475,Healthy,0.8718799950817656,2.861581920903955,303.0,446.5,260.5,3806.0,0.7098434925864909,0.20193977996525767,0.04473104749921359,0.37680890538033396,704.5,2756.5,3796.0,4151.5,1679.5,689.0,0.8650600910186768,0.37826862931251526,0.11158259909681569,74,-0.0006995598441091338,-0.07661420106887817
2476,Healthy,0.8739112401493156,2.8536601882576016,353.5,510.5,304.0,4518.0,0.7106797973037575,0.1963891675025075,0.037397808314489474,0.38512706805389735,756.5,3004.5,4150.5,4473.0,1802.5,732.5,0.8700005412101746,0.561423659324646,0.06531203913513461,73,-0.0003632268482084158,-0.07929915189743042
2477,Healthy,0.8733944954128441,2.7930174563591024,311.0,458.0,276.0,4084.0,0.7135629499902705,0.20152817574021012,0.04299419637569584,0.4010416666666667,736.0,2926.0,4040.0,4403.0,1725.0,693.0,0.8689364194869995,0.39575254917144775,0.10641645724738291,74,-0.0007939711160250996,-0.06342697143554688
2478,Healthy,0.8576877234803337,2.9542655390426145,352.5,512.5,298.5,3896.5,0.690752527143392,0.1913209786981468,0.04181325335947863,0.3706825318129235,826.0,3065.5,4153.5,4516.0,1904.0,800.5,0.8520812392234802,0.6084766983985901,0.061329950397688314,73,-0.0003182274796655306,-0.051586270332336426
2479,Healthy,0.8633288227334236,2.753956834532374,330.0,509.0,303.0,4131.0,0.7004371792434898,0.19423307969563477,0.04241435562805873,0.3678121810139503,788.0,3018.0,4109.0,4473.0,1858.0,766.0,0.858505129814148,0.425575852394104,0.10334505278977328,76,-0.0006928280283420115,-0.05628836154937744
2480,Healthy,0.8761020881670534,2.894817540631708,318.0,457.0,267.0,4043.0,0.7089639115250291,0.19543973941368079,0.04645360579779018,0.39057002111189304,750.0,2964.0,4013.0,4404.0,1732.0,705.0,0.872424840927124,0.45552024245262146,0.08993598762376606,76,-0.0007094149455677491,-0.08217674493789673
2481,Healthy,0.8641329085116067,3.017083829956297,365.5,518.5,298.5,4095.5,0.6964269054949156,0.1864030795328505,0.042481224559995416,0.3638167686456094,813.5,3117.5,4175.5,4546.0,1923.5,792.0,0.8547359704971313,0.6066191792488098,0.060464703133744975,73,-0.0002858229567915029,-0.04961508512496948
2482,Healthy,0.8560851457658492,2.7607819728398746,337.0,499.0,311.0,4011.0,0.7004371792434898,0.19423307969563477,0.04241435562805873,0.3678121810139503,788.0,3018.0,4109.0,4473.0,1858.0,766.0,0.8528926968574524,0.4354722499847412,0.10080100840184981,76,-0.000703938314230666,-0.0703856348991394
2483,Healthy,0.8527648987900034,2.746176256372906,349.0,535.0,325.5,4096.0,0.6870095097405595,0.18418664938431625,0.042862850293933,0.3589045615771674,847.5,3147.0,4192.5,4568.0,1943.0,839.0,0.8443129658699036,0.47489020228385925,0.08335388569588884,76,-0.00031488034397827275,-0.016982853412628174
2484,Healthy,0.8647232976542929,2.840365050867744,338.0,504.0,297.0,4094.0,0.6978093989889533,0.18334855800600286,0.0433782073409274,0.36673880472781756,807.0,3129.0,4157.0,4534.0,1902.0,784.0,0.8622511625289917,0.48882895708084106,0.07916157102305656,75,-0.0004503188237948321,-0.04663509130477905
2485,Healthy,0.8662148868728823,2.877214638396747,355.0,529.0,306.0,4268.5,0.7188829295357869,0.2004649961250323,0.0386678587393831,0.3975490196078431,760.0,3095.0,4301.0,4647.0,1843.5,753.0,0.8608695864677429,0.625,0.056337571602665684,73,-0.00026622092309595136,-0.04634219408035278
2486,Healthy,0.8766134325092978,3.069792384892362,362.5,496.0,282.0,4289.0,0.7106797973037575,0.1963891675025075,0.037397808314489474,0.38512706805389735,756.5,3004.5,4150.5,4473.0,1802.5,732.5,0.8724539875984192,0.5979381203651428,0.06721435749649966,73,-0.0003118816495459125,-0.0628122091293335
2487,Healthy,0.8679224376731302,2.7778565855734447,330.5,505.0,298.0,4214.5,0.6998618148318747,0.1863186318631863,0.04130925507900677,0.3742998352553542,814.5,3164.0,4247.0,4613.0,1899.0,782.5,0.855991780757904,0.460030734539032,0.09552320747731437,76,-0.000326166759381038,-0.02948915958404541
2488,Healthy,0.8610859728506788,2.71585557299843,327.0,519.0,307.0,4113.0,0.6978093989889533,0.18334855800600286,0.0433782073409274,0.36673880472781756,807.0,3129.0,4157.0,4534.0,1902.0,784.0,0.8563255071640015,0.49863865971565247,0.07671324943978994,75,-0.0005076693369438899,-0.06829094886779785
2489,Healthy,0.8422590068159689,2.7666719974412284,347.0,509.0,324.0,3784.0,0.6869599371563236,0.18613642640154654,0.04424993921711646,0.35197082826879666,797.0,2947.0,3931.0,4295.0,1866.0,784.0,0.8350431323051453,0.45381084084510803,0.09332661291364991,75,-0.0006729439883191795,-0.0562436580657959
2490,Healthy,0.8554830142746487,2.7054171332586785,344.0,537.5,326.5,4192.0,0.6870095097405595,0.18418664938431625,0.042862850293933,0.3589045615771674,847.5,3147.0,4192.5,4568.0,1943.0,839.0,0.845975399017334,0.4632229208946228,0.08942282154734148,76,-0.00028908078121032466,-0.027161777019500732
2491,Healthy,0.8583518930957684,2.8123175715119673,354.0,526.0,318.0,4172.0,0.7003898273621681,0.18899273104880582,0.0506997017664602,0.37520938023450584,807.0,3124.0,4138.0,4580.0,1865.0,771.0,0.856118381023407,0.4888724088668823,0.07995965885118701,76,-0.000488404646755397,-0.05185532569885254
2492,Healthy,0.872986224608919,2.8036892621475706,308.0,462.0,272.0,4011.0,0.7135629499902705,0.20152817574021012,0.04299419637569584,0.4010416666666667,736.0,2926.0,4040.0,4403.0,1725.0,693.0,0.8724830150604248,0.4259706437587738,0.09183124706070267,74,-0.0006658580298673607,-0.06765574216842651
2493,Healthy,0.8644145172335084,2.8160321237358716,334.0,497.0,297.0,4084.0,0.7007844602166604,0.18908331156960043,0.042830966559780116,0.3699596774193548,801.0,3105.0,4179.0,4553.0,1875.0,770.0,0.8561187982559204,0.4404279589653015,0.10059334268697379,73,-0.0006167370277786489,-0.04588961601257324
2494,Healthy,0.8422590068159689,2.7666719974412284,347.0,509.0,324.0,3784.0,0.6869599371563236,0.18613642640154654,0.04424993921711646,0.35197082826879666,797.0,2947.0,3931.0,4295.0,1866.0,784.0,0.8350431323051453,0.45381084084510803,0.09332661291364991,75,-0.0006729439883191795,-0.0562436580657959
2495,Healthy,0.8733944954128441,2.7930174563591024,311.0,458.0,276.0,4084.0,0.7135629499902705,0.20152817574021012,0.04299419637569584,0.4010416666666667,736.0,2926.0,4040.0,4403.0,1725.0,693.0,0.8689364194869995,0.39575254917144775,0.10641645724738291,74,-0.0007939711160250996,-0.06342697143554688
2496,Healthy,0.867680958967266,3.0025526483726868,352.0,508.5,287.0,4051.0,0.703210061948564,0.19068241469816272,0.0431133593929639,0.3734656129140743,790.5,3083.5,4161.5,4536.5,1863.0,769.5,0.8626449704170227,0.5353049635887146,0.06716507317685748,71,-0.0004163408248095039,-0.06488114595413208
2497,Healthy,0.8705980412585955,2.8163127738456355,352.5,515.5,310.5,4488.5,0.7132176234979973,0.19456339601563954,0.03250724171226263,0.3963817066542433,805.5,3244.5,4509.0,4812.0,1943.5,794.5,0.862281858921051,0.5747038722038269,0.062373350248547746,73,-0.000268262660764541,-0.05751240253448486
2498,Healthy,0.8671757491611709,2.9415227629513345,343.0,508.5,287.0,4034.5,0.690752527143392,0.1913209786981468,0.04181325335947863,0.3706825318129235,826.0,3065.5,4153.5,4516.0,1904.0,800.5,0.8588477373123169,0.6163387298583984,0.06283140902244763,73,-0.0003724198136405913,-0.06240731477737427
2499,Healthy,0.8582089552238806,2.6578073089700998,313.0,539.0,304.0,3984.0,0.68267383787937,0.1768657217706724,0.043478260869565216,0.36017935673018886,826.0,3063.5,4015.0,4380.0,1855.0,751.0,0.8365097045898438,0.5324784517288208,0.08909320691368716,70,-0.000430170353709884,-0.04979503154754639
2500,Healthy,0.862183282026995,2.811365917689754,325.5,505.0,291.0,3932.0,0.68267383787937,0.1768657217706724,0.043478260869565216,0.36017935673018886,826.0,3063.5,4015.0,4380.0,1855.0,751.0,0.8391408324241638,0.5195867419242859,0.09109024070716053,69,-0.0005268693246874811,-0.06461483240127563
2501,Healthy,0.8582348853370396,2.721863062004114,326.0,487.0,306.0,4011.0,0.6989765201685731,0.19189075038716036,0.038773006134969326,0.35612835349815886,750.0,2870.0,3917.0,4233.0,1836.0,768.0,0.8531169891357422,0.4781827926635742,0.09302490541856098,76,-0.0007546468632198637,-0.05917811393737793
2502,Healthy,0.8570763500931099,2.8502864220467563,347.0,521.0,307.0,3989.0,0.6970037453183521,0.18705789887346083,0.041489483967360075,0.3783068783068783,809.0,3103.0,4170.0,4531.0,1880.0,757.0,0.8497565388679504,0.4391551613807678,0.09836716682031332,73,-0.0006078017925609497,-0.05764085054397583
2503,Healthy,0.8615870153291253,2.7983599355688975,341.0,514.0,307.0,4129.0,0.7003898273621681,0.18899273104880582,0.0506997017664602,0.37520938023450584,807.0,3124.0,4138.0,4580.0,1865.0,771.0,0.8563462495803833,0.47650274634361267,0.08821350852644984,77,-0.0004911405096985318,-0.045250892639160156
2504,Healthy,0.8583518930957684,2.8123175715119673,354.0,526.0,318.0,4172.0,0.7003898273621681,0.18899273104880582,0.0506997017664602,0.37520938023450584,807.0,3124.0,4138.0,4580.0,1865.0,771.0,0.856118381023407,0.4888724088668823,0.07995965885118701,76,-0.000488404646755397,-0.05185532569885254
2505,Healthy,0.8679224376731302,2.7778565855734447,330.5,505.0,298.0,4214.5,0.6998618148318747,0.1863186318631863,0.04130925507900677,0.3742998352553542,814.5,3164.0,4247.0,4613.0,1899.0,782.5,0.855991780757904,0.460030734539032,0.09552320747731437,76,-0.000326166759381038,-0.02948915958404541
2506,Healthy,0.8610859728506788,2.71585557299843,327.0,519.0,307.0,4113.0,0.6978093989889533,0.18334855800600286,0.0433782073409274,0.36673880472781756,807.0,3129.0,4157.0,4534.0,1902.0,784.0,0.8563255071640015,0.49863865971565247,0.07671324943978994,75,-0.0005076693369438899,-0.06829094886779785
2507,Healthy,0.8610859728506788,2.71585557299843,327.0,519.0,307.0,4113.0,0.6978093989889533,0.18334855800600286,0.0433782073409274,0.36673880472781756,807.0,3129.0,4157.0,4534.0,1902.0,784.0,0.8563255071640015,0.49863865971565247,0.07671324943978994,75,-0.0005076693369438899,-0.06829094886779785
2508,Unhealthy,0.8619218679838347,2.8124542124542122,344.0,518.0,307.5,4146.5,0.7036005939123979,0.1909179370742783,0.04968837555034593,0.3747812317693141,798.5,3118.0,4155.0,4589.5,1875.5,771.0,0.8552547693252563,0.5038759708404541,0.08814175746683672,76,-0.0007405361284134393,-0.07031583786010742
2509,Healthy,0.8649474041398032,2.8070626238895824,334.5,499.5,298.5,4122.0,0.7036005939123979,0.1909179370742783,0.04968837555034593,0.3747812317693141,798.5,3118.0,4155.0,4589.5,1875.5,771.0,0.8593363165855408,0.4829157292842865,0.09391520489570225,76,-0.0007112025653119291,-0.06107604503631592
2510,Healthy,0.8697940503432494,3.027720248526366,354.0,509.5,284.5,4085.5,0.7012862353618737,0.192090395480226,0.041791571151472404,0.36116588084012,778.0,3003.0,4075.5,4431.0,1863.0,772.0,0.8602287173271179,0.6016276478767395,0.061932652497112994,73,-0.0002934595367024711,-0.052596449851989746
2511,Healthy,0.8126946107784431,2.5503607937462416,374.0,626.0,391.0,3784.0,0.6193192622171515,0.1688971244252282,0.04973805855161787,0.31046282830011124,1001.0,3027.5,3854.5,4258.0,2015.0,873.5,0.7940533757209778,0.49696072936058044,0.09370070095258264,70,-0.0004457009891701465,-0.03668808937072754
