id,Class,y,HH,HV,VH,VV,RVI_classic,RVI_xavg,RVI_hh,RVI_vv,RFDI
1,Healthy,0,0.148677968316608,0.0204248486293686,0.0164521462801429,0.088145886030462,0.5884564377485765,0.5389386990895462,0.4831344385207667,0.6291570086629579,0.7584327807396166
2,Healthy,0,0.1496032269464599,0.0197521946910354,0.0151017308235168,0.0989464314447508,0.5485691270433178,0.4919334474773869,0.4665264211810096,0.529661522751907,0.7667367894094952
3,Healthy,0,0.1324186772108078,0.0224474041412274,0.0176599657990866,0.0949285171098179,0.6596308850682366,0.5998382574048516,0.579788781255487,0.6274164228103261,0.7101056093722565
4,Healthy,0,0.1590701755550172,0.0212597450655367,0.017537898177074,0.0770346456103854,0.610420389135816,0.5645295807174258,0.4715744340678987,0.7417754656780028,0.7642127829660506
5,Healthy,0,0.143464107480314,0.0206929304533534,0.0177205618884828,0.0934223954876263,0.5948971767149659,0.5581328441159193,0.5042228030872488,0.6377574362545062,0.7478885984563756
6,Unhealthy,1,0.1047083892756038,0.0125592096398274,0.0152885196730494,0.0892259519961145,0.4586734121301143,0.5022539331420796,0.42839487653821956,0.5851254636370189,0.7858025617308902
7,Healthy,0,0.1182770878076553,0.0168307923401395,0.0126572015384833,0.0761812933617168,0.590243551105292,0.5266974090972109,0.4982919522304179,0.5698971623822408,0.7508540238847909
8,Healthy,0,0.1121447682380676,0.0175600277466906,0.0144932996481657,0.0830845940444204,0.6098570742219656,0.5641138344562876,0.5415382712218014,0.5941222586265721,0.7292308643890992
9,Healthy,0,0.1060064393613073,0.0240926355537441,0.0216908121688498,0.0900161440173785,0.7892501444537484,0.7573582431187194,0.7407473287408219,0.7767040803685934,0.6296263356295889
10,Healthy,0,0.1280372275246514,0.0118815252143475,0.0141576802771952,0.0997064196401172,0.37793109537155445,0.4104170982238367,0.33966927182408535,0.49735360969704917,0.8301653640879574
11,Healthy,0,0.1184051897790696,0.0233757036427656,0.0205897152837779,0.1140894558694627,0.6696804741812454,0.6361196362175371,0.6594881179995608,0.6115189188490183,0.6702559410002196
12,Healthy,0,0.1046540331509378,0.0178015914021266,0.0154378800135519,0.0943534506691826,0.6070172906717175,0.5724849461545046,0.5814870968025657,0.5624444085904361,0.7092564515987171
13,Healthy,0,0.1045156162646081,0.0122060363905297,0.0138086107456021,0.1059839700659116,0.41568090529664303,0.4399675529853448,0.4182955300193797,0.46108400543867084,0.7908522349903102
14,Healthy,0,0.0981305216749509,0.0239355193658007,0.0216916834728585,0.0942086370454894,0.7971524812748039,0.7669521446597835,0.784346544271387,0.7486323894824619,0.6078267278643066
15,Healthy,0,0.1642099635468589,0.0254091839823457,0.0218752274910608,0.1123376910885175,0.6209363764885828,0.5840608935561377,0.5360046031940365,0.651955943513453,0.7319976984029817
16,Healthy,0,0.1766760887371169,0.0208424399089482,0.016467814747658,0.0814535319805145,0.5561422778876803,0.5051485295861949,0.4220857668759961,0.6726955989840413,0.7889571165620018
17,Healthy,0,0.1173125869697994,0.0228648810750908,0.0184625036393602,0.0914220396015379,0.7188394789532205,0.6610741791918034,0.6524552453114245,0.6720691771502441,0.6737723773442877
18,Healthy,0,0.0910293675131267,0.0122538659100731,0.0133201133252845,0.0661695914136038,0.5395009224902183,0.5596885292214953,0.4745732876066445,0.6702811826532286,0.7627133561966777
19,Healthy,0,0.178196548587746,0.0219502382808261,0.0193361199150482,0.1033926904201507,0.5395006288888017,0.5114831663145846,0.43868280124306747,0.6302063830729583,0.7806585993784663
20,Healthy,0,0.0973265237278408,0.0207493690152963,0.0194667310764392,0.0831194387541876,0.7479113118672145,0.7290079612718544,0.7029163543293154,0.759039200257868,0.6485418228353423
21,Unhealthy,1,0.1007720505197842,0.0228726433383093,0.0200428886132107,0.1058622606926494,0.7250235289895112,0.6878871396176292,0.7399474291896468,0.6367615216283399,0.6300262854051767
22,Healthy,0,0.1235910463664266,0.0196155034419563,0.0125599543874462,0.081724539399147,0.6416937804591412,0.5419228842040111,0.5478940304951908,0.5328534473918835,0.7260529847524045
23,Healthy,0,0.1051174716817008,0.012928933215638,0.0146255049233635,0.0709284130069944,0.5122810505073035,0.5413437023343097,0.43809663587406605,0.6838029292951314,0.7809516820629671
24,Healthy,0,0.1201031174924638,0.0148425946633021,0.0087848589238193,0.0672283036013444,0.5471505479529329,0.44800113051147766,0.43995750368620845,0.46228093303767626,0.7800212481568959
25,Healthy,0,0.1338051524427202,0.0261514133049382,0.0253580525103542,0.1059544508655866,0.716323926011685,0.7073798254003345,0.6539628600477384,0.7724489856919543,0.6730185699761309
26,Healthy,0,0.1447752863168716,0.0183613896369934,0.0177218706036607,0.0740728916393386,0.5747566886625538,0.5661641497944984,0.45020874747223605,0.7722388585417248,0.7748956262638819
27,Healthy,0,0.1277856338355276,0.0212011627025074,0.0167105105809039,0.0888724136683676,0.6547095555972843,0.595698076993007,0.5692091700782339,0.6330762554540329,0.715395414960883
28,Healthy,0,0.1581257490648163,0.0218549537368946,0.022846504425009,0.0866922578877872,0.6059712809512603,0.6175952023705742,0.4857177107697536,0.8342801741640674,0.757141144615123
29,Healthy,0,0.1193670613898171,0.0132948431289858,0.0153609826746914,0.0673034062816037,0.4987276951281783,0.5323237648539412,0.40086393082353033,0.7432938351634244,0.7995680345882348
30,Healthy,0,0.1674066392911805,0.0298099786871009,0.0330587263322538,0.1039941675133175,0.7204376743208326,0.7523115665120439,0.6046139314767834,0.9648457731802079,0.6976930342616083
31,Healthy,0,0.1581594083044264,0.0212875887130697,0.0141949504613876,0.0813178560800022,0.6037909426039819,0.5161851109172516,0.4745153514270101,0.5944731801064318,0.7627423242864948
32,Healthy,0,0.1531549096107483,0.0152192939486768,0.0136031404965453,0.0611235722899436,0.4975310945406998,0.474246413850781,0.3615588047798637,0.7281540958672995,0.8192205976100682
33,Healthy,0,0.1831642736991246,0.0288080364051792,0.0308363936427566,0.1009246615899933,0.6744539464705223,0.6940778645616834,0.5436188602370531,0.9361307432848203,0.7281905698814735
34,Healthy,0,0.1368701565596792,0.0148213263601064,0.0138528836477133,0.0713953508271111,0.49838816301013855,0.484076039646226,0.3908281750516978,0.6500021370790664,0.804585912474151
35,Healthy,0,0.1031002783113055,0.0175592530932691,0.0148405721411108,0.0730838821166091,0.6648000567000161,0.6213291040825437,0.5821091094541868,0.6751510608236855,0.7089454452729067
36,Healthy,0,0.0766032089789708,0.0108395856287744,0.013179088735746,0.0564617001348071,0.5603877371083164,0.6116151371817584,0.4958480879939438,0.7569752697800726,0.7520759560030279
37,Healthy,0,0.176636098159684,0.0206519052800205,0.0222723577171564,0.0946973338723182,0.5284566895177985,0.5463575107453308,0.4187158858107086,0.7616454284696278,0.7906420570946456
38,Healthy,0,0.1409777891304758,0.01710429497891,0.0135348940061198,0.1134363859891891,0.47409413389323213,0.4299432014249318,0.4327952803829329,0.42639229931744754,0.7836023598085335
39,Healthy,0,0.1077678869995805,0.0198904080316424,0.017032236378226,0.0893202717933389,0.6717775696447287,0.631127177113651,0.6232390312522211,0.6405955692460048,0.6883804843738894
40,Healthy,0,0.1204040489263004,0.0203234627842903,0.0174689041450619,0.1222187355160713,0.5739678353468718,0.5390916538493868,0.5776685038270544,0.500227627510624,0.7111657480864728
41,Healthy,0,0.1543863597843382,0.0152472176899512,0.0187258130560318,0.1425317062271965,0.37255065399527754,0.4106853412363522,0.3595330103148276,0.46449463291425924,0.820233494842586
42,Healthy,0,0.1847088949547873,0.0213649589568376,0.0238179992884397,0.0886049643158912,0.5408101155397863,0.5674525553840268,0.4147048944113016,0.8474424983944171,0.7926475527943492
43,Healthy,0,0.0925062853429052,0.0149707540662752,0.0141040964259041,0.0733282624019516,0.6117501550097514,0.5966844237407242,0.5571703183702115,0.6452575048866496,0.7214148408148944
44,Healthy,0,0.0831431688533888,0.0104404849310716,0.0119413373370965,0.0559756308794021,0.5220249982861058,0.5543464041404175,0.44625250281925827,0.7032903647307198,0.776873748590371
45,Healthy,0,0.0934413994352022,0.0128395166248083,0.0166102653990189,0.0546594978206687,0.5910701696086988,0.6634676283594396,0.4832294301098643,0.9322475422188843,0.7583852849450679
46,Unhealthy,1,0.0912687174148029,0.0109371760239203,0.0109169655996892,0.0558209394415219,0.5178464263415412,0.5174298629542213,0.42804482817725586,0.654318746921882,0.785977585911372
47,Healthy,0,0.133571285340521,0.0189983247675829,0.0108294972322053,0.0773188852601581,0.6106655147818089,0.49564756963215545,0.49808935748401134,0.49142125702163614,0.7509553212579944
48,Healthy,0,0.1211213519175847,0.0249849686192141,0.0227868871556388,0.0909158736467361,0.7628789488636669,0.7354917007306306,0.6840215680586195,0.8016300394057926,0.6579892159706902
49,Healthy,0,0.1037912054194344,0.0174440251042445,0.0174430918155445,0.0823126973377333,0.6314809157582454,0.6314666898372028,0.5755431001003439,0.6994317608471889,0.7122284499498279
50,Healthy,0,0.134160492155287,0.0197513144877221,0.0167747591104772,0.1002844812141524,0.5767910160529569,0.5391878432319968,0.5133151229530898,0.5732058080663195,0.743342438523455
51,Healthy,0,0.140825239320596,0.0193942601068152,0.0175294356627596,0.1086536488599247,0.5382297003981031,0.5156894223553318,0.4841922531558509,0.555682585477082,0.7579038734220747
52,Healthy,0,0.1043946337368753,0.0133052136128147,0.0167709408948818,0.0586182756556405,0.5613323275545196,0.6230524691598224,0.4521743710774573,0.8898323480331012,0.7739128144612714
53,Healthy,0,0.1151238232851028,0.0141727156523201,0.0153429223638441,0.1123791866832309,0.4431597263381009,0.4593540312754962,0.43845614952398465,0.48050952112571543,0.7807719252380076
54,Healthy,0,0.0798596425188912,0.0117835639458563,0.013198479803072,0.0553234306474526,0.5938166436234971,0.6239072334868994,0.5143235118203376,0.7704677068279817,0.7428382440898313
55,Unhealthy,1,0.2347764670848846,0.0276286902113093,0.025651007062859,0.1379925277498033,0.5163922937169545,0.5002216719450014,0.42116078046626176,0.6269971396602756,0.789419609766869
56,Healthy,0,0.1649844522277514,0.0180889914433161,0.018503511738446,0.1075668541921509,0.46873405458736905,0.4734690075652751,0.3952291731796345,0.5870852075937459,0.8023854134101827
57,Healthy,0,0.174904531902737,0.0247154146846797,0.0250380626983112,0.1661054053240352,0.5064105349479575,0.509295144046966,0.49524939981599353,0.5239637630804946,0.7523753000920033
58,Healthy,0,0.1654430164231194,0.0298693945838345,0.027571908198297,0.1205022583405176,0.6912530301603979,0.6691152949852898,0.6117254798062173,0.7448134632199895,0.6941372600968914
59,Healthy,0,0.1300318025880389,0.0178767490304178,0.015847565088835,0.0891758244898584,0.5609246984830479,0.5333342077656547,0.48345410281705603,0.6035823125651648,0.758272948591472
60,Healthy,0,0.1088735544019275,0.0209434798194302,0.020843767043617,0.0883330123292075,0.7007627563121998,0.6993862516291414,0.6453230100363685,0.7636703395486049,0.6773384949818158
61,Healthy,0,0.1593128012286292,0.0188193689617845,0.0193860468765099,0.1172951683402061,0.47909794471884826,0.48543572299361504,0.4225933797734033,0.5673360994273338,0.7887033101132985
62,Healthy,0,0.1174864048759142,0.0247408230271604,0.0214256304833624,0.1230926985541979,0.6823625208480875,0.6440058427141476,0.6958111577347439,0.5930218160159846,0.6520944211326282
63,Healthy,0,0.1714359670877456,0.0194207785858048,0.0202894753052128,0.0985102769401338,0.5031488552427165,0.5129587676395955,0.4070231527267668,0.6831487413647377,0.7964884236366166
64,Healthy,0,0.1408877414133813,0.0158011305870281,0.0177050443987051,0.1088112973504596,0.4493724157127327,0.47324234666613496,0.40337594840779284,0.5597709878082843,0.7983120257961037
65,Healthy,0,0.1227253278096516,0.0117057249363925,0.0140768118823568,0.1034812413983874,0.37515640832330444,0.409264308688145,0.3483041960106041,0.4789739703749435,0.8258479019946979
66,Unhealthy,1,0.1522779340545336,0.0180410413692394,0.0169753135285443,0.1260164694653617,0.45909391211687894,0.4470495054128068,0.4237000915335766,0.4748612311315189,0.7881499542332118
67,Healthy,0,0.1251816799243291,0.0189019721001386,0.0142802690259284,0.0832029763195249,0.6142273709193328,0.549450135549884,0.524749944481661,0.5859578833397731,0.7376250277591695
68,Healthy,0,0.1159049330486191,0.0180722950026392,0.0154464670146505,0.0798848263091511,0.623358982480012,0.5846928289675897,0.5395631859385813,0.6481173799744913,0.7302184070307093
69,Healthy,0,0.1139654484060075,0.0197999283878339,0.0150834405794739,0.0933061896098984,0.6416270425891136,0.5762155307360782,0.5920793216423846,0.5566377725662854,0.7039603391788077
70,Healthy,0,0.1483926342593299,0.0116939467067519,0.0141163535623086,0.0736650261614057,0.38115000330050736,0.41651692614459024,0.29219055429085705,0.6432504755217485,0.8539047228545716
71,Unhealthy,1,0.1623999617165989,0.0133174607116315,0.0134550950800379,0.05824518079559,0.43084623967447017,0.4328317008072644,0.30315629554766205,0.750630031235989,0.8484218522261688
72,Healthy,0,0.1373074452082316,0.0253076946569813,0.0221864411400424,0.1053324060307608,0.6903936545996375,0.6547889998303158,0.6225175510215872,0.6959423373809239,0.6887412244892065
73,Healthy,0,0.1178611781862047,0.0175121115106675,0.0114175251995523,0.0746878476606475,0.6156123040915306,0.5224816941950791,0.5174465819625308,0.5303978054001219,0.7412767090187345
74,Healthy,0,0.1468005138966772,0.0333982563267151,0.0275500690978434,0.1224256340000364,0.7951429530861931,0.738377195686518,0.7413648003326838,0.7347875296804093,0.6293175998336581
75,Healthy,0,0.100645400583744,0.0178969290314449,0.015061049722135,0.1128424464000596,0.5743519454215092,0.5349326352753961,0.6039000275949278,0.4710129176686833,0.698049986202536
76,Healthy,0,0.0951109619604216,0.018332281977766,0.019594523952239,0.0446882359683513,0.8310955986435429,0.8536017263999669,0.6463948434956533,1.219270857470618,0.6768025782521734
77,Healthy,0,0.113091095454163,0.0134528364158338,0.0151065758739908,0.0711324417756663,0.509747994109022,0.5368740748127787,0.42523845172297603,0.7006840423605343,0.787380774138512
78,Healthy,0,0.1171253141429689,0.017606617986328,0.0149604441184136,0.1269223971499337,0.5043775195558662,0.470937422534916,0.5227155198644854,0.42176894639763973,0.7386422400677572
79,Unhealthy,1,0.1782684475183487,0.0159074746900134,0.0159004628658294,0.0624429918825626,0.4669632107531467,0.46687230700502264,0.32769201266764164,0.8118336326573986,0.836153993666179
80,Healthy,0,0.1379323146409458,0.0274147811449236,0.0258740875869989,0.105666438738505,0.7349109908271081,0.7179668637304375,0.6632056284901854,0.7868020087732391,0.6683971857549073
81,Healthy,0,0.1794611828194724,0.0261398651119735,0.028551816733347,0.117196273472574,0.5993024790042064,0.6226476846963285,0.5085550949271307,0.783593574173285,0.7457224525364348
82,Healthy,0,0.1694756249586741,0.0188610822790198,0.0183203325917323,0.0992572903633117,0.4923679460338202,0.4861676776936389,0.40058218189438377,0.6232591587172028,0.799708909052808
83,Healthy,0,0.1287683074673017,0.0173444269845883,0.0158391114738252,0.103388864133093,0.5199830710633181,0.5002404410700332,0.4748231439142421,0.5313890936484587,0.762588428042879
84,Unhealthy,1,0.110860847764545,0.0197607709301842,0.0191286754690938,0.0920564118358824,0.6520662801867437,0.643314605167739,0.6051301806744975,0.6881741403547984,0.6974349096627512
85,Healthy,0,0.1230880667765935,0.0173629483001099,0.0154499969341688,0.0849522236320707,0.5721702355352973,0.5449450599521583,0.49449121576309324,0.6155241127949276,0.7527543921184535
86,Healthy,0,0.138698866797818,0.035962028014991,0.0344578447855181,0.1208234081665674,0.8680024402648076,0.8537238819296029,0.8235851088140349,0.8876240790290536,0.5882074455929827
87,Healthy,0,0.1377158049080107,0.0225191950384113,0.0247371904551982,0.0914945751428604,0.6568983343969369,0.6837188607540814,0.5621542121494325,0.8513056763068351,0.7189228939252839
88,Healthy,0,0.1511463655365837,0.0214838283136487,0.0252463672724035,0.0938360003961457,0.5968765863644308,0.6407704261037593,0.4978000159644675,0.8480304100997921,0.7510999920177662
89,Healthy,0,0.1715091152323616,0.0177820951988299,0.0185517392431696,0.0725232660770416,0.5087929394917027,0.5183767857995597,0.3757616670805495,0.8147894882001233,0.8121191664597254
90,Healthy,0,0.117495521903038,0.0192730286055141,0.0181566914543509,0.0926664943496386,0.6199405861531618,0.6047006352847976,0.5636684320730286,0.6553390907373565,0.7181657839634856
91,Healthy,0,0.1359595093462202,0.0213212993823819,0.018269860289163,0.1093094150225321,0.5924403205631852,0.5559383274765054,0.5422479590417961,0.572815929374956,0.728876020479102
92,Healthy,0,0.1599518780906995,0.0152704272833135,0.0093232656104697,0.0768140703439712,0.4570157470549484,0.3763961837225817,0.3485955113013423,0.4329488720385265,0.8257022443493287
93,Healthy,0,0.2430012888378567,0.0274618857850631,0.0270314883026811,0.1596569369236628,0.4801217870494028,0.4768079044738092,0.4061460244759828,0.5791786666989709,0.7969269877620087
94,Healthy,0,0.1560249312056435,0.0183645821072989,0.0226044286456373,0.1149419902099503,0.4774732722305893,0.5253516062497324,0.4212313403121577,0.6573614590248281,0.789384329843921
95,Healthy,0,0.1184668110476599,0.0177730079740285,0.0159093261592917,0.1006895982556873,0.5582360028644608,0.5328666592073483,0.5218153723824066,0.5457795168905655,0.7390923138087968
96,Healthy,0,0.1041943389508459,0.0234454274177551,0.021340389839477,0.0880487635731697,0.7843445632443103,0.7557865478788768,0.7347373968093569,0.7803475636738878,0.6326313015953215
97,Healthy,0,0.1346021393934885,0.0182510205648011,0.0158728345607717,0.0866684267918268,0.5664223442486753,0.534449498942411,0.4776092445790828,0.6191784400307444,0.7611953777104586
98,Healthy,0,0.1221731296843952,0.0167818881778253,0.0168121866881847,0.0619845295117961,0.6166370577261546,0.6171078271443527,0.48308836732949706,0.8534460570928613,0.7584558163352514
99,Healthy,0,0.1245949433909522,0.0173693127516243,0.0141503209662106,0.0806207201547092,0.5790873860340593,0.5325717640281116,0.4893996058889663,0.5972423980509401,0.7553001970555169
100,Healthy,0,0.1500341064400143,0.0199914932664897,0.0201515584356255,0.1118899401691224,0.52973905399757,0.5315779431330391,0.47031725342533737,0.6104613670266508,0.7648413732873315
101,Healthy,0,0.1179964625173145,0.0154475061636832,0.017013211424152,0.0952094222108523,0.5062662644838664,0.5285328535798421,0.46304096967052844,0.6064092731769669,0.7684795151647357
102,Healthy,0,0.1809589664141337,0.0248297777854734,0.0250519702417982,0.1590108714169926,0.5098132370080328,0.5118024380220392,0.48262654757034673,0.5444221118402303,0.7586867262148266
103,Healthy,0,0.1499036426345507,0.0187070953349272,0.0152047682139608,0.0782865434885025,0.5634574418030218,0.5175367928840484,0.44379368859208906,0.6505318167895674,0.7781031557039554
104,Healthy,0,0.1366709048549334,0.0129617083196838,0.0145325009814567,0.066891625109646,0.45185192423319803,0.4759732936336751,0.34649420456375607,0.7139162152110433,0.826752897718122
105,Healthy,0,0.1209935868779818,0.0208318989930881,0.0200030727105008,0.1063093087739414,0.6196127471788125,0.609163817200763,0.5875361220204349,0.633447726198229,0.7062319389897824
106,Healthy,0,0.1229206969340642,0.0171346035268571,0.014175380166206,0.0752222277224063,0.5898006580215446,0.545819774842296,0.48936679927049404,0.6342621687984427,0.755316600364753
107,Healthy,0,0.1444005891680717,0.0117083763082822,0.0138409310537907,0.0997438190711869,0.35007700731546254,0.37893811956435164,0.3000052244931618,0.4874221597023011,0.8499973877534192
108,Healthy,0,0.1615268323156568,0.0291147242403692,0.0207784059974882,0.1286503680878215,0.6685228157065319,0.5868566086757921,0.6108788611744874,0.5562089664370985,0.6945605694127562
109,Healthy,0,0.1754749988516172,0.0222383466445737,0.0228147800597879,0.119820260339313,0.5236064126482632,0.5294942308699203,0.4499108866680351,0.639808563055778,0.7750445566659825
110,Healthy,0,0.1450421479013231,0.0199405922450953,0.0233254716214206,0.0842628536952866,0.5926185896824695,0.6349326006852931,0.48345886914954816,0.8672119973150443,0.7582705654252258
111,Healthy,0,0.1497958070702023,0.0187499549032913,0.0191801152088575,0.1137921387950579,0.4981922598359988,0.50318810952896,0.44498193686388904,0.5769659348120169,0.7775090315680556
112,Healthy,0,0.1416045659118228,0.0184669846461878,0.0154573895658055,0.0861439787679248,0.5581625886516334,0.5185767691310611,0.4614682517114817,0.6085504484558739,0.7692658741442592
113,Healthy,0,0.1430155643158489,0.0154954182604948,0.0165075950531495,0.1383368629548284,0.39688176584670004,0.4085202829600469,0.3910244705733683,0.4264303744677512,0.8044877647133158
114,Healthy,0,0.1307998994986216,0.017101499872903,0.0160454367804858,0.087607968184683,0.5415918973542068,0.5270730048792597,0.4625108334490997,0.6191957431934874,0.7687445832754503
115,Healthy,0,0.1798995186885198,0.0199560429900884,0.0195048372778627,0.0705741544564565,0.5497802109913402,0.5444108651892975,0.39940930985308515,0.8661214741564008,0.8002953450734573
116,Healthy,0,0.1351746825708283,0.0222740115390883,0.0238596730762057,0.1001327460010846,0.6367290373013872,0.6556779724589441,0.5658735161954046,0.76971393102131,0.7170632419022976
117,Healthy,0,0.1469751861360338,0.0241075992170307,0.0205534583785467,0.1124005085892147,0.6270042385044137,0.58757445939891,0.5636475737118661,0.6183631477060174,0.7181762131440669
118,Healthy,0,0.123766197098626,0.0159338413634234,0.0099184268878565,0.0715601576699151,0.5610654765091486,0.4675364716229947,0.4562301210175243,0.48692190428634335,0.7718849394912379
119,Healthy,0,0.1333995535969734,0.0219751304636398,0.0222025995867119,0.0973487276997831,0.6399780730024414,0.6427580982081037,0.5657325862704141,0.742864176940677,0.7171337068647928
120,Healthy,0,0.1489252804054154,0.0198014067072007,0.0193719442726837,0.08400399900145,0.581257245771402,0.5758614082371175,0.46943152967815494,0.749572624312135,0.7652842351609225
121,Healthy,0,0.0779715594318178,0.0115316951026519,0.0150233698594901,0.0610052372018496,0.5693251940822122,0.641690722405656,0.5153642808915194,0.7904061610582596,0.7423178595542403
122,Healthy,0,0.1077040682236353,0.0226028892729017,0.0171750424843695,0.0825293705695205,0.7680246147050539,0.6917559190587999,0.6938352243701917,0.6890384069594364,0.653082387814904
123,Healthy,0,0.1036476683285501,0.0173629892783032,0.0167253260604209,0.0750360298487875,0.6508791745165141,0.6408420877429136,0.5739325650047493,0.7290792902829146,0.7130337174976253
124,Unhealthy,1,0.1169607581363783,0.0188687507890992,0.0161542024256454,0.0986722136537234,0.5957679452781864,0.558900863230222,0.5556598397024756,0.5627347078212214,0.7221700801487623
125,Healthy,0,0.1276688012811872,0.0181879737517899,0.0147533826529979,0.0907315545611911,0.5711040944680836,0.5242481418666187,0.4987899601558512,0.5594498339811645,0.7506050199220744
126,Healthy,0,0.214603583017985,0.0268655168927378,0.0247597839269373,0.1591125089261267,0.502808703591256,0.48549519701549665,0.4450344479301187,0.5386300141854072,0.7774827760349405
127,Unhealthy,1,0.1094141975045204,0.0252970055573516,0.0229828214893738,0.1052424137790997,0.7629616195769275,0.7344714540640132,0.7511477882276159,0.7169515872988083,0.624426105886192
128,Healthy,0,0.1410561526815096,0.0208128941141896,0.0180293639293975,0.0842342583669556,0.6238031013652356,0.5882234587202883,0.5143143677236405,0.7052112383482609,0.7428428161381797
129,Healthy,0,0.1291865110397339,0.012993038425015,0.0152313553003801,0.0642378280560175,0.4737437233873424,0.5093535770072734,0.3655388830230163,0.7666546783082759,0.8172305584884918
130,Healthy,0,0.1004218715760442,0.0173601819616225,0.0135644981637597,0.087960161268711,0.6225009578780998,0.564044387088017,0.5895696819743669,0.5344316637784793,0.7052151590128167
131,Healthy,0,0.1908818119102054,0.0191648607659671,0.021382535704308,0.1094985951979955,0.4526551560276236,0.47573000552818506,0.3649638534481988,0.6534948332703219,0.8175180732759006
132,Healthy,0,0.1891262415382597,0.0265876110643148,0.0283258279992474,0.1425339753429094,0.5527060840909265,0.5682067385514052,0.4930162943832655,0.6631361489401522,0.7534918528083674
133,Healthy,0,0.1327123824093077,0.0233451156980461,0.0201047197398212,0.1074887274040116,0.6509813952455464,0.612722589722243,0.598372163623608,0.6302743656469338,0.700813918188196
134,Healthy,0,0.1034915372729301,0.0173268984589311,0.0141956823774509,0.1343746657172838,0.5086422564149611,0.4680607765269532,0.5736508126089501,0.38219422810799736,0.7131745936955249
135,Healthy,0,0.1271012152234713,0.0206887094924847,0.0178114178900917,0.1090660144885381,0.5963353165586697,0.5606800573585204,0.5599491178372883,0.5615314735228425,0.720025441081356
136,Healthy,0,0.2716960956652959,0.0290059850861628,0.0251908018771145,0.1591625759998957,0.4746611083396304,0.4469327042851787,0.3858434901903763,0.5465764103095595,0.8070782549048118
137,Healthy,0,0.124244847231441,0.0172196407285001,0.0169266620650887,0.0754326126641697,0.5884121102664771,0.5841374272806712,0.4868964918849806,0.7330790379074521,0.7565517540575096
138,Healthy,0,0.1677356660366058,0.0179616261480583,0.0150309068461259,0.0715364884171221,0.522149009976336,0.484712627310453,0.3869011968186722,0.6945297037258664,0.8065494015906639
139,Healthy,0,0.1194110040863355,0.0257742053104771,0.0228493586182594,0.102669820189476,0.7535512152479216,0.7184747059511404,0.7101055380932749,0.72815513406948,0.6449472309533626
140,Healthy,0,0.1385858025815751,0.0221350780791706,0.0195770943537354,0.0606557917263772,0.7271953993771484,0.6924510539445807,0.5508948927649038,0.9760134683021451,0.7245525536175481
141,Healthy,0,0.1709176359905136,0.0212223542233308,0.0222590656744109,0.1408850823839505,0.47926624424677844,0.489539669394729,0.44181024886513504,0.5457521079198792,0.7790948755674325
142,Healthy,0,0.1066958871152665,0.0199287748999065,0.0177801258655058,0.062402959085173,0.7629831019820008,0.729351802698935,0.6295384985120356,0.886976392910923,0.6852307507439821
143,Healthy,0,0.2347977509101232,0.0272570645643605,0.0274879301173819,0.1499256533053186,0.4964432680756967,0.49828378849647625,0.4160513442961634,0.6197480392894145,0.7919743278519182
144,Healthy,0,0.1976445102029376,0.0251814458105299,0.024369038020571,0.1442928984761238,0.5135136688147393,0.5062785825982056,0.4520379270179448,0.5779380582660048,0.7739810364910277
145,Healthy,0,0.1078781891200277,0.0218424737039539,0.0204321831050846,0.0860940346287356,0.7352599072907302,0.7157708361562096,0.6735233455780911,0.7672170678635759,0.6632383272109544
146,Healthy,0,0.1411272279090351,0.017781994305551,0.0167247555736038,0.0754777267575264,0.5641295577297551,0.549663743338139,0.4476013174751745,0.7255663904379306,0.7761993412624127
147,Healthy,0,0.1508233613438076,0.0164224204296867,0.019786879627241,0.1324579566717147,0.4155915597275387,0.453337882350168,0.39277332451775787,0.5198699701942331,0.8036133377411211
148,Unhealthy,1,0.1533713903692033,0.0214242887579732,0.0198521078046825,0.0918257575896051,0.5950246606898776,0.576337987950759,0.4902704429526655,0.7110489705222446,0.7548647785236673
149,Healthy,0,0.1114413167039553,0.0159757433252202,0.0165051647151509,0.0807985539237658,0.5700752613901553,0.5781558471429954,0.5015260380850769,0.6785008814061767,0.7492369809574616
150,Healthy,0,0.119898979862531,0.0181524435886078,0.0174035630706283,0.0598685075011518,0.6720875309368857,0.6605132769292985,0.5259617940855954,0.9008979799220813,0.7370191029572022
151,Healthy,0,0.1102419247229894,0.0178740414687328,0.0172499176114797,0.0554602146148681,0.7098147132070871,0.6995895325734637,0.5580582030497202,0.9489691234657878,0.72097089847514
152,Unhealthy,1,0.1606469518608517,0.0183287033190329,0.0182937940375672,0.1156559942497147,0.4685246078759222,0.4681306441665897,0.4096356747650648,0.5462881060575483,0.7951821626174674
153,Healthy,0,0.1026890137129359,0.0199397736125522,0.0192169910296797,0.0804141201078891,0.7153837605332248,0.7047022861614486,0.6504108553117125,0.7715257136155083,0.6747945723441438
154,Healthy,0,0.1357659109764629,0.0184320283846722,0.0158533469463388,0.0830450587802463,0.5767330078377898,0.541854925943369,0.4781394216041751,0.6411972702640737,0.7609302891979125
155,Healthy,0,0.1171422319279776,0.0218235407438543,0.0195160898276501,0.0831881297959221,0.7155920795489654,0.6842327453045658,0.628170241470629,0.7600891141251944,0.6859148792646853
156,Healthy,0,0.1265395060181617,0.0231580820141567,0.0275399654896722,0.0786661919620302,0.7365747638548764,0.7924549507149689,0.6187963966168132,1.0372266976025788,0.6906018016915934
157,Healthy,0,0.1412979902492629,0.0184544353849358,0.0203410358064704,0.0889905964334805,0.5525332631792284,0.576704119863553,0.4620758730059671,0.744195815601757,0.7689620634970165
158,Healthy,0,0.1274064944850074,0.0193220128615697,0.0182924214750528,0.1097443087233437,0.5604749860301241,0.5475865094537771,0.5267418911563118,0.5714741839067017,0.7366290544218441
159,Healthy,0,0.103502771920628,0.0194042370551162,0.0167836583115988,0.0622374369866318,0.7589092931370994,0.7168471272847784,0.6315095360898627,0.849578621923992,0.6842452319550688
160,Healthy,0,0.1600554701354768,0.0264765897558795,0.0217649301307068,0.0783174435297648,0.7270640117991258,0.6732601605405596,0.5677649144345593,0.8698806526929147,0.7161175427827204
161,Healthy,0,0.1326472204592493,0.021393597126007,0.0195075703991784,0.1106086431278122,0.5983322171878834,0.5757544321896964,0.555530604455962,0.5996968362480624,0.7222346977720191
162,Healthy,0,0.1438837688830163,0.0185227176795403,0.0163957003710998,0.0781846005055639,0.5718789918608539,0.5435052657545457,0.4562063516448432,0.6934086789375058,0.7718968241775783
163,Healthy,0,0.1313469865255885,0.0214433756967385,0.0170566677633259,0.0753118702107005,0.6874374863159364,0.628164727925094,0.5613803222885485,0.7386353898173491,0.7193098388557256
164,Healthy,0,0.1103569492697715,0.0253068953752517,0.0223041698336601,0.1143324714567926,0.7353897614045012,0.6993900880543221,0.7461647704727665,0.6529484221219239,0.6269176147636167
165,Healthy,0,0.1108235609200265,0.0196840350205699,0.0288858771738078,0.0736377462744712,0.7035371411447008,0.8337065277648606,0.603306953245221,1.1269940020557354,0.6983465233773894
166,Healthy,0,0.1512078353100353,0.0272286795079708,0.0286960823254452,0.1137223351332876,0.6820223583323998,0.697196847641795,0.610383576158553,0.8059654878207079,0.6948082119207235
167,Healthy,0,0.1769145644373363,0.0197983446220556,0.0213825855818059,0.0977789469891124,0.5039506692811793,0.5214848025223694,0.40258353590974655,0.7177680622420722,0.7987082320451268
168,Unhealthy,1,0.1306937262415886,0.018795373953051,0.0206686266594462,0.1348058473732736,0.49609961436530947,0.5176224827831486,0.5029229269178508,0.531756142943348,0.7485385365410746
169,Healthy,0,0.1506718322634697,0.0152095059553782,0.0175367693106333,0.0873958542943,0.4531920886102644,0.48367189114598935,0.36675628780646174,0.6684963630246572,0.8166218560967691
170,Healthy,0,0.1173187717795372,0.0206632629657785,0.0168478489956922,0.0756588553388913,0.7055193071672198,0.65098385476381,0.5990131397589059,0.7285028308761685,0.7004934301205471
171,Healthy,0,0.1767560094594955,0.0213315886341863,0.0197694116375512,0.0965664544039302,0.5400647588360219,0.5228744665705884,0.43075061416208255,0.6797357447960924,0.7846246929189588
172,Healthy,0,0.1259571396642261,0.0188144662727912,0.0154406440754731,0.0862922014461623,0.6023562112068924,0.5558538216338874,0.5198385733450083,0.6071055614851295,0.7400807133274957
173,Healthy,0,0.1236067116260528,0.0273947529494762,0.0272065868808163,0.1107970989412731,0.7578253407573641,0.7557144190014746,0.725681781338583,0.7885756592295744,0.6371591093307086
174,Healthy,0,0.1518993485305044,0.0223696356018384,0.0177987734269764,0.102068279352453,0.5991059642810731,0.5462562078493435,0.5134507603452952,0.5939504814464206,0.7432746198273523
175,Healthy,0,0.1302012022998598,0.0207755805717574,0.0216590027428335,0.0670763593580987,0.695915644586087,0.7080923383243729,0.5504311372013768,0.9763414372816748,0.7247844313993115
176,Healthy,0,0.1478846023480097,0.0192560087889432,0.0161628679682811,0.0761392331785625,0.5867696487544216,0.5460762639342233,0.4608337532801066,0.7004333711783033,0.7695831233599466
177,Healthy,0,0.1318534852729903,0.0298819556418392,0.0267127667450242,0.1138773717814021,0.7825196039696711,0.748791716419883,0.7390329657573359,0.7600182210504923,0.630483517121332
178,Healthy,0,0.151110919813315,0.0181763018998834,0.0196297294977638,0.1102390016118685,0.4884419945352899,0.5055026455721184,0.42947841463609515,0.6046021803722041,0.7852607926819525
179,Healthy,0,0.0848541557788848,0.0141327008605003,0.0154404844053917,0.0547379669215944,0.673556978000651,0.6992730512279958,0.571094035725836,0.8800698284690867,0.7144529821370821
180,Healthy,0,0.1333365945352448,0.0186517869846688,0.0173554548786746,0.0738336998555395,0.6103486514867531,0.5922790800169104,0.4908740207151962,0.7612946925217127,0.754562989642402
181,Healthy,0,0.122365980512566,0.0187993614623943,0.0175690536076823,0.0792766341732608,0.6286325482092657,0.6112055413125165,0.5326905655278731,0.7256514568794035,0.7336547172360635
182,Healthy,0,0.1477746963500976,0.022626595157716,0.0255916309025552,0.0946149362458123,0.629296985162464,0.6636878477167172,0.5311367057726432,0.8515884451127596,0.7344316471136784
183,Healthy,0,0.1252160742878914,0.0182383292251163,0.0148633663646048,0.0822944607999589,0.5980093942027187,0.5502911551338138,0.5085470721981021,0.611926668118239,0.7457264639009489
184,Unhealthy,1,0.158770605093903,0.0202913017322619,0.0173155673676066,0.0991495971878369,0.543815370352267,0.5090142019687595,0.4532801441003507,0.5947037445471854,0.7733599279498247
185,Healthy,0,0.1178494029574924,0.017760439361963,0.0149483991165955,0.0856488214598761,0.5944441805210536,0.553901108248741,0.5238687416249576,0.5943861681638445,0.7380656291875213
186,Healthy,0,0.1338352867298656,0.0202208194467756,0.0171767103796203,0.0741165652871131,0.6512511860967899,0.6097024503655707,0.5250248094311912,0.7525947668839915,0.7374875952844044
187,Healthy,0,0.1491037963165177,0.0244804020557138,0.0198554171042309,0.1098904063304265,0.6359474993026277,0.5846545474904625,0.5641159111319193,0.6121327555250512,0.7179420444340403
188,Healthy,0,0.1289518723885218,0.0207243805958165,0.016068037909766,0.0761193227436807,0.6725420823486558,0.6084820771872338,0.5538455214531605,0.6971904953508503,0.7230772392734198
189,Healthy,0,0.0977673936221334,0.0145478844642639,0.0160784790706303,0.0603457697563701,0.6216748008756204,0.6490715333613605,0.5181088347775126,0.8415380886256004,0.7409455826112437
190,Healthy,0,0.2327470282713572,0.0293020295600096,0.0293983413527409,0.2012025101317299,0.4759202605744445,0.4766092091178502,0.4472754804387196,0.5099433269823924,0.7763622597806403
191,Healthy,0,0.1308372269074122,0.0216612546808189,0.023687572321958,0.08201471881734,0.6764532294530008,0.7025358835874911,0.5681697143531581,0.8963882264667935,0.7159151428234211
192,Healthy,0,0.1436056254638565,0.0187942726123664,0.0187844639230105,0.1137395393517282,0.5097897452223341,0.5096736665050138,0.4629134090600291,0.5669754447145088,0.7685432954699853
193,Unhealthy,1,0.1235657044582896,0.0164317083027627,0.0195564679387542,0.1295647786723243,0.45963800816514616,0.4979018140118829,0.46948605631186496,0.5245789820885608,0.7652569718440676
194,Unhealthy,1,0.1635582521557808,0.0130403173259562,0.0147257253734601,0.0644591314097245,0.41056022136460174,0.43421175648274074,0.29536631840734745,0.7438657324988532,0.8523168407963263
195,Healthy,0,0.1509958000646697,0.0247967191454437,0.0195626366055674,0.0918580649627579,0.6783230719266683,0.6177898862842486,0.564226947923894,0.7022980947062595,0.7178865260380529
196,Healthy,0,0.1282002040081554,0.0163318618304199,0.0185215969880421,0.0851951953437593,0.5309898411553173,0.5615890292561438,0.4519927598256458,0.7143143003801923,0.774003620087177
197,Healthy,0,0.1449577170941564,0.0218078510628806,0.0218705327974425,0.0969278845522138,0.6110753478109847,0.6118192219907833,0.5230780263308299,0.7363913858573226,0.7384609868345849
198,Healthy,0,0.2652966562244627,0.0283418078389432,0.0248898356739017,0.1500180810689926,0.4803713006289076,0.4544407614139798,0.38607759278870635,0.5692100423444751,0.8069612036056469
199,Healthy,0,0.1432094631923569,0.0170281141375501,0.0166059118799037,0.1008750672141711,0.48976968980058644,0.4844332543066525,0.4250716822182495,0.5653991653101987,0.7874641588908753
200,Unhealthy,1,0.0823976687259144,0.0150572178471419,0.0134188515237636,0.0684342669943968,0.6657096344923951,0.6352436826547547,0.618017972279076,0.6557527320494903,0.6909910138604621
201,Healthy,0,0.0964693004886309,0.0193508784804079,0.0172756211832165,0.0585830737319257,0.7989869784936303,0.7643304433383806,0.6683076697914896,0.9109369045982941,0.6658461651042553
202,Healthy,0,0.2311390240987142,0.0258755592836274,0.0223538869371016,0.1570278472370571,0.4705524189057385,0.442070148444685,0.4027095885860179,0.49846517629043746,0.7986452057069909
203,Healthy,0,0.1181488873230086,0.0184543782638178,0.0153913082968857,0.1058019937740431,0.565955804642161,0.5251534086464061,0.540378831634534,0.5079920435826687,0.729810584182733
204,Healthy,0,0.1604156974289152,0.0194460246711969,0.0217548789870407,0.0869535232583681,0.5434482888776648,0.5711042160262646,0.4324661066099017,0.8004856492299149,0.783766946695049
205,Healthy,0,0.18065388335122,0.0209824458385507,0.0212398589485221,0.0930249492327372,0.5318007418058927,0.5346268156987628,0.4162433609630535,0.7435310761587809,0.7918783195184733
206,Healthy,0,0.1597721659474902,0.0165653281534711,0.0205681391267312,0.0849074588881598,0.47702563304253187,0.5270651835428125,0.3757641728533738,0.7800150751011584,0.8121179135733132
207,Healthy,0,0.2114695426490571,0.0235312421702676,0.0233669218917687,0.1795433064301808,0.42972046815006515,0.42838076828094307,0.400530443987395,0.4606356630715204,0.7997347780063025
208,Healthy,0,0.1225039975510703,0.0237647448148992,0.0192471036894453,0.095970547861523,0.7147183255656083,0.6579592591422923,0.649892640915418,0.668199826341055,0.6750536795422909
209,Healthy,0,0.1441111713647842,0.0180125043003095,0.0166352430565489,0.1113000106480386,0.49444797538411733,0.4778028717426549,0.4444139136721463,0.5201144352270868,0.7777930431639267
210,Unhealthy,1,0.2963020089599821,0.0286916856550508,0.0241243437760406,0.1623684854971038,0.44478590408226515,0.4130394601961259,0.35313529007431566,0.5174320936641951,0.8234323549628421
211,Healthy,0,0.2057403127352396,0.0245493575930595,0.0248240089664856,0.1623785661326514,0.4707252607354141,0.4730470287800988,0.4264083153718903,0.5304202456262054,0.7867958423140547
212,Healthy,0,0.1114526854621039,0.0157333166441983,0.01859394636833,0.0755924234787623,0.576017251381974,0.6202628215910377,0.49481283737650233,0.7896661225405122,0.7525935813117488
213,Healthy,0,0.1352247496445973,0.0210891417745086,0.0191042645730906,0.058302996887101,0.7157777598574565,0.6878864981186638,0.5396613591549527,0.9872078775408114,0.7301693204225236
214,Healthy,0,0.2354078872336281,0.0291136780546771,0.0308111883285972,0.1667749418152703,0.5058737446422064,0.5187090972569182,0.44024657154808167,0.6237520479026092,0.7798767142259593
215,Healthy,0,0.1408761466542879,0.0193628126548396,0.0227303012377685,0.0833885305457645,0.5890046125673583,0.6321288927938999,0.48334843756656015,0.8567867118678807,0.7583257812167198
216,Healthy,0,0.1612276136875152,0.0217042988580134,0.0195988678476876,0.0946114096376631,0.5802364953143555,0.5560054154734303,0.47458748024867614,0.6864134569746219,0.762706259875662
217,Healthy,0,0.1481222576565212,0.0186307108443644,0.0153661661057008,0.0643990089495976,0.5967014278386628,0.5516328568703012,0.4469056476020804,0.7705701690015963,0.7765471761989597
218,Healthy,0,0.1178667893012364,0.0176786402654316,0.0173329159410463,0.0708896476361486,0.6310596411551206,0.625854586522007,0.5217037659462023,0.7858722412154785,0.739148117026899
219,Healthy,0,0.1129107400774955,0.0195774558103746,0.0249031784219874,0.0713405567738744,0.70105324088405,0.7778648835186719,0.591070190945728,1.0350046523571819,0.7044649045271358
220,Healthy,0,0.1254669767287042,0.015268314940234,0.0161441347251335,0.0625503708918889,0.5588849076026492,0.572619581367627,0.4339583841173474,0.8205978091380938,0.7830208079413262
221,Healthy,0,0.1518529396918085,0.0149051915440294,0.0184173831302258,0.0871477623780568,0.44358859785184035,0.48945613570250407,0.3575283899757719,0.6978584850728323,0.8212358050121141
222,Healthy,0,0.1273329969909456,0.0186528007810314,0.017799247884088,0.0708794117801719,0.6335923356228711,0.6213475881838504,0.5110853539374071,0.8028649937415154,0.7444573230312964
223,Healthy,0,0.3035837527778413,0.0289029336223999,0.022963764766852,0.140669417877992,0.4605503566792929,0.4181787638465936,0.3477183875880925,0.5613473843308047,0.826140806205954
224,Healthy,0,0.1845106383164723,0.0177872351681192,0.0209038143770562,0.1076131785909334,0.43423443723755245,0.46782721659483056,0.35170384862150333,0.6506163549053103,0.8241480756892483
225,Healthy,0,0.1035743471648958,0.0228771430750687,0.0212970858232842,0.0840970095660951,0.7840490116749977,0.7621318953033702,0.7236654319108521,0.8082838320155206,0.638167284044574
226,Unhealthy,1,0.1348135876986715,0.0214705087451471,0.0191586325979895,0.1032887341247664,0.6111657738646298,0.5830578418605862,0.5495251080231409,0.6258569085072538,0.7252374459884294
227,Healthy,0,0.1592533555295732,0.0185299271510707,0.0207545896992087,0.1406126245856285,0.4399764044954311,0.4633284303195675,0.4169104512341899,0.5144685626802419,0.7915447743829049
228,Healthy,0,0.1213190133372942,0.0157290402178963,0.0169443973443574,0.0674644687937365,0.5713377633024727,0.5901542856733686,0.4590810247899529,0.802967655868575,0.7704594876050235
229,Healthy,0,0.1211936879489156,0.0208091793788803,0.0209545433107349,0.0653527312808566,0.7296193413347029,0.7317015764347655,0.586162230959602,0.9711600052205286,0.7069188845201991
230,Healthy,0,0.1305072688394122,0.0166655271831485,0.0164304205940829,0.0613061454561021,0.5921718541771231,0.5886095175802721,0.45295129625977276,0.8454410287933626,0.7735243518701136
231,Healthy,0,0.1479103995694054,0.0184805825766589,0.0170968040410015,0.1054586519797643,0.509229326153031,0.4925118557387296,0.44426885010957967,0.5580103765630677,0.77786557494521
232,Healthy,0,0.1492335059576564,0.0196191637466351,0.0181305237735311,0.1129469805293613,0.5207150406455556,0.5034463457386188,0.46476407582998297,0.553276441139291,0.7676179620850084
233,Healthy,0,0.1600798376732402,0.0297808516770601,0.0305139227873749,0.1054053770171271,0.7329613055548897,0.7403128058400723,0.6274253354703306,0.8980011766177212,0.6862873322648346
234,Healthy,0,0.1501225622163878,0.0200997282647424,0.0167763720576961,0.1026591261227925,0.5488333598737903,0.5092367858337487,0.4723171849686873,0.5618554722263216,0.7638414075156563
235,Healthy,0,0.1277183170119921,0.0189488270423478,0.0210559219121933,0.085759994884332,0.6030433965601483,0.6312808251605828,0.5167845099738847,0.7884937954444723,0.7416077450130577
236,Healthy,0,0.1985477656126022,0.0221347287297248,0.0212704366486933,0.1901543819242053,0.4089825471102872,0.40179986851491845,0.40120497632927743,0.402420809293197,0.7993975118353613
237,Healthy,0,0.1328439439336458,0.0253260994537009,0.0205298266890976,0.1181646610299746,0.6716444199234928,0.6178700563774693,0.6404777772407677,0.5920877470107125,0.6797611113796161
238,Healthy,0,0.1486369056834114,0.0258066271328263,0.0289255653818448,0.0987494554784562,0.690479206026458,0.7246452341125632,0.5917474088308339,0.906224731727108,0.704126295584583
239,Unhealthy,1,0.1157752416200108,0.0183853569130102,0.0192074250015947,0.067115946776337,0.6695874606202156,0.6820048071809863,0.5481596568305412,0.8900220001139955,0.7259201715847294
240,Healthy,0,0.1540181529190805,0.0168779916647407,0.0177189290730489,0.0745594215889771,0.5147032443388154,0.5258400242085849,0.3950467508987571,0.7680644027956395,0.8024766245506215
241,Healthy,0,0.1325679098566373,0.0231343331850237,0.0218840891288386,0.1004044893715116,0.6627773930160259,0.6477684703997887,0.5943224126535849,0.7158179250166337,0.7028387936732077
242,Healthy,0,0.1035618020428551,0.0236154850572347,0.0175678743463423,0.0921053894691997,0.777790491260957,0.6955163793264195,0.7427579435201846,0.6407349880966239,0.6286210282399077
243,Healthy,0,0.1304555328355895,0.0204727525512377,0.0220564167118734,0.0872680553131633,0.6331719740898111,0.6536594606881557,0.542582260144712,0.8070074816120657,0.7287088699276439
244,Healthy,0,0.183470841911104,0.0243082700504197,0.0219080961412853,0.1437604195541805,0.5174066725760658,0.49502380273953267,0.46796369126692733,0.52896221226626,0.7660181543665364
245,Healthy,0,0.1574567572938071,0.0210543113450209,0.0168081468178166,0.0688832021421856,0.627436693560514,0.5732340908451269,0.47177604180094795,0.7845901375954331,0.7641119790995261
246,Healthy,0,0.2364245123333401,0.0302698616352346,0.028443524820937,0.176491841673851,0.5114706615960527,0.4979616968046789,0.4540007527688061,0.5551706434557333,0.7729996236155969
247,Healthy,0,0.2274876485268274,0.0239379728833834,0.0218297806051042,0.1965959038999345,0.4057631720519806,0.3896360649617355,0.3808358551386878,0.39976581791782134,0.8095820724306562
248,Healthy,0,0.1342455786135461,0.0234003876232438,0.0222478306127919,0.1051725654138459,0.6540556489447781,0.6405276002905249,0.593745293503941,0.6984072034477399,0.7031273532480296
249,Healthy,0,0.1189169825779067,0.0160610572331481,0.0154055525652236,0.0982387678490744,0.5154427085621671,0.5062555076679375,0.4759606008690219,0.542237483019358,0.762019699565489
250,Healthy,0,0.1659117771519555,0.017338962190681,0.0171738017557395,0.0687073700957828,0.5150880278285908,0.5129494126992928,0.3784751374620356,0.7998866985853819,0.8107624312689821
251,Healthy,0,0.129727284113566,0.0235737500091393,0.0208951824655135,0.0998847803307904,0.6814217981564129,0.6489896486737218,0.615096959887965,0.6920082431471963,0.6924515200560175
252,Healthy,0,0.1378062475058767,0.0238801646563741,0.0253352175156275,0.096535379687945,0.6772066369789379,0.6942573175259825,0.5907772789815035,0.8315448712639878,0.7046113605092482
253,Healthy,0,0.1256891157892015,0.028292896433009,0.0231234408501121,0.1048435742656389,0.7883267185082663,0.7294415982714536,0.73496627364967,0.7227937864830583,0.632516863175165
254,Healthy,0,0.1385847843355602,0.0176507748870386,0.0164141283474034,0.1013685911893844,0.5130015346425143,0.4972646845118553,0.4519016022950425,0.5574375735916567,0.7740491988524788
255,Healthy,0,0.1910810139444139,0.0252410870873265,0.0259078610688447,0.1497016648451487,0.5160920925271048,0.5220190935318746,0.46673154461684774,0.5901242756394285,0.7666342276915761
256,Healthy,0,0.1335668729411231,0.0143942010278503,0.0177426137444045,0.089290193385548,0.4576025507752365,0.5041189950716848,0.3891348080068325,0.6630719765337943,0.8054325959965838
257,Healthy,0,0.1270387644569079,0.0217315585662921,0.0195926612036095,0.0891345880097813,0.6695995705020299,0.6419356797963529,0.5842982155225453,0.7208004008325993,0.7078508922387272
258,Healthy,0,0.2173766013648775,0.026069818271531,0.023055013269186,0.2088214804728826,0.43600690089466654,0.41340175411742647,0.42834588917703914,0.3977119525505953,0.7858270554114803
259,Healthy,0,0.1746876355674531,0.0240394204027122,0.0246059875935316,0.0720170843932363,0.6523951428020229,0.6588168196539544,0.4838680930556575,1.0186381818579018,0.7580659534721712
260,Healthy,0,0.1521659559673733,0.0206961696967482,0.0255760395278533,0.0863626218504375,0.5914861926842013,0.6498887830350086,0.478905824332202,0.913930512047859,0.760547087833899
261,Healthy,0,0.2232178681426578,0.0292064059111807,0.025902179794179,0.1727223479085498,0.5142504461408868,0.4887150613480802,0.4628145374790919,0.5216310411158379,0.768592731260454
262,Healthy,0,0.152483206656244,0.0152915574403272,0.0194855849776003,0.1560681611299514,0.36071961353098797,0.4051762831726507,0.3645734809443779,0.4439799300132872,0.817713259527811
263,Healthy,0,0.1209739297628402,0.0144050239274899,0.0151199269004993,0.0941129798690478,0.47249540382693833,0.48280489380165714,0.42562077885283073,0.5536766290545905,0.7871896105735847
264,Healthy,0,0.1505837904082404,0.0189200072652763,0.0161697671024335,0.0772701112760437,0.5696782985419305,0.5337990994051703,0.44647984351874764,0.692199835146961,0.7767600782406263
265,Unhealthy,1,0.1370899172292815,0.0181179727531141,0.0181046206918027,0.111548272271951,0.5087993756299315,0.5086357352568872,0.46693432286642444,0.5585566284853852,0.7665328385667877
266,Healthy,0,0.1183446198701858,0.0208543199631902,0.0224774202538861,0.0895616445276472,0.6683677809912657,0.6898914880890572,0.5992666320060556,0.8024851081259976,0.7003666839969722
267,Unhealthy,1,0.0918588166435559,0.0211495274884833,0.0172875913687878,0.063348191893763,0.8566634203391358,0.7939743771097693,0.7486005622300649,0.857564255933337,0.6256997188849676
268,Healthy,0,0.1297626925839318,0.0249134435628851,0.0222911298688915,0.0905218670765558,0.7378715373761819,0.7058914563904093,0.6442737498753532,0.7903745303272376,0.6778631250623233
269,Unhealthy,1,0.0921945298711458,0.0114020900800824,0.0125975479475326,0.0560751213795608,0.5332008986317854,0.5572586530810079,0.4402495017868474,0.7337735999472789,0.7798752491065762
270,Healthy,0,0.2148197657532162,0.0227629666527112,0.0195185352737704,0.2044847657283147,0.3917637655379442,0.3664019174436975,0.38324277900498277,0.34854013644359133,0.8083786104975085
271,Healthy,0,0.1243304337064425,0.0173305913599001,0.0185399644283784,0.0776747374071015,0.5858235808915689,0.603181438568269,0.4893538318470828,0.7707746976166027,0.7553230840764587
272,Healthy,0,0.1359042666024632,0.0145530142924851,0.0168990421419342,0.0874634045693609,0.4611336327388997,0.4937146229591792,0.38690089853866894,0.6477058625765325,0.8065495507306656
273,Unhealthy,1,0.1429783834351433,0.0207979010625018,0.0194823125170336,0.1059494564930598,0.572701096971457,0.557110538119335,0.507958795775486,0.6212879773852468,0.7460206021122571
274,Healthy,0,0.1374129934443367,0.0238985419273376,0.0215497266294227,0.0674927197396755,0.7565738791147253,0.7261441298556128,0.592605900682143,0.9680653444805372,0.7036970496589285
275,Healthy,0,0.147070030371348,0.0175662985485461,0.0201705714894665,0.120998129248619,0.4634895701118216,0.49360692438863424,0.42679033634412983,0.5715309805645817,0.786604831827935
276,Unhealthy,1,0.1317907869815826,0.0210054449530111,0.0205155244717995,0.0822532110744052,0.6562794444643479,0.6498695002542589,0.5498943183887607,0.7985122853856947,0.7250528408056197
277,Healthy,0,0.1796090520090527,0.0184029701890216,0.0221289029965798,0.1205004511608017,0.4369754023793888,0.47594773857779166,0.3717546032758121,0.6205988417268469,0.814122698362094
278,Healthy,0,0.1187891653842396,0.0141024855482909,0.0196613490374551,0.0769285965296957,0.5038339916163328,0.5885236132352407,0.4244807088881987,0.8142192822248244,0.7877596455559007
279,Unhealthy,1,0.1713909258445104,0.0209885061615043,0.0208347262814641,0.068257075217035,0.5962114205486388,0.5943517839779204,0.43639813139375727,0.9354273201811997,0.7818009343031214
280,Healthy,0,0.1675726390547222,0.0250147262381182,0.0202963827177882,0.120643417040507,0.5916347884414378,0.5434173129371265,0.5195507233837867,0.5760298440212201,0.7402246383081066
281,Healthy,0,0.1088450219896104,0.0254198350012302,0.0222272005760007,0.0950254284673267,0.7983926184128924,0.7577530505494664,0.7573041992057331,0.7582670259030957,0.6213479003971335
282,Healthy,0,0.2316122419304317,0.027737560785479,0.0291915821532408,0.1775991138484743,0.477527315942879,0.4885148842062384,0.4278015328334367,0.5646594884133218,0.7860992335832817
283,Healthy,0,0.1237845015194681,0.0194569661592443,0.0149717348524265,0.0808010473847389,0.6392446032835587,0.5761782157137183,0.5433333370441544,0.625302283287604,0.7283333314779227
284,Healthy,0,0.1590672665172153,0.0196468310637606,0.0230916454974148,0.1195973994003401,0.49432467920073575,0.5318986769272633,0.439737688961187,0.6473277752741655,0.7801311555194064
285,Healthy,0,0.1379360697335667,0.0160179286160402,0.0182179904853304,0.0954069909122255,0.48286966407517423,0.5117878711357724,0.41617441022001483,0.6413375038219289,0.7919127948899924
286,Healthy,0,0.1763540042771233,0.0240717217740085,0.023861915907926,0.1676031260026825,0.49113361990801374,0.48925508433119497,0.4804118163527056,0.49851222280183527,0.7597940918236473
287,Healthy,0,0.1389777238170305,0.0165102287299103,0.0174404456176691,0.1218095463183191,0.4495519260857374,0.460757428530493,0.4247333239512809,0.5009823088732758,0.7876333380243594
288,Healthy,0,0.1237296751803821,0.0154638935087455,0.01920495627241,0.0730748780899577,0.5432304779971326,0.5990986320522157,0.444385287463454,0.8324660053894463,0.7778073562682729
289,Healthy,0,0.1800337135791778,0.0242065970475475,0.0222639284200138,0.1083641606900427,0.5749596571182551,0.5550900055554809,0.47408069392898805,0.6817501066330701,0.7629596530355061
290,Healthy,0,0.1140339035126898,0.0172551633376214,0.015443960411681,0.0847557360927264,0.5916902128262977,0.565023084065577,0.5257151643036604,0.6165272331339519,0.7371424178481699
291,Healthy,0,0.2258899294667773,0.0290491235338979,0.0322700929310586,0.1937948813041051,0.4863985536080894,0.5099268446240377,0.45578146136474373,0.5709879301778026,0.772109269317628
292,Healthy,0,0.1628968930906719,0.0288096964359283,0.0234454766743712,0.0991640604204601,0.7209625930876149,0.6650014897038568,0.6011206293340442,0.764882642244624,0.699439685332978
293,Healthy,0,0.1196056091123157,0.0151846234997113,0.0215565452559126,0.0745503024922476,0.5410395376312803,0.6364942977764747,0.45061495051849665,0.8971908146399594,0.7746925247407518
294,Healthy,0,0.1220740104715029,0.0186827876087692,0.0184867616949809,0.0618751748568481,0.6753381496177375,0.6723907744062132,0.5309239159621862,0.920175022564717,0.7345380420189068
295,Unhealthy,1,0.1365233187874158,0.0212733948396311,0.0220284145325422,0.0974177511201964,0.6155321212704995,0.6247490934253985,0.5392607830835019,0.7376851123571296,0.7303696084582492
296,Healthy,0,0.1309144736991988,0.0188502503765953,0.0195462473978598,0.0729561506046189,0.6242550842000454,0.6339530918611364,0.5034630282376887,0.8452212189066077,0.7482684858811557
297,Healthy,0,0.140465922653675,0.0197245504500137,0.0181448897346854,0.1088436229361428,0.54646468778783,0.52746812351281,0.4925274285755138,0.5715442870559313,0.753736285712243
298,Healthy,0,0.131285616921054,0.0176901797660523,0.0176058764465981,0.0683926704029242,0.6020686327487728,0.6008495341475157,0.47498130996961774,0.8188918111560346,0.7625093450151911
299,Healthy,0,0.1608483187026447,0.0242344370732704,0.0214129119283623,0.0795054775145318,0.6712613533487999,0.6384219051529958,0.5237535387167396,0.8487219047616316,0.7381232306416303
300,Healthy,0,0.1516055713097254,0.0263383999052974,0.0278588183638122,0.0964702111151483,0.7005998009267631,0.7171956230914326,0.5920605171494295,0.8962932785870927,0.7039697414252852
301,Healthy,0,0.1498504786027802,0.0215104524460103,0.0222278338753514,0.132825462354554,0.5283551921398606,0.5359850480293863,0.5021086735315594,0.5734243493254877,0.7489456632342203
302,Healthy,0,0.1384181073970264,0.0190721009340551,0.0200121951185994,0.0911381716529528,0.5699534305996485,0.5819567060965738,0.4844009322525259,0.7201845823767922,0.7577995338737371
303,Healthy,0,0.145934022963047,0.0209224563505914,0.0204428732395172,0.0849762616886033,0.6136625531949469,0.6076978976659952,0.5015677290245031,0.7756797948856655,0.7492161354877485
304,Healthy,0,0.1336854091948933,0.0229422799828979,0.0237389920900265,0.0809597385426362,0.704481041648367,0.7145281691270773,0.5859061090240734,0.9069447908901651,0.7070469454879633
305,Healthy,0,0.2302734537257088,0.022566822460956,0.0203616567369964,0.2022556795014275,0.3779540461310858,0.3611550479042213,0.3570130961935124,0.3658593186145934,0.8214934519032439
306,Healthy,0,0.1290092145403226,0.0153062516409489,0.0150735653522941,0.1047976861397425,0.4630901185497181,0.4599749338013355,0.4242442489628396,0.5029918404846381,0.7878778755185802
307,Healthy,0,0.1426957928472095,0.0183783053523964,0.0199883257349332,0.0900656249788072,0.5455161705531848,0.5660296858417883,0.4563938102480431,0.7264918925781962,0.7718030948759784
308,Healthy,0,0.1600979624523056,0.0151176018019517,0.0161701942690544,0.0849823455015818,0.4392807863650908,0.45284235938005185,0.3451200666172413,0.6394379935776355,0.8274399666913793
309,Healthy,0,0.1721217524674203,0.0222477931529283,0.0213984633899397,0.0880256758795844,0.5842324841297809,0.57468286819313,0.4578452469376802,0.7822209444017778,0.7710773765311599
310,Healthy,0,0.0975915309455659,0.0210420079529285,0.0169545556935999,0.0670025501814153,0.8144842924341509,0.7502135883719101,0.7094792298468827,0.8077722792798369,0.6452603850765587
311,Healthy,0,0.1155365688933266,0.0175133873191144,0.0212027887917227,0.0794545354114638,0.6091139488666575,0.6626439029538805,0.5265206488651752,0.842573114656727,0.7367396755674123
312,Healthy,0,0.1186555027961731,0.0239104925551348,0.0215634269018967,0.0967749820815192,0.7266205975975197,0.6971736575008729,0.6708610281495277,0.7288733079018707,0.6645694859252361
313,Healthy,0,0.1589902780122227,0.0234115674263901,0.0207773471872011,0.0913421329524782,0.6302845161306854,0.6001455348175735,0.5134063719606223,0.7412573501524097,0.7432968140196887
314,Healthy,0,0.1546085443761613,0.021087066994773,0.0249616468532217,0.107678375310368,0.5540824808997246,0.5973842636367058,0.480081814912344,0.7527636514546298,0.759959092543828
315,Healthy,0,0.1373829361465242,0.02518489315278,0.0176971973851323,0.1185754835605621,0.6577231259400326,0.5739796187974145,0.6196771713402658,0.5194642759596035,0.6901614143298671
316,Healthy,0,0.0877248669664065,0.0211509255071481,0.0173392982946501,0.0608003226419289,0.8867055921691909,0.8232524389289204,0.777066233976136,0.8876059590165308,0.611466883011932
317,Healthy,0,0.121386861635579,0.018144198693335,0.0169048109609219,0.0911874522765477,0.5832677333986027,0.5661665330949467,0.5201479484371154,0.6255696922094582,0.7399260257814424
318,Healthy,0,0.1349189902345339,0.0237430801822079,0.025226571286718,0.0911648008558485,0.6943183651843708,0.7121474432499326,0.5985823863219313,0.8669567450693254,0.7007088068390345
319,Healthy,0,0.1700199329190784,0.0183055179400576,0.0210210950010352,0.1099639609456062,0.462559977313933,0.4926441454682662,0.38880603458636703,0.6419387264940648,0.8055969827068165
320,Healthy,0,0.1462322995066642,0.0170840676873922,0.019086702623301,0.1173929779065979,0.45895085529112706,0.4826050321250177,0.4184287951272515,0.5594005656869818,0.7907856024363742
321,Healthy,0,0.1332916195193926,0.0173524367726511,0.0180637756776478,0.1179464153117603,0.4854797587721513,0.4942011190997696,0.46075330682841076,0.5312477115499245,0.7696233465857946
322,Unhealthy,1,0.1162796922855907,0.0158565408653683,0.0167254068785243,0.120662134554651,0.47217572758188475,0.4835484037601566,0.48000583904198335,0.48695556246370314,0.7599970804790085
323,Healthy,0,0.1666795967353714,0.021946612952484,0.0207204090224372,0.0832360842161708,0.5975751569220397,0.5833157127630332,0.4653990129749614,0.7972723348748716,0.7673004935125194
324,Healthy,0,0.1283796611759397,0.0178108336403965,0.0166526396448413,0.0674192292822731,0.6157044582178706,0.5986818292829768,0.48733219386863197,0.7923049580010266,0.7563339030656839
325,Healthy,0,0.0897363556755913,0.0201087730626265,0.0166053399443626,0.0655903741717338,0.8226790771598522,0.7647146817584239,0.7322590739749453,0.808087872849846,0.6338704630125275
326,Healthy,0,0.125281268523799,0.0193622964951727,0.0217440778182612,0.076204900112417,0.644843598648553,0.6777846311947937,0.535448541872792,0.8879756901047081,0.7322757290636039
327,Healthy,0,0.1326940415634049,0.0183595203691058,0.018732666141457,0.0761705351372559,0.5980698732455352,0.6032310073735789,0.4861724578810968,0.7895483351059012,0.7569137710594517
328,Unhealthy,1,0.1114551590548621,0.019248767548965,0.0221423088676399,0.079026546743181,0.6725069914162166,0.7140307891469311,0.5890800085083712,0.8754594972515073,0.7054599957458144
329,Healthy,0,0.1120339449908998,0.0133387249790959,0.0139304727522863,0.0643245503306388,0.5255709755518857,0.5356677635059237,0.4255704208034537,0.712055134787935,0.7872147895982731
330,Healthy,0,0.1273121701346503,0.014340400074919,0.0159166246238682,0.0646724796129597,0.5198965250458032,0.5445787748703259,0.4049457077609804,0.7900137257807893,0.7975271461195098
331,Healthy,0,0.1278313332133823,0.018504466344085,0.0161695330300264,0.0843703796466191,0.5940184875612198,0.5618049513308133,0.5058083230499762,0.643308019653072,0.7470958384750117
332,Healthy,0,0.1441274161140124,0.0145693948078486,0.0127051595805419,0.0860682063632541,0.44943961552239825,0.4237314739970345,0.3672259000849681,0.5145176317174971,0.8163870499575159
333,Healthy,0,0.1193619536028968,0.0145897854947381,0.0150772571149799,0.0624636208845509,0.553153733261303,0.5610984064959227,0.4356728951194544,0.7777707709252987,0.7821635524402728
334,Healthy,0,0.0863955045739809,0.0131521982451279,0.0123760518100526,0.0721324090328481,0.5692597030560119,0.5547926143252483,0.5284782219044136,0.5857899522301985,0.7357608890477934
335,Healthy,0,0.1398117865125338,0.0227219665216075,0.0222288744731081,0.1290746430555979,0.5782951753776848,0.5729190916566297,0.5591937944565791,0.5876631247225494,0.7204031027717105
336,Healthy,0,0.0928534732924567,0.0142554299285014,0.013282040030592,0.0769662368628713,0.5750169498374396,0.5581245119762667,0.532371427577536,0.5886889140840327,0.733814286211232
337,Healthy,0,0.1420875978138711,0.0251703334765301,0.0206147161208921,0.0950911260313457,0.7003446524186483,0.6472213603937328,0.6019525240409237,0.7126594729337408,0.6990237379795381
338,Unhealthy,1,0.1093952962093883,0.0132319850640164,0.0126585802063345,0.0780757748418384,0.4948038429264746,0.4853837028382884,0.4316163557280509,0.558050154194132,0.7841918221359745
339,Healthy,0,0.1361487565769089,0.017059370668398,0.0174895407011111,0.0836019929912355,0.5375792296297868,0.5434362160314393,0.44539074982839905,0.6920279102436921,0.7773046250858006
340,Healthy,0,0.1012740863694085,0.0171414730656478,0.0179162650472588,0.0803971224360995,0.6350041496784925,0.6470337924191313,0.5790277273502678,0.7289450808636422,0.7104861363248662
341,Healthy,0,0.1410837819178899,0.0188335133716464,0.0194000910139746,0.1379253442088762,0.4757797693563448,0.4820738281235809,0.4710813383267298,0.4932474138461961,0.7644593308366351
342,Healthy,0,0.1319493419594234,0.0177137420202295,0.0181908714067604,0.094648755258984,0.5408248136728094,0.5471122692594481,0.4734298278294929,0.6448398295625607,0.7632850860852536
343,Healthy,0,0.101715148323112,0.0135503807622525,0.0138688612108429,0.0741660503877533,0.534052612223864,0.5394821945461455,0.4702318505723328,0.6301527863890786,0.7648840747138337
344,Healthy,0,0.1310850895113415,0.0160023739768399,0.015867114584479,0.0650225033362706,0.5612102850947298,0.559170042257948,0.4351798201517209,0.7846304627139947,0.7824100899241395
345,Healthy,0,0.1763792253202862,0.0211141769670777,0.0232024621218442,0.0950468464030159,0.5385335003086876,0.5614272326340739,0.4276431865071705,0.784865887548636,0.7861784067464147
346,Healthy,0,0.1354608519209755,0.0183413420907325,0.0164477806538343,0.1094483161966006,0.5210759314514429,0.4975235656583056,0.4770111950245986,0.5225827032072117,0.7614944024877006
347,Healthy,0,0.129964573515786,0.0201190039515495,0.0205077912865413,0.1124442724717987,0.5694456860101677,0.574158011509193,0.5362080059939467,0.6169980580013331,0.7318959970030267
348,Healthy,0,0.1209619690974553,0.0158739146879977,0.0175238778400752,0.0869693590535058,0.5298388012303448,0.5535642351673211,0.4640278338944087,0.6708138578546299,0.7679860830527956
349,Healthy,0,0.1830494420395957,0.0235379859805107,0.0236531599528259,0.1057698643869823,0.5606029615777934,0.5617818803182733,0.4557486620767617,0.7310340667275108,0.772125668961619
350,Healthy,0,0.1047612759802076,0.0132037522271275,0.0152181504915157,0.0572843017677466,0.5605109589222825,0.5968872512833517,0.4477175118008911,0.8395936974433335,0.7761412440995545
351,Healthy,0,0.1375318649742338,0.016961808109449,0.0179495898385842,0.1005860153171751,0.4988006117311258,0.5114674612649636,0.43915864697608664,0.6057113325569277,0.7804206765119567
352,Healthy,0,0.1739041424459881,0.0175586938858032,0.0206103325924939,0.0694233804113335,0.504478788170862,0.5423729217055443,0.3668324197469894,0.9156717813745053,0.8165837901265053
353,Healthy,0,0.1550852946109241,0.0203980542719364,0.0181306552969747,0.1152704449163542,0.5244527236045078,0.4989401011497722,0.4649570321467391,0.5436433513061284,0.7675214839266306
354,Healthy,0,0.1114341823591126,0.0189858905764089,0.0171930092490381,0.0947697659333546,0.6220402206080279,0.5970537949590679,0.5822996460305725,0.6142401962091372,0.7088501769847139
355,Healthy,0,0.1680004356635941,0.0142707880586385,0.0139830122805304,0.0885476221640904,0.4004575785142317,0.3968204494314245,0.31317698465416766,0.5455154883717395,0.8434115076729163
356,Healthy,0,0.2656968865129683,0.019697344654964,0.0187833607196807,0.178701607717408,0.32571512497671284,0.31876051323909266,0.27607207860306954,0.3804514514362013,0.8619639606984653
357,Healthy,0,0.1299180901712841,0.0188138366987307,0.0213873802373806,0.0833880011406209,0.599802476817611,0.6343204417094097,0.5059797743405333,0.8165040281827527,0.7470101128297334
358,Healthy,0,0.1041998043656349,0.019261460751295,0.015308996145096,0.0503084162871042,0.7982737100854164,0.7313454344931778,0.6240487081694007,0.933227664892404,0.6879756459152998
359,Healthy,0,0.1712088891201549,0.0153896029417713,0.0151498479147752,0.097830014096366,0.41063838306404793,0.40776578736523666,0.32989769149182563,0.536373390623587,0.8350511542540872
360,Healthy,0,0.1594290923741128,0.017349439776606,0.0163568978508313,0.0730229450596703,0.5195397409757143,0.5065606163200288,0.39256892939498156,0.7320173013599898,0.8037155353025093
361,Healthy,0,0.156103351049953,0.0210246267831987,0.020131801151567,0.0978196652399169,0.5682863950304228,0.5579030154799192,0.4747895175092703,0.6827147391198696,0.762605241245365
362,Healthy,0,0.1193495682544178,0.0181205633820758,0.0169738059242566,0.1082114825646082,0.5495197514467017,0.5344549035322826,0.5272581954017832,0.5423578482472056,0.7363709022991083
363,Healthy,0,0.1741965073678228,0.019300137543016,0.0233583166781399,0.1049030944705009,0.4859967269703755,0.5303171549901474,0.3989761693678833,0.7284596814881504,0.8005119153160585
364,Healthy,0,0.1061293904980023,0.0129714733403589,0.0133495572954416,0.0720167317324214,0.5084632277295188,0.5149194922867917,0.43564665854861473,0.6255189231001662,0.7821766707256925
365,Healthy,0,0.0817664062811268,0.0157627186013592,0.0139587917882535,0.0691105905506345,0.6913380815249235,0.6582891707555627,0.6464825197745551,0.6721509848867071,0.6767587401127226
366,Healthy,0,0.0952174713214238,0.0148924575704667,0.0153197764108578,0.0639909903208414,0.6303906654909033,0.6379922506748937,0.541003258119932,0.7726454826837394,0.729498370940034
367,Unhealthy,1,0.1156068717439969,0.0122970066343744,0.0127148374708162,0.0623808598352803,0.48561163864392387,0.49284524897860343,0.3845702504187344,0.6772605050321023,0.8077148747906329
368,Healthy,0,0.1293701554338137,0.0180641797681649,0.0170856219612889,0.0862251859572198,0.5740954769571722,0.5607255445432692,0.49009424415059794,0.661523118656317,0.7549528779247009
369,Healthy,0,0.1039037431279818,0.0187049998591343,0.0185419712215662,0.0773670896887779,0.6842849331530008,0.6818111918821717,0.6102338023675798,0.7733146814522251,0.69488309881621
370,Healthy,0,0.1508286363548702,0.0190222770389583,0.0189200520722402,0.0629633901019891,0.6042736761614036,0.6028947304483527,0.4479758550335701,0.9242431226563554,0.7760120724832148
371,Healthy,0,0.1214803018503719,0.01787588528047,0.018027553645273,0.0912964468201001,0.5754151784512184,0.5775038095763357,0.5130991496972082,0.6596009501493858,0.7434504251513959
372,Healthy,0,0.1695649557643466,0.0187853401940729,0.0161125502652592,0.0969205010268423,0.4942597868496411,0.4631694587999075,0.39894474491762905,0.5701889874182352,0.8005276275411854
373,Healthy,0,0.239025581214163,0.0235189089758528,0.0215827418077323,0.1521804117494159,0.42933012884737193,0.4134848557429451,0.3583226440414889,0.49683126407196665,0.8208386779792556
374,Healthy,0,0.178571085135142,0.0194915396471818,0.0192338590406709,0.1011381654275788,0.48928795132089087,0.48644704687749,0.3936439733362825,0.6391471482061575,0.8031780133318587
375,Healthy,0,0.0948148725761307,0.0130696314283543,0.0139730794148312,0.0557562001049518,0.5916861122391674,0.6090227978166021,0.48457863523424893,0.8015616688462629,0.7577106823828756
376,Healthy,0,0.1745486714773708,0.0207008388307359,0.0255005684577756,0.09092585162984,0.5396531573027338,0.5929416138083097,0.4240899513257608,0.8761093380208853,0.7879550243371196
377,Healthy,0,0.1168992784288194,0.0190863497555255,0.0185147148246566,0.0969148125085565,0.605947628335917,0.5982306755179867,0.5614225564969749,0.6415937153137513,0.7192887217515127
378,Healthy,0,0.1490895516342587,0.0187482603101266,0.0189340020426445,0.0903721133040057,0.5415477508944134,0.543865604000048,0.44681851110735454,0.6928798807860937,0.7765907444463227
379,Healthy,0,0.1241637062695291,0.0181250032037496,0.0185728424953089,0.0891229427523083,0.5810770581200552,0.5872019501054434,0.5095275168590494,0.6898261599599538,0.7452362415704753
380,Healthy,0,0.1345532072914971,0.0284263611667686,0.0237209496812687,0.1009969835480054,0.7777312710956829,0.7250297349425443,0.6976668655015553,0.7607871319567653,0.6511665672492223
381,Healthy,0,0.1498246118426323,0.0171753597549266,0.017663526866171,0.0675575389630264,0.5458281148075639,0.5525135726430376,0.41138593235970733,0.8290685733301091,0.7943070338201464
382,Healthy,0,0.1256363855467902,0.0186181693441338,0.0199005748662683,0.0897021761371029,0.5897076650672904,0.6069353659089267,0.51625875822671,0.7262801228650252,0.7418706208866451
383,Healthy,0,0.1219618038998709,0.0193177689280774,0.0166967738833692,0.0826336567600568,0.6353719401205387,0.5987206232800093,0.546937353826877,0.6723729586276286,0.7265313230865615
384,Healthy,0,0.1317808065149519,0.0215320054234729,0.0212752602787481,0.0800746513737572,0.675727296318856,0.672375840462355,0.5617796751942904,0.8396755332829021,0.7191101624028549
385,Healthy,0,0.1489229864544338,0.0193071269119779,0.0186860307844148,0.1161194220185279,0.5086567642793693,0.50150097134354,0.4590647066836656,0.5544591971878128,0.7704676466581674
386,Healthy,0,0.1639849651190969,0.0210484520842631,0.0234298643966515,0.102032167216142,0.5465106964448441,0.5729979830686731,0.45501947491203515,0.74699457980919,0.7724902625439826
387,Healthy,0,0.1415500342845916,0.0191259636647171,0.0186618303673134,0.097944074206882,0.5508907044001774,0.5451173507990105,0.476137417133108,0.6401675947872443,0.761931291433446
388,Healthy,0,0.1813936018281512,0.0218127536483936,0.0218354916820923,0.0628506574365827,0.6061839396040073,0.6064519865406824,0.4293714849073477,1.031360708183489,0.7853142575463261
389,Healthy,0,0.1368488371372223,0.0208874408983522,0.0200083958398964,0.1078800857067108,0.5832366777691171,0.5727211716249242,0.5296800750843487,0.6258075973043629,0.7351599624578256
390,Healthy,0,0.1457959347301059,0.0192753875421153,0.0193371286408768,0.1236790236499574,0.5006175899741749,0.501318870398795,0.4670802239126191,0.540837613965541,0.7664598880436904
391,Healthy,0,0.0854345005419519,0.01693406359603,0.0154480094917946,0.0954989542563756,0.6306867366288879,0.6072145503651685,0.6616899919863949,0.5569511402532411,0.6691550040068025
392,Healthy,0,0.0885922229952282,0.0167867713090446,0.0167969142397244,0.0588231918712457,0.7420020112763565,0.7421845848232899,0.6371961099030511,0.8884893239940955,0.6814019450484745
393,Healthy,0,0.1252420817812284,0.0200156904757022,0.0215541443063153,0.0769798523849911,0.6609838289637857,0.6820547709441954,0.551177129174159,0.8749932015380032,0.7244114354129205
394,Healthy,0,0.1517395683460765,0.0180120155629184,0.0184002304449677,0.1086980601151784,0.48605315339610045,0.49064862935182185,0.4244323416169071,0.579086638030281,0.7877838291915464
395,Healthy,0,0.1520208757784631,0.0198538819741871,0.0166443066878451,0.0848060846328735,0.5743620666853126,0.5341358273948655,0.46205463172804884,0.6562540162206723,0.7689726841359754
396,Healthy,0,0.158257770869467,0.0184424761682748,0.0168560837498969,0.105993536611398,0.48994368674053057,0.4713547059748785,0.41748614339708606,0.5488363317794213,0.791256928301457
397,Healthy,0,0.1318037948674625,0.0226501677599218,0.0170957748260762,0.1014448404312133,0.6505187994301762,0.5823696997057374,0.5865868994132492,0.5768748471220684,0.7067065502933755
398,Healthy,0,0.1776201940245098,0.0188547219667169,0.0223180392964018,0.1067946867810355,0.4682595015323997,0.5058270762553779,0.3838601354599145,0.6914280249343112,0.8080699322700429
399,Healthy,0,0.0979697629809379,0.0133682187232706,0.0157087297282285,0.0669597751564449,0.5579798368507868,0.5995046652871129,0.48027523109897696,0.7600829239693131,0.7598623844505116
400,Healthy,0,0.1549790327747663,0.0199386692709392,0.0255705184406704,0.0824290588498115,0.5752532834911633,0.6434274755983574,0.4559554359050357,0.9470599453142101,0.7720222820474821
401,Healthy,0,0.1813047693835364,0.0210285110192166,0.020923010384043,0.1116536979873975,0.5021501795344425,0.5010483151823172,0.4157202606977647,0.6312725859937011,0.7921398696511176
402,Healthy,0,0.1189849062098397,0.0131580546084377,0.0160572672676708,0.0897409328156047,0.44785383058081935,0.4911352330200021,0.3982975567357725,0.607090376018944,0.8008512216321138
403,Healthy,0,0.1022910591628816,0.0170713606187038,0.0175697584119108,0.081680299507247,0.6261442865473246,0.6338360809950572,0.5720849376191175,0.7081006814614416,0.7139575311904411
404,Healthy,0,0.141576576564047,0.0185337553007735,0.0163214508857991,0.1063863866859012,0.5201901410844888,0.49296982942810436,0.46302459272700414,0.5320426537958407,0.7684877036364979
405,Healthy,0,0.1277927069200409,0.0273518934845924,0.0245180072055922,0.0794860343966219,0.8352280180989446,0.8006200655886757,0.7051974329304611,0.9429636321006297,0.6474012835347694
406,Healthy,0,0.0941457053025563,0.0170017641244663,0.0177356388626827,0.0977589421802097,0.6020769835141714,0.6130795748648618,0.6118632916111275,0.6142500783165242,0.6940683541944362
407,Healthy,0,0.117813025911649,0.0217984995494286,0.0194726905061139,0.0518725936611493,0.8176381061032253,0.7825524120933228,0.6245472779539486,1.091743665101215,0.6877263610230258
408,Healthy,0,0.1796434173981348,0.0212448324180311,0.0211568384741743,0.0921388177408112,0.5408013231783192,0.5398325003700383,0.4230179204104248,0.7469602694750413,0.7884910397947876
409,Healthy,0,0.1123657839165793,0.0131433043215009,0.0163259686281283,0.0725834543506304,0.4977679504213176,0.549752403043733,0.41887976419904055,0.7344989127655783,0.7905601179004798
410,Healthy,0,0.2070652064349916,0.0188774656918313,0.0173280281532141,0.11967384070158,0.41432707927784557,0.3990195719392754,0.33419921105005385,0.5059209278839774,0.8329003944749731
411,Healthy,0,0.1256713933414883,0.0203289998074372,0.0179084927464524,0.0536726887027422,0.739229361981662,0.7029546067862672,0.556957399058533,1.000737477861447,0.7215213004707336
412,Healthy,0,0.1253348175022337,0.0166241178909937,0.0192318318618668,0.0844545985261599,0.5472112742091142,0.5838652748660448,0.4684204722991127,0.7419228066737503,0.7657897638504437
413,Healthy,0,0.1657134691874186,0.0211396602292855,0.0212711938139465,0.081743526375956,0.5836937673407655,0.5852439875728168,0.45254067288627764,0.8259477393030478,0.773729663556861
414,Healthy,0,0.1540827618704902,0.0196410104011495,0.0194282801821827,0.0923730341924561,0.54990300175527,0.5473325099693676,0.4522354112927787,0.6951002424561779,0.7738822943536108
415,Unhealthy,1,0.1618668834368387,0.01708318427619,0.0164050883096125,0.073259100317955,0.5074985347286424,0.49868198422559085,0.3818536532455581,0.7318457261796361,0.8090731733772211
416,Healthy,0,0.1333956031335724,0.0187662193137738,0.0185381579730245,0.0962888449430465,0.5618273469236161,0.5588904664608445,0.4933226748192406,0.6457769514919536,0.7533386625903796
417,Healthy,0,0.2090467363595962,0.0176552310585975,0.0169631155828634,0.1458008446627193,0.3620118845487328,0.3555468571961623,0.3115143862166694,0.4168764524350228,0.8442428068916652
418,Healthy,0,0.1001382925444179,0.0204246135221587,0.0193987337665425,0.0998262787858645,0.6785197080903822,0.6643094867841012,0.6776417121491722,0.6508276527298504,0.6611791439254139
419,Healthy,0,0.1347374684280819,0.0209668665710422,0.0176102189968029,0.0886434821618927,0.6322112678005146,0.5890574862090336,0.5386328279468943,0.662949856984317,0.7306835860265528
420,Healthy,0,0.1380371476213137,0.0148697338170475,0.0181935831076569,0.0779110834830337,0.4841832584504844,0.531112989520421,0.3889879559944249,0.7572403610802085,0.8055060220027875
421,Healthy,0,0.1351328243811925,0.0223480734146303,0.0247242281006442,0.1074009438355763,0.6224441743416304,0.6501562837937469,0.5676389638978317,0.7485092428134461,0.7161805180510841
422,Healthy,0,0.1554115969273779,0.0257492543508609,0.0231790337711572,0.108924099140697,0.6522220573196967,0.6247547192316588,0.568539045145322,0.7018466030362324,0.715730477427339
423,Healthy,0,0.1206300920910305,0.0247493684291839,0.0237410919119914,0.0876241624355316,0.7681577093232813,0.7554657608614107,0.6809591489918236,0.8527288713553575,0.6595204255040883
424,Healthy,0,0.1573711526062753,0.0152612255058354,0.0196002162992954,0.0805780291557312,0.45475867519159985,0.5111449304913388,0.3536121247411531,0.7826136786591895,0.8231939376294235
425,Healthy,0,0.1340411090188556,0.0142531176615092,0.0161546939570042,0.0717063860760794,0.4867582731281646,0.5150476953780307,0.3844550925702737,0.7354653027675617,0.8077724537148632
426,Healthy,0,0.0903145869572957,0.0181388145105706,0.0187559651417864,0.0962789555390675,0.651095945233849,0.6603437584144622,0.66899937724664,0.6521833554811358,0.6655003113766799
427,Healthy,0,0.1760563030838966,0.0189598780125379,0.0184350239319933,0.1163790259096357,0.459139365424811,0.4535048450613773,0.38888830467175106,0.5469763412240667,0.8055558476641245
428,Unhealthy,1,0.0945462054676479,0.013842042742504,0.0157123413971728,0.0532998517155647,0.6308679538268307,0.6663880635084642,0.5108318649330296,0.9106994395326812,0.7445840675334852
429,Healthy,0,0.1481452162067095,0.0227109007537364,0.0214264984760019,0.1046768666969405,0.6091900472280574,0.5945241945150302,0.5316965212078206,0.6796487451898489,0.7341517393960899
430,Healthy,0,0.1510266926553514,0.0245953086349699,0.0210395846515893,0.0720832919081052,0.7225928542021577,0.679229961912467,0.5601874128358512,0.9037343101446103,0.7199062935820745
431,Unhealthy,1,0.1015979250272115,0.0216494080507093,0.0183530955885847,0.0738851792282528,0.7916342635769612,0.7425554593665661,0.7026329092905198,0.795899343305344,0.6486835453547403
432,Healthy,0,0.163879836599032,0.0158708450487918,0.0168207143950793,0.0983720637030071,0.431869144554307,0.44336035756866,0.35317462839749836,0.5840891997849551,0.8234126858012508
433,Healthy,0,0.0928063640991846,0.0127766163398822,0.0143155090303884,0.0673167742788791,0.5504897049459451,0.5788443704395688,0.48404075303616717,0.7014631197392073,0.7579796234819165
434,Healthy,0,0.1500670578744676,0.0217376490020089,0.0256513317839966,0.0770071384807427,0.6427703456919792,0.6906424574634009,0.5061013611841905,0.9994823307943723,0.7469493194079049
435,Healthy,0,0.1951454728841781,0.0213762058152092,0.0203457633033394,0.0997134058011902,0.5065282217360643,0.4958329553303011,0.3949019043933671,0.677857874749253,0.8025490478033163
436,Healthy,0,0.1876066343651877,0.0224066678848531,0.0251351087871525,0.0970658221178584,0.5440396742246096,0.5724231164992476,0.42676664087069743,0.8227468842014141,0.7866166795646513
437,Healthy,0,0.1406991183757782,0.0226666943894492,0.0185701346231831,0.0834616157743665,0.6728664549146331,0.6215102885076665,0.5549923574774717,0.7280139584326519,0.7225038212612641
438,Healthy,0,0.1245497754878467,0.0173039344242877,0.0204823882215552,0.0743043248852094,0.5929508598588279,0.6387128989002042,0.4879374514774673,0.8643569357019277,0.7560312742612664
439,Healthy,0,0.1490233888228734,0.0182614117446872,0.0201169953991969,0.1108595646089977,0.49287600084904487,0.5146949919332431,0.4366544164856637,0.6143693313654984,0.7816727917571681
440,Healthy,0,0.1468639580739869,0.0173380503224001,0.0243139387004905,0.0866877511143684,0.5171141749450904,0.605398681683683,0.4223590318224536,0.8761646328463656,0.7888204840887733
441,Healthy,0,0.1110365755028194,0.0165005455621414,0.0156389926042821,0.07124189618561,0.6131764797941905,0.5995678849585422,0.5175135027153978,0.720019917940875,0.7412432486423012
442,Healthy,0,0.1730563276343875,0.02184315957129,0.024047332505385,0.067206615789069,0.615410214455762,0.6414809173472797,0.4482958859350698,1.0540840349303104,0.7758520570324652
443,Healthy,0,0.1254923534062173,0.0150771995799409,0.0175307342368695,0.0847498534454239,0.5017441745152824,0.5370873366934221,0.4290317286966273,0.6855938016830296,0.7854841356516864
444,Healthy,0,0.1508966378039783,0.0226850104000833,0.019497252586815,0.1218480236000484,0.5704863477007858,0.5357720756137906,0.5227513538393167,0.5517624108226709,0.7386243230803415
445,Healthy,0,0.1371522007717026,0.0203858337675531,0.0195595784526732,0.0937439393666055,0.6003165098474957,0.5899451080881031,0.517610463458545,0.690519723628391,0.7411947682707276
446,Healthy,0,0.1629475379983584,0.0196310287962357,0.0266637783497571,0.09279725038343,0.5323545284219896,0.6130958699649651,0.43008397186776354,0.8928025694240391,0.7849580140661181
447,Healthy,0,0.1163033222158749,0.020803620521393,0.0198369013766447,0.0528447176847192,0.7896787374730388,0.7748853712443486,0.6069312058473385,1.0917148865325486,0.6965343970763308
448,Healthy,0,0.1847024758656819,0.0223137643188238,0.0192578768150673,0.0890249452657169,0.5607266815863621,0.5273931464967451,0.43115002569723787,0.7113917589144471,0.784424987151381
449,Healthy,0,0.1694181371066305,0.0240757684740755,0.0258905349506272,0.0805325218372874,0.6461077793010929,0.666401833762111,0.49770597997534416,0.973117507880767,0.751147010012328
450,Healthy,0,0.1168780061933729,0.0215105437156226,0.0189860011968347,0.1276401041282547,0.5984726641439672,0.5683433348954938,0.6217434529017889,0.5179432722362839,0.6891282735491057
451,Healthy,0,0.1699964337878757,0.0338509840269883,0.0282666662500964,0.0856103698412577,0.837613748634503,0.7820317197922676,0.6642416056058568,0.9928838059122087,0.6678791971970716
452,Healthy,0,0.1484013183249367,0.0208256971091032,0.0180591095445884,0.0965335667133331,0.5813452664414698,0.5480212654997105,0.49225466881132796,0.6303756970974843,0.753872665594336
453,Healthy,0,0.0937764470775922,0.0202751654303736,0.0196848451677295,0.0890166693263583,0.7262416938104941,0.7175658745788956,0.7110873747254561,0.7243632348397554,0.644456312637272
454,Healthy,0,0.1972115519973966,0.0201518105136023,0.023643990771638,0.0997369496358765,0.47802363062105346,0.5141192490688686,0.3708409785495951,0.7665362476098607,0.8145795107252025
455,Healthy,0,0.1060707974765035,0.0127428014659219,0.0152345464254419,0.0683213853173785,0.5100237195306013,0.5529952616212408,0.4290014469504218,0.7293101091773028,0.7854992765247891
456,Healthy,0,0.1024833586480882,0.0196789112976855,0.0207566343661811,0.0909969653520319,0.6761404550045179,0.6914545083572325,0.6443531642436154,0.7429428463519389,0.6778234178781924
457,Healthy,0,0.2007412728336122,0.0221740980115201,0.0205793007173471,0.1406161164244016,0.45991759223009204,0.44521945299101995,0.3978926698047266,0.510667141343119,0.8010536650976368
458,Healthy,0,0.1806342734230889,0.0180664758922325,0.0222008991986513,0.1133865134583579,0.437771226586394,0.48182831068025406,0.36369215424673657,0.6549545791484981,0.8181539228766317
459,Healthy,0,0.143508310119311,0.0228120440410243,0.0204908657405111,0.0969203876124488,0.6379813844811887,0.6104770654359515,0.5486290395710233,0.6980886467129952,0.7256854802144884
460,Healthy,0,0.1299303513434198,0.0217117990056673,0.0187810777376095,0.1450481886665026,0.5455189249820374,0.5134268855166089,0.5727114514186393,0.4585524466985734,0.7136442742906802
461,Healthy,0,0.1068292773432201,0.0174739533621403,0.0187639894170893,0.0607097815308305,0.6903734592695902,0.7113254682368377,0.5623008593737785,0.9444116816545971,0.7188495703131107
462,Healthy,0,0.1316942473252614,0.0256686076107952,0.0313676775743564,0.0839650138384766,0.7691070072026076,0.8366295078714452,0.6524692913388099,1.0879023870890483,0.673765354330595
463,Healthy,0,0.1547004398372438,0.0227134856912824,0.0175505401566624,0.0967073101136419,0.612151721045251,0.552182681888499,0.512101530330669,0.6144187069909821,0.7439492348346656
464,Healthy,0,0.1248785762323273,0.0247249118983745,0.0217325842628876,0.0934006232354376,0.7388040817359275,0.7019426763014757,0.6610784870677203,0.7550413902332648,0.6694607564661399
465,Healthy,0,0.1344195223516888,0.0148716531693935,0.0177005320373508,0.087239206665092,0.4732389106829603,0.5124818955432958,0.39846034080677145,0.674693200353424,0.8007698295966142
466,Healthy,0,0.1613897598452038,0.0252997215009397,0.0266953566008143,0.1029850120345751,0.6425852099784176,0.6573961217200571,0.5420706366210563,0.8234201331080798,0.7289646816894718
467,Healthy,0,0.1665411442518234,0.0227148133433527,0.0252433203988605,0.089225884526968,0.6033217947456196,0.6315990857543332,0.48008662199031715,0.8820999644478065,0.7599566890048414
468,Healthy,0,0.2560818344354629,0.0194449074980285,0.0190791262106762,0.1695015389058325,0.33491547820246514,0.3320268810495788,0.28229430452485443,0.404688915459891,0.8588528477375728
469,Healthy,0,0.1098808406127823,0.0198874853344427,0.0199422025018268,0.0604684526721636,0.7571704461056394,0.7580146715679192,0.6130150848221827,0.992017909003547,0.6934924575889085
470,Healthy,0,0.1610158565971586,0.0197005355730652,0.0192087848360339,0.1192542446984185,0.49302000984546385,0.48761690463992774,0.4360542026427464,0.5549144750225004,0.7819728986786268
471,Healthy,0,0.1839480234516991,0.0171560218764676,0.0164460163149568,0.0913224733538097,0.4433330599463526,0.4351573465961684,0.34123673342268107,0.6104202208086874,0.8293816332886593
472,Unhealthy,1,0.1289744890398449,0.021456716582179,0.0227276597999864,0.0902030335532294,0.6549395501319747,0.6710822872114762,0.5705389780918602,0.8050126719367817,0.71473051095407
473,Healthy,0,0.1269560936424467,0.0199930990735689,0.0200884929961628,0.0604179369078742,0.7034862407768988,0.7048687846540505,0.5442180036254097,0.9981062640640316,0.7278909981872952
474,Healthy,0,0.0878993877106242,0.0207956129064162,0.0152048769717415,0.1028715728057755,0.7159723614220453,0.6350092097664112,0.7652831423106324,0.5150858448197235,0.6173584288446838
475,Healthy,0,0.1719824870427449,0.0233013942423794,0.0292209378547138,0.1030445703201823,0.5795828849394586,0.6413974049370518,0.4772824892466817,0.8837054575430093,0.7613587553766592
476,Healthy,0,0.1570654172036382,0.0214433355463875,0.0242628200600544,0.0963071650928921,0.5790424515303685,0.6112926104599249,0.48049936411612537,0.8049373160086671,0.7597503179419374
477,Healthy,0,0.130723378724522,0.0224319580528471,0.027709176349971,0.1044186113609208,0.6408995683836655,0.7030368093838142,0.5858616101756826,0.8388599197801244,0.7070691949121587
478,Healthy,0,0.1572657128175099,0.0211420789774921,0.0239427584326929,0.0925367457999123,0.5790632717264842,0.6115534716824719,0.47401694208031525,0.8222136105552135,0.7629915289598425
479,Healthy,0,0.1243644108374913,0.0177720706495973,0.0192207731306552,0.0796724615825547,0.5934383655434058,0.6139134105690274,0.5001410042983703,0.7774353093574251,0.7499294978508148
480,Healthy,0,0.1204048916697502,0.0229510244809918,0.0210070696969827,0.1155115630891588,0.6515122088284746,0.6282542567011022,0.6403928096517001,0.6155077667644266,0.6798035951741499
481,Healthy,0,0.1029441075192557,0.0257388959742254,0.0219939119286007,0.0796128867401017,0.8798314606571649,0.8290911270002286,0.8000713466570368,0.8658441055824904,0.5999643266714815
482,Healthy,0,0.1145862034625477,0.0232597848193513,0.0208037985074851,0.0737096936338477,0.7924447275218485,0.7585416053879388,0.6749499237303699,0.8804583572629265,0.662525038134815
483,Healthy,0,0.1616149213578966,0.0176379621649781,0.0165920148914059,0.0967717005146874,0.48049606306452525,0.46791572565154793,0.3935883611652428,0.5854435815541056,0.8032058194173787
484,Healthy,0,0.1312428770793808,0.0186328563011354,0.0189140685316589,0.0947282769613795,0.5662688980841867,0.5699331900610988,0.497288143473603,0.6657401675264633,0.7513559282631985
485,Healthy,0,0.1145307512746916,0.0195965711027383,0.0185696424709426,0.1081172592110104,0.5987315867296366,0.5853394493544357,0.584416977999283,0.5863160981728519,0.7077915110003584
486,Healthy,0,0.1089959070086479,0.0178483795995513,0.0198653071290916,0.0650091469287872,0.6809051131257562,0.7125242972822097,0.5628437851420761,0.9362207910307037,0.7185781074289619
487,Healthy,0,0.1344855245616701,0.0216522123664617,0.0184975706247819,0.0761920271648301,0.682007839085255,0.6402776322034307,0.5546951760016333,0.7813982129644738,0.7226524119991833
488,Healthy,0,0.1522709420985645,0.0216309382683701,0.0249052008406983,0.0828477177355024,0.6216221450067863,0.6608960938523021,0.4975435164410785,0.9245299772770736,0.7512282417794608
489,Healthy,0,0.1961389200554953,0.0217563990089628,0.0182035246657,0.0948329294721285,0.5203562954201073,0.48299893706775326,0.39939176485983696,0.6441647450654789,0.8003041175700817
490,Healthy,0,0.1522222790453169,0.0148170645245247,0.0191025707042879,0.0797136906120512,0.4531730376767616,0.5103467386867307,0.35481615786713067,0.7732561604667519,0.8225919210664348
491,Healthy,0,0.1003367983632617,0.0205785352736711,0.020687096648746,0.1033477613495455,0.6723868078089816,0.6738615985060209,0.680758499512109,0.6671381572116106,0.6596207502439456
492,Healthy,0,0.1150994474689165,0.0193334114220407,0.0189391209019555,0.0501283225086,0.7585649488589193,0.752284530119083,0.5752585069316319,1.0968479484249192,0.7123707465341841
493,Healthy,0,0.1753527033660147,0.020504356879327,0.0219996503243843,0.0845832336280081,0.5450665251047231,0.5621480630339271,0.41876165921498215,0.8256353931729199,0.790619170392509
494,Healthy,0,0.1260232420431243,0.015530630118317,0.0178925945527023,0.0802920800116327,0.523409005838745,0.5576612543538988,0.4388613290805472,0.7289363490624301,0.7805693354597263
495,Healthy,0,0.1773497404323684,0.0243569467630651,0.0264150808668798,0.0696218920250733,0.6589959838458473,0.6820904615069688,0.4830171394261345,1.1002046429180241,0.7584914302869328
496,Healthy,0,0.1408078678780132,0.0200168998498055,0.0183374040449659,0.0890306110183398,0.5933740198569578,0.572040805805617,0.4978561482192167,0.6831607731279714,0.7510719258903915
497,Healthy,0,0.1315268476804097,0.0232143795324696,0.0204121203472216,0.1175780759917365,0.6284056508881047,0.5961300546467058,0.600082601142443,0.5916976970474459,0.6999586994287784
498,Healthy,0,0.1043334214223755,0.0222362801432609,0.0198181592341926,0.071301425082816,0.8081974329670059,0.7727424747973088,0.7027362747388523,0.8699846200019723,0.6486318626305739
499,Healthy,0,0.1248514188660515,0.0178270031594567,0.0236388918840222,0.09769769012928,0.552340451439106,0.6282354322163204,0.4997813378191011,0.7792832628639781,0.7501093310904493
500,Healthy,0,0.1240297853946685,0.0196748968834678,0.0189694856396979,0.0774965741568141,0.6534444065937645,0.6436151579388385,0.5476480396202429,0.7865765712712895,0.7261759801898786
501,Healthy,0,0.1070999883943134,0.0187319252226087,0.0189545164919561,0.0928939870662159,0.6310821772635582,0.6342372192455721,0.5954586458769263,0.6778639280443453,0.7022706770615369
502,Healthy,0,0.1100069632132848,0.0158205845703681,0.019084284082055,0.0854027594129244,0.5574286697488777,0.606212024321039,0.5029291232018576,0.7305894948773052,0.7485354383990712
503,Healthy,0,0.1595271544324027,0.0226530006362332,0.0208494110653797,0.0776707679033279,0.6414919933685738,0.6199125035002697,0.4973758119307504,0.8465031746238293,0.7513120940346246
504,Healthy,0,0.1418041048778427,0.0200445236017306,0.0170294465497136,0.0954345456427998,0.5782191614101716,0.5406090330165657,0.4953893966240287,0.6056852942073395,0.7523053016879857
505,Healthy,0,0.1298356064491801,0.0205333357055981,0.0180968642234802,0.0732149142358038,0.6729009302223381,0.6393592311530141,0.5462121475713427,0.7927504875638627,0.7268939262143287
506,Healthy,0,0.1200432976086934,0.0189194399863481,0.0207064576033088,0.069958204196559,0.6643050661594075,0.6902642749789446,0.544590307121963,0.9135403890444553,0.7277048464390186
507,Healthy,0,0.1257330915994114,0.0255821854290035,0.0297328798721234,0.0968737453222274,0.7475493317644769,0.7961238730553827,0.6762618006957624,0.9393783248382515,0.6618690996521187
508,Healthy,0,0.1147351703710026,0.0224341872251696,0.0238725507838858,0.053576432996326,0.841887214918748,0.863052760767461,0.6542040472688089,1.232943267616391,0.6728979763655955
509,Healthy,0,0.1282407724195056,0.0129956648581557,0.01512436196208,0.0822107642889022,0.4397058809061047,0.47147323686562564,0.36805416813529784,0.6215376727649699,0.815972915932351
510,Healthy,0,0.1476952731609344,0.0197384556134541,0.0232637570136123,0.095922027197149,0.5577918531909832,0.6001295889340851,0.47155267359663294,0.7807560999883679,0.7642236632016834
511,Healthy,0,0.1348925547467337,0.0238413458897007,0.0260604290912548,0.1117735000120268,0.6479754691018452,0.6730571555890199,0.6007877534442284,0.7562848787899595,0.6996061232778858
512,Healthy,0,0.1469745743605825,0.0156131573021411,0.0160406364334954,0.085906173619959,0.4729341850788741,0.4786338075970161,0.3841164924922984,0.6293727650756198,0.8079417537538507
513,Healthy,0,0.1177133752240075,0.0165986020324958,0.0188332147275408,0.0806621735294659,0.5734215905964658,0.6061710961452026,0.49432976482198604,0.7571492531449876,0.7528351175890071
514,Healthy,0,0.0855808671977784,0.0184311154815885,0.0196876273387008,0.0745619841747813,0.7484523856162506,0.7690595442950229,0.7088073895641535,0.8355526149148975,0.6455963052179232
515,Healthy,0,0.1545647275116708,0.0210644650376505,0.0175346405141883,0.0904989383286899,0.5867690278153657,0.5442956840955442,0.4797486051582237,0.6492292748975879,0.7601256974208881
516,Healthy,0,0.1497119648589028,0.021395309931702,0.0201418079021904,0.0961836795839998,0.5929013625393912,0.5780429134782143,0.5001613159436931,0.6926017105092837,0.7499193420281536
517,Healthy,0,0.1322181945045789,0.0198366752722197,0.0189589495874113,0.0789889122049013,0.6325458902410315,0.6207232155606471,0.521829397541505,0.7742465936668067,0.7390853012292475
518,Unhealthy,1,0.1399352401494979,0.0336008086386654,0.0286895260214805,0.0847175398634539,0.9210293612330411,0.8683300832098471,0.774497491980635,1.0119131748136259,0.6127512540096824
519,Healthy,0,0.1668057988087336,0.0232605224268303,0.0218017057826121,0.0846338280373149,0.6245259763751032,0.6079183309124178,0.4895243360448216,0.8193393691057096,0.7552378319775892
520,Healthy,0,0.1305984821584489,0.0208738040592935,0.0190971849693192,0.0831341350244151,0.6536334946366573,0.6301997772202664,0.5512243745839359,0.747214648915407,0.724387812708032
521,Healthy,0,0.1327772620651457,0.0195291059919529,0.0169636180831326,0.0757614030606216,0.6309968435765845,0.5957232531571264,0.5128900712708631,0.7317816862757434,0.7435549643645685
522,Healthy,0,0.12786073403226,0.0203235250794225,0.0219711158424615,0.1017982968025737,0.6014966442400614,0.6220859699915303,0.548601456085972,0.710066093808609,0.7256992719570139
523,Healthy,0,0.1363562709755367,0.0300621105771925,0.0239467264877425,0.0739012658596038,0.8894715620084723,0.81749087131845,0.7225670697360412,0.9789358335625351,0.6387164651319794
524,Healthy,0,0.1684661813908153,0.0190540040946669,0.0178322115292151,0.1194083789984385,0.4676079258532102,0.4543186043180294,0.40644166483382793,0.519735785474399,0.7967791675830861
525,Healthy,0,0.1270787740747133,0.0231761497755845,0.02437257539067,0.0551278624269697,0.8112095786174028,0.8278148517809315,0.6169821043249244,1.22628634808661,0.6915089478375379
526,Unhealthy,1,0.143200601140658,0.0216731653652257,0.0212598558929231,0.0980589199397299,0.6092120798592876,0.6042807584585523,0.5258123429709425,0.7127078113084392,0.7370938285145288
527,Healthy,0,0.1163049207793341,0.0240944027900695,0.0220382052163283,0.0727210255960623,0.812576876992401,0.7847064399196587,0.6864535291912262,0.930282148868883,0.6567732354043869
528,Unhealthy,1,0.1414859410789277,0.0166373593318793,0.0199175514280796,0.083715526594056,0.5149367009061075,0.5586096656563213,0.42087053049500384,0.7687719715832543,0.7895647347524982
529,Healthy,0,0.1809340798192554,0.0219491064134571,0.0247288089659478,0.0835512085921234,0.5693976837365671,0.6000441544597239,0.432743724524927,0.9135132972318035,0.7836281377375365
530,Healthy,0,0.1149326562881469,0.0212081525888707,0.0176842619354526,0.0510246824059221,0.8142355125072446,0.7594329778442002,0.6231240364681253,1.0295173127731265,0.6884379817659374
531,Healthy,0,0.1609187722206115,0.0240621926883856,0.024426313324107,0.088304845823182,0.6473813151347079,0.651481778462274,0.5203171623679916,0.8667102692412761,0.7398414188160041
532,Healthy,0,0.1669385035832723,0.0206925208783812,0.0180636100057098,0.082011428144243,0.570169570136248,0.5388295336189769,0.44113218350220473,0.722002622817619,0.7794339082488977
533,Healthy,0,0.1096306824021869,0.0224942492528094,0.0245729616532723,0.1028623498148388,0.6989005911119859,0.7253377534210136,0.6809993835696725,0.7713077755350829,0.6595003082151636
534,Healthy,0,0.1225783709022733,0.0166340833529829,0.0166786865641673,0.0803559430771403,0.5633838664087334,0.5640326960689268,0.477948138820485,0.6875354345482941,0.7610259305897576
535,Healthy,0,0.0987086320916811,0.0162686515185568,0.0191655900950233,0.0614891313016414,0.6752752083930154,0.72450807039124,0.5659779395626005,0.9505005913176883,0.7170110302186997
536,Healthy,0,0.1465432279639774,0.0255303231792317,0.0267587678713931,0.0616362111435996,0.7878510958931493,0.80300051632135,0.5934746626571089,1.2108727518043547,0.7032626686714455
537,Healthy,0,0.1303460937407281,0.0179424217591683,0.02074712038868,0.0786837091048558,0.5860791757633809,0.6247318657955289,0.4839868198473088,0.8346353135886818,0.7580065900763456
538,Healthy,0,0.1490696784522798,0.0217150696035888,0.0241002587394581,0.0739836978415648,0.6518998239050325,0.681601503676982,0.5085950554902052,0.9828420296055215,0.7457024722548975
539,Healthy,0,0.1543568869431813,0.0211445002092255,0.0166754132757584,0.0784350269370608,0.6149317996308828,0.5590282413479435,0.4819221215810322,0.7013073743931993,0.7590389392094838
540,Healthy,0,0.124552802907096,0.0218674666765663,0.0221954625513818,0.0791192986071109,0.707092801570229,0.7114525401748165,0.5973890565492114,0.8762972857098333,0.7013054717253943
541,Healthy,0,0.1583606799443563,0.0252613930238617,0.0249624457210302,0.0962294124894672,0.6623487844781878,0.6590753716626578,0.5502909887796341,0.8238984397012241,0.7248545056101828
542,Healthy,0,0.1371564045548439,0.0198044269863102,0.0216403079943524,0.1421369181738959,0.4968150971225585,0.5168670693667752,0.5046973003865008,0.5285303335671668,0.7476513498067496
543,Healthy,0,0.1542163681652811,0.0150572718638512,0.0185399245884683,0.0790219832625654,0.4574021289557542,0.5036389899206049,0.3558090169564456,0.760129644728831,0.8220954915217772
544,Healthy,0,0.130965023405022,0.0219090057329999,0.0253395289182662,0.0997389256954193,0.6384627499466624,0.6799512494153183,0.5732564479796477,0.8103563158508569,0.7133717760101762
545,Healthy,0,0.1011802893545892,0.0255514776541127,0.0212768640162216,0.0795494723651144,0.8817211990328182,0.823145227046823,0.806474280512738,0.844099459718549,0.5967628597436311
546,Healthy,0,0.1016916765107048,0.0213459072013696,0.0200152032905154,0.0792164409326182,0.7637178428503361,0.7443425412705685,0.693963797316504,0.8068072819798872,0.653018101341748
547,Healthy,0,0.13816822734144,0.0159184161780609,0.0197031438971559,0.0860786976085768,0.4972878044437946,0.5483013466870812,0.4132328620954431,0.7450482470978015,0.7933835689522786
548,Healthy,0,0.1488819494843483,0.0212191059771511,0.0189166745791832,0.1421842806869083,0.5089972617315236,0.4847287064249791,0.49897646830189896,0.4696849760558751,0.7505117658490505
549,Healthy,0,0.1380970718132125,0.0155177323354615,0.0197085895472102,0.0770553383562299,0.5042565916952197,0.5627685961016793,0.4040686682891025,0.8147081241628485,0.7979656658554488
550,Healthy,0,0.1043827550278769,0.0175869534206059,0.0188896209001541,0.0762268834643893,0.6520220397130476,0.6721122239518148,0.5767646293270997,0.7943782638503097,0.7116176853364502
551,Healthy,0,0.1387616627746158,0.0198287922475073,0.0163019764133625,0.0668279218177,0.6468182224911697,0.597893692849692,0.500125741987214,0.7844097856610182,0.749937129006393
552,Healthy,0,0.1187698394060134,0.014007455151942,0.0151130877849128,0.0795678223172823,0.4950667898842352,0.5121036276596721,0.4219834482567483,0.6384851082905852,0.7890082758716259
553,Healthy,0,0.1373688032229741,0.0202804585504863,0.021326034847233,0.0927118443780475,0.5994780165512948,0.6125647793969331,0.5145716084513993,0.7480333724938418,0.7427141957743004
554,Healthy,0,0.1595087473591168,0.0226430152025487,0.0240031031684743,0.1088578262262874,0.5775310624421764,0.5923077966328434,0.4972340620614781,0.7226534776722906,0.751382968969261
555,Healthy,0,0.1831060945987701,0.0210448869814475,0.0187505164908038,0.0898129882083998,0.534458292944032,0.5090317873754365,0.4123396677997999,0.690858923272817,0.7938301661001002
556,Healthy,0,0.1202305174536175,0.0242794137448072,0.0213238733510176,0.0605761201845275,0.8468376433665205,0.8056764675737313,0.6720483095786532,1.0414590981262,0.6639758452106733
557,Healthy,0,0.1040453637639681,0.0176016573483745,0.0197593471449282,0.0552388785613907,0.7240219422931485,0.7599676086298804,0.5787780806278565,1.0538567790818227,0.7106109596860717
558,Healthy,0,0.1351694216330846,0.0223481479204363,0.0221283735914362,0.0791540270050366,0.6902376640171138,0.6874269960092355,0.5675087035378084,0.8739276897513358,0.7162456482310958
559,Healthy,0,0.1450728451212247,0.0222331537968582,0.0183801555799113,0.1246873984734217,0.5660413790693469,0.5234119851765826,0.5315566432915318,0.513887462507663,0.7342216783542341
560,Healthy,0,0.158395336733924,0.0199629284648431,0.0209365635075502,0.0899915446837743,0.5539242859478519,0.5655225511398962,0.44770402857632396,0.7549597247774074,0.776147985711838
561,Healthy,0,0.1013939372367329,0.0204532609010736,0.019573540530271,0.0890756588843133,0.7071865872644012,0.6946191238801759,0.671439678996686,0.7206142571039906,0.664280160501657
562,Unhealthy,1,0.1719079290827115,0.0207941544552644,0.0236181306342283,0.0905561629268858,0.5471202830127161,0.5788948046027281,0.43163320444672804,0.8274412706249404,0.7841833977766361
563,Healthy,0,0.1255061038666301,0.0194976557460096,0.0149790562896264,0.0577445233033763,0.7018407036237498,0.633392428556212,0.5378524197743636,0.8238899335514915,0.7310737901128183
564,Healthy,0,0.1021536125077141,0.0174652685721715,0.0191084683562318,0.1016806049479378,0.5851874947433091,0.6085279003701555,0.5840304946677304,0.6327879777043436,0.7079847526661348
565,Healthy,0,0.1066655500067604,0.015929805735747,0.0166853708732459,0.0632359091606405,0.6316304997908194,0.644197480053037,0.5197523393693672,0.8350902721363498,0.7401238303153165
566,Healthy,0,0.1492845887939135,0.0168094392865896,0.0173989746512638,0.0654660926924811,0.5414331541291195,0.5496230435696158,0.4048174273536756,0.8398701749236999,0.7975912863231623
567,Healthy,0,0.1394356356726752,0.0238471662418709,0.0259353818578852,0.102918531331751,0.6577428611822541,0.6816335712134309,0.584192969798529,0.805109638221564,0.7079035151007356
568,Healthy,0,0.1275143846869468,0.0204051906863848,0.021293695602152,0.1195857177178065,0.566987083447854,0.5775489239378436,0.5517914889867551,0.6045935342956259,0.7241042555066225
569,Healthy,0,0.1105159537659751,0.0206638353152407,0.0198743947678142,0.0802302642001046,0.7123191821433339,0.7010973790065274,0.630092042683415,0.7941446471211087,0.6849539786582926
570,Healthy,0,0.1563354465696546,0.0235067229304048,0.0225879721757438,0.0826508891251352,0.657531213556819,0.6467592035379559,0.5228300569493972,0.8585411091123288,0.7385849715253014
571,Healthy,0,0.148409470087952,0.0225031752553251,0.0255480067183574,0.0864176659120453,0.6433304472863757,0.6794607988040058,0.5266591061212024,0.912708551403645,0.7366704469393988
572,Healthy,0,0.1453728228807449,0.0190679296437237,0.0158480354067352,0.0812860454122225,0.5760818523226227,0.5339346236664458,0.4638249181178227,0.6526251249043429,0.7680875409410887
573,Healthy,0,0.1097964470585187,0.0127327267287506,0.0166658037859532,0.070799693879154,0.49432701969033427,0.5599862189145295,0.4156635137638877,0.7621658473728311,0.7921682431180561
574,Healthy,0,0.1849845730596118,0.0232970195098055,0.0263189458184772,0.105665317012204,0.5526449551829217,0.5832611711209427,0.44741389236383783,0.7976389079731729,0.776293053818081
575,Healthy,0,0.1222549710008833,0.0254850447591808,0.0265041053709056,0.0680199580060111,0.8451173803288382,0.8583880914626344,0.6899970770429473,1.1215812957688847,0.6550014614785263
576,Healthy,0,0.1313574165105819,0.0224106572568416,0.0235701561388042,0.0846515074372291,0.6873637777285563,0.7020246496963661,0.5829729594125775,0.8711806993151427,0.7085135202937112
577,Healthy,0,0.1661676317453384,0.0191370087365309,0.0240645845317178,0.0885885006023777,0.5224584227455205,0.5799694326292565,0.41309291956783595,0.8544669505703375,0.7934535402160819
578,Healthy,0,0.1718741266263855,0.0208964666558636,0.0239994991570711,0.1122252353363567,0.5129662028558094,0.5458553605180276,0.43360278764650795,0.7047031288794021,0.7831986061767462
579,Healthy,0,0.1261675573057598,0.0236392780724498,0.0223402133625414,0.0901249829265806,0.7175074474362161,0.7012488696211732,0.6311935770559182,0.7945645088320438,0.6844032114720409
580,Healthy,0,0.1745926671557956,0.0228342742969592,0.0246528695440954,0.0953154630131191,0.5788583462244992,0.5984606291215672,0.4626374521923807,0.8219792346397119,0.7686812739038097
581,Healthy,0,0.1012465175655153,0.0172662248628007,0.0167128590659962,0.0673324130475521,0.6800692244427041,0.670999545599795,0.582763490541767,0.7954217362002948,0.7086182547291164
582,Healthy,0,0.1457775698767768,0.0209432705822918,0.0228257822907633,0.1067238466607199,0.5691338938119561,0.5909337229611349,0.5024751680623527,0.7047733745130722,0.7487624159688235
583,Healthy,0,0.1196806256969769,0.0182074688168035,0.0211491427487797,0.07736570139726,0.6239139957724036,0.665924235776387,0.5281810262446949,0.8587190258324089,0.7359094868776527
584,Healthy,0,0.1109926650921503,0.0243111917128165,0.0261462740600109,0.0994478753871387,0.7507424480930782,0.7735968012583169,0.7187139313511148,0.8327226761789037,0.6406430343244425
585,Healthy,0,0.1389835352698961,0.0207734764036205,0.0201200522068474,0.1071513990561167,0.5776790916001815,0.5698881315407054,0.520126814742221,0.6323508377468253,0.7399365926288894
586,Healthy,0,0.1343909212284618,0.0211174957868125,0.0211994400661852,0.0692138841582669,0.6871953539798308,0.6882992229913796,0.5431859237494086,0.9378900841454452,0.7284070381252958
587,Healthy,0,0.0889938366081979,0.0176418859304653,0.0180978846425811,0.088405332631535,0.6635938299203918,0.6707318823006275,0.6617627005460139,0.6797122230026567,0.6691186497269931
588,Healthy,0,0.1170316893193456,0.0192156721734338,0.0133544423927863,0.0524308300680584,0.7394416296190496,0.6448485856734701,0.5641407499682747,0.8120019507852517,0.7179296250158627
589,Healthy,0,0.1367458262377315,0.0229129309041632,0.0247261041982306,0.1133157428767946,0.6195040007667605,0.6400932269211191,0.5740475828406862,0.7164814068241802,0.7129762085796568
590,Healthy,0,0.1405203383829858,0.0250940413938628,0.0292289474358161,0.1050597785247696,0.6787488694105531,0.7245405304637128,0.6060836366425404,0.8706299721510478,0.6969581816787297
591,Healthy,0,0.1435486972332,0.0214051637384626,0.0186544567760494,0.0846580974757671,0.6318468313977792,0.5973110048999667,0.5190582048186139,0.7222532406112264,0.7404708975906931
592,Healthy,0,0.134276505973604,0.0223119576565093,0.0208129912821782,0.1097757178876135,0.6183249566890594,0.6006737724761355,0.5699515057306819,0.6375127348909501,0.715024247134659
593,Healthy,0,0.1154236396153767,0.0148823318175143,0.0165073002378145,0.0591360078089767,0.5826945111074562,0.6096575260594786,0.4568426651169663,0.87290208025294,0.7715786674415168
594,Healthy,0,0.1549213801821073,0.0210614540717668,0.0279192502299944,0.0998862675494617,0.5674445732860406,0.6449319596873454,0.47871610117117214,0.8738042211345664,0.760641949414414
595,Healthy,0,0.159123457968235,0.0241223019030359,0.0275773192859358,0.088498179283407,0.652248849123153,0.6908914048846828,0.5265562907426983,0.9503235265265314,0.7367218546286507
596,Healthy,0,0.1404084157612588,0.0218208390805456,0.0161338010802865,0.0998727865517139,0.6148384813259575,0.5456470284112361,0.538024762594734,0.5563063756850303,0.730987618702633
597,Healthy,0,0.1636861388882001,0.0242692145208517,0.0258396884633435,0.1016425349646144,0.618585746566958,0.6354208460089339,0.5164889231547243,0.8107699338314692,0.7417555384226379
598,Healthy,0,0.1577563799089855,0.0173416188400652,0.0166510901310377,0.1025452721450063,0.47030527850279163,0.46202324574209996,0.3961580135457538,0.5587784664929903,0.8019209932271233
599,Healthy,0,0.1745965762270821,0.0226592146274116,0.0243779346346855,0.0914567841423882,0.582177715065391,0.6009399558926084,0.45948896160166436,0.8418178899057488,0.7702555191991678
600,Healthy,0,0.1691802822881274,0.0221636929652757,0.0221147494804528,0.1179304379555914,0.534970301902993,0.5344585451905425,0.4633266960388712,0.6316461103828265,0.7683366519805643
601,Healthy,0,0.1640712966521581,0.0195466460039218,0.0218006215161747,0.0958528634574678,0.5229566599676025,0.5489703135195994,0.4258112409097854,0.7411806465761254,0.7870943795451072
602,Healthy,0,0.128999607430564,0.0218147397455241,0.0201264876458379,0.0687707083092795,0.7229414498768386,0.6998616227405549,0.578585264704388,0.9056073109887246,0.710707367647806
603,Healthy,0,0.1414689570665359,0.0214810483157634,0.017286366265681,0.0796635804904831,0.6507076035608471,0.596651353914691,0.5273040222457536,0.713207870414098,0.7363479888771233
604,Healthy,0,0.1741442614131503,0.0163280424765414,0.0183093579899933,0.1069580598009957,0.41632140285258296,0.43880953947967044,0.3428958886536589,0.5846486919860615,0.8285520556731705
605,Healthy,0,0.1694764792919159,0.0254597163034809,0.0262293416178888,0.0763177350163459,0.6864454417428315,0.6950180093685429,0.5224215282486431,1.0231141629300156,0.7387892358756785
606,Healthy,0,0.1646979674696922,0.0198598539249764,0.0180985049034158,0.1040195375680923,0.5151091527261294,0.4950941798922393,0.4304310437758581,0.5928200137219999,0.7847844781120709
607,Healthy,0,0.0826781027846866,0.0223891312877337,0.0183723940410547,0.1055145512024561,0.7688215033215685,0.7121341999622042,0.8523734915226345,0.5931987104837279,0.5738132542386827
608,Healthy,0,0.2043525063329273,0.0206822593592935,0.0178635120391845,0.1094955147968398,0.46580020779949016,0.4375306513991841,0.3676278071199105,0.5610442379458161,0.8161860964400448
609,Healthy,0,0.145827763610416,0.0196108379297786,0.0219476121581263,0.0905540279216236,0.5692479304526061,0.5980918753712812,0.47415386124414244,0.7803481671046973,0.7629230693779286
610,Unhealthy,1,0.126387664841281,0.0233607712305254,0.0238774184965425,0.0978116161293453,0.689818403314183,0.6961189198477037,0.6240004061030352,0.7848667242681168,0.6879997969484823
611,Healthy,0,0.145170282986429,0.0192555217072367,0.0176154406120379,0.0702505894005298,0.6066357321477932,0.5845763872969865,0.4684306515783406,0.8019226820430292,0.7657846742108296
612,Healthy,0,0.1339645071162117,0.0187587535215748,0.0186998347441355,0.1337563246488571,0.49164868593682,0.49097135399146363,0.4913135940978868,0.4906285142847436,0.7543432029510566
613,Healthy,0,0.1048815920948982,0.018846092849142,0.0193909396313958,0.0701225896676381,0.7088449351205227,0.7172540752267773,0.6092765045322153,0.866503188210459,0.6953617477338924
614,Healthy,0,0.1240342706441879,0.0233594874540964,0.0238443207409646,0.0857839344276322,0.7284554217339214,0.7346266974579568,0.6339342386132785,0.8700063940375418,0.6830328806933608
615,Healthy,0,0.1248956951830122,0.0198460002947184,0.0180244441661569,0.0854643020364973,0.6349399474866618,0.6102465790176747,0.5484528899351419,0.6966726268327184,0.725773555032429
616,Healthy,0,0.118486650288105,0.020978608686063,0.019790800081359,0.1151262000203132,0.6090243069615977,0.5943446767256654,0.6016870105249278,0.5867548215997936,0.699156494737536
617,Healthy,0,0.1717629532019297,0.018673642952409,0.0179650044689575,0.0934037044644355,0.4938256460371055,0.4855931529860421,0.39222803451653815,0.6452442392845533,0.8038859827417308
618,Healthy,0,0.1402540488375557,0.0242142081260681,0.0244838330480787,0.0909021695454915,0.6928623429585551,0.6960485968832553,0.5889089742447666,0.8487626747698093,0.7055455128776166
619,Healthy,0,0.1611599971850713,0.0167189618158671,0.0229650771038399,0.0873418069548077,0.474398182845956,0.5508117747685729,0.3759626638197023,0.8327704041256356,0.8120186680901489
620,Healthy,0,0.1505670845508575,0.0190768138402038,0.021084278408024,0.1049709278676244,0.5196419982204576,0.5432697172822952,0.44980842862330683,0.6690490311655491,0.7750957856883467
621,Healthy,0,0.0870707515213224,0.0186868662842445,0.015566578755776,0.0976337492465972,0.673163362424169,0.6257538617952884,0.7067809079663613,0.550054192615048,0.6466095460168193
622,Healthy,0,0.1420038325919045,0.0195758277550339,0.0203796495786971,0.1064894944429397,0.5444441291995042,0.5540737451998801,0.48461118715069323,0.6425407765097388,0.7576944064246535
623,Healthy,0,0.1524466474850972,0.021934979284803,0.0232752592613299,0.0760379367404514,0.6443066176810837,0.6607394043963727,0.5031488624371331,0.9374488063363678,0.7484255687814334
624,Healthy,0,0.1142190934883223,0.0287833097908231,0.0228645679437451,0.0867698383000162,0.8905880268533893,0.8177411333226209,0.8051140157312499,0.8342114023186475,0.5974429921343751
625,Healthy,0,0.126107294526365,0.021030082884762,0.021131300056974,0.0870843529701232,0.6591164267372432,0.6604406905902895,0.5717128646652537,0.7810810900594103,0.7141435676673733
626,Healthy,0,0.1061068342791663,0.0180123412153787,0.0188368765844239,0.0916708310445149,0.6163271289062322,0.6282181702155403,0.5804853647668755,0.6818303261768526,0.7097573176165621
627,Healthy,0,0.1226363364193174,0.0138857775471276,0.0149895360486374,0.0818678297930293,0.47825153551191857,0.4949074977715563,0.4068433206517885,0.6190354618208751,0.7965783396741057
628,Healthy,0,0.1542053818702697,0.0193352175669537,0.0221915932165251,0.106162957019276,0.5172631577318405,0.550215011118337,0.44566441811670765,0.6915716871978985,0.7771677909416462
629,Healthy,0,0.1846095853381686,0.0195404691621661,0.0235296661655108,0.1034525053368674,0.4778452830722881,0.5202771816878258,0.382864833614513,0.7411958981996184,0.8085675831927436
630,Healthy,0,0.1320989239546987,0.0133709077619844,0.015525537646479,0.0605470107661353,0.48757171709230024,0.5217321469887387,0.36766132480377284,0.8163542812983805,0.8161693375981135
631,Healthy,0,0.1498551186588075,0.0190133738021055,0.0214176877505249,0.1109960137142075,0.5089268915733554,0.536786605618101,0.4503711385119735,0.6469930985572326,0.7748144307440133
632,Healthy,0,0.099813145895799,0.0219318310005797,0.0202346768023239,0.0935363239712185,0.739649810374497,0.7161553661042995,0.7205826986766486,0.711417730871521,0.6397086506616757
633,Healthy,0,0.0862250270115004,0.0212069966105951,0.0190903393344746,0.0996874769528706,0.7430411055046371,0.7125655711741287,0.7895968407034071,0.6428924164859736,0.6052015796482964
634,Healthy,0,0.0961193053258789,0.0243443476243151,0.0229355538677838,0.0995401673846774,0.7970380241486023,0.7784642015692187,0.8083549528215065,0.7490645046459901,0.5958225235892467
635,Healthy,0,0.1261745128366682,0.0224904583560095,0.0208131893434458,0.0730452905926439,0.7367859797626527,0.7142179034301025,0.6051313413126936,0.8870030436298545,0.6974343293436532
636,Healthy,0,0.1397329204612308,0.0209019843281971,0.0208960683602425,0.0833111852407455,0.6313652649001862,0.6312900173064317,0.5204842460758319,0.802096500508651,0.7397578769620842
637,Healthy,0,0.1182911139395501,0.0219916040077805,0.0214813043259912,0.0858151407705413,0.7091507641209164,0.702367805097874,0.6270652388140152,0.800820728279111,0.6864673805929924
638,Healthy,0,0.1137122536698977,0.0176754576257533,0.0161869122336308,0.091573110057248,0.5876240341073875,0.5663841233457781,0.5381160064803828,0.600850366936159,0.7309419967598086
639,Healthy,0,0.1229428731732898,0.0159982496665583,0.0152152472486098,0.0952452934450573,0.5115661139571837,0.5006140933133519,0.4605763747857096,0.5509749328787096,0.769711812607145
640,Healthy,0,0.1397070396277639,0.018608837078015,0.016367234600087,0.0943069747752613,0.5488691141326815,0.5201094536629612,0.4701698266838637,0.5915464747375067,0.7649150866580682
641,Healthy,0,0.1753296107053756,0.0212730823291672,0.0187657047063112,0.0908457454707887,0.5512562200824711,0.5230168223523919,0.4328136507352837,0.6848081902389335,0.7835931746323582
642,Healthy,0,0.1582537823253207,0.0198564663943317,0.0165666101707352,0.0807222268647617,0.5699965345835948,0.5290224760941985,0.4459365261026839,0.6811309776348006,0.7770317369486581
643,Healthy,0,0.1721485828359922,0.0206981303377283,0.0213887091312143,0.1348676722910669,0.4752557247274146,0.4822282027336072,0.42931777258932025,0.5475285920876803,0.7853411137053399
644,Healthy,0,0.1444052010774612,0.0258186171866125,0.0272577597449223,0.0661445731918017,0.7877924179475472,0.8053279492914617,0.6066981095808637,1.1673267203459787,0.6966509452095683
645,Healthy,0,0.1108681874142752,0.0214556769157449,0.0194572537309593,0.0544356712036662,0.8243653924549167,0.7935906827489033,0.6485807234962162,1.0532674811924692,0.6757096382518918
646,Healthy,0,0.1340175999535454,0.0184852779946393,0.0177270189548532,0.0783380038208431,0.5931275887668184,0.5827348880371894,0.48485060067967944,0.7381258419620339,0.7575746996601602
647,Healthy,0,0.1360937572187847,0.0223495525618394,0.0228673536330461,0.0598185459772745,0.7430920326816776,0.7500859196460927,0.5642283689424041,1.1062274821131348,0.7178858155287979
648,Healthy,0,0.1097714702288309,0.0126643060810036,0.014427685799698,0.0747997131612565,0.48268007303934596,0.5119830947644389,0.4137452781433904,0.6467827581082572,0.7931273609283049
649,Healthy,0,0.1189700605140792,0.0239809385190407,0.027263527115186,0.1045476670066515,0.7066737424496455,0.7460191672778854,0.6710254193742187,0.8273508876639235,0.6644872903128908
650,Healthy,0,0.1288255643513467,0.0235493810226519,0.0242117299801773,0.1155959723724259,0.6462501890149668,0.6538528057630547,0.61819562172379,0.6927151958799496,0.6909021891381051
651,Healthy,0,0.1205220479104254,0.0239734177788098,0.0256891486545403,0.105015662809213,0.7012730512240529,0.7218389014302021,0.6636448462782678,0.7861730066965238,0.6681775768608661
652,Healthy,0,0.1442004417379697,0.0220104002704223,0.0236256472352478,0.0976906567811966,0.6158652464003247,0.6348763674888365,0.5296983037799903,0.7789768218473042,0.7351508481100049
653,Healthy,0,0.141505129635334,0.0193926758236355,0.0174182653427124,0.0781220429473453,0.6003633417203507,0.5741883002988286,0.48211163025665565,0.7292530515949784,0.7589441848716723
654,Healthy,0,0.1533859844009081,0.0216822727686829,0.0202194702708058,0.0832628595332304,0.6194638851979444,0.6017110715111278,0.49540157922927147,0.7815622361458339,0.7522992103853643
655,Healthy,0,0.1470506654845343,0.0227936684257454,0.0232919205187095,0.0940614243348439,0.6360296897813482,0.6418657580077693,0.5368131606388744,0.7939073418921552,0.7315934196805628
656,Healthy,0,0.1410982327328788,0.0233878975527154,0.0230324905779626,0.0950114586287074,0.6614096140401974,0.6572098548105072,0.5687506299067874,0.7804717050812179,0.7156246850466064
657,Healthy,0,0.1359339505434036,0.0236305749664704,0.025014953687787,0.1003184053632948,0.666792219199217,0.6829889766183836,0.5923766549227917,0.7983494219632851,0.7038116725386042
658,Healthy,0,0.1480678816636403,0.0207679863605234,0.0196002649350298,0.1218410010139147,0.5334616642536877,0.5204154206097821,0.49202782805727274,0.5543011738060895,0.7539860859713636
659,Healthy,0,0.1320217375953992,0.0215468207995096,0.0214632317009899,0.0844694218701786,0.6640395188360116,0.6629649576530208,0.5612300076191621,0.8104481848581393,0.7193849961904191
660,Healthy,0,0.1383712374501758,0.0158322644937369,0.0186712520403994,0.0831791303224033,0.500200097113231,0.539003993281447,0.41068495317299486,0.7332815687972684,0.7946575234135026
661,Healthy,0,0.1545666638347837,0.0174324815678927,0.0163758613376153,0.0811258604129155,0.5154536800730747,0.5017919721391986,0.40540856239908835,0.6718183450960915,0.7972957188004558
662,Healthy,0,0.1122989687654707,0.0191211282379097,0.0164606044482853,0.1035233032372262,0.6020872997082419,0.5661283356281739,0.581984907146062,0.5487604051513312,0.7090075464269691
663,Healthy,0,0.1044543534517288,0.0192253638265861,0.0176407156719101,0.0743598201208644,0.7079050032700327,0.683717289340252,0.6217790353877833,0.7669831711260778,0.6891104823061084
664,Healthy,0,0.1653168747822443,0.0162414340302348,0.0158492398137847,0.1438067141506407,0.38035426316431137,0.37619381537988394,0.3578229856064505,0.39708484200510896,0.821088507196775
665,Healthy,0,0.1022128926383124,0.012413771616088,0.0151476071526606,0.0939119681715965,0.44946409775106294,0.49285783194646376,0.43318966653472857,0.5555718370486432,0.7834051667326356
666,Healthy,0,0.0876421489649348,0.0172476911296447,0.0237469199217028,0.0804300631086031,0.6811628952380606,0.7843350836561858,0.6577449680194918,0.9117914238232311,0.6711275159902542
667,Healthy,0,0.1063222487767537,0.0179583537909719,0.0157872173521253,0.0617627973357836,0.7042431142181982,0.6687899309222397,0.5779937792363263,0.814298613129044,0.711003110381837
668,Unhealthy,1,0.0992666888568136,0.0163391298717922,0.0184026998985144,0.0990534135036998,0.5658613237934245,0.5962677723070735,0.5653393592635559,0.6267089678166547,0.717330320368222
669,Healthy,0,0.1012238793902927,0.0192223700384298,0.0165035968853367,0.0555710792541503,0.7876418644086934,0.7422770655880503,0.6383717261301751,0.915916533757132,0.6808141369349124
670,Healthy,0,0.1070990272694163,0.0135263972398307,0.0150031207336319,0.0839961792031924,0.49604478357022286,0.5196048495071511,0.4485421641370069,0.6061909828940623,0.7757289179314967
671,Healthy,0,0.1409567495187123,0.0164632429886195,0.0147893394653995,0.1092804852459165,0.465122945707509,0.44410249383541284,0.4183266109062413,0.4768069754208531,0.7908366945468792
672,Healthy,0,0.1468595829274919,0.0208650223082966,0.0282519519742992,0.0950711659259266,0.5884499455298161,0.6750367088031421,0.4976019416820662,0.9163554232275042,0.751199029158967
673,Unhealthy,1,0.1141903847455978,0.0089443654028905,0.0087795646654235,0.0769751386510001,0.34227920161746106,0.33939348826514437,0.2905553596236475,0.4095199132356885,0.8547223201881763
674,Healthy,0,0.119064906405078,0.0166553661434186,0.0155261531472206,0.0696461117929882,0.6001345762581437,0.5827543049938425,0.49087334797289556,0.7291647419788594,0.7545633260135521
675,Unhealthy,1,0.1017182957794931,0.0174969914886686,0.0183837436553504,0.1022666444381078,0.5857250088752333,0.5983471389130678,0.5870720740473842,0.6094880902035718,0.706463962976308
676,Healthy,0,0.0978350374433729,0.0143718293143643,0.0153161051372687,0.0571646334396468,0.6257350120977484,0.64298704610607,0.5123333261018375,0.8452510522373042,0.7438333369490813
677,Unhealthy,1,0.1192709406216939,0.0165120605379343,0.014648167312973,0.1053993726770083,0.5126089922123271,0.48720106224822984,0.4864249691615673,0.48807888322227944,0.7567875154192164
678,Healthy,0,0.1054396430651346,0.0180612723860475,0.0162502907009588,0.0585308571656545,0.7221149495041036,0.6921768416745521,0.5849761459683049,0.8692185752454267,0.7075119270158474
679,Healthy,0,0.1066652759909629,0.0148036534794502,0.018762102867994,0.1071108124322361,0.48659534743392746,0.5428237406180791,0.48748774008273493,0.5962236696669153,0.7562561299586326
680,Healthy,0,0.1348542819420496,0.0158607923529214,0.0153321506869461,0.0749745509690708,0.5252996044270156,0.5176784199982101,0.420947736704281,0.6791146351617221,0.7895261316478596
681,Healthy,0,0.0860899661978085,0.0127285358806451,0.014854723898073,0.0738349805275599,0.5492889109549159,0.5884171214259246,0.5152288534201707,0.66996384729318,0.7423855732899147
682,Healthy,0,0.0873591543899642,0.0139233276454938,0.01885920856148,0.0943677764799859,0.531491697996776,0.6113023663467098,0.5498809810217479,0.6662443075587818,0.7250595094891261
683,Healthy,0,0.112481630510754,0.0158297476462192,0.0168526384772525,0.0924302587906519,0.5353055754700469,0.5502217772718214,0.49347915589694474,0.6168444980348081,0.7532604220515278
684,Unhealthy,1,0.1079856190416548,0.0161935839181145,0.020409474770228,0.1057599335908889,0.5263366491792872,0.5848334208081747,0.5216198375298248,0.6470498684376117,0.7391900812350877
685,Unhealthy,1,0.1060263175103399,0.0193213111617498,0.0228006589329905,0.0965528852409786,0.6407815264893892,0.6885454549290481,0.6165672654979214,0.7641384791977817,0.6917163672510392
686,Healthy,0,0.1245395077599419,0.0227624978870153,0.0211746630569299,0.0854134973552492,0.7127814624441309,0.6922231235015432,0.6181177991987648,0.7946347127128172,0.6909411004006176
687,Unhealthy,1,0.0853750043445163,0.0198781864924563,0.0170111921098497,0.0509993189738856,0.9028834568722353,0.8516354710968369,0.7554426173452836,1.000503706781755,0.6222786913273581
688,Healthy,0,0.0893493534790145,0.0159363561413354,0.0217083664610981,0.0922759961750772,0.5971522550328612,0.6867279645603935,0.6054518205291245,0.761801565023043,0.6972740897354378
689,Healthy,0,0.0828217785391542,0.0182271880201167,0.0169084685751133,0.0645461906161573,0.7932523328750763,0.7700812836070628,0.7215190274875469,0.8303254224124413,0.6392404862562266
690,Unhealthy,1,0.094535045325756,0.0180154357933335,0.0174256519724925,0.0960846203896734,0.6358841592092486,0.6271073102260488,0.6402615293761879,0.6140643171710208,0.6798692353119062
691,Unhealthy,1,0.1378107012973891,0.0149531869424713,0.0157167216142018,0.0703276346127192,0.5025337284023839,0.5137160758440956,0.3915372177223646,0.7306334687543147,0.8042313911388177
692,Healthy,0,0.113501661353641,0.0164459112824665,0.0154949107931719,0.0790486277805434,0.5835967790938993,0.5691240406536114,0.5062321965342138,0.6555672032982165,0.7468839017328931
693,Healthy,0,0.1356589115328259,0.0217832580415738,0.0199512373656034,0.1109071315990554,0.6006429088968082,0.5790415185301233,0.5534288075541304,0.6098574366609039,0.7232855962229349
694,Healthy,0,0.0802139643993642,0.017244576373034,0.0141889970335695,0.0598574876785278,0.7903078195873451,0.7331230864589489,0.7077707602171667,0.7664913244018663,0.6461146198914166
695,Healthy,0,0.1374166781703631,0.0199383061586154,0.0157456014098392,0.112383367286788,0.5506361834413206,0.4999777702427153,0.5068363418836695,0.49155476923006497,0.7465818290581653
696,Healthy,0,0.1077207699418068,0.0157661288976669,0.0164051082813077,0.0830510954062144,0.5673715331856425,0.5772098228529684,0.5106980269433121,0.6597922572170691,0.7446509865283438
697,Healthy,0,0.1106221195724275,0.017705225592686,0.0250815865066316,0.0987142705255084,0.5787278152347218,0.6788238722407232,0.5518769384625052,0.8104176378089906,0.7240615307687475
698,Unhealthy,1,0.0993980550103717,0.0188920696576436,0.0167028395872977,0.0636297480927573,0.7526273360089178,0.7168346222674492,0.6388384393258438,0.8316843796353737,0.680580780337078
699,Healthy,0,0.0940202441480424,0.0163902269883288,0.0159740661167436,0.073929164558649,0.6532252558428481,0.6462721783352665,0.593792484340901,0.710722673556418,0.7031037578295495
700,Healthy,0,0.1006022079123391,0.0157765864084164,0.0131209654112656,0.0570935321350892,0.666913692433506,0.6194767567584909,0.5422495223634649,0.7474789890850271,0.7288752388182674
701,Healthy,0,0.12336359007491,0.0206198012456297,0.027438161894679,0.1115215097864468,0.5974054786101055,0.6794011859555761,0.5728383268796703,0.7898165435405469,0.7135808365601649
702,Healthy,0,0.0912549884782897,0.0162321728550725,0.0209651442451609,0.0833973234726323,0.6269770104782357,0.7023343352893264,0.6040599697197253,0.80355111195158,0.6979700151401373
703,Healthy,0,0.1066401774684588,0.0201393670092026,0.0191766952888833,0.0551495556202199,0.7973284420880956,0.7819975992730325,0.6354137678023023,1.032028122195229,0.6822931160988488
704,Unhealthy,1,0.0960973012778494,0.0163004115844766,0.0162868565983242,0.0572451994650893,0.7013066666357088,0.701066179366171,0.580097625454094,0.8859731371731827,0.709951187272953
705,Healthy,0,0.1714422901471456,0.017503526682655,0.0177185781713989,0.1405829199486308,0.40350200314139295,0.40572932705490006,0.37055124006099377,0.44771725806319423,0.8147243799695031
706,Healthy,0,0.1098351793156729,0.0184598976953162,0.0168197442673974,0.0585613196922673,0.7192764801991104,0.6928576276942873,0.5755450053234706,0.8925182736288996,0.7122274973382646
707,Healthy,0,0.114078717927138,0.0157988550555374,0.0149923697527911,0.0891672356261147,0.5381914013441523,0.5262621097021923,0.48657684903443144,0.5757460273875933,0.7567115754827841
708,Healthy,0,0.1153900846838951,0.0176254629881845,0.020754769237505,0.0720399311847156,0.6332095721224151,0.6798669688306016,0.5300271523637576,0.8946532137318078,0.7349864238181212
709,Healthy,0,0.103027725385295,0.0160600926934017,0.0202910246120558,0.0866834123929341,0.5791821448571071,0.6432054266113656,0.5394369618154805,0.7587242403008603,0.7302815190922598
710,Healthy,0,0.1377488283647431,0.0158935499687989,0.0166188718544112,0.1282097382677925,0.42703694470207054,0.43571969244214453,0.4137803681818988,0.45899416808290855,0.7931098159090506
711,Healthy,0,0.1091749014125929,0.0168100888323452,0.0198767639489637,0.1023889887664053,0.5484887816793083,0.5911257681460357,0.5337171928072791,0.6502806716525504,0.7331414035963606
712,Healthy,0,0.1168985722793473,0.0211086800942818,0.0191556833063562,0.0965356032053629,0.6605453799036508,0.6348379234274475,0.6118136469273066,0.6623034070734722,0.6940931765363468
713,Healthy,0,0.1126388998495207,0.0146047787533866,0.0154428382714589,0.0849591783351368,0.5151424010523611,0.5279716270881835,0.45911211979226463,0.6152401632317179,0.7704439401038676
714,Healthy,0,0.144096627831459,0.0155754262167546,0.0148936976782149,0.0953546952870157,0.4604671395559417,0.4515274664383154,0.3901854036912819,0.5403687900616193,0.8049072981543591
715,Healthy,0,0.1325094285938474,0.0218008282697863,0.0178135483422213,0.0818408379952112,0.6761206663744088,0.6239353023742682,0.5651167644430019,0.7150131167093491,0.717441617778499
716,Healthy,0,0.1181344994240337,0.015183541095919,0.0173486336651775,0.0708792648381657,0.55368702751724,0.5873666636277308,0.45555848365912927,0.7865373179899603,0.7722207581704355
717,Healthy,0,0.1280254936880535,0.0186003980537255,0.0175828601544102,0.1036055766873889,0.5535176553902803,0.5404230371018974,0.5074246528432353,0.5803477827629078,0.7462876735783824
718,Healthy,0,0.1429637240038977,0.0167125009207261,0.0159648947624696,0.1220567598938942,0.4479880371942511,0.43906789970005067,0.41865972040898003,0.4626779704161011,0.79067013979551
719,Healthy,0,0.2165629929966396,0.0294536285930209,0.0284440289768907,0.1114615268177456,0.6089678924042137,0.6000967134081832,0.4788884328660949,0.8132351518232185,0.7605557835669526
720,Healthy,0,0.1865034558706813,0.0197815286616484,0.0164734026831057,0.1317590127388636,0.4422608724758465,0.4090623630820686,0.3835767049452535,0.4445290225140378,0.8082116475273733
721,Healthy,0,0.1397326712807019,0.0251834369781944,0.0261707666019598,0.1236653228600819,0.6420970488103244,0.65263027806637,0.6108181242952875,0.698650550636259,0.6945909378523563
722,Healthy,0,0.0836864941649966,0.0191889378345674,0.0142483612936404,0.0720171762837304,0.7909639311267376,0.7071402711532971,0.7461038058007368,0.6606745494797929,0.6269480970996315
723,Healthy,0,0.1558627270989948,0.0289357635709974,0.0264831452320019,0.1224087576071421,0.6886536396971533,0.6643153040182677,0.626320344199565,0.7114730815311852,0.6868398279002176
724,Unhealthy,1,0.0874669990605778,0.0211992262759142,0.0254593684027592,0.100007403228018,0.7377722364175805,0.7971297558745396,0.7803427867405691,0.8116688768459226,0.6098286066297155
725,Healthy,0,0.1987670080529319,0.0175204178732302,0.0139656942337751,0.149046569234795,0.36610089426689096,0.33204469170274614,0.32402101598289784,0.34269064024051865,0.8379894920085511
726,Unhealthy,1,0.1061818268564012,0.0103229251172807,0.0103725079033109,0.0872789588239457,0.3857115431539751,0.3865483458034348,0.3544207405243906,0.4248787345829272,0.8227896297378048
727,Healthy,0,0.1212458751267857,0.019004461252027,0.0191605693350235,0.0709341151846779,0.6604822454592475,0.6627454839384669,0.5420154202182138,0.8506858950522691,0.728992289890893
728,Healthy,0,0.1015802770853042,0.0157204404887225,0.0131418977139724,0.0562446042895317,0.6644811103008477,0.618410585748928,0.536073122615011,0.7576054324403739,0.7319634386924946
729,Healthy,0,0.1186731689506107,0.013285884892361,0.0118995571715964,0.088911832206779,0.4539141819869233,0.4327945028657775,0.40272749782431466,0.47215130135480193,0.7986362510878428
730,Healthy,0,0.1290739476680755,0.021588266102804,0.0189164001494646,0.0676487882932027,0.7199110282499436,0.6829677494981327,0.5731567474678021,0.8740880942917628,0.713421626266099
731,Healthy,0,0.0744790252712037,0.0183034625111354,0.0180750466469261,0.076440565701988,0.780837308856238,0.7769114397330986,0.7890912584311806,0.7649549613115856,0.6054543707844097
732,Healthy,0,0.0989659329255421,0.0136677648665176,0.0127740483731031,0.0885060603419939,0.5090236943510122,0.4944386465066445,0.4853881257365993,0.5045037385983365,0.7573059371317002
733,Healthy,0,0.1082878973748948,0.013662118361228,0.0178896521942483,0.0704567130241129,0.5303904419157585,0.6001391067648526,0.4481219056433839,0.8099779611772985,0.7759390471783082
734,Unhealthy,1,0.0810832116338941,0.0153029260949956,0.0157528155379825,0.0560090587370925,0.7300225362716845,0.7387715444948787,0.6350675089000426,0.8780604295589818,0.6824662455499786
735,Unhealthy,1,0.1341753519243664,0.0173871234680215,0.0151530320031775,0.0756774747537242,0.5686083134182395,0.5369818083455494,0.45887673510232885,0.6673102482509757,0.7705616324488357
736,Healthy,0,0.1904057181543774,0.0160533113198147,0.0187465041461918,0.0944084632727834,0.4052321239581737,0.43552304722923035,0.31102173367179187,0.6626842664990474,0.8444891331641041
737,Healthy,0,0.0817419787247975,0.0156598039385345,0.0144845938516987,0.0743468631472852,0.6684780311451408,0.6474547260175894,0.6431013277308243,0.6522281336380369,0.6784493361345878
738,Healthy,0,0.1239494565460417,0.0165822205858098,0.0156336804437968,0.0674827976359261,0.59064878259955,0.5761889875484086,0.4719852754692968,0.7523745377565891,0.7640073622653516
739,Unhealthy,1,0.1081802580091688,0.0197476599779393,0.0172156326265798,0.093127435280217,0.6560602282107084,0.6205252807570583,0.6174620923613987,0.6240766349226863,0.6912689538193005
740,Healthy,0,0.1374459076258871,0.0200205991665522,0.0194769348535272,0.0804765514201588,0.6208812317194368,0.6137446209927196,0.5085678110061049,0.7794399407018882,0.7457160944969476
741,Healthy,0,0.0738989127178986,0.0213314599047104,0.0173382081298364,0.0518555661870373,1.0132663284220174,0.9407296617760019,0.8959939698753638,1.0022987357467086,0.5520030150623181
742,Healthy,0,0.1089070331719186,0.0221630239652262,0.0204076154364479,0.0856075775292184,0.7423534700400424,0.7182334520298248,0.6763718411150452,0.7699883333913108,0.6618140794424773
743,Healthy,0,0.0887153632938861,0.0183004996635847,0.0172684364434745,0.08386832392878,0.6998791341917793,0.6835164609137024,0.6840294198574095,0.6829736835514403,0.6579852900712952
744,Healthy,0,0.1329940184950828,0.0155935972515079,0.0157215149245328,0.0698483611146609,0.5330470667436119,0.5349410251573565,0.41978188217521595,0.7349088558843698,0.7901090589123919
745,Healthy,0,0.1031221424539883,0.0171498208203249,0.0223867766973045,0.1039944183495309,0.5683072021412,0.6411691265051918,0.570368034359264,0.7085477135742615,0.7148159828203681
746,Healthy,0,0.1027335872252782,0.0136186650229824,0.0167602835636999,0.0861003051201502,0.504228739848139,0.5543279026449099,0.4681874139891775,0.6517669703491166,0.7659062930054112
747,Healthy,0,0.1280325618055131,0.0171928193627132,0.015761372529798,0.1020843088626861,0.5200047259174334,0.501069050647198,0.47354861042636537,0.5349834578088568,0.7632256947868173
748,Healthy,0,0.1103582324253188,0.0198556795302364,0.0162544802038206,0.0851225008567174,0.6753859564741039,0.6236887688247346,0.6099403429954111,0.6413479680999425,0.6950298285022944
749,Healthy,0,0.1309347425897916,0.017519992776215,0.0168712392656339,0.1054423285855187,0.5164006415054272,0.5080540319265766,0.4720628879374031,0.5517372949553745,0.7639685560312985
750,Healthy,0,0.0968443312578731,0.0222597810336285,0.022493586047656,0.0783997939692603,0.8103169839450248,0.8137068584135324,0.747573886589197,0.8917764889583284,0.6262130567054016
751,Healthy,0,0.0957416221499443,0.0177172836330201,0.0172593289365371,0.0914617859654956,0.6366311444455901,0.6296986103740879,0.6246238146139537,0.6349945528829161,0.6876880926930232
752,Healthy,0,0.169299175341924,0.021752037314905,0.0194982967029015,0.1035719397995207,0.5500314314945401,0.5252787942779887,0.45541793768096217,0.6337290723421254,0.772291031159519
753,Healthy,0,0.1053461962276035,0.0111293997615575,0.0105156175171335,0.0928876449664433,0.40380122349149244,0.39376259143849807,0.38220537674151694,0.406780879618906,0.8088973116292416
754,Healthy,0,0.1052664617697397,0.0186267363735371,0.015187617805269,0.0842569462127155,0.6570947201889666,0.605618214341924,0.6013804358168601,0.610897858731517,0.69930978209157
755,Healthy,0,0.1798660291565789,0.0212049544271495,0.0252375461988978,0.0998979815178447,0.5265467659993882,0.5694858810867673,0.42184016906287225,0.8067268076265489,0.7890799154685638
756,Healthy,0,0.1035324492388301,0.0228347676909632,0.021707290990485,0.0928135671549373,0.7548198460279791,0.7396307794404561,0.7228066976785495,0.7581951914094244,0.6385966511607252
757,Unhealthy,1,0.1107731088995933,0.0188204082142975,0.019913090703388,0.0815174124307102,0.6548183783119537,0.6706402022803976,0.5809058549667278,0.7852900296496215,0.7095470725166361
758,Healthy,0,0.0857462137937545,0.016541114801334,0.0168071140845616,0.0538099230163627,0.7665093290692307,0.7714837910923753,0.6468490292404899,0.9520146850987955,0.6765754853797551
759,Healthy,0,0.1524254050519731,0.0221722662034961,0.017919415815009,0.0883763424224323,0.622060121919692,0.5709166225907321,0.5079624726736225,0.6743228934867175,0.7460187636631888
760,Healthy,0,0.0938061715828047,0.018333687653972,0.016214694103433,0.0612367101841502,0.765058184520998,0.7289024001460068,0.6539579335572911,0.8374125299640304,0.6730210332213544
761,Healthy,0,0.1159421892629729,0.0163336867052647,0.0172311504267983,0.1063778433534834,0.5124546960107068,0.5246865461807123,0.4939279089465047,0.5576018346181875,0.7530360455267477
762,Healthy,0,0.1231314291556676,0.0090092478009561,0.0109468389612933,0.07301308049096,0.3365379670686154,0.3693851307007247,0.27271686534233397,0.5215268920079704,0.8636415673288329
763,Healthy,0,0.0860191037257512,0.0189149540124668,0.0179038972904284,0.0749044910901122,0.7613432213113875,0.7447839758345626,0.7210224943232245,0.7716499597867109,0.6394887528383877
764,Healthy,0,0.0978276290827327,0.0117152089046107,0.0131055796518921,0.0556767785714732,0.5296960108978547,0.5567533715689758,0.4277854808167113,0.762147736158319,0.7861072595916444
765,Healthy,0,0.1470453126562966,0.0204727023632989,0.0167621914297342,0.0928175085120731,0.5832507875593769,0.5374983882233686,0.4888477782142797,0.611872141961908,0.7555761108928601
766,Healthy,0,0.1084216493699285,0.014885755152338,0.0134325605920619,0.1124352821045451,0.47514974906016855,0.4545927584777363,0.4828827663678534,0.42687823368641875,0.7585586168160733
767,Healthy,0,0.2134239077568054,0.019824001731144,0.0210473703013526,0.1137048767672644,0.43239381292321805,0.44425385483458774,0.3399644914231173,0.6247723732765688,0.8300177542884415
768,Healthy,0,0.0946892624100049,0.0160897120626436,0.0184602490108874,0.0688224000235398,0.6577596290388604,0.697761847282782,0.5809662759286935,0.8459985674177263,0.7095168620356532
769,Healthy,0,0.1271056772934066,0.0223445176250404,0.026776997372508,0.1016125927368799,0.6538089419996169,0.7071919522630964,0.5980458610236944,0.8342420082405124,0.7009770694881529
770,Healthy,0,0.0992021047406726,0.0229419453276528,0.0176146620263655,0.0756679019994205,0.8314034985868743,0.7530472968637145,0.7513078308708265,0.7553249510378509,0.6243460845645867
771,Healthy,0,0.0954691345492998,0.0134460492473509,0.0191035659776793,0.0889956657257345,0.508941958388584,0.5999530519671036,0.4938172540737845,0.7068899816084819,0.7530913729631077
772,Healthy,0,0.1612618838747342,0.0175302716799908,0.015686890317334,0.1011245730850431,0.4714862590282117,0.4494824808236907,0.3921933068170903,0.5371695503307863,0.8039033465914548
773,Healthy,0,0.1715162379874123,0.0230387745218144,0.019461615011096,0.0991140363944901,0.5819565623008767,0.5429093273914896,0.4736711580889604,0.6565130287845643,0.7631644209555197
774,Healthy,0,0.1615397077467706,0.0229658875614404,0.0258012536085314,0.0954028111365106,0.6066117334070791,0.6380843989225179,0.4978903219292961,0.851497964620426,0.7510548390353521
775,Healthy,0,0.0779689691132969,0.0187340156278676,0.0141983763832185,0.0576391774747106,0.8659315619868203,0.7815898129867068,0.7749095098982156,0.7905823971288437,0.6125452450508923
776,Unhealthy,1,0.0854129758146074,0.0184482201519939,0.0152505666224492,0.050017493052615,0.8564289925801537,0.7969948580827622,0.710495194294751,0.9346419488107265,0.6447524028526244
777,Healthy,0,0.1160050100750393,0.0149920269226034,0.0158190823470552,0.0708432934350437,0.5531287712022896,0.5662260846184972,0.45778216870273736,0.7301476427016121,0.7711089156486313
778,Healthy,0,0.1010180678632524,0.0166301079508331,0.0185528095397684,0.0706619653436872,0.6491690343177113,0.6803135577823837,0.5654183020096449,0.831826771473877,0.7172908489951776
779,Healthy,0,0.188889988594585,0.0232219338003132,0.017646265319652,0.1067471553881963,0.543074488532986,0.48579554479747744,0.4379185014801741,0.5674340401361324,0.781040749259913
780,Healthy,0,0.0948002686103185,0.0193328527319762,0.0182346204916636,0.0846106505228413,0.7092132049528139,0.692556946626534,0.6775545084409064,0.7092059872774067,0.6612227457795469
781,Healthy,0,0.1046132884091801,0.0194791567822297,0.0186407193541526,0.0765449475083086,0.7079579187689273,0.6953703820109,0.6278917867138015,0.7833414407271028,0.6860541066430993
782,Healthy,0,0.105604109664758,0.0166868004533979,0.0220999783939785,0.0988438046640819,0.5613218110014804,0.6378494505185826,0.545806730435658,0.7309173844303898,0.7270966347821709
783,Healthy,0,0.0988989476528432,0.024291892018583,0.0199464861717489,0.0681179323130183,0.9013661300502075,0.8376289153971992,0.7887564394682,0.9059952482488309,0.6056217802659002
784,Healthy,0,0.1604783452219433,0.0202759612972537,0.0169208739987678,0.0985055425100856,0.5415302103651658,0.5023532242846026,0.4486966133800036,0.5863778677550798,0.7756516933099982
785,Healthy,0,0.2200863543483946,0.0269029672361082,0.0242071875060598,0.1041978084378772,0.5692392883321775,0.544602327266671,0.4356944189087762,0.7540886498412855,0.782152790545612
786,Healthy,0,0.1325987006227175,0.017618456027574,0.0192183056432339,0.0732892958654297,0.584542049480069,0.6070540467352625,0.46914630580021194,0.8309935758710186,0.765426847099894
787,Healthy,0,0.1264750262101491,0.0172501070838835,0.0201357232613696,0.0833852398726675,0.5647429425967435,0.6048359247787696,0.4800860277817454,0.7780346183718645,0.7599569861091273
788,Healthy,0,0.1019705086946487,0.016196484470533,0.0175109419764743,0.1061400233043564,0.5387525556085391,0.5575669675423668,0.5482574799171702,0.5664635754910351,0.7258712600414149
789,Healthy,0,0.1837705241309272,0.0203111343499686,0.0165822390053007,0.1054582910405265,0.49261343298512056,0.4525098218178576,0.3980981828775159,0.543499409551038,0.8009509085612422
790,Healthy,0,0.1270108098785082,0.0206025761241714,0.0186834408798151,0.1179677115546332,0.5759259669606894,0.5528092560539424,0.5582847648734892,0.5468944987866843,0.7208576175632553
791,Healthy,0,0.0784115613334708,0.0179166158454285,0.0167226106342342,0.080176190369659,0.7372297180133546,0.7170681196886292,0.7439823474352273,0.6903123861589295,0.6280088262823863
792,Healthy,0,0.1429641735222604,0.016520677651796,0.0168302841484546,0.1079315319657325,0.46547435845784113,0.46932422629153553,0.41435101905110444,0.5395972797654961,0.7928244904744479
793,Healthy,0,0.1506068184971809,0.0244644155932797,0.0179806908385621,0.083142417586512,0.6923611960284326,0.6147136258513977,0.558959116736191,0.7112396412095922,0.7205204416319045
794,Healthy,0,0.1817168527179294,0.0233877781364652,0.0170158511027693,0.1210391140646404,0.5352942803445304,0.47096021451974507,0.4561140923837721,0.49301670771885253,0.771942953808114
795,Healthy,0,0.0913080829713079,0.0100270620443754,0.011980687164598,0.072726857331064,0.43574829727295566,0.4731763288690002,0.395798004446475,0.5657435703480485,0.8021009977767626
796,Healthy,0,0.1219774625367588,0.015738023031089,0.0160717531624767,0.0646853914691342,0.577174379303385,0.582402952068172,0.4571170182117364,0.7960535621109965,0.7714414908941318
797,Healthy,0,0.1353600463933414,0.0168101589919792,0.0145273623574111,0.100298893948396,0.4994119219281911,0.46948219689357257,0.4418778025412542,0.5060641293998682,0.7790610987293728
798,Healthy,0,0.0756514229708247,0.0200617406517267,0.015535626353489,0.0497759605447451,0.9694538617437141,0.8842706947866552,0.8384109308450386,0.9514774998620683,0.5807945345774808
799,Healthy,0,0.1156744675503836,0.0231279755632082,0.0209325059420532,0.0940481647849083,0.7228097054195286,0.6944588367363748,0.6665005325383488,0.7282095611273833,0.6667497337308257
800,Healthy,0,0.0775199838810496,0.0197981538044081,0.015033117081556,0.0505012704266442,0.9449202614828404,0.8555291566905484,0.8137498014356908,0.9175712265365985,0.5931250992821547
801,Healthy,0,0.115546918577618,0.0234522112748689,0.019064160891705,0.087607758740584,0.7502933918343108,0.6922487978252174,0.6748880025294434,0.7148708285150007,0.6625559987352784
802,Healthy,0,0.1295424633555942,0.0227254560838143,0.0271005711207787,0.1344116371538904,0.5875911547051755,0.6351712272868398,0.5969860537263694,0.6711708399080576,0.7015069731368154
803,Healthy,0,0.2013693956865204,0.022146075963974,0.0233192555606365,0.1031298314531644,0.5079500765913079,0.5196564097591753,0.39632291761177535,0.7376646557548143,0.8018385411941124
804,Healthy,0,0.1339564969142278,0.0251254720820321,0.0260107438597414,0.1120652125941382,0.6784418817083736,0.6883372316496228,0.6317616569762927,0.7535198604524477,0.6841191715118535
805,Healthy,0,0.1319191497233179,0.0235916041872567,0.0227089892658922,0.120390612218115,0.630174502256104,0.6202141702951672,0.6068160199602116,0.6347743538176143,0.6965919900198941
806,Healthy,0,0.0834374684426519,0.0183792454707953,0.0166454224122895,0.0601654913690355,0.8152183471150645,0.7843057277328405,0.7220521961225034,0.8668259023543342,0.6389739019387481
807,Healthy,0,0.1093161056439081,0.0171340846767028,0.0171128118203745,0.1019862699839803,0.558180450444754,0.5578822726812769,0.5420026536380786,0.5747420235694471,0.7289986731809608
808,Healthy,0,0.1365932482812139,0.0179900952304403,0.0162475219824247,0.094542550543944,0.5387950089704524,0.5160670232011395,0.4655118674951938,0.5866056989377886,0.7672440662524032
809,Healthy,0,0.1044126401344935,0.0157232949924137,0.0184670889543162,0.0740728229284286,0.5991765340888617,0.6430515627884762,0.5235167970617346,0.7982323984797143,0.7382416014691325
810,Healthy,0,0.1268116939398977,0.0209770457198222,0.0233907478137148,0.0969109742177857,0.6316561750185752,0.6619824256879183,0.567757618560693,0.7777360928412989,0.7161211907196535
811,Healthy,0,0.2161229170031017,0.0153910235191384,0.0164884996290008,0.1295465620027648,0.32707581092039184,0.3377524291285003,0.2659195983519598,0.4516312574463067,0.8670402008240201
812,Healthy,0,0.1827319959799448,0.0196607421255773,0.0226298111180464,0.0997499012284808,0.48876409033127,0.520863800913651,0.3885661572566249,0.739658908625914,0.8057169213716875
813,Healthy,0,0.1686483124891916,0.0207692738622427,0.0242286442468563,0.0939221357305844,0.5463639455387738,0.5852086629869325,0.43859230311822484,0.8202618468192062,0.7807038484408876
814,Healthy,0,0.1120306129256884,0.0214892302950223,0.0180235636524028,0.0846132611234982,0.7174366388634313,0.6692640827400566,0.643776378901231,0.7024209368033649,0.6781118105493846
815,Healthy,0,0.1270058312349849,0.0166417305461234,0.0164781448741753,0.1014527968234486,0.5086451506557067,0.5064617310648623,0.46340446965559356,0.5589082775723246,0.7682977651722033
816,Healthy,0,0.1225688507159551,0.0227425653073522,0.0201662589485446,0.1015973430540826,0.6747251209462722,0.6426482652410433,0.6260365752324482,0.6624724832995491,0.6869817123837758
817,Unhealthy,1,0.120363766948382,0.021479743015435,0.0212066988978121,0.076887940780984,0.7153619339446688,0.7116240910722763,0.605730724540426,0.8647444536114072,0.697134637729787
818,Healthy,0,0.0909936676422755,0.0164852893600861,0.0189542108111911,0.0786155437429746,0.6510141747706294,0.6913381684236007,0.6135262127533997,0.7770527208067823,0.6932368936233001
819,Healthy,0,0.1035736832353803,0.020546278088457,0.0172025229160984,0.0782274173365698,0.7374378755553961,0.6877489032515235,0.6621425875198392,0.7210534920404049,0.6689287062400805
820,Healthy,0,0.0943670297662417,0.024908165136973,0.0259621300631099,0.0859309517674976,0.8659405820108969,0.8802296910082917,0.8353175245593893,0.9281049243924983,0.5823412377203053
821,Unhealthy,1,0.1606168523430824,0.0203431629472308,0.0163180130637354,0.1072688880893919,0.5274142456090491,0.48151761231540563,0.4496719988577448,0.528147009480138,0.7751640005711277
822,Healthy,0,0.0882710359162754,0.0157940500519341,0.0171163936869965,0.0575827095243665,0.7120778079586539,0.7363990268961832,0.6070835345010515,0.916551495327339,0.6964582327494743
823,Healthy,0,0.1330605372786522,0.0173323101674517,0.0171184861618611,0.0961149616373909,0.5255397917999393,0.52272170038652,0.4609876190731227,0.6047148256833059,0.7695061904634386
824,Healthy,0,0.1617994937631819,0.0157727828870217,0.0223384276032447,0.0883922601739565,0.44787202215711863,0.5287661272017601,0.3552983198631219,0.8069462242731252,0.8223508400684392
825,Healthy,0,0.1464440565970209,0.0170796847798758,0.0161158273824387,0.1035024863150384,0.48093852412368787,0.4689591188224573,0.4177909491566682,0.538908362249504,0.7911045254216661
826,Healthy,0,0.1005339448650678,0.0161651336691445,0.016671115739478,0.1063469706310166,0.5406146477804767,0.5479165319125255,0.5540792222932734,0.5420703973322901,0.7229603888533632
827,Healthy,0,0.1762537707885106,0.0161990324656168,0.0218540941261582,0.0885299502147568,0.43607066737763195,0.5026221464656132,0.3366858199353226,0.7919294588867587,0.8316570900323388
828,Healthy,0,0.1075957715511322,0.0166323274994889,0.0177170532859034,0.0949033664332495,0.5643725794880754,0.580107166619543,0.5355415602942286,0.6292661075171019,0.7322292198528858
829,Healthy,0,0.1745232625140084,0.0204333091775576,0.0205400401933325,0.1147551279928949,0.49513537697848503,0.49626808187053806,0.4192381718711063,0.6072660382094387,0.790380914064447
830,Healthy,0,0.1637438254223929,0.0189641642694671,0.0159477317291829,0.1065173298120498,0.49227284558254814,0.4576012968063044,0.4151797477811555,0.5208908248109104,0.7924101261094223
831,Healthy,0,0.2061989713046285,0.0181352826249268,0.0205135045366154,0.0887369381056891,0.4380417416304243,0.46343597363695727,0.3233618104638016,0.7510634846131803,0.8383190947680992
832,Healthy,0,0.1166259729199939,0.0198152832066019,0.0183750412737329,0.1084432394968138,0.5988757011943602,0.5802688089549599,0.5809176423358772,0.5795707420755531,0.7095411788320612
833,Healthy,0,0.1237288556165165,0.0186374361316363,0.0199881698936224,0.077820550236437,0.6243062482137168,0.6432910022270751,0.5236474421798127,0.8174391758544018,0.7381762789100937
834,Unhealthy,1,0.1288516827755504,0.0204094364825222,0.0187518925716479,0.0691417869594362,0.6836978776480819,0.660519276929945,0.5469458244443222,0.8533898078537575,0.726527087777839
835,Healthy,0,0.1225679020086924,0.0192949529737234,0.0156003180891275,0.0921190306544303,0.6094502151739413,0.559258962248187,0.5440452464068921,0.579294927832006,0.7279773767965539
836,Healthy,0,0.1714281506008572,0.0163931970794995,0.0153785179265671,0.1086328973372777,0.41919977276105547,0.40754813196779766,0.3491231914148166,0.4960355591087482,0.8254384042925917
837,Healthy,0,0.1323323316044277,0.0104428777057263,0.0121385452544523,0.0836234183775054,0.35273809591375577,0.3786650555409855,0.29256837391261636,0.5070299226989293,0.8537158130436918
838,Unhealthy,1,0.0974775784545474,0.0136007007418407,0.0154956058702535,0.0839328418175379,0.5215697030924273,0.5528812697392411,0.48976994747260905,0.623387218873625,0.7551150262636953
839,Healthy,0,0.1078384377890163,0.0197502515382236,0.0198319957902034,0.0910235891739527,0.6628643028736992,0.6640083507319561,0.6191850278379485,0.715597533371579,0.6904074860810258
840,Healthy,0,0.1797428859604729,0.0217766672786739,0.0246702153235673,0.129254420598348,0.4941512449894718,0.5226911455423431,0.4322492170837864,0.6410985525691234,0.7838753914581069
841,Healthy,0,0.1414957402480973,0.0157084703031513,0.0152599248621198,0.1203521415591239,0.42851290990506224,0.42304199049946023,0.3996959177637379,0.4501052233720502,0.8001520411181309
842,Healthy,0,0.1112921668423546,0.0188952433980173,0.0165401867901285,0.0860258299443456,0.6429455240433484,0.6089780184757555,0.5805551662216804,0.6450552460450216,0.7097224168891599
843,Healthy,0,0.1082183975312444,0.022369980191191,0.0173731697723269,0.0791197684076097,0.7711189519076724,0.7000690445286037,0.6852058531192791,0.7201840922256935,0.6573970734403605
844,Healthy,0,0.160158714486493,0.0222567615823613,0.0211807196545932,0.1334188977877299,0.5266452562493893,0.5155553216848889,0.48804546767644413,0.5480148012007895,0.7559772661617778
845,Healthy,0,0.1518744412395689,0.0183639909244245,0.0222490888295902,0.0763319039510356,0.5545220547185573,0.6043176345962588,0.4314887229866914,0.9027739811507692,0.7842556385066543
846,Healthy,0,0.1404785828457938,0.0253533905165063,0.0217762686726119,0.1203790083527565,0.6509958846684304,0.6120988336990617,0.6115440829041014,0.6127459811070062,0.6942279585479492
847,Healthy,0,0.1998624470498826,0.0194515698692864,0.0218874506859315,0.0994542506006029,0.46009293882809194,0.48540527395762695,0.35477112028741015,0.7215145478880939,0.822614439856295
848,Healthy,0,0.1082336530089378,0.0220421769966681,0.0205350096027056,0.0707308828002876,0.7905774206248466,0.7687434427515505,0.6767848493682859,0.9000080561106583,0.6616075753158571
849,Healthy,0,0.1336880293157365,0.0187528276195128,0.0174911974204911,0.1078498719467057,0.5376315541452513,0.5219061660698799,0.4920682813395162,0.5581952510473394,0.7539658593302418
850,Healthy,0,0.1281230648358663,0.0239765476435422,0.0241009827910198,0.0964974678224987,0.7037085083914475,0.7052126427194855,0.6305485530882121,0.7993795166823876,0.6847257234558939
851,Healthy,0,0.1890048599905437,0.0259646243519253,0.0224599241175585,0.103317331108782,0.6033874395243295,0.5684520829841141,0.483131351063036,0.7142761726558937,0.7584343244684821
852,Healthy,0,0.1339938508139716,0.0174742236526476,0.015768070705235,0.0759568727678722,0.5708218150138381,0.5467639595824492,0.4614628848800372,0.6876241121852763,0.7692685575599815
853,Healthy,0,0.1364842338694466,0.0176710221502516,0.0164206013497379,0.0736456670694881,0.5759036009761509,0.5583721349428437,0.4585253232752199,0.7292675332481156,0.7707373383623901
854,Unhealthy,1,0.0884780229793654,0.0173854238043228,0.0154490135610103,0.0753294862806797,0.7003955145351053,0.6679030172109892,0.6568999718985763,0.6807344729402697,0.6715500140507119
855,Healthy,0,0.1850594199366039,0.0260166626216636,0.0245838392939832,0.1070067882537841,0.6048636535376241,0.5906672626586806,0.4930290974958132,0.7472823787563224,0.7534854512520933
856,Healthy,0,0.1129531636834144,0.0215132615218559,0.018698523648911,0.0895918044779035,0.7008390563998913,0.6625856478770458,0.639959350120738,0.6906812075410428,0.680020324939631
857,Healthy,0,0.1097133018904262,0.0172692368634872,0.0184778160312109,0.0657505219181378,0.6578684925316972,0.676992652133544,0.5439877650250551,0.8775106564407178,0.7280061174874723
858,Healthy,0,0.0979404888219303,0.0220695531202687,0.0200277052612768,0.0627957007123364,0.8617750827128412,0.8301837554724867,0.7355902143888313,0.9672485706592385,0.6322048928055842
859,Healthy,0,0.0929002397590213,0.0165571193728182,0.0186889537920554,0.0774739190108246,0.6509312403055691,0.6856537964817306,0.6050618982274343,0.7773874988267065,0.6974690508862829
860,Unhealthy,1,0.1378325124581655,0.0165786922184957,0.0173858863612016,0.1065859438644515,0.4778136936738237,0.48802655796342764,0.42946863223330634,0.5609624808976642,0.7852656838833468
861,Healthy,0,0.1183471762471728,0.0184322569726241,0.0204148451901144,0.0832997055517302,0.6182432303535282,0.6461218118276848,0.5390359219577842,0.7873473893139217,0.7304820390211078
862,Healthy,0,0.1788613340920872,0.0250463057309389,0.0242838288346926,0.1006822122467888,0.6078533592441144,0.5999888398482711,0.49132648002158014,0.7772936911351415,0.7543367599892098
863,Healthy,0,0.1715000942349434,0.0236936116384135,0.0189316581106848,0.1375567962725957,0.53177731312454,0.48481583163607533,0.4855404846667769,0.4839119457162327,0.7572297576666116
864,Healthy,0,0.1382542153199513,0.0265053494109047,0.0248019922938611,0.1107092251380284,0.7021885906950889,0.6834809745419378,0.6434916104373709,0.7321015267633337,0.6782541947813144
865,Healthy,0,0.1149801744355095,0.0207368009206321,0.020492634942962,0.0655704972644646,0.7471904072427648,0.7436092680544243,0.6111778092966084,0.9524466245811881,0.6944110953516958
866,Healthy,0,0.121560212638643,0.0204224697210722,0.0166774995418058,0.0813840784960323,0.6701680684664022,0.618218810171662,0.5753510042677339,0.6802868106148816,0.712324497866133
867,Healthy,0,0.1207950810591379,0.0181852206587791,0.0189432600099179,0.0680349129769537,0.6460101422174048,0.6572620162568331,0.5233898742194112,0.8711730476462032,0.7383050628902944
868,Healthy,0,0.07386866874165,0.0178907522931695,0.0181425685683886,0.0855009452336364,0.7334112117843651,0.7376208733332449,0.7798982204292934,0.7001911804358039,0.6100508897853534
869,Healthy,0,0.1185987666249275,0.0214571956959035,0.0200052052322361,0.07258317205641,0.7332774739082529,0.712889056277741,0.6128177719917632,0.8642642119051066,0.6935911140041183
870,Healthy,0,0.1340219419863489,0.0177107595114244,0.0146846689490808,0.0944777503609657,0.5368499006041353,0.4966812466281158,0.46689367121521413,0.5380851410913841,0.766553164392393
871,Healthy,0,0.1296561360359192,0.0238920032150215,0.0213813367817136,0.0839473431309064,0.7312363301698243,0.6995348620709217,0.6223977270340025,0.8119853699657651,0.6888011364829988
872,Healthy,0,0.1246164151363902,0.0167167748635013,0.015802399876217,0.1079744059178564,0.5027140878682108,0.49065180876832987,0.47311674953389593,0.5106740240980961,0.763441625233052
873,Unhealthy,1,0.1835869790779219,0.012640790703396,0.0169256988188458,0.0904775468839539,0.3378240876959965,0.38950552498861396,0.25767587773093026,0.6303607943350857,0.871162061134535
874,Healthy,0,0.2247035933865441,0.0280980173912313,0.0284598304165734,0.1221572309732437,0.5576983346920728,0.5607856225783107,0.4445860499825816,0.7558195639713233,0.7777069750087092
875,Healthy,0,0.2409968343045976,0.0222505851545267,0.0233917971038156,0.09490966796875,0.46793136433822996,0.47849577455180775,0.3380938768591676,0.7909216370048224,0.8309530615704163
876,Healthy,0,0.1077648020452923,0.0213528273420201,0.0164955054513282,0.0815034583210945,0.7363871868913667,0.6665885969279031,0.6614999808575578,0.6732930560218884,0.669250009571221
877,Unhealthy,1,0.0971375521686342,0.016618728534215,0.0167241916060447,0.0876770300997628,0.609716050710038,0.6113550030986534,0.5843625839922089,0.640766126403074,0.7078187080038956
878,Healthy,0,0.1345509530769454,0.0163553387133611,0.0156832546409633,0.1027708268827862,0.4845443802321689,0.47577292769741697,0.4335230431899511,0.5295977796364536,0.7832384784050245
879,Healthy,0,0.1342394153277079,0.0181201990279886,0.0218232772830459,0.0693172675867875,0.6045177515807987,0.6561552392914675,0.4757218401901557,0.9577856842622053,0.762139079904922
880,Healthy,0,0.1290807856453789,0.0227377925895982,0.0167079123978813,0.1001220635241932,0.6622374310093018,0.5873205625282404,0.5990780009652257,0.5720419700856726,0.7004609995173872
881,Healthy,0,0.2188705934418572,0.0214597754594352,0.0203682197671797,0.1029490770565138,0.4706875312405497,0.4600936474400246,0.3571712648308559,0.660676816369081,0.8214143675845721
882,Healthy,0,0.0794096452494462,0.0161577061646514,0.0170812886208295,0.0545444368488258,0.7774225197606299,0.7952241900205359,0.6762856111660702,0.9539191964242566,0.6618571944169649
883,Healthy,0,0.0725009139213297,0.0175505793756908,0.0167144134433733,0.0518965725269582,0.8802873204957941,0.8638461462921263,0.779579715254827,0.9744453140843005,0.6102101423725864
884,Healthy,0,0.1101877374781502,0.0200995362053314,0.0147558110248711,0.0821995155678855,0.6913402553951404,0.6135354407638711,0.6170836379356892,0.6087674207668952,0.6914581810321555
885,Healthy,0,0.1020305645134714,0.0192910267247094,0.0160904765749971,0.062733846820063,0.7589422022281094,0.7071141744669962,0.6360294660770448,0.816523422312331,0.6819852669614778
886,Healthy,0,0.1270653878649076,0.0178374500117368,0.0170831912093692,0.1058858897950914,0.5312200073890047,0.5214528102380979,0.49239753404751946,0.5556906197826922,0.7538012329762402
887,Healthy,0,0.130659798781077,0.0250455478413237,0.0193368668357531,0.0924554914236068,0.7333810374887019,0.6636679697374559,0.6434088073304606,0.691885103305229,0.6782955963347697
888,Healthy,0,0.1301509175035688,0.0234948806464672,0.0211819174389044,0.102355038954152,0.6724934703272281,0.6447269514875377,0.6116634735048025,0.685848771326698,0.6941682632475987
889,Healthy,0,0.1608511995938089,0.0212043676939275,0.0182836475885576,0.1076737940311431,0.5455662275366496,0.5128097079088227,0.465887816776606,0.5806293730150802,0.767056091611697
890,Healthy,0,0.131855679055055,0.0184315345767471,0.0187305682856175,0.0635513725380102,0.6348310154575102,0.6391578960568728,0.4905682694178802,0.9105554924022364,0.7547158652910599
891,Healthy,0,0.1178161261810196,0.016237483980755,0.0173281385666794,0.0658045837448702,0.6011220266687909,0.6181903283726582,0.48450717473881566,0.8337577832103309,0.7577464126305922
892,Healthy,0,0.0765706209672821,0.0190292598886622,0.0168178658932447,0.051215244250165,0.9179332728937251,0.8762811353133164,0.796204334912787,0.9888047662553513,0.6018978325436066
893,Healthy,0,0.0988632523351245,0.0190687557268473,0.0167982293706801,0.0794598576095369,0.70474733385357,0.6698159425245639,0.6467711706164423,0.6980495830602774,0.676614414691779
894,Healthy,0,0.1431624591350555,0.0201475407100386,0.0213100310001108,0.0789338805609279,0.6142743729758442,0.6292082176122802,0.49347965780783365,0.850327193672409,0.7532601710960831
895,Healthy,0,0.2238770474990209,0.0208655252224869,0.0241818216939767,0.0933914548820919,0.4649705005642717,0.4973268158574583,0.34101995399435064,0.8226978918404586,0.8294900230028248
896,Healthy,0,0.1267126724123954,0.0234370155053006,0.0195916041524873,0.0710317480067412,0.766483979219612,0.7148411573661353,0.6243640151459392,0.8647485967221404,0.6878179924270303
897,Healthy,0,0.151708030866252,0.017426644037995,0.0175399533990356,0.1038843360212114,0.47999737617525134,0.4813700725885046,0.4121365189689418,0.5778070757599472,0.7939317405155293
898,Healthy,0,0.1397045147087839,0.0208940502877036,0.0208859640277094,0.0938755911257532,0.607014166525771,0.6069145276761396,0.5204044080508585,0.7279777273767356,0.7397977959745706
899,Healthy,0,0.1040738787915971,0.0230385905338658,0.0229907489071289,0.0953511777851316,0.7507415249625742,0.7501082105316392,0.7249828645804068,0.7770956430991582,0.6375085677097965
900,Healthy,0,0.1200231620007091,0.023053817037079,0.0207668754996524,0.091333626045121,0.7163340658022274,0.6869053246656445,0.6445150629295926,0.7410091913409691,0.6777424685352037
901,Healthy,0,0.1303299367427826,0.0201430103431145,0.0196458540028995,0.0919014124406708,0.6138416015096845,0.6074167150701792,0.5354586517566089,0.704485358691886,0.7322706741216956
902,Healthy,0,0.1422655011216799,0.015217001342939,0.0168338800883955,0.0733983607755767,0.4946650429077096,0.5175449955163843,0.386506465284491,0.7462467928186813,0.8067467673577546
903,Healthy,0,0.1694172355863783,0.0183630597053302,0.0207311784227689,0.0963208725055058,0.4856920729292053,0.5129933041933368,0.3911605246291468,0.7084430647173272,0.8044197376854266
904,Healthy,0,0.1842895390258895,0.0253489474869436,0.0195220669524537,0.1105612032115459,0.5868684117296351,0.5283266503544166,0.48366972894343724,0.6002944706983977,0.7581651355282814
905,Healthy,0,0.0923864965637524,0.0189982660942607,0.0158826228645112,0.068054583751493,0.7659139153934366,0.7143259734359423,0.6822572725711671,0.7568811736693122,0.6588713637144165
906,Healthy,0,0.2470436659124162,0.0301439153651396,0.0295816014210383,0.1227438176671664,0.5607188203956562,0.5562161493162482,0.43499662179967064,0.7768001321935362,0.7825016891001647
907,Healthy,0,0.1277416315343645,0.0223323924260007,0.0231822561472654,0.0817692942089504,0.70289619330486,0.7138836753174502,0.5952367194978053,0.8835412556968452,0.7023816402510974
908,Healthy,0,0.119072922401958,0.0254687956637806,0.0233377156158288,0.1206618514325883,0.7009622851371288,0.6765965745290149,0.7048150805069914,0.6482718273168679,0.6475924597465044
909,Healthy,0,0.1551531958911154,0.025599291962054,0.0209807822894718,0.0763454909125963,0.7244298297227196,0.670027068227237,0.566504887785535,0.8622864761670943,0.7167475561072326
910,Healthy,0,0.1200523161225848,0.019924350703756,0.0206047809786266,0.0796737873719798,0.6653237417649103,0.6747679259106762,0.5693620559910814,0.8219016811881718,0.7153189720044593
911,Healthy,0,0.208822649386194,0.0239217237879832,0.0186538154052363,0.1088594752881262,0.5235578707276494,0.4727232030114286,0.4111244188074283,0.5851567410363222,0.7944377905962859
912,Healthy,0,0.1150293582015567,0.0196562494254774,0.0203958616281549,0.0710054159992271,0.6978118406949411,0.7086144958574058,0.5837668856173166,0.8925854061385551,0.7081165571913417
913,Healthy,0,0.1170940564738379,0.0193155751460128,0.0218064631852838,0.0718730092048645,0.6789359068964592,0.714888929803639,0.5663991586706094,0.9311095645144583,0.7168004206646953
914,Healthy,0,0.1506745053662194,0.0201490646642115,0.0156815083076556,0.0808924262722333,0.5929136930667669,0.5359896387078591,0.4718099419330037,0.6495130751738557,0.764095029033498
915,Healthy,0,0.1219794940617349,0.0182339027523994,0.0149397464055154,0.0863946328560511,0.5957771227169897,0.5493513489856054,0.5201757654176258,0.5897207448995212,0.7399121172911871
916,Healthy,0,0.078399549341864,0.0167947112479143,0.0188199476235442,0.0934531825284163,0.6539928010289544,0.6866555509109885,0.7057026818155745,0.6705058493718523,0.6471486590922126
917,Healthy,0,0.1666224631998274,0.0201996234762999,0.0179232593832744,0.0790113616320822,0.5649591035128364,0.5374023848771691,0.4324889810553876,0.7396019789641498,0.7837555094723063
918,Healthy,0,0.1381202770604027,0.018121901485655,0.0181376968200008,0.0641917631857925,0.6077202299046505,0.6079448257262174,0.4639439018142711,0.8812251079370373,0.7680280490928644
919,Healthy,0,0.0825880910787317,0.0161810595956113,0.0182145471788114,0.0625318839318222,0.7293607693051138,0.7664093875844535,0.6553082408884017,0.9023084700229038,0.6723458795557993
920,Healthy,0,0.1360264072815577,0.0199416247713896,0.0150733058237367,0.0915312775307231,0.5965167544595755,0.533413288979846,0.5114285154183367,0.5655781524371432,0.7442857422908317
921,Healthy,0,0.1325678585304154,0.02399126936992,0.0191659896324078,0.1029617389043172,0.6769733301334903,0.6194373075800162,0.6129637969162092,0.6277358913342731,0.6935181015418955
922,Unhealthy,1,0.1524356661571396,0.0171453829647766,0.019349193924831,0.0817338236504131,0.5109250281446948,0.539333903239406,0.4044174288000858,0.765675358293607,0.797791285599957
923,Healthy,0,0.1296918425295088,0.0215694958137141,0.0195129035661617,0.0715430780417389,0.7061145150773085,0.6781586951879842,0.5703901882653282,0.8571827230499544,0.714804905867336
924,Healthy,0,0.2392433020803663,0.0253705117437574,0.024911576985485,0.0980416205194261,0.5230683566309547,0.5189511724108444,0.3835100122266479,0.8104409642373054,0.808244993886676
925,Healthy,0,0.2119082195891274,0.0295277275145053,0.0288659634275568,0.1140083149075508,0.6136078118490736,0.6077766041785444,0.4892018420410441,0.8081500397112067,0.7553990789794779
926,Healthy,0,0.1049999073147773,0.0191700293992956,0.0176893033915095,0.0636997620264689,0.7407285382966851,0.7172506659110288,0.617541730521731,0.8693700216688828,0.6912291347391345
927,Healthy,0,0.1639509739147292,0.0209548347112205,0.0165479999656478,0.1092603107293446,0.5319820073100544,0.4827953716275244,0.4533083058220313,0.5261337625227795,0.7733458470889844
928,Healthy,0,0.1795517338646782,0.0171599117004209,0.0208374466747045,0.0879835014541943,0.4547854661956719,0.49745734706368044,0.34893534952900496,0.7659351267560165,0.8255323252354976
929,Healthy,0,0.2150128102964825,0.0269654486328363,0.0227150542454587,0.1172481502095858,0.5585917587889542,0.5202944182920458,0.44574994054673045,0.6491721687539574,0.7771250297266349
930,Healthy,0,0.184408414694998,0.0230531274444527,0.0231742776102489,0.0887384141484896,0.5776765486475672,0.5789747593656923,0.44448001700395995,0.8282984618119287,0.77775999149802
931,Healthy,0,0.1583300679922104,0.01834706020438,0.0176597375215755,0.0983343641791078,0.5003313533699495,0.4921125692961857,0.41538053944288805,0.608987431693571,0.7923097302785559
932,Healthy,0,0.1282538258367114,0.0176126853459411,0.0160727938637137,0.1066934888561566,0.5215237897453343,0.5015840206297083,0.48298091736455345,0.5236875633153708,0.7585095413177233
933,Healthy,0,0.1728379916813638,0.0281313096897469,0.0263039531807104,0.1266423331366645,0.6326210573919874,0.6152344204558844,0.5599125736681447,0.68792656073068,0.7200437131659277
934,Unhealthy,1,0.1029650759365823,0.0229914964487155,0.0183893065485689,0.0661169936259587,0.8552387332738319,0.7864722645657446,0.7301404289848448,0.870434820153772,0.6349297855075775
935,Healthy,0,0.1305978529983096,0.0182621665298938,0.018598046257264,0.0662519786920812,0.6260218751957579,0.6308708360320181,0.49072051952630047,0.8767491238036471,0.7546397402368499
936,Healthy,0,0.1198229806290732,0.0183078377611107,0.0163359910042749,0.0773477359778351,0.6264808689463341,0.5977852461284973,0.5301593945355709,0.6974953508155989,0.7349203027322146
937,Healthy,0,0.1787185453706317,0.0255025242351823,0.0210834665016995,0.1012124096353848,0.616494402960962,0.5707022725070316,0.49950819049977724,0.6895887962098264,0.7502459047501114
938,Healthy,0,0.1174410660233762,0.0174156318729122,0.0161760522880487,0.0813603661954402,0.5963422816658495,0.5781872489900313,0.5165670565745485,0.6633851248408102,0.7417164717127257
939,Healthy,0,0.1732579850488239,0.0174662941652867,0.0204295581206679,0.0800549098187022,0.484761640571008,0.5205317856194988,0.36631506460021734,0.813242426003374,0.8168424676998914
940,Healthy,0,0.1178048956725332,0.0242936811927292,0.0210291776392194,0.086547974911001,0.7683611549676184,0.7261075626061724,0.6838543137772428,0.7819198460157167,0.6580728431113786
941,Healthy,0,0.1234539308481746,0.0191404585623078,0.0173827338342865,0.0819936982459492,0.6282549618173913,0.603761927518113,0.5369203835140723,0.6996722852859851,0.7315398082429637
942,Healthy,0,0.1023471798333856,0.0185561040416359,0.0171420135431819,0.0832527122563785,0.6665503680210912,0.6452496818622415,0.6139156339481222,0.6829846252045627,0.6930421830259388
943,Healthy,0,0.0974056993921597,0.01747442709489,0.0173657152594791,0.082560334354639,0.650468741841531,0.6487735685581099,0.6084403849210549,0.6951426710668477,0.6957798075394726
944,Healthy,0,0.1183998551633623,0.0212402360306845,0.017745912902885,0.0838385282291306,0.6943555204617743,0.6464707143612085,0.6084280194623655,0.6987649961010478,0.6957859902688172
945,Healthy,0,0.1050756788916058,0.0201635497311751,0.0174526258682211,0.0645022590955098,0.7684827377629537,0.7262016270301028,0.6440010834594798,0.851816258466826,0.6779994582702601
946,Healthy,0,0.1278861496183607,0.0200667160873611,0.0192983169108629,0.079537458717823,0.6484716749221948,0.6380363826369615,0.5425164559441191,0.7810255664250302,0.7287417720279404
947,Unhealthy,1,0.1664920672774315,0.016983682807121,0.0187788200047281,0.0902020103401607,0.46744921151649704,0.4891324757929629,0.37026545032341945,0.6892522270310937,0.8148672748382901
948,Healthy,0,0.131186472872893,0.0174780351420243,0.0159519558979405,0.103959032230907,0.5176729566845942,0.4978859429837215,0.47026786353796074,0.5321265764501817,0.7648660682310195
949,Healthy,0,0.1978247861067454,0.0304747675028112,0.0275748902931809,0.1133233656485875,0.6551992895863163,0.6289274344995504,0.533943532012855,0.7828312737831837,0.7330282339935725
950,Healthy,0,0.1352876466181543,0.0202656037484606,0.0177133267538415,0.107602527572049,0.5720275196691342,0.5408772964741895,0.521123247523217,0.5653977894218256,0.7394383762383916
951,Healthy,0,0.163109400206142,0.0268838314546479,0.0239429498712221,0.1022782607211007,0.6738745544076706,0.6429406698026258,0.5659955614133824,0.7587615348914548,0.7170022192933088
952,Healthy,0,0.2185653862026002,0.0184950223192572,0.020780717747079,0.103066302008099,0.4125800669650689,0.43529988012535814,0.3120727317493326,0.6711737686755329,0.8439636341253337
953,Healthy,0,0.1682968479063775,0.0251098972641759,0.0181813231772846,0.1166599003805054,0.5993234980770757,0.5275428891051341,0.5193179222789369,0.5393402016852059,0.7403410388605316
954,Healthy,0,0.1080068515406714,0.0201404216802782,0.0171892657462093,0.0823021274473932,0.6987445143985088,0.6559463383695372,0.6286648533067852,0.6910855379323246,0.6856675733466074
955,Healthy,0,0.1338286350170771,0.0229494366794824,0.0211671841227346,0.0835838851829369,0.6972561686539245,0.6747488349964129,0.5855266985015743,0.8082851760096946,0.7072366507492127
956,Healthy,0,0.1221445476015408,0.0176154577897654,0.0173698916203445,0.065337314373917,0.6327596641074114,0.6290428003698084,0.5041630540996294,0.8400666622228627,0.7479184729501852
957,Healthy,0,0.1744791318972905,0.0247015412896871,0.0202847042431434,0.1300048033396403,0.5584051416660699,0.5149079722194488,0.4960630144371273,0.5398834441444958,0.7519684927814364
958,Healthy,0,0.1131534220443831,0.0199081117494238,0.0175562723436289,0.0660420064296987,0.7271982680404425,0.6916720484366512,0.5984633178894075,0.8400303260420863,0.7007683410552963
959,Healthy,0,0.0815625828173425,0.0165554384390513,0.0148221230548289,0.0666072385178671,0.7305990589056797,0.6990369004431178,0.6749193767693303,0.7280972253035024,0.6625403116153349
960,Healthy,0,0.135786246922281,0.0240357029769155,0.0226299278438091,0.0730284738043944,0.7485247502465281,0.7306335776990911,0.6015620005155834,0.9462808265199192,0.6992189997422082
961,Healthy,0,0.1579772697554694,0.0225896033354931,0.0205381557138429,0.1052229760421647,0.5860209726597589,0.5631579009027398,0.5004152300763018,0.6532433487856806,0.7497923849618492
962,Healthy,0,0.1472510256701045,0.017453616278039,0.0150806891421477,0.0912679152356253,0.5106640979409215,0.48011681632570746,0.42387673040895085,0.567217190310382,0.7880616347955247
963,Healthy,0,0.0929013991521464,0.0233332038753562,0.0186930749979284,0.0682784422404236,0.8980947780980566,0.827264037486698,0.8029692799771602,0.8597331904282465,0.5985153600114199
964,Healthy,0,0.0963150188326835,0.0162984010659986,0.0186058701947331,0.0759126705427964,0.6365801646490553,0.6740489715546024,0.5789150557957379,0.7873955754945531,0.7105424721021311
965,Healthy,0,0.1497367231382264,0.0233434381791287,0.0189560764572686,0.0741767469379637,0.6901229355161558,0.6355740262942516,0.5394826998416485,0.8141523371120738,0.7302586500791757
966,Healthy,0,0.1708974904484219,0.0181996941359506,0.0202817113863097,0.1019835430714819,0.47076226889529776,0.49436156320768315,0.3849807531709739,0.6635314824723602,0.807509623414513
967,Healthy,0,0.1499850187036726,0.0166029894931448,0.0163434326855672,0.0725084957149293,0.519453183799767,0.5159165417528288,0.3986598956997913,0.7357604040691085,0.8006700521501042
968,Healthy,0,0.1111754328012466,0.0184182501915428,0.0183316074932614,0.0591802605324321,0.7111561439122905,0.7097802546398092,0.5684922217255788,0.9460026166410992,0.7157538891372107
969,Healthy,0,0.1016189232468605,0.0193389004303349,0.0198643151670694,0.0705210756924417,0.7338621482126849,0.7419820065355428,0.6395254095161412,0.8790940650107997,0.6802372952419293
970,Unhealthy,1,0.100312429997656,0.0151566343588961,0.014925903847648,0.0670407985647519,0.6134224895951274,0.6094648137740515,0.525045714827811,0.7283886460407374,0.7374771425860946
971,Healthy,0,0.1264048872722519,0.019866655063298,0.0180363481243451,0.0727435954742961,0.6653216998868726,0.6395741927247909,0.543281481717708,0.7947283247536661,0.7283592591411461
972,Healthy,0,0.1291218971212705,0.0184294835974772,0.0187995518661207,0.0671555350224177,0.6324017579325286,0.6377388317348045,0.4996085704573978,0.8748546501034372,0.750195714771301
973,Healthy,0,0.1282861977815628,0.0189388491627242,0.017931610552801,0.077313230269485,0.6222793720158656,0.608248060081103,0.5145550857223649,0.7530743039933874,0.7427224571388175
974,Healthy,0,0.1383425013886557,0.0237411074340343,0.0170587543398141,0.092885033124023,0.6814575374355178,0.5999375405685067,0.5858977994500526,0.6206354986788168,0.7070511002749738
975,Healthy,0,0.2098798188898298,0.0260760788288381,0.0211840579286217,0.1251812560690773,0.5387435476340451,0.494454770587207,0.4420500454695787,0.5789365622227883,0.7789749772652106
976,Healthy,0,0.1791350444157918,0.0269612980385621,0.0255954698142078,0.1128323467241393,0.6235808849047292,0.610195441810899,0.523275623768694,0.7396048122197283,0.7383621881156531
977,Healthy,0,0.1750187940067715,0.0288649083425601,0.0276165612869792,0.1191020823187298,0.6562990249205218,0.6443935162576714,0.5663014357685805,0.7529121210034034,0.7168492821157096
978,Healthy,0,0.0955116359723938,0.0181245608255267,0.0177145066360632,0.1071203856004609,0.6069817175494069,0.6011473777672618,0.6379854777349737,0.567613952115234,0.6810072611325132
979,Healthy,0,0.1051040316621462,0.0204839859571721,0.0172879757980505,0.0962289571762085,0.6763154679548727,0.6318892463155417,0.6524184821282248,0.6091769869071677,0.6737907589358875
980,Healthy,0,0.0881599866681628,0.0167307081735796,0.0177593029414614,0.0621675319141811,0.7282574733891172,0.7464662290750015,0.6380244958362666,0.8887779916988752,0.6809877520818666
981,Healthy,0,0.1295715851916207,0.0252424687561061,0.0180951116813553,0.0806925640337997,0.7744600473022627,0.6835533889310766,0.6522009627014679,0.7326870098059948,0.6738995186492661
982,Healthy,0,0.1517644748091697,0.0299746656997336,0.0296293209410376,0.0959866800242,0.7793205936516271,0.7757018328035478,0.6597294477303893,0.943488750266364,0.6701352761348054
983,Healthy,0,0.0965429271260897,0.0181492439781626,0.015378148191505,0.0890718417035208,0.6542824612112259,0.6119752039823693,0.6329723747810264,0.5889190877647889,0.6835138126094867
984,Healthy,0,0.1052869343095355,0.0185036603361368,0.0187824010435077,0.0824189202653037,0.6587476792418132,0.662887130348053,0.5979019775807721,0.7423777002355147,0.7010490112096139
985,Healthy,0,0.0934410177999072,0.0198617523743046,0.0173585609429412,0.1341752939754062,0.5943522407565442,0.5621626284391364,0.7011921189134429,0.4582094463918891,0.6494039405432787
986,Healthy,0,0.232066950864262,0.027447303964032,0.0269775798337327,0.1121052180727322,0.5502297972213933,0.5461644377383895,0.4230565905860137,0.7758710707524159,0.7884717047069931
987,Healthy,0,0.097751807835367,0.0156977491246329,0.0147630337418781,0.0818439018395212,0.5952001234203407,0.5800493476393281,0.5534706188466694,0.6112618582933532,0.7232646905766654
988,Healthy,0,0.1556970791684256,0.0296437713421053,0.0249661579728126,0.0953800802429517,0.7641016170189466,0.7145860107139075,0.6397676769141829,0.8298109967692285,0.6801161615429085
989,Healthy,0,0.1685781015290154,0.0286516750024424,0.0233204170233673,0.1033720365828937,0.6961608860411885,0.6417848136413884,0.5810821369129829,0.7362843282155783,0.7094589315435086
990,Healthy,0,0.1174780088994238,0.022583258855674,0.0197834365276826,0.0680885215600331,0.7830090759761914,0.7434931037666859,0.6449537182588306,0.900557445547502,0.6775231408705845
991,Healthy,0,0.1022538195053736,0.0185969811346795,0.0160432948420445,0.0896153002977371,0.6494972814098743,0.611723427321206,0.6155352231407882,0.6073635493949143,0.6922323884296059
992,Healthy,0,0.1541998551951514,0.0315342978056934,0.0275877111901839,0.104365612897608,0.7843521906236921,0.744404652492889,0.6791276089228451,0.8362869637699797,0.6604361955385776
993,Healthy,0,0.1161516416403982,0.0192233399591512,0.0174113396141264,0.0836025919351312,0.6456176738263931,0.6199052076560975,0.5680027352769053,0.6894629026744129,0.7159986323615473
994,Healthy,0,0.102016881108284,0.016740042095383,0.0170875541451904,0.0669970901476012,0.6613544109611972,0.6670742423870095,0.5638422297847507,0.812873945720207,0.7180788851076246
995,Healthy,0,0.1490641898579067,0.0221260229332579,0.0230287733591265,0.1300709893306096,0.5473567591791575,0.5569681421748891,0.5169927082279988,0.6016671209555143,0.7415036458860005
996,Healthy,0,0.1041573219829135,0.0228797040051884,0.0181146087124943,0.075819363610612,0.8108478760276687,0.74207589287256,0.7204105677767134,0.7713762450153888,0.6397947161116432
997,Healthy,0,0.0899729761812422,0.0175596354529261,0.0184210992107788,0.0705846639143096,0.7179032155837787,0.7322892479960381,0.6531836318702988,0.8278609637845518,0.6734081840648505
998,Healthy,0,0.1118306385146247,0.0201894216653373,0.0157262911606166,0.0934756514098909,0.6574080050457686,0.5955627996855108,0.6117076946584107,0.5760443739528804,0.6941461526707946
999,Healthy,0,0.1175370911757151,0.0196541051069895,0.0168328824349575,0.0923650190234184,0.6309242755086277,0.5923474354419621,0.5730427502502141,0.6166009496574022,0.713478624874893
1000,Healthy,0,0.1763360020187166,0.0293169085764222,0.0290496411422888,0.1121841130985154,0.6755944461804785,0.6730330754722433,0.5702211262963801,0.8227393316404811,0.7148894368518101
1001,Healthy,0,0.2211691555049684,0.0273850626415676,0.029614543956187,0.1423333949512905,0.5237743554375507,0.542205129192077,0.440709682511566,0.6889188470499114,0.779645158744217
1002,Healthy,0,0.1102491691708564,0.0149551772822936,0.0148889842546648,0.0725955350531472,0.5623434711239151,0.5612736036779628,0.47778460431929654,0.6807597217184584,0.7611076978403516
1003,Healthy,0,0.1199669564763705,0.0250849314033985,0.0257173589327269,0.1186832570367389,0.6948251443743441,0.7020466523597454,0.6917505665059931,0.7123891753526856,0.6541247167470035
1004,Healthy,0,0.116203363570902,0.0216490713258584,0.018593558213777,0.0695638495186964,0.7560836515254387,0.7122279113419483,0.6281810355274955,0.8436526750061382,0.6859094822362521
1005,Healthy,0,0.1194669314556651,0.0176216270774602,0.018382729548547,0.0709589872923162,0.6246888522976853,0.6360343212327029,0.5141676961524754,0.8230300557707254,0.7429161519237625
1006,Healthy,0,0.0959684898455937,0.0222840820335679,0.0274024204247527,0.0744974658721023,0.8290435789768015,0.9027653448883168,0.7537791924336079,1.0756604907261191,0.6231104037831962
1007,Healthy,0,0.1157260023885303,0.0162835645799835,0.0160345652451117,0.0885051488876342,0.5501244198223966,0.5464929705072454,0.493405590334748,0.6135300972700499,0.7532972048326261
1008,Healthy,0,0.0993534765309757,0.0183066500143872,0.0181768219918012,0.0992608898215823,0.6226019344071514,0.6207368346878056,0.6223569717929623,0.6191136292125788,0.6888215141035189
1009,Healthy,0,0.0935194061862097,0.0196860312587685,0.0183444706102212,0.1258756394187609,0.6086100015292077,0.5909359384438975,0.6955860673507525,0.5087909198387033,0.6522069663246238
1010,Unhealthy,1,0.1048850723438792,0.0201404026399056,0.0150687855978806,0.1136604191528426,0.6225148801566956,0.5550114508173638,0.6443615636738901,0.4682320729646532,0.6778192181630549
1011,Healthy,0,0.1481218354569541,0.0291275057113832,0.0286529353923267,0.1120967848433388,0.7316776727490486,0.7268001464985783,0.6573227413854299,0.8142946314735521,0.671338629307285
1012,Healthy,0,0.0992716517713334,0.020085291730033,0.0202927213783065,0.07741572542323,0.7409565844629916,0.7440709557980513,0.6731168255763207,0.8307458379529739,0.6634415872118398
1013,Healthy,0,0.0979773874084154,0.0165112878506382,0.0149682542930046,0.0756303440365526,0.6392590933508004,0.6139735848610155,0.5768706053512489,0.6608603033153685,0.7115646973243756
1014,Healthy,0,0.1058725987871487,0.0270404590086804,0.0252587902877065,0.0794636888636483,0.903542715176773,0.8803270751211045,0.8137788553542389,0.964789622720834,0.5931105723228807
1015,Healthy,0,0.1721183972226249,0.0273494008514616,0.0276030850493245,0.1057463164130846,0.6579050218088555,0.6604524763421692,0.548447440950914,0.8279927692695569,0.725776279524543
1016,Healthy,0,0.1202515156732665,0.0201321359102924,0.0182987642991873,0.0920592364337709,0.6376603861215179,0.6130756474551339,0.5736319203325292,0.663251025848728,0.7131840398337355
1017,Healthy,0,0.1424438133835792,0.0182384737870759,0.0208443621587422,0.1067029560605685,0.5108391971779398,0.5423847545839745,0.4540257450456987,0.6536981709925551,0.7729871274771506
1018,Healthy,0,0.1166467153363757,0.0224131030134028,0.0228832873205343,0.0919628168145815,0.7074962094787748,0.7135932851134172,0.6447039347348176,0.7970070031670291,0.6776480326325911
1019,Healthy,0,0.1537740992175208,0.0245249548719988,0.0244856311215294,0.1317251076300939,0.5864598925708521,0.5860586092533691,0.5501982048583481,0.6269897016609545,0.724900897570826
1020,Healthy,0,0.089075488762723,0.0190809278024567,0.0133420345890853,0.0461337582932578,0.8804663526783055,0.7736690340931645,0.7056789937546688,0.8973085648797612,0.6471605031226657
1021,Healthy,0,0.1617793324920866,0.0189192688299549,0.0195259588460127,0.0850128986769252,0.5317561107759617,0.5391329432206418,0.41880277304940355,0.7471273097366046,0.7905986134752983
1022,Healthy,0,0.1458482543627421,0.0152145224726862,0.0127408005711105,0.0786366015672683,0.47747957001761065,0.44296154688905226,0.37785322646540953,0.5577221620643699,0.8110733867672952
1023,Healthy,0,0.1235715150833129,0.0210021883249282,0.024356760084629,0.1295066790448295,0.5693914966120829,0.6079531257249899,0.5810790712228796,0.6332046189123739,0.7094604643885603
1024,Healthy,0,0.1204473012023502,0.0146765784463948,0.0126683930349018,0.078360100587209,0.5146052773065979,0.4836557067397451,0.4344629086893188,0.5566781358589745,0.7827685456553405
1025,Healthy,0,0.122194273604287,0.0177528579822844,0.0183245459985401,0.11125374916527,0.5280568492065912,0.5354211573401905,0.5074161301063171,0.5656671427996363,0.7462919349468414
1026,Healthy,0,0.1228784496585528,0.0198211365689833,0.0193867947285374,0.083282746374607,0.645105185401073,0.6391664953787072,0.555604598246789,0.7553085178031891,0.7221977008766056
1027,Healthy,0,0.122384508450826,0.0168267871356672,0.0167357382468051,0.1244017639093928,0.4800113061757455,0.47886811932436474,0.4834891325384604,0.4743101724524936,0.7582554337307699
1028,Healthy,0,0.0909176626139217,0.0218675174853867,0.0197413068057762,0.0720200426876545,0.8464596717136504,0.8136793985018049,0.7755457752918299,0.8605499772947216,0.612227112354085
1029,Healthy,0,0.1000376567244529,0.0190856263248456,0.0197667527116007,0.081394314352009,0.6952767268533551,0.7054950388719353,0.6408697220659078,0.7815952632912202,0.6795651389670461
1030,Healthy,0,0.0847087398999267,0.0204588170680734,0.0128680159234338,0.0460225513411892,0.9535191448758563,0.8125616002838617,0.7781417637874203,0.874029001324559,0.6109291181062899
1031,Healthy,0,0.0892687679992781,0.0249992381367418,0.0213984619412157,0.0883025671872827,0.8788244091376256,0.8286449066168377,0.8751089296853134,0.7802465341013562,0.5624455351573434
1032,Healthy,0,0.1074027833011415,0.0202061148981253,0.0190250484479798,0.1221408074100812,0.5987976806024355,0.5838519095098844,0.6333763611553979,0.5390835717982412,0.6833118194223012
1033,Healthy,0,0.1087347947888904,0.018686005535225,0.0195785788819193,0.0603511362440056,0.7240605169210262,0.7381623206307175,0.5865920002917615,0.9797897490851466,0.7067039998541191
1034,Healthy,0,0.0860003903508186,0.0171713615871138,0.0186031502154138,0.106864462296168,0.6046052478681664,0.6258679364099957,0.665738877728625,0.593082145838921,0.6671305611356876
1035,Healthy,0,0.1132490204440222,0.0211453506102164,0.0190436811082892,0.0603882753186755,0.7834222854155737,0.751806986387838,0.6293522695733321,0.9589934311034776,0.685323865213334
1036,Healthy,0,0.1358063138193554,0.016743824403319,0.0184073365396923,0.1090921569201681,0.4811683694751906,0.502070447039313,0.43903793463309415,0.5774873621905747,0.7804810326834528
1037,Healthy,0,0.1221196204423904,0.0244336691167619,0.0249083505736456,0.1063839313056733,0.7047219444948636,0.7103517171060509,0.6668883159227866,0.7588671692534319,0.6665558420386066
1038,Healthy,0,0.0995975136756897,0.0197342108521196,0.0161938828726609,0.1225653746061855,0.6034204653309103,0.556828347049398,0.6614908459659677,0.46681953094566336,0.6692545770170161
1039,Healthy,0,0.0860862599478827,0.0238489121612575,0.0186936803576019,0.0689356641636954,0.941157922520256,0.8613407558086802,0.8677445699573216,0.8533068669963002,0.5661277150213392
1040,Healthy,0,0.1291666403412819,0.0196964727300736,0.017835306831532,0.0858471583988931,0.619369515285001,0.5944555404847645,0.5292505933456427,0.6880741807940083,0.7353747033271786
1041,Healthy,0,0.1500626703103383,0.0201014301015271,0.0247388076451089,0.1220375837551222,0.5149210285298433,0.5659136513641846,0.47251870524684286,0.6741903765068296,0.7637406473765787
1042,Healthy,0,0.0879584898551305,0.0181567619244257,0.0154141562266482,0.0962814138167434,0.6585891546924889,0.6165151551259972,0.6844166741325575,0.5520060006197236,0.6577916629337214
1043,Healthy,0,0.1094102313121159,0.0209080924590428,0.0178032210096716,0.0765713014536433,0.734268724783649,0.6891418951241199,0.6417544932747227,0.7545774238631846,0.6791227533626386
1044,Healthy,0,0.099292109409968,0.0178484332023395,0.0169813860621717,0.0926004317071702,0.6273906469264309,0.614492883822857,0.6094707367511967,0.6198614481068645,0.6952646316244016
1045,Healthy,0,0.0819417614903715,0.0149294071727328,0.0149254270104898,0.0610574181709024,0.6909443677635515,0.690868172956185,0.6164644188263633,0.7857261451507193,0.6917677905868183
1046,Healthy,0,0.1111383280820316,0.0207462987552086,0.0160637878709369,0.0822960043119059,0.7064766483316323,0.6394958328685441,0.6292256877160296,0.6532664420874592,0.6853871561419852
1047,Healthy,0,0.1125511576731999,0.0191804721123642,0.0163540583517816,0.0819992170565658,0.6588077281417706,0.6177637847941033,0.5824105309738179,0.665114945440591,0.7087947345130909
1048,Healthy,0,0.1078127539820141,0.0215944017594059,0.0197908105328679,0.0865206138955222,0.727322477138247,0.7022817168245316,0.6674870994786595,0.7446353254799523,0.6662564502606703
1049,Unhealthy,1,0.1334622378150622,0.0197134773350424,0.0192880912994345,0.105799347990089,0.5658927288915669,0.5606429455314562,0.5147938056819039,0.616787469916652,0.7426030971590482
1050,Healthy,0,0.1259211839901076,0.0150720274282826,0.0155407142721944,0.070573275287946,0.5320199873647288,0.5391769449595031,0.42759583320808614,0.72186711365131,0.786202083395957
1051,Healthy,0,0.0879016601377063,0.0173407600571711,0.0187118062749505,0.0896795996361308,0.6535582005024628,0.6750347918075511,0.6590787260521457,0.690527302147947,0.6704606369739272
1052,Healthy,0,0.1068563552366362,0.0216619933231009,0.0226829662505123,0.0723458495404985,0.7787665149722844,0.7934783642173243,0.6742070238486486,0.9547826545748866,0.6628964880756757
1053,Healthy,0,0.2014435397254096,0.0265464178389973,0.0253407524691687,0.1252401611871189,0.559200799023975,0.5482426066311633,0.4657471429459426,0.6731464660125758,0.7671264285270287
1054,Healthy,0,0.0965891861253314,0.0276848942869239,0.0265571783400244,0.1035069678392675,0.866961568711099,0.853069919592669,0.8910915033958682,0.8167409426857927,0.5544542483020658
1055,Healthy,0,0.1031262725591659,0.0198856797069311,0.0196877726250224,0.097486316329903,0.6617972571736355,0.6590466645068267,0.6466259364428196,0.6720862197647094,0.6766870317785901
1056,Healthy,0,0.1967910263273451,0.0170614434820082,0.0194571943332751,0.0698817364043659,0.45376835733540316,0.4817898891511991,0.3191254886552071,0.8711630718041373,0.8404372556723965
1057,Healthy,0,0.0870434931582874,0.0173864530192481,0.0197102659278445,0.1084148842427465,0.6041386820940735,0.6380719155096075,0.6659566017467965,0.6153441662812166,0.6670216991266018
1058,Healthy,0,0.1839496195316314,0.029110602206654,0.0251887583484252,0.1672914922237396,0.5687576327714966,0.5355752558626191,0.5465234564978966,0.5234564745951724,0.7267382717510519
1059,Healthy,0,0.1525280591514375,0.0265652144120799,0.0214356568952401,0.0982330064806673,0.6993342004418123,0.6426638118503346,0.5933269046569358,0.7165002529661643,0.7033365476715321
1060,Healthy,0,0.0840343203809526,0.0178267906109492,0.0185639874802695,0.128375854757097,0.5749099625850054,0.5850584994774494,0.7000430463542253,0.5053493238486332,0.6499784768228873
1061,Healthy,0,0.217068076133728,0.0251828179591231,0.0254319148759047,0.1159011539485719,0.5255523604594261,0.5278086440327703,0.41581382893837177,0.719772522805372,0.792093085530814
1062,Healthy,0,0.1057998239994049,0.0228474436120854,0.0162051989593439,0.0496794982916779,0.9085635248032344,0.8030072096178177,0.710390326550387,0.9838520709962023,0.6448048367248066
1063,Unhealthy,1,0.1053252302938037,0.0227028021795882,0.0228002328011724,0.0709789825810326,0.8191897846589481,0.820586981186195,0.7093072272060895,0.9725068698111048,0.6453463863969552
1064,Healthy,0,0.1026880310641394,0.0230918458352486,0.0192578093459208,0.0728777630461586,0.8330786699753778,0.777359389962768,0.7343573997522638,0.8360640237397096,0.6328213001238682
1065,Healthy,0,0.1185482525163226,0.0255437319477399,0.019493478246861,0.0738914008769724,0.8391256705083929,0.7585953345376156,0.7090951531481108,0.834973645830246,0.6454524234259446
1066,Healthy,0,0.0733907893300056,0.0247994702723291,0.0147871544791592,0.0575399841699335,1.0989645844651479,0.9286237101299879,1.010261929147173,0.8177928647724652,0.49486903542641336
1067,Healthy,0,0.1535434830519888,0.0173758300435211,0.0198460167480839,0.0738252322706911,0.5303160432716708,0.5627086090172442,0.40664404107010343,0.8474752693478472,0.7966779794649484
1068,Healthy,0,0.122424316075113,0.0194273163667983,0.0203042543596691,0.1151409472028414,0.5622552253904755,0.573126929041445,0.547820734449534,0.5996300828803687,0.7260896327752331
1069,Healthy,0,0.1159051896797286,0.0160708091118269,0.0153712114940087,0.0817724275920126,0.5594243345970549,0.5489188250661551,0.4870827804746326,0.6329271432953997,0.7564586097626838
1070,Healthy,0,0.1013841322726673,0.0174593910988834,0.0179826712442768,0.0866418493290742,0.6265010508014239,0.6344005472549586,0.5876429982405893,0.6875126842438188,0.7061785008797055
1071,Healthy,0,0.1282989647653367,0.018678820071121,0.01782370896803,0.0974580860800213,0.5679293695387398,0.5567389234013962,0.5083440355807495,0.6184396750796878,0.7458279822096252
1072,Healthy,0,0.1383605342772272,0.0190063980925414,0.0215278141614463,0.0849410639041,0.581870681517559,0.6145369301780289,0.4831103410691553,0.8087927496781907,0.7584448294654224
1073,Healthy,0,0.0987739298078748,0.0240022999544938,0.017116918021606,0.0512462945448027,0.9696683249278991,0.8605072291750435,0.78198524261414,1.0015280077704631,0.6090073786929301
1074,Healthy,0,0.1205772641632292,0.0212032407936122,0.0200427499496274,0.0817681658599111,0.6930525086927014,0.6772979214698567,0.5981990485946304,0.7874499424844433,0.7009004757026849
1075,Unhealthy,1,0.1380109993947876,0.0179553810093137,0.0200288020488288,0.0937739941808912,0.5365906820435401,0.5632101269998149,0.4604936259414928,0.7039827741455164,0.7697531870292535
1076,Healthy,0,0.1311231917805141,0.0212116237315866,0.0226741652521822,0.1077999323606491,0.6031461819999434,0.620712954183054,0.5569737596827077,0.6951315446370204,0.7215131201586461
1077,Healthy,0,0.0964445836014217,0.0177931885959373,0.0161797903064224,0.10429714123408,0.6023215501938448,0.5789663512568357,0.6230229547963348,0.5371913145375226,0.6884885226018326
1078,Healthy,0,0.1265429026550716,0.0172761518301235,0.0173459700826141,0.14166103137864,0.45650327700497106,0.4573202501288075,0.4804968824739959,0.436357391138927,0.7597515587630019
1079,Healthy,0,0.0927985053923395,0.0178405466592974,0.0141424498417311,0.0530373549295796,0.7862867374748826,0.7194511779563095,0.6449999825006074,0.8420655516861916,0.6775000087496962
1080,Healthy,0,0.1127713777952724,0.0177549982650412,0.0194180929619405,0.1039934812320603,0.5630366363959836,0.5855460546917624,0.5441045343000092,0.6293767205794039,0.7279477328499955
1081,Healthy,0,0.1107980112234751,0.0203238548710942,0.0169311571452352,0.0709872295459111,0.7309656172559422,0.6803317936776766,0.6199989514010114,0.7703124582899212,0.6900005242994943
1082,Healthy,0,0.1008761202295621,0.0228372750182946,0.027865855437186,0.0798336548937691,0.8070267233267884,0.8764097288119956,0.7383929597127518,1.0349482686246445,0.630803520143624
1083,Healthy,0,0.1096246060397889,0.0162982539170318,0.0177226886153221,0.0579352118074893,0.6514209875326901,0.6750831273437622,0.517721847252215,0.9369907711569845,0.7411390763738924
1084,Healthy,0,0.1514339670538902,0.0236339410766959,0.0211641850570837,0.0862712297174665,0.6634715437927189,0.6343022895886102,0.5399948243870475,0.7879779717515335,0.7300025878064763
1085,Healthy,0,0.1144041352801852,0.0211471859365701,0.0221369034714168,0.0732201271586948,0.7358145980589454,0.74980552347785,0.6240348156475549,0.9285903021576036,0.6879825921762225
1086,Healthy,0,0.1537483500109778,0.0182152984456883,0.0239269201540284,0.132874637014336,0.4510780713179939,0.5127333170138635,0.42370113937838333,0.6103745545929002,0.7881494303108082
1087,Healthy,0,0.1742437134186426,0.0276222905764977,0.0247811753716733,0.1368695116705364,0.6031762414962922,0.5766278934662369,0.5473391265457987,0.6132030942795194,0.7263304367271006
1088,Healthy,0,0.1703797255953153,0.0229524384356207,0.0274659242067072,0.1350599138273133,0.5226195343017205,0.5667245064015707,0.4748809087337991,0.6759768056315557,0.7625595456331005
1089,Healthy,0,0.1451216662923495,0.0157129603127638,0.0176672874432471,0.0803386751148435,0.48933594777481343,0.515842555666013,0.3907855079327613,0.7210699015491125,0.8046072460336195
1090,Healthy,0,0.1435478337936931,0.0161689384323027,0.0187096221165524,0.1158853429887029,0.44333221490476316,0.47403560408600226,0.40494027538758426,0.5560273997447436,0.797529862306208
1091,Healthy,0,0.1429578521185451,0.0230929253415928,0.021183674223721,0.1014689819680319,0.635703162369203,0.6134544228344867,0.5562858709803147,0.6908508916628053,0.7218570645098428
1092,Healthy,0,0.0986394368939929,0.0196913923654291,0.0177539959549903,0.0865273032751348,0.701542962487215,0.6728364456059306,0.6656386163662817,0.6810040184026196,0.667180691816859
1093,Healthy,0,0.1117701604962349,0.0202430434938934,0.0197942261066701,0.0785112728675206,0.7017640424633738,0.6953368369179481,0.613364205459543,0.8054168408978591,0.6933178972702286
1094,Healthy,0,0.1005050846272044,0.0237188782129022,0.0199956672473086,0.0590379039446512,0.9167568978716489,0.8602789691094902,0.7637456629340243,1.012008793009864,0.618127168532988
1095,Healthy,0,0.0957458424899313,0.0258979706300629,0.0255890550712744,0.0832459918326801,0.8977241732902271,0.8935661291623426,0.8516000926250522,0.9404711367968226,0.5741999536874739
1096,Healthy,0,0.1799996859497494,0.0282389227714803,0.0287656034860346,0.1279996865325504,0.6198230534018876,0.6247004643438,0.5424339500708808,0.7339788924608082,0.7287830249645596
1097,Healthy,0,0.2218020955721537,0.0260195105026165,0.0256212765557898,0.1200235221121046,0.5284965025383626,0.5249829356301001,0.41997162256734244,0.7036647182770337,0.7900141887163288
1098,Healthy,0,0.1171622201800346,0.0235084307690461,0.019053056422207,0.0698063207997216,0.8037571751426803,0.7417153656173135,0.6684672491508004,0.857672291563399,0.6657663754245997
1099,Healthy,0,0.1103889230224821,0.0243197296642594,0.0193487681034538,0.054342376275195,0.9118298991237171,0.8381677599045106,0.7221430599803789,1.0502628649127013,0.6389284700098106
1100,Unhealthy,1,0.1012832737631267,0.0259976978931162,0.0273676061381896,0.1153716834055052,0.774172007806267,0.7905377736345677,0.8170175810200475,0.7669256649848165,0.5914912094899764
1101,Healthy,0,0.1734238457348611,0.0172239962137407,0.0190704098592201,0.0731228958401415,0.4903720712029696,0.5132832528049904,0.36137825716137395,0.8274097436708859,0.8193108714193129
1102,Healthy,0,0.1234591296977467,0.0162274094505442,0.0159224359732535,0.0676523256633016,0.5806746837500967,0.5760039077221016,0.46468069291393127,0.7620691061014824,0.7676596535430343
1103,Healthy,0,0.1114967125985357,0.0168158302290572,0.0169420880782935,0.0752765648066997,0.6103612883476486,0.6123019139903765,0.5242146982201664,0.7348659972043681,0.7378926508899166
1104,Healthy,0,0.1071396552854114,0.0256687911848227,0.0228670974158578,0.1008116371101803,0.7919750882659657,0.7569327778823522,0.7731071890996257,0.7395644046161739,0.6134464054501871
1105,Healthy,0,0.1538954675197601,0.0287782413264115,0.028168790663282,0.1629103091028001,0.614981678593665,0.6094619831876384,0.630156173172035,0.589678111269439,0.6849219134139827
1106,Healthy,0,0.1553944365845786,0.0217802903304497,0.0186282578441831,0.1006999702917205,0.5814764642352818,0.5451351831241157,0.4917245412974812,0.6244375915132929,0.7541377293512593
1107,Healthy,0,0.1246391816271676,0.0170375441925393,0.0169419973260826,0.0792144098215633,0.5728622276033248,0.5714854123926669,0.48102591569544634,0.7047683177291998,0.7594870421522769
1108,Healthy,0,0.1269638488690058,0.0191295087958375,0.0198298219798339,0.0940919224586751,0.5901555827357482,0.5993395069827232,0.5237612195818792,0.6962611774449204,0.7381193902090605
1109,Healthy,0,0.226667841275533,0.0256863023257917,0.0263076559123065,0.1245205336146884,0.510457866135518,0.5158356799483101,0.4071469080590419,0.6976853861286458,0.7964265459704791
1110,Healthy,0,0.1797407120466232,0.0235157056401173,0.0187808978888723,0.1026265430781576,0.5711184176126162,0.5211125587476708,0.4627791025296882,0.6187725476883266,0.768610448735156
1111,Healthy,0,0.1545168252454863,0.0173721305198139,0.0152155513771706,0.1272620773977703,0.43907385020879036,0.41464562074425,0.40426403063461674,0.42717025846086304,0.7978679846826916
1112,Healthy,0,0.107482847240236,0.0206172344171338,0.0214571449905633,0.0765508918298615,0.7321844341527891,0.7443231970784648,0.6437852076403469,0.8757300191566187,0.6781073961798266
1113,Healthy,0,0.1483117515842119,0.021983528509736,0.0253432728350162,0.1102427161402172,0.5813412061398567,0.618891133658116,0.5163626025949328,0.747666422660987,0.7418186987025335
1114,Healthy,0,0.1084185077084435,0.0170863678471909,0.0181401013914081,0.0631139220462905,0.6644993210505438,0.6814984875642017,0.5445642735884559,0.8930069244050169,0.7277178632057721
1115,Healthy,0,0.0977744741572274,0.0154091789283686,0.0149212514774666,0.0606308326952987,0.6514694217362024,0.6428126616914256,0.5445725953628759,0.7899849033070274,0.727713702318562
1116,Unhealthy,1,0.1020598693026436,0.0189902360240618,0.0181980175483557,0.0827154674463802,0.682010893510939,0.67016853563348,0.627516546897949,0.7213314473999185,0.6862417265510254
1117,Healthy,0,0.0977295686801274,0.0198198420306046,0.0197952752932906,0.0750295105907652,0.7465144041206965,0.7461380517800147,0.6744344156476522,0.83502536214507,0.6627827921761741
1118,Healthy,0,0.1437033216158549,0.0238848060576452,0.0218033565001355,0.085226303173436,0.690563698688675,0.6654800185981893,0.5700834871591441,0.8148528759834722,0.7149582564204279
1119,Healthy,0,0.1000388570957713,0.0170129649341106,0.017477485558225,0.0838493150141504,0.6245750882452582,0.6317550698202651,0.5813823190131084,0.6899452251328605,0.7093088404934458
1120,Healthy,0,0.1466852467921045,0.0198431892527474,0.0243286560806963,0.1447330406970448,0.47944209286542355,0.5264975458237896,0.47663185277024855,0.5756160394552351,0.7616840736148759
1121,Unhealthy,1,0.1145737113224135,0.0195844332791037,0.0176442650457223,0.065098570452796,0.7159323894340275,0.686556571715923,0.5839208148644065,0.8529688372131391,0.7080395925677967
1122,Healthy,0,0.1317589920428064,0.019100391305983,0.0204483528311053,0.1081625380449824,0.5494098224791539,0.5660529621159668,0.5064422479262712,0.6359757775352511,0.7467788760368643
1123,Healthy,0,0.1330569568607542,0.0165267756415738,0.0196649096906185,0.090978624092208,0.5142738006177769,0.5563088887470202,0.4419404534197352,0.7109284751955666,0.7790297732901325
1124,Healthy,0,0.2175380107429292,0.028653755163153,0.0337167280829615,0.142622554467784,0.5490959782022827,0.5904463917991791,0.4655518036144865,0.7648149089697872,0.7672240981927568
1125,Healthy,0,0.1653403465946515,0.0289364316397243,0.02799059678283,0.123385414481163,0.6678948987417676,0.6587770173088443,0.5957774655870677,0.7396309771702373,0.7021112672064663
1126,Healthy,0,0.1121477625436253,0.0130541040044691,0.0126187135982844,0.0814662277698516,0.4752948624813528,0.4682966175067085,0.4170578079825851,0.5364817542441712,0.7914710960087074
1127,Healthy,0,0.0997896509038077,0.0176263831348882,0.0172233266962899,0.0549551182323031,0.7421731275506654,0.7352473557458558,0.6004761880844726,0.9544858836085562,0.6997619059577636
1128,Healthy,0,0.1616259631183412,0.0195684727902213,0.0258787222620513,0.1210604053404596,0.4864401536262871,0.5540084905180864,0.43198838180872806,0.7044746401940414,0.7840058090956359
1129,Healthy,0,0.1431846751107109,0.0218641244702869,0.0260129682719707,0.1123780417773458,0.5844245758572203,0.6311247400344344,0.5298826656308292,0.7518687308576133,0.7350586671845853
1130,Healthy,0,0.1200900334450933,0.0189398915196458,0.0164167215633723,0.0797781265444225,0.6373099604012438,0.6012396164092043,0.5449155359739812,0.6826445235393861,0.7275422320130094
1131,Healthy,0,0.1089038004477818,0.0158956153318285,0.0162054735960231,0.0598452455467648,0.6341116346985254,0.639304303982756,0.5094772353710175,0.8523508405277144,0.7452613823144912
1132,Unhealthy,1,0.129521467619472,0.0236024154971043,0.0233128716548283,0.1006047882967525,0.6808444234663659,0.6773754814149389,0.6165573917462714,0.7525278209397273,0.6917213041268644
1133,Healthy,0,0.1047485950920316,0.0232543494138452,0.0197487084401978,0.0711035513215594,0.8366346831830812,0.7859636328584694,0.7266817026315379,0.8694867245783445,0.6366591486842311
1134,Unhealthy,1,0.0856077116396692,0.0172824635066919,0.015684171890219,0.1051720761590533,0.6135475960411005,0.5893570931962816,0.6718800306096332,0.5191017309696613,0.6640599846951836
1135,Healthy,0,0.125500302347872,0.0246816519647836,0.0249185119238164,0.1083279831541909,0.6972425138562923,0.7000026143491861,0.657379964929747,0.7480425480378514,0.6713100175351265
1136,Healthy,0,0.1444212314155366,0.0162028822426994,0.0219243388209078,0.1198437934120496,0.43692558422003613,0.5043412532122417,0.4034981267426555,0.6185970986732365,0.7982509366286724
1137,Healthy,0,0.1557175384627448,0.01973656585647,0.0213860258873966,0.0797843568854861,0.5742067872099355,0.5946341508107418,0.44995392802124506,0.8455449233756906,0.7750230359893776
1138,Healthy,0,0.1315537658002641,0.0215035885986354,0.0204333347371882,0.0770287079115708,0.6837670316225912,0.6695996211079107,0.5619746580119906,0.8386171347065803,0.7190126709940047
1139,Healthy,0,0.1592054888606071,0.0250827142347892,0.0251078005466196,0.085935999535852,0.6795022480605879,0.6797843002633325,0.5444236541132305,0.9044287219267417,0.7277881729433848
1140,Healthy,0,0.1014626630478435,0.0162573385362823,0.0149792080952061,0.0800632230109638,0.6076357975681091,0.5872568053770543,0.5524070104489212,0.6304219250651593,0.7237964947755395
1141,Healthy,0,0.130794093840652,0.0167176792812016,0.013851605873141,0.0653893463313579,0.5824498472544656,0.5392532347356962,0.4533246107045786,0.6992145090530387,0.7733376946477106
1142,Healthy,0,0.0888417909542719,0.0167034683335158,0.0174265976788269,0.0684031699266698,0.7008991171173734,0.7133650940020402,0.6330352853829601,0.8121470284727123,0.68348235730852
1143,Healthy,0,0.1548167367776235,0.0197884750862916,0.0248213710470332,0.1210136926836437,0.5019153352534391,0.5568569188195726,0.45333068526532794,0.6808066705513961,0.7733346573673362
1144,Unhealthy,1,0.1308564411269294,0.0165941190595428,0.0185611164197325,0.0868644627432028,0.5290877463605814,0.5560862415840685,0.4501608956536259,0.7042357866887802,0.774919552173187
1145,Healthy,0,0.1241563599970605,0.0169618803386886,0.0184976553751362,0.1123255127006107,0.5018203245836299,0.5215761133393585,0.48078491620453384,0.5655773559749301,0.759607541897733
1146,Unhealthy,1,0.184180521302753,0.0294382876406113,0.0229331834448708,0.1124087431364589,0.6625286449750293,0.6003136256202218,0.55123025516758,0.6777850448608705,0.7243848724162101
1147,Healthy,0,0.1171148303482267,0.0145767025856508,0.0159395716877447,0.0689865892959965,0.5417468378938556,0.5635047390911855,0.44275291693870045,0.7507496631477913,0.7786235415306497
1148,Healthy,0,0.108781831132041,0.0147438700207405,0.0150837711989879,0.0664033235775099,0.5762900862344369,0.5819664296470094,0.477434894378934,0.7404250324721752,0.761282552810533
1149,Healthy,0,0.3042526096105575,0.0326483121348751,0.0289314736922581,0.1356798526313569,0.5169664693740283,0.4911527968796884,0.3876310217939345,0.7030251037618331,0.8061844891030326
1150,Healthy,0,0.1088131757246123,0.0248366784718301,0.0229145838982529,0.0701310038566589,0.8691084279659916,0.8425623728302359,0.7433357446189035,0.98509061853041,0.6283321276905481
1151,Healthy,0,0.1276991003089481,0.0177991046673721,0.0170342837356858,0.0779555555846956,0.5902223677392481,0.5793782972442869,0.48932850189509625,0.7173097189156254,0.7553357490524518
1152,Healthy,0,0.140683163371351,0.0240743261658483,0.0209997163878546,0.07720757358604,0.7239326847104827,0.6856285870298662,0.5844790724469674,0.8553221005665357,0.7077604637765162
1153,Healthy,0,0.1339002466864056,0.0163985262107517,0.0181897150145636,0.1212619261609183,0.4555791173682368,0.4774901369651769,0.43642475303434386,0.5217497581595096,0.7817876234828282
1154,Healthy,0,0.1186061650514602,0.0167524417241414,0.017240957253509,0.0839943852689531,0.567625791808016,0.5747129050172815,0.4950536097616226,0.6812228545454301,0.7524731951191886
1155,Healthy,0,0.2193816237979465,0.0281707404388321,0.0236081472701496,0.1274947590298122,0.5589184998889369,0.519535463702941,0.4551883885364533,0.6249554783091705,0.7724058057317733
1156,Healthy,0,0.1004326931304401,0.0186509558310111,0.0203767704466978,0.074721126920647,0.7022999353558139,0.7288718742892324,0.626482510190753,0.857086055982343,0.6867587449046235
1157,Healthy,0,0.1604078511397043,0.0195897173964315,0.0207987945112917,0.1027793627646234,0.5183036550052819,0.5321705060532862,0.4353329337890189,0.6732191179984621,0.7823335331054905
1158,Healthy,0,0.1127131142550044,0.0235971851895252,0.0200125332921743,0.0729715025259388,0.8106247962445269,0.7607639923899076,0.6924549439238196,0.8609019006798542,0.65377252803809
1159,Healthy,0,0.1398138999938964,0.0255835304657618,0.0217130420108636,0.1101927831768989,0.6795686799861334,0.6363411308581911,0.6187165155991183,0.6584407316342847,0.6906417422004408
1160,Healthy,0,0.1479528629117542,0.027928177267313,0.02723113902741,0.1175445152653588,0.695263180088595,0.6880793976321335,0.635160611715257,0.7523679077241132,0.6824196941423715
1161,Healthy,0,0.2110948910315831,0.0299149412247869,0.0237250669548908,0.154035199019644,0.5631578155230706,0.5123575766873522,0.4964932914930276,0.5338665944230655,0.7517533542534861
1162,Healthy,0,0.1319638242324193,0.0178603577531046,0.0194099467868606,0.0865841069155269,0.5619366127322003,0.5827622794714848,0.47683511477019846,0.7324919128524053,0.7615824426149007
1163,Healthy,0,0.1419561240408155,0.0169067065128021,0.0208567817591958,0.1309989036785231,0.4408981959616604,0.4861440349187408,0.42569319591963173,0.5493842841399538,0.7871534020401841
1164,Healthy,0,0.0780453578465514,0.0169767603899041,0.0177818926879101,0.0558447262479199,0.80917043709209,0.8244035184753505,0.7146445777038432,0.9660578168560522,0.6426777111480784
1165,Healthy,0,0.1692073187894291,0.0200920347124338,0.0213373175097836,0.0809255689382553,0.5536579029898304,0.5683774720531174,0.42455580202995413,0.8346065029418221,0.7877220989850231
1166,Healthy,0,0.1389695596363809,0.0238171648234128,0.0199246238917112,0.0922440820270114,0.6833017923423582,0.6363473331646085,0.5852360480241825,0.710523446928186,0.7073819759879088
1167,Healthy,0,0.1085127318898836,0.0177724959535731,0.0163334618426031,0.1103629089064068,0.558838196878143,0.5392638513778737,0.5629319044537467,0.5156726035968394,0.7185340477731267
1168,Healthy,0,0.1595752189556757,0.0286524477932188,0.025120032330354,0.1186708178785112,0.6831141272419886,0.6478250745323807,0.6088891880372221,0.6987936240411844,0.695555405981389
1169,Healthy,0,0.1310249641537666,0.0172349898558523,0.0170250314598282,0.0997293020288149,0.519861667932784,0.5171045174823667,0.4649938001392909,0.5832770725031549,0.7675030999303545
1170,Healthy,0,0.1126279532909393,0.0158969813750849,0.0141083686095145,0.0695940467218558,0.5942353521617163,0.5655321990302904,0.494751665624843,0.67421560315366,0.7526241671875784
1171,Healthy,0,0.0997257894939846,0.016385607007477,0.0157472610266672,0.0538225579592916,0.7035485433029404,0.6922158054554777,0.5644788539691964,0.9054076181998091,0.7177605730154017
1172,Healthy,0,0.2166696174277199,0.0301307230773899,0.0259591918438673,0.1309679514831966,0.5909447576878712,0.5557205507918637,0.4883416775799152,0.6616877435859202,0.7558291612100424
1173,Healthy,0,0.1484785634610388,0.0281985304835769,0.0238256520695156,0.0825646776292059,0.7848177247725263,0.7351489886542731,0.6384196129559728,0.8957826199800532,0.6807901935220136
1174,Healthy,0,0.1203663299481074,0.0202308504117859,0.0195851203882031,0.0779528452290429,0.6778047136982517,0.6687962104310513,0.575569164616247,0.80317936771649,0.7122154176918766
1175,Healthy,0,0.1291558312045203,0.0253823976963758,0.0229792663206656,0.0885638822284009,0.7563161929124667,0.7270206503066673,0.6569868925482067,0.824049405797696,0.6715065537258967
1176,Healthy,0,0.1876163043909602,0.0278907016747527,0.0291088906427224,0.1186124078101582,0.6163518747498081,0.6276998968240629,0.5176760084773894,0.7882110690221806,0.7411619957613054
1177,Healthy,0,0.153988692495558,0.0232525227798355,0.0246401062856117,0.1339714924494425,0.5561719583168625,0.5704002118494365,0.524765591201939,0.6213948155650505,0.7376172043990306
1178,Healthy,0,0.2089452213711208,0.0173434145334694,0.0192179497745302,0.0707528914014498,0.4413293952818656,0.4624223709657906,0.3065715512250802,0.8544079180916191,0.8467142243874598
1179,Healthy,0,0.1200473366512192,0.0203216077966822,0.0180284122212065,0.0956371770136886,0.6342382965896425,0.6038552233339259,0.5790912762537631,0.6344369423520066,0.7104543618731184
1180,Unhealthy,1,0.2260212368435329,0.0281897599084509,0.0282794719354973,0.1414871116479238,0.5320229620338023,0.532756772650817,0.44356475948920043,0.6663142142246419,0.7782176202553999
1181,Unhealthy,1,0.1253391785754097,0.0152308457634515,0.0137558198637432,0.0733757449520958,0.5316718988919726,0.5092044501718641,0.43340237963495515,0.6314965141653295,0.7832988101825225
1182,Healthy,0,0.1057085502478811,0.0139595586806535,0.0110640967678692,0.0862753084964222,0.5078442839791054,0.461249566248429,0.46660915111444107,0.45466054524695243,0.7666954244427794
1183,Healthy,0,0.2817939271529515,0.0315510630607605,0.031259190912048,0.151079102522797,0.5089136049170502,0.506857955834084,0.4027645444625312,0.6857405610899361,0.7986177277687344
1184,Healthy,0,0.1728100081284841,0.0239800295482079,0.0227030730909771,0.0862992331385612,0.6247457370651915,0.6106510325647675,0.48742364870329236,0.8331226696495287,0.7562881756483537
1185,Healthy,0,0.1063905970917807,0.0239890836593177,0.0219153412100341,0.0965932557980219,0.7647080188274998,0.7377514968989074,0.7359761435561146,0.7397046885482691,0.6320119282219425
1186,Healthy,0,0.1432132580214076,0.0206715400434202,0.0189663956148756,0.0805327470103899,0.6238367765060976,0.601979536860756,0.5045383168545791,0.7624747355384558,0.7477308415727104
1187,Healthy,0,0.1158822137448522,0.0185130822161833,0.0144754327419731,0.0765752171476682,0.6453823312284701,0.5853024295235046,0.5510038750627313,0.63592880488028,0.7244980624686345
1188,Healthy,0,0.1130914481149779,0.0185796131069461,0.018882547194759,0.1104714390304353,0.5700970391058846,0.5740776322899763,0.5644251040289325,0.5839030630841509,0.7177874479855336
1189,Healthy,0,0.1248404971427387,0.0178917102101776,0.0136099831304616,0.1002328147490819,0.5487061055036448,0.4911108673597932,0.5014063901061651,0.47820269297535206,0.7492968049469174
1190,Healthy,0,0.1177237795458899,0.0166844673868682,0.0195744639883438,0.1060639901293648,0.5190443678337832,0.5577295344065958,0.4965310616755569,0.6231997719425871,0.7517344691622215
1191,Healthy,0,0.2243698123428556,0.0306351768473784,0.0359572579877244,0.1667909779482417,0.5416988154703383,0.5819068544344488,0.48054239165531815,0.7093972052921984,0.7597288041723409
1192,Healthy,0,0.1419305975238482,0.0190017505859335,0.0194313628599047,0.0938312899735238,0.5552710860434225,0.5606683318606274,0.4722916382968887,0.6862407818923945,0.7638541808515555
1193,Healthy,0,0.150281709101465,0.03004132087032,0.0239234200368324,0.0958505512939559,0.7848428188376462,0.7192973028443208,0.6663889992314469,0.7989522187842094,0.6668055003842767
1194,Healthy,0,0.1499148582418759,0.0203902862138218,0.0238057488782538,0.1236620371540387,0.5189069973108809,0.5563222144089576,0.478911809246632,0.6457206558465811,0.760544095376684
1195,Healthy,0,0.1678911828332477,0.0236797684596644,0.0213060143093268,0.0933562326762411,0.6138492544849924,0.5876016450454515,0.4944333845992761,0.74326170538097,0.7527833077003618
1196,Healthy,0,0.0953531488776207,0.0200543336363302,0.0191249328975876,0.0715499321619669,0.7750027252011251,0.760458467117245,0.6950791473648498,0.8436707519785777,0.6524604263175751
1197,Healthy,0,0.2146292610300911,0.0292832778973711,0.0226933217296997,0.1328044376439518,0.5770100402658248,0.5205333948388667,0.4802258715543891,0.5837594527691952,0.7598870642228055
1198,Healthy,0,0.1117145278387599,0.0193118365067574,0.0204711094912555,0.073145674334632,0.6913012937727626,0.7083758631740353,0.5895557463788578,0.8746768967978454,0.7052221268105713
1199,Healthy,0,0.094666999247339,0.0230653098680906,0.0178280769743853,0.101903564400143,0.7602866882318854,0.6888352822919155,0.7836526792480192,0.5956011884483543,0.6081736603759905
1200,Healthy,0,0.0979362080494562,0.0168308231772647,0.0156619205243057,0.099157458378209,0.5835037286669447,0.5661091818680389,0.5866082967334273,0.5456194128206586,0.7066958516332864
1201,Healthy,0,0.1044833486278851,0.0160764614120125,0.0178370077369941,0.1042252911461724,0.5339651952300499,0.5591158909555207,0.5333937207330443,0.5845214419258815,0.7333031396334778
1202,Healthy,0,0.1073888507154252,0.0172785215286744,0.0167460177714626,0.1057921085092756,0.557961116001987,0.5505466424197424,0.5543879274151358,0.5466386105201907,0.7228060362924321
1203,Healthy,0,0.1098060326443778,0.0199012700468301,0.0214438740577962,0.1045903186831209,0.6263212222702422,0.6466708741929523,0.6137285914952294,0.6805732187892034,0.6931357042523854
1204,Healthy,0,0.2318809893396165,0.0263841077685356,0.0256972468147675,0.1144194578131039,0.5289136479061456,0.5229290530475922,0.4086360575077923,0.7335955233322242,0.795681971246104
1205,Healthy,0,0.108310869998402,0.0147832359911666,0.0146903698850009,0.0865970618195003,0.526856897388533,0.5254194472337188,0.4803881021702008,0.5801458142549807,0.7598059489148996
1206,Healthy,0,0.1454804125759336,0.0203102802236874,0.0190783674932188,0.1258514407608244,0.5208558568869894,0.5070621035089464,0.49002220524489726,0.5265546880397962,0.7549888973775515
1207,Healthy,0,0.0853129426638285,0.0170053971103496,0.0160402992947234,0.0944840908050537,0.6362871666247513,0.6210350041017151,0.6648034808962459,0.5805161839931564,0.6675982595518771
1208,Unhealthy,1,0.1138725098636415,0.0160003774282005,0.0153894192642635,0.0609056428074836,0.6190332512931206,0.6090140934002556,0.492801161561781,0.8068369745759666,0.7535994192191097
1209,Healthy,0,0.0974695657690366,0.0172897668348418,0.0149258248921897,0.0612632015513049,0.7155164672416351,0.6748545394734505,0.6026443842967234,0.7836207175194397,0.6986778078516382
1210,Healthy,0,0.0921863110529051,0.0204889548735486,0.0207563222696383,0.0689461086359289,0.8110008006312643,0.8152138854988872,0.7273630003916677,0.9255634238714973,0.6363184998041662
1211,Healthy,0,0.1230421538154284,0.0177366916711131,0.0193127888358301,0.0751303384701411,0.6073016824613036,0.630034346997408,0.503959003494136,0.8179648169955949,0.7480204982529319
1212,Healthy,0,0.1933629910151163,0.0245422232482168,0.0300554806987444,0.1243988060288959,0.5352045698788452,0.5865052864412851,0.4505119041081435,0.7783657245264617,0.7747440479459281
1213,Healthy,0,0.154880263739162,0.0215873182233836,0.0218874644488096,0.088014795548386,0.603693954173535,0.6072536461895317,0.4893208822448852,0.7966156273535452,0.7553395588775573
1214,Healthy,0,0.1155704268150859,0.016177956532273,0.0159695158816046,0.0690296933882766,0.5965432272554735,0.5932702093840112,0.491177382863797,0.7515136208338009,0.7544113085681015
1215,Unhealthy,1,0.1584796847568618,0.0161363190660874,0.0168010841848121,0.0690885815355512,0.4968061237878135,0.505745664708817,0.3696412405004691,0.7824496250579206,0.8151793797497655
1216,Healthy,0,0.1100830493701828,0.0152827818981475,0.0138389040819472,0.0766104434927304,0.5627487160498913,0.5397523220788638,0.48762192197127663,0.6120068061528647,0.7561890390143616
1217,Healthy,0,0.1637285351753235,0.0282464391655392,0.0261317330102125,0.1345497030350897,0.6369501427489672,0.6167835952984,0.5885441946279104,0.6505227648785755,0.7057279026860447
1218,Healthy,0,0.1091663274500105,0.0182464571876658,0.0207422193553712,0.1213000218073527,0.5467937524062345,0.5787782421533753,0.5728297121690965,0.58411411100192,0.7135851439154516
1219,Healthy,0,0.1285766007171737,0.0226606608678897,0.0209649935778644,0.1119081510437859,0.6342947325266902,0.6142070616591615,0.5993406817973681,0.6311280925144409,0.700329659101316
1220,Healthy,0,0.2115608238511615,0.0269350316375494,0.0262796738081508,0.1222282159659597,0.5558498468927601,0.5500174724103624,0.4517484227531888,0.7078323945784638,0.7741257886234056
1221,Healthy,0,0.1583329737186432,0.0190734893290532,0.0198701442115836,0.0790104195475578,0.553877486050039,0.5638141463350532,0.4300517354641183,0.803803839953193,0.7849741322679409
1222,Healthy,0,0.1633621586693657,0.0169694930728938,0.0168460358141197,0.0685507108767827,0.5106450892728083,0.5090239370184447,0.37640631378783324,0.789071549767334,0.8117968431060834
1223,Healthy,0,0.1391184884640905,0.0186201753094792,0.0202533741378121,0.0750218820240762,0.5925728982707236,0.6145677590736139,0.4721778380526423,0.8503099316111328,0.7639110809736788
1224,Healthy,0,0.145075365073151,0.0279509425163269,0.0300370067771938,0.1262346125311321,0.6833723518719811,0.7043828042259983,0.6461663062854762,0.7688409939089556,0.6769168468572618
1225,Unhealthy,1,0.1166253089904785,0.0158444653368658,0.0158272480799092,0.0620286845498614,0.6026146264179716,0.6023365165387571,0.4784326210962737,0.8131556604772937,0.7607836894518631
1226,Healthy,0,0.2174959828456243,0.0274181477725505,0.0253966454830434,0.0877316726578606,0.6091839561878446,0.5900394597192821,0.4478001772024473,0.897976595087758,0.7760999113987763
1227,Healthy,0,0.1092666015028953,0.0229803758362929,0.0198115845107369,0.115132803718249,0.6799929723469054,0.640618910061469,0.6950745128140852,0.5872518233842761,0.6524627435929575
1228,Healthy,0,0.1457474256555239,0.016430790329145,0.0179599135493238,0.0885567267735799,0.49200292685051045,0.5119666874322606,0.40525270867940105,0.6744453634616553,0.7973736456602997
1229,Healthy,0,0.1377192247245046,0.0252796067959732,0.0225746263232496,0.1068880880872408,0.6851618875346027,0.6545029086390479,0.6203628961057254,0.6974865752210854,0.6898185519471374
1230,Healthy,0,0.1571005640758408,0.023728868820601,0.0206161505646175,0.1179438746637768,0.5886191302493733,0.5553723613242847,0.5248895257928538,0.5951543536639816,0.7375552371035733
1231,Unhealthy,1,0.1190236392948362,0.0203705017144481,0.0181981005395452,0.1062154645721117,0.6126924880676259,0.5847987205697734,0.5845439863384597,0.5850841272240058,0.7077280068307702
1232,Healthy,0,0.1289733284049564,0.0168613832857873,0.0168074432553516,0.083945342236095,0.5469116131123205,0.5461562638151569,0.4624792846724574,0.6672745839579182,0.7687603576637714
1233,Healthy,0,0.1596690813700358,0.0282818478428655,0.0263700218250354,0.1387191373440954,0.6374237567515759,0.6192143211652604,0.6018985479093696,0.6389280061210997,0.6990507260453153
1234,Healthy,0,0.1587418143947919,0.0238407334933678,0.0217415516575177,0.1066658372680346,0.6091743742791017,0.5862863038965794,0.5223003790695562,0.6772679310572374,0.738849810465222
1235,Healthy,0,0.0902063382996453,0.017084457911551,0.0152487182575795,0.1009071179562144,0.6066860093452098,0.578808027997192,0.6369402973921878,0.5251124267062411,0.6815298513039061
1236,Healthy,0,0.1374422543578677,0.0222986357079611,0.0216837125933832,0.092658766441875,0.6494000535090186,0.6418827737792847,0.5583701380096704,0.7585531738103001,0.7208149309951648
1237,Healthy,0,0.224829109178649,0.0251725667880641,0.026357983963357,0.1131836358043882,0.518543707807985,0.5291381093263446,0.402758368570549,0.755559065667363,0.7986208157147254
1238,Healthy,0,0.1556367990043428,0.0262676692671246,0.0213852872451146,0.1015951351986991,0.6783846217195917,0.6251927591484387,0.5776146021421248,0.695567207207633,0.7111926989289377
1239,Healthy,0,0.1895921967095798,0.0246136263012886,0.0210080256478654,0.1029239437646336,0.5761896627685875,0.5396811947247014,0.45962571801868807,0.6780502479692432,0.7701871409906559
1240,Healthy,0,0.117327289448844,0.0163494092929694,0.0151970154709286,0.0760092847049236,0.5786495325286247,0.5611171127337699,0.48922241338550915,0.6664897245750646,0.7553887933072455
1241,Healthy,0,0.1320042022400432,0.0149142205094297,0.0158211580581135,0.0951743945479393,0.4642431782942455,0.47667643484887584,0.40605446833203795,0.5701546660798639,0.796972765833981
1242,Healthy,0,0.1428940180275175,0.0266807847138908,0.021159255463216,0.1016328823235299,0.7165308475000803,0.6545205157694624,0.6293572932430874,0.6892706925573182,0.6853213533784563
1243,Healthy,0,0.1065389878220028,0.0181119276417626,0.0184353637612528,0.1021354405416382,0.5916555190842288,0.5961509679940652,0.5812048014048491,0.6116029122586111,0.7093975992975754
1244,Healthy,0,0.0934623446729448,0.0155868942124976,0.0167746102023455,0.0806562842594252,0.6074026274575755,0.6269175419491735,0.5717378450984634,0.6886772535554383,0.7141310774507682
1245,Healthy,0,0.1113233524892065,0.0207685281833012,0.0190200762202342,0.0768864361776246,0.7231795737705612,0.698050611106817,0.6289115751116339,0.7932756908657577,0.6855442124441831
1246,Healthy,0,0.1278491011924213,0.0217495924896664,0.0169351278907722,0.0915389479034476,0.661868350243122,0.5995939898492866,0.5815449842332574,0.624485722206987,0.7092275078833712
1247,Healthy,0,0.09603953278727,0.017518642772403,0.017712861402995,0.0973418454329172,0.6135625691402142,0.616439525300843,0.6170808111723223,0.6158065807166528,0.6914595944138388
1248,Healthy,0,0.2057910644345813,0.0232621673494577,0.0195429584839277,0.1080748836199442,0.5163772379594904,0.48005155413121653,0.4062316373931846,0.6125462760299963,0.7968841813034075
1249,Healthy,0,0.1641569501823849,0.0264864611542887,0.023308379161689,0.0952126193377706,0.6783953345371156,0.644250615293921,0.5557278055104454,0.7866413363635398,0.7221360972447772
1250,Healthy,0,0.146594590610928,0.0164574620624383,0.0124619744925035,0.0771679331858952,0.5129383105744045,0.4577997814277255,0.4037351702748981,0.5561525082550947,0.7981324148625508
1251,Healthy,0,0.1394348177644941,0.0212400230682558,0.0190573924531539,0.1037907923261324,0.5947386089232991,0.5685240616266756,0.5287703527987938,0.6205184875101942,0.735614823600603
1252,Healthy,0,0.1231726126538382,0.0163619944618807,0.0162075787989629,0.0682486879328886,0.5839781687177537,0.581623218863957,0.46904477104554754,0.7676199494075169,0.7654776144772262
1253,Healthy,0,0.1878400817513466,0.0280000625385178,0.0264734199477566,0.1097068828013208,0.6335803825814414,0.618980890962261,0.5189037031204885,0.7775990921840114,0.7405481484397557
1254,Healthy,0,0.1390721458527777,0.0259292839715878,0.0222585929764641,0.0837604676683743,0.7551544635212127,0.7112064016211719,0.628583255289073,0.8397958948544135,0.6857083723554634
1255,Healthy,0,0.242815602156851,0.027754050369064,0.0270215322573979,0.1097251085771454,0.5441319683090904,0.5379169310861596,0.4103054442353728,0.7904115842989554,0.7948472778823137
1256,Healthy,0,0.1422557193371984,0.0191506354345215,0.0188353850195805,0.1241464573476049,0.5028006237083945,0.4991786253363479,0.47459433580806926,0.5269308244388171,0.7627028320959653
1257,Healthy,0,0.1283139561613401,0.0160375205386016,0.015968343656924,0.0867706206109788,0.5190984086523618,0.5181238751310616,0.4444019806444579,0.621705455985904,0.7777990096777709
1258,Healthy,0,0.1542010539107852,0.0218713012420468,0.0233759944223695,0.0928998175594541,0.6015964792245865,0.6190877966896969,0.4968707602749417,0.8041567381537157,0.751564619862529
1259,Healthy,0,0.1191283588608106,0.0210551613320906,0.0199706034941805,0.10437623411417,0.6341559932784517,0.6203562444367129,0.6007884893493157,0.6424161282518817,0.6996057553253421
1260,Healthy,0,0.1070921081635687,0.012128340287341,0.0112451853023635,0.0912226811051368,0.43593512846458216,0.4217367181420081,0.4069214784856299,0.43897411731568525,0.7965392607571851
1261,Healthy,0,0.1781019262141651,0.0205924887624051,0.0201996775964895,0.0805944088432523,0.5493503702537951,0.5448244746089982,0.4145559655480672,0.8016215359445941,0.7927220172259664
1262,Healthy,0,0.1062029641535547,0.0161280523364742,0.0166919119656085,0.0522988566921816,0.6763777617153615,0.6861730727993227,0.5273577478296777,0.9677765469408915,0.7363211260851612
1263,Healthy,0,0.116397893263234,0.019433320292996,0.0162591844176252,0.0708983913064003,0.6874095842056738,0.6402564868992109,0.5722784854587548,0.7461971851584331,0.7138607572706225
1264,Healthy,0,0.1754183371861775,0.0236466392460796,0.0217742712961302,0.0847066011693742,0.6153607808555781,0.5946199001696542,0.47515418673614207,0.8179599130607877,0.762422906631929
1265,Healthy,0,0.0916992069946395,0.0135043749792708,0.0124701976569162,0.08979175819291,0.5181541843281113,0.500797827121632,0.5134568510269844,0.4877746588468909,0.7432715744865077
1266,Healthy,0,0.1467344835400581,0.0198161568906572,0.01727311923686,0.0740277531246344,0.6088040431480873,0.575358674081632,0.4759190799725727,0.7567559340931265,0.7620404600137137
1267,Healthy,0,0.0881461658411555,0.0162228506265415,0.0150853688311245,0.0892397330866919,0.6185093422555271,0.600078616491365,0.6217496791899958,0.5783984315877578,0.6891251604050022
1268,Healthy,0,0.1761991961134804,0.0168384620919823,0.0199243469784657,0.0730213907857735,0.47617137464398596,0.5141950139558842,0.348915589808078,0.857461459029123,0.8255422050959609
1269,Healthy,0,0.0877441035376654,0.0179287811948193,0.0195955908339884,0.0930412436525027,0.6620583606301581,0.6875437733703251,0.6786520966170936,0.6958857081992502,0.6606739516914532
1270,Healthy,0,0.2196718090110355,0.026957602550586,0.0268319394025537,0.1247108048862881,0.5414561921201546,0.5403646755584868,0.437216346256424,0.7082342220597981,0.7813918268717881
1271,Healthy,0,0.1131763582428296,0.0112136093278725,0.0113746118214395,0.1105221799678272,0.36448389540829074,0.36686050371546636,0.36059529709255017,0.3732538536733191,0.819702351453725
1272,Healthy,0,0.1372638833191659,0.0212933025840255,0.0212933467701077,0.0956425459848509,0.6183329498643837,0.6183334922468601,0.537176601936574,0.7283767633169164,0.7314116990317129
1273,Healthy,0,0.1392433370153109,0.0180858050783475,0.01846294125749,0.0650850563413567,0.6016068129443539,0.6069276043794657,0.4598208529626629,0.883944165658609,0.7700895735186685
1274,Healthy,0,0.2271553609106275,0.0382432970735761,0.0399815773384438,0.1360092891587151,0.6958842505582754,0.7088965194988256,0.5763902103205408,0.9087193701404781,0.7118048948397295
1275,Healthy,0,0.1559678299559487,0.0251489628313316,0.0234126169234514,0.0938970247904459,0.6702753165348198,0.650901852390578,0.5554197917112806,0.7983185893808005,0.7222901041443596
1276,Healthy,0,0.2015158832073211,0.0255546112441354,0.0233597604350911,0.0900361330972777,0.5966151604227997,0.5746748977940259,0.45016172278778394,0.8240072795377927,0.774919138606108
1277,Healthy,0,0.1117574804359012,0.014225081126723,0.0116068401063481,0.0738727918101681,0.5315789333099549,0.4886343191293772,0.45165238586300405,0.543139451872415,0.774173807068498
1278,Healthy,0,0.1011142440968089,0.0164846872083014,0.0132268855555189,0.0771713885996076,0.6242573819604571,0.5713840760134695,0.5607087420048706,0.5852715963502187,0.7196456289975647
1279,Healthy,0,0.1160163912508222,0.0179045586329367,0.0177284864087899,0.1020334545109007,0.5642364065275204,0.5618517658620448,0.5347799175103687,0.5921242181830765,0.7326100412448157
1280,Healthy,0,0.1193378633923,0.0134994126856327,0.0118933068588376,0.0787643376323911,0.4797637008331363,0.454466159316805,0.40649471546564664,0.5247569325491707,0.7967526422671767
1281,Healthy,0,0.1878706051243676,0.0286114700138568,0.0284489293893178,0.1272376303871472,0.6147531422244245,0.6132746722867102,0.5286621535864029,0.7309283326746976,0.7356689232067986
1282,Healthy,0,0.1268232133653428,0.017672575596306,0.0143908603737751,0.095436784128348,0.5488267819623956,0.5042938518624317,0.48922050180982224,0.5241252487572711,0.7553897490950888
1283,Healthy,0,0.1516839207874404,0.024349495768547,0.0227051447663042,0.1030562602811389,0.6419605104892576,0.623663988465418,0.5532925792144163,0.7221657473606868,0.7233537103927918
1284,Healthy,0,0.1347276750538084,0.0224223083092106,0.0248279857138792,0.106036187046104,0.6280572176240867,0.6562218282480617,0.5707237844859253,0.7588932918841274,0.7146381077570373
1285,Healthy,0,0.2657921115557353,0.0375583933459387,0.0357955358922481,0.1464645374152395,0.6165029211304044,0.6042201923088412,0.49524748090480514,0.7855924831514385,0.7523762595475975
1286,Healthy,0,0.2165758510430654,0.0299303554412391,0.0236131079081032,0.1351972363061375,0.5816889783067485,0.5284113195680019,0.48567305250620246,0.5947498703547496,0.7571634737468989
1287,Healthy,0,0.1572318110201093,0.0245708775603108,0.0220182397299342,0.0904921698901388,0.6621411521269208,0.6331912181293049,0.5406053728285083,0.7827983136595361,0.729697313585746
1288,Healthy,0,0.1296874781449636,0.017773441866868,0.0162556192113293,0.0916236270633008,0.5535647753087817,0.5330780749946045,0.4821193809299966,0.6027338815455601,0.7589403095350017
1289,Healthy,0,0.1487151665820015,0.0143670657028754,0.0161666587616006,0.0736266548434893,0.45777592129763506,0.4829842182962535,0.35238825227210724,0.7201720534649786,0.8238058738639463
1290,Healthy,0,0.128715650902854,0.0221736222091648,0.0222962465551164,0.1152643760045369,0.6152348227682001,0.6166737368475113,0.5878117576377562,0.6483322375325137,0.7060941211811219
1291,Healthy,0,0.1397706932491726,0.017940669424004,0.0149958627298474,0.111680275036229,0.4995099814007083,0.4632627257242884,0.4550254114836923,0.4735181540674746,0.7724872942581539
1292,Healthy,0,0.1390312413374582,0.0188982417393061,0.0157757190366586,0.0928601067927148,0.5605960528977899,0.5203071760275304,0.47865012589499295,0.5808661706658872,0.7606749370525036
1293,Healthy,0,0.2107771784067154,0.0291210857944356,0.0248499922454357,0.1245592104064093,0.5919242301143988,0.5545342191985339,0.48555725722163656,0.6652867910242833,0.7572213713891818
1294,Healthy,0,0.2095763865444395,0.0272353924810886,0.0264853961351845,0.1230907763044039,0.5628049150972596,0.55613316525604,0.46003442215858104,0.7082784832158092,0.7699827889207094
1295,Healthy,0,0.2430910385317272,0.0321830496605899,0.0246071095267931,0.1327917352318763,0.5848155737019607,0.5250169803787217,0.4676509855603348,0.6253440948571578,0.7661745072198326
1296,Healthy,0,0.1701385892099804,0.0314291442433993,0.0331201892760064,0.1216631142629517,0.7089414076785492,0.7245589524780154,0.6236939554746445,0.8559111614430747,0.6881530222626778
1297,Healthy,0,0.1417269160350164,0.0263225980516937,0.0260894478609164,0.1061433007319768,0.70073206030327,0.698170387353621,0.6265438658302048,0.7891977785696143,0.6867280670848975
1298,Healthy,0,0.3078165319230821,0.0368761414041121,0.036413443999158,0.1678215248717202,0.5369754616472904,0.5340564385484136,0.4279306670276451,0.7131676656641376,0.7860346664861774
1299,Unhealthy,1,0.3059171338876088,0.0347974335567818,0.0331005822453233,0.1495741547809707,0.5301596040741041,0.5189102277951353,0.40852299116868523,0.7247982459787823,0.7957385044156575
1300,Healthy,0,0.2547471026579539,0.0344360261741611,0.0319748171087768,0.143169985877143,0.5901769884190433,0.5721029361547313,0.47632137204176805,0.730248721370221,0.7618393139791161
1301,Healthy,0,0.1591307520866394,0.030319152192937,0.0277363910443253,0.1115199054280916,0.7321500123395843,0.7064733565043372,0.6401513330551848,0.7967005226171346,0.6799243334724074
1302,Healthy,0,0.1854248891274134,0.027991991283165,0.0236958254956536,0.1185036881102456,0.6221953754191772,0.5813884584457446,0.5246443716975544,0.6665515203188592,0.7376778141512229
1303,Healthy,0,0.1561131725708643,0.0277301482856273,0.0203962268100844,0.0934703250726064,0.7272437285803649,0.6466211503556584,0.6033430674867649,0.7164958092732021,0.6983284662566174
1304,Healthy,0,0.1981437140040927,0.02545375459724,0.0253496424605449,0.1152890829576386,0.5589006578114182,0.557917064717218,0.45534960223763976,0.7209861262655438,0.7723251988811801
1305,Healthy,0,0.1512915144364039,0.0251260101795196,0.0243484967698653,0.1285620737406942,0.6089205279714357,0.6009145005424884,0.5696942009411171,0.636934299272237,0.7151528995294415
1306,Healthy,0,0.159546489516894,0.0246414041353596,0.0251490434424744,0.129549078643322,0.582576331153691,0.5876955113582581,0.5351362382564084,0.6502740460812215,0.7324318808717959
1307,Healthy,0,0.1726846463150448,0.0192678415526946,0.0214606194446484,0.0888743102550506,0.5136470700984302,0.5389369008487657,0.40151272362712337,0.7780172427012276,0.7992436381864384
1308,Healthy,0,0.1581373711427053,0.0206963869018687,0.0216112958474291,0.0970452850063641,0.5582765074008202,0.5688612666342963,0.46291901771051885,0.7285325665690032,0.7685404911447405
1309,Healthy,0,0.1999563541677263,0.0258741248399019,0.0249260703308714,0.0847680920528041,0.6151851286635398,0.6056210352851893,0.45829287443574723,0.9089296928559567,0.7708535627821265
1310,Healthy,0,0.1254459528459443,0.0174639960750937,0.0161343906074762,0.0991426727010144,0.5383546142073738,0.5205279133514414,0.48881120473265527,0.5598473848800012,0.7555943976336724
1311,Healthy,0,0.1760997590091493,0.0255454822132984,0.0230028654138247,0.0994666011797057,0.6256215376372436,0.5991501953646273,0.5067410876335545,0.7513012362557266,0.7466294561832226
1312,Healthy,0,0.1198553351892365,0.0261675003502104,0.0202591802097029,0.0764988660812377,0.8417735918674226,0.76491493415611,0.7168057038076475,0.8375191929273073,0.6415971480961763
1313,Healthy,0,0.1164743478099505,0.0235192060677541,0.0233543711817926,0.0963423752950297,0.7240713113785572,0.7219919602011367,0.6720082579887923,0.7804513278500804,0.663995871005604
1314,Healthy,0,0.1562739056017663,0.0285157286044624,0.0202286638733413,0.0997250568535592,0.7287656869910026,0.6398090942918159,0.6172581860871766,0.6745489427342081,0.6913709069564118
1315,Healthy,0,0.1387754140628708,0.0187191779000891,0.0177455958392885,0.110404315094153,0.5224842082908833,0.5106315489306339,0.4754240172130238,0.553901152487112,0.7622879913934881
1316,Healthy,0,0.1203208698166741,0.0273912965009609,0.0196614884254005,0.0907588410708639,0.8242250548569579,0.7291260990291452,0.7417478785615973,0.7122416140250936,0.6291260607192012
1317,Healthy,0,0.0870393829213248,0.020886731851432,0.0181919919947783,0.0731009356677532,0.8275505164370565,0.7846383230941212,0.7741122487512845,0.7970822038712937,0.6129438756243577
1318,Healthy,0,0.1426694583561685,0.0188594291814499,0.0192693983101182,0.119161018066936,0.5036747404543008,0.5084533400892854,0.4670230686027039,0.5567966582613627,0.7664884656986481
1319,Healthy,0,0.0946430696381463,0.0217171559731165,0.0192530341446399,0.0991385980612701,0.7324011141427267,0.6981020810436254,0.7465491187914796,0.6504863151528983,0.62672544060426
1320,Unhealthy,1,0.1240021445684962,0.0244302575786908,0.0186561094596982,0.0726096390022171,0.7961878453992641,0.719010420879782,0.6583537617201808,0.8176609417708678,0.6708231191399097
1321,Healthy,0,0.1607103430562549,0.0177981455086006,0.0189181317885716,0.1262388750910759,0.4414420911877383,0.4537558413107736,0.39881902875748565,0.5213150145554322,0.8005904856212572
1322,Healthy,0,0.1277937483456399,0.0187685601413249,0.0190509512192673,0.078518145200279,0.6157436471576504,0.6196582758383746,0.5122342936620481,0.7810239888805927,0.7438828531689761
1323,Unhealthy,1,0.1488172089060147,0.0192286562588479,0.0215047941439681,0.0857217849956618,0.5634847302090357,0.5919001519492262,0.4577001936937512,0.8022187900246138,0.7711499031531245
1324,Unhealthy,1,0.137571239637004,0.024758074639572,0.0244466322991583,0.1298710174030727,0.6248914468515396,0.62157181386427,0.6100703314101186,0.6336704154406227,0.6949648342949407
1325,Healthy,0,0.0896334416336483,0.0212050932976934,0.0181225432703892,0.0711705622573693,0.8347878953507267,0.7860353610826423,0.765260685223917,0.8118227342761846,0.6173696573880416
1326,Healthy,0,0.164436411526468,0.0191059565792481,0.0196862077961365,0.118602305650711,0.4757894248309306,0.482143468498051,0.41638247945550133,0.5694242364881037,0.7918087602722493
1327,Healthy,0,0.1242303467459148,0.0208280140327082,0.0177932480971018,0.0702704596850607,0.705565488362825,0.6626787822919422,0.5743347414353958,0.8081989071418981,0.7128326292823021
1328,Healthy,0,0.1298384045561154,0.0169264464121725,0.0184593014419078,0.0993015070756276,0.514886981708238,0.535082274027586,0.4613215303391646,0.6270100103519273,0.7693392348304177
1329,Healthy,0,0.1435355395078659,0.0202147217674387,0.0190818978266583,0.1036812174651357,0.5622107083423128,0.5486182888203701,0.49379394231201285,0.6217469402369855,0.7531030288439935
1330,Healthy,0,0.1199458878901269,0.0216251530994971,0.0192331197775072,0.0838048441542519,0.7004068728873789,0.6681401265687021,0.6110049893913557,0.7466420741871445,0.6944975053043222
1331,Healthy,0,0.1598987397220399,0.0217955081413189,0.0205047600385215,0.1047501613696416,0.5656764594794762,0.5512348286230065,0.47982824767705307,0.6548169064496387,0.7600858761614735
1332,Unhealthy,1,0.1417894297175937,0.0167388388266166,0.0206349312017361,0.0903020165860652,0.5042405104091451,0.5547843322724665,0.4223559363975133,0.7440237581155132,0.7888220318012432
1333,Healthy,0,0.1668842169973585,0.0174380997195839,0.0199555591162708,0.1097002045975791,0.4479050908377763,0.47638559716715106,0.3784262270610022,0.6156474203588108,0.8107868864694989
1334,Healthy,0,0.1654954478144645,0.0221953418933682,0.0191370430919859,0.1185292700926462,0.5406650669583145,0.5081479349048058,0.473019308574883,0.5560414207161959,0.7634903457125586
1335,Healthy,0,0.1378060628970464,0.0217783871210283,0.0197746236291196,0.0891055659287505,0.6441680247748471,0.6191208021403973,0.5458774239861505,0.7264727847891681,0.7270612880069246
1336,Healthy,0,0.1675213418073124,0.022151921565334,0.0202841762867238,0.1173241502708858,0.5384041636001409,0.518649372989186,0.4671596021799375,0.5896206078265721,0.7664201989100313
1337,Healthy,0,0.1728517115116119,0.0185666635839475,0.0173813025984499,0.1155470195743772,0.45627859040456814,0.44332766740216395,0.3879808001646382,0.5230278187323105,0.8060095999176807
1338,Healthy,0,0.1685196682810783,0.0227202092193894,0.0245615937229659,0.0985113531351089,0.5816905181461707,0.6017164974270355,0.47521907075753766,0.7982775857732511,0.7623904646212311
1339,Healthy,0,0.1557857692241668,0.0177707237501939,0.0190438453315032,0.1064377812047799,0.47744291971916036,0.49243981525755604,0.4095663249618474,0.6070640254570389,0.7952168375190763
1340,Healthy,0,0.1480760897199312,0.019911078736186,0.0187905486673116,0.1050144111116727,0.5438093075656125,0.5305369632496061,0.4741095148916047,0.6071016444205902,0.7629452425541977
1341,Healthy,0,0.1195271172457271,0.0284887601931889,0.0207763839926984,0.0752237521939807,0.9053809214883153,0.8075723138642378,0.7698838985688086,0.8656814382970142,0.6150580507155957
1342,Healthy,0,0.1297309059235784,0.020476649618811,0.0167005817509359,0.1056068349215719,0.5929008660628743,0.5456908450583045,0.5452894708224548,0.5461837787205867,0.7273552645887726
1343,Healthy,0,0.117413505911827,0.0196819367508093,0.0202021823368138,0.0964980282717281,0.6216769936155613,0.6286020831886715,0.5742550260913487,0.6924471594855922,0.7128724869543257
1344,Healthy,0,0.1633906347884072,0.0199408448404736,0.0191383552220132,0.109611443347401,0.5098594913917611,0.5008849013705469,0.4350773774550883,0.5945906070430065,0.7824613112724559
1345,Unhealthy,1,0.1288440517253345,0.0227697694467173,0.0245688174747758,0.0775907159679465,0.722923531534949,0.7461553557244446,0.6007307057020376,0.9619784525954507,0.6996346471489813
1346,Healthy,0,0.147417604095406,0.023103403341439,0.0164308504511912,0.1013336446550157,0.6266220682123661,0.5485430719739539,0.541948553758004,0.5580918233928791,0.7290257231209979
1347,Unhealthy,1,0.1115196785993046,0.0206981959442297,0.0189358993536896,0.1109956287675433,0.6274279163109425,0.6047558361001157,0.6261845008683624,0.5829501007952871,0.6869077495658187
1348,Healthy,0,0.093089265955819,0.0236413493338558,0.0200605936762359,0.0906962317725022,0.818506387381373,0.7684282326661616,0.810116498578825,0.7244914647908756,0.5949417507105875
1349,Healthy,0,0.1861791792843077,0.0303886245108313,0.0335467867553234,0.1528825643989775,0.6080172282397861,0.634599132831854,0.561276865319782,0.719774789701605,0.719361567340109
1350,Healthy,0,0.1423140159911579,0.0200882413321071,0.0195274545500675,0.1104489722185664,0.5485977365133353,0.5419778942533691,0.4947773919698923,0.600953727857978,0.7526113040150538
1351,Healthy,0,0.1278900032242139,0.0186780581457747,0.0192248591532309,0.0875743155678113,0.5910300135224532,0.5983870351001136,0.5097442913875979,0.7200377419936413,0.7451278543062011
1352,Healthy,0,0.131722055375576,0.0176129890605807,0.0189590234723356,0.1085556149482727,0.5114411851891308,0.5284024479354412,0.47177108700993636,0.5947246122378224,0.7641144564950317
1353,Healthy,0,0.1389858631624115,0.0242670385373963,0.0220478605479002,0.114402106238736,0.6430014322079025,0.6181442215644511,0.5945876192024799,0.6463280590570154,0.7027061903987601
1354,Healthy,0,0.22817389253113,0.0230047661397192,0.022658666388856,0.1095356883274184,0.479616789512314,0.47643867391850075,0.3663490562685936,0.6856167629090593,0.8168254718657032
1355,Healthy,0,0.1759253856208589,0.0185650762998395,0.0171458405546016,0.0899623483419418,0.4901380974026835,0.47362170563661643,0.3818197790575299,0.6403185687758345,0.809090110471235
1356,Healthy,0,0.1000703705681694,0.0181036576007803,0.0187165627462996,0.0701604133678807,0.7015626544289184,0.7113265733641247,0.6127795720019992,0.8423582153494702,0.6936102139990005
1357,Healthy,0,0.1042184109489123,0.0270380698558357,0.0262531646423869,0.0654646129243903,0.9666846951925726,0.9560069379744711,0.8239766810769968,1.1449542428466581,0.5880116594615015
1358,Healthy,0,0.1185843373338381,0.0171022704905933,0.0169174876064062,0.0757098868489265,0.5987698175374269,0.5960170771374564,0.5041697412827181,0.7305610336419175,0.7479151293586409
1359,Healthy,0,0.1344930537872844,0.0203670190854205,0.0204689995282226,0.1044078278872701,0.5826745557151736,0.5839203704848661,0.5260754100810014,0.6556540537378559,0.7369622949594993
1360,Healthy,0,0.1542133531636662,0.0156653143672479,0.0174726404042707,0.0658264876239829,0.4985570308883983,0.5235523075525673,0.36885889429047153,0.8390311311947607,0.8155705528547644
1361,Healthy,0,0.1480801353851954,0.0240430095129542,0.0207324309481514,0.1099336453609996,0.6283704734430963,0.5915063988417301,0.5587397215448547,0.6346691209767178,0.7206301392275726
1362,Healthy,0,0.1306835992468727,0.0165739073935482,0.0168383206344313,0.0798902602659331,0.5440273604276598,0.5477726761349739,0.45020203782260176,0.6963121128294302,0.7748989810886993
1363,Healthy,0,0.1359014825688468,0.0177653952398233,0.0195617601275444,0.1121186216672261,0.5012262862406951,0.5232523405936031,0.462439153919504,0.5942194231493722,0.7687804230402481
1364,Healthy,0,0.1585589382383558,0.0328893042686912,0.0307014272030856,0.1080950101216634,0.7914821478533296,0.7702256581897465,0.6871685806670298,0.884790065072115,0.656415709666485
1365,Healthy,0,0.1149220963319142,0.0205334186967876,0.0166655296666754,0.1140260961320665,0.6083637257561499,0.5590734245397122,0.6063516481388521,0.5100718447665322,0.6968241759305739
1366,Healthy,0,0.122196829981274,0.0190272149112489,0.0207445423843132,0.1067226777474085,0.5701594720676068,0.5920811350822798,0.5389228137667169,0.650976536959895,0.7305385931166415
1367,Healthy,0,0.121465641591284,0.0230172144042121,0.0245931088510486,0.0815592118435435,0.7393328751901437,0.7598346550393622,0.6372303273110715,0.9267101723307491,0.6813848363444641
1368,Healthy,0,0.1467760304609934,0.0247428661419285,0.0222869231883022,0.1223333271013365,0.6212993716600967,0.5950517649269637,0.5770295082811766,0.6164260715540731,0.7114852458594118
1369,Healthy,0,0.1323747874961959,0.0196104728513293,0.0180401141858763,0.1047803171806865,0.5676460843665341,0.5480321284812083,0.5161151234399585,0.5875281167848959,0.7419424382800207
1370,Unhealthy,1,0.1983007523748609,0.0203702580183744,0.0202902383688423,0.1110978817774189,0.465420859275569,0.46461289353661417,0.37261926913389465,0.6177191163479686,0.8136903654330528
1371,Healthy,0,0.1670228358772066,0.0203821325881613,0.02184309086038,0.1068137511610984,0.5182982167958315,0.5343919707793816,0.4350393216373638,0.6791116746588088,0.7824803391813182
1372,Healthy,0,0.0851461357540554,0.0192354718844095,0.0194338344865375,0.0896664584676424,0.7214986047451919,0.724544914835357,0.7371211200744594,0.7125126417286285,0.6314394399627702
1373,Healthy,0,0.1017086389991972,0.0191249530762434,0.0179864486886395,0.0891091558668348,0.6679231682583572,0.6512794729843635,0.63310053927067,0.6717903601477025,0.683449730364665
1374,Healthy,0,0.120720527238316,0.0194586546470721,0.0179473282769322,0.070051845577028,0.6777371789054616,0.6557323599392353,0.5552509120214922,0.8157953076567218,0.7223745439892538
1375,Unhealthy,1,0.1431104731228616,0.0171771979787283,0.01730150801854,0.1197707214289241,0.46231874047920757,0.4637976530608977,0.42865924398742905,0.5048873309577613,0.7856703780062855
1376,Healthy,0,0.1367825385597017,0.0170367621920175,0.0177089688885543,0.0879796362585491,0.5265660724397339,0.5355633534204315,0.44303314626339785,0.67023190868707,0.7784834268683011
1377,Healthy,0,0.1418760369221369,0.0206983848992321,0.0219846644128362,0.1127455515993966,0.5593811145147158,0.574266847945474,0.5092654715875231,0.652701823348672,0.7453672642062386
1378,Healthy,0,0.1560861095786094,0.0232610327916012,0.0242021965483824,0.1235103656848271,0.5706154021470364,0.5804839749064858,0.5187934969955749,0.6553862767655962,0.7406032515022126
1379,Healthy,0,0.1184484908978144,0.0174241859672798,0.0196151046289338,0.0683776243693298,0.6288206166522127,0.6618135652244815,0.512956287291815,0.8916693391482776,0.7435218563540926
1380,Unhealthy,1,0.1428122892975807,0.0169009445235133,0.0201841938412851,0.0998378917574882,0.4890813663944473,0.5302889666089773,0.4232822570594303,0.6726826563824149,0.7883588714702849
1381,Healthy,0,0.1351276255316204,0.0179476710036396,0.0173063621752791,0.0755695493684874,0.5822616591526247,0.5733500307522985,0.46898935125055824,0.7453541779613636,0.765505324374721
1382,Unhealthy,1,0.1292415319217575,0.0238153208047151,0.021454619243741,0.1161236986517906,0.6502568279144149,0.623048338596756,0.6223914938921522,0.6237790829811511,0.6888042530539239
1383,Unhealthy,1,0.0922063233123885,0.0207266813764969,0.018427335553699,0.0800656121638086,0.7758251006587117,0.7407608476548024,0.7341230823919368,0.7483717760809163,0.6329384588040315
1384,Healthy,0,0.1921865906980302,0.0225395543707741,0.018381437079774,0.1063718944787979,0.5247284876782808,0.48216159465173586,0.41987536009742626,0.5893690164464709,0.790062319951287
1385,Healthy,0,0.1146101711524857,0.0203505100475417,0.0216356737332211,0.1264888197183609,0.5777291484918247,0.5932657382349301,0.6031537442339929,0.5842564785625608,0.6984231278830034
1386,Healthy,0,0.1772584749592675,0.0200124144968059,0.0202698124986555,0.119449361330933,0.4754493177533247,0.47814142177022834,0.40578545677946254,0.5803015275019595,0.7971072716102686
1387,Healthy,0,0.1292801971236864,0.024184370206462,0.0228632624364561,0.1057269995411237,0.6827501433144728,0.6672125807367484,0.630357107890166,0.7111973203831685,0.684821446054917
1388,Healthy,0,0.1265836200780338,0.0205518926183382,0.0185124296694993,0.1034773853090074,0.6063292382780499,0.5806116076154645,0.5587201143139104,0.6070155831537574,0.7206399428430447
1389,Healthy,0,0.1305060245924525,0.0205515219519535,0.0187265396946006,0.087089823351966,0.6355349048500077,0.6116317801071761,0.5442037798730438,0.7078882379036071,0.727898110063478
1390,Healthy,0,0.1754611680905024,0.028506522377332,0.0285616469466023,0.0906657460663053,0.7057380949941068,0.706299968543114,0.5590399599455672,0.9582243216040195,0.7204800200272163
1391,Healthy,0,0.189386549923155,0.0148858622544341,0.0130684559957848,0.0864782465828789,0.38963569419004873,0.36803896651000406,0.29149040921869995,0.5251185888536231,0.8542547953906499
1392,Healthy,0,0.1764151553312937,0.032114909754859,0.0220705562581618,0.1144309822056028,0.723561460414915,0.6281797430209206,0.6160245476658908,0.6467489379695337,0.6919877261670545
1393,Healthy,0,0.1553113692336612,0.0324000950074858,0.0256952999366654,0.1096508279442787,0.7860228155985951,0.7193193580443152,0.6904233609485336,0.7593951992263278,0.6547883195257331
1394,Healthy,0,0.1672234957416852,0.0257253346757756,0.0228006268541018,0.1135527392228444,0.6194642117557224,0.5894398767631855,0.5333089528475856,0.6688687638627145,0.7333455235762073
1395,Healthy,0,0.1426048742400275,0.0242981691327359,0.0187012068927288,0.0923168154226409,0.685619022121428,0.6188717781287741,0.5823301634702504,0.6738079638855085,0.7088349182648748
1396,Healthy,0,0.1741987996631198,0.0236557591706514,0.0268479869183566,0.1295863075388802,0.5390142188702705,0.570198532862392,0.47824542047627905,0.6864987504564306,0.7608772897618604
1397,Healthy,0,0.1760932587914996,0.0240742065426376,0.0289432309154007,0.1459025334980752,0.5203205927431949,0.5654993824481281,0.48108130864225734,0.6621431411276432,0.7594593456788714
1398,Healthy,0,0.0942408078246646,0.020831169353591,0.017624069419172,0.0682242732081148,0.8163986741272837,0.7655818746452584,0.7241092006726145,0.8211722616795264,0.6379453996636927
1399,Healthy,0,0.1968822247452206,0.0224475440465741,0.025103796687391,0.1199110953344239,0.49650568919200816,0.5220478941865573,0.40938435617251934,0.6924474124661509,0.7953078219137404
1400,Unhealthy,1,0.2043398585584428,0.0261279288679361,0.0249602051658762,0.1211221077375941,0.5533851400293749,0.5426968043727544,0.4534764560324068,0.6834559138550784,0.7732617719837965
1401,Unhealthy,1,0.113484435611301,0.0192864197823736,0.0194137927351726,0.0751742161810398,0.6790051736998205,0.680865690194482,0.5810437757650367,0.8209832496789167,0.7094781121174816
1402,Healthy,0,0.1149468339151806,0.0224532240794764,0.0185493021789524,0.0983529707623852,0.6956678649821078,0.6449414145362079,0.6536598137491187,0.6346943207258451,0.6731700931254407
1403,Healthy,0,0.1594008811646037,0.0207330857714017,0.019433775709735,0.111477453675535,0.5310312260394278,0.5165405150915594,0.46039258722964466,0.5938001132826172,0.7698037063851776
1404,Healthy,0,0.1201644705401526,0.0177165225355161,0.017190839888321,0.0743730217218399,0.6163058186835634,0.6085534142246853,0.5139656203605474,0.7509879808919426,0.7430171898197263
1405,Healthy,0,0.1488076324264208,0.017839201622539,0.0162301595426268,0.0864198290639453,0.5268014892172247,0.5060492111152051,0.42819179192562284,0.6324466183754714,0.7859041040371887
1406,Healthy,0,0.1701339268022113,0.0264952536672353,0.0254717227071523,0.1110986388391918,0.6341932872874494,0.6238541152847662,0.5389892508116778,0.7460395482224352,0.7305053745941612
1407,Healthy,0,0.1168323730429013,0.0193171621196799,0.0172567363414499,0.0820225775241851,0.6507127409580374,0.6214004547377524,0.5675278170171514,0.6952802419567579,0.7162360914914243
1408,Healthy,0,0.1294128381543689,0.022018621986111,0.0250909117360909,0.0767217564086119,0.7041119293053494,0.7440967581945437,0.5816128819119822,0.985767771076584,0.7091935590440087
1409,Healthy,0,0.1826258574922879,0.0243720066630178,0.0271277071701155,0.0988271724846628,0.5904839466573716,0.6187029816160181,0.47096150991648966,0.8615055564172853,0.7645192450417551
1410,Healthy,0,0.2208353281021118,0.0234052853451834,0.0253202892425987,0.1054284274578094,0.5018900245519713,0.5197542508059069,0.3833152073249937,0.7746244821849075,0.808342396337503
1411,Healthy,0,0.1148748381270302,0.019605583925214,0.0166178077666295,0.0716011416580942,0.6949650126067007,0.6506240489428559,0.5831505768950499,0.7534801933142178,0.708424711552475
1412,Healthy,0,0.1188221118516392,0.0188745487895276,0.0177278314820594,0.1095248866412374,0.5674506035421244,0.5525943173337428,0.5482935810248611,0.5572480256141223,0.7258532094875694
1413,Healthy,0,0.1752919091118706,0.020932864708205,0.0211856228609879,0.1166176340646213,0.5017235589824257,0.5043706957786448,0.4267119650732578,0.61495274737736,0.7866440174633712
1414,Healthy,0,0.1512337956163618,0.0241900876992278,0.0251757415632406,0.1005047617687119,0.6448138035202411,0.6557968791102815,0.551580257876507,0.8012616402958032,0.7242098710617463
1415,Healthy,0,0.143838236729304,0.0240096990019083,0.0245156737251414,0.1015113302403026,0.654730441690269,0.6604901088488672,0.5721774032504484,0.778108594309311,0.7139112983747757
1416,Healthy,0,0.1217443380090925,0.0206592465854353,0.019270586884684,0.0760629317826694,0.6911592069203739,0.6718317489741478,0.5803013075621464,0.8085545211826168,0.7098493462189268
1417,Healthy,0,0.1561431305276023,0.0196532959946327,0.0186389332844151,0.1210745614435937,0.4967276633242507,0.4854646614890651,0.44718306016640047,0.533633012922652,0.7764084699167998
1418,Healthy,0,0.1224551457497808,0.023489563829369,0.0229126160136527,0.0964987534615728,0.7066309621134395,0.6994703872378701,0.6437934995274349,0.7675187417863564,0.6781032502362826
1419,Healthy,0,0.1320091403192944,0.0214146857874261,0.023479818056027,0.1233665810690985,0.5744955077629219,0.5980546863584487,0.5583144764628721,0.6395749080921002,0.7208427617685639
1420,Healthy,0,0.1302299996217092,0.0229468643665313,0.0228728453318278,0.102771348423428,0.6582221423659056,0.6573349957019575,0.5992253338805251,0.7281783470673435,0.7003873330597374
1421,Healthy,0,0.1738172007931603,0.0236673115028275,0.0287709445175197,0.1285326075222757,0.5414553095981661,0.591206540372428,0.4793755465209377,0.7316031747392733,0.7603122267395311
1422,Healthy,0,0.1337230255206426,0.017762067520784,0.020092942027582,0.0754654395083586,0.5806670360467535,0.6129287100276896,0.46901162785506845,0.8410750246968056,0.7654941860724659
1423,Healthy,0,0.1399873809681998,0.0171070839795801,0.0187015122630529,0.0681528627044624,0.5646964332737189,0.5871492769560468,0.43558718597161783,0.8612813008002195,0.782206407014191
1424,Healthy,0,0.159475263622072,0.0314230778151088,0.0261380101243654,0.0935117163591914,0.7959412556069123,0.7414129261839844,0.6584253708762418,0.8738176305971745,0.6707873145618791
1425,Unhealthy,1,0.1253630701038572,0.0234096658726533,0.0219433591183688,0.0736891730791992,0.7616875884729312,0.7422593683000197,0.6294074171318438,0.9178198512211657,0.685296291434078
1426,Healthy,0,0.1529421905676523,0.0219794925716188,0.0168253666617804,0.1143860701057646,0.5648671538457964,0.5070324863276606,0.5026133336281454,0.5129237839713111,0.7486933331859273
1427,Healthy,0,0.1715039561192194,0.0195431330551703,0.0195131707522604,0.1070244337121645,0.4922476388181796,0.4919167024069363,0.4091793942451776,0.6168338917067577,0.7954103028774112
1428,Healthy,0,0.1454040995902485,0.0255981934153371,0.0173958620677391,0.1021292987796995,0.6855210208957438,0.5919448219145113,0.5987801207905666,0.5821656944663928,0.7006099396047167
1429,Healthy,0,0.1739558610651228,0.0270447915212975,0.0258817685147126,0.1492125184999572,0.5735023607583316,0.5629063777582046,0.5382030590108573,0.5912647169931744,0.7308984704945715
1430,Healthy,0,0.1696164260307947,0.0250673612786663,0.021032650851541,0.1211874783039093,0.5881964506557191,0.5473372065712823,0.5150374692232651,0.5915520109970304,0.7424812653883675
1431,Healthy,0,0.1209099855687883,0.0207827950103415,0.0212277246432171,0.1061095347007115,0.6190304440298274,0.6246219889135571,0.5867001812060603,0.6668189578631523,0.7066499093969698
1432,Healthy,0,0.1377102327015665,0.0168395884748962,0.0173112008099754,0.0742254104051325,0.5484877002462016,0.555102350876966,0.43583585789255647,0.7564711247303955,0.7820820710537219
1433,Healthy,0,0.1754888345797856,0.0209682604504956,0.0196346135603057,0.1213357274731,0.4951751899636118,0.48132273397161235,0.4269280363178256,0.5571275040230736,0.7865359818410872
1434,Healthy,0,0.1645250841975212,0.0176022441850768,0.0193421677168872,0.1089913596709569,0.45613348100337586,0.4759944606901563,0.38659204725387425,0.6028718483964718,0.8067039763730628
1435,Healthy,0,0.1330644107527203,0.0193670507934358,0.0193855914597709,0.1117849143015013,0.5463521200185507,0.5465779045347499,0.5082166265937553,0.5911570241271251,0.7458916867031222
1436,Healthy,0,0.1220958282550176,0.0164978665610154,0.0195647525704569,0.0910743218329217,0.5361544449908471,0.5787781316946271,0.4761505660965139,0.7073360899288018,0.7619247169517429
1437,Healthy,0,0.108844369649887,0.0180642398902111,0.0173938130545947,0.0744358036253187,0.658651867686592,0.6484107246831443,0.5693621561428742,0.7576559146587132,0.7153189219285628
1438,Healthy,0,0.1679796651005745,0.0148828396987583,0.0109693633599413,0.0691304343442122,0.4461353447156419,0.3932457665996723,0.3255525721927572,0.5477848221518039,0.8372237139036213
1439,Healthy,0,0.147740943564309,0.0287490667154391,0.0236436542537477,0.0924364038639598,0.7726284108442907,0.7163100621490979,0.6515738011430782,0.8147361273638426,0.674213099428461
1440,Healthy,0,0.0921566444966528,0.020809505548742,0.0192101225256919,0.0697576743033197,0.8179301369157053,0.7927271009925689,0.7368403912279853,0.8636888047306417,0.6315798043860072
1441,Healthy,0,0.1037408966157171,0.0193202944679392,0.0211222598122225,0.0975709234674771,0.6441375453381183,0.6691511479230021,0.6279898414051712,0.7118272247344837,0.6860050792974143
1442,Healthy,0,0.1563344299793243,0.0196756290064917,0.0186946744927101,0.1188144145740403,0.5004927844776359,0.4895433499043371,0.44714783052432894,0.543809129115392,0.7764260847378356
1443,Healthy,0,0.1947985953754848,0.0229842685576942,0.0248385769211583,0.1188191564546691,0.5113491646212364,0.5292470833094304,0.42215017550226214,0.6916043108149935,0.788924912248869
1444,Healthy,0,0.0904003232717514,0.0201595808482832,0.0182222813988725,0.07641786047154,0.7785976326180745,0.7481842815755028,0.7293631812992889,0.7701713475376504,0.6353184093503554
1445,Healthy,0,0.2223899314800898,0.0277407765388488,0.0330536278585592,0.1318918375505341,0.5415960881245586,0.5858626275299692,0.4436204856022462,0.8015649966873714,0.7781897571988768
1446,Unhealthy,1,0.1703170306152767,0.0312831321110328,0.0259383343574073,0.1131895391477478,0.7231571863252478,0.6717553049208806,0.6206965646848707,0.7457408412541059,0.6896517176575648
1447,Healthy,0,0.1277195422185791,0.0157100782833165,0.0173334842547774,0.0916452623075909,0.501148975276966,0.5236524117234341,0.4381264686706432,0.6362152181611846,0.7809367656646784
1448,Healthy,0,0.1900893731249703,0.0253753076410955,0.0269626174122095,0.1273758378293779,0.5513137857316233,0.5661166167311448,0.4710805975415705,0.6987919470880972,0.7644597012292148
1449,Healthy,0,0.1624761968851089,0.0310136597189638,0.0281970397465758,0.1112306465705235,0.73900515697704,0.7114157931840734,0.6411428539621132,0.8089366033786859,0.6794285730189433
1450,Healthy,0,0.1178784080677562,0.0240456799252165,0.0212163138720724,0.1033045450846354,0.7143846631955354,0.6794948722497165,0.6777053920940359,0.6815344529368749,0.6611473039529822
1451,Healthy,0,0.1173069179058075,0.0185742940132816,0.0173189448606636,0.0709577716059154,0.6592085157051775,0.6404991183214395,0.5467803458904009,0.7847570935523158,0.7266098270547996
1452,Healthy,0,0.1331419646739959,0.0196754657146003,0.0176648229567541,0.1242534700367185,0.5304318558785217,0.5067629840438422,0.5150057991308445,0.49788713164881654,0.7424971004345777
1453,Unhealthy,1,0.1890970071156819,0.0252213668492105,0.027730683899588,0.1193812713027,0.5621597175481666,0.5860277511387862,0.4707271034697571,0.7540021845663488,0.7646364482651214
1454,Healthy,0,0.1606735429830021,0.0278090108186006,0.0221783642967542,0.0708876148694091,0.7746804170977578,0.7101777386434155,0.5901662569337308,0.9532318682063684,0.7049168715331346
1455,Healthy,0,0.1653052469094594,0.0193460247375898,0.0210627961075968,0.1670496587951978,0.41711216259868317,0.43361322969050603,0.41908240468700736,0.44787669415043907,0.7904587976564962
1456,Healthy,0,0.1653579216864374,0.0175505201849672,0.0156475814680258,0.0724158253934648,0.514536952247919,0.4900597875127217,0.38380995443187366,0.710741590664867,0.8080950227840633
1457,Healthy,0,0.1815989861885706,0.0143886740422911,0.0105438685665527,0.0752820264961984,0.4029617478316045,0.3538870595896973,0.2936648975826765,0.49140733382826296,0.8531675512086617
1458,Healthy,0,0.163079043229421,0.0283194703774319,0.0236283580048216,0.0944077612625228,0.7212263446966153,0.6715192530290977,0.5918430575819883,0.8007161926869131,0.7040784712090058
1459,Healthy,0,0.1864637533823649,0.0137656876403424,0.0149340755823585,0.0787980444729328,0.37612045370878033,0.39052402793691543,0.27499827338141114,0.6373087720004238,0.8625008633092945
1460,Healthy,0,0.149765311843819,0.0229587230003542,0.0242283456027507,0.1185758544339074,0.5844542578203114,0.5981977317614889,0.5316856573219105,0.6786451826075489,0.7341571713390447
1461,Healthy,0,0.1654079059759775,0.0183570153183407,0.0161884307033485,0.0870972797274589,0.5077675142236221,0.4813847064411868,0.3995760494232754,0.6269378652991254,0.8002119752883624
1462,Healthy,0,0.1457466979821523,0.0250180295358101,0.017514469826387,0.1065461792879634,0.6620082044024024,0.5770534388597204,0.5860233527015349,0.5647066963270002,0.7069883236492326
1463,Healthy,0,0.1415600147512224,0.0163686741143465,0.0190525226708915,0.0991989837752448,0.4787975944409989,0.5130157395284709,0.41458392979580155,0.6444745861929445,0.7927080351020992
1464,Healthy,0,0.1799804518620173,0.0225368340810139,0.0258882250636816,0.1092007036010424,0.5393928820316332,0.5737460633058278,0.4451340333951263,0.7665535679221605,0.7774329833024368
1465,Healthy,0,0.1794474638170666,0.0152836031176977,0.0165888389779461,0.0635176727341281,0.4469995163861691,0.46387313194312957,0.31394277981987884,0.8283391011992209,0.8430286100900607
1466,Healthy,0,0.108047604560852,0.0211808613191048,0.0193288274523284,0.0908439656098683,0.7023609443003068,0.6768500541798997,0.6556097737407229,0.7017640894850165,0.6721951131296386
1467,Healthy,0,0.1602311871118015,0.0156835604252086,0.0178947642238603,0.0662867294417487,0.4865287442215077,0.5163984607207123,0.35661729661201913,0.8502944504616657,0.8216913516939904
1468,Healthy,0,0.1736329810486899,0.0189555790275335,0.018732809772094,0.0925240971975856,0.49871908379796287,0.49615206263957573,0.3937010385254699,0.6734974135924586,0.803149480737265
1469,Healthy,0,0.1039427204264534,0.0214369286679559,0.0176285085164838,0.0836302753951814,0.7441864663971053,0.6894759492692512,0.6839045673772516,0.6963744906066549,0.6580477163113744
1470,Healthy,0,0.1034936433037122,0.0195777147180504,0.019607110776835,0.0897246822714805,0.6740077756921874,0.6744284716358211,0.6363044995274526,0.7173434270183531,0.6818477502362735
1471,Healthy,0,0.1240447734793027,0.0206152312457561,0.0241811263064543,0.078235522740417,0.6772672010012583,0.7252220210746536,0.5700326440590809,0.9444216943824332,0.7149836779704597
1472,Healthy,0,0.1690800992978943,0.0135728130117058,0.0112807888330684,0.0736262359552913,0.40237804305728114,0.3715593913549879,0.29723726471329687,0.5314419560071517,0.8513813676433517
1473,Healthy,0,0.1425941338141759,0.0167789319530129,0.0195769341662526,0.0760987305806742,0.5321350567677909,0.5701791347242703,0.4211234030604259,0.8184707874478157,0.7894382984697872
1474,Healthy,0,0.1072221365239885,0.0196003005322482,0.01942764615847,0.0813440349366929,0.6884340613846665,0.6859218859910278,0.6181966215822479,0.7711549890737126,0.6909016892088761
1475,Healthy,0,0.1487682734926541,0.0235641702181763,0.0238319153173102,0.0913538746535778,0.6562682022774448,0.6593819797592911,0.5469468130496983,0.8275991447671962,0.7265265934751508
1476,Healthy,0,0.1597056653764512,0.0258822910901572,0.0277888853516843,0.0681459307670593,0.7405091148962858,0.7625838002226906,0.5578441959904662,1.1586569496224821,0.7210779020047671
1477,Healthy,0,0.1644160192873743,0.0216201808717515,0.0209908206015825,0.1007290656367937,0.5608612495919837,0.5538282212010851,0.4648596531913404,0.689807434110613,0.7675701734043299
1478,Healthy,0,0.1548703817857636,0.019112955364916,0.0179862348983685,0.0827629425459438,0.5542813996610186,0.5401499755931807,0.4394203646838451,0.7140995233756678,0.7802898176580775
1479,Healthy,0,0.1492502739032109,0.0213655512779951,0.018445247473816,0.1134133223030302,0.55968361899116,0.5264683479384381,0.500904327140894,0.5595464141627572,0.7495478364295529
1480,Healthy,0,0.1827026688390308,0.0209195903605885,0.0257966729501883,0.1201016282041867,0.4855937619081147,0.5346325064649998,0.41094898844197897,0.7072508109026667,0.7945255057790106
1481,Healthy,0,0.1147876439823044,0.0210619904100894,0.021397223489152,0.0903133178750674,0.681549043781073,0.6860427169996006,0.6201559688928734,0.7661666742582084,0.6899220155535633
1482,Healthy,0,0.132247564693292,0.0161110738085375,0.0166601963962117,0.0833677392866876,0.520052920322361,0.5277462409119862,0.4343818188474095,0.6662217422551454,0.7828090905762953
1483,Healthy,0,0.1450285861889521,0.0302880673358837,0.0279892527808745,0.0990276916159523,0.7953997301768564,0.7710333289766675,0.6910482655680629,0.881433667414652,0.6544758672159685
1484,Healthy,0,0.1786361452605989,0.0246374524301952,0.0287233117140001,0.1278741964035564,0.5539848022561656,0.5931097360465787,0.4848136247909974,0.7336850262633231,0.7575931876045015
1485,Healthy,0,0.1076418790552351,0.0208165985014703,0.0180775523185729,0.0904946128527323,0.6945531304152526,0.6563565009554263,0.6481969550754245,0.6660105668906992,0.6759015224622876
1486,Healthy,0,0.0903716443313492,0.0188603866845369,0.0189184499904513,0.0896025598049163,0.6930940493222659,0.6939758275565859,0.6906540694750589,0.6973193495388528,0.6546729652624704
1487,Healthy,0,0.1063714755905999,0.0220696783314148,0.0184923607028192,0.0885630688733524,0.7385056495886151,0.6889618258015432,0.6873086283486614,0.690945271100392,0.6563456858256694
1488,Unhealthy,1,0.1358185302880075,0.0227030387355221,0.0223837627304924,0.087548898326026,0.6757522812783687,0.6717987114983507,0.5728693924838014,0.8144535942410963,0.7135653037580993
1489,Healthy,0,0.1557668215698666,0.0214535780251026,0.0216194658229748,0.1126706161432796,0.5512497330571067,0.5530862863067022,0.4842236689260147,0.6439631432619881,0.7578881655369925
1490,Healthy,0,0.1814669436878628,0.0228738753745953,0.0185158668706814,0.0978299429019292,0.5629719182412621,0.5162640225522309,0.4477592970321559,0.6365804460639988,0.7761203514839219
1491,Healthy,0,0.1777491528126928,0.0182805970932046,0.0191748632738987,0.0802826922800805,0.4964298447223061,0.5070330897472585,0.3730167916243338,0.7711777417852105,0.8134916041878332
1492,Healthy,0,0.142175406217575,0.0159590839304857,0.0175525714746779,0.0978129025962617,0.4695462682802449,0.4901156824770877,0.40368382420668064,0.6085901043109178,0.7981580878966597
1493,Healthy,0,0.1087849463025728,0.0213842302974727,0.0184432661367787,0.0782554472486178,0.7444179773464922,0.7022147812421954,0.657121166654602,0.7629167127910934,0.6714394166726991
1494,Healthy,0,0.1737615250878864,0.0261956871383719,0.0254339822050597,0.1495850276615884,0.5577437943664174,0.550751394904603,0.5240258522654457,0.5812850209686037,0.7379870738672772
1495,Healthy,0,0.1056989870137638,0.0215342255930105,0.0196092718591292,0.0878794483012623,0.727978327926667,0.7011444898581728,0.6770001370495599,0.7297238939999964,0.6614999314752199
1496,Healthy,0,0.1394394694103135,0.0303659677091572,0.0282100335591369,0.1068038932151264,0.7913592501460239,0.7686650942387616,0.715312023555347,0.8357666274325225,0.6423439882223265
1497,Healthy,0,0.1318828753299183,0.0222956877615716,0.0225242001728879,0.0950769061843554,0.656839411175832,0.659650341401479,0.5784380737376905,0.7661220500584376,0.7107809631311548
1498,Healthy,0,0.1834278355042139,0.0233824967096249,0.0274562713586621,0.1298100542691019,0.5196068765286549,0.5585501511651999,0.4522500681532245,0.6983382170102647,0.7738749659233879
1499,Healthy,0,0.1496497583058145,0.0156394358103473,0.0130823518459995,0.0667538282771905,0.5051447219563713,0.4686873033111866,0.3784744887643709,0.6554598091147636,0.8107627556178146
1500,Healthy,0,0.1815466069512897,0.0264644490347968,0.024012845630447,0.1259615636534161,0.5873857343726382,0.5640150180642657,0.5089046620015613,0.6404518142824445,0.7455476689992193
1501,Healthy,0,0.132595770061016,0.0255801719095971,0.0250650598771042,0.1031775797406832,0.7132009235107676,0.7072897506277205,0.6468789524098308,0.7818011217425892,0.6765605237950845
1502,Healthy,0,0.1352917883131239,0.0306063519997729,0.0263560511585738,0.0804899997181362,0.8839555407872592,0.835396756351045,0.7379552764617358,0.9866925709397021,0.6310223617691321
1503,Healthy,0,0.126795588268174,0.0237458716664049,0.0220022700313064,0.1160746225052409,0.654241957821177,0.6340295591880354,0.6309456989914722,0.6373918076258173,0.6845271505042638
1504,Healthy,0,0.1231383764081531,0.018075973726809,0.0177558935764763,0.0689828292363219,0.6334857509605236,0.6287586622970746,0.5120152083561859,0.8188219978658222,0.743992395821907
1505,Healthy,0,0.1650133646196789,0.0214608595189121,0.0196877430296606,0.127035964694288,0.5125424331328746,0.49398388901823687,0.4603501554823363,0.5367297033333385,0.7698249222588318
1506,Healthy,0,0.1366354078054428,0.0208586245361301,0.019164148511158,0.1140244553486506,0.5707320761819877,0.5507418478145465,0.529762918023254,0.5755491973271155,0.7351185409883729
1507,Healthy,0,0.1491930070850584,0.0176449697464704,0.0201175705426269,0.139630698495441,0.43552550198797746,0.4625123166292261,0.42304444303560695,0.5037317941224865,0.7884777784821966
1508,Healthy,0,0.1617874287896686,0.0247850945840279,0.0220550414588716,0.127993574572934,0.5842936787508407,0.5565917354521781,0.5313771639221377,0.5879438822467146,0.7343114180389312
1509,Healthy,0,0.1166766153441535,0.0207067309982246,0.018823216876222,0.0951391938659879,0.6541654809354656,0.629092741933864,0.602889114277959,0.6606815968048024,0.6985554428610207
1510,Healthy,0,0.1762528328431977,0.0238670110702514,0.0186184047617846,0.1154131193955739,0.5625695432393962,0.5085768892980647,0.4770543610972187,0.5556425588334227,0.7614728194513906
1511,Healthy,0,0.1276826717787318,0.0228653781943851,0.0165817097036374,0.1118809034427007,0.6411730107733381,0.5655280333301629,0.6075237294264025,0.5163123899635562,0.6962381352867987
1512,Healthy,0,0.1324282594852977,0.0219080802053213,0.0211093444377183,0.1060321206847826,0.6208969448258127,0.6113082297426604,0.5678009534044414,0.664121478146549,0.7160995232977793
1513,Healthy,0,0.1394964771138297,0.0218586524327596,0.0180504299286339,0.119094870156712,0.578445963178629,0.5347943037884835,0.5418768524851435,0.5264614949954849,0.7290615737574282
1514,Healthy,0,0.1400449060731464,0.0204544439911842,0.0226780542482932,0.0675608035590913,0.658454487181626,0.688088163436906,0.5097701388319826,1.0052456247484725,0.7451149305840086
1515,Healthy,0,0.1330544120735592,0.0154776582494378,0.017567732060949,0.0731045015984111,0.5222009067371727,0.5525885573166629,0.41681660306168683,0.7749994172173117,0.7915916984691566
1516,Unhealthy,1,0.166218876838684,0.0311217630902926,0.0237830152942074,0.1278878673911094,0.6986780294445076,0.6292603519016472,0.6308231918472221,0.6272269238005779,0.6845884040763889
1517,Healthy,0,0.1584216985437605,0.0271533638652828,0.0197685318481591,0.1126111812061733,0.6676927921703563,0.5902964740197361,0.5852804469046932,0.5973281371306653,0.7073597765476534
1518,Healthy,0,0.1746914469533496,0.0241770392490757,0.023858292442229,0.1414832348624865,0.5305927406825353,0.5275564087736199,0.48629201560806873,0.5771881470106286,0.7568539921959657
1519,Healthy,0,0.135913992093669,0.0323572390609317,0.0285299784607357,0.0866057152549425,0.9012085802511899,0.8593610413653332,0.7691686532251779,0.9911775415602757,0.6154156733874111
1520,Healthy,0,0.1108617426620589,0.0228388361218902,0.0239249006327655,0.0921663948231273,0.7346458419054832,0.7488432023173772,0.6832830891120129,0.8243477872759346,0.6583584554439934
1521,Healthy,0,0.1441422883007261,0.0215367196748654,0.0225727423611614,0.0947437675462828,0.6110585397335306,0.6234651681551733,0.519962545358511,0.7696356592595521,0.7400187273207446
1522,Healthy,0,0.1257331553432676,0.0178209408703777,0.0207007367991738,0.087694597740968,0.572400272972644,0.6115779274325267,0.4965637718579781,0.7638977041583923,0.751718114071011
1523,Healthy,0,0.125929310090012,0.018297993681497,0.0175383642522825,0.0688773029380374,0.6325942284339252,0.6215035781811945,0.5074765513327617,0.8118140991103572,0.7462617243336191
1524,Healthy,0,0.1185175346003638,0.0207828111532661,0.0166365820914506,0.11623072789775,0.6017160134521521,0.5499462181512713,0.5967770156155421,0.5008480142422637,0.7016114921922288
1525,Healthy,0,0.1511820463670624,0.0258171245869663,0.0184627053224378,0.1065980593363444,0.6675094204262355,0.5863714407482793,0.5834405765362976,0.5905195085864616,0.7082797117318511
1526,Healthy,0,0.2013150917159186,0.0272137199838956,0.0294085815548896,0.2007459484868579,0.4769227906689281,0.4937811896442334,0.4763289106783156,0.5111101927831742,0.7618355446608422
1527,Unhealthy,1,0.1527437882290946,0.0329480210526122,0.0297246639513307,0.0990413899223009,0.8297127800251358,0.7972156825728139,0.7097355813390318,0.9233695700732394,0.645132209330484
1528,Healthy,0,0.1351775303483009,0.0189759022452765,0.0174123437868224,0.0866295720140139,0.5844158331332922,0.5637320154430201,0.49239000198733435,0.6694357232004157,0.7538049990063328
1529,Healthy,0,0.1559895757171842,0.034479210153222,0.0302038389361566,0.1060604146785206,0.8333132098990057,0.7918764406723751,0.7240915616836335,0.8866254541434132,0.6379542191581833
1530,Healthy,0,0.1663768274916542,0.0230240104719996,0.0239618522011571,0.0727946071161164,0.6457907417979919,0.6567837076966739,0.48624938980297294,0.9906047563226322,0.7568753050985136
1531,Healthy,0,0.1547158608833948,0.0192848876532581,0.0189701946866181,0.0963744454913669,0.5326212032068091,0.5288500709801136,0.4433288434778377,0.6578613330396883,0.778335578261081
1532,Healthy,0,0.1981681370072894,0.0264565702527761,0.0220841467380523,0.1247911370462841,0.5630968217512416,0.5226456867938583,0.4711248477603182,0.6014394299446447,0.764437576119841
1533,Unhealthy,1,0.1676557386914889,0.0223823844765623,0.0219508819282054,0.1094181504514482,0.5563628585570763,0.5517396316733533,0.47111356612945504,0.6683731022625738,0.7644432169352725
1534,Healthy,0,0.2040947890943951,0.0207175521386994,0.0226146715382734,0.1334989352358712,0.4372765462680784,0.45501992083930515,0.3686194810314013,0.5794413954189372,0.8156902594842992
1535,Healthy,0,0.1551450391610463,0.0180697941945658,0.017994029343956,0.0938667158285776,0.5069530861880427,0.5060247352610207,0.4172805260267358,0.643443929010202,0.791359736986632
1536,Healthy,0,0.2055463244517644,0.0275933450708786,0.0272231058528025,0.1157208465867572,0.5863846365526215,0.5830240693564719,0.473421706865698,0.7617840527898685,0.763289146567151
1537,Healthy,0,0.1625259833203421,0.0253724025355445,0.0216891610374053,0.1105211989747153,0.6268815418672654,0.5880697004430493,0.5401302926573197,0.656201557439732,0.7299348536713403
1538,Healthy,0,0.1542247575190332,0.0188916226228078,0.0187947106444173,0.0859605810708469,0.543705259411273,0.5424998239706161,0.4365068772193401,0.7176615266559815,0.7817465613903299
1539,Healthy,0,0.1648314512438244,0.0292379392517937,0.0218848178370131,0.1175951295428806,0.6861303215626591,0.6130758035908556,0.6026285583136072,0.6276118753445368,0.6986857208431962
1540,Healthy,0,0.1277015598283873,0.0221501075559192,0.0230846551971303,0.082755306114753,0.6955679493325336,0.7076455804784596,0.5912542167212191,0.8724362673983118,0.7043728916393904
1541,Healthy,0,0.1445494517683982,0.0314647826469606,0.0225596943249305,0.101683256526788,0.8141946242452316,0.7197093641417652,0.7150508650956021,0.7263090314670664,0.642474567452199
1542,Healthy,0,0.1071933433413505,0.0223593388994534,0.0204735131313403,0.0586223908596568,0.8496222042584666,0.8211481861316415,0.6903551053584008,1.0353766553408705,0.6548224473207995
1543,Healthy,0,0.2097516357898712,0.0193130837546454,0.0197766337336765,0.140462078154087,0.39734779637242434,0.4016375334222721,0.3372511278567642,0.4936792988582861,0.8313744360716178
1544,Healthy,0,0.1927361355887519,0.0301018427643511,0.0241231974214315,0.1369273579782909,0.6176840601800662,0.5650081773028054,0.5403359514714774,0.5991459603863764,0.7298320242642613
1545,Healthy,0,0.1433507510357433,0.0238890933493773,0.0212202984839677,0.1009964586959944,0.6542147623255049,0.6233665646516949,0.5713732498905081,0.6945135503054192,0.7143133750547459
1546,Healthy,0,0.1479663087262047,0.0186371333483192,0.0176136353984475,0.1252407886915736,0.48021261183202374,0.4685713011087776,0.44746094357360433,0.49319117726023237,0.7762695282131977
1547,Healthy,0,0.1373070221808221,0.0157925561070442,0.0200785139782561,0.0861059485210312,0.49545646544331395,0.5533864710901645,0.41260874219653726,0.7563635396615908,0.7936956289017315
1548,Healthy,0,0.1115555026464992,0.0198053948374258,0.0171356606814596,0.0725292062593831,0.7082983775027673,0.6685384505290888,0.6030834203108103,0.7644314330055284,0.6984582898445949
1549,Healthy,0,0.1383459476961029,0.0221596411946747,0.0230357500000132,0.0996310843361748,0.6279824443355048,0.6384151490410255,0.5522459709425847,0.7511647341246308,0.7238770145287077
1550,Healthy,0,0.1274975861112276,0.0178943815537624,0.0184800341311428,0.0689087915751669,0.6165290623250119,0.625041527835774,0.4923072943065016,0.8458762997113255,0.7538463528467492
1551,Healthy,0,0.1729174007972081,0.0301172114494774,0.0239577943252192,0.1269577965140342,0.6690676340587156,0.6111029778001537,0.5933414232423626,0.6349985231343703,0.7033292883788187
1552,Healthy,0,0.1449230652716424,0.0231752627425723,0.0253227878775861,0.0984218923581971,0.6399896192616499,0.664714236753126,0.5514692029682189,0.8185495434417397,0.7242653985158906
1553,Healthy,0,0.1282185051176283,0.0206482199331124,0.0198186518003543,0.102718963391251,0.6067787824479748,0.5964071421604014,0.554810886746505,0.6469409991165559,0.7225945566267475
1554,Healthy,0,0.1587564862436718,0.0190841771869195,0.0181791929321156,0.0865121748712327,0.538650243801411,0.5275631220472928,0.4292421501085501,0.6945823065857082,0.7853789249457251
1555,Healthy,0,0.1649176312817467,0.0173632336987389,0.0169075440822376,0.1347954289780722,0.4153392709376426,0.41044833764429517,0.38102153400682515,0.44580653209785076,0.8094892329965874
1556,Healthy,0,0.1117793114648924,0.0217930184056361,0.0238202539169126,0.0751685326298077,0.7562625786714553,0.7845382413921989,0.6526207464303436,0.9625435263082054,0.6736896267848281
1557,Healthy,0,0.1284839419855011,0.020097813465529,0.0188248216484983,0.1029833687676323,0.5918455756049503,0.5758000355996893,0.5410573701870923,0.6181791744606822,0.7294713149064539
1558,Healthy,0,0.1743629293309317,0.0257739484724071,0.0231940696636835,0.1473250803020265,0.5524430638783999,0.5284470179084957,0.5151264225823178,0.5440812874881826,0.7424367887088411
1559,Healthy,0,0.1683656258715523,0.0218111469099919,0.0189301013532612,0.1274355120129055,0.514075219862471,0.48423318952010364,0.45875522212265823,0.5173373968898901,0.770622388938671
1560,Healthy,0,0.2325863639513651,0.0196733696179257,0.0194156326146589,0.1346536154548327,0.387093207247544,0.3848015179713061,0.3119541805513215,0.5040754818483087,0.8440229097243392
1561,Healthy,0,0.1890503863493601,0.0236728102382686,0.026186045880119,0.1238927377594841,0.5256408498802516,0.5497087539286282,0.4451382946103271,0.6979279880892897,0.7774308526948366
1562,Healthy,0,0.1675703235798412,0.0210846863273117,0.0215326986379093,0.0948201326860321,0.5538402461557913,0.5589021553440159,0.44705277294652473,0.7402552526791367,0.7764736135267376
1563,Healthy,0,0.13270346654786,0.025401462904281,0.0172944684616393,0.0948495715856552,0.7300425697957531,0.6319495899651819,0.6426482208315997,0.6168662535912102,0.6786758895842002
1564,Healthy,0,0.1241332747870021,0.0215525180101394,0.0192440341537197,0.0976463142368528,0.6509254512314084,0.6214814793046092,0.5917534605491684,0.6585328701192161,0.7041232697254158
1565,Healthy,0,0.1501298364665773,0.02332855698963,0.0277912345611386,0.0755781440271271,0.6852142939908373,0.7386512006830889,0.5379631743336702,1.0754145934004253,0.731018412833165
1566,Healthy,0,0.1392140918307834,0.018712975602183,0.0180379324075248,0.0773200144370396,0.5894777560989408,0.5803881941383062,0.4739649993216241,0.7566409724373381,0.763017500339188
1567,Healthy,0,0.1783697894877857,0.0207866407516929,0.0212130227850543,0.1320910188886854,0.4723779054190353,0.47664537596247925,0.4174937405073529,0.553488937498456,0.7912531297463236
1568,Healthy,0,0.1814752717812856,0.0229899955706463,0.0209318107614914,0.1345116918285687,0.5081125836241481,0.4881437742038545,0.4497584527366247,0.538634562724525,0.7751207736316877
1569,Healthy,0,0.171232854326566,0.0248367180012994,0.0226072248899274,0.1380614944630199,0.5535141381152737,0.53197477251673,0.5066919401398543,0.5628282837125308,0.746654029930073
1570,Healthy,0,0.1901826643281512,0.0144980384243859,0.0161868747737672,0.0720561068091127,0.39825010021001495,0.41901580294226864,0.2833298543422397,0.7337410628431271,0.8583350728288801
1571,Healthy,0,0.1323599898152881,0.0274592120614316,0.0178613059429658,0.1055620205071237,0.7501481033777959,0.6400241979496237,0.6872568937645656,0.5788632167579324,0.6563715531177173
1572,Healthy,0,0.1826645831267039,0.0309449589500824,0.0253457735396093,0.1327733993530273,0.6560863147183514,0.6057184201583349,0.5794677269418724,0.6411815360764418,0.7102661365290638
1573,Healthy,0,0.1993583871258629,0.02423638664186,0.0201574909604258,0.1194997189773453,0.5278377180227332,0.488849389334959,0.4335769791656669,0.5773419351398367,0.7832115104171665
1574,Healthy,0,0.2007268832789527,0.0270131273816029,0.0343001681483454,0.1131433207127783,0.5874071737036618,0.6536886148577056,0.47445553907285476,0.930530562272643,0.7627722304635725
1575,Healthy,0,0.1908263762791951,0.0293507431116369,0.0353033217704958,0.1106120215521918,0.6519853959231496,0.7064233380049324,0.5332205851878183,0.9677754502464765,0.7333897074060908
1576,Healthy,0,0.1834231267372767,0.0257347393780946,0.0261123735043737,0.1173892700009875,0.5844124530556449,0.5880699254442593,0.49215914956599033,0.7278627022386164,0.753920425217005
1577,Healthy,0,0.1545628557602564,0.0192714966833591,0.0175114908359117,0.1583252044187652,0.43869763901443865,0.4207724689978721,0.44344507083799695,0.3983580517263146,0.7782774645810017
1578,Healthy,0,0.1420925706624984,0.0236857674188084,0.0227064138485325,0.1029491441117392,0.6480080488896748,0.6367437953850391,0.5715045208666913,0.7228144689218299,0.7142477395666543
1579,Healthy,0,0.1608082503080368,0.0166989318612549,0.0169201650553279,0.1128492256005605,0.435072892888085,0.437639571510189,0.3762987312891675,0.5215456424603356,0.8118506343554163
1580,Healthy,0,0.1138929393556383,0.0222718595630592,0.0218176612009604,0.08342322996921,0.7366863420206852,0.7305465044803057,0.654261886770236,0.82924653937725,0.672869056614882
1581,Healthy,0,0.1176410615444183,0.0227632551557487,0.0216618991560406,0.0883977210356129,0.7238917545136528,0.7094858423626432,0.6485058491288288,0.7872787174195012,0.6757470754355855
1582,Healthy,0,0.1433733966615465,0.0223784014168712,0.0234463225222296,0.0899136799077193,0.6438811446573158,0.6567221286328546,0.5400460610697908,0.8273225836147389,0.7299769694651046
1583,Healthy,0,0.1322833109233114,0.0189503067069583,0.0205228651563326,0.0899014290836122,0.5828950060496515,0.603431733917835,0.5012194247257196,0.7434184767977869,0.7493902876371403
1584,Healthy,0,0.1252811517980363,0.0195664231561952,0.0175280795536107,0.0728636466794543,0.6596971467252066,0.6307534926788685,0.540331397674493,0.7756497318533999,0.7298343011627536
1585,Healthy,0,0.1836498710844251,0.024073625397351,0.0221136992590294,0.1105918205446667,0.5624860482218199,0.5426955100401816,0.46357057925727757,0.6665494936982566,0.7682147103713612
1586,Healthy,0,0.131770366595851,0.0286654188401169,0.0218308876372045,0.1023086839252048,0.7869443008142932,0.70977764216751,0.714688902160364,0.7034304166654659,0.642655548919818
1587,Healthy,0,0.1032014770640267,0.0212058673302332,0.0201952093177371,0.1031534108850691,0.6819521721293195,0.6684170323051922,0.6818204321773669,0.6548985885543827,0.6590897839113166
1588,Healthy,0,0.0755563233461645,0.013664298897816,0.0196091003922952,0.0508659183979034,0.7109840278582804,0.8334203507280405,0.6126072001806913,1.112967444573274,0.6936963999096543
1589,Healthy,0,0.1070519180761443,0.0211553991668754,0.0231158716811074,0.0917267062597804,0.7019934406947784,0.7285955966281614,0.6600371842045455,0.805132455072741,0.6699814078977271
1590,Healthy,0,0.1679634882344139,0.0219916895859771,0.0224268933137257,0.0996068509088622,0.5646972138198239,0.5694892319745095,0.46309218497367793,0.7351046534414072,0.7684539075131609
1591,Healthy,0,0.2134793003400167,0.0233483024769359,0.0245852950546476,0.1223263260391023,0.4883276606375626,0.499647620517811,0.39435103339676386,0.6693900692569116,0.8028244833016182
1592,Healthy,0,0.1326221078634262,0.0258254895193709,0.0203344103776746,0.1018801207343737,0.7220045438644382,0.6578714434269426,0.6519629188690951,0.6655316742665134,0.6740185405654524
1593,Healthy,0,0.1766916165749232,0.0265962212449974,0.0269907979915539,0.1301760317550765,0.5909285016159972,0.594660289442999,0.523321444710475,0.6869337005795925,0.7383392776447624
1594,Healthy,0,0.1146927699446678,0.0284123646302355,0.0209102932777669,0.0966064698166317,0.8477381484063752,0.7569994440081466,0.7941675807687825,0.7117382312843361,0.6029162096156088
1595,Healthy,0,0.1217937262521849,0.0248455080307192,0.0196041206104887,0.0849877074360847,0.774991873161144,0.7077091220975588,0.6777315266877606,0.749738138308826,0.6611342366561198
1596,Healthy,0,0.1220812276005745,0.0203301476107703,0.0188839799827999,0.1036256079872449,0.6105902796338837,0.5920879514048958,0.5710259473472385,0.6165714960176759,0.7144870263263808
1597,Healthy,0,0.1231026856435669,0.0251352557291587,0.0192353750268618,0.0964519936177465,0.7452308114634463,0.672472537826802,0.6782408200329568,0.6650812531125291,0.6608795899835215
1598,Healthy,0,0.1295941265092955,0.0171761056408286,0.0190393829511271,0.1489090008868111,0.4392088871085489,0.4602903896009685,0.4681086999510909,0.4534579616913529,0.7659456500244545
1599,Healthy,0,0.1369231252206696,0.0183536768373515,0.0169513680868678,0.1118204204572571,0.5143771311696844,0.49716909137802384,0.47279893954779983,0.5265553357149885,0.7636005302261
1600,Healthy,0,0.0984442830085754,0.0244117815875344,0.0214848654965559,0.1018939233488506,0.7838050478879972,0.745575152219323,0.7948091668991126,0.6965497294182849,0.6025954165504436
1601,Healthy,0,0.0964528918266296,0.0154746878478262,0.0200603432539436,0.0793903118206395,0.5986554410026377,0.6724444670277269,0.5530250146687608,0.806846098254429,0.7234874926656196
1602,Healthy,0,0.1405715967218081,0.0251662708404991,0.0242308994962109,0.1083588939574029,0.672753213573205,0.662321022039908,0.6073752778564774,0.7310034615805633,0.6963123610717612
1603,Healthy,0,0.1936672230561574,0.0232495311647653,0.026731711708837,0.113302592602041,0.5262026189603584,0.5600907091205556,0.4287272552692984,0.7635760920264867,0.7856363723653508
1604,Healthy,0,0.1303429537349277,0.0181266160474883,0.0182808761795361,0.1222890019416809,0.5019742600806683,0.5038411537398565,0.48835909133576877,0.5201932711009974,0.7558204543321155
1605,Healthy,0,0.1106688860389921,0.0219559334218502,0.0227904530862967,0.0903648307753933,0.7170877088357065,0.7282344812008987,0.6621968199046704,0.8056346043602712,0.6689015900476648
1606,Healthy,0,0.1020197959409819,0.0203360214622484,0.0168242962617013,0.0700434818863868,0.7647445244306501,0.7104421970386224,0.6648158426413,0.7747082575552942,0.6675920786793499
1607,Healthy,0,0.1160285299022992,0.0180499151142107,0.0234279685343305,0.0798785727885034,0.6223922668895415,0.6989133439003294,0.5384881995607304,0.9071243014948253,0.7307559002196349
1608,Healthy,0,0.1557612758543756,0.0162467367740141,0.0179009653834833,0.1549621505869759,0.3786931651563038,0.3960633329468145,0.37781348730803477,0.41422290192992745,0.8110932563459825
1609,Healthy,0,0.1234129791458447,0.023135101629628,0.0176137476745578,0.1013918229275279,0.6827660588253663,0.6137945999657896,0.6314678843204625,0.5920310313355736,0.6842660578397687
1610,Unhealthy,1,0.1673764147692256,0.0220516001184781,0.0228831182337469,0.121230039331648,0.5302304836898335,0.5388806188062861,0.46564601611964695,0.635143067304264,0.7671769919401766
1611,Healthy,0,0.1540412935945722,0.019555275224977,0.019362522703078,0.0912094662586848,0.5501529080485794,0.5478128647576136,0.4505912843313024,0.7004494677137012,0.7747043578343489
1612,Healthy,0,0.0959617992242177,0.0176716916677024,0.0173876680847671,0.0929495551519923,0.6304149236009522,0.6261418576774569,0.6220592724555273,0.6303464080279415,0.6889703637722364
1613,Healthy,0,0.1080966426266564,0.0236264734218517,0.0246498065276278,0.0937829679912991,0.7586795933080814,0.7719391270774904,0.7174586854793523,0.8325332789932565,0.6412706572603237
1614,Healthy,0,0.1051319440205891,0.0224039343496163,0.0186811013975077,0.0690307509568002,0.8185185797924026,0.7634930339815206,0.702670797768238,0.8519305382832992,0.6486646011158809
1615,Healthy,0,0.1133771513899167,0.0253975128548012,0.0202829844007889,0.0900342017412185,0.7992722439341445,0.733552658341399,0.7320504212502287,0.7354424132856084,0.6339747893748856
1616,Healthy,0,0.1020568832755088,0.0201790138251251,0.0191066933588849,0.1213468751973576,0.612037524365447,0.598207576931536,0.6603302075334613,0.5441426246491962,0.6698348962332693
1617,Healthy,0,0.1572544028361638,0.0240996455152829,0.0298827689968877,0.1107241138815879,0.6097744983915278,0.6706703736500264,0.5315491048444666,0.850108284463284,0.7342254475777666
1618,Healthy,0,0.2307645645406511,0.0252703862885634,0.0216548376613193,0.1233470232950316,0.49959696293942,0.46803906844315973,0.3947958855886008,0.5973671653176351,0.8026020572056995
1619,Healthy,0,0.1287925185428725,0.0163006147162781,0.0169441000454955,0.1232144774662123,0.458190965942284,0.4661807590486839,0.4493834918338582,0.4835694067765526,0.7753082540830708
1620,Healthy,0,0.133154674536652,0.01826263902088,0.017180941791998,0.1132721842990981,0.5163456752061467,0.5029769117621697,0.48244519974107164,0.5268081281547966,0.7587774001294643
1621,Healthy,0,0.1078090063399738,0.012694031621019,0.0136519368324014,0.0747442775302463,0.4883696983713804,0.5044722402855418,0.42136801978811844,0.6177611532726496,0.7893159901059409
1622,Unhealthy,1,0.1477366594804657,0.0231544153971804,0.018291564968725,0.0894305904706319,0.6534425151156634,0.5950324802414965,0.5419689802702313,0.6792127355462133,0.7290155098648843
1623,Healthy,0,0.1502160413397683,0.0248997641934288,0.0211627897289064,0.1374637542499436,0.5902527929718749,0.5520732264236964,0.5687610919554259,0.5336506538710969,0.7156194540222871
1624,Healthy,0,0.2135195814900928,0.0273793287989166,0.021605329381095,0.184652406308386,0.4835941939845527,0.4381879023430005,0.4546193881254055,0.41899673355517897,0.7726903059372973
1625,Healthy,0,0.0795331328279442,0.0165105495187971,0.0172577743521995,0.0832547661330964,0.6745573364881714,0.687199283430524,0.6876266763362927,0.6867908927134981,0.6561866618318536
1626,Healthy,0,0.1261640646391444,0.0245724827465083,0.0199801921844482,0.0856405513154135,0.7533250710024987,0.6951653261284166,0.6520643645536263,0.7566768239791595,0.6739678177231868
1627,Healthy,0,0.1359589124719301,0.0312123220000002,0.022591676769985,0.1028054977456728,0.8290426644110352,0.7356091377899626,0.7468347553595664,0.7206438855498798,0.6265826223202167
1628,Healthy,0,0.1978298657470279,0.0241724606603384,0.0226528063002559,0.1754331307278739,0.45867185392013804,0.44586122523543675,0.435535267607652,0.4574339125758134,0.782232366196174
1629,Healthy,0,0.1013409487075275,0.0201466366027792,0.0213598731077379,0.0824582758877012,0.7192257411736857,0.7368922027380214,0.6633315347019252,0.822972604093578,0.6683342326490375
1630,Healthy,0,0.1447486819492446,0.0187998709993229,0.0184636443025536,0.1571665207544962,0.4429818785338611,0.4394558187021553,0.4597991400201518,0.42051191596969856,0.7701004299899241
1631,Healthy,0,0.194254704647594,0.0249888245016336,0.0249371352709001,0.1554022803902626,0.5002334106820614,0.49978068804938125,0.4559099116603804,0.5531155832899923,0.7720450441698099
1632,Healthy,0,0.1779116557704078,0.0224909565101067,0.0216506610934933,0.1062919770677884,0.5465843028182189,0.5377463818246973,0.44891543586517485,0.676886498657342,0.7755422820674127
1633,Healthy,0,0.1606811558206876,0.0232814231680499,0.0195976620953944,0.0952973663806915,0.6156228691790503,0.5739065587412403,0.5062208476534834,0.6822805949161997,0.7468895761732582
1634,Healthy,0,0.0918390080332756,0.016975331120193,0.0159272866116629,0.0599913315640555,0.7309824342543375,0.7124363342102451,0.6240108152015327,0.8391768445942046,0.6879945923992336
1635,Healthy,0,0.125074158112208,0.0180835324443048,0.0178137564410765,0.0999959094656838,0.5537813793488539,0.5502188376642156,0.5052758918925466,0.6048317446269674,0.7473620540537267
1636,Unhealthy,1,0.084279013176759,0.0164188243862655,0.0214858228961626,0.0737557195954852,0.688159250841178,0.773803556423455,0.6522016672300169,0.9023718992391077,0.6738991663849915
1637,Healthy,0,0.1385352114836374,0.0201454289878408,0.0181398380340801,0.1239941293994585,0.5322083286058675,0.5090878702806827,0.5078232335837289,0.5104997309685944,0.7460883832081354
1638,Healthy,0,0.1413715514871809,0.0154679889480272,0.0178559503207604,0.1127923842933442,0.4340370012338694,0.46365697006277645,0.39449207527912067,0.546687422338798,0.8027539623604396
1639,Healthy,0,0.1219480219814512,0.0230253839658366,0.018086162292295,0.0960994246933195,0.6974794282543337,0.6345378301230796,0.6352995244992343,0.6335707603648282,0.6823502377503828
1640,Healthy,0,0.134479697379801,0.018375234471427,0.016472835611138,0.1363381817936897,0.4779486467697554,0.4560281597263926,0.4808542125238434,0.43119497248023897,0.7595728937380782
1641,Healthy,0,0.1388961954249276,0.0324449783398045,0.0259699376506937,0.1109098750683996,0.8247953717439179,0.7580913507142208,0.7574356502157403,0.7589121327624717,0.6212821748921298
1642,Healthy,0,0.1962266299459669,0.0267778355628252,0.0284769145978821,0.1104706012540393,0.5946452703632945,0.6106307245837852,0.4803103023382187,0.819789095854881,0.7598448488308907
1643,Healthy,0,0.137514694697327,0.0186014899777041,0.0194391955931981,0.0867853181229697,0.569063926351585,0.5800195822331227,0.47660631769664774,0.7320041264727155,0.7616968411516761
1644,Healthy,0,0.1009182333946228,0.0205903527223401,0.0175174954864713,0.0677506095833248,0.7849567607692739,0.7371787988307194,0.6778237943619899,0.8217607496792559,0.6610881028190051
1645,Healthy,0,0.142823812034395,0.0211602130697833,0.0275312680751085,0.1068347030215793,0.5797736777355356,0.6528102130373072,0.5161530351835263,0.8195904915627008,0.7419234824082369
1646,Healthy,0,0.0990331926279597,0.0157527131959795,0.0202158650176392,0.0615684290726979,0.6559973036860145,0.7319233175589075,0.5489424187719113,0.9887406985653852,0.7255287906140444
1647,Healthy,0,0.1073707259363598,0.0174825591966509,0.0187953064839045,0.0907114595174789,0.6001377027942101,0.6191817334900955,0.560099293439531,0.6865441166865273,0.7199503532802345
1648,Healthy,0,0.1381551209423277,0.0214757714420557,0.0212569652746121,0.1142834863728947,0.5816245782755727,0.5790905869514349,0.5381357235125414,0.6273246109550826,0.7309321382437293
1649,Healthy,0,0.1437651647461785,0.022287371671862,0.0218032151460647,0.1308297167221705,0.5586339034608271,0.5534056768264068,0.5368751878803731,0.5713895390514271,0.7315624060598134
1650,Healthy,0,0.1843682941463258,0.0254737335360712,0.0279879663139581,0.1388548298014534,0.544644269698148,0.5677074994529189,0.4855792486837109,0.6710020921633982,0.7572103756581444
1651,Healthy,0,0.1443520776099628,0.0245475135743618,0.0200060343162881,0.0932290893461969,0.6850241234995844,0.6316634649492331,0.5813516398052723,0.7067077305772796,0.7093241800973639
1652,Healthy,0,0.1894709020853042,0.0239466294232341,0.0212257439270615,0.1072578107317288,0.5558932718687194,0.5284847013113956,0.4488221610280607,0.660808116133774,0.7755889194859695
1653,Healthy,0,0.1556883338424894,0.0234807562083005,0.0195070818687478,0.1161708293689621,0.589190300460789,0.5461425759320832,0.5242144434990277,0.5750997105069248,0.737892778250486
1654,Healthy,0,0.183891980184449,0.0195022446827756,0.0226880763139989,0.1290651485323906,0.44328116887359725,0.4751865292097261,0.3835358589066456,0.5980255467246814,0.8082320705466773
1655,Healthy,0,0.170010685092873,0.0252244035816854,0.0242450146211518,0.1073276450236638,0.6156288813772579,0.6054864789128934,0.5168006172032427,0.7370836672786567,0.7415996913983787
1656,Healthy,0,0.1894907868570751,0.0317064668569299,0.0286262747314241,0.1307222180896335,0.6611954753139616,0.6341707102254533,0.5733609495518328,0.7185828801925435,0.7133195252240835
1657,Healthy,0,0.1045895533429251,0.0162528178965051,0.0168041425446669,0.0800436751710044,0.5987990385187131,0.6074129587528628,0.5379840772671596,0.6940432088620107,0.7310079613664203
1658,Healthy,0,0.1352784873710738,0.0181459955250223,0.0166272555167476,0.0756085490187009,0.5872988728201161,0.56620060825191,0.47309256469350697,0.7210759682963392,0.7634537176532465
1659,Healthy,0,0.1165797387560208,0.0228249890108903,0.0215231848673688,0.1091100118226475,0.6729567875259542,0.6569177120946637,0.6549272575333132,0.6590418182429342,0.6725363712333435
1660,Unhealthy,1,0.1030596916874249,0.0174538763239979,0.0168926470602552,0.0774010858601993,0.6483352533685208,0.6395783241119083,0.5793165570317708,0.7165968102887904,0.7103417214841146
1661,Healthy,0,0.1519108845127953,0.0221134211040205,0.0219130882372458,0.1463724043634202,0.5165025871560142,0.5144639104171324,0.5082835073098824,0.5208550754697456,0.7458582463450587
1662,Healthy,0,0.1334570522109667,0.0184973163737191,0.018877922453814,0.1048835714658101,0.5374485378718048,0.5422283431654044,0.48691765945275467,0.6101388034657731,0.7565411702736228
1663,Unhealthy,1,0.133726572824849,0.0186655891852246,0.0177993637820084,0.0926117574175198,0.566332884933884,0.555015181270014,0.48993567488046386,0.6448395266213259,0.7550321625597681
1664,Healthy,0,0.1500202384259965,0.0229477973447905,0.0296987146139144,0.1063636417190233,0.6073266431959211,0.6814412213674353,0.5306829609882455,0.8730912917969214,0.7346585195058773
1665,Unhealthy,1,0.1507867731981807,0.0165057032265596,0.0181747834301657,0.0905846713317765,0.4812459136544988,0.5025211960320947,0.39465500372301565,0.668439666967714,0.802672498138492
1666,Healthy,0,0.2170272254281574,0.0234194242705901,0.0259486372686094,0.11142900503344,0.49922155830701465,0.5226562990724309,0.3895986789573819,0.7555417849305249,0.805200660521309
1667,Healthy,0,0.1270325721965896,0.0273722378123137,0.0205212481733825,0.1051776930689811,0.7631095475864623,0.6839392299710172,0.7091032412976088,0.6530285130664677,0.6454483793511956
1668,Healthy,0,0.1302025069793065,0.0152780960003534,0.0164158533637722,0.1276487484574318,0.42379199666588874,0.4378445760954428,0.4200723859383365,0.4557914478990647,0.7899638070308317
1669,Healthy,0,0.1118607314096556,0.0239914839880334,0.0216108444664213,0.1176837682723999,0.6915779310922199,0.6629526317029503,0.7063994920598556,0.6205794765930209,0.6468002539700723
1670,Healthy,0,0.168525003724628,0.0263269640919235,0.0287163543204466,0.0948968107501665,0.6663457023427791,0.6913575487948002,0.5404505663850356,0.9292328791692243,0.7297747168074822
1671,Healthy,0,0.1211540715561972,0.024225847588645,0.0194399446869889,0.0767928444676929,0.7865579264605521,0.7229055554727198,0.6665527875141753,0.8080382937147004,0.6667236062429124
1672,Healthy,0,0.1597161649001969,0.0190374928837021,0.0214730708135498,0.1372021784385045,0.45463574894465264,0.4802263570493143,0.42600510937162767,0.5413086392431629,0.7869974453141861
1673,Healthy,0,0.1699132869640986,0.0261506090561548,0.0263550151139497,0.1139429989788267,0.6223418187174052,0.6243944107994951,0.5335119741464985,0.7514009456048788,0.7332440129267508
1674,Healthy,0,0.1583174135949876,0.0198401113351186,0.0207214499306347,0.1236394047737121,0.493478270314439,0.5030604620019036,0.44545098710598197,0.5741570309506006,0.7772745064470091
1675,Healthy,0,0.1159113720059394,0.0169301190310054,0.017095834430721,0.1183887537982728,0.5050744647542712,0.5072328944664853,0.509784071191942,0.5047314872987888,0.7451079644040289
1676,Healthy,0,0.0943535185522503,0.0182326547801494,0.0172567292013102,0.076233834028244,0.704464442683724,0.6888576473704057,0.6477759831598242,0.7383303129295945,0.6761120084200878
1677,Healthy,0,0.0944954074091381,0.0186755625117156,0.0220140380163987,0.0739842446313964,0.7258608368722944,0.7781181990839706,0.6600831476402962,0.9172679931021379,0.6699584261798518
1678,Healthy,0,0.0932681163152058,0.0207195569657617,0.0199201431953244,0.0910070033537017,0.7343642139091806,0.7227571787720246,0.7270806173818529,0.7183144546685103,0.6364596913090734
1679,Healthy,0,0.1460512570208973,0.0140521111380722,0.0163659433730774,0.1399037208822038,0.3579480844389116,0.3845846692940754,0.35107596547549474,0.41891542932714293,0.8244620172622527
1680,Healthy,0,0.1730324236883057,0.0289615365780062,0.0280239884224202,0.0987306849824057,0.7027661618703275,0.6933628817138338,0.5735129216699919,0.8843536153627373,0.7132435391650039
1681,Healthy,0,0.1468686163425445,0.019863211032417,0.0216115189509259,0.1143523620234595,0.5280181454694266,0.5480715958546213,0.47653075828760216,0.6358017672354426,0.7617346208561988
1682,Healthy,0,0.1694279296530617,0.0214568593849738,0.0221579606748289,0.1124502238300111,0.5285072988097045,0.5359847813004486,0.44962952769795256,0.6584431921829295,0.7751852361510237
1683,Healthy,0,0.0782695035967561,0.0190277285873889,0.0182722936280899,0.065617764989535,0.8366469616323776,0.8234578054657783,0.7822515876454521,0.8712495344115054,0.6088742061772741
1684,Healthy,0,0.1781149158875147,0.0223859629283348,0.0241160566608111,0.1131491487224896,0.5329420315305162,0.5507008757188049,0.4466007941819594,0.7027580396202866,0.7766996029090202
1685,Healthy,0,0.1660190274318059,0.0256791050649351,0.0244057745569282,0.1275096883376439,0.5956527345413236,0.5830372289527807,0.5358237919270635,0.6426146250527658,0.7320881040364683
1686,Healthy,0,0.1316493791010644,0.0185231411208709,0.017678867922061,0.0829836146699057,0.5887855818509372,0.5773039430193191,0.4933829729566003,0.7025007715624074,0.7533085135216999
1687,Unhealthy,1,0.1136183134383625,0.0216132347575492,0.02007138563527,0.0732274390757083,0.7515287005767785,0.7296119086945653,0.6392956390985873,0.8605204062300792,0.6803521804507062
1688,Healthy,0,0.1073519107368257,0.0170553534602125,0.0207893695268366,0.0727890887194209,0.6368342637226077,0.6944440684071607,0.5483716266985812,0.888639112738023,0.7258141866507094
1689,Healthy,0,0.1054603573348787,0.0173567519005801,0.0189994801249769,0.0805622016390164,0.6290499769679333,0.65395142876996,0.5652877521259553,0.7633249976638343,0.7173561239370224
1690,Healthy,0,0.1123861703607771,0.018905253873931,0.0179397927390204,0.1041033739844958,0.594738497875168,0.5817610058474371,0.5759783316885742,0.5879818828255176,0.7120108341557129
1691,Healthy,0,0.1482932104004753,0.0193147177083624,0.0187166558785571,0.0890914185179604,0.5598183630210604,0.5523480588050437,0.46094997835234175,0.6944435649492205,0.7695250108238291
1692,Healthy,0,0.1215944273604287,0.02377014938328,0.0215439115547471,0.1204421694080035,0.6566863517026036,0.6307841617584506,0.6540836816162988,0.6069302401662611,0.6729581591918506
1693,Healthy,0,0.1967356122202343,0.0232813275522655,0.0266517903655767,0.1280273281865649,0.5015830383619245,0.5330519690130235,0.4232642736752666,0.6892149532541462,0.7883678631623667
1694,Healthy,0,0.1585417422983381,0.0242830349339379,0.0227948307163185,0.1280203925238715,0.5796715309329212,0.564415125087995,0.531285426440568,0.6045763876240848,0.7343572867797159
1695,Healthy,0,0.1522411132852236,0.0242011004851924,0.0220917535738812,0.1208356486426459,0.6022440850750628,0.5798028584029885,0.5486464937848153,0.6182650277352251,0.7256767531075925
1696,Healthy,0,0.0860048979520797,0.0183924147859215,0.0168578221152226,0.0686756736702389,0.7684903766929706,0.7423806000760438,0.7047083609165185,0.7883611892821992,0.6476458195417407
1697,Unhealthy,1,0.152855603231324,0.0224442846245235,0.0207043418453799,0.1356270809968312,0.5386015594426978,0.5204409243394882,0.5121346031431548,0.529755092583716,0.7439326984284226
1698,Healthy,0,0.0998131988777054,0.0213978185007969,0.0219469033181667,0.0791826562749015,0.7718174684868453,0.7797896795870213,0.7061344410295154,0.8680707562251077,0.6469327794852423
1699,Healthy,0,0.0935529056522581,0.0208846554160118,0.0207545306119653,0.0839304518368509,0.7620306042678648,0.7601077526690956,0.7299930275009151,0.7930280017809755,0.6350034862495425
1700,Healthy,0,0.0956007358100679,0.0197830181568861,0.0207993077735106,0.0805100711683432,0.7338022146433406,0.7491206645200924,0.6858164161499538,0.8212194365715457,0.6570917919250231
1701,Healthy,0,0.1416199141078525,0.0237081593109501,0.0212582527763313,0.0946358889341354,0.6686073815611944,0.6395854903086047,0.5736027480558252,0.733712764513667,0.7131986259720873
1702,Healthy,0,0.094022905247079,0.0161453828008638,0.0161249563097953,0.0777231239610248,0.6330380877002815,0.6327009813298646,0.5862079945850729,0.68727911165633,0.7068960027074637
1703,Healthy,0,0.1327466203106774,0.0181620613568358,0.0172360465965337,0.1003740852077802,0.5392439402455784,0.5273091668429178,0.48140534145944053,0.586209583548872,0.7592973292702798
1704,Healthy,0,0.1429318537314733,0.0236960519105196,0.0210531151129139,0.0934413352774249,0.66804651616703,0.636721570706912,0.5688375382075934,0.7355156530692563,0.7155812308962033
1705,Healthy,0,0.143775253660149,0.0166206879334317,0.0188637748360633,0.1168516129255294,0.452466392277576,0.4793394814952566,0.4144914832208419,0.5559804277817265,0.7927542583895791
1706,Healthy,0,0.0945836665729681,0.022467876267102,0.0252460827016168,0.0777968743609057,0.8271032386405899,0.8671540450094957,0.767794280090791,0.9800216694596002,0.6161028599546045
1707,Healthy,0,0.1350515617264641,0.0199620519868201,0.0220397363106409,0.1259632325834698,0.5306605985646933,0.5544487095200443,0.5151044868547416,0.5956566000080529,0.7424477565726291
1708,Healthy,0,0.1513260793354776,0.0175890748699506,0.0183739548342095,0.0800995743936962,0.5277966672967099,0.5379888070412898,0.41651857591319336,0.746351023600874,0.7917407120434033
1709,Healthy,0,0.0831803580125172,0.019192161452439,0.0189738435049851,0.079807896580961,0.7624538232906379,0.7589400302560563,0.7498950520216039,0.7683137992295622,0.6250524739891979
1710,Healthy,0,0.1434670719835493,0.0201029729925923,0.0181247948979338,0.1189293372962209,0.531469042268105,0.5086452892825183,0.4916052446039133,0.5289820776000452,0.7541973776980433
1711,Healthy,0,0.1462854064173168,0.0165274072852399,0.017648977951871,0.1094219229287571,0.4578829360684059,0.4715875162045872,0.4060468438420056,0.5555631644872229,0.796976578078997
1712,Healthy,0,0.1143854235609372,0.0223302996406952,0.0172048232828577,0.0976898744702339,0.695821655621748,0.6285132829322208,0.6533352307330976,0.5989771023143581,0.6733323846334512
1713,Healthy,0,0.1418495583865377,0.0193593748327758,0.0178590407595038,0.1495479659901725,0.46915287382160126,0.45303238297925236,0.48035488967447526,0.42672146420271223,0.7598225551627623
1714,Healthy,0,0.1373975425958633,0.0206485125753614,0.018654348846111,0.101194969481892,0.5901903380834335,0.5657217092400659,0.5225948234643659,0.622593406666123,0.738702588267817
1715,Healthy,0,0.1343778015838729,0.0178590990189049,0.0194794289353821,0.0973960633079211,0.5341197439149407,0.5549878630174091,0.4692449451661795,0.6666728348773477,0.7653775274169103
1716,Healthy,0,0.19015867014726,0.0352282784879207,0.0346367545425891,0.1401934027671814,0.7031441113942896,0.6982713331610523,0.6252052960696041,0.792466358792286,0.6873973519651979
1717,Healthy,0,0.1113810166716575,0.0144650095866786,0.0167000465508964,0.0859587498837047,0.5114252277242555,0.5455474553279662,0.45976849700394673,0.650701045829431,0.7701157514980267
1718,Healthy,0,0.1983554694387647,0.0294490843597385,0.0275029252386755,0.1844215724203321,0.533407058479222,0.518064561890035,0.5170938661004414,0.519107994450523,0.7414530669497793
1719,Unhealthy,1,0.1140511764420403,0.0201723398640751,0.0199389445285002,0.0781345408823755,0.6940112817857503,0.6906896618742093,0.6011566503166039,0.8132246731098272,0.699421674841698
1720,Healthy,0,0.1838117175632053,0.0319000087264511,0.0288739678346448,0.1086715882023175,0.7162840727606957,0.6881553994961077,0.5915303590610732,0.8396917695221084,0.7042348204694634
1721,Healthy,0,0.1723172201050652,0.0262966615458329,0.0324540372110075,0.101767828894986,0.6439767990138006,0.7060623644279078,0.5296036979339503,0.9671758604631203,0.7351981510330248
1722,Unhealthy,1,0.1455945662326283,0.0158753087744116,0.0192570149277647,0.0981992036104202,0.46091474189482706,0.5038226901705054,0.39326985974862383,0.6558023122974715,0.8033650701256881
1723,Healthy,0,0.1829006804360283,0.0227257352736261,0.0233424291428592,0.1038400464587741,0.5472912476239657,0.5536891065016186,0.44207812882786346,0.7341397950445128,0.7789609355860684
1724,Healthy,0,0.1617134577698177,0.0181794692244794,0.0184280358047948,0.1162034794688224,0.46276461238915895,0.46556006605161265,0.404228660419889,0.5475103141294292,0.7978856697900554
1725,Healthy,0,0.1285481643345621,0.0252595198237233,0.0212014464454518,0.105830826693111,0.7092929288101036,0.6617429615981005,0.6569117781587145,0.6675924447113035,0.6715441109206428
1726,Healthy,0,0.0905821248888969,0.015238500200212,0.0133699391865068,0.0692687481641769,0.640515755205353,0.607206701889213,0.5760124810217305,0.6471515758603679,0.7119937594891347
1727,Healthy,0,0.1111208837893274,0.0213941264276703,0.026694385955731,0.08331433393889,0.7214843076038575,0.7931349622780274,0.645787262669692,0.9706280004458538,0.6771063686651541
1728,Healthy,0,0.1075421348214149,0.0154096188230646,0.0168846138856477,0.0832516103982925,0.5562713383951339,0.5790403052391154,0.5013224575103565,0.6744657692613101,0.7493387712448217
1729,Healthy,0,0.1618923577997419,0.0273263328191306,0.0217789873066875,0.1031152374214596,0.6838843901499413,0.625320612131704,0.5776666719287633,0.6975178349228898,0.7111666640356182
1730,Healthy,0,0.1969639062881469,0.0301690453456507,0.0368973749379316,0.1774900555610656,0.5550983771551722,0.6075952368007412,0.5313019555928057,0.6884242206187398,0.7343490222035971
1731,Healthy,0,0.1035979059007432,0.0136117422953248,0.0138711631298065,0.0729128908779886,0.5344900113553679,0.5388971351216713,0.4645263424920485,0.6393415605387859,0.7677368287539758
1732,Healthy,0,0.1465482571058803,0.0296657261335187,0.0255676443792051,0.0942871396740277,0.7906463016208441,0.746223534725385,0.6734023166190106,0.8532874037918879,0.6632988416904947
1733,Healthy,0,0.1298901860912641,0.0161022991976804,0.0167439382316337,0.1355434589915805,0.43280188753995225,0.4404753971696391,0.44118159001981927,0.43979839532200793,0.7794092049900905
1734,Healthy,0,0.1346740813718902,0.02146695036855,0.0177879386271039,0.1201865317093001,0.5766916278826764,0.5338703838248919,0.5499374540892087,0.515687824964547,0.7250312729553956
1735,Healthy,0,0.0965518355369567,0.0204984436018599,0.0168222793274455,0.0693604023092323,0.7925583213177455,0.7345407513997205,0.7005004602355412,0.7807730744960362,0.6497497698822294
1736,Healthy,0,0.1408081799745559,0.0280164171838098,0.0256442336572541,0.1178589347336027,0.7122064624691397,0.6872351005579367,0.663799414430802,0.7148060616308456,0.668100292784599
1737,Healthy,0,0.2133106456862555,0.0301312280611859,0.0257400700615512,0.114974331524637,0.6203871234499555,0.5817559333030741,0.4950870217577363,0.7316968205499645,0.7524564891211318
1738,Healthy,0,0.1148452204134729,0.0247263343383868,0.0266082907716433,0.1278353449371126,0.6771248583397015,0.6983941888119084,0.708635348580792,0.6891391969513132,0.645682325709604
1739,Healthy,0,0.1334893066022131,0.02333722408447,0.0227761349330345,0.0989021046294106,0.669009792443937,0.6622990188104163,0.5952366345741442,0.7487332168820809,0.7023816827129278
1740,Unhealthy,1,0.0925483852624893,0.0175082526273197,0.0195073655082119,0.073730299456252,0.6958239838571402,0.7283158970188247,0.6363360888726886,0.8368877755849776,0.6818319555636557
1741,Healthy,0,0.1191973247461848,0.0186681925422615,0.0260943275772862,0.0711827245023515,0.6558399738494869,0.7614532790016086,0.5416348600993055,1.0729900637171277,0.7291825699503471
1742,Healthy,0,0.1310449441274007,0.0215623966521687,0.0190603588190343,0.0846055145892832,0.6665984164642483,0.6340538647385973,0.565173248993679,0.7354535564065394,0.7174133755031606
1743,Healthy,0,0.1067285343176788,0.017403969541192,0.0172580275684595,0.0925437915656301,0.5948034805494687,0.5926791189285131,0.560819092507116,0.6286973277695539,0.719590453746442
1744,Healthy,0,0.154106049074067,0.0176503009473284,0.0170290423557162,0.0957839704222149,0.495115887366672,0.4874641874571704,0.41105440224200696,0.6037970952601839,0.7944727988789967
1745,Healthy,0,0.1871106757058037,0.028067530443271,0.029089724438058,0.1016102209687233,0.6511131346959699,0.6610102965361622,0.5217541487231455,0.8902750294966443,0.7391229256384271
1746,Healthy,0,0.188155644469791,0.0272845932179027,0.0256143620030747,0.1082941417892773,0.6218374581506184,0.6056865125303326,0.5065830507939741,0.7651302576808457,0.746708474603013
1747,Unhealthy,1,0.1038599022560649,0.0157818296510312,0.0183130556510554,0.0878478470775816,0.5654760633245589,0.6039767491125829,0.5276362820720806,0.690011300972686,0.7361818589639597
1748,Healthy,0,0.1742209941148758,0.021681909656359,0.0250648630576001,0.087002545595169,0.569476283610014,0.6071594673657974,0.44270726444520714,0.8946352328092586,0.7786463677773965
1749,Healthy,0,0.1383443706565433,0.0180106202347411,0.0219848302917348,0.0924067513810263,0.5401045315333971,0.5908913290788185,0.4607622726226658,0.7687569301953213,0.7696188636886672
1750,Unhealthy,1,0.1013876870274543,0.0192883355129096,0.0190896119715438,0.0629854293333159,0.7603195159270866,0.757144189660093,0.6393427660895272,0.9303491862105707,0.6803286169552363
1751,Healthy,0,0.1508607036537594,0.0184289297709862,0.0215917010274198,0.0983911413285467,0.515296880310395,0.5533970100735656,0.43544142421877047,0.7198262886075423,0.7822792878906147
1752,Healthy,0,0.1637527793645858,0.0222934022959735,0.0227457382198837,0.1526518364747365,0.49404835758899784,0.49843594998054,0.4793089994536463,0.5187241216872164,0.7603455002731767
1753,Healthy,0,0.0827335218588511,0.0174100203439593,0.0148359863087534,0.0708595021731323,0.7392277332717379,0.69406316926874,0.6954026175227785,0.6924978932532453,0.6522986912386106
1754,Healthy,0,0.1444370994965235,0.0163363372493121,0.0209180961052576,0.0782588082883093,0.5117728141257065,0.5732546176516292,0.4064436906984325,0.8436680387703025,0.7967781546507837
1755,Healthy,0,0.1468417478932274,0.0241115376767185,0.0216938383463356,0.1153523325920105,0.6213970387448396,0.5948760629948828,0.5641666984365319,0.6331833482920193,0.717916650781734
1756,Healthy,0,0.2009231994549433,0.0236454765415853,0.0229358180529541,0.1515052459306187,0.4732415115637162,0.46696899776794826,0.42117141113573314,0.525927038718681,0.7894142944321334
1757,Healthy,0,0.1545424213012059,0.0189984487369656,0.021565574945675,0.135534885028998,0.4632719919255326,0.49073143615850806,0.43790142881701033,0.5490900522926974,0.7810492855914948
1758,Healthy,0,0.1473448872566223,0.0208463232136435,0.0204712473269965,0.1070217581258879,0.5633013059299267,0.5589418483045256,0.49577675683186506,0.6422704446970383,0.7521116215840675
1759,Healthy,0,0.1259913593530655,0.0150094503122899,0.0190819855779409,0.0741522394948535,0.5216992462869329,0.5821748386758873,0.4257975637987502,0.8186687051044732,0.7871012181006249
1760,Healthy,0,0.1427591501010788,0.0184643856353229,0.0226499943269623,0.0866031754348013,0.5547128193696454,0.608028405057072,0.45810645575995596,0.8292663499412478,0.7709467721200219
1761,Healthy,0,0.1010998371574613,0.0170634092970026,0.0175322848889562,0.0811281609866354,0.6309416930673802,0.6382271939783445,0.5776215467667692,0.7108131220515252,0.7111892266166153
1762,Healthy,0,0.1305991535385449,0.0212973677035835,0.0220366201053063,0.1163681844870249,0.5884021329480009,0.5970897678035466,0.5608388534358795,0.6368744255725735,0.7195805732820602
1763,Healthy,0,0.1583553850650787,0.0221665770643287,0.0204819574331243,0.1066691991355684,0.5732283196545189,0.5544655272832109,0.49116632243202757,0.6443341291059052,0.7544168387839861
1764,Healthy,0,0.1691908869478437,0.0270809738172425,0.0245952757282389,0.1243096995684835,0.6231554143937769,0.5988379769055889,0.5519074147802606,0.6606972179197634,0.7240462926098696
1765,Healthy,0,0.1270150136616495,0.0235804563595189,0.0196688760899835,0.1055065956380632,0.6744920973771259,0.6273225478387519,0.6263257814117336,0.6285217325233059,0.6868371092941331
1766,Healthy,0,0.1382574240366617,0.0206130223555697,0.0182394057305322,0.122571957608064,0.5459401303728826,0.5185824007269433,0.5189894740946018,0.5181231201255703,0.7405052629526991
1767,Healthy,0,0.09658276124133,0.0278349125550852,0.0213385447859764,0.0763507742020818,0.9740858572745605,0.8855814348678015,0.894886126890027,0.8737309260425853,0.5525569365549865
1768,Healthy,0,0.1410637183321846,0.0220965175992912,0.0205888187305794,0.1014439562956492,0.6165737814229927,0.5986869900707498,0.5417133034441386,0.6748619369232316,0.7291433482779307
1769,Healthy,0,0.1451834109094407,0.0165475239563319,0.0179582423427038,0.1027515116665098,0.47105364392449545,0.4886798206940875,0.4092605776394082,0.5950883585209883,0.7953697111802958
1770,Healthy,0,0.1544709710611237,0.0181120576130019,0.0188454563419024,0.1091187828116946,0.48328805248250756,0.49186957142580046,0.4197876871705946,0.589085090226871,0.7901061564147025
1771,Unhealthy,1,0.1431337139672703,0.0157369718783431,0.0163246640521619,0.126874812775188,0.41758903865391417,0.4245587931862913,0.39622090871152654,0.4559978685353416,0.8018895456442366
1772,Healthy,0,0.2175908337036768,0.0221782711644967,0.0259043334258927,0.1265042101343473,0.456752335771614,0.49041657303084374,0.3699938101147844,0.6798656511182767,0.8150030949426079
1773,Healthy,0,0.1499005415373378,0.0210026632994413,0.0269064688020282,0.107480049961143,0.5612198044027178,0.6277202067141876,0.4915686237598614,0.8008680944982393,0.7542156881200692
1774,Healthy,0,0.1373341414663526,0.0168674744458662,0.0172088341787457,0.0997049626376893,0.49834832427254566,0.502757232156583,0.43754339008919907,0.5887700048186817,0.7812283049554004
1775,Healthy,0,0.1328904951612154,0.0321686232669485,0.0265178105069531,0.0991371555460823,0.8683517802924755,0.8074797460003613,0.7795660990628336,0.8441468360513722,0.6102169504685833
1776,Healthy,0,0.0904902724756134,0.0252016635818613,0.0279142744839191,0.0718046074940098,0.9478843821588679,0.9863188590101465,0.8713369121713493,1.1197187104483364,0.5643315439143253
1777,Healthy,0,0.1363649078541332,0.0133256381377577,0.0157876255818539,0.0794546463423305,0.43966156627809844,0.4754489654316079,0.356084963134,0.6630511961924347,0.821957518433
1778,Healthy,0,0.1425208258959982,0.0184012769411007,0.0163594565043846,0.1405286341905594,0.46024476664131336,0.4375030650737209,0.4573958857529539,0.41709874680530645,0.7713020571235231
1779,Healthy,0,0.1186939676602681,0.0197197888046503,0.0222880541243486,0.0969359328349431,0.6184915247780557,0.6522001376146418,0.5698794486413168,0.7477708032682624,0.7150602756793415
1780,Healthy,0,0.1388725721173816,0.0248814875053034,0.0215289431313673,0.1129045958320299,0.6601174161704229,0.6225668787935554,0.607776993440877,0.6405825003901467,0.6961115032795615
1781,Healthy,0,0.1345282254947556,0.0260196160525083,0.0221469934201902,0.1187756723827785,0.6817147922468793,0.6390888434966019,0.6482707161117043,0.628628284711987,0.6758646419441479
1782,Healthy,0,0.1940742284059524,0.0283331933120886,0.0264375708583328,0.1110616624355316,0.6264901041653108,0.60872188282942,0.509572802799868,0.7690972589448619,0.7452135986000659
1783,Healthy,0,0.1862164288759231,0.0264021104408635,0.0266216312431626,0.0999841954973008,0.6230497483540712,0.6252350596192423,0.4967038250888597,0.8410870788035948,0.7516480874555702
1784,Healthy,0,0.1053327744205792,0.0191304673337274,0.0179644640949037,0.0876305674513181,0.6618843875754226,0.6449658322902122,0.6148150108926586,0.6805041423578786,0.6925924945536707
1785,Healthy,0,0.0981401312682363,0.0233942075735992,0.0233529114888774,0.0922158219748073,0.7891971538654282,0.7886379304649481,0.7699620632830155,0.808277837403682,0.6150189683584922
1786,Healthy,0,0.1705173187785678,0.028795462515619,0.0310970869743161,0.1047237929370668,0.6921319905876416,0.7148497023484279,0.5778949514154185,0.9158264029685442,0.7110525242922909
1787,Healthy,0,0.1581040927105479,0.0283040838936964,0.0252446006569597,0.113177398012744,0.6905758241295451,0.6594052970047554,0.6073571322740345,0.7294967822910063,0.6963214338629827
1788,Healthy,0,0.1506518738137351,0.0220371039791239,0.0237678320457537,0.1283953388532002,0.5456055234341562,0.5640096420397418,0.5104461039906665,0.6247985476469089,0.7447769480046668
1789,Healthy,0,0.1052045077085495,0.0219186964548296,0.0232811555680301,0.1153893868128458,0.6631196079032664,0.6802244614183782,0.6896835742642116,0.6715530254171937,0.6551582128678941
1790,Healthy,0,0.1682865288522508,0.0284473823590411,0.031302871596482,0.0983366221189498,0.7034511779276644,0.7322931716073867,0.5783930626680555,0.9658436854187071,0.7108034686659723
1791,Healthy,0,0.1435751335488425,0.0155311173035038,0.0177492452785372,0.0880091629094547,0.4730652178198272,0.5026017846642574,0.3904590101344788,0.6713128755488398,0.8047704949327608
1792,Healthy,0,0.1887645423412323,0.0232610706653859,0.0274822672622071,0.1320180495580037,0.5066326363035397,0.54632351449865,0.4388351074293996,0.6892090952567872,0.7805824462853002
1793,Healthy,0,0.1358664797412024,0.017644264942242,0.017728397829665,0.0992470267746183,0.5220157415122816,0.5230975449140927,0.4597532238834843,0.6062264066025314,0.7701233880582579
1794,Healthy,0,0.1578230228688981,0.0168773417050639,0.020521809036533,0.0784171836243735,0.5000788484879071,0.5466925681965652,0.3864294558565418,0.8296752770413733,0.8067852720717292
1795,Healthy,0,0.1606551226642396,0.0314521756437089,0.0282335150986909,0.1102295302682452,0.7538217315987553,0.7222147041853286,0.6548876783075879,0.8156260040033135,0.6725561608462062
1796,Healthy,0,0.1044217662678824,0.0163358935258454,0.0191731380505694,0.0906410358018345,0.5738572638919269,0.6160168137607304,0.5411132860225862,0.6983848214835771,0.7294433569887069
1797,Healthy,0,0.1198349661297268,0.0185689903381798,0.0181099418550729,0.1080571520659658,0.5605096301803607,0.5545418841453906,0.5366606797107167,0.5741573747083991,0.7316696601446417
1798,Healthy,0,0.1059774102436171,0.0252233362860149,0.0258870093772808,0.1044348155458768,0.7735472761541128,0.7817351348202417,0.7689997794431193,0.7945563804848406,0.6155001102784403
1799,Healthy,0,0.1694901113708814,0.0220809274663527,0.0232014887862735,0.1182803412278493,0.5321790489288,0.5438465839828687,0.4610493861781159,0.6559567057892172,0.7694753069109419
1800,Healthy,0,0.131148986518383,0.0183579098019335,0.017706896074944,0.0847395236293474,0.5813965206371894,0.5725633057094609,0.4911588763799077,0.6913622213857522,0.7544205618100462
1801,Healthy,0,0.1504195100731319,0.0236377606375349,0.0308434174706538,0.1021791125337282,0.6306048352562693,0.7096680143900951,0.5432180003977577,0.9274644669482008,0.7283909998011212
1802,Healthy,0,0.0971823549932903,0.0205088381965955,0.0194164769103129,0.0967295053932401,0.698382620685975,0.6829592432881342,0.697039009996476,0.6686921587891701,0.6514804950017619
1803,Healthy,0,0.1474190172221925,0.0256379288103845,0.0220688527656926,0.0993896027406056,0.6880714894843052,0.6479359833381065,0.5925894197984588,0.7267951061521024,0.7037052901007707
1804,Healthy,0,0.0942239757213327,0.0166537388124399,0.0229267661149303,0.0595243701504336,0.7122467935456069,0.8189259857235335,0.6007966121043119,1.1122595589776672,0.6996016939478441
1805,Healthy,0,0.1430934816598892,0.0203502037458949,0.0199791331672006,0.1164506648977597,0.5422300846807434,0.5379513579703358,0.4980358511953801,0.5857703654354937,0.75098207440231
1806,Healthy,0,0.1607808536953396,0.0306233544316556,0.0280689990354908,0.1100642896360821,0.7377080582801796,0.7124209419242202,0.639972438042475,0.81280911517941,0.6800137809787626
1807,Healthy,0,0.1612975663608974,0.0192537965873877,0.0182789261970255,0.1316548138856887,0.4647027848013906,0.45427430695286325,0.42655555234778303,0.4876534444332952,0.7867222238261083
1808,Healthy,0,0.2027515570322672,0.024788834568527,0.0268510522113906,0.1328297787242465,0.5148800210526452,0.5334406667243979,0.4357702717154061,0.6726180482418334,0.7821148641422968
1809,Healthy,0,0.1770509332418441,0.031784677464101,0.0294357250548071,0.1079749034510718,0.7294346732962906,0.7072469888281457,0.6087980370140227,0.8568689445605072,0.6956009814929888
1810,Healthy,0,0.1799616250726911,0.0264623504545953,0.0269064183036486,0.0934277897079785,0.6487577259390397,0.6533120998561095,0.5127766847237635,0.8943896751636512,0.7436116576381182
1811,Healthy,0,0.0857604857948091,0.0195781514048576,0.019393460618125,0.0833592588702837,0.752007795124907,0.7491250505209639,0.7434366695953247,0.7549565876088655,0.6282816652023375
1812,Healthy,0,0.1380739543173048,0.0245880415249202,0.0224177437937921,0.1074849656886524,0.6673938628257283,0.6426719896584696,0.604641333646724,0.6902933397804673,0.697679333176638
1813,Healthy,0,0.1138510629534721,0.0226716376427147,0.0196919993807872,0.1052551567554473,0.6858515692971675,0.6480844492427331,0.6642598642924279,0.6304104867922334,0.6678700678537861
1814,Healthy,0,0.15584829946359,0.0245025317288107,0.022596878103084,0.1279636861549483,0.5889729939454803,0.5693295604738362,0.5434415038025762,0.6003398888531589,0.7282792480987119
1815,Healthy,0,0.172747199734052,0.0262219233231412,0.0273455389671855,0.1022348312868012,0.6406805353313868,0.6521691663616868,0.5271556293808215,0.8441259710428765,0.7364221853095894
1816,Healthy,0,0.0671377335157659,0.0158030816043416,0.0216377926990389,0.0561549042661984,0.8161758001107193,0.9317502944501204,0.7621377523940167,1.112587352959779,0.6189311238029916
1817,Healthy,0,0.1880282213290532,0.0286899598108397,0.0371110008822547,0.1391678369707531,0.5968123119057007,0.6697349599415975,0.5295348947640006,0.8420976978121479,0.7352325526179998
1818,Healthy,0,0.0884815893239445,0.0236418700466553,0.0249388600803083,0.0992049715585178,0.8049313448883209,0.8224706842730163,0.8434227833985115,0.8035472967473205,0.5782886083007442
1819,Healthy,0,0.155720677640703,0.0160618089139461,0.0182662884601288,0.1159862329562505,0.4229149453075867,0.4486819674868655,0.37400340945318344,0.5442367343992467,0.8129982952734083
1820,Healthy,0,0.1420350786712434,0.0189541541039943,0.0173352438335617,0.0994926922851138,0.5426401389735138,0.5224932365704642,0.47094215624859365,0.593530773870808,0.7645289218757033
1821,Healthy,0,0.1524138102928797,0.0168481976207759,0.0172119989163345,0.0952909340461095,0.4789802243413789,0.4835263951747308,0.3981566289670993,0.6119662292566275,0.8009216855164503
1822,Healthy,0,0.1405602594216664,0.0260679550055,0.026119014662173,0.1363353290491634,0.6338105652687731,0.6343328551093709,0.6257752949010774,0.6431102810912493,0.6871123525494613
1823,Healthy,0,0.1426721215248108,0.0176859233114454,0.0190720190811488,0.1383367437455389,0.4472061069870363,0.462703359900112,0.44116086173299857,0.48464948808848024,0.7794195691335007
1824,Healthy,0,0.1414476335048675,0.0222684769994682,0.020755429027809,0.1332695525553491,0.5580125475044347,0.5416221835786988,0.5440753980990396,0.5390146147585323,0.7279623009504802
1825,Healthy,0,0.2164272665977478,0.0237881419145398,0.0219616128338707,0.1374557887514432,0.4740333995115062,0.4579179045608105,0.39611350598807205,0.5510468146005431,0.8019432470059641
1826,Healthy,0,0.0961757972836494,0.0176573176350858,0.0161351737462812,0.0697333340843518,0.7019973010180657,0.6768596251974905,0.620463303589338,0.7516224121703016,0.6897683482053311
1827,Healthy,0,0.1904716541369756,0.0295680008000797,0.0360304717388418,0.1374358683824539,0.6111560888112163,0.6668104004788467,0.5375031297615503,0.8308348862066872,0.7312484351192248
1828,Healthy,0,0.217454238070382,0.0258853238903813,0.0268504847255018,0.1572526411877738,0.48556507200003757,0.4935006269792461,0.42550128194206444,0.5833792249274485,0.7872493590289678
1829,Healthy,0,0.1351529094907972,0.0213843110120958,0.0173946399655607,0.1000361152821117,0.6154696230452867,0.5661822462485595,0.5464339009826892,0.5925071308235661,0.7267830495086556
1830,Healthy,0,0.1556192520591947,0.0260102678504255,0.0227235106544362,0.105014466577106,0.665534339983802,0.6301085790227638,0.5728202742234488,0.711566321838549,0.7135898628882754
1831,Healthy,0,0.1307511834634674,0.0191128210475047,0.024071984200014,0.1127344941099484,0.5427633101857754,0.6025706563517194,0.5101377374739877,0.703825856710502,0.7449311312630061
1832,Healthy,0,0.1428646221756935,0.0199853956906331,0.0214283609141906,0.0991898311509026,0.5669108298822001,0.5843866106163091,0.4908908442868667,0.7106178776954807,0.7545545778565667
1833,Healthy,0,0.1102322629756397,0.0188560537579986,0.0157764429847399,0.0665092704196771,0.7034081091976949,0.655378462909921,0.5842838216538622,0.7669104310830724,0.707858089173069
1834,Healthy,0,0.1193278158704439,0.025052725440926,0.020304440624184,0.1064728415674633,0.7264130712725313,0.6690888056136843,0.6940748445290144,0.6406334091778394,0.6529625777354928
1835,Healthy,0,0.168498170044687,0.0234109850393401,0.0233106923600037,0.1065458191765679,0.5818816028948065,0.5808161932259156,0.487959733428864,0.7180446196858966,0.7560201332855678
1836,Healthy,0,0.1441599147187339,0.0202990272599789,0.0203132544540696,0.1227860550085703,0.5280291772122668,0.5281897854955483,0.4937165961485113,0.5678085947542031,0.7531417019257444
1837,Healthy,0,0.1706627044412824,0.0311931355131997,0.0323306603564156,0.1120494695173369,0.7231127457454373,0.7338786423736279,0.6181269864718041,0.8957094133295455,0.6909365067640981
1838,Healthy,0,0.1362456530332565,0.0211718472548657,0.0230161858101685,0.1313753053545951,0.5464325575693612,0.5668602801880521,0.5379795058647161,0.5963071056968048,0.7310102470676418
1839,Healthy,0,0.1907595379485024,0.030310472059581,0.039717372920778,0.1296400179465612,0.6364061158588442,0.7174480563950322,0.5484320927740981,0.938072385677915,0.7257839536129508
1840,Healthy,0,0.1345966789457533,0.025120195829206,0.0245080490907033,0.1220764766136805,0.6547823269951861,0.6480968724562683,0.6291181408251394,0.6687758881214665,0.6854409295874304
1841,Healthy,0,0.1091705519292089,0.0248018118242422,0.0252618003222677,0.1064222595757908,0.7481793429052089,0.7538099242378385,0.7405053140626792,0.7673457316496407,0.6297473429686604
1842,Healthy,0,0.1619763862755563,0.0181404047956069,0.0198175863673289,0.0832980242040422,0.5154343731519384,0.5360684857072578,0.4028587160080977,0.7687521320008954,0.7985706419959513
1843,Healthy,0,0.1715364903211593,0.0226351823657751,0.0237227504452069,0.0992124378681182,0.5730076073917649,0.5847610192318615,0.46629216409481333,0.7718782806024485,0.7668539179525933
1844,Healthy,0,0.1037112979425324,0.017423708198799,0.0201735442711247,0.0862522257698906,0.6200306156016057,0.6608740416634307,0.5753484068336218,0.7582202792932592,0.7123257965831892
1845,Healthy,0,0.2034016855888896,0.0228736530989408,0.0235795647733741,0.1471180808213022,0.4617825639338732,0.46807434975732626,0.4043507919437444,0.5525457528421703,0.7978246040281278
1846,Healthy,0,0.1875500231981277,0.0240749865770339,0.0235436802936924,0.1164743171797858,0.5468879620568382,0.5416705680378405,0.4550499320021216,0.6725901160856689,0.7724750339989394
1847,Healthy,0,0.1553422121538056,0.0193171339730421,0.0199501930425564,0.0962574374344613,0.5324569681489633,0.5400039217112923,0.4423956553464452,0.6867085392125584,0.7788021723267773
1848,Healthy,0,0.1639659918016857,0.0193746461429529,0.0211020766033066,0.1482583474781778,0.4416205526670117,0.4590484929502318,0.42270271032444545,0.4983945149583177,0.7886486448377773
1849,Healthy,0,0.1676451870136791,0.0282077236721913,0.0231859969596068,0.1345921001500553,0.6291929983108027,0.5813259527457917,0.5761001676903098,0.5878128177320229,0.7119499161548452
1850,Healthy,0,0.2032813661628299,0.0245273133946789,0.0201297673500246,0.1836480498313903,0.4500589193692895,0.4138876548004472,0.43066512553113045,0.3951316709238063,0.7846674372344348
1851,Healthy,0,0.143402369485961,0.0176642034202814,0.0171897479643424,0.1110481810238626,0.48766007254067706,0.48189988273795,0.4386808038825986,0.5361829561649727,0.7806595980587006
1852,Healthy,0,0.1469799445735083,0.0288793552252981,0.0260403808206319,0.1321403607726097,0.6858095368629317,0.6576425486844333,0.6568741092074816,0.6584968703103993,0.6715629453962592
1853,Healthy,0,0.1234487394491831,0.0250794624702797,0.0208949353545904,0.1064878288242552,0.716311774459536,0.6665106280478784,0.6754128077004168,0.6561306936393335,0.6622935961497916
1854,Healthy,0,0.1511436659428808,0.015895609329972,0.0166562218219041,0.1362834837701585,0.39836327492029894,0.4069246181594461,0.38064363734833206,0.43562845259638155,0.809678181325834
1855,Healthy,0,0.1328961493240462,0.0210261844719449,0.0198264477981461,0.117862989505132,0.5744633366866281,0.5603701402874319,0.5464102304948946,0.5759758536735359,0.7267948847525527
1856,Healthy,0,0.1227581194705433,0.0242471332765287,0.0241744820442464,0.1136224046349525,0.680920434425971,0.6800737581300424,0.6597623642264483,0.7017424740669602,0.670118817886776
1857,Healthy,0,0.1263660639524459,0.026806480768654,0.0245269286549753,0.1474495248662101,0.6549576874591133,0.6315062903608041,0.7000335684822331,0.570471786172841,0.6499832157588835
1858,Healthy,0,0.1680940886338552,0.0239985924628045,0.0249456730153825,0.1038089626365237,0.6001519160642741,0.610187624122068,0.4997294498842166,0.7749832971551943,0.7501352750578917
1859,Healthy,0,0.1882746087180243,0.0261957034882571,0.0298761773026651,0.1338503162066141,0.5595633889775685,0.5930444672564845,0.48856558688759877,0.7299045294944124,0.7557172065562007
1860,Healthy,0,0.1218595719999737,0.0209211221792631,0.017608058017989,0.0682820085850026,0.721468307003154,0.6739677616054264,0.5861050697232275,0.8200276802382036,0.7069474651383862
1861,Healthy,0,0.1849427239762412,0.0273054463581906,0.029803778976202,0.1509441385666529,0.5593977632995272,0.5812701662539194,0.5145947089233587,0.6595656399556713,0.7427026455383207
1862,Healthy,0,0.1334266480472352,0.0205318143384324,0.0188872783134381,0.1195422924227184,0.5586269411720933,0.5392709439027752,0.5334377602966698,0.5457584882477692,0.7332811198516651
1863,Healthy,0,0.1798971825175815,0.0311942315763897,0.0297025771190722,0.1470075779491,0.6410434024278308,0.6281233861640244,0.5911037492506069,0.6723456749299638,0.7044481253746965
1864,Healthy,0,0.2050756795538796,0.0215383946067757,0.0229237611509031,0.1498576187425189,0.432921582295067,0.4452945601294572,0.3801775275706189,0.5306998049221121,0.8099112362146905
1865,Healthy,0,0.1088654862509833,0.0193185581722193,0.0180778892503844,0.0741789266467094,0.6971643776823151,0.6785756028762975,0.6028381538169799,0.7838072049028466,0.6985809230915099
1866,Healthy,0,0.1770672930611504,0.0249340298275152,0.024572180584073,0.1449717664056354,0.5363496108682596,0.5329763495877006,0.49373993142129585,0.5797241604989785,0.7531300342893521
1867,Healthy,0,0.2157523052559958,0.023637772227327,0.0249356867538558,0.1591374410523308,0.44793397741640734,0.45882105811743,0.39496661642500586,0.5418647914781122,0.8025166917874971
1868,Healthy,0,0.182984580596288,0.0317986512349711,0.0288246009084913,0.1423824048704571,0.6540168796194893,0.6282361182894249,0.5921998838336353,0.6734444254158102,0.7039000580831822
1869,Healthy,0,0.2021805312898424,0.0285296065525876,0.0349018190883927,0.1538084348042806,0.5525671432885682,0.6049436497693435,0.4946398423475036,0.739796982271937,0.7526800788262482
1870,Healthy,0,0.1344495225283834,0.0242361227671305,0.0217140118281046,0.1218484987815221,0.6361807670568542,0.6081113640892666,0.6109216173144468,0.6050050737033725,0.6945391913427766
1871,Healthy,0,0.1037692171004083,0.0154254768664638,0.0161727278803785,0.0758687199817763,0.5862723417555799,0.5983484544499524,0.5176564947010484,0.7028454356606587,0.7411717526494759
1872,Healthy,0,0.11474745389488,0.0175698092207312,0.0179626794738902,0.0684078195028835,0.6438926379888489,0.6499218493920234,0.5311418572912806,0.8318895774225239,0.7344290713543596
1873,Healthy,0,0.2227516108089023,0.0242690715110964,0.0262889762719472,0.1625303907526863,0.4475416241333061,0.464005525504755,0.3929884944558197,0.5569127083985516,0.8035057527720902
1874,Healthy,0,0.1087329975432819,0.0192721295687887,0.0186265740129682,0.1029265928599569,0.616205693210801,0.6074525190340578,0.6022299263658598,0.6129523234039937,0.6988850368170701
1875,Healthy,0,0.1326393244995011,0.018612769846287,0.0173290780641966,0.1011881679296493,0.5493469584336805,0.53292709787159,0.4922317254988887,0.5848626642943231,0.7538841372505556
1876,Healthy,0,0.1503197898467382,0.0235709889481465,0.0238013538635439,0.1036552828219201,0.626227944353811,0.6288070230989538,0.5422021595739701,0.7469631863040793,0.7288989202130151
1877,Healthy,0,0.1455528247687551,0.0182833263857497,0.0181073665411935,0.0965249116222063,0.5249221472775406,0.522726299941153,0.4463807592381172,0.6318418103976889,0.7768096203809414
1878,Healthy,0,0.1491567434536086,0.0164635027241375,0.0199121314411362,0.083169151097536,0.49653753754770713,0.5415024520186299,0.3976205350273089,0.7726768992679508,0.8011897324863457
1879,Healthy,0,0.1669603917333814,0.0251601208001375,0.0264257734848393,0.0907799535327487,0.6533811041799656,0.6670742754942234,0.5238403847324291,0.9018594622385244,0.7380798076337856
1880,Healthy,0,0.1694231331348419,0.0291180149134662,0.0244985564301411,0.152021162211895,0.6135269695662497,0.5718172819973131,0.5866393984259897,0.5551460566243405,0.7066803007870053
1881,Healthy,0,0.1248873869578043,0.0134786339476704,0.0164786090867386,0.0787453452746073,0.46762249673283013,0.5129885047539395,0.389651559232982,0.6922043595966325,0.8051742203835089
1882,Healthy,0,0.1638879080613454,0.0252127990954452,0.0233784758796294,0.1125825858778423,0.6170229550596783,0.5979328191977069,0.5333200382913493,0.6877991559475195,0.7333399808543252
1883,Healthy,0,0.1706329650349087,0.030208206632071,0.030381587644418,0.1382485098308987,0.6543921880526166,0.6559621744569668,0.6016337463348413,0.7206682104626101,0.6991831268325793
1884,Healthy,0,0.1535088039106792,0.0242826993473702,0.0213484399848514,0.1069307757748497,0.6286681716172818,0.596347660810706,0.5463185563401397,0.6656866385850796,0.7268407218299301
1885,Healthy,0,0.1420533756415049,0.019142841713296,0.0183252137568261,0.1063032878769768,0.5342641634723747,0.524350106634633,0.47501962583059015,0.5881548286818452,0.762490187084705
1886,Healthy,0,0.0936906023157967,0.0254427241161465,0.0230510452141364,0.0693387236032221,0.9515088134361279,0.9170397071417286,0.8542605122566121,0.9979912498625277,0.572869743871694
1887,Healthy,0,0.2070282200972239,0.0257391219751702,0.0306205933706627,0.1314409557316038,0.5280531819340478,0.5709786351060214,0.44231500426146464,0.7557768894666071,0.7788424978692677
1888,Healthy,0,0.1486437213089731,0.0195460889695419,0.0185725282256801,0.1254630982875824,0.49926312978872744,0.4883473631988956,0.46485786355723757,0.5157759555819332,0.7675710682213811
1889,Healthy,0,0.1454783396588431,0.0286935131169027,0.0237348599152432,0.1214481211370892,0.7077969745802565,0.6566786217536352,0.6589701529752204,0.6539295375588899,0.6705149235123897
1890,Healthy,0,0.1791354715824127,0.0247382761703597,0.0228999863482183,0.1224903795454237,0.563670904578703,0.5455843948148157,0.4853646228225241,0.6300276144836285,0.7573176885887379
1891,Unhealthy,1,0.0739144455227586,0.0159125327029161,0.0164097678951091,0.0850172779626316,0.6673432823191463,0.6760077494406671,0.7085859066944731,0.647155509907094,0.6457070466527634
1892,Healthy,0,0.2031754205624262,0.0256783132337861,0.0254757170461946,0.1384366386466556,0.5227554086569627,0.5209617800408933,0.4488161553291833,0.6216911943827513,0.7755919223354083
1893,Healthy,0,0.1555844868222872,0.0189894614741206,0.0215029366728332,0.149229169719749,0.44317088782627395,0.46906096892421373,0.43510413001322595,0.5037819102023903,0.7824479349933872
1894,Healthy,0,0.1691171394454108,0.0263815277980433,0.0300795071654849,0.1127564799454477,0.6306906509651999,0.6675170188672238,0.5397791845852419,0.8423509445732007,0.7301104077073789
1895,Healthy,0,0.0870538155237833,0.0187588329944345,0.0223489872490366,0.0698738545179367,0.7717884471750341,0.8303121866544565,0.709133860918519,0.9693471517829625,0.6454330695407405
1896,Healthy,0,0.0894954047269291,0.0247898598512013,0.0255407568895154,0.099786286552747,0.8302675513563381,0.8402008587377439,0.8676485089380485,0.8151714486516842,0.5661757455309758
1897,Healthy,0,0.081109095364809,0.0205285934110482,0.0251139336162143,0.0631434470415115,0.8862392059617853,0.9614262690106605,0.8079126417886244,1.138213413045174,0.5960436791056879
1898,Unhealthy,1,0.152043976717525,0.0190275247312254,0.0222583849810891,0.0911713673008812,0.5411881284980076,0.5804671743399971,0.44490226765036406,0.7849222812638401,0.7775488661748179
1899,Healthy,0,0.1542564299371507,0.0198065806180238,0.0217150039970874,0.0994435399770736,0.5402166767058616,0.5625820198841247,0.4551588658578443,0.7169120157706244,0.772420567071078
1900,Healthy,0,0.1351820197370317,0.0180026998536454,0.0163787530942095,0.1555616168512238,0.44077130406253096,0.42299353761852676,0.47009127024549663,0.3810333338100281,0.7649543648772518
1901,Healthy,0,0.1617908403277397,0.0252578504797485,0.0240501500666141,0.1356443555818663,0.5807221813657311,0.5688128972719326,0.5401342371488514,0.6024039454319937,0.7299328814255744
1902,Healthy,0,0.1770376107758945,0.0295695174071523,0.0260576212571726,0.1499122091465526,0.6126986996775918,0.5816046932863904,0.5724781650506217,0.5923201993748349,0.7137609174746892
1903,Healthy,0,0.138981394469738,0.0209773035926951,0.0197218864535291,0.1062375961078537,0.5843797272758667,0.5693823310910382,0.5245680002848611,0.6262930285988811,0.7377159998575695
1904,Healthy,0,0.0619491524994373,0.014464064190785,0.0182678824704554,0.0624899884892834,0.7544798443721595,0.8330271718711619,0.7571498658103629,0.9048223908509282,0.6214250670948185
1905,Healthy,0,0.1448167396916283,0.029539443552494,0.025120984762907,0.1169337431589762,0.7365770423470318,0.691005605514322,0.6776804355973949,0.7073607511809445,0.6611597822013027
1906,Healthy,0,0.154839030570454,0.0208641447954707,0.0210878337836927,0.0972298896974987,0.5681237015284496,0.5707346483690254,0.4749861748831439,0.7129222288339572,0.7625069125584282
1907,Healthy,0,0.1406077386604415,0.0263433595084481,0.0222393994530042,0.122774070335759,0.6667758963298371,0.6229266263090121,0.6311634915225023,0.6134436886559482,0.6844182542387488
1908,Healthy,0,0.1769346114661958,0.0264804044531451,0.0273254219856527,0.1149869619144333,0.6142477740394442,0.6225231377889116,0.520716808116963,0.7680405945511307,0.7396415959415186
1909,Healthy,0,0.2144947648048401,0.0268147031052245,0.0260416366573837,0.1341006300515598,0.5333276920588088,0.5266520002736642,0.44448654812364463,0.6504625466483257,0.7777567259381778
1910,Unhealthy,1,0.0815801599787341,0.0198364564114146,0.0183609837873114,0.0883910477989249,0.7569573181292796,0.733971048379181,0.782375003918646,0.6879862992576044,0.608812498040677
1911,Healthy,0,0.0817614371577898,0.0164054389008217,0.0153651159877578,0.0567591831915908,0.7660209163109404,0.7462642698703377,0.6684714665271275,0.8521464284623402,0.6657642667364362
1912,Healthy,0,0.1589588150382042,0.0185572838203774,0.0195086501124832,0.0918131611413425,0.5156832569975437,0.527159802784149,0.41815438576443886,0.7009821307345199,0.7909228071177804
1913,Healthy,0,0.1421627112560802,0.0160264628421929,0.0165017462439007,0.1041572797629568,0.4605753471130216,0.4666081269139252,0.40524803125242076,0.5470538521656173,0.7973759843737898
1914,Unhealthy,1,0.1143632928530375,0.018356970200936,0.0169137958437204,0.0923347075780232,0.6033219286817296,0.5830631210527912,0.5532529782124,0.6192778963177656,0.7233735108938
1915,Healthy,0,0.1359022814366552,0.0174124092898435,0.0164206629205081,0.0963398044308026,0.5215894294619223,0.5086242917943908,0.4542919979118208,0.5824971572474501,0.7728540010440896
1916,Healthy,0,0.1132856011390686,0.0204783916059467,0.0216105295759108,0.0641494029098087,0.7501524434705772,0.7669126932313941,0.6123738140796436,1.0079545983555585,0.6938130929601782
1917,Healthy,0,0.12358151955737,0.021656192632185,0.0236440133303403,0.0865386517511473,0.683612016547106,0.7094219567995455,0.5964344192896874,0.8583569225832007,0.7017827903551562
1918,Healthy,0,0.1426076789697011,0.0183163370109266,0.0176219557308488,0.0908089520202742,0.5426071956785615,0.5336942387222321,0.45527914275098746,0.6500713162448386,0.7723604286245063
1919,Healthy,0,0.0994680912958251,0.0163280692779355,0.0141507296098603,0.0743575162357754,0.6326203487651048,0.5967330694812112,0.5640280022077153,0.6395214129332139,0.7179859988961422
1920,Healthy,0,0.1103175307313601,0.0162082128226757,0.0125257054136859,0.0677923502193556,0.6159121141577464,0.555664097242259,0.5124083800623105,0.6238052111676385,0.7437958099688448
1921,Healthy,0,0.1353171434667375,0.0215652847869528,0.0184352532443073,0.0628542092939217,0.7149643758594698,0.6717927610728316,0.5498457673559249,0.9071411062971427,0.7250771163220375
1922,Healthy,0,0.1631545051932335,0.0249849628243181,0.0232071458465523,0.1780616856283611,0.5109580687528198,0.49502908626941483,0.5312008817200916,0.4612168844323993,0.734399559139954
1923,Healthy,0,0.1697582718398836,0.0175813493422336,0.0187547293802102,0.0894984983735614,0.4777224660596016,0.4917044353846968,0.3753898770862222,0.6929947409187261,0.812305061456889
1924,Healthy,0,0.1030885188115967,0.020456430191795,0.016249338682327,0.0724824455877145,0.7559522828020817,0.6916588230485228,0.662315387454113,0.7325149073019717,0.6688423062729436
1925,Healthy,0,0.1232576717933019,0.0192346774662534,0.0178211875673797,0.0723089083201355,0.6574948402680943,0.6371846880073043,0.539949760564806,0.7909095132716168,0.730025119717597
1926,Healthy,0,0.089120348294576,0.0177108130107323,0.0164442665667997,0.0767496927744812,0.7038865847444212,0.6830158025576856,0.6631328460473179,0.7058082598070539,0.6684335769763411
1927,Healthy,0,0.1078576437301105,0.0213837634979022,0.0185696299498279,0.0899221251408259,0.7111703640933366,0.6722392964962131,0.6618239140703919,0.684646678793663,0.6690880429648042
1928,Healthy,0,0.1685004929701487,0.0153981439976228,0.0188503430949317,0.0932014290657308,0.42114839597778775,0.4628949450472513,0.3349267672999957,0.6729154829574182,0.8325366163500022
1929,Healthy,0,0.154205586347315,0.0206899622248278,0.0209359851562314,0.0932138620151413,0.5731303921712697,0.576047195271652,0.4731958564695747,0.7336316491006876,0.7634020717652127
1930,Healthy,0,0.1317292691932784,0.0158711179263061,0.0215045265439483,0.0874826937086052,0.5059446864830516,0.5826570480630765,0.4301104688417236,0.7892494732544373,0.7849447655791381
1931,Healthy,0,0.1066511016752984,0.0178513362382849,0.0209426956458224,0.0632716914017995,0.6945185000396072,0.7434768498671454,0.5735256766835506,0.9947324384836826,0.7132371616582247
1932,Healthy,0,0.1948772900634341,0.0198117079627182,0.0210266924566692,0.1197914712958865,0.44735298678175084,0.4594945453707401,0.3691238609312405,0.5972721670655242,0.8154380695343798
1933,Healthy,0,0.1261447022358576,0.021744715463784,0.0214750187264548,0.0895977409349547,0.671050673514993,0.6675837318124004,0.5881344534859628,0.7733676120740506,0.7059327732570185
1934,Healthy,0,0.1078934801949395,0.0172446265609727,0.0143248865173922,0.0862315251595444,0.6034488548841118,0.5595087252906911,0.5512190333711589,0.5698248884781049,0.7243904833144206
1935,Healthy,0,0.1727303001615736,0.0169252435573273,0.017875422620111,0.0873436886403295,0.46066918393369083,0.472074023179461,0.3569680743403557,0.6795504126951001,0.8215159628298221
1936,Healthy,0,0.1288419763247172,0.0177587853330704,0.0156645667221811,0.0908851101994514,0.5566043349484732,0.5281184143754221,0.4845482419668461,0.5880662306917146,0.7577258790165768
1937,Healthy,0,0.1122187218732304,0.0189069095585081,0.017720283423033,0.0784518391721778,0.6619939461968509,0.6445676181595431,0.5767570947668055,0.7370237006255049,0.7116214526165973
1938,Healthy,0,0.1907365272442499,0.0205132903324233,0.0287068010204368,0.1271801396376556,0.45719295120048664,0.5362589307539325,0.3884176671533076,0.7366056681656117,0.8057911664233461
1939,Healthy,0,0.1960476289192835,0.0229555250455935,0.0212862042503224,0.2185928126176198,0.3987484650533852,0.38564783822934035,0.4192729580373994,0.35494899934563007,0.7903635209813002
1940,Healthy,0,0.0800193353659576,0.012840747522811,0.017135118962162,0.0536283929314878,0.644740356019301,0.732800584777128,0.553122380396414,0.9685849954939661,0.723438809801793
1941,Unhealthy,1,0.1328498613503244,0.0184061260273059,0.0246826464103327,0.0925339406563176,0.5615988720564312,0.6419839721331587,0.48675431224689586,0.8422919324992101,0.756622843876552
1942,Healthy,0,0.1536405864689085,0.0265611079004075,0.0242473754203981,0.1162490993738174,0.6578360181840966,0.6337233973405961,0.5895861965864005,0.6903340587274694,0.7052069017067998
1943,Healthy,0,0.1192436963319778,0.0205064676702022,0.0198590184251467,0.0905305826001697,0.6541471495565502,0.6454869115418216,0.5869465074797999,0.7195974345660439,0.7065267462601001
1944,Healthy,0,0.178717573483785,0.0176726877689361,0.0178477986612253,0.0901404842734336,0.4647597189159351,0.46679356490113777,0.35995038972313065,0.6611013038155102,0.8200248051384347
1945,Healthy,0,0.090409454372194,0.0201833404393659,0.0173520158148474,0.0785523946914407,0.7713555508147079,0.7270869588077478,0.7300056201222325,0.7237212855277263,0.6349971899388838
1946,Healthy,0,0.1137429078420003,0.0259060077369213,0.0248760976311233,0.0868022483256128,0.8212489486521292,0.8082227937829938,0.7420324785058773,0.8909909049247644,0.6289837607470614
1947,Healthy,0,0.1701997717221578,0.0175425940089755,0.0166789673061834,0.0829292469554477,0.48693211094915695,0.4763736522267762,0.37375887835776667,0.6697828057583443,0.8131205608211166
1948,Healthy,0,0.064595797823535,0.0120298607895771,0.0144390591109792,0.0441149361431598,0.7248516691530299,0.7832220054816612,0.6279808099433973,0.9863756724582204,0.6860095950283013
1949,Healthy,0,0.1157335713505745,0.0215972183893124,0.017697821267777,0.0809985800749725,0.7201275540477801,0.6659408939596566,0.6290568467630276,0.7172630826251348,0.6854715766184862
1950,Healthy,0,0.1199987332026163,0.0200072854964269,0.0206531996114386,0.074754252201981,0.681773437639925,0.6908777992925079,0.571612154458432,0.8658946117470296,0.714193922770784
1951,Unhealthy,1,0.1008439196480645,0.0178492650803592,0.0158863294248779,0.0763087024291356,0.6708637427682924,0.639876329781559,0.6015261995437823,0.6892488285066448,0.6992369002281089
1952,Healthy,0,0.1150849527782864,0.0209379379327098,0.0223700003698468,0.0954711991879675,0.6635588395834341,0.6823799026746773,0.6157180699003381,0.7593269740561936,0.692140965049831
1953,Healthy,0,0.1619590512580341,0.0255087984518872,0.0225402890808052,0.1937696867518955,0.5017141399894692,0.47599530725216055,0.5442810272024411,0.41681460125053876,0.7278594863987795
1954,Healthy,0,0.1086569726467132,0.0233140213208066,0.0179296464969714,0.0907618577281634,0.7580351185928421,0.6855021971019631,0.7066407737004561,0.6598361711816363,0.6466796131497721
1955,Healthy,0,0.1661468280686272,0.0277170524415042,0.0283554401248693,0.111373337606589,0.6659665880250603,0.6723468419471689,0.5718868799813526,0.811727994339577,0.7140565600093236
1956,Healthy,0,0.1390650628341568,0.0181285349859131,0.0153957807148496,0.1122027362386385,0.5044025595740645,0.4708601672826276,0.46130466475266374,0.48263196414615483,0.7693476676236681
1957,Healthy,0,0.1252099797129631,0.0166581014378203,0.0156497307535674,0.0699167417155371,0.5833615197691059,0.5682132583140183,0.4696786282776424,0.731582373421695,0.7651606858611789
1958,Healthy,0,0.0893523519237836,0.0175041310075256,0.0164439739245507,0.0587917723589473,0.7645712452390829,0.7457342925277503,0.6552388971580816,0.8742638831593528,0.6723805514209593
1959,Healthy,0,0.0982516432801882,0.0203222379916244,0.0198016243262423,0.0899760449926058,0.7103437172513334,0.7028437024242868,0.6855552934136906,0.7215173887042069,0.6572223532931547
1960,Healthy,0,0.1034124286638365,0.0155535185088713,0.013867509447866,0.0729417287641101,0.5997658906930865,0.5719062364441372,0.5229569932744406,0.63898772681329,0.7385215033627798
1961,Healthy,0,0.1151630820499526,0.0181445889174938,0.0204205668220917,0.0618212301697995,0.6806130068143672,0.7156622765937077,0.5444424551359747,0.9931965287239581,0.7277787724320128
1962,Healthy,0,0.0953709913624657,0.0180351244699623,0.0180682707577943,0.0613556048936314,0.7483576591359888,0.7489165964264364,0.6361252861040227,0.9099667126339719,0.6819373569479886
1963,Healthy,0,0.1519187721941206,0.0214498413519726,0.0228655737721257,0.1199134662747383,0.5452218833613773,0.5606926335901866,0.4948956079935374,0.6405862867440653,0.7525521960032314
1964,Healthy,0,0.1727813449170854,0.0278265652143292,0.0202939017779297,0.1197806389795409,0.6392959769881799,0.5649890901830287,0.554844825333169,0.5795172104277589,0.7225775873334156
1965,Healthy,0,0.1977453347709444,0.0269873746567302,0.0287539218035009,0.1853481257955233,0.49397094634989275,0.5080846087753236,0.4803461805886429,0.5372003140736324,0.7598269097056785
1966,Healthy,0,0.114825766119692,0.0196101552703314,0.0184032802159587,0.1110204516185654,0.5918561018672662,0.5762674970839933,0.5834796256110365,0.5687760646397797,0.7082601871944816
1967,Healthy,0,0.1815360983212789,0.0266982434938351,0.0297087081190612,0.1415849236978424,0.5672669738894619,0.5944958530786698,0.512849960503437,0.6937492726131687,0.7435750197482816
1968,Healthy,0,0.1378262498312526,0.0193983686880932,0.0271521494206455,0.116731466518508,0.529008329458403,0.6183891741446824,0.4935198792854776,0.7548364487066489,0.7532400603572613
1969,Healthy,0,0.1968089607026842,0.0166017430730991,0.0140204479297002,0.1321797536479102,0.3666946566011681,0.3406147093643506,0.31116982942976407,0.3835958576912753,0.8444150852851179
1970,Healthy,0,0.1162743336624569,0.0249456637021568,0.0201477056576146,0.0778868181837929,0.8177147400021494,0.7538978846872727,0.7065759571641962,0.8220657322805164,0.6467120214179019
1971,Unhealthy,1,0.1000530620416005,0.0155253652483224,0.0151239820859498,0.0733040587769614,0.6076230496403601,0.6009485407356955,0.5373101403907417,0.6841260730584908,0.7313449298046291
1972,Healthy,0,0.1374070578151279,0.0239736932433313,0.0203534346073865,0.0999175889624489,0.6723040592240642,0.6295309576404098,0.5942144422080915,0.6769189785956472,0.7028927788959543
1973,Healthy,0,0.1809986250268088,0.0296581170211235,0.0339167937636375,0.1343194627099567,0.6333240773090317,0.6711647988517692,0.5631553347459474,0.8064086653987328,0.7184223326270263
1974,Healthy,0,0.0999638115366299,0.01766005386081,0.0141874073694149,0.0807340761853589,0.6540215809166745,0.59935371697802,0.6005602281862903,0.59785864434907,0.6997198859068549
1975,Unhealthy,1,0.1559112005763583,0.018574487314456,0.0152307267611225,0.0799363445904519,0.544314259488873,0.5014629061546708,0.4258111376121375,0.6401679297182882,0.7870944311939313
1976,Healthy,0,0.1214749854471948,0.0195832416001293,0.016839590958423,0.102602585322327,0.595135694191289,0.5592748739460707,0.5553236279812096,0.5639411967458254,0.7223381860093953
1977,Healthy,0,0.2081424726380242,0.0224466870228449,0.0204599156147903,0.1244396633572048,0.4757222426516973,0.45707472126973503,0.3893797445787577,0.5648026242711061,0.805310127710621
1978,Healthy,0,0.116481607986821,0.0342330067521996,0.025007849973109,0.0891910187072224,0.9989983674660127,0.894493643142077,0.9085517502460639,0.8759403753153338,0.5457241248769681
1979,Healthy,0,0.2041426847378412,0.0288477639357248,0.0354385690556632,0.1398246900902854,0.5745666575994745,0.6298664948788015,0.49526088472652025,0.8088077153957776,0.7523695576367398
1980,Healthy,0,0.2138212886121538,0.0266957607948117,0.027975659403536,0.1252187159326341,0.5442123584264362,0.555446621687611,0.44397286363913924,0.7304617899226691,0.7780135681804304
1981,Healthy,0,0.164895710017946,0.0174278706933061,0.0181651517955793,0.0901843632260958,0.4808752782889488,0.4898014024880867,0.3823503383450288,0.6706131279663006,0.8088248308274857
1982,Healthy,0,0.1207365137007501,0.0299183161308368,0.0231839639859067,0.0838709374268849,0.9050931523180795,0.8242184702973157,0.794353985578337,0.8662457740822891,0.6028230072108315
1983,Healthy,0,0.1063698877890904,0.0193669827034076,0.0177319913895593,0.0780084981686539,0.6944297824825477,0.6700273849114406,0.6161114914837369,0.7408356264473746,0.6919442542581317
1984,Healthy,0,0.1230147406458854,0.0162938387236661,0.0154023822396993,0.0721784585879908,0.5722636232178597,0.5587959268583075,0.467848823020226,0.7034589800297779,0.766075588489887
1985,Healthy,0,0.1360135037038061,0.0284273910025755,0.0188315534550282,0.1040789642267757,0.7658569933542859,0.6578557462423213,0.6914920051568484,0.6128540928866688,0.6542539974215759
1986,Healthy,0,0.1467338643140263,0.0182076213467452,0.0187512052555878,0.0898802893029318,0.5334992229493764,0.5403870889984455,0.4415534702819903,0.6904518926778295,0.7792232648590048
1987,Healthy,0,0.1154030851191944,0.0165254089774356,0.0123539201708303,0.073616632570823,0.5953210831665219,0.5301414497641026,0.5010413888399784,0.5747977546662786,0.7494793055800107
1988,Healthy,0,0.0924345900615056,0.0194761492311954,0.0178633525760637,0.0724879780577288,0.7642393418179481,0.7384380436891427,0.6961315546403746,0.7908396013985249,0.6519342226798126
1989,Healthy,0,0.1186221970452202,0.0147820233056942,0.0153904780745506,0.0885216709640291,0.4995869556583186,0.5085616547710513,0.4432250574025525,0.5924419124018517,0.7783874712987238
1990,Healthy,0,0.1175341854492823,0.015804833629065,0.01544499097185,0.07110196352005,0.5740797768523261,0.5684732699138096,0.4741247907269634,0.7138317489055267,0.7629376046365183
1991,Healthy,0,0.151767020424207,0.0177871849801805,0.016276153942777,0.0829143962926334,0.5265288917251078,0.5069991240106362,0.4196223841870035,0.6563590545328587,0.7901888079064983
1992,Healthy,0,0.1173416624466578,0.0329262200329038,0.0228726658970117,0.0882299186454878,0.9704732806605243,0.8539432410350442,0.8764672660475454,0.8234791653568541,0.5617663669762274
1993,Healthy,0,0.1251629847619268,0.0274707813643746,0.0234752556102143,0.075063180592325,0.861261933732902,0.8113324086379451,0.719913609198192,0.9529380215436929,0.6400431954009039
1994,Healthy,0,0.0773606370720598,0.0158625349609388,0.0137479595012134,0.0565005189014805,0.7663697810689818,0.7245413962172128,0.680626269843033,0.7828189201425432,0.6596868650784835
1995,Healthy,0,0.1831487301323149,0.027453717465202,0.0306227207183837,0.1429018212689293,0.5765195837905714,0.6047629014181541,0.5214320683996778,0.7058994737614148,0.739283965800161
1996,Healthy,0,0.1824706080887052,0.0183311497999562,0.0195185399303833,0.1057476980818642,0.45139413001234296,0.4643165254628905,0.3651591498540621,0.6232657814302665,0.817420425072969
1997,Healthy,0,0.1719857305288314,0.0258990940120485,0.0339592850456635,0.1423084901438819,0.565957521036664,0.6399354605670478,0.5235185481683695,0.7706294587118079,0.7382407259158151
1998,Unhealthy,1,0.1049066707491874,0.0191427036705944,0.017954817869597,0.0957611633671654,0.640885339870839,0.6241030605615959,0.617260788621656,0.6315670910745311,0.691369605689172
1999,Healthy,0,0.1037210300564765,0.0206780868271986,0.0210427405933539,0.0690529044303629,0.7725428995182567,0.7780297672456069,0.6648949717716907,0.9342400773229208,0.6675525141141547
2000,Healthy,0,0.1696440213256412,0.0188158694654703,0.0176311153918504,0.1263163776861297,0.4512305255515726,0.43858213296097215,0.3993607209785719,0.489931849866928,0.8003196395107142
2001,Healthy,0,0.1357507349716292,0.023955847033196,0.0193029855274491,0.0945717071493466,0.6887967770299388,0.6324823599274093,0.5999964868692068,0.6780430339245158,0.7000017565653965
2002,Healthy,0,0.1181882288720872,0.0336459328730901,0.0270308694905704,0.0910027648011843,0.9735412298249103,0.8993559550967206,0.8863863701387027,0.9160395561067174,0.5568068149306485
2003,Healthy,0,0.1240789666771888,0.019993215592371,0.0199470226135518,0.0910440973109669,0.6269689202691829,0.6263580509207419,0.5550888527519793,0.7188691357332765,0.7224555736240102
2004,Healthy,0,0.1208381089899275,0.0186593350436952,0.0172618186722199,0.0947297720445527,0.5902831909697855,0.5713355057657621,0.5350444998604502,0.6165398155965172,0.732477750069775
2005,Healthy,0,0.2261826213863161,0.0289947614073753,0.031105280543367,0.2213684022426605,0.4588318244515372,0.473553950937621,0.4545036255163304,0.49280828322576264,0.7727481872418348
2006,Healthy,0,0.087384788526429,0.016253277245495,0.0176974604320194,0.0645701390587621,0.7048963095192969,0.7304938798833959,0.6273091696351625,0.8604826464641157,0.6863454151824189
2007,Unhealthy,1,0.1190343673030535,0.0194997344579961,0.0165754531820615,0.0685762448443306,0.6883977752972988,0.6451046543739153,0.5630305956472781,0.7786317156904643,0.7184847021763608
2008,Healthy,0,0.0986402887437078,0.0195099587241808,0.0158828233058253,0.0551935248076915,0.8093163092273279,0.7481566091967258,0.6605135119834024,0.8938457716177919,0.6697432440082987
2009,Healthy,0,0.1567934354146321,0.0180381317105558,0.0170536729403667,0.085989231036769,0.5174840689176389,0.5051461476358569,0.41269736368923865,0.6620028078459729,0.7936513181553807
2010,Healthy,0,0.1590741905901167,0.0188469563921292,0.0168246380570862,0.1255796990460819,0.4677421406471018,0.445441854881626,0.42371481325960353,0.4725877989206804,0.7881425933701983
2011,Healthy,0,0.1427010397116343,0.0204149294230673,0.0213389263177911,0.1229473203420639,0.5328908395866023,0.5433123587991752,0.5006236858687599,0.5915720122125337,0.74968815706562
2012,Healthy,0,0.1950901200373967,0.0163103407248854,0.0146513057665692,0.1078683584928512,0.388828453491726,0.37088685792079534,0.30861504589105376,0.4783331999848401,0.845692477054473
2013,Healthy,0,0.1041717595524258,0.0215851118167241,0.0259663145989179,0.0875263570083512,0.7352242298429568,0.7950096927930814,0.6865664382938604,0.9151714989588732,0.6567167808530698
2014,Unhealthy,1,0.0649585243728425,0.017961920859913,0.0154307914069957,0.0677364977697531,0.8521903397270367,0.8042186230218772,0.8664652395193666,0.7421567570491264,0.5667673802403168
2015,Healthy,0,0.0816874338520897,0.0163512255789505,0.0138982595461938,0.058799879418479,0.7552975492707635,0.7086810906465686,0.6671337888071329,0.7647106098794398,0.6664331055964337
2016,Healthy,0,0.1339885402056906,0.0203209929168224,0.017970514173309,0.1277343307932218,0.5376548883278642,0.5105289597656089,0.5267592353011317,0.4933401954461274,0.736620382349434
2017,Healthy,0,0.1406418018870883,0.0208216417166921,0.0228759476708041,0.0900217394034067,0.611711197111725,0.6370813428201336,0.5158230557199536,0.8105019071211654,0.7420884721400233
2018,Healthy,0,0.223775178194046,0.0247709051602416,0.024691498838365,0.1290192173586951,0.49254140788009293,0.4918490283199579,0.39865291499978545,0.6425446305698043,0.8006735425001072
2019,Healthy,0,0.1651873091856638,0.0230777584430244,0.0223202510840362,0.1515176379018359,0.5087963166955924,0.5014928345408062,0.49032481136734823,0.5135877158713122,0.7548375943163259
2020,Healthy,0,0.1378272821505864,0.0220538394318686,0.0246995637814203,0.1156136923366122,0.592947450670739,0.622975067973273,0.5517559349993637,0.7041263089395589,0.7241220325003183
2021,Healthy,0,0.1816486418247223,0.0302280899551179,0.0245591894619994,0.1095441770222452,0.6876877809850145,0.6334153865150759,0.5706731400128963,0.7325450540388868,0.714663429993552
2022,Unhealthy,1,0.1446374282240867,0.0183600240076581,0.0190654883368147,0.0904878924290339,0.5403078698037744,0.5492628576160434,0.45055977884990195,0.696116841069976,0.7747201105750491
2023,Healthy,0,0.1624756505091985,0.0257231622106499,0.0190746132284402,0.1178883413473765,0.6201895709380661,0.5510829371074996,0.5467231559837998,0.5570736492218801,0.7266384220081
2024,Healthy,0,0.1141137795315848,0.017757944866187,0.0150471444552143,0.0909309147132767,0.5905521036768834,0.5516942471761737,0.5386429865017234,0.5679343280401595,0.7306785067491383
2025,Healthy,0,0.1844069908062617,0.0302811519553263,0.0342522166255447,0.1408298810323079,0.6279153271184738,0.6622708651273651,0.5641886238487541,0.7825406956793668,0.7179056880756229
2026,Healthy,0,0.1890118536021974,0.0287997542570034,0.0216882847663429,0.1272809737258487,0.6162149152834109,0.5506071189109032,0.5288929187946737,0.5823559836670521,0.7355535406026632
2027,Healthy,0,0.1685129221942689,0.0281504967974291,0.0317854697091711,0.1235426399442884,0.6464754880392525,0.6811069202409314,0.5725619322954505,0.818537476058524,0.7137190338522749
2028,Healthy,0,0.1001328759723239,0.021906461359726,0.0191375246892372,0.0727253945337401,0.8088370598273408,0.76752787389888,0.7180131206423042,0.8333079266851955,0.6409934396788479
2029,Unhealthy,1,0.0616743105153242,0.0184269850659701,0.0204898487362596,0.0578552327222294,0.9426561493055551,0.9824606792355577,0.9201841209805985,1.0461332532848846,0.5399079395097006
2030,Healthy,0,0.2153469456566704,0.0298311861438883,0.0311296377331018,0.213179017106692,0.48884717642036085,0.49816113971452886,0.4866859197402584,0.5096771991727459,0.7566570401298708
2031,Healthy,0,0.0898498350547419,0.0124482575597034,0.0156847339951329,0.0594828915264871,0.5715806342585018,0.6341053776542097,0.48674446381400505,0.8346536896058581,0.7566277680929975
2032,Healthy,0,0.1213285086883439,0.0216479694677723,0.0249790801770157,0.1179279908537864,0.6129260702022291,0.6523922034324822,0.605637227800082,0.6991698870276818,0.697181386099959
2033,Healthy,0,0.1280948122342427,0.0204987803267108,0.0184424554722176,0.0704604797065258,0.6845681061101405,0.655861981133621,0.5518079204741522,0.8297793738817825,0.724096039762924
2034,Unhealthy,1,0.142064186433951,0.0253443233668804,0.0174477516363064,0.0991826562417878,0.6945184614078838,0.6026227018870488,0.6055683405110756,0.5983946023593897,0.6972158297444623
2035,Healthy,0,0.0886880622969733,0.0197680942300293,0.0201406919707854,0.0820288989279005,0.7521635422690066,0.7579089771993814,0.7290722763205273,0.7885200202380158,0.6354638618397364
2036,Healthy,0,0.099238536424107,0.0173888000556164,0.0171658460878663,0.1037283763289451,0.5851255987739308,0.5819201642834421,0.5963884825112021,0.5679624962947523,0.701805758744399
2037,Healthy,0,0.1226329356431961,0.020017637974686,0.017624717619684,0.1037082912193404,0.6011832954746968,0.5703741913649475,0.5613055024456395,0.5810362007281024,0.7193472487771803
2038,Healthy,0,0.1331472479634814,0.0172171229496598,0.0143775240414672,0.0915664864910973,0.5314993518729403,0.4930723968200744,0.45801070679450695,0.542834803749398,0.7709946466027465
2039,Healthy,0,0.1003592875268724,0.016684899210102,0.0150776367841495,0.0718169129557079,0.6493884307811156,0.622981911979431,0.5702085571356693,0.6940659375893439,0.7148957214321655
2040,Healthy,0,0.2272622221046024,0.0270228334185149,0.0278915959513849,0.2022744400633706,0.44704418334087376,0.45341567253425635,0.4250793797208932,0.48472131569571497,0.7874603101395533
2041,Healthy,0,0.1807339265942573,0.0247316995842589,0.021815789449546,0.1292721380790074,0.5504044615070693,0.5221935224019277,0.4814761484779177,0.5775653900719008,0.759261925761041
2042,Healthy,0,0.1486614578300052,0.0228062108572986,0.019069564425283,0.0633918849958313,0.7080866454408548,0.6596451103288159,0.5320235827989016,0.9250171836247267,0.7339882086005494
2043,Healthy,0,0.1607782443364461,0.023371081178387,0.0208074692636728,0.1032382920384407,0.6016521828357341,0.5733842274818584,0.507654993859958,0.6709610725995289,0.7461725030700211
2044,Healthy,0,0.1270109290877978,0.0208807407567898,0.028957850817177,0.110686842766073,0.5977469847265212,0.6933187994703798,0.5647577251303576,0.8294722863898473,0.7176211374348211
2045,Healthy,0,0.0892385376824273,0.0182156859793596,0.0199183426383468,0.0860757442812125,0.6882100535971808,0.7146278837034569,0.6780817117694183,0.7516775026691128,0.6609591441152908
2046,Healthy,0,0.1022586913572417,0.0216841287910938,0.0202531878732972,0.0678130040566126,0.8127486344225691,0.791236490435857,0.6998107277256433,0.9199075118141284,0.6500946361371783
2047,Healthy,0,0.1701077197988828,0.0239816647436883,0.0293307399584187,0.1059808573789066,0.5920450211939139,0.6473861055040249,0.494239595848236,0.8670576812510337,0.7528802020758821
2048,Healthy,0,0.1307239375180668,0.0214256549047099,0.0230303590910302,0.10353558179405,0.6185439947657313,0.638012721689766,0.5632786670942799,0.7278532891227472,0.71836066645286
2049,Healthy,0,0.1194058466288778,0.0178972816922598,0.0160804174633489,0.1129907634523179,0.533866389739265,0.5102248674500036,0.521394724536791,0.49834261526918566,0.7393026377316047
2050,Healthy,0,0.1477531260914272,0.0288273795611328,0.0269892014977004,0.0788276882635222,0.811365845829109,0.7906104229757217,0.6530138636674556,1.0202228229766321,0.6734930681662723
2051,Healthy,0,0.136414578391446,0.0239878344453043,0.0237089296181996,0.120860213206874,0.6286728454235851,0.6255896745517313,0.5981913618648104,0.6559886613393574,0.7009043190675948
2052,Healthy,0,0.2182567864656448,0.0250046909269359,0.0219713188707828,0.1767361876037385,0.4495201536640529,0.42515209449036057,0.4111574293628544,0.44228462750298786,0.7944212853185729
2053,Healthy,0,0.1193709390030966,0.0211065423985322,0.0193250068566865,0.0910111193855603,0.6684702526687476,0.6448063107106456,0.6009943284272884,0.7005867439738741,0.6995028357863557
2054,Unhealthy,1,0.0822487129933304,0.0093184405316909,0.0135055182294713,0.0534434682793087,0.4830426824677699,0.5759403113473572,0.4070647682258498,0.8069139763721516,0.7964676158870752
2055,Healthy,0,0.1743692060311635,0.0237163067277934,0.0212814187010129,0.126264343659083,0.5450988171546387,0.5207598810415154,0.47891047452123203,0.5769442201687659,0.760544762739384
2056,Healthy,0,0.1138645021451844,0.015930137803985,0.0152656580838892,0.0957853231165144,0.5276843576023089,0.518104431194962,0.49093361051653944,0.5498612589956555,0.7545331947417303
2057,Healthy,0,0.1741816227634748,0.0175851590724454,0.0147860621412595,0.1193334211905797,0.42801197984963335,0.39733151928990784,0.3668030282218876,0.4409817805419288,0.8165984858890561
2058,Healthy,0,0.0988609203033977,0.0144820151229699,0.0174203728222184,0.0695073323117362,0.587111846596963,0.6371855176761008,0.5110866440327209,0.80160279374102,0.7444566779836396
2059,Healthy,0,0.1436617945631345,0.0220378259610798,0.0173845581917299,0.1149340644478797,0.5824882796041014,0.5291271263704321,0.5319946030379552,0.5255362501491406,0.7340026984810224
2060,Healthy,0,0.1003290373418066,0.0162740065198805,0.0167895578261878,0.0943622257974412,0.5729293559995526,0.5806869555500419,0.5582703840625121,0.6042029116883598,0.7208648079687441
2061,Healthy,0,0.1062248349189758,0.0166906086314055,0.012694201639129,0.0805993754830625,0.6063650222757799,0.5436370819150029,0.5431574145380439,0.5442690496261168,0.7284212927309779
2062,Healthy,0,0.1751170075602001,0.0240868663208352,0.0195578380177418,0.0752117919425169,0.6455386799649456,0.5938590215550752,0.4836626085940456,0.825489685923362,0.7581686957029772
2063,Healthy,0,0.0946483711401621,0.0211988199088308,0.0216827603677908,0.0711484820478492,0.8145775463235975,0.8219647725866072,0.7319580118214731,0.9342871991612055,0.6340209940892635
2064,Healthy,0,0.1376864959796269,0.0247788687960969,0.0202772118565109,0.1036204058263036,0.6815230300216876,0.6293562144909053,0.6100714162751679,0.6546441242614304,0.6949642918624162
2065,Healthy,0,0.1248784181144502,0.0179822451124588,0.0190117595096429,0.0753086714280976,0.6091763647794564,0.6238946616279746,0.5034904558407984,0.8062626228750917,0.7482547720796009
2066,Healthy,0,0.1577677859200371,0.0230981633067131,0.0167729440662595,0.0975205674767494,0.6129177324945508,0.5403331103667287,0.5108349781805556,0.5870129927698583,0.7445825109097222
2067,Healthy,0,0.135431004067262,0.0293657102932532,0.0262459634492794,0.1044459707207149,0.7867350214698634,0.7528096124043241,0.7127741692473728,0.8032925250043544,0.6436129153763137
2068,Healthy,0,0.2154810312721464,0.0223157327208254,0.0162535865480701,0.1133629083633422,0.4780123653115246,0.41990122385793166,0.3753748763626565,0.5015900656526402,0.8123125618186717
2069,Healthy,0,0.0895912456843588,0.020827816799283,0.0188657771795988,0.0948604626788033,0.7369178415377031,0.7083546889295891,0.7545007657484347,0.6635505474581114,0.6227496171257827
2070,Healthy,0,0.0954162569509612,0.0202500184790955,0.0181461325329211,0.0787448907891909,0.7546783460662342,0.7225562469493858,0.7002911921838677,0.749135757296925,0.6498544039080663
2071,Healthy,0,0.1159760256608327,0.0217022873047325,0.0249877923892603,0.0902214397986729,0.695580446337239,0.7385113357900283,0.6305215930459714,0.8675621533003315,0.6847392034770142
2072,Healthy,0,0.1052302411860889,0.0264766114867395,0.0275064528816276,0.0760367388526598,0.904332287180445,0.9178840242843199,0.8041073322892248,1.0626078806693413,0.5979463338553876
2073,Healthy,0,0.2185896519157621,0.0155458773175875,0.0139642124995589,0.1304909305440055,0.32713326669436527,0.3117888736103009,0.2655876682789788,0.38667262945003233,0.8672061658605106
2074,Unhealthy,1,0.134655056728257,0.0230748802423477,0.0219289400718278,0.1156188208195898,0.6227541202989885,0.6096474016158843,0.5851743983552861,0.6377112918366983,0.707412800822357
2075,Healthy,0,0.1003522326548894,0.0254777589191993,0.0204949914995167,0.0986621785495016,0.8153863632081294,0.7506148504131227,0.80991053406208,0.6879985985261506,0.5950447329689601
2076,Unhealthy,1,0.0858672749665048,0.0181713812053203,0.0194570292822188,0.0901895496580335,0.6844224683849557,0.7043708091072008,0.6986395970093787,0.7098088958277909,0.6506802014953106
2077,Healthy,0,0.1013883766200807,0.0218340152253707,0.0195420904912882,0.0859866647256745,0.7560154063256972,0.7235129746539727,0.7087677782705425,0.7407304464498033,0.6456161108647288
2078,Healthy,0,0.1053728477822409,0.0229450942327578,0.0200278489953941,0.0858422352208031,0.7741740735038981,0.7339904421198375,0.7152575508131456,0.7566953079774735,0.6423712245934273
2079,Healthy,0,0.1617916979723506,0.0167499482631683,0.0163107331221302,0.0985760291417439,0.4559862173497032,0.45068139863311,0.37526142760155823,0.5678890344099835,0.8123692861992208
2080,Unhealthy,1,0.1091039892699983,0.0180182034770647,0.0169176952913403,0.0925853119956122,0.6063527116860147,0.5905693690001381,0.5669569754170557,0.6179810293979415,0.7165215122914722
2081,Healthy,0,0.2237746285067664,0.0284309234056207,0.0307182984219657,0.2000884140531222,0.47313420268816436,0.48983618999899003,0.45091669378471455,0.5323640390273533,0.7745416531076426
2082,Healthy,0,0.1046805861923429,0.023894700118237,0.0180353371219502,0.0941894931925667,0.7749858275843214,0.6965119091776577,0.7433683658465494,0.6428287597817728,0.6283158170767251
2083,Healthy,0,0.1167113706469535,0.0229591358866956,0.0218035001307725,0.0738748328553305,0.776615693548594,0.7607878774131166,0.6575228072553554,0.9115334454641635,0.6712385963723224
2084,Healthy,0,0.1260768613881535,0.0249796358661519,0.0210716322892242,0.0832576892442173,0.7706974470381383,0.7212815241499321,0.6614647187031854,0.8078891716925407,0.6692676406484074
2085,Healthy,0,0.1633912738826539,0.0274721508224805,0.0244861133396625,0.1537931561470031,0.590594565463472,0.5630154948714374,0.5757446900038041,0.5493877871536588,0.7121276549980979
2086,Healthy,0,0.1322516144977675,0.0218707907737957,0.0161511509989698,0.1099241789844301,0.6119471619104515,0.5427872818196451,0.5676213198271707,0.5124285933210372,0.7161893400864147
2087,Healthy,0,0.1639589303069644,0.0186370466318395,0.0183220940331618,0.1210180181596014,0.4626715006231821,0.45921090443385537,0.4082685050193764,0.5259675407126126,0.7958657474903117
2088,Healthy,0,0.1673201620578766,0.0251139625906944,0.0245525520294904,0.1334764510393142,0.5723579944320245,0.5668672187419093,0.5220272160472219,0.6214695164228914,0.738986391976389
2089,Healthy,0,0.164220312403308,0.0212726282576719,0.0215527930607398,0.118797819647524,0.5227277760281183,0.5257175828779674,0.4587264222966041,0.6142557597675746,0.770636788851698
2090,Healthy,0,0.1060315983162985,0.0182088516238662,0.0224037594679329,0.1029565922088093,0.5935913386243676,0.650841036226034,0.5862455144885822,0.7148594964284681,0.706877242755709
2091,Healthy,0,0.1363679460353321,0.0229475858310858,0.0270474431001477,0.1048760074708196,0.6393440341544188,0.6866529818614808,0.5761543915335707,0.8200950773523837,0.7119228042332146
2092,Healthy,0,0.1576695558097627,0.0222192878524462,0.0290455106231901,0.1345488437347942,0.5279982768450314,0.5969991984600361,0.4940670560797882,0.7101836915381919,0.7529664719601059
2093,Healthy,0,0.1903554209404521,0.0177418237759007,0.0155871713327036,0.129104690419303,0.39987909814910233,0.37789143142483594,0.3410294797527707,0.4309066493157466,0.8294852601236147
2094,Healthy,0,0.1445115490092171,0.0238055928299824,0.0212321794695324,0.0951299808091587,0.662986744347136,0.6328211705516109,0.5657318694901531,0.729865427684761,0.7171340652549234
2095,Healthy,0,0.1143273711204528,0.0193698948456181,0.0175222392297453,0.0943808100289768,0.6262292563503159,0.6008483179933508,0.5795150620517163,0.6263364348270272,0.7102424689741418
2096,Healthy,0,0.0947775426838133,0.0208868889345063,0.0186685281288292,0.087053235206339,0.7472795485259324,0.7146862444904645,0.7223271196604615,0.7063267785136966,0.6388364401697694
2097,Healthy,0,0.1633919535411728,0.0207828554428286,0.0201104438553253,0.1203349704543749,0.5111177620217164,0.503890963825202,0.45137237947962644,0.572761850692517,0.7743138102601868
2098,Healthy,0,0.1635741790135701,0.0247094177951415,0.0274701424770885,0.1327218868666225,0.571787161965923,0.5989464554333765,0.5249404242100867,0.6859303197451366,0.7375297878949567
2099,Healthy,0,0.0968623186151186,0.0177395531079835,0.0178961295427547,0.0607601474556658,0.7349314828629431,0.7375768191195461,0.6191714966347258,0.910092886451469,0.690414251682637
2100,Healthy,0,0.1745090468062294,0.0295939010878403,0.0326296008295483,0.1275671141015159,0.6553413373479767,0.6832122921536304,0.5799798855075756,0.8147383257787643,0.7100100572462122
2101,Healthy,0,0.1867170731226603,0.027476131502125,0.0285920428319109,0.1467954508132404,0.5658403526054091,0.5756771275684384,0.5131093033554736,0.652088520969667,0.7434453483222633
2102,Healthy,0,0.1063695392674869,0.0256196614354848,0.0221264985286527,0.0964809656143188,0.806633202503872,0.7621196394371796,0.776416897716935,0.7462093111435562,0.6117915511415324
2103,Healthy,0,0.118092693388462,0.0206225789669487,0.0207251900186141,0.0879961450894673,0.6670358063550893,0.6684179743559318,0.5946736395141944,0.7625068252891081,0.7026631802429028
2104,Healthy,0,0.1059055965807702,0.0176617042678925,0.0197549487153689,0.0868527582950062,0.6194867666301893,0.6502296375491095,0.5717274439626523,0.7412202839498777,0.7141362780186739
2105,Healthy,0,0.2060230937268999,0.0293343704607751,0.0341027929551071,0.1649871501657697,0.5461634661692081,0.5840722015940407,0.4985500767867511,0.6851735938143636,0.7507249616066244
2106,Unhealthy,1,0.1275957963532871,0.0235440166046222,0.0199284497648477,0.0827289480302068,0.7317124448848303,0.6851527838386575,0.6231056170799666,0.7765032113762677,0.6884471914600168
2107,Healthy,0,0.103549955619706,0.0185685698977775,0.0179259617709451,0.0977954649262958,0.6228906590463784,0.6137662125961908,0.6082146773093513,0.6196246376341125,0.6958926613453243
2108,Healthy,0,0.2080317884683609,0.0253044584145148,0.0226438099311457,0.1734206030766169,0.4685345884776218,0.44665295444932185,0.4337852991561401,0.4619667502893385,0.78310735042193
2109,Healthy,0,0.1050865898529688,0.0192133649769756,0.0174783463072445,0.0938145162330733,0.6476565175856696,0.622968249945493,0.6182903285286477,0.6281928924566087,0.690854835735676
2110,Healthy,0,0.14703754749563,0.0230829937176571,0.0169421771748198,0.1036799773573875,0.6220081011501647,0.5506610687480655,0.5427444223497269,0.5618263822437717,0.7286277888251367
2111,Healthy,0,0.1977322747310002,0.0250073046320014,0.0247711226758029,0.1619712644153171,0.48828307418703565,0.4862575779720593,0.44908596314167715,0.5305945385332567,0.7754570184291614
2112,Healthy,0,0.1552215425504578,0.0231298903624216,0.0195135513527525,0.0637492939001984,0.6976537055559275,0.6520048066817449,0.5187486298182986,0.9374434079676578,0.7406256850908506
2113,Healthy,0,0.1666148437394036,0.0283388669292132,0.0241932982785834,0.1148625686764717,0.670434674531921,0.629109686992084,0.5814481156992951,0.6959303137178104,0.7092759421503525
2114,Healthy,0,0.1153720468282699,0.0187175811992751,0.0198190439906385,0.1109883909424146,0.5676389200507386,0.5819109469801211,0.558360298991361,0.6060525229558039,0.7208198505043194
2115,Healthy,0,0.172128548224767,0.0275791699273718,0.0265346034947368,0.1096130990319781,0.6548927511414872,0.6444889090993997,0.5523906673724405,0.7795828501631948,0.7238046663137797
2116,Healthy,0,0.0920058248771561,0.0173681855408681,0.0184875113061732,0.0905395944913228,0.639471370514046,0.6566943881671113,0.6351851038281368,0.6782721111761475,0.6824074480859318
2117,Healthy,0,0.2041906747553083,0.0215109367337491,0.0250709648761484,0.1335680029458469,0.45193351745996263,0.4847981620197128,0.38122788032981336,0.6321514876289384,0.8093860598350934
2118,Healthy,0,0.108284228377872,0.0183129642779628,0.0207871771934959,0.0947901904582977,0.6111952519787367,0.6458174867218216,0.5786214968525611,0.7194203368992653,0.7106892515737193
2119,Healthy,0,0.1135497159428066,0.0331491732762919,0.0241110250353813,0.0975399671329392,0.9560376003451413,0.8535155374860206,0.903869782593453,0.792793370793736,0.5480651087032734
2120,Healthy,0,0.1595233827829361,0.0270537760936551,0.0339328561806016,0.1530400796069039,0.590257206446577,0.6530490356758927,0.5800018878312845,0.725941560208826,0.7099990560843576
2121,Healthy,0,0.0897746326194869,0.0177581856648127,0.0197029546317127,0.100735986398326,0.6285332787032427,0.6572944018890023,0.6605680367406681,0.6543715666446647,0.669715981629666
2122,Healthy,0,0.1588683757517072,0.0276726397375265,0.0262880780630641,0.1159391568766699,0.6705413668591071,0.6565198157691219,0.5933845629595308,0.7393261374786104,0.7033077185202345
2123,Healthy,0,0.1849350084861119,0.0282465356091658,0.0328973670386605,0.1243847542338901,0.6177265090470264,0.6601878495924005,0.5299996438067174,0.8366460668890244,0.7350001780966414
2124,Healthy,0,0.136674091219902,0.0196782702373133,0.0281770550128486,0.1093643974098894,0.5516079323193418,0.6513281054593323,0.5034339118107433,0.819449104732311,0.7482830440946283
2125,Healthy,0,0.1569003827042049,0.0206614022867547,0.0156030267890956,0.0933422396580378,0.5669095270697521,0.5062971943458241,0.46544705073350456,0.5728758044450549,0.7672764746332478
2126,Healthy,0,0.1537031357487042,0.0228190442754162,0.0175455761038594,0.0954628015557925,0.6192329079417477,0.5576560996143581,0.5170804999643253,0.6210362972098062,0.7414597500178374
2127,Healthy,0,0.1205684981412357,0.0197937933521138,0.0173910539597272,0.0842347302370601,0.6479390265278189,0.6146558619600052,0.5640772358878637,0.6845134469437918,0.7179613820560681
2128,Healthy,0,0.1106004259652561,0.0196907950772179,0.0199610794790916,0.0698651588625378,0.7165266537105882,0.7205584630543507,0.6045164031672967,0.8888752261082168,0.6977417984163515
2129,Healthy,0,0.1257473346259859,0.0284467378838194,0.0195546972875793,0.0916440106100506,0.8296992237405139,0.723477633381076,0.7379463404991902,0.7034145506647956,0.6310268297504048
2130,Healthy,0,0.1878425611390007,0.0178083106875419,0.0163094276148411,0.1180693018767568,0.4171437874484817,0.40135021386519304,0.34637948342980857,0.48547646421559165,0.8268102582850957
2131,Healthy,0,0.0939127686950895,0.0211578508218129,0.0184536021616723,0.0881519160336918,0.7543565162312159,0.714762597224614,0.7354736043184363,0.692407015098578,0.6322631978407819
2132,Healthy,0,0.0950232653154267,0.0215734901527563,0.0208088929454485,0.0761392625669638,0.8053208776473328,0.7938823342328408,0.7401060197989229,0.8585575593662258,0.6299469901005387
2133,Healthy,0,0.1244534088505639,0.0175367164322071,0.018063985535668,0.0914496497975455,0.5589915239159211,0.5662054814716353,0.4940263668979239,0.6597894583886403,0.752986816551038
2134,Healthy,0,0.0818543467256757,0.0179302432677812,0.0197468854279981,0.0903375802768601,0.6894510075749866,0.7181073659556526,0.7187580073819786,0.7175176007463382,0.6406209963090107
2135,Healthy,0,0.1112767333785692,0.0225555985752079,0.0202164058056142,0.0858292977015177,0.7449709086339036,0.7132291924708931,0.6741449766562576,0.76255445103458,0.662927511671871
2136,Healthy,0,0.1184241573015848,0.021238287910819,0.0267645064741373,0.0989671945571899,0.6538179020517834,0.7234943960048281,0.6082748409142924,0.8514799769540596,0.6958625795428538
2137,Healthy,0,0.1231788694858551,0.0142909173543254,0.014277447739409,0.0917589995596143,0.46947880221650795,0.46928351045670375,0.41582714814098676,0.5385864239357823,0.7920864259295067
2138,Healthy,0,0.0664051709075768,0.0119208666599459,0.0161453278528319,0.0535026333398289,0.66342427873843,0.758679085459162,0.6087818064162508,0.9272534372209721,0.6956090967918745
2139,Healthy,0,0.0973151293065812,0.0181145173394017,0.0183246455465753,0.0863376777205202,0.6590636934405938,0.6622533825358196,0.6277249516307727,0.7003339874201449,0.6861375241846137
2140,Healthy,0,0.2095331947008768,0.022621096836196,0.0239178971904847,0.1341556658347447,0.46529782780672424,0.4770443061157795,0.38975970138520794,0.605234594140635,0.805120149307396
2141,Healthy,0,0.2242445084783766,0.0242641520582967,0.0241580021878083,0.1888685507906807,0.4204848868887282,0.4196616234528267,0.39055624067018707,0.45361485411159475,0.8047218796649064
2142,Healthy,0,0.1208210446768336,0.0234584601389037,0.0237959646102454,0.0809567057424121,0.7546107867338927,0.759009147588191,0.6503615373191929,0.9086532889380118,0.6748192313404034
2143,Healthy,0,0.1038869536585277,0.0207926787229047,0.0188890742138028,0.0896473651130994,0.7074755820495712,0.6806006575110213,0.6670753939759353,0.6961376043269882,0.6664623030120322
2144,Healthy,0,0.0916058975789282,0.0197168499645259,0.0185257555502984,0.0844769001834922,0.7318919962313801,0.7137297759399028,0.7084571805714572,0.7194282678760455,0.6457714097142715
2145,Healthy,0,0.1193179364005724,0.018063371690611,0.0170288549529181,0.120454315510061,0.5237676685702446,0.5106840553296758,0.5259338971680745,0.4954455122200884,0.7370330514159626
2146,Healthy,0,0.1633919477462768,0.0262157561050521,0.0260007201383511,0.1163742194573084,0.6313290604876342,0.6291470626444507,0.5530525516116757,0.730485862531492,0.723473724194162
2147,Healthy,0,0.1762569695711136,0.0248082056641578,0.0200708479517036,0.0934037019809087,0.6216094294110219,0.5707266844200042,0.4935356037688595,0.7075013018733389,0.7532321981155702
2148,Healthy,0,0.1594013141261206,0.0209999964055087,0.0199931123190455,0.1122854981157514,0.5355659483851857,0.5244098642196574,0.46562846674723735,0.604575819275046,0.7671857666263813
2149,Healthy,0,0.1394585892558097,0.0183576013272007,0.0163727966654631,0.1039155398805936,0.5243356099235302,0.4995301349631835,0.46529069696546016,0.5444516778796484,0.7673546515172699
2150,Healthy,0,0.0964325434631771,0.0185817011321584,0.0176503538257545,0.1124169081449508,0.6042513905974306,0.5913470251685374,0.6462399921865677,0.5428069618234862,0.6768800039067161
2151,Healthy,0,0.134200712872876,0.0191152919497754,0.017200686244501,0.0571718621585104,0.6660288835320468,0.6379939207270298,0.49871615091684796,0.925109418130657,0.750641924541576
2152,Healthy,0,0.1697137786282433,0.026222340348694,0.0293423506534761,0.1151690218183729,0.6218844728514664,0.6528430068990975,0.5353242778434436,0.8121810803282496,0.7323378610782783
2153,Healthy,0,0.109261597196261,0.0231223642412159,0.0233271277199188,0.0734325862593121,0.8079837209142422,0.8108361162779513,0.6986454851522561,0.9643322312807118,0.6506772574238721
2154,Healthy,0,0.1860925671127107,0.0284670251939031,0.0255202605492538,0.1184253709183798,0.630059340792158,0.6023598225408617,0.5307061760859918,0.7091638777517766,0.7346469119570042
2155,Healthy,0,0.1023451056745317,0.0186693567989601,0.017295299615297,0.0865416841374503,0.6602034348048813,0.6397940865912064,0.6170950617757649,0.6662481512937592,0.6914524691121176
2156,Healthy,0,0.1947679983245002,0.0239690161413616,0.0219354079001479,0.1662813077370325,0.4688461259147581,0.4512004254624851,0.43831660041428305,0.46617342834590986,0.7808416997928584
2157,Healthy,0,0.1428032666444778,0.0318832066324022,0.0288657759212785,0.0901545774605539,0.8596049925952115,0.8273417849326474,0.7300669830769774,0.9701122573102579,0.6349665084615114
2158,Healthy,0,0.1008133846852514,0.018293247040775,0.0183663010183307,0.1075935512781143,0.5973465341473433,0.5983608604062594,0.614348563994449,0.5832430154048078,0.6928257180027756
2159,Healthy,0,0.1024767466717296,0.0224215824984841,0.0207871295925643,0.0982177431384722,0.7305301507776514,0.7086206618729415,0.718074697954608,0.6986984353000535,0.6409626510226961
2160,Healthy,0,0.1503985764251815,0.0147652039304375,0.0154107033999429,0.1032409502400292,0.4171404412731486,0.4252891663509626,0.3575893915396246,0.5195276400176945,0.8212053042301876
2161,Healthy,0,0.1119615990254614,0.0227336742811732,0.0198620955149332,0.0852723800473743,0.749354756405633,0.7104334636881663,0.6751142404060416,0.7556834390889033,0.6624428797969791
2162,Healthy,0,0.1607378737794028,0.0264957559605439,0.0273193897058566,0.1366335054238637,0.6049900062307628,0.6129522843892997,0.5660469435398864,0.6665180187087607,0.7169765282300568
2163,Healthy,0,0.1632829796936777,0.0219800745447476,0.0189051380794909,0.0740827119184864,0.6250424629298679,0.5877459803617002,0.47457005683303105,0.8132304631154341,0.7627149715834846
2164,Healthy,0,0.088108049498664,0.0192640168178412,0.0202556870256861,0.1013310799996058,0.6760277770889932,0.6904246194254671,0.7176546928343854,0.6663780120569406,0.6411726535828074
2165,Healthy,0,0.104904842045572,0.0181016483240657,0.0195950836771064,0.0730429304142793,0.6762197695100255,0.699238445151021,0.5886404292869352,0.8460925622941878,0.7056797853565323
2166,Healthy,0,0.2043056968185636,0.0293950200494792,0.0350918823646174,0.1882888335320684,0.5209751856639854,0.5643362236268271,0.5031224626679577,0.628378008795486,0.7484387686660212
2167,Healthy,0,0.1752266138792038,0.0282258898433711,0.0223376788198947,0.115879777404997,0.6496959001601117,0.5919580248850698,0.5549381664402527,0.6464502944852167,0.7225309167798737
2168,Healthy,0,0.1070963119467099,0.0222293268889188,0.0193790675451358,0.0822530620627933,0.7606009801900353,0.7206234233116605,0.6875458598637816,0.7627142172419417,0.6562270700681093
2169,Healthy,0,0.2171717468235227,0.0302967147694693,0.0345975502083698,0.2244355214966668,0.48262322053511447,0.5124901759352023,0.4897062773081427,0.5342568804923312,0.7551468613459287
2170,Healthy,0,0.095588577290376,0.0180147904902696,0.0178049138436714,0.107146402200063,0.6036001475171787,0.6006120485198415,0.6343048042397471,0.5699792337501903,0.6828475978801266
2171,Unhealthy,1,0.1100348540478282,0.0227014714231093,0.0201410862306753,0.0867623645398351,0.7498416611685558,0.7151159682375732,0.6841072733501204,0.7536178144113295,0.6579463633249398
2172,Healthy,0,0.1573555974496735,0.022557632997632,0.0222230454285939,0.1206620178288883,0.5584732301759523,0.5549060115810855,0.5015224937387552,0.6221236824047159,0.7492387531306224
2173,Healthy,0,0.1326936855912208,0.022608445957303,0.0257519218656751,0.1309045015109909,0.5856824356966525,0.6200870860499442,0.5823087096583486,0.6575388690895099,0.7088456451708258
2174,Healthy,0,0.1113637280133035,0.0232757367193698,0.0180229052073425,0.0922934131489859,0.7442025689318238,0.6743852528144959,0.6914981952901784,0.6534991550072374,0.6542509023549109
2175,Healthy,0,0.0581322229570812,0.0111084679762522,0.0146880872133705,0.0498444367614057,0.6825815306199304,0.7713518795924178,0.6417306255333413,0.9104300472804459,0.6791346872333293
2176,Healthy,0,0.2074929045306311,0.0251874785042471,0.0226648927976687,0.1608346650997797,0.48124817791642593,0.45992001627677576,0.43299702666333606,0.4940587989936266,0.783501486668332
2177,Healthy,0,0.1156193498108122,0.0238932066907485,0.0262728130651844,0.0943017614384492,0.7417154535936046,0.7715263659843441,0.6850482075563202,0.871587170789233,0.65747589622184
2178,Healthy,0,0.0879329500926865,0.020367692121201,0.0211237563441197,0.0805242827369107,0.7789067284029787,0.7905064839542778,0.752264869527772,0.8312509138432291,0.623867565236114
2179,Healthy,0,0.1028238046500417,0.0197708033439185,0.0171393730367223,0.0610459976726108,0.7775691025432684,0.7353357963083673,0.6450790509446398,0.8768583115345567,0.67746047452768
2180,Healthy,0,0.0711416403452555,0.0152084446615642,0.0189282476074165,0.0603380521966351,0.751514058486755,0.8244762088718149,0.7045016648385732,0.9551725085796932,0.6477491675807133
2181,Healthy,0,0.1543503271208869,0.0189624008619123,0.015828872202999,0.1226446338825755,0.4817074850480765,0.4463477763072976,0.4376458920846082,0.4572390098425615,0.7811770539576958
2182,Healthy,0,0.1700082984235551,0.018434225478106,0.016955565350751,0.1294527956181102,0.4384800741361535,0.4227528422693733,0.39129650986262354,0.4632403570000264,0.8043517450686882
2183,Healthy,0,0.1098542263110478,0.0197337311175134,0.0189061701918641,0.0671449080109596,0.7293035112625885,0.7167515138665127,0.609122375538395,0.8788347844893689,0.6954388122308026
2184,Healthy,0,0.112362985809644,0.0210130997002124,0.0214632826132906,0.0868406138486332,0.6968658028886049,0.7030186276406253,0.630190925753614,0.7927058329184455,0.684904537123193
2185,Healthy,0,0.1607067692610952,0.0195858855214383,0.0205744482162925,0.1204449575808313,0.489152638523744,0.4999542645897606,0.4345354067821015,0.5835919701971154,0.7827322966089492
2186,Healthy,0,0.1098129500945409,0.0178265046949187,0.0204913355410099,0.0750970761809084,0.6465817680156032,0.6866139220835236,0.5586518596251729,0.8574819969024032,0.7206740701874135
2187,Healthy,0,0.1159882355067465,0.0260796743548578,0.0208524564901987,0.1032561924722459,0.7687343093908499,0.7052781965834959,0.7342875496729235,0.672071017274829,0.6328562251635381
2188,Healthy,0,0.1464643693632549,0.0258019879046413,0.0233360160556104,0.1093807129396332,0.6713824543961392,0.6444685777473622,0.59911844225082,0.7033330683262012,0.70044077887459
2189,Healthy,0,0.1147479663292567,0.0192500717110104,0.0212573506351974,0.0916042865978346,0.6289526914349991,0.6563635361079028,0.5746374198471669,0.753395082912225,0.7126812900764166
2190,Healthy,0,0.1144355171256595,0.0229521420680814,0.021020618163877,0.0812117631236712,0.7601570994241859,0.7340414456760271,0.668244650291765,0.8224641898833394,0.6658776748541174
2191,Healthy,0,0.1426084803210364,0.0205235924157831,0.0174032726014653,0.061835306800074,0.6688178307343846,0.6259316411889277,0.5032386843730907,0.878525220058512,0.7483806578134545
2192,Healthy,0,0.1485892368687523,0.0242596603929996,0.0238879368537002,0.1074138043655289,0.6373170162494397,0.6332072487128517,0.5614073512141009,0.7277264301869537,0.7192963243929495
2193,Healthy,0,0.1301675339539846,0.0236290858851538,0.0181531250062916,0.1031323870023091,0.6737737815513283,0.6075597947535508,0.614554101640682,0.5986906335524826,0.6927229491796589
2194,Healthy,0,0.1058854767017894,0.0170005173939797,0.0168325462275081,0.1161083289318614,0.5312768762364345,0.5289993771177454,0.5533752652309795,0.5064671405940195,0.7233123673845102
2195,Healthy,0,0.1127168503072526,0.0205519720911979,0.0247469836225112,0.0905363087852795,0.6728504083820221,0.7290053556618804,0.6168576181982338,0.8586494401972451,0.6915711909008831
2196,Healthy,0,0.144438526696629,0.0249070970134602,0.0180037816365559,0.1110646799206733,0.6526217493246302,0.5751857002537487,0.5883139219729668,0.5579606797613526,0.7058430390135166
2197,Healthy,0,0.1516067087650299,0.0207295491256647,0.0209006279086073,0.1241740592651897,0.5227476450205616,0.5246218214159385,0.4811419112700602,0.5762722171806223,0.7594290443649697
2198,Healthy,0,0.1422864894072214,0.0236974033630556,0.0204975596732563,0.0987436688608593,0.6572913232676041,0.619790610787708,0.5710771802623762,0.6875997480147341,0.714461409868812
2199,Unhealthy,1,0.1177006637056668,0.0220506336126062,0.0210335761722591,0.0878949777947531,0.7064767833977632,0.6930068449403912,0.6311392891727524,0.772380625878092,0.6844303554136238
2200,Healthy,0,0.1380422164996465,0.0199379877497752,0.0174587963976793,0.0576694806416829,0.6770468938811702,0.6417061093736166,0.5048224325193753,0.929545949178739,0.7475887837403123
2201,Healthy,0,0.0579729572766357,0.0095757994179924,0.0137478125592072,0.0436882939603593,0.6340914505175843,0.7464459736129302,0.5670451914478496,0.957433460746424,0.7164774042760753
2202,Healthy,0,0.1982984294493993,0.0200385517544216,0.0169903135134114,0.1161223318841722,0.45221263633459363,0.4214415092815469,0.36711237178305234,0.5105544544671734,0.8164438141084739
2203,Healthy,0,0.0974834056364165,0.024149566474888,0.0186283805718024,0.0979283336136076,0.7927284082784654,0.7183845398478189,0.7941782908269017,0.639289832490292,0.6029108545865491
2204,Healthy,0,0.1526828722821341,0.0172943701553675,0.0180225159145063,0.0744391803940137,0.5286559245948809,0.5382872867665744,0.40698083831372694,0.7796748982138496,0.7965095808431365
2205,Unhealthy,1,0.1436613582902484,0.026223880238831,0.0246479930356144,0.127886064350605,0.6475128422940405,0.6311269073400582,0.6174492961456975,0.6463603855552119,0.6912753519271513
2206,Unhealthy,1,0.2274901552332772,0.021163125625915,0.0198401709397633,0.1996287918753094,0.36064913561505013,0.35036400957019903,0.340443939493391,0.3616032205242775,0.8297780302533045
2207,Healthy,0,0.1811250746250152,0.021114999635352,0.0214802499653564,0.1331509715980953,0.47382084881291814,0.47742981964833536,0.41762246602358744,0.555651045065104,0.7911887669882064
2208,Healthy,0,0.1068666552503903,0.0209292794267336,0.0264626836611164,0.0897066485550668,0.702230958340424,0.7770280366766446,0.6550843570919959,0.9111762340811652,0.6724578214540021
2209,Healthy,0,0.1557267357905706,0.0215569672485192,0.016077105473313,0.1150561413831181,0.5494026430859612,0.4880934427836226,0.48638350573636296,0.49040516752901675,0.7568082471318184
2210,Healthy,0,0.113741704987155,0.0207046071688334,0.0270806946274307,0.0973133088813887,0.6560805010972742,0.7384522256284829,0.6159962839236923,0.8708038607507542,0.6920018580381537
2211,Healthy,0,0.1492653538783391,0.0187489053027497,0.0165171661517686,0.1291119472848044,0.4748434961595075,0.4497601356622117,0.4463646215299331,0.45367758580669937,0.7768176892350335
2212,Healthy,0,0.1617818127075831,0.0174331047261754,0.0190761824034982,0.0810500739349259,0.5022174792360223,0.5227913470349894,0.3890994114955644,0.7620851153775772,0.8054502942522178
2213,Healthy,0,0.1411412292056613,0.0207131422228283,0.0262413086990515,0.1118206141723526,0.5628798246982253,0.6262340768311692,0.5118957749492671,0.7602764948737853,0.7440521125253664
2214,Healthy,0,0.1696750687228309,0.0185352261695596,0.01669885052575,0.121635856727759,0.45155364885348165,0.431598419375803,0.3939258727617879,0.48285353277679105,0.803037063619106
2215,Healthy,0,0.1281638542811075,0.0197588683416446,0.0171880030797587,0.0648393059770266,0.6798139384993774,0.6426939131348874,0.5343024517480177,0.8381600360855388,0.7328487741259913
2216,Healthy,0,0.1841589460770289,0.0202787359141641,0.0193850280096133,0.1193343616194195,0.47152890494070204,0.46233946147755395,0.3967710006619561,0.5589709718721593,0.801614499669022
2217,Healthy,0,0.1848565091689427,0.0275339705662594,0.0321966593878136,0.1130229044291708,0.6240924080538457,0.6681090873260827,0.5185537619310882,0.8868408234138487,0.740723119034456
2218,Healthy,0,0.1911421004268858,0.0245721213933494,0.0203226618468761,0.0903538614511489,0.594534386240544,0.550196767668261,0.4556421210619391,0.7344886247339775,0.7721789394690304
2219,Healthy,0,0.2035802370972103,0.0197336096316576,0.0158982311064998,0.1173198744654655,0.438077660068166,0.39976041988059574,0.35346862580566757,0.4773594711692239,0.8232656870971662
2220,Healthy,0,0.1184916272759437,0.0189975733972258,0.0188329183600015,0.0903075908621152,0.6158187089051556,0.6135593602780351,0.5527000900204697,0.6902265160472649,0.7236499549897653
2221,Unhealthy,1,0.1412303811973995,0.0178479239758518,0.0187688734796312,0.0875990216930707,0.539772257477244,0.5517773079103897,0.4487833575147466,0.7058097163305725,0.7756083212426267
2222,Healthy,0,0.1229642935925059,0.0220693958302338,0.0179186175680822,0.0790640177826086,0.7172167379991075,0.660914315358714,0.6086695006677134,0.7390443661708381,0.6956652496661433
2223,Healthy,0,0.1654063430097368,0.0192716759112146,0.0191726883252461,0.1360252516137229,0.45348461379713856,0.4524517046209263,0.4174113632757463,0.494148010799259,0.7912943183621269
2224,Unhealthy,1,0.2233791136079364,0.0172984323774774,0.0139093935075733,0.1201928291055891,0.36594096680317434,0.3330790880387907,0.28749557515474694,0.41488927585330165,0.8562522124226266
2225,Healthy,0,0.1481918808486726,0.0241919325457678,0.0252087688487437,0.0967767934004465,0.6597367822386564,0.6712750099971942,0.5613504439749915,0.8266148348686584,0.7193247780125044
2226,Healthy,0,0.1195594767729441,0.0198810146086745,0.0227315063691801,0.10762067966991,0.5958148446115296,0.6317817278844167,0.5703082199922673,0.6975412399256078,0.7148458900038663
2227,Healthy,0,0.1110949168602625,0.0184717962725294,0.0191528424620628,0.0916160013940599,0.6166141821713491,0.6262017856363654,0.570263637191994,0.6916328380908395,0.7148681814040031
2228,Healthy,0,0.1123739762438668,0.0162303068985541,0.0158754462997118,0.1131237662500805,0.5033465752198041,0.4985297751801648,0.5048138833939174,0.49226490568177844,0.7475930583030415
2229,Healthy,0,0.1965742326445049,0.0218464283065663,0.0216331533673736,0.1189819938606686,0.48649094643611257,0.4844038470084755,0.40007988642539927,0.6153861456274009,0.7999600567873004
2230,Healthy,0,0.1181890211171574,0.0237650418033202,0.0276715815481212,0.0924544988407029,0.7364050073347757,0.7850518196754331,0.6696544308600263,0.9214179454970585,0.6651727845699867
2231,Healthy,0,0.1726793448130289,0.0197324512733353,0.0166089692049556,0.1083307829168107,0.4925800616992812,0.4580588395863996,0.4102129219661433,0.5317433058060975,0.7948935390169283
2232,Healthy,0,0.1950318217277526,0.0290560730629497,0.0259222048852178,0.1170391100976202,0.6279287151375277,0.599137951906641,0.5186549338613409,0.7252928497007646,0.7406725330693297
2233,Healthy,0,0.2100848472780651,0.0298912634866105,0.0279073795924584,0.1664046057396465,0.5481216279300221,0.5323530034421073,0.4982373185624689,0.5744860162848112,0.7508813407187656
2234,Healthy,0,0.1343674121631516,0.0402615951995054,0.0376259483810928,0.097032595011923,1.0326027820343258,1.0073155985787072,0.9222201009456124,1.1176698465028638,0.5388899495271939
2235,Healthy,0,0.1523279084099663,0.0247425420416726,0.0284797549247741,0.1135362386703491,0.6276861231053813,0.6671834289349752,0.5589310238622842,0.8021562699752739,0.720534488068858
2236,Healthy,0,0.1420790495143996,0.0236957137369447,0.0270911117808686,0.1011495755778418,0.6522802133635353,0.6909409068460227,0.5717568409617994,0.8450083148756147,0.7141215795191003
2237,Healthy,0,0.1052620535095532,0.022688722030984,0.0223161644405788,0.0956106409430503,0.7370951234495708,0.732151118494097,0.7092953344013391,0.7569496813886145,0.6453523327993306
2238,Healthy,0,0.1773424802554978,0.018414498720732,0.0155989255549179,0.093335962957806,0.4790647974311769,0.44652881031533304,0.3762726379827923,0.572779786820855,0.8118636810086038
2239,Healthy,0,0.1180356591939926,0.0198020935058593,0.0201056945241159,0.1038878717356258,0.6057359781742472,0.6096717258814078,0.5746493429555334,0.648604443943438,0.7126753285222333
2240,Healthy,0,0.2020124461915758,0.0273967190749115,0.0268513926615317,0.1217601754599147,0.5789577457480554,0.5740226071755965,0.4776917965432951,0.7227268509700013,0.7611541017283524
2241,Healthy,0,0.1804431345727708,0.0239353072312143,0.0233739196426338,0.1097549539473321,0.5664010189656881,0.5606897950478735,0.46845072347053374,0.7022945214612114,0.765774638264733
2242,Healthy,0,0.1278942442602581,0.0202128112109171,0.0180210944058166,0.0954570811655786,0.613027374100631,0.5846493009463751,0.5458973212751758,0.635226793701087,0.7270513393624122
2243,Healthy,0,0.1014673763679133,0.0166781110068162,0.0184214839504824,0.088923976653152,0.5963188116512043,0.6226342169738263,0.5646634967586086,0.6864373713389684,0.7176682516206958
2244,Healthy,0,0.1072459949387444,0.0168398824623889,0.0169600568090875,0.0807011649012565,0.6078641385386445,0.6097024837196973,0.5428460616174874,0.6946485621238604,0.7285769691912563
2245,Healthy,0,0.181736570265558,0.0275720159212748,0.0272914907998508,0.1048625111579895,0.6454442498112538,0.6426883486032814,0.526916098829572,0.826051134147487,0.7365419505852139
2246,Healthy,0,0.1472816723916265,0.0186519876329435,0.019994952612453,0.0818663446439637,0.5600104535706291,0.5772616577667038,0.4496251726185435,0.7851835054532816,0.7751874136907281
2247,Healthy,0,0.1075509124332004,0.019020739942789,0.0196137446910142,0.0805666363901562,0.6728270828318276,0.6815283469747124,0.6011058427612731,0.7831371563708592,0.6994470786193634
2248,Healthy,0,0.2052221612797843,0.026254761343201,0.0237733057389656,0.1073514678412013,0.5753157594531257,0.5518790188354524,0.4536912111271336,0.725211722845984,0.7731543944364331
2249,Healthy,0,0.267326071858406,0.0254945392823881,0.0275461595091554,0.1109487844838036,0.47513032815882533,0.49189692474777835,0.34826154051197994,0.7955859965705557,0.82586922974401
2250,Healthy,0,0.1297644020782576,0.0362891329245434,0.0366310262017779,0.0964850129352675,0.9715065972413066,0.9749675826624653,0.8741550229311594,1.100724644129941,0.5629224885344202
2251,Healthy,0,0.1296980323063002,0.0281158824347787,0.0240328647196292,0.1323588482207722,0.7066763540934383,0.6638804981210923,0.7126337999005394,0.6146838414331525,0.6436831000497304
2252,Healthy,0,0.1780434664752748,0.0289881446709235,0.0295082866731617,0.1242698282003402,0.6436632299537928,0.6485017129598252,0.560071855895535,0.7675549072099176,0.7199640720522325
2253,Healthy,0,0.1051955024401346,0.0210381657299068,0.0211173341506057,0.0799224782321188,0.74079902907701,0.7419343388059794,0.6666419833912334,0.836000529004002,0.6666790083043834
2254,Healthy,0,0.1371129610472255,0.0200536039968331,0.0167690782497326,0.0810869344406657,0.6210778945385026,0.577559564705011,0.5103783744643515,0.6854592901833202,0.7448108127678243
2255,Healthy,0,0.1279650471276707,0.0154059701081779,0.0181966826526655,0.0901684098773532,0.4950794922945398,0.5339345681014342,0.42982104487226247,0.6716806022243651,0.7850894775638687
2256,Healthy,0,0.1802339984310997,0.0213029426005151,0.0181564852181408,0.1541554108262062,0.4520574747464263,0.4221966089533476,0.4228096842488711,0.4214795527168469,0.7885951578755644
2257,Healthy,0,0.2221608476506339,0.0309083639747566,0.0303684946977429,0.1513341748052173,0.568022598902503,0.5637610096905943,0.4885361403900712,0.6685316133398503,0.7557319298049645
2258,Healthy,0,0.1038527869515948,0.0219923643809225,0.0218636180377668,0.0785950571298599,0.7770035593294993,0.7751699667996802,0.6990293753253205,0.8705517169636121,0.6504853123373397
2259,Healthy,0,0.198424650563134,0.0255745930804146,0.0270539596676826,0.1201314346657859,0.5534049971054584,0.5671414963175911,0.4566907042081198,0.7352348999082934,0.7716546478959402
2260,Healthy,0,0.1886510004599889,0.0295497375643915,0.0260277549839682,0.130137950181961,0.6255759223982054,0.593829853709477,0.5416982148078673,0.6666701874477033,0.7291508925960664
2261,Healthy,0,0.1608302162753211,0.0185507877419392,0.0154761481616232,0.1045214028822051,0.4906752666688395,0.4546342458847015,0.4136622569055131,0.5158821334935624,0.7931688715472436
2262,Unhealthy,1,0.1079285980926619,0.0170267326757311,0.0187884336337447,0.0871458401282628,0.5944883153998554,0.6204725653598688,0.5450502214200196,0.7094373885435753,0.7274748892899902
2263,Healthy,0,0.1180170534385575,0.0217098995215362,0.023307438318928,0.1050793578227361,0.6516646622505439,0.6716155063480713,0.6214949674809438,0.7261630952519507,0.689252516259528
2264,Healthy,0,0.167198207643297,0.0208578914817836,0.0238982666697767,0.0825793047746022,0.5724424352055894,0.6078239960141401,0.4436525394033728,0.8977765493932414,0.7781737302983136
2265,Healthy,0,0.1254878747794363,0.040698221574227,0.0354281579040818,0.098837421172195,1.0649742264066726,1.0134924941839454,0.9795818655639269,1.0554650908392516,0.5102090672180365
2266,Healthy,0,0.1287873892320526,0.022570359831055,0.0261267274618148,0.0998485394650035,0.6595262223079031,0.7023626396453095,0.5964771535190957,0.8295827617334559,0.7017614232404521
2267,Healthy,0,0.0856715564926465,0.0255142259928915,0.0225431598309013,0.0681878874699274,0.9962218948970026,0.9520233825905206,0.9178952712307492,0.9938454587064112,0.5410523643846253
2268,Healthy,0,0.1284217908978462,0.0217099810640017,0.0178321553394198,0.0874027278688218,0.6699461755661371,0.619378225040134,0.5784246939953184,0.6778039674974715,0.7107876530023407
2269,Healthy,0,0.1062932329045401,0.0182720640053351,0.0159450455879171,0.0713576984902222,0.6824457690501401,0.6460079478468937,0.5867465324168161,0.7305633176270232,0.706626733791592
2270,Healthy,0,0.1545360171132617,0.021702019083831,0.0245653179784615,0.095223031938076,0.5922169612743662,0.6251785547864332,0.4925615276275759,0.8202907209449792,0.753719236186212
2271,Healthy,0,0.1149051777190632,0.0155455115147762,0.0174708504022823,0.0861515129605929,0.535711035577933,0.5642061151557248,0.4766708893936188,0.6744046298616495,0.7616645553031905
2272,Healthy,0,0.1478520201312171,0.0227987818006012,0.0233735278662708,0.0962470653984281,0.6295904869870594,0.6362639988775027,0.534396124542332,0.7815887625485816,0.7328019377288338
2273,Healthy,0,0.1994712385866377,0.023593023005459,0.0239820515529976,0.0997023267878426,0.5449370476214509,0.5488133948286906,0.423071321906367,0.7755887000348467,0.7884643390468167
2274,Healthy,0,0.1213341131806373,0.0256112397958834,0.0178024877483646,0.0803879929913414,0.8100189919006127,0.7084027967042051,0.6971636537557095,0.7252225516873625,0.6514181731221453
2275,Healthy,0,0.140387814078066,0.0313277416345146,0.0301989768114354,0.1014005194107691,0.8232124263356149,0.8113902432930191,0.7297589669034137,0.9179055445757852,0.6351205165482932
2276,Healthy,0,0.0880689877602789,0.0180452499124738,0.0182502441522147,0.0809020607007874,0.7039935107601863,0.7072851448284029,0.6802197446161303,0.7362509294875812,0.6598901276919348
2277,Healthy,0,0.1184194303221172,0.0166549215921097,0.018682524561882,0.0834325494037734,0.566585898544459,0.5959362821154992,0.4932075218154128,0.7318223974715247,0.7533962390922937
2278,Healthy,0,0.1834735671679178,0.0232604619943433,0.0239589175002442,0.1103247106075286,0.5467916444036458,0.5538643350329154,0.4500557956249508,0.7136809702822551,0.7749721021875248
2279,Healthy,0,0.1999830487701628,0.0276654163996378,0.0285084369695848,0.1056163112322489,0.6132025959898242,0.6210946669677014,0.48610767270497446,0.850206612926787,0.7569461636475129
2280,Healthy,0,0.1563878398802545,0.0214751660823822,0.0272607933729887,0.0887033691008885,0.5964463597007059,0.66346430406283,0.482959701848139,0.9403178634305969,0.7585201490759305
2281,Healthy,0,0.0909790711270438,0.013979556866818,0.0135855822720461,0.082941891418563,0.5539747011976088,0.5472365370794927,0.5327644666862663,0.5629726647810448,0.733617766656867
2282,Healthy,0,0.2258749239974551,0.0237323538296752,0.0206389245059755,0.2119653655423058,0.3912154866180086,0.3680648187777599,0.380315093955096,0.3549190688046469,0.8098424530224521
2283,Healthy,0,0.0985512253310945,0.0168460483352343,0.0205123248613543,0.0852487219704522,0.6196474327089181,0.6756856013817231,0.5839322819339613,0.7757988588738302,0.7080338590330193
2284,Healthy,0,0.1208218865924411,0.017647688380546,0.0191018722123569,0.0835668535696135,0.5890315505955577,0.6096013860568331,0.5097925196632904,0.7442138613046415,0.7451037401683549
2285,Healthy,0,0.1960689831111166,0.0224405599551068,0.0215253198726309,0.100454574657811,0.5258407144894923,0.5165021286777008,0.41079322468411866,0.7058645182631776,0.7946033876579407
2286,Healthy,0,0.1184639599588182,0.0159456944093108,0.0188370284934838,0.0982747442192501,0.5130736739747136,0.5531572129894465,0.4745401506840514,0.6433863328049716,0.7627299246579743
2287,Healthy,0,0.1318937804963853,0.0164158159039086,0.0175201130203074,0.0985472641057438,0.49882323157142994,0.5134475740692189,0.44274453716674184,0.6037911238841988,0.7786277314166292
2288,Healthy,0,0.1491156195600827,0.0245687212381098,0.0206726717038287,0.1121340683764881,0.6332407198825633,0.5904431908721265,0.5658246707838035,0.6226392332595952,0.7170876646080983
2289,Healthy,0,0.1279096860024664,0.0238564314527644,0.0273619666695594,0.0877670637435383,0.7245974877324155,0.7676182730394508,0.6287683141081015,0.9506539426721882,0.6856158429459493
2290,Healthy,0,0.1570434785551495,0.0246277447375986,0.0286283077051242,0.1010534821285141,0.6410294038617697,0.6841886886908625,0.5422486685833129,0.8830324671443814,0.7288756657083435
2291,Healthy,0,0.1173684199651082,0.0282154327465428,0.0283058569249179,0.0957463913493686,0.8374219339956022,0.8384825246291258,0.7752352261875464,0.912707583092958,0.6123823869062268
2292,Healthy,0,0.2715260585149129,0.0377703340103228,0.0329074550213085,0.2015025417009989,0.5508195401720571,0.5199702665215695,0.4884678246900806,0.5615367174001908,0.7557660876549596
2293,Healthy,0,0.2081808050473531,0.0222098508642779,0.024069393467572,0.0883496403694152,0.5211284066068775,0.5399992557478337,0.3856033271209878,0.8564170192913678,0.807198336439506
2294,Healthy,0,0.092470929854446,0.0220285995552937,0.0224375254991981,0.0766880189379056,0.8265264998717315,0.8326012345605346,0.7695612259318116,0.9054185024299147,0.6152193870340943
2295,Healthy,0,0.236905265185568,0.0401308592408895,0.034106932580471,0.1705363467335701,0.6582831281123281,0.616491311398115,0.5794314272042556,0.6666611812476138,0.7102842863978722
2296,Healthy,0,0.1867039485110176,0.0195223174782262,0.0165437260228726,0.1141165660487281,0.4595309052667846,0.42822775368300653,0.37865821571427627,0.5064653005308387,0.8106708921428619
2297,Healthy,0,0.1348551826344596,0.0254723197884029,0.0260742604732513,0.096915330323908,0.7207910735589967,0.7277581408986649,0.6355071813248824,0.8480151955706332,0.6822464093375589
2298,Healthy,0,0.2056821253564622,0.0352719802823331,0.0312903348563445,0.1411352198984888,0.6760948806802437,0.644079247394955,0.5855385645133256,0.7258862504652581,0.7072307177433371
2299,Healthy,0,0.1177257415321138,0.0143839113621248,0.0189065769728687,0.0862470409936375,0.49441862872786335,0.5612413284908719,0.4355143185075189,0.7191983438512166,0.7822428407462406
2300,Healthy,0,0.1855770763423707,0.0275534445212946,0.028297963241736,0.1227652463648054,0.6064879192037459,0.6134252524437632,0.5171187009657787,0.7493012578096482,0.7414406495171106
2301,Healthy,0,0.1827651080158021,0.030741446548038,0.0315479323681857,0.1509884869058927,0.6222390387530372,0.6291173739314034,0.5759344786550067,0.6913235724388015,0.7120327606724965
2302,Healthy,0,0.163316017223729,0.0180241095109118,0.0148359020758006,0.0958246373467975,0.48847666354261665,0.45013611810073983,0.3975757563528539,0.5362671157473482,0.801212121823573
2303,Healthy,0,0.1037473537855678,0.0276972225142849,0.0282974893020259,0.0939533139268557,0.8754723776157323,0.8828652996412757,0.8428563062534193,0.9258831371126943,0.5785718468732903
2304,Healthy,0,0.1841592987378438,0.0187219287165337,0.0177827431923813,0.0972599859038988,0.4697169724844839,0.4592880927247569,0.36912096700999614,0.6183004639084594,0.815439516495002
2305,Healthy,0,0.1627016779449251,0.024993321340945,0.0248530314614375,0.0981009975075721,0.6433508459293376,0.641834974761097,0.5326369149106367,0.8085308523790359,0.7336815425446817
2306,Healthy,0,0.1483475375506613,0.0285095806337065,0.0258075245138671,0.1169946119189262,0.7075186676348051,0.679687565593886,0.6448048215732247,0.7228890311739236,0.6775975892133876
2307,Healthy,0,0.2188667638434304,0.0291667201866706,0.0288851416359345,0.1094860873288578,0.603418757258508,0.6009436207199917,0.47036746350151604,0.8350042664804009,0.764816268249242
2308,Healthy,0,0.2058378590477837,0.0231263269152906,0.0191795352018541,0.2116510437594519,0.3989519866704948,0.3680412683611349,0.40401649398601136,0.33235692234812886,0.7979917530069943
2309,Healthy,0,0.2023706469270918,0.0260048564523458,0.0257175378501415,0.133121927579244,0.5368712866412001,0.534301599564699,0.4554754090089895,0.6476359708368479,0.7722622954955053
2310,Healthy,0,0.082343664434221,0.0257101485298739,0.0202282277039355,0.0666772710780302,1.026142104594722,0.9425223308881042,0.9517534948412085,0.9310447779460043,0.5241232525793958
2311,Healthy,0,0.1328093806902567,0.0202824719664123,0.0170243624597787,0.089469830195109,0.6173231276287416,0.5748665631300037,0.5299425570843075,0.6394475430204538,0.7350287214578461
2312,Healthy,0,0.0858096364471647,0.0180175676941871,0.0177877087973886,0.0698673667179213,0.7518592335419713,0.7479601048363647,0.694136680003739,0.8117138085988772,0.6529316599981306
2313,Healthy,0,0.1457541584968567,0.0204289932217862,0.0176914831002553,0.0906762166155709,0.5893934561739028,0.555386750729349,0.4917223680141437,0.6530168360737699,0.7541388159929281
2314,Healthy,0,0.2229403522279527,0.0391007243759102,0.0344047360122203,0.1755531190170182,0.6561970389979972,0.6229290404010358,0.5968640471588385,0.6554598494527225,0.7015679764205809
2315,Healthy,0,0.159994911816385,0.0211885252760516,0.0245959578702847,0.0926071504751841,0.5746447623843987,0.6137606919124858,0.4677806231314971,0.8394302239079006,0.7661096884342513
2316,Healthy,0,0.1454394964708222,0.0244540826727946,0.0235937811020347,0.10384501516819,0.6560612532830886,0.6463859000615587,0.5757506033143898,0.7405525410646787,0.712124698342805
2317,Healthy,0,0.23496622674995,0.0232725362810823,0.0244647082355287,0.1004859117998017,0.48738651705525643,0.4983148972928994,0.3604809132126406,0.7831800507628113,0.8197595433936797
2318,Healthy,0,0.2298144499460856,0.0294750606020291,0.0292350037230385,0.1478430223133829,0.5400741726584998,0.5381707794726741,0.45470502126709983,0.6603869351248686,0.7726474893664501
2319,Healthy,0,0.141816465391053,0.0271245245304372,0.0292047920326391,0.1050231382250785,0.7207053281954175,0.7432070085519211,0.6422248275694948,0.8703044731917092,0.6788875862152526
2320,Healthy,0,0.1872576706939273,0.0235502101067039,0.0258446362697415,0.1311800736520025,0.5154090574393309,0.5371448601597849,0.44685635123814377,0.6583584528224029,0.776571824380928
2321,Healthy,0,0.1128258382280667,0.0211308958629767,0.0174725889745685,0.079735382563538,0.7198918244487374,0.6679823328994787,0.6309767405531141,0.7189776187323924,0.6845116297234428
2322,Healthy,0,0.1108318426542812,0.0158694921475317,0.0178353770946462,0.1000653182466824,0.5232358809429867,0.551178896143319,0.5010047343969934,0.6050982835346937,0.7494976328015034
2323,Healthy,0,0.1340191604362594,0.0181131766488154,0.0175108094182279,0.0986625560455852,0.5388659898133827,0.5310954739853472,0.47624790352589474,0.6029199325789473,0.7618760482370527
2324,Healthy,0,0.2227771447764502,0.0254124773459302,0.0227025273359484,0.2041728132300906,0.42551380025216196,0.40512358065383797,0.40956551089633403,0.4002643439222102,0.7952172445518331
2325,Healthy,0,0.1816250185171763,0.0192494850812686,0.0168071411963966,0.1295333802700042,0.4404193771540222,0.4153809446573493,0.38331365576885734,0.45939814968488973,0.8083431721155715
2326,Healthy,0,0.0908254881699879,0.0249028065138392,0.026380145508382,0.0970448048578368,0.8382105507328552,0.8577421060958563,0.8607335511812166,0.8549372045152454,0.5696332244093918
2327,Healthy,0,0.0923558995127677,0.0217053826070494,0.0241928793903854,0.1053484669990009,0.720166584376033,0.7536579104802351,0.7611831886739169,0.7470318956748961,0.6194084056630417
2328,Healthy,0,0.1403121534321043,0.0231648962944746,0.0216470656709538,0.1184667638606495,0.6073873486851584,0.5904256685830017,0.5668048532370434,0.6179851266165332,0.7165975733814782
2329,Healthy,0,0.1242052407728301,0.0243871733546257,0.0191122258288992,0.0758958616190486,0.7839157600383801,0.7142743779623981,0.6564850163537284,0.8046567967961775,0.6717574918231358
2330,Healthy,0,0.1682044830587175,0.0220094792958762,0.0235360651794407,0.0901316801706949,0.58234778133229,0.5995167635371043,0.4628362507868165,0.8282407681067855,0.7685818746065917
2331,Unhealthy,1,0.1835886943671438,0.03078119084239,0.0304184733993477,0.1632739686303668,0.6029246490764905,0.5999050650500862,0.5743566231292836,0.6281809053691662,0.7128216884353582
2332,Healthy,0,0.1365629277295536,0.0205843843933608,0.0172729028595818,0.0904677005277739,0.6140024062762532,0.5716725458013552,0.5239512942419405,0.6412773760874975,0.7380243528790298
2333,Healthy,0,0.1326592548025978,0.0155109385442402,0.017112721896006,0.0954802458484967,0.47880401561460356,0.5004335781743144,0.41873303108762416,0.6079499364414442,0.7906334844561879
2334,Healthy,0,0.1232266277074813,0.020253131373061,0.0186110502108931,0.0822775272859467,0.6586105274453178,0.636157402849895,0.564626857553947,0.7378853254810165,0.7176865712230264
2335,Healthy,0,0.0917987103263537,0.026030477343334,0.0274357036170032,0.1060967486765649,0.8331205255860479,0.8508248270205895,0.8836682271392933,0.8218437734277932,0.5581658864303535
2336,Healthy,0,0.1145079938901795,0.0177098233252763,0.0199677068740129,0.0963002112176683,0.5753962664679619,0.6065141751934928,0.5357772106135202,0.6869549984809287,0.7321113946932397
2337,Healthy,0,0.1092100466291109,0.0164979143689076,0.0168604962527751,0.1003815134366353,0.5440650299349905,0.5492227149037278,0.5249600498783893,0.5752373674740235,0.7375199750608052
2338,Healthy,0,0.1300004497170448,0.0244074405895339,0.0212076684046122,0.0762314548095067,0.7655831622267301,0.7244891786719131,0.6322848020544193,0.8706017749363005,0.6838575989727904
2339,Healthy,0,0.1628103090657128,0.0224680890225701,0.0266001296954022,0.1039888386925061,0.5765939799005736,0.6213775011375968,0.48506656478893617,0.814774173462732,0.7574667176055317
2340,Healthy,0,0.2413013229767481,0.0282942729277743,0.0228683053412371,0.2080405917432573,0.44740176973074625,0.4088880638291023,0.4198031920045867,0.39614420457552324,0.7900984039977066
2341,Unhealthy,1,0.1000496099392573,0.01843521806101,0.0164585649553272,0.0631700389915042,0.737076724462264,0.704521297186043,0.6223655255158377,0.8267664703159536,0.6888172372420811
2342,Healthy,0,0.1615736335515976,0.0247482349061303,0.0227053196479876,0.1053151124053531,0.6257747498336463,0.6038456100495068,0.5313007026170973,0.7094279962600736,0.7343496486914515
2343,Healthy,0,0.193708469470342,0.0243907351460721,0.0274880236635605,0.0993343881434864,0.5708367288072342,0.6016295452580847,0.4473328582553933,0.8669768465019249,0.7763335708723034
2344,Healthy,0,0.1310090091493394,0.0366881694644689,0.0343100534131129,0.1081352068318261,0.9391553646773031,0.9156853623623893,0.875105228787623,0.9634593205590893,0.5624473856061885
2345,Healthy,0,0.1866575595405366,0.028123862006598,0.0319342743605375,0.1474931753344006,0.5763109226751688,0.6094042092751938,0.5237671266725668,0.7119150255957388,0.7381164366637166
2346,Healthy,0,0.147805866267946,0.0313889702988995,0.034356756756703,0.1105357483029365,0.7819883851647994,0.8114568958558749,0.7006668473327442,0.94847574738421,0.6496665763336278
2347,Unhealthy,1,0.255812578731113,0.0281563610252406,0.0307389381859037,0.1143061601453357,0.5282229592354634,0.5491223501560056,0.39661184141334416,0.8477070522081402,0.8016940792933279
2348,Healthy,0,0.2176441599925359,0.0293461152662833,0.0261455130659871,0.1908200416300031,0.5025488379710852,0.478421649213249,0.4752594446972737,0.4820214545598615,0.7623702776513631
2349,Healthy,0,0.1999702155590057,0.0283287215150064,0.0291808913979265,0.1351918089720938,0.5784035528676319,0.585829048283425,0.496344343571298,0.7101152766180086,0.751827828214351
2350,Unhealthy,1,0.2295398430691825,0.0269483489294846,0.0277092374033398,0.1201643720269203,0.534158334423479,0.5406800161605404,0.4202665038026335,0.7495384067542622,0.7898667480986833
2351,Healthy,0,0.1243057201306025,0.0168488185024923,0.0198158760451608,0.0846221513218349,0.555549780717276,0.5971629377029204,0.47745736454957916,0.7589525212125166,0.7612713177252104
2352,Unhealthy,1,0.1116859507229593,0.0175476785128315,0.0172977150521344,0.0898659634921285,0.5932095788243268,0.5896072826241555,0.5431304101447221,0.6456558896488328,0.728434794927639
2353,Healthy,0,0.2548468477196163,0.0430195143239365,0.0367550876819425,0.1773853508962525,0.6640463457878885,0.6232308001300444,0.5777022155680186,0.6865604259705689,0.7111488922159908
2354,Healthy,0,0.1655840517746077,0.0402305422143803,0.0337193571031093,0.1137262657284736,0.8945801027731918,0.8373419456406039,0.7818792911552777,0.9147604779458154,0.6090603544223612
2355,Healthy,0,0.1169460829761293,0.0194193744618031,0.0190894608903262,0.0831699727310074,0.6501438459649097,0.6455124640382142,0.5696273770985428,0.7467070846887113,0.7151863114507288
2356,Healthy,0,0.283187566532029,0.0325258098956611,0.0245257340785529,0.3330065078205532,0.3819568789969093,0.3389642200182635,0.4120928959512832,0.274389061509859,0.7939535520243582
2357,Healthy,0,0.1829290323787265,0.0344204592208067,0.0313383427759011,0.1102107465267181,0.7607136949140739,0.7328956479171571,0.6334582881698468,0.8855823214489934,0.6832708559150766
2358,Healthy,0,0.091597927113374,0.0179945658892393,0.0146106419463952,0.0630835985971821,0.7550009477582739,0.6963698328924738,0.6567809672441783,0.7522123567550856,0.6716095163779109
2359,Healthy,0,0.1417188346385955,0.0190742241425646,0.0199572429474857,0.1166706970996326,0.5145843143886577,0.5249322306604969,0.4745036704233529,0.5842799925287062,0.7627481647883235
2360,Healthy,0,0.1835735042889913,0.0262365570912758,0.0277684767627053,0.1267097708251741,0.5786044379180447,0.5929922264807386,0.5001963570035614,0.7190261980906639,0.7499018214982195
2361,Unhealthy,1,0.1893213681048817,0.0221166583812899,0.0222357959590024,0.0885570719838142,0.5492915526582663,0.5505673739805418,0.41840455567695845,0.8027879906666534,0.7907977221615208
2362,Healthy,0,0.1412231797973314,0.0227575035144885,0.0274655245658424,0.0882374205523067,0.6620951940119865,0.7182834170489378,0.5551264467221089,0.949518598261996,0.7224367766389457
2363,Healthy,0,0.1877550499306784,0.0197780208869112,0.0158765246677729,0.0861232603589693,0.504807995848679,0.46075296862980186,0.38120229819747653,0.6226101227021373,0.8093988509012618
2364,Healthy,0,0.2120210710499021,0.0297843588309155,0.0340634820361932,0.1372562299172083,0.5827985593362874,0.618193708411287,0.49269958653278845,0.795319619623418,0.7536502067336056
2365,Healthy,0,0.1483669322397973,0.0214621339821153,0.0174664553875724,0.0940831792023446,0.6016555242768523,0.5533978123770068,0.5054996640933328,0.6263204878001886,0.7472501679533335
2366,Healthy,0,0.1771916680865817,0.0197186846699979,0.0179390373329321,0.1294933632016182,0.45576211500230956,0.43744462914358706,0.40056166461443743,0.4867054261584284,0.7997191676927813
2367,Unhealthy,1,0.2138322293758392,0.0260780499213271,0.0296682241476244,0.1445699234803517,0.5081481080923445,0.538418310390228,0.4347967081314656,0.6810959494581036,0.7826016459342673
2368,Healthy,0,0.1186351651946703,0.0153332337116201,0.0179874773861633,0.0832785285181469,0.5274132973929893,0.5665958791123541,0.4578164354220744,0.7105040719453396,0.7710917822889628
2369,Healthy,0,0.1891033914354112,0.030701352076398,0.0346863530576229,0.137759420606825,0.632584678181437,0.6667953491022579,0.558702266127365,0.8045741526867927,0.7206488669363177
2370,Healthy,0,0.1762451165252261,0.0240807475315199,0.0242779892351892,0.1039080950948927,0.5867723142785467,0.5888216487001676,0.4808315220784189,0.7575857976181835,0.7595842389607906
2371,Healthy,0,0.2551330626010895,0.0268036085698339,0.0248335368103451,0.1473780075709025,0.4701167976020104,0.45480434458954383,0.38027842860617844,0.5768146821880372,0.8098607856969108
2372,Healthy,0,0.2980288598272536,0.0352873379985491,0.0302102638201581,0.2418282843298382,0.4624573861780117,0.43278822709569165,0.4234698250937199,0.44420563226209836,0.7882650874531401
2373,Healthy,0,0.1930968720051977,0.025524558706416,0.0254827400462494,0.1402466429604424,0.5312184793653294,0.5308410642788352,0.46700927028669514,0.6150445885681107,0.7664953648566524
2374,Healthy,0,0.1974810891681247,0.0280268374416563,0.0301843529774083,0.1431717756721708,0.5651903285725122,0.583769729575787,0.4971326349898813,0.6964703979614761,0.7514336825050594
2375,Healthy,0,0.1211418824063407,0.0185594627012809,0.0179976684351762,0.0858563383420308,0.6082149654430554,0.6003913419031593,0.5314039800256257,0.6931911052323954,0.7342980099871871
2376,Healthy,0,0.1223220013909869,0.0240979285703765,0.0240489912943707,0.0987160913646221,0.7160442753865975,0.7154472590589727,0.6583237289277587,0.7835775702174892,0.6708381355361207
2377,Healthy,0,0.1465787539879481,0.0236697298371129,0.0222050719377067,0.0906417916218439,0.6654408039805388,0.6481887067185795,0.5561219531666374,0.7870868976695601,0.7219390234166813
2378,Healthy,0,0.18561442858643,0.0229705340332455,0.0223443230821026,0.1040398213598463,0.5475769845483152,0.5411228218966653,0.4405022058110477,0.707187540993035,0.7797488970944761
2379,Healthy,0,0.1937033947971132,0.0216496090094248,0.0264273699786927,0.0842821672558784,0.5390758691920312,0.589788435489817,0.40212318615019066,0.9548362549000073,0.7989384069249046
2380,Healthy,0,0.1078141952554384,0.0184341106149885,0.0162506114898456,0.0850584482153256,0.6419096798995915,0.6096875311787928,0.5840588667829913,0.6416252026082562,0.7079705666085042
2381,Healthy,0,0.1223660368058416,0.0167630393471982,0.0159410087184773,0.0933494145671526,0.538049636998,0.5265938968490603,0.4819420874687365,0.5834366173810331,0.7590289562656318
2382,Healthy,0,0.163710447649161,0.031526247660319,0.0303425710234377,0.1063261139723989,0.7571848309814599,0.7456199550226532,0.6459082420002055,0.8880621343320027,0.6770458789998972
2383,Healthy,0,0.1309280345837275,0.0249251615669992,0.0218122334529956,0.1235577969087494,0.6552008018262807,0.6206346776258265,0.6397087049249578,0.600185152296305,0.6801456475375212
2384,Healthy,0,0.0867398679256439,0.0145472560284866,0.0181870748185449,0.0640539026094807,0.646946241027736,0.7134456380359888,0.5744957684877916,0.8845748378640848,0.7127521157561043
2385,Healthy,0,0.088170439004898,0.0167151213520103,0.0202201932875646,0.0604968431095282,0.7343371138592008,0.7960085749991788,0.6374612976326386,1.0020285278111563,0.6812693511836808
2386,Healthy,0,0.1805023401975631,0.023638727557328,0.0236470767607291,0.1094916098647647,0.5607051696522815,0.5607903077956831,0.4631841660730538,0.7104494526747446,0.768407916963473
2387,Healthy,0,0.1662277181943257,0.0221301726996898,0.0210814569145441,0.0952694858941766,0.5790253810381715,0.5672514195159793,0.4699600870375411,0.7247541414151398,0.7650199564812293
2388,Healthy,0,0.1028750853406058,0.019216682554947,0.0157984168165259,0.0836961376998159,0.683245891576546,0.6320805181537381,0.6295815970618596,0.6351469944591205,0.6852092014690702
2389,Healthy,0,0.1425611186358663,0.0189144305056995,0.0155506382385889,0.1009433749649259,0.537851063746705,0.49595457075983485,0.46853980323961486,0.5339549324795589,0.7657300983801927
2390,Healthy,0,0.1004691670338312,0.0168502018269565,0.0159511257790856,0.0916184915436638,0.5970272001249345,0.5834225706237508,0.5745070738302764,0.5931461383273758,0.7127464630848618
2391,Healthy,0,0.1906638791163762,0.0255708580629693,0.0255332657446463,0.1084562167525291,0.5840398738837271,0.5836732120333326,0.47302035549932536,0.7622468650159779,0.7634898222503373
2392,Healthy,0,0.1226588570409351,0.038446874047319,0.0305589389883809,0.1061111092567443,1.0062528782326496,0.926949978136985,0.9545749561511927,0.8943858403729185,0.5227125219244037
2393,Healthy,0,0.108794130384922,0.0165060868279801,0.0160127001711063,0.0926969175537427,0.5630997038160415,0.5558533385186434,0.5269292326902839,0.5891916651435744,0.736535383654858
2394,Unhealthy,1,0.11807305779722,0.0146624060968557,0.0182334991792837,0.0901877557237943,0.49371357556660184,0.5456353103528404,0.44185346302195333,0.6726909477512814,0.7790732684890233
2395,Healthy,0,0.1282549682590696,0.0144642304836048,0.0177735954316125,0.0906895159019364,0.4668272441309957,0.513377329883374,0.40538990159786703,0.6554706097985563,0.7973050492010665
2396,Healthy,0,0.1295674526029163,0.0167724282170335,0.0187376143617762,0.0967323987020386,0.5163831386207515,0.5425317134053773,0.45845132914026526,0.6490902309475208,0.7707743354298673
2397,Healthy,0,0.1700402556194199,0.0213436517450544,0.0165324496726195,0.0940411471658282,0.5566057112982377,0.5017408196912415,0.4460908346783251,0.5980613869972611,0.7769545826608375
2398,Unhealthy,1,0.1112501016921467,0.0147660564010341,0.0192753080692556,0.0809639890988667,0.5327191595354029,0.60182176701066,0.46870358926878425,0.7691717166343204,0.7656482053656078
2399,Healthy,0,0.1351746560798751,0.0233143905384673,0.02092230030232,0.0845367850528823,0.7002889866213801,0.6703846018538384,0.5884164498663609,0.7935703304025632,0.7057917750668197
2400,Healthy,0,0.1667631549967659,0.025576133487953,0.0266111669027143,0.1422722695602311,0.5680623539156474,0.5778960933117201,0.5318961859419583,0.6302848274538289,0.734051907029021
2401,Healthy,0,0.2963879555463791,0.034569051530626,0.0315894310673077,0.2370662490526835,0.45893784027675055,0.441341445973761,0.4178071567172793,0.47033334345581285,0.7910964216413603
2402,Healthy,0,0.1213704993327458,0.0197882548802428,0.0179414950932065,0.0853486599193679,0.642747960922708,0.6173846321176998,0.5607375891228148,0.6947998128581501,0.7196312054385926
2403,Healthy,0,0.139556293686231,0.0183032129166854,0.0171156230693062,0.0989121082756254,0.5323122602933565,0.5172761790782797,0.46378487581937633,0.5900528389518962,0.7681075620903117
2404,Healthy,0,0.1799733009603288,0.0213286677996317,0.0227179527282714,0.1042739335033628,0.5219545947742301,0.5366731037841793,0.42381439051030345,0.7155717865890636,0.7880928047448483
2405,Healthy,0,0.1867630092634095,0.0285874234719408,0.0297641497519281,0.1160715015398131,0.6352595643810484,0.6462217212055392,0.5309935644675045,0.8163751315481983,0.7345032177662478
2406,Healthy,0,0.1585804041888978,0.0193684376362297,0.0145232451872693,0.0668569008509318,0.5865353718772556,0.5227596514024968,0.4353709175643481,0.7138470938821793,0.782314541217826
2407,Healthy,0,0.1315308825837241,0.018430264873637,0.0170506678728593,0.1221753292613559,0.5074294400697364,0.49076777318862624,0.49160106297205636,0.48987023181948686,0.7541994685139719
2408,Healthy,0,0.2963880151510238,0.0357487466600206,0.0290515039943986,0.3164798518021901,0.4178907786419435,0.3824895931842452,0.43053044131692214,0.33631105839784875,0.784734779341539
2409,Healthy,0,0.2108786420689689,0.0213018786162138,0.0182824761917193,0.209629068771998,0.36797842566641603,0.3441429032435455,0.3669882133669148,0.3208696811673986,0.8165058933165427
2410,Healthy,0,0.1509488721688588,0.0368998135543531,0.0365672515084346,0.1154640118281046,0.8676885734608876,0.864623703352058,0.7857348250756168,0.9620982081162782,0.6071325874621917
2411,Healthy,0,0.187097054388788,0.0205580852925777,0.0209289431158039,0.1029777791765001,0.4965855964672082,0.5005042276144077,0.3960043623119147,0.6756354370001384,0.8019978188440428
2412,Healthy,0,0.1202533576223585,0.0166404676727122,0.0193648259672853,0.0779910629822148,0.5749855813220225,0.6148189978563783,0.4862298978597216,0.7956303897478709,0.7568850510701391
2413,Healthy,0,0.1631899575392405,0.0194901112053129,0.0205871489726834,0.0977017200655407,0.5199583209847011,0.5326431421560429,0.4267594453901035,0.696165214531921,0.7866202773049481
2414,Healthy,0,0.225020600689782,0.0263803659213913,0.0224161485417021,0.1300469777650303,0.5174798365938132,0.4832963892436198,0.4197337230161445,0.5881067530152636,0.7901331384919279
2415,Healthy,0,0.1678978709710968,0.0260332048767142,0.0248307972732517,0.1135045530067549,0.624543039549959,0.6123279169999478,0.5369578807915029,0.7179884887844307,0.7315210596042485
2416,Unhealthy,1,0.2385078039434221,0.02596458627118,0.0294230890770753,0.1456360552046034,0.4763346390953158,0.5040609922264767,0.39270014159302497,0.6723005347205883,0.8036499292034874
2417,Healthy,0,0.144541225499577,0.0268809882303078,0.0247927119748459,0.1090702654586898,0.6996306729018983,0.6770547894344805,0.6272463211253354,0.7408385036753191,0.6863768394373323
2418,Healthy,0,0.1284098799029986,0.0262287724763155,0.0269308706952465,0.0974294344584147,0.7539796903483591,0.7621482695365122,0.6784532087612554,0.8662207980905279,0.6607733956193723
2419,Healthy,0,0.1582253658109241,0.0209148929764827,0.0163861068172587,0.1166175024376975,0.5283662532646405,0.47799753399197387,0.46700597884707257,0.4928018693341766,0.7664970105764638
2420,Healthy,0,0.1818781826231214,0.0197597940762837,0.020611905803283,0.0945910347832573,0.500265673433108,0.5096778563247459,0.3919855654124305,0.7156729055123159,0.8040072172937848
2421,Healthy,0,0.1559496290153927,0.0222971824308236,0.0222689002338382,0.1003347519371244,0.5928549687479834,0.5925346715951283,0.5003664806099826,0.7265330139688075,0.7498167596950087
2422,Healthy,0,0.2416745159361097,0.0272105089906189,0.0297208028948969,0.1558386319213443,0.481672084961704,0.5011068848124208,0.4047902481446676,0.6406745725288352,0.7976048759276662
2423,Healthy,0,0.1507309865620401,0.0408086511823866,0.0367088115049733,0.1126918047666549,0.9461776049398083,0.9094550939556654,0.8522236266696506,0.9828289178735993,0.5738881866651747
2424,Healthy,0,0.1157552922765414,0.019626963780158,0.0209218627876705,0.0815874810020129,0.6636428559001615,0.6818034196081355,0.5798976720239627,0.8163885169568744,0.7100511639880186
2425,Healthy,0,0.2059703585174348,0.0233119525429275,0.0273302996324168,0.1088232356641027,0.5160115952366832,0.5543216701941983,0.4066943051143661,0.8029258901840779,0.7966528474428168
2426,Healthy,0,0.0970303846730126,0.024127968483501,0.022354286784927,0.0703184472190009,0.8952665977171715,0.8695135190245091,0.7965763104202066,0.964870067779786,0.6017118447898967
2427,Healthy,0,0.2200304998291863,0.0280131006406413,0.0309317871514293,0.1367004977332221,0.5429458426235655,0.5672197004337044,0.45174478337809576,0.738086632243034,0.7741276083109521
2428,Healthy,0,0.1516414317819807,0.0366010572761297,0.0281247229625781,0.1158085424039098,0.859552804427721,0.7794160696746472,0.7777427393627582,0.7816045273749872,0.611128630318621
2429,Healthy,0,0.1261762984924846,0.01781593532198,0.0155580860252181,0.0959056516488393,0.5530455531703431,0.5225796234510438,0.49491378389020635,0.5583191933043947,0.7525431080548968
2430,Healthy,0,0.1546766890419854,0.027484503471189,0.0334667987707588,0.1197754748993449,0.6674617395708676,0.7269012802466571,0.6035204994433981,0.8735657066223208,0.698239750278301
2431,Healthy,0,0.1124612407551871,0.0185206292404068,0.0155599350109696,0.1069879415962431,0.5776629859674223,0.5376972873288728,0.565593673110021,0.5078810157059482,0.7172031634449896
2432,Healthy,0,0.2615050193336274,0.0241915546357631,0.0262598875496122,0.1348795145750045,0.43513155701327016,0.4516327680362166,0.33870276145985534,0.6518551565508277,0.8306486192700723
2433,Healthy,0,0.1546989091568523,0.0195512763328022,0.0175121674935023,0.1335493425528208,0.4778060984481581,0.45572839015504124,0.4488093089338602,0.4637095839471533,0.7755953455330697
2434,Healthy,0,0.1397759376300705,0.017766658630636,0.0180637067597773,0.0851205177605152,0.545764286463098,0.5496997245328972,0.45109472745352414,0.7002507154075608,0.7744526362732378
2435,Healthy,0,0.1895344828565915,0.0347901611692375,0.0286561441090371,0.1209066957235336,0.7323830064381434,0.6787743159897085,0.6203537969770583,0.766397432440209,0.6898231015114709
2436,Healthy,0,0.2597870942619111,0.0296408058040671,0.0320952344271871,0.1140637182527118,0.5474687029325958,0.5669228980817859,0.40964683497769444,0.8783652000429564,0.7951765825111528
2437,Healthy,0,0.1110800968276129,0.0210276268836524,0.0192245170474052,0.1040267050266265,0.6541439974985415,0.6305186420201023,0.6366812262880371,0.6239132310057862,0.6816593868559814
2438,Healthy,0,0.162482609351476,0.0250798993640475,0.0277804314262337,0.0963115269939104,0.6494145959482928,0.678447914141662,0.5348595417240072,0.89547886196384,0.7325702291379964
2439,Healthy,0,0.1776804957124922,0.0208005762348572,0.0158893725731306,0.0982068437669012,0.5241280049468112,0.46951522305427823,0.41919516114614536,0.557051691382185,0.7904024194269272
2440,Healthy,0,0.0934410641590754,0.0208254104687107,0.0194099721395307,0.0761979218158457,0.7885060154312322,0.7668470024208445,0.7290120934087732,0.8120656710036944,0.6354939532956134
2441,Healthy,0,0.1140099325113826,0.0177474310621619,0.0155843175533745,0.0811729091737005,0.6154883898731845,0.5834506859572903,0.5387913231052355,0.6442647471628549,0.7306043384473822
2442,Healthy,0,0.1212521601054403,0.0170895378622743,0.0156290088262822,0.1058293175366189,0.5232948531129781,0.5037497093829308,0.4941254332807903,0.5147118124972291,0.7529372833596049
2443,Healthy,0,0.1085143304533428,0.0168339764285418,0.0163966874695486,0.1126194306545787,0.5285357360148311,0.5225677906382545,0.5371903888388191,0.5083608996442828,0.7314048055805906
2444,Healthy,0,0.1581264105108049,0.0212309861348734,0.015114324995213,0.1064358337057961,0.5532068154843405,0.48314255304372855,0.47349006022462187,0.4973856112320328,0.7632549698876891
2445,Healthy,0,0.1161313230792681,0.0176397427502605,0.0150175409184561,0.0955498872531784,0.571418628078087,0.534623638444152,0.5274606325627916,0.5432898699658377,0.7362696837186041
2446,Healthy,0,0.259155864516894,0.0220689607991112,0.0208261130998532,0.1076172209448284,0.4296591801132594,0.41882751118275713,0.3138977616832066,0.6485696826464632,0.8430511191583967
2447,Healthy,0,0.1792478784918785,0.0311993699934747,0.0318564128958516,0.1795363045401043,0.5926046530062623,0.5979118906062956,0.5930107467410509,0.6027911137573205,0.7034946266294746
2448,Healthy,0,0.1403022093905342,0.0199954758087794,0.0180325313574737,0.1011237758729192,0.5684228115163893,0.5443186813774882,0.4989585665923271,0.6053403894972063,0.7505207167038365
2449,Healthy,0,0.13270356423325,0.0184735589557223,0.0165062332525849,0.0861790618962711,0.5776829125158849,0.5511614115604574,0.48879244600071514,0.6429833299366543,0.7556037769996423
2450,Healthy,0,0.2389308214187622,0.021301573763291,0.0203611207091146,0.1235585792197121,0.4206756971419105,0.41234668805540015,0.3274238589455991,0.5659022557491125,0.8362880705272004
2451,Healthy,0,0.1355049320393138,0.0200839681136939,0.017825745149619,0.0896212872531679,0.6056362025567408,0.5764948217524855,0.516334213917397,0.6636105158417255,0.7418328930413015
2452,Healthy,0,0.1389675148659282,0.0212947155038515,0.0196398041314548,0.0867359389861424,0.6349692207449015,0.6140838695992296,0.5314967963372859,0.7385068646615502,0.734251601831357
2453,Healthy,0,0.1697823968198564,0.0191977330380015,0.0149773174068994,0.0961072138614124,0.5047301890080014,0.455569147218321,0.4063439484868837,0.5393124402073022,0.7968280257565583
2454,Healthy,0,0.1988176802794138,0.0260633323341608,0.0266854138010078,0.1101205224792162,0.5774770061655754,0.583363555654944,0.46359329373790853,0.7802413996523428,0.7682033531310457
2455,Healthy,0,0.1311152519451247,0.0189690126313103,0.0137441934396823,0.060150238374869,0.6620845263422007,0.5842199565959988,0.5055563335661948,0.7439907501650641,0.7472218332169026
2456,Healthy,0,0.0902459902895821,0.0181180147661103,0.0152624894140495,0.076388315608104,0.7144667938845191,0.6675606504771938,0.6687835045151296,0.666114799989386,0.6656082477424351
2457,Healthy,0,0.1800349023607042,0.0300082760966486,0.0333641815102762,0.1266844835546281,0.6546023550658393,0.684937630657225,0.5714687107106691,0.8338509164508451,0.7142656446446654
2458,Healthy,0,0.1776850422223409,0.0316586589647664,0.039562482593788,0.1335158538487222,0.676253549894714,0.7449480892890731,0.6049125679013482,0.9143254645720286,0.6975437160493259
2459,Unhealthy,1,0.1701510879728529,0.025600845615069,0.0240249329557021,0.112483047776752,0.6134954620463179,0.597433231417983,0.5231283317785547,0.7039861794685618,0.7384358341107226
2460,Healthy,0,0.2219242718484666,0.027103294721908,0.0224939557827181,0.2020450068844689,0.45344479344389865,0.4189253035638079,0.4353460959391204,0.4007136314432659,0.7823269520304398
2461,Healthy,0,0.174248875843154,0.0264111978726254,0.0235284200559059,0.100933614704344,0.644165961577854,0.6144106060657301,0.5264863584179675,0.7561637603379531,0.7367568207910163
2462,Healthy,0,0.1093137744400236,0.0187539314437243,0.0173193172862132,0.119034764667352,0.5643326638894153,0.5456925319956124,0.5857505235784571,0.5080689052524653,0.7071247382107714
2463,Healthy,0,0.2478572163316938,0.0330717145568794,0.0339806582778692,0.1531308707263734,0.5663795040489549,0.5730476621624038,0.4708908328134686,0.7264257517151433,0.7645545835932658
2464,Healthy,0,0.1396325851480166,0.0202586525637242,0.0183661442456973,0.1363902572128507,0.5120021008260129,0.4910228713143795,0.5068108260002946,0.4747110703686589,0.7465945869998528
2465,Healthy,0,0.2558923363685608,0.0330268003874354,0.0261096153408288,0.312581201394399,0.41639574897982196,0.3768991578244058,0.45724628362472036,0.3083592946807299,0.7713768581876399
2466,Healthy,0,0.144044076402982,0.0263320735345284,0.0259797566880782,0.1016364643971125,0.7060845955756299,0.7021901942398583,0.6182103197938521,0.8143089167555058,0.6908948401030739
2467,Healthy,0,0.1556157602204216,0.0200423693491352,0.0168284125005205,0.1219085562560293,0.5048311821741885,0.4691012302158916,0.45639491660871545,0.48518899184111025,0.7718025416956423
2468,Healthy,0,0.2212802337275611,0.0290904245856735,0.0316504513223966,0.1544046782784991,0.5363949348153971,0.55671206963619,0.46475772810852223,0.6804531837480545,0.767621135945739
2469,Healthy,0,0.1570249365435706,0.0195296038356092,0.0140558872371912,0.073105637398031,0.5803965876743105,0.5094189627160747,0.4424605290504832,0.6450500858499751,0.7787697354747584
2470,Healthy,0,0.1031059730384084,0.0181455751881003,0.0193582093343138,0.0916792530980375,0.6282104804290012,0.6458124629493078,0.5986092698528763,0.6973577713416366,0.7006953650735619
2471,Healthy,0,0.148084609872765,0.0284738737261957,0.0277544584953122,0.132527593937185,0.674816396191897,0.6677145557832348,0.645086503820954,0.6926404565976217,0.677456748089523
2472,Healthy,0,0.1043033806814087,0.0210158849755922,0.0213809926062822,0.1151047630442513,0.6430811479403749,0.6477626345000018,0.670795024704748,0.6266146237568528,0.664602487647626
2473,Healthy,0,0.1186290283997853,0.0240149253772364,0.0200547805676857,0.129543323483732,0.648608961401594,0.6031945746945596,0.6734228753859717,0.536230875246728,0.663288562307014
2474,Healthy,0,0.2078268229961395,0.0291630081418487,0.034014602502187,0.1546496566798952,0.5544265240221274,0.593699081773459,0.4922237887054054,0.721166852686371,0.7538881056472974
2475,Healthy,0,0.2514413032266829,0.0306673538353708,0.032363807161649,0.1347209405567911,0.5482469319303678,0.561283049361075,0.43483038279998754,0.7747878272213403,0.7825848086000062
2476,Healthy,0,0.120743539598253,0.0176662938255402,0.0153386316572626,0.0872800375024477,0.5807551690686612,0.5477348135848515,0.5105502517714408,0.5978885433951735,0.7447248741142796
2477,Healthy,0,0.1844965335395601,0.0334049539847506,0.034136243785421,0.127372860080666,0.7057149169656501,0.7120644420880125,0.613212041171104,0.8454320646525185,0.693393979414448
2478,Healthy,0,0.1627753923336664,0.0285007591462797,0.0284537503288851,0.129727648364173,0.6523693820443159,0.6519190608068833,0.5960128102905249,0.719522031388734,0.7019935948547376
2479,Healthy,0,0.1288948564065827,0.0197375148741735,0.0182606680318713,0.0861186269256803,0.6204606922410391,0.6007340842576784,0.5311767471405192,0.6997812368553533,0.7344116264297404
2480,Healthy,0,0.1532336995005607,0.0239632996833986,0.0247481463270054,0.0891538403100437,0.6603412359121895,0.669345458185221,0.5409414334047676,0.8691032371846455,0.729529283297616
2481,Healthy,0,0.2305412590503692,0.027476807228393,0.0279694112638632,0.1273773800995614,0.5324030760287644,0.5365353872462092,0.4259671832236292,0.7201799539825814,0.7870164083881854
2482,Healthy,0,0.1619114370809661,0.0197260613656706,0.0150918332445952,0.0921474430296156,0.5376578370057091,0.4821141421827579,0.4344050437683367,0.5629218610541677,0.7827974781158317
2483,Healthy,0,0.1085852401124106,0.0205984545043773,0.0209803860634565,0.1030899335940678,0.6516640123559658,0.6567136270195134,0.6378035421724332,0.6764030630813044,0.6810982289137836
2484,Healthy,0,0.1190378864606221,0.0223278730279869,0.0245111470835076,0.1137143332097265,0.6438999823102276,0.6701071199232369,0.6317759861725509,0.709309080540265,0.6841120069137245
2485,Healthy,0,0.1141527940829594,0.01678603173544,0.0161062643552819,0.1072974403699239,0.5265745582908374,0.5172913239546896,0.5127900492622637,0.5220674497948721,0.743604975368868
2486,Healthy,0,0.1610669907596376,0.0196157675236463,0.0153955413649479,0.1110163778066635,0.5040752574568298,0.45603276720725977,0.4342587573938111,0.48715473875679627,0.7828706213030945
2487,Healthy,0,0.1427851418654123,0.0201501585543155,0.0193761759955022,0.1020271852612495,0.5653950173514248,0.556045868919377,0.4946787713259899,0.6384065744118634,0.752660614337005
2488,Healthy,0,0.1130455392930242,0.0200985732177893,0.02210518428021,0.0875967666506767,0.6676173033689714,0.695152425365645,0.6038141030428803,0.8060087935587028,0.6980929484785598
2489,Healthy,0,0.0936921512087186,0.0182237776203288,0.0155105540114972,0.062700276573499,0.7560165619042621,0.709722960319582,0.6513381182107074,0.7932688552458724,0.6743309408946463
2490,Healthy,0,0.1101817207203971,0.0181088893570833,0.0178373736432857,0.1060029856032795,0.5739686550033198,0.5702792179277252,0.5646208821096582,0.5761408882146934,0.7176895589451708
2491,Healthy,0,0.0983554729157024,0.0174496470847063,0.0204799641958541,0.0747328255739477,0.6711803088489072,0.7189837359656177,0.6027245456727549,0.8603871074618858,0.6986377271636226
2492,Healthy,0,0.1630287418762842,0.0377506990399625,0.0374112992237011,0.125530473060078,0.8295475575277048,0.8265891076562402,0.7520829596434598,0.9183967671235501,0.62395852017827
2493,Healthy,0,0.1296159285638067,0.0179539673651258,0.018938238835997,0.0859680494500531,0.5711187185058677,0.5844861180206876,0.48665663825560107,0.722101187465816,0.7566716808721994
2494,Healthy,0,0.0921081544624434,0.0184085656785302,0.0137540717712707,0.0558192709253893,0.7971467632012522,0.7143678433562041,0.666272602192627,0.7907667642900815,0.6668636989036864
2495,Healthy,0,0.172146921356519,0.0346348867234256,0.0334226058589087,0.1160017682446373,0.7752232255281907,0.7642483032175585,0.6699793767164526,0.8947029173633473,0.6650103116417737
2496,Healthy,0,0.202228178580602,0.0280867177579138,0.031723640859127,0.1339106087883313,0.5727421399493654,0.604222630339094,0.487796806970437,0.7661130696495128,0.7561015965147815
2497,Healthy,0,0.1214740027983983,0.0234598405659198,0.0159451712129844,0.1102725639939308,0.6734892579399495,0.5812986520165472,0.6474634225202774,0.5053226850202838,0.6762682887398612
2498,Healthy,0,0.1578220600883166,0.0278719777448309,0.0273561361763212,0.1206080019474029,0.6672446398131825,0.6620921398106646,0.6003849788623765,0.7395342283127185,0.6998075105688116
2499,Healthy,0,0.1486543681886461,0.0221558774097098,0.0233108941465616,0.0932155574361483,0.619351381970201,0.6329406859941794,0.5188418840356274,0.8001923625045989,0.7405790579821863
2500,Healthy,0,0.1265702611870235,0.0173858413472771,0.0187388006597757,0.0830449072851075,0.5691252623217116,0.588014484696005,0.48308730345445555,0.7364165066544021,0.7584563482727722
2501,Healthy,0,0.1091202803783946,0.0184091358549065,0.0156114282500412,0.0546179910500844,0.734322024775333,0.6881222578638675,0.5774082999401173,0.8891674404041828,0.7112958500299412
2502,Healthy,0,0.1197796886165936,0.0186122373367349,0.0199677673065,0.0794062577188015,0.6298279832947629,0.6490417065091444,0.5379573182040033,0.8037419155122691,0.7310213408979984
2503,Healthy,0,0.1028578529755274,0.0180003611991802,0.020855253872772,0.0696391330824958,0.6906689318533498,0.7353704636557974,0.5957513544974156,0.9218363513786085,0.7021243227512921
2504,Healthy,0,0.105342815319697,0.0156876805962787,0.0184266191596786,0.0677478483153714,0.6138009719513696,0.6585614397967618,0.5184703401420325,0.8553168797945233,0.7407648299289837
2505,Healthy,0,0.1245244584149784,0.0206881606330474,0.0177480955090787,0.106529150572088,0.6075150586816213,0.5705039204157069,0.569872254041648,0.5712419954168357,0.7150638729791761
2506,Healthy,0,0.1136895351939731,0.0220637799551089,0.0242916999591721,0.0915004938013023,0.707973474377612,0.7371307103073454,0.6501139196749288,0.8391481038668793,0.6749430401625355
2507,Healthy,0,0.1090839364462428,0.0172063858351773,0.0204285036565528,0.0767840076651838,0.6248894107361672,0.6735465297688924,0.5449787608217613,0.8405709667942715,0.7275106195891194
2508,Unhealthy,1,0.1207169319192568,0.0182009716000821,0.0211496866411632,0.0933625275890032,0.5813117110740282,0.6210888996254212,0.5240784992856827,0.7387748733476732,0.7379607503571587
2509,Healthy,0,0.1339251498381296,0.0176103661457697,0.0179320268539918,0.0888675476113955,0.5460294423726084,0.5503300838913912,0.46485118769492456,0.6716141686427186,0.7675744061525378
2510,Healthy,0,0.1957638131247626,0.0305176667041248,0.0314886191238959,0.1545044879118601,0.5935793248277778,0.6016018236736808,0.5394637992857756,0.6771997011231694,0.7302681003571121
2511,Healthy,0,0.1353750609689288,0.0197198385786679,0.022544983567463,0.0883462346262402,0.5994760810437901,0.6355944062800749,0.5085876746737535,0.8132288177439533,0.7457061626631232
