stage,cv,estate,model,feature_set,repeat,n,n_pos,n_neg,pos_rate,pr_auc,pr_auc_lift,roc_auc,precision_at_1pct,recall_at_1pct,enrichment_at_1pct,precision_at_5pct,recall_at_5pct,enrichment_at_5pct,precision_at_10pct,recall_at_10pct,enrichment_at_10pct,precision_at_20pct,recall_at_20pct,enrichment_at_20pct
healthy_only,spatial_5fold_repeated,AHCensus_Basemap,ocsvm_nu05,all14,0,2511,160,2351,0.06371963361210672,0.0682729854364187,0.004553351824311977,0.5177424500212675,0.038461538461538464,0.00625,0.6036057692307694,0.0873015873015873,0.06875,1.3700892857142857,0.07936507936507936,0.125,1.2455357142857144,0.0775347912524851,0.24375,1.216811630218688
healthy_only,spatial_5fold_repeated,AHCensus_Basemap,ocsvm_nu10,all14,0,2511,160,2351,0.06371963361210672,0.06897215631026075,0.00525252269815403,0.5230380689068481,0.038461538461538464,0.00625,0.6036057692307694,0.07936507936507936,0.0625,1.2455357142857144,0.07142857142857142,0.1125,1.120982142857143,0.06958250497017893,0.21875,1.0920104373757455
healthy_only,spatial_5fold_repeated,AHCensus_Basemap,ocsvm_nu20,all14,0,2511,160,2351,0.06371963361210672,0.06831995621667955,0.004600322604572826,0.5214403445342408,0.038461538461538464,0.00625,0.6036057692307694,0.07142857142857142,0.05625,1.120982142857143,0.07936507936507936,0.125,1.2455357142857144,0.061630218687872766,0.19375,0.9672092445328033
healthy_only,spatial_5fold_repeated,AHCensus_Basemap,isolation_forest,all14,0,2511,160,2351,0.06371963361210672,0.06748389379609919,0.0037642601839924655,0.514039238621863,0.038461538461538464,0.00625,0.6036057692307694,0.07142857142857142,0.05625,1.120982142857143,0.07936507936507936,0.125,1.2455357142857144,0.06759443339960239,0.2125,1.06081013916501
healthy_only,spatial_5fold_repeated,AHCensus_Basemap,lof_25,all14,0,2511,160,2351,0.06371963361210672,0.06551937461297316,0.0017997410008664394,0.4989552318162484,0.11538461538461539,0.01875,1.810817307692308,0.03968253968253968,0.03125,0.6227678571428572,0.06746031746031746,0.10625,1.0587053571428573,0.05964214711729622,0.1875,0.9360089463220677
healthy_only,spatial_5fold_repeated,AHCensus_Basemap,gmm_4,all14,0,2511,160,2351,0.06371963361210672,0.06359457917254123,-0.00012505443956549456,0.4859846873670778,0.038461538461538464,0.00625,0.6036057692307694,0.07142857142857142,0.05625,1.120982142857143,0.05952380952380952,0.09375,0.9341517857142857,0.06560636182902585,0.20625,1.0296098409542744
healthy_only,spatial_5fold_repeated,AHCensus_Basemap,gmm_8,all14,0,2511,160,2351,0.06371963361210672,0.06664538053768806,0.0029257469255813406,0.4901238834538494,0.11538461538461539,0.01875,1.810817307692308,0.07936507936507936,0.0625,1.2455357142857144,0.07539682539682539,0.11875,1.1832589285714286,0.06560636182902585,0.20625,1.0296098409542744
healthy_only,spatial_5fold_repeated,AHCensus_Basemap,pca_recon_10,all14,0,2511,160,2351,0.06371963361210672,0.07212031098547447,0.008400677373367749,0.5189679923436835,0.07692307692307693,0.0125,1.2072115384615387,0.07936507936507936,0.0625,1.2455357142857144,0.08333333333333333,0.13125,1.3078125,0.07952286282306163,0.25,1.2480119284294235
healthy_only,spatial_5fold_repeated,AHCensus_Basemap,knn_dist_20,all14,0,2511,160,2351,0.06371963361210672,0.06047462730503882,-0.0032450063070679075,0.4749946831135687,0.038461538461538464,0.00625,0.6036057692307694,0.06349206349206349,0.05,0.9964285714285714,0.047619047619047616,0.075,0.7473214285714286,0.05765407554671968,0.18125,0.9048086481113321
healthy_only,spatial_5fold_repeated,AHCensus_Basemap,mahalanobis,all14,0,2511,160,2351,0.06371963361210672,0.0640981321205158,0.00037849850840906973,0.49970491280306256,0.038461538461538464,0.00625,0.6036057692307694,0.07142857142857142,0.05625,1.120982142857143,0.06349206349206349,0.1,0.9964285714285714,0.055666003976143144,0.175,0.8736083499005965
healthy_only,spatial_5fold_repeated,AHCensus_Basemap,kmeans_dist_8,all14,0,2511,160,2351,0.06371963361210672,0.0663087499372842,0.0025891163251774707,0.5130848575074436,0.0,0.0,0.0,0.06349206349206349,0.05,0.9964285714285714,0.06746031746031746,0.10625,1.0587053571428573,0.06759443339960239,0.2125,1.06081013916501
healthy_only,spatial_5fold_repeated,AHCensus_Basemap,autoencoder,all14,0,2511,160,2351,0.06371963361210672,0.06291717394002456,-0.0008024596720821592,0.4864100382815823,0.11538461538461539,0.01875,1.810817307692308,0.05555555555555555,0.04375,0.8718750000000001,0.05555555555555555,0.0875,0.8718750000000001,0.055666003976143144,0.175,0.8736083499005965
healthy_only,spatial_5fold_repeated,AHCensus_Basemap,ocsvm_nu05,all14,1,2511,160,2351,0.06371963361210672,0.0682729854364187,0.004553351824311977,0.5177424500212675,0.038461538461538464,0.00625,0.6036057692307694,0.0873015873015873,0.06875,1.3700892857142857,0.07936507936507936,0.125,1.2455357142857144,0.0775347912524851,0.24375,1.216811630218688
healthy_only,spatial_5fold_repeated,AHCensus_Basemap,ocsvm_nu10,all14,1,2511,160,2351,0.06371963361210672,0.06897215631026075,0.00525252269815403,0.5230380689068481,0.038461538461538464,0.00625,0.6036057692307694,0.07936507936507936,0.0625,1.2455357142857144,0.07142857142857142,0.1125,1.120982142857143,0.06958250497017893,0.21875,1.0920104373757455
healthy_only,spatial_5fold_repeated,AHCensus_Basemap,ocsvm_nu20,all14,1,2511,160,2351,0.06371963361210672,0.06831995621667955,0.004600322604572826,0.5214403445342408,0.038461538461538464,0.00625,0.6036057692307694,0.07142857142857142,0.05625,1.120982142857143,0.07936507936507936,0.125,1.2455357142857144,0.061630218687872766,0.19375,0.9672092445328033
healthy_only,spatial_5fold_repeated,AHCensus_Basemap,isolation_forest,all14,1,2511,160,2351,0.06371963361210672,0.06768206532452281,0.003962431712416087,0.5167269247128882,0.07692307692307693,0.0125,1.2072115384615387,0.06349206349206349,0.05,0.9964285714285714,0.08333333333333333,0.13125,1.3078125,0.06958250497017893,0.21875,1.0920104373757455
healthy_only,spatial_5fold_repeated,AHCensus_Basemap,lof_25,all14,1,2511,160,2351,0.06371963361210672,0.06551937461297316,0.0017997410008664394,0.4989552318162484,0.11538461538461539,0.01875,1.810817307692308,0.03968253968253968,0.03125,0.6227678571428572,0.06746031746031746,0.10625,1.0587053571428573,0.05964214711729622,0.1875,0.9360089463220677
healthy_only,spatial_5fold_repeated,AHCensus_Basemap,gmm_4,all14,1,2511,160,2351,0.06371963361210672,0.06388498420066997,0.00016535058856324836,0.48740695448745214,0.038461538461538464,0.00625,0.6036057692307694,0.07142857142857142,0.05625,1.120982142857143,0.05555555555555555,0.0875,0.8718750000000001,0.06958250497017893,0.21875,1.0920104373757455
healthy_only,spatial_5fold_repeated,AHCensus_Basemap,gmm_8,all14,1,2511,160,2351,0.06371963361210672,0.06548684376759902,0.0017672101554922909,0.48755848575074434,0.07692307692307693,0.0125,1.2072115384615387,0.07936507936507936,0.0625,1.2455357142857144,0.07142857142857142,0.1125,1.120982142857143,0.07157057654075547,0.225,1.123210735586481
healthy_only,spatial_5fold_repeated,AHCensus_Basemap,pca_recon_10,all14,1,2511,160,2351,0.06371963361210672,0.07212031098547447,0.008400677373367749,0.5189679923436835,0.07692307692307693,0.0125,1.2072115384615387,0.07936507936507936,0.0625,1.2455357142857144,0.08333333333333333,0.13125,1.3078125,0.07952286282306163,0.25,1.2480119284294235
healthy_only,spatial_5fold_repeated,AHCensus_Basemap,knn_dist_20,all14,1,2511,160,2351,0.06371963361210672,0.06047462730503882,-0.0032450063070679075,0.4749946831135687,0.038461538461538464,0.00625,0.6036057692307694,0.06349206349206349,0.05,0.9964285714285714,0.047619047619047616,0.075,0.7473214285714286,0.05765407554671968,0.18125,0.9048086481113321
healthy_only,spatial_5fold_repeated,AHCensus_Basemap,mahalanobis,all14,1,2511,160,2351,0.06371963361210672,0.0640981321205158,0.00037849850840906973,0.49970491280306256,0.038461538461538464,0.00625,0.6036057692307694,0.07142857142857142,0.05625,1.120982142857143,0.06349206349206349,0.1,0.9964285714285714,0.055666003976143144,0.175,0.8736083499005965
healthy_only,spatial_5fold_repeated,AHCensus_Basemap,kmeans_dist_8,all14,1,2511,160,2351,0.06371963361210672,0.06623795191696559,0.002518318304858866,0.5097750957039557,0.0,0.0,0.0,0.07142857142857142,0.05625,1.120982142857143,0.06349206349206349,0.1,0.9964285714285714,0.06759443339960239,0.2125,1.06081013916501
healthy_only,spatial_5fold_repeated,AHCensus_Basemap,autoencoder,all14,1,2511,160,2351,0.06371963361210672,0.06189537646509486,-0.0018242571470118638,0.49383507018290096,0.038461538461538464,0.00625,0.6036057692307694,0.03968253968253968,0.03125,0.6227678571428572,0.06349206349206349,0.1,0.9964285714285714,0.05964214711729622,0.1875,0.9360089463220677
healthy_only,spatial_5fold_repeated,AHCensus_Basemap,ocsvm_nu05,all14,2,2511,160,2351,0.06371963361210672,0.0682729854364187,0.004553351824311977,0.5177424500212675,0.038461538461538464,0.00625,0.6036057692307694,0.0873015873015873,0.06875,1.3700892857142857,0.07936507936507936,0.125,1.2455357142857144,0.0775347912524851,0.24375,1.216811630218688
healthy_only,spatial_5fold_repeated,AHCensus_Basemap,ocsvm_nu10,all14,2,2511,160,2351,0.06371963361210672,0.06897215631026075,0.00525252269815403,0.5230380689068481,0.038461538461538464,0.00625,0.6036057692307694,0.07936507936507936,0.0625,1.2455357142857144,0.07142857142857142,0.1125,1.120982142857143,0.06958250497017893,0.21875,1.0920104373757455
healthy_only,spatial_5fold_repeated,AHCensus_Basemap,ocsvm_nu20,all14,2,2511,160,2351,0.06371963361210672,0.06831995621667955,0.004600322604572826,0.5214403445342408,0.038461538461538464,0.00625,0.6036057692307694,0.07142857142857142,0.05625,1.120982142857143,0.07936507936507936,0.125,1.2455357142857144,0.061630218687872766,0.19375,0.9672092445328033
healthy_only,spatial_5fold_repeated,AHCensus_Basemap,isolation_forest,all14,2,2511,160,2351,0.06371963361210672,0.06665718791526398,0.002937554303157258,0.5126674819225862,0.038461538461538464,0.00625,0.6036057692307694,0.07936507936507936,0.0625,1.2455357142857144,0.07539682539682539,0.11875,1.1832589285714286,0.06958250497017893,0.21875,1.0920104373757455
healthy_only,spatial_5fold_repeated,AHCensus_Basemap,lof_25,all14,2,2511,160,2351,0.06371963361210672,0.06551937461297316,0.0017997410008664394,0.4989552318162484,0.11538461538461539,0.01875,1.810817307692308,0.03968253968253968,0.03125,0.6227678571428572,0.06746031746031746,0.10625,1.0587053571428573,0.05964214711729622,0.1875,0.9360089463220677
healthy_only,spatial_5fold_repeated,AHCensus_Basemap,gmm_4,all14,2,2511,160,2351,0.06371963361210672,0.06361013891302592,-0.00010949469908080878,0.48755582730752867,0.038461538461538464,0.00625,0.6036057692307694,0.07142857142857142,0.05625,1.120982142857143,0.05555555555555555,0.0875,0.8718750000000001,0.06759443339960239,0.2125,1.06081013916501
healthy_only,spatial_5fold_repeated,AHCensus_Basemap,gmm_8,all14,2,2511,160,2351,0.06371963361210672,0.06466475934761816,0.0009451257355114345,0.48656954487452153,0.0,0.0,0.0,0.07142857142857142,0.05625,1.120982142857143,0.07142857142857142,0.1125,1.120982142857143,0.05964214711729622,0.1875,0.9360089463220677
healthy_only,spatial_5fold_repeated,AHCensus_Basemap,pca_recon_10,all14,2,2511,160,2351,0.06371963361210672,0.07212031098547447,0.008400677373367749,0.5189679923436835,0.07692307692307693,0.0125,1.2072115384615387,0.07936507936507936,0.0625,1.2455357142857144,0.08333333333333333,0.13125,1.3078125,0.07952286282306163,0.25,1.2480119284294235
healthy_only,spatial_5fold_repeated,AHCensus_Basemap,knn_dist_20,all14,2,2511,160,2351,0.06371963361210672,0.06047462730503882,-0.0032450063070679075,0.4749946831135687,0.038461538461538464,0.00625,0.6036057692307694,0.06349206349206349,0.05,0.9964285714285714,0.047619047619047616,0.075,0.7473214285714286,0.05765407554671968,0.18125,0.9048086481113321
healthy_only,spatial_5fold_repeated,AHCensus_Basemap,mahalanobis,all14,2,2511,160,2351,0.06371963361210672,0.0640981321205158,0.00037849850840906973,0.49970491280306256,0.038461538461538464,0.00625,0.6036057692307694,0.07142857142857142,0.05625,1.120982142857143,0.06349206349206349,0.1,0.9964285714285714,0.055666003976143144,0.175,0.8736083499005965
healthy_only,spatial_5fold_repeated,AHCensus_Basemap,kmeans_dist_8,all14,2,2511,160,2351,0.06371963361210672,0.06718164647543333,0.003462012863326605,0.5182714802211824,0.0,0.0,0.0,0.06349206349206349,0.05,0.9964285714285714,0.06349206349206349,0.1,0.9964285714285714,0.073558648111332,0.23125,1.1544110337972167
healthy_only,spatial_5fold_repeated,AHCensus_Basemap,autoencoder,all14,2,2511,160,2351,0.06371963361210672,0.06732383234168274,0.0036041987295760136,0.5057209698000851,0.11538461538461539,0.01875,1.810817307692308,0.06349206349206349,0.05,0.9964285714285714,0.06746031746031746,0.10625,1.0587053571428573,0.06958250497017893,0.21875,1.0920104373757455
healthy_only,spatial_5fold_repeated,AHCensus_Basemap,ocsvm_nu10,all14_plus_ext,0,2511,160,2351,0.06371963361210672,0.06844415142550192,0.004724517813395196,0.5116120799659719,0.07692307692307693,0.0125,1.2072115384615387,0.07936507936507936,0.0625,1.2455357142857144,0.07142857142857142,0.1125,1.120982142857143,0.07554671968190854,0.2375,1.1856113320079522
healthy_only,spatial_5fold_repeated,AHCensus_Basemap,isolation_forest,all14_plus_ext,0,2511,160,2351,0.06371963361210672,0.07205282512310318,0.008333191510996457,0.5171549340706082,0.07692307692307693,0.0125,1.2072115384615387,0.0873015873015873,0.06875,1.3700892857142857,0.08333333333333333,0.13125,1.3078125,0.07157057654075547,0.225,1.123210735586481
healthy_only,spatial_5fold_repeated,AHCensus_Basemap,pca_recon_10,all14_plus_ext,0,2511,160,2351,0.06371963361210672,0.0702909304655103,0.006571296853403574,0.5088207145895365,0.11538461538461539,0.01875,1.810817307692308,0.09523809523809523,0.075,1.4946428571428572,0.06746031746031746,0.10625,1.0587053571428573,0.073558648111332,0.23125,1.1544110337972167
healthy_only,spatial_5fold_repeated,AHCensus_Basemap,knn_dist_20,all14_plus_ext,0,2511,160,2351,0.06371963361210672,0.06253197922684009,-0.0011876543852666344,0.47937579753296466,0.07692307692307693,0.0125,1.2072115384615387,0.07142857142857142,0.05625,1.120982142857143,0.05555555555555555,0.0875,0.8718750000000001,0.055666003976143144,0.175,0.8736083499005965
healthy_only,spatial_5fold_repeated,AHCensus_Basemap,gmm_4,all14_plus_ext,0,2511,160,2351,0.06371963361210672,0.06584549972466318,0.0021258661125564543,0.5061835389196087,0.038461538461538464,0.00625,0.6036057692307694,0.07936507936507936,0.0625,1.2455357142857144,0.05952380952380952,0.09375,0.9341517857142857,0.06958250497017893,0.21875,1.0920104373757455
healthy_only,spatial_5fold_repeated,AHCensus_Basemap,ocsvm_nu10,all14_plus_ext,1,2511,160,2351,0.06371963361210672,0.06844415142550192,0.004724517813395196,0.5116120799659719,0.07692307692307693,0.0125,1.2072115384615387,0.07936507936507936,0.0625,1.2455357142857144,0.07142857142857142,0.1125,1.120982142857143,0.07554671968190854,0.2375,1.1856113320079522
healthy_only,spatial_5fold_repeated,AHCensus_Basemap,isolation_forest,all14_plus_ext,1,2511,160,2351,0.06371963361210672,0.07126732341455878,0.0075476898024520594,0.5072469162058698,0.07692307692307693,0.0125,1.2072115384615387,0.1111111111111111,0.0875,1.7437500000000001,0.0873015873015873,0.1375,1.3700892857142857,0.07554671968190854,0.2375,1.1856113320079522
healthy_only,spatial_5fold_repeated,AHCensus_Basemap,pca_recon_10,all14_plus_ext,1,2511,160,2351,0.06371963361210672,0.0702909304655103,0.006571296853403574,0.5088207145895365,0.11538461538461539,0.01875,1.810817307692308,0.09523809523809523,0.075,1.4946428571428572,0.06746031746031746,0.10625,1.0587053571428573,0.073558648111332,0.23125,1.1544110337972167
healthy_only,spatial_5fold_repeated,AHCensus_Basemap,knn_dist_20,all14_plus_ext,1,2511,160,2351,0.06371963361210672,0.06253197922684009,-0.0011876543852666344,0.47937579753296466,0.07692307692307693,0.0125,1.2072115384615387,0.07142857142857142,0.05625,1.120982142857143,0.05555555555555555,0.0875,0.8718750000000001,0.055666003976143144,0.175,0.8736083499005965
healthy_only,spatial_5fold_repeated,AHCensus_Basemap,gmm_4,all14_plus_ext,1,2511,160,2351,0.06371963361210672,0.06396489027720631,0.00024525666509958577,0.49186250531688647,0.07692307692307693,0.0125,1.2072115384615387,0.06349206349206349,0.05,0.9964285714285714,0.06349206349206349,0.1,0.9964285714285714,0.06759443339960239,0.2125,1.06081013916501
healthy_only,spatial_5fold_repeated,AHCensus_Basemap,ocsvm_nu10,all14_plus_ext,2,2511,160,2351,0.06371963361210672,0.06844415142550192,0.004724517813395196,0.5116120799659719,0.07692307692307693,0.0125,1.2072115384615387,0.07936507936507936,0.0625,1.2455357142857144,0.07142857142857142,0.1125,1.120982142857143,0.07554671968190854,0.2375,1.1856113320079522
healthy_only,spatial_5fold_repeated,AHCensus_Basemap,isolation_forest,all14_plus_ext,2,2511,160,2351,0.06371963361210672,0.06979148846715703,0.00607185485505031,0.5085336027222459,0.07692307692307693,0.0125,1.2072115384615387,0.09523809523809523,0.075,1.4946428571428572,0.07936507936507936,0.125,1.2455357142857144,0.06759443339960239,0.2125,1.06081013916501
healthy_only,spatial_5fold_repeated,AHCensus_Basemap,pca_recon_10,all14_plus_ext,2,2511,160,2351,0.06371963361210672,0.0702909304655103,0.006571296853403574,0.5088207145895365,0.11538461538461539,0.01875,1.810817307692308,0.09523809523809523,0.075,1.4946428571428572,0.06746031746031746,0.10625,1.0587053571428573,0.073558648111332,0.23125,1.1544110337972167
healthy_only,spatial_5fold_repeated,AHCensus_Basemap,knn_dist_20,all14_plus_ext,2,2511,160,2351,0.06371963361210672,0.06253197922684009,-0.0011876543852666344,0.47937579753296466,0.07692307692307693,0.0125,1.2072115384615387,0.07142857142857142,0.05625,1.120982142857143,0.05555555555555555,0.0875,0.8718750000000001,0.055666003976143144,0.175,0.8736083499005965
healthy_only,spatial_5fold_repeated,AHCensus_Basemap,gmm_4,all14_plus_ext,2,2511,160,2351,0.06371963361210672,0.06605968519770328,0.002340051585596553,0.49778285835814545,0.07692307692307693,0.0125,1.2072115384615387,0.07142857142857142,0.05625,1.120982142857143,0.06746031746031746,0.10625,1.0587053571428573,0.073558648111332,0.23125,1.1544110337972167
healthy_only,spatial_5fold_repeated,AHCensus_Basemap,ocsvm_nu10,local14,0,2511,160,2351,0.06371963361210672,0.06642564656472771,0.0027060129526209897,0.5180215865589111,0.038461538461538464,0.00625,0.6036057692307694,0.06349206349206349,0.05,0.9964285714285714,0.06349206349206349,0.1,0.9964285714285714,0.05964214711729622,0.1875,0.9360089463220677
healthy_only,spatial_5fold_repeated,AHCensus_Basemap,isolation_forest,local14,0,2511,160,2351,0.06371963361210672,0.07129417357689835,0.007574539964791627,0.5255423224159932,0.07692307692307693,0.0125,1.2072115384615387,0.0873015873015873,0.06875,1.3700892857142857,0.06349206349206349,0.1,0.9964285714285714,0.06759443339960239,0.2125,1.06081013916501
healthy_only,spatial_5fold_repeated,AHCensus_Basemap,pca_recon_10,local14,0,2511,160,2351,0.06371963361210672,0.06632896654280196,0.002609332930695235,0.5008507018290089,0.15384615384615385,0.025,2.4144230769230774,0.05555555555555555,0.04375,0.8718750000000001,0.06349206349206349,0.1,0.9964285714285714,0.0636182902584493,0.2,0.9984095427435388
healthy_only,spatial_5fold_repeated,AHCensus_Basemap,knn_dist_20,local14,0,2511,160,2351,0.06371963361210672,0.06583713435345412,0.0021175007413473945,0.5085814547001276,0.07692307692307693,0.0125,1.2072115384615387,0.05555555555555555,0.04375,0.8718750000000001,0.06349206349206349,0.1,0.9964285714285714,0.061630218687872766,0.19375,0.9672092445328033
healthy_only,spatial_5fold_repeated,AHCensus_Basemap,gmm_4,local14,0,2511,160,2351,0.06371963361210672,0.06568919949866026,0.0019695658865535315,0.5032087409612931,0.07692307692307693,0.0125,1.2072115384615387,0.07142857142857142,0.05625,1.120982142857143,0.05952380952380952,0.09375,0.9341517857142857,0.05765407554671968,0.18125,0.9048086481113321
healthy_only,spatial_5fold_repeated,AHCensus_Basemap,ocsvm_nu10,local14,1,2511,160,2351,0.06371963361210672,0.06642564656472771,0.0027060129526209897,0.5180215865589111,0.038461538461538464,0.00625,0.6036057692307694,0.06349206349206349,0.05,0.9964285714285714,0.06349206349206349,0.1,0.9964285714285714,0.05964214711729622,0.1875,0.9360089463220677
healthy_only,spatial_5fold_repeated,AHCensus_Basemap,isolation_forest,local14,1,2511,160,2351,0.06371963361210672,0.07047409965266505,0.006754466040558321,0.5230566780093577,0.07692307692307693,0.0125,1.2072115384615387,0.0873015873015873,0.06875,1.3700892857142857,0.06349206349206349,0.1,0.9964285714285714,0.0636182902584493,0.2,0.9984095427435388
healthy_only,spatial_5fold_repeated,AHCensus_Basemap,pca_recon_10,local14,1,2511,160,2351,0.06371963361210672,0.06632896654280196,0.002609332930695235,0.5008507018290089,0.15384615384615385,0.025,2.4144230769230774,0.05555555555555555,0.04375,0.8718750000000001,0.06349206349206349,0.1,0.9964285714285714,0.0636182902584493,0.2,0.9984095427435388
healthy_only,spatial_5fold_repeated,AHCensus_Basemap,knn_dist_20,local14,1,2511,160,2351,0.06371963361210672,0.06583713435345412,0.0021175007413473945,0.5085814547001276,0.07692307692307693,0.0125,1.2072115384615387,0.05555555555555555,0.04375,0.8718750000000001,0.06349206349206349,0.1,0.9964285714285714,0.061630218687872766,0.19375,0.9672092445328033
healthy_only,spatial_5fold_repeated,AHCensus_Basemap,gmm_4,local14,1,2511,160,2351,0.06371963361210672,0.06570477014401993,0.0019851365319132064,0.504373139089749,0.07692307692307693,0.0125,1.2072115384615387,0.07142857142857142,0.05625,1.120982142857143,0.05555555555555555,0.0875,0.8718750000000001,0.05765407554671968,0.18125,0.9048086481113321
healthy_only,spatial_5fold_repeated,AHCensus_Basemap,ocsvm_nu10,local14,2,2511,160,2351,0.06371963361210672,0.06642564656472771,0.0027060129526209897,0.5180215865589111,0.038461538461538464,0.00625,0.6036057692307694,0.06349206349206349,0.05,0.9964285714285714,0.06349206349206349,0.1,0.9964285714285714,0.05964214711729622,0.1875,0.9360089463220677
healthy_only,spatial_5fold_repeated,AHCensus_Basemap,isolation_forest,local14,2,2511,160,2351,0.06371963361210672,0.07073605822932232,0.007016424617215591,0.5206986388770736,0.07692307692307693,0.0125,1.2072115384615387,0.0873015873015873,0.06875,1.3700892857142857,0.07539682539682539,0.11875,1.1832589285714286,0.06759443339960239,0.2125,1.06081013916501
healthy_only,spatial_5fold_repeated,AHCensus_Basemap,pca_recon_10,local14,2,2511,160,2351,0.06371963361210672,0.06632896654280196,0.002609332930695235,0.5008507018290089,0.15384615384615385,0.025,2.4144230769230774,0.05555555555555555,0.04375,0.8718750000000001,0.06349206349206349,0.1,0.9964285714285714,0.0636182902584493,0.2,0.9984095427435388
healthy_only,spatial_5fold_repeated,AHCensus_Basemap,knn_dist_20,local14,2,2511,160,2351,0.06371963361210672,0.06583713435345412,0.0021175007413473945,0.5085814547001276,0.07692307692307693,0.0125,1.2072115384615387,0.05555555555555555,0.04375,0.8718750000000001,0.06349206349206349,0.1,0.9964285714285714,0.061630218687872766,0.19375,0.9672092445328033
healthy_only,spatial_5fold_repeated,AHCensus_Basemap,gmm_4,local14,2,2511,160,2351,0.06371963361210672,0.0669654225999758,0.0032457889878690777,0.5086718417694598,0.07692307692307693,0.0125,1.2072115384615387,0.07936507936507936,0.0625,1.2455357142857144,0.06746031746031746,0.10625,1.0587053571428573,0.055666003976143144,0.175,0.8736083499005965
healthy_only,spatial_5fold_repeated,AHCensus_Basemap,ocsvm_nu10,all14_plus_local,0,2511,160,2351,0.06371963361210672,0.06875535497918929,0.005035721367082566,0.5240456188855807,0.038461538461538464,0.00625,0.6036057692307694,0.07936507936507936,0.0625,1.2455357142857144,0.07539682539682539,0.11875,1.1832589285714286,0.06759443339960239,0.2125,1.06081013916501
healthy_only,spatial_5fold_repeated,AHCensus_Basemap,isolation_forest,all14_plus_local,0,2511,160,2351,0.06371963361210672,0.07033147118895448,0.006611837576847759,0.5149909612930668,0.07692307692307693,0.0125,1.2072115384615387,0.07936507936507936,0.0625,1.2455357142857144,0.07936507936507936,0.125,1.2455357142857144,0.06958250497017893,0.21875,1.0920104373757455
healthy_only,spatial_5fold_repeated,AHCensus_Basemap,pca_recon_10,all14_plus_local,0,2511,160,2351,0.06371963361210672,0.06461725497085577,0.0008976213587490456,0.4962143768609102,0.07692307692307693,0.0125,1.2072115384615387,0.07142857142857142,0.05625,1.120982142857143,0.05555555555555555,0.0875,0.8718750000000001,0.0636182902584493,0.2,0.9984095427435388
healthy_only,spatial_5fold_repeated,AHCensus_Basemap,knn_dist_20,all14_plus_local,0,2511,160,2351,0.06371963361210672,0.06443606066136995,0.0007164270492632241,0.4947150148872819,0.038461538461538464,0.00625,0.6036057692307694,0.0873015873015873,0.06875,1.3700892857142857,0.06349206349206349,0.1,0.9964285714285714,0.061630218687872766,0.19375,0.9672092445328033
healthy_only,spatial_5fold_repeated,AHCensus_Basemap,gmm_4,all14_plus_local,0,2511,160,2351,0.06371963361210672,0.06913070586960698,0.00541107225750026,0.4921602509570395,0.07692307692307693,0.0125,1.2072115384615387,0.1111111111111111,0.0875,1.7437500000000001,0.0992063492063492,0.15625,1.556919642857143,0.06560636182902585,0.20625,1.0296098409542744
healthy_only,spatial_5fold_repeated,AHCensus_Basemap,ocsvm_nu10,all14_plus_local,1,2511,160,2351,0.06371963361210672,0.06875535497918929,0.005035721367082566,0.5240456188855807,0.038461538461538464,0.00625,0.6036057692307694,0.07936507936507936,0.0625,1.2455357142857144,0.07539682539682539,0.11875,1.1832589285714286,0.06759443339960239,0.2125,1.06081013916501
healthy_only,spatial_5fold_repeated,AHCensus_Basemap,isolation_forest,all14_plus_local,1,2511,160,2351,0.06371963361210672,0.06919062155085125,0.005470987938744523,0.5069305614632071,0.07692307692307693,0.0125,1.2072115384615387,0.09523809523809523,0.075,1.4946428571428572,0.08333333333333333,0.13125,1.3078125,0.06759443339960239,0.2125,1.06081013916501
healthy_only,spatial_5fold_repeated,AHCensus_Basemap,pca_recon_10,all14_plus_local,1,2511,160,2351,0.06371963361210672,0.06461725497085577,0.0008976213587490456,0.4962143768609102,0.07692307692307693,0.0125,1.2072115384615387,0.07142857142857142,0.05625,1.120982142857143,0.05555555555555555,0.0875,0.8718750000000001,0.0636182902584493,0.2,0.9984095427435388
healthy_only,spatial_5fold_repeated,AHCensus_Basemap,knn_dist_20,all14_plus_local,1,2511,160,2351,0.06371963361210672,0.06443606066136995,0.0007164270492632241,0.4947150148872819,0.038461538461538464,0.00625,0.6036057692307694,0.0873015873015873,0.06875,1.3700892857142857,0.06349206349206349,0.1,0.9964285714285714,0.061630218687872766,0.19375,0.9672092445328033
healthy_only,spatial_5fold_repeated,AHCensus_Basemap,gmm_4,all14_plus_local,1,2511,160,2351,0.06371963361210672,0.06902518752644748,0.00530555391434076,0.4922320289238622,0.07692307692307693,0.0125,1.2072115384615387,0.1111111111111111,0.0875,1.7437500000000001,0.0992063492063492,0.15625,1.556919642857143,0.06759443339960239,0.2125,1.06081013916501
healthy_only,spatial_5fold_repeated,AHCensus_Basemap,ocsvm_nu10,all14_plus_local,2,2511,160,2351,0.06371963361210672,0.06875535497918929,0.005035721367082566,0.5240456188855807,0.038461538461538464,0.00625,0.6036057692307694,0.07936507936507936,0.0625,1.2455357142857144,0.07539682539682539,0.11875,1.1832589285714286,0.06759443339960239,0.2125,1.06081013916501
healthy_only,spatial_5fold_repeated,AHCensus_Basemap,isolation_forest,all14_plus_local,2,2511,160,2351,0.06371963361210672,0.06966918869833344,0.0059495550862267155,0.5156103785623138,0.07692307692307693,0.0125,1.2072115384615387,0.07936507936507936,0.0625,1.2455357142857144,0.0873015873015873,0.1375,1.3700892857142857,0.06958250497017893,0.21875,1.0920104373757455
healthy_only,spatial_5fold_repeated,AHCensus_Basemap,pca_recon_10,all14_plus_local,2,2511,160,2351,0.06371963361210672,0.06461725497085577,0.0008976213587490456,0.4962143768609102,0.07692307692307693,0.0125,1.2072115384615387,0.07142857142857142,0.05625,1.120982142857143,0.05555555555555555,0.0875,0.8718750000000001,0.0636182902584493,0.2,0.9984095427435388
healthy_only,spatial_5fold_repeated,AHCensus_Basemap,knn_dist_20,all14_plus_local,2,2511,160,2351,0.06371963361210672,0.06443606066136995,0.0007164270492632241,0.4947150148872819,0.038461538461538464,0.00625,0.6036057692307694,0.0873015873015873,0.06875,1.3700892857142857,0.06349206349206349,0.1,0.9964285714285714,0.061630218687872766,0.19375,0.9672092445328033
healthy_only,spatial_5fold_repeated,AHCensus_Basemap,gmm_4,all14_plus_local,2,2511,160,2351,0.06371963361210672,0.06884631127914237,0.005126677667035645,0.4920565716716291,0.07692307692307693,0.0125,1.2072115384615387,0.10317460317460317,0.08125,1.6191964285714286,0.09523809523809523,0.15,1.4946428571428572,0.06759443339960239,0.2125,1.06081013916501
healthy_only,spatial_5fold_repeated,AHCensus_Basemap,ocsvm_nu10,raw4_plus_local,0,2511,160,2351,0.06371963361210672,0.06961776024872662,0.005898126636619899,0.5225834751169715,0.038461538461538464,0.00625,0.6036057692307694,0.06349206349206349,0.05,0.9964285714285714,0.07142857142857142,0.1125,1.120982142857143,0.08151093439363817,0.25625,1.279212226640159
healthy_only,spatial_5fold_repeated,AHCensus_Basemap,isolation_forest,raw4_plus_local,0,2511,160,2351,0.06371963361210672,0.06718792621636815,0.0034682926042614304,0.49889940450871967,0.07692307692307693,0.0125,1.2072115384615387,0.07936507936507936,0.0625,1.2455357142857144,0.07936507936507936,0.125,1.2455357142857144,0.07157057654075547,0.225,1.123210735586481
healthy_only,spatial_5fold_repeated,AHCensus_Basemap,pca_recon_10,raw4_plus_local,0,2511,160,2351,0.06371963361210672,0.06633676899693788,0.0026171353848311596,0.5143436303700553,0.0,0.0,0.0,0.06349206349206349,0.05,0.9964285714285714,0.06746031746031746,0.10625,1.0587053571428573,0.07157057654075547,0.225,1.123210735586481
healthy_only,spatial_5fold_repeated,AHCensus_Basemap,knn_dist_20,raw4_plus_local,0,2511,160,2351,0.06371963361210672,0.06104151095345991,-0.0026781226586468157,0.4723149723521906,0.038461538461538464,0.00625,0.6036057692307694,0.05555555555555555,0.04375,0.8718750000000001,0.07142857142857142,0.1125,1.120982142857143,0.05168986083499006,0.1625,0.8112077534791253
healthy_only,spatial_5fold_repeated,AHCensus_Basemap,gmm_4,raw4_plus_local,0,2511,160,2351,0.06371963361210672,0.06040889609865141,-0.003310737513455314,0.4675616758826031,0.07692307692307693,0.0125,1.2072115384615387,0.07142857142857142,0.05625,1.120982142857143,0.06349206349206349,0.1,0.9964285714285714,0.0536779324055666,0.16875,0.8424080516898609
healthy_only,spatial_5fold_repeated,AHCensus_Basemap,ocsvm_nu10,raw4_plus_local,1,2511,160,2351,0.06371963361210672,0.06961776024872662,0.005898126636619899,0.5225834751169715,0.038461538461538464,0.00625,0.6036057692307694,0.06349206349206349,0.05,0.9964285714285714,0.07142857142857142,0.1125,1.120982142857143,0.08151093439363817,0.25625,1.279212226640159
healthy_only,spatial_5fold_repeated,AHCensus_Basemap,isolation_forest,raw4_plus_local,1,2511,160,2351,0.06371963361210672,0.06711597135429033,0.0033963377421836055,0.5035516801361123,0.07692307692307693,0.0125,1.2072115384615387,0.07142857142857142,0.05625,1.120982142857143,0.07936507936507936,0.125,1.2455357142857144,0.07157057654075547,0.225,1.123210735586481
healthy_only,spatial_5fold_repeated,AHCensus_Basemap,pca_recon_10,raw4_plus_local,1,2511,160,2351,0.06371963361210672,0.06633676899693788,0.0026171353848311596,0.5143436303700553,0.0,0.0,0.0,0.06349206349206349,0.05,0.9964285714285714,0.06746031746031746,0.10625,1.0587053571428573,0.07157057654075547,0.225,1.123210735586481
healthy_only,spatial_5fold_repeated,AHCensus_Basemap,knn_dist_20,raw4_plus_local,1,2511,160,2351,0.06371963361210672,0.06104151095345991,-0.0026781226586468157,0.4723149723521906,0.038461538461538464,0.00625,0.6036057692307694,0.05555555555555555,0.04375,0.8718750000000001,0.07142857142857142,0.1125,1.120982142857143,0.05168986083499006,0.1625,0.8112077534791253
healthy_only,spatial_5fold_repeated,AHCensus_Basemap,gmm_4,raw4_plus_local,1,2511,160,2351,0.06371963361210672,0.061430069845172935,-0.0022895637669337887,0.46964589536367496,0.038461538461538464,0.00625,0.6036057692307694,0.07142857142857142,0.05625,1.120982142857143,0.06349206349206349,0.1,0.9964285714285714,0.061630218687872766,0.19375,0.9672092445328033
healthy_only,spatial_5fold_repeated,AHCensus_Basemap,ocsvm_nu10,raw4_plus_local,2,2511,160,2351,0.06371963361210672,0.06961776024872662,0.005898126636619899,0.5225834751169715,0.038461538461538464,0.00625,0.6036057692307694,0.06349206349206349,0.05,0.9964285714285714,0.07142857142857142,0.1125,1.120982142857143,0.08151093439363817,0.25625,1.279212226640159
healthy_only,spatial_5fold_repeated,AHCensus_Basemap,isolation_forest,raw4_plus_local,2,2511,160,2351,0.06371963361210672,0.06712989502627556,0.003410261414168836,0.4991227137388346,0.07692307692307693,0.0125,1.2072115384615387,0.07142857142857142,0.05625,1.120982142857143,0.08333333333333333,0.13125,1.3078125,0.0775347912524851,0.24375,1.216811630218688
healthy_only,spatial_5fold_repeated,AHCensus_Basemap,pca_recon_10,raw4_plus_local,2,2511,160,2351,0.06371963361210672,0.06633676899693788,0.0026171353848311596,0.5143436303700553,0.0,0.0,0.0,0.06349206349206349,0.05,0.9964285714285714,0.06746031746031746,0.10625,1.0587053571428573,0.07157057654075547,0.225,1.123210735586481
healthy_only,spatial_5fold_repeated,AHCensus_Basemap,knn_dist_20,raw4_plus_local,2,2511,160,2351,0.06371963361210672,0.06104151095345991,-0.0026781226586468157,0.4723149723521906,0.038461538461538464,0.00625,0.6036057692307694,0.05555555555555555,0.04375,0.8718750000000001,0.07142857142857142,0.1125,1.120982142857143,0.05168986083499006,0.1625,0.8112077534791253
healthy_only,spatial_5fold_repeated,AHCensus_Basemap,gmm_4,raw4_plus_local,2,2511,160,2351,0.06371963361210672,0.06203624357146023,-0.001683390040646493,0.472357507443641,0.038461538461538464,0.00625,0.6036057692307694,0.07936507936507936,0.0625,1.2455357142857144,0.06746031746031746,0.10625,1.0587053571428573,0.061630218687872766,0.19375,0.9672092445328033
healthy_only,spatial_5fold_repeated,AHCensus_Basemap,ocsvm_nu10,raw4,0,2511,160,2351,0.06371963361210672,0.06819208455281076,0.004472450940704031,0.5050031901318588,0.038461538461538464,0.00625,0.6036057692307694,0.07142857142857142,0.05625,1.120982142857143,0.07142857142857142,0.1125,1.120982142857143,0.073558648111332,0.23125,1.1544110337972167
healthy_only,spatial_5fold_repeated,AHCensus_Basemap,isolation_forest,raw4,0,2511,160,2351,0.06371963361210672,0.06959451893891559,0.005874885326808868,0.5039398128455976,0.038461538461538464,0.00625,0.6036057692307694,0.0873015873015873,0.06875,1.3700892857142857,0.10317460317460317,0.1625,1.6191964285714286,0.073558648111332,0.23125,1.1544110337972167
healthy_only,spatial_5fold_repeated,AHCensus_Basemap,pca_recon_10,raw4,0,2511,160,2351,0.06371963361210672,0.06516940582010772,0.0014497722080009934,0.48713446405784777,0.07692307692307693,0.0125,1.2072115384615387,0.07142857142857142,0.05625,1.120982142857143,0.07142857142857142,0.1125,1.120982142857143,0.0636182902584493,0.2,0.9984095427435388
healthy_only,spatial_5fold_repeated,AHCensus_Basemap,knn_dist_20,raw4,0,2511,160,2351,0.06371963361210672,0.06008340208005611,-0.0036362315320506156,0.4673170991067631,0.07692307692307693,0.0125,1.2072115384615387,0.05555555555555555,0.04375,0.8718750000000001,0.06349206349206349,0.1,0.9964285714285714,0.055666003976143144,0.175,0.8736083499005965
healthy_only,spatial_5fold_repeated,AHCensus_Basemap,gmm_4,raw4,0,2511,160,2351,0.06371963361210672,0.062085347362218,-0.0016342862498887264,0.47884676733304976,0.07692307692307693,0.0125,1.2072115384615387,0.06349206349206349,0.05,0.9964285714285714,0.06746031746031746,0.10625,1.0587053571428573,0.05765407554671968,0.18125,0.9048086481113321
healthy_only,spatial_5fold_repeated,AHCensus_Basemap,ocsvm_nu10,raw4,1,2511,160,2351,0.06371963361210672,0.06819208455281076,0.004472450940704031,0.5050031901318588,0.038461538461538464,0.00625,0.6036057692307694,0.07142857142857142,0.05625,1.120982142857143,0.07142857142857142,0.1125,1.120982142857143,0.073558648111332,0.23125,1.1544110337972167
healthy_only,spatial_5fold_repeated,AHCensus_Basemap,isolation_forest,raw4,1,2511,160,2351,0.06371963361210672,0.06805690985645621,0.004337276244349486,0.4962276690769885,0.038461538461538464,0.00625,0.6036057692307694,0.0873015873015873,0.06875,1.3700892857142857,0.09523809523809523,0.15,1.4946428571428572,0.07157057654075547,0.225,1.123210735586481
healthy_only,spatial_5fold_repeated,AHCensus_Basemap,pca_recon_10,raw4,1,2511,160,2351,0.06371963361210672,0.06516940582010772,0.0014497722080009934,0.48713446405784777,0.07692307692307693,0.0125,1.2072115384615387,0.07142857142857142,0.05625,1.120982142857143,0.07142857142857142,0.1125,1.120982142857143,0.0636182902584493,0.2,0.9984095427435388
healthy_only,spatial_5fold_repeated,AHCensus_Basemap,knn_dist_20,raw4,1,2511,160,2351,0.06371963361210672,0.06008340208005611,-0.0036362315320506156,0.4673170991067631,0.07692307692307693,0.0125,1.2072115384615387,0.05555555555555555,0.04375,0.8718750000000001,0.06349206349206349,0.1,0.9964285714285714,0.055666003976143144,0.175,0.8736083499005965
healthy_only,spatial_5fold_repeated,AHCensus_Basemap,gmm_4,raw4,1,2511,160,2351,0.06371963361210672,0.062091969384441226,-0.0016276642276654985,0.47899829859634196,0.038461538461538464,0.00625,0.6036057692307694,0.06349206349206349,0.05,0.9964285714285714,0.06746031746031746,0.10625,1.0587053571428573,0.05964214711729622,0.1875,0.9360089463220677
healthy_only,spatial_5fold_repeated,AHCensus_Basemap,ocsvm_nu10,raw4,2,2511,160,2351,0.06371963361210672,0.06819208455281076,0.004472450940704031,0.5050031901318588,0.038461538461538464,0.00625,0.6036057692307694,0.07142857142857142,0.05625,1.120982142857143,0.07142857142857142,0.1125,1.120982142857143,0.073558648111332,0.23125,1.1544110337972167
healthy_only,spatial_5fold_repeated,AHCensus_Basemap,isolation_forest,raw4,2,2511,160,2351,0.06371963361210672,0.06781091948280173,0.004091285870695002,0.49393343258188005,0.038461538461538464,0.00625,0.6036057692307694,0.0873015873015873,0.06875,1.3700892857142857,0.09126984126984126,0.14375,1.4323660714285715,0.073558648111332,0.23125,1.1544110337972167
healthy_only,spatial_5fold_repeated,AHCensus_Basemap,pca_recon_10,raw4,2,2511,160,2351,0.06371963361210672,0.06516940582010772,0.0014497722080009934,0.48713446405784777,0.07692307692307693,0.0125,1.2072115384615387,0.07142857142857142,0.05625,1.120982142857143,0.07142857142857142,0.1125,1.120982142857143,0.0636182902584493,0.2,0.9984095427435388
healthy_only,spatial_5fold_repeated,AHCensus_Basemap,knn_dist_20,raw4,2,2511,160,2351,0.06371963361210672,0.06008340208005611,-0.0036362315320506156,0.4673170991067631,0.07692307692307693,0.0125,1.2072115384615387,0.05555555555555555,0.04375,0.8718750000000001,0.06349206349206349,0.1,0.9964285714285714,0.055666003976143144,0.175,0.8736083499005965
healthy_only,spatial_5fold_repeated,AHCensus_Basemap,gmm_4,raw4,2,2511,160,2351,0.06371963361210672,0.06195988938850354,-0.0017597442236031852,0.47885474266269673,0.07692307692307693,0.0125,1.2072115384615387,0.07142857142857142,0.05625,1.120982142857143,0.06349206349206349,0.1,0.9964285714285714,0.05964214711729622,0.1875,0.9360089463220677
healthy_only,spatial_5fold_repeated,Palong_Basemap,ocsvm_nu05,all14,0,2171,200,1971,0.09212344541685859,0.07828941526594399,-0.013834030150914597,0.4487595129375951,0.0,0.0,0.0,0.01834862385321101,0.01,0.19917431192660554,0.04128440366972477,0.045,0.4481422018348624,0.06896551724137931,0.15,0.7486206896551725
healthy_only,spatial_5fold_repeated,Palong_Basemap,ocsvm_nu10,all14,0,2171,200,1971,0.09212344541685859,0.07719781745503794,-0.014925627961820648,0.4421993911719939,0.0,0.0,0.0,0.01834862385321101,0.01,0.19917431192660554,0.045871559633027525,0.05,0.4979357798165138,0.05517241379310345,0.12,0.5988965517241379
healthy_only,spatial_5fold_repeated,Palong_Basemap,ocsvm_nu20,all14,0,2171,200,1971,0.09212344541685859,0.07552244846836904,-0.016600996948489544,0.4328970065956368,0.0,0.0,0.0,0.009174311926605505,0.005,0.09958715596330277,0.04128440366972477,0.045,0.4481422018348624,0.05057471264367816,0.11,0.5489885057471264
healthy_only,spatial_5fold_repeated,Palong_Basemap,isolation_forest,all14,0,2171,200,1971,0.09212344541685859,0.07611713278804053,-0.016006312628818062,0.4337062404870624,0.0,0.0,0.0,0.009174311926605505,0.005,0.09958715596330277,0.045871559633027525,0.05,0.4979357798165138,0.06436781609195402,0.14,0.6987126436781609
healthy_only,spatial_5fold_repeated,Palong_Basemap,lof_25,all14,0,2171,200,1971,0.09212344541685859,0.08281876801697537,-0.009304677399883221,0.47891171993911724,0.0,0.0,0.0,0.05504587155963303,0.03,0.5975229357798165,0.05045871559633028,0.055,0.5477293577981652,0.06666666666666667,0.145,0.7236666666666667
healthy_only,spatial_5fold_repeated,Palong_Basemap,gmm_4,all14,0,2171,200,1971,0.09212344541685859,0.07808000274876643,-0.014043442668092154,0.4480948756976154,0.0,0.0,0.0,0.009174311926605505,0.005,0.09958715596330277,0.04128440366972477,0.045,0.4481422018348624,0.06666666666666667,0.145,0.7236666666666667
healthy_only,spatial_5fold_repeated,Palong_Basemap,gmm_8,all14,0,2171,200,1971,0.09212344541685859,0.08285547272847842,-0.009267972688380172,0.47902333840690003,0.045454545454545456,0.005,0.49340909090909096,0.009174311926605505,0.005,0.09958715596330277,0.04128440366972477,0.045,0.4481422018348624,0.07586206896551724,0.165,0.8234827586206896
healthy_only,spatial_5fold_repeated,Palong_Basemap,pca_recon_10,all14,0,2171,200,1971,0.09212344541685859,0.08898537268132983,-0.0031380727355287547,0.4954185692541857,0.045454545454545456,0.005,0.49340909090909096,0.045871559633027525,0.025,0.4979357798165138,0.0871559633027523,0.095,0.9460779816513762,0.09195402298850575,0.2,0.9981609195402299
healthy_only,spatial_5fold_repeated,Palong_Basemap,knn_dist_20,all14,0,2171,200,1971,0.09212344541685859,0.07539265997865419,-0.0167307854382044,0.4379401319127346,0.0,0.0,0.0,0.009174311926605505,0.005,0.09958715596330277,0.027522935779816515,0.03,0.29876146788990826,0.04827586206896552,0.105,0.5240344827586207
healthy_only,spatial_5fold_repeated,Palong_Basemap,mahalanobis,all14,0,2171,200,1971,0.09212344541685859,0.07700592616298452,-0.01511751925387407,0.44108574327752414,0.0,0.0,0.0,0.03669724770642202,0.02,0.39834862385321107,0.04128440366972477,0.045,0.4481422018348624,0.05517241379310345,0.12,0.5988965517241379
healthy_only,spatial_5fold_repeated,Palong_Basemap,kmeans_dist_8,all14,0,2171,200,1971,0.09212344541685859,0.0759670101516559,-0.01615643526520269,0.4375824454591578,0.0,0.0,0.0,0.009174311926605505,0.005,0.09958715596330277,0.045871559633027525,0.05,0.4979357798165138,0.05057471264367816,0.11,0.5489885057471264
healthy_only,spatial_5fold_repeated,Palong_Basemap,autoencoder,all14,0,2171,200,1971,0.09212344541685859,0.08578199488822563,-0.006341450528632955,0.4932546930492136,0.0,0.0,0.0,0.027522935779816515,0.015,0.29876146788990826,0.06422018348623854,0.07,0.6971100917431193,0.07126436781609195,0.155,0.7735747126436782
healthy_only,spatial_5fold_repeated,Palong_Basemap,ocsvm_nu05,all14,1,2171,200,1971,0.09212344541685859,0.07828941526594399,-0.013834030150914597,0.4487595129375951,0.0,0.0,0.0,0.01834862385321101,0.01,0.19917431192660554,0.04128440366972477,0.045,0.4481422018348624,0.06896551724137931,0.15,0.7486206896551725
healthy_only,spatial_5fold_repeated,Palong_Basemap,ocsvm_nu10,all14,1,2171,200,1971,0.09212344541685859,0.07719781745503794,-0.014925627961820648,0.4421993911719939,0.0,0.0,0.0,0.01834862385321101,0.01,0.19917431192660554,0.045871559633027525,0.05,0.4979357798165138,0.05517241379310345,0.12,0.5988965517241379
healthy_only,spatial_5fold_repeated,Palong_Basemap,ocsvm_nu20,all14,1,2171,200,1971,0.09212344541685859,0.07552244846836904,-0.016600996948489544,0.4328970065956368,0.0,0.0,0.0,0.009174311926605505,0.005,0.09958715596330277,0.04128440366972477,0.045,0.4481422018348624,0.05057471264367816,0.11,0.5489885057471264
healthy_only,spatial_5fold_repeated,Palong_Basemap,isolation_forest,all14,1,2171,200,1971,0.09212344541685859,0.07665712017617429,-0.015466325240684295,0.439583967529173,0.0,0.0,0.0,0.009174311926605505,0.005,0.09958715596330277,0.05045871559633028,0.055,0.5477293577981652,0.06666666666666667,0.145,0.7236666666666667
healthy_only,spatial_5fold_repeated,Palong_Basemap,lof_25,all14,1,2171,200,1971,0.09212344541685859,0.08281876801697537,-0.009304677399883221,0.47891171993911724,0.0,0.0,0.0,0.05504587155963303,0.03,0.5975229357798165,0.05045871559633028,0.055,0.5477293577981652,0.06666666666666667,0.145,0.7236666666666667
healthy_only,spatial_5fold_repeated,Palong_Basemap,gmm_4,all14,1,2171,200,1971,0.09212344541685859,0.07859419811962175,-0.01352924729723684,0.4498833079654998,0.045454545454545456,0.005,0.49340909090909096,0.009174311926605505,0.005,0.09958715596330277,0.04128440366972477,0.045,0.4481422018348624,0.06436781609195402,0.14,0.6987126436781609
healthy_only,spatial_5fold_repeated,Palong_Basemap,gmm_8,all14,1,2171,200,1971,0.09212344541685859,0.08104607674020758,-0.011077368676651003,0.4685261288685946,0.0,0.0,0.0,0.01834862385321101,0.01,0.19917431192660554,0.03211009174311927,0.035,0.34855504587155967,0.07126436781609195,0.155,0.7735747126436782
healthy_only,spatial_5fold_repeated,Palong_Basemap,pca_recon_10,all14,1,2171,200,1971,0.09212344541685859,0.08898537268132983,-0.0031380727355287547,0.4954185692541857,0.045454545454545456,0.005,0.49340909090909096,0.045871559633027525,0.025,0.4979357798165138,0.0871559633027523,0.095,0.9460779816513762,0.09195402298850575,0.2,0.9981609195402299
healthy_only,spatial_5fold_repeated,Palong_Basemap,knn_dist_20,all14,1,2171,200,1971,0.09212344541685859,0.07539265997865419,-0.0167307854382044,0.4379401319127346,0.0,0.0,0.0,0.009174311926605505,0.005,0.09958715596330277,0.027522935779816515,0.03,0.29876146788990826,0.04827586206896552,0.105,0.5240344827586207
healthy_only,spatial_5fold_repeated,Palong_Basemap,mahalanobis,all14,1,2171,200,1971,0.09212344541685859,0.07700592616298452,-0.01511751925387407,0.44108574327752414,0.0,0.0,0.0,0.03669724770642202,0.02,0.39834862385321107,0.04128440366972477,0.045,0.4481422018348624,0.05517241379310345,0.12,0.5988965517241379
healthy_only,spatial_5fold_repeated,Palong_Basemap,kmeans_dist_8,all14,1,2171,200,1971,0.09212344541685859,0.07548525182044558,-0.016638193596413012,0.43250380517503806,0.0,0.0,0.0,0.01834862385321101,0.01,0.19917431192660554,0.05045871559633028,0.055,0.5477293577981652,0.052873563218390804,0.115,0.5739425287356322
healthy_only,spatial_5fold_repeated,Palong_Basemap,autoencoder,all14,1,2171,200,1971,0.09212344541685859,0.09116284016984362,-0.0009606052470149673,0.5128564180618975,0.045454545454545456,0.005,0.49340909090909096,0.03669724770642202,0.02,0.39834862385321107,0.07339449541284404,0.08,0.7966972477064221,0.08735632183908046,0.19,0.9482528735632184
healthy_only,spatial_5fold_repeated,Palong_Basemap,ocsvm_nu05,all14,2,2171,200,1971,0.09212344541685859,0.07828941526594399,-0.013834030150914597,0.4487595129375951,0.0,0.0,0.0,0.01834862385321101,0.01,0.19917431192660554,0.04128440366972477,0.045,0.4481422018348624,0.06896551724137931,0.15,0.7486206896551725
healthy_only,spatial_5fold_repeated,Palong_Basemap,ocsvm_nu10,all14,2,2171,200,1971,0.09212344541685859,0.07719781745503794,-0.014925627961820648,0.4421993911719939,0.0,0.0,0.0,0.01834862385321101,0.01,0.19917431192660554,0.045871559633027525,0.05,0.4979357798165138,0.05517241379310345,0.12,0.5988965517241379
healthy_only,spatial_5fold_repeated,Palong_Basemap,ocsvm_nu20,all14,2,2171,200,1971,0.09212344541685859,0.07552244846836904,-0.016600996948489544,0.4328970065956368,0.0,0.0,0.0,0.009174311926605505,0.005,0.09958715596330277,0.04128440366972477,0.045,0.4481422018348624,0.05057471264367816,0.11,0.5489885057471264
healthy_only,spatial_5fold_repeated,Palong_Basemap,isolation_forest,all14,2,2171,200,1971,0.09212344541685859,0.07532041356253963,-0.01680303185431896,0.4273617453069508,0.0,0.0,0.0,0.01834862385321101,0.01,0.19917431192660554,0.05045871559633028,0.055,0.5477293577981652,0.06206896551724138,0.135,0.6737586206896552
healthy_only,spatial_5fold_repeated,Palong_Basemap,lof_25,all14,2,2171,200,1971,0.09212344541685859,0.08281876801697537,-0.009304677399883221,0.47891171993911724,0.0,0.0,0.0,0.05504587155963303,0.03,0.5975229357798165,0.05045871559633028,0.055,0.5477293577981652,0.06666666666666667,0.145,0.7236666666666667
healthy_only,spatial_5fold_repeated,Palong_Basemap,gmm_4,all14,2,2171,200,1971,0.09212344541685859,0.07934383654590467,-0.012779608870953918,0.4562836123795028,0.0,0.0,0.0,0.009174311926605505,0.005,0.09958715596330277,0.045871559633027525,0.05,0.4979357798165138,0.06206896551724138,0.135,0.6737586206896552
healthy_only,spatial_5fold_repeated,Palong_Basemap,gmm_8,all14,2,2171,200,1971,0.09212344541685859,0.08264461324230091,-0.00947883217455768,0.4762886859462202,0.045454545454545456,0.005,0.49340909090909096,0.009174311926605505,0.005,0.09958715596330277,0.027522935779816515,0.03,0.29876146788990826,0.07586206896551724,0.165,0.8234827586206896
healthy_only,spatial_5fold_repeated,Palong_Basemap,pca_recon_10,all14,2,2171,200,1971,0.09212344541685859,0.08898537268132983,-0.0031380727355287547,0.4954185692541857,0.045454545454545456,0.005,0.49340909090909096,0.045871559633027525,0.025,0.4979357798165138,0.0871559633027523,0.095,0.9460779816513762,0.09195402298850575,0.2,0.9981609195402299
healthy_only,spatial_5fold_repeated,Palong_Basemap,knn_dist_20,all14,2,2171,200,1971,0.09212344541685859,0.07539265997865419,-0.0167307854382044,0.4379401319127346,0.0,0.0,0.0,0.009174311926605505,0.005,0.09958715596330277,0.027522935779816515,0.03,0.29876146788990826,0.04827586206896552,0.105,0.5240344827586207
healthy_only,spatial_5fold_repeated,Palong_Basemap,mahalanobis,all14,2,2171,200,1971,0.09212344541685859,0.07700592616298452,-0.01511751925387407,0.44108574327752414,0.0,0.0,0.0,0.03669724770642202,0.02,0.39834862385321107,0.04128440366972477,0.045,0.4481422018348624,0.05517241379310345,0.12,0.5988965517241379
healthy_only,spatial_5fold_repeated,Palong_Basemap,kmeans_dist_8,all14,2,2171,200,1971,0.09212344541685859,0.07600299305641867,-0.01612045236043992,0.4376103500761035,0.0,0.0,0.0,0.009174311926605505,0.005,0.09958715596330277,0.045871559633027525,0.05,0.4979357798165138,0.052873563218390804,0.115,0.5739425287356322
healthy_only,spatial_5fold_repeated,Palong_Basemap,autoencoder,all14,2,2171,200,1971,0.09212344541685859,0.08313066132957242,-0.008992784087286168,0.47639776763064434,0.0,0.0,0.0,0.027522935779816515,0.015,0.29876146788990826,0.05963302752293578,0.065,0.6473165137614679,0.06896551724137931,0.15,0.7486206896551725
healthy_only,spatial_5fold_repeated,Palong_Basemap,ocsvm_nu10,all14_plus_ext,0,2171,200,1971,0.09212344541685859,0.07771999636062772,-0.014403449056230866,0.44175545408422123,0.0,0.0,0.0,0.009174311926605505,0.005,0.09958715596330277,0.045871559633027525,0.05,0.4979357798165138,0.06206896551724138,0.135,0.6737586206896552
healthy_only,spatial_5fold_repeated,Palong_Basemap,isolation_forest,all14_plus_ext,0,2171,200,1971,0.09212344541685859,0.07781985481901287,-0.014303590597845722,0.44141552511415527,0.0,0.0,0.0,0.045871559633027525,0.025,0.4979357798165138,0.05045871559633028,0.055,0.5477293577981652,0.06896551724137931,0.15,0.7486206896551725
healthy_only,spatial_5fold_repeated,Palong_Basemap,pca_recon_10,all14_plus_ext,0,2171,200,1971,0.09212344541685859,0.08875534721847819,-0.0033680981983803954,0.4932952815829529,0.045454545454545456,0.005,0.49340909090909096,0.045871559633027525,0.025,0.4979357798165138,0.09174311926605505,0.1,0.9958715596330276,0.08735632183908046,0.19,0.9482528735632184
healthy_only,spatial_5fold_repeated,Palong_Basemap,knn_dist_20,all14_plus_ext,0,2171,200,1971,0.09212344541685859,0.07656337122570435,-0.015560074191154238,0.44246575342465755,0.0,0.0,0.0,0.009174311926605505,0.005,0.09958715596330277,0.04128440366972477,0.045,0.4481422018348624,0.05747126436781609,0.125,0.6238505747126437
healthy_only,spatial_5fold_repeated,Palong_Basemap,gmm_4,all14_plus_ext,0,2171,200,1971,0.09212344541685859,0.07911078164521299,-0.013012663771645602,0.4535083713850837,0.0,0.0,0.0,0.027522935779816515,0.015,0.29876146788990826,0.045871559633027525,0.05,0.4979357798165138,0.05747126436781609,0.125,0.6238505747126437
healthy_only,spatial_5fold_repeated,Palong_Basemap,ocsvm_nu10,all14_plus_ext,1,2171,200,1971,0.09212344541685859,0.07771999636062772,-0.014403449056230866,0.44175545408422123,0.0,0.0,0.0,0.009174311926605505,0.005,0.09958715596330277,0.045871559633027525,0.05,0.4979357798165138,0.06206896551724138,0.135,0.6737586206896552
healthy_only,spatial_5fold_repeated,Palong_Basemap,isolation_forest,all14_plus_ext,1,2171,200,1971,0.09212344541685859,0.07746974270725623,-0.014653702709602354,0.43888635210553023,0.0,0.0,0.0,0.045871559633027525,0.025,0.4979357798165138,0.05045871559633028,0.055,0.5477293577981652,0.06206896551724138,0.135,0.6737586206896552
healthy_only,spatial_5fold_repeated,Palong_Basemap,pca_recon_10,all14_plus_ext,1,2171,200,1971,0.09212344541685859,0.08875534721847819,-0.0033680981983803954,0.4932952815829529,0.045454545454545456,0.005,0.49340909090909096,0.045871559633027525,0.025,0.4979357798165138,0.09174311926605505,0.1,0.9958715596330276,0.08735632183908046,0.19,0.9482528735632184
healthy_only,spatial_5fold_repeated,Palong_Basemap,knn_dist_20,all14_plus_ext,1,2171,200,1971,0.09212344541685859,0.07656337122570435,-0.015560074191154238,0.44246575342465755,0.0,0.0,0.0,0.009174311926605505,0.005,0.09958715596330277,0.04128440366972477,0.045,0.4481422018348624,0.05747126436781609,0.125,0.6238505747126437
healthy_only,spatial_5fold_repeated,Palong_Basemap,gmm_4,all14_plus_ext,1,2171,200,1971,0.09212344541685859,0.0793831424033131,-0.012740303013545493,0.45358954845256216,0.0,0.0,0.0,0.01834862385321101,0.01,0.19917431192660554,0.05504587155963303,0.06,0.5975229357798165,0.059770114942528735,0.13,0.6488045977011494
healthy_only,spatial_5fold_repeated,Palong_Basemap,ocsvm_nu10,all14_plus_ext,2,2171,200,1971,0.09212344541685859,0.07771999636062772,-0.014403449056230866,0.44175545408422123,0.0,0.0,0.0,0.009174311926605505,0.005,0.09958715596330277,0.045871559633027525,0.05,0.4979357798165138,0.06206896551724138,0.135,0.6737586206896552
healthy_only,spatial_5fold_repeated,Palong_Basemap,isolation_forest,all14_plus_ext,2,2171,200,1971,0.09212344541685859,0.0766600004967317,-0.015463444920126884,0.43082699137493663,0.0,0.0,0.0,0.045871559633027525,0.025,0.4979357798165138,0.05504587155963303,0.06,0.5975229357798165,0.06206896551724138,0.135,0.6737586206896552
healthy_only,spatial_5fold_repeated,Palong_Basemap,pca_recon_10,all14_plus_ext,2,2171,200,1971,0.09212344541685859,0.08875534721847819,-0.0033680981983803954,0.4932952815829529,0.045454545454545456,0.005,0.49340909090909096,0.045871559633027525,0.025,0.4979357798165138,0.09174311926605505,0.1,0.9958715596330276,0.08735632183908046,0.19,0.9482528735632184
healthy_only,spatial_5fold_repeated,Palong_Basemap,knn_dist_20,all14_plus_ext,2,2171,200,1971,0.09212344541685859,0.07656337122570435,-0.015560074191154238,0.44246575342465755,0.0,0.0,0.0,0.009174311926605505,0.005,0.09958715596330277,0.04128440366972477,0.045,0.4481422018348624,0.05747126436781609,0.125,0.6238505747126437
healthy_only,spatial_5fold_repeated,Palong_Basemap,gmm_4,all14_plus_ext,2,2171,200,1971,0.09212344541685859,0.07885328710661386,-0.013270158310244723,0.45497970573313046,0.0,0.0,0.0,0.01834862385321101,0.01,0.19917431192660554,0.05045871559633028,0.055,0.5477293577981652,0.04827586206896552,0.105,0.5240344827586207
healthy_only,spatial_5fold_repeated,Palong_Basemap,ocsvm_nu10,local14,0,2171,200,1971,0.09212344541685859,0.09304943116933767,0.0009259857524790832,0.5165246067985795,0.0,0.0,0.0,0.045871559633027525,0.025,0.4979357798165138,0.0871559633027523,0.095,0.9460779816513762,0.0896551724137931,0.195,0.9732068965517242
healthy_only,spatial_5fold_repeated,Palong_Basemap,isolation_forest,local14,0,2171,200,1971,0.09212344541685859,0.0971228265422934,0.0049993811254348125,0.5361440892947742,0.0,0.0,0.0,0.08256880733944955,0.045,0.8962844036697248,0.0871559633027523,0.095,0.9460779816513762,0.09655172413793103,0.21,1.0480689655172415
healthy_only,spatial_5fold_repeated,Palong_Basemap,pca_recon_10,local14,0,2171,200,1971,0.09212344541685859,0.11069011860179001,0.018566673184931423,0.5764003044140031,0.0,0.0,0.0,0.11009174311926606,0.06,1.195045871559633,0.11926605504587157,0.13,1.2946330275229359,0.11724137931034483,0.255,1.2726551724137931
healthy_only,spatial_5fold_repeated,Palong_Basemap,knn_dist_20,local14,0,2171,200,1971,0.09212344541685859,0.09555721236556794,0.003433766948709352,0.5385438863521056,0.0,0.0,0.0,0.06422018348623854,0.035,0.6971100917431193,0.08256880733944955,0.09,0.8962844036697248,0.09195402298850575,0.2,0.9981609195402299
healthy_only,spatial_5fold_repeated,Palong_Basemap,gmm_4,local14,0,2171,200,1971,0.09212344541685859,0.09851386693499779,0.0063904215181392054,0.5475443937087774,0.045454545454545456,0.005,0.49340909090909096,0.06422018348623854,0.035,0.6971100917431193,0.0779816513761468,0.085,0.8464908256880734,0.10344827586206896,0.225,1.1229310344827585
healthy_only,spatial_5fold_repeated,Palong_Basemap,ocsvm_nu10,local14,1,2171,200,1971,0.09212344541685859,0.09304943116933767,0.0009259857524790832,0.5165246067985795,0.0,0.0,0.0,0.045871559633027525,0.025,0.4979357798165138,0.0871559633027523,0.095,0.9460779816513762,0.0896551724137931,0.195,0.9732068965517242
healthy_only,spatial_5fold_repeated,Palong_Basemap,isolation_forest,local14,1,2171,200,1971,0.09212344541685859,0.09611515242004767,0.003991707003189085,0.5341298833079656,0.0,0.0,0.0,0.09174311926605505,0.05,0.9958715596330276,0.08256880733944955,0.09,0.8962844036697248,0.09655172413793103,0.21,1.0480689655172415
healthy_only,spatial_5fold_repeated,Palong_Basemap,pca_recon_10,local14,1,2171,200,1971,0.09212344541685859,0.11069011860179001,0.018566673184931423,0.5764003044140031,0.0,0.0,0.0,0.11009174311926606,0.06,1.195045871559633,0.11926605504587157,0.13,1.2946330275229359,0.11724137931034483,0.255,1.2726551724137931
healthy_only,spatial_5fold_repeated,Palong_Basemap,knn_dist_20,local14,1,2171,200,1971,0.09212344541685859,0.09555721236556794,0.003433766948709352,0.5385438863521056,0.0,0.0,0.0,0.06422018348623854,0.035,0.6971100917431193,0.08256880733944955,0.09,0.8962844036697248,0.09195402298850575,0.2,0.9981609195402299
healthy_only,spatial_5fold_repeated,Palong_Basemap,gmm_4,local14,1,2171,200,1971,0.09212344541685859,0.0983846785160272,0.006261233099168609,0.5437392186707255,0.0,0.0,0.0,0.08256880733944955,0.045,0.8962844036697248,0.0871559633027523,0.095,0.9460779816513762,0.10114942528735632,0.22,1.0979770114942529
healthy_only,spatial_5fold_repeated,Palong_Basemap,ocsvm_nu10,local14,2,2171,200,1971,0.09212344541685859,0.09304943116933767,0.0009259857524790832,0.5165246067985795,0.0,0.0,0.0,0.045871559633027525,0.025,0.4979357798165138,0.0871559633027523,0.095,0.9460779816513762,0.0896551724137931,0.195,0.9732068965517242
healthy_only,spatial_5fold_repeated,Palong_Basemap,isolation_forest,local14,2,2171,200,1971,0.09212344541685859,0.09725693633638594,0.005133490919527348,0.5391298833079655,0.0,0.0,0.0,0.08256880733944955,0.045,0.8962844036697248,0.0779816513761468,0.085,0.8464908256880734,0.09655172413793103,0.21,1.0480689655172415
healthy_only,spatial_5fold_repeated,Palong_Basemap,pca_recon_10,local14,2,2171,200,1971,0.09212344541685859,0.11069011860179001,0.018566673184931423,0.5764003044140031,0.0,0.0,0.0,0.11009174311926606,0.06,1.195045871559633,0.11926605504587157,0.13,1.2946330275229359,0.11724137931034483,0.255,1.2726551724137931
healthy_only,spatial_5fold_repeated,Palong_Basemap,knn_dist_20,local14,2,2171,200,1971,0.09212344541685859,0.09555721236556794,0.003433766948709352,0.5385438863521056,0.0,0.0,0.0,0.06422018348623854,0.035,0.6971100917431193,0.08256880733944955,0.09,0.8962844036697248,0.09195402298850575,0.2,0.9981609195402299
healthy_only,spatial_5fold_repeated,Palong_Basemap,gmm_4,local14,2,2171,200,1971,0.09212344541685859,0.09909672030632745,0.006973274889468861,0.5477042110603754,0.045454545454545456,0.005,0.49340909090909096,0.045871559633027525,0.025,0.4979357798165138,0.08256880733944955,0.09,0.8962844036697248,0.10114942528735632,0.22,1.0979770114942529
healthy_only,spatial_5fold_repeated,Palong_Basemap,ocsvm_nu10,all14_plus_local,0,2171,200,1971,0.09212344541685859,0.08508807650130745,-0.007035368915551135,0.49194317605276516,0.0,0.0,0.0,0.01834862385321101,0.01,0.19917431192660554,0.045871559633027525,0.05,0.4979357798165138,0.08045977011494253,0.175,0.8733908045977011
healthy_only,spatial_5fold_repeated,Palong_Basemap,isolation_forest,all14_plus_local,0,2171,200,1971,0.09212344541685859,0.08342750848756632,-0.00869593692929227,0.480441400304414,0.0,0.0,0.0,0.009174311926605505,0.005,0.09958715596330277,0.05963302752293578,0.065,0.6473165137614679,0.07126436781609195,0.155,0.7735747126436782
healthy_only,spatial_5fold_repeated,Palong_Basemap,pca_recon_10,all14_plus_local,0,2171,200,1971,0.09212344541685859,0.0853905073595116,-0.006732938057346982,0.4947539320142059,0.0,0.0,0.0,0.045871559633027525,0.025,0.4979357798165138,0.05504587155963303,0.06,0.5975229357798165,0.06436781609195402,0.14,0.6987126436781609
healthy_only,spatial_5fold_repeated,Palong_Basemap,knn_dist_20,all14_plus_local,0,2171,200,1971,0.09212344541685859,0.08312203935148357,-0.009001406065375014,0.48694571283612376,0.0,0.0,0.0,0.01834862385321101,0.01,0.19917431192660554,0.04128440366972477,0.045,0.4481422018348624,0.06206896551724138,0.135,0.6737586206896552
healthy_only,spatial_5fold_repeated,Palong_Basemap,gmm_4,all14_plus_local,0,2171,200,1971,0.09212344541685859,0.08527984722233761,-0.006843598194520975,0.4974454591577879,0.0,0.0,0.0,0.027522935779816515,0.015,0.29876146788990826,0.045871559633027525,0.05,0.4979357798165138,0.06896551724137931,0.15,0.7486206896551725
healthy_only,spatial_5fold_repeated,Palong_Basemap,ocsvm_nu10,all14_plus_local,1,2171,200,1971,0.09212344541685859,0.08508807650130745,-0.007035368915551135,0.49194317605276516,0.0,0.0,0.0,0.01834862385321101,0.01,0.19917431192660554,0.045871559633027525,0.05,0.4979357798165138,0.08045977011494253,0.175,0.8733908045977011
healthy_only,spatial_5fold_repeated,Palong_Basemap,isolation_forest,all14_plus_local,1,2171,200,1971,0.09212344541685859,0.08281616237856247,-0.009307283038296116,0.47863267376966007,0.0,0.0,0.0,0.009174311926605505,0.005,0.09958715596330277,0.05963302752293578,0.065,0.6473165137614679,0.0735632183908046,0.16,0.798528735632184
healthy_only,spatial_5fold_repeated,Palong_Basemap,pca_recon_10,all14_plus_local,1,2171,200,1971,0.09212344541685859,0.0853905073595116,-0.006732938057346982,0.4947539320142059,0.0,0.0,0.0,0.045871559633027525,0.025,0.4979357798165138,0.05504587155963303,0.06,0.5975229357798165,0.06436781609195402,0.14,0.6987126436781609
healthy_only,spatial_5fold_repeated,Palong_Basemap,knn_dist_20,all14_plus_local,1,2171,200,1971,0.09212344541685859,0.08312203935148357,-0.009001406065375014,0.48694571283612376,0.0,0.0,0.0,0.01834862385321101,0.01,0.19917431192660554,0.04128440366972477,0.045,0.4481422018348624,0.06206896551724138,0.135,0.6737586206896552
healthy_only,spatial_5fold_repeated,Palong_Basemap,gmm_4,all14_plus_local,1,2171,200,1971,0.09212344541685859,0.08550252221517546,-0.006620923201683129,0.4990537798072045,0.0,0.0,0.0,0.027522935779816515,0.015,0.29876146788990826,0.027522935779816515,0.03,0.29876146788990826,0.06896551724137931,0.15,0.7486206896551725
healthy_only,spatial_5fold_repeated,Palong_Basemap,ocsvm_nu10,all14_plus_local,2,2171,200,1971,0.09212344541685859,0.08508807650130745,-0.007035368915551135,0.49194317605276516,0.0,0.0,0.0,0.01834862385321101,0.01,0.19917431192660554,0.045871559633027525,0.05,0.4979357798165138,0.08045977011494253,0.175,0.8733908045977011
healthy_only,spatial_5fold_repeated,Palong_Basemap,isolation_forest,all14_plus_local,2,2171,200,1971,0.09212344541685859,0.08332896913850729,-0.008794476278351296,0.48019533231862,0.0,0.0,0.0,0.009174311926605505,0.005,0.09958715596330277,0.06422018348623854,0.07,0.6971100917431193,0.07126436781609195,0.155,0.7735747126436782
healthy_only,spatial_5fold_repeated,Palong_Basemap,pca_recon_10,all14_plus_local,2,2171,200,1971,0.09212344541685859,0.0853905073595116,-0.006732938057346982,0.4947539320142059,0.0,0.0,0.0,0.045871559633027525,0.025,0.4979357798165138,0.05504587155963303,0.06,0.5975229357798165,0.06436781609195402,0.14,0.6987126436781609
healthy_only,spatial_5fold_repeated,Palong_Basemap,knn_dist_20,all14_plus_local,2,2171,200,1971,0.09212344541685859,0.08312203935148357,-0.009001406065375014,0.48694571283612376,0.0,0.0,0.0,0.01834862385321101,0.01,0.19917431192660554,0.04128440366972477,0.045,0.4481422018348624,0.06206896551724138,0.135,0.6737586206896552
healthy_only,spatial_5fold_repeated,Palong_Basemap,gmm_4,all14_plus_local,2,2171,200,1971,0.09212344541685859,0.08584660334463777,-0.006276842072220817,0.49815829528158295,0.0,0.0,0.0,0.045871559633027525,0.025,0.4979357798165138,0.045871559633027525,0.05,0.4979357798165138,0.08045977011494253,0.175,0.8733908045977011
healthy_only,spatial_5fold_repeated,Palong_Basemap,ocsvm_nu10,raw4_plus_local,0,2171,200,1971,0.09212344541685859,0.08099604314363948,-0.011127402273219109,0.4725139523084729,0.0,0.0,0.0,0.01834862385321101,0.01,0.19917431192660554,0.04128440366972477,0.045,0.4481422018348624,0.052873563218390804,0.115,0.5739425287356322
healthy_only,spatial_5fold_repeated,Palong_Basemap,isolation_forest,raw4_plus_local,0,2171,200,1971,0.09212344541685859,0.08101536848951515,-0.011108076927343433,0.4769660071029933,0.0,0.0,0.0,0.009174311926605505,0.005,0.09958715596330277,0.045871559633027525,0.05,0.4979357798165138,0.059770114942528735,0.13,0.6488045977011494
healthy_only,spatial_5fold_repeated,Palong_Basemap,pca_recon_10,raw4_plus_local,0,2171,200,1971,0.09212344541685859,0.07330810993795198,-0.01881533547890661,0.42003297818366314,0.0,0.0,0.0,0.027522935779816515,0.015,0.29876146788990826,0.03669724770642202,0.04,0.39834862385321107,0.041379310344827586,0.09,0.44917241379310346
healthy_only,spatial_5fold_repeated,Palong_Basemap,knn_dist_20,raw4_plus_local,0,2171,200,1971,0.09212344541685859,0.081824494880862,-0.010298950535996582,0.48399036022323694,0.0,0.0,0.0,0.01834862385321101,0.01,0.19917431192660554,0.03669724770642202,0.04,0.39834862385321107,0.04827586206896552,0.105,0.5240344827586207
healthy_only,spatial_5fold_repeated,Palong_Basemap,gmm_4,raw4_plus_local,0,2171,200,1971,0.09212344541685859,0.08111478012988557,-0.011008665286973016,0.47735667174023344,0.0,0.0,0.0,0.03669724770642202,0.02,0.39834862385321107,0.03669724770642202,0.04,0.39834862385321107,0.052873563218390804,0.115,0.5739425287356322
healthy_only,spatial_5fold_repeated,Palong_Basemap,ocsvm_nu10,raw4_plus_local,1,2171,200,1971,0.09212344541685859,0.08099604314363948,-0.011127402273219109,0.4725139523084729,0.0,0.0,0.0,0.01834862385321101,0.01,0.19917431192660554,0.04128440366972477,0.045,0.4481422018348624,0.052873563218390804,0.115,0.5739425287356322
healthy_only,spatial_5fold_repeated,Palong_Basemap,isolation_forest,raw4_plus_local,1,2171,200,1971,0.09212344541685859,0.0815038453772326,-0.01061960003962599,0.48031456113647897,0.0,0.0,0.0,0.009174311926605505,0.005,0.09958715596330277,0.05045871559633028,0.055,0.5477293577981652,0.059770114942528735,0.13,0.6488045977011494
healthy_only,spatial_5fold_repeated,Palong_Basemap,pca_recon_10,raw4_plus_local,1,2171,200,1971,0.09212344541685859,0.07330810993795198,-0.01881533547890661,0.42003297818366314,0.0,0.0,0.0,0.027522935779816515,0.015,0.29876146788990826,0.03669724770642202,0.04,0.39834862385321107,0.041379310344827586,0.09,0.44917241379310346
healthy_only,spatial_5fold_repeated,Palong_Basemap,knn_dist_20,raw4_plus_local,1,2171,200,1971,0.09212344541685859,0.081824494880862,-0.010298950535996582,0.48399036022323694,0.0,0.0,0.0,0.01834862385321101,0.01,0.19917431192660554,0.03669724770642202,0.04,0.39834862385321107,0.04827586206896552,0.105,0.5240344827586207
healthy_only,spatial_5fold_repeated,Palong_Basemap,gmm_4,raw4_plus_local,1,2171,200,1971,0.09212344541685859,0.08166752301143747,-0.01045592240542112,0.4804033485540335,0.0,0.0,0.0,0.03669724770642202,0.02,0.39834862385321107,0.03669724770642202,0.04,0.39834862385321107,0.052873563218390804,0.115,0.5739425287356322
healthy_only,spatial_5fold_repeated,Palong_Basemap,ocsvm_nu10,raw4_plus_local,2,2171,200,1971,0.09212344541685859,0.08099604314363948,-0.011127402273219109,0.4725139523084729,0.0,0.0,0.0,0.01834862385321101,0.01,0.19917431192660554,0.04128440366972477,0.045,0.4481422018348624,0.052873563218390804,0.115,0.5739425287356322
healthy_only,spatial_5fold_repeated,Palong_Basemap,isolation_forest,raw4_plus_local,2,2171,200,1971,0.09212344541685859,0.08084912875525477,-0.01127431666160382,0.47492897006595636,0.0,0.0,0.0,0.01834862385321101,0.01,0.19917431192660554,0.045871559633027525,0.05,0.4979357798165138,0.05747126436781609,0.125,0.6238505747126437
healthy_only,spatial_5fold_repeated,Palong_Basemap,pca_recon_10,raw4_plus_local,2,2171,200,1971,0.09212344541685859,0.07330810993795198,-0.01881533547890661,0.42003297818366314,0.0,0.0,0.0,0.027522935779816515,0.015,0.29876146788990826,0.03669724770642202,0.04,0.39834862385321107,0.041379310344827586,0.09,0.44917241379310346
healthy_only,spatial_5fold_repeated,Palong_Basemap,knn_dist_20,raw4_plus_local,2,2171,200,1971,0.09212344541685859,0.081824494880862,-0.010298950535996582,0.48399036022323694,0.0,0.0,0.0,0.01834862385321101,0.01,0.19917431192660554,0.03669724770642202,0.04,0.39834862385321107,0.04827586206896552,0.105,0.5240344827586207
healthy_only,spatial_5fold_repeated,Palong_Basemap,gmm_4,raw4_plus_local,2,2171,200,1971,0.09212344541685859,0.08089831224663646,-0.011225133170222126,0.4764764079147641,0.0,0.0,0.0,0.027522935779816515,0.015,0.29876146788990826,0.04128440366972477,0.045,0.4481422018348624,0.05057471264367816,0.11,0.5489885057471264
healthy_only,spatial_5fold_repeated,Palong_Basemap,ocsvm_nu10,raw4,0,2171,200,1971,0.09212344541685859,0.08162937932873755,-0.010494066088121035,0.4681113647894469,0.0,0.0,0.0,0.009174311926605505,0.005,0.09958715596330277,0.03669724770642202,0.04,0.39834862385321107,0.07126436781609195,0.155,0.7735747126436782
healthy_only,spatial_5fold_repeated,Palong_Basemap,isolation_forest,raw4,0,2171,200,1971,0.09212344541685859,0.07773657448285894,-0.014386870933999651,0.44463089802130895,0.0,0.0,0.0,0.0,0.0,0.0,0.03211009174311927,0.035,0.34855504587155967,0.05747126436781609,0.125,0.6238505747126437
healthy_only,spatial_5fold_repeated,Palong_Basemap,pca_recon_10,raw4,0,2171,200,1971,0.09212344541685859,0.08045880925176356,-0.011664636165095027,0.45225139523084734,0.0,0.0,0.0,0.009174311926605505,0.005,0.09958715596330277,0.03211009174311927,0.035,0.34855504587155967,0.07126436781609195,0.155,0.7735747126436782
healthy_only,spatial_5fold_repeated,Palong_Basemap,knn_dist_20,raw4,0,2171,200,1971,0.09212344541685859,0.0765311131670102,-0.015592332249848392,0.4417364282090309,0.0,0.0,0.0,0.009174311926605505,0.005,0.09958715596330277,0.027522935779816515,0.03,0.29876146788990826,0.052873563218390804,0.115,0.5739425287356322
healthy_only,spatial_5fold_repeated,Palong_Basemap,gmm_4,raw4,0,2171,200,1971,0.09212344541685859,0.07827131254760229,-0.013852132869256295,0.4504578893962456,0.0,0.0,0.0,0.027522935779816515,0.015,0.29876146788990826,0.027522935779816515,0.03,0.29876146788990826,0.06666666666666667,0.145,0.7236666666666667
healthy_only,spatial_5fold_repeated,Palong_Basemap,ocsvm_nu10,raw4,1,2171,200,1971,0.09212344541685859,0.08162937932873755,-0.010494066088121035,0.4681113647894469,0.0,0.0,0.0,0.009174311926605505,0.005,0.09958715596330277,0.03669724770642202,0.04,0.39834862385321107,0.07126436781609195,0.155,0.7735747126436782
healthy_only,spatial_5fold_repeated,Palong_Basemap,isolation_forest,raw4,1,2171,200,1971,0.09212344541685859,0.07745502581920641,-0.01466841959765218,0.4426065449010654,0.0,0.0,0.0,0.009174311926605505,0.005,0.09958715596330277,0.03211009174311927,0.035,0.34855504587155967,0.05747126436781609,0.125,0.6238505747126437
healthy_only,spatial_5fold_repeated,Palong_Basemap,pca_recon_10,raw4,1,2171,200,1971,0.09212344541685859,0.08045880925176356,-0.011664636165095027,0.45225139523084734,0.0,0.0,0.0,0.009174311926605505,0.005,0.09958715596330277,0.03211009174311927,0.035,0.34855504587155967,0.07126436781609195,0.155,0.7735747126436782
healthy_only,spatial_5fold_repeated,Palong_Basemap,knn_dist_20,raw4,1,2171,200,1971,0.09212344541685859,0.0765311131670102,-0.015592332249848392,0.4417364282090309,0.0,0.0,0.0,0.009174311926605505,0.005,0.09958715596330277,0.027522935779816515,0.03,0.29876146788990826,0.052873563218390804,0.115,0.5739425287356322
healthy_only,spatial_5fold_repeated,Palong_Basemap,gmm_4,raw4,1,2171,200,1971,0.09212344541685859,0.07843764831093518,-0.013685797105923408,0.450835870116692,0.0,0.0,0.0,0.01834862385321101,0.01,0.19917431192660554,0.03669724770642202,0.04,0.39834862385321107,0.06206896551724138,0.135,0.6737586206896552
healthy_only,spatial_5fold_repeated,Palong_Basemap,ocsvm_nu10,raw4,2,2171,200,1971,0.09212344541685859,0.08162937932873755,-0.010494066088121035,0.4681113647894469,0.0,0.0,0.0,0.009174311926605505,0.005,0.09958715596330277,0.03669724770642202,0.04,0.39834862385321107,0.07126436781609195,0.155,0.7735747126436782
healthy_only,spatial_5fold_repeated,Palong_Basemap,isolation_forest,raw4,2,2171,200,1971,0.09212344541685859,0.07618561586808958,-0.015937829548769003,0.432373160832065,0.0,0.0,0.0,0.009174311926605505,0.005,0.09958715596330277,0.03211009174311927,0.035,0.34855504587155967,0.05517241379310345,0.12,0.5988965517241379
healthy_only,spatial_5fold_repeated,Palong_Basemap,pca_recon_10,raw4,2,2171,200,1971,0.09212344541685859,0.08045880925176356,-0.011664636165095027,0.45225139523084734,0.0,0.0,0.0,0.009174311926605505,0.005,0.09958715596330277,0.03211009174311927,0.035,0.34855504587155967,0.07126436781609195,0.155,0.7735747126436782
healthy_only,spatial_5fold_repeated,Palong_Basemap,knn_dist_20,raw4,2,2171,200,1971,0.09212344541685859,0.0765311131670102,-0.015592332249848392,0.4417364282090309,0.0,0.0,0.0,0.009174311926605505,0.005,0.09958715596330277,0.027522935779816515,0.03,0.29876146788990826,0.052873563218390804,0.115,0.5739425287356322
healthy_only,spatial_5fold_repeated,Palong_Basemap,gmm_4,raw4,2,2171,200,1971,0.09212344541685859,0.0783646876473921,-0.013758757769466487,0.4504528158295281,0.0,0.0,0.0,0.01834862385321101,0.01,0.19917431192660554,0.04128440366972477,0.045,0.4481422018348624,0.06436781609195402,0.14,0.6987126436781609
healthy_only,spatial_5fold_repeated,Serting_Basemap,ocsvm_nu05,all14,0,1667,154,1513,0.09238152369526095,0.09148186871911462,-0.0008996549761463302,0.4622964609745839,0.11764705882352941,0.012987012987012988,1.2734912146676851,0.13095238095238096,0.07142857142857142,1.417517006802721,0.10179640718562874,0.11038961038961038,1.1019130570028772,0.07784431137724551,0.16883116883116883,0.8426393965316121
healthy_only,spatial_5fold_repeated,Serting_Basemap,ocsvm_nu10,all14,0,1667,154,1513,0.09238152369526095,0.09194143042307257,-0.00044009327218838545,0.4606054883649068,0.11764705882352941,0.012987012987012988,1.2734912146676851,0.13095238095238096,0.07142857142857142,1.417517006802721,0.08982035928143713,0.09740259740259741,0.9722762267672447,0.08383233532934131,0.18181818181818182,0.9074578116494283
healthy_only,spatial_5fold_repeated,Serting_Basemap,ocsvm_nu20,all14,0,1667,154,1513,0.09238152369526095,0.0921910133334781,-0.00019051036178285852,0.46004755323988633,0.11764705882352941,0.012987012987012988,1.2734912146676851,0.14285714285714285,0.07792207792207792,1.546382189239332,0.09580838323353294,0.1038961038961039,1.037094641885061,0.07784431137724551,0.16883116883116883,0.8426393965316121
healthy_only,spatial_5fold_repeated,Serting_Basemap,isolation_forest,all14,0,1667,154,1513,0.09238152369526095,0.08851624022053382,-0.0038652834747271297,0.46570844885451623,0.058823529411764705,0.006493506493506494,0.6367456073338426,0.09523809523809523,0.05194805194805195,1.030921459492888,0.08383233532934131,0.09090909090909091,0.9074578116494283,0.0718562874251497,0.15584415584415584,0.7778209814137957
healthy_only,spatial_5fold_repeated,Serting_Basemap,lof_25,all14,0,1667,154,1513,0.09238152369526095,0.09457760762842392,0.002196083933162965,0.48848507738131003,0.11764705882352941,0.012987012987012988,1.2734912146676851,0.10714285714285714,0.05844155844155844,1.1597866419294989,0.08982035928143713,0.09740259740259741,0.9722762267672447,0.08083832335329341,0.17532467532467533,0.8750486040905202
healthy_only,spatial_5fold_repeated,Serting_Basemap,gmm_4,all14,0,1667,154,1513,0.09238152369526095,0.09144371663091405,-0.0009378070643469016,0.47201311576724664,0.11764705882352941,0.012987012987012988,1.2734912146676851,0.10714285714285714,0.05844155844155844,1.1597866419294989,0.09580838323353294,0.1038961038961039,1.037094641885061,0.08383233532934131,0.18181818181818182,0.9074578116494283
healthy_only,spatial_5fold_repeated,Serting_Basemap,gmm_8,all14,0,1667,154,1513,0.09238152369526095,0.0973311901497586,0.004949666454497653,0.49878541815091715,0.17647058823529413,0.01948051948051948,1.910236822001528,0.09523809523809523,0.05194805194805195,1.030921459492888,0.08982035928143713,0.09740259740259741,0.9722762267672447,0.08682634730538923,0.18831168831168832,0.9398670192083366
healthy_only,spatial_5fold_repeated,Serting_Basemap,pca_recon_10,all14,0,1667,154,1513,0.09238152369526095,0.08846117256270034,-0.003920351132560618,0.4704680646518056,0.11764705882352941,0.012987012987012988,1.2734912146676851,0.08333333333333333,0.045454545454545456,0.902056277056277,0.08383233532934131,0.09090909090909091,0.9074578116494283,0.08083832335329341,0.17532467532467533,0.8750486040905202
healthy_only,spatial_5fold_repeated,Serting_Basemap,knn_dist_20,all14,0,1667,154,1513,0.09238152369526095,0.0945006731102361,0.002119149414975152,0.47167835469223435,0.23529411764705882,0.025974025974025976,2.5469824293353702,0.10714285714285714,0.05844155844155844,1.1597866419294989,0.10179640718562874,0.11038961038961038,1.1019130570028772,0.08383233532934131,0.18181818181818182,0.9074578116494283
healthy_only,spatial_5fold_repeated,Serting_Basemap,mahalanobis,all14,0,1667,154,1513,0.09238152369526095,0.08878657971754114,-0.003594943977719811,0.4670646603891812,0.11764705882352941,0.012987012987012988,1.2734912146676851,0.047619047619047616,0.025974025974025976,0.515460729746444,0.10179640718562874,0.11038961038961038,1.1019130570028772,0.07784431137724551,0.16883116883116883,0.8426393965316121
healthy_only,spatial_5fold_repeated,Serting_Basemap,kmeans_dist_8,all14,0,1667,154,1513,0.09238152369526095,0.09215929759727434,-0.00022222609798661086,0.4573866318744045,0.11764705882352941,0.012987012987012988,1.2734912146676851,0.13095238095238096,0.07142857142857142,1.417517006802721,0.10179640718562874,0.11038961038961038,1.1019130570028772,0.0748502994011976,0.16233766233766234,0.8102301889727038
healthy_only,spatial_5fold_repeated,Serting_Basemap,autoencoder,all14,0,1667,154,1513,0.09238152369526095,0.11210115617270755,0.019719632477446597,0.5138324992918516,0.11764705882352941,0.012987012987012988,1.2734912146676851,0.17857142857142858,0.09740259740259741,1.9329777365491652,0.1377245508982036,0.14935064935064934,1.490823547709775,0.10778443113772455,0.23376623376623376,1.1667314721206936
healthy_only,spatial_5fold_repeated,Serting_Basemap,ocsvm_nu05,all14,1,1667,154,1513,0.09238152369526095,0.09148186871911462,-0.0008996549761463302,0.4622964609745839,0.11764705882352941,0.012987012987012988,1.2734912146676851,0.13095238095238096,0.07142857142857142,1.417517006802721,0.10179640718562874,0.11038961038961038,1.1019130570028772,0.07784431137724551,0.16883116883116883,0.8426393965316121
healthy_only,spatial_5fold_repeated,Serting_Basemap,ocsvm_nu10,all14,1,1667,154,1513,0.09238152369526095,0.09194143042307257,-0.00044009327218838545,0.4606054883649068,0.11764705882352941,0.012987012987012988,1.2734912146676851,0.13095238095238096,0.07142857142857142,1.417517006802721,0.08982035928143713,0.09740259740259741,0.9722762267672447,0.08383233532934131,0.18181818181818182,0.9074578116494283
healthy_only,spatial_5fold_repeated,Serting_Basemap,ocsvm_nu20,all14,1,1667,154,1513,0.09238152369526095,0.0921910133334781,-0.00019051036178285852,0.46004755323988633,0.11764705882352941,0.012987012987012988,1.2734912146676851,0.14285714285714285,0.07792207792207792,1.546382189239332,0.09580838323353294,0.1038961038961039,1.037094641885061,0.07784431137724551,0.16883116883116883,0.8426393965316121
healthy_only,spatial_5fold_repeated,Serting_Basemap,isolation_forest,all14,1,1667,154,1513,0.09238152369526095,0.08742633006514704,-0.004955193630113916,0.46142951562647533,0.058823529411764705,0.006493506493506494,0.6367456073338426,0.09523809523809523,0.05194805194805195,1.030921459492888,0.07784431137724551,0.08441558441558442,0.8426393965316121,0.0748502994011976,0.16233766233766234,0.8102301889727038
healthy_only,spatial_5fold_repeated,Serting_Basemap,lof_25,all14,1,1667,154,1513,0.09238152369526095,0.09457760762842392,0.002196083933162965,0.48848507738131003,0.11764705882352941,0.012987012987012988,1.2734912146676851,0.10714285714285714,0.05844155844155844,1.1597866419294989,0.08982035928143713,0.09740259740259741,0.9722762267672447,0.08083832335329341,0.17532467532467533,0.8750486040905202
healthy_only,spatial_5fold_repeated,Serting_Basemap,gmm_4,all14,1,1667,154,1513,0.09238152369526095,0.0928681708371911,0.000486647141930141,0.4722491652432168,0.17647058823529413,0.01948051948051948,1.910236822001528,0.10714285714285714,0.05844155844155844,1.1597866419294989,0.08383233532934131,0.09090909090909091,0.9074578116494283,0.08383233532934131,0.18181818181818182,0.9074578116494283
healthy_only,spatial_5fold_repeated,Serting_Basemap,gmm_8,all14,1,1667,154,1513,0.09238152369526095,0.09471516281048786,0.00233363911522691,0.4807769890387207,0.17647058823529413,0.01948051948051948,1.910236822001528,0.13095238095238096,0.07142857142857142,1.417517006802721,0.08383233532934131,0.09090909090909091,0.9074578116494283,0.08083832335329341,0.17532467532467533,0.8750486040905202
healthy_only,spatial_5fold_repeated,Serting_Basemap,pca_recon_10,all14,1,1667,154,1513,0.09238152369526095,0.08846117256270034,-0.003920351132560618,0.4704680646518056,0.11764705882352941,0.012987012987012988,1.2734912146676851,0.08333333333333333,0.045454545454545456,0.902056277056277,0.08383233532934131,0.09090909090909091,0.9074578116494283,0.08083832335329341,0.17532467532467533,0.8750486040905202
healthy_only,spatial_5fold_repeated,Serting_Basemap,knn_dist_20,all14,1,1667,154,1513,0.09238152369526095,0.0945006731102361,0.002119149414975152,0.47167835469223435,0.23529411764705882,0.025974025974025976,2.5469824293353702,0.10714285714285714,0.05844155844155844,1.1597866419294989,0.10179640718562874,0.11038961038961038,1.1019130570028772,0.08383233532934131,0.18181818181818182,0.9074578116494283
healthy_only,spatial_5fold_repeated,Serting_Basemap,mahalanobis,all14,1,1667,154,1513,0.09238152369526095,0.08878657971754114,-0.003594943977719811,0.4670646603891812,0.11764705882352941,0.012987012987012988,1.2734912146676851,0.047619047619047616,0.025974025974025976,0.515460729746444,0.10179640718562874,0.11038961038961038,1.1019130570028772,0.07784431137724551,0.16883116883116883,0.8426393965316121
healthy_only,spatial_5fold_repeated,Serting_Basemap,kmeans_dist_8,all14,1,1667,154,1513,0.09238152369526095,0.09337260451155013,0.0009910808162891804,0.4528974000223174,0.11764705882352941,0.012987012987012988,1.2734912146676851,0.11904761904761904,0.06493506493506493,1.28865182436611,0.10179640718562874,0.11038961038961038,1.1019130570028772,0.07784431137724551,0.16883116883116883,0.8426393965316121
healthy_only,spatial_5fold_repeated,Serting_Basemap,autoencoder,all14,1,1667,154,1513,0.09238152369526095,0.09449530198529067,0.002113778290029719,0.5099441206513249,0.0,0.0,0.0,0.08333333333333333,0.045454545454545456,0.902056277056277,0.09580838323353294,0.1038961038961039,1.037094641885061,0.09580838323353294,0.2077922077922078,1.037094641885061
healthy_only,spatial_5fold_repeated,Serting_Basemap,ocsvm_nu05,all14,2,1667,154,1513,0.09238152369526095,0.09148186871911462,-0.0008996549761463302,0.4622964609745839,0.11764705882352941,0.012987012987012988,1.2734912146676851,0.13095238095238096,0.07142857142857142,1.417517006802721,0.10179640718562874,0.11038961038961038,1.1019130570028772,0.07784431137724551,0.16883116883116883,0.8426393965316121
healthy_only,spatial_5fold_repeated,Serting_Basemap,ocsvm_nu10,all14,2,1667,154,1513,0.09238152369526095,0.09194143042307257,-0.00044009327218838545,0.4606054883649068,0.11764705882352941,0.012987012987012988,1.2734912146676851,0.13095238095238096,0.07142857142857142,1.417517006802721,0.08982035928143713,0.09740259740259741,0.9722762267672447,0.08383233532934131,0.18181818181818182,0.9074578116494283
healthy_only,spatial_5fold_repeated,Serting_Basemap,ocsvm_nu20,all14,2,1667,154,1513,0.09238152369526095,0.0921910133334781,-0.00019051036178285852,0.46004755323988633,0.11764705882352941,0.012987012987012988,1.2734912146676851,0.14285714285714285,0.07792207792207792,1.546382189239332,0.09580838323353294,0.1038961038961039,1.037094641885061,0.07784431137724551,0.16883116883116883,0.8426393965316121
healthy_only,spatial_5fold_repeated,Serting_Basemap,isolation_forest,all14,2,1667,154,1513,0.09238152369526095,0.08610177166527232,-0.006279752029988636,0.4617514012755255,0.058823529411764705,0.006493506493506494,0.6367456073338426,0.08333333333333333,0.045454545454545456,0.902056277056277,0.07784431137724551,0.08441558441558442,0.8426393965316121,0.0748502994011976,0.16233766233766234,0.8102301889727038
healthy_only,spatial_5fold_repeated,Serting_Basemap,lof_25,all14,2,1667,154,1513,0.09238152369526095,0.09457760762842392,0.002196083933162965,0.48848507738131003,0.11764705882352941,0.012987012987012988,1.2734912146676851,0.10714285714285714,0.05844155844155844,1.1597866419294989,0.08982035928143713,0.09740259740259741,0.9722762267672447,0.08083832335329341,0.17532467532467533,0.8750486040905202
healthy_only,spatial_5fold_repeated,Serting_Basemap,gmm_4,all14,2,1667,154,1513,0.09238152369526095,0.09090340250099738,-0.0014781211942635764,0.47045948103449753,0.11764705882352941,0.012987012987012988,1.2734912146676851,0.09523809523809523,0.05194805194805195,1.030921459492888,0.08383233532934131,0.09090909090909091,0.9074578116494283,0.08383233532934131,0.18181818181818182,0.9074578116494283
healthy_only,spatial_5fold_repeated,Serting_Basemap,gmm_8,all14,2,1667,154,1513,0.09238152369526095,0.09461499825764266,0.00223347456238171,0.4863949665668105,0.11764705882352941,0.012987012987012988,1.2734912146676851,0.10714285714285714,0.05844155844155844,1.1597866419294989,0.0718562874251497,0.07792207792207792,0.7778209814137957,0.08982035928143713,0.19480519480519481,0.9722762267672447
healthy_only,spatial_5fold_repeated,Serting_Basemap,pca_recon_10,all14,2,1667,154,1513,0.09238152369526095,0.08846117256270034,-0.003920351132560618,0.4704680646518056,0.11764705882352941,0.012987012987012988,1.2734912146676851,0.08333333333333333,0.045454545454545456,0.902056277056277,0.08383233532934131,0.09090909090909091,0.9074578116494283,0.08083832335329341,0.17532467532467533,0.8750486040905202
healthy_only,spatial_5fold_repeated,Serting_Basemap,knn_dist_20,all14,2,1667,154,1513,0.09238152369526095,0.0945006731102361,0.002119149414975152,0.47167835469223435,0.23529411764705882,0.025974025974025976,2.5469824293353702,0.10714285714285714,0.05844155844155844,1.1597866419294989,0.10179640718562874,0.11038961038961038,1.1019130570028772,0.08383233532934131,0.18181818181818182,0.9074578116494283
healthy_only,spatial_5fold_repeated,Serting_Basemap,mahalanobis,all14,2,1667,154,1513,0.09238152369526095,0.08878657971754114,-0.003594943977719811,0.4670646603891812,0.11764705882352941,0.012987012987012988,1.2734912146676851,0.047619047619047616,0.025974025974025976,0.515460729746444,0.10179640718562874,0.11038961038961038,1.1019130570028772,0.07784431137724551,0.16883116883116883,0.8426393965316121
healthy_only,spatial_5fold_repeated,Serting_Basemap,kmeans_dist_8,all14,2,1667,154,1513,0.09238152369526095,0.09629056089174742,0.00390903719648647,0.44845537806542435,0.11764705882352941,0.012987012987012988,1.2734912146676851,0.11904761904761904,0.06493506493506493,1.28865182436611,0.10179640718562874,0.11038961038961038,1.1019130570028772,0.08083832335329341,0.17532467532467533,0.8750486040905202
healthy_only,spatial_5fold_repeated,Serting_Basemap,autoencoder,all14,2,1667,154,1513,0.09238152369526095,0.09310468364793228,0.0007231599526713317,0.4781031922472768,0.058823529411764705,0.006493506493506494,0.6367456073338426,0.11904761904761904,0.06493506493506493,1.28865182436611,0.11377245508982035,0.12337662337662338,1.2315498872385098,0.09880239520958084,0.21428571428571427,1.0695038494439693
healthy_only,spatial_5fold_repeated,Serting_Basemap,ocsvm_nu10,all14_plus_ext,0,1667,154,1513,0.09238152369526095,0.09303620191308587,0.0006546782178249166,0.462373713530356,0.11764705882352941,0.012987012987012988,1.2734912146676851,0.13095238095238096,0.07142857142857142,1.417517006802721,0.10179640718562874,0.11038961038961038,1.1019130570028772,0.08383233532934131,0.18181818181818182,0.9074578116494283
healthy_only,spatial_5fold_repeated,Serting_Basemap,isolation_forest,all14_plus_ext,0,1667,154,1513,0.09238152369526095,0.08780874319997808,-0.004572780495282869,0.46948524047003887,0.058823529411764705,0.006493506493506494,0.6367456073338426,0.09523809523809523,0.05194805194805195,1.030921459492888,0.09580838323353294,0.1038961038961039,1.037094641885061,0.08083832335329341,0.17532467532467533,0.8750486040905202
healthy_only,spatial_5fold_repeated,Serting_Basemap,pca_recon_10,all14_plus_ext,0,1667,154,1513,0.09238152369526095,0.08816757146517429,-0.004213952230086665,0.4623093364005459,0.058823529411764705,0.006493506493506494,0.6367456073338426,0.09523809523809523,0.05194805194805195,1.030921459492888,0.0718562874251497,0.07792207792207792,0.7778209814137957,0.09281437125748503,0.2012987012987013,1.0046854343261529
healthy_only,spatial_5fold_repeated,Serting_Basemap,knn_dist_20,all14_plus_ext,0,1667,154,1513,0.09238152369526095,0.0915965490802877,-0.0007849746149732467,0.47361825220384374,0.17647058823529413,0.01948051948051948,1.910236822001528,0.10714285714285714,0.05844155844155844,1.1597866419294989,0.08982035928143713,0.09740259740259741,0.9722762267672447,0.08682634730538923,0.18831168831168832,0.9398670192083366
healthy_only,spatial_5fold_repeated,Serting_Basemap,gmm_4,all14_plus_ext,0,1667,154,1513,0.09238152369526095,0.09384697764728565,0.0014654539520247006,0.4926438399670389,0.11764705882352941,0.012987012987012988,1.2734912146676851,0.05952380952380952,0.032467532467532464,0.644325912183055,0.08982035928143713,0.09740259740259741,0.9722762267672447,0.09580838323353294,0.2077922077922078,1.037094641885061
healthy_only,spatial_5fold_repeated,Serting_Basemap,ocsvm_nu10,all14_plus_ext,1,1667,154,1513,0.09238152369526095,0.09303620191308587,0.0006546782178249166,0.462373713530356,0.11764705882352941,0.012987012987012988,1.2734912146676851,0.13095238095238096,0.07142857142857142,1.417517006802721,0.10179640718562874,0.11038961038961038,1.1019130570028772,0.08383233532934131,0.18181818181818182,0.9074578116494283
healthy_only,spatial_5fold_repeated,Serting_Basemap,isolation_forest,all14_plus_ext,1,1667,154,1513,0.09238152369526095,0.08868800140577449,-0.003693522289486467,0.471171921271062,0.11764705882352941,0.012987012987012988,1.2734912146676851,0.09523809523809523,0.05194805194805195,1.030921459492888,0.10778443113772455,0.11688311688311688,1.1667314721206936,0.08383233532934131,0.18181818181818182,0.9074578116494283
healthy_only,spatial_5fold_repeated,Serting_Basemap,pca_recon_10,all14_plus_ext,1,1667,154,1513,0.09238152369526095,0.08816757146517429,-0.004213952230086665,0.4623093364005459,0.058823529411764705,0.006493506493506494,0.6367456073338426,0.09523809523809523,0.05194805194805195,1.030921459492888,0.0718562874251497,0.07792207792207792,0.7778209814137957,0.09281437125748503,0.2012987012987013,1.0046854343261529
healthy_only,spatial_5fold_repeated,Serting_Basemap,knn_dist_20,all14_plus_ext,1,1667,154,1513,0.09238152369526095,0.0915965490802877,-0.0007849746149732467,0.47361825220384374,0.17647058823529413,0.01948051948051948,1.910236822001528,0.10714285714285714,0.05844155844155844,1.1597866419294989,0.08982035928143713,0.09740259740259741,0.9722762267672447,0.08682634730538923,0.18831168831168832,0.9398670192083366
healthy_only,spatial_5fold_repeated,Serting_Basemap,gmm_4,all14_plus_ext,1,1667,154,1513,0.09238152369526095,0.09398438376273789,0.0016028600674769383,0.49557085346906893,0.11764705882352941,0.012987012987012988,1.2734912146676851,0.07142857142857142,0.03896103896103896,0.773191094619666,0.07784431137724551,0.08441558441558442,0.8426393965316121,0.09281437125748503,0.2012987012987013,1.0046854343261529
healthy_only,spatial_5fold_repeated,Serting_Basemap,ocsvm_nu10,all14_plus_ext,2,1667,154,1513,0.09238152369526095,0.09303620191308587,0.0006546782178249166,0.462373713530356,0.11764705882352941,0.012987012987012988,1.2734912146676851,0.13095238095238096,0.07142857142857142,1.417517006802721,0.10179640718562874,0.11038961038961038,1.1019130570028772,0.08383233532934131,0.18181818181818182,0.9074578116494283
healthy_only,spatial_5fold_repeated,Serting_Basemap,isolation_forest,all14_plus_ext,2,1667,154,1513,0.09238152369526095,0.08639894972819512,-0.005982573967065835,0.46187157191783756,0.058823529411764705,0.006493506493506494,0.6367456073338426,0.08333333333333333,0.045454545454545456,0.902056277056277,0.09580838323353294,0.1038961038961039,1.037094641885061,0.08383233532934131,0.18181818181818182,0.9074578116494283
healthy_only,spatial_5fold_repeated,Serting_Basemap,pca_recon_10,all14_plus_ext,2,1667,154,1513,0.09238152369526095,0.08816757146517429,-0.004213952230086665,0.4623093364005459,0.058823529411764705,0.006493506493506494,0.6367456073338426,0.09523809523809523,0.05194805194805195,1.030921459492888,0.0718562874251497,0.07792207792207792,0.7778209814137957,0.09281437125748503,0.2012987012987013,1.0046854343261529
healthy_only,spatial_5fold_repeated,Serting_Basemap,knn_dist_20,all14_plus_ext,2,1667,154,1513,0.09238152369526095,0.0915965490802877,-0.0007849746149732467,0.47361825220384374,0.17647058823529413,0.01948051948051948,1.910236822001528,0.10714285714285714,0.05844155844155844,1.1597866419294989,0.08982035928143713,0.09740259740259741,0.9722762267672447,0.08682634730538923,0.18831168831168832,0.9398670192083366
healthy_only,spatial_5fold_repeated,Serting_Basemap,gmm_4,all14_plus_ext,2,1667,154,1513,0.09238152369526095,0.09045169004705983,-0.0019298336482011236,0.48169543609067733,0.11764705882352941,0.012987012987012988,1.2734912146676851,0.07142857142857142,0.03896103896103896,0.773191094619666,0.07784431137724551,0.08441558441558442,0.8426393965316121,0.09281437125748503,0.2012987012987013,1.0046854343261529
healthy_only,spatial_5fold_repeated,Serting_Basemap,ocsvm_nu10,local14,0,1667,154,1513,0.09238152369526095,0.09777090469850533,0.005389381003244376,0.5073990781195011,0.23529411764705882,0.025974025974025976,2.5469824293353702,0.10714285714285714,0.05844155844155844,1.1597866419294989,0.08383233532934131,0.09090909090909091,0.9074578116494283,0.0718562874251497,0.15584415584415584,0.7778209814137957
healthy_only,spatial_5fold_repeated,Serting_Basemap,isolation_forest,local14,0,1667,154,1513,0.09238152369526095,0.10066713186591858,0.008285608170657627,0.5208667736757625,0.17647058823529413,0.01948051948051948,1.910236822001528,0.10714285714285714,0.05844155844155844,1.1597866419294989,0.0718562874251497,0.07792207792207792,0.7778209814137957,0.08383233532934131,0.18181818181818182,0.9074578116494283
healthy_only,spatial_5fold_repeated,Serting_Basemap,pca_recon_10,local14,0,1667,154,1513,0.09238152369526095,0.091153235755387,-0.001228287939873951,0.4874378760697333,0.058823529411764705,0.006493506493506494,0.6367456073338426,0.05952380952380952,0.032467532467532464,0.644325912183055,0.08383233532934131,0.09090909090909091,0.9074578116494283,0.09281437125748503,0.2012987012987013,1.0046854343261529
healthy_only,spatial_5fold_repeated,Serting_Basemap,knn_dist_20,local14,0,1667,154,1513,0.09238152369526095,0.10343666894527268,0.011055145250011722,0.5270040600509867,0.17647058823529413,0.01948051948051948,1.910236822001528,0.10714285714285714,0.05844155844155844,1.1597866419294989,0.0718562874251497,0.07792207792207792,0.7778209814137957,0.08083832335329341,0.17532467532467533,0.8750486040905202
healthy_only,spatial_5fold_repeated,Serting_Basemap,gmm_4,local14,0,1667,154,1513,0.09238152369526095,0.10218934553764736,0.009807821842386405,0.5287851606423979,0.11764705882352941,0.012987012987012988,1.2734912146676851,0.11904761904761904,0.06493506493506493,1.28865182436611,0.08383233532934131,0.09090909090909091,0.9074578116494283,0.09580838323353294,0.2077922077922078,1.037094641885061
healthy_only,spatial_5fold_repeated,Serting_Basemap,ocsvm_nu10,local14,1,1667,154,1513,0.09238152369526095,0.09777090469850533,0.005389381003244376,0.5073990781195011,0.23529411764705882,0.025974025974025976,2.5469824293353702,0.10714285714285714,0.05844155844155844,1.1597866419294989,0.08383233532934131,0.09090909090909091,0.9074578116494283,0.0718562874251497,0.15584415584415584,0.7778209814137957
healthy_only,spatial_5fold_repeated,Serting_Basemap,isolation_forest,local14,1,1667,154,1513,0.09238152369526095,0.10726538264451889,0.014883858949257936,0.5220126865863812,0.23529411764705882,0.025974025974025976,2.5469824293353702,0.10714285714285714,0.05844155844155844,1.1597866419294989,0.0718562874251497,0.07792207792207792,0.7778209814137957,0.09281437125748503,0.2012987012987013,1.0046854343261529
healthy_only,spatial_5fold_repeated,Serting_Basemap,pca_recon_10,local14,1,1667,154,1513,0.09238152369526095,0.091153235755387,-0.001228287939873951,0.4874378760697333,0.058823529411764705,0.006493506493506494,0.6367456073338426,0.05952380952380952,0.032467532467532464,0.644325912183055,0.08383233532934131,0.09090909090909091,0.9074578116494283,0.09281437125748503,0.2012987012987013,1.0046854343261529
healthy_only,spatial_5fold_repeated,Serting_Basemap,knn_dist_20,local14,1,1667,154,1513,0.09238152369526095,0.10343666894527268,0.011055145250011722,0.5270040600509867,0.17647058823529413,0.01948051948051948,1.910236822001528,0.10714285714285714,0.05844155844155844,1.1597866419294989,0.0718562874251497,0.07792207792207792,0.7778209814137957,0.08083832335329341,0.17532467532467533,0.8750486040905202
healthy_only,spatial_5fold_repeated,Serting_Basemap,gmm_4,local14,1,1667,154,1513,0.09238152369526095,0.10111873579360207,0.008737212098341121,0.5249740345576432,0.11764705882352941,0.012987012987012988,1.2734912146676851,0.10714285714285714,0.05844155844155844,1.1597866419294989,0.07784431137724551,0.08441558441558442,0.8426393965316121,0.09281437125748503,0.2012987012987013,1.0046854343261529
healthy_only,spatial_5fold_repeated,Serting_Basemap,ocsvm_nu10,local14,2,1667,154,1513,0.09238152369526095,0.09777090469850533,0.005389381003244376,0.5073990781195011,0.23529411764705882,0.025974025974025976,2.5469824293353702,0.10714285714285714,0.05844155844155844,1.1597866419294989,0.08383233532934131,0.09090909090909091,0.9074578116494283,0.0718562874251497,0.15584415584415584,0.7778209814137957
healthy_only,spatial_5fold_repeated,Serting_Basemap,isolation_forest,local14,2,1667,154,1513,0.09238152369526095,0.10024561410635936,0.00786409041109841,0.5190770894670431,0.17647058823529413,0.01948051948051948,1.910236822001528,0.10714285714285714,0.05844155844155844,1.1597866419294989,0.0718562874251497,0.07792207792207792,0.7778209814137957,0.09281437125748503,0.2012987012987013,1.0046854343261529
healthy_only,spatial_5fold_repeated,Serting_Basemap,pca_recon_10,local14,2,1667,154,1513,0.09238152369526095,0.091153235755387,-0.001228287939873951,0.4874378760697333,0.058823529411764705,0.006493506493506494,0.6367456073338426,0.05952380952380952,0.032467532467532464,0.644325912183055,0.08383233532934131,0.09090909090909091,0.9074578116494283,0.09281437125748503,0.2012987012987013,1.0046854343261529
healthy_only,spatial_5fold_repeated,Serting_Basemap,knn_dist_20,local14,2,1667,154,1513,0.09238152369526095,0.10343666894527268,0.011055145250011722,0.5270040600509867,0.17647058823529413,0.01948051948051948,1.910236822001528,0.10714285714285714,0.05844155844155844,1.1597866419294989,0.0718562874251497,0.07792207792207792,0.7778209814137957,0.08083832335329341,0.17532467532467533,0.8750486040905202
healthy_only,spatial_5fold_repeated,Serting_Basemap,gmm_4,local14,2,1667,154,1513,0.09238152369526095,0.10134263249544419,0.008961108800183235,0.5283173534991116,0.11764705882352941,0.012987012987012988,1.2734912146676851,0.11904761904761904,0.06493506493506493,1.28865182436611,0.07784431137724551,0.08441558441558442,0.8426393965316121,0.09580838323353294,0.2077922077922078,1.037094641885061
healthy_only,spatial_5fold_repeated,Serting_Basemap,ocsvm_nu10,all14_plus_local,0,1667,154,1513,0.09238152369526095,0.09564037754287448,0.003258853847613527,0.48848078557265595,0.17647058823529413,0.01948051948051948,1.910236822001528,0.10714285714285714,0.05844155844155844,1.1597866419294989,0.0718562874251497,0.07792207792207792,0.7778209814137957,0.08383233532934131,0.18181818181818182,0.9074578116494283
healthy_only,spatial_5fold_repeated,Serting_Basemap,isolation_forest,all14_plus_local,0,1667,154,1513,0.09238152369526095,0.09676512914448335,0.004383605449222394,0.48281988995802605,0.17647058823529413,0.01948051948051948,1.910236822001528,0.10714285714285714,0.05844155844155844,1.1597866419294989,0.08383233532934131,0.09090909090909091,0.9074578116494283,0.08383233532934131,0.18181818181818182,0.9074578116494283
healthy_only,spatial_5fold_repeated,Serting_Basemap,pca_recon_10,all14_plus_local,0,1667,154,1513,0.09238152369526095,0.10035643006447428,0.00797490636921333,0.5156951442476889,0.058823529411764705,0.006493506493506494,0.6367456073338426,0.11904761904761904,0.06493506493506493,1.28865182436611,0.11976047904191617,0.12987012987012986,1.2963683023563262,0.09580838323353294,0.2077922077922078,1.037094641885061
healthy_only,spatial_5fold_repeated,Serting_Basemap,knn_dist_20,all14_plus_local,0,1667,154,1513,0.09238152369526095,0.10123071547475698,0.00884919177949603,0.5060342829675282,0.23529411764705882,0.025974025974025976,2.5469824293353702,0.10714285714285714,0.05844155844155844,1.1597866419294989,0.08982035928143713,0.09740259740259741,0.9722762267672447,0.08982035928143713,0.19480519480519481,0.9722762267672447
healthy_only,spatial_5fold_repeated,Serting_Basemap,gmm_4,all14_plus_local,0,1667,154,1513,0.09238152369526095,0.09967045521428329,0.0072889315190223375,0.515811023081347,0.17647058823529413,0.01948051948051948,1.910236822001528,0.10714285714285714,0.05844155844155844,1.1597866419294989,0.09580838323353294,0.1038961038961039,1.037094641885061,0.09580838323353294,0.2077922077922078,1.037094641885061
healthy_only,spatial_5fold_repeated,Serting_Basemap,ocsvm_nu10,all14_plus_local,1,1667,154,1513,0.09238152369526095,0.09564037754287448,0.003258853847613527,0.48848078557265595,0.17647058823529413,0.01948051948051948,1.910236822001528,0.10714285714285714,0.05844155844155844,1.1597866419294989,0.0718562874251497,0.07792207792207792,0.7778209814137957,0.08383233532934131,0.18181818181818182,0.9074578116494283
healthy_only,spatial_5fold_repeated,Serting_Basemap,isolation_forest,all14_plus_local,1,1667,154,1513,0.09238152369526095,0.09861582795245799,0.0062343042571970375,0.4858541986764063,0.17647058823529413,0.01948051948051948,1.910236822001528,0.11904761904761904,0.06493506493506493,1.28865182436611,0.0718562874251497,0.07792207792207792,0.7778209814137957,0.07784431137724551,0.16883116883116883,0.8426393965316121
healthy_only,spatial_5fold_repeated,Serting_Basemap,pca_recon_10,all14_plus_local,1,1667,154,1513,0.09238152369526095,0.10035643006447428,0.00797490636921333,0.5156951442476889,0.058823529411764705,0.006493506493506494,0.6367456073338426,0.11904761904761904,0.06493506493506493,1.28865182436611,0.11976047904191617,0.12987012987012986,1.2963683023563262,0.09580838323353294,0.2077922077922078,1.037094641885061
healthy_only,spatial_5fold_repeated,Serting_Basemap,knn_dist_20,all14_plus_local,1,1667,154,1513,0.09238152369526095,0.10123071547475698,0.00884919177949603,0.5060342829675282,0.23529411764705882,0.025974025974025976,2.5469824293353702,0.10714285714285714,0.05844155844155844,1.1597866419294989,0.08982035928143713,0.09740259740259741,0.9722762267672447,0.08982035928143713,0.19480519480519481,0.9722762267672447
healthy_only,spatial_5fold_repeated,Serting_Basemap,gmm_4,all14_plus_local,1,1667,154,1513,0.09238152369526095,0.09659684356818592,0.004215319872924964,0.5133904430004893,0.11764705882352941,0.012987012987012988,1.2734912146676851,0.10714285714285714,0.05844155844155844,1.1597866419294989,0.08383233532934131,0.09090909090909091,0.9074578116494283,0.09580838323353294,0.2077922077922078,1.037094641885061
healthy_only,spatial_5fold_repeated,Serting_Basemap,ocsvm_nu10,all14_plus_local,2,1667,154,1513,0.09238152369526095,0.09564037754287448,0.003258853847613527,0.48848078557265595,0.17647058823529413,0.01948051948051948,1.910236822001528,0.10714285714285714,0.05844155844155844,1.1597866419294989,0.0718562874251497,0.07792207792207792,0.7778209814137957,0.08383233532934131,0.18181818181818182,0.9074578116494283
healthy_only,spatial_5fold_repeated,Serting_Basemap,isolation_forest,all14_plus_local,2,1667,154,1513,0.09238152369526095,0.09816887075761296,0.005787347062352011,0.4860730809177603,0.11764705882352941,0.012987012987012988,1.2734912146676851,0.13095238095238096,0.07142857142857142,1.417517006802721,0.07784431137724551,0.08441558441558442,0.8426393965316121,0.08982035928143713,0.19480519480519481,0.9722762267672447
healthy_only,spatial_5fold_repeated,Serting_Basemap,pca_recon_10,all14_plus_local,2,1667,154,1513,0.09238152369526095,0.10035643006447428,0.00797490636921333,0.5156951442476889,0.058823529411764705,0.006493506493506494,0.6367456073338426,0.11904761904761904,0.06493506493506493,1.28865182436611,0.11976047904191617,0.12987012987012986,1.2963683023563262,0.09580838323353294,0.2077922077922078,1.037094641885061
healthy_only,spatial_5fold_repeated,Serting_Basemap,knn_dist_20,all14_plus_local,2,1667,154,1513,0.09238152369526095,0.10123071547475698,0.00884919177949603,0.5060342829675282,0.23529411764705882,0.025974025974025976,2.5469824293353702,0.10714285714285714,0.05844155844155844,1.1597866419294989,0.08982035928143713,0.09740259740259741,0.9722762267672447,0.08982035928143713,0.19480519480519481,0.9722762267672447
healthy_only,spatial_5fold_repeated,Serting_Basemap,gmm_4,all14_plus_local,2,1667,154,1513,0.09238152369526095,0.09795184536110602,0.005570321665845063,0.5124376614793007,0.17647058823529413,0.01948051948051948,1.910236822001528,0.08333333333333333,0.045454545454545456,0.902056277056277,0.08982035928143713,0.09740259740259741,0.9722762267672447,0.09880239520958084,0.21428571428571427,1.0695038494439693
healthy_only,spatial_5fold_repeated,Serting_Basemap,ocsvm_nu10,raw4_plus_local,0,1667,154,1513,0.09238152369526095,0.09859584787250289,0.006214324177241937,0.4574166745349825,0.29411764705882354,0.032467532467532464,3.183728036669213,0.10714285714285714,0.05844155844155844,1.1597866419294989,0.09580838323353294,0.1038961038961039,1.037094641885061,0.11077844311377245,0.24025974025974026,1.1991406796796018
healthy_only,spatial_5fold_repeated,Serting_Basemap,isolation_forest,raw4_plus_local,0,1667,154,1513,0.09238152369526095,0.1177421619260311,0.025360638230770144,0.4866310160427807,0.29411764705882354,0.032467532467532464,3.183728036669213,0.11904761904761904,0.06493506493506493,1.28865182436611,0.10179640718562874,0.11038961038961038,1.1019130570028772,0.08682634730538923,0.18831168831168832,0.9398670192083366
healthy_only,spatial_5fold_repeated,Serting_Basemap,pca_recon_10,raw4_plus_local,0,1667,154,1513,0.09238152369526095,0.10244775934043107,0.010066235645170118,0.4957768602844611,0.17647058823529413,0.01948051948051948,1.910236822001528,0.11904761904761904,0.06493506493506493,1.28865182436611,0.12574850299401197,0.13636363636363635,1.3611867174741425,0.09580838323353294,0.2077922077922078,1.037094641885061
healthy_only,spatial_5fold_repeated,Serting_Basemap,knn_dist_20,raw4_plus_local,0,1667,154,1513,0.09238152369526095,0.11127010359583538,0.018888579900574423,0.4887511695178583,0.35294117647058826,0.03896103896103896,3.820473644003056,0.13095238095238096,0.07142857142857142,1.417517006802721,0.10179640718562874,0.11038961038961038,1.1019130570028772,0.09880239520958084,0.21428571428571427,1.0695038494439693
healthy_only,spatial_5fold_repeated,Serting_Basemap,gmm_4,raw4_plus_local,0,1667,154,1513,0.09238152369526095,0.09820311625047817,0.00582159255521722,0.4834593694474726,0.11764705882352941,0.012987012987012988,1.2734912146676851,0.13095238095238096,0.07142857142857142,1.417517006802721,0.10179640718562874,0.11038961038961038,1.1019130570028772,0.10479041916167664,0.22727272727272727,1.1343222645617854
healthy_only,spatial_5fold_repeated,Serting_Basemap,ocsvm_nu10,raw4_plus_local,1,1667,154,1513,0.09238152369526095,0.09859584787250289,0.006214324177241937,0.4574166745349825,0.29411764705882354,0.032467532467532464,3.183728036669213,0.10714285714285714,0.05844155844155844,1.1597866419294989,0.09580838323353294,0.1038961038961039,1.037094641885061,0.11077844311377245,0.24025974025974026,1.1991406796796018
healthy_only,spatial_5fold_repeated,Serting_Basemap,isolation_forest,raw4_plus_local,1,1667,154,1513,0.09238152369526095,0.11914732090684663,0.026765797211585673,0.48626192049853645,0.29411764705882354,0.032467532467532464,3.183728036669213,0.10714285714285714,0.05844155844155844,1.1597866419294989,0.10778443113772455,0.11688311688311688,1.1667314721206936,0.08982035928143713,0.19480519480519481,0.9722762267672447
healthy_only,spatial_5fold_repeated,Serting_Basemap,pca_recon_10,raw4_plus_local,1,1667,154,1513,0.09238152369526095,0.10244775934043107,0.010066235645170118,0.4957768602844611,0.17647058823529413,0.01948051948051948,1.910236822001528,0.11904761904761904,0.06493506493506493,1.28865182436611,0.12574850299401197,0.13636363636363635,1.3611867174741425,0.09580838323353294,0.2077922077922078,1.037094641885061
healthy_only,spatial_5fold_repeated,Serting_Basemap,knn_dist_20,raw4_plus_local,1,1667,154,1513,0.09238152369526095,0.11127010359583538,0.018888579900574423,0.4887511695178583,0.35294117647058826,0.03896103896103896,3.820473644003056,0.13095238095238096,0.07142857142857142,1.417517006802721,0.10179640718562874,0.11038961038961038,1.1019130570028772,0.09880239520958084,0.21428571428571427,1.0695038494439693
healthy_only,spatial_5fold_repeated,Serting_Basemap,gmm_4,raw4_plus_local,1,1667,154,1513,0.09238152369526095,0.0989090533398763,0.006527529644615351,0.4819529446099175,0.17647058823529413,0.01948051948051948,1.910236822001528,0.13095238095238096,0.07142857142857142,1.417517006802721,0.08982035928143713,0.09740259740259741,0.9722762267672447,0.11377245508982035,0.24675324675324675,1.2315498872385098
healthy_only,spatial_5fold_repeated,Serting_Basemap,ocsvm_nu10,raw4_plus_local,2,1667,154,1513,0.09238152369526095,0.09859584787250289,0.006214324177241937,0.4574166745349825,0.29411764705882354,0.032467532467532464,3.183728036669213,0.10714285714285714,0.05844155844155844,1.1597866419294989,0.09580838323353294,0.1038961038961039,1.037094641885061,0.11077844311377245,0.24025974025974026,1.1991406796796018
healthy_only,spatial_5fold_repeated,Serting_Basemap,isolation_forest,raw4_plus_local,2,1667,154,1513,0.09238152369526095,0.11223861155527681,0.01985708786001586,0.4830130213474563,0.29411764705882354,0.032467532467532464,3.183728036669213,0.10714285714285714,0.05844155844155844,1.1597866419294989,0.10179640718562874,0.11038961038961038,1.1019130570028772,0.08682634730538923,0.18831168831168832,0.9398670192083366
healthy_only,spatial_5fold_repeated,Serting_Basemap,pca_recon_10,raw4_plus_local,2,1667,154,1513,0.09238152369526095,0.10244775934043107,0.010066235645170118,0.4957768602844611,0.17647058823529413,0.01948051948051948,1.910236822001528,0.11904761904761904,0.06493506493506493,1.28865182436611,0.12574850299401197,0.13636363636363635,1.3611867174741425,0.09580838323353294,0.2077922077922078,1.037094641885061
healthy_only,spatial_5fold_repeated,Serting_Basemap,knn_dist_20,raw4_plus_local,2,1667,154,1513,0.09238152369526095,0.11127010359583538,0.018888579900574423,0.4887511695178583,0.35294117647058826,0.03896103896103896,3.820473644003056,0.13095238095238096,0.07142857142857142,1.417517006802721,0.10179640718562874,0.11038961038961038,1.1019130570028772,0.09880239520958084,0.21428571428571427,1.0695038494439693
healthy_only,spatial_5fold_repeated,Serting_Basemap,gmm_4,raw4_plus_local,2,1667,154,1513,0.09238152369526095,0.09580818869291335,0.003426664997652401,0.47547231354237307,0.11764705882352941,0.012987012987012988,1.2734912146676851,0.11904761904761904,0.06493506493506493,1.28865182436611,0.09580838323353294,0.1038961038961039,1.037094641885061,0.10179640718562874,0.22077922077922077,1.1019130570028772
healthy_only,spatial_5fold_repeated,Serting_Basemap,ocsvm_nu10,raw4,0,1667,154,1513,0.09238152369526095,0.09102206531313813,-0.0013594583821228273,0.4706268615720037,0.058823529411764705,0.006493506493506494,0.6367456073338426,0.09523809523809523,0.05194805194805195,1.030921459492888,0.09580838323353294,0.1038961038961039,1.037094641885061,0.08083832335329341,0.17532467532467533,0.8750486040905202
healthy_only,spatial_5fold_repeated,Serting_Basemap,isolation_forest,raw4,0,1667,154,1513,0.09238152369526095,0.09761046162271944,0.005228937927458488,0.4731418614432494,0.17647058823529413,0.01948051948051948,1.910236822001528,0.11904761904761904,0.06493506493506493,1.28865182436611,0.08982035928143713,0.09740259740259741,0.9722762267672447,0.0748502994011976,0.16233766233766234,0.8102301889727038
healthy_only,spatial_5fold_repeated,Serting_Basemap,pca_recon_10,raw4,0,1667,154,1513,0.09238152369526095,0.08748096473539399,-0.004900558959866963,0.46048102591394063,0.17647058823529413,0.01948051948051948,1.910236822001528,0.08333333333333333,0.045454545454545456,0.902056277056277,0.07784431137724551,0.08441558441558442,0.8426393965316121,0.07784431137724551,0.16883116883116883,0.8426393965316121
healthy_only,spatial_5fold_repeated,Serting_Basemap,knn_dist_20,raw4,0,1667,154,1513,0.09238152369526095,0.09339128272092553,0.0010097590256645805,0.4650003004266058,0.11764705882352941,0.012987012987012988,1.2734912146676851,0.10714285714285714,0.05844155844155844,1.1597866419294989,0.08383233532934131,0.09090909090909091,0.9074578116494283,0.08982035928143713,0.19480519480519481,0.9722762267672447
healthy_only,spatial_5fold_repeated,Serting_Basemap,gmm_4,raw4,0,1667,154,1513,0.09238152369526095,0.0884860155484627,-0.00389550814679826,0.4659960000343345,0.11764705882352941,0.012987012987012988,1.2734912146676851,0.09523809523809523,0.05194805194805195,1.030921459492888,0.08383233532934131,0.09090909090909091,0.9074578116494283,0.08383233532934131,0.18181818181818182,0.9074578116494283
healthy_only,spatial_5fold_repeated,Serting_Basemap,ocsvm_nu10,raw4,1,1667,154,1513,0.09238152369526095,0.09102206531313813,-0.0013594583821228273,0.4706268615720037,0.058823529411764705,0.006493506493506494,0.6367456073338426,0.09523809523809523,0.05194805194805195,1.030921459492888,0.09580838323353294,0.1038961038961039,1.037094641885061,0.08083832335329341,0.17532467532467533,0.8750486040905202
healthy_only,spatial_5fold_repeated,Serting_Basemap,isolation_forest,raw4,1,1667,154,1513,0.09238152369526095,0.09721039465080594,0.004828870955544989,0.4729873563317053,0.17647058823529413,0.01948051948051948,1.910236822001528,0.11904761904761904,0.06493506493506493,1.28865182436611,0.08982035928143713,0.09740259740259741,0.9722762267672447,0.07784431137724551,0.16883116883116883,0.8426393965316121
healthy_only,spatial_5fold_repeated,Serting_Basemap,pca_recon_10,raw4,1,1667,154,1513,0.09238152369526095,0.08748096473539399,-0.004900558959866963,0.46048102591394063,0.17647058823529413,0.01948051948051948,1.910236822001528,0.08333333333333333,0.045454545454545456,0.902056277056277,0.07784431137724551,0.08441558441558442,0.8426393965316121,0.07784431137724551,0.16883116883116883,0.8426393965316121
healthy_only,spatial_5fold_repeated,Serting_Basemap,knn_dist_20,raw4,1,1667,154,1513,0.09238152369526095,0.09339128272092553,0.0010097590256645805,0.4650003004266058,0.11764705882352941,0.012987012987012988,1.2734912146676851,0.10714285714285714,0.05844155844155844,1.1597866419294989,0.08383233532934131,0.09090909090909091,0.9074578116494283,0.08982035928143713,0.19480519480519481,0.9722762267672447
healthy_only,spatial_5fold_repeated,Serting_Basemap,gmm_4,raw4,1,1667,154,1513,0.09238152369526095,0.08877982726872567,-0.0036016964265352808,0.46338658037270064,0.11764705882352941,0.012987012987012988,1.2734912146676851,0.09523809523809523,0.05194805194805195,1.030921459492888,0.08383233532934131,0.09090909090909091,0.9074578116494283,0.07784431137724551,0.16883116883116883,0.8426393965316121
healthy_only,spatial_5fold_repeated,Serting_Basemap,ocsvm_nu10,raw4,2,1667,154,1513,0.09238152369526095,0.09102206531313813,-0.0013594583821228273,0.4706268615720037,0.058823529411764705,0.006493506493506494,0.6367456073338426,0.09523809523809523,0.05194805194805195,1.030921459492888,0.09580838323353294,0.1038961038961039,1.037094641885061,0.08083832335329341,0.17532467532467533,0.8750486040905202
healthy_only,spatial_5fold_repeated,Serting_Basemap,isolation_forest,raw4,2,1667,154,1513,0.09238152369526095,0.09550416408915964,0.0031226403938986874,0.468309284898842,0.17647058823529413,0.01948051948051948,1.910236822001528,0.11904761904761904,0.06493506493506493,1.28865182436611,0.08982035928143713,0.09740259740259741,0.9722762267672447,0.0718562874251497,0.15584415584415584,0.7778209814137957
healthy_only,spatial_5fold_repeated,Serting_Basemap,pca_recon_10,raw4,2,1667,154,1513,0.09238152369526095,0.08748096473539399,-0.004900558959866963,0.46048102591394063,0.17647058823529413,0.01948051948051948,1.910236822001528,0.08333333333333333,0.045454545454545456,0.902056277056277,0.07784431137724551,0.08441558441558442,0.8426393965316121,0.07784431137724551,0.16883116883116883,0.8426393965316121
healthy_only,spatial_5fold_repeated,Serting_Basemap,knn_dist_20,raw4,2,1667,154,1513,0.09238152369526095,0.09339128272092553,0.0010097590256645805,0.4650003004266058,0.11764705882352941,0.012987012987012988,1.2734912146676851,0.10714285714285714,0.05844155844155844,1.1597866419294989,0.08383233532934131,0.09090909090909091,0.9074578116494283,0.08982035928143713,0.19480519480519481,0.9722762267672447
healthy_only,spatial_5fold_repeated,Serting_Basemap,gmm_4,raw4,2,1667,154,1513,0.09238152369526095,0.08956284226038644,-0.002818681434874515,0.46598312460837243,0.11764705882352941,0.012987012987012988,1.2734912146676851,0.09523809523809523,0.05194805194805195,1.030921459492888,0.08383233532934131,0.09090909090909091,0.9074578116494283,0.07784431137724551,0.16883116883116883,0.8426393965316121
