<?xml version="1.0" encoding="UTF-8"?>
<kml xmlns="http://www.opengis.net/kml/2.2">
  <Document>
    <name>AHCensus Labels</name>
    <Style id="style_Healthy">
      <IconStyle><color>ff22cc44</color><scale>0.9</scale>
        <Icon><href>http://maps.google.com/mapfiles/kml/shapes/placemark_circle.png</href></Icon>
      </IconStyle>
      <LabelStyle><scale>0</scale></LabelStyle>
      <BalloonStyle><text><![CDATA[<b>$[name]</b><br/>Class: Healthy]]></text></BalloonStyle>
    </Style>

    <Style id="style_Unhealthy">
      <IconStyle><color>ff2222dd</color><scale>0.9</scale>
        <Icon><href>http://maps.google.com/mapfiles/kml/shapes/placemark_circle.png</href></Icon>
      </IconStyle>
      <LabelStyle><scale>0</scale></LabelStyle>
      <BalloonStyle><text><![CDATA[<b>$[name]</b><br/>Class: Unhealthy]]></text></BalloonStyle>
    </Style>
    <Folder>
      <name>Healthy (2351)</name>
      <open>0</open>
        <Placemark>
          <name>1</name>
          <styleUrl>#style_Healthy</styleUrl>
          <ExtendedData>
            <Data name="id"><value>1</value></Data>
            <Data name="Class"><value>Healthy</value></Data>
          </ExtendedData>
          <Point><coordinates>102.434761000,2.946644000,0</coordinates></Point>
        </Placemark>

        <Placemark>
          <name>2</name>
          <styleUrl>#style_Healthy</styleUrl>
          <ExtendedData>
            <Data name="id"><value>2</value></Data>
            <Data name="Class"><value>Healthy</value></Data>
          </ExtendedData>
          <Point><coordinates>102.434488000,2.946161000,0</coordinates></Point>
        </Placemark>

        <Placemark>
          <name>3</name>
          <styleUrl>#style_Healthy</styleUrl>
          <ExtendedData>
            <Data name="id"><value>3</value></Data>
            <Data name="Class"><value>Healthy</value></Data>
          </ExtendedData>
          <Point><coordinates>102.434845000,2.946645000,0</coordinates></Point>
        </Placemark>

        <Placemark>
          <name>4</name>
          <styleUrl>#style_Healthy</styleUrl>
          <ExtendedData>
            <Data name="id"><value>4</value></Data>
            <Data name="Class"><value>Healthy</value></Data>
          </ExtendedData>
          <Point><coordinates>102.434685000,2.946089000,0</coordinates></Point>
        </Placemark>

        <Placemark>
          <name>5</name>
          <styleUrl>#style_Healthy</styleUrl>
          <ExtendedData>
            <Data name="id"><value>5</value></Data>
            <Data name="Class"><value>Healthy</value></Data>
          </ExtendedData>
          <Point><coordinates>102.434920000,2.946778000,0</coordinates></Point>
        </Placemark>

        <Placemark>
          <name>7</name>
          <styleUrl>#style_Healthy</styleUrl>
          <ExtendedData>
            <Data name="id"><value>7</value></Data>
            <Data name="Class"><value>Healthy</value></Data>
          </ExtendedData>
          <Point><coordinates>102.434684000,2.946372000,0</coordinates></Point>
        </Placemark>

        <Placemark>
          <name>8</name>
          <styleUrl>#style_Healthy</styleUrl>
          <ExtendedData>
            <Data name="id"><value>8</value></Data>
            <Data name="Class"><value>Healthy</value></Data>
          </ExtendedData>
          <Point><coordinates>102.434882000,2.946433000,0</coordinates></Point>
        </Placemark>

        <Placemark>
          <name>9</name>
          <styleUrl>#style_Healthy</styleUrl>
          <ExtendedData>
            <Data name="id"><value>9</value></Data>
            <Data name="Class"><value>Healthy</value></Data>
          </ExtendedData>
          <Point><coordinates>102.434916000,2.946644000,0</coordinates></Point>
        </Placemark>

        <Placemark>
          <name>10</name>
          <styleUrl>#style_Healthy</styleUrl>
          <ExtendedData>
            <Data name="id"><value>10</value></Data>
            <Data name="Class"><value>Healthy</value></Data>
          </ExtendedData>
          <Point><coordinates>102.434297000,2.945276000,0</coordinates></Point>
        </Placemark>

        <Placemark>
          <name>11</name>
          <styleUrl>#style_Healthy</styleUrl>
          <ExtendedData>
            <Data name="id"><value>11</value></Data>
            <Data name="Class"><value>Healthy</value></Data>
          </ExtendedData>
          <Point><coordinates>102.432546000,2.947440000,0</coordinates></Point>
        </Placemark>

        <Placemark>
          <name>12</name>
          <styleUrl>#style_Healthy</styleUrl>
          <ExtendedData>
            <Data name="id"><value>12</value></Data>
            <Data name="Class"><value>Healthy</value></Data>
          </ExtendedData>
          <Point><coordinates>102.434190000,2.948137000,0</coordinates></Point>
        </Placemark>

        <Placemark>
          <name>13</name>
          <styleUrl>#style_Healthy</styleUrl>
          <ExtendedData>
            <Data name="id"><value>13</value></Data>
            <Data name="Class"><value>Healthy</value></Data>
          </ExtendedData>
          <Point><coordinates>102.434377000,2.945399000,0</coordinates></Point>
        </Placemark>

        <Placemark>
          <name>14</name>
          <styleUrl>#style_Healthy</styleUrl>
          <ExtendedData>
            <Data name="id"><value>14</value></Data>
            <Data name="Class"><value>Healthy</value></Data>
          </ExtendedData>
          <Point><coordinates>102.434997000,2.946646000,0</coordinates></Point>
        </Placemark>

        <Placemark>
          <name>15</name>
          <styleUrl>#style_Healthy</styleUrl>
          <ExtendedData>
            <Data name="id"><value>15</value></Data>
            <Data name="Class"><value>Healthy</value></Data>
          </ExtendedData>
          <Point><coordinates>102.439706000,2.946712000,0</coordinates></Point>
        </Placemark>

        <Placemark>
          <name>16</name>
          <styleUrl>#style_Healthy</styleUrl>
          <ExtendedData>
            <Data name="id"><value>16</value></Data>
            <Data name="Class"><value>Healthy</value></Data>
          </ExtendedData>
          <Point><coordinates>102.434605000,2.946106000,0</coordinates></Point>
        </Placemark>

        <Placemark>
          <name>17</name>
          <styleUrl>#style_Healthy</styleUrl>
          <ExtendedData>
            <Data name="id"><value>17</value></Data>
            <Data name="Class"><value>Healthy</value></Data>
          </ExtendedData>
          <Point><coordinates>102.434881000,2.946576000,0</coordinates></Point>
        </Placemark>

        <Placemark>
          <name>18</name>
          <styleUrl>#style_Healthy</styleUrl>
          <ExtendedData>
            <Data name="id"><value>18</value></Data>
            <Data name="Class"><value>Healthy</value></Data>
          </ExtendedData>
          <Point><coordinates>102.434103000,2.945059000,0</coordinates></Point>
        </Placemark>

        <Placemark>
          <name>19</name>
          <styleUrl>#style_Healthy</styleUrl>
          <ExtendedData>
            <Data name="id"><value>19</value></Data>
            <Data name="Class"><value>Healthy</value></Data>
          </ExtendedData>
          <Point><coordinates>102.434842000,2.946775000,0</coordinates></Point>
        </Placemark>

        <Placemark>
          <name>20</name>
          <styleUrl>#style_Healthy</styleUrl>
          <ExtendedData>
            <Data name="id"><value>20</value></Data>
            <Data name="Class"><value>Healthy</value></Data>
          </ExtendedData>
          <Point><coordinates>102.434920000,2.946505000,0</coordinates></Point>
        </Placemark>

        <Placemark>
          <name>22</name>
          <styleUrl>#style_Healthy</styleUrl>
          <ExtendedData>
            <Data name="id"><value>22</value></Data>
            <Data name="Class"><value>Healthy</value></Data>
          </ExtendedData>
          <Point><coordinates>102.434766000,2.946229000,0</coordinates></Point>
        </Placemark>

        <Placemark>
          <name>23</name>
          <styleUrl>#style_Healthy</styleUrl>
          <ExtendedData>
            <Data name="id"><value>23</value></Data>
            <Data name="Class"><value>Healthy</value></Data>
          </ExtendedData>
          <Point><coordinates>102.434187000,2.945060000,0</coordinates></Point>
        </Placemark>

        <Placemark>
          <name>24</name>
          <styleUrl>#style_Healthy</styleUrl>
          <ExtendedData>
            <Data name="id"><value>24</value></Data>
            <Data name="Class"><value>Healthy</value></Data>
          </ExtendedData>
          <Point><coordinates>102.434606000,2.946371000,0</coordinates></Point>
        </Placemark>

        <Placemark>
          <name>25</name>
          <styleUrl>#style_Healthy</styleUrl>
          <ExtendedData>
            <Data name="id"><value>25</value></Data>
            <Data name="Class"><value>Healthy</value></Data>
          </ExtendedData>
          <Point><coordinates>102.432589000,2.947647000,0</coordinates></Point>
        </Placemark>

        <Placemark>
          <name>26</name>
          <styleUrl>#style_Healthy</styleUrl>
          <ExtendedData>
            <Data name="id"><value>26</value></Data>
            <Data name="Class"><value>Healthy</value></Data>
          </ExtendedData>
          <Point><coordinates>102.434724000,2.946569000,0</coordinates></Point>
        </Placemark>

        <Placemark>
          <name>27</name>
          <styleUrl>#style_Healthy</styleUrl>
          <ExtendedData>
            <Data name="id"><value>27</value></Data>
            <Data name="Class"><value>Healthy</value></Data>
          </ExtendedData>
          <Point><coordinates>102.434800000,2.946572000,0</coordinates></Point>
        </Placemark>

        <Placemark>
          <name>28</name>
          <styleUrl>#style_Healthy</styleUrl>
          <ExtendedData>
            <Data name="id"><value>28</value></Data>
            <Data name="Class"><value>Healthy</value></Data>
          </ExtendedData>
          <Point><coordinates>102.434527000,2.946103000,0</coordinates></Point>
        </Placemark>

        <Placemark>
          <name>29</name>
          <styleUrl>#style_Healthy</styleUrl>
          <ExtendedData>
            <Data name="id"><value>29</value></Data>
            <Data name="Class"><value>Healthy</value></Data>
          </ExtendedData>
          <Point><coordinates>102.434259000,2.945062000,0</coordinates></Point>
        </Placemark>

        <Placemark>
          <name>30</name>
          <styleUrl>#style_Healthy</styleUrl>
          <ExtendedData>
            <Data name="id"><value>30</value></Data>
            <Data name="Class"><value>Healthy</value></Data>
          </ExtendedData>
          <Point><coordinates>102.439397000,2.946162000,0</coordinates></Point>
        </Placemark>

        <Placemark>
          <name>31</name>
          <styleUrl>#style_Healthy</styleUrl>
          <ExtendedData>
            <Data name="id"><value>31</value></Data>
            <Data name="Class"><value>Healthy</value></Data>
          </ExtendedData>
          <Point><coordinates>102.434727000,2.946160000,0</coordinates></Point>
        </Placemark>

        <Placemark>
          <name>32</name>
          <styleUrl>#style_Healthy</styleUrl>
          <ExtendedData>
            <Data name="id"><value>32</value></Data>
            <Data name="Class"><value>Healthy</value></Data>
          </ExtendedData>
          <Point><coordinates>102.434612000,2.945819000,0</coordinates></Point>
        </Placemark>

        <Placemark>
          <name>33</name>
          <styleUrl>#style_Healthy</styleUrl>
          <ExtendedData>
            <Data name="id"><value>33</value></Data>
            <Data name="Class"><value>Healthy</value></Data>
          </ExtendedData>
          <Point><coordinates>102.439362342,2.946098528,0</coordinates></Point>
        </Placemark>

        <Placemark>
          <name>34</name>
          <styleUrl>#style_Healthy</styleUrl>
          <ExtendedData>
            <Data name="id"><value>34</value></Data>
            <Data name="Class"><value>Healthy</value></Data>
          </ExtendedData>
          <Point><coordinates>102.434528000,2.945817000,0</coordinates></Point>
        </Placemark>

        <Placemark>
          <name>35</name>
          <styleUrl>#style_Healthy</styleUrl>
          <ExtendedData>
            <Data name="id"><value>35</value></Data>
            <Data name="Class"><value>Healthy</value></Data>
          </ExtendedData>
          <Point><coordinates>102.434334000,2.945605000,0</coordinates></Point>
        </Placemark>

        <Placemark>
          <name>36</name>
          <styleUrl>#style_Healthy</styleUrl>
          <ExtendedData>
            <Data name="id"><value>36</value></Data>
            <Data name="Class"><value>Healthy</value></Data>
          </ExtendedData>
          <Point><coordinates>102.434068000,2.944990000,0</coordinates></Point>
        </Placemark>

        <Placemark>
          <name>37</name>
          <styleUrl>#style_Healthy</styleUrl>
          <ExtendedData>
            <Data name="id"><value>37</value></Data>
            <Data name="Class"><value>Healthy</value></Data>
          </ExtendedData>
          <Point><coordinates>102.434918000,2.946930000,0</coordinates></Point>
        </Placemark>

        <Placemark>
          <name>38</name>
          <styleUrl>#style_Healthy</styleUrl>
          <ExtendedData>
            <Data name="id"><value>38</value></Data>
            <Data name="Class"><value>Healthy</value></Data>
          </ExtendedData>
          <Point><coordinates>102.439596000,2.946238000,0</coordinates></Point>
        </Placemark>

        <Placemark>
          <name>39</name>
          <styleUrl>#style_Healthy</styleUrl>
          <ExtendedData>
            <Data name="id"><value>39</value></Data>
            <Data name="Class"><value>Healthy</value></Data>
          </ExtendedData>
          <Point><coordinates>102.434369000,2.945677000,0</coordinates></Point>
        </Placemark>

        <Placemark>
          <name>40</name>
          <styleUrl>#style_Healthy</styleUrl>
          <ExtendedData>
            <Data name="id"><value>40</value></Data>
            <Data name="Class"><value>Healthy</value></Data>
          </ExtendedData>
          <Point><coordinates>102.434414000,2.945747000,0</coordinates></Point>
        </Placemark>

        <Placemark>
          <name>41</name>
          <styleUrl>#style_Healthy</styleUrl>
          <ExtendedData>
            <Data name="id"><value>41</value></Data>
            <Data name="Class"><value>Healthy</value></Data>
          </ExtendedData>
          <Point><coordinates>102.439941000,2.946858000,0</coordinates></Point>
        </Placemark>

        <Placemark>
          <name>42</name>
          <styleUrl>#style_Healthy</styleUrl>
          <ExtendedData>
            <Data name="id"><value>42</value></Data>
            <Data name="Class"><value>Healthy</value></Data>
          </ExtendedData>
          <Point><coordinates>102.434953000,2.946984000,0</coordinates></Point>
        </Placemark>

        <Placemark>
          <name>43</name>
          <styleUrl>#style_Healthy</styleUrl>
          <ExtendedData>
            <Data name="id"><value>43</value></Data>
            <Data name="Class"><value>Healthy</value></Data>
          </ExtendedData>
          <Point><coordinates>102.434335000,2.945469000,0</coordinates></Point>
        </Placemark>

        <Placemark>
          <name>44</name>
          <styleUrl>#style_Healthy</styleUrl>
          <ExtendedData>
            <Data name="id"><value>44</value></Data>
            <Data name="Class"><value>Healthy</value></Data>
          </ExtendedData>
          <Point><coordinates>102.433987000,2.944992000,0</coordinates></Point>
        </Placemark>

        <Placemark>
          <name>45</name>
          <styleUrl>#style_Healthy</styleUrl>
          <ExtendedData>
            <Data name="id"><value>45</value></Data>
            <Data name="Class"><value>Healthy</value></Data>
          </ExtendedData>
          <Point><coordinates>102.434210000,2.945275000,0</coordinates></Point>
        </Placemark>

        <Placemark>
          <name>47</name>
          <styleUrl>#style_Healthy</styleUrl>
          <ExtendedData>
            <Data name="id"><value>47</value></Data>
            <Data name="Class"><value>Healthy</value></Data>
          </ExtendedData>
          <Point><coordinates>102.434684000,2.946227000,0</coordinates></Point>
        </Placemark>

        <Placemark>
          <name>48</name>
          <styleUrl>#style_Healthy</styleUrl>
          <ExtendedData>
            <Data name="id"><value>48</value></Data>
            <Data name="Class"><value>Healthy</value></Data>
          </ExtendedData>
          <Point><coordinates>102.432511000,2.947506000,0</coordinates></Point>
        </Placemark>

        <Placemark>
          <name>49</name>
          <styleUrl>#style_Healthy</styleUrl>
          <ExtendedData>
            <Data name="id"><value>49</value></Data>
            <Data name="Class"><value>Healthy</value></Data>
          </ExtendedData>
          <Point><coordinates>102.432469000,2.947169000,0</coordinates></Point>
        </Placemark>

        <Placemark>
          <name>50</name>
          <styleUrl>#style_Healthy</styleUrl>
          <ExtendedData>
            <Data name="id"><value>50</value></Data>
            <Data name="Class"><value>Healthy</value></Data>
          </ExtendedData>
          <Point><coordinates>102.434994000,2.946778000,0</coordinates></Point>
        </Placemark>

        <Placemark>
          <name>51</name>
          <styleUrl>#style_Healthy</styleUrl>
          <ExtendedData>
            <Data name="id"><value>51</value></Data>
            <Data name="Class"><value>Healthy</value></Data>
          </ExtendedData>
          <Point><coordinates>102.435154000,2.946933000,0</coordinates></Point>
        </Placemark>

        <Placemark>
          <name>52</name>
          <styleUrl>#style_Healthy</styleUrl>
          <ExtendedData>
            <Data name="id"><value>52</value></Data>
            <Data name="Class"><value>Healthy</value></Data>
          </ExtendedData>
          <Point><coordinates>102.434181000,2.945196000,0</coordinates></Point>
        </Placemark>

        <Placemark>
          <name>53</name>
          <styleUrl>#style_Healthy</styleUrl>
          <ExtendedData>
            <Data name="id"><value>53</value></Data>
            <Data name="Class"><value>Healthy</value></Data>
          </ExtendedData>
          <Point><coordinates>102.439670000,2.946240000,0</coordinates></Point>
        </Placemark>

        <Placemark>
          <name>54</name>
          <styleUrl>#style_Healthy</styleUrl>
          <ExtendedData>
            <Data name="id"><value>54</value></Data>
            <Data name="Class"><value>Healthy</value></Data>
          </ExtendedData>
          <Point><coordinates>102.434026000,2.944923000,0</coordinates></Point>
        </Placemark>

        <Placemark>
          <name>56</name>
          <styleUrl>#style_Healthy</styleUrl>
          <ExtendedData>
            <Data name="id"><value>56</value></Data>
            <Data name="Class"><value>Healthy</value></Data>
          </ExtendedData>
          <Point><coordinates>102.435112000,2.946989000,0</coordinates></Point>
        </Placemark>

        <Placemark>
          <name>57</name>
          <styleUrl>#style_Healthy</styleUrl>
          <ExtendedData>
            <Data name="id"><value>57</value></Data>
            <Data name="Class"><value>Healthy</value></Data>
          </ExtendedData>
          <Point><coordinates>102.433056000,2.948057000,0</coordinates></Point>
        </Placemark>

        <Placemark>
          <name>58</name>
          <styleUrl>#style_Healthy</styleUrl>
          <ExtendedData>
            <Data name="id"><value>58</value></Data>
            <Data name="Class"><value>Healthy</value></Data>
          </ExtendedData>
          <Point><coordinates>102.439476000,2.946298000,0</coordinates></Point>
        </Placemark>

        <Placemark>
          <name>59</name>
          <styleUrl>#style_Healthy</styleUrl>
          <ExtendedData>
            <Data name="id"><value>59</value></Data>
            <Data name="Class"><value>Healthy</value></Data>
          </ExtendedData>
          <Point><coordinates>102.434841000,2.946502000,0</coordinates></Point>
        </Placemark>

        <Placemark>
          <name>60</name>
          <styleUrl>#style_Healthy</styleUrl>
          <ExtendedData>
            <Data name="id"><value>60</value></Data>
            <Data name="Class"><value>Healthy</value></Data>
          </ExtendedData>
          <Point><coordinates>102.432396000,2.947303000,0</coordinates></Point>
        </Placemark>

        <Placemark>
          <name>61</name>
          <styleUrl>#style_Healthy</styleUrl>
          <ExtendedData>
            <Data name="id"><value>61</value></Data>
            <Data name="Class"><value>Healthy</value></Data>
          </ExtendedData>
          <Point><coordinates>102.433611000,2.947248000,0</coordinates></Point>
        </Placemark>

        <Placemark>
          <name>62</name>
          <styleUrl>#style_Healthy</styleUrl>
          <ExtendedData>
            <Data name="id"><value>62</value></Data>
            <Data name="Class"><value>Healthy</value></Data>
          </ExtendedData>
          <Point><coordinates>102.439559000,2.946166000,0</coordinates></Point>
        </Placemark>

        <Placemark>
          <name>63</name>
          <styleUrl>#style_Healthy</styleUrl>
          <ExtendedData>
            <Data name="id"><value>63</value></Data>
            <Data name="Class"><value>Healthy</value></Data>
          </ExtendedData>
          <Point><coordinates>102.434998000,2.946932000,0</coordinates></Point>
        </Placemark>

        <Placemark>
          <name>64</name>
          <styleUrl>#style_Healthy</styleUrl>
          <ExtendedData>
            <Data name="id"><value>64</value></Data>
            <Data name="Class"><value>Healthy</value></Data>
          </ExtendedData>
          <Point><coordinates>102.432590000,2.947239000,0</coordinates></Point>
        </Placemark>

        <Placemark>
          <name>65</name>
          <styleUrl>#style_Healthy</styleUrl>
          <ExtendedData>
            <Data name="id"><value>65</value></Data>
            <Data name="Class"><value>Healthy</value></Data>
          </ExtendedData>
          <Point><coordinates>102.434336000,2.945336000,0</coordinates></Point>
        </Placemark>

        <Placemark>
          <name>67</name>
          <styleUrl>#style_Healthy</styleUrl>
          <ExtendedData>
            <Data name="id"><value>67</value></Data>
            <Data name="Class"><value>Healthy</value></Data>
          </ExtendedData>
          <Point><coordinates>102.434807000,2.946298000,0</coordinates></Point>
        </Placemark>

        <Placemark>
          <name>68</name>
          <styleUrl>#style_Healthy</styleUrl>
          <ExtendedData>
            <Data name="id"><value>68</value></Data>
            <Data name="Class"><value>Healthy</value></Data>
          </ExtendedData>
          <Point><coordinates>102.434414000,2.945607000,0</coordinates></Point>
        </Placemark>

        <Placemark>
          <name>69</name>
          <styleUrl>#style_Healthy</styleUrl>
          <ExtendedData>
            <Data name="id"><value>69</value></Data>
            <Data name="Class"><value>Healthy</value></Data>
          </ExtendedData>
          <Point><coordinates>102.434234000,2.948069000,0</coordinates></Point>
        </Placemark>

        <Placemark>
          <name>70</name>
          <styleUrl>#style_Healthy</styleUrl>
          <ExtendedData>
            <Data name="id"><value>70</value></Data>
            <Data name="Class"><value>Healthy</value></Data>
          </ExtendedData>
          <Point><coordinates>102.434343000,2.945197000,0</coordinates></Point>
        </Placemark>

        <Placemark>
          <name>72</name>
          <styleUrl>#style_Healthy</styleUrl>
          <ExtendedData>
            <Data name="id"><value>72</value></Data>
            <Data name="Class"><value>Healthy</value></Data>
          </ExtendedData>
          <Point><coordinates>102.439747000,2.946785000,0</coordinates></Point>
        </Placemark>

        <Placemark>
          <name>73</name>
          <styleUrl>#style_Healthy</styleUrl>
          <ExtendedData>
            <Data name="id"><value>73</value></Data>
            <Data name="Class"><value>Healthy</value></Data>
          </ExtendedData>
          <Point><coordinates>102.434725000,2.946298000,0</coordinates></Point>
        </Placemark>

        <Placemark>
          <name>74</name>
          <styleUrl>#style_Healthy</styleUrl>
          <ExtendedData>
            <Data name="id"><value>74</value></Data>
            <Data name="Class"><value>Healthy</value></Data>
          </ExtendedData>
          <Point><coordinates>102.439515000,2.946235000,0</coordinates></Point>
        </Placemark>

        <Placemark>
          <name>75</name>
          <styleUrl>#style_Healthy</styleUrl>
          <ExtendedData>
            <Data name="id"><value>75</value></Data>
            <Data name="Class"><value>Healthy</value></Data>
          </ExtendedData>
          <Point><coordinates>102.439596000,2.946114000,0</coordinates></Point>
        </Placemark>

        <Placemark>
          <name>76</name>
          <styleUrl>#style_Healthy</styleUrl>
          <ExtendedData>
            <Data name="id"><value>76</value></Data>
            <Data name="Class"><value>Healthy</value></Data>
          </ExtendedData>
          <Point><coordinates>102.434098000,2.945197000,0</coordinates></Point>
        </Placemark>

        <Placemark>
          <name>77</name>
          <styleUrl>#style_Healthy</styleUrl>
          <ExtendedData>
            <Data name="id"><value>77</value></Data>
            <Data name="Class"><value>Healthy</value></Data>
          </ExtendedData>
          <Point><coordinates>102.434487000,2.945886000,0</coordinates></Point>
        </Placemark>

        <Placemark>
          <name>78</name>
          <styleUrl>#style_Healthy</styleUrl>
          <ExtendedData>
            <Data name="id"><value>78</value></Data>
            <Data name="Class"><value>Healthy</value></Data>
          </ExtendedData>
          <Point><coordinates>102.434490000,2.945746000,0</coordinates></Point>
        </Placemark>

        <Placemark>
          <name>80</name>
          <styleUrl>#style_Healthy</styleUrl>
          <ExtendedData>
            <Data name="id"><value>80</value></Data>
            <Data name="Class"><value>Healthy</value></Data>
          </ExtendedData>
          <Point><coordinates>102.439522000,2.946112000,0</coordinates></Point>
        </Placemark>

        <Placemark>
          <name>81</name>
          <styleUrl>#style_Healthy</styleUrl>
          <ExtendedData>
            <Data name="id"><value>81</value></Data>
            <Data name="Class"><value>Healthy</value></Data>
          </ExtendedData>
          <Point><coordinates>102.439516000,2.946370000,0</coordinates></Point>
        </Placemark>

        <Placemark>
          <name>82</name>
          <styleUrl>#style_Healthy</styleUrl>
          <ExtendedData>
            <Data name="id"><value>82</value></Data>
            <Data name="Class"><value>Healthy</value></Data>
          </ExtendedData>
          <Point><coordinates>102.435076000,2.946932000,0</coordinates></Point>
        </Placemark>

        <Placemark>
          <name>83</name>
          <styleUrl>#style_Healthy</styleUrl>
          <ExtendedData>
            <Data name="id"><value>83</value></Data>
            <Data name="Class"><value>Healthy</value></Data>
          </ExtendedData>
          <Point><coordinates>102.434038000,2.948138000,0</coordinates></Point>
        </Placemark>

        <Placemark>
          <name>85</name>
          <styleUrl>#style_Healthy</styleUrl>
          <ExtendedData>
            <Data name="id"><value>85</value></Data>
            <Data name="Class"><value>Healthy</value></Data>
          </ExtendedData>
          <Point><coordinates>102.434802000,2.946435000,0</coordinates></Point>
        </Placemark>

        <Placemark>
          <name>86</name>
          <styleUrl>#style_Healthy</styleUrl>
          <ExtendedData>
            <Data name="id"><value>86</value></Data>
            <Data name="Class"><value>Healthy</value></Data>
          </ExtendedData>
          <Point><coordinates>102.439437000,2.946233000,0</coordinates></Point>
        </Placemark>

        <Placemark>
          <name>87</name>
          <styleUrl>#style_Healthy</styleUrl>
          <ExtendedData>
            <Data name="id"><value>87</value></Data>
            <Data name="Class"><value>Healthy</value></Data>
          </ExtendedData>
          <Point><coordinates>102.433885000,2.947456000,0</coordinates></Point>
        </Placemark>

        <Placemark>
          <name>88</name>
          <styleUrl>#style_Healthy</styleUrl>
          <ExtendedData>
            <Data name="id"><value>88</value></Data>
            <Data name="Class"><value>Healthy</value></Data>
          </ExtendedData>
          <Point><coordinates>102.439861000,2.946857000,0</coordinates></Point>
        </Placemark>

        <Placemark>
          <name>89</name>
          <styleUrl>#style_Healthy</styleUrl>
          <ExtendedData>
            <Data name="id"><value>89</value></Data>
            <Data name="Class"><value>Healthy</value></Data>
          </ExtendedData>
          <Point><coordinates>102.434689000,2.945818000,0</coordinates></Point>
        </Placemark>

        <Placemark>
          <name>90</name>
          <styleUrl>#style_Healthy</styleUrl>
          <ExtendedData>
            <Data name="id"><value>90</value></Data>
            <Data name="Class"><value>Healthy</value></Data>
          </ExtendedData>
          <Point><coordinates>102.434616000,2.945680000,0</coordinates></Point>
        </Placemark>

        <Placemark>
          <name>91</name>
          <styleUrl>#style_Healthy</styleUrl>
          <ExtendedData>
            <Data name="id"><value>91</value></Data>
            <Data name="Class"><value>Healthy</value></Data>
          </ExtendedData>
          <Point><coordinates>102.435116000,2.946849000,0</coordinates></Point>
        </Placemark>

        <Placemark>
          <name>92</name>
          <styleUrl>#style_Healthy</styleUrl>
          <ExtendedData>
            <Data name="id"><value>92</value></Data>
            <Data name="Class"><value>Healthy</value></Data>
          </ExtendedData>
          <Point><coordinates>102.434607000,2.946224000,0</coordinates></Point>
        </Placemark>

        <Placemark>
          <name>93</name>
          <styleUrl>#style_Healthy</styleUrl>
          <ExtendedData>
            <Data name="id"><value>93</value></Data>
            <Data name="Class"><value>Healthy</value></Data>
          </ExtendedData>
          <Point><coordinates>102.432709000,2.947719000,0</coordinates></Point>
        </Placemark>

        <Placemark>
          <name>94</name>
          <styleUrl>#style_Healthy</styleUrl>
          <ExtendedData>
            <Data name="id"><value>94</value></Data>
            <Data name="Class"><value>Healthy</value></Data>
          </ExtendedData>
          <Point><coordinates>102.439905000,2.946787000,0</coordinates></Point>
        </Placemark>

        <Placemark>
          <name>95</name>
          <styleUrl>#style_Healthy</styleUrl>
          <ExtendedData>
            <Data name="id"><value>95</value></Data>
            <Data name="Class"><value>Healthy</value></Data>
          </ExtendedData>
          <Point><coordinates>102.434116000,2.948138000,0</coordinates></Point>
        </Placemark>

        <Placemark>
          <name>96</name>
          <styleUrl>#style_Healthy</styleUrl>
          <ExtendedData>
            <Data name="id"><value>96</value></Data>
            <Data name="Class"><value>Healthy</value></Data>
          </ExtendedData>
          <Point><coordinates>102.434958000,2.946571000,0</coordinates></Point>
        </Placemark>

        <Placemark>
          <name>97</name>
          <styleUrl>#style_Healthy</styleUrl>
          <ExtendedData>
            <Data name="id"><value>97</value></Data>
            <Data name="Class"><value>Healthy</value></Data>
          </ExtendedData>
          <Point><coordinates>102.433993000,2.948068000,0</coordinates></Point>
        </Placemark>

        <Placemark>
          <name>98</name>
          <styleUrl>#style_Healthy</styleUrl>
          <ExtendedData>
            <Data name="id"><value>98</value></Data>
            <Data name="Class"><value>Healthy</value></Data>
          </ExtendedData>
          <Point><coordinates>102.439404000,2.949246000,0</coordinates></Point>
        </Placemark>

        <Placemark>
          <name>99</name>
          <styleUrl>#style_Healthy</styleUrl>
          <ExtendedData>
            <Data name="id"><value>99</value></Data>
            <Data name="Class"><value>Healthy</value></Data>
          </ExtendedData>
          <Point><coordinates>102.434764000,2.946369000,0</coordinates></Point>
        </Placemark>

        <Placemark>
          <name>100</name>
          <styleUrl>#style_Healthy</styleUrl>
          <ExtendedData>
            <Data name="id"><value>100</value></Data>
            <Data name="Class"><value>Healthy</value></Data>
          </ExtendedData>
          <Point><coordinates>102.433687000,2.947249000,0</coordinates></Point>
        </Placemark>

        <Placemark>
          <name>101</name>
          <styleUrl>#style_Healthy</styleUrl>
          <ExtendedData>
            <Data name="id"><value>101</value></Data>
            <Data name="Class"><value>Healthy</value></Data>
          </ExtendedData>
          <Point><coordinates>102.432511000,2.947237000,0</coordinates></Point>
        </Placemark>

        <Placemark>
          <name>102</name>
          <styleUrl>#style_Healthy</styleUrl>
          <ExtendedData>
            <Data name="id"><value>102</value></Data>
            <Data name="Class"><value>Healthy</value></Data>
          </ExtendedData>
          <Point><coordinates>102.433022000,2.947991000,0</coordinates></Point>
        </Placemark>

        <Placemark>
          <name>103</name>
          <styleUrl>#style_Healthy</styleUrl>
          <ExtendedData>
            <Data name="id"><value>103</value></Data>
            <Data name="Class"><value>Healthy</value></Data>
          </ExtendedData>
          <Point><coordinates>102.434038000,2.947997000,0</coordinates></Point>
        </Placemark>

        <Placemark>
          <name>104</name>
          <styleUrl>#style_Healthy</styleUrl>
          <ExtendedData>
            <Data name="id"><value>104</value></Data>
            <Data name="Class"><value>Healthy</value></Data>
          </ExtendedData>
          <Point><coordinates>102.434300000,2.945130000,0</coordinates></Point>
        </Placemark>

        <Placemark>
          <name>105</name>
          <styleUrl>#style_Healthy</styleUrl>
          <ExtendedData>
            <Data name="id"><value>105</value></Data>
            <Data name="Class"><value>Healthy</value></Data>
          </ExtendedData>
          <Point><coordinates>102.432509000,2.947371000,0</coordinates></Point>
        </Placemark>

        <Placemark>
          <name>106</name>
          <styleUrl>#style_Healthy</styleUrl>
          <ExtendedData>
            <Data name="id"><value>106</value></Data>
            <Data name="Class"><value>Healthy</value></Data>
          </ExtendedData>
          <Point><coordinates>102.434721000,2.946443000,0</coordinates></Point>
        </Placemark>

        <Placemark>
          <name>107</name>
          <styleUrl>#style_Healthy</styleUrl>
          <ExtendedData>
            <Data name="id"><value>107</value></Data>
            <Data name="Class"><value>Healthy</value></Data>
          </ExtendedData>
          <Point><coordinates>102.434381000,2.945280000,0</coordinates></Point>
        </Placemark>

        <Placemark>
          <name>108</name>
          <styleUrl>#style_Healthy</styleUrl>
          <ExtendedData>
            <Data name="id"><value>108</value></Data>
            <Data name="Class"><value>Healthy</value></Data>
          </ExtendedData>
          <Point><coordinates>102.440126000,2.947066000,0</coordinates></Point>
        </Placemark>

        <Placemark>
          <name>109</name>
          <styleUrl>#style_Healthy</styleUrl>
          <ExtendedData>
            <Data name="id"><value>109</value></Data>
            <Data name="Class"><value>Healthy</value></Data>
          </ExtendedData>
          <Point><coordinates>102.439787000,2.946716000,0</coordinates></Point>
        </Placemark>

        <Placemark>
          <name>110</name>
          <styleUrl>#style_Healthy</styleUrl>
          <ExtendedData>
            <Data name="id"><value>110</value></Data>
            <Data name="Class"><value>Healthy</value></Data>
          </ExtendedData>
          <Point><coordinates>102.439629000,2.946441000,0</coordinates></Point>
        </Placemark>

        <Placemark>
          <name>111</name>
          <styleUrl>#style_Healthy</styleUrl>
          <ExtendedData>
            <Data name="id"><value>111</value></Data>
            <Data name="Class"><value>Healthy</value></Data>
          </ExtendedData>
          <Point><coordinates>102.433733000,2.947177000,0</coordinates></Point>
        </Placemark>

        <Placemark>
          <name>112</name>
          <styleUrl>#style_Healthy</styleUrl>
          <ExtendedData>
            <Data name="id"><value>112</value></Data>
            <Data name="Class"><value>Healthy</value></Data>
          </ExtendedData>
          <Point><coordinates>102.434075000,2.948071000,0</coordinates></Point>
        </Placemark>

        <Placemark>
          <name>113</name>
          <styleUrl>#style_Healthy</styleUrl>
          <ExtendedData>
            <Data name="id"><value>113</value></Data>
            <Data name="Class"><value>Healthy</value></Data>
          </ExtendedData>
          <Point><coordinates>102.433533000,2.947112000,0</coordinates></Point>
        </Placemark>

        <Placemark>
          <name>114</name>
          <styleUrl>#style_Healthy</styleUrl>
          <ExtendedData>
            <Data name="id"><value>114</value></Data>
            <Data name="Class"><value>Healthy</value></Data>
          </ExtendedData>
          <Point><coordinates>102.439100000,2.948402000,0</coordinates></Point>
        </Placemark>

        <Placemark>
          <name>115</name>
          <styleUrl>#style_Healthy</styleUrl>
          <ExtendedData>
            <Data name="id"><value>115</value></Data>
            <Data name="Class"><value>Healthy</value></Data>
          </ExtendedData>
          <Point><coordinates>102.434727000,2.945889000,0</coordinates></Point>
        </Placemark>

        <Placemark>
          <name>116</name>
          <styleUrl>#style_Healthy</styleUrl>
          <ExtendedData>
            <Data name="id"><value>116</value></Data>
            <Data name="Class"><value>Healthy</value></Data>
          </ExtendedData>
          <Point><coordinates>102.433649000,2.947451000,0</coordinates></Point>
        </Placemark>

        <Placemark>
          <name>117</name>
          <styleUrl>#style_Healthy</styleUrl>
          <ExtendedData>
            <Data name="id"><value>117</value></Data>
            <Data name="Class"><value>Healthy</value></Data>
          </ExtendedData>
          <Point><coordinates>102.439556000,2.946306000,0</coordinates></Point>
        </Placemark>

        <Placemark>
          <name>118</name>
          <styleUrl>#style_Healthy</styleUrl>
          <ExtendedData>
            <Data name="id"><value>118</value></Data>
            <Data name="Class"><value>Healthy</value></Data>
          </ExtendedData>
          <Point><coordinates>102.434644000,2.946298000,0</coordinates></Point>
        </Placemark>

        <Placemark>
          <name>119</name>
          <styleUrl>#style_Healthy</styleUrl>
          <ExtendedData>
            <Data name="id"><value>119</value></Data>
            <Data name="Class"><value>Healthy</value></Data>
          </ExtendedData>
          <Point><coordinates>102.433765000,2.947527000,0</coordinates></Point>
        </Placemark>

        <Placemark>
          <name>120</name>
          <styleUrl>#style_Healthy</styleUrl>
          <ExtendedData>
            <Data name="id"><value>120</value></Data>
            <Data name="Class"><value>Healthy</value></Data>
          </ExtendedData>
          <Point><coordinates>102.439095000,2.948546000,0</coordinates></Point>
        </Placemark>

        <Placemark>
          <name>121</name>
          <styleUrl>#style_Healthy</styleUrl>
          <ExtendedData>
            <Data name="id"><value>121</value></Data>
            <Data name="Class"><value>Healthy</value></Data>
          </ExtendedData>
          <Point><coordinates>102.434104000,2.944926000,0</coordinates></Point>
        </Placemark>

        <Placemark>
          <name>122</name>
          <styleUrl>#style_Healthy</styleUrl>
          <ExtendedData>
            <Data name="id"><value>122</value></Data>
            <Data name="Class"><value>Healthy</value></Data>
          </ExtendedData>
          <Point><coordinates>102.439281000,2.949033000,0</coordinates></Point>
        </Placemark>

        <Placemark>
          <name>123</name>
          <styleUrl>#style_Healthy</styleUrl>
          <ExtendedData>
            <Data name="id"><value>123</value></Data>
            <Data name="Class"><value>Healthy</value></Data>
          </ExtendedData>
          <Point><coordinates>102.432434000,2.947098000,0</coordinates></Point>
        </Placemark>

        <Placemark>
          <name>125</name>
          <styleUrl>#style_Healthy</styleUrl>
          <ExtendedData>
            <Data name="id"><value>125</value></Data>
            <Data name="Class"><value>Healthy</value></Data>
          </ExtendedData>
          <Point><coordinates>102.435231000,2.947057000,0</coordinates></Point>
        </Placemark>

        <Placemark>
          <name>126</name>
          <styleUrl>#style_Healthy</styleUrl>
          <ExtendedData>
            <Data name="id"><value>126</value></Data>
            <Data name="Class"><value>Healthy</value></Data>
          </ExtendedData>
          <Point><coordinates>102.432903000,2.947921000,0</coordinates></Point>
        </Placemark>

        <Placemark>
          <name>128</name>
          <styleUrl>#style_Healthy</styleUrl>
          <ExtendedData>
            <Data name="id"><value>128</value></Data>
            <Data name="Class"><value>Healthy</value></Data>
          </ExtendedData>
          <Point><coordinates>102.434538000,2.945537000,0</coordinates></Point>
        </Placemark>

        <Placemark>
          <name>129</name>
          <styleUrl>#style_Healthy</styleUrl>
          <ExtendedData>
            <Data name="id"><value>129</value></Data>
            <Data name="Class"><value>Healthy</value></Data>
          </ExtendedData>
          <Point><coordinates>102.434262000,2.945195000,0</coordinates></Point>
        </Placemark>

        <Placemark>
          <name>130</name>
          <styleUrl>#style_Healthy</styleUrl>
          <ExtendedData>
            <Data name="id"><value>130</value></Data>
            <Data name="Class"><value>Healthy</value></Data>
          </ExtendedData>
          <Point><coordinates>102.434270000,2.948140000,0</coordinates></Point>
        </Placemark>

        <Placemark>
          <name>131</name>
          <styleUrl>#style_Healthy</styleUrl>
          <ExtendedData>
            <Data name="id"><value>131</value></Data>
            <Data name="Class"><value>Healthy</value></Data>
          </ExtendedData>
          <Point><coordinates>102.439789000,2.946581000,0</coordinates></Point>
        </Placemark>

        <Placemark>
          <name>132</name>
          <styleUrl>#style_Healthy</styleUrl>
          <ExtendedData>
            <Data name="id"><value>132</value></Data>
            <Data name="Class"><value>Healthy</value></Data>
          </ExtendedData>
          <Point><coordinates>102.432667000,2.947648000,0</coordinates></Point>
        </Placemark>

        <Placemark>
          <name>133</name>
          <styleUrl>#style_Healthy</styleUrl>
          <ExtendedData>
            <Data name="id"><value>133</value></Data>
            <Data name="Class"><value>Healthy</value></Data>
          </ExtendedData>
          <Point><coordinates>102.433768000,2.947385000,0</coordinates></Point>
        </Placemark>

        <Placemark>
          <name>134</name>
          <styleUrl>#style_Healthy</styleUrl>
          <ExtendedData>
            <Data name="id"><value>134</value></Data>
            <Data name="Class"><value>Healthy</value></Data>
          </ExtendedData>
          <Point><coordinates>102.439634000,2.946168000,0</coordinates></Point>
        </Placemark>

        <Placemark>
          <name>135</name>
          <styleUrl>#style_Healthy</styleUrl>
          <ExtendedData>
            <Data name="id"><value>135</value></Data>
            <Data name="Class"><value>Healthy</value></Data>
          </ExtendedData>
          <Point><coordinates>102.435078000,2.946782000,0</coordinates></Point>
        </Placemark>

        <Placemark>
          <name>136</name>
          <styleUrl>#style_Healthy</styleUrl>
          <ExtendedData>
            <Data name="id"><value>136</value></Data>
            <Data name="Class"><value>Healthy</value></Data>
          </ExtendedData>
          <Point><coordinates>102.432785000,2.947717000,0</coordinates></Point>
        </Placemark>

        <Placemark>
          <name>137</name>
          <styleUrl>#style_Healthy</styleUrl>
          <ExtendedData>
            <Data name="id"><value>137</value></Data>
            <Data name="Class"><value>Healthy</value></Data>
          </ExtendedData>
          <Point><coordinates>102.439183000,2.948552000,0</coordinates></Point>
        </Placemark>

        <Placemark>
          <name>138</name>
          <styleUrl>#style_Healthy</styleUrl>
          <ExtendedData>
            <Data name="id"><value>138</value></Data>
            <Data name="Class"><value>Healthy</value></Data>
          </ExtendedData>
          <Point><coordinates>102.433849000,2.947795000,0</coordinates></Point>
        </Placemark>

        <Placemark>
          <name>139</name>
          <styleUrl>#style_Healthy</styleUrl>
          <ExtendedData>
            <Data name="id"><value>139</value></Data>
            <Data name="Class"><value>Healthy</value></Data>
          </ExtendedData>
          <Point><coordinates>102.432587000,2.947514000,0</coordinates></Point>
        </Placemark>

        <Placemark>
          <name>140</name>
          <styleUrl>#style_Healthy</styleUrl>
          <ExtendedData>
            <Data name="id"><value>140</value></Data>
            <Data name="Class"><value>Healthy</value></Data>
          </ExtendedData>
          <Point><coordinates>102.433845000,2.947661000,0</coordinates></Point>
        </Placemark>

        <Placemark>
          <name>141</name>
          <styleUrl>#style_Healthy</styleUrl>
          <ExtendedData>
            <Data name="id"><value>141</value></Data>
            <Data name="Class"><value>Healthy</value></Data>
          </ExtendedData>
          <Point><coordinates>102.438823000,2.948342000,0</coordinates></Point>
        </Placemark>

        <Placemark>
          <name>142</name>
          <styleUrl>#style_Healthy</styleUrl>
          <ExtendedData>
            <Data name="id"><value>142</value></Data>
            <Data name="Class"><value>Healthy</value></Data>
          </ExtendedData>
          <Point><coordinates>102.439482000,2.949104000,0</coordinates></Point>
        </Placemark>

        <Placemark>
          <name>143</name>
          <styleUrl>#style_Healthy</styleUrl>
          <ExtendedData>
            <Data name="id"><value>143</value></Data>
            <Data name="Class"><value>Healthy</value></Data>
          </ExtendedData>
          <Point><coordinates>102.432744000,2.947648000,0</coordinates></Point>
        </Placemark>

        <Placemark>
          <name>144</name>
          <styleUrl>#style_Healthy</styleUrl>
          <ExtendedData>
            <Data name="id"><value>144</value></Data>
            <Data name="Class"><value>Healthy</value></Data>
          </ExtendedData>
          <Point><coordinates>102.432979000,2.947921000,0</coordinates></Point>
        </Placemark>

        <Placemark>
          <name>145</name>
          <styleUrl>#style_Healthy</styleUrl>
          <ExtendedData>
            <Data name="id"><value>145</value></Data>
            <Data name="Class"><value>Healthy</value></Data>
          </ExtendedData>
          <Point><coordinates>102.432311000,2.947165000,0</coordinates></Point>
        </Placemark>

        <Placemark>
          <name>146</name>
          <styleUrl>#style_Healthy</styleUrl>
          <ExtendedData>
            <Data name="id"><value>146</value></Data>
            <Data name="Class"><value>Healthy</value></Data>
          </ExtendedData>
          <Point><coordinates>102.434036000,2.947865000,0</coordinates></Point>
        </Placemark>

        <Placemark>
          <name>147</name>
          <styleUrl>#style_Healthy</styleUrl>
          <ExtendedData>
            <Data name="id"><value>147</value></Data>
            <Data name="Class"><value>Healthy</value></Data>
          </ExtendedData>
          <Point><coordinates>102.439981000,2.946791000,0</coordinates></Point>
        </Placemark>

        <Placemark>
          <name>149</name>
          <styleUrl>#style_Healthy</styleUrl>
          <ExtendedData>
            <Data name="id"><value>149</value></Data>
            <Data name="Class"><value>Healthy</value></Data>
          </ExtendedData>
          <Point><coordinates>102.432509000,2.947095000,0</coordinates></Point>
        </Placemark>

        <Placemark>
          <name>150</name>
          <styleUrl>#style_Healthy</styleUrl>
          <ExtendedData>
            <Data name="id"><value>150</value></Data>
            <Data name="Class"><value>Healthy</value></Data>
          </ExtendedData>
          <Point><coordinates>102.439446000,2.949170000,0</coordinates></Point>
        </Placemark>

        <Placemark>
          <name>151</name>
          <styleUrl>#style_Healthy</styleUrl>
          <ExtendedData>
            <Data name="id"><value>151</value></Data>
            <Data name="Class"><value>Healthy</value></Data>
          </ExtendedData>
          <Point><coordinates>102.439362000,2.949173000,0</coordinates></Point>
        </Placemark>

        <Placemark>
          <name>153</name>
          <styleUrl>#style_Healthy</styleUrl>
          <ExtendedData>
            <Data name="id"><value>153</value></Data>
            <Data name="Class"><value>Healthy</value></Data>
          </ExtendedData>
          <Point><coordinates>102.432389000,2.947168000,0</coordinates></Point>
        </Placemark>

        <Placemark>
          <name>154</name>
          <styleUrl>#style_Healthy</styleUrl>
          <ExtendedData>
            <Data name="id"><value>154</value></Data>
            <Data name="Class"><value>Healthy</value></Data>
          </ExtendedData>
          <Point><coordinates>102.433926000,2.947928000,0</coordinates></Point>
        </Placemark>

        <Placemark>
          <name>155</name>
          <styleUrl>#style_Healthy</styleUrl>
          <ExtendedData>
            <Data name="id"><value>155</value></Data>
            <Data name="Class"><value>Healthy</value></Data>
          </ExtendedData>
          <Point><coordinates>102.434574000,2.945610000,0</coordinates></Point>
        </Placemark>

        <Placemark>
          <name>156</name>
          <styleUrl>#style_Healthy</styleUrl>
          <ExtendedData>
            <Data name="id"><value>156</value></Data>
            <Data name="Class"><value>Healthy</value></Data>
          </ExtendedData>
          <Point><coordinates>102.434448000,2.946101000,0</coordinates></Point>
        </Placemark>

        <Placemark>
          <name>157</name>
          <styleUrl>#style_Healthy</styleUrl>
          <ExtendedData>
            <Data name="id"><value>157</value></Data>
            <Data name="Class"><value>Healthy</value></Data>
          </ExtendedData>
          <Point><coordinates>102.439593000,2.946372000,0</coordinates></Point>
        </Placemark>

        <Placemark>
          <name>158</name>
          <styleUrl>#style_Healthy</styleUrl>
          <ExtendedData>
            <Data name="id"><value>158</value></Data>
            <Data name="Class"><value>Healthy</value></Data>
          </ExtendedData>
          <Point><coordinates>102.432595000,2.947372000,0</coordinates></Point>
        </Placemark>

        <Placemark>
          <name>159</name>
          <styleUrl>#style_Healthy</styleUrl>
          <ExtendedData>
            <Data name="id"><value>159</value></Data>
            <Data name="Class"><value>Healthy</value></Data>
          </ExtendedData>
          <Point><coordinates>102.439326000,2.949102000,0</coordinates></Point>
        </Placemark>

        <Placemark>
          <name>160</name>
          <styleUrl>#style_Healthy</styleUrl>
          <ExtendedData>
            <Data name="id"><value>160</value></Data>
            <Data name="Class"><value>Healthy</value></Data>
          </ExtendedData>
          <Point><coordinates>102.438977000,2.948616000,0</coordinates></Point>
        </Placemark>

        <Placemark>
          <name>161</name>
          <styleUrl>#style_Healthy</styleUrl>
          <ExtendedData>
            <Data name="id"><value>161</value></Data>
            <Data name="Class"><value>Healthy</value></Data>
          </ExtendedData>
          <Point><coordinates>102.433730000,2.947314000,0</coordinates></Point>
        </Placemark>

        <Placemark>
          <name>162</name>
          <styleUrl>#style_Healthy</styleUrl>
          <ExtendedData>
            <Data name="id"><value>162</value></Data>
            <Data name="Class"><value>Healthy</value></Data>
          </ExtendedData>
          <Point><coordinates>102.433998000,2.947926000,0</coordinates></Point>
        </Placemark>

        <Placemark>
          <name>163</name>
          <styleUrl>#style_Healthy</styleUrl>
          <ExtendedData>
            <Data name="id"><value>163</value></Data>
            <Data name="Class"><value>Healthy</value></Data>
          </ExtendedData>
          <Point><coordinates>102.434156000,2.947934000,0</coordinates></Point>
        </Placemark>

        <Placemark>
          <name>164</name>
          <styleUrl>#style_Healthy</styleUrl>
          <ExtendedData>
            <Data name="id"><value>164</value></Data>
            <Data name="Class"><value>Healthy</value></Data>
          </ExtendedData>
          <Point><coordinates>102.432631000,2.947439000,0</coordinates></Point>
        </Placemark>

        <Placemark>
          <name>165</name>
          <styleUrl>#style_Healthy</styleUrl>
          <ExtendedData>
            <Data name="id"><value>165</value></Data>
            <Data name="Class"><value>Healthy</value></Data>
          </ExtendedData>
          <Point><coordinates>102.434412000,2.946019000,0</coordinates></Point>
        </Placemark>

        <Placemark>
          <name>166</name>
          <styleUrl>#style_Healthy</styleUrl>
          <ExtendedData>
            <Data name="id"><value>166</value></Data>
            <Data name="Class"><value>Healthy</value></Data>
          </ExtendedData>
          <Point><coordinates>102.432744000,2.947512000,0</coordinates></Point>
        </Placemark>

        <Placemark>
          <name>167</name>
          <styleUrl>#style_Healthy</styleUrl>
          <ExtendedData>
            <Data name="id"><value>167</value></Data>
            <Data name="Class"><value>Healthy</value></Data>
          </ExtendedData>
          <Point><coordinates>102.435021000,2.946987000,0</coordinates></Point>
        </Placemark>

        <Placemark>
          <name>169</name>
          <styleUrl>#style_Healthy</styleUrl>
          <ExtendedData>
            <Data name="id"><value>169</value></Data>
            <Data name="Class"><value>Healthy</value></Data>
          </ExtendedData>
          <Point><coordinates>102.439827000,2.946510000,0</coordinates></Point>
        </Placemark>

        <Placemark>
          <name>170</name>
          <styleUrl>#style_Healthy</styleUrl>
          <ExtendedData>
            <Data name="id"><value>170</value></Data>
            <Data name="Class"><value>Healthy</value></Data>
          </ExtendedData>
          <Point><coordinates>102.439247000,2.949097000,0</coordinates></Point>
        </Placemark>

        <Placemark>
          <name>171</name>
          <styleUrl>#style_Healthy</styleUrl>
          <ExtendedData>
            <Data name="id"><value>171</value></Data>
            <Data name="Class"><value>Healthy</value></Data>
          </ExtendedData>
          <Point><coordinates>102.434876000,2.946849000,0</coordinates></Point>
        </Placemark>

        <Placemark>
          <name>172</name>
          <styleUrl>#style_Healthy</styleUrl>
          <ExtendedData>
            <Data name="id"><value>172</value></Data>
            <Data name="Class"><value>Healthy</value></Data>
          </ExtendedData>
          <Point><coordinates>102.433956000,2.947997000,0</coordinates></Point>
        </Placemark>

        <Placemark>
          <name>173</name>
          <styleUrl>#style_Healthy</styleUrl>
          <ExtendedData>
            <Data name="id"><value>173</value></Data>
            <Data name="Class"><value>Healthy</value></Data>
          </ExtendedData>
          <Point><coordinates>102.432667000,2.947515000,0</coordinates></Point>
        </Placemark>

        <Placemark>
          <name>174</name>
          <styleUrl>#style_Healthy</styleUrl>
          <ExtendedData>
            <Data name="id"><value>174</value></Data>
            <Data name="Class"><value>Healthy</value></Data>
          </ExtendedData>
          <Point><coordinates>102.434795000,2.946713000,0</coordinates></Point>
        </Placemark>

        <Placemark>
          <name>175</name>
          <styleUrl>#style_Healthy</styleUrl>
          <ExtendedData>
            <Data name="id"><value>175</value></Data>
            <Data name="Class"><value>Healthy</value></Data>
          </ExtendedData>
          <Point><coordinates>102.433882000,2.947594000,0</coordinates></Point>
        </Placemark>

        <Placemark>
          <name>176</name>
          <styleUrl>#style_Healthy</styleUrl>
          <ExtendedData>
            <Data name="id"><value>176</value></Data>
            <Data name="Class"><value>Healthy</value></Data>
          </ExtendedData>
          <Point><coordinates>102.434120000,2.948000000,0</coordinates></Point>
        </Placemark>

        <Placemark>
          <name>177</name>
          <styleUrl>#style_Healthy</styleUrl>
          <ExtendedData>
            <Data name="id"><value>177</value></Data>
            <Data name="Class"><value>Healthy</value></Data>
          </ExtendedData>
          <Point><coordinates>102.439479000,2.946165000,0</coordinates></Point>
        </Placemark>

        <Placemark>
          <name>178</name>
          <styleUrl>#style_Healthy</styleUrl>
          <ExtendedData>
            <Data name="id"><value>178</value></Data>
            <Data name="Class"><value>Healthy</value></Data>
          </ExtendedData>
          <Point><coordinates>102.433652000,2.947180000,0</coordinates></Point>
        </Placemark>

        <Placemark>
          <name>179</name>
          <styleUrl>#style_Healthy</styleUrl>
          <ExtendedData>
            <Data name="id"><value>179</value></Data>
            <Data name="Class"><value>Healthy</value></Data>
          </ExtendedData>
          <Point><coordinates>102.434205000,2.945398000,0</coordinates></Point>
        </Placemark>

        <Placemark>
          <name>180</name>
          <styleUrl>#style_Healthy</styleUrl>
          <ExtendedData>
            <Data name="id"><value>180</value></Data>
            <Data name="Class"><value>Healthy</value></Data>
          </ExtendedData>
          <Point><coordinates>102.439127000,2.948481000,0</coordinates></Point>
        </Placemark>

        <Placemark>
          <name>181</name>
          <styleUrl>#style_Healthy</styleUrl>
          <ExtendedData>
            <Data name="id"><value>181</value></Data>
            <Data name="Class"><value>Healthy</value></Data>
          </ExtendedData>
          <Point><coordinates>102.432275000,2.947096000,0</coordinates></Point>
        </Placemark>

        <Placemark>
          <name>182</name>
          <styleUrl>#style_Healthy</styleUrl>
          <ExtendedData>
            <Data name="id"><value>182</value></Data>
            <Data name="Class"><value>Healthy</value></Data>
          </ExtendedData>
          <Point><coordinates>102.439554000,2.946437000,0</coordinates></Point>
        </Placemark>

        <Placemark>
          <name>183</name>
          <styleUrl>#style_Healthy</styleUrl>
          <ExtendedData>
            <Data name="id"><value>183</value></Data>
            <Data name="Class"><value>Healthy</value></Data>
          </ExtendedData>
          <Point><coordinates>102.434845000,2.946364000,0</coordinates></Point>
        </Placemark>

        <Placemark>
          <name>185</name>
          <styleUrl>#style_Healthy</styleUrl>
          <ExtendedData>
            <Data name="id"><value>185</value></Data>
            <Data name="Class"><value>Healthy</value></Data>
          </ExtendedData>
          <Point><coordinates>102.434491000,2.945605000,0</coordinates></Point>
        </Placemark>

        <Placemark>
          <name>186</name>
          <styleUrl>#style_Healthy</styleUrl>
          <ExtendedData>
            <Data name="id"><value>186</value></Data>
            <Data name="Class"><value>Healthy</value></Data>
          </ExtendedData>
          <Point><coordinates>102.434119000,2.947863000,0</coordinates></Point>
        </Placemark>

        <Placemark>
          <name>187</name>
          <styleUrl>#style_Healthy</styleUrl>
          <ExtendedData>
            <Data name="id"><value>187</value></Data>
            <Data name="Class"><value>Healthy</value></Data>
          </ExtendedData>
          <Point><coordinates>102.440062000,2.947069000,0</coordinates></Point>
        </Placemark>

        <Placemark>
          <name>188</name>
          <styleUrl>#style_Healthy</styleUrl>
          <ExtendedData>
            <Data name="id"><value>188</value></Data>
            <Data name="Class"><value>Healthy</value></Data>
          </ExtendedData>
          <Point><coordinates>102.434193000,2.948003000,0</coordinates></Point>
        </Placemark>

        <Placemark>
          <name>189</name>
          <styleUrl>#style_Healthy</styleUrl>
          <ExtendedData>
            <Data name="id"><value>189</value></Data>
            <Data name="Class"><value>Healthy</value></Data>
          </ExtendedData>
          <Point><coordinates>102.434146000,2.945128000,0</coordinates></Point>
        </Placemark>

        <Placemark>
          <name>190</name>
          <styleUrl>#style_Healthy</styleUrl>
          <ExtendedData>
            <Data name="id"><value>190</value></Data>
            <Data name="Class"><value>Healthy</value></Data>
          </ExtendedData>
          <Point><coordinates>102.432743000,2.947918000,0</coordinates></Point>
        </Placemark>

        <Placemark>
          <name>191</name>
          <styleUrl>#style_Healthy</styleUrl>
          <ExtendedData>
            <Data name="id"><value>191</value></Data>
            <Data name="Class"><value>Healthy</value></Data>
          </ExtendedData>
          <Point><coordinates>102.433922000,2.947524000,0</coordinates></Point>
        </Placemark>

        <Placemark>
          <name>192</name>
          <styleUrl>#style_Healthy</styleUrl>
          <ExtendedData>
            <Data name="id"><value>192</value></Data>
            <Data name="Class"><value>Healthy</value></Data>
          </ExtendedData>
          <Point><coordinates>102.439596000,2.949314000,0</coordinates></Point>
        </Placemark>

        <Placemark>
          <name>195</name>
          <styleUrl>#style_Healthy</styleUrl>
          <ExtendedData>
            <Data name="id"><value>195</value></Data>
            <Data name="Class"><value>Healthy</value></Data>
          </ExtendedData>
          <Point><coordinates>102.438939000,2.948548000,0</coordinates></Point>
        </Placemark>

        <Placemark>
          <name>196</name>
          <styleUrl>#style_Healthy</styleUrl>
          <ExtendedData>
            <Data name="id"><value>196</value></Data>
            <Data name="Class"><value>Healthy</value></Data>
          </ExtendedData>
          <Point><coordinates>102.439673000,2.946372000,0</coordinates></Point>
        </Placemark>

        <Placemark>
          <name>197</name>
          <styleUrl>#style_Healthy</styleUrl>
          <ExtendedData>
            <Data name="id"><value>197</value></Data>
            <Data name="Class"><value>Healthy</value></Data>
          </ExtendedData>
          <Point><coordinates>102.433609000,2.947384000,0</coordinates></Point>
        </Placemark>

        <Placemark>
          <name>198</name>
          <styleUrl>#style_Healthy</styleUrl>
          <ExtendedData>
            <Data name="id"><value>198</value></Data>
            <Data name="Class"><value>Healthy</value></Data>
          </ExtendedData>
          <Point><coordinates>102.432823000,2.947651000,0</coordinates></Point>
        </Placemark>

        <Placemark>
          <name>199</name>
          <styleUrl>#style_Healthy</styleUrl>
          <ExtendedData>
            <Data name="id"><value>199</value></Data>
            <Data name="Class"><value>Healthy</value></Data>
          </ExtendedData>
          <Point><coordinates>102.439056000,2.948478000,0</coordinates></Point>
        </Placemark>

        <Placemark>
          <name>201</name>
          <styleUrl>#style_Healthy</styleUrl>
          <ExtendedData>
            <Data name="id"><value>201</value></Data>
            <Data name="Class"><value>Healthy</value></Data>
          </ExtendedData>
          <Point><coordinates>102.439405000,2.949107000,0</coordinates></Point>
        </Placemark>

        <Placemark>
          <name>202</name>
          <styleUrl>#style_Healthy</styleUrl>
          <ExtendedData>
            <Data name="id"><value>202</value></Data>
            <Data name="Class"><value>Healthy</value></Data>
          </ExtendedData>
          <Point><coordinates>102.432896000,2.947788000,0</coordinates></Point>
        </Placemark>

        <Placemark>
          <name>203</name>
          <styleUrl>#style_Healthy</styleUrl>
          <ExtendedData>
            <Data name="id"><value>203</value></Data>
            <Data name="Class"><value>Healthy</value></Data>
          </ExtendedData>
          <Point><coordinates>102.434451000,2.945677000,0</coordinates></Point>
        </Placemark>

        <Placemark>
          <name>204</name>
          <styleUrl>#style_Healthy</styleUrl>
          <ExtendedData>
            <Data name="id"><value>204</value></Data>
            <Data name="Class"><value>Healthy</value></Data>
          </ExtendedData>
          <Point><coordinates>102.439706000,2.946578000,0</coordinates></Point>
        </Placemark>

        <Placemark>
          <name>205</name>
          <styleUrl>#style_Healthy</styleUrl>
          <ExtendedData>
            <Data name="id"><value>205</value></Data>
            <Data name="Class"><value>Healthy</value></Data>
          </ExtendedData>
          <Point><coordinates>102.434992000,2.947055000,0</coordinates></Point>
        </Placemark>

        <Placemark>
          <name>206</name>
          <styleUrl>#style_Healthy</styleUrl>
          <ExtendedData>
            <Data name="id"><value>206</value></Data>
            <Data name="Class"><value>Healthy</value></Data>
          </ExtendedData>
          <Point><coordinates>102.439748000,2.946512000,0</coordinates></Point>
        </Placemark>

        <Placemark>
          <name>207</name>
          <styleUrl>#style_Healthy</styleUrl>
          <ExtendedData>
            <Data name="id"><value>207</value></Data>
            <Data name="Class"><value>Healthy</value></Data>
          </ExtendedData>
          <Point><coordinates>102.432982000,2.948057000,0</coordinates></Point>
        </Placemark>

        <Placemark>
          <name>208</name>
          <styleUrl>#style_Healthy</styleUrl>
          <ExtendedData>
            <Data name="id"><value>208</value></Data>
            <Data name="Class"><value>Healthy</value></Data>
          </ExtendedData>
          <Point><coordinates>102.439207000,2.949034000,0</coordinates></Point>
        </Placemark>

        <Placemark>
          <name>209</name>
          <styleUrl>#style_Healthy</styleUrl>
          <ExtendedData>
            <Data name="id"><value>209</value></Data>
            <Data name="Class"><value>Healthy</value></Data>
          </ExtendedData>
          <Point><coordinates>102.438980000,2.948483000,0</coordinates></Point>
        </Placemark>

        <Placemark>
          <name>211</name>
          <styleUrl>#style_Healthy</styleUrl>
          <ExtendedData>
            <Data name="id"><value>211</value></Data>
            <Data name="Class"><value>Healthy</value></Data>
          </ExtendedData>
          <Point><coordinates>102.432943000,2.947990000,0</coordinates></Point>
        </Placemark>

        <Placemark>
          <name>212</name>
          <styleUrl>#style_Healthy</styleUrl>
          <ExtendedData>
            <Data name="id"><value>212</value></Data>
            <Data name="Class"><value>Healthy</value></Data>
          </ExtendedData>
          <Point><coordinates>102.439217000,2.948622000,0</coordinates></Point>
        </Placemark>

        <Placemark>
          <name>213</name>
          <styleUrl>#style_Healthy</styleUrl>
          <ExtendedData>
            <Data name="id"><value>213</value></Data>
            <Data name="Class"><value>Healthy</value></Data>
          </ExtendedData>
          <Point><coordinates>102.433922000,2.947665000,0</coordinates></Point>
        </Placemark>

        <Placemark>
          <name>214</name>
          <styleUrl>#style_Healthy</styleUrl>
          <ExtendedData>
            <Data name="id"><value>214</value></Data>
            <Data name="Class"><value>Healthy</value></Data>
          </ExtendedData>
          <Point><coordinates>102.432745000,2.947787000,0</coordinates></Point>
        </Placemark>

        <Placemark>
          <name>215</name>
          <styleUrl>#style_Healthy</styleUrl>
          <ExtendedData>
            <Data name="id"><value>215</value></Data>
            <Data name="Class"><value>Healthy</value></Data>
          </ExtendedData>
          <Point><coordinates>102.439821871,2.946927039,0</coordinates></Point>
        </Placemark>

        <Placemark>
          <name>216</name>
          <styleUrl>#style_Healthy</styleUrl>
          <ExtendedData>
            <Data name="id"><value>216</value></Data>
            <Data name="Class"><value>Healthy</value></Data>
          </ExtendedData>
          <Point><coordinates>102.439021000,2.948548000,0</coordinates></Point>
        </Placemark>

        <Placemark>
          <name>217</name>
          <styleUrl>#style_Healthy</styleUrl>
          <ExtendedData>
            <Data name="id"><value>217</value></Data>
            <Data name="Class"><value>Healthy</value></Data>
          </ExtendedData>
          <Point><coordinates>102.433886000,2.947734000,0</coordinates></Point>
        </Placemark>

        <Placemark>
          <name>218</name>
          <styleUrl>#style_Healthy</styleUrl>
          <ExtendedData>
            <Data name="id"><value>218</value></Data>
            <Data name="Class"><value>Healthy</value></Data>
          </ExtendedData>
          <Point><coordinates>102.434044000,2.947734000,0</coordinates></Point>
        </Placemark>

        <Placemark>
          <name>219</name>
          <styleUrl>#style_Healthy</styleUrl>
          <ExtendedData>
            <Data name="id"><value>219</value></Data>
            <Data name="Class"><value>Healthy</value></Data>
          </ExtendedData>
          <Point><coordinates>102.434492000,2.946017000,0</coordinates></Point>
        </Placemark>

        <Placemark>
          <name>220</name>
          <styleUrl>#style_Healthy</styleUrl>
          <ExtendedData>
            <Data name="id"><value>220</value></Data>
            <Data name="Class"><value>Healthy</value></Data>
          </ExtendedData>
          <Point><coordinates>102.439321000,2.949236000,0</coordinates></Point>
        </Placemark>

        <Placemark>
          <name>221</name>
          <styleUrl>#style_Healthy</styleUrl>
          <ExtendedData>
            <Data name="id"><value>221</value></Data>
            <Data name="Class"><value>Healthy</value></Data>
          </ExtendedData>
          <Point><coordinates>102.439711000,2.946444000,0</coordinates></Point>
        </Placemark>

        <Placemark>
          <name>222</name>
          <styleUrl>#style_Healthy</styleUrl>
          <ExtendedData>
            <Data name="id"><value>222</value></Data>
            <Data name="Class"><value>Healthy</value></Data>
          </ExtendedData>
          <Point><coordinates>102.434079000,2.947797000,0</coordinates></Point>
        </Placemark>

        <Placemark>
          <name>223</name>
          <styleUrl>#style_Healthy</styleUrl>
          <ExtendedData>
            <Data name="id"><value>223</value></Data>
            <Data name="Class"><value>Healthy</value></Data>
          </ExtendedData>
          <Point><coordinates>102.432860000,2.947718000,0</coordinates></Point>
        </Placemark>

        <Placemark>
          <name>224</name>
          <styleUrl>#style_Healthy</styleUrl>
          <ExtendedData>
            <Data name="id"><value>224</value></Data>
            <Data name="Class"><value>Healthy</value></Data>
          </ExtendedData>
          <Point><coordinates>102.439863000,2.946583000,0</coordinates></Point>
        </Placemark>

        <Placemark>
          <name>225</name>
          <styleUrl>#style_Healthy</styleUrl>
          <ExtendedData>
            <Data name="id"><value>225</value></Data>
            <Data name="Class"><value>Healthy</value></Data>
          </ExtendedData>
          <Point><coordinates>102.439277000,2.948889000,0</coordinates></Point>
        </Placemark>

        <Placemark>
          <name>227</name>
          <styleUrl>#style_Healthy</styleUrl>
          <ExtendedData>
            <Data name="id"><value>227</value></Data>
            <Data name="Class"><value>Healthy</value></Data>
          </ExtendedData>
          <Point><coordinates>102.440055000,2.946923000,0</coordinates></Point>
        </Placemark>

        <Placemark>
          <name>228</name>
          <styleUrl>#style_Healthy</styleUrl>
          <ExtendedData>
            <Data name="id"><value>228</value></Data>
            <Data name="Class"><value>Healthy</value></Data>
          </ExtendedData>
          <Point><coordinates>102.439364000,2.948896000,0</coordinates></Point>
        </Placemark>

        <Placemark>
          <name>229</name>
          <styleUrl>#style_Healthy</styleUrl>
          <ExtendedData>
            <Data name="id"><value>229</value></Data>
            <Data name="Class"><value>Healthy</value></Data>
          </ExtendedData>
          <Point><coordinates>102.433959000,2.947593000,0</coordinates></Point>
        </Placemark>

        <Placemark>
          <name>230</name>
          <styleUrl>#style_Healthy</styleUrl>
          <ExtendedData>
            <Data name="id"><value>230</value></Data>
            <Data name="Class"><value>Healthy</value></Data>
          </ExtendedData>
          <Point><coordinates>102.433958000,2.947735000,0</coordinates></Point>
        </Placemark>

        <Placemark>
          <name>231</name>
          <styleUrl>#style_Healthy</styleUrl>
          <ExtendedData>
            <Data name="id"><value>231</value></Data>
            <Data name="Class"><value>Healthy</value></Data>
          </ExtendedData>
          <Point><coordinates>102.435195000,2.946985000,0</coordinates></Point>
        </Placemark>

        <Placemark>
          <name>232</name>
          <styleUrl>#style_Healthy</styleUrl>
          <ExtendedData>
            <Data name="id"><value>232</value></Data>
            <Data name="Class"><value>Healthy</value></Data>
          </ExtendedData>
          <Point><coordinates>102.440020000,2.946995000,0</coordinates></Point>
        </Placemark>

        <Placemark>
          <name>233</name>
          <styleUrl>#style_Healthy</styleUrl>
          <ExtendedData>
            <Data name="id"><value>233</value></Data>
            <Data name="Class"><value>Healthy</value></Data>
          </ExtendedData>
          <Point><coordinates>102.439442000,2.946097000,0</coordinates></Point>
        </Placemark>

        <Placemark>
          <name>234</name>
          <styleUrl>#style_Healthy</styleUrl>
          <ExtendedData>
            <Data name="id"><value>234</value></Data>
            <Data name="Class"><value>Healthy</value></Data>
          </ExtendedData>
          <Point><coordinates>102.435023000,2.946850000,0</coordinates></Point>
        </Placemark>

        <Placemark>
          <name>235</name>
          <styleUrl>#style_Healthy</styleUrl>
          <ExtendedData>
            <Data name="id"><value>235</value></Data>
            <Data name="Class"><value>Healthy</value></Data>
          </ExtendedData>
          <Point><coordinates>102.439983000,2.947065000,0</coordinates></Point>
        </Placemark>

        <Placemark>
          <name>236</name>
          <styleUrl>#style_Healthy</styleUrl>
          <ExtendedData>
            <Data name="id"><value>236</value></Data>
            <Data name="Class"><value>Healthy</value></Data>
          </ExtendedData>
          <Point><coordinates>102.432944000,2.948128000,0</coordinates></Point>
        </Placemark>

        <Placemark>
          <name>237</name>
          <styleUrl>#style_Healthy</styleUrl>
          <ExtendedData>
            <Data name="id"><value>237</value></Data>
            <Data name="Class"><value>Healthy</value></Data>
          </ExtendedData>
          <Point><coordinates>102.439173000,2.948963000,0</coordinates></Point>
        </Placemark>

        <Placemark>
          <name>238</name>
          <styleUrl>#style_Healthy</styleUrl>
          <ExtendedData>
            <Data name="id"><value>238</value></Data>
            <Data name="Class"><value>Healthy</value></Data>
          </ExtendedData>
          <Point><coordinates>102.439588000,2.946509000,0</coordinates></Point>
        </Placemark>

        <Placemark>
          <name>240</name>
          <styleUrl>#style_Healthy</styleUrl>
          <ExtendedData>
            <Data name="id"><value>240</value></Data>
            <Data name="Class"><value>Healthy</value></Data>
          </ExtendedData>
          <Point><coordinates>102.434571000,2.946025000,0</coordinates></Point>
        </Placemark>

        <Placemark>
          <name>241</name>
          <styleUrl>#style_Healthy</styleUrl>
          <ExtendedData>
            <Data name="id"><value>241</value></Data>
            <Data name="Class"><value>Healthy</value></Data>
          </ExtendedData>
          <Point><coordinates>102.433808000,2.947454000,0</coordinates></Point>
        </Placemark>

        <Placemark>
          <name>242</name>
          <styleUrl>#style_Healthy</styleUrl>
          <ExtendedData>
            <Data name="id"><value>242</value></Data>
            <Data name="Class"><value>Healthy</value></Data>
          </ExtendedData>
          <Point><coordinates>102.439247000,2.948963000,0</coordinates></Point>
        </Placemark>

        <Placemark>
          <name>243</name>
          <styleUrl>#style_Healthy</styleUrl>
          <ExtendedData>
            <Data name="id"><value>243</value></Data>
            <Data name="Class"><value>Healthy</value></Data>
          </ExtendedData>
          <Point><coordinates>102.433846000,2.947527000,0</coordinates></Point>
        </Placemark>

        <Placemark>
          <name>244</name>
          <styleUrl>#style_Healthy</styleUrl>
          <ExtendedData>
            <Data name="id"><value>244</value></Data>
            <Data name="Class"><value>Healthy</value></Data>
          </ExtendedData>
          <Point><coordinates>102.432941000,2.947854000,0</coordinates></Point>
        </Placemark>

        <Placemark>
          <name>245</name>
          <styleUrl>#style_Healthy</styleUrl>
          <ExtendedData>
            <Data name="id"><value>245</value></Data>
            <Data name="Class"><value>Healthy</value></Data>
          </ExtendedData>
          <Point><coordinates>102.433806000,2.947733000,0</coordinates></Point>
        </Placemark>

        <Placemark>
          <name>246</name>
          <styleUrl>#style_Healthy</styleUrl>
          <ExtendedData>
            <Data name="id"><value>246</value></Data>
            <Data name="Class"><value>Healthy</value></Data>
          </ExtendedData>
          <Point><coordinates>102.432787000,2.947858000,0</coordinates></Point>
        </Placemark>

        <Placemark>
          <name>247</name>
          <styleUrl>#style_Healthy</styleUrl>
          <ExtendedData>
            <Data name="id"><value>247</value></Data>
            <Data name="Class"><value>Healthy</value></Data>
          </ExtendedData>
          <Point><coordinates>102.432860000,2.947988000,0</coordinates></Point>
        </Placemark>

        <Placemark>
          <name>248</name>
          <styleUrl>#style_Healthy</styleUrl>
          <ExtendedData>
            <Data name="id"><value>248</value></Data>
            <Data name="Class"><value>Healthy</value></Data>
          </ExtendedData>
          <Point><coordinates>102.433729000,2.947454000,0</coordinates></Point>
        </Placemark>

        <Placemark>
          <name>249</name>
          <styleUrl>#style_Healthy</styleUrl>
          <ExtendedData>
            <Data name="id"><value>249</value></Data>
            <Data name="Class"><value>Healthy</value></Data>
          </ExtendedData>
          <Point><coordinates>102.439022000,2.948279000,0</coordinates></Point>
        </Placemark>

        <Placemark>
          <name>250</name>
          <styleUrl>#style_Healthy</styleUrl>
          <ExtendedData>
            <Data name="id"><value>250</value></Data>
            <Data name="Class"><value>Healthy</value></Data>
          </ExtendedData>
          <Point><coordinates>102.434650000,2.946029000,0</coordinates></Point>
        </Placemark>

        <Placemark>
          <name>251</name>
          <styleUrl>#style_Healthy</styleUrl>
          <ExtendedData>
            <Data name="id"><value>251</value></Data>
            <Data name="Class"><value>Healthy</value></Data>
          </ExtendedData>
          <Point><coordinates>102.433846000,2.947385000,0</coordinates></Point>
        </Placemark>

        <Placemark>
          <name>252</name>
          <styleUrl>#style_Healthy</styleUrl>
          <ExtendedData>
            <Data name="id"><value>252</value></Data>
            <Data name="Class"><value>Healthy</value></Data>
          </ExtendedData>
          <Point><coordinates>102.433691000,2.947525000,0</coordinates></Point>
        </Placemark>

        <Placemark>
          <name>253</name>
          <styleUrl>#style_Healthy</styleUrl>
          <ExtendedData>
            <Data name="id"><value>253</value></Data>
            <Data name="Class"><value>Healthy</value></Data>
          </ExtendedData>
          <Point><coordinates>102.439126000,2.948894000,0</coordinates></Point>
        </Placemark>

        <Placemark>
          <name>254</name>
          <styleUrl>#style_Healthy</styleUrl>
          <ExtendedData>
            <Data name="id"><value>254</value></Data>
            <Data name="Class"><value>Healthy</value></Data>
          </ExtendedData>
          <Point><coordinates>102.435151000,2.947057000,0</coordinates></Point>
        </Placemark>

        <Placemark>
          <name>255</name>
          <styleUrl>#style_Healthy</styleUrl>
          <ExtendedData>
            <Data name="id"><value>255</value></Data>
            <Data name="Class"><value>Healthy</value></Data>
          </ExtendedData>
          <Point><coordinates>102.432627000,2.947714000,0</coordinates></Point>
        </Placemark>

        <Placemark>
          <name>256</name>
          <styleUrl>#style_Healthy</styleUrl>
          <ExtendedData>
            <Data name="id"><value>256</value></Data>
            <Data name="Class"><value>Healthy</value></Data>
          </ExtendedData>
          <Point><coordinates>102.439745000,2.946372000,0</coordinates></Point>
        </Placemark>

        <Placemark>
          <name>257</name>
          <styleUrl>#style_Healthy</styleUrl>
          <ExtendedData>
            <Data name="id"><value>257</value></Data>
            <Data name="Class"><value>Healthy</value></Data>
          </ExtendedData>
          <Point><coordinates>102.433811000,2.947320000,0</coordinates></Point>
        </Placemark>

        <Placemark>
          <name>258</name>
          <styleUrl>#style_Healthy</styleUrl>
          <ExtendedData>
            <Data name="id"><value>258</value></Data>
            <Data name="Class"><value>Healthy</value></Data>
          </ExtendedData>
          <Point><coordinates>102.432784000,2.947984000,0</coordinates></Point>
        </Placemark>

        <Placemark>
          <name>259</name>
          <styleUrl>#style_Healthy</styleUrl>
          <ExtendedData>
            <Data name="id"><value>259</value></Data>
            <Data name="Class"><value>Healthy</value></Data>
          </ExtendedData>
          <Point><coordinates>102.434766000,2.945957000,0</coordinates></Point>
        </Placemark>

        <Placemark>
          <name>260</name>
          <styleUrl>#style_Healthy</styleUrl>
          <ExtendedData>
            <Data name="id"><value>260</value></Data>
            <Data name="Class"><value>Healthy</value></Data>
          </ExtendedData>
          <Point><coordinates>102.439666000,2.946508000,0</coordinates></Point>
        </Placemark>

        <Placemark>
          <name>261</name>
          <styleUrl>#style_Healthy</styleUrl>
          <ExtendedData>
            <Data name="id"><value>261</value></Data>
            <Data name="Class"><value>Healthy</value></Data>
          </ExtendedData>
          <Point><coordinates>102.432864000,2.947852000,0</coordinates></Point>
        </Placemark>

        <Placemark>
          <name>262</name>
          <styleUrl>#style_Healthy</styleUrl>
          <ExtendedData>
            <Data name="id"><value>262</value></Data>
            <Data name="Class"><value>Healthy</value></Data>
          </ExtendedData>
          <Point><coordinates>102.440017000,2.946858000,0</coordinates></Point>
        </Placemark>

        <Placemark>
          <name>263</name>
          <styleUrl>#style_Healthy</styleUrl>
          <ExtendedData>
            <Data name="id"><value>263</value></Data>
            <Data name="Class"><value>Healthy</value></Data>
          </ExtendedData>
          <Point><coordinates>102.439705000,2.946311000,0</coordinates></Point>
        </Placemark>

        <Placemark>
          <name>264</name>
          <styleUrl>#style_Healthy</styleUrl>
          <ExtendedData>
            <Data name="id"><value>264</value></Data>
            <Data name="Class"><value>Healthy</value></Data>
          </ExtendedData>
          <Point><coordinates>102.434076000,2.947934000,0</coordinates></Point>
        </Placemark>

        <Placemark>
          <name>266</name>
          <styleUrl>#style_Healthy</styleUrl>
          <ExtendedData>
            <Data name="id"><value>266</value></Data>
            <Data name="Class"><value>Healthy</value></Data>
          </ExtendedData>
          <Point><coordinates>102.439939000,2.947130000,0</coordinates></Point>
        </Placemark>

        <Placemark>
          <name>268</name>
          <styleUrl>#style_Healthy</styleUrl>
          <ExtendedData>
            <Data name="id"><value>268</value></Data>
            <Data name="Class"><value>Healthy</value></Data>
          </ExtendedData>
          <Point><coordinates>102.439160417,2.948815423,0</coordinates></Point>
        </Placemark>

        <Placemark>
          <name>270</name>
          <styleUrl>#style_Healthy</styleUrl>
          <ExtendedData>
            <Data name="id"><value>270</value></Data>
            <Data name="Class"><value>Healthy</value></Data>
          </ExtendedData>
          <Point><coordinates>102.432861000,2.948124000,0</coordinates></Point>
        </Placemark>

        <Placemark>
          <name>271</name>
          <styleUrl>#style_Healthy</styleUrl>
          <ExtendedData>
            <Data name="id"><value>271</value></Data>
            <Data name="Class"><value>Healthy</value></Data>
          </ExtendedData>
          <Point><coordinates>102.439127000,2.948618000,0</coordinates></Point>
        </Placemark>

        <Placemark>
          <name>272</name>
          <styleUrl>#style_Healthy</styleUrl>
          <ExtendedData>
            <Data name="id"><value>272</value></Data>
            <Data name="Class"><value>Healthy</value></Data>
          </ExtendedData>
          <Point><coordinates>102.439785000,2.946442000,0</coordinates></Point>
        </Placemark>

        <Placemark>
          <name>274</name>
          <styleUrl>#style_Healthy</styleUrl>
          <ExtendedData>
            <Data name="id"><value>274</value></Data>
            <Data name="Class"><value>Healthy</value></Data>
          </ExtendedData>
          <Point><coordinates>102.433764000,2.947656000,0</coordinates></Point>
        </Placemark>

        <Placemark>
          <name>275</name>
          <styleUrl>#style_Healthy</styleUrl>
          <ExtendedData>
            <Data name="id"><value>275</value></Data>
            <Data name="Class"><value>Healthy</value></Data>
          </ExtendedData>
          <Point><coordinates>102.439941000,2.946720000,0</coordinates></Point>
        </Placemark>

        <Placemark>
          <name>277</name>
          <styleUrl>#style_Healthy</styleUrl>
          <ExtendedData>
            <Data name="id"><value>277</value></Data>
            <Data name="Class"><value>Healthy</value></Data>
          </ExtendedData>
          <Point><coordinates>102.439828000,2.946649000,0</coordinates></Point>
        </Placemark>

        <Placemark>
          <name>278</name>
          <styleUrl>#style_Healthy</styleUrl>
          <ExtendedData>
            <Data name="id"><value>278</value></Data>
            <Data name="Class"><value>Healthy</value></Data>
          </ExtendedData>
          <Point><coordinates>102.439247000,2.948684000,0</coordinates></Point>
        </Placemark>

        <Placemark>
          <name>280</name>
          <styleUrl>#style_Healthy</styleUrl>
          <ExtendedData>
            <Data name="id"><value>280</value></Data>
            <Data name="Class"><value>Healthy</value></Data>
          </ExtendedData>
          <Point><coordinates>102.440093000,2.946999000,0</coordinates></Point>
        </Placemark>

        <Placemark>
          <name>281</name>
          <styleUrl>#style_Healthy</styleUrl>
          <ExtendedData>
            <Data name="id"><value>281</value></Data>
            <Data name="Class"><value>Healthy</value></Data>
          </ExtendedData>
          <Point><coordinates>102.439207000,2.948896000,0</coordinates></Point>
        </Placemark>

        <Placemark>
          <name>282</name>
          <styleUrl>#style_Healthy</styleUrl>
          <ExtendedData>
            <Data name="id"><value>282</value></Data>
            <Data name="Class"><value>Healthy</value></Data>
          </ExtendedData>
          <Point><coordinates>102.432673000,2.947784000,0</coordinates></Point>
        </Placemark>

        <Placemark>
          <name>283</name>
          <styleUrl>#style_Healthy</styleUrl>
          <ExtendedData>
            <Data name="id"><value>283</value></Data>
            <Data name="Class"><value>Healthy</value></Data>
          </ExtendedData>
          <Point><coordinates>102.434154000,2.948073000,0</coordinates></Point>
        </Placemark>

        <Placemark>
          <name>284</name>
          <styleUrl>#style_Healthy</styleUrl>
          <ExtendedData>
            <Data name="id"><value>284</value></Data>
            <Data name="Class"><value>Healthy</value></Data>
          </ExtendedData>
          <Point><coordinates>102.439864000,2.946716000,0</coordinates></Point>
        </Placemark>

        <Placemark>
          <name>285</name>
          <styleUrl>#style_Healthy</styleUrl>
          <ExtendedData>
            <Data name="id"><value>285</value></Data>
            <Data name="Class"><value>Healthy</value></Data>
          </ExtendedData>
          <Point><coordinates>102.439943000,2.946995000,0</coordinates></Point>
        </Placemark>

        <Placemark>
          <name>286</name>
          <styleUrl>#style_Healthy</styleUrl>
          <ExtendedData>
            <Data name="id"><value>286</value></Data>
            <Data name="Class"><value>Healthy</value></Data>
          </ExtendedData>
          <Point><coordinates>102.433097000,2.948126000,0</coordinates></Point>
        </Placemark>

        <Placemark>
          <name>287</name>
          <styleUrl>#style_Healthy</styleUrl>
          <ExtendedData>
            <Data name="id"><value>287</value></Data>
            <Data name="Class"><value>Healthy</value></Data>
          </ExtendedData>
          <Point><coordinates>102.433616000,2.947110000,0</coordinates></Point>
        </Placemark>

        <Placemark>
          <name>288</name>
          <styleUrl>#style_Healthy</styleUrl>
          <ExtendedData>
            <Data name="id"><value>288</value></Data>
            <Data name="Class"><value>Healthy</value></Data>
          </ExtendedData>
          <Point><coordinates>102.439326000,2.948825000,0</coordinates></Point>
        </Placemark>

        <Placemark>
          <name>289</name>
          <styleUrl>#style_Healthy</styleUrl>
          <ExtendedData>
            <Data name="id"><value>289</value></Data>
            <Data name="Class"><value>Healthy</value></Data>
          </ExtendedData>
          <Point><coordinates>102.439749000,2.946647000,0</coordinates></Point>
        </Placemark>

        <Placemark>
          <name>290</name>
          <styleUrl>#style_Healthy</styleUrl>
          <ExtendedData>
            <Data name="id"><value>290</value></Data>
            <Data name="Class"><value>Healthy</value></Data>
          </ExtendedData>
          <Point><coordinates>102.439069000,2.948334000,0</coordinates></Point>
        </Placemark>

        <Placemark>
          <name>291</name>
          <styleUrl>#style_Healthy</styleUrl>
          <ExtendedData>
            <Data name="id"><value>291</value></Data>
            <Data name="Class"><value>Healthy</value></Data>
          </ExtendedData>
          <Point><coordinates>102.432707000,2.947851000,0</coordinates></Point>
        </Placemark>

        <Placemark>
          <name>292</name>
          <styleUrl>#style_Healthy</styleUrl>
          <ExtendedData>
            <Data name="id"><value>292</value></Data>
            <Data name="Class"><value>Healthy</value></Data>
          </ExtendedData>
          <Point><coordinates>102.439670000,2.946647000,0</coordinates></Point>
        </Placemark>

        <Placemark>
          <name>293</name>
          <styleUrl>#style_Healthy</styleUrl>
          <ExtendedData>
            <Data name="id"><value>293</value></Data>
            <Data name="Class"><value>Healthy</value></Data>
          </ExtendedData>
          <Point><coordinates>102.439277000,2.948756000,0</coordinates></Point>
        </Placemark>

        <Placemark>
          <name>294</name>
          <styleUrl>#style_Healthy</styleUrl>
          <ExtendedData>
            <Data name="id"><value>294</value></Data>
            <Data name="Class"><value>Healthy</value></Data>
          </ExtendedData>
          <Point><coordinates>102.439519000,2.949173000,0</coordinates></Point>
        </Placemark>

        <Placemark>
          <name>296</name>
          <styleUrl>#style_Healthy</styleUrl>
          <ExtendedData>
            <Data name="id"><value>296</value></Data>
            <Data name="Class"><value>Healthy</value></Data>
          </ExtendedData>
          <Point><coordinates>102.439481000,2.949240000,0</coordinates></Point>
        </Placemark>

        <Placemark>
          <name>297</name>
          <styleUrl>#style_Healthy</styleUrl>
          <ExtendedData>
            <Data name="id"><value>297</value></Data>
            <Data name="Class"><value>Healthy</value></Data>
          </ExtendedData>
          <Point><coordinates>102.438899000,2.948482000,0</coordinates></Point>
        </Placemark>

        <Placemark>
          <name>298</name>
          <styleUrl>#style_Healthy</styleUrl>
          <ExtendedData>
            <Data name="id"><value>298</value></Data>
            <Data name="Class"><value>Healthy</value></Data>
          </ExtendedData>
          <Point><coordinates>102.433999000,2.947800000,0</coordinates></Point>
        </Placemark>

        <Placemark>
          <name>299</name>
          <styleUrl>#style_Healthy</styleUrl>
          <ExtendedData>
            <Data name="id"><value>299</value></Data>
            <Data name="Class"><value>Healthy</value></Data>
          </ExtendedData>
          <Point><coordinates>102.439060000,2.948618000,0</coordinates></Point>
        </Placemark>

        <Placemark>
          <name>300</name>
          <styleUrl>#style_Healthy</styleUrl>
          <ExtendedData>
            <Data name="id"><value>300</value></Data>
            <Data name="Class"><value>Healthy</value></Data>
          </ExtendedData>
          <Point><coordinates>102.439627000,2.946577000,0</coordinates></Point>
        </Placemark>

        <Placemark>
          <name>301</name>
          <styleUrl>#style_Healthy</styleUrl>
          <ExtendedData>
            <Data name="id"><value>301</value></Data>
            <Data name="Class"><value>Healthy</value></Data>
          </ExtendedData>
          <Point><coordinates>102.438782000,2.948274000,0</coordinates></Point>
        </Placemark>

        <Placemark>
          <name>302</name>
          <styleUrl>#style_Healthy</styleUrl>
          <ExtendedData>
            <Data name="id"><value>302</value></Data>
            <Data name="Class"><value>Healthy</value></Data>
          </ExtendedData>
          <Point><coordinates>102.439518000,2.949308000,0</coordinates></Point>
        </Placemark>

        <Placemark>
          <name>303</name>
          <styleUrl>#style_Healthy</styleUrl>
          <ExtendedData>
            <Data name="id"><value>303</value></Data>
            <Data name="Class"><value>Healthy</value></Data>
          </ExtendedData>
          <Point><coordinates>102.439097000,2.948684000,0</coordinates></Point>
        </Placemark>

        <Placemark>
          <name>304</name>
          <styleUrl>#style_Healthy</styleUrl>
          <ExtendedData>
            <Data name="id"><value>304</value></Data>
            <Data name="Class"><value>Healthy</value></Data>
          </ExtendedData>
          <Point><coordinates>102.433806000,2.947591000,0</coordinates></Point>
        </Placemark>

        <Placemark>
          <name>305</name>
          <styleUrl>#style_Healthy</styleUrl>
          <ExtendedData>
            <Data name="id"><value>305</value></Data>
            <Data name="Class"><value>Healthy</value></Data>
          </ExtendedData>
          <Point><coordinates>102.432826000,2.948056000,0</coordinates></Point>
        </Placemark>

        <Placemark>
          <name>306</name>
          <styleUrl>#style_Healthy</styleUrl>
          <ExtendedData>
            <Data name="id"><value>306</value></Data>
            <Data name="Class"><value>Healthy</value></Data>
          </ExtendedData>
          <Point><coordinates>102.439018000,2.948409000,0</coordinates></Point>
        </Placemark>

        <Placemark>
          <name>307</name>
          <styleUrl>#style_Healthy</styleUrl>
          <ExtendedData>
            <Data name="id"><value>307</value></Data>
            <Data name="Class"><value>Healthy</value></Data>
          </ExtendedData>
          <Point><coordinates>102.439903000,2.947063000,0</coordinates></Point>
        </Placemark>

        <Placemark>
          <name>308</name>
          <styleUrl>#style_Healthy</styleUrl>
          <ExtendedData>
            <Data name="id"><value>308</value></Data>
            <Data name="Class"><value>Healthy</value></Data>
          </ExtendedData>
          <Point><coordinates>102.439864000,2.946997000,0</coordinates></Point>
        </Placemark>

        <Placemark>
          <name>309</name>
          <styleUrl>#style_Healthy</styleUrl>
          <ExtendedData>
            <Data name="id"><value>309</value></Data>
            <Data name="Class"><value>Healthy</value></Data>
          </ExtendedData>
          <Point><coordinates>102.439056000,2.948753000,0</coordinates></Point>
        </Placemark>

        <Placemark>
          <name>310</name>
          <styleUrl>#style_Healthy</styleUrl>
          <ExtendedData>
            <Data name="id"><value>310</value></Data>
            <Data name="Class"><value>Healthy</value></Data>
          </ExtendedData>
          <Point><coordinates>102.439326000,2.948969000,0</coordinates></Point>
        </Placemark>

        <Placemark>
          <name>311</name>
          <styleUrl>#style_Healthy</styleUrl>
          <ExtendedData>
            <Data name="id"><value>311</value></Data>
            <Data name="Class"><value>Healthy</value></Data>
          </ExtendedData>
          <Point><coordinates>102.439209000,2.948752000,0</coordinates></Point>
        </Placemark>

        <Placemark>
          <name>312</name>
          <styleUrl>#style_Healthy</styleUrl>
          <ExtendedData>
            <Data name="id"><value>312</value></Data>
            <Data name="Class"><value>Healthy</value></Data>
          </ExtendedData>
          <Point><coordinates>102.440016000,2.947136000,0</coordinates></Point>
        </Placemark>

        <Placemark>
          <name>313</name>
          <styleUrl>#style_Healthy</styleUrl>
          <ExtendedData>
            <Data name="id"><value>313</value></Data>
            <Data name="Class"><value>Healthy</value></Data>
          </ExtendedData>
          <Point><coordinates>102.439088000,2.948826000,0</coordinates></Point>
        </Placemark>

        <Placemark>
          <name>314</name>
          <styleUrl>#style_Healthy</styleUrl>
          <ExtendedData>
            <Data name="id"><value>314</value></Data>
            <Data name="Class"><value>Healthy</value></Data>
          </ExtendedData>
          <Point><coordinates>102.439824000,2.946787000,0</coordinates></Point>
        </Placemark>

        <Placemark>
          <name>315</name>
          <styleUrl>#style_Healthy</styleUrl>
          <ExtendedData>
            <Data name="id"><value>315</value></Data>
            <Data name="Class"><value>Healthy</value></Data>
          </ExtendedData>
          <Point><coordinates>102.440155000,2.947127000,0</coordinates></Point>
        </Placemark>

        <Placemark>
          <name>316</name>
          <styleUrl>#style_Healthy</styleUrl>
          <ExtendedData>
            <Data name="id"><value>316</value></Data>
            <Data name="Class"><value>Healthy</value></Data>
          </ExtendedData>
          <Point><coordinates>102.439361000,2.949034000,0</coordinates></Point>
        </Placemark>

        <Placemark>
          <name>317</name>
          <styleUrl>#style_Healthy</styleUrl>
          <ExtendedData>
            <Data name="id"><value>317</value></Data>
            <Data name="Class"><value>Healthy</value></Data>
          </ExtendedData>
          <Point><coordinates>102.434571000,2.945754000,0</coordinates></Point>
        </Placemark>

        <Placemark>
          <name>318</name>
          <styleUrl>#style_Healthy</styleUrl>
          <ExtendedData>
            <Data name="id"><value>318</value></Data>
            <Data name="Class"><value>Healthy</value></Data>
          </ExtendedData>
          <Point><coordinates>102.439777000,2.946848000,0</coordinates></Point>
        </Placemark>

        <Placemark>
          <name>319</name>
          <styleUrl>#style_Healthy</styleUrl>
          <ExtendedData>
            <Data name="id"><value>319</value></Data>
            <Data name="Class"><value>Healthy</value></Data>
          </ExtendedData>
          <Point><coordinates>102.439906000,2.946655000,0</coordinates></Point>
        </Placemark>

        <Placemark>
          <name>320</name>
          <styleUrl>#style_Healthy</styleUrl>
          <ExtendedData>
            <Data name="id"><value>320</value></Data>
            <Data name="Class"><value>Healthy</value></Data>
          </ExtendedData>
          <Point><coordinates>102.433685000,2.947110000,0</coordinates></Point>
        </Placemark>

        <Placemark>
          <name>321</name>
          <styleUrl>#style_Healthy</styleUrl>
          <ExtendedData>
            <Data name="id"><value>321</value></Data>
            <Data name="Class"><value>Healthy</value></Data>
          </ExtendedData>
          <Point><coordinates>102.438934000,2.948409000,0</coordinates></Point>
        </Placemark>

        <Placemark>
          <name>323</name>
          <styleUrl>#style_Healthy</styleUrl>
          <ExtendedData>
            <Data name="id"><value>323</value></Data>
            <Data name="Class"><value>Healthy</value></Data>
          </ExtendedData>
          <Point><coordinates>102.439015000,2.948684000,0</coordinates></Point>
        </Placemark>

        <Placemark>
          <name>324</name>
          <styleUrl>#style_Healthy</styleUrl>
          <ExtendedData>
            <Data name="id"><value>324</value></Data>
            <Data name="Class"><value>Healthy</value></Data>
          </ExtendedData>
          <Point><coordinates>102.439286000,2.949168000,0</coordinates></Point>
        </Placemark>

        <Placemark>
          <name>325</name>
          <styleUrl>#style_Healthy</styleUrl>
          <ExtendedData>
            <Data name="id"><value>325</value></Data>
            <Data name="Class"><value>Healthy</value></Data>
          </ExtendedData>
          <Point><coordinates>102.439409000,2.948964000,0</coordinates></Point>
        </Placemark>

        <Placemark>
          <name>326</name>
          <styleUrl>#style_Healthy</styleUrl>
          <ExtendedData>
            <Data name="id"><value>326</value></Data>
            <Data name="Class"><value>Healthy</value></Data>
          </ExtendedData>
          <Point><coordinates>102.439561000,2.949240000,0</coordinates></Point>
        </Placemark>

        <Placemark>
          <name>327</name>
          <styleUrl>#style_Healthy</styleUrl>
          <ExtendedData>
            <Data name="id"><value>327</value></Data>
            <Data name="Class"><value>Healthy</value></Data>
          </ExtendedData>
          <Point><coordinates>102.439446000,2.949309000,0</coordinates></Point>
        </Placemark>

        <Placemark>
          <name>329</name>
          <styleUrl>#style_Healthy</styleUrl>
          <ExtendedData>
            <Data name="id"><value>329</value></Data>
            <Data name="Class"><value>Healthy</value></Data>
          </ExtendedData>
          <Point><coordinates>102.434202000,2.946359000,0</coordinates></Point>
        </Placemark>

        <Placemark>
          <name>330</name>
          <styleUrl>#style_Healthy</styleUrl>
          <ExtendedData>
            <Data name="id"><value>330</value></Data>
            <Data name="Class"><value>Healthy</value></Data>
          </ExtendedData>
          <Point><coordinates>102.434200000,2.946498000,0</coordinates></Point>
        </Placemark>

        <Placemark>
          <name>331</name>
          <styleUrl>#style_Healthy</styleUrl>
          <ExtendedData>
            <Data name="id"><value>331</value></Data>
            <Data name="Class"><value>Healthy</value></Data>
          </ExtendedData>
          <Point><coordinates>102.436995000,2.947153000,0</coordinates></Point>
        </Placemark>

        <Placemark>
          <name>332</name>
          <styleUrl>#style_Healthy</styleUrl>
          <ExtendedData>
            <Data name="id"><value>332</value></Data>
            <Data name="Class"><value>Healthy</value></Data>
          </ExtendedData>
          <Point><coordinates>102.434251000,2.946155000,0</coordinates></Point>
        </Placemark>

        <Placemark>
          <name>333</name>
          <styleUrl>#style_Healthy</styleUrl>
          <ExtendedData>
            <Data name="id"><value>333</value></Data>
            <Data name="Class"><value>Healthy</value></Data>
          </ExtendedData>
          <Point><coordinates>102.434169000,2.946428000,0</coordinates></Point>
        </Placemark>

        <Placemark>
          <name>334</name>
          <styleUrl>#style_Healthy</styleUrl>
          <ExtendedData>
            <Data name="id"><value>334</value></Data>
            <Data name="Class"><value>Healthy</value></Data>
          </ExtendedData>
          <Point><coordinates>102.434010000,2.946153000,0</coordinates></Point>
        </Placemark>

        <Placemark>
          <name>335</name>
          <styleUrl>#style_Healthy</styleUrl>
          <ExtendedData>
            <Data name="id"><value>335</value></Data>
            <Data name="Class"><value>Healthy</value></Data>
          </ExtendedData>
          <Point><coordinates>102.437029000,2.947626000,0</coordinates></Point>
        </Placemark>

        <Placemark>
          <name>336</name>
          <styleUrl>#style_Healthy</styleUrl>
          <ExtendedData>
            <Data name="id"><value>336</value></Data>
            <Data name="Class"><value>Healthy</value></Data>
          </ExtendedData>
          <Point><coordinates>102.433973000,2.946098000,0</coordinates></Point>
        </Placemark>

        <Placemark>
          <name>337</name>
          <styleUrl>#style_Healthy</styleUrl>
          <ExtendedData>
            <Data name="id"><value>337</value></Data>
            <Data name="Class"><value>Healthy</value></Data>
          </ExtendedData>
          <Point><coordinates>102.437148000,2.947696000,0</coordinates></Point>
        </Placemark>

        <Placemark>
          <name>339</name>
          <styleUrl>#style_Healthy</styleUrl>
          <ExtendedData>
            <Data name="id"><value>339</value></Data>
            <Data name="Class"><value>Healthy</value></Data>
          </ExtendedData>
          <Point><coordinates>102.434441000,2.946927000,0</coordinates></Point>
        </Placemark>

        <Placemark>
          <name>340</name>
          <styleUrl>#style_Healthy</styleUrl>
          <ExtendedData>
            <Data name="id"><value>340</value></Data>
            <Data name="Class"><value>Healthy</value></Data>
          </ExtendedData>
          <Point><coordinates>102.437144000,2.947424000,0</coordinates></Point>
        </Placemark>

        <Placemark>
          <name>341</name>
          <styleUrl>#style_Healthy</styleUrl>
          <ExtendedData>
            <Data name="id"><value>341</value></Data>
            <Data name="Class"><value>Healthy</value></Data>
          </ExtendedData>
          <Point><coordinates>102.436992000,2.947557000,0</coordinates></Point>
        </Placemark>

        <Placemark>
          <name>342</name>
          <styleUrl>#style_Healthy</styleUrl>
          <ExtendedData>
            <Data name="id"><value>342</value></Data>
            <Data name="Class"><value>Healthy</value></Data>
          </ExtendedData>
          <Point><coordinates>102.436995000,2.947285000,0</coordinates></Point>
        </Placemark>

        <Placemark>
          <name>343</name>
          <styleUrl>#style_Healthy</styleUrl>
          <ExtendedData>
            <Data name="id"><value>343</value></Data>
            <Data name="Class"><value>Healthy</value></Data>
          </ExtendedData>
          <Point><coordinates>102.433932000,2.946019000,0</coordinates></Point>
        </Placemark>

        <Placemark>
          <name>344</name>
          <styleUrl>#style_Healthy</styleUrl>
          <ExtendedData>
            <Data name="id"><value>344</value></Data>
            <Data name="Class"><value>Healthy</value></Data>
          </ExtendedData>
          <Point><coordinates>102.434253000,2.946432000,0</coordinates></Point>
        </Placemark>

        <Placemark>
          <name>345</name>
          <styleUrl>#style_Healthy</styleUrl>
          <ExtendedData>
            <Data name="id"><value>345</value></Data>
            <Data name="Class"><value>Healthy</value></Data>
          </ExtendedData>
          <Point><coordinates>102.438884000,2.946492000,0</coordinates></Point>
        </Placemark>

        <Placemark>
          <name>346</name>
          <styleUrl>#style_Healthy</styleUrl>
          <ExtendedData>
            <Data name="id"><value>346</value></Data>
            <Data name="Class"><value>Healthy</value></Data>
          </ExtendedData>
          <Point><coordinates>102.437262000,2.947622000,0</coordinates></Point>
        </Placemark>

        <Placemark>
          <name>347</name>
          <styleUrl>#style_Healthy</styleUrl>
          <ExtendedData>
            <Data name="id"><value>347</value></Data>
            <Data name="Class"><value>Healthy</value></Data>
          </ExtendedData>
          <Point><coordinates>102.434600000,2.946928000,0</coordinates></Point>
        </Placemark>

        <Placemark>
          <name>348</name>
          <styleUrl>#style_Healthy</styleUrl>
          <ExtendedData>
            <Data name="id"><value>348</value></Data>
            <Data name="Class"><value>Healthy</value></Data>
          </ExtendedData>
          <Point><coordinates>102.437034083,2.947356510,0</coordinates></Point>
        </Placemark>

        <Placemark>
          <name>349</name>
          <styleUrl>#style_Healthy</styleUrl>
          <ExtendedData>
            <Data name="id"><value>349</value></Data>
            <Data name="Class"><value>Healthy</value></Data>
          </ExtendedData>
          <Point><coordinates>102.437380000,2.947838000,0</coordinates></Point>
        </Placemark>

        <Placemark>
          <name>350</name>
          <styleUrl>#style_Healthy</styleUrl>
          <ExtendedData>
            <Data name="id"><value>350</value></Data>
            <Data name="Class"><value>Healthy</value></Data>
          </ExtendedData>
          <Point><coordinates>102.434131000,2.946359000,0</coordinates></Point>
        </Placemark>

        <Placemark>
          <name>351</name>
          <styleUrl>#style_Healthy</styleUrl>
          <ExtendedData>
            <Data name="id"><value>351</value></Data>
            <Data name="Class"><value>Healthy</value></Data>
          </ExtendedData>
          <Point><coordinates>102.436956000,2.947223000,0</coordinates></Point>
        </Placemark>

        <Placemark>
          <name>352</name>
          <styleUrl>#style_Healthy</styleUrl>
          <ExtendedData>
            <Data name="id"><value>352</value></Data>
            <Data name="Class"><value>Healthy</value></Data>
          </ExtendedData>
          <Point><coordinates>102.439141000,2.946978000,0</coordinates></Point>
        </Placemark>

        <Placemark>
          <name>353</name>
          <styleUrl>#style_Healthy</styleUrl>
          <ExtendedData>
            <Data name="id"><value>353</value></Data>
            <Data name="Class"><value>Healthy</value></Data>
          </ExtendedData>
          <Point><coordinates>102.437224000,2.947696000,0</coordinates></Point>
        </Placemark>

        <Placemark>
          <name>354</name>
          <styleUrl>#style_Healthy</styleUrl>
          <ExtendedData>
            <Data name="id"><value>354</value></Data>
            <Data name="Class"><value>Healthy</value></Data>
          </ExtendedData>
          <Point><coordinates>102.434477000,2.946984000,0</coordinates></Point>
        </Placemark>

        <Placemark>
          <name>355</name>
          <styleUrl>#style_Healthy</styleUrl>
          <ExtendedData>
            <Data name="id"><value>355</value></Data>
            <Data name="Class"><value>Healthy</value></Data>
          </ExtendedData>
          <Point><coordinates>102.434327000,2.946296000,0</coordinates></Point>
        </Placemark>

        <Placemark>
          <name>356</name>
          <styleUrl>#style_Healthy</styleUrl>
          <ExtendedData>
            <Data name="id"><value>356</value></Data>
            <Data name="Class"><value>Healthy</value></Data>
          </ExtendedData>
          <Point><coordinates>102.434486000,2.946570000,0</coordinates></Point>
        </Placemark>

        <Placemark>
          <name>357</name>
          <styleUrl>#style_Healthy</styleUrl>
          <ExtendedData>
            <Data name="id"><value>357</value></Data>
            <Data name="Class"><value>Healthy</value></Data>
          </ExtendedData>
          <Point><coordinates>102.434684000,2.946927000,0</coordinates></Point>
        </Placemark>

        <Placemark>
          <name>358</name>
          <styleUrl>#style_Healthy</styleUrl>
          <ExtendedData>
            <Data name="id"><value>358</value></Data>
            <Data name="Class"><value>Healthy</value></Data>
          </ExtendedData>
          <Point><coordinates>102.440093000,2.947683000,0</coordinates></Point>
        </Placemark>

        <Placemark>
          <name>359</name>
          <styleUrl>#style_Healthy</styleUrl>
          <ExtendedData>
            <Data name="id"><value>359</value></Data>
            <Data name="Class"><value>Healthy</value></Data>
          </ExtendedData>
          <Point><coordinates>102.434450000,2.946503000,0</coordinates></Point>
        </Placemark>

        <Placemark>
          <name>360</name>
          <styleUrl>#style_Healthy</styleUrl>
          <ExtendedData>
            <Data name="id"><value>360</value></Data>
            <Data name="Class"><value>Healthy</value></Data>
          </ExtendedData>
          <Point><coordinates>102.434370000,2.946369000,0</coordinates></Point>
        </Placemark>

        <Placemark>
          <name>361</name>
          <styleUrl>#style_Healthy</styleUrl>
          <ExtendedData>
            <Data name="id"><value>361</value></Data>
            <Data name="Class"><value>Healthy</value></Data>
          </ExtendedData>
          <Point><coordinates>102.437184000,2.947769000,0</coordinates></Point>
        </Placemark>

        <Placemark>
          <name>362</name>
          <styleUrl>#style_Healthy</styleUrl>
          <ExtendedData>
            <Data name="id"><value>362</value></Data>
            <Data name="Class"><value>Healthy</value></Data>
          </ExtendedData>
          <Point><coordinates>102.437068000,2.947547000,0</coordinates></Point>
        </Placemark>

        <Placemark>
          <name>363</name>
          <styleUrl>#style_Healthy</styleUrl>
          <ExtendedData>
            <Data name="id"><value>363</value></Data>
            <Data name="Class"><value>Healthy</value></Data>
          </ExtendedData>
          <Point><coordinates>102.438762000,2.946561000,0</coordinates></Point>
        </Placemark>

        <Placemark>
          <name>364</name>
          <styleUrl>#style_Healthy</styleUrl>
          <ExtendedData>
            <Data name="id"><value>364</value></Data>
            <Data name="Class"><value>Healthy</value></Data>
          </ExtendedData>
          <Point><coordinates>102.434133000,2.946099000,0</coordinates></Point>
        </Placemark>

        <Placemark>
          <name>365</name>
          <styleUrl>#style_Healthy</styleUrl>
          <ExtendedData>
            <Data name="id"><value>365</value></Data>
            <Data name="Class"><value>Healthy</value></Data>
          </ExtendedData>
          <Point><coordinates>102.434174000,2.946019000,0</coordinates></Point>
        </Placemark>

        <Placemark>
          <name>366</name>
          <styleUrl>#style_Healthy</styleUrl>
          <ExtendedData>
            <Data name="id"><value>366</value></Data>
            <Data name="Class"><value>Healthy</value></Data>
          </ExtendedData>
          <Point><coordinates>102.438554000,2.947858000,0</coordinates></Point>
        </Placemark>

        <Placemark>
          <name>368</name>
          <styleUrl>#style_Healthy</styleUrl>
          <ExtendedData>
            <Data name="id"><value>368</value></Data>
            <Data name="Class"><value>Healthy</value></Data>
          </ExtendedData>
          <Point><coordinates>102.438690000,2.946291000,0</coordinates></Point>
        </Placemark>

        <Placemark>
          <name>369</name>
          <styleUrl>#style_Healthy</styleUrl>
          <ExtendedData>
            <Data name="id"><value>369</value></Data>
            <Data name="Class"><value>Healthy</value></Data>
          </ExtendedData>
          <Point><coordinates>102.437187000,2.947496000,0</coordinates></Point>
        </Placemark>

        <Placemark>
          <name>370</name>
          <styleUrl>#style_Healthy</styleUrl>
          <ExtendedData>
            <Data name="id"><value>370</value></Data>
            <Data name="Class"><value>Healthy</value></Data>
          </ExtendedData>
          <Point><coordinates>102.434327000,2.946433000,0</coordinates></Point>
        </Placemark>

        <Placemark>
          <name>371</name>
          <styleUrl>#style_Healthy</styleUrl>
          <ExtendedData>
            <Data name="id"><value>371</value></Data>
            <Data name="Class"><value>Healthy</value></Data>
          </ExtendedData>
          <Point><coordinates>102.437074000,2.947291000,0</coordinates></Point>
        </Placemark>

        <Placemark>
          <name>372</name>
          <styleUrl>#style_Healthy</styleUrl>
          <ExtendedData>
            <Data name="id"><value>372</value></Data>
            <Data name="Class"><value>Healthy</value></Data>
          </ExtendedData>
          <Point><coordinates>102.434329000,2.946711000,0</coordinates></Point>
        </Placemark>

        <Placemark>
          <name>373</name>
          <styleUrl>#style_Healthy</styleUrl>
          <ExtendedData>
            <Data name="id"><value>373</value></Data>
            <Data name="Class"><value>Healthy</value></Data>
          </ExtendedData>
          <Point><coordinates>102.434406000,2.946571000,0</coordinates></Point>
        </Placemark>

        <Placemark>
          <name>374</name>
          <styleUrl>#style_Healthy</styleUrl>
          <ExtendedData>
            <Data name="id"><value>374</value></Data>
            <Data name="Class"><value>Healthy</value></Data>
          </ExtendedData>
          <Point><coordinates>102.437420000,2.947907000,0</coordinates></Point>
        </Placemark>

        <Placemark>
          <name>375</name>
          <styleUrl>#style_Healthy</styleUrl>
          <ExtendedData>
            <Data name="id"><value>375</value></Data>
            <Data name="Class"><value>Healthy</value></Data>
          </ExtendedData>
          <Point><coordinates>102.434056000,2.946223000,0</coordinates></Point>
        </Placemark>

        <Placemark>
          <name>376</name>
          <styleUrl>#style_Healthy</styleUrl>
          <ExtendedData>
            <Data name="id"><value>376</value></Data>
            <Data name="Class"><value>Healthy</value></Data>
          </ExtendedData>
          <Point><coordinates>102.437222000,2.947833000,0</coordinates></Point>
        </Placemark>

        <Placemark>
          <name>377</name>
          <styleUrl>#style_Healthy</styleUrl>
          <ExtendedData>
            <Data name="id"><value>377</value></Data>
            <Data name="Class"><value>Healthy</value></Data>
          </ExtendedData>
          <Point><coordinates>102.434643000,2.946988000,0</coordinates></Point>
        </Placemark>

        <Placemark>
          <name>378</name>
          <styleUrl>#style_Healthy</styleUrl>
          <ExtendedData>
            <Data name="id"><value>378</value></Data>
            <Data name="Class"><value>Healthy</value></Data>
          </ExtendedData>
          <Point><coordinates>102.434327000,2.946566000,0</coordinates></Point>
        </Placemark>

        <Placemark>
          <name>379</name>
          <styleUrl>#style_Healthy</styleUrl>
          <ExtendedData>
            <Data name="id"><value>379</value></Data>
            <Data name="Class"><value>Healthy</value></Data>
          </ExtendedData>
          <Point><coordinates>102.436915000,2.947421000,0</coordinates></Point>
        </Placemark>

        <Placemark>
          <name>380</name>
          <styleUrl>#style_Healthy</styleUrl>
          <ExtendedData>
            <Data name="id"><value>380</value></Data>
            <Data name="Class"><value>Healthy</value></Data>
          </ExtendedData>
          <Point><coordinates>102.437069000,2.947699000,0</coordinates></Point>
        </Placemark>

        <Placemark>
          <name>381</name>
          <styleUrl>#style_Healthy</styleUrl>
          <ExtendedData>
            <Data name="id"><value>381</value></Data>
            <Data name="Class"><value>Healthy</value></Data>
          </ExtendedData>
          <Point><coordinates>102.434407000,2.946434000,0</coordinates></Point>
        </Placemark>

        <Placemark>
          <name>382</name>
          <styleUrl>#style_Healthy</styleUrl>
          <ExtendedData>
            <Data name="id"><value>382</value></Data>
            <Data name="Class"><value>Healthy</value></Data>
          </ExtendedData>
          <Point><coordinates>102.434720000,2.946986000,0</coordinates></Point>
        </Placemark>

        <Placemark>
          <name>383</name>
          <styleUrl>#style_Healthy</styleUrl>
          <ExtendedData>
            <Data name="id"><value>383</value></Data>
            <Data name="Class"><value>Healthy</value></Data>
          </ExtendedData>
          <Point><coordinates>102.437150000,2.947565000,0</coordinates></Point>
        </Placemark>

        <Placemark>
          <name>384</name>
          <styleUrl>#style_Healthy</styleUrl>
          <ExtendedData>
            <Data name="id"><value>384</value></Data>
            <Data name="Class"><value>Healthy</value></Data>
          </ExtendedData>
          <Point><coordinates>102.440112000,2.947890000,0</coordinates></Point>
        </Placemark>

        <Placemark>
          <name>385</name>
          <styleUrl>#style_Healthy</styleUrl>
          <ExtendedData>
            <Data name="id"><value>385</value></Data>
            <Data name="Class"><value>Healthy</value></Data>
          </ExtendedData>
          <Point><coordinates>102.438165000,2.947715000,0</coordinates></Point>
        </Placemark>

        <Placemark>
          <name>386</name>
          <styleUrl>#style_Healthy</styleUrl>
          <ExtendedData>
            <Data name="id"><value>386</value></Data>
            <Data name="Class"><value>Healthy</value></Data>
          </ExtendedData>
          <Point><coordinates>102.437265000,2.947774000,0</coordinates></Point>
        </Placemark>

        <Placemark>
          <name>387</name>
          <styleUrl>#style_Healthy</styleUrl>
          <ExtendedData>
            <Data name="id"><value>387</value></Data>
            <Data name="Class"><value>Healthy</value></Data>
          </ExtendedData>
          <Point><coordinates>102.437036000,2.947221000,0</coordinates></Point>
        </Placemark>

        <Placemark>
          <name>388</name>
          <styleUrl>#style_Healthy</styleUrl>
          <ExtendedData>
            <Data name="id"><value>388</value></Data>
            <Data name="Class"><value>Healthy</value></Data>
          </ExtendedData>
          <Point><coordinates>102.439075000,2.946978000,0</coordinates></Point>
        </Placemark>

        <Placemark>
          <name>389</name>
          <styleUrl>#style_Healthy</styleUrl>
          <ExtendedData>
            <Data name="id"><value>389</value></Data>
            <Data name="Class"><value>Healthy</value></Data>
          </ExtendedData>
          <Point><coordinates>102.434524000,2.946929000,0</coordinates></Point>
        </Placemark>

        <Placemark>
          <name>390</name>
          <styleUrl>#style_Healthy</styleUrl>
          <ExtendedData>
            <Data name="id"><value>390</value></Data>
            <Data name="Class"><value>Healthy</value></Data>
          </ExtendedData>
          <Point><coordinates>102.436956000,2.947482000,0</coordinates></Point>
        </Placemark>

        <Placemark>
          <name>391</name>
          <styleUrl>#style_Healthy</styleUrl>
          <ExtendedData>
            <Data name="id"><value>391</value></Data>
            <Data name="Class"><value>Healthy</value></Data>
          </ExtendedData>
          <Point><coordinates>102.440239000,2.948226000,0</coordinates></Point>
        </Placemark>

        <Placemark>
          <name>392</name>
          <styleUrl>#style_Healthy</styleUrl>
          <ExtendedData>
            <Data name="id"><value>392</value></Data>
            <Data name="Class"><value>Healthy</value></Data>
          </ExtendedData>
          <Point><coordinates>102.438595000,2.947926000,0</coordinates></Point>
        </Placemark>

        <Placemark>
          <name>393</name>
          <styleUrl>#style_Healthy</styleUrl>
          <ExtendedData>
            <Data name="id"><value>393</value></Data>
            <Data name="Class"><value>Healthy</value></Data>
          </ExtendedData>
          <Point><coordinates>102.437182000,2.947906000,0</coordinates></Point>
        </Placemark>

        <Placemark>
          <name>394</name>
          <styleUrl>#style_Healthy</styleUrl>
          <ExtendedData>
            <Data name="id"><value>394</value></Data>
            <Data name="Class"><value>Healthy</value></Data>
          </ExtendedData>
          <Point><coordinates>102.434569000,2.946712000,0</coordinates></Point>
        </Placemark>

        <Placemark>
          <name>395</name>
          <styleUrl>#style_Healthy</styleUrl>
          <ExtendedData>
            <Data name="id"><value>395</value></Data>
            <Data name="Class"><value>Healthy</value></Data>
          </ExtendedData>
          <Point><coordinates>102.440045000,2.947885000,0</coordinates></Point>
        </Placemark>

        <Placemark>
          <name>396</name>
          <styleUrl>#style_Healthy</styleUrl>
          <ExtendedData>
            <Data name="id"><value>396</value></Data>
            <Data name="Class"><value>Healthy</value></Data>
          </ExtendedData>
          <Point><coordinates>102.434289000,2.946641000,0</coordinates></Point>
        </Placemark>

        <Placemark>
          <name>397</name>
          <styleUrl>#style_Healthy</styleUrl>
          <ExtendedData>
            <Data name="id"><value>397</value></Data>
            <Data name="Class"><value>Healthy</value></Data>
          </ExtendedData>
          <Point><coordinates>102.439929000,2.947812000,0</coordinates></Point>
        </Placemark>

        <Placemark>
          <name>398</name>
          <styleUrl>#style_Healthy</styleUrl>
          <ExtendedData>
            <Data name="id"><value>398</value></Data>
            <Data name="Class"><value>Healthy</value></Data>
          </ExtendedData>
          <Point><coordinates>102.438688000,2.946561000,0</coordinates></Point>
        </Placemark>

        <Placemark>
          <name>399</name>
          <styleUrl>#style_Healthy</styleUrl>
          <ExtendedData>
            <Data name="id"><value>399</value></Data>
            <Data name="Class"><value>Healthy</value></Data>
          </ExtendedData>
          <Point><coordinates>102.438716000,2.947721000,0</coordinates></Point>
        </Placemark>

        <Placemark>
          <name>400</name>
          <styleUrl>#style_Healthy</styleUrl>
          <ExtendedData>
            <Data name="id"><value>400</value></Data>
            <Data name="Class"><value>Healthy</value></Data>
          </ExtendedData>
          <Point><coordinates>102.437260000,2.947897000,0</coordinates></Point>
        </Placemark>

        <Placemark>
          <name>401</name>
          <styleUrl>#style_Healthy</styleUrl>
          <ExtendedData>
            <Data name="id"><value>401</value></Data>
            <Data name="Class"><value>Healthy</value></Data>
          </ExtendedData>
          <Point><coordinates>102.438902000,2.948066000,0</coordinates></Point>
        </Placemark>

        <Placemark>
          <name>402</name>
          <styleUrl>#style_Healthy</styleUrl>
          <ExtendedData>
            <Data name="id"><value>402</value></Data>
            <Data name="Class"><value>Healthy</value></Data>
          </ExtendedData>
          <Point><coordinates>102.438513000,2.947787000,0</coordinates></Point>
        </Placemark>

        <Placemark>
          <name>403</name>
          <styleUrl>#style_Healthy</styleUrl>
          <ExtendedData>
            <Data name="id"><value>403</value></Data>
            <Data name="Class"><value>Healthy</value></Data>
          </ExtendedData>
          <Point><coordinates>102.437108000,2.947353000,0</coordinates></Point>
        </Placemark>

        <Placemark>
          <name>404</name>
          <styleUrl>#style_Healthy</styleUrl>
          <ExtendedData>
            <Data name="id"><value>404</value></Data>
            <Data name="Class"><value>Healthy</value></Data>
          </ExtendedData>
          <Point><coordinates>102.436918000,2.947152000,0</coordinates></Point>
        </Placemark>

        <Placemark>
          <name>405</name>
          <styleUrl>#style_Healthy</styleUrl>
          <ExtendedData>
            <Data name="id"><value>405</value></Data>
            <Data name="Class"><value>Healthy</value></Data>
          </ExtendedData>
          <Point><coordinates>102.438993000,2.947111000,0</coordinates></Point>
        </Placemark>

        <Placemark>
          <name>406</name>
          <styleUrl>#style_Healthy</styleUrl>
          <ExtendedData>
            <Data name="id"><value>406</value></Data>
            <Data name="Class"><value>Healthy</value></Data>
          </ExtendedData>
          <Point><coordinates>102.440163000,2.948225000,0</coordinates></Point>
        </Placemark>

        <Placemark>
          <name>407</name>
          <styleUrl>#style_Healthy</styleUrl>
          <ExtendedData>
            <Data name="id"><value>407</value></Data>
            <Data name="Class"><value>Healthy</value></Data>
          </ExtendedData>
          <Point><coordinates>102.438275000,2.948190000,0</coordinates></Point>
        </Placemark>

        <Placemark>
          <name>408</name>
          <styleUrl>#style_Healthy</styleUrl>
          <ExtendedData>
            <Data name="id"><value>408</value></Data>
            <Data name="Class"><value>Healthy</value></Data>
          </ExtendedData>
          <Point><coordinates>102.438847000,2.946427000,0</coordinates></Point>
        </Placemark>

        <Placemark>
          <name>409</name>
          <styleUrl>#style_Healthy</styleUrl>
          <ExtendedData>
            <Data name="id"><value>409</value></Data>
            <Data name="Class"><value>Healthy</value></Data>
          </ExtendedData>
          <Point><coordinates>102.438560000,2.947721000,0</coordinates></Point>
        </Placemark>

        <Placemark>
          <name>410</name>
          <styleUrl>#style_Healthy</styleUrl>
          <ExtendedData>
            <Data name="id"><value>410</value></Data>
            <Data name="Class"><value>Healthy</value></Data>
          </ExtendedData>
          <Point><coordinates>102.434487000,2.946706000,0</coordinates></Point>
        </Placemark>

        <Placemark>
          <name>411</name>
          <styleUrl>#style_Healthy</styleUrl>
          <ExtendedData>
            <Data name="id"><value>411</value></Data>
            <Data name="Class"><value>Healthy</value></Data>
          </ExtendedData>
          <Point><coordinates>102.440017000,2.947545000,0</coordinates></Point>
        </Placemark>

        <Placemark>
          <name>412</name>
          <styleUrl>#style_Healthy</styleUrl>
          <ExtendedData>
            <Data name="id"><value>412</value></Data>
            <Data name="Class"><value>Healthy</value></Data>
          </ExtendedData>
          <Point><coordinates>102.436878000,2.947346000,0</coordinates></Point>
        </Placemark>

        <Placemark>
          <name>413</name>
          <styleUrl>#style_Healthy</styleUrl>
          <ExtendedData>
            <Data name="id"><value>413</value></Data>
            <Data name="Class"><value>Healthy</value></Data>
          </ExtendedData>
          <Point><coordinates>102.434364000,2.946497000,0</coordinates></Point>
        </Placemark>

        <Placemark>
          <name>414</name>
          <styleUrl>#style_Healthy</styleUrl>
          <ExtendedData>
            <Data name="id"><value>414</value></Data>
            <Data name="Class"><value>Healthy</value></Data>
          </ExtendedData>
          <Point><coordinates>102.438761000,2.946697000,0</coordinates></Point>
        </Placemark>

        <Placemark>
          <name>416</name>
          <styleUrl>#style_Healthy</styleUrl>
          <ExtendedData>
            <Data name="id"><value>416</value></Data>
            <Data name="Class"><value>Healthy</value></Data>
          </ExtendedData>
          <Point><coordinates>102.438046000,2.947778000,0</coordinates></Point>
        </Placemark>

        <Placemark>
          <name>417</name>
          <styleUrl>#style_Healthy</styleUrl>
          <ExtendedData>
            <Data name="id"><value>417</value></Data>
            <Data name="Class"><value>Healthy</value></Data>
          </ExtendedData>
          <Point><coordinates>102.434528000,2.946636000,0</coordinates></Point>
        </Placemark>

        <Placemark>
          <name>418</name>
          <styleUrl>#style_Healthy</styleUrl>
          <ExtendedData>
            <Data name="id"><value>418</value></Data>
            <Data name="Class"><value>Healthy</value></Data>
          </ExtendedData>
          <Point><coordinates>102.440089000,2.948094000,0</coordinates></Point>
        </Placemark>

        <Placemark>
          <name>419</name>
          <styleUrl>#style_Healthy</styleUrl>
          <ExtendedData>
            <Data name="id"><value>419</value></Data>
            <Data name="Class"><value>Healthy</value></Data>
          </ExtendedData>
          <Point><coordinates>102.437108000,2.947627000,0</coordinates></Point>
        </Placemark>

        <Placemark>
          <name>420</name>
          <styleUrl>#style_Healthy</styleUrl>
          <ExtendedData>
            <Data name="id"><value>420</value></Data>
            <Data name="Class"><value>Healthy</value></Data>
          </ExtendedData>
          <Point><coordinates>102.437484000,2.948040000,0</coordinates></Point>
        </Placemark>

        <Placemark>
          <name>421</name>
          <styleUrl>#style_Healthy</styleUrl>
          <ExtendedData>
            <Data name="id"><value>421</value></Data>
            <Data name="Class"><value>Healthy</value></Data>
          </ExtendedData>
          <Point><coordinates>102.438960000,2.946634000,0</coordinates></Point>
        </Placemark>

        <Placemark>
          <name>422</name>
          <styleUrl>#style_Healthy</styleUrl>
          <ExtendedData>
            <Data name="id"><value>422</value></Data>
            <Data name="Class"><value>Healthy</value></Data>
          </ExtendedData>
          <Point><coordinates>102.437345000,2.947776000,0</coordinates></Point>
        </Placemark>

        <Placemark>
          <name>423</name>
          <styleUrl>#style_Healthy</styleUrl>
          <ExtendedData>
            <Data name="id"><value>423</value></Data>
            <Data name="Class"><value>Healthy</value></Data>
          </ExtendedData>
          <Point><coordinates>102.437146000,2.947831000,0</coordinates></Point>
        </Placemark>

        <Placemark>
          <name>424</name>
          <styleUrl>#style_Healthy</styleUrl>
          <ExtendedData>
            <Data name="id"><value>424</value></Data>
            <Data name="Class"><value>Healthy</value></Data>
          </ExtendedData>
          <Point><coordinates>102.437383000,2.947970000,0</coordinates></Point>
        </Placemark>

        <Placemark>
          <name>425</name>
          <styleUrl>#style_Healthy</styleUrl>
          <ExtendedData>
            <Data name="id"><value>425</value></Data>
            <Data name="Class"><value>Healthy</value></Data>
          </ExtendedData>
          <Point><coordinates>102.434245000,2.946567000,0</coordinates></Point>
        </Placemark>

        <Placemark>
          <name>426</name>
          <styleUrl>#style_Healthy</styleUrl>
          <ExtendedData>
            <Data name="id"><value>426</value></Data>
            <Data name="Class"><value>Healthy</value></Data>
          </ExtendedData>
          <Point><coordinates>102.440113000,2.948163000,0</coordinates></Point>
        </Placemark>

        <Placemark>
          <name>427</name>
          <styleUrl>#style_Healthy</styleUrl>
          <ExtendedData>
            <Data name="id"><value>427</value></Data>
            <Data name="Class"><value>Healthy</value></Data>
          </ExtendedData>
          <Point><coordinates>102.434524000,2.946776000,0</coordinates></Point>
        </Placemark>

        <Placemark>
          <name>429</name>
          <styleUrl>#style_Healthy</styleUrl>
          <ExtendedData>
            <Data name="id"><value>429</value></Data>
            <Data name="Class"><value>Healthy</value></Data>
          </ExtendedData>
          <Point><coordinates>102.436799000,2.947212000,0</coordinates></Point>
        </Placemark>

        <Placemark>
          <name>430</name>
          <styleUrl>#style_Healthy</styleUrl>
          <ExtendedData>
            <Data name="id"><value>430</value></Data>
            <Data name="Class"><value>Healthy</value></Data>
          </ExtendedData>
          <Point><coordinates>102.438171000,2.947166000,0</coordinates></Point>
        </Placemark>

        <Placemark>
          <name>432</name>
          <styleUrl>#style_Healthy</styleUrl>
          <ExtendedData>
            <Data name="id"><value>432</value></Data>
            <Data name="Class"><value>Healthy</value></Data>
          </ExtendedData>
          <Point><coordinates>102.438728000,2.946355000,0</coordinates></Point>
        </Placemark>

        <Placemark>
          <name>433</name>
          <styleUrl>#style_Healthy</styleUrl>
          <ExtendedData>
            <Data name="id"><value>433</value></Data>
            <Data name="Class"><value>Healthy</value></Data>
          </ExtendedData>
          <Point><coordinates>102.438675000,2.947650000,0</coordinates></Point>
        </Placemark>

        <Placemark>
          <name>434</name>
          <styleUrl>#style_Healthy</styleUrl>
          <ExtendedData>
            <Data name="id"><value>434</value></Data>
            <Data name="Class"><value>Healthy</value></Data>
          </ExtendedData>
          <Point><coordinates>102.439079000,2.946842000,0</coordinates></Point>
        </Placemark>

        <Placemark>
          <name>435</name>
          <styleUrl>#style_Healthy</styleUrl>
          <ExtendedData>
            <Data name="id"><value>435</value></Data>
            <Data name="Class"><value>Healthy</value></Data>
          </ExtendedData>
          <Point><coordinates>102.434486000,2.946843000,0</coordinates></Point>
        </Placemark>

        <Placemark>
          <name>436</name>
          <styleUrl>#style_Healthy</styleUrl>
          <ExtendedData>
            <Data name="id"><value>436</value></Data>
            <Data name="Class"><value>Healthy</value></Data>
          </ExtendedData>
          <Point><coordinates>102.437302000,2.947838000,0</coordinates></Point>
        </Placemark>

        <Placemark>
          <name>437</name>
          <styleUrl>#style_Healthy</styleUrl>
          <ExtendedData>
            <Data name="id"><value>437</value></Data>
            <Data name="Class"><value>Healthy</value></Data>
          </ExtendedData>
          <Point><coordinates>102.439774000,2.947396000,0</coordinates></Point>
        </Placemark>

        <Placemark>
          <name>438</name>
          <styleUrl>#style_Healthy</styleUrl>
          <ExtendedData>
            <Data name="id"><value>438</value></Data>
            <Data name="Class"><value>Healthy</value></Data>
          </ExtendedData>
          <Point><coordinates>102.437297000,2.947970000,0</coordinates></Point>
        </Placemark>

        <Placemark>
          <name>439</name>
          <styleUrl>#style_Healthy</styleUrl>
          <ExtendedData>
            <Data name="id"><value>439</value></Data>
            <Data name="Class"><value>Healthy</value></Data>
          </ExtendedData>
          <Point><coordinates>102.434603000,2.946777000,0</coordinates></Point>
        </Placemark>

        <Placemark>
          <name>440</name>
          <styleUrl>#style_Healthy</styleUrl>
          <ExtendedData>
            <Data name="id"><value>440</value></Data>
            <Data name="Class"><value>Healthy</value></Data>
          </ExtendedData>
          <Point><coordinates>102.438520000,2.947373000,0</coordinates></Point>
        </Placemark>

        <Placemark>
          <name>441</name>
          <styleUrl>#style_Healthy</styleUrl>
          <ExtendedData>
            <Data name="id"><value>441</value></Data>
            <Data name="Class"><value>Healthy</value></Data>
          </ExtendedData>
          <Point><coordinates>102.438728000,2.946219000,0</coordinates></Point>
        </Placemark>

        <Placemark>
          <name>442</name>
          <styleUrl>#style_Healthy</styleUrl>
          <ExtendedData>
            <Data name="id"><value>442</value></Data>
            <Data name="Class"><value>Healthy</value></Data>
          </ExtendedData>
          <Point><coordinates>102.439111000,2.946909000,0</coordinates></Point>
        </Placemark>

        <Placemark>
          <name>443</name>
          <styleUrl>#style_Healthy</styleUrl>
          <ExtendedData>
            <Data name="id"><value>443</value></Data>
            <Data name="Class"><value>Healthy</value></Data>
          </ExtendedData>
          <Point><coordinates>102.438521000,2.947650000,0</coordinates></Point>
        </Placemark>

        <Placemark>
          <name>444</name>
          <styleUrl>#style_Healthy</styleUrl>
          <ExtendedData>
            <Data name="id"><value>444</value></Data>
            <Data name="Class"><value>Healthy</value></Data>
          </ExtendedData>
          <Point><coordinates>102.437308000,2.947700000,0</coordinates></Point>
        </Placemark>

        <Placemark>
          <name>445</name>
          <styleUrl>#style_Healthy</styleUrl>
          <ExtendedData>
            <Data name="id"><value>445</value></Data>
            <Data name="Class"><value>Healthy</value></Data>
          </ExtendedData>
          <Point><coordinates>102.438123000,2.947779000,0</coordinates></Point>
        </Placemark>

        <Placemark>
          <name>446</name>
          <styleUrl>#style_Healthy</styleUrl>
          <ExtendedData>
            <Data name="id"><value>446</value></Data>
            <Data name="Class"><value>Healthy</value></Data>
          </ExtendedData>
          <Point><coordinates>102.438442000,2.947370000,0</coordinates></Point>
        </Placemark>

        <Placemark>
          <name>447</name>
          <styleUrl>#style_Healthy</styleUrl>
          <ExtendedData>
            <Data name="id"><value>447</value></Data>
            <Data name="Class"><value>Healthy</value></Data>
          </ExtendedData>
          <Point><coordinates>102.438307000,2.948122000,0</coordinates></Point>
        </Placemark>

        <Placemark>
          <name>448</name>
          <styleUrl>#style_Healthy</styleUrl>
          <ExtendedData>
            <Data name="id"><value>448</value></Data>
            <Data name="Class"><value>Healthy</value></Data>
          </ExtendedData>
          <Point><coordinates>102.434405000,2.946843000,0</coordinates></Point>
        </Placemark>

        <Placemark>
          <name>449</name>
          <styleUrl>#style_Healthy</styleUrl>
          <ExtendedData>
            <Data name="id"><value>449</value></Data>
            <Data name="Class"><value>Healthy</value></Data>
          </ExtendedData>
          <Point><coordinates>102.438867000,2.947994000,0</coordinates></Point>
        </Placemark>

        <Placemark>
          <name>450</name>
          <styleUrl>#style_Healthy</styleUrl>
          <ExtendedData>
            <Data name="id"><value>450</value></Data>
            <Data name="Class"><value>Healthy</value></Data>
          </ExtendedData>
          <Point><coordinates>102.438310000,2.947853000,0</coordinates></Point>
        </Placemark>

        <Placemark>
          <name>451</name>
          <styleUrl>#style_Healthy</styleUrl>
          <ExtendedData>
            <Data name="id"><value>451</value></Data>
            <Data name="Class"><value>Healthy</value></Data>
          </ExtendedData>
          <Point><coordinates>102.438991000,2.946975000,0</coordinates></Point>
        </Placemark>

        <Placemark>
          <name>452</name>
          <styleUrl>#style_Healthy</styleUrl>
          <ExtendedData>
            <Data name="id"><value>452</value></Data>
            <Data name="Class"><value>Healthy</value></Data>
          </ExtendedData>
          <Point><coordinates>102.440043000,2.948014000,0</coordinates></Point>
        </Placemark>

        <Placemark>
          <name>453</name>
          <styleUrl>#style_Healthy</styleUrl>
          <ExtendedData>
            <Data name="id"><value>453</value></Data>
            <Data name="Class"><value>Healthy</value></Data>
          </ExtendedData>
          <Point><coordinates>102.440164000,2.948097000,0</coordinates></Point>
        </Placemark>

        <Placemark>
          <name>454</name>
          <styleUrl>#style_Healthy</styleUrl>
          <ExtendedData>
            <Data name="id"><value>454</value></Data>
            <Data name="Class"><value>Healthy</value></Data>
          </ExtendedData>
          <Point><coordinates>102.437337000,2.947905000,0</coordinates></Point>
        </Placemark>

        <Placemark>
          <name>455</name>
          <styleUrl>#style_Healthy</styleUrl>
          <ExtendedData>
            <Data name="id"><value>455</value></Data>
            <Data name="Class"><value>Healthy</value></Data>
          </ExtendedData>
          <Point><coordinates>102.438637000,2.947718000,0</coordinates></Point>
        </Placemark>

        <Placemark>
          <name>456</name>
          <styleUrl>#style_Healthy</styleUrl>
          <ExtendedData>
            <Data name="id"><value>456</value></Data>
            <Data name="Class"><value>Healthy</value></Data>
          </ExtendedData>
          <Point><coordinates>102.438307000,2.947990000,0</coordinates></Point>
        </Placemark>

        <Placemark>
          <name>457</name>
          <styleUrl>#style_Healthy</styleUrl>
          <ExtendedData>
            <Data name="id"><value>457</value></Data>
            <Data name="Class"><value>Healthy</value></Data>
          </ExtendedData>
          <Point><coordinates>102.434366000,2.946638000,0</coordinates></Point>
        </Placemark>

        <Placemark>
          <name>458</name>
          <styleUrl>#style_Healthy</styleUrl>
          <ExtendedData>
            <Data name="id"><value>458</value></Data>
            <Data name="Class"><value>Healthy</value></Data>
          </ExtendedData>
          <Point><coordinates>102.438726000,2.946491000,0</coordinates></Point>
        </Placemark>

        <Placemark>
          <name>459</name>
          <styleUrl>#style_Healthy</styleUrl>
          <ExtendedData>
            <Data name="id"><value>459</value></Data>
            <Data name="Class"><value>Healthy</value></Data>
          </ExtendedData>
          <Point><coordinates>102.438454000,2.946143000,0</coordinates></Point>
        </Placemark>

        <Placemark>
          <name>460</name>
          <styleUrl>#style_Healthy</styleUrl>
          <ExtendedData>
            <Data name="id"><value>460</value></Data>
            <Data name="Class"><value>Healthy</value></Data>
          </ExtendedData>
          <Point><coordinates>102.438280000,2.947783000,0</coordinates></Point>
        </Placemark>

        <Placemark>
          <name>461</name>
          <styleUrl>#style_Healthy</styleUrl>
          <ExtendedData>
            <Data name="id"><value>461</value></Data>
            <Data name="Class"><value>Healthy</value></Data>
          </ExtendedData>
          <Point><coordinates>102.438395000,2.948129000,0</coordinates></Point>
        </Placemark>

        <Placemark>
          <name>462</name>
          <styleUrl>#style_Healthy</styleUrl>
          <ExtendedData>
            <Data name="id"><value>462</value></Data>
            <Data name="Class"><value>Healthy</value></Data>
          </ExtendedData>
          <Point><coordinates>102.439037000,2.946777000,0</coordinates></Point>
        </Placemark>

        <Placemark>
          <name>463</name>
          <styleUrl>#style_Healthy</styleUrl>
          <ExtendedData>
            <Data name="id"><value>463</value></Data>
            <Data name="Class"><value>Healthy</value></Data>
          </ExtendedData>
          <Point><coordinates>102.439966000,2.947884000,0</coordinates></Point>
        </Placemark>

        <Placemark>
          <name>464</name>
          <styleUrl>#style_Healthy</styleUrl>
          <ExtendedData>
            <Data name="id"><value>464</value></Data>
            <Data name="Class"><value>Healthy</value></Data>
          </ExtendedData>
          <Point><coordinates>102.438533000,2.946139000,0</coordinates></Point>
        </Placemark>

        <Placemark>
          <name>465</name>
          <styleUrl>#style_Healthy</styleUrl>
          <ExtendedData>
            <Data name="id"><value>465</value></Data>
            <Data name="Class"><value>Healthy</value></Data>
          </ExtendedData>
          <Point><coordinates>102.438515000,2.947512000,0</coordinates></Point>
        </Placemark>

        <Placemark>
          <name>466</name>
          <styleUrl>#style_Healthy</styleUrl>
          <ExtendedData>
            <Data name="id"><value>466</value></Data>
            <Data name="Class"><value>Healthy</value></Data>
          </ExtendedData>
          <Point><coordinates>102.438362000,2.947236000,0</coordinates></Point>
        </Placemark>

        <Placemark>
          <name>467</name>
          <styleUrl>#style_Healthy</styleUrl>
          <ExtendedData>
            <Data name="id"><value>467</value></Data>
            <Data name="Class"><value>Healthy</value></Data>
          </ExtendedData>
          <Point><coordinates>102.438313000,2.947444000,0</coordinates></Point>
        </Placemark>

        <Placemark>
          <name>468</name>
          <styleUrl>#style_Healthy</styleUrl>
          <ExtendedData>
            <Data name="id"><value>468</value></Data>
            <Data name="Class"><value>Healthy</value></Data>
          </ExtendedData>
          <Point><coordinates>102.434446000,2.946635000,0</coordinates></Point>
        </Placemark>

        <Placemark>
          <name>469</name>
          <styleUrl>#style_Healthy</styleUrl>
          <ExtendedData>
            <Data name="id"><value>469</value></Data>
            <Data name="Class"><value>Healthy</value></Data>
          </ExtendedData>
          <Point><coordinates>102.438275000,2.948053000,0</coordinates></Point>
        </Placemark>

        <Placemark>
          <name>470</name>
          <styleUrl>#style_Healthy</styleUrl>
          <ExtendedData>
            <Data name="id"><value>470</value></Data>
            <Data name="Class"><value>Healthy</value></Data>
          </ExtendedData>
          <Point><coordinates>102.438883000,2.946776000,0</coordinates></Point>
        </Placemark>

        <Placemark>
          <name>471</name>
          <styleUrl>#style_Healthy</styleUrl>
          <ExtendedData>
            <Data name="id"><value>471</value></Data>
            <Data name="Class"><value>Healthy</value></Data>
          </ExtendedData>
          <Point><coordinates>102.438807000,2.946356000,0</coordinates></Point>
        </Placemark>

        <Placemark>
          <name>473</name>
          <styleUrl>#style_Healthy</styleUrl>
          <ExtendedData>
            <Data name="id"><value>473</value></Data>
            <Data name="Class"><value>Healthy</value></Data>
          </ExtendedData>
          <Point><coordinates>102.439975000,2.947475000,0</coordinates></Point>
        </Placemark>

        <Placemark>
          <name>474</name>
          <styleUrl>#style_Healthy</styleUrl>
          <ExtendedData>
            <Data name="id"><value>474</value></Data>
            <Data name="Class"><value>Healthy</value></Data>
          </ExtendedData>
          <Point><coordinates>102.440394000,2.948230000,0</coordinates></Point>
        </Placemark>

        <Placemark>
          <name>475</name>
          <styleUrl>#style_Healthy</styleUrl>
          <ExtendedData>
            <Data name="id"><value>475</value></Data>
            <Data name="Class"><value>Healthy</value></Data>
          </ExtendedData>
          <Point><coordinates>102.438400000,2.947307000,0</coordinates></Point>
        </Placemark>

        <Placemark>
          <name>476</name>
          <styleUrl>#style_Healthy</styleUrl>
          <ExtendedData>
            <Data name="id"><value>476</value></Data>
            <Data name="Class"><value>Healthy</value></Data>
          </ExtendedData>
          <Point><coordinates>102.438725000,2.946630000,0</coordinates></Point>
        </Placemark>

        <Placemark>
          <name>477</name>
          <styleUrl>#style_Healthy</styleUrl>
          <ExtendedData>
            <Data name="id"><value>477</value></Data>
            <Data name="Class"><value>Healthy</value></Data>
          </ExtendedData>
          <Point><coordinates>102.438443000,2.947239000,0</coordinates></Point>
        </Placemark>

        <Placemark>
          <name>478</name>
          <styleUrl>#style_Healthy</styleUrl>
          <ExtendedData>
            <Data name="id"><value>478</value></Data>
            <Data name="Class"><value>Healthy</value></Data>
          </ExtendedData>
          <Point><coordinates>102.438920000,2.946565000,0</coordinates></Point>
        </Placemark>

        <Placemark>
          <name>479</name>
          <styleUrl>#style_Healthy</styleUrl>
          <ExtendedData>
            <Data name="id"><value>479</value></Data>
            <Data name="Class"><value>Healthy</value></Data>
          </ExtendedData>
          <Point><coordinates>102.437534000,2.948113000,0</coordinates></Point>
        </Placemark>

        <Placemark>
          <name>480</name>
          <styleUrl>#style_Healthy</styleUrl>
          <ExtendedData>
            <Data name="id"><value>480</value></Data>
            <Data name="Class"><value>Healthy</value></Data>
          </ExtendedData>
          <Point><coordinates>102.438201000,2.947912000,0</coordinates></Point>
        </Placemark>

        <Placemark>
          <name>481</name>
          <styleUrl>#style_Healthy</styleUrl>
          <ExtendedData>
            <Data name="id"><value>481</value></Data>
            <Data name="Class"><value>Healthy</value></Data>
          </ExtendedData>
          <Point><coordinates>102.438655000,2.946085000,0</coordinates></Point>
        </Placemark>

        <Placemark>
          <name>482</name>
          <styleUrl>#style_Healthy</styleUrl>
          <ExtendedData>
            <Data name="id"><value>482</value></Data>
            <Data name="Class"><value>Healthy</value></Data>
          </ExtendedData>
          <Point><coordinates>102.440126000,2.948029000,0</coordinates></Point>
        </Placemark>

        <Placemark>
          <name>483</name>
          <styleUrl>#style_Healthy</styleUrl>
          <ExtendedData>
            <Data name="id"><value>483</value></Data>
            <Data name="Class"><value>Healthy</value></Data>
          </ExtendedData>
          <Point><coordinates>102.438798000,2.946772000,0</coordinates></Point>
        </Placemark>

        <Placemark>
          <name>484</name>
          <styleUrl>#style_Healthy</styleUrl>
          <ExtendedData>
            <Data name="id"><value>484</value></Data>
            <Data name="Class"><value>Healthy</value></Data>
          </ExtendedData>
          <Point><coordinates>102.438748000,2.948204000,0</coordinates></Point>
        </Placemark>

        <Placemark>
          <name>485</name>
          <styleUrl>#style_Healthy</styleUrl>
          <ExtendedData>
            <Data name="id"><value>485</value></Data>
            <Data name="Class"><value>Healthy</value></Data>
          </ExtendedData>
          <Point><coordinates>102.434560000,2.946982000,0</coordinates></Point>
        </Placemark>

        <Placemark>
          <name>486</name>
          <styleUrl>#style_Healthy</styleUrl>
          <ExtendedData>
            <Data name="id"><value>486</value></Data>
            <Data name="Class"><value>Healthy</value></Data>
          </ExtendedData>
          <Point><coordinates>102.438356000,2.948063000,0</coordinates></Point>
        </Placemark>

        <Placemark>
          <name>487</name>
          <styleUrl>#style_Healthy</styleUrl>
          <ExtendedData>
            <Data name="id"><value>487</value></Data>
            <Data name="Class"><value>Healthy</value></Data>
          </ExtendedData>
          <Point><coordinates>102.440088000,2.947955000,0</coordinates></Point>
        </Placemark>

        <Placemark>
          <name>488</name>
          <styleUrl>#style_Healthy</styleUrl>
          <ExtendedData>
            <Data name="id"><value>488</value></Data>
            <Data name="Class"><value>Healthy</value></Data>
          </ExtendedData>
          <Point><coordinates>102.438884000,2.946634000,0</coordinates></Point>
        </Placemark>

        <Placemark>
          <name>489</name>
          <styleUrl>#style_Healthy</styleUrl>
          <ExtendedData>
            <Data name="id"><value>489</value></Data>
            <Data name="Class"><value>Healthy</value></Data>
          </ExtendedData>
          <Point><coordinates>102.434444000,2.946776000,0</coordinates></Point>
        </Placemark>

        <Placemark>
          <name>490</name>
          <styleUrl>#style_Healthy</styleUrl>
          <ExtendedData>
            <Data name="id"><value>490</value></Data>
            <Data name="Class"><value>Healthy</value></Data>
          </ExtendedData>
          <Point><coordinates>102.437416000,2.948043000,0</coordinates></Point>
        </Placemark>

        <Placemark>
          <name>491</name>
          <styleUrl>#style_Healthy</styleUrl>
          <ExtendedData>
            <Data name="id"><value>491</value></Data>
            <Data name="Class"><value>Healthy</value></Data>
          </ExtendedData>
          <Point><coordinates>102.438279000,2.947918000,0</coordinates></Point>
        </Placemark>

        <Placemark>
          <name>492</name>
          <styleUrl>#style_Healthy</styleUrl>
          <ExtendedData>
            <Data name="id"><value>492</value></Data>
            <Data name="Class"><value>Healthy</value></Data>
          </ExtendedData>
          <Point><coordinates>102.438354000,2.948192000,0</coordinates></Point>
        </Placemark>

        <Placemark>
          <name>493</name>
          <styleUrl>#style_Healthy</styleUrl>
          <ExtendedData>
            <Data name="id"><value>493</value></Data>
            <Data name="Class"><value>Healthy</value></Data>
          </ExtendedData>
          <Point><coordinates>102.434758000,2.947052000,0</coordinates></Point>
        </Placemark>

        <Placemark>
          <name>494</name>
          <styleUrl>#style_Healthy</styleUrl>
          <ExtendedData>
            <Data name="id"><value>494</value></Data>
            <Data name="Class"><value>Healthy</value></Data>
          </ExtendedData>
          <Point><coordinates>102.437452000,2.948113000,0</coordinates></Point>
        </Placemark>

        <Placemark>
          <name>495</name>
          <styleUrl>#style_Healthy</styleUrl>
          <ExtendedData>
            <Data name="id"><value>495</value></Data>
            <Data name="Class"><value>Healthy</value></Data>
          </ExtendedData>
          <Point><coordinates>102.438787000,2.947997000,0</coordinates></Point>
        </Placemark>

        <Placemark>
          <name>496</name>
          <styleUrl>#style_Healthy</styleUrl>
          <ExtendedData>
            <Data name="id"><value>496</value></Data>
            <Data name="Class"><value>Healthy</value></Data>
          </ExtendedData>
          <Point><coordinates>102.439737000,2.947331000,0</coordinates></Point>
        </Placemark>

        <Placemark>
          <name>497</name>
          <styleUrl>#style_Healthy</styleUrl>
          <ExtendedData>
            <Data name="id"><value>497</value></Data>
            <Data name="Class"><value>Healthy</value></Data>
          </ExtendedData>
          <Point><coordinates>102.438242000,2.947851000,0</coordinates></Point>
        </Placemark>

        <Placemark>
          <name>498</name>
          <styleUrl>#style_Healthy</styleUrl>
          <ExtendedData>
            <Data name="id"><value>498</value></Data>
            <Data name="Class"><value>Healthy</value></Data>
          </ExtendedData>
          <Point><coordinates>102.438194000,2.948051000,0</coordinates></Point>
        </Placemark>

        <Placemark>
          <name>499</name>
          <styleUrl>#style_Healthy</styleUrl>
          <ExtendedData>
            <Data name="id"><value>499</value></Data>
            <Data name="Class"><value>Healthy</value></Data>
          </ExtendedData>
          <Point><coordinates>102.434645000,2.946845000,0</coordinates></Point>
        </Placemark>

        <Placemark>
          <name>500</name>
          <styleUrl>#style_Healthy</styleUrl>
          <ExtendedData>
            <Data name="id"><value>500</value></Data>
            <Data name="Class"><value>Healthy</value></Data>
          </ExtendedData>
          <Point><coordinates>102.437573000,2.948185000,0</coordinates></Point>
        </Placemark>

        <Placemark>
          <name>501</name>
          <styleUrl>#style_Healthy</styleUrl>
          <ExtendedData>
            <Data name="id"><value>501</value></Data>
            <Data name="Class"><value>Healthy</value></Data>
          </ExtendedData>
          <Point><coordinates>102.438569000,2.946349000,0</coordinates></Point>
        </Placemark>

        <Placemark>
          <name>502</name>
          <styleUrl>#style_Healthy</styleUrl>
          <ExtendedData>
            <Data name="id"><value>502</value></Data>
            <Data name="Class"><value>Healthy</value></Data>
          </ExtendedData>
          <Point><coordinates>102.438479000,2.947719000,0</coordinates></Point>
        </Placemark>

        <Placemark>
          <name>503</name>
          <styleUrl>#style_Healthy</styleUrl>
          <ExtendedData>
            <Data name="id"><value>503</value></Data>
            <Data name="Class"><value>Healthy</value></Data>
          </ExtendedData>
          <Point><coordinates>102.438208000,2.947237000,0</coordinates></Point>
        </Placemark>

        <Placemark>
          <name>504</name>
          <styleUrl>#style_Healthy</styleUrl>
          <ExtendedData>
            <Data name="id"><value>504</value></Data>
            <Data name="Class"><value>Healthy</value></Data>
          </ExtendedData>
          <Point><coordinates>102.439658000,2.947195000,0</coordinates></Point>
        </Placemark>

        <Placemark>
          <name>505</name>
          <styleUrl>#style_Healthy</styleUrl>
          <ExtendedData>
            <Data name="id"><value>505</value></Data>
            <Data name="Class"><value>Healthy</value></Data>
          </ExtendedData>
          <Point><coordinates>102.439854000,2.947537000,0</coordinates></Point>
        </Placemark>

        <Placemark>
          <name>506</name>
          <styleUrl>#style_Healthy</styleUrl>
          <ExtendedData>
            <Data name="id"><value>506</value></Data>
            <Data name="Class"><value>Healthy</value></Data>
          </ExtendedData>
          <Point><coordinates>102.439936000,2.947406000,0</coordinates></Point>
        </Placemark>

        <Placemark>
          <name>507</name>
          <styleUrl>#style_Healthy</styleUrl>
          <ExtendedData>
            <Data name="id"><value>507</value></Data>
            <Data name="Class"><value>Healthy</value></Data>
          </ExtendedData>
          <Point><coordinates>102.438996000,2.946707000,0</coordinates></Point>
        </Placemark>

        <Placemark>
          <name>508</name>
          <styleUrl>#style_Healthy</styleUrl>
          <ExtendedData>
            <Data name="id"><value>508</value></Data>
            <Data name="Class"><value>Healthy</value></Data>
          </ExtendedData>
          <Point><coordinates>102.438709000,2.947856000,0</coordinates></Point>
        </Placemark>

        <Placemark>
          <name>509</name>
          <styleUrl>#style_Healthy</styleUrl>
          <ExtendedData>
            <Data name="id"><value>509</value></Data>
            <Data name="Class"><value>Healthy</value></Data>
          </ExtendedData>
          <Point><coordinates>102.438596000,2.947512000,0</coordinates></Point>
        </Placemark>

        <Placemark>
          <name>510</name>
          <styleUrl>#style_Healthy</styleUrl>
          <ExtendedData>
            <Data name="id"><value>510</value></Data>
            <Data name="Class"><value>Healthy</value></Data>
          </ExtendedData>
          <Point><coordinates>102.438090000,2.947570000,0</coordinates></Point>
        </Placemark>

        <Placemark>
          <name>511</name>
          <styleUrl>#style_Healthy</styleUrl>
          <ExtendedData>
            <Data name="id"><value>511</value></Data>
            <Data name="Class"><value>Healthy</value></Data>
          </ExtendedData>
          <Point><coordinates>102.438406000,2.947167000,0</coordinates></Point>
        </Placemark>

        <Placemark>
          <name>512</name>
          <styleUrl>#style_Healthy</styleUrl>
          <ExtendedData>
            <Data name="id"><value>512</value></Data>
            <Data name="Class"><value>Healthy</value></Data>
          </ExtendedData>
          <Point><coordinates>102.438767000,2.946287000,0</coordinates></Point>
        </Placemark>

        <Placemark>
          <name>513</name>
          <styleUrl>#style_Healthy</styleUrl>
          <ExtendedData>
            <Data name="id"><value>513</value></Data>
            <Data name="Class"><value>Healthy</value></Data>
          </ExtendedData>
          <Point><coordinates>102.437297000,2.948109000,0</coordinates></Point>
        </Placemark>

        <Placemark>
          <name>514</name>
          <styleUrl>#style_Healthy</styleUrl>
          <ExtendedData>
            <Data name="id"><value>514</value></Data>
            <Data name="Class"><value>Healthy</value></Data>
          </ExtendedData>
          <Point><coordinates>102.437260000,2.948040000,0</coordinates></Point>
        </Placemark>

        <Placemark>
          <name>515</name>
          <styleUrl>#style_Healthy</styleUrl>
          <ExtendedData>
            <Data name="id"><value>515</value></Data>
            <Data name="Class"><value>Healthy</value></Data>
          </ExtendedData>
          <Point><coordinates>102.439699000,2.947261000,0</coordinates></Point>
        </Placemark>

        <Placemark>
          <name>516</name>
          <styleUrl>#style_Healthy</styleUrl>
          <ExtendedData>
            <Data name="id"><value>516</value></Data>
            <Data name="Class"><value>Healthy</value></Data>
          </ExtendedData>
          <Point><coordinates>102.439810000,2.947606000,0</coordinates></Point>
        </Placemark>

        <Placemark>
          <name>517</name>
          <styleUrl>#style_Healthy</styleUrl>
          <ExtendedData>
            <Data name="id"><value>517</value></Data>
            <Data name="Class"><value>Healthy</value></Data>
          </ExtendedData>
          <Point><coordinates>102.440113000,2.947756000,0</coordinates></Point>
        </Placemark>

        <Placemark>
          <name>519</name>
          <styleUrl>#style_Healthy</styleUrl>
          <ExtendedData>
            <Data name="id"><value>519</value></Data>
            <Data name="Class"><value>Healthy</value></Data>
          </ExtendedData>
          <Point><coordinates>102.438247000,2.947308000,0</coordinates></Point>
        </Placemark>

        <Placemark>
          <name>520</name>
          <styleUrl>#style_Healthy</styleUrl>
          <ExtendedData>
            <Data name="id"><value>520</value></Data>
            <Data name="Class"><value>Healthy</value></Data>
          </ExtendedData>
          <Point><coordinates>102.437853000,2.947431000,0</coordinates></Point>
        </Placemark>

        <Placemark>
          <name>521</name>
          <styleUrl>#style_Healthy</styleUrl>
          <ExtendedData>
            <Data name="id"><value>521</value></Data>
            <Data name="Class"><value>Healthy</value></Data>
          </ExtendedData>
          <Point><coordinates>102.440084000,2.947819000,0</coordinates></Point>
        </Placemark>

        <Placemark>
          <name>522</name>
          <styleUrl>#style_Healthy</styleUrl>
          <ExtendedData>
            <Data name="id"><value>522</value></Data>
            <Data name="Class"><value>Healthy</value></Data>
          </ExtendedData>
          <Point><coordinates>102.438607000,2.946417000,0</coordinates></Point>
        </Placemark>

        <Placemark>
          <name>523</name>
          <styleUrl>#style_Healthy</styleUrl>
          <ExtendedData>
            <Data name="id"><value>523</value></Data>
            <Data name="Class"><value>Healthy</value></Data>
          </ExtendedData>
          <Point><coordinates>102.439034000,2.947050000,0</coordinates></Point>
        </Placemark>

        <Placemark>
          <name>524</name>
          <styleUrl>#style_Healthy</styleUrl>
          <ExtendedData>
            <Data name="id"><value>524</value></Data>
            <Data name="Class"><value>Healthy</value></Data>
          </ExtendedData>
          <Point><coordinates>102.438846000,2.946839000,0</coordinates></Point>
        </Placemark>

        <Placemark>
          <name>525</name>
          <styleUrl>#style_Healthy</styleUrl>
          <ExtendedData>
            <Data name="id"><value>525</value></Data>
            <Data name="Class"><value>Healthy</value></Data>
          </ExtendedData>
          <Point><coordinates>102.438672000,2.947925000,0</coordinates></Point>
        </Placemark>

        <Placemark>
          <name>527</name>
          <styleUrl>#style_Healthy</styleUrl>
          <ExtendedData>
            <Data name="id"><value>527</value></Data>
            <Data name="Class"><value>Healthy</value></Data>
          </ExtendedData>
          <Point><coordinates>102.440203000,2.948025000,0</coordinates></Point>
        </Placemark>

        <Placemark>
          <name>529</name>
          <styleUrl>#style_Healthy</styleUrl>
          <ExtendedData>
            <Data name="id"><value>529</value></Data>
            <Data name="Class"><value>Healthy</value></Data>
          </ExtendedData>
          <Point><coordinates>102.438824000,2.948066000,0</coordinates></Point>
        </Placemark>

        <Placemark>
          <name>530</name>
          <styleUrl>#style_Healthy</styleUrl>
          <ExtendedData>
            <Data name="id"><value>530</value></Data>
            <Data name="Class"><value>Healthy</value></Data>
          </ExtendedData>
          <Point><coordinates>102.440055000,2.947615000,0</coordinates></Point>
        </Placemark>

        <Placemark>
          <name>531</name>
          <styleUrl>#style_Healthy</styleUrl>
          <ExtendedData>
            <Data name="id"><value>531</value></Data>
            <Data name="Class"><value>Healthy</value></Data>
          </ExtendedData>
          <Point><coordinates>102.438287000,2.947234000,0</coordinates></Point>
        </Placemark>

        <Placemark>
          <name>532</name>
          <styleUrl>#style_Healthy</styleUrl>
          <ExtendedData>
            <Data name="id"><value>532</value></Data>
            <Data name="Class"><value>Healthy</value></Data>
          </ExtendedData>
          <Point><coordinates>102.439657000,2.947328000,0</coordinates></Point>
        </Placemark>

        <Placemark>
          <name>533</name>
          <styleUrl>#style_Healthy</styleUrl>
          <ExtendedData>
            <Data name="id"><value>533</value></Data>
            <Data name="Class"><value>Healthy</value></Data>
          </ExtendedData>
          <Point><coordinates>102.437856000,2.947163000,0</coordinates></Point>
        </Placemark>

        <Placemark>
          <name>534</name>
          <styleUrl>#style_Healthy</styleUrl>
          <ExtendedData>
            <Data name="id"><value>534</value></Data>
            <Data name="Class"><value>Healthy</value></Data>
          </ExtendedData>
          <Point><coordinates>102.437485000,2.948183000,0</coordinates></Point>
        </Placemark>

        <Placemark>
          <name>535</name>
          <styleUrl>#style_Healthy</styleUrl>
          <ExtendedData>
            <Data name="id"><value>535</value></Data>
            <Data name="Class"><value>Healthy</value></Data>
          </ExtendedData>
          <Point><coordinates>102.438671000,2.947789000,0</coordinates></Point>
        </Placemark>

        <Placemark>
          <name>536</name>
          <styleUrl>#style_Healthy</styleUrl>
          <ExtendedData>
            <Data name="id"><value>536</value></Data>
            <Data name="Class"><value>Healthy</value></Data>
          </ExtendedData>
          <Point><coordinates>102.438746000,2.947928000,0</coordinates></Point>
        </Placemark>

        <Placemark>
          <name>537</name>
          <styleUrl>#style_Healthy</styleUrl>
          <ExtendedData>
            <Data name="id"><value>537</value></Data>
            <Data name="Class"><value>Healthy</value></Data>
          </ExtendedData>
          <Point><coordinates>102.438477000,2.947583000,0</coordinates></Point>
        </Placemark>

        <Placemark>
          <name>538</name>
          <styleUrl>#style_Healthy</styleUrl>
          <ExtendedData>
            <Data name="id"><value>538</value></Data>
            <Data name="Class"><value>Healthy</value></Data>
          </ExtendedData>
          <Point><coordinates>102.438362000,2.947511000,0</coordinates></Point>
        </Placemark>

        <Placemark>
          <name>539</name>
          <styleUrl>#style_Healthy</styleUrl>
          <ExtendedData>
            <Data name="id"><value>539</value></Data>
            <Data name="Class"><value>Healthy</value></Data>
          </ExtendedData>
          <Point><coordinates>102.439930000,2.947680000,0</coordinates></Point>
        </Placemark>

        <Placemark>
          <name>540</name>
          <styleUrl>#style_Healthy</styleUrl>
          <ExtendedData>
            <Data name="id"><value>540</value></Data>
            <Data name="Class"><value>Healthy</value></Data>
          </ExtendedData>
          <Point><coordinates>102.440245000,2.947957000,0</coordinates></Point>
        </Placemark>

        <Placemark>
          <name>541</name>
          <styleUrl>#style_Healthy</styleUrl>
          <ExtendedData>
            <Data name="id"><value>541</value></Data>
            <Data name="Class"><value>Healthy</value></Data>
          </ExtendedData>
          <Point><coordinates>102.438316000,2.947168000,0</coordinates></Point>
        </Placemark>

        <Placemark>
          <name>542</name>
          <styleUrl>#style_Healthy</styleUrl>
          <ExtendedData>
            <Data name="id"><value>542</value></Data>
            <Data name="Class"><value>Healthy</value></Data>
          </ExtendedData>
          <Point><coordinates>102.438901000,2.948204000,0</coordinates></Point>
        </Placemark>

        <Placemark>
          <name>543</name>
          <styleUrl>#style_Healthy</styleUrl>
          <ExtendedData>
            <Data name="id"><value>543</value></Data>
            <Data name="Class"><value>Healthy</value></Data>
          </ExtendedData>
          <Point><coordinates>102.437458000,2.947975000,0</coordinates></Point>
        </Placemark>

        <Placemark>
          <name>544</name>
          <styleUrl>#style_Healthy</styleUrl>
          <ExtendedData>
            <Data name="id"><value>544</value></Data>
            <Data name="Class"><value>Healthy</value></Data>
          </ExtendedData>
          <Point><coordinates>102.437898000,2.947229000,0</coordinates></Point>
        </Placemark>

        <Placemark>
          <name>545</name>
          <styleUrl>#style_Healthy</styleUrl>
          <ExtendedData>
            <Data name="id"><value>545</value></Data>
            <Data name="Class"><value>Healthy</value></Data>
          </ExtendedData>
          <Point><coordinates>102.438616000,2.946147000,0</coordinates></Point>
        </Placemark>

        <Placemark>
          <name>546</name>
          <styleUrl>#style_Healthy</styleUrl>
          <ExtendedData>
            <Data name="id"><value>546</value></Data>
            <Data name="Class"><value>Healthy</value></Data>
          </ExtendedData>
          <Point><coordinates>102.438158000,2.947982000,0</coordinates></Point>
        </Placemark>

        <Placemark>
          <name>547</name>
          <styleUrl>#style_Healthy</styleUrl>
          <ExtendedData>
            <Data name="id"><value>547</value></Data>
            <Data name="Class"><value>Healthy</value></Data>
          </ExtendedData>
          <Point><coordinates>102.438559000,2.947444000,0</coordinates></Point>
        </Placemark>

        <Placemark>
          <name>548</name>
          <styleUrl>#style_Healthy</styleUrl>
          <ExtendedData>
            <Data name="id"><value>548</value></Data>
            <Data name="Class"><value>Healthy</value></Data>
          </ExtendedData>
          <Point><coordinates>102.438245000,2.947713000,0</coordinates></Point>
        </Placemark>

        <Placemark>
          <name>549</name>
          <styleUrl>#style_Healthy</styleUrl>
          <ExtendedData>
            <Data name="id"><value>549</value></Data>
            <Data name="Class"><value>Healthy</value></Data>
          </ExtendedData>
          <Point><coordinates>102.437341000,2.948041000,0</coordinates></Point>
        </Placemark>

        <Placemark>
          <name>550</name>
          <styleUrl>#style_Healthy</styleUrl>
          <ExtendedData>
            <Data name="id"><value>550</value></Data>
            <Data name="Class"><value>Healthy</value></Data>
          </ExtendedData>
          <Point><coordinates>102.438398000,2.947993000,0</coordinates></Point>
        </Placemark>

        <Placemark>
          <name>551</name>
          <styleUrl>#style_Healthy</styleUrl>
          <ExtendedData>
            <Data name="id"><value>551</value></Data>
            <Data name="Class"><value>Healthy</value></Data>
          </ExtendedData>
          <Point><coordinates>102.439889000,2.947608000,0</coordinates></Point>
        </Placemark>

        <Placemark>
          <name>552</name>
          <styleUrl>#style_Healthy</styleUrl>
          <ExtendedData>
            <Data name="id"><value>552</value></Data>
            <Data name="Class"><value>Healthy</value></Data>
          </ExtendedData>
          <Point><coordinates>102.438598000,2.947647000,0</coordinates></Point>
        </Placemark>

        <Placemark>
          <name>553</name>
          <styleUrl>#style_Healthy</styleUrl>
          <ExtendedData>
            <Data name="id"><value>553</value></Data>
            <Data name="Class"><value>Healthy</value></Data>
          </ExtendedData>
          <Point><coordinates>102.436842000,2.947285000,0</coordinates></Point>
        </Placemark>

        <Placemark>
          <name>554</name>
          <styleUrl>#style_Healthy</styleUrl>
          <ExtendedData>
            <Data name="id"><value>554</value></Data>
            <Data name="Class"><value>Healthy</value></Data>
          </ExtendedData>
          <Point><coordinates>102.438054000,2.947368000,0</coordinates></Point>
        </Placemark>

        <Placemark>
          <name>555</name>
          <styleUrl>#style_Healthy</styleUrl>
          <ExtendedData>
            <Data name="id"><value>555</value></Data>
            <Data name="Class"><value>Healthy</value></Data>
          </ExtendedData>
          <Point><coordinates>102.434366000,2.946774000,0</coordinates></Point>
        </Placemark>

        <Placemark>
          <name>556</name>
          <styleUrl>#style_Healthy</styleUrl>
          <ExtendedData>
            <Data name="id"><value>556</value></Data>
            <Data name="Class"><value>Healthy</value></Data>
          </ExtendedData>
          <Point><coordinates>102.439072000,2.947116000,0</coordinates></Point>
        </Placemark>

        <Placemark>
          <name>557</name>
          <styleUrl>#style_Healthy</styleUrl>
          <ExtendedData>
            <Data name="id"><value>557</value></Data>
            <Data name="Class"><value>Healthy</value></Data>
          </ExtendedData>
          <Point><coordinates>102.438637000,2.947858000,0</coordinates></Point>
        </Placemark>

        <Placemark>
          <name>558</name>
          <styleUrl>#style_Healthy</styleUrl>
          <ExtendedData>
            <Data name="id"><value>558</value></Data>
            <Data name="Class"><value>Healthy</value></Data>
          </ExtendedData>
          <Point><coordinates>102.437927000,2.947572000,0</coordinates></Point>
        </Placemark>

        <Placemark>
          <name>559</name>
          <styleUrl>#style_Healthy</styleUrl>
          <ExtendedData>
            <Data name="id"><value>559</value></Data>
            <Data name="Class"><value>Healthy</value></Data>
          </ExtendedData>
          <Point><coordinates>102.437691000,2.947155000,0</coordinates></Point>
        </Placemark>

        <Placemark>
          <name>560</name>
          <styleUrl>#style_Healthy</styleUrl>
          <ExtendedData>
            <Data name="id"><value>560</value></Data>
            <Data name="Class"><value>Healthy</value></Data>
          </ExtendedData>
          <Point><coordinates>102.438838000,2.946704000,0</coordinates></Point>
        </Placemark>

        <Placemark>
          <name>561</name>
          <styleUrl>#style_Healthy</styleUrl>
          <ExtendedData>
            <Data name="id"><value>561</value></Data>
            <Data name="Class"><value>Healthy</value></Data>
          </ExtendedData>
          <Point><coordinates>102.438240000,2.947983000,0</coordinates></Point>
        </Placemark>

        <Placemark>
          <name>563</name>
          <styleUrl>#style_Healthy</styleUrl>
          <ExtendedData>
            <Data name="id"><value>563</value></Data>
            <Data name="Class"><value>Healthy</value></Data>
          </ExtendedData>
          <Point><coordinates>102.439961000,2.947615000,0</coordinates></Point>
        </Placemark>

        <Placemark>
          <name>564</name>
          <styleUrl>#style_Healthy</styleUrl>
          <ExtendedData>
            <Data name="id"><value>564</value></Data>
            <Data name="Class"><value>Healthy</value></Data>
          </ExtendedData>
          <Point><coordinates>102.438357000,2.947923000,0</coordinates></Point>
        </Placemark>

        <Placemark>
          <name>565</name>
          <styleUrl>#style_Healthy</styleUrl>
          <ExtendedData>
            <Data name="id"><value>565</value></Data>
            <Data name="Class"><value>Healthy</value></Data>
          </ExtendedData>
          <Point><coordinates>102.438471000,2.948131000,0</coordinates></Point>
        </Placemark>

        <Placemark>
          <name>566</name>
          <styleUrl>#style_Healthy</styleUrl>
          <ExtendedData>
            <Data name="id"><value>566</value></Data>
            <Data name="Class"><value>Healthy</value></Data>
          </ExtendedData>
          <Point><coordinates>102.439186000,2.947049000,0</coordinates></Point>
        </Placemark>

        <Placemark>
          <name>567</name>
          <styleUrl>#style_Healthy</styleUrl>
          <ExtendedData>
            <Data name="id"><value>567</value></Data>
            <Data name="Class"><value>Healthy</value></Data>
          </ExtendedData>
          <Point><coordinates>102.438919000,2.946706000,0</coordinates></Point>
        </Placemark>

        <Placemark>
          <name>568</name>
          <styleUrl>#style_Healthy</styleUrl>
          <ExtendedData>
            <Data name="id"><value>568</value></Data>
            <Data name="Class"><value>Healthy</value></Data>
          </ExtendedData>
          <Point><coordinates>102.438825000,2.948206000,0</coordinates></Point>
        </Placemark>

        <Placemark>
          <name>569</name>
          <styleUrl>#style_Healthy</styleUrl>
          <ExtendedData>
            <Data name="id"><value>569</value></Data>
            <Data name="Class"><value>Healthy</value></Data>
          </ExtendedData>
          <Point><coordinates>102.438124000,2.947913000,0</coordinates></Point>
        </Placemark>

        <Placemark>
          <name>570</name>
          <styleUrl>#style_Healthy</styleUrl>
          <ExtendedData>
            <Data name="id"><value>570</value></Data>
            <Data name="Class"><value>Healthy</value></Data>
          </ExtendedData>
          <Point><coordinates>102.438249000,2.947169000,0</coordinates></Point>
        </Placemark>

        <Placemark>
          <name>571</name>
          <styleUrl>#style_Healthy</styleUrl>
          <ExtendedData>
            <Data name="id"><value>571</value></Data>
            <Data name="Class"><value>Healthy</value></Data>
          </ExtendedData>
          <Point><coordinates>102.438049000,2.947505000,0</coordinates></Point>
        </Placemark>

        <Placemark>
          <name>572</name>
          <styleUrl>#style_Healthy</styleUrl>
          <ExtendedData>
            <Data name="id"><value>572</value></Data>
            <Data name="Class"><value>Healthy</value></Data>
          </ExtendedData>
          <Point><coordinates>102.439734000,2.947466000,0</coordinates></Point>
        </Placemark>

        <Placemark>
          <name>573</name>
          <styleUrl>#style_Healthy</styleUrl>
          <ExtendedData>
            <Data name="id"><value>573</value></Data>
            <Data name="Class"><value>Healthy</value></Data>
          </ExtendedData>
          <Point><coordinates>102.438597000,2.947794000,0</coordinates></Point>
        </Placemark>

        <Placemark>
          <name>574</name>
          <styleUrl>#style_Healthy</styleUrl>
          <ExtendedData>
            <Data name="id"><value>574</value></Data>
            <Data name="Class"><value>Healthy</value></Data>
          </ExtendedData>
          <Point><coordinates>102.438364000,2.947376000,0</coordinates></Point>
        </Placemark>

        <Placemark>
          <name>575</name>
          <styleUrl>#style_Healthy</styleUrl>
          <ExtendedData>
            <Data name="id"><value>575</value></Data>
            <Data name="Class"><value>Healthy</value></Data>
          </ExtendedData>
          <Point><coordinates>102.438793000,2.947860000,0</coordinates></Point>
        </Placemark>

        <Placemark>
          <name>576</name>
          <styleUrl>#style_Healthy</styleUrl>
          <ExtendedData>
            <Data name="id"><value>576</value></Data>
            <Data name="Class"><value>Healthy</value></Data>
          </ExtendedData>
          <Point><coordinates>102.440204000,2.947887000,0</coordinates></Point>
        </Placemark>

        <Placemark>
          <name>577</name>
          <styleUrl>#style_Healthy</styleUrl>
          <ExtendedData>
            <Data name="id"><value>577</value></Data>
            <Data name="Class"><value>Healthy</value></Data>
          </ExtendedData>
          <Point><coordinates>102.438405000,2.947441000,0</coordinates></Point>
        </Placemark>

        <Placemark>
          <name>578</name>
          <styleUrl>#style_Healthy</styleUrl>
          <ExtendedData>
            <Data name="id"><value>578</value></Data>
            <Data name="Class"><value>Healthy</value></Data>
          </ExtendedData>
          <Point><coordinates>102.438864000,2.948136000,0</coordinates></Point>
        </Placemark>

        <Placemark>
          <name>579</name>
          <styleUrl>#style_Healthy</styleUrl>
          <ExtendedData>
            <Data name="id"><value>579</value></Data>
            <Data name="Class"><value>Healthy</value></Data>
          </ExtendedData>
          <Point><coordinates>102.437888000,2.947497000,0</coordinates></Point>
        </Placemark>

        <Placemark>
          <name>580</name>
          <styleUrl>#style_Healthy</styleUrl>
          <ExtendedData>
            <Data name="id"><value>580</value></Data>
            <Data name="Class"><value>Healthy</value></Data>
          </ExtendedData>
          <Point><coordinates>102.438288000,2.947374000,0</coordinates></Point>
        </Placemark>

        <Placemark>
          <name>581</name>
          <styleUrl>#style_Healthy</styleUrl>
          <ExtendedData>
            <Data name="id"><value>581</value></Data>
            <Data name="Class"><value>Healthy</value></Data>
          </ExtendedData>
          <Point><coordinates>102.438434000,2.948059000,0</coordinates></Point>
        </Placemark>

        <Placemark>
          <name>582</name>
          <styleUrl>#style_Healthy</styleUrl>
          <ExtendedData>
            <Data name="id"><value>582</value></Data>
            <Data name="Class"><value>Healthy</value></Data>
          </ExtendedData>
          <Point><coordinates>102.438055000,2.947643000,0</coordinates></Point>
        </Placemark>

        <Placemark>
          <name>583</name>
          <styleUrl>#style_Healthy</styleUrl>
          <ExtendedData>
            <Data name="id"><value>583</value></Data>
            <Data name="Class"><value>Healthy</value></Data>
          </ExtendedData>
          <Point><coordinates>102.438438000,2.947644000,0</coordinates></Point>
        </Placemark>

        <Placemark>
          <name>584</name>
          <styleUrl>#style_Healthy</styleUrl>
          <ExtendedData>
            <Data name="id"><value>584</value></Data>
            <Data name="Class"><value>Healthy</value></Data>
          </ExtendedData>
          <Point><coordinates>102.437935000,2.947167000,0</coordinates></Point>
        </Placemark>

        <Placemark>
          <name>585</name>
          <styleUrl>#style_Healthy</styleUrl>
          <ExtendedData>
            <Data name="id"><value>585</value></Data>
            <Data name="Class"><value>Healthy</value></Data>
          </ExtendedData>
          <Point><coordinates>102.438004000,2.947713000,0</coordinates></Point>
        </Placemark>

        <Placemark>
          <name>586</name>
          <styleUrl>#style_Healthy</styleUrl>
          <ExtendedData>
            <Data name="id"><value>586</value></Data>
            <Data name="Class"><value>Healthy</value></Data>
          </ExtendedData>
          <Point><coordinates>102.438668000,2.948063000,0</coordinates></Point>
        </Placemark>

        <Placemark>
          <name>587</name>
          <styleUrl>#style_Healthy</styleUrl>
          <ExtendedData>
            <Data name="id"><value>587</value></Data>
            <Data name="Class"><value>Healthy</value></Data>
          </ExtendedData>
          <Point><coordinates>102.440202000,2.948160000,0</coordinates></Point>
        </Placemark>

        <Placemark>
          <name>588</name>
          <styleUrl>#style_Healthy</styleUrl>
          <ExtendedData>
            <Data name="id"><value>588</value></Data>
            <Data name="Class"><value>Healthy</value></Data>
          </ExtendedData>
          <Point><coordinates>102.440012000,2.947690000,0</coordinates></Point>
        </Placemark>

        <Placemark>
          <name>589</name>
          <styleUrl>#style_Healthy</styleUrl>
          <ExtendedData>
            <Data name="id"><value>589</value></Data>
            <Data name="Class"><value>Healthy</value></Data>
          </ExtendedData>
          <Point><coordinates>102.437974000,2.947366000,0</coordinates></Point>
        </Placemark>

        <Placemark>
          <name>590</name>
          <styleUrl>#style_Healthy</styleUrl>
          <ExtendedData>
            <Data name="id"><value>590</value></Data>
            <Data name="Class"><value>Healthy</value></Data>
          </ExtendedData>
          <Point><coordinates>102.438963000,2.946772000,0</coordinates></Point>
        </Placemark>

        <Placemark>
          <name>591</name>
          <styleUrl>#style_Healthy</styleUrl>
          <ExtendedData>
            <Data name="id"><value>591</value></Data>
            <Data name="Class"><value>Healthy</value></Data>
          </ExtendedData>
          <Point><coordinates>102.439774000,2.947537000,0</coordinates></Point>
        </Placemark>

        <Placemark>
          <name>592</name>
          <styleUrl>#style_Healthy</styleUrl>
          <ExtendedData>
            <Data name="id"><value>592</value></Data>
            <Data name="Class"><value>Healthy</value></Data>
          </ExtendedData>
          <Point><coordinates>102.438168000,2.947841000,0</coordinates></Point>
        </Placemark>

        <Placemark>
          <name>593</name>
          <styleUrl>#style_Healthy</styleUrl>
          <ExtendedData>
            <Data name="id"><value>593</value></Data>
            <Data name="Class"><value>Healthy</value></Data>
          </ExtendedData>
          <Point><coordinates>102.438433000,2.948201000,0</coordinates></Point>
        </Placemark>

        <Placemark>
          <name>594</name>
          <styleUrl>#style_Healthy</styleUrl>
          <ExtendedData>
            <Data name="id"><value>594</value></Data>
            <Data name="Class"><value>Healthy</value></Data>
          </ExtendedData>
          <Point><coordinates>102.438484000,2.947302000,0</coordinates></Point>
        </Placemark>

        <Placemark>
          <name>595</name>
          <styleUrl>#style_Healthy</styleUrl>
          <ExtendedData>
            <Data name="id"><value>595</value></Data>
            <Data name="Class"><value>Healthy</value></Data>
          </ExtendedData>
          <Point><coordinates>102.438093000,2.947442000,0</coordinates></Point>
        </Placemark>

        <Placemark>
          <name>596</name>
          <styleUrl>#style_Healthy</styleUrl>
          <ExtendedData>
            <Data name="id"><value>596</value></Data>
            <Data name="Class"><value>Healthy</value></Data>
          </ExtendedData>
          <Point><coordinates>102.439887000,2.947744000,0</coordinates></Point>
        </Placemark>

        <Placemark>
          <name>597</name>
          <styleUrl>#style_Healthy</styleUrl>
          <ExtendedData>
            <Data name="id"><value>597</value></Data>
            <Data name="Class"><value>Healthy</value></Data>
          </ExtendedData>
          <Point><coordinates>102.438996000,2.946841000,0</coordinates></Point>
        </Placemark>

        <Placemark>
          <name>598</name>
          <styleUrl>#style_Healthy</styleUrl>
          <ExtendedData>
            <Data name="id"><value>598</value></Data>
            <Data name="Class"><value>Healthy</value></Data>
          </ExtendedData>
          <Point><coordinates>102.437334000,2.948174000,0</coordinates></Point>
        </Placemark>

        <Placemark>
          <name>599</name>
          <styleUrl>#style_Healthy</styleUrl>
          <ExtendedData>
            <Data name="id"><value>599</value></Data>
            <Data name="Class"><value>Healthy</value></Data>
          </ExtendedData>
          <Point><coordinates>102.438315000,2.947303000,0</coordinates></Point>
        </Placemark>

        <Placemark>
          <name>600</name>
          <styleUrl>#style_Healthy</styleUrl>
          <ExtendedData>
            <Data name="id"><value>600</value></Data>
            <Data name="Class"><value>Healthy</value></Data>
          </ExtendedData>
          <Point><coordinates>102.438921000,2.946842000,0</coordinates></Point>
        </Placemark>

        <Placemark>
          <name>601</name>
          <styleUrl>#style_Healthy</styleUrl>
          <ExtendedData>
            <Data name="id"><value>601</value></Data>
            <Data name="Class"><value>Healthy</value></Data>
          </ExtendedData>
          <Point><coordinates>102.438788000,2.948133000,0</coordinates></Point>
        </Placemark>

        <Placemark>
          <name>602</name>
          <styleUrl>#style_Healthy</styleUrl>
          <ExtendedData>
            <Data name="id"><value>602</value></Data>
            <Data name="Class"><value>Healthy</value></Data>
          </ExtendedData>
          <Point><coordinates>102.439891000,2.947468000,0</coordinates></Point>
        </Placemark>

        <Placemark>
          <name>603</name>
          <styleUrl>#style_Healthy</styleUrl>
          <ExtendedData>
            <Data name="id"><value>603</value></Data>
            <Data name="Class"><value>Healthy</value></Data>
          </ExtendedData>
          <Point><coordinates>102.439813000,2.947468000,0</coordinates></Point>
        </Placemark>

        <Placemark>
          <name>604</name>
          <styleUrl>#style_Healthy</styleUrl>
          <ExtendedData>
            <Data name="id"><value>604</value></Data>
            <Data name="Class"><value>Healthy</value></Data>
          </ExtendedData>
          <Point><coordinates>102.438765000,2.946423000,0</coordinates></Point>
        </Placemark>

        <Placemark>
          <name>605</name>
          <styleUrl>#style_Healthy</styleUrl>
          <ExtendedData>
            <Data name="id"><value>605</value></Data>
            <Data name="Class"><value>Healthy</value></Data>
          </ExtendedData>
          <Point><coordinates>102.439037000,2.946908000,0</coordinates></Point>
        </Placemark>

        <Placemark>
          <name>606</name>
          <styleUrl>#style_Healthy</styleUrl>
          <ExtendedData>
            <Data name="id"><value>606</value></Data>
            <Data name="Class"><value>Healthy</value></Data>
          </ExtendedData>
          <Point><coordinates>102.438879000,2.946906000,0</coordinates></Point>
        </Placemark>

        <Placemark>
          <name>607</name>
          <styleUrl>#style_Healthy</styleUrl>
          <ExtendedData>
            <Data name="id"><value>607</value></Data>
            <Data name="Class"><value>Healthy</value></Data>
          </ExtendedData>
          <Point><coordinates>102.440360000,2.948167000,0</coordinates></Point>
        </Placemark>

        <Placemark>
          <name>608</name>
          <styleUrl>#style_Healthy</styleUrl>
          <ExtendedData>
            <Data name="id"><value>608</value></Data>
            <Data name="Class"><value>Healthy</value></Data>
          </ExtendedData>
          <Point><coordinates>102.434409000,2.946705000,0</coordinates></Point>
        </Placemark>

        <Placemark>
          <name>609</name>
          <styleUrl>#style_Healthy</styleUrl>
          <ExtendedData>
            <Data name="id"><value>609</value></Data>
            <Data name="Class"><value>Healthy</value></Data>
          </ExtendedData>
          <Point><coordinates>102.438167000,2.947573000,0</coordinates></Point>
        </Placemark>

        <Placemark>
          <name>611</name>
          <styleUrl>#style_Healthy</styleUrl>
          <ExtendedData>
            <Data name="id"><value>611</value></Data>
            <Data name="Class"><value>Healthy</value></Data>
          </ExtendedData>
          <Point><coordinates>102.439221000,2.947119000,0</coordinates></Point>
        </Placemark>

        <Placemark>
          <name>612</name>
          <styleUrl>#style_Healthy</styleUrl>
          <ExtendedData>
            <Data name="id"><value>612</value></Data>
            <Data name="Class"><value>Healthy</value></Data>
          </ExtendedData>
          <Point><coordinates>102.438983000,2.948204000,0</coordinates></Point>
        </Placemark>

        <Placemark>
          <name>613</name>
          <styleUrl>#style_Healthy</styleUrl>
          <ExtendedData>
            <Data name="id"><value>613</value></Data>
            <Data name="Class"><value>Healthy</value></Data>
          </ExtendedData>
          <Point><coordinates>102.438751000,2.947791000,0</coordinates></Point>
        </Placemark>

        <Placemark>
          <name>614</name>
          <styleUrl>#style_Healthy</styleUrl>
          <ExtendedData>
            <Data name="id"><value>614</value></Data>
            <Data name="Class"><value>Healthy</value></Data>
          </ExtendedData>
          <Point><coordinates>102.440284000,2.948024000,0</coordinates></Point>
        </Placemark>

        <Placemark>
          <name>615</name>
          <styleUrl>#style_Healthy</styleUrl>
          <ExtendedData>
            <Data name="id"><value>615</value></Data>
            <Data name="Class"><value>Healthy</value></Data>
          </ExtendedData>
          <Point><coordinates>102.438081000,2.947844000,0</coordinates></Point>
        </Placemark>

        <Placemark>
          <name>616</name>
          <styleUrl>#style_Healthy</styleUrl>
          <ExtendedData>
            <Data name="id"><value>616</value></Data>
            <Data name="Class"><value>Healthy</value></Data>
          </ExtendedData>
          <Point><coordinates>102.437776000,2.947154000,0</coordinates></Point>
        </Placemark>

        <Placemark>
          <name>617</name>
          <styleUrl>#style_Healthy</styleUrl>
          <ExtendedData>
            <Data name="id"><value>617</value></Data>
            <Data name="Class"><value>Healthy</value></Data>
          </ExtendedData>
          <Point><coordinates>102.439578000,2.947200000,0</coordinates></Point>
        </Placemark>

        <Placemark>
          <name>618</name>
          <styleUrl>#style_Healthy</styleUrl>
          <ExtendedData>
            <Data name="id"><value>618</value></Data>
            <Data name="Class"><value>Healthy</value></Data>
          </ExtendedData>
          <Point><coordinates>102.437971000,2.947504000,0</coordinates></Point>
        </Placemark>

        <Placemark>
          <name>619</name>
          <styleUrl>#style_Healthy</styleUrl>
          <ExtendedData>
            <Data name="id"><value>619</value></Data>
            <Data name="Class"><value>Healthy</value></Data>
          </ExtendedData>
          <Point><coordinates>102.438479000,2.947442000,0</coordinates></Point>
        </Placemark>

        <Placemark>
          <name>620</name>
          <styleUrl>#style_Healthy</styleUrl>
          <ExtendedData>
            <Data name="id"><value>620</value></Data>
            <Data name="Class"><value>Healthy</value></Data>
          </ExtendedData>
          <Point><coordinates>102.438128000,2.947643000,0</coordinates></Point>
        </Placemark>

        <Placemark>
          <name>621</name>
          <styleUrl>#style_Healthy</styleUrl>
          <ExtendedData>
            <Data name="id"><value>621</value></Data>
            <Data name="Class"><value>Healthy</value></Data>
          </ExtendedData>
          <Point><coordinates>102.440318000,2.948230000,0</coordinates></Point>
        </Placemark>

        <Placemark>
          <name>622</name>
          <styleUrl>#style_Healthy</styleUrl>
          <ExtendedData>
            <Data name="id"><value>622</value></Data>
            <Data name="Class"><value>Healthy</value></Data>
          </ExtendedData>
          <Point><coordinates>102.438084000,2.947710000,0</coordinates></Point>
        </Placemark>

        <Placemark>
          <name>623</name>
          <styleUrl>#style_Healthy</styleUrl>
          <ExtendedData>
            <Data name="id"><value>623</value></Data>
            <Data name="Class"><value>Healthy</value></Data>
          </ExtendedData>
          <Point><coordinates>102.438746000,2.948066000,0</coordinates></Point>
        </Placemark>

        <Placemark>
          <name>624</name>
          <styleUrl>#style_Healthy</styleUrl>
          <ExtendedData>
            <Data name="id"><value>624</value></Data>
            <Data name="Class"><value>Healthy</value></Data>
          </ExtendedData>
          <Point><coordinates>102.438572000,2.946082000,0</coordinates></Point>
        </Placemark>

        <Placemark>
          <name>625</name>
          <styleUrl>#style_Healthy</styleUrl>
          <ExtendedData>
            <Data name="id"><value>625</value></Data>
            <Data name="Class"><value>Healthy</value></Data>
          </ExtendedData>
          <Point><coordinates>102.438494000,2.946212000,0</coordinates></Point>
        </Placemark>

        <Placemark>
          <name>626</name>
          <styleUrl>#style_Healthy</styleUrl>
          <ExtendedData>
            <Data name="id"><value>626</value></Data>
            <Data name="Class"><value>Healthy</value></Data>
          </ExtendedData>
          <Point><coordinates>102.439852000,2.947266000,0</coordinates></Point>
        </Placemark>

        <Placemark>
          <name>627</name>
          <styleUrl>#style_Healthy</styleUrl>
          <ExtendedData>
            <Data name="id"><value>627</value></Data>
            <Data name="Class"><value>Healthy</value></Data>
          </ExtendedData>
          <Point><coordinates>102.438552000,2.947582000,0</coordinates></Point>
        </Placemark>

        <Placemark>
          <name>628</name>
          <styleUrl>#style_Healthy</styleUrl>
          <ExtendedData>
            <Data name="id"><value>628</value></Data>
            <Data name="Class"><value>Healthy</value></Data>
          </ExtendedData>
          <Point><coordinates>102.438649000,2.946489000,0</coordinates></Point>
        </Placemark>

        <Placemark>
          <name>629</name>
          <styleUrl>#style_Healthy</styleUrl>
          <ExtendedData>
            <Data name="id"><value>629</value></Data>
            <Data name="Class"><value>Healthy</value></Data>
          </ExtendedData>
          <Point><coordinates>102.438807000,2.946495000,0</coordinates></Point>
        </Placemark>

        <Placemark>
          <name>630</name>
          <styleUrl>#style_Healthy</styleUrl>
          <ExtendedData>
            <Data name="id"><value>630</value></Data>
            <Data name="Class"><value>Healthy</value></Data>
          </ExtendedData>
          <Point><coordinates>102.438512000,2.948198000,0</coordinates></Point>
        </Placemark>

        <Placemark>
          <name>631</name>
          <styleUrl>#style_Healthy</styleUrl>
          <ExtendedData>
            <Data name="id"><value>631</value></Data>
            <Data name="Class"><value>Healthy</value></Data>
          </ExtendedData>
          <Point><coordinates>102.434572000,2.946844000,0</coordinates></Point>
        </Placemark>

        <Placemark>
          <name>632</name>
          <styleUrl>#style_Healthy</styleUrl>
          <ExtendedData>
            <Data name="id"><value>632</value></Data>
            <Data name="Class"><value>Healthy</value></Data>
          </ExtendedData>
          <Point><coordinates>102.440236000,2.948093000,0</coordinates></Point>
        </Placemark>

        <Placemark>
          <name>633</name>
          <styleUrl>#style_Healthy</styleUrl>
          <ExtendedData>
            <Data name="id"><value>633</value></Data>
            <Data name="Class"><value>Healthy</value></Data>
          </ExtendedData>
          <Point><coordinates>102.440286000,2.948163000,0</coordinates></Point>
        </Placemark>

        <Placemark>
          <name>634</name>
          <styleUrl>#style_Healthy</styleUrl>
          <ExtendedData>
            <Data name="id"><value>634</value></Data>
            <Data name="Class"><value>Healthy</value></Data>
          </ExtendedData>
          <Point><coordinates>102.440322000,2.948101000,0</coordinates></Point>
        </Placemark>

        <Placemark>
          <name>635</name>
          <styleUrl>#style_Healthy</styleUrl>
          <ExtendedData>
            <Data name="id"><value>635</value></Data>
            <Data name="Class"><value>Healthy</value></Data>
          </ExtendedData>
          <Point><coordinates>102.440162000,2.947959000,0</coordinates></Point>
        </Placemark>

        <Placemark>
          <name>636</name>
          <styleUrl>#style_Healthy</styleUrl>
          <ExtendedData>
            <Data name="id"><value>636</value></Data>
            <Data name="Class"><value>Healthy</value></Data>
          </ExtendedData>
          <Point><coordinates>102.440159000,2.947817000,0</coordinates></Point>
        </Placemark>

        <Placemark>
          <name>637</name>
          <styleUrl>#style_Healthy</styleUrl>
          <ExtendedData>
            <Data name="id"><value>637</value></Data>
            <Data name="Class"><value>Healthy</value></Data>
          </ExtendedData>
          <Point><coordinates>102.439886000,2.947336000,0</coordinates></Point>
        </Placemark>

        <Placemark>
          <name>638</name>
          <styleUrl>#style_Healthy</styleUrl>
          <ExtendedData>
            <Data name="id"><value>638</value></Data>
            <Data name="Class"><value>Healthy</value></Data>
          </ExtendedData>
          <Point><coordinates>102.439771000,2.947261000,0</coordinates></Point>
        </Placemark>

        <Placemark>
          <name>639</name>
          <styleUrl>#style_Healthy</styleUrl>
          <ExtendedData>
            <Data name="id"><value>639</value></Data>
            <Data name="Class"><value>Healthy</value></Data>
          </ExtendedData>
          <Point><coordinates>102.439809000,2.947190000,0</coordinates></Point>
        </Placemark>

        <Placemark>
          <name>640</name>
          <styleUrl>#style_Healthy</styleUrl>
          <ExtendedData>
            <Data name="id"><value>640</value></Data>
            <Data name="Class"><value>Healthy</value></Data>
          </ExtendedData>
          <Point><coordinates>102.439731000,2.947192000,0</coordinates></Point>
        </Placemark>

        <Placemark>
          <name>641</name>
          <styleUrl>#style_Healthy</styleUrl>
          <ExtendedData>
            <Data name="id"><value>641</value></Data>
            <Data name="Class"><value>Healthy</value></Data>
          </ExtendedData>
          <Point><coordinates>102.439609000,2.947255000,0</coordinates></Point>
        </Placemark>

        <Placemark>
          <name>642</name>
          <styleUrl>#style_Healthy</styleUrl>
          <ExtendedData>
            <Data name="id"><value>642</value></Data>
            <Data name="Class"><value>Healthy</value></Data>
          </ExtendedData>
          <Point><coordinates>102.439691000,2.947404000,0</coordinates></Point>
        </Placemark>

        <Placemark>
          <name>643</name>
          <styleUrl>#style_Healthy</styleUrl>
          <ExtendedData>
            <Data name="id"><value>643</value></Data>
            <Data name="Class"><value>Healthy</value></Data>
          </ExtendedData>
          <Point><coordinates>102.438944000,2.948138000,0</coordinates></Point>
        </Placemark>

        <Placemark>
          <name>644</name>
          <styleUrl>#style_Healthy</styleUrl>
          <ExtendedData>
            <Data name="id"><value>644</value></Data>
            <Data name="Class"><value>Healthy</value></Data>
          </ExtendedData>
          <Point><coordinates>102.438824000,2.947931000,0</coordinates></Point>
        </Placemark>

        <Placemark>
          <name>645</name>
          <styleUrl>#style_Healthy</styleUrl>
          <ExtendedData>
            <Data name="id"><value>645</value></Data>
            <Data name="Class"><value>Healthy</value></Data>
          </ExtendedData>
          <Point><coordinates>102.438240000,2.948122000,0</coordinates></Point>
        </Placemark>

        <Placemark>
          <name>646</name>
          <styleUrl>#style_Healthy</styleUrl>
          <ExtendedData>
            <Data name="id"><value>646</value></Data>
            <Data name="Class"><value>Healthy</value></Data>
          </ExtendedData>
          <Point><coordinates>102.438709000,2.948129000,0</coordinates></Point>
        </Placemark>

        <Placemark>
          <name>647</name>
          <styleUrl>#style_Healthy</styleUrl>
          <ExtendedData>
            <Data name="id"><value>647</value></Data>
            <Data name="Class"><value>Healthy</value></Data>
          </ExtendedData>
          <Point><coordinates>102.438705000,2.947991000,0</coordinates></Point>
        </Placemark>

        <Placemark>
          <name>648</name>
          <styleUrl>#style_Healthy</styleUrl>
          <ExtendedData>
            <Data name="id"><value>648</value></Data>
            <Data name="Class"><value>Healthy</value></Data>
          </ExtendedData>
          <Point><coordinates>102.438629000,2.947579000,0</coordinates></Point>
        </Placemark>

        <Placemark>
          <name>649</name>
          <styleUrl>#style_Healthy</styleUrl>
          <ExtendedData>
            <Data name="id"><value>649</value></Data>
            <Data name="Class"><value>Healthy</value></Data>
          </ExtendedData>
          <Point><coordinates>102.437969000,2.947229000,0</coordinates></Point>
        </Placemark>

        <Placemark>
          <name>650</name>
          <styleUrl>#style_Healthy</styleUrl>
          <ExtendedData>
            <Data name="id"><value>650</value></Data>
            <Data name="Class"><value>Healthy</value></Data>
          </ExtendedData>
          <Point><coordinates>102.438012000,2.947296000,0</coordinates></Point>
        </Placemark>

        <Placemark>
          <name>651</name>
          <styleUrl>#style_Healthy</styleUrl>
          <ExtendedData>
            <Data name="id"><value>651</value></Data>
            <Data name="Class"><value>Healthy</value></Data>
          </ExtendedData>
          <Point><coordinates>102.437932000,2.947296000,0</coordinates></Point>
        </Placemark>

        <Placemark>
          <name>652</name>
          <styleUrl>#style_Healthy</styleUrl>
          <ExtendedData>
            <Data name="id"><value>652</value></Data>
            <Data name="Class"><value>Healthy</value></Data>
          </ExtendedData>
          <Point><coordinates>102.437855000,2.947293000,0</coordinates></Point>
        </Placemark>

        <Placemark>
          <name>653</name>
          <styleUrl>#style_Healthy</styleUrl>
          <ExtendedData>
            <Data name="id"><value>653</value></Data>
            <Data name="Class"><value>Healthy</value></Data>
          </ExtendedData>
          <Point><coordinates>102.437756000,2.947286000,0</coordinates></Point>
        </Placemark>

        <Placemark>
          <name>654</name>
          <styleUrl>#style_Healthy</styleUrl>
          <ExtendedData>
            <Data name="id"><value>654</value></Data>
            <Data name="Class"><value>Healthy</value></Data>
          </ExtendedData>
          <Point><coordinates>102.437801000,2.947355000,0</coordinates></Point>
        </Placemark>

        <Placemark>
          <name>655</name>
          <styleUrl>#style_Healthy</styleUrl>
          <ExtendedData>
            <Data name="id"><value>655</value></Data>
            <Data name="Class"><value>Healthy</value></Data>
          </ExtendedData>
          <Point><coordinates>102.437900000,2.947359000,0</coordinates></Point>
        </Placemark>

        <Placemark>
          <name>656</name>
          <styleUrl>#style_Healthy</styleUrl>
          <ExtendedData>
            <Data name="id"><value>656</value></Data>
            <Data name="Class"><value>Healthy</value></Data>
          </ExtendedData>
          <Point><coordinates>102.438013000,2.947568000,0</coordinates></Point>
        </Placemark>

        <Placemark>
          <name>657</name>
          <styleUrl>#style_Healthy</styleUrl>
          <ExtendedData>
            <Data name="id"><value>657</value></Data>
            <Data name="Class"><value>Healthy</value></Data>
          </ExtendedData>
          <Point><coordinates>102.438006000,2.947438000,0</coordinates></Point>
        </Placemark>

        <Placemark>
          <name>658</name>
          <styleUrl>#style_Healthy</styleUrl>
          <ExtendedData>
            <Data name="id"><value>658</value></Data>
            <Data name="Class"><value>Healthy</value></Data>
          </ExtendedData>
          <Point><coordinates>102.438212000,2.947641000,0</coordinates></Point>
        </Placemark>

        <Placemark>
          <name>659</name>
          <styleUrl>#style_Healthy</styleUrl>
          <ExtendedData>
            <Data name="id"><value>659</value></Data>
            <Data name="Class"><value>Healthy</value></Data>
          </ExtendedData>
          <Point><coordinates>102.437960000,2.947638000,0</coordinates></Point>
        </Placemark>

        <Placemark>
          <name>660</name>
          <styleUrl>#style_Healthy</styleUrl>
          <ExtendedData>
            <Data name="id"><value>660</value></Data>
            <Data name="Class"><value>Healthy</value></Data>
          </ExtendedData>
          <Point><coordinates>102.437383000,2.948106000,0</coordinates></Point>
        </Placemark>

        <Placemark>
          <name>661</name>
          <styleUrl>#style_Healthy</styleUrl>
          <ExtendedData>
            <Data name="id"><value>661</value></Data>
            <Data name="Class"><value>Healthy</value></Data>
          </ExtendedData>
          <Point><coordinates>102.437415000,2.948173000,0</coordinates></Point>
        </Placemark>

        <Placemark>
          <name>662</name>
          <styleUrl>#style_Healthy</styleUrl>
          <ExtendedData>
            <Data name="id"><value>662</value></Data>
            <Data name="Class"><value>Healthy</value></Data>
          </ExtendedData>
          <Point><coordinates>102.434597876,2.947050136,0</coordinates></Point>
        </Placemark>

        <Placemark>
          <name>663</name>
          <styleUrl>#style_Healthy</styleUrl>
          <ExtendedData>
            <Data name="id"><value>663</value></Data>
            <Data name="Class"><value>Healthy</value></Data>
          </ExtendedData>
          <Point><coordinates>102.437510708,2.946952279,0</coordinates></Point>
        </Placemark>

        <Placemark>
          <name>664</name>
          <styleUrl>#style_Healthy</styleUrl>
          <ExtendedData>
            <Data name="id"><value>664</value></Data>
            <Data name="Class"><value>Healthy</value></Data>
          </ExtendedData>
          <Point><coordinates>102.435122000,2.945893000,0</coordinates></Point>
        </Placemark>

        <Placemark>
          <name>665</name>
          <styleUrl>#style_Healthy</styleUrl>
          <ExtendedData>
            <Data name="id"><value>665</value></Data>
            <Data name="Class"><value>Healthy</value></Data>
          </ExtendedData>
          <Point><coordinates>102.434098000,2.945603000,0</coordinates></Point>
        </Placemark>

        <Placemark>
          <name>666</name>
          <styleUrl>#style_Healthy</styleUrl>
          <ExtendedData>
            <Data name="id"><value>666</value></Data>
            <Data name="Class"><value>Healthy</value></Data>
          </ExtendedData>
          <Point><coordinates>102.433864000,2.945470000,0</coordinates></Point>
        </Placemark>

        <Placemark>
          <name>667</name>
          <styleUrl>#style_Healthy</styleUrl>
          <ExtendedData>
            <Data name="id"><value>667</value></Data>
            <Data name="Class"><value>Healthy</value></Data>
          </ExtendedData>
          <Point><coordinates>102.433595000,2.944986000,0</coordinates></Point>
        </Placemark>

        <Placemark>
          <name>669</name>
          <styleUrl>#style_Healthy</styleUrl>
          <ExtendedData>
            <Data name="id"><value>669</value></Data>
            <Data name="Class"><value>Healthy</value></Data>
          </ExtendedData>
          <Point><coordinates>102.431400000,2.947227000,0</coordinates></Point>
        </Placemark>

        <Placemark>
          <name>670</name>
          <styleUrl>#style_Healthy</styleUrl>
          <ExtendedData>
            <Data name="id"><value>670</value></Data>
            <Data name="Class"><value>Healthy</value></Data>
          </ExtendedData>
          <Point><coordinates>102.434420000,2.944926000,0</coordinates></Point>
        </Placemark>

        <Placemark>
          <name>671</name>
          <styleUrl>#style_Healthy</styleUrl>
          <ExtendedData>
            <Data name="id"><value>671</value></Data>
            <Data name="Class"><value>Healthy</value></Data>
          </ExtendedData>
          <Point><coordinates>102.435241000,2.945963000,0</coordinates></Point>
        </Placemark>

        <Placemark>
          <name>672</name>
          <styleUrl>#style_Healthy</styleUrl>
          <ExtendedData>
            <Data name="id"><value>672</value></Data>
            <Data name="Class"><value>Healthy</value></Data>
          </ExtendedData>
          <Point><coordinates>102.435831000,2.944941000,0</coordinates></Point>
        </Placemark>

        <Placemark>
          <name>674</name>
          <styleUrl>#style_Healthy</styleUrl>
          <ExtendedData>
            <Data name="id"><value>674</value></Data>
            <Data name="Class"><value>Healthy</value></Data>
          </ExtendedData>
          <Point><coordinates>102.433509000,2.944984000,0</coordinates></Point>
        </Placemark>

        <Placemark>
          <name>676</name>
          <styleUrl>#style_Healthy</styleUrl>
          <ExtendedData>
            <Data name="id"><value>676</value></Data>
            <Data name="Class"><value>Healthy</value></Data>
          </ExtendedData>
          <Point><coordinates>102.433711000,2.945058000,0</coordinates></Point>
        </Placemark>

        <Placemark>
          <name>678</name>
          <styleUrl>#style_Healthy</styleUrl>
          <ExtendedData>
            <Data name="id"><value>678</value></Data>
            <Data name="Class"><value>Healthy</value></Data>
          </ExtendedData>
          <Point><coordinates>102.433632000,2.944918000,0</coordinates></Point>
        </Placemark>

        <Placemark>
          <name>679</name>
          <styleUrl>#style_Healthy</styleUrl>
          <ExtendedData>
            <Data name="id"><value>679</value></Data>
            <Data name="Class"><value>Healthy</value></Data>
          </ExtendedData>
          <Point><coordinates>102.434022000,2.945606000,0</coordinates></Point>
        </Placemark>

        <Placemark>
          <name>680</name>
          <styleUrl>#style_Healthy</styleUrl>
          <ExtendedData>
            <Data name="id"><value>680</value></Data>
            <Data name="Class"><value>Healthy</value></Data>
          </ExtendedData>
          <Point><coordinates>102.433550000,2.945057000,0</coordinates></Point>
        </Placemark>

        <Placemark>
          <name>681</name>
          <styleUrl>#style_Healthy</styleUrl>
          <ExtendedData>
            <Data name="id"><value>681</value></Data>
            <Data name="Class"><value>Healthy</value></Data>
          </ExtendedData>
          <Point><coordinates>102.433905000,2.945266000,0</coordinates></Point>
        </Placemark>

        <Placemark>
          <name>682</name>
          <styleUrl>#style_Healthy</styleUrl>
          <ExtendedData>
            <Data name="id"><value>682</value></Data>
            <Data name="Class"><value>Healthy</value></Data>
          </ExtendedData>
          <Point><coordinates>102.433827000,2.945265000,0</coordinates></Point>
        </Placemark>

        <Placemark>
          <name>683</name>
          <styleUrl>#style_Healthy</styleUrl>
          <ExtendedData>
            <Data name="id"><value>683</value></Data>
            <Data name="Class"><value>Healthy</value></Data>
          </ExtendedData>
          <Point><coordinates>102.433976000,2.945814000,0</coordinates></Point>
        </Placemark>

        <Placemark>
          <name>686</name>
          <styleUrl>#style_Healthy</styleUrl>
          <ExtendedData>
            <Data name="id"><value>686</value></Data>
            <Data name="Class"><value>Healthy</value></Data>
          </ExtendedData>
          <Point><coordinates>102.434691000,2.945406000,0</coordinates></Point>
        </Placemark>

        <Placemark>
          <name>688</name>
          <styleUrl>#style_Healthy</styleUrl>
          <ExtendedData>
            <Data name="id"><value>688</value></Data>
            <Data name="Class"><value>Healthy</value></Data>
          </ExtendedData>
          <Point><coordinates>102.433868000,2.945331000,0</coordinates></Point>
        </Placemark>

        <Placemark>
          <name>689</name>
          <styleUrl>#style_Healthy</styleUrl>
          <ExtendedData>
            <Data name="id"><value>689</value></Data>
            <Data name="Class"><value>Healthy</value></Data>
          </ExtendedData>
          <Point><coordinates>102.431907000,2.948111000,0</coordinates></Point>
        </Placemark>

        <Placemark>
          <name>692</name>
          <styleUrl>#style_Healthy</styleUrl>
          <ExtendedData>
            <Data name="id"><value>692</value></Data>
            <Data name="Class"><value>Healthy</value></Data>
          </ExtendedData>
          <Point><coordinates>102.434051000,2.945956000,0</coordinates></Point>
        </Placemark>

        <Placemark>
          <name>693</name>
          <styleUrl>#style_Healthy</styleUrl>
          <ExtendedData>
            <Data name="id"><value>693</value></Data>
            <Data name="Class"><value>Healthy</value></Data>
          </ExtendedData>
          <Point><coordinates>102.435000000,2.945681000,0</coordinates></Point>
        </Placemark>

        <Placemark>
          <name>694</name>
          <styleUrl>#style_Healthy</styleUrl>
          <ExtendedData>
            <Data name="id"><value>694</value></Data>
            <Data name="Class"><value>Healthy</value></Data>
          </ExtendedData>
          <Point><coordinates>102.434201000,2.945946000,0</coordinates></Point>
        </Placemark>

        <Placemark>
          <name>695</name>
          <styleUrl>#style_Healthy</styleUrl>
          <ExtendedData>
            <Data name="id"><value>695</value></Data>
            <Data name="Class"><value>Healthy</value></Data>
          </ExtendedData>
          <Point><coordinates>102.435201000,2.945890000,0</coordinates></Point>
        </Placemark>

        <Placemark>
          <name>696</name>
          <styleUrl>#style_Healthy</styleUrl>
          <ExtendedData>
            <Data name="id"><value>696</value></Data>
            <Data name="Class"><value>Healthy</value></Data>
          </ExtendedData>
          <Point><coordinates>102.431521000,2.947428000,0</coordinates></Point>
        </Placemark>

        <Placemark>
          <name>697</name>
          <styleUrl>#style_Healthy</styleUrl>
          <ExtendedData>
            <Data name="id"><value>697</value></Data>
            <Data name="Class"><value>Healthy</value></Data>
          </ExtendedData>
          <Point><coordinates>102.433901000,2.945533000,0</coordinates></Point>
        </Placemark>

        <Placemark>
          <name>699</name>
          <styleUrl>#style_Healthy</styleUrl>
          <ExtendedData>
            <Data name="id"><value>699</value></Data>
            <Data name="Class"><value>Healthy</value></Data>
          </ExtendedData>
          <Point><coordinates>102.431478000,2.947355000,0</coordinates></Point>
        </Placemark>

        <Placemark>
          <name>700</name>
          <styleUrl>#style_Healthy</styleUrl>
          <ExtendedData>
            <Data name="id"><value>700</value></Data>
            <Data name="Class"><value>Healthy</value></Data>
          </ExtendedData>
          <Point><coordinates>102.433710000,2.944918000,0</coordinates></Point>
        </Placemark>

        <Placemark>
          <name>701</name>
          <styleUrl>#style_Healthy</styleUrl>
          <ExtendedData>
            <Data name="id"><value>701</value></Data>
            <Data name="Class"><value>Healthy</value></Data>
          </ExtendedData>
          <Point><coordinates>102.436500000,2.945705000,0</coordinates></Point>
        </Placemark>

        <Placemark>
          <name>702</name>
          <styleUrl>#style_Healthy</styleUrl>
          <ExtendedData>
            <Data name="id"><value>702</value></Data>
            <Data name="Class"><value>Healthy</value></Data>
          </ExtendedData>
          <Point><coordinates>102.433906000,2.945402000,0</coordinates></Point>
        </Placemark>

        <Placemark>
          <name>703</name>
          <styleUrl>#style_Healthy</styleUrl>
          <ExtendedData>
            <Data name="id"><value>703</value></Data>
            <Data name="Class"><value>Healthy</value></Data>
          </ExtendedData>
          <Point><coordinates>102.431326000,2.947089000,0</coordinates></Point>
        </Placemark>

        <Placemark>
          <name>705</name>
          <styleUrl>#style_Healthy</styleUrl>
          <ExtendedData>
            <Data name="id"><value>705</value></Data>
            <Data name="Class"><value>Healthy</value></Data>
          </ExtendedData>
          <Point><coordinates>102.435032000,2.945891000,0</coordinates></Point>
        </Placemark>

        <Placemark>
          <name>706</name>
          <styleUrl>#style_Healthy</styleUrl>
          <ExtendedData>
            <Data name="id"><value>706</value></Data>
            <Data name="Class"><value>Healthy</value></Data>
          </ExtendedData>
          <Point><coordinates>102.433557000,2.944913000,0</coordinates></Point>
        </Placemark>

        <Placemark>
          <name>707</name>
          <styleUrl>#style_Healthy</styleUrl>
          <ExtendedData>
            <Data name="id"><value>707</value></Data>
            <Data name="Class"><value>Healthy</value></Data>
          </ExtendedData>
          <Point><coordinates>102.434459000,2.944997000,0</coordinates></Point>
        </Placemark>

        <Placemark>
          <name>708</name>
          <styleUrl>#style_Healthy</styleUrl>
          <ExtendedData>
            <Data name="id"><value>708</value></Data>
            <Data name="Class"><value>Healthy</value></Data>
          </ExtendedData>
          <Point><coordinates>102.437011000,2.946058000,0</coordinates></Point>
        </Placemark>

        <Placemark>
          <name>709</name>
          <styleUrl>#style_Healthy</styleUrl>
          <ExtendedData>
            <Data name="id"><value>709</value></Data>
            <Data name="Class"><value>Healthy</value></Data>
          </ExtendedData>
          <Point><coordinates>102.433941000,2.945467000,0</coordinates></Point>
        </Placemark>

        <Placemark>
          <name>710</name>
          <styleUrl>#style_Healthy</styleUrl>
          <ExtendedData>
            <Data name="id"><value>710</value></Data>
            <Data name="Class"><value>Healthy</value></Data>
          </ExtendedData>
          <Point><coordinates>102.434932000,2.945406000,0</coordinates></Point>
        </Placemark>

        <Placemark>
          <name>711</name>
          <styleUrl>#style_Healthy</styleUrl>
          <ExtendedData>
            <Data name="id"><value>711</value></Data>
            <Data name="Class"><value>Healthy</value></Data>
          </ExtendedData>
          <Point><coordinates>102.434847000,2.945688000,0</coordinates></Point>
        </Placemark>

        <Placemark>
          <name>712</name>
          <styleUrl>#style_Healthy</styleUrl>
          <ExtendedData>
            <Data name="id"><value>712</value></Data>
            <Data name="Class"><value>Healthy</value></Data>
          </ExtendedData>
          <Point><coordinates>102.434776000,2.945407000,0</coordinates></Point>
        </Placemark>

        <Placemark>
          <name>713</name>
          <styleUrl>#style_Healthy</styleUrl>
          <ExtendedData>
            <Data name="id"><value>713</value></Data>
            <Data name="Class"><value>Healthy</value></Data>
          </ExtendedData>
          <Point><coordinates>102.434014000,2.945882000,0</coordinates></Point>
        </Placemark>

        <Placemark>
          <name>714</name>
          <styleUrl>#style_Healthy</styleUrl>
          <ExtendedData>
            <Data name="id"><value>714</value></Data>
            <Data name="Class"><value>Healthy</value></Data>
          </ExtendedData>
          <Point><coordinates>102.434725000,2.945200000,0</coordinates></Point>
        </Placemark>

        <Placemark>
          <name>715</name>
          <styleUrl>#style_Healthy</styleUrl>
          <ExtendedData>
            <Data name="id"><value>715</value></Data>
            <Data name="Class"><value>Healthy</value></Data>
          </ExtendedData>
          <Point><coordinates>102.433179000,2.947041000,0</coordinates></Point>
        </Placemark>

        <Placemark>
          <name>716</name>
          <styleUrl>#style_Healthy</styleUrl>
          <ExtendedData>
            <Data name="id"><value>716</value></Data>
            <Data name="Class"><value>Healthy</value></Data>
          </ExtendedData>
          <Point><coordinates>102.433670000,2.945128000,0</coordinates></Point>
        </Placemark>

        <Placemark>
          <name>717</name>
          <styleUrl>#style_Healthy</styleUrl>
          <ExtendedData>
            <Data name="id"><value>717</value></Data>
            <Data name="Class"><value>Healthy</value></Data>
          </ExtendedData>
          <Point><coordinates>102.434775000,2.945132000,0</coordinates></Point>
        </Placemark>

        <Placemark>
          <name>718</name>
          <styleUrl>#style_Healthy</styleUrl>
          <ExtendedData>
            <Data name="id"><value>718</value></Data>
            <Data name="Class"><value>Healthy</value></Data>
          </ExtendedData>
          <Point><coordinates>102.435158000,2.945825000,0</coordinates></Point>
        </Placemark>

        <Placemark>
          <name>719</name>
          <styleUrl>#style_Healthy</styleUrl>
          <ExtendedData>
            <Data name="id"><value>719</value></Data>
            <Data name="Class"><value>Healthy</value></Data>
          </ExtendedData>
          <Point><coordinates>102.437498000,2.946538000,0</coordinates></Point>
        </Placemark>

        <Placemark>
          <name>720</name>
          <styleUrl>#style_Healthy</styleUrl>
          <ExtendedData>
            <Data name="id"><value>720</value></Data>
            <Data name="Class"><value>Healthy</value></Data>
          </ExtendedData>
          <Point><coordinates>102.435083000,2.945689000,0</coordinates></Point>
        </Placemark>

        <Placemark>
          <name>721</name>
          <styleUrl>#style_Healthy</styleUrl>
          <ExtendedData>
            <Data name="id"><value>721</value></Data>
            <Data name="Class"><value>Healthy</value></Data>
          </ExtendedData>
          <Point><coordinates>102.436581000,2.945840000,0</coordinates></Point>
        </Placemark>

        <Placemark>
          <name>722</name>
          <styleUrl>#style_Healthy</styleUrl>
          <ExtendedData>
            <Data name="id"><value>722</value></Data>
            <Data name="Class"><value>Healthy</value></Data>
          </ExtendedData>
          <Point><coordinates>102.434135000,2.945812000,0</coordinates></Point>
        </Placemark>

        <Placemark>
          <name>723</name>
          <styleUrl>#style_Healthy</styleUrl>
          <ExtendedData>
            <Data name="id"><value>723</value></Data>
            <Data name="Class"><value>Healthy</value></Data>
          </ExtendedData>
          <Point><coordinates>102.436620000,2.945911000,0</coordinates></Point>
        </Placemark>

        <Placemark>
          <name>725</name>
          <styleUrl>#style_Healthy</styleUrl>
          <ExtendedData>
            <Data name="id"><value>725</value></Data>
            <Data name="Class"><value>Healthy</value></Data>
          </ExtendedData>
          <Point><coordinates>102.435117000,2.945754000,0</coordinates></Point>
        </Placemark>

        <Placemark>
          <name>727</name>
          <styleUrl>#style_Healthy</styleUrl>
          <ExtendedData>
            <Data name="id"><value>727</value></Data>
            <Data name="Class"><value>Healthy</value></Data>
          </ExtendedData>
          <Point><coordinates>102.432715000,2.946354000,0</coordinates></Point>
        </Placemark>

        <Placemark>
          <name>728</name>
          <styleUrl>#style_Healthy</styleUrl>
          <ExtendedData>
            <Data name="id"><value>728</value></Data>
            <Data name="Class"><value>Healthy</value></Data>
          </ExtendedData>
          <Point><coordinates>102.433748000,2.944988000,0</coordinates></Point>
        </Placemark>

        <Placemark>
          <name>729</name>
          <styleUrl>#style_Healthy</styleUrl>
          <ExtendedData>
            <Data name="id"><value>729</value></Data>
            <Data name="Class"><value>Healthy</value></Data>
          </ExtendedData>
          <Point><coordinates>102.434535000,2.944997000,0</coordinates></Point>
        </Placemark>

        <Placemark>
          <name>730</name>
          <styleUrl>#style_Healthy</styleUrl>
          <ExtendedData>
            <Data name="id"><value>730</value></Data>
            <Data name="Class"><value>Healthy</value></Data>
          </ExtendedData>
          <Point><coordinates>102.437168000,2.946327000,0</coordinates></Point>
        </Placemark>

        <Placemark>
          <name>731</name>
          <styleUrl>#style_Healthy</styleUrl>
          <ExtendedData>
            <Data name="id"><value>731</value></Data>
            <Data name="Class"><value>Healthy</value></Data>
          </ExtendedData>
          <Point><coordinates>102.431872000,2.948047000,0</coordinates></Point>
        </Placemark>

        <Placemark>
          <name>732</name>
          <styleUrl>#style_Healthy</styleUrl>
          <ExtendedData>
            <Data name="id"><value>732</value></Data>
            <Data name="Class"><value>Healthy</value></Data>
          </ExtendedData>
          <Point><coordinates>102.434504000,2.944924000,0</coordinates></Point>
        </Placemark>

        <Placemark>
          <name>733</name>
          <styleUrl>#style_Healthy</styleUrl>
          <ExtendedData>
            <Data name="id"><value>733</value></Data>
            <Data name="Class"><value>Healthy</value></Data>
          </ExtendedData>
          <Point><coordinates>102.433746000,2.945129000,0</coordinates></Point>
        </Placemark>

        <Placemark>
          <name>736</name>
          <styleUrl>#style_Healthy</styleUrl>
          <ExtendedData>
            <Data name="id"><value>736</value></Data>
            <Data name="Class"><value>Healthy</value></Data>
          </ExtendedData>
          <Point><coordinates>102.436426000,2.945569000,0</coordinates></Point>
        </Placemark>

        <Placemark>
          <name>737</name>
          <styleUrl>#style_Healthy</styleUrl>
          <ExtendedData>
            <Data name="id"><value>737</value></Data>
            <Data name="Class"><value>Healthy</value></Data>
          </ExtendedData>
          <Point><coordinates>102.434101000,2.945736000,0</coordinates></Point>
        </Placemark>

        <Placemark>
          <name>738</name>
          <styleUrl>#style_Healthy</styleUrl>
          <ExtendedData>
            <Data name="id"><value>738</value></Data>
            <Data name="Class"><value>Healthy</value></Data>
          </ExtendedData>
          <Point><coordinates>102.433635000,2.945059000,0</coordinates></Point>
        </Placemark>

        <Placemark>
          <name>740</name>
          <styleUrl>#style_Healthy</styleUrl>
          <ExtendedData>
            <Data name="id"><value>740</value></Data>
            <Data name="Class"><value>Healthy</value></Data>
          </ExtendedData>
          <Point><coordinates>102.433107000,2.947041000,0</coordinates></Point>
        </Placemark>

        <Placemark>
          <name>741</name>
          <styleUrl>#style_Healthy</styleUrl>
          <ExtendedData>
            <Data name="id"><value>741</value></Data>
            <Data name="Class"><value>Healthy</value></Data>
          </ExtendedData>
          <Point><coordinates>102.431560000,2.947097000,0</coordinates></Point>
        </Placemark>

        <Placemark>
          <name>742</name>
          <styleUrl>#style_Healthy</styleUrl>
          <ExtendedData>
            <Data name="id"><value>742</value></Data>
            <Data name="Class"><value>Healthy</value></Data>
          </ExtendedData>
          <Point><coordinates>102.434730000,2.945477000,0</coordinates></Point>
        </Placemark>

        <Placemark>
          <name>743</name>
          <styleUrl>#style_Healthy</styleUrl>
          <ExtendedData>
            <Data name="id"><value>743</value></Data>
            <Data name="Class"><value>Healthy</value></Data>
          </ExtendedData>
          <Point><coordinates>102.437360000,2.946668000,0</coordinates></Point>
        </Placemark>

        <Placemark>
          <name>744</name>
          <styleUrl>#style_Healthy</styleUrl>
          <ExtendedData>
            <Data name="id"><value>744</value></Data>
            <Data name="Class"><value>Healthy</value></Data>
          </ExtendedData>
          <Point><coordinates>102.433587000,2.945123000,0</coordinates></Point>
        </Placemark>

        <Placemark>
          <name>745</name>
          <styleUrl>#style_Healthy</styleUrl>
          <ExtendedData>
            <Data name="id"><value>745</value></Data>
            <Data name="Class"><value>Healthy</value></Data>
          </ExtendedData>
          <Point><coordinates>102.433943000,2.945606000,0</coordinates></Point>
        </Placemark>

        <Placemark>
          <name>746</name>
          <styleUrl>#style_Healthy</styleUrl>
          <ExtendedData>
            <Data name="id"><value>746</value></Data>
            <Data name="Class"><value>Healthy</value></Data>
          </ExtendedData>
          <Point><coordinates>102.434025000,2.945465000,0</coordinates></Point>
        </Placemark>

        <Placemark>
          <name>747</name>
          <styleUrl>#style_Healthy</styleUrl>
          <ExtendedData>
            <Data name="id"><value>747</value></Data>
            <Data name="Class"><value>Healthy</value></Data>
          </ExtendedData>
          <Point><coordinates>102.436032000,2.945290000,0</coordinates></Point>
        </Placemark>

        <Placemark>
          <name>748</name>
          <styleUrl>#style_Healthy</styleUrl>
          <ExtendedData>
            <Data name="id"><value>748</value></Data>
            <Data name="Class"><value>Healthy</value></Data>
          </ExtendedData>
          <Point><coordinates>102.431798000,2.947774000,0</coordinates></Point>
        </Placemark>

        <Placemark>
          <name>749</name>
          <styleUrl>#style_Healthy</styleUrl>
          <ExtendedData>
            <Data name="id"><value>749</value></Data>
            <Data name="Class"><value>Healthy</value></Data>
          </ExtendedData>
          <Point><coordinates>102.431642000,2.947498000,0</coordinates></Point>
        </Placemark>

        <Placemark>
          <name>750</name>
          <styleUrl>#style_Healthy</styleUrl>
          <ExtendedData>
            <Data name="id"><value>750</value></Data>
            <Data name="Class"><value>Healthy</value></Data>
          </ExtendedData>
          <Point><coordinates>102.432073000,2.947984000,0</coordinates></Point>
        </Placemark>

        <Placemark>
          <name>751</name>
          <styleUrl>#style_Healthy</styleUrl>
          <ExtendedData>
            <Data name="id"><value>751</value></Data>
            <Data name="Class"><value>Healthy</value></Data>
          </ExtendedData>
          <Point><coordinates>102.431876000,2.947918000,0</coordinates></Point>
        </Placemark>

        <Placemark>
          <name>752</name>
          <styleUrl>#style_Healthy</styleUrl>
          <ExtendedData>
            <Data name="id"><value>752</value></Data>
            <Data name="Class"><value>Healthy</value></Data>
          </ExtendedData>
          <Point><coordinates>102.436071000,2.945357000,0</coordinates></Point>
        </Placemark>

        <Placemark>
          <name>753</name>
          <styleUrl>#style_Healthy</styleUrl>
          <ExtendedData>
            <Data name="id"><value>753</value></Data>
            <Data name="Class"><value>Healthy</value></Data>
          </ExtendedData>
          <Point><coordinates>102.434575000,2.944926000,0</coordinates></Point>
        </Placemark>

        <Placemark>
          <name>754</name>
          <styleUrl>#style_Healthy</styleUrl>
          <ExtendedData>
            <Data name="id"><value>754</value></Data>
            <Data name="Class"><value>Healthy</value></Data>
          </ExtendedData>
          <Point><coordinates>102.434097000,2.945880000,0</coordinates></Point>
        </Placemark>

        <Placemark>
          <name>755</name>
          <styleUrl>#style_Healthy</styleUrl>
          <ExtendedData>
            <Data name="id"><value>755</value></Data>
            <Data name="Class"><value>Healthy</value></Data>
          </ExtendedData>
          <Point><coordinates>102.434964000,2.945895000,0</coordinates></Point>
        </Placemark>

        <Placemark>
          <name>756</name>
          <styleUrl>#style_Healthy</styleUrl>
          <ExtendedData>
            <Data name="id"><value>756</value></Data>
            <Data name="Class"><value>Healthy</value></Data>
          </ExtendedData>
          <Point><coordinates>102.431958000,2.947920000,0</coordinates></Point>
        </Placemark>

        <Placemark>
          <name>758</name>
          <styleUrl>#style_Healthy</styleUrl>
          <ExtendedData>
            <Data name="id"><value>758</value></Data>
            <Data name="Class"><value>Healthy</value></Data>
          </ExtendedData>
          <Point><coordinates>102.431521000,2.947294000,0</coordinates></Point>
        </Placemark>

        <Placemark>
          <name>759</name>
          <styleUrl>#style_Healthy</styleUrl>
          <ExtendedData>
            <Data name="id"><value>759</value></Data>
            <Data name="Class"><value>Healthy</value></Data>
          </ExtendedData>
          <Point><coordinates>102.437584000,2.946952000,0</coordinates></Point>
        </Placemark>

        <Placemark>
          <name>760</name>
          <styleUrl>#style_Healthy</styleUrl>
          <ExtendedData>
            <Data name="id"><value>760</value></Data>
            <Data name="Class"><value>Healthy</value></Data>
          </ExtendedData>
          <Point><coordinates>102.431994000,2.948112000,0</coordinates></Point>
        </Placemark>

        <Placemark>
          <name>761</name>
          <styleUrl>#style_Healthy</styleUrl>
          <ExtendedData>
            <Data name="id"><value>761</value></Data>
            <Data name="Class"><value>Healthy</value></Data>
          </ExtendedData>
          <Point><coordinates>102.434965000,2.945616000,0</coordinates></Point>
        </Placemark>

        <Placemark>
          <name>762</name>
          <styleUrl>#style_Healthy</styleUrl>
          <ExtendedData>
            <Data name="id"><value>762</value></Data>
            <Data name="Class"><value>Healthy</value></Data>
          </ExtendedData>
          <Point><coordinates>102.434538000,2.945129000,0</coordinates></Point>
        </Placemark>

        <Placemark>
          <name>763</name>
          <styleUrl>#style_Healthy</styleUrl>
          <ExtendedData>
            <Data name="id"><value>763</value></Data>
            <Data name="Class"><value>Healthy</value></Data>
          </ExtendedData>
          <Point><coordinates>102.431953000,2.948049000,0</coordinates></Point>
        </Placemark>

        <Placemark>
          <name>764</name>
          <styleUrl>#style_Healthy</styleUrl>
          <ExtendedData>
            <Data name="id"><value>764</value></Data>
            <Data name="Class"><value>Healthy</value></Data>
          </ExtendedData>
          <Point><coordinates>102.433790000,2.945057000,0</coordinates></Point>
        </Placemark>

        <Placemark>
          <name>765</name>
          <styleUrl>#style_Healthy</styleUrl>
          <ExtendedData>
            <Data name="id"><value>765</value></Data>
            <Data name="Class"><value>Healthy</value></Data>
          </ExtendedData>
          <Point><coordinates>102.433256000,2.947043000,0</coordinates></Point>
        </Placemark>

        <Placemark>
          <name>766</name>
          <styleUrl>#style_Healthy</styleUrl>
          <ExtendedData>
            <Data name="id"><value>766</value></Data>
            <Data name="Class"><value>Healthy</value></Data>
          </ExtendedData>
          <Point><coordinates>102.434854000,2.945541000,0</coordinates></Point>
        </Placemark>

        <Placemark>
          <name>767</name>
          <styleUrl>#style_Healthy</styleUrl>
          <ExtendedData>
            <Data name="id"><value>767</value></Data>
            <Data name="Class"><value>Healthy</value></Data>
          </ExtendedData>
          <Point><coordinates>102.436350000,2.945703000,0</coordinates></Point>
        </Placemark>

        <Placemark>
          <name>768</name>
          <styleUrl>#style_Healthy</styleUrl>
          <ExtendedData>
            <Data name="id"><value>768</value></Data>
            <Data name="Class"><value>Healthy</value></Data>
          </ExtendedData>
          <Point><coordinates>102.432948000,2.946764000,0</coordinates></Point>
        </Placemark>

        <Placemark>
          <name>769</name>
          <styleUrl>#style_Healthy</styleUrl>
          <ExtendedData>
            <Data name="id"><value>769</value></Data>
            <Data name="Class"><value>Healthy</value></Data>
          </ExtendedData>
          <Point><coordinates>102.436462000,2.945776000,0</coordinates></Point>
        </Placemark>

        <Placemark>
          <name>770</name>
          <styleUrl>#style_Healthy</styleUrl>
          <ExtendedData>
            <Data name="id"><value>770</value></Data>
            <Data name="Class"><value>Healthy</value></Data>
          </ExtendedData>
          <Point><coordinates>102.431878000,2.947641000,0</coordinates></Point>
        </Placemark>

        <Placemark>
          <name>771</name>
          <styleUrl>#style_Healthy</styleUrl>
          <ExtendedData>
            <Data name="id"><value>771</value></Data>
            <Data name="Class"><value>Healthy</value></Data>
          </ExtendedData>
          <Point><coordinates>102.433784000,2.945190000,0</coordinates></Point>
        </Placemark>

        <Placemark>
          <name>772</name>
          <styleUrl>#style_Healthy</styleUrl>
          <ExtendedData>
            <Data name="id"><value>772</value></Data>
            <Data name="Class"><value>Healthy</value></Data>
          </ExtendedData>
          <Point><coordinates>102.435035000,2.945620000,0</coordinates></Point>
        </Placemark>

        <Placemark>
          <name>773</name>
          <styleUrl>#style_Healthy</styleUrl>
          <ExtendedData>
            <Data name="id"><value>773</value></Data>
            <Data name="Class"><value>Healthy</value></Data>
          </ExtendedData>
          <Point><coordinates>102.436110000,2.945426000,0</coordinates></Point>
        </Placemark>

        <Placemark>
          <name>774</name>
          <styleUrl>#style_Healthy</styleUrl>
          <ExtendedData>
            <Data name="id"><value>774</value></Data>
            <Data name="Class"><value>Healthy</value></Data>
          </ExtendedData>
          <Point><coordinates>102.436386000,2.945772000,0</coordinates></Point>
        </Placemark>

        <Placemark>
          <name>775</name>
          <styleUrl>#style_Healthy</styleUrl>
          <ExtendedData>
            <Data name="id"><value>775</value></Data>
            <Data name="Class"><value>Healthy</value></Data>
          </ExtendedData>
          <Point><coordinates>102.434173000,2.945878000,0</coordinates></Point>
        </Placemark>

        <Placemark>
          <name>777</name>
          <styleUrl>#style_Healthy</styleUrl>
          <ExtendedData>
            <Data name="id"><value>777</value></Data>
            <Data name="Class"><value>Healthy</value></Data>
          </ExtendedData>
          <Point><coordinates>102.432594000,2.946005000,0</coordinates></Point>
        </Placemark>

        <Placemark>
          <name>778</name>
          <styleUrl>#style_Healthy</styleUrl>
          <ExtendedData>
            <Data name="id"><value>778</value></Data>
            <Data name="Class"><value>Healthy</value></Data>
          </ExtendedData>
          <Point><coordinates>102.431642000,2.947362000,0</coordinates></Point>
        </Placemark>

        <Placemark>
          <name>779</name>
          <styleUrl>#style_Healthy</styleUrl>
          <ExtendedData>
            <Data name="id"><value>779</value></Data>
            <Data name="Class"><value>Healthy</value></Data>
          </ExtendedData>
          <Point><coordinates>102.436227000,2.945496000,0</coordinates></Point>
        </Placemark>

        <Placemark>
          <name>780</name>
          <styleUrl>#style_Healthy</styleUrl>
          <ExtendedData>
            <Data name="id"><value>780</value></Data>
            <Data name="Class"><value>Healthy</value></Data>
          </ExtendedData>
          <Point><coordinates>102.431912000,2.947981000,0</coordinates></Point>
        </Placemark>

        <Placemark>
          <name>781</name>
          <styleUrl>#style_Healthy</styleUrl>
          <ExtendedData>
            <Data name="id"><value>781</value></Data>
            <Data name="Class"><value>Healthy</value></Data>
          </ExtendedData>
          <Point><coordinates>102.437325000,2.946601000,0</coordinates></Point>
        </Placemark>

        <Placemark>
          <name>782</name>
          <styleUrl>#style_Healthy</styleUrl>
          <ExtendedData>
            <Data name="id"><value>782</value></Data>
            <Data name="Class"><value>Healthy</value></Data>
          </ExtendedData>
          <Point><coordinates>102.433981000,2.945535000,0</coordinates></Point>
        </Placemark>

        <Placemark>
          <name>783</name>
          <styleUrl>#style_Healthy</styleUrl>
          <ExtendedData>
            <Data name="id"><value>783</value></Data>
            <Data name="Class"><value>Healthy</value></Data>
          </ExtendedData>
          <Point><coordinates>102.432792000,2.946487000,0</coordinates></Point>
        </Placemark>

        <Placemark>
          <name>784</name>
          <styleUrl>#style_Healthy</styleUrl>
          <ExtendedData>
            <Data name="id"><value>784</value></Data>
            <Data name="Class"><value>Healthy</value></Data>
          </ExtendedData>
          <Point><coordinates>102.433298000,2.946977000,0</coordinates></Point>
        </Placemark>

        <Placemark>
          <name>785</name>
          <styleUrl>#style_Healthy</styleUrl>
          <ExtendedData>
            <Data name="id"><value>785</value></Data>
            <Data name="Class"><value>Healthy</value></Data>
          </ExtendedData>
          <Point><coordinates>102.436348000,2.945428000,0</coordinates></Point>
        </Placemark>

        <Placemark>
          <name>786</name>
          <styleUrl>#style_Healthy</styleUrl>
          <ExtendedData>
            <Data name="id"><value>786</value></Data>
            <Data name="Class"><value>Healthy</value></Data>
          </ExtendedData>
          <Point><coordinates>102.432551808,2.946078184,0</coordinates></Point>
        </Placemark>

        <Placemark>
          <name>787</name>
          <styleUrl>#style_Healthy</styleUrl>
          <ExtendedData>
            <Data name="id"><value>787</value></Data>
            <Data name="Class"><value>Healthy</value></Data>
          </ExtendedData>
          <Point><coordinates>102.433060000,2.946969000,0</coordinates></Point>
        </Placemark>

        <Placemark>
          <name>788</name>
          <styleUrl>#style_Healthy</styleUrl>
          <ExtendedData>
            <Data name="id"><value>788</value></Data>
            <Data name="Class"><value>Healthy</value></Data>
          </ExtendedData>
          <Point><coordinates>102.434811000,2.945616000,0</coordinates></Point>
        </Placemark>

        <Placemark>
          <name>789</name>
          <styleUrl>#style_Healthy</styleUrl>
          <ExtendedData>
            <Data name="id"><value>789</value></Data>
            <Data name="Class"><value>Healthy</value></Data>
          </ExtendedData>
          <Point><coordinates>102.436192000,2.945568000,0</coordinates></Point>
        </Placemark>

        <Placemark>
          <name>790</name>
          <styleUrl>#style_Healthy</styleUrl>
          <ExtendedData>
            <Data name="id"><value>790</value></Data>
            <Data name="Class"><value>Healthy</value></Data>
          </ExtendedData>
          <Point><coordinates>102.434811000,2.945340000,0</coordinates></Point>
        </Placemark>

        <Placemark>
          <name>791</name>
          <styleUrl>#style_Healthy</styleUrl>
          <ExtendedData>
            <Data name="id"><value>791</value></Data>
            <Data name="Class"><value>Healthy</value></Data>
          </ExtendedData>
          <Point><coordinates>102.431797000,2.947918000,0</coordinates></Point>
        </Placemark>

        <Placemark>
          <name>792</name>
          <styleUrl>#style_Healthy</styleUrl>
          <ExtendedData>
            <Data name="id"><value>792</value></Data>
            <Data name="Class"><value>Healthy</value></Data>
          </ExtendedData>
          <Point><coordinates>102.436154000,2.945085000,0</coordinates></Point>
        </Placemark>

        <Placemark>
          <name>793</name>
          <styleUrl>#style_Healthy</styleUrl>
          <ExtendedData>
            <Data name="id"><value>793</value></Data>
            <Data name="Class"><value>Healthy</value></Data>
          </ExtendedData>
          <Point><coordinates>102.437321000,2.946324000,0</coordinates></Point>
        </Placemark>

        <Placemark>
          <name>794</name>
          <styleUrl>#style_Healthy</styleUrl>
          <ExtendedData>
            <Data name="id"><value>794</value></Data>
            <Data name="Class"><value>Healthy</value></Data>
          </ExtendedData>
          <Point><coordinates>102.437656000,2.947085000,0</coordinates></Point>
        </Placemark>

        <Placemark>
          <name>795</name>
          <styleUrl>#style_Healthy</styleUrl>
          <ExtendedData>
            <Data name="id"><value>795</value></Data>
            <Data name="Class"><value>Healthy</value></Data>
          </ExtendedData>
          <Point><coordinates>102.433834000,2.945124000,0</coordinates></Point>
        </Placemark>

        <Placemark>
          <name>796</name>
          <styleUrl>#style_Healthy</styleUrl>
          <ExtendedData>
            <Data name="id"><value>796</value></Data>
            <Data name="Class"><value>Healthy</value></Data>
          </ExtendedData>
          <Point><coordinates>102.433059000,2.946560000,0</coordinates></Point>
        </Placemark>

        <Placemark>
          <name>797</name>
          <styleUrl>#style_Healthy</styleUrl>
          <ExtendedData>
            <Data name="id"><value>797</value></Data>
            <Data name="Class"><value>Healthy</value></Data>
          </ExtendedData>
          <Point><coordinates>102.431681000,2.947572000,0</coordinates></Point>
        </Placemark>

        <Placemark>
          <name>798</name>
          <styleUrl>#style_Healthy</styleUrl>
          <ExtendedData>
            <Data name="id"><value>798</value></Data>
            <Data name="Class"><value>Healthy</value></Data>
          </ExtendedData>
          <Point><coordinates>102.431483000,2.947097000,0</coordinates></Point>
        </Placemark>

        <Placemark>
          <name>799</name>
          <styleUrl>#style_Healthy</styleUrl>
          <ExtendedData>
            <Data name="id"><value>799</value></Data>
            <Data name="Class"><value>Healthy</value></Data>
          </ExtendedData>
          <Point><coordinates>102.436460000,2.945909000,0</coordinates></Point>
        </Placemark>

        <Placemark>
          <name>800</name>
          <styleUrl>#style_Healthy</styleUrl>
          <ExtendedData>
            <Data name="id"><value>800</value></Data>
            <Data name="Class"><value>Healthy</value></Data>
          </ExtendedData>
          <Point><coordinates>102.431444000,2.947160000,0</coordinates></Point>
        </Placemark>

        <Placemark>
          <name>801</name>
          <styleUrl>#style_Healthy</styleUrl>
          <ExtendedData>
            <Data name="id"><value>801</value></Data>
            <Data name="Class"><value>Healthy</value></Data>
          </ExtendedData>
          <Point><coordinates>102.433186000,2.946908000,0</coordinates></Point>
        </Placemark>

        <Placemark>
          <name>802</name>
          <styleUrl>#style_Healthy</styleUrl>
          <ExtendedData>
            <Data name="id"><value>802</value></Data>
            <Data name="Class"><value>Healthy</value></Data>
          </ExtendedData>
          <Point><coordinates>102.436545000,2.945773000,0</coordinates></Point>
        </Placemark>

        <Placemark>
          <name>803</name>
          <styleUrl>#style_Healthy</styleUrl>
          <ExtendedData>
            <Data name="id"><value>803</value></Data>
            <Data name="Class"><value>Healthy</value></Data>
          </ExtendedData>
          <Point><coordinates>102.436304000,2.945767000,0</coordinates></Point>
        </Placemark>

        <Placemark>
          <name>804</name>
          <styleUrl>#style_Healthy</styleUrl>
          <ExtendedData>
            <Data name="id"><value>804</value></Data>
            <Data name="Class"><value>Healthy</value></Data>
          </ExtendedData>
          <Point><coordinates>102.436499000,2.945843000,0</coordinates></Point>
        </Placemark>

        <Placemark>
          <name>805</name>
          <styleUrl>#style_Healthy</styleUrl>
          <ExtendedData>
            <Data name="id"><value>805</value></Data>
            <Data name="Class"><value>Healthy</value></Data>
          </ExtendedData>
          <Point><coordinates>102.434853000,2.945280000,0</coordinates></Point>
        </Placemark>

        <Placemark>
          <name>806</name>
          <styleUrl>#style_Healthy</styleUrl>
          <ExtendedData>
            <Data name="id"><value>806</value></Data>
            <Data name="Class"><value>Healthy</value></Data>
          </ExtendedData>
          <Point><coordinates>102.437473000,2.946867000,0</coordinates></Point>
        </Placemark>

        <Placemark>
          <name>807</name>
          <styleUrl>#style_Healthy</styleUrl>
          <ExtendedData>
            <Data name="id"><value>807</value></Data>
            <Data name="Class"><value>Healthy</value></Data>
          </ExtendedData>
          <Point><coordinates>102.431682000,2.947434000,0</coordinates></Point>
        </Placemark>

        <Placemark>
          <name>808</name>
          <styleUrl>#style_Healthy</styleUrl>
          <ExtendedData>
            <Data name="id"><value>808</value></Data>
            <Data name="Class"><value>Healthy</value></Data>
          </ExtendedData>
          <Point><coordinates>102.431641000,2.947636000,0</coordinates></Point>
        </Placemark>

        <Placemark>
          <name>809</name>
          <styleUrl>#style_Healthy</styleUrl>
          <ExtendedData>
            <Data name="id"><value>809</value></Data>
            <Data name="Class"><value>Healthy</value></Data>
          </ExtendedData>
          <Point><coordinates>102.432983000,2.946835000,0</coordinates></Point>
        </Placemark>

        <Placemark>
          <name>810</name>
          <styleUrl>#style_Healthy</styleUrl>
          <ExtendedData>
            <Data name="id"><value>810</value></Data>
            <Data name="Class"><value>Healthy</value></Data>
          </ExtendedData>
          <Point><coordinates>102.434962000,2.945747000,0</coordinates></Point>
        </Placemark>

        <Placemark>
          <name>811</name>
          <styleUrl>#style_Healthy</styleUrl>
          <ExtendedData>
            <Data name="id"><value>811</value></Data>
            <Data name="Class"><value>Healthy</value></Data>
          </ExtendedData>
          <Point><coordinates>102.436261000,2.945698000,0</coordinates></Point>
        </Placemark>

        <Placemark>
          <name>812</name>
          <styleUrl>#style_Healthy</styleUrl>
          <ExtendedData>
            <Data name="id"><value>812</value></Data>
            <Data name="Class"><value>Healthy</value></Data>
          </ExtendedData>
          <Point><coordinates>102.436079000,2.944949000,0</coordinates></Point>
        </Placemark>

        <Placemark>
          <name>813</name>
          <styleUrl>#style_Healthy</styleUrl>
          <ExtendedData>
            <Data name="id"><value>813</value></Data>
            <Data name="Class"><value>Healthy</value></Data>
          </ExtendedData>
          <Point><coordinates>102.434927000,2.945825000,0</coordinates></Point>
        </Placemark>

        <Placemark>
          <name>814</name>
          <styleUrl>#style_Healthy</styleUrl>
          <ExtendedData>
            <Data name="id"><value>814</value></Data>
            <Data name="Class"><value>Healthy</value></Data>
          </ExtendedData>
          <Point><coordinates>102.436421000,2.945977000,0</coordinates></Point>
        </Placemark>

        <Placemark>
          <name>815</name>
          <styleUrl>#style_Healthy</styleUrl>
          <ExtendedData>
            <Data name="id"><value>815</value></Data>
            <Data name="Class"><value>Healthy</value></Data>
          </ExtendedData>
          <Point><coordinates>102.431604000,2.947434000,0</coordinates></Point>
        </Placemark>

        <Placemark>
          <name>816</name>
          <styleUrl>#style_Healthy</styleUrl>
          <ExtendedData>
            <Data name="id"><value>816</value></Data>
            <Data name="Class"><value>Healthy</value></Data>
          </ExtendedData>
          <Point><coordinates>102.434738000,2.945338000,0</coordinates></Point>
        </Placemark>

        <Placemark>
          <name>818</name>
          <styleUrl>#style_Healthy</styleUrl>
          <ExtendedData>
            <Data name="id"><value>818</value></Data>
            <Data name="Class"><value>Healthy</value></Data>
          </ExtendedData>
          <Point><coordinates>102.431678000,2.947299000,0</coordinates></Point>
        </Placemark>

        <Placemark>
          <name>819</name>
          <styleUrl>#style_Healthy</styleUrl>
          <ExtendedData>
            <Data name="id"><value>819</value></Data>
            <Data name="Class"><value>Healthy</value></Data>
          </ExtendedData>
          <Point><coordinates>102.431839000,2.947571000,0</coordinates></Point>
        </Placemark>

        <Placemark>
          <name>820</name>
          <styleUrl>#style_Healthy</styleUrl>
          <ExtendedData>
            <Data name="id"><value>820</value></Data>
            <Data name="Class"><value>Healthy</value></Data>
          </ExtendedData>
          <Point><coordinates>102.432034000,2.947916000,0</coordinates></Point>
        </Placemark>

        <Placemark>
          <name>822</name>
          <styleUrl>#style_Healthy</styleUrl>
          <ExtendedData>
            <Data name="id"><value>822</value></Data>
            <Data name="Class"><value>Healthy</value></Data>
          </ExtendedData>
          <Point><coordinates>102.431595000,2.947295000,0</coordinates></Point>
        </Placemark>

        <Placemark>
          <name>823</name>
          <styleUrl>#style_Healthy</styleUrl>
          <ExtendedData>
            <Data name="id"><value>823</value></Data>
            <Data name="Class"><value>Healthy</value></Data>
          </ExtendedData>
          <Point><coordinates>102.431600000,2.947567000,0</coordinates></Point>
        </Placemark>

        <Placemark>
          <name>824</name>
          <styleUrl>#style_Healthy</styleUrl>
          <ExtendedData>
            <Data name="id"><value>824</value></Data>
            <Data name="Class"><value>Healthy</value></Data>
          </ExtendedData>
          <Point><coordinates>102.435919000,2.944947000,0</coordinates></Point>
        </Placemark>

        <Placemark>
          <name>825</name>
          <styleUrl>#style_Healthy</styleUrl>
          <ExtendedData>
            <Data name="id"><value>825</value></Data>
            <Data name="Class"><value>Healthy</value></Data>
          </ExtendedData>
          <Point><coordinates>102.435005000,2.945542000,0</coordinates></Point>
        </Placemark>

        <Placemark>
          <name>826</name>
          <styleUrl>#style_Healthy</styleUrl>
          <ExtendedData>
            <Data name="id"><value>826</value></Data>
            <Data name="Class"><value>Healthy</value></Data>
          </ExtendedData>
          <Point><coordinates>102.434891000,2.945614000,0</coordinates></Point>
        </Placemark>

        <Placemark>
          <name>827</name>
          <styleUrl>#style_Healthy</styleUrl>
          <ExtendedData>
            <Data name="id"><value>827</value></Data>
            <Data name="Class"><value>Healthy</value></Data>
          </ExtendedData>
          <Point><coordinates>102.435997000,2.944951000,0</coordinates></Point>
        </Placemark>

        <Placemark>
          <name>828</name>
          <styleUrl>#style_Healthy</styleUrl>
          <ExtendedData>
            <Data name="id"><value>828</value></Data>
            <Data name="Class"><value>Healthy</value></Data>
          </ExtendedData>
          <Point><coordinates>102.434772000,2.945549000,0</coordinates></Point>
        </Placemark>

        <Placemark>
          <name>829</name>
          <styleUrl>#style_Healthy</styleUrl>
          <ExtendedData>
            <Data name="id"><value>829</value></Data>
            <Data name="Class"><value>Healthy</value></Data>
          </ExtendedData>
          <Point><coordinates>102.435008000,2.945816000,0</coordinates></Point>
        </Placemark>

        <Placemark>
          <name>830</name>
          <styleUrl>#style_Healthy</styleUrl>
          <ExtendedData>
            <Data name="id"><value>830</value></Data>
            <Data name="Class"><value>Healthy</value></Data>
          </ExtendedData>
          <Point><coordinates>102.433334000,2.947040000,0</coordinates></Point>
        </Placemark>

        <Placemark>
          <name>831</name>
          <styleUrl>#style_Healthy</styleUrl>
          <ExtendedData>
            <Data name="id"><value>831</value></Data>
            <Data name="Class"><value>Healthy</value></Data>
          </ExtendedData>
          <Point><coordinates>102.434653000,2.945338000,0</coordinates></Point>
        </Placemark>

        <Placemark>
          <name>832</name>
          <styleUrl>#style_Healthy</styleUrl>
          <ExtendedData>
            <Data name="id"><value>832</value></Data>
            <Data name="Class"><value>Healthy</value></Data>
          </ExtendedData>
          <Point><coordinates>102.436191000,2.945293000,0</coordinates></Point>
        </Placemark>

        <Placemark>
          <name>833</name>
          <styleUrl>#style_Healthy</styleUrl>
          <ExtendedData>
            <Data name="id"><value>833</value></Data>
            <Data name="Class"><value>Healthy</value></Data>
          </ExtendedData>
          <Point><coordinates>102.437091000,2.946058000,0</coordinates></Point>
        </Placemark>

        <Placemark>
          <name>835</name>
          <styleUrl>#style_Healthy</styleUrl>
          <ExtendedData>
            <Data name="id"><value>835</value></Data>
            <Data name="Class"><value>Healthy</value></Data>
          </ExtendedData>
          <Point><coordinates>102.431680000,2.947703000,0</coordinates></Point>
        </Placemark>

        <Placemark>
          <name>836</name>
          <styleUrl>#style_Healthy</styleUrl>
          <ExtendedData>
            <Data name="id"><value>836</value></Data>
            <Data name="Class"><value>Healthy</value></Data>
          </ExtendedData>
          <Point><coordinates>102.436229000,2.945629000,0</coordinates></Point>
        </Placemark>

        <Placemark>
          <name>837</name>
          <styleUrl>#style_Healthy</styleUrl>
          <ExtendedData>
            <Data name="id"><value>837</value></Data>
            <Data name="Class"><value>Healthy</value></Data>
          </ExtendedData>
          <Point><coordinates>102.434577000,2.945199000,0</coordinates></Point>
        </Placemark>

        <Placemark>
          <name>839</name>
          <styleUrl>#style_Healthy</styleUrl>
          <ExtendedData>
            <Data name="id"><value>839</value></Data>
            <Data name="Class"><value>Healthy</value></Data>
          </ExtendedData>
          <Point><coordinates>102.431919000,2.947847000,0</coordinates></Point>
        </Placemark>

        <Placemark>
          <name>840</name>
          <styleUrl>#style_Healthy</styleUrl>
          <ExtendedData>
            <Data name="id"><value>840</value></Data>
            <Data name="Class"><value>Healthy</value></Data>
          </ExtendedData>
          <Point><coordinates>102.435000000,2.945962000,0</coordinates></Point>
        </Placemark>

        <Placemark>
          <name>841</name>
          <styleUrl>#style_Healthy</styleUrl>
          <ExtendedData>
            <Data name="id"><value>841</value></Data>
            <Data name="Class"><value>Healthy</value></Data>
          </ExtendedData>
          <Point><coordinates>102.435162000,2.945956000,0</coordinates></Point>
        </Placemark>

        <Placemark>
          <name>842</name>
          <styleUrl>#style_Healthy</styleUrl>
          <ExtendedData>
            <Data name="id"><value>842</value></Data>
            <Data name="Class"><value>Healthy</value></Data>
          </ExtendedData>
          <Point><coordinates>102.437548000,2.947021000,0</coordinates></Point>
        </Placemark>

        <Placemark>
          <name>843</name>
          <styleUrl>#style_Healthy</styleUrl>
          <ExtendedData>
            <Data name="id"><value>843</value></Data>
            <Data name="Class"><value>Healthy</value></Data>
          </ExtendedData>
          <Point><coordinates>102.431800000,2.947640000,0</coordinates></Point>
        </Placemark>

        <Placemark>
          <name>844</name>
          <styleUrl>#style_Healthy</styleUrl>
          <ExtendedData>
            <Data name="id"><value>844</value></Data>
            <Data name="Class"><value>Healthy</value></Data>
          </ExtendedData>
          <Point><coordinates>102.436659000,2.945976000,0</coordinates></Point>
        </Placemark>

        <Placemark>
          <name>845</name>
          <styleUrl>#style_Healthy</styleUrl>
          <ExtendedData>
            <Data name="id"><value>845</value></Data>
            <Data name="Class"><value>Healthy</value></Data>
          </ExtendedData>
          <Point><coordinates>102.432596000,2.946149000,0</coordinates></Point>
        </Placemark>

        <Placemark>
          <name>846</name>
          <styleUrl>#style_Healthy</styleUrl>
          <ExtendedData>
            <Data name="id"><value>846</value></Data>
            <Data name="Class"><value>Healthy</value></Data>
          </ExtendedData>
          <Point><coordinates>102.437782000,2.947022000,0</coordinates></Point>
        </Placemark>

        <Placemark>
          <name>847</name>
          <styleUrl>#style_Healthy</styleUrl>
          <ExtendedData>
            <Data name="id"><value>847</value></Data>
            <Data name="Class"><value>Healthy</value></Data>
          </ExtendedData>
          <Point><coordinates>102.436385000,2.945634000,0</coordinates></Point>
        </Placemark>

        <Placemark>
          <name>848</name>
          <styleUrl>#style_Healthy</styleUrl>
          <ExtendedData>
            <Data name="id"><value>848</value></Data>
            <Data name="Class"><value>Healthy</value></Data>
          </ExtendedData>
          <Point><coordinates>102.432753000,2.946419000,0</coordinates></Point>
        </Placemark>

        <Placemark>
          <name>849</name>
          <styleUrl>#style_Healthy</styleUrl>
          <ExtendedData>
            <Data name="id"><value>849</value></Data>
            <Data name="Class"><value>Healthy</value></Data>
          </ExtendedData>
          <Point><coordinates>102.436115000,2.945290000,0</coordinates></Point>
        </Placemark>

        <Placemark>
          <name>850</name>
          <styleUrl>#style_Healthy</styleUrl>
          <ExtendedData>
            <Data name="id"><value>850</value></Data>
            <Data name="Class"><value>Healthy</value></Data>
          </ExtendedData>
          <Point><coordinates>102.436579000,2.945973000,0</coordinates></Point>
        </Placemark>

        <Placemark>
          <name>851</name>
          <styleUrl>#style_Healthy</styleUrl>
          <ExtendedData>
            <Data name="id"><value>851</value></Data>
            <Data name="Class"><value>Healthy</value></Data>
          </ExtendedData>
          <Point><coordinates>102.437357000,2.946394000,0</coordinates></Point>
        </Placemark>

        <Placemark>
          <name>852</name>
          <styleUrl>#style_Healthy</styleUrl>
          <ExtendedData>
            <Data name="id"><value>852</value></Data>
            <Data name="Class"><value>Healthy</value></Data>
          </ExtendedData>
          <Point><coordinates>102.432714000,2.946076000,0</coordinates></Point>
        </Placemark>

        <Placemark>
          <name>853</name>
          <styleUrl>#style_Healthy</styleUrl>
          <ExtendedData>
            <Data name="id"><value>853</value></Data>
            <Data name="Class"><value>Healthy</value></Data>
          </ExtendedData>
          <Point><coordinates>102.432761000,2.946149000,0</coordinates></Point>
        </Placemark>

        <Placemark>
          <name>855</name>
          <styleUrl>#style_Healthy</styleUrl>
          <ExtendedData>
            <Data name="id"><value>855</value></Data>
            <Data name="Class"><value>Healthy</value></Data>
          </ExtendedData>
          <Point><coordinates>102.437477000,2.946604000,0</coordinates></Point>
        </Placemark>

        <Placemark>
          <name>856</name>
          <styleUrl>#style_Healthy</styleUrl>
          <ExtendedData>
            <Data name="id"><value>856</value></Data>
            <Data name="Class"><value>Healthy</value></Data>
          </ExtendedData>
          <Point><coordinates>102.431916000,2.947711000,0</coordinates></Point>
        </Placemark>

        <Placemark>
          <name>857</name>
          <styleUrl>#style_Healthy</styleUrl>
          <ExtendedData>
            <Data name="id"><value>857</value></Data>
            <Data name="Class"><value>Healthy</value></Data>
          </ExtendedData>
          <Point><coordinates>102.433025000,2.946758000,0</coordinates></Point>
        </Placemark>

        <Placemark>
          <name>858</name>
          <styleUrl>#style_Healthy</styleUrl>
          <ExtendedData>
            <Data name="id"><value>858</value></Data>
            <Data name="Class"><value>Healthy</value></Data>
          </ExtendedData>
          <Point><coordinates>102.432037000,2.948048000,0</coordinates></Point>
        </Placemark>

        <Placemark>
          <name>859</name>
          <styleUrl>#style_Healthy</styleUrl>
          <ExtendedData>
            <Data name="id"><value>859</value></Data>
            <Data name="Class"><value>Healthy</value></Data>
          </ExtendedData>
          <Point><coordinates>102.431721000,2.947366000,0</coordinates></Point>
        </Placemark>

        <Placemark>
          <name>861</name>
          <styleUrl>#style_Healthy</styleUrl>
          <ExtendedData>
            <Data name="id"><value>861</value></Data>
            <Data name="Class"><value>Healthy</value></Data>
          </ExtendedData>
          <Point><coordinates>102.433101000,2.946903000,0</coordinates></Point>
        </Placemark>

        <Placemark>
          <name>862</name>
          <styleUrl>#style_Healthy</styleUrl>
          <ExtendedData>
            <Data name="id"><value>862</value></Data>
            <Data name="Class"><value>Healthy</value></Data>
          </ExtendedData>
          <Point><coordinates>102.437440000,2.946538000,0</coordinates></Point>
        </Placemark>

        <Placemark>
          <name>863</name>
          <styleUrl>#style_Healthy</styleUrl>
          <ExtendedData>
            <Data name="id"><value>863</value></Data>
            <Data name="Class"><value>Healthy</value></Data>
          </ExtendedData>
          <Point><coordinates>102.437738000,2.947088000,0</coordinates></Point>
        </Placemark>

        <Placemark>
          <name>864</name>
          <styleUrl>#style_Healthy</styleUrl>
          <ExtendedData>
            <Data name="id"><value>864</value></Data>
            <Data name="Class"><value>Healthy</value></Data>
          </ExtendedData>
          <Point><coordinates>102.436543000,2.945910000,0</coordinates></Point>
        </Placemark>

        <Placemark>
          <name>865</name>
          <styleUrl>#style_Healthy</styleUrl>
          <ExtendedData>
            <Data name="id"><value>865</value></Data>
            <Data name="Class"><value>Healthy</value></Data>
          </ExtendedData>
          <Point><coordinates>102.437241000,2.946458000,0</coordinates></Point>
        </Placemark>

        <Placemark>
          <name>866</name>
          <styleUrl>#style_Healthy</styleUrl>
          <ExtendedData>
            <Data name="id"><value>866</value></Data>
            <Data name="Class"><value>Healthy</value></Data>
          </ExtendedData>
          <Point><coordinates>102.433219000,2.946975000,0</coordinates></Point>
        </Placemark>

        <Placemark>
          <name>867</name>
          <styleUrl>#style_Healthy</styleUrl>
          <ExtendedData>
            <Data name="id"><value>867</value></Data>
            <Data name="Class"><value>Healthy</value></Data>
          </ExtendedData>
          <Point><coordinates>102.437052000,2.946121000,0</coordinates></Point>
        </Placemark>

        <Placemark>
          <name>868</name>
          <styleUrl>#style_Healthy</styleUrl>
          <ExtendedData>
            <Data name="id"><value>868</value></Data>
            <Data name="Class"><value>Healthy</value></Data>
          </ExtendedData>
          <Point><coordinates>102.432830000,2.946565000,0</coordinates></Point>
        </Placemark>

        <Placemark>
          <name>869</name>
          <styleUrl>#style_Healthy</styleUrl>
          <ExtendedData>
            <Data name="id"><value>869</value></Data>
            <Data name="Class"><value>Healthy</value></Data>
          </ExtendedData>
          <Point><coordinates>102.437281000,2.946529000,0</coordinates></Point>
        </Placemark>

        <Placemark>
          <name>870</name>
          <styleUrl>#style_Healthy</styleUrl>
          <ExtendedData>
            <Data name="id"><value>870</value></Data>
            <Data name="Class"><value>Healthy</value></Data>
          </ExtendedData>
          <Point><coordinates>102.431717000,2.947640000,0</coordinates></Point>
        </Placemark>

        <Placemark>
          <name>871</name>
          <styleUrl>#style_Healthy</styleUrl>
          <ExtendedData>
            <Data name="id"><value>871</value></Data>
            <Data name="Class"><value>Healthy</value></Data>
          </ExtendedData>
          <Point><coordinates>102.436382000,2.945910000,0</coordinates></Point>
        </Placemark>

        <Placemark>
          <name>872</name>
          <styleUrl>#style_Healthy</styleUrl>
          <ExtendedData>
            <Data name="id"><value>872</value></Data>
            <Data name="Class"><value>Healthy</value></Data>
          </ExtendedData>
          <Point><coordinates>102.431722000,2.947502000,0</coordinates></Point>
        </Placemark>

        <Placemark>
          <name>874</name>
          <styleUrl>#style_Healthy</styleUrl>
          <ExtendedData>
            <Data name="id"><value>874</value></Data>
            <Data name="Class"><value>Healthy</value></Data>
          </ExtendedData>
          <Point><coordinates>102.437466538,2.946468092,0</coordinates></Point>
        </Placemark>

        <Placemark>
          <name>875</name>
          <styleUrl>#style_Healthy</styleUrl>
          <ExtendedData>
            <Data name="id"><value>875</value></Data>
            <Data name="Class"><value>Healthy</value></Data>
          </ExtendedData>
          <Point><coordinates>102.436346000,2.945566000,0</coordinates></Point>
        </Placemark>

        <Placemark>
          <name>876</name>
          <styleUrl>#style_Healthy</styleUrl>
          <ExtendedData>
            <Data name="id"><value>876</value></Data>
            <Data name="Class"><value>Healthy</value></Data>
          </ExtendedData>
          <Point><coordinates>102.431837000,2.947707000,0</coordinates></Point>
        </Placemark>

        <Placemark>
          <name>878</name>
          <styleUrl>#style_Healthy</styleUrl>
          <ExtendedData>
            <Data name="id"><value>878</value></Data>
            <Data name="Class"><value>Healthy</value></Data>
          </ExtendedData>
          <Point><coordinates>102.436116000,2.945154000,0</coordinates></Point>
        </Placemark>

        <Placemark>
          <name>879</name>
          <styleUrl>#style_Healthy</styleUrl>
          <ExtendedData>
            <Data name="id"><value>879</value></Data>
            <Data name="Class"><value>Healthy</value></Data>
          </ExtendedData>
          <Point><coordinates>102.433145000,2.946699000,0</coordinates></Point>
        </Placemark>

        <Placemark>
          <name>880</name>
          <styleUrl>#style_Healthy</styleUrl>
          <ExtendedData>
            <Data name="id"><value>880</value></Data>
            <Data name="Class"><value>Healthy</value></Data>
          </ExtendedData>
          <Point><coordinates>102.437321000,2.946195000,0</coordinates></Point>
        </Placemark>

        <Placemark>
          <name>881</name>
          <styleUrl>#style_Healthy</styleUrl>
          <ExtendedData>
            <Data name="id"><value>881</value></Data>
            <Data name="Class"><value>Healthy</value></Data>
          </ExtendedData>
          <Point><coordinates>102.436268000,2.945564000,0</coordinates></Point>
        </Placemark>

        <Placemark>
          <name>882</name>
          <styleUrl>#style_Healthy</styleUrl>
          <ExtendedData>
            <Data name="id"><value>882</value></Data>
            <Data name="Class"><value>Healthy</value></Data>
          </ExtendedData>
          <Point><coordinates>102.431562000,2.947226000,0</coordinates></Point>
        </Placemark>

        <Placemark>
          <name>883</name>
          <styleUrl>#style_Healthy</styleUrl>
          <ExtendedData>
            <Data name="id"><value>883</value></Data>
            <Data name="Class"><value>Healthy</value></Data>
          </ExtendedData>
          <Point><coordinates>102.431598000,2.947159000,0</coordinates></Point>
        </Placemark>

        <Placemark>
          <name>884</name>
          <styleUrl>#style_Healthy</styleUrl>
          <ExtendedData>
            <Data name="id"><value>884</value></Data>
            <Data name="Class"><value>Healthy</value></Data>
          </ExtendedData>
          <Point><coordinates>102.431743000,2.947704000,0</coordinates></Point>
        </Placemark>

        <Placemark>
          <name>885</name>
          <styleUrl>#style_Healthy</styleUrl>
          <ExtendedData>
            <Data name="id"><value>885</value></Data>
            <Data name="Class"><value>Healthy</value></Data>
          </ExtendedData>
          <Point><coordinates>102.432076000,2.948111000,0</coordinates></Point>
        </Placemark>

        <Placemark>
          <name>886</name>
          <styleUrl>#style_Healthy</styleUrl>
          <ExtendedData>
            <Data name="id"><value>886</value></Data>
            <Data name="Class"><value>Healthy</value></Data>
          </ExtendedData>
          <Point><coordinates>102.436237000,2.945218000,0</coordinates></Point>
        </Placemark>

        <Placemark>
          <name>887</name>
          <styleUrl>#style_Healthy</styleUrl>
          <ExtendedData>
            <Data name="id"><value>887</value></Data>
            <Data name="Class"><value>Healthy</value></Data>
          </ExtendedData>
          <Point><coordinates>102.433260000,2.946905000,0</coordinates></Point>
        </Placemark>

        <Placemark>
          <name>888</name>
          <styleUrl>#style_Healthy</styleUrl>
          <ExtendedData>
            <Data name="id"><value>888</value></Data>
            <Data name="Class"><value>Healthy</value></Data>
          </ExtendedData>
          <Point><coordinates>102.434770000,2.945280000,0</coordinates></Point>
        </Placemark>

        <Placemark>
          <name>889</name>
          <styleUrl>#style_Healthy</styleUrl>
          <ExtendedData>
            <Data name="id"><value>889</value></Data>
            <Data name="Class"><value>Healthy</value></Data>
          </ExtendedData>
          <Point><coordinates>102.436153000,2.945358000,0</coordinates></Point>
        </Placemark>

        <Placemark>
          <name>890</name>
          <styleUrl>#style_Healthy</styleUrl>
          <ExtendedData>
            <Data name="id"><value>890</value></Data>
            <Data name="Class"><value>Healthy</value></Data>
          </ExtendedData>
          <Point><coordinates>102.437133000,2.946258000,0</coordinates></Point>
        </Placemark>

        <Placemark>
          <name>891</name>
          <styleUrl>#style_Healthy</styleUrl>
          <ExtendedData>
            <Data name="id"><value>891</value></Data>
            <Data name="Class"><value>Healthy</value></Data>
          </ExtendedData>
          <Point><coordinates>102.433099000,2.946634000,0</coordinates></Point>
        </Placemark>

        <Placemark>
          <name>892</name>
          <styleUrl>#style_Healthy</styleUrl>
          <ExtendedData>
            <Data name="id"><value>892</value></Data>
            <Data name="Class"><value>Healthy</value></Data>
          </ExtendedData>
          <Point><coordinates>102.431523000,2.947161000,0</coordinates></Point>
        </Placemark>

        <Placemark>
          <name>893</name>
          <styleUrl>#style_Healthy</styleUrl>
          <ExtendedData>
            <Data name="id"><value>893</value></Data>
            <Data name="Class"><value>Healthy</value></Data>
          </ExtendedData>
          <Point><coordinates>102.431798000,2.947501000,0</coordinates></Point>
        </Placemark>

        <Placemark>
          <name>894</name>
          <styleUrl>#style_Healthy</styleUrl>
          <ExtendedData>
            <Data name="id"><value>894</value></Data>
            <Data name="Class"><value>Healthy</value></Data>
          </ExtendedData>
          <Point><coordinates>102.435873000,2.945017000,0</coordinates></Point>
        </Placemark>

        <Placemark>
          <name>895</name>
          <styleUrl>#style_Healthy</styleUrl>
          <ExtendedData>
            <Data name="id"><value>895</value></Data>
            <Data name="Class"><value>Healthy</value></Data>
          </ExtendedData>
          <Point><coordinates>102.436385000,2.945494000,0</coordinates></Point>
        </Placemark>

        <Placemark>
          <name>896</name>
          <styleUrl>#style_Healthy</styleUrl>
          <ExtendedData>
            <Data name="id"><value>896</value></Data>
            <Data name="Class"><value>Healthy</value></Data>
          </ExtendedData>
          <Point><coordinates>102.437243000,2.946334000,0</coordinates></Point>
        </Placemark>

        <Placemark>
          <name>897</name>
          <styleUrl>#style_Healthy</styleUrl>
          <ExtendedData>
            <Data name="id"><value>897</value></Data>
            <Data name="Class"><value>Healthy</value></Data>
          </ExtendedData>
          <Point><coordinates>102.436076000,2.945082000,0</coordinates></Point>
        </Placemark>

        <Placemark>
          <name>898</name>
          <styleUrl>#style_Healthy</styleUrl>
          <ExtendedData>
            <Data name="id"><value>898</value></Data>
            <Data name="Class"><value>Healthy</value></Data>
          </ExtendedData>
          <Point><coordinates>102.437396000,2.946606000,0</coordinates></Point>
        </Placemark>

        <Placemark>
          <name>899</name>
          <styleUrl>#style_Healthy</styleUrl>
          <ExtendedData>
            <Data name="id"><value>899</value></Data>
            <Data name="Class"><value>Healthy</value></Data>
          </ExtendedData>
          <Point><coordinates>102.431997000,2.947850000,0</coordinates></Point>
        </Placemark>

        <Placemark>
          <name>900</name>
          <styleUrl>#style_Healthy</styleUrl>
          <ExtendedData>
            <Data name="id"><value>900</value></Data>
            <Data name="Class"><value>Healthy</value></Data>
          </ExtendedData>
          <Point><coordinates>102.436501000,2.945976000,0</coordinates></Point>
        </Placemark>

        <Placemark>
          <name>901</name>
          <styleUrl>#style_Healthy</styleUrl>
          <ExtendedData>
            <Data name="id"><value>901</value></Data>
            <Data name="Class"><value>Healthy</value></Data>
          </ExtendedData>
          <Point><coordinates>102.437170000,2.946060000,0</coordinates></Point>
        </Placemark>

        <Placemark>
          <name>902</name>
          <styleUrl>#style_Healthy</styleUrl>
          <ExtendedData>
            <Data name="id"><value>902</value></Data>
            <Data name="Class"><value>Healthy</value></Data>
          </ExtendedData>
          <Point><coordinates>102.432637000,2.946077000,0</coordinates></Point>
        </Placemark>

        <Placemark>
          <name>903</name>
          <styleUrl>#style_Healthy</styleUrl>
          <ExtendedData>
            <Data name="id"><value>903</value></Data>
            <Data name="Class"><value>Healthy</value></Data>
          </ExtendedData>
          <Point><coordinates>102.436465000,2.945633000,0</coordinates></Point>
        </Placemark>

        <Placemark>
          <name>904</name>
          <styleUrl>#style_Healthy</styleUrl>
          <ExtendedData>
            <Data name="id"><value>904</value></Data>
            <Data name="Class"><value>Healthy</value></Data>
          </ExtendedData>
          <Point><coordinates>102.437390000,2.946328000,0</coordinates></Point>
        </Placemark>

        <Placemark>
          <name>905</name>
          <styleUrl>#style_Healthy</styleUrl>
          <ExtendedData>
            <Data name="id"><value>905</value></Data>
            <Data name="Class"><value>Healthy</value></Data>
          </ExtendedData>
          <Point><coordinates>102.432908000,2.946423000,0</coordinates></Point>
        </Placemark>

        <Placemark>
          <name>906</name>
          <styleUrl>#style_Healthy</styleUrl>
          <ExtendedData>
            <Data name="id"><value>906</value></Data>
            <Data name="Class"><value>Healthy</value></Data>
          </ExtendedData>
          <Point><coordinates>102.437628000,2.946747000,0</coordinates></Point>
        </Placemark>

        <Placemark>
          <name>907</name>
          <styleUrl>#style_Healthy</styleUrl>
          <ExtendedData>
            <Data name="id"><value>907</value></Data>
            <Data name="Class"><value>Healthy</value></Data>
          </ExtendedData>
          <Point><coordinates>102.433182000,2.946770000,0</coordinates></Point>
        </Placemark>

        <Placemark>
          <name>908</name>
          <styleUrl>#style_Healthy</styleUrl>
          <ExtendedData>
            <Data name="id"><value>908</value></Data>
            <Data name="Class"><value>Healthy</value></Data>
          </ExtendedData>
          <Point><coordinates>102.437819000,2.947094000,0</coordinates></Point>
        </Placemark>

        <Placemark>
          <name>909</name>
          <styleUrl>#style_Healthy</styleUrl>
          <ExtendedData>
            <Data name="id"><value>909</value></Data>
            <Data name="Class"><value>Healthy</value></Data>
          </ExtendedData>
          <Point><coordinates>102.437279000,2.946397000,0</coordinates></Point>
        </Placemark>

        <Placemark>
          <name>910</name>
          <styleUrl>#style_Healthy</styleUrl>
          <ExtendedData>
            <Data name="id"><value>910</value></Data>
            <Data name="Class"><value>Healthy</value></Data>
          </ExtendedData>
          <Point><coordinates>102.433060000,2.946840000,0</coordinates></Point>
        </Placemark>

        <Placemark>
          <name>911</name>
          <styleUrl>#style_Healthy</styleUrl>
          <ExtendedData>
            <Data name="id"><value>911</value></Data>
            <Data name="Class"><value>Healthy</value></Data>
          </ExtendedData>
          <Point><coordinates>102.436269000,2.945429000,0</coordinates></Point>
        </Placemark>

        <Placemark>
          <name>912</name>
          <styleUrl>#style_Healthy</styleUrl>
          <ExtendedData>
            <Data name="id"><value>912</value></Data>
            <Data name="Class"><value>Healthy</value></Data>
          </ExtendedData>
          <Point><coordinates>102.433098000,2.946767000,0</coordinates></Point>
        </Placemark>

        <Placemark>
          <name>913</name>
          <styleUrl>#style_Healthy</styleUrl>
          <ExtendedData>
            <Data name="id"><value>913</value></Data>
            <Data name="Class"><value>Healthy</value></Data>
          </ExtendedData>
          <Point><coordinates>102.432869000,2.946213000,0</coordinates></Point>
        </Placemark>

        <Placemark>
          <name>914</name>
          <styleUrl>#style_Healthy</styleUrl>
          <ExtendedData>
            <Data name="id"><value>914</value></Data>
            <Data name="Class"><value>Healthy</value></Data>
          </ExtendedData>
          <Point><coordinates>102.435954000,2.945154000,0</coordinates></Point>
        </Placemark>

        <Placemark>
          <name>915</name>
          <styleUrl>#style_Healthy</styleUrl>
          <ExtendedData>
            <Data name="id"><value>915</value></Data>
            <Data name="Class"><value>Healthy</value></Data>
          </ExtendedData>
          <Point><coordinates>102.431761000,2.947571000,0</coordinates></Point>
        </Placemark>

        <Placemark>
          <name>916</name>
          <styleUrl>#style_Healthy</styleUrl>
          <ExtendedData>
            <Data name="id"><value>916</value></Data>
            <Data name="Class"><value>Healthy</value></Data>
          </ExtendedData>
          <Point><coordinates>102.432869000,2.946629000,0</coordinates></Point>
        </Placemark>

        <Placemark>
          <name>917</name>
          <styleUrl>#style_Healthy</styleUrl>
          <ExtendedData>
            <Data name="id"><value>917</value></Data>
            <Data name="Class"><value>Healthy</value></Data>
          </ExtendedData>
          <Point><coordinates>102.435993000,2.945082000,0</coordinates></Point>
        </Placemark>

        <Placemark>
          <name>918</name>
          <styleUrl>#style_Healthy</styleUrl>
          <ExtendedData>
            <Data name="id"><value>918</value></Data>
            <Data name="Class"><value>Healthy</value></Data>
          </ExtendedData>
          <Point><coordinates>102.432715000,2.946216000,0</coordinates></Point>
        </Placemark>

        <Placemark>
          <name>919</name>
          <styleUrl>#style_Healthy</styleUrl>
          <ExtendedData>
            <Data name="id"><value>919</value></Data>
            <Data name="Class"><value>Healthy</value></Data>
          </ExtendedData>
          <Point><coordinates>102.431639000,2.947229000,0</coordinates></Point>
        </Placemark>

        <Placemark>
          <name>920</name>
          <styleUrl>#style_Healthy</styleUrl>
          <ExtendedData>
            <Data name="id"><value>920</value></Data>
            <Data name="Class"><value>Healthy</value></Data>
          </ExtendedData>
          <Point><coordinates>102.435995000,2.945217000,0</coordinates></Point>
        </Placemark>

        <Placemark>
          <name>921</name>
          <styleUrl>#style_Healthy</styleUrl>
          <ExtendedData>
            <Data name="id"><value>921</value></Data>
            <Data name="Class"><value>Healthy</value></Data>
          </ExtendedData>
          <Point><coordinates>102.437283000,2.946127000,0</coordinates></Point>
        </Placemark>

        <Placemark>
          <name>923</name>
          <styleUrl>#style_Healthy</styleUrl>
          <ExtendedData>
            <Data name="id"><value>923</value></Data>
            <Data name="Class"><value>Healthy</value></Data>
          </ExtendedData>
          <Point><coordinates>102.437210000,2.946259000,0</coordinates></Point>
        </Placemark>

        <Placemark>
          <name>924</name>
          <styleUrl>#style_Healthy</styleUrl>
          <ExtendedData>
            <Data name="id"><value>924</value></Data>
            <Data name="Class"><value>Healthy</value></Data>
          </ExtendedData>
          <Point><coordinates>102.436302000,2.945490000,0</coordinates></Point>
        </Placemark>

        <Placemark>
          <name>925</name>
          <styleUrl>#style_Healthy</styleUrl>
          <ExtendedData>
            <Data name="id"><value>925</value></Data>
            <Data name="Class"><value>Healthy</value></Data>
          </ExtendedData>
          <Point><coordinates>102.437548000,2.946610000,0</coordinates></Point>
        </Placemark>

        <Placemark>
          <name>926</name>
          <styleUrl>#style_Healthy</styleUrl>
          <ExtendedData>
            <Data name="id"><value>926</value></Data>
            <Data name="Class"><value>Healthy</value></Data>
          </ExtendedData>
          <Point><coordinates>102.437547000,2.946875000,0</coordinates></Point>
        </Placemark>

        <Placemark>
          <name>927</name>
          <styleUrl>#style_Healthy</styleUrl>
          <ExtendedData>
            <Data name="id"><value>927</value></Data>
            <Data name="Class"><value>Healthy</value></Data>
          </ExtendedData>
          <Point><coordinates>102.437617000,2.947021000,0</coordinates></Point>
        </Placemark>

        <Placemark>
          <name>928</name>
          <styleUrl>#style_Healthy</styleUrl>
          <ExtendedData>
            <Data name="id"><value>928</value></Data>
            <Data name="Class"><value>Healthy</value></Data>
          </ExtendedData>
          <Point><coordinates>102.436040000,2.945015000,0</coordinates></Point>
        </Placemark>

        <Placemark>
          <name>929</name>
          <styleUrl>#style_Healthy</styleUrl>
          <ExtendedData>
            <Data name="id"><value>929</value></Data>
            <Data name="Class"><value>Healthy</value></Data>
          </ExtendedData>
          <Point><coordinates>102.437397000,2.946457000,0</coordinates></Point>
        </Placemark>

        <Placemark>
          <name>930</name>
          <styleUrl>#style_Healthy</styleUrl>
          <ExtendedData>
            <Data name="id"><value>930</value></Data>
            <Data name="Class"><value>Healthy</value></Data>
          </ExtendedData>
          <Point><coordinates>102.436346000,2.945840000,0</coordinates></Point>
        </Placemark>

        <Placemark>
          <name>931</name>
          <styleUrl>#style_Healthy</styleUrl>
          <ExtendedData>
            <Data name="id"><value>931</value></Data>
            <Data name="Class"><value>Healthy</value></Data>
          </ExtendedData>
          <Point><coordinates>102.437549000,2.946737000,0</coordinates></Point>
        </Placemark>

        <Placemark>
          <name>932</name>
          <styleUrl>#style_Healthy</styleUrl>
          <ExtendedData>
            <Data name="id"><value>932</value></Data>
            <Data name="Class"><value>Healthy</value></Data>
          </ExtendedData>
          <Point><coordinates>102.436151000,2.945226000,0</coordinates></Point>
        </Placemark>

        <Placemark>
          <name>933</name>
          <styleUrl>#style_Healthy</styleUrl>
          <ExtendedData>
            <Data name="id"><value>933</value></Data>
            <Data name="Class"><value>Healthy</value></Data>
          </ExtendedData>
          <Point><coordinates>102.437742000,2.946955000,0</coordinates></Point>
        </Placemark>

        <Placemark>
          <name>935</name>
          <styleUrl>#style_Healthy</styleUrl>
          <ExtendedData>
            <Data name="id"><value>935</value></Data>
            <Data name="Class"><value>Healthy</value></Data>
          </ExtendedData>
          <Point><coordinates>102.432753000,2.946289000,0</coordinates></Point>
        </Placemark>

        <Placemark>
          <name>936</name>
          <styleUrl>#style_Healthy</styleUrl>
          <ExtendedData>
            <Data name="id"><value>936</value></Data>
            <Data name="Class"><value>Healthy</value></Data>
          </ExtendedData>
          <Point><coordinates>102.432154000,2.948112000,0</coordinates></Point>
        </Placemark>

        <Placemark>
          <name>937</name>
          <styleUrl>#style_Healthy</styleUrl>
          <ExtendedData>
            <Data name="id"><value>937</value></Data>
            <Data name="Class"><value>Healthy</value></Data>
          </ExtendedData>
          <Point><coordinates>102.437667000,2.946955000,0</coordinates></Point>
        </Placemark>

        <Placemark>
          <name>938</name>
          <styleUrl>#style_Healthy</styleUrl>
          <ExtendedData>
            <Data name="id"><value>938</value></Data>
            <Data name="Class"><value>Healthy</value></Data>
          </ExtendedData>
          <Point><coordinates>102.437471000,2.946745000,0</coordinates></Point>
        </Placemark>

        <Placemark>
          <name>939</name>
          <styleUrl>#style_Healthy</styleUrl>
          <ExtendedData>
            <Data name="id"><value>939</value></Data>
            <Data name="Class"><value>Healthy</value></Data>
          </ExtendedData>
          <Point><coordinates>102.435959000,2.945015000,0</coordinates></Point>
        </Placemark>

        <Placemark>
          <name>940</name>
          <styleUrl>#style_Healthy</styleUrl>
          <ExtendedData>
            <Data name="id"><value>940</value></Data>
            <Data name="Class"><value>Healthy</value></Data>
          </ExtendedData>
          <Point><coordinates>102.433217000,2.946836000,0</coordinates></Point>
        </Placemark>

        <Placemark>
          <name>941</name>
          <styleUrl>#style_Healthy</styleUrl>
          <ExtendedData>
            <Data name="id"><value>941</value></Data>
            <Data name="Class"><value>Healthy</value></Data>
          </ExtendedData>
          <Point><coordinates>102.432795000,2.946098000,0</coordinates></Point>
        </Placemark>

        <Placemark>
          <name>942</name>
          <styleUrl>#style_Healthy</styleUrl>
          <ExtendedData>
            <Data name="id"><value>942</value></Data>
            <Data name="Class"><value>Healthy</value></Data>
          </ExtendedData>
          <Point><coordinates>102.437433000,2.946678000,0</coordinates></Point>
        </Placemark>

        <Placemark>
          <name>943</name>
          <styleUrl>#style_Healthy</styleUrl>
          <ExtendedData>
            <Data name="id"><value>943</value></Data>
            <Data name="Class"><value>Healthy</value></Data>
          </ExtendedData>
          <Point><coordinates>102.432950000,2.946354000,0</coordinates></Point>
        </Placemark>

        <Placemark>
          <name>944</name>
          <styleUrl>#style_Healthy</styleUrl>
          <ExtendedData>
            <Data name="id"><value>944</value></Data>
            <Data name="Class"><value>Healthy</value></Data>
          </ExtendedData>
          <Point><coordinates>102.437247000,2.946196000,0</coordinates></Point>
        </Placemark>

        <Placemark>
          <name>945</name>
          <styleUrl>#style_Healthy</styleUrl>
          <ExtendedData>
            <Data name="id"><value>945</value></Data>
            <Data name="Class"><value>Healthy</value></Data>
          </ExtendedData>
          <Point><coordinates>102.432869000,2.946355000,0</coordinates></Point>
        </Placemark>

        <Placemark>
          <name>946</name>
          <styleUrl>#style_Healthy</styleUrl>
          <ExtendedData>
            <Data name="id"><value>946</value></Data>
            <Data name="Class"><value>Healthy</value></Data>
          </ExtendedData>
          <Point><coordinates>102.433142000,2.946972000,0</coordinates></Point>
        </Placemark>

        <Placemark>
          <name>948</name>
          <styleUrl>#style_Healthy</styleUrl>
          <ExtendedData>
            <Data name="id"><value>948</value></Data>
            <Data name="Class"><value>Healthy</value></Data>
          </ExtendedData>
          <Point><coordinates>102.436068000,2.945221000,0</coordinates></Point>
        </Placemark>

        <Placemark>
          <name>949</name>
          <styleUrl>#style_Healthy</styleUrl>
          <ExtendedData>
            <Data name="id"><value>949</value></Data>
            <Data name="Class"><value>Healthy</value></Data>
          </ExtendedData>
          <Point><coordinates>102.437587000,2.946679000,0</coordinates></Point>
        </Placemark>

        <Placemark>
          <name>950</name>
          <styleUrl>#style_Healthy</styleUrl>
          <ExtendedData>
            <Data name="id"><value>950</value></Data>
            <Data name="Class"><value>Healthy</value></Data>
          </ExtendedData>
          <Point><coordinates>102.436229000,2.945360000,0</coordinates></Point>
        </Placemark>

        <Placemark>
          <name>951</name>
          <styleUrl>#style_Healthy</styleUrl>
          <ExtendedData>
            <Data name="id"><value>951</value></Data>
            <Data name="Class"><value>Healthy</value></Data>
          </ExtendedData>
          <Point><coordinates>102.437624000,2.946884000,0</coordinates></Point>
        </Placemark>

        <Placemark>
          <name>952</name>
          <styleUrl>#style_Healthy</styleUrl>
          <ExtendedData>
            <Data name="id"><value>952</value></Data>
            <Data name="Class"><value>Healthy</value></Data>
          </ExtendedData>
          <Point><coordinates>102.436310000,2.945633000,0</coordinates></Point>
        </Placemark>

        <Placemark>
          <name>953</name>
          <styleUrl>#style_Healthy</styleUrl>
          <ExtendedData>
            <Data name="id"><value>953</value></Data>
            <Data name="Class"><value>Healthy</value></Data>
          </ExtendedData>
          <Point><coordinates>102.437357000,2.946267000,0</coordinates></Point>
        </Placemark>

        <Placemark>
          <name>954</name>
          <styleUrl>#style_Healthy</styleUrl>
          <ExtendedData>
            <Data name="id"><value>954</value></Data>
            <Data name="Class"><value>Healthy</value></Data>
          </ExtendedData>
          <Point><coordinates>102.431884000,2.947776000,0</coordinates></Point>
        </Placemark>

        <Placemark>
          <name>955</name>
          <styleUrl>#style_Healthy</styleUrl>
          <ExtendedData>
            <Data name="id"><value>955</value></Data>
            <Data name="Class"><value>Healthy</value></Data>
          </ExtendedData>
          <Point><coordinates>102.437360000,2.946530000,0</coordinates></Point>
        </Placemark>

        <Placemark>
          <name>956</name>
          <styleUrl>#style_Healthy</styleUrl>
          <ExtendedData>
            <Data name="id"><value>956</value></Data>
            <Data name="Class"><value>Healthy</value></Data>
          </ExtendedData>
          <Point><coordinates>102.437097000,2.946192000,0</coordinates></Point>
        </Placemark>

        <Placemark>
          <name>957</name>
          <styleUrl>#style_Healthy</styleUrl>
          <ExtendedData>
            <Data name="id"><value>957</value></Data>
            <Data name="Class"><value>Healthy</value></Data>
          </ExtendedData>
          <Point><coordinates>102.437707000,2.947022000,0</coordinates></Point>
        </Placemark>

        <Placemark>
          <name>958</name>
          <styleUrl>#style_Healthy</styleUrl>
          <ExtendedData>
            <Data name="id"><value>958</value></Data>
            <Data name="Class"><value>Healthy</value></Data>
          </ExtendedData>
          <Point><coordinates>102.432791000,2.946358000,0</coordinates></Point>
        </Placemark>

        <Placemark>
          <name>959</name>
          <styleUrl>#style_Healthy</styleUrl>
          <ExtendedData>
            <Data name="id"><value>959</value></Data>
            <Data name="Class"><value>Healthy</value></Data>
          </ExtendedData>
          <Point><coordinates>102.432946000,2.946498000,0</coordinates></Point>
        </Placemark>

        <Placemark>
          <name>960</name>
          <styleUrl>#style_Healthy</styleUrl>
          <ExtendedData>
            <Data name="id"><value>960</value></Data>
            <Data name="Class"><value>Healthy</value></Data>
          </ExtendedData>
          <Point><coordinates>102.437315000,2.946464000,0</coordinates></Point>
        </Placemark>

        <Placemark>
          <name>961</name>
          <styleUrl>#style_Healthy</styleUrl>
          <ExtendedData>
            <Data name="id"><value>961</value></Data>
            <Data name="Class"><value>Healthy</value></Data>
          </ExtendedData>
          <Point><coordinates>102.436311000,2.945361000,0</coordinates></Point>
        </Placemark>

        <Placemark>
          <name>962</name>
          <styleUrl>#style_Healthy</styleUrl>
          <ExtendedData>
            <Data name="id"><value>962</value></Data>
            <Data name="Class"><value>Healthy</value></Data>
          </ExtendedData>
          <Point><coordinates>102.436034000,2.945151000,0</coordinates></Point>
        </Placemark>

        <Placemark>
          <name>963</name>
          <styleUrl>#style_Healthy</styleUrl>
          <ExtendedData>
            <Data name="id"><value>963</value></Data>
            <Data name="Class"><value>Healthy</value></Data>
          </ExtendedData>
          <Point><coordinates>102.432871000,2.946495000,0</coordinates></Point>
        </Placemark>

        <Placemark>
          <name>964</name>
          <styleUrl>#style_Healthy</styleUrl>
          <ExtendedData>
            <Data name="id"><value>964</value></Data>
            <Data name="Class"><value>Healthy</value></Data>
          </ExtendedData>
          <Point><coordinates>102.432911000,2.946696000,0</coordinates></Point>
        </Placemark>

        <Placemark>
          <name>965</name>
          <styleUrl>#style_Healthy</styleUrl>
          <ExtendedData>
            <Data name="id"><value>965</value></Data>
            <Data name="Class"><value>Healthy</value></Data>
          </ExtendedData>
          <Point><coordinates>102.435912000,2.945083000,0</coordinates></Point>
        </Placemark>

        <Placemark>
          <name>966</name>
          <styleUrl>#style_Healthy</styleUrl>
          <ExtendedData>
            <Data name="id"><value>966</value></Data>
            <Data name="Class"><value>Healthy</value></Data>
          </ExtendedData>
          <Point><coordinates>102.436115000,2.945014000,0</coordinates></Point>
        </Placemark>

        <Placemark>
          <name>967</name>
          <styleUrl>#style_Healthy</styleUrl>
          <ExtendedData>
            <Data name="id"><value>967</value></Data>
            <Data name="Class"><value>Healthy</value></Data>
          </ExtendedData>
          <Point><coordinates>102.432681000,2.946139000,0</coordinates></Point>
        </Placemark>

        <Placemark>
          <name>968</name>
          <styleUrl>#style_Healthy</styleUrl>
          <ExtendedData>
            <Data name="id"><value>968</value></Data>
            <Data name="Class"><value>Healthy</value></Data>
          </ExtendedData>
          <Point><coordinates>102.432826000,2.946288000,0</coordinates></Point>
        </Placemark>

        <Placemark>
          <name>969</name>
          <styleUrl>#style_Healthy</styleUrl>
          <ExtendedData>
            <Data name="id"><value>969</value></Data>
            <Data name="Class"><value>Healthy</value></Data>
          </ExtendedData>
          <Point><coordinates>102.432901000,2.946292000,0</coordinates></Point>
        </Placemark>

        <Placemark>
          <name>971</name>
          <styleUrl>#style_Healthy</styleUrl>
          <ExtendedData>
            <Data name="id"><value>971</value></Data>
            <Data name="Class"><value>Healthy</value></Data>
          </ExtendedData>
          <Point><coordinates>102.437170000,2.946190000,0</coordinates></Point>
        </Placemark>

        <Placemark>
          <name>972</name>
          <styleUrl>#style_Healthy</styleUrl>
          <ExtendedData>
            <Data name="id"><value>972</value></Data>
            <Data name="Class"><value>Healthy</value></Data>
          </ExtendedData>
          <Point><coordinates>102.437128000,2.946121000,0</coordinates></Point>
        </Placemark>

        <Placemark>
          <name>973</name>
          <styleUrl>#style_Healthy</styleUrl>
          <ExtendedData>
            <Data name="id"><value>973</value></Data>
            <Data name="Class"><value>Healthy</value></Data>
          </ExtendedData>
          <Point><coordinates>102.437207000,2.946123000,0</coordinates></Point>
        </Placemark>

        <Placemark>
          <name>974</name>
          <styleUrl>#style_Healthy</styleUrl>
          <ExtendedData>
            <Data name="id"><value>974</value></Data>
            <Data name="Class"><value>Healthy</value></Data>
          </ExtendedData>
          <Point><coordinates>102.437283000,2.946265000,0</coordinates></Point>
        </Placemark>

        <Placemark>
          <name>975</name>
          <styleUrl>#style_Healthy</styleUrl>
          <ExtendedData>
            <Data name="id"><value>975</value></Data>
            <Data name="Class"><value>Healthy</value></Data>
          </ExtendedData>
          <Point><coordinates>102.437414000,2.946390000,0</coordinates></Point>
        </Placemark>

        <Placemark>
          <name>976</name>
          <styleUrl>#style_Healthy</styleUrl>
          <ExtendedData>
            <Data name="id"><value>976</value></Data>
            <Data name="Class"><value>Healthy</value></Data>
          </ExtendedData>
          <Point><coordinates>102.437659000,2.946819000,0</coordinates></Point>
        </Placemark>

        <Placemark>
          <name>977</name>
          <styleUrl>#style_Healthy</styleUrl>
          <ExtendedData>
            <Data name="id"><value>977</value></Data>
            <Data name="Class"><value>Healthy</value></Data>
          </ExtendedData>
          <Point><coordinates>102.437704000,2.946883000,0</coordinates></Point>
        </Placemark>

        <Placemark>
          <name>978</name>
          <styleUrl>#style_Healthy</styleUrl>
          <ExtendedData>
            <Data name="id"><value>978</value></Data>
            <Data name="Class"><value>Healthy</value></Data>
          </ExtendedData>
          <Point><coordinates>102.436227000,2.946041000,0</coordinates></Point>
        </Placemark>

        <Placemark>
          <name>979</name>
          <styleUrl>#style_Healthy</styleUrl>
          <ExtendedData>
            <Data name="id"><value>979</value></Data>
            <Data name="Class"><value>Healthy</value></Data>
          </ExtendedData>
          <Point><coordinates>102.434484000,2.947118000,0</coordinates></Point>
        </Placemark>

        <Placemark>
          <name>980</name>
          <styleUrl>#style_Healthy</styleUrl>
          <ExtendedData>
            <Data name="id"><value>980</value></Data>
            <Data name="Class"><value>Healthy</value></Data>
          </ExtendedData>
          <Point><coordinates>102.431798000,2.948594000,0</coordinates></Point>
        </Placemark>

        <Placemark>
          <name>981</name>
          <styleUrl>#style_Healthy</styleUrl>
          <ExtendedData>
            <Data name="id"><value>981</value></Data>
            <Data name="Class"><value>Healthy</value></Data>
          </ExtendedData>
          <Point><coordinates>102.439459000,2.947808000,0</coordinates></Point>
        </Placemark>

        <Placemark>
          <name>982</name>
          <styleUrl>#style_Healthy</styleUrl>
          <ExtendedData>
            <Data name="id"><value>982</value></Data>
            <Data name="Class"><value>Healthy</value></Data>
          </ExtendedData>
          <Point><coordinates>102.438015000,2.947023000,0</coordinates></Point>
        </Placemark>

        <Placemark>
          <name>983</name>
          <styleUrl>#style_Healthy</styleUrl>
          <ExtendedData>
            <Data name="id"><value>983</value></Data>
            <Data name="Class"><value>Healthy</value></Data>
          </ExtendedData>
          <Point><coordinates>102.431640000,2.948596000,0</coordinates></Point>
        </Placemark>

        <Placemark>
          <name>984</name>
          <styleUrl>#style_Healthy</styleUrl>
          <ExtendedData>
            <Data name="id"><value>984</value></Data>
            <Data name="Class"><value>Healthy</value></Data>
          </ExtendedData>
          <Point><coordinates>102.439305000,2.947538000,0</coordinates></Point>
        </Placemark>

        <Placemark>
          <name>985</name>
          <styleUrl>#style_Healthy</styleUrl>
          <ExtendedData>
            <Data name="id"><value>985</value></Data>
            <Data name="Class"><value>Healthy</value></Data>
          </ExtendedData>
          <Point><coordinates>102.431836000,2.948799000,0</coordinates></Point>
        </Placemark>

        <Placemark>
          <name>986</name>
          <styleUrl>#style_Healthy</styleUrl>
          <ExtendedData>
            <Data name="id"><value>986</value></Data>
            <Data name="Class"><value>Healthy</value></Data>
          </ExtendedData>
          <Point><coordinates>102.437632000,2.946060000,0</coordinates></Point>
        </Placemark>

        <Placemark>
          <name>987</name>
          <styleUrl>#style_Healthy</styleUrl>
          <ExtendedData>
            <Data name="id"><value>987</value></Data>
            <Data name="Class"><value>Healthy</value></Data>
          </ExtendedData>
          <Point><coordinates>102.431718000,2.948593000,0</coordinates></Point>
        </Placemark>

        <Placemark>
          <name>988</name>
          <styleUrl>#style_Healthy</styleUrl>
          <ExtendedData>
            <Data name="id"><value>988</value></Data>
            <Data name="Class"><value>Healthy</value></Data>
          </ExtendedData>
          <Point><coordinates>102.438134000,2.947097000,0</coordinates></Point>
        </Placemark>

        <Placemark>
          <name>989</name>
          <styleUrl>#style_Healthy</styleUrl>
          <ExtendedData>
            <Data name="id"><value>989</value></Data>
            <Data name="Class"><value>Healthy</value></Data>
          </ExtendedData>
          <Point><coordinates>102.437863000,2.946481000,0</coordinates></Point>
        </Placemark>

        <Placemark>
          <name>990</name>
          <styleUrl>#style_Healthy</styleUrl>
          <ExtendedData>
            <Data name="id"><value>990</value></Data>
            <Data name="Class"><value>Healthy</value></Data>
          </ExtendedData>
          <Point><coordinates>102.431479000,2.948317000,0</coordinates></Point>
        </Placemark>

        <Placemark>
          <name>991</name>
          <styleUrl>#style_Healthy</styleUrl>
          <ExtendedData>
            <Data name="id"><value>991</value></Data>
            <Data name="Class"><value>Healthy</value></Data>
          </ExtendedData>
          <Point><coordinates>102.431836000,2.948665000,0</coordinates></Point>
        </Placemark>

        <Placemark>
          <name>992</name>
          <styleUrl>#style_Healthy</styleUrl>
          <ExtendedData>
            <Data name="id"><value>992</value></Data>
            <Data name="Class"><value>Healthy</value></Data>
          </ExtendedData>
          <Point><coordinates>102.438092000,2.947029000,0</coordinates></Point>
        </Placemark>

        <Placemark>
          <name>993</name>
          <styleUrl>#style_Healthy</styleUrl>
          <ExtendedData>
            <Data name="id"><value>993</value></Data>
            <Data name="Class"><value>Healthy</value></Data>
          </ExtendedData>
          <Point><coordinates>102.434671000,2.947594000,0</coordinates></Point>
        </Placemark>

        <Placemark>
          <name>994</name>
          <styleUrl>#style_Healthy</styleUrl>
          <ExtendedData>
            <Data name="id"><value>994</value></Data>
            <Data name="Class"><value>Healthy</value></Data>
          </ExtendedData>
          <Point><coordinates>102.431879000,2.948595000,0</coordinates></Point>
        </Placemark>

        <Placemark>
          <name>995</name>
          <styleUrl>#style_Healthy</styleUrl>
          <ExtendedData>
            <Data name="id"><value>995</value></Data>
            <Data name="Class"><value>Healthy</value></Data>
          </ExtendedData>
          <Point><coordinates>102.438174000,2.946892000,0</coordinates></Point>
        </Placemark>

        <Placemark>
          <name>996</name>
          <styleUrl>#style_Healthy</styleUrl>
          <ExtendedData>
            <Data name="id"><value>996</value></Data>
            <Data name="Class"><value>Healthy</value></Data>
          </ExtendedData>
          <Point><coordinates>102.434560000,2.947250000,0</coordinates></Point>
        </Placemark>

        <Placemark>
          <name>997</name>
          <styleUrl>#style_Healthy</styleUrl>
          <ExtendedData>
            <Data name="id"><value>997</value></Data>
            <Data name="Class"><value>Healthy</value></Data>
          </ExtendedData>
          <Point><coordinates>102.434829000,2.947597000,0</coordinates></Point>
        </Placemark>

        <Placemark>
          <name>998</name>
          <styleUrl>#style_Healthy</styleUrl>
          <ExtendedData>
            <Data name="id"><value>998</value></Data>
            <Data name="Class"><value>Healthy</value></Data>
          </ExtendedData>
          <Point><coordinates>102.434558000,2.947117000,0</coordinates></Point>
        </Placemark>

        <Placemark>
          <name>999</name>
          <styleUrl>#style_Healthy</styleUrl>
          <ExtendedData>
            <Data name="id"><value>999</value></Data>
            <Data name="Class"><value>Healthy</value></Data>
          </ExtendedData>
          <Point><coordinates>102.434637000,2.947118000,0</coordinates></Point>
        </Placemark>

        <Placemark>
          <name>1000</name>
          <styleUrl>#style_Healthy</styleUrl>
          <ExtendedData>
            <Data name="id"><value>1000</value></Data>
            <Data name="Class"><value>Healthy</value></Data>
          </ExtendedData>
          <Point><coordinates>102.437979000,2.946960000,0</coordinates></Point>
        </Placemark>

        <Placemark>
          <name>1001</name>
          <styleUrl>#style_Healthy</styleUrl>
          <ExtendedData>
            <Data name="id"><value>1001</value></Data>
            <Data name="Class"><value>Healthy</value></Data>
          </ExtendedData>
          <Point><coordinates>102.437514436,2.946128741,0</coordinates></Point>
        </Placemark>

        <Placemark>
          <name>1002</name>
          <styleUrl>#style_Healthy</styleUrl>
          <ExtendedData>
            <Data name="id"><value>1002</value></Data>
            <Data name="Class"><value>Healthy</value></Data>
          </ExtendedData>
          <Point><coordinates>102.434681000,2.947462000,0</coordinates></Point>
        </Placemark>

        <Placemark>
          <name>1003</name>
          <styleUrl>#style_Healthy</styleUrl>
          <ExtendedData>
            <Data name="id"><value>1003</value></Data>
            <Data name="Class"><value>Healthy</value></Data>
          </ExtendedData>
          <Point><coordinates>102.436491000,2.946801000,0</coordinates></Point>
        </Placemark>

        <Placemark>
          <name>1004</name>
          <styleUrl>#style_Healthy</styleUrl>
          <ExtendedData>
            <Data name="id"><value>1004</value></Data>
            <Data name="Class"><value>Healthy</value></Data>
          </ExtendedData>
          <Point><coordinates>102.431556000,2.948457000,0</coordinates></Point>
        </Placemark>

        <Placemark>
          <name>1005</name>
          <styleUrl>#style_Healthy</styleUrl>
          <ExtendedData>
            <Data name="id"><value>1005</value></Data>
            <Data name="Class"><value>Healthy</value></Data>
          </ExtendedData>
          <Point><coordinates>102.436182000,2.946250000,0</coordinates></Point>
        </Placemark>

        <Placemark>
          <name>1006</name>
          <styleUrl>#style_Healthy</styleUrl>
          <ExtendedData>
            <Data name="id"><value>1006</value></Data>
            <Data name="Class"><value>Healthy</value></Data>
          </ExtendedData>
          <Point><coordinates>102.431397000,2.948179000,0</coordinates></Point>
        </Placemark>

        <Placemark>
          <name>1007</name>
          <styleUrl>#style_Healthy</styleUrl>
          <ExtendedData>
            <Data name="id"><value>1007</value></Data>
            <Data name="Class"><value>Healthy</value></Data>
          </ExtendedData>
          <Point><coordinates>102.432034000,2.948866000,0</coordinates></Point>
        </Placemark>

        <Placemark>
          <name>1008</name>
          <styleUrl>#style_Healthy</styleUrl>
          <ExtendedData>
            <Data name="id"><value>1008</value></Data>
            <Data name="Class"><value>Healthy</value></Data>
          </ExtendedData>
          <Point><coordinates>102.436186000,2.946113000,0</coordinates></Point>
        </Placemark>

        <Placemark>
          <name>1009</name>
          <styleUrl>#style_Healthy</styleUrl>
          <ExtendedData>
            <Data name="id"><value>1009</value></Data>
            <Data name="Class"><value>Healthy</value></Data>
          </ExtendedData>
          <Point><coordinates>102.431794000,2.948867000,0</coordinates></Point>
        </Placemark>

        <Placemark>
          <name>1011</name>
          <styleUrl>#style_Healthy</styleUrl>
          <ExtendedData>
            <Data name="id"><value>1011</value></Data>
            <Data name="Class"><value>Healthy</value></Data>
          </ExtendedData>
          <Point><coordinates>102.438056000,2.946962000,0</coordinates></Point>
        </Placemark>

        <Placemark>
          <name>1012</name>
          <styleUrl>#style_Healthy</styleUrl>
          <ExtendedData>
            <Data name="id"><value>1012</value></Data>
            <Data name="Class"><value>Healthy</value></Data>
          </ExtendedData>
          <Point><coordinates>102.431992000,2.948796000,0</coordinates></Point>
        </Placemark>

        <Placemark>
          <name>1013</name>
          <styleUrl>#style_Healthy</styleUrl>
          <ExtendedData>
            <Data name="id"><value>1013</value></Data>
            <Data name="Class"><value>Healthy</value></Data>
          </ExtendedData>
          <Point><coordinates>102.431676000,2.948528000,0</coordinates></Point>
        </Placemark>

        <Placemark>
          <name>1014</name>
          <styleUrl>#style_Healthy</styleUrl>
          <ExtendedData>
            <Data name="id"><value>1014</value></Data>
            <Data name="Class"><value>Healthy</value></Data>
          </ExtendedData>
          <Point><coordinates>102.439381000,2.947672000,0</coordinates></Point>
        </Placemark>

        <Placemark>
          <name>1015</name>
          <styleUrl>#style_Healthy</styleUrl>
          <ExtendedData>
            <Data name="id"><value>1015</value></Data>
            <Data name="Class"><value>Healthy</value></Data>
          </ExtendedData>
          <Point><coordinates>102.439696000,2.947808000,0</coordinates></Point>
        </Placemark>

        <Placemark>
          <name>1016</name>
          <styleUrl>#style_Healthy</styleUrl>
          <ExtendedData>
            <Data name="id"><value>1016</value></Data>
            <Data name="Class"><value>Healthy</value></Data>
          </ExtendedData>
          <Point><coordinates>102.431951000,2.948864000,0</coordinates></Point>
        </Placemark>

        <Placemark>
          <name>1017</name>
          <styleUrl>#style_Healthy</styleUrl>
          <ExtendedData>
            <Data name="id"><value>1017</value></Data>
            <Data name="Class"><value>Healthy</value></Data>
          </ExtendedData>
          <Point><coordinates>102.436375000,2.946596000,0</coordinates></Point>
        </Placemark>

        <Placemark>
          <name>1018</name>
          <styleUrl>#style_Healthy</styleUrl>
          <ExtendedData>
            <Data name="id"><value>1018</value></Data>
            <Data name="Class"><value>Healthy</value></Data>
          </ExtendedData>
          <Point><coordinates>102.434596000,2.947462000,0</coordinates></Point>
        </Placemark>

        <Placemark>
          <name>1019</name>
          <styleUrl>#style_Healthy</styleUrl>
          <ExtendedData>
            <Data name="id"><value>1019</value></Data>
            <Data name="Class"><value>Healthy</value></Data>
          </ExtendedData>
          <Point><coordinates>102.438098000,2.946887000,0</coordinates></Point>
        </Placemark>

        <Placemark>
          <name>1020</name>
          <styleUrl>#style_Healthy</styleUrl>
          <ExtendedData>
            <Data name="id"><value>1020</value></Data>
            <Data name="Class"><value>Healthy</value></Data>
          </ExtendedData>
          <Point><coordinates>102.431716000,2.948321000,0</coordinates></Point>
        </Placemark>

        <Placemark>
          <name>1021</name>
          <styleUrl>#style_Healthy</styleUrl>
          <ExtendedData>
            <Data name="id"><value>1021</value></Data>
            <Data name="Class"><value>Healthy</value></Data>
          </ExtendedData>
          <Point><coordinates>102.434679000,2.947186000,0</coordinates></Point>
        </Placemark>

        <Placemark>
          <name>1022</name>
          <styleUrl>#style_Healthy</styleUrl>
          <ExtendedData>
            <Data name="id"><value>1022</value></Data>
            <Data name="Class"><value>Healthy</value></Data>
          </ExtendedData>
          <Point><coordinates>102.439130000,2.948076000,0</coordinates></Point>
        </Placemark>

        <Placemark>
          <name>1023</name>
          <styleUrl>#style_Healthy</styleUrl>
          <ExtendedData>
            <Data name="id"><value>1023</value></Data>
            <Data name="Class"><value>Healthy</value></Data>
          </ExtendedData>
          <Point><coordinates>102.432066000,2.949210000,0</coordinates></Point>
        </Placemark>

        <Placemark>
          <name>1024</name>
          <styleUrl>#style_Healthy</styleUrl>
          <ExtendedData>
            <Data name="id"><value>1024</value></Data>
            <Data name="Class"><value>Healthy</value></Data>
          </ExtendedData>
          <Point><coordinates>102.439184000,2.948005000,0</coordinates></Point>
        </Placemark>

        <Placemark>
          <name>1025</name>
          <styleUrl>#style_Healthy</styleUrl>
          <ExtendedData>
            <Data name="id"><value>1025</value></Data>
            <Data name="Class"><value>Healthy</value></Data>
          </ExtendedData>
          <Point><coordinates>102.438991000,2.947518000,0</coordinates></Point>
        </Placemark>

        <Placemark>
          <name>1026</name>
          <styleUrl>#style_Healthy</styleUrl>
          <ExtendedData>
            <Data name="id"><value>1026</value></Data>
            <Data name="Class"><value>Healthy</value></Data>
          </ExtendedData>
          <Point><coordinates>102.434985000,2.948142000,0</coordinates></Point>
        </Placemark>

        <Placemark>
          <name>1027</name>
          <styleUrl>#style_Healthy</styleUrl>
          <ExtendedData>
            <Data name="id"><value>1027</value></Data>
            <Data name="Class"><value>Healthy</value></Data>
          </ExtendedData>
          <Point><coordinates>102.439133000,2.947667000,0</coordinates></Point>
        </Placemark>

        <Placemark>
          <name>1028</name>
          <styleUrl>#style_Healthy</styleUrl>
          <ExtendedData>
            <Data name="id"><value>1028</value></Data>
            <Data name="Class"><value>Healthy</value></Data>
          </ExtendedData>
          <Point><coordinates>102.436608000,2.946595000,0</coordinates></Point>
        </Placemark>

        <Placemark>
          <name>1029</name>
          <styleUrl>#style_Healthy</styleUrl>
          <ExtendedData>
            <Data name="id"><value>1029</value></Data>
            <Data name="Class"><value>Healthy</value></Data>
          </ExtendedData>
          <Point><coordinates>102.434438000,2.947185000,0</coordinates></Point>
        </Placemark>

        <Placemark>
          <name>1030</name>
          <styleUrl>#style_Healthy</styleUrl>
          <ExtendedData>
            <Data name="id"><value>1030</value></Data>
            <Data name="Class"><value>Healthy</value></Data>
          </ExtendedData>
          <Point><coordinates>102.431679000,2.948250000,0</coordinates></Point>
        </Placemark>

        <Placemark>
          <name>1031</name>
          <styleUrl>#style_Healthy</styleUrl>
          <ExtendedData>
            <Data name="id"><value>1031</value></Data>
            <Data name="Class"><value>Healthy</value></Data>
          </ExtendedData>
          <Point><coordinates>102.436533000,2.946594000,0</coordinates></Point>
        </Placemark>

        <Placemark>
          <name>1032</name>
          <styleUrl>#style_Healthy</styleUrl>
          <ExtendedData>
            <Data name="id"><value>1032</value></Data>
            <Data name="Class"><value>Healthy</value></Data>
          </ExtendedData>
          <Point><coordinates>102.431875000,2.948870000,0</coordinates></Point>
        </Placemark>

        <Placemark>
          <name>1033</name>
          <styleUrl>#style_Healthy</styleUrl>
          <ExtendedData>
            <Data name="id"><value>1033</value></Data>
            <Data name="Class"><value>Healthy</value></Data>
          </ExtendedData>
          <Point><coordinates>102.435069000,2.947870000,0</coordinates></Point>
        </Placemark>

        <Placemark>
          <name>1034</name>
          <styleUrl>#style_Healthy</styleUrl>
          <ExtendedData>
            <Data name="id"><value>1034</value></Data>
            <Data name="Class"><value>Healthy</value></Data>
          </ExtendedData>
          <Point><coordinates>102.436146000,2.946042000,0</coordinates></Point>
        </Placemark>

        <Placemark>
          <name>1035</name>
          <styleUrl>#style_Healthy</styleUrl>
          <ExtendedData>
            <Data name="id"><value>1035</value></Data>
            <Data name="Class"><value>Healthy</value></Data>
          </ExtendedData>
          <Point><coordinates>102.435108000,2.947944000,0</coordinates></Point>
        </Placemark>

        <Placemark>
          <name>1036</name>
          <styleUrl>#style_Healthy</styleUrl>
          <ExtendedData>
            <Data name="id"><value>1036</value></Data>
            <Data name="Class"><value>Healthy</value></Data>
          </ExtendedData>
          <Point><coordinates>102.431874000,2.949007000,0</coordinates></Point>
        </Placemark>

        <Placemark>
          <name>1037</name>
          <styleUrl>#style_Healthy</styleUrl>
          <ExtendedData>
            <Data name="id"><value>1037</value></Data>
            <Data name="Class"><value>Healthy</value></Data>
          </ExtendedData>
          <Point><coordinates>102.439693000,2.948222000,0</coordinates></Point>
        </Placemark>

        <Placemark>
          <name>1038</name>
          <styleUrl>#style_Healthy</styleUrl>
          <ExtendedData>
            <Data name="id"><value>1038</value></Data>
            <Data name="Class"><value>Healthy</value></Data>
          </ExtendedData>
          <Point><coordinates>102.431795000,2.948728000,0</coordinates></Point>
        </Placemark>

        <Placemark>
          <name>1039</name>
          <styleUrl>#style_Healthy</styleUrl>
          <ExtendedData>
            <Data name="id"><value>1039</value></Data>
            <Data name="Class"><value>Healthy</value></Data>
          </ExtendedData>
          <Point><coordinates>102.431556000,2.948181000,0</coordinates></Point>
        </Placemark>

        <Placemark>
          <name>1040</name>
          <styleUrl>#style_Healthy</styleUrl>
          <ExtendedData>
            <Data name="id"><value>1040</value></Data>
            <Data name="Class"><value>Healthy</value></Data>
          </ExtendedData>
          <Point><coordinates>102.435015000,2.948080000,0</coordinates></Point>
        </Placemark>

        <Placemark>
          <name>1041</name>
          <styleUrl>#style_Healthy</styleUrl>
          <ExtendedData>
            <Data name="id"><value>1041</value></Data>
            <Data name="Class"><value>Healthy</value></Data>
          </ExtendedData>
          <Point><coordinates>102.439928000,2.948225000,0</coordinates></Point>
        </Placemark>

        <Placemark>
          <name>1042</name>
          <styleUrl>#style_Healthy</styleUrl>
          <ExtendedData>
            <Data name="id"><value>1042</value></Data>
            <Data name="Class"><value>Healthy</value></Data>
          </ExtendedData>
          <Point><coordinates>102.438830000,2.947518000,0</coordinates></Point>
        </Placemark>

        <Placemark>
          <name>1043</name>
          <styleUrl>#style_Healthy</styleUrl>
          <ExtendedData>
            <Data name="id"><value>1043</value></Data>
            <Data name="Class"><value>Healthy</value></Data>
          </ExtendedData>
          <Point><coordinates>102.434632000,2.947528000,0</coordinates></Point>
        </Placemark>

        <Placemark>
          <name>1044</name>
          <styleUrl>#style_Healthy</styleUrl>
          <ExtendedData>
            <Data name="id"><value>1044</value></Data>
            <Data name="Class"><value>Healthy</value></Data>
          </ExtendedData>
          <Point><coordinates>102.431758000,2.948664000,0</coordinates></Point>
        </Placemark>

        <Placemark>
          <name>1045</name>
          <styleUrl>#style_Healthy</styleUrl>
          <ExtendedData>
            <Data name="id"><value>1045</value></Data>
            <Data name="Class"><value>Healthy</value></Data>
          </ExtendedData>
          <Point><coordinates>102.431760000,2.948523000,0</coordinates></Point>
        </Placemark>

        <Placemark>
          <name>1046</name>
          <styleUrl>#style_Healthy</styleUrl>
          <ExtendedData>
            <Data name="id"><value>1046</value></Data>
            <Data name="Class"><value>Healthy</value></Data>
          </ExtendedData>
          <Point><coordinates>102.434519000,2.947187000,0</coordinates></Point>
        </Placemark>

        <Placemark>
          <name>1047</name>
          <styleUrl>#style_Healthy</styleUrl>
          <ExtendedData>
            <Data name="id"><value>1047</value></Data>
            <Data name="Class"><value>Healthy</value></Data>
          </ExtendedData>
          <Point><coordinates>102.431596000,2.948524000,0</coordinates></Point>
        </Placemark>

        <Placemark>
          <name>1048</name>
          <styleUrl>#style_Healthy</styleUrl>
          <ExtendedData>
            <Data name="id"><value>1048</value></Data>
            <Data name="Class"><value>Healthy</value></Data>
          </ExtendedData>
          <Point><coordinates>102.431912000,2.948797000,0</coordinates></Point>
        </Placemark>

        <Placemark>
          <name>1050</name>
          <styleUrl>#style_Healthy</styleUrl>
          <ExtendedData>
            <Data name="id"><value>1050</value></Data>
            <Data name="Class"><value>Healthy</value></Data>
          </ExtendedData>
          <Point><coordinates>102.434865000,2.947939000,0</coordinates></Point>
        </Placemark>

        <Placemark>
          <name>1051</name>
          <styleUrl>#style_Healthy</styleUrl>
          <ExtendedData>
            <Data name="id"><value>1051</value></Data>
            <Data name="Class"><value>Healthy</value></Data>
          </ExtendedData>
          <Point><coordinates>102.431717000,2.948733000,0</coordinates></Point>
        </Placemark>

        <Placemark>
          <name>1052</name>
          <styleUrl>#style_Healthy</styleUrl>
          <ExtendedData>
            <Data name="id"><value>1052</value></Data>
            <Data name="Class"><value>Healthy</value></Data>
          </ExtendedData>
          <Point><coordinates>102.431432000,2.948247000,0</coordinates></Point>
        </Placemark>

        <Placemark>
          <name>1053</name>
          <styleUrl>#style_Healthy</styleUrl>
          <ExtendedData>
            <Data name="id"><value>1053</value></Data>
            <Data name="Class"><value>Healthy</value></Data>
          </ExtendedData>
          <Point><coordinates>102.437707000,2.946336000,0</coordinates></Point>
        </Placemark>

        <Placemark>
          <name>1054</name>
          <styleUrl>#style_Healthy</styleUrl>
          <ExtendedData>
            <Data name="id"><value>1054</value></Data>
            <Data name="Class"><value>Healthy</value></Data>
          </ExtendedData>
          <Point><coordinates>102.436532000,2.946729000,0</coordinates></Point>
        </Placemark>

        <Placemark>
          <name>1055</name>
          <styleUrl>#style_Healthy</styleUrl>
          <ExtendedData>
            <Data name="id"><value>1055</value></Data>
            <Data name="Class"><value>Healthy</value></Data>
          </ExtendedData>
          <Point><coordinates>102.431834000,2.948930000,0</coordinates></Point>
        </Placemark>

        <Placemark>
          <name>1056</name>
          <styleUrl>#style_Healthy</styleUrl>
          <ExtendedData>
            <Data name="id"><value>1056</value></Data>
            <Data name="Class"><value>Healthy</value></Data>
          </ExtendedData>
          <Point><coordinates>102.436381000,2.946320000,0</coordinates></Point>
        </Placemark>

        <Placemark>
          <name>1057</name>
          <styleUrl>#style_Healthy</styleUrl>
          <ExtendedData>
            <Data name="id"><value>1057</value></Data>
            <Data name="Class"><value>Healthy</value></Data>
          </ExtendedData>
          <Point><coordinates>102.436072000,2.946043000,0</coordinates></Point>
        </Placemark>

        <Placemark>
          <name>1058</name>
          <styleUrl>#style_Healthy</styleUrl>
          <ExtendedData>
            <Data name="id"><value>1058</value></Data>
            <Data name="Class"><value>Healthy</value></Data>
          </ExtendedData>
          <Point><coordinates>102.437787000,2.946340000,0</coordinates></Point>
        </Placemark>

        <Placemark>
          <name>1059</name>
          <styleUrl>#style_Healthy</styleUrl>
          <ExtendedData>
            <Data name="id"><value>1059</value></Data>
            <Data name="Class"><value>Healthy</value></Data>
          </ExtendedData>
          <Point><coordinates>102.439229000,2.947255000,0</coordinates></Point>
        </Placemark>

        <Placemark>
          <name>1060</name>
          <styleUrl>#style_Healthy</styleUrl>
          <ExtendedData>
            <Data name="id"><value>1060</value></Data>
            <Data name="Class"><value>Healthy</value></Data>
          </ExtendedData>
          <Point><coordinates>102.431736000,2.948799000,0</coordinates></Point>
        </Placemark>

        <Placemark>
          <name>1061</name>
          <styleUrl>#style_Healthy</styleUrl>
          <ExtendedData>
            <Data name="id"><value>1061</value></Data>
            <Data name="Class"><value>Healthy</value></Data>
          </ExtendedData>
          <Point><coordinates>102.437711000,2.946205000,0</coordinates></Point>
        </Placemark>

        <Placemark>
          <name>1062</name>
          <styleUrl>#style_Healthy</styleUrl>
          <ExtendedData>
            <Data name="id"><value>1062</value></Data>
            <Data name="Class"><value>Healthy</value></Data>
          </ExtendedData>
          <Point><coordinates>102.431635000,2.948321000,0</coordinates></Point>
        </Placemark>

        <Placemark>
          <name>1064</name>
          <styleUrl>#style_Healthy</styleUrl>
          <ExtendedData>
            <Data name="id"><value>1064</value></Data>
            <Data name="Class"><value>Healthy</value></Data>
          </ExtendedData>
          <Point><coordinates>102.434597000,2.947322000,0</coordinates></Point>
        </Placemark>

        <Placemark>
          <name>1065</name>
          <styleUrl>#style_Healthy</styleUrl>
          <ExtendedData>
            <Data name="id"><value>1065</value></Data>
            <Data name="Class"><value>Healthy</value></Data>
          </ExtendedData>
          <Point><coordinates>102.439415000,2.947747000,0</coordinates></Point>
        </Placemark>

        <Placemark>
          <name>1066</name>
          <styleUrl>#style_Healthy</styleUrl>
          <ExtendedData>
            <Data name="id"><value>1066</value></Data>
            <Data name="Class"><value>Healthy</value></Data>
          </ExtendedData>
          <Point><coordinates>102.431637000,2.948182000,0</coordinates></Point>
        </Placemark>

        <Placemark>
          <name>1067</name>
          <styleUrl>#style_Healthy</styleUrl>
          <ExtendedData>
            <Data name="id"><value>1067</value></Data>
            <Data name="Class"><value>Healthy</value></Data>
          </ExtendedData>
          <Point><coordinates>102.436260000,2.946247000,0</coordinates></Point>
        </Placemark>

        <Placemark>
          <name>1068</name>
          <styleUrl>#style_Healthy</styleUrl>
          <ExtendedData>
            <Data name="id"><value>1068</value></Data>
            <Data name="Class"><value>Healthy</value></Data>
          </ExtendedData>
          <Point><coordinates>102.439108000,2.947595000,0</coordinates></Point>
        </Placemark>

        <Placemark>
          <name>1069</name>
          <styleUrl>#style_Healthy</styleUrl>
          <ExtendedData>
            <Data name="id"><value>1069</value></Data>
            <Data name="Class"><value>Healthy</value></Data>
          </ExtendedData>
          <Point><coordinates>102.434753000,2.947461000,0</coordinates></Point>
        </Placemark>

        <Placemark>
          <name>1070</name>
          <styleUrl>#style_Healthy</styleUrl>
          <ExtendedData>
            <Data name="id"><value>1070</value></Data>
            <Data name="Class"><value>Healthy</value></Data>
          </ExtendedData>
          <Point><coordinates>102.436225000,2.946181000,0</coordinates></Point>
        </Placemark>

        <Placemark>
          <name>1071</name>
          <styleUrl>#style_Healthy</styleUrl>
          <ExtendedData>
            <Data name="id"><value>1071</value></Data>
            <Data name="Class"><value>Healthy</value></Data>
          </ExtendedData>
          <Point><coordinates>102.439229000,2.947394000,0</coordinates></Point>
        </Placemark>

        <Placemark>
          <name>1072</name>
          <styleUrl>#style_Healthy</styleUrl>
          <ExtendedData>
            <Data name="id"><value>1072</value></Data>
            <Data name="Class"><value>Healthy</value></Data>
          </ExtendedData>
          <Point><coordinates>102.436335000,2.946528000,0</coordinates></Point>
        </Placemark>

        <Placemark>
          <name>1073</name>
          <styleUrl>#style_Healthy</styleUrl>
          <ExtendedData>
            <Data name="id"><value>1073</value></Data>
            <Data name="Class"><value>Healthy</value></Data>
          </ExtendedData>
          <Point><coordinates>102.431599000,2.948250000,0</coordinates></Point>
        </Placemark>

        <Placemark>
          <name>1074</name>
          <styleUrl>#style_Healthy</styleUrl>
          <ExtendedData>
            <Data name="id"><value>1074</value></Data>
            <Data name="Class"><value>Healthy</value></Data>
          </ExtendedData>
          <Point><coordinates>102.434641000,2.947256000,0</coordinates></Point>
        </Placemark>

        <Placemark>
          <name>1076</name>
          <styleUrl>#style_Healthy</styleUrl>
          <ExtendedData>
            <Data name="id"><value>1076</value></Data>
            <Data name="Class"><value>Healthy</value></Data>
          </ExtendedData>
          <Point><coordinates>102.439072000,2.947523000,0</coordinates></Point>
        </Placemark>

        <Placemark>
          <name>1077</name>
          <styleUrl>#style_Healthy</styleUrl>
          <ExtendedData>
            <Data name="id"><value>1077</value></Data>
            <Data name="Class"><value>Healthy</value></Data>
          </ExtendedData>
          <Point><coordinates>102.438951000,2.947588000,0</coordinates></Point>
        </Placemark>

        <Placemark>
          <name>1078</name>
          <styleUrl>#style_Healthy</styleUrl>
          <ExtendedData>
            <Data name="id"><value>1078</value></Data>
            <Data name="Class"><value>Healthy</value></Data>
          </ExtendedData>
          <Point><coordinates>102.439184000,2.947732000,0</coordinates></Point>
        </Placemark>

        <Placemark>
          <name>1079</name>
          <styleUrl>#style_Healthy</styleUrl>
          <ExtendedData>
            <Data name="id"><value>1079</value></Data>
            <Data name="Class"><value>Healthy</value></Data>
          </ExtendedData>
          <Point><coordinates>102.431673000,2.948385000,0</coordinates></Point>
        </Placemark>

        <Placemark>
          <name>1080</name>
          <styleUrl>#style_Healthy</styleUrl>
          <ExtendedData>
            <Data name="id"><value>1080</value></Data>
            <Data name="Class"><value>Healthy</value></Data>
          </ExtendedData>
          <Point><coordinates>102.434912000,2.947598000,0</coordinates></Point>
        </Placemark>

        <Placemark>
          <name>1081</name>
          <styleUrl>#style_Healthy</styleUrl>
          <ExtendedData>
            <Data name="id"><value>1081</value></Data>
            <Data name="Class"><value>Healthy</value></Data>
          </ExtendedData>
          <Point><coordinates>102.431636000,2.948455000,0</coordinates></Point>
        </Placemark>

        <Placemark>
          <name>1082</name>
          <styleUrl>#style_Healthy</styleUrl>
          <ExtendedData>
            <Data name="id"><value>1082</value></Data>
            <Data name="Class"><value>Healthy</value></Data>
          </ExtendedData>
          <Point><coordinates>102.431481000,2.948179000,0</coordinates></Point>
        </Placemark>

        <Placemark>
          <name>1083</name>
          <styleUrl>#style_Healthy</styleUrl>
          <ExtendedData>
            <Data name="id"><value>1083</value></Data>
            <Data name="Class"><value>Healthy</value></Data>
          </ExtendedData>
          <Point><coordinates>102.435020000,2.947802000,0</coordinates></Point>
        </Placemark>

        <Placemark>
          <name>1084</name>
          <styleUrl>#style_Healthy</styleUrl>
          <ExtendedData>
            <Data name="id"><value>1084</value></Data>
            <Data name="Class"><value>Healthy</value></Data>
          </ExtendedData>
          <Point><coordinates>102.439264000,2.947190000,0</coordinates></Point>
        </Placemark>

        <Placemark>
          <name>1085</name>
          <styleUrl>#style_Healthy</styleUrl>
          <ExtendedData>
            <Data name="id"><value>1085</value></Data>
            <Data name="Class"><value>Healthy</value></Data>
          </ExtendedData>
          <Point><coordinates>102.439495000,2.947599000,0</coordinates></Point>
        </Placemark>

        <Placemark>
          <name>1086</name>
          <styleUrl>#style_Healthy</styleUrl>
          <ExtendedData>
            <Data name="id"><value>1086</value></Data>
            <Data name="Class"><value>Healthy</value></Data>
          </ExtendedData>
          <Point><coordinates>102.432069000,2.949077000,0</coordinates></Point>
        </Placemark>

        <Placemark>
          <name>1087</name>
          <styleUrl>#style_Healthy</styleUrl>
          <ExtendedData>
            <Data name="id"><value>1087</value></Data>
            <Data name="Class"><value>Healthy</value></Data>
          </ExtendedData>
          <Point><coordinates>102.437748000,2.946271000,0</coordinates></Point>
        </Placemark>

        <Placemark>
          <name>1088</name>
          <styleUrl>#style_Healthy</styleUrl>
          <ExtendedData>
            <Data name="id"><value>1088</value></Data>
            <Data name="Class"><value>Healthy</value></Data>
          </ExtendedData>
          <Point><coordinates>102.432105000,2.949142000,0</coordinates></Point>
        </Placemark>

        <Placemark>
          <name>1089</name>
          <styleUrl>#style_Healthy</styleUrl>
          <ExtendedData>
            <Data name="id"><value>1089</value></Data>
            <Data name="Class"><value>Healthy</value></Data>
          </ExtendedData>
          <Point><coordinates>102.436386000,2.946182000,0</coordinates></Point>
        </Placemark>

        <Placemark>
          <name>1090</name>
          <styleUrl>#style_Healthy</styleUrl>
          <ExtendedData>
            <Data name="id"><value>1090</value></Data>
            <Data name="Class"><value>Healthy</value></Data>
          </ExtendedData>
          <Point><coordinates>102.431950000,2.949009000,0</coordinates></Point>
        </Placemark>

        <Placemark>
          <name>1091</name>
          <styleUrl>#style_Healthy</styleUrl>
          <ExtendedData>
            <Data name="id"><value>1091</value></Data>
            <Data name="Class"><value>Healthy</value></Data>
          </ExtendedData>
          <Point><coordinates>102.439265000,2.947327000,0</coordinates></Point>
        </Placemark>

        <Placemark>
          <name>1092</name>
          <styleUrl>#style_Healthy</styleUrl>
          <ExtendedData>
            <Data name="id"><value>1092</value></Data>
            <Data name="Class"><value>Healthy</value></Data>
          </ExtendedData>
          <Point><coordinates>102.438919000,2.947242000,0</coordinates></Point>
        </Placemark>

        <Placemark>
          <name>1093</name>
          <styleUrl>#style_Healthy</styleUrl>
          <ExtendedData>
            <Data name="id"><value>1093</value></Data>
            <Data name="Class"><value>Healthy</value></Data>
          </ExtendedData>
          <Point><coordinates>102.439539000,2.947666000,0</coordinates></Point>
        </Placemark>

        <Placemark>
          <name>1094</name>
          <styleUrl>#style_Healthy</styleUrl>
          <ExtendedData>
            <Data name="id"><value>1094</value></Data>
            <Data name="Class"><value>Healthy</value></Data>
          </ExtendedData>
          <Point><coordinates>102.431517000,2.948247000,0</coordinates></Point>
        </Placemark>

        <Placemark>
          <name>1095</name>
          <styleUrl>#style_Healthy</styleUrl>
          <ExtendedData>
            <Data name="id"><value>1095</value></Data>
            <Data name="Class"><value>Healthy</value></Data>
          </ExtendedData>
          <Point><coordinates>102.436615000,2.946726000,0</coordinates></Point>
        </Placemark>

        <Placemark>
          <name>1096</name>
          <styleUrl>#style_Healthy</styleUrl>
          <ExtendedData>
            <Data name="id"><value>1096</value></Data>
            <Data name="Class"><value>Healthy</value></Data>
          </ExtendedData>
          <Point><coordinates>102.437981000,2.946823000,0</coordinates></Point>
        </Placemark>

        <Placemark>
          <name>1097</name>
          <styleUrl>#style_Healthy</styleUrl>
          <ExtendedData>
            <Data name="id"><value>1097</value></Data>
            <Data name="Class"><value>Healthy</value></Data>
          </ExtendedData>
          <Point><coordinates>102.437631000,2.946202000,0</coordinates></Point>
        </Placemark>

        <Placemark>
          <name>1098</name>
          <styleUrl>#style_Healthy</styleUrl>
          <ExtendedData>
            <Data name="id"><value>1098</value></Data>
            <Data name="Class"><value>Healthy</value></Data>
          </ExtendedData>
          <Point><coordinates>102.439503000,2.947748000,0</coordinates></Point>
        </Placemark>

        <Placemark>
          <name>1099</name>
          <styleUrl>#style_Healthy</styleUrl>
          <ExtendedData>
            <Data name="id"><value>1099</value></Data>
            <Data name="Class"><value>Healthy</value></Data>
          </ExtendedData>
          <Point><coordinates>102.431560000,2.948318000,0</coordinates></Point>
        </Placemark>

        <Placemark>
          <name>1101</name>
          <styleUrl>#style_Healthy</styleUrl>
          <ExtendedData>
            <Data name="id"><value>1101</value></Data>
            <Data name="Class"><value>Healthy</value></Data>
          </ExtendedData>
          <Point><coordinates>102.436299000,2.946455000,0</coordinates></Point>
        </Placemark>

        <Placemark>
          <name>1102</name>
          <styleUrl>#style_Healthy</styleUrl>
          <ExtendedData>
            <Data name="id"><value>1102</value></Data>
            <Data name="Class"><value>Healthy</value></Data>
          </ExtendedData>
          <Point><coordinates>102.434751000,2.947737000,0</coordinates></Point>
        </Placemark>

        <Placemark>
          <name>1103</name>
          <styleUrl>#style_Healthy</styleUrl>
          <ExtendedData>
            <Data name="id"><value>1103</value></Data>
            <Data name="Class"><value>Healthy</value></Data>
          </ExtendedData>
          <Point><coordinates>102.434709000,2.947665000,0</coordinates></Point>
        </Placemark>

        <Placemark>
          <name>1104</name>
          <styleUrl>#style_Healthy</styleUrl>
          <ExtendedData>
            <Data name="id"><value>1104</value></Data>
            <Data name="Class"><value>Healthy</value></Data>
          </ExtendedData>
          <Point><coordinates>102.436491000,2.946661000,0</coordinates></Point>
        </Placemark>

        <Placemark>
          <name>1105</name>
          <styleUrl>#style_Healthy</styleUrl>
          <ExtendedData>
            <Data name="id"><value>1105</value></Data>
            <Data name="Class"><value>Healthy</value></Data>
          </ExtendedData>
          <Point><coordinates>102.437867000,2.946341000,0</coordinates></Point>
        </Placemark>

        <Placemark>
          <name>1106</name>
          <styleUrl>#style_Healthy</styleUrl>
          <ExtendedData>
            <Data name="id"><value>1106</value></Data>
            <Data name="Class"><value>Healthy</value></Data>
          </ExtendedData>
          <Point><coordinates>102.439578000,2.948012000,0</coordinates></Point>
        </Placemark>

        <Placemark>
          <name>1107</name>
          <styleUrl>#style_Healthy</styleUrl>
          <ExtendedData>
            <Data name="id"><value>1107</value></Data>
            <Data name="Class"><value>Healthy</value></Data>
          </ExtendedData>
          <Point><coordinates>102.434906000,2.948012000,0</coordinates></Point>
        </Placemark>

        <Placemark>
          <name>1108</name>
          <styleUrl>#style_Healthy</styleUrl>
          <ExtendedData>
            <Data name="id"><value>1108</value></Data>
            <Data name="Class"><value>Healthy</value></Data>
          </ExtendedData>
          <Point><coordinates>102.434832000,2.947461000,0</coordinates></Point>
        </Placemark>

        <Placemark>
          <name>1109</name>
          <styleUrl>#style_Healthy</styleUrl>
          <ExtendedData>
            <Data name="id"><value>1109</value></Data>
            <Data name="Class"><value>Healthy</value></Data>
          </ExtendedData>
          <Point><coordinates>102.437591000,2.946135000,0</coordinates></Point>
        </Placemark>

        <Placemark>
          <name>1110</name>
          <styleUrl>#style_Healthy</styleUrl>
          <ExtendedData>
            <Data name="id"><value>1110</value></Data>
            <Data name="Class"><value>Healthy</value></Data>
          </ExtendedData>
          <Point><coordinates>102.438799000,2.947176000,0</coordinates></Point>
        </Placemark>

        <Placemark>
          <name>1111</name>
          <styleUrl>#style_Healthy</styleUrl>
          <ExtendedData>
            <Data name="id"><value>1111</value></Data>
            <Data name="Class"><value>Healthy</value></Data>
          </ExtendedData>
          <Point><coordinates>102.436798000,2.947076000,0</coordinates></Point>
        </Placemark>

        <Placemark>
          <name>1112</name>
          <styleUrl>#style_Healthy</styleUrl>
          <ExtendedData>
            <Data name="id"><value>1112</value></Data>
            <Data name="Class"><value>Healthy</value></Data>
          </ExtendedData>
          <Point><coordinates>102.436650000,2.946799000,0</coordinates></Point>
        </Placemark>

        <Placemark>
          <name>1113</name>
          <styleUrl>#style_Healthy</styleUrl>
          <ExtendedData>
            <Data name="id"><value>1113</value></Data>
            <Data name="Class"><value>Healthy</value></Data>
          </ExtendedData>
          <Point><coordinates>102.439808000,2.948150000,0</coordinates></Point>
        </Placemark>

        <Placemark>
          <name>1114</name>
          <styleUrl>#style_Healthy</styleUrl>
          <ExtendedData>
            <Data name="id"><value>1114</value></Data>
            <Data name="Class"><value>Healthy</value></Data>
          </ExtendedData>
          <Point><coordinates>102.434990000,2.947734000,0</coordinates></Point>
        </Placemark>

        <Placemark>
          <name>1115</name>
          <styleUrl>#style_Healthy</styleUrl>
          <ExtendedData>
            <Data name="id"><value>1115</value></Data>
            <Data name="Class"><value>Healthy</value></Data>
          </ExtendedData>
          <Point><coordinates>102.434754000,2.947596000,0</coordinates></Point>
        </Placemark>

        <Placemark>
          <name>1117</name>
          <styleUrl>#style_Healthy</styleUrl>
          <ExtendedData>
            <Data name="id"><value>1117</value></Data>
            <Data name="Class"><value>Healthy</value></Data>
          </ExtendedData>
          <Point><coordinates>102.434637000,2.947388000,0</coordinates></Point>
        </Placemark>

        <Placemark>
          <name>1118</name>
          <styleUrl>#style_Healthy</styleUrl>
          <ExtendedData>
            <Data name="id"><value>1118</value></Data>
            <Data name="Class"><value>Healthy</value></Data>
          </ExtendedData>
          <Point><coordinates>102.434942000,2.948082000,0</coordinates></Point>
        </Placemark>

        <Placemark>
          <name>1119</name>
          <styleUrl>#style_Healthy</styleUrl>
          <ExtendedData>
            <Data name="id"><value>1119</value></Data>
            <Data name="Class"><value>Healthy</value></Data>
          </ExtendedData>
          <Point><coordinates>102.434950000,2.947666000,0</coordinates></Point>
        </Placemark>

        <Placemark>
          <name>1120</name>
          <styleUrl>#style_Healthy</styleUrl>
          <ExtendedData>
            <Data name="id"><value>1120</value></Data>
            <Data name="Class"><value>Healthy</value></Data>
          </ExtendedData>
          <Point><coordinates>102.432030000,2.949141000,0</coordinates></Point>
        </Placemark>

        <Placemark>
          <name>1122</name>
          <styleUrl>#style_Healthy</styleUrl>
          <ExtendedData>
            <Data name="id"><value>1122</value></Data>
            <Data name="Class"><value>Healthy</value></Data>
          </ExtendedData>
          <Point><coordinates>102.436416000,2.946525000,0</coordinates></Point>
        </Placemark>

        <Placemark>
          <name>1123</name>
          <styleUrl>#style_Healthy</styleUrl>
          <ExtendedData>
            <Data name="id"><value>1123</value></Data>
            <Data name="Class"><value>Healthy</value></Data>
          </ExtendedData>
          <Point><coordinates>102.431988000,2.948932000,0</coordinates></Point>
        </Placemark>

        <Placemark>
          <name>1124</name>
          <styleUrl>#style_Healthy</styleUrl>
          <ExtendedData>
            <Data name="id"><value>1124</value></Data>
            <Data name="Class"><value>Healthy</value></Data>
          </ExtendedData>
          <Point><coordinates>102.437556000,2.946064000,0</coordinates></Point>
        </Placemark>

        <Placemark>
          <name>1125</name>
          <styleUrl>#style_Healthy</styleUrl>
          <ExtendedData>
            <Data name="id"><value>1125</value></Data>
            <Data name="Class"><value>Healthy</value></Data>
          </ExtendedData>
          <Point><coordinates>102.432223000,2.949212000,0</coordinates></Point>
        </Placemark>

        <Placemark>
          <name>1126</name>
          <styleUrl>#style_Healthy</styleUrl>
          <ExtendedData>
            <Data name="id"><value>1126</value></Data>
            <Data name="Class"><value>Healthy</value></Data>
          </ExtendedData>
          <Point><coordinates>102.439220000,2.947939000,0</coordinates></Point>
        </Placemark>

        <Placemark>
          <name>1127</name>
          <styleUrl>#style_Healthy</styleUrl>
          <ExtendedData>
            <Data name="id"><value>1127</value></Data>
            <Data name="Class"><value>Healthy</value></Data>
          </ExtendedData>
          <Point><coordinates>102.434906000,2.947740000,0</coordinates></Point>
        </Placemark>

        <Placemark>
          <name>1128</name>
          <styleUrl>#style_Healthy</styleUrl>
          <ExtendedData>
            <Data name="id"><value>1128</value></Data>
            <Data name="Class"><value>Healthy</value></Data>
          </ExtendedData>
          <Point><coordinates>102.432108000,2.949007000,0</coordinates></Point>
        </Placemark>

        <Placemark>
          <name>1129</name>
          <styleUrl>#style_Healthy</styleUrl>
          <ExtendedData>
            <Data name="id"><value>1129</value></Data>
            <Data name="Class"><value>Healthy</value></Data>
          </ExtendedData>
          <Point><coordinates>102.439771000,2.948222000,0</coordinates></Point>
        </Placemark>

        <Placemark>
          <name>1130</name>
          <styleUrl>#style_Healthy</styleUrl>
          <ExtendedData>
            <Data name="id"><value>1130</value></Data>
            <Data name="Class"><value>Healthy</value></Data>
          </ExtendedData>
          <Point><coordinates>102.436769000,2.946869000,0</coordinates></Point>
        </Placemark>

        <Placemark>
          <name>1131</name>
          <styleUrl>#style_Healthy</styleUrl>
          <ExtendedData>
            <Data name="id"><value>1131</value></Data>
            <Data name="Class"><value>Healthy</value></Data>
          </ExtendedData>
          <Point><coordinates>102.434984000,2.947872000,0</coordinates></Point>
        </Placemark>

        <Placemark>
          <name>1133</name>
          <styleUrl>#style_Healthy</styleUrl>
          <ExtendedData>
            <Data name="id"><value>1133</value></Data>
            <Data name="Class"><value>Healthy</value></Data>
          </ExtendedData>
          <Point><coordinates>102.434518000,2.947323000,0</coordinates></Point>
        </Placemark>

        <Placemark>
          <name>1135</name>
          <styleUrl>#style_Healthy</styleUrl>
          <ExtendedData>
            <Data name="id"><value>1135</value></Data>
            <Data name="Class"><value>Healthy</value></Data>
          </ExtendedData>
          <Point><coordinates>102.439652000,2.948154000,0</coordinates></Point>
        </Placemark>

        <Placemark>
          <name>1136</name>
          <styleUrl>#style_Healthy</styleUrl>
          <ExtendedData>
            <Data name="id"><value>1136</value></Data>
            <Data name="Class"><value>Healthy</value></Data>
          </ExtendedData>
          <Point><coordinates>102.432032000,2.949004000,0</coordinates></Point>
        </Placemark>

        <Placemark>
          <name>1137</name>
          <styleUrl>#style_Healthy</styleUrl>
          <ExtendedData>
            <Data name="id"><value>1137</value></Data>
            <Data name="Class"><value>Healthy</value></Data>
          </ExtendedData>
          <Point><coordinates>102.434676000,2.947321000,0</coordinates></Point>
        </Placemark>

        <Placemark>
          <name>1138</name>
          <styleUrl>#style_Healthy</styleUrl>
          <ExtendedData>
            <Data name="id"><value>1138</value></Data>
            <Data name="Class"><value>Healthy</value></Data>
          </ExtendedData>
          <Point><coordinates>102.436727000,2.946806000,0</coordinates></Point>
        </Placemark>

        <Placemark>
          <name>1139</name>
          <styleUrl>#style_Healthy</styleUrl>
          <ExtendedData>
            <Data name="id"><value>1139</value></Data>
            <Data name="Class"><value>Healthy</value></Data>
          </ExtendedData>
          <Point><coordinates>102.439617000,2.947810000,0</coordinates></Point>
        </Placemark>

        <Placemark>
          <name>1140</name>
          <styleUrl>#style_Healthy</styleUrl>
          <ExtendedData>
            <Data name="id"><value>1140</value></Data>
            <Data name="Class"><value>Healthy</value></Data>
          </ExtendedData>
          <Point><coordinates>102.435141000,2.948146000,0</coordinates></Point>
        </Placemark>

        <Placemark>
          <name>1141</name>
          <styleUrl>#style_Healthy</styleUrl>
          <ExtendedData>
            <Data name="id"><value>1141</value></Data>
            <Data name="Class"><value>Healthy</value></Data>
          </ExtendedData>
          <Point><coordinates>102.439184000,2.948144000,0</coordinates></Point>
        </Placemark>

        <Placemark>
          <name>1142</name>
          <styleUrl>#style_Healthy</styleUrl>
          <ExtendedData>
            <Data name="id"><value>1142</value></Data>
            <Data name="Class"><value>Healthy</value></Data>
          </ExtendedData>
          <Point><coordinates>102.434867000,2.947668000,0</coordinates></Point>
        </Placemark>

        <Placemark>
          <name>1143</name>
          <styleUrl>#style_Healthy</styleUrl>
          <ExtendedData>
            <Data name="id"><value>1143</value></Data>
            <Data name="Class"><value>Healthy</value></Data>
          </ExtendedData>
          <Point><coordinates>102.439848000,2.948225000,0</coordinates></Point>
        </Placemark>

        <Placemark>
          <name>1145</name>
          <styleUrl>#style_Healthy</styleUrl>
          <ExtendedData>
            <Data name="id"><value>1145</value></Data>
            <Data name="Class"><value>Healthy</value></Data>
          </ExtendedData>
          <Point><coordinates>102.438952000,2.947450000,0</coordinates></Point>
        </Placemark>

        <Placemark>
          <name>1147</name>
          <styleUrl>#style_Healthy</styleUrl>
          <ExtendedData>
            <Data name="id"><value>1147</value></Data>
            <Data name="Class"><value>Healthy</value></Data>
          </ExtendedData>
          <Point><coordinates>102.434947000,2.947940000,0</coordinates></Point>
        </Placemark>

        <Placemark>
          <name>1148</name>
          <styleUrl>#style_Healthy</styleUrl>
          <ExtendedData>
            <Data name="id"><value>1148</value></Data>
            <Data name="Class"><value>Healthy</value></Data>
          </ExtendedData>
          <Point><coordinates>102.435017000,2.947940000,0</coordinates></Point>
        </Placemark>

        <Placemark>
          <name>1149</name>
          <styleUrl>#style_Healthy</styleUrl>
          <ExtendedData>
            <Data name="id"><value>1149</value></Data>
            <Data name="Class"><value>Healthy</value></Data>
          </ExtendedData>
          <Point><coordinates>102.437786000,2.946620000,0</coordinates></Point>
        </Placemark>

        <Placemark>
          <name>1150</name>
          <styleUrl>#style_Healthy</styleUrl>
          <ExtendedData>
            <Data name="id"><value>1150</value></Data>
            <Data name="Class"><value>Healthy</value></Data>
          </ExtendedData>
          <Point><coordinates>102.439461000,2.947672000,0</coordinates></Point>
        </Placemark>

        <Placemark>
          <name>1151</name>
          <styleUrl>#style_Healthy</styleUrl>
          <ExtendedData>
            <Data name="id"><value>1151</value></Data>
            <Data name="Class"><value>Healthy</value></Data>
          </ExtendedData>
          <Point><coordinates>102.439374000,2.948211000,0</coordinates></Point>
        </Placemark>

        <Placemark>
          <name>1152</name>
          <styleUrl>#style_Healthy</styleUrl>
          <ExtendedData>
            <Data name="id"><value>1152</value></Data>
            <Data name="Class"><value>Healthy</value></Data>
          </ExtendedData>
          <Point><coordinates>102.439539000,2.947813000,0</coordinates></Point>
        </Placemark>

        <Placemark>
          <name>1153</name>
          <styleUrl>#style_Healthy</styleUrl>
          <ExtendedData>
            <Data name="id"><value>1153</value></Data>
            <Data name="Class"><value>Healthy</value></Data>
          </ExtendedData>
          <Point><coordinates>102.431910000,2.949075000,0</coordinates></Point>
        </Placemark>

        <Placemark>
          <name>1154</name>
          <styleUrl>#style_Healthy</styleUrl>
          <ExtendedData>
            <Data name="id"><value>1154</value></Data>
            <Data name="Class"><value>Healthy</value></Data>
          </ExtendedData>
          <Point><coordinates>102.435221000,2.948143000,0</coordinates></Point>
        </Placemark>

        <Placemark>
          <name>1155</name>
          <styleUrl>#style_Healthy</styleUrl>
          <ExtendedData>
            <Data name="id"><value>1155</value></Data>
            <Data name="Class"><value>Healthy</value></Data>
          </ExtendedData>
          <Point><coordinates>102.437825000,2.946552000,0</coordinates></Point>
        </Placemark>

        <Placemark>
          <name>1156</name>
          <styleUrl>#style_Healthy</styleUrl>
          <ExtendedData>
            <Data name="id"><value>1156</value></Data>
            <Data name="Class"><value>Healthy</value></Data>
          </ExtendedData>
          <Point><coordinates>102.439382000,2.947529000,0</coordinates></Point>
        </Placemark>

        <Placemark>
          <name>1157</name>
          <styleUrl>#style_Healthy</styleUrl>
          <ExtendedData>
            <Data name="id"><value>1157</value></Data>
            <Data name="Class"><value>Healthy</value></Data>
          </ExtendedData>
          <Point><coordinates>102.439863000,2.948086000,0</coordinates></Point>
        </Placemark>

        <Placemark>
          <name>1158</name>
          <styleUrl>#style_Healthy</styleUrl>
          <ExtendedData>
            <Data name="id"><value>1158</value></Data>
            <Data name="Class"><value>Healthy</value></Data>
          </ExtendedData>
          <Point><coordinates>102.439110000,2.947189000,0</coordinates></Point>
        </Placemark>

        <Placemark>
          <name>1159</name>
          <styleUrl>#style_Healthy</styleUrl>
          <ExtendedData>
            <Data name="id"><value>1159</value></Data>
            <Data name="Class"><value>Healthy</value></Data>
          </ExtendedData>
          <Point><coordinates>102.438831000,2.947384000,0</coordinates></Point>
        </Placemark>

        <Placemark>
          <name>1160</name>
          <styleUrl>#style_Healthy</styleUrl>
          <ExtendedData>
            <Data name="id"><value>1160</value></Data>
            <Data name="Class"><value>Healthy</value></Data>
          </ExtendedData>
          <Point><coordinates>102.438131000,2.946961000,0</coordinates></Point>
        </Placemark>

        <Placemark>
          <name>1161</name>
          <styleUrl>#style_Healthy</styleUrl>
          <ExtendedData>
            <Data name="id"><value>1161</value></Data>
            <Data name="Class"><value>Healthy</value></Data>
          </ExtendedData>
          <Point><coordinates>102.437748000,2.946410000,0</coordinates></Point>
        </Placemark>

        <Placemark>
          <name>1162</name>
          <styleUrl>#style_Healthy</styleUrl>
          <ExtendedData>
            <Data name="id"><value>1162</value></Data>
            <Data name="Class"><value>Healthy</value></Data>
          </ExtendedData>
          <Point><coordinates>102.439304000,2.947392000,0</coordinates></Point>
        </Placemark>

        <Placemark>
          <name>1163</name>
          <styleUrl>#style_Healthy</styleUrl>
          <ExtendedData>
            <Data name="id"><value>1163</value></Data>
            <Data name="Class"><value>Healthy</value></Data>
          </ExtendedData>
          <Point><coordinates>102.431993000,2.949077000,0</coordinates></Point>
        </Placemark>

        <Placemark>
          <name>1164</name>
          <styleUrl>#style_Healthy</styleUrl>
          <ExtendedData>
            <Data name="id"><value>1164</value></Data>
            <Data name="Class"><value>Healthy</value></Data>
          </ExtendedData>
          <Point><coordinates>102.431836000,2.948524000,0</coordinates></Point>
        </Placemark>

        <Placemark>
          <name>1165</name>
          <styleUrl>#style_Healthy</styleUrl>
          <ExtendedData>
            <Data name="id"><value>1165</value></Data>
            <Data name="Class"><value>Healthy</value></Data>
          </ExtendedData>
          <Point><coordinates>102.434718000,2.947254000,0</coordinates></Point>
        </Placemark>

        <Placemark>
          <name>1166</name>
          <styleUrl>#style_Healthy</styleUrl>
          <ExtendedData>
            <Data name="id"><value>1166</value></Data>
            <Data name="Class"><value>Healthy</value></Data>
          </ExtendedData>
          <Point><coordinates>102.439138000,2.947254000,0</coordinates></Point>
        </Placemark>

        <Placemark>
          <name>1167</name>
          <styleUrl>#style_Healthy</styleUrl>
          <ExtendedData>
            <Data name="id"><value>1167</value></Data>
            <Data name="Class"><value>Healthy</value></Data>
          </ExtendedData>
          <Point><coordinates>102.438909000,2.947518000,0</coordinates></Point>
        </Placemark>

        <Placemark>
          <name>1168</name>
          <styleUrl>#style_Healthy</styleUrl>
          <ExtendedData>
            <Data name="id"><value>1168</value></Data>
            <Data name="Class"><value>Healthy</value></Data>
          </ExtendedData>
          <Point><coordinates>102.438170000,2.947027000,0</coordinates></Point>
        </Placemark>

        <Placemark>
          <name>1169</name>
          <styleUrl>#style_Healthy</styleUrl>
          <ExtendedData>
            <Data name="id"><value>1169</value></Data>
            <Data name="Class"><value>Healthy</value></Data>
          </ExtendedData>
          <Point><coordinates>102.439380000,2.948078000,0</coordinates></Point>
        </Placemark>

        <Placemark>
          <name>1170</name>
          <styleUrl>#style_Healthy</styleUrl>
          <ExtendedData>
            <Data name="id"><value>1170</value></Data>
            <Data name="Class"><value>Healthy</value></Data>
          </ExtendedData>
          <Point><coordinates>102.439286000,2.948076000,0</coordinates></Point>
        </Placemark>

        <Placemark>
          <name>1171</name>
          <styleUrl>#style_Healthy</styleUrl>
          <ExtendedData>
            <Data name="id"><value>1171</value></Data>
            <Data name="Class"><value>Healthy</value></Data>
          </ExtendedData>
          <Point><coordinates>102.434830000,2.947738000,0</coordinates></Point>
        </Placemark>

        <Placemark>
          <name>1172</name>
          <styleUrl>#style_Healthy</styleUrl>
          <ExtendedData>
            <Data name="id"><value>1172</value></Data>
            <Data name="Class"><value>Healthy</value></Data>
          </ExtendedData>
          <Point><coordinates>102.437864000,2.946619000,0</coordinates></Point>
        </Placemark>

        <Placemark>
          <name>1173</name>
          <styleUrl>#style_Healthy</styleUrl>
          <ExtendedData>
            <Data name="id"><value>1173</value></Data>
            <Data name="Class"><value>Healthy</value></Data>
          </ExtendedData>
          <Point><coordinates>102.438053000,2.947099000,0</coordinates></Point>
        </Placemark>

        <Placemark>
          <name>1174</name>
          <styleUrl>#style_Healthy</styleUrl>
          <ExtendedData>
            <Data name="id"><value>1174</value></Data>
            <Data name="Class"><value>Healthy</value></Data>
          </ExtendedData>
          <Point><coordinates>102.439579000,2.947601000,0</coordinates></Point>
        </Placemark>

        <Placemark>
          <name>1175</name>
          <styleUrl>#style_Healthy</styleUrl>
          <ExtendedData>
            <Data name="id"><value>1175</value></Data>
            <Data name="Class"><value>Healthy</value></Data>
          </ExtendedData>
          <Point><coordinates>102.434553000,2.947393000,0</coordinates></Point>
        </Placemark>

        <Placemark>
          <name>1176</name>
          <styleUrl>#style_Healthy</styleUrl>
          <ExtendedData>
            <Data name="id"><value>1176</value></Data>
            <Data name="Class"><value>Healthy</value></Data>
          </ExtendedData>
          <Point><coordinates>102.432185000,2.949140000,0</coordinates></Point>
        </Placemark>

        <Placemark>
          <name>1177</name>
          <styleUrl>#style_Healthy</styleUrl>
          <ExtendedData>
            <Data name="id"><value>1177</value></Data>
            <Data name="Class"><value>Healthy</value></Data>
          </ExtendedData>
          <Point><coordinates>102.438211000,2.946962000,0</coordinates></Point>
        </Placemark>

        <Placemark>
          <name>1178</name>
          <styleUrl>#style_Healthy</styleUrl>
          <ExtendedData>
            <Data name="id"><value>1178</value></Data>
            <Data name="Class"><value>Healthy</value></Data>
          </ExtendedData>
          <Point><coordinates>102.436339000,2.946384000,0</coordinates></Point>
        </Placemark>

        <Placemark>
          <name>1179</name>
          <styleUrl>#style_Healthy</styleUrl>
          <ExtendedData>
            <Data name="id"><value>1179</value></Data>
            <Data name="Class"><value>Healthy</value></Data>
          </ExtendedData>
          <Point><coordinates>102.438837000,2.947245000,0</coordinates></Point>
        </Placemark>

        <Placemark>
          <name>1182</name>
          <styleUrl>#style_Healthy</styleUrl>
          <ExtendedData>
            <Data name="id"><value>1182</value></Data>
            <Data name="Class"><value>Healthy</value></Data>
          </ExtendedData>
          <Point><coordinates>102.439103000,2.947868000,0</coordinates></Point>
        </Placemark>

        <Placemark>
          <name>1183</name>
          <styleUrl>#style_Healthy</styleUrl>
          <ExtendedData>
            <Data name="id"><value>1183</value></Data>
            <Data name="Class"><value>Healthy</value></Data>
          </ExtendedData>
          <Point><coordinates>102.437937000,2.946887000,0</coordinates></Point>
        </Placemark>

        <Placemark>
          <name>1184</name>
          <styleUrl>#style_Healthy</styleUrl>
          <ExtendedData>
            <Data name="id"><value>1184</value></Data>
            <Data name="Class"><value>Healthy</value></Data>
          </ExtendedData>
          <Point><coordinates>102.439732000,2.948017000,0</coordinates></Point>
        </Placemark>

        <Placemark>
          <name>1185</name>
          <styleUrl>#style_Healthy</styleUrl>
          <ExtendedData>
            <Data name="id"><value>1185</value></Data>
            <Data name="Class"><value>Healthy</value></Data>
          </ExtendedData>
          <Point><coordinates>102.439344000,2.947602000,0</coordinates></Point>
        </Placemark>

        <Placemark>
          <name>1186</name>
          <styleUrl>#style_Healthy</styleUrl>
          <ExtendedData>
            <Data name="id"><value>1186</value></Data>
            <Data name="Class"><value>Healthy</value></Data>
          </ExtendedData>
          <Point><coordinates>102.439542000,2.947531000,0</coordinates></Point>
        </Placemark>

        <Placemark>
          <name>1187</name>
          <styleUrl>#style_Healthy</styleUrl>
          <ExtendedData>
            <Data name="id"><value>1187</value></Data>
            <Data name="Class"><value>Healthy</value></Data>
          </ExtendedData>
          <Point><coordinates>102.435104000,2.948080000,0</coordinates></Point>
        </Placemark>

        <Placemark>
          <name>1188</name>
          <styleUrl>#style_Healthy</styleUrl>
          <ExtendedData>
            <Data name="id"><value>1188</value></Data>
            <Data name="Class"><value>Healthy</value></Data>
          </ExtendedData>
          <Point><coordinates>102.436263000,2.946116000,0</coordinates></Point>
        </Placemark>

        <Placemark>
          <name>1189</name>
          <styleUrl>#style_Healthy</styleUrl>
          <ExtendedData>
            <Data name="id"><value>1189</value></Data>
            <Data name="Class"><value>Healthy</value></Data>
          </ExtendedData>
          <Point><coordinates>102.436844000,2.947009000,0</coordinates></Point>
        </Placemark>

        <Placemark>
          <name>1190</name>
          <styleUrl>#style_Healthy</styleUrl>
          <ExtendedData>
            <Data name="id"><value>1190</value></Data>
            <Data name="Class"><value>Healthy</value></Data>
          </ExtendedData>
          <Point><coordinates>102.432072000,2.948926000,0</coordinates></Point>
        </Placemark>

        <Placemark>
          <name>1191</name>
          <styleUrl>#style_Healthy</styleUrl>
          <ExtendedData>
            <Data name="id"><value>1191</value></Data>
            <Data name="Class"><value>Healthy</value></Data>
          </ExtendedData>
          <Point><coordinates>102.437475000,2.946060000,0</coordinates></Point>
        </Placemark>

        <Placemark>
          <name>1192</name>
          <styleUrl>#style_Healthy</styleUrl>
          <ExtendedData>
            <Data name="id"><value>1192</value></Data>
            <Data name="Class"><value>Healthy</value></Data>
          </ExtendedData>
          <Point><coordinates>102.434791000,2.947385000,0</coordinates></Point>
        </Placemark>

        <Placemark>
          <name>1193</name>
          <styleUrl>#style_Healthy</styleUrl>
          <ExtendedData>
            <Data name="id"><value>1193</value></Data>
            <Data name="Class"><value>Healthy</value></Data>
          </ExtendedData>
          <Point><coordinates>102.437937000,2.946478000,0</coordinates></Point>
        </Placemark>

        <Placemark>
          <name>1194</name>
          <styleUrl>#style_Healthy</styleUrl>
          <ExtendedData>
            <Data name="id"><value>1194</value></Data>
            <Data name="Class"><value>Healthy</value></Data>
          </ExtendedData>
          <Point><coordinates>102.439891000,2.948154000,0</coordinates></Point>
        </Placemark>

        <Placemark>
          <name>1195</name>
          <styleUrl>#style_Healthy</styleUrl>
          <ExtendedData>
            <Data name="id"><value>1195</value></Data>
            <Data name="Class"><value>Healthy</value></Data>
          </ExtendedData>
          <Point><coordinates>102.439538000,2.947945000,0</coordinates></Point>
        </Placemark>

        <Placemark>
          <name>1196</name>
          <styleUrl>#style_Healthy</styleUrl>
          <ExtendedData>
            <Data name="id"><value>1196</value></Data>
            <Data name="Class"><value>Healthy</value></Data>
          </ExtendedData>
          <Point><coordinates>102.431958000,2.948730000,0</coordinates></Point>
        </Placemark>

        <Placemark>
          <name>1197</name>
          <styleUrl>#style_Healthy</styleUrl>
          <ExtendedData>
            <Data name="id"><value>1197</value></Data>
            <Data name="Class"><value>Healthy</value></Data>
          </ExtendedData>
          <Point><coordinates>102.437788000,2.946478000,0</coordinates></Point>
        </Placemark>

        <Placemark>
          <name>1198</name>
          <styleUrl>#style_Healthy</styleUrl>
          <ExtendedData>
            <Data name="id"><value>1198</value></Data>
            <Data name="Class"><value>Healthy</value></Data>
          </ExtendedData>
          <Point><coordinates>102.439462000,2.947533000,0</coordinates></Point>
        </Placemark>

        <Placemark>
          <name>1199</name>
          <styleUrl>#style_Healthy</styleUrl>
          <ExtendedData>
            <Data name="id"><value>1199</value></Data>
            <Data name="Class"><value>Healthy</value></Data>
          </ExtendedData>
          <Point><coordinates>102.438792000,2.947451000,0</coordinates></Point>
        </Placemark>

        <Placemark>
          <name>1200</name>
          <styleUrl>#style_Healthy</styleUrl>
          <ExtendedData>
            <Data name="id"><value>1200</value></Data>
            <Data name="Class"><value>Healthy</value></Data>
          </ExtendedData>
          <Point><coordinates>102.438987000,2.947655000,0</coordinates></Point>
        </Placemark>

        <Placemark>
          <name>1201</name>
          <styleUrl>#style_Healthy</styleUrl>
          <ExtendedData>
            <Data name="id"><value>1201</value></Data>
            <Data name="Class"><value>Healthy</value></Data>
          </ExtendedData>
          <Point><coordinates>102.438992000,2.947385000,0</coordinates></Point>
        </Placemark>

        <Placemark>
          <name>1202</name>
          <styleUrl>#style_Healthy</styleUrl>
          <ExtendedData>
            <Data name="id"><value>1202</value></Data>
            <Data name="Class"><value>Healthy</value></Data>
          </ExtendedData>
          <Point><coordinates>102.439066000,2.947676000,0</coordinates></Point>
        </Placemark>

        <Placemark>
          <name>1203</name>
          <styleUrl>#style_Healthy</styleUrl>
          <ExtendedData>
            <Data name="id"><value>1203</value></Data>
            <Data name="Class"><value>Healthy</value></Data>
          </ExtendedData>
          <Point><coordinates>102.434870000,2.947530000,0</coordinates></Point>
        </Placemark>

        <Placemark>
          <name>1204</name>
          <styleUrl>#style_Healthy</styleUrl>
          <ExtendedData>
            <Data name="id"><value>1204</value></Data>
            <Data name="Class"><value>Healthy</value></Data>
          </ExtendedData>
          <Point><coordinates>102.437672000,2.946132000,0</coordinates></Point>
        </Placemark>

        <Placemark>
          <name>1205</name>
          <styleUrl>#style_Healthy</styleUrl>
          <ExtendedData>
            <Data name="id"><value>1205</value></Data>
            <Data name="Class"><value>Healthy</value></Data>
          </ExtendedData>
          <Point><coordinates>102.439263000,2.947865000,0</coordinates></Point>
        </Placemark>

        <Placemark>
          <name>1206</name>
          <styleUrl>#style_Healthy</styleUrl>
          <ExtendedData>
            <Data name="id"><value>1206</value></Data>
            <Data name="Class"><value>Healthy</value></Data>
          </ExtendedData>
          <Point><coordinates>102.438096000,2.946765000,0</coordinates></Point>
        </Placemark>

        <Placemark>
          <name>1207</name>
          <styleUrl>#style_Healthy</styleUrl>
          <ExtendedData>
            <Data name="id"><value>1207</value></Data>
            <Data name="Class"><value>Healthy</value></Data>
          </ExtendedData>
          <Point><coordinates>102.438944000,2.947731000,0</coordinates></Point>
        </Placemark>

        <Placemark>
          <name>1209</name>
          <styleUrl>#style_Healthy</styleUrl>
          <ExtendedData>
            <Data name="id"><value>1209</value></Data>
            <Data name="Class"><value>Healthy</value></Data>
          </ExtendedData>
          <Point><coordinates>102.431715000,2.948453000,0</coordinates></Point>
        </Placemark>

        <Placemark>
          <name>1210</name>
          <styleUrl>#style_Healthy</styleUrl>
          <ExtendedData>
            <Data name="id"><value>1210</value></Data>
            <Data name="Class"><value>Healthy</value></Data>
          </ExtendedData>
          <Point><coordinates>102.436676000,2.946731000,0</coordinates></Point>
        </Placemark>

        <Placemark>
          <name>1211</name>
          <styleUrl>#style_Healthy</styleUrl>
          <ExtendedData>
            <Data name="id"><value>1211</value></Data>
            <Data name="Class"><value>Healthy</value></Data>
          </ExtendedData>
          <Point><coordinates>102.439385000,2.947397000,0</coordinates></Point>
        </Placemark>

        <Placemark>
          <name>1212</name>
          <styleUrl>#style_Healthy</styleUrl>
          <ExtendedData>
            <Data name="id"><value>1212</value></Data>
            <Data name="Class"><value>Healthy</value></Data>
          </ExtendedData>
          <Point><coordinates>102.432146000,2.949076000,0</coordinates></Point>
        </Placemark>

        <Placemark>
          <name>1213</name>
          <styleUrl>#style_Healthy</styleUrl>
          <ExtendedData>
            <Data name="id"><value>1213</value></Data>
            <Data name="Class"><value>Healthy</value></Data>
          </ExtendedData>
          <Point><coordinates>102.439808000,2.948011000,0</coordinates></Point>
        </Placemark>

        <Placemark>
          <name>1214</name>
          <styleUrl>#style_Healthy</styleUrl>
          <ExtendedData>
            <Data name="id"><value>1214</value></Data>
            <Data name="Class"><value>Healthy</value></Data>
          </ExtendedData>
          <Point><coordinates>102.439334000,2.948147000,0</coordinates></Point>
        </Placemark>

        <Placemark>
          <name>1216</name>
          <styleUrl>#style_Healthy</styleUrl>
          <ExtendedData>
            <Data name="id"><value>1216</value></Data>
            <Data name="Class"><value>Healthy</value></Data>
          </ExtendedData>
          <Point><coordinates>102.439266000,2.948006000,0</coordinates></Point>
        </Placemark>

        <Placemark>
          <name>1217</name>
          <styleUrl>#style_Healthy</styleUrl>
          <ExtendedData>
            <Data name="id"><value>1217</value></Data>
            <Data name="Class"><value>Healthy</value></Data>
          </ExtendedData>
          <Point><coordinates>102.437900000,2.946413000,0</coordinates></Point>
        </Placemark>

        <Placemark>
          <name>1218</name>
          <styleUrl>#style_Healthy</styleUrl>
          <ExtendedData>
            <Data name="id"><value>1218</value></Data>
            <Data name="Class"><value>Healthy</value></Data>
          </ExtendedData>
          <Point><coordinates>102.431989000,2.949212000,0</coordinates></Point>
        </Placemark>

        <Placemark>
          <name>1219</name>
          <styleUrl>#style_Healthy</styleUrl>
          <ExtendedData>
            <Data name="id"><value>1219</value></Data>
            <Data name="Class"><value>Healthy</value></Data>
          </ExtendedData>
          <Point><coordinates>102.436674000,2.947010000,0</coordinates></Point>
        </Placemark>

        <Placemark>
          <name>1220</name>
          <styleUrl>#style_Healthy</styleUrl>
          <ExtendedData>
            <Data name="id"><value>1220</value></Data>
            <Data name="Class"><value>Healthy</value></Data>
          </ExtendedData>
          <Point><coordinates>102.437671000,2.946269000,0</coordinates></Point>
        </Placemark>

        <Placemark>
          <name>1221</name>
          <styleUrl>#style_Healthy</styleUrl>
          <ExtendedData>
            <Data name="id"><value>1221</value></Data>
            <Data name="Class"><value>Healthy</value></Data>
          </ExtendedData>
          <Point><coordinates>102.439461000,2.947395000,0</coordinates></Point>
        </Placemark>

        <Placemark>
          <name>1222</name>
          <styleUrl>#style_Healthy</styleUrl>
          <ExtendedData>
            <Data name="id"><value>1222</value></Data>
            <Data name="Class"><value>Healthy</value></Data>
          </ExtendedData>
          <Point><coordinates>102.436421000,2.946252000,0</coordinates></Point>
        </Placemark>

        <Placemark>
          <name>1223</name>
          <styleUrl>#style_Healthy</styleUrl>
          <ExtendedData>
            <Data name="id"><value>1223</value></Data>
            <Data name="Class"><value>Healthy</value></Data>
          </ExtendedData>
          <Point><coordinates>102.439419000,2.947463000,0</coordinates></Point>
        </Placemark>

        <Placemark>
          <name>1224</name>
          <styleUrl>#style_Healthy</styleUrl>
          <ExtendedData>
            <Data name="id"><value>1224</value></Data>
            <Data name="Class"><value>Healthy</value></Data>
          </ExtendedData>
          <Point><coordinates>102.432151000,2.949208000,0</coordinates></Point>
        </Placemark>

        <Placemark>
          <name>1226</name>
          <styleUrl>#style_Healthy</styleUrl>
          <ExtendedData>
            <Data name="id"><value>1226</value></Data>
            <Data name="Class"><value>Healthy</value></Data>
          </ExtendedData>
          <Point><coordinates>102.439689000,2.947944000,0</coordinates></Point>
        </Placemark>

        <Placemark>
          <name>1227</name>
          <styleUrl>#style_Healthy</styleUrl>
          <ExtendedData>
            <Data name="id"><value>1227</value></Data>
            <Data name="Class"><value>Healthy</value></Data>
          </ExtendedData>
          <Point><coordinates>102.438874000,2.947447000,0</coordinates></Point>
        </Placemark>

        <Placemark>
          <name>1228</name>
          <styleUrl>#style_Healthy</styleUrl>
          <ExtendedData>
            <Data name="id"><value>1228</value></Data>
            <Data name="Class"><value>Healthy</value></Data>
          </ExtendedData>
          <Point><coordinates>102.436379000,2.946457000,0</coordinates></Point>
        </Placemark>

        <Placemark>
          <name>1229</name>
          <styleUrl>#style_Healthy</styleUrl>
          <ExtendedData>
            <Data name="id"><value>1229</value></Data>
            <Data name="Class"><value>Healthy</value></Data>
          </ExtendedData>
          <Point><coordinates>102.436608000,2.947008000,0</coordinates></Point>
        </Placemark>

        <Placemark>
          <name>1230</name>
          <styleUrl>#style_Healthy</styleUrl>
          <ExtendedData>
            <Data name="id"><value>1230</value></Data>
            <Data name="Class"><value>Healthy</value></Data>
          </ExtendedData>
          <Point><coordinates>102.439179000,2.947318000,0</coordinates></Point>
        </Placemark>

        <Placemark>
          <name>1232</name>
          <styleUrl>#style_Healthy</styleUrl>
          <ExtendedData>
            <Data name="id"><value>1232</value></Data>
            <Data name="Class"><value>Healthy</value></Data>
          </ExtendedData>
          <Point><coordinates>102.439309000,2.947943000,0</coordinates></Point>
        </Placemark>

        <Placemark>
          <name>1233</name>
          <styleUrl>#style_Healthy</styleUrl>
          <ExtendedData>
            <Data name="id"><value>1233</value></Data>
            <Data name="Class"><value>Healthy</value></Data>
          </ExtendedData>
          <Point><coordinates>102.437826000,2.946272000,0</coordinates></Point>
        </Placemark>

        <Placemark>
          <name>1234</name>
          <styleUrl>#style_Healthy</styleUrl>
          <ExtendedData>
            <Data name="id"><value>1234</value></Data>
            <Data name="Class"><value>Healthy</value></Data>
          </ExtendedData>
          <Point><coordinates>102.438794000,2.947314000,0</coordinates></Point>
        </Placemark>

        <Placemark>
          <name>1235</name>
          <styleUrl>#style_Healthy</styleUrl>
          <ExtendedData>
            <Data name="id"><value>1235</value></Data>
            <Data name="Class"><value>Healthy</value></Data>
          </ExtendedData>
          <Point><coordinates>102.438908000,2.947658000,0</coordinates></Point>
        </Placemark>

        <Placemark>
          <name>1236</name>
          <styleUrl>#style_Healthy</styleUrl>
          <ExtendedData>
            <Data name="id"><value>1236</value></Data>
            <Data name="Class"><value>Healthy</value></Data>
          </ExtendedData>
          <Point><coordinates>102.439697000,2.948079000,0</coordinates></Point>
        </Placemark>

        <Placemark>
          <name>1237</name>
          <styleUrl>#style_Healthy</styleUrl>
          <ExtendedData>
            <Data name="id"><value>1237</value></Data>
            <Data name="Class"><value>Healthy</value></Data>
          </ExtendedData>
          <Point><coordinates>102.437754000,2.946134000,0</coordinates></Point>
        </Placemark>

        <Placemark>
          <name>1238</name>
          <styleUrl>#style_Healthy</styleUrl>
          <ExtendedData>
            <Data name="id"><value>1238</value></Data>
            <Data name="Class"><value>Healthy</value></Data>
          </ExtendedData>
          <Point><coordinates>102.438021000,2.946616000,0</coordinates></Point>
        </Placemark>

        <Placemark>
          <name>1239</name>
          <styleUrl>#style_Healthy</styleUrl>
          <ExtendedData>
            <Data name="id"><value>1239</value></Data>
            <Data name="Class"><value>Healthy</value></Data>
          </ExtendedData>
          <Point><coordinates>102.438758000,2.947243000,0</coordinates></Point>
        </Placemark>

        <Placemark>
          <name>1240</name>
          <styleUrl>#style_Healthy</styleUrl>
          <ExtendedData>
            <Data name="id"><value>1240</value></Data>
            <Data name="Class"><value>Healthy</value></Data>
          </ExtendedData>
          <Point><coordinates>102.434989000,2.948010000,0</coordinates></Point>
        </Placemark>

        <Placemark>
          <name>1241</name>
          <styleUrl>#style_Healthy</styleUrl>
          <ExtendedData>
            <Data name="id"><value>1241</value></Data>
            <Data name="Class"><value>Healthy</value></Data>
          </ExtendedData>
          <Point><coordinates>102.436455000,2.946460000,0</coordinates></Point>
        </Placemark>

        <Placemark>
          <name>1242</name>
          <styleUrl>#style_Healthy</styleUrl>
          <ExtendedData>
            <Data name="id"><value>1242</value></Data>
            <Data name="Class"><value>Healthy</value></Data>
          </ExtendedData>
          <Point><coordinates>102.438755000,2.947382000,0</coordinates></Point>
        </Placemark>

        <Placemark>
          <name>1243</name>
          <styleUrl>#style_Healthy</styleUrl>
          <ExtendedData>
            <Data name="id"><value>1243</value></Data>
            <Data name="Class"><value>Healthy</value></Data>
          </ExtendedData>
          <Point><coordinates>102.438913000,2.947383000,0</coordinates></Point>
        </Placemark>

        <Placemark>
          <name>1244</name>
          <styleUrl>#style_Healthy</styleUrl>
          <ExtendedData>
            <Data name="id"><value>1244</value></Data>
            <Data name="Class"><value>Healthy</value></Data>
          </ExtendedData>
          <Point><coordinates>102.436146000,2.946182000,0</coordinates></Point>
        </Placemark>

        <Placemark>
          <name>1245</name>
          <styleUrl>#style_Healthy</styleUrl>
          <ExtendedData>
            <Data name="id"><value>1245</value></Data>
            <Data name="Class"><value>Healthy</value></Data>
          </ExtendedData>
          <Point><coordinates>102.439577000,2.947740000,0</coordinates></Point>
        </Placemark>

        <Placemark>
          <name>1246</name>
          <styleUrl>#style_Healthy</styleUrl>
          <ExtendedData>
            <Data name="id"><value>1246</value></Data>
            <Data name="Class"><value>Healthy</value></Data>
          </ExtendedData>
          <Point><coordinates>102.438878000,2.947179000,0</coordinates></Point>
        </Placemark>

        <Placemark>
          <name>1247</name>
          <styleUrl>#style_Healthy</styleUrl>
          <ExtendedData>
            <Data name="id"><value>1247</value></Data>
            <Data name="Class"><value>Healthy</value></Data>
          </ExtendedData>
          <Point><coordinates>102.438957000,2.947314000,0</coordinates></Point>
        </Placemark>

        <Placemark>
          <name>1248</name>
          <styleUrl>#style_Healthy</styleUrl>
          <ExtendedData>
            <Data name="id"><value>1248</value></Data>
            <Data name="Class"><value>Healthy</value></Data>
          </ExtendedData>
          <Point><coordinates>102.438720000,2.947175000,0</coordinates></Point>
        </Placemark>

        <Placemark>
          <name>1249</name>
          <styleUrl>#style_Healthy</styleUrl>
          <ExtendedData>
            <Data name="id"><value>1249</value></Data>
            <Data name="Class"><value>Healthy</value></Data>
          </ExtendedData>
          <Point><coordinates>102.438708000,2.947308000,0</coordinates></Point>
        </Placemark>

        <Placemark>
          <name>1250</name>
          <styleUrl>#style_Healthy</styleUrl>
          <ExtendedData>
            <Data name="id"><value>1250</value></Data>
            <Data name="Class"><value>Healthy</value></Data>
          </ExtendedData>
          <Point><coordinates>102.439103000,2.948002000,0</coordinates></Point>
        </Placemark>

        <Placemark>
          <name>1251</name>
          <styleUrl>#style_Healthy</styleUrl>
          <ExtendedData>
            <Data name="id"><value>1251</value></Data>
            <Data name="Class"><value>Healthy</value></Data>
          </ExtendedData>
          <Point><coordinates>102.439614000,2.948083000,0</coordinates></Point>
        </Placemark>

        <Placemark>
          <name>1252</name>
          <styleUrl>#style_Healthy</styleUrl>
          <ExtendedData>
            <Data name="id"><value>1252</value></Data>
            <Data name="Class"><value>Healthy</value></Data>
          </ExtendedData>
          <Point><coordinates>102.434789000,2.947807000,0</coordinates></Point>
        </Placemark>

        <Placemark>
          <name>1253</name>
          <styleUrl>#style_Healthy</styleUrl>
          <ExtendedData>
            <Data name="id"><value>1253</value></Data>
            <Data name="Class"><value>Healthy</value></Data>
          </ExtendedData>
          <Point><coordinates>102.439731000,2.947877000,0</coordinates></Point>
        </Placemark>

        <Placemark>
          <name>1254</name>
          <styleUrl>#style_Healthy</styleUrl>
          <ExtendedData>
            <Data name="id"><value>1254</value></Data>
            <Data name="Class"><value>Healthy</value></Data>
          </ExtendedData>
          <Point><coordinates>102.439500000,2.947879000,0</coordinates></Point>
        </Placemark>

        <Placemark>
          <name>1255</name>
          <styleUrl>#style_Healthy</styleUrl>
          <ExtendedData>
            <Data name="id"><value>1255</value></Data>
            <Data name="Class"><value>Healthy</value></Data>
          </ExtendedData>
          <Point><coordinates>102.437708000,2.946069000,0</coordinates></Point>
        </Placemark>

        <Placemark>
          <name>1256</name>
          <styleUrl>#style_Healthy</styleUrl>
          <ExtendedData>
            <Data name="id"><value>1256</value></Data>
            <Data name="Class"><value>Healthy</value></Data>
          </ExtendedData>
          <Point><coordinates>102.436722000,2.947072000,0</coordinates></Point>
        </Placemark>

        <Placemark>
          <name>1257</name>
          <styleUrl>#style_Healthy</styleUrl>
          <ExtendedData>
            <Data name="id"><value>1257</value></Data>
            <Data name="Class"><value>Healthy</value></Data>
          </ExtendedData>
          <Point><coordinates>102.439339000,2.948009000,0</coordinates></Point>
        </Placemark>

        <Placemark>
          <name>1258</name>
          <styleUrl>#style_Healthy</styleUrl>
          <ExtendedData>
            <Data name="id"><value>1258</value></Data>
            <Data name="Class"><value>Healthy</value></Data>
          </ExtendedData>
          <Point><coordinates>102.439776000,2.948084000,0</coordinates></Point>
        </Placemark>

        <Placemark>
          <name>1259</name>
          <styleUrl>#style_Healthy</styleUrl>
          <ExtendedData>
            <Data name="id"><value>1259</value></Data>
            <Data name="Class"><value>Healthy</value></Data>
          </ExtendedData>
          <Point><coordinates>102.438878000,2.947318000,0</coordinates></Point>
        </Placemark>

        <Placemark>
          <name>1260</name>
          <styleUrl>#style_Healthy</styleUrl>
          <ExtendedData>
            <Data name="id"><value>1260</value></Data>
            <Data name="Class"><value>Healthy</value></Data>
          </ExtendedData>
          <Point><coordinates>102.439182000,2.947872000,0</coordinates></Point>
        </Placemark>

        <Placemark>
          <name>1261</name>
          <styleUrl>#style_Healthy</styleUrl>
          <ExtendedData>
            <Data name="id"><value>1261</value></Data>
            <Data name="Class"><value>Healthy</value></Data>
          </ExtendedData>
          <Point><coordinates>102.439502000,2.947463000,0</coordinates></Point>
        </Placemark>

        <Placemark>
          <name>1262</name>
          <styleUrl>#style_Healthy</styleUrl>
          <ExtendedData>
            <Data name="id"><value>1262</value></Data>
            <Data name="Class"><value>Healthy</value></Data>
          </ExtendedData>
          <Point><coordinates>102.434950000,2.947806000,0</coordinates></Point>
        </Placemark>

        <Placemark>
          <name>1263</name>
          <styleUrl>#style_Healthy</styleUrl>
          <ExtendedData>
            <Data name="id"><value>1263</value></Data>
            <Data name="Class"><value>Healthy</value></Data>
          </ExtendedData>
          <Point><coordinates>102.435064000,2.948010000,0</coordinates></Point>
        </Placemark>

        <Placemark>
          <name>1264</name>
          <styleUrl>#style_Healthy</styleUrl>
          <ExtendedData>
            <Data name="id"><value>1264</value></Data>
            <Data name="Class"><value>Healthy</value></Data>
          </ExtendedData>
          <Point><coordinates>102.439650000,2.948011000,0</coordinates></Point>
        </Placemark>

        <Placemark>
          <name>1265</name>
          <styleUrl>#style_Healthy</styleUrl>
          <ExtendedData>
            <Data name="id"><value>1265</value></Data>
            <Data name="Class"><value>Healthy</value></Data>
          </ExtendedData>
          <Point><coordinates>102.439065000,2.947795000,0</coordinates></Point>
        </Placemark>

        <Placemark>
          <name>1266</name>
          <styleUrl>#style_Healthy</styleUrl>
          <ExtendedData>
            <Data name="id"><value>1266</value></Data>
            <Data name="Class"><value>Healthy</value></Data>
          </ExtendedData>
          <Point><coordinates>102.435184000,2.948079000,0</coordinates></Point>
        </Placemark>

        <Placemark>
          <name>1267</name>
          <styleUrl>#style_Healthy</styleUrl>
          <ExtendedData>
            <Data name="id"><value>1267</value></Data>
            <Data name="Class"><value>Healthy</value></Data>
          </ExtendedData>
          <Point><coordinates>102.438984000,2.947796000,0</coordinates></Point>
        </Placemark>

        <Placemark>
          <name>1268</name>
          <styleUrl>#style_Healthy</styleUrl>
          <ExtendedData>
            <Data name="id"><value>1268</value></Data>
            <Data name="Class"><value>Healthy</value></Data>
          </ExtendedData>
          <Point><coordinates>102.436340000,2.946252000,0</coordinates></Point>
        </Placemark>

        <Placemark>
          <name>1269</name>
          <styleUrl>#style_Healthy</styleUrl>
          <ExtendedData>
            <Data name="id"><value>1269</value></Data>
            <Data name="Class"><value>Healthy</value></Data>
          </ExtendedData>
          <Point><coordinates>102.436110000,2.946112000,0</coordinates></Point>
        </Placemark>

        <Placemark>
          <name>1270</name>
          <styleUrl>#style_Healthy</styleUrl>
          <ExtendedData>
            <Data name="id"><value>1270</value></Data>
            <Data name="Class"><value>Healthy</value></Data>
          </ExtendedData>
          <Point><coordinates>102.437592000,2.946271000,0</coordinates></Point>
        </Placemark>

        <Placemark>
          <name>1271</name>
          <styleUrl>#style_Healthy</styleUrl>
          <ExtendedData>
            <Data name="id"><value>1271</value></Data>
            <Data name="Class"><value>Healthy</value></Data>
          </ExtendedData>
          <Point><coordinates>102.439139000,2.947802000,0</coordinates></Point>
        </Placemark>

        <Placemark>
          <name>1272</name>
          <styleUrl>#style_Healthy</styleUrl>
          <ExtendedData>
            <Data name="id"><value>1272</value></Data>
            <Data name="Class"><value>Healthy</value></Data>
          </ExtendedData>
          <Point><coordinates>102.439343000,2.947327000,0</coordinates></Point>
        </Placemark>

        <Placemark>
          <name>1273</name>
          <styleUrl>#style_Healthy</styleUrl>
          <ExtendedData>
            <Data name="id"><value>1273</value></Data>
            <Data name="Class"><value>Healthy</value></Data>
          </ExtendedData>
          <Point><coordinates>102.436224000,2.946318000,0</coordinates></Point>
        </Placemark>

        <Placemark>
          <name>1274</name>
          <styleUrl>#style_Healthy</styleUrl>
          <ExtendedData>
            <Data name="id"><value>1274</value></Data>
            <Data name="Class"><value>Healthy</value></Data>
          </ExtendedData>
          <Point><coordinates>102.437939000,2.946752000,0</coordinates></Point>
        </Placemark>

        <Placemark>
          <name>1275</name>
          <styleUrl>#style_Healthy</styleUrl>
          <ExtendedData>
            <Data name="id"><value>1275</value></Data>
            <Data name="Class"><value>Healthy</value></Data>
          </ExtendedData>
          <Point><coordinates>102.439345000,2.947190000,0</coordinates></Point>
        </Placemark>

        <Placemark>
          <name>1276</name>
          <styleUrl>#style_Healthy</styleUrl>
          <ExtendedData>
            <Data name="id"><value>1276</value></Data>
            <Data name="Class"><value>Healthy</value></Data>
          </ExtendedData>
          <Point><coordinates>102.439617000,2.947944000,0</coordinates></Point>
        </Placemark>

        <Placemark>
          <name>1277</name>
          <styleUrl>#style_Healthy</styleUrl>
          <ExtendedData>
            <Data name="id"><value>1277</value></Data>
            <Data name="Class"><value>Healthy</value></Data>
          </ExtendedData>
          <Point><coordinates>102.436535000,2.946454000,0</coordinates></Point>
        </Placemark>

        <Placemark>
          <name>1278</name>
          <styleUrl>#style_Healthy</styleUrl>
          <ExtendedData>
            <Data name="id"><value>1278</value></Data>
            <Data name="Class"><value>Healthy</value></Data>
          </ExtendedData>
          <Point><coordinates>102.439027000,2.947865000,0</coordinates></Point>
        </Placemark>

        <Placemark>
          <name>1279</name>
          <styleUrl>#style_Healthy</styleUrl>
          <ExtendedData>
            <Data name="id"><value>1279</value></Data>
            <Data name="Class"><value>Healthy</value></Data>
          </ExtendedData>
          <Point><coordinates>102.436345000,2.946119000,0</coordinates></Point>
        </Placemark>

        <Placemark>
          <name>1280</name>
          <styleUrl>#style_Healthy</styleUrl>
          <ExtendedData>
            <Data name="id"><value>1280</value></Data>
            <Data name="Class"><value>Healthy</value></Data>
          </ExtendedData>
          <Point><coordinates>102.439135000,2.947938000,0</coordinates></Point>
        </Placemark>

        <Placemark>
          <name>1281</name>
          <styleUrl>#style_Healthy</styleUrl>
          <ExtendedData>
            <Data name="id"><value>1281</value></Data>
            <Data name="Class"><value>Healthy</value></Data>
          </ExtendedData>
          <Point><coordinates>102.438017000,2.946896000,0</coordinates></Point>
        </Placemark>

        <Placemark>
          <name>1282</name>
          <styleUrl>#style_Healthy</styleUrl>
          <ExtendedData>
            <Data name="id"><value>1282</value></Data>
            <Data name="Class"><value>Healthy</value></Data>
          </ExtendedData>
          <Point><coordinates>102.436880000,2.947080000,0</coordinates></Point>
        </Placemark>

        <Placemark>
          <name>1283</name>
          <styleUrl>#style_Healthy</styleUrl>
          <ExtendedData>
            <Data name="id"><value>1283</value></Data>
            <Data name="Class"><value>Healthy</value></Data>
          </ExtendedData>
          <Point><coordinates>102.439307000,2.947260000,0</coordinates></Point>
        </Placemark>

        <Placemark>
          <name>1284</name>
          <styleUrl>#style_Healthy</styleUrl>
          <ExtendedData>
            <Data name="id"><value>1284</value></Data>
            <Data name="Class"><value>Healthy</value></Data>
          </ExtendedData>
          <Point><coordinates>102.439729000,2.948151000,0</coordinates></Point>
        </Placemark>

        <Placemark>
          <name>1285</name>
          <styleUrl>#style_Healthy</styleUrl>
          <ExtendedData>
            <Data name="id"><value>1285</value></Data>
            <Data name="Class"><value>Healthy</value></Data>
          </ExtendedData>
          <Point><coordinates>102.437860000,2.946746000,0</coordinates></Point>
        </Placemark>

        <Placemark>
          <name>1286</name>
          <styleUrl>#style_Healthy</styleUrl>
          <ExtendedData>
            <Data name="id"><value>1286</value></Data>
            <Data name="Class"><value>Healthy</value></Data>
          </ExtendedData>
          <Point><coordinates>102.437709000,2.946469000,0</coordinates></Point>
        </Placemark>

        <Placemark>
          <name>1287</name>
          <styleUrl>#style_Healthy</styleUrl>
          <ExtendedData>
            <Data name="id"><value>1287</value></Data>
            <Data name="Class"><value>Healthy</value></Data>
          </ExtendedData>
          <Point><coordinates>102.439769000,2.947945000,0</coordinates></Point>
        </Placemark>

        <Placemark>
          <name>1288</name>
          <styleUrl>#style_Healthy</styleUrl>
          <ExtendedData>
            <Data name="id"><value>1288</value></Data>
            <Data name="Class"><value>Healthy</value></Data>
          </ExtendedData>
          <Point><coordinates>102.439449000,2.948220000,0</coordinates></Point>
        </Placemark>

        <Placemark>
          <name>1289</name>
          <styleUrl>#style_Healthy</styleUrl>
          <ExtendedData>
            <Data name="id"><value>1289</value></Data>
            <Data name="Class"><value>Healthy</value></Data>
          </ExtendedData>
          <Point><coordinates>102.436419000,2.946382000,0</coordinates></Point>
        </Placemark>

        <Placemark>
          <name>1290</name>
          <styleUrl>#style_Healthy</styleUrl>
          <ExtendedData>
            <Data name="id"><value>1290</value></Data>
            <Data name="Class"><value>Healthy</value></Data>
          </ExtendedData>
          <Point><coordinates>102.436652000,2.947074000,0</coordinates></Point>
        </Placemark>

        <Placemark>
          <name>1291</name>
          <styleUrl>#style_Healthy</styleUrl>
          <ExtendedData>
            <Data name="id"><value>1291</value></Data>
            <Data name="Class"><value>Healthy</value></Data>
          </ExtendedData>
          <Point><coordinates>102.436768000,2.947009000,0</coordinates></Point>
        </Placemark>

        <Placemark>
          <name>1292</name>
          <styleUrl>#style_Healthy</styleUrl>
          <ExtendedData>
            <Data name="id"><value>1292</value></Data>
            <Data name="Class"><value>Healthy</value></Data>
          </ExtendedData>
          <Point><coordinates>102.436804000,2.946945000,0</coordinates></Point>
        </Placemark>

        <Placemark>
          <name>1293</name>
          <styleUrl>#style_Healthy</styleUrl>
          <ExtendedData>
            <Data name="id"><value>1293</value></Data>
            <Data name="Class"><value>Healthy</value></Data>
          </ExtendedData>
          <Point><coordinates>102.437663000,2.946407000,0</coordinates></Point>
        </Placemark>

        <Placemark>
          <name>1294</name>
          <styleUrl>#style_Healthy</styleUrl>
          <ExtendedData>
            <Data name="id"><value>1294</value></Data>
            <Data name="Class"><value>Healthy</value></Data>
          </ExtendedData>
          <Point><coordinates>102.437626000,2.946338000,0</coordinates></Point>
        </Placemark>

        <Placemark>
          <name>1295</name>
          <styleUrl>#style_Healthy</styleUrl>
          <ExtendedData>
            <Data name="id"><value>1295</value></Data>
            <Data name="Class"><value>Healthy</value></Data>
          </ExtendedData>
          <Point><coordinates>102.437747000,2.946544000,0</coordinates></Point>
        </Placemark>

        <Placemark>
          <name>1296</name>
          <styleUrl>#style_Healthy</styleUrl>
          <ExtendedData>
            <Data name="id"><value>1296</value></Data>
            <Data name="Class"><value>Healthy</value></Data>
          </ExtendedData>
          <Point><coordinates>102.438018000,2.946758000,0</coordinates></Point>
        </Placemark>

        <Placemark>
          <name>1297</name>
          <styleUrl>#style_Healthy</styleUrl>
          <ExtendedData>
            <Data name="id"><value>1297</value></Data>
            <Data name="Class"><value>Healthy</value></Data>
          </ExtendedData>
          <Point><coordinates>102.438055000,2.946693000,0</coordinates></Point>
        </Placemark>

        <Placemark>
          <name>1298</name>
          <styleUrl>#style_Healthy</styleUrl>
          <ExtendedData>
            <Data name="id"><value>1298</value></Data>
            <Data name="Class"><value>Healthy</value></Data>
          </ExtendedData>
          <Point><coordinates>102.437891000,2.946811000,0</coordinates></Point>
        </Placemark>

        <Placemark>
          <name>1300</name>
          <styleUrl>#style_Healthy</styleUrl>
          <ExtendedData>
            <Data name="id"><value>1300</value></Data>
            <Data name="Class"><value>Healthy</value></Data>
          </ExtendedData>
          <Point><coordinates>102.437899000,2.946685000,0</coordinates></Point>
        </Placemark>

        <Placemark>
          <name>1301</name>
          <styleUrl>#style_Healthy</styleUrl>
          <ExtendedData>
            <Data name="id"><value>1301</value></Data>
            <Data name="Class"><value>Healthy</value></Data>
          </ExtendedData>
          <Point><coordinates>102.437984000,2.946685000,0</coordinates></Point>
        </Placemark>

        <Placemark>
          <name>1302</name>
          <styleUrl>#style_Healthy</styleUrl>
          <ExtendedData>
            <Data name="id"><value>1302</value></Data>
            <Data name="Class"><value>Healthy</value></Data>
          </ExtendedData>
          <Point><coordinates>102.437940000,2.946619000,0</coordinates></Point>
        </Placemark>

        <Placemark>
          <name>1303</name>
          <styleUrl>#style_Healthy</styleUrl>
          <ExtendedData>
            <Data name="id"><value>1303</value></Data>
            <Data name="Class"><value>Healthy</value></Data>
          </ExtendedData>
          <Point><coordinates>102.437976000,2.946538000,0</coordinates></Point>
        </Placemark>

        <Placemark>
          <name>1304</name>
          <styleUrl>#style_Healthy</styleUrl>
          <ExtendedData>
            <Data name="id"><value>1304</value></Data>
            <Data name="Class"><value>Healthy</value></Data>
          </ExtendedData>
          <Point><coordinates>102.437782000,2.946206000,0</coordinates></Point>
        </Placemark>

        <Placemark>
          <name>1305</name>
          <styleUrl>#style_Healthy</styleUrl>
          <ExtendedData>
            <Data name="id"><value>1305</value></Data>
            <Data name="Class"><value>Healthy</value></Data>
          </ExtendedData>
          <Point><coordinates>102.438254000,2.947038000,0</coordinates></Point>
        </Placemark>

        <Placemark>
          <name>1306</name>
          <styleUrl>#style_Healthy</styleUrl>
          <ExtendedData>
            <Data name="id"><value>1306</value></Data>
            <Data name="Class"><value>Healthy</value></Data>
          </ExtendedData>
          <Point><coordinates>102.438293000,2.947099000,0</coordinates></Point>
        </Placemark>

        <Placemark>
          <name>1307</name>
          <styleUrl>#style_Healthy</styleUrl>
          <ExtendedData>
            <Data name="id"><value>1307</value></Data>
            <Data name="Class"><value>Healthy</value></Data>
          </ExtendedData>
          <Point><coordinates>102.439418000,2.947323000,0</coordinates></Point>
        </Placemark>

        <Placemark>
          <name>1308</name>
          <styleUrl>#style_Healthy</styleUrl>
          <ExtendedData>
            <Data name="id"><value>1308</value></Data>
            <Data name="Class"><value>Healthy</value></Data>
          </ExtendedData>
          <Point><coordinates>102.439385000,2.947261000,0</coordinates></Point>
        </Placemark>

        <Placemark>
          <name>1309</name>
          <styleUrl>#style_Healthy</styleUrl>
          <ExtendedData>
            <Data name="id"><value>1309</value></Data>
            <Data name="Class"><value>Healthy</value></Data>
          </ExtendedData>
          <Point><coordinates>102.439589000,2.947881000,0</coordinates></Point>
        </Placemark>

        <Placemark>
          <name>1310</name>
          <styleUrl>#style_Healthy</styleUrl>
          <ExtendedData>
            <Data name="id"><value>1310</value></Data>
            <Data name="Class"><value>Healthy</value></Data>
          </ExtendedData>
          <Point><coordinates>102.439421000,2.948151000,0</coordinates></Point>
        </Placemark>

        <Placemark>
          <name>1311</name>
          <styleUrl>#style_Healthy</styleUrl>
          <ExtendedData>
            <Data name="id"><value>1311</value></Data>
            <Data name="Class"><value>Healthy</value></Data>
          </ExtendedData>
          <Point><coordinates>102.438673000,2.947243000,0</coordinates></Point>
        </Placemark>

        <Placemark>
          <name>1312</name>
          <styleUrl>#style_Healthy</styleUrl>
          <ExtendedData>
            <Data name="id"><value>1312</value></Data>
            <Data name="Class"><value>Healthy</value></Data>
          </ExtendedData>
          <Point><coordinates>102.436742000,2.945576000,0</coordinates></Point>
        </Placemark>

        <Placemark>
          <name>1313</name>
          <styleUrl>#style_Healthy</styleUrl>
          <ExtendedData>
            <Data name="id"><value>1313</value></Data>
            <Data name="Class"><value>Healthy</value></Data>
          </ExtendedData>
          <Point><coordinates>102.436696931,2.945644152,0</coordinates></Point>
        </Placemark>

        <Placemark>
          <name>1314</name>
          <styleUrl>#style_Healthy</styleUrl>
          <ExtendedData>
            <Data name="id"><value>1314</value></Data>
            <Data name="Class"><value>Healthy</value></Data>
          </ExtendedData>
          <Point><coordinates>102.438446000,2.946008000,0</coordinates></Point>
        </Placemark>

        <Placemark>
          <name>1315</name>
          <styleUrl>#style_Healthy</styleUrl>
          <ExtendedData>
            <Data name="id"><value>1315</value></Data>
            <Data name="Class"><value>Healthy</value></Data>
          </ExtendedData>
          <Point><coordinates>102.436660000,2.945435000,0</coordinates></Point>
        </Placemark>

        <Placemark>
          <name>1316</name>
          <styleUrl>#style_Healthy</styleUrl>
          <ExtendedData>
            <Data name="id"><value>1316</value></Data>
            <Data name="Class"><value>Healthy</value></Data>
          </ExtendedData>
          <Point><coordinates>102.436776000,2.945503000,0</coordinates></Point>
        </Placemark>

        <Placemark>
          <name>1317</name>
          <styleUrl>#style_Healthy</styleUrl>
          <ExtendedData>
            <Data name="id"><value>1317</value></Data>
            <Data name="Class"><value>Healthy</value></Data>
          </ExtendedData>
          <Point><coordinates>102.436890000,2.945715000,0</coordinates></Point>
        </Placemark>

        <Placemark>
          <name>1318</name>
          <styleUrl>#style_Healthy</styleUrl>
          <ExtendedData>
            <Data name="id"><value>1318</value></Data>
            <Data name="Class"><value>Healthy</value></Data>
          </ExtendedData>
          <Point><coordinates>102.436389000,2.945096000,0</coordinates></Point>
        </Placemark>

        <Placemark>
          <name>1319</name>
          <styleUrl>#style_Healthy</styleUrl>
          <ExtendedData>
            <Data name="id"><value>1319</value></Data>
            <Data name="Class"><value>Healthy</value></Data>
          </ExtendedData>
          <Point><coordinates>102.436977000,2.945713000,0</coordinates></Point>
        </Placemark>

        <Placemark>
          <name>1321</name>
          <styleUrl>#style_Healthy</styleUrl>
          <ExtendedData>
            <Data name="id"><value>1321</value></Data>
            <Data name="Class"><value>Healthy</value></Data>
          </ExtendedData>
          <Point><coordinates>102.436623000,2.945365000,0</coordinates></Point>
        </Placemark>

        <Placemark>
          <name>1322</name>
          <styleUrl>#style_Healthy</styleUrl>
          <ExtendedData>
            <Data name="id"><value>1322</value></Data>
            <Data name="Class"><value>Healthy</value></Data>
          </ExtendedData>
          <Point><coordinates>102.437012000,2.945916000,0</coordinates></Point>
        </Placemark>

        <Placemark>
          <name>1325</name>
          <styleUrl>#style_Healthy</styleUrl>
          <ExtendedData>
            <Data name="id"><value>1325</value></Data>
            <Data name="Class"><value>Healthy</value></Data>
          </ExtendedData>
          <Point><coordinates>102.436930000,2.945782000,0</coordinates></Point>
        </Placemark>

        <Placemark>
          <name>1326</name>
          <styleUrl>#style_Healthy</styleUrl>
          <ExtendedData>
            <Data name="id"><value>1326</value></Data>
            <Data name="Class"><value>Healthy</value></Data>
          </ExtendedData>
          <Point><coordinates>102.436588000,2.945298000,0</coordinates></Point>
        </Placemark>

        <Placemark>
          <name>1327</name>
          <styleUrl>#style_Healthy</styleUrl>
          <ExtendedData>
            <Data name="id"><value>1327</value></Data>
            <Data name="Class"><value>Healthy</value></Data>
          </ExtendedData>
          <Point><coordinates>102.436816000,2.945707000,0</coordinates></Point>
        </Placemark>

        <Placemark>
          <name>1328</name>
          <styleUrl>#style_Healthy</styleUrl>
          <ExtendedData>
            <Data name="id"><value>1328</value></Data>
            <Data name="Class"><value>Healthy</value></Data>
          </ExtendedData>
          <Point><coordinates>102.436390000,2.944956000,0</coordinates></Point>
        </Placemark>

        <Placemark>
          <name>1329</name>
          <styleUrl>#style_Healthy</styleUrl>
          <ExtendedData>
            <Data name="id"><value>1329</value></Data>
            <Data name="Class"><value>Healthy</value></Data>
          </ExtendedData>
          <Point><coordinates>102.436510000,2.945029000,0</coordinates></Point>
        </Placemark>

        <Placemark>
          <name>1330</name>
          <styleUrl>#style_Healthy</styleUrl>
          <ExtendedData>
            <Data name="id"><value>1330</value></Data>
            <Data name="Class"><value>Healthy</value></Data>
          </ExtendedData>
          <Point><coordinates>102.436661000,2.945563000,0</coordinates></Point>
        </Placemark>

        <Placemark>
          <name>1331</name>
          <styleUrl>#style_Healthy</styleUrl>
          <ExtendedData>
            <Data name="id"><value>1331</value></Data>
            <Data name="Class"><value>Healthy</value></Data>
          </ExtendedData>
          <Point><coordinates>102.439914000,2.949315000,0</coordinates></Point>
        </Placemark>

        <Placemark>
          <name>1333</name>
          <styleUrl>#style_Healthy</styleUrl>
          <ExtendedData>
            <Data name="id"><value>1333</value></Data>
            <Data name="Class"><value>Healthy</value></Data>
          </ExtendedData>
          <Point><coordinates>102.436578000,2.945434000,0</coordinates></Point>
        </Placemark>

        <Placemark>
          <name>1334</name>
          <styleUrl>#style_Healthy</styleUrl>
          <ExtendedData>
            <Data name="id"><value>1334</value></Data>
            <Data name="Class"><value>Healthy</value></Data>
          </ExtendedData>
          <Point><coordinates>102.437564000,2.945107000,0</coordinates></Point>
        </Placemark>

        <Placemark>
          <name>1335</name>
          <styleUrl>#style_Healthy</styleUrl>
          <ExtendedData>
            <Data name="id"><value>1335</value></Data>
            <Data name="Class"><value>Healthy</value></Data>
          </ExtendedData>
          <Point><coordinates>102.436736000,2.945708000,0</coordinates></Point>
        </Placemark>

        <Placemark>
          <name>1336</name>
          <styleUrl>#style_Healthy</styleUrl>
          <ExtendedData>
            <Data name="id"><value>1336</value></Data>
            <Data name="Class"><value>Healthy</value></Data>
          </ExtendedData>
          <Point><coordinates>102.436743000,2.945299000,0</coordinates></Point>
        </Placemark>

        <Placemark>
          <name>1337</name>
          <styleUrl>#style_Healthy</styleUrl>
          <ExtendedData>
            <Data name="id"><value>1337</value></Data>
            <Data name="Class"><value>Healthy</value></Data>
          </ExtendedData>
          <Point><coordinates>102.436509000,2.945157000,0</coordinates></Point>
        </Placemark>

        <Placemark>
          <name>1338</name>
          <styleUrl>#style_Healthy</styleUrl>
          <ExtendedData>
            <Data name="id"><value>1338</value></Data>
            <Data name="Class"><value>Healthy</value></Data>
          </ExtendedData>
          <Point><coordinates>102.434007000,2.947119000,0</coordinates></Point>
        </Placemark>

        <Placemark>
          <name>1339</name>
          <styleUrl>#style_Healthy</styleUrl>
          <ExtendedData>
            <Data name="id"><value>1339</value></Data>
            <Data name="Class"><value>Healthy</value></Data>
          </ExtendedData>
          <Point><coordinates>102.434283000,2.947315000,0</coordinates></Point>
        </Placemark>

        <Placemark>
          <name>1340</name>
          <styleUrl>#style_Healthy</styleUrl>
          <ExtendedData>
            <Data name="id"><value>1340</value></Data>
            <Data name="Class"><value>Healthy</value></Data>
          </ExtendedData>
          <Point><coordinates>102.436549000,2.945093000,0</coordinates></Point>
        </Placemark>

        <Placemark>
          <name>1341</name>
          <styleUrl>#style_Healthy</styleUrl>
          <ExtendedData>
            <Data name="id"><value>1341</value></Data>
            <Data name="Class"><value>Healthy</value></Data>
          </ExtendedData>
          <Point><coordinates>102.436815000,2.945576000,0</coordinates></Point>
        </Placemark>

        <Placemark>
          <name>1342</name>
          <styleUrl>#style_Healthy</styleUrl>
          <ExtendedData>
            <Data name="id"><value>1342</value></Data>
            <Data name="Class"><value>Healthy</value></Data>
          </ExtendedData>
          <Point><coordinates>102.436737000,2.945433000,0</coordinates></Point>
        </Placemark>

        <Placemark>
          <name>1343</name>
          <styleUrl>#style_Healthy</styleUrl>
          <ExtendedData>
            <Data name="id"><value>1343</value></Data>
            <Data name="Class"><value>Healthy</value></Data>
          </ExtendedData>
          <Point><coordinates>102.439999000,2.949327000,0</coordinates></Point>
        </Placemark>

        <Placemark>
          <name>1344</name>
          <styleUrl>#style_Healthy</styleUrl>
          <ExtendedData>
            <Data name="id"><value>1344</value></Data>
            <Data name="Class"><value>Healthy</value></Data>
          </ExtendedData>
          <Point><coordinates>102.436586000,2.945163000,0</coordinates></Point>
        </Placemark>

        <Placemark>
          <name>1346</name>
          <styleUrl>#style_Healthy</styleUrl>
          <ExtendedData>
            <Data name="id"><value>1346</value></Data>
            <Data name="Class"><value>Healthy</value></Data>
          </ExtendedData>
          <Point><coordinates>102.436820000,2.945432000,0</coordinates></Point>
        </Placemark>

        <Placemark>
          <name>1348</name>
          <styleUrl>#style_Healthy</styleUrl>
          <ExtendedData>
            <Data name="id"><value>1348</value></Data>
            <Data name="Class"><value>Healthy</value></Data>
          </ExtendedData>
          <Point><coordinates>102.436934000,2.945646000,0</coordinates></Point>
        </Placemark>

        <Placemark>
          <name>1349</name>
          <styleUrl>#style_Healthy</styleUrl>
          <ExtendedData>
            <Data name="id"><value>1349</value></Data>
            <Data name="Class"><value>Healthy</value></Data>
          </ExtendedData>
          <Point><coordinates>102.437990000,2.946004000,0</coordinates></Point>
        </Placemark>

        <Placemark>
          <name>1350</name>
          <styleUrl>#style_Healthy</styleUrl>
          <ExtendedData>
            <Data name="id"><value>1350</value></Data>
            <Data name="Class"><value>Healthy</value></Data>
          </ExtendedData>
          <Point><coordinates>102.436428000,2.945026000,0</coordinates></Point>
        </Placemark>

        <Placemark>
          <name>1351</name>
          <styleUrl>#style_Healthy</styleUrl>
          <ExtendedData>
            <Data name="id"><value>1351</value></Data>
            <Data name="Class"><value>Healthy</value></Data>
          </ExtendedData>
          <Point><coordinates>102.436468000,2.944957000,0</coordinates></Point>
        </Placemark>

        <Placemark>
          <name>1352</name>
          <styleUrl>#style_Healthy</styleUrl>
          <ExtendedData>
            <Data name="id"><value>1352</value></Data>
            <Data name="Class"><value>Healthy</value></Data>
          </ExtendedData>
          <Point><coordinates>102.436311000,2.944956000,0</coordinates></Point>
        </Placemark>

        <Placemark>
          <name>1353</name>
          <styleUrl>#style_Healthy</styleUrl>
          <ExtendedData>
            <Data name="id"><value>1353</value></Data>
            <Data name="Class"><value>Healthy</value></Data>
          </ExtendedData>
          <Point><coordinates>102.437405000,2.945109000,0</coordinates></Point>
        </Placemark>

        <Placemark>
          <name>1354</name>
          <styleUrl>#style_Healthy</styleUrl>
          <ExtendedData>
            <Data name="id"><value>1354</value></Data>
            <Data name="Class"><value>Healthy</value></Data>
          </ExtendedData>
          <Point><coordinates>102.434128000,2.947182000,0</coordinates></Point>
        </Placemark>

        <Placemark>
          <name>1355</name>
          <styleUrl>#style_Healthy</styleUrl>
          <ExtendedData>
            <Data name="id"><value>1355</value></Data>
            <Data name="Class"><value>Healthy</value></Data>
          </ExtendedData>
          <Point><coordinates>102.439766000,2.948773000,0</coordinates></Point>
        </Placemark>

        <Placemark>
          <name>1356</name>
          <styleUrl>#style_Healthy</styleUrl>
          <ExtendedData>
            <Data name="id"><value>1356</value></Data>
            <Data name="Class"><value>Healthy</value></Data>
          </ExtendedData>
          <Point><coordinates>102.436887000,2.945978000,0</coordinates></Point>
        </Placemark>

        <Placemark>
          <name>1357</name>
          <styleUrl>#style_Healthy</styleUrl>
          <ExtendedData>
            <Data name="id"><value>1357</value></Data>
            <Data name="Class"><value>Healthy</value></Data>
          </ExtendedData>
          <Point><coordinates>102.438228000,2.945472000,0</coordinates></Point>
        </Placemark>

        <Placemark>
          <name>1358</name>
          <styleUrl>#style_Healthy</styleUrl>
          <ExtendedData>
            <Data name="id"><value>1358</value></Data>
            <Data name="Class"><value>Healthy</value></Data>
          </ExtendedData>
          <Point><coordinates>102.434320000,2.947523000,0</coordinates></Point>
        </Placemark>

        <Placemark>
          <name>1359</name>
          <styleUrl>#style_Healthy</styleUrl>
          <ExtendedData>
            <Data name="id"><value>1359</value></Data>
            <Data name="Class"><value>Healthy</value></Data>
          </ExtendedData>
          <Point><coordinates>102.436627000,2.945088000,0</coordinates></Point>
        </Placemark>

        <Placemark>
          <name>1360</name>
          <styleUrl>#style_Healthy</styleUrl>
          <ExtendedData>
            <Data name="id"><value>1360</value></Data>
            <Data name="Class"><value>Healthy</value></Data>
          </ExtendedData>
          <Point><coordinates>102.439446000,2.948625000,0</coordinates></Point>
        </Placemark>

        <Placemark>
          <name>1361</name>
          <styleUrl>#style_Healthy</styleUrl>
          <ExtendedData>
            <Data name="id"><value>1361</value></Data>
            <Data name="Class"><value>Healthy</value></Data>
          </ExtendedData>
          <Point><coordinates>102.439875000,2.949252000,0</coordinates></Point>
        </Placemark>

        <Placemark>
          <name>1362</name>
          <styleUrl>#style_Healthy</styleUrl>
          <ExtendedData>
            <Data name="id"><value>1362</value></Data>
            <Data name="Class"><value>Healthy</value></Data>
          </ExtendedData>
          <Point><coordinates>102.434281000,2.947452000,0</coordinates></Point>
        </Placemark>

        <Placemark>
          <name>1363</name>
          <styleUrl>#style_Healthy</styleUrl>
          <ExtendedData>
            <Data name="id"><value>1363</value></Data>
            <Data name="Class"><value>Healthy</value></Data>
          </ExtendedData>
          <Point><coordinates>102.436352000,2.945026000,0</coordinates></Point>
        </Placemark>

        <Placemark>
          <name>1364</name>
          <styleUrl>#style_Healthy</styleUrl>
          <ExtendedData>
            <Data name="id"><value>1364</value></Data>
            <Data name="Class"><value>Healthy</value></Data>
          </ExtendedData>
          <Point><coordinates>102.438424000,2.945808000,0</coordinates></Point>
        </Placemark>

        <Placemark>
          <name>1365</name>
          <styleUrl>#style_Healthy</styleUrl>
          <ExtendedData>
            <Data name="id"><value>1365</value></Data>
            <Data name="Class"><value>Healthy</value></Data>
          </ExtendedData>
          <Point><coordinates>102.437640000,2.945247000,0</coordinates></Point>
        </Placemark>

        <Placemark>
          <name>1366</name>
          <styleUrl>#style_Healthy</styleUrl>
          <ExtendedData>
            <Data name="id"><value>1366</value></Data>
            <Data name="Class"><value>Healthy</value></Data>
          </ExtendedData>
          <Point><coordinates>102.439880000,2.948974000,0</coordinates></Point>
        </Placemark>

        <Placemark>
          <name>1367</name>
          <styleUrl>#style_Healthy</styleUrl>
          <ExtendedData>
            <Data name="id"><value>1367</value></Data>
            <Data name="Class"><value>Healthy</value></Data>
          </ExtendedData>
          <Point><coordinates>102.439798000,2.949246000,0</coordinates></Point>
        </Placemark>

        <Placemark>
          <name>1368</name>
          <styleUrl>#style_Healthy</styleUrl>
          <ExtendedData>
            <Data name="id"><value>1368</value></Data>
            <Data name="Class"><value>Healthy</value></Data>
          </ExtendedData>
          <Point><coordinates>102.439915000,2.949181000,0</coordinates></Point>
        </Placemark>

        <Placemark>
          <name>1369</name>
          <styleUrl>#style_Healthy</styleUrl>
          <ExtendedData>
            <Data name="id"><value>1369</value></Data>
            <Data name="Class"><value>Healthy</value></Data>
          </ExtendedData>
          <Point><coordinates>102.437873000,2.944978000,0</coordinates></Point>
        </Placemark>

        <Placemark>
          <name>1371</name>
          <styleUrl>#style_Healthy</styleUrl>
          <ExtendedData>
            <Data name="id"><value>1371</value></Data>
            <Data name="Class"><value>Healthy</value></Data>
          </ExtendedData>
          <Point><coordinates>102.436622000,2.945230000,0</coordinates></Point>
        </Placemark>

        <Placemark>
          <name>1372</name>
          <styleUrl>#style_Healthy</styleUrl>
          <ExtendedData>
            <Data name="id"><value>1372</value></Data>
            <Data name="Class"><value>Healthy</value></Data>
          </ExtendedData>
          <Point><coordinates>102.437996000,2.945052000,0</coordinates></Point>
        </Placemark>

        <Placemark>
          <name>1373</name>
          <styleUrl>#style_Healthy</styleUrl>
          <ExtendedData>
            <Data name="id"><value>1373</value></Data>
            <Data name="Class"><value>Healthy</value></Data>
          </ExtendedData>
          <Point><coordinates>102.436974000,2.945851000,0</coordinates></Point>
        </Placemark>

        <Placemark>
          <name>1374</name>
          <styleUrl>#style_Healthy</styleUrl>
          <ExtendedData>
            <Data name="id"><value>1374</value></Data>
            <Data name="Class"><value>Healthy</value></Data>
          </ExtendedData>
          <Point><coordinates>102.439252000,2.948282000,0</coordinates></Point>
        </Placemark>

        <Placemark>
          <name>1376</name>
          <styleUrl>#style_Healthy</styleUrl>
          <ExtendedData>
            <Data name="id"><value>1376</value></Data>
            <Data name="Class"><value>Healthy</value></Data>
          </ExtendedData>
          <Point><coordinates>102.434323000,2.947390000,0</coordinates></Point>
        </Placemark>

        <Placemark>
          <name>1377</name>
          <styleUrl>#style_Healthy</styleUrl>
          <ExtendedData>
            <Data name="id"><value>1377</value></Data>
            <Data name="Class"><value>Healthy</value></Data>
          </ExtendedData>
          <Point><coordinates>102.440038000,2.949257000,0</coordinates></Point>
        </Placemark>

        <Placemark>
          <name>1378</name>
          <styleUrl>#style_Healthy</styleUrl>
          <ExtendedData>
            <Data name="id"><value>1378</value></Data>
            <Data name="Class"><value>Healthy</value></Data>
          </ExtendedData>
          <Point><coordinates>102.439952000,2.949112000,0</coordinates></Point>
        </Placemark>

        <Placemark>
          <name>1379</name>
          <styleUrl>#style_Healthy</styleUrl>
          <ExtendedData>
            <Data name="id"><value>1379</value></Data>
            <Data name="Class"><value>Healthy</value></Data>
          </ExtendedData>
          <Point><coordinates>102.436971000,2.945978000,0</coordinates></Point>
        </Placemark>

        <Placemark>
          <name>1381</name>
          <styleUrl>#style_Healthy</styleUrl>
          <ExtendedData>
            <Data name="id"><value>1381</value></Data>
            <Data name="Class"><value>Healthy</value></Data>
          </ExtendedData>
          <Point><coordinates>102.439378000,2.948351000,0</coordinates></Point>
        </Placemark>

        <Placemark>
          <name>1384</name>
          <styleUrl>#style_Healthy</styleUrl>
          <ExtendedData>
            <Data name="id"><value>1384</value></Data>
            <Data name="Class"><value>Healthy</value></Data>
          </ExtendedData>
          <Point><coordinates>102.438065000,2.945597000,0</coordinates></Point>
        </Placemark>

        <Placemark>
          <name>1385</name>
          <styleUrl>#style_Healthy</styleUrl>
          <ExtendedData>
            <Data name="id"><value>1385</value></Data>
            <Data name="Class"><value>Healthy</value></Data>
          </ExtendedData>
          <Point><coordinates>102.439841000,2.949048000,0</coordinates></Point>
        </Placemark>

        <Placemark>
          <name>1386</name>
          <styleUrl>#style_Healthy</styleUrl>
          <ExtendedData>
            <Data name="id"><value>1386</value></Data>
            <Data name="Class"><value>Healthy</value></Data>
          </ExtendedData>
          <Point><coordinates>102.436705000,2.945233000,0</coordinates></Point>
        </Placemark>

        <Placemark>
          <name>1387</name>
          <styleUrl>#style_Healthy</styleUrl>
          <ExtendedData>
            <Data name="id"><value>1387</value></Data>
            <Data name="Class"><value>Healthy</value></Data>
          </ExtendedData>
          <Point><coordinates>102.437050000,2.945851000,0</coordinates></Point>
        </Placemark>

        <Placemark>
          <name>1388</name>
          <styleUrl>#style_Healthy</styleUrl>
          <ExtendedData>
            <Data name="id"><value>1388</value></Data>
            <Data name="Class"><value>Healthy</value></Data>
          </ExtendedData>
          <Point><coordinates>102.436589000,2.945020000,0</coordinates></Point>
        </Placemark>

        <Placemark>
          <name>1389</name>
          <styleUrl>#style_Healthy</styleUrl>
          <ExtendedData>
            <Data name="id"><value>1389</value></Data>
            <Data name="Class"><value>Healthy</value></Data>
          </ExtendedData>
          <Point><coordinates>102.436549000,2.944955000,0</coordinates></Point>
        </Placemark>

        <Placemark>
          <name>1390</name>
          <styleUrl>#style_Healthy</styleUrl>
          <ExtendedData>
            <Data name="id"><value>1390</value></Data>
            <Data name="Class"><value>Healthy</value></Data>
          </ExtendedData>
          <Point><coordinates>102.434083000,2.947116000,0</coordinates></Point>
        </Placemark>

        <Placemark>
          <name>1391</name>
          <styleUrl>#style_Healthy</styleUrl>
          <ExtendedData>
            <Data name="id"><value>1391</value></Data>
            <Data name="Class"><value>Healthy</value></Data>
          </ExtendedData>
          <Point><coordinates>102.439681000,2.948901000,0</coordinates></Point>
        </Placemark>

        <Placemark>
          <name>1392</name>
          <styleUrl>#style_Healthy</styleUrl>
          <ExtendedData>
            <Data name="id"><value>1392</value></Data>
            <Data name="Class"><value>Healthy</value></Data>
          </ExtendedData>
          <Point><coordinates>102.438497000,2.945942000,0</coordinates></Point>
        </Placemark>

        <Placemark>
          <name>1393</name>
          <styleUrl>#style_Healthy</styleUrl>
          <ExtendedData>
            <Data name="id"><value>1393</value></Data>
            <Data name="Class"><value>Healthy</value></Data>
          </ExtendedData>
          <Point><coordinates>102.438345000,2.945673000,0</coordinates></Point>
        </Placemark>

        <Placemark>
          <name>1394</name>
          <styleUrl>#style_Healthy</styleUrl>
          <ExtendedData>
            <Data name="id"><value>1394</value></Data>
            <Data name="Class"><value>Healthy</value></Data>
          </ExtendedData>
          <Point><coordinates>102.437836000,2.945185000,0</coordinates></Point>
        </Placemark>

        <Placemark>
          <name>1395</name>
          <styleUrl>#style_Healthy</styleUrl>
          <ExtendedData>
            <Data name="id"><value>1395</value></Data>
            <Data name="Class"><value>Healthy</value></Data>
          </ExtendedData>
          <Point><coordinates>102.436899000,2.945578000,0</coordinates></Point>
        </Placemark>

        <Placemark>
          <name>1396</name>
          <styleUrl>#style_Healthy</styleUrl>
          <ExtendedData>
            <Data name="id"><value>1396</value></Data>
            <Data name="Class"><value>Healthy</value></Data>
          </ExtendedData>
          <Point><coordinates>102.437989000,2.945864000,0</coordinates></Point>
        </Placemark>

        <Placemark>
          <name>1397</name>
          <styleUrl>#style_Healthy</styleUrl>
          <ExtendedData>
            <Data name="id"><value>1397</value></Data>
            <Data name="Class"><value>Healthy</value></Data>
          </ExtendedData>
          <Point><coordinates>102.438026000,2.945932000,0</coordinates></Point>
        </Placemark>

        <Placemark>
          <name>1398</name>
          <styleUrl>#style_Healthy</styleUrl>
          <ExtendedData>
            <Data name="id"><value>1398</value></Data>
            <Data name="Class"><value>Healthy</value></Data>
          </ExtendedData>
          <Point><coordinates>102.436899000,2.945849000,0</coordinates></Point>
        </Placemark>

        <Placemark>
          <name>1399</name>
          <styleUrl>#style_Healthy</styleUrl>
          <ExtendedData>
            <Data name="id"><value>1399</value></Data>
            <Data name="Class"><value>Healthy</value></Data>
          </ExtendedData>
          <Point><coordinates>102.437911000,2.945730000,0</coordinates></Point>
        </Placemark>

        <Placemark>
          <name>1402</name>
          <styleUrl>#style_Healthy</styleUrl>
          <ExtendedData>
            <Data name="id"><value>1402</value></Data>
            <Data name="Class"><value>Healthy</value></Data>
          </ExtendedData>
          <Point><coordinates>102.436815000,2.945842000,0</coordinates></Point>
        </Placemark>

        <Placemark>
          <name>1403</name>
          <styleUrl>#style_Healthy</styleUrl>
          <ExtendedData>
            <Data name="id"><value>1403</value></Data>
            <Data name="Class"><value>Healthy</value></Data>
          </ExtendedData>
          <Point><coordinates>102.439954000,2.949255000,0</coordinates></Point>
        </Placemark>

        <Placemark>
          <name>1404</name>
          <styleUrl>#style_Healthy</styleUrl>
          <ExtendedData>
            <Data name="id"><value>1404</value></Data>
            <Data name="Class"><value>Healthy</value></Data>
          </ExtendedData>
          <Point><coordinates>102.434240000,2.947527000,0</coordinates></Point>
        </Placemark>

        <Placemark>
          <name>1405</name>
          <styleUrl>#style_Healthy</styleUrl>
          <ExtendedData>
            <Data name="id"><value>1405</value></Data>
            <Data name="Class"><value>Healthy</value></Data>
          </ExtendedData>
          <Point><coordinates>102.439762000,2.948904000,0</coordinates></Point>
        </Placemark>

        <Placemark>
          <name>1406</name>
          <styleUrl>#style_Healthy</styleUrl>
          <ExtendedData>
            <Data name="id"><value>1406</value></Data>
            <Data name="Class"><value>Healthy</value></Data>
          </ExtendedData>
          <Point><coordinates>102.434546000,2.947938000,0</coordinates></Point>
        </Placemark>

        <Placemark>
          <name>1407</name>
          <styleUrl>#style_Healthy</styleUrl>
          <ExtendedData>
            <Data name="id"><value>1407</value></Data>
            <Data name="Class"><value>Healthy</value></Data>
          </ExtendedData>
          <Point><coordinates>102.434441000,2.947589000,0</coordinates></Point>
        </Placemark>

        <Placemark>
          <name>1408</name>
          <styleUrl>#style_Healthy</styleUrl>
          <ExtendedData>
            <Data name="id"><value>1408</value></Data>
            <Data name="Class"><value>Healthy</value></Data>
          </ExtendedData>
          <Point><coordinates>102.439719000,2.949107000,0</coordinates></Point>
        </Placemark>

        <Placemark>
          <name>1409</name>
          <styleUrl>#style_Healthy</styleUrl>
          <ExtendedData>
            <Data name="id"><value>1409</value></Data>
            <Data name="Class"><value>Healthy</value></Data>
          </ExtendedData>
          <Point><coordinates>102.434005000,2.947249000,0</coordinates></Point>
        </Placemark>

        <Placemark>
          <name>1410</name>
          <styleUrl>#style_Healthy</styleUrl>
          <ExtendedData>
            <Data name="id"><value>1410</value></Data>
            <Data name="Class"><value>Healthy</value></Data>
          </ExtendedData>
          <Point><coordinates>102.434082000,2.947251000,0</coordinates></Point>
        </Placemark>

        <Placemark>
          <name>1411</name>
          <styleUrl>#style_Healthy</styleUrl>
          <ExtendedData>
            <Data name="id"><value>1411</value></Data>
            <Data name="Class"><value>Healthy</value></Data>
          </ExtendedData>
          <Point><coordinates>102.439331000,2.948419000,0</coordinates></Point>
        </Placemark>

        <Placemark>
          <name>1412</name>
          <styleUrl>#style_Healthy</styleUrl>
          <ExtendedData>
            <Data name="id"><value>1412</value></Data>
            <Data name="Class"><value>Healthy</value></Data>
          </ExtendedData>
          <Point><coordinates>102.439841000,2.948906000,0</coordinates></Point>
        </Placemark>

        <Placemark>
          <name>1413</name>
          <styleUrl>#style_Healthy</styleUrl>
          <ExtendedData>
            <Data name="id"><value>1413</value></Data>
            <Data name="Class"><value>Healthy</value></Data>
          </ExtendedData>
          <Point><coordinates>102.437874000,2.945251000,0</coordinates></Point>
        </Placemark>

        <Placemark>
          <name>1414</name>
          <styleUrl>#style_Healthy</styleUrl>
          <ExtendedData>
            <Data name="id"><value>1414</value></Data>
            <Data name="Class"><value>Healthy</value></Data>
          </ExtendedData>
          <Point><coordinates>102.434635000,2.947937000,0</coordinates></Point>
        </Placemark>

        <Placemark>
          <name>1415</name>
          <styleUrl>#style_Healthy</styleUrl>
          <ExtendedData>
            <Data name="id"><value>1415</value></Data>
            <Data name="Class"><value>Healthy</value></Data>
          </ExtendedData>
          <Point><coordinates>102.434515000,2.947868000,0</coordinates></Point>
        </Placemark>

        <Placemark>
          <name>1416</name>
          <styleUrl>#style_Healthy</styleUrl>
          <ExtendedData>
            <Data name="id"><value>1416</value></Data>
            <Data name="Class"><value>Healthy</value></Data>
          </ExtendedData>
          <Point><coordinates>102.434239000,2.947664000,0</coordinates></Point>
        </Placemark>

        <Placemark>
          <name>1417</name>
          <styleUrl>#style_Healthy</styleUrl>
          <ExtendedData>
            <Data name="id"><value>1417</value></Data>
            <Data name="Class"><value>Healthy</value></Data>
          </ExtendedData>
          <Point><coordinates>102.436468000,2.945092000,0</coordinates></Point>
        </Placemark>

        <Placemark>
          <name>1418</name>
          <styleUrl>#style_Healthy</styleUrl>
          <ExtendedData>
            <Data name="id"><value>1418</value></Data>
            <Data name="Class"><value>Healthy</value></Data>
          </ExtendedData>
          <Point><coordinates>102.440073000,2.949321000,0</coordinates></Point>
        </Placemark>

        <Placemark>
          <name>1419</name>
          <styleUrl>#style_Healthy</styleUrl>
          <ExtendedData>
            <Data name="id"><value>1419</value></Data>
            <Data name="Class"><value>Healthy</value></Data>
          </ExtendedData>
          <Point><coordinates>102.439918000,2.949047000,0</coordinates></Point>
        </Placemark>

        <Placemark>
          <name>1420</name>
          <styleUrl>#style_Healthy</styleUrl>
          <ExtendedData>
            <Data name="id"><value>1420</value></Data>
            <Data name="Class"><value>Healthy</value></Data>
          </ExtendedData>
          <Point><coordinates>102.439835000,2.949183000,0</coordinates></Point>
        </Placemark>

        <Placemark>
          <name>1421</name>
          <styleUrl>#style_Healthy</styleUrl>
          <ExtendedData>
            <Data name="id"><value>1421</value></Data>
            <Data name="Class"><value>Healthy</value></Data>
          </ExtendedData>
          <Point><coordinates>102.437951000,2.945933000,0</coordinates></Point>
        </Placemark>

        <Placemark>
          <name>1422</name>
          <styleUrl>#style_Healthy</styleUrl>
          <ExtendedData>
            <Data name="id"><value>1422</value></Data>
            <Data name="Class"><value>Healthy</value></Data>
          </ExtendedData>
          <Point><coordinates>102.437047000,2.945988000,0</coordinates></Point>
        </Placemark>

        <Placemark>
          <name>1423</name>
          <styleUrl>#style_Healthy</styleUrl>
          <ExtendedData>
            <Data name="id"><value>1423</value></Data>
            <Data name="Class"><value>Healthy</value></Data>
          </ExtendedData>
          <Point><coordinates>102.439412000,2.948556000,0</coordinates></Point>
        </Placemark>

        <Placemark>
          <name>1424</name>
          <styleUrl>#style_Healthy</styleUrl>
          <ExtendedData>
            <Data name="id"><value>1424</value></Data>
            <Data name="Class"><value>Healthy</value></Data>
          </ExtendedData>
          <Point><coordinates>102.438303000,2.945602000,0</coordinates></Point>
        </Placemark>

        <Placemark>
          <name>1426</name>
          <styleUrl>#style_Healthy</styleUrl>
          <ExtendedData>
            <Data name="id"><value>1426</value></Data>
            <Data name="Class"><value>Healthy</value></Data>
          </ExtendedData>
          <Point><coordinates>102.437602000,2.945176000,0</coordinates></Point>
        </Placemark>

        <Placemark>
          <name>1427</name>
          <styleUrl>#style_Healthy</styleUrl>
          <ExtendedData>
            <Data name="id"><value>1427</value></Data>
            <Data name="Class"><value>Healthy</value></Data>
          </ExtendedData>
          <Point><coordinates>102.436547000,2.945227000,0</coordinates></Point>
        </Placemark>

        <Placemark>
          <name>1428</name>
          <styleUrl>#style_Healthy</styleUrl>
          <ExtendedData>
            <Data name="id"><value>1428</value></Data>
            <Data name="Class"><value>Healthy</value></Data>
          </ExtendedData>
          <Point><coordinates>102.437561000,2.945249000,0</coordinates></Point>
        </Placemark>

        <Placemark>
          <name>1429</name>
          <styleUrl>#style_Healthy</styleUrl>
          <ExtendedData>
            <Data name="id"><value>1429</value></Data>
            <Data name="Class"><value>Healthy</value></Data>
          </ExtendedData>
          <Point><coordinates>102.437674000,2.945729000,0</coordinates></Point>
        </Placemark>

        <Placemark>
          <name>1430</name>
          <styleUrl>#style_Healthy</styleUrl>
          <ExtendedData>
            <Data name="id"><value>1430</value></Data>
            <Data name="Class"><value>Healthy</value></Data>
          </ExtendedData>
          <Point><coordinates>102.437598000,2.945450000,0</coordinates></Point>
        </Placemark>

        <Placemark>
          <name>1431</name>
          <styleUrl>#style_Healthy</styleUrl>
          <ExtendedData>
            <Data name="id"><value>1431</value></Data>
            <Data name="Class"><value>Healthy</value></Data>
          </ExtendedData>
          <Point><coordinates>102.439760000,2.949042000,0</coordinates></Point>
        </Placemark>

        <Placemark>
          <name>1432</name>
          <styleUrl>#style_Healthy</styleUrl>
          <ExtendedData>
            <Data name="id"><value>1432</value></Data>
            <Data name="Class"><value>Healthy</value></Data>
          </ExtendedData>
          <Point><coordinates>102.439691000,2.948632000,0</coordinates></Point>
        </Placemark>

        <Placemark>
          <name>1433</name>
          <styleUrl>#style_Healthy</styleUrl>
          <ExtendedData>
            <Data name="id"><value>1433</value></Data>
            <Data name="Class"><value>Healthy</value></Data>
          </ExtendedData>
          <Point><coordinates>102.437718000,2.945521000,0</coordinates></Point>
        </Placemark>

        <Placemark>
          <name>1434</name>
          <styleUrl>#style_Healthy</styleUrl>
          <ExtendedData>
            <Data name="id"><value>1434</value></Data>
            <Data name="Class"><value>Healthy</value></Data>
          </ExtendedData>
          <Point><coordinates>102.437952000,2.945256000,0</coordinates></Point>
        </Placemark>

        <Placemark>
          <name>1435</name>
          <styleUrl>#style_Healthy</styleUrl>
          <ExtendedData>
            <Data name="id"><value>1435</value></Data>
            <Data name="Class"><value>Healthy</value></Data>
          </ExtendedData>
          <Point><coordinates>102.439801000,2.948978000,0</coordinates></Point>
        </Placemark>

        <Placemark>
          <name>1436</name>
          <styleUrl>#style_Healthy</styleUrl>
          <ExtendedData>
            <Data name="id"><value>1436</value></Data>
            <Data name="Class"><value>Healthy</value></Data>
          </ExtendedData>
          <Point><coordinates>102.437992000,2.945186000,0</coordinates></Point>
        </Placemark>

        <Placemark>
          <name>1437</name>
          <styleUrl>#style_Healthy</styleUrl>
          <ExtendedData>
            <Data name="id"><value>1437</value></Data>
            <Data name="Class"><value>Healthy</value></Data>
          </ExtendedData>
          <Point><coordinates>102.434357000,2.947593000,0</coordinates></Point>
        </Placemark>

        <Placemark>
          <name>1438</name>
          <styleUrl>#style_Healthy</styleUrl>
          <ExtendedData>
            <Data name="id"><value>1438</value></Data>
            <Data name="Class"><value>Healthy</value></Data>
          </ExtendedData>
          <Point><coordinates>102.439686000,2.948767000,0</coordinates></Point>
        </Placemark>

        <Placemark>
          <name>1439</name>
          <styleUrl>#style_Healthy</styleUrl>
          <ExtendedData>
            <Data name="id"><value>1439</value></Data>
            <Data name="Class"><value>Healthy</value></Data>
          </ExtendedData>
          <Point><coordinates>102.438304000,2.945875000,0</coordinates></Point>
        </Placemark>

        <Placemark>
          <name>1440</name>
          <styleUrl>#style_Healthy</styleUrl>
          <ExtendedData>
            <Data name="id"><value>1440</value></Data>
            <Data name="Class"><value>Healthy</value></Data>
          </ExtendedData>
          <Point><coordinates>102.434580000,2.948141000,0</coordinates></Point>
        </Placemark>

        <Placemark>
          <name>1441</name>
          <styleUrl>#style_Healthy</styleUrl>
          <ExtendedData>
            <Data name="id"><value>1441</value></Data>
            <Data name="Class"><value>Healthy</value></Data>
          </ExtendedData>
          <Point><coordinates>102.437956000,2.945118000,0</coordinates></Point>
        </Placemark>

        <Placemark>
          <name>1442</name>
          <styleUrl>#style_Healthy</styleUrl>
          <ExtendedData>
            <Data name="id"><value>1442</value></Data>
            <Data name="Class"><value>Healthy</value></Data>
          </ExtendedData>
          <Point><coordinates>102.437838000,2.945043000,0</coordinates></Point>
        </Placemark>

        <Placemark>
          <name>1443</name>
          <styleUrl>#style_Healthy</styleUrl>
          <ExtendedData>
            <Data name="id"><value>1443</value></Data>
            <Data name="Class"><value>Healthy</value></Data>
          </ExtendedData>
          <Point><coordinates>102.437830000,2.945730000,0</coordinates></Point>
        </Placemark>

        <Placemark>
          <name>1444</name>
          <styleUrl>#style_Healthy</styleUrl>
          <ExtendedData>
            <Data name="id"><value>1444</value></Data>
            <Data name="Class"><value>Healthy</value></Data>
          </ExtendedData>
          <Point><coordinates>102.434508000,2.948138000,0</coordinates></Point>
        </Placemark>

        <Placemark>
          <name>1445</name>
          <styleUrl>#style_Healthy</styleUrl>
          <ExtendedData>
            <Data name="id"><value>1445</value></Data>
            <Data name="Class"><value>Healthy</value></Data>
          </ExtendedData>
          <Point><coordinates>102.437912000,2.946002000,0</coordinates></Point>
        </Placemark>

        <Placemark>
          <name>1447</name>
          <styleUrl>#style_Healthy</styleUrl>
          <ExtendedData>
            <Data name="id"><value>1447</value></Data>
            <Data name="Class"><value>Healthy</value></Data>
          </ExtendedData>
          <Point><coordinates>102.439614000,2.948496000,0</coordinates></Point>
        </Placemark>

        <Placemark>
          <name>1448</name>
          <styleUrl>#style_Healthy</styleUrl>
          <ExtendedData>
            <Data name="id"><value>1448</value></Data>
            <Data name="Class"><value>Healthy</value></Data>
          </ExtendedData>
          <Point><coordinates>102.437793000,2.945663000,0</coordinates></Point>
        </Placemark>

        <Placemark>
          <name>1449</name>
          <styleUrl>#style_Healthy</styleUrl>
          <ExtendedData>
            <Data name="id"><value>1449</value></Data>
            <Data name="Class"><value>Healthy</value></Data>
          </ExtendedData>
          <Point><coordinates>102.434508000,2.948004000,0</coordinates></Point>
        </Placemark>

        <Placemark>
          <name>1450</name>
          <styleUrl>#style_Healthy</styleUrl>
          <ExtendedData>
            <Data name="id"><value>1450</value></Data>
            <Data name="Class"><value>Healthy</value></Data>
          </ExtendedData>
          <Point><coordinates>102.437370000,2.945039000,0</coordinates></Point>
        </Placemark>

        <Placemark>
          <name>1451</name>
          <styleUrl>#style_Healthy</styleUrl>
          <ExtendedData>
            <Data name="id"><value>1451</value></Data>
            <Data name="Class"><value>Healthy</value></Data>
          </ExtendedData>
          <Point><coordinates>102.434278000,2.947594000,0</coordinates></Point>
        </Placemark>

        <Placemark>
          <name>1452</name>
          <styleUrl>#style_Healthy</styleUrl>
          <ExtendedData>
            <Data name="id"><value>1452</value></Data>
            <Data name="Class"><value>Healthy</value></Data>
          </ExtendedData>
          <Point><coordinates>102.437714000,2.945387000,0</coordinates></Point>
        </Placemark>

        <Placemark>
          <name>1454</name>
          <styleUrl>#style_Healthy</styleUrl>
          <ExtendedData>
            <Data name="id"><value>1454</value></Data>
            <Data name="Class"><value>Healthy</value></Data>
          </ExtendedData>
          <Point><coordinates>102.434748000,2.948139000,0</coordinates></Point>
        </Placemark>

        <Placemark>
          <name>1455</name>
          <styleUrl>#style_Healthy</styleUrl>
          <ExtendedData>
            <Data name="id"><value>1455</value></Data>
            <Data name="Class"><value>Healthy</value></Data>
          </ExtendedData>
          <Point><coordinates>102.437912000,2.945326000,0</coordinates></Point>
        </Placemark>

        <Placemark>
          <name>1456</name>
          <styleUrl>#style_Healthy</styleUrl>
          <ExtendedData>
            <Data name="id"><value>1456</value></Data>
            <Data name="Class"><value>Healthy</value></Data>
          </ExtendedData>
          <Point><coordinates>102.439729000,2.948701000,0</coordinates></Point>
        </Placemark>

        <Placemark>
          <name>1457</name>
          <styleUrl>#style_Healthy</styleUrl>
          <ExtendedData>
            <Data name="id"><value>1457</value></Data>
            <Data name="Class"><value>Healthy</value></Data>
          </ExtendedData>
          <Point><coordinates>102.439646000,2.948832000,0</coordinates></Point>
        </Placemark>

        <Placemark>
          <name>1458</name>
          <styleUrl>#style_Healthy</styleUrl>
          <ExtendedData>
            <Data name="id"><value>1458</value></Data>
            <Data name="Class"><value>Healthy</value></Data>
          </ExtendedData>
          <Point><coordinates>102.438226000,2.945598000,0</coordinates></Point>
        </Placemark>

        <Placemark>
          <name>1459</name>
          <styleUrl>#style_Healthy</styleUrl>
          <ExtendedData>
            <Data name="id"><value>1459</value></Data>
            <Data name="Class"><value>Healthy</value></Data>
          </ExtendedData>
          <Point><coordinates>102.439563000,2.948835000,0</coordinates></Point>
        </Placemark>

        <Placemark>
          <name>1460</name>
          <styleUrl>#style_Healthy</styleUrl>
          <ExtendedData>
            <Data name="id"><value>1460</value></Data>
            <Data name="Class"><value>Healthy</value></Data>
          </ExtendedData>
          <Point><coordinates>102.439998000,2.949188000,0</coordinates></Point>
        </Placemark>

        <Placemark>
          <name>1461</name>
          <styleUrl>#style_Healthy</styleUrl>
          <ExtendedData>
            <Data name="id"><value>1461</value></Data>
            <Data name="Class"><value>Healthy</value></Data>
          </ExtendedData>
          <Point><coordinates>102.439807000,2.948836000,0</coordinates></Point>
        </Placemark>

        <Placemark>
          <name>1462</name>
          <styleUrl>#style_Healthy</styleUrl>
          <ExtendedData>
            <Data name="id"><value>1462</value></Data>
            <Data name="Class"><value>Healthy</value></Data>
          </ExtendedData>
          <Point><coordinates>102.437525000,2.945310000,0</coordinates></Point>
        </Placemark>

        <Placemark>
          <name>1463</name>
          <styleUrl>#style_Healthy</styleUrl>
          <ExtendedData>
            <Data name="id"><value>1463</value></Data>
            <Data name="Class"><value>Healthy</value></Data>
          </ExtendedData>
          <Point><coordinates>102.438024000,2.945259000,0</coordinates></Point>
        </Placemark>

        <Placemark>
          <name>1464</name>
          <styleUrl>#style_Healthy</styleUrl>
          <ExtendedData>
            <Data name="id"><value>1464</value></Data>
            <Data name="Class"><value>Healthy</value></Data>
          </ExtendedData>
          <Point><coordinates>102.434044000,2.947319000,0</coordinates></Point>
        </Placemark>

        <Placemark>
          <name>1465</name>
          <styleUrl>#style_Healthy</styleUrl>
          <ExtendedData>
            <Data name="id"><value>1465</value></Data>
            <Data name="Class"><value>Healthy</value></Data>
          </ExtendedData>
          <Point><coordinates>102.439490000,2.948697000,0</coordinates></Point>
        </Placemark>

        <Placemark>
          <name>1466</name>
          <styleUrl>#style_Healthy</styleUrl>
          <ExtendedData>
            <Data name="id"><value>1466</value></Data>
            <Data name="Class"><value>Healthy</value></Data>
          </ExtendedData>
          <Point><coordinates>102.437368000,2.945171000,0</coordinates></Point>
        </Placemark>

        <Placemark>
          <name>1467</name>
          <styleUrl>#style_Healthy</styleUrl>
          <ExtendedData>
            <Data name="id"><value>1467</value></Data>
            <Data name="Class"><value>Healthy</value></Data>
          </ExtendedData>
          <Point><coordinates>102.439526000,2.948630000,0</coordinates></Point>
        </Placemark>

        <Placemark>
          <name>1468</name>
          <styleUrl>#style_Healthy</styleUrl>
          <ExtendedData>
            <Data name="id"><value>1468</value></Data>
            <Data name="Class"><value>Healthy</value></Data>
          </ExtendedData>
          <Point><coordinates>102.439494000,2.948423000,0</coordinates></Point>
        </Placemark>

        <Placemark>
          <name>1469</name>
          <styleUrl>#style_Healthy</styleUrl>
          <ExtendedData>
            <Data name="id"><value>1469</value></Data>
            <Data name="Class"><value>Healthy</value></Data>
          </ExtendedData>
          <Point><coordinates>102.434396000,2.947663000,0</coordinates></Point>
        </Placemark>

        <Placemark>
          <name>1470</name>
          <styleUrl>#style_Healthy</styleUrl>
          <ExtendedData>
            <Data name="id"><value>1470</value></Data>
            <Data name="Class"><value>Healthy</value></Data>
          </ExtendedData>
          <Point><coordinates>102.437955000,2.944981000,0</coordinates></Point>
        </Placemark>

        <Placemark>
          <name>1471</name>
          <styleUrl>#style_Healthy</styleUrl>
          <ExtendedData>
            <Data name="id"><value>1471</value></Data>
            <Data name="Class"><value>Healthy</value></Data>
          </ExtendedData>
          <Point><coordinates>102.438108000,2.945394000,0</coordinates></Point>
        </Placemark>

        <Placemark>
          <name>1472</name>
          <styleUrl>#style_Healthy</styleUrl>
          <ExtendedData>
            <Data name="id"><value>1472</value></Data>
            <Data name="Class"><value>Healthy</value></Data>
          </ExtendedData>
          <Point><coordinates>102.439606000,2.948764000,0</coordinates></Point>
        </Placemark>

        <Placemark>
          <name>1473</name>
          <styleUrl>#style_Healthy</styleUrl>
          <ExtendedData>
            <Data name="id"><value>1473</value></Data>
            <Data name="Class"><value>Healthy</value></Data>
          </ExtendedData>
          <Point><coordinates>102.439488000,2.948559000,0</coordinates></Point>
        </Placemark>

        <Placemark>
          <name>1474</name>
          <styleUrl>#style_Healthy</styleUrl>
          <ExtendedData>
            <Data name="id"><value>1474</value></Data>
            <Data name="Class"><value>Healthy</value></Data>
          </ExtendedData>
          <Point><coordinates>102.434316000,2.947796000,0</coordinates></Point>
        </Placemark>

        <Placemark>
          <name>1475</name>
          <styleUrl>#style_Healthy</styleUrl>
          <ExtendedData>
            <Data name="id"><value>1475</value></Data>
            <Data name="Class"><value>Healthy</value></Data>
          </ExtendedData>
          <Point><coordinates>102.434165000,2.947113000,0</coordinates></Point>
        </Placemark>

        <Placemark>
          <name>1476</name>
          <styleUrl>#style_Healthy</styleUrl>
          <ExtendedData>
            <Data name="id"><value>1476</value></Data>
            <Data name="Class"><value>Healthy</value></Data>
          </ExtendedData>
          <Point><coordinates>102.439679000,2.949042000,0</coordinates></Point>
        </Placemark>

        <Placemark>
          <name>1477</name>
          <styleUrl>#style_Healthy</styleUrl>
          <ExtendedData>
            <Data name="id"><value>1477</value></Data>
            <Data name="Class"><value>Healthy</value></Data>
          </ExtendedData>
          <Point><coordinates>102.439834000,2.949315000,0</coordinates></Point>
        </Placemark>

        <Placemark>
          <name>1478</name>
          <styleUrl>#style_Healthy</styleUrl>
          <ExtendedData>
            <Data name="id"><value>1478</value></Data>
            <Data name="Class"><value>Healthy</value></Data>
          </ExtendedData>
          <Point><coordinates>102.439452000,2.948346000,0</coordinates></Point>
        </Placemark>

        <Placemark>
          <name>1479</name>
          <styleUrl>#style_Healthy</styleUrl>
          <ExtendedData>
            <Data name="id"><value>1479</value></Data>
            <Data name="Class"><value>Healthy</value></Data>
          </ExtendedData>
          <Point><coordinates>102.437797000,2.945115000,0</coordinates></Point>
        </Placemark>

        <Placemark>
          <name>1480</name>
          <styleUrl>#style_Healthy</styleUrl>
          <ExtendedData>
            <Data name="id"><value>1480</value></Data>
            <Data name="Class"><value>Healthy</value></Data>
          </ExtendedData>
          <Point><coordinates>102.437950000,2.945795000,0</coordinates></Point>
        </Placemark>

        <Placemark>
          <name>1481</name>
          <styleUrl>#style_Healthy</styleUrl>
          <ExtendedData>
            <Data name="id"><value>1481</value></Data>
            <Data name="Class"><value>Healthy</value></Data>
          </ExtendedData>
          <Point><coordinates>102.434517000,2.947732000,0</coordinates></Point>
        </Placemark>

        <Placemark>
          <name>1482</name>
          <styleUrl>#style_Healthy</styleUrl>
          <ExtendedData>
            <Data name="id"><value>1482</value></Data>
            <Data name="Class"><value>Healthy</value></Data>
          </ExtendedData>
          <Point><coordinates>102.434359000,2.947455000,0</coordinates></Point>
        </Placemark>

        <Placemark>
          <name>1483</name>
          <styleUrl>#style_Healthy</styleUrl>
          <ExtendedData>
            <Data name="id"><value>1483</value></Data>
            <Data name="Class"><value>Healthy</value></Data>
          </ExtendedData>
          <Point><coordinates>102.434671000,2.948007000,0</coordinates></Point>
        </Placemark>

        <Placemark>
          <name>1484</name>
          <styleUrl>#style_Healthy</styleUrl>
          <ExtendedData>
            <Data name="id"><value>1484</value></Data>
            <Data name="Class"><value>Healthy</value></Data>
          </ExtendedData>
          <Point><coordinates>102.437874000,2.945935000,0</coordinates></Point>
        </Placemark>

        <Placemark>
          <name>1485</name>
          <styleUrl>#style_Healthy</styleUrl>
          <ExtendedData>
            <Data name="id"><value>1485</value></Data>
            <Data name="Class"><value>Healthy</value></Data>
          </ExtendedData>
          <Point><coordinates>102.434474000,2.947660000,0</coordinates></Point>
        </Placemark>

        <Placemark>
          <name>1486</name>
          <styleUrl>#style_Healthy</styleUrl>
          <ExtendedData>
            <Data name="id"><value>1486</value></Data>
            <Data name="Class"><value>Healthy</value></Data>
          </ExtendedData>
          <Point><coordinates>102.438036000,2.945119000,0</coordinates></Point>
        </Placemark>

        <Placemark>
          <name>1487</name>
          <styleUrl>#style_Healthy</styleUrl>
          <ExtendedData>
            <Data name="id"><value>1487</value></Data>
            <Data name="Class"><value>Healthy</value></Data>
          </ExtendedData>
          <Point><coordinates>102.434431000,2.947729000,0</coordinates></Point>
        </Placemark>

        <Placemark>
          <name>1489</name>
          <styleUrl>#style_Healthy</styleUrl>
          <ExtendedData>
            <Data name="id"><value>1489</value></Data>
            <Data name="Class"><value>Healthy</value></Data>
          </ExtendedData>
          <Point><coordinates>102.436657000,2.945160000,0</coordinates></Point>
        </Placemark>

        <Placemark>
          <name>1490</name>
          <styleUrl>#style_Healthy</styleUrl>
          <ExtendedData>
            <Data name="id"><value>1490</value></Data>
            <Data name="Class"><value>Healthy</value></Data>
          </ExtendedData>
          <Point><coordinates>102.438144000,2.945597000,0</coordinates></Point>
        </Placemark>

        <Placemark>
          <name>1491</name>
          <styleUrl>#style_Healthy</styleUrl>
          <ExtendedData>
            <Data name="id"><value>1491</value></Data>
            <Data name="Class"><value>Healthy</value></Data>
          </ExtendedData>
          <Point><coordinates>102.439600000,2.948905000,0</coordinates></Point>
        </Placemark>

        <Placemark>
          <name>1492</name>
          <styleUrl>#style_Healthy</styleUrl>
          <ExtendedData>
            <Data name="id"><value>1492</value></Data>
            <Data name="Class"><value>Healthy</value></Data>
          </ExtendedData>
          <Point><coordinates>102.439531000,2.948491000,0</coordinates></Point>
        </Placemark>

        <Placemark>
          <name>1493</name>
          <styleUrl>#style_Healthy</styleUrl>
          <ExtendedData>
            <Data name="id"><value>1493</value></Data>
            <Data name="Class"><value>Healthy</value></Data>
          </ExtendedData>
          <Point><coordinates>102.434318000,2.947663000,0</coordinates></Point>
        </Placemark>

        <Placemark>
          <name>1494</name>
          <styleUrl>#style_Healthy</styleUrl>
          <ExtendedData>
            <Data name="id"><value>1494</value></Data>
            <Data name="Class"><value>Healthy</value></Data>
          </ExtendedData>
          <Point><coordinates>102.437639000,2.945657000,0</coordinates></Point>
        </Placemark>

        <Placemark>
          <name>1495</name>
          <styleUrl>#style_Healthy</styleUrl>
          <ExtendedData>
            <Data name="id"><value>1495</value></Data>
            <Data name="Class"><value>Healthy</value></Data>
          </ExtendedData>
          <Point><coordinates>102.434279000,2.947733000,0</coordinates></Point>
        </Placemark>

        <Placemark>
          <name>1496</name>
          <styleUrl>#style_Healthy</styleUrl>
          <ExtendedData>
            <Data name="id"><value>1496</value></Data>
            <Data name="Class"><value>Healthy</value></Data>
          </ExtendedData>
          <Point><coordinates>102.434547000,2.948073000,0</coordinates></Point>
        </Placemark>

        <Placemark>
          <name>1497</name>
          <styleUrl>#style_Healthy</styleUrl>
          <ExtendedData>
            <Data name="id"><value>1497</value></Data>
            <Data name="Class"><value>Healthy</value></Data>
          </ExtendedData>
          <Point><coordinates>102.434553000,2.947801000,0</coordinates></Point>
        </Placemark>

        <Placemark>
          <name>1498</name>
          <styleUrl>#style_Healthy</styleUrl>
          <ExtendedData>
            <Data name="id"><value>1498</value></Data>
            <Data name="Class"><value>Healthy</value></Data>
          </ExtendedData>
          <Point><coordinates>102.437907000,2.945864000,0</coordinates></Point>
        </Placemark>

        <Placemark>
          <name>1499</name>
          <styleUrl>#style_Healthy</styleUrl>
          <ExtendedData>
            <Data name="id"><value>1499</value></Data>
            <Data name="Class"><value>Healthy</value></Data>
          </ExtendedData>
          <Point><coordinates>102.439648000,2.948699000,0</coordinates></Point>
        </Placemark>

        <Placemark>
          <name>1500</name>
          <styleUrl>#style_Healthy</styleUrl>
          <ExtendedData>
            <Data name="id"><value>1500</value></Data>
            <Data name="Class"><value>Healthy</value></Data>
          </ExtendedData>
          <Point><coordinates>102.437714000,2.945789000,0</coordinates></Point>
        </Placemark>

        <Placemark>
          <name>1501</name>
          <styleUrl>#style_Healthy</styleUrl>
          <ExtendedData>
            <Data name="id"><value>1501</value></Data>
            <Data name="Class"><value>Healthy</value></Data>
          </ExtendedData>
          <Point><coordinates>102.434471000,2.948071000,0</coordinates></Point>
        </Placemark>

        <Placemark>
          <name>1502</name>
          <styleUrl>#style_Healthy</styleUrl>
          <ExtendedData>
            <Data name="id"><value>1502</value></Data>
            <Data name="Class"><value>Healthy</value></Data>
          </ExtendedData>
          <Point><coordinates>102.434715000,2.948076000,0</coordinates></Point>
        </Placemark>

        <Placemark>
          <name>1503</name>
          <styleUrl>#style_Healthy</styleUrl>
          <ExtendedData>
            <Data name="id"><value>1503</value></Data>
            <Data name="Class"><value>Healthy</value></Data>
          </ExtendedData>
          <Point><coordinates>102.437446000,2.945037000,0</coordinates></Point>
        </Placemark>

        <Placemark>
          <name>1504</name>
          <styleUrl>#style_Healthy</styleUrl>
          <ExtendedData>
            <Data name="id"><value>1504</value></Data>
            <Data name="Class"><value>Healthy</value></Data>
          </ExtendedData>
          <Point><coordinates>102.434167000,2.947527000,0</coordinates></Point>
        </Placemark>

        <Placemark>
          <name>1505</name>
          <styleUrl>#style_Healthy</styleUrl>
          <ExtendedData>
            <Data name="id"><value>1505</value></Data>
            <Data name="Class"><value>Healthy</value></Data>
          </ExtendedData>
          <Point><coordinates>102.437796000,2.945519000,0</coordinates></Point>
        </Placemark>

        <Placemark>
          <name>1506</name>
          <styleUrl>#style_Healthy</styleUrl>
          <ExtendedData>
            <Data name="id"><value>1506</value></Data>
            <Data name="Class"><value>Healthy</value></Data>
          </ExtendedData>
          <Point><coordinates>102.437534000,2.945037000,0</coordinates></Point>
        </Placemark>

        <Placemark>
          <name>1507</name>
          <styleUrl>#style_Healthy</styleUrl>
          <ExtendedData>
            <Data name="id"><value>1507</value></Data>
            <Data name="Class"><value>Healthy</value></Data>
          </ExtendedData>
          <Point><coordinates>102.437950000,2.945389000,0</coordinates></Point>
        </Placemark>

        <Placemark>
          <name>1508</name>
          <styleUrl>#style_Healthy</styleUrl>
          <ExtendedData>
            <Data name="id"><value>1508</value></Data>
            <Data name="Class"><value>Healthy</value></Data>
          </ExtendedData>
          <Point><coordinates>102.437483000,2.945110000,0</coordinates></Point>
        </Placemark>

        <Placemark>
          <name>1509</name>
          <styleUrl>#style_Healthy</styleUrl>
          <ExtendedData>
            <Data name="id"><value>1509</value></Data>
            <Data name="Class"><value>Healthy</value></Data>
          </ExtendedData>
          <Point><coordinates>102.437288000,2.945037000,0</coordinates></Point>
        </Placemark>

        <Placemark>
          <name>1510</name>
          <styleUrl>#style_Healthy</styleUrl>
          <ExtendedData>
            <Data name="id"><value>1510</value></Data>
            <Data name="Class"><value>Healthy</value></Data>
          </ExtendedData>
          <Point><coordinates>102.437526000,2.945175000,0</coordinates></Point>
        </Placemark>

        <Placemark>
          <name>1511</name>
          <styleUrl>#style_Healthy</styleUrl>
          <ExtendedData>
            <Data name="id"><value>1511</value></Data>
            <Data name="Class"><value>Healthy</value></Data>
          </ExtendedData>
          <Point><coordinates>102.437601000,2.945319000,0</coordinates></Point>
        </Placemark>

        <Placemark>
          <name>1512</name>
          <styleUrl>#style_Healthy</styleUrl>
          <ExtendedData>
            <Data name="id"><value>1512</value></Data>
            <Data name="Class"><value>Healthy</value></Data>
          </ExtendedData>
          <Point><coordinates>102.437875000,2.945112000,0</coordinates></Point>
        </Placemark>

        <Placemark>
          <name>1513</name>
          <styleUrl>#style_Healthy</styleUrl>
          <ExtendedData>
            <Data name="id"><value>1513</value></Data>
            <Data name="Class"><value>Healthy</value></Data>
          </ExtendedData>
          <Point><coordinates>102.437638000,2.945386000,0</coordinates></Point>
        </Placemark>

        <Placemark>
          <name>1514</name>
          <styleUrl>#style_Healthy</styleUrl>
          <ExtendedData>
            <Data name="id"><value>1514</value></Data>
            <Data name="Class"><value>Healthy</value></Data>
          </ExtendedData>
          <Point><coordinates>102.434123000,2.947456000,0</coordinates></Point>
        </Placemark>

        <Placemark>
          <name>1515</name>
          <styleUrl>#style_Healthy</styleUrl>
          <ExtendedData>
            <Data name="id"><value>1515</value></Data>
            <Data name="Class"><value>Healthy</value></Data>
          </ExtendedData>
          <Point><coordinates>102.439609000,2.948630000,0</coordinates></Point>
        </Placemark>

        <Placemark>
          <name>1517</name>
          <styleUrl>#style_Healthy</styleUrl>
          <ExtendedData>
            <Data name="id"><value>1517</value></Data>
            <Data name="Class"><value>Healthy</value></Data>
          </ExtendedData>
          <Point><coordinates>102.437562000,2.945378000,0</coordinates></Point>
        </Placemark>

        <Placemark>
          <name>1518</name>
          <styleUrl>#style_Healthy</styleUrl>
          <ExtendedData>
            <Data name="id"><value>1518</value></Data>
            <Data name="Class"><value>Healthy</value></Data>
          </ExtendedData>
          <Point><coordinates>102.437684000,2.945589000,0</coordinates></Point>
        </Placemark>

        <Placemark>
          <name>1519</name>
          <styleUrl>#style_Healthy</styleUrl>
          <ExtendedData>
            <Data name="id"><value>1519</value></Data>
            <Data name="Class"><value>Healthy</value></Data>
          </ExtendedData>
          <Point><coordinates>102.434631000,2.948074000,0</coordinates></Point>
        </Placemark>

        <Placemark>
          <name>1520</name>
          <styleUrl>#style_Healthy</styleUrl>
          <ExtendedData>
            <Data name="id"><value>1520</value></Data>
            <Data name="Class"><value>Healthy</value></Data>
          </ExtendedData>
          <Point><coordinates>102.439799000,2.949110000,0</coordinates></Point>
        </Placemark>

        <Placemark>
          <name>1521</name>
          <styleUrl>#style_Healthy</styleUrl>
          <ExtendedData>
            <Data name="id"><value>1521</value></Data>
            <Data name="Class"><value>Healthy</value></Data>
          </ExtendedData>
          <Point><coordinates>102.433966000,2.947179000,0</coordinates></Point>
        </Placemark>

        <Placemark>
          <name>1522</name>
          <styleUrl>#style_Healthy</styleUrl>
          <ExtendedData>
            <Data name="id"><value>1522</value></Data>
            <Data name="Class"><value>Healthy</value></Data>
          </ExtendedData>
          <Point><coordinates>102.437987000,2.945452000,0</coordinates></Point>
        </Placemark>

        <Placemark>
          <name>1523</name>
          <styleUrl>#style_Healthy</styleUrl>
          <ExtendedData>
            <Data name="id"><value>1523</value></Data>
            <Data name="Class"><value>Healthy</value></Data>
          </ExtendedData>
          <Point><coordinates>102.434193000,2.947596000,0</coordinates></Point>
        </Placemark>

        <Placemark>
          <name>1524</name>
          <styleUrl>#style_Healthy</styleUrl>
          <ExtendedData>
            <Data name="id"><value>1524</value></Data>
            <Data name="Class"><value>Healthy</value></Data>
          </ExtendedData>
          <Point><coordinates>102.437678000,2.945317000,0</coordinates></Point>
        </Placemark>

        <Placemark>
          <name>1525</name>
          <styleUrl>#style_Healthy</styleUrl>
          <ExtendedData>
            <Data name="id"><value>1525</value></Data>
            <Data name="Class"><value>Healthy</value></Data>
          </ExtendedData>
          <Point><coordinates>102.436781000,2.945365000,0</coordinates></Point>
        </Placemark>

        <Placemark>
          <name>1526</name>
          <styleUrl>#style_Healthy</styleUrl>
          <ExtendedData>
            <Data name="id"><value>1526</value></Data>
            <Data name="Class"><value>Healthy</value></Data>
          </ExtendedData>
          <Point><coordinates>102.438067000,2.946005000,0</coordinates></Point>
        </Placemark>

        <Placemark>
          <name>1528</name>
          <styleUrl>#style_Healthy</styleUrl>
          <ExtendedData>
            <Data name="id"><value>1528</value></Data>
            <Data name="Class"><value>Healthy</value></Data>
          </ExtendedData>
          <Point><coordinates>102.434401000,2.947521000,0</coordinates></Point>
        </Placemark>

        <Placemark>
          <name>1529</name>
          <styleUrl>#style_Healthy</styleUrl>
          <ExtendedData>
            <Data name="id"><value>1529</value></Data>
            <Data name="Class"><value>Healthy</value></Data>
          </ExtendedData>
          <Point><coordinates>102.434593000,2.948007000,0</coordinates></Point>
        </Placemark>

        <Placemark>
          <name>1530</name>
          <styleUrl>#style_Healthy</styleUrl>
          <ExtendedData>
            <Data name="id"><value>1530</value></Data>
            <Data name="Class"><value>Healthy</value></Data>
          </ExtendedData>
          <Point><coordinates>102.439640000,2.948967000,0</coordinates></Point>
        </Placemark>

        <Placemark>
          <name>1531</name>
          <styleUrl>#style_Healthy</styleUrl>
          <ExtendedData>
            <Data name="id"><value>1531</value></Data>
            <Data name="Class"><value>Healthy</value></Data>
          </ExtendedData>
          <Point><coordinates>102.439534000,2.948356000,0</coordinates></Point>
        </Placemark>

        <Placemark>
          <name>1532</name>
          <styleUrl>#style_Healthy</styleUrl>
          <ExtendedData>
            <Data name="id"><value>1532</value></Data>
            <Data name="Class"><value>Healthy</value></Data>
          </ExtendedData>
          <Point><coordinates>102.438183000,2.945661000,0</coordinates></Point>
        </Placemark>

        <Placemark>
          <name>1534</name>
          <styleUrl>#style_Healthy</styleUrl>
          <ExtendedData>
            <Data name="id"><value>1534</value></Data>
            <Data name="Class"><value>Healthy</value></Data>
          </ExtendedData>
          <Point><coordinates>102.434124000,2.947320000,0</coordinates></Point>
        </Placemark>

        <Placemark>
          <name>1535</name>
          <styleUrl>#style_Healthy</styleUrl>
          <ExtendedData>
            <Data name="id"><value>1535</value></Data>
            <Data name="Class"><value>Healthy</value></Data>
          </ExtendedData>
          <Point><coordinates>102.439576000,2.948420000,0</coordinates></Point>
        </Placemark>

        <Placemark>
          <name>1536</name>
          <styleUrl>#style_Healthy</styleUrl>
          <ExtendedData>
            <Data name="id"><value>1536</value></Data>
            <Data name="Class"><value>Healthy</value></Data>
          </ExtendedData>
          <Point><coordinates>102.437786000,2.945931000,0</coordinates></Point>
        </Placemark>

        <Placemark>
          <name>1537</name>
          <styleUrl>#style_Healthy</styleUrl>
          <ExtendedData>
            <Data name="id"><value>1537</value></Data>
            <Data name="Class"><value>Healthy</value></Data>
          </ExtendedData>
          <Point><coordinates>102.438228000,2.945872000,0</coordinates></Point>
        </Placemark>

        <Placemark>
          <name>1538</name>
          <styleUrl>#style_Healthy</styleUrl>
          <ExtendedData>
            <Data name="id"><value>1538</value></Data>
            <Data name="Class"><value>Healthy</value></Data>
          </ExtendedData>
          <Point><coordinates>102.439450000,2.948488000,0</coordinates></Point>
        </Placemark>

        <Placemark>
          <name>1539</name>
          <styleUrl>#style_Healthy</styleUrl>
          <ExtendedData>
            <Data name="id"><value>1539</value></Data>
            <Data name="Class"><value>Healthy</value></Data>
          </ExtendedData>
          <Point><coordinates>102.437520000,2.945453000,0</coordinates></Point>
        </Placemark>

        <Placemark>
          <name>1540</name>
          <styleUrl>#style_Healthy</styleUrl>
          <ExtendedData>
            <Data name="id"><value>1540</value></Data>
            <Data name="Class"><value>Healthy</value></Data>
          </ExtendedData>
          <Point><coordinates>102.434434000,2.947869000,0</coordinates></Point>
        </Placemark>

        <Placemark>
          <name>1541</name>
          <styleUrl>#style_Healthy</styleUrl>
          <ExtendedData>
            <Data name="id"><value>1541</value></Data>
            <Data name="Class"><value>Healthy</value></Data>
          </ExtendedData>
          <Point><coordinates>102.438532000,2.946013000,0</coordinates></Point>
        </Placemark>

        <Placemark>
          <name>1542</name>
          <styleUrl>#style_Healthy</styleUrl>
          <ExtendedData>
            <Data name="id"><value>1542</value></Data>
            <Data name="Class"><value>Healthy</value></Data>
          </ExtendedData>
          <Point><coordinates>102.434672000,2.948140000,0</coordinates></Point>
        </Placemark>

        <Placemark>
          <name>1543</name>
          <styleUrl>#style_Healthy</styleUrl>
          <ExtendedData>
            <Data name="id"><value>1543</value></Data>
            <Data name="Class"><value>Healthy</value></Data>
          </ExtendedData>
          <Point><coordinates>102.434196000,2.947318000,0</coordinates></Point>
        </Placemark>

        <Placemark>
          <name>1544</name>
          <styleUrl>#style_Healthy</styleUrl>
          <ExtendedData>
            <Data name="id"><value>1544</value></Data>
            <Data name="Class"><value>Healthy</value></Data>
          </ExtendedData>
          <Point><coordinates>102.438144000,2.945731000,0</coordinates></Point>
        </Placemark>

        <Placemark>
          <name>1545</name>
          <styleUrl>#style_Healthy</styleUrl>
          <ExtendedData>
            <Data name="id"><value>1545</value></Data>
            <Data name="Class"><value>Healthy</value></Data>
          </ExtendedData>
          <Point><coordinates>102.437450000,2.945179000,0</coordinates></Point>
        </Placemark>

        <Placemark>
          <name>1546</name>
          <styleUrl>#style_Healthy</styleUrl>
          <ExtendedData>
            <Data name="id"><value>1546</value></Data>
            <Data name="Class"><value>Healthy</value></Data>
          </ExtendedData>
          <Point><coordinates>102.437760000,2.945045000,0</coordinates></Point>
        </Placemark>

        <Placemark>
          <name>1547</name>
          <styleUrl>#style_Healthy</styleUrl>
          <ExtendedData>
            <Data name="id"><value>1547</value></Data>
            <Data name="Class"><value>Healthy</value></Data>
          </ExtendedData>
          <Point><coordinates>102.439571000,2.948559000,0</coordinates></Point>
        </Placemark>

        <Placemark>
          <name>1548</name>
          <styleUrl>#style_Healthy</styleUrl>
          <ExtendedData>
            <Data name="id"><value>1548</value></Data>
            <Data name="Class"><value>Healthy</value></Data>
          </ExtendedData>
          <Point><coordinates>102.439280000,2.948347000,0</coordinates></Point>
        </Placemark>

        <Placemark>
          <name>1549</name>
          <styleUrl>#style_Healthy</styleUrl>
          <ExtendedData>
            <Data name="id"><value>1549</value></Data>
            <Data name="Class"><value>Healthy</value></Data>
          </ExtendedData>
          <Point><coordinates>102.434430000,2.948005000,0</coordinates></Point>
        </Placemark>

        <Placemark>
          <name>1550</name>
          <styleUrl>#style_Healthy</styleUrl>
          <ExtendedData>
            <Data name="id"><value>1550</value></Data>
            <Data name="Class"><value>Healthy</value></Data>
          </ExtendedData>
          <Point><coordinates>102.434196000,2.947457000,0</coordinates></Point>
        </Placemark>

        <Placemark>
          <name>1551</name>
          <styleUrl>#style_Healthy</styleUrl>
          <ExtendedData>
            <Data name="id"><value>1551</value></Data>
            <Data name="Class"><value>Healthy</value></Data>
          </ExtendedData>
          <Point><coordinates>102.438234000,2.945737000,0</coordinates></Point>
        </Placemark>

        <Placemark>
          <name>1552</name>
          <styleUrl>#style_Healthy</styleUrl>
          <ExtendedData>
            <Data name="id"><value>1552</value></Data>
            <Data name="Class"><value>Healthy</value></Data>
          </ExtendedData>
          <Point><coordinates>102.434594000,2.947871000,0</coordinates></Point>
        </Placemark>

        <Placemark>
          <name>1553</name>
          <styleUrl>#style_Healthy</styleUrl>
          <ExtendedData>
            <Data name="id"><value>1553</value></Data>
            <Data name="Class"><value>Healthy</value></Data>
          </ExtendedData>
          <Point><coordinates>102.437916000,2.945044000,0</coordinates></Point>
        </Placemark>

        <Placemark>
          <name>1554</name>
          <styleUrl>#style_Healthy</styleUrl>
          <ExtendedData>
            <Data name="id"><value>1554</value></Data>
            <Data name="Class"><value>Healthy</value></Data>
          </ExtendedData>
          <Point><coordinates>102.439416000,2.948418000,0</coordinates></Point>
        </Placemark>

        <Placemark>
          <name>1555</name>
          <styleUrl>#style_Healthy</styleUrl>
          <ExtendedData>
            <Data name="id"><value>1555</value></Data>
            <Data name="Class"><value>Healthy</value></Data>
          </ExtendedData>
          <Point><coordinates>102.437799000,2.944974000,0</coordinates></Point>
        </Placemark>

        <Placemark>
          <name>1556</name>
          <styleUrl>#style_Healthy</styleUrl>
          <ExtendedData>
            <Data name="id"><value>1556</value></Data>
            <Data name="Class"><value>Healthy</value></Data>
          </ExtendedData>
          <Point><coordinates>102.438145000,2.945466000,0</coordinates></Point>
        </Placemark>

        <Placemark>
          <name>1557</name>
          <styleUrl>#style_Healthy</styleUrl>
          <ExtendedData>
            <Data name="id"><value>1557</value></Data>
            <Data name="Class"><value>Healthy</value></Data>
          </ExtendedData>
          <Point><coordinates>102.437249000,2.944967000,0</coordinates></Point>
        </Placemark>

        <Placemark>
          <name>1558</name>
          <styleUrl>#style_Healthy</styleUrl>
          <ExtendedData>
            <Data name="id"><value>1558</value></Data>
            <Data name="Class"><value>Healthy</value></Data>
          </ExtendedData>
          <Point><coordinates>102.437599000,2.945583000,0</coordinates></Point>
        </Placemark>

        <Placemark>
          <name>1559</name>
          <styleUrl>#style_Healthy</styleUrl>
          <ExtendedData>
            <Data name="id"><value>1559</value></Data>
            <Data name="Class"><value>Healthy</value></Data>
          </ExtendedData>
          <Point><coordinates>102.437674000,2.945455000,0</coordinates></Point>
        </Placemark>

        <Placemark>
          <name>1560</name>
          <styleUrl>#style_Healthy</styleUrl>
          <ExtendedData>
            <Data name="id"><value>1560</value></Data>
            <Data name="Class"><value>Healthy</value></Data>
          </ExtendedData>
          <Point><coordinates>102.434160000,2.947249000,0</coordinates></Point>
        </Placemark>

        <Placemark>
          <name>1561</name>
          <styleUrl>#style_Healthy</styleUrl>
          <ExtendedData>
            <Data name="id"><value>1561</value></Data>
            <Data name="Class"><value>Healthy</value></Data>
          </ExtendedData>
          <Point><coordinates>102.437801000,2.945795000,0</coordinates></Point>
        </Placemark>

        <Placemark>
          <name>1562</name>
          <styleUrl>#style_Healthy</styleUrl>
          <ExtendedData>
            <Data name="id"><value>1562</value></Data>
            <Data name="Class"><value>Healthy</value></Data>
          </ExtendedData>
          <Point><coordinates>102.439719000,2.948972000,0</coordinates></Point>
        </Placemark>

        <Placemark>
          <name>1563</name>
          <styleUrl>#style_Healthy</styleUrl>
          <ExtendedData>
            <Data name="id"><value>1563</value></Data>
            <Data name="Class"><value>Healthy</value></Data>
          </ExtendedData>
          <Point><coordinates>102.437409000,2.945247000,0</coordinates></Point>
        </Placemark>

        <Placemark>
          <name>1564</name>
          <styleUrl>#style_Healthy</styleUrl>
          <ExtendedData>
            <Data name="id"><value>1564</value></Data>
            <Data name="Class"><value>Healthy</value></Data>
          </ExtendedData>
          <Point><coordinates>102.437334000,2.944972000,0</coordinates></Point>
        </Placemark>

        <Placemark>
          <name>1565</name>
          <styleUrl>#style_Healthy</styleUrl>
          <ExtendedData>
            <Data name="id"><value>1565</value></Data>
            <Data name="Class"><value>Healthy</value></Data>
          </ExtendedData>
          <Point><coordinates>102.434086000,2.947390000,0</coordinates></Point>
        </Placemark>

        <Placemark>
          <name>1566</name>
          <styleUrl>#style_Healthy</styleUrl>
          <ExtendedData>
            <Data name="id"><value>1566</value></Data>
            <Data name="Class"><value>Healthy</value></Data>
          </ExtendedData>
          <Point><coordinates>102.439372000,2.948486000,0</coordinates></Point>
        </Placemark>

        <Placemark>
          <name>1567</name>
          <styleUrl>#style_Healthy</styleUrl>
          <ExtendedData>
            <Data name="id"><value>1567</value></Data>
            <Data name="Class"><value>Healthy</value></Data>
          </ExtendedData>
          <Point><coordinates>102.438299000,2.946001000,0</coordinates></Point>
        </Placemark>

        <Placemark>
          <name>1568</name>
          <styleUrl>#style_Healthy</styleUrl>
          <ExtendedData>
            <Data name="id"><value>1568</value></Data>
            <Data name="Class"><value>Healthy</value></Data>
          </ExtendedData>
          <Point><coordinates>102.437641000,2.945521000,0</coordinates></Point>
        </Placemark>

        <Placemark>
          <name>1569</name>
          <styleUrl>#style_Healthy</styleUrl>
          <ExtendedData>
            <Data name="id"><value>1569</value></Data>
            <Data name="Class"><value>Healthy</value></Data>
          </ExtendedData>
          <Point><coordinates>102.437719000,2.945661000,0</coordinates></Point>
        </Placemark>

        <Placemark>
          <name>1570</name>
          <styleUrl>#style_Healthy</styleUrl>
          <ExtendedData>
            <Data name="id"><value>1570</value></Data>
            <Data name="Class"><value>Healthy</value></Data>
          </ExtendedData>
          <Point><coordinates>102.439524000,2.948766000,0</coordinates></Point>
        </Placemark>

        <Placemark>
          <name>1571</name>
          <styleUrl>#style_Healthy</styleUrl>
          <ExtendedData>
            <Data name="id"><value>1571</value></Data>
            <Data name="Class"><value>Healthy</value></Data>
          </ExtendedData>
          <Point><coordinates>102.437446000,2.945318000,0</coordinates></Point>
        </Placemark>

        <Placemark>
          <name>1572</name>
          <styleUrl>#style_Healthy</styleUrl>
          <ExtendedData>
            <Data name="id"><value>1572</value></Data>
            <Data name="Class"><value>Healthy</value></Data>
          </ExtendedData>
          <Point><coordinates>102.438181000,2.945804000,0</coordinates></Point>
        </Placemark>

        <Placemark>
          <name>1573</name>
          <styleUrl>#style_Healthy</styleUrl>
          <ExtendedData>
            <Data name="id"><value>1573</value></Data>
            <Data name="Class"><value>Healthy</value></Data>
          </ExtendedData>
          <Point><coordinates>102.438107000,2.945667000,0</coordinates></Point>
        </Placemark>

        <Placemark>
          <name>1574</name>
          <styleUrl>#style_Healthy</styleUrl>
          <ExtendedData>
            <Data name="id"><value>1574</value></Data>
            <Data name="Class"><value>Healthy</value></Data>
          </ExtendedData>
          <Point><coordinates>102.437869000,2.945663000,0</coordinates></Point>
        </Placemark>

        <Placemark>
          <name>1575</name>
          <styleUrl>#style_Healthy</styleUrl>
          <ExtendedData>
            <Data name="id"><value>1575</value></Data>
            <Data name="Class"><value>Healthy</value></Data>
          </ExtendedData>
          <Point><coordinates>102.437834000,2.945592000,0</coordinates></Point>
        </Placemark>

        <Placemark>
          <name>1576</name>
          <styleUrl>#style_Healthy</styleUrl>
          <ExtendedData>
            <Data name="id"><value>1576</value></Data>
            <Data name="Class"><value>Healthy</value></Data>
          </ExtendedData>
          <Point><coordinates>102.437756000,2.945596000,0</coordinates></Point>
        </Placemark>

        <Placemark>
          <name>1577</name>
          <styleUrl>#style_Healthy</styleUrl>
          <ExtendedData>
            <Data name="id"><value>1577</value></Data>
            <Data name="Class"><value>Healthy</value></Data>
          </ExtendedData>
          <Point><coordinates>102.437755000,2.945455000,0</coordinates></Point>
        </Placemark>

        <Placemark>
          <name>1578</name>
          <styleUrl>#style_Healthy</styleUrl>
          <ExtendedData>
            <Data name="id"><value>1578</value></Data>
            <Data name="Class"><value>Healthy</value></Data>
          </ExtendedData>
          <Point><coordinates>102.437128000,2.945992000,0</coordinates></Point>
        </Placemark>

        <Placemark>
          <name>1579</name>
          <styleUrl>#style_Healthy</styleUrl>
          <ExtendedData>
            <Data name="id"><value>1579</value></Data>
            <Data name="Class"><value>Healthy</value></Data>
          </ExtendedData>
          <Point><coordinates>102.436464000,2.945230000,0</coordinates></Point>
        </Placemark>

        <Placemark>
          <name>1580</name>
          <styleUrl>#style_Healthy</styleUrl>
          <ExtendedData>
            <Data name="id"><value>1580</value></Data>
            <Data name="Class"><value>Healthy</value></Data>
          </ExtendedData>
          <Point><coordinates>102.434392000,2.947802000,0</coordinates></Point>
        </Placemark>

        <Placemark>
          <name>1581</name>
          <styleUrl>#style_Healthy</styleUrl>
          <ExtendedData>
            <Data name="id"><value>1581</value></Data>
            <Data name="Class"><value>Healthy</value></Data>
          </ExtendedData>
          <Point><coordinates>102.434470000,2.947802000,0</coordinates></Point>
        </Placemark>

        <Placemark>
          <name>1582</name>
          <styleUrl>#style_Healthy</styleUrl>
          <ExtendedData>
            <Data name="id"><value>1582</value></Data>
            <Data name="Class"><value>Healthy</value></Data>
          </ExtendedData>
          <Point><coordinates>102.434395000,2.947934000,0</coordinates></Point>
        </Placemark>

        <Placemark>
          <name>1583</name>
          <styleUrl>#style_Healthy</styleUrl>
          <ExtendedData>
            <Data name="id"><value>1583</value></Data>
            <Data name="Class"><value>Healthy</value></Data>
          </ExtendedData>
          <Point><coordinates>102.434165000,2.947389000,0</coordinates></Point>
        </Placemark>

        <Placemark>
          <name>1584</name>
          <styleUrl>#style_Healthy</styleUrl>
          <ExtendedData>
            <Data name="id"><value>1584</value></Data>
            <Data name="Class"><value>Healthy</value></Data>
          </ExtendedData>
          <Point><coordinates>102.439343000,2.948284000,0</coordinates></Point>
        </Placemark>

        <Placemark>
          <name>1585</name>
          <styleUrl>#style_Healthy</styleUrl>
          <ExtendedData>
            <Data name="id"><value>1585</value></Data>
            <Data name="Class"><value>Healthy</value></Data>
          </ExtendedData>
          <Point><coordinates>102.439082000,2.946295000,0</coordinates></Point>
        </Placemark>

        <Placemark>
          <name>1586</name>
          <styleUrl>#style_Healthy</styleUrl>
          <ExtendedData>
            <Data name="id"><value>1586</value></Data>
            <Data name="Class"><value>Healthy</value></Data>
          </ExtendedData>
          <Point><coordinates>102.439047000,2.946227000,0</coordinates></Point>
        </Placemark>

        <Placemark>
          <name>1587</name>
          <styleUrl>#style_Healthy</styleUrl>
          <ExtendedData>
            <Data name="id"><value>1587</value></Data>
            <Data name="Class"><value>Healthy</value></Data>
          </ExtendedData>
          <Point><coordinates>102.437117000,2.946809000,0</coordinates></Point>
        </Placemark>

        <Placemark>
          <name>1588</name>
          <styleUrl>#style_Healthy</styleUrl>
          <ExtendedData>
            <Data name="id"><value>1588</value></Data>
            <Data name="Class"><value>Healthy</value></Data>
          </ExtendedData>
          <Point><coordinates>102.436753000,2.947691000,0</coordinates></Point>
        </Placemark>

        <Placemark>
          <name>1589</name>
          <styleUrl>#style_Healthy</styleUrl>
          <ExtendedData>
            <Data name="id"><value>1589</value></Data>
            <Data name="Class"><value>Healthy</value></Data>
          </ExtendedData>
          <Point><coordinates>102.437040000,2.946530000,0</coordinates></Point>
        </Placemark>

        <Placemark>
          <name>1590</name>
          <styleUrl>#style_Healthy</styleUrl>
          <ExtendedData>
            <Data name="id"><value>1590</value></Data>
            <Data name="Class"><value>Healthy</value></Data>
          </ExtendedData>
          <Point><coordinates>102.433090000,2.949216000,0</coordinates></Point>
        </Placemark>

        <Placemark>
          <name>1591</name>
          <styleUrl>#style_Healthy</styleUrl>
          <ExtendedData>
            <Data name="id"><value>1591</value></Data>
            <Data name="Class"><value>Healthy</value></Data>
          </ExtendedData>
          <Point><coordinates>102.432893000,2.948890000,0</coordinates></Point>
        </Placemark>

        <Placemark>
          <name>1592</name>
          <styleUrl>#style_Healthy</styleUrl>
          <ExtendedData>
            <Data name="id"><value>1592</value></Data>
            <Data name="Class"><value>Healthy</value></Data>
          </ExtendedData>
          <Point><coordinates>102.439120000,2.946225000,0</coordinates></Point>
        </Placemark>

        <Placemark>
          <name>1593</name>
          <styleUrl>#style_Healthy</styleUrl>
          <ExtendedData>
            <Data name="id"><value>1593</value></Data>
            <Data name="Class"><value>Healthy</value></Data>
          </ExtendedData>
          <Point><coordinates>102.439275000,2.946502000,0</coordinates></Point>
        </Placemark>

        <Placemark>
          <name>1594</name>
          <styleUrl>#style_Healthy</styleUrl>
          <ExtendedData>
            <Data name="id"><value>1594</value></Data>
            <Data name="Class"><value>Healthy</value></Data>
          </ExtendedData>
          <Point><coordinates>102.439007000,2.946157000,0</coordinates></Point>
        </Placemark>

        <Placemark>
          <name>1595</name>
          <styleUrl>#style_Healthy</styleUrl>
          <ExtendedData>
            <Data name="id"><value>1595</value></Data>
            <Data name="Class"><value>Healthy</value></Data>
          </ExtendedData>
          <Point><coordinates>102.439043000,2.946090000,0</coordinates></Point>
        </Placemark>

        <Placemark>
          <name>1596</name>
          <styleUrl>#style_Healthy</styleUrl>
          <ExtendedData>
            <Data name="id"><value>1596</value></Data>
            <Data name="Class"><value>Healthy</value></Data>
          </ExtendedData>
          <Point><coordinates>102.438887000,2.946089000,0</coordinates></Point>
        </Placemark>

        <Placemark>
          <name>1597</name>
          <styleUrl>#style_Healthy</styleUrl>
          <ExtendedData>
            <Data name="id"><value>1597</value></Data>
            <Data name="Class"><value>Healthy</value></Data>
          </ExtendedData>
          <Point><coordinates>102.438966000,2.946089000,0</coordinates></Point>
        </Placemark>

        <Placemark>
          <name>1598</name>
          <styleUrl>#style_Healthy</styleUrl>
          <ExtendedData>
            <Data name="id"><value>1598</value></Data>
            <Data name="Class"><value>Healthy</value></Data>
          </ExtendedData>
          <Point><coordinates>102.433694000,2.946983000,0</coordinates></Point>
        </Placemark>

        <Placemark>
          <name>1599</name>
          <styleUrl>#style_Healthy</styleUrl>
          <ExtendedData>
            <Data name="id"><value>1599</value></Data>
            <Data name="Class"><value>Healthy</value></Data>
          </ExtendedData>
          <Point><coordinates>102.439467000,2.946848000,0</coordinates></Point>
        </Placemark>

        <Placemark>
          <name>1600</name>
          <styleUrl>#style_Healthy</styleUrl>
          <ExtendedData>
            <Data name="id"><value>1600</value></Data>
            <Data name="Class"><value>Healthy</value></Data>
          </ExtendedData>
          <Point><coordinates>102.437003000,2.946741000,0</coordinates></Point>
        </Placemark>

        <Placemark>
          <name>1601</name>
          <styleUrl>#style_Healthy</styleUrl>
          <ExtendedData>
            <Data name="id"><value>1601</value></Data>
            <Data name="Class"><value>Healthy</value></Data>
          </ExtendedData>
          <Point><coordinates>102.436842000,2.946463000,0</coordinates></Point>
        </Placemark>

        <Placemark>
          <name>1602</name>
          <styleUrl>#style_Healthy</styleUrl>
          <ExtendedData>
            <Data name="id"><value>1602</value></Data>
            <Data name="Class"><value>Healthy</value></Data>
          </ExtendedData>
          <Point><coordinates>102.433184000,2.946076000,0</coordinates></Point>
        </Placemark>

        <Placemark>
          <name>1603</name>
          <styleUrl>#style_Healthy</styleUrl>
          <ExtendedData>
            <Data name="id"><value>1603</value></Data>
            <Data name="Class"><value>Healthy</value></Data>
          </ExtendedData>
          <Point><coordinates>102.433538000,2.946565000,0</coordinates></Point>
        </Placemark>

        <Placemark>
          <name>1604</name>
          <styleUrl>#style_Healthy</styleUrl>
          <ExtendedData>
            <Data name="id"><value>1604</value></Data>
            <Data name="Class"><value>Healthy</value></Data>
          </ExtendedData>
          <Point><coordinates>102.439506000,2.946938000,0</coordinates></Point>
        </Placemark>

        <Placemark>
          <name>1605</name>
          <styleUrl>#style_Healthy</styleUrl>
          <ExtendedData>
            <Data name="id"><value>1605</value></Data>
            <Data name="Class"><value>Healthy</value></Data>
          </ExtendedData>
          <Point><coordinates>102.433148000,2.946000000,0</coordinates></Point>
        </Placemark>

        <Placemark>
          <name>1606</name>
          <styleUrl>#style_Healthy</styleUrl>
          <ExtendedData>
            <Data name="id"><value>1606</value></Data>
            <Data name="Class"><value>Healthy</value></Data>
          </ExtendedData>
          <Point><coordinates>102.436450000,2.947283000,0</coordinates></Point>
        </Placemark>

        <Placemark>
          <name>1607</name>
          <styleUrl>#style_Healthy</styleUrl>
          <ExtendedData>
            <Data name="id"><value>1607</value></Data>
            <Data name="Class"><value>Healthy</value></Data>
          </ExtendedData>
          <Point><coordinates>102.436716000,2.947483000,0</coordinates></Point>
        </Placemark>

        <Placemark>
          <name>1608</name>
          <styleUrl>#style_Healthy</styleUrl>
          <ExtendedData>
            <Data name="id"><value>1608</value></Data>
            <Data name="Class"><value>Healthy</value></Data>
          </ExtendedData>
          <Point><coordinates>102.433775000,2.946979000,0</coordinates></Point>
        </Placemark>

        <Placemark>
          <name>1609</name>
          <styleUrl>#style_Healthy</styleUrl>
          <ExtendedData>
            <Data name="id"><value>1609</value></Data>
            <Data name="Class"><value>Healthy</value></Data>
          </ExtendedData>
          <Point><coordinates>102.435836000,2.949115000,0</coordinates></Point>
        </Placemark>

        <Placemark>
          <name>1611</name>
          <styleUrl>#style_Healthy</styleUrl>
          <ExtendedData>
            <Data name="id"><value>1611</value></Data>
            <Data name="Class"><value>Healthy</value></Data>
          </ExtendedData>
          <Point><coordinates>102.437114000,2.947080000,0</coordinates></Point>
        </Placemark>

        <Placemark>
          <name>1612</name>
          <styleUrl>#style_Healthy</styleUrl>
          <ExtendedData>
            <Data name="id"><value>1612</value></Data>
            <Data name="Class"><value>Healthy</value></Data>
          </ExtendedData>
          <Point><coordinates>102.437276000,2.946950000,0</coordinates></Point>
        </Placemark>

        <Placemark>
          <name>1613</name>
          <styleUrl>#style_Healthy</styleUrl>
          <ExtendedData>
            <Data name="id"><value>1613</value></Data>
            <Data name="Class"><value>Healthy</value></Data>
          </ExtendedData>
          <Point><coordinates>102.437008000,2.946596000,0</coordinates></Point>
        </Placemark>

        <Placemark>
          <name>1614</name>
          <styleUrl>#style_Healthy</styleUrl>
          <ExtendedData>
            <Data name="id"><value>1614</value></Data>
            <Data name="Class"><value>Healthy</value></Data>
          </ExtendedData>
          <Point><coordinates>102.436368000,2.947277000,0</coordinates></Point>
        </Placemark>

        <Placemark>
          <name>1615</name>
          <styleUrl>#style_Healthy</styleUrl>
          <ExtendedData>
            <Data name="id"><value>1615</value></Data>
            <Data name="Class"><value>Healthy</value></Data>
          </ExtendedData>
          <Point><coordinates>102.439081000,2.946158000,0</coordinates></Point>
        </Placemark>

        <Placemark>
          <name>1616</name>
          <styleUrl>#style_Healthy</styleUrl>
          <ExtendedData>
            <Data name="id"><value>1616</value></Data>
            <Data name="Class"><value>Healthy</value></Data>
          </ExtendedData>
          <Point><coordinates>102.437196000,2.946810000,0</coordinates></Point>
        </Placemark>

        <Placemark>
          <name>1617</name>
          <styleUrl>#style_Healthy</styleUrl>
          <ExtendedData>
            <Data name="id"><value>1617</value></Data>
            <Data name="Class"><value>Healthy</value></Data>
          </ExtendedData>
          <Point><coordinates>102.432508000,2.948328000,0</coordinates></Point>
        </Placemark>

        <Placemark>
          <name>1618</name>
          <styleUrl>#style_Healthy</styleUrl>
          <ExtendedData>
            <Data name="id"><value>1618</value></Data>
            <Data name="Class"><value>Healthy</value></Data>
          </ExtendedData>
          <Point><coordinates>102.432898000,2.948744000,0</coordinates></Point>
        </Placemark>

        <Placemark>
          <name>1619</name>
          <styleUrl>#style_Healthy</styleUrl>
          <ExtendedData>
            <Data name="id"><value>1619</value></Data>
            <Data name="Class"><value>Healthy</value></Data>
          </ExtendedData>
          <Point><coordinates>102.433535000,2.946976000,0</coordinates></Point>
        </Placemark>

        <Placemark>
          <name>1620</name>
          <styleUrl>#style_Healthy</styleUrl>
          <ExtendedData>
            <Data name="id"><value>1620</value></Data>
            <Data name="Class"><value>Healthy</value></Data>
          </ExtendedData>
          <Point><coordinates>102.439428000,2.946916000,0</coordinates></Point>
        </Placemark>

        <Placemark>
          <name>1621</name>
          <styleUrl>#style_Healthy</styleUrl>
          <ExtendedData>
            <Data name="id"><value>1621</value></Data>
            <Data name="Class"><value>Healthy</value></Data>
          </ExtendedData>
          <Point><coordinates>102.436564000,2.947347000,0</coordinates></Point>
        </Placemark>

        <Placemark>
          <name>1623</name>
          <styleUrl>#style_Healthy</styleUrl>
          <ExtendedData>
            <Data name="id"><value>1623</value></Data>
            <Data name="Class"><value>Healthy</value></Data>
          </ExtendedData>
          <Point><coordinates>102.439393000,2.946707000,0</coordinates></Point>
        </Placemark>

        <Placemark>
          <name>1624</name>
          <styleUrl>#style_Healthy</styleUrl>
          <ExtendedData>
            <Data name="id"><value>1624</value></Data>
            <Data name="Class"><value>Healthy</value></Data>
          </ExtendedData>
          <Point><coordinates>102.432674000,2.948328000,0</coordinates></Point>
        </Placemark>

        <Placemark>
          <name>1625</name>
          <styleUrl>#style_Healthy</styleUrl>
          <ExtendedData>
            <Data name="id"><value>1625</value></Data>
            <Data name="Class"><value>Healthy</value></Data>
          </ExtendedData>
          <Point><coordinates>102.437278000,2.947079000,0</coordinates></Point>
        </Placemark>

        <Placemark>
          <name>1626</name>
          <styleUrl>#style_Healthy</styleUrl>
          <ExtendedData>
            <Data name="id"><value>1626</value></Data>
            <Data name="Class"><value>Healthy</value></Data>
          </ExtendedData>
          <Point><coordinates>102.439125309,2.946093537,0</coordinates></Point>
        </Placemark>

        <Placemark>
          <name>1627</name>
          <styleUrl>#style_Healthy</styleUrl>
          <ExtendedData>
            <Data name="id"><value>1627</value></Data>
            <Data name="Class"><value>Healthy</value></Data>
          </ExtendedData>
          <Point><coordinates>102.438968000,2.946226000,0</coordinates></Point>
        </Placemark>

        <Placemark>
          <name>1628</name>
          <styleUrl>#style_Healthy</styleUrl>
          <ExtendedData>
            <Data name="id"><value>1628</value></Data>
            <Data name="Class"><value>Healthy</value></Data>
          </ExtendedData>
          <Point><coordinates>102.432743000,2.948478000,0</coordinates></Point>
        </Placemark>

        <Placemark>
          <name>1629</name>
          <styleUrl>#style_Healthy</styleUrl>
          <ExtendedData>
            <Data name="id"><value>1629</value></Data>
            <Data name="Class"><value>Healthy</value></Data>
          </ExtendedData>
          <Point><coordinates>102.436923000,2.946598000,0</coordinates></Point>
        </Placemark>

        <Placemark>
          <name>1630</name>
          <styleUrl>#style_Healthy</styleUrl>
          <ExtendedData>
            <Data name="id"><value>1630</value></Data>
            <Data name="Class"><value>Healthy</value></Data>
          </ExtendedData>
          <Point><coordinates>102.439274000,2.946780000,0</coordinates></Point>
        </Placemark>

        <Placemark>
          <name>1631</name>
          <styleUrl>#style_Healthy</styleUrl>
          <ExtendedData>
            <Data name="id"><value>1631</value></Data>
            <Data name="Class"><value>Healthy</value></Data>
          </ExtendedData>
          <Point><coordinates>102.435572000,2.948357000,0</coordinates></Point>
        </Placemark>

        <Placemark>
          <name>1632</name>
          <styleUrl>#style_Healthy</styleUrl>
          <ExtendedData>
            <Data name="id"><value>1632</value></Data>
            <Data name="Class"><value>Healthy</value></Data>
          </ExtendedData>
          <Point><coordinates>102.439120000,2.946364000,0</coordinates></Point>
        </Placemark>

        <Placemark>
          <name>1633</name>
          <styleUrl>#style_Healthy</styleUrl>
          <ExtendedData>
            <Data name="id"><value>1633</value></Data>
            <Data name="Class"><value>Healthy</value></Data>
          </ExtendedData>
          <Point><coordinates>102.436527000,2.947143000,0</coordinates></Point>
        </Placemark>

        <Placemark>
          <name>1634</name>
          <styleUrl>#style_Healthy</styleUrl>
          <ExtendedData>
            <Data name="id"><value>1634</value></Data>
            <Data name="Class"><value>Healthy</value></Data>
          </ExtendedData>
          <Point><coordinates>102.436830000,2.947691000,0</coordinates></Point>
        </Placemark>

        <Placemark>
          <name>1635</name>
          <styleUrl>#style_Healthy</styleUrl>
          <ExtendedData>
            <Data name="id"><value>1635</value></Data>
            <Data name="Class"><value>Healthy</value></Data>
          </ExtendedData>
          <Point><coordinates>102.437196000,2.946951000,0</coordinates></Point>
        </Placemark>

        <Placemark>
          <name>1637</name>
          <styleUrl>#style_Healthy</styleUrl>
          <ExtendedData>
            <Data name="id"><value>1637</value></Data>
            <Data name="Class"><value>Healthy</value></Data>
          </ExtendedData>
          <Point><coordinates>102.433575000,2.946909000,0</coordinates></Point>
        </Placemark>

        <Placemark>
          <name>1638</name>
          <styleUrl>#style_Healthy</styleUrl>
          <ExtendedData>
            <Data name="id"><value>1638</value></Data>
            <Data name="Class"><value>Healthy</value></Data>
          </ExtendedData>
          <Point><coordinates>102.436788000,2.948034000,0</coordinates></Point>
        </Placemark>

        <Placemark>
          <name>1639</name>
          <styleUrl>#style_Healthy</styleUrl>
          <ExtendedData>
            <Data name="id"><value>1639</value></Data>
            <Data name="Class"><value>Healthy</value></Data>
          </ExtendedData>
          <Point><coordinates>102.435838000,2.948975000,0</coordinates></Point>
        </Placemark>

        <Placemark>
          <name>1640</name>
          <styleUrl>#style_Healthy</styleUrl>
          <ExtendedData>
            <Data name="id"><value>1640</value></Data>
            <Data name="Class"><value>Healthy</value></Data>
          </ExtendedData>
          <Point><coordinates>102.439353000,2.946917000,0</coordinates></Point>
        </Placemark>

        <Placemark>
          <name>1641</name>
          <styleUrl>#style_Healthy</styleUrl>
          <ExtendedData>
            <Data name="id"><value>1641</value></Data>
            <Data name="Class"><value>Healthy</value></Data>
          </ExtendedData>
          <Point><coordinates>102.433374000,2.946287000,0</coordinates></Point>
        </Placemark>

        <Placemark>
          <name>1642</name>
          <styleUrl>#style_Healthy</styleUrl>
          <ExtendedData>
            <Data name="id"><value>1642</value></Data>
            <Data name="Class"><value>Healthy</value></Data>
          </ExtendedData>
          <Point><coordinates>102.433503000,2.946492000,0</coordinates></Point>
        </Placemark>

        <Placemark>
          <name>1643</name>
          <styleUrl>#style_Healthy</styleUrl>
          <ExtendedData>
            <Data name="id"><value>1643</value></Data>
            <Data name="Class"><value>Healthy</value></Data>
          </ExtendedData>
          <Point><coordinates>102.437191000,2.947080000,0</coordinates></Point>
        </Placemark>

        <Placemark>
          <name>1644</name>
          <styleUrl>#style_Healthy</styleUrl>
          <ExtendedData>
            <Data name="id"><value>1644</value></Data>
            <Data name="Class"><value>Healthy</value></Data>
          </ExtendedData>
          <Point><coordinates>102.436408000,2.947354000,0</coordinates></Point>
        </Placemark>

        <Placemark>
          <name>1645</name>
          <styleUrl>#style_Healthy</styleUrl>
          <ExtendedData>
            <Data name="id"><value>1645</value></Data>
            <Data name="Class"><value>Healthy</value></Data>
          </ExtendedData>
          <Point><coordinates>102.432389000,2.948263000,0</coordinates></Point>
        </Placemark>

        <Placemark>
          <name>1646</name>
          <styleUrl>#style_Healthy</styleUrl>
          <ExtendedData>
            <Data name="id"><value>1646</value></Data>
            <Data name="Class"><value>Healthy</value></Data>
          </ExtendedData>
          <Point><coordinates>102.436791000,2.947769000,0</coordinates></Point>
        </Placemark>

        <Placemark>
          <name>1647</name>
          <styleUrl>#style_Healthy</styleUrl>
          <ExtendedData>
            <Data name="id"><value>1647</value></Data>
            <Data name="Class"><value>Healthy</value></Data>
          </ExtendedData>
          <Point><coordinates>102.436999000,2.946458000,0</coordinates></Point>
        </Placemark>

        <Placemark>
          <name>1648</name>
          <styleUrl>#style_Healthy</styleUrl>
          <ExtendedData>
            <Data name="id"><value>1648</value></Data>
            <Data name="Class"><value>Healthy</value></Data>
          </ExtendedData>
          <Point><coordinates>102.435613000,2.948700000,0</coordinates></Point>
        </Placemark>

        <Placemark>
          <name>1649</name>
          <styleUrl>#style_Healthy</styleUrl>
          <ExtendedData>
            <Data name="id"><value>1649</value></Data>
            <Data name="Class"><value>Healthy</value></Data>
          </ExtendedData>
          <Point><coordinates>102.435415000,2.948356000,0</coordinates></Point>
        </Placemark>

        <Placemark>
          <name>1650</name>
          <styleUrl>#style_Healthy</styleUrl>
          <ExtendedData>
            <Data name="id"><value>1650</value></Data>
            <Data name="Class"><value>Healthy</value></Data>
          </ExtendedData>
          <Point><coordinates>102.432587000,2.948329000,0</coordinates></Point>
        </Placemark>

        <Placemark>
          <name>1651</name>
          <styleUrl>#style_Healthy</styleUrl>
          <ExtendedData>
            <Data name="id"><value>1651</value></Data>
            <Data name="Class"><value>Healthy</value></Data>
          </ExtendedData>
          <Point><coordinates>102.439162845,2.946159805,0</coordinates></Point>
        </Placemark>

        <Placemark>
          <name>1652</name>
          <styleUrl>#style_Healthy</styleUrl>
          <ExtendedData>
            <Data name="id"><value>1652</value></Data>
            <Data name="Class"><value>Healthy</value></Data>
          </ExtendedData>
          <Point><coordinates>102.439046000,2.946363000,0</coordinates></Point>
        </Placemark>

        <Placemark>
          <name>1653</name>
          <styleUrl>#style_Healthy</styleUrl>
          <ExtendedData>
            <Data name="id"><value>1653</value></Data>
            <Data name="Class"><value>Healthy</value></Data>
          </ExtendedData>
          <Point><coordinates>102.433495000,2.946907000,0</coordinates></Point>
        </Placemark>

        <Placemark>
          <name>1654</name>
          <styleUrl>#style_Healthy</styleUrl>
          <ExtendedData>
            <Data name="id"><value>1654</value></Data>
            <Data name="Class"><value>Healthy</value></Data>
          </ExtendedData>
          <Point><coordinates>102.433613000,2.946712000,0</coordinates></Point>
        </Placemark>

        <Placemark>
          <name>1655</name>
          <styleUrl>#style_Healthy</styleUrl>
          <ExtendedData>
            <Data name="id"><value>1655</value></Data>
            <Data name="Class"><value>Healthy</value></Data>
          </ExtendedData>
          <Point><coordinates>102.433345000,2.946357000,0</coordinates></Point>
        </Placemark>

        <Placemark>
          <name>1656</name>
          <styleUrl>#style_Healthy</styleUrl>
          <ExtendedData>
            <Data name="id"><value>1656</value></Data>
            <Data name="Class"><value>Healthy</value></Data>
          </ExtendedData>
          <Point><coordinates>102.436003000,2.948978000,0</coordinates></Point>
        </Placemark>

        <Placemark>
          <name>1657</name>
          <styleUrl>#style_Healthy</styleUrl>
          <ExtendedData>
            <Data name="id"><value>1657</value></Data>
            <Data name="Class"><value>Healthy</value></Data>
          </ExtendedData>
          <Point><coordinates>102.436854000,2.946185000,0</coordinates></Point>
        </Placemark>

        <Placemark>
          <name>1658</name>
          <styleUrl>#style_Healthy</styleUrl>
          <ExtendedData>
            <Data name="id"><value>1658</value></Data>
            <Data name="Class"><value>Healthy</value></Data>
          </ExtendedData>
          <Point><coordinates>102.436489000,2.947214000,0</coordinates></Point>
        </Placemark>

        <Placemark>
          <name>1659</name>
          <styleUrl>#style_Healthy</styleUrl>
          <ExtendedData>
            <Data name="id"><value>1659</value></Data>
            <Data name="Class"><value>Healthy</value></Data>
          </ExtendedData>
          <Point><coordinates>102.437113000,2.946668000,0</coordinates></Point>
        </Placemark>

        <Placemark>
          <name>1661</name>
          <styleUrl>#style_Healthy</styleUrl>
          <ExtendedData>
            <Data name="id"><value>1661</value></Data>
            <Data name="Class"><value>Healthy</value></Data>
          </ExtendedData>
          <Point><coordinates>102.435456000,2.948424000,0</coordinates></Point>
        </Placemark>

        <Placemark>
          <name>1662</name>
          <styleUrl>#style_Healthy</styleUrl>
          <ExtendedData>
            <Data name="id"><value>1662</value></Data>
            <Data name="Class"><value>Healthy</value></Data>
          </ExtendedData>
          <Point><coordinates>102.439465000,2.946989000,0</coordinates></Point>
        </Placemark>

        <Placemark>
          <name>1664</name>
          <styleUrl>#style_Healthy</styleUrl>
          <ExtendedData>
            <Data name="id"><value>1664</value></Data>
            <Data name="Class"><value>Healthy</value></Data>
          </ExtendedData>
          <Point><coordinates>102.432431000,2.948327000,0</coordinates></Point>
        </Placemark>

        <Placemark>
          <name>1666</name>
          <styleUrl>#style_Healthy</styleUrl>
          <ExtendedData>
            <Data name="id"><value>1666</value></Data>
            <Data name="Class"><value>Healthy</value></Data>
          </ExtendedData>
          <Point><coordinates>102.432968000,2.948872000,0</coordinates></Point>
        </Placemark>

        <Placemark>
          <name>1667</name>
          <styleUrl>#style_Healthy</styleUrl>
          <ExtendedData>
            <Data name="id"><value>1667</value></Data>
            <Data name="Class"><value>Healthy</value></Data>
          </ExtendedData>
          <Point><coordinates>102.438929000,2.946158000,0</coordinates></Point>
        </Placemark>

        <Placemark>
          <name>1668</name>
          <styleUrl>#style_Healthy</styleUrl>
          <ExtendedData>
            <Data name="id"><value>1668</value></Data>
            <Data name="Class"><value>Healthy</value></Data>
          </ExtendedData>
          <Point><coordinates>102.433577000,2.947042000,0</coordinates></Point>
        </Placemark>

        <Placemark>
          <name>1669</name>
          <styleUrl>#style_Healthy</styleUrl>
          <ExtendedData>
            <Data name="id"><value>1669</value></Data>
            <Data name="Class"><value>Healthy</value></Data>
          </ExtendedData>
          <Point><coordinates>102.437082000,2.946738000,0</coordinates></Point>
        </Placemark>

        <Placemark>
          <name>1670</name>
          <styleUrl>#style_Healthy</styleUrl>
          <ExtendedData>
            <Data name="id"><value>1670</value></Data>
            <Data name="Class"><value>Healthy</value></Data>
          </ExtendedData>
          <Point><coordinates>102.439201000,2.946237000,0</coordinates></Point>
        </Placemark>

        <Placemark>
          <name>1671</name>
          <styleUrl>#style_Healthy</styleUrl>
          <ExtendedData>
            <Data name="id"><value>1671</value></Data>
            <Data name="Class"><value>Healthy</value></Data>
          </ExtendedData>
          <Point><coordinates>102.436403000,2.947208000,0</coordinates></Point>
        </Placemark>

        <Placemark>
          <name>1672</name>
          <styleUrl>#style_Healthy</styleUrl>
          <ExtendedData>
            <Data name="id"><value>1672</value></Data>
            <Data name="Class"><value>Healthy</value></Data>
          </ExtendedData>
          <Point><coordinates>102.435525000,2.948557000,0</coordinates></Point>
        </Placemark>

        <Placemark>
          <name>1673</name>
          <styleUrl>#style_Healthy</styleUrl>
          <ExtendedData>
            <Data name="id"><value>1673</value></Data>
            <Data name="Class"><value>Healthy</value></Data>
          </ExtendedData>
          <Point><coordinates>102.439238000,2.946433000,0</coordinates></Point>
        </Placemark>

        <Placemark>
          <name>1674</name>
          <styleUrl>#style_Healthy</styleUrl>
          <ExtendedData>
            <Data name="id"><value>1674</value></Data>
            <Data name="Class"><value>Healthy</value></Data>
          </ExtendedData>
          <Point><coordinates>102.435568000,2.948634000,0</coordinates></Point>
        </Placemark>

        <Placemark>
          <name>1675</name>
          <styleUrl>#style_Healthy</styleUrl>
          <ExtendedData>
            <Data name="id"><value>1675</value></Data>
            <Data name="Class"><value>Healthy</value></Data>
          </ExtendedData>
          <Point><coordinates>102.433616000,2.946981000,0</coordinates></Point>
        </Placemark>

        <Placemark>
          <name>1676</name>
          <styleUrl>#style_Healthy</styleUrl>
          <ExtendedData>
            <Data name="id"><value>1676</value></Data>
            <Data name="Class"><value>Healthy</value></Data>
          </ExtendedData>
          <Point><coordinates>102.437079000,2.946877000,0</coordinates></Point>
        </Placemark>

        <Placemark>
          <name>1677</name>
          <styleUrl>#style_Healthy</styleUrl>
          <ExtendedData>
            <Data name="id"><value>1677</value></Data>
            <Data name="Class"><value>Healthy</value></Data>
          </ExtendedData>
          <Point><coordinates>102.436844000,2.946594000,0</coordinates></Point>
        </Placemark>

        <Placemark>
          <name>1678</name>
          <styleUrl>#style_Healthy</styleUrl>
          <ExtendedData>
            <Data name="id"><value>1678</value></Data>
            <Data name="Class"><value>Healthy</value></Data>
          </ExtendedData>
          <Point><coordinates>102.437020000,2.948174000,0</coordinates></Point>
        </Placemark>

        <Placemark>
          <name>1679</name>
          <styleUrl>#style_Healthy</styleUrl>
          <ExtendedData>
            <Data name="id"><value>1679</value></Data>
            <Data name="Class"><value>Healthy</value></Data>
          </ExtendedData>
          <Point><coordinates>102.433736000,2.946903000,0</coordinates></Point>
        </Placemark>

        <Placemark>
          <name>1680</name>
          <styleUrl>#style_Healthy</styleUrl>
          <ExtendedData>
            <Data name="id"><value>1680</value></Data>
            <Data name="Class"><value>Healthy</value></Data>
          </ExtendedData>
          <Point><coordinates>102.433463000,2.946422000,0</coordinates></Point>
        </Placemark>

        <Placemark>
          <name>1681</name>
          <styleUrl>#style_Healthy</styleUrl>
          <ExtendedData>
            <Data name="id"><value>1681</value></Data>
            <Data name="Class"><value>Healthy</value></Data>
          </ExtendedData>
          <Point><coordinates>102.439238000,2.946712000,0</coordinates></Point>
        </Placemark>

        <Placemark>
          <name>1682</name>
          <styleUrl>#style_Healthy</styleUrl>
          <ExtendedData>
            <Data name="id"><value>1682</value></Data>
            <Data name="Class"><value>Healthy</value></Data>
          </ExtendedData>
          <Point><coordinates>102.433536000,2.946701000,0</coordinates></Point>
        </Placemark>

        <Placemark>
          <name>1683</name>
          <styleUrl>#style_Healthy</styleUrl>
          <ExtendedData>
            <Data name="id"><value>1683</value></Data>
            <Data name="Class"><value>Healthy</value></Data>
          </ExtendedData>
          <Point><coordinates>102.436999000,2.946873000,0</coordinates></Point>
        </Placemark>

        <Placemark>
          <name>1684</name>
          <styleUrl>#style_Healthy</styleUrl>
          <ExtendedData>
            <Data name="id"><value>1684</value></Data>
            <Data name="Class"><value>Healthy</value></Data>
          </ExtendedData>
          <Point><coordinates>102.433578000,2.946629000,0</coordinates></Point>
        </Placemark>

        <Placemark>
          <name>1685</name>
          <styleUrl>#style_Healthy</styleUrl>
          <ExtendedData>
            <Data name="id"><value>1685</value></Data>
            <Data name="Class"><value>Healthy</value></Data>
          </ExtendedData>
          <Point><coordinates>102.433051000,2.949019000,0</coordinates></Point>
        </Placemark>

        <Placemark>
          <name>1686</name>
          <styleUrl>#style_Healthy</styleUrl>
          <ExtendedData>
            <Data name="id"><value>1686</value></Data>
            <Data name="Class"><value>Healthy</value></Data>
          </ExtendedData>
          <Point><coordinates>102.437079000,2.947014000,0</coordinates></Point>
        </Placemark>

        <Placemark>
          <name>1688</name>
          <styleUrl>#style_Healthy</styleUrl>
          <ExtendedData>
            <Data name="id"><value>1688</value></Data>
            <Data name="Class"><value>Healthy</value></Data>
          </ExtendedData>
          <Point><coordinates>102.436637000,2.947485000,0</coordinates></Point>
        </Placemark>

        <Placemark>
          <name>1689</name>
          <styleUrl>#style_Healthy</styleUrl>
          <ExtendedData>
            <Data name="id"><value>1689</value></Data>
            <Data name="Class"><value>Healthy</value></Data>
          </ExtendedData>
          <Point><coordinates>102.436851000,2.946324000,0</coordinates></Point>
        </Placemark>

        <Placemark>
          <name>1690</name>
          <styleUrl>#style_Healthy</styleUrl>
          <ExtendedData>
            <Data name="id"><value>1690</value></Data>
            <Data name="Class"><value>Healthy</value></Data>
          </ExtendedData>
          <Point><coordinates>102.439585000,2.946920000,0</coordinates></Point>
        </Placemark>

        <Placemark>
          <name>1691</name>
          <styleUrl>#style_Healthy</styleUrl>
          <ExtendedData>
            <Data name="id"><value>1691</value></Data>
            <Data name="Class"><value>Healthy</value></Data>
          </ExtendedData>
          <Point><coordinates>102.437156000,2.947013000,0</coordinates></Point>
        </Placemark>

        <Placemark>
          <name>1692</name>
          <styleUrl>#style_Healthy</styleUrl>
          <ExtendedData>
            <Data name="id"><value>1692</value></Data>
            <Data name="Class"><value>Healthy</value></Data>
          </ExtendedData>
          <Point><coordinates>102.437155000,2.946734000,0</coordinates></Point>
        </Placemark>

        <Placemark>
          <name>1693</name>
          <styleUrl>#style_Healthy</styleUrl>
          <ExtendedData>
            <Data name="id"><value>1693</value></Data>
            <Data name="Class"><value>Healthy</value></Data>
          </ExtendedData>
          <Point><coordinates>102.432809000,2.948733000,0</coordinates></Point>
        </Placemark>

        <Placemark>
          <name>1694</name>
          <styleUrl>#style_Healthy</styleUrl>
          <ExtendedData>
            <Data name="id"><value>1694</value></Data>
            <Data name="Class"><value>Healthy</value></Data>
          </ExtendedData>
          <Point><coordinates>102.433090000,2.949097000,0</coordinates></Point>
        </Placemark>

        <Placemark>
          <name>1695</name>
          <styleUrl>#style_Healthy</styleUrl>
          <ExtendedData>
            <Data name="id"><value>1695</value></Data>
            <Data name="Class"><value>Healthy</value></Data>
          </ExtendedData>
          <Point><coordinates>102.435381000,2.948291000,0</coordinates></Point>
        </Placemark>

        <Placemark>
          <name>1696</name>
          <styleUrl>#style_Healthy</styleUrl>
          <ExtendedData>
            <Data name="id"><value>1696</value></Data>
            <Data name="Class"><value>Healthy</value></Data>
          </ExtendedData>
          <Point><coordinates>102.437043000,2.946946000,0</coordinates></Point>
        </Placemark>

        <Placemark>
          <name>1698</name>
          <styleUrl>#style_Healthy</styleUrl>
          <ExtendedData>
            <Data name="id"><value>1698</value></Data>
            <Data name="Class"><value>Healthy</value></Data>
          </ExtendedData>
          <Point><coordinates>102.436883000,2.946668000,0</coordinates></Point>
        </Placemark>

        <Placemark>
          <name>1699</name>
          <styleUrl>#style_Healthy</styleUrl>
          <ExtendedData>
            <Data name="id"><value>1699</value></Data>
            <Data name="Class"><value>Healthy</value></Data>
          </ExtendedData>
          <Point><coordinates>102.436927000,2.946737000,0</coordinates></Point>
        </Placemark>

        <Placemark>
          <name>1700</name>
          <styleUrl>#style_Healthy</styleUrl>
          <ExtendedData>
            <Data name="id"><value>1700</value></Data>
            <Data name="Class"><value>Healthy</value></Data>
          </ExtendedData>
          <Point><coordinates>102.433066000,2.946016000,0</coordinates></Point>
        </Placemark>

        <Placemark>
          <name>1701</name>
          <styleUrl>#style_Healthy</styleUrl>
          <ExtendedData>
            <Data name="id"><value>1701</value></Data>
            <Data name="Class"><value>Healthy</value></Data>
          </ExtendedData>
          <Point><coordinates>102.433454000,2.946687000,0</coordinates></Point>
        </Placemark>

        <Placemark>
          <name>1702</name>
          <styleUrl>#style_Healthy</styleUrl>
          <ExtendedData>
            <Data name="id"><value>1702</value></Data>
            <Data name="Class"><value>Healthy</value></Data>
          </ExtendedData>
          <Point><coordinates>102.436817000,2.946123000,0</coordinates></Point>
        </Placemark>

        <Placemark>
          <name>1703</name>
          <styleUrl>#style_Healthy</styleUrl>
          <ExtendedData>
            <Data name="id"><value>1703</value></Data>
            <Data name="Class"><value>Healthy</value></Data>
          </ExtendedData>
          <Point><coordinates>102.439625000,2.946992000,0</coordinates></Point>
        </Placemark>

        <Placemark>
          <name>1704</name>
          <styleUrl>#style_Healthy</styleUrl>
          <ExtendedData>
            <Data name="id"><value>1704</value></Data>
            <Data name="Class"><value>Healthy</value></Data>
          </ExtendedData>
          <Point><coordinates>102.436735000,2.946258000,0</coordinates></Point>
        </Placemark>

        <Placemark>
          <name>1705</name>
          <styleUrl>#style_Healthy</styleUrl>
          <ExtendedData>
            <Data name="id"><value>1705</value></Data>
            <Data name="Class"><value>Healthy</value></Data>
          </ExtendedData>
          <Point><coordinates>102.436680000,2.946050000,0</coordinates></Point>
        </Placemark>

        <Placemark>
          <name>1706</name>
          <styleUrl>#style_Healthy</styleUrl>
          <ExtendedData>
            <Data name="id"><value>1706</value></Data>
            <Data name="Class"><value>Healthy</value></Data>
          </ExtendedData>
          <Point><coordinates>102.436636000,2.947763000,0</coordinates></Point>
        </Placemark>

        <Placemark>
          <name>1707</name>
          <styleUrl>#style_Healthy</styleUrl>
          <ExtendedData>
            <Data name="id"><value>1707</value></Data>
            <Data name="Class"><value>Healthy</value></Data>
          </ExtendedData>
          <Point><coordinates>102.435614000,2.948557000,0</coordinates></Point>
        </Placemark>

        <Placemark>
          <name>1708</name>
          <styleUrl>#style_Healthy</styleUrl>
          <ExtendedData>
            <Data name="id"><value>1708</value></Data>
            <Data name="Class"><value>Healthy</value></Data>
          </ExtendedData>
          <Point><coordinates>102.436912000,2.947967000,0</coordinates></Point>
        </Placemark>

        <Placemark>
          <name>1709</name>
          <styleUrl>#style_Healthy</styleUrl>
          <ExtendedData>
            <Data name="id"><value>1709</value></Data>
            <Data name="Class"><value>Healthy</value></Data>
          </ExtendedData>
          <Point><coordinates>102.437100000,2.948173000,0</coordinates></Point>
        </Placemark>

        <Placemark>
          <name>1710</name>
          <styleUrl>#style_Healthy</styleUrl>
          <ExtendedData>
            <Data name="id"><value>1710</value></Data>
            <Data name="Class"><value>Healthy</value></Data>
          </ExtendedData>
          <Point><coordinates>102.439429000,2.946777000,0</coordinates></Point>
        </Placemark>

        <Placemark>
          <name>1711</name>
          <styleUrl>#style_Healthy</styleUrl>
          <ExtendedData>
            <Data name="id"><value>1711</value></Data>
            <Data name="Class"><value>Healthy</value></Data>
          </ExtendedData>
          <Point><coordinates>102.436739000,2.946122000,0</coordinates></Point>
        </Placemark>

        <Placemark>
          <name>1712</name>
          <styleUrl>#style_Healthy</styleUrl>
          <ExtendedData>
            <Data name="id"><value>1712</value></Data>
            <Data name="Class"><value>Healthy</value></Data>
          </ExtendedData>
          <Point><coordinates>102.435804000,2.949045000,0</coordinates></Point>
        </Placemark>

        <Placemark>
          <name>1713</name>
          <styleUrl>#style_Healthy</styleUrl>
          <ExtendedData>
            <Data name="id"><value>1713</value></Data>
            <Data name="Class"><value>Healthy</value></Data>
          </ExtendedData>
          <Point><coordinates>102.439353000,2.946778000,0</coordinates></Point>
        </Placemark>

        <Placemark>
          <name>1714</name>
          <styleUrl>#style_Healthy</styleUrl>
          <ExtendedData>
            <Data name="id"><value>1714</value></Data>
            <Data name="Class"><value>Healthy</value></Data>
          </ExtendedData>
          <Point><coordinates>102.435767000,2.948975000,0</coordinates></Point>
        </Placemark>

        <Placemark>
          <name>1715</name>
          <styleUrl>#style_Healthy</styleUrl>
          <ExtendedData>
            <Data name="id"><value>1715</value></Data>
            <Data name="Class"><value>Healthy</value></Data>
          </ExtendedData>
          <Point><coordinates>102.433144000,2.946287000,0</coordinates></Point>
        </Placemark>

        <Placemark>
          <name>1716</name>
          <styleUrl>#style_Healthy</styleUrl>
          <ExtendedData>
            <Data name="id"><value>1716</value></Data>
            <Data name="Class"><value>Healthy</value></Data>
          </ExtendedData>
          <Point><coordinates>102.432585000,2.948604000,0</coordinates></Point>
        </Placemark>

        <Placemark>
          <name>1717</name>
          <styleUrl>#style_Healthy</styleUrl>
          <ExtendedData>
            <Data name="id"><value>1717</value></Data>
            <Data name="Class"><value>Healthy</value></Data>
          </ExtendedData>
          <Point><coordinates>102.436963000,2.946390000,0</coordinates></Point>
        </Placemark>

        <Placemark>
          <name>1718</name>
          <styleUrl>#style_Healthy</styleUrl>
          <ExtendedData>
            <Data name="id"><value>1718</value></Data>
            <Data name="Class"><value>Healthy</value></Data>
          </ExtendedData>
          <Point><coordinates>102.432626000,2.948260000,0</coordinates></Point>
        </Placemark>

        <Placemark>
          <name>1720</name>
          <styleUrl>#style_Healthy</styleUrl>
          <ExtendedData>
            <Data name="id"><value>1720</value></Data>
            <Data name="Class"><value>Healthy</value></Data>
          </ExtendedData>
          <Point><coordinates>102.436080000,2.949113000,0</coordinates></Point>
        </Placemark>

        <Placemark>
          <name>1721</name>
          <styleUrl>#style_Healthy</styleUrl>
          <ExtendedData>
            <Data name="id"><value>1721</value></Data>
            <Data name="Class"><value>Healthy</value></Data>
          </ExtendedData>
          <Point><coordinates>102.432430000,2.948190000,0</coordinates></Point>
        </Placemark>

        <Placemark>
          <name>1723</name>
          <styleUrl>#style_Healthy</styleUrl>
          <ExtendedData>
            <Data name="id"><value>1723</value></Data>
            <Data name="Class"><value>Healthy</value></Data>
          </ExtendedData>
          <Point><coordinates>102.433268000,2.946359000,0</coordinates></Point>
        </Placemark>

        <Placemark>
          <name>1724</name>
          <styleUrl>#style_Healthy</styleUrl>
          <ExtendedData>
            <Data name="id"><value>1724</value></Data>
            <Data name="Class"><value>Healthy</value></Data>
          </ExtendedData>
          <Point><coordinates>102.436689936,2.946187301,0</coordinates></Point>
        </Placemark>

        <Placemark>
          <name>1725</name>
          <styleUrl>#style_Healthy</styleUrl>
          <ExtendedData>
            <Data name="id"><value>1725</value></Data>
            <Data name="Class"><value>Healthy</value></Data>
          </ExtendedData>
          <Point><coordinates>102.435888000,2.948909000,0</coordinates></Point>
        </Placemark>

        <Placemark>
          <name>1726</name>
          <styleUrl>#style_Healthy</styleUrl>
          <ExtendedData>
            <Data name="id"><value>1726</value></Data>
            <Data name="Class"><value>Healthy</value></Data>
          </ExtendedData>
          <Point><coordinates>102.436489000,2.947353000,0</coordinates></Point>
        </Placemark>

        <Placemark>
          <name>1727</name>
          <styleUrl>#style_Healthy</styleUrl>
          <ExtendedData>
            <Data name="id"><value>1727</value></Data>
            <Data name="Class"><value>Healthy</value></Data>
          </ExtendedData>
          <Point><coordinates>102.436666000,2.947822000,0</coordinates></Point>
        </Placemark>

        <Placemark>
          <name>1728</name>
          <styleUrl>#style_Healthy</styleUrl>
          <ExtendedData>
            <Data name="id"><value>1728</value></Data>
            <Data name="Class"><value>Healthy</value></Data>
          </ExtendedData>
          <Point><coordinates>102.436927000,2.946325000,0</coordinates></Point>
        </Placemark>

        <Placemark>
          <name>1729</name>
          <styleUrl>#style_Healthy</styleUrl>
          <ExtendedData>
            <Data name="id"><value>1729</value></Data>
            <Data name="Class"><value>Healthy</value></Data>
          </ExtendedData>
          <Point><coordinates>102.433454000,2.946840000,0</coordinates></Point>
        </Placemark>

        <Placemark>
          <name>1730</name>
          <styleUrl>#style_Healthy</styleUrl>
          <ExtendedData>
            <Data name="id"><value>1730</value></Data>
            <Data name="Class"><value>Healthy</value></Data>
          </ExtendedData>
          <Point><coordinates>102.432588000,2.948190000,0</coordinates></Point>
        </Placemark>

        <Placemark>
          <name>1731</name>
          <styleUrl>#style_Healthy</styleUrl>
          <ExtendedData>
            <Data name="id"><value>1731</value></Data>
            <Data name="Class"><value>Healthy</value></Data>
          </ExtendedData>
          <Point><coordinates>102.436527000,2.947420000,0</coordinates></Point>
        </Placemark>

        <Placemark>
          <name>1732</name>
          <styleUrl>#style_Healthy</styleUrl>
          <ExtendedData>
            <Data name="id"><value>1732</value></Data>
            <Data name="Class"><value>Healthy</value></Data>
          </ExtendedData>
          <Point><coordinates>102.433420000,2.946356000,0</coordinates></Point>
        </Placemark>

        <Placemark>
          <name>1733</name>
          <styleUrl>#style_Healthy</styleUrl>
          <ExtendedData>
            <Data name="id"><value>1733</value></Data>
            <Data name="Class"><value>Healthy</value></Data>
          </ExtendedData>
          <Point><coordinates>102.433653000,2.946905000,0</coordinates></Point>
        </Placemark>

        <Placemark>
          <name>1734</name>
          <styleUrl>#style_Healthy</styleUrl>
          <ExtendedData>
            <Data name="id"><value>1734</value></Data>
            <Data name="Class"><value>Healthy</value></Data>
          </ExtendedData>
          <Point><coordinates>102.435807000,2.948906000,0</coordinates></Point>
        </Placemark>

        <Placemark>
          <name>1735</name>
          <styleUrl>#style_Healthy</styleUrl>
          <ExtendedData>
            <Data name="id"><value>1735</value></Data>
            <Data name="Class"><value>Healthy</value></Data>
          </ExtendedData>
          <Point><coordinates>102.436873000,2.947770000,0</coordinates></Point>
        </Placemark>

        <Placemark>
          <name>1736</name>
          <styleUrl>#style_Healthy</styleUrl>
          <ExtendedData>
            <Data name="id"><value>1736</value></Data>
            <Data name="Class"><value>Healthy</value></Data>
          </ExtendedData>
          <Point><coordinates>102.433235000,2.946144000,0</coordinates></Point>
        </Placemark>

        <Placemark>
          <name>1737</name>
          <styleUrl>#style_Healthy</styleUrl>
          <ExtendedData>
            <Data name="id"><value>1737</value></Data>
            <Data name="Class"><value>Healthy</value></Data>
          </ExtendedData>
          <Point><coordinates>102.439010000,2.946297000,0</coordinates></Point>
        </Placemark>

        <Placemark>
          <name>1738</name>
          <styleUrl>#style_Healthy</styleUrl>
          <ExtendedData>
            <Data name="id"><value>1738</value></Data>
            <Data name="Class"><value>Healthy</value></Data>
          </ExtendedData>
          <Point><coordinates>102.435841000,2.948702000,0</coordinates></Point>
        </Placemark>

        <Placemark>
          <name>1739</name>
          <styleUrl>#style_Healthy</styleUrl>
          <ExtendedData>
            <Data name="id"><value>1739</value></Data>
            <Data name="Class"><value>Healthy</value></Data>
          </ExtendedData>
          <Point><coordinates>102.433225000,2.946008000,0</coordinates></Point>
        </Placemark>

        <Placemark>
          <name>1741</name>
          <styleUrl>#style_Healthy</styleUrl>
          <ExtendedData>
            <Data name="id"><value>1741</value></Data>
            <Data name="Class"><value>Healthy</value></Data>
          </ExtendedData>
          <Point><coordinates>102.436754000,2.947826000,0</coordinates></Point>
        </Placemark>

        <Placemark>
          <name>1742</name>
          <styleUrl>#style_Healthy</styleUrl>
          <ExtendedData>
            <Data name="id"><value>1742</value></Data>
            <Data name="Class"><value>Healthy</value></Data>
          </ExtendedData>
          <Point><coordinates>102.436813000,2.946257000,0</coordinates></Point>
        </Placemark>

        <Placemark>
          <name>1743</name>
          <styleUrl>#style_Healthy</styleUrl>
          <ExtendedData>
            <Data name="id"><value>1743</value></Data>
            <Data name="Class"><value>Healthy</value></Data>
          </ExtendedData>
          <Point><coordinates>102.436775000,2.946050000,0</coordinates></Point>
        </Placemark>

        <Placemark>
          <name>1744</name>
          <styleUrl>#style_Healthy</styleUrl>
          <ExtendedData>
            <Data name="id"><value>1744</value></Data>
            <Data name="Class"><value>Healthy</value></Data>
          </ExtendedData>
          <Point><coordinates>102.439540000,2.947129000,0</coordinates></Point>
        </Placemark>

        <Placemark>
          <name>1745</name>
          <styleUrl>#style_Healthy</styleUrl>
          <ExtendedData>
            <Data name="id"><value>1745</value></Data>
            <Data name="Class"><value>Healthy</value></Data>
          </ExtendedData>
          <Point><coordinates>102.433375000,2.946564000,0</coordinates></Point>
        </Placemark>

        <Placemark>
          <name>1746</name>
          <styleUrl>#style_Healthy</styleUrl>
          <ExtendedData>
            <Data name="id"><value>1746</value></Data>
            <Data name="Class"><value>Healthy</value></Data>
          </ExtendedData>
          <Point><coordinates>102.436121000,2.949185000,0</coordinates></Point>
        </Placemark>

        <Placemark>
          <name>1748</name>
          <styleUrl>#style_Healthy</styleUrl>
          <ExtendedData>
            <Data name="id"><value>1748</value></Data>
            <Data name="Class"><value>Healthy</value></Data>
          </ExtendedData>
          <Point><coordinates>102.433263000,2.946497000,0</coordinates></Point>
        </Placemark>

        <Placemark>
          <name>1749</name>
          <styleUrl>#style_Healthy</styleUrl>
          <ExtendedData>
            <Data name="id"><value>1749</value></Data>
            <Data name="Class"><value>Healthy</value></Data>
          </ExtendedData>
          <Point><coordinates>102.435924000,2.949254000,0</coordinates></Point>
        </Placemark>

        <Placemark>
          <name>1751</name>
          <styleUrl>#style_Healthy</styleUrl>
          <ExtendedData>
            <Data name="id"><value>1751</value></Data>
            <Data name="Class"><value>Healthy</value></Data>
          </ExtendedData>
          <Point><coordinates>102.436000000,2.949254000,0</coordinates></Point>
        </Placemark>

        <Placemark>
          <name>1752</name>
          <styleUrl>#style_Healthy</styleUrl>
          <ExtendedData>
            <Data name="id"><value>1752</value></Data>
            <Data name="Class"><value>Healthy</value></Data>
          </ExtendedData>
          <Point><coordinates>102.435534000,2.948426000,0</coordinates></Point>
        </Placemark>

        <Placemark>
          <name>1753</name>
          <styleUrl>#style_Healthy</styleUrl>
          <ExtendedData>
            <Data name="id"><value>1753</value></Data>
            <Data name="Class"><value>Healthy</value></Data>
          </ExtendedData>
          <Point><coordinates>102.436442000,2.947418000,0</coordinates></Point>
        </Placemark>

        <Placemark>
          <name>1754</name>
          <styleUrl>#style_Healthy</styleUrl>
          <ExtendedData>
            <Data name="id"><value>1754</value></Data>
            <Data name="Class"><value>Healthy</value></Data>
          </ExtendedData>
          <Point><coordinates>102.436671000,2.947417000,0</coordinates></Point>
        </Placemark>

        <Placemark>
          <name>1755</name>
          <styleUrl>#style_Healthy</styleUrl>
          <ExtendedData>
            <Data name="id"><value>1755</value></Data>
            <Data name="Class"><value>Healthy</value></Data>
          </ExtendedData>
          <Point><coordinates>102.432969000,2.949147000,0</coordinates></Point>
        </Placemark>

        <Placemark>
          <name>1756</name>
          <styleUrl>#style_Healthy</styleUrl>
          <ExtendedData>
            <Data name="id"><value>1756</value></Data>
            <Data name="Class"><value>Healthy</value></Data>
          </ExtendedData>
          <Point><coordinates>102.432626000,2.948403000,0</coordinates></Point>
        </Placemark>

        <Placemark>
          <name>1757</name>
          <styleUrl>#style_Healthy</styleUrl>
          <ExtendedData>
            <Data name="id"><value>1757</value></Data>
            <Data name="Class"><value>Healthy</value></Data>
          </ExtendedData>
          <Point><coordinates>102.435648000,2.948495000,0</coordinates></Point>
        </Placemark>

        <Placemark>
          <name>1758</name>
          <styleUrl>#style_Healthy</styleUrl>
          <ExtendedData>
            <Data name="id"><value>1758</value></Data>
            <Data name="Class"><value>Healthy</value></Data>
          </ExtendedData>
          <Point><coordinates>102.435961000,2.949186000,0</coordinates></Point>
        </Placemark>

        <Placemark>
          <name>1759</name>
          <styleUrl>#style_Healthy</styleUrl>
          <ExtendedData>
            <Data name="id"><value>1759</value></Data>
            <Data name="Class"><value>Healthy</value></Data>
          </ExtendedData>
          <Point><coordinates>102.436600000,2.947416000,0</coordinates></Point>
        </Placemark>

        <Placemark>
          <name>1760</name>
          <styleUrl>#style_Healthy</styleUrl>
          <ExtendedData>
            <Data name="id"><value>1760</value></Data>
            <Data name="Class"><value>Healthy</value></Data>
          </ExtendedData>
          <Point><coordinates>102.436713000,2.947892000,0</coordinates></Point>
        </Placemark>

        <Placemark>
          <name>1761</name>
          <styleUrl>#style_Healthy</styleUrl>
          <ExtendedData>
            <Data name="id"><value>1761</value></Data>
            <Data name="Class"><value>Healthy</value></Data>
          </ExtendedData>
          <Point><coordinates>102.437232000,2.947012000,0</coordinates></Point>
        </Placemark>

        <Placemark>
          <name>1762</name>
          <styleUrl>#style_Healthy</styleUrl>
          <ExtendedData>
            <Data name="id"><value>1762</value></Data>
            <Data name="Class"><value>Healthy</value></Data>
          </ExtendedData>
          <Point><coordinates>102.435648000,2.948633000,0</coordinates></Point>
        </Placemark>

        <Placemark>
          <name>1763</name>
          <styleUrl>#style_Healthy</styleUrl>
          <ExtendedData>
            <Data name="id"><value>1763</value></Data>
            <Data name="Class"><value>Healthy</value></Data>
          </ExtendedData>
          <Point><coordinates>102.439083000,2.946435000,0</coordinates></Point>
        </Placemark>

        <Placemark>
          <name>1764</name>
          <styleUrl>#style_Healthy</styleUrl>
          <ExtendedData>
            <Data name="id"><value>1764</value></Data>
            <Data name="Class"><value>Healthy</value></Data>
          </ExtendedData>
          <Point><coordinates>102.432814000,2.949015000,0</coordinates></Point>
        </Placemark>

        <Placemark>
          <name>1765</name>
          <styleUrl>#style_Healthy</styleUrl>
          <ExtendedData>
            <Data name="id"><value>1765</value></Data>
            <Data name="Class"><value>Healthy</value></Data>
          </ExtendedData>
          <Point><coordinates>102.435924000,2.949114000,0</coordinates></Point>
        </Placemark>

        <Placemark>
          <name>1766</name>
          <styleUrl>#style_Healthy</styleUrl>
          <ExtendedData>
            <Data name="id"><value>1766</value></Data>
            <Data name="Class"><value>Healthy</value></Data>
          </ExtendedData>
          <Point><coordinates>102.435727000,2.948908000,0</coordinates></Point>
        </Placemark>

        <Placemark>
          <name>1767</name>
          <styleUrl>#style_Healthy</styleUrl>
          <ExtendedData>
            <Data name="id"><value>1767</value></Data>
            <Data name="Class"><value>Healthy</value></Data>
          </ExtendedData>
          <Point><coordinates>102.436293000,2.947143000,0</coordinates></Point>
        </Placemark>

        <Placemark>
          <name>1768</name>
          <styleUrl>#style_Healthy</styleUrl>
          <ExtendedData>
            <Data name="id"><value>1768</value></Data>
            <Data name="Class"><value>Healthy</value></Data>
          </ExtendedData>
          <Point><coordinates>102.433372000,2.946698000,0</coordinates></Point>
        </Placemark>

        <Placemark>
          <name>1769</name>
          <styleUrl>#style_Healthy</styleUrl>
          <ExtendedData>
            <Data name="id"><value>1769</value></Data>
            <Data name="Class"><value>Healthy</value></Data>
          </ExtendedData>
          <Point><coordinates>102.439503000,2.947059000,0</coordinates></Point>
        </Placemark>

        <Placemark>
          <name>1770</name>
          <styleUrl>#style_Healthy</styleUrl>
          <ExtendedData>
            <Data name="id"><value>1770</value></Data>
            <Data name="Class"><value>Healthy</value></Data>
          </ExtendedData>
          <Point><coordinates>102.436876000,2.948037000,0</coordinates></Point>
        </Placemark>

        <Placemark>
          <name>1772</name>
          <styleUrl>#style_Healthy</styleUrl>
          <ExtendedData>
            <Data name="id"><value>1772</value></Data>
            <Data name="Class"><value>Healthy</value></Data>
          </ExtendedData>
          <Point><coordinates>102.432860000,2.948806000,0</coordinates></Point>
        </Placemark>

        <Placemark>
          <name>1773</name>
          <styleUrl>#style_Healthy</styleUrl>
          <ExtendedData>
            <Data name="id"><value>1773</value></Data>
            <Data name="Class"><value>Healthy</value></Data>
          </ExtendedData>
          <Point><coordinates>102.432466000,2.948397000,0</coordinates></Point>
        </Placemark>

        <Placemark>
          <name>1774</name>
          <styleUrl>#style_Healthy</styleUrl>
          <ExtendedData>
            <Data name="id"><value>1774</value></Data>
            <Data name="Class"><value>Healthy</value></Data>
          </ExtendedData>
          <Point><coordinates>102.439582000,2.947058000,0</coordinates></Point>
        </Placemark>

        <Placemark>
          <name>1775</name>
          <styleUrl>#style_Healthy</styleUrl>
          <ExtendedData>
            <Data name="id"><value>1775</value></Data>
            <Data name="Class"><value>Healthy</value></Data>
          </ExtendedData>
          <Point><coordinates>102.433344000,2.946214000,0</coordinates></Point>
        </Placemark>

        <Placemark>
          <name>1776</name>
          <styleUrl>#style_Healthy</styleUrl>
          <ExtendedData>
            <Data name="id"><value>1776</value></Data>
            <Data name="Class"><value>Healthy</value></Data>
          </ExtendedData>
          <Point><coordinates>102.436562000,2.947619000,0</coordinates></Point>
        </Placemark>

        <Placemark>
          <name>1777</name>
          <styleUrl>#style_Healthy</styleUrl>
          <ExtendedData>
            <Data name="id"><value>1777</value></Data>
            <Data name="Class"><value>Healthy</value></Data>
          </ExtendedData>
          <Point><coordinates>102.436639000,2.947347000,0</coordinates></Point>
        </Placemark>

        <Placemark>
          <name>1778</name>
          <styleUrl>#style_Healthy</styleUrl>
          <ExtendedData>
            <Data name="id"><value>1778</value></Data>
            <Data name="Class"><value>Healthy</value></Data>
          </ExtendedData>
          <Point><coordinates>102.439392000,2.946846000,0</coordinates></Point>
        </Placemark>

        <Placemark>
          <name>1779</name>
          <styleUrl>#style_Healthy</styleUrl>
          <ExtendedData>
            <Data name="id"><value>1779</value></Data>
            <Data name="Class"><value>Healthy</value></Data>
          </ExtendedData>
          <Point><coordinates>102.436535000,2.946046000,0</coordinates></Point>
        </Placemark>

        <Placemark>
          <name>1780</name>
          <styleUrl>#style_Healthy</styleUrl>
          <ExtendedData>
            <Data name="id"><value>1780</value></Data>
            <Data name="Class"><value>Healthy</value></Data>
          </ExtendedData>
          <Point><coordinates>102.435840000,2.948840000,0</coordinates></Point>
        </Placemark>

        <Placemark>
          <name>1781</name>
          <styleUrl>#style_Healthy</styleUrl>
          <ExtendedData>
            <Data name="id"><value>1781</value></Data>
            <Data name="Class"><value>Healthy</value></Data>
          </ExtendedData>
          <Point><coordinates>102.435922000,2.948840000,0</coordinates></Point>
        </Placemark>

        <Placemark>
          <name>1782</name>
          <styleUrl>#style_Healthy</styleUrl>
          <ExtendedData>
            <Data name="id"><value>1782</value></Data>
            <Data name="Class"><value>Healthy</value></Data>
          </ExtendedData>
          <Point><coordinates>102.436156000,2.949255000,0</coordinates></Point>
        </Placemark>

        <Placemark>
          <name>1783</name>
          <styleUrl>#style_Healthy</styleUrl>
          <ExtendedData>
            <Data name="id"><value>1783</value></Data>
            <Data name="Class"><value>Healthy</value></Data>
          </ExtendedData>
          <Point><coordinates>102.433303000,2.946428000,0</coordinates></Point>
        </Placemark>

        <Placemark>
          <name>1784</name>
          <styleUrl>#style_Healthy</styleUrl>
          <ExtendedData>
            <Data name="id"><value>1784</value></Data>
            <Data name="Class"><value>Healthy</value></Data>
          </ExtendedData>
          <Point><coordinates>102.437160000,2.946875000,0</coordinates></Point>
        </Placemark>

        <Placemark>
          <name>1785</name>
          <styleUrl>#style_Healthy</styleUrl>
          <ExtendedData>
            <Data name="id"><value>1785</value></Data>
            <Data name="Class"><value>Healthy</value></Data>
          </ExtendedData>
          <Point><coordinates>102.436965000,2.946666000,0</coordinates></Point>
        </Placemark>

        <Placemark>
          <name>1786</name>
          <styleUrl>#style_Healthy</styleUrl>
          <ExtendedData>
            <Data name="id"><value>1786</value></Data>
            <Data name="Class"><value>Healthy</value></Data>
          </ExtendedData>
          <Point><coordinates>102.439196000,2.946364000,0</coordinates></Point>
        </Placemark>

        <Placemark>
          <name>1787</name>
          <styleUrl>#style_Healthy</styleUrl>
          <ExtendedData>
            <Data name="id"><value>1787</value></Data>
            <Data name="Class"><value>Healthy</value></Data>
          </ExtendedData>
          <Point><coordinates>102.433304000,2.946287000,0</coordinates></Point>
        </Placemark>

        <Placemark>
          <name>1788</name>
          <styleUrl>#style_Healthy</styleUrl>
          <ExtendedData>
            <Data name="id"><value>1788</value></Data>
            <Data name="Class"><value>Healthy</value></Data>
          </ExtendedData>
          <Point><coordinates>102.433187000,2.946217000,0</coordinates></Point>
        </Placemark>

        <Placemark>
          <name>1789</name>
          <styleUrl>#style_Healthy</styleUrl>
          <ExtendedData>
            <Data name="id"><value>1789</value></Data>
            <Data name="Class"><value>Healthy</value></Data>
          </ExtendedData>
          <Point><coordinates>102.435688000,2.948558000,0</coordinates></Point>
        </Placemark>

        <Placemark>
          <name>1790</name>
          <styleUrl>#style_Healthy</styleUrl>
          <ExtendedData>
            <Data name="id"><value>1790</value></Data>
            <Data name="Class"><value>Healthy</value></Data>
          </ExtendedData>
          <Point><coordinates>102.439239000,2.946302000,0</coordinates></Point>
        </Placemark>

        <Placemark>
          <name>1791</name>
          <styleUrl>#style_Healthy</styleUrl>
          <ExtendedData>
            <Data name="id"><value>1791</value></Data>
            <Data name="Class"><value>Healthy</value></Data>
          </ExtendedData>
          <Point><coordinates>102.436566000,2.947219000,0</coordinates></Point>
        </Placemark>

        <Placemark>
          <name>1792</name>
          <styleUrl>#style_Healthy</styleUrl>
          <ExtendedData>
            <Data name="id"><value>1792</value></Data>
            <Data name="Class"><value>Healthy</value></Data>
          </ExtendedData>
          <Point><coordinates>102.432544000,2.948398000,0</coordinates></Point>
        </Placemark>

        <Placemark>
          <name>1793</name>
          <styleUrl>#style_Healthy</styleUrl>
          <ExtendedData>
            <Data name="id"><value>1793</value></Data>
            <Data name="Class"><value>Healthy</value></Data>
          </ExtendedData>
          <Point><coordinates>102.439662000,2.947064000,0</coordinates></Point>
        </Placemark>

        <Placemark>
          <name>1794</name>
          <styleUrl>#style_Healthy</styleUrl>
          <ExtendedData>
            <Data name="id"><value>1794</value></Data>
            <Data name="Class"><value>Healthy</value></Data>
          </ExtendedData>
          <Point><coordinates>102.433224000,2.946428000,0</coordinates></Point>
        </Placemark>

        <Placemark>
          <name>1795</name>
          <styleUrl>#style_Healthy</styleUrl>
          <ExtendedData>
            <Data name="id"><value>1795</value></Data>
            <Data name="Class"><value>Healthy</value></Data>
          </ExtendedData>
          <Point><coordinates>102.436040000,2.949049000,0</coordinates></Point>
        </Placemark>

        <Placemark>
          <name>1796</name>
          <styleUrl>#style_Healthy</styleUrl>
          <ExtendedData>
            <Data name="id"><value>1796</value></Data>
            <Data name="Class"><value>Healthy</value></Data>
          </ExtendedData>
          <Point><coordinates>102.436924000,2.946458000,0</coordinates></Point>
        </Placemark>

        <Placemark>
          <name>1797</name>
          <styleUrl>#style_Healthy</styleUrl>
          <ExtendedData>
            <Data name="id"><value>1797</value></Data>
            <Data name="Class"><value>Healthy</value></Data>
          </ExtendedData>
          <Point><coordinates>102.439546000,2.946986000,0</coordinates></Point>
        </Placemark>

        <Placemark>
          <name>1798</name>
          <styleUrl>#style_Healthy</styleUrl>
          <ExtendedData>
            <Data name="id"><value>1798</value></Data>
            <Data name="Class"><value>Healthy</value></Data>
          </ExtendedData>
          <Point><coordinates>102.435733000,2.948496000,0</coordinates></Point>
        </Placemark>

        <Placemark>
          <name>1799</name>
          <styleUrl>#style_Healthy</styleUrl>
          <ExtendedData>
            <Data name="id"><value>1799</value></Data>
            <Data name="Class"><value>Healthy</value></Data>
          </ExtendedData>
          <Point><coordinates>102.439200000,2.946506000,0</coordinates></Point>
        </Placemark>

        <Placemark>
          <name>1800</name>
          <styleUrl>#style_Healthy</styleUrl>
          <ExtendedData>
            <Data name="id"><value>1800</value></Data>
            <Data name="Class"><value>Healthy</value></Data>
          </ExtendedData>
          <Point><coordinates>102.437115000,2.946951000,0</coordinates></Point>
        </Placemark>

        <Placemark>
          <name>1801</name>
          <styleUrl>#style_Healthy</styleUrl>
          <ExtendedData>
            <Data name="id"><value>1801</value></Data>
            <Data name="Class"><value>Healthy</value></Data>
          </ExtendedData>
          <Point><coordinates>102.432466000,2.948256000,0</coordinates></Point>
        </Placemark>

        <Placemark>
          <name>1802</name>
          <styleUrl>#style_Healthy</styleUrl>
          <ExtendedData>
            <Data name="id"><value>1802</value></Data>
            <Data name="Class"><value>Healthy</value></Data>
          </ExtendedData>
          <Point><coordinates>102.436987000,2.948108000,0</coordinates></Point>
        </Placemark>

        <Placemark>
          <name>1803</name>
          <styleUrl>#style_Healthy</styleUrl>
          <ExtendedData>
            <Data name="id"><value>1803</value></Data>
            <Data name="Class"><value>Healthy</value></Data>
          </ExtendedData>
          <Point><coordinates>102.433417000,2.946767000,0</coordinates></Point>
        </Placemark>

        <Placemark>
          <name>1804</name>
          <styleUrl>#style_Healthy</styleUrl>
          <ExtendedData>
            <Data name="id"><value>1804</value></Data>
            <Data name="Class"><value>Healthy</value></Data>
          </ExtendedData>
          <Point><coordinates>102.436713000,2.947766000,0</coordinates></Point>
        </Placemark>

        <Placemark>
          <name>1805</name>
          <styleUrl>#style_Healthy</styleUrl>
          <ExtendedData>
            <Data name="id"><value>1805</value></Data>
            <Data name="Class"><value>Healthy</value></Data>
          </ExtendedData>
          <Point><coordinates>102.435653000,2.948765000,0</coordinates></Point>
        </Placemark>

        <Placemark>
          <name>1806</name>
          <styleUrl>#style_Healthy</styleUrl>
          <ExtendedData>
            <Data name="id"><value>1806</value></Data>
            <Data name="Class"><value>Healthy</value></Data>
          </ExtendedData>
          <Point><coordinates>102.436001000,2.949116000,0</coordinates></Point>
        </Placemark>

        <Placemark>
          <name>1807</name>
          <styleUrl>#style_Healthy</styleUrl>
          <ExtendedData>
            <Data name="id"><value>1807</value></Data>
            <Data name="Class"><value>Healthy</value></Data>
          </ExtendedData>
          <Point><coordinates>102.435688000,2.948839000,0</coordinates></Point>
        </Placemark>

        <Placemark>
          <name>1808</name>
          <styleUrl>#style_Healthy</styleUrl>
          <ExtendedData>
            <Data name="id"><value>1808</value></Data>
            <Data name="Class"><value>Healthy</value></Data>
          </ExtendedData>
          <Point><coordinates>102.432776000,2.948945000,0</coordinates></Point>
        </Placemark>

        <Placemark>
          <name>1809</name>
          <styleUrl>#style_Healthy</styleUrl>
          <ExtendedData>
            <Data name="id"><value>1809</value></Data>
            <Data name="Class"><value>Healthy</value></Data>
          </ExtendedData>
          <Point><coordinates>102.433375000,2.946426000,0</coordinates></Point>
        </Placemark>

        <Placemark>
          <name>1810</name>
          <styleUrl>#style_Healthy</styleUrl>
          <ExtendedData>
            <Data name="id"><value>1810</value></Data>
            <Data name="Class"><value>Healthy</value></Data>
          </ExtendedData>
          <Point><coordinates>102.433347000,2.946492000,0</coordinates></Point>
        </Placemark>

        <Placemark>
          <name>1811</name>
          <styleUrl>#style_Healthy</styleUrl>
          <ExtendedData>
            <Data name="id"><value>1811</value></Data>
            <Data name="Class"><value>Healthy</value></Data>
          </ExtendedData>
          <Point><coordinates>102.437067000,2.948103000,0</coordinates></Point>
        </Placemark>

        <Placemark>
          <name>1812</name>
          <styleUrl>#style_Healthy</styleUrl>
          <ExtendedData>
            <Data name="id"><value>1812</value></Data>
            <Data name="Class"><value>Healthy</value></Data>
          </ExtendedData>
          <Point><coordinates>102.435338000,2.948218000,0</coordinates></Point>
        </Placemark>

        <Placemark>
          <name>1813</name>
          <styleUrl>#style_Healthy</styleUrl>
          <ExtendedData>
            <Data name="id"><value>1813</value></Data>
            <Data name="Class"><value>Healthy</value></Data>
          </ExtendedData>
          <Point><coordinates>102.436948000,2.948180000,0</coordinates></Point>
        </Placemark>

        <Placemark>
          <name>1814</name>
          <styleUrl>#style_Healthy</styleUrl>
          <ExtendedData>
            <Data name="id"><value>1814</value></Data>
            <Data name="Class"><value>Healthy</value></Data>
          </ExtendedData>
          <Point><coordinates>102.433011000,2.949084000,0</coordinates></Point>
        </Placemark>

        <Placemark>
          <name>1815</name>
          <styleUrl>#style_Healthy</styleUrl>
          <ExtendedData>
            <Data name="id"><value>1815</value></Data>
            <Data name="Class"><value>Healthy</value></Data>
          </ExtendedData>
          <Point><coordinates>102.439144000,2.946294000,0</coordinates></Point>
        </Placemark>

        <Placemark>
          <name>1816</name>
          <styleUrl>#style_Healthy</styleUrl>
          <ExtendedData>
            <Data name="id"><value>1816</value></Data>
            <Data name="Class"><value>Healthy</value></Data>
          </ExtendedData>
          <Point><coordinates>102.436667000,2.947688000,0</coordinates></Point>
        </Placemark>

        <Placemark>
          <name>1817</name>
          <styleUrl>#style_Healthy</styleUrl>
          <ExtendedData>
            <Data name="id"><value>1817</value></Data>
            <Data name="Class"><value>Healthy</value></Data>
          </ExtendedData>
          <Point><coordinates>102.432707000,2.948802000,0</coordinates></Point>
        </Placemark>

        <Placemark>
          <name>1818</name>
          <styleUrl>#style_Healthy</styleUrl>
          <ExtendedData>
            <Data name="id"><value>1818</value></Data>
            <Data name="Class"><value>Healthy</value></Data>
          </ExtendedData>
          <Point><coordinates>102.435733000,2.948632000,0</coordinates></Point>
        </Placemark>

        <Placemark>
          <name>1819</name>
          <styleUrl>#style_Healthy</styleUrl>
          <ExtendedData>
            <Data name="id"><value>1819</value></Data>
            <Data name="Class"><value>Healthy</value></Data>
          </ExtendedData>
          <Point><coordinates>102.436658000,2.946121000,0</coordinates></Point>
        </Placemark>

        <Placemark>
          <name>1820</name>
          <styleUrl>#style_Healthy</styleUrl>
          <ExtendedData>
            <Data name="id"><value>1820</value></Data>
            <Data name="Class"><value>Healthy</value></Data>
          </ExtendedData>
          <Point><coordinates>102.439622000,2.947128000,0</coordinates></Point>
        </Placemark>

        <Placemark>
          <name>1821</name>
          <styleUrl>#style_Healthy</styleUrl>
          <ExtendedData>
            <Data name="id"><value>1821</value></Data>
            <Data name="Class"><value>Healthy</value></Data>
          </ExtendedData>
          <Point><coordinates>102.436581000,2.946119000,0</coordinates></Point>
        </Placemark>

        <Placemark>
          <name>1822</name>
          <styleUrl>#style_Healthy</styleUrl>
          <ExtendedData>
            <Data name="id"><value>1822</value></Data>
            <Data name="Class"><value>Healthy</value></Data>
          </ExtendedData>
          <Point><coordinates>102.435804000,2.948769000,0</coordinates></Point>
        </Placemark>

        <Placemark>
          <name>1823</name>
          <styleUrl>#style_Healthy</styleUrl>
          <ExtendedData>
            <Data name="id"><value>1823</value></Data>
            <Data name="Class"><value>Healthy</value></Data>
          </ExtendedData>
          <Point><coordinates>102.433734000,2.947050000,0</coordinates></Point>
        </Placemark>

        <Placemark>
          <name>1824</name>
          <styleUrl>#style_Healthy</styleUrl>
          <ExtendedData>
            <Data name="id"><value>1824</value></Data>
            <Data name="Class"><value>Healthy</value></Data>
          </ExtendedData>
          <Point><coordinates>102.439312000,2.946710000,0</coordinates></Point>
        </Placemark>

        <Placemark>
          <name>1825</name>
          <styleUrl>#style_Healthy</styleUrl>
          <ExtendedData>
            <Data name="id"><value>1825</value></Data>
            <Data name="Class"><value>Healthy</value></Data>
          </ExtendedData>
          <Point><coordinates>102.432850000,2.948664000,0</coordinates></Point>
        </Placemark>

        <Placemark>
          <name>1826</name>
          <styleUrl>#style_Healthy</styleUrl>
          <ExtendedData>
            <Data name="id"><value>1826</value></Data>
            <Data name="Class"><value>Healthy</value></Data>
          </ExtendedData>
          <Point><coordinates>102.436562000,2.947490000,0</coordinates></Point>
        </Placemark>

        <Placemark>
          <name>1827</name>
          <styleUrl>#style_Healthy</styleUrl>
          <ExtendedData>
            <Data name="id"><value>1827</value></Data>
            <Data name="Class"><value>Healthy</value></Data>
          </ExtendedData>
          <Point><coordinates>102.432736000,2.948877000,0</coordinates></Point>
        </Placemark>

        <Placemark>
          <name>1828</name>
          <styleUrl>#style_Healthy</styleUrl>
          <ExtendedData>
            <Data name="id"><value>1828</value></Data>
            <Data name="Class"><value>Healthy</value></Data>
          </ExtendedData>
          <Point><coordinates>102.435577000,2.948222000,0</coordinates></Point>
        </Placemark>

        <Placemark>
          <name>1829</name>
          <styleUrl>#style_Healthy</styleUrl>
          <ExtendedData>
            <Data name="id"><value>1829</value></Data>
            <Data name="Class"><value>Healthy</value></Data>
          </ExtendedData>
          <Point><coordinates>102.435882000,2.949185000,0</coordinates></Point>
        </Placemark>

        <Placemark>
          <name>1830</name>
          <styleUrl>#style_Healthy</styleUrl>
          <ExtendedData>
            <Data name="id"><value>1830</value></Data>
            <Data name="Class"><value>Healthy</value></Data>
          </ExtendedData>
          <Point><coordinates>102.435419000,2.948219000,0</coordinates></Point>
        </Placemark>

        <Placemark>
          <name>1831</name>
          <styleUrl>#style_Healthy</styleUrl>
          <ExtendedData>
            <Data name="id"><value>1831</value></Data>
            <Data name="Class"><value>Healthy</value></Data>
          </ExtendedData>
          <Point><coordinates>102.432349000,2.948190000,0</coordinates></Point>
        </Placemark>

        <Placemark>
          <name>1832</name>
          <styleUrl>#style_Healthy</styleUrl>
          <ExtendedData>
            <Data name="id"><value>1832</value></Data>
            <Data name="Class"><value>Healthy</value></Data>
          </ExtendedData>
          <Point><coordinates>102.439430000,2.947061000,0</coordinates></Point>
        </Placemark>

        <Placemark>
          <name>1833</name>
          <styleUrl>#style_Healthy</styleUrl>
          <ExtendedData>
            <Data name="id"><value>1833</value></Data>
            <Data name="Class"><value>Healthy</value></Data>
          </ExtendedData>
          <Point><coordinates>102.436914000,2.947834000,0</coordinates></Point>
        </Placemark>

        <Placemark>
          <name>1834</name>
          <styleUrl>#style_Healthy</styleUrl>
          <ExtendedData>
            <Data name="id"><value>1834</value></Data>
            <Data name="Class"><value>Healthy</value></Data>
          </ExtendedData>
          <Point><coordinates>102.435885000,2.949045000,0</coordinates></Point>
        </Placemark>

        <Placemark>
          <name>1835</name>
          <styleUrl>#style_Healthy</styleUrl>
          <ExtendedData>
            <Data name="id"><value>1835</value></Data>
            <Data name="Class"><value>Healthy</value></Data>
          </ExtendedData>
          <Point><coordinates>102.439156897,2.946433870,0</coordinates></Point>
        </Placemark>

        <Placemark>
          <name>1836</name>
          <styleUrl>#style_Healthy</styleUrl>
          <ExtendedData>
            <Data name="id"><value>1836</value></Data>
            <Data name="Class"><value>Healthy</value></Data>
          </ExtendedData>
          <Point><coordinates>102.436832000,2.948105000,0</coordinates></Point>
        </Placemark>

        <Placemark>
          <name>1837</name>
          <styleUrl>#style_Healthy</styleUrl>
          <ExtendedData>
            <Data name="id"><value>1837</value></Data>
            <Data name="Class"><value>Healthy</value></Data>
          </ExtendedData>
          <Point><coordinates>102.439277000,2.946365000,0</coordinates></Point>
        </Placemark>

        <Placemark>
          <name>1838</name>
          <styleUrl>#style_Healthy</styleUrl>
          <ExtendedData>
            <Data name="id"><value>1838</value></Data>
            <Data name="Class"><value>Healthy</value></Data>
          </ExtendedData>
          <Point><coordinates>102.433149000,2.946148000,0</coordinates></Point>
        </Placemark>

        <Placemark>
          <name>1839</name>
          <styleUrl>#style_Healthy</styleUrl>
          <ExtendedData>
            <Data name="id"><value>1839</value></Data>
            <Data name="Class"><value>Healthy</value></Data>
          </ExtendedData>
          <Point><coordinates>102.432512000,2.948188000,0</coordinates></Point>
        </Placemark>

        <Placemark>
          <name>1840</name>
          <styleUrl>#style_Healthy</styleUrl>
          <ExtendedData>
            <Data name="id"><value>1840</value></Data>
            <Data name="Class"><value>Healthy</value></Data>
          </ExtendedData>
          <Point><coordinates>102.435727000,2.948767000,0</coordinates></Point>
        </Placemark>

        <Placemark>
          <name>1841</name>
          <styleUrl>#style_Healthy</styleUrl>
          <ExtendedData>
            <Data name="id"><value>1841</value></Data>
            <Data name="Class"><value>Healthy</value></Data>
          </ExtendedData>
          <Point><coordinates>102.435768000,2.948708000,0</coordinates></Point>
        </Placemark>

        <Placemark>
          <name>1842</name>
          <styleUrl>#style_Healthy</styleUrl>
          <ExtendedData>
            <Data name="id"><value>1842</value></Data>
            <Data name="Class"><value>Healthy</value></Data>
          </ExtendedData>
          <Point><coordinates>102.433184000,2.946361000,0</coordinates></Point>
        </Placemark>

        <Placemark>
          <name>1843</name>
          <styleUrl>#style_Healthy</styleUrl>
          <ExtendedData>
            <Data name="id"><value>1843</value></Data>
            <Data name="Class"><value>Healthy</value></Data>
          </ExtendedData>
          <Point><coordinates>102.433456000,2.946568000,0</coordinates></Point>
        </Placemark>

        <Placemark>
          <name>1844</name>
          <styleUrl>#style_Healthy</styleUrl>
          <ExtendedData>
            <Data name="id"><value>1844</value></Data>
            <Data name="Class"><value>Healthy</value></Data>
          </ExtendedData>
          <Point><coordinates>102.436886000,2.946528000,0</coordinates></Point>
        </Placemark>

        <Placemark>
          <name>1845</name>
          <styleUrl>#style_Healthy</styleUrl>
          <ExtendedData>
            <Data name="id"><value>1845</value></Data>
            <Data name="Class"><value>Healthy</value></Data>
          </ExtendedData>
          <Point><coordinates>102.435696000,2.948420000,0</coordinates></Point>
        </Placemark>

        <Placemark>
          <name>1846</name>
          <styleUrl>#style_Healthy</styleUrl>
          <ExtendedData>
            <Data name="id"><value>1846</value></Data>
            <Data name="Class"><value>Healthy</value></Data>
          </ExtendedData>
          <Point><coordinates>102.432889000,2.949003000,0</coordinates></Point>
        </Placemark>

        <Placemark>
          <name>1847</name>
          <styleUrl>#style_Healthy</styleUrl>
          <ExtendedData>
            <Data name="id"><value>1847</value></Data>
            <Data name="Class"><value>Healthy</value></Data>
          </ExtendedData>
          <Point><coordinates>102.439161365,2.946573779,0</coordinates></Point>
        </Placemark>

        <Placemark>
          <name>1848</name>
          <styleUrl>#style_Healthy</styleUrl>
          <ExtendedData>
            <Data name="id"><value>1848</value></Data>
            <Data name="Class"><value>Healthy</value></Data>
          </ExtendedData>
          <Point><coordinates>102.435576000,2.948493000,0</coordinates></Point>
        </Placemark>

        <Placemark>
          <name>1849</name>
          <styleUrl>#style_Healthy</styleUrl>
          <ExtendedData>
            <Data name="id"><value>1849</value></Data>
            <Data name="Class"><value>Healthy</value></Data>
          </ExtendedData>
          <Point><coordinates>102.435963000,2.948911000,0</coordinates></Point>
        </Placemark>

        <Placemark>
          <name>1850</name>
          <styleUrl>#style_Healthy</styleUrl>
          <ExtendedData>
            <Data name="id"><value>1850</value></Data>
            <Data name="Class"><value>Healthy</value></Data>
          </ExtendedData>
          <Point><coordinates>102.432707000,2.948393000,0</coordinates></Point>
        </Placemark>

        <Placemark>
          <name>1851</name>
          <styleUrl>#style_Healthy</styleUrl>
          <ExtendedData>
            <Data name="id"><value>1851</value></Data>
            <Data name="Class"><value>Healthy</value></Data>
          </ExtendedData>
          <Point><coordinates>102.436617000,2.946185000,0</coordinates></Point>
        </Placemark>

        <Placemark>
          <name>1852</name>
          <styleUrl>#style_Healthy</styleUrl>
          <ExtendedData>
            <Data name="id"><value>1852</value></Data>
            <Data name="Class"><value>Healthy</value></Data>
          </ExtendedData>
          <Point><coordinates>102.433268000,2.946216000,0</coordinates></Point>
        </Placemark>

        <Placemark>
          <name>1853</name>
          <styleUrl>#style_Healthy</styleUrl>
          <ExtendedData>
            <Data name="id"><value>1853</value></Data>
            <Data name="Class"><value>Healthy</value></Data>
          </ExtendedData>
          <Point><coordinates>102.435924000,2.948974000,0</coordinates></Point>
        </Placemark>

        <Placemark>
          <name>1854</name>
          <styleUrl>#style_Healthy</styleUrl>
          <ExtendedData>
            <Data name="id"><value>1854</value></Data>
            <Data name="Class"><value>Healthy</value></Data>
          </ExtendedData>
          <Point><coordinates>102.433623000,2.946828000,0</coordinates></Point>
        </Placemark>

        <Placemark>
          <name>1855</name>
          <styleUrl>#style_Healthy</styleUrl>
          <ExtendedData>
            <Data name="id"><value>1855</value></Data>
            <Data name="Class"><value>Healthy</value></Data>
          </ExtendedData>
          <Point><coordinates>102.436910000,2.948104000,0</coordinates></Point>
        </Placemark>

        <Placemark>
          <name>1856</name>
          <styleUrl>#style_Healthy</styleUrl>
          <ExtendedData>
            <Data name="id"><value>1856</value></Data>
            <Data name="Class"><value>Healthy</value></Data>
          </ExtendedData>
          <Point><coordinates>102.435692000,2.948701000,0</coordinates></Point>
        </Placemark>

        <Placemark>
          <name>1857</name>
          <styleUrl>#style_Healthy</styleUrl>
          <ExtendedData>
            <Data name="id"><value>1857</value></Data>
            <Data name="Class"><value>Healthy</value></Data>
          </ExtendedData>
          <Point><coordinates>102.435887000,2.948767000,0</coordinates></Point>
        </Placemark>

        <Placemark>
          <name>1858</name>
          <styleUrl>#style_Healthy</styleUrl>
          <ExtendedData>
            <Data name="id"><value>1858</value></Data>
            <Data name="Class"><value>Healthy</value></Data>
          </ExtendedData>
          <Point><coordinates>102.436078000,2.949253000,0</coordinates></Point>
        </Placemark>

        <Placemark>
          <name>1859</name>
          <styleUrl>#style_Healthy</styleUrl>
          <ExtendedData>
            <Data name="id"><value>1859</value></Data>
            <Data name="Class"><value>Healthy</value></Data>
          </ExtendedData>
          <Point><coordinates>102.432590000,2.948472000,0</coordinates></Point>
        </Placemark>

        <Placemark>
          <name>1860</name>
          <styleUrl>#style_Healthy</styleUrl>
          <ExtendedData>
            <Data name="id"><value>1860</value></Data>
            <Data name="Class"><value>Healthy</value></Data>
          </ExtendedData>
          <Point><coordinates>102.436692449,2.946316890,0</coordinates></Point>
        </Placemark>

        <Placemark>
          <name>1861</name>
          <styleUrl>#style_Healthy</styleUrl>
          <ExtendedData>
            <Data name="id"><value>1861</value></Data>
            <Data name="Class"><value>Healthy</value></Data>
          </ExtendedData>
          <Point><coordinates>102.432545000,2.948259000,0</coordinates></Point>
        </Placemark>

        <Placemark>
          <name>1862</name>
          <styleUrl>#style_Healthy</styleUrl>
          <ExtendedData>
            <Data name="id"><value>1862</value></Data>
            <Data name="Class"><value>Healthy</value></Data>
          </ExtendedData>
          <Point><coordinates>102.439508000,2.946782000,0</coordinates></Point>
        </Placemark>

        <Placemark>
          <name>1863</name>
          <styleUrl>#style_Healthy</styleUrl>
          <ExtendedData>
            <Data name="id"><value>1863</value></Data>
            <Data name="Class"><value>Healthy</value></Data>
          </ExtendedData>
          <Point><coordinates>102.439357000,2.946507000,0</coordinates></Point>
        </Placemark>

        <Placemark>
          <name>1864</name>
          <styleUrl>#style_Healthy</styleUrl>
          <ExtendedData>
            <Data name="id"><value>1864</value></Data>
            <Data name="Class"><value>Healthy</value></Data>
          </ExtendedData>
          <Point><coordinates>102.435615000,2.948423000,0</coordinates></Point>
        </Placemark>

        <Placemark>
          <name>1865</name>
          <styleUrl>#style_Healthy</styleUrl>
          <ExtendedData>
            <Data name="id"><value>1865</value></Data>
            <Data name="Class"><value>Healthy</value></Data>
          </ExtendedData>
          <Point><coordinates>102.436954000,2.947901000,0</coordinates></Point>
        </Placemark>

        <Placemark>
          <name>1866</name>
          <styleUrl>#style_Healthy</styleUrl>
          <ExtendedData>
            <Data name="id"><value>1866</value></Data>
            <Data name="Class"><value>Healthy</value></Data>
          </ExtendedData>
          <Point><coordinates>102.435499000,2.948353000,0</coordinates></Point>
        </Placemark>

        <Placemark>
          <name>1867</name>
          <styleUrl>#style_Healthy</styleUrl>
          <ExtendedData>
            <Data name="id"><value>1867</value></Data>
            <Data name="Class"><value>Healthy</value></Data>
          </ExtendedData>
          <Point><coordinates>102.435651000,2.948356000,0</coordinates></Point>
        </Placemark>

        <Placemark>
          <name>1868</name>
          <styleUrl>#style_Healthy</styleUrl>
          <ExtendedData>
            <Data name="id"><value>1868</value></Data>
            <Data name="Class"><value>Healthy</value></Data>
          </ExtendedData>
          <Point><coordinates>102.439392000,2.946574000,0</coordinates></Point>
        </Placemark>

        <Placemark>
          <name>1869</name>
          <styleUrl>#style_Healthy</styleUrl>
          <ExtendedData>
            <Data name="id"><value>1869</value></Data>
            <Data name="Class"><value>Healthy</value></Data>
          </ExtendedData>
          <Point><coordinates>102.432663000,2.948729000,0</coordinates></Point>
        </Placemark>

        <Placemark>
          <name>1870</name>
          <styleUrl>#style_Healthy</styleUrl>
          <ExtendedData>
            <Data name="id"><value>1870</value></Data>
            <Data name="Class"><value>Healthy</value></Data>
          </ExtendedData>
          <Point><coordinates>102.436871000,2.948176000,0</coordinates></Point>
        </Placemark>

        <Placemark>
          <name>1871</name>
          <styleUrl>#style_Healthy</styleUrl>
          <ExtendedData>
            <Data name="id"><value>1871</value></Data>
            <Data name="Class"><value>Healthy</value></Data>
          </ExtendedData>
          <Point><coordinates>102.436889000,2.946261000,0</coordinates></Point>
        </Placemark>

        <Placemark>
          <name>1872</name>
          <styleUrl>#style_Healthy</styleUrl>
          <ExtendedData>
            <Data name="id"><value>1872</value></Data>
            <Data name="Class"><value>Healthy</value></Data>
          </ExtendedData>
          <Point><coordinates>102.436828000,2.947828000,0</coordinates></Point>
        </Placemark>

        <Placemark>
          <name>1873</name>
          <styleUrl>#style_Healthy</styleUrl>
          <ExtendedData>
            <Data name="id"><value>1873</value></Data>
            <Data name="Class"><value>Healthy</value></Data>
          </ExtendedData>
          <Point><coordinates>102.435616000,2.948289000,0</coordinates></Point>
        </Placemark>

        <Placemark>
          <name>1874</name>
          <styleUrl>#style_Healthy</styleUrl>
          <ExtendedData>
            <Data name="id"><value>1874</value></Data>
            <Data name="Class"><value>Healthy</value></Data>
          </ExtendedData>
          <Point><coordinates>102.439545000,2.946848000,0</coordinates></Point>
        </Placemark>

        <Placemark>
          <name>1875</name>
          <styleUrl>#style_Healthy</styleUrl>
          <ExtendedData>
            <Data name="id"><value>1875</value></Data>
            <Data name="Class"><value>Healthy</value></Data>
          </ExtendedData>
          <Point><coordinates>102.439697000,2.947131000,0</coordinates></Point>
        </Placemark>

        <Placemark>
          <name>1876</name>
          <styleUrl>#style_Healthy</styleUrl>
          <ExtendedData>
            <Data name="id"><value>1876</value></Data>
            <Data name="Class"><value>Healthy</value></Data>
          </ExtendedData>
          <Point><coordinates>102.436039000,2.949185000,0</coordinates></Point>
        </Placemark>

        <Placemark>
          <name>1877</name>
          <styleUrl>#style_Healthy</styleUrl>
          <ExtendedData>
            <Data name="id"><value>1877</value></Data>
            <Data name="Class"><value>Healthy</value></Data>
          </ExtendedData>
          <Point><coordinates>102.439393000,2.946986000,0</coordinates></Point>
        </Placemark>

        <Placemark>
          <name>1878</name>
          <styleUrl>#style_Healthy</styleUrl>
          <ExtendedData>
            <Data name="id"><value>1878</value></Data>
            <Data name="Class"><value>Healthy</value></Data>
          </ExtendedData>
          <Point><coordinates>102.436795000,2.947890000,0</coordinates></Point>
        </Placemark>

        <Placemark>
          <name>1879</name>
          <styleUrl>#style_Healthy</styleUrl>
          <ExtendedData>
            <Data name="id"><value>1879</value></Data>
            <Data name="Class"><value>Healthy</value></Data>
          </ExtendedData>
          <Point><coordinates>102.433297000,2.946563000,0</coordinates></Point>
        </Placemark>

        <Placemark>
          <name>1880</name>
          <styleUrl>#style_Healthy</styleUrl>
          <ExtendedData>
            <Data name="id"><value>1880</value></Data>
            <Data name="Class"><value>Healthy</value></Data>
          </ExtendedData>
          <Point><coordinates>102.439433000,2.946644000,0</coordinates></Point>
        </Placemark>

        <Placemark>
          <name>1881</name>
          <styleUrl>#style_Healthy</styleUrl>
          <ExtendedData>
            <Data name="id"><value>1881</value></Data>
            <Data name="Class"><value>Healthy</value></Data>
          </ExtendedData>
          <Point><coordinates>102.436528000,2.947283000,0</coordinates></Point>
        </Placemark>

        <Placemark>
          <name>1882</name>
          <styleUrl>#style_Healthy</styleUrl>
          <ExtendedData>
            <Data name="id"><value>1882</value></Data>
            <Data name="Class"><value>Healthy</value></Data>
          </ExtendedData>
          <Point><coordinates>102.432967000,2.949009000,0</coordinates></Point>
        </Placemark>

        <Placemark>
          <name>1883</name>
          <styleUrl>#style_Healthy</styleUrl>
          <ExtendedData>
            <Data name="id"><value>1883</value></Data>
            <Data name="Class"><value>Healthy</value></Data>
          </ExtendedData>
          <Point><coordinates>102.439308871,2.946435838,0</coordinates></Point>
        </Placemark>

        <Placemark>
          <name>1884</name>
          <styleUrl>#style_Healthy</styleUrl>
          <ExtendedData>
            <Data name="id"><value>1884</value></Data>
            <Data name="Class"><value>Healthy</value></Data>
          </ExtendedData>
          <Point><coordinates>102.433505000,2.946766000,0</coordinates></Point>
        </Placemark>

        <Placemark>
          <name>1885</name>
          <styleUrl>#style_Healthy</styleUrl>
          <ExtendedData>
            <Data name="id"><value>1885</value></Data>
            <Data name="Class"><value>Healthy</value></Data>
          </ExtendedData>
          <Point><coordinates>102.436946000,2.948036000,0</coordinates></Point>
        </Placemark>

        <Placemark>
          <name>1886</name>
          <styleUrl>#style_Healthy</styleUrl>
          <ExtendedData>
            <Data name="id"><value>1886</value></Data>
            <Data name="Class"><value>Healthy</value></Data>
          </ExtendedData>
          <Point><coordinates>102.436523000,2.947554000,0</coordinates></Point>
        </Placemark>

        <Placemark>
          <name>1887</name>
          <styleUrl>#style_Healthy</styleUrl>
          <ExtendedData>
            <Data name="id"><value>1887</value></Data>
            <Data name="Class"><value>Healthy</value></Data>
          </ExtendedData>
          <Point><coordinates>102.432818000,2.948878000,0</coordinates></Point>
        </Placemark>

        <Placemark>
          <name>1888</name>
          <styleUrl>#style_Healthy</styleUrl>
          <ExtendedData>
            <Data name="id"><value>1888</value></Data>
            <Data name="Class"><value>Healthy</value></Data>
          </ExtendedData>
          <Point><coordinates>102.433537000,2.946833000,0</coordinates></Point>
        </Placemark>

        <Placemark>
          <name>1889</name>
          <styleUrl>#style_Healthy</styleUrl>
          <ExtendedData>
            <Data name="id"><value>1889</value></Data>
            <Data name="Class"><value>Healthy</value></Data>
          </ExtendedData>
          <Point><coordinates>102.432893000,2.949145000,0</coordinates></Point>
        </Placemark>

        <Placemark>
          <name>1890</name>
          <styleUrl>#style_Healthy</styleUrl>
          <ExtendedData>
            <Data name="id"><value>1890</value></Data>
            <Data name="Class"><value>Healthy</value></Data>
          </ExtendedData>
          <Point><coordinates>102.435461000,2.948286000,0</coordinates></Point>
        </Placemark>

        <Placemark>
          <name>1892</name>
          <styleUrl>#style_Healthy</styleUrl>
          <ExtendedData>
            <Data name="id"><value>1892</value></Data>
            <Data name="Class"><value>Healthy</value></Data>
          </ExtendedData>
          <Point><coordinates>102.435538000,2.948290000,0</coordinates></Point>
        </Placemark>

        <Placemark>
          <name>1893</name>
          <styleUrl>#style_Healthy</styleUrl>
          <ExtendedData>
            <Data name="id"><value>1893</value></Data>
            <Data name="Class"><value>Healthy</value></Data>
          </ExtendedData>
          <Point><coordinates>102.435494000,2.948491000,0</coordinates></Point>
        </Placemark>

        <Placemark>
          <name>1894</name>
          <styleUrl>#style_Healthy</styleUrl>
          <ExtendedData>
            <Data name="id"><value>1894</value></Data>
            <Data name="Class"><value>Healthy</value></Data>
          </ExtendedData>
          <Point><coordinates>102.432506000,2.948461000,0</coordinates></Point>
        </Placemark>

        <Placemark>
          <name>1895</name>
          <styleUrl>#style_Healthy</styleUrl>
          <ExtendedData>
            <Data name="id"><value>1895</value></Data>
            <Data name="Class"><value>Healthy</value></Data>
          </ExtendedData>
          <Point><coordinates>102.436599000,2.947555000,0</coordinates></Point>
        </Placemark>

        <Placemark>
          <name>1896</name>
          <styleUrl>#style_Healthy</styleUrl>
          <ExtendedData>
            <Data name="id"><value>1896</value></Data>
            <Data name="Class"><value>Healthy</value></Data>
          </ExtendedData>
          <Point><coordinates>102.435766000,2.948559000,0</coordinates></Point>
        </Placemark>

        <Placemark>
          <name>1897</name>
          <styleUrl>#style_Healthy</styleUrl>
          <ExtendedData>
            <Data name="id"><value>1897</value></Data>
            <Data name="Class"><value>Healthy</value></Data>
          </ExtendedData>
          <Point><coordinates>102.436596000,2.947686000,0</coordinates></Point>
        </Placemark>

        <Placemark>
          <name>1899</name>
          <styleUrl>#style_Healthy</styleUrl>
          <ExtendedData>
            <Data name="id"><value>1899</value></Data>
            <Data name="Class"><value>Healthy</value></Data>
          </ExtendedData>
          <Point><coordinates>102.433224000,2.946290000,0</coordinates></Point>
        </Placemark>

        <Placemark>
          <name>1900</name>
          <styleUrl>#style_Healthy</styleUrl>
          <ExtendedData>
            <Data name="id"><value>1900</value></Data>
            <Data name="Class"><value>Healthy</value></Data>
          </ExtendedData>
          <Point><coordinates>102.439309000,2.946847000,0</coordinates></Point>
        </Placemark>

        <Placemark>
          <name>1901</name>
          <styleUrl>#style_Healthy</styleUrl>
          <ExtendedData>
            <Data name="id"><value>1901</value></Data>
            <Data name="Class"><value>Healthy</value></Data>
          </ExtendedData>
          <Point><coordinates>102.439357000,2.946642000,0</coordinates></Point>
        </Placemark>

        <Placemark>
          <name>1902</name>
          <styleUrl>#style_Healthy</styleUrl>
          <ExtendedData>
            <Data name="id"><value>1902</value></Data>
            <Data name="Class"><value>Healthy</value></Data>
          </ExtendedData>
          <Point><coordinates>102.439312000,2.946579000,0</coordinates></Point>
        </Placemark>

        <Placemark>
          <name>1903</name>
          <styleUrl>#style_Healthy</styleUrl>
          <ExtendedData>
            <Data name="id"><value>1903</value></Data>
            <Data name="Class"><value>Healthy</value></Data>
          </ExtendedData>
          <Point><coordinates>102.439124000,2.946506000,0</coordinates></Point>
        </Placemark>

        <Placemark>
          <name>1904</name>
          <styleUrl>#style_Healthy</styleUrl>
          <ExtendedData>
            <Data name="id"><value>1904</value></Data>
            <Data name="Class"><value>Healthy</value></Data>
          </ExtendedData>
          <Point><coordinates>102.436645000,2.947623000,0</coordinates></Point>
        </Placemark>

        <Placemark>
          <name>1905</name>
          <styleUrl>#style_Healthy</styleUrl>
          <ExtendedData>
            <Data name="id"><value>1905</value></Data>
            <Data name="Class"><value>Healthy</value></Data>
          </ExtendedData>
          <Point><coordinates>102.432858863,2.949089699,0</coordinates></Point>
        </Placemark>

        <Placemark>
          <name>1906</name>
          <styleUrl>#style_Healthy</styleUrl>
          <ExtendedData>
            <Data name="id"><value>1906</value></Data>
            <Data name="Class"><value>Healthy</value></Data>
          </ExtendedData>
          <Point><coordinates>102.433007000,2.949220000,0</coordinates></Point>
        </Placemark>

        <Placemark>
          <name>1907</name>
          <styleUrl>#style_Healthy</styleUrl>
          <ExtendedData>
            <Data name="id"><value>1907</value></Data>
            <Data name="Class"><value>Healthy</value></Data>
          </ExtendedData>
          <Point><coordinates>102.432921000,2.949217000,0</coordinates></Point>
        </Placemark>

        <Placemark>
          <name>1908</name>
          <styleUrl>#style_Healthy</styleUrl>
          <ExtendedData>
            <Data name="id"><value>1908</value></Data>
            <Data name="Class"><value>Healthy</value></Data>
          </ExtendedData>
          <Point><coordinates>102.433011000,2.948948000,0</coordinates></Point>
        </Placemark>

        <Placemark>
          <name>1909</name>
          <styleUrl>#style_Healthy</styleUrl>
          <ExtendedData>
            <Data name="id"><value>1909</value></Data>
            <Data name="Class"><value>Healthy</value></Data>
          </ExtendedData>
          <Point><coordinates>102.435493000,2.948215000,0</coordinates></Point>
        </Placemark>

        <Placemark>
          <name>1911</name>
          <styleUrl>#style_Healthy</styleUrl>
          <ExtendedData>
            <Data name="id"><value>1911</value></Data>
            <Data name="Class"><value>Healthy</value></Data>
          </ExtendedData>
          <Point><coordinates>102.431948000,2.948181000,0</coordinates></Point>
        </Placemark>

        <Placemark>
          <name>1912</name>
          <styleUrl>#style_Healthy</styleUrl>
          <ExtendedData>
            <Data name="id"><value>1912</value></Data>
            <Data name="Class"><value>Healthy</value></Data>
          </ExtendedData>
          <Point><coordinates>102.440200000,2.948703000,0</coordinates></Point>
        </Placemark>

        <Placemark>
          <name>1913</name>
          <styleUrl>#style_Healthy</styleUrl>
          <ExtendedData>
            <Data name="id"><value>1913</value></Data>
            <Data name="Class"><value>Healthy</value></Data>
          </ExtendedData>
          <Point><coordinates>102.435410000,2.945010000,0</coordinates></Point>
        </Placemark>

        <Placemark>
          <name>1915</name>
          <styleUrl>#style_Healthy</styleUrl>
          <ExtendedData>
            <Data name="id"><value>1915</value></Data>
            <Data name="Class"><value>Healthy</value></Data>
          </ExtendedData>
          <Point><coordinates>102.440197000,2.948982000,0</coordinates></Point>
        </Placemark>

        <Placemark>
          <name>1916</name>
          <styleUrl>#style_Healthy</styleUrl>
          <ExtendedData>
            <Data name="id"><value>1916</value></Data>
            <Data name="Class"><value>Healthy</value></Data>
          </ExtendedData>
          <Point><coordinates>102.436293000,2.946865000,0</coordinates></Point>
        </Placemark>

        <Placemark>
          <name>1917</name>
          <styleUrl>#style_Healthy</styleUrl>
          <ExtendedData>
            <Data name="id"><value>1917</value></Data>
            <Data name="Class"><value>Healthy</value></Data>
          </ExtendedData>
          <Point><coordinates>102.432344000,2.948874000,0</coordinates></Point>
        </Placemark>

        <Placemark>
          <name>1918</name>
          <styleUrl>#style_Healthy</styleUrl>
          <ExtendedData>
            <Data name="id"><value>1918</value></Data>
            <Data name="Class"><value>Healthy</value></Data>
          </ExtendedData>
          <Point><coordinates>102.440107000,2.948986000,0</coordinates></Point>
        </Placemark>

        <Placemark>
          <name>1919</name>
          <styleUrl>#style_Healthy</styleUrl>
          <ExtendedData>
            <Data name="id"><value>1919</value></Data>
            <Data name="Class"><value>Healthy</value></Data>
          </ExtendedData>
          <Point><coordinates>102.436096000,2.946937000,0</coordinates></Point>
        </Placemark>

        <Placemark>
          <name>1920</name>
          <styleUrl>#style_Healthy</styleUrl>
          <ExtendedData>
            <Data name="id"><value>1920</value></Data>
            <Data name="Class"><value>Healthy</value></Data>
          </ExtendedData>
          <Point><coordinates>102.440389000,2.949191000,0</coordinates></Point>
        </Placemark>

        <Placemark>
          <name>1921</name>
          <styleUrl>#style_Healthy</styleUrl>
          <ExtendedData>
            <Data name="id"><value>1921</value></Data>
            <Data name="Class"><value>Healthy</value></Data>
          </ExtendedData>
          <Point><coordinates>102.435868000,2.945693000,0</coordinates></Point>
        </Placemark>

        <Placemark>
          <name>1922</name>
          <styleUrl>#style_Healthy</styleUrl>
          <ExtendedData>
            <Data name="id"><value>1922</value></Data>
            <Data name="Class"><value>Healthy</value></Data>
          </ExtendedData>
          <Point><coordinates>102.438222000,2.946277000,0</coordinates></Point>
        </Placemark>

        <Placemark>
          <name>1923</name>
          <styleUrl>#style_Healthy</styleUrl>
          <ExtendedData>
            <Data name="id"><value>1923</value></Data>
            <Data name="Class"><value>Healthy</value></Data>
          </ExtendedData>
          <Point><coordinates>102.440160000,2.948776000,0</coordinates></Point>
        </Placemark>

        <Placemark>
          <name>1924</name>
          <styleUrl>#style_Healthy</styleUrl>
          <ExtendedData>
            <Data name="id"><value>1924</value></Data>
            <Data name="Class"><value>Healthy</value></Data>
          </ExtendedData>
          <Point><coordinates>102.440234000,2.949189000,0</coordinates></Point>
        </Placemark>

        <Placemark>
          <name>1925</name>
          <styleUrl>#style_Healthy</styleUrl>
          <ExtendedData>
            <Data name="id"><value>1925</value></Data>
            <Data name="Class"><value>Healthy</value></Data>
          </ExtendedData>
          <Point><coordinates>102.440354000,2.949268000,0</coordinates></Point>
        </Placemark>

        <Placemark>
          <name>1926</name>
          <styleUrl>#style_Healthy</styleUrl>
          <ExtendedData>
            <Data name="id"><value>1926</value></Data>
            <Data name="Class"><value>Healthy</value></Data>
          </ExtendedData>
          <Point><coordinates>102.432106000,2.948596000,0</coordinates></Point>
        </Placemark>

        <Placemark>
          <name>1927</name>
          <styleUrl>#style_Healthy</styleUrl>
          <ExtendedData>
            <Data name="id"><value>1927</value></Data>
            <Data name="Class"><value>Healthy</value></Data>
          </ExtendedData>
          <Point><coordinates>102.432185000,2.948595000,0</coordinates></Point>
        </Placemark>

        <Placemark>
          <name>1928</name>
          <styleUrl>#style_Healthy</styleUrl>
          <ExtendedData>
            <Data name="id"><value>1928</value></Data>
            <Data name="Class"><value>Healthy</value></Data>
          </ExtendedData>
          <Point><coordinates>102.432225000,2.948666000,0</coordinates></Point>
        </Placemark>

        <Placemark>
          <name>1929</name>
          <styleUrl>#style_Healthy</styleUrl>
          <ExtendedData>
            <Data name="id"><value>1929</value></Data>
            <Data name="Class"><value>Healthy</value></Data>
          </ExtendedData>
          <Point><coordinates>102.439962000,2.948706000,0</coordinates></Point>
        </Placemark>

        <Placemark>
          <name>1930</name>
          <styleUrl>#style_Healthy</styleUrl>
          <ExtendedData>
            <Data name="id"><value>1930</value></Data>
            <Data name="Class"><value>Healthy</value></Data>
          </ExtendedData>
          <Point><coordinates>102.432263000,2.948736000,0</coordinates></Point>
        </Placemark>

        <Placemark>
          <name>1931</name>
          <styleUrl>#style_Healthy</styleUrl>
          <ExtendedData>
            <Data name="id"><value>1931</value></Data>
            <Data name="Class"><value>Healthy</value></Data>
          </ExtendedData>
          <Point><coordinates>102.436215000,2.946868000,0</coordinates></Point>
        </Placemark>

        <Placemark>
          <name>1932</name>
          <styleUrl>#style_Healthy</styleUrl>
          <ExtendedData>
            <Data name="id"><value>1932</value></Data>
            <Data name="Class"><value>Healthy</value></Data>
          </ExtendedData>
          <Point><coordinates>102.432265000,2.948598000,0</coordinates></Point>
        </Placemark>

        <Placemark>
          <name>1933</name>
          <styleUrl>#style_Healthy</styleUrl>
          <ExtendedData>
            <Data name="id"><value>1933</value></Data>
            <Data name="Class"><value>Healthy</value></Data>
          </ExtendedData>
          <Point><coordinates>102.432388000,2.948939000,0</coordinates></Point>
        </Placemark>

        <Placemark>
          <name>1934</name>
          <styleUrl>#style_Healthy</styleUrl>
          <ExtendedData>
            <Data name="id"><value>1934</value></Data>
            <Data name="Class"><value>Healthy</value></Data>
          </ExtendedData>
          <Point><coordinates>102.440234000,2.949050000,0</coordinates></Point>
        </Placemark>

        <Placemark>
          <name>1935</name>
          <styleUrl>#style_Healthy</styleUrl>
          <ExtendedData>
            <Data name="id"><value>1935</value></Data>
            <Data name="Class"><value>Healthy</value></Data>
          </ExtendedData>
          <Point><coordinates>102.440082000,2.948777000,0</coordinates></Point>
        </Placemark>

        <Placemark>
          <name>1936</name>
          <styleUrl>#style_Healthy</styleUrl>
          <ExtendedData>
            <Data name="id"><value>1936</value></Data>
            <Data name="Class"><value>Healthy</value></Data>
          </ExtendedData>
          <Point><coordinates>102.440233000,2.948916000,0</coordinates></Point>
        </Placemark>

        <Placemark>
          <name>1937</name>
          <styleUrl>#style_Healthy</styleUrl>
          <ExtendedData>
            <Data name="id"><value>1937</value></Data>
            <Data name="Class"><value>Healthy</value></Data>
          </ExtendedData>
          <Point><coordinates>102.435832000,2.945766000,0</coordinates></Point>
        </Placemark>

        <Placemark>
          <name>1938</name>
          <styleUrl>#style_Healthy</styleUrl>
          <ExtendedData>
            <Data name="id"><value>1938</value></Data>
            <Data name="Class"><value>Healthy</value></Data>
          </ExtendedData>
          <Point><coordinates>102.432307000,2.948666000,0</coordinates></Point>
        </Placemark>

        <Placemark>
          <name>1939</name>
          <styleUrl>#style_Healthy</styleUrl>
          <ExtendedData>
            <Data name="id"><value>1939</value></Data>
            <Data name="Class"><value>Healthy</value></Data>
          </ExtendedData>
          <Point><coordinates>102.438227000,2.946147000,0</coordinates></Point>
        </Placemark>

        <Placemark>
          <name>1940</name>
          <styleUrl>#style_Healthy</styleUrl>
          <ExtendedData>
            <Data name="id"><value>1940</value></Data>
            <Data name="Class"><value>Healthy</value></Data>
          </ExtendedData>
          <Point><coordinates>102.436173000,2.946800000,0</coordinates></Point>
        </Placemark>

        <Placemark>
          <name>1942</name>
          <styleUrl>#style_Healthy</styleUrl>
          <ExtendedData>
            <Data name="id"><value>1942</value></Data>
            <Data name="Class"><value>Healthy</value></Data>
          </ExtendedData>
          <Point><coordinates>102.438334000,2.946352000,0</coordinates></Point>
        </Placemark>

        <Placemark>
          <name>1943</name>
          <styleUrl>#style_Healthy</styleUrl>
          <ExtendedData>
            <Data name="id"><value>1943</value></Data>
            <Data name="Class"><value>Healthy</value></Data>
          </ExtendedData>
          <Point><coordinates>102.435445000,2.944939000,0</coordinates></Point>
        </Placemark>

        <Placemark>
          <name>1944</name>
          <styleUrl>#style_Healthy</styleUrl>
          <ExtendedData>
            <Data name="id"><value>1944</value></Data>
            <Data name="Class"><value>Healthy</value></Data>
          </ExtendedData>
          <Point><coordinates>102.440199000,2.948845000,0</coordinates></Point>
        </Placemark>

        <Placemark>
          <name>1945</name>
          <styleUrl>#style_Healthy</styleUrl>
          <ExtendedData>
            <Data name="id"><value>1945</value></Data>
            <Data name="Class"><value>Healthy</value></Data>
          </ExtendedData>
          <Point><coordinates>102.432108000,2.948463000,0</coordinates></Point>
        </Placemark>

        <Placemark>
          <name>1946</name>
          <styleUrl>#style_Healthy</styleUrl>
          <ExtendedData>
            <Data name="id"><value>1946</value></Data>
            <Data name="Class"><value>Healthy</value></Data>
          </ExtendedData>
          <Point><coordinates>102.440272000,2.949256000,0</coordinates></Point>
        </Placemark>

        <Placemark>
          <name>1947</name>
          <styleUrl>#style_Healthy</styleUrl>
          <ExtendedData>
            <Data name="id"><value>1947</value></Data>
            <Data name="Class"><value>Healthy</value></Data>
          </ExtendedData>
          <Point><coordinates>102.440107000,2.948848000,0</coordinates></Point>
        </Placemark>

        <Placemark>
          <name>1948</name>
          <styleUrl>#style_Healthy</styleUrl>
          <ExtendedData>
            <Data name="id"><value>1948</value></Data>
            <Data name="Class"><value>Healthy</value></Data>
          </ExtendedData>
          <Point><coordinates>102.436140000,2.946732000,0</coordinates></Point>
        </Placemark>

        <Placemark>
          <name>1949</name>
          <styleUrl>#style_Healthy</styleUrl>
          <ExtendedData>
            <Data name="id"><value>1949</value></Data>
            <Data name="Class"><value>Healthy</value></Data>
          </ExtendedData>
          <Point><coordinates>102.435634000,2.945423000,0</coordinates></Point>
        </Placemark>

        <Placemark>
          <name>1950</name>
          <styleUrl>#style_Healthy</styleUrl>
          <ExtendedData>
            <Data name="id"><value>1950</value></Data>
            <Data name="Class"><value>Healthy</value></Data>
          </ExtendedData>
          <Point><coordinates>102.435838000,2.945351000,0</coordinates></Point>
        </Placemark>

        <Placemark>
          <name>1952</name>
          <styleUrl>#style_Healthy</styleUrl>
          <ExtendedData>
            <Data name="id"><value>1952</value></Data>
            <Data name="Class"><value>Healthy</value></Data>
          </ExtendedData>
          <Point><coordinates>102.435365000,2.944935000,0</coordinates></Point>
        </Placemark>

        <Placemark>
          <name>1953</name>
          <styleUrl>#style_Healthy</styleUrl>
          <ExtendedData>
            <Data name="id"><value>1953</value></Data>
            <Data name="Class"><value>Healthy</value></Data>
          </ExtendedData>
          <Point><coordinates>102.438298000,2.946280000,0</coordinates></Point>
        </Placemark>

        <Placemark>
          <name>1954</name>
          <styleUrl>#style_Healthy</styleUrl>
          <ExtendedData>
            <Data name="id"><value>1954</value></Data>
            <Data name="Class"><value>Healthy</value></Data>
          </ExtendedData>
          <Point><coordinates>102.435679000,2.945352000,0</coordinates></Point>
        </Placemark>

        <Placemark>
          <name>1955</name>
          <styleUrl>#style_Healthy</styleUrl>
          <ExtendedData>
            <Data name="id"><value>1955</value></Data>
            <Data name="Class"><value>Healthy</value></Data>
          </ExtendedData>
          <Point><coordinates>102.438066000,2.946277000,0</coordinates></Point>
        </Placemark>

        <Placemark>
          <name>1956</name>
          <styleUrl>#style_Healthy</styleUrl>
          <ExtendedData>
            <Data name="id"><value>1956</value></Data>
            <Data name="Class"><value>Healthy</value></Data>
          </ExtendedData>
          <Point><coordinates>102.435701000,2.946242000,0</coordinates></Point>
        </Placemark>

        <Placemark>
          <name>1957</name>
          <styleUrl>#style_Healthy</styleUrl>
          <ExtendedData>
            <Data name="id"><value>1957</value></Data>
            <Data name="Class"><value>Healthy</value></Data>
          </ExtendedData>
          <Point><coordinates>102.436032000,2.945698000,0</coordinates></Point>
        </Placemark>

        <Placemark>
          <name>1958</name>
          <styleUrl>#style_Healthy</styleUrl>
          <ExtendedData>
            <Data name="id"><value>1958</value></Data>
            <Data name="Class"><value>Healthy</value></Data>
          </ExtendedData>
          <Point><coordinates>102.432030000,2.948320000,0</coordinates></Point>
        </Placemark>

        <Placemark>
          <name>1959</name>
          <styleUrl>#style_Healthy</styleUrl>
          <ExtendedData>
            <Data name="id"><value>1959</value></Data>
            <Data name="Class"><value>Healthy</value></Data>
          </ExtendedData>
          <Point><coordinates>102.435983000,2.946457000,0</coordinates></Point>
        </Placemark>

        <Placemark>
          <name>1960</name>
          <styleUrl>#style_Healthy</styleUrl>
          <ExtendedData>
            <Data name="id"><value>1960</value></Data>
            <Data name="Class"><value>Healthy</value></Data>
          </ExtendedData>
          <Point><coordinates>102.440431000,2.949120000,0</coordinates></Point>
        </Placemark>

        <Placemark>
          <name>1961</name>
          <styleUrl>#style_Healthy</styleUrl>
          <ExtendedData>
            <Data name="id"><value>1961</value></Data>
            <Data name="Class"><value>Healthy</value></Data>
          </ExtendedData>
          <Point><coordinates>102.436254000,2.946797000,0</coordinates></Point>
        </Placemark>

        <Placemark>
          <name>1962</name>
          <styleUrl>#style_Healthy</styleUrl>
          <ExtendedData>
            <Data name="id"><value>1962</value></Data>
            <Data name="Class"><value>Healthy</value></Data>
          </ExtendedData>
          <Point><coordinates>102.432110000,2.948321000,0</coordinates></Point>
        </Placemark>

        <Placemark>
          <name>1963</name>
          <styleUrl>#style_Healthy</styleUrl>
          <ExtendedData>
            <Data name="id"><value>1963</value></Data>
            <Data name="Class"><value>Healthy</value></Data>
          </ExtendedData>
          <Point><coordinates>102.432425000,2.948872000,0</coordinates></Point>
        </Placemark>

        <Placemark>
          <name>1964</name>
          <styleUrl>#style_Healthy</styleUrl>
          <ExtendedData>
            <Data name="id"><value>1964</value></Data>
            <Data name="Class"><value>Healthy</value></Data>
          </ExtendedData>
          <Point><coordinates>102.438254000,2.946487000,0</coordinates></Point>
        </Placemark>

        <Placemark>
          <name>1965</name>
          <styleUrl>#style_Healthy</styleUrl>
          <ExtendedData>
            <Data name="id"><value>1965</value></Data>
            <Data name="Class"><value>Healthy</value></Data>
          </ExtendedData>
          <Point><coordinates>102.432432000,2.947916000,0</coordinates></Point>
        </Placemark>

        <Placemark>
          <name>1966</name>
          <styleUrl>#style_Healthy</styleUrl>
          <ExtendedData>
            <Data name="id"><value>1966</value></Data>
            <Data name="Class"><value>Healthy</value></Data>
          </ExtendedData>
          <Point><coordinates>102.435792000,2.946111000,0</coordinates></Point>
        </Placemark>

        <Placemark>
          <name>1967</name>
          <styleUrl>#style_Healthy</styleUrl>
          <ExtendedData>
            <Data name="id"><value>1967</value></Data>
            <Data name="Class"><value>Healthy</value></Data>
          </ExtendedData>
          <Point><coordinates>102.438062000,2.946141000,0</coordinates></Point>
        </Placemark>

        <Placemark>
          <name>1968</name>
          <styleUrl>#style_Healthy</styleUrl>
          <ExtendedData>
            <Data name="id"><value>1968</value></Data>
            <Data name="Class"><value>Healthy</value></Data>
          </ExtendedData>
          <Point><coordinates>102.432379000,2.948800000,0</coordinates></Point>
        </Placemark>

        <Placemark>
          <name>1969</name>
          <styleUrl>#style_Healthy</styleUrl>
          <ExtendedData>
            <Data name="id"><value>1969</value></Data>
            <Data name="Class"><value>Healthy</value></Data>
          </ExtendedData>
          <Point><coordinates>102.435715000,2.946118000,0</coordinates></Point>
        </Placemark>

        <Placemark>
          <name>1970</name>
          <styleUrl>#style_Healthy</styleUrl>
          <ExtendedData>
            <Data name="id"><value>1970</value></Data>
            <Data name="Class"><value>Healthy</value></Data>
          </ExtendedData>
          <Point><coordinates>102.432271000,2.947509000,0</coordinates></Point>
        </Placemark>

        <Placemark>
          <name>1972</name>
          <styleUrl>#style_Healthy</styleUrl>
          <ExtendedData>
            <Data name="id"><value>1972</value></Data>
            <Data name="Class"><value>Healthy</value></Data>
          </ExtendedData>
          <Point><coordinates>102.432423000,2.949010000,0</coordinates></Point>
        </Placemark>

        <Placemark>
          <name>1973</name>
          <styleUrl>#style_Healthy</styleUrl>
          <ExtendedData>
            <Data name="id"><value>1973</value></Data>
            <Data name="Class"><value>Healthy</value></Data>
          </ExtendedData>
          <Point><coordinates>102.437989000,2.946135000,0</coordinates></Point>
        </Placemark>

        <Placemark>
          <name>1974</name>
          <styleUrl>#style_Healthy</styleUrl>
          <ExtendedData>
            <Data name="id"><value>1974</value></Data>
            <Data name="Class"><value>Healthy</value></Data>
          </ExtendedData>
          <Point><coordinates>102.440276000,2.949126000,0</coordinates></Point>
        </Placemark>

        <Placemark>
          <name>1976</name>
          <styleUrl>#style_Healthy</styleUrl>
          <ExtendedData>
            <Data name="id"><value>1976</value></Data>
            <Data name="Class"><value>Healthy</value></Data>
          </ExtendedData>
          <Point><coordinates>102.436370000,2.947003000,0</coordinates></Point>
        </Placemark>

        <Placemark>
          <name>1977</name>
          <styleUrl>#style_Healthy</styleUrl>
          <ExtendedData>
            <Data name="id"><value>1977</value></Data>
            <Data name="Class"><value>Healthy</value></Data>
          </ExtendedData>
          <Point><coordinates>102.438333544,2.946764666,0</coordinates></Point>
        </Placemark>

        <Placemark>
          <name>1978</name>
          <styleUrl>#style_Healthy</styleUrl>
          <ExtendedData>
            <Data name="id"><value>1978</value></Data>
            <Data name="Class"><value>Healthy</value></Data>
          </ExtendedData>
          <Point><coordinates>102.432229000,2.947708000,0</coordinates></Point>
        </Placemark>

        <Placemark>
          <name>1979</name>
          <styleUrl>#style_Healthy</styleUrl>
          <ExtendedData>
            <Data name="id"><value>1979</value></Data>
            <Data name="Class"><value>Healthy</value></Data>
          </ExtendedData>
          <Point><coordinates>102.437948000,2.946070000,0</coordinates></Point>
        </Placemark>

        <Placemark>
          <name>1980</name>
          <styleUrl>#style_Healthy</styleUrl>
          <ExtendedData>
            <Data name="id"><value>1980</value></Data>
            <Data name="Class"><value>Healthy</value></Data>
          </ExtendedData>
          <Point><coordinates>102.432428000,2.947777000,0</coordinates></Point>
        </Placemark>

        <Placemark>
          <name>1981</name>
          <styleUrl>#style_Healthy</styleUrl>
          <ExtendedData>
            <Data name="id"><value>1981</value></Data>
            <Data name="Class"><value>Healthy</value></Data>
          </ExtendedData>
          <Point><coordinates>102.440002000,2.948778000,0</coordinates></Point>
        </Placemark>

        <Placemark>
          <name>1982</name>
          <styleUrl>#style_Healthy</styleUrl>
          <ExtendedData>
            <Data name="id"><value>1982</value></Data>
            <Data name="Class"><value>Healthy</value></Data>
          </ExtendedData>
          <Point><coordinates>102.432273000,2.947635000,0</coordinates></Point>
        </Placemark>

        <Placemark>
          <name>1983</name>
          <styleUrl>#style_Healthy</styleUrl>
          <ExtendedData>
            <Data name="id"><value>1983</value></Data>
            <Data name="Class"><value>Healthy</value></Data>
          </ExtendedData>
          <Point><coordinates>102.436330000,2.946940000,0</coordinates></Point>
        </Placemark>

        <Placemark>
          <name>1984</name>
          <styleUrl>#style_Healthy</styleUrl>
          <ExtendedData>
            <Data name="id"><value>1984</value></Data>
            <Data name="Class"><value>Healthy</value></Data>
          </ExtendedData>
          <Point><coordinates>102.440432000,2.949256000,0</coordinates></Point>
        </Placemark>

        <Placemark>
          <name>1985</name>
          <styleUrl>#style_Healthy</styleUrl>
          <ExtendedData>
            <Data name="id"><value>1985</value></Data>
            <Data name="Class"><value>Healthy</value></Data>
          </ExtendedData>
          <Point><coordinates>102.432117000,2.947648000,0</coordinates></Point>
        </Placemark>

        <Placemark>
          <name>1986</name>
          <styleUrl>#style_Healthy</styleUrl>
          <ExtendedData>
            <Data name="id"><value>1986</value></Data>
            <Data name="Class"><value>Healthy</value></Data>
          </ExtendedData>
          <Point><coordinates>102.440041000,2.948709000,0</coordinates></Point>
        </Placemark>

        <Placemark>
          <name>1987</name>
          <styleUrl>#style_Healthy</styleUrl>
          <ExtendedData>
            <Data name="id"><value>1987</value></Data>
            <Data name="Class"><value>Healthy</value></Data>
          </ExtendedData>
          <Point><coordinates>102.440392000,2.949047000,0</coordinates></Point>
        </Placemark>

        <Placemark>
          <name>1988</name>
          <styleUrl>#style_Healthy</styleUrl>
          <ExtendedData>
            <Data name="id"><value>1988</value></Data>
            <Data name="Class"><value>Healthy</value></Data>
          </ExtendedData>
          <Point><coordinates>102.432072000,2.948395000,0</coordinates></Point>
        </Placemark>

        <Placemark>
          <name>1989</name>
          <styleUrl>#style_Healthy</styleUrl>
          <ExtendedData>
            <Data name="id"><value>1989</value></Data>
            <Data name="Class"><value>Healthy</value></Data>
          </ExtendedData>
          <Point><coordinates>102.440552000,2.949334000,0</coordinates></Point>
        </Placemark>

        <Placemark>
          <name>1990</name>
          <styleUrl>#style_Healthy</styleUrl>
          <ExtendedData>
            <Data name="id"><value>1990</value></Data>
            <Data name="Class"><value>Healthy</value></Data>
          </ExtendedData>
          <Point><coordinates>102.440511000,2.949261000,0</coordinates></Point>
        </Placemark>

        <Placemark>
          <name>1991</name>
          <styleUrl>#style_Healthy</styleUrl>
          <ExtendedData>
            <Data name="id"><value>1991</value></Data>
            <Data name="Class"><value>Healthy</value></Data>
          </ExtendedData>
          <Point><coordinates>102.440077000,2.948910000,0</coordinates></Point>
        </Placemark>

        <Placemark>
          <name>1992</name>
          <styleUrl>#style_Healthy</styleUrl>
          <ExtendedData>
            <Data name="id"><value>1992</value></Data>
            <Data name="Class"><value>Healthy</value></Data>
          </ExtendedData>
          <Point><coordinates>102.432195000,2.947642000,0</coordinates></Point>
        </Placemark>

        <Placemark>
          <name>1993</name>
          <styleUrl>#style_Healthy</styleUrl>
          <ExtendedData>
            <Data name="id"><value>1993</value></Data>
            <Data name="Class"><value>Healthy</value></Data>
          </ExtendedData>
          <Point><coordinates>102.432357000,2.947645000,0</coordinates></Point>
        </Placemark>

        <Placemark>
          <name>1994</name>
          <styleUrl>#style_Healthy</styleUrl>
          <ExtendedData>
            <Data name="id"><value>1994</value></Data>
            <Data name="Class"><value>Healthy</value></Data>
          </ExtendedData>
          <Point><coordinates>102.431948000,2.948324000,0</coordinates></Point>
        </Placemark>

        <Placemark>
          <name>1995</name>
          <styleUrl>#style_Healthy</styleUrl>
          <ExtendedData>
            <Data name="id"><value>1995</value></Data>
            <Data name="Class"><value>Healthy</value></Data>
          </ExtendedData>
          <Point><coordinates>102.432472000,2.947986000,0</coordinates></Point>
        </Placemark>

        <Placemark>
          <name>1996</name>
          <styleUrl>#style_Healthy</styleUrl>
          <ExtendedData>
            <Data name="id"><value>1996</value></Data>
            <Data name="Class"><value>Healthy</value></Data>
          </ExtendedData>
          <Point><coordinates>102.440239000,2.948775000,0</coordinates></Point>
        </Placemark>

        <Placemark>
          <name>1997</name>
          <styleUrl>#style_Healthy</styleUrl>
          <ExtendedData>
            <Data name="id"><value>1997</value></Data>
            <Data name="Class"><value>Healthy</value></Data>
          </ExtendedData>
          <Point><coordinates>102.432387000,2.948670000,0</coordinates></Point>
        </Placemark>

        <Placemark>
          <name>1999</name>
          <styleUrl>#style_Healthy</styleUrl>
          <ExtendedData>
            <Data name="id"><value>1999</value></Data>
            <Data name="Class"><value>Healthy</value></Data>
          </ExtendedData>
          <Point><coordinates>102.435951000,2.945836000,0</coordinates></Point>
        </Placemark>

        <Placemark>
          <name>2000</name>
          <styleUrl>#style_Healthy</styleUrl>
          <ExtendedData>
            <Data name="id"><value>2000</value></Data>
            <Data name="Class"><value>Healthy</value></Data>
          </ExtendedData>
          <Point><coordinates>102.438601000,2.946972000,0</coordinates></Point>
        </Placemark>

        <Placemark>
          <name>2001</name>
          <styleUrl>#style_Healthy</styleUrl>
          <ExtendedData>
            <Data name="id"><value>2001</value></Data>
            <Data name="Class"><value>Healthy</value></Data>
          </ExtendedData>
          <Point><coordinates>102.435679000,2.945490000,0</coordinates></Point>
        </Placemark>

        <Placemark>
          <name>2002</name>
          <styleUrl>#style_Healthy</styleUrl>
          <ExtendedData>
            <Data name="id"><value>2002</value></Data>
            <Data name="Class"><value>Healthy</value></Data>
          </ExtendedData>
          <Point><coordinates>102.432193000,2.947778000,0</coordinates></Point>
        </Placemark>

        <Placemark>
          <name>2003</name>
          <styleUrl>#style_Healthy</styleUrl>
          <ExtendedData>
            <Data name="id"><value>2003</value></Data>
            <Data name="Class"><value>Healthy</value></Data>
          </ExtendedData>
          <Point><coordinates>102.440004000,2.948642000,0</coordinates></Point>
        </Placemark>

        <Placemark>
          <name>2004</name>
          <styleUrl>#style_Healthy</styleUrl>
          <ExtendedData>
            <Data name="id"><value>2004</value></Data>
            <Data name="Class"><value>Healthy</value></Data>
          </ExtendedData>
          <Point><coordinates>102.435750000,2.946318000,0</coordinates></Point>
        </Placemark>

        <Placemark>
          <name>2005</name>
          <styleUrl>#style_Healthy</styleUrl>
          <ExtendedData>
            <Data name="id"><value>2005</value></Data>
            <Data name="Class"><value>Healthy</value></Data>
          </ExtendedData>
          <Point><coordinates>102.432545000,2.947988000,0</coordinates></Point>
        </Placemark>

        <Placemark>
          <name>2006</name>
          <styleUrl>#style_Healthy</styleUrl>
          <ExtendedData>
            <Data name="id"><value>2006</value></Data>
            <Data name="Class"><value>Healthy</value></Data>
          </ExtendedData>
          <Point><coordinates>102.436018000,2.946526000,0</coordinates></Point>
        </Placemark>

        <Placemark>
          <name>2008</name>
          <styleUrl>#style_Healthy</styleUrl>
          <ExtendedData>
            <Data name="id"><value>2008</value></Data>
            <Data name="Class"><value>Healthy</value></Data>
          </ExtendedData>
          <Point><coordinates>102.432036000,2.948182000,0</coordinates></Point>
        </Placemark>

        <Placemark>
          <name>2009</name>
          <styleUrl>#style_Healthy</styleUrl>
          <ExtendedData>
            <Data name="id"><value>2009</value></Data>
            <Data name="Class"><value>Healthy</value></Data>
          </ExtendedData>
          <Point><coordinates>102.440159000,2.948913000,0</coordinates></Point>
        </Placemark>

        <Placemark>
          <name>2010</name>
          <styleUrl>#style_Healthy</styleUrl>
          <ExtendedData>
            <Data name="id"><value>2010</value></Data>
            <Data name="Class"><value>Healthy</value></Data>
          </ExtendedData>
          <Point><coordinates>102.438565000,2.946904000,0</coordinates></Point>
        </Placemark>

        <Placemark>
          <name>2011</name>
          <styleUrl>#style_Healthy</styleUrl>
          <ExtendedData>
            <Data name="id"><value>2011</value></Data>
            <Data name="Class"><value>Healthy</value></Data>
          </ExtendedData>
          <Point><coordinates>102.432035000,2.947369000,0</coordinates></Point>
        </Placemark>

        <Placemark>
          <name>2012</name>
          <styleUrl>#style_Healthy</styleUrl>
          <ExtendedData>
            <Data name="id"><value>2012</value></Data>
            <Data name="Class"><value>Healthy</value></Data>
          </ExtendedData>
          <Point><coordinates>102.438685000,2.946975000,0</coordinates></Point>
        </Placemark>

        <Placemark>
          <name>2013</name>
          <styleUrl>#style_Healthy</styleUrl>
          <ExtendedData>
            <Data name="id"><value>2013</value></Data>
            <Data name="Class"><value>Healthy</value></Data>
          </ExtendedData>
          <Point><coordinates>102.439884000,2.948430000,0</coordinates></Point>
        </Placemark>

        <Placemark>
          <name>2015</name>
          <styleUrl>#style_Healthy</styleUrl>
          <ExtendedData>
            <Data name="id"><value>2015</value></Data>
            <Data name="Class"><value>Healthy</value></Data>
          </ExtendedData>
          <Point><coordinates>102.431986000,2.948254000,0</coordinates></Point>
        </Placemark>

        <Placemark>
          <name>2016</name>
          <styleUrl>#style_Healthy</styleUrl>
          <ExtendedData>
            <Data name="id"><value>2016</value></Data>
            <Data name="Class"><value>Healthy</value></Data>
          </ExtendedData>
          <Point><coordinates>102.435829000,2.946038000,0</coordinates></Point>
        </Placemark>

        <Placemark>
          <name>2017</name>
          <styleUrl>#style_Healthy</styleUrl>
          <ExtendedData>
            <Data name="id"><value>2017</value></Data>
            <Data name="Class"><value>Healthy</value></Data>
          </ExtendedData>
          <Point><coordinates>102.432351000,2.948049000,0</coordinates></Point>
        </Placemark>

        <Placemark>
          <name>2018</name>
          <styleUrl>#style_Healthy</styleUrl>
          <ExtendedData>
            <Data name="id"><value>2018</value></Data>
            <Data name="Class"><value>Healthy</value></Data>
          </ExtendedData>
          <Point><coordinates>102.438370000,2.946829000,0</coordinates></Point>
        </Placemark>

        <Placemark>
          <name>2019</name>
          <styleUrl>#style_Healthy</styleUrl>
          <ExtendedData>
            <Data name="id"><value>2019</value></Data>
            <Data name="Class"><value>Healthy</value></Data>
          </ExtendedData>
          <Point><coordinates>102.438183000,2.946211000,0</coordinates></Point>
        </Placemark>

        <Placemark>
          <name>2020</name>
          <styleUrl>#style_Healthy</styleUrl>
          <ExtendedData>
            <Data name="id"><value>2020</value></Data>
            <Data name="Class"><value>Healthy</value></Data>
          </ExtendedData>
          <Point><coordinates>102.432158000,2.947298000,0</coordinates></Point>
        </Placemark>

        <Placemark>
          <name>2021</name>
          <styleUrl>#style_Healthy</styleUrl>
          <ExtendedData>
            <Data name="id"><value>2021</value></Data>
            <Data name="Class"><value>Healthy</value></Data>
          </ExtendedData>
          <Point><coordinates>102.438141000,2.946413000,0</coordinates></Point>
        </Placemark>

        <Placemark>
          <name>2023</name>
          <styleUrl>#style_Healthy</styleUrl>
          <ExtendedData>
            <Data name="id"><value>2023</value></Data>
            <Data name="Class"><value>Healthy</value></Data>
          </ExtendedData>
          <Point><coordinates>102.438218000,2.946555000,0</coordinates></Point>
        </Placemark>

        <Placemark>
          <name>2024</name>
          <styleUrl>#style_Healthy</styleUrl>
          <ExtendedData>
            <Data name="id"><value>2024</value></Data>
            <Data name="Class"><value>Healthy</value></Data>
          </ExtendedData>
          <Point><coordinates>102.440273000,2.948985000,0</coordinates></Point>
        </Placemark>

        <Placemark>
          <name>2025</name>
          <styleUrl>#style_Healthy</styleUrl>
          <ExtendedData>
            <Data name="id"><value>2025</value></Data>
            <Data name="Class"><value>Healthy</value></Data>
          </ExtendedData>
          <Point><coordinates>102.438021000,2.946073000,0</coordinates></Point>
        </Placemark>

        <Placemark>
          <name>2026</name>
          <styleUrl>#style_Healthy</styleUrl>
          <ExtendedData>
            <Data name="id"><value>2026</value></Data>
            <Data name="Class"><value>Healthy</value></Data>
          </ExtendedData>
          <Point><coordinates>102.438178000,2.946486000,0</coordinates></Point>
        </Placemark>

        <Placemark>
          <name>2027</name>
          <styleUrl>#style_Healthy</styleUrl>
          <ExtendedData>
            <Data name="id"><value>2027</value></Data>
            <Data name="Class"><value>Healthy</value></Data>
          </ExtendedData>
          <Point><coordinates>102.438022000,2.946208000,0</coordinates></Point>
        </Placemark>

        <Placemark>
          <name>2028</name>
          <styleUrl>#style_Healthy</styleUrl>
          <ExtendedData>
            <Data name="id"><value>2028</value></Data>
            <Data name="Class"><value>Healthy</value></Data>
          </ExtendedData>
          <Point><coordinates>102.435868000,2.945837000,0</coordinates></Point>
        </Placemark>

        <Placemark>
          <name>2030</name>
          <styleUrl>#style_Healthy</styleUrl>
          <ExtendedData>
            <Data name="id"><value>2030</value></Data>
            <Data name="Class"><value>Healthy</value></Data>
          </ExtendedData>
          <Point><coordinates>102.432515000,2.947921000,0</coordinates></Point>
        </Placemark>

        <Placemark>
          <name>2031</name>
          <styleUrl>#style_Healthy</styleUrl>
          <ExtendedData>
            <Data name="id"><value>2031</value></Data>
            <Data name="Class"><value>Healthy</value></Data>
          </ExtendedData>
          <Point><coordinates>102.436020000,2.946793000,0</coordinates></Point>
        </Placemark>

        <Placemark>
          <name>2032</name>
          <styleUrl>#style_Healthy</styleUrl>
          <ExtendedData>
            <Data name="id"><value>2032</value></Data>
            <Data name="Class"><value>Healthy</value></Data>
          </ExtendedData>
          <Point><coordinates>102.432077000,2.947298000,0</coordinates></Point>
        </Placemark>

        <Placemark>
          <name>2033</name>
          <styleUrl>#style_Healthy</styleUrl>
          <ExtendedData>
            <Data name="id"><value>2033</value></Data>
            <Data name="Class"><value>Healthy</value></Data>
          </ExtendedData>
          <Point><coordinates>102.435868000,2.945419000,0</coordinates></Point>
        </Placemark>

        <Placemark>
          <name>2035</name>
          <styleUrl>#style_Healthy</styleUrl>
          <ExtendedData>
            <Data name="id"><value>2035</value></Data>
            <Data name="Class"><value>Healthy</value></Data>
          </ExtendedData>
          <Point><coordinates>102.435985000,2.946313000,0</coordinates></Point>
        </Placemark>

        <Placemark>
          <name>2036</name>
          <styleUrl>#style_Healthy</styleUrl>
          <ExtendedData>
            <Data name="id"><value>2036</value></Data>
            <Data name="Class"><value>Healthy</value></Data>
          </ExtendedData>
          <Point><coordinates>102.435829000,2.946178000,0</coordinates></Point>
        </Placemark>

        <Placemark>
          <name>2037</name>
          <styleUrl>#style_Healthy</styleUrl>
          <ExtendedData>
            <Data name="id"><value>2037</value></Data>
            <Data name="Class"><value>Healthy</value></Data>
          </ExtendedData>
          <Point><coordinates>102.436406000,2.947076000,0</coordinates></Point>
        </Placemark>

        <Placemark>
          <name>2038</name>
          <styleUrl>#style_Healthy</styleUrl>
          <ExtendedData>
            <Data name="id"><value>2038</value></Data>
            <Data name="Class"><value>Healthy</value></Data>
          </ExtendedData>
          <Point><coordinates>102.440314000,2.948915000,0</coordinates></Point>
        </Placemark>

        <Placemark>
          <name>2039</name>
          <styleUrl>#style_Healthy</styleUrl>
          <ExtendedData>
            <Data name="id"><value>2039</value></Data>
            <Data name="Class"><value>Healthy</value></Data>
          </ExtendedData>
          <Point><coordinates>102.436211000,2.947002000,0</coordinates></Point>
        </Placemark>

        <Placemark>
          <name>2040</name>
          <styleUrl>#style_Healthy</styleUrl>
          <ExtendedData>
            <Data name="id"><value>2040</value></Data>
            <Data name="Class"><value>Healthy</value></Data>
          </ExtendedData>
          <Point><coordinates>102.432469000,2.947850000,0</coordinates></Point>
        </Placemark>

        <Placemark>
          <name>2041</name>
          <styleUrl>#style_Healthy</styleUrl>
          <ExtendedData>
            <Data name="id"><value>2041</value></Data>
            <Data name="Class"><value>Healthy</value></Data>
          </ExtendedData>
          <Point><coordinates>102.432500000,2.949006000,0</coordinates></Point>
        </Placemark>

        <Placemark>
          <name>2042</name>
          <styleUrl>#style_Healthy</styleUrl>
          <ExtendedData>
            <Data name="id"><value>2042</value></Data>
            <Data name="Class"><value>Healthy</value></Data>
          </ExtendedData>
          <Point><coordinates>102.435871000,2.945558000,0</coordinates></Point>
        </Placemark>

        <Placemark>
          <name>2043</name>
          <styleUrl>#style_Healthy</styleUrl>
          <ExtendedData>
            <Data name="id"><value>2043</value></Data>
            <Data name="Class"><value>Healthy</value></Data>
          </ExtendedData>
          <Point><coordinates>102.438455000,2.946561000,0</coordinates></Point>
        </Placemark>

        <Placemark>
          <name>2044</name>
          <styleUrl>#style_Healthy</styleUrl>
          <ExtendedData>
            <Data name="id"><value>2044</value></Data>
            <Data name="Class"><value>Healthy</value></Data>
          </ExtendedData>
          <Point><coordinates>102.439970000,2.948292000,0</coordinates></Point>
        </Placemark>

        <Placemark>
          <name>2045</name>
          <styleUrl>#style_Healthy</styleUrl>
          <ExtendedData>
            <Data name="id"><value>2045</value></Data>
            <Data name="Class"><value>Healthy</value></Data>
          </ExtendedData>
          <Point><coordinates>102.436027000,2.945973000,0</coordinates></Point>
        </Placemark>

        <Placemark>
          <name>2046</name>
          <styleUrl>#style_Healthy</styleUrl>
          <ExtendedData>
            <Data name="id"><value>2046</value></Data>
            <Data name="Class"><value>Healthy</value></Data>
          </ExtendedData>
          <Point><coordinates>102.436023000,2.946384000,0</coordinates></Point>
        </Placemark>

        <Placemark>
          <name>2047</name>
          <styleUrl>#style_Healthy</styleUrl>
          <ExtendedData>
            <Data name="id"><value>2047</value></Data>
            <Data name="Class"><value>Healthy</value></Data>
          </ExtendedData>
          <Point><coordinates>102.432388000,2.948118000,0</coordinates></Point>
        </Placemark>

        <Placemark>
          <name>2048</name>
          <styleUrl>#style_Healthy</styleUrl>
          <ExtendedData>
            <Data name="id"><value>2048</value></Data>
            <Data name="Class"><value>Healthy</value></Data>
          </ExtendedData>
          <Point><coordinates>102.439969000,2.948571000,0</coordinates></Point>
        </Placemark>

        <Placemark>
          <name>2049</name>
          <styleUrl>#style_Healthy</styleUrl>
          <ExtendedData>
            <Data name="id"><value>2049</value></Data>
            <Data name="Class"><value>Healthy</value></Data>
          </ExtendedData>
          <Point><coordinates>102.435748000,2.946179000,0</coordinates></Point>
        </Placemark>

        <Placemark>
          <name>2050</name>
          <styleUrl>#style_Healthy</styleUrl>
          <ExtendedData>
            <Data name="id"><value>2050</value></Data>
            <Data name="Class"><value>Healthy</value></Data>
          </ExtendedData>
          <Point><coordinates>102.432318000,2.947714000,0</coordinates></Point>
        </Placemark>

        <Placemark>
          <name>2051</name>
          <styleUrl>#style_Healthy</styleUrl>
          <ExtendedData>
            <Data name="id"><value>2051</value></Data>
            <Data name="Class"><value>Healthy</value></Data>
          </ExtendedData>
          <Point><coordinates>102.432196000,2.947367000,0</coordinates></Point>
        </Placemark>

        <Placemark>
          <name>2052</name>
          <styleUrl>#style_Healthy</styleUrl>
          <ExtendedData>
            <Data name="id"><value>2052</value></Data>
            <Data name="Class"><value>Healthy</value></Data>
          </ExtendedData>
          <Point><coordinates>102.432540000,2.949078000,0</coordinates></Point>
        </Placemark>

        <Placemark>
          <name>2053</name>
          <styleUrl>#style_Healthy</styleUrl>
          <ExtendedData>
            <Data name="id"><value>2053</value></Data>
            <Data name="Class"><value>Healthy</value></Data>
          </ExtendedData>
          <Point><coordinates>102.435524000,2.945212000,0</coordinates></Point>
        </Placemark>

        <Placemark>
          <name>2055</name>
          <styleUrl>#style_Healthy</styleUrl>
          <ExtendedData>
            <Data name="id"><value>2055</value></Data>
            <Data name="Class"><value>Healthy</value></Data>
          </ExtendedData>
          <Point><coordinates>102.432502000,2.949151000,0</coordinates></Point>
        </Placemark>

        <Placemark>
          <name>2056</name>
          <styleUrl>#style_Healthy</styleUrl>
          <ExtendedData>
            <Data name="id"><value>2056</value></Data>
            <Data name="Class"><value>Healthy</value></Data>
          </ExtendedData>
          <Point><coordinates>102.440471000,2.949328000,0</coordinates></Point>
        </Placemark>

        <Placemark>
          <name>2057</name>
          <styleUrl>#style_Healthy</styleUrl>
          <ExtendedData>
            <Data name="id"><value>2057</value></Data>
            <Data name="Class"><value>Healthy</value></Data>
          </ExtendedData>
          <Point><coordinates>102.435593000,2.946033000,0</coordinates></Point>
        </Placemark>

        <Placemark>
          <name>2058</name>
          <styleUrl>#style_Healthy</styleUrl>
          <ExtendedData>
            <Data name="id"><value>2058</value></Data>
            <Data name="Class"><value>Healthy</value></Data>
          </ExtendedData>
          <Point><coordinates>102.436136000,2.946864000,0</coordinates></Point>
        </Placemark>

        <Placemark>
          <name>2059</name>
          <styleUrl>#style_Healthy</styleUrl>
          <ExtendedData>
            <Data name="id"><value>2059</value></Data>
            <Data name="Class"><value>Healthy</value></Data>
          </ExtendedData>
          <Point><coordinates>102.438254000,2.946625000,0</coordinates></Point>
        </Placemark>

        <Placemark>
          <name>2060</name>
          <styleUrl>#style_Healthy</styleUrl>
          <ExtendedData>
            <Data name="id"><value>2060</value></Data>
            <Data name="Class"><value>Healthy</value></Data>
          </ExtendedData>
          <Point><coordinates>102.435793000,2.946248000,0</coordinates></Point>
        </Placemark>

        <Placemark>
          <name>2061</name>
          <styleUrl>#style_Healthy</styleUrl>
          <ExtendedData>
            <Data name="id"><value>2061</value></Data>
            <Data name="Class"><value>Healthy</value></Data>
          </ExtendedData>
          <Point><coordinates>102.440314000,2.949049000,0</coordinates></Point>
        </Placemark>

        <Placemark>
          <name>2062</name>
          <styleUrl>#style_Healthy</styleUrl>
          <ExtendedData>
            <Data name="id"><value>2062</value></Data>
            <Data name="Class"><value>Healthy</value></Data>
          </ExtendedData>
          <Point><coordinates>102.435804000,2.945558000,0</coordinates></Point>
        </Placemark>

        <Placemark>
          <name>2063</name>
          <styleUrl>#style_Healthy</styleUrl>
          <ExtendedData>
            <Data name="id"><value>2063</value></Data>
            <Data name="Class"><value>Healthy</value></Data>
          </ExtendedData>
          <Point><coordinates>102.435990000,2.945904000,0</coordinates></Point>
        </Placemark>

        <Placemark>
          <name>2064</name>
          <styleUrl>#style_Healthy</styleUrl>
          <ExtendedData>
            <Data name="id"><value>2064</value></Data>
            <Data name="Class"><value>Healthy</value></Data>
          </ExtendedData>
          <Point><coordinates>102.438319000,2.946483000,0</coordinates></Point>
        </Placemark>

        <Placemark>
          <name>2065</name>
          <styleUrl>#style_Healthy</styleUrl>
          <ExtendedData>
            <Data name="id"><value>2065</value></Data>
            <Data name="Class"><value>Healthy</value></Data>
          </ExtendedData>
          <Point><coordinates>102.436109000,2.945840000,0</coordinates></Point>
        </Placemark>

        <Placemark>
          <name>2066</name>
          <styleUrl>#style_Healthy</styleUrl>
          <ExtendedData>
            <Data name="id"><value>2066</value></Data>
            <Data name="Class"><value>Healthy</value></Data>
          </ExtendedData>
          <Point><coordinates>102.438450000,2.946689000,0</coordinates></Point>
        </Placemark>

        <Placemark>
          <name>2067</name>
          <styleUrl>#style_Healthy</styleUrl>
          <ExtendedData>
            <Data name="id"><value>2067</value></Data>
            <Data name="Class"><value>Healthy</value></Data>
          </ExtendedData>
          <Point><coordinates>102.432236000,2.947849000,0</coordinates></Point>
        </Placemark>

        <Placemark>
          <name>2068</name>
          <styleUrl>#style_Healthy</styleUrl>
          <ExtendedData>
            <Data name="id"><value>2068</value></Data>
            <Data name="Class"><value>Healthy</value></Data>
          </ExtendedData>
          <Point><coordinates>102.438760000,2.947109000,0</coordinates></Point>
        </Placemark>

        <Placemark>
          <name>2069</name>
          <styleUrl>#style_Healthy</styleUrl>
          <ExtendedData>
            <Data name="id"><value>2069</value></Data>
            <Data name="Class"><value>Healthy</value></Data>
          </ExtendedData>
          <Point><coordinates>102.431839000,2.947164000,0</coordinates></Point>
        </Placemark>

        <Placemark>
          <name>2070</name>
          <styleUrl>#style_Healthy</styleUrl>
          <ExtendedData>
            <Data name="id"><value>2070</value></Data>
            <Data name="Class"><value>Healthy</value></Data>
          </ExtendedData>
          <Point><coordinates>102.436248000,2.947071000,0</coordinates></Point>
        </Placemark>

        <Placemark>
          <name>2071</name>
          <styleUrl>#style_Healthy</styleUrl>
          <ExtendedData>
            <Data name="id"><value>2071</value></Data>
            <Data name="Class"><value>Healthy</value></Data>
          </ExtendedData>
          <Point><coordinates>102.439922000,2.948497000,0</coordinates></Point>
        </Placemark>

        <Placemark>
          <name>2072</name>
          <styleUrl>#style_Healthy</styleUrl>
          <ExtendedData>
            <Data name="id"><value>2072</value></Data>
            <Data name="Class"><value>Healthy</value></Data>
          </ExtendedData>
          <Point><coordinates>102.439806000,2.948432000,0</coordinates></Point>
        </Placemark>

        <Placemark>
          <name>2073</name>
          <styleUrl>#style_Healthy</styleUrl>
          <ExtendedData>
            <Data name="id"><value>2073</value></Data>
            <Data name="Class"><value>Healthy</value></Data>
          </ExtendedData>
          <Point><coordinates>102.435671000,2.946039000,0</coordinates></Point>
        </Placemark>

        <Placemark>
          <name>2075</name>
          <styleUrl>#style_Healthy</styleUrl>
          <ExtendedData>
            <Data name="id"><value>2075</value></Data>
            <Data name="Class"><value>Healthy</value></Data>
          </ExtendedData>
          <Point><coordinates>102.432190000,2.948463000,0</coordinates></Point>
        </Placemark>

        <Placemark>
          <name>2077</name>
          <styleUrl>#style_Healthy</styleUrl>
          <ExtendedData>
            <Data name="id"><value>2077</value></Data>
            <Data name="Class"><value>Healthy</value></Data>
          </ExtendedData>
          <Point><coordinates>102.435604000,2.945215000,0</coordinates></Point>
        </Placemark>

        <Placemark>
          <name>2078</name>
          <styleUrl>#style_Healthy</styleUrl>
          <ExtendedData>
            <Data name="id"><value>2078</value></Data>
            <Data name="Class"><value>Healthy</value></Data>
          </ExtendedData>
          <Point><coordinates>102.435681000,2.945217000,0</coordinates></Point>
        </Placemark>

        <Placemark>
          <name>2079</name>
          <styleUrl>#style_Healthy</styleUrl>
          <ExtendedData>
            <Data name="id"><value>2079</value></Data>
            <Data name="Class"><value>Healthy</value></Data>
          </ExtendedData>
          <Point><coordinates>102.440279000,2.948845000,0</coordinates></Point>
        </Placemark>

        <Placemark>
          <name>2081</name>
          <styleUrl>#style_Healthy</styleUrl>
          <ExtendedData>
            <Data name="id"><value>2081</value></Data>
            <Data name="Class"><value>Healthy</value></Data>
          </ExtendedData>
          <Point><coordinates>102.432589000,2.948056000,0</coordinates></Point>
        </Placemark>

        <Placemark>
          <name>2082</name>
          <styleUrl>#style_Healthy</styleUrl>
          <ExtendedData>
            <Data name="id"><value>2082</value></Data>
            <Data name="Class"><value>Healthy</value></Data>
          </ExtendedData>
          <Point><coordinates>102.435716000,2.945423000,0</coordinates></Point>
        </Placemark>

        <Placemark>
          <name>2083</name>
          <styleUrl>#style_Healthy</styleUrl>
          <ExtendedData>
            <Data name="id"><value>2083</value></Data>
            <Data name="Class"><value>Healthy</value></Data>
          </ExtendedData>
          <Point><coordinates>102.436064000,2.946450000,0</coordinates></Point>
        </Placemark>

        <Placemark>
          <name>2084</name>
          <styleUrl>#style_Healthy</styleUrl>
          <ExtendedData>
            <Data name="id"><value>2084</value></Data>
            <Data name="Class"><value>Healthy</value></Data>
          </ExtendedData>
          <Point><coordinates>102.432197000,2.947507000,0</coordinates></Point>
        </Placemark>

        <Placemark>
          <name>2085</name>
          <styleUrl>#style_Healthy</styleUrl>
          <ExtendedData>
            <Data name="id"><value>2085</value></Data>
            <Data name="Class"><value>Healthy</value></Data>
          </ExtendedData>
          <Point><coordinates>102.432656000,2.949148000,0</coordinates></Point>
        </Placemark>

        <Placemark>
          <name>2086</name>
          <styleUrl>#style_Healthy</styleUrl>
          <ExtendedData>
            <Data name="id"><value>2086</value></Data>
            <Data name="Class"><value>Healthy</value></Data>
          </ExtendedData>
          <Point><coordinates>102.438316000,2.946628000,0</coordinates></Point>
        </Placemark>

        <Placemark>
          <name>2087</name>
          <styleUrl>#style_Healthy</styleUrl>
          <ExtendedData>
            <Data name="id"><value>2087</value></Data>
            <Data name="Class"><value>Healthy</value></Data>
          </ExtendedData>
          <Point><coordinates>102.438560000,2.947036000,0</coordinates></Point>
        </Placemark>

        <Placemark>
          <name>2088</name>
          <styleUrl>#style_Healthy</styleUrl>
          <ExtendedData>
            <Data name="id"><value>2088</value></Data>
            <Data name="Class"><value>Healthy</value></Data>
          </ExtendedData>
          <Point><coordinates>102.438097000,2.946210000,0</coordinates></Point>
        </Placemark>

        <Placemark>
          <name>2089</name>
          <styleUrl>#style_Healthy</styleUrl>
          <ExtendedData>
            <Data name="id"><value>2089</value></Data>
            <Data name="Class"><value>Healthy</value></Data>
          </ExtendedData>
          <Point><coordinates>102.439880000,2.948564000,0</coordinates></Point>
        </Placemark>

        <Placemark>
          <name>2090</name>
          <styleUrl>#style_Healthy</styleUrl>
          <ExtendedData>
            <Data name="id"><value>2090</value></Data>
            <Data name="Class"><value>Healthy</value></Data>
          </ExtendedData>
          <Point><coordinates>102.438531000,2.947104000,0</coordinates></Point>
        </Placemark>

        <Placemark>
          <name>2091</name>
          <styleUrl>#style_Healthy</styleUrl>
          <ExtendedData>
            <Data name="id"><value>2091</value></Data>
            <Data name="Class"><value>Healthy</value></Data>
          </ExtendedData>
          <Point><coordinates>102.439808000,2.948293000,0</coordinates></Point>
        </Placemark>

        <Placemark>
          <name>2092</name>
          <styleUrl>#style_Healthy</styleUrl>
          <ExtendedData>
            <Data name="id"><value>2092</value></Data>
            <Data name="Class"><value>Healthy</value></Data>
          </ExtendedData>
          <Point><coordinates>102.432464000,2.948804000,0</coordinates></Point>
        </Placemark>

        <Placemark>
          <name>2093</name>
          <styleUrl>#style_Healthy</styleUrl>
          <ExtendedData>
            <Data name="id"><value>2093</value></Data>
            <Data name="Class"><value>Healthy</value></Data>
          </ExtendedData>
          <Point><coordinates>102.435754000,2.946040000,0</coordinates></Point>
        </Placemark>

        <Placemark>
          <name>2094</name>
          <styleUrl>#style_Healthy</styleUrl>
          <ExtendedData>
            <Data name="id"><value>2094</value></Data>
            <Data name="Class"><value>Healthy</value></Data>
          </ExtendedData>
          <Point><coordinates>102.432460000,2.949212000,0</coordinates></Point>
        </Placemark>

        <Placemark>
          <name>2095</name>
          <styleUrl>#style_Healthy</styleUrl>
          <ExtendedData>
            <Data name="id"><value>2095</value></Data>
            <Data name="Class"><value>Healthy</value></Data>
          </ExtendedData>
          <Point><coordinates>102.435782000,2.946389000,0</coordinates></Point>
        </Placemark>

        <Placemark>
          <name>2096</name>
          <styleUrl>#style_Healthy</styleUrl>
          <ExtendedData>
            <Data name="id"><value>2096</value></Data>
            <Data name="Class"><value>Healthy</value></Data>
          </ExtendedData>
          <Point><coordinates>102.432153000,2.948392000,0</coordinates></Point>
        </Placemark>

        <Placemark>
          <name>2097</name>
          <styleUrl>#style_Healthy</styleUrl>
          <ExtendedData>
            <Data name="id"><value>2097</value></Data>
            <Data name="Class"><value>Healthy</value></Data>
          </ExtendedData>
          <Point><coordinates>102.439922000,2.948637000,0</coordinates></Point>
        </Placemark>

        <Placemark>
          <name>2098</name>
          <styleUrl>#style_Healthy</styleUrl>
          <ExtendedData>
            <Data name="id"><value>2098</value></Data>
            <Data name="Class"><value>Healthy</value></Data>
          </ExtendedData>
          <Point><coordinates>102.432501000,2.948876000,0</coordinates></Point>
        </Placemark>

        <Placemark>
          <name>2099</name>
          <styleUrl>#style_Healthy</styleUrl>
          <ExtendedData>
            <Data name="id"><value>2099</value></Data>
            <Data name="Class"><value>Healthy</value></Data>
          </ExtendedData>
          <Point><coordinates>102.432072000,2.948248000,0</coordinates></Point>
        </Placemark>

        <Placemark>
          <name>2100</name>
          <styleUrl>#style_Healthy</styleUrl>
          <ExtendedData>
            <Data name="id"><value>2100</value></Data>
            <Data name="Class"><value>Healthy</value></Data>
          </ExtendedData>
          <Point><coordinates>102.432540000,2.948945000,0</coordinates></Point>
        </Placemark>

        <Placemark>
          <name>2101</name>
          <styleUrl>#style_Healthy</styleUrl>
          <ExtendedData>
            <Data name="id"><value>2101</value></Data>
            <Data name="Class"><value>Healthy</value></Data>
          </ExtendedData>
          <Point><coordinates>102.432318000,2.947848000,0</coordinates></Point>
        </Placemark>

        <Placemark>
          <name>2102</name>
          <styleUrl>#style_Healthy</styleUrl>
          <ExtendedData>
            <Data name="id"><value>2102</value></Data>
            <Data name="Class"><value>Healthy</value></Data>
          </ExtendedData>
          <Point><coordinates>102.432270000,2.948465000,0</coordinates></Point>
        </Placemark>

        <Placemark>
          <name>2103</name>
          <styleUrl>#style_Healthy</styleUrl>
          <ExtendedData>
            <Data name="id"><value>2103</value></Data>
            <Data name="Class"><value>Healthy</value></Data>
          </ExtendedData>
          <Point><coordinates>102.440044000,2.948575000,0</coordinates></Point>
        </Placemark>

        <Placemark>
          <name>2104</name>
          <styleUrl>#style_Healthy</styleUrl>
          <ExtendedData>
            <Data name="id"><value>2104</value></Data>
            <Data name="Class"><value>Healthy</value></Data>
          </ExtendedData>
          <Point><coordinates>102.436069000,2.945904000,0</coordinates></Point>
        </Placemark>

        <Placemark>
          <name>2105</name>
          <styleUrl>#style_Healthy</styleUrl>
          <ExtendedData>
            <Data name="id"><value>2105</value></Data>
            <Data name="Class"><value>Healthy</value></Data>
          </ExtendedData>
          <Point><coordinates>102.432511000,2.948055000,0</coordinates></Point>
        </Placemark>

        <Placemark>
          <name>2107</name>
          <styleUrl>#style_Healthy</styleUrl>
          <ExtendedData>
            <Data name="id"><value>2107</value></Data>
            <Data name="Class"><value>Healthy</value></Data>
          </ExtendedData>
          <Point><coordinates>102.436185000,2.945975000,0</coordinates></Point>
        </Placemark>

        <Placemark>
          <name>2108</name>
          <styleUrl>#style_Healthy</styleUrl>
          <ExtendedData>
            <Data name="id"><value>2108</value></Data>
            <Data name="Class"><value>Healthy</value></Data>
          </ExtendedData>
          <Point><coordinates>102.432620000,2.949082000,0</coordinates></Point>
        </Placemark>

        <Placemark>
          <name>2109</name>
          <styleUrl>#style_Healthy</styleUrl>
          <ExtendedData>
            <Data name="id"><value>2109</value></Data>
            <Data name="Class"><value>Healthy</value></Data>
          </ExtendedData>
          <Point><coordinates>102.436336000,2.947071000,0</coordinates></Point>
        </Placemark>

        <Placemark>
          <name>2110</name>
          <styleUrl>#style_Healthy</styleUrl>
          <ExtendedData>
            <Data name="id"><value>2110</value></Data>
            <Data name="Class"><value>Healthy</value></Data>
          </ExtendedData>
          <Point><coordinates>102.438412000,2.946618000,0</coordinates></Point>
        </Placemark>

        <Placemark>
          <name>2111</name>
          <styleUrl>#style_Healthy</styleUrl>
          <ExtendedData>
            <Data name="id"><value>2111</value></Data>
            <Data name="Class"><value>Healthy</value></Data>
          </ExtendedData>
          <Point><coordinates>102.438140000,2.946142000,0</coordinates></Point>
        </Placemark>

        <Placemark>
          <name>2112</name>
          <styleUrl>#style_Healthy</styleUrl>
          <ExtendedData>
            <Data name="id"><value>2112</value></Data>
            <Data name="Class"><value>Healthy</value></Data>
          </ExtendedData>
          <Point><coordinates>102.435841000,2.945627000,0</coordinates></Point>
        </Placemark>

        <Placemark>
          <name>2113</name>
          <styleUrl>#style_Healthy</styleUrl>
          <ExtendedData>
            <Data name="id"><value>2113</value></Data>
            <Data name="Class"><value>Healthy</value></Data>
          </ExtendedData>
          <Point><coordinates>102.438260000,2.946350000,0</coordinates></Point>
        </Placemark>

        <Placemark>
          <name>2114</name>
          <styleUrl>#style_Healthy</styleUrl>
          <ExtendedData>
            <Data name="id"><value>2114</value></Data>
            <Data name="Class"><value>Healthy</value></Data>
          </ExtendedData>
          <Point><coordinates>102.432042000,2.947229000,0</coordinates></Point>
        </Placemark>

        <Placemark>
          <name>2115</name>
          <styleUrl>#style_Healthy</styleUrl>
          <ExtendedData>
            <Data name="id"><value>2115</value></Data>
            <Data name="Class"><value>Healthy</value></Data>
          </ExtendedData>
          <Point><coordinates>102.438103000,2.946343000,0</coordinates></Point>
        </Placemark>

        <Placemark>
          <name>2116</name>
          <styleUrl>#style_Healthy</styleUrl>
          <ExtendedData>
            <Data name="id"><value>2116</value></Data>
            <Data name="Class"><value>Healthy</value></Data>
          </ExtendedData>
          <Point><coordinates>102.435854000,2.946246000,0</coordinates></Point>
        </Placemark>

        <Placemark>
          <name>2117</name>
          <styleUrl>#style_Healthy</styleUrl>
          <ExtendedData>
            <Data name="id"><value>2117</value></Data>
            <Data name="Class"><value>Healthy</value></Data>
          </ExtendedData>
          <Point><coordinates>102.432346000,2.948601000,0</coordinates></Point>
        </Placemark>

        <Placemark>
          <name>2118</name>
          <styleUrl>#style_Healthy</styleUrl>
          <ExtendedData>
            <Data name="id"><value>2118</value></Data>
            <Data name="Class"><value>Healthy</value></Data>
          </ExtendedData>
          <Point><coordinates>102.432192000,2.948325000,0</coordinates></Point>
        </Placemark>

        <Placemark>
          <name>2119</name>
          <styleUrl>#style_Healthy</styleUrl>
          <ExtendedData>
            <Data name="id"><value>2119</value></Data>
            <Data name="Class"><value>Healthy</value></Data>
          </ExtendedData>
          <Point><coordinates>102.432156000,2.947712000,0</coordinates></Point>
        </Placemark>

        <Placemark>
          <name>2120</name>
          <styleUrl>#style_Healthy</styleUrl>
          <ExtendedData>
            <Data name="id"><value>2120</value></Data>
            <Data name="Class"><value>Healthy</value></Data>
          </ExtendedData>
          <Point><coordinates>102.432424000,2.948733000,0</coordinates></Point>
        </Placemark>

        <Placemark>
          <name>2121</name>
          <styleUrl>#style_Healthy</styleUrl>
          <ExtendedData>
            <Data name="id"><value>2121</value></Data>
            <Data name="Class"><value>Healthy</value></Data>
          </ExtendedData>
          <Point><coordinates>102.436108000,2.945977000,0</coordinates></Point>
        </Placemark>

        <Placemark>
          <name>2122</name>
          <styleUrl>#style_Healthy</styleUrl>
          <ExtendedData>
            <Data name="id"><value>2122</value></Data>
            <Data name="Class"><value>Healthy</value></Data>
          </ExtendedData>
          <Point><coordinates>102.432274000,2.947916000,0</coordinates></Point>
        </Placemark>

        <Placemark>
          <name>2123</name>
          <styleUrl>#style_Healthy</styleUrl>
          <ExtendedData>
            <Data name="id"><value>2123</value></Data>
            <Data name="Class"><value>Healthy</value></Data>
          </ExtendedData>
          <Point><coordinates>102.432431000,2.948052000,0</coordinates></Point>
        </Placemark>

        <Placemark>
          <name>2124</name>
          <styleUrl>#style_Healthy</styleUrl>
          <ExtendedData>
            <Data name="id"><value>2124</value></Data>
            <Data name="Class"><value>Healthy</value></Data>
          </ExtendedData>
          <Point><coordinates>102.432344000,2.948732000,0</coordinates></Point>
        </Placemark>

        <Placemark>
          <name>2125</name>
          <styleUrl>#style_Healthy</styleUrl>
          <ExtendedData>
            <Data name="id"><value>2125</value></Data>
            <Data name="Class"><value>Healthy</value></Data>
          </ExtendedData>
          <Point><coordinates>102.432040000,2.947502000,0</coordinates></Point>
        </Placemark>

        <Placemark>
          <name>2126</name>
          <styleUrl>#style_Healthy</styleUrl>
          <ExtendedData>
            <Data name="id"><value>2126</value></Data>
            <Data name="Class"><value>Healthy</value></Data>
          </ExtendedData>
          <Point><coordinates>102.432113000,2.947504000,0</coordinates></Point>
        </Placemark>

        <Placemark>
          <name>2127</name>
          <styleUrl>#style_Healthy</styleUrl>
          <ExtendedData>
            <Data name="id"><value>2127</value></Data>
            <Data name="Class"><value>Healthy</value></Data>
          </ExtendedData>
          <Point><coordinates>102.440114000,2.948573000,0</coordinates></Point>
        </Placemark>

        <Placemark>
          <name>2128</name>
          <styleUrl>#style_Healthy</styleUrl>
          <ExtendedData>
            <Data name="id"><value>2128</value></Data>
            <Data name="Class"><value>Healthy</value></Data>
          </ExtendedData>
          <Point><coordinates>102.435987000,2.945765000,0</coordinates></Point>
        </Placemark>

        <Placemark>
          <name>2129</name>
          <styleUrl>#style_Healthy</styleUrl>
          <ExtendedData>
            <Data name="id"><value>2129</value></Data>
            <Data name="Class"><value>Healthy</value></Data>
          </ExtendedData>
          <Point><coordinates>102.432162000,2.947570000,0</coordinates></Point>
        </Placemark>

        <Placemark>
          <name>2130</name>
          <styleUrl>#style_Healthy</styleUrl>
          <ExtendedData>
            <Data name="id"><value>2130</value></Data>
            <Data name="Class"><value>Healthy</value></Data>
          </ExtendedData>
          <Point><coordinates>102.438637000,2.947040000,0</coordinates></Point>
        </Placemark>

        <Placemark>
          <name>2131</name>
          <styleUrl>#style_Healthy</styleUrl>
          <ExtendedData>
            <Data name="id"><value>2131</value></Data>
            <Data name="Class"><value>Healthy</value></Data>
          </ExtendedData>
          <Point><coordinates>102.431799000,2.947093000,0</coordinates></Point>
        </Placemark>

        <Placemark>
          <name>2132</name>
          <styleUrl>#style_Healthy</styleUrl>
          <ExtendedData>
            <Data name="id"><value>2132</value></Data>
            <Data name="Class"><value>Healthy</value></Data>
          </ExtendedData>
          <Point><coordinates>102.435908000,2.945904000,0</coordinates></Point>
        </Placemark>

        <Placemark>
          <name>2133</name>
          <styleUrl>#style_Healthy</styleUrl>
          <ExtendedData>
            <Data name="id"><value>2133</value></Data>
            <Data name="Class"><value>Healthy</value></Data>
          </ExtendedData>
          <Point><coordinates>102.436147000,2.945907000,0</coordinates></Point>
        </Placemark>

        <Placemark>
          <name>2134</name>
          <styleUrl>#style_Healthy</styleUrl>
          <ExtendedData>
            <Data name="id"><value>2134</value></Data>
            <Data name="Class"><value>Healthy</value></Data>
          </ExtendedData>
          <Point><coordinates>102.435943000,2.946246000,0</coordinates></Point>
        </Placemark>

        <Placemark>
          <name>2135</name>
          <styleUrl>#style_Healthy</styleUrl>
          <ExtendedData>
            <Data name="id"><value>2135</value></Data>
            <Data name="Class"><value>Healthy</value></Data>
          </ExtendedData>
          <Point><coordinates>102.435562000,2.945288000,0</coordinates></Point>
        </Placemark>

        <Placemark>
          <name>2136</name>
          <styleUrl>#style_Healthy</styleUrl>
          <ExtendedData>
            <Data name="id"><value>2136</value></Data>
            <Data name="Class"><value>Healthy</value></Data>
          </ExtendedData>
          <Point><coordinates>102.439918000,2.948359000,0</coordinates></Point>
        </Placemark>

        <Placemark>
          <name>2137</name>
          <styleUrl>#style_Healthy</styleUrl>
          <ExtendedData>
            <Data name="id"><value>2137</value></Data>
            <Data name="Class"><value>Healthy</value></Data>
          </ExtendedData>
          <Point><coordinates>102.435524000,2.945072000,0</coordinates></Point>
        </Placemark>

        <Placemark>
          <name>2138</name>
          <styleUrl>#style_Healthy</styleUrl>
          <ExtendedData>
            <Data name="id"><value>2138</value></Data>
            <Data name="Class"><value>Healthy</value></Data>
          </ExtendedData>
          <Point><coordinates>102.436060000,2.946731000,0</coordinates></Point>
        </Placemark>

        <Placemark>
          <name>2139</name>
          <styleUrl>#style_Healthy</styleUrl>
          <ExtendedData>
            <Data name="id"><value>2139</value></Data>
            <Data name="Class"><value>Healthy</value></Data>
          </ExtendedData>
          <Point><coordinates>102.431961000,2.947092000,0</coordinates></Point>
        </Placemark>

        <Placemark>
          <name>2140</name>
          <styleUrl>#style_Healthy</styleUrl>
          <ExtendedData>
            <Data name="id"><value>2140</value></Data>
            <Data name="Class"><value>Healthy</value></Data>
          </ExtendedData>
          <Point><coordinates>102.438412000,2.946902000,0</coordinates></Point>
        </Placemark>

        <Placemark>
          <name>2141</name>
          <styleUrl>#style_Healthy</styleUrl>
          <ExtendedData>
            <Data name="id"><value>2141</value></Data>
            <Data name="Class"><value>Healthy</value></Data>
          </ExtendedData>
          <Point><coordinates>102.438104000,2.946074000,0</coordinates></Point>
        </Placemark>

        <Placemark>
          <name>2142</name>
          <styleUrl>#style_Healthy</styleUrl>
          <ExtendedData>
            <Data name="id"><value>2142</value></Data>
            <Data name="Class"><value>Healthy</value></Data>
          </ExtendedData>
          <Point><coordinates>102.432302000,2.948939000,0</coordinates></Point>
        </Placemark>

        <Placemark>
          <name>2143</name>
          <styleUrl>#style_Healthy</styleUrl>
          <ExtendedData>
            <Data name="id"><value>2143</value></Data>
            <Data name="Class"><value>Healthy</value></Data>
          </ExtendedData>
          <Point><coordinates>102.435638000,2.945149000,0</coordinates></Point>
        </Placemark>

        <Placemark>
          <name>2144</name>
          <styleUrl>#style_Healthy</styleUrl>
          <ExtendedData>
            <Data name="id"><value>2144</value></Data>
            <Data name="Class"><value>Healthy</value></Data>
          </ExtendedData>
          <Point><coordinates>102.431877000,2.947097000,0</coordinates></Point>
        </Placemark>

        <Placemark>
          <name>2145</name>
          <styleUrl>#style_Healthy</styleUrl>
          <ExtendedData>
            <Data name="id"><value>2145</value></Data>
            <Data name="Class"><value>Healthy</value></Data>
          </ExtendedData>
          <Point><coordinates>102.431998000,2.947299000,0</coordinates></Point>
        </Placemark>

        <Placemark>
          <name>2146</name>
          <styleUrl>#style_Healthy</styleUrl>
          <ExtendedData>
            <Data name="id"><value>2146</value></Data>
            <Data name="Class"><value>Healthy</value></Data>
          </ExtendedData>
          <Point><coordinates>102.438141000,2.946278000,0</coordinates></Point>
        </Placemark>

        <Placemark>
          <name>2147</name>
          <styleUrl>#style_Healthy</styleUrl>
          <ExtendedData>
            <Data name="id"><value>2147</value></Data>
            <Data name="Class"><value>Healthy</value></Data>
          </ExtendedData>
          <Point><coordinates>102.435721000,2.945564000,0</coordinates></Point>
        </Placemark>

        <Placemark>
          <name>2148</name>
          <styleUrl>#style_Healthy</styleUrl>
          <ExtendedData>
            <Data name="id"><value>2148</value></Data>
            <Data name="Class"><value>Healthy</value></Data>
          </ExtendedData>
          <Point><coordinates>102.432075000,2.947434000,0</coordinates></Point>
        </Placemark>

        <Placemark>
          <name>2149</name>
          <styleUrl>#style_Healthy</styleUrl>
          <ExtendedData>
            <Data name="id"><value>2149</value></Data>
            <Data name="Class"><value>Healthy</value></Data>
          </ExtendedData>
          <Point><coordinates>102.431959000,2.947369000,0</coordinates></Point>
        </Placemark>

        <Placemark>
          <name>2150</name>
          <styleUrl>#style_Healthy</styleUrl>
          <ExtendedData>
            <Data name="id"><value>2150</value></Data>
            <Data name="Class"><value>Healthy</value></Data>
          </ExtendedData>
          <Point><coordinates>102.431880000,2.947234000,0</coordinates></Point>
        </Placemark>

        <Placemark>
          <name>2151</name>
          <styleUrl>#style_Healthy</styleUrl>
          <ExtendedData>
            <Data name="id"><value>2151</value></Data>
            <Data name="Class"><value>Healthy</value></Data>
          </ExtendedData>
          <Point><coordinates>102.435914000,2.945486000,0</coordinates></Point>
        </Placemark>

        <Placemark>
          <name>2152</name>
          <styleUrl>#style_Healthy</styleUrl>
          <ExtendedData>
            <Data name="id"><value>2152</value></Data>
            <Data name="Class"><value>Healthy</value></Data>
          </ExtendedData>
          <Point><coordinates>102.432390000,2.947985000,0</coordinates></Point>
        </Placemark>

        <Placemark>
          <name>2153</name>
          <styleUrl>#style_Healthy</styleUrl>
          <ExtendedData>
            <Data name="id"><value>2153</value></Data>
            <Data name="Class"><value>Healthy</value></Data>
          </ExtendedData>
          <Point><coordinates>102.435797000,2.945288000,0</coordinates></Point>
        </Placemark>

        <Placemark>
          <name>2154</name>
          <styleUrl>#style_Healthy</styleUrl>
          <ExtendedData>
            <Data name="id"><value>2154</value></Data>
            <Data name="Class"><value>Healthy</value></Data>
          </ExtendedData>
          <Point><coordinates>102.438179000,2.946347000,0</coordinates></Point>
        </Placemark>

        <Placemark>
          <name>2155</name>
          <styleUrl>#style_Healthy</styleUrl>
          <ExtendedData>
            <Data name="id"><value>2155</value></Data>
            <Data name="Class"><value>Healthy</value></Data>
          </ExtendedData>
          <Point><coordinates>102.435565000,2.945142000,0</coordinates></Point>
        </Placemark>

        <Placemark>
          <name>2156</name>
          <styleUrl>#style_Healthy</styleUrl>
          <ExtendedData>
            <Data name="id"><value>2156</value></Data>
            <Data name="Class"><value>Healthy</value></Data>
          </ExtendedData>
          <Point><coordinates>102.432578000,2.949146000,0</coordinates></Point>
        </Placemark>

        <Placemark>
          <name>2157</name>
          <styleUrl>#style_Healthy</styleUrl>
          <ExtendedData>
            <Data name="id"><value>2157</value></Data>
            <Data name="Class"><value>Healthy</value></Data>
          </ExtendedData>
          <Point><coordinates>102.432273000,2.947780000,0</coordinates></Point>
        </Placemark>

        <Placemark>
          <name>2158</name>
          <styleUrl>#style_Healthy</styleUrl>
          <ExtendedData>
            <Data name="id"><value>2158</value></Data>
            <Data name="Class"><value>Healthy</value></Data>
          </ExtendedData>
          <Point><coordinates>102.432001000,2.947163000,0</coordinates></Point>
        </Placemark>

        <Placemark>
          <name>2159</name>
          <styleUrl>#style_Healthy</styleUrl>
          <ExtendedData>
            <Data name="id"><value>2159</value></Data>
            <Data name="Class"><value>Healthy</value></Data>
          </ExtendedData>
          <Point><coordinates>102.432234000,2.948395000,0</coordinates></Point>
        </Placemark>

        <Placemark>
          <name>2160</name>
          <styleUrl>#style_Healthy</styleUrl>
          <ExtendedData>
            <Data name="id"><value>2160</value></Data>
            <Data name="Class"><value>Healthy</value></Data>
          </ExtendedData>
          <Point><coordinates>102.435482000,2.945140000,0</coordinates></Point>
        </Placemark>

        <Placemark>
          <name>2161</name>
          <styleUrl>#style_Healthy</styleUrl>
          <ExtendedData>
            <Data name="id"><value>2161</value></Data>
            <Data name="Class"><value>Healthy</value></Data>
          </ExtendedData>
          <Point><coordinates>102.435641000,2.945287000,0</coordinates></Point>
        </Placemark>

        <Placemark>
          <name>2162</name>
          <styleUrl>#style_Healthy</styleUrl>
          <ExtendedData>
            <Data name="id"><value>2162</value></Data>
            <Data name="Class"><value>Healthy</value></Data>
          </ExtendedData>
          <Point><coordinates>102.432354000,2.947916000,0</coordinates></Point>
        </Placemark>

        <Placemark>
          <name>2163</name>
          <styleUrl>#style_Healthy</styleUrl>
          <ExtendedData>
            <Data name="id"><value>2163</value></Data>
            <Data name="Class"><value>Healthy</value></Data>
          </ExtendedData>
          <Point><coordinates>102.435794000,2.945694000,0</coordinates></Point>
        </Placemark>

        <Placemark>
          <name>2164</name>
          <styleUrl>#style_Healthy</styleUrl>
          <ExtendedData>
            <Data name="id"><value>2164</value></Data>
            <Data name="Class"><value>Healthy</value></Data>
          </ExtendedData>
          <Point><coordinates>102.435907000,2.946179000,0</coordinates></Point>
        </Placemark>

        <Placemark>
          <name>2165</name>
          <styleUrl>#style_Healthy</styleUrl>
          <ExtendedData>
            <Data name="id"><value>2165</value></Data>
            <Data name="Class"><value>Healthy</value></Data>
          </ExtendedData>
          <Point><coordinates>102.436028000,2.945837000,0</coordinates></Point>
        </Placemark>

        <Placemark>
          <name>2166</name>
          <styleUrl>#style_Healthy</styleUrl>
          <ExtendedData>
            <Data name="id"><value>2166</value></Data>
            <Data name="Class"><value>Healthy</value></Data>
          </ExtendedData>
          <Point><coordinates>102.432549000,2.948122000,0</coordinates></Point>
        </Placemark>

        <Placemark>
          <name>2167</name>
          <styleUrl>#style_Healthy</styleUrl>
          <ExtendedData>
            <Data name="id"><value>2167</value></Data>
            <Data name="Class"><value>Healthy</value></Data>
          </ExtendedData>
          <Point><coordinates>102.438215000,2.946414000,0</coordinates></Point>
        </Placemark>

        <Placemark>
          <name>2168</name>
          <styleUrl>#style_Healthy</styleUrl>
          <ExtendedData>
            <Data name="id"><value>2168</value></Data>
            <Data name="Class"><value>Healthy</value></Data>
          </ExtendedData>
          <Point><coordinates>102.435718000,2.945290000,0</coordinates></Point>
        </Placemark>

        <Placemark>
          <name>2169</name>
          <styleUrl>#style_Healthy</styleUrl>
          <ExtendedData>
            <Data name="id"><value>2169</value></Data>
            <Data name="Class"><value>Healthy</value></Data>
          </ExtendedData>
          <Point><coordinates>102.432626000,2.948125000,0</coordinates></Point>
        </Placemark>

        <Placemark>
          <name>2170</name>
          <styleUrl>#style_Healthy</styleUrl>
          <ExtendedData>
            <Data name="id"><value>2170</value></Data>
            <Data name="Class"><value>Healthy</value></Data>
          </ExtendedData>
          <Point><coordinates>102.431919000,2.947163000,0</coordinates></Point>
        </Placemark>

        <Placemark>
          <name>2172</name>
          <styleUrl>#style_Healthy</styleUrl>
          <ExtendedData>
            <Data name="id"><value>2172</value></Data>
            <Data name="Class"><value>Healthy</value></Data>
          </ExtendedData>
          <Point><coordinates>102.432540000,2.949217000,0</coordinates></Point>
        </Placemark>

        <Placemark>
          <name>2173</name>
          <styleUrl>#style_Healthy</styleUrl>
          <ExtendedData>
            <Data name="id"><value>2173</value></Data>
            <Data name="Class"><value>Healthy</value></Data>
          </ExtendedData>
          <Point><coordinates>102.432119000,2.947367000,0</coordinates></Point>
        </Placemark>

        <Placemark>
          <name>2174</name>
          <styleUrl>#style_Healthy</styleUrl>
          <ExtendedData>
            <Data name="id"><value>2174</value></Data>
            <Data name="Class"><value>Healthy</value></Data>
          </ExtendedData>
          <Point><coordinates>102.435758000,2.945357000,0</coordinates></Point>
        </Placemark>

        <Placemark>
          <name>2175</name>
          <styleUrl>#style_Healthy</styleUrl>
          <ExtendedData>
            <Data name="id"><value>2175</value></Data>
            <Data name="Class"><value>Healthy</value></Data>
          </ExtendedData>
          <Point><coordinates>102.436021000,2.946656000,0</coordinates></Point>
        </Placemark>

        <Placemark>
          <name>2176</name>
          <styleUrl>#style_Healthy</styleUrl>
          <ExtendedData>
            <Data name="id"><value>2176</value></Data>
            <Data name="Class"><value>Healthy</value></Data>
          </ExtendedData>
          <Point><coordinates>102.432586000,2.949014000,0</coordinates></Point>
        </Placemark>

        <Placemark>
          <name>2177</name>
          <styleUrl>#style_Healthy</styleUrl>
          <ExtendedData>
            <Data name="id"><value>2177</value></Data>
            <Data name="Class"><value>Healthy</value></Data>
          </ExtendedData>
          <Point><coordinates>102.439730000,2.948296000,0</coordinates></Point>
        </Placemark>

        <Placemark>
          <name>2178</name>
          <styleUrl>#style_Healthy</styleUrl>
          <ExtendedData>
            <Data name="id"><value>2178</value></Data>
            <Data name="Class"><value>Healthy</value></Data>
          </ExtendedData>
          <Point><coordinates>102.435951000,2.945974000,0</coordinates></Point>
        </Placemark>

        <Placemark>
          <name>2179</name>
          <styleUrl>#style_Healthy</styleUrl>
          <ExtendedData>
            <Data name="id"><value>2179</value></Data>
            <Data name="Class"><value>Healthy</value></Data>
          </ExtendedData>
          <Point><coordinates>102.432113000,2.948179000,0</coordinates></Point>
        </Placemark>

        <Placemark>
          <name>2180</name>
          <styleUrl>#style_Healthy</styleUrl>
          <ExtendedData>
            <Data name="id"><value>2180</value></Data>
            <Data name="Class"><value>Healthy</value></Data>
          </ExtendedData>
          <Point><coordinates>102.435982000,2.946726000,0</coordinates></Point>
        </Placemark>

        <Placemark>
          <name>2181</name>
          <styleUrl>#style_Healthy</styleUrl>
          <ExtendedData>
            <Data name="id"><value>2181</value></Data>
            <Data name="Class"><value>Healthy</value></Data>
          </ExtendedData>
          <Point><coordinates>102.438568000,2.946765000,0</coordinates></Point>
        </Placemark>

        <Placemark>
          <name>2182</name>
          <styleUrl>#style_Healthy</styleUrl>
          <ExtendedData>
            <Data name="id"><value>2182</value></Data>
            <Data name="Class"><value>Healthy</value></Data>
          </ExtendedData>
          <Point><coordinates>102.438525000,2.946832000,0</coordinates></Point>
        </Placemark>

        <Placemark>
          <name>2183</name>
          <styleUrl>#style_Healthy</styleUrl>
          <ExtendedData>
            <Data name="id"><value>2183</value></Data>
            <Data name="Class"><value>Healthy</value></Data>
          </ExtendedData>
          <Point><coordinates>102.435909000,2.945764000,0</coordinates></Point>
        </Placemark>

        <Placemark>
          <name>2184</name>
          <styleUrl>#style_Healthy</styleUrl>
          <ExtendedData>
            <Data name="id"><value>2184</value></Data>
            <Data name="Class"><value>Healthy</value></Data>
          </ExtendedData>
          <Point><coordinates>102.440087000,2.948498000,0</coordinates></Point>
        </Placemark>

        <Placemark>
          <name>2185</name>
          <styleUrl>#style_Healthy</styleUrl>
          <ExtendedData>
            <Data name="id"><value>2185</value></Data>
            <Data name="Class"><value>Healthy</value></Data>
          </ExtendedData>
          <Point><coordinates>102.438488000,2.947030000,0</coordinates></Point>
        </Placemark>

        <Placemark>
          <name>2186</name>
          <styleUrl>#style_Healthy</styleUrl>
          <ExtendedData>
            <Data name="id"><value>2186</value></Data>
            <Data name="Class"><value>Healthy</value></Data>
          </ExtendedData>
          <Point><coordinates>102.432149000,2.948251000,0</coordinates></Point>
        </Placemark>

        <Placemark>
          <name>2187</name>
          <styleUrl>#style_Healthy</styleUrl>
          <ExtendedData>
            <Data name="id"><value>2187</value></Data>
            <Data name="Class"><value>Healthy</value></Data>
          </ExtendedData>
          <Point><coordinates>102.432228000,2.948529000,0</coordinates></Point>
        </Placemark>

        <Placemark>
          <name>2188</name>
          <styleUrl>#style_Healthy</styleUrl>
          <ExtendedData>
            <Data name="id"><value>2188</value></Data>
            <Data name="Class"><value>Healthy</value></Data>
          </ExtendedData>
          <Point><coordinates>102.438373000,2.946422000,0</coordinates></Point>
        </Placemark>

        <Placemark>
          <name>2189</name>
          <styleUrl>#style_Healthy</styleUrl>
          <ExtendedData>
            <Data name="id"><value>2189</value></Data>
            <Data name="Class"><value>Healthy</value></Data>
          </ExtendedData>
          <Point><coordinates>102.432077000,2.947169000,0</coordinates></Point>
        </Placemark>

        <Placemark>
          <name>2190</name>
          <styleUrl>#style_Healthy</styleUrl>
          <ExtendedData>
            <Data name="id"><value>2190</value></Data>
            <Data name="Class"><value>Healthy</value></Data>
          </ExtendedData>
          <Point><coordinates>102.435761000,2.945215000,0</coordinates></Point>
        </Placemark>

        <Placemark>
          <name>2191</name>
          <styleUrl>#style_Healthy</styleUrl>
          <ExtendedData>
            <Data name="id"><value>2191</value></Data>
            <Data name="Class"><value>Healthy</value></Data>
          </ExtendedData>
          <Point><coordinates>102.435915000,2.945630000,0</coordinates></Point>
        </Placemark>

        <Placemark>
          <name>2192</name>
          <styleUrl>#style_Healthy</styleUrl>
          <ExtendedData>
            <Data name="id"><value>2192</value></Data>
            <Data name="Class"><value>Healthy</value></Data>
          </ExtendedData>
          <Point><coordinates>102.438408000,2.946483000,0</coordinates></Point>
        </Placemark>

        <Placemark>
          <name>2193</name>
          <styleUrl>#style_Healthy</styleUrl>
          <ExtendedData>
            <Data name="id"><value>2193</value></Data>
            <Data name="Class"><value>Healthy</value></Data>
          </ExtendedData>
          <Point><coordinates>102.438368000,2.946555000,0</coordinates></Point>
        </Placemark>

        <Placemark>
          <name>2194</name>
          <styleUrl>#style_Healthy</styleUrl>
          <ExtendedData>
            <Data name="id"><value>2194</value></Data>
            <Data name="Class"><value>Healthy</value></Data>
          </ExtendedData>
          <Point><coordinates>102.431957000,2.947232000,0</coordinates></Point>
        </Placemark>

        <Placemark>
          <name>2195</name>
          <styleUrl>#style_Healthy</styleUrl>
          <ExtendedData>
            <Data name="id"><value>2195</value></Data>
            <Data name="Class"><value>Healthy</value></Data>
          </ExtendedData>
          <Point><coordinates>102.440044000,2.948432000,0</coordinates></Point>
        </Placemark>

        <Placemark>
          <name>2196</name>
          <styleUrl>#style_Healthy</styleUrl>
          <ExtendedData>
            <Data name="id"><value>2196</value></Data>
            <Data name="Class"><value>Healthy</value></Data>
          </ExtendedData>
          <Point><coordinates>102.438292000,2.946558000,0</coordinates></Point>
        </Placemark>

        <Placemark>
          <name>2197</name>
          <styleUrl>#style_Healthy</styleUrl>
          <ExtendedData>
            <Data name="id"><value>2197</value></Data>
            <Data name="Class"><value>Healthy</value></Data>
          </ExtendedData>
          <Point><coordinates>102.432618000,2.949218000,0</coordinates></Point>
        </Placemark>

        <Placemark>
          <name>2198</name>
          <styleUrl>#style_Healthy</styleUrl>
          <ExtendedData>
            <Data name="id"><value>2198</value></Data>
            <Data name="Class"><value>Healthy</value></Data>
          </ExtendedData>
          <Point><coordinates>102.432462000,2.949080000,0</coordinates></Point>
        </Placemark>

        <Placemark>
          <name>2200</name>
          <styleUrl>#style_Healthy</styleUrl>
          <ExtendedData>
            <Data name="id"><value>2200</value></Data>
            <Data name="Class"><value>Healthy</value></Data>
          </ExtendedData>
          <Point><coordinates>102.435948000,2.945560000,0</coordinates></Point>
        </Placemark>

        <Placemark>
          <name>2201</name>
          <styleUrl>#style_Healthy</styleUrl>
          <ExtendedData>
            <Data name="id"><value>2201</value></Data>
            <Data name="Class"><value>Healthy</value></Data>
          </ExtendedData>
          <Point><coordinates>102.436099000,2.946661000,0</coordinates></Point>
        </Placemark>

        <Placemark>
          <name>2202</name>
          <styleUrl>#style_Healthy</styleUrl>
          <ExtendedData>
            <Data name="id"><value>2202</value></Data>
            <Data name="Class"><value>Healthy</value></Data>
          </ExtendedData>
          <Point><coordinates>102.438409000,2.946758000,0</coordinates></Point>
        </Placemark>

        <Placemark>
          <name>2203</name>
          <styleUrl>#style_Healthy</styleUrl>
          <ExtendedData>
            <Data name="id"><value>2203</value></Data>
            <Data name="Class"><value>Healthy</value></Data>
          </ExtendedData>
          <Point><coordinates>102.432147000,2.948533000,0</coordinates></Point>
        </Placemark>

        <Placemark>
          <name>2204</name>
          <styleUrl>#style_Healthy</styleUrl>
          <ExtendedData>
            <Data name="id"><value>2204</value></Data>
            <Data name="Class"><value>Healthy</value></Data>
          </ExtendedData>
          <Point><coordinates>102.436072000,2.945768000,0</coordinates></Point>
        </Placemark>

        <Placemark>
          <name>2207</name>
          <styleUrl>#style_Healthy</styleUrl>
          <ExtendedData>
            <Data name="id"><value>2207</value></Data>
            <Data name="Class"><value>Healthy</value></Data>
          </ExtendedData>
          <Point><coordinates>102.438484000,2.946905000,0</coordinates></Point>
        </Placemark>

        <Placemark>
          <name>2208</name>
          <styleUrl>#style_Healthy</styleUrl>
          <ExtendedData>
            <Data name="id"><value>2208</value></Data>
            <Data name="Class"><value>Healthy</value></Data>
          </ExtendedData>
          <Point><coordinates>102.439966000,2.948428000,0</coordinates></Point>
        </Placemark>

        <Placemark>
          <name>2209</name>
          <styleUrl>#style_Healthy</styleUrl>
          <ExtendedData>
            <Data name="id"><value>2209</value></Data>
            <Data name="Class"><value>Healthy</value></Data>
          </ExtendedData>
          <Point><coordinates>102.438371000,2.946686000,0</coordinates></Point>
        </Placemark>

        <Placemark>
          <name>2210</name>
          <styleUrl>#style_Healthy</styleUrl>
          <ExtendedData>
            <Data name="id"><value>2210</value></Data>
            <Data name="Class"><value>Healthy</value></Data>
          </ExtendedData>
          <Point><coordinates>102.440006000,2.948362000,0</coordinates></Point>
        </Placemark>

        <Placemark>
          <name>2211</name>
          <styleUrl>#style_Healthy</styleUrl>
          <ExtendedData>
            <Data name="id"><value>2211</value></Data>
            <Data name="Class"><value>Healthy</value></Data>
          </ExtendedData>
          <Point><coordinates>102.438608000,2.946837000,0</coordinates></Point>
        </Placemark>

        <Placemark>
          <name>2212</name>
          <styleUrl>#style_Healthy</styleUrl>
          <ExtendedData>
            <Data name="id"><value>2212</value></Data>
            <Data name="Class"><value>Healthy</value></Data>
          </ExtendedData>
          <Point><coordinates>102.435599000,2.944942000,0</coordinates></Point>
        </Placemark>

        <Placemark>
          <name>2213</name>
          <styleUrl>#style_Healthy</styleUrl>
          <ExtendedData>
            <Data name="id"><value>2213</value></Data>
            <Data name="Class"><value>Healthy</value></Data>
          </ExtendedData>
          <Point><coordinates>102.439893000,2.948296000,0</coordinates></Point>
        </Placemark>

        <Placemark>
          <name>2214</name>
          <styleUrl>#style_Healthy</styleUrl>
          <ExtendedData>
            <Data name="id"><value>2214</value></Data>
            <Data name="Class"><value>Healthy</value></Data>
          </ExtendedData>
          <Point><coordinates>102.438644000,2.946904000,0</coordinates></Point>
        </Placemark>

        <Placemark>
          <name>2215</name>
          <styleUrl>#style_Healthy</styleUrl>
          <ExtendedData>
            <Data name="id"><value>2215</value></Data>
            <Data name="Class"><value>Healthy</value></Data>
          </ExtendedData>
          <Point><coordinates>102.435950000,2.945696000,0</coordinates></Point>
        </Placemark>

        <Placemark>
          <name>2216</name>
          <styleUrl>#style_Healthy</styleUrl>
          <ExtendedData>
            <Data name="id"><value>2216</value></Data>
            <Data name="Class"><value>Healthy</value></Data>
          </ExtendedData>
          <Point><coordinates>102.438444000,2.946829000,0</coordinates></Point>
        </Placemark>

        <Placemark>
          <name>2217</name>
          <styleUrl>#style_Healthy</styleUrl>
          <ExtendedData>
            <Data name="id"><value>2217</value></Data>
            <Data name="Class"><value>Healthy</value></Data>
          </ExtendedData>
          <Point><coordinates>102.432468000,2.948124000,0</coordinates></Point>
        </Placemark>

        <Placemark>
          <name>2218</name>
          <styleUrl>#style_Healthy</styleUrl>
          <ExtendedData>
            <Data name="id"><value>2218</value></Data>
            <Data name="Class"><value>Healthy</value></Data>
          </ExtendedData>
          <Point><coordinates>102.435758000,2.945626000,0</coordinates></Point>
        </Placemark>

        <Placemark>
          <name>2219</name>
          <styleUrl>#style_Healthy</styleUrl>
          <ExtendedData>
            <Data name="id"><value>2219</value></Data>
            <Data name="Class"><value>Healthy</value></Data>
          </ExtendedData>
          <Point><coordinates>102.438682000,2.947108000,0</coordinates></Point>
        </Placemark>

        <Placemark>
          <name>2220</name>
          <styleUrl>#style_Healthy</styleUrl>
          <ExtendedData>
            <Data name="id"><value>2220</value></Data>
            <Data name="Class"><value>Healthy</value></Data>
          </ExtendedData>
          <Point><coordinates>102.435606000,2.945079000,0</coordinates></Point>
        </Placemark>

        <Placemark>
          <name>2222</name>
          <styleUrl>#style_Healthy</styleUrl>
          <ExtendedData>
            <Data name="id"><value>2222</value></Data>
            <Data name="Class"><value>Healthy</value></Data>
          </ExtendedData>
          <Point><coordinates>102.435605000,2.945351000,0</coordinates></Point>
        </Placemark>

        <Placemark>
          <name>2223</name>
          <styleUrl>#style_Healthy</styleUrl>
          <ExtendedData>
            <Data name="id"><value>2223</value></Data>
            <Data name="Class"><value>Healthy</value></Data>
          </ExtendedData>
          <Point><coordinates>102.438515000,2.946968000,0</coordinates></Point>
        </Placemark>

        <Placemark>
          <name>2225</name>
          <styleUrl>#style_Healthy</styleUrl>
          <ExtendedData>
            <Data name="id"><value>2225</value></Data>
            <Data name="Class"><value>Healthy</value></Data>
          </ExtendedData>
          <Point><coordinates>102.432311000,2.947983000,0</coordinates></Point>
        </Placemark>

        <Placemark>
          <name>2226</name>
          <styleUrl>#style_Healthy</styleUrl>
          <ExtendedData>
            <Data name="id"><value>2226</value></Data>
            <Data name="Class"><value>Healthy</value></Data>
          </ExtendedData>
          <Point><coordinates>102.432115000,2.947238000,0</coordinates></Point>
        </Placemark>

        <Placemark>
          <name>2227</name>
          <styleUrl>#style_Healthy</styleUrl>
          <ExtendedData>
            <Data name="id"><value>2227</value></Data>
            <Data name="Class"><value>Healthy</value></Data>
          </ExtendedData>
          <Point><coordinates>102.432043000,2.947099000,0</coordinates></Point>
        </Placemark>

        <Placemark>
          <name>2228</name>
          <styleUrl>#style_Healthy</styleUrl>
          <ExtendedData>
            <Data name="id"><value>2228</value></Data>
            <Data name="Class"><value>Healthy</value></Data>
          </ExtendedData>
          <Point><coordinates>102.431920000,2.947304000,0</coordinates></Point>
        </Placemark>

        <Placemark>
          <name>2229</name>
          <styleUrl>#style_Healthy</styleUrl>
          <ExtendedData>
            <Data name="id"><value>2229</value></Data>
            <Data name="Class"><value>Healthy</value></Data>
          </ExtendedData>
          <Point><coordinates>102.432304000,2.948542000,0</coordinates></Point>
        </Placemark>

        <Placemark>
          <name>2230</name>
          <styleUrl>#style_Healthy</styleUrl>
          <ExtendedData>
            <Data name="id"><value>2230</value></Data>
            <Data name="Class"><value>Healthy</value></Data>
          </ExtendedData>
          <Point><coordinates>102.439849000,2.948366000,0</coordinates></Point>
        </Placemark>

        <Placemark>
          <name>2231</name>
          <styleUrl>#style_Healthy</styleUrl>
          <ExtendedData>
            <Data name="id"><value>2231</value></Data>
            <Data name="Class"><value>Healthy</value></Data>
          </ExtendedData>
          <Point><coordinates>102.438487000,2.946764000,0</coordinates></Point>
        </Placemark>

        <Placemark>
          <name>2232</name>
          <styleUrl>#style_Healthy</styleUrl>
          <ExtendedData>
            <Data name="id"><value>2232</value></Data>
            <Data name="Class"><value>Healthy</value></Data>
          </ExtendedData>
          <Point><coordinates>102.436385000,2.949258000,0</coordinates></Point>
        </Placemark>

        <Placemark>
          <name>2233</name>
          <styleUrl>#style_Healthy</styleUrl>
          <ExtendedData>
            <Data name="id"><value>2233</value></Data>
            <Data name="Class"><value>Healthy</value></Data>
          </ExtendedData>
          <Point><coordinates>102.433095000,2.948406000,0</coordinates></Point>
        </Placemark>

        <Placemark>
          <name>2234</name>
          <styleUrl>#style_Healthy</styleUrl>
          <ExtendedData>
            <Data name="id"><value>2234</value></Data>
            <Data name="Class"><value>Healthy</value></Data>
          </ExtendedData>
          <Point><coordinates>102.436043000,2.948498000,0</coordinates></Point>
        </Placemark>

        <Placemark>
          <name>2235</name>
          <styleUrl>#style_Healthy</styleUrl>
          <ExtendedData>
            <Data name="id"><value>2235</value></Data>
            <Data name="Class"><value>Healthy</value></Data>
          </ExtendedData>
          <Point><coordinates>102.433554000,2.949221000,0</coordinates></Point>
        </Placemark>

        <Placemark>
          <name>2236</name>
          <styleUrl>#style_Healthy</styleUrl>
          <ExtendedData>
            <Data name="id"><value>2236</value></Data>
            <Data name="Class"><value>Healthy</value></Data>
          </ExtendedData>
          <Point><coordinates>102.433482000,2.949228000,0</coordinates></Point>
        </Placemark>

        <Placemark>
          <name>2237</name>
          <styleUrl>#style_Healthy</styleUrl>
          <ExtendedData>
            <Data name="id"><value>2237</value></Data>
            <Data name="Class"><value>Healthy</value></Data>
          </ExtendedData>
          <Point><coordinates>102.437491000,2.947498000,0</coordinates></Point>
        </Placemark>

        <Placemark>
          <name>2238</name>
          <styleUrl>#style_Healthy</styleUrl>
          <ExtendedData>
            <Data name="id"><value>2238</value></Data>
            <Data name="Class"><value>Healthy</value></Data>
          </ExtendedData>
          <Point><coordinates>102.436977000,2.945176000,0</coordinates></Point>
        </Placemark>

        <Placemark>
          <name>2239</name>
          <styleUrl>#style_Healthy</styleUrl>
          <ExtendedData>
            <Data name="id"><value>2239</value></Data>
            <Data name="Class"><value>Healthy</value></Data>
          </ExtendedData>
          <Point><coordinates>102.437425000,2.947496000,0</coordinates></Point>
        </Placemark>

        <Placemark>
          <name>2240</name>
          <styleUrl>#style_Healthy</styleUrl>
          <ExtendedData>
            <Data name="id"><value>2240</value></Data>
            <Data name="Class"><value>Healthy</value></Data>
          </ExtendedData>
          <Point><coordinates>102.436469000,2.949255000,0</coordinates></Point>
        </Placemark>

        <Placemark>
          <name>2241</name>
          <styleUrl>#style_Healthy</styleUrl>
          <ExtendedData>
            <Data name="id"><value>2241</value></Data>
            <Data name="Class"><value>Healthy</value></Data>
          </ExtendedData>
          <Point><coordinates>102.436431000,2.949184000,0</coordinates></Point>
        </Placemark>

        <Placemark>
          <name>2242</name>
          <styleUrl>#style_Healthy</styleUrl>
          <ExtendedData>
            <Data name="id"><value>2242</value></Data>
            <Data name="Class"><value>Healthy</value></Data>
          </ExtendedData>
          <Point><coordinates>102.437577000,2.947780000,0</coordinates></Point>
        </Placemark>

        <Placemark>
          <name>2243</name>
          <styleUrl>#style_Healthy</styleUrl>
          <ExtendedData>
            <Data name="id"><value>2243</value></Data>
            <Data name="Class"><value>Healthy</value></Data>
          </ExtendedData>
          <Point><coordinates>102.437310000,2.947152000,0</coordinates></Point>
        </Placemark>

        <Placemark>
          <name>2244</name>
          <styleUrl>#style_Healthy</styleUrl>
          <ExtendedData>
            <Data name="id"><value>2244</value></Data>
            <Data name="Class"><value>Healthy</value></Data>
          </ExtendedData>
          <Point><coordinates>102.437493000,2.947219000,0</coordinates></Point>
        </Placemark>

        <Placemark>
          <name>2245</name>
          <styleUrl>#style_Healthy</styleUrl>
          <ExtendedData>
            <Data name="id"><value>2245</value></Data>
            <Data name="Class"><value>Healthy</value></Data>
          </ExtendedData>
          <Point><coordinates>102.437359000,2.945723000,0</coordinates></Point>
        </Placemark>

        <Placemark>
          <name>2246</name>
          <styleUrl>#style_Healthy</styleUrl>
          <ExtendedData>
            <Data name="id"><value>2246</value></Data>
            <Data name="Class"><value>Healthy</value></Data>
          </ExtendedData>
          <Point><coordinates>102.437271000,2.947220000,0</coordinates></Point>
        </Placemark>

        <Placemark>
          <name>2247</name>
          <styleUrl>#style_Healthy</styleUrl>
          <ExtendedData>
            <Data name="id"><value>2247</value></Data>
            <Data name="Class"><value>Healthy</value></Data>
          </ExtendedData>
          <Point><coordinates>102.437458000,2.947286000,0</coordinates></Point>
        </Placemark>

        <Placemark>
          <name>2248</name>
          <styleUrl>#style_Healthy</styleUrl>
          <ExtendedData>
            <Data name="id"><value>2248</value></Data>
            <Data name="Class"><value>Healthy</value></Data>
          </ExtendedData>
          <Point><coordinates>102.436197000,2.948914000,0</coordinates></Point>
        </Placemark>

        <Placemark>
          <name>2249</name>
          <styleUrl>#style_Healthy</styleUrl>
          <ExtendedData>
            <Data name="id"><value>2249</value></Data>
            <Data name="Class"><value>Healthy</value></Data>
          </ExtendedData>
          <Point><coordinates>102.433363000,2.949023000,0</coordinates></Point>
        </Placemark>

        <Placemark>
          <name>2250</name>
          <styleUrl>#style_Healthy</styleUrl>
          <ExtendedData>
            <Data name="id"><value>2250</value></Data>
            <Data name="Class"><value>Healthy</value></Data>
          </ExtendedData>
          <Point><coordinates>102.435968000,2.948498000,0</coordinates></Point>
        </Placemark>

        <Placemark>
          <name>2251</name>
          <styleUrl>#style_Healthy</styleUrl>
          <ExtendedData>
            <Data name="id"><value>2251</value></Data>
            <Data name="Class"><value>Healthy</value></Data>
          </ExtendedData>
          <Point><coordinates>102.437205000,2.945718000,0</coordinates></Point>
        </Placemark>

        <Placemark>
          <name>2252</name>
          <styleUrl>#style_Healthy</styleUrl>
          <ExtendedData>
            <Data name="id"><value>2252</value></Data>
            <Data name="Class"><value>Healthy</value></Data>
          </ExtendedData>
          <Point><coordinates>102.436625000,2.949254000,0</coordinates></Point>
        </Placemark>

        <Placemark>
          <name>2253</name>
          <styleUrl>#style_Healthy</styleUrl>
          <ExtendedData>
            <Data name="id"><value>2253</value></Data>
            <Data name="Class"><value>Healthy</value></Data>
          </ExtendedData>
          <Point><coordinates>102.437488000,2.947356000,0</coordinates></Point>
        </Placemark>

        <Placemark>
          <name>2254</name>
          <styleUrl>#style_Healthy</styleUrl>
          <ExtendedData>
            <Data name="id"><value>2254</value></Data>
            <Data name="Class"><value>Healthy</value></Data>
          </ExtendedData>
          <Point><coordinates>102.436941000,2.944960000,0</coordinates></Point>
        </Placemark>

        <Placemark>
          <name>2255</name>
          <styleUrl>#style_Healthy</styleUrl>
          <ExtendedData>
            <Data name="id"><value>2255</value></Data>
            <Data name="Class"><value>Healthy</value></Data>
          </ExtendedData>
          <Point><coordinates>102.437352000,2.947231000,0</coordinates></Point>
        </Placemark>

        <Placemark>
          <name>2256</name>
          <styleUrl>#style_Healthy</styleUrl>
          <ExtendedData>
            <Data name="id"><value>2256</value></Data>
            <Data name="Class"><value>Healthy</value></Data>
          </ExtendedData>
          <Point><coordinates>102.436782000,2.944960000,0</coordinates></Point>
        </Placemark>

        <Placemark>
          <name>2257</name>
          <styleUrl>#style_Healthy</styleUrl>
          <ExtendedData>
            <Data name="id"><value>2257</value></Data>
            <Data name="Class"><value>Healthy</value></Data>
          </ExtendedData>
          <Point><coordinates>102.433364000,2.948747000,0</coordinates></Point>
        </Placemark>

        <Placemark>
          <name>2258</name>
          <styleUrl>#style_Healthy</styleUrl>
          <ExtendedData>
            <Data name="id"><value>2258</value></Data>
            <Data name="Class"><value>Healthy</value></Data>
          </ExtendedData>
          <Point><coordinates>102.437465000,2.947428000,0</coordinates></Point>
        </Placemark>

        <Placemark>
          <name>2259</name>
          <styleUrl>#style_Healthy</styleUrl>
          <ExtendedData>
            <Data name="id"><value>2259</value></Data>
            <Data name="Class"><value>Healthy</value></Data>
          </ExtendedData>
          <Point><coordinates>102.433478000,2.949090000,0</coordinates></Point>
        </Placemark>

        <Placemark>
          <name>2260</name>
          <styleUrl>#style_Healthy</styleUrl>
          <ExtendedData>
            <Data name="id"><value>2260</value></Data>
            <Data name="Class"><value>Healthy</value></Data>
          </ExtendedData>
          <Point><coordinates>102.436350000,2.949188000,0</coordinates></Point>
        </Placemark>

        <Placemark>
          <name>2261</name>
          <styleUrl>#style_Healthy</styleUrl>
          <ExtendedData>
            <Data name="id"><value>2261</value></Data>
            <Data name="Class"><value>Healthy</value></Data>
          </ExtendedData>
          <Point><coordinates>102.436899000,2.945032000,0</coordinates></Point>
        </Placemark>

        <Placemark>
          <name>2263</name>
          <styleUrl>#style_Healthy</styleUrl>
          <ExtendedData>
            <Data name="id"><value>2263</value></Data>
            <Data name="Class"><value>Healthy</value></Data>
          </ExtendedData>
          <Point><coordinates>102.435053000,2.948969000,0</coordinates></Point>
        </Placemark>

        <Placemark>
          <name>2264</name>
          <styleUrl>#style_Healthy</styleUrl>
          <ExtendedData>
            <Data name="id"><value>2264</value></Data>
            <Data name="Class"><value>Healthy</value></Data>
          </ExtendedData>
          <Point><coordinates>102.436433000,2.949053000,0</coordinates></Point>
        </Placemark>

        <Placemark>
          <name>2265</name>
          <styleUrl>#style_Healthy</styleUrl>
          <ExtendedData>
            <Data name="id"><value>2265</value></Data>
            <Data name="Class"><value>Healthy</value></Data>
          </ExtendedData>
          <Point><coordinates>102.436003000,2.948568000,0</coordinates></Point>
        </Placemark>

        <Placemark>
          <name>2266</name>
          <styleUrl>#style_Healthy</styleUrl>
          <ExtendedData>
            <Data name="id"><value>2266</value></Data>
            <Data name="Class"><value>Healthy</value></Data>
          </ExtendedData>
          <Point><coordinates>102.433404000,2.949224000,0</coordinates></Point>
        </Placemark>

        <Placemark>
          <name>2267</name>
          <styleUrl>#style_Healthy</styleUrl>
          <ExtendedData>
            <Data name="id"><value>2267</value></Data>
            <Data name="Class"><value>Healthy</value></Data>
          </ExtendedData>
          <Point><coordinates>102.437618000,2.947426000,0</coordinates></Point>
        </Placemark>

        <Placemark>
          <name>2268</name>
          <styleUrl>#style_Healthy</styleUrl>
          <ExtendedData>
            <Data name="id"><value>2268</value></Data>
            <Data name="Class"><value>Healthy</value></Data>
          </ExtendedData>
          <Point><coordinates>102.437617000,2.947849000,0</coordinates></Point>
        </Placemark>

        <Placemark>
          <name>2269</name>
          <styleUrl>#style_Healthy</styleUrl>
          <ExtendedData>
            <Data name="id"><value>2269</value></Data>
            <Data name="Class"><value>Healthy</value></Data>
          </ExtendedData>
          <Point><coordinates>102.434553000,2.948485000,0</coordinates></Point>
        </Placemark>

        <Placemark>
          <name>2270</name>
          <styleUrl>#style_Healthy</styleUrl>
          <ExtendedData>
            <Data name="id"><value>2270</value></Data>
            <Data name="Class"><value>Healthy</value></Data>
          </ExtendedData>
          <Point><coordinates>102.435969000,2.948360000,0</coordinates></Point>
        </Placemark>

        <Placemark>
          <name>2271</name>
          <styleUrl>#style_Healthy</styleUrl>
          <ExtendedData>
            <Data name="id"><value>2271</value></Data>
            <Data name="Class"><value>Healthy</value></Data>
          </ExtendedData>
          <Point><coordinates>102.437425000,2.947223000,0</coordinates></Point>
        </Placemark>

        <Placemark>
          <name>2272</name>
          <styleUrl>#style_Healthy</styleUrl>
          <ExtendedData>
            <Data name="id"><value>2272</value></Data>
            <Data name="Class"><value>Healthy</value></Data>
          </ExtendedData>
          <Point><coordinates>102.436043000,2.948368000,0</coordinates></Point>
        </Placemark>

        <Placemark>
          <name>2273</name>
          <styleUrl>#style_Healthy</styleUrl>
          <ExtendedData>
            <Data name="id"><value>2273</value></Data>
            <Data name="Class"><value>Healthy</value></Data>
          </ExtendedData>
          <Point><coordinates>102.436505000,2.949177000,0</coordinates></Point>
        </Placemark>

        <Placemark>
          <name>2274</name>
          <styleUrl>#style_Healthy</styleUrl>
          <ExtendedData>
            <Data name="id"><value>2274</value></Data>
            <Data name="Class"><value>Healthy</value></Data>
          </ExtendedData>
          <Point><coordinates>102.437655000,2.947912000,0</coordinates></Point>
        </Placemark>

        <Placemark>
          <name>2275</name>
          <styleUrl>#style_Healthy</styleUrl>
          <ExtendedData>
            <Data name="id"><value>2275</value></Data>
            <Data name="Class"><value>Healthy</value></Data>
          </ExtendedData>
          <Point><coordinates>102.436081000,2.948434000,0</coordinates></Point>
        </Placemark>

        <Placemark>
          <name>2276</name>
          <styleUrl>#style_Healthy</styleUrl>
          <ExtendedData>
            <Data name="id"><value>2276</value></Data>
            <Data name="Class"><value>Healthy</value></Data>
          </ExtendedData>
          <Point><coordinates>102.434431000,2.948280000,0</coordinates></Point>
        </Placemark>

        <Placemark>
          <name>2277</name>
          <styleUrl>#style_Healthy</styleUrl>
          <ExtendedData>
            <Data name="id"><value>2277</value></Data>
            <Data name="Class"><value>Healthy</value></Data>
          </ExtendedData>
          <Point><coordinates>102.437964000,2.948046000,0</coordinates></Point>
        </Placemark>

        <Placemark>
          <name>2278</name>
          <styleUrl>#style_Healthy</styleUrl>
          <ExtendedData>
            <Data name="id"><value>2278</value></Data>
            <Data name="Class"><value>Healthy</value></Data>
          </ExtendedData>
          <Point><coordinates>102.436395000,2.949118000,0</coordinates></Point>
        </Placemark>

        <Placemark>
          <name>2279</name>
          <styleUrl>#style_Healthy</styleUrl>
          <ExtendedData>
            <Data name="id"><value>2279</value></Data>
            <Data name="Class"><value>Healthy</value></Data>
          </ExtendedData>
          <Point><coordinates>102.437439000,2.945716000,0</coordinates></Point>
        </Placemark>

        <Placemark>
          <name>2280</name>
          <styleUrl>#style_Healthy</styleUrl>
          <ExtendedData>
            <Data name="id"><value>2280</value></Data>
            <Data name="Class"><value>Healthy</value></Data>
          </ExtendedData>
          <Point><coordinates>102.436466000,2.948985000,0</coordinates></Point>
        </Placemark>

        <Placemark>
          <name>2281</name>
          <styleUrl>#style_Healthy</styleUrl>
          <ExtendedData>
            <Data name="id"><value>2281</value></Data>
            <Data name="Class"><value>Healthy</value></Data>
          </ExtendedData>
          <Point><coordinates>102.437462000,2.947152000,0</coordinates></Point>
        </Placemark>

        <Placemark>
          <name>2282</name>
          <styleUrl>#style_Healthy</styleUrl>
          <ExtendedData>
            <Data name="id"><value>2282</value></Data>
            <Data name="Class"><value>Healthy</value></Data>
          </ExtendedData>
          <Point><coordinates>102.432823000,2.948192000,0</coordinates></Point>
        </Placemark>

        <Placemark>
          <name>2283</name>
          <styleUrl>#style_Healthy</styleUrl>
          <ExtendedData>
            <Data name="id"><value>2283</value></Data>
            <Data name="Class"><value>Healthy</value></Data>
          </ExtendedData>
          <Point><coordinates>102.434899000,2.948964000,0</coordinates></Point>
        </Placemark>

        <Placemark>
          <name>2284</name>
          <styleUrl>#style_Healthy</styleUrl>
          <ExtendedData>
            <Data name="id"><value>2284</value></Data>
            <Data name="Class"><value>Healthy</value></Data>
          </ExtendedData>
          <Point><coordinates>102.437232000,2.947150000,0</coordinates></Point>
        </Placemark>

        <Placemark>
          <name>2285</name>
          <styleUrl>#style_Healthy</styleUrl>
          <ExtendedData>
            <Data name="id"><value>2285</value></Data>
            <Data name="Class"><value>Healthy</value></Data>
          </ExtendedData>
          <Point><coordinates>102.437056000,2.945172000,0</coordinates></Point>
        </Placemark>

        <Placemark>
          <name>2286</name>
          <styleUrl>#style_Healthy</styleUrl>
          <ExtendedData>
            <Data name="id"><value>2286</value></Data>
            <Data name="Class"><value>Healthy</value></Data>
          </ExtendedData>
          <Point><coordinates>102.437343000,2.947363000,0</coordinates></Point>
        </Placemark>

        <Placemark>
          <name>2287</name>
          <styleUrl>#style_Healthy</styleUrl>
          <ExtendedData>
            <Data name="id"><value>2287</value></Data>
            <Data name="Class"><value>Healthy</value></Data>
          </ExtendedData>
          <Point><coordinates>102.437655000,2.947777000,0</coordinates></Point>
        </Placemark>

        <Placemark>
          <name>2288</name>
          <styleUrl>#style_Healthy</styleUrl>
          <ExtendedData>
            <Data name="id"><value>2288</value></Data>
            <Data name="Class"><value>Healthy</value></Data>
          </ExtendedData>
          <Point><coordinates>102.437488000,2.947638000,0</coordinates></Point>
        </Placemark>

        <Placemark>
          <name>2289</name>
          <styleUrl>#style_Healthy</styleUrl>
          <ExtendedData>
            <Data name="id"><value>2289</value></Data>
            <Data name="Class"><value>Healthy</value></Data>
          </ExtendedData>
          <Point><coordinates>102.436437000,2.948915000,0</coordinates></Point>
        </Placemark>

        <Placemark>
          <name>2290</name>
          <styleUrl>#style_Healthy</styleUrl>
          <ExtendedData>
            <Data name="id"><value>2290</value></Data>
            <Data name="Class"><value>Healthy</value></Data>
          </ExtendedData>
          <Point><coordinates>102.433447000,2.949155000,0</coordinates></Point>
        </Placemark>

        <Placemark>
          <name>2291</name>
          <styleUrl>#style_Healthy</styleUrl>
          <ExtendedData>
            <Data name="id"><value>2291</value></Data>
            <Data name="Class"><value>Healthy</value></Data>
          </ExtendedData>
          <Point><coordinates>102.435209000,2.949241000,0</coordinates></Point>
        </Placemark>

        <Placemark>
          <name>2292</name>
          <styleUrl>#style_Healthy</styleUrl>
          <ExtendedData>
            <Data name="id"><value>2292</value></Data>
            <Data name="Class"><value>Healthy</value></Data>
          </ExtendedData>
          <Point><coordinates>102.433020000,2.948268000,0</coordinates></Point>
        </Placemark>

        <Placemark>
          <name>2293</name>
          <styleUrl>#style_Healthy</styleUrl>
          <ExtendedData>
            <Data name="id"><value>2293</value></Data>
            <Data name="Class"><value>Healthy</value></Data>
          </ExtendedData>
          <Point><coordinates>102.436471000,2.949117000,0</coordinates></Point>
        </Placemark>

        <Placemark>
          <name>2294</name>
          <styleUrl>#style_Healthy</styleUrl>
          <ExtendedData>
            <Data name="id"><value>2294</value></Data>
            <Data name="Class"><value>Healthy</value></Data>
          </ExtendedData>
          <Point><coordinates>102.437580000,2.947497000,0</coordinates></Point>
        </Placemark>

        <Placemark>
          <name>2295</name>
          <styleUrl>#style_Healthy</styleUrl>
          <ExtendedData>
            <Data name="id"><value>2295</value></Data>
            <Data name="Class"><value>Healthy</value></Data>
          </ExtendedData>
          <Point><coordinates>102.433057000,2.948340000,0</coordinates></Point>
        </Placemark>

        <Placemark>
          <name>2296</name>
          <styleUrl>#style_Healthy</styleUrl>
          <ExtendedData>
            <Data name="id"><value>2296</value></Data>
            <Data name="Class"><value>Healthy</value></Data>
          </ExtendedData>
          <Point><coordinates>102.436863000,2.945096000,0</coordinates></Point>
        </Placemark>

        <Placemark>
          <name>2297</name>
          <styleUrl>#style_Healthy</styleUrl>
          <ExtendedData>
            <Data name="id"><value>2297</value></Data>
            <Data name="Class"><value>Healthy</value></Data>
          </ExtendedData>
          <Point><coordinates>102.436355000,2.948915000,0</coordinates></Point>
        </Placemark>

        <Placemark>
          <name>2298</name>
          <styleUrl>#style_Healthy</styleUrl>
          <ExtendedData>
            <Data name="id"><value>2298</value></Data>
            <Data name="Class"><value>Healthy</value></Data>
          </ExtendedData>
          <Point><coordinates>102.433138000,2.948338000,0</coordinates></Point>
        </Placemark>

        <Placemark>
          <name>2299</name>
          <styleUrl>#style_Healthy</styleUrl>
          <ExtendedData>
            <Data name="id"><value>2299</value></Data>
            <Data name="Class"><value>Healthy</value></Data>
          </ExtendedData>
          <Point><coordinates>102.437736000,2.947631000,0</coordinates></Point>
        </Placemark>

        <Placemark>
          <name>2300</name>
          <styleUrl>#style_Healthy</styleUrl>
          <ExtendedData>
            <Data name="id"><value>2300</value></Data>
            <Data name="Class"><value>Healthy</value></Data>
          </ExtendedData>
          <Point><coordinates>102.436548000,2.949247000,0</coordinates></Point>
        </Placemark>

        <Placemark>
          <name>2301</name>
          <styleUrl>#style_Healthy</styleUrl>
          <ExtendedData>
            <Data name="id"><value>2301</value></Data>
            <Data name="Class"><value>Healthy</value></Data>
          </ExtendedData>
          <Point><coordinates>102.437365000,2.945995000,0</coordinates></Point>
        </Placemark>

        <Placemark>
          <name>2302</name>
          <styleUrl>#style_Healthy</styleUrl>
          <ExtendedData>
            <Data name="id"><value>2302</value></Data>
            <Data name="Class"><value>Healthy</value></Data>
          </ExtendedData>
          <Point><coordinates>102.436904000,2.945173000,0</coordinates></Point>
        </Placemark>

        <Placemark>
          <name>2303</name>
          <styleUrl>#style_Healthy</styleUrl>
          <ExtendedData>
            <Data name="id"><value>2303</value></Data>
            <Data name="Class"><value>Healthy</value></Data>
          </ExtendedData>
          <Point><coordinates>102.435135000,2.949240000,0</coordinates></Point>
        </Placemark>

        <Placemark>
          <name>2304</name>
          <styleUrl>#style_Healthy</styleUrl>
          <ExtendedData>
            <Data name="id"><value>2304</value></Data>
            <Data name="Class"><value>Healthy</value></Data>
          </ExtendedData>
          <Point><coordinates>102.437014000,2.945100000,0</coordinates></Point>
        </Placemark>

        <Placemark>
          <name>2305</name>
          <styleUrl>#style_Healthy</styleUrl>
          <ExtendedData>
            <Data name="id"><value>2305</value></Data>
            <Data name="Class"><value>Healthy</value></Data>
          </ExtendedData>
          <Point><coordinates>102.436315000,2.948983000,0</coordinates></Point>
        </Placemark>

        <Placemark>
          <name>2306</name>
          <styleUrl>#style_Healthy</styleUrl>
          <ExtendedData>
            <Data name="id"><value>2306</value></Data>
            <Data name="Class"><value>Healthy</value></Data>
          </ExtendedData>
          <Point><coordinates>102.437283000,2.945721000,0</coordinates></Point>
        </Placemark>

        <Placemark>
          <name>2307</name>
          <styleUrl>#style_Healthy</styleUrl>
          <ExtendedData>
            <Data name="id"><value>2307</value></Data>
            <Data name="Class"><value>Healthy</value></Data>
          </ExtendedData>
          <Point><coordinates>102.436585000,2.949184000,0</coordinates></Point>
        </Placemark>

        <Placemark>
          <name>2308</name>
          <styleUrl>#style_Healthy</styleUrl>
          <ExtendedData>
            <Data name="id"><value>2308</value></Data>
            <Data name="Class"><value>Healthy</value></Data>
          </ExtendedData>
          <Point><coordinates>102.432860000,2.948268000,0</coordinates></Point>
        </Placemark>

        <Placemark>
          <name>2309</name>
          <styleUrl>#style_Healthy</styleUrl>
          <ExtendedData>
            <Data name="id"><value>2309</value></Data>
            <Data name="Class"><value>Healthy</value></Data>
          </ExtendedData>
          <Point><coordinates>102.433521000,2.949016000,0</coordinates></Point>
        </Placemark>

        <Placemark>
          <name>2310</name>
          <styleUrl>#style_Healthy</styleUrl>
          <ExtendedData>
            <Data name="id"><value>2310</value></Data>
            <Data name="Class"><value>Healthy</value></Data>
          </ExtendedData>
          <Point><coordinates>102.437584000,2.947361000,0</coordinates></Point>
        </Placemark>

        <Placemark>
          <name>2311</name>
          <styleUrl>#style_Healthy</styleUrl>
          <ExtendedData>
            <Data name="id"><value>2311</value></Data>
            <Data name="Class"><value>Healthy</value></Data>
          </ExtendedData>
          <Point><coordinates>102.434668000,2.948552000,0</coordinates></Point>
        </Placemark>

        <Placemark>
          <name>2312</name>
          <styleUrl>#style_Healthy</styleUrl>
          <ExtendedData>
            <Data name="id"><value>2312</value></Data>
            <Data name="Class"><value>Healthy</value></Data>
          </ExtendedData>
          <Point><coordinates>102.434465000,2.948346000,0</coordinates></Point>
        </Placemark>

        <Placemark>
          <name>2313</name>
          <styleUrl>#style_Healthy</styleUrl>
          <ExtendedData>
            <Data name="id"><value>2313</value></Data>
            <Data name="Class"><value>Healthy</value></Data>
          </ExtendedData>
          <Point><coordinates>102.434823000,2.948553000,0</coordinates></Point>
        </Placemark>

        <Placemark>
          <name>2314</name>
          <styleUrl>#style_Healthy</styleUrl>
          <ExtendedData>
            <Data name="id"><value>2314</value></Data>
            <Data name="Class"><value>Healthy</value></Data>
          </ExtendedData>
          <Point><coordinates>102.433060000,2.948198000,0</coordinates></Point>
        </Placemark>

        <Placemark>
          <name>2315</name>
          <styleUrl>#style_Healthy</styleUrl>
          <ExtendedData>
            <Data name="id"><value>2315</value></Data>
            <Data name="Class"><value>Healthy</value></Data>
          </ExtendedData>
          <Point><coordinates>102.435890000,2.948362000,0</coordinates></Point>
        </Placemark>

        <Placemark>
          <name>2316</name>
          <styleUrl>#style_Healthy</styleUrl>
          <ExtendedData>
            <Data name="id"><value>2316</value></Data>
            <Data name="Class"><value>Healthy</value></Data>
          </ExtendedData>
          <Point><coordinates>102.437052000,2.945027000,0</coordinates></Point>
        </Placemark>

        <Placemark>
          <name>2317</name>
          <styleUrl>#style_Healthy</styleUrl>
          <ExtendedData>
            <Data name="id"><value>2317</value></Data>
            <Data name="Class"><value>Healthy</value></Data>
          </ExtendedData>
          <Point><coordinates>102.433441000,2.949017000,0</coordinates></Point>
        </Placemark>

        <Placemark>
          <name>2318</name>
          <styleUrl>#style_Healthy</styleUrl>
          <ExtendedData>
            <Data name="id"><value>2318</value></Data>
            <Data name="Class"><value>Healthy</value></Data>
          </ExtendedData>
          <Point><coordinates>102.437481000,2.945791000,0</coordinates></Point>
        </Placemark>

        <Placemark>
          <name>2319</name>
          <styleUrl>#style_Healthy</styleUrl>
          <ExtendedData>
            <Data name="id"><value>2319</value></Data>
            <Data name="Class"><value>Healthy</value></Data>
          </ExtendedData>
          <Point><coordinates>102.436164000,2.948436000,0</coordinates></Point>
        </Placemark>

        <Placemark>
          <name>2320</name>
          <styleUrl>#style_Healthy</styleUrl>
          <ExtendedData>
            <Data name="id"><value>2320</value></Data>
            <Data name="Class"><value>Healthy</value></Data>
          </ExtendedData>
          <Point><coordinates>102.433175000,2.948408000,0</coordinates></Point>
        </Placemark>

        <Placemark>
          <name>2321</name>
          <styleUrl>#style_Healthy</styleUrl>
          <ExtendedData>
            <Data name="id"><value>2321</value></Data>
            <Data name="Class"><value>Healthy</value></Data>
          </ExtendedData>
          <Point><coordinates>102.437771000,2.947985000,0</coordinates></Point>
        </Placemark>

        <Placemark>
          <name>2322</name>
          <styleUrl>#style_Healthy</styleUrl>
          <ExtendedData>
            <Data name="id"><value>2322</value></Data>
            <Data name="Class"><value>Healthy</value></Data>
          </ExtendedData>
          <Point><coordinates>102.437386000,2.947156000,0</coordinates></Point>
        </Placemark>

        <Placemark>
          <name>2323</name>
          <styleUrl>#style_Healthy</styleUrl>
          <ExtendedData>
            <Data name="id"><value>2323</value></Data>
            <Data name="Class"><value>Healthy</value></Data>
          </ExtendedData>
          <Point><coordinates>102.437582000,2.947636000,0</coordinates></Point>
        </Placemark>

        <Placemark>
          <name>2324</name>
          <styleUrl>#style_Healthy</styleUrl>
          <ExtendedData>
            <Data name="id"><value>2324</value></Data>
            <Data name="Class"><value>Healthy</value></Data>
          </ExtendedData>
          <Point><coordinates>102.432979000,2.948195000,0</coordinates></Point>
        </Placemark>

        <Placemark>
          <name>2325</name>
          <styleUrl>#style_Healthy</styleUrl>
          <ExtendedData>
            <Data name="id"><value>2325</value></Data>
            <Data name="Class"><value>Healthy</value></Data>
          </ExtendedData>
          <Point><coordinates>102.436820000,2.945027000,0</coordinates></Point>
        </Placemark>

        <Placemark>
          <name>2326</name>
          <styleUrl>#style_Healthy</styleUrl>
          <ExtendedData>
            <Data name="id"><value>2326</value></Data>
            <Data name="Class"><value>Healthy</value></Data>
          </ExtendedData>
          <Point><coordinates>102.435094000,2.949176000,0</coordinates></Point>
        </Placemark>

        <Placemark>
          <name>2327</name>
          <styleUrl>#style_Healthy</styleUrl>
          <ExtendedData>
            <Data name="id"><value>2327</value></Data>
            <Data name="Class"><value>Healthy</value></Data>
          </ExtendedData>
          <Point><coordinates>102.435133000,2.949103000,0</coordinates></Point>
        </Placemark>

        <Placemark>
          <name>2328</name>
          <styleUrl>#style_Healthy</styleUrl>
          <ExtendedData>
            <Data name="id"><value>2328</value></Data>
            <Data name="Class"><value>Healthy</value></Data>
          </ExtendedData>
          <Point><coordinates>102.437463000,2.947569000,0</coordinates></Point>
        </Placemark>

        <Placemark>
          <name>2329</name>
          <styleUrl>#style_Healthy</styleUrl>
          <ExtendedData>
            <Data name="id"><value>2329</value></Data>
            <Data name="Class"><value>Healthy</value></Data>
          </ExtendedData>
          <Point><coordinates>102.437689000,2.947979000,0</coordinates></Point>
        </Placemark>

        <Placemark>
          <name>2330</name>
          <styleUrl>#style_Healthy</styleUrl>
          <ExtendedData>
            <Data name="id"><value>2330</value></Data>
            <Data name="Class"><value>Healthy</value></Data>
          </ExtendedData>
          <Point><coordinates>102.436357000,2.949050000,0</coordinates></Point>
        </Placemark>

        <Placemark>
          <name>2332</name>
          <styleUrl>#style_Healthy</styleUrl>
          <ExtendedData>
            <Data name="id"><value>2332</value></Data>
            <Data name="Class"><value>Healthy</value></Data>
          </ExtendedData>
          <Point><coordinates>102.437017000,2.944962000,0</coordinates></Point>
        </Placemark>

        <Placemark>
          <name>2333</name>
          <styleUrl>#style_Healthy</styleUrl>
          <ExtendedData>
            <Data name="id"><value>2333</value></Data>
            <Data name="Class"><value>Healthy</value></Data>
          </ExtendedData>
          <Point><coordinates>102.437737000,2.947777000,0</coordinates></Point>
        </Placemark>

        <Placemark>
          <name>2334</name>
          <styleUrl>#style_Healthy</styleUrl>
          <ExtendedData>
            <Data name="id"><value>2334</value></Data>
            <Data name="Class"><value>Healthy</value></Data>
          </ExtendedData>
          <Point><coordinates>102.434587000,2.948550000,0</coordinates></Point>
        </Placemark>

        <Placemark>
          <name>2335</name>
          <styleUrl>#style_Healthy</styleUrl>
          <ExtendedData>
            <Data name="id"><value>2335</value></Data>
            <Data name="Class"><value>Healthy</value></Data>
          </ExtendedData>
          <Point><coordinates>102.435173000,2.949179000,0</coordinates></Point>
        </Placemark>

        <Placemark>
          <name>2336</name>
          <styleUrl>#style_Healthy</styleUrl>
          <ExtendedData>
            <Data name="id"><value>2336</value></Data>
            <Data name="Class"><value>Healthy</value></Data>
          </ExtendedData>
          <Point><coordinates>102.437425000,2.947355000,0</coordinates></Point>
        </Placemark>

        <Placemark>
          <name>2337</name>
          <styleUrl>#style_Healthy</styleUrl>
          <ExtendedData>
            <Data name="id"><value>2337</value></Data>
            <Data name="Class"><value>Healthy</value></Data>
          </ExtendedData>
          <Point><coordinates>102.437887000,2.947912000,0</coordinates></Point>
        </Placemark>

        <Placemark>
          <name>2338</name>
          <styleUrl>#style_Healthy</styleUrl>
          <ExtendedData>
            <Data name="id"><value>2338</value></Data>
            <Data name="Class"><value>Healthy</value></Data>
          </ExtendedData>
          <Point><coordinates>102.437725000,2.948051000,0</coordinates></Point>
        </Placemark>

        <Placemark>
          <name>2339</name>
          <styleUrl>#style_Healthy</styleUrl>
          <ExtendedData>
            <Data name="id"><value>2339</value></Data>
            <Data name="Class"><value>Healthy</value></Data>
          </ExtendedData>
          <Point><coordinates>102.433362000,2.949159000,0</coordinates></Point>
        </Placemark>

        <Placemark>
          <name>2340</name>
          <styleUrl>#style_Healthy</styleUrl>
          <ExtendedData>
            <Data name="id"><value>2340</value></Data>
            <Data name="Class"><value>Healthy</value></Data>
          </ExtendedData>
          <Point><coordinates>102.432976000,2.948335000,0</coordinates></Point>
        </Placemark>

        <Placemark>
          <name>2342</name>
          <styleUrl>#style_Healthy</styleUrl>
          <ExtendedData>
            <Data name="id"><value>2342</value></Data>
            <Data name="Class"><value>Healthy</value></Data>
          </ExtendedData>
          <Point><coordinates>102.436128000,2.948365000,0</coordinates></Point>
        </Placemark>

        <Placemark>
          <name>2343</name>
          <styleUrl>#style_Healthy</styleUrl>
          <ExtendedData>
            <Data name="id"><value>2343</value></Data>
            <Data name="Class"><value>Healthy</value></Data>
          </ExtendedData>
          <Point><coordinates>102.433404000,2.949092000,0</coordinates></Point>
        </Placemark>

        <Placemark>
          <name>2344</name>
          <styleUrl>#style_Healthy</styleUrl>
          <ExtendedData>
            <Data name="id"><value>2344</value></Data>
            <Data name="Class"><value>Healthy</value></Data>
          </ExtendedData>
          <Point><coordinates>102.436083000,2.948574000,0</coordinates></Point>
        </Placemark>

        <Placemark>
          <name>2345</name>
          <styleUrl>#style_Healthy</styleUrl>
          <ExtendedData>
            <Data name="id"><value>2345</value></Data>
            <Data name="Class"><value>Healthy</value></Data>
          </ExtendedData>
          <Point><coordinates>102.433594000,2.949159000,0</coordinates></Point>
        </Placemark>

        <Placemark>
          <name>2346</name>
          <styleUrl>#style_Healthy</styleUrl>
          <ExtendedData>
            <Data name="id"><value>2346</value></Data>
            <Data name="Class"><value>Healthy</value></Data>
          </ExtendedData>
          <Point><coordinates>102.436122000,2.948502000,0</coordinates></Point>
        </Placemark>

        <Placemark>
          <name>2348</name>
          <styleUrl>#style_Healthy</styleUrl>
          <ExtendedData>
            <Data name="id"><value>2348</value></Data>
            <Data name="Class"><value>Healthy</value></Data>
          </ExtendedData>
          <Point><coordinates>102.433017000,2.948405000,0</coordinates></Point>
        </Placemark>

        <Placemark>
          <name>2349</name>
          <styleUrl>#style_Healthy</styleUrl>
          <ExtendedData>
            <Data name="id"><value>2349</value></Data>
            <Data name="Class"><value>Healthy</value></Data>
          </ExtendedData>
          <Point><coordinates>102.437403000,2.945926000,0</coordinates></Point>
        </Placemark>

        <Placemark>
          <name>2351</name>
          <styleUrl>#style_Healthy</styleUrl>
          <ExtendedData>
            <Data name="id"><value>2351</value></Data>
            <Data name="Class"><value>Healthy</value></Data>
          </ExtendedData>
          <Point><coordinates>102.434858000,2.948754000,0</coordinates></Point>
        </Placemark>

        <Placemark>
          <name>2353</name>
          <styleUrl>#style_Healthy</styleUrl>
          <ExtendedData>
            <Data name="id"><value>2353</value></Data>
            <Data name="Class"><value>Healthy</value></Data>
          </ExtendedData>
          <Point><coordinates>102.433097000,2.948268000,0</coordinates></Point>
        </Placemark>

        <Placemark>
          <name>2354</name>
          <styleUrl>#style_Healthy</styleUrl>
          <ExtendedData>
            <Data name="id"><value>2354</value></Data>
            <Data name="Class"><value>Healthy</value></Data>
          </ExtendedData>
          <Point><coordinates>102.436165000,2.948707000,0</coordinates></Point>
        </Placemark>

        <Placemark>
          <name>2355</name>
          <styleUrl>#style_Healthy</styleUrl>
          <ExtendedData>
            <Data name="id"><value>2355</value></Data>
            <Data name="Class"><value>Healthy</value></Data>
          </ExtendedData>
          <Point><coordinates>102.434620000,2.948621000,0</coordinates></Point>
        </Placemark>

        <Placemark>
          <name>2356</name>
          <styleUrl>#style_Healthy</styleUrl>
          <ExtendedData>
            <Data name="id"><value>2356</value></Data>
            <Data name="Class"><value>Healthy</value></Data>
          </ExtendedData>
          <Point><coordinates>102.433020000,2.948541000,0</coordinates></Point>
        </Placemark>

        <Placemark>
          <name>2357</name>
          <styleUrl>#style_Healthy</styleUrl>
          <ExtendedData>
            <Data name="id"><value>2357</value></Data>
            <Data name="Class"><value>Healthy</value></Data>
          </ExtendedData>
          <Point><coordinates>102.436199000,2.948775000,0</coordinates></Point>
        </Placemark>

        <Placemark>
          <name>2358</name>
          <styleUrl>#style_Healthy</styleUrl>
          <ExtendedData>
            <Data name="id"><value>2358</value></Data>
            <Data name="Class"><value>Healthy</value></Data>
          </ExtendedData>
          <Point><coordinates>102.434509000,2.948274000,0</coordinates></Point>
        </Placemark>

        <Placemark>
          <name>2359</name>
          <styleUrl>#style_Healthy</styleUrl>
          <ExtendedData>
            <Data name="id"><value>2359</value></Data>
            <Data name="Class"><value>Healthy</value></Data>
          </ExtendedData>
          <Point><coordinates>102.437540000,2.947566000,0</coordinates></Point>
        </Placemark>

        <Placemark>
          <name>2360</name>
          <styleUrl>#style_Healthy</styleUrl>
          <ExtendedData>
            <Data name="id"><value>2360</value></Data>
            <Data name="Class"><value>Healthy</value></Data>
          </ExtendedData>
          <Point><coordinates>102.436315000,2.949116000,0</coordinates></Point>
        </Placemark>

        <Placemark>
          <name>2362</name>
          <styleUrl>#style_Healthy</styleUrl>
          <ExtendedData>
            <Data name="id"><value>2362</value></Data>
            <Data name="Class"><value>Healthy</value></Data>
          </ExtendedData>
          <Point><coordinates>102.435926000,2.948429000,0</coordinates></Point>
        </Placemark>

        <Placemark>
          <name>2363</name>
          <styleUrl>#style_Healthy</styleUrl>
          <ExtendedData>
            <Data name="id"><value>2363</value></Data>
            <Data name="Class"><value>Healthy</value></Data>
          </ExtendedData>
          <Point><coordinates>102.434747000,2.948417000,0</coordinates></Point>
        </Placemark>

        <Placemark>
          <name>2364</name>
          <styleUrl>#style_Healthy</styleUrl>
          <ExtendedData>
            <Data name="id"><value>2364</value></Data>
            <Data name="Class"><value>Healthy</value></Data>
          </ExtendedData>
          <Point><coordinates>102.433246000,2.948675000,0</coordinates></Point>
        </Placemark>

        <Placemark>
          <name>2365</name>
          <styleUrl>#style_Healthy</styleUrl>
          <ExtendedData>
            <Data name="id"><value>2365</value></Data>
            <Data name="Class"><value>Healthy</value></Data>
          </ExtendedData>
          <Point><coordinates>102.434748000,2.948552000,0</coordinates></Point>
        </Placemark>

        <Placemark>
          <name>2366</name>
          <styleUrl>#style_Healthy</styleUrl>
          <ExtendedData>
            <Data name="id"><value>2366</value></Data>
            <Data name="Class"><value>Healthy</value></Data>
          </ExtendedData>
          <Point><coordinates>102.436861000,2.944951000,0</coordinates></Point>
        </Placemark>

        <Placemark>
          <name>2368</name>
          <styleUrl>#style_Healthy</styleUrl>
          <ExtendedData>
            <Data name="id"><value>2368</value></Data>
            <Data name="Class"><value>Healthy</value></Data>
          </ExtendedData>
          <Point><coordinates>102.437777000,2.947707000,0</coordinates></Point>
        </Placemark>

        <Placemark>
          <name>2369</name>
          <styleUrl>#style_Healthy</styleUrl>
          <ExtendedData>
            <Data name="id"><value>2369</value></Data>
            <Data name="Class"><value>Healthy</value></Data>
          </ExtendedData>
          <Point><coordinates>102.433328000,2.948676000,0</coordinates></Point>
        </Placemark>

        <Placemark>
          <name>2370</name>
          <styleUrl>#style_Healthy</styleUrl>
          <ExtendedData>
            <Data name="id"><value>2370</value></Data>
            <Data name="Class"><value>Healthy</value></Data>
          </ExtendedData>
          <Point><coordinates>102.437095000,2.945099000,0</coordinates></Point>
        </Placemark>

        <Placemark>
          <name>2371</name>
          <styleUrl>#style_Healthy</styleUrl>
          <ExtendedData>
            <Data name="id"><value>2371</value></Data>
            <Data name="Class"><value>Healthy</value></Data>
          </ExtendedData>
          <Point><coordinates>102.433405000,2.948811000,0</coordinates></Point>
        </Placemark>

        <Placemark>
          <name>2372</name>
          <styleUrl>#style_Healthy</styleUrl>
          <ExtendedData>
            <Data name="id"><value>2372</value></Data>
            <Data name="Class"><value>Healthy</value></Data>
          </ExtendedData>
          <Point><coordinates>102.433104000,2.948677000,0</coordinates></Point>
        </Placemark>

        <Placemark>
          <name>2373</name>
          <styleUrl>#style_Healthy</styleUrl>
          <ExtendedData>
            <Data name="id"><value>2373</value></Data>
            <Data name="Class"><value>Healthy</value></Data>
          </ExtendedData>
          <Point><coordinates>102.433639000,2.949231000,0</coordinates></Point>
        </Placemark>

        <Placemark>
          <name>2374</name>
          <styleUrl>#style_Healthy</styleUrl>
          <ExtendedData>
            <Data name="id"><value>2374</value></Data>
            <Data name="Class"><value>Healthy</value></Data>
          </ExtendedData>
          <Point><coordinates>102.433558000,2.949091000,0</coordinates></Point>
        </Placemark>

        <Placemark>
          <name>2375</name>
          <styleUrl>#style_Healthy</styleUrl>
          <ExtendedData>
            <Data name="id"><value>2375</value></Data>
            <Data name="Class"><value>Healthy</value></Data>
          </ExtendedData>
          <Point><coordinates>102.437884000,2.948048000,0</coordinates></Point>
        </Placemark>

        <Placemark>
          <name>2376</name>
          <styleUrl>#style_Healthy</styleUrl>
          <ExtendedData>
            <Data name="id"><value>2376</value></Data>
            <Data name="Class"><value>Healthy</value></Data>
          </ExtendedData>
          <Point><coordinates>102.435013000,2.948899000,0</coordinates></Point>
        </Placemark>

        <Placemark>
          <name>2377</name>
          <styleUrl>#style_Healthy</styleUrl>
          <ExtendedData>
            <Data name="id"><value>2377</value></Data>
            <Data name="Class"><value>Healthy</value></Data>
          </ExtendedData>
          <Point><coordinates>102.437805000,2.948185000,0</coordinates></Point>
        </Placemark>

        <Placemark>
          <name>2378</name>
          <styleUrl>#style_Healthy</styleUrl>
          <ExtendedData>
            <Data name="id"><value>2378</value></Data>
            <Data name="Class"><value>Healthy</value></Data>
          </ExtendedData>
          <Point><coordinates>102.435894000,2.948223000,0</coordinates></Point>
        </Placemark>

        <Placemark>
          <name>2379</name>
          <styleUrl>#style_Healthy</styleUrl>
          <ExtendedData>
            <Data name="id"><value>2379</value></Data>
            <Data name="Class"><value>Healthy</value></Data>
          </ExtendedData>
          <Point><coordinates>102.436509000,2.949053000,0</coordinates></Point>
        </Placemark>

        <Placemark>
          <name>2380</name>
          <styleUrl>#style_Healthy</styleUrl>
          <ExtendedData>
            <Data name="id"><value>2380</value></Data>
            <Data name="Class"><value>Healthy</value></Data>
          </ExtendedData>
          <Point><coordinates>102.437846000,2.947977000,0</coordinates></Point>
        </Placemark>

        <Placemark>
          <name>2381</name>
          <styleUrl>#style_Healthy</styleUrl>
          <ExtendedData>
            <Data name="id"><value>2381</value></Data>
            <Data name="Class"><value>Healthy</value></Data>
          </ExtendedData>
          <Point><coordinates>102.437700000,2.947844000,0</coordinates></Point>
        </Placemark>

        <Placemark>
          <name>2382</name>
          <styleUrl>#style_Healthy</styleUrl>
          <ExtendedData>
            <Data name="id"><value>2382</value></Data>
            <Data name="Class"><value>Healthy</value></Data>
          </ExtendedData>
          <Point><coordinates>102.436274000,2.948774000,0</coordinates></Point>
        </Placemark>

        <Placemark>
          <name>2383</name>
          <styleUrl>#style_Healthy</styleUrl>
          <ExtendedData>
            <Data name="id"><value>2383</value></Data>
            <Data name="Class"><value>Healthy</value></Data>
          </ExtendedData>
          <Point><coordinates>102.437247000,2.945646000,0</coordinates></Point>
        </Placemark>

        <Placemark>
          <name>2384</name>
          <styleUrl>#style_Healthy</styleUrl>
          <ExtendedData>
            <Data name="id"><value>2384</value></Data>
            <Data name="Class"><value>Healthy</value></Data>
          </ExtendedData>
          <Point><coordinates>102.434821000,2.948967000,0</coordinates></Point>
        </Placemark>

        <Placemark>
          <name>2385</name>
          <styleUrl>#style_Healthy</styleUrl>
          <ExtendedData>
            <Data name="id"><value>2385</value></Data>
            <Data name="Class"><value>Healthy</value></Data>
          </ExtendedData>
          <Point><coordinates>102.434782000,2.948896000,0</coordinates></Point>
        </Placemark>

        <Placemark>
          <name>2386</name>
          <styleUrl>#style_Healthy</styleUrl>
          <ExtendedData>
            <Data name="id"><value>2386</value></Data>
            <Data name="Class"><value>Healthy</value></Data>
          </ExtendedData>
          <Point><coordinates>102.435840000,2.948290000,0</coordinates></Point>
        </Placemark>

        <Placemark>
          <name>2387</name>
          <styleUrl>#style_Healthy</styleUrl>
          <ExtendedData>
            <Data name="id"><value>2387</value></Data>
            <Data name="Class"><value>Healthy</value></Data>
          </ExtendedData>
          <Point><coordinates>102.436087000,2.948300000,0</coordinates></Point>
        </Placemark>

        <Placemark>
          <name>2388</name>
          <styleUrl>#style_Healthy</styleUrl>
          <ExtendedData>
            <Data name="id"><value>2388</value></Data>
            <Data name="Class"><value>Healthy</value></Data>
          </ExtendedData>
          <Point><coordinates>102.437737000,2.947916000,0</coordinates></Point>
        </Placemark>

        <Placemark>
          <name>2389</name>
          <styleUrl>#style_Healthy</styleUrl>
          <ExtendedData>
            <Data name="id"><value>2389</value></Data>
            <Data name="Class"><value>Healthy</value></Data>
          </ExtendedData>
          <Point><coordinates>102.437131000,2.945309000,0</coordinates></Point>
        </Placemark>

        <Placemark>
          <name>2390</name>
          <styleUrl>#style_Healthy</styleUrl>
          <ExtendedData>
            <Data name="id"><value>2390</value></Data>
            <Data name="Class"><value>Healthy</value></Data>
          </ExtendedData>
          <Point><coordinates>102.437809000,2.947910000,0</coordinates></Point>
        </Placemark>

        <Placemark>
          <name>2391</name>
          <styleUrl>#style_Healthy</styleUrl>
          <ExtendedData>
            <Data name="id"><value>2391</value></Data>
            <Data name="Class"><value>Healthy</value></Data>
          </ExtendedData>
          <Point><coordinates>102.436237000,2.948980000,0</coordinates></Point>
        </Placemark>

        <Placemark>
          <name>2392</name>
          <styleUrl>#style_Healthy</styleUrl>
          <ExtendedData>
            <Data name="id"><value>2392</value></Data>
            <Data name="Class"><value>Healthy</value></Data>
          </ExtendedData>
          <Point><coordinates>102.436041000,2.948638000,0</coordinates></Point>
        </Placemark>

        <Placemark>
          <name>2393</name>
          <styleUrl>#style_Healthy</styleUrl>
          <ExtendedData>
            <Data name="id"><value>2393</value></Data>
            <Data name="Class"><value>Healthy</value></Data>
          </ExtendedData>
          <Point><coordinates>102.437774000,2.947842000,0</coordinates></Point>
        </Placemark>

        <Placemark>
          <name>2395</name>
          <styleUrl>#style_Healthy</styleUrl>
          <ExtendedData>
            <Data name="id"><value>2395</value></Data>
            <Data name="Class"><value>Healthy</value></Data>
          </ExtendedData>
          <Point><coordinates>102.437693000,2.947701000,0</coordinates></Point>
        </Placemark>

        <Placemark>
          <name>2396</name>
          <styleUrl>#style_Healthy</styleUrl>
          <ExtendedData>
            <Data name="id"><value>2396</value></Data>
            <Data name="Class"><value>Healthy</value></Data>
          </ExtendedData>
          <Point><coordinates>102.437616000,2.947565000,0</coordinates></Point>
        </Placemark>

        <Placemark>
          <name>2397</name>
          <styleUrl>#style_Healthy</styleUrl>
          <ExtendedData>
            <Data name="id"><value>2397</value></Data>
            <Data name="Class"><value>Healthy</value></Data>
          </ExtendedData>
          <Point><coordinates>102.434785000,2.948487000,0</coordinates></Point>
        </Placemark>

        <Placemark>
          <name>2399</name>
          <styleUrl>#style_Healthy</styleUrl>
          <ExtendedData>
            <Data name="id"><value>2399</value></Data>
            <Data name="Class"><value>Healthy</value></Data>
          </ExtendedData>
          <Point><coordinates>102.437769000,2.948116000,0</coordinates></Point>
        </Placemark>

        <Placemark>
          <name>2400</name>
          <styleUrl>#style_Healthy</styleUrl>
          <ExtendedData>
            <Data name="id"><value>2400</value></Data>
            <Data name="Class"><value>Healthy</value></Data>
          </ExtendedData>
          <Point><coordinates>102.433132000,2.948477000,0</coordinates></Point>
        </Placemark>

        <Placemark>
          <name>2401</name>
          <styleUrl>#style_Healthy</styleUrl>
          <ExtendedData>
            <Data name="id"><value>2401</value></Data>
            <Data name="Class"><value>Healthy</value></Data>
          </ExtendedData>
          <Point><coordinates>102.433138000,2.948607000,0</coordinates></Point>
        </Placemark>

        <Placemark>
          <name>2402</name>
          <styleUrl>#style_Healthy</styleUrl>
          <ExtendedData>
            <Data name="id"><value>2402</value></Data>
            <Data name="Class"><value>Healthy</value></Data>
          </ExtendedData>
          <Point><coordinates>102.437812000,2.948049000,0</coordinates></Point>
        </Placemark>

        <Placemark>
          <name>2403</name>
          <styleUrl>#style_Healthy</styleUrl>
          <ExtendedData>
            <Data name="id"><value>2403</value></Data>
            <Data name="Class"><value>Healthy</value></Data>
          </ExtendedData>
          <Point><coordinates>102.437614000,2.947705000,0</coordinates></Point>
        </Placemark>

        <Placemark>
          <name>2404</name>
          <styleUrl>#style_Healthy</styleUrl>
          <ExtendedData>
            <Data name="id"><value>2404</value></Data>
            <Data name="Class"><value>Healthy</value></Data>
          </ExtendedData>
          <Point><coordinates>102.435923000,2.948295000,0</coordinates></Point>
        </Placemark>

        <Placemark>
          <name>2405</name>
          <styleUrl>#style_Healthy</styleUrl>
          <ExtendedData>
            <Data name="id"><value>2405</value></Data>
            <Data name="Class"><value>Healthy</value></Data>
          </ExtendedData>
          <Point><coordinates>102.436324000,2.948708000,0</coordinates></Point>
        </Placemark>

        <Placemark>
          <name>2406</name>
          <styleUrl>#style_Healthy</styleUrl>
          <ExtendedData>
            <Data name="id"><value>2406</value></Data>
            <Data name="Class"><value>Healthy</value></Data>
          </ExtendedData>
          <Point><coordinates>102.434706000,2.948350000,0</coordinates></Point>
        </Placemark>

        <Placemark>
          <name>2407</name>
          <styleUrl>#style_Healthy</styleUrl>
          <ExtendedData>
            <Data name="id"><value>2407</value></Data>
            <Data name="Class"><value>Healthy</value></Data>
          </ExtendedData>
          <Point><coordinates>102.437134000,2.945441000,0</coordinates></Point>
        </Placemark>

        <Placemark>
          <name>2408</name>
          <styleUrl>#style_Healthy</styleUrl>
          <ExtendedData>
            <Data name="id"><value>2408</value></Data>
            <Data name="Class"><value>Healthy</value></Data>
          </ExtendedData>
          <Point><coordinates>102.433057000,2.948608000,0</coordinates></Point>
        </Placemark>

        <Placemark>
          <name>2409</name>
          <styleUrl>#style_Healthy</styleUrl>
          <ExtendedData>
            <Data name="id"><value>2409</value></Data>
            <Data name="Class"><value>Healthy</value></Data>
          </ExtendedData>
          <Point><coordinates>102.432903000,2.948194000,0</coordinates></Point>
        </Placemark>

        <Placemark>
          <name>2410</name>
          <styleUrl>#style_Healthy</styleUrl>
          <ExtendedData>
            <Data name="id"><value>2410</value></Data>
            <Data name="Class"><value>Healthy</value></Data>
          </ExtendedData>
          <Point><coordinates>102.436161000,2.948575000,0</coordinates></Point>
        </Placemark>

        <Placemark>
          <name>2411</name>
          <styleUrl>#style_Healthy</styleUrl>
          <ExtendedData>
            <Data name="id"><value>2411</value></Data>
            <Data name="Class"><value>Healthy</value></Data>
          </ExtendedData>
          <Point><coordinates>102.435965000,2.948228000,0</coordinates></Point>
        </Placemark>

        <Placemark>
          <name>2412</name>
          <styleUrl>#style_Healthy</styleUrl>
          <ExtendedData>
            <Data name="id"><value>2412</value></Data>
            <Data name="Class"><value>Healthy</value></Data>
          </ExtendedData>
          <Point><coordinates>102.434784000,2.948761000,0</coordinates></Point>
        </Placemark>

        <Placemark>
          <name>2413</name>
          <styleUrl>#style_Healthy</styleUrl>
          <ExtendedData>
            <Data name="id"><value>2413</value></Data>
            <Data name="Class"><value>Healthy</value></Data>
          </ExtendedData>
          <Point><coordinates>102.436003000,2.948296000,0</coordinates></Point>
        </Placemark>

        <Placemark>
          <name>2414</name>
          <styleUrl>#style_Healthy</styleUrl>
          <ExtendedData>
            <Data name="id"><value>2414</value></Data>
            <Data name="Class"><value>Healthy</value></Data>
          </ExtendedData>
          <Point><coordinates>102.436156000,2.948843000,0</coordinates></Point>
        </Placemark>

        <Placemark>
          <name>2415</name>
          <styleUrl>#style_Healthy</styleUrl>
          <ExtendedData>
            <Data name="id"><value>2415</value></Data>
            <Data name="Class"><value>Healthy</value></Data>
          </ExtendedData>
          <Point><coordinates>102.436238000,2.948842000,0</coordinates></Point>
        </Placemark>

        <Placemark>
          <name>2417</name>
          <styleUrl>#style_Healthy</styleUrl>
          <ExtendedData>
            <Data name="id"><value>2417</value></Data>
            <Data name="Class"><value>Healthy</value></Data>
          </ExtendedData>
          <Point><coordinates>102.437329000,2.945654000,0</coordinates></Point>
        </Placemark>

        <Placemark>
          <name>2418</name>
          <styleUrl>#style_Healthy</styleUrl>
          <ExtendedData>
            <Data name="id"><value>2418</value></Data>
            <Data name="Class"><value>Healthy</value></Data>
          </ExtendedData>
          <Point><coordinates>102.436397000,2.948848000,0</coordinates></Point>
        </Placemark>

        <Placemark>
          <name>2419</name>
          <styleUrl>#style_Healthy</styleUrl>
          <ExtendedData>
            <Data name="id"><value>2419</value></Data>
            <Data name="Class"><value>Healthy</value></Data>
          </ExtendedData>
          <Point><coordinates>102.437014000,2.945373000,0</coordinates></Point>
        </Placemark>

        <Placemark>
          <name>2420</name>
          <styleUrl>#style_Healthy</styleUrl>
          <ExtendedData>
            <Data name="id"><value>2420</value></Data>
            <Data name="Class"><value>Healthy</value></Data>
          </ExtendedData>
          <Point><coordinates>102.436045000,2.948231000,0</coordinates></Point>
        </Placemark>

        <Placemark>
          <name>2421</name>
          <styleUrl>#style_Healthy</styleUrl>
          <ExtendedData>
            <Data name="id"><value>2421</value></Data>
            <Data name="Class"><value>Healthy</value></Data>
          </ExtendedData>
          <Point><coordinates>102.437132000,2.945169000,0</coordinates></Point>
        </Placemark>

        <Placemark>
          <name>2422</name>
          <styleUrl>#style_Healthy</styleUrl>
          <ExtendedData>
            <Data name="id"><value>2422</value></Data>
            <Data name="Class"><value>Healthy</value></Data>
          </ExtendedData>
          <Point><coordinates>102.433324000,2.948811000,0</coordinates></Point>
        </Placemark>

        <Placemark>
          <name>2423</name>
          <styleUrl>#style_Healthy</styleUrl>
          <ExtendedData>
            <Data name="id"><value>2423</value></Data>
            <Data name="Class"><value>Healthy</value></Data>
          </ExtendedData>
          <Point><coordinates>102.436125000,2.948637000,0</coordinates></Point>
        </Placemark>

        <Placemark>
          <name>2424</name>
          <styleUrl>#style_Healthy</styleUrl>
          <ExtendedData>
            <Data name="id"><value>2424</value></Data>
            <Data name="Class"><value>Healthy</value></Data>
          </ExtendedData>
          <Point><coordinates>102.434666000,2.948691000,0</coordinates></Point>
        </Placemark>

        <Placemark>
          <name>2425</name>
          <styleUrl>#style_Healthy</styleUrl>
          <ExtendedData>
            <Data name="id"><value>2425</value></Data>
            <Data name="Class"><value>Healthy</value></Data>
          </ExtendedData>
          <Point><coordinates>102.433329000,2.949091000,0</coordinates></Point>
        </Placemark>

        <Placemark>
          <name>2426</name>
          <styleUrl>#style_Healthy</styleUrl>
          <ExtendedData>
            <Data name="id"><value>2426</value></Data>
            <Data name="Class"><value>Healthy</value></Data>
          </ExtendedData>
          <Point><coordinates>102.437540000,2.947426000,0</coordinates></Point>
        </Placemark>

        <Placemark>
          <name>2427</name>
          <styleUrl>#style_Healthy</styleUrl>
          <ExtendedData>
            <Data name="id"><value>2427</value></Data>
            <Data name="Class"><value>Healthy</value></Data>
          </ExtendedData>
          <Point><coordinates>102.433207000,2.948735000,0</coordinates></Point>
        </Placemark>

        <Placemark>
          <name>2428</name>
          <styleUrl>#style_Healthy</styleUrl>
          <ExtendedData>
            <Data name="id"><value>2428</value></Data>
            <Data name="Class"><value>Healthy</value></Data>
          </ExtendedData>
          <Point><coordinates>102.436080000,2.948707000,0</coordinates></Point>
        </Placemark>

        <Placemark>
          <name>2429</name>
          <styleUrl>#style_Healthy</styleUrl>
          <ExtendedData>
            <Data name="id"><value>2429</value></Data>
            <Data name="Class"><value>Healthy</value></Data>
          </ExtendedData>
          <Point><coordinates>102.437169000,2.945377000,0</coordinates></Point>
        </Placemark>

        <Placemark>
          <name>2430</name>
          <styleUrl>#style_Healthy</styleUrl>
          <ExtendedData>
            <Data name="id"><value>2430</value></Data>
            <Data name="Class"><value>Healthy</value></Data>
          </ExtendedData>
          <Point><coordinates>102.436202000,2.948499000,0</coordinates></Point>
        </Placemark>

        <Placemark>
          <name>2431</name>
          <styleUrl>#style_Healthy</styleUrl>
          <ExtendedData>
            <Data name="id"><value>2431</value></Data>
            <Data name="Class"><value>Healthy</value></Data>
          </ExtendedData>
          <Point><coordinates>102.437250000,2.945517000,0</coordinates></Point>
        </Placemark>

        <Placemark>
          <name>2432</name>
          <styleUrl>#style_Healthy</styleUrl>
          <ExtendedData>
            <Data name="id"><value>2432</value></Data>
            <Data name="Class"><value>Healthy</value></Data>
          </ExtendedData>
          <Point><coordinates>102.433362000,2.948881000,0</coordinates></Point>
        </Placemark>

        <Placemark>
          <name>2433</name>
          <styleUrl>#style_Healthy</styleUrl>
          <ExtendedData>
            <Data name="id"><value>2433</value></Data>
            <Data name="Class"><value>Healthy</value></Data>
          </ExtendedData>
          <Point><coordinates>102.437057000,2.945443000,0</coordinates></Point>
        </Placemark>

        <Placemark>
          <name>2434</name>
          <styleUrl>#style_Healthy</styleUrl>
          <ExtendedData>
            <Data name="id"><value>2434</value></Data>
            <Data name="Class"><value>Healthy</value></Data>
          </ExtendedData>
          <Point><coordinates>102.434824000,2.948692000,0</coordinates></Point>
        </Placemark>

        <Placemark>
          <name>2435</name>
          <styleUrl>#style_Healthy</styleUrl>
          <ExtendedData>
            <Data name="id"><value>2435</value></Data>
            <Data name="Class"><value>Healthy</value></Data>
          </ExtendedData>
          <Point><coordinates>102.436121000,2.948774000,0</coordinates></Point>
        </Placemark>

        <Placemark>
          <name>2436</name>
          <styleUrl>#style_Healthy</styleUrl>
          <ExtendedData>
            <Data name="id"><value>2436</value></Data>
            <Data name="Class"><value>Healthy</value></Data>
          </ExtendedData>
          <Point><coordinates>102.433324000,2.948954000,0</coordinates></Point>
        </Placemark>

        <Placemark>
          <name>2437</name>
          <styleUrl>#style_Healthy</styleUrl>
          <ExtendedData>
            <Data name="id"><value>2437</value></Data>
            <Data name="Class"><value>Healthy</value></Data>
          </ExtendedData>
          <Point><coordinates>102.435007000,2.949173000,0</coordinates></Point>
        </Placemark>

        <Placemark>
          <name>2438</name>
          <styleUrl>#style_Healthy</styleUrl>
          <ExtendedData>
            <Data name="id"><value>2438</value></Data>
            <Data name="Class"><value>Healthy</value></Data>
          </ExtendedData>
          <Point><coordinates>102.436360000,2.948775000,0</coordinates></Point>
        </Placemark>

        <Placemark>
          <name>2439</name>
          <styleUrl>#style_Healthy</styleUrl>
          <ExtendedData>
            <Data name="id"><value>2439</value></Data>
            <Data name="Class"><value>Healthy</value></Data>
          </ExtendedData>
          <Point><coordinates>102.434702000,2.948486000,0</coordinates></Point>
        </Placemark>

        <Placemark>
          <name>2440</name>
          <styleUrl>#style_Healthy</styleUrl>
          <ExtendedData>
            <Data name="id"><value>2440</value></Data>
            <Data name="Class"><value>Healthy</value></Data>
          </ExtendedData>
          <Point><coordinates>102.437548000,2.947291000,0</coordinates></Point>
        </Placemark>

        <Placemark>
          <name>2441</name>
          <styleUrl>#style_Healthy</styleUrl>
          <ExtendedData>
            <Data name="id"><value>2441</value></Data>
            <Data name="Class"><value>Healthy</value></Data>
          </ExtendedData>
          <Point><coordinates>102.437174000,2.945241000,0</coordinates></Point>
        </Placemark>

        <Placemark>
          <name>2442</name>
          <styleUrl>#style_Healthy</styleUrl>
          <ExtendedData>
            <Data name="id"><value>2442</value></Data>
            <Data name="Class"><value>Healthy</value></Data>
          </ExtendedData>
          <Point><coordinates>102.437212000,2.945448000,0</coordinates></Point>
        </Placemark>

        <Placemark>
          <name>2443</name>
          <styleUrl>#style_Healthy</styleUrl>
          <ExtendedData>
            <Data name="id"><value>2443</value></Data>
            <Data name="Class"><value>Healthy</value></Data>
          </ExtendedData>
          <Point><coordinates>102.437211000,2.945582000,0</coordinates></Point>
        </Placemark>

        <Placemark>
          <name>2444</name>
          <styleUrl>#style_Healthy</styleUrl>
          <ExtendedData>
            <Data name="id"><value>2444</value></Data>
            <Data name="Class"><value>Healthy</value></Data>
          </ExtendedData>
          <Point><coordinates>102.436976000,2.945303000,0</coordinates></Point>
        </Placemark>

        <Placemark>
          <name>2445</name>
          <styleUrl>#style_Healthy</styleUrl>
          <ExtendedData>
            <Data name="id"><value>2445</value></Data>
            <Data name="Class"><value>Healthy</value></Data>
          </ExtendedData>
          <Point><coordinates>102.437250000,2.945384000,0</coordinates></Point>
        </Placemark>

        <Placemark>
          <name>2446</name>
          <styleUrl>#style_Healthy</styleUrl>
          <ExtendedData>
            <Data name="id"><value>2446</value></Data>
            <Data name="Class"><value>Healthy</value></Data>
          </ExtendedData>
          <Point><coordinates>102.433403000,2.948947000,0</coordinates></Point>
        </Placemark>

        <Placemark>
          <name>2447</name>
          <styleUrl>#style_Healthy</styleUrl>
          <ExtendedData>
            <Data name="id"><value>2447</value></Data>
            <Data name="Class"><value>Healthy</value></Data>
          </ExtendedData>
          <Point><coordinates>102.437559000,2.945931000,0</coordinates></Point>
        </Placemark>

        <Placemark>
          <name>2448</name>
          <styleUrl>#style_Healthy</styleUrl>
          <ExtendedData>
            <Data name="id"><value>2448</value></Data>
            <Data name="Class"><value>Healthy</value></Data>
          </ExtendedData>
          <Point><coordinates>102.437541000,2.947702000,0</coordinates></Point>
        </Placemark>

        <Placemark>
          <name>2449</name>
          <styleUrl>#style_Healthy</styleUrl>
          <ExtendedData>
            <Data name="id"><value>2449</value></Data>
            <Data name="Class"><value>Healthy</value></Data>
          </ExtendedData>
          <Point><coordinates>102.434859000,2.948625000,0</coordinates></Point>
        </Placemark>

        <Placemark>
          <name>2450</name>
          <styleUrl>#style_Healthy</styleUrl>
          <ExtendedData>
            <Data name="id"><value>2450</value></Data>
            <Data name="Class"><value>Healthy</value></Data>
          </ExtendedData>
          <Point><coordinates>102.433461000,2.948887000,0</coordinates></Point>
        </Placemark>

        <Placemark>
          <name>2451</name>
          <styleUrl>#style_Healthy</styleUrl>
          <ExtendedData>
            <Data name="id"><value>2451</value></Data>
            <Data name="Class"><value>Healthy</value></Data>
          </ExtendedData>
          <Point><coordinates>102.434782000,2.948624000,0</coordinates></Point>
        </Placemark>

        <Placemark>
          <name>2452</name>
          <styleUrl>#style_Healthy</styleUrl>
          <ExtendedData>
            <Data name="id"><value>2452</value></Data>
            <Data name="Class"><value>Healthy</value></Data>
          </ExtendedData>
          <Point><coordinates>102.437848000,2.948114000,0</coordinates></Point>
        </Placemark>

        <Placemark>
          <name>2453</name>
          <styleUrl>#style_Healthy</styleUrl>
          <ExtendedData>
            <Data name="id"><value>2453</value></Data>
            <Data name="Class"><value>Healthy</value></Data>
          </ExtendedData>
          <Point><coordinates>102.437089000,2.945237000,0</coordinates></Point>
        </Placemark>

        <Placemark>
          <name>2454</name>
          <styleUrl>#style_Healthy</styleUrl>
          <ExtendedData>
            <Data name="id"><value>2454</value></Data>
            <Data name="Class"><value>Healthy</value></Data>
          </ExtendedData>
          <Point><coordinates>102.436273000,2.949051000,0</coordinates></Point>
        </Placemark>

        <Placemark>
          <name>2455</name>
          <styleUrl>#style_Healthy</styleUrl>
          <ExtendedData>
            <Data name="id"><value>2455</value></Data>
            <Data name="Class"><value>Healthy</value></Data>
          </ExtendedData>
          <Point><coordinates>102.434627000,2.948348000,0</coordinates></Point>
        </Placemark>

        <Placemark>
          <name>2456</name>
          <styleUrl>#style_Healthy</styleUrl>
          <ExtendedData>
            <Data name="id"><value>2456</value></Data>
            <Data name="Class"><value>Healthy</value></Data>
          </ExtendedData>
          <Point><coordinates>102.434473000,2.948210000,0</coordinates></Point>
        </Placemark>

        <Placemark>
          <name>2457</name>
          <styleUrl>#style_Healthy</styleUrl>
          <ExtendedData>
            <Data name="id"><value>2457</value></Data>
            <Data name="Class"><value>Healthy</value></Data>
          </ExtendedData>
          <Point><coordinates>102.436241000,2.948575000,0</coordinates></Point>
        </Placemark>

        <Placemark>
          <name>2458</name>
          <styleUrl>#style_Healthy</styleUrl>
          <ExtendedData>
            <Data name="id"><value>2458</value></Data>
            <Data name="Class"><value>Healthy</value></Data>
          </ExtendedData>
          <Point><coordinates>102.433291000,2.948607000,0</coordinates></Point>
        </Placemark>

        <Placemark>
          <name>2460</name>
          <styleUrl>#style_Healthy</styleUrl>
          <ExtendedData>
            <Data name="id"><value>2460</value></Data>
            <Data name="Class"><value>Healthy</value></Data>
          </ExtendedData>
          <Point><coordinates>102.432972000,2.948470000,0</coordinates></Point>
        </Placemark>

        <Placemark>
          <name>2461</name>
          <styleUrl>#style_Healthy</styleUrl>
          <ExtendedData>
            <Data name="id"><value>2461</value></Data>
            <Data name="Class"><value>Healthy</value></Data>
          </ExtendedData>
          <Point><coordinates>102.435809000,2.948220000,0</coordinates></Point>
        </Placemark>

        <Placemark>
          <name>2462</name>
          <styleUrl>#style_Healthy</styleUrl>
          <ExtendedData>
            <Data name="id"><value>2462</value></Data>
            <Data name="Class"><value>Healthy</value></Data>
          </ExtendedData>
          <Point><coordinates>102.437133000,2.945584000,0</coordinates></Point>
        </Placemark>

        <Placemark>
          <name>2463</name>
          <styleUrl>#style_Healthy</styleUrl>
          <ExtendedData>
            <Data name="id"><value>2463</value></Data>
            <Data name="Class"><value>Healthy</value></Data>
          </ExtendedData>
          <Point><coordinates>102.433205000,2.948603000,0</coordinates></Point>
        </Placemark>

        <Placemark>
          <name>2464</name>
          <styleUrl>#style_Healthy</styleUrl>
          <ExtendedData>
            <Data name="id"><value>2464</value></Data>
            <Data name="Class"><value>Healthy</value></Data>
          </ExtendedData>
          <Point><coordinates>102.437096000,2.945512000,0</coordinates></Point>
        </Placemark>

        <Placemark>
          <name>2465</name>
          <styleUrl>#style_Healthy</styleUrl>
          <ExtendedData>
            <Data name="id"><value>2465</value></Data>
            <Data name="Class"><value>Healthy</value></Data>
          </ExtendedData>
          <Point><coordinates>102.433104000,2.948543000,0</coordinates></Point>
        </Placemark>

        <Placemark>
          <name>2466</name>
          <styleUrl>#style_Healthy</styleUrl>
          <ExtendedData>
            <Data name="id"><value>2466</value></Data>
            <Data name="Class"><value>Healthy</value></Data>
          </ExtendedData>
          <Point><coordinates>102.436315000,2.948850000,0</coordinates></Point>
        </Placemark>

        <Placemark>
          <name>2467</name>
          <styleUrl>#style_Healthy</styleUrl>
          <ExtendedData>
            <Data name="id"><value>2467</value></Data>
            <Data name="Class"><value>Healthy</value></Data>
          </ExtendedData>
          <Point><coordinates>102.437090000,2.945374000,0</coordinates></Point>
        </Placemark>

        <Placemark>
          <name>2468</name>
          <styleUrl>#style_Healthy</styleUrl>
          <ExtendedData>
            <Data name="id"><value>2468</value></Data>
            <Data name="Class"><value>Healthy</value></Data>
          </ExtendedData>
          <Point><coordinates>102.433287000,2.948742000,0</coordinates></Point>
        </Placemark>

        <Placemark>
          <name>2469</name>
          <styleUrl>#style_Healthy</styleUrl>
          <ExtendedData>
            <Data name="id"><value>2469</value></Data>
            <Data name="Class"><value>Healthy</value></Data>
          </ExtendedData>
          <Point><coordinates>102.434668000,2.948419000,0</coordinates></Point>
        </Placemark>

        <Placemark>
          <name>2470</name>
          <styleUrl>#style_Healthy</styleUrl>
          <ExtendedData>
            <Data name="id"><value>2470</value></Data>
            <Data name="Class"><value>Healthy</value></Data>
          </ExtendedData>
          <Point><coordinates>102.434858000,2.949034000,0</coordinates></Point>
        </Placemark>

        <Placemark>
          <name>2471</name>
          <styleUrl>#style_Healthy</styleUrl>
          <ExtendedData>
            <Data name="id"><value>2471</value></Data>
            <Data name="Class"><value>Healthy</value></Data>
          </ExtendedData>
          <Point><coordinates>102.437249000,2.945784000,0</coordinates></Point>
        </Placemark>

        <Placemark>
          <name>2472</name>
          <styleUrl>#style_Healthy</styleUrl>
          <ExtendedData>
            <Data name="id"><value>2472</value></Data>
            <Data name="Class"><value>Healthy</value></Data>
          </ExtendedData>
          <Point><coordinates>102.434973000,2.949105000,0</coordinates></Point>
        </Placemark>

        <Placemark>
          <name>2473</name>
          <styleUrl>#style_Healthy</styleUrl>
          <ExtendedData>
            <Data name="id"><value>2473</value></Data>
            <Data name="Class"><value>Healthy</value></Data>
          </ExtendedData>
          <Point><coordinates>102.437170000,2.945649000,0</coordinates></Point>
        </Placemark>

        <Placemark>
          <name>2474</name>
          <styleUrl>#style_Healthy</styleUrl>
          <ExtendedData>
            <Data name="id"><value>2474</value></Data>
            <Data name="Class"><value>Healthy</value></Data>
          </ExtendedData>
          <Point><coordinates>102.437516000,2.945994000,0</coordinates></Point>
        </Placemark>

        <Placemark>
          <name>2475</name>
          <styleUrl>#style_Healthy</styleUrl>
          <ExtendedData>
            <Data name="id"><value>2475</value></Data>
            <Data name="Class"><value>Healthy</value></Data>
          </ExtendedData>
          <Point><coordinates>102.433133000,2.948743000,0</coordinates></Point>
        </Placemark>

        <Placemark>
          <name>2476</name>
          <styleUrl>#style_Healthy</styleUrl>
          <ExtendedData>
            <Data name="id"><value>2476</value></Data>
            <Data name="Class"><value>Healthy</value></Data>
          </ExtendedData>
          <Point><coordinates>102.437212000,2.945307000,0</coordinates></Point>
        </Placemark>

        <Placemark>
          <name>2477</name>
          <styleUrl>#style_Healthy</styleUrl>
          <ExtendedData>
            <Data name="id"><value>2477</value></Data>
            <Data name="Class"><value>Healthy</value></Data>
          </ExtendedData>
          <Point><coordinates>102.436283000,2.948642000,0</coordinates></Point>
        </Placemark>

        <Placemark>
          <name>2478</name>
          <styleUrl>#style_Healthy</styleUrl>
          <ExtendedData>
            <Data name="id"><value>2478</value></Data>
            <Data name="Class"><value>Healthy</value></Data>
          </ExtendedData>
          <Point><coordinates>102.437320000,2.945926000,0</coordinates></Point>
        </Placemark>

        <Placemark>
          <name>2479</name>
          <styleUrl>#style_Healthy</styleUrl>
          <ExtendedData>
            <Data name="id"><value>2479</value></Data>
            <Data name="Class"><value>Healthy</value></Data>
          </ExtendedData>
          <Point><coordinates>102.434701000,2.948620000,0</coordinates></Point>
        </Placemark>

        <Placemark>
          <name>2480</name>
          <styleUrl>#style_Healthy</styleUrl>
          <ExtendedData>
            <Data name="id"><value>2480</value></Data>
            <Data name="Class"><value>Healthy</value></Data>
          </ExtendedData>
          <Point><coordinates>102.436395000,2.948985000,0</coordinates></Point>
        </Placemark>

        <Placemark>
          <name>2481</name>
          <styleUrl>#style_Healthy</styleUrl>
          <ExtendedData>
            <Data name="id"><value>2481</value></Data>
            <Data name="Class"><value>Healthy</value></Data>
          </ExtendedData>
          <Point><coordinates>102.437441000,2.945855000,0</coordinates></Point>
        </Placemark>

        <Placemark>
          <name>2482</name>
          <styleUrl>#style_Healthy</styleUrl>
          <ExtendedData>
            <Data name="id"><value>2482</value></Data>
            <Data name="Class"><value>Healthy</value></Data>
          </ExtendedData>
          <Point><coordinates>102.434628000,2.948488000,0</coordinates></Point>
        </Placemark>

        <Placemark>
          <name>2483</name>
          <styleUrl>#style_Healthy</styleUrl>
          <ExtendedData>
            <Data name="id"><value>2483</value></Data>
            <Data name="Class"><value>Healthy</value></Data>
          </ExtendedData>
          <Point><coordinates>102.434938000,2.949039000,0</coordinates></Point>
        </Placemark>

        <Placemark>
          <name>2484</name>
          <styleUrl>#style_Healthy</styleUrl>
          <ExtendedData>
            <Data name="id"><value>2484</value></Data>
            <Data name="Class"><value>Healthy</value></Data>
          </ExtendedData>
          <Point><coordinates>102.434979000,2.948966000,0</coordinates></Point>
        </Placemark>

        <Placemark>
          <name>2485</name>
          <styleUrl>#style_Healthy</styleUrl>
          <ExtendedData>
            <Data name="id"><value>2485</value></Data>
            <Data name="Class"><value>Healthy</value></Data>
          </ExtendedData>
          <Point><coordinates>102.437174000,2.945513000,0</coordinates></Point>
        </Placemark>

        <Placemark>
          <name>2486</name>
          <styleUrl>#style_Healthy</styleUrl>
          <ExtendedData>
            <Data name="id"><value>2486</value></Data>
            <Data name="Class"><value>Healthy</value></Data>
          </ExtendedData>
          <Point><coordinates>102.437056000,2.945303000,0</coordinates></Point>
        </Placemark>

        <Placemark>
          <name>2487</name>
          <styleUrl>#style_Healthy</styleUrl>
          <ExtendedData>
            <Data name="id"><value>2487</value></Data>
            <Data name="Class"><value>Healthy</value></Data>
          </ExtendedData>
          <Point><coordinates>102.434977000,2.949241000,0</coordinates></Point>
        </Placemark>

        <Placemark>
          <name>2488</name>
          <styleUrl>#style_Healthy</styleUrl>
          <ExtendedData>
            <Data name="id"><value>2488</value></Data>
            <Data name="Class"><value>Healthy</value></Data>
          </ExtendedData>
          <Point><coordinates>102.434938000,2.948897000,0</coordinates></Point>
        </Placemark>

        <Placemark>
          <name>2489</name>
          <styleUrl>#style_Healthy</styleUrl>
          <ExtendedData>
            <Data name="id"><value>2489</value></Data>
            <Data name="Class"><value>Healthy</value></Data>
          </ExtendedData>
          <Point><coordinates>102.434547000,2.948347000,0</coordinates></Point>
        </Placemark>

        <Placemark>
          <name>2490</name>
          <styleUrl>#style_Healthy</styleUrl>
          <ExtendedData>
            <Data name="id"><value>2490</value></Data>
            <Data name="Class"><value>Healthy</value></Data>
          </ExtendedData>
          <Point><coordinates>102.434894000,2.949105000,0</coordinates></Point>
        </Placemark>

        <Placemark>
          <name>2491</name>
          <styleUrl>#style_Healthy</styleUrl>
          <ExtendedData>
            <Data name="id"><value>2491</value></Data>
            <Data name="Class"><value>Healthy</value></Data>
          </ExtendedData>
          <Point><coordinates>102.434862000,2.948898000,0</coordinates></Point>
        </Placemark>

        <Placemark>
          <name>2492</name>
          <styleUrl>#style_Healthy</styleUrl>
          <ExtendedData>
            <Data name="id"><value>2492</value></Data>
            <Data name="Class"><value>Healthy</value></Data>
          </ExtendedData>
          <Point><coordinates>102.436202000,2.948637000,0</coordinates></Point>
        </Placemark>

        <Placemark>
          <name>2493</name>
          <styleUrl>#style_Healthy</styleUrl>
          <ExtendedData>
            <Data name="id"><value>2493</value></Data>
            <Data name="Class"><value>Healthy</value></Data>
          </ExtendedData>
          <Point><coordinates>102.434740000,2.948690000,0</coordinates></Point>
        </Placemark>

        <Placemark>
          <name>2494</name>
          <styleUrl>#style_Healthy</styleUrl>
          <ExtendedData>
            <Data name="id"><value>2494</value></Data>
            <Data name="Class"><value>Healthy</value></Data>
          </ExtendedData>
          <Point><coordinates>102.434588000,2.948275000,0</coordinates></Point>
        </Placemark>

        <Placemark>
          <name>2495</name>
          <styleUrl>#style_Healthy</styleUrl>
          <ExtendedData>
            <Data name="id"><value>2495</value></Data>
            <Data name="Class"><value>Healthy</value></Data>
          </ExtendedData>
          <Point><coordinates>102.436241000,2.948706000,0</coordinates></Point>
        </Placemark>

        <Placemark>
          <name>2496</name>
          <styleUrl>#style_Healthy</styleUrl>
          <ExtendedData>
            <Data name="id"><value>2496</value></Data>
            <Data name="Class"><value>Healthy</value></Data>
          </ExtendedData>
          <Point><coordinates>102.437593000,2.945995000,0</coordinates></Point>
        </Placemark>

        <Placemark>
          <name>2497</name>
          <styleUrl>#style_Healthy</styleUrl>
          <ExtendedData>
            <Data name="id"><value>2497</value></Data>
            <Data name="Class"><value>Healthy</value></Data>
          </ExtendedData>
          <Point><coordinates>102.437292000,2.945447000,0</coordinates></Point>
        </Placemark>

        <Placemark>
          <name>2498</name>
          <styleUrl>#style_Healthy</styleUrl>
          <ExtendedData>
            <Data name="id"><value>2498</value></Data>
            <Data name="Class"><value>Healthy</value></Data>
          </ExtendedData>
          <Point><coordinates>102.437281000,2.945853000,0</coordinates></Point>
        </Placemark>

        <Placemark>
          <name>2499</name>
          <styleUrl>#style_Healthy</styleUrl>
          <ExtendedData>
            <Data name="id"><value>2499</value></Data>
            <Data name="Class"><value>Healthy</value></Data>
          </ExtendedData>
          <Point><coordinates>102.437888000,2.948185000,0</coordinates></Point>
        </Placemark>

        <Placemark>
          <name>2500</name>
          <styleUrl>#style_Healthy</styleUrl>
          <ExtendedData>
            <Data name="id"><value>2500</value></Data>
            <Data name="Class"><value>Healthy</value></Data>
          </ExtendedData>
          <Point><coordinates>102.437927000,2.948121000,0</coordinates></Point>
        </Placemark>

        <Placemark>
          <name>2501</name>
          <styleUrl>#style_Healthy</styleUrl>
          <ExtendedData>
            <Data name="id"><value>2501</value></Data>
            <Data name="Class"><value>Healthy</value></Data>
          </ExtendedData>
          <Point><coordinates>102.434628000,2.948211000,0</coordinates></Point>
        </Placemark>

        <Placemark>
          <name>2502</name>
          <styleUrl>#style_Healthy</styleUrl>
          <ExtendedData>
            <Data name="id"><value>2502</value></Data>
            <Data name="Class"><value>Healthy</value></Data>
          </ExtendedData>
          <Point><coordinates>102.434694000,2.948761000,0</coordinates></Point>
        </Placemark>

        <Placemark>
          <name>2503</name>
          <styleUrl>#style_Healthy</styleUrl>
          <ExtendedData>
            <Data name="id"><value>2503</value></Data>
            <Data name="Class"><value>Healthy</value></Data>
          </ExtendedData>
          <Point><coordinates>102.434735000,2.948826000,0</coordinates></Point>
        </Placemark>

        <Placemark>
          <name>2504</name>
          <styleUrl>#style_Healthy</styleUrl>
          <ExtendedData>
            <Data name="id"><value>2504</value></Data>
            <Data name="Class"><value>Healthy</value></Data>
          </ExtendedData>
          <Point><coordinates>102.434815000,2.948831000,0</coordinates></Point>
        </Placemark>

        <Placemark>
          <name>2505</name>
          <styleUrl>#style_Healthy</styleUrl>
          <ExtendedData>
            <Data name="id"><value>2505</value></Data>
            <Data name="Class"><value>Healthy</value></Data>
          </ExtendedData>
          <Point><coordinates>102.434937000,2.949175000,0</coordinates></Point>
        </Placemark>

        <Placemark>
          <name>2506</name>
          <styleUrl>#style_Healthy</styleUrl>
          <ExtendedData>
            <Data name="id"><value>2506</value></Data>
            <Data name="Class"><value>Healthy</value></Data>
          </ExtendedData>
          <Point><coordinates>102.434980000,2.948831000,0</coordinates></Point>
        </Placemark>

        <Placemark>
          <name>2507</name>
          <styleUrl>#style_Healthy</styleUrl>
          <ExtendedData>
            <Data name="id"><value>2507</value></Data>
            <Data name="Class"><value>Healthy</value></Data>
          </ExtendedData>
          <Point><coordinates>102.434894000,2.948827000,0</coordinates></Point>
        </Placemark>

        <Placemark>
          <name>2509</name>
          <styleUrl>#style_Healthy</styleUrl>
          <ExtendedData>
            <Data name="id"><value>2509</value></Data>
            <Data name="Class"><value>Healthy</value></Data>
          </ExtendedData>
          <Point><coordinates>102.434901000,2.948691000,0</coordinates></Point>
        </Placemark>

        <Placemark>
          <name>2510</name>
          <styleUrl>#style_Healthy</styleUrl>
          <ExtendedData>
            <Data name="id"><value>2510</value></Data>
            <Data name="Class"><value>Healthy</value></Data>
          </ExtendedData>
          <Point><coordinates>102.437438000,2.945993000,0</coordinates></Point>
        </Placemark>

        <Placemark>
          <name>2511</name>
          <styleUrl>#style_Healthy</styleUrl>
          <ExtendedData>
            <Data name="id"><value>2511</value></Data>
            <Data name="Class"><value>Healthy</value></Data>
          </ExtendedData>
          <Point><coordinates>102.437963152,2.948186337,0</coordinates></Point>
        </Placemark>
    </Folder>
    <Folder>
      <name>Unhealthy (160)</name>
      <open>0</open>
        <Placemark>
          <name>6</name>
          <styleUrl>#style_Unhealthy</styleUrl>
          <ExtendedData>
            <Data name="id"><value>6</value></Data>
            <Data name="Class"><value>Unhealthy</value></Data>
          </ExtendedData>
          <Point><coordinates>102.434262000,2.945335000,0</coordinates></Point>
        </Placemark>

        <Placemark>
          <name>21</name>
          <styleUrl>#style_Unhealthy</styleUrl>
          <ExtendedData>
            <Data name="id"><value>21</value></Data>
            <Data name="Class"><value>Unhealthy</value></Data>
          </ExtendedData>
          <Point><coordinates>102.435028000,2.946711000,0</coordinates></Point>
        </Placemark>

        <Placemark>
          <name>46</name>
          <styleUrl>#style_Unhealthy</styleUrl>
          <ExtendedData>
            <Data name="id"><value>46</value></Data>
            <Data name="Class"><value>Unhealthy</value></Data>
          </ExtendedData>
          <Point><coordinates>102.434022000,2.945062000,0</coordinates></Point>
        </Placemark>

        <Placemark>
          <name>55</name>
          <styleUrl>#style_Unhealthy</styleUrl>
          <ExtendedData>
            <Data name="id"><value>55</value></Data>
            <Data name="Class"><value>Unhealthy</value></Data>
          </ExtendedData>
          <Point><coordinates>102.432786000,2.947580000,0</coordinates></Point>
        </Placemark>

        <Placemark>
          <name>66</name>
          <styleUrl>#style_Unhealthy</styleUrl>
          <ExtendedData>
            <Data name="id"><value>66</value></Data>
            <Data name="Class"><value>Unhealthy</value></Data>
          </ExtendedData>
          <Point><coordinates>102.433499000,2.947180000,0</coordinates></Point>
        </Placemark>

        <Placemark>
          <name>71</name>
          <styleUrl>#style_Unhealthy</styleUrl>
          <ExtendedData>
            <Data name="id"><value>71</value></Data>
            <Data name="Class"><value>Unhealthy</value></Data>
          </ExtendedData>
          <Point><coordinates>102.434568000,2.945890000,0</coordinates></Point>
        </Placemark>

        <Placemark>
          <name>79</name>
          <styleUrl>#style_Unhealthy</styleUrl>
          <ExtendedData>
            <Data name="id"><value>79</value></Data>
            <Data name="Class"><value>Unhealthy</value></Data>
          </ExtendedData>
          <Point><coordinates>102.434649000,2.945892000,0</coordinates></Point>
        </Placemark>

        <Placemark>
          <name>84</name>
          <styleUrl>#style_Unhealthy</styleUrl>
          <ExtendedData>
            <Data name="id"><value>84</value></Data>
            <Data name="Class"><value>Unhealthy</value></Data>
          </ExtendedData>
          <Point><coordinates>102.432468000,2.947307000,0</coordinates></Point>
        </Placemark>

        <Placemark>
          <name>124</name>
          <styleUrl>#style_Unhealthy</styleUrl>
          <ExtendedData>
            <Data name="id"><value>124</value></Data>
            <Data name="Class"><value>Unhealthy</value></Data>
          </ExtendedData>
          <Point><coordinates>102.434529000,2.945677000,0</coordinates></Point>
        </Placemark>

        <Placemark>
          <name>127</name>
          <styleUrl>#style_Unhealthy</styleUrl>
          <ExtendedData>
            <Data name="id"><value>127</value></Data>
            <Data name="Class"><value>Unhealthy</value></Data>
          </ExtendedData>
          <Point><coordinates>102.432704000,2.947437000,0</coordinates></Point>
        </Placemark>

        <Placemark>
          <name>148</name>
          <styleUrl>#style_Unhealthy</styleUrl>
          <ExtendedData>
            <Data name="id"><value>148</value></Data>
            <Data name="Class"><value>Unhealthy</value></Data>
          </ExtendedData>
          <Point><coordinates>102.433573000,2.947317000,0</coordinates></Point>
        </Placemark>

        <Placemark>
          <name>152</name>
          <styleUrl>#style_Unhealthy</styleUrl>
          <ExtendedData>
            <Data name="id"><value>152</value></Data>
            <Data name="Class"><value>Unhealthy</value></Data>
          </ExtendedData>
          <Point><coordinates>102.433535000,2.947249000,0</coordinates></Point>
        </Placemark>

        <Placemark>
          <name>168</name>
          <styleUrl>#style_Unhealthy</styleUrl>
          <ExtendedData>
            <Data name="id"><value>168</value></Data>
            <Data name="Class"><value>Unhealthy</value></Data>
          </ExtendedData>
          <Point><coordinates>102.438863000,2.948278000,0</coordinates></Point>
        </Placemark>

        <Placemark>
          <name>184</name>
          <styleUrl>#style_Unhealthy</styleUrl>
          <ExtendedData>
            <Data name="id"><value>184</value></Data>
            <Data name="Class"><value>Unhealthy</value></Data>
          </ExtendedData>
          <Point><coordinates>102.434955000,2.946848000,0</coordinates></Point>
        </Placemark>

        <Placemark>
          <name>193</name>
          <styleUrl>#style_Unhealthy</styleUrl>
          <ExtendedData>
            <Data name="id"><value>193</value></Data>
            <Data name="Class"><value>Unhealthy</value></Data>
          </ExtendedData>
          <Point><coordinates>102.438938000,2.948275000,0</coordinates></Point>
        </Placemark>

        <Placemark>
          <name>194</name>
          <styleUrl>#style_Unhealthy</styleUrl>
          <ExtendedData>
            <Data name="id"><value>194</value></Data>
            <Data name="Class"><value>Unhealthy</value></Data>
          </ExtendedData>
          <Point><coordinates>102.434610000,2.945953000,0</coordinates></Point>
        </Placemark>

        <Placemark>
          <name>200</name>
          <styleUrl>#style_Unhealthy</styleUrl>
          <ExtendedData>
            <Data name="id"><value>200</value></Data>
            <Data name="Class"><value>Unhealthy</value></Data>
          </ExtendedData>
          <Point><coordinates>102.434292000,2.945536000,0</coordinates></Point>
        </Placemark>

        <Placemark>
          <name>210</name>
          <styleUrl>#style_Unhealthy</styleUrl>
          <ExtendedData>
            <Data name="id"><value>210</value></Data>
            <Data name="Class"><value>Unhealthy</value></Data>
          </ExtendedData>
          <Point><coordinates>102.432824000,2.947784000,0</coordinates></Point>
        </Placemark>

        <Placemark>
          <name>226</name>
          <styleUrl>#style_Unhealthy</styleUrl>
          <ExtendedData>
            <Data name="id"><value>226</value></Data>
            <Data name="Class"><value>Unhealthy</value></Data>
          </ExtendedData>
          <Point><coordinates>102.433771000,2.947248000,0</coordinates></Point>
        </Placemark>

        <Placemark>
          <name>239</name>
          <styleUrl>#style_Unhealthy</styleUrl>
          <ExtendedData>
            <Data name="id"><value>239</value></Data>
            <Data name="Class"><value>Unhealthy</value></Data>
          </ExtendedData>
          <Point><coordinates>102.434004000,2.947662000,0</coordinates></Point>
        </Placemark>

        <Placemark>
          <name>265</name>
          <styleUrl>#style_Unhealthy</styleUrl>
          <ExtendedData>
            <Data name="id"><value>265</value></Data>
            <Data name="Class"><value>Unhealthy</value></Data>
          </ExtendedData>
          <Point><coordinates>102.432550000,2.947306000,0</coordinates></Point>
        </Placemark>

        <Placemark>
          <name>267</name>
          <styleUrl>#style_Unhealthy</styleUrl>
          <ExtendedData>
            <Data name="id"><value>267</value></Data>
            <Data name="Class"><value>Unhealthy</value></Data>
          </ExtendedData>
          <Point><coordinates>102.439445000,2.949036000,0</coordinates></Point>
        </Placemark>

        <Placemark>
          <name>269</name>
          <styleUrl>#style_Unhealthy</styleUrl>
          <ExtendedData>
            <Data name="id"><value>269</value></Data>
            <Data name="Class"><value>Unhealthy</value></Data>
          </ExtendedData>
          <Point><coordinates>102.433948000,2.944922000,0</coordinates></Point>
        </Placemark>

        <Placemark>
          <name>273</name>
          <styleUrl>#style_Unhealthy</styleUrl>
          <ExtendedData>
            <Data name="id"><value>273</value></Data>
            <Data name="Class"><value>Unhealthy</value></Data>
          </ExtendedData>
          <Point><coordinates>102.433650000,2.947318000,0</coordinates></Point>
        </Placemark>

        <Placemark>
          <name>276</name>
          <styleUrl>#style_Unhealthy</styleUrl>
          <ExtendedData>
            <Data name="id"><value>276</value></Data>
            <Data name="Class"><value>Unhealthy</value></Data>
          </ExtendedData>
          <Point><coordinates>102.439128000,2.948756000,0</coordinates></Point>
        </Placemark>

        <Placemark>
          <name>279</name>
          <styleUrl>#style_Unhealthy</styleUrl>
          <ExtendedData>
            <Data name="id"><value>279</value></Data>
            <Data name="Class"><value>Unhealthy</value></Data>
          </ExtendedData>
          <Point><coordinates>102.434686000,2.945957000,0</coordinates></Point>
        </Placemark>

        <Placemark>
          <name>295</name>
          <styleUrl>#style_Unhealthy</styleUrl>
          <ExtendedData>
            <Data name="id"><value>295</value></Data>
            <Data name="Class"><value>Unhealthy</value></Data>
          </ExtendedData>
          <Point><coordinates>102.433688000,2.947384000,0</coordinates></Point>
        </Placemark>

        <Placemark>
          <name>322</name>
          <styleUrl>#style_Unhealthy</styleUrl>
          <ExtendedData>
            <Data name="id"><value>322</value></Data>
            <Data name="Class"><value>Unhealthy</value></Data>
          </ExtendedData>
          <Point><coordinates>102.438977000,2.948340000,0</coordinates></Point>
        </Placemark>

        <Placemark>
          <name>328</name>
          <styleUrl>#style_Unhealthy</styleUrl>
          <ExtendedData>
            <Data name="id"><value>328</value></Data>
            <Data name="Class"><value>Unhealthy</value></Data>
          </ExtendedData>
          <Point><coordinates>102.439237885,2.948827264,0</coordinates></Point>
        </Placemark>

        <Placemark>
          <name>338</name>
          <styleUrl>#style_Unhealthy</styleUrl>
          <ExtendedData>
            <Data name="id"><value>338</value></Data>
            <Data name="Class"><value>Unhealthy</value></Data>
          </ExtendedData>
          <Point><coordinates>102.434173000,2.946153000,0</coordinates></Point>
        </Placemark>

        <Placemark>
          <name>367</name>
          <styleUrl>#style_Unhealthy</styleUrl>
          <ExtendedData>
            <Data name="id"><value>367</value></Data>
            <Data name="Class"><value>Unhealthy</value></Data>
          </ExtendedData>
          <Point><coordinates>102.434174000,2.946284000,0</coordinates></Point>
        </Placemark>

        <Placemark>
          <name>415</name>
          <styleUrl>#style_Unhealthy</styleUrl>
          <ExtendedData>
            <Data name="id"><value>415</value></Data>
            <Data name="Class"><value>Unhealthy</value></Data>
          </ExtendedData>
          <Point><coordinates>102.434293000,2.946363000,0</coordinates></Point>
        </Placemark>

        <Placemark>
          <name>428</name>
          <styleUrl>#style_Unhealthy</styleUrl>
          <ExtendedData>
            <Data name="id"><value>428</value></Data>
            <Data name="Class"><value>Unhealthy</value></Data>
          </ExtendedData>
          <Point><coordinates>102.434087000,2.946293000,0</coordinates></Point>
        </Placemark>

        <Placemark>
          <name>431</name>
          <styleUrl>#style_Unhealthy</styleUrl>
          <ExtendedData>
            <Data name="id"><value>431</value></Data>
            <Data name="Class"><value>Unhealthy</value></Data>
          </ExtendedData>
          <Point><coordinates>102.438692000,2.946153000,0</coordinates></Point>
        </Placemark>

        <Placemark>
          <name>472</name>
          <styleUrl>#style_Unhealthy</styleUrl>
          <ExtendedData>
            <Data name="id"><value>472</value></Data>
            <Data name="Class"><value>Unhealthy</value></Data>
          </ExtendedData>
          <Point><coordinates>102.437816000,2.947224000,0</coordinates></Point>
        </Placemark>

        <Placemark>
          <name>518</name>
          <styleUrl>#style_Unhealthy</styleUrl>
          <ExtendedData>
            <Data name="id"><value>518</value></Data>
            <Data name="Class"><value>Unhealthy</value></Data>
          </ExtendedData>
          <Point><coordinates>102.438955000,2.947047000,0</coordinates></Point>
        </Placemark>

        <Placemark>
          <name>526</name>
          <styleUrl>#style_Unhealthy</styleUrl>
          <ExtendedData>
            <Data name="id"><value>526</value></Data>
            <Data name="Class"><value>Unhealthy</value></Data>
          </ExtendedData>
          <Point><coordinates>102.436877000,2.947218000,0</coordinates></Point>
        </Placemark>

        <Placemark>
          <name>528</name>
          <styleUrl>#style_Unhealthy</styleUrl>
          <ExtendedData>
            <Data name="id"><value>528</value></Data>
            <Data name="Class"><value>Unhealthy</value></Data>
          </ExtendedData>
          <Point><coordinates>102.438442000,2.947515000,0</coordinates></Point>
        </Placemark>

        <Placemark>
          <name>562</name>
          <styleUrl>#style_Unhealthy</styleUrl>
          <ExtendedData>
            <Data name="id"><value>562</value></Data>
            <Data name="Class"><value>Unhealthy</value></Data>
          </ExtendedData>
          <Point><coordinates>102.438845000,2.946563000,0</coordinates></Point>
        </Placemark>

        <Placemark>
          <name>610</name>
          <styleUrl>#style_Unhealthy</styleUrl>
          <ExtendedData>
            <Data name="id"><value>610</value></Data>
            <Data name="Class"><value>Unhealthy</value></Data>
          </ExtendedData>
          <Point><coordinates>102.437932000,2.947428000,0</coordinates></Point>
        </Placemark>

        <Placemark>
          <name>668</name>
          <styleUrl>#style_Unhealthy</styleUrl>
          <ExtendedData>
            <Data name="id"><value>668</value></Data>
            <Data name="Class"><value>Unhealthy</value></Data>
          </ExtendedData>
          <Point><coordinates>102.433987000,2.945673000,0</coordinates></Point>
        </Placemark>

        <Placemark>
          <name>673</name>
          <styleUrl>#style_Unhealthy</styleUrl>
          <ExtendedData>
            <Data name="id"><value>673</value></Data>
            <Data name="Class"><value>Unhealthy</value></Data>
          </ExtendedData>
          <Point><coordinates>102.434582000,2.945061000,0</coordinates></Point>
        </Placemark>

        <Placemark>
          <name>675</name>
          <styleUrl>#style_Unhealthy</styleUrl>
          <ExtendedData>
            <Data name="id"><value>675</value></Data>
            <Data name="Class"><value>Unhealthy</value></Data>
          </ExtendedData>
          <Point><coordinates>102.433939000,2.945745000,0</coordinates></Point>
        </Placemark>

        <Placemark>
          <name>677</name>
          <styleUrl>#style_Unhealthy</styleUrl>
          <ExtendedData>
            <Data name="id"><value>677</value></Data>
            <Data name="Class"><value>Unhealthy</value></Data>
          </ExtendedData>
          <Point><coordinates>102.434812000,2.945473000,0</coordinates></Point>
        </Placemark>

        <Placemark>
          <name>684</name>
          <styleUrl>#style_Unhealthy</styleUrl>
          <ExtendedData>
            <Data name="id"><value>684</value></Data>
            <Data name="Class"><value>Unhealthy</value></Data>
          </ExtendedData>
          <Point><coordinates>102.433896000,2.945676000,0</coordinates></Point>
        </Placemark>

        <Placemark>
          <name>685</name>
          <styleUrl>#style_Unhealthy</styleUrl>
          <ExtendedData>
            <Data name="id"><value>685</value></Data>
            <Data name="Class"><value>Unhealthy</value></Data>
          </ExtendedData>
          <Point><coordinates>102.433746000,2.945266000,0</coordinates></Point>
        </Placemark>

        <Placemark>
          <name>687</name>
          <styleUrl>#style_Unhealthy</styleUrl>
          <ExtendedData>
            <Data name="id"><value>687</value></Data>
            <Data name="Class"><value>Unhealthy</value></Data>
          </ExtendedData>
          <Point><coordinates>102.431401000,2.947091000,0</coordinates></Point>
        </Placemark>

        <Placemark>
          <name>690</name>
          <styleUrl>#style_Unhealthy</styleUrl>
          <ExtendedData>
            <Data name="id"><value>690</value></Data>
            <Data name="Class"><value>Unhealthy</value></Data>
          </ExtendedData>
          <Point><coordinates>102.434023000,2.945746000,0</coordinates></Point>
        </Placemark>

        <Placemark>
          <name>691</name>
          <styleUrl>#style_Unhealthy</styleUrl>
          <ExtendedData>
            <Data name="id"><value>691</value></Data>
            <Data name="Class"><value>Unhealthy</value></Data>
          </ExtendedData>
          <Point><coordinates>102.433637000,2.945194000,0</coordinates></Point>
        </Placemark>

        <Placemark>
          <name>698</name>
          <styleUrl>#style_Unhealthy</styleUrl>
          <ExtendedData>
            <Data name="id"><value>698</value></Data>
            <Data name="Class"><value>Unhealthy</value></Data>
          </ExtendedData>
          <Point><coordinates>102.431436000,2.947293000,0</coordinates></Point>
        </Placemark>

        <Placemark>
          <name>704</name>
          <styleUrl>#style_Unhealthy</styleUrl>
          <ExtendedData>
            <Data name="id"><value>704</value></Data>
            <Data name="Class"><value>Unhealthy</value></Data>
          </ExtendedData>
          <Point><coordinates>102.432955000,2.946628000,0</coordinates></Point>
        </Placemark>

        <Placemark>
          <name>724</name>
          <styleUrl>#style_Unhealthy</styleUrl>
          <ExtendedData>
            <Data name="id"><value>724</value></Data>
            <Data name="Class"><value>Unhealthy</value></Data>
          </ExtendedData>
          <Point><coordinates>102.433784000,2.945333000,0</coordinates></Point>
        </Placemark>

        <Placemark>
          <name>726</name>
          <styleUrl>#style_Unhealthy</styleUrl>
          <ExtendedData>
            <Data name="id"><value>726</value></Data>
            <Data name="Class"><value>Unhealthy</value></Data>
          </ExtendedData>
          <Point><coordinates>102.434653000,2.944932000,0</coordinates></Point>
        </Placemark>

        <Placemark>
          <name>734</name>
          <styleUrl>#style_Unhealthy</styleUrl>
          <ExtendedData>
            <Data name="id"><value>734</value></Data>
            <Data name="Class"><value>Unhealthy</value></Data>
          </ExtendedData>
          <Point><coordinates>102.433986000,2.945397000,0</coordinates></Point>
        </Placemark>

        <Placemark>
          <name>735</name>
          <styleUrl>#style_Unhealthy</styleUrl>
          <ExtendedData>
            <Data name="id"><value>735</value></Data>
            <Data name="Class"><value>Unhealthy</value></Data>
          </ExtendedData>
          <Point><coordinates>102.432753000,2.946015000,0</coordinates></Point>
        </Placemark>

        <Placemark>
          <name>739</name>
          <styleUrl>#style_Unhealthy</styleUrl>
          <ExtendedData>
            <Data name="id"><value>739</value></Data>
            <Data name="Class"><value>Unhealthy</value></Data>
          </ExtendedData>
          <Point><coordinates>102.431717000,2.947773000,0</coordinates></Point>
        </Placemark>

        <Placemark>
          <name>757</name>
          <styleUrl>#style_Unhealthy</styleUrl>
          <ExtendedData>
            <Data name="id"><value>757</value></Data>
            <Data name="Class"><value>Unhealthy</value></Data>
          </ExtendedData>
          <Point><coordinates>102.433659000,2.945269000,0</coordinates></Point>
        </Placemark>

        <Placemark>
          <name>776</name>
          <styleUrl>#style_Unhealthy</styleUrl>
          <ExtendedData>
            <Data name="id"><value>776</value></Data>
            <Data name="Class"><value>Unhealthy</value></Data>
          </ExtendedData>
          <Point><coordinates>102.431484000,2.947227000,0</coordinates></Point>
        </Placemark>

        <Placemark>
          <name>817</name>
          <styleUrl>#style_Unhealthy</styleUrl>
          <ExtendedData>
            <Data name="id"><value>817</value></Data>
            <Data name="Class"><value>Unhealthy</value></Data>
          </ExtendedData>
          <Point><coordinates>102.433137000,2.946839000,0</coordinates></Point>
        </Placemark>

        <Placemark>
          <name>821</name>
          <styleUrl>#style_Unhealthy</styleUrl>
          <ExtendedData>
            <Data name="id"><value>821</value></Data>
            <Data name="Class"><value>Unhealthy</value></Data>
          </ExtendedData>
          <Point><coordinates>102.436146000,2.945499000,0</coordinates></Point>
        </Placemark>

        <Placemark>
          <name>834</name>
          <styleUrl>#style_Unhealthy</styleUrl>
          <ExtendedData>
            <Data name="id"><value>834</value></Data>
            <Data name="Class"><value>Unhealthy</value></Data>
          </ExtendedData>
          <Point><coordinates>102.437201000,2.946397000,0</coordinates></Point>
        </Placemark>

        <Placemark>
          <name>838</name>
          <styleUrl>#style_Unhealthy</styleUrl>
          <ExtendedData>
            <Data name="id"><value>838</value></Data>
            <Data name="Class"><value>Unhealthy</value></Data>
          </ExtendedData>
          <Point><coordinates>102.434053000,2.945675000,0</coordinates></Point>
        </Placemark>

        <Placemark>
          <name>854</name>
          <styleUrl>#style_Unhealthy</styleUrl>
          <ExtendedData>
            <Data name="id"><value>854</value></Data>
            <Data name="Class"><value>Unhealthy</value></Data>
          </ExtendedData>
          <Point><coordinates>102.432987000,2.946424000,0</coordinates></Point>
        </Placemark>

        <Placemark>
          <name>860</name>
          <styleUrl>#style_Unhealthy</styleUrl>
          <ExtendedData>
            <Data name="id"><value>860</value></Data>
            <Data name="Class"><value>Unhealthy</value></Data>
          </ExtendedData>
          <Point><coordinates>102.436190000,2.945154000,0</coordinates></Point>
        </Placemark>

        <Placemark>
          <name>873</name>
          <styleUrl>#style_Unhealthy</styleUrl>
          <ExtendedData>
            <Data name="id"><value>873</value></Data>
            <Data name="Class"><value>Unhealthy</value></Data>
          </ExtendedData>
          <Point><coordinates>102.434615000,2.945277000,0</coordinates></Point>
        </Placemark>

        <Placemark>
          <name>877</name>
          <styleUrl>#style_Unhealthy</styleUrl>
          <ExtendedData>
            <Data name="id"><value>877</value></Data>
            <Data name="Class"><value>Unhealthy</value></Data>
          </ExtendedData>
          <Point><coordinates>102.431766441,2.947439005,0</coordinates></Point>
        </Placemark>

        <Placemark>
          <name>922</name>
          <styleUrl>#style_Unhealthy</styleUrl>
          <ExtendedData>
            <Data name="id"><value>922</value></Data>
            <Data name="Class"><value>Unhealthy</value></Data>
          </ExtendedData>
          <Point><coordinates>102.432675000,2.946284000,0</coordinates></Point>
        </Placemark>

        <Placemark>
          <name>934</name>
          <styleUrl>#style_Unhealthy</styleUrl>
          <ExtendedData>
            <Data name="id"><value>934</value></Data>
            <Data name="Class"><value>Unhealthy</value></Data>
          </ExtendedData>
          <Point><coordinates>102.432832000,2.946427000,0</coordinates></Point>
        </Placemark>

        <Placemark>
          <name>947</name>
          <styleUrl>#style_Unhealthy</styleUrl>
          <ExtendedData>
            <Data name="id"><value>947</value></Data>
            <Data name="Class"><value>Unhealthy</value></Data>
          </ExtendedData>
          <Point><coordinates>102.432635000,2.946221000,0</coordinates></Point>
        </Placemark>

        <Placemark>
          <name>970</name>
          <styleUrl>#style_Unhealthy</styleUrl>
          <ExtendedData>
            <Data name="id"><value>970</value></Data>
            <Data name="Class"><value>Unhealthy</value></Data>
          </ExtendedData>
          <Point><coordinates>102.433021000,2.946493000,0</coordinates></Point>
        </Placemark>

        <Placemark>
          <name>1010</name>
          <styleUrl>#style_Unhealthy</styleUrl>
          <ExtendedData>
            <Data name="id"><value>1010</value></Data>
            <Data name="Class"><value>Unhealthy</value></Data>
          </ExtendedData>
          <Point><coordinates>102.431874000,2.948730000,0</coordinates></Point>
        </Placemark>

        <Placemark>
          <name>1049</name>
          <styleUrl>#style_Unhealthy</styleUrl>
          <ExtendedData>
            <Data name="id"><value>1049</value></Data>
            <Data name="Class"><value>Unhealthy</value></Data>
          </ExtendedData>
          <Point><coordinates>102.436457000,2.946730000,0</coordinates></Point>
        </Placemark>

        <Placemark>
          <name>1063</name>
          <styleUrl>#style_Unhealthy</styleUrl>
          <ExtendedData>
            <Data name="id"><value>1063</value></Data>
            <Data name="Class"><value>Unhealthy</value></Data>
          </ExtendedData>
          <Point><coordinates>102.439419000,2.947605000,0</coordinates></Point>
        </Placemark>

        <Placemark>
          <name>1075</name>
          <styleUrl>#style_Unhealthy</styleUrl>
          <ExtendedData>
            <Data name="id"><value>1075</value></Data>
            <Data name="Class"><value>Unhealthy</value></Data>
          </ExtendedData>
          <Point><coordinates>102.431911000,2.948936000,0</coordinates></Point>
        </Placemark>

        <Placemark>
          <name>1100</name>
          <styleUrl>#style_Unhealthy</styleUrl>
          <ExtendedData>
            <Data name="id"><value>1100</value></Data>
            <Data name="Class"><value>Unhealthy</value></Data>
          </ExtendedData>
          <Point><coordinates>102.436570000,2.946800000,0</coordinates></Point>
        </Placemark>

        <Placemark>
          <name>1116</name>
          <styleUrl>#style_Unhealthy</styleUrl>
          <ExtendedData>
            <Data name="id"><value>1116</value></Data>
            <Data name="Class"><value>Unhealthy</value></Data>
          </ExtendedData>
          <Point><coordinates>102.435067000,2.948141000,0</coordinates></Point>
        </Placemark>

        <Placemark>
          <name>1121</name>
          <styleUrl>#style_Unhealthy</styleUrl>
          <ExtendedData>
            <Data name="id"><value>1121</value></Data>
            <Data name="Class"><value>Unhealthy</value></Data>
          </ExtendedData>
          <Point><coordinates>102.439216000,2.948213000,0</coordinates></Point>
        </Placemark>

        <Placemark>
          <name>1132</name>
          <styleUrl>#style_Unhealthy</styleUrl>
          <ExtendedData>
            <Data name="id"><value>1132</value></Data>
            <Data name="Class"><value>Unhealthy</value></Data>
          </ExtendedData>
          <Point><coordinates>102.436603000,2.946870000,0</coordinates></Point>
        </Placemark>

        <Placemark>
          <name>1134</name>
          <styleUrl>#style_Unhealthy</styleUrl>
          <ExtendedData>
            <Data name="id"><value>1134</value></Data>
            <Data name="Class"><value>Unhealthy</value></Data>
          </ExtendedData>
          <Point><coordinates>102.438872000,2.947588000,0</coordinates></Point>
        </Placemark>

        <Placemark>
          <name>1144</name>
          <styleUrl>#style_Unhealthy</styleUrl>
          <ExtendedData>
            <Data name="id"><value>1144</value></Data>
            <Data name="Class"><value>Unhealthy</value></Data>
          </ExtendedData>
          <Point><coordinates>102.436305000,2.946182000,0</coordinates></Point>
        </Placemark>

        <Placemark>
          <name>1146</name>
          <styleUrl>#style_Unhealthy</styleUrl>
          <ExtendedData>
            <Data name="id"><value>1146</value></Data>
            <Data name="Class"><value>Unhealthy</value></Data>
          </ExtendedData>
          <Point><coordinates>102.437902000,2.946552000,0</coordinates></Point>
        </Placemark>

        <Placemark>
          <name>1180</name>
          <styleUrl>#style_Unhealthy</styleUrl>
          <ExtendedData>
            <Data name="id"><value>1180</value></Data>
            <Data name="Class"><value>Unhealthy</value></Data>
          </ExtendedData>
          <Point><coordinates>102.437552000,2.946202000,0</coordinates></Point>
        </Placemark>

        <Placemark>
          <name>1181</name>
          <styleUrl>#style_Unhealthy</styleUrl>
          <ExtendedData>
            <Data name="id"><value>1181</value></Data>
            <Data name="Class"><value>Unhealthy</value></Data>
          </ExtendedData>
          <Point><coordinates>102.436496000,2.946391000,0</coordinates></Point>
        </Placemark>

        <Placemark>
          <name>1208</name>
          <styleUrl>#style_Unhealthy</styleUrl>
          <ExtendedData>
            <Data name="id"><value>1208</value></Data>
            <Data name="Class"><value>Unhealthy</value></Data>
          </ExtendedData>
          <Point><coordinates>102.439258000,2.948139000,0</coordinates></Point>
        </Placemark>

        <Placemark>
          <name>1215</name>
          <styleUrl>#style_Unhealthy</styleUrl>
          <ExtendedData>
            <Data name="id"><value>1215</value></Data>
            <Data name="Class"><value>Unhealthy</value></Data>
          </ExtendedData>
          <Point><coordinates>102.436461000,2.946321000,0</coordinates></Point>
        </Placemark>

        <Placemark>
          <name>1225</name>
          <styleUrl>#style_Unhealthy</styleUrl>
          <ExtendedData>
            <Data name="id"><value>1225</value></Data>
            <Data name="Class"><value>Unhealthy</value></Data>
          </ExtendedData>
          <Point><coordinates>102.434823000,2.947872000,0</coordinates></Point>
        </Placemark>

        <Placemark>
          <name>1231</name>
          <styleUrl>#style_Unhealthy</styleUrl>
          <ExtendedData>
            <Data name="id"><value>1231</value></Data>
            <Data name="Class"><value>Unhealthy</value></Data>
          </ExtendedData>
          <Point><coordinates>102.436496000,2.946522000,0</coordinates></Point>
        </Placemark>

        <Placemark>
          <name>1299</name>
          <styleUrl>#style_Unhealthy</styleUrl>
          <ExtendedData>
            <Data name="id"><value>1299</value></Data>
            <Data name="Class"><value>Unhealthy</value></Data>
          </ExtendedData>
          <Point><coordinates>102.437821000,2.946685000,0</coordinates></Point>
        </Placemark>

        <Placemark>
          <name>1320</name>
          <styleUrl>#style_Unhealthy</styleUrl>
          <ExtendedData>
            <Data name="id"><value>1320</value></Data>
            <Data name="Class"><value>Unhealthy</value></Data>
          </ExtendedData>
          <Point><coordinates>102.436850000,2.945640000,0</coordinates></Point>
        </Placemark>

        <Placemark>
          <name>1323</name>
          <styleUrl>#style_Unhealthy</styleUrl>
          <ExtendedData>
            <Data name="id"><value>1323</value></Data>
            <Data name="Class"><value>Unhealthy</value></Data>
          </ExtendedData>
          <Point><coordinates>102.438116000,2.945253000,0</coordinates></Point>
        </Placemark>

        <Placemark>
          <name>1324</name>
          <styleUrl>#style_Unhealthy</styleUrl>
          <ExtendedData>
            <Data name="id"><value>1324</value></Data>
            <Data name="Class"><value>Unhealthy</value></Data>
          </ExtendedData>
          <Point><coordinates>102.439875000,2.949118000,0</coordinates></Point>
        </Placemark>

        <Placemark>
          <name>1332</name>
          <styleUrl>#style_Unhealthy</styleUrl>
          <ExtendedData>
            <Data name="id"><value>1332</value></Data>
            <Data name="Class"><value>Unhealthy</value></Data>
          </ExtendedData>
          <Point><coordinates>102.438072000,2.945326000,0</coordinates></Point>
        </Placemark>

        <Placemark>
          <name>1345</name>
          <styleUrl>#style_Unhealthy</styleUrl>
          <ExtendedData>
            <Data name="id"><value>1345</value></Data>
            <Data name="Class"><value>Unhealthy</value></Data>
          </ExtendedData>
          <Point><coordinates>102.438153000,2.945322000,0</coordinates></Point>
        </Placemark>

        <Placemark>
          <name>1347</name>
          <styleUrl>#style_Unhealthy</styleUrl>
          <ExtendedData>
            <Data name="id"><value>1347</value></Data>
            <Data name="Class"><value>Unhealthy</value></Data>
          </ExtendedData>
          <Point><coordinates>102.437011000,2.945778000,0</coordinates></Point>
        </Placemark>

        <Placemark>
          <name>1370</name>
          <styleUrl>#style_Unhealthy</styleUrl>
          <ExtendedData>
            <Data name="id"><value>1370</value></Data>
            <Data name="Class"><value>Unhealthy</value></Data>
          </ExtendedData>
          <Point><coordinates>102.434198000,2.947186000,0</coordinates></Point>
        </Placemark>

        <Placemark>
          <name>1375</name>
          <styleUrl>#style_Unhealthy</styleUrl>
          <ExtendedData>
            <Data name="id"><value>1375</value></Data>
            <Data name="Class"><value>Unhealthy</value></Data>
          </ExtendedData>
          <Point><coordinates>102.437717000,2.944977000,0</coordinates></Point>
        </Placemark>

        <Placemark>
          <name>1380</name>
          <styleUrl>#style_Unhealthy</styleUrl>
          <ExtendedData>
            <Data name="id"><value>1380</value></Data>
            <Data name="Class"><value>Unhealthy</value></Data>
          </ExtendedData>
          <Point><coordinates>102.437993000,2.945324000,0</coordinates></Point>
        </Placemark>

        <Placemark>
          <name>1382</name>
          <styleUrl>#style_Unhealthy</styleUrl>
          <ExtendedData>
            <Data name="id"><value>1382</value></Data>
            <Data name="Class"><value>Unhealthy</value></Data>
          </ExtendedData>
          <Point><coordinates>102.437485000,2.944972000,0</coordinates></Point>
        </Placemark>

        <Placemark>
          <name>1383</name>
          <styleUrl>#style_Unhealthy</styleUrl>
          <ExtendedData>
            <Data name="id"><value>1383</value></Data>
            <Data name="Class"><value>Unhealthy</value></Data>
          </ExtendedData>
          <Point><coordinates>102.436855000,2.945916000,0</coordinates></Point>
        </Placemark>

        <Placemark>
          <name>1400</name>
          <styleUrl>#style_Unhealthy</styleUrl>
          <ExtendedData>
            <Data name="id"><value>1400</value></Data>
            <Data name="Class"><value>Unhealthy</value></Data>
          </ExtendedData>
          <Point><coordinates>102.437755000,2.945862000,0</coordinates></Point>
        </Placemark>

        <Placemark>
          <name>1401</name>
          <styleUrl>#style_Unhealthy</styleUrl>
          <ExtendedData>
            <Data name="id"><value>1401</value></Data>
            <Data name="Class"><value>Unhealthy</value></Data>
          </ExtendedData>
          <Point><coordinates>102.434355000,2.947870000,0</coordinates></Point>
        </Placemark>

        <Placemark>
          <name>1425</name>
          <styleUrl>#style_Unhealthy</styleUrl>
          <ExtendedData>
            <Data name="id"><value>1425</value></Data>
            <Data name="Class"><value>Unhealthy</value></Data>
          </ExtendedData>
          <Point><coordinates>102.438112000,2.945525000,0</coordinates></Point>
        </Placemark>

        <Placemark>
          <name>1446</name>
          <styleUrl>#style_Unhealthy</styleUrl>
          <ExtendedData>
            <Data name="id"><value>1446</value></Data>
            <Data name="Class"><value>Unhealthy</value></Data>
          </ExtendedData>
          <Point><coordinates>102.438264000,2.945670000,0</coordinates></Point>
        </Placemark>

        <Placemark>
          <name>1453</name>
          <styleUrl>#style_Unhealthy</styleUrl>
          <ExtendedData>
            <Data name="id"><value>1453</value></Data>
            <Data name="Class"><value>Unhealthy</value></Data>
          </ExtendedData>
          <Point><coordinates>102.437834000,2.945863000,0</coordinates></Point>
        </Placemark>

        <Placemark>
          <name>1488</name>
          <styleUrl>#style_Unhealthy</styleUrl>
          <ExtendedData>
            <Data name="id"><value>1488</value></Data>
            <Data name="Class"><value>Unhealthy</value></Data>
          </ExtendedData>
          <Point><coordinates>102.437094000,2.945921000,0</coordinates></Point>
        </Placemark>

        <Placemark>
          <name>1516</name>
          <styleUrl>#style_Unhealthy</styleUrl>
          <ExtendedData>
            <Data name="id"><value>1516</value></Data>
            <Data name="Class"><value>Unhealthy</value></Data>
          </ExtendedData>
          <Point><coordinates>102.437557000,2.945518000,0</coordinates></Point>
        </Placemark>

        <Placemark>
          <name>1527</name>
          <styleUrl>#style_Unhealthy</styleUrl>
          <ExtendedData>
            <Data name="id"><value>1527</value></Data>
            <Data name="Class"><value>Unhealthy</value></Data>
          </ExtendedData>
          <Point><coordinates>102.438381000,2.945876000,0</coordinates></Point>
        </Placemark>

        <Placemark>
          <name>1533</name>
          <styleUrl>#style_Unhealthy</styleUrl>
          <ExtendedData>
            <Data name="id"><value>1533</value></Data>
            <Data name="Class"><value>Unhealthy</value></Data>
          </ExtendedData>
          <Point><coordinates>102.437916000,2.945187000,0</coordinates></Point>
        </Placemark>

        <Placemark>
          <name>1610</name>
          <styleUrl>#style_Unhealthy</styleUrl>
          <ExtendedData>
            <Data name="id"><value>1610</value></Data>
            <Data name="Class"><value>Unhealthy</value></Data>
          </ExtendedData>
          <Point><coordinates>102.439267000,2.946635000,0</coordinates></Point>
        </Placemark>

        <Placemark>
          <name>1622</name>
          <styleUrl>#style_Unhealthy</styleUrl>
          <ExtendedData>
            <Data name="id"><value>1622</value></Data>
            <Data name="Class"><value>Unhealthy</value></Data>
          </ExtendedData>
          <Point><coordinates>102.436443000,2.947141000,0</coordinates></Point>
        </Placemark>

        <Placemark>
          <name>1636</name>
          <styleUrl>#style_Unhealthy</styleUrl>
          <ExtendedData>
            <Data name="id"><value>1636</value></Data>
            <Data name="Class"><value>Unhealthy</value></Data>
          </ExtendedData>
          <Point><coordinates>102.436665000,2.947555000,0</coordinates></Point>
        </Placemark>

        <Placemark>
          <name>1660</name>
          <styleUrl>#style_Unhealthy</styleUrl>
          <ExtendedData>
            <Data name="id"><value>1660</value></Data>
            <Data name="Class"><value>Unhealthy</value></Data>
          </ExtendedData>
          <Point><coordinates>102.436761000,2.947558000,0</coordinates></Point>
        </Placemark>

        <Placemark>
          <name>1663</name>
          <styleUrl>#style_Unhealthy</styleUrl>
          <ExtendedData>
            <Data name="id"><value>1663</value></Data>
            <Data name="Class"><value>Unhealthy</value></Data>
          </ExtendedData>
          <Point><coordinates>102.436776000,2.946187000,0</coordinates></Point>
        </Placemark>

        <Placemark>
          <name>1665</name>
          <styleUrl>#style_Unhealthy</styleUrl>
          <ExtendedData>
            <Data name="id"><value>1665</value></Data>
            <Data name="Class"><value>Unhealthy</value></Data>
          </ExtendedData>
          <Point><coordinates>102.436834000,2.947962000,0</coordinates></Point>
        </Placemark>

        <Placemark>
          <name>1687</name>
          <styleUrl>#style_Unhealthy</styleUrl>
          <ExtendedData>
            <Data name="id"><value>1687</value></Data>
            <Data name="Class"><value>Unhealthy</value></Data>
          </ExtendedData>
          <Point><coordinates>102.436770000,2.946328000,0</coordinates></Point>
        </Placemark>

        <Placemark>
          <name>1697</name>
          <styleUrl>#style_Unhealthy</styleUrl>
          <ExtendedData>
            <Data name="id"><value>1697</value></Data>
            <Data name="Class"><value>Unhealthy</value></Data>
          </ExtendedData>
          <Point><coordinates>102.435770000,2.948839000,0</coordinates></Point>
        </Placemark>

        <Placemark>
          <name>1719</name>
          <styleUrl>#style_Unhealthy</styleUrl>
          <ExtendedData>
            <Data name="id"><value>1719</value></Data>
            <Data name="Class"><value>Unhealthy</value></Data>
          </ExtendedData>
          <Point><coordinates>102.436988000,2.947966000,0</coordinates></Point>
        </Placemark>

        <Placemark>
          <name>1722</name>
          <styleUrl>#style_Unhealthy</styleUrl>
          <ExtendedData>
            <Data name="id"><value>1722</value></Data>
            <Data name="Class"><value>Unhealthy</value></Data>
          </ExtendedData>
          <Point><coordinates>102.436751000,2.947964000,0</coordinates></Point>
        </Placemark>

        <Placemark>
          <name>1740</name>
          <styleUrl>#style_Unhealthy</styleUrl>
          <ExtendedData>
            <Data name="id"><value>1740</value></Data>
            <Data name="Class"><value>Unhealthy</value></Data>
          </ExtendedData>
          <Point><coordinates>102.433031000,2.946096000,0</coordinates></Point>
        </Placemark>

        <Placemark>
          <name>1747</name>
          <styleUrl>#style_Unhealthy</styleUrl>
          <ExtendedData>
            <Data name="id"><value>1747</value></Data>
            <Data name="Class"><value>Unhealthy</value></Data>
          </ExtendedData>
          <Point><coordinates>102.436892000,2.946394000,0</coordinates></Point>
        </Placemark>

        <Placemark>
          <name>1750</name>
          <styleUrl>#style_Unhealthy</styleUrl>
          <ExtendedData>
            <Data name="id"><value>1750</value></Data>
            <Data name="Class"><value>Unhealthy</value></Data>
          </ExtendedData>
          <Point><coordinates>102.436810000,2.946392000,0</coordinates></Point>
        </Placemark>

        <Placemark>
          <name>1771</name>
          <styleUrl>#style_Unhealthy</styleUrl>
          <ExtendedData>
            <Data name="id"><value>1771</value></Data>
            <Data name="Class"><value>Unhealthy</value></Data>
          </ExtendedData>
          <Point><coordinates>102.433810000,2.947046000,0</coordinates></Point>
        </Placemark>

        <Placemark>
          <name>1891</name>
          <styleUrl>#style_Unhealthy</styleUrl>
          <ExtendedData>
            <Data name="id"><value>1891</value></Data>
            <Data name="Class"><value>Unhealthy</value></Data>
          </ExtendedData>
          <Point><coordinates>102.437350000,2.947080000,0</coordinates></Point>
        </Placemark>

        <Placemark>
          <name>1898</name>
          <styleUrl>#style_Unhealthy</styleUrl>
          <ExtendedData>
            <Data name="id"><value>1898</value></Data>
            <Data name="Class"><value>Unhealthy</value></Data>
          </ExtendedData>
          <Point><coordinates>102.433341000,2.946635000,0</coordinates></Point>
        </Placemark>

        <Placemark>
          <name>1910</name>
          <styleUrl>#style_Unhealthy</styleUrl>
          <ExtendedData>
            <Data name="id"><value>1910</value></Data>
            <Data name="Class"><value>Unhealthy</value></Data>
          </ExtendedData>
          <Point><coordinates>102.435901000,2.946455000,0</coordinates></Point>
        </Placemark>

        <Placemark>
          <name>1914</name>
          <styleUrl>#style_Unhealthy</styleUrl>
          <ExtendedData>
            <Data name="id"><value>1914</value></Data>
            <Data name="Class"><value>Unhealthy</value></Data>
          </ExtendedData>
          <Point><coordinates>102.440194000,2.949118000,0</coordinates></Point>
        </Placemark>

        <Placemark>
          <name>1941</name>
          <styleUrl>#style_Unhealthy</styleUrl>
          <ExtendedData>
            <Data name="id"><value>1941</value></Data>
            <Data name="Class"><value>Unhealthy</value></Data>
          </ExtendedData>
          <Point><coordinates>102.432302000,2.948802000,0</coordinates></Point>
        </Placemark>

        <Placemark>
          <name>1951</name>
          <styleUrl>#style_Unhealthy</styleUrl>
          <ExtendedData>
            <Data name="id"><value>1951</value></Data>
            <Data name="Class"><value>Unhealthy</value></Data>
          </ExtendedData>
          <Point><coordinates>102.436293000,2.946997000,0</coordinates></Point>
        </Placemark>

        <Placemark>
          <name>1971</name>
          <styleUrl>#style_Unhealthy</styleUrl>
          <ExtendedData>
            <Data name="id"><value>1971</value></Data>
            <Data name="Class"><value>Unhealthy</value></Data>
          </ExtendedData>
          <Point><coordinates>102.436134000,2.947005000,0</coordinates></Point>
        </Placemark>

        <Placemark>
          <name>1975</name>
          <styleUrl>#style_Unhealthy</styleUrl>
          <ExtendedData>
            <Data name="id"><value>1975</value></Data>
            <Data name="Class"><value>Unhealthy</value></Data>
          </ExtendedData>
          <Point><coordinates>102.431995000,2.947438000,0</coordinates></Point>
        </Placemark>

        <Placemark>
          <name>1998</name>
          <styleUrl>#style_Unhealthy</styleUrl>
          <ExtendedData>
            <Data name="id"><value>1998</value></Data>
            <Data name="Class"><value>Unhealthy</value></Data>
          </ExtendedData>
          <Point><coordinates>102.435850000,2.946388000,0</coordinates></Point>
        </Placemark>

        <Placemark>
          <name>2007</name>
          <styleUrl>#style_Unhealthy</styleUrl>
          <ExtendedData>
            <Data name="id"><value>2007</value></Data>
            <Data name="Class"><value>Unhealthy</value></Data>
          </ExtendedData>
          <Point><coordinates>102.435990000,2.945624000,0</coordinates></Point>
        </Placemark>

        <Placemark>
          <name>2014</name>
          <styleUrl>#style_Unhealthy</styleUrl>
          <ExtendedData>
            <Data name="id"><value>2014</value></Data>
            <Data name="Class"><value>Unhealthy</value></Data>
          </ExtendedData>
          <Point><coordinates>102.435849000,2.946515000,0</coordinates></Point>
        </Placemark>

        <Placemark>
          <name>2022</name>
          <styleUrl>#style_Unhealthy</styleUrl>
          <ExtendedData>
            <Data name="id"><value>2022</value></Data>
            <Data name="Class"><value>Unhealthy</value></Data>
          </ExtendedData>
          <Point><coordinates>102.440106000,2.948705000,0</coordinates></Point>
        </Placemark>

        <Placemark>
          <name>2029</name>
          <styleUrl>#style_Unhealthy</styleUrl>
          <ExtendedData>
            <Data name="id"><value>2029</value></Data>
            <Data name="Class"><value>Unhealthy</value></Data>
          </ExtendedData>
          <Point><coordinates>102.435941000,2.946660000,0</coordinates></Point>
        </Placemark>

        <Placemark>
          <name>2034</name>
          <styleUrl>#style_Unhealthy</styleUrl>
          <ExtendedData>
            <Data name="id"><value>2034</value></Data>
            <Data name="Class"><value>Unhealthy</value></Data>
          </ExtendedData>
          <Point><coordinates>102.432073000,2.947572000,0</coordinates></Point>
        </Placemark>

        <Placemark>
          <name>2054</name>
          <styleUrl>#style_Unhealthy</styleUrl>
          <ExtendedData>
            <Data name="id"><value>2054</value></Data>
            <Data name="Class"><value>Unhealthy</value></Data>
          </ExtendedData>
          <Point><coordinates>102.436097000,2.946799000,0</coordinates></Point>
        </Placemark>

        <Placemark>
          <name>2074</name>
          <styleUrl>#style_Unhealthy</styleUrl>
          <ExtendedData>
            <Data name="id"><value>2074</value></Data>
            <Data name="Class"><value>Unhealthy</value></Data>
          </ExtendedData>
          <Point><coordinates>102.432157000,2.947434000,0</coordinates></Point>
        </Placemark>

        <Placemark>
          <name>2076</name>
          <styleUrl>#style_Unhealthy</styleUrl>
          <ExtendedData>
            <Data name="id"><value>2076</value></Data>
            <Data name="Class"><value>Unhealthy</value></Data>
          </ExtendedData>
          <Point><coordinates>102.435907000,2.946312000,0</coordinates></Point>
        </Placemark>

        <Placemark>
          <name>2080</name>
          <styleUrl>#style_Unhealthy</styleUrl>
          <ExtendedData>
            <Data name="id"><value>2080</value></Data>
            <Data name="Class"><value>Unhealthy</value></Data>
          </ExtendedData>
          <Point><coordinates>102.435831000,2.946316000,0</coordinates></Point>
        </Placemark>

        <Placemark>
          <name>2106</name>
          <styleUrl>#style_Unhealthy</styleUrl>
          <ExtendedData>
            <Data name="id"><value>2106</value></Data>
            <Data name="Class"><value>Unhealthy</value></Data>
          </ExtendedData>
          <Point><coordinates>102.432387000,2.949074000,0</coordinates></Point>
        </Placemark>

        <Placemark>
          <name>2171</name>
          <styleUrl>#style_Unhealthy</styleUrl>
          <ExtendedData>
            <Data name="id"><value>2171</value></Data>
            <Data name="Class"><value>Unhealthy</value></Data>
          </ExtendedData>
          <Point><coordinates>102.435719000,2.945148000,0</coordinates></Point>
        </Placemark>

        <Placemark>
          <name>2199</name>
          <styleUrl>#style_Unhealthy</styleUrl>
          <ExtendedData>
            <Data name="id"><value>2199</value></Data>
            <Data name="Class"><value>Unhealthy</value></Data>
          </ExtendedData>
          <Point><coordinates>102.435682000,2.945079000,0</coordinates></Point>
        </Placemark>

        <Placemark>
          <name>2205</name>
          <styleUrl>#style_Unhealthy</styleUrl>
          <ExtendedData>
            <Data name="id"><value>2205</value></Data>
            <Data name="Class"><value>Unhealthy</value></Data>
          </ExtendedData>
          <Point><coordinates>102.432694000,2.949218000,0</coordinates></Point>
        </Placemark>

        <Placemark>
          <name>2206</name>
          <styleUrl>#style_Unhealthy</styleUrl>
          <ExtendedData>
            <Data name="id"><value>2206</value></Data>
            <Data name="Class"><value>Unhealthy</value></Data>
          </ExtendedData>
          <Point><coordinates>102.438186000,2.946076000,0</coordinates></Point>
        </Placemark>

        <Placemark>
          <name>2221</name>
          <styleUrl>#style_Unhealthy</styleUrl>
          <ExtendedData>
            <Data name="id"><value>2221</value></Data>
            <Data name="Class"><value>Unhealthy</value></Data>
          </ExtendedData>
          <Point><coordinates>102.435648000,2.945014000,0</coordinates></Point>
        </Placemark>

        <Placemark>
          <name>2224</name>
          <styleUrl>#style_Unhealthy</styleUrl>
          <ExtendedData>
            <Data name="id"><value>2224</value></Data>
            <Data name="Class"><value>Unhealthy</value></Data>
          </ExtendedData>
          <Point><coordinates>102.438720000,2.947043000,0</coordinates></Point>
        </Placemark>

        <Placemark>
          <name>2262</name>
          <styleUrl>#style_Unhealthy</styleUrl>
          <ExtendedData>
            <Data name="id"><value>2262</value></Data>
            <Data name="Class"><value>Unhealthy</value></Data>
          </ExtendedData>
          <Point><coordinates>102.437925000,2.947980000,0</coordinates></Point>
        </Placemark>

        <Placemark>
          <name>2331</name>
          <styleUrl>#style_Unhealthy</styleUrl>
          <ExtendedData>
            <Data name="id"><value>2331</value></Data>
            <Data name="Class"><value>Unhealthy</value></Data>
          </ExtendedData>
          <Point><coordinates>102.437522000,2.945863000,0</coordinates></Point>
        </Placemark>

        <Placemark>
          <name>2341</name>
          <styleUrl>#style_Unhealthy</styleUrl>
          <ExtendedData>
            <Data name="id"><value>2341</value></Data>
            <Data name="Class"><value>Unhealthy</value></Data>
          </ExtendedData>
          <Point><coordinates>102.434508000,2.948415000,0</coordinates></Point>
        </Placemark>

        <Placemark>
          <name>2347</name>
          <styleUrl>#style_Unhealthy</styleUrl>
          <ExtendedData>
            <Data name="id"><value>2347</value></Data>
            <Data name="Class"><value>Unhealthy</value></Data>
          </ExtendedData>
          <Point><coordinates>102.433284000,2.949028000,0</coordinates></Point>
        </Placemark>

        <Placemark>
          <name>2350</name>
          <styleUrl>#style_Unhealthy</styleUrl>
          <ExtendedData>
            <Data name="id"><value>2350</value></Data>
            <Data name="Class"><value>Unhealthy</value></Data>
          </ExtendedData>
          <Point><coordinates>102.437399000,2.945790000,0</coordinates></Point>
        </Placemark>

        <Placemark>
          <name>2352</name>
          <styleUrl>#style_Unhealthy</styleUrl>
          <ExtendedData>
            <Data name="id"><value>2352</value></Data>
            <Data name="Class"><value>Unhealthy</value></Data>
          </ExtendedData>
          <Point><coordinates>102.437813000,2.947774000,0</coordinates></Point>
        </Placemark>

        <Placemark>
          <name>2361</name>
          <styleUrl>#style_Unhealthy</styleUrl>
          <ExtendedData>
            <Data name="id"><value>2361</value></Data>
            <Data name="Class"><value>Unhealthy</value></Data>
          </ExtendedData>
          <Point><coordinates>102.435055000,2.949243000,0</coordinates></Point>
        </Placemark>

        <Placemark>
          <name>2367</name>
          <styleUrl>#style_Unhealthy</styleUrl>
          <ExtendedData>
            <Data name="id"><value>2367</value></Data>
            <Data name="Class"><value>Unhealthy</value></Data>
          </ExtendedData>
          <Point><coordinates>102.433241000,2.948814000,0</coordinates></Point>
        </Placemark>

        <Placemark>
          <name>2394</name>
          <styleUrl>#style_Unhealthy</styleUrl>
          <ExtendedData>
            <Data name="id"><value>2394</value></Data>
            <Data name="Class"><value>Unhealthy</value></Data>
          </ExtendedData>
          <Point><coordinates>102.437651000,2.947636000,0</coordinates></Point>
        </Placemark>

        <Placemark>
          <name>2398</name>
          <styleUrl>#style_Unhealthy</styleUrl>
          <ExtendedData>
            <Data name="id"><value>2398</value></Data>
            <Data name="Class"><value>Unhealthy</value></Data>
          </ExtendedData>
          <Point><coordinates>102.437696000,2.947567000,0</coordinates></Point>
        </Placemark>

        <Placemark>
          <name>2416</name>
          <styleUrl>#style_Unhealthy</styleUrl>
          <ExtendedData>
            <Data name="id"><value>2416</value></Data>
            <Data name="Class"><value>Unhealthy</value></Data>
          </ExtendedData>
          <Point><coordinates>102.433288000,2.948882000,0</coordinates></Point>
        </Placemark>

        <Placemark>
          <name>2459</name>
          <styleUrl>#style_Unhealthy</styleUrl>
          <ExtendedData>
            <Data name="id"><value>2459</value></Data>
            <Data name="Class"><value>Unhealthy</value></Data>
          </ExtendedData>
          <Point><coordinates>102.436274000,2.948912000,0</coordinates></Point>
        </Placemark>

        <Placemark>
          <name>2508</name>
          <styleUrl>#style_Unhealthy</styleUrl>
          <ExtendedData>
            <Data name="id"><value>2508</value></Data>
            <Data name="Class"><value>Unhealthy</value></Data>
          </ExtendedData>
          <Point><coordinates>102.434929000,2.948757000,0</coordinates></Point>
        </Placemark>
    </Folder>
  </Document>
</kml>
