<?xml version="1.0" encoding="UTF-8"?>
<kml xmlns="http://www.opengis.net/kml/2.2">
  <Document>
    <name>Palong_Basemap Classification</name>
    <Style id="style_Healthy">
      <IconStyle><color>ff22cc44</color><scale>0.9</scale>
        <Icon><href>http://maps.google.com/mapfiles/kml/shapes/placemark_circle.png</href></Icon>
      </IconStyle>
      <LabelStyle><scale>0</scale></LabelStyle>
      <BalloonStyle><text><![CDATA[<b>$[name]</b><br/>Class: Healthy]]></text></BalloonStyle>
    </Style>

    <Style id="style_Middle">
      <IconStyle><color>ff23a6f5</color><scale>0.9</scale>
        <Icon><href>http://maps.google.com/mapfiles/kml/shapes/placemark_circle.png</href></Icon>
      </IconStyle>
      <LabelStyle><scale>0</scale></LabelStyle>
      <BalloonStyle><text><![CDATA[<b>$[name]</b><br/>Class: Middle]]></text></BalloonStyle>
    </Style>

    <Style id="style_Unhealthy">
      <IconStyle><color>ff2222dd</color><scale>0.9</scale>
        <Icon><href>http://maps.google.com/mapfiles/kml/shapes/placemark_circle.png</href></Icon>
      </IconStyle>
      <LabelStyle><scale>0</scale></LabelStyle>
      <BalloonStyle><text><![CDATA[<b>$[name]</b><br/>Class: Unhealthy]]></text></BalloonStyle>
    </Style>
    <Folder>
      <name>Healthy (1971)</name>
      <open>0</open>
        <Placemark>
          <name>1</name>
          <styleUrl>#style_Healthy</styleUrl>
          <ExtendedData>
            <Data name="id"><value>1</value></Data>
            <Data name="Class"><value>Healthy</value></Data>
          </ExtendedData>
          <Point><coordinates>102.667295200,2.745768554,0</coordinates></Point>
        </Placemark>

        <Placemark>
          <name>2</name>
          <styleUrl>#style_Healthy</styleUrl>
          <ExtendedData>
            <Data name="id"><value>2</value></Data>
            <Data name="Class"><value>Healthy</value></Data>
          </ExtendedData>
          <Point><coordinates>102.667298600,2.745832022,0</coordinates></Point>
        </Placemark>

        <Placemark>
          <name>3</name>
          <styleUrl>#style_Healthy</styleUrl>
          <ExtendedData>
            <Data name="id"><value>3</value></Data>
            <Data name="Class"><value>Healthy</value></Data>
          </ExtendedData>
          <Point><coordinates>102.667303600,2.745915533,0</coordinates></Point>
        </Placemark>

        <Placemark>
          <name>4</name>
          <styleUrl>#style_Healthy</styleUrl>
          <ExtendedData>
            <Data name="id"><value>4</value></Data>
            <Data name="Class"><value>Healthy</value></Data>
          </ExtendedData>
          <Point><coordinates>102.667306900,2.745995703,0</coordinates></Point>
        </Placemark>

        <Placemark>
          <name>5</name>
          <styleUrl>#style_Healthy</styleUrl>
          <ExtendedData>
            <Data name="id"><value>5</value></Data>
            <Data name="Class"><value>Healthy</value></Data>
          </ExtendedData>
          <Point><coordinates>102.667380400,2.746042469,0</coordinates></Point>
        </Placemark>

        <Placemark>
          <name>6</name>
          <styleUrl>#style_Healthy</styleUrl>
          <ExtendedData>
            <Data name="id"><value>6</value></Data>
            <Data name="Class"><value>Healthy</value></Data>
          </ExtendedData>
          <Point><coordinates>102.667442200,2.746079214,0</coordinates></Point>
        </Placemark>

        <Placemark>
          <name>7</name>
          <styleUrl>#style_Healthy</styleUrl>
          <ExtendedData>
            <Data name="id"><value>7</value></Data>
            <Data name="Class"><value>Healthy</value></Data>
          </ExtendedData>
          <Point><coordinates>102.667445500,2.745995703,0</coordinates></Point>
        </Placemark>

        <Placemark>
          <name>8</name>
          <styleUrl>#style_Healthy</styleUrl>
          <ExtendedData>
            <Data name="id"><value>8</value></Data>
            <Data name="Class"><value>Healthy</value></Data>
          </ExtendedData>
          <Point><coordinates>102.667377100,2.745955618,0</coordinates></Point>
        </Placemark>

        <Placemark>
          <name>9</name>
          <styleUrl>#style_Healthy</styleUrl>
          <ExtendedData>
            <Data name="id"><value>9</value></Data>
            <Data name="Class"><value>Healthy</value></Data>
          </ExtendedData>
          <Point><coordinates>102.667372000,2.745877118,0</coordinates></Point>
        </Placemark>

        <Placemark>
          <name>10</name>
          <styleUrl>#style_Healthy</styleUrl>
          <ExtendedData>
            <Data name="id"><value>10</value></Data>
            <Data name="Class"><value>Healthy</value></Data>
          </ExtendedData>
          <Point><coordinates>102.667433800,2.745917203,0</coordinates></Point>
        </Placemark>

        <Placemark>
          <name>11</name>
          <styleUrl>#style_Healthy</styleUrl>
          <ExtendedData>
            <Data name="id"><value>11</value></Data>
            <Data name="Class"><value>Healthy</value></Data>
          </ExtendedData>
          <Point><coordinates>102.667515700,2.746045809,0</coordinates></Point>
        </Placemark>

        <Placemark>
          <name>12</name>
          <styleUrl>#style_Healthy</styleUrl>
          <ExtendedData>
            <Data name="id"><value>12</value></Data>
            <Data name="Class"><value>Healthy</value></Data>
          </ExtendedData>
          <Point><coordinates>102.667515700,2.745953948,0</coordinates></Point>
        </Placemark>

        <Placemark>
          <name>13</name>
          <styleUrl>#style_Healthy</styleUrl>
          <ExtendedData>
            <Data name="id"><value>13</value></Data>
            <Data name="Class"><value>Healthy</value></Data>
          </ExtendedData>
          <Point><coordinates>102.667515700,2.745877118,0</coordinates></Point>
        </Placemark>

        <Placemark>
          <name>14</name>
          <styleUrl>#style_Healthy</styleUrl>
          <ExtendedData>
            <Data name="id"><value>14</value></Data>
            <Data name="Class"><value>Healthy</value></Data>
          </ExtendedData>
          <Point><coordinates>102.667442200,2.745832022,0</coordinates></Point>
        </Placemark>

        <Placemark>
          <name>15</name>
          <styleUrl>#style_Healthy</styleUrl>
          <ExtendedData>
            <Data name="id"><value>15</value></Data>
            <Data name="Class"><value>Healthy</value></Data>
          </ExtendedData>
          <Point><coordinates>102.667373700,2.745793607,0</coordinates></Point>
        </Placemark>

        <Placemark>
          <name>16</name>
          <styleUrl>#style_Healthy</styleUrl>
          <ExtendedData>
            <Data name="id"><value>16</value></Data>
            <Data name="Class"><value>Healthy</value></Data>
          </ExtendedData>
          <Point><coordinates>102.667443900,2.745751852,0</coordinates></Point>
        </Placemark>

        <Placemark>
          <name>17</name>
          <styleUrl>#style_Healthy</styleUrl>
          <ExtendedData>
            <Data name="id"><value>17</value></Data>
            <Data name="Class"><value>Healthy</value></Data>
          </ExtendedData>
          <Point><coordinates>102.667514000,2.745798618,0</coordinates></Point>
        </Placemark>

        <Placemark>
          <name>18</name>
          <styleUrl>#style_Healthy</styleUrl>
          <ExtendedData>
            <Data name="id"><value>18</value></Data>
            <Data name="Class"><value>Healthy</value></Data>
          </ExtendedData>
          <Point><coordinates>102.667505700,2.745735985,0</coordinates></Point>
        </Placemark>

        <Placemark>
          <name>19</name>
          <styleUrl>#style_Healthy</styleUrl>
          <ExtendedData>
            <Data name="id"><value>19</value></Data>
            <Data name="Class"><value>Healthy</value></Data>
          </ExtendedData>
          <Point><coordinates>102.667588300,2.745689637,0</coordinates></Point>
        </Placemark>

        <Placemark>
          <name>20</name>
          <styleUrl>#style_Healthy</styleUrl>
          <ExtendedData>
            <Data name="id"><value>20</value></Data>
            <Data name="Class"><value>Healthy</value></Data>
          </ExtendedData>
          <Point><coordinates>102.667587900,2.745835780,0</coordinates></Point>
        </Placemark>

        <Placemark>
          <name>21</name>
          <styleUrl>#style_Healthy</styleUrl>
          <ExtendedData>
            <Data name="id"><value>21</value></Data>
            <Data name="Class"><value>Healthy</value></Data>
          </ExtendedData>
          <Point><coordinates>102.667588300,2.745918456,0</coordinates></Point>
        </Placemark>

        <Placemark>
          <name>22</name>
          <styleUrl>#style_Healthy</styleUrl>
          <ExtendedData>
            <Data name="id"><value>22</value></Data>
            <Data name="Class"><value>Healthy</value></Data>
          </ExtendedData>
          <Point><coordinates>102.667662200,2.745877536,0</coordinates></Point>
        </Placemark>

        <Placemark>
          <name>23</name>
          <styleUrl>#style_Healthy</styleUrl>
          <ExtendedData>
            <Data name="id"><value>23</value></Data>
            <Data name="Class"><value>Healthy</value></Data>
          </ExtendedData>
          <Point><coordinates>102.667656000,2.745797783,0</coordinates></Point>
        </Placemark>

        <Placemark>
          <name>24</name>
          <styleUrl>#style_Healthy</styleUrl>
          <ExtendedData>
            <Data name="id"><value>24</value></Data>
            <Data name="Class"><value>Healthy</value></Data>
          </ExtendedData>
          <Point><coordinates>102.667661000,2.745714272,0</coordinates></Point>
        </Placemark>

        <Placemark>
          <name>25</name>
          <styleUrl>#style_Healthy</styleUrl>
          <ExtendedData>
            <Data name="id"><value>25</value></Data>
            <Data name="Class"><value>Healthy</value></Data>
          </ExtendedData>
          <Point><coordinates>102.667729500,2.745756028,0</coordinates></Point>
        </Placemark>

        <Placemark>
          <name>26</name>
          <styleUrl>#style_Healthy</styleUrl>
          <ExtendedData>
            <Data name="id"><value>26</value></Data>
            <Data name="Class"><value>Healthy</value></Data>
          </ExtendedData>
          <Point><coordinates>102.667732000,2.745837450,0</coordinates></Point>
        </Placemark>

        <Placemark>
          <name>27</name>
          <styleUrl>#style_Healthy</styleUrl>
          <ExtendedData>
            <Data name="id"><value>27</value></Data>
            <Data name="Class"><value>Healthy</value></Data>
          </ExtendedData>
          <Point><coordinates>102.667800500,2.745882964,0</coordinates></Point>
        </Placemark>

        <Placemark>
          <name>28</name>
          <styleUrl>#style_Healthy</styleUrl>
          <ExtendedData>
            <Data name="id"><value>28</value></Data>
            <Data name="Class"><value>Healthy</value></Data>
          </ExtendedData>
          <Point><coordinates>102.667794200,2.745798200,0</coordinates></Point>
        </Placemark>

        <Placemark>
          <name>31</name>
          <styleUrl>#style_Healthy</styleUrl>
          <ExtendedData>
            <Data name="id"><value>31</value></Data>
            <Data name="Class"><value>Healthy</value></Data>
          </ExtendedData>
          <Point><coordinates>102.667730700,2.745671682,0</coordinates></Point>
        </Placemark>

        <Placemark>
          <name>32</name>
          <styleUrl>#style_Healthy</styleUrl>
          <ExtendedData>
            <Data name="id"><value>32</value></Data>
            <Data name="Class"><value>Healthy</value></Data>
          </ExtendedData>
          <Point><coordinates>102.667660200,2.745960629,0</coordinates></Point>
        </Placemark>

        <Placemark>
          <name>33</name>
          <styleUrl>#style_Healthy</styleUrl>
          <ExtendedData>
            <Data name="id"><value>33</value></Data>
            <Data name="Class"><value>Healthy</value></Data>
          </ExtendedData>
          <Point><coordinates>102.667654300,2.746035788,0</coordinates></Point>
        </Placemark>

        <Placemark>
          <name>35</name>
          <styleUrl>#style_Healthy</styleUrl>
          <ExtendedData>
            <Data name="id"><value>35</value></Data>
            <Data name="Class"><value>Healthy</value></Data>
          </ExtendedData>
          <Point><coordinates>102.667724500,2.745997373,0</coordinates></Point>
        </Placemark>

        <Placemark>
          <name>36</name>
          <styleUrl>#style_Healthy</styleUrl>
          <ExtendedData>
            <Data name="id"><value>36</value></Data>
            <Data name="Class"><value>Healthy</value></Data>
          </ExtendedData>
          <Point><coordinates>102.667803000,2.746054996,0</coordinates></Point>
        </Placemark>

        <Placemark>
          <name>37</name>
          <styleUrl>#style_Healthy</styleUrl>
          <ExtendedData>
            <Data name="id"><value>37</value></Data>
            <Data name="Class"><value>Healthy</value></Data>
          </ExtendedData>
          <Point><coordinates>102.667803800,2.745964804,0</coordinates></Point>
        </Placemark>

        <Placemark>
          <name>38</name>
          <styleUrl>#style_Healthy</styleUrl>
          <ExtendedData>
            <Data name="id"><value>38</value></Data>
            <Data name="Class"><value>Healthy</value></Data>
          </ExtendedData>
          <Point><coordinates>102.667876400,2.746001549,0</coordinates></Point>
        </Placemark>

        <Placemark>
          <name>40</name>
          <styleUrl>#style_Healthy</styleUrl>
          <ExtendedData>
            <Data name="id"><value>40</value></Data>
            <Data name="Class"><value>Healthy</value></Data>
          </ExtendedData>
          <Point><coordinates>102.667867300,2.745833692,0</coordinates></Point>
        </Placemark>

        <Placemark>
          <name>41</name>
          <styleUrl>#style_Healthy</styleUrl>
          <ExtendedData>
            <Data name="id"><value>41</value></Data>
            <Data name="Class"><value>Healthy</value></Data>
          </ExtendedData>
          <Point><coordinates>102.667878100,2.745753522,0</coordinates></Point>
        </Placemark>

        <Placemark>
          <name>42</name>
          <styleUrl>#style_Healthy</styleUrl>
          <ExtendedData>
            <Data name="id"><value>42</value></Data>
            <Data name="Class"><value>Healthy</value></Data>
          </ExtendedData>
          <Point><coordinates>102.667872300,2.745670012,0</coordinates></Point>
        </Placemark>

        <Placemark>
          <name>43</name>
          <styleUrl>#style_Healthy</styleUrl>
          <ExtendedData>
            <Data name="id"><value>43</value></Data>
            <Data name="Class"><value>Healthy</value></Data>
          </ExtendedData>
          <Point><coordinates>102.667804600,2.745624498,0</coordinates></Point>
        </Placemark>

        <Placemark>
          <name>45</name>
          <styleUrl>#style_Healthy</styleUrl>
          <ExtendedData>
            <Data name="id"><value>45</value></Data>
            <Data name="Class"><value>Healthy</value></Data>
          </ExtendedData>
          <Point><coordinates>102.667937000,2.745626586,0</coordinates></Point>
        </Placemark>

        <Placemark>
          <name>46</name>
          <styleUrl>#style_Healthy</styleUrl>
          <ExtendedData>
            <Data name="id"><value>46</value></Data>
            <Data name="Class"><value>Healthy</value></Data>
          </ExtendedData>
          <Point><coordinates>102.667946200,2.745711349,0</coordinates></Point>
        </Placemark>

        <Placemark>
          <name>47</name>
          <styleUrl>#style_Healthy</styleUrl>
          <ExtendedData>
            <Data name="id"><value>47</value></Data>
            <Data name="Class"><value>Healthy</value></Data>
          </ExtendedData>
          <Point><coordinates>102.667948300,2.745794025,0</coordinates></Point>
        </Placemark>

        <Placemark>
          <name>48</name>
          <styleUrl>#style_Healthy</styleUrl>
          <ExtendedData>
            <Data name="id"><value>48</value></Data>
            <Data name="Class"><value>Healthy</value></Data>
          </ExtendedData>
          <Point><coordinates>102.668015900,2.745754357,0</coordinates></Point>
        </Placemark>

        <Placemark>
          <name>49</name>
          <styleUrl>#style_Healthy</styleUrl>
          <ExtendedData>
            <Data name="id"><value>49</value></Data>
            <Data name="Class"><value>Healthy</value></Data>
          </ExtendedData>
          <Point><coordinates>102.668022600,2.745672934,0</coordinates></Point>
        </Placemark>

        <Placemark>
          <name>50</name>
          <styleUrl>#style_Healthy</styleUrl>
          <ExtendedData>
            <Data name="id"><value>50</value></Data>
            <Data name="Class"><value>Healthy</value></Data>
          </ExtendedData>
          <Point><coordinates>102.668078500,2.745639113,0</coordinates></Point>
        </Placemark>

        <Placemark>
          <name>51</name>
          <styleUrl>#style_Healthy</styleUrl>
          <ExtendedData>
            <Data name="id"><value>51</value></Data>
            <Data name="Class"><value>Healthy</value></Data>
          </ExtendedData>
          <Point><coordinates>102.667946600,2.745880041,0</coordinates></Point>
        </Placemark>

        <Placemark>
          <name>52</name>
          <styleUrl>#style_Healthy</styleUrl>
          <ExtendedData>
            <Data name="id"><value>52</value></Data>
            <Data name="Class"><value>Healthy</value></Data>
          </ExtendedData>
          <Point><coordinates>102.668015900,2.745832440,0</coordinates></Point>
        </Placemark>

        <Placemark>
          <name>53</name>
          <styleUrl>#style_Healthy</styleUrl>
          <ExtendedData>
            <Data name="id"><value>53</value></Data>
            <Data name="Class"><value>Healthy</value></Data>
          </ExtendedData>
          <Point><coordinates>102.668085200,2.745794025,0</coordinates></Point>
        </Placemark>

        <Placemark>
          <name>54</name>
          <styleUrl>#style_Healthy</styleUrl>
          <ExtendedData>
            <Data name="id"><value>54</value></Data>
            <Data name="Class"><value>Healthy</value></Data>
          </ExtendedData>
          <Point><coordinates>102.668154500,2.745836615,0</coordinates></Point>
        </Placemark>

        <Placemark>
          <name>55</name>
          <styleUrl>#style_Healthy</styleUrl>
          <ExtendedData>
            <Data name="id"><value>55</value></Data>
            <Data name="Class"><value>Healthy</value></Data>
          </ExtendedData>
          <Point><coordinates>102.668141200,2.745695482,0</coordinates></Point>
        </Placemark>

        <Placemark>
          <name>56</name>
          <styleUrl>#style_Healthy</styleUrl>
          <ExtendedData>
            <Data name="id"><value>56</value></Data>
            <Data name="Class"><value>Healthy</value></Data>
          </ExtendedData>
          <Point><coordinates>102.668218800,2.745875030,0</coordinates></Point>
        </Placemark>

        <Placemark>
          <name>57</name>
          <styleUrl>#style_Healthy</styleUrl>
          <ExtendedData>
            <Data name="id"><value>57</value></Data>
            <Data name="Class"><value>Healthy</value></Data>
          </ExtendedData>
          <Point><coordinates>102.668153700,2.745916786,0</coordinates></Point>
        </Placemark>

        <Placemark>
          <name>58</name>
          <styleUrl>#style_Healthy</styleUrl>
          <ExtendedData>
            <Data name="id"><value>58</value></Data>
            <Data name="Class"><value>Healthy</value></Data>
          </ExtendedData>
          <Point><coordinates>102.668086900,2.745961881,0</coordinates></Point>
        </Placemark>

        <Placemark>
          <name>59</name>
          <styleUrl>#style_Healthy</styleUrl>
          <ExtendedData>
            <Data name="id"><value>59</value></Data>
            <Data name="Class"><value>Healthy</value></Data>
          </ExtendedData>
          <Point><coordinates>102.668021800,2.745918456,0</coordinates></Point>
        </Placemark>

        <Placemark>
          <name>60</name>
          <styleUrl>#style_Healthy</styleUrl>
          <ExtendedData>
            <Data name="id"><value>60</value></Data>
            <Data name="Class"><value>Healthy</value></Data>
          </ExtendedData>
          <Point><coordinates>102.668018400,2.746004472,0</coordinates></Point>
        </Placemark>

        <Placemark>
          <name>61</name>
          <styleUrl>#style_Healthy</styleUrl>
          <ExtendedData>
            <Data name="id"><value>61</value></Data>
            <Data name="Class"><value>Healthy</value></Data>
          </ExtendedData>
          <Point><coordinates>102.668092700,2.746043722,0</coordinates></Point>
        </Placemark>

        <Placemark>
          <name>62</name>
          <styleUrl>#style_Healthy</styleUrl>
          <ExtendedData>
            <Data name="id"><value>62</value></Data>
            <Data name="Class"><value>Healthy</value></Data>
          </ExtendedData>
          <Point><coordinates>102.667944900,2.745957706,0</coordinates></Point>
        </Placemark>

        <Placemark>
          <name>63</name>
          <styleUrl>#style_Healthy</styleUrl>
          <ExtendedData>
            <Data name="id"><value>63</value></Data>
            <Data name="Class"><value>Healthy</value></Data>
          </ExtendedData>
          <Point><coordinates>102.668161200,2.745996956,0</coordinates></Point>
        </Placemark>

        <Placemark>
          <name>64</name>
          <styleUrl>#style_Healthy</styleUrl>
          <ExtendedData>
            <Data name="id"><value>64</value></Data>
            <Data name="Class"><value>Healthy</value></Data>
          </ExtendedData>
          <Point><coordinates>102.668226400,2.745959376,0</coordinates></Point>
        </Placemark>

        <Placemark>
          <name>65</name>
          <styleUrl>#style_Healthy</styleUrl>
          <ExtendedData>
            <Data name="id"><value>65</value></Data>
            <Data name="Class"><value>Healthy</value></Data>
          </ExtendedData>
          <Point><coordinates>102.668294000,2.745918456,0</coordinates></Point>
        </Placemark>

        <Placemark>
          <name>66</name>
          <styleUrl>#style_Healthy</styleUrl>
          <ExtendedData>
            <Data name="id"><value>66</value></Data>
            <Data name="Class"><value>Healthy</value></Data>
          </ExtendedData>
          <Point><coordinates>102.668374200,2.745961464,0</coordinates></Point>
        </Placemark>

        <Placemark>
          <name>68</name>
          <styleUrl>#style_Healthy</styleUrl>
          <ExtendedData>
            <Data name="id"><value>68</value></Data>
            <Data name="Class"><value>Healthy</value></Data>
          </ExtendedData>
          <Point><coordinates>102.668466500,2.745948520,0</coordinates></Point>
        </Placemark>

        <Placemark>
          <name>69</name>
          <styleUrl>#style_Healthy</styleUrl>
          <ExtendedData>
            <Data name="id"><value>69</value></Data>
            <Data name="Class"><value>Healthy</value></Data>
          </ExtendedData>
          <Point><coordinates>102.668486100,2.745736403,0</coordinates></Point>
        </Placemark>

        <Placemark>
          <name>70</name>
          <styleUrl>#style_Healthy</styleUrl>
          <ExtendedData>
            <Data name="id"><value>70</value></Data>
            <Data name="Class"><value>Healthy</value></Data>
          </ExtendedData>
          <Point><coordinates>102.668486900,2.745659573,0</coordinates></Point>
        </Placemark>

        <Placemark>
          <name>71</name>
          <styleUrl>#style_Healthy</styleUrl>
          <ExtendedData>
            <Data name="id"><value>71</value></Data>
            <Data name="Class"><value>Healthy</value></Data>
          </ExtendedData>
          <Point><coordinates>102.668420100,2.745613642,0</coordinates></Point>
        </Placemark>

        <Placemark>
          <name>72</name>
          <styleUrl>#style_Healthy</styleUrl>
          <ExtendedData>
            <Data name="id"><value>72</value></Data>
            <Data name="Class"><value>Healthy</value></Data>
          </ExtendedData>
          <Point><coordinates>102.668196300,2.745628674,0</coordinates></Point>
        </Placemark>

        <Placemark>
          <name>74</name>
          <styleUrl>#style_Healthy</styleUrl>
          <ExtendedData>
            <Data name="id"><value>74</value></Data>
            <Data name="Class"><value>Healthy</value></Data>
          </ExtendedData>
          <Point><coordinates>102.668214700,2.745535977,0</coordinates></Point>
        </Placemark>

        <Placemark>
          <name>76</name>
          <styleUrl>#style_Healthy</styleUrl>
          <ExtendedData>
            <Data name="id"><value>76</value></Data>
            <Data name="Class"><value>Healthy</value></Data>
          </ExtendedData>
          <Point><coordinates>102.668337000,2.745496310,0</coordinates></Point>
        </Placemark>

        <Placemark>
          <name>77</name>
          <styleUrl>#style_Healthy</styleUrl>
          <ExtendedData>
            <Data name="id"><value>77</value></Data>
            <Data name="Class"><value>Healthy</value></Data>
          </ExtendedData>
          <Point><coordinates>102.668483200,2.745579820,0</coordinates></Point>
        </Placemark>

        <Placemark>
          <name>78</name>
          <styleUrl>#style_Healthy</styleUrl>
          <ExtendedData>
            <Data name="id"><value>78</value></Data>
            <Data name="Class"><value>Healthy</value></Data>
          </ExtendedData>
          <Point><coordinates>102.668555800,2.745695065,0</coordinates></Point>
        </Placemark>

        <Placemark>
          <name>79</name>
          <styleUrl>#style_Healthy</styleUrl>
          <ExtendedData>
            <Data name="id"><value>79</value></Data>
            <Data name="Class"><value>Healthy</value></Data>
          </ExtendedData>
          <Point><coordinates>102.668552500,2.745624081,0</coordinates></Point>
        </Placemark>

        <Placemark>
          <name>80</name>
          <styleUrl>#style_Healthy</styleUrl>
          <ExtendedData>
            <Data name="id"><value>80</value></Data>
            <Data name="Class"><value>Healthy</value></Data>
          </ExtendedData>
          <Point><coordinates>102.668479000,2.745501320,0</coordinates></Point>
        </Placemark>

        <Placemark>
          <name>81</name>
          <styleUrl>#style_Healthy</styleUrl>
          <ExtendedData>
            <Data name="id"><value>81</value></Data>
            <Data name="Class"><value>Healthy</value></Data>
          </ExtendedData>
          <Point><coordinates>102.668415500,2.745457895,0</coordinates></Point>
        </Placemark>

        <Placemark>
          <name>82</name>
          <styleUrl>#style_Healthy</styleUrl>
          <ExtendedData>
            <Data name="id"><value>82</value></Data>
            <Data name="Class"><value>Healthy</value></Data>
          </ExtendedData>
          <Point><coordinates>102.668341200,2.745416974,0</coordinates></Point>
        </Placemark>

        <Placemark>
          <name>83</name>
          <styleUrl>#style_Healthy</styleUrl>
          <ExtendedData>
            <Data name="id"><value>83</value></Data>
            <Data name="Class"><value>Healthy</value></Data>
          </ExtendedData>
          <Point><coordinates>102.668280200,2.745377724,0</coordinates></Point>
        </Placemark>

        <Placemark>
          <name>84</name>
          <styleUrl>#style_Healthy</styleUrl>
          <ExtendedData>
            <Data name="id"><value>84</value></Data>
            <Data name="Class"><value>Healthy</value></Data>
          </ExtendedData>
          <Point><coordinates>102.668412200,2.745376889,0</coordinates></Point>
        </Placemark>

        <Placemark>
          <name>85</name>
          <styleUrl>#style_Healthy</styleUrl>
          <ExtendedData>
            <Data name="id"><value>85</value></Data>
            <Data name="Class"><value>Healthy</value></Data>
          </ExtendedData>
          <Point><coordinates>102.668350400,2.745335134,0</coordinates></Point>
        </Placemark>

        <Placemark>
          <name>86</name>
          <styleUrl>#style_Healthy</styleUrl>
          <ExtendedData>
            <Data name="id"><value>86</value></Data>
            <Data name="Class"><value>Healthy</value></Data>
          </ExtendedData>
          <Point><coordinates>102.668550800,2.745454554,0</coordinates></Point>
        </Placemark>

        <Placemark>
          <name>87</name>
          <styleUrl>#style_Healthy</styleUrl>
          <ExtendedData>
            <Data name="id"><value>87</value></Data>
            <Data name="Class"><value>Healthy</value></Data>
          </ExtendedData>
          <Point><coordinates>102.668624300,2.745573139,0</coordinates></Point>
        </Placemark>

        <Placemark>
          <name>88</name>
          <styleUrl>#style_Healthy</styleUrl>
          <ExtendedData>
            <Data name="id"><value>88</value></Data>
            <Data name="Class"><value>Healthy</value></Data>
          </ExtendedData>
          <Point><coordinates>102.668696100,2.745690889,0</coordinates></Point>
        </Placemark>

        <Placemark>
          <name>90</name>
          <styleUrl>#style_Healthy</styleUrl>
          <ExtendedData>
            <Data name="id"><value>90</value></Data>
            <Data name="Class"><value>Healthy</value></Data>
          </ExtendedData>
          <Point><coordinates>102.668343300,2.745253294,0</coordinates></Point>
        </Placemark>

        <Placemark>
          <name>91</name>
          <styleUrl>#style_Healthy</styleUrl>
          <ExtendedData>
            <Data name="id"><value>91</value></Data>
            <Data name="Class"><value>Healthy</value></Data>
          </ExtendedData>
          <Point><coordinates>102.668412600,2.745212582,0</coordinates></Point>
        </Placemark>

        <Placemark>
          <name>92</name>
          <styleUrl>#style_Healthy</styleUrl>
          <ExtendedData>
            <Data name="id"><value>92</value></Data>
            <Data name="Class"><value>Healthy</value></Data>
          </ExtendedData>
          <Point><coordinates>102.668273100,2.745142224,0</coordinates></Point>
        </Placemark>

        <Placemark>
          <name>93</name>
          <styleUrl>#style_Healthy</styleUrl>
          <ExtendedData>
            <Data name="id"><value>93</value></Data>
            <Data name="Class"><value>Healthy</value></Data>
          </ExtendedData>
          <Point><coordinates>102.668200900,2.745181057,0</coordinates></Point>
        </Placemark>

        <Placemark>
          <name>94</name>
          <styleUrl>#style_Healthy</styleUrl>
          <ExtendedData>
            <Data name="id"><value>94</value></Data>
            <Data name="Class"><value>Healthy</value></Data>
          </ExtendedData>
          <Point><coordinates>102.668202800,2.745099425,0</coordinates></Point>
        </Placemark>

        <Placemark>
          <name>95</name>
          <styleUrl>#style_Healthy</styleUrl>
          <ExtendedData>
            <Data name="id"><value>95</value></Data>
            <Data name="Class"><value>Healthy</value></Data>
          </ExtendedData>
          <Point><coordinates>102.668135100,2.745061010,0</coordinates></Point>
        </Placemark>

        <Placemark>
          <name>96</name>
          <styleUrl>#style_Healthy</styleUrl>
          <ExtendedData>
            <Data name="id"><value>96</value></Data>
            <Data name="Class"><value>Healthy</value></Data>
          </ExtendedData>
          <Point><coordinates>102.668063300,2.745028441,0</coordinates></Point>
        </Placemark>

        <Placemark>
          <name>97</name>
          <styleUrl>#style_Healthy</styleUrl>
          <ExtendedData>
            <Data name="id"><value>97</value></Data>
            <Data name="Class"><value>Healthy</value></Data>
          </ExtendedData>
          <Point><coordinates>102.668134300,2.744981675,0</coordinates></Point>
        </Placemark>

        <Placemark>
          <name>98</name>
          <styleUrl>#style_Healthy</styleUrl>
          <ExtendedData>
            <Data name="id"><value>98</value></Data>
            <Data name="Class"><value>Healthy</value></Data>
          </ExtendedData>
          <Point><coordinates>102.668206100,2.745025101,0</coordinates></Point>
        </Placemark>

        <Placemark>
          <name>99</name>
          <styleUrl>#style_Healthy</styleUrl>
          <ExtendedData>
            <Data name="id"><value>99</value></Data>
            <Data name="Class"><value>Healthy</value></Data>
          </ExtendedData>
          <Point><coordinates>102.668137600,2.744904010,0</coordinates></Point>
        </Placemark>

        <Placemark>
          <name>100</name>
          <styleUrl>#style_Healthy</styleUrl>
          <ExtendedData>
            <Data name="id"><value>100</value></Data>
            <Data name="Class"><value>Healthy</value></Data>
          </ExtendedData>
          <Point><coordinates>102.668065800,2.744867266,0</coordinates></Point>
        </Placemark>

        <Placemark>
          <name>101</name>
          <styleUrl>#style_Healthy</styleUrl>
          <ExtendedData>
            <Data name="id"><value>101</value></Data>
            <Data name="Class"><value>Healthy</value></Data>
          </ExtendedData>
          <Point><coordinates>102.667998200,2.744742835,0</coordinates></Point>
        </Placemark>

        <Placemark>
          <name>102</name>
          <styleUrl>#style_Healthy</styleUrl>
          <ExtendedData>
            <Data name="id"><value>102</value></Data>
            <Data name="Class"><value>Healthy</value></Data>
          </ExtendedData>
          <Point><coordinates>102.667833700,2.744596691,0</coordinates></Point>
        </Placemark>

        <Placemark>
          <name>103</name>
          <styleUrl>#style_Healthy</styleUrl>
          <ExtendedData>
            <Data name="id"><value>103</value></Data>
            <Data name="Class"><value>Healthy</value></Data>
          </ExtendedData>
          <Point><coordinates>102.667803600,2.744537399,0</coordinates></Point>
        </Placemark>

        <Placemark>
          <name>106</name>
          <styleUrl>#style_Healthy</styleUrl>
          <ExtendedData>
            <Data name="id"><value>106</value></Data>
            <Data name="Class"><value>Healthy</value></Data>
          </ExtendedData>
          <Point><coordinates>102.667726800,2.744562452,0</coordinates></Point>
        </Placemark>

        <Placemark>
          <name>107</name>
          <styleUrl>#style_Healthy</styleUrl>
          <ExtendedData>
            <Data name="id"><value>107</value></Data>
            <Data name="Class"><value>Healthy</value></Data>
          </ExtendedData>
          <Point><coordinates>102.667672500,2.744572473,0</coordinates></Point>
        </Placemark>

        <Placemark>
          <name>109</name>
          <styleUrl>#style_Healthy</styleUrl>
          <ExtendedData>
            <Data name="id"><value>109</value></Data>
            <Data name="Class"><value>Healthy</value></Data>
          </ExtendedData>
          <Point><coordinates>102.667607300,2.744539069,0</coordinates></Point>
        </Placemark>

        <Placemark>
          <name>110</name>
          <styleUrl>#style_Healthy</styleUrl>
          <ExtendedData>
            <Data name="id"><value>110</value></Data>
            <Data name="Class"><value>Healthy</value></Data>
          </ExtendedData>
          <Point><coordinates>102.667658300,2.744482282,0</coordinates></Point>
        </Placemark>

        <Placemark>
          <name>111</name>
          <styleUrl>#style_Healthy</styleUrl>
          <ExtendedData>
            <Data name="id"><value>111</value></Data>
            <Data name="Class"><value>Healthy</value></Data>
          </ExtendedData>
          <Point><coordinates>102.667725100,2.744380399,0</coordinates></Point>
        </Placemark>

        <Placemark>
          <name>112</name>
          <styleUrl>#style_Healthy</styleUrl>
          <ExtendedData>
            <Data name="id"><value>112</value></Data>
            <Data name="Class"><value>Healthy</value></Data>
          </ExtendedData>
          <Point><coordinates>102.667653300,2.744399606,0</coordinates></Point>
        </Placemark>

        <Placemark>
          <name>113</name>
          <styleUrl>#style_Healthy</styleUrl>
          <ExtendedData>
            <Data name="id"><value>113</value></Data>
            <Data name="Class"><value>Healthy</value></Data>
          </ExtendedData>
          <Point><coordinates>102.667594800,2.744438021,0</coordinates></Point>
        </Placemark>

        <Placemark>
          <name>114</name>
          <styleUrl>#style_Healthy</styleUrl>
          <ExtendedData>
            <Data name="id"><value>114</value></Data>
            <Data name="Class"><value>Healthy</value></Data>
          </ExtendedData>
          <Point><coordinates>102.667517100,2.744488128,0</coordinates></Point>
        </Placemark>

        <Placemark>
          <name>116</name>
          <styleUrl>#style_Healthy</styleUrl>
          <ExtendedData>
            <Data name="id"><value>116</value></Data>
            <Data name="Class"><value>Healthy</value></Data>
          </ExtendedData>
          <Point><coordinates>102.667300600,2.744519444,0</coordinates></Point>
        </Placemark>

        <Placemark>
          <name>117</name>
          <styleUrl>#style_Healthy</styleUrl>
          <ExtendedData>
            <Data name="id"><value>117</value></Data>
            <Data name="Class"><value>Healthy</value></Data>
          </ExtendedData>
          <Point><coordinates>102.667372500,2.744487710,0</coordinates></Point>
        </Placemark>

        <Placemark>
          <name>118</name>
          <styleUrl>#style_Healthy</styleUrl>
          <ExtendedData>
            <Data name="id"><value>118</value></Data>
            <Data name="Class"><value>Healthy</value></Data>
          </ExtendedData>
          <Point><coordinates>102.667446800,2.744533641,0</coordinates></Point>
        </Placemark>

        <Placemark>
          <name>119</name>
          <styleUrl>#style_Healthy</styleUrl>
          <ExtendedData>
            <Data name="id"><value>119</value></Data>
            <Data name="Class"><value>Healthy</value></Data>
          </ExtendedData>
          <Point><coordinates>102.667436800,2.744438439,0</coordinates></Point>
        </Placemark>

        <Placemark>
          <name>120</name>
          <styleUrl>#style_Healthy</styleUrl>
          <ExtendedData>
            <Data name="id"><value>120</value></Data>
            <Data name="Class"><value>Healthy</value></Data>
          </ExtendedData>
          <Point><coordinates>102.667521100,2.744399189,0</coordinates></Point>
        </Placemark>

        <Placemark>
          <name>121</name>
          <styleUrl>#style_Healthy</styleUrl>
          <ExtendedData>
            <Data name="id"><value>121</value></Data>
            <Data name="Class"><value>Healthy</value></Data>
          </ExtendedData>
          <Point><coordinates>102.667587900,2.744359104,0</coordinates></Point>
        </Placemark>

        <Placemark>
          <name>122</name>
          <styleUrl>#style_Healthy</styleUrl>
          <ExtendedData>
            <Data name="id"><value>122</value></Data>
            <Data name="Class"><value>Healthy</value></Data>
          </ExtendedData>
          <Point><coordinates>102.667638000,2.744329040,0</coordinates></Point>
        </Placemark>

        <Placemark>
          <name>123</name>
          <styleUrl>#style_Healthy</styleUrl>
          <ExtendedData>
            <Data name="id"><value>123</value></Data>
            <Data name="Class"><value>Healthy</value></Data>
          </ExtendedData>
          <Point><coordinates>102.667689800,2.744304822,0</coordinates></Point>
        </Placemark>

        <Placemark>
          <name>124</name>
          <styleUrl>#style_Healthy</styleUrl>
          <ExtendedData>
            <Data name="id"><value>124</value></Data>
            <Data name="Class"><value>Healthy</value></Data>
          </ExtendedData>
          <Point><coordinates>102.667663900,2.744228827,0</coordinates></Point>
        </Placemark>

        <Placemark>
          <name>126</name>
          <styleUrl>#style_Healthy</styleUrl>
          <ExtendedData>
            <Data name="id"><value>126</value></Data>
            <Data name="Class"><value>Healthy</value></Data>
          </ExtendedData>
          <Point><coordinates>102.667582900,2.744270582,0</coordinates></Point>
        </Placemark>

        <Placemark>
          <name>127</name>
          <styleUrl>#style_Healthy</styleUrl>
          <ExtendedData>
            <Data name="id"><value>127</value></Data>
            <Data name="Class"><value>Healthy</value></Data>
          </ExtendedData>
          <Point><coordinates>102.667520300,2.744319854,0</coordinates></Point>
        </Placemark>

        <Placemark>
          <name>128</name>
          <styleUrl>#style_Healthy</styleUrl>
          <ExtendedData>
            <Data name="id"><value>128</value></Data>
            <Data name="Class"><value>Healthy</value></Data>
          </ExtendedData>
          <Point><coordinates>102.667441800,2.744349082,0</coordinates></Point>
        </Placemark>

        <Placemark>
          <name>129</name>
          <styleUrl>#style_Healthy</styleUrl>
          <ExtendedData>
            <Data name="id"><value>129</value></Data>
            <Data name="Class"><value>Healthy</value></Data>
          </ExtendedData>
          <Point><coordinates>102.667370800,2.744390003,0</coordinates></Point>
        </Placemark>

        <Placemark>
          <name>130</name>
          <styleUrl>#style_Healthy</styleUrl>
          <ExtendedData>
            <Data name="id"><value>130</value></Data>
            <Data name="Class"><value>Healthy</value></Data>
          </ExtendedData>
          <Point><coordinates>102.667302300,2.744437604,0</coordinates></Point>
        </Placemark>

        <Placemark>
          <name>131</name>
          <styleUrl>#style_Healthy</styleUrl>
          <ExtendedData>
            <Data name="id"><value>131</value></Data>
            <Data name="Class"><value>Healthy</value></Data>
          </ExtendedData>
          <Point><coordinates>102.667225500,2.744473513,0</coordinates></Point>
        </Placemark>

        <Placemark>
          <name>135</name>
          <styleUrl>#style_Healthy</styleUrl>
          <ExtendedData>
            <Data name="id"><value>135</value></Data>
            <Data name="Class"><value>Healthy</value></Data>
          </ExtendedData>
          <Point><coordinates>102.667086900,2.744390003,0</coordinates></Point>
        </Placemark>

        <Placemark>
          <name>136</name>
          <styleUrl>#style_Healthy</styleUrl>
          <ExtendedData>
            <Data name="id"><value>136</value></Data>
            <Data name="Class"><value>Healthy</value></Data>
          </ExtendedData>
          <Point><coordinates>102.667161200,2.744352423,0</coordinates></Point>
        </Placemark>

        <Placemark>
          <name>137</name>
          <styleUrl>#style_Healthy</styleUrl>
          <ExtendedData>
            <Data name="id"><value>137</value></Data>
            <Data name="Class"><value>Healthy</value></Data>
          </ExtendedData>
          <Point><coordinates>102.667231300,2.744400024,0</coordinates></Point>
        </Placemark>

        <Placemark>
          <name>138</name>
          <styleUrl>#style_Healthy</styleUrl>
          <ExtendedData>
            <Data name="id"><value>138</value></Data>
            <Data name="Class"><value>Healthy</value></Data>
          </ExtendedData>
          <Point><coordinates>102.667229700,2.744314008,0</coordinates></Point>
        </Placemark>

        <Placemark>
          <name>139</name>
          <styleUrl>#style_Healthy</styleUrl>
          <ExtendedData>
            <Data name="id"><value>139</value></Data>
            <Data name="Class"><value>Healthy</value></Data>
          </ExtendedData>
          <Point><coordinates>102.667299800,2.744355763,0</coordinates></Point>
        </Placemark>

        <Placemark>
          <name>140</name>
          <styleUrl>#style_Healthy</styleUrl>
          <ExtendedData>
            <Data name="id"><value>140</value></Data>
            <Data name="Class"><value>Healthy</value></Data>
          </ExtendedData>
          <Point><coordinates>102.667369100,2.744315678,0</coordinates></Point>
        </Placemark>

        <Placemark>
          <name>141</name>
          <styleUrl>#style_Healthy</styleUrl>
          <ExtendedData>
            <Data name="id"><value>141</value></Data>
            <Data name="Class"><value>Healthy</value></Data>
          </ExtendedData>
          <Point><coordinates>102.667440900,2.744270582,0</coordinates></Point>
        </Placemark>

        <Placemark>
          <name>142</name>
          <styleUrl>#style_Healthy</styleUrl>
          <ExtendedData>
            <Data name="id"><value>142</value></Data>
            <Data name="Class"><value>Healthy</value></Data>
          </ExtendedData>
          <Point><coordinates>102.667446000,2.744192082,0</coordinates></Point>
        </Placemark>

        <Placemark>
          <name>143</name>
          <styleUrl>#style_Healthy</styleUrl>
          <ExtendedData>
            <Data name="id"><value>143</value></Data>
            <Data name="Class"><value>Healthy</value></Data>
          </ExtendedData>
          <Point><coordinates>102.667512800,2.744233838,0</coordinates></Point>
        </Placemark>

        <Placemark>
          <name>144</name>
          <styleUrl>#style_Healthy</styleUrl>
          <ExtendedData>
            <Data name="id"><value>144</value></Data>
            <Data name="Class"><value>Healthy</value></Data>
          </ExtendedData>
          <Point><coordinates>102.667581200,2.744189577,0</coordinates></Point>
        </Placemark>

        <Placemark>
          <name>145</name>
          <styleUrl>#style_Healthy</styleUrl>
          <ExtendedData>
            <Data name="id"><value>145</value></Data>
            <Data name="Class"><value>Healthy</value></Data>
          </ExtendedData>
          <Point><coordinates>102.667638900,2.744150327,0</coordinates></Point>
        </Placemark>

        <Placemark>
          <name>146</name>
          <styleUrl>#style_Healthy</styleUrl>
          <ExtendedData>
            <Data name="id"><value>146</value></Data>
            <Data name="Class"><value>Healthy</value></Data>
          </ExtendedData>
          <Point><coordinates>102.667572100,2.744105231,0</coordinates></Point>
        </Placemark>

        <Placemark>
          <name>147</name>
          <styleUrl>#style_Healthy</styleUrl>
          <ExtendedData>
            <Data name="id"><value>147</value></Data>
            <Data name="Class"><value>Healthy</value></Data>
          </ExtendedData>
          <Point><coordinates>102.667615500,2.744064311,0</coordinates></Point>
        </Placemark>

        <Placemark>
          <name>148</name>
          <styleUrl>#style_Healthy</styleUrl>
          <ExtendedData>
            <Data name="id"><value>148</value></Data>
            <Data name="Class"><value>Healthy</value></Data>
          </ExtendedData>
          <Point><coordinates>102.667511900,2.744149492,0</coordinates></Point>
        </Placemark>

        <Placemark>
          <name>149</name>
          <styleUrl>#style_Healthy</styleUrl>
          <ExtendedData>
            <Data name="id"><value>149</value></Data>
            <Data name="Class"><value>Healthy</value></Data>
          </ExtendedData>
          <Point><coordinates>102.667517800,2.744066816,0</coordinates></Point>
        </Placemark>

        <Placemark>
          <name>150</name>
          <styleUrl>#style_Healthy</styleUrl>
          <ExtendedData>
            <Data name="id"><value>150</value></Data>
            <Data name="Class"><value>Healthy</value></Data>
          </ExtendedData>
          <Point><coordinates>102.667438400,2.744106066,0</coordinates></Point>
        </Placemark>

        <Placemark>
          <name>151</name>
          <styleUrl>#style_Healthy</styleUrl>
          <ExtendedData>
            <Data name="id"><value>151</value></Data>
            <Data name="Class"><value>Healthy</value></Data>
          </ExtendedData>
          <Point><coordinates>102.667368300,2.744149492,0</coordinates></Point>
        </Placemark>

        <Placemark>
          <name>152</name>
          <styleUrl>#style_Healthy</styleUrl>
          <ExtendedData>
            <Data name="id"><value>152</value></Data>
            <Data name="Class"><value>Healthy</value></Data>
          </ExtendedData>
          <Point><coordinates>102.667367500,2.744229662,0</coordinates></Point>
        </Placemark>

        <Placemark>
          <name>153</name>
          <styleUrl>#style_Healthy</styleUrl>
          <ExtendedData>
            <Data name="id"><value>153</value></Data>
            <Data name="Class"><value>Healthy</value></Data>
          </ExtendedData>
          <Point><coordinates>102.667371600,2.744068487,0</coordinates></Point>
        </Placemark>

        <Placemark>
          <name>154</name>
          <styleUrl>#style_Healthy</styleUrl>
          <ExtendedData>
            <Data name="id"><value>154</value></Data>
            <Data name="Class"><value>Healthy</value></Data>
          </ExtendedData>
          <Point><coordinates>102.667302300,2.744108572,0</coordinates></Point>
        </Placemark>

        <Placemark>
          <name>155</name>
          <styleUrl>#style_Healthy</styleUrl>
          <ExtendedData>
            <Data name="id"><value>155</value></Data>
            <Data name="Class"><value>Healthy</value></Data>
          </ExtendedData>
          <Point><coordinates>102.667228000,2.744148657,0</coordinates></Point>
        </Placemark>

        <Placemark>
          <name>156</name>
          <styleUrl>#style_Healthy</styleUrl>
          <ExtendedData>
            <Data name="id"><value>156</value></Data>
            <Data name="Class"><value>Healthy</value></Data>
          </ExtendedData>
          <Point><coordinates>102.667236300,2.744232167,0</coordinates></Point>
        </Placemark>

        <Placemark>
          <name>157</name>
          <styleUrl>#style_Healthy</styleUrl>
          <ExtendedData>
            <Data name="id"><value>157</value></Data>
            <Data name="Class"><value>Healthy</value></Data>
          </ExtendedData>
          <Point><coordinates>102.667159500,2.744265572,0</coordinates></Point>
        </Placemark>

        <Placemark>
          <name>158</name>
          <styleUrl>#style_Healthy</styleUrl>
          <ExtendedData>
            <Data name="id"><value>158</value></Data>
            <Data name="Class"><value>Healthy</value></Data>
          </ExtendedData>
          <Point><coordinates>102.667158700,2.744188742,0</coordinates></Point>
        </Placemark>

        <Placemark>
          <name>159</name>
          <styleUrl>#style_Healthy</styleUrl>
          <ExtendedData>
            <Data name="id"><value>159</value></Data>
            <Data name="Class"><value>Healthy</value></Data>
          </ExtendedData>
          <Point><coordinates>102.667155300,2.744106902,0</coordinates></Point>
        </Placemark>

        <Placemark>
          <name>160</name>
          <styleUrl>#style_Healthy</styleUrl>
          <ExtendedData>
            <Data name="id"><value>160</value></Data>
            <Data name="Class"><value>Healthy</value></Data>
          </ExtendedData>
          <Point><coordinates>102.667230500,2.744065981,0</coordinates></Point>
        </Placemark>

        <Placemark>
          <name>162</name>
          <styleUrl>#style_Healthy</styleUrl>
          <ExtendedData>
            <Data name="id"><value>162</value></Data>
            <Data name="Class"><value>Healthy</value></Data>
          </ExtendedData>
          <Point><coordinates>102.667165400,2.743949066,0</coordinates></Point>
        </Placemark>

        <Placemark>
          <name>163</name>
          <styleUrl>#style_Healthy</styleUrl>
          <ExtendedData>
            <Data name="id"><value>163</value></Data>
            <Data name="Class"><value>Healthy</value></Data>
          </ExtendedData>
          <Point><coordinates>102.667165400,2.743856370,0</coordinates></Point>
        </Placemark>

        <Placemark>
          <name>164</name>
          <styleUrl>#style_Healthy</styleUrl>
          <ExtendedData>
            <Data name="id"><value>164</value></Data>
            <Data name="Class"><value>Healthy</value></Data>
          </ExtendedData>
          <Point><coordinates>102.667168700,2.743776199,0</coordinates></Point>
        </Placemark>

        <Placemark>
          <name>167</name>
          <styleUrl>#style_Healthy</styleUrl>
          <ExtendedData>
            <Data name="id"><value>167</value></Data>
            <Data name="Class"><value>Healthy</value></Data>
          </ExtendedData>
          <Point><coordinates>102.667238800,2.743565753,0</coordinates></Point>
        </Placemark>

        <Placemark>
          <name>168</name>
          <styleUrl>#style_Healthy</styleUrl>
          <ExtendedData>
            <Data name="id"><value>168</value></Data>
            <Data name="Class"><value>Healthy</value></Data>
          </ExtendedData>
          <Point><coordinates>102.667308200,2.743613354,0</coordinates></Point>
        </Placemark>

        <Placemark>
          <name>170</name>
          <styleUrl>#style_Healthy</styleUrl>
          <ExtendedData>
            <Data name="id"><value>170</value></Data>
            <Data name="Class"><value>Healthy</value></Data>
          </ExtendedData>
          <Point><coordinates>102.667230500,2.743738620,0</coordinates></Point>
        </Placemark>

        <Placemark>
          <name>171</name>
          <styleUrl>#style_Healthy</styleUrl>
          <ExtendedData>
            <Data name="id"><value>171</value></Data>
            <Data name="Class"><value>Healthy</value></Data>
          </ExtendedData>
          <Point><coordinates>102.667233800,2.743815449,0</coordinates></Point>
        </Placemark>

        <Placemark>
          <name>172</name>
          <styleUrl>#style_Healthy</styleUrl>
          <ExtendedData>
            <Data name="id"><value>172</value></Data>
            <Data name="Class"><value>Healthy</value></Data>
          </ExtendedData>
          <Point><coordinates>102.667233000,2.743898960,0</coordinates></Point>
        </Placemark>

        <Placemark>
          <name>174</name>
          <styleUrl>#style_Healthy</styleUrl>
          <ExtendedData>
            <Data name="id"><value>174</value></Data>
            <Data name="Class"><value>Healthy</value></Data>
          </ExtendedData>
          <Point><coordinates>102.667307300,2.744024226,0</coordinates></Point>
        </Placemark>

        <Placemark>
          <name>175</name>
          <styleUrl>#style_Healthy</styleUrl>
          <ExtendedData>
            <Data name="id"><value>175</value></Data>
            <Data name="Class"><value>Healthy</value></Data>
          </ExtendedData>
          <Point><coordinates>102.667371600,2.743984141,0</coordinates></Point>
        </Placemark>

        <Placemark>
          <name>176</name>
          <styleUrl>#style_Healthy</styleUrl>
          <ExtendedData>
            <Data name="id"><value>176</value></Data>
            <Data name="Class"><value>Healthy</value></Data>
          </ExtendedData>
          <Point><coordinates>102.667444300,2.744025896,0</coordinates></Point>
        </Placemark>

        <Placemark>
          <name>177</name>
          <styleUrl>#style_Healthy</styleUrl>
          <ExtendedData>
            <Data name="id"><value>177</value></Data>
            <Data name="Class"><value>Healthy</value></Data>
          </ExtendedData>
          <Point><coordinates>102.667513600,2.743982471,0</coordinates></Point>
        </Placemark>

        <Placemark>
          <name>178</name>
          <styleUrl>#style_Healthy</styleUrl>
          <ExtendedData>
            <Data name="id"><value>178</value></Data>
            <Data name="Class"><value>Healthy</value></Data>
          </ExtendedData>
          <Point><coordinates>102.667587900,2.743979965,0</coordinates></Point>
        </Placemark>

        <Placemark>
          <name>180</name>
          <styleUrl>#style_Healthy</styleUrl>
          <ExtendedData>
            <Data name="id"><value>180</value></Data>
            <Data name="Class"><value>Healthy</value></Data>
          </ExtendedData>
          <Point><coordinates>102.667565400,2.743909816,0</coordinates></Point>
        </Placemark>

        <Placemark>
          <name>183</name>
          <styleUrl>#style_Healthy</styleUrl>
          <ExtendedData>
            <Data name="id"><value>183</value></Data>
            <Data name="Class"><value>Healthy</value></Data>
          </ExtendedData>
          <Point><coordinates>102.667506100,2.743897290,0</coordinates></Point>
        </Placemark>

        <Placemark>
          <name>188</name>
          <styleUrl>#style_Healthy</styleUrl>
          <ExtendedData>
            <Data name="id"><value>188</value></Data>
            <Data name="Class"><value>Healthy</value></Data>
          </ExtendedData>
          <Point><coordinates>102.667373300,2.743731939,0</coordinates></Point>
        </Placemark>

        <Placemark>
          <name>189</name>
          <styleUrl>#style_Healthy</styleUrl>
          <ExtendedData>
            <Data name="id"><value>189</value></Data>
            <Data name="Class"><value>Healthy</value></Data>
          </ExtendedData>
          <Point><coordinates>102.667370000,2.743815449,0</coordinates></Point>
        </Placemark>

        <Placemark>
          <name>190</name>
          <styleUrl>#style_Healthy</styleUrl>
          <ExtendedData>
            <Data name="id"><value>190</value></Data>
            <Data name="Class"><value>Healthy</value></Data>
          </ExtendedData>
          <Point><coordinates>102.667442600,2.743771189,0</coordinates></Point>
        </Placemark>

        <Placemark>
          <name>193</name>
          <styleUrl>#style_Healthy</styleUrl>
          <ExtendedData>
            <Data name="id"><value>193</value></Data>
            <Data name="Class"><value>Healthy</value></Data>
          </ExtendedData>
          <Point><coordinates>102.667428400,2.743687678,0</coordinates></Point>
        </Placemark>

        <Placemark>
          <name>194</name>
          <styleUrl>#style_Healthy</styleUrl>
          <ExtendedData>
            <Data name="id"><value>194</value></Data>
            <Data name="Class"><value>Healthy</value></Data>
          </ExtendedData>
          <Point><coordinates>102.667559500,2.743646758,0</coordinates></Point>
        </Placemark>

        <Placemark>
          <name>195</name>
          <styleUrl>#style_Healthy</styleUrl>
          <ExtendedData>
            <Data name="id"><value>195</value></Data>
            <Data name="Class"><value>Healthy</value></Data>
          </ExtendedData>
          <Point><coordinates>102.667574600,2.743717742,0</coordinates></Point>
        </Placemark>

        <Placemark>
          <name>198</name>
          <styleUrl>#style_Healthy</styleUrl>
          <ExtendedData>
            <Data name="id"><value>198</value></Data>
            <Data name="Class"><value>Healthy</value></Data>
          </ExtendedData>
          <Point><coordinates>102.667375000,2.743569928,0</coordinates></Point>
        </Placemark>

        <Placemark>
          <name>199</name>
          <styleUrl>#style_Healthy</styleUrl>
          <ExtendedData>
            <Data name="id"><value>199</value></Data>
            <Data name="Class"><value>Healthy</value></Data>
          </ExtendedData>
          <Point><coordinates>102.667094400,2.744146152,0</coordinates></Point>
        </Placemark>

        <Placemark>
          <name>200</name>
          <styleUrl>#style_Healthy</styleUrl>
          <ExtendedData>
            <Data name="id"><value>200</value></Data>
            <Data name="Class"><value>Healthy</value></Data>
          </ExtendedData>
          <Point><coordinates>102.667086900,2.744061806,0</coordinates></Point>
        </Placemark>

        <Placemark>
          <name>201</name>
          <styleUrl>#style_Healthy</styleUrl>
          <ExtendedData>
            <Data name="id"><value>201</value></Data>
            <Data name="Class"><value>Healthy</value></Data>
          </ExtendedData>
          <Point><coordinates>102.667091900,2.743984976,0</coordinates></Point>
        </Placemark>

        <Placemark>
          <name>202</name>
          <styleUrl>#style_Healthy</styleUrl>
          <ExtendedData>
            <Data name="id"><value>202</value></Data>
            <Data name="Class"><value>Healthy</value></Data>
          </ExtendedData>
          <Point><coordinates>102.667090200,2.743906476,0</coordinates></Point>
        </Placemark>

        <Placemark>
          <name>203</name>
          <styleUrl>#style_Healthy</styleUrl>
          <ExtendedData>
            <Data name="id"><value>203</value></Data>
            <Data name="Class"><value>Healthy</value></Data>
          </ExtendedData>
          <Point><coordinates>102.667090200,2.743817955,0</coordinates></Point>
        </Placemark>

        <Placemark>
          <name>205</name>
          <styleUrl>#style_Healthy</styleUrl>
          <ExtendedData>
            <Data name="id"><value>205</value></Data>
            <Data name="Class"><value>Healthy</value></Data>
          </ExtendedData>
          <Point><coordinates>102.667091000,2.743651769,0</coordinates></Point>
        </Placemark>

        <Placemark>
          <name>207</name>
          <styleUrl>#style_Healthy</styleUrl>
          <ExtendedData>
            <Data name="id"><value>207</value></Data>
            <Data name="Class"><value>Healthy</value></Data>
          </ExtendedData>
          <Point><coordinates>102.667095200,2.743326912,0</coordinates></Point>
        </Placemark>

        <Placemark>
          <name>211</name>
          <styleUrl>#style_Healthy</styleUrl>
          <ExtendedData>
            <Data name="id"><value>211</value></Data>
            <Data name="Class"><value>Healthy</value></Data>
          </ExtendedData>
          <Point><coordinates>102.667235500,2.743406247,0</coordinates></Point>
        </Placemark>

        <Placemark>
          <name>213</name>
          <styleUrl>#style_Healthy</styleUrl>
          <ExtendedData>
            <Data name="id"><value>213</value></Data>
            <Data name="Class"><value>Healthy</value></Data>
          </ExtendedData>
          <Point><coordinates>102.667163700,2.743277641,0</coordinates></Point>
        </Placemark>

        <Placemark>
          <name>214</name>
          <styleUrl>#style_Healthy</styleUrl>
          <ExtendedData>
            <Data name="id"><value>214</value></Data>
            <Data name="Class"><value>Healthy</value></Data>
          </ExtendedData>
          <Point><coordinates>102.667094400,2.743236721,0</coordinates></Point>
        </Placemark>

        <Placemark>
          <name>215</name>
          <styleUrl>#style_Healthy</styleUrl>
          <ExtendedData>
            <Data name="id"><value>215</value></Data>
            <Data name="Class"><value>Healthy</value></Data>
          </ExtendedData>
          <Point><coordinates>102.667164500,2.743196636,0</coordinates></Point>
        </Placemark>

        <Placemark>
          <name>216</name>
          <styleUrl>#style_Healthy</styleUrl>
          <ExtendedData>
            <Data name="id"><value>216</value></Data>
            <Data name="Class"><value>Healthy</value></Data>
          </ExtendedData>
          <Point><coordinates>102.667234700,2.743241731,0</coordinates></Point>
        </Placemark>

        <Placemark>
          <name>217</name>
          <styleUrl>#style_Healthy</styleUrl>
          <ExtendedData>
            <Data name="id"><value>217</value></Data>
            <Data name="Class"><value>Healthy</value></Data>
          </ExtendedData>
          <Point><coordinates>102.667299000,2.743526503,0</coordinates></Point>
        </Placemark>

        <Placemark>
          <name>218</name>
          <styleUrl>#style_Healthy</styleUrl>
          <ExtendedData>
            <Data name="id"><value>218</value></Data>
            <Data name="Class"><value>Healthy</value></Data>
          </ExtendedData>
          <Point><coordinates>102.667369100,2.743483077,0</coordinates></Point>
        </Placemark>

        <Placemark>
          <name>220</name>
          <styleUrl>#style_Healthy</styleUrl>
          <ExtendedData>
            <Data name="id"><value>220</value></Data>
            <Data name="Class"><value>Healthy</value></Data>
          </ExtendedData>
          <Point><coordinates>102.667433800,2.743395600,0</coordinates></Point>
        </Placemark>

        <Placemark>
          <name>221</name>
          <styleUrl>#style_Healthy</styleUrl>
          <ExtendedData>
            <Data name="id"><value>221</value></Data>
            <Data name="Class"><value>Healthy</value></Data>
          </ExtendedData>
          <Point><coordinates>102.667364500,2.743404786,0</coordinates></Point>
        </Placemark>

        <Placemark>
          <name>222</name>
          <styleUrl>#style_Healthy</styleUrl>
          <ExtendedData>
            <Data name="id"><value>222</value></Data>
            <Data name="Class"><value>Healthy</value></Data>
          </ExtendedData>
          <Point><coordinates>102.667292700,2.743445706,0</coordinates></Point>
        </Placemark>

        <Placemark>
          <name>223</name>
          <styleUrl>#style_Healthy</styleUrl>
          <ExtendedData>
            <Data name="id"><value>223</value></Data>
            <Data name="Class"><value>Healthy</value></Data>
          </ExtendedData>
          <Point><coordinates>102.667302700,2.743362196,0</coordinates></Point>
        </Placemark>

        <Placemark>
          <name>224</name>
          <styleUrl>#style_Healthy</styleUrl>
          <ExtendedData>
            <Data name="id"><value>224</value></Data>
            <Data name="Class"><value>Healthy</value></Data>
          </ExtendedData>
          <Point><coordinates>102.667306900,2.743273674,0</coordinates></Point>
        </Placemark>

        <Placemark>
          <name>225</name>
          <styleUrl>#style_Healthy</styleUrl>
          <ExtendedData>
            <Data name="id"><value>225</value></Data>
            <Data name="Class"><value>Healthy</value></Data>
          </ExtendedData>
          <Point><coordinates>102.667360400,2.743315430,0</coordinates></Point>
        </Placemark>

        <Placemark>
          <name>226</name>
          <styleUrl>#style_Healthy</styleUrl>
          <ExtendedData>
            <Data name="id"><value>226</value></Data>
            <Data name="Class"><value>Healthy</value></Data>
          </ExtendedData>
          <Point><coordinates>102.667422200,2.743322110,0</coordinates></Point>
        </Placemark>

        <Placemark>
          <name>227</name>
          <styleUrl>#style_Healthy</styleUrl>
          <ExtendedData>
            <Data name="id"><value>227</value></Data>
            <Data name="Class"><value>Healthy</value></Data>
          </ExtendedData>
          <Point><coordinates>102.667422200,2.743249456,0</coordinates></Point>
        </Placemark>

        <Placemark>
          <name>231</name>
          <styleUrl>#style_Healthy</styleUrl>
          <ExtendedData>
            <Data name="id"><value>231</value></Data>
            <Data name="Class"><value>Healthy</value></Data>
          </ExtendedData>
          <Point><coordinates>102.667407100,2.743116674,0</coordinates></Point>
        </Placemark>

        <Placemark>
          <name>232</name>
          <styleUrl>#style_Healthy</styleUrl>
          <ExtendedData>
            <Data name="id"><value>232</value></Data>
            <Data name="Class"><value>Healthy</value></Data>
          </ExtendedData>
          <Point><coordinates>102.667303600,2.743198515,0</coordinates></Point>
        </Placemark>

        <Placemark>
          <name>235</name>
          <styleUrl>#style_Healthy</styleUrl>
          <ExtendedData>
            <Data name="id"><value>235</value></Data>
            <Data name="Class"><value>Healthy</value></Data>
          </ExtendedData>
          <Point><coordinates>102.667232600,2.743155089,0</coordinates></Point>
        </Placemark>

        <Placemark>
          <name>236</name>
          <styleUrl>#style_Healthy</styleUrl>
          <ExtendedData>
            <Data name="id"><value>236</value></Data>
            <Data name="Class"><value>Healthy</value></Data>
          </ExtendedData>
          <Point><coordinates>102.667164100,2.743109993,0</coordinates></Point>
        </Placemark>

        <Placemark>
          <name>237</name>
          <styleUrl>#style_Healthy</styleUrl>
          <ExtendedData>
            <Data name="id"><value>237</value></Data>
            <Data name="Class"><value>Healthy</value></Data>
          </ExtendedData>
          <Point><coordinates>102.667092300,2.743159265,0</coordinates></Point>
        </Placemark>

        <Placemark>
          <name>238</name>
          <styleUrl>#style_Healthy</styleUrl>
          <ExtendedData>
            <Data name="id"><value>238</value></Data>
            <Data name="Class"><value>Healthy</value></Data>
          </ExtendedData>
          <Point><coordinates>102.667097300,2.743076589,0</coordinates></Point>
        </Placemark>

        <Placemark>
          <name>239</name>
          <styleUrl>#style_Healthy</styleUrl>
          <ExtendedData>
            <Data name="id"><value>239</value></Data>
            <Data name="Class"><value>Healthy</value></Data>
          </ExtendedData>
          <Point><coordinates>102.667094800,2.742990573,0</coordinates></Point>
        </Placemark>

        <Placemark>
          <name>240</name>
          <styleUrl>#style_Healthy</styleUrl>
          <ExtendedData>
            <Data name="id"><value>240</value></Data>
            <Data name="Class"><value>Healthy</value></Data>
          </ExtendedData>
          <Point><coordinates>102.667090600,2.742905392,0</coordinates></Point>
        </Placemark>

        <Placemark>
          <name>241</name>
          <styleUrl>#style_Healthy</styleUrl>
          <ExtendedData>
            <Data name="id"><value>241</value></Data>
            <Data name="Class"><value>Healthy</value></Data>
          </ExtendedData>
          <Point><coordinates>102.667167400,2.742863637,0</coordinates></Point>
        </Placemark>

        <Placemark>
          <name>243</name>
          <styleUrl>#style_Healthy</styleUrl>
          <ExtendedData>
            <Data name="id"><value>243</value></Data>
            <Data name="Class"><value>Healthy</value></Data>
          </ExtendedData>
          <Point><coordinates>102.667163300,2.742943807,0</coordinates></Point>
        </Placemark>

        <Placemark>
          <name>244</name>
          <styleUrl>#style_Healthy</styleUrl>
          <ExtendedData>
            <Data name="id"><value>244</value></Data>
            <Data name="Class"><value>Healthy</value></Data>
          </ExtendedData>
          <Point><coordinates>102.667159900,2.743032329,0</coordinates></Point>
        </Placemark>

        <Placemark>
          <name>245</name>
          <styleUrl>#style_Healthy</styleUrl>
          <ExtendedData>
            <Data name="id"><value>245</value></Data>
            <Data name="Class"><value>Healthy</value></Data>
          </ExtendedData>
          <Point><coordinates>102.667236800,2.743069908,0</coordinates></Point>
        </Placemark>

        <Placemark>
          <name>246</name>
          <styleUrl>#style_Healthy</styleUrl>
          <ExtendedData>
            <Data name="id"><value>246</value></Data>
            <Data name="Class"><value>Healthy</value></Data>
          </ExtendedData>
          <Point><coordinates>102.667234300,2.742988068,0</coordinates></Point>
        </Placemark>

        <Placemark>
          <name>247</name>
          <styleUrl>#style_Healthy</styleUrl>
          <ExtendedData>
            <Data name="id"><value>247</value></Data>
            <Data name="Class"><value>Healthy</value></Data>
          </ExtendedData>
          <Point><coordinates>102.667304400,2.743023978,0</coordinates></Point>
        </Placemark>

        <Placemark>
          <name>248</name>
          <styleUrl>#style_Healthy</styleUrl>
          <ExtendedData>
            <Data name="id"><value>248</value></Data>
            <Data name="Class"><value>Healthy</value></Data>
          </ExtendedData>
          <Point><coordinates>102.667282700,2.742945478,0</coordinates></Point>
        </Placemark>

        <Placemark>
          <name>249</name>
          <styleUrl>#style_Healthy</styleUrl>
          <ExtendedData>
            <Data name="id"><value>249</value></Data>
            <Data name="Class"><value>Healthy</value></Data>
          </ExtendedData>
          <Point><coordinates>102.667382100,2.742963015,0</coordinates></Point>
        </Placemark>

        <Placemark>
          <name>250</name>
          <styleUrl>#style_Healthy</styleUrl>
          <ExtendedData>
            <Data name="id"><value>250</value></Data>
            <Data name="Class"><value>Healthy</value></Data>
          </ExtendedData>
          <Point><coordinates>102.667405400,2.743040680,0</coordinates></Point>
        </Placemark>

        <Placemark>
          <name>251</name>
          <styleUrl>#style_Healthy</styleUrl>
          <ExtendedData>
            <Data name="id"><value>251</value></Data>
            <Data name="Class"><value>Healthy</value></Data>
          </ExtendedData>
          <Point><coordinates>102.667492300,2.743023142,0</coordinates></Point>
        </Placemark>

        <Placemark>
          <name>252</name>
          <styleUrl>#style_Healthy</styleUrl>
          <ExtendedData>
            <Data name="id"><value>252</value></Data>
            <Data name="Class"><value>Healthy</value></Data>
          </ExtendedData>
          <Point><coordinates>102.667495600,2.743106653,0</coordinates></Point>
        </Placemark>

        <Placemark>
          <name>253</name>
          <styleUrl>#style_Healthy</styleUrl>
          <ExtendedData>
            <Data name="id"><value>253</value></Data>
            <Data name="Class"><value>Healthy</value></Data>
          </ExtendedData>
          <Point><coordinates>102.667494800,2.743187658,0</coordinates></Point>
        </Placemark>

        <Placemark>
          <name>254</name>
          <styleUrl>#style_Healthy</styleUrl>
          <ExtendedData>
            <Data name="id"><value>254</value></Data>
            <Data name="Class"><value>Healthy</value></Data>
          </ExtendedData>
          <Point><coordinates>102.667505700,2.743280355,0</coordinates></Point>
        </Placemark>

        <Placemark>
          <name>255</name>
          <styleUrl>#style_Healthy</styleUrl>
          <ExtendedData>
            <Data name="id"><value>255</value></Data>
            <Data name="Class"><value>Healthy</value></Data>
          </ExtendedData>
          <Point><coordinates>102.667570800,2.743306243,0</coordinates></Point>
        </Placemark>

        <Placemark>
          <name>257</name>
          <styleUrl>#style_Healthy</styleUrl>
          <ExtendedData>
            <Data name="id"><value>257</value></Data>
            <Data name="Class"><value>Healthy</value></Data>
          </ExtendedData>
          <Point><coordinates>102.667569100,2.743230249,0</coordinates></Point>
        </Placemark>

        <Placemark>
          <name>258</name>
          <styleUrl>#style_Healthy</styleUrl>
          <ExtendedData>
            <Data name="id"><value>258</value></Data>
            <Data name="Class"><value>Healthy</value></Data>
          </ExtendedData>
          <Point><coordinates>102.667566600,2.743069908,0</coordinates></Point>
        </Placemark>

        <Placemark>
          <name>259</name>
          <styleUrl>#style_Healthy</styleUrl>
          <ExtendedData>
            <Data name="id"><value>259</value></Data>
            <Data name="Class"><value>Healthy</value></Data>
          </ExtendedData>
          <Point><coordinates>102.667633400,2.743024813,0</coordinates></Point>
        </Placemark>

        <Placemark>
          <name>260</name>
          <styleUrl>#style_Healthy</styleUrl>
          <ExtendedData>
            <Data name="id"><value>260</value></Data>
            <Data name="Class"><value>Healthy</value></Data>
          </ExtendedData>
          <Point><coordinates>102.667710300,2.743062392,0</coordinates></Point>
        </Placemark>

        <Placemark>
          <name>261</name>
          <styleUrl>#style_Healthy</styleUrl>
          <ExtendedData>
            <Data name="id"><value>261</value></Data>
            <Data name="Class"><value>Healthy</value></Data>
          </ExtendedData>
          <Point><coordinates>102.667709400,2.743151749,0</coordinates></Point>
        </Placemark>

        <Placemark>
          <name>262</name>
          <styleUrl>#style_Healthy</styleUrl>
          <ExtendedData>
            <Data name="id"><value>262</value></Data>
            <Data name="Class"><value>Healthy</value></Data>
          </ExtendedData>
          <Point><coordinates>102.667629300,2.743186823,0</coordinates></Point>
        </Placemark>

        <Placemark>
          <name>263</name>
          <styleUrl>#style_Healthy</styleUrl>
          <ExtendedData>
            <Data name="id"><value>263</value></Data>
            <Data name="Class"><value>Healthy</value></Data>
          </ExtendedData>
          <Point><coordinates>102.667646800,2.743427334,0</coordinates></Point>
        </Placemark>

        <Placemark>
          <name>264</name>
          <styleUrl>#style_Healthy</styleUrl>
          <ExtendedData>
            <Data name="id"><value>264</value></Data>
            <Data name="Class"><value>Healthy</value></Data>
          </ExtendedData>
          <Point><coordinates>102.667710300,2.743384743,0</coordinates></Point>
        </Placemark>

        <Placemark>
          <name>265</name>
          <styleUrl>#style_Healthy</styleUrl>
          <ExtendedData>
            <Data name="id"><value>265</value></Data>
            <Data name="Class"><value>Healthy</value></Data>
          </ExtendedData>
          <Point><coordinates>102.667706100,2.743309584,0</coordinates></Point>
        </Placemark>

        <Placemark>
          <name>266</name>
          <styleUrl>#style_Healthy</styleUrl>
          <ExtendedData>
            <Data name="id"><value>266</value></Data>
            <Data name="Class"><value>Healthy</value></Data>
          </ExtendedData>
          <Point><coordinates>102.667711100,2.743224403,0</coordinates></Point>
        </Placemark>

        <Placemark>
          <name>267</name>
          <styleUrl>#style_Healthy</styleUrl>
          <ExtendedData>
            <Data name="id"><value>267</value></Data>
            <Data name="Class"><value>Healthy</value></Data>
          </ExtendedData>
          <Point><coordinates>102.667370400,2.742873658,0</coordinates></Point>
        </Placemark>

        <Placemark>
          <name>268</name>
          <styleUrl>#style_Healthy</styleUrl>
          <ExtendedData>
            <Data name="id"><value>268</value></Data>
            <Data name="Class"><value>Healthy</value></Data>
          </ExtendedData>
          <Point><coordinates>102.667528800,2.742585756,0</coordinates></Point>
        </Placemark>

        <Placemark>
          <name>269</name>
          <styleUrl>#style_Healthy</styleUrl>
          <ExtendedData>
            <Data name="id"><value>269</value></Data>
            <Data name="Class"><value>Healthy</value></Data>
          </ExtendedData>
          <Point><coordinates>102.667533000,2.742501410,0</coordinates></Point>
        </Placemark>

        <Placemark>
          <name>270</name>
          <styleUrl>#style_Healthy</styleUrl>
          <ExtendedData>
            <Data name="id"><value>270</value></Data>
            <Data name="Class"><value>Healthy</value></Data>
          </ExtendedData>
          <Point><coordinates>102.667472900,2.742457984,0</coordinates></Point>
        </Placemark>

        <Placemark>
          <name>272</name>
          <styleUrl>#style_Healthy</styleUrl>
          <ExtendedData>
            <Data name="id"><value>272</value></Data>
            <Data name="Class"><value>Healthy</value></Data>
          </ExtendedData>
          <Point><coordinates>102.667469500,2.742376144,0</coordinates></Point>
        </Placemark>

        <Placemark>
          <name>273</name>
          <styleUrl>#style_Healthy</styleUrl>
          <ExtendedData>
            <Data name="id"><value>273</value></Data>
            <Data name="Class"><value>Healthy</value></Data>
          </ExtendedData>
          <Point><coordinates>102.667471200,2.742291798,0</coordinates></Point>
        </Placemark>

        <Placemark>
          <name>274</name>
          <styleUrl>#style_Healthy</styleUrl>
          <ExtendedData>
            <Data name="id"><value>274</value></Data>
            <Data name="Class"><value>Healthy</value></Data>
          </ExtendedData>
          <Point><coordinates>102.667546400,2.742258394,0</coordinates></Point>
        </Placemark>

        <Placemark>
          <name>275</name>
          <styleUrl>#style_Healthy</styleUrl>
          <ExtendedData>
            <Data name="id"><value>275</value></Data>
            <Data name="Class"><value>Healthy</value></Data>
          </ExtendedData>
          <Point><coordinates>102.667542200,2.742341069,0</coordinates></Point>
        </Placemark>

        <Placemark>
          <name>276</name>
          <styleUrl>#style_Healthy</styleUrl>
          <ExtendedData>
            <Data name="id"><value>276</value></Data>
            <Data name="Class"><value>Healthy</value></Data>
          </ExtendedData>
          <Point><coordinates>102.667535500,2.742416229,0</coordinates></Point>
        </Placemark>

        <Placemark>
          <name>277</name>
          <styleUrl>#style_Healthy</styleUrl>
          <ExtendedData>
            <Data name="id"><value>277</value></Data>
            <Data name="Class"><value>Healthy</value></Data>
          </ExtendedData>
          <Point><coordinates>102.667604800,2.742468006,0</coordinates></Point>
        </Placemark>

        <Placemark>
          <name>278</name>
          <styleUrl>#style_Healthy</styleUrl>
          <ExtendedData>
            <Data name="id"><value>278</value></Data>
            <Data name="Class"><value>Healthy</value></Data>
          </ExtendedData>
          <Point><coordinates>102.667607300,2.742382825,0</coordinates></Point>
        </Placemark>

        <Placemark>
          <name>279</name>
          <styleUrl>#style_Healthy</styleUrl>
          <ExtendedData>
            <Data name="id"><value>279</value></Data>
            <Data name="Class"><value>Healthy</value></Data>
          </ExtendedData>
          <Point><coordinates>102.667597300,2.742546506,0</coordinates></Point>
        </Placemark>

        <Placemark>
          <name>280</name>
          <styleUrl>#style_Healthy</styleUrl>
          <ExtendedData>
            <Data name="id"><value>280</value></Data>
            <Data name="Class"><value>Healthy</value></Data>
          </ExtendedData>
          <Point><coordinates>102.667590600,2.742627511,0</coordinates></Point>
        </Placemark>

        <Placemark>
          <name>284</name>
          <styleUrl>#style_Healthy</styleUrl>
          <ExtendedData>
            <Data name="id"><value>284</value></Data>
            <Data name="Class"><value>Healthy</value></Data>
          </ExtendedData>
          <Point><coordinates>102.667663300,2.742430426,0</coordinates></Point>
        </Placemark>

        <Placemark>
          <name>285</name>
          <styleUrl>#style_Healthy</styleUrl>
          <ExtendedData>
            <Data name="id"><value>285</value></Data>
            <Data name="Class"><value>Healthy</value></Data>
          </ExtendedData>
          <Point><coordinates>102.667666600,2.742510596,0</coordinates></Point>
        </Placemark>

        <Placemark>
          <name>286</name>
          <styleUrl>#style_Healthy</styleUrl>
          <ExtendedData>
            <Data name="id"><value>286</value></Data>
            <Data name="Class"><value>Healthy</value></Data>
          </ExtendedData>
          <Point><coordinates>102.667665000,2.742582415,0</coordinates></Point>
        </Placemark>

        <Placemark>
          <name>287</name>
          <styleUrl>#style_Healthy</styleUrl>
          <ExtendedData>
            <Data name="id"><value>287</value></Data>
            <Data name="Class"><value>Healthy</value></Data>
          </ExtendedData>
          <Point><coordinates>102.667665000,2.742676782,0</coordinates></Point>
        </Placemark>

        <Placemark>
          <name>288</name>
          <styleUrl>#style_Healthy</styleUrl>
          <ExtendedData>
            <Data name="id"><value>288</value></Data>
            <Data name="Class"><value>Healthy</value></Data>
          </ExtendedData>
          <Point><coordinates>102.667734300,2.742632521,0</coordinates></Point>
        </Placemark>

        <Placemark>
          <name>291</name>
          <styleUrl>#style_Healthy</styleUrl>
          <ExtendedData>
            <Data name="id"><value>291</value></Data>
            <Data name="Class"><value>Healthy</value></Data>
          </ExtendedData>
          <Point><coordinates>102.667855400,2.742549846,0</coordinates></Point>
        </Placemark>

        <Placemark>
          <name>292</name>
          <styleUrl>#style_Healthy</styleUrl>
          <ExtendedData>
            <Data name="id"><value>292</value></Data>
            <Data name="Class"><value>Healthy</value></Data>
          </ExtendedData>
          <Point><coordinates>102.667798600,2.742515607,0</coordinates></Point>
        </Placemark>

        <Placemark>
          <name>293</name>
          <styleUrl>#style_Healthy</styleUrl>
          <ExtendedData>
            <Data name="id"><value>293</value></Data>
            <Data name="Class"><value>Healthy</value></Data>
          </ExtendedData>
          <Point><coordinates>102.667734300,2.742555692,0</coordinates></Point>
        </Placemark>

        <Placemark>
          <name>294</name>
          <styleUrl>#style_Healthy</styleUrl>
          <ExtendedData>
            <Data name="id"><value>294</value></Data>
            <Data name="Class"><value>Healthy</value></Data>
          </ExtendedData>
          <Point><coordinates>102.667735100,2.742476357,0</coordinates></Point>
        </Placemark>

        <Placemark>
          <name>295</name>
          <styleUrl>#style_Healthy</styleUrl>
          <ExtendedData>
            <Data name="id"><value>295</value></Data>
            <Data name="Class"><value>Healthy</value></Data>
          </ExtendedData>
          <Point><coordinates>102.667741000,2.742389506,0</coordinates></Point>
        </Placemark>

        <Placemark>
          <name>297</name>
          <styleUrl>#style_Healthy</styleUrl>
          <ExtendedData>
            <Data name="id"><value>297</value></Data>
            <Data name="Class"><value>Healthy</value></Data>
          </ExtendedData>
          <Point><coordinates>102.667800200,2.742265075,0</coordinates></Point>
        </Placemark>

        <Placemark>
          <name>298</name>
          <styleUrl>#style_Healthy</styleUrl>
          <ExtendedData>
            <Data name="id"><value>298</value></Data>
            <Data name="Class"><value>Healthy</value></Data>
          </ExtendedData>
          <Point><coordinates>102.667799400,2.742356101,0</coordinates></Point>
        </Placemark>

        <Placemark>
          <name>299</name>
          <styleUrl>#style_Healthy</styleUrl>
          <ExtendedData>
            <Data name="id"><value>299</value></Data>
            <Data name="Class"><value>Healthy</value></Data>
          </ExtendedData>
          <Point><coordinates>102.667801900,2.742437942,0</coordinates></Point>
        </Placemark>

        <Placemark>
          <name>300</name>
          <styleUrl>#style_Healthy</styleUrl>
          <ExtendedData>
            <Data name="id"><value>300</value></Data>
            <Data name="Class"><value>Healthy</value></Data>
          </ExtendedData>
          <Point><coordinates>102.667863700,2.742475522,0</coordinates></Point>
        </Placemark>

        <Placemark>
          <name>301</name>
          <styleUrl>#style_Healthy</styleUrl>
          <ExtendedData>
            <Data name="id"><value>301</value></Data>
            <Data name="Class"><value>Healthy</value></Data>
          </ExtendedData>
          <Point><coordinates>102.667921300,2.742585756,0</coordinates></Point>
        </Placemark>

        <Placemark>
          <name>302</name>
          <styleUrl>#style_Healthy</styleUrl>
          <ExtendedData>
            <Data name="id"><value>302</value></Data>
            <Data name="Class"><value>Healthy</value></Data>
          </ExtendedData>
          <Point><coordinates>102.667994800,2.742554022,0</coordinates></Point>
        </Placemark>

        <Placemark>
          <name>303</name>
          <styleUrl>#style_Healthy</styleUrl>
          <ExtendedData>
            <Data name="id"><value>303</value></Data>
            <Data name="Class"><value>Healthy</value></Data>
          </ExtendedData>
          <Point><coordinates>102.668047400,2.742513936,0</coordinates></Point>
        </Placemark>

        <Placemark>
          <name>304</name>
          <styleUrl>#style_Healthy</styleUrl>
          <ExtendedData>
            <Data name="id"><value>304</value></Data>
            <Data name="Class"><value>Healthy</value></Data>
          </ExtendedData>
          <Point><coordinates>102.668125100,2.742475522,0</coordinates></Point>
        </Placemark>

        <Placemark>
          <name>305</name>
          <styleUrl>#style_Healthy</styleUrl>
          <ExtendedData>
            <Data name="id"><value>305</value></Data>
            <Data name="Class"><value>Healthy</value></Data>
          </ExtendedData>
          <Point><coordinates>102.668192700,2.742436272,0</coordinates></Point>
        </Placemark>

        <Placemark>
          <name>306</name>
          <styleUrl>#style_Healthy</styleUrl>
          <ExtendedData>
            <Data name="id"><value>306</value></Data>
            <Data name="Class"><value>Healthy</value></Data>
          </ExtendedData>
          <Point><coordinates>102.668265400,2.742399527,0</coordinates></Point>
        </Placemark>

        <Placemark>
          <name>307</name>
          <styleUrl>#style_Healthy</styleUrl>
          <ExtendedData>
            <Data name="id"><value>307</value></Data>
            <Data name="Class"><value>Healthy</value></Data>
          </ExtendedData>
          <Point><coordinates>102.668189400,2.742361112,0</coordinates></Point>
        </Placemark>

        <Placemark>
          <name>308</name>
          <styleUrl>#style_Healthy</styleUrl>
          <ExtendedData>
            <Data name="id"><value>308</value></Data>
            <Data name="Class"><value>Healthy</value></Data>
          </ExtendedData>
          <Point><coordinates>102.668124300,2.742401197,0</coordinates></Point>
        </Placemark>

        <Placemark>
          <name>309</name>
          <styleUrl>#style_Healthy</styleUrl>
          <ExtendedData>
            <Data name="id"><value>309</value></Data>
            <Data name="Class"><value>Healthy</value></Data>
          </ExtendedData>
          <Point><coordinates>102.668126800,2.742318522,0</coordinates></Point>
        </Placemark>

        <Placemark>
          <name>310</name>
          <styleUrl>#style_Healthy</styleUrl>
          <ExtendedData>
            <Data name="id"><value>310</value></Data>
            <Data name="Class"><value>Healthy</value></Data>
          </ExtendedData>
          <Point><coordinates>102.668065800,2.742365287,0</coordinates></Point>
        </Placemark>

        <Placemark>
          <name>311</name>
          <styleUrl>#style_Healthy</styleUrl>
          <ExtendedData>
            <Data name="id"><value>311</value></Data>
            <Data name="Class"><value>Healthy</value></Data>
          </ExtendedData>
          <Point><coordinates>102.668059100,2.742432931,0</coordinates></Point>
        </Placemark>

        <Placemark>
          <name>312</name>
          <styleUrl>#style_Healthy</styleUrl>
          <ExtendedData>
            <Data name="id"><value>312</value></Data>
            <Data name="Class"><value>Healthy</value></Data>
          </ExtendedData>
          <Point><coordinates>102.667989800,2.742477192,0</coordinates></Point>
        </Placemark>

        <Placemark>
          <name>313</name>
          <styleUrl>#style_Healthy</styleUrl>
          <ExtendedData>
            <Data name="id"><value>313</value></Data>
            <Data name="Class"><value>Healthy</value></Data>
          </ExtendedData>
          <Point><coordinates>102.667922200,2.742511431,0</coordinates></Point>
        </Placemark>

        <Placemark>
          <name>314</name>
          <styleUrl>#style_Healthy</styleUrl>
          <ExtendedData>
            <Data name="id"><value>314</value></Data>
            <Data name="Class"><value>Healthy</value></Data>
          </ExtendedData>
          <Point><coordinates>102.667927200,2.742439612,0</coordinates></Point>
        </Placemark>

        <Placemark>
          <name>315</name>
          <styleUrl>#style_Healthy</styleUrl>
          <ExtendedData>
            <Data name="id"><value>315</value></Data>
            <Data name="Class"><value>Healthy</value></Data>
          </ExtendedData>
          <Point><coordinates>102.667862900,2.742395351,0</coordinates></Point>
        </Placemark>

        <Placemark>
          <name>316</name>
          <styleUrl>#style_Healthy</styleUrl>
          <ExtendedData>
            <Data name="id"><value>316</value></Data>
            <Data name="Class"><value>Healthy</value></Data>
          </ExtendedData>
          <Point><coordinates>102.667862000,2.742315181,0</coordinates></Point>
        </Placemark>

        <Placemark>
          <name>317</name>
          <styleUrl>#style_Healthy</styleUrl>
          <ExtendedData>
            <Data name="id"><value>317</value></Data>
            <Data name="Class"><value>Healthy</value></Data>
          </ExtendedData>
          <Point><coordinates>102.667928900,2.742357772,0</coordinates></Point>
        </Placemark>

        <Placemark>
          <name>318</name>
          <styleUrl>#style_Healthy</styleUrl>
          <ExtendedData>
            <Data name="id"><value>318</value></Data>
            <Data name="Class"><value>Healthy</value></Data>
          </ExtendedData>
          <Point><coordinates>102.667995700,2.742397022,0</coordinates></Point>
        </Placemark>

        <Placemark>
          <name>320</name>
          <styleUrl>#style_Healthy</styleUrl>
          <ExtendedData>
            <Data name="id"><value>320</value></Data>
            <Data name="Class"><value>Healthy</value></Data>
          </ExtendedData>
          <Point><coordinates>102.667996500,2.742317686,0</coordinates></Point>
        </Placemark>

        <Placemark>
          <name>321</name>
          <styleUrl>#style_Healthy</styleUrl>
          <ExtendedData>
            <Data name="id"><value>321</value></Data>
            <Data name="Class"><value>Healthy</value></Data>
          </ExtendedData>
          <Point><coordinates>102.667992300,2.742240857,0</coordinates></Point>
        </Placemark>

        <Placemark>
          <name>322</name>
          <styleUrl>#style_Healthy</styleUrl>
          <ExtendedData>
            <Data name="id"><value>322</value></Data>
            <Data name="Class"><value>Healthy</value></Data>
          </ExtendedData>
          <Point><coordinates>102.667931400,2.742271756,0</coordinates></Point>
        </Placemark>

        <Placemark>
          <name>323</name>
          <styleUrl>#style_Healthy</styleUrl>
          <ExtendedData>
            <Data name="id"><value>323</value></Data>
            <Data name="Class"><value>Healthy</value></Data>
          </ExtendedData>
          <Point><coordinates>102.667703400,2.742755282,0</coordinates></Point>
        </Placemark>

        <Placemark>
          <name>324</name>
          <styleUrl>#style_Healthy</styleUrl>
          <ExtendedData>
            <Data name="id"><value>324</value></Data>
            <Data name="Class"><value>Healthy</value></Data>
          </ExtendedData>
          <Point><coordinates>102.667752600,2.742798708,0</coordinates></Point>
        </Placemark>

        <Placemark>
          <name>325</name>
          <styleUrl>#style_Healthy</styleUrl>
          <ExtendedData>
            <Data name="id"><value>325</value></Data>
            <Data name="Class"><value>Healthy</value></Data>
          </ExtendedData>
          <Point><coordinates>102.667832000,2.742839628,0</coordinates></Point>
        </Placemark>

        <Placemark>
          <name>326</name>
          <styleUrl>#style_Healthy</styleUrl>
          <ExtendedData>
            <Data name="id"><value>326</value></Data>
            <Data name="Class"><value>Healthy</value></Data>
          </ExtendedData>
          <Point><coordinates>102.667832000,2.742749436,0</coordinates></Point>
        </Placemark>

        <Placemark>
          <name>327</name>
          <styleUrl>#style_Healthy</styleUrl>
          <ExtendedData>
            <Data name="id"><value>327</value></Data>
            <Data name="Class"><value>Healthy</value></Data>
          </ExtendedData>
          <Point><coordinates>102.667895400,2.742703506,0</coordinates></Point>
        </Placemark>

        <Placemark>
          <name>328</name>
          <styleUrl>#style_Healthy</styleUrl>
          <ExtendedData>
            <Data name="id"><value>328</value></Data>
            <Data name="Class"><value>Healthy</value></Data>
          </ExtendedData>
          <Point><coordinates>102.667975600,2.742666761,0</coordinates></Point>
        </Placemark>

        <Placemark>
          <name>329</name>
          <styleUrl>#style_Healthy</styleUrl>
          <ExtendedData>
            <Data name="id"><value>329</value></Data>
            <Data name="Class"><value>Healthy</value></Data>
          </ExtendedData>
          <Point><coordinates>102.668044900,2.742619160,0</coordinates></Point>
        </Placemark>

        <Placemark>
          <name>330</name>
          <styleUrl>#style_Healthy</styleUrl>
          <ExtendedData>
            <Data name="id"><value>330</value></Data>
            <Data name="Class"><value>Healthy</value></Data>
          </ExtendedData>
          <Point><coordinates>102.668102600,2.742574899,0</coordinates></Point>
        </Placemark>

        <Placemark>
          <name>331</name>
          <styleUrl>#style_Healthy</styleUrl>
          <ExtendedData>
            <Data name="id"><value>331</value></Data>
            <Data name="Class"><value>Healthy</value></Data>
          </ExtendedData>
          <Point><coordinates>102.668172700,2.742554022,0</coordinates></Point>
        </Placemark>

        <Placemark>
          <name>332</name>
          <styleUrl>#style_Healthy</styleUrl>
          <ExtendedData>
            <Data name="id"><value>332</value></Data>
            <Data name="Class"><value>Healthy</value></Data>
          </ExtendedData>
          <Point><coordinates>102.668243700,2.742517277,0</coordinates></Point>
        </Placemark>

        <Placemark>
          <name>334</name>
          <styleUrl>#style_Healthy</styleUrl>
          <ExtendedData>
            <Data name="id"><value>334</value></Data>
            <Data name="Class"><value>Healthy</value></Data>
          </ExtendedData>
          <Point><coordinates>102.668383200,2.742494729,0</coordinates></Point>
        </Placemark>

        <Placemark>
          <name>335</name>
          <styleUrl>#style_Healthy</styleUrl>
          <ExtendedData>
            <Data name="id"><value>335</value></Data>
            <Data name="Class"><value>Healthy</value></Data>
          </ExtendedData>
          <Point><coordinates>102.668385700,2.742579075,0</coordinates></Point>
        </Placemark>

        <Placemark>
          <name>336</name>
          <styleUrl>#style_Healthy</styleUrl>
          <ExtendedData>
            <Data name="id"><value>336</value></Data>
            <Data name="Class"><value>Healthy</value></Data>
          </ExtendedData>
          <Point><coordinates>102.668389000,2.742660080,0</coordinates></Point>
        </Placemark>

        <Placemark>
          <name>337</name>
          <styleUrl>#style_Healthy</styleUrl>
          <ExtendedData>
            <Data name="id"><value>337</value></Data>
            <Data name="Class"><value>Healthy</value></Data>
          </ExtendedData>
          <Point><coordinates>102.668316300,2.742703506,0</coordinates></Point>
        </Placemark>

        <Placemark>
          <name>340</name>
          <styleUrl>#style_Healthy</styleUrl>
          <ExtendedData>
            <Data name="id"><value>340</value></Data>
            <Data name="Class"><value>Healthy</value></Data>
          </ExtendedData>
          <Point><coordinates>102.668249500,2.742601623,0</coordinates></Point>
        </Placemark>

        <Placemark>
          <name>341</name>
          <styleUrl>#style_Healthy</styleUrl>
          <ExtendedData>
            <Data name="id"><value>341</value></Data>
            <Data name="Class"><value>Healthy</value></Data>
          </ExtendedData>
          <Point><coordinates>102.668242000,2.742661750,0</coordinates></Point>
        </Placemark>

        <Placemark>
          <name>342</name>
          <styleUrl>#style_Healthy</styleUrl>
          <ExtendedData>
            <Data name="id"><value>342</value></Data>
            <Data name="Class"><value>Healthy</value></Data>
          </ExtendedData>
          <Point><coordinates>102.668168500,2.742618325,0</coordinates></Point>
        </Placemark>

        <Placemark>
          <name>343</name>
          <styleUrl>#style_Healthy</styleUrl>
          <ExtendedData>
            <Data name="id"><value>343</value></Data>
            <Data name="Class"><value>Healthy</value></Data>
          </ExtendedData>
          <Point><coordinates>102.668109200,2.742659245,0</coordinates></Point>
        </Placemark>

        <Placemark>
          <name>344</name>
          <styleUrl>#style_Healthy</styleUrl>
          <ExtendedData>
            <Data name="id"><value>344</value></Data>
            <Data name="Class"><value>Healthy</value></Data>
          </ExtendedData>
          <Point><coordinates>102.668043300,2.742697660,0</coordinates></Point>
        </Placemark>

        <Placemark>
          <name>345</name>
          <styleUrl>#style_Healthy</styleUrl>
          <ExtendedData>
            <Data name="id"><value>345</value></Data>
            <Data name="Class"><value>Healthy</value></Data>
          </ExtendedData>
          <Point><coordinates>102.667979000,2.742745261,0</coordinates></Point>
        </Placemark>

        <Placemark>
          <name>346</name>
          <styleUrl>#style_Healthy</styleUrl>
          <ExtendedData>
            <Data name="id"><value>346</value></Data>
            <Data name="Class"><value>Healthy</value></Data>
          </ExtendedData>
          <Point><coordinates>102.667898800,2.742787016,0</coordinates></Point>
        </Placemark>

        <Placemark>
          <name>347</name>
          <styleUrl>#style_Healthy</styleUrl>
          <ExtendedData>
            <Data name="id"><value>347</value></Data>
            <Data name="Class"><value>Healthy</value></Data>
          </ExtendedData>
          <Point><coordinates>102.667895400,2.742868857,0</coordinates></Point>
        </Placemark>

        <Placemark>
          <name>348</name>
          <styleUrl>#style_Healthy</styleUrl>
          <ExtendedData>
            <Data name="id"><value>348</value></Data>
            <Data name="Class"><value>Healthy</value></Data>
          </ExtendedData>
          <Point><coordinates>102.667970600,2.742827936,0</coordinates></Point>
        </Placemark>

        <Placemark>
          <name>349</name>
          <styleUrl>#style_Healthy</styleUrl>
          <ExtendedData>
            <Data name="id"><value>349</value></Data>
            <Data name="Class"><value>Healthy</value></Data>
          </ExtendedData>
          <Point><coordinates>102.668045800,2.742780335,0</coordinates></Point>
        </Placemark>

        <Placemark>
          <name>350</name>
          <styleUrl>#style_Healthy</styleUrl>
          <ExtendedData>
            <Data name="id"><value>350</value></Data>
            <Data name="Class"><value>Healthy</value></Data>
          </ExtendedData>
          <Point><coordinates>102.668105900,2.742741920,0</coordinates></Point>
        </Placemark>

        <Placemark>
          <name>351</name>
          <styleUrl>#style_Healthy</styleUrl>
          <ExtendedData>
            <Data name="id"><value>351</value></Data>
            <Data name="Class"><value>Healthy</value></Data>
          </ExtendedData>
          <Point><coordinates>102.668172700,2.742705176,0</coordinates></Point>
        </Placemark>

        <Placemark>
          <name>352</name>
          <styleUrl>#style_Healthy</styleUrl>
          <ExtendedData>
            <Data name="id"><value>352</value></Data>
            <Data name="Class"><value>Healthy</value></Data>
          </ExtendedData>
          <Point><coordinates>102.668242000,2.742740250,0</coordinates></Point>
        </Placemark>

        <Placemark>
          <name>353</name>
          <styleUrl>#style_Healthy</styleUrl>
          <ExtendedData>
            <Data name="id"><value>353</value></Data>
            <Data name="Class"><value>Healthy</value></Data>
          </ExtendedData>
          <Point><coordinates>102.668318000,2.742781170,0</coordinates></Point>
        </Placemark>

        <Placemark>
          <name>354</name>
          <styleUrl>#style_Healthy</styleUrl>
          <ExtendedData>
            <Data name="id"><value>354</value></Data>
            <Data name="Class"><value>Healthy</value></Data>
          </ExtendedData>
          <Point><coordinates>102.668392300,2.742818750,0</coordinates></Point>
        </Placemark>

        <Placemark>
          <name>355</name>
          <styleUrl>#style_Healthy</styleUrl>
          <ExtendedData>
            <Data name="id"><value>355</value></Data>
            <Data name="Class"><value>Healthy</value></Data>
          </ExtendedData>
          <Point><coordinates>102.668313000,2.742861341,0</coordinates></Point>
        </Placemark>

        <Placemark>
          <name>356</name>
          <styleUrl>#style_Healthy</styleUrl>
          <ExtendedData>
            <Data name="id"><value>356</value></Data>
            <Data name="Class"><value>Healthy</value></Data>
          </ExtendedData>
          <Point><coordinates>102.668249500,2.742823761,0</coordinates></Point>
        </Placemark>

        <Placemark>
          <name>357</name>
          <styleUrl>#style_Healthy</styleUrl>
          <ExtendedData>
            <Data name="id"><value>357</value></Data>
            <Data name="Class"><value>Healthy</value></Data>
          </ExtendedData>
          <Point><coordinates>102.668184400,2.742864681,0</coordinates></Point>
        </Placemark>

        <Placemark>
          <name>358</name>
          <styleUrl>#style_Healthy</styleUrl>
          <ExtendedData>
            <Data name="id"><value>358</value></Data>
            <Data name="Class"><value>Healthy</value></Data>
          </ExtendedData>
          <Point><coordinates>102.668109200,2.742822926,0</coordinates></Point>
        </Placemark>

        <Placemark>
          <name>359</name>
          <styleUrl>#style_Healthy</styleUrl>
          <ExtendedData>
            <Data name="id"><value>359</value></Data>
            <Data name="Class"><value>Healthy</value></Data>
          </ExtendedData>
          <Point><coordinates>102.668174400,2.742779500,0</coordinates></Point>
        </Placemark>

        <Placemark>
          <name>360</name>
          <styleUrl>#style_Healthy</styleUrl>
          <ExtendedData>
            <Data name="id"><value>360</value></Data>
            <Data name="Class"><value>Healthy</value></Data>
          </ExtendedData>
          <Point><coordinates>102.668048300,2.742864681,0</coordinates></Point>
        </Placemark>

        <Placemark>
          <name>361</name>
          <styleUrl>#style_Healthy</styleUrl>
          <ExtendedData>
            <Data name="id"><value>361</value></Data>
            <Data name="Class"><value>Healthy</value></Data>
          </ExtendedData>
          <Point><coordinates>102.668451200,2.742457776,0</coordinates></Point>
        </Placemark>

        <Placemark>
          <name>362</name>
          <styleUrl>#style_Healthy</styleUrl>
          <ExtendedData>
            <Data name="id"><value>362</value></Data>
            <Data name="Class"><value>Healthy</value></Data>
          </ExtendedData>
          <Point><coordinates>102.668514700,2.742415185,0</coordinates></Point>
        </Placemark>

        <Placemark>
          <name>363</name>
          <styleUrl>#style_Healthy</styleUrl>
          <ExtendedData>
            <Data name="id"><value>363</value></Data>
            <Data name="Class"><value>Healthy</value></Data>
          </ExtendedData>
          <Point><coordinates>102.668586500,2.742377605,0</coordinates></Point>
        </Placemark>

        <Placemark>
          <name>364</name>
          <styleUrl>#style_Healthy</styleUrl>
          <ExtendedData>
            <Data name="id"><value>364</value></Data>
            <Data name="Class"><value>Healthy</value></Data>
          </ExtendedData>
          <Point><coordinates>102.668347700,2.742345036,0</coordinates></Point>
        </Placemark>

        <Placemark>
          <name>367</name>
          <styleUrl>#style_Healthy</styleUrl>
          <ExtendedData>
            <Data name="id"><value>367</value></Data>
            <Data name="Class"><value>Healthy</value></Data>
          </ExtendedData>
          <Point><coordinates>102.668650000,2.742421031,0</coordinates></Point>
        </Placemark>

        <Placemark>
          <name>368</name>
          <styleUrl>#style_Healthy</styleUrl>
          <ExtendedData>
            <Data name="id"><value>368</value></Data>
            <Data name="Class"><value>Healthy</value></Data>
          </ExtendedData>
          <Point><coordinates>102.668582300,2.742459446,0</coordinates></Point>
        </Placemark>

        <Placemark>
          <name>369</name>
          <styleUrl>#style_Healthy</styleUrl>
          <ExtendedData>
            <Data name="id"><value>369</value></Data>
            <Data name="Class"><value>Healthy</value></Data>
          </ExtendedData>
          <Point><coordinates>102.668515500,2.742500366,0</coordinates></Point>
        </Placemark>

        <Placemark>
          <name>370</name>
          <styleUrl>#style_Healthy</styleUrl>
          <ExtendedData>
            <Data name="id"><value>370</value></Data>
            <Data name="Class"><value>Healthy</value></Data>
          </ExtendedData>
          <Point><coordinates>102.668447900,2.742540451,0</coordinates></Point>
        </Placemark>

        <Placemark>
          <name>371</name>
          <styleUrl>#style_Healthy</styleUrl>
          <ExtendedData>
            <Data name="id"><value>371</value></Data>
            <Data name="Class"><value>Healthy</value></Data>
          </ExtendedData>
          <Point><coordinates>102.668452900,2.742614775,0</coordinates></Point>
        </Placemark>

        <Placemark>
          <name>372</name>
          <styleUrl>#style_Healthy</styleUrl>
          <ExtendedData>
            <Data name="id"><value>372</value></Data>
            <Data name="Class"><value>Healthy</value></Data>
          </ExtendedData>
          <Point><coordinates>102.668453700,2.742700791,0</coordinates></Point>
        </Placemark>

        <Placemark>
          <name>373</name>
          <styleUrl>#style_Healthy</styleUrl>
          <ExtendedData>
            <Data name="id"><value>373</value></Data>
            <Data name="Class"><value>Healthy</value></Data>
          </ExtendedData>
          <Point><coordinates>102.668457900,2.742780127,0</coordinates></Point>
        </Placemark>

        <Placemark>
          <name>374</name>
          <styleUrl>#style_Healthy</styleUrl>
          <ExtendedData>
            <Data name="id"><value>374</value></Data>
            <Data name="Class"><value>Healthy</value></Data>
          </ExtendedData>
          <Point><coordinates>102.668449500,2.742845265,0</coordinates></Point>
        </Placemark>

        <Placemark>
          <name>375</name>
          <styleUrl>#style_Healthy</styleUrl>
          <ExtendedData>
            <Data name="id"><value>375</value></Data>
            <Data name="Class"><value>Healthy</value></Data>
          </ExtendedData>
          <Point><coordinates>102.668524700,2.742733361,0</coordinates></Point>
        </Placemark>

        <Placemark>
          <name>377</name>
          <styleUrl>#style_Healthy</styleUrl>
          <ExtendedData>
            <Data name="id"><value>377</value></Data>
            <Data name="Class"><value>Healthy</value></Data>
          </ExtendedData>
          <Point><coordinates>102.668589000,2.742699956,0</coordinates></Point>
        </Placemark>

        <Placemark>
          <name>378</name>
          <styleUrl>#style_Healthy</styleUrl>
          <ExtendedData>
            <Data name="id"><value>378</value></Data>
            <Data name="Class"><value>Healthy</value></Data>
          </ExtendedData>
          <Point><coordinates>102.668518000,2.742658201,0</coordinates></Point>
        </Placemark>

        <Placemark>
          <name>379</name>
          <styleUrl>#style_Healthy</styleUrl>
          <ExtendedData>
            <Data name="id"><value>379</value></Data>
            <Data name="Class"><value>Healthy</value></Data>
          </ExtendedData>
          <Point><coordinates>102.668517200,2.742583877,0</coordinates></Point>
        </Placemark>

        <Placemark>
          <name>380</name>
          <styleUrl>#style_Healthy</styleUrl>
          <ExtendedData>
            <Data name="id"><value>380</value></Data>
            <Data name="Class"><value>Healthy</value></Data>
          </ExtendedData>
          <Point><coordinates>102.668585700,2.742623127,0</coordinates></Point>
        </Placemark>

        <Placemark>
          <name>381</name>
          <styleUrl>#style_Healthy</styleUrl>
          <ExtendedData>
            <Data name="id"><value>381</value></Data>
            <Data name="Class"><value>Healthy</value></Data>
          </ExtendedData>
          <Point><coordinates>102.668584800,2.742542956,0</coordinates></Point>
        </Placemark>

        <Placemark>
          <name>382</name>
          <styleUrl>#style_Healthy</styleUrl>
          <ExtendedData>
            <Data name="id"><value>382</value></Data>
            <Data name="Class"><value>Healthy</value></Data>
          </ExtendedData>
          <Point><coordinates>102.668652500,2.742578031,0</coordinates></Point>
        </Placemark>

        <Placemark>
          <name>383</name>
          <styleUrl>#style_Healthy</styleUrl>
          <ExtendedData>
            <Data name="id"><value>383</value></Data>
            <Data name="Class"><value>Healthy</value></Data>
          </ExtendedData>
          <Point><coordinates>102.668643300,2.742497026,0</coordinates></Point>
        </Placemark>

        <Placemark>
          <name>384</name>
          <styleUrl>#style_Healthy</styleUrl>
          <ExtendedData>
            <Data name="id"><value>384</value></Data>
            <Data name="Class"><value>Healthy</value></Data>
          </ExtendedData>
          <Point><coordinates>102.668720100,2.742521244,0</coordinates></Point>
        </Placemark>

        <Placemark>
          <name>385</name>
          <styleUrl>#style_Healthy</styleUrl>
          <ExtendedData>
            <Data name="id"><value>385</value></Data>
            <Data name="Class"><value>Healthy</value></Data>
          </ExtendedData>
          <Point><coordinates>102.668718400,2.742455270,0</coordinates></Point>
        </Placemark>

        <Placemark>
          <name>386</name>
          <styleUrl>#style_Healthy</styleUrl>
          <ExtendedData>
            <Data name="id"><value>386</value></Data>
            <Data name="Class"><value>Healthy</value></Data>
          </ExtendedData>
          <Point><coordinates>102.668789400,2.742493685,0</coordinates></Point>
        </Placemark>

        <Placemark>
          <name>387</name>
          <styleUrl>#style_Healthy</styleUrl>
          <ExtendedData>
            <Data name="id"><value>387</value></Data>
            <Data name="Class"><value>Healthy</value></Data>
          </ExtendedData>
          <Point><coordinates>102.668791100,2.742412680,0</coordinates></Point>
        </Placemark>

        <Placemark>
          <name>388</name>
          <styleUrl>#style_Healthy</styleUrl>
          <ExtendedData>
            <Data name="id"><value>388</value></Data>
            <Data name="Class"><value>Healthy</value></Data>
          </ExtendedData>
          <Point><coordinates>102.668858700,2.742371760,0</coordinates></Point>
        </Placemark>

        <Placemark>
          <name>389</name>
          <styleUrl>#style_Healthy</styleUrl>
          <ExtendedData>
            <Data name="id"><value>389</value></Data>
            <Data name="Class"><value>Healthy</value></Data>
          </ExtendedData>
          <Point><coordinates>102.668857100,2.742450260,0</coordinates></Point>
        </Placemark>

        <Placemark>
          <name>390</name>
          <styleUrl>#style_Healthy</styleUrl>
          <ExtendedData>
            <Data name="id"><value>390</value></Data>
            <Data name="Class"><value>Healthy</value></Data>
          </ExtendedData>
          <Point><coordinates>102.668929700,2.742412680,0</coordinates></Point>
        </Placemark>

        <Placemark>
          <name>391</name>
          <styleUrl>#style_Healthy</styleUrl>
          <ExtendedData>
            <Data name="id"><value>391</value></Data>
            <Data name="Class"><value>Healthy</value></Data>
          </ExtendedData>
          <Point><coordinates>102.668923900,2.742336685,0</coordinates></Point>
        </Placemark>

        <Placemark>
          <name>392</name>
          <styleUrl>#style_Healthy</styleUrl>
          <ExtendedData>
            <Data name="id"><value>392</value></Data>
            <Data name="Class"><value>Healthy</value></Data>
          </ExtendedData>
          <Point><coordinates>102.669004900,2.742449424,0</coordinates></Point>
        </Placemark>

        <Placemark>
          <name>393</name>
          <styleUrl>#style_Healthy</styleUrl>
          <ExtendedData>
            <Data name="id"><value>393</value></Data>
            <Data name="Class"><value>Healthy</value></Data>
          </ExtendedData>
          <Point><coordinates>102.668934700,2.742488674,0</coordinates></Point>
        </Placemark>

        <Placemark>
          <name>394</name>
          <styleUrl>#style_Healthy</styleUrl>
          <ExtendedData>
            <Data name="id"><value>394</value></Data>
            <Data name="Class"><value>Healthy</value></Data>
          </ExtendedData>
          <Point><coordinates>102.668865400,2.742530430,0</coordinates></Point>
        </Placemark>

        <Placemark>
          <name>395</name>
          <styleUrl>#style_Healthy</styleUrl>
          <ExtendedData>
            <Data name="id"><value>395</value></Data>
            <Data name="Class"><value>Healthy</value></Data>
          </ExtendedData>
          <Point><coordinates>102.668726800,2.742613105,0</coordinates></Point>
        </Placemark>

        <Placemark>
          <name>397</name>
          <styleUrl>#style_Healthy</styleUrl>
          <ExtendedData>
            <Data name="id"><value>397</value></Data>
            <Data name="Class"><value>Healthy</value></Data>
          </ExtendedData>
          <Point><coordinates>102.668731000,2.742698286,0</coordinates></Point>
        </Placemark>

        <Placemark>
          <name>398</name>
          <styleUrl>#style_Healthy</styleUrl>
          <ExtendedData>
            <Data name="id"><value>398</value></Data>
            <Data name="Class"><value>Healthy</value></Data>
          </ExtendedData>
          <Point><coordinates>102.668799500,2.742648180,0</coordinates></Point>
        </Placemark>

        <Placemark>
          <name>400</name>
          <styleUrl>#style_Healthy</styleUrl>
          <ExtendedData>
            <Data name="id"><value>400</value></Data>
            <Data name="Class"><value>Healthy</value></Data>
          </ExtendedData>
          <Point><coordinates>102.668933100,2.742565504,0</coordinates></Point>
        </Placemark>

        <Placemark>
          <name>401</name>
          <styleUrl>#style_Healthy</styleUrl>
          <ExtendedData>
            <Data name="id"><value>401</value></Data>
            <Data name="Class"><value>Healthy</value></Data>
          </ExtendedData>
          <Point><coordinates>102.669002400,2.742529595,0</coordinates></Point>
        </Placemark>

        <Placemark>
          <name>403</name>
          <styleUrl>#style_Healthy</styleUrl>
          <ExtendedData>
            <Data name="id"><value>403</value></Data>
            <Data name="Class"><value>Healthy</value></Data>
          </ExtendedData>
          <Point><coordinates>102.669000900,2.742362156,0</coordinates></Point>
        </Placemark>

        <Placemark>
          <name>404</name>
          <styleUrl>#style_Healthy</styleUrl>
          <ExtendedData>
            <Data name="id"><value>404</value></Data>
            <Data name="Class"><value>Healthy</value></Data>
          </ExtendedData>
          <Point><coordinates>102.669071100,2.742413097,0</coordinates></Point>
        </Placemark>

        <Placemark>
          <name>405</name>
          <styleUrl>#style_Healthy</styleUrl>
          <ExtendedData>
            <Data name="id"><value>405</value></Data>
            <Data name="Class"><value>Healthy</value></Data>
          </ExtendedData>
          <Point><coordinates>102.669073600,2.742487422,0</coordinates></Point>
        </Placemark>

        <Placemark>
          <name>408</name>
          <styleUrl>#style_Healthy</styleUrl>
          <ExtendedData>
            <Data name="id"><value>408</value></Data>
            <Data name="Class"><value>Healthy</value></Data>
          </ExtendedData>
          <Point><coordinates>102.669007600,2.742683672,0</coordinates></Point>
        </Placemark>

        <Placemark>
          <name>409</name>
          <styleUrl>#style_Healthy</styleUrl>
          <ExtendedData>
            <Data name="id"><value>409</value></Data>
            <Data name="Class"><value>Healthy</value></Data>
          </ExtendedData>
          <Point><coordinates>102.669010900,2.742603502,0</coordinates></Point>
        </Placemark>

        <Placemark>
          <name>410</name>
          <styleUrl>#style_Healthy</styleUrl>
          <ExtendedData>
            <Data name="id"><value>410</value></Data>
            <Data name="Class"><value>Healthy</value></Data>
          </ExtendedData>
          <Point><coordinates>102.668933300,2.742647762,0</coordinates></Point>
        </Placemark>

        <Placemark>
          <name>411</name>
          <styleUrl>#style_Healthy</styleUrl>
          <ExtendedData>
            <Data name="id"><value>411</value></Data>
            <Data name="Class"><value>Healthy</value></Data>
          </ExtendedData>
          <Point><coordinates>102.668868100,2.742693693,0</coordinates></Point>
        </Placemark>

        <Placemark>
          <name>412</name>
          <styleUrl>#style_Healthy</styleUrl>
          <ExtendedData>
            <Data name="id"><value>412</value></Data>
            <Data name="Class"><value>Healthy</value></Data>
          </ExtendedData>
          <Point><coordinates>102.668805500,2.742732108,0</coordinates></Point>
        </Placemark>

        <Placemark>
          <name>414</name>
          <styleUrl>#style_Healthy</styleUrl>
          <ExtendedData>
            <Data name="id"><value>414</value></Data>
            <Data name="Class"><value>Healthy</value></Data>
          </ExtendedData>
          <Point><coordinates>102.668940000,2.742727932,0</coordinates></Point>
        </Placemark>

        <Placemark>
          <name>415</name>
          <styleUrl>#style_Healthy</styleUrl>
          <ExtendedData>
            <Data name="id"><value>415</value></Data>
            <Data name="Class"><value>Healthy</value></Data>
          </ExtendedData>
          <Point><coordinates>102.668736200,2.742771358,0</coordinates></Point>
        </Placemark>

        <Placemark>
          <name>416</name>
          <styleUrl>#style_Healthy</styleUrl>
          <ExtendedData>
            <Data name="id"><value>416</value></Data>
            <Data name="Class"><value>Healthy</value></Data>
          </ExtendedData>
          <Point><coordinates>102.668666900,2.742809773,0</coordinates></Point>
        </Placemark>

        <Placemark>
          <name>417</name>
          <styleUrl>#style_Healthy</styleUrl>
          <ExtendedData>
            <Data name="id"><value>417</value></Data>
            <Data name="Class"><value>Healthy</value></Data>
          </ExtendedData>
          <Point><coordinates>102.669147900,2.742605172,0</coordinates></Point>
        </Placemark>

        <Placemark>
          <name>423</name>
          <styleUrl>#style_Healthy</styleUrl>
          <ExtendedData>
            <Data name="id"><value>423</value></Data>
            <Data name="Class"><value>Healthy</value></Data>
          </ExtendedData>
          <Point><coordinates>102.669145400,2.742528342,0</coordinates></Point>
        </Placemark>

        <Placemark>
          <name>424</name>
          <styleUrl>#style_Healthy</styleUrl>
          <ExtendedData>
            <Data name="id"><value>424</value></Data>
            <Data name="Class"><value>Healthy</value></Data>
          </ExtendedData>
          <Point><coordinates>102.669141200,2.742441491,0</coordinates></Point>
        </Placemark>

        <Placemark>
          <name>425</name>
          <styleUrl>#style_Healthy</styleUrl>
          <ExtendedData>
            <Data name="id"><value>425</value></Data>
            <Data name="Class"><value>Healthy</value></Data>
          </ExtendedData>
          <Point><coordinates>102.669137900,2.742368002,0</coordinates></Point>
        </Placemark>

        <Placemark>
          <name>427</name>
          <styleUrl>#style_Healthy</styleUrl>
          <ExtendedData>
            <Data name="id"><value>427</value></Data>
            <Data name="Class"><value>Healthy</value></Data>
          </ExtendedData>
          <Point><coordinates>102.669214700,2.742321236,0</coordinates></Point>
        </Placemark>

        <Placemark>
          <name>428</name>
          <styleUrl>#style_Healthy</styleUrl>
          <ExtendedData>
            <Data name="id"><value>428</value></Data>
            <Data name="Class"><value>Healthy</value></Data>
          </ExtendedData>
          <Point><coordinates>102.669211400,2.742401406,0</coordinates></Point>
        </Placemark>

        <Placemark>
          <name>429</name>
          <styleUrl>#style_Healthy</styleUrl>
          <ExtendedData>
            <Data name="id"><value>429</value></Data>
            <Data name="Class"><value>Healthy</value></Data>
          </ExtendedData>
          <Point><coordinates>102.669281500,2.742365496,0</coordinates></Point>
        </Placemark>

        <Placemark>
          <name>430</name>
          <styleUrl>#style_Healthy</styleUrl>
          <ExtendedData>
            <Data name="id"><value>430</value></Data>
            <Data name="Class"><value>Healthy</value></Data>
          </ExtendedData>
          <Point><coordinates>102.669281500,2.742297853,0</coordinates></Point>
        </Placemark>

        <Placemark>
          <name>431</name>
          <styleUrl>#style_Healthy</styleUrl>
          <ExtendedData>
            <Data name="id"><value>431</value></Data>
            <Data name="Class"><value>Healthy</value></Data>
          </ExtendedData>
          <Point><coordinates>102.669349200,2.742322906,0</coordinates></Point>
        </Placemark>

        <Placemark>
          <name>432</name>
          <styleUrl>#style_Healthy</styleUrl>
          <ExtendedData>
            <Data name="id"><value>432</value></Data>
            <Data name="Class"><value>Healthy</value></Data>
          </ExtendedData>
          <Point><coordinates>102.669346700,2.742396395,0</coordinates></Point>
        </Placemark>

        <Placemark>
          <name>433</name>
          <styleUrl>#style_Healthy</styleUrl>
          <ExtendedData>
            <Data name="id"><value>433</value></Data>
            <Data name="Class"><value>Healthy</value></Data>
          </ExtendedData>
          <Point><coordinates>102.669352500,2.742473225,0</coordinates></Point>
        </Placemark>

        <Placemark>
          <name>435</name>
          <styleUrl>#style_Healthy</styleUrl>
          <ExtendedData>
            <Data name="id"><value>435</value></Data>
            <Data name="Class"><value>Healthy</value></Data>
          </ExtendedData>
          <Point><coordinates>102.669411800,2.742361321,0</coordinates></Point>
        </Placemark>

        <Placemark>
          <name>437</name>
          <styleUrl>#style_Healthy</styleUrl>
          <ExtendedData>
            <Data name="id"><value>437</value></Data>
            <Data name="Class"><value>Healthy</value></Data>
          </ExtendedData>
          <Point><coordinates>102.669477800,2.742319565,0</coordinates></Point>
        </Placemark>

        <Placemark>
          <name>439</name>
          <styleUrl>#style_Healthy</styleUrl>
          <ExtendedData>
            <Data name="id"><value>439</value></Data>
            <Data name="Class"><value>Healthy</value></Data>
          </ExtendedData>
          <Point><coordinates>102.669546200,2.742357145,0</coordinates></Point>
        </Placemark>

        <Placemark>
          <name>441</name>
          <styleUrl>#style_Healthy</styleUrl>
          <ExtendedData>
            <Data name="id"><value>441</value></Data>
            <Data name="Class"><value>Healthy</value></Data>
          </ExtendedData>
          <Point><coordinates>102.669549600,2.742282821,0</coordinates></Point>
        </Placemark>

        <Placemark>
          <name>442</name>
          <styleUrl>#style_Healthy</styleUrl>
          <ExtendedData>
            <Data name="id"><value>442</value></Data>
            <Data name="Class"><value>Healthy</value></Data>
          </ExtendedData>
          <Point><coordinates>102.669689000,2.742358815,0</coordinates></Point>
        </Placemark>

        <Placemark>
          <name>443</name>
          <styleUrl>#style_Healthy</styleUrl>
          <ExtendedData>
            <Data name="id"><value>443</value></Data>
            <Data name="Class"><value>Healthy</value></Data>
          </ExtendedData>
          <Point><coordinates>102.669755000,2.742313720,0</coordinates></Point>
        </Placemark>

        <Placemark>
          <name>444</name>
          <styleUrl>#style_Healthy</styleUrl>
          <ExtendedData>
            <Data name="id"><value>444</value></Data>
            <Data name="Class"><value>Healthy</value></Data>
          </ExtendedData>
          <Point><coordinates>102.669826800,2.742352970,0</coordinates></Point>
        </Placemark>

        <Placemark>
          <name>445</name>
          <styleUrl>#style_Healthy</styleUrl>
          <ExtendedData>
            <Data name="id"><value>445</value></Data>
            <Data name="Class"><value>Healthy</value></Data>
          </ExtendedData>
          <Point><coordinates>102.669747500,2.742398901,0</coordinates></Point>
        </Placemark>

        <Placemark>
          <name>446</name>
          <styleUrl>#style_Healthy</styleUrl>
          <ExtendedData>
            <Data name="id"><value>446</value></Data>
            <Data name="Class"><value>Healthy</value></Data>
          </ExtendedData>
          <Point><coordinates>102.669624700,2.742391385,0</coordinates></Point>
        </Placemark>

        <Placemark>
          <name>447</name>
          <styleUrl>#style_Healthy</styleUrl>
          <ExtendedData>
            <Data name="id"><value>447</value></Data>
            <Data name="Class"><value>Healthy</value></Data>
          </ExtendedData>
          <Point><coordinates>102.669691600,2.742430635,0</coordinates></Point>
        </Placemark>

        <Placemark>
          <name>448</name>
          <styleUrl>#style_Healthy</styleUrl>
          <ExtendedData>
            <Data name="id"><value>448</value></Data>
            <Data name="Class"><value>Healthy</value></Data>
          </ExtendedData>
          <Point><coordinates>102.669757500,2.742468214,0</coordinates></Point>
        </Placemark>

        <Placemark>
          <name>449</name>
          <styleUrl>#style_Healthy</styleUrl>
          <ExtendedData>
            <Data name="id"><value>449</value></Data>
            <Data name="Class"><value>Healthy</value></Data>
          </ExtendedData>
          <Point><coordinates>102.669825200,2.742430635,0</coordinates></Point>
        </Placemark>

        <Placemark>
          <name>450</name>
          <styleUrl>#style_Healthy</styleUrl>
          <ExtendedData>
            <Data name="id"><value>450</value></Data>
            <Data name="Class"><value>Healthy</value></Data>
          </ExtendedData>
          <Point><coordinates>102.669910400,2.742383034,0</coordinates></Point>
        </Placemark>

        <Placemark>
          <name>451</name>
          <styleUrl>#style_Healthy</styleUrl>
          <ExtendedData>
            <Data name="id"><value>451</value></Data>
            <Data name="Class"><value>Healthy</value></Data>
          </ExtendedData>
          <Point><coordinates>102.669897000,2.742471555,0</coordinates></Point>
        </Placemark>

        <Placemark>
          <name>452</name>
          <styleUrl>#style_Healthy</styleUrl>
          <ExtendedData>
            <Data name="id"><value>452</value></Data>
            <Data name="Class"><value>Healthy</value></Data>
          </ExtendedData>
          <Point><coordinates>102.669966300,2.742418108,0</coordinates></Point>
        </Placemark>

        <Placemark>
          <name>453</name>
          <styleUrl>#style_Healthy</styleUrl>
          <ExtendedData>
            <Data name="id"><value>453</value></Data>
            <Data name="Class"><value>Healthy</value></Data>
          </ExtendedData>
          <Point><coordinates>102.669966300,2.742497443,0</coordinates></Point>
        </Placemark>

        <Placemark>
          <name>454</name>
          <styleUrl>#style_Healthy</styleUrl>
          <ExtendedData>
            <Data name="id"><value>454</value></Data>
            <Data name="Class"><value>Healthy</value></Data>
          </ExtendedData>
          <Point><coordinates>102.670014700,2.742504959,0</coordinates></Point>
        </Placemark>

        <Placemark>
          <name>455</name>
          <styleUrl>#style_Healthy</styleUrl>
          <ExtendedData>
            <Data name="id"><value>455</value></Data>
            <Data name="Class"><value>Healthy</value></Data>
          </ExtendedData>
          <Point><coordinates>102.669970500,2.742580954,0</coordinates></Point>
        </Placemark>

        <Placemark>
          <name>457</name>
          <styleUrl>#style_Healthy</styleUrl>
          <ExtendedData>
            <Data name="id"><value>457</value></Data>
            <Data name="Class"><value>Healthy</value></Data>
          </ExtendedData>
          <Point><coordinates>102.669897000,2.742624379,0</coordinates></Point>
        </Placemark>

        <Placemark>
          <name>458</name>
          <styleUrl>#style_Healthy</styleUrl>
          <ExtendedData>
            <Data name="id"><value>458</value></Data>
            <Data name="Class"><value>Healthy</value></Data>
          </ExtendedData>
          <Point><coordinates>102.669908700,2.742701209,0</coordinates></Point>
        </Placemark>

        <Placemark>
          <name>459</name>
          <styleUrl>#style_Healthy</styleUrl>
          <ExtendedData>
            <Data name="id"><value>459</value></Data>
            <Data name="Class"><value>Healthy</value></Data>
          </ExtendedData>
          <Point><coordinates>102.669832700,2.742722922,0</coordinates></Point>
        </Placemark>

        <Placemark>
          <name>460</name>
          <styleUrl>#style_Healthy</styleUrl>
          <ExtendedData>
            <Data name="id"><value>460</value></Data>
            <Data name="Class"><value>Healthy</value></Data>
          </ExtendedData>
          <Point><coordinates>102.669836900,2.742664464,0</coordinates></Point>
        </Placemark>

        <Placemark>
          <name>461</name>
          <styleUrl>#style_Healthy</styleUrl>
          <ExtendedData>
            <Data name="id"><value>461</value></Data>
            <Data name="Class"><value>Healthy</value></Data>
          </ExtendedData>
          <Point><coordinates>102.669832700,2.742584294,0</coordinates></Point>
        </Placemark>

        <Placemark>
          <name>462</name>
          <styleUrl>#style_Healthy</styleUrl>
          <ExtendedData>
            <Data name="id"><value>462</value></Data>
            <Data name="Class"><value>Healthy</value></Data>
          </ExtendedData>
          <Point><coordinates>102.669775900,2.742552560,0</coordinates></Point>
        </Placemark>

        <Placemark>
          <name>464</name>
          <styleUrl>#style_Healthy</styleUrl>
          <ExtendedData>
            <Data name="id"><value>464</value></Data>
            <Data name="Class"><value>Healthy</value></Data>
          </ExtendedData>
          <Point><coordinates>102.669688200,2.742506629,0</coordinates></Point>
        </Placemark>

        <Placemark>
          <name>465</name>
          <styleUrl>#style_Healthy</styleUrl>
          <ExtendedData>
            <Data name="id"><value>465</value></Data>
            <Data name="Class"><value>Healthy</value></Data>
          </ExtendedData>
          <Point><coordinates>102.669623900,2.742474060,0</coordinates></Point>
        </Placemark>

        <Placemark>
          <name>466</name>
          <styleUrl>#style_Healthy</styleUrl>
          <ExtendedData>
            <Data name="id"><value>466</value></Data>
            <Data name="Class"><value>Healthy</value></Data>
          </ExtendedData>
          <Point><coordinates>102.669554600,2.742510805,0</coordinates></Point>
        </Placemark>

        <Placemark>
          <name>467</name>
          <styleUrl>#style_Healthy</styleUrl>
          <ExtendedData>
            <Data name="id"><value>467</value></Data>
            <Data name="Class"><value>Healthy</value></Data>
          </ExtendedData>
          <Point><coordinates>102.669620600,2.742553395,0</coordinates></Point>
        </Placemark>

        <Placemark>
          <name>468</name>
          <styleUrl>#style_Healthy</styleUrl>
          <ExtendedData>
            <Data name="id"><value>468</value></Data>
            <Data name="Class"><value>Healthy</value></Data>
          </ExtendedData>
          <Point><coordinates>102.669691600,2.742584294,0</coordinates></Point>
        </Placemark>

        <Placemark>
          <name>469</name>
          <styleUrl>#style_Healthy</styleUrl>
          <ExtendedData>
            <Data name="id"><value>469</value></Data>
            <Data name="Class"><value>Healthy</value></Data>
          </ExtendedData>
          <Point><coordinates>102.669766700,2.742621039,0</coordinates></Point>
        </Placemark>

        <Placemark>
          <name>470</name>
          <styleUrl>#style_Healthy</styleUrl>
          <ExtendedData>
            <Data name="id"><value>470</value></Data>
            <Data name="Class"><value>Healthy</value></Data>
          </ExtendedData>
          <Point><coordinates>102.669758400,2.742698704,0</coordinates></Point>
        </Placemark>

        <Placemark>
          <name>471</name>
          <styleUrl>#style_Healthy</styleUrl>
          <ExtendedData>
            <Data name="id"><value>471</value></Data>
            <Data name="Class"><value>Healthy</value></Data>
          </ExtendedData>
          <Point><coordinates>102.669695700,2.742669475,0</coordinates></Point>
        </Placemark>

        <Placemark>
          <name>472</name>
          <styleUrl>#style_Healthy</styleUrl>
          <ExtendedData>
            <Data name="id"><value>472</value></Data>
            <Data name="Class"><value>Healthy</value></Data>
          </ExtendedData>
          <Point><coordinates>102.669631400,2.742702879,0</coordinates></Point>
        </Placemark>

        <Placemark>
          <name>473</name>
          <styleUrl>#style_Healthy</styleUrl>
          <ExtendedData>
            <Data name="id"><value>473</value></Data>
            <Data name="Class"><value>Healthy</value></Data>
          </ExtendedData>
          <Point><coordinates>102.669628100,2.742627720,0</coordinates></Point>
        </Placemark>

        <Placemark>
          <name>474</name>
          <styleUrl>#style_Healthy</styleUrl>
          <ExtendedData>
            <Data name="id"><value>474</value></Data>
            <Data name="Class"><value>Healthy</value></Data>
          </ExtendedData>
          <Point><coordinates>102.669561300,2.742595150,0</coordinates></Point>
        </Placemark>

        <Placemark>
          <name>475</name>
          <styleUrl>#style_Healthy</styleUrl>
          <ExtendedData>
            <Data name="id"><value>475</value></Data>
            <Data name="Class"><value>Healthy</value></Data>
          </ExtendedData>
          <Point><coordinates>102.669485300,2.742553395,0</coordinates></Point>
        </Placemark>

        <Placemark>
          <name>476</name>
          <styleUrl>#style_Healthy</styleUrl>
          <ExtendedData>
            <Data name="id"><value>476</value></Data>
            <Data name="Class"><value>Healthy</value></Data>
          </ExtendedData>
          <Point><coordinates>102.669417600,2.742594315,0</coordinates></Point>
        </Placemark>

        <Placemark>
          <name>477</name>
          <styleUrl>#style_Healthy</styleUrl>
          <ExtendedData>
            <Data name="id"><value>477</value></Data>
            <Data name="Class"><value>Healthy</value></Data>
          </ExtendedData>
          <Point><coordinates>102.669486100,2.742631060,0</coordinates></Point>
        </Placemark>

        <Placemark>
          <name>478</name>
          <styleUrl>#style_Healthy</styleUrl>
          <ExtendedData>
            <Data name="id"><value>478</value></Data>
            <Data name="Class"><value>Healthy</value></Data>
          </ExtendedData>
          <Point><coordinates>102.669426000,2.742674486,0</coordinates></Point>
        </Placemark>

        <Placemark>
          <name>479</name>
          <styleUrl>#style_Healthy</styleUrl>
          <ExtendedData>
            <Data name="id"><value>479</value></Data>
            <Data name="Class"><value>Healthy</value></Data>
          </ExtendedData>
          <Point><coordinates>102.669345000,2.742639411,0</coordinates></Point>
        </Placemark>

        <Placemark>
          <name>480</name>
          <styleUrl>#style_Healthy</styleUrl>
          <ExtendedData>
            <Data name="id"><value>480</value></Data>
            <Data name="Class"><value>Healthy</value></Data>
          </ExtendedData>
          <Point><coordinates>102.669289000,2.742676156,0</coordinates></Point>
        </Placemark>

        <Placemark>
          <name>481</name>
          <styleUrl>#style_Healthy</styleUrl>
          <ExtendedData>
            <Data name="id"><value>481</value></Data>
            <Data name="Class"><value>Healthy</value></Data>
          </ExtendedData>
          <Point><coordinates>102.669007600,2.742793071,0</coordinates></Point>
        </Placemark>

        <Placemark>
          <name>482</name>
          <styleUrl>#style_Healthy</styleUrl>
          <ExtendedData>
            <Data name="id"><value>482</value></Data>
            <Data name="Class"><value>Healthy</value></Data>
          </ExtendedData>
          <Point><coordinates>102.669084400,2.742798081,0</coordinates></Point>
        </Placemark>

        <Placemark>
          <name>483</name>
          <styleUrl>#style_Healthy</styleUrl>
          <ExtendedData>
            <Data name="id"><value>483</value></Data>
            <Data name="Class"><value>Healthy</value></Data>
          </ExtendedData>
          <Point><coordinates>102.669173000,2.742794741,0</coordinates></Point>
        </Placemark>

        <Placemark>
          <name>484</name>
          <styleUrl>#style_Healthy</styleUrl>
          <ExtendedData>
            <Data name="id"><value>484</value></Data>
            <Data name="Class"><value>Healthy</value></Data>
          </ExtendedData>
          <Point><coordinates>102.669249800,2.742814783,0</coordinates></Point>
        </Placemark>

        <Placemark>
          <name>487</name>
          <styleUrl>#style_Healthy</styleUrl>
          <ExtendedData>
            <Data name="id"><value>487</value></Data>
            <Data name="Class"><value>Healthy</value></Data>
          </ExtendedData>
          <Point><coordinates>102.669312400,2.742787225,0</coordinates></Point>
        </Placemark>

        <Placemark>
          <name>488</name>
          <styleUrl>#style_Healthy</styleUrl>
          <ExtendedData>
            <Data name="id"><value>488</value></Data>
            <Data name="Class"><value>Healthy</value></Data>
          </ExtendedData>
          <Point><coordinates>102.669394300,2.742778874,0</coordinates></Point>
        </Placemark>

        <Placemark>
          <name>489</name>
          <styleUrl>#style_Healthy</styleUrl>
          <ExtendedData>
            <Data name="id"><value>489</value></Data>
            <Data name="Class"><value>Healthy</value></Data>
          </ExtendedData>
          <Point><coordinates>102.669474400,2.742768853,0</coordinates></Point>
        </Placemark>

        <Placemark>
          <name>490</name>
          <styleUrl>#style_Healthy</styleUrl>
          <ExtendedData>
            <Data name="id"><value>490</value></Data>
            <Data name="Class"><value>Healthy</value></Data>
          </ExtendedData>
          <Point><coordinates>102.669495300,2.742711230,0</coordinates></Point>
        </Placemark>

        <Placemark>
          <name>491</name>
          <styleUrl>#style_Healthy</styleUrl>
          <ExtendedData>
            <Data name="id"><value>491</value></Data>
            <Data name="Class"><value>Healthy</value></Data>
          </ExtendedData>
          <Point><coordinates>102.669545400,2.742775533,0</coordinates></Point>
        </Placemark>

        <Placemark>
          <name>492</name>
          <styleUrl>#style_Healthy</styleUrl>
          <ExtendedData>
            <Data name="id"><value>492</value></Data>
            <Data name="Class"><value>Healthy</value></Data>
          </ExtendedData>
          <Point><coordinates>102.669621400,2.742781379,0</coordinates></Point>
        </Placemark>

        <Placemark>
          <name>494</name>
          <styleUrl>#style_Healthy</styleUrl>
          <ExtendedData>
            <Data name="id"><value>494</value></Data>
            <Data name="Class"><value>Healthy</value></Data>
          </ExtendedData>
          <Point><coordinates>102.669757500,2.742769688,0</coordinates></Point>
        </Placemark>

        <Placemark>
          <name>497</name>
          <styleUrl>#style_Healthy</styleUrl>
          <ExtendedData>
            <Data name="id"><value>497</value></Data>
            <Data name="Class"><value>Healthy</value></Data>
          </ExtendedData>
          <Point><coordinates>102.669641700,2.742875120,0</coordinates></Point>
        </Placemark>

        <Placemark>
          <name>498</name>
          <styleUrl>#style_Healthy</styleUrl>
          <ExtendedData>
            <Data name="id"><value>498</value></Data>
            <Data name="Class"><value>Healthy</value></Data>
          </ExtendedData>
          <Point><coordinates>102.669577600,2.742864055,0</coordinates></Point>
        </Placemark>

        <Placemark>
          <name>499</name>
          <styleUrl>#style_Healthy</styleUrl>
          <ExtendedData>
            <Data name="id"><value>499</value></Data>
            <Data name="Class"><value>Healthy</value></Data>
          </ExtendedData>
          <Point><coordinates>102.669524900,2.742935874,0</coordinates></Point>
        </Placemark>

        <Placemark>
          <name>500</name>
          <styleUrl>#style_Healthy</styleUrl>
          <ExtendedData>
            <Data name="id"><value>500</value></Data>
            <Data name="Class"><value>Healthy</value></Data>
          </ExtendedData>
          <Point><coordinates>102.669498200,2.742857791,0</coordinates></Point>
        </Placemark>

        <Placemark>
          <name>501</name>
          <styleUrl>#style_Healthy</styleUrl>
          <ExtendedData>
            <Data name="id"><value>501</value></Data>
            <Data name="Class"><value>Healthy</value></Data>
          </ExtendedData>
          <Point><coordinates>102.669424700,2.742846100,0</coordinates></Point>
        </Placemark>

        <Placemark>
          <name>502</name>
          <styleUrl>#style_Healthy</styleUrl>
          <ExtendedData>
            <Data name="id"><value>502</value></Data>
            <Data name="Class"><value>Healthy</value></Data>
          </ExtendedData>
          <Point><coordinates>102.669449800,2.742925853,0</coordinates></Point>
        </Placemark>

        <Placemark>
          <name>503</name>
          <styleUrl>#style_Healthy</styleUrl>
          <ExtendedData>
            <Data name="id"><value>503</value></Data>
            <Data name="Class"><value>Healthy</value></Data>
          </ExtendedData>
          <Point><coordinates>102.669368800,2.742911238,0</coordinates></Point>
        </Placemark>

        <Placemark>
          <name>504</name>
          <styleUrl>#style_Healthy</styleUrl>
          <ExtendedData>
            <Data name="id"><value>504</value></Data>
            <Data name="Class"><value>Healthy</value></Data>
          </ExtendedData>
          <Point><coordinates>102.669371700,2.742978464,0</coordinates></Point>
        </Placemark>

        <Placemark>
          <name>505</name>
          <styleUrl>#style_Healthy</styleUrl>
          <ExtendedData>
            <Data name="id"><value>505</value></Data>
            <Data name="Class"><value>Healthy</value></Data>
          </ExtendedData>
          <Point><coordinates>102.670098700,2.742494103,0</coordinates></Point>
        </Placemark>

        <Placemark>
          <name>507</name>
          <styleUrl>#style_Healthy</styleUrl>
          <ExtendedData>
            <Data name="id"><value>507</value></Data>
            <Data name="Class"><value>Healthy</value></Data>
          </ExtendedData>
          <Point><coordinates>102.670033100,2.742621456,0</coordinates></Point>
        </Placemark>

        <Placemark>
          <name>508</name>
          <styleUrl>#style_Healthy</styleUrl>
          <ExtendedData>
            <Data name="id"><value>508</value></Data>
            <Data name="Class"><value>Healthy</value></Data>
          </ExtendedData>
          <Point><coordinates>102.670038100,2.742455270,0</coordinates></Point>
        </Placemark>

        <Placemark>
          <name>509</name>
          <styleUrl>#style_Healthy</styleUrl>
          <ExtendedData>
            <Data name="id"><value>509</value></Data>
            <Data name="Class"><value>Healthy</value></Data>
          </ExtendedData>
          <Point><coordinates>102.670034800,2.742380946,0</coordinates></Point>
        </Placemark>

        <Placemark>
          <name>510</name>
          <styleUrl>#style_Healthy</styleUrl>
          <ExtendedData>
            <Data name="id"><value>510</value></Data>
            <Data name="Class"><value>Healthy</value></Data>
          </ExtendedData>
          <Point><coordinates>102.670103300,2.742423536,0</coordinates></Point>
        </Placemark>

        <Placemark>
          <name>511</name>
          <styleUrl>#style_Healthy</styleUrl>
          <ExtendedData>
            <Data name="id"><value>511</value></Data>
            <Data name="Class"><value>Healthy</value></Data>
          </ExtendedData>
          <Point><coordinates>102.670164200,2.742477818,0</coordinates></Point>
        </Placemark>

        <Placemark>
          <name>513</name>
          <styleUrl>#style_Healthy</styleUrl>
          <ExtendedData>
            <Data name="id"><value>513</value></Data>
            <Data name="Class"><value>Healthy</value></Data>
          </ExtendedData>
          <Point><coordinates>102.670220200,2.742438568,0</coordinates></Point>
        </Placemark>

        <Placemark>
          <name>515</name>
          <styleUrl>#style_Healthy</styleUrl>
          <ExtendedData>
            <Data name="id"><value>515</value></Data>
            <Data name="Class"><value>Healthy</value></Data>
          </ExtendedData>
          <Point><coordinates>102.670333700,2.742384286,0</coordinates></Point>
        </Placemark>

        <Placemark>
          <name>516</name>
          <styleUrl>#style_Healthy</styleUrl>
          <ExtendedData>
            <Data name="id"><value>516</value></Data>
            <Data name="Class"><value>Healthy</value></Data>
          </ExtendedData>
          <Point><coordinates>102.670256100,2.742373430,0</coordinates></Point>
        </Placemark>

        <Placemark>
          <name>517</name>
          <styleUrl>#style_Healthy</styleUrl>
          <ExtendedData>
            <Data name="id"><value>517</value></Data>
            <Data name="Class"><value>Healthy</value></Data>
          </ExtendedData>
          <Point><coordinates>102.670171700,2.742380946,0</coordinates></Point>
        </Placemark>

        <Placemark>
          <name>518</name>
          <styleUrl>#style_Healthy</styleUrl>
          <ExtendedData>
            <Data name="id"><value>518</value></Data>
            <Data name="Class"><value>Healthy</value></Data>
          </ExtendedData>
          <Point><coordinates>102.670109900,2.742340861,0</coordinates></Point>
        </Placemark>

        <Placemark>
          <name>519</name>
          <styleUrl>#style_Healthy</styleUrl>
          <ExtendedData>
            <Data name="id"><value>519</value></Data>
            <Data name="Class"><value>Healthy</value></Data>
          </ExtendedData>
          <Point><coordinates>102.670173400,2.742304116,0</coordinates></Point>
        </Placemark>

        <Placemark>
          <name>521</name>
          <styleUrl>#style_Healthy</styleUrl>
          <ExtendedData>
            <Data name="id"><value>521</value></Data>
            <Data name="Class"><value>Healthy</value></Data>
          </ExtendedData>
          <Point><coordinates>102.670268600,2.742304116,0</coordinates></Point>
        </Placemark>

        <Placemark>
          <name>522</name>
          <styleUrl>#style_Healthy</styleUrl>
          <ExtendedData>
            <Data name="id"><value>522</value></Data>
            <Data name="Class"><value>Healthy</value></Data>
          </ExtendedData>
          <Point><coordinates>102.670347900,2.742296600,0</coordinates></Point>
        </Placemark>

        <Placemark>
          <name>523</name>
          <styleUrl>#style_Healthy</styleUrl>
          <ExtendedData>
            <Data name="id"><value>523</value></Data>
            <Data name="Class"><value>Healthy</value></Data>
          </ExtendedData>
          <Point><coordinates>102.670044000,2.742303281,0</coordinates></Point>
        </Placemark>

        <Placemark>
          <name>524</name>
          <styleUrl>#style_Healthy</styleUrl>
          <ExtendedData>
            <Data name="id"><value>524</value></Data>
            <Data name="Class"><value>Healthy</value></Data>
          </ExtendedData>
          <Point><coordinates>102.670109900,2.742271547,0</coordinates></Point>
        </Placemark>

        <Placemark>
          <name>525</name>
          <styleUrl>#style_Healthy</styleUrl>
          <ExtendedData>
            <Data name="id"><value>525</value></Data>
            <Data name="Class"><value>Healthy</value></Data>
          </ExtendedData>
          <Point><coordinates>102.670863200,2.742261526,0</coordinates></Point>
        </Placemark>

        <Placemark>
          <name>526</name>
          <styleUrl>#style_Healthy</styleUrl>
          <ExtendedData>
            <Data name="id"><value>526</value></Data>
            <Data name="Class"><value>Healthy</value></Data>
          </ExtendedData>
          <Point><coordinates>102.670928300,2.742301611,0</coordinates></Point>
        </Placemark>

        <Placemark>
          <name>529</name>
          <styleUrl>#style_Healthy</styleUrl>
          <ExtendedData>
            <Data name="id"><value>529</value></Data>
            <Data name="Class"><value>Healthy</value></Data>
          </ExtendedData>
          <Point><coordinates>102.670741300,2.742391802,0</coordinates></Point>
        </Placemark>

        <Placemark>
          <name>530</name>
          <styleUrl>#style_Healthy</styleUrl>
          <ExtendedData>
            <Data name="id"><value>530</value></Data>
            <Data name="Class"><value>Healthy</value></Data>
          </ExtendedData>
          <Point><coordinates>102.670798900,2.742444414,0</coordinates></Point>
        </Placemark>

        <Placemark>
          <name>531</name>
          <styleUrl>#style_Healthy</styleUrl>
          <ExtendedData>
            <Data name="id"><value>531</value></Data>
            <Data name="Class"><value>Healthy</value></Data>
          </ExtendedData>
          <Point><coordinates>102.670945000,2.742461951,0</coordinates></Point>
        </Placemark>

        <Placemark>
          <name>532</name>
          <styleUrl>#style_Healthy</styleUrl>
          <ExtendedData>
            <Data name="id"><value>532</value></Data>
            <Data name="Class"><value>Healthy</value></Data>
          </ExtendedData>
          <Point><coordinates>102.670980100,2.742611435,0</coordinates></Point>
        </Placemark>

        <Placemark>
          <name>533</name>
          <styleUrl>#style_Healthy</styleUrl>
          <ExtendedData>
            <Data name="id"><value>533</value></Data>
            <Data name="Class"><value>Healthy</value></Data>
          </ExtendedData>
          <Point><coordinates>102.670843200,2.742543791,0</coordinates></Point>
        </Placemark>

        <Placemark>
          <name>534</name>
          <styleUrl>#style_Healthy</styleUrl>
          <ExtendedData>
            <Data name="id"><value>534</value></Data>
            <Data name="Class"><value>Healthy</value></Data>
          </ExtendedData>
          <Point><coordinates>102.670778900,2.742507882,0</coordinates></Point>
        </Placemark>

        <Placemark>
          <name>535</name>
          <styleUrl>#style_Healthy</styleUrl>
          <ExtendedData>
            <Data name="id"><value>535</value></Data>
            <Data name="Class"><value>Healthy</value></Data>
          </ExtendedData>
          <Point><coordinates>102.670722900,2.742466962,0</coordinates></Point>
        </Placemark>

        <Placemark>
          <name>536</name>
          <styleUrl>#style_Healthy</styleUrl>
          <ExtendedData>
            <Data name="id"><value>536</value></Data>
            <Data name="Class"><value>Healthy</value></Data>
          </ExtendedData>
          <Point><coordinates>102.670667800,2.742436898,0</coordinates></Point>
        </Placemark>

        <Placemark>
          <name>537</name>
          <styleUrl>#style_Healthy</styleUrl>
          <ExtendedData>
            <Data name="id"><value>537</value></Data>
            <Data name="Class"><value>Healthy</value></Data>
          </ExtendedData>
          <Point><coordinates>102.670623500,2.742487004,0</coordinates></Point>
        </Placemark>

        <Placemark>
          <name>538</name>
          <styleUrl>#style_Healthy</styleUrl>
          <ExtendedData>
            <Data name="id"><value>538</value></Data>
            <Data name="Class"><value>Healthy</value></Data>
          </ExtendedData>
          <Point><coordinates>102.670692800,2.742536275,0</coordinates></Point>
        </Placemark>

        <Placemark>
          <name>539</name>
          <styleUrl>#style_Healthy</styleUrl>
          <ExtendedData>
            <Data name="id"><value>539</value></Data>
            <Data name="Class"><value>Healthy</value></Data>
          </ExtendedData>
          <Point><coordinates>102.670763000,2.742584712,0</coordinates></Point>
        </Placemark>

        <Placemark>
          <name>541</name>
          <styleUrl>#style_Healthy</styleUrl>
          <ExtendedData>
            <Data name="id"><value>541</value></Data>
            <Data name="Class"><value>Healthy</value></Data>
          </ExtendedData>
          <Point><coordinates>102.670884100,2.742659036,0</coordinates></Point>
        </Placemark>

        <Placemark>
          <name>542</name>
          <styleUrl>#style_Healthy</styleUrl>
          <ExtendedData>
            <Data name="id"><value>542</value></Data>
            <Data name="Class"><value>Healthy</value></Data>
          </ExtendedData>
          <Point><coordinates>102.670956700,2.742697451,0</coordinates></Point>
        </Placemark>

        <Placemark>
          <name>543</name>
          <styleUrl>#style_Healthy</styleUrl>
          <ExtendedData>
            <Data name="id"><value>543</value></Data>
            <Data name="Class"><value>Healthy</value></Data>
          </ExtendedData>
          <Point><coordinates>102.671028600,2.742728350,0</coordinates></Point>
        </Placemark>

        <Placemark>
          <name>544</name>
          <styleUrl>#style_Healthy</styleUrl>
          <ExtendedData>
            <Data name="id"><value>544</value></Data>
            <Data name="Class"><value>Healthy</value></Data>
          </ExtendedData>
          <Point><coordinates>102.670881600,2.742736701,0</coordinates></Point>
        </Placemark>

        <Placemark>
          <name>545</name>
          <styleUrl>#style_Healthy</styleUrl>
          <ExtendedData>
            <Data name="id"><value>545</value></Data>
            <Data name="Class"><value>Healthy</value></Data>
          </ExtendedData>
          <Point><coordinates>102.670818100,2.742701627,0</coordinates></Point>
        </Placemark>

        <Placemark>
          <name>546</name>
          <styleUrl>#style_Healthy</styleUrl>
          <ExtendedData>
            <Data name="id"><value>546</value></Data>
            <Data name="Class"><value>Healthy</value></Data>
          </ExtendedData>
          <Point><coordinates>102.670761300,2.742655696,0</coordinates></Point>
        </Placemark>

        <Placemark>
          <name>547</name>
          <styleUrl>#style_Healthy</styleUrl>
          <ExtendedData>
            <Data name="id"><value>547</value></Data>
            <Data name="Class"><value>Healthy</value></Data>
          </ExtendedData>
          <Point><coordinates>102.670692000,2.742614775,0</coordinates></Point>
        </Placemark>

        <Placemark>
          <name>548</name>
          <styleUrl>#style_Healthy</styleUrl>
          <ExtendedData>
            <Data name="id"><value>548</value></Data>
            <Data name="Class"><value>Healthy</value></Data>
          </ExtendedData>
          <Point><coordinates>102.670625200,2.742578031,0</coordinates></Point>
        </Placemark>

        <Placemark>
          <name>549</name>
          <styleUrl>#style_Healthy</styleUrl>
          <ExtendedData>
            <Data name="id"><value>549</value></Data>
            <Data name="Class"><value>Healthy</value></Data>
          </ExtendedData>
          <Point><coordinates>102.670557600,2.742535440,0</coordinates></Point>
        </Placemark>

        <Placemark>
          <name>550</name>
          <styleUrl>#style_Healthy</styleUrl>
          <ExtendedData>
            <Data name="id"><value>550</value></Data>
            <Data name="Class"><value>Healthy</value></Data>
          </ExtendedData>
          <Point><coordinates>102.671028600,2.742339190,0</coordinates></Point>
        </Placemark>

        <Placemark>
          <name>551</name>
          <styleUrl>#style_Healthy</styleUrl>
          <ExtendedData>
            <Data name="id"><value>551</value></Data>
            <Data name="Class"><value>Healthy</value></Data>
          </ExtendedData>
          <Point><coordinates>102.671085300,2.742323323,0</coordinates></Point>
        </Placemark>

        <Placemark>
          <name>552</name>
          <styleUrl>#style_Healthy</styleUrl>
          <ExtendedData>
            <Data name="id"><value>552</value></Data>
            <Data name="Class"><value>Healthy</value></Data>
          </ExtendedData>
          <Point><coordinates>102.671127900,2.742374265,0</coordinates></Point>
        </Placemark>

        <Placemark>
          <name>553</name>
          <styleUrl>#style_Healthy</styleUrl>
          <ExtendedData>
            <Data name="id"><value>553</value></Data>
            <Data name="Class"><value>Healthy</value></Data>
          </ExtendedData>
          <Point><coordinates>102.671224000,2.742306621,0</coordinates></Point>
        </Placemark>

        <Placemark>
          <name>554</name>
          <styleUrl>#style_Healthy</styleUrl>
          <ExtendedData>
            <Data name="id"><value>554</value></Data>
            <Data name="Class"><value>Healthy</value></Data>
          </ExtendedData>
          <Point><coordinates>102.671205600,2.742367584,0</coordinates></Point>
        </Placemark>

        <Placemark>
          <name>555</name>
          <styleUrl>#style_Healthy</styleUrl>
          <ExtendedData>
            <Data name="id"><value>555</value></Data>
            <Data name="Class"><value>Healthy</value></Data>
          </ExtendedData>
          <Point><coordinates>102.671317500,2.742327499,0</coordinates></Point>
        </Placemark>

        <Placemark>
          <name>557</name>
          <styleUrl>#style_Healthy</styleUrl>
          <ExtendedData>
            <Data name="id"><value>557</value></Data>
            <Data name="Class"><value>Healthy</value></Data>
          </ExtendedData>
          <Point><coordinates>102.671289900,2.742399318,0</coordinates></Point>
        </Placemark>

        <Placemark>
          <name>558</name>
          <styleUrl>#style_Healthy</styleUrl>
          <ExtendedData>
            <Data name="id"><value>558</value></Data>
            <Data name="Class"><value>Healthy</value></Data>
          </ExtendedData>
          <Point><coordinates>102.671219000,2.742449424,0</coordinates></Point>
        </Placemark>

        <Placemark>
          <name>559</name>
          <styleUrl>#style_Healthy</styleUrl>
          <ExtendedData>
            <Data name="id"><value>559</value></Data>
            <Data name="Class"><value>Healthy</value></Data>
          </ExtendedData>
          <Point><coordinates>102.671135500,2.742446084,0</coordinates></Point>
        </Placemark>

        <Placemark>
          <name>560</name>
          <styleUrl>#style_Healthy</styleUrl>
          <ExtendedData>
            <Data name="id"><value>560</value></Data>
            <Data name="Class"><value>Healthy</value></Data>
          </ExtendedData>
          <Point><coordinates>102.671027700,2.742411010,0</coordinates></Point>
        </Placemark>

        <Placemark>
          <name>561</name>
          <styleUrl>#style_Healthy</styleUrl>
          <ExtendedData>
            <Data name="id"><value>561</value></Data>
            <Data name="Class"><value>Healthy</value></Data>
          </ExtendedData>
          <Point><coordinates>102.671046100,2.742489510,0</coordinates></Point>
        </Placemark>

        <Placemark>
          <name>562</name>
          <styleUrl>#style_Healthy</styleUrl>
          <ExtendedData>
            <Data name="id"><value>562</value></Data>
            <Data name="Class"><value>Healthy</value></Data>
          </ExtendedData>
          <Point><coordinates>102.671076200,2.742558823,0</coordinates></Point>
        </Placemark>

        <Placemark>
          <name>563</name>
          <styleUrl>#style_Healthy</styleUrl>
          <ExtendedData>
            <Data name="id"><value>563</value></Data>
            <Data name="Class"><value>Healthy</value></Data>
          </ExtendedData>
          <Point><coordinates>102.671116200,2.742615611,0</coordinates></Point>
        </Placemark>

        <Placemark>
          <name>564</name>
          <styleUrl>#style_Healthy</styleUrl>
          <ExtendedData>
            <Data name="id"><value>564</value></Data>
            <Data name="Class"><value>Healthy</value></Data>
          </ExtendedData>
          <Point><coordinates>102.671192200,2.742575525,0</coordinates></Point>
        </Placemark>

        <Placemark>
          <name>565</name>
          <styleUrl>#style_Healthy</styleUrl>
          <ExtendedData>
            <Data name="id"><value>565</value></Data>
            <Data name="Class"><value>Healthy</value></Data>
          </ExtendedData>
          <Point><coordinates>102.671152200,2.742512893,0</coordinates></Point>
        </Placemark>

        <Placemark>
          <name>566</name>
          <styleUrl>#style_Healthy</styleUrl>
          <ExtendedData>
            <Data name="id"><value>566</value></Data>
            <Data name="Class"><value>Healthy</value></Data>
          </ExtendedData>
          <Point><coordinates>102.671246500,2.742510387,0</coordinates></Point>
        </Placemark>

        <Placemark>
          <name>567</name>
          <styleUrl>#style_Healthy</styleUrl>
          <ExtendedData>
            <Data name="id"><value>567</value></Data>
            <Data name="Class"><value>Healthy</value></Data>
          </ExtendedData>
          <Point><coordinates>102.671320800,2.742461116,0</coordinates></Point>
        </Placemark>

        <Placemark>
          <name>568</name>
          <styleUrl>#style_Healthy</styleUrl>
          <ExtendedData>
            <Data name="id"><value>568</value></Data>
            <Data name="Class"><value>Healthy</value></Data>
          </ExtendedData>
          <Point><coordinates>102.671388500,2.742442744,0</coordinates></Point>
        </Placemark>

        <Placemark>
          <name>570</name>
          <styleUrl>#style_Healthy</styleUrl>
          <ExtendedData>
            <Data name="id"><value>570</value></Data>
            <Data name="Class"><value>Healthy</value></Data>
          </ExtendedData>
          <Point><coordinates>102.671498700,2.742551307,0</coordinates></Point>
        </Placemark>

        <Placemark>
          <name>571</name>
          <styleUrl>#style_Healthy</styleUrl>
          <ExtendedData>
            <Data name="id"><value>571</value></Data>
            <Data name="Class"><value>Healthy</value></Data>
          </ExtendedData>
          <Point><coordinates>102.671576400,2.742540451,0</coordinates></Point>
        </Placemark>

        <Placemark>
          <name>572</name>
          <styleUrl>#style_Healthy</styleUrl>
          <ExtendedData>
            <Data name="id"><value>572</value></Data>
            <Data name="Class"><value>Healthy</value></Data>
          </ExtendedData>
          <Point><coordinates>102.671552200,2.742603919,0</coordinates></Point>
        </Placemark>

        <Placemark>
          <name>573</name>
          <styleUrl>#style_Healthy</styleUrl>
          <ExtendedData>
            <Data name="id"><value>573</value></Data>
            <Data name="Class"><value>Healthy</value></Data>
          </ExtendedData>
          <Point><coordinates>102.671539600,2.742676573,0</coordinates></Point>
        </Placemark>

        <Placemark>
          <name>574</name>
          <styleUrl>#style_Healthy</styleUrl>
          <ExtendedData>
            <Data name="id"><value>574</value></Data>
            <Data name="Class"><value>Healthy</value></Data>
          </ExtendedData>
          <Point><coordinates>102.671594800,2.742661541,0</coordinates></Point>
        </Placemark>

        <Placemark>
          <name>575</name>
          <styleUrl>#style_Healthy</styleUrl>
          <ExtendedData>
            <Data name="id"><value>575</value></Data>
            <Data name="Class"><value>Healthy</value></Data>
          </ExtendedData>
          <Point><coordinates>102.670776400,2.742738371,0</coordinates></Point>
        </Placemark>

        <Placemark>
          <name>576</name>
          <styleUrl>#style_Healthy</styleUrl>
          <ExtendedData>
            <Data name="id"><value>576</value></Data>
            <Data name="Class"><value>Healthy</value></Data>
          </ExtendedData>
          <Point><coordinates>102.670701200,2.742704967,0</coordinates></Point>
        </Placemark>

        <Placemark>
          <name>577</name>
          <styleUrl>#style_Healthy</styleUrl>
          <ExtendedData>
            <Data name="id"><value>577</value></Data>
            <Data name="Class"><value>Healthy</value></Data>
          </ExtendedData>
          <Point><coordinates>102.670838200,2.742774281,0</coordinates></Point>
        </Placemark>

        <Placemark>
          <name>578</name>
          <styleUrl>#style_Healthy</styleUrl>
          <ExtendedData>
            <Data name="id"><value>578</value></Data>
            <Data name="Class"><value>Healthy</value></Data>
          </ExtendedData>
          <Point><coordinates>102.670652800,2.742757579,0</coordinates></Point>
        </Placemark>

        <Placemark>
          <name>579</name>
          <styleUrl>#style_Healthy</styleUrl>
          <ExtendedData>
            <Data name="id"><value>579</value></Data>
            <Data name="Class"><value>Healthy</value></Data>
          </ExtendedData>
          <Point><coordinates>102.670576800,2.742725845,0</coordinates></Point>
        </Placemark>

        <Placemark>
          <name>580</name>
          <styleUrl>#style_Healthy</styleUrl>
          <ExtendedData>
            <Data name="id"><value>580</value></Data>
            <Data name="Class"><value>Healthy</value></Data>
          </ExtendedData>
          <Point><coordinates>102.670621000,2.742670728,0</coordinates></Point>
        </Placemark>

        <Placemark>
          <name>581</name>
          <styleUrl>#style_Healthy</styleUrl>
          <ExtendedData>
            <Data name="id"><value>581</value></Data>
            <Data name="Class"><value>Healthy</value></Data>
          </ExtendedData>
          <Point><coordinates>102.671174700,2.742704132,0</coordinates></Point>
        </Placemark>

        <Placemark>
          <name>582</name>
          <styleUrl>#style_Healthy</styleUrl>
          <ExtendedData>
            <Data name="id"><value>582</value></Data>
            <Data name="Class"><value>Healthy</value></Data>
          </ExtendedData>
          <Point><coordinates>102.671209800,2.742764259,0</coordinates></Point>
        </Placemark>

        <Placemark>
          <name>583</name>
          <styleUrl>#style_Healthy</styleUrl>
          <ExtendedData>
            <Data name="id"><value>583</value></Data>
            <Data name="Class"><value>Healthy</value></Data>
          </ExtendedData>
          <Point><coordinates>102.671265700,2.742718329,0</coordinates></Point>
        </Placemark>

        <Placemark>
          <name>584</name>
          <styleUrl>#style_Healthy</styleUrl>
          <ExtendedData>
            <Data name="id"><value>584</value></Data>
            <Data name="Class"><value>Healthy</value></Data>
          </ExtendedData>
          <Point><coordinates>102.671232300,2.742651520,0</coordinates></Point>
        </Placemark>

        <Placemark>
          <name>585</name>
          <styleUrl>#style_Healthy</styleUrl>
          <ExtendedData>
            <Data name="id"><value>585</value></Data>
            <Data name="Class"><value>Healthy</value></Data>
          </ExtendedData>
          <Point><coordinates>102.671289100,2.742583041,0</coordinates></Point>
        </Placemark>

        <Placemark>
          <name>586</name>
          <styleUrl>#style_Healthy</styleUrl>
          <ExtendedData>
            <Data name="id"><value>586</value></Data>
            <Data name="Class"><value>Healthy</value></Data>
          </ExtendedData>
          <Point><coordinates>102.671350100,2.742529595,0</coordinates></Point>
        </Placemark>

        <Placemark>
          <name>587</name>
          <styleUrl>#style_Healthy</styleUrl>
          <ExtendedData>
            <Data name="id"><value>587</value></Data>
            <Data name="Class"><value>Healthy</value></Data>
          </ExtendedData>
          <Point><coordinates>102.671376800,2.742593898,0</coordinates></Point>
        </Placemark>

        <Placemark>
          <name>588</name>
          <styleUrl>#style_Healthy</styleUrl>
          <ExtendedData>
            <Data name="id"><value>588</value></Data>
            <Data name="Class"><value>Healthy</value></Data>
          </ExtendedData>
          <Point><coordinates>102.671435300,2.742564669,0</coordinates></Point>
        </Placemark>

        <Placemark>
          <name>589</name>
          <styleUrl>#style_Healthy</styleUrl>
          <ExtendedData>
            <Data name="id"><value>589</value></Data>
            <Data name="Class"><value>Healthy</value></Data>
          </ExtendedData>
          <Point><coordinates>102.671483700,2.742624797,0</coordinates></Point>
        </Placemark>

        <Placemark>
          <name>590</name>
          <styleUrl>#style_Healthy</styleUrl>
          <ExtendedData>
            <Data name="id"><value>590</value></Data>
            <Data name="Class"><value>Healthy</value></Data>
          </ExtendedData>
          <Point><coordinates>102.671417700,2.742652355,0</coordinates></Point>
        </Placemark>

        <Placemark>
          <name>591</name>
          <styleUrl>#style_Healthy</styleUrl>
          <ExtendedData>
            <Data name="id"><value>591</value></Data>
            <Data name="Class"><value>Healthy</value></Data>
          </ExtendedData>
          <Point><coordinates>102.671359300,2.742714153,0</coordinates></Point>
        </Placemark>

        <Placemark>
          <name>592</name>
          <styleUrl>#style_Healthy</styleUrl>
          <ExtendedData>
            <Data name="id"><value>592</value></Data>
            <Data name="Class"><value>Healthy</value></Data>
          </ExtendedData>
          <Point><coordinates>102.671322500,2.742648180,0</coordinates></Point>
        </Placemark>

        <Placemark>
          <name>593</name>
          <styleUrl>#style_Healthy</styleUrl>
          <ExtendedData>
            <Data name="id"><value>593</value></Data>
            <Data name="Class"><value>Healthy</value></Data>
          </ExtendedData>
          <Point><coordinates>102.671413500,2.742769270,0</coordinates></Point>
        </Placemark>

        <Placemark>
          <name>594</name>
          <styleUrl>#style_Healthy</styleUrl>
          <ExtendedData>
            <Data name="id"><value>594</value></Data>
            <Data name="Class"><value>Healthy</value></Data>
          </ExtendedData>
          <Point><coordinates>102.671462800,2.742714988,0</coordinates></Point>
        </Placemark>

        <Placemark>
          <name>595</name>
          <styleUrl>#style_Healthy</styleUrl>
          <ExtendedData>
            <Data name="id"><value>595</value></Data>
            <Data name="Class"><value>Healthy</value></Data>
          </ExtendedData>
          <Point><coordinates>102.671518800,2.742771775,0</coordinates></Point>
        </Placemark>

        <Placemark>
          <name>596</name>
          <styleUrl>#style_Healthy</styleUrl>
          <ExtendedData>
            <Data name="id"><value>596</value></Data>
            <Data name="Class"><value>Healthy</value></Data>
          </ExtendedData>
          <Point><coordinates>102.671568900,2.742744217,0</coordinates></Point>
        </Placemark>

        <Placemark>
          <name>598</name>
          <styleUrl>#style_Healthy</styleUrl>
          <ExtendedData>
            <Data name="id"><value>598</value></Data>
            <Data name="Class"><value>Healthy</value></Data>
          </ExtendedData>
          <Point><coordinates>102.671619800,2.742397648,0</coordinates></Point>
        </Placemark>

        <Placemark>
          <name>599</name>
          <styleUrl>#style_Healthy</styleUrl>
          <ExtendedData>
            <Data name="id"><value>599</value></Data>
            <Data name="Class"><value>Healthy</value></Data>
          </ExtendedData>
          <Point><coordinates>102.671661600,2.742444414,0</coordinates></Point>
        </Placemark>

        <Placemark>
          <name>600</name>
          <styleUrl>#style_Healthy</styleUrl>
          <ExtendedData>
            <Data name="id"><value>600</value></Data>
            <Data name="Class"><value>Healthy</value></Data>
          </ExtendedData>
          <Point><coordinates>102.671706700,2.742502871,0</coordinates></Point>
        </Placemark>

        <Placemark>
          <name>601</name>
          <styleUrl>#style_Healthy</styleUrl>
          <ExtendedData>
            <Data name="id"><value>601</value></Data>
            <Data name="Class"><value>Healthy</value></Data>
          </ExtendedData>
          <Point><coordinates>102.671771800,2.742546297,0</coordinates></Point>
        </Placemark>

        <Placemark>
          <name>602</name>
          <styleUrl>#style_Healthy</styleUrl>
          <ExtendedData>
            <Data name="id"><value>602</value></Data>
            <Data name="Class"><value>Healthy</value></Data>
          </ExtendedData>
          <Point><coordinates>102.671631500,2.742591393,0</coordinates></Point>
        </Placemark>

        <Placemark>
          <name>604</name>
          <styleUrl>#style_Healthy</styleUrl>
          <ExtendedData>
            <Data name="id"><value>604</value></Data>
            <Data name="Class"><value>Healthy</value></Data>
          </ExtendedData>
          <Point><coordinates>102.671635700,2.742729185,0</coordinates></Point>
        </Placemark>

        <Placemark>
          <name>605</name>
          <styleUrl>#style_Healthy</styleUrl>
          <ExtendedData>
            <Data name="id"><value>605</value></Data>
            <Data name="Class"><value>Healthy</value></Data>
          </ExtendedData>
          <Point><coordinates>102.671683300,2.742773446,0</coordinates></Point>
        </Placemark>

        <Placemark>
          <name>606</name>
          <styleUrl>#style_Healthy</styleUrl>
          <ExtendedData>
            <Data name="id"><value>606</value></Data>
            <Data name="Class"><value>Healthy</value></Data>
          </ExtendedData>
          <Point><coordinates>102.671585600,2.742810190,0</coordinates></Point>
        </Placemark>

        <Placemark>
          <name>607</name>
          <styleUrl>#style_Healthy</styleUrl>
          <ExtendedData>
            <Data name="id"><value>607</value></Data>
            <Data name="Class"><value>Healthy</value></Data>
          </ExtendedData>
          <Point><coordinates>102.671476200,2.742818541,0</coordinates></Point>
        </Placemark>

        <Placemark>
          <name>610</name>
          <styleUrl>#style_Healthy</styleUrl>
          <ExtendedData>
            <Data name="id"><value>610</value></Data>
            <Data name="Class"><value>Healthy</value></Data>
          </ExtendedData>
          <Point><coordinates>102.671967200,2.742697451,0</coordinates></Point>
        </Placemark>

        <Placemark>
          <name>611</name>
          <styleUrl>#style_Healthy</styleUrl>
          <ExtendedData>
            <Data name="id"><value>611</value></Data>
            <Data name="Class"><value>Healthy</value></Data>
          </ExtendedData>
          <Point><coordinates>102.672024000,2.742745052,0</coordinates></Point>
        </Placemark>

        <Placemark>
          <name>612</name>
          <styleUrl>#style_Healthy</styleUrl>
          <ExtendedData>
            <Data name="id"><value>612</value></Data>
            <Data name="Class"><value>Healthy</value></Data>
          </ExtendedData>
          <Point><coordinates>102.672003100,2.742815201,0</coordinates></Point>
        </Placemark>

        <Placemark>
          <name>613</name>
          <styleUrl>#style_Healthy</styleUrl>
          <ExtendedData>
            <Data name="id"><value>613</value></Data>
            <Data name="Class"><value>Healthy</value></Data>
          </ExtendedData>
          <Point><coordinates>102.672082500,2.742793488,0</coordinates></Point>
        </Placemark>

        <Placemark>
          <name>614</name>
          <styleUrl>#style_Healthy</styleUrl>
          <ExtendedData>
            <Data name="id"><value>614</value></Data>
            <Data name="Class"><value>Healthy</value></Data>
          </ExtendedData>
          <Point><coordinates>102.672116700,2.742730855,0</coordinates></Point>
        </Placemark>

        <Placemark>
          <name>615</name>
          <styleUrl>#style_Healthy</styleUrl>
          <ExtendedData>
            <Data name="id"><value>615</value></Data>
            <Data name="Class"><value>Healthy</value></Data>
          </ExtendedData>
          <Point><coordinates>102.672203600,2.742674068,0</coordinates></Point>
        </Placemark>

        <Placemark>
          <name>616</name>
          <styleUrl>#style_Healthy</styleUrl>
          <ExtendedData>
            <Data name="id"><value>616</value></Data>
            <Data name="Class"><value>Healthy</value></Data>
          </ExtendedData>
          <Point><coordinates>102.672118400,2.742658201,0</coordinates></Point>
        </Placemark>

        <Placemark>
          <name>617</name>
          <styleUrl>#style_Healthy</styleUrl>
          <ExtendedData>
            <Data name="id"><value>617</value></Data>
            <Data name="Class"><value>Healthy</value></Data>
          </ExtendedData>
          <Point><coordinates>102.672058200,2.742602249,0</coordinates></Point>
        </Placemark>

        <Placemark>
          <name>620</name>
          <styleUrl>#style_Healthy</styleUrl>
          <ExtendedData>
            <Data name="id"><value>620</value></Data>
            <Data name="Class"><value>Healthy</value></Data>
          </ExtendedData>
          <Point><coordinates>102.671855300,2.742484499,0</coordinates></Point>
        </Placemark>

        <Placemark>
          <name>621</name>
          <styleUrl>#style_Healthy</styleUrl>
          <ExtendedData>
            <Data name="id"><value>621</value></Data>
            <Data name="Class"><value>Healthy</value></Data>
          </ExtendedData>
          <Point><coordinates>102.671790200,2.742447754,0</coordinates></Point>
        </Placemark>

        <Placemark>
          <name>622</name>
          <styleUrl>#style_Healthy</styleUrl>
          <ExtendedData>
            <Data name="id"><value>622</value></Data>
            <Data name="Class"><value>Healthy</value></Data>
          </ExtendedData>
          <Point><coordinates>102.671731700,2.742411845,0</coordinates></Point>
        </Placemark>

        <Placemark>
          <name>623</name>
          <styleUrl>#style_Healthy</styleUrl>
          <ExtendedData>
            <Data name="id"><value>623</value></Data>
            <Data name="Class"><value>Healthy</value></Data>
          </ExtendedData>
          <Point><coordinates>102.671687500,2.742352552,0</coordinates></Point>
        </Placemark>

        <Placemark>
          <name>624</name>
          <styleUrl>#style_Healthy</styleUrl>
          <ExtendedData>
            <Data name="id"><value>624</value></Data>
            <Data name="Class"><value>Healthy</value></Data>
          </ExtendedData>
          <Point><coordinates>102.671754300,2.742360903,0</coordinates></Point>
        </Placemark>

        <Placemark>
          <name>625</name>
          <styleUrl>#style_Healthy</styleUrl>
          <ExtendedData>
            <Data name="id"><value>625</value></Data>
            <Data name="Class"><value>Healthy</value></Data>
          </ExtendedData>
          <Point><coordinates>102.671827800,2.742400153,0</coordinates></Point>
        </Placemark>

        <Placemark>
          <name>626</name>
          <styleUrl>#style_Healthy</styleUrl>
          <ExtendedData>
            <Data name="id"><value>626</value></Data>
            <Data name="Class"><value>Healthy</value></Data>
          </ExtendedData>
          <Point><coordinates>102.671810200,2.742298270,0</coordinates></Point>
        </Placemark>

        <Placemark>
          <name>627</name>
          <styleUrl>#style_Healthy</styleUrl>
          <ExtendedData>
            <Data name="id"><value>627</value></Data>
            <Data name="Class"><value>Healthy</value></Data>
          </ExtendedData>
          <Point><coordinates>102.671847800,2.742342531,0</coordinates></Point>
        </Placemark>

        <Placemark>
          <name>629</name>
          <styleUrl>#style_Healthy</styleUrl>
          <ExtendedData>
            <Data name="id"><value>629</value></Data>
            <Data name="Class"><value>Healthy</value></Data>
          </ExtendedData>
          <Point><coordinates>102.671918800,2.742281568,0</coordinates></Point>
        </Placemark>

        <Placemark>
          <name>630</name>
          <styleUrl>#style_Healthy</styleUrl>
          <ExtendedData>
            <Data name="id"><value>630</value></Data>
            <Data name="Class"><value>Healthy</value></Data>
          </ExtendedData>
          <Point><coordinates>102.671953900,2.742205573,0</coordinates></Point>
        </Placemark>

        <Placemark>
          <name>631</name>
          <styleUrl>#style_Healthy</styleUrl>
          <ExtendedData>
            <Data name="id"><value>631</value></Data>
            <Data name="Class"><value>Healthy</value></Data>
          </ExtendedData>
          <Point><coordinates>102.671997300,2.742262361,0</coordinates></Point>
        </Placemark>

        <Placemark>
          <name>632</name>
          <styleUrl>#style_Healthy</styleUrl>
          <ExtendedData>
            <Data name="id"><value>632</value></Data>
            <Data name="Class"><value>Healthy</value></Data>
          </ExtendedData>
          <Point><coordinates>102.672052400,2.742319983,0</coordinates></Point>
        </Placemark>

        <Placemark>
          <name>633</name>
          <styleUrl>#style_Healthy</styleUrl>
          <ExtendedData>
            <Data name="id"><value>633</value></Data>
            <Data name="Class"><value>Healthy</value></Data>
          </ExtendedData>
          <Point><coordinates>102.672021500,2.742373430,0</coordinates></Point>
        </Placemark>

        <Placemark>
          <name>634</name>
          <styleUrl>#style_Healthy</styleUrl>
          <ExtendedData>
            <Data name="id"><value>634</value></Data>
            <Data name="Class"><value>Healthy</value></Data>
          </ExtendedData>
          <Point><coordinates>102.671987300,2.742335850,0</coordinates></Point>
        </Placemark>

        <Placemark>
          <name>636</name>
          <styleUrl>#style_Healthy</styleUrl>
          <ExtendedData>
            <Data name="id"><value>636</value></Data>
            <Data name="Class"><value>Healthy</value></Data>
          </ExtendedData>
          <Point><coordinates>102.671904600,2.742418526,0</coordinates></Point>
        </Placemark>

        <Placemark>
          <name>637</name>
          <styleUrl>#style_Healthy</styleUrl>
          <ExtendedData>
            <Data name="id"><value>637</value></Data>
            <Data name="Class"><value>Healthy</value></Data>
          </ExtendedData>
          <Point><coordinates>102.671924600,2.742468632,0</coordinates></Point>
        </Placemark>

        <Placemark>
          <name>638</name>
          <styleUrl>#style_Healthy</styleUrl>
          <ExtendedData>
            <Data name="id"><value>638</value></Data>
            <Data name="Class"><value>Healthy</value></Data>
          </ExtendedData>
          <Point><coordinates>102.671974700,2.742420196,0</coordinates></Point>
        </Placemark>

        <Placemark>
          <name>639</name>
          <styleUrl>#style_Healthy</styleUrl>
          <ExtendedData>
            <Data name="id"><value>639</value></Data>
            <Data name="Class"><value>Healthy</value></Data>
          </ExtendedData>
          <Point><coordinates>102.672046600,2.742444414,0</coordinates></Point>
        </Placemark>

        <Placemark>
          <name>640</name>
          <styleUrl>#style_Healthy</styleUrl>
          <ExtendedData>
            <Data name="id"><value>640</value></Data>
            <Data name="Class"><value>Healthy</value></Data>
          </ExtendedData>
          <Point><coordinates>102.672133400,2.742309127,0</coordinates></Point>
        </Placemark>

        <Placemark>
          <name>641</name>
          <styleUrl>#style_Healthy</styleUrl>
          <ExtendedData>
            <Data name="id"><value>641</value></Data>
            <Data name="Class"><value>Healthy</value></Data>
          </ExtendedData>
          <Point><coordinates>102.672144300,2.742355893,0</coordinates></Point>
        </Placemark>

        <Placemark>
          <name>642</name>
          <styleUrl>#style_Healthy</styleUrl>
          <ExtendedData>
            <Data name="id"><value>642</value></Data>
            <Data name="Class"><value>Healthy</value></Data>
          </ExtendedData>
          <Point><coordinates>102.671994800,2.742496190,0</coordinates></Point>
        </Placemark>

        <Placemark>
          <name>643</name>
          <styleUrl>#style_Healthy</styleUrl>
          <ExtendedData>
            <Data name="id"><value>643</value></Data>
            <Data name="Class"><value>Healthy</value></Data>
          </ExtendedData>
          <Point><coordinates>102.672111700,2.742396813,0</coordinates></Point>
        </Placemark>

        <Placemark>
          <name>644</name>
          <styleUrl>#style_Healthy</styleUrl>
          <ExtendedData>
            <Data name="id"><value>644</value></Data>
            <Data name="Class"><value>Healthy</value></Data>
          </ExtendedData>
          <Point><coordinates>102.672215200,2.742386791,0</coordinates></Point>
        </Placemark>

        <Placemark>
          <name>645</name>
          <styleUrl>#style_Healthy</styleUrl>
          <ExtendedData>
            <Data name="id"><value>645</value></Data>
            <Data name="Class"><value>Healthy</value></Data>
          </ExtendedData>
          <Point><coordinates>102.672216100,2.742315807,0</coordinates></Point>
        </Placemark>

        <Placemark>
          <name>646</name>
          <styleUrl>#style_Healthy</styleUrl>
          <ExtendedData>
            <Data name="id"><value>646</value></Data>
            <Data name="Class"><value>Healthy</value></Data>
          </ExtendedData>
          <Point><coordinates>102.672287100,2.742345036,0</coordinates></Point>
        </Placemark>

        <Placemark>
          <name>647</name>
          <styleUrl>#style_Healthy</styleUrl>
          <ExtendedData>
            <Data name="id"><value>647</value></Data>
            <Data name="Class"><value>Healthy</value></Data>
          </ExtendedData>
          <Point><coordinates>102.672268700,2.742425206,0</coordinates></Point>
        </Placemark>

        <Placemark>
          <name>648</name>
          <styleUrl>#style_Healthy</styleUrl>
          <ExtendedData>
            <Data name="id"><value>648</value></Data>
            <Data name="Class"><value>Healthy</value></Data>
          </ExtendedData>
          <Point><coordinates>102.672228600,2.742477818,0</coordinates></Point>
        </Placemark>

        <Placemark>
          <name>649</name>
          <styleUrl>#style_Healthy</styleUrl>
          <ExtendedData>
            <Data name="id"><value>649</value></Data>
            <Data name="Class"><value>Healthy</value></Data>
          </ExtendedData>
          <Point><coordinates>102.672180200,2.742433557,0</coordinates></Point>
        </Placemark>

        <Placemark>
          <name>650</name>
          <styleUrl>#style_Healthy</styleUrl>
          <ExtendedData>
            <Data name="id"><value>650</value></Data>
            <Data name="Class"><value>Healthy</value></Data>
          </ExtendedData>
          <Point><coordinates>102.672110000,2.742474478,0</coordinates></Point>
        </Placemark>

        <Placemark>
          <name>651</name>
          <styleUrl>#style_Healthy</styleUrl>
          <ExtendedData>
            <Data name="id"><value>651</value></Data>
            <Data name="Class"><value>Healthy</value></Data>
          </ExtendedData>
          <Point><coordinates>102.672057400,2.742526254,0</coordinates></Point>
        </Placemark>

        <Placemark>
          <name>652</name>
          <styleUrl>#style_Healthy</styleUrl>
          <ExtendedData>
            <Data name="id"><value>652</value></Data>
            <Data name="Class"><value>Healthy</value></Data>
          </ExtendedData>
          <Point><coordinates>102.672123400,2.742563834,0</coordinates></Point>
        </Placemark>

        <Placemark>
          <name>653</name>
          <styleUrl>#style_Healthy</styleUrl>
          <ExtendedData>
            <Data name="id"><value>653</value></Data>
            <Data name="Class"><value>Healthy</value></Data>
          </ExtendedData>
          <Point><coordinates>102.672171800,2.742516233,0</coordinates></Point>
        </Placemark>

        <Placemark>
          <name>655</name>
          <styleUrl>#style_Healthy</styleUrl>
          <ExtendedData>
            <Data name="id"><value>655</value></Data>
            <Data name="Class"><value>Healthy</value></Data>
          </ExtendedData>
          <Point><coordinates>102.672217700,2.742566339,0</coordinates></Point>
        </Placemark>

        <Placemark>
          <name>656</name>
          <styleUrl>#style_Healthy</styleUrl>
          <ExtendedData>
            <Data name="id"><value>656</value></Data>
            <Data name="Class"><value>Healthy</value></Data>
          </ExtendedData>
          <Point><coordinates>102.672259500,2.742628137,0</coordinates></Point>
        </Placemark>

        <Placemark>
          <name>657</name>
          <styleUrl>#style_Healthy</styleUrl>
          <ExtendedData>
            <Data name="id"><value>657</value></Data>
            <Data name="Class"><value>Healthy</value></Data>
          </ExtendedData>
          <Point><coordinates>102.672166000,2.742614775,0</coordinates></Point>
        </Placemark>

        <Placemark>
          <name>658</name>
          <styleUrl>#style_Healthy</styleUrl>
          <ExtendedData>
            <Data name="id"><value>658</value></Data>
            <Data name="Class"><value>Healthy</value></Data>
          </ExtendedData>
          <Point><coordinates>102.672296200,2.742695781,0</coordinates></Point>
        </Placemark>

        <Placemark>
          <name>659</name>
          <styleUrl>#style_Healthy</styleUrl>
          <ExtendedData>
            <Data name="id"><value>659</value></Data>
            <Data name="Class"><value>Healthy</value></Data>
          </ExtendedData>
          <Point><coordinates>102.672277000,2.742772611,0</coordinates></Point>
        </Placemark>

        <Placemark>
          <name>660</name>
          <styleUrl>#style_Healthy</styleUrl>
          <ExtendedData>
            <Data name="id"><value>660</value></Data>
            <Data name="Class"><value>Healthy</value></Data>
          </ExtendedData>
          <Point><coordinates>102.672236100,2.742801839,0</coordinates></Point>
        </Placemark>

        <Placemark>
          <name>661</name>
          <styleUrl>#style_Healthy</styleUrl>
          <ExtendedData>
            <Data name="id"><value>661</value></Data>
            <Data name="Class"><value>Healthy</value></Data>
          </ExtendedData>
          <Point><coordinates>102.672164300,2.742795158,0</coordinates></Point>
        </Placemark>

        <Placemark>
          <name>662</name>
          <styleUrl>#style_Healthy</styleUrl>
          <ExtendedData>
            <Data name="id"><value>662</value></Data>
            <Data name="Class"><value>Healthy</value></Data>
          </ExtendedData>
          <Point><coordinates>102.672287900,2.742865307,0</coordinates></Point>
        </Placemark>

        <Placemark>
          <name>663</name>
          <styleUrl>#style_Healthy</styleUrl>
          <ExtendedData>
            <Data name="id"><value>663</value></Data>
            <Data name="Class"><value>Healthy</value></Data>
          </ExtendedData>
          <Point><coordinates>102.672290400,2.742965520,0</coordinates></Point>
        </Placemark>

        <Placemark>
          <name>664</name>
          <styleUrl>#style_Healthy</styleUrl>
          <ExtendedData>
            <Data name="id"><value>664</value></Data>
            <Data name="Class"><value>Healthy</value></Data>
          </ExtendedData>
          <Point><coordinates>102.672242800,2.742915414,0</coordinates></Point>
        </Placemark>

        <Placemark>
          <name>665</name>
          <styleUrl>#style_Healthy</styleUrl>
          <ExtendedData>
            <Data name="id"><value>665</value></Data>
            <Data name="Class"><value>Healthy</value></Data>
          </ExtendedData>
          <Point><coordinates>102.672200200,2.742859462,0</coordinates></Point>
        </Placemark>

        <Placemark>
          <name>666</name>
          <styleUrl>#style_Healthy</styleUrl>
          <ExtendedData>
            <Data name="id"><value>666</value></Data>
            <Data name="Class"><value>Healthy</value></Data>
          </ExtendedData>
          <Point><coordinates>102.672114200,2.742853616,0</coordinates></Point>
        </Placemark>

        <Placemark>
          <name>667</name>
          <styleUrl>#style_Healthy</styleUrl>
          <ExtendedData>
            <Data name="id"><value>667</value></Data>
            <Data name="Class"><value>Healthy</value></Data>
          </ExtendedData>
          <Point><coordinates>102.672052400,2.742868648,0</coordinates></Point>
        </Placemark>

        <Placemark>
          <name>668</name>
          <styleUrl>#style_Healthy</styleUrl>
          <ExtendedData>
            <Data name="id"><value>668</value></Data>
            <Data name="Class"><value>Healthy</value></Data>
          </ExtendedData>
          <Point><coordinates>102.671957200,2.742904557,0</coordinates></Point>
        </Placemark>

        <Placemark>
          <name>669</name>
          <styleUrl>#style_Healthy</styleUrl>
          <ExtendedData>
            <Data name="id"><value>669</value></Data>
            <Data name="Class"><value>Healthy</value></Data>
          </ExtendedData>
          <Point><coordinates>102.671884500,2.742889525,0</coordinates></Point>
        </Placemark>

        <Placemark>
          <name>670</name>
          <styleUrl>#style_Healthy</styleUrl>
          <ExtendedData>
            <Data name="id"><value>670</value></Data>
            <Data name="Class"><value>Healthy</value></Data>
          </ExtendedData>
          <Point><coordinates>102.671743400,2.742829398,0</coordinates></Point>
        </Placemark>

        <Placemark>
          <name>672</name>
          <styleUrl>#style_Healthy</styleUrl>
          <ExtendedData>
            <Data name="id"><value>672</value></Data>
            <Data name="Class"><value>Healthy</value></Data>
          </ExtendedData>
          <Point><coordinates>102.671644000,2.742844430,0</coordinates></Point>
        </Placemark>

        <Placemark>
          <name>673</name>
          <styleUrl>#style_Healthy</styleUrl>
          <ExtendedData>
            <Data name="id"><value>673</value></Data>
            <Data name="Class"><value>Healthy</value></Data>
          </ExtendedData>
          <Point><coordinates>102.671669900,2.742925435,0</coordinates></Point>
        </Placemark>

        <Placemark>
          <name>677</name>
          <styleUrl>#style_Healthy</styleUrl>
          <ExtendedData>
            <Data name="id"><value>677</value></Data>
            <Data name="Class"><value>Healthy</value></Data>
          </ExtendedData>
          <Point><coordinates>102.671649900,2.743150079,0</coordinates></Point>
        </Placemark>

        <Placemark>
          <name>678</name>
          <styleUrl>#style_Healthy</styleUrl>
          <ExtendedData>
            <Data name="id"><value>678</value></Data>
            <Data name="Class"><value>Healthy</value></Data>
          </ExtendedData>
          <Point><coordinates>102.671716700,2.743099972,0</coordinates></Point>
        </Placemark>

        <Placemark>
          <name>679</name>
          <styleUrl>#style_Healthy</styleUrl>
          <ExtendedData>
            <Data name="id"><value>679</value></Data>
            <Data name="Class"><value>Healthy</value></Data>
          </ExtendedData>
          <Point><coordinates>102.671761800,2.743037339,0</coordinates></Point>
        </Placemark>

        <Placemark>
          <name>680</name>
          <styleUrl>#style_Healthy</styleUrl>
          <ExtendedData>
            <Data name="id"><value>680</value></Data>
            <Data name="Class"><value>Healthy</value></Data>
          </ExtendedData>
          <Point><coordinates>102.671733400,2.742968025,0</coordinates></Point>
        </Placemark>

        <Placemark>
          <name>682</name>
          <styleUrl>#style_Healthy</styleUrl>
          <ExtendedData>
            <Data name="id"><value>682</value></Data>
            <Data name="Class"><value>Healthy</value></Data>
          </ExtendedData>
          <Point><coordinates>102.671897900,2.742971366,0</coordinates></Point>
        </Placemark>

        <Placemark>
          <name>684</name>
          <styleUrl>#style_Healthy</styleUrl>
          <ExtendedData>
            <Data name="id"><value>684</value></Data>
            <Data name="Class"><value>Healthy</value></Data>
          </ExtendedData>
          <Point><coordinates>102.672014000,2.742937962,0</coordinates></Point>
        </Placemark>

        <Placemark>
          <name>685</name>
          <styleUrl>#style_Healthy</styleUrl>
          <ExtendedData>
            <Data name="id"><value>685</value></Data>
            <Data name="Class"><value>Healthy</value></Data>
          </ExtendedData>
          <Point><coordinates>102.672095000,2.742937126,0</coordinates></Point>
        </Placemark>

        <Placemark>
          <name>686</name>
          <styleUrl>#style_Healthy</styleUrl>
          <ExtendedData>
            <Data name="id"><value>686</value></Data>
            <Data name="Class"><value>Healthy</value></Data>
          </ExtendedData>
          <Point><coordinates>102.672153400,2.742915414,0</coordinates></Point>
        </Placemark>

        <Placemark>
          <name>687</name>
          <styleUrl>#style_Healthy</styleUrl>
          <ExtendedData>
            <Data name="id"><value>687</value></Data>
            <Data name="Class"><value>Healthy</value></Data>
          </ExtendedData>
          <Point><coordinates>102.672204400,2.742976376,0</coordinates></Point>
        </Placemark>

        <Placemark>
          <name>688</name>
          <styleUrl>#style_Healthy</styleUrl>
          <ExtendedData>
            <Data name="id"><value>688</value></Data>
            <Data name="Class"><value>Healthy</value></Data>
          </ExtendedData>
          <Point><coordinates>102.672258700,2.743024813,0</coordinates></Point>
        </Placemark>

        <Placemark>
          <name>689</name>
          <styleUrl>#style_Healthy</styleUrl>
          <ExtendedData>
            <Data name="id"><value>689</value></Data>
            <Data name="Class"><value>Healthy</value></Data>
          </ExtendedData>
          <Point><coordinates>102.672244500,2.743102478,0</coordinates></Point>
        </Placemark>

        <Placemark>
          <name>691</name>
          <styleUrl>#style_Healthy</styleUrl>
          <ExtendedData>
            <Data name="id"><value>691</value></Data>
            <Data name="Class"><value>Healthy</value></Data>
          </ExtendedData>
          <Point><coordinates>102.672208600,2.743144233,0</coordinates></Point>
        </Placemark>

        <Placemark>
          <name>692</name>
          <styleUrl>#style_Healthy</styleUrl>
          <ExtendedData>
            <Data name="id"><value>692</value></Data>
            <Data name="Class"><value>Healthy</value></Data>
          </ExtendedData>
          <Point><coordinates>102.672166000,2.743106653,0</coordinates></Point>
        </Placemark>

        <Placemark>
          <name>693</name>
          <styleUrl>#style_Healthy</styleUrl>
          <ExtendedData>
            <Data name="id"><value>693</value></Data>
            <Data name="Class"><value>Healthy</value></Data>
          </ExtendedData>
          <Point><coordinates>102.672192700,2.743047361,0</coordinates></Point>
        </Placemark>

        <Placemark>
          <name>694</name>
          <styleUrl>#style_Healthy</styleUrl>
          <ExtendedData>
            <Data name="id"><value>694</value></Data>
            <Data name="Class"><value>Healthy</value></Data>
          </ExtendedData>
          <Point><coordinates>102.672148400,2.742992243,0</coordinates></Point>
        </Placemark>

        <Placemark>
          <name>695</name>
          <styleUrl>#style_Healthy</styleUrl>
          <ExtendedData>
            <Data name="id"><value>695</value></Data>
            <Data name="Class"><value>Healthy</value></Data>
          </ExtendedData>
          <Point><coordinates>102.672103300,2.743058217,0</coordinates></Point>
        </Placemark>

        <Placemark>
          <name>697</name>
          <styleUrl>#style_Healthy</styleUrl>
          <ExtendedData>
            <Data name="id"><value>697</value></Data>
            <Data name="Class"><value>Healthy</value></Data>
          </ExtendedData>
          <Point><coordinates>102.671938800,2.743048196,0</coordinates></Point>
        </Placemark>

        <Placemark>
          <name>699</name>
          <styleUrl>#style_Healthy</styleUrl>
          <ExtendedData>
            <Data name="id"><value>699</value></Data>
            <Data name="Class"><value>Healthy</value></Data>
          </ExtendedData>
          <Point><coordinates>102.672080800,2.743131706,0</coordinates></Point>
        </Placemark>

        <Placemark>
          <name>700</name>
          <styleUrl>#style_Healthy</styleUrl>
          <ExtendedData>
            <Data name="id"><value>700</value></Data>
            <Data name="Class"><value>Healthy</value></Data>
          </ExtendedData>
          <Point><coordinates>102.672130100,2.743188493,0</coordinates></Point>
        </Placemark>

        <Placemark>
          <name>701</name>
          <styleUrl>#style_Healthy</styleUrl>
          <ExtendedData>
            <Data name="id"><value>701</value></Data>
            <Data name="Class"><value>Healthy</value></Data>
          </ExtendedData>
          <Point><coordinates>102.672029000,2.743155924,0</coordinates></Point>
        </Placemark>

        <Placemark>
          <name>702</name>
          <styleUrl>#style_Healthy</styleUrl>
          <ExtendedData>
            <Data name="id"><value>702</value></Data>
            <Data name="Class"><value>Healthy</value></Data>
          </ExtendedData>
          <Point><coordinates>102.671948000,2.743134212,0</coordinates></Point>
        </Placemark>

        <Placemark>
          <name>703</name>
          <styleUrl>#style_Healthy</styleUrl>
          <ExtendedData>
            <Data name="id"><value>703</value></Data>
            <Data name="Class"><value>Healthy</value></Data>
          </ExtendedData>
          <Point><coordinates>102.671894600,2.743090786,0</coordinates></Point>
        </Placemark>

        <Placemark>
          <name>704</name>
          <styleUrl>#style_Healthy</styleUrl>
          <ExtendedData>
            <Data name="id"><value>704</value></Data>
            <Data name="Class"><value>Healthy</value></Data>
          </ExtendedData>
          <Point><coordinates>102.671826900,2.743059052,0</coordinates></Point>
        </Placemark>

        <Placemark>
          <name>705</name>
          <styleUrl>#style_Healthy</styleUrl>
          <ExtendedData>
            <Data name="id"><value>705</value></Data>
            <Data name="Class"><value>Healthy</value></Data>
          </ExtendedData>
          <Point><coordinates>102.671780200,2.743131706,0</coordinates></Point>
        </Placemark>

        <Placemark>
          <name>707</name>
          <styleUrl>#style_Healthy</styleUrl>
          <ExtendedData>
            <Data name="id"><value>707</value></Data>
            <Data name="Class"><value>Healthy</value></Data>
          </ExtendedData>
          <Point><coordinates>102.672211100,2.743234424,0</coordinates></Point>
        </Placemark>

        <Placemark>
          <name>708</name>
          <styleUrl>#style_Healthy</styleUrl>
          <ExtendedData>
            <Data name="id"><value>708</value></Data>
            <Data name="Class"><value>Healthy</value></Data>
          </ExtendedData>
          <Point><coordinates>102.672237000,2.743310419,0</coordinates></Point>
        </Placemark>

        <Placemark>
          <name>709</name>
          <styleUrl>#style_Healthy</styleUrl>
          <ExtendedData>
            <Data name="id"><value>709</value></Data>
            <Data name="Class"><value>Healthy</value></Data>
          </ExtendedData>
          <Point><coordinates>102.672158500,2.743259477,0</coordinates></Point>
        </Placemark>

        <Placemark>
          <name>710</name>
          <styleUrl>#style_Healthy</styleUrl>
          <ExtendedData>
            <Data name="id"><value>710</value></Data>
            <Data name="Class"><value>Healthy</value></Data>
          </ExtendedData>
          <Point><coordinates>102.672161800,2.743327956,0</coordinates></Point>
        </Placemark>

        <Placemark>
          <name>713</name>
          <styleUrl>#style_Healthy</styleUrl>
          <ExtendedData>
            <Data name="id"><value>713</value></Data>
            <Data name="Class"><value>Healthy</value></Data>
          </ExtendedData>
          <Point><coordinates>102.672094200,2.743367206,0</coordinates></Point>
        </Placemark>

        <Placemark>
          <name>714</name>
          <styleUrl>#style_Healthy</styleUrl>
          <ExtendedData>
            <Data name="id"><value>714</value></Data>
            <Data name="Class"><value>Healthy</value></Data>
          </ExtendedData>
          <Point><coordinates>102.672093300,2.743292047,0</coordinates></Point>
        </Placemark>

        <Placemark>
          <name>715</name>
          <styleUrl>#style_Healthy</styleUrl>
          <ExtendedData>
            <Data name="id"><value>715</value></Data>
            <Data name="Class"><value>Healthy</value></Data>
          </ExtendedData>
          <Point><coordinates>102.672068300,2.743219392,0</coordinates></Point>
        </Placemark>

        <Placemark>
          <name>716</name>
          <styleUrl>#style_Healthy</styleUrl>
          <ExtendedData>
            <Data name="id"><value>716</value></Data>
            <Data name="Class"><value>Healthy</value></Data>
          </ExtendedData>
          <Point><coordinates>102.671982200,2.743206031,0</coordinates></Point>
        </Placemark>

        <Placemark>
          <name>717</name>
          <styleUrl>#style_Healthy</styleUrl>
          <ExtendedData>
            <Data name="id"><value>717</value></Data>
            <Data name="Class"><value>Healthy</value></Data>
          </ExtendedData>
          <Point><coordinates>102.672020700,2.743271169,0</coordinates></Point>
        </Placemark>

        <Placemark>
          <name>718</name>
          <styleUrl>#style_Healthy</styleUrl>
          <ExtendedData>
            <Data name="id"><value>718</value></Data>
            <Data name="Class"><value>Healthy</value></Data>
          </ExtendedData>
          <Point><coordinates>102.672024800,2.743346329,0</coordinates></Point>
        </Placemark>

        <Placemark>
          <name>719</name>
          <styleUrl>#style_Healthy</styleUrl>
          <ExtendedData>
            <Data name="id"><value>719</value></Data>
            <Data name="Class"><value>Healthy</value></Data>
          </ExtendedData>
          <Point><coordinates>102.671990600,2.743407291,0</coordinates></Point>
        </Placemark>

        <Placemark>
          <name>722</name>
          <styleUrl>#style_Healthy</styleUrl>
          <ExtendedData>
            <Data name="id"><value>722</value></Data>
            <Data name="Class"><value>Healthy</value></Data>
          </ExtendedData>
          <Point><coordinates>102.671811900,2.743417313,0</coordinates></Point>
        </Placemark>

        <Placemark>
          <name>728</name>
          <styleUrl>#style_Healthy</styleUrl>
          <ExtendedData>
            <Data name="id"><value>728</value></Data>
            <Data name="Class"><value>Healthy</value></Data>
          </ExtendedData>
          <Point><coordinates>102.671888700,2.743228579,0</coordinates></Point>
        </Placemark>

        <Placemark>
          <name>729</name>
          <styleUrl>#style_Healthy</styleUrl>
          <ExtendedData>
            <Data name="id"><value>729</value></Data>
            <Data name="Class"><value>Healthy</value></Data>
          </ExtendedData>
          <Point><coordinates>102.671924600,2.743282025,0</coordinates></Point>
        </Placemark>

        <Placemark>
          <name>730</name>
          <styleUrl>#style_Healthy</styleUrl>
          <ExtendedData>
            <Data name="id"><value>730</value></Data>
            <Data name="Class"><value>Healthy</value></Data>
          </ExtendedData>
          <Point><coordinates>102.671937200,2.743359690,0</coordinates></Point>
        </Placemark>

        <Placemark>
          <name>732</name>
          <styleUrl>#style_Healthy</styleUrl>
          <ExtendedData>
            <Data name="id"><value>732</value></Data>
            <Data name="Class"><value>Healthy</value></Data>
          </ExtendedData>
          <Point><coordinates>102.671752600,2.743569302,0</coordinates></Point>
        </Placemark>

        <Placemark>
          <name>735</name>
          <styleUrl>#style_Healthy</styleUrl>
          <ExtendedData>
            <Data name="id"><value>735</value></Data>
            <Data name="Class"><value>Healthy</value></Data>
          </ExtendedData>
          <Point><coordinates>102.671631500,2.743473265,0</coordinates></Point>
        </Placemark>

        <Placemark>
          <name>738</name>
          <styleUrl>#style_Healthy</styleUrl>
          <ExtendedData>
            <Data name="id"><value>738</value></Data>
            <Data name="Class"><value>Healthy</value></Data>
          </ExtendedData>
          <Point><coordinates>102.671697500,2.743429839,0</coordinates></Point>
        </Placemark>

        <Placemark>
          <name>739</name>
          <styleUrl>#style_Healthy</styleUrl>
          <ExtendedData>
            <Data name="id"><value>739</value></Data>
            <Data name="Class"><value>Healthy</value></Data>
          </ExtendedData>
          <Point><coordinates>102.671761800,2.743466584,0</coordinates></Point>
        </Placemark>

        <Placemark>
          <name>740</name>
          <styleUrl>#style_Healthy</styleUrl>
          <ExtendedData>
            <Data name="id"><value>740</value></Data>
            <Data name="Class"><value>Healthy</value></Data>
          </ExtendedData>
          <Point><coordinates>102.671701700,2.743508339,0</coordinates></Point>
        </Placemark>

        <Placemark>
          <name>741</name>
          <styleUrl>#style_Healthy</styleUrl>
          <ExtendedData>
            <Data name="id"><value>741</value></Data>
            <Data name="Class"><value>Healthy</value></Data>
          </ExtendedData>
          <Point><coordinates>102.672176800,2.743499988,0</coordinates></Point>
        </Placemark>

        <Placemark>
          <name>742</name>
          <styleUrl>#style_Healthy</styleUrl>
          <ExtendedData>
            <Data name="id"><value>742</value></Data>
            <Data name="Class"><value>Healthy</value></Data>
          </ExtendedData>
          <Point><coordinates>102.672201900,2.743564291,0</coordinates></Point>
        </Placemark>

        <Placemark>
          <name>743</name>
          <styleUrl>#style_Healthy</styleUrl>
          <ExtendedData>
            <Data name="id"><value>743</value></Data>
            <Data name="Class"><value>Healthy</value></Data>
          </ExtendedData>
          <Point><coordinates>102.672206900,2.743619408,0</coordinates></Point>
        </Placemark>

        <Placemark>
          <name>744</name>
          <styleUrl>#style_Healthy</styleUrl>
          <ExtendedData>
            <Data name="id"><value>744</value></Data>
            <Data name="Class"><value>Healthy</value></Data>
          </ExtendedData>
          <Point><coordinates>102.672160100,2.743680371,0</coordinates></Point>
        </Placemark>

        <Placemark>
          <name>745</name>
          <styleUrl>#style_Healthy</styleUrl>
          <ExtendedData>
            <Data name="id"><value>745</value></Data>
            <Data name="Class"><value>Healthy</value></Data>
          </ExtendedData>
          <Point><coordinates>102.672130100,2.743626924,0</coordinates></Point>
        </Placemark>

        <Placemark>
          <name>746</name>
          <styleUrl>#style_Healthy</styleUrl>
          <ExtendedData>
            <Data name="id"><value>746</value></Data>
            <Data name="Class"><value>Healthy</value></Data>
          </ExtendedData>
          <Point><coordinates>102.672133400,2.743560951,0</coordinates></Point>
        </Placemark>

        <Placemark>
          <name>747</name>
          <styleUrl>#style_Healthy</styleUrl>
          <ExtendedData>
            <Data name="id"><value>747</value></Data>
            <Data name="Class"><value>Healthy</value></Data>
          </ExtendedData>
          <Point><coordinates>102.672094200,2.743496648,0</coordinates></Point>
        </Placemark>

        <Placemark>
          <name>749</name>
          <styleUrl>#style_Healthy</styleUrl>
          <ExtendedData>
            <Data name="id"><value>749</value></Data>
            <Data name="Class"><value>Healthy</value></Data>
          </ExtendedData>
          <Point><coordinates>102.671980600,2.743554270,0</coordinates></Point>
        </Placemark>

        <Placemark>
          <name>751</name>
          <styleUrl>#style_Healthy</styleUrl>
          <ExtendedData>
            <Data name="id"><value>751</value></Data>
            <Data name="Class"><value>Healthy</value></Data>
          </ExtendedData>
          <Point><coordinates>102.671917100,2.743681206,0</coordinates></Point>
        </Placemark>

        <Placemark>
          <name>752</name>
          <styleUrl>#style_Healthy</styleUrl>
          <ExtendedData>
            <Data name="id"><value>752</value></Data>
            <Data name="Class"><value>Healthy</value></Data>
          </ExtendedData>
          <Point><coordinates>102.671999800,2.743680371,0</coordinates></Point>
        </Placemark>

        <Placemark>
          <name>753</name>
          <styleUrl>#style_Healthy</styleUrl>
          <ExtendedData>
            <Data name="id"><value>753</value></Data>
            <Data name="Class"><value>Healthy</value></Data>
          </ExtendedData>
          <Point><coordinates>102.672089100,2.743710435,0</coordinates></Point>
        </Placemark>

        <Placemark>
          <name>754</name>
          <styleUrl>#style_Healthy</styleUrl>
          <ExtendedData>
            <Data name="id"><value>754</value></Data>
            <Data name="Class"><value>Healthy</value></Data>
          </ExtendedData>
          <Point><coordinates>102.672059100,2.743637781,0</coordinates></Point>
        </Placemark>

        <Placemark>
          <name>755</name>
          <styleUrl>#style_Healthy</styleUrl>
          <ExtendedData>
            <Data name="id"><value>755</value></Data>
            <Data name="Class"><value>Healthy</value></Data>
          </ExtendedData>
          <Point><coordinates>102.671973900,2.743757201,0</coordinates></Point>
        </Placemark>

        <Placemark>
          <name>756</name>
          <styleUrl>#style_Healthy</styleUrl>
          <ExtendedData>
            <Data name="id"><value>756</value></Data>
            <Data name="Class"><value>Healthy</value></Data>
          </ExtendedData>
          <Point><coordinates>102.671911300,2.743758036,0</coordinates></Point>
        </Placemark>

        <Placemark>
          <name>757</name>
          <styleUrl>#style_Healthy</styleUrl>
          <ExtendedData>
            <Data name="id"><value>757</value></Data>
            <Data name="Class"><value>Healthy</value></Data>
          </ExtendedData>
          <Point><coordinates>102.671811100,2.743709600,0</coordinates></Point>
        </Placemark>

        <Placemark>
          <name>760</name>
          <styleUrl>#style_Healthy</styleUrl>
          <ExtendedData>
            <Data name="id"><value>760</value></Data>
            <Data name="Class"><value>Healthy</value></Data>
          </ExtendedData>
          <Point><coordinates>102.671588900,2.743681206,0</coordinates></Point>
        </Placemark>

        <Placemark>
          <name>761</name>
          <styleUrl>#style_Healthy</styleUrl>
          <ExtendedData>
            <Data name="id"><value>761</value></Data>
            <Data name="Class"><value>Healthy</value></Data>
          </ExtendedData>
          <Point><coordinates>102.672216100,2.743751355,0</coordinates></Point>
        </Placemark>

        <Placemark>
          <name>762</name>
          <styleUrl>#style_Healthy</styleUrl>
          <ExtendedData>
            <Data name="id"><value>762</value></Data>
            <Data name="Class"><value>Healthy</value></Data>
          </ExtendedData>
          <Point><coordinates>102.672231100,2.743830690,0</coordinates></Point>
        </Placemark>

        <Placemark>
          <name>763</name>
          <styleUrl>#style_Healthy</styleUrl>
          <ExtendedData>
            <Data name="id"><value>763</value></Data>
            <Data name="Class"><value>Healthy</value></Data>
          </ExtendedData>
          <Point><coordinates>102.672139200,2.743786430,0</coordinates></Point>
        </Placemark>

        <Placemark>
          <name>764</name>
          <styleUrl>#style_Healthy</styleUrl>
          <ExtendedData>
            <Data name="id"><value>764</value></Data>
            <Data name="Class"><value>Healthy</value></Data>
          </ExtendedData>
          <Point><coordinates>102.672087500,2.743840711,0</coordinates></Point>
        </Placemark>

        <Placemark>
          <name>765</name>
          <styleUrl>#style_Healthy</styleUrl>
          <ExtendedData>
            <Data name="id"><value>765</value></Data>
            <Data name="Class"><value>Healthy</value></Data>
          </ExtendedData>
          <Point><coordinates>102.672040700,2.743773903,0</coordinates></Point>
        </Placemark>

        <Placemark>
          <name>771</name>
          <styleUrl>#style_Healthy</styleUrl>
          <ExtendedData>
            <Data name="id"><value>771</value></Data>
            <Data name="Class"><value>Healthy</value></Data>
          </ExtendedData>
          <Point><coordinates>102.672052400,2.743902509,0</coordinates></Point>
        </Placemark>

        <Placemark>
          <name>772</name>
          <styleUrl>#style_Healthy</styleUrl>
          <ExtendedData>
            <Data name="id"><value>772</value></Data>
            <Data name="Class"><value>Healthy</value></Data>
          </ExtendedData>
          <Point><coordinates>102.672157600,2.743866600,0</coordinates></Point>
        </Placemark>

        <Placemark>
          <name>773</name>
          <styleUrl>#style_Healthy</styleUrl>
          <ExtendedData>
            <Data name="id"><value>773</value></Data>
            <Data name="Class"><value>Healthy</value></Data>
          </ExtendedData>
          <Point><coordinates>102.672220300,2.743915036,0</coordinates></Point>
        </Placemark>

        <Placemark>
          <name>777</name>
          <styleUrl>#style_Healthy</styleUrl>
          <ExtendedData>
            <Data name="id"><value>777</value></Data>
            <Data name="Class"><value>Healthy</value></Data>
          </ExtendedData>
          <Point><coordinates>102.672060700,2.744072036,0</coordinates></Point>
        </Placemark>

        <Placemark>
          <name>781</name>
          <styleUrl>#style_Healthy</styleUrl>
          <ExtendedData>
            <Data name="id"><value>781</value></Data>
            <Data name="Class"><value>Healthy</value></Data>
          </ExtendedData>
          <Point><coordinates>102.672223600,2.744184775,0</coordinates></Point>
        </Placemark>

        <Placemark>
          <name>782</name>
          <styleUrl>#style_Healthy</styleUrl>
          <ExtendedData>
            <Data name="id"><value>782</value></Data>
            <Data name="Class"><value>Healthy</value></Data>
          </ExtendedData>
          <Point><coordinates>102.672181800,2.744236552,0</coordinates></Point>
        </Placemark>

        <Placemark>
          <name>783</name>
          <styleUrl>#style_Healthy</styleUrl>
          <ExtendedData>
            <Data name="id"><value>783</value></Data>
            <Data name="Class"><value>Healthy</value></Data>
          </ExtendedData>
          <Point><coordinates>102.672130100,2.744274132,0</coordinates></Point>
        </Placemark>

        <Placemark>
          <name>785</name>
          <styleUrl>#style_Healthy</styleUrl>
          <ExtendedData>
            <Data name="id"><value>785</value></Data>
            <Data name="Class"><value>Healthy</value></Data>
          </ExtendedData>
          <Point><coordinates>102.671850300,2.743758871,0</coordinates></Point>
        </Placemark>

        <Placemark>
          <name>788</name>
          <styleUrl>#style_Healthy</styleUrl>
          <ExtendedData>
            <Data name="id"><value>788</value></Data>
            <Data name="Class"><value>Healthy</value></Data>
          </ExtendedData>
          <Point><coordinates>102.671856100,2.743839041,0</coordinates></Point>
        </Placemark>

        <Placemark>
          <name>789</name>
          <styleUrl>#style_Healthy</styleUrl>
          <ExtendedData>
            <Data name="id"><value>789</value></Data>
            <Data name="Class"><value>Healthy</value></Data>
          </ExtendedData>
          <Point><coordinates>102.671890400,2.743872445,0</coordinates></Point>
        </Placemark>

        <Placemark>
          <name>790</name>
          <styleUrl>#style_Healthy</styleUrl>
          <ExtendedData>
            <Data name="id"><value>790</value></Data>
            <Data name="Class"><value>Healthy</value></Data>
          </ExtendedData>
          <Point><coordinates>102.671913800,2.743932573,0</coordinates></Point>
        </Placemark>

        <Placemark>
          <name>792</name>
          <styleUrl>#style_Healthy</styleUrl>
          <ExtendedData>
            <Data name="id"><value>792</value></Data>
            <Data name="Class"><value>Healthy</value></Data>
          </ExtendedData>
          <Point><coordinates>102.671913800,2.744069531,0</coordinates></Point>
        </Placemark>

        <Placemark>
          <name>796</name>
          <styleUrl>#style_Healthy</styleUrl>
          <ExtendedData>
            <Data name="id"><value>796</value></Data>
            <Data name="Class"><value>Healthy</value></Data>
          </ExtendedData>
          <Point><coordinates>102.671676600,2.743872445,0</coordinates></Point>
        </Placemark>

        <Placemark>
          <name>797</name>
          <styleUrl>#style_Healthy</styleUrl>
          <ExtendedData>
            <Data name="id"><value>797</value></Data>
            <Data name="Class"><value>Healthy</value></Data>
          </ExtendedData>
          <Point><coordinates>102.671624800,2.743788100,0</coordinates></Point>
        </Placemark>

        <Placemark>
          <name>798</name>
          <styleUrl>#style_Healthy</styleUrl>
          <ExtendedData>
            <Data name="id"><value>798</value></Data>
            <Data name="Class"><value>Healthy</value></Data>
          </ExtendedData>
          <Point><coordinates>102.671564700,2.743741334,0</coordinates></Point>
        </Placemark>

        <Placemark>
          <name>799</name>
          <styleUrl>#style_Healthy</styleUrl>
          <ExtendedData>
            <Data name="id"><value>799</value></Data>
            <Data name="Class"><value>Healthy</value></Data>
          </ExtendedData>
          <Point><coordinates>102.671538800,2.743811483,0</coordinates></Point>
        </Placemark>

        <Placemark>
          <name>800</name>
          <styleUrl>#style_Healthy</styleUrl>
          <ExtendedData>
            <Data name="id"><value>800</value></Data>
            <Data name="Class"><value>Healthy</value></Data>
          </ExtendedData>
          <Point><coordinates>102.671593900,2.743864930,0</coordinates></Point>
        </Placemark>

        <Placemark>
          <name>801</name>
          <styleUrl>#style_Healthy</styleUrl>
          <ExtendedData>
            <Data name="id"><value>801</value></Data>
            <Data name="Class"><value>Healthy</value></Data>
          </ExtendedData>
          <Point><coordinates>102.671560500,2.743935914,0</coordinates></Point>
        </Placemark>

        <Placemark>
          <name>805</name>
          <styleUrl>#style_Healthy</styleUrl>
          <ExtendedData>
            <Data name="id"><value>805</value></Data>
            <Data name="Class"><value>Healthy</value></Data>
          </ExtendedData>
          <Point><coordinates>102.671643200,2.743938419,0</coordinates></Point>
        </Placemark>

        <Placemark>
          <name>806</name>
          <styleUrl>#style_Healthy</styleUrl>
          <ExtendedData>
            <Data name="id"><value>806</value></Data>
            <Data name="Class"><value>Healthy</value></Data>
          </ExtendedData>
          <Point><coordinates>102.671698300,2.744008568,0</coordinates></Point>
        </Placemark>

        <Placemark>
          <name>807</name>
          <styleUrl>#style_Healthy</styleUrl>
          <ExtendedData>
            <Data name="id"><value>807</value></Data>
            <Data name="Class"><value>Healthy</value></Data>
          </ExtendedData>
          <Point><coordinates>102.671800200,2.743983515,0</coordinates></Point>
        </Placemark>

        <Placemark>
          <name>810</name>
          <styleUrl>#style_Healthy</styleUrl>
          <ExtendedData>
            <Data name="id"><value>810</value></Data>
            <Data name="Class"><value>Healthy</value></Data>
          </ExtendedData>
          <Point><coordinates>102.671880400,2.744134669,0</coordinates></Point>
        </Placemark>

        <Placemark>
          <name>812</name>
          <styleUrl>#style_Healthy</styleUrl>
          <ExtendedData>
            <Data name="id"><value>812</value></Data>
            <Data name="Class"><value>Healthy</value></Data>
          </ExtendedData>
          <Point><coordinates>102.671735900,2.744117132,0</coordinates></Point>
        </Placemark>

        <Placemark>
          <name>814</name>
          <styleUrl>#style_Healthy</styleUrl>
          <ExtendedData>
            <Data name="id"><value>814</value></Data>
            <Data name="Class"><value>Healthy</value></Data>
          </ExtendedData>
          <Point><coordinates>102.671624000,2.744144690,0</coordinates></Point>
        </Placemark>

        <Placemark>
          <name>815</name>
          <styleUrl>#style_Healthy</styleUrl>
          <ExtendedData>
            <Data name="id"><value>815</value></Data>
            <Data name="Class"><value>Healthy</value></Data>
          </ExtendedData>
          <Point><coordinates>102.671565500,2.744197302,0</coordinates></Point>
        </Placemark>

        <Placemark>
          <name>816</name>
          <styleUrl>#style_Healthy</styleUrl>
          <ExtendedData>
            <Data name="id"><value>816</value></Data>
            <Data name="Class"><value>Healthy</value></Data>
          </ExtendedData>
          <Point><coordinates>102.671629800,2.744234882,0</coordinates></Point>
        </Placemark>

        <Placemark>
          <name>817</name>
          <styleUrl>#style_Healthy</styleUrl>
          <ExtendedData>
            <Data name="id"><value>817</value></Data>
            <Data name="Class"><value>Healthy</value></Data>
          </ExtendedData>
          <Point><coordinates>102.671689100,2.744182270,0</coordinates></Point>
        </Placemark>

        <Placemark>
          <name>818</name>
          <styleUrl>#style_Healthy</styleUrl>
          <ExtendedData>
            <Data name="id"><value>818</value></Data>
            <Data name="Class"><value>Healthy</value></Data>
          </ExtendedData>
          <Point><coordinates>102.671696600,2.744261605,0</coordinates></Point>
        </Placemark>

        <Placemark>
          <name>819</name>
          <styleUrl>#style_Healthy</styleUrl>
          <ExtendedData>
            <Data name="id"><value>819</value></Data>
            <Data name="Class"><value>Healthy</value></Data>
          </ExtendedData>
          <Point><coordinates>102.671755100,2.744211499,0</coordinates></Point>
        </Placemark>

        <Placemark>
          <name>820</name>
          <styleUrl>#style_Healthy</styleUrl>
          <ExtendedData>
            <Data name="id"><value>820</value></Data>
            <Data name="Class"><value>Healthy</value></Data>
          </ExtendedData>
          <Point><coordinates>102.671846100,2.744208993,0</coordinates></Point>
        </Placemark>

        <Placemark>
          <name>821</name>
          <styleUrl>#style_Healthy</styleUrl>
          <ExtendedData>
            <Data name="id"><value>821</value></Data>
            <Data name="Class"><value>Healthy</value></Data>
          </ExtendedData>
          <Point><coordinates>102.671932100,2.744206488,0</coordinates></Point>
        </Placemark>

        <Placemark>
          <name>822</name>
          <styleUrl>#style_Healthy</styleUrl>
          <ExtendedData>
            <Data name="id"><value>822</value></Data>
            <Data name="Class"><value>Healthy</value></Data>
          </ExtendedData>
          <Point><coordinates>102.671968100,2.744132999,0</coordinates></Point>
        </Placemark>

        <Placemark>
          <name>823</name>
          <styleUrl>#style_Healthy</styleUrl>
          <ExtendedData>
            <Data name="id"><value>823</value></Data>
            <Data name="Class"><value>Healthy</value></Data>
          </ExtendedData>
          <Point><coordinates>102.672011500,2.744183940,0</coordinates></Point>
        </Placemark>

        <Placemark>
          <name>826</name>
          <styleUrl>#style_Healthy</styleUrl>
          <ExtendedData>
            <Data name="id"><value>826</value></Data>
            <Data name="Class"><value>Healthy</value></Data>
          </ExtendedData>
          <Point><coordinates>102.671793500,2.744259935,0</coordinates></Point>
        </Placemark>

        <Placemark>
          <name>827</name>
          <styleUrl>#style_Healthy</styleUrl>
          <ExtendedData>
            <Data name="id"><value>827</value></Data>
            <Data name="Class"><value>Healthy</value></Data>
          </ExtendedData>
          <Point><coordinates>102.671477800,2.744155546,0</coordinates></Point>
        </Placemark>

        <Placemark>
          <name>828</name>
          <styleUrl>#style_Healthy</styleUrl>
          <ExtendedData>
            <Data name="id"><value>828</value></Data>
            <Data name="Class"><value>Healthy</value></Data>
          </ExtendedData>
          <Point><coordinates>102.671443600,2.744210663,0</coordinates></Point>
        </Placemark>

        <Placemark>
          <name>829</name>
          <styleUrl>#style_Healthy</styleUrl>
          <ExtendedData>
            <Data name="id"><value>829</value></Data>
            <Data name="Class"><value>Healthy</value></Data>
          </ExtendedData>
          <Point><coordinates>102.671509600,2.744253254,0</coordinates></Point>
        </Placemark>

        <Placemark>
          <name>830</name>
          <styleUrl>#style_Healthy</styleUrl>
          <ExtendedData>
            <Data name="id"><value>830</value></Data>
            <Data name="Class"><value>Healthy</value></Data>
          </ExtendedData>
          <Point><coordinates>102.671569700,2.744277472,0</coordinates></Point>
        </Placemark>

        <Placemark>
          <name>833</name>
          <styleUrl>#style_Healthy</styleUrl>
          <ExtendedData>
            <Data name="id"><value>833</value></Data>
            <Data name="Class"><value>Healthy</value></Data>
          </ExtendedData>
          <Point><coordinates>102.671512100,2.744331754,0</coordinates></Point>
        </Placemark>

        <Placemark>
          <name>834</name>
          <styleUrl>#style_Healthy</styleUrl>
          <ExtendedData>
            <Data name="id"><value>834</value></Data>
            <Data name="Class"><value>Healthy</value></Data>
          </ExtendedData>
          <Point><coordinates>102.671456100,2.744313382,0</coordinates></Point>
        </Placemark>

        <Placemark>
          <name>837</name>
          <styleUrl>#style_Healthy</styleUrl>
          <ExtendedData>
            <Data name="id"><value>837</value></Data>
            <Data name="Class"><value>Healthy</value></Data>
          </ExtendedData>
          <Point><coordinates>102.671373500,2.744177259,0</coordinates></Point>
        </Placemark>

        <Placemark>
          <name>838</name>
          <styleUrl>#style_Healthy</styleUrl>
          <ExtendedData>
            <Data name="id"><value>838</value></Data>
            <Data name="Class"><value>Healthy</value></Data>
          </ExtendedData>
          <Point><coordinates>102.671439400,2.744102935,0</coordinates></Point>
        </Placemark>

        <Placemark>
          <name>839</name>
          <styleUrl>#style_Healthy</styleUrl>
          <ExtendedData>
            <Data name="id"><value>839</value></Data>
            <Data name="Class"><value>Healthy</value></Data>
          </ExtendedData>
          <Point><coordinates>102.671361800,2.744107945,0</coordinates></Point>
        </Placemark>

        <Placemark>
          <name>842</name>
          <styleUrl>#style_Healthy</styleUrl>
          <ExtendedData>
            <Data name="id"><value>842</value></Data>
            <Data name="Class"><value>Healthy</value></Data>
          </ExtendedData>
          <Point><coordinates>102.671451100,2.744462030,0</coordinates></Point>
        </Placemark>

        <Placemark>
          <name>847</name>
          <styleUrl>#style_Healthy</styleUrl>
          <ExtendedData>
            <Data name="id"><value>847</value></Data>
            <Data name="Class"><value>Healthy</value></Data>
          </ExtendedData>
          <Point><coordinates>102.671678300,2.744355972,0</coordinates></Point>
        </Placemark>

        <Placemark>
          <name>848</name>
          <styleUrl>#style_Healthy</styleUrl>
          <ExtendedData>
            <Data name="id"><value>848</value></Data>
            <Data name="Class"><value>Healthy</value></Data>
          </ExtendedData>
          <Point><coordinates>102.671728400,2.744306701,0</coordinates></Point>
        </Placemark>

        <Placemark>
          <name>849</name>
          <styleUrl>#style_Healthy</styleUrl>
          <ExtendedData>
            <Data name="id"><value>849</value></Data>
            <Data name="Class"><value>Healthy</value></Data>
          </ExtendedData>
          <Point><coordinates>102.671844500,2.744321733,0</coordinates></Point>
        </Placemark>

        <Placemark>
          <name>854</name>
          <styleUrl>#style_Healthy</styleUrl>
          <ExtendedData>
            <Data name="id"><value>854</value></Data>
            <Data name="Class"><value>Healthy</value></Data>
          </ExtendedData>
          <Point><coordinates>102.672054100,2.744460360,0</coordinates></Point>
        </Placemark>

        <Placemark>
          <name>855</name>
          <styleUrl>#style_Healthy</styleUrl>
          <ExtendedData>
            <Data name="id"><value>855</value></Data>
            <Data name="Class"><value>Healthy</value></Data>
          </ExtendedData>
          <Point><coordinates>102.672127600,2.744441153,0</coordinates></Point>
        </Placemark>

        <Placemark>
          <name>856</name>
          <styleUrl>#style_Healthy</styleUrl>
          <ExtendedData>
            <Data name="id"><value>856</value></Data>
            <Data name="Class"><value>Healthy</value></Data>
          </ExtendedData>
          <Point><coordinates>102.672168500,2.744482073,0</coordinates></Point>
        </Placemark>

        <Placemark>
          <name>857</name>
          <styleUrl>#style_Healthy</styleUrl>
          <ExtendedData>
            <Data name="id"><value>857</value></Data>
            <Data name="Class"><value>Healthy</value></Data>
          </ExtendedData>
          <Point><coordinates>102.672193500,2.744407749,0</coordinates></Point>
        </Placemark>

        <Placemark>
          <name>858</name>
          <styleUrl>#style_Healthy</styleUrl>
          <ExtendedData>
            <Data name="id"><value>858</value></Data>
            <Data name="Class"><value>Healthy</value></Data>
          </ExtendedData>
          <Point><coordinates>102.672178500,2.744330084,0</coordinates></Point>
        </Placemark>

        <Placemark>
          <name>859</name>
          <styleUrl>#style_Healthy</styleUrl>
          <ExtendedData>
            <Data name="id"><value>859</value></Data>
            <Data name="Class"><value>Healthy</value></Data>
          </ExtendedData>
          <Point><coordinates>102.672113400,2.744360983,0</coordinates></Point>
        </Placemark>

        <Placemark>
          <name>861</name>
          <styleUrl>#style_Healthy</styleUrl>
          <ExtendedData>
            <Data name="id"><value>861</value></Data>
            <Data name="Class"><value>Healthy</value></Data>
          </ExtendedData>
          <Point><coordinates>102.672243600,2.744285823,0</coordinates></Point>
        </Placemark>

        <Placemark>
          <name>862</name>
          <styleUrl>#style_Healthy</styleUrl>
          <ExtendedData>
            <Data name="id"><value>862</value></Data>
            <Data name="Class"><value>Healthy</value></Data>
          </ExtendedData>
          <Point><coordinates>102.672258700,2.744357642,0</coordinates></Point>
        </Placemark>

        <Placemark>
          <name>863</name>
          <styleUrl>#style_Healthy</styleUrl>
          <ExtendedData>
            <Data name="id"><value>863</value></Data>
            <Data name="Class"><value>Healthy</value></Data>
          </ExtendedData>
          <Point><coordinates>102.672252800,2.744469546,0</coordinates></Point>
        </Placemark>

        <Placemark>
          <name>864</name>
          <styleUrl>#style_Healthy</styleUrl>
          <ExtendedData>
            <Data name="id"><value>864</value></Data>
            <Data name="Class"><value>Healthy</value></Data>
          </ExtendedData>
          <Point><coordinates>102.672209400,2.744534685,0</coordinates></Point>
        </Placemark>

        <Placemark>
          <name>865</name>
          <styleUrl>#style_Healthy</styleUrl>
          <ExtendedData>
            <Data name="id"><value>865</value></Data>
            <Data name="Class"><value>Healthy</value></Data>
          </ExtendedData>
          <Point><coordinates>102.672125100,2.744528004,0</coordinates></Point>
        </Placemark>

        <Placemark>
          <name>866</name>
          <styleUrl>#style_Healthy</styleUrl>
          <ExtendedData>
            <Data name="id"><value>866</value></Data>
            <Data name="Class"><value>Healthy</value></Data>
          </ExtendedData>
          <Point><coordinates>102.672148400,2.744582286,0</coordinates></Point>
        </Placemark>

        <Placemark>
          <name>867</name>
          <styleUrl>#style_Healthy</styleUrl>
          <ExtendedData>
            <Data name="id"><value>867</value></Data>
            <Data name="Class"><value>Healthy</value></Data>
          </ExtendedData>
          <Point><coordinates>102.672212700,2.744634062,0</coordinates></Point>
        </Placemark>

        <Placemark>
          <name>869</name>
          <styleUrl>#style_Healthy</styleUrl>
          <ExtendedData>
            <Data name="id"><value>869</value></Data>
            <Data name="Class"><value>Healthy</value></Data>
          </ExtendedData>
          <Point><coordinates>102.672105800,2.744640743,0</coordinates></Point>
        </Placemark>

        <Placemark>
          <name>871</name>
          <styleUrl>#style_Healthy</styleUrl>
          <ExtendedData>
            <Data name="id"><value>871</value></Data>
            <Data name="Class"><value>Healthy</value></Data>
          </ExtendedData>
          <Point><coordinates>102.671995600,2.744616525,0</coordinates></Point>
        </Placemark>

        <Placemark>
          <name>872</name>
          <styleUrl>#style_Healthy</styleUrl>
          <ExtendedData>
            <Data name="id"><value>872</value></Data>
            <Data name="Class"><value>Healthy</value></Data>
          </ExtendedData>
          <Point><coordinates>102.672056600,2.744577275,0</coordinates></Point>
        </Placemark>

        <Placemark>
          <name>873</name>
          <styleUrl>#style_Healthy</styleUrl>
          <ExtendedData>
            <Data name="id"><value>873</value></Data>
            <Data name="Class"><value>Healthy</value></Data>
          </ExtendedData>
          <Point><coordinates>102.672262000,2.744576440,0</coordinates></Point>
        </Placemark>

        <Placemark>
          <name>875</name>
          <styleUrl>#style_Healthy</styleUrl>
          <ExtendedData>
            <Data name="id"><value>875</value></Data>
            <Data name="Class"><value>Healthy</value></Data>
          </ExtendedData>
          <Point><coordinates>102.671920500,2.744657445,0</coordinates></Point>
        </Placemark>

        <Placemark>
          <name>879</name>
          <styleUrl>#style_Healthy</styleUrl>
          <ExtendedData>
            <Data name="id"><value>879</value></Data>
            <Data name="Class"><value>Healthy</value></Data>
          </ExtendedData>
          <Point><coordinates>102.671703300,2.744721748,0</coordinates></Point>
        </Placemark>

        <Placemark>
          <name>882</name>
          <styleUrl>#style_Healthy</styleUrl>
          <ExtendedData>
            <Data name="id"><value>882</value></Data>
            <Data name="Class"><value>Healthy</value></Data>
          </ExtendedData>
          <Point><coordinates>102.671488700,2.744745131,0</coordinates></Point>
        </Placemark>

        <Placemark>
          <name>883</name>
          <styleUrl>#style_Healthy</styleUrl>
          <ExtendedData>
            <Data name="id"><value>883</value></Data>
            <Data name="Class"><value>Healthy</value></Data>
          </ExtendedData>
          <Point><coordinates>102.671367600,2.744744296,0</coordinates></Point>
        </Placemark>

        <Placemark>
          <name>886</name>
          <styleUrl>#style_Healthy</styleUrl>
          <ExtendedData>
            <Data name="id"><value>886</value></Data>
            <Data name="Class"><value>Healthy</value></Data>
          </ExtendedData>
          <Point><coordinates>102.671423600,2.744603163,0</coordinates></Point>
        </Placemark>

        <Placemark>
          <name>887</name>
          <styleUrl>#style_Healthy</styleUrl>
          <ExtendedData>
            <Data name="id"><value>887</value></Data>
            <Data name="Class"><value>Healthy</value></Data>
          </ExtendedData>
          <Point><coordinates>102.671386000,2.744535520,0</coordinates></Point>
        </Placemark>

        <Placemark>
          <name>895</name>
          <styleUrl>#style_Healthy</styleUrl>
          <ExtendedData>
            <Data name="id"><value>895</value></Data>
            <Data name="Class"><value>Healthy</value></Data>
          </ExtendedData>
          <Point><coordinates>102.671697500,2.744559738,0</coordinates></Point>
        </Placemark>

        <Placemark>
          <name>896</name>
          <styleUrl>#style_Healthy</styleUrl>
          <ExtendedData>
            <Data name="id"><value>896</value></Data>
            <Data name="Class"><value>Healthy</value></Data>
          </ExtendedData>
          <Point><coordinates>102.671715900,2.744634897,0</coordinates></Point>
        </Placemark>

        <Placemark>
          <name>897</name>
          <styleUrl>#style_Healthy</styleUrl>
          <ExtendedData>
            <Data name="id"><value>897</value></Data>
            <Data name="Class"><value>Healthy</value></Data>
          </ExtendedData>
          <Point><coordinates>102.671781000,2.744638238,0</coordinates></Point>
        </Placemark>

        <Placemark>
          <name>898</name>
          <styleUrl>#style_Healthy</styleUrl>
          <ExtendedData>
            <Data name="id"><value>898</value></Data>
            <Data name="Class"><value>Healthy</value></Data>
          </ExtendedData>
          <Point><coordinates>102.671849500,2.744644919,0</coordinates></Point>
        </Placemark>

        <Placemark>
          <name>899</name>
          <styleUrl>#style_Healthy</styleUrl>
          <ExtendedData>
            <Data name="id"><value>899</value></Data>
            <Data name="Class"><value>Healthy</value></Data>
          </ExtendedData>
          <Point><coordinates>102.671818600,2.744562243,0</coordinates></Point>
        </Placemark>

        <Placemark>
          <name>902</name>
          <styleUrl>#style_Healthy</styleUrl>
          <ExtendedData>
            <Data name="id"><value>902</value></Data>
            <Data name="Class"><value>Healthy</value></Data>
          </ExtendedData>
          <Point><coordinates>102.671851100,2.744492094,0</coordinates></Point>
        </Placemark>

        <Placemark>
          <name>903</name>
          <styleUrl>#style_Healthy</styleUrl>
          <ExtendedData>
            <Data name="id"><value>903</value></Data>
            <Data name="Class"><value>Healthy</value></Data>
          </ExtendedData>
          <Point><coordinates>102.671777600,2.744502951,0</coordinates></Point>
        </Placemark>

        <Placemark>
          <name>904</name>
          <styleUrl>#style_Healthy</styleUrl>
          <ExtendedData>
            <Data name="id"><value>904</value></Data>
            <Data name="Class"><value>Healthy</value></Data>
          </ExtendedData>
          <Point><coordinates>102.671752600,2.744568924,0</coordinates></Point>
        </Placemark>

        <Placemark>
          <name>905</name>
          <styleUrl>#style_Healthy</styleUrl>
          <ExtendedData>
            <Data name="id"><value>905</value></Data>
            <Data name="Class"><value>Healthy</value></Data>
          </ExtendedData>
          <Point><coordinates>102.671700800,2.744483743,0</coordinates></Point>
        </Placemark>

        <Placemark>
          <name>906</name>
          <styleUrl>#style_Healthy</styleUrl>
          <ExtendedData>
            <Data name="id"><value>906</value></Data>
            <Data name="Class"><value>Healthy</value></Data>
          </ExtendedData>
          <Point><coordinates>102.671723400,2.744412759,0</coordinates></Point>
        </Placemark>

        <Placemark>
          <name>907</name>
          <styleUrl>#style_Healthy</styleUrl>
          <ExtendedData>
            <Data name="id"><value>907</value></Data>
            <Data name="Class"><value>Healthy</value></Data>
          </ExtendedData>
          <Point><coordinates>102.671804400,2.744434472,0</coordinates></Point>
        </Placemark>

        <Placemark>
          <name>908</name>
          <styleUrl>#style_Healthy</styleUrl>
          <ExtendedData>
            <Data name="id"><value>908</value></Data>
            <Data name="Class"><value>Healthy</value></Data>
          </ExtendedData>
          <Point><coordinates>102.671877000,2.744425286,0</coordinates></Point>
        </Placemark>

        <Placemark>
          <name>909</name>
          <styleUrl>#style_Healthy</styleUrl>
          <ExtendedData>
            <Data name="id"><value>909</value></Data>
            <Data name="Class"><value>Healthy</value></Data>
          </ExtendedData>
          <Point><coordinates>102.671840300,2.744378520,0</coordinates></Point>
        </Placemark>

        <Placemark>
          <name>910</name>
          <styleUrl>#style_Healthy</styleUrl>
          <ExtendedData>
            <Data name="id"><value>910</value></Data>
            <Data name="Class"><value>Healthy</value></Data>
          </ExtendedData>
          <Point><coordinates>102.671775100,2.744366828,0</coordinates></Point>
        </Placemark>

        <Placemark>
          <name>913</name>
          <styleUrl>#style_Healthy</styleUrl>
          <ExtendedData>
            <Data name="id"><value>913</value></Data>
            <Data name="Class"><value>Healthy</value></Data>
          </ExtendedData>
          <Point><coordinates>102.672334200,2.744613602,0</coordinates></Point>
        </Placemark>

        <Placemark>
          <name>914</name>
          <styleUrl>#style_Healthy</styleUrl>
          <ExtendedData>
            <Data name="id"><value>914</value></Data>
            <Data name="Class"><value>Healthy</value></Data>
          </ExtendedData>
          <Point><coordinates>102.672313000,2.744527169,0</coordinates></Point>
        </Placemark>

        <Placemark>
          <name>915</name>
          <styleUrl>#style_Healthy</styleUrl>
          <ExtendedData>
            <Data name="id"><value>915</value></Data>
            <Data name="Class"><value>Healthy</value></Data>
          </ExtendedData>
          <Point><coordinates>102.672299200,2.744839081,0</coordinates></Point>
        </Placemark>

        <Placemark>
          <name>916</name>
          <styleUrl>#style_Healthy</styleUrl>
          <ExtendedData>
            <Data name="id"><value>916</value></Data>
            <Data name="Class"><value>Healthy</value></Data>
          </ExtendedData>
          <Point><coordinates>102.672242800,2.744780206,0</coordinates></Point>
        </Placemark>

        <Placemark>
          <name>917</name>
          <styleUrl>#style_Healthy</styleUrl>
          <ExtendedData>
            <Data name="id"><value>917</value></Data>
            <Data name="Class"><value>Healthy</value></Data>
          </ExtendedData>
          <Point><coordinates>102.672244100,2.744851608,0</coordinates></Point>
        </Placemark>

        <Placemark>
          <name>923</name>
          <styleUrl>#style_Healthy</styleUrl>
          <ExtendedData>
            <Data name="id"><value>923</value></Data>
            <Data name="Class"><value>Healthy</value></Data>
          </ExtendedData>
          <Point><coordinates>102.672307900,2.745026980,0</coordinates></Point>
        </Placemark>

        <Placemark>
          <name>926</name>
          <styleUrl>#style_Healthy</styleUrl>
          <ExtendedData>
            <Data name="id"><value>926</value></Data>
            <Data name="Class"><value>Healthy</value></Data>
          </ExtendedData>
          <Point><coordinates>102.671997300,2.744837828,0</coordinates></Point>
        </Placemark>

        <Placemark>
          <name>933</name>
          <styleUrl>#style_Healthy</styleUrl>
          <ExtendedData>
            <Data name="id"><value>933</value></Data>
            <Data name="Class"><value>Healthy</value></Data>
          </ExtendedData>
          <Point><coordinates>102.671441100,2.744781459,0</coordinates></Point>
        </Placemark>

        <Placemark>
          <name>934</name>
          <styleUrl>#style_Healthy</styleUrl>
          <ExtendedData>
            <Data name="id"><value>934</value></Data>
            <Data name="Class"><value>Healthy</value></Data>
          </ExtendedData>
          <Point><coordinates>102.671299500,2.744786469,0</coordinates></Point>
        </Placemark>

        <Placemark>
          <name>938</name>
          <styleUrl>#style_Healthy</styleUrl>
          <ExtendedData>
            <Data name="id"><value>938</value></Data>
            <Data name="Class"><value>Healthy</value></Data>
          </ExtendedData>
          <Point><coordinates>102.671303300,2.744870397,0</coordinates></Point>
        </Placemark>

        <Placemark>
          <name>939</name>
          <styleUrl>#style_Healthy</styleUrl>
          <ExtendedData>
            <Data name="id"><value>939</value></Data>
            <Data name="Class"><value>Healthy</value></Data>
          </ExtendedData>
          <Point><coordinates>102.671372200,2.744826554,0</coordinates></Point>
        </Placemark>

        <Placemark>
          <name>940</name>
          <styleUrl>#style_Healthy</styleUrl>
          <ExtendedData>
            <Data name="id"><value>940</value></Data>
            <Data name="Class"><value>Healthy</value></Data>
          </ExtendedData>
          <Point><coordinates>102.671369700,2.744905472,0</coordinates></Point>
        </Placemark>

        <Placemark>
          <name>941</name>
          <styleUrl>#style_Healthy</styleUrl>
          <ExtendedData>
            <Data name="id"><value>941</value></Data>
            <Data name="Class"><value>Healthy</value></Data>
          </ExtendedData>
          <Point><coordinates>102.671444900,2.744862881,0</coordinates></Point>
        </Placemark>

        <Placemark>
          <name>943</name>
          <styleUrl>#style_Healthy</styleUrl>
          <ExtendedData>
            <Data name="id"><value>943</value></Data>
            <Data name="Class"><value>Healthy</value></Data>
          </ExtendedData>
          <Point><coordinates>102.671543800,2.744887935,0</coordinates></Point>
        </Placemark>

        <Placemark>
          <name>946</name>
          <styleUrl>#style_Healthy</styleUrl>
          <ExtendedData>
            <Data name="id"><value>946</value></Data>
            <Data name="Class"><value>Healthy</value></Data>
          </ExtendedData>
          <Point><coordinates>102.671365900,2.744988147,0</coordinates></Point>
        </Placemark>

        <Placemark>
          <name>948</name>
          <styleUrl>#style_Healthy</styleUrl>
          <ExtendedData>
            <Data name="id"><value>948</value></Data>
            <Data name="Class"><value>Healthy</value></Data>
          </ExtendedData>
          <Point><coordinates>102.671160500,2.744951820,0</coordinates></Point>
        </Placemark>

        <Placemark>
          <name>949</name>
          <styleUrl>#style_Healthy</styleUrl>
          <ExtendedData>
            <Data name="id"><value>949</value></Data>
            <Data name="Class"><value>Healthy</value></Data>
          </ExtendedData>
          <Point><coordinates>102.671234400,2.744986895,0</coordinates></Point>
        </Placemark>

        <Placemark>
          <name>950</name>
          <styleUrl>#style_Healthy</styleUrl>
          <ExtendedData>
            <Data name="id"><value>950</value></Data>
            <Data name="Class"><value>Healthy</value></Data>
          </ExtendedData>
          <Point><coordinates>102.671294500,2.745025727,0</coordinates></Point>
        </Placemark>

        <Placemark>
          <name>951</name>
          <styleUrl>#style_Healthy</styleUrl>
          <ExtendedData>
            <Data name="id"><value>951</value></Data>
            <Data name="Class"><value>Healthy</value></Data>
          </ExtendedData>
          <Point><coordinates>102.671360900,2.745068318,0</coordinates></Point>
        </Placemark>

        <Placemark>
          <name>953</name>
          <styleUrl>#style_Healthy</styleUrl>
          <ExtendedData>
            <Data name="id"><value>953</value></Data>
            <Data name="Class"><value>Healthy</value></Data>
          </ExtendedData>
          <Point><coordinates>102.671503700,2.745144730,0</coordinates></Point>
        </Placemark>

        <Placemark>
          <name>954</name>
          <styleUrl>#style_Healthy</styleUrl>
          <ExtendedData>
            <Data name="id"><value>954</value></Data>
            <Data name="Class"><value>Healthy</value></Data>
          </ExtendedData>
          <Point><coordinates>102.671571400,2.745183562,0</coordinates></Point>
        </Placemark>

        <Placemark>
          <name>955</name>
          <styleUrl>#style_Healthy</styleUrl>
          <ExtendedData>
            <Data name="id"><value>955</value></Data>
            <Data name="Class"><value>Healthy</value></Data>
          </ExtendedData>
          <Point><coordinates>102.671637800,2.745176046,0</coordinates></Point>
        </Placemark>

        <Placemark>
          <name>956</name>
          <styleUrl>#style_Healthy</styleUrl>
          <ExtendedData>
            <Data name="id"><value>956</value></Data>
            <Data name="Class"><value>Healthy</value></Data>
          </ExtendedData>
          <Point><coordinates>102.671607700,2.745112161,0</coordinates></Point>
        </Placemark>

        <Placemark>
          <name>958</name>
          <styleUrl>#style_Healthy</styleUrl>
          <ExtendedData>
            <Data name="id"><value>958</value></Data>
            <Data name="Class"><value>Healthy</value></Data>
          </ExtendedData>
          <Point><coordinates>102.671676600,2.745109655,0</coordinates></Point>
        </Placemark>

        <Placemark>
          <name>959</name>
          <styleUrl>#style_Healthy</styleUrl>
          <ExtendedData>
            <Data name="id"><value>959</value></Data>
            <Data name="Class"><value>Healthy</value></Data>
          </ExtendedData>
          <Point><coordinates>102.671650300,2.745034496,0</coordinates></Point>
        </Placemark>

        <Placemark>
          <name>960</name>
          <styleUrl>#style_Healthy</styleUrl>
          <ExtendedData>
            <Data name="id"><value>960</value></Data>
            <Data name="Class"><value>Healthy</value></Data>
          </ExtendedData>
          <Point><coordinates>102.671636500,2.744959336,0</coordinates></Point>
        </Placemark>

        <Placemark>
          <name>964</name>
          <styleUrl>#style_Healthy</styleUrl>
          <ExtendedData>
            <Data name="id"><value>964</value></Data>
            <Data name="Class"><value>Healthy</value></Data>
          </ExtendedData>
          <Point><coordinates>102.671882000,2.744892945,0</coordinates></Point>
        </Placemark>

        <Placemark>
          <name>965</name>
          <styleUrl>#style_Healthy</styleUrl>
          <ExtendedData>
            <Data name="id"><value>965</value></Data>
            <Data name="Class"><value>Healthy</value></Data>
          </ExtendedData>
          <Point><coordinates>102.671953400,2.744909230,0</coordinates></Point>
        </Placemark>

        <Placemark>
          <name>971</name>
          <styleUrl>#style_Healthy</styleUrl>
          <ExtendedData>
            <Data name="id"><value>971</value></Data>
            <Data name="Class"><value>Healthy</value></Data>
          </ExtendedData>
          <Point><coordinates>102.672034900,2.745078339,0</coordinates></Point>
        </Placemark>

        <Placemark>
          <name>972</name>
          <styleUrl>#style_Healthy</styleUrl>
          <ExtendedData>
            <Data name="id"><value>972</value></Data>
            <Data name="Class"><value>Healthy</value></Data>
          </ExtendedData>
          <Point><coordinates>102.672018600,2.745192331,0</coordinates></Point>
        </Placemark>

        <Placemark>
          <name>974</name>
          <styleUrl>#style_Healthy</styleUrl>
          <ExtendedData>
            <Data name="id"><value>974</value></Data>
            <Data name="Class"><value>Healthy</value></Data>
          </ExtendedData>
          <Point><coordinates>102.671952200,2.745075834,0</coordinates></Point>
        </Placemark>

        <Placemark>
          <name>976</name>
          <styleUrl>#style_Healthy</styleUrl>
          <ExtendedData>
            <Data name="id"><value>976</value></Data>
            <Data name="Class"><value>Healthy</value></Data>
          </ExtendedData>
          <Point><coordinates>102.671908300,2.744983137,0</coordinates></Point>
        </Placemark>

        <Placemark>
          <name>977</name>
          <styleUrl>#style_Healthy</styleUrl>
          <ExtendedData>
            <Data name="id"><value>977</value></Data>
            <Data name="Class"><value>Healthy</value></Data>
          </ExtendedData>
          <Point><coordinates>102.671844500,2.744955578,0</coordinates></Point>
        </Placemark>

        <Placemark>
          <name>978</name>
          <styleUrl>#style_Healthy</styleUrl>
          <ExtendedData>
            <Data name="id"><value>978</value></Data>
            <Data name="Class"><value>Healthy</value></Data>
          </ExtendedData>
          <Point><coordinates>102.671781800,2.744936788,0</coordinates></Point>
        </Placemark>

        <Placemark>
          <name>979</name>
          <styleUrl>#style_Healthy</styleUrl>
          <ExtendedData>
            <Data name="id"><value>979</value></Data>
            <Data name="Class"><value>Healthy</value></Data>
          </ExtendedData>
          <Point><coordinates>102.671711700,2.744934283,0</coordinates></Point>
        </Placemark>

        <Placemark>
          <name>980</name>
          <styleUrl>#style_Healthy</styleUrl>
          <ExtendedData>
            <Data name="id"><value>980</value></Data>
            <Data name="Class"><value>Healthy</value></Data>
          </ExtendedData>
          <Point><coordinates>102.671720400,2.745016959,0</coordinates></Point>
        </Placemark>

        <Placemark>
          <name>981</name>
          <styleUrl>#style_Healthy</styleUrl>
          <ExtendedData>
            <Data name="id"><value>981</value></Data>
            <Data name="Class"><value>Healthy</value></Data>
          </ExtendedData>
          <Point><coordinates>102.671740500,2.745095876,0</coordinates></Point>
        </Placemark>

        <Placemark>
          <name>983</name>
          <styleUrl>#style_Healthy</styleUrl>
          <ExtendedData>
            <Data name="id"><value>983</value></Data>
            <Data name="Class"><value>Healthy</value></Data>
          </ExtendedData>
          <Point><coordinates>102.671882000,2.745223647,0</coordinates></Point>
        </Placemark>

        <Placemark>
          <name>984</name>
          <styleUrl>#style_Healthy</styleUrl>
          <ExtendedData>
            <Data name="id"><value>984</value></Data>
            <Data name="Class"><value>Healthy</value></Data>
          </ExtendedData>
          <Point><coordinates>102.671838200,2.745159762,0</coordinates></Point>
        </Placemark>

        <Placemark>
          <name>985</name>
          <styleUrl>#style_Healthy</styleUrl>
          <ExtendedData>
            <Data name="id"><value>985</value></Data>
            <Data name="Class"><value>Healthy</value></Data>
          </ExtendedData>
          <Point><coordinates>102.671907100,2.745138467,0</coordinates></Point>
        </Placemark>

        <Placemark>
          <name>986</name>
          <styleUrl>#style_Healthy</styleUrl>
          <ExtendedData>
            <Data name="id"><value>986</value></Data>
            <Data name="Class"><value>Healthy</value></Data>
          </ExtendedData>
          <Point><coordinates>102.671816900,2.745092118,0</coordinates></Point>
        </Placemark>

        <Placemark>
          <name>987</name>
          <styleUrl>#style_Healthy</styleUrl>
          <ExtendedData>
            <Data name="id"><value>987</value></Data>
            <Data name="Class"><value>Healthy</value></Data>
          </ExtendedData>
          <Point><coordinates>102.671794400,2.745013201,0</coordinates></Point>
        </Placemark>

        <Placemark>
          <name>991</name>
          <styleUrl>#style_Healthy</styleUrl>
          <ExtendedData>
            <Data name="id"><value>991</value></Data>
            <Data name="Class"><value>Healthy</value></Data>
          </ExtendedData>
          <Point><coordinates>102.672285400,2.745278764,0</coordinates></Point>
        </Placemark>

        <Placemark>
          <name>992</name>
          <styleUrl>#style_Healthy</styleUrl>
          <ExtendedData>
            <Data name="id"><value>992</value></Data>
            <Data name="Class"><value>Healthy</value></Data>
          </ExtendedData>
          <Point><coordinates>102.672214000,2.745262480,0</coordinates></Point>
        </Placemark>

        <Placemark>
          <name>993</name>
          <styleUrl>#style_Healthy</styleUrl>
          <ExtendedData>
            <Data name="id"><value>993</value></Data>
            <Data name="Class"><value>Healthy</value></Data>
          </ExtendedData>
          <Point><coordinates>102.672249100,2.745352671,0</coordinates></Point>
        </Placemark>

        <Placemark>
          <name>996</name>
          <styleUrl>#style_Healthy</styleUrl>
          <ExtendedData>
            <Data name="id"><value>996</value></Data>
            <Data name="Class"><value>Healthy</value></Data>
          </ExtendedData>
          <Point><coordinates>102.672167600,2.745327618,0</coordinates></Point>
        </Placemark>

        <Placemark>
          <name>999</name>
          <styleUrl>#style_Healthy</styleUrl>
          <ExtendedData>
            <Data name="id"><value>999</value></Data>
            <Data name="Class"><value>Healthy</value></Data>
          </ExtendedData>
          <Point><coordinates>102.672026100,2.745262480,0</coordinates></Point>
        </Placemark>

        <Placemark>
          <name>1000</name>
          <styleUrl>#style_Healthy</styleUrl>
          <ExtendedData>
            <Data name="id"><value>1000</value></Data>
            <Data name="Class"><value>Healthy</value></Data>
          </ExtendedData>
          <Point><coordinates>102.672007300,2.745337639,0</coordinates></Point>
        </Placemark>

        <Placemark>
          <name>1003</name>
          <styleUrl>#style_Healthy</styleUrl>
          <ExtendedData>
            <Data name="id"><value>1003</value></Data>
            <Data name="Class"><value>Healthy</value></Data>
          </ExtendedData>
          <Point><coordinates>102.672118800,2.745464158,0</coordinates></Point>
        </Placemark>

        <Placemark>
          <name>1004</name>
          <styleUrl>#style_Healthy</styleUrl>
          <ExtendedData>
            <Data name="id"><value>1004</value></Data>
            <Data name="Class"><value>Healthy</value></Data>
          </ExtendedData>
          <Point><coordinates>102.672183900,2.745490464,0</coordinates></Point>
        </Placemark>

        <Placemark>
          <name>1005</name>
          <styleUrl>#style_Healthy</styleUrl>
          <ExtendedData>
            <Data name="id"><value>1005</value></Data>
            <Data name="Class"><value>Healthy</value></Data>
          </ExtendedData>
          <Point><coordinates>102.672255300,2.745516770,0</coordinates></Point>
        </Placemark>

        <Placemark>
          <name>1006</name>
          <styleUrl>#style_Healthy</styleUrl>
          <ExtendedData>
            <Data name="id"><value>1006</value></Data>
            <Data name="Class"><value>Healthy</value></Data>
          </ExtendedData>
          <Point><coordinates>102.671958400,2.745383988,0</coordinates></Point>
        </Placemark>

        <Placemark>
          <name>1007</name>
          <styleUrl>#style_Healthy</styleUrl>
          <ExtendedData>
            <Data name="id"><value>1007</value></Data>
            <Data name="Class"><value>Healthy</value></Data>
          </ExtendedData>
          <Point><coordinates>102.671962200,2.745452884,0</coordinates></Point>
        </Placemark>

        <Placemark>
          <name>1008</name>
          <styleUrl>#style_Healthy</styleUrl>
          <ExtendedData>
            <Data name="id"><value>1008</value></Data>
            <Data name="Class"><value>Healthy</value></Data>
          </ExtendedData>
          <Point><coordinates>102.671910800,2.745505496,0</coordinates></Point>
        </Placemark>

        <Placemark>
          <name>1009</name>
          <styleUrl>#style_Healthy</styleUrl>
          <ExtendedData>
            <Data name="id"><value>1009</value></Data>
            <Data name="Class"><value>Healthy</value></Data>
          </ExtendedData>
          <Point><coordinates>102.671849500,2.745480443,0</coordinates></Point>
        </Placemark>

        <Placemark>
          <name>1011</name>
          <styleUrl>#style_Healthy</styleUrl>
          <ExtendedData>
            <Data name="id"><value>1011</value></Data>
            <Data name="Class"><value>Healthy</value></Data>
          </ExtendedData>
          <Point><coordinates>102.671836900,2.745409041,0</coordinates></Point>
        </Placemark>

        <Placemark>
          <name>1015</name>
          <styleUrl>#style_Healthy</styleUrl>
          <ExtendedData>
            <Data name="id"><value>1015</value></Data>
            <Data name="Class"><value>Healthy</value></Data>
          </ExtendedData>
          <Point><coordinates>102.671808100,2.745242437,0</coordinates></Point>
        </Placemark>

        <Placemark>
          <name>1016</name>
          <styleUrl>#style_Healthy</styleUrl>
          <ExtendedData>
            <Data name="id"><value>1016</value></Data>
            <Data name="Class"><value>Healthy</value></Data>
          </ExtendedData>
          <Point><coordinates>102.671848200,2.745295049,0</coordinates></Point>
        </Placemark>

        <Placemark>
          <name>1017</name>
          <styleUrl>#style_Healthy</styleUrl>
          <ExtendedData>
            <Data name="id"><value>1017</value></Data>
            <Data name="Class"><value>Healthy</value></Data>
          </ExtendedData>
          <Point><coordinates>102.671780600,2.745308828,0</coordinates></Point>
        </Placemark>

        <Placemark>
          <name>1020</name>
          <styleUrl>#style_Healthy</styleUrl>
          <ExtendedData>
            <Data name="id"><value>1020</value></Data>
            <Data name="Class"><value>Healthy</value></Data>
          </ExtendedData>
          <Point><coordinates>102.671733000,2.745247448,0</coordinates></Point>
        </Placemark>

        <Placemark>
          <name>1021</name>
          <styleUrl>#style_Healthy</styleUrl>
          <ExtendedData>
            <Data name="id"><value>1021</value></Data>
            <Data name="Class"><value>Healthy</value></Data>
          </ExtendedData>
          <Point><coordinates>102.671662800,2.745251206,0</coordinates></Point>
        </Placemark>

        <Placemark>
          <name>1022</name>
          <styleUrl>#style_Healthy</styleUrl>
          <ExtendedData>
            <Data name="id"><value>1022</value></Data>
            <Data name="Class"><value>Healthy</value></Data>
          </ExtendedData>
          <Point><coordinates>102.671634000,2.745312586,0</coordinates></Point>
        </Placemark>

        <Placemark>
          <name>1026</name>
          <styleUrl>#style_Healthy</styleUrl>
          <ExtendedData>
            <Data name="id"><value>1026</value></Data>
            <Data name="Class"><value>Healthy</value></Data>
          </ExtendedData>
          <Point><coordinates>102.671571400,2.745416557,0</coordinates></Point>
        </Placemark>

        <Placemark>
          <name>1027</name>
          <styleUrl>#style_Healthy</styleUrl>
          <ExtendedData>
            <Data name="id"><value>1027</value></Data>
            <Data name="Class"><value>Healthy</value></Data>
          </ExtendedData>
          <Point><coordinates>102.671573900,2.745353924,0</coordinates></Point>
        </Placemark>

        <Placemark>
          <name>1028</name>
          <styleUrl>#style_Healthy</styleUrl>
          <ExtendedData>
            <Data name="id"><value>1028</value></Data>
            <Data name="Class"><value>Healthy</value></Data>
          </ExtendedData>
          <Point><coordinates>102.671576400,2.745268743,0</coordinates></Point>
        </Placemark>

        <Placemark>
          <name>1029</name>
          <styleUrl>#style_Healthy</styleUrl>
          <ExtendedData>
            <Data name="id"><value>1029</value></Data>
            <Data name="Class"><value>Healthy</value></Data>
          </ExtendedData>
          <Point><coordinates>102.671502500,2.745401525,0</coordinates></Point>
        </Placemark>

        <Placemark>
          <name>1030</name>
          <styleUrl>#style_Healthy</styleUrl>
          <ExtendedData>
            <Data name="id"><value>1030</value></Data>
            <Data name="Class"><value>Healthy</value></Data>
          </ExtendedData>
          <Point><coordinates>102.671511200,2.745307576,0</coordinates></Point>
        </Placemark>

        <Placemark>
          <name>1031</name>
          <styleUrl>#style_Healthy</styleUrl>
          <ExtendedData>
            <Data name="id"><value>1031</value></Data>
            <Data name="Class"><value>Healthy</value></Data>
          </ExtendedData>
          <Point><coordinates>102.671510000,2.745229911,0</coordinates></Point>
        </Placemark>

        <Placemark>
          <name>1032</name>
          <styleUrl>#style_Healthy</styleUrl>
          <ExtendedData>
            <Data name="id"><value>1032</value></Data>
            <Data name="Class"><value>Healthy</value></Data>
          </ExtendedData>
          <Point><coordinates>102.671438600,2.745348913,0</coordinates></Point>
        </Placemark>

        <Placemark>
          <name>1033</name>
          <styleUrl>#style_Healthy</styleUrl>
          <ExtendedData>
            <Data name="id"><value>1033</value></Data>
            <Data name="Class"><value>Healthy</value></Data>
          </ExtendedData>
          <Point><coordinates>102.671442400,2.745264985,0</coordinates></Point>
        </Placemark>

        <Placemark>
          <name>1034</name>
          <styleUrl>#style_Healthy</styleUrl>
          <ExtendedData>
            <Data name="id"><value>1034</value></Data>
            <Data name="Class"><value>Healthy</value></Data>
          </ExtendedData>
          <Point><coordinates>102.671443600,2.745196089,0</coordinates></Point>
        </Placemark>

        <Placemark>
          <name>1037</name>
          <styleUrl>#style_Healthy</styleUrl>
          <ExtendedData>
            <Data name="id"><value>1037</value></Data>
            <Data name="Class"><value>Healthy</value></Data>
          </ExtendedData>
          <Point><coordinates>102.671437300,2.745505496,0</coordinates></Point>
        </Placemark>

        <Placemark>
          <name>1038</name>
          <styleUrl>#style_Healthy</styleUrl>
          <ExtendedData>
            <Data name="id"><value>1038</value></Data>
            <Data name="Class"><value>Healthy</value></Data>
          </ExtendedData>
          <Point><coordinates>102.671371000,2.745306323,0</coordinates></Point>
        </Placemark>

        <Placemark>
          <name>1039</name>
          <styleUrl>#style_Healthy</styleUrl>
          <ExtendedData>
            <Data name="id"><value>1039</value></Data>
            <Data name="Class"><value>Healthy</value></Data>
          </ExtendedData>
          <Point><coordinates>102.671371000,2.745232416,0</coordinates></Point>
        </Placemark>

        <Placemark>
          <name>1040</name>
          <styleUrl>#style_Healthy</styleUrl>
          <ExtendedData>
            <Data name="id"><value>1040</value></Data>
            <Data name="Class"><value>Healthy</value></Data>
          </ExtendedData>
          <Point><coordinates>102.671371000,2.745150993,0</coordinates></Point>
        </Placemark>

        <Placemark>
          <name>1041</name>
          <styleUrl>#style_Healthy</styleUrl>
          <ExtendedData>
            <Data name="id"><value>1041</value></Data>
            <Data name="Class"><value>Healthy</value></Data>
          </ExtendedData>
          <Point><coordinates>102.671293300,2.745113413,0</coordinates></Point>
        </Placemark>

        <Placemark>
          <name>1042</name>
          <styleUrl>#style_Healthy</styleUrl>
          <ExtendedData>
            <Data name="id"><value>1042</value></Data>
            <Data name="Class"><value>Healthy</value></Data>
          </ExtendedData>
          <Point><coordinates>102.671229400,2.745067065,0</coordinates></Point>
        </Placemark>

        <Placemark>
          <name>1043</name>
          <styleUrl>#style_Healthy</styleUrl>
          <ExtendedData>
            <Data name="id"><value>1043</value></Data>
            <Data name="Class"><value>Healthy</value></Data>
          </ExtendedData>
          <Point><coordinates>102.671165500,2.745110908,0</coordinates></Point>
        </Placemark>

        <Placemark>
          <name>1044</name>
          <styleUrl>#style_Healthy</styleUrl>
          <ExtendedData>
            <Data name="id"><value>1044</value></Data>
            <Data name="Class"><value>Healthy</value></Data>
          </ExtendedData>
          <Point><coordinates>102.671229400,2.745150993,0</coordinates></Point>
        </Placemark>

        <Placemark>
          <name>1045</name>
          <styleUrl>#style_Healthy</styleUrl>
          <ExtendedData>
            <Data name="id"><value>1045</value></Data>
            <Data name="Class"><value>Healthy</value></Data>
          </ExtendedData>
          <Point><coordinates>102.671225600,2.745232416,0</coordinates></Point>
        </Placemark>

        <Placemark>
          <name>1046</name>
          <styleUrl>#style_Healthy</styleUrl>
          <ExtendedData>
            <Data name="id"><value>1046</value></Data>
            <Data name="Class"><value>Healthy</value></Data>
          </ExtendedData>
          <Point><coordinates>102.671298300,2.745188573,0</coordinates></Point>
        </Placemark>

        <Placemark>
          <name>1047</name>
          <styleUrl>#style_Healthy</styleUrl>
          <ExtendedData>
            <Data name="id"><value>1047</value></Data>
            <Data name="Class"><value>Healthy</value></Data>
          </ExtendedData>
          <Point><coordinates>102.671297000,2.745269996,0</coordinates></Point>
        </Placemark>

        <Placemark>
          <name>1048</name>
          <styleUrl>#style_Healthy</styleUrl>
          <ExtendedData>
            <Data name="id"><value>1048</value></Data>
            <Data name="Class"><value>Healthy</value></Data>
          </ExtendedData>
          <Point><coordinates>102.671300800,2.745358935,0</coordinates></Point>
        </Placemark>

        <Placemark>
          <name>1049</name>
          <styleUrl>#style_Healthy</styleUrl>
          <ExtendedData>
            <Data name="id"><value>1049</value></Data>
            <Data name="Class"><value>Healthy</value></Data>
          </ExtendedData>
          <Point><coordinates>102.671234400,2.745391504,0</coordinates></Point>
        </Placemark>

        <Placemark>
          <name>1051</name>
          <styleUrl>#style_Healthy</styleUrl>
          <ExtendedData>
            <Data name="id"><value>1051</value></Data>
            <Data name="Class"><value>Healthy</value></Data>
          </ExtendedData>
          <Point><coordinates>102.671307100,2.745516770,0</coordinates></Point>
        </Placemark>

        <Placemark>
          <name>1053</name>
          <styleUrl>#style_Healthy</styleUrl>
          <ExtendedData>
            <Data name="id"><value>1053</value></Data>
            <Data name="Class"><value>Healthy</value></Data>
          </ExtendedData>
          <Point><coordinates>102.671100400,2.745476685,0</coordinates></Point>
        </Placemark>

        <Placemark>
          <name>1055</name>
          <styleUrl>#style_Healthy</styleUrl>
          <ExtendedData>
            <Data name="id"><value>1055</value></Data>
            <Data name="Class"><value>Healthy</value></Data>
          </ExtendedData>
          <Point><coordinates>102.671163000,2.745358935,0</coordinates></Point>
        </Placemark>

        <Placemark>
          <name>1056</name>
          <styleUrl>#style_Healthy</styleUrl>
          <ExtendedData>
            <Data name="id"><value>1056</value></Data>
            <Data name="Class"><value>Healthy</value></Data>
          </ExtendedData>
          <Point><coordinates>102.671235700,2.745307576,0</coordinates></Point>
        </Placemark>

        <Placemark>
          <name>1057</name>
          <styleUrl>#style_Healthy</styleUrl>
          <ExtendedData>
            <Data name="id"><value>1057</value></Data>
            <Data name="Class"><value>Healthy</value></Data>
          </ExtendedData>
          <Point><coordinates>102.671155500,2.745275006,0</coordinates></Point>
        </Placemark>

        <Placemark>
          <name>1058</name>
          <styleUrl>#style_Healthy</styleUrl>
          <ExtendedData>
            <Data name="id"><value>1058</value></Data>
            <Data name="Class"><value>Healthy</value></Data>
          </ExtendedData>
          <Point><coordinates>102.671089100,2.745397767,0</coordinates></Point>
        </Placemark>

        <Placemark>
          <name>1059</name>
          <styleUrl>#style_Healthy</styleUrl>
          <ExtendedData>
            <Data name="id"><value>1059</value></Data>
            <Data name="Class"><value>Healthy</value></Data>
          </ExtendedData>
          <Point><coordinates>102.671090400,2.745310081,0</coordinates></Point>
        </Placemark>

        <Placemark>
          <name>1060</name>
          <styleUrl>#style_Healthy</styleUrl>
          <ExtendedData>
            <Data name="id"><value>1060</value></Data>
            <Data name="Class"><value>Healthy</value></Data>
          </ExtendedData>
          <Point><coordinates>102.671089100,2.745238679,0</coordinates></Point>
        </Placemark>

        <Placemark>
          <name>1063</name>
          <styleUrl>#style_Healthy</styleUrl>
          <ExtendedData>
            <Data name="id"><value>1063</value></Data>
            <Data name="Class"><value>Healthy</value></Data>
          </ExtendedData>
          <Point><coordinates>102.671096600,2.744988147,0</coordinates></Point>
        </Placemark>

        <Placemark>
          <name>1066</name>
          <styleUrl>#style_Healthy</styleUrl>
          <ExtendedData>
            <Data name="id"><value>1066</value></Data>
            <Data name="Class"><value>Healthy</value></Data>
          </ExtendedData>
          <Point><coordinates>102.671233200,2.744666214,0</coordinates></Point>
        </Placemark>

        <Placemark>
          <name>1069</name>
          <styleUrl>#style_Healthy</styleUrl>
          <ExtendedData>
            <Data name="id"><value>1069</value></Data>
            <Data name="Class"><value>Healthy</value></Data>
          </ExtendedData>
          <Point><coordinates>102.671164300,2.744713815,0</coordinates></Point>
        </Placemark>

        <Placemark>
          <name>1071</name>
          <styleUrl>#style_Healthy</styleUrl>
          <ExtendedData>
            <Data name="id"><value>1071</value></Data>
            <Data name="Class"><value>Healthy</value></Data>
          </ExtendedData>
          <Point><coordinates>102.671094100,2.744669972,0</coordinates></Point>
        </Placemark>

        <Placemark>
          <name>1072</name>
          <styleUrl>#style_Healthy</styleUrl>
          <ExtendedData>
            <Data name="id"><value>1072</value></Data>
            <Data name="Class"><value>Healthy</value></Data>
          </ExtendedData>
          <Point><coordinates>102.671089100,2.744593560,0</coordinates></Point>
        </Placemark>

        <Placemark>
          <name>1074</name>
          <styleUrl>#style_Healthy</styleUrl>
          <ExtendedData>
            <Data name="id"><value>1074</value></Data>
            <Data name="Class"><value>Healthy</value></Data>
          </ExtendedData>
          <Point><coordinates>102.671902100,2.745421568,0</coordinates></Point>
        </Placemark>

        <Placemark>
          <name>1075</name>
          <styleUrl>#style_Healthy</styleUrl>
          <ExtendedData>
            <Data name="id"><value>1075</value></Data>
            <Data name="Class"><value>Healthy</value></Data>
          </ExtendedData>
          <Point><coordinates>102.672201500,2.745555602,0</coordinates></Point>
        </Placemark>

        <Placemark>
          <name>1086</name>
          <styleUrl>#style_Healthy</styleUrl>
          <ExtendedData>
            <Data name="id"><value>1086</value></Data>
            <Data name="Class"><value>Healthy</value></Data>
          </ExtendedData>
          <Point><coordinates>102.672125100,2.745534307,0</coordinates></Point>
        </Placemark>

        <Placemark>
          <name>1090</name>
          <styleUrl>#style_Healthy</styleUrl>
          <ExtendedData>
            <Data name="id"><value>1090</value></Data>
            <Data name="Class"><value>Healthy</value></Data>
          </ExtendedData>
          <Point><coordinates>102.672023600,2.745714690,0</coordinates></Point>
        </Placemark>

        <Placemark>
          <name>1093</name>
          <styleUrl>#style_Healthy</styleUrl>
          <ExtendedData>
            <Data name="id"><value>1093</value></Data>
            <Data name="Class"><value>Healthy</value></Data>
          </ExtendedData>
          <Point><coordinates>102.671969700,2.745654562,0</coordinates></Point>
        </Placemark>

        <Placemark>
          <name>1094</name>
          <styleUrl>#style_Healthy</styleUrl>
          <ExtendedData>
            <Data name="id"><value>1094</value></Data>
            <Data name="Class"><value>Healthy</value></Data>
          </ExtendedData>
          <Point><coordinates>102.671939700,2.745583161,0</coordinates></Point>
        </Placemark>

        <Placemark>
          <name>1096</name>
          <styleUrl>#style_Healthy</styleUrl>
          <ExtendedData>
            <Data name="id"><value>1096</value></Data>
            <Data name="Class"><value>Healthy</value></Data>
          </ExtendedData>
          <Point><coordinates>102.671868300,2.745560613,0</coordinates></Point>
        </Placemark>

        <Placemark>
          <name>1097</name>
          <styleUrl>#style_Healthy</styleUrl>
          <ExtendedData>
            <Data name="id"><value>1097</value></Data>
            <Data name="Class"><value>Healthy</value></Data>
          </ExtendedData>
          <Point><coordinates>102.671898300,2.745635772,0</coordinates></Point>
        </Placemark>

        <Placemark>
          <name>1107</name>
          <styleUrl>#style_Healthy</styleUrl>
          <ExtendedData>
            <Data name="id"><value>1107</value></Data>
            <Data name="Class"><value>Healthy</value></Data>
          </ExtendedData>
          <Point><coordinates>102.671503700,2.745543075,0</coordinates></Point>
        </Placemark>

        <Placemark>
          <name>1108</name>
          <styleUrl>#style_Healthy</styleUrl>
          <ExtendedData>
            <Data name="id"><value>1108</value></Data>
            <Data name="Class"><value>Healthy</value></Data>
          </ExtendedData>
          <Point><coordinates>102.671369700,2.745550591,0</coordinates></Point>
        </Placemark>

        <Placemark>
          <name>1112</name>
          <styleUrl>#style_Healthy</styleUrl>
          <ExtendedData>
            <Data name="id"><value>1112</value></Data>
            <Data name="Class"><value>Healthy</value></Data>
          </ExtendedData>
          <Point><coordinates>102.671928400,2.745882546,0</coordinates></Point>
        </Placemark>

        <Placemark>
          <name>1114</name>
          <styleUrl>#style_Healthy</styleUrl>
          <ExtendedData>
            <Data name="id"><value>1114</value></Data>
            <Data name="Class"><value>Healthy</value></Data>
          </ExtendedData>
          <Point><coordinates>102.671808100,2.745930147,0</coordinates></Point>
        </Placemark>

        <Placemark>
          <name>1116</name>
          <styleUrl>#style_Healthy</styleUrl>
          <ExtendedData>
            <Data name="id"><value>1116</value></Data>
            <Data name="Class"><value>Healthy</value></Data>
          </ExtendedData>
          <Point><coordinates>102.671733000,2.745918873,0</coordinates></Point>
        </Placemark>

        <Placemark>
          <name>1117</name>
          <styleUrl>#style_Healthy</styleUrl>
          <ExtendedData>
            <Data name="id"><value>1117</value></Data>
            <Data name="Class"><value>Healthy</value></Data>
          </ExtendedData>
          <Point><coordinates>102.671691600,2.745861251,0</coordinates></Point>
        </Placemark>

        <Placemark>
          <name>1118</name>
          <styleUrl>#style_Healthy</styleUrl>
          <ExtendedData>
            <Data name="id"><value>1118</value></Data>
            <Data name="Class"><value>Healthy</value></Data>
          </ExtendedData>
          <Point><coordinates>102.671640300,2.745901336,0</coordinates></Point>
        </Placemark>

        <Placemark>
          <name>1119</name>
          <styleUrl>#style_Healthy</styleUrl>
          <ExtendedData>
            <Data name="id"><value>1119</value></Data>
            <Data name="Class"><value>Healthy</value></Data>
          </ExtendedData>
          <Point><coordinates>102.671736700,2.745806134,0</coordinates></Point>
        </Placemark>

        <Placemark>
          <name>1121</name>
          <styleUrl>#style_Healthy</styleUrl>
          <ExtendedData>
            <Data name="id"><value>1121</value></Data>
            <Data name="Class"><value>Healthy</value></Data>
          </ExtendedData>
          <Point><coordinates>102.671592700,2.745756028,0</coordinates></Point>
        </Placemark>

        <Placemark>
          <name>1124</name>
          <styleUrl>#style_Healthy</styleUrl>
          <ExtendedData>
            <Data name="id"><value>1124</value></Data>
            <Data name="Class"><value>Healthy</value></Data>
          </ExtendedData>
          <Point><coordinates>102.671537600,2.745808639,0</coordinates></Point>
        </Placemark>

        <Placemark>
          <name>1125</name>
          <styleUrl>#style_Healthy</styleUrl>
          <ExtendedData>
            <Data name="id"><value>1125</value></Data>
            <Data name="Class"><value>Healthy</value></Data>
          </ExtendedData>
          <Point><coordinates>102.671591400,2.745848724,0</coordinates></Point>
        </Placemark>

        <Placemark>
          <name>1128</name>
          <styleUrl>#style_Healthy</styleUrl>
          <ExtendedData>
            <Data name="id"><value>1128</value></Data>
            <Data name="Class"><value>Healthy</value></Data>
          </ExtendedData>
          <Point><coordinates>102.671502500,2.745871272,0</coordinates></Point>
        </Placemark>

        <Placemark>
          <name>1129</name>
          <styleUrl>#style_Healthy</styleUrl>
          <ExtendedData>
            <Data name="id"><value>1129</value></Data>
            <Data name="Class"><value>Healthy</value></Data>
          </ExtendedData>
          <Point><coordinates>102.671441100,2.745848724,0</coordinates></Point>
        </Placemark>

        <Placemark>
          <name>1130</name>
          <styleUrl>#style_Healthy</styleUrl>
          <ExtendedData>
            <Data name="id"><value>1130</value></Data>
            <Data name="Class"><value>Healthy</value></Data>
          </ExtendedData>
          <Point><coordinates>102.671404800,2.745910105,0</coordinates></Point>
        </Placemark>

        <Placemark>
          <name>1131</name>
          <styleUrl>#style_Healthy</styleUrl>
          <ExtendedData>
            <Data name="id"><value>1131</value></Data>
            <Data name="Class"><value>Healthy</value></Data>
          </ExtendedData>
          <Point><coordinates>102.671391000,2.745955200,0</coordinates></Point>
        </Placemark>

        <Placemark>
          <name>1132</name>
          <styleUrl>#style_Healthy</styleUrl>
          <ExtendedData>
            <Data name="id"><value>1132</value></Data>
            <Data name="Class"><value>Healthy</value></Data>
          </ExtendedData>
          <Point><coordinates>102.671312100,2.745941421,0</coordinates></Point>
        </Placemark>

        <Placemark>
          <name>1135</name>
          <styleUrl>#style_Healthy</styleUrl>
          <ExtendedData>
            <Data name="id"><value>1135</value></Data>
            <Data name="Class"><value>Healthy</value></Data>
          </ExtendedData>
          <Point><coordinates>102.671342100,2.745763544,0</coordinates></Point>
        </Placemark>

        <Placemark>
          <name>1136</name>
          <styleUrl>#style_Healthy</styleUrl>
          <ExtendedData>
            <Data name="id"><value>1136</value></Data>
            <Data name="Class"><value>Healthy</value></Data>
          </ExtendedData>
          <Point><coordinates>102.671298300,2.745722206,0</coordinates></Point>
        </Placemark>

        <Placemark>
          <name>1138</name>
          <styleUrl>#style_Healthy</styleUrl>
          <ExtendedData>
            <Data name="id"><value>1138</value></Data>
            <Data name="Class"><value>Healthy</value></Data>
          </ExtendedData>
          <Point><coordinates>102.671299500,2.745581908,0</coordinates></Point>
        </Placemark>

        <Placemark>
          <name>1139</name>
          <styleUrl>#style_Healthy</styleUrl>
          <ExtendedData>
            <Data name="id"><value>1139</value></Data>
            <Data name="Class"><value>Healthy</value></Data>
          </ExtendedData>
          <Point><coordinates>102.671269500,2.745634520,0</coordinates></Point>
        </Placemark>

        <Placemark>
          <name>1140</name>
          <styleUrl>#style_Healthy</styleUrl>
          <ExtendedData>
            <Data name="id"><value>1140</value></Data>
            <Data name="Class"><value>Healthy</value></Data>
          </ExtendedData>
          <Point><coordinates>102.671220600,2.745714690,0</coordinates></Point>
        </Placemark>

        <Placemark>
          <name>1142</name>
          <styleUrl>#style_Healthy</styleUrl>
          <ExtendedData>
            <Data name="id"><value>1142</value></Data>
            <Data name="Class"><value>Healthy</value></Data>
          </ExtendedData>
          <Point><coordinates>102.671191800,2.745644541,0</coordinates></Point>
        </Placemark>

        <Placemark>
          <name>1143</name>
          <styleUrl>#style_Healthy</styleUrl>
          <ExtendedData>
            <Data name="id"><value>1143</value></Data>
            <Data name="Class"><value>Healthy</value></Data>
          </ExtendedData>
          <Point><coordinates>102.671150500,2.745727216,0</coordinates></Point>
        </Placemark>

        <Placemark>
          <name>1144</name>
          <styleUrl>#style_Healthy</styleUrl>
          <ExtendedData>
            <Data name="id"><value>1144</value></Data>
            <Data name="Class"><value>Healthy</value></Data>
          </ExtendedData>
          <Point><coordinates>102.671119200,2.745670847,0</coordinates></Point>
        </Placemark>

        <Placemark>
          <name>1145</name>
          <styleUrl>#style_Healthy</styleUrl>
          <ExtendedData>
            <Data name="id"><value>1145</value></Data>
            <Data name="Class"><value>Healthy</value></Data>
          </ExtendedData>
          <Point><coordinates>102.671094100,2.745624498,0</coordinates></Point>
        </Placemark>

        <Placemark>
          <name>1146</name>
          <styleUrl>#style_Healthy</styleUrl>
          <ExtendedData>
            <Data name="id"><value>1146</value></Data>
            <Data name="Class"><value>Healthy</value></Data>
          </ExtendedData>
          <Point><coordinates>102.671096600,2.745550591,0</coordinates></Point>
        </Placemark>

        <Placemark>
          <name>1147</name>
          <styleUrl>#style_Healthy</styleUrl>
          <ExtendedData>
            <Data name="id"><value>1147</value></Data>
            <Data name="Class"><value>Healthy</value></Data>
          </ExtendedData>
          <Point><coordinates>102.671032700,2.745591929,0</coordinates></Point>
        </Placemark>

        <Placemark>
          <name>1148</name>
          <styleUrl>#style_Healthy</styleUrl>
          <ExtendedData>
            <Data name="id"><value>1148</value></Data>
            <Data name="Class"><value>Healthy</value></Data>
          </ExtendedData>
          <Point><coordinates>102.671026500,2.745515517,0</coordinates></Point>
        </Placemark>

        <Placemark>
          <name>1149</name>
          <styleUrl>#style_Healthy</styleUrl>
          <ExtendedData>
            <Data name="id"><value>1149</value></Data>
            <Data name="Class"><value>Healthy</value></Data>
          </ExtendedData>
          <Point><coordinates>102.671034000,2.745445368,0</coordinates></Point>
        </Placemark>

        <Placemark>
          <name>1150</name>
          <styleUrl>#style_Healthy</styleUrl>
          <ExtendedData>
            <Data name="id"><value>1150</value></Data>
            <Data name="Class"><value>Healthy</value></Data>
          </ExtendedData>
          <Point><coordinates>102.671029000,2.745353924,0</coordinates></Point>
        </Placemark>

        <Placemark>
          <name>1153</name>
          <styleUrl>#style_Healthy</styleUrl>
          <ExtendedData>
            <Data name="id"><value>1153</value></Data>
            <Data name="Class"><value>Healthy</value></Data>
          </ExtendedData>
          <Point><coordinates>102.670960100,2.745471674,0</coordinates></Point>
        </Placemark>

        <Placemark>
          <name>1154</name>
          <styleUrl>#style_Healthy</styleUrl>
          <ExtendedData>
            <Data name="id"><value>1154</value></Data>
            <Data name="Class"><value>Healthy</value></Data>
          </ExtendedData>
          <Point><coordinates>102.670961300,2.745555602,0</coordinates></Point>
        </Placemark>

        <Placemark>
          <name>1156</name>
          <styleUrl>#style_Healthy</styleUrl>
          <ExtendedData>
            <Data name="id"><value>1156</value></Data>
            <Data name="Class"><value>Healthy</value></Data>
          </ExtendedData>
          <Point><coordinates>102.670889900,2.745508001,0</coordinates></Point>
        </Placemark>

        <Placemark>
          <name>1157</name>
          <styleUrl>#style_Healthy</styleUrl>
          <ExtendedData>
            <Data name="id"><value>1157</value></Data>
            <Data name="Class"><value>Healthy</value></Data>
          </ExtendedData>
          <Point><coordinates>102.670893700,2.745588171,0</coordinates></Point>
        </Placemark>

        <Placemark>
          <name>1158</name>
          <styleUrl>#style_Healthy</styleUrl>
          <ExtendedData>
            <Data name="id"><value>1158</value></Data>
            <Data name="Class"><value>Healthy</value></Data>
          </ExtendedData>
          <Point><coordinates>102.670891200,2.745667089,0</coordinates></Point>
        </Placemark>

        <Placemark>
          <name>1165</name>
          <styleUrl>#style_Healthy</styleUrl>
          <ExtendedData>
            <Data name="id"><value>1165</value></Data>
            <Data name="Class"><value>Healthy</value></Data>
          </ExtendedData>
          <Point><coordinates>102.671194300,2.745875030,0</coordinates></Point>
        </Placemark>

        <Placemark>
          <name>1167</name>
          <styleUrl>#style_Healthy</styleUrl>
          <ExtendedData>
            <Data name="id"><value>1167</value></Data>
            <Data name="Class"><value>Healthy</value></Data>
          </ExtendedData>
          <Point><coordinates>102.671235700,2.745942674,0</coordinates></Point>
        </Placemark>

        <Placemark>
          <name>1168</name>
          <styleUrl>#style_Healthy</styleUrl>
          <ExtendedData>
            <Data name="id"><value>1168</value></Data>
            <Data name="Class"><value>Healthy</value></Data>
          </ExtendedData>
          <Point><coordinates>102.671168000,2.745961464,0</coordinates></Point>
        </Placemark>

        <Placemark>
          <name>1169</name>
          <styleUrl>#style_Healthy</styleUrl>
          <ExtendedData>
            <Data name="id"><value>1169</value></Data>
            <Data name="Class"><value>Healthy</value></Data>
          </ExtendedData>
          <Point><coordinates>102.671124200,2.745901336,0</coordinates></Point>
        </Placemark>

        <Placemark>
          <name>1171</name>
          <styleUrl>#style_Healthy</styleUrl>
          <ExtendedData>
            <Data name="id"><value>1171</value></Data>
            <Data name="Class"><value>Healthy</value></Data>
          </ExtendedData>
          <Point><coordinates>102.671016400,2.745783586,0</coordinates></Point>
        </Placemark>

        <Placemark>
          <name>1178</name>
          <styleUrl>#style_Healthy</styleUrl>
          <ExtendedData>
            <Data name="id"><value>1178</value></Data>
            <Data name="Class"><value>Healthy</value></Data>
          </ExtendedData>
          <Point><coordinates>102.671010200,2.745981506,0</coordinates></Point>
        </Placemark>

        <Placemark>
          <name>1179</name>
          <styleUrl>#style_Healthy</styleUrl>
          <ExtendedData>
            <Data name="id"><value>1179</value></Data>
            <Data name="Class"><value>Healthy</value></Data>
          </ExtendedData>
          <Point><coordinates>102.670927500,2.745948937,0</coordinates></Point>
        </Placemark>

        <Placemark>
          <name>1182</name>
          <styleUrl>#style_Healthy</styleUrl>
          <ExtendedData>
            <Data name="id"><value>1182</value></Data>
            <Data name="Class"><value>Healthy</value></Data>
          </ExtendedData>
          <Point><coordinates>102.668583800,2.745843714,0</coordinates></Point>
        </Placemark>

        <Placemark>
          <name>1184</name>
          <styleUrl>#style_Healthy</styleUrl>
          <ExtendedData>
            <Data name="id"><value>1184</value></Data>
            <Data name="Class"><value>Healthy</value></Data>
          </ExtendedData>
          <Point><coordinates>102.668489200,2.746005933,0</coordinates></Point>
        </Placemark>

        <Placemark>
          <name>1185</name>
          <styleUrl>#style_Healthy</styleUrl>
          <ExtendedData>
            <Data name="id"><value>1185</value></Data>
            <Data name="Class"><value>Healthy</value></Data>
          </ExtendedData>
          <Point><coordinates>102.668551200,2.746009691,0</coordinates></Point>
        </Placemark>

        <Placemark>
          <name>1186</name>
          <styleUrl>#style_Healthy</styleUrl>
          <ExtendedData>
            <Data name="id"><value>1186</value></Data>
            <Data name="Class"><value>Healthy</value></Data>
          </ExtendedData>
          <Point><coordinates>102.668626400,2.746038502,0</coordinates></Point>
        </Placemark>

        <Placemark>
          <name>1187</name>
          <styleUrl>#style_Healthy</styleUrl>
          <ExtendedData>
            <Data name="id"><value>1187</value></Data>
            <Data name="Class"><value>Healthy</value></Data>
          </ExtendedData>
          <Point><coordinates>102.668687100,2.746010944,0</coordinates></Point>
        </Placemark>

        <Placemark>
          <name>1188</name>
          <styleUrl>#style_Healthy</styleUrl>
          <ExtendedData>
            <Data name="id"><value>1188</value></Data>
            <Data name="Class"><value>Healthy</value></Data>
          </ExtendedData>
          <Point><coordinates>102.668690300,2.745931400,0</coordinates></Point>
        </Placemark>

        <Placemark>
          <name>1190</name>
          <styleUrl>#style_Healthy</styleUrl>
          <ExtendedData>
            <Data name="id"><value>1190</value></Data>
            <Data name="Class"><value>Healthy</value></Data>
          </ExtendedData>
          <Point><coordinates>102.668620700,2.745893194,0</coordinates></Point>
        </Placemark>

        <Placemark>
          <name>1192</name>
          <styleUrl>#style_Healthy</styleUrl>
          <ExtendedData>
            <Data name="id"><value>1192</value></Data>
            <Data name="Class"><value>Healthy</value></Data>
          </ExtendedData>
          <Point><coordinates>102.668972100,2.746005933,0</coordinates></Point>
        </Placemark>

        <Placemark>
          <name>1193</name>
          <styleUrl>#style_Healthy</styleUrl>
          <ExtendedData>
            <Data name="id"><value>1193</value></Data>
            <Data name="Class"><value>Healthy</value></Data>
          </ExtendedData>
          <Point><coordinates>102.668947700,2.746062929,0</coordinates></Point>
        </Placemark>

        <Placemark>
          <name>1195</name>
          <styleUrl>#style_Healthy</styleUrl>
          <ExtendedData>
            <Data name="id"><value>1195</value></Data>
            <Data name="Class"><value>Healthy</value></Data>
          </ExtendedData>
          <Point><coordinates>102.669113000,2.746081093,0</coordinates></Point>
        </Placemark>

        <Placemark>
          <name>1197</name>
          <styleUrl>#style_Healthy</styleUrl>
          <ExtendedData>
            <Data name="id"><value>1197</value></Data>
            <Data name="Class"><value>Healthy</value></Data>
          </ExtendedData>
          <Point><coordinates>102.669109900,2.746003428,0</coordinates></Point>
        </Placemark>

        <Placemark>
          <name>1200</name>
          <styleUrl>#style_Healthy</styleUrl>
          <ExtendedData>
            <Data name="id"><value>1200</value></Data>
            <Data name="Class"><value>Healthy</value></Data>
          </ExtendedData>
          <Point><coordinates>102.669076700,2.745920126,0</coordinates></Point>
        </Placemark>

        <Placemark>
          <name>1201</name>
          <styleUrl>#style_Healthy</styleUrl>
          <ExtendedData>
            <Data name="id"><value>1201</value></Data>
            <Data name="Class"><value>Healthy</value></Data>
          </ExtendedData>
          <Point><coordinates>102.669027200,2.745896952,0</coordinates></Point>
        </Placemark>

        <Placemark>
          <name>1202</name>
          <styleUrl>#style_Healthy</styleUrl>
          <ExtendedData>
            <Data name="id"><value>1202</value></Data>
            <Data name="Class"><value>Healthy</value></Data>
          </ExtendedData>
          <Point><coordinates>102.669039800,2.745967101,0</coordinates></Point>
        </Placemark>

        <Placemark>
          <name>1203</name>
          <styleUrl>#style_Healthy</styleUrl>
          <ExtendedData>
            <Data name="id"><value>1203</value></Data>
            <Data name="Class"><value>Healthy</value></Data>
          </ExtendedData>
          <Point><coordinates>102.668967100,2.745927642,0</coordinates></Point>
        </Placemark>

        <Placemark>
          <name>1204</name>
          <styleUrl>#style_Healthy</styleUrl>
          <ExtendedData>
            <Data name="id"><value>1204</value></Data>
            <Data name="Class"><value>Healthy</value></Data>
          </ExtendedData>
          <Point><coordinates>102.668854400,2.745925763,0</coordinates></Point>
        </Placemark>

        <Placemark>
          <name>1205</name>
          <styleUrl>#style_Healthy</styleUrl>
          <ExtendedData>
            <Data name="id"><value>1205</value></Data>
            <Data name="Class"><value>Healthy</value></Data>
          </ExtendedData>
          <Point><coordinates>102.668900100,2.745883799,0</coordinates></Point>
        </Placemark>

        <Placemark>
          <name>1206</name>
          <styleUrl>#style_Healthy</styleUrl>
          <ExtendedData>
            <Data name="id"><value>1206</value></Data>
            <Data name="Class"><value>Healthy</value></Data>
          </ExtendedData>
          <Point><coordinates>102.668966500,2.745848098,0</coordinates></Point>
        </Placemark>

        <Placemark>
          <name>1207</name>
          <styleUrl>#style_Healthy</styleUrl>
          <ExtendedData>
            <Data name="id"><value>1207</value></Data>
            <Data name="Class"><value>Healthy</value></Data>
          </ExtendedData>
          <Point><coordinates>102.668901300,2.745806760,0</coordinates></Point>
        </Placemark>

        <Placemark>
          <name>1209</name>
          <styleUrl>#style_Healthy</styleUrl>
          <ExtendedData>
            <Data name="id"><value>1209</value></Data>
            <Data name="Class"><value>Healthy</value></Data>
          </ExtendedData>
          <Point><coordinates>102.668759200,2.745732227,0</coordinates></Point>
        </Placemark>

        <Placemark>
          <name>1210</name>
          <styleUrl>#style_Healthy</styleUrl>
          <ExtendedData>
            <Data name="id"><value>1210</value></Data>
            <Data name="Class"><value>Healthy</value></Data>
          </ExtendedData>
          <Point><coordinates>102.668764800,2.745650178,0</coordinates></Point>
        </Placemark>

        <Placemark>
          <name>1211</name>
          <styleUrl>#style_Healthy</styleUrl>
          <ExtendedData>
            <Data name="id"><value>1211</value></Data>
            <Data name="Class"><value>Healthy</value></Data>
          </ExtendedData>
          <Point><coordinates>102.668697800,2.745615730,0</coordinates></Point>
        </Placemark>

        <Placemark>
          <name>1212</name>
          <styleUrl>#style_Healthy</styleUrl>
          <ExtendedData>
            <Data name="id"><value>1212</value></Data>
            <Data name="Class"><value>Healthy</value></Data>
          </ExtendedData>
          <Point><coordinates>102.668833100,2.745690889,0</coordinates></Point>
        </Placemark>

        <Placemark>
          <name>1213</name>
          <styleUrl>#style_Healthy</styleUrl>
          <ExtendedData>
            <Data name="id"><value>1213</value></Data>
            <Data name="Class"><value>Healthy</value></Data>
          </ExtendedData>
          <Point><coordinates>102.668828700,2.745763544,0</coordinates></Point>
        </Placemark>

        <Placemark>
          <name>1214</name>
          <styleUrl>#style_Healthy</styleUrl>
          <ExtendedData>
            <Data name="id"><value>1214</value></Data>
            <Data name="Class"><value>Healthy</value></Data>
          </ExtendedData>
          <Point><coordinates>102.668898800,2.745729722,0</coordinates></Point>
        </Placemark>

        <Placemark>
          <name>1215</name>
          <styleUrl>#style_Healthy</styleUrl>
          <ExtendedData>
            <Data name="id"><value>1215</value></Data>
            <Data name="Class"><value>Healthy</value></Data>
          </ExtendedData>
          <Point><coordinates>102.668969600,2.745767928,0</coordinates></Point>
        </Placemark>

        <Placemark>
          <name>1220</name>
          <styleUrl>#style_Healthy</styleUrl>
          <ExtendedData>
            <Data name="id"><value>1220</value></Data>
            <Data name="Class"><value>Healthy</value></Data>
          </ExtendedData>
          <Point><coordinates>102.669036600,2.745730348,0</coordinates></Point>
        </Placemark>

        <Placemark>
          <name>1222</name>
          <styleUrl>#style_Healthy</styleUrl>
          <ExtendedData>
            <Data name="id"><value>1222</value></Data>
            <Data name="Class"><value>Healthy</value></Data>
          </ExtendedData>
          <Point><coordinates>102.668897600,2.745648299,0</coordinates></Point>
        </Placemark>

        <Placemark>
          <name>1223</name>
          <styleUrl>#style_Healthy</styleUrl>
          <ExtendedData>
            <Data name="id"><value>1223</value></Data>
            <Data name="Class"><value>Healthy</value></Data>
          </ExtendedData>
          <Point><coordinates>102.668830600,2.745606961,0</coordinates></Point>
        </Placemark>

        <Placemark>
          <name>1224</name>
          <styleUrl>#style_Healthy</styleUrl>
          <ExtendedData>
            <Data name="id"><value>1224</value></Data>
            <Data name="Class"><value>Healthy</value></Data>
          </ExtendedData>
          <Point><coordinates>102.668965200,2.745611972,0</coordinates></Point>
        </Placemark>

        <Placemark>
          <name>1226</name>
          <styleUrl>#style_Healthy</styleUrl>
          <ExtendedData>
            <Data name="id"><value>1226</value></Data>
            <Data name="Class"><value>Healthy</value></Data>
          </ExtendedData>
          <Point><coordinates>102.669108600,2.745688384,0</coordinates></Point>
        </Placemark>

        <Placemark>
          <name>1235</name>
          <styleUrl>#style_Healthy</styleUrl>
          <ExtendedData>
            <Data name="id"><value>1235</value></Data>
            <Data name="Class"><value>Healthy</value></Data>
          </ExtendedData>
          <Point><coordinates>102.669242100,2.745687758,0</coordinates></Point>
        </Placemark>

        <Placemark>
          <name>1250</name>
          <styleUrl>#style_Healthy</styleUrl>
          <ExtendedData>
            <Data name="id"><value>1250</value></Data>
            <Data name="Class"><value>Healthy</value></Data>
          </ExtendedData>
          <Point><coordinates>102.669451900,2.745727216,0</coordinates></Point>
        </Placemark>

        <Placemark>
          <name>1252</name>
          <styleUrl>#style_Healthy</styleUrl>
          <ExtendedData>
            <Data name="id"><value>1252</value></Data>
            <Data name="Class"><value>Healthy</value></Data>
          </ExtendedData>
          <Point><coordinates>102.669518900,2.745687131,0</coordinates></Point>
        </Placemark>

        <Placemark>
          <name>1253</name>
          <styleUrl>#style_Healthy</styleUrl>
          <ExtendedData>
            <Data name="id"><value>1253</value></Data>
            <Data name="Class"><value>Healthy</value></Data>
          </ExtendedData>
          <Point><coordinates>102.669450600,2.745643915,0</coordinates></Point>
        </Placemark>

        <Placemark>
          <name>1255</name>
          <styleUrl>#style_Healthy</styleUrl>
          <ExtendedData>
            <Data name="id"><value>1255</value></Data>
            <Data name="Class"><value>Healthy</value></Data>
          </ExtendedData>
          <Point><coordinates>102.669661100,2.745678989,0</coordinates></Point>
        </Placemark>

        <Placemark>
          <name>1265</name>
          <styleUrl>#style_Healthy</styleUrl>
          <ExtendedData>
            <Data name="id"><value>1265</value></Data>
            <Data name="Class"><value>Healthy</value></Data>
          </ExtendedData>
          <Point><coordinates>102.669662300,2.746004680,0</coordinates></Point>
        </Placemark>

        <Placemark>
          <name>1280</name>
          <styleUrl>#style_Healthy</styleUrl>
          <ExtendedData>
            <Data name="id"><value>1280</value></Data>
            <Data name="Class"><value>Healthy</value></Data>
          </ExtendedData>
          <Point><coordinates>102.669955400,2.745831813,0</coordinates></Point>
        </Placemark>

        <Placemark>
          <name>1282</name>
          <styleUrl>#style_Healthy</styleUrl>
          <ExtendedData>
            <Data name="id"><value>1282</value></Data>
            <Data name="Class"><value>Healthy</value></Data>
          </ExtendedData>
          <Point><coordinates>102.669998000,2.745954574,0</coordinates></Point>
        </Placemark>

        <Placemark>
          <name>1283</name>
          <styleUrl>#style_Healthy</styleUrl>
          <ExtendedData>
            <Data name="id"><value>1283</value></Data>
            <Data name="Class"><value>Healthy</value></Data>
          </ExtendedData>
          <Point><coordinates>102.669935400,2.746018460,0</coordinates></Point>
        </Placemark>

        <Placemark>
          <name>1285</name>
          <styleUrl>#style_Healthy</styleUrl>
          <ExtendedData>
            <Data name="id"><value>1285</value></Data>
            <Data name="Class"><value>Healthy</value></Data>
          </ExtendedData>
          <Point><coordinates>102.670001800,2.746029734,0</coordinates></Point>
        </Placemark>

        <Placemark>
          <name>1286</name>
          <styleUrl>#style_Healthy</styleUrl>
          <ExtendedData>
            <Data name="id"><value>1286</value></Data>
            <Data name="Class"><value>Healthy</value></Data>
          </ExtendedData>
          <Point><coordinates>102.670061900,2.745993407,0</coordinates></Point>
        </Placemark>

        <Placemark>
          <name>1287</name>
          <styleUrl>#style_Healthy</styleUrl>
          <ExtendedData>
            <Data name="id"><value>1287</value></Data>
            <Data name="Class"><value>Healthy</value></Data>
          </ExtendedData>
          <Point><coordinates>102.670135800,2.746030986,0</coordinates></Point>
        </Placemark>

        <Placemark>
          <name>1288</name>
          <styleUrl>#style_Healthy</styleUrl>
          <ExtendedData>
            <Data name="id"><value>1288</value></Data>
            <Data name="Class"><value>Healthy</value></Data>
          </ExtendedData>
          <Point><coordinates>102.670135800,2.745950816,0</coordinates></Point>
        </Placemark>

        <Placemark>
          <name>1289</name>
          <styleUrl>#style_Healthy</styleUrl>
          <ExtendedData>
            <Data name="id"><value>1289</value></Data>
            <Data name="Class"><value>Healthy</value></Data>
          </ExtendedData>
          <Point><coordinates>102.670127100,2.745875657,0</coordinates></Point>
        </Placemark>

        <Placemark>
          <name>1290</name>
          <styleUrl>#style_Healthy</styleUrl>
          <ExtendedData>
            <Data name="id"><value>1290</value></Data>
            <Data name="Class"><value>Healthy</value></Data>
          </ExtendedData>
          <Point><coordinates>102.670132100,2.745790476,0</coordinates></Point>
        </Placemark>

        <Placemark>
          <name>1291</name>
          <styleUrl>#style_Healthy</styleUrl>
          <ExtendedData>
            <Data name="id"><value>1291</value></Data>
            <Data name="Class"><value>Healthy</value></Data>
          </ExtendedData>
          <Point><coordinates>102.670077000,2.745739117,0</coordinates></Point>
        </Placemark>

        <Placemark>
          <name>1292</name>
          <styleUrl>#style_Healthy</styleUrl>
          <ExtendedData>
            <Data name="id"><value>1292</value></Data>
            <Data name="Class"><value>Healthy</value></Data>
          </ExtendedData>
          <Point><coordinates>102.670009300,2.745722832,0</coordinates></Point>
        </Placemark>

        <Placemark>
          <name>1293</name>
          <styleUrl>#style_Healthy</styleUrl>
          <ExtendedData>
            <Data name="id"><value>1293</value></Data>
            <Data name="Class"><value>Healthy</value></Data>
          </ExtendedData>
          <Point><coordinates>102.670063200,2.745841835,0</coordinates></Point>
        </Placemark>

        <Placemark>
          <name>1294</name>
          <styleUrl>#style_Healthy</styleUrl>
          <ExtendedData>
            <Data name="id"><value>1294</value></Data>
            <Data name="Class"><value>Healthy</value></Data>
          </ExtendedData>
          <Point><coordinates>102.670208500,2.745995912,0</coordinates></Point>
        </Placemark>

        <Placemark>
          <name>1296</name>
          <styleUrl>#style_Healthy</styleUrl>
          <ExtendedData>
            <Data name="id"><value>1296</value></Data>
            <Data name="Class"><value>Healthy</value></Data>
          </ExtendedData>
          <Point><coordinates>102.670277400,2.745958332,0</coordinates></Point>
        </Placemark>

        <Placemark>
          <name>1297</name>
          <styleUrl>#style_Healthy</styleUrl>
          <ExtendedData>
            <Data name="id"><value>1297</value></Data>
            <Data name="Class"><value>Healthy</value></Data>
          </ExtendedData>
          <Point><coordinates>102.670267400,2.745878162,0</coordinates></Point>
        </Placemark>

        <Placemark>
          <name>1298</name>
          <styleUrl>#style_Healthy</styleUrl>
          <ExtendedData>
            <Data name="id"><value>1298</value></Data>
            <Data name="Class"><value>Healthy</value></Data>
          </ExtendedData>
          <Point><coordinates>102.670198500,2.745911984,0</coordinates></Point>
        </Placemark>

        <Placemark>
          <name>1299</name>
          <styleUrl>#style_Healthy</styleUrl>
          <ExtendedData>
            <Data name="id"><value>1299</value></Data>
            <Data name="Class"><value>Healthy</value></Data>
          </ExtendedData>
          <Point><coordinates>102.670207200,2.745839329,0</coordinates></Point>
        </Placemark>

        <Placemark>
          <name>1300</name>
          <styleUrl>#style_Healthy</styleUrl>
          <ExtendedData>
            <Data name="id"><value>1300</value></Data>
            <Data name="Class"><value>Healthy</value></Data>
          </ExtendedData>
          <Point><coordinates>102.670201000,2.745764170,0</coordinates></Point>
        </Placemark>

        <Placemark>
          <name>1301</name>
          <styleUrl>#style_Healthy</styleUrl>
          <ExtendedData>
            <Data name="id"><value>1301</value></Data>
            <Data name="Class"><value>Healthy</value></Data>
          </ExtendedData>
          <Point><coordinates>102.670271100,2.745794234,0</coordinates></Point>
        </Placemark>

        <Placemark>
          <name>1302</name>
          <styleUrl>#style_Healthy</styleUrl>
          <ExtendedData>
            <Data name="id"><value>1302</value></Data>
            <Data name="Class"><value>Healthy</value></Data>
          </ExtendedData>
          <Point><coordinates>102.670338800,2.745833066,0</coordinates></Point>
        </Placemark>

        <Placemark>
          <name>1305</name>
          <styleUrl>#style_Healthy</styleUrl>
          <ExtendedData>
            <Data name="id"><value>1305</value></Data>
            <Data name="Class"><value>Healthy</value></Data>
          </ExtendedData>
          <Point><coordinates>102.670471500,2.745995912,0</coordinates></Point>
        </Placemark>

        <Placemark>
          <name>1306</name>
          <styleUrl>#style_Healthy</styleUrl>
          <ExtendedData>
            <Data name="id"><value>1306</value></Data>
            <Data name="Class"><value>Healthy</value></Data>
          </ExtendedData>
          <Point><coordinates>102.670480300,2.745938289,0</coordinates></Point>
        </Placemark>

        <Placemark>
          <name>1307</name>
          <styleUrl>#style_Healthy</styleUrl>
          <ExtendedData>
            <Data name="id"><value>1307</value></Data>
            <Data name="Class"><value>Healthy</value></Data>
          </ExtendedData>
          <Point><coordinates>102.670410200,2.745878162,0</coordinates></Point>
        </Placemark>

        <Placemark>
          <name>1308</name>
          <styleUrl>#style_Healthy</styleUrl>
          <ExtendedData>
            <Data name="id"><value>1308</value></Data>
            <Data name="Class"><value>Healthy</value></Data>
          </ExtendedData>
          <Point><coordinates>102.670406400,2.745790476,0</coordinates></Point>
        </Placemark>

        <Placemark>
          <name>1309</name>
          <styleUrl>#style_Healthy</styleUrl>
          <ExtendedData>
            <Data name="id"><value>1309</value></Data>
            <Data name="Class"><value>Healthy</value></Data>
          </ExtendedData>
          <Point><coordinates>102.670474000,2.745835571,0</coordinates></Point>
        </Placemark>

        <Placemark>
          <name>1311</name>
          <styleUrl>#style_Healthy</styleUrl>
          <ExtendedData>
            <Data name="id"><value>1311</value></Data>
            <Data name="Class"><value>Healthy</value></Data>
          </ExtendedData>
          <Point><coordinates>102.670608100,2.745923258,0</coordinates></Point>
        </Placemark>

        <Placemark>
          <name>1312</name>
          <styleUrl>#style_Healthy</styleUrl>
          <ExtendedData>
            <Data name="id"><value>1312</value></Data>
            <Data name="Class"><value>Healthy</value></Data>
          </ExtendedData>
          <Point><coordinates>102.670545400,2.745952069,0</coordinates></Point>
        </Placemark>

        <Placemark>
          <name>1313</name>
          <styleUrl>#style_Healthy</styleUrl>
          <ExtendedData>
            <Data name="id"><value>1313</value></Data>
            <Data name="Class"><value>Healthy</value></Data>
          </ExtendedData>
          <Point><coordinates>102.670611800,2.745992154,0</coordinates></Point>
        </Placemark>

        <Placemark>
          <name>1314</name>
          <styleUrl>#style_Healthy</styleUrl>
          <ExtendedData>
            <Data name="id"><value>1314</value></Data>
            <Data name="Class"><value>Healthy</value></Data>
          </ExtendedData>
          <Point><coordinates>102.670669500,2.745949563,0</coordinates></Point>
        </Placemark>

        <Placemark>
          <name>1318</name>
          <styleUrl>#style_Healthy</styleUrl>
          <ExtendedData>
            <Data name="id"><value>1318</value></Data>
            <Data name="Class"><value>Healthy</value></Data>
          </ExtendedData>
          <Point><coordinates>102.670794700,2.746028481,0</coordinates></Point>
        </Placemark>

        <Placemark>
          <name>1319</name>
          <styleUrl>#style_Healthy</styleUrl>
          <ExtendedData>
            <Data name="id"><value>1319</value></Data>
            <Data name="Class"><value>Healthy</value></Data>
          </ExtendedData>
          <Point><coordinates>102.670735900,2.745992154,0</coordinates></Point>
        </Placemark>

        <Placemark>
          <name>1321</name>
          <styleUrl>#style_Healthy</styleUrl>
          <ExtendedData>
            <Data name="id"><value>1321</value></Data>
            <Data name="Class"><value>Healthy</value></Data>
          </ExtendedData>
          <Point><coordinates>102.670550500,2.746034744,0</coordinates></Point>
        </Placemark>

        <Placemark>
          <name>1323</name>
          <styleUrl>#style_Healthy</styleUrl>
          <ExtendedData>
            <Data name="id"><value>1323</value></Data>
            <Data name="Class"><value>Healthy</value></Data>
          </ExtendedData>
          <Point><coordinates>102.670610300,2.745838390,0</coordinates></Point>
        </Placemark>

        <Placemark>
          <name>1332</name>
          <styleUrl>#style_Healthy</styleUrl>
          <ExtendedData>
            <Data name="id"><value>1332</value></Data>
            <Data name="Class"><value>Healthy</value></Data>
          </ExtendedData>
          <Point><coordinates>102.670825100,2.745629822,0</coordinates></Point>
        </Placemark>

        <Placemark>
          <name>1333</name>
          <styleUrl>#style_Healthy</styleUrl>
          <ExtendedData>
            <Data name="id"><value>1333</value></Data>
            <Data name="Class"><value>Healthy</value></Data>
          </ExtendedData>
          <Point><coordinates>102.670820700,2.745553410,0</coordinates></Point>
        </Placemark>

        <Placemark>
          <name>1334</name>
          <styleUrl>#style_Healthy</styleUrl>
          <ExtendedData>
            <Data name="id"><value>1334</value></Data>
            <Data name="Class"><value>Healthy</value></Data>
          </ExtendedData>
          <Point><coordinates>102.670610300,2.745671160,0</coordinates></Point>
        </Placemark>

        <Placemark>
          <name>1335</name>
          <styleUrl>#style_Healthy</styleUrl>
          <ExtendedData>
            <Data name="id"><value>1335</value></Data>
            <Data name="Class"><value>Healthy</value></Data>
          </ExtendedData>
          <Point><coordinates>102.670688600,2.745551531,0</coordinates></Point>
        </Placemark>

        <Placemark>
          <name>1336</name>
          <styleUrl>#style_Healthy</styleUrl>
          <ExtendedData>
            <Data name="id"><value>1336</value></Data>
            <Data name="Class"><value>Healthy</value></Data>
          </ExtendedData>
          <Point><coordinates>102.670753100,2.745510193,0</coordinates></Point>
        </Placemark>

        <Placemark>
          <name>1337</name>
          <styleUrl>#style_Healthy</styleUrl>
          <ExtendedData>
            <Data name="id"><value>1337</value></Data>
            <Data name="Class"><value>Healthy</value></Data>
          </ExtendedData>
          <Point><coordinates>102.670611500,2.745599758,0</coordinates></Point>
        </Placemark>

        <Placemark>
          <name>1338</name>
          <styleUrl>#style_Healthy</styleUrl>
          <ExtendedData>
            <Data name="id"><value>1338</value></Data>
            <Data name="Class"><value>Healthy</value></Data>
          </ExtendedData>
          <Point><coordinates>102.670547000,2.745632327,0</coordinates></Point>
        </Placemark>

        <Placemark>
          <name>1339</name>
          <styleUrl>#style_Healthy</styleUrl>
          <ExtendedData>
            <Data name="id"><value>1339</value></Data>
            <Data name="Class"><value>Healthy</value></Data>
          </ExtendedData>
          <Point><coordinates>102.670542000,2.745711871,0</coordinates></Point>
        </Placemark>

        <Placemark>
          <name>1340</name>
          <styleUrl>#style_Healthy</styleUrl>
          <ExtendedData>
            <Data name="id"><value>1340</value></Data>
            <Data name="Class"><value>Healthy</value></Data>
          </ExtendedData>
          <Point><coordinates>102.670478100,2.745751330,0</coordinates></Point>
        </Placemark>

        <Placemark>
          <name>1341</name>
          <styleUrl>#style_Healthy</styleUrl>
          <ExtendedData>
            <Data name="id"><value>1341</value></Data>
            <Data name="Class"><value>Healthy</value></Data>
          </ExtendedData>
          <Point><coordinates>102.670339100,2.745759472,0</coordinates></Point>
        </Placemark>

        <Placemark>
          <name>1342</name>
          <styleUrl>#style_Healthy</styleUrl>
          <ExtendedData>
            <Data name="id"><value>1342</value></Data>
            <Data name="Class"><value>Healthy</value></Data>
          </ExtendedData>
          <Point><coordinates>102.670339700,2.745675544,0</coordinates></Point>
        </Placemark>

        <Placemark>
          <name>1343</name>
          <styleUrl>#style_Healthy</styleUrl>
          <ExtendedData>
            <Data name="id"><value>1343</value></Data>
            <Data name="Class"><value>Healthy</value></Data>
          </ExtendedData>
          <Point><coordinates>102.670265800,2.745711245,0</coordinates></Point>
        </Placemark>

        <Placemark>
          <name>1344</name>
          <styleUrl>#style_Healthy</styleUrl>
          <ExtendedData>
            <Data name="id"><value>1344</value></Data>
            <Data name="Class"><value>Healthy</value></Data>
          </ExtendedData>
          <Point><coordinates>102.670408000,2.745713124,0</coordinates></Point>
        </Placemark>

        <Placemark>
          <name>1345</name>
          <styleUrl>#style_Healthy</styleUrl>
          <ExtendedData>
            <Data name="id"><value>1345</value></Data>
            <Data name="Class"><value>Healthy</value></Data>
          </ExtendedData>
          <Point><coordinates>102.670405500,2.745636085,0</coordinates></Point>
        </Placemark>

        <Placemark>
          <name>1346</name>
          <styleUrl>#style_Healthy</styleUrl>
          <ExtendedData>
            <Data name="id"><value>1346</value></Data>
            <Data name="Class"><value>Healthy</value></Data>
          </ExtendedData>
          <Point><coordinates>102.670481300,2.745678050,0</coordinates></Point>
        </Placemark>

        <Placemark>
          <name>1347</name>
          <styleUrl>#style_Healthy</styleUrl>
          <ExtendedData>
            <Data name="id"><value>1347</value></Data>
            <Data name="Class"><value>Healthy</value></Data>
          </ExtendedData>
          <Point><coordinates>102.670481300,2.745596627,0</coordinates></Point>
        </Placemark>

        <Placemark>
          <name>1348</name>
          <styleUrl>#style_Healthy</styleUrl>
          <ExtendedData>
            <Data name="id"><value>1348</value></Data>
            <Data name="Class"><value>Healthy</value></Data>
          </ExtendedData>
          <Point><coordinates>102.670548900,2.745560926,0</coordinates></Point>
        </Placemark>

        <Placemark>
          <name>1349</name>
          <styleUrl>#style_Healthy</styleUrl>
          <ExtendedData>
            <Data name="id"><value>1349</value></Data>
            <Data name="Class"><value>Healthy</value></Data>
          </ExtendedData>
          <Point><coordinates>102.670483800,2.745509567,0</coordinates></Point>
        </Placemark>

        <Placemark>
          <name>1350</name>
          <styleUrl>#style_Healthy</styleUrl>
          <ExtendedData>
            <Data name="id"><value>1350</value></Data>
            <Data name="Class"><value>Healthy</value></Data>
          </ExtendedData>
          <Point><coordinates>102.670408000,2.745555915,0</coordinates></Point>
        </Placemark>

        <Placemark>
          <name>1351</name>
          <styleUrl>#style_Healthy</styleUrl>
          <ExtendedData>
            <Data name="id"><value>1351</value></Data>
            <Data name="Class"><value>Healthy</value></Data>
          </ExtendedData>
          <Point><coordinates>102.670343500,2.745512698,0</coordinates></Point>
        </Placemark>

        <Placemark>
          <name>1353</name>
          <styleUrl>#style_Healthy</styleUrl>
          <ExtendedData>
            <Data name="id"><value>1353</value></Data>
            <Data name="Class"><value>Healthy</value></Data>
          </ExtendedData>
          <Point><coordinates>102.670265800,2.745638591,0</coordinates></Point>
        </Placemark>

        <Placemark>
          <name>1358</name>
          <styleUrl>#style_Healthy</styleUrl>
          <ExtendedData>
            <Data name="id"><value>1358</value></Data>
            <Data name="Class"><value>Healthy</value></Data>
          </ExtendedData>
          <Point><coordinates>102.670622800,2.745507688,0</coordinates></Point>
        </Placemark>

        <Placemark>
          <name>1359</name>
          <styleUrl>#style_Healthy</styleUrl>
          <ExtendedData>
            <Data name="id"><value>1359</value></Data>
            <Data name="Class"><value>Healthy</value></Data>
          </ExtendedData>
          <Point><coordinates>102.668755100,2.745567189,0</coordinates></Point>
        </Placemark>

        <Placemark>
          <name>1360</name>
          <styleUrl>#style_Healthy</styleUrl>
          <ExtendedData>
            <Data name="id"><value>1360</value></Data>
            <Data name="Class"><value>Healthy</value></Data>
          </ExtendedData>
          <Point><coordinates>102.668896600,2.745570321,0</coordinates></Point>
        </Placemark>

        <Placemark>
          <name>1361</name>
          <styleUrl>#style_Healthy</styleUrl>
          <ExtendedData>
            <Data name="id"><value>1361</value></Data>
            <Data name="Class"><value>Healthy</value></Data>
          </ExtendedData>
          <Point><coordinates>102.669033200,2.745577837,0</coordinates></Point>
        </Placemark>

        <Placemark>
          <name>1363</name>
          <styleUrl>#style_Healthy</styleUrl>
          <ExtendedData>
            <Data name="id"><value>1363</value></Data>
            <Data name="Class"><value>Healthy</value></Data>
          </ExtendedData>
          <Point><coordinates>102.669172800,2.745487019,0</coordinates></Point>
        </Placemark>

        <Placemark>
          <name>1364</name>
          <styleUrl>#style_Healthy</styleUrl>
          <ExtendedData>
            <Data name="id"><value>1364</value></Data>
            <Data name="Class"><value>Healthy</value></Data>
          </ExtendedData>
          <Point><coordinates>102.669174100,2.745409354,0</coordinates></Point>
        </Placemark>

        <Placemark>
          <name>1365</name>
          <styleUrl>#style_Healthy</styleUrl>
          <ExtendedData>
            <Data name="id"><value>1365</value></Data>
            <Data name="Class"><value>Healthy</value></Data>
          </ExtendedData>
          <Point><coordinates>102.669170300,2.745327931,0</coordinates></Point>
        </Placemark>

        <Placemark>
          <name>1366</name>
          <styleUrl>#style_Healthy</styleUrl>
          <ExtendedData>
            <Data name="id"><value>1366</value></Data>
            <Data name="Class"><value>Healthy</value></Data>
          </ExtendedData>
          <Point><coordinates>102.669102100,2.745373027,0</coordinates></Point>
        </Placemark>

        <Placemark>
          <name>1367</name>
          <styleUrl>#style_Healthy</styleUrl>
          <ExtendedData>
            <Data name="id"><value>1367</value></Data>
            <Data name="Class"><value>Healthy</value></Data>
          </ExtendedData>
          <Point><coordinates>102.669103300,2.745453197,0</coordinates></Point>
        </Placemark>

        <Placemark>
          <name>1370</name>
          <styleUrl>#style_Healthy</styleUrl>
          <ExtendedData>
            <Data name="id"><value>1370</value></Data>
            <Data name="Class"><value>Healthy</value></Data>
          </ExtendedData>
          <Point><coordinates>102.668829000,2.745531488,0</coordinates></Point>
        </Placemark>

        <Placemark>
          <name>1371</name>
          <styleUrl>#style_Healthy</styleUrl>
          <ExtendedData>
            <Data name="id"><value>1371</value></Data>
            <Data name="Class"><value>Healthy</value></Data>
          </ExtendedData>
          <Point><coordinates>102.668762600,2.745491403,0</coordinates></Point>
        </Placemark>

        <Placemark>
          <name>1372</name>
          <styleUrl>#style_Healthy</styleUrl>
          <ExtendedData>
            <Data name="id"><value>1372</value></Data>
            <Data name="Class"><value>Healthy</value></Data>
          </ExtendedData>
          <Point><coordinates>102.668689300,2.745531488,0</coordinates></Point>
        </Placemark>

        <Placemark>
          <name>1373</name>
          <styleUrl>#style_Healthy</styleUrl>
          <ExtendedData>
            <Data name="id"><value>1373</value></Data>
            <Data name="Class"><value>Healthy</value></Data>
          </ExtendedData>
          <Point><coordinates>102.668620400,2.745495788,0</coordinates></Point>
        </Placemark>

        <Placemark>
          <name>1374</name>
          <styleUrl>#style_Healthy</styleUrl>
          <ExtendedData>
            <Data name="id"><value>1374</value></Data>
            <Data name="Class"><value>Healthy</value></Data>
          </ExtendedData>
          <Point><coordinates>102.668551500,2.745373027,0</coordinates></Point>
        </Placemark>

        <Placemark>
          <name>1375</name>
          <styleUrl>#style_Healthy</styleUrl>
          <ExtendedData>
            <Data name="id"><value>1375</value></Data>
            <Data name="Class"><value>Healthy</value></Data>
          </ExtendedData>
          <Point><coordinates>102.668483300,2.745333568,0</coordinates></Point>
        </Placemark>

        <Placemark>
          <name>1376</name>
          <styleUrl>#style_Healthy</styleUrl>
          <ExtendedData>
            <Data name="id"><value>1376</value></Data>
            <Data name="Class"><value>Healthy</value></Data>
          </ExtendedData>
          <Point><coordinates>102.668482000,2.745254024,0</coordinates></Point>
        </Placemark>

        <Placemark>
          <name>1377</name>
          <styleUrl>#style_Healthy</styleUrl>
          <ExtendedData>
            <Data name="id"><value>1377</value></Data>
            <Data name="Class"><value>Healthy</value></Data>
          </ExtendedData>
          <Point><coordinates>102.668546500,2.745295362,0</coordinates></Point>
        </Placemark>

        <Placemark>
          <name>1378</name>
          <styleUrl>#style_Healthy</styleUrl>
          <ExtendedData>
            <Data name="id"><value>1378</value></Data>
            <Data name="Class"><value>Healthy</value></Data>
          </ExtendedData>
          <Point><coordinates>102.668479500,2.745176986,0</coordinates></Point>
        </Placemark>

        <Placemark>
          <name>1379</name>
          <styleUrl>#style_Healthy</styleUrl>
          <ExtendedData>
            <Data name="id"><value>1379</value></Data>
            <Data name="Class"><value>Healthy</value></Data>
          </ExtendedData>
          <Point><coordinates>102.668615400,2.745254651,0</coordinates></Point>
        </Placemark>

        <Placemark>
          <name>1380</name>
          <styleUrl>#style_Healthy</styleUrl>
          <ExtendedData>
            <Data name="id"><value>1380</value></Data>
            <Data name="Class"><value>Healthy</value></Data>
          </ExtendedData>
          <Point><coordinates>102.668620400,2.745336074,0</coordinates></Point>
        </Placemark>

        <Placemark>
          <name>1381</name>
          <styleUrl>#style_Healthy</styleUrl>
          <ExtendedData>
            <Data name="id"><value>1381</value></Data>
            <Data name="Class"><value>Healthy</value></Data>
          </ExtendedData>
          <Point><coordinates>102.668619200,2.745416244,0</coordinates></Point>
        </Placemark>

        <Placemark>
          <name>1382</name>
          <styleUrl>#style_Healthy</styleUrl>
          <ExtendedData>
            <Data name="id"><value>1382</value></Data>
            <Data name="Class"><value>Healthy</value></Data>
          </ExtendedData>
          <Point><coordinates>102.668688100,2.745453823,0</coordinates></Point>
        </Placemark>

        <Placemark>
          <name>1383</name>
          <styleUrl>#style_Healthy</styleUrl>
          <ExtendedData>
            <Data name="id"><value>1383</value></Data>
            <Data name="Class"><value>Healthy</value></Data>
          </ExtendedData>
          <Point><coordinates>102.668694300,2.745378664,0</coordinates></Point>
        </Placemark>

        <Placemark>
          <name>1384</name>
          <styleUrl>#style_Healthy</styleUrl>
          <ExtendedData>
            <Data name="id"><value>1384</value></Data>
            <Data name="Class"><value>Healthy</value></Data>
          </ExtendedData>
          <Point><coordinates>102.668685600,2.745300373,0</coordinates></Point>
        </Placemark>

        <Placemark>
          <name>1386</name>
          <styleUrl>#style_Healthy</styleUrl>
          <ExtendedData>
            <Data name="id"><value>1386</value></Data>
            <Data name="Class"><value>Healthy</value></Data>
          </ExtendedData>
          <Point><coordinates>102.668766400,2.745418749,0</coordinates></Point>
        </Placemark>

        <Placemark>
          <name>1387</name>
          <styleUrl>#style_Healthy</styleUrl>
          <ExtendedData>
            <Data name="id"><value>1387</value></Data>
            <Data name="Class"><value>Healthy</value></Data>
          </ExtendedData>
          <Point><coordinates>102.668829000,2.745448187,0</coordinates></Point>
        </Placemark>

        <Placemark>
          <name>1389</name>
          <styleUrl>#style_Healthy</styleUrl>
          <ExtendedData>
            <Data name="id"><value>1389</value></Data>
            <Data name="Class"><value>Healthy</value></Data>
          </ExtendedData>
          <Point><coordinates>102.668897900,2.745414991,0</coordinates></Point>
        </Placemark>

        <Placemark>
          <name>1390</name>
          <styleUrl>#style_Healthy</styleUrl>
          <ExtendedData>
            <Data name="id"><value>1390</value></Data>
            <Data name="Class"><value>Healthy</value></Data>
          </ExtendedData>
          <Point><coordinates>102.668901600,2.745488272,0</coordinates></Point>
        </Placemark>

        <Placemark>
          <name>1392</name>
          <styleUrl>#style_Healthy</styleUrl>
          <ExtendedData>
            <Data name="id"><value>1392</value></Data>
            <Data name="Class"><value>Healthy</value></Data>
          </ExtendedData>
          <Point><coordinates>102.669030000,2.745413112,0</coordinates></Point>
        </Placemark>

        <Placemark>
          <name>1393</name>
          <styleUrl>#style_Healthy</styleUrl>
          <ExtendedData>
            <Data name="id"><value>1393</value></Data>
            <Data name="Class"><value>Healthy</value></Data>
          </ExtendedData>
          <Point><coordinates>102.668964900,2.745366764,0</coordinates></Point>
        </Placemark>

        <Placemark>
          <name>1395</name>
          <styleUrl>#style_Healthy</styleUrl>
          <ExtendedData>
            <Data name="id"><value>1395</value></Data>
            <Data name="Class"><value>Healthy</value></Data>
          </ExtendedData>
          <Point><coordinates>102.668962400,2.745291604,0</coordinates></Point>
        </Placemark>

        <Placemark>
          <name>1397</name>
          <styleUrl>#style_Healthy</styleUrl>
          <ExtendedData>
            <Data name="id"><value>1397</value></Data>
            <Data name="Class"><value>Healthy</value></Data>
          </ExtendedData>
          <Point><coordinates>102.669102100,2.745289099,0</coordinates></Point>
        </Placemark>

        <Placemark>
          <name>1399</name>
          <styleUrl>#style_Healthy</styleUrl>
          <ExtendedData>
            <Data name="id"><value>1399</value></Data>
            <Data name="Class"><value>Healthy</value></Data>
          </ExtendedData>
          <Point><coordinates>102.669030700,2.745250266,0</coordinates></Point>
        </Placemark>

        <Placemark>
          <name>1401</name>
          <styleUrl>#style_Healthy</styleUrl>
          <ExtendedData>
            <Data name="id"><value>1401</value></Data>
            <Data name="Class"><value>Healthy</value></Data>
          </ExtendedData>
          <Point><coordinates>102.669028800,2.745171349,0</coordinates></Point>
        </Placemark>

        <Placemark>
          <name>1403</name>
          <styleUrl>#style_Healthy</styleUrl>
          <ExtendedData>
            <Data name="id"><value>1403</value></Data>
            <Data name="Class"><value>Healthy</value></Data>
          </ExtendedData>
          <Point><coordinates>102.668894800,2.745172601,0</coordinates></Point>
        </Placemark>

        <Placemark>
          <name>1405</name>
          <styleUrl>#style_Healthy</styleUrl>
          <ExtendedData>
            <Data name="id"><value>1405</value></Data>
            <Data name="Class"><value>Healthy</value></Data>
          </ExtendedData>
          <Point><coordinates>102.668750100,2.745254024,0</coordinates></Point>
        </Placemark>

        <Placemark>
          <name>1406</name>
          <styleUrl>#style_Healthy</styleUrl>
          <ExtendedData>
            <Data name="id"><value>1406</value></Data>
            <Data name="Class"><value>Healthy</value></Data>
          </ExtendedData>
          <Point><coordinates>102.668686200,2.745212687,0</coordinates></Point>
        </Placemark>

        <Placemark>
          <name>1407</name>
          <styleUrl>#style_Healthy</styleUrl>
          <ExtendedData>
            <Data name="id"><value>1407</value></Data>
            <Data name="Class"><value>Healthy</value></Data>
          </ExtendedData>
          <Point><coordinates>102.668614800,2.745176986,0</coordinates></Point>
        </Placemark>

        <Placemark>
          <name>1408</name>
          <styleUrl>#style_Healthy</styleUrl>
          <ExtendedData>
            <Data name="id"><value>1408</value></Data>
            <Data name="Class"><value>Healthy</value></Data>
          </ExtendedData>
          <Point><coordinates>102.668758800,2.745176986,0</coordinates></Point>
        </Placemark>

        <Placemark>
          <name>1409</name>
          <styleUrl>#style_Healthy</styleUrl>
          <ExtendedData>
            <Data name="id"><value>1409</value></Data>
            <Data name="Class"><value>Healthy</value></Data>
          </ExtendedData>
          <Point><coordinates>102.669243600,2.745611659,0</coordinates></Point>
        </Placemark>

        <Placemark>
          <name>1410</name>
          <styleUrl>#style_Healthy</styleUrl>
          <ExtendedData>
            <Data name="id"><value>1410</value></Data>
            <Data name="Class"><value>Healthy</value></Data>
          </ExtendedData>
          <Point><coordinates>102.669315000,2.745564058,0</coordinates></Point>
        </Placemark>

        <Placemark>
          <name>1411</name>
          <styleUrl>#style_Healthy</styleUrl>
          <ExtendedData>
            <Data name="id"><value>1411</value></Data>
            <Data name="Class"><value>Healthy</value></Data>
          </ExtendedData>
          <Point><coordinates>102.669382700,2.745525225,0</coordinates></Point>
        </Placemark>

        <Placemark>
          <name>1412</name>
          <styleUrl>#style_Healthy</styleUrl>
          <ExtendedData>
            <Data name="id"><value>1412</value></Data>
            <Data name="Class"><value>Healthy</value></Data>
          </ExtendedData>
          <Point><coordinates>102.669376400,2.745612911,0</coordinates></Point>
        </Placemark>

        <Placemark>
          <name>1413</name>
          <styleUrl>#style_Healthy</styleUrl>
          <ExtendedData>
            <Data name="id"><value>1413</value></Data>
            <Data name="Class"><value>Healthy</value></Data>
          </ExtendedData>
          <Point><coordinates>102.669442800,2.745569068,0</coordinates></Point>
        </Placemark>

        <Placemark>
          <name>1414</name>
          <styleUrl>#style_Healthy</styleUrl>
          <ExtendedData>
            <Data name="id"><value>1414</value></Data>
            <Data name="Class"><value>Healthy</value></Data>
          </ExtendedData>
          <Point><coordinates>102.669521700,2.745611659,0</coordinates></Point>
        </Placemark>

        <Placemark>
          <name>1416</name>
          <styleUrl>#style_Healthy</styleUrl>
          <ExtendedData>
            <Data name="id"><value>1416</value></Data>
            <Data name="Class"><value>Healthy</value></Data>
          </ExtendedData>
          <Point><coordinates>102.669659500,2.745602890,0</coordinates></Point>
        </Placemark>

        <Placemark>
          <name>1417</name>
          <styleUrl>#style_Healthy</styleUrl>
          <ExtendedData>
            <Data name="id"><value>1417</value></Data>
            <Data name="Class"><value>Healthy</value></Data>
          </ExtendedData>
          <Point><coordinates>102.669719600,2.745564058,0</coordinates></Point>
        </Placemark>

        <Placemark>
          <name>1419</name>
          <styleUrl>#style_Healthy</styleUrl>
          <ExtendedData>
            <Data name="id"><value>1419</value></Data>
            <Data name="Class"><value>Healthy</value></Data>
          </ExtendedData>
          <Point><coordinates>102.669873700,2.745639217,0</coordinates></Point>
        </Placemark>

        <Placemark>
          <name>1420</name>
          <styleUrl>#style_Healthy</styleUrl>
          <ExtendedData>
            <Data name="id"><value>1420</value></Data>
            <Data name="Class"><value>Healthy</value></Data>
          </ExtendedData>
          <Point><coordinates>102.669946400,2.745685565,0</coordinates></Point>
        </Placemark>

        <Placemark>
          <name>1426</name>
          <styleUrl>#style_Healthy</styleUrl>
          <ExtendedData>
            <Data name="id"><value>1426</value></Data>
            <Data name="Class"><value>Healthy</value></Data>
          </ExtendedData>
          <Point><coordinates>102.670278300,2.745396201,0</coordinates></Point>
        </Placemark>

        <Placemark>
          <name>1429</name>
          <styleUrl>#style_Healthy</styleUrl>
          <ExtendedData>
            <Data name="id"><value>1429</value></Data>
            <Data name="Class"><value>Healthy</value></Data>
          </ExtendedData>
          <Point><coordinates>102.670206900,2.745275946,0</coordinates></Point>
        </Placemark>

        <Placemark>
          <name>1438</name>
          <styleUrl>#style_Healthy</styleUrl>
          <ExtendedData>
            <Data name="id"><value>1438</value></Data>
            <Data name="Class"><value>Healthy</value></Data>
          </ExtendedData>
          <Point><coordinates>102.670070400,2.745361127,0</coordinates></Point>
        </Placemark>

        <Placemark>
          <name>1439</name>
          <styleUrl>#style_Healthy</styleUrl>
          <ExtendedData>
            <Data name="id"><value>1439</value></Data>
            <Data name="Class"><value>Healthy</value></Data>
          </ExtendedData>
          <Point><coordinates>102.669997700,2.745561552,0</coordinates></Point>
        </Placemark>

        <Placemark>
          <name>1440</name>
          <styleUrl>#style_Healthy</styleUrl>
          <ExtendedData>
            <Data name="id"><value>1440</value></Data>
            <Data name="Class"><value>Healthy</value></Data>
          </ExtendedData>
          <Point><coordinates>102.669936300,2.745602890,0</coordinates></Point>
        </Placemark>

        <Placemark>
          <name>1441</name>
          <styleUrl>#style_Healthy</styleUrl>
          <ExtendedData>
            <Data name="id"><value>1441</value></Data>
            <Data name="Class"><value>Healthy</value></Data>
          </ExtendedData>
          <Point><coordinates>102.669868700,2.745565310,0</coordinates></Point>
        </Placemark>

        <Placemark>
          <name>1442</name>
          <styleUrl>#style_Healthy</styleUrl>
          <ExtendedData>
            <Data name="id"><value>1442</value></Data>
            <Data name="Class"><value>Healthy</value></Data>
          </ExtendedData>
          <Point><coordinates>102.669792300,2.745520214,0</coordinates></Point>
        </Placemark>

        <Placemark>
          <name>1443</name>
          <styleUrl>#style_Healthy</styleUrl>
          <ExtendedData>
            <Data name="id"><value>1443</value></Data>
            <Data name="Class"><value>Healthy</value></Data>
          </ExtendedData>
          <Point><coordinates>102.669722100,2.745483887,0</coordinates></Point>
        </Placemark>

        <Placemark>
          <name>1444</name>
          <styleUrl>#style_Healthy</styleUrl>
          <ExtendedData>
            <Data name="id"><value>1444</value></Data>
            <Data name="Class"><value>Healthy</value></Data>
          </ExtendedData>
          <Point><coordinates>102.669655700,2.745520214,0</coordinates></Point>
        </Placemark>

        <Placemark>
          <name>1446</name>
          <styleUrl>#style_Healthy</styleUrl>
          <ExtendedData>
            <Data name="id"><value>1446</value></Data>
            <Data name="Class"><value>Healthy</value></Data>
          </ExtendedData>
          <Point><coordinates>102.669518000,2.745526478,0</coordinates></Point>
        </Placemark>

        <Placemark>
          <name>1447</name>
          <styleUrl>#style_Healthy</styleUrl>
          <ExtendedData>
            <Data name="id"><value>1447</value></Data>
            <Data name="Class"><value>Healthy</value></Data>
          </ExtendedData>
          <Point><coordinates>102.669450300,2.745492656,0</coordinates></Point>
        </Placemark>

        <Placemark>
          <name>1448</name>
          <styleUrl>#style_Healthy</styleUrl>
          <ExtendedData>
            <Data name="id"><value>1448</value></Data>
            <Data name="Class"><value>Healthy</value></Data>
          </ExtendedData>
          <Point><coordinates>102.669377700,2.745445055,0</coordinates></Point>
        </Placemark>

        <Placemark>
          <name>1450</name>
          <styleUrl>#style_Healthy</styleUrl>
          <ExtendedData>
            <Data name="id"><value>1450</value></Data>
            <Data name="Class"><value>Healthy</value></Data>
          </ExtendedData>
          <Point><coordinates>102.669242400,2.745448813,0</coordinates></Point>
        </Placemark>

        <Placemark>
          <name>1451</name>
          <styleUrl>#style_Healthy</styleUrl>
          <ExtendedData>
            <Data name="id"><value>1451</value></Data>
            <Data name="Class"><value>Healthy</value></Data>
          </ExtendedData>
          <Point><coordinates>102.669312500,2.745481382,0</coordinates></Point>
        </Placemark>

        <Placemark>
          <name>1452</name>
          <styleUrl>#style_Healthy</styleUrl>
          <ExtendedData>
            <Data name="id"><value>1452</value></Data>
            <Data name="Class"><value>Healthy</value></Data>
          </ExtendedData>
          <Point><coordinates>102.669311300,2.745407475,0</coordinates></Point>
        </Placemark>

        <Placemark>
          <name>1453</name>
          <styleUrl>#style_Healthy</styleUrl>
          <ExtendedData>
            <Data name="id"><value>1453</value></Data>
            <Data name="Class"><value>Healthy</value></Data>
          </ExtendedData>
          <Point><coordinates>102.669239900,2.745371148,0</coordinates></Point>
        </Placemark>

        <Placemark>
          <name>1454</name>
          <styleUrl>#style_Healthy</styleUrl>
          <ExtendedData>
            <Data name="id"><value>1454</value></Data>
            <Data name="Class"><value>Healthy</value></Data>
          </ExtendedData>
          <Point><coordinates>102.669236100,2.745288472,0</coordinates></Point>
        </Placemark>

        <Placemark>
          <name>1455</name>
          <styleUrl>#style_Healthy</styleUrl>
          <ExtendedData>
            <Data name="id"><value>1455</value></Data>
            <Data name="Class"><value>Healthy</value></Data>
          </ExtendedData>
          <Point><coordinates>102.669242400,2.745210808,0</coordinates></Point>
        </Placemark>

        <Placemark>
          <name>1456</name>
          <styleUrl>#style_Healthy</styleUrl>
          <ExtendedData>
            <Data name="id"><value>1456</value></Data>
            <Data name="Class"><value>Healthy</value></Data>
          </ExtendedData>
          <Point><coordinates>102.669300000,2.745249640,0</coordinates></Point>
        </Placemark>

        <Placemark>
          <name>1457</name>
          <styleUrl>#style_Healthy</styleUrl>
          <ExtendedData>
            <Data name="id"><value>1457</value></Data>
            <Data name="Class"><value>Healthy</value></Data>
          </ExtendedData>
          <Point><coordinates>102.669303800,2.745327305,0</coordinates></Point>
        </Placemark>

        <Placemark>
          <name>1458</name>
          <styleUrl>#style_Healthy</styleUrl>
          <ExtendedData>
            <Data name="id"><value>1458</value></Data>
            <Data name="Class"><value>Healthy</value></Data>
          </ExtendedData>
          <Point><coordinates>102.669375200,2.745368643,0</coordinates></Point>
        </Placemark>

        <Placemark>
          <name>1459</name>
          <styleUrl>#style_Healthy</styleUrl>
          <ExtendedData>
            <Data name="id"><value>1459</value></Data>
            <Data name="Class"><value>Healthy</value></Data>
          </ExtendedData>
          <Point><coordinates>102.669376400,2.745293483,0</coordinates></Point>
        </Placemark>

        <Placemark>
          <name>1460</name>
          <styleUrl>#style_Healthy</styleUrl>
          <ExtendedData>
            <Data name="id"><value>1460</value></Data>
            <Data name="Class"><value>Healthy</value></Data>
          </ExtendedData>
          <Point><coordinates>102.669380200,2.745208302,0</coordinates></Point>
        </Placemark>

        <Placemark>
          <name>1462</name>
          <styleUrl>#style_Healthy</styleUrl>
          <ExtendedData>
            <Data name="id"><value>1462</value></Data>
            <Data name="Class"><value>Healthy</value></Data>
          </ExtendedData>
          <Point><coordinates>102.669444000,2.745165712,0</coordinates></Point>
        </Placemark>

        <Placemark>
          <name>1463</name>
          <styleUrl>#style_Healthy</styleUrl>
          <ExtendedData>
            <Data name="id"><value>1463</value></Data>
            <Data name="Class"><value>Healthy</value></Data>
          </ExtendedData>
          <Point><coordinates>102.669515400,2.745207050,0</coordinates></Point>
        </Placemark>

        <Placemark>
          <name>1465</name>
          <styleUrl>#style_Healthy</styleUrl>
          <ExtendedData>
            <Data name="id"><value>1465</value></Data>
            <Data name="Class"><value>Healthy</value></Data>
          </ExtendedData>
          <Point><coordinates>102.669518000,2.745282209,0</coordinates></Point>
        </Placemark>

        <Placemark>
          <name>1466</name>
          <styleUrl>#style_Healthy</styleUrl>
          <ExtendedData>
            <Data name="id"><value>1466</value></Data>
            <Data name="Class"><value>Healthy</value></Data>
          </ExtendedData>
          <Point><coordinates>102.669447800,2.745249640,0</coordinates></Point>
        </Placemark>

        <Placemark>
          <name>1468</name>
          <styleUrl>#style_Healthy</styleUrl>
          <ExtendedData>
            <Data name="id"><value>1468</value></Data>
            <Data name="Class"><value>Healthy</value></Data>
          </ExtendedData>
          <Point><coordinates>102.669446600,2.745399959,0</coordinates></Point>
        </Placemark>

        <Placemark>
          <name>1469</name>
          <styleUrl>#style_Healthy</styleUrl>
          <ExtendedData>
            <Data name="id"><value>1469</value></Data>
            <Data name="Class"><value>Healthy</value></Data>
          </ExtendedData>
          <Point><coordinates>102.669520500,2.745445055,0</coordinates></Point>
        </Placemark>

        <Placemark>
          <name>1470</name>
          <styleUrl>#style_Healthy</styleUrl>
          <ExtendedData>
            <Data name="id"><value>1470</value></Data>
            <Data name="Class"><value>Healthy</value></Data>
          </ExtendedData>
          <Point><coordinates>102.669520500,2.745371148,0</coordinates></Point>
        </Placemark>

        <Placemark>
          <name>1471</name>
          <styleUrl>#style_Healthy</styleUrl>
          <ExtendedData>
            <Data name="id"><value>1471</value></Data>
            <Data name="Class"><value>Healthy</value></Data>
          </ExtendedData>
          <Point><coordinates>102.669588100,2.745408728,0</coordinates></Point>
        </Placemark>

        <Placemark>
          <name>1472</name>
          <styleUrl>#style_Healthy</styleUrl>
          <ExtendedData>
            <Data name="id"><value>1472</value></Data>
            <Data name="Class"><value>Healthy</value></Data>
          </ExtendedData>
          <Point><coordinates>102.669653200,2.745445055,0</coordinates></Point>
        </Placemark>

        <Placemark>
          <name>1473</name>
          <styleUrl>#style_Healthy</styleUrl>
          <ExtendedData>
            <Data name="id"><value>1473</value></Data>
            <Data name="Class"><value>Healthy</value></Data>
          </ExtendedData>
          <Point><coordinates>102.669655700,2.745366137,0</coordinates></Point>
        </Placemark>

        <Placemark>
          <name>1474</name>
          <styleUrl>#style_Healthy</styleUrl>
          <ExtendedData>
            <Data name="id"><value>1474</value></Data>
            <Data name="Class"><value>Healthy</value></Data>
          </ExtendedData>
          <Point><coordinates>102.669585600,2.745329810,0</coordinates></Point>
        </Placemark>

        <Placemark>
          <name>1475</name>
          <styleUrl>#style_Healthy</styleUrl>
          <ExtendedData>
            <Data name="id"><value>1475</value></Data>
            <Data name="Class"><value>Healthy</value></Data>
          </ExtendedData>
          <Point><coordinates>102.669648200,2.745283462,0</coordinates></Point>
        </Placemark>

        <Placemark>
          <name>1476</name>
          <styleUrl>#style_Healthy</styleUrl>
          <ExtendedData>
            <Data name="id"><value>1476</value></Data>
            <Data name="Class"><value>Healthy</value></Data>
          </ExtendedData>
          <Point><coordinates>102.669660800,2.745209555,0</coordinates></Point>
        </Placemark>

        <Placemark>
          <name>1481</name>
          <styleUrl>#style_Healthy</styleUrl>
          <ExtendedData>
            <Data name="id"><value>1481</value></Data>
            <Data name="Class"><value>Healthy</value></Data>
          </ExtendedData>
          <Point><coordinates>102.669935100,2.745131890,0</coordinates></Point>
        </Placemark>

        <Placemark>
          <name>1483</name>
          <styleUrl>#style_Healthy</styleUrl>
          <ExtendedData>
            <Data name="id"><value>1483</value></Data>
            <Data name="Class"><value>Healthy</value></Data>
          </ExtendedData>
          <Point><coordinates>102.669928800,2.745202039,0</coordinates></Point>
        </Placemark>

        <Placemark>
          <name>1485</name>
          <styleUrl>#style_Healthy</styleUrl>
          <ExtendedData>
            <Data name="id"><value>1485</value></Data>
            <Data name="Class"><value>Healthy</value></Data>
          </ExtendedData>
          <Point><coordinates>102.669994000,2.745317284,0</coordinates></Point>
        </Placemark>

        <Placemark>
          <name>1486</name>
          <styleUrl>#style_Healthy</styleUrl>
          <ExtendedData>
            <Data name="id"><value>1486</value></Data>
            <Data name="Class"><value>Healthy</value></Data>
          </ExtendedData>
          <Point><coordinates>102.669999000,2.745399959,0</coordinates></Point>
        </Placemark>

        <Placemark>
          <name>1488</name>
          <styleUrl>#style_Healthy</styleUrl>
          <ExtendedData>
            <Data name="id"><value>1488</value></Data>
            <Data name="Class"><value>Healthy</value></Data>
          </ExtendedData>
          <Point><coordinates>102.669933800,2.745526478,0</coordinates></Point>
        </Placemark>

        <Placemark>
          <name>1489</name>
          <styleUrl>#style_Healthy</styleUrl>
          <ExtendedData>
            <Data name="id"><value>1489</value></Data>
            <Data name="Class"><value>Healthy</value></Data>
          </ExtendedData>
          <Point><coordinates>102.669863700,2.745480129,0</coordinates></Point>
        </Placemark>

        <Placemark>
          <name>1490</name>
          <styleUrl>#style_Healthy</styleUrl>
          <ExtendedData>
            <Data name="id"><value>1490</value></Data>
            <Data name="Class"><value>Healthy</value></Data>
          </ExtendedData>
          <Point><coordinates>102.669798600,2.745445055,0</coordinates></Point>
        </Placemark>

        <Placemark>
          <name>1491</name>
          <styleUrl>#style_Healthy</styleUrl>
          <ExtendedData>
            <Data name="id"><value>1491</value></Data>
            <Data name="Class"><value>Healthy</value></Data>
          </ExtendedData>
          <Point><coordinates>102.669724600,2.745401212,0</coordinates></Point>
        </Placemark>

        <Placemark>
          <name>1493</name>
          <styleUrl>#style_Healthy</styleUrl>
          <ExtendedData>
            <Data name="id"><value>1493</value></Data>
            <Data name="Class"><value>Healthy</value></Data>
          </ExtendedData>
          <Point><coordinates>102.669853700,2.745237113,0</coordinates></Point>
        </Placemark>

        <Placemark>
          <name>1494</name>
          <styleUrl>#style_Healthy</styleUrl>
          <ExtendedData>
            <Data name="id"><value>1494</value></Data>
            <Data name="Class"><value>Healthy</value></Data>
          </ExtendedData>
          <Point><coordinates>102.669788500,2.745282209,0</coordinates></Point>
        </Placemark>

        <Placemark>
          <name>1495</name>
          <styleUrl>#style_Healthy</styleUrl>
          <ExtendedData>
            <Data name="id"><value>1495</value></Data>
            <Data name="Class"><value>Healthy</value></Data>
          </ExtendedData>
          <Point><coordinates>102.669859900,2.745318536,0</coordinates></Point>
        </Placemark>

        <Placemark>
          <name>1496</name>
          <styleUrl>#style_Healthy</styleUrl>
          <ExtendedData>
            <Data name="id"><value>1496</value></Data>
            <Data name="Class"><value>Healthy</value></Data>
          </ExtendedData>
          <Point><coordinates>102.669928800,2.745275946,0</coordinates></Point>
        </Placemark>

        <Placemark>
          <name>1497</name>
          <styleUrl>#style_Healthy</styleUrl>
          <ExtendedData>
            <Data name="id"><value>1497</value></Data>
            <Data name="Class"><value>Healthy</value></Data>
          </ExtendedData>
          <Point><coordinates>102.669925100,2.745359874,0</coordinates></Point>
        </Placemark>

        <Placemark>
          <name>1498</name>
          <styleUrl>#style_Healthy</styleUrl>
          <ExtendedData>
            <Data name="id"><value>1498</value></Data>
            <Data name="Class"><value>Healthy</value></Data>
          </ExtendedData>
          <Point><coordinates>102.669926300,2.745442550,0</coordinates></Point>
        </Placemark>

        <Placemark>
          <name>1499</name>
          <styleUrl>#style_Healthy</styleUrl>
          <ExtendedData>
            <Data name="id"><value>1499</value></Data>
            <Data name="Class"><value>Healthy</value></Data>
          </ExtendedData>
          <Point><coordinates>102.669861200,2.745399959,0</coordinates></Point>
        </Placemark>

        <Placemark>
          <name>1500</name>
          <styleUrl>#style_Healthy</styleUrl>
          <ExtendedData>
            <Data name="id"><value>1500</value></Data>
            <Data name="Class"><value>Healthy</value></Data>
          </ExtendedData>
          <Point><coordinates>102.669789800,2.745363632,0</coordinates></Point>
        </Placemark>

        <Placemark>
          <name>1503</name>
          <styleUrl>#style_Healthy</styleUrl>
          <ExtendedData>
            <Data name="id"><value>1503</value></Data>
            <Data name="Class"><value>Healthy</value></Data>
          </ExtendedData>
          <Point><coordinates>102.670195600,2.745036688,0</coordinates></Point>
        </Placemark>

        <Placemark>
          <name>1504</name>
          <styleUrl>#style_Healthy</styleUrl>
          <ExtendedData>
            <Data name="id"><value>1504</value></Data>
            <Data name="Class"><value>Healthy</value></Data>
          </ExtendedData>
          <Point><coordinates>102.670268300,2.745073015,0</coordinates></Point>
        </Placemark>

        <Placemark>
          <name>1506</name>
          <styleUrl>#style_Healthy</styleUrl>
          <ExtendedData>
            <Data name="id"><value>1506</value></Data>
            <Data name="Class"><value>Healthy</value></Data>
          </ExtendedData>
          <Point><coordinates>102.670268300,2.744922696,0</coordinates></Point>
        </Placemark>

        <Placemark>
          <name>1507</name>
          <styleUrl>#style_Healthy</styleUrl>
          <ExtendedData>
            <Data name="id"><value>1507</value></Data>
            <Data name="Class"><value>Healthy</value></Data>
          </ExtendedData>
          <Point><coordinates>102.670203200,2.744960276,0</coordinates></Point>
        </Placemark>

        <Placemark>
          <name>1509</name>
          <styleUrl>#style_Healthy</styleUrl>
          <ExtendedData>
            <Data name="id"><value>1509</value></Data>
            <Data name="Class"><value>Healthy</value></Data>
          </ExtendedData>
          <Point><coordinates>102.670064100,2.744959023,0</coordinates></Point>
        </Placemark>

        <Placemark>
          <name>1512</name>
          <styleUrl>#style_Healthy</styleUrl>
          <ExtendedData>
            <Data name="id"><value>1512</value></Data>
            <Data name="Class"><value>Healthy</value></Data>
          </ExtendedData>
          <Point><coordinates>102.670059100,2.744881358,0</coordinates></Point>
        </Placemark>

        <Placemark>
          <name>1517</name>
          <styleUrl>#style_Healthy</styleUrl>
          <ExtendedData>
            <Data name="id"><value>1517</value></Data>
            <Data name="Class"><value>Healthy</value></Data>
          </ExtendedData>
          <Point><coordinates>102.669851200,2.744917685,0</coordinates></Point>
        </Placemark>

        <Placemark>
          <name>1518</name>
          <styleUrl>#style_Healthy</styleUrl>
          <ExtendedData>
            <Data name="id"><value>1518</value></Data>
            <Data name="Class"><value>Healthy</value></Data>
          </ExtendedData>
          <Point><coordinates>102.669786000,2.744880106,0</coordinates></Point>
        </Placemark>

        <Placemark>
          <name>1520</name>
          <styleUrl>#style_Healthy</styleUrl>
          <ExtendedData>
            <Data name="id"><value>1520</value></Data>
            <Data name="Class"><value>Healthy</value></Data>
          </ExtendedData>
          <Point><coordinates>102.669658300,2.744970297,0</coordinates></Point>
        </Placemark>

        <Placemark>
          <name>1523</name>
          <styleUrl>#style_Healthy</styleUrl>
          <ExtendedData>
            <Data name="id"><value>1523</value></Data>
            <Data name="Class"><value>Healthy</value></Data>
          </ExtendedData>
          <Point><coordinates>102.669585600,2.745002866,0</coordinates></Point>
        </Placemark>

        <Placemark>
          <name>1524</name>
          <styleUrl>#style_Healthy</styleUrl>
          <ExtendedData>
            <Data name="id"><value>1524</value></Data>
            <Data name="Class"><value>Healthy</value></Data>
          </ExtendedData>
          <Point><coordinates>102.669586900,2.744925201,0</coordinates></Point>
        </Placemark>

        <Placemark>
          <name>1525</name>
          <styleUrl>#style_Healthy</styleUrl>
          <ExtendedData>
            <Data name="id"><value>1525</value></Data>
            <Data name="Class"><value>Healthy</value></Data>
          </ExtendedData>
          <Point><coordinates>102.669649500,2.744882611,0</coordinates></Point>
        </Placemark>

        <Placemark>
          <name>1526</name>
          <styleUrl>#style_Healthy</styleUrl>
          <ExtendedData>
            <Data name="id"><value>1526</value></Data>
            <Data name="Class"><value>Healthy</value></Data>
          </ExtendedData>
          <Point><coordinates>102.669516700,2.744886369,0</coordinates></Point>
        </Placemark>

        <Placemark>
          <name>1527</name>
          <styleUrl>#style_Healthy</styleUrl>
          <ExtendedData>
            <Data name="id"><value>1527</value></Data>
            <Data name="Class"><value>Healthy</value></Data>
          </ExtendedData>
          <Point><coordinates>102.669514200,2.744967792,0</coordinates></Point>
        </Placemark>

        <Placemark>
          <name>1530</name>
          <styleUrl>#style_Healthy</styleUrl>
          <ExtendedData>
            <Data name="id"><value>1530</value></Data>
            <Data name="Class"><value>Healthy</value></Data>
          </ExtendedData>
          <Point><coordinates>102.669447800,2.745005371,0</coordinates></Point>
        </Placemark>

        <Placemark>
          <name>1531</name>
          <styleUrl>#style_Healthy</styleUrl>
          <ExtendedData>
            <Data name="id"><value>1531</value></Data>
            <Data name="Class"><value>Healthy</value></Data>
          </ExtendedData>
          <Point><coordinates>102.669447800,2.744925201,0</coordinates></Point>
        </Placemark>

        <Placemark>
          <name>1532</name>
          <styleUrl>#style_Healthy</styleUrl>
          <ExtendedData>
            <Data name="id"><value>1532</value></Data>
            <Data name="Class"><value>Healthy</value></Data>
          </ExtendedData>
          <Point><coordinates>102.669371400,2.744962781,0</coordinates></Point>
        </Placemark>

        <Placemark>
          <name>1533</name>
          <styleUrl>#style_Healthy</styleUrl>
          <ExtendedData>
            <Data name="id"><value>1533</value></Data>
            <Data name="Class"><value>Healthy</value></Data>
          </ExtendedData>
          <Point><coordinates>102.669377700,2.744891379,0</coordinates></Point>
        </Placemark>

        <Placemark>
          <name>1536</name>
          <styleUrl>#style_Healthy</styleUrl>
          <ExtendedData>
            <Data name="id"><value>1536</value></Data>
            <Data name="Class"><value>Healthy</value></Data>
          </ExtendedData>
          <Point><coordinates>102.669302500,2.745010382,0</coordinates></Point>
        </Placemark>

        <Placemark>
          <name>1537</name>
          <styleUrl>#style_Healthy</styleUrl>
          <ExtendedData>
            <Data name="id"><value>1537</value></Data>
            <Data name="Class"><value>Healthy</value></Data>
          </ExtendedData>
          <Point><coordinates>102.669307500,2.744932717,0</coordinates></Point>
        </Placemark>

        <Placemark>
          <name>1538</name>
          <styleUrl>#style_Healthy</styleUrl>
          <ExtendedData>
            <Data name="id"><value>1538</value></Data>
            <Data name="Class"><value>Healthy</value></Data>
          </ExtendedData>
          <Point><coordinates>102.669231100,2.744888874,0</coordinates></Point>
        </Placemark>

        <Placemark>
          <name>1539</name>
          <styleUrl>#style_Healthy</styleUrl>
          <ExtendedData>
            <Data name="id"><value>1539</value></Data>
            <Data name="Class"><value>Healthy</value></Data>
          </ExtendedData>
          <Point><coordinates>102.669239900,2.744971550,0</coordinates></Point>
        </Placemark>

        <Placemark>
          <name>1541</name>
          <styleUrl>#style_Healthy</styleUrl>
          <ExtendedData>
            <Data name="id"><value>1541</value></Data>
            <Data name="Class"><value>Healthy</value></Data>
          </ExtendedData>
          <Point><coordinates>102.669169700,2.745093058,0</coordinates></Point>
        </Placemark>

        <Placemark>
          <name>1542</name>
          <styleUrl>#style_Healthy</styleUrl>
          <ExtendedData>
            <Data name="id"><value>1542</value></Data>
            <Data name="Class"><value>Healthy</value></Data>
          </ExtendedData>
          <Point><coordinates>102.669104600,2.745050467,0</coordinates></Point>
        </Placemark>

        <Placemark>
          <name>1543</name>
          <styleUrl>#style_Healthy</styleUrl>
          <ExtendedData>
            <Data name="id"><value>1543</value></Data>
            <Data name="Class"><value>Healthy</value></Data>
          </ExtendedData>
          <Point><coordinates>102.669031900,2.745085542,0</coordinates></Point>
        </Placemark>

        <Placemark>
          <name>1544</name>
          <styleUrl>#style_Healthy</styleUrl>
          <ExtendedData>
            <Data name="id"><value>1544</value></Data>
            <Data name="Class"><value>Healthy</value></Data>
          </ExtendedData>
          <Point><coordinates>102.668963000,2.745089300,0</coordinates></Point>
        </Placemark>

        <Placemark>
          <name>1545</name>
          <styleUrl>#style_Healthy</styleUrl>
          <ExtendedData>
            <Data name="id"><value>1545</value></Data>
            <Data name="Class"><value>Healthy</value></Data>
          </ExtendedData>
          <Point><coordinates>102.668899100,2.745091805,0</coordinates></Point>
        </Placemark>

        <Placemark>
          <name>1546</name>
          <styleUrl>#style_Healthy</styleUrl>
          <ExtendedData>
            <Data name="id"><value>1546</value></Data>
            <Data name="Class"><value>Healthy</value></Data>
          </ExtendedData>
          <Point><coordinates>102.668894100,2.745016645,0</coordinates></Point>
        </Placemark>

        <Placemark>
          <name>1548</name>
          <styleUrl>#style_Healthy</styleUrl>
          <ExtendedData>
            <Data name="id"><value>1548</value></Data>
            <Data name="Class"><value>Healthy</value></Data>
          </ExtendedData>
          <Point><coordinates>102.668757600,2.745096816,0</coordinates></Point>
        </Placemark>

        <Placemark>
          <name>1549</name>
          <styleUrl>#style_Healthy</styleUrl>
          <ExtendedData>
            <Data name="id"><value>1549</value></Data>
            <Data name="Class"><value>Healthy</value></Data>
          </ExtendedData>
          <Point><coordinates>102.668758800,2.745017898,0</coordinates></Point>
        </Placemark>

        <Placemark>
          <name>1550</name>
          <styleUrl>#style_Healthy</styleUrl>
          <ExtendedData>
            <Data name="id"><value>1550</value></Data>
            <Data name="Class"><value>Healthy</value></Data>
          </ExtendedData>
          <Point><coordinates>102.668752600,2.744932717,0</coordinates></Point>
        </Placemark>

        <Placemark>
          <name>1551</name>
          <styleUrl>#style_Healthy</styleUrl>
          <ExtendedData>
            <Data name="id"><value>1551</value></Data>
            <Data name="Class"><value>Healthy</value></Data>
          </ExtendedData>
          <Point><coordinates>102.668826500,2.744974055,0</coordinates></Point>
        </Placemark>

        <Placemark>
          <name>1552</name>
          <styleUrl>#style_Healthy</styleUrl>
          <ExtendedData>
            <Data name="id"><value>1552</value></Data>
            <Data name="Class"><value>Healthy</value></Data>
          </ExtendedData>
          <Point><coordinates>102.668830200,2.744893885,0</coordinates></Point>
        </Placemark>

        <Placemark>
          <name>1555</name>
          <styleUrl>#style_Healthy</styleUrl>
          <ExtendedData>
            <Data name="id"><value>1555</value></Data>
            <Data name="Class"><value>Healthy</value></Data>
          </ExtendedData>
          <Point><coordinates>102.669033200,2.745012887,0</coordinates></Point>
        </Placemark>

        <Placemark>
          <name>1557</name>
          <styleUrl>#style_Healthy</styleUrl>
          <ExtendedData>
            <Data name="id"><value>1557</value></Data>
            <Data name="Class"><value>Healthy</value></Data>
          </ExtendedData>
          <Point><coordinates>102.669164700,2.745009129,0</coordinates></Point>
        </Placemark>

        <Placemark>
          <name>1558</name>
          <styleUrl>#style_Healthy</styleUrl>
          <ExtendedData>
            <Data name="id"><value>1558</value></Data>
            <Data name="Class"><value>Healthy</value></Data>
          </ExtendedData>
          <Point><coordinates>102.669169700,2.744931465,0</coordinates></Point>
        </Placemark>

        <Placemark>
          <name>1560</name>
          <styleUrl>#style_Healthy</styleUrl>
          <ExtendedData>
            <Data name="id"><value>1560</value></Data>
            <Data name="Class"><value>Healthy</value></Data>
          </ExtendedData>
          <Point><coordinates>102.669026900,2.744936475,0</coordinates></Point>
        </Placemark>

        <Placemark>
          <name>1562</name>
          <styleUrl>#style_Healthy</styleUrl>
          <ExtendedData>
            <Data name="id"><value>1562</value></Data>
            <Data name="Class"><value>Healthy</value></Data>
          </ExtendedData>
          <Point><coordinates>102.670414900,2.745470108,0</coordinates></Point>
        </Placemark>

        <Placemark>
          <name>1563</name>
          <styleUrl>#style_Healthy</styleUrl>
          <ExtendedData>
            <Data name="id"><value>1563</value></Data>
            <Data name="Class"><value>Healthy</value></Data>
          </ExtendedData>
          <Point><coordinates>102.670546400,2.745475119,0</coordinates></Point>
        </Placemark>

        <Placemark>
          <name>1564</name>
          <styleUrl>#style_Healthy</styleUrl>
          <ExtendedData>
            <Data name="id"><value>1564</value></Data>
            <Data name="Class"><value>Healthy</value></Data>
          </ExtendedData>
          <Point><coordinates>102.670472500,2.745430023,0</coordinates></Point>
        </Placemark>

        <Placemark>
          <name>1565</name>
          <styleUrl>#style_Healthy</styleUrl>
          <ExtendedData>
            <Data name="id"><value>1565</value></Data>
            <Data name="Class"><value>Healthy</value></Data>
          </ExtendedData>
          <Point><coordinates>102.670406100,2.745394949,0</coordinates></Point>
        </Placemark>

        <Placemark>
          <name>1568</name>
          <styleUrl>#style_Healthy</styleUrl>
          <ExtendedData>
            <Data name="id"><value>1568</value></Data>
            <Data name="Class"><value>Healthy</value></Data>
          </ExtendedData>
          <Point><coordinates>102.670471200,2.745275946,0</coordinates></Point>
        </Placemark>

        <Placemark>
          <name>1570</name>
          <styleUrl>#style_Healthy</styleUrl>
          <ExtendedData>
            <Data name="id"><value>1570</value></Data>
            <Data name="Class"><value>Healthy</value></Data>
          </ExtendedData>
          <Point><coordinates>102.670344700,2.745198281,0</coordinates></Point>
        </Placemark>

        <Placemark>
          <name>1571</name>
          <styleUrl>#style_Healthy</styleUrl>
          <ExtendedData>
            <Data name="id"><value>1571</value></Data>
            <Data name="Class"><value>Healthy</value></Data>
          </ExtendedData>
          <Point><coordinates>102.670335900,2.745120616,0</coordinates></Point>
        </Placemark>

        <Placemark>
          <name>1572</name>
          <styleUrl>#style_Healthy</styleUrl>
          <ExtendedData>
            <Data name="id"><value>1572</value></Data>
            <Data name="Class"><value>Healthy</value></Data>
          </ExtendedData>
          <Point><coordinates>102.670338400,2.745040446,0</coordinates></Point>
        </Placemark>

        <Placemark>
          <name>1575</name>
          <styleUrl>#style_Healthy</styleUrl>
          <ExtendedData>
            <Data name="id"><value>1575</value></Data>
            <Data name="Class"><value>Healthy</value></Data>
          </ExtendedData>
          <Point><coordinates>102.670339700,2.744959023,0</coordinates></Point>
        </Placemark>

        <Placemark>
          <name>1576</name>
          <styleUrl>#style_Healthy</styleUrl>
          <ExtendedData>
            <Data name="id"><value>1576</value></Data>
            <Data name="Class"><value>Healthy</value></Data>
          </ExtendedData>
          <Point><coordinates>102.670342200,2.744883863,0</coordinates></Point>
        </Placemark>

        <Placemark>
          <name>1581</name>
          <styleUrl>#style_Healthy</styleUrl>
          <ExtendedData>
            <Data name="id"><value>1581</value></Data>
            <Data name="Class"><value>Healthy</value></Data>
          </ExtendedData>
          <Point><coordinates>102.670467500,2.745198281,0</coordinates></Point>
        </Placemark>

        <Placemark>
          <name>1582</name>
          <styleUrl>#style_Healthy</styleUrl>
          <ExtendedData>
            <Data name="id"><value>1582</value></Data>
            <Data name="Class"><value>Healthy</value></Data>
          </ExtendedData>
          <Point><coordinates>102.670481300,2.745354863,0</coordinates></Point>
        </Placemark>

        <Placemark>
          <name>1583</name>
          <styleUrl>#style_Healthy</styleUrl>
          <ExtendedData>
            <Data name="id"><value>1583</value></Data>
            <Data name="Class"><value>Healthy</value></Data>
          </ExtendedData>
          <Point><coordinates>102.670551400,2.745394949,0</coordinates></Point>
        </Placemark>

        <Placemark>
          <name>1584</name>
          <styleUrl>#style_Healthy</styleUrl>
          <ExtendedData>
            <Data name="id"><value>1584</value></Data>
            <Data name="Class"><value>Healthy</value></Data>
          </ExtendedData>
          <Point><coordinates>102.670615300,2.745428770,0</coordinates></Point>
        </Placemark>

        <Placemark>
          <name>1585</name>
          <styleUrl>#style_Healthy</styleUrl>
          <ExtendedData>
            <Data name="id"><value>1585</value></Data>
            <Data name="Class"><value>Healthy</value></Data>
          </ExtendedData>
          <Point><coordinates>102.670694200,2.745461339,0</coordinates></Point>
        </Placemark>

        <Placemark>
          <name>1586</name>
          <styleUrl>#style_Healthy</styleUrl>
          <ExtendedData>
            <Data name="id"><value>1586</value></Data>
            <Data name="Class"><value>Healthy</value></Data>
          </ExtendedData>
          <Point><coordinates>102.670755600,2.745436286,0</coordinates></Point>
        </Placemark>

        <Placemark>
          <name>1588</name>
          <styleUrl>#style_Healthy</styleUrl>
          <ExtendedData>
            <Data name="id"><value>1588</value></Data>
            <Data name="Class"><value>Healthy</value></Data>
          </ExtendedData>
          <Point><coordinates>102.670957300,2.745316031,0</coordinates></Point>
        </Placemark>

        <Placemark>
          <name>1590</name>
          <styleUrl>#style_Healthy</styleUrl>
          <ExtendedData>
            <Data name="id"><value>1590</value></Data>
            <Data name="Class"><value>Healthy</value></Data>
          </ExtendedData>
          <Point><coordinates>102.670887100,2.745275946,0</coordinates></Point>
        </Placemark>

        <Placemark>
          <name>1591</name>
          <styleUrl>#style_Healthy</styleUrl>
          <ExtendedData>
            <Data name="id"><value>1591</value></Data>
            <Data name="Class"><value>Healthy</value></Data>
          </ExtendedData>
          <Point><coordinates>102.670953500,2.745155691,0</coordinates></Point>
        </Placemark>

        <Placemark>
          <name>1592</name>
          <styleUrl>#style_Healthy</styleUrl>
          <ExtendedData>
            <Data name="id"><value>1592</value></Data>
            <Data name="Class"><value>Healthy</value></Data>
          </ExtendedData>
          <Point><coordinates>102.671022400,2.745118111,0</coordinates></Point>
        </Placemark>

        <Placemark>
          <name>1593</name>
          <styleUrl>#style_Healthy</styleUrl>
          <ExtendedData>
            <Data name="id"><value>1593</value></Data>
            <Data name="Class"><value>Healthy</value></Data>
          </ExtendedData>
          <Point><coordinates>102.671022400,2.745037941,0</coordinates></Point>
        </Placemark>

        <Placemark>
          <name>1594</name>
          <styleUrl>#style_Healthy</styleUrl>
          <ExtendedData>
            <Data name="id"><value>1594</value></Data>
            <Data name="Class"><value>Healthy</value></Data>
          </ExtendedData>
          <Point><coordinates>102.671024900,2.744956518,0</coordinates></Point>
        </Placemark>

        <Placemark>
          <name>1595</name>
          <styleUrl>#style_Healthy</styleUrl>
          <ExtendedData>
            <Data name="id"><value>1595</value></Data>
            <Data name="Class"><value>Healthy</value></Data>
          </ExtendedData>
          <Point><coordinates>102.670949700,2.744995350,0</coordinates></Point>
        </Placemark>

        <Placemark>
          <name>1596</name>
          <styleUrl>#style_Healthy</styleUrl>
          <ExtendedData>
            <Data name="id"><value>1596</value></Data>
            <Data name="Class"><value>Healthy</value></Data>
          </ExtendedData>
          <Point><coordinates>102.670952300,2.745076773,0</coordinates></Point>
        </Placemark>

        <Placemark>
          <name>1597</name>
          <styleUrl>#style_Healthy</styleUrl>
          <ExtendedData>
            <Data name="id"><value>1597</value></Data>
            <Data name="Class"><value>Healthy</value></Data>
          </ExtendedData>
          <Point><coordinates>102.670952300,2.744910169,0</coordinates></Point>
        </Placemark>

        <Placemark>
          <name>1599</name>
          <styleUrl>#style_Healthy</styleUrl>
          <ExtendedData>
            <Data name="id"><value>1599</value></Data>
            <Data name="Class"><value>Healthy</value></Data>
          </ExtendedData>
          <Point><coordinates>102.670958500,2.744748576,0</coordinates></Point>
        </Placemark>

        <Placemark>
          <name>1600</name>
          <styleUrl>#style_Healthy</styleUrl>
          <ExtendedData>
            <Data name="id"><value>1600</value></Data>
            <Data name="Class"><value>Healthy</value></Data>
          </ExtendedData>
          <Point><coordinates>102.670887100,2.744791167,0</coordinates></Point>
        </Placemark>

        <Placemark>
          <name>1602</name>
          <styleUrl>#style_Healthy</styleUrl>
          <ExtendedData>
            <Data name="id"><value>1602</value></Data>
            <Data name="Class"><value>Healthy</value></Data>
          </ExtendedData>
          <Point><coordinates>102.670755600,2.745349853,0</coordinates></Point>
        </Placemark>

        <Placemark>
          <name>1603</name>
          <styleUrl>#style_Healthy</styleUrl>
          <ExtendedData>
            <Data name="id"><value>1603</value></Data>
            <Data name="Class"><value>Healthy</value></Data>
          </ExtendedData>
          <Point><coordinates>102.670820700,2.745314778,0</coordinates></Point>
        </Placemark>

        <Placemark>
          <name>1604</name>
          <styleUrl>#style_Healthy</styleUrl>
          <ExtendedData>
            <Data name="id"><value>1604</value></Data>
            <Data name="Class"><value>Healthy</value></Data>
          </ExtendedData>
          <Point><coordinates>102.670753100,2.745269683,0</coordinates></Point>
        </Placemark>

        <Placemark>
          <name>1605</name>
          <styleUrl>#style_Healthy</styleUrl>
          <ExtendedData>
            <Data name="id"><value>1605</value></Data>
            <Data name="Class"><value>Healthy</value></Data>
          </ExtendedData>
          <Point><coordinates>102.670809400,2.745230850,0</coordinates></Point>
        </Placemark>

        <Placemark>
          <name>1606</name>
          <styleUrl>#style_Healthy</styleUrl>
          <ExtendedData>
            <Data name="id"><value>1606</value></Data>
            <Data name="Class"><value>Healthy</value></Data>
          </ExtendedData>
          <Point><coordinates>102.670889600,2.745198281,0</coordinates></Point>
        </Placemark>

        <Placemark>
          <name>1612</name>
          <styleUrl>#style_Healthy</styleUrl>
          <ExtendedData>
            <Data name="id"><value>1612</value></Data>
            <Data name="Class"><value>Healthy</value></Data>
          </ExtendedData>
          <Point><coordinates>102.670547600,2.745235861,0</coordinates></Point>
        </Placemark>

        <Placemark>
          <name>1613</name>
          <styleUrl>#style_Healthy</styleUrl>
          <ExtendedData>
            <Data name="id"><value>1613</value></Data>
            <Data name="Class"><value>Healthy</value></Data>
          </ExtendedData>
          <Point><coordinates>102.670610300,2.745194523,0</coordinates></Point>
        </Placemark>

        <Placemark>
          <name>1618</name>
          <styleUrl>#style_Healthy</styleUrl>
          <ExtendedData>
            <Data name="id"><value>1618</value></Data>
            <Data name="Class"><value>Healthy</value></Data>
          </ExtendedData>
          <Point><coordinates>102.670681700,2.745076773,0</coordinates></Point>
        </Placemark>

        <Placemark>
          <name>1621</name>
          <styleUrl>#style_Healthy</styleUrl>
          <ExtendedData>
            <Data name="id"><value>1621</value></Data>
            <Data name="Class"><value>Healthy</value></Data>
          </ExtendedData>
          <Point><coordinates>102.670882100,2.745114353,0</coordinates></Point>
        </Placemark>

        <Placemark>
          <name>1622</name>
          <styleUrl>#style_Healthy</styleUrl>
          <ExtendedData>
            <Data name="id"><value>1622</value></Data>
            <Data name="Class"><value>Healthy</value></Data>
          </ExtendedData>
          <Point><coordinates>102.670882100,2.745035435,0</coordinates></Point>
        </Placemark>

        <Placemark>
          <name>1624</name>
          <styleUrl>#style_Healthy</styleUrl>
          <ExtendedData>
            <Data name="id"><value>1624</value></Data>
            <Data name="Class"><value>Healthy</value></Data>
          </ExtendedData>
          <Point><coordinates>102.670743100,2.745020403,0</coordinates></Point>
        </Placemark>

        <Placemark>
          <name>1625</name>
          <styleUrl>#style_Healthy</styleUrl>
          <ExtendedData>
            <Data name="id"><value>1625</value></Data>
            <Data name="Class"><value>Healthy</value></Data>
          </ExtendedData>
          <Point><coordinates>102.670880800,2.744957770,0</coordinates></Point>
        </Placemark>

        <Placemark>
          <name>1626</name>
          <styleUrl>#style_Healthy</styleUrl>
          <ExtendedData>
            <Data name="id"><value>1626</value></Data>
            <Data name="Class"><value>Healthy</value></Data>
          </ExtendedData>
          <Point><coordinates>102.670882100,2.744878853,0</coordinates></Point>
        </Placemark>

        <Placemark>
          <name>1627</name>
          <styleUrl>#style_Healthy</styleUrl>
          <ExtendedData>
            <Data name="id"><value>1627</value></Data>
            <Data name="Class"><value>Healthy</value></Data>
          </ExtendedData>
          <Point><coordinates>102.670814500,2.744915180,0</coordinates></Point>
        </Placemark>

        <Placemark>
          <name>1628</name>
          <styleUrl>#style_Healthy</styleUrl>
          <ExtendedData>
            <Data name="id"><value>1628</value></Data>
            <Data name="Class"><value>Healthy</value></Data>
          </ExtendedData>
          <Point><coordinates>102.670749300,2.744962781,0</coordinates></Point>
        </Placemark>

        <Placemark>
          <name>1630</name>
          <styleUrl>#style_Healthy</styleUrl>
          <ExtendedData>
            <Data name="id"><value>1630</value></Data>
            <Data name="Class"><value>Healthy</value></Data>
          </ExtendedData>
          <Point><coordinates>102.670681700,2.744916433,0</coordinates></Point>
        </Placemark>

        <Placemark>
          <name>1631</name>
          <styleUrl>#style_Healthy</styleUrl>
          <ExtendedData>
            <Data name="id"><value>1631</value></Data>
            <Data name="Class"><value>Healthy</value></Data>
          </ExtendedData>
          <Point><coordinates>102.670744300,2.744872590,0</coordinates></Point>
        </Placemark>

        <Placemark>
          <name>1632</name>
          <styleUrl>#style_Healthy</styleUrl>
          <ExtendedData>
            <Data name="id"><value>1632</value></Data>
            <Data name="Class"><value>Healthy</value></Data>
          </ExtendedData>
          <Point><coordinates>102.670813200,2.744838768,0</coordinates></Point>
        </Placemark>

        <Placemark>
          <name>1636</name>
          <styleUrl>#style_Healthy</styleUrl>
          <ExtendedData>
            <Data name="id"><value>1636</value></Data>
            <Data name="Class"><value>Healthy</value></Data>
          </ExtendedData>
          <Point><coordinates>102.670610300,2.744872590,0</coordinates></Point>
        </Placemark>

        <Placemark>
          <name>1641</name>
          <styleUrl>#style_Healthy</styleUrl>
          <ExtendedData>
            <Data name="id"><value>1641</value></Data>
            <Data name="Class"><value>Healthy</value></Data>
          </ExtendedData>
          <Point><coordinates>102.670402300,2.744842526,0</coordinates></Point>
        </Placemark>

        <Placemark>
          <name>1643</name>
          <styleUrl>#style_Healthy</styleUrl>
          <ExtendedData>
            <Data name="id"><value>1643</value></Data>
            <Data name="Class"><value>Healthy</value></Data>
          </ExtendedData>
          <Point><coordinates>102.670129300,2.744845031,0</coordinates></Point>
        </Placemark>

        <Placemark>
          <name>1644</name>
          <styleUrl>#style_Healthy</styleUrl>
          <ExtendedData>
            <Data name="id"><value>1644</value></Data>
            <Data name="Class"><value>Healthy</value></Data>
          </ExtendedData>
          <Point><coordinates>102.670123000,2.744762356,0</coordinates></Point>
        </Placemark>

        <Placemark>
          <name>1645</name>
          <styleUrl>#style_Healthy</styleUrl>
          <ExtendedData>
            <Data name="id"><value>1645</value></Data>
            <Data name="Class"><value>Healthy</value></Data>
          </ExtendedData>
          <Point><coordinates>102.670201900,2.744804946,0</coordinates></Point>
        </Placemark>

        <Placemark>
          <name>1646</name>
          <styleUrl>#style_Healthy</styleUrl>
          <ExtendedData>
            <Data name="id"><value>1646</value></Data>
            <Data name="Class"><value>Healthy</value></Data>
          </ExtendedData>
          <Point><coordinates>102.670200700,2.744721018,0</coordinates></Point>
        </Placemark>

        <Placemark>
          <name>1647</name>
          <styleUrl>#style_Healthy</styleUrl>
          <ExtendedData>
            <Data name="id"><value>1647</value></Data>
            <Data name="Class"><value>Healthy</value></Data>
          </ExtendedData>
          <Point><coordinates>102.670268300,2.744766114,0</coordinates></Point>
        </Placemark>

        <Placemark>
          <name>1648</name>
          <styleUrl>#style_Healthy</styleUrl>
          <ExtendedData>
            <Data name="id"><value>1648</value></Data>
            <Data name="Class"><value>Healthy</value></Data>
          </ExtendedData>
          <Point><coordinates>102.670265800,2.744841273,0</coordinates></Point>
        </Placemark>

        <Placemark>
          <name>1650</name>
          <styleUrl>#style_Healthy</styleUrl>
          <ExtendedData>
            <Data name="id"><value>1650</value></Data>
            <Data name="Class"><value>Healthy</value></Data>
          </ExtendedData>
          <Point><coordinates>102.670398600,2.744764861,0</coordinates></Point>
        </Placemark>

        <Placemark>
          <name>1651</name>
          <styleUrl>#style_Healthy</styleUrl>
          <ExtendedData>
            <Data name="id"><value>1651</value></Data>
            <Data name="Class"><value>Healthy</value></Data>
          </ExtendedData>
          <Point><coordinates>102.670338400,2.744718512,0</coordinates></Point>
        </Placemark>

        <Placemark>
          <name>1657</name>
          <styleUrl>#style_Healthy</styleUrl>
          <ExtendedData>
            <Data name="id"><value>1657</value></Data>
            <Data name="Class"><value>Healthy</value></Data>
          </ExtendedData>
          <Point><coordinates>102.668345500,2.745098068,0</coordinates></Point>
        </Placemark>

        <Placemark>
          <name>1658</name>
          <styleUrl>#style_Healthy</styleUrl>
          <ExtendedData>
            <Data name="id"><value>1658</value></Data>
            <Data name="Class"><value>Healthy</value></Data>
          </ExtendedData>
          <Point><coordinates>102.668465700,2.745094310,0</coordinates></Point>
        </Placemark>

        <Placemark>
          <name>1659</name>
          <styleUrl>#style_Healthy</styleUrl>
          <ExtendedData>
            <Data name="id"><value>1659</value></Data>
            <Data name="Class"><value>Healthy</value></Data>
          </ExtendedData>
          <Point><coordinates>102.668549600,2.745056730,0</coordinates></Point>
        </Placemark>

        <Placemark>
          <name>1660</name>
          <styleUrl>#style_Healthy</styleUrl>
          <ExtendedData>
            <Data name="id"><value>1660</value></Data>
            <Data name="Class"><value>Healthy</value></Data>
          </ExtendedData>
          <Point><coordinates>102.668614800,2.745091805,0</coordinates></Point>
        </Placemark>

        <Placemark>
          <name>1661</name>
          <styleUrl>#style_Healthy</styleUrl>
          <ExtendedData>
            <Data name="id"><value>1661</value></Data>
            <Data name="Class"><value>Healthy</value></Data>
          </ExtendedData>
          <Point><coordinates>102.668691200,2.745054225,0</coordinates></Point>
        </Placemark>

        <Placemark>
          <name>1662</name>
          <styleUrl>#style_Healthy</styleUrl>
          <ExtendedData>
            <Data name="id"><value>1662</value></Data>
            <Data name="Class"><value>Healthy</value></Data>
          </ExtendedData>
          <Point><coordinates>102.668617300,2.745015393,0</coordinates></Point>
        </Placemark>

        <Placemark>
          <name>1663</name>
          <styleUrl>#style_Healthy</styleUrl>
          <ExtendedData>
            <Data name="id"><value>1663</value></Data>
            <Data name="Class"><value>Healthy</value></Data>
          </ExtendedData>
          <Point><coordinates>102.668684900,2.744975308,0</coordinates></Point>
        </Placemark>

        <Placemark>
          <name>1664</name>
          <styleUrl>#style_Healthy</styleUrl>
          <ExtendedData>
            <Data name="id"><value>1664</value></Data>
            <Data name="Class"><value>Healthy</value></Data>
          </ExtendedData>
          <Point><coordinates>102.668686200,2.744895137,0</coordinates></Point>
        </Placemark>

        <Placemark>
          <name>1665</name>
          <styleUrl>#style_Healthy</styleUrl>
          <ExtendedData>
            <Data name="id"><value>1665</value></Data>
            <Data name="Class"><value>Healthy</value></Data>
          </ExtendedData>
          <Point><coordinates>102.668755100,2.744855052,0</coordinates></Point>
        </Placemark>

        <Placemark>
          <name>1666</name>
          <styleUrl>#style_Healthy</styleUrl>
          <ExtendedData>
            <Data name="id"><value>1666</value></Data>
            <Data name="Class"><value>Healthy</value></Data>
          </ExtendedData>
          <Point><coordinates>102.668611000,2.744938981,0</coordinates></Point>
        </Placemark>

        <Placemark>
          <name>1667</name>
          <styleUrl>#style_Healthy</styleUrl>
          <ExtendedData>
            <Data name="id"><value>1667</value></Data>
            <Data name="Class"><value>Healthy</value></Data>
          </ExtendedData>
          <Point><coordinates>102.668613500,2.744858810,0</coordinates></Point>
        </Placemark>

        <Placemark>
          <name>1668</name>
          <styleUrl>#style_Healthy</styleUrl>
          <ExtendedData>
            <Data name="id"><value>1668</value></Data>
            <Data name="Class"><value>Healthy</value></Data>
          </ExtendedData>
          <Point><coordinates>102.668552200,2.744977813,0</coordinates></Point>
        </Placemark>

        <Placemark>
          <name>1669</name>
          <styleUrl>#style_Healthy</styleUrl>
          <ExtendedData>
            <Data name="id"><value>1669</value></Data>
            <Data name="Class"><value>Healthy</value></Data>
          </ExtendedData>
          <Point><coordinates>102.668482000,2.745019151,0</coordinates></Point>
        </Placemark>

        <Placemark>
          <name>1670</name>
          <styleUrl>#style_Healthy</styleUrl>
          <ExtendedData>
            <Data name="id"><value>1670</value></Data>
            <Data name="Class"><value>Healthy</value></Data>
          </ExtendedData>
          <Point><coordinates>102.668345500,2.745022909,0</coordinates></Point>
        </Placemark>

        <Placemark>
          <name>1671</name>
          <styleUrl>#style_Healthy</styleUrl>
          <ExtendedData>
            <Data name="id"><value>1671</value></Data>
            <Data name="Class"><value>Healthy</value></Data>
          </ExtendedData>
          <Point><coordinates>102.668346700,2.744946496,0</coordinates></Point>
        </Placemark>

        <Placemark>
          <name>1672</name>
          <styleUrl>#style_Healthy</styleUrl>
          <ExtendedData>
            <Data name="id"><value>1672</value></Data>
            <Data name="Class"><value>Healthy</value></Data>
          </ExtendedData>
          <Point><coordinates>102.668404300,2.744982824,0</coordinates></Point>
        </Placemark>

        <Placemark>
          <name>1673</name>
          <styleUrl>#style_Healthy</styleUrl>
          <ExtendedData>
            <Data name="id"><value>1673</value></Data>
            <Data name="Class"><value>Healthy</value></Data>
          </ExtendedData>
          <Point><coordinates>102.668479500,2.744935223,0</coordinates></Point>
        </Placemark>

        <Placemark>
          <name>1674</name>
          <styleUrl>#style_Healthy</styleUrl>
          <ExtendedData>
            <Data name="id"><value>1674</value></Data>
            <Data name="Class"><value>Healthy</value></Data>
          </ExtendedData>
          <Point><coordinates>102.668406800,2.744902653,0</coordinates></Point>
        </Placemark>

        <Placemark>
          <name>1675</name>
          <styleUrl>#style_Healthy</styleUrl>
          <ExtendedData>
            <Data name="id"><value>1675</value></Data>
            <Data name="Class"><value>Healthy</value></Data>
          </ExtendedData>
          <Point><coordinates>102.668475700,2.744857558,0</coordinates></Point>
        </Placemark>

        <Placemark>
          <name>1676</name>
          <styleUrl>#style_Healthy</styleUrl>
          <ExtendedData>
            <Data name="id"><value>1676</value></Data>
            <Data name="Class"><value>Healthy</value></Data>
          </ExtendedData>
          <Point><coordinates>102.668550900,2.744818725,0</coordinates></Point>
        </Placemark>

        <Placemark>
          <name>1677</name>
          <styleUrl>#style_Healthy</styleUrl>
          <ExtendedData>
            <Data name="id"><value>1677</value></Data>
            <Data name="Class"><value>Healthy</value></Data>
          </ExtendedData>
          <Point><coordinates>102.668478200,2.744781145,0</coordinates></Point>
        </Placemark>

        <Placemark>
          <name>1678</name>
          <styleUrl>#style_Healthy</styleUrl>
          <ExtendedData>
            <Data name="id"><value>1678</value></Data>
            <Data name="Class"><value>Healthy</value></Data>
          </ExtendedData>
          <Point><coordinates>102.668411900,2.744817473,0</coordinates></Point>
        </Placemark>

        <Placemark>
          <name>1679</name>
          <styleUrl>#style_Healthy</styleUrl>
          <ExtendedData>
            <Data name="id"><value>1679</value></Data>
            <Data name="Class"><value>Healthy</value></Data>
          </ExtendedData>
          <Point><coordinates>102.668344200,2.744777387,0</coordinates></Point>
        </Placemark>

        <Placemark>
          <name>1680</name>
          <styleUrl>#style_Healthy</styleUrl>
          <ExtendedData>
            <Data name="id"><value>1680</value></Data>
            <Data name="Class"><value>Healthy</value></Data>
          </ExtendedData>
          <Point><coordinates>102.668405600,2.744738555,0</coordinates></Point>
        </Placemark>

        <Placemark>
          <name>1681</name>
          <styleUrl>#style_Healthy</styleUrl>
          <ExtendedData>
            <Data name="id"><value>1681</value></Data>
            <Data name="Class"><value>Healthy</value></Data>
          </ExtendedData>
          <Point><coordinates>102.668329200,2.744867579,0</coordinates></Point>
        </Placemark>

        <Placemark>
          <name>1682</name>
          <styleUrl>#style_Healthy</styleUrl>
          <ExtendedData>
            <Data name="id"><value>1682</value></Data>
            <Data name="Class"><value>Healthy</value></Data>
          </ExtendedData>
          <Point><coordinates>102.668279100,2.744898895,0</coordinates></Point>
        </Placemark>

        <Placemark>
          <name>1683</name>
          <styleUrl>#style_Healthy</styleUrl>
          <ExtendedData>
            <Data name="id"><value>1683</value></Data>
            <Data name="Class"><value>Healthy</value></Data>
          </ExtendedData>
          <Point><coordinates>102.668267800,2.744831252,0</coordinates></Point>
        </Placemark>

        <Placemark>
          <name>1684</name>
          <styleUrl>#style_Healthy</styleUrl>
          <ExtendedData>
            <Data name="id"><value>1684</value></Data>
            <Data name="Class"><value>Healthy</value></Data>
          </ExtendedData>
          <Point><coordinates>102.668206400,2.744784903,0</coordinates></Point>
        </Placemark>

        <Placemark>
          <name>1685</name>
          <styleUrl>#style_Healthy</styleUrl>
          <ExtendedData>
            <Data name="id"><value>1685</value></Data>
            <Data name="Class"><value>Healthy</value></Data>
          </ExtendedData>
          <Point><coordinates>102.668137500,2.744739808,0</coordinates></Point>
        </Placemark>

        <Placemark>
          <name>1686</name>
          <styleUrl>#style_Healthy</styleUrl>
          <ExtendedData>
            <Data name="id"><value>1686</value></Data>
            <Data name="Class"><value>Healthy</value></Data>
          </ExtendedData>
          <Point><coordinates>102.668067400,2.744694712,0</coordinates></Point>
        </Placemark>

        <Placemark>
          <name>1687</name>
          <styleUrl>#style_Healthy</styleUrl>
          <ExtendedData>
            <Data name="id"><value>1687</value></Data>
            <Data name="Class"><value>Healthy</value></Data>
          </ExtendedData>
          <Point><coordinates>102.668069900,2.744628321,0</coordinates></Point>
        </Placemark>

        <Placemark>
          <name>1688</name>
          <styleUrl>#style_Healthy</styleUrl>
          <ExtendedData>
            <Data name="id"><value>1688</value></Data>
            <Data name="Class"><value>Healthy</value></Data>
          </ExtendedData>
          <Point><coordinates>102.668064900,2.744538130,0</coordinates></Point>
        </Placemark>

        <Placemark>
          <name>1689</name>
          <styleUrl>#style_Healthy</styleUrl>
          <ExtendedData>
            <Data name="id"><value>1689</value></Data>
            <Data name="Class"><value>Healthy</value></Data>
          </ExtendedData>
          <Point><coordinates>102.668208900,2.744620805,0</coordinates></Point>
        </Placemark>

        <Placemark>
          <name>1690</name>
          <styleUrl>#style_Healthy</styleUrl>
          <ExtendedData>
            <Data name="id"><value>1690</value></Data>
            <Data name="Class"><value>Healthy</value></Data>
          </ExtendedData>
          <Point><coordinates>102.668201400,2.744698470,0</coordinates></Point>
        </Placemark>

        <Placemark>
          <name>1691</name>
          <styleUrl>#style_Healthy</styleUrl>
          <ExtendedData>
            <Data name="id"><value>1691</value></Data>
            <Data name="Class"><value>Healthy</value></Data>
          </ExtendedData>
          <Point><coordinates>102.668270300,2.744739808,0</coordinates></Point>
        </Placemark>

        <Placemark>
          <name>1692</name>
          <styleUrl>#style_Healthy</styleUrl>
          <ExtendedData>
            <Data name="id"><value>1692</value></Data>
            <Data name="Class"><value>Healthy</value></Data>
          </ExtendedData>
          <Point><coordinates>102.668274100,2.744588236,0</coordinates></Point>
        </Placemark>

        <Placemark>
          <name>1693</name>
          <styleUrl>#style_Healthy</styleUrl>
          <ExtendedData>
            <Data name="id"><value>1693</value></Data>
            <Data name="Class"><value>Healthy</value></Data>
          </ExtendedData>
          <Point><coordinates>102.668196400,2.744549403,0</coordinates></Point>
        </Placemark>

        <Placemark>
          <name>1694</name>
          <styleUrl>#style_Healthy</styleUrl>
          <ExtendedData>
            <Data name="id"><value>1694</value></Data>
            <Data name="Class"><value>Healthy</value></Data>
          </ExtendedData>
          <Point><coordinates>102.668345500,2.744622058,0</coordinates></Point>
        </Placemark>

        <Placemark>
          <name>1695</name>
          <styleUrl>#style_Healthy</styleUrl>
          <ExtendedData>
            <Data name="id"><value>1695</value></Data>
            <Data name="Class"><value>Healthy</value></Data>
          </ExtendedData>
          <Point><coordinates>102.668408100,2.744664648,0</coordinates></Point>
        </Placemark>

        <Placemark>
          <name>1696</name>
          <styleUrl>#style_Healthy</styleUrl>
          <ExtendedData>
            <Data name="id"><value>1696</value></Data>
            <Data name="Class"><value>Healthy</value></Data>
          </ExtendedData>
          <Point><coordinates>102.668475700,2.744615794,0</coordinates></Point>
        </Placemark>

        <Placemark>
          <name>1699</name>
          <styleUrl>#style_Healthy</styleUrl>
          <ExtendedData>
            <Data name="id"><value>1699</value></Data>
            <Data name="Class"><value>Healthy</value></Data>
          </ExtendedData>
          <Point><coordinates>102.668267800,2.744431653,0</coordinates></Point>
        </Placemark>

        <Placemark>
          <name>1700</name>
          <styleUrl>#style_Healthy</styleUrl>
          <ExtendedData>
            <Data name="id"><value>1700</value></Data>
            <Data name="Class"><value>Healthy</value></Data>
          </ExtendedData>
          <Point><coordinates>102.668003500,2.744585731,0</coordinates></Point>
        </Placemark>

        <Placemark>
          <name>1701</name>
          <styleUrl>#style_Healthy</styleUrl>
          <ExtendedData>
            <Data name="id"><value>1701</value></Data>
            <Data name="Class"><value>Healthy</value></Data>
          </ExtendedData>
          <Point><coordinates>102.667932100,2.744545645,0</coordinates></Point>
        </Placemark>

        <Placemark>
          <name>1702</name>
          <styleUrl>#style_Healthy</styleUrl>
          <ExtendedData>
            <Data name="id"><value>1702</value></Data>
            <Data name="Class"><value>Healthy</value></Data>
          </ExtendedData>
          <Point><coordinates>102.667849400,2.744483012,0</coordinates></Point>
        </Placemark>

        <Placemark>
          <name>1703</name>
          <styleUrl>#style_Healthy</styleUrl>
          <ExtendedData>
            <Data name="id"><value>1703</value></Data>
            <Data name="Class"><value>Healthy</value></Data>
          </ExtendedData>
          <Point><coordinates>102.667922100,2.744461717,0</coordinates></Point>
        </Placemark>

        <Placemark>
          <name>1704</name>
          <styleUrl>#style_Healthy</styleUrl>
          <ExtendedData>
            <Data name="id"><value>1704</value></Data>
            <Data name="Class"><value>Healthy</value></Data>
          </ExtendedData>
          <Point><coordinates>102.667989700,2.744500550,0</coordinates></Point>
        </Placemark>

        <Placemark>
          <name>1705</name>
          <styleUrl>#style_Healthy</styleUrl>
          <ExtendedData>
            <Data name="id"><value>1705</value></Data>
            <Data name="Class"><value>Healthy</value></Data>
          </ExtendedData>
          <Point><coordinates>102.667997200,2.744426643,0</coordinates></Point>
        </Placemark>

        <Placemark>
          <name>1706</name>
          <styleUrl>#style_Healthy</styleUrl>
          <ExtendedData>
            <Data name="id"><value>1706</value></Data>
            <Data name="Class"><value>Healthy</value></Data>
          </ExtendedData>
          <Point><coordinates>102.667923300,2.744386558,0</coordinates></Point>
        </Placemark>

        <Placemark>
          <name>1707</name>
          <styleUrl>#style_Healthy</styleUrl>
          <ExtendedData>
            <Data name="id"><value>1707</value></Data>
            <Data name="Class"><value>Healthy</value></Data>
          </ExtendedData>
          <Point><coordinates>102.667849400,2.744272566,0</coordinates></Point>
        </Placemark>

        <Placemark>
          <name>1710</name>
          <styleUrl>#style_Healthy</styleUrl>
          <ExtendedData>
            <Data name="id"><value>1710</value></Data>
            <Data name="Class"><value>Healthy</value></Data>
          </ExtendedData>
          <Point><coordinates>102.668125000,2.744352736,0</coordinates></Point>
        </Placemark>

        <Placemark>
          <name>1712</name>
          <styleUrl>#style_Healthy</styleUrl>
          <ExtendedData>
            <Data name="id"><value>1712</value></Data>
            <Data name="Class"><value>Healthy</value></Data>
          </ExtendedData>
          <Point><coordinates>102.668197700,2.744385305,0</coordinates></Point>
        </Placemark>

        <Placemark>
          <name>1713</name>
          <styleUrl>#style_Healthy</styleUrl>
          <ExtendedData>
            <Data name="id"><value>1713</value></Data>
            <Data name="Class"><value>Healthy</value></Data>
          </ExtendedData>
          <Point><coordinates>102.668196400,2.744306388,0</coordinates></Point>
        </Placemark>

        <Placemark>
          <name>1714</name>
          <styleUrl>#style_Healthy</styleUrl>
          <ExtendedData>
            <Data name="id"><value>1714</value></Data>
            <Data name="Class"><value>Healthy</value></Data>
          </ExtendedData>
          <Point><coordinates>102.668132500,2.744268808,0</coordinates></Point>
        </Placemark>

        <Placemark>
          <name>1715</name>
          <styleUrl>#style_Healthy</styleUrl>
          <ExtendedData>
            <Data name="id"><value>1715</value></Data>
            <Data name="Class"><value>Healthy</value></Data>
          </ExtendedData>
          <Point><coordinates>102.668269100,2.744342715,0</coordinates></Point>
        </Placemark>

        <Placemark>
          <name>1716</name>
          <styleUrl>#style_Healthy</styleUrl>
          <ExtendedData>
            <Data name="id"><value>1716</value></Data>
            <Data name="Class"><value>Healthy</value></Data>
          </ExtendedData>
          <Point><coordinates>102.668260300,2.744271313,0</coordinates></Point>
        </Placemark>

        <Placemark>
          <name>1717</name>
          <styleUrl>#style_Healthy</styleUrl>
          <ExtendedData>
            <Data name="id"><value>1717</value></Data>
            <Data name="Class"><value>Healthy</value></Data>
          </ExtendedData>
          <Point><coordinates>102.668343000,2.744297619,0</coordinates></Point>
        </Placemark>

        <Placemark>
          <name>1719</name>
          <styleUrl>#style_Healthy</styleUrl>
          <ExtendedData>
            <Data name="id"><value>1719</value></Data>
            <Data name="Class"><value>Healthy</value></Data>
          </ExtendedData>
          <Point><coordinates>102.668406800,2.744346473,0</coordinates></Point>
        </Placemark>

        <Placemark>
          <name>1720</name>
          <styleUrl>#style_Healthy</styleUrl>
          <ExtendedData>
            <Data name="id"><value>1720</value></Data>
            <Data name="Class"><value>Healthy</value></Data>
          </ExtendedData>
          <Point><coordinates>102.668391800,2.744267555,0</coordinates></Point>
        </Placemark>

        <Placemark>
          <name>1721</name>
          <styleUrl>#style_Healthy</styleUrl>
          <ExtendedData>
            <Data name="id"><value>1721</value></Data>
            <Data name="Class"><value>Healthy</value></Data>
          </ExtendedData>
          <Point><coordinates>102.668474500,2.744297619,0</coordinates></Point>
        </Placemark>

        <Placemark>
          <name>1723</name>
          <styleUrl>#style_Healthy</styleUrl>
          <ExtendedData>
            <Data name="id"><value>1723</value></Data>
            <Data name="Class"><value>Healthy</value></Data>
          </ExtendedData>
          <Point><coordinates>102.668544600,2.744496792,0</coordinates></Point>
        </Placemark>

        <Placemark>
          <name>1724</name>
          <styleUrl>#style_Healthy</styleUrl>
          <ExtendedData>
            <Data name="id"><value>1724</value></Data>
            <Data name="Class"><value>Healthy</value></Data>
          </ExtendedData>
          <Point><coordinates>102.668549600,2.744738555,0</coordinates></Point>
        </Placemark>

        <Placemark>
          <name>1725</name>
          <styleUrl>#style_Healthy</styleUrl>
          <ExtendedData>
            <Data name="id"><value>1725</value></Data>
            <Data name="Class"><value>Healthy</value></Data>
          </ExtendedData>
          <Point><coordinates>102.668544600,2.744662143,0</coordinates></Point>
        </Placemark>

        <Placemark>
          <name>1726</name>
          <styleUrl>#style_Healthy</styleUrl>
          <ExtendedData>
            <Data name="id"><value>1726</value></Data>
            <Data name="Class"><value>Healthy</value></Data>
          </ExtendedData>
          <Point><coordinates>102.668537100,2.744579467,0</coordinates></Point>
        </Placemark>

        <Placemark>
          <name>1727</name>
          <styleUrl>#style_Healthy</styleUrl>
          <ExtendedData>
            <Data name="id"><value>1727</value></Data>
            <Data name="Class"><value>Healthy</value></Data>
          </ExtendedData>
          <Point><coordinates>102.668614800,2.744707239,0</coordinates></Point>
        </Placemark>

        <Placemark>
          <name>1728</name>
          <styleUrl>#style_Healthy</styleUrl>
          <ExtendedData>
            <Data name="id"><value>1728</value></Data>
            <Data name="Class"><value>Healthy</value></Data>
          </ExtendedData>
          <Point><coordinates>102.668682400,2.744747324,0</coordinates></Point>
        </Placemark>

        <Placemark>
          <name>1729</name>
          <styleUrl>#style_Healthy</styleUrl>
          <ExtendedData>
            <Data name="id"><value>1729</value></Data>
            <Data name="Class"><value>Healthy</value></Data>
          </ExtendedData>
          <Point><coordinates>102.668752600,2.744779893,0</coordinates></Point>
        </Placemark>

        <Placemark>
          <name>1730</name>
          <styleUrl>#style_Healthy</styleUrl>
          <ExtendedData>
            <Data name="id"><value>1730</value></Data>
            <Data name="Class"><value>Healthy</value></Data>
          </ExtendedData>
          <Point><coordinates>102.668822700,2.744816220,0</coordinates></Point>
        </Placemark>

        <Placemark>
          <name>1732</name>
          <styleUrl>#style_Healthy</styleUrl>
          <ExtendedData>
            <Data name="id"><value>1732</value></Data>
            <Data name="Class"><value>Healthy</value></Data>
          </ExtendedData>
          <Point><coordinates>102.668959300,2.744809957,0</coordinates></Point>
        </Placemark>

        <Placemark>
          <name>1735</name>
          <styleUrl>#style_Healthy</styleUrl>
          <ExtendedData>
            <Data name="id"><value>1735</value></Data>
            <Data name="Class"><value>Healthy</value></Data>
          </ExtendedData>
          <Point><coordinates>102.669173500,2.744855052,0</coordinates></Point>
        </Placemark>

        <Placemark>
          <name>1736</name>
          <styleUrl>#style_Healthy</styleUrl>
          <ExtendedData>
            <Data name="id"><value>1736</value></Data>
            <Data name="Class"><value>Healthy</value></Data>
          </ExtendedData>
          <Point><coordinates>102.669237400,2.744809957,0</coordinates></Point>
        </Placemark>

        <Placemark>
          <name>1737</name>
          <styleUrl>#style_Healthy</styleUrl>
          <ExtendedData>
            <Data name="id"><value>1737</value></Data>
            <Data name="Class"><value>Healthy</value></Data>
          </ExtendedData>
          <Point><coordinates>102.669305000,2.744855052,0</coordinates></Point>
        </Placemark>

        <Placemark>
          <name>1743</name>
          <styleUrl>#style_Healthy</styleUrl>
          <ExtendedData>
            <Data name="id"><value>1743</value></Data>
            <Data name="Class"><value>Healthy</value></Data>
          </ExtendedData>
          <Point><coordinates>102.669303800,2.744685943,0</coordinates></Point>
        </Placemark>

        <Placemark>
          <name>1750</name>
          <styleUrl>#style_Healthy</styleUrl>
          <ExtendedData>
            <Data name="id"><value>1750</value></Data>
            <Data name="Class"><value>Healthy</value></Data>
          </ExtendedData>
          <Point><coordinates>102.669298700,2.744298872,0</coordinates></Point>
        </Placemark>

        <Placemark>
          <name>1751</name>
          <styleUrl>#style_Healthy</styleUrl>
          <ExtendedData>
            <Data name="id"><value>1751</value></Data>
            <Data name="Class"><value>Healthy</value></Data>
          </ExtendedData>
          <Point><coordinates>102.669303800,2.744370273,0</coordinates></Point>
        </Placemark>

        <Placemark>
          <name>1753</name>
          <styleUrl>#style_Healthy</styleUrl>
          <ExtendedData>
            <Data name="id"><value>1753</value></Data>
            <Data name="Class"><value>Healthy</value></Data>
          </ExtendedData>
          <Point><coordinates>102.669300000,2.744533119,0</coordinates></Point>
        </Placemark>

        <Placemark>
          <name>1761</name>
          <styleUrl>#style_Healthy</styleUrl>
          <ExtendedData>
            <Data name="id"><value>1761</value></Data>
            <Data name="Class"><value>Healthy</value></Data>
          </ExtendedData>
          <Point><coordinates>102.669233600,2.744411611,0</coordinates></Point>
        </Placemark>

        <Placemark>
          <name>1762</name>
          <styleUrl>#style_Healthy</styleUrl>
          <ExtendedData>
            <Data name="id"><value>1762</value></Data>
            <Data name="Class"><value>Healthy</value></Data>
          </ExtendedData>
          <Point><coordinates>102.669163500,2.744456707,0</coordinates></Point>
        </Placemark>

        <Placemark>
          <name>1765</name>
          <styleUrl>#style_Healthy</styleUrl>
          <ExtendedData>
            <Data name="id"><value>1765</value></Data>
            <Data name="Class"><value>Healthy</value></Data>
          </ExtendedData>
          <Point><coordinates>102.669097100,2.744727281,0</coordinates></Point>
        </Placemark>

        <Placemark>
          <name>1766</name>
          <styleUrl>#style_Healthy</styleUrl>
          <ExtendedData>
            <Data name="id"><value>1766</value></Data>
            <Data name="Class"><value>Healthy</value></Data>
          </ExtendedData>
          <Point><coordinates>102.669028200,2.744695965,0</coordinates></Point>
        </Placemark>

        <Placemark>
          <name>1767</name>
          <styleUrl>#style_Healthy</styleUrl>
          <ExtendedData>
            <Data name="id"><value>1767</value></Data>
            <Data name="Class"><value>Healthy</value></Data>
          </ExtendedData>
          <Point><coordinates>102.669025700,2.744774882,0</coordinates></Point>
        </Placemark>

        <Placemark>
          <name>1768</name>
          <styleUrl>#style_Healthy</styleUrl>
          <ExtendedData>
            <Data name="id"><value>1768</value></Data>
            <Data name="Class"><value>Healthy</value></Data>
          </ExtendedData>
          <Point><coordinates>102.668953000,2.744726028,0</coordinates></Point>
        </Placemark>

        <Placemark>
          <name>1770</name>
          <styleUrl>#style_Healthy</styleUrl>
          <ExtendedData>
            <Data name="id"><value>1770</value></Data>
            <Data name="Class"><value>Healthy</value></Data>
          </ExtendedData>
          <Point><coordinates>102.668894100,2.744774882,0</coordinates></Point>
        </Placemark>

        <Placemark>
          <name>1771</name>
          <styleUrl>#style_Healthy</styleUrl>
          <ExtendedData>
            <Data name="id"><value>1771</value></Data>
            <Data name="Class"><value>Healthy</value></Data>
          </ExtendedData>
          <Point><coordinates>102.668819000,2.744737302,0</coordinates></Point>
        </Placemark>

        <Placemark>
          <name>1772</name>
          <styleUrl>#style_Healthy</styleUrl>
          <ExtendedData>
            <Data name="id"><value>1772</value></Data>
            <Data name="Class"><value>Healthy</value></Data>
          </ExtendedData>
          <Point><coordinates>102.668747600,2.744697217,0</coordinates></Point>
        </Placemark>

        <Placemark>
          <name>1773</name>
          <styleUrl>#style_Healthy</styleUrl>
          <ExtendedData>
            <Data name="id"><value>1773</value></Data>
            <Data name="Class"><value>Healthy</value></Data>
          </ExtendedData>
          <Point><coordinates>102.668684900,2.744662143,0</coordinates></Point>
        </Placemark>

        <Placemark>
          <name>1774</name>
          <styleUrl>#style_Healthy</styleUrl>
          <ExtendedData>
            <Data name="id"><value>1774</value></Data>
            <Data name="Class"><value>Healthy</value></Data>
          </ExtendedData>
          <Point><coordinates>102.668617300,2.744624563,0</coordinates></Point>
        </Placemark>

        <Placemark>
          <name>1775</name>
          <styleUrl>#style_Healthy</styleUrl>
          <ExtendedData>
            <Data name="id"><value>1775</value></Data>
            <Data name="Class"><value>Healthy</value></Data>
          </ExtendedData>
          <Point><coordinates>102.668614800,2.744543140,0</coordinates></Point>
        </Placemark>

        <Placemark>
          <name>1776</name>
          <styleUrl>#style_Healthy</styleUrl>
          <ExtendedData>
            <Data name="id"><value>1776</value></Data>
            <Data name="Class"><value>Healthy</value></Data>
          </ExtendedData>
          <Point><coordinates>102.668693700,2.744588236,0</coordinates></Point>
        </Placemark>

        <Placemark>
          <name>1777</name>
          <styleUrl>#style_Healthy</styleUrl>
          <ExtendedData>
            <Data name="id"><value>1777</value></Data>
            <Data name="Class"><value>Healthy</value></Data>
          </ExtendedData>
          <Point><coordinates>102.668753800,2.744624563,0</coordinates></Point>
        </Placemark>

        <Placemark>
          <name>1779</name>
          <styleUrl>#style_Healthy</styleUrl>
          <ExtendedData>
            <Data name="id"><value>1779</value></Data>
            <Data name="Class"><value>Healthy</value></Data>
          </ExtendedData>
          <Point><coordinates>102.668891600,2.744614542,0</coordinates></Point>
        </Placemark>

        <Placemark>
          <name>1780</name>
          <styleUrl>#style_Healthy</styleUrl>
          <ExtendedData>
            <Data name="id"><value>1780</value></Data>
            <Data name="Class"><value>Healthy</value></Data>
          </ExtendedData>
          <Point><coordinates>102.668963000,2.744652122,0</coordinates></Point>
        </Placemark>

        <Placemark>
          <name>1783</name>
          <styleUrl>#style_Healthy</styleUrl>
          <ExtendedData>
            <Data name="id"><value>1783</value></Data>
            <Data name="Class"><value>Healthy</value></Data>
          </ExtendedData>
          <Point><coordinates>102.668958000,2.744490528,0</coordinates></Point>
        </Placemark>

        <Placemark>
          <name>1785</name>
          <styleUrl>#style_Healthy</styleUrl>
          <ExtendedData>
            <Data name="id"><value>1785</value></Data>
            <Data name="Class"><value>Healthy</value></Data>
          </ExtendedData>
          <Point><coordinates>102.668820200,2.744575709,0</coordinates></Point>
        </Placemark>

        <Placemark>
          <name>1786</name>
          <styleUrl>#style_Healthy</styleUrl>
          <ExtendedData>
            <Data name="id"><value>1786</value></Data>
            <Data name="Class"><value>Healthy</value></Data>
          </ExtendedData>
          <Point><coordinates>102.668755100,2.744538130,0</coordinates></Point>
        </Placemark>

        <Placemark>
          <name>1787</name>
          <styleUrl>#style_Healthy</styleUrl>
          <ExtendedData>
            <Data name="id"><value>1787</value></Data>
            <Data name="Class"><value>Healthy</value></Data>
          </ExtendedData>
          <Point><coordinates>102.668687400,2.744501802,0</coordinates></Point>
        </Placemark>

        <Placemark>
          <name>1790</name>
          <styleUrl>#style_Healthy</styleUrl>
          <ExtendedData>
            <Data name="id"><value>1790</value></Data>
            <Data name="Class"><value>Healthy</value></Data>
          </ExtendedData>
          <Point><coordinates>102.668540900,2.744340209,0</coordinates></Point>
        </Placemark>

        <Placemark>
          <name>1791</name>
          <styleUrl>#style_Healthy</styleUrl>
          <ExtendedData>
            <Data name="id"><value>1791</value></Data>
            <Data name="Class"><value>Healthy</value></Data>
          </ExtendedData>
          <Point><coordinates>102.668550900,2.744267555,0</coordinates></Point>
        </Placemark>

        <Placemark>
          <name>1792</name>
          <styleUrl>#style_Healthy</styleUrl>
          <ExtendedData>
            <Data name="id"><value>1792</value></Data>
            <Data name="Class"><value>Healthy</value></Data>
          </ExtendedData>
          <Point><coordinates>102.668612300,2.744302630,0</coordinates></Point>
        </Placemark>

        <Placemark>
          <name>1794</name>
          <styleUrl>#style_Healthy</styleUrl>
          <ExtendedData>
            <Data name="id"><value>1794</value></Data>
            <Data name="Class"><value>Healthy</value></Data>
          </ExtendedData>
          <Point><coordinates>102.668679900,2.744416622,0</coordinates></Point>
        </Placemark>

        <Placemark>
          <name>1795</name>
          <styleUrl>#style_Healthy</styleUrl>
          <ExtendedData>
            <Data name="id"><value>1795</value></Data>
            <Data name="Class"><value>Healthy</value></Data>
          </ExtendedData>
          <Point><coordinates>102.668679900,2.744342715,0</coordinates></Point>
        </Placemark>

        <Placemark>
          <name>1796</name>
          <styleUrl>#style_Healthy</styleUrl>
          <ExtendedData>
            <Data name="id"><value>1796</value></Data>
            <Data name="Class"><value>Healthy</value></Data>
          </ExtendedData>
          <Point><coordinates>102.668676200,2.744258786,0</coordinates></Point>
        </Placemark>

        <Placemark>
          <name>1797</name>
          <styleUrl>#style_Healthy</styleUrl>
          <ExtendedData>
            <Data name="id"><value>1797</value></Data>
            <Data name="Class"><value>Healthy</value></Data>
          </ExtendedData>
          <Point><coordinates>102.668748800,2.744296366,0</coordinates></Point>
        </Placemark>

        <Placemark>
          <name>1798</name>
          <styleUrl>#style_Healthy</styleUrl>
          <ExtendedData>
            <Data name="id"><value>1798</value></Data>
            <Data name="Class"><value>Healthy</value></Data>
          </ExtendedData>
          <Point><coordinates>102.668750100,2.744379042,0</coordinates></Point>
        </Placemark>

        <Placemark>
          <name>1799</name>
          <styleUrl>#style_Healthy</styleUrl>
          <ExtendedData>
            <Data name="id"><value>1799</value></Data>
            <Data name="Class"><value>Healthy</value></Data>
          </ExtendedData>
          <Point><coordinates>102.668750100,2.744461717,0</coordinates></Point>
        </Placemark>

        <Placemark>
          <name>1800</name>
          <styleUrl>#style_Healthy</styleUrl>
          <ExtendedData>
            <Data name="id"><value>1800</value></Data>
            <Data name="Class"><value>Healthy</value></Data>
          </ExtendedData>
          <Point><coordinates>102.668819000,2.744498044,0</coordinates></Point>
        </Placemark>

        <Placemark>
          <name>1801</name>
          <styleUrl>#style_Healthy</styleUrl>
          <ExtendedData>
            <Data name="id"><value>1801</value></Data>
            <Data name="Class"><value>Healthy</value></Data>
          </ExtendedData>
          <Point><coordinates>102.668820200,2.744421632,0</coordinates></Point>
        </Placemark>

        <Placemark>
          <name>1802</name>
          <styleUrl>#style_Healthy</styleUrl>
          <ExtendedData>
            <Data name="id"><value>1802</value></Data>
            <Data name="Class"><value>Healthy</value></Data>
          </ExtendedData>
          <Point><coordinates>102.668885400,2.744459212,0</coordinates></Point>
        </Placemark>

        <Placemark>
          <name>1803</name>
          <styleUrl>#style_Healthy</styleUrl>
          <ExtendedData>
            <Data name="id"><value>1803</value></Data>
            <Data name="Class"><value>Healthy</value></Data>
          </ExtendedData>
          <Point><coordinates>102.668819000,2.744343967,0</coordinates></Point>
        </Placemark>

        <Placemark>
          <name>1804</name>
          <styleUrl>#style_Healthy</styleUrl>
          <ExtendedData>
            <Data name="id"><value>1804</value></Data>
            <Data name="Class"><value>Healthy</value></Data>
          </ExtendedData>
          <Point><coordinates>102.668819000,2.744260039,0</coordinates></Point>
        </Placemark>

        <Placemark>
          <name>1805</name>
          <styleUrl>#style_Healthy</styleUrl>
          <ExtendedData>
            <Data name="id"><value>1805</value></Data>
            <Data name="Class"><value>Healthy</value></Data>
          </ExtendedData>
          <Point><coordinates>102.668886600,2.744292608,0</coordinates></Point>
        </Placemark>

        <Placemark>
          <name>1806</name>
          <styleUrl>#style_Healthy</styleUrl>
          <ExtendedData>
            <Data name="id"><value>1806</value></Data>
            <Data name="Class"><value>Healthy</value></Data>
          </ExtendedData>
          <Point><coordinates>102.668880400,2.744376536,0</coordinates></Point>
        </Placemark>

        <Placemark>
          <name>1807</name>
          <styleUrl>#style_Healthy</styleUrl>
          <ExtendedData>
            <Data name="id"><value>1807</value></Data>
            <Data name="Class"><value>Healthy</value></Data>
          </ExtendedData>
          <Point><coordinates>102.668951800,2.744414116,0</coordinates></Point>
        </Placemark>

        <Placemark>
          <name>1808</name>
          <styleUrl>#style_Healthy</styleUrl>
          <ExtendedData>
            <Data name="id"><value>1808</value></Data>
            <Data name="Class"><value>Healthy</value></Data>
          </ExtendedData>
          <Point><coordinates>102.669023200,2.744454201,0</coordinates></Point>
        </Placemark>

        <Placemark>
          <name>1809</name>
          <styleUrl>#style_Healthy</styleUrl>
          <ExtendedData>
            <Data name="id"><value>1809</value></Data>
            <Data name="Class"><value>Healthy</value></Data>
          </ExtendedData>
          <Point><coordinates>102.669099600,2.744414116,0</coordinates></Point>
        </Placemark>

        <Placemark>
          <name>1811</name>
          <styleUrl>#style_Healthy</styleUrl>
          <ExtendedData>
            <Data name="id"><value>1811</value></Data>
            <Data name="Class"><value>Healthy</value></Data>
          </ExtendedData>
          <Point><coordinates>102.669094600,2.744330188,0</coordinates></Point>
        </Placemark>

        <Placemark>
          <name>1812</name>
          <styleUrl>#style_Healthy</styleUrl>
          <ExtendedData>
            <Data name="id"><value>1812</value></Data>
            <Data name="Class"><value>Healthy</value></Data>
          </ExtendedData>
          <Point><coordinates>102.669025700,2.744379042,0</coordinates></Point>
        </Placemark>

        <Placemark>
          <name>1813</name>
          <styleUrl>#style_Healthy</styleUrl>
          <ExtendedData>
            <Data name="id"><value>1813</value></Data>
            <Data name="Class"><value>Healthy</value></Data>
          </ExtendedData>
          <Point><coordinates>102.668956800,2.744331441,0</coordinates></Point>
        </Placemark>

        <Placemark>
          <name>1814</name>
          <styleUrl>#style_Healthy</styleUrl>
          <ExtendedData>
            <Data name="id"><value>1814</value></Data>
            <Data name="Class"><value>Healthy</value></Data>
          </ExtendedData>
          <Point><coordinates>102.669024400,2.744293861,0</coordinates></Point>
        </Placemark>

        <Placemark>
          <name>1815</name>
          <styleUrl>#style_Healthy</styleUrl>
          <ExtendedData>
            <Data name="id"><value>1815</value></Data>
            <Data name="Class"><value>Healthy</value></Data>
          </ExtendedData>
          <Point><coordinates>102.668960500,2.744258786,0</coordinates></Point>
        </Placemark>

        <Placemark>
          <name>1816</name>
          <styleUrl>#style_Healthy</styleUrl>
          <ExtendedData>
            <Data name="id"><value>1816</value></Data>
            <Data name="Class"><value>Healthy</value></Data>
          </ExtendedData>
          <Point><coordinates>102.669163500,2.744300124,0</coordinates></Point>
        </Placemark>

        <Placemark>
          <name>1818</name>
          <styleUrl>#style_Healthy</styleUrl>
          <ExtendedData>
            <Data name="id"><value>1818</value></Data>
            <Data name="Class"><value>Healthy</value></Data>
          </ExtendedData>
          <Point><coordinates>102.669216100,2.744250018,0</coordinates></Point>
        </Placemark>

        <Placemark>
          <name>1819</name>
          <styleUrl>#style_Healthy</styleUrl>
          <ExtendedData>
            <Data name="id"><value>1819</value></Data>
            <Data name="Class"><value>Healthy</value></Data>
          </ExtendedData>
          <Point><coordinates>102.669102100,2.744260039,0</coordinates></Point>
        </Placemark>

        <Placemark>
          <name>1821</name>
          <styleUrl>#style_Healthy</styleUrl>
          <ExtendedData>
            <Data name="id"><value>1821</value></Data>
            <Data name="Class"><value>Healthy</value></Data>
          </ExtendedData>
          <Point><coordinates>102.667786200,2.744222773,0</coordinates></Point>
        </Placemark>

        <Placemark>
          <name>1822</name>
          <styleUrl>#style_Healthy</styleUrl>
          <ExtendedData>
            <Data name="id"><value>1822</value></Data>
            <Data name="Class"><value>Healthy</value></Data>
          </ExtendedData>
          <Point><coordinates>102.667781100,2.744152624,0</coordinates></Point>
        </Placemark>

        <Placemark>
          <name>1823</name>
          <styleUrl>#style_Healthy</styleUrl>
          <ExtendedData>
            <Data name="id"><value>1823</value></Data>
            <Data name="Class"><value>Healthy</value></Data>
          </ExtendedData>
          <Point><coordinates>102.667855000,2.744187698,0</coordinates></Point>
        </Placemark>

        <Placemark>
          <name>1824</name>
          <styleUrl>#style_Healthy</styleUrl>
          <ExtendedData>
            <Data name="id"><value>1824</value></Data>
            <Data name="Class"><value>Healthy</value></Data>
          </ExtendedData>
          <Point><coordinates>102.667714800,2.744112538,0</coordinates></Point>
        </Placemark>

        <Placemark>
          <name>1827</name>
          <styleUrl>#style_Healthy</styleUrl>
          <ExtendedData>
            <Data name="id"><value>1827</value></Data>
            <Data name="Class"><value>Healthy</value></Data>
          </ExtendedData>
          <Point><coordinates>102.667649600,2.743750520,0</coordinates></Point>
        </Placemark>

        <Placemark>
          <name>1828</name>
          <styleUrl>#style_Healthy</styleUrl>
          <ExtendedData>
            <Data name="id"><value>1828</value></Data>
            <Data name="Class"><value>Healthy</value></Data>
          </ExtendedData>
          <Point><coordinates>102.667649600,2.743669097,0</coordinates></Point>
        </Placemark>

        <Placemark>
          <name>1829</name>
          <styleUrl>#style_Healthy</styleUrl>
          <ExtendedData>
            <Data name="id"><value>1829</value></Data>
            <Data name="Class"><value>Healthy</value></Data>
          </ExtendedData>
          <Point><coordinates>102.667633300,2.743595190,0</coordinates></Point>
        </Placemark>

        <Placemark>
          <name>1831</name>
          <styleUrl>#style_Healthy</styleUrl>
          <ExtendedData>
            <Data name="id"><value>1831</value></Data>
            <Data name="Class"><value>Healthy</value></Data>
          </ExtendedData>
          <Point><coordinates>102.667712200,2.743552600,0</coordinates></Point>
        </Placemark>

        <Placemark>
          <name>1832</name>
          <styleUrl>#style_Healthy</styleUrl>
          <ExtendedData>
            <Data name="id"><value>1832</value></Data>
            <Data name="Class"><value>Healthy</value></Data>
          </ExtendedData>
          <Point><coordinates>102.667703500,2.743472430,0</coordinates></Point>
        </Placemark>

        <Placemark>
          <name>1833</name>
          <styleUrl>#style_Healthy</styleUrl>
          <ExtendedData>
            <Data name="id"><value>1833</value></Data>
            <Data name="Class"><value>Healthy</value></Data>
          </ExtendedData>
          <Point><coordinates>102.667714800,2.743636528,0</coordinates></Point>
        </Placemark>

        <Placemark>
          <name>1834</name>
          <styleUrl>#style_Healthy</styleUrl>
          <ExtendedData>
            <Data name="id"><value>1834</value></Data>
            <Data name="Class"><value>Healthy</value></Data>
          </ExtendedData>
          <Point><coordinates>102.667724800,2.743712940,0</coordinates></Point>
        </Placemark>

        <Placemark>
          <name>1837</name>
          <styleUrl>#style_Healthy</styleUrl>
          <ExtendedData>
            <Data name="id"><value>1837</value></Data>
            <Data name="Class"><value>Healthy</value></Data>
          </ExtendedData>
          <Point><coordinates>102.667847500,2.743948440,0</coordinates></Point>
        </Placemark>

        <Placemark>
          <name>1839</name>
          <styleUrl>#style_Healthy</styleUrl>
          <ExtendedData>
            <Data name="id"><value>1839</value></Data>
            <Data name="Class"><value>Healthy</value></Data>
          </ExtendedData>
          <Point><coordinates>102.667781100,2.743988525,0</coordinates></Point>
        </Placemark>

        <Placemark>
          <name>1842</name>
          <styleUrl>#style_Healthy</styleUrl>
          <ExtendedData>
            <Data name="id"><value>1842</value></Data>
            <Data name="Class"><value>Healthy</value></Data>
          </ExtendedData>
          <Point><coordinates>102.667991600,2.744112538,0</coordinates></Point>
        </Placemark>

        <Placemark>
          <name>1843</name>
          <styleUrl>#style_Healthy</styleUrl>
          <ExtendedData>
            <Data name="id"><value>1843</value></Data>
            <Data name="Class"><value>Healthy</value></Data>
          </ExtendedData>
          <Point><coordinates>102.667992800,2.744028610,0</coordinates></Point>
        </Placemark>

        <Placemark>
          <name>1844</name>
          <styleUrl>#style_Healthy</styleUrl>
          <ExtendedData>
            <Data name="id"><value>1844</value></Data>
            <Data name="Class"><value>Healthy</value></Data>
          </ExtendedData>
          <Point><coordinates>102.667989100,2.743947187,0</coordinates></Point>
        </Placemark>

        <Placemark>
          <name>1845</name>
          <styleUrl>#style_Healthy</styleUrl>
          <ExtendedData>
            <Data name="id"><value>1845</value></Data>
            <Data name="Class"><value>Healthy</value></Data>
          </ExtendedData>
          <Point><coordinates>102.668050500,2.743902092,0</coordinates></Point>
        </Placemark>

        <Placemark>
          <name>1846</name>
          <styleUrl>#style_Healthy</styleUrl>
          <ExtendedData>
            <Data name="id"><value>1846</value></Data>
            <Data name="Class"><value>Healthy</value></Data>
          </ExtendedData>
          <Point><coordinates>102.668056700,2.743998546,0</coordinates></Point>
        </Placemark>

        <Placemark>
          <name>1850</name>
          <styleUrl>#style_Healthy</styleUrl>
          <ExtendedData>
            <Data name="id"><value>1850</value></Data>
            <Data name="Class"><value>Healthy</value></Data>
          </ExtendedData>
          <Point><coordinates>102.668131900,2.744186445,0</coordinates></Point>
        </Placemark>

        <Placemark>
          <name>1851</name>
          <styleUrl>#style_Healthy</styleUrl>
          <ExtendedData>
            <Data name="id"><value>1851</value></Data>
            <Data name="Class"><value>Healthy</value></Data>
          </ExtendedData>
          <Point><coordinates>102.668193300,2.744229036,0</coordinates></Point>
        </Placemark>

        <Placemark>
          <name>1852</name>
          <styleUrl>#style_Healthy</styleUrl>
          <ExtendedData>
            <Data name="id"><value>1852</value></Data>
            <Data name="Class"><value>Healthy</value></Data>
          </ExtendedData>
          <Point><coordinates>102.668259700,2.744188951,0</coordinates></Point>
        </Placemark>

        <Placemark>
          <name>1853</name>
          <styleUrl>#style_Healthy</styleUrl>
          <ExtendedData>
            <Data name="id"><value>1853</value></Data>
            <Data name="Class"><value>Healthy</value></Data>
          </ExtendedData>
          <Point><coordinates>102.668328600,2.744229036,0</coordinates></Point>
        </Placemark>

        <Placemark>
          <name>1854</name>
          <styleUrl>#style_Healthy</styleUrl>
          <ExtendedData>
            <Data name="id"><value>1854</value></Data>
            <Data name="Class"><value>Healthy</value></Data>
          </ExtendedData>
          <Point><coordinates>102.668400000,2.744183940,0</coordinates></Point>
        </Placemark>

        <Placemark>
          <name>1855</name>
          <styleUrl>#style_Healthy</styleUrl>
          <ExtendedData>
            <Data name="id"><value>1855</value></Data>
            <Data name="Class"><value>Healthy</value></Data>
          </ExtendedData>
          <Point><coordinates>102.668476400,2.744230288,0</coordinates></Point>
        </Placemark>

        <Placemark>
          <name>1856</name>
          <styleUrl>#style_Healthy</styleUrl>
          <ExtendedData>
            <Data name="id"><value>1856</value></Data>
            <Data name="Class"><value>Healthy</value></Data>
          </ExtendedData>
          <Point><coordinates>102.668541500,2.744186445,0</coordinates></Point>
        </Placemark>

        <Placemark>
          <name>1857</name>
          <styleUrl>#style_Healthy</styleUrl>
          <ExtendedData>
            <Data name="id"><value>1857</value></Data>
            <Data name="Class"><value>Healthy</value></Data>
          </ExtendedData>
          <Point><coordinates>102.668609200,2.744141350,0</coordinates></Point>
        </Placemark>

        <Placemark>
          <name>1858</name>
          <styleUrl>#style_Healthy</styleUrl>
          <ExtendedData>
            <Data name="id"><value>1858</value></Data>
            <Data name="Class"><value>Healthy</value></Data>
          </ExtendedData>
          <Point><coordinates>102.668675500,2.744180182,0</coordinates></Point>
        </Placemark>

        <Placemark>
          <name>1859</name>
          <styleUrl>#style_Healthy</styleUrl>
          <ExtendedData>
            <Data name="id"><value>1859</value></Data>
            <Data name="Class"><value>Healthy</value></Data>
          </ExtendedData>
          <Point><coordinates>102.668750700,2.744131328,0</coordinates></Point>
        </Placemark>

        <Placemark>
          <name>1860</name>
          <styleUrl>#style_Healthy</styleUrl>
          <ExtendedData>
            <Data name="id"><value>1860</value></Data>
            <Data name="Class"><value>Healthy</value></Data>
          </ExtendedData>
          <Point><coordinates>102.668673000,2.744107528,0</coordinates></Point>
        </Placemark>

        <Placemark>
          <name>1861</name>
          <styleUrl>#style_Healthy</styleUrl>
          <ExtendedData>
            <Data name="id"><value>1861</value></Data>
            <Data name="Class"><value>Healthy</value></Data>
          </ExtendedData>
          <Point><coordinates>102.668683100,2.744022347,0</coordinates></Point>
        </Placemark>

        <Placemark>
          <name>1862</name>
          <styleUrl>#style_Healthy</styleUrl>
          <ExtendedData>
            <Data name="id"><value>1862</value></Data>
            <Data name="Class"><value>Healthy</value></Data>
          </ExtendedData>
          <Point><coordinates>102.668745700,2.744057421,0</coordinates></Point>
        </Placemark>

        <Placemark>
          <name>1863</name>
          <styleUrl>#style_Healthy</styleUrl>
          <ExtendedData>
            <Data name="id"><value>1863</value></Data>
            <Data name="Class"><value>Healthy</value></Data>
          </ExtendedData>
          <Point><coordinates>102.668749400,2.743978504,0</coordinates></Point>
        </Placemark>

        <Placemark>
          <name>1864</name>
          <styleUrl>#style_Healthy</styleUrl>
          <ExtendedData>
            <Data name="id"><value>1864</value></Data>
            <Data name="Class"><value>Healthy</value></Data>
          </ExtendedData>
          <Point><coordinates>102.668678000,2.743933408,0</coordinates></Point>
        </Placemark>

        <Placemark>
          <name>1866</name>
          <styleUrl>#style_Healthy</styleUrl>
          <ExtendedData>
            <Data name="id"><value>1866</value></Data>
            <Data name="Class"><value>Healthy</value></Data>
          </ExtendedData>
          <Point><coordinates>102.668748200,2.743895828,0</coordinates></Point>
        </Placemark>

        <Placemark>
          <name>1867</name>
          <styleUrl>#style_Healthy</styleUrl>
          <ExtendedData>
            <Data name="id"><value>1867</value></Data>
            <Data name="Class"><value>Healthy</value></Data>
          </ExtendedData>
          <Point><coordinates>102.668610400,2.743897081,0</coordinates></Point>
        </Placemark>

        <Placemark>
          <name>1868</name>
          <styleUrl>#style_Healthy</styleUrl>
          <ExtendedData>
            <Data name="id"><value>1868</value></Data>
            <Data name="Class"><value>Healthy</value></Data>
          </ExtendedData>
          <Point><coordinates>102.668607900,2.743809395,0</coordinates></Point>
        </Placemark>

        <Placemark>
          <name>1870</name>
          <styleUrl>#style_Healthy</styleUrl>
          <ExtendedData>
            <Data name="id"><value>1870</value></Data>
            <Data name="Class"><value>Healthy</value></Data>
          </ExtendedData>
          <Point><coordinates>102.668477600,2.743818164,0</coordinates></Point>
        </Placemark>

        <Placemark>
          <name>1871</name>
          <styleUrl>#style_Healthy</styleUrl>
          <ExtendedData>
            <Data name="id"><value>1871</value></Data>
            <Data name="Class"><value>Healthy</value></Data>
          </ExtendedData>
          <Point><coordinates>102.668476400,2.743740499,0</coordinates></Point>
        </Placemark>

        <Placemark>
          <name>1872</name>
          <styleUrl>#style_Healthy</styleUrl>
          <ExtendedData>
            <Data name="id"><value>1872</value></Data>
            <Data name="Class"><value>Healthy</value></Data>
          </ExtendedData>
          <Point><coordinates>102.668401200,2.743699161,0</coordinates></Point>
        </Placemark>

        <Placemark>
          <name>1873</name>
          <styleUrl>#style_Healthy</styleUrl>
          <ExtendedData>
            <Data name="id"><value>1873</value></Data>
            <Data name="Class"><value>Healthy</value></Data>
          </ExtendedData>
          <Point><coordinates>102.668410000,2.743780584,0</coordinates></Point>
        </Placemark>

        <Placemark>
          <name>1874</name>
          <styleUrl>#style_Healthy</styleUrl>
          <ExtendedData>
            <Data name="id"><value>1874</value></Data>
            <Data name="Class"><value>Healthy</value></Data>
          </ExtendedData>
          <Point><coordinates>102.668418700,2.743872028,0</coordinates></Point>
        </Placemark>

        <Placemark>
          <name>1875</name>
          <styleUrl>#style_Healthy</styleUrl>
          <ExtendedData>
            <Data name="id"><value>1875</value></Data>
            <Data name="Class"><value>Healthy</value></Data>
          </ExtendedData>
          <Point><coordinates>102.668473900,2.743903344,0</coordinates></Point>
        </Placemark>

        <Placemark>
          <name>1876</name>
          <styleUrl>#style_Healthy</styleUrl>
          <ExtendedData>
            <Data name="id"><value>1876</value></Data>
            <Data name="Class"><value>Healthy</value></Data>
          </ExtendedData>
          <Point><coordinates>102.668537700,2.743942177,0</coordinates></Point>
        </Placemark>

        <Placemark>
          <name>1877</name>
          <styleUrl>#style_Healthy</styleUrl>
          <ExtendedData>
            <Data name="id"><value>1877</value></Data>
            <Data name="Class"><value>Healthy</value></Data>
          </ExtendedData>
          <Point><coordinates>102.668606600,2.743981009,0</coordinates></Point>
        </Placemark>

        <Placemark>
          <name>1878</name>
          <styleUrl>#style_Healthy</styleUrl>
          <ExtendedData>
            <Data name="id"><value>1878</value></Data>
            <Data name="Class"><value>Healthy</value></Data>
          </ExtendedData>
          <Point><coordinates>102.668612900,2.744061179,0</coordinates></Point>
        </Placemark>

        <Placemark>
          <name>1879</name>
          <styleUrl>#style_Healthy</styleUrl>
          <ExtendedData>
            <Data name="id"><value>1879</value></Data>
            <Data name="Class"><value>Healthy</value></Data>
          </ExtendedData>
          <Point><coordinates>102.668542800,2.744102517,0</coordinates></Point>
        </Placemark>

        <Placemark>
          <name>1880</name>
          <styleUrl>#style_Healthy</styleUrl>
          <ExtendedData>
            <Data name="id"><value>1880</value></Data>
            <Data name="Class"><value>Healthy</value></Data>
          </ExtendedData>
          <Point><coordinates>102.668539000,2.744024852,0</coordinates></Point>
        </Placemark>

        <Placemark>
          <name>1881</name>
          <styleUrl>#style_Healthy</styleUrl>
          <ExtendedData>
            <Data name="id"><value>1881</value></Data>
            <Data name="Class"><value>Healthy</value></Data>
          </ExtendedData>
          <Point><coordinates>102.668475100,2.743977251,0</coordinates></Point>
        </Placemark>

        <Placemark>
          <name>1882</name>
          <styleUrl>#style_Healthy</styleUrl>
          <ExtendedData>
            <Data name="id"><value>1882</value></Data>
            <Data name="Class"><value>Healthy</value></Data>
          </ExtendedData>
          <Point><coordinates>102.668475100,2.744061179,0</coordinates></Point>
        </Placemark>

        <Placemark>
          <name>1883</name>
          <styleUrl>#style_Healthy</styleUrl>
          <ExtendedData>
            <Data name="id"><value>1883</value></Data>
            <Data name="Class"><value>Healthy</value></Data>
          </ExtendedData>
          <Point><coordinates>102.668477600,2.744142602,0</coordinates></Point>
        </Placemark>

        <Placemark>
          <name>1884</name>
          <styleUrl>#style_Healthy</styleUrl>
          <ExtendedData>
            <Data name="id"><value>1884</value></Data>
            <Data name="Class"><value>Healthy</value></Data>
          </ExtendedData>
          <Point><coordinates>102.668406200,2.744106275,0</coordinates></Point>
        </Placemark>

        <Placemark>
          <name>1885</name>
          <styleUrl>#style_Healthy</styleUrl>
          <ExtendedData>
            <Data name="id"><value>1885</value></Data>
            <Data name="Class"><value>Healthy</value></Data>
          </ExtendedData>
          <Point><coordinates>102.668331100,2.744067443,0</coordinates></Point>
        </Placemark>

        <Placemark>
          <name>1886</name>
          <styleUrl>#style_Healthy</styleUrl>
          <ExtendedData>
            <Data name="id"><value>1886</value></Data>
            <Data name="Class"><value>Healthy</value></Data>
          </ExtendedData>
          <Point><coordinates>102.668263400,2.744110033,0</coordinates></Point>
        </Placemark>

        <Placemark>
          <name>1887</name>
          <styleUrl>#style_Healthy</styleUrl>
          <ExtendedData>
            <Data name="id"><value>1887</value></Data>
            <Data name="Class"><value>Healthy</value></Data>
          </ExtendedData>
          <Point><coordinates>102.668263400,2.744028610,0</coordinates></Point>
        </Placemark>

        <Placemark>
          <name>1888</name>
          <styleUrl>#style_Healthy</styleUrl>
          <ExtendedData>
            <Data name="id"><value>1888</value></Data>
            <Data name="Class"><value>Healthy</value></Data>
          </ExtendedData>
          <Point><coordinates>102.668262200,2.743950945,0</coordinates></Point>
        </Placemark>

        <Placemark>
          <name>1889</name>
          <styleUrl>#style_Healthy</styleUrl>
          <ExtendedData>
            <Data name="id"><value>1889</value></Data>
            <Data name="Class"><value>Healthy</value></Data>
          </ExtendedData>
          <Point><coordinates>102.668334800,2.743988525,0</coordinates></Point>
        </Placemark>

        <Placemark>
          <name>1890</name>
          <styleUrl>#style_Healthy</styleUrl>
          <ExtendedData>
            <Data name="id"><value>1890</value></Data>
            <Data name="Class"><value>Healthy</value></Data>
          </ExtendedData>
          <Point><coordinates>102.668403700,2.744026105,0</coordinates></Point>
        </Placemark>

        <Placemark>
          <name>1891</name>
          <styleUrl>#style_Healthy</styleUrl>
          <ExtendedData>
            <Data name="id"><value>1891</value></Data>
            <Data name="Class"><value>Healthy</value></Data>
          </ExtendedData>
          <Point><coordinates>102.668407500,2.743947187,0</coordinates></Point>
        </Placemark>

        <Placemark>
          <name>1892</name>
          <styleUrl>#style_Healthy</styleUrl>
          <ExtendedData>
            <Data name="id"><value>1892</value></Data>
            <Data name="Class"><value>Healthy</value></Data>
          </ExtendedData>
          <Point><coordinates>102.668337300,2.743902092,0</coordinates></Point>
        </Placemark>

        <Placemark>
          <name>1893</name>
          <styleUrl>#style_Healthy</styleUrl>
          <ExtendedData>
            <Data name="id"><value>1893</value></Data>
            <Data name="Class"><value>Healthy</value></Data>
          </ExtendedData>
          <Point><coordinates>102.668329800,2.743829437,0</coordinates></Point>
        </Placemark>

        <Placemark>
          <name>1894</name>
          <styleUrl>#style_Healthy</styleUrl>
          <ExtendedData>
            <Data name="id"><value>1894</value></Data>
            <Data name="Class"><value>Healthy</value></Data>
          </ExtendedData>
          <Point><coordinates>102.668333600,2.743740499,0</coordinates></Point>
        </Placemark>

        <Placemark>
          <name>1895</name>
          <styleUrl>#style_Healthy</styleUrl>
          <ExtendedData>
            <Data name="id"><value>1895</value></Data>
            <Data name="Class"><value>Healthy</value></Data>
          </ExtendedData>
          <Point><coordinates>102.668337300,2.743661581,0</coordinates></Point>
        </Placemark>

        <Placemark>
          <name>1896</name>
          <styleUrl>#style_Healthy</styleUrl>
          <ExtendedData>
            <Data name="id"><value>1896</value></Data>
            <Data name="Class"><value>Healthy</value></Data>
          </ExtendedData>
          <Point><coordinates>102.668264700,2.743701666,0</coordinates></Point>
        </Placemark>

        <Placemark>
          <name>1897</name>
          <styleUrl>#style_Healthy</styleUrl>
          <ExtendedData>
            <Data name="id"><value>1897</value></Data>
            <Data name="Class"><value>Healthy</value></Data>
          </ExtendedData>
          <Point><coordinates>102.668194500,2.743743004,0</coordinates></Point>
        </Placemark>

        <Placemark>
          <name>1898</name>
          <styleUrl>#style_Healthy</styleUrl>
          <ExtendedData>
            <Data name="id"><value>1898</value></Data>
            <Data name="Class"><value>Healthy</value></Data>
          </ExtendedData>
          <Point><coordinates>102.668197000,2.743825680,0</coordinates></Point>
        </Placemark>

        <Placemark>
          <name>1899</name>
          <styleUrl>#style_Healthy</styleUrl>
          <ExtendedData>
            <Data name="id"><value>1899</value></Data>
            <Data name="Class"><value>Healthy</value></Data>
          </ExtendedData>
          <Point><coordinates>102.668197000,2.743900839,0</coordinates></Point>
        </Placemark>

        <Placemark>
          <name>1900</name>
          <styleUrl>#style_Healthy</styleUrl>
          <ExtendedData>
            <Data name="id"><value>1900</value></Data>
            <Data name="Class"><value>Healthy</value></Data>
          </ExtendedData>
          <Point><coordinates>102.668202000,2.743991031,0</coordinates></Point>
        </Placemark>

        <Placemark>
          <name>1901</name>
          <styleUrl>#style_Healthy</styleUrl>
          <ExtendedData>
            <Data name="id"><value>1901</value></Data>
            <Data name="Class"><value>Healthy</value></Data>
          </ExtendedData>
          <Point><coordinates>102.668193300,2.744142602,0</coordinates></Point>
        </Placemark>

        <Placemark>
          <name>1902</name>
          <styleUrl>#style_Healthy</styleUrl>
          <ExtendedData>
            <Data name="id"><value>1902</value></Data>
            <Data name="Class"><value>Healthy</value></Data>
          </ExtendedData>
          <Point><coordinates>102.668128100,2.744111286,0</coordinates></Point>
        </Placemark>

        <Placemark>
          <name>1903</name>
          <styleUrl>#style_Healthy</styleUrl>
          <ExtendedData>
            <Data name="id"><value>1903</value></Data>
            <Data name="Class"><value>Healthy</value></Data>
          </ExtendedData>
          <Point><coordinates>102.668126900,2.744029863,0</coordinates></Point>
        </Placemark>

        <Placemark>
          <name>1904</name>
          <styleUrl>#style_Healthy</styleUrl>
          <ExtendedData>
            <Data name="id"><value>1904</value></Data>
            <Data name="Class"><value>Healthy</value></Data>
          </ExtendedData>
          <Point><coordinates>102.668129400,2.743944682,0</coordinates></Point>
        </Placemark>

        <Placemark>
          <name>1905</name>
          <styleUrl>#style_Healthy</styleUrl>
          <ExtendedData>
            <Data name="id"><value>1905</value></Data>
            <Data name="Class"><value>Healthy</value></Data>
          </ExtendedData>
          <Point><coordinates>102.667848800,2.743788100,0</coordinates></Point>
        </Placemark>

        <Placemark>
          <name>1909</name>
          <styleUrl>#style_Healthy</styleUrl>
          <ExtendedData>
            <Data name="id"><value>1909</value></Data>
            <Data name="Class"><value>Healthy</value></Data>
          </ExtendedData>
          <Point><coordinates>102.668125600,2.743786847,0</coordinates></Point>
        </Placemark>

        <Placemark>
          <name>1910</name>
          <styleUrl>#style_Healthy</styleUrl>
          <ExtendedData>
            <Data name="id"><value>1910</value></Data>
            <Data name="Class"><value>Healthy</value></Data>
          </ExtendedData>
          <Point><coordinates>102.668130600,2.743709182,0</coordinates></Point>
        </Placemark>

        <Placemark>
          <name>1911</name>
          <styleUrl>#style_Healthy</styleUrl>
          <ExtendedData>
            <Data name="id"><value>1911</value></Data>
            <Data name="Class"><value>Healthy</value></Data>
          </ExtendedData>
          <Point><coordinates>102.668056700,2.743748015,0</coordinates></Point>
        </Placemark>

        <Placemark>
          <name>1912</name>
          <styleUrl>#style_Healthy</styleUrl>
          <ExtendedData>
            <Data name="id"><value>1912</value></Data>
            <Data name="Class"><value>Healthy</value></Data>
          </ExtendedData>
          <Point><coordinates>102.667996600,2.743711688,0</coordinates></Point>
        </Placemark>

        <Placemark>
          <name>1913</name>
          <styleUrl>#style_Healthy</styleUrl>
          <ExtendedData>
            <Data name="id"><value>1913</value></Data>
            <Data name="Class"><value>Healthy</value></Data>
          </ExtendedData>
          <Point><coordinates>102.667930200,2.743674108,0</coordinates></Point>
        </Placemark>

        <Placemark>
          <name>1916</name>
          <styleUrl>#style_Healthy</styleUrl>
          <ExtendedData>
            <Data name="id"><value>1916</value></Data>
            <Data name="Class"><value>Healthy</value></Data>
          </ExtendedData>
          <Point><coordinates>102.667781100,2.743511262,0</coordinates></Point>
        </Placemark>

        <Placemark>
          <name>1917</name>
          <styleUrl>#style_Healthy</styleUrl>
          <ExtendedData>
            <Data name="id"><value>1917</value></Data>
            <Data name="Class"><value>Healthy</value></Data>
          </ExtendedData>
          <Point><coordinates>102.667781100,2.743428586,0</coordinates></Point>
        </Placemark>

        <Placemark>
          <name>1918</name>
          <styleUrl>#style_Healthy</styleUrl>
          <ExtendedData>
            <Data name="id"><value>1918</value></Data>
            <Data name="Class"><value>Healthy</value></Data>
          </ExtendedData>
          <Point><coordinates>102.667774900,2.743345911,0</coordinates></Point>
        </Placemark>

        <Placemark>
          <name>1919</name>
          <styleUrl>#style_Healthy</styleUrl>
          <ExtendedData>
            <Data name="id"><value>1919</value></Data>
            <Data name="Class"><value>Healthy</value></Data>
          </ExtendedData>
          <Point><coordinates>102.667848800,2.743308331,0</coordinates></Point>
        </Placemark>

        <Placemark>
          <name>1920</name>
          <styleUrl>#style_Healthy</styleUrl>
          <ExtendedData>
            <Data name="id"><value>1920</value></Data>
            <Data name="Class"><value>Healthy</value></Data>
          </ExtendedData>
          <Point><coordinates>102.667852500,2.743373469,0</coordinates></Point>
        </Placemark>

        <Placemark>
          <name>1921</name>
          <styleUrl>#style_Healthy</styleUrl>
          <ExtendedData>
            <Data name="id"><value>1921</value></Data>
            <Data name="Class"><value>Healthy</value></Data>
          </ExtendedData>
          <Point><coordinates>102.667848800,2.743466166,0</coordinates></Point>
        </Placemark>

        <Placemark>
          <name>1922</name>
          <styleUrl>#style_Healthy</styleUrl>
          <ExtendedData>
            <Data name="id"><value>1922</value></Data>
            <Data name="Class"><value>Healthy</value></Data>
          </ExtendedData>
          <Point><coordinates>102.667846300,2.743556358,0</coordinates></Point>
        </Placemark>

        <Placemark>
          <name>1923</name>
          <styleUrl>#style_Healthy</styleUrl>
          <ExtendedData>
            <Data name="id"><value>1923</value></Data>
            <Data name="Class"><value>Healthy</value></Data>
          </ExtendedData>
          <Point><coordinates>102.667911400,2.743516273,0</coordinates></Point>
        </Placemark>

        <Placemark>
          <name>1924</name>
          <styleUrl>#style_Healthy</styleUrl>
          <ExtendedData>
            <Data name="id"><value>1924</value></Data>
            <Data name="Class"><value>Healthy</value></Data>
          </ExtendedData>
          <Point><coordinates>102.667926500,2.743588927,0</coordinates></Point>
        </Placemark>

        <Placemark>
          <name>1925</name>
          <styleUrl>#style_Healthy</styleUrl>
          <ExtendedData>
            <Data name="id"><value>1925</value></Data>
            <Data name="Class"><value>Healthy</value></Data>
          </ExtendedData>
          <Point><coordinates>102.667987800,2.743626507,0</coordinates></Point>
        </Placemark>

        <Placemark>
          <name>1926</name>
          <styleUrl>#style_Healthy</styleUrl>
          <ExtendedData>
            <Data name="id"><value>1926</value></Data>
            <Data name="Class"><value>Healthy</value></Data>
          </ExtendedData>
          <Point><coordinates>102.668059200,2.743665339,0</coordinates></Point>
        </Placemark>

        <Placemark>
          <name>1927</name>
          <styleUrl>#style_Healthy</styleUrl>
          <ExtendedData>
            <Data name="id"><value>1927</value></Data>
            <Data name="Class"><value>Healthy</value></Data>
          </ExtendedData>
          <Point><coordinates>102.668055500,2.743587674,0</coordinates></Point>
        </Placemark>

        <Placemark>
          <name>1928</name>
          <styleUrl>#style_Healthy</styleUrl>
          <ExtendedData>
            <Data name="id"><value>1928</value></Data>
            <Data name="Class"><value>Healthy</value></Data>
          </ExtendedData>
          <Point><coordinates>102.668121900,2.743626507,0</coordinates></Point>
        </Placemark>

        <Placemark>
          <name>1929</name>
          <styleUrl>#style_Healthy</styleUrl>
          <ExtendedData>
            <Data name="id"><value>1929</value></Data>
            <Data name="Class"><value>Healthy</value></Data>
          </ExtendedData>
          <Point><coordinates>102.668194500,2.743588927,0</coordinates></Point>
        </Placemark>

        <Placemark>
          <name>1930</name>
          <styleUrl>#style_Healthy</styleUrl>
          <ExtendedData>
            <Data name="id"><value>1930</value></Data>
            <Data name="Class"><value>Healthy</value></Data>
          </ExtendedData>
          <Point><coordinates>102.668262200,2.743630265,0</coordinates></Point>
        </Placemark>

        <Placemark>
          <name>1931</name>
          <styleUrl>#style_Healthy</styleUrl>
          <ExtendedData>
            <Data name="id"><value>1931</value></Data>
            <Data name="Class"><value>Healthy</value></Data>
          </ExtendedData>
          <Point><coordinates>102.668255900,2.743545084,0</coordinates></Point>
        </Placemark>

        <Placemark>
          <name>1932</name>
          <styleUrl>#style_Healthy</styleUrl>
          <ExtendedData>
            <Data name="id"><value>1932</value></Data>
            <Data name="Class"><value>Healthy</value></Data>
          </ExtendedData>
          <Point><coordinates>102.668331100,2.743506251,0</coordinates></Point>
        </Placemark>

        <Placemark>
          <name>1933</name>
          <styleUrl>#style_Healthy</styleUrl>
          <ExtendedData>
            <Data name="id"><value>1933</value></Data>
            <Data name="Class"><value>Healthy</value></Data>
          </ExtendedData>
          <Point><coordinates>102.668255900,2.743462408,0</coordinates></Point>
        </Placemark>

        <Placemark>
          <name>1934</name>
          <styleUrl>#style_Healthy</styleUrl>
          <ExtendedData>
            <Data name="id"><value>1934</value></Data>
            <Data name="Class"><value>Healthy</value></Data>
          </ExtendedData>
          <Point><coordinates>102.668258400,2.743389754,0</coordinates></Point>
        </Placemark>

        <Placemark>
          <name>1937</name>
          <styleUrl>#style_Healthy</styleUrl>
          <ExtendedData>
            <Data name="id"><value>1937</value></Data>
            <Data name="Class"><value>Healthy</value></Data>
          </ExtendedData>
          <Point><coordinates>102.668131900,2.743545084,0</coordinates></Point>
        </Placemark>

        <Placemark>
          <name>1938</name>
          <styleUrl>#style_Healthy</styleUrl>
          <ExtendedData>
            <Data name="id"><value>1938</value></Data>
            <Data name="Class"><value>Healthy</value></Data>
          </ExtendedData>
          <Point><coordinates>102.668055500,2.743507504,0</coordinates></Point>
        </Placemark>

        <Placemark>
          <name>1939</name>
          <styleUrl>#style_Healthy</styleUrl>
          <ExtendedData>
            <Data name="id"><value>1939</value></Data>
            <Data name="Class"><value>Healthy</value></Data>
          </ExtendedData>
          <Point><coordinates>102.667987800,2.743546336,0</coordinates></Point>
        </Placemark>

        <Placemark>
          <name>1940</name>
          <styleUrl>#style_Healthy</styleUrl>
          <ExtendedData>
            <Data name="id"><value>1940</value></Data>
            <Data name="Class"><value>Healthy</value></Data>
          </ExtendedData>
          <Point><coordinates>102.667987800,2.743466166,0</coordinates></Point>
        </Placemark>

        <Placemark>
          <name>1941</name>
          <styleUrl>#style_Healthy</styleUrl>
          <ExtendedData>
            <Data name="id"><value>1941</value></Data>
            <Data name="Class"><value>Healthy</value></Data>
          </ExtendedData>
          <Point><coordinates>102.667911400,2.743426081,0</coordinates></Point>
        </Placemark>

        <Placemark>
          <name>1942</name>
          <styleUrl>#style_Healthy</styleUrl>
          <ExtendedData>
            <Data name="id"><value>1942</value></Data>
            <Data name="Class"><value>Healthy</value></Data>
          </ExtendedData>
          <Point><coordinates>102.667912700,2.743352174,0</coordinates></Point>
        </Placemark>

        <Placemark>
          <name>1943</name>
          <styleUrl>#style_Healthy</styleUrl>
          <ExtendedData>
            <Data name="id"><value>1943</value></Data>
            <Data name="Class"><value>Healthy</value></Data>
          </ExtendedData>
          <Point><coordinates>102.667981600,2.743394765,0</coordinates></Point>
        </Placemark>

        <Placemark>
          <name>1944</name>
          <styleUrl>#style_Healthy</styleUrl>
          <ExtendedData>
            <Data name="id"><value>1944</value></Data>
            <Data name="Class"><value>Healthy</value></Data>
          </ExtendedData>
          <Point><coordinates>102.668061700,2.743427334,0</coordinates></Point>
        </Placemark>

        <Placemark>
          <name>1945</name>
          <styleUrl>#style_Healthy</styleUrl>
          <ExtendedData>
            <Data name="id"><value>1945</value></Data>
            <Data name="Class"><value>Healthy</value></Data>
          </ExtendedData>
          <Point><coordinates>102.668051700,2.743353427,0</coordinates></Point>
        </Placemark>

        <Placemark>
          <name>1946</name>
          <styleUrl>#style_Healthy</styleUrl>
          <ExtendedData>
            <Data name="id"><value>1946</value></Data>
            <Data name="Class"><value>Healthy</value></Data>
          </ExtendedData>
          <Point><coordinates>102.667981600,2.743302068,0</coordinates></Point>
        </Placemark>

        <Placemark>
          <name>1947</name>
          <styleUrl>#style_Healthy</styleUrl>
          <ExtendedData>
            <Data name="id"><value>1947</value></Data>
            <Data name="Class"><value>Healthy</value></Data>
          </ExtendedData>
          <Point><coordinates>102.668119400,2.743308331,0</coordinates></Point>
        </Placemark>

        <Placemark>
          <name>1948</name>
          <styleUrl>#style_Healthy</styleUrl>
          <ExtendedData>
            <Data name="id"><value>1948</value></Data>
            <Data name="Class"><value>Healthy</value></Data>
          </ExtendedData>
          <Point><coordinates>102.668192000,2.743342153,0</coordinates></Point>
        </Placemark>

        <Placemark>
          <name>1949</name>
          <styleUrl>#style_Healthy</styleUrl>
          <ExtendedData>
            <Data name="id"><value>1949</value></Data>
            <Data name="Class"><value>Healthy</value></Data>
          </ExtendedData>
          <Point><coordinates>102.668323500,2.743347164,0</coordinates></Point>
        </Placemark>

        <Placemark>
          <name>1950</name>
          <styleUrl>#style_Healthy</styleUrl>
          <ExtendedData>
            <Data name="id"><value>1950</value></Data>
            <Data name="Class"><value>Healthy</value></Data>
          </ExtendedData>
          <Point><coordinates>102.668392400,2.743385996,0</coordinates></Point>
        </Placemark>

        <Placemark>
          <name>1951</name>
          <styleUrl>#style_Healthy</styleUrl>
          <ExtendedData>
            <Data name="id"><value>1951</value></Data>
            <Data name="Class"><value>Healthy</value></Data>
          </ExtendedData>
          <Point><coordinates>102.668396200,2.743467419,0</coordinates></Point>
        </Placemark>

        <Placemark>
          <name>1953</name>
          <styleUrl>#style_Healthy</styleUrl>
          <ExtendedData>
            <Data name="id"><value>1953</value></Data>
            <Data name="Class"><value>Healthy</value></Data>
          </ExtendedData>
          <Point><coordinates>102.668467600,2.743583916,0</coordinates></Point>
        </Placemark>

        <Placemark>
          <name>1954</name>
          <styleUrl>#style_Healthy</styleUrl>
          <ExtendedData>
            <Data name="id"><value>1954</value></Data>
            <Data name="Class"><value>Healthy</value></Data>
          </ExtendedData>
          <Point><coordinates>102.668540300,2.743538821,0</coordinates></Point>
        </Placemark>

        <Placemark>
          <name>1955</name>
          <styleUrl>#style_Healthy</styleUrl>
          <ExtendedData>
            <Data name="id"><value>1955</value></Data>
            <Data name="Class"><value>Healthy</value></Data>
          </ExtendedData>
          <Point><coordinates>102.668542800,2.743626507,0</coordinates></Point>
        </Placemark>

        <Placemark>
          <name>1956</name>
          <styleUrl>#style_Healthy</styleUrl>
          <ExtendedData>
            <Data name="id"><value>1956</value></Data>
            <Data name="Class"><value>Healthy</value></Data>
          </ExtendedData>
          <Point><coordinates>102.668605400,2.743664086,0</coordinates></Point>
        </Placemark>

        <Placemark>
          <name>1957</name>
          <styleUrl>#style_Healthy</styleUrl>
          <ExtendedData>
            <Data name="id"><value>1957</value></Data>
            <Data name="Class"><value>Healthy</value></Data>
          </ExtendedData>
          <Point><coordinates>102.668679300,2.743701666,0</coordinates></Point>
        </Placemark>

        <Placemark>
          <name>1958</name>
          <styleUrl>#style_Healthy</styleUrl>
          <ExtendedData>
            <Data name="id"><value>1958</value></Data>
            <Data name="Class"><value>Healthy</value></Data>
          </ExtendedData>
          <Point><coordinates>102.668680600,2.743622749,0</coordinates></Point>
        </Placemark>

        <Placemark>
          <name>1959</name>
          <styleUrl>#style_Healthy</styleUrl>
          <ExtendedData>
            <Data name="id"><value>1959</value></Data>
            <Data name="Class"><value>Healthy</value></Data>
          </ExtendedData>
          <Point><coordinates>102.668746900,2.743655318,0</coordinates></Point>
        </Placemark>

        <Placemark>
          <name>1960</name>
          <styleUrl>#style_Healthy</styleUrl>
          <ExtendedData>
            <Data name="id"><value>1960</value></Data>
            <Data name="Class"><value>Healthy</value></Data>
          </ExtendedData>
          <Point><coordinates>102.668744400,2.743741751,0</coordinates></Point>
        </Placemark>

        <Placemark>
          <name>1961</name>
          <styleUrl>#style_Healthy</styleUrl>
          <ExtendedData>
            <Data name="id"><value>1961</value></Data>
            <Data name="Class"><value>Healthy</value></Data>
          </ExtendedData>
          <Point><coordinates>102.668739400,2.743582664,0</coordinates></Point>
        </Placemark>

        <Placemark>
          <name>1962</name>
          <styleUrl>#style_Healthy</styleUrl>
          <ExtendedData>
            <Data name="id"><value>1962</value></Data>
            <Data name="Class"><value>Healthy</value></Data>
          </ExtendedData>
          <Point><coordinates>102.668738200,2.743511262,0</coordinates></Point>
        </Placemark>

        <Placemark>
          <name>1963</name>
          <styleUrl>#style_Healthy</styleUrl>
          <ExtendedData>
            <Data name="id"><value>1963</value></Data>
            <Data name="Class"><value>Healthy</value></Data>
          </ExtendedData>
          <Point><coordinates>102.668741900,2.743418565,0</coordinates></Point>
        </Placemark>

        <Placemark>
          <name>1964</name>
          <styleUrl>#style_Healthy</styleUrl>
          <ExtendedData>
            <Data name="id"><value>1964</value></Data>
            <Data name="Class"><value>Healthy</value></Data>
          </ExtendedData>
          <Point><coordinates>102.668668000,2.743380985,0</coordinates></Point>
        </Placemark>

        <Placemark>
          <name>1965</name>
          <styleUrl>#style_Healthy</styleUrl>
          <ExtendedData>
            <Data name="id"><value>1965</value></Data>
            <Data name="Class"><value>Healthy</value></Data>
          </ExtendedData>
          <Point><coordinates>102.668670500,2.743454892,0</coordinates></Point>
        </Placemark>

        <Placemark>
          <name>1966</name>
          <styleUrl>#style_Healthy</styleUrl>
          <ExtendedData>
            <Data name="id"><value>1966</value></Data>
            <Data name="Class"><value>Healthy</value></Data>
          </ExtendedData>
          <Point><coordinates>102.668605400,2.743423576,0</coordinates></Point>
        </Placemark>

        <Placemark>
          <name>1967</name>
          <styleUrl>#style_Healthy</styleUrl>
          <ExtendedData>
            <Data name="id"><value>1967</value></Data>
            <Data name="Class"><value>Healthy</value></Data>
          </ExtendedData>
          <Point><coordinates>102.668537700,2.743461156,0</coordinates></Point>
        </Placemark>

        <Placemark>
          <name>1968</name>
          <styleUrl>#style_Healthy</styleUrl>
          <ExtendedData>
            <Data name="id"><value>1968</value></Data>
            <Data name="Class"><value>Healthy</value></Data>
          </ExtendedData>
          <Point><coordinates>102.668535200,2.743387249,0</coordinates></Point>
        </Placemark>

        <Placemark>
          <name>1969</name>
          <styleUrl>#style_Healthy</styleUrl>
          <ExtendedData>
            <Data name="id"><value>1969</value></Data>
            <Data name="Class"><value>Healthy</value></Data>
          </ExtendedData>
          <Point><coordinates>102.668466300,2.743364701,0</coordinates></Point>
        </Placemark>

        <Placemark>
          <name>1970</name>
          <styleUrl>#style_Healthy</styleUrl>
          <ExtendedData>
            <Data name="id"><value>1970</value></Data>
            <Data name="Class"><value>Healthy</value></Data>
          </ExtendedData>
          <Point><coordinates>102.667915200,2.743265741,0</coordinates></Point>
        </Placemark>

        <Placemark>
          <name>1971</name>
          <styleUrl>#style_Healthy</styleUrl>
          <ExtendedData>
            <Data name="id"><value>1971</value></Data>
            <Data name="Class"><value>Healthy</value></Data>
          </ExtendedData>
          <Point><coordinates>102.667840000,2.743223150,0</coordinates></Point>
        </Placemark>

        <Placemark>
          <name>1972</name>
          <styleUrl>#style_Healthy</styleUrl>
          <ExtendedData>
            <Data name="id"><value>1972</value></Data>
            <Data name="Class"><value>Healthy</value></Data>
          </ExtendedData>
          <Point><coordinates>102.667772400,2.743264488,0</coordinates></Point>
        </Placemark>

        <Placemark>
          <name>1973</name>
          <styleUrl>#style_Healthy</styleUrl>
          <ExtendedData>
            <Data name="id"><value>1973</value></Data>
            <Data name="Class"><value>Healthy</value></Data>
          </ExtendedData>
          <Point><coordinates>102.667766100,2.743183065,0</coordinates></Point>
        </Placemark>

        <Placemark>
          <name>1974</name>
          <styleUrl>#style_Healthy</styleUrl>
          <ExtendedData>
            <Data name="id"><value>1974</value></Data>
            <Data name="Class"><value>Healthy</value></Data>
          </ExtendedData>
          <Point><coordinates>102.667772400,2.743106653,0</coordinates></Point>
        </Placemark>

        <Placemark>
          <name>1975</name>
          <styleUrl>#style_Healthy</styleUrl>
          <ExtendedData>
            <Data name="id"><value>1975</value></Data>
            <Data name="Class"><value>Healthy</value></Data>
          </ExtendedData>
          <Point><coordinates>102.667831200,2.743080347,0</coordinates></Point>
        </Placemark>

        <Placemark>
          <name>1976</name>
          <styleUrl>#style_Healthy</styleUrl>
          <ExtendedData>
            <Data name="id"><value>1976</value></Data>
            <Data name="Class"><value>Healthy</value></Data>
          </ExtendedData>
          <Point><coordinates>102.667882600,2.743125443,0</coordinates></Point>
        </Placemark>

        <Placemark>
          <name>1977</name>
          <styleUrl>#style_Healthy</styleUrl>
          <ExtendedData>
            <Data name="id"><value>1977</value></Data>
            <Data name="Class"><value>Healthy</value></Data>
          </ExtendedData>
          <Point><coordinates>102.667931500,2.743166781,0</coordinates></Point>
        </Placemark>

        <Placemark>
          <name>1978</name>
          <styleUrl>#style_Healthy</styleUrl>
          <ExtendedData>
            <Data name="id"><value>1978</value></Data>
            <Data name="Class"><value>Healthy</value></Data>
          </ExtendedData>
          <Point><coordinates>102.667974100,2.743225656,0</coordinates></Point>
        </Placemark>

        <Placemark>
          <name>1979</name>
          <styleUrl>#style_Healthy</styleUrl>
          <ExtendedData>
            <Data name="id"><value>1979</value></Data>
            <Data name="Class"><value>Healthy</value></Data>
          </ExtendedData>
          <Point><coordinates>102.668050500,2.743270751,0</coordinates></Point>
        </Placemark>

        <Placemark>
          <name>1980</name>
          <styleUrl>#style_Healthy</styleUrl>
          <ExtendedData>
            <Data name="id"><value>1980</value></Data>
            <Data name="Class"><value>Healthy</value></Data>
          </ExtendedData>
          <Point><coordinates>102.668810800,2.743618991,0</coordinates></Point>
        </Placemark>

        <Placemark>
          <name>1981</name>
          <styleUrl>#style_Healthy</styleUrl>
          <ExtendedData>
            <Data name="id"><value>1981</value></Data>
            <Data name="Class"><value>Healthy</value></Data>
          </ExtendedData>
          <Point><coordinates>102.668873500,2.743581411,0</coordinates></Point>
        </Placemark>

        <Placemark>
          <name>1982</name>
          <styleUrl>#style_Healthy</styleUrl>
          <ExtendedData>
            <Data name="id"><value>1982</value></Data>
            <Data name="Class"><value>Healthy</value></Data>
          </ExtendedData>
          <Point><coordinates>102.667975300,2.742904975,0</coordinates></Point>
        </Placemark>

        <Placemark>
          <name>1983</name>
          <styleUrl>#style_Healthy</styleUrl>
          <ExtendedData>
            <Data name="id"><value>1983</value></Data>
            <Data name="Class"><value>Healthy</value></Data>
          </ExtendedData>
          <Point><coordinates>102.668046700,2.742981387,0</coordinates></Point>
        </Placemark>

        <Placemark>
          <name>1984</name>
          <styleUrl>#style_Healthy</styleUrl>
          <ExtendedData>
            <Data name="id"><value>1984</value></Data>
            <Data name="Class"><value>Healthy</value></Data>
          </ExtendedData>
          <Point><coordinates>102.668119400,2.742983892,0</coordinates></Point>
        </Placemark>

        <Placemark>
          <name>1985</name>
          <styleUrl>#style_Healthy</styleUrl>
          <ExtendedData>
            <Data name="id"><value>1985</value></Data>
            <Data name="Class"><value>Healthy</value></Data>
          </ExtendedData>
          <Point><coordinates>102.668179500,2.742947565,0</coordinates></Point>
        </Placemark>

        <Placemark>
          <name>1986</name>
          <styleUrl>#style_Healthy</styleUrl>
          <ExtendedData>
            <Data name="id"><value>1986</value></Data>
            <Data name="Class"><value>Healthy</value></Data>
          </ExtendedData>
          <Point><coordinates>102.668183200,2.743028988,0</coordinates></Point>
        </Placemark>

        <Placemark>
          <name>1987</name>
          <styleUrl>#style_Healthy</styleUrl>
          <ExtendedData>
            <Data name="id"><value>1987</value></Data>
            <Data name="Class"><value>Healthy</value></Data>
          </ExtendedData>
          <Point><coordinates>102.668259700,2.743067821,0</coordinates></Point>
        </Placemark>

        <Placemark>
          <name>1988</name>
          <styleUrl>#style_Healthy</styleUrl>
          <ExtendedData>
            <Data name="id"><value>1988</value></Data>
            <Data name="Class"><value>Healthy</value></Data>
          </ExtendedData>
          <Point><coordinates>102.668319800,2.743018967,0</coordinates></Point>
        </Placemark>

        <Placemark>
          <name>1989</name>
          <styleUrl>#style_Healthy</styleUrl>
          <ExtendedData>
            <Data name="id"><value>1989</value></Data>
            <Data name="Class"><value>Healthy</value></Data>
          </ExtendedData>
          <Point><coordinates>102.668319800,2.742942555,0</coordinates></Point>
        </Placemark>

        <Placemark>
          <name>1990</name>
          <styleUrl>#style_Healthy</styleUrl>
          <ExtendedData>
            <Data name="id"><value>1990</value></Data>
            <Data name="Class"><value>Healthy</value></Data>
          </ExtendedData>
          <Point><coordinates>102.668253400,2.742985145,0</coordinates></Point>
        </Placemark>

        <Placemark>
          <name>1991</name>
          <styleUrl>#style_Healthy</styleUrl>
          <ExtendedData>
            <Data name="id"><value>1991</value></Data>
            <Data name="Class"><value>Healthy</value></Data>
          </ExtendedData>
          <Point><coordinates>102.668400000,2.742911238,0</coordinates></Point>
        </Placemark>

        <Placemark>
          <name>1992</name>
          <styleUrl>#style_Healthy</styleUrl>
          <ExtendedData>
            <Data name="id"><value>1992</value></Data>
            <Data name="Class"><value>Healthy</value></Data>
          </ExtendedData>
          <Point><coordinates>102.668455100,2.742938797,0</coordinates></Point>
        </Placemark>

        <Placemark>
          <name>1993</name>
          <styleUrl>#style_Healthy</styleUrl>
          <ExtendedData>
            <Data name="id"><value>1993</value></Data>
            <Data name="Class"><value>Healthy</value></Data>
          </ExtendedData>
          <Point><coordinates>102.668530200,2.742893701,0</coordinates></Point>
        </Placemark>

        <Placemark>
          <name>1994</name>
          <styleUrl>#style_Healthy</styleUrl>
          <ExtendedData>
            <Data name="id"><value>1994</value></Data>
            <Data name="Class"><value>Healthy</value></Data>
          </ExtendedData>
          <Point><coordinates>102.668592900,2.742935039,0</coordinates></Point>
        </Placemark>

        <Placemark>
          <name>1996</name>
          <styleUrl>#style_Healthy</styleUrl>
          <ExtendedData>
            <Data name="id"><value>1996</value></Data>
            <Data name="Class"><value>Healthy</value></Data>
          </ExtendedData>
          <Point><coordinates>102.668736900,2.742858626,0</coordinates></Point>
        </Placemark>

        <Placemark>
          <name>1997</name>
          <styleUrl>#style_Healthy</styleUrl>
          <ExtendedData>
            <Data name="id"><value>1997</value></Data>
            <Data name="Class"><value>Healthy</value></Data>
          </ExtendedData>
          <Point><coordinates>102.668802100,2.742886185,0</coordinates></Point>
        </Placemark>

        <Placemark>
          <name>1998</name>
          <styleUrl>#style_Healthy</styleUrl>
          <ExtendedData>
            <Data name="id"><value>1998</value></Data>
            <Data name="Class"><value>Healthy</value></Data>
          </ExtendedData>
          <Point><coordinates>102.668809600,2.742962597,0</coordinates></Point>
        </Placemark>

        <Placemark>
          <name>1999</name>
          <styleUrl>#style_Healthy</styleUrl>
          <ExtendedData>
            <Data name="id"><value>1999</value></Data>
            <Data name="Class"><value>Healthy</value></Data>
          </ExtendedData>
          <Point><coordinates>102.668391200,2.742978882,0</coordinates></Point>
        </Placemark>

        <Placemark>
          <name>2000</name>
          <styleUrl>#style_Healthy</styleUrl>
          <ExtendedData>
            <Data name="id"><value>2000</value></Data>
            <Data name="Class"><value>Healthy</value></Data>
          </ExtendedData>
          <Point><coordinates>102.668527700,2.742971366,0</coordinates></Point>
        </Placemark>

        <Placemark>
          <name>2001</name>
          <styleUrl>#style_Healthy</styleUrl>
          <ExtendedData>
            <Data name="id"><value>2001</value></Data>
            <Data name="Class"><value>Healthy</value></Data>
          </ExtendedData>
          <Point><coordinates>102.668455100,2.743013956,0</coordinates></Point>
        </Placemark>

        <Placemark>
          <name>2002</name>
          <styleUrl>#style_Healthy</styleUrl>
          <ExtendedData>
            <Data name="id"><value>2002</value></Data>
            <Data name="Class"><value>Healthy</value></Data>
          </ExtendedData>
          <Point><coordinates>102.668393700,2.743055294,0</coordinates></Point>
        </Placemark>

        <Placemark>
          <name>2003</name>
          <styleUrl>#style_Healthy</styleUrl>
          <ExtendedData>
            <Data name="id"><value>2003</value></Data>
            <Data name="Class"><value>Healthy</value></Data>
          </ExtendedData>
          <Point><coordinates>102.668328600,2.743097884,0</coordinates></Point>
        </Placemark>

        <Placemark>
          <name>2004</name>
          <styleUrl>#style_Healthy</styleUrl>
          <ExtendedData>
            <Data name="id"><value>2004</value></Data>
            <Data name="Class"><value>Healthy</value></Data>
          </ExtendedData>
          <Point><coordinates>102.668396200,2.743139222,0</coordinates></Point>
        </Placemark>

        <Placemark>
          <name>2005</name>
          <styleUrl>#style_Healthy</styleUrl>
          <ExtendedData>
            <Data name="id"><value>2005</value></Data>
            <Data name="Class"><value>Healthy</value></Data>
          </ExtendedData>
          <Point><coordinates>102.668466300,2.743170539,0</coordinates></Point>
        </Placemark>

        <Placemark>
          <name>2006</name>
          <styleUrl>#style_Healthy</styleUrl>
          <ExtendedData>
            <Data name="id"><value>2006</value></Data>
            <Data name="Class"><value>Healthy</value></Data>
          </ExtendedData>
          <Point><coordinates>102.668461300,2.743097884,0</coordinates></Point>
        </Placemark>

        <Placemark>
          <name>2007</name>
          <styleUrl>#style_Healthy</styleUrl>
          <ExtendedData>
            <Data name="id"><value>2007</value></Data>
            <Data name="Class"><value>Healthy</value></Data>
          </ExtendedData>
          <Point><coordinates>102.668534000,2.743059052,0</coordinates></Point>
        </Placemark>

        <Placemark>
          <name>2008</name>
          <styleUrl>#style_Healthy</styleUrl>
          <ExtendedData>
            <Data name="id"><value>2008</value></Data>
            <Data name="Class"><value>Healthy</value></Data>
          </ExtendedData>
          <Point><coordinates>102.668532700,2.743134212,0</coordinates></Point>
        </Placemark>

        <Placemark>
          <name>2009</name>
          <styleUrl>#style_Healthy</styleUrl>
          <ExtendedData>
            <Data name="id"><value>2009</value></Data>
            <Data name="Class"><value>Healthy</value></Data>
          </ExtendedData>
          <Point><coordinates>102.668604100,2.743175549,0</coordinates></Point>
        </Placemark>

        <Placemark>
          <name>2010</name>
          <styleUrl>#style_Healthy</styleUrl>
          <ExtendedData>
            <Data name="id"><value>2010</value></Data>
            <Data name="Class"><value>Healthy</value></Data>
          </ExtendedData>
          <Point><coordinates>102.668668000,2.743211876,0</coordinates></Point>
        </Placemark>

        <Placemark>
          <name>2011</name>
          <styleUrl>#style_Healthy</styleUrl>
          <ExtendedData>
            <Data name="id"><value>2011</value></Data>
            <Data name="Class"><value>Healthy</value></Data>
          </ExtendedData>
          <Point><coordinates>102.668745700,2.743179307,0</coordinates></Point>
        </Placemark>

        <Placemark>
          <name>2012</name>
          <styleUrl>#style_Healthy</styleUrl>
          <ExtendedData>
            <Data name="id"><value>2012</value></Data>
            <Data name="Class"><value>Healthy</value></Data>
          </ExtendedData>
          <Point><coordinates>102.668813300,2.743125443,0</coordinates></Point>
        </Placemark>

        <Placemark>
          <name>2013</name>
          <styleUrl>#style_Healthy</styleUrl>
          <ExtendedData>
            <Data name="id"><value>2013</value></Data>
            <Data name="Class"><value>Healthy</value></Data>
          </ExtendedData>
          <Point><coordinates>102.668743200,2.743086610,0</coordinates></Point>
        </Placemark>

        <Placemark>
          <name>2014</name>
          <styleUrl>#style_Healthy</styleUrl>
          <ExtendedData>
            <Data name="id"><value>2014</value></Data>
            <Data name="Class"><value>Healthy</value></Data>
          </ExtendedData>
          <Point><coordinates>102.668674300,2.743142980,0</coordinates></Point>
        </Placemark>

        <Placemark>
          <name>2015</name>
          <styleUrl>#style_Healthy</styleUrl>
          <ExtendedData>
            <Data name="id"><value>2015</value></Data>
            <Data name="Class"><value>Healthy</value></Data>
          </ExtendedData>
          <Point><coordinates>102.668605400,2.743094126,0</coordinates></Point>
        </Placemark>

        <Placemark>
          <name>2016</name>
          <styleUrl>#style_Healthy</styleUrl>
          <ExtendedData>
            <Data name="id"><value>2016</value></Data>
            <Data name="Class"><value>Healthy</value></Data>
          </ExtendedData>
          <Point><coordinates>102.668594100,2.743008946,0</coordinates></Point>
        </Placemark>

        <Placemark>
          <name>2017</name>
          <styleUrl>#style_Healthy</styleUrl>
          <ExtendedData>
            <Data name="id"><value>2017</value></Data>
            <Data name="Class"><value>Healthy</value></Data>
          </ExtendedData>
          <Point><coordinates>102.668669300,2.743051536,0</coordinates></Point>
        </Placemark>

        <Placemark>
          <name>2018</name>
          <styleUrl>#style_Healthy</styleUrl>
          <ExtendedData>
            <Data name="id"><value>2018</value></Data>
            <Data name="Class"><value>Healthy</value></Data>
          </ExtendedData>
          <Point><coordinates>102.668668000,2.742970113,0</coordinates></Point>
        </Placemark>

        <Placemark>
          <name>2019</name>
          <styleUrl>#style_Healthy</styleUrl>
          <ExtendedData>
            <Data name="id"><value>2019</value></Data>
            <Data name="Class"><value>Healthy</value></Data>
          </ExtendedData>
          <Point><coordinates>102.668743200,2.743012704,0</coordinates></Point>
        </Placemark>

        <Placemark>
          <name>2020</name>
          <styleUrl>#style_Healthy</styleUrl>
          <ExtendedData>
            <Data name="id"><value>2020</value></Data>
            <Data name="Class"><value>Healthy</value></Data>
          </ExtendedData>
          <Point><coordinates>102.668810800,2.743047778,0</coordinates></Point>
        </Placemark>

        <Placemark>
          <name>2021</name>
          <styleUrl>#style_Healthy</styleUrl>
          <ExtendedData>
            <Data name="id"><value>2021</value></Data>
            <Data name="Class"><value>Healthy</value></Data>
          </ExtendedData>
          <Point><coordinates>102.668738200,2.742932533,0</coordinates></Point>
        </Placemark>

        <Placemark>
          <name>2022</name>
          <styleUrl>#style_Healthy</styleUrl>
          <ExtendedData>
            <Data name="id"><value>2022</value></Data>
            <Data name="Class"><value>Healthy</value></Data>
          </ExtendedData>
          <Point><coordinates>102.668947400,2.742813531,0</coordinates></Point>
        </Placemark>

        <Placemark>
          <name>2023</name>
          <styleUrl>#style_Healthy</styleUrl>
          <ExtendedData>
            <Data name="id"><value>2023</value></Data>
            <Data name="Class"><value>Healthy</value></Data>
          </ExtendedData>
          <Point><coordinates>102.668939900,2.742884932,0</coordinates></Point>
        </Placemark>

        <Placemark>
          <name>2024</name>
          <styleUrl>#style_Healthy</styleUrl>
          <ExtendedData>
            <Data name="id"><value>2024</value></Data>
            <Data name="Class"><value>Healthy</value></Data>
          </ExtendedData>
          <Point><coordinates>102.669013800,2.742922512,0</coordinates></Point>
        </Placemark>

        <Placemark>
          <name>2025</name>
          <styleUrl>#style_Healthy</styleUrl>
          <ExtendedData>
            <Data name="id"><value>2025</value></Data>
            <Data name="Class"><value>Healthy</value></Data>
          </ExtendedData>
          <Point><coordinates>102.669081400,2.742884932,0</coordinates></Point>
        </Placemark>

        <Placemark>
          <name>2026</name>
          <styleUrl>#style_Healthy</styleUrl>
          <ExtendedData>
            <Data name="id"><value>2026</value></Data>
            <Data name="Class"><value>Healthy</value></Data>
          </ExtendedData>
          <Point><coordinates>102.669135300,2.742917501,0</coordinates></Point>
        </Placemark>

        <Placemark>
          <name>2027</name>
          <styleUrl>#style_Healthy</styleUrl>
          <ExtendedData>
            <Data name="id"><value>2027</value></Data>
            <Data name="Class"><value>Healthy</value></Data>
          </ExtendedData>
          <Point><coordinates>102.669082700,2.742981387,0</coordinates></Point>
        </Placemark>

        <Placemark>
          <name>2028</name>
          <styleUrl>#style_Healthy</styleUrl>
          <ExtendedData>
            <Data name="id"><value>2028</value></Data>
            <Data name="Class"><value>Healthy</value></Data>
          </ExtendedData>
          <Point><coordinates>102.669007500,2.742983892,0</coordinates></Point>
        </Placemark>

        <Placemark>
          <name>2029</name>
          <styleUrl>#style_Healthy</styleUrl>
          <ExtendedData>
            <Data name="id"><value>2029</value></Data>
            <Data name="Class"><value>Healthy</value></Data>
          </ExtendedData>
          <Point><coordinates>102.669033800,2.743049031,0</coordinates></Point>
        </Placemark>

        <Placemark>
          <name>2030</name>
          <styleUrl>#style_Healthy</styleUrl>
          <ExtendedData>
            <Data name="id"><value>2030</value></Data>
            <Data name="Class"><value>Healthy</value></Data>
          </ExtendedData>
          <Point><coordinates>102.668951100,2.743049031,0</coordinates></Point>
        </Placemark>

        <Placemark>
          <name>2031</name>
          <styleUrl>#style_Healthy</styleUrl>
          <ExtendedData>
            <Data name="id"><value>2031</value></Data>
            <Data name="Class"><value>Healthy</value></Data>
          </ExtendedData>
          <Point><coordinates>102.668988700,2.743111664,0</coordinates></Point>
        </Placemark>

        <Placemark>
          <name>2033</name>
          <styleUrl>#style_Healthy</styleUrl>
          <ExtendedData>
            <Data name="id"><value>2033</value></Data>
            <Data name="Class"><value>Healthy</value></Data>
          </ExtendedData>
          <Point><coordinates>102.669095200,2.743127948,0</coordinates></Point>
        </Placemark>

        <Placemark>
          <name>2034</name>
          <styleUrl>#style_Healthy</styleUrl>
          <ExtendedData>
            <Data name="id"><value>2034</value></Data>
            <Data name="Class"><value>Healthy</value></Data>
          </ExtendedData>
          <Point><coordinates>102.669140300,2.743061557,0</coordinates></Point>
        </Placemark>

        <Placemark>
          <name>2035</name>
          <styleUrl>#style_Healthy</styleUrl>
          <ExtendedData>
            <Data name="id"><value>2035</value></Data>
            <Data name="Class"><value>Healthy</value></Data>
          </ExtendedData>
          <Point><coordinates>102.668809600,2.743368459,0</coordinates></Point>
        </Placemark>

        <Placemark>
          <name>2036</name>
          <styleUrl>#style_Healthy</styleUrl>
          <ExtendedData>
            <Data name="id"><value>2036</value></Data>
            <Data name="Class"><value>Healthy</value></Data>
          </ExtendedData>
          <Point><coordinates>102.668808300,2.743458650,0</coordinates></Point>
        </Placemark>

        <Placemark>
          <name>2037</name>
          <styleUrl>#style_Healthy</styleUrl>
          <ExtendedData>
            <Data name="id"><value>2037</value></Data>
            <Data name="Class"><value>Healthy</value></Data>
          </ExtendedData>
          <Point><coordinates>102.668808300,2.743541326,0</coordinates></Point>
        </Placemark>

        <Placemark>
          <name>2038</name>
          <styleUrl>#style_Healthy</styleUrl>
          <ExtendedData>
            <Data name="id"><value>2038</value></Data>
            <Data name="Class"><value>Healthy</value></Data>
          </ExtendedData>
          <Point><coordinates>102.668877200,2.743504999,0</coordinates></Point>
        </Placemark>

        <Placemark>
          <name>2039</name>
          <styleUrl>#style_Healthy</styleUrl>
          <ExtendedData>
            <Data name="id"><value>2039</value></Data>
            <Data name="Class"><value>Healthy</value></Data>
          </ExtendedData>
          <Point><coordinates>102.668948600,2.743466166,0</coordinates></Point>
        </Placemark>

        <Placemark>
          <name>2040</name>
          <styleUrl>#style_Healthy</styleUrl>
          <ExtendedData>
            <Data name="id"><value>2040</value></Data>
            <Data name="Class"><value>Healthy</value></Data>
          </ExtendedData>
          <Point><coordinates>102.668944900,2.743383491,0</coordinates></Point>
        </Placemark>

        <Placemark>
          <name>2041</name>
          <styleUrl>#style_Healthy</styleUrl>
          <ExtendedData>
            <Data name="id"><value>2041</value></Data>
            <Data name="Class"><value>Healthy</value></Data>
          </ExtendedData>
          <Point><coordinates>102.669007500,2.743418565,0</coordinates></Point>
        </Placemark>

        <Placemark>
          <name>2042</name>
          <styleUrl>#style_Healthy</styleUrl>
          <ExtendedData>
            <Data name="id"><value>2042</value></Data>
            <Data name="Class"><value>Healthy</value></Data>
          </ExtendedData>
          <Point><coordinates>102.669085200,2.743374722,0</coordinates></Point>
        </Placemark>

        <Placemark>
          <name>2043</name>
          <styleUrl>#style_Healthy</styleUrl>
          <ExtendedData>
            <Data name="id"><value>2043</value></Data>
            <Data name="Class"><value>Healthy</value></Data>
          </ExtendedData>
          <Point><coordinates>102.669077600,2.743538821,0</coordinates></Point>
        </Placemark>

        <Placemark>
          <name>2044</name>
          <styleUrl>#style_Healthy</styleUrl>
          <ExtendedData>
            <Data name="id"><value>2044</value></Data>
            <Data name="Class"><value>Healthy</value></Data>
          </ExtendedData>
          <Point><coordinates>102.669011300,2.743577653,0</coordinates></Point>
        </Placemark>

        <Placemark>
          <name>2045</name>
          <styleUrl>#style_Healthy</styleUrl>
          <ExtendedData>
            <Data name="id"><value>2045</value></Data>
            <Data name="Class"><value>Healthy</value></Data>
          </ExtendedData>
          <Point><coordinates>102.668949900,2.743620243,0</coordinates></Point>
        </Placemark>

        <Placemark>
          <name>2046</name>
          <styleUrl>#style_Healthy</styleUrl>
          <ExtendedData>
            <Data name="id"><value>2046</value></Data>
            <Data name="Class"><value>Healthy</value></Data>
          </ExtendedData>
          <Point><coordinates>102.668877200,2.743660328,0</coordinates></Point>
        </Placemark>

        <Placemark>
          <name>2047</name>
          <styleUrl>#style_Healthy</styleUrl>
          <ExtendedData>
            <Data name="id"><value>2047</value></Data>
            <Data name="Class"><value>Healthy</value></Data>
          </ExtendedData>
          <Point><coordinates>102.668813300,2.743694150,0</coordinates></Point>
        </Placemark>

        <Placemark>
          <name>2048</name>
          <styleUrl>#style_Healthy</styleUrl>
          <ExtendedData>
            <Data name="id"><value>2048</value></Data>
            <Data name="Class"><value>Healthy</value></Data>
          </ExtendedData>
          <Point><coordinates>102.668879700,2.743736741,0</coordinates></Point>
        </Placemark>

        <Placemark>
          <name>2049</name>
          <styleUrl>#style_Healthy</styleUrl>
          <ExtendedData>
            <Data name="id"><value>2049</value></Data>
            <Data name="Class"><value>Healthy</value></Data>
          </ExtendedData>
          <Point><coordinates>102.668943600,2.743705424,0</coordinates></Point>
        </Placemark>

        <Placemark>
          <name>2050</name>
          <styleUrl>#style_Healthy</styleUrl>
          <ExtendedData>
            <Data name="id"><value>2050</value></Data>
            <Data name="Class"><value>Healthy</value></Data>
          </ExtendedData>
          <Point><coordinates>102.669020000,2.743662834,0</coordinates></Point>
        </Placemark>

        <Placemark>
          <name>2051</name>
          <styleUrl>#style_Healthy</styleUrl>
          <ExtendedData>
            <Data name="id"><value>2051</value></Data>
            <Data name="Class"><value>Healthy</value></Data>
          </ExtendedData>
          <Point><coordinates>102.669083900,2.743621496,0</coordinates></Point>
        </Placemark>

        <Placemark>
          <name>2052</name>
          <styleUrl>#style_Healthy</styleUrl>
          <ExtendedData>
            <Data name="id"><value>2052</value></Data>
            <Data name="Class"><value>Healthy</value></Data>
          </ExtendedData>
          <Point><coordinates>102.669092700,2.743702919,0</coordinates></Point>
        </Placemark>

        <Placemark>
          <name>2053</name>
          <styleUrl>#style_Healthy</styleUrl>
          <ExtendedData>
            <Data name="id"><value>2053</value></Data>
            <Data name="Class"><value>Healthy</value></Data>
          </ExtendedData>
          <Point><coordinates>102.669017500,2.743739246,0</coordinates></Point>
        </Placemark>

        <Placemark>
          <name>2054</name>
          <styleUrl>#style_Healthy</styleUrl>
          <ExtendedData>
            <Data name="id"><value>2054</value></Data>
            <Data name="Class"><value>Healthy</value></Data>
          </ExtendedData>
          <Point><coordinates>102.667784300,2.744309206,0</coordinates></Point>
        </Placemark>

        <Placemark>
          <name>2055</name>
          <styleUrl>#style_Healthy</styleUrl>
          <ExtendedData>
            <Data name="id"><value>2055</value></Data>
            <Data name="Class"><value>Healthy</value></Data>
          </ExtendedData>
          <Point><coordinates>102.668337300,2.744148866,0</coordinates></Point>
        </Placemark>

        <Placemark>
          <name>2056</name>
          <styleUrl>#style_Healthy</styleUrl>
          <ExtendedData>
            <Data name="id"><value>2056</value></Data>
            <Data name="Class"><value>Healthy</value></Data>
          </ExtendedData>
          <Point><coordinates>102.668752000,2.744219015,0</coordinates></Point>
        </Placemark>

        <Placemark>
          <name>2057</name>
          <styleUrl>#style_Healthy</styleUrl>
          <ExtendedData>
            <Data name="id"><value>2057</value></Data>
            <Data name="Class"><value>Healthy</value></Data>
          </ExtendedData>
          <Point><coordinates>102.668818300,2.744177677,0</coordinates></Point>
        </Placemark>

        <Placemark>
          <name>2058</name>
          <styleUrl>#style_Healthy</styleUrl>
          <ExtendedData>
            <Data name="id"><value>2058</value></Data>
            <Data name="Class"><value>Healthy</value></Data>
          </ExtendedData>
          <Point><coordinates>102.668888500,2.744215257,0</coordinates></Point>
        </Placemark>

        <Placemark>
          <name>2059</name>
          <styleUrl>#style_Healthy</styleUrl>
          <ExtendedData>
            <Data name="id"><value>2059</value></Data>
            <Data name="Class"><value>Healthy</value></Data>
          </ExtendedData>
          <Point><coordinates>102.668959900,2.744173919,0</coordinates></Point>
        </Placemark>

        <Placemark>
          <name>2060</name>
          <styleUrl>#style_Healthy</styleUrl>
          <ExtendedData>
            <Data name="id"><value>2060</value></Data>
            <Data name="Class"><value>Healthy</value></Data>
          </ExtendedData>
          <Point><coordinates>102.668966200,2.744013578,0</coordinates></Point>
        </Placemark>

        <Placemark>
          <name>2062</name>
          <styleUrl>#style_Healthy</styleUrl>
          <ExtendedData>
            <Data name="id"><value>2062</value></Data>
            <Data name="Class"><value>Healthy</value></Data>
          </ExtendedData>
          <Point><coordinates>102.668820900,2.743932156,0</coordinates></Point>
        </Placemark>

        <Placemark>
          <name>2064</name>
          <styleUrl>#style_Healthy</styleUrl>
          <ExtendedData>
            <Data name="id"><value>2064</value></Data>
            <Data name="Class"><value>Healthy</value></Data>
          </ExtendedData>
          <Point><coordinates>102.668892300,2.744058674,0</coordinates></Point>
        </Placemark>

        <Placemark>
          <name>2065</name>
          <styleUrl>#style_Healthy</styleUrl>
          <ExtendedData>
            <Data name="id"><value>2065</value></Data>
            <Data name="Class"><value>Healthy</value></Data>
          </ExtendedData>
          <Point><coordinates>102.668888500,2.744136339,0</coordinates></Point>
        </Placemark>

        <Placemark>
          <name>2066</name>
          <styleUrl>#style_Healthy</styleUrl>
          <ExtendedData>
            <Data name="id"><value>2066</value></Data>
            <Data name="Class"><value>Healthy</value></Data>
          </ExtendedData>
          <Point><coordinates>102.668820900,2.744098759,0</coordinates></Point>
        </Placemark>

        <Placemark>
          <name>2067</name>
          <styleUrl>#style_Healthy</styleUrl>
          <ExtendedData>
            <Data name="id"><value>2067</value></Data>
            <Data name="Class"><value>Healthy</value></Data>
          </ExtendedData>
          <Point><coordinates>102.668822100,2.744021094,0</coordinates></Point>
        </Placemark>

        <Placemark>
          <name>2068</name>
          <styleUrl>#style_Healthy</styleUrl>
          <ExtendedData>
            <Data name="id"><value>2068</value></Data>
            <Data name="Class"><value>Healthy</value></Data>
          </ExtendedData>
          <Point><coordinates>102.669023200,2.744216509,0</coordinates></Point>
        </Placemark>

        <Placemark>
          <name>2072</name>
          <styleUrl>#style_Healthy</styleUrl>
          <ExtendedData>
            <Data name="id"><value>2072</value></Data>
            <Data name="Class"><value>Healthy</value></Data>
          </ExtendedData>
          <Point><coordinates>102.669001200,2.743805011,0</coordinates></Point>
        </Placemark>

        <Placemark>
          <name>2073</name>
          <styleUrl>#style_Healthy</styleUrl>
          <ExtendedData>
            <Data name="id"><value>2073</value></Data>
            <Data name="Class"><value>Healthy</value></Data>
          </ExtendedData>
          <Point><coordinates>102.668946100,2.743778705,0</coordinates></Point>
        </Placemark>

        <Placemark>
          <name>2075</name>
          <styleUrl>#style_Healthy</styleUrl>
          <ExtendedData>
            <Data name="id"><value>2075</value></Data>
            <Data name="Class"><value>Healthy</value></Data>
          </ExtendedData>
          <Point><coordinates>102.669090800,2.743775573,0</coordinates></Point>
        </Placemark>

        <Placemark>
          <name>2076</name>
          <styleUrl>#style_Healthy</styleUrl>
          <ExtendedData>
            <Data name="id"><value>2076</value></Data>
            <Data name="Class"><value>Healthy</value></Data>
          </ExtendedData>
          <Point><coordinates>102.669162200,2.743894576,0</coordinates></Point>
        </Placemark>

        <Placemark>
          <name>2077</name>
          <styleUrl>#style_Healthy</styleUrl>
          <ExtendedData>
            <Data name="id"><value>2077</value></Data>
            <Data name="Class"><value>Healthy</value></Data>
          </ExtendedData>
          <Point><coordinates>102.669089500,2.743944056,0</coordinates></Point>
        </Placemark>

        <Placemark>
          <name>2078</name>
          <styleUrl>#style_Healthy</styleUrl>
          <ExtendedData>
            <Data name="id"><value>2078</value></Data>
            <Data name="Class"><value>Healthy</value></Data>
          </ExtendedData>
          <Point><coordinates>102.669092100,2.744018589,0</coordinates></Point>
        </Placemark>

        <Placemark>
          <name>2079</name>
          <styleUrl>#style_Healthy</styleUrl>
          <ExtendedData>
            <Data name="id"><value>2079</value></Data>
            <Data name="Class"><value>Healthy</value></Data>
          </ExtendedData>
          <Point><coordinates>102.669092700,2.744098133,0</coordinates></Point>
        </Placemark>

        <Placemark>
          <name>2080</name>
          <styleUrl>#style_Healthy</styleUrl>
          <ExtendedData>
            <Data name="id"><value>2080</value></Data>
            <Data name="Class"><value>Healthy</value></Data>
          </ExtendedData>
          <Point><coordinates>102.669097700,2.744173292,0</coordinates></Point>
        </Placemark>

        <Placemark>
          <name>2081</name>
          <styleUrl>#style_Healthy</styleUrl>
          <ExtendedData>
            <Data name="id"><value>2081</value></Data>
            <Data name="Class"><value>Healthy</value></Data>
          </ExtendedData>
          <Point><coordinates>102.669160900,2.744216509,0</coordinates></Point>
        </Placemark>

        <Placemark>
          <name>2082</name>
          <styleUrl>#style_Healthy</styleUrl>
          <ExtendedData>
            <Data name="id"><value>2082</value></Data>
            <Data name="Class"><value>Healthy</value></Data>
          </ExtendedData>
          <Point><coordinates>102.669231100,2.744173292,0</coordinates></Point>
        </Placemark>

        <Placemark>
          <name>2083</name>
          <styleUrl>#style_Healthy</styleUrl>
          <ExtendedData>
            <Data name="id"><value>2083</value></Data>
            <Data name="Class"><value>Healthy</value></Data>
          </ExtendedData>
          <Point><coordinates>102.669162200,2.744133207,0</coordinates></Point>
        </Placemark>

        <Placemark>
          <name>2084</name>
          <styleUrl>#style_Healthy</styleUrl>
          <ExtendedData>
            <Data name="id"><value>2084</value></Data>
            <Data name="Class"><value>Healthy</value></Data>
          </ExtendedData>
          <Point><coordinates>102.669162800,2.744063058,0</coordinates></Point>
        </Placemark>

        <Placemark>
          <name>2085</name>
          <styleUrl>#style_Healthy</styleUrl>
          <ExtendedData>
            <Data name="id"><value>2085</value></Data>
            <Data name="Class"><value>Healthy</value></Data>
          </ExtendedData>
          <Point><coordinates>102.669162800,2.743980383,0</coordinates></Point>
        </Placemark>

        <Placemark>
          <name>2086</name>
          <styleUrl>#style_Healthy</styleUrl>
          <ExtendedData>
            <Data name="id"><value>2086</value></Data>
            <Data name="Class"><value>Healthy</value></Data>
          </ExtendedData>
          <Point><coordinates>102.669230500,2.744012952,0</coordinates></Point>
        </Placemark>

        <Placemark>
          <name>2087</name>
          <styleUrl>#style_Healthy</styleUrl>
          <ExtendedData>
            <Data name="id"><value>2087</value></Data>
            <Data name="Class"><value>Healthy</value></Data>
          </ExtendedData>
          <Point><coordinates>102.669228600,2.743937793,0</coordinates></Point>
        </Placemark>

        <Placemark>
          <name>2088</name>
          <styleUrl>#style_Healthy</styleUrl>
          <ExtendedData>
            <Data name="id"><value>2088</value></Data>
            <Data name="Class"><value>Healthy</value></Data>
          </ExtendedData>
          <Point><coordinates>102.669228600,2.743860128,0</coordinates></Point>
        </Placemark>

        <Placemark>
          <name>2089</name>
          <styleUrl>#style_Healthy</styleUrl>
          <ExtendedData>
            <Data name="id"><value>2089</value></Data>
            <Data name="Class"><value>Healthy</value></Data>
          </ExtendedData>
          <Point><coordinates>102.669295600,2.743897081,0</coordinates></Point>
        </Placemark>

        <Placemark>
          <name>2090</name>
          <styleUrl>#style_Healthy</styleUrl>
          <ExtendedData>
            <Data name="id"><value>2090</value></Data>
            <Data name="Class"><value>Healthy</value></Data>
          </ExtendedData>
          <Point><coordinates>102.669298100,2.743975372,0</coordinates></Point>
        </Placemark>

        <Placemark>
          <name>2092</name>
          <styleUrl>#style_Healthy</styleUrl>
          <ExtendedData>
            <Data name="id"><value>2092</value></Data>
            <Data name="Class"><value>Healthy</value></Data>
          </ExtendedData>
          <Point><coordinates>102.669362600,2.743933408,0</coordinates></Point>
        </Placemark>

        <Placemark>
          <name>2093</name>
          <styleUrl>#style_Healthy</styleUrl>
          <ExtendedData>
            <Data name="id"><value>2093</value></Data>
            <Data name="Class"><value>Healthy</value></Data>
          </ExtendedData>
          <Point><coordinates>102.669363900,2.743854491,0</coordinates></Point>
        </Placemark>

        <Placemark>
          <name>2094</name>
          <styleUrl>#style_Healthy</styleUrl>
          <ExtendedData>
            <Data name="id"><value>2094</value></Data>
            <Data name="Class"><value>Healthy</value></Data>
          </ExtendedData>
          <Point><coordinates>102.669430900,2.743890818,0</coordinates></Point>
        </Placemark>

        <Placemark>
          <name>2095</name>
          <styleUrl>#style_Healthy</styleUrl>
          <ExtendedData>
            <Data name="id"><value>2095</value></Data>
            <Data name="Class"><value>Healthy</value></Data>
          </ExtendedData>
          <Point><coordinates>102.669502300,2.743853238,0</coordinates></Point>
        </Placemark>

        <Placemark>
          <name>2096</name>
          <styleUrl>#style_Healthy</styleUrl>
          <ExtendedData>
            <Data name="id"><value>2096</value></Data>
            <Data name="Class"><value>Healthy</value></Data>
          </ExtendedData>
          <Point><coordinates>102.669575000,2.743889565,0</coordinates></Point>
        </Placemark>

        <Placemark>
          <name>2098</name>
          <styleUrl>#style_Healthy</styleUrl>
          <ExtendedData>
            <Data name="id"><value>2098</value></Data>
            <Data name="Class"><value>Healthy</value></Data>
          </ExtendedData>
          <Point><coordinates>102.669435300,2.743971614,0</coordinates></Point>
        </Placemark>

        <Placemark>
          <name>2100</name>
          <styleUrl>#style_Healthy</styleUrl>
          <ExtendedData>
            <Data name="id"><value>2100</value></Data>
            <Data name="Class"><value>Healthy</value></Data>
          </ExtendedData>
          <Point><coordinates>102.669504800,2.744089991,0</coordinates></Point>
        </Placemark>

        <Placemark>
          <name>2102</name>
          <styleUrl>#style_Healthy</styleUrl>
          <ExtendedData>
            <Data name="id"><value>2102</value></Data>
            <Data name="Class"><value>Healthy</value></Data>
          </ExtendedData>
          <Point><coordinates>102.669568100,2.744049906,0</coordinates></Point>
        </Placemark>

        <Placemark>
          <name>2104</name>
          <styleUrl>#style_Healthy</styleUrl>
          <ExtendedData>
            <Data name="id"><value>2104</value></Data>
            <Data name="Class"><value>Healthy</value></Data>
          </ExtendedData>
          <Point><coordinates>102.669435300,2.744128823,0</coordinates></Point>
        </Placemark>

        <Placemark>
          <name>2106</name>
          <styleUrl>#style_Healthy</styleUrl>
          <ExtendedData>
            <Data name="id"><value>2106</value></Data>
            <Data name="Class"><value>Healthy</value></Data>
          </ExtendedData>
          <Point><coordinates>102.669298100,2.744205862,0</coordinates></Point>
        </Placemark>

        <Placemark>
          <name>2109</name>
          <styleUrl>#style_Healthy</styleUrl>
          <ExtendedData>
            <Data name="id"><value>2109</value></Data>
            <Data name="Class"><value>Healthy</value></Data>
          </ExtendedData>
          <Point><coordinates>102.669511700,2.744170161,0</coordinates></Point>
        </Placemark>

        <Placemark>
          <name>2113</name>
          <styleUrl>#style_Healthy</styleUrl>
          <ExtendedData>
            <Data name="id"><value>2113</value></Data>
            <Data name="Class"><value>Healthy</value></Data>
          </ExtendedData>
          <Point><coordinates>102.669440900,2.744848476,0</coordinates></Point>
        </Placemark>

        <Placemark>
          <name>2121</name>
          <styleUrl>#style_Healthy</styleUrl>
          <ExtendedData>
            <Data name="id"><value>2121</value></Data>
            <Data name="Class"><value>Healthy</value></Data>
          </ExtendedData>
          <Point><coordinates>102.669513600,2.744247199,0</coordinates></Point>
        </Placemark>

        <Placemark>
          <name>2133</name>
          <styleUrl>#style_Healthy</styleUrl>
          <ExtendedData>
            <Data name="id"><value>2133</value></Data>
            <Data name="Class"><value>Healthy</value></Data>
          </ExtendedData>
          <Point><coordinates>102.669578700,2.744605460,0</coordinates></Point>
        </Placemark>

        <Placemark>
          <name>2134</name>
          <styleUrl>#style_Healthy</styleUrl>
          <ExtendedData>
            <Data name="id"><value>2134</value></Data>
            <Data name="Class"><value>Healthy</value></Data>
          </ExtendedData>
          <Point><coordinates>102.669580000,2.744684377,0</coordinates></Point>
        </Placemark>

        <Placemark>
          <name>2135</name>
          <styleUrl>#style_Healthy</styleUrl>
          <ExtendedData>
            <Data name="id"><value>2135</value></Data>
            <Data name="Class"><value>Healthy</value></Data>
          </ExtendedData>
          <Point><coordinates>102.669582500,2.744768306,0</coordinates></Point>
        </Placemark>

        <Placemark>
          <name>2137</name>
          <styleUrl>#style_Healthy</styleUrl>
          <ExtendedData>
            <Data name="id"><value>2137</value></Data>
            <Data name="Class"><value>Healthy</value></Data>
          </ExtendedData>
          <Point><coordinates>102.669710200,2.744843465,0</coordinates></Point>
        </Placemark>

        <Placemark>
          <name>2144</name>
          <styleUrl>#style_Healthy</styleUrl>
          <ExtendedData>
            <Data name="id"><value>2144</value></Data>
            <Data name="Class"><value>Healthy</value></Data>
          </ExtendedData>
          <Point><coordinates>102.669789200,2.744802127,0</coordinates></Point>
        </Placemark>

        <Placemark>
          <name>2145</name>
          <styleUrl>#style_Healthy</styleUrl>
          <ExtendedData>
            <Data name="id"><value>2145</value></Data>
            <Data name="Class"><value>Healthy</value></Data>
          </ExtendedData>
          <Point><coordinates>102.669716500,2.744769558,0</coordinates></Point>
        </Placemark>

        <Placemark>
          <name>2146</name>
          <styleUrl>#style_Healthy</styleUrl>
          <ExtendedData>
            <Data name="id"><value>2146</value></Data>
            <Data name="Class"><value>Healthy</value></Data>
          </ExtendedData>
          <Point><coordinates>102.669648900,2.744726968,0</coordinates></Point>
        </Placemark>

        <Placemark>
          <name>2147</name>
          <styleUrl>#style_Healthy</styleUrl>
          <ExtendedData>
            <Data name="id"><value>2147</value></Data>
            <Data name="Class"><value>Healthy</value></Data>
          </ExtendedData>
          <Point><coordinates>102.669711500,2.744680620,0</coordinates></Point>
        </Placemark>

        <Placemark>
          <name>2148</name>
          <styleUrl>#style_Healthy</styleUrl>
          <ExtendedData>
            <Data name="id"><value>2148</value></Data>
            <Data name="Class"><value>Healthy</value></Data>
          </ExtendedData>
          <Point><coordinates>102.669647600,2.744649303,0</coordinates></Point>
        </Placemark>

        <Placemark>
          <name>2149</name>
          <styleUrl>#style_Healthy</styleUrl>
          <ExtendedData>
            <Data name="id"><value>2149</value></Data>
            <Data name="Class"><value>Healthy</value></Data>
          </ExtendedData>
          <Point><coordinates>102.669790400,2.744721957,0</coordinates></Point>
        </Placemark>

        <Placemark>
          <name>2152</name>
          <styleUrl>#style_Healthy</styleUrl>
          <ExtendedData>
            <Data name="id"><value>2152</value></Data>
            <Data name="Class"><value>Healthy</value></Data>
          </ExtendedData>
          <Point><coordinates>102.669923200,2.744648050,0</coordinates></Point>
        </Placemark>

        <Placemark>
          <name>2153</name>
          <styleUrl>#style_Healthy</styleUrl>
          <ExtendedData>
            <Data name="id"><value>2153</value></Data>
            <Data name="Class"><value>Healthy</value></Data>
          </ExtendedData>
          <Point><coordinates>102.669995800,2.744684377,0</coordinates></Point>
        </Placemark>

        <Placemark>
          <name>2154</name>
          <styleUrl>#style_Healthy</styleUrl>
          <ExtendedData>
            <Data name="id"><value>2154</value></Data>
            <Data name="Class"><value>Healthy</value></Data>
          </ExtendedData>
          <Point><coordinates>102.670126100,2.744684377,0</coordinates></Point>
        </Placemark>

        <Placemark>
          <name>2155</name>
          <styleUrl>#style_Healthy</styleUrl>
          <ExtendedData>
            <Data name="id"><value>2155</value></Data>
            <Data name="Class"><value>Healthy</value></Data>
          </ExtendedData>
          <Point><coordinates>102.670196300,2.744645545,0</coordinates></Point>
        </Placemark>

        <Placemark>
          <name>2156</name>
          <styleUrl>#style_Healthy</styleUrl>
          <ExtendedData>
            <Data name="id"><value>2156</value></Data>
            <Data name="Class"><value>Healthy</value></Data>
          </ExtendedData>
          <Point><coordinates>102.670123600,2.744610471,0</coordinates></Point>
        </Placemark>

        <Placemark>
          <name>2157</name>
          <styleUrl>#style_Healthy</styleUrl>
          <ExtendedData>
            <Data name="id"><value>2157</value></Data>
            <Data name="Class"><value>Healthy</value></Data>
          </ExtendedData>
          <Point><coordinates>102.670190000,2.744562870,0</coordinates></Point>
        </Placemark>

        <Placemark>
          <name>2158</name>
          <styleUrl>#style_Healthy</styleUrl>
          <ExtendedData>
            <Data name="id"><value>2158</value></Data>
            <Data name="Class"><value>Healthy</value></Data>
          </ExtendedData>
          <Point><coordinates>102.670198800,2.744481447,0</coordinates></Point>
        </Placemark>

        <Placemark>
          <name>2159</name>
          <styleUrl>#style_Healthy</styleUrl>
          <ExtendedData>
            <Data name="id"><value>2159</value></Data>
            <Data name="Class"><value>Healthy</value></Data>
          </ExtendedData>
          <Point><coordinates>102.670128600,2.744526542,0</coordinates></Point>
        </Placemark>

        <Placemark>
          <name>2165</name>
          <styleUrl>#style_Healthy</styleUrl>
          <ExtendedData>
            <Data name="id"><value>2165</value></Data>
            <Data name="Class"><value>Healthy</value></Data>
          </ExtendedData>
          <Point><coordinates>102.669920700,2.744565375,0</coordinates></Point>
        </Placemark>

        <Placemark>
          <name>2177</name>
          <styleUrl>#style_Healthy</styleUrl>
          <ExtendedData>
            <Data name="id"><value>2177</value></Data>
            <Data name="Class"><value>Healthy</value></Data>
          </ExtendedData>
          <Point><coordinates>102.669851800,2.744214630,0</coordinates></Point>
        </Placemark>

        <Placemark>
          <name>2178</name>
          <styleUrl>#style_Healthy</styleUrl>
          <ExtendedData>
            <Data name="id"><value>2178</value></Data>
            <Data name="Class"><value>Healthy</value></Data>
          </ExtendedData>
          <Point><coordinates>102.669918200,2.744168282,0</coordinates></Point>
        </Placemark>

        <Placemark>
          <name>2179</name>
          <styleUrl>#style_Healthy</styleUrl>
          <ExtendedData>
            <Data name="id"><value>2179</value></Data>
            <Data name="Class"><value>Healthy</value></Data>
          </ExtendedData>
          <Point><coordinates>102.669918200,2.744242189,0</coordinates></Point>
        </Placemark>

        <Placemark>
          <name>2181</name>
          <styleUrl>#style_Healthy</styleUrl>
          <ExtendedData>
            <Data name="id"><value>2181</value></Data>
            <Data name="Class"><value>Healthy</value></Data>
          </ExtendedData>
          <Point><coordinates>102.669987100,2.744359939,0</coordinates></Point>
        </Placemark>

        <Placemark>
          <name>2182</name>
          <styleUrl>#style_Healthy</styleUrl>
          <ExtendedData>
            <Data name="id"><value>2182</value></Data>
            <Data name="Class"><value>Healthy</value></Data>
          </ExtendedData>
          <Point><coordinates>102.669924400,2.744410045,0</coordinates></Point>
        </Placemark>

        <Placemark>
          <name>2183</name>
          <styleUrl>#style_Healthy</styleUrl>
          <ExtendedData>
            <Data name="id"><value>2183</value></Data>
            <Data name="Class"><value>Healthy</value></Data>
          </ExtendedData>
          <Point><coordinates>102.669916900,2.744331128,0</coordinates></Point>
        </Placemark>

        <Placemark>
          <name>2184</name>
          <styleUrl>#style_Healthy</styleUrl>
          <ExtendedData>
            <Data name="id"><value>2184</value></Data>
            <Data name="Class"><value>Healthy</value></Data>
          </ExtendedData>
          <Point><coordinates>102.669849300,2.744291042,0</coordinates></Point>
        </Placemark>

        <Placemark>
          <name>2190</name>
          <styleUrl>#style_Healthy</styleUrl>
          <ExtendedData>
            <Data name="id"><value>2190</value></Data>
            <Data name="Class"><value>Healthy</value></Data>
          </ExtendedData>
          <Point><coordinates>102.669850500,2.744448878,0</coordinates></Point>
        </Placemark>

        <Placemark>
          <name>2191</name>
          <styleUrl>#style_Healthy</styleUrl>
          <ExtendedData>
            <Data name="id"><value>2191</value></Data>
            <Data name="Class"><value>Healthy</value></Data>
          </ExtendedData>
          <Point><coordinates>102.669853000,2.744369960,0</coordinates></Point>
        </Placemark>

        <Placemark>
          <name>2192</name>
          <styleUrl>#style_Healthy</styleUrl>
          <ExtendedData>
            <Data name="id"><value>2192</value></Data>
            <Data name="Class"><value>Healthy</value></Data>
          </ExtendedData>
          <Point><coordinates>102.669847400,2.744128823,0</coordinates></Point>
        </Placemark>

        <Placemark>
          <name>2194</name>
          <styleUrl>#style_Healthy</styleUrl>
          <ExtendedData>
            <Data name="id"><value>2194</value></Data>
            <Data name="Class"><value>Healthy</value></Data>
          </ExtendedData>
          <Point><coordinates>102.669638200,2.744089991,0</coordinates></Point>
        </Placemark>

        <Placemark>
          <name>2195</name>
          <styleUrl>#style_Healthy</styleUrl>
          <ExtendedData>
            <Data name="id"><value>2195</value></Data>
            <Data name="Class"><value>Healthy</value></Data>
          </ExtendedData>
          <Point><coordinates>102.669643200,2.744009820,0</coordinates></Point>
        </Placemark>

        <Placemark>
          <name>2196</name>
          <styleUrl>#style_Healthy</styleUrl>
          <ExtendedData>
            <Data name="id"><value>2196</value></Data>
            <Data name="Class"><value>Healthy</value></Data>
          </ExtendedData>
          <Point><coordinates>102.669638200,2.743927145,0</coordinates></Point>
        </Placemark>

        <Placemark>
          <name>2197</name>
          <styleUrl>#style_Healthy</styleUrl>
          <ExtendedData>
            <Data name="id"><value>2197</value></Data>
            <Data name="Class"><value>Healthy</value></Data>
          </ExtendedData>
          <Point><coordinates>102.669644500,2.743851985,0</coordinates></Point>
        </Placemark>

        <Placemark>
          <name>2198</name>
          <styleUrl>#style_Healthy</styleUrl>
          <ExtendedData>
            <Data name="id"><value>2198</value></Data>
            <Data name="Class"><value>Healthy</value></Data>
          </ExtendedData>
          <Point><coordinates>102.669704600,2.743893323,0</coordinates></Point>
        </Placemark>

        <Placemark>
          <name>2199</name>
          <styleUrl>#style_Healthy</styleUrl>
          <ExtendedData>
            <Data name="id"><value>2199</value></Data>
            <Data name="Class"><value>Healthy</value></Data>
          </ExtendedData>
          <Point><coordinates>102.669779800,2.743930903,0</coordinates></Point>
        </Placemark>

        <Placemark>
          <name>2200</name>
          <styleUrl>#style_Healthy</styleUrl>
          <ExtendedData>
            <Data name="id"><value>2200</value></Data>
            <Data name="Class"><value>Healthy</value></Data>
          </ExtendedData>
          <Point><coordinates>102.669847400,2.743895828,0</coordinates></Point>
        </Placemark>

        <Placemark>
          <name>2201</name>
          <styleUrl>#style_Healthy</styleUrl>
          <ExtendedData>
            <Data name="id"><value>2201</value></Data>
            <Data name="Class"><value>Healthy</value></Data>
          </ExtendedData>
          <Point><coordinates>102.669910000,2.743850733,0</coordinates></Point>
        </Placemark>

        <Placemark>
          <name>2202</name>
          <styleUrl>#style_Healthy</styleUrl>
          <ExtendedData>
            <Data name="id"><value>2202</value></Data>
            <Data name="Class"><value>Healthy</value></Data>
          </ExtendedData>
          <Point><coordinates>102.669917600,2.743934661,0</coordinates></Point>
        </Placemark>

        <Placemark>
          <name>2203</name>
          <styleUrl>#style_Healthy</styleUrl>
          <ExtendedData>
            <Data name="id"><value>2203</value></Data>
            <Data name="Class"><value>Healthy</value></Data>
          </ExtendedData>
          <Point><coordinates>102.669923800,2.744012326,0</coordinates></Point>
        </Placemark>

        <Placemark>
          <name>2204</name>
          <styleUrl>#style_Healthy</styleUrl>
          <ExtendedData>
            <Data name="id"><value>2204</value></Data>
            <Data name="Class"><value>Healthy</value></Data>
          </ExtendedData>
          <Point><coordinates>102.669852400,2.744044895,0</coordinates></Point>
        </Placemark>

        <Placemark>
          <name>2205</name>
          <styleUrl>#style_Healthy</styleUrl>
          <ExtendedData>
            <Data name="id"><value>2205</value></Data>
            <Data name="Class"><value>Healthy</value></Data>
          </ExtendedData>
          <Point><coordinates>102.669778500,2.744088738,0</coordinates></Point>
        </Placemark>

        <Placemark>
          <name>2206</name>
          <styleUrl>#style_Healthy</styleUrl>
          <ExtendedData>
            <Data name="id"><value>2206</value></Data>
            <Data name="Class"><value>Healthy</value></Data>
          </ExtendedData>
          <Point><coordinates>102.669709600,2.744053664,0</coordinates></Point>
        </Placemark>

        <Placemark>
          <name>2207</name>
          <styleUrl>#style_Healthy</styleUrl>
          <ExtendedData>
            <Data name="id"><value>2207</value></Data>
            <Data name="Class"><value>Healthy</value></Data>
          </ExtendedData>
          <Point><coordinates>102.669777300,2.744007315,0</coordinates></Point>
        </Placemark>

        <Placemark>
          <name>2208</name>
          <styleUrl>#style_Healthy</styleUrl>
          <ExtendedData>
            <Data name="id"><value>2208</value></Data>
            <Data name="Class"><value>Healthy</value></Data>
          </ExtendedData>
          <Point><coordinates>102.669844900,2.743969735,0</coordinates></Point>
        </Placemark>

        <Placemark>
          <name>2209</name>
          <styleUrl>#style_Healthy</styleUrl>
          <ExtendedData>
            <Data name="id"><value>2209</value></Data>
            <Data name="Class"><value>Healthy</value></Data>
          </ExtendedData>
          <Point><coordinates>102.669707100,2.743975999,0</coordinates></Point>
        </Placemark>

        <Placemark>
          <name>2210</name>
          <styleUrl>#style_Healthy</styleUrl>
          <ExtendedData>
            <Data name="id"><value>2210</value></Data>
            <Data name="Class"><value>Healthy</value></Data>
          </ExtendedData>
          <Point><coordinates>102.669349500,2.742850484,0</coordinates></Point>
        </Placemark>

        <Placemark>
          <name>2211</name>
          <styleUrl>#style_Healthy</styleUrl>
          <ExtendedData>
            <Data name="id"><value>2211</value></Data>
            <Data name="Class"><value>Healthy</value></Data>
          </ExtendedData>
          <Point><coordinates>102.669279900,2.742877416,0</coordinates></Point>
        </Placemark>

        <Placemark>
          <name>2212</name>
          <styleUrl>#style_Healthy</styleUrl>
          <ExtendedData>
            <Data name="id"><value>2212</value></Data>
            <Data name="Class"><value>Healthy</value></Data>
          </ExtendedData>
          <Point><coordinates>102.669296900,2.742937544,0</coordinates></Point>
        </Placemark>

        <Placemark>
          <name>2213</name>
          <styleUrl>#style_Healthy</styleUrl>
          <ExtendedData>
            <Data name="id"><value>2213</value></Data>
            <Data name="Class"><value>Healthy</value></Data>
          </ExtendedData>
          <Point><coordinates>102.669315700,2.743030867,0</coordinates></Point>
        </Placemark>

        <Placemark>
          <name>2216</name>
          <styleUrl>#style_Healthy</styleUrl>
          <ExtendedData>
            <Data name="id"><value>2216</value></Data>
            <Data name="Class"><value>Healthy</value></Data>
          </ExtendedData>
          <Point><coordinates>102.669353900,2.743072205,0</coordinates></Point>
        </Placemark>

        <Placemark>
          <name>2219</name>
          <styleUrl>#style_Healthy</styleUrl>
          <ExtendedData>
            <Data name="id"><value>2219</value></Data>
            <Data name="Class"><value>Healthy</value></Data>
          </ExtendedData>
          <Point><coordinates>102.669197900,2.743137970,0</coordinates></Point>
        </Placemark>

        <Placemark>
          <name>2220</name>
          <styleUrl>#style_Healthy</styleUrl>
          <ExtendedData>
            <Data name="id"><value>2220</value></Data>
            <Data name="Class"><value>Healthy</value></Data>
          </ExtendedData>
          <Point><coordinates>102.669233000,2.743065942,0</coordinates></Point>
        </Placemark>

        <Placemark>
          <name>2221</name>
          <styleUrl>#style_Healthy</styleUrl>
          <ExtendedData>
            <Data name="id"><value>2221</value></Data>
            <Data name="Class"><value>Healthy</value></Data>
          </ExtendedData>
          <Point><coordinates>102.669254300,2.743002682,0</coordinates></Point>
        </Placemark>

        <Placemark>
          <name>2222</name>
          <styleUrl>#style_Healthy</styleUrl>
          <ExtendedData>
            <Data name="id"><value>2222</value></Data>
            <Data name="Class"><value>Healthy</value></Data>
          </ExtendedData>
          <Point><coordinates>102.669176000,2.743001430,0</coordinates></Point>
        </Placemark>

        <Placemark>
          <name>2223</name>
          <styleUrl>#style_Healthy</styleUrl>
          <ExtendedData>
            <Data name="id"><value>2223</value></Data>
            <Data name="Class"><value>Healthy</value></Data>
          </ExtendedData>
          <Point><coordinates>102.669224200,2.742924391,0</coordinates></Point>
        </Placemark>

        <Placemark>
          <name>2224</name>
          <styleUrl>#style_Healthy</styleUrl>
          <ExtendedData>
            <Data name="id"><value>2224</value></Data>
            <Data name="Class"><value>Healthy</value></Data>
          </ExtendedData>
          <Point><coordinates>102.669182200,2.742864263,0</coordinates></Point>
        </Placemark>

        <Placemark>
          <name>2228</name>
          <styleUrl>#style_Healthy</styleUrl>
          <ExtendedData>
            <Data name="id"><value>2228</value></Data>
            <Data name="Class"><value>Healthy</value></Data>
          </ExtendedData>
          <Point><coordinates>102.670485900,2.742597134,0</coordinates></Point>
        </Placemark>

        <Placemark>
          <name>2229</name>
          <styleUrl>#style_Healthy</styleUrl>
          <ExtendedData>
            <Data name="id"><value>2229</value></Data>
            <Data name="Class"><value>Healthy</value></Data>
          </ExtendedData>
          <Point><coordinates>102.670548500,2.742639724,0</coordinates></Point>
        </Placemark>

        <Placemark>
          <name>2230</name>
          <styleUrl>#style_Healthy</styleUrl>
          <ExtendedData>
            <Data name="id"><value>2230</value></Data>
            <Data name="Class"><value>Healthy</value></Data>
          </ExtendedData>
          <Point><coordinates>102.670504700,2.742694841,0</coordinates></Point>
        </Placemark>

        <Placemark>
          <name>2231</name>
          <styleUrl>#style_Healthy</styleUrl>
          <ExtendedData>
            <Data name="id"><value>2231</value></Data>
            <Data name="Class"><value>Healthy</value></Data>
          </ExtendedData>
          <Point><coordinates>102.670434500,2.742642230,0</coordinates></Point>
        </Placemark>

        <Placemark>
          <name>2232</name>
          <styleUrl>#style_Healthy</styleUrl>
          <ExtendedData>
            <Data name="id"><value>2232</value></Data>
            <Data name="Class"><value>Healthy</value></Data>
          </ExtendedData>
          <Point><coordinates>102.670394400,2.742698599,0</coordinates></Point>
        </Placemark>

        <Placemark>
          <name>2233</name>
          <styleUrl>#style_Healthy</styleUrl>
          <ExtendedData>
            <Data name="id"><value>2233</value></Data>
            <Data name="Class"><value>Healthy</value></Data>
          </ExtendedData>
          <Point><coordinates>102.670341800,2.742749958,0</coordinates></Point>
        </Placemark>

        <Placemark>
          <name>2234</name>
          <styleUrl>#style_Healthy</styleUrl>
          <ExtendedData>
            <Data name="id"><value>2234</value></Data>
            <Data name="Class"><value>Healthy</value></Data>
          </ExtendedData>
          <Point><coordinates>102.670452000,2.742747453,0</coordinates></Point>
        </Placemark>

        <Placemark>
          <name>2235</name>
          <styleUrl>#style_Healthy</styleUrl>
          <ExtendedData>
            <Data name="id"><value>2235</value></Data>
            <Data name="Class"><value>Healthy</value></Data>
          </ExtendedData>
          <Point><coordinates>102.670527200,2.742780022,0</coordinates></Point>
        </Placemark>

        <Placemark>
          <name>2236</name>
          <styleUrl>#style_Healthy</styleUrl>
          <ExtendedData>
            <Data name="id"><value>2236</value></Data>
            <Data name="Class"><value>Healthy</value></Data>
          </ExtendedData>
          <Point><coordinates>102.670597400,2.742800065,0</coordinates></Point>
        </Placemark>

        <Placemark>
          <name>2237</name>
          <styleUrl>#style_Healthy</styleUrl>
          <ExtendedData>
            <Data name="id"><value>2237</value></Data>
            <Data name="Class"><value>Healthy</value></Data>
          </ExtendedData>
          <Point><coordinates>102.670667500,2.742830128,0</coordinates></Point>
        </Placemark>

        <Placemark>
          <name>2238</name>
          <styleUrl>#style_Healthy</styleUrl>
          <ExtendedData>
            <Data name="id"><value>2238</value></Data>
            <Data name="Class"><value>Healthy</value></Data>
          </ExtendedData>
          <Point><coordinates>102.670720100,2.742786285,0</coordinates></Point>
        </Placemark>

        <Placemark>
          <name>2240</name>
          <styleUrl>#style_Healthy</styleUrl>
          <ExtendedData>
            <Data name="id"><value>2240</value></Data>
            <Data name="Class"><value>Healthy</value></Data>
          </ExtendedData>
          <Point><coordinates>102.670850400,2.742858940,0</coordinates></Point>
        </Placemark>

        <Placemark>
          <name>2243</name>
          <styleUrl>#style_Healthy</styleUrl>
          <ExtendedData>
            <Data name="id"><value>2243</value></Data>
            <Data name="Class"><value>Healthy</value></Data>
          </ExtendedData>
          <Point><coordinates>102.671050800,2.742876477,0</coordinates></Point>
        </Placemark>

        <Placemark>
          <name>2247</name>
          <styleUrl>#style_Healthy</styleUrl>
          <ExtendedData>
            <Data name="id"><value>2247</value></Data>
            <Data name="Class"><value>Healthy</value></Data>
          </ExtendedData>
          <Point><coordinates>102.671153500,2.742848918,0</coordinates></Point>
        </Placemark>

        <Placemark>
          <name>2249</name>
          <styleUrl>#style_Healthy</styleUrl>
          <ExtendedData>
            <Data name="id"><value>2249</value></Data>
            <Data name="Class"><value>Healthy</value></Data>
          </ExtendedData>
          <Point><coordinates>102.671317600,2.742780022,0</coordinates></Point>
        </Placemark>

        <Placemark>
          <name>2250</name>
          <styleUrl>#style_Healthy</styleUrl>
          <ExtendedData>
            <Data name="id"><value>2250</value></Data>
            <Data name="Class"><value>Healthy</value></Data>
          </ExtendedData>
          <Point><coordinates>102.671095900,2.742817602,0</coordinates></Point>
        </Placemark>

        <Placemark>
          <name>2251</name>
          <styleUrl>#style_Healthy</styleUrl>
          <ExtendedData>
            <Data name="id"><value>2251</value></Data>
            <Data name="Class"><value>Healthy</value></Data>
          </ExtendedData>
          <Point><coordinates>102.671023300,2.742795054,0</coordinates></Point>
        </Placemark>

        <Placemark>
          <name>2252</name>
          <styleUrl>#style_Healthy</styleUrl>
          <ExtendedData>
            <Data name="id"><value>2252</value></Data>
            <Data name="Class"><value>Healthy</value></Data>
          </ExtendedData>
          <Point><coordinates>102.670975700,2.742847666,0</coordinates></Point>
        </Placemark>

        <Placemark>
          <name>2253</name>
          <styleUrl>#style_Healthy</styleUrl>
          <ExtendedData>
            <Data name="id"><value>2253</value></Data>
            <Data name="Class"><value>Healthy</value></Data>
          </ExtendedData>
          <Point><coordinates>102.670901800,2.742815097,0</coordinates></Point>
        </Placemark>

        <Placemark>
          <name>2254</name>
          <styleUrl>#style_Healthy</styleUrl>
          <ExtendedData>
            <Data name="id"><value>2254</value></Data>
            <Data name="Class"><value>Healthy</value></Data>
          </ExtendedData>
          <Point><coordinates>102.670955600,2.742768748,0</coordinates></Point>
        </Placemark>

        <Placemark>
          <name>2255</name>
          <styleUrl>#style_Healthy</styleUrl>
          <ExtendedData>
            <Data name="id"><value>2255</value></Data>
            <Data name="Class"><value>Healthy</value></Data>
          </ExtendedData>
          <Point><coordinates>102.669224400,2.743775886,0</coordinates></Point>
        </Placemark>

        <Placemark>
          <name>2256</name>
          <styleUrl>#style_Healthy</styleUrl>
          <ExtendedData>
            <Data name="id"><value>2256</value></Data>
            <Data name="Class"><value>Healthy</value></Data>
          </ExtendedData>
          <Point><coordinates>102.669161800,2.743735801,0</coordinates></Point>
        </Placemark>

        <Placemark>
          <name>2257</name>
          <styleUrl>#style_Healthy</styleUrl>
          <ExtendedData>
            <Data name="id"><value>2257</value></Data>
            <Data name="Class"><value>Healthy</value></Data>
          </ExtendedData>
          <Point><coordinates>102.669156800,2.743659389,0</coordinates></Point>
        </Placemark>

        <Placemark>
          <name>2258</name>
          <styleUrl>#style_Healthy</styleUrl>
          <ExtendedData>
            <Data name="id"><value>2258</value></Data>
            <Data name="Class"><value>Healthy</value></Data>
          </ExtendedData>
          <Point><coordinates>102.669151800,2.743581724,0</coordinates></Point>
        </Placemark>

        <Placemark>
          <name>2259</name>
          <styleUrl>#style_Healthy</styleUrl>
          <ExtendedData>
            <Data name="id"><value>2259</value></Data>
            <Data name="Class"><value>Healthy</value></Data>
          </ExtendedData>
          <Point><coordinates>102.669149300,2.743509070,0</coordinates></Point>
        </Placemark>

        <Placemark>
          <name>2260</name>
          <styleUrl>#style_Healthy</styleUrl>
          <ExtendedData>
            <Data name="id"><value>2260</value></Data>
            <Data name="Class"><value>Healthy</value></Data>
          </ExtendedData>
          <Point><coordinates>102.669149300,2.743422636,0</coordinates></Point>
        </Placemark>

        <Placemark>
          <name>2262</name>
          <styleUrl>#style_Healthy</styleUrl>
          <ExtendedData>
            <Data name="id"><value>2262</value></Data>
            <Data name="Class"><value>Healthy</value></Data>
          </ExtendedData>
          <Point><coordinates>102.669221900,2.743382551,0</coordinates></Point>
        </Placemark>

        <Placemark>
          <name>2263</name>
          <styleUrl>#style_Healthy</styleUrl>
          <ExtendedData>
            <Data name="id"><value>2263</value></Data>
            <Data name="Class"><value>Healthy</value></Data>
          </ExtendedData>
          <Point><coordinates>102.669288300,2.743346224,0</coordinates></Point>
        </Placemark>

        <Placemark>
          <name>2264</name>
          <styleUrl>#style_Healthy</styleUrl>
          <ExtendedData>
            <Data name="id"><value>2264</value></Data>
            <Data name="Class"><value>Healthy</value></Data>
          </ExtendedData>
          <Point><coordinates>102.669356000,2.743308644,0</coordinates></Point>
        </Placemark>

        <Placemark>
          <name>2268</name>
          <styleUrl>#style_Healthy</styleUrl>
          <ExtendedData>
            <Data name="id"><value>2268</value></Data>
            <Data name="Class"><value>Healthy</value></Data>
          </ExtendedData>
          <Point><coordinates>102.669646600,2.743148304,0</coordinates></Point>
        </Placemark>

        <Placemark>
          <name>2269</name>
          <styleUrl>#style_Healthy</styleUrl>
          <ExtendedData>
            <Data name="id"><value>2269</value></Data>
            <Data name="Class"><value>Healthy</value></Data>
          </ExtendedData>
          <Point><coordinates>102.669704200,2.743106966,0</coordinates></Point>
        </Placemark>

        <Placemark>
          <name>2270</name>
          <styleUrl>#style_Healthy</styleUrl>
          <ExtendedData>
            <Data name="id"><value>2270</value></Data>
            <Data name="Class"><value>Healthy</value></Data>
          </ExtendedData>
          <Point><coordinates>102.669771900,2.743139535,0</coordinates></Point>
        </Placemark>

        <Placemark>
          <name>2271</name>
          <styleUrl>#style_Healthy</styleUrl>
          <ExtendedData>
            <Data name="id"><value>2271</value></Data>
            <Data name="Class"><value>Healthy</value></Data>
          </ExtendedData>
          <Point><coordinates>102.669827000,2.743169599,0</coordinates></Point>
        </Placemark>

        <Placemark>
          <name>2272</name>
          <styleUrl>#style_Healthy</styleUrl>
          <ExtendedData>
            <Data name="id"><value>2272</value></Data>
            <Data name="Class"><value>Healthy</value></Data>
          </ExtendedData>
          <Point><coordinates>102.669837000,2.743261043,0</coordinates></Point>
        </Placemark>

        <Placemark>
          <name>2273</name>
          <styleUrl>#style_Healthy</styleUrl>
          <ExtendedData>
            <Data name="id"><value>2273</value></Data>
            <Data name="Class"><value>Healthy</value></Data>
          </ExtendedData>
          <Point><coordinates>102.669839500,2.743336203,0</coordinates></Point>
        </Placemark>

        <Placemark>
          <name>2274</name>
          <styleUrl>#style_Healthy</styleUrl>
          <ExtendedData>
            <Data name="id"><value>2274</value></Data>
            <Data name="Class"><value>Healthy</value></Data>
          </ExtendedData>
          <Point><coordinates>102.669843300,2.743407604,0</coordinates></Point>
        </Placemark>

        <Placemark>
          <name>2275</name>
          <styleUrl>#style_Healthy</styleUrl>
          <ExtendedData>
            <Data name="id"><value>2275</value></Data>
            <Data name="Class"><value>Healthy</value></Data>
          </ExtendedData>
          <Point><coordinates>102.669902100,2.743452700,0</coordinates></Point>
        </Placemark>

        <Placemark>
          <name>2276</name>
          <styleUrl>#style_Healthy</styleUrl>
          <ExtendedData>
            <Data name="id"><value>2276</value></Data>
            <Data name="Class"><value>Healthy</value></Data>
          </ExtendedData>
          <Point><coordinates>102.669910900,2.743524102,0</coordinates></Point>
        </Placemark>

        <Placemark>
          <name>2277</name>
          <styleUrl>#style_Healthy</styleUrl>
          <ExtendedData>
            <Data name="id"><value>2277</value></Data>
            <Data name="Class"><value>Healthy</value></Data>
          </ExtendedData>
          <Point><coordinates>102.669914700,2.743608030,0</coordinates></Point>
        </Placemark>

        <Placemark>
          <name>2285</name>
          <styleUrl>#style_Healthy</styleUrl>
          <ExtendedData>
            <Data name="id"><value>2285</value></Data>
            <Data name="Class"><value>Healthy</value></Data>
          </ExtendedData>
          <Point><coordinates>102.669842000,2.743494038,0</coordinates></Point>
        </Placemark>

        <Placemark>
          <name>2290</name>
          <styleUrl>#style_Healthy</styleUrl>
          <ExtendedData>
            <Data name="id"><value>2290</value></Data>
            <Data name="Class"><value>Healthy</value></Data>
          </ExtendedData>
          <Point><coordinates>102.669709200,2.743655631,0</coordinates></Point>
        </Placemark>

        <Placemark>
          <name>2291</name>
          <styleUrl>#style_Healthy</styleUrl>
          <ExtendedData>
            <Data name="id"><value>2291</value></Data>
            <Data name="Class"><value>Healthy</value></Data>
          </ExtendedData>
          <Point><coordinates>102.669774400,2.743616799,0</coordinates></Point>
        </Placemark>

        <Placemark>
          <name>2292</name>
          <styleUrl>#style_Healthy</styleUrl>
          <ExtendedData>
            <Data name="id"><value>2292</value></Data>
            <Data name="Class"><value>Healthy</value></Data>
          </ExtendedData>
          <Point><coordinates>102.669776900,2.743540386,0</coordinates></Point>
        </Placemark>

        <Placemark>
          <name>2293</name>
          <styleUrl>#style_Healthy</styleUrl>
          <ExtendedData>
            <Data name="id"><value>2293</value></Data>
            <Data name="Class"><value>Healthy</value></Data>
          </ExtendedData>
          <Point><coordinates>102.669781900,2.743451448,0</coordinates></Point>
        </Placemark>

        <Placemark>
          <name>2294</name>
          <styleUrl>#style_Healthy</styleUrl>
          <ExtendedData>
            <Data name="id"><value>2294</value></Data>
            <Data name="Class"><value>Healthy</value></Data>
          </ExtendedData>
          <Point><coordinates>102.669771900,2.743376288,0</coordinates></Point>
        </Placemark>

        <Placemark>
          <name>2295</name>
          <styleUrl>#style_Healthy</styleUrl>
          <ExtendedData>
            <Data name="id"><value>2295</value></Data>
            <Data name="Class"><value>Healthy</value></Data>
          </ExtendedData>
          <Point><coordinates>102.669768100,2.743298623,0</coordinates></Point>
        </Placemark>

        <Placemark>
          <name>2296</name>
          <styleUrl>#style_Healthy</styleUrl>
          <ExtendedData>
            <Data name="id"><value>2296</value></Data>
            <Data name="Class"><value>Healthy</value></Data>
          </ExtendedData>
          <Point><coordinates>102.669704200,2.743257285,0</coordinates></Point>
        </Placemark>

        <Placemark>
          <name>2297</name>
          <styleUrl>#style_Healthy</styleUrl>
          <ExtendedData>
            <Data name="id"><value>2297</value></Data>
            <Data name="Class"><value>Healthy</value></Data>
          </ExtendedData>
          <Point><coordinates>102.669769300,2.743219706,0</coordinates></Point>
        </Placemark>

        <Placemark>
          <name>2298</name>
          <styleUrl>#style_Healthy</styleUrl>
          <ExtendedData>
            <Data name="id"><value>2298</value></Data>
            <Data name="Class"><value>Healthy</value></Data>
          </ExtendedData>
          <Point><coordinates>102.669696700,2.743177115,0</coordinates></Point>
        </Placemark>

        <Placemark>
          <name>2299</name>
          <styleUrl>#style_Healthy</styleUrl>
          <ExtendedData>
            <Data name="id"><value>2299</value></Data>
            <Data name="Class"><value>Healthy</value></Data>
          </ExtendedData>
          <Point><coordinates>102.669632800,2.743219706,0</coordinates></Point>
        </Placemark>

        <Placemark>
          <name>2300</name>
          <styleUrl>#style_Healthy</styleUrl>
          <ExtendedData>
            <Data name="id"><value>2300</value></Data>
            <Data name="Class"><value>Healthy</value></Data>
          </ExtendedData>
          <Point><coordinates>102.669634100,2.743297370,0</coordinates></Point>
        </Placemark>

        <Placemark>
          <name>2301</name>
          <styleUrl>#style_Healthy</styleUrl>
          <ExtendedData>
            <Data name="id"><value>2301</value></Data>
            <Data name="Class"><value>Healthy</value></Data>
          </ExtendedData>
          <Point><coordinates>102.669704200,2.743334950,0</coordinates></Point>
        </Placemark>

        <Placemark>
          <name>2302</name>
          <styleUrl>#style_Healthy</styleUrl>
          <ExtendedData>
            <Data name="id"><value>2302</value></Data>
            <Data name="Class"><value>Healthy</value></Data>
          </ExtendedData>
          <Point><coordinates>102.669561400,2.743258538,0</coordinates></Point>
        </Placemark>

        <Placemark>
          <name>2303</name>
          <styleUrl>#style_Healthy</styleUrl>
          <ExtendedData>
            <Data name="id"><value>2303</value></Data>
            <Data name="Class"><value>Healthy</value></Data>
          </ExtendedData>
          <Point><coordinates>102.669493800,2.743299876,0</coordinates></Point>
        </Placemark>

        <Placemark>
          <name>2304</name>
          <styleUrl>#style_Healthy</styleUrl>
          <ExtendedData>
            <Data name="id"><value>2304</value></Data>
            <Data name="Class"><value>Healthy</value></Data>
          </ExtendedData>
          <Point><coordinates>102.669561400,2.743341214,0</coordinates></Point>
        </Placemark>

        <Placemark>
          <name>2305</name>
          <styleUrl>#style_Healthy</styleUrl>
          <ExtendedData>
            <Data name="id"><value>2305</value></Data>
            <Data name="Class"><value>Healthy</value></Data>
          </ExtendedData>
          <Point><coordinates>102.669639100,2.743372530,0</coordinates></Point>
        </Placemark>

        <Placemark>
          <name>2306</name>
          <styleUrl>#style_Healthy</styleUrl>
          <ExtendedData>
            <Data name="id"><value>2306</value></Data>
            <Data name="Class"><value>Healthy</value></Data>
          </ExtendedData>
          <Point><coordinates>102.669703000,2.743415120,0</coordinates></Point>
        </Placemark>

        <Placemark>
          <name>2307</name>
          <styleUrl>#style_Healthy</styleUrl>
          <ExtendedData>
            <Data name="id"><value>2307</value></Data>
            <Data name="Class"><value>Healthy</value></Data>
          </ExtendedData>
          <Point><coordinates>102.669701700,2.743492785,0</coordinates></Point>
        </Placemark>

        <Placemark>
          <name>2308</name>
          <styleUrl>#style_Healthy</styleUrl>
          <ExtendedData>
            <Data name="id"><value>2308</value></Data>
            <Data name="Class"><value>Healthy</value></Data>
          </ExtendedData>
          <Point><coordinates>102.669706700,2.743572955,0</coordinates></Point>
        </Placemark>

        <Placemark>
          <name>2309</name>
          <styleUrl>#style_Healthy</styleUrl>
          <ExtendedData>
            <Data name="id"><value>2309</value></Data>
            <Data name="Class"><value>Healthy</value></Data>
          </ExtendedData>
          <Point><coordinates>102.669636600,2.743615546,0</coordinates></Point>
        </Placemark>

        <Placemark>
          <name>2310</name>
          <styleUrl>#style_Healthy</styleUrl>
          <ExtendedData>
            <Data name="id"><value>2310</value></Data>
            <Data name="Class"><value>Healthy</value></Data>
          </ExtendedData>
          <Point><coordinates>102.669637800,2.743536628,0</coordinates></Point>
        </Placemark>

        <Placemark>
          <name>2311</name>
          <styleUrl>#style_Healthy</styleUrl>
          <ExtendedData>
            <Data name="id"><value>2311</value></Data>
            <Data name="Class"><value>Healthy</value></Data>
          </ExtendedData>
          <Point><coordinates>102.669636600,2.743460216,0</coordinates></Point>
        </Placemark>

        <Placemark>
          <name>2312</name>
          <styleUrl>#style_Healthy</styleUrl>
          <ExtendedData>
            <Data name="id"><value>2312</value></Data>
            <Data name="Class"><value>Healthy</value></Data>
          </ExtendedData>
          <Point><coordinates>102.669567700,2.743416373,0</coordinates></Point>
        </Placemark>

        <Placemark>
          <name>2313</name>
          <styleUrl>#style_Healthy</styleUrl>
          <ExtendedData>
            <Data name="id"><value>2313</value></Data>
            <Data name="Class"><value>Healthy</value></Data>
          </ExtendedData>
          <Point><coordinates>102.669498800,2.743381299,0</coordinates></Point>
        </Placemark>

        <Placemark>
          <name>2314</name>
          <styleUrl>#style_Healthy</styleUrl>
          <ExtendedData>
            <Data name="id"><value>2314</value></Data>
            <Data name="Class"><value>Healthy</value></Data>
          </ExtendedData>
          <Point><coordinates>102.669431100,2.743341214,0</coordinates></Point>
        </Placemark>

        <Placemark>
          <name>2315</name>
          <styleUrl>#style_Healthy</styleUrl>
          <ExtendedData>
            <Data name="id"><value>2315</value></Data>
            <Data name="Class"><value>Healthy</value></Data>
          </ExtendedData>
          <Point><coordinates>102.669361000,2.743382551,0</coordinates></Point>
        </Placemark>

        <Placemark>
          <name>2316</name>
          <styleUrl>#style_Healthy</styleUrl>
          <ExtendedData>
            <Data name="id"><value>2316</value></Data>
            <Data name="Class"><value>Healthy</value></Data>
          </ExtendedData>
          <Point><coordinates>102.669289600,2.743420131,0</coordinates></Point>
        </Placemark>

        <Placemark>
          <name>2317</name>
          <styleUrl>#style_Healthy</styleUrl>
          <ExtendedData>
            <Data name="id"><value>2317</value></Data>
            <Data name="Class"><value>Healthy</value></Data>
          </ExtendedData>
          <Point><coordinates>102.669224400,2.743456458,0</coordinates></Point>
        </Placemark>

        <Placemark>
          <name>2318</name>
          <styleUrl>#style_Healthy</styleUrl>
          <ExtendedData>
            <Data name="id"><value>2318</value></Data>
            <Data name="Class"><value>Healthy</value></Data>
          </ExtendedData>
          <Point><coordinates>102.669223200,2.743537881,0</coordinates></Point>
        </Placemark>

        <Placemark>
          <name>2319</name>
          <styleUrl>#style_Healthy</styleUrl>
          <ExtendedData>
            <Data name="id"><value>2319</value></Data>
            <Data name="Class"><value>Healthy</value></Data>
          </ExtendedData>
          <Point><coordinates>102.669223200,2.743619304,0</coordinates></Point>
        </Placemark>

        <Placemark>
          <name>2320</name>
          <styleUrl>#style_Healthy</styleUrl>
          <ExtendedData>
            <Data name="id"><value>2320</value></Data>
            <Data name="Class"><value>Healthy</value></Data>
          </ExtendedData>
          <Point><coordinates>102.669293300,2.743733296,0</coordinates></Point>
        </Placemark>

        <Placemark>
          <name>2321</name>
          <styleUrl>#style_Healthy</styleUrl>
          <ExtendedData>
            <Data name="id"><value>2321</value></Data>
            <Data name="Class"><value>Healthy</value></Data>
          </ExtendedData>
          <Point><coordinates>102.669288300,2.743656884,0</coordinates></Point>
        </Placemark>

        <Placemark>
          <name>2322</name>
          <styleUrl>#style_Healthy</styleUrl>
          <ExtendedData>
            <Data name="id"><value>2322</value></Data>
            <Data name="Class"><value>Healthy</value></Data>
          </ExtendedData>
          <Point><coordinates>102.669288300,2.743581724,0</coordinates></Point>
        </Placemark>

        <Placemark>
          <name>2323</name>
          <styleUrl>#style_Healthy</styleUrl>
          <ExtendedData>
            <Data name="id"><value>2323</value></Data>
            <Data name="Class"><value>Healthy</value></Data>
          </ExtendedData>
          <Point><coordinates>102.669290800,2.743492785,0</coordinates></Point>
        </Placemark>

        <Placemark>
          <name>2324</name>
          <styleUrl>#style_Healthy</styleUrl>
          <ExtendedData>
            <Data name="id"><value>2324</value></Data>
            <Data name="Class"><value>Healthy</value></Data>
          </ExtendedData>
          <Point><coordinates>102.669362200,2.743536628,0</coordinates></Point>
        </Placemark>

        <Placemark>
          <name>2325</name>
          <styleUrl>#style_Healthy</styleUrl>
          <ExtendedData>
            <Data name="id"><value>2325</value></Data>
            <Data name="Class"><value>Healthy</value></Data>
          </ExtendedData>
          <Point><coordinates>102.669359700,2.743619304,0</coordinates></Point>
        </Placemark>

        <Placemark>
          <name>2326</name>
          <styleUrl>#style_Healthy</styleUrl>
          <ExtendedData>
            <Data name="id"><value>2326</value></Data>
            <Data name="Class"><value>Healthy</value></Data>
          </ExtendedData>
          <Point><coordinates>102.669364700,2.743694463,0</coordinates></Point>
        </Placemark>

        <Placemark>
          <name>2327</name>
          <styleUrl>#style_Healthy</styleUrl>
          <ExtendedData>
            <Data name="id"><value>2327</value></Data>
            <Data name="Class"><value>Healthy</value></Data>
          </ExtendedData>
          <Point><coordinates>102.669434900,2.743737054,0</coordinates></Point>
        </Placemark>

        <Placemark>
          <name>2328</name>
          <styleUrl>#style_Healthy</styleUrl>
          <ExtendedData>
            <Data name="id"><value>2328</value></Data>
            <Data name="Class"><value>Healthy</value></Data>
          </ExtendedData>
          <Point><coordinates>102.669495000,2.743693211,0</coordinates></Point>
        </Placemark>

        <Placemark>
          <name>2330</name>
          <styleUrl>#style_Healthy</styleUrl>
          <ExtendedData>
            <Data name="id"><value>2330</value></Data>
            <Data name="Class"><value>Healthy</value></Data>
          </ExtendedData>
          <Point><coordinates>102.669433600,2.743576713,0</coordinates></Point>
        </Placemark>

        <Placemark>
          <name>2331</name>
          <styleUrl>#style_Healthy</styleUrl>
          <ExtendedData>
            <Data name="id"><value>2331</value></Data>
            <Data name="Class"><value>Healthy</value></Data>
          </ExtendedData>
          <Point><coordinates>102.669427400,2.743501554,0</coordinates></Point>
        </Placemark>

        <Placemark>
          <name>2332</name>
          <styleUrl>#style_Healthy</styleUrl>
          <ExtendedData>
            <Data name="id"><value>2332</value></Data>
            <Data name="Class"><value>Healthy</value></Data>
          </ExtendedData>
          <Point><coordinates>102.669426100,2.743421384,0</coordinates></Point>
        </Placemark>

        <Placemark>
          <name>2333</name>
          <styleUrl>#style_Healthy</styleUrl>
          <ExtendedData>
            <Data name="id"><value>2333</value></Data>
            <Data name="Class"><value>Healthy</value></Data>
          </ExtendedData>
          <Point><coordinates>102.669500000,2.743457711,0</coordinates></Point>
        </Placemark>

        <Placemark>
          <name>2334</name>
          <styleUrl>#style_Healthy</styleUrl>
          <ExtendedData>
            <Data name="id"><value>2334</value></Data>
            <Data name="Class"><value>Healthy</value></Data>
          </ExtendedData>
          <Point><coordinates>102.669571400,2.743494038,0</coordinates></Point>
        </Placemark>

        <Placemark>
          <name>2335</name>
          <styleUrl>#style_Healthy</styleUrl>
          <ExtendedData>
            <Data name="id"><value>2335</value></Data>
            <Data name="Class"><value>Healthy</value></Data>
          </ExtendedData>
          <Point><coordinates>102.669571400,2.743574208,0</coordinates></Point>
        </Placemark>

        <Placemark>
          <name>2336</name>
          <styleUrl>#style_Healthy</styleUrl>
          <ExtendedData>
            <Data name="id"><value>2336</value></Data>
            <Data name="Class"><value>Healthy</value></Data>
          </ExtendedData>
          <Point><coordinates>102.669571400,2.743653126,0</coordinates></Point>
        </Placemark>

        <Placemark>
          <name>2337</name>
          <styleUrl>#style_Healthy</styleUrl>
          <ExtendedData>
            <Data name="id"><value>2337</value></Data>
            <Data name="Class"><value>Healthy</value></Data>
          </ExtendedData>
          <Point><coordinates>102.669492500,2.743609283,0</coordinates></Point>
        </Placemark>

        <Placemark>
          <name>2338</name>
          <styleUrl>#style_Healthy</styleUrl>
          <ExtendedData>
            <Data name="id"><value>2338</value></Data>
            <Data name="Class"><value>Healthy</value></Data>
          </ExtendedData>
          <Point><coordinates>102.669498800,2.743537881,0</coordinates></Point>
        </Placemark>

        <Placemark>
          <name>2339</name>
          <styleUrl>#style_Healthy</styleUrl>
          <ExtendedData>
            <Data name="id"><value>2339</value></Data>
            <Data name="Class"><value>Healthy</value></Data>
          </ExtendedData>
          <Point><coordinates>102.669835700,2.743098198,0</coordinates></Point>
        </Placemark>

        <Placemark>
          <name>2340</name>
          <styleUrl>#style_Healthy</styleUrl>
          <ExtendedData>
            <Data name="id"><value>2340</value></Data>
            <Data name="Class"><value>Healthy</value></Data>
          </ExtendedData>
          <Point><coordinates>102.669844500,2.743015522,0</coordinates></Point>
        </Placemark>

        <Placemark>
          <name>2342</name>
          <styleUrl>#style_Healthy</styleUrl>
          <ExtendedData>
            <Data name="id"><value>2342</value></Data>
            <Data name="Class"><value>Healthy</value></Data>
          </ExtendedData>
          <Point><coordinates>102.669978500,2.743646862,0</coordinates></Point>
        </Placemark>

        <Placemark>
          <name>2343</name>
          <styleUrl>#style_Healthy</styleUrl>
          <ExtendedData>
            <Data name="id"><value>2343</value></Data>
            <Data name="Class"><value>Healthy</value></Data>
          </ExtendedData>
          <Point><coordinates>102.670044900,2.743688200,0</coordinates></Point>
        </Placemark>

        <Placemark>
          <name>2344</name>
          <styleUrl>#style_Healthy</styleUrl>
          <ExtendedData>
            <Data name="id"><value>2344</value></Data>
            <Data name="Class"><value>Healthy</value></Data>
          </ExtendedData>
          <Point><coordinates>102.670051200,2.743609283,0</coordinates></Point>
        </Placemark>

        <Placemark>
          <name>2345</name>
          <styleUrl>#style_Healthy</styleUrl>
          <ExtendedData>
            <Data name="id"><value>2345</value></Data>
            <Data name="Class"><value>Healthy</value></Data>
          </ExtendedData>
          <Point><coordinates>102.669982300,2.743566692,0</coordinates></Point>
        </Placemark>

        <Placemark>
          <name>2346</name>
          <styleUrl>#style_Healthy</styleUrl>
          <ExtendedData>
            <Data name="id"><value>2346</value></Data>
            <Data name="Class"><value>Healthy</value></Data>
          </ExtendedData>
          <Point><coordinates>102.669982300,2.743490280,0</coordinates></Point>
        </Placemark>

        <Placemark>
          <name>2347</name>
          <styleUrl>#style_Healthy</styleUrl>
          <ExtendedData>
            <Data name="id"><value>2347</value></Data>
            <Data name="Class"><value>Healthy</value></Data>
          </ExtendedData>
          <Point><coordinates>102.670053700,2.743536628,0</coordinates></Point>
        </Placemark>

        <Placemark>
          <name>2348</name>
          <styleUrl>#style_Healthy</styleUrl>
          <ExtendedData>
            <Data name="id"><value>2348</value></Data>
            <Data name="Class"><value>Healthy</value></Data>
          </ExtendedData>
          <Point><coordinates>102.670048700,2.743447690,0</coordinates></Point>
        </Placemark>

        <Placemark>
          <name>2349</name>
          <styleUrl>#style_Healthy</styleUrl>
          <ExtendedData>
            <Data name="id"><value>2349</value></Data>
            <Data name="Class"><value>Healthy</value></Data>
          </ExtendedData>
          <Point><coordinates>102.669981000,2.743410110,0</coordinates></Point>
        </Placemark>

        <Placemark>
          <name>2350</name>
          <styleUrl>#style_Healthy</styleUrl>
          <ExtendedData>
            <Data name="id"><value>2350</value></Data>
            <Data name="Class"><value>Healthy</value></Data>
          </ExtendedData>
          <Point><coordinates>102.669976000,2.743333698,0</coordinates></Point>
        </Placemark>

        <Placemark>
          <name>2351</name>
          <styleUrl>#style_Healthy</styleUrl>
          <ExtendedData>
            <Data name="id"><value>2351</value></Data>
            <Data name="Class"><value>Healthy</value></Data>
          </ExtendedData>
          <Point><coordinates>102.669976000,2.743254780,0</coordinates></Point>
        </Placemark>

        <Placemark>
          <name>2352</name>
          <styleUrl>#style_Healthy</styleUrl>
          <ExtendedData>
            <Data name="id"><value>2352</value></Data>
            <Data name="Class"><value>Healthy</value></Data>
          </ExtendedData>
          <Point><coordinates>102.669976000,2.743169599,0</coordinates></Point>
        </Placemark>

        <Placemark>
          <name>2353</name>
          <styleUrl>#style_Healthy</styleUrl>
          <ExtendedData>
            <Data name="id"><value>2353</value></Data>
            <Data name="Class"><value>Healthy</value></Data>
          </ExtendedData>
          <Point><coordinates>102.669913400,2.743138283,0</coordinates></Point>
        </Placemark>

        <Placemark>
          <name>2354</name>
          <styleUrl>#style_Healthy</styleUrl>
          <ExtendedData>
            <Data name="id"><value>2354</value></Data>
            <Data name="Class"><value>Healthy</value></Data>
          </ExtendedData>
          <Point><coordinates>102.669905900,2.743063123,0</coordinates></Point>
        </Placemark>

        <Placemark>
          <name>2355</name>
          <styleUrl>#style_Healthy</styleUrl>
          <ExtendedData>
            <Data name="id"><value>2355</value></Data>
            <Data name="Class"><value>Healthy</value></Data>
          </ExtendedData>
          <Point><coordinates>102.669903400,2.742971679,0</coordinates></Point>
        </Placemark>

        <Placemark>
          <name>2356</name>
          <styleUrl>#style_Healthy</styleUrl>
          <ExtendedData>
            <Data name="id"><value>2356</value></Data>
            <Data name="Class"><value>Healthy</value></Data>
          </ExtendedData>
          <Point><coordinates>102.669978500,2.742939110,0</coordinates></Point>
        </Placemark>

        <Placemark>
          <name>2357</name>
          <styleUrl>#style_Healthy</styleUrl>
          <ExtendedData>
            <Data name="id"><value>2357</value></Data>
            <Data name="Class"><value>Healthy</value></Data>
          </ExtendedData>
          <Point><coordinates>102.670039900,2.742895267,0</coordinates></Point>
        </Placemark>

        <Placemark>
          <name>2358</name>
          <styleUrl>#style_Healthy</styleUrl>
          <ExtendedData>
            <Data name="id"><value>2358</value></Data>
            <Data name="Class"><value>Healthy</value></Data>
          </ExtendedData>
          <Point><coordinates>102.670107600,2.742925331,0</coordinates></Point>
        </Placemark>

        <Placemark>
          <name>2359</name>
          <styleUrl>#style_Healthy</styleUrl>
          <ExtendedData>
            <Data name="id"><value>2359</value></Data>
            <Data name="Class"><value>Healthy</value></Data>
          </ExtendedData>
          <Point><coordinates>102.670039900,2.742970426,0</coordinates></Point>
        </Placemark>

        <Placemark>
          <name>2360</name>
          <styleUrl>#style_Healthy</styleUrl>
          <ExtendedData>
            <Data name="id"><value>2360</value></Data>
            <Data name="Class"><value>Healthy</value></Data>
          </ExtendedData>
          <Point><coordinates>102.669973500,2.743011764,0</coordinates></Point>
        </Placemark>

        <Placemark>
          <name>2361</name>
          <styleUrl>#style_Healthy</styleUrl>
          <ExtendedData>
            <Data name="id"><value>2361</value></Data>
            <Data name="Class"><value>Healthy</value></Data>
          </ExtendedData>
          <Point><coordinates>102.669977300,2.743099450,0</coordinates></Point>
        </Placemark>

        <Placemark>
          <name>2362</name>
          <styleUrl>#style_Healthy</styleUrl>
          <ExtendedData>
            <Data name="id"><value>2362</value></Data>
            <Data name="Class"><value>Healthy</value></Data>
          </ExtendedData>
          <Point><coordinates>102.670043700,2.743053102,0</coordinates></Point>
        </Placemark>

        <Placemark>
          <name>2363</name>
          <styleUrl>#style_Healthy</styleUrl>
          <ExtendedData>
            <Data name="id"><value>2363</value></Data>
            <Data name="Class"><value>Healthy</value></Data>
          </ExtendedData>
          <Point><coordinates>102.670107600,2.743015522,0</coordinates></Point>
        </Placemark>

        <Placemark>
          <name>2365</name>
          <styleUrl>#style_Healthy</styleUrl>
          <ExtendedData>
            <Data name="id"><value>2365</value></Data>
            <Data name="Class"><value>Healthy</value></Data>
          </ExtendedData>
          <Point><coordinates>102.670179000,2.742892761,0</coordinates></Point>
        </Placemark>

        <Placemark>
          <name>2366</name>
          <styleUrl>#style_Healthy</styleUrl>
          <ExtendedData>
            <Data name="id"><value>2366</value></Data>
            <Data name="Class"><value>Healthy</value></Data>
          </ExtendedData>
          <Point><coordinates>102.670187700,2.742807581,0</coordinates></Point>
        </Placemark>

        <Placemark>
          <name>2367</name>
          <styleUrl>#style_Healthy</styleUrl>
          <ExtendedData>
            <Data name="id"><value>2367</value></Data>
            <Data name="Class"><value>Healthy</value></Data>
          </ExtendedData>
          <Point><coordinates>102.670247900,2.742851424,0</coordinates></Point>
        </Placemark>

        <Placemark>
          <name>2368</name>
          <styleUrl>#style_Healthy</styleUrl>
          <ExtendedData>
            <Data name="id"><value>2368</value></Data>
            <Data name="Class"><value>Healthy</value></Data>
          </ExtendedData>
          <Point><coordinates>102.670319300,2.742891509,0</coordinates></Point>
        </Placemark>

        <Placemark>
          <name>2369</name>
          <styleUrl>#style_Healthy</styleUrl>
          <ExtendedData>
            <Data name="id"><value>2369</value></Data>
            <Data name="Class"><value>Healthy</value></Data>
          </ExtendedData>
          <Point><coordinates>102.670386900,2.742840150,0</coordinates></Point>
        </Placemark>

        <Placemark>
          <name>2371</name>
          <styleUrl>#style_Healthy</styleUrl>
          <ExtendedData>
            <Data name="id"><value>2371</value></Data>
            <Data name="Class"><value>Healthy</value></Data>
          </ExtendedData>
          <Point><coordinates>102.670122600,2.743651873,0</coordinates></Point>
        </Placemark>

        <Placemark>
          <name>2372</name>
          <styleUrl>#style_Healthy</styleUrl>
          <ExtendedData>
            <Data name="id"><value>2372</value></Data>
            <Data name="Class"><value>Healthy</value></Data>
          </ExtendedData>
          <Point><coordinates>102.670189000,2.743690705,0</coordinates></Point>
        </Placemark>

        <Placemark>
          <name>2373</name>
          <styleUrl>#style_Healthy</styleUrl>
          <ExtendedData>
            <Data name="id"><value>2373</value></Data>
            <Data name="Class"><value>Healthy</value></Data>
          </ExtendedData>
          <Point><coordinates>102.670250400,2.743725780,0</coordinates></Point>
        </Placemark>

        <Placemark>
          <name>2374</name>
          <styleUrl>#style_Healthy</styleUrl>
          <ExtendedData>
            <Data name="id"><value>2374</value></Data>
            <Data name="Class"><value>Healthy</value></Data>
          </ExtendedData>
          <Point><coordinates>102.670334300,2.743686947,0</coordinates></Point>
        </Placemark>

        <Placemark>
          <name>2376</name>
          <styleUrl>#style_Healthy</styleUrl>
          <ExtendedData>
            <Data name="id"><value>2376</value></Data>
            <Data name="Class"><value>Healthy</value></Data>
          </ExtendedData>
          <Point><coordinates>102.670260400,2.743564187,0</coordinates></Point>
        </Placemark>

        <Placemark>
          <name>2378</name>
          <styleUrl>#style_Healthy</styleUrl>
          <ExtendedData>
            <Data name="id"><value>2378</value></Data>
            <Data name="Class"><value>Healthy</value></Data>
          </ExtendedData>
          <Point><coordinates>102.670175200,2.743545397,0</coordinates></Point>
        </Placemark>

        <Placemark>
          <name>2379</name>
          <styleUrl>#style_Healthy</styleUrl>
          <ExtendedData>
            <Data name="id"><value>2379</value></Data>
            <Data name="Class"><value>Healthy</value></Data>
          </ExtendedData>
          <Point><coordinates>102.670125100,2.743566692,0</coordinates></Point>
        </Placemark>

        <Placemark>
          <name>2380</name>
          <styleUrl>#style_Healthy</styleUrl>
          <ExtendedData>
            <Data name="id"><value>2380</value></Data>
            <Data name="Class"><value>Healthy</value></Data>
          </ExtendedData>
          <Point><coordinates>102.670116300,2.743490280,0</coordinates></Point>
        </Placemark>

        <Placemark>
          <name>2382</name>
          <styleUrl>#style_Healthy</styleUrl>
          <ExtendedData>
            <Data name="id"><value>2382</value></Data>
            <Data name="Class"><value>Healthy</value></Data>
          </ExtendedData>
          <Point><coordinates>102.670122600,2.743403846,0</coordinates></Point>
        </Placemark>

        <Placemark>
          <name>2383</name>
          <styleUrl>#style_Healthy</styleUrl>
          <ExtendedData>
            <Data name="id"><value>2383</value></Data>
            <Data name="Class"><value>Healthy</value></Data>
          </ExtendedData>
          <Point><coordinates>102.670051200,2.743363761,0</coordinates></Point>
        </Placemark>

        <Placemark>
          <name>2384</name>
          <styleUrl>#style_Healthy</styleUrl>
          <ExtendedData>
            <Data name="id"><value>2384</value></Data>
            <Data name="Class"><value>Healthy</value></Data>
          </ExtendedData>
          <Point><coordinates>102.670041200,2.743297370,0</coordinates></Point>
        </Placemark>

        <Placemark>
          <name>2385</name>
          <styleUrl>#style_Healthy</styleUrl>
          <ExtendedData>
            <Data name="id"><value>2385</value></Data>
            <Data name="Class"><value>Healthy</value></Data>
          </ExtendedData>
          <Point><coordinates>102.670046200,2.743207179,0</coordinates></Point>
        </Placemark>

        <Placemark>
          <name>2386</name>
          <styleUrl>#style_Healthy</styleUrl>
          <ExtendedData>
            <Data name="id"><value>2386</value></Data>
            <Data name="Class"><value>Healthy</value></Data>
          </ExtendedData>
          <Point><coordinates>102.670043700,2.743138283,0</coordinates></Point>
        </Placemark>

        <Placemark>
          <name>2387</name>
          <styleUrl>#style_Healthy</styleUrl>
          <ExtendedData>
            <Data name="id"><value>2387</value></Data>
            <Data name="Class"><value>Healthy</value></Data>
          </ExtendedData>
          <Point><coordinates>102.670115100,2.743173357,0</coordinates></Point>
        </Placemark>

        <Placemark>
          <name>2388</name>
          <styleUrl>#style_Healthy</styleUrl>
          <ExtendedData>
            <Data name="id"><value>2388</value></Data>
            <Data name="Class"><value>Healthy</value></Data>
          </ExtendedData>
          <Point><coordinates>102.670111300,2.743091934,0</coordinates></Point>
        </Placemark>

        <Placemark>
          <name>2389</name>
          <styleUrl>#style_Healthy</styleUrl>
          <ExtendedData>
            <Data name="id"><value>2389</value></Data>
            <Data name="Class"><value>Healthy</value></Data>
          </ExtendedData>
          <Point><coordinates>102.670130100,2.743257285,0</coordinates></Point>
        </Placemark>

        <Placemark>
          <name>2390</name>
          <styleUrl>#style_Healthy</styleUrl>
          <ExtendedData>
            <Data name="id"><value>2390</value></Data>
            <Data name="Class"><value>Healthy</value></Data>
          </ExtendedData>
          <Point><coordinates>102.670113800,2.743332445,0</coordinates></Point>
        </Placemark>

        <Placemark>
          <name>2391</name>
          <styleUrl>#style_Healthy</styleUrl>
          <ExtendedData>
            <Data name="id"><value>2391</value></Data>
            <Data name="Class"><value>Healthy</value></Data>
          </ExtendedData>
          <Point><coordinates>102.670185200,2.743368772,0</coordinates></Point>
        </Placemark>

        <Placemark>
          <name>2392</name>
          <styleUrl>#style_Healthy</styleUrl>
          <ExtendedData>
            <Data name="id"><value>2392</value></Data>
            <Data name="Class"><value>Healthy</value></Data>
          </ExtendedData>
          <Point><coordinates>102.670257900,2.743486522,0</coordinates></Point>
        </Placemark>

        <Placemark>
          <name>2393</name>
          <styleUrl>#style_Healthy</styleUrl>
          <ExtendedData>
            <Data name="id"><value>2393</value></Data>
            <Data name="Class"><value>Healthy</value></Data>
          </ExtendedData>
          <Point><coordinates>102.670259100,2.743406352,0</coordinates></Point>
        </Placemark>

        <Placemark>
          <name>2394</name>
          <styleUrl>#style_Healthy</styleUrl>
          <ExtendedData>
            <Data name="id"><value>2394</value></Data>
            <Data name="Class"><value>Healthy</value></Data>
          </ExtendedData>
          <Point><coordinates>102.670328000,2.743445184,0</coordinates></Point>
        </Placemark>

        <Placemark>
          <name>2395</name>
          <styleUrl>#style_Healthy</styleUrl>
          <ExtendedData>
            <Data name="id"><value>2395</value></Data>
            <Data name="Class"><value>Healthy</value></Data>
          </ExtendedData>
          <Point><coordinates>102.670326800,2.743519091,0</coordinates></Point>
        </Placemark>

        <Placemark>
          <name>2396</name>
          <styleUrl>#style_Healthy</styleUrl>
          <ExtendedData>
            <Data name="id"><value>2396</value></Data>
            <Data name="Class"><value>Healthy</value></Data>
          </ExtendedData>
          <Point><coordinates>102.670328000,2.743610535,0</coordinates></Point>
        </Placemark>

        <Placemark>
          <name>2397</name>
          <styleUrl>#style_Healthy</styleUrl>
          <ExtendedData>
            <Data name="id"><value>2397</value></Data>
            <Data name="Class"><value>Healthy</value></Data>
          </ExtendedData>
          <Point><coordinates>102.670391900,2.743643104,0</coordinates></Point>
        </Placemark>

        <Placemark>
          <name>2400</name>
          <styleUrl>#style_Healthy</styleUrl>
          <ExtendedData>
            <Data name="id"><value>2400</value></Data>
            <Data name="Class"><value>Healthy</value></Data>
          </ExtendedData>
          <Point><coordinates>102.670459600,2.743604272,0</coordinates></Point>
        </Placemark>

        <Placemark>
          <name>2401</name>
          <styleUrl>#style_Healthy</styleUrl>
          <ExtendedData>
            <Data name="id"><value>2401</value></Data>
            <Data name="Class"><value>Healthy</value></Data>
          </ExtendedData>
          <Point><coordinates>102.670394400,2.743562934,0</coordinates></Point>
        </Placemark>

        <Placemark>
          <name>2402</name>
          <styleUrl>#style_Healthy</styleUrl>
          <ExtendedData>
            <Data name="id"><value>2402</value></Data>
            <Data name="Class"><value>Healthy</value></Data>
          </ExtendedData>
          <Point><coordinates>102.670536000,2.743557924,0</coordinates></Point>
        </Placemark>

        <Placemark>
          <name>2404</name>
          <styleUrl>#style_Healthy</styleUrl>
          <ExtendedData>
            <Data name="id"><value>2404</value></Data>
            <Data name="Class"><value>Healthy</value></Data>
          </ExtendedData>
          <Point><coordinates>102.670533500,2.743482764,0</coordinates></Point>
        </Placemark>

        <Placemark>
          <name>2408</name>
          <styleUrl>#style_Healthy</styleUrl>
          <ExtendedData>
            <Data name="id"><value>2408</value></Data>
            <Data name="Class"><value>Healthy</value></Data>
          </ExtendedData>
          <Point><coordinates>102.670390700,2.743410110,0</coordinates></Point>
        </Placemark>

        <Placemark>
          <name>2412</name>
          <styleUrl>#style_Healthy</styleUrl>
          <ExtendedData>
            <Data name="id"><value>2412</value></Data>
            <Data name="Class"><value>Healthy</value></Data>
          </ExtendedData>
          <Point><coordinates>102.670187700,2.743287349,0</coordinates></Point>
        </Placemark>

        <Placemark>
          <name>2413</name>
          <styleUrl>#style_Healthy</styleUrl>
          <ExtendedData>
            <Data name="id"><value>2413</value></Data>
            <Data name="Class"><value>Healthy</value></Data>
          </ExtendedData>
          <Point><coordinates>102.670184000,2.743135777,0</coordinates></Point>
        </Placemark>

        <Placemark>
          <name>2414</name>
          <styleUrl>#style_Healthy</styleUrl>
          <ExtendedData>
            <Data name="id"><value>2414</value></Data>
            <Data name="Class"><value>Healthy</value></Data>
          </ExtendedData>
          <Point><coordinates>102.670184000,2.743044333,0</coordinates></Point>
        </Placemark>

        <Placemark>
          <name>2415</name>
          <styleUrl>#style_Healthy</styleUrl>
          <ExtendedData>
            <Data name="id"><value>2415</value></Data>
            <Data name="Class"><value>Healthy</value></Data>
          </ExtendedData>
          <Point><coordinates>102.670254100,2.743014269,0</coordinates></Point>
        </Placemark>

        <Placemark>
          <name>2416</name>
          <styleUrl>#style_Healthy</styleUrl>
          <ExtendedData>
            <Data name="id"><value>2416</value></Data>
            <Data name="Class"><value>Healthy</value></Data>
          </ExtendedData>
          <Point><coordinates>102.670251600,2.743091934,0</coordinates></Point>
        </Placemark>

        <Placemark>
          <name>2417</name>
          <styleUrl>#style_Healthy</styleUrl>
          <ExtendedData>
            <Data name="id"><value>2417</value></Data>
            <Data name="Class"><value>Healthy</value></Data>
          </ExtendedData>
          <Point><coordinates>102.670250400,2.743172104,0</coordinates></Point>
        </Placemark>

        <Placemark>
          <name>2418</name>
          <styleUrl>#style_Healthy</styleUrl>
          <ExtendedData>
            <Data name="id"><value>2418</value></Data>
            <Data name="Class"><value>Healthy</value></Data>
          </ExtendedData>
          <Point><coordinates>102.670320500,2.742970426,0</coordinates></Point>
        </Placemark>

        <Placemark>
          <name>2419</name>
          <styleUrl>#style_Healthy</styleUrl>
          <ExtendedData>
            <Data name="id"><value>2419</value></Data>
            <Data name="Class"><value>Healthy</value></Data>
          </ExtendedData>
          <Point><coordinates>102.670390700,2.742925331,0</coordinates></Point>
        </Placemark>

        <Placemark>
          <name>2420</name>
          <styleUrl>#style_Healthy</styleUrl>
          <ExtendedData>
            <Data name="id"><value>2420</value></Data>
            <Data name="Class"><value>Healthy</value></Data>
          </ExtendedData>
          <Point><coordinates>102.670454600,2.742887751,0</coordinates></Point>
        </Placemark>

        <Placemark>
          <name>2421</name>
          <styleUrl>#style_Healthy</styleUrl>
          <ExtendedData>
            <Data name="id"><value>2421</value></Data>
            <Data name="Class"><value>Healthy</value></Data>
          </ExtendedData>
          <Point><coordinates>102.670531000,2.742925331,0</coordinates></Point>
        </Placemark>

        <Placemark>
          <name>2422</name>
          <styleUrl>#style_Healthy</styleUrl>
          <ExtendedData>
            <Data name="id"><value>2422</value></Data>
            <Data name="Class"><value>Healthy</value></Data>
          </ExtendedData>
          <Point><coordinates>102.670594900,2.742881488,0</coordinates></Point>
        </Placemark>

        <Placemark>
          <name>2423</name>
          <styleUrl>#style_Healthy</styleUrl>
          <ExtendedData>
            <Data name="id"><value>2423</value></Data>
            <Data name="Class"><value>Healthy</value></Data>
          </ExtendedData>
          <Point><coordinates>102.670666300,2.742926583,0</coordinates></Point>
        </Placemark>

        <Placemark>
          <name>2424</name>
          <styleUrl>#style_Healthy</styleUrl>
          <ExtendedData>
            <Data name="id"><value>2424</value></Data>
            <Data name="Class"><value>Healthy</value></Data>
          </ExtendedData>
          <Point><coordinates>102.670733900,2.742956647,0</coordinates></Point>
        </Placemark>

        <Placemark>
          <name>2425</name>
          <styleUrl>#style_Healthy</styleUrl>
          <ExtendedData>
            <Data name="id"><value>2425</value></Data>
            <Data name="Class"><value>Healthy</value></Data>
          </ExtendedData>
          <Point><coordinates>102.670736400,2.743038070,0</coordinates></Point>
        </Placemark>

        <Placemark>
          <name>2429</name>
          <styleUrl>#style_Healthy</styleUrl>
          <ExtendedData>
            <Data name="id"><value>2429</value></Data>
            <Data name="Class"><value>Healthy</value></Data>
          </ExtendedData>
          <Point><coordinates>102.670536000,2.743403846,0</coordinates></Point>
        </Placemark>

        <Placemark>
          <name>2430</name>
          <styleUrl>#style_Healthy</styleUrl>
          <ExtendedData>
            <Data name="id"><value>2430</value></Data>
            <Data name="Class"><value>Healthy</value></Data>
          </ExtendedData>
          <Point><coordinates>102.670465800,2.743362509,0</coordinates></Point>
        </Placemark>

        <Placemark>
          <name>2431</name>
          <styleUrl>#style_Healthy</styleUrl>
          <ExtendedData>
            <Data name="id"><value>2431</value></Data>
            <Data name="Class"><value>Healthy</value></Data>
          </ExtendedData>
          <Point><coordinates>102.670396900,2.743322424,0</coordinates></Point>
        </Placemark>

        <Placemark>
          <name>2433</name>
          <styleUrl>#style_Healthy</styleUrl>
          <ExtendedData>
            <Data name="id"><value>2433</value></Data>
            <Data name="Class"><value>Healthy</value></Data>
          </ExtendedData>
          <Point><coordinates>102.670324300,2.743210937,0</coordinates></Point>
        </Placemark>

        <Placemark>
          <name>2434</name>
          <styleUrl>#style_Healthy</styleUrl>
          <ExtendedData>
            <Data name="id"><value>2434</value></Data>
            <Data name="Class"><value>Healthy</value></Data>
          </ExtendedData>
          <Point><coordinates>102.670323000,2.743128261,0</coordinates></Point>
        </Placemark>

        <Placemark>
          <name>2435</name>
          <styleUrl>#style_Healthy</styleUrl>
          <ExtendedData>
            <Data name="id"><value>2435</value></Data>
            <Data name="Class"><value>Healthy</value></Data>
          </ExtendedData>
          <Point><coordinates>102.670319300,2.743049344,0</coordinates></Point>
        </Placemark>

        <Placemark>
          <name>2436</name>
          <styleUrl>#style_Healthy</styleUrl>
          <ExtendedData>
            <Data name="id"><value>2436</value></Data>
            <Data name="Class"><value>Healthy</value></Data>
          </ExtendedData>
          <Point><coordinates>102.670389400,2.743086924,0</coordinates></Point>
        </Placemark>

        <Placemark>
          <name>2437</name>
          <styleUrl>#style_Healthy</styleUrl>
          <ExtendedData>
            <Data name="id"><value>2437</value></Data>
            <Data name="Class"><value>Healthy</value></Data>
          </ExtendedData>
          <Point><coordinates>102.670395700,2.743005501,0</coordinates></Point>
        </Placemark>

        <Placemark>
          <name>2438</name>
          <styleUrl>#style_Healthy</styleUrl>
          <ExtendedData>
            <Data name="id"><value>2438</value></Data>
            <Data name="Class"><value>Healthy</value></Data>
          </ExtendedData>
          <Point><coordinates>102.670388200,2.743159578,0</coordinates></Point>
        </Placemark>

        <Placemark>
          <name>2439</name>
          <styleUrl>#style_Healthy</styleUrl>
          <ExtendedData>
            <Data name="id"><value>2439</value></Data>
            <Data name="Class"><value>Healthy</value></Data>
          </ExtendedData>
          <Point><coordinates>102.670465800,2.743287349,0</coordinates></Point>
        </Placemark>

        <Placemark>
          <name>2440</name>
          <styleUrl>#style_Healthy</styleUrl>
          <ExtendedData>
            <Data name="id"><value>2440</value></Data>
            <Data name="Class"><value>Healthy</value></Data>
          </ExtendedData>
          <Point><coordinates>102.670529700,2.743324929,0</coordinates></Point>
        </Placemark>

        <Placemark>
          <name>2443</name>
          <styleUrl>#style_Healthy</styleUrl>
          <ExtendedData>
            <Data name="id"><value>2443</value></Data>
            <Data name="Class"><value>Healthy</value></Data>
          </ExtendedData>
          <Point><coordinates>102.670672500,2.743159578,0</coordinates></Point>
        </Placemark>

        <Placemark>
          <name>2444</name>
          <styleUrl>#style_Healthy</styleUrl>
          <ExtendedData>
            <Data name="id"><value>2444</value></Data>
            <Data name="Class"><value>Healthy</value></Data>
          </ExtendedData>
          <Point><coordinates>102.670672500,2.743083166,0</coordinates></Point>
        </Placemark>

        <Placemark>
          <name>2445</name>
          <styleUrl>#style_Healthy</styleUrl>
          <ExtendedData>
            <Data name="id"><value>2445</value></Data>
            <Data name="Class"><value>Healthy</value></Data>
          </ExtendedData>
          <Point><coordinates>102.670666300,2.743004248,0</coordinates></Point>
        </Placemark>

        <Placemark>
          <name>2446</name>
          <styleUrl>#style_Healthy</styleUrl>
          <ExtendedData>
            <Data name="id"><value>2446</value></Data>
            <Data name="Class"><value>Healthy</value></Data>
          </ExtendedData>
          <Point><coordinates>102.670599900,2.742964163,0</coordinates></Point>
        </Placemark>

        <Placemark>
          <name>2447</name>
          <styleUrl>#style_Healthy</styleUrl>
          <ExtendedData>
            <Data name="id"><value>2447</value></Data>
            <Data name="Class"><value>Healthy</value></Data>
          </ExtendedData>
          <Point><coordinates>102.670602400,2.743039323,0</coordinates></Point>
        </Placemark>

        <Placemark>
          <name>2448</name>
          <styleUrl>#style_Healthy</styleUrl>
          <ExtendedData>
            <Data name="id"><value>2448</value></Data>
            <Data name="Class"><value>Healthy</value></Data>
          </ExtendedData>
          <Point><coordinates>102.670533500,2.743011764,0</coordinates></Point>
        </Placemark>

        <Placemark>
          <name>2449</name>
          <styleUrl>#style_Healthy</styleUrl>
          <ExtendedData>
            <Data name="id"><value>2449</value></Data>
            <Data name="Class"><value>Healthy</value></Data>
          </ExtendedData>
          <Point><coordinates>102.670462100,2.742962910,0</coordinates></Point>
        </Placemark>

        <Placemark>
          <name>2450</name>
          <styleUrl>#style_Healthy</styleUrl>
          <ExtendedData>
            <Data name="id"><value>2450</value></Data>
            <Data name="Class"><value>Healthy</value></Data>
          </ExtendedData>
          <Point><coordinates>102.670464600,2.743045586,0</coordinates></Point>
        </Placemark>

        <Placemark>
          <name>2451</name>
          <styleUrl>#style_Healthy</styleUrl>
          <ExtendedData>
            <Data name="id"><value>2451</value></Data>
            <Data name="Class"><value>Healthy</value></Data>
          </ExtendedData>
          <Point><coordinates>102.670532200,2.743089429,0</coordinates></Point>
        </Placemark>

        <Placemark>
          <name>2452</name>
          <styleUrl>#style_Healthy</styleUrl>
          <ExtendedData>
            <Data name="id"><value>2452</value></Data>
            <Data name="Class"><value>Healthy</value></Data>
          </ExtendedData>
          <Point><coordinates>102.670602400,2.743119493,0</coordinates></Point>
        </Placemark>

        <Placemark>
          <name>2453</name>
          <styleUrl>#style_Healthy</styleUrl>
          <ExtendedData>
            <Data name="id"><value>2453</value></Data>
            <Data name="Class"><value>Healthy</value></Data>
          </ExtendedData>
          <Point><coordinates>102.670596100,2.743203421,0</coordinates></Point>
        </Placemark>

        <Placemark>
          <name>2454</name>
          <styleUrl>#style_Healthy</styleUrl>
          <ExtendedData>
            <Data name="id"><value>2454</value></Data>
            <Data name="Class"><value>Healthy</value></Data>
          </ExtendedData>
          <Point><coordinates>102.670532200,2.743248517,0</coordinates></Point>
        </Placemark>

        <Placemark>
          <name>2455</name>
          <styleUrl>#style_Healthy</styleUrl>
          <ExtendedData>
            <Data name="id"><value>2455</value></Data>
            <Data name="Class"><value>Healthy</value></Data>
          </ExtendedData>
          <Point><coordinates>102.670464600,2.743207179,0</coordinates></Point>
        </Placemark>

        <Placemark>
          <name>2456</name>
          <styleUrl>#style_Healthy</styleUrl>
          <ExtendedData>
            <Data name="id"><value>2456</value></Data>
            <Data name="Class"><value>Healthy</value></Data>
          </ExtendedData>
          <Point><coordinates>102.670462100,2.743121998,0</coordinates></Point>
        </Placemark>

        <Placemark>
          <name>2457</name>
          <styleUrl>#style_Healthy</styleUrl>
          <ExtendedData>
            <Data name="id"><value>2457</value></Data>
            <Data name="Class"><value>Healthy</value></Data>
          </ExtendedData>
          <Point><coordinates>102.670529700,2.743158325,0</coordinates></Point>
        </Placemark>

        <Placemark>
          <name>2459</name>
          <styleUrl>#style_Healthy</styleUrl>
          <ExtendedData>
            <Data name="id"><value>2459</value></Data>
            <Data name="Class"><value>Healthy</value></Data>
          </ExtendedData>
          <Point><coordinates>102.670671300,2.743638094,0</coordinates></Point>
        </Placemark>

        <Placemark>
          <name>2463</name>
          <styleUrl>#style_Healthy</styleUrl>
          <ExtendedData>
            <Data name="id"><value>2463</value></Data>
            <Data name="Class"><value>Healthy</value></Data>
          </ExtendedData>
          <Point><coordinates>102.670741400,2.743440174,0</coordinates></Point>
        </Placemark>

        <Placemark>
          <name>2464</name>
          <styleUrl>#style_Healthy</styleUrl>
          <ExtendedData>
            <Data name="id"><value>2464</value></Data>
            <Data name="Class"><value>Healthy</value></Data>
          </ExtendedData>
          <Point><coordinates>102.670737700,2.743519091,0</coordinates></Point>
        </Placemark>

        <Placemark>
          <name>2465</name>
          <styleUrl>#style_Healthy</styleUrl>
          <ExtendedData>
            <Data name="id"><value>2465</value></Data>
            <Data name="Class"><value>Healthy</value></Data>
          </ExtendedData>
          <Point><coordinates>102.670815300,2.743556671,0</coordinates></Point>
        </Placemark>

        <Placemark>
          <name>2467</name>
          <styleUrl>#style_Healthy</styleUrl>
          <ExtendedData>
            <Data name="id"><value>2467</value></Data>
            <Data name="Class"><value>Healthy</value></Data>
          </ExtendedData>
          <Point><coordinates>102.670876700,2.743599261,0</coordinates></Point>
        </Placemark>

        <Placemark>
          <name>2470</name>
          <styleUrl>#style_Healthy</styleUrl>
          <ExtendedData>
            <Data name="id"><value>2470</value></Data>
            <Data name="Class"><value>Healthy</value></Data>
          </ExtendedData>
          <Point><coordinates>102.671015700,2.743598009,0</coordinates></Point>
        </Placemark>

        <Placemark>
          <name>2471</name>
          <styleUrl>#style_Healthy</styleUrl>
          <ExtendedData>
            <Data name="id"><value>2471</value></Data>
            <Data name="Class"><value>Healthy</value></Data>
          </ExtendedData>
          <Point><coordinates>102.670945600,2.743557924,0</coordinates></Point>
        </Placemark>

        <Placemark>
          <name>2472</name>
          <styleUrl>#style_Healthy</styleUrl>
          <ExtendedData>
            <Data name="id"><value>2472</value></Data>
            <Data name="Class"><value>Healthy</value></Data>
          </ExtendedData>
          <Point><coordinates>102.670872900,2.743517838,0</coordinates></Point>
        </Placemark>

        <Placemark>
          <name>2473</name>
          <styleUrl>#style_Healthy</styleUrl>
          <ExtendedData>
            <Data name="id"><value>2473</value></Data>
            <Data name="Class"><value>Healthy</value></Data>
          </ExtendedData>
          <Point><coordinates>102.670809100,2.743482764,0</coordinates></Point>
        </Placemark>

        <Placemark>
          <name>2474</name>
          <styleUrl>#style_Healthy</styleUrl>
          <ExtendedData>
            <Data name="id"><value>2474</value></Data>
            <Data name="Class"><value>Healthy</value></Data>
          </ExtendedData>
          <Point><coordinates>102.670807800,2.743393825,0</coordinates></Point>
        </Placemark>

        <Placemark>
          <name>2477</name>
          <styleUrl>#style_Healthy</styleUrl>
          <ExtendedData>
            <Data name="id"><value>2477</value></Data>
            <Data name="Class"><value>Healthy</value></Data>
          </ExtendedData>
          <Point><coordinates>102.670810300,2.743080660,0</coordinates></Point>
        </Placemark>

        <Placemark>
          <name>2478</name>
          <styleUrl>#style_Healthy</styleUrl>
          <ExtendedData>
            <Data name="id"><value>2478</value></Data>
            <Data name="Class"><value>Healthy</value></Data>
          </ExtendedData>
          <Point><coordinates>102.670806600,2.742997985,0</coordinates></Point>
        </Placemark>

        <Placemark>
          <name>2480</name>
          <styleUrl>#style_Healthy</styleUrl>
          <ExtendedData>
            <Data name="id"><value>2480</value></Data>
            <Data name="Class"><value>Healthy</value></Data>
          </ExtendedData>
          <Point><coordinates>102.670943100,2.742996732,0</coordinates></Point>
        </Placemark>

        <Placemark>
          <name>2482</name>
          <styleUrl>#style_Healthy</styleUrl>
          <ExtendedData>
            <Data name="id"><value>2482</value></Data>
            <Data name="Class"><value>Healthy</value></Data>
          </ExtendedData>
          <Point><coordinates>102.671012000,2.743118240,0</coordinates></Point>
        </Placemark>

        <Placemark>
          <name>2483</name>
          <styleUrl>#style_Healthy</styleUrl>
          <ExtendedData>
            <Data name="id"><value>2483</value></Data>
            <Data name="Class"><value>Healthy</value></Data>
          </ExtendedData>
          <Point><coordinates>102.670939300,2.743158325,0</coordinates></Point>
        </Placemark>

        <Placemark>
          <name>2484</name>
          <styleUrl>#style_Healthy</styleUrl>
          <ExtendedData>
            <Data name="id"><value>2484</value></Data>
            <Data name="Class"><value>Healthy</value></Data>
          </ExtendedData>
          <Point><coordinates>102.670874200,2.743116987,0</coordinates></Point>
        </Placemark>

        <Placemark>
          <name>2486</name>
          <styleUrl>#style_Healthy</styleUrl>
          <ExtendedData>
            <Data name="id"><value>2486</value></Data>
            <Data name="Class"><value>Healthy</value></Data>
          </ExtendedData>
          <Point><coordinates>102.670875400,2.743282339,0</coordinates></Point>
        </Placemark>

        <Placemark>
          <name>2487</name>
          <styleUrl>#style_Healthy</styleUrl>
          <ExtendedData>
            <Data name="id"><value>2487</value></Data>
            <Data name="Class"><value>Healthy</value></Data>
          </ExtendedData>
          <Point><coordinates>102.670876700,2.743351235,0</coordinates></Point>
        </Placemark>

        <Placemark>
          <name>2488</name>
          <styleUrl>#style_Healthy</styleUrl>
          <ExtendedData>
            <Data name="id"><value>2488</value></Data>
            <Data name="Class"><value>Healthy</value></Data>
          </ExtendedData>
          <Point><coordinates>102.670878000,2.743437668,0</coordinates></Point>
        </Placemark>

        <Placemark>
          <name>2489</name>
          <styleUrl>#style_Healthy</styleUrl>
          <ExtendedData>
            <Data name="id"><value>2489</value></Data>
            <Data name="Class"><value>Healthy</value></Data>
          </ExtendedData>
          <Point><coordinates>102.670941800,2.743480259,0</coordinates></Point>
        </Placemark>

        <Placemark>
          <name>2490</name>
          <styleUrl>#style_Healthy</styleUrl>
          <ExtendedData>
            <Data name="id"><value>2490</value></Data>
            <Data name="Class"><value>Healthy</value></Data>
          </ExtendedData>
          <Point><coordinates>102.671014500,2.743435163,0</coordinates></Point>
        </Placemark>

        <Placemark>
          <name>2491</name>
          <styleUrl>#style_Healthy</styleUrl>
          <ExtendedData>
            <Data name="id"><value>2491</value></Data>
            <Data name="Class"><value>Healthy</value></Data>
          </ExtendedData>
          <Point><coordinates>102.670940600,2.743397583,0</coordinates></Point>
        </Placemark>

        <Placemark>
          <name>2494</name>
          <styleUrl>#style_Healthy</styleUrl>
          <ExtendedData>
            <Data name="id"><value>2494</value></Data>
            <Data name="Class"><value>Healthy</value></Data>
          </ExtendedData>
          <Point><coordinates>102.671013200,2.743199663,0</coordinates></Point>
        </Placemark>

        <Placemark>
          <name>2495</name>
          <styleUrl>#style_Healthy</styleUrl>
          <ExtendedData>
            <Data name="id"><value>2495</value></Data>
            <Data name="Class"><value>Healthy</value></Data>
          </ExtendedData>
          <Point><coordinates>102.671080900,2.743158325,0</coordinates></Point>
        </Placemark>

        <Placemark>
          <name>2502</name>
          <styleUrl>#style_Healthy</styleUrl>
          <ExtendedData>
            <Data name="id"><value>2502</value></Data>
            <Data name="Class"><value>Healthy</value></Data>
          </ExtendedData>
          <Point><coordinates>102.671354000,2.743078155,0</coordinates></Point>
        </Placemark>

        <Placemark>
          <name>2506</name>
          <styleUrl>#style_Healthy</styleUrl>
          <ExtendedData>
            <Data name="id"><value>2506</value></Data>
            <Data name="Class"><value>Healthy</value></Data>
          </ExtendedData>
          <Point><coordinates>102.671151000,2.743192147,0</coordinates></Point>
        </Placemark>

        <Placemark>
          <name>2507</name>
          <styleUrl>#style_Healthy</styleUrl>
          <ExtendedData>
            <Data name="id"><value>2507</value></Data>
            <Data name="Class"><value>Healthy</value></Data>
          </ExtendedData>
          <Point><coordinates>102.671148500,2.743110724,0</coordinates></Point>
        </Placemark>

        <Placemark>
          <name>2509</name>
          <styleUrl>#style_Healthy</styleUrl>
          <ExtendedData>
            <Data name="id"><value>2509</value></Data>
            <Data name="Class"><value>Healthy</value></Data>
          </ExtendedData>
          <Point><coordinates>102.671354000,2.743153315,0</coordinates></Point>
        </Placemark>

        <Placemark>
          <name>2511</name>
          <styleUrl>#style_Healthy</styleUrl>
          <ExtendedData>
            <Data name="id"><value>2511</value></Data>
            <Data name="Class"><value>Healthy</value></Data>
          </ExtendedData>
          <Point><coordinates>102.671494300,2.743160831,0</coordinates></Point>
        </Placemark>

        <Placemark>
          <name>2514</name>
          <styleUrl>#style_Healthy</styleUrl>
          <ExtendedData>
            <Data name="id"><value>2514</value></Data>
            <Data name="Class"><value>Healthy</value></Data>
          </ExtendedData>
          <Point><coordinates>102.671494300,2.743233485,0</coordinates></Point>
        </Placemark>

        <Placemark>
          <name>2517</name>
          <styleUrl>#style_Healthy</styleUrl>
          <ExtendedData>
            <Data name="id"><value>2517</value></Data>
            <Data name="Class"><value>Healthy</value></Data>
          </ExtendedData>
          <Point><coordinates>102.671558100,2.743507817,0</coordinates></Point>
        </Placemark>

        <Placemark>
          <name>2522</name>
          <styleUrl>#style_Healthy</styleUrl>
          <ExtendedData>
            <Data name="id"><value>2522</value></Data>
            <Data name="Class"><value>Healthy</value></Data>
          </ExtendedData>
          <Point><coordinates>102.671292600,2.743598009,0</coordinates></Point>
        </Placemark>

        <Placemark>
          <name>2524</name>
          <styleUrl>#style_Healthy</styleUrl>
          <ExtendedData>
            <Data name="id"><value>2524</value></Data>
            <Data name="Class"><value>Healthy</value></Data>
          </ExtendedData>
          <Point><coordinates>102.671088400,2.743549155,0</coordinates></Point>
        </Placemark>

        <Placemark>
          <name>2525</name>
          <styleUrl>#style_Healthy</styleUrl>
          <ExtendedData>
            <Data name="id"><value>2525</value></Data>
            <Data name="Class"><value>Healthy</value></Data>
          </ExtendedData>
          <Point><coordinates>102.671014500,2.743514080,0</coordinates></Point>
        </Placemark>

        <Placemark>
          <name>2526</name>
          <styleUrl>#style_Healthy</styleUrl>
          <ExtendedData>
            <Data name="id"><value>2526</value></Data>
            <Data name="Class"><value>Healthy</value></Data>
          </ExtendedData>
          <Point><coordinates>102.671084600,2.743473995,0</coordinates></Point>
        </Placemark>

        <Placemark>
          <name>2527</name>
          <styleUrl>#style_Healthy</styleUrl>
          <ExtendedData>
            <Data name="id"><value>2527</value></Data>
            <Data name="Class"><value>Healthy</value></Data>
          </ExtendedData>
          <Point><coordinates>102.671089700,2.743391320,0</coordinates></Point>
        </Placemark>

        <Placemark>
          <name>2528</name>
          <styleUrl>#style_Healthy</styleUrl>
          <ExtendedData>
            <Data name="id"><value>2528</value></Data>
            <Data name="Class"><value>Healthy</value></Data>
          </ExtendedData>
          <Point><coordinates>102.671088400,2.743323676,0</coordinates></Point>
        </Placemark>

        <Placemark>
          <name>2529</name>
          <styleUrl>#style_Healthy</styleUrl>
          <ExtendedData>
            <Data name="id"><value>2529</value></Data>
            <Data name="Class"><value>Healthy</value></Data>
          </ExtendedData>
          <Point><coordinates>102.671154800,2.743353740,0</coordinates></Point>
        </Placemark>

        <Placemark>
          <name>2530</name>
          <styleUrl>#style_Healthy</styleUrl>
          <ExtendedData>
            <Data name="id"><value>2530</value></Data>
            <Data name="Class"><value>Healthy</value></Data>
          </ExtendedData>
          <Point><coordinates>102.671157300,2.743268559,0</coordinates></Point>
        </Placemark>

        <Placemark>
          <name>2531</name>
          <styleUrl>#style_Healthy</styleUrl>
          <ExtendedData>
            <Data name="id"><value>2531</value></Data>
            <Data name="Class"><value>Healthy</value></Data>
          </ExtendedData>
          <Point><coordinates>102.671219900,2.743235990,0</coordinates></Point>
        </Placemark>

        <Placemark>
          <name>2532</name>
          <styleUrl>#style_Healthy</styleUrl>
          <ExtendedData>
            <Data name="id"><value>2532</value></Data>
            <Data name="Class"><value>Healthy</value></Data>
          </ExtendedData>
          <Point><coordinates>102.671287600,2.743194652,0</coordinates></Point>
        </Placemark>

        <Placemark>
          <name>2533</name>
          <styleUrl>#style_Healthy</styleUrl>
          <ExtendedData>
            <Data name="id"><value>2533</value></Data>
            <Data name="Class"><value>Healthy</value></Data>
          </ExtendedData>
          <Point><coordinates>102.671354000,2.743230979,0</coordinates></Point>
        </Placemark>

        <Placemark>
          <name>2534</name>
          <styleUrl>#style_Healthy</styleUrl>
          <ExtendedData>
            <Data name="id"><value>2534</value></Data>
            <Data name="Class"><value>Healthy</value></Data>
          </ExtendedData>
          <Point><coordinates>102.671421600,2.743272317,0</coordinates></Point>
        </Placemark>

        <Placemark>
          <name>2535</name>
          <styleUrl>#style_Healthy</styleUrl>
          <ExtendedData>
            <Data name="id"><value>2535</value></Data>
            <Data name="Class"><value>Healthy</value></Data>
          </ExtendedData>
          <Point><coordinates>102.671493000,2.743309897,0</coordinates></Point>
        </Placemark>

        <Placemark>
          <name>2537</name>
          <styleUrl>#style_Healthy</styleUrl>
          <ExtendedData>
            <Data name="id"><value>2537</value></Data>
            <Data name="Class"><value>Healthy</value></Data>
          </ExtendedData>
          <Point><coordinates>102.671427900,2.743351235,0</coordinates></Point>
        </Placemark>

        <Placemark>
          <name>2538</name>
          <styleUrl>#style_Healthy</styleUrl>
          <ExtendedData>
            <Data name="id"><value>2538</value></Data>
            <Data name="Class"><value>Healthy</value></Data>
          </ExtendedData>
          <Point><coordinates>102.671430400,2.743430152,0</coordinates></Point>
        </Placemark>

        <Placemark>
          <name>2539</name>
          <styleUrl>#style_Healthy</styleUrl>
          <ExtendedData>
            <Data name="id"><value>2539</value></Data>
            <Data name="Class"><value>Healthy</value></Data>
          </ExtendedData>
          <Point><coordinates>102.671432900,2.743506565,0</coordinates></Point>
        </Placemark>

        <Placemark>
          <name>2540</name>
          <styleUrl>#style_Healthy</styleUrl>
          <ExtendedData>
            <Data name="id"><value>2540</value></Data>
            <Data name="Class"><value>Healthy</value></Data>
          </ExtendedData>
          <Point><coordinates>102.671357700,2.743554166,0</coordinates></Point>
        </Placemark>

        <Placemark>
          <name>2541</name>
          <styleUrl>#style_Healthy</styleUrl>
          <ExtendedData>
            <Data name="id"><value>2541</value></Data>
            <Data name="Class"><value>Healthy</value></Data>
          </ExtendedData>
          <Point><coordinates>102.671292600,2.743509070,0</coordinates></Point>
        </Placemark>

        <Placemark>
          <name>2542</name>
          <styleUrl>#style_Healthy</styleUrl>
          <ExtendedData>
            <Data name="id"><value>2542</value></Data>
            <Data name="Class"><value>Healthy</value></Data>
          </ExtendedData>
          <Point><coordinates>102.671223700,2.743552913,0</coordinates></Point>
        </Placemark>

        <Placemark>
          <name>2543</name>
          <styleUrl>#style_Healthy</styleUrl>
          <ExtendedData>
            <Data name="id"><value>2543</value></Data>
            <Data name="Class"><value>Healthy</value></Data>
          </ExtendedData>
          <Point><coordinates>102.671157300,2.743512828,0</coordinates></Point>
        </Placemark>

        <Placemark>
          <name>2545</name>
          <styleUrl>#style_Healthy</styleUrl>
          <ExtendedData>
            <Data name="id"><value>2545</value></Data>
            <Data name="Class"><value>Healthy</value></Data>
          </ExtendedData>
          <Point><coordinates>102.671222400,2.743471490,0</coordinates></Point>
        </Placemark>

        <Placemark>
          <name>2547</name>
          <styleUrl>#style_Healthy</styleUrl>
          <ExtendedData>
            <Data name="id"><value>2547</value></Data>
            <Data name="Class"><value>Healthy</value></Data>
          </ExtendedData>
          <Point><coordinates>102.671224900,2.743312402,0</coordinates></Point>
        </Placemark>

        <Placemark>
          <name>2548</name>
          <styleUrl>#style_Healthy</styleUrl>
          <ExtendedData>
            <Data name="id"><value>2548</value></Data>
            <Data name="Class"><value>Healthy</value></Data>
          </ExtendedData>
          <Point><coordinates>102.671287600,2.743274823,0</coordinates></Point>
        </Placemark>

        <Placemark>
          <name>2550</name>
          <styleUrl>#style_Healthy</styleUrl>
          <ExtendedData>
            <Data name="id"><value>2550</value></Data>
            <Data name="Class"><value>Healthy</value></Data>
          </ExtendedData>
          <Point><coordinates>102.671361500,2.743386309,0</coordinates></Point>
        </Placemark>

        <Placemark>
          <name>2551</name>
          <styleUrl>#style_Healthy</styleUrl>
          <ExtendedData>
            <Data name="id"><value>2551</value></Data>
            <Data name="Class"><value>Healthy</value></Data>
          </ExtendedData>
          <Point><coordinates>102.671349000,2.743477753,0</coordinates></Point>
        </Placemark>

        <Placemark>
          <name>2552</name>
          <styleUrl>#style_Healthy</styleUrl>
          <ExtendedData>
            <Data name="id"><value>2552</value></Data>
            <Data name="Class"><value>Healthy</value></Data>
          </ExtendedData>
          <Point><coordinates>102.671288800,2.743428900,0</coordinates></Point>
        </Placemark>

        <Placemark>
          <name>2553</name>
          <styleUrl>#style_Healthy</styleUrl>
          <ExtendedData>
            <Data name="id"><value>2553</value></Data>
            <Data name="Class"><value>Healthy</value></Data>
          </ExtendedData>
          <Point><coordinates>102.671536900,2.742848918,0</coordinates></Point>
        </Placemark>

        <Placemark>
          <name>2554</name>
          <styleUrl>#style_Healthy</styleUrl>
          <ExtendedData>
            <Data name="id"><value>2554</value></Data>
            <Data name="Class"><value>Healthy</value></Data>
          </ExtendedData>
          <Point><coordinates>102.671417800,2.742890256,0</coordinates></Point>
        </Placemark>

        <Placemark>
          <name>2555</name>
          <styleUrl>#style_Healthy</styleUrl>
          <ExtendedData>
            <Data name="id"><value>2555</value></Data>
            <Data name="Class"><value>Healthy</value></Data>
          </ExtendedData>
          <Point><coordinates>102.671437600,2.744946496,0</coordinates></Point>
        </Placemark>

        <Placemark>
          <name>2556</name>
          <styleUrl>#style_Healthy</styleUrl>
          <ExtendedData>
            <Data name="id"><value>2556</value></Data>
            <Data name="Class"><value>Healthy</value></Data>
          </ExtendedData>
          <Point><coordinates>102.669720200,2.745245256,0</coordinates></Point>
        </Placemark>

        <Placemark>
          <name>2557</name>
          <styleUrl>#style_Healthy</styleUrl>
          <ExtendedData>
            <Data name="id"><value>2557</value></Data>
            <Data name="Class"><value>Healthy</value></Data>
          </ExtendedData>
          <Point><coordinates>102.670060000,2.744324864,0</coordinates></Point>
        </Placemark>

        <Placemark>
          <name>2559</name>
          <styleUrl>#style_Healthy</styleUrl>
          <ExtendedData>
            <Data name="id"><value>2559</value></Data>
            <Data name="Class"><value>Healthy</value></Data>
          </ExtendedData>
          <Point><coordinates>102.670052400,2.744167029,0</coordinates></Point>
        </Placemark>

        <Placemark>
          <name>2560</name>
          <styleUrl>#style_Healthy</styleUrl>
          <ExtendedData>
            <Data name="id"><value>2560</value></Data>
            <Data name="Class"><value>Healthy</value></Data>
          </ExtendedData>
          <Point><coordinates>102.670055000,2.744084354,0</coordinates></Point>
        </Placemark>

        <Placemark>
          <name>2561</name>
          <styleUrl>#style_Healthy</styleUrl>
          <ExtendedData>
            <Data name="id"><value>2561</value></Data>
            <Data name="Class"><value>Healthy</value></Data>
          </ExtendedData>
          <Point><coordinates>102.670051200,2.744010447,0</coordinates></Point>
        </Placemark>

        <Placemark>
          <name>2562</name>
          <styleUrl>#style_Healthy</styleUrl>
          <ExtendedData>
            <Data name="id"><value>2562</value></Data>
            <Data name="Class"><value>Healthy</value></Data>
          </ExtendedData>
          <Point><coordinates>102.670049900,2.743922761,0</coordinates></Point>
        </Placemark>

        <Placemark>
          <name>2564</name>
          <styleUrl>#style_Healthy</styleUrl>
          <ExtendedData>
            <Data name="id"><value>2564</value></Data>
            <Data name="Class"><value>Healthy</value></Data>
          </ExtendedData>
          <Point><coordinates>102.670046200,2.743852612,0</coordinates></Point>
        </Placemark>

        <Placemark>
          <name>2565</name>
          <styleUrl>#style_Healthy</styleUrl>
          <ExtendedData>
            <Data name="id"><value>2565</value></Data>
            <Data name="Class"><value>Healthy</value></Data>
          </ExtendedData>
          <Point><coordinates>102.670120100,2.743807516,0</coordinates></Point>
        </Placemark>

        <Placemark>
          <name>2566</name>
          <styleUrl>#style_Healthy</styleUrl>
          <ExtendedData>
            <Data name="id"><value>2566</value></Data>
            <Data name="Class"><value>Healthy</value></Data>
          </ExtendedData>
          <Point><coordinates>102.670122600,2.743887686,0</coordinates></Point>
        </Placemark>

        <Placemark>
          <name>2567</name>
          <styleUrl>#style_Healthy</styleUrl>
          <ExtendedData>
            <Data name="id"><value>2567</value></Data>
            <Data name="Class"><value>Healthy</value></Data>
          </ExtendedData>
          <Point><coordinates>102.670121300,2.743965351,0</coordinates></Point>
        </Placemark>

        <Placemark>
          <name>2568</name>
          <styleUrl>#style_Healthy</styleUrl>
          <ExtendedData>
            <Data name="id"><value>2568</value></Data>
            <Data name="Class"><value>Healthy</value></Data>
          </ExtendedData>
          <Point><coordinates>102.670121300,2.744045521,0</coordinates></Point>
        </Placemark>

        <Placemark>
          <name>2569</name>
          <styleUrl>#style_Healthy</styleUrl>
          <ExtendedData>
            <Data name="id"><value>2569</value></Data>
            <Data name="Class"><value>Healthy</value></Data>
          </ExtendedData>
          <Point><coordinates>102.670117600,2.744124439,0</coordinates></Point>
        </Placemark>

        <Placemark>
          <name>2570</name>
          <styleUrl>#style_Healthy</styleUrl>
          <ExtendedData>
            <Data name="id"><value>2570</value></Data>
            <Data name="Class"><value>Healthy</value></Data>
          </ExtendedData>
          <Point><coordinates>102.670120100,2.744208367,0</coordinates></Point>
        </Placemark>

        <Placemark>
          <name>2571</name>
          <styleUrl>#style_Healthy</styleUrl>
          <ExtendedData>
            <Data name="id"><value>2571</value></Data>
            <Data name="Class"><value>Healthy</value></Data>
          </ExtendedData>
          <Point><coordinates>102.670123900,2.744282274,0</coordinates></Point>
        </Placemark>

        <Placemark>
          <name>2572</name>
          <styleUrl>#style_Healthy</styleUrl>
          <ExtendedData>
            <Data name="id"><value>2572</value></Data>
            <Data name="Class"><value>Healthy</value></Data>
          </ExtendedData>
          <Point><coordinates>102.670121300,2.744367455,0</coordinates></Point>
        </Placemark>

        <Placemark>
          <name>2573</name>
          <styleUrl>#style_Healthy</styleUrl>
          <ExtendedData>
            <Data name="id"><value>2573</value></Data>
            <Data name="Class"><value>Healthy</value></Data>
          </ExtendedData>
          <Point><coordinates>102.670189000,2.743847601,0</coordinates></Point>
        </Placemark>

        <Placemark>
          <name>2574</name>
          <styleUrl>#style_Healthy</styleUrl>
          <ExtendedData>
            <Data name="id"><value>2574</value></Data>
            <Data name="Class"><value>Healthy</value></Data>
          </ExtendedData>
          <Point><coordinates>102.670262900,2.743807516,0</coordinates></Point>
        </Placemark>

        <Placemark>
          <name>2576</name>
          <styleUrl>#style_Healthy</styleUrl>
          <ExtendedData>
            <Data name="id"><value>2576</value></Data>
            <Data name="Class"><value>Healthy</value></Data>
          </ExtendedData>
          <Point><coordinates>102.670394400,2.743803758,0</coordinates></Point>
        </Placemark>

        <Placemark>
          <name>2578</name>
          <styleUrl>#style_Healthy</styleUrl>
          <ExtendedData>
            <Data name="id"><value>2578</value></Data>
            <Data name="Class"><value>Healthy</value></Data>
          </ExtendedData>
          <Point><coordinates>102.670398200,2.743882676,0</coordinates></Point>
        </Placemark>

        <Placemark>
          <name>2579</name>
          <styleUrl>#style_Healthy</styleUrl>
          <ExtendedData>
            <Data name="id"><value>2579</value></Data>
            <Data name="Class"><value>Healthy</value></Data>
          </ExtendedData>
          <Point><coordinates>102.670326800,2.743842590,0</coordinates></Point>
        </Placemark>

        <Placemark>
          <name>2580</name>
          <styleUrl>#style_Healthy</styleUrl>
          <ExtendedData>
            <Data name="id"><value>2580</value></Data>
            <Data name="Class"><value>Healthy</value></Data>
          </ExtendedData>
          <Point><coordinates>102.670256600,2.743885181,0</coordinates></Point>
        </Placemark>

        <Placemark>
          <name>2581</name>
          <styleUrl>#style_Healthy</styleUrl>
          <ExtendedData>
            <Data name="id"><value>2581</value></Data>
            <Data name="Class"><value>Healthy</value></Data>
          </ExtendedData>
          <Point><coordinates>102.670331800,2.743922761,0</coordinates></Point>
        </Placemark>

        <Placemark>
          <name>2582</name>
          <styleUrl>#style_Healthy</styleUrl>
          <ExtendedData>
            <Data name="id"><value>2582</value></Data>
            <Data name="Class"><value>Healthy</value></Data>
          </ExtendedData>
          <Point><coordinates>102.670338100,2.744006689,0</coordinates></Point>
        </Placemark>

        <Placemark>
          <name>2583</name>
          <styleUrl>#style_Healthy</styleUrl>
          <ExtendedData>
            <Data name="id"><value>2583</value></Data>
            <Data name="Class"><value>Healthy</value></Data>
          </ExtendedData>
          <Point><coordinates>102.670259100,2.743962846,0</coordinates></Point>
        </Placemark>

        <Placemark>
          <name>2584</name>
          <styleUrl>#style_Healthy</styleUrl>
          <ExtendedData>
            <Data name="id"><value>2584</value></Data>
            <Data name="Class"><value>Healthy</value></Data>
          </ExtendedData>
          <Point><coordinates>102.670184000,2.744011699,0</coordinates></Point>
        </Placemark>

        <Placemark>
          <name>2585</name>
          <styleUrl>#style_Healthy</styleUrl>
          <ExtendedData>
            <Data name="id"><value>2585</value></Data>
            <Data name="Class"><value>Healthy</value></Data>
          </ExtendedData>
          <Point><coordinates>102.670197800,2.744084354,0</coordinates></Point>
        </Placemark>

        <Placemark>
          <name>2586</name>
          <styleUrl>#style_Healthy</styleUrl>
          <ExtendedData>
            <Data name="id"><value>2586</value></Data>
            <Data name="Class"><value>Healthy</value></Data>
          </ExtendedData>
          <Point><coordinates>102.670259100,2.744044269,0</coordinates></Point>
        </Placemark>

        <Placemark>
          <name>2588</name>
          <styleUrl>#style_Healthy</styleUrl>
          <ExtendedData>
            <Data name="id"><value>2588</value></Data>
            <Data name="Class"><value>Healthy</value></Data>
          </ExtendedData>
          <Point><coordinates>102.670262900,2.744126944,0</coordinates></Point>
        </Placemark>

        <Placemark>
          <name>2589</name>
          <styleUrl>#style_Healthy</styleUrl>
          <ExtendedData>
            <Data name="id"><value>2589</value></Data>
            <Data name="Class"><value>Healthy</value></Data>
          </ExtendedData>
          <Point><coordinates>102.670267900,2.744204609,0</coordinates></Point>
        </Placemark>

        <Placemark>
          <name>2594</name>
          <styleUrl>#style_Healthy</styleUrl>
          <ExtendedData>
            <Data name="id"><value>2594</value></Data>
            <Data name="Class"><value>Healthy</value></Data>
          </ExtendedData>
          <Point><coordinates>102.670326800,2.744242189,0</coordinates></Point>
        </Placemark>

        <Placemark>
          <name>2597</name>
          <styleUrl>#style_Healthy</styleUrl>
          <ExtendedData>
            <Data name="id"><value>2597</value></Data>
            <Data name="Class"><value>Healthy</value></Data>
          </ExtendedData>
          <Point><coordinates>102.670464600,2.743921508,0</coordinates></Point>
        </Placemark>

        <Placemark>
          <name>2599</name>
          <styleUrl>#style_Healthy</styleUrl>
          <ExtendedData>
            <Data name="id"><value>2599</value></Data>
            <Data name="Class"><value>Healthy</value></Data>
          </ExtendedData>
          <Point><coordinates>102.670607400,2.743754904,0</coordinates></Point>
        </Placemark>

        <Placemark>
          <name>2600</name>
          <styleUrl>#style_Healthy</styleUrl>
          <ExtendedData>
            <Data name="id"><value>2600</value></Data>
            <Data name="Class"><value>Healthy</value></Data>
          </ExtendedData>
          <Point><coordinates>102.670743900,2.743757410,0</coordinates></Point>
        </Placemark>

        <Placemark>
          <name>2602</name>
          <styleUrl>#style_Healthy</styleUrl>
          <ExtendedData>
            <Data name="id"><value>2602</value></Data>
            <Data name="Class"><value>Healthy</value></Data>
          </ExtendedData>
          <Point><coordinates>102.670271000,2.744608592,0</coordinates></Point>
        </Placemark>

        <Placemark>
          <name>2603</name>
          <styleUrl>#style_Healthy</styleUrl>
          <ExtendedData>
            <Data name="id"><value>2603</value></Data>
            <Data name="Class"><value>Healthy</value></Data>
          </ExtendedData>
          <Point><coordinates>102.670264800,2.744528421,0</coordinates></Point>
        </Placemark>

        <Placemark>
          <name>2606</name>
          <styleUrl>#style_Healthy</styleUrl>
          <ExtendedData>
            <Data name="id"><value>2606</value></Data>
            <Data name="Class"><value>Healthy</value></Data>
          </ExtendedData>
          <Point><coordinates>102.670331200,2.744319227,0</coordinates></Point>
        </Placemark>

        <Placemark>
          <name>2607</name>
          <styleUrl>#style_Healthy</styleUrl>
          <ExtendedData>
            <Data name="id"><value>2607</value></Data>
            <Data name="Class"><value>Healthy</value></Data>
          </ExtendedData>
          <Point><coordinates>102.670336200,2.744482073,0</coordinates></Point>
        </Placemark>

        <Placemark>
          <name>2608</name>
          <styleUrl>#style_Healthy</styleUrl>
          <ExtendedData>
            <Data name="id"><value>2608</value></Data>
            <Data name="Class"><value>Healthy</value></Data>
          </ExtendedData>
          <Point><coordinates>102.670334900,2.744560991,0</coordinates></Point>
        </Placemark>

        <Placemark>
          <name>2609</name>
          <styleUrl>#style_Healthy</styleUrl>
          <ExtendedData>
            <Data name="id"><value>2609</value></Data>
            <Data name="Class"><value>Healthy</value></Data>
          </ExtendedData>
          <Point><coordinates>102.670337400,2.744646171,0</coordinates></Point>
        </Placemark>

        <Placemark>
          <name>2610</name>
          <styleUrl>#style_Healthy</styleUrl>
          <ExtendedData>
            <Data name="id"><value>2610</value></Data>
            <Data name="Class"><value>Healthy</value></Data>
          </ExtendedData>
          <Point><coordinates>102.670401300,2.744685004,0</coordinates></Point>
        </Placemark>

        <Placemark>
          <name>2611</name>
          <styleUrl>#style_Healthy</styleUrl>
          <ExtendedData>
            <Data name="id"><value>2611</value></Data>
            <Data name="Class"><value>Healthy</value></Data>
          </ExtendedData>
          <Point><coordinates>102.670403800,2.744603581,0</coordinates></Point>
        </Placemark>

        <Placemark>
          <name>2612</name>
          <styleUrl>#style_Healthy</styleUrl>
          <ExtendedData>
            <Data name="id"><value>2612</value></Data>
            <Data name="Class"><value>Healthy</value></Data>
          </ExtendedData>
          <Point><coordinates>102.670402600,2.744525916,0</coordinates></Point>
        </Placemark>

        <Placemark>
          <name>2613</name>
          <styleUrl>#style_Healthy</styleUrl>
          <ExtendedData>
            <Data name="id"><value>2613</value></Data>
            <Data name="Class"><value>Healthy</value></Data>
          </ExtendedData>
          <Point><coordinates>102.670400100,2.744443241,0</coordinates></Point>
        </Placemark>

        <Placemark>
          <name>2614</name>
          <styleUrl>#style_Healthy</styleUrl>
          <ExtendedData>
            <Data name="id"><value>2614</value></Data>
            <Data name="Class"><value>Healthy</value></Data>
          </ExtendedData>
          <Point><coordinates>102.670398800,2.744360565,0</coordinates></Point>
        </Placemark>

        <Placemark>
          <name>2615</name>
          <styleUrl>#style_Healthy</styleUrl>
          <ExtendedData>
            <Data name="id"><value>2615</value></Data>
            <Data name="Class"><value>Healthy</value></Data>
          </ExtendedData>
          <Point><coordinates>102.670403800,2.744284153,0</coordinates></Point>
        </Placemark>

        <Placemark>
          <name>2617</name>
          <styleUrl>#style_Healthy</styleUrl>
          <ExtendedData>
            <Data name="id"><value>2617</value></Data>
            <Data name="Class"><value>Healthy</value></Data>
          </ExtendedData>
          <Point><coordinates>102.670467700,2.744167656,0</coordinates></Point>
        </Placemark>

        <Placemark>
          <name>2621</name>
          <styleUrl>#style_Healthy</styleUrl>
          <ExtendedData>
            <Data name="id"><value>2621</value></Data>
            <Data name="Class"><value>Healthy</value></Data>
          </ExtendedData>
          <Point><coordinates>102.670475200,2.744558485,0</coordinates></Point>
        </Placemark>

        <Placemark>
          <name>2623</name>
          <styleUrl>#style_Healthy</styleUrl>
          <ExtendedData>
            <Data name="id"><value>2623</value></Data>
            <Data name="Class"><value>Healthy</value></Data>
          </ExtendedData>
          <Point><coordinates>102.670541600,2.744601076,0</coordinates></Point>
        </Placemark>

        <Placemark>
          <name>2624</name>
          <styleUrl>#style_Healthy</styleUrl>
          <ExtendedData>
            <Data name="id"><value>2624</value></Data>
            <Data name="Class"><value>Healthy</value></Data>
          </ExtendedData>
          <Point><coordinates>102.670542900,2.744681246,0</coordinates></Point>
        </Placemark>

        <Placemark>
          <name>2625</name>
          <styleUrl>#style_Healthy</styleUrl>
          <ExtendedData>
            <Data name="id"><value>2625</value></Data>
            <Data name="Class"><value>Healthy</value></Data>
          </ExtendedData>
          <Point><coordinates>102.670472100,2.744641161,0</coordinates></Point>
        </Placemark>

        <Placemark>
          <name>2647</name>
          <styleUrl>#style_Healthy</styleUrl>
          <ExtendedData>
            <Data name="id"><value>2647</value></Data>
            <Data name="Class"><value>Healthy</value></Data>
          </ExtendedData>
          <Point><coordinates>102.670680000,2.744516521,0</coordinates></Point>
        </Placemark>

        <Placemark>
          <name>2649</name>
          <styleUrl>#style_Healthy</styleUrl>
          <ExtendedData>
            <Data name="id"><value>2649</value></Data>
            <Data name="Class"><value>Healthy</value></Data>
          </ExtendedData>
          <Point><coordinates>102.670606800,2.744475810,0</coordinates></Point>
        </Placemark>

        <Placemark>
          <name>2650</name>
          <styleUrl>#style_Healthy</styleUrl>
          <ExtendedData>
            <Data name="id"><value>2650</value></Data>
            <Data name="Class"><value>Healthy</value></Data>
          </ExtendedData>
          <Point><coordinates>102.670538500,2.744520905,0</coordinates></Point>
        </Placemark>

        <Placemark>
          <name>2651</name>
          <styleUrl>#style_Healthy</styleUrl>
          <ExtendedData>
            <Data name="id"><value>2651</value></Data>
            <Data name="Class"><value>Healthy</value></Data>
          </ExtendedData>
          <Point><coordinates>102.670535300,2.744441988,0</coordinates></Point>
        </Placemark>

        <Placemark>
          <name>2652</name>
          <styleUrl>#style_Healthy</styleUrl>
          <ExtendedData>
            <Data name="id"><value>2652</value></Data>
            <Data name="Class"><value>Healthy</value></Data>
          </ExtendedData>
          <Point><coordinates>102.670538500,2.744363070,0</coordinates></Point>
        </Placemark>

        <Placemark>
          <name>2653</name>
          <styleUrl>#style_Healthy</styleUrl>
          <ExtendedData>
            <Data name="id"><value>2653</value></Data>
            <Data name="Class"><value>Healthy</value></Data>
          </ExtendedData>
          <Point><coordinates>102.670603600,2.744401276,0</coordinates></Point>
        </Placemark>

        <Placemark>
          <name>2655</name>
          <styleUrl>#style_Healthy</styleUrl>
          <ExtendedData>
            <Data name="id"><value>2655</value></Data>
            <Data name="Class"><value>Healthy</value></Data>
          </ExtendedData>
          <Point><coordinates>102.670677500,2.744359939,0</coordinates></Point>
        </Placemark>

        <Placemark>
          <name>2656</name>
          <styleUrl>#style_Healthy</styleUrl>
          <ExtendedData>
            <Data name="id"><value>2656</value></Data>
            <Data name="Class"><value>Healthy</value></Data>
          </ExtendedData>
          <Point><coordinates>102.670608000,2.744314217,0</coordinates></Point>
        </Placemark>

        <Placemark>
          <name>2657</name>
          <styleUrl>#style_Healthy</styleUrl>
          <ExtendedData>
            <Data name="id"><value>2657</value></Data>
            <Data name="Class"><value>Healthy</value></Data>
          </ExtendedData>
          <Point><coordinates>102.670747000,2.744317975,0</coordinates></Point>
        </Placemark>

        <Placemark>
          <name>2658</name>
          <styleUrl>#style_Healthy</styleUrl>
          <ExtendedData>
            <Data name="id"><value>2658</value></Data>
            <Data name="Class"><value>Healthy</value></Data>
          </ExtendedData>
          <Point><coordinates>102.671020100,2.744632392,0</coordinates></Point>
        </Placemark>

        <Placemark>
          <name>2660</name>
          <styleUrl>#style_Healthy</styleUrl>
          <ExtendedData>
            <Data name="id"><value>2660</value></Data>
            <Data name="Class"><value>Healthy</value></Data>
          </ExtendedData>
          <Point><coordinates>102.671022000,2.744472052,0</coordinates></Point>
        </Placemark>

        <Placemark>
          <name>2666</name>
          <styleUrl>#style_Healthy</styleUrl>
          <ExtendedData>
            <Data name="id"><value>2666</value></Data>
            <Data name="Class"><value>Healthy</value></Data>
          </ExtendedData>
          <Point><coordinates>102.671162900,2.744470799,0</coordinates></Point>
        </Placemark>

        <Placemark>
          <name>2667</name>
          <styleUrl>#style_Healthy</styleUrl>
          <ExtendedData>
            <Data name="id"><value>2667</value></Data>
            <Data name="Class"><value>Healthy</value></Data>
          </ExtendedData>
          <Point><coordinates>102.671091500,2.744431967,0</coordinates></Point>
        </Placemark>

        <Placemark>
          <name>2668</name>
          <styleUrl>#style_Healthy</styleUrl>
          <ExtendedData>
            <Data name="id"><value>2668</value></Data>
            <Data name="Class"><value>Healthy</value></Data>
          </ExtendedData>
          <Point><coordinates>102.671157300,2.744396892,0</coordinates></Point>
        </Placemark>

        <Placemark>
          <name>2671</name>
          <styleUrl>#style_Healthy</styleUrl>
          <ExtendedData>
            <Data name="id"><value>2671</value></Data>
            <Data name="Class"><value>Healthy</value></Data>
          </ExtendedData>
          <Point><coordinates>102.671018900,2.744315469,0</coordinates></Point>
        </Placemark>

        <Placemark>
          <name>2672</name>
          <styleUrl>#style_Healthy</styleUrl>
          <ExtendedData>
            <Data name="id"><value>2672</value></Data>
            <Data name="Class"><value>Healthy</value></Data>
          </ExtendedData>
          <Point><coordinates>102.671159800,2.744309206,0</coordinates></Point>
        </Placemark>

        <Placemark>
          <name>2673</name>
          <styleUrl>#style_Healthy</styleUrl>
          <ExtendedData>
            <Data name="id"><value>2673</value></Data>
            <Data name="Class"><value>Healthy</value></Data>
          </ExtendedData>
          <Point><coordinates>102.671224900,2.744348038,0</coordinates></Point>
        </Placemark>

        <Placemark>
          <name>2675</name>
          <styleUrl>#style_Healthy</styleUrl>
          <ExtendedData>
            <Data name="id"><value>2675</value></Data>
            <Data name="Class"><value>Healthy</value></Data>
          </ExtendedData>
          <Point><coordinates>102.671229900,2.744270374,0</coordinates></Point>
        </Placemark>

        <Placemark>
          <name>2676</name>
          <styleUrl>#style_Healthy</styleUrl>
          <ExtendedData>
            <Data name="id"><value>2676</value></Data>
            <Data name="Class"><value>Healthy</value></Data>
          </ExtendedData>
          <Point><coordinates>102.671289500,2.744226530,0</coordinates></Point>
        </Placemark>

        <Placemark>
          <name>2677</name>
          <styleUrl>#style_Healthy</styleUrl>
          <ExtendedData>
            <Data name="id"><value>2677</value></Data>
            <Data name="Class"><value>Healthy</value></Data>
          </ExtendedData>
          <Point><coordinates>102.671161100,2.744237804,0</coordinates></Point>
        </Placemark>

        <Placemark>
          <name>2678</name>
          <styleUrl>#style_Healthy</styleUrl>
          <ExtendedData>
            <Data name="id"><value>2678</value></Data>
            <Data name="Class"><value>Healthy</value></Data>
          </ExtendedData>
          <Point><coordinates>102.671087100,2.744271626,0</coordinates></Point>
        </Placemark>

        <Placemark>
          <name>2680</name>
          <styleUrl>#style_Healthy</styleUrl>
          <ExtendedData>
            <Data name="id"><value>2680</value></Data>
            <Data name="Class"><value>Healthy</value></Data>
          </ExtendedData>
          <Point><coordinates>102.671016400,2.744234046,0</coordinates></Point>
        </Placemark>

        <Placemark>
          <name>2683</name>
          <styleUrl>#style_Healthy</styleUrl>
          <ExtendedData>
            <Data name="id"><value>2683</value></Data>
            <Data name="Class"><value>Healthy</value></Data>
          </ExtendedData>
          <Point><coordinates>102.670750800,2.744237804,0</coordinates></Point>
        </Placemark>

        <Placemark>
          <name>2684</name>
          <styleUrl>#style_Healthy</styleUrl>
          <ExtendedData>
            <Data name="id"><value>2684</value></Data>
            <Data name="Class"><value>Healthy</value></Data>
          </ExtendedData>
          <Point><coordinates>102.670674400,2.744277263,0</coordinates></Point>
        </Placemark>

        <Placemark>
          <name>2685</name>
          <styleUrl>#style_Healthy</styleUrl>
          <ExtendedData>
            <Data name="id"><value>2685</value></Data>
            <Data name="Class"><value>Healthy</value></Data>
          </ExtendedData>
          <Point><coordinates>102.671504900,2.744079343,0</coordinates></Point>
        </Placemark>

        <Placemark>
          <name>2689</name>
          <styleUrl>#style_Healthy</styleUrl>
          <ExtendedData>
            <Data name="id"><value>2689</value></Data>
            <Data name="Class"><value>Healthy</value></Data>
          </ExtendedData>
          <Point><coordinates>102.671479900,2.743793737,0</coordinates></Point>
        </Placemark>

        <Placemark>
          <name>2690</name>
          <styleUrl>#style_Healthy</styleUrl>
          <ExtendedData>
            <Data name="id"><value>2690</value></Data>
            <Data name="Class"><value>Healthy</value></Data>
          </ExtendedData>
          <Point><coordinates>102.671497400,2.743729851,0</coordinates></Point>
        </Placemark>

        <Placemark>
          <name>2695</name>
          <styleUrl>#style_Healthy</styleUrl>
          <ExtendedData>
            <Data name="id"><value>2695</value></Data>
            <Data name="Class"><value>Healthy</value></Data>
          </ExtendedData>
          <Point><coordinates>102.671412200,2.743910234,0</coordinates></Point>
        </Placemark>

        <Placemark>
          <name>2697</name>
          <styleUrl>#style_Healthy</styleUrl>
          <ExtendedData>
            <Data name="id"><value>2697</value></Data>
            <Data name="Class"><value>Healthy</value></Data>
          </ExtendedData>
          <Point><coordinates>102.671294500,2.744064311,0</coordinates></Point>
        </Placemark>

        <Placemark>
          <name>2698</name>
          <styleUrl>#style_Healthy</styleUrl>
          <ExtendedData>
            <Data name="id"><value>2698</value></Data>
            <Data name="Class"><value>Healthy</value></Data>
          </ExtendedData>
          <Point><coordinates>102.671300700,2.743992910,0</coordinates></Point>
        </Placemark>

        <Placemark>
          <name>2699</name>
          <styleUrl>#style_Healthy</styleUrl>
          <ExtendedData>
            <Data name="id"><value>2699</value></Data>
            <Data name="Class"><value>Healthy</value></Data>
          </ExtendedData>
          <Point><coordinates>102.671294500,2.744150745,0</coordinates></Point>
        </Placemark>

        <Placemark>
          <name>2700</name>
          <styleUrl>#style_Healthy</styleUrl>
          <ExtendedData>
            <Data name="id"><value>2700</value></Data>
            <Data name="Class"><value>Healthy</value></Data>
          </ExtendedData>
          <Point><coordinates>102.671233100,2.744189577,0</coordinates></Point>
        </Placemark>

        <Placemark>
          <name>2701</name>
          <styleUrl>#style_Healthy</styleUrl>
          <ExtendedData>
            <Data name="id"><value>2701</value></Data>
            <Data name="Class"><value>Healthy</value></Data>
          </ExtendedData>
          <Point><coordinates>102.671221800,2.744109407,0</coordinates></Point>
        </Placemark>

        <Placemark>
          <name>2702</name>
          <styleUrl>#style_Healthy</styleUrl>
          <ExtendedData>
            <Data name="id"><value>2702</value></Data>
            <Data name="Class"><value>Healthy</value></Data>
          </ExtendedData>
          <Point><coordinates>102.671219300,2.744027984,0</coordinates></Point>
        </Placemark>

        <Placemark>
          <name>2703</name>
          <styleUrl>#style_Healthy</styleUrl>
          <ExtendedData>
            <Data name="id"><value>2703</value></Data>
            <Data name="Class"><value>Healthy</value></Data>
          </ExtendedData>
          <Point><coordinates>102.671221800,2.743959088,0</coordinates></Point>
        </Placemark>

        <Placemark>
          <name>2704</name>
          <styleUrl>#style_Healthy</styleUrl>
          <ExtendedData>
            <Data name="id"><value>2704</value></Data>
            <Data name="Class"><value>Healthy</value></Data>
          </ExtendedData>
          <Point><coordinates>102.671223100,2.743873907,0</coordinates></Point>
        </Placemark>

        <Placemark>
          <name>2705</name>
          <styleUrl>#style_Healthy</styleUrl>
          <ExtendedData>
            <Data name="id"><value>2705</value></Data>
            <Data name="Class"><value>Healthy</value></Data>
          </ExtendedData>
          <Point><coordinates>102.671218000,2.743794989,0</coordinates></Point>
        </Placemark>

        <Placemark>
          <name>2709</name>
          <styleUrl>#style_Healthy</styleUrl>
          <ExtendedData>
            <Data name="id"><value>2709</value></Data>
            <Data name="Class"><value>Healthy</value></Data>
          </ExtendedData>
          <Point><coordinates>102.671288200,2.743748641,0</coordinates></Point>
        </Placemark>

        <Placemark>
          <name>2711</name>
          <styleUrl>#style_Healthy</styleUrl>
          <ExtendedData>
            <Data name="id"><value>2711</value></Data>
            <Data name="Class"><value>Healthy</value></Data>
          </ExtendedData>
          <Point><coordinates>102.671364600,2.743791231,0</coordinates></Point>
        </Placemark>

        <Placemark>
          <name>2712</name>
          <styleUrl>#style_Healthy</styleUrl>
          <ExtendedData>
            <Data name="id"><value>2712</value></Data>
            <Data name="Class"><value>Healthy</value></Data>
          </ExtendedData>
          <Point><coordinates>102.671091500,2.743721082,0</coordinates></Point>
        </Placemark>

        <Placemark>
          <name>2713</name>
          <styleUrl>#style_Healthy</styleUrl>
          <ExtendedData>
            <Data name="id"><value>2713</value></Data>
            <Data name="Class"><value>Healthy</value></Data>
          </ExtendedData>
          <Point><coordinates>102.671155400,2.743754904,0</coordinates></Point>
        </Placemark>

        <Placemark>
          <name>2714</name>
          <styleUrl>#style_Healthy</styleUrl>
          <ExtendedData>
            <Data name="id"><value>2714</value></Data>
            <Data name="Class"><value>Healthy</value></Data>
          </ExtendedData>
          <Point><coordinates>102.671161700,2.743835074,0</coordinates></Point>
        </Placemark>

        <Placemark>
          <name>2715</name>
          <styleUrl>#style_Healthy</styleUrl>
          <ExtendedData>
            <Data name="id"><value>2715</value></Data>
            <Data name="Class"><value>Healthy</value></Data>
          </ExtendedData>
          <Point><coordinates>102.671160400,2.743912739,0</coordinates></Point>
        </Placemark>

        <Placemark>
          <name>2716</name>
          <styleUrl>#style_Healthy</styleUrl>
          <ExtendedData>
            <Data name="id"><value>2716</value></Data>
            <Data name="Class"><value>Healthy</value></Data>
          </ExtendedData>
          <Point><coordinates>102.671157900,2.743991657,0</coordinates></Point>
        </Placemark>

        <Placemark>
          <name>2717</name>
          <styleUrl>#style_Healthy</styleUrl>
          <ExtendedData>
            <Data name="id"><value>2717</value></Data>
            <Data name="Class"><value>Healthy</value></Data>
          </ExtendedData>
          <Point><coordinates>102.671152900,2.744071827,0</coordinates></Point>
        </Placemark>

        <Placemark>
          <name>2719</name>
          <styleUrl>#style_Healthy</styleUrl>
          <ExtendedData>
            <Data name="id"><value>2719</value></Data>
            <Data name="Class"><value>Healthy</value></Data>
          </ExtendedData>
          <Point><coordinates>102.671091500,2.744193335,0</coordinates></Point>
        </Placemark>

        <Placemark>
          <name>2722</name>
          <styleUrl>#style_Healthy</styleUrl>
          <ExtendedData>
            <Data name="id"><value>2722</value></Data>
            <Data name="Class"><value>Healthy</value></Data>
          </ExtendedData>
          <Point><coordinates>102.670884800,2.744154503,0</coordinates></Point>
        </Placemark>

        <Placemark>
          <name>2723</name>
          <styleUrl>#style_Healthy</styleUrl>
          <ExtendedData>
            <Data name="id"><value>2723</value></Data>
            <Data name="Class"><value>Healthy</value></Data>
          </ExtendedData>
          <Point><coordinates>102.670814700,2.744192082,0</coordinates></Point>
        </Placemark>

        <Placemark>
          <name>2725</name>
          <styleUrl>#style_Healthy</styleUrl>
          <ExtendedData>
            <Data name="id"><value>2725</value></Data>
            <Data name="Class"><value>Healthy</value></Data>
          </ExtendedData>
          <Point><coordinates>102.670676900,2.744200851,0</coordinates></Point>
        </Placemark>

        <Placemark>
          <name>2726</name>
          <styleUrl>#style_Healthy</styleUrl>
          <ExtendedData>
            <Data name="id"><value>2726</value></Data>
            <Data name="Class"><value>Healthy</value></Data>
          </ExtendedData>
          <Point><coordinates>102.670601700,2.744242189,0</coordinates></Point>
        </Placemark>

        <Placemark>
          <name>2727</name>
          <styleUrl>#style_Healthy</styleUrl>
          <ExtendedData>
            <Data name="id"><value>2727</value></Data>
            <Data name="Class"><value>Healthy</value></Data>
          </ExtendedData>
          <Point><coordinates>102.670536600,2.744278516,0</coordinates></Point>
        </Placemark>

        <Placemark>
          <name>2728</name>
          <styleUrl>#style_Healthy</styleUrl>
          <ExtendedData>
            <Data name="id"><value>2728</value></Data>
            <Data name="Class"><value>Healthy</value></Data>
          </ExtendedData>
          <Point><coordinates>102.670539100,2.744199598,0</coordinates></Point>
        </Placemark>

        <Placemark>
          <name>2729</name>
          <styleUrl>#style_Healthy</styleUrl>
          <ExtendedData>
            <Data name="id"><value>2729</value></Data>
            <Data name="Class"><value>Healthy</value></Data>
          </ExtendedData>
          <Point><coordinates>102.670536600,2.744114417,0</coordinates></Point>
        </Placemark>

        <Placemark>
          <name>2730</name>
          <styleUrl>#style_Healthy</styleUrl>
          <ExtendedData>
            <Data name="id"><value>2730</value></Data>
            <Data name="Class"><value>Healthy</value></Data>
          </ExtendedData>
          <Point><coordinates>102.670526600,2.744039258,0</coordinates></Point>
        </Placemark>

        <Placemark>
          <name>2732</name>
          <styleUrl>#style_Healthy</styleUrl>
          <ExtendedData>
            <Data name="id"><value>2732</value></Data>
            <Data name="Class"><value>Healthy</value></Data>
          </ExtendedData>
          <Point><coordinates>102.670609300,2.743840085,0</coordinates></Point>
        </Placemark>

        <Placemark>
          <name>2733</name>
          <styleUrl>#style_Healthy</styleUrl>
          <ExtendedData>
            <Data name="id"><value>2733</value></Data>
            <Data name="Class"><value>Healthy</value></Data>
          </ExtendedData>
          <Point><coordinates>102.670955000,2.743718577,0</coordinates></Point>
        </Placemark>

        <Placemark>
          <name>2734</name>
          <styleUrl>#style_Healthy</styleUrl>
          <ExtendedData>
            <Data name="id"><value>2734</value></Data>
            <Data name="Class"><value>Healthy</value></Data>
          </ExtendedData>
          <Point><coordinates>102.671012600,2.743751146,0</coordinates></Point>
        </Placemark>

        <Placemark>
          <name>2735</name>
          <styleUrl>#style_Healthy</styleUrl>
          <ExtendedData>
            <Data name="id"><value>2735</value></Data>
            <Data name="Class"><value>Healthy</value></Data>
          </ExtendedData>
          <Point><coordinates>102.671074000,2.743794989,0</coordinates></Point>
        </Placemark>

        <Placemark>
          <name>2736</name>
          <styleUrl>#style_Healthy</styleUrl>
          <ExtendedData>
            <Data name="id"><value>2736</value></Data>
            <Data name="Class"><value>Healthy</value></Data>
          </ExtendedData>
          <Point><coordinates>102.671086500,2.743951572,0</coordinates></Point>
        </Placemark>

        <Placemark>
          <name>2742</name>
          <styleUrl>#style_Healthy</styleUrl>
          <ExtendedData>
            <Data name="id"><value>2742</value></Data>
            <Data name="Class"><value>Healthy</value></Data>
          </ExtendedData>
          <Point><coordinates>102.671021400,2.743836327,0</coordinates></Point>
        </Placemark>

        <Placemark>
          <name>2743</name>
          <styleUrl>#style_Healthy</styleUrl>
          <ExtendedData>
            <Data name="id"><value>2743</value></Data>
            <Data name="Class"><value>Healthy</value></Data>
          </ExtendedData>
          <Point><coordinates>102.670950000,2.743793737,0</coordinates></Point>
        </Placemark>

        <Placemark>
          <name>2744</name>
          <styleUrl>#style_Healthy</styleUrl>
          <ExtendedData>
            <Data name="id"><value>2744</value></Data>
            <Data name="Class"><value>Healthy</value></Data>
          </ExtendedData>
          <Point><coordinates>102.670878600,2.743756157,0</coordinates></Point>
        </Placemark>

        <Placemark>
          <name>2745</name>
          <styleUrl>#style_Healthy</styleUrl>
          <ExtendedData>
            <Data name="id"><value>2745</value></Data>
            <Data name="Class"><value>Healthy</value></Data>
          </ExtendedData>
          <Point><coordinates>102.670946200,2.743876412,0</coordinates></Point>
        </Placemark>

        <Placemark>
          <name>2746</name>
          <styleUrl>#style_Healthy</styleUrl>
          <ExtendedData>
            <Data name="id"><value>2746</value></Data>
            <Data name="Class"><value>Healthy</value></Data>
          </ExtendedData>
          <Point><coordinates>102.670879800,2.743837580,0</coordinates></Point>
        </Placemark>

        <Placemark>
          <name>2747</name>
          <styleUrl>#style_Healthy</styleUrl>
          <ExtendedData>
            <Data name="id"><value>2747</value></Data>
            <Data name="Class"><value>Healthy</value></Data>
          </ExtendedData>
          <Point><coordinates>102.670808400,2.743797495,0</coordinates></Point>
        </Placemark>

        <Placemark>
          <name>2748</name>
          <styleUrl>#style_Healthy</styleUrl>
          <ExtendedData>
            <Data name="id"><value>2748</value></Data>
            <Data name="Class"><value>Healthy</value></Data>
          </ExtendedData>
          <Point><coordinates>102.670877300,2.743912739,0</coordinates></Point>
        </Placemark>

        <Placemark>
          <name>2749</name>
          <styleUrl>#style_Healthy</styleUrl>
          <ExtendedData>
            <Data name="id"><value>2749</value></Data>
            <Data name="Class"><value>Healthy</value></Data>
          </ExtendedData>
          <Point><coordinates>102.670879800,2.743996668,0</coordinates></Point>
        </Placemark>

        <Placemark>
          <name>2750</name>
          <styleUrl>#style_Healthy</styleUrl>
          <ExtendedData>
            <Data name="id"><value>2750</value></Data>
            <Data name="Class"><value>Healthy</value></Data>
          </ExtendedData>
          <Point><coordinates>102.670948700,2.744038005,0</coordinates></Point>
        </Placemark>

        <Placemark>
          <name>2751</name>
          <styleUrl>#style_Healthy</styleUrl>
          <ExtendedData>
            <Data name="id"><value>2751</value></Data>
            <Data name="Class"><value>Healthy</value></Data>
          </ExtendedData>
          <Point><coordinates>102.670953700,2.744116923,0</coordinates></Point>
        </Placemark>

        <Placemark>
          <name>2752</name>
          <styleUrl>#style_Healthy</styleUrl>
          <ExtendedData>
            <Data name="id"><value>2752</value></Data>
            <Data name="Class"><value>Healthy</value></Data>
          </ExtendedData>
          <Point><coordinates>102.670881100,2.744074332,0</coordinates></Point>
        </Placemark>

        <Placemark>
          <name>2753</name>
          <styleUrl>#style_Healthy</styleUrl>
          <ExtendedData>
            <Data name="id"><value>2753</value></Data>
            <Data name="Class"><value>Healthy</value></Data>
          </ExtendedData>
          <Point><coordinates>102.670810900,2.744120681,0</coordinates></Point>
        </Placemark>

        <Placemark>
          <name>2756</name>
          <styleUrl>#style_Healthy</styleUrl>
          <ExtendedData>
            <Data name="id"><value>2756</value></Data>
            <Data name="Class"><value>Healthy</value></Data>
          </ExtendedData>
          <Point><coordinates>102.670674400,2.744118175,0</coordinates></Point>
        </Placemark>

        <Placemark>
          <name>2757</name>
          <styleUrl>#style_Healthy</styleUrl>
          <ExtendedData>
            <Data name="id"><value>2757</value></Data>
            <Data name="Class"><value>Healthy</value></Data>
          </ExtendedData>
          <Point><coordinates>102.670743300,2.744081848,0</coordinates></Point>
        </Placemark>

        <Placemark>
          <name>2758</name>
          <styleUrl>#style_Healthy</styleUrl>
          <ExtendedData>
            <Data name="id"><value>2758</value></Data>
            <Data name="Class"><value>Healthy</value></Data>
          </ExtendedData>
          <Point><coordinates>102.670814700,2.744040511,0</coordinates></Point>
        </Placemark>

        <Placemark>
          <name>2759</name>
          <styleUrl>#style_Healthy</styleUrl>
          <ExtendedData>
            <Data name="id"><value>2759</value></Data>
            <Data name="Class"><value>Healthy</value></Data>
          </ExtendedData>
          <Point><coordinates>102.670745800,2.743997920,0</coordinates></Point>
        </Placemark>

        <Placemark>
          <name>2761</name>
          <styleUrl>#style_Healthy</styleUrl>
          <ExtendedData>
            <Data name="id"><value>2761</value></Data>
            <Data name="Class"><value>Healthy</value></Data>
          </ExtendedData>
          <Point><coordinates>102.670606800,2.744000425,0</coordinates></Point>
        </Placemark>

        <Placemark>
          <name>2762</name>
          <styleUrl>#style_Healthy</styleUrl>
          <ExtendedData>
            <Data name="id"><value>2762</value></Data>
            <Data name="Class"><value>Healthy</value></Data>
          </ExtendedData>
          <Point><coordinates>102.670603000,2.743922761,0</coordinates></Point>
        </Placemark>

        <Placemark>
          <name>2763</name>
          <styleUrl>#style_Healthy</styleUrl>
          <ExtendedData>
            <Data name="id"><value>2763</value></Data>
            <Data name="Class"><value>Healthy</value></Data>
          </ExtendedData>
          <Point><coordinates>102.670678200,2.743962846,0</coordinates></Point>
        </Placemark>

        <Placemark>
          <name>2764</name>
          <styleUrl>#style_Healthy</styleUrl>
          <ExtendedData>
            <Data name="id"><value>2764</value></Data>
            <Data name="Class"><value>Healthy</value></Data>
          </ExtendedData>
          <Point><coordinates>102.670671900,2.743878918,0</coordinates></Point>
        </Placemark>

        <Placemark>
          <name>2765</name>
          <styleUrl>#style_Healthy</styleUrl>
          <ExtendedData>
            <Data name="id"><value>2765</value></Data>
            <Data name="Class"><value>Healthy</value></Data>
          </ExtendedData>
          <Point><coordinates>102.670674400,2.743792484,0</coordinates></Point>
        </Placemark>

        <Placemark>
          <name>2766</name>
          <styleUrl>#style_Healthy</styleUrl>
          <ExtendedData>
            <Data name="id"><value>2766</value></Data>
            <Data name="Class"><value>Healthy</value></Data>
          </ExtendedData>
          <Point><coordinates>102.670740800,2.743836327,0</coordinates></Point>
        </Placemark>

        <Placemark>
          <name>2767</name>
          <styleUrl>#style_Healthy</styleUrl>
          <ExtendedData>
            <Data name="id"><value>2767</value></Data>
            <Data name="Class"><value>Healthy</value></Data>
          </ExtendedData>
          <Point><coordinates>102.670749600,2.743921508,0</coordinates></Point>
        </Placemark>

        <Placemark>
          <name>2768</name>
          <styleUrl>#style_Healthy</styleUrl>
          <ExtendedData>
            <Data name="id"><value>2768</value></Data>
            <Data name="Class"><value>Healthy</value></Data>
          </ExtendedData>
          <Point><coordinates>102.670817200,2.743871402,0</coordinates></Point>
        </Placemark>

        <Placemark>
          <name>2769</name>
          <styleUrl>#style_Healthy</styleUrl>
          <ExtendedData>
            <Data name="id"><value>2769</value></Data>
            <Data name="Class"><value>Healthy</value></Data>
          </ExtendedData>
          <Point><coordinates>102.670813400,2.743955330,0</coordinates></Point>
        </Placemark>

        <Placemark>
          <name>2771</name>
          <styleUrl>#style_Healthy</styleUrl>
          <ExtendedData>
            <Data name="id"><value>2771</value></Data>
            <Data name="Class"><value>Healthy</value></Data>
          </ExtendedData>
          <Point><coordinates>102.668367000,2.746035997,0</coordinates></Point>
        </Placemark>

        <Placemark>
          <name>2772</name>
          <styleUrl>#style_Healthy</styleUrl>
          <ExtendedData>
            <Data name="id"><value>2772</value></Data>
            <Data name="Class"><value>Healthy</value></Data>
          </ExtendedData>
          <Point><coordinates>102.668229200,2.746032239,0</coordinates></Point>
        </Placemark>

        <Placemark>
          <name>2774</name>
          <styleUrl>#style_Healthy</styleUrl>
          <ExtendedData>
            <Data name="id"><value>2774</value></Data>
            <Data name="Class"><value>Healthy</value></Data>
          </ExtendedData>
          <Point><coordinates>102.669594600,2.746042260,0</coordinates></Point>
        </Placemark>

        <Placemark>
          <name>2775</name>
          <styleUrl>#style_Healthy</styleUrl>
          <ExtendedData>
            <Data name="id"><value>2775</value></Data>
            <Data name="Class"><value>Healthy</value></Data>
          </ExtendedData>
          <Point><coordinates>102.669782500,2.746062929,0</coordinates></Point>
        </Placemark>

        <Placemark>
          <name>2776</name>
          <styleUrl>#style_Healthy</styleUrl>
          <ExtendedData>
            <Data name="id"><value>2776</value></Data>
            <Data name="Class"><value>Healthy</value></Data>
          </ExtendedData>
          <Point><coordinates>102.667443800,2.743856370,0</coordinates></Point>
        </Placemark>

        <Placemark>
          <name>2778</name>
          <styleUrl>#style_Healthy</styleUrl>
          <ExtendedData>
            <Data name="id"><value>2778</value></Data>
            <Data name="Class"><value>Healthy</value></Data>
          </ExtendedData>
          <Point><coordinates>102.668276800,2.742310588,0</coordinates></Point>
        </Placemark>

        <Placemark>
          <name>2779</name>
          <styleUrl>#style_Healthy</styleUrl>
          <ExtendedData>
            <Data name="id"><value>2779</value></Data>
            <Data name="Class"><value>Healthy</value></Data>
          </ExtendedData>
          <Point><coordinates>102.668206700,2.742266745,0</coordinates></Point>
        </Placemark>

        <Placemark>
          <name>2780</name>
          <styleUrl>#style_Healthy</styleUrl>
          <ExtendedData>
            <Data name="id"><value>2780</value></Data>
            <Data name="Class"><value>Healthy</value></Data>
          </ExtendedData>
          <Point><coordinates>102.668141500,2.742232923,0</coordinates></Point>
        </Placemark>

        <Placemark>
          <name>2781</name>
          <styleUrl>#style_Healthy</styleUrl>
          <ExtendedData>
            <Data name="id"><value>2781</value></Data>
            <Data name="Class"><value>Healthy</value></Data>
          </ExtendedData>
          <Point><coordinates>102.668410800,2.742304325,0</coordinates></Point>
        </Placemark>
    </Folder>
    <Folder>
      <name>Middle (493)</name>
      <open>0</open>
        <Placemark>
          <name>34</name>
          <styleUrl>#style_Middle</styleUrl>
          <ExtendedData>
            <Data name="id"><value>34</value></Data>
            <Data name="Class"><value>Middle</value></Data>
          </ExtendedData>
          <Point><coordinates>102.667724500,2.746083389,0</coordinates></Point>
        </Placemark>

        <Placemark>
          <name>165</name>
          <styleUrl>#style_Middle</styleUrl>
          <ExtendedData>
            <Data name="id"><value>165</value></Data>
            <Data name="Class"><value>Middle</value></Data>
          </ExtendedData>
          <Point><coordinates>102.667161200,2.743690184,0</coordinates></Point>
        </Placemark>

        <Placemark>
          <name>166</name>
          <styleUrl>#style_Middle</styleUrl>
          <ExtendedData>
            <Data name="id"><value>166</value></Data>
            <Data name="Class"><value>Middle</value></Data>
          </ExtendedData>
          <Point><coordinates>102.667166200,2.743610848,0</coordinates></Point>
        </Placemark>

        <Placemark>
          <name>169</name>
          <styleUrl>#style_Middle</styleUrl>
          <ExtendedData>
            <Data name="id"><value>169</value></Data>
            <Data name="Class"><value>Middle</value></Data>
          </ExtendedData>
          <Point><coordinates>102.667307300,2.743692689,0</coordinates></Point>
        </Placemark>

        <Placemark>
          <name>173</name>
          <styleUrl>#style_Middle</styleUrl>
          <ExtendedData>
            <Data name="id"><value>173</value></Data>
            <Data name="Class"><value>Middle</value></Data>
          </ExtendedData>
          <Point><coordinates>102.667302300,2.743944056,0</coordinates></Point>
        </Placemark>

        <Placemark>
          <name>184</name>
          <styleUrl>#style_Middle</styleUrl>
          <ExtendedData>
            <Data name="id"><value>184</value></Data>
            <Data name="Class"><value>Middle</value></Data>
          </ExtendedData>
          <Point><coordinates>102.667446000,2.743940715,0</coordinates></Point>
        </Placemark>

        <Placemark>
          <name>185</name>
          <styleUrl>#style_Middle</styleUrl>
          <ExtendedData>
            <Data name="id"><value>185</value></Data>
            <Data name="Class"><value>Middle</value></Data>
          </ExtendedData>
          <Point><coordinates>102.667375000,2.743897290,0</coordinates></Point>
        </Placemark>

        <Placemark>
          <name>186</name>
          <styleUrl>#style_Middle</styleUrl>
          <ExtendedData>
            <Data name="id"><value>186</value></Data>
            <Data name="Class"><value>Middle</value></Data>
          </ExtendedData>
          <Point><coordinates>102.667305700,2.743858875,0</coordinates></Point>
        </Placemark>

        <Placemark>
          <name>187</name>
          <styleUrl>#style_Middle</styleUrl>
          <ExtendedData>
            <Data name="id"><value>187</value></Data>
            <Data name="Class"><value>Middle</value></Data>
          </ExtendedData>
          <Point><coordinates>102.667305700,2.743776199,0</coordinates></Point>
        </Placemark>

        <Placemark>
          <name>191</name>
          <styleUrl>#style_Middle</styleUrl>
          <ExtendedData>
            <Data name="id"><value>191</value></Data>
            <Data name="Class"><value>Middle</value></Data>
          </ExtendedData>
          <Point><coordinates>102.667511100,2.743733609,0</coordinates></Point>
        </Placemark>

        <Placemark>
          <name>192</name>
          <styleUrl>#style_Middle</styleUrl>
          <ExtendedData>
            <Data name="id"><value>192</value></Data>
            <Data name="Class"><value>Middle</value></Data>
          </ExtendedData>
          <Point><coordinates>102.667487700,2.743646758,0</coordinates></Point>
        </Placemark>

        <Placemark>
          <name>196</name>
          <styleUrl>#style_Middle</styleUrl>
          <ExtendedData>
            <Data name="id"><value>196</value></Data>
            <Data name="Class"><value>Middle</value></Data>
          </ExtendedData>
          <Point><coordinates>102.667461000,2.743570763,0</coordinates></Point>
        </Placemark>

        <Placemark>
          <name>204</name>
          <styleUrl>#style_Middle</styleUrl>
          <ExtendedData>
            <Data name="id"><value>204</value></Data>
            <Data name="Class"><value>Middle</value></Data>
          </ExtendedData>
          <Point><coordinates>102.667094400,2.743739455,0</coordinates></Point>
        </Placemark>

        <Placemark>
          <name>210</name>
          <styleUrl>#style_Middle</styleUrl>
          <ExtendedData>
            <Data name="id"><value>210</value></Data>
            <Data name="Class"><value>Middle</value></Data>
          </ExtendedData>
          <Point><coordinates>102.667230500,2.743483912,0</coordinates></Point>
        </Placemark>

        <Placemark>
          <name>212</name>
          <styleUrl>#style_Middle</styleUrl>
          <ExtendedData>
            <Data name="id"><value>212</value></Data>
            <Data name="Class"><value>Middle</value></Data>
          </ExtendedData>
          <Point><coordinates>102.667237200,2.743320231,0</coordinates></Point>
        </Placemark>

        <Placemark>
          <name>256</name>
          <styleUrl>#style_Middle</styleUrl>
          <ExtendedData>
            <Data name="id"><value>256</value></Data>
            <Data name="Class"><value>Middle</value></Data>
          </ExtendedData>
          <Point><coordinates>102.667575800,2.743393094,0</coordinates></Point>
        </Placemark>

        <Placemark>
          <name>333</name>
          <styleUrl>#style_Middle</styleUrl>
          <ExtendedData>
            <Data name="id"><value>333</value></Data>
            <Data name="Class"><value>Middle</value></Data>
          </ExtendedData>
          <Point><coordinates>102.668325500,2.742466335,0</coordinates></Point>
        </Placemark>

        <Placemark>
          <name>365</name>
          <styleUrl>#style_Middle</styleUrl>
          <ExtendedData>
            <Data name="id"><value>365</value></Data>
            <Data name="Class"><value>Middle</value></Data>
          </ExtendedData>
          <Point><coordinates>102.668798600,2.742335015,0</coordinates></Point>
        </Placemark>

        <Placemark>
          <name>366</name>
          <styleUrl>#style_Middle</styleUrl>
          <ExtendedData>
            <Data name="id"><value>366</value></Data>
            <Data name="Class"><value>Middle</value></Data>
          </ExtendedData>
          <Point><coordinates>102.668718400,2.742378440,0</coordinates></Point>
        </Placemark>

        <Placemark>
          <name>376</name>
          <styleUrl>#style_Middle</styleUrl>
          <ExtendedData>
            <Data name="id"><value>376</value></Data>
            <Data name="Class"><value>Middle</value></Data>
          </ExtendedData>
          <Point><coordinates>102.668591500,2.742779291,0</coordinates></Point>
        </Placemark>

        <Placemark>
          <name>396</name>
          <styleUrl>#style_Middle</styleUrl>
          <ExtendedData>
            <Data name="id"><value>396</value></Data>
            <Data name="Class"><value>Middle</value></Data>
          </ExtendedData>
          <Point><coordinates>102.668656600,2.742656531,0</coordinates></Point>
        </Placemark>

        <Placemark>
          <name>399</name>
          <styleUrl>#style_Middle</styleUrl>
          <ExtendedData>
            <Data name="id"><value>399</value></Data>
            <Data name="Class"><value>Middle</value></Data>
          </ExtendedData>
          <Point><coordinates>102.668866300,2.742609765,0</coordinates></Point>
        </Placemark>

        <Placemark>
          <name>421</name>
          <styleUrl>#style_Middle</styleUrl>
          <ExtendedData>
            <Data name="id"><value>421</value></Data>
            <Data name="Class"><value>Middle</value></Data>
          </ExtendedData>
          <Point><coordinates>102.669279800,2.742437315,0</coordinates></Point>
        </Placemark>

        <Placemark>
          <name>422</name>
          <styleUrl>#style_Middle</styleUrl>
          <ExtendedData>
            <Data name="id"><value>422</value></Data>
            <Data name="Class"><value>Middle</value></Data>
          </ExtendedData>
          <Point><coordinates>102.669206400,2.742485752,0</coordinates></Point>
        </Placemark>

        <Placemark>
          <name>434</name>
          <styleUrl>#style_Middle</styleUrl>
          <ExtendedData>
            <Data name="id"><value>434</value></Data>
            <Data name="Class"><value>Middle</value></Data>
          </ExtendedData>
          <Point><coordinates>102.669415100,2.742438151,0</coordinates></Point>
        </Placemark>

        <Placemark>
          <name>436</name>
          <styleUrl>#style_Middle</styleUrl>
          <ExtendedData>
            <Data name="id"><value>436</value></Data>
            <Data name="Class"><value>Middle</value></Data>
          </ExtendedData>
          <Point><coordinates>102.669413500,2.742280315,0</coordinates></Point>
        </Placemark>

        <Placemark>
          <name>438</name>
          <styleUrl>#style_Middle</styleUrl>
          <ExtendedData>
            <Data name="id"><value>438</value></Data>
            <Data name="Class"><value>Middle</value></Data>
          </ExtendedData>
          <Point><coordinates>102.669487800,2.742397230,0</coordinates></Point>
        </Placemark>

        <Placemark>
          <name>440</name>
          <styleUrl>#style_Middle</styleUrl>
          <ExtendedData>
            <Data name="id"><value>440</value></Data>
            <Data name="Class"><value>Middle</value></Data>
          </ExtendedData>
          <Point><coordinates>102.669618900,2.742313720,0</coordinates></Point>
        </Placemark>

        <Placemark>
          <name>456</name>
          <styleUrl>#style_Middle</styleUrl>
          <ExtendedData>
            <Data name="id"><value>456</value></Data>
            <Data name="Class"><value>Middle</value></Data>
          </ExtendedData>
          <Point><coordinates>102.669975500,2.742661959,0</coordinates></Point>
        </Placemark>

        <Placemark>
          <name>527</name>
          <styleUrl>#style_Middle</styleUrl>
          <ExtendedData>
            <Data name="id"><value>527</value></Data>
            <Data name="Class"><value>Middle</value></Data>
          </ExtendedData>
          <Point><coordinates>102.670894100,2.742358398,0</coordinates></Point>
        </Placemark>

        <Placemark>
          <name>528</name>
          <styleUrl>#style_Middle</styleUrl>
          <ExtendedData>
            <Data name="id"><value>528</value></Data>
            <Data name="Class"><value>Middle</value></Data>
          </ExtendedData>
          <Point><coordinates>102.670819800,2.742344201,0</coordinates></Point>
        </Placemark>

        <Placemark>
          <name>540</name>
          <styleUrl>#style_Middle</styleUrl>
          <ExtendedData>
            <Data name="id"><value>540</value></Data>
            <Data name="Class"><value>Middle</value></Data>
          </ExtendedData>
          <Point><coordinates>102.670818900,2.742617281,0</coordinates></Point>
        </Placemark>

        <Placemark>
          <name>597</name>
          <styleUrl>#style_Middle</styleUrl>
          <ExtendedData>
            <Data name="id"><value>597</value></Data>
            <Data name="Class"><value>Middle</value></Data>
          </ExtendedData>
          <Point><coordinates>102.671579700,2.742295765,0</coordinates></Point>
        </Placemark>

        <Placemark>
          <name>603</name>
          <styleUrl>#style_Middle</styleUrl>
          <ExtendedData>
            <Data name="id"><value>603</value></Data>
            <Data name="Class"><value>Middle</value></Data>
          </ExtendedData>
          <Point><coordinates>102.671691600,2.742646510,0</coordinates></Point>
        </Placemark>

        <Placemark>
          <name>608</name>
          <styleUrl>#style_Middle</styleUrl>
          <ExtendedData>
            <Data name="id"><value>608</value></Data>
            <Data name="Class"><value>Middle</value></Data>
          </ExtendedData>
          <Point><coordinates>102.671826100,2.742690770,0</coordinates></Point>
        </Placemark>

        <Placemark>
          <name>609</name>
          <styleUrl>#style_Middle</styleUrl>
          <ExtendedData>
            <Data name="id"><value>609</value></Data>
            <Data name="Class"><value>Middle</value></Data>
          </ExtendedData>
          <Point><coordinates>102.671887000,2.742742547,0</coordinates></Point>
        </Placemark>

        <Placemark>
          <name>618</name>
          <styleUrl>#style_Middle</styleUrl>
          <ExtendedData>
            <Data name="id"><value>618</value></Data>
            <Data name="Class"><value>Middle</value></Data>
          </ExtendedData>
          <Point><coordinates>102.671985600,2.742562999,0</coordinates></Point>
        </Placemark>

        <Placemark>
          <name>619</name>
          <styleUrl>#style_Middle</styleUrl>
          <ExtendedData>
            <Data name="id"><value>619</value></Data>
            <Data name="Class"><value>Middle</value></Data>
          </ExtendedData>
          <Point><coordinates>102.671921300,2.742532100,0</coordinates></Point>
        </Placemark>

        <Placemark>
          <name>674</name>
          <styleUrl>#style_Middle</styleUrl>
          <ExtendedData>
            <Data name="id"><value>674</value></Data>
            <Data name="Class"><value>Middle</value></Data>
          </ExtendedData>
          <Point><coordinates>102.671610600,2.742994749,0</coordinates></Point>
        </Placemark>

        <Placemark>
          <name>681</name>
          <styleUrl>#style_Middle</styleUrl>
          <ExtendedData>
            <Data name="id"><value>681</value></Data>
            <Data name="Class"><value>Middle</value></Data>
          </ExtendedData>
          <Point><coordinates>102.671828600,2.742959674,0</coordinates></Point>
        </Placemark>

        <Placemark>
          <name>683</name>
          <styleUrl>#style_Middle</styleUrl>
          <ExtendedData>
            <Data name="id"><value>683</value></Data>
            <Data name="Class"><value>Middle</value></Data>
          </ExtendedData>
          <Point><coordinates>102.671977200,2.742988903,0</coordinates></Point>
        </Placemark>

        <Placemark>
          <name>690</name>
          <styleUrl>#style_Middle</styleUrl>
          <ExtendedData>
            <Data name="id"><value>690</value></Data>
            <Data name="Class"><value>Middle</value></Data>
          </ExtendedData>
          <Point><coordinates>102.672277900,2.743169286,0</coordinates></Point>
        </Placemark>

        <Placemark>
          <name>696</name>
          <styleUrl>#style_Middle</styleUrl>
          <ExtendedData>
            <Data name="id"><value>696</value></Data>
            <Data name="Class"><value>Middle</value></Data>
          </ExtendedData>
          <Point><coordinates>102.672049900,2.743006440,0</coordinates></Point>
        </Placemark>

        <Placemark>
          <name>698</name>
          <styleUrl>#style_Middle</styleUrl>
          <ExtendedData>
            <Data name="id"><value>698</value></Data>
            <Data name="Class"><value>Middle</value></Data>
          </ExtendedData>
          <Point><coordinates>102.671993900,2.743092456,0</coordinates></Point>
        </Placemark>

        <Placemark>
          <name>706</name>
          <styleUrl>#style_Middle</styleUrl>
          <ExtendedData>
            <Data name="id"><value>706</value></Data>
            <Data name="Class"><value>Middle</value></Data>
          </ExtendedData>
          <Point><coordinates>102.671839400,2.743166781,0</coordinates></Point>
        </Placemark>

        <Placemark>
          <name>721</name>
          <styleUrl>#style_Middle</styleUrl>
          <ExtendedData>
            <Data name="id"><value>721</value></Data>
            <Data name="Class"><value>Middle</value></Data>
          </ExtendedData>
          <Point><coordinates>102.671875400,2.743505834,0</coordinates></Point>
        </Placemark>

        <Placemark>
          <name>725</name>
          <styleUrl>#style_Middle</styleUrl>
          <ExtendedData>
            <Data name="id"><value>725</value></Data>
            <Data name="Class"><value>Middle</value></Data>
          </ExtendedData>
          <Point><coordinates>102.671857000,2.743281190,0</coordinates></Point>
        </Placemark>

        <Placemark>
          <name>726</name>
          <styleUrl>#style_Middle</styleUrl>
          <ExtendedData>
            <Data name="id"><value>726</value></Data>
            <Data name="Class"><value>Middle</value></Data>
          </ExtendedData>
          <Point><coordinates>102.671775100,2.743239435,0</coordinates></Point>
        </Placemark>

        <Placemark>
          <name>727</name>
          <styleUrl>#style_Middle</styleUrl>
          <ExtendedData>
            <Data name="id"><value>727</value></Data>
            <Data name="Class"><value>Middle</value></Data>
          </ExtendedData>
          <Point><coordinates>102.671706700,2.743211041,0</coordinates></Point>
        </Placemark>

        <Placemark>
          <name>734</name>
          <styleUrl>#style_Middle</styleUrl>
          <ExtendedData>
            <Data name="id"><value>734</value></Data>
            <Data name="Class"><value>Middle</value></Data>
          </ExtendedData>
          <Point><coordinates>102.671635700,2.743550930,0</coordinates></Point>
        </Placemark>

        <Placemark>
          <name>736</name>
          <styleUrl>#style_Middle</styleUrl>
          <ExtendedData>
            <Data name="id"><value>736</value></Data>
            <Data name="Class"><value>Middle</value></Data>
          </ExtendedData>
          <Point><coordinates>102.671625700,2.743383908,0</coordinates></Point>
        </Placemark>

        <Placemark>
          <name>737</name>
          <styleUrl>#style_Middle</styleUrl>
          <ExtendedData>
            <Data name="id"><value>737</value></Data>
            <Data name="Class"><value>Middle</value></Data>
          </ExtendedData>
          <Point><coordinates>102.671694100,2.743350504,0</coordinates></Point>
        </Placemark>

        <Placemark>
          <name>748</name>
          <styleUrl>#style_Middle</styleUrl>
          <ExtendedData>
            <Data name="id"><value>748</value></Data>
            <Data name="Class"><value>Middle</value></Data>
          </ExtendedData>
          <Point><coordinates>102.672054100,2.743553435,0</coordinates></Point>
        </Placemark>

        <Placemark>
          <name>750</name>
          <styleUrl>#style_Middle</styleUrl>
          <ExtendedData>
            <Data name="id"><value>750</value></Data>
            <Data name="Class"><value>Middle</value></Data>
          </ExtendedData>
          <Point><coordinates>102.671935500,2.743611057,0</coordinates></Point>
        </Placemark>

        <Placemark>
          <name>759</name>
          <styleUrl>#style_Middle</styleUrl>
          <ExtendedData>
            <Data name="id"><value>759</value></Data>
            <Data name="Class"><value>Middle</value></Data>
          </ExtendedData>
          <Point><coordinates>102.671651500,2.743716281,0</coordinates></Point>
        </Placemark>

        <Placemark>
          <name>766</name>
          <styleUrl>#style_Middle</styleUrl>
          <ExtendedData>
            <Data name="id"><value>766</value></Data>
            <Data name="Class"><value>Middle</value></Data>
          </ExtendedData>
          <Point><coordinates>102.671952200,2.743830690,0</coordinates></Point>
        </Placemark>

        <Placemark>
          <name>767</name>
          <styleUrl>#style_Middle</styleUrl>
          <ExtendedData>
            <Data name="id"><value>767</value></Data>
            <Data name="Class"><value>Middle</value></Data>
          </ExtendedData>
          <Point><coordinates>102.671983900,2.743916706,0</coordinates></Point>
        </Placemark>

        <Placemark>
          <name>768</name>
          <styleUrl>#style_Middle</styleUrl>
          <ExtendedData>
            <Data name="id"><value>768</value></Data>
            <Data name="Class"><value>Middle</value></Data>
          </ExtendedData>
          <Point><coordinates>102.672026500,2.743970988,0</coordinates></Point>
        </Placemark>

        <Placemark>
          <name>770</name>
          <styleUrl>#style_Middle</styleUrl>
          <ExtendedData>
            <Data name="id"><value>770</value></Data>
            <Data name="Class"><value>Middle</value></Data>
          </ExtendedData>
          <Point><coordinates>102.672114200,2.743931738,0</coordinates></Point>
        </Placemark>

        <Placemark>
          <name>776</name>
          <styleUrl>#style_Middle</styleUrl>
          <ExtendedData>
            <Data name="id"><value>776</value></Data>
            <Data name="Class"><value>Middle</value></Data>
          </ExtendedData>
          <Point><coordinates>102.672135900,2.744089573,0</coordinates></Point>
        </Placemark>

        <Placemark>
          <name>780</name>
          <styleUrl>#style_Middle</styleUrl>
          <ExtendedData>
            <Data name="id"><value>780</value></Data>
            <Data name="Class"><value>Middle</value></Data>
          </ExtendedData>
          <Point><coordinates>102.672160100,2.744150536,0</coordinates></Point>
        </Placemark>

        <Placemark>
          <name>786</name>
          <styleUrl>#style_Middle</styleUrl>
          <ExtendedData>
            <Data name="id"><value>786</value></Data>
            <Data name="Class"><value>Middle</value></Data>
          </ExtendedData>
          <Point><coordinates>102.671783500,2.743785594,0</coordinates></Point>
        </Placemark>

        <Placemark>
          <name>787</name>
          <styleUrl>#style_Middle</styleUrl>
          <ExtendedData>
            <Data name="id"><value>787</value></Data>
            <Data name="Class"><value>Middle</value></Data>
          </ExtendedData>
          <Point><coordinates>102.671755900,2.743859919,0</coordinates></Point>
        </Placemark>

        <Placemark>
          <name>793</name>
          <styleUrl>#style_Middle</styleUrl>
          <ExtendedData>
            <Data name="id"><value>793</value></Data>
            <Data name="Class"><value>Middle</value></Data>
          </ExtendedData>
          <Point><coordinates>102.671879500,2.743997711,0</coordinates></Point>
        </Placemark>

        <Placemark>
          <name>794</name>
          <styleUrl>#style_Middle</styleUrl>
          <ExtendedData>
            <Data name="id"><value>794</value></Data>
            <Data name="Class"><value>Middle</value></Data>
          </ExtendedData>
          <Point><coordinates>102.671830300,2.743920047,0</coordinates></Point>
        </Placemark>

        <Placemark>
          <name>795</name>
          <styleUrl>#style_Middle</styleUrl>
          <ExtendedData>
            <Data name="id"><value>795</value></Data>
            <Data name="Class"><value>Middle</value></Data>
          </ExtendedData>
          <Point><coordinates>102.671732600,2.743935914,0</coordinates></Point>
        </Placemark>

        <Placemark>
          <name>802</name>
          <styleUrl>#style_Middle</styleUrl>
          <ExtendedData>
            <Data name="id"><value>802</value></Data>
            <Data name="Class"><value>Middle</value></Data>
          </ExtendedData>
          <Point><coordinates>102.671537100,2.744005227,0</coordinates></Point>
        </Placemark>

        <Placemark>
          <name>804</name>
          <styleUrl>#style_Middle</styleUrl>
          <ExtendedData>
            <Data name="id"><value>804</value></Data>
            <Data name="Class"><value>Middle</value></Data>
          </ExtendedData>
          <Point><coordinates>102.671613100,2.744013578,0</coordinates></Point>
        </Placemark>

        <Placemark>
          <name>808</name>
          <styleUrl>#style_Middle</styleUrl>
          <ExtendedData>
            <Data name="id"><value>808</value></Data>
            <Data name="Class"><value>Middle</value></Data>
          </ExtendedData>
          <Point><coordinates>102.671768500,2.744049488,0</coordinates></Point>
        </Placemark>

        <Placemark>
          <name>809</name>
          <styleUrl>#style_Middle</styleUrl>
          <ExtendedData>
            <Data name="id"><value>809</value></Data>
            <Data name="Class"><value>Middle</value></Data>
          </ExtendedData>
          <Point><coordinates>102.671846100,2.744077882,0</coordinates></Point>
        </Placemark>

        <Placemark>
          <name>811</name>
          <styleUrl>#style_Middle</styleUrl>
          <ExtendedData>
            <Data name="id"><value>811</value></Data>
            <Data name="Class"><value>Middle</value></Data>
          </ExtendedData>
          <Point><coordinates>102.671808500,2.744149701,0</coordinates></Point>
        </Placemark>

        <Placemark>
          <name>813</name>
          <styleUrl>#style_Middle</styleUrl>
          <ExtendedData>
            <Data name="id"><value>813</value></Data>
            <Data name="Class"><value>Middle</value></Data>
          </ExtendedData>
          <Point><coordinates>102.671672400,2.744082057,0</coordinates></Point>
        </Placemark>

        <Placemark>
          <name>824</name>
          <styleUrl>#style_Middle</styleUrl>
          <ExtendedData>
            <Data name="id"><value>824</value></Data>
            <Data name="Class"><value>Middle</value></Data>
          </ExtendedData>
          <Point><coordinates>102.672005600,2.744254089,0</coordinates></Point>
        </Placemark>

        <Placemark>
          <name>831</name>
          <styleUrl>#style_Middle</styleUrl>
          <ExtendedData>
            <Data name="id"><value>831</value></Data>
            <Data name="Class"><value>Middle</value></Data>
          </ExtendedData>
          <Point><coordinates>102.671629000,2.744313382,0</coordinates></Point>
        </Placemark>

        <Placemark>
          <name>835</name>
          <styleUrl>#style_Middle</styleUrl>
          <ExtendedData>
            <Data name="id"><value>835</value></Data>
            <Data name="Class"><value>Middle</value></Data>
          </ExtendedData>
          <Point><coordinates>102.671403500,2.744267451,0</coordinates></Point>
        </Placemark>

        <Placemark>
          <name>836</name>
          <styleUrl>#style_Middle</styleUrl>
          <ExtendedData>
            <Data name="id"><value>836</value></Data>
            <Data name="Class"><value>Middle</value></Data>
          </ExtendedData>
          <Point><coordinates>102.671348400,2.744259935,0</coordinates></Point>
        </Placemark>

        <Placemark>
          <name>843</name>
          <styleUrl>#style_Middle</styleUrl>
          <ExtendedData>
            <Data name="id"><value>843</value></Data>
            <Data name="Class"><value>Middle</value></Data>
          </ExtendedData>
          <Point><coordinates>102.671472800,2.744391882,0</coordinates></Point>
        </Placemark>

        <Placemark>
          <name>846</name>
          <styleUrl>#style_Middle</styleUrl>
          <ExtendedData>
            <Data name="id"><value>846</value></Data>
            <Data name="Class"><value>Middle</value></Data>
          </ExtendedData>
          <Point><coordinates>102.671629000,2.744426121,0</coordinates></Point>
        </Placemark>

        <Placemark>
          <name>851</name>
          <styleUrl>#style_Middle</styleUrl>
          <ExtendedData>
            <Data name="id"><value>851</value></Data>
            <Data name="Class"><value>Middle</value></Data>
          </ExtendedData>
          <Point><coordinates>102.671975600,2.744331754,0</coordinates></Point>
        </Placemark>

        <Placemark>
          <name>860</name>
          <styleUrl>#style_Middle</styleUrl>
          <ExtendedData>
            <Data name="id"><value>860</value></Data>
            <Data name="Class"><value>Middle</value></Data>
          </ExtendedData>
          <Point><coordinates>102.672079100,2.744309206,0</coordinates></Point>
        </Placemark>

        <Placemark>
          <name>868</name>
          <styleUrl>#style_Middle</styleUrl>
          <ExtendedData>
            <Data name="id"><value>868</value></Data>
            <Data name="Class"><value>Middle</value></Data>
          </ExtendedData>
          <Point><coordinates>102.672168500,2.744693355,0</coordinates></Point>
        </Placemark>

        <Placemark>
          <name>870</name>
          <styleUrl>#style_Middle</styleUrl>
          <ExtendedData>
            <Data name="id"><value>870</value></Data>
            <Data name="Class"><value>Middle</value></Data>
          </ExtendedData>
          <Point><coordinates>102.672054900,2.744695025,0</coordinates></Point>
        </Placemark>

        <Placemark>
          <name>874</name>
          <styleUrl>#style_Middle</styleUrl>
          <ExtendedData>
            <Data name="id"><value>874</value></Data>
            <Data name="Class"><value>Middle</value></Data>
          </ExtendedData>
          <Point><coordinates>102.672277900,2.744672477,0</coordinates></Point>
        </Placemark>

        <Placemark>
          <name>876</name>
          <styleUrl>#style_Middle</styleUrl>
          <ExtendedData>
            <Data name="id"><value>876</value></Data>
            <Data name="Class"><value>Middle</value></Data>
          </ExtendedData>
          <Point><coordinates>102.671909600,2.744731770,0</coordinates></Point>
        </Placemark>

        <Placemark>
          <name>877</name>
          <styleUrl>#style_Middle</styleUrl>
          <ExtendedData>
            <Data name="id"><value>877</value></Data>
            <Data name="Class"><value>Middle</value></Data>
          </ExtendedData>
          <Point><coordinates>102.671834400,2.744724254,0</coordinates></Point>
        </Placemark>

        <Placemark>
          <name>878</name>
          <styleUrl>#style_Middle</styleUrl>
          <ExtendedData>
            <Data name="id"><value>878</value></Data>
            <Data name="Class"><value>Middle</value></Data>
          </ExtendedData>
          <Point><coordinates>102.671759300,2.744701706,0</coordinates></Point>
        </Placemark>

        <Placemark>
          <name>880</name>
          <styleUrl>#style_Middle</styleUrl>
          <ExtendedData>
            <Data name="id"><value>880</value></Data>
            <Data name="Class"><value>Middle</value></Data>
          </ExtendedData>
          <Point><coordinates>102.671630700,2.744713397,0</coordinates></Point>
        </Placemark>

        <Placemark>
          <name>884</name>
          <styleUrl>#style_Middle</styleUrl>
          <ExtendedData>
            <Data name="id"><value>884</value></Data>
            <Data name="Class"><value>Middle</value></Data>
          </ExtendedData>
          <Point><coordinates>102.671372600,2.744656610,0</coordinates></Point>
        </Placemark>

        <Placemark>
          <name>885</name>
          <styleUrl>#style_Middle</styleUrl>
          <ExtendedData>
            <Data name="id"><value>885</value></Data>
            <Data name="Class"><value>Middle</value></Data>
          </ExtendedData>
          <Point><coordinates>102.671451100,2.744681663,0</coordinates></Point>
        </Placemark>

        <Placemark>
          <name>888</name>
          <styleUrl>#style_Middle</styleUrl>
          <ExtendedData>
            <Data name="id"><value>888</value></Data>
            <Data name="Class"><value>Middle</value></Data>
          </ExtendedData>
          <Point><coordinates>102.671462000,2.744531344,0</coordinates></Point>
        </Placemark>

        <Placemark>
          <name>890</name>
          <styleUrl>#style_Middle</styleUrl>
          <ExtendedData>
            <Data name="id"><value>890</value></Data>
            <Data name="Class"><value>Middle</value></Data>
          </ExtendedData>
          <Point><coordinates>102.671501200,2.744608174,0</coordinates></Point>
        </Placemark>

        <Placemark>
          <name>891</name>
          <styleUrl>#style_Middle</styleUrl>
          <ExtendedData>
            <Data name="id"><value>891</value></Data>
            <Data name="Class"><value>Middle</value></Data>
          </ExtendedData>
          <Point><coordinates>102.671533000,2.744677488,0</coordinates></Point>
        </Placemark>

        <Placemark>
          <name>892</name>
          <styleUrl>#style_Middle</styleUrl>
          <ExtendedData>
            <Data name="id"><value>892</value></Data>
            <Data name="Class"><value>Middle</value></Data>
          </ExtendedData>
          <Point><coordinates>102.671598900,2.744646589,0</coordinates></Point>
        </Placemark>

        <Placemark>
          <name>894</name>
          <styleUrl>#style_Middle</styleUrl>
          <ExtendedData>
            <Data name="id"><value>894</value></Data>
            <Data name="Class"><value>Middle</value></Data>
          </ExtendedData>
          <Point><coordinates>102.671639900,2.744572264,0</coordinates></Point>
        </Placemark>

        <Placemark>
          <name>911</name>
          <styleUrl>#style_Middle</styleUrl>
          <ExtendedData>
            <Data name="id"><value>911</value></Data>
            <Data name="Class"><value>Middle</value></Data>
          </ExtendedData>
          <Point><coordinates>102.671335900,2.744577275,0</coordinates></Point>
        </Placemark>

        <Placemark>
          <name>912</name>
          <styleUrl>#style_Middle</styleUrl>
          <ExtendedData>
            <Data name="id"><value>912</value></Data>
            <Data name="Class"><value>Middle</value></Data>
          </ExtendedData>
          <Point><coordinates>102.672305400,2.744747637,0</coordinates></Point>
        </Placemark>

        <Placemark>
          <name>918</name>
          <styleUrl>#style_Middle</styleUrl>
          <ExtendedData>
            <Data name="id"><value>918</value></Data>
            <Data name="Class"><value>Middle</value></Data>
          </ExtendedData>
          <Point><coordinates>102.672177700,2.744840334,0</coordinates></Point>
        </Placemark>

        <Placemark>
          <name>920</name>
          <styleUrl>#style_Middle</styleUrl>
          <ExtendedData>
            <Data name="id"><value>920</value></Data>
            <Data name="Class"><value>Middle</value></Data>
          </ExtendedData>
          <Point><coordinates>102.672125100,2.744929272,0</coordinates></Point>
        </Placemark>

        <Placemark>
          <name>921</name>
          <styleUrl>#style_Middle</styleUrl>
          <ExtendedData>
            <Data name="id"><value>921</value></Data>
            <Data name="Class"><value>Middle</value></Data>
          </ExtendedData>
          <Point><coordinates>102.672202700,2.744929272,0</coordinates></Point>
        </Placemark>

        <Placemark>
          <name>927</name>
          <styleUrl>#style_Middle</styleUrl>
          <ExtendedData>
            <Data name="id"><value>927</value></Data>
            <Data name="Class"><value>Middle</value></Data>
          </ExtendedData>
          <Point><coordinates>102.671929600,2.744820291,0</coordinates></Point>
        </Placemark>

        <Placemark>
          <name>928</name>
          <styleUrl>#style_Middle</styleUrl>
          <ExtendedData>
            <Data name="id"><value>928</value></Data>
            <Data name="Class"><value>Middle</value></Data>
          </ExtendedData>
          <Point><coordinates>102.671858200,2.744815280,0</coordinates></Point>
        </Placemark>

        <Placemark>
          <name>929</name>
          <styleUrl>#style_Middle</styleUrl>
          <ExtendedData>
            <Data name="id"><value>929</value></Data>
            <Data name="Class"><value>Middle</value></Data>
          </ExtendedData>
          <Point><coordinates>102.671744200,2.744783964,0</coordinates></Point>
        </Placemark>

        <Placemark>
          <name>930</name>
          <styleUrl>#style_Middle</styleUrl>
          <ExtendedData>
            <Data name="id"><value>930</value></Data>
            <Data name="Class"><value>Middle</value></Data>
          </ExtendedData>
          <Point><coordinates>102.671661600,2.744792733,0</coordinates></Point>
        </Placemark>

        <Placemark>
          <name>931</name>
          <styleUrl>#style_Middle</styleUrl>
          <ExtendedData>
            <Data name="id"><value>931</value></Data>
            <Data name="Class"><value>Middle</value></Data>
          </ExtendedData>
          <Point><coordinates>102.671590200,2.744809017,0</coordinates></Point>
        </Placemark>

        <Placemark>
          <name>932</name>
          <styleUrl>#style_Middle</styleUrl>
          <ExtendedData>
            <Data name="id"><value>932</value></Data>
            <Data name="Class"><value>Middle</value></Data>
          </ExtendedData>
          <Point><coordinates>102.671523800,2.744816533,0</coordinates></Point>
        </Placemark>

        <Placemark>
          <name>937</name>
          <styleUrl>#style_Middle</styleUrl>
          <ExtendedData>
            <Data name="id"><value>937</value></Data>
            <Data name="Class"><value>Middle</value></Data>
          </ExtendedData>
          <Point><coordinates>102.671302100,2.744636150,0</coordinates></Point>
        </Placemark>

        <Placemark>
          <name>942</name>
          <styleUrl>#style_Middle</styleUrl>
          <ExtendedData>
            <Data name="id"><value>942</value></Data>
            <Data name="Class"><value>Middle</value></Data>
          </ExtendedData>
          <Point><coordinates>102.671500000,2.744901714,0</coordinates></Point>
        </Placemark>

        <Placemark>
          <name>944</name>
          <styleUrl>#style_Middle</styleUrl>
          <ExtendedData>
            <Data name="id"><value>944</value></Data>
            <Data name="Class"><value>Middle</value></Data>
          </ExtendedData>
          <Point><coordinates>102.671560100,2.744960589,0</coordinates></Point>
        </Placemark>

        <Placemark>
          <name>947</name>
          <styleUrl>#style_Middle</styleUrl>
          <ExtendedData>
            <Data name="id"><value>947</value></Data>
            <Data name="Class"><value>Middle</value></Data>
          </ExtendedData>
          <Point><coordinates>102.671233200,2.744910483,0</coordinates></Point>
        </Placemark>

        <Placemark>
          <name>952</name>
          <styleUrl>#style_Middle</styleUrl>
          <ExtendedData>
            <Data name="id"><value>952</value></Data>
            <Data name="Class"><value>Middle</value></Data>
          </ExtendedData>
          <Point><coordinates>102.671436100,2.745102139,0</coordinates></Point>
        </Placemark>

        <Placemark>
          <name>957</name>
          <styleUrl>#style_Middle</styleUrl>
          <ExtendedData>
            <Data name="id"><value>957</value></Data>
            <Data name="Class"><value>Middle</value></Data>
          </ExtendedData>
          <Point><coordinates>102.671580100,2.745039506,0</coordinates></Point>
        </Placemark>

        <Placemark>
          <name>962</name>
          <styleUrl>#style_Middle</styleUrl>
          <ExtendedData>
            <Data name="id"><value>962</value></Data>
            <Data name="Class"><value>Middle</value></Data>
          </ExtendedData>
          <Point><coordinates>102.671691600,2.744857871,0</coordinates></Point>
        </Placemark>

        <Placemark>
          <name>963</name>
          <styleUrl>#style_Middle</styleUrl>
          <ExtendedData>
            <Data name="id"><value>963</value></Data>
            <Data name="Class"><value>Middle</value></Data>
          </ExtendedData>
          <Point><coordinates>102.671775600,2.744861629,0</coordinates></Point>
        </Placemark>

        <Placemark>
          <name>966</name>
          <styleUrl>#style_Middle</styleUrl>
          <ExtendedData>
            <Data name="id"><value>966</value></Data>
            <Data name="Class"><value>Middle</value></Data>
          </ExtendedData>
          <Point><coordinates>102.672028600,2.744917998,0</coordinates></Point>
        </Placemark>

        <Placemark>
          <name>967</name>
          <styleUrl>#style_Middle</styleUrl>
          <ExtendedData>
            <Data name="id"><value>967</value></Data>
            <Data name="Class"><value>Middle</value></Data>
          </ExtendedData>
          <Point><coordinates>102.671988500,2.744991905,0</coordinates></Point>
        </Placemark>

        <Placemark>
          <name>973</name>
          <styleUrl>#style_Middle</styleUrl>
          <ExtendedData>
            <Data name="id"><value>973</value></Data>
            <Data name="Class"><value>Middle</value></Data>
          </ExtendedData>
          <Point><coordinates>102.671989800,2.745135961,0</coordinates></Point>
        </Placemark>

        <Placemark>
          <name>975</name>
          <styleUrl>#style_Middle</styleUrl>
          <ExtendedData>
            <Data name="id"><value>975</value></Data>
            <Data name="Class"><value>Middle</value></Data>
          </ExtendedData>
          <Point><coordinates>102.671870800,2.745054538,0</coordinates></Point>
        </Placemark>

        <Placemark>
          <name>982</name>
          <styleUrl>#style_Middle</styleUrl>
          <ExtendedData>
            <Data name="id"><value>982</value></Data>
            <Data name="Class"><value>Middle</value></Data>
          </ExtendedData>
          <Point><coordinates>102.671765500,2.745166025,0</coordinates></Point>
        </Placemark>

        <Placemark>
          <name>988</name>
          <styleUrl>#style_Middle</styleUrl>
          <ExtendedData>
            <Data name="id"><value>988</value></Data>
            <Data name="Class"><value>Middle</value></Data>
          </ExtendedData>
          <Point><coordinates>102.672299200,2.745150993,0</coordinates></Point>
        </Placemark>

        <Placemark>
          <name>990</name>
          <styleUrl>#style_Middle</styleUrl>
          <ExtendedData>
            <Data name="id"><value>990</value></Data>
            <Data name="Class"><value>Middle</value></Data>
          </ExtendedData>
          <Point><coordinates>102.672207700,2.745173541,0</coordinates></Point>
        </Placemark>

        <Placemark>
          <name>994</name>
          <styleUrl>#style_Middle</styleUrl>
          <ExtendedData>
            <Data name="id"><value>994</value></Data>
            <Data name="Class"><value>Middle</value></Data>
          </ExtendedData>
          <Point><coordinates>102.672255300,2.745426578,0</coordinates></Point>
        </Placemark>

        <Placemark>
          <name>995</name>
          <styleUrl>#style_Middle</styleUrl>
          <ExtendedData>
            <Data name="id"><value>995</value></Data>
            <Data name="Class"><value>Middle</value></Data>
          </ExtendedData>
          <Point><coordinates>102.672182700,2.745410294,0</coordinates></Point>
        </Placemark>

        <Placemark>
          <name>998</name>
          <styleUrl>#style_Middle</styleUrl>
          <ExtendedData>
            <Data name="id"><value>998</value></Data>
            <Data name="Class"><value>Middle</value></Data>
          </ExtendedData>
          <Point><coordinates>102.672087500,2.745313839,0</coordinates></Point>
        </Placemark>

        <Placemark>
          <name>1001</name>
          <styleUrl>#style_Middle</styleUrl>
          <ExtendedData>
            <Data name="id"><value>1001</value></Data>
            <Data name="Class"><value>Middle</value></Data>
          </ExtendedData>
          <Point><coordinates>102.672017300,2.745402778,0</coordinates></Point>
        </Placemark>

        <Placemark>
          <name>1002</name>
          <styleUrl>#style_Middle</styleUrl>
          <ExtendedData>
            <Data name="id"><value>1002</value></Data>
            <Data name="Class"><value>Middle</value></Data>
          </ExtendedData>
          <Point><coordinates>102.672036100,2.745479190,0</coordinates></Point>
        </Placemark>

        <Placemark>
          <name>1014</name>
          <styleUrl>#style_Middle</styleUrl>
          <ExtendedData>
            <Data name="id"><value>1014</value></Data>
            <Data name="Class"><value>Middle</value></Data>
          </ExtendedData>
          <Point><coordinates>102.671943400,2.745213626,0</coordinates></Point>
        </Placemark>

        <Placemark>
          <name>1019</name>
          <styleUrl>#style_Middle</styleUrl>
          <ExtendedData>
            <Data name="id"><value>1019</value></Data>
            <Data name="Class"><value>Middle</value></Data>
          </ExtendedData>
          <Point><coordinates>102.671706700,2.745317597,0</coordinates></Point>
        </Placemark>

        <Placemark>
          <name>1025</name>
          <styleUrl>#style_Middle</styleUrl>
          <ExtendedData>
            <Data name="id"><value>1025</value></Data>
            <Data name="Class"><value>Middle</value></Data>
          </ExtendedData>
          <Point><coordinates>102.671502500,2.745469169,0</coordinates></Point>
        </Placemark>

        <Placemark>
          <name>1050</name>
          <styleUrl>#style_Middle</styleUrl>
          <ExtendedData>
            <Data name="id"><value>1050</value></Data>
            <Data name="Class"><value>Middle</value></Data>
          </ExtendedData>
          <Point><coordinates>102.671231900,2.745495474,0</coordinates></Point>
        </Placemark>

        <Placemark>
          <name>1052</name>
          <styleUrl>#style_Middle</styleUrl>
          <ExtendedData>
            <Data name="id"><value>1052</value></Data>
            <Data name="Class"><value>Middle</value></Data>
          </ExtendedData>
          <Point><coordinates>102.671166800,2.745511759,0</coordinates></Point>
        </Placemark>

        <Placemark>
          <name>1054</name>
          <styleUrl>#style_Middle</styleUrl>
          <ExtendedData>
            <Data name="id"><value>1054</value></Data>
            <Data name="Class"><value>Middle</value></Data>
          </ExtendedData>
          <Point><coordinates>102.671166800,2.745421568,0</coordinates></Point>
        </Placemark>

        <Placemark>
          <name>1062</name>
          <styleUrl>#style_Middle</styleUrl>
          <ExtendedData>
            <Data name="id"><value>1062</value></Data>
            <Data name="Class"><value>Middle</value></Data>
          </ExtendedData>
          <Point><coordinates>102.671082800,2.745079592,0</coordinates></Point>
        </Placemark>

        <Placemark>
          <name>1067</name>
          <styleUrl>#style_Middle</styleUrl>
          <ExtendedData>
            <Data name="id"><value>1067</value></Data>
            <Data name="Class"><value>Middle</value></Data>
          </ExtendedData>
          <Point><coordinates>102.671233200,2.744589802,0</coordinates></Point>
        </Placemark>

        <Placemark>
          <name>1070</name>
          <styleUrl>#style_Middle</styleUrl>
          <ExtendedData>
            <Data name="id"><value>1070</value></Data>
            <Data name="Class"><value>Middle</value></Data>
          </ExtendedData>
          <Point><coordinates>102.671096600,2.744751395,0</coordinates></Point>
        </Placemark>

        <Placemark>
          <name>1073</name>
          <styleUrl>#style_Middle</styleUrl>
          <ExtendedData>
            <Data name="id"><value>1073</value></Data>
            <Data name="Class"><value>Middle</value></Data>
          </ExtendedData>
          <Point><coordinates>102.671160500,2.744555980,0</coordinates></Point>
        </Placemark>

        <Placemark>
          <name>1076</name>
          <styleUrl>#style_Middle</styleUrl>
          <ExtendedData>
            <Data name="id"><value>1076</value></Data>
            <Data name="Class"><value>Middle</value></Data>
          </ExtendedData>
          <Point><coordinates>102.672221500,2.745632014,0</coordinates></Point>
        </Placemark>

        <Placemark>
          <name>1077</name>
          <styleUrl>#style_Middle</styleUrl>
          <ExtendedData>
            <Data name="id"><value>1077</value></Data>
            <Data name="Class"><value>Middle</value></Data>
          </ExtendedData>
          <Point><coordinates>102.672195200,2.745692142,0</coordinates></Point>
        </Placemark>

        <Placemark>
          <name>1080</name>
          <styleUrl>#style_Middle</styleUrl>
          <ExtendedData>
            <Data name="id"><value>1080</value></Data>
            <Data name="Class"><value>Middle</value></Data>
          </ExtendedData>
          <Point><coordinates>102.672172700,2.745759786,0</coordinates></Point>
        </Placemark>

        <Placemark>
          <name>1083</name>
          <styleUrl>#style_Middle</styleUrl>
          <ExtendedData>
            <Data name="id"><value>1083</value></Data>
            <Data name="Class"><value>Middle</value></Data>
          </ExtendedData>
          <Point><coordinates>102.672093700,2.745742248,0</coordinates></Point>
        </Placemark>

        <Placemark>
          <name>1084</name>
          <styleUrl>#style_Middle</styleUrl>
          <ExtendedData>
            <Data name="id"><value>1084</value></Data>
            <Data name="Class"><value>Middle</value></Data>
          </ExtendedData>
          <Point><coordinates>102.672117500,2.745688384,0</coordinates></Point>
        </Placemark>

        <Placemark>
          <name>1087</name>
          <styleUrl>#style_Middle</styleUrl>
          <ExtendedData>
            <Data name="id"><value>1087</value></Data>
            <Data name="Class"><value>Middle</value></Data>
          </ExtendedData>
          <Point><coordinates>102.672054900,2.745549339,0</coordinates></Point>
        </Placemark>

        <Placemark>
          <name>1088</name>
          <styleUrl>#style_Middle</styleUrl>
          <ExtendedData>
            <Data name="id"><value>1088</value></Data>
            <Data name="Class"><value>Middle</value></Data>
          </ExtendedData>
          <Point><coordinates>102.672006000,2.745606961,0</coordinates></Point>
        </Placemark>

        <Placemark>
          <name>1089</name>
          <styleUrl>#style_Middle</styleUrl>
          <ExtendedData>
            <Data name="id"><value>1089</value></Data>
            <Data name="Class"><value>Middle</value></Data>
          </ExtendedData>
          <Point><coordinates>102.672052400,2.745663331,0</coordinates></Point>
        </Placemark>

        <Placemark>
          <name>1092</name>
          <styleUrl>#style_Middle</styleUrl>
          <ExtendedData>
            <Data name="id"><value>1092</value></Data>
            <Data name="Class"><value>Middle</value></Data>
          </ExtendedData>
          <Point><coordinates>102.671932100,2.745707174,0</coordinates></Point>
        </Placemark>

        <Placemark>
          <name>1095</name>
          <styleUrl>#style_Middle</styleUrl>
          <ExtendedData>
            <Data name="id"><value>1095</value></Data>
            <Data name="Class"><value>Middle</value></Data>
          </ExtendedData>
          <Point><coordinates>102.671982200,2.745530549,0</coordinates></Point>
        </Placemark>

        <Placemark>
          <name>1102</name>
          <styleUrl>#style_Middle</styleUrl>
          <ExtendedData>
            <Data name="id"><value>1102</value></Data>
            <Data name="Class"><value>Middle</value></Data>
          </ExtendedData>
          <Point><coordinates>102.671701700,2.745644541,0</coordinates></Point>
        </Placemark>

        <Placemark>
          <name>1103</name>
          <styleUrl>#style_Middle</styleUrl>
          <ExtendedData>
            <Data name="id"><value>1103</value></Data>
            <Data name="Class"><value>Middle</value></Data>
          </ExtendedData>
          <Point><coordinates>102.671642800,2.745703416,0</coordinates></Point>
        </Placemark>

        <Placemark>
          <name>1106</name>
          <styleUrl>#style_Middle</styleUrl>
          <ExtendedData>
            <Data name="id"><value>1106</value></Data>
            <Data name="Class"><value>Middle</value></Data>
          </ExtendedData>
          <Point><coordinates>102.671436100,2.745594435,0</coordinates></Point>
        </Placemark>

        <Placemark>
          <name>1109</name>
          <styleUrl>#style_Middle</styleUrl>
          <ExtendedData>
            <Data name="id"><value>1109</value></Data>
            <Data name="Class"><value>Middle</value></Data>
          </ExtendedData>
          <Point><coordinates>102.671739200,2.745730974,0</coordinates></Point>
        </Placemark>

        <Placemark>
          <name>1110</name>
          <styleUrl>#style_Middle</styleUrl>
          <ExtendedData>
            <Data name="id"><value>1110</value></Data>
            <Data name="Class"><value>Middle</value></Data>
          </ExtendedData>
          <Point><coordinates>102.671800600,2.745779828,0</coordinates></Point>
        </Placemark>

        <Placemark>
          <name>1111</name>
          <styleUrl>#style_Middle</styleUrl>
          <ExtendedData>
            <Data name="id"><value>1111</value></Data>
            <Data name="Class"><value>Middle</value></Data>
          </ExtendedData>
          <Point><coordinates>102.671870800,2.745852482,0</coordinates></Point>
        </Placemark>

        <Placemark>
          <name>1113</name>
          <styleUrl>#style_Middle</styleUrl>
          <ExtendedData>
            <Data name="id"><value>1113</value></Data>
            <Data name="Class"><value>Middle</value></Data>
          </ExtendedData>
          <Point><coordinates>102.671882000,2.745931400,0</coordinates></Point>
        </Placemark>

        <Placemark>
          <name>1115</name>
          <styleUrl>#style_Middle</styleUrl>
          <ExtendedData>
            <Data name="id"><value>1115</value></Data>
            <Data name="Class"><value>Middle</value></Data>
          </ExtendedData>
          <Point><coordinates>102.671779300,2.745859998,0</coordinates></Point>
        </Placemark>

        <Placemark>
          <name>1120</name>
          <styleUrl>#style_Middle</styleUrl>
          <ExtendedData>
            <Data name="id"><value>1120</value></Data>
            <Data name="Class"><value>Middle</value></Data>
          </ExtendedData>
          <Point><coordinates>102.671685400,2.745757280,0</coordinates></Point>
        </Placemark>

        <Placemark>
          <name>1123</name>
          <styleUrl>#style_Middle</styleUrl>
          <ExtendedData>
            <Data name="id"><value>1123</value></Data>
            <Data name="Class"><value>Middle</value></Data>
          </ExtendedData>
          <Point><coordinates>102.671471200,2.745779828,0</coordinates></Point>
        </Placemark>

        <Placemark>
          <name>1126</name>
          <styleUrl>#style_Middle</styleUrl>
          <ExtendedData>
            <Data name="id"><value>1126</value></Data>
            <Data name="Class"><value>Middle</value></Data>
          </ExtendedData>
          <Point><coordinates>102.671552600,2.745912610,0</coordinates></Point>
        </Placemark>

        <Placemark>
          <name>1127</name>
          <styleUrl>#style_Middle</styleUrl>
          <ExtendedData>
            <Data name="id"><value>1127</value></Data>
            <Data name="Class"><value>Middle</value></Data>
          </ExtendedData>
          <Point><coordinates>102.671474900,2.745935158,0</coordinates></Point>
        </Placemark>

        <Placemark>
          <name>1141</name>
          <styleUrl>#style_Middle</styleUrl>
          <ExtendedData>
            <Data name="id"><value>1141</value></Data>
            <Data name="Class"><value>Middle</value></Data>
          </ExtendedData>
          <Point><coordinates>102.671188100,2.745802376,0</coordinates></Point>
        </Placemark>

        <Placemark>
          <name>1152</name>
          <styleUrl>#style_Middle</styleUrl>
          <ExtendedData>
            <Data name="id"><value>1152</value></Data>
            <Data name="Class"><value>Middle</value></Data>
          </ExtendedData>
          <Point><coordinates>102.670886200,2.745437852,0</coordinates></Point>
        </Placemark>

        <Placemark>
          <name>1155</name>
          <styleUrl>#style_Middle</styleUrl>
          <ExtendedData>
            <Data name="id"><value>1155</value></Data>
            <Data name="Class"><value>Middle</value></Data>
          </ExtendedData>
          <Point><coordinates>102.670977600,2.745627004,0</coordinates></Point>
        </Placemark>

        <Placemark>
          <name>1160</name>
          <styleUrl>#style_Middle</styleUrl>
          <ExtendedData>
            <Data name="id"><value>1160</value></Data>
            <Data name="Class"><value>Middle</value></Data>
          </ExtendedData>
          <Point><coordinates>102.670907500,2.745784839,0</coordinates></Point>
        </Placemark>

        <Placemark>
          <name>1161</name>
          <styleUrl>#style_Middle</styleUrl>
          <ExtendedData>
            <Data name="id"><value>1161</value></Data>
            <Data name="Class"><value>Middle</value></Data>
          </ExtendedData>
          <Point><coordinates>102.670972600,2.745742248,0</coordinates></Point>
        </Placemark>

        <Placemark>
          <name>1163</name>
          <styleUrl>#style_Middle</styleUrl>
          <ExtendedData>
            <Data name="id"><value>1163</value></Data>
            <Data name="Class"><value>Middle</value></Data>
          </ExtendedData>
          <Point><coordinates>102.671081600,2.745749764,0</coordinates></Point>
        </Placemark>

        <Placemark>
          <name>1164</name>
          <styleUrl>#style_Middle</styleUrl>
          <ExtendedData>
            <Data name="id"><value>1164</value></Data>
            <Data name="Class"><value>Middle</value></Data>
          </ExtendedData>
          <Point><coordinates>102.671119200,2.745817408,0</coordinates></Point>
        </Placemark>

        <Placemark>
          <name>1166</name>
          <styleUrl>#style_Middle</styleUrl>
          <ExtendedData>
            <Data name="id"><value>1166</value></Data>
            <Data name="Class"><value>Middle</value></Data>
          </ExtendedData>
          <Point><coordinates>102.671270700,2.745892567,0</coordinates></Point>
        </Placemark>

        <Placemark>
          <name>1170</name>
          <styleUrl>#style_Middle</styleUrl>
          <ExtendedData>
            <Data name="id"><value>1170</value></Data>
            <Data name="Class"><value>Middle</value></Data>
          </ExtendedData>
          <Point><coordinates>102.671057800,2.745854988,0</coordinates></Point>
        </Placemark>

        <Placemark>
          <name>1173</name>
          <styleUrl>#style_Middle</styleUrl>
          <ExtendedData>
            <Data name="id"><value>1173</value></Data>
            <Data name="Class"><value>Middle</value></Data>
          </ExtendedData>
          <Point><coordinates>102.670991400,2.745908852,0</coordinates></Point>
        </Placemark>

        <Placemark>
          <name>1174</name>
          <styleUrl>#style_Middle</styleUrl>
          <ExtendedData>
            <Data name="id"><value>1174</value></Data>
            <Data name="Class"><value>Middle</value></Data>
          </ExtendedData>
          <Point><coordinates>102.670898700,2.745881293,0</coordinates></Point>
        </Placemark>

        <Placemark>
          <name>1175</name>
          <styleUrl>#style_Middle</styleUrl>
          <ExtendedData>
            <Data name="id"><value>1175</value></Data>
            <Data name="Class"><value>Middle</value></Data>
          </ExtendedData>
          <Point><coordinates>102.670841100,2.745916368,0</coordinates></Point>
        </Placemark>

        <Placemark>
          <name>1180</name>
          <styleUrl>#style_Middle</styleUrl>
          <ExtendedData>
            <Data name="id"><value>1180</value></Data>
            <Data name="Class"><value>Middle</value></Data>
          </ExtendedData>
          <Point><coordinates>102.670946300,2.746019086,0</coordinates></Point>
        </Placemark>

        <Placemark>
          <name>1183</name>
          <styleUrl>#style_Middle</styleUrl>
          <ExtendedData>
            <Data name="id"><value>1183</value></Data>
            <Data name="Class"><value>Middle</value></Data>
          </ExtendedData>
          <Point><coordinates>102.668556900,2.745932026,0</coordinates></Point>
        </Placemark>

        <Placemark>
          <name>1189</name>
          <styleUrl>#style_Middle</styleUrl>
          <ExtendedData>
            <Data name="id"><value>1189</value></Data>
            <Data name="Class"><value>Middle</value></Data>
          </ExtendedData>
          <Point><coordinates>102.668620100,2.745969606,0</coordinates></Point>
        </Placemark>

        <Placemark>
          <name>1191</name>
          <styleUrl>#style_Middle</styleUrl>
          <ExtendedData>
            <Data name="id"><value>1191</value></Data>
            <Data name="Class"><value>Middle</value></Data>
          </ExtendedData>
          <Point><coordinates>102.668895100,2.745980254,0</coordinates></Point>
        </Placemark>

        <Placemark>
          <name>1194</name>
          <styleUrl>#style_Middle</styleUrl>
          <ExtendedData>
            <Data name="id"><value>1194</value></Data>
            <Data name="Class"><value>Middle</value></Data>
          </ExtendedData>
          <Point><coordinates>102.669037900,2.746042887,0</coordinates></Point>
        </Placemark>

        <Placemark>
          <name>1196</name>
          <styleUrl>#style_Middle</styleUrl>
          <ExtendedData>
            <Data name="id"><value>1196</value></Data>
            <Data name="Class"><value>Middle</value></Data>
          </ExtendedData>
          <Point><coordinates>102.669179400,2.746047897,0</coordinates></Point>
        </Placemark>

        <Placemark>
          <name>1199</name>
          <styleUrl>#style_Middle</styleUrl>
          <ExtendedData>
            <Data name="id"><value>1199</value></Data>
            <Data name="Class"><value>Middle</value></Data>
          </ExtendedData>
          <Point><coordinates>102.669128100,2.745943300,0</coordinates></Point>
        </Placemark>

        <Placemark>
          <name>1208</name>
          <styleUrl>#style_Middle</styleUrl>
          <ExtendedData>
            <Data name="id"><value>1208</value></Data>
            <Data name="Class"><value>Middle</value></Data>
          </ExtendedData>
          <Point><coordinates>102.668786700,2.745802376,0</coordinates></Point>
        </Placemark>

        <Placemark>
          <name>1216</name>
          <styleUrl>#style_Middle</styleUrl>
          <ExtendedData>
            <Data name="id"><value>1216</value></Data>
            <Data name="Class"><value>Middle</value></Data>
          </ExtendedData>
          <Point><coordinates>102.669037900,2.745808639,0</coordinates></Point>
        </Placemark>

        <Placemark>
          <name>1217</name>
          <styleUrl>#style_Middle</styleUrl>
          <ExtendedData>
            <Data name="id"><value>1217</value></Data>
            <Data name="Class"><value>Middle</value></Data>
          </ExtendedData>
          <Point><coordinates>102.669173200,2.745890688,0</coordinates></Point>
        </Placemark>

        <Placemark>
          <name>1219</name>
          <styleUrl>#style_Middle</styleUrl>
          <ExtendedData>
            <Data name="id"><value>1219</value></Data>
            <Data name="Class"><value>Middle</value></Data>
          </ExtendedData>
          <Point><coordinates>102.669108000,2.745771686,0</coordinates></Point>
        </Placemark>

        <Placemark>
          <name>1221</name>
          <styleUrl>#style_Middle</styleUrl>
          <ExtendedData>
            <Data name="id"><value>1221</value></Data>
            <Data name="Class"><value>Middle</value></Data>
          </ExtendedData>
          <Point><coordinates>102.668969600,2.745688384,0</coordinates></Point>
        </Placemark>

        <Placemark>
          <name>1225</name>
          <styleUrl>#style_Middle</styleUrl>
          <ExtendedData>
            <Data name="id"><value>1225</value></Data>
            <Data name="Class"><value>Middle</value></Data>
          </ExtendedData>
          <Point><coordinates>102.669031600,2.745645167,0</coordinates></Point>
        </Placemark>

        <Placemark>
          <name>1227</name>
          <styleUrl>#style_Middle</styleUrl>
          <ExtendedData>
            <Data name="id"><value>1227</value></Data>
            <Data name="Class"><value>Middle</value></Data>
          </ExtendedData>
          <Point><coordinates>102.669178200,2.745727216,0</coordinates></Point>
        </Placemark>

        <Placemark>
          <name>1228</name>
          <styleUrl>#style_Middle</styleUrl>
          <ExtendedData>
            <Data name="id"><value>1228</value></Data>
            <Data name="Class"><value>Middle</value></Data>
          </ExtendedData>
          <Point><coordinates>102.669175000,2.745648925,0</coordinates></Point>
        </Placemark>

        <Placemark>
          <name>1229</name>
          <styleUrl>#style_Middle</styleUrl>
          <ExtendedData>
            <Data name="id"><value>1229</value></Data>
            <Data name="Class"><value>Middle</value></Data>
          </ExtendedData>
          <Point><coordinates>102.669246400,2.746084851,0</coordinates></Point>
        </Placemark>

        <Placemark>
          <name>1230</name>
          <styleUrl>#style_Middle</styleUrl>
          <ExtendedData>
            <Data name="id"><value>1230</value></Data>
            <Data name="Class"><value>Middle</value></Data>
          </ExtendedData>
          <Point><coordinates>102.669314700,2.746046645,0</coordinates></Point>
        </Placemark>

        <Placemark>
          <name>1231</name>
          <styleUrl>#style_Middle</styleUrl>
          <ExtendedData>
            <Data name="id"><value>1231</value></Data>
            <Data name="Class"><value>Middle</value></Data>
          </ExtendedData>
          <Point><coordinates>102.669244600,2.746003428,0</coordinates></Point>
        </Placemark>

        <Placemark>
          <name>1234</name>
          <styleUrl>#style_Middle</styleUrl>
          <ExtendedData>
            <Data name="id"><value>1234</value></Data>
            <Data name="Class"><value>Middle</value></Data>
          </ExtendedData>
          <Point><coordinates>102.669242100,2.745771059,0</coordinates></Point>
        </Placemark>

        <Placemark>
          <name>1239</name>
          <styleUrl>#style_Middle</styleUrl>
          <ExtendedData>
            <Data name="id"><value>1239</value></Data>
            <Data name="Class"><value>Middle</value></Data>
          </ExtendedData>
          <Point><coordinates>102.669316600,2.745806760,0</coordinates></Point>
        </Placemark>

        <Placemark>
          <name>1241</name>
          <styleUrl>#style_Middle</styleUrl>
          <ExtendedData>
            <Data name="id"><value>1241</value></Data>
            <Data name="Class"><value>Middle</value></Data>
          </ExtendedData>
          <Point><coordinates>102.669317800,2.745963969,0</coordinates></Point>
        </Placemark>

        <Placemark>
          <name>1243</name>
          <styleUrl>#style_Middle</styleUrl>
          <ExtendedData>
            <Data name="id"><value>1243</value></Data>
            <Data name="Class"><value>Middle</value></Data>
          </ExtendedData>
          <Point><coordinates>102.669384900,2.745844340,0</coordinates></Point>
        </Placemark>

        <Placemark>
          <name>1244</name>
          <styleUrl>#style_Middle</styleUrl>
          <ExtendedData>
            <Data name="id"><value>1244</value></Data>
            <Data name="Class"><value>Middle</value></Data>
          </ExtendedData>
          <Point><coordinates>102.669383000,2.746000922,0</coordinates></Point>
        </Placemark>

        <Placemark>
          <name>1245</name>
          <styleUrl>#style_Middle</styleUrl>
          <ExtendedData>
            <Data name="id"><value>1245</value></Data>
            <Data name="Class"><value>Middle</value></Data>
          </ExtendedData>
          <Point><coordinates>102.669455000,2.746039129,0</coordinates></Point>
        </Placemark>

        <Placemark>
          <name>1249</name>
          <styleUrl>#style_Middle</styleUrl>
          <ExtendedData>
            <Data name="id"><value>1249</value></Data>
            <Data name="Class"><value>Middle</value></Data>
          </ExtendedData>
          <Point><coordinates>102.669447500,2.745810518,0</coordinates></Point>
        </Placemark>

        <Placemark>
          <name>1251</name>
          <styleUrl>#style_Middle</styleUrl>
          <ExtendedData>
            <Data name="id"><value>1251</value></Data>
            <Data name="Class"><value>Middle</value></Data>
          </ExtendedData>
          <Point><coordinates>102.669523900,2.745764796,0</coordinates></Point>
        </Placemark>

        <Placemark>
          <name>1254</name>
          <styleUrl>#style_Middle</styleUrl>
          <ExtendedData>
            <Data name="id"><value>1254</value></Data>
            <Data name="Class"><value>Middle</value></Data>
          </ExtendedData>
          <Point><coordinates>102.669587200,2.745645167,0</coordinates></Point>
        </Placemark>

        <Placemark>
          <name>1257</name>
          <styleUrl>#style_Middle</styleUrl>
          <ExtendedData>
            <Data name="id"><value>1257</value></Data>
            <Data name="Class"><value>Middle</value></Data>
          </ExtendedData>
          <Point><coordinates>102.669590900,2.745720327,0</coordinates></Point>
        </Placemark>

        <Placemark>
          <name>1261</name>
          <styleUrl>#style_Middle</styleUrl>
          <ExtendedData>
            <Data name="id"><value>1261</value></Data>
            <Data name="Class"><value>Middle</value></Data>
          </ExtendedData>
          <Point><coordinates>102.669521400,2.745920126,0</coordinates></Point>
        </Placemark>

        <Placemark>
          <name>1262</name>
          <styleUrl>#style_Middle</styleUrl>
          <ExtendedData>
            <Data name="id"><value>1262</value></Data>
            <Data name="Class"><value>Middle</value></Data>
          </ExtendedData>
          <Point><coordinates>102.669589000,2.745962090,0</coordinates></Point>
        </Placemark>

        <Placemark>
          <name>1264</name>
          <styleUrl>#style_Middle</styleUrl>
          <ExtendedData>
            <Data name="id"><value>1264</value></Data>
            <Data name="Class"><value>Middle</value></Data>
          </ExtendedData>
          <Point><coordinates>102.669730600,2.745959585,0</coordinates></Point>
        </Placemark>

        <Placemark>
          <name>1266</name>
          <styleUrl>#style_Middle</styleUrl>
          <ExtendedData>
            <Data name="id"><value>1266</value></Data>
            <Data name="Class"><value>Middle</value></Data>
          </ExtendedData>
          <Point><coordinates>102.669725600,2.745880041,0</coordinates></Point>
        </Placemark>

        <Placemark>
          <name>1267</name>
          <styleUrl>#style_Middle</styleUrl>
          <ExtendedData>
            <Data name="id"><value>1267</value></Data>
            <Data name="Class"><value>Middle</value></Data>
          </ExtendedData>
          <Point><coordinates>102.669661700,2.745839956,0</coordinates></Point>
        </Placemark>

        <Placemark>
          <name>1269</name>
          <styleUrl>#style_Middle</styleUrl>
          <ExtendedData>
            <Data name="id"><value>1269</value></Data>
            <Data name="Class"><value>Middle</value></Data>
          </ExtendedData>
          <Point><coordinates>102.669735600,2.745720327,0</coordinates></Point>
        </Placemark>

        <Placemark>
          <name>1270</name>
          <styleUrl>#style_Middle</styleUrl>
          <ExtendedData>
            <Data name="id"><value>1270</value></Data>
            <Data name="Class"><value>Middle</value></Data>
          </ExtendedData>
          <Point><coordinates>102.669728700,2.745640157,0</coordinates></Point>
        </Placemark>

        <Placemark>
          <name>1272</name>
          <styleUrl>#style_Middle</styleUrl>
          <ExtendedData>
            <Data name="id"><value>1272</value></Data>
            <Data name="Class"><value>Middle</value></Data>
          </ExtendedData>
          <Point><coordinates>102.669876500,2.745959585,0</coordinates></Point>
        </Placemark>

        <Placemark>
          <name>1273</name>
          <styleUrl>#style_Middle</styleUrl>
          <ExtendedData>
            <Data name="id"><value>1273</value></Data>
            <Data name="Class"><value>Middle</value></Data>
          </ExtendedData>
          <Point><coordinates>102.669925400,2.745904468,0</coordinates></Point>
        </Placemark>

        <Placemark>
          <name>1277</name>
          <styleUrl>#style_Middle</styleUrl>
          <ExtendedData>
            <Data name="id"><value>1277</value></Data>
            <Data name="Class"><value>Middle</value></Data>
          </ExtendedData>
          <Point><coordinates>102.669792600,2.745678989,0</coordinates></Point>
        </Placemark>

        <Placemark>
          <name>1278</name>
          <styleUrl>#style_Middle</styleUrl>
          <ExtendedData>
            <Data name="id"><value>1278</value></Data>
            <Data name="Class"><value>Middle</value></Data>
          </ExtendedData>
          <Point><coordinates>102.669862700,2.745722832,0</coordinates></Point>
        </Placemark>

        <Placemark>
          <name>1279</name>
          <styleUrl>#style_Middle</styleUrl>
          <ExtendedData>
            <Data name="id"><value>1279</value></Data>
            <Data name="Class"><value>Middle</value></Data>
          </ExtendedData>
          <Point><coordinates>102.669931600,2.745766675,0</coordinates></Point>
        </Placemark>

        <Placemark>
          <name>1281</name>
          <styleUrl>#style_Middle</styleUrl>
          <ExtendedData>
            <Data name="id"><value>1281</value></Data>
            <Data name="Class"><value>Middle</value></Data>
          </ExtendedData>
          <Point><coordinates>102.670016800,2.745899457,0</coordinates></Point>
        </Placemark>

        <Placemark>
          <name>1295</name>
          <styleUrl>#style_Middle</styleUrl>
          <ExtendedData>
            <Data name="id"><value>1295</value></Data>
            <Data name="Class"><value>Middle</value></Data>
          </ExtendedData>
          <Point><coordinates>102.670279900,2.746043513,0</coordinates></Point>
        </Placemark>

        <Placemark>
          <name>1303</name>
          <styleUrl>#style_Middle</styleUrl>
          <ExtendedData>
            <Data name="id"><value>1303</value></Data>
            <Data name="Class"><value>Middle</value></Data>
          </ExtendedData>
          <Point><coordinates>102.670335000,2.745919500,0</coordinates></Point>
        </Placemark>

        <Placemark>
          <name>1304</name>
          <styleUrl>#style_Middle</styleUrl>
          <ExtendedData>
            <Data name="id"><value>1304</value></Data>
            <Data name="Class"><value>Middle</value></Data>
          </ExtendedData>
          <Point><coordinates>102.670403900,2.745954574,0</coordinates></Point>
        </Placemark>

        <Placemark>
          <name>1310</name>
          <styleUrl>#style_Middle</styleUrl>
          <ExtendedData>
            <Data name="id"><value>1310</value></Data>
            <Data name="Class"><value>Middle</value></Data>
          </ExtendedData>
          <Point><coordinates>102.670537900,2.745879415,0</coordinates></Point>
        </Placemark>

        <Placemark>
          <name>1315</name>
          <styleUrl>#style_Middle</styleUrl>
          <ExtendedData>
            <Data name="id"><value>1315</value></Data>
            <Data name="Class"><value>Middle</value></Data>
          </ExtendedData>
          <Point><coordinates>102.670717100,2.745919500,0</coordinates></Point>
        </Placemark>

        <Placemark>
          <name>1316</name>
          <styleUrl>#style_Middle</styleUrl>
          <ExtendedData>
            <Data name="id"><value>1316</value></Data>
            <Data name="Class"><value>Middle</value></Data>
          </ExtendedData>
          <Point><coordinates>102.670777200,2.745879415,0</coordinates></Point>
        </Placemark>

        <Placemark>
          <name>1317</name>
          <styleUrl>#style_Middle</styleUrl>
          <ExtendedData>
            <Data name="id"><value>1317</value></Data>
            <Data name="Class"><value>Middle</value></Data>
          </ExtendedData>
          <Point><coordinates>102.670792200,2.745960837,0</coordinates></Point>
        </Placemark>

        <Placemark>
          <name>1320</name>
          <styleUrl>#style_Middle</styleUrl>
          <ExtendedData>
            <Data name="id"><value>1320</value></Data>
            <Data name="Class"><value>Middle</value></Data>
          </ExtendedData>
          <Point><coordinates>102.670675700,2.746030986,0</coordinates></Point>
        </Placemark>

        <Placemark>
          <name>1326</name>
          <styleUrl>#style_Middle</styleUrl>
          <ExtendedData>
            <Data name="id"><value>1326</value></Data>
            <Data name="Class"><value>Middle</value></Data>
          </ExtendedData>
          <Point><coordinates>102.670825100,2.745704982,0</coordinates></Point>
        </Placemark>

        <Placemark>
          <name>1327</name>
          <styleUrl>#style_Middle</styleUrl>
          <ExtendedData>
            <Data name="id"><value>1327</value></Data>
            <Data name="Class"><value>Middle</value></Data>
          </ExtendedData>
          <Point><coordinates>102.670545800,2.745792042,0</coordinates></Point>
        </Placemark>

        <Placemark>
          <name>1352</name>
          <styleUrl>#style_Middle</styleUrl>
          <ExtendedData>
            <Data name="id"><value>1352</value></Data>
            <Data name="Class"><value>Middle</value></Data>
          </ExtendedData>
          <Point><coordinates>102.670267000,2.745554036,0</coordinates></Point>
        </Placemark>

        <Placemark>
          <name>1354</name>
          <styleUrl>#style_Middle</styleUrl>
          <ExtendedData>
            <Data name="id"><value>1354</value></Data>
            <Data name="Class"><value>Middle</value></Data>
          </ExtendedData>
          <Point><coordinates>102.670333400,2.745596000,0</coordinates></Point>
        </Placemark>

        <Placemark>
          <name>1357</name>
          <styleUrl>#style_Middle</styleUrl>
          <ExtendedData>
            <Data name="id"><value>1357</value></Data>
            <Data name="Class"><value>Middle</value></Data>
          </ExtendedData>
          <Point><coordinates>102.670197500,2.745525225,0</coordinates></Point>
        </Placemark>

        <Placemark>
          <name>1368</name>
          <styleUrl>#style_Middle</styleUrl>
          <ExtendedData>
            <Data name="id"><value>1368</value></Data>
            <Data name="Class"><value>Middle</value></Data>
          </ExtendedData>
          <Point><coordinates>102.669031900,2.745492030,0</coordinates></Point>
        </Placemark>

        <Placemark>
          <name>1369</name>
          <styleUrl>#style_Middle</styleUrl>
          <ExtendedData>
            <Data name="id"><value>1369</value></Data>
            <Data name="Class"><value>Middle</value></Data>
          </ExtendedData>
          <Point><coordinates>102.668966200,2.745528357,0</coordinates></Point>
        </Placemark>

        <Placemark>
          <name>1388</name>
          <styleUrl>#style_Middle</styleUrl>
          <ExtendedData>
            <Data name="id"><value>1388</value></Data>
            <Data name="Class"><value>Middle</value></Data>
          </ExtendedData>
          <Point><coordinates>102.668827100,2.745368643,0</coordinates></Point>
        </Placemark>

        <Placemark>
          <name>1391</name>
          <styleUrl>#style_Middle</styleUrl>
          <ExtendedData>
            <Data name="id"><value>1391</value></Data>
            <Data name="Class"><value>Middle</value></Data>
          </ExtendedData>
          <Point><coordinates>102.668962400,2.745448187,0</coordinates></Point>
        </Placemark>

        <Placemark>
          <name>1394</name>
          <styleUrl>#style_Middle</styleUrl>
          <ExtendedData>
            <Data name="id"><value>1394</value></Data>
            <Data name="Class"><value>Middle</value></Data>
          </ExtendedData>
          <Point><coordinates>102.668899100,2.745332316,0</coordinates></Point>
        </Placemark>

        <Placemark>
          <name>1398</name>
          <styleUrl>#style_Middle</styleUrl>
          <ExtendedData>
            <Data name="id"><value>1398</value></Data>
            <Data name="Class"><value>Middle</value></Data>
          </ExtendedData>
          <Point><coordinates>102.669104600,2.745210181,0</coordinates></Point>
        </Placemark>

        <Placemark>
          <name>1402</name>
          <styleUrl>#style_Middle</styleUrl>
          <ExtendedData>
            <Data name="id"><value>1402</value></Data>
            <Data name="Class"><value>Middle</value></Data>
          </ExtendedData>
          <Point><coordinates>102.669166000,2.745170096,0</coordinates></Point>
        </Placemark>

        <Placemark>
          <name>1404</name>
          <styleUrl>#style_Middle</styleUrl>
          <ExtendedData>
            <Data name="id"><value>1404</value></Data>
            <Data name="Class"><value>Middle</value></Data>
          </ExtendedData>
          <Point><coordinates>102.668830200,2.745215818,0</coordinates></Point>
        </Placemark>

        <Placemark>
          <name>1415</name>
          <styleUrl>#style_Middle</styleUrl>
          <ExtendedData>
            <Data name="id"><value>1415</value></Data>
            <Data name="Class"><value>Middle</value></Data>
          </ExtendedData>
          <Point><coordinates>102.669591900,2.745560300,0</coordinates></Point>
        </Placemark>

        <Placemark>
          <name>1418</name>
          <styleUrl>#style_Middle</styleUrl>
          <ExtendedData>
            <Data name="id"><value>1418</value></Data>
            <Data name="Class"><value>Middle</value></Data>
          </ExtendedData>
          <Point><coordinates>102.669799800,2.745601637,0</coordinates></Point>
        </Placemark>

        <Placemark>
          <name>1421</name>
          <styleUrl>#style_Middle</styleUrl>
          <ExtendedData>
            <Data name="id"><value>1421</value></Data>
            <Data name="Class"><value>Middle</value></Data>
          </ExtendedData>
          <Point><coordinates>102.670002700,2.745646733,0</coordinates></Point>
        </Placemark>

        <Placemark>
          <name>1422</name>
          <styleUrl>#style_Middle</styleUrl>
          <ExtendedData>
            <Data name="id"><value>1422</value></Data>
            <Data name="Class"><value>Middle</value></Data>
          </ExtendedData>
          <Point><coordinates>102.670067900,2.745596627,0</coordinates></Point>
        </Placemark>

        <Placemark>
          <name>1423</name>
          <styleUrl>#style_Middle</styleUrl>
          <ExtendedData>
            <Data name="id"><value>1423</value></Data>
            <Data name="Class"><value>Middle</value></Data>
          </ExtendedData>
          <Point><coordinates>102.670070400,2.745522720,0</coordinates></Point>
        </Placemark>

        <Placemark>
          <name>1425</name>
          <styleUrl>#style_Middle</styleUrl>
          <ExtendedData>
            <Data name="id"><value>1425</value></Data>
            <Data name="Class"><value>Middle</value></Data>
          </ExtendedData>
          <Point><coordinates>102.670263300,2.745471361,0</coordinates></Point>
        </Placemark>

        <Placemark>
          <name>1427</name>
          <styleUrl>#style_Middle</styleUrl>
          <ExtendedData>
            <Data name="id"><value>1427</value></Data>
            <Data name="Class"><value>Middle</value></Data>
          </ExtendedData>
          <Point><coordinates>102.670209400,2.745442550,0</coordinates></Point>
        </Placemark>

        <Placemark>
          <name>1428</name>
          <styleUrl>#style_Middle</styleUrl>
          <ExtendedData>
            <Data name="id"><value>1428</value></Data>
            <Data name="Class"><value>Middle</value></Data>
          </ExtendedData>
          <Point><coordinates>102.670216900,2.745353611,0</coordinates></Point>
        </Placemark>

        <Placemark>
          <name>1430</name>
          <styleUrl>#style_Middle</styleUrl>
          <ExtendedData>
            <Data name="id"><value>1430</value></Data>
            <Data name="Class"><value>Middle</value></Data>
          </ExtendedData>
          <Point><coordinates>102.670143000,2.745230850,0</coordinates></Point>
        </Placemark>

        <Placemark>
          <name>1433</name>
          <styleUrl>#style_Middle</styleUrl>
          <ExtendedData>
            <Data name="id"><value>1433</value></Data>
            <Data name="Class"><value>Middle</value></Data>
          </ExtendedData>
          <Point><coordinates>102.670280800,2.745151933,0</coordinates></Point>
        </Placemark>

        <Placemark>
          <name>1434</name>
          <styleUrl>#style_Middle</styleUrl>
          <ExtendedData>
            <Data name="id"><value>1434</value></Data>
            <Data name="Class"><value>Middle</value></Data>
          </ExtendedData>
          <Point><coordinates>102.670198100,2.745123121,0</coordinates></Point>
        </Placemark>

        <Placemark>
          <name>1437</name>
          <styleUrl>#style_Middle</styleUrl>
          <ExtendedData>
            <Data name="id"><value>1437</value></Data>
            <Data name="Class"><value>Middle</value></Data>
          </ExtendedData>
          <Point><coordinates>102.670066600,2.745282209,0</coordinates></Point>
        </Placemark>

        <Placemark>
          <name>1445</name>
          <styleUrl>#style_Middle</styleUrl>
          <ExtendedData>
            <Data name="id"><value>1445</value></Data>
            <Data name="Class"><value>Middle</value></Data>
          </ExtendedData>
          <Point><coordinates>102.669593100,2.745482635,0</coordinates></Point>
        </Placemark>

        <Placemark>
          <name>1449</name>
          <styleUrl>#style_Middle</styleUrl>
          <ExtendedData>
            <Data name="id"><value>1449</value></Data>
            <Data name="Class"><value>Middle</value></Data>
          </ExtendedData>
          <Point><coordinates>102.669244900,2.745528983,0</coordinates></Point>
        </Placemark>

        <Placemark>
          <name>1461</name>
          <styleUrl>#style_Middle</styleUrl>
          <ExtendedData>
            <Data name="id"><value>1461</value></Data>
            <Data name="Class"><value>Middle</value></Data>
          </ExtendedData>
          <Point><coordinates>102.669301200,2.745164459,0</coordinates></Point>
        </Placemark>

        <Placemark>
          <name>1464</name>
          <styleUrl>#style_Middle</styleUrl>
          <ExtendedData>
            <Data name="id"><value>1464</value></Data>
            <Data name="Class"><value>Middle</value></Data>
          </ExtendedData>
          <Point><coordinates>102.669585600,2.745243377,0</coordinates></Point>
        </Placemark>

        <Placemark>
          <name>1467</name>
          <styleUrl>#style_Middle</styleUrl>
          <ExtendedData>
            <Data name="id"><value>1467</value></Data>
            <Data name="Class"><value>Middle</value></Data>
          </ExtendedData>
          <Point><coordinates>102.669447800,2.745329810,0</coordinates></Point>
        </Placemark>

        <Placemark>
          <name>1477</name>
          <styleUrl>#style_Middle</styleUrl>
          <ExtendedData>
            <Data name="id"><value>1477</value></Data>
            <Data name="Class"><value>Middle</value></Data>
          </ExtendedData>
          <Point><coordinates>102.669720900,2.745164459,0</coordinates></Point>
        </Placemark>

        <Placemark>
          <name>1478</name>
          <styleUrl>#style_Middle</styleUrl>
          <ExtendedData>
            <Data name="id"><value>1478</value></Data>
            <Data name="Class"><value>Middle</value></Data>
          </ExtendedData>
          <Point><coordinates>102.669788500,2.745208302,0</coordinates></Point>
        </Placemark>

        <Placemark>
          <name>1479</name>
          <styleUrl>#style_Middle</styleUrl>
          <ExtendedData>
            <Data name="id"><value>1479</value></Data>
            <Data name="Class"><value>Middle</value></Data>
          </ExtendedData>
          <Point><coordinates>102.669849900,2.745161954,0</coordinates></Point>
        </Placemark>

        <Placemark>
          <name>1482</name>
          <styleUrl>#style_Middle</styleUrl>
          <ExtendedData>
            <Data name="id"><value>1482</value></Data>
            <Data name="Class"><value>Middle</value></Data>
          </ExtendedData>
          <Point><coordinates>102.669996500,2.745160701,0</coordinates></Point>
        </Placemark>

        <Placemark>
          <name>1484</name>
          <styleUrl>#style_Middle</styleUrl>
          <ExtendedData>
            <Data name="id"><value>1484</value></Data>
            <Data name="Class"><value>Middle</value></Data>
          </ExtendedData>
          <Point><coordinates>102.669992700,2.745238366,0</coordinates></Point>
        </Placemark>

        <Placemark>
          <name>1487</name>
          <styleUrl>#style_Middle</styleUrl>
          <ExtendedData>
            <Data name="id"><value>1487</value></Data>
            <Data name="Class"><value>Middle</value></Data>
          </ExtendedData>
          <Point><coordinates>102.670000200,2.745481382,0</coordinates></Point>
        </Placemark>

        <Placemark>
          <name>1492</name>
          <styleUrl>#style_Middle</styleUrl>
          <ExtendedData>
            <Data name="id"><value>1492</value></Data>
            <Data name="Class"><value>Middle</value></Data>
          </ExtendedData>
          <Point><coordinates>102.669720900,2.745326052,0</coordinates></Point>
        </Placemark>

        <Placemark>
          <name>1502</name>
          <styleUrl>#style_Middle</styleUrl>
          <ExtendedData>
            <Data name="id"><value>1502</value></Data>
            <Data name="Class"><value>Middle</value></Data>
          </ExtendedData>
          <Point><coordinates>102.670056600,2.745039193,0</coordinates></Point>
        </Placemark>

        <Placemark>
          <name>1508</name>
          <styleUrl>#style_Middle</styleUrl>
          <ExtendedData>
            <Data name="id"><value>1508</value></Data>
            <Data name="Class"><value>Middle</value></Data>
          </ExtendedData>
          <Point><coordinates>102.670135500,2.744999108,0</coordinates></Point>
        </Placemark>

        <Placemark>
          <name>1511</name>
          <styleUrl>#style_Middle</styleUrl>
          <ExtendedData>
            <Data name="id"><value>1511</value></Data>
            <Data name="Class"><value>Middle</value></Data>
          </ExtendedData>
          <Point><coordinates>102.669921300,2.744960276,0</coordinates></Point>
        </Placemark>

        <Placemark>
          <name>1515</name>
          <styleUrl>#style_Middle</styleUrl>
          <ExtendedData>
            <Data name="id"><value>1515</value></Data>
            <Data name="Class"><value>Middle</value></Data>
          </ExtendedData>
          <Point><coordinates>102.669723400,2.745006624,0</coordinates></Point>
        </Placemark>

        <Placemark>
          <name>1516</name>
          <styleUrl>#style_Middle</styleUrl>
          <ExtendedData>
            <Data name="id"><value>1516</value></Data>
            <Data name="Class"><value>Middle</value></Data>
          </ExtendedData>
          <Point><coordinates>102.669788500,2.744965286,0</coordinates></Point>
        </Placemark>

        <Placemark>
          <name>1519</name>
          <styleUrl>#style_Middle</styleUrl>
          <ExtendedData>
            <Data name="id"><value>1519</value></Data>
            <Data name="Class"><value>Middle</value></Data>
          </ExtendedData>
          <Point><coordinates>102.669720900,2.744922696,0</coordinates></Point>
        </Placemark>

        <Placemark>
          <name>1521</name>
          <styleUrl>#style_Middle</styleUrl>
          <ExtendedData>
            <Data name="id"><value>1521</value></Data>
            <Data name="Class"><value>Middle</value></Data>
          </ExtendedData>
          <Point><coordinates>102.669653200,2.745047962,0</coordinates></Point>
        </Placemark>

        <Placemark>
          <name>1528</name>
          <styleUrl>#style_Middle</styleUrl>
          <ExtendedData>
            <Data name="id"><value>1528</value></Data>
            <Data name="Class"><value>Middle</value></Data>
          </ExtendedData>
          <Point><coordinates>102.669511700,2.745047962,0</coordinates></Point>
        </Placemark>

        <Placemark>
          <name>1529</name>
          <styleUrl>#style_Middle</styleUrl>
          <ExtendedData>
            <Data name="id"><value>1529</value></Data>
            <Data name="Class"><value>Middle</value></Data>
          </ExtendedData>
          <Point><coordinates>102.669451600,2.745091805,0</coordinates></Point>
        </Placemark>

        <Placemark>
          <name>1534</name>
          <styleUrl>#style_Middle</styleUrl>
          <ExtendedData>
            <Data name="id"><value>1534</value></Data>
            <Data name="Class"><value>Middle</value></Data>
          </ExtendedData>
          <Point><coordinates>102.669373900,2.745049215,0</coordinates></Point>
        </Placemark>

        <Placemark>
          <name>1535</name>
          <styleUrl>#style_Middle</styleUrl>
          <ExtendedData>
            <Data name="id"><value>1535</value></Data>
            <Data name="Class"><value>Middle</value></Data>
          </ExtendedData>
          <Point><coordinates>102.669313800,2.745094310,0</coordinates></Point>
        </Placemark>

        <Placemark>
          <name>1540</name>
          <styleUrl>#style_Middle</styleUrl>
          <ExtendedData>
            <Data name="id"><value>1540</value></Data>
            <Data name="Class"><value>Middle</value></Data>
          </ExtendedData>
          <Point><coordinates>102.669232300,2.745051720,0</coordinates></Point>
        </Placemark>

        <Placemark>
          <name>1547</name>
          <styleUrl>#style_Middle</styleUrl>
          <ExtendedData>
            <Data name="id"><value>1547</value></Data>
            <Data name="Class"><value>Middle</value></Data>
          </ExtendedData>
          <Point><coordinates>102.668831500,2.745054225,0</coordinates></Point>
        </Placemark>

        <Placemark>
          <name>1553</name>
          <styleUrl>#style_Middle</styleUrl>
          <ExtendedData>
            <Data name="id"><value>1553</value></Data>
            <Data name="Class"><value>Middle</value></Data>
          </ExtendedData>
          <Point><coordinates>102.668954300,2.744901401,0</coordinates></Point>
        </Placemark>

        <Placemark>
          <name>1556</name>
          <styleUrl>#style_Middle</styleUrl>
          <ExtendedData>
            <Data name="id"><value>1556</value></Data>
            <Data name="Class"><value>Middle</value></Data>
          </ExtendedData>
          <Point><coordinates>102.669102100,2.744967792,0</coordinates></Point>
        </Placemark>

        <Placemark>
          <name>1559</name>
          <styleUrl>#style_Middle</styleUrl>
          <ExtendedData>
            <Data name="id"><value>1559</value></Data>
            <Data name="Class"><value>Middle</value></Data>
          </ExtendedData>
          <Point><coordinates>102.669098300,2.744893885,0</coordinates></Point>
        </Placemark>

        <Placemark>
          <name>1561</name>
          <styleUrl>#style_Middle</styleUrl>
          <ExtendedData>
            <Data name="id"><value>1561</value></Data>
            <Data name="Class"><value>Middle</value></Data>
          </ExtendedData>
          <Point><coordinates>102.670337200,2.745431276,0</coordinates></Point>
        </Placemark>

        <Placemark>
          <name>1569</name>
          <styleUrl>#style_Middle</styleUrl>
          <ExtendedData>
            <Data name="id"><value>1569</value></Data>
            <Data name="Class"><value>Middle</value></Data>
          </ExtendedData>
          <Point><coordinates>102.670409800,2.745228345,0</coordinates></Point>
        </Placemark>

        <Placemark>
          <name>1573</name>
          <styleUrl>#style_Middle</styleUrl>
          <ExtendedData>
            <Data name="id"><value>1573</value></Data>
            <Data name="Class"><value>Middle</value></Data>
          </ExtendedData>
          <Point><coordinates>102.670403600,2.745083036,0</coordinates></Point>
        </Placemark>

        <Placemark>
          <name>1574</name>
          <styleUrl>#style_Middle</styleUrl>
          <ExtendedData>
            <Data name="id"><value>1574</value></Data>
            <Data name="Class"><value>Middle</value></Data>
          </ExtendedData>
          <Point><coordinates>102.670412400,2.745001613,0</coordinates></Point>
        </Placemark>

        <Placemark>
          <name>1577</name>
          <styleUrl>#style_Middle</styleUrl>
          <ExtendedData>
            <Data name="id"><value>1577</value></Data>
            <Data name="Class"><value>Middle</value></Data>
          </ExtendedData>
          <Point><coordinates>102.670407300,2.744913927,0</coordinates></Point>
        </Placemark>

        <Placemark>
          <name>1587</name>
          <styleUrl>#style_Middle</styleUrl>
          <ExtendedData>
            <Data name="id"><value>1587</value></Data>
            <Data name="Class"><value>Middle</value></Data>
          </ExtendedData>
          <Point><coordinates>102.670822000,2.745393696,0</coordinates></Point>
        </Placemark>

        <Placemark>
          <name>1589</name>
          <styleUrl>#style_Middle</styleUrl>
          <ExtendedData>
            <Data name="id"><value>1589</value></Data>
            <Data name="Class"><value>Middle</value></Data>
          </ExtendedData>
          <Point><coordinates>102.670959800,2.745234608,0</coordinates></Point>
        </Placemark>

        <Placemark>
          <name>1598</name>
          <styleUrl>#style_Middle</styleUrl>
          <ExtendedData>
            <Data name="id"><value>1598</value></Data>
            <Data name="Class"><value>Middle</value></Data>
          </ExtendedData>
          <Point><coordinates>102.670962300,2.744827494,0</coordinates></Point>
        </Placemark>

        <Placemark>
          <name>1607</name>
          <styleUrl>#style_Middle</styleUrl>
          <ExtendedData>
            <Data name="id"><value>1607</value></Data>
            <Data name="Class"><value>Middle</value></Data>
          </ExtendedData>
          <Point><coordinates>102.670820700,2.745154438,0</coordinates></Point>
        </Placemark>

        <Placemark>
          <name>1608</name>
          <styleUrl>#style_Middle</styleUrl>
          <ExtendedData>
            <Data name="id"><value>1608</value></Data>
            <Data name="Class"><value>Middle</value></Data>
          </ExtendedData>
          <Point><coordinates>102.670745600,2.745203292,0</coordinates></Point>
        </Placemark>

        <Placemark>
          <name>1610</name>
          <styleUrl>#style_Middle</styleUrl>
          <ExtendedData>
            <Data name="id"><value>1610</value></Data>
            <Data name="Class"><value>Middle</value></Data>
          </ExtendedData>
          <Point><coordinates>102.670615300,2.745352358,0</coordinates></Point>
        </Placemark>

        <Placemark>
          <name>1611</name>
          <styleUrl>#style_Middle</styleUrl>
          <ExtendedData>
            <Data name="id"><value>1611</value></Data>
            <Data name="Class"><value>Middle</value></Data>
          </ExtendedData>
          <Point><coordinates>102.670546400,2.745312273,0</coordinates></Point>
        </Placemark>

        <Placemark>
          <name>1614</name>
          <styleUrl>#style_Middle</styleUrl>
          <ExtendedData>
            <Data name="id"><value>1614</value></Data>
            <Data name="Class"><value>Middle</value></Data>
          </ExtendedData>
          <Point><coordinates>102.670541400,2.745156943,0</coordinates></Point>
        </Placemark>

        <Placemark>
          <name>1615</name>
          <styleUrl>#style_Middle</styleUrl>
          <ExtendedData>
            <Data name="id"><value>1615</value></Data>
            <Data name="Class"><value>Middle</value></Data>
          </ExtendedData>
          <Point><coordinates>102.670541400,2.745078026,0</coordinates></Point>
        </Placemark>

        <Placemark>
          <name>1616</name>
          <styleUrl>#style_Middle</styleUrl>
          <ExtendedData>
            <Data name="id"><value>1616</value></Data>
            <Data name="Class"><value>Middle</value></Data>
          </ExtendedData>
          <Point><coordinates>102.670605300,2.745111847,0</coordinates></Point>
        </Placemark>

        <Placemark>
          <name>1617</name>
          <styleUrl>#style_Middle</styleUrl>
          <ExtendedData>
            <Data name="id"><value>1617</value></Data>
            <Data name="Class"><value>Middle</value></Data>
          </ExtendedData>
          <Point><coordinates>102.670671700,2.745158196,0</coordinates></Point>
        </Placemark>

        <Placemark>
          <name>1619</name>
          <styleUrl>#style_Middle</styleUrl>
          <ExtendedData>
            <Data name="id"><value>1619</value></Data>
            <Data name="Class"><value>Middle</value></Data>
          </ExtendedData>
          <Point><coordinates>102.670748100,2.745119363,0</coordinates></Point>
        </Placemark>

        <Placemark>
          <name>1620</name>
          <styleUrl>#style_Middle</styleUrl>
          <ExtendedData>
            <Data name="id"><value>1620</value></Data>
            <Data name="Class"><value>Middle</value></Data>
          </ExtendedData>
          <Point><coordinates>102.670828200,2.745079278,0</coordinates></Point>
        </Placemark>

        <Placemark>
          <name>1623</name>
          <styleUrl>#style_Middle</styleUrl>
          <ExtendedData>
            <Data name="id"><value>1623</value></Data>
            <Data name="Class"><value>Middle</value></Data>
          </ExtendedData>
          <Point><coordinates>102.670814500,2.744999108,0</coordinates></Point>
        </Placemark>

        <Placemark>
          <name>1633</name>
          <styleUrl>#style_Middle</styleUrl>
          <ExtendedData>
            <Data name="id"><value>1633</value></Data>
            <Data name="Class"><value>Middle</value></Data>
          </ExtendedData>
          <Point><coordinates>102.670827000,2.744752334,0</coordinates></Point>
        </Placemark>

        <Placemark>
          <name>1634</name>
          <styleUrl>#style_Middle</styleUrl>
          <ExtendedData>
            <Data name="id"><value>1634</value></Data>
            <Data name="Class"><value>Middle</value></Data>
          </ExtendedData>
          <Point><coordinates>102.670730500,2.744788661,0</coordinates></Point>
        </Placemark>

        <Placemark>
          <name>1635</name>
          <styleUrl>#style_Middle</styleUrl>
          <ExtendedData>
            <Data name="id"><value>1635</value></Data>
            <Data name="Class"><value>Middle</value></Data>
          </ExtendedData>
          <Point><coordinates>102.670670400,2.744837515,0</coordinates></Point>
        </Placemark>

        <Placemark>
          <name>1639</name>
          <styleUrl>#style_Middle</styleUrl>
          <ExtendedData>
            <Data name="id"><value>1639</value></Data>
            <Data name="Class"><value>Middle</value></Data>
          </ExtendedData>
          <Point><coordinates>102.670546400,2.744840020,0</coordinates></Point>
        </Placemark>

        <Placemark>
          <name>1640</name>
          <styleUrl>#style_Middle</styleUrl>
          <ExtendedData>
            <Data name="id"><value>1640</value></Data>
            <Data name="Class"><value>Middle</value></Data>
          </ExtendedData>
          <Point><coordinates>102.670475000,2.744797430,0</coordinates></Point>
        </Placemark>

        <Placemark>
          <name>1642</name>
          <styleUrl>#style_Middle</styleUrl>
          <ExtendedData>
            <Data name="id"><value>1642</value></Data>
            <Data name="Class"><value>Middle</value></Data>
          </ExtendedData>
          <Point><coordinates>102.670194400,2.744881358,0</coordinates></Point>
        </Placemark>

        <Placemark>
          <name>1652</name>
          <styleUrl>#style_Middle</styleUrl>
          <ExtendedData>
            <Data name="id"><value>1652</value></Data>
            <Data name="Class"><value>Middle</value></Data>
          </ExtendedData>
          <Point><coordinates>102.670466200,2.744717260,0</coordinates></Point>
        </Placemark>

        <Placemark>
          <name>1653</name>
          <styleUrl>#style_Middle</styleUrl>
          <ExtendedData>
            <Data name="id"><value>1653</value></Data>
            <Data name="Class"><value>Middle</value></Data>
          </ExtendedData>
          <Point><coordinates>102.670604000,2.744721018,0</coordinates></Point>
        </Placemark>

        <Placemark>
          <name>1697</name>
          <styleUrl>#style_Middle</styleUrl>
          <ExtendedData>
            <Data name="id"><value>1697</value></Data>
            <Data name="Class"><value>Middle</value></Data>
          </ExtendedData>
          <Point><coordinates>102.668346700,2.744544393,0</coordinates></Point>
        </Placemark>

        <Placemark>
          <name>1698</name>
          <styleUrl>#style_Middle</styleUrl>
          <ExtendedData>
            <Data name="id"><value>1698</value></Data>
            <Data name="Class"><value>Middle</value></Data>
          </ExtendedData>
          <Point><coordinates>102.668341700,2.744469233,0</coordinates></Point>
        </Placemark>

        <Placemark>
          <name>1709</name>
          <styleUrl>#style_Middle</styleUrl>
          <ExtendedData>
            <Data name="id"><value>1709</value></Data>
            <Data name="Class"><value>Middle</value></Data>
          </ExtendedData>
          <Point><coordinates>102.668064900,2.744303882,0</coordinates></Point>
        </Placemark>

        <Placemark>
          <name>1718</name>
          <styleUrl>#style_Middle</styleUrl>
          <ExtendedData>
            <Data name="id"><value>1718</value></Data>
            <Data name="Class"><value>Middle</value></Data>
          </ExtendedData>
          <Point><coordinates>102.668343000,2.744390316,0</coordinates></Point>
        </Placemark>

        <Placemark>
          <name>1722</name>
          <styleUrl>#style_Middle</styleUrl>
          <ExtendedData>
            <Data name="id"><value>1722</value></Data>
            <Data name="Class"><value>Middle</value></Data>
          </ExtendedData>
          <Point><coordinates>102.668472000,2.744384052,0</coordinates></Point>
        </Placemark>

        <Placemark>
          <name>1731</name>
          <styleUrl>#style_Middle</styleUrl>
          <ExtendedData>
            <Data name="id"><value>1731</value></Data>
            <Data name="Class"><value>Middle</value></Data>
          </ExtendedData>
          <Point><coordinates>102.668882900,2.744848789,0</coordinates></Point>
        </Placemark>

        <Placemark>
          <name>1733</name>
          <styleUrl>#style_Middle</styleUrl>
          <ExtendedData>
            <Data name="id"><value>1733</value></Data>
            <Data name="Class"><value>Middle</value></Data>
          </ExtendedData>
          <Point><coordinates>102.669023200,2.744862568,0</coordinates></Point>
        </Placemark>

        <Placemark>
          <name>1734</name>
          <styleUrl>#style_Middle</styleUrl>
          <ExtendedData>
            <Data name="id"><value>1734</value></Data>
            <Data name="Class"><value>Middle</value></Data>
          </ExtendedData>
          <Point><coordinates>102.669088300,2.744812462,0</coordinates></Point>
        </Placemark>

        <Placemark>
          <name>1738</name>
          <styleUrl>#style_Middle</styleUrl>
          <ExtendedData>
            <Data name="id"><value>1738</value></Data>
            <Data name="Class"><value>Middle</value></Data>
          </ExtendedData>
          <Point><coordinates>102.669375200,2.744807451,0</coordinates></Point>
        </Placemark>

        <Placemark>
          <name>1740</name>
          <styleUrl>#style_Middle</styleUrl>
          <ExtendedData>
            <Data name="id"><value>1740</value></Data>
            <Data name="Class"><value>Middle</value></Data>
          </ExtendedData>
          <Point><coordinates>102.669310000,2.744763608,0</coordinates></Point>
        </Placemark>

        <Placemark>
          <name>1742</name>
          <styleUrl>#style_Middle</styleUrl>
          <ExtendedData>
            <Data name="id"><value>1742</value></Data>
            <Data name="Class"><value>Middle</value></Data>
          </ExtendedData>
          <Point><coordinates>102.669171000,2.744774882,0</coordinates></Point>
        </Placemark>

        <Placemark>
          <name>1747</name>
          <styleUrl>#style_Middle</styleUrl>
          <ExtendedData>
            <Data name="id"><value>1747</value></Data>
            <Data name="Class"><value>Middle</value></Data>
          </ExtendedData>
          <Point><coordinates>102.669373900,2.744414116,0</coordinates></Point>
        </Placemark>

        <Placemark>
          <name>1752</name>
          <styleUrl>#style_Middle</styleUrl>
          <ExtendedData>
            <Data name="id"><value>1752</value></Data>
            <Data name="Class"><value>Middle</value></Data>
          </ExtendedData>
          <Point><coordinates>102.669301200,2.744454201,0</coordinates></Point>
        </Placemark>

        <Placemark>
          <name>1755</name>
          <styleUrl>#style_Middle</styleUrl>
          <ExtendedData>
            <Data name="id"><value>1755</value></Data>
            <Data name="Class"><value>Middle</value></Data>
          </ExtendedData>
          <Point><coordinates>102.669243600,2.744650869,0</coordinates></Point>
        </Placemark>

        <Placemark>
          <name>1759</name>
          <styleUrl>#style_Middle</styleUrl>
          <ExtendedData>
            <Data name="id"><value>1759</value></Data>
            <Data name="Class"><value>Middle</value></Data>
          </ExtendedData>
          <Point><coordinates>102.669231100,2.744574457,0</coordinates></Point>
        </Placemark>

        <Placemark>
          <name>1760</name>
          <styleUrl>#style_Middle</styleUrl>
          <ExtendedData>
            <Data name="id"><value>1760</value></Data>
            <Data name="Class"><value>Middle</value></Data>
          </ExtendedData>
          <Point><coordinates>102.669226100,2.744495539,0</coordinates></Point>
        </Placemark>

        <Placemark>
          <name>1764</name>
          <styleUrl>#style_Middle</styleUrl>
          <ExtendedData>
            <Data name="id"><value>1764</value></Data>
            <Data name="Class"><value>Middle</value></Data>
          </ExtendedData>
          <Point><coordinates>102.669099600,2.744653374,0</coordinates></Point>
        </Placemark>

        <Placemark>
          <name>1769</name>
          <styleUrl>#style_Middle</styleUrl>
          <ExtendedData>
            <Data name="id"><value>1769</value></Data>
            <Data name="Class"><value>Middle</value></Data>
          </ExtendedData>
          <Point><coordinates>102.668890400,2.744694712,0</coordinates></Point>
        </Placemark>

        <Placemark>
          <name>1778</name>
          <styleUrl>#style_Middle</styleUrl>
          <ExtendedData>
            <Data name="id"><value>1778</value></Data>
            <Data name="Class"><value>Middle</value></Data>
          </ExtendedData>
          <Point><coordinates>102.668821500,2.744658385,0</coordinates></Point>
        </Placemark>

        <Placemark>
          <name>1784</name>
          <styleUrl>#style_Middle</styleUrl>
          <ExtendedData>
            <Data name="id"><value>1784</value></Data>
            <Data name="Class"><value>Middle</value></Data>
          </ExtendedData>
          <Point><coordinates>102.668891600,2.744533119,0</coordinates></Point>
        </Placemark>

        <Placemark>
          <name>1788</name>
          <styleUrl>#style_Middle</styleUrl>
          <ExtendedData>
            <Data name="id"><value>1788</value></Data>
            <Data name="Class"><value>Middle</value></Data>
          </ExtendedData>
          <Point><coordinates>102.668611000,2.744461717,0</coordinates></Point>
        </Placemark>

        <Placemark>
          <name>1789</name>
          <styleUrl>#style_Middle</styleUrl>
          <ExtendedData>
            <Data name="id"><value>1789</value></Data>
            <Data name="Class"><value>Middle</value></Data>
          </ExtendedData>
          <Point><coordinates>102.668539600,2.744422885,0</coordinates></Point>
        </Placemark>

        <Placemark>
          <name>1793</name>
          <styleUrl>#style_Middle</styleUrl>
          <ExtendedData>
            <Data name="id"><value>1793</value></Data>
            <Data name="Class"><value>Middle</value></Data>
          </ExtendedData>
          <Point><coordinates>102.668609800,2.744376536,0</coordinates></Point>
        </Placemark>

        <Placemark>
          <name>1810</name>
          <styleUrl>#style_Middle</styleUrl>
          <ExtendedData>
            <Data name="id"><value>1810</value></Data>
            <Data name="Class"><value>Middle</value></Data>
          </ExtendedData>
          <Point><coordinates>102.669149700,2.744367768,0</coordinates></Point>
        </Placemark>

        <Placemark>
          <name>1817</name>
          <styleUrl>#style_Middle</styleUrl>
          <ExtendedData>
            <Data name="id"><value>1817</value></Data>
            <Data name="Class"><value>Middle</value></Data>
          </ExtendedData>
          <Point><coordinates>102.669238600,2.744338957,0</coordinates></Point>
        </Placemark>

        <Placemark>
          <name>1825</name>
          <styleUrl>#style_Middle</styleUrl>
          <ExtendedData>
            <Data name="id"><value>1825</value></Data>
            <Data name="Class"><value>Middle</value></Data>
          </ExtendedData>
          <Point><coordinates>102.667714800,2.744032368,0</coordinates></Point>
        </Placemark>

        <Placemark>
          <name>1835</name>
          <styleUrl>#style_Middle</styleUrl>
          <ExtendedData>
            <Data name="id"><value>1835</value></Data>
            <Data name="Class"><value>Middle</value></Data>
          </ExtendedData>
          <Point><coordinates>102.667782400,2.743820669,0</coordinates></Point>
        </Placemark>

        <Placemark>
          <name>1836</name>
          <styleUrl>#style_Middle</styleUrl>
          <ExtendedData>
            <Data name="id"><value>1836</value></Data>
            <Data name="Class"><value>Middle</value></Data>
          </ExtendedData>
          <Point><coordinates>102.667841300,2.743849480,0</coordinates></Point>
        </Placemark>

        <Placemark>
          <name>1840</name>
          <styleUrl>#style_Middle</styleUrl>
          <ExtendedData>
            <Data name="id"><value>1840</value></Data>
            <Data name="Class"><value>Middle</value></Data>
          </ExtendedData>
          <Point><coordinates>102.667920200,2.744069948,0</coordinates></Point>
        </Placemark>

        <Placemark>
          <name>1841</name>
          <styleUrl>#style_Middle</styleUrl>
          <ExtendedData>
            <Data name="id"><value>1841</value></Data>
            <Data name="Class"><value>Middle</value></Data>
          </ExtendedData>
          <Point><coordinates>102.667906400,2.744142602,0</coordinates></Point>
        </Placemark>

        <Placemark>
          <name>1847</name>
          <styleUrl>#style_Middle</styleUrl>
          <ExtendedData>
            <Data name="id"><value>1847</value></Data>
            <Data name="Class"><value>Middle</value></Data>
          </ExtendedData>
          <Point><coordinates>102.668056700,2.744063685,0</coordinates></Point>
        </Placemark>

        <Placemark>
          <name>1848</name>
          <styleUrl>#style_Middle</styleUrl>
          <ExtendedData>
            <Data name="id"><value>1848</value></Data>
            <Data name="Class"><value>Middle</value></Data>
          </ExtendedData>
          <Point><coordinates>102.668061700,2.744145108,0</coordinates></Point>
        </Placemark>

        <Placemark>
          <name>1849</name>
          <styleUrl>#style_Middle</styleUrl>
          <ExtendedData>
            <Data name="id"><value>1849</value></Data>
            <Data name="Class"><value>Middle</value></Data>
          </ExtendedData>
          <Point><coordinates>102.668060500,2.744227783,0</coordinates></Point>
        </Placemark>

        <Placemark>
          <name>1869</name>
          <styleUrl>#style_Middle</styleUrl>
          <ExtendedData>
            <Data name="id"><value>1869</value></Data>
            <Data name="Class"><value>Middle</value></Data>
          </ExtendedData>
          <Point><coordinates>102.668540300,2.743780584,0</coordinates></Point>
        </Placemark>

        <Placemark>
          <name>1907</name>
          <styleUrl>#style_Middle</styleUrl>
          <ExtendedData>
            <Data name="id"><value>1907</value></Data>
            <Data name="Class"><value>Middle</value></Data>
          </ExtendedData>
          <Point><coordinates>102.667915200,2.743753025,0</coordinates></Point>
        </Placemark>

        <Placemark>
          <name>1908</name>
          <styleUrl>#style_Middle</styleUrl>
          <ExtendedData>
            <Data name="id"><value>1908</value></Data>
            <Data name="Class"><value>Middle</value></Data>
          </ExtendedData>
          <Point><coordinates>102.668053000,2.743826932,0</coordinates></Point>
        </Placemark>

        <Placemark>
          <name>1914</name>
          <styleUrl>#style_Middle</styleUrl>
          <ExtendedData>
            <Data name="id"><value>1914</value></Data>
            <Data name="Class"><value>Middle</value></Data>
          </ExtendedData>
          <Point><coordinates>102.667855000,2.743631517,0</coordinates></Point>
        </Placemark>

        <Placemark>
          <name>1915</name>
          <styleUrl>#style_Middle</styleUrl>
          <ExtendedData>
            <Data name="id"><value>1915</value></Data>
            <Data name="Class"><value>Middle</value></Data>
          </ExtendedData>
          <Point><coordinates>102.667781100,2.743598948,0</coordinates></Point>
        </Placemark>

        <Placemark>
          <name>1935</name>
          <styleUrl>#style_Middle</styleUrl>
          <ExtendedData>
            <Data name="id"><value>1935</value></Data>
            <Data name="Class"><value>Middle</value></Data>
          </ExtendedData>
          <Point><coordinates>102.668190800,2.743416060,0</coordinates></Point>
        </Placemark>

        <Placemark>
          <name>1936</name>
          <styleUrl>#style_Middle</styleUrl>
          <ExtendedData>
            <Data name="id"><value>1936</value></Data>
            <Data name="Class"><value>Middle</value></Data>
          </ExtendedData>
          <Point><coordinates>102.668134400,2.743476188,0</coordinates></Point>
        </Placemark>

        <Placemark>
          <name>1952</name>
          <styleUrl>#style_Middle</styleUrl>
          <ExtendedData>
            <Data name="id"><value>1952</value></Data>
            <Data name="Class"><value>Middle</value></Data>
          </ExtendedData>
          <Point><coordinates>102.668471400,2.743502493,0</coordinates></Point>
        </Placemark>

        <Placemark>
          <name>2032</name>
          <styleUrl>#style_Middle</styleUrl>
          <ExtendedData>
            <Data name="id"><value>2032</value></Data>
            <Data name="Class"><value>Middle</value></Data>
          </ExtendedData>
          <Point><coordinates>102.668938600,2.743166781,0</coordinates></Point>
        </Placemark>

        <Placemark>
          <name>2061</name>
          <styleUrl>#style_Middle</styleUrl>
          <ExtendedData>
            <Data name="id"><value>2061</value></Data>
            <Data name="Class"><value>Middle</value></Data>
          </ExtendedData>
          <Point><coordinates>102.668949900,2.743856996,0</coordinates></Point>
        </Placemark>

        <Placemark>
          <name>2063</name>
          <styleUrl>#style_Middle</styleUrl>
          <ExtendedData>
            <Data name="id"><value>2063</value></Data>
            <Data name="Class"><value>Middle</value></Data>
          </ExtendedData>
          <Point><coordinates>102.668889700,2.743978504,0</coordinates></Point>
        </Placemark>

        <Placemark>
          <name>2069</name>
          <styleUrl>#style_Middle</styleUrl>
          <ExtendedData>
            <Data name="id"><value>2069</value></Data>
            <Data name="Class"><value>Middle</value></Data>
          </ExtendedData>
          <Point><coordinates>102.669022500,2.744136339,0</coordinates></Point>
        </Placemark>

        <Placemark>
          <name>2070</name>
          <styleUrl>#style_Middle</styleUrl>
          <ExtendedData>
            <Data name="id"><value>2070</value></Data>
            <Data name="Class"><value>Middle</value></Data>
          </ExtendedData>
          <Point><coordinates>102.669016300,2.743984141,0</coordinates></Point>
        </Placemark>

        <Placemark>
          <name>2071</name>
          <styleUrl>#style_Middle</styleUrl>
          <ExtendedData>
            <Data name="id"><value>2071</value></Data>
            <Data name="Class"><value>Middle</value></Data>
          </ExtendedData>
          <Point><coordinates>102.669093900,2.743857622,0</coordinates></Point>
        </Placemark>

        <Placemark>
          <name>2074</name>
          <styleUrl>#style_Middle</styleUrl>
          <ExtendedData>
            <Data name="id"><value>2074</value></Data>
            <Data name="Class"><value>Middle</value></Data>
          </ExtendedData>
          <Point><coordinates>102.668813300,2.743774320,0</coordinates></Point>
        </Placemark>

        <Placemark>
          <name>2097</name>
          <styleUrl>#style_Middle</styleUrl>
          <ExtendedData>
            <Data name="id"><value>2097</value></Data>
            <Data name="Class"><value>Middle</value></Data>
          </ExtendedData>
          <Point><coordinates>102.669506100,2.743930277,0</coordinates></Point>
        </Placemark>

        <Placemark>
          <name>2101</name>
          <styleUrl>#style_Middle</styleUrl>
          <ExtendedData>
            <Data name="id"><value>2101</value></Data>
            <Data name="Class"><value>Middle</value></Data>
          </ExtendedData>
          <Point><coordinates>102.669578700,2.744113165,0</coordinates></Point>
        </Placemark>

        <Placemark>
          <name>2103</name>
          <styleUrl>#style_Middle</styleUrl>
          <ExtendedData>
            <Data name="id"><value>2103</value></Data>
            <Data name="Class"><value>Middle</value></Data>
          </ExtendedData>
          <Point><coordinates>102.669575600,2.743971614,0</coordinates></Point>
        </Placemark>

        <Placemark>
          <name>2108</name>
          <styleUrl>#style_Middle</styleUrl>
          <ExtendedData>
            <Data name="id"><value>2108</value></Data>
            <Data name="Class"><value>Middle</value></Data>
          </ExtendedData>
          <Point><coordinates>102.669432100,2.744210246,0</coordinates></Point>
        </Placemark>

        <Placemark>
          <name>2110</name>
          <styleUrl>#style_Middle</styleUrl>
          <ExtendedData>
            <Data name="id"><value>2110</value></Data>
            <Data name="Class"><value>Middle</value></Data>
          </ExtendedData>
          <Point><coordinates>102.669577500,2.744213378,0</coordinates></Point>
        </Placemark>

        <Placemark>
          <name>2111</name>
          <styleUrl>#style_Middle</styleUrl>
          <ExtendedData>
            <Data name="id"><value>2111</value></Data>
            <Data name="Class"><value>Middle</value></Data>
          </ExtendedData>
          <Point><coordinates>102.669578700,2.744844718,0</coordinates></Point>
        </Placemark>

        <Placemark>
          <name>2112</name>
          <styleUrl>#style_Middle</styleUrl>
          <ExtendedData>
            <Data name="id"><value>2112</value></Data>
            <Data name="Class"><value>Middle</value></Data>
          </ExtendedData>
          <Point><coordinates>102.669512300,2.744808391,0</coordinates></Point>
        </Placemark>

        <Placemark>
          <name>2117</name>
          <styleUrl>#style_Middle</styleUrl>
          <ExtendedData>
            <Data name="id"><value>2117</value></Data>
            <Data name="Class"><value>Middle</value></Data>
          </ExtendedData>
          <Point><coordinates>102.669434700,2.744532806,0</coordinates></Point>
        </Placemark>

        <Placemark>
          <name>2118</name>
          <styleUrl>#style_Middle</styleUrl>
          <ExtendedData>
            <Data name="id"><value>2118</value></Data>
            <Data name="Class"><value>Middle</value></Data>
          </ExtendedData>
          <Point><coordinates>102.669433400,2.744445120,0</coordinates></Point>
        </Placemark>

        <Placemark>
          <name>2123</name>
          <styleUrl>#style_Middle</styleUrl>
          <ExtendedData>
            <Data name="id"><value>2123</value></Data>
            <Data name="Class"><value>Middle</value></Data>
          </ExtendedData>
          <Point><coordinates>102.669575000,2.744289790,0</coordinates></Point>
        </Placemark>

        <Placemark>
          <name>2124</name>
          <styleUrl>#style_Middle</styleUrl>
          <ExtendedData>
            <Data name="id"><value>2124</value></Data>
            <Data name="Class"><value>Middle</value></Data>
          </ExtendedData>
          <Point><coordinates>102.669642600,2.744242189,0</coordinates></Point>
        </Placemark>

        <Placemark>
          <name>2125</name>
          <styleUrl>#style_Middle</styleUrl>
          <ExtendedData>
            <Data name="id"><value>2125</value></Data>
            <Data name="Class"><value>Middle</value></Data>
          </ExtendedData>
          <Point><coordinates>102.669509800,2.744723210,0</coordinates></Point>
        </Placemark>

        <Placemark>
          <name>2126</name>
          <styleUrl>#style_Middle</styleUrl>
          <ExtendedData>
            <Data name="id"><value>2126</value></Data>
            <Data name="Class"><value>Middle</value></Data>
          </ExtendedData>
          <Point><coordinates>102.669508600,2.744648050,0</coordinates></Point>
        </Placemark>

        <Placemark>
          <name>2128</name>
          <styleUrl>#style_Middle</styleUrl>
          <ExtendedData>
            <Data name="id"><value>2128</value></Data>
            <Data name="Class"><value>Middle</value></Data>
          </ExtendedData>
          <Point><coordinates>102.669507300,2.744478941,0</coordinates></Point>
        </Placemark>

        <Placemark>
          <name>2129</name>
          <styleUrl>#style_Middle</styleUrl>
          <ExtendedData>
            <Data name="id"><value>2129</value></Data>
            <Data name="Class"><value>Middle</value></Data>
          </ExtendedData>
          <Point><coordinates>102.669504800,2.744407540,0</coordinates></Point>
        </Placemark>

        <Placemark>
          <name>2130</name>
          <styleUrl>#style_Middle</styleUrl>
          <ExtendedData>
            <Data name="id"><value>2130</value></Data>
            <Data name="Class"><value>Middle</value></Data>
          </ExtendedData>
          <Point><coordinates>102.669573700,2.744369960,0</coordinates></Point>
        </Placemark>

        <Placemark>
          <name>2132</name>
          <styleUrl>#style_Middle</styleUrl>
          <ExtendedData>
            <Data name="id"><value>2132</value></Data>
            <Data name="Class"><value>Middle</value></Data>
          </ExtendedData>
          <Point><coordinates>102.669577500,2.744526542,0</coordinates></Point>
        </Placemark>

        <Placemark>
          <name>2138</name>
          <styleUrl>#style_Middle</styleUrl>
          <ExtendedData>
            <Data name="id"><value>2138</value></Data>
            <Data name="Class"><value>Middle</value></Data>
          </ExtendedData>
          <Point><coordinates>102.669861800,2.744842213,0</coordinates></Point>
        </Placemark>

        <Placemark>
          <name>2140</name>
          <styleUrl>#style_Middle</styleUrl>
          <ExtendedData>
            <Data name="id"><value>2140</value></Data>
            <Data name="Class"><value>Middle</value></Data>
          </ExtendedData>
          <Point><coordinates>102.669998400,2.744842213,0</coordinates></Point>
        </Placemark>

        <Placemark>
          <name>2141</name>
          <styleUrl>#style_Middle</styleUrl>
          <ExtendedData>
            <Data name="id"><value>2141</value></Data>
            <Data name="Class"><value>Middle</value></Data>
          </ExtendedData>
          <Point><coordinates>102.669994600,2.744764548,0</coordinates></Point>
        </Placemark>

        <Placemark>
          <name>2142</name>
          <styleUrl>#style_Middle</styleUrl>
          <ExtendedData>
            <Data name="id"><value>2142</value></Data>
            <Data name="Class"><value>Middle</value></Data>
          </ExtendedData>
          <Point><coordinates>102.669928200,2.744725715,0</coordinates></Point>
        </Placemark>

        <Placemark>
          <name>2143</name>
          <styleUrl>#style_Middle</styleUrl>
          <ExtendedData>
            <Data name="id"><value>2143</value></Data>
            <Data name="Class"><value>Middle</value></Data>
          </ExtendedData>
          <Point><coordinates>102.669859300,2.744763295,0</coordinates></Point>
        </Placemark>

        <Placemark>
          <name>2150</name>
          <styleUrl>#style_Middle</styleUrl>
          <ExtendedData>
            <Data name="id"><value>2150</value></Data>
            <Data name="Class"><value>Middle</value></Data>
          </ExtendedData>
          <Point><coordinates>102.669790400,2.744646798,0</coordinates></Point>
        </Placemark>

        <Placemark>
          <name>2151</name>
          <styleUrl>#style_Middle</styleUrl>
          <ExtendedData>
            <Data name="id"><value>2151</value></Data>
            <Data name="Class"><value>Middle</value></Data>
          </ExtendedData>
          <Point><coordinates>102.669846800,2.744602955,0</coordinates></Point>
        </Placemark>

        <Placemark>
          <name>2160</name>
          <styleUrl>#style_Middle</styleUrl>
          <ExtendedData>
            <Data name="id"><value>2160</value></Data>
            <Data name="Class"><value>Middle</value></Data>
          </ExtendedData>
          <Point><coordinates>102.670077300,2.744517774,0</coordinates></Point>
        </Placemark>

        <Placemark>
          <name>2161</name>
          <styleUrl>#style_Middle</styleUrl>
          <ExtendedData>
            <Data name="id"><value>2161</value></Data>
            <Data name="Class"><value>Middle</value></Data>
          </ExtendedData>
          <Point><coordinates>102.670056000,2.744413803,0</coordinates></Point>
        </Placemark>

        <Placemark>
          <name>2162</name>
          <styleUrl>#style_Middle</styleUrl>
          <ExtendedData>
            <Data name="id"><value>2162</value></Data>
            <Data name="Class"><value>Middle</value></Data>
          </ExtendedData>
          <Point><coordinates>102.669990800,2.744451383,0</coordinates></Point>
        </Placemark>

        <Placemark>
          <name>2166</name>
          <styleUrl>#style_Middle</styleUrl>
          <ExtendedData>
            <Data name="id"><value>2166</value></Data>
            <Data name="Class"><value>Middle</value></Data>
          </ExtendedData>
          <Point><coordinates>102.669924400,2.744487710,0</coordinates></Point>
        </Placemark>

        <Placemark>
          <name>2170</name>
          <styleUrl>#style_Middle</styleUrl>
          <ExtendedData>
            <Data name="id"><value>2170</value></Data>
            <Data name="Class"><value>Middle</value></Data>
          </ExtendedData>
          <Point><coordinates>102.669650100,2.744560364,0</coordinates></Point>
        </Placemark>

        <Placemark>
          <name>2172</name>
          <styleUrl>#style_Middle</styleUrl>
          <ExtendedData>
            <Data name="id"><value>2172</value></Data>
            <Data name="Class"><value>Middle</value></Data>
          </ExtendedData>
          <Point><coordinates>102.669641300,2.744410045,0</coordinates></Point>
        </Placemark>

        <Placemark>
          <name>2173</name>
          <styleUrl>#style_Middle</styleUrl>
          <ExtendedData>
            <Data name="id"><value>2173</value></Data>
            <Data name="Class"><value>Middle</value></Data>
          </ExtendedData>
          <Point><coordinates>102.669647600,2.744329875,0</coordinates></Point>
        </Placemark>

        <Placemark>
          <name>2174</name>
          <styleUrl>#style_Middle</styleUrl>
          <ExtendedData>
            <Data name="id"><value>2174</value></Data>
            <Data name="Class"><value>Middle</value></Data>
          </ExtendedData>
          <Point><coordinates>102.669709000,2.744284779,0</coordinates></Point>
        </Placemark>

        <Placemark>
          <name>2180</name>
          <styleUrl>#style_Middle</styleUrl>
          <ExtendedData>
            <Data name="id"><value>2180</value></Data>
            <Data name="Class"><value>Middle</value></Data>
          </ExtendedData>
          <Point><coordinates>102.669982100,2.744284779,0</coordinates></Point>
        </Placemark>

        <Placemark>
          <name>2185</name>
          <styleUrl>#style_Middle</styleUrl>
          <ExtendedData>
            <Data name="id"><value>2185</value></Data>
            <Data name="Class"><value>Middle</value></Data>
          </ExtendedData>
          <Point><coordinates>102.669784100,2.744327370,0</coordinates></Point>
        </Placemark>

        <Placemark>
          <name>2186</name>
          <styleUrl>#style_Middle</styleUrl>
          <ExtendedData>
            <Data name="id"><value>2186</value></Data>
            <Data name="Class"><value>Middle</value></Data>
          </ExtendedData>
          <Point><coordinates>102.669781600,2.744407540,0</coordinates></Point>
        </Placemark>

        <Placemark>
          <name>2188</name>
          <styleUrl>#style_Middle</styleUrl>
          <ExtendedData>
            <Data name="id"><value>2188</value></Data>
            <Data name="Class"><value>Middle</value></Data>
          </ExtendedData>
          <Point><coordinates>102.669719000,2.744446372,0</coordinates></Point>
        </Placemark>

        <Placemark>
          <name>2189</name>
          <styleUrl>#style_Middle</styleUrl>
          <ExtendedData>
            <Data name="id"><value>2189</value></Data>
            <Data name="Class"><value>Middle</value></Data>
          </ExtendedData>
          <Point><coordinates>102.669786700,2.744491468,0</coordinates></Point>
        </Placemark>

        <Placemark>
          <name>2218</name>
          <styleUrl>#style_Middle</styleUrl>
          <ExtendedData>
            <Data name="id"><value>2218</value></Data>
            <Data name="Class"><value>Middle</value></Data>
          </ExtendedData>
          <Point><coordinates>102.669286200,2.743107906,0</coordinates></Point>
        </Placemark>

        <Placemark>
          <name>2239</name>
          <styleUrl>#style_Middle</styleUrl>
          <ExtendedData>
            <Data name="id"><value>2239</value></Data>
            <Data name="Class"><value>Middle</value></Data>
          </ExtendedData>
          <Point><coordinates>102.670781500,2.742825118,0</coordinates></Point>
        </Placemark>

        <Placemark>
          <name>2241</name>
          <styleUrl>#style_Middle</styleUrl>
          <ExtendedData>
            <Data name="id"><value>2241</value></Data>
            <Data name="Class"><value>Middle</value></Data>
          </ExtendedData>
          <Point><coordinates>102.670906800,2.742895267,0</coordinates></Point>
        </Placemark>

        <Placemark>
          <name>2242</name>
          <styleUrl>#style_Middle</styleUrl>
          <ExtendedData>
            <Data name="id"><value>2242</value></Data>
            <Data name="Class"><value>Middle</value></Data>
          </ExtendedData>
          <Point><coordinates>102.670974400,2.742917815,0</coordinates></Point>
        </Placemark>

        <Placemark>
          <name>2244</name>
          <styleUrl>#style_Middle</styleUrl>
          <ExtendedData>
            <Data name="id"><value>2244</value></Data>
            <Data name="Class"><value>Middle</value></Data>
          </ExtendedData>
          <Point><coordinates>102.671109700,2.742905288,0</coordinates></Point>
        </Placemark>

        <Placemark>
          <name>2245</name>
          <styleUrl>#style_Middle</styleUrl>
          <ExtendedData>
            <Data name="id"><value>2245</value></Data>
            <Data name="Class"><value>Middle</value></Data>
          </ExtendedData>
          <Point><coordinates>102.671228700,2.742871466,0</coordinates></Point>
        </Placemark>

        <Placemark>
          <name>2246</name>
          <styleUrl>#style_Middle</styleUrl>
          <ExtendedData>
            <Data name="id"><value>2246</value></Data>
            <Data name="Class"><value>Middle</value></Data>
          </ExtendedData>
          <Point><coordinates>102.671267500,2.742950384,0</coordinates></Point>
        </Placemark>

        <Placemark>
          <name>2248</name>
          <styleUrl>#style_Middle</styleUrl>
          <ExtendedData>
            <Data name="id"><value>2248</value></Data>
            <Data name="Class"><value>Middle</value></Data>
          </ExtendedData>
          <Point><coordinates>102.671366500,2.742835139,0</coordinates></Point>
        </Placemark>

        <Placemark>
          <name>2278</name>
          <styleUrl>#style_Middle</styleUrl>
          <ExtendedData>
            <Data name="id"><value>2278</value></Data>
            <Data name="Class"><value>Middle</value></Data>
          </ExtendedData>
          <Point><coordinates>102.669919700,2.743691958,0</coordinates></Point>
        </Placemark>

        <Placemark>
          <name>2283</name>
          <styleUrl>#style_Middle</styleUrl>
          <ExtendedData>
            <Data name="id"><value>2283</value></Data>
            <Data name="Class"><value>Middle</value></Data>
          </ExtendedData>
          <Point><coordinates>102.669847000,2.743654378,0</coordinates></Point>
        </Placemark>

        <Placemark>
          <name>2284</name>
          <styleUrl>#style_Middle</styleUrl>
          <ExtendedData>
            <Data name="id"><value>2284</value></Data>
            <Data name="Class"><value>Middle</value></Data>
          </ExtendedData>
          <Point><coordinates>102.669848300,2.743572955,0</coordinates></Point>
        </Placemark>

        <Placemark>
          <name>2286</name>
          <styleUrl>#style_Middle</styleUrl>
          <ExtendedData>
            <Data name="id"><value>2286</value></Data>
            <Data name="Class"><value>Middle</value></Data>
          </ExtendedData>
          <Point><coordinates>102.669358500,2.743775886,0</coordinates></Point>
        </Placemark>

        <Placemark>
          <name>2287</name>
          <styleUrl>#style_Middle</styleUrl>
          <ExtendedData>
            <Data name="id"><value>2287</value></Data>
            <Data name="Class"><value>Middle</value></Data>
          </ExtendedData>
          <Point><coordinates>102.669500000,2.743778392,0</coordinates></Point>
        </Placemark>

        <Placemark>
          <name>2288</name>
          <styleUrl>#style_Middle</styleUrl>
          <ExtendedData>
            <Data name="id"><value>2288</value></Data>
            <Data name="Class"><value>Middle</value></Data>
          </ExtendedData>
          <Point><coordinates>102.669567700,2.743733296,0</coordinates></Point>
        </Placemark>

        <Placemark>
          <name>2329</name>
          <styleUrl>#style_Middle</styleUrl>
          <ExtendedData>
            <Data name="id"><value>2329</value></Data>
            <Data name="Class"><value>Middle</value></Data>
          </ExtendedData>
          <Point><coordinates>102.669429900,2.743656884,0</coordinates></Point>
        </Placemark>

        <Placemark>
          <name>2341</name>
          <styleUrl>#style_Middle</styleUrl>
          <ExtendedData>
            <Data name="id"><value>2341</value></Data>
            <Data name="Class"><value>Middle</value></Data>
          </ExtendedData>
          <Point><coordinates>102.669984800,2.743733296,0</coordinates></Point>
        </Placemark>

        <Placemark>
          <name>2364</name>
          <styleUrl>#style_Middle</styleUrl>
          <ExtendedData>
            <Data name="id"><value>2364</value></Data>
            <Data name="Class"><value>Middle</value></Data>
          </ExtendedData>
          <Point><coordinates>102.670186500,2.742972932,0</coordinates></Point>
        </Placemark>

        <Placemark>
          <name>2375</name>
          <styleUrl>#style_Middle</styleUrl>
          <ExtendedData>
            <Data name="id"><value>2375</value></Data>
            <Data name="Class"><value>Middle</value></Data>
          </ExtendedData>
          <Point><coordinates>102.670265400,2.743645610,0</coordinates></Point>
        </Placemark>

        <Placemark>
          <name>2381</name>
          <styleUrl>#style_Middle</styleUrl>
          <ExtendedData>
            <Data name="id"><value>2381</value></Data>
            <Data name="Class"><value>Middle</value></Data>
          </ExtendedData>
          <Point><coordinates>102.670184000,2.743447690,0</coordinates></Point>
        </Placemark>

        <Placemark>
          <name>2403</name>
          <styleUrl>#style_Middle</styleUrl>
          <ExtendedData>
            <Data name="id"><value>2403</value></Data>
            <Data name="Class"><value>Middle</value></Data>
          </ExtendedData>
          <Point><coordinates>102.670462100,2.743520344,0</coordinates></Point>
        </Placemark>

        <Placemark>
          <name>2405</name>
          <styleUrl>#style_Middle</styleUrl>
          <ExtendedData>
            <Data name="id"><value>2405</value></Data>
            <Data name="Class"><value>Middle</value></Data>
          </ExtendedData>
          <Point><coordinates>102.670599900,2.743443932,0</coordinates></Point>
        </Placemark>

        <Placemark>
          <name>2406</name>
          <styleUrl>#style_Middle</styleUrl>
          <ExtendedData>
            <Data name="id"><value>2406</value></Data>
            <Data name="Class"><value>Middle</value></Data>
          </ExtendedData>
          <Point><coordinates>102.670670000,2.743402594,0</coordinates></Point>
        </Placemark>

        <Placemark>
          <name>2407</name>
          <styleUrl>#style_Middle</styleUrl>
          <ExtendedData>
            <Data name="id"><value>2407</value></Data>
            <Data name="Class"><value>Middle</value></Data>
          </ExtendedData>
          <Point><coordinates>102.670463300,2.743446437,0</coordinates></Point>
        </Placemark>

        <Placemark>
          <name>2411</name>
          <styleUrl>#style_Middle</styleUrl>
          <ExtendedData>
            <Data name="id"><value>2411</value></Data>
            <Data name="Class"><value>Middle</value></Data>
          </ExtendedData>
          <Point><coordinates>102.670254100,2.743246011,0</coordinates></Point>
        </Placemark>

        <Placemark>
          <name>2426</name>
          <styleUrl>#style_Middle</styleUrl>
          <ExtendedData>
            <Data name="id"><value>2426</value></Data>
            <Data name="Class"><value>Middle</value></Data>
          </ExtendedData>
          <Point><coordinates>102.670740200,2.743281086,0</coordinates></Point>
        </Placemark>

        <Placemark>
          <name>2427</name>
          <styleUrl>#style_Middle</styleUrl>
          <ExtendedData>
            <Data name="id"><value>2427</value></Data>
            <Data name="Class"><value>Middle</value></Data>
          </ExtendedData>
          <Point><coordinates>102.670671300,2.743322424,0</coordinates></Point>
        </Placemark>

        <Placemark>
          <name>2428</name>
          <styleUrl>#style_Middle</styleUrl>
          <ExtendedData>
            <Data name="id"><value>2428</value></Data>
            <Data name="Class"><value>Middle</value></Data>
          </ExtendedData>
          <Point><coordinates>102.670599900,2.743363761,0</coordinates></Point>
        </Placemark>

        <Placemark>
          <name>2432</name>
          <styleUrl>#style_Middle</styleUrl>
          <ExtendedData>
            <Data name="id"><value>2432</value></Data>
            <Data name="Class"><value>Middle</value></Data>
          </ExtendedData>
          <Point><coordinates>102.670391900,2.743248517,0</coordinates></Point>
        </Placemark>

        <Placemark>
          <name>2441</name>
          <styleUrl>#style_Middle</styleUrl>
          <ExtendedData>
            <Data name="id"><value>2441</value></Data>
            <Data name="Class"><value>Middle</value></Data>
          </ExtendedData>
          <Point><coordinates>102.670596100,2.743284844,0</coordinates></Point>
        </Placemark>

        <Placemark>
          <name>2442</name>
          <styleUrl>#style_Middle</styleUrl>
          <ExtendedData>
            <Data name="id"><value>2442</value></Data>
            <Data name="Class"><value>Middle</value></Data>
          </ExtendedData>
          <Point><coordinates>102.670670000,2.743242253,0</coordinates></Point>
        </Placemark>

        <Placemark>
          <name>2461</name>
          <styleUrl>#style_Middle</styleUrl>
          <ExtendedData>
            <Data name="id"><value>2461</value></Data>
            <Data name="Class"><value>Middle</value></Data>
          </ExtendedData>
          <Point><coordinates>102.670741400,2.743604272,0</coordinates></Point>
        </Placemark>

        <Placemark>
          <name>2468</name>
          <styleUrl>#style_Middle</styleUrl>
          <ExtendedData>
            <Data name="id"><value>2468</value></Data>
            <Data name="Class"><value>Middle</value></Data>
          </ExtendedData>
          <Point><coordinates>102.670949400,2.743636841,0</coordinates></Point>
        </Placemark>

        <Placemark>
          <name>2469</name>
          <styleUrl>#style_Middle</styleUrl>
          <ExtendedData>
            <Data name="id"><value>2469</value></Data>
            <Data name="Class"><value>Middle</value></Data>
          </ExtendedData>
          <Point><coordinates>102.671082100,2.743639346,0</coordinates></Point>
        </Placemark>

        <Placemark>
          <name>2475</name>
          <styleUrl>#style_Middle</styleUrl>
          <ExtendedData>
            <Data name="id"><value>2475</value></Data>
            <Data name="Class"><value>Middle</value></Data>
          </ExtendedData>
          <Point><coordinates>102.670806600,2.743326182,0</coordinates></Point>
        </Placemark>

        <Placemark>
          <name>2479</name>
          <styleUrl>#style_Middle</styleUrl>
          <ExtendedData>
            <Data name="id"><value>2479</value></Data>
            <Data name="Class"><value>Middle</value></Data>
          </ExtendedData>
          <Point><coordinates>102.670888000,2.743031807,0</coordinates></Point>
        </Placemark>

        <Placemark>
          <name>2481</name>
          <styleUrl>#style_Middle</styleUrl>
          <ExtendedData>
            <Data name="id"><value>2481</value></Data>
            <Data name="Class"><value>Middle</value></Data>
          </ExtendedData>
          <Point><coordinates>102.671004500,2.743040575,0</coordinates></Point>
        </Placemark>

        <Placemark>
          <name>2485</name>
          <styleUrl>#style_Middle</styleUrl>
          <ExtendedData>
            <Data name="id"><value>2485</value></Data>
            <Data name="Class"><value>Middle</value></Data>
          </ExtendedData>
          <Point><coordinates>102.670874200,2.743194652,0</coordinates></Point>
        </Placemark>

        <Placemark>
          <name>2492</name>
          <styleUrl>#style_Middle</styleUrl>
          <ExtendedData>
            <Data name="id"><value>2492</value></Data>
            <Data name="Class"><value>Middle</value></Data>
          </ExtendedData>
          <Point><coordinates>102.670950600,2.743233485,0</coordinates></Point>
        </Placemark>

        <Placemark>
          <name>2493</name>
          <styleUrl>#style_Middle</styleUrl>
          <ExtendedData>
            <Data name="id"><value>2493</value></Data>
            <Data name="Class"><value>Middle</value></Data>
          </ExtendedData>
          <Point><coordinates>102.671013200,2.743276075,0</coordinates></Point>
        </Placemark>

        <Placemark>
          <name>2497</name>
          <styleUrl>#style_Middle</styleUrl>
          <ExtendedData>
            <Data name="id"><value>2497</value></Data>
            <Data name="Class"><value>Middle</value></Data>
          </ExtendedData>
          <Point><coordinates>102.671143500,2.743036817,0</coordinates></Point>
        </Placemark>

        <Placemark>
          <name>2508</name>
          <styleUrl>#style_Middle</styleUrl>
          <ExtendedData>
            <Data name="id"><value>2508</value></Data>
            <Data name="Class"><value>Middle</value></Data>
          </ExtendedData>
          <Point><coordinates>102.671212400,2.743148304,0</coordinates></Point>
        </Placemark>

        <Placemark>
          <name>2510</name>
          <styleUrl>#style_Middle</styleUrl>
          <ExtendedData>
            <Data name="id"><value>2510</value></Data>
            <Data name="Class"><value>Middle</value></Data>
          </ExtendedData>
          <Point><coordinates>102.671419100,2.743197158,0</coordinates></Point>
        </Placemark>

        <Placemark>
          <name>2513</name>
          <styleUrl>#style_Middle</styleUrl>
          <ExtendedData>
            <Data name="id"><value>2513</value></Data>
            <Data name="Class"><value>Middle</value></Data>
          </ExtendedData>
          <Point><coordinates>102.671558100,2.743273570,0</coordinates></Point>
        </Placemark>

        <Placemark>
          <name>2515</name>
          <styleUrl>#style_Middle</styleUrl>
          <ExtendedData>
            <Data name="id"><value>2515</value></Data>
            <Data name="Class"><value>Middle</value></Data>
          </ExtendedData>
          <Point><coordinates>102.671560700,2.743348729,0</coordinates></Point>
        </Placemark>

        <Placemark>
          <name>2516</name>
          <styleUrl>#style_Middle</styleUrl>
          <ExtendedData>
            <Data name="id"><value>2516</value></Data>
            <Data name="Class"><value>Middle</value></Data>
          </ExtendedData>
          <Point><coordinates>102.671559400,2.743427647,0</coordinates></Point>
        </Placemark>

        <Placemark>
          <name>2518</name>
          <styleUrl>#style_Middle</styleUrl>
          <ExtendedData>
            <Data name="id"><value>2518</value></Data>
            <Data name="Class"><value>Middle</value></Data>
          </ExtendedData>
          <Point><coordinates>102.671560700,2.743592998,0</coordinates></Point>
        </Placemark>

        <Placemark>
          <name>2519</name>
          <styleUrl>#style_Middle</styleUrl>
          <ExtendedData>
            <Data name="id"><value>2519</value></Data>
            <Data name="Class"><value>Middle</value></Data>
          </ExtendedData>
          <Point><coordinates>102.671501800,2.743549155,0</coordinates></Point>
        </Placemark>

        <Placemark>
          <name>2521</name>
          <styleUrl>#style_Middle</styleUrl>
          <ExtendedData>
            <Data name="id"><value>2521</value></Data>
            <Data name="Class"><value>Middle</value></Data>
          </ExtendedData>
          <Point><coordinates>102.671357700,2.743623062,0</coordinates></Point>
        </Placemark>

        <Placemark>
          <name>2523</name>
          <styleUrl>#style_Middle</styleUrl>
          <ExtendedData>
            <Data name="id"><value>2523</value></Data>
            <Data name="Class"><value>Middle</value></Data>
          </ExtendedData>
          <Point><coordinates>102.671221200,2.743633083,0</coordinates></Point>
        </Placemark>

        <Placemark>
          <name>2536</name>
          <styleUrl>#style_Middle</styleUrl>
          <ExtendedData>
            <Data name="id"><value>2536</value></Data>
            <Data name="Class"><value>Middle</value></Data>
          </ExtendedData>
          <Point><coordinates>102.671496800,2.743393825,0</coordinates></Point>
        </Placemark>

        <Placemark>
          <name>2546</name>
          <styleUrl>#style_Middle</styleUrl>
          <ExtendedData>
            <Data name="id"><value>2546</value></Data>
            <Data name="Class"><value>Middle</value></Data>
          </ExtendedData>
          <Point><coordinates>102.671295100,2.743356245,0</coordinates></Point>
        </Placemark>

        <Placemark>
          <name>2549</name>
          <styleUrl>#style_Middle</styleUrl>
          <ExtendedData>
            <Data name="id"><value>2549</value></Data>
            <Data name="Class"><value>Middle</value></Data>
          </ExtendedData>
          <Point><coordinates>102.671349000,2.743307392,0</coordinates></Point>
        </Placemark>

        <Placemark>
          <name>2558</name>
          <styleUrl>#style_Middle</styleUrl>
          <ExtendedData>
            <Data name="id"><value>2558</value></Data>
            <Data name="Class"><value>Middle</value></Data>
          </ExtendedData>
          <Point><coordinates>102.670053700,2.744249705,0</coordinates></Point>
        </Placemark>

        <Placemark>
          <name>2563</name>
          <styleUrl>#style_Middle</styleUrl>
          <ExtendedData>
            <Data name="id"><value>2563</value></Data>
            <Data name="Class"><value>Middle</value></Data>
          </ExtendedData>
          <Point><coordinates>102.669993600,2.743816285,0</coordinates></Point>
        </Placemark>

        <Placemark>
          <name>2575</name>
          <styleUrl>#style_Middle</styleUrl>
          <ExtendedData>
            <Data name="id"><value>2575</value></Data>
            <Data name="Class"><value>Middle</value></Data>
          </ExtendedData>
          <Point><coordinates>102.670328000,2.743771189,0</coordinates></Point>
        </Placemark>

        <Placemark>
          <name>2577</name>
          <styleUrl>#style_Middle</styleUrl>
          <ExtendedData>
            <Data name="id"><value>2577</value></Data>
            <Data name="Class"><value>Middle</value></Data>
          </ExtendedData>
          <Point><coordinates>102.670463300,2.743767431,0</coordinates></Point>
        </Placemark>

        <Placemark>
          <name>2587</name>
          <styleUrl>#style_Middle</styleUrl>
          <ExtendedData>
            <Data name="id"><value>2587</value></Data>
            <Data name="Class"><value>Middle</value></Data>
          </ExtendedData>
          <Point><coordinates>102.670328000,2.744081848,0</coordinates></Point>
        </Placemark>

        <Placemark>
          <name>2591</name>
          <styleUrl>#style_Middle</styleUrl>
          <ExtendedData>
            <Data name="id"><value>2591</value></Data>
            <Data name="Class"><value>Middle</value></Data>
          </ExtendedData>
          <Point><coordinates>102.670196500,2.744242189,0</coordinates></Point>
        </Placemark>

        <Placemark>
          <name>2595</name>
          <styleUrl>#style_Middle</styleUrl>
          <ExtendedData>
            <Data name="id"><value>2595</value></Data>
            <Data name="Class"><value>Middle</value></Data>
          </ExtendedData>
          <Point><coordinates>102.670400700,2.744121933,0</coordinates></Point>
        </Placemark>

        <Placemark>
          <name>2596</name>
          <styleUrl>#style_Middle</styleUrl>
          <ExtendedData>
            <Data name="id"><value>2596</value></Data>
            <Data name="Class"><value>Middle</value></Data>
          </ExtendedData>
          <Point><coordinates>102.670460800,2.744001678,0</coordinates></Point>
        </Placemark>

        <Placemark>
          <name>2598</name>
          <styleUrl>#style_Middle</styleUrl>
          <ExtendedData>
            <Data name="id"><value>2598</value></Data>
            <Data name="Class"><value>Middle</value></Data>
          </ExtendedData>
          <Point><coordinates>102.670533500,2.743800000,0</coordinates></Point>
        </Placemark>

        <Placemark>
          <name>2605</name>
          <styleUrl>#style_Middle</styleUrl>
          <ExtendedData>
            <Data name="id"><value>2605</value></Data>
            <Data name="Class"><value>Middle</value></Data>
          </ExtendedData>
          <Point><coordinates>102.670333700,2.744404408,0</coordinates></Point>
        </Placemark>

        <Placemark>
          <name>2616</name>
          <styleUrl>#style_Middle</styleUrl>
          <ExtendedData>
            <Data name="id"><value>2616</value></Data>
            <Data name="Class"><value>Middle</value></Data>
          </ExtendedData>
          <Point><coordinates>102.670400100,2.744206488,0</coordinates></Point>
        </Placemark>

        <Placemark>
          <name>2618</name>
          <styleUrl>#style_Middle</styleUrl>
          <ExtendedData>
            <Data name="id"><value>2618</value></Data>
            <Data name="Class"><value>Middle</value></Data>
          </ExtendedData>
          <Point><coordinates>102.670467700,2.744245320,0</coordinates></Point>
        </Placemark>

        <Placemark>
          <name>2619</name>
          <styleUrl>#style_Middle</styleUrl>
          <ExtendedData>
            <Data name="id"><value>2619</value></Data>
            <Data name="Class"><value>Middle</value></Data>
          </ExtendedData>
          <Point><coordinates>102.670470200,2.744316722,0</coordinates></Point>
        </Placemark>

        <Placemark>
          <name>2620</name>
          <styleUrl>#style_Middle</styleUrl>
          <ExtendedData>
            <Data name="id"><value>2620</value></Data>
            <Data name="Class"><value>Middle</value></Data>
          </ExtendedData>
          <Point><coordinates>102.670474000,2.744479568,0</coordinates></Point>
        </Placemark>

        <Placemark>
          <name>2626</name>
          <styleUrl>#style_Middle</styleUrl>
          <ExtendedData>
            <Data name="id"><value>2626</value></Data>
            <Data name="Class"><value>Middle</value></Data>
          </ExtendedData>
          <Point><coordinates>102.670608600,2.744638655,0</coordinates></Point>
        </Placemark>

        <Placemark>
          <name>2627</name>
          <styleUrl>#style_Middle</styleUrl>
          <ExtendedData>
            <Data name="id"><value>2627</value></Data>
            <Data name="Class"><value>Middle</value></Data>
          </ExtendedData>
          <Point><coordinates>102.670681900,2.744600449,0</coordinates></Point>
        </Placemark>

        <Placemark>
          <name>2628</name>
          <styleUrl>#style_Middle</styleUrl>
          <ExtendedData>
            <Data name="id"><value>2628</value></Data>
            <Data name="Class"><value>Middle</value></Data>
          </ExtendedData>
          <Point><coordinates>102.670683200,2.744678114,0</coordinates></Point>
        </Placemark>

        <Placemark>
          <name>2632</name>
          <styleUrl>#style_Middle</styleUrl>
          <ExtendedData>
            <Data name="id"><value>2632</value></Data>
            <Data name="Class"><value>Middle</value></Data>
          </ExtendedData>
          <Point><coordinates>102.670954400,2.744672477,0</coordinates></Point>
        </Placemark>

        <Placemark>
          <name>2634</name>
          <styleUrl>#style_Middle</styleUrl>
          <ExtendedData>
            <Data name="id"><value>2634</value></Data>
            <Data name="Class"><value>Middle</value></Data>
          </ExtendedData>
          <Point><coordinates>102.670887300,2.744557859,0</coordinates></Point>
        </Placemark>

        <Placemark>
          <name>2635</name>
          <styleUrl>#style_Middle</styleUrl>
          <ExtendedData>
            <Data name="id"><value>2635</value></Data>
            <Data name="Class"><value>Middle</value></Data>
          </ExtendedData>
          <Point><coordinates>102.670953700,2.744510258,0</coordinates></Point>
        </Placemark>

        <Placemark>
          <name>2638</name>
          <styleUrl>#style_Middle</styleUrl>
          <ExtendedData>
            <Data name="id"><value>2638</value></Data>
            <Data name="Class"><value>Middle</value></Data>
          </ExtendedData>
          <Point><coordinates>102.670882300,2.744395013,0</coordinates></Point>
        </Placemark>

        <Placemark>
          <name>2641</name>
          <styleUrl>#style_Middle</styleUrl>
          <ExtendedData>
            <Data name="id"><value>2641</value></Data>
            <Data name="Class"><value>Middle</value></Data>
          </ExtendedData>
          <Point><coordinates>102.670753900,2.744556606,0</coordinates></Point>
        </Placemark>

        <Placemark>
          <name>2642</name>
          <styleUrl>#style_Middle</styleUrl>
          <ExtendedData>
            <Data name="id"><value>2642</value></Data>
            <Data name="Class"><value>Middle</value></Data>
          </ExtendedData>
          <Point><coordinates>102.670819100,2.744516521,0</coordinates></Point>
        </Placemark>

        <Placemark>
          <name>2644</name>
          <styleUrl>#style_Middle</styleUrl>
          <ExtendedData>
            <Data name="id"><value>2644</value></Data>
            <Data name="Class"><value>Middle</value></Data>
          </ExtendedData>
          <Point><coordinates>102.670811600,2.744358060,0</coordinates></Point>
        </Placemark>

        <Placemark>
          <name>2645</name>
          <styleUrl>#style_Middle</styleUrl>
          <ExtendedData>
            <Data name="id"><value>2645</value></Data>
            <Data name="Class"><value>Middle</value></Data>
          </ExtendedData>
          <Point><coordinates>102.670747700,2.744393761,0</coordinates></Point>
        </Placemark>

        <Placemark>
          <name>2646</name>
          <styleUrl>#style_Middle</styleUrl>
          <ExtendedData>
            <Data name="id"><value>2646</value></Data>
            <Data name="Class"><value>Middle</value></Data>
          </ExtendedData>
          <Point><coordinates>102.670744500,2.744475810,0</coordinates></Point>
        </Placemark>

        <Placemark>
          <name>2648</name>
          <styleUrl>#style_Middle</styleUrl>
          <ExtendedData>
            <Data name="id"><value>2648</value></Data>
            <Data name="Class"><value>Middle</value></Data>
          </ExtendedData>
          <Point><coordinates>102.670607400,2.744559738,0</coordinates></Point>
        </Placemark>

        <Placemark>
          <name>2654</name>
          <styleUrl>#style_Middle</styleUrl>
          <ExtendedData>
            <Data name="id"><value>2654</value></Data>
            <Data name="Class"><value>Middle</value></Data>
          </ExtendedData>
          <Point><coordinates>102.670678800,2.744436977,0</coordinates></Point>
        </Placemark>

        <Placemark>
          <name>2659</name>
          <styleUrl>#style_Middle</styleUrl>
          <ExtendedData>
            <Data name="id"><value>2659</value></Data>
            <Data name="Class"><value>Middle</value></Data>
          </ExtendedData>
          <Point><coordinates>102.671022600,2.744547838,0</coordinates></Point>
        </Placemark>

        <Placemark>
          <name>2661</name>
          <styleUrl>#style_Middle</styleUrl>
          <ExtendedData>
            <Data name="id"><value>2661</value></Data>
            <Data name="Class"><value>Middle</value></Data>
          </ExtendedData>
          <Point><coordinates>102.671089700,2.744509005,0</coordinates></Point>
        </Placemark>

        <Placemark>
          <name>2662</name>
          <styleUrl>#style_Middle</styleUrl>
          <ExtendedData>
            <Data name="id"><value>2662</value></Data>
            <Data name="Class"><value>Middle</value></Data>
          </ExtendedData>
          <Point><coordinates>102.671235600,2.744512137,0</coordinates></Point>
        </Placemark>

        <Placemark>
          <name>2664</name>
          <styleUrl>#style_Middle</styleUrl>
          <ExtendedData>
            <Data name="id"><value>2664</value></Data>
            <Data name="Class"><value>Middle</value></Data>
          </ExtendedData>
          <Point><coordinates>102.671297600,2.744388750,0</coordinates></Point>
        </Placemark>

        <Placemark>
          <name>2665</name>
          <styleUrl>#style_Middle</styleUrl>
          <ExtendedData>
            <Data name="id"><value>2665</value></Data>
            <Data name="Class"><value>Middle</value></Data>
          </ExtendedData>
          <Point><coordinates>102.671229900,2.744429461,0</coordinates></Point>
        </Placemark>

        <Placemark>
          <name>2669</name>
          <styleUrl>#style_Middle</styleUrl>
          <ExtendedData>
            <Data name="id"><value>2669</value></Data>
            <Data name="Class"><value>Middle</value></Data>
          </ExtendedData>
          <Point><coordinates>102.671088400,2.744351170,0</coordinates></Point>
        </Placemark>

        <Placemark>
          <name>2670</name>
          <styleUrl>#style_Middle</styleUrl>
          <ExtendedData>
            <Data name="id"><value>2670</value></Data>
            <Data name="Class"><value>Middle</value></Data>
          </ExtendedData>
          <Point><coordinates>102.671010700,2.744377476,0</coordinates></Point>
        </Placemark>

        <Placemark>
          <name>2674</name>
          <styleUrl>#style_Middle</styleUrl>
          <ExtendedData>
            <Data name="id"><value>2674</value></Data>
            <Data name="Class"><value>Middle</value></Data>
          </ExtendedData>
          <Point><coordinates>102.671296300,2.744303569,0</coordinates></Point>
        </Placemark>

        <Placemark>
          <name>2687</name>
          <styleUrl>#style_Middle</styleUrl>
          <ExtendedData>
            <Data name="id"><value>2687</value></Data>
            <Data name="Class"><value>Middle</value></Data>
          </ExtendedData>
          <Point><coordinates>102.671484900,2.743959088,0</coordinates></Point>
        </Placemark>

        <Placemark>
          <name>2688</name>
          <styleUrl>#style_Middle</styleUrl>
          <ExtendedData>
            <Data name="id"><value>2688</value></Data>
            <Data name="Class"><value>Middle</value></Data>
          </ExtendedData>
          <Point><coordinates>102.671508700,2.743887686,0</coordinates></Point>
        </Placemark>

        <Placemark>
          <name>2693</name>
          <styleUrl>#style_Middle</styleUrl>
          <ExtendedData>
            <Data name="id"><value>2693</value></Data>
            <Data name="Class"><value>Middle</value></Data>
          </ExtendedData>
          <Point><coordinates>102.671428500,2.743747388,0</coordinates></Point>
        </Placemark>

        <Placemark>
          <name>2694</name>
          <styleUrl>#style_Middle</styleUrl>
          <ExtendedData>
            <Data name="id"><value>2694</value></Data>
            <Data name="Class"><value>Middle</value></Data>
          </ExtendedData>
          <Point><coordinates>102.671429700,2.743822548,0</coordinates></Point>
        </Placemark>

        <Placemark>
          <name>2696</name>
          <styleUrl>#style_Middle</styleUrl>
          <ExtendedData>
            <Data name="id"><value>2696</value></Data>
            <Data name="Class"><value>Middle</value></Data>
          </ExtendedData>
          <Point><coordinates>102.671364600,2.743952824,0</coordinates></Point>
        </Placemark>

        <Placemark>
          <name>2706</name>
          <styleUrl>#style_Middle</styleUrl>
          <ExtendedData>
            <Data name="id"><value>2706</value></Data>
            <Data name="Class"><value>Middle</value></Data>
          </ExtendedData>
          <Point><coordinates>102.671223100,2.743709809,0</coordinates></Point>
        </Placemark>

        <Placemark>
          <name>2707</name>
          <styleUrl>#style_Middle</styleUrl>
          <ExtendedData>
            <Data name="id"><value>2707</value></Data>
            <Data name="Class"><value>Middle</value></Data>
          </ExtendedData>
          <Point><coordinates>102.671285700,2.743683503,0</coordinates></Point>
        </Placemark>

        <Placemark>
          <name>2708</name>
          <styleUrl>#style_Middle</styleUrl>
          <ExtendedData>
            <Data name="id"><value>2708</value></Data>
            <Data name="Class"><value>Middle</value></Data>
          </ExtendedData>
          <Point><coordinates>102.671355800,2.743708556,0</coordinates></Point>
        </Placemark>

        <Placemark>
          <name>2710</name>
          <styleUrl>#style_Middle</styleUrl>
          <ExtendedData>
            <Data name="id"><value>2710</value></Data>
            <Data name="Class"><value>Middle</value></Data>
          </ExtendedData>
          <Point><coordinates>102.671290700,2.743833822,0</coordinates></Point>
        </Placemark>

        <Placemark>
          <name>2718</name>
          <styleUrl>#style_Middle</styleUrl>
          <ExtendedData>
            <Data name="id"><value>2718</value></Data>
            <Data name="Class"><value>Middle</value></Data>
          </ExtendedData>
          <Point><coordinates>102.671159200,2.744146987,0</coordinates></Point>
        </Placemark>

        <Placemark>
          <name>2721</name>
          <styleUrl>#style_Middle</styleUrl>
          <ExtendedData>
            <Data name="id"><value>2721</value></Data>
            <Data name="Class"><value>Middle</value></Data>
          </ExtendedData>
          <Point><coordinates>102.670951200,2.744197093,0</coordinates></Point>
        </Placemark>

        <Placemark>
          <name>2724</name>
          <styleUrl>#style_Middle</styleUrl>
          <ExtendedData>
            <Data name="id"><value>2724</value></Data>
            <Data name="Class"><value>Middle</value></Data>
          </ExtendedData>
          <Point><coordinates>102.670748300,2.744155755,0</coordinates></Point>
        </Placemark>

        <Placemark>
          <name>2731</name>
          <styleUrl>#style_Middle</styleUrl>
          <ExtendedData>
            <Data name="id"><value>2731</value></Data>
            <Data name="Class"><value>Middle</value></Data>
          </ExtendedData>
          <Point><coordinates>102.670530300,2.743964098,0</coordinates></Point>
        </Placemark>

        <Placemark>
          <name>2737</name>
          <styleUrl>#style_Middle</styleUrl>
          <ExtendedData>
            <Data name="id"><value>2737</value></Data>
            <Data name="Class"><value>Middle</value></Data>
          </ExtendedData>
          <Point><coordinates>102.671089000,2.744036753,0</coordinates></Point>
        </Placemark>

        <Placemark>
          <name>2738</name>
          <styleUrl>#style_Middle</styleUrl>
          <ExtendedData>
            <Data name="id"><value>2738</value></Data>
            <Data name="Class"><value>Middle</value></Data>
          </ExtendedData>
          <Point><coordinates>102.671089000,2.744105649,0</coordinates></Point>
        </Placemark>

        <Placemark>
          <name>2740</name>
          <styleUrl>#style_Middle</styleUrl>
          <ExtendedData>
            <Data name="id"><value>2740</value></Data>
            <Data name="Class"><value>Middle</value></Data>
          </ExtendedData>
          <Point><coordinates>102.671030100,2.743999173,0</coordinates></Point>
        </Placemark>

        <Placemark>
          <name>2741</name>
          <styleUrl>#style_Middle</styleUrl>
          <ExtendedData>
            <Data name="id"><value>2741</value></Data>
            <Data name="Class"><value>Middle</value></Data>
          </ExtendedData>
          <Point><coordinates>102.671016400,2.743912739,0</coordinates></Point>
        </Placemark>

        <Placemark>
          <name>2754</name>
          <styleUrl>#style_Middle</styleUrl>
          <ExtendedData>
            <Data name="id"><value>2754</value></Data>
            <Data name="Class"><value>Middle</value></Data>
          </ExtendedData>
          <Point><coordinates>102.670601700,2.744155755,0</coordinates></Point>
        </Placemark>

        <Placemark>
          <name>2755</name>
          <styleUrl>#style_Middle</styleUrl>
          <ExtendedData>
            <Data name="id"><value>2755</value></Data>
            <Data name="Class"><value>Middle</value></Data>
          </ExtendedData>
          <Point><coordinates>102.670600500,2.744079343,0</coordinates></Point>
        </Placemark>

        <Placemark>
          <name>2760</name>
          <styleUrl>#style_Middle</styleUrl>
          <ExtendedData>
            <Data name="id"><value>2760</value></Data>
            <Data name="Class"><value>Middle</value></Data>
          </ExtendedData>
          <Point><coordinates>102.670675600,2.744039258,0</coordinates></Point>
        </Placemark>

        <Placemark>
          <name>2770</name>
          <styleUrl>#style_Middle</styleUrl>
          <ExtendedData>
            <Data name="id"><value>2770</value></Data>
            <Data name="Class"><value>Middle</value></Data>
          </ExtendedData>
          <Point><coordinates>102.670466500,2.744078090,0</coordinates></Point>
        </Placemark>

        <Placemark>
          <name>2773</name>
          <styleUrl>#style_Middle</styleUrl>
          <ExtendedData>
            <Data name="id"><value>2773</value></Data>
            <Data name="Class"><value>Middle</value></Data>
          </ExtendedData>
          <Point><coordinates>102.669724300,2.746024097,0</coordinates></Point>
        </Placemark>
    </Folder>
    <Folder>
      <name>Unhealthy (200)</name>
      <open>0</open>
        <Placemark>
          <name>161</name>
          <styleUrl>#style_Unhealthy</styleUrl>
          <ExtendedData>
            <Data name="id"><value>161</value></Data>
            <Data name="Class"><value>Unhealthy</value></Data>
          </ExtendedData>
          <Point><coordinates>102.667236300,2.743983306,0</coordinates></Point>
        </Placemark>

        <Placemark>
          <name>197</name>
          <styleUrl>#style_Unhealthy</styleUrl>
          <ExtendedData>
            <Data name="id"><value>197</value></Data>
            <Data name="Class"><value>Unhealthy</value></Data>
          </ExtendedData>
          <Point><coordinates>102.667415100,2.743615859,0</coordinates></Point>
        </Placemark>

        <Placemark>
          <name>206</name>
          <styleUrl>#style_Unhealthy</styleUrl>
          <ExtendedData>
            <Data name="id"><value>206</value></Data>
            <Data name="Class"><value>Unhealthy</value></Data>
          </ExtendedData>
          <Point><coordinates>102.667162000,2.743529008,0</coordinates></Point>
        </Placemark>

        <Placemark>
          <name>413</name>
          <styleUrl>#style_Unhealthy</styleUrl>
          <ExtendedData>
            <Data name="id"><value>413</value></Data>
            <Data name="Class"><value>Unhealthy</value></Data>
          </ExtendedData>
          <Point><coordinates>102.668874000,2.742771358,0</coordinates></Point>
        </Placemark>

        <Placemark>
          <name>419</name>
          <styleUrl>#style_Unhealthy</styleUrl>
          <ExtendedData>
            <Data name="id"><value>419</value></Data>
            <Data name="Class"><value>Unhealthy</value></Data>
          </ExtendedData>
          <Point><coordinates>102.669288200,2.742567592,0</coordinates></Point>
        </Placemark>

        <Placemark>
          <name>711</name>
          <styleUrl>#style_Unhealthy</styleUrl>
          <ExtendedData>
            <Data name="id"><value>711</value></Data>
            <Data name="Class"><value>Unhealthy</value></Data>
          </ExtendedData>
          <Point><coordinates>102.672149300,2.743407291,0</coordinates></Point>
        </Placemark>

        <Placemark>
          <name>712</name>
          <styleUrl>#style_Unhealthy</styleUrl>
          <ExtendedData>
            <Data name="id"><value>712</value></Data>
            <Data name="Class"><value>Unhealthy</value></Data>
          </ExtendedData>
          <Point><coordinates>102.672059100,2.743425664,0</coordinates></Point>
        </Placemark>

        <Placemark>
          <name>720</name>
          <styleUrl>#style_Unhealthy</styleUrl>
          <ExtendedData>
            <Data name="id"><value>720</value></Data>
            <Data name="Class"><value>Unhealthy</value></Data>
          </ExtendedData>
          <Point><coordinates>102.671936300,2.743454057,0</coordinates></Point>
        </Placemark>

        <Placemark>
          <name>731</name>
          <styleUrl>#style_Unhealthy</styleUrl>
          <ExtendedData>
            <Data name="id"><value>731</value></Data>
            <Data name="Class"><value>Unhealthy</value></Data>
          </ExtendedData>
          <Point><coordinates>102.671818600,2.743568467,0</coordinates></Point>
        </Placemark>

        <Placemark>
          <name>733</name>
          <styleUrl>#style_Unhealthy</styleUrl>
          <ExtendedData>
            <Data name="id"><value>733</value></Data>
            <Data name="Class"><value>Unhealthy</value></Data>
          </ExtendedData>
          <Point><coordinates>102.671697500,2.743591850,0</coordinates></Point>
        </Placemark>

        <Placemark>
          <name>758</name>
          <styleUrl>#style_Unhealthy</styleUrl>
          <ExtendedData>
            <Data name="id"><value>758</value></Data>
            <Data name="Class"><value>Unhealthy</value></Data>
          </ExtendedData>
          <Point><coordinates>102.671737600,2.743712940,0</coordinates></Point>
        </Placemark>

        <Placemark>
          <name>769</name>
          <styleUrl>#style_Unhealthy</styleUrl>
          <ExtendedData>
            <Data name="id"><value>769</value></Data>
            <Data name="Class"><value>Unhealthy</value></Data>
          </ExtendedData>
          <Point><coordinates>102.672078300,2.743996041,0</coordinates></Point>
        </Placemark>

        <Placemark>
          <name>784</name>
          <styleUrl>#style_Unhealthy</styleUrl>
          <ExtendedData>
            <Data name="id"><value>784</value></Data>
            <Data name="Class"><value>Unhealthy</value></Data>
          </ExtendedData>
          <Point><coordinates>102.671990600,2.744077882,0</coordinates></Point>
        </Placemark>

        <Placemark>
          <name>791</name>
          <styleUrl>#style_Unhealthy</styleUrl>
          <ExtendedData>
            <Data name="id"><value>791</value></Data>
            <Data name="Class"><value>Unhealthy</value></Data>
          </ExtendedData>
          <Point><coordinates>102.671950500,2.744003557,0</coordinates></Point>
        </Placemark>

        <Placemark>
          <name>803</name>
          <styleUrl>#style_Unhealthy</styleUrl>
          <ExtendedData>
            <Data name="id"><value>803</value></Data>
            <Data name="Class"><value>Unhealthy</value></Data>
          </ExtendedData>
          <Point><coordinates>102.671574700,2.744087903,0</coordinates></Point>
        </Placemark>

        <Placemark>
          <name>832</name>
          <styleUrl>#style_Unhealthy</styleUrl>
          <ExtendedData>
            <Data name="id"><value>832</value></Data>
            <Data name="Class"><value>Unhealthy</value></Data>
          </ExtendedData>
          <Point><coordinates>102.671568900,2.744359312,0</coordinates></Point>
        </Placemark>

        <Placemark>
          <name>840</name>
          <styleUrl>#style_Unhealthy</styleUrl>
          <ExtendedData>
            <Data name="id"><value>840</value></Data>
            <Data name="Class"><value>Unhealthy</value></Data>
          </ExtendedData>
          <Point><coordinates>102.671416900,2.744372674,0</coordinates></Point>
        </Placemark>

        <Placemark>
          <name>841</name>
          <styleUrl>#style_Unhealthy</styleUrl>
          <ExtendedData>
            <Data name="id"><value>841</value></Data>
            <Data name="Class"><value>Unhealthy</value></Data>
          </ExtendedData>
          <Point><coordinates>102.671381000,2.744452009,0</coordinates></Point>
        </Placemark>

        <Placemark>
          <name>844</name>
          <styleUrl>#style_Unhealthy</styleUrl>
          <ExtendedData>
            <Data name="id"><value>844</value></Data>
            <Data name="Class"><value>Unhealthy</value></Data>
          </ExtendedData>
          <Point><coordinates>102.671534600,2.744426121,0</coordinates></Point>
        </Placemark>

        <Placemark>
          <name>845</name>
          <styleUrl>#style_Unhealthy</styleUrl>
          <ExtendedData>
            <Data name="id"><value>845</value></Data>
            <Data name="Class"><value>Unhealthy</value></Data>
          </ExtendedData>
          <Point><coordinates>102.671533800,2.744496270,0</coordinates></Point>
        </Placemark>

        <Placemark>
          <name>852</name>
          <styleUrl>#style_Unhealthy</styleUrl>
          <ExtendedData>
            <Data name="id"><value>852</value></Data>
            <Data name="Class"><value>Unhealthy</value></Data>
          </ExtendedData>
          <Point><coordinates>102.671939700,2.744416935,0</coordinates></Point>
        </Placemark>

        <Placemark>
          <name>853</name>
          <styleUrl>#style_Unhealthy</styleUrl>
          <ExtendedData>
            <Data name="id"><value>853</value></Data>
            <Data name="Class"><value>Unhealthy</value></Data>
          </ExtendedData>
          <Point><coordinates>102.671988100,2.744485413,0</coordinates></Point>
        </Placemark>

        <Placemark>
          <name>881</name>
          <styleUrl>#style_Unhealthy</styleUrl>
          <ExtendedData>
            <Data name="id"><value>881</value></Data>
            <Data name="Class"><value>Unhealthy</value></Data>
          </ExtendedData>
          <Point><coordinates>102.671568000,2.744739286,0</coordinates></Point>
        </Placemark>

        <Placemark>
          <name>889</name>
          <styleUrl>#style_Unhealthy</styleUrl>
          <ExtendedData>
            <Data name="id"><value>889</value></Data>
            <Data name="Class"><value>Unhealthy</value></Data>
          </ExtendedData>
          <Point><coordinates>102.671568000,2.744572264,0</coordinates></Point>
        </Placemark>

        <Placemark>
          <name>893</name>
          <styleUrl>#style_Unhealthy</styleUrl>
          <ExtendedData>
            <Data name="id"><value>893</value></Data>
            <Data name="Class"><value>Unhealthy</value></Data>
          </ExtendedData>
          <Point><coordinates>102.671661600,2.744655775,0</coordinates></Point>
        </Placemark>

        <Placemark>
          <name>900</name>
          <styleUrl>#style_Unhealthy</styleUrl>
          <ExtendedData>
            <Data name="id"><value>900</value></Data>
            <Data name="Class"><value>Unhealthy</value></Data>
          </ExtendedData>
          <Point><coordinates>102.671892100,2.744562243,0</coordinates></Point>
        </Placemark>

        <Placemark>
          <name>901</name>
          <styleUrl>#style_Unhealthy</styleUrl>
          <ExtendedData>
            <Data name="id"><value>901</value></Data>
            <Data name="Class"><value>Unhealthy</value></Data>
          </ExtendedData>
          <Point><coordinates>102.671912100,2.744487919,0</coordinates></Point>
        </Placemark>

        <Placemark>
          <name>919</name>
          <styleUrl>#style_Unhealthy</styleUrl>
          <ExtendedData>
            <Data name="id"><value>919</value></Data>
            <Data name="Class"><value>Unhealthy</value></Data>
          </ExtendedData>
          <Point><coordinates>102.672121300,2.744782711,0</coordinates></Point>
        </Placemark>

        <Placemark>
          <name>922</name>
          <styleUrl>#style_Unhealthy</styleUrl>
          <ExtendedData>
            <Data name="id"><value>922</value></Data>
            <Data name="Class"><value>Unhealthy</value></Data>
          </ExtendedData>
          <Point><coordinates>102.672279100,2.744941799,0</coordinates></Point>
        </Placemark>

        <Placemark>
          <name>924</name>
          <styleUrl>#style_Unhealthy</styleUrl>
          <ExtendedData>
            <Data name="id"><value>924</value></Data>
            <Data name="Class"><value>Unhealthy</value></Data>
          </ExtendedData>
          <Point><coordinates>102.672245300,2.745026980,0</coordinates></Point>
        </Placemark>

        <Placemark>
          <name>925</name>
          <styleUrl>#style_Unhealthy</styleUrl>
          <ExtendedData>
            <Data name="id"><value>925</value></Data>
            <Data name="Class"><value>Unhealthy</value></Data>
          </ExtendedData>
          <Point><coordinates>102.672171400,2.744993158,0</coordinates></Point>
        </Placemark>

        <Placemark>
          <name>945</name>
          <styleUrl>#style_Unhealthy</styleUrl>
          <ExtendedData>
            <Data name="id"><value>945</value></Data>
            <Data name="Class"><value>Unhealthy</value></Data>
          </ExtendedData>
          <Point><coordinates>102.671498700,2.744985642,0</coordinates></Point>
        </Placemark>

        <Placemark>
          <name>961</name>
          <styleUrl>#style_Unhealthy</styleUrl>
          <ExtendedData>
            <Data name="id"><value>961</value></Data>
            <Data name="Class"><value>Unhealthy</value></Data>
          </ExtendedData>
          <Point><coordinates>102.671619000,2.744885429,0</coordinates></Point>
        </Placemark>

        <Placemark>
          <name>968</name>
          <styleUrl>#style_Unhealthy</styleUrl>
          <ExtendedData>
            <Data name="id"><value>968</value></Data>
            <Data name="Class"><value>Unhealthy</value></Data>
          </ExtendedData>
          <Point><coordinates>102.672071200,2.745013201,0</coordinates></Point>
        </Placemark>

        <Placemark>
          <name>969</name>
          <styleUrl>#style_Unhealthy</styleUrl>
          <ExtendedData>
            <Data name="id"><value>969</value></Data>
            <Data name="Class"><value>Unhealthy</value></Data>
          </ExtendedData>
          <Point><coordinates>102.672110000,2.745090865,0</coordinates></Point>
        </Placemark>

        <Placemark>
          <name>970</name>
          <styleUrl>#style_Unhealthy</styleUrl>
          <ExtendedData>
            <Data name="id"><value>970</value></Data>
            <Data name="Class"><value>Unhealthy</value></Data>
          </ExtendedData>
          <Point><coordinates>102.672064900,2.745150993,0</coordinates></Point>
        </Placemark>

        <Placemark>
          <name>989</name>
          <styleUrl>#style_Unhealthy</styleUrl>
          <ExtendedData>
            <Data name="id"><value>989</value></Data>
            <Data name="Class"><value>Unhealthy</value></Data>
          </ExtendedData>
          <Point><coordinates>102.672291700,2.745203605,0</coordinates></Point>
        </Placemark>

        <Placemark>
          <name>997</name>
          <styleUrl>#style_Unhealthy</styleUrl>
          <ExtendedData>
            <Data name="id"><value>997</value></Data>
            <Data name="Class"><value>Unhealthy</value></Data>
          </ExtendedData>
          <Point><coordinates>102.672108800,2.745391504,0</coordinates></Point>
        </Placemark>

        <Placemark>
          <name>1010</name>
          <styleUrl>#style_Unhealthy</styleUrl>
          <ExtendedData>
            <Data name="id"><value>1010</value></Data>
            <Data name="Class"><value>Unhealthy</value></Data>
          </ExtendedData>
          <Point><coordinates>102.671784300,2.745456642,0</coordinates></Point>
        </Placemark>

        <Placemark>
          <name>1012</name>
          <styleUrl>#style_Unhealthy</styleUrl>
          <ExtendedData>
            <Data name="id"><value>1012</value></Data>
            <Data name="Class"><value>Unhealthy</value></Data>
          </ExtendedData>
          <Point><coordinates>102.671897100,2.745335134,0</coordinates></Point>
        </Placemark>

        <Placemark>
          <name>1018</name>
          <styleUrl>#style_Unhealthy</styleUrl>
          <ExtendedData>
            <Data name="id"><value>1018</value></Data>
            <Data name="Class"><value>Unhealthy</value></Data>
          </ExtendedData>
          <Point><coordinates>102.671751800,2.745371461,0</coordinates></Point>
        </Placemark>

        <Placemark>
          <name>1023</name>
          <styleUrl>#style_Unhealthy</styleUrl>
          <ExtendedData>
            <Data name="id"><value>1023</value></Data>
            <Data name="Class"><value>Unhealthy</value></Data>
          </ExtendedData>
          <Point><coordinates>102.671639000,2.745390251,0</coordinates></Point>
        </Placemark>

        <Placemark>
          <name>1024</name>
          <styleUrl>#style_Unhealthy</styleUrl>
          <ExtendedData>
            <Data name="id"><value>1024</value></Data>
            <Data name="Class"><value>Unhealthy</value></Data>
          </ExtendedData>
          <Point><coordinates>102.671571400,2.745500485,0</coordinates></Point>
        </Placemark>

        <Placemark>
          <name>1035</name>
          <styleUrl>#style_Unhealthy</styleUrl>
          <ExtendedData>
            <Data name="id"><value>1035</value></Data>
            <Data name="Class"><value>Unhealthy</value></Data>
          </ExtendedData>
          <Point><coordinates>102.671364700,2.745394009,0</coordinates></Point>
        </Placemark>

        <Placemark>
          <name>1036</name>
          <styleUrl>#style_Unhealthy</styleUrl>
          <ExtendedData>
            <Data name="id"><value>1036</value></Data>
            <Data name="Class"><value>Unhealthy</value></Data>
          </ExtendedData>
          <Point><coordinates>102.671369700,2.745467916,0</coordinates></Point>
        </Placemark>

        <Placemark>
          <name>1061</name>
          <styleUrl>#style_Unhealthy</styleUrl>
          <ExtendedData>
            <Data name="id"><value>1061</value></Data>
            <Data name="Class"><value>Unhealthy</value></Data>
          </ExtendedData>
          <Point><coordinates>102.671095400,2.745161014,0</coordinates></Point>
        </Placemark>

        <Placemark>
          <name>1064</name>
          <styleUrl>#style_Unhealthy</styleUrl>
          <ExtendedData>
            <Data name="id"><value>1064</value></Data>
            <Data name="Class"><value>Unhealthy</value></Data>
          </ExtendedData>
          <Point><coordinates>102.671164300,2.744802754,0</coordinates></Point>
        </Placemark>

        <Placemark>
          <name>1065</name>
          <styleUrl>#style_Unhealthy</styleUrl>
          <ExtendedData>
            <Data name="id"><value>1065</value></Data>
            <Data name="Class"><value>Unhealthy</value></Data>
          </ExtendedData>
          <Point><coordinates>102.671220600,2.744736363,0</coordinates></Point>
        </Placemark>

        <Placemark>
          <name>1068</name>
          <styleUrl>#style_Unhealthy</styleUrl>
          <ExtendedData>
            <Data name="id"><value>1068</value></Data>
            <Data name="Class"><value>Unhealthy</value></Data>
          </ExtendedData>
          <Point><coordinates>102.671160500,2.744631139,0</coordinates></Point>
        </Placemark>

        <Placemark>
          <name>1079</name>
          <styleUrl>#style_Unhealthy</styleUrl>
          <ExtendedData>
            <Data name="id"><value>1079</value></Data>
            <Data name="Class"><value>Unhealthy</value></Data>
          </ExtendedData>
          <Point><coordinates>102.672197700,2.745822419,0</coordinates></Point>
        </Placemark>

        <Placemark>
          <name>1081</name>
          <styleUrl>#style_Unhealthy</styleUrl>
          <ExtendedData>
            <Data name="id"><value>1081</value></Data>
            <Data name="Class"><value>Unhealthy</value></Data>
          </ExtendedData>
          <Point><coordinates>102.672118800,2.745803629,0</coordinates></Point>
        </Placemark>

        <Placemark>
          <name>1082</name>
          <styleUrl>#style_Unhealthy</styleUrl>
          <ExtendedData>
            <Data name="id"><value>1082</value></Data>
            <Data name="Class"><value>Unhealthy</value></Data>
          </ExtendedData>
          <Point><coordinates>102.672052400,2.745779828,0</coordinates></Point>
        </Placemark>

        <Placemark>
          <name>1085</name>
          <styleUrl>#style_Unhealthy</styleUrl>
          <ExtendedData>
            <Data name="id"><value>1085</value></Data>
            <Data name="Class"><value>Unhealthy</value></Data>
          </ExtendedData>
          <Point><coordinates>102.672111300,2.745598192,0</coordinates></Point>
        </Placemark>

        <Placemark>
          <name>1091</name>
          <styleUrl>#style_Unhealthy</styleUrl>
          <ExtendedData>
            <Data name="id"><value>1091</value></Data>
            <Data name="Class"><value>Unhealthy</value></Data>
          </ExtendedData>
          <Point><coordinates>102.671988500,2.745754775,0</coordinates></Point>
        </Placemark>

        <Placemark>
          <name>1098</name>
          <styleUrl>#style_Unhealthy</styleUrl>
          <ExtendedData>
            <Data name="id"><value>1098</value></Data>
            <Data name="Class"><value>Unhealthy</value></Data>
          </ExtendedData>
          <Point><coordinates>102.671815600,2.745608214,0</coordinates></Point>
        </Placemark>

        <Placemark>
          <name>1099</name>
          <styleUrl>#style_Unhealthy</styleUrl>
          <ExtendedData>
            <Data name="id"><value>1099</value></Data>
            <Data name="Class"><value>Unhealthy</value></Data>
          </ExtendedData>
          <Point><coordinates>102.671799400,2.745530549,0</coordinates></Point>
        </Placemark>

        <Placemark>
          <name>1100</name>
          <styleUrl>#style_Unhealthy</styleUrl>
          <ExtendedData>
            <Data name="id"><value>1100</value></Data>
            <Data name="Class"><value>Unhealthy</value></Data>
          </ExtendedData>
          <Point><coordinates>102.671680400,2.745538065,0</coordinates></Point>
        </Placemark>

        <Placemark>
          <name>1101</name>
          <styleUrl>#style_Unhealthy</styleUrl>
          <ExtendedData>
            <Data name="id"><value>1101</value></Data>
            <Data name="Class"><value>Unhealthy</value></Data>
          </ExtendedData>
          <Point><coordinates>102.671629000,2.745584413,0</coordinates></Point>
        </Placemark>

        <Placemark>
          <name>1104</name>
          <styleUrl>#style_Unhealthy</styleUrl>
          <ExtendedData>
            <Data name="id"><value>1104</value></Data>
            <Data name="Class"><value>Unhealthy</value></Data>
          </ExtendedData>
          <Point><coordinates>102.671586400,2.745644541,0</coordinates></Point>
        </Placemark>

        <Placemark>
          <name>1105</name>
          <styleUrl>#style_Unhealthy</styleUrl>
          <ExtendedData>
            <Data name="id"><value>1105</value></Data>
            <Data name="Class"><value>Unhealthy</value></Data>
          </ExtendedData>
          <Point><coordinates>102.671493700,2.745634520,0</coordinates></Point>
        </Placemark>

        <Placemark>
          <name>1122</name>
          <styleUrl>#style_Unhealthy</styleUrl>
          <ExtendedData>
            <Data name="id"><value>1122</value></Data>
            <Data name="Class"><value>Unhealthy</value></Data>
          </ExtendedData>
          <Point><coordinates>102.671533800,2.745712184,0</coordinates></Point>
        </Placemark>

        <Placemark>
          <name>1137</name>
          <styleUrl>#style_Unhealthy</styleUrl>
          <ExtendedData>
            <Data name="id"><value>1137</value></Data>
            <Data name="Class"><value>Unhealthy</value></Data>
          </ExtendedData>
          <Point><coordinates>102.671399800,2.745699658,0</coordinates></Point>
        </Placemark>

        <Placemark>
          <name>1151</name>
          <styleUrl>#style_Unhealthy</styleUrl>
          <ExtendedData>
            <Data name="id"><value>1151</value></Data>
            <Data name="Class"><value>Unhealthy</value></Data>
          </ExtendedData>
          <Point><coordinates>102.670961300,2.745365198,0</coordinates></Point>
        </Placemark>

        <Placemark>
          <name>1162</name>
          <styleUrl>#style_Unhealthy</styleUrl>
          <ExtendedData>
            <Data name="id"><value>1162</value></Data>
            <Data name="Class"><value>Unhealthy</value></Data>
          </ExtendedData>
          <Point><coordinates>102.671036500,2.745703416,0</coordinates></Point>
        </Placemark>

        <Placemark>
          <name>1172</name>
          <styleUrl>#style_Unhealthy</styleUrl>
          <ExtendedData>
            <Data name="id"><value>1172</value></Data>
            <Data name="Class"><value>Unhealthy</value></Data>
          </ExtendedData>
          <Point><coordinates>102.670962600,2.745839956,0</coordinates></Point>
        </Placemark>

        <Placemark>
          <name>1176</name>
          <styleUrl>#style_Unhealthy</styleUrl>
          <ExtendedData>
            <Data name="id"><value>1176</value></Data>
            <Data name="Class"><value>Unhealthy</value></Data>
          </ExtendedData>
          <Point><coordinates>102.670842300,2.745832440,0</coordinates></Point>
        </Placemark>

        <Placemark>
          <name>1181</name>
          <styleUrl>#style_Unhealthy</styleUrl>
          <ExtendedData>
            <Data name="id"><value>1181</value></Data>
            <Data name="Class"><value>Unhealthy</value></Data>
          </ExtendedData>
          <Point><coordinates>102.670866100,2.745989022,0</coordinates></Point>
        </Placemark>

        <Placemark>
          <name>1198</name>
          <styleUrl>#style_Unhealthy</styleUrl>
          <ExtendedData>
            <Data name="id"><value>1198</value></Data>
            <Data name="Class"><value>Unhealthy</value></Data>
          </ExtendedData>
          <Point><coordinates>102.669176900,2.745970859,0</coordinates></Point>
        </Placemark>

        <Placemark>
          <name>1232</name>
          <styleUrl>#style_Unhealthy</styleUrl>
          <ExtendedData>
            <Data name="id"><value>1232</value></Data>
            <Data name="Class"><value>Unhealthy</value></Data>
          </ExtendedData>
          <Point><coordinates>102.669245800,2.745928895,0</coordinates></Point>
        </Placemark>

        <Placemark>
          <name>1233</name>
          <styleUrl>#style_Unhealthy</styleUrl>
          <ExtendedData>
            <Data name="id"><value>1233</value></Data>
            <Data name="Class"><value>Unhealthy</value></Data>
          </ExtendedData>
          <Point><coordinates>102.669246400,2.745849351,0</coordinates></Point>
        </Placemark>

        <Placemark>
          <name>1236</name>
          <styleUrl>#style_Unhealthy</styleUrl>
          <ExtendedData>
            <Data name="id"><value>1236</value></Data>
            <Data name="Class"><value>Unhealthy</value></Data>
          </ExtendedData>
          <Point><coordinates>102.669312200,2.745648299,0</coordinates></Point>
        </Placemark>

        <Placemark>
          <name>1237</name>
          <styleUrl>#style_Unhealthy</styleUrl>
          <ExtendedData>
            <Data name="id"><value>1237</value></Data>
            <Data name="Class"><value>Unhealthy</value></Data>
          </ExtendedData>
          <Point><coordinates>102.669377300,2.745690263,0</coordinates></Point>
        </Placemark>

        <Placemark>
          <name>1238</name>
          <styleUrl>#style_Unhealthy</styleUrl>
          <ExtendedData>
            <Data name="id"><value>1238</value></Data>
            <Data name="Class"><value>Unhealthy</value></Data>
          </ExtendedData>
          <Point><coordinates>102.669381100,2.745768554,0</coordinates></Point>
        </Placemark>

        <Placemark>
          <name>1240</name>
          <styleUrl>#style_Unhealthy</styleUrl>
          <ExtendedData>
            <Data name="id"><value>1240</value></Data>
            <Data name="Class"><value>Unhealthy</value></Data>
          </ExtendedData>
          <Point><coordinates>102.669318500,2.745888809,0</coordinates></Point>
        </Placemark>

        <Placemark>
          <name>1242</name>
          <styleUrl>#style_Unhealthy</styleUrl>
          <ExtendedData>
            <Data name="id"><value>1242</value></Data>
            <Data name="Class"><value>Unhealthy</value></Data>
          </ExtendedData>
          <Point><coordinates>102.669382400,2.745921379,0</coordinates></Point>
        </Placemark>

        <Placemark>
          <name>1246</name>
          <styleUrl>#style_Unhealthy</styleUrl>
          <ExtendedData>
            <Data name="id"><value>1246</value></Data>
            <Data name="Class"><value>Unhealthy</value></Data>
          </ExtendedData>
          <Point><coordinates>102.669517000,2.746000922,0</coordinates></Point>
        </Placemark>

        <Placemark>
          <name>1247</name>
          <styleUrl>#style_Unhealthy</styleUrl>
          <ExtendedData>
            <Data name="id"><value>1247</value></Data>
            <Data name="Class"><value>Unhealthy</value></Data>
          </ExtendedData>
          <Point><coordinates>102.669448700,2.745957079,0</coordinates></Point>
        </Placemark>

        <Placemark>
          <name>1248</name>
          <styleUrl>#style_Unhealthy</styleUrl>
          <ExtendedData>
            <Data name="id"><value>1248</value></Data>
            <Data name="Class"><value>Unhealthy</value></Data>
          </ExtendedData>
          <Point><coordinates>102.669450000,2.745883172,0</coordinates></Point>
        </Placemark>

        <Placemark>
          <name>1256</name>
          <styleUrl>#style_Unhealthy</styleUrl>
          <ExtendedData>
            <Data name="id"><value>1256</value></Data>
            <Data name="Class"><value>Unhealthy</value></Data>
          </ExtendedData>
          <Point><coordinates>102.669663000,2.745761038,0</coordinates></Point>
        </Placemark>

        <Placemark>
          <name>1258</name>
          <styleUrl>#style_Unhealthy</styleUrl>
          <ExtendedData>
            <Data name="id"><value>1258</value></Data>
            <Data name="Class"><value>Unhealthy</value></Data>
          </ExtendedData>
          <Point><coordinates>102.669592200,2.745804881,0</coordinates></Point>
        </Placemark>

        <Placemark>
          <name>1259</name>
          <styleUrl>#style_Unhealthy</styleUrl>
          <ExtendedData>
            <Data name="id"><value>1259</value></Data>
            <Data name="Class"><value>Unhealthy</value></Data>
          </ExtendedData>
          <Point><coordinates>102.669590900,2.745879415,0</coordinates></Point>
        </Placemark>

        <Placemark>
          <name>1260</name>
          <styleUrl>#style_Unhealthy</styleUrl>
          <ExtendedData>
            <Data name="id"><value>1260</value></Data>
            <Data name="Class"><value>Unhealthy</value></Data>
          </ExtendedData>
          <Point><coordinates>102.669523300,2.745844340,0</coordinates></Point>
        </Placemark>

        <Placemark>
          <name>1263</name>
          <styleUrl>#style_Unhealthy</styleUrl>
          <ExtendedData>
            <Data name="id"><value>1263</value></Data>
            <Data name="Class"><value>Unhealthy</value></Data>
          </ExtendedData>
          <Point><coordinates>102.669658600,2.745922005,0</coordinates></Point>
        </Placemark>

        <Placemark>
          <name>1268</name>
          <styleUrl>#style_Unhealthy</styleUrl>
          <ExtendedData>
            <Data name="id"><value>1268</value></Data>
            <Data name="Class"><value>Unhealthy</value></Data>
          </ExtendedData>
          <Point><coordinates>102.669726800,2.745803629,0</coordinates></Point>
        </Placemark>

        <Placemark>
          <name>1274</name>
          <styleUrl>#style_Unhealthy</styleUrl>
          <ExtendedData>
            <Data name="id"><value>1274</value></Data>
            <Data name="Class"><value>Unhealthy</value></Data>
          </ExtendedData>
          <Point><coordinates>102.669861500,2.745878162,0</coordinates></Point>
        </Placemark>

        <Placemark>
          <name>1275</name>
          <styleUrl>#style_Unhealthy</styleUrl>
          <ExtendedData>
            <Data name="id"><value>1275</value></Data>
            <Data name="Class"><value>Unhealthy</value></Data>
          </ExtendedData>
          <Point><coordinates>102.669862700,2.745804255,0</coordinates></Point>
        </Placemark>

        <Placemark>
          <name>1276</name>
          <styleUrl>#style_Unhealthy</styleUrl>
          <ExtendedData>
            <Data name="id"><value>1276</value></Data>
            <Data name="Class"><value>Unhealthy</value></Data>
          </ExtendedData>
          <Point><coordinates>102.669793900,2.745761665,0</coordinates></Point>
        </Placemark>

        <Placemark>
          <name>1324</name>
          <styleUrl>#style_Unhealthy</styleUrl>
          <ExtendedData>
            <Data name="id"><value>1324</value></Data>
            <Data name="Class"><value>Unhealthy</value></Data>
          </ExtendedData>
          <Point><coordinates>102.670691100,2.745805194,0</coordinates></Point>
        </Placemark>

        <Placemark>
          <name>1325</name>
          <styleUrl>#style_Unhealthy</styleUrl>
          <ExtendedData>
            <Data name="id"><value>1325</value></Data>
            <Data name="Class"><value>Unhealthy</value></Data>
          </ExtendedData>
          <Point><coordinates>102.670755000,2.745755088,0</coordinates></Point>
        </Placemark>

        <Placemark>
          <name>1328</name>
          <styleUrl>#style_Unhealthy</styleUrl>
          <ExtendedData>
            <Data name="id"><value>1328</value></Data>
            <Data name="Class"><value>Unhealthy</value></Data>
          </ExtendedData>
          <Point><coordinates>102.670620300,2.745766362,0</coordinates></Point>
        </Placemark>

        <Placemark>
          <name>1329</name>
          <styleUrl>#style_Unhealthy</styleUrl>
          <ExtendedData>
            <Data name="id"><value>1329</value></Data>
            <Data name="Class"><value>Unhealthy</value></Data>
          </ExtendedData>
          <Point><coordinates>102.670682900,2.745715003,0</coordinates></Point>
        </Placemark>

        <Placemark>
          <name>1330</name>
          <styleUrl>#style_Unhealthy</styleUrl>
          <ExtendedData>
            <Data name="id"><value>1330</value></Data>
            <Data name="Class"><value>Unhealthy</value></Data>
          </ExtendedData>
          <Point><coordinates>102.670763700,2.745672413,0</coordinates></Point>
        </Placemark>

        <Placemark>
          <name>1331</name>
          <styleUrl>#style_Unhealthy</styleUrl>
          <ExtendedData>
            <Data name="id"><value>1331</value></Data>
            <Data name="Class"><value>Unhealthy</value></Data>
          </ExtendedData>
          <Point><coordinates>102.670754300,2.745590363,0</coordinates></Point>
        </Placemark>

        <Placemark>
          <name>1355</name>
          <styleUrl>#style_Unhealthy</styleUrl>
          <ExtendedData>
            <Data name="id"><value>1355</value></Data>
            <Data name="Class"><value>Unhealthy</value></Data>
          </ExtendedData>
          <Point><coordinates>102.670204400,2.745597253,0</coordinates></Point>
        </Placemark>

        <Placemark>
          <name>1356</name>
          <styleUrl>#style_Unhealthy</styleUrl>
          <ExtendedData>
            <Data name="id"><value>1356</value></Data>
            <Data name="Class"><value>Unhealthy</value></Data>
          </ExtendedData>
          <Point><coordinates>102.670197500,2.745672413,0</coordinates></Point>
        </Placemark>

        <Placemark>
          <name>1362</name>
          <styleUrl>#style_Unhealthy</styleUrl>
          <ExtendedData>
            <Data name="id"><value>1362</value></Data>
            <Data name="Class"><value>Unhealthy</value></Data>
          </ExtendedData>
          <Point><coordinates>102.669114600,2.745517709,0</coordinates></Point>
        </Placemark>

        <Placemark>
          <name>1396</name>
          <styleUrl>#style_Unhealthy</styleUrl>
          <ExtendedData>
            <Data name="id"><value>1396</value></Data>
            <Data name="Class"><value>Unhealthy</value></Data>
          </ExtendedData>
          <Point><coordinates>102.669032500,2.745331689,0</coordinates></Point>
        </Placemark>

        <Placemark>
          <name>1400</name>
          <styleUrl>#style_Unhealthy</styleUrl>
          <ExtendedData>
            <Data name="id"><value>1400</value></Data>
            <Data name="Class"><value>Unhealthy</value></Data>
          </ExtendedData>
          <Point><coordinates>102.668964300,2.745215192,0</coordinates></Point>
        </Placemark>

        <Placemark>
          <name>1424</name>
          <styleUrl>#style_Unhealthy</styleUrl>
          <ExtendedData>
            <Data name="id"><value>1424</value></Data>
            <Data name="Class"><value>Unhealthy</value></Data>
          </ExtendedData>
          <Point><coordinates>102.670064100,2.745435034,0</coordinates></Point>
        </Placemark>

        <Placemark>
          <name>1435</name>
          <styleUrl>#style_Unhealthy</styleUrl>
          <ExtendedData>
            <Data name="id"><value>1435</value></Data>
            <Data name="Class"><value>Unhealthy</value></Data>
          </ExtendedData>
          <Point><coordinates>102.670144300,2.745086794,0</coordinates></Point>
        </Placemark>

        <Placemark>
          <name>1436</name>
          <styleUrl>#style_Unhealthy</styleUrl>
          <ExtendedData>
            <Data name="id"><value>1436</value></Data>
            <Data name="Class"><value>Unhealthy</value></Data>
          </ExtendedData>
          <Point><coordinates>102.670064100,2.745197028,0</coordinates></Point>
        </Placemark>

        <Placemark>
          <name>1480</name>
          <styleUrl>#style_Unhealthy</styleUrl>
          <ExtendedData>
            <Data name="id"><value>1480</value></Data>
            <Data name="Class"><value>Unhealthy</value></Data>
          </ExtendedData>
          <Point><coordinates>102.669853700,2.745075520,0</coordinates></Point>
        </Placemark>

        <Placemark>
          <name>1501</name>
          <styleUrl>#style_Unhealthy</styleUrl>
          <ExtendedData>
            <Data name="id"><value>1501</value></Data>
            <Data name="Class"><value>Unhealthy</value></Data>
          </ExtendedData>
          <Point><coordinates>102.669999000,2.745069257,0</coordinates></Point>
        </Placemark>

        <Placemark>
          <name>1505</name>
          <styleUrl>#style_Unhealthy</styleUrl>
          <ExtendedData>
            <Data name="id"><value>1505</value></Data>
            <Data name="Class"><value>Unhealthy</value></Data>
          </ExtendedData>
          <Point><coordinates>102.670265800,2.744994098,0</coordinates></Point>
        </Placemark>

        <Placemark>
          <name>1510</name>
          <styleUrl>#style_Unhealthy</styleUrl>
          <ExtendedData>
            <Data name="id"><value>1510</value></Data>
            <Data name="Class"><value>Unhealthy</value></Data>
          </ExtendedData>
          <Point><coordinates>102.669996500,2.744996603,0</coordinates></Point>
        </Placemark>

        <Placemark>
          <name>1513</name>
          <styleUrl>#style_Unhealthy</styleUrl>
          <ExtendedData>
            <Data name="id"><value>1513</value></Data>
            <Data name="Class"><value>Unhealthy</value></Data>
          </ExtendedData>
          <Point><coordinates>102.669791000,2.745041699,0</coordinates></Point>
        </Placemark>

        <Placemark>
          <name>1514</name>
          <styleUrl>#style_Unhealthy</styleUrl>
          <ExtendedData>
            <Data name="id"><value>1514</value></Data>
            <Data name="Class"><value>Unhealthy</value></Data>
          </ExtendedData>
          <Point><coordinates>102.669717100,2.745088047,0</coordinates></Point>
        </Placemark>

        <Placemark>
          <name>1522</name>
          <styleUrl>#style_Unhealthy</styleUrl>
          <ExtendedData>
            <Data name="id"><value>1522</value></Data>
            <Data name="Class"><value>Unhealthy</value></Data>
          </ExtendedData>
          <Point><coordinates>102.669588100,2.745085542,0</coordinates></Point>
        </Placemark>

        <Placemark>
          <name>1554</name>
          <styleUrl>#style_Unhealthy</styleUrl>
          <ExtendedData>
            <Data name="id"><value>1554</value></Data>
            <Data name="Class"><value>Unhealthy</value></Data>
          </ExtendedData>
          <Point><coordinates>102.668965500,2.744975308,0</coordinates></Point>
        </Placemark>

        <Placemark>
          <name>1566</name>
          <styleUrl>#style_Unhealthy</styleUrl>
          <ExtendedData>
            <Data name="id"><value>1566</value></Data>
            <Data name="Class"><value>Unhealthy</value></Data>
          </ExtendedData>
          <Point><coordinates>102.670349700,2.745275946,0</coordinates></Point>
        </Placemark>

        <Placemark>
          <name>1567</name>
          <styleUrl>#style_Unhealthy</styleUrl>
          <ExtendedData>
            <Data name="id"><value>1567</value></Data>
            <Data name="Class"><value>Unhealthy</value></Data>
          </ExtendedData>
          <Point><coordinates>102.670403600,2.745308515,0</coordinates></Point>
        </Placemark>

        <Placemark>
          <name>1579</name>
          <styleUrl>#style_Unhealthy</styleUrl>
          <ExtendedData>
            <Data name="id"><value>1579</value></Data>
            <Data name="Class"><value>Unhealthy</value></Data>
          </ExtendedData>
          <Point><coordinates>102.670473700,2.745039193,0</coordinates></Point>
        </Placemark>

        <Placemark>
          <name>1580</name>
          <styleUrl>#style_Unhealthy</styleUrl>
          <ExtendedData>
            <Data name="id"><value>1580</value></Data>
            <Data name="Class"><value>Unhealthy</value></Data>
          </ExtendedData>
          <Point><coordinates>102.670470000,2.745114353,0</coordinates></Point>
        </Placemark>

        <Placemark>
          <name>1601</name>
          <styleUrl>#style_Unhealthy</styleUrl>
          <ExtendedData>
            <Data name="id"><value>1601</value></Data>
            <Data name="Class"><value>Unhealthy</value></Data>
          </ExtendedData>
          <Point><coordinates>102.670691700,2.745388685,0</coordinates></Point>
        </Placemark>

        <Placemark>
          <name>1609</name>
          <styleUrl>#style_Unhealthy</styleUrl>
          <ExtendedData>
            <Data name="id"><value>1609</value></Data>
            <Data name="Class"><value>Unhealthy</value></Data>
          </ExtendedData>
          <Point><coordinates>102.670686700,2.745314778,0</coordinates></Point>
        </Placemark>

        <Placemark>
          <name>1629</name>
          <styleUrl>#style_Unhealthy</styleUrl>
          <ExtendedData>
            <Data name="id"><value>1629</value></Data>
            <Data name="Class"><value>Unhealthy</value></Data>
          </ExtendedData>
          <Point><coordinates>102.670612800,2.744966539,0</coordinates></Point>
        </Placemark>

        <Placemark>
          <name>1637</name>
          <styleUrl>#style_Unhealthy</styleUrl>
          <ExtendedData>
            <Data name="id"><value>1637</value></Data>
            <Data name="Class"><value>Unhealthy</value></Data>
          </ExtendedData>
          <Point><coordinates>102.670541400,2.744920191,0</coordinates></Point>
        </Placemark>

        <Placemark>
          <name>1638</name>
          <styleUrl>#style_Unhealthy</styleUrl>
          <ExtendedData>
            <Data name="id"><value>1638</value></Data>
            <Data name="Class"><value>Unhealthy</value></Data>
          </ExtendedData>
          <Point><coordinates>102.670475000,2.744886369,0</coordinates></Point>
        </Placemark>

        <Placemark>
          <name>1654</name>
          <styleUrl>#style_Unhealthy</styleUrl>
          <ExtendedData>
            <Data name="id"><value>1654</value></Data>
            <Data name="Class"><value>Unhealthy</value></Data>
          </ExtendedData>
          <Point><coordinates>102.670611500,2.744796177,0</coordinates></Point>
        </Placemark>

        <Placemark>
          <name>1655</name>
          <styleUrl>#style_Unhealthy</styleUrl>
          <ExtendedData>
            <Data name="id"><value>1655</value></Data>
            <Data name="Class"><value>Unhealthy</value></Data>
          </ExtendedData>
          <Point><coordinates>102.670675400,2.744764861,0</coordinates></Point>
        </Placemark>

        <Placemark>
          <name>1656</name>
          <styleUrl>#style_Unhealthy</styleUrl>
          <ExtendedData>
            <Data name="id"><value>1656</value></Data>
            <Data name="Class"><value>Unhealthy</value></Data>
          </ExtendedData>
          <Point><coordinates>102.670749300,2.744721018,0</coordinates></Point>
        </Placemark>

        <Placemark>
          <name>1708</name>
          <styleUrl>#style_Unhealthy</styleUrl>
          <ExtendedData>
            <Data name="id"><value>1708</value></Data>
            <Data name="Class"><value>Unhealthy</value></Data>
          </ExtendedData>
          <Point><coordinates>102.667991000,2.744256281,0</coordinates></Point>
        </Placemark>

        <Placemark>
          <name>1711</name>
          <styleUrl>#style_Unhealthy</styleUrl>
          <ExtendedData>
            <Data name="id"><value>1711</value></Data>
            <Data name="Class"><value>Unhealthy</value></Data>
          </ExtendedData>
          <Point><coordinates>102.668131300,2.744431653,0</coordinates></Point>
        </Placemark>

        <Placemark>
          <name>1739</name>
          <styleUrl>#style_Unhealthy</styleUrl>
          <ExtendedData>
            <Data name="id"><value>1739</value></Data>
            <Data name="Class"><value>Unhealthy</value></Data>
          </ExtendedData>
          <Point><coordinates>102.669372600,2.744726028,0</coordinates></Point>
        </Placemark>

        <Placemark>
          <name>1741</name>
          <styleUrl>#style_Unhealthy</styleUrl>
          <ExtendedData>
            <Data name="id"><value>1741</value></Data>
            <Data name="Class"><value>Unhealthy</value></Data>
          </ExtendedData>
          <Point><coordinates>102.669236100,2.744727281,0</coordinates></Point>
        </Placemark>

        <Placemark>
          <name>1744</name>
          <styleUrl>#style_Unhealthy</styleUrl>
          <ExtendedData>
            <Data name="id"><value>1744</value></Data>
            <Data name="Class"><value>Unhealthy</value></Data>
          </ExtendedData>
          <Point><coordinates>102.669363900,2.744655879,0</coordinates></Point>
        </Placemark>

        <Placemark>
          <name>1745</name>
          <styleUrl>#style_Unhealthy</styleUrl>
          <ExtendedData>
            <Data name="id"><value>1745</value></Data>
            <Data name="Class"><value>Unhealthy</value></Data>
          </ExtendedData>
          <Point><coordinates>102.669371400,2.744569446,0</coordinates></Point>
        </Placemark>

        <Placemark>
          <name>1746</name>
          <styleUrl>#style_Unhealthy</styleUrl>
          <ExtendedData>
            <Data name="id"><value>1746</value></Data>
            <Data name="Class"><value>Unhealthy</value></Data>
          </ExtendedData>
          <Point><coordinates>102.669373900,2.744490528,0</coordinates></Point>
        </Placemark>

        <Placemark>
          <name>1748</name>
          <styleUrl>#style_Unhealthy</styleUrl>
          <ExtendedData>
            <Data name="id"><value>1748</value></Data>
            <Data name="Class"><value>Unhealthy</value></Data>
          </ExtendedData>
          <Point><coordinates>102.669371400,2.744340209,0</coordinates></Point>
        </Placemark>

        <Placemark>
          <name>1754</name>
          <styleUrl>#style_Unhealthy</styleUrl>
          <ExtendedData>
            <Data name="id"><value>1754</value></Data>
            <Data name="Class"><value>Unhealthy</value></Data>
          </ExtendedData>
          <Point><coordinates>102.669301200,2.744613289,0</coordinates></Point>
        </Placemark>

        <Placemark>
          <name>1756</name>
          <styleUrl>#style_Unhealthy</styleUrl>
          <ExtendedData>
            <Data name="id"><value>1756</value></Data>
            <Data name="Class"><value>Unhealthy</value></Data>
          </ExtendedData>
          <Point><coordinates>102.669168500,2.744690954,0</coordinates></Point>
        </Placemark>

        <Placemark>
          <name>1757</name>
          <styleUrl>#style_Unhealthy</styleUrl>
          <ExtendedData>
            <Data name="id"><value>1757</value></Data>
            <Data name="Class"><value>Unhealthy</value></Data>
          </ExtendedData>
          <Point><coordinates>102.669169700,2.744613289,0</coordinates></Point>
        </Placemark>

        <Placemark>
          <name>1758</name>
          <styleUrl>#style_Unhealthy</styleUrl>
          <ExtendedData>
            <Data name="id"><value>1758</value></Data>
            <Data name="Class"><value>Unhealthy</value></Data>
          </ExtendedData>
          <Point><coordinates>102.669169700,2.744538130,0</coordinates></Point>
        </Placemark>

        <Placemark>
          <name>1763</name>
          <styleUrl>#style_Unhealthy</styleUrl>
          <ExtendedData>
            <Data name="id"><value>1763</value></Data>
            <Data name="Class"><value>Unhealthy</value></Data>
          </ExtendedData>
          <Point><coordinates>102.669102100,2.744578215,0</coordinates></Point>
        </Placemark>

        <Placemark>
          <name>1781</name>
          <styleUrl>#style_Unhealthy</styleUrl>
          <ExtendedData>
            <Data name="id"><value>1781</value></Data>
            <Data name="Class"><value>Unhealthy</value></Data>
          </ExtendedData>
          <Point><coordinates>102.668951800,2.744574457,0</coordinates></Point>
        </Placemark>

        <Placemark>
          <name>1782</name>
          <styleUrl>#style_Unhealthy</styleUrl>
          <ExtendedData>
            <Data name="id"><value>1782</value></Data>
            <Data name="Class"><value>Unhealthy</value></Data>
          </ExtendedData>
          <Point><coordinates>102.669023200,2.744534372,0</coordinates></Point>
        </Placemark>

        <Placemark>
          <name>1826</name>
          <styleUrl>#style_Unhealthy</styleUrl>
          <ExtendedData>
            <Data name="id"><value>1826</value></Data>
            <Data name="Class"><value>Unhealthy</value></Data>
          </ExtendedData>
          <Point><coordinates>102.667667200,2.743905850,0</coordinates></Point>
        </Placemark>

        <Placemark>
          <name>1838</name>
          <styleUrl>#style_Unhealthy</styleUrl>
          <ExtendedData>
            <Data name="id"><value>1838</value></Data>
            <Data name="Class"><value>Unhealthy</value></Data>
          </ExtendedData>
          <Point><coordinates>102.667848800,2.744029863,0</coordinates></Point>
        </Placemark>

        <Placemark>
          <name>1865</name>
          <styleUrl>#style_Unhealthy</styleUrl>
          <ExtendedData>
            <Data name="id"><value>1865</value></Data>
            <Data name="Class"><value>Unhealthy</value></Data>
          </ExtendedData>
          <Point><coordinates>102.668678000,2.743863259,0</coordinates></Point>
        </Placemark>

        <Placemark>
          <name>1906</name>
          <styleUrl>#style_Unhealthy</styleUrl>
          <ExtendedData>
            <Data name="id"><value>1906</value></Data>
            <Data name="Class"><value>Unhealthy</value></Data>
          </ExtendedData>
          <Point><coordinates>102.667848800,2.743705424,0</coordinates></Point>
        </Placemark>

        <Placemark>
          <name>2091</name>
          <styleUrl>#style_Unhealthy</styleUrl>
          <ExtendedData>
            <Data name="id"><value>2091</value></Data>
            <Data name="Class"><value>Unhealthy</value></Data>
          </ExtendedData>
          <Point><coordinates>102.669301200,2.744055542,0</coordinates></Point>
        </Placemark>

        <Placemark>
          <name>2099</name>
          <styleUrl>#style_Unhealthy</styleUrl>
          <ExtendedData>
            <Data name="id"><value>2099</value></Data>
            <Data name="Class"><value>Unhealthy</value></Data>
          </ExtendedData>
          <Point><coordinates>102.669431500,2.744053037,0</coordinates></Point>
        </Placemark>

        <Placemark>
          <name>2105</name>
          <styleUrl>#style_Unhealthy</styleUrl>
          <ExtendedData>
            <Data name="id"><value>2105</value></Data>
            <Data name="Class"><value>Unhealthy</value></Data>
          </ExtendedData>
          <Point><coordinates>102.669367000,2.744167656,0</coordinates></Point>
        </Placemark>

        <Placemark>
          <name>2114</name>
          <styleUrl>#style_Unhealthy</styleUrl>
          <ExtendedData>
            <Data name="id"><value>2114</value></Data>
            <Data name="Class"><value>Unhealthy</value></Data>
          </ExtendedData>
          <Point><coordinates>102.669443400,2.744773316,0</coordinates></Point>
        </Placemark>

        <Placemark>
          <name>2115</name>
          <styleUrl>#style_Unhealthy</styleUrl>
          <ExtendedData>
            <Data name="id"><value>2115</value></Data>
            <Data name="Class"><value>Unhealthy</value></Data>
          </ExtendedData>
          <Point><coordinates>102.669433400,2.744684377,0</coordinates></Point>
        </Placemark>

        <Placemark>
          <name>2116</name>
          <styleUrl>#style_Unhealthy</styleUrl>
          <ExtendedData>
            <Data name="id"><value>2116</value></Data>
            <Data name="Class"><value>Unhealthy</value></Data>
          </ExtendedData>
          <Point><coordinates>102.669438400,2.744606713,0</coordinates></Point>
        </Placemark>

        <Placemark>
          <name>2119</name>
          <styleUrl>#style_Unhealthy</styleUrl>
          <ExtendedData>
            <Data name="id"><value>2119</value></Data>
            <Data name="Class"><value>Unhealthy</value></Data>
          </ExtendedData>
          <Point><coordinates>102.669440900,2.744367455,0</coordinates></Point>
        </Placemark>

        <Placemark>
          <name>2120</name>
          <styleUrl>#style_Unhealthy</styleUrl>
          <ExtendedData>
            <Data name="id"><value>2120</value></Data>
            <Data name="Class"><value>Unhealthy</value></Data>
          </ExtendedData>
          <Point><coordinates>102.669437200,2.744293548,0</coordinates></Point>
        </Placemark>

        <Placemark>
          <name>2122</name>
          <styleUrl>#style_Unhealthy</styleUrl>
          <ExtendedData>
            <Data name="id"><value>2122</value></Data>
            <Data name="Class"><value>Unhealthy</value></Data>
          </ExtendedData>
          <Point><coordinates>102.669511100,2.744326117,0</coordinates></Point>
        </Placemark>

        <Placemark>
          <name>2127</name>
          <styleUrl>#style_Unhealthy</styleUrl>
          <ExtendedData>
            <Data name="id"><value>2127</value></Data>
            <Data name="Class"><value>Unhealthy</value></Data>
          </ExtendedData>
          <Point><coordinates>102.669502300,2.744571638,0</coordinates></Point>
        </Placemark>

        <Placemark>
          <name>2131</name>
          <styleUrl>#style_Unhealthy</styleUrl>
          <ExtendedData>
            <Data name="id"><value>2131</value></Data>
            <Data name="Class"><value>Unhealthy</value></Data>
          </ExtendedData>
          <Point><coordinates>102.669577500,2.744436351,0</coordinates></Point>
        </Placemark>

        <Placemark>
          <name>2136</name>
          <styleUrl>#style_Unhealthy</styleUrl>
          <ExtendedData>
            <Data name="id"><value>2136</value></Data>
            <Data name="Class"><value>Unhealthy</value></Data>
          </ExtendedData>
          <Point><coordinates>102.669647600,2.744807138,0</coordinates></Point>
        </Placemark>

        <Placemark>
          <name>2139</name>
          <styleUrl>#style_Unhealthy</styleUrl>
          <ExtendedData>
            <Data name="id"><value>2139</value></Data>
            <Data name="Class"><value>Unhealthy</value></Data>
          </ExtendedData>
          <Point><coordinates>102.669925700,2.744803380,0</coordinates></Point>
        </Placemark>

        <Placemark>
          <name>2167</name>
          <styleUrl>#style_Unhealthy</styleUrl>
          <ExtendedData>
            <Data name="id"><value>2167</value></Data>
            <Data name="Class"><value>Unhealthy</value></Data>
          </ExtendedData>
          <Point><coordinates>102.669849300,2.744522784,0</coordinates></Point>
        </Placemark>

        <Placemark>
          <name>2168</name>
          <styleUrl>#style_Unhealthy</styleUrl>
          <ExtendedData>
            <Data name="id"><value>2168</value></Data>
            <Data name="Class"><value>Unhealthy</value></Data>
          </ExtendedData>
          <Point><coordinates>102.669777900,2.744562870,0</coordinates></Point>
        </Placemark>

        <Placemark>
          <name>2169</name>
          <styleUrl>#style_Unhealthy</styleUrl>
          <ExtendedData>
            <Data name="id"><value>2169</value></Data>
            <Data name="Class"><value>Unhealthy</value></Data>
          </ExtendedData>
          <Point><coordinates>102.669717800,2.744526542,0</coordinates></Point>
        </Placemark>

        <Placemark>
          <name>2171</name>
          <styleUrl>#style_Unhealthy</styleUrl>
          <ExtendedData>
            <Data name="id"><value>2171</value></Data>
            <Data name="Class"><value>Unhealthy</value></Data>
          </ExtendedData>
          <Point><coordinates>102.669635100,2.744468920,0</coordinates></Point>
        </Placemark>

        <Placemark>
          <name>2175</name>
          <styleUrl>#style_Unhealthy</styleUrl>
          <ExtendedData>
            <Data name="id"><value>2175</value></Data>
            <Data name="Class"><value>Unhealthy</value></Data>
          </ExtendedData>
          <Point><coordinates>102.669714000,2.744213378,0</coordinates></Point>
        </Placemark>

        <Placemark>
          <name>2176</name>
          <styleUrl>#style_Unhealthy</styleUrl>
          <ExtendedData>
            <Data name="id"><value>2176</value></Data>
            <Data name="Class"><value>Unhealthy</value></Data>
          </ExtendedData>
          <Point><coordinates>102.669776600,2.744248452,0</coordinates></Point>
        </Placemark>

        <Placemark>
          <name>2187</name>
          <styleUrl>#style_Unhealthy</styleUrl>
          <ExtendedData>
            <Data name="id"><value>2187</value></Data>
            <Data name="Class"><value>Unhealthy</value></Data>
          </ExtendedData>
          <Point><coordinates>102.669719000,2.744362444,0</coordinates></Point>
        </Placemark>

        <Placemark>
          <name>2193</name>
          <styleUrl>#style_Unhealthy</styleUrl>
          <ExtendedData>
            <Data name="id"><value>2193</value></Data>
            <Data name="Class"><value>Unhealthy</value></Data>
          </ExtendedData>
          <Point><coordinates>102.669707100,2.744131328,0</coordinates></Point>
        </Placemark>

        <Placemark>
          <name>2279</name>
          <styleUrl>#style_Unhealthy</styleUrl>
          <ExtendedData>
            <Data name="id"><value>2279</value></Data>
            <Data name="Class"><value>Unhealthy</value></Data>
          </ExtendedData>
          <Point><coordinates>102.669850800,2.743730791,0</coordinates></Point>
        </Placemark>

        <Placemark>
          <name>2280</name>
          <styleUrl>#style_Unhealthy</styleUrl>
          <ExtendedData>
            <Data name="id"><value>2280</value></Data>
            <Data name="Class"><value>Unhealthy</value></Data>
          </ExtendedData>
          <Point><coordinates>102.669780600,2.743770876,0</coordinates></Point>
        </Placemark>

        <Placemark>
          <name>2281</name>
          <styleUrl>#style_Unhealthy</styleUrl>
          <ExtendedData>
            <Data name="id"><value>2281</value></Data>
            <Data name="Class"><value>Unhealthy</value></Data>
          </ExtendedData>
          <Point><coordinates>102.669709200,2.743734549,0</coordinates></Point>
        </Placemark>

        <Placemark>
          <name>2282</name>
          <styleUrl>#style_Unhealthy</styleUrl>
          <ExtendedData>
            <Data name="id"><value>2282</value></Data>
            <Data name="Class"><value>Unhealthy</value></Data>
          </ExtendedData>
          <Point><coordinates>102.669778100,2.743695716,0</coordinates></Point>
        </Placemark>

        <Placemark>
          <name>2289</name>
          <styleUrl>#style_Unhealthy</styleUrl>
          <ExtendedData>
            <Data name="id"><value>2289</value></Data>
            <Data name="Class"><value>Unhealthy</value></Data>
          </ExtendedData>
          <Point><coordinates>102.669641600,2.743690705,0</coordinates></Point>
        </Placemark>

        <Placemark>
          <name>2370</name>
          <styleUrl>#style_Unhealthy</styleUrl>
          <ExtendedData>
            <Data name="id"><value>2370</value></Data>
            <Data name="Class"><value>Unhealthy</value></Data>
          </ExtendedData>
          <Point><coordinates>102.670126400,2.743725780,0</coordinates></Point>
        </Placemark>

        <Placemark>
          <name>2398</name>
          <styleUrl>#style_Unhealthy</styleUrl>
          <ExtendedData>
            <Data name="id"><value>2398</value></Data>
            <Data name="Class"><value>Unhealthy</value></Data>
          </ExtendedData>
          <Point><coordinates>102.670464600,2.743688200,0</coordinates></Point>
        </Placemark>

        <Placemark>
          <name>2399</name>
          <styleUrl>#style_Unhealthy</styleUrl>
          <ExtendedData>
            <Data name="id"><value>2399</value></Data>
            <Data name="Class"><value>Unhealthy</value></Data>
          </ExtendedData>
          <Point><coordinates>102.670529700,2.743641852,0</coordinates></Point>
        </Placemark>

        <Placemark>
          <name>2409</name>
          <styleUrl>#style_Unhealthy</styleUrl>
          <ExtendedData>
            <Data name="id"><value>2409</value></Data>
            <Data name="Class"><value>Unhealthy</value></Data>
          </ExtendedData>
          <Point><coordinates>102.670326800,2.743361256,0</coordinates></Point>
        </Placemark>

        <Placemark>
          <name>2410</name>
          <styleUrl>#style_Unhealthy</styleUrl>
          <ExtendedData>
            <Data name="id"><value>2410</value></Data>
            <Data name="Class"><value>Unhealthy</value></Data>
          </ExtendedData>
          <Point><coordinates>102.670321800,2.743293612,0</coordinates></Point>
        </Placemark>

        <Placemark>
          <name>2458</name>
          <styleUrl>#style_Unhealthy</styleUrl>
          <ExtendedData>
            <Data name="id"><value>2458</value></Data>
            <Data name="Class"><value>Unhealthy</value></Data>
          </ExtendedData>
          <Point><coordinates>102.670603600,2.743683190,0</coordinates></Point>
        </Placemark>

        <Placemark>
          <name>2460</name>
          <styleUrl>#style_Unhealthy</styleUrl>
          <ExtendedData>
            <Data name="id"><value>2460</value></Data>
            <Data name="Class"><value>Unhealthy</value></Data>
          </ExtendedData>
          <Point><coordinates>102.670737700,2.743676926,0</coordinates></Point>
        </Placemark>

        <Placemark>
          <name>2462</name>
          <styleUrl>#style_Unhealthy</styleUrl>
          <ExtendedData>
            <Data name="id"><value>2462</value></Data>
            <Data name="Class"><value>Unhealthy</value></Data>
          </ExtendedData>
          <Point><coordinates>102.670670000,2.743560429,0</coordinates></Point>
        </Placemark>

        <Placemark>
          <name>2466</name>
          <styleUrl>#style_Unhealthy</styleUrl>
          <ExtendedData>
            <Data name="id"><value>2466</value></Data>
            <Data name="Class"><value>Unhealthy</value></Data>
          </ExtendedData>
          <Point><coordinates>102.670807800,2.743641852,0</coordinates></Point>
        </Placemark>

        <Placemark>
          <name>2476</name>
          <styleUrl>#style_Unhealthy</styleUrl>
          <ExtendedData>
            <Data name="id"><value>2476</value></Data>
            <Data name="Class"><value>Unhealthy</value></Data>
          </ExtendedData>
          <Point><coordinates>102.670810300,2.743162083,0</coordinates></Point>
        </Placemark>

        <Placemark>
          <name>2496</name>
          <styleUrl>#style_Unhealthy</styleUrl>
          <ExtendedData>
            <Data name="id"><value>2496</value></Data>
            <Data name="Class"><value>Unhealthy</value></Data>
          </ExtendedData>
          <Point><coordinates>102.671082100,2.743080660,0</coordinates></Point>
        </Placemark>

        <Placemark>
          <name>2503</name>
          <styleUrl>#style_Unhealthy</styleUrl>
          <ExtendedData>
            <Data name="id"><value>2503</value></Data>
            <Data name="Class"><value>Unhealthy</value></Data>
          </ExtendedData>
          <Point><coordinates>102.671500500,2.742986711,0</coordinates></Point>
        </Placemark>

        <Placemark>
          <name>2504</name>
          <styleUrl>#style_Unhealthy</styleUrl>
          <ExtendedData>
            <Data name="id"><value>2504</value></Data>
            <Data name="Class"><value>Unhealthy</value></Data>
          </ExtendedData>
          <Point><coordinates>102.671558100,2.742951636,0</coordinates></Point>
        </Placemark>

        <Placemark>
          <name>2505</name>
          <styleUrl>#style_Unhealthy</styleUrl>
          <ExtendedData>
            <Data name="id"><value>2505</value></Data>
            <Data name="Class"><value>Unhealthy</value></Data>
          </ExtendedData>
          <Point><coordinates>102.671565700,2.743034312,0</coordinates></Point>
        </Placemark>

        <Placemark>
          <name>2512</name>
          <styleUrl>#style_Unhealthy</styleUrl>
          <ExtendedData>
            <Data name="id"><value>2512</value></Data>
            <Data name="Class"><value>Unhealthy</value></Data>
          </ExtendedData>
          <Point><coordinates>102.671568200,2.743192147,0</coordinates></Point>
        </Placemark>

        <Placemark>
          <name>2520</name>
          <styleUrl>#style_Unhealthy</styleUrl>
          <ExtendedData>
            <Data name="id"><value>2520</value></Data>
            <Data name="Class"><value>Unhealthy</value></Data>
          </ExtendedData>
          <Point><coordinates>102.671439100,2.743591745,0</coordinates></Point>
        </Placemark>

        <Placemark>
          <name>2590</name>
          <styleUrl>#style_Unhealthy</styleUrl>
          <ExtendedData>
            <Data name="id"><value>2590</value></Data>
            <Data name="Class"><value>Unhealthy</value></Data>
          </ExtendedData>
          <Point><coordinates>102.670192700,2.744160766,0</coordinates></Point>
        </Placemark>

        <Placemark>
          <name>2601</name>
          <styleUrl>#style_Unhealthy</styleUrl>
          <ExtendedData>
            <Data name="id"><value>2601</value></Data>
            <Data name="Class"><value>Unhealthy</value></Data>
          </ExtendedData>
          <Point><coordinates>102.670267300,2.744683751,0</coordinates></Point>
        </Placemark>

        <Placemark>
          <name>2604</name>
          <styleUrl>#style_Unhealthy</styleUrl>
          <ExtendedData>
            <Data name="id"><value>2604</value></Data>
            <Data name="Class"><value>Unhealthy</value></Data>
          </ExtendedData>
          <Point><coordinates>102.670259800,2.744446999,0</coordinates></Point>
        </Placemark>

        <Placemark>
          <name>2629</name>
          <styleUrl>#style_Unhealthy</styleUrl>
          <ExtendedData>
            <Data name="id"><value>2629</value></Data>
            <Data name="Class"><value>Unhealthy</value></Data>
          </ExtendedData>
          <Point><coordinates>102.670748900,2.744641787,0</coordinates></Point>
        </Placemark>

        <Placemark>
          <name>2630</name>
          <styleUrl>#style_Unhealthy</styleUrl>
          <ExtendedData>
            <Data name="id"><value>2630</value></Data>
            <Data name="Class"><value>Unhealthy</value></Data>
          </ExtendedData>
          <Point><coordinates>102.670818500,2.744676862,0</coordinates></Point>
        </Placemark>

        <Placemark>
          <name>2636</name>
          <styleUrl>#style_Unhealthy</styleUrl>
          <ExtendedData>
            <Data name="id"><value>2636</value></Data>
            <Data name="Class"><value>Unhealthy</value></Data>
          </ExtendedData>
          <Point><coordinates>102.670951900,2.744441362,0</coordinates></Point>
        </Placemark>

        <Placemark>
          <name>2637</name>
          <styleUrl>#style_Unhealthy</styleUrl>
          <ExtendedData>
            <Data name="id"><value>2637</value></Data>
            <Data name="Class"><value>Unhealthy</value></Data>
          </ExtendedData>
          <Point><coordinates>102.670948700,2.744354302,0</coordinates></Point>
        </Placemark>

        <Placemark>
          <name>2639</name>
          <styleUrl>#style_Unhealthy</styleUrl>
          <ExtendedData>
            <Data name="id"><value>2639</value></Data>
            <Data name="Class"><value>Unhealthy</value></Data>
          </ExtendedData>
          <Point><coordinates>102.670889200,2.744480194,0</coordinates></Point>
        </Placemark>

        <Placemark>
          <name>2640</name>
          <styleUrl>#style_Unhealthy</styleUrl>
          <ExtendedData>
            <Data name="id"><value>2640</value></Data>
            <Data name="Class"><value>Unhealthy</value></Data>
          </ExtendedData>
          <Point><coordinates>102.670821000,2.744597944,0</coordinates></Point>
        </Placemark>

        <Placemark>
          <name>2643</name>
          <styleUrl>#style_Unhealthy</styleUrl>
          <ExtendedData>
            <Data name="id"><value>2643</value></Data>
            <Data name="Class"><value>Unhealthy</value></Data>
          </ExtendedData>
          <Point><coordinates>102.670822200,2.744438230,0</coordinates></Point>
        </Placemark>

        <Placemark>
          <name>2663</name>
          <styleUrl>#style_Unhealthy</styleUrl>
          <ExtendedData>
            <Data name="id"><value>2663</value></Data>
            <Data name="Class"><value>Unhealthy</value></Data>
          </ExtendedData>
          <Point><coordinates>102.671296300,2.744470173,0</coordinates></Point>
        </Placemark>

        <Placemark>
          <name>2679</name>
          <styleUrl>#style_Unhealthy</styleUrl>
          <ExtendedData>
            <Data name="id"><value>2679</value></Data>
            <Data name="Class"><value>Unhealthy</value></Data>
          </ExtendedData>
          <Point><coordinates>102.670958100,2.744277263,0</coordinates></Point>
        </Placemark>

        <Placemark>
          <name>2681</name>
          <styleUrl>#style_Unhealthy</styleUrl>
          <ExtendedData>
            <Data name="id"><value>2681</value></Data>
            <Data name="Class"><value>Unhealthy</value></Data>
          </ExtendedData>
          <Point><coordinates>102.670879800,2.744234046,0</coordinates></Point>
        </Placemark>

        <Placemark>
          <name>2682</name>
          <styleUrl>#style_Unhealthy</styleUrl>
          <ExtendedData>
            <Data name="id"><value>2682</value></Data>
            <Data name="Class"><value>Unhealthy</value></Data>
          </ExtendedData>
          <Point><coordinates>102.670817200,2.744276637,0</coordinates></Point>
        </Placemark>

        <Placemark>
          <name>2686</name>
          <styleUrl>#style_Unhealthy</styleUrl>
          <ExtendedData>
            <Data name="id"><value>2686</value></Data>
            <Data name="Class"><value>Unhealthy</value></Data>
          </ExtendedData>
          <Point><coordinates>102.671448500,2.744034247,0</coordinates></Point>
        </Placemark>

        <Placemark>
          <name>2691</name>
          <styleUrl>#style_Unhealthy</styleUrl>
          <ExtendedData>
            <Data name="id"><value>2691</value></Data>
            <Data name="Class"><value>Unhealthy</value></Data>
          </ExtendedData>
          <Point><coordinates>102.671517400,2.743673481,0</coordinates></Point>
        </Placemark>

        <Placemark>
          <name>2720</name>
          <styleUrl>#style_Unhealthy</styleUrl>
          <ExtendedData>
            <Data name="id"><value>2720</value></Data>
            <Data name="Class"><value>Unhealthy</value></Data>
          </ExtendedData>
          <Point><coordinates>102.671017600,2.744150745,0</coordinates></Point>
        </Placemark>

        <Placemark>
          <name>2739</name>
          <styleUrl>#style_Unhealthy</styleUrl>
          <ExtendedData>
            <Data name="id"><value>2739</value></Data>
            <Data name="Class"><value>Unhealthy</value></Data>
          </ExtendedData>
          <Point><coordinates>102.671017600,2.744074332,0</coordinates></Point>
        </Placemark>
    </Folder>
  </Document>
</kml>
