<?xml version="1.0" encoding="UTF-8"?>
<kml xmlns="http://www.opengis.net/kml/2.2">
  <Document>
    <name>Serting_Basemap Classification</name>
    <Style id="style_Unhealthy">
      <IconStyle><color>ff2222dd</color><scale>0.9</scale>
        <Icon><href>http://maps.google.com/mapfiles/kml/shapes/placemark_circle.png</href></Icon>
      </IconStyle>
      <LabelStyle><scale>0</scale></LabelStyle>
      <BalloonStyle><text><![CDATA[<b>$[name]</b><br/>Class: Unhealthy]]></text></BalloonStyle>
    </Style>

    <Style id="style_Healthy">
      <IconStyle><color>ff22cc44</color><scale>0.9</scale>
        <Icon><href>http://maps.google.com/mapfiles/kml/shapes/placemark_circle.png</href></Icon>
      </IconStyle>
      <LabelStyle><scale>0</scale></LabelStyle>
      <BalloonStyle><text><![CDATA[<b>$[name]</b><br/>Class: Healthy]]></text></BalloonStyle>
    </Style>

    <Style id="style_Middle">
      <IconStyle><color>ff23a6f5</color><scale>0.9</scale>
        <Icon><href>http://maps.google.com/mapfiles/kml/shapes/placemark_circle.png</href></Icon>
      </IconStyle>
      <LabelStyle><scale>0</scale></LabelStyle>
      <BalloonStyle><text><![CDATA[<b>$[name]</b><br/>Class: Middle]]></text></BalloonStyle>
    </Style>
    <Folder>
      <name>Unhealthy (154)</name>
      <open>0</open>
        <Placemark>
          <name>1</name>
          <styleUrl>#style_Unhealthy</styleUrl>
          <ExtendedData>
            <Data name="id"><value>1</value></Data>
            <Data name="Class"><value>Unhealthy</value></Data>
          </ExtendedData>
          <Point><coordinates>102.487108100,2.953860775,0</coordinates></Point>
        </Placemark>

        <Placemark>
          <name>66</name>
          <styleUrl>#style_Unhealthy</styleUrl>
          <ExtendedData>
            <Data name="id"><value>66</value></Data>
            <Data name="Class"><value>Unhealthy</value></Data>
          </ExtendedData>
          <Point><coordinates>102.487716200,2.954042163,0</coordinates></Point>
        </Placemark>

        <Placemark>
          <name>67</name>
          <styleUrl>#style_Unhealthy</styleUrl>
          <ExtendedData>
            <Data name="id"><value>67</value></Data>
            <Data name="Class"><value>Unhealthy</value></Data>
          </ExtendedData>
          <Point><coordinates>102.487642900,2.954011932,0</coordinates></Point>
        </Placemark>

        <Placemark>
          <name>95</name>
          <styleUrl>#style_Unhealthy</styleUrl>
          <ExtendedData>
            <Data name="id"><value>95</value></Data>
            <Data name="Class"><value>Unhealthy</value></Data>
          </ExtendedData>
          <Point><coordinates>102.487710400,2.953968910,0</coordinates></Point>
        </Placemark>

        <Placemark>
          <name>107</name>
          <styleUrl>#style_Unhealthy</styleUrl>
          <ExtendedData>
            <Data name="id"><value>107</value></Data>
            <Data name="Class"><value>Unhealthy</value></Data>
          </ExtendedData>
          <Point><coordinates>102.487840600,2.953581717,0</coordinates></Point>
        </Placemark>

        <Placemark>
          <name>117</name>
          <styleUrl>#style_Unhealthy</styleUrl>
          <ExtendedData>
            <Data name="id"><value>117</value></Data>
            <Data name="Class"><value>Unhealthy</value></Data>
          </ExtendedData>
          <Point><coordinates>102.488111500,2.954120067,0</coordinates></Point>
        </Placemark>

        <Placemark>
          <name>119</name>
          <styleUrl>#style_Unhealthy</styleUrl>
          <ExtendedData>
            <Data name="id"><value>119</value></Data>
            <Data name="Class"><value>Unhealthy</value></Data>
          </ExtendedData>
          <Point><coordinates>102.488317300,2.954157275,0</coordinates></Point>
        </Placemark>

        <Placemark>
          <name>121</name>
          <styleUrl>#style_Unhealthy</styleUrl>
          <ExtendedData>
            <Data name="id"><value>121</value></Data>
            <Data name="Class"><value>Unhealthy</value></Data>
          </ExtendedData>
          <Point><coordinates>102.488240600,2.954120067,0</coordinates></Point>
        </Placemark>

        <Placemark>
          <name>124</name>
          <styleUrl>#style_Unhealthy</styleUrl>
          <ExtendedData>
            <Data name="id"><value>124</value></Data>
            <Data name="Class"><value>Unhealthy</value></Data>
          </ExtendedData>
          <Point><coordinates>102.488042900,2.954008444,0</coordinates></Point>
        </Placemark>

        <Placemark>
          <name>140</name>
          <styleUrl>#style_Unhealthy</styleUrl>
          <ExtendedData>
            <Data name="id"><value>140</value></Data>
            <Data name="Class"><value>Unhealthy</value></Data>
          </ExtendedData>
          <Point><coordinates>102.487980100,2.953888681,0</coordinates></Point>
        </Placemark>

        <Placemark>
          <name>148</name>
          <styleUrl>#style_Unhealthy</styleUrl>
          <ExtendedData>
            <Data name="id"><value>148</value></Data>
            <Data name="Class"><value>Unhealthy</value></Data>
          </ExtendedData>
          <Point><coordinates>102.488176600,2.953778221,0</coordinates></Point>
        </Placemark>

        <Placemark>
          <name>154</name>
          <styleUrl>#style_Unhealthy</styleUrl>
          <ExtendedData>
            <Data name="id"><value>154</value></Data>
            <Data name="Class"><value>Unhealthy</value></Data>
          </ExtendedData>
          <Point><coordinates>102.488308000,2.954010769,0</coordinates></Point>
        </Placemark>

        <Placemark>
          <name>156</name>
          <styleUrl>#style_Unhealthy</styleUrl>
          <ExtendedData>
            <Data name="id"><value>156</value></Data>
            <Data name="Class"><value>Unhealthy</value></Data>
          </ExtendedData>
          <Point><coordinates>102.488308000,2.953858450,0</coordinates></Point>
        </Placemark>

        <Placemark>
          <name>265</name>
          <styleUrl>#style_Unhealthy</styleUrl>
          <ExtendedData>
            <Data name="id"><value>265</value></Data>
            <Data name="Class"><value>Unhealthy</value></Data>
          </ExtendedData>
          <Point><coordinates>102.488708600,2.953393644,0</coordinates></Point>
        </Placemark>

        <Placemark>
          <name>311</name>
          <styleUrl>#style_Unhealthy</styleUrl>
          <ExtendedData>
            <Data name="id"><value>311</value></Data>
            <Data name="Class"><value>Unhealthy</value></Data>
          </ExtendedData>
          <Point><coordinates>102.489176000,2.953344808,0</coordinates></Point>
        </Placemark>

        <Placemark>
          <name>379</name>
          <styleUrl>#style_Unhealthy</styleUrl>
          <ExtendedData>
            <Data name="id"><value>379</value></Data>
            <Data name="Class"><value>Unhealthy</value></Data>
          </ExtendedData>
          <Point><coordinates>102.489372500,2.953542475,0</coordinates></Point>
        </Placemark>

        <Placemark>
          <name>397</name>
          <styleUrl>#style_Unhealthy</styleUrl>
          <ExtendedData>
            <Data name="id"><value>397</value></Data>
            <Data name="Class"><value>Unhealthy</value></Data>
          </ExtendedData>
          <Point><coordinates>102.489307400,2.953809905,0</coordinates></Point>
        </Placemark>

        <Placemark>
          <name>407</name>
          <styleUrl>#style_Unhealthy</styleUrl>
          <ExtendedData>
            <Data name="id"><value>407</value></Data>
            <Data name="Class"><value>Unhealthy</value></Data>
          </ExtendedData>
          <Point><coordinates>102.489443400,2.953740141,0</coordinates></Point>
        </Placemark>

        <Placemark>
          <name>418</name>
          <styleUrl>#style_Unhealthy</styleUrl>
          <ExtendedData>
            <Data name="id"><value>418</value></Data>
            <Data name="Class"><value>Unhealthy</value></Data>
          </ExtendedData>
          <Point><coordinates>102.489637600,2.953622704,0</coordinates></Point>
        </Placemark>

        <Placemark>
          <name>422</name>
          <styleUrl>#style_Unhealthy</styleUrl>
          <ExtendedData>
            <Data name="id"><value>422</value></Data>
            <Data name="Class"><value>Unhealthy</value></Data>
          </ExtendedData>
          <Point><coordinates>102.489641100,2.953701770,0</coordinates></Point>
        </Placemark>

        <Placemark>
          <name>436</name>
          <styleUrl>#style_Unhealthy</styleUrl>
          <ExtendedData>
            <Data name="id"><value>436</value></Data>
            <Data name="Class"><value>Unhealthy</value></Data>
          </ExtendedData>
          <Point><coordinates>102.489909100,2.954076173,0</coordinates></Point>
        </Placemark>

        <Placemark>
          <name>438</name>
          <styleUrl>#style_Unhealthy</styleUrl>
          <ExtendedData>
            <Data name="id"><value>438</value></Data>
            <Data name="Class"><value>Unhealthy</value></Data>
          </ExtendedData>
          <Point><coordinates>102.490051000,2.954080243,0</coordinates></Point>
        </Placemark>

        <Placemark>
          <name>461</name>
          <styleUrl>#style_Unhealthy</styleUrl>
          <ExtendedData>
            <Data name="id"><value>461</value></Data>
            <Data name="Class"><value>Unhealthy</value></Data>
          </ExtendedData>
          <Point><coordinates>102.489901900,2.953311380,0</coordinates></Point>
        </Placemark>

        <Placemark>
          <name>481</name>
          <styleUrl>#style_Unhealthy</styleUrl>
          <ExtendedData>
            <Data name="id"><value>481</value></Data>
            <Data name="Class"><value>Unhealthy</value></Data>
          </ExtendedData>
          <Point><coordinates>102.487109000,2.952781169,0</coordinates></Point>
        </Placemark>

        <Placemark>
          <name>485</name>
          <styleUrl>#style_Unhealthy</styleUrl>
          <ExtendedData>
            <Data name="id"><value>485</value></Data>
            <Data name="Class"><value>Unhealthy</value></Data>
          </ExtendedData>
          <Point><coordinates>102.487168300,2.952752101,0</coordinates></Point>
        </Placemark>

        <Placemark>
          <name>505</name>
          <styleUrl>#style_Unhealthy</styleUrl>
          <ExtendedData>
            <Data name="id"><value>505</value></Data>
            <Data name="Class"><value>Unhealthy</value></Data>
          </ExtendedData>
          <Point><coordinates>102.487240300,2.953013718,0</coordinates></Point>
        </Placemark>

        <Placemark>
          <name>518</name>
          <styleUrl>#style_Unhealthy</styleUrl>
          <ExtendedData>
            <Data name="id"><value>518</value></Data>
            <Data name="Class"><value>Unhealthy</value></Data>
          </ExtendedData>
          <Point><coordinates>102.487312400,2.952973022,0</coordinates></Point>
        </Placemark>

        <Placemark>
          <name>521</name>
          <styleUrl>#style_Unhealthy</styleUrl>
          <ExtendedData>
            <Data name="id"><value>521</value></Data>
            <Data name="Class"><value>Unhealthy</value></Data>
          </ExtendedData>
          <Point><coordinates>102.487379900,2.953089296,0</coordinates></Point>
        </Placemark>

        <Placemark>
          <name>529</name>
          <styleUrl>#style_Unhealthy</styleUrl>
          <ExtendedData>
            <Data name="id"><value>529</value></Data>
            <Data name="Class"><value>Unhealthy</value></Data>
          </ExtendedData>
          <Point><coordinates>102.487440300,2.953057902,0</coordinates></Point>
        </Placemark>

        <Placemark>
          <name>530</name>
          <styleUrl>#style_Unhealthy</styleUrl>
          <ExtendedData>
            <Data name="id"><value>530</value></Data>
            <Data name="Class"><value>Unhealthy</value></Data>
          </ExtendedData>
          <Point><coordinates>102.487506600,2.953089296,0</coordinates></Point>
        </Placemark>

        <Placemark>
          <name>553</name>
          <styleUrl>#style_Unhealthy</styleUrl>
          <ExtendedData>
            <Data name="id"><value>553</value></Data>
            <Data name="Class"><value>Unhealthy</value></Data>
          </ExtendedData>
          <Point><coordinates>102.487972900,2.952967208,0</coordinates></Point>
        </Placemark>

        <Placemark>
          <name>584</name>
          <styleUrl>#style_Unhealthy</styleUrl>
          <ExtendedData>
            <Data name="id"><value>584</value></Data>
            <Data name="Class"><value>Unhealthy</value></Data>
          </ExtendedData>
          <Point><coordinates>102.487708900,2.952895118,0</coordinates></Point>
        </Placemark>

        <Placemark>
          <name>608</name>
          <styleUrl>#style_Unhealthy</styleUrl>
          <ExtendedData>
            <Data name="id"><value>608</value></Data>
            <Data name="Class"><value>Unhealthy</value></Data>
          </ExtendedData>
          <Point><coordinates>102.487972900,2.953128829,0</coordinates></Point>
        </Placemark>

        <Placemark>
          <name>621</name>
          <styleUrl>#style_Unhealthy</styleUrl>
          <ExtendedData>
            <Data name="id"><value>621</value></Data>
            <Data name="Class"><value>Unhealthy</value></Data>
          </ExtendedData>
          <Point><coordinates>102.488244900,2.953121853,0</coordinates></Point>
        </Placemark>

        <Placemark>
          <name>643</name>
          <styleUrl>#style_Unhealthy</styleUrl>
          <ExtendedData>
            <Data name="id"><value>643</value></Data>
            <Data name="Class"><value>Unhealthy</value></Data>
          </ExtendedData>
          <Point><coordinates>102.488235600,2.952817214,0</coordinates></Point>
        </Placemark>

        <Placemark>
          <name>703</name>
          <styleUrl>#style_Unhealthy</styleUrl>
          <ExtendedData>
            <Data name="id"><value>703</value></Data>
            <Data name="Class"><value>Unhealthy</value></Data>
          </ExtendedData>
          <Point><coordinates>102.488501600,2.952971859,0</coordinates></Point>
        </Placemark>

        <Placemark>
          <name>754</name>
          <styleUrl>#style_Unhealthy</styleUrl>
          <ExtendedData>
            <Data name="id"><value>754</value></Data>
            <Data name="Class"><value>Unhealthy</value></Data>
          </ExtendedData>
          <Point><coordinates>102.488769600,2.953043368,0</coordinates></Point>
        </Placemark>

        <Placemark>
          <name>759</name>
          <styleUrl>#style_Unhealthy</styleUrl>
          <ExtendedData>
            <Data name="id"><value>759</value></Data>
            <Data name="Class"><value>Unhealthy</value></Data>
          </ExtendedData>
          <Point><coordinates>102.489099900,2.952927093,0</coordinates></Point>
        </Placemark>

        <Placemark>
          <name>760</name>
          <styleUrl>#style_Unhealthy</styleUrl>
          <ExtendedData>
            <Data name="id"><value>760</value></Data>
            <Data name="Class"><value>Unhealthy</value></Data>
          </ExtendedData>
          <Point><coordinates>102.489034700,2.952887560,0</coordinates></Point>
        </Placemark>

        <Placemark>
          <name>768</name>
          <styleUrl>#style_Unhealthy</styleUrl>
          <ExtendedData>
            <Data name="id"><value>768</value></Data>
            <Data name="Class"><value>Unhealthy</value></Data>
          </ExtendedData>
          <Point><coordinates>102.489228900,2.952770123,0</coordinates></Point>
        </Placemark>

        <Placemark>
          <name>794</name>
          <styleUrl>#style_Unhealthy</styleUrl>
          <ExtendedData>
            <Data name="id"><value>794</value></Data>
            <Data name="Class"><value>Unhealthy</value></Data>
          </ExtendedData>
          <Point><coordinates>102.489226600,2.953002672,0</coordinates></Point>
        </Placemark>

        <Placemark>
          <name>811</name>
          <styleUrl>#style_Unhealthy</styleUrl>
          <ExtendedData>
            <Data name="id"><value>811</value></Data>
            <Data name="Class"><value>Unhealthy</value></Data>
          </ExtendedData>
          <Point><coordinates>102.489833500,2.952811691,0</coordinates></Point>
        </Placemark>

        <Placemark>
          <name>826</name>
          <styleUrl>#style_Unhealthy</styleUrl>
          <ExtendedData>
            <Data name="id"><value>826</value></Data>
            <Data name="Class"><value>Unhealthy</value></Data>
          </ExtendedData>
          <Point><coordinates>102.489561500,2.952886107,0</coordinates></Point>
        </Placemark>

        <Placemark>
          <name>828</name>
          <styleUrl>#style_Unhealthy</styleUrl>
          <ExtendedData>
            <Data name="id"><value>828</value></Data>
            <Data name="Class"><value>Unhealthy</value></Data>
          </ExtendedData>
          <Point><coordinates>102.489633600,2.952767507,0</coordinates></Point>
        </Placemark>

        <Placemark>
          <name>873</name>
          <styleUrl>#style_Unhealthy</styleUrl>
          <ExtendedData>
            <Data name="id"><value>873</value></Data>
            <Data name="Class"><value>Unhealthy</value></Data>
          </ExtendedData>
          <Point><coordinates>102.488834800,2.952465194,0</coordinates></Point>
        </Placemark>

        <Placemark>
          <name>879</name>
          <styleUrl>#style_Unhealthy</styleUrl>
          <ExtendedData>
            <Data name="id"><value>879</value></Data>
            <Data name="Class"><value>Unhealthy</value></Data>
          </ExtendedData>
          <Point><coordinates>102.488959200,2.952154742,0</coordinates></Point>
        </Placemark>

        <Placemark>
          <name>881</name>
          <styleUrl>#style_Unhealthy</styleUrl>
          <ExtendedData>
            <Data name="id"><value>881</value></Data>
            <Data name="Class"><value>Unhealthy</value></Data>
          </ExtendedData>
          <Point><coordinates>102.488898700,2.952038467,0</coordinates></Point>
        </Placemark>

        <Placemark>
          <name>885</name>
          <styleUrl>#style_Unhealthy</styleUrl>
          <ExtendedData>
            <Data name="id"><value>885</value></Data>
            <Data name="Class"><value>Unhealthy</value></Data>
          </ExtendedData>
          <Point><coordinates>102.489031300,2.952273341,0</coordinates></Point>
        </Placemark>

        <Placemark>
          <name>886</name>
          <styleUrl>#style_Unhealthy</styleUrl>
          <ExtendedData>
            <Data name="id"><value>886</value></Data>
            <Data name="Class"><value>Unhealthy</value></Data>
          </ExtendedData>
          <Point><coordinates>102.488966100,2.952312875,0</coordinates></Point>
        </Placemark>

        <Placemark>
          <name>904</name>
          <styleUrl>#style_Unhealthy</styleUrl>
          <ExtendedData>
            <Data name="id"><value>904</value></Data>
            <Data name="Class"><value>Unhealthy</value></Data>
          </ExtendedData>
          <Point><coordinates>102.489161500,2.952195438,0</coordinates></Point>
        </Placemark>

        <Placemark>
          <name>934</name>
          <styleUrl>#style_Unhealthy</styleUrl>
          <ExtendedData>
            <Data name="id"><value>934</value></Data>
            <Data name="Class"><value>Unhealthy</value></Data>
          </ExtendedData>
          <Point><coordinates>102.489755600,2.952382639,0</coordinates></Point>
        </Placemark>

        <Placemark>
          <name>966</name>
          <styleUrl>#style_Unhealthy</styleUrl>
          <ExtendedData>
            <Data name="id"><value>966</value></Data>
            <Data name="Class"><value>Unhealthy</value></Data>
          </ExtendedData>
          <Point><coordinates>102.489432400,2.952037305,0</coordinates></Point>
        </Placemark>

        <Placemark>
          <name>968</name>
          <styleUrl>#style_Unhealthy</styleUrl>
          <ExtendedData>
            <Data name="id"><value>968</value></Data>
            <Data name="Class"><value>Unhealthy</value></Data>
          </ExtendedData>
          <Point><coordinates>102.489360300,2.952000097,0</coordinates></Point>
        </Placemark>

        <Placemark>
          <name>970</name>
          <styleUrl>#style_Unhealthy</styleUrl>
          <ExtendedData>
            <Data name="id"><value>970</value></Data>
            <Data name="Class"><value>Unhealthy</value></Data>
          </ExtendedData>
          <Point><coordinates>102.489230100,2.951925681,0</coordinates></Point>
        </Placemark>

        <Placemark>
          <name>1029</name>
          <styleUrl>#style_Unhealthy</styleUrl>
          <ExtendedData>
            <Data name="id"><value>1029</value></Data>
            <Data name="Class"><value>Unhealthy</value></Data>
          </ExtendedData>
          <Point><coordinates>102.488831300,2.951689645,0</coordinates></Point>
        </Placemark>

        <Placemark>
          <name>1030</name>
          <styleUrl>#style_Unhealthy</styleUrl>
          <ExtendedData>
            <Data name="id"><value>1030</value></Data>
            <Data name="Class"><value>Unhealthy</value></Data>
          </ExtendedData>
          <Point><coordinates>102.488894100,2.951650112,0</coordinates></Point>
        </Placemark>

        <Placemark>
          <name>1032</name>
          <styleUrl>#style_Unhealthy</styleUrl>
          <ExtendedData>
            <Data name="id"><value>1032</value></Data>
            <Data name="Class"><value>Unhealthy</value></Data>
          </ExtendedData>
          <Point><coordinates>102.488763800,2.951582673,0</coordinates></Point>
        </Placemark>

        <Placemark>
          <name>1033</name>
          <styleUrl>#style_Unhealthy</styleUrl>
          <ExtendedData>
            <Data name="id"><value>1033</value></Data>
            <Data name="Class"><value>Unhealthy</value></Data>
          </ExtendedData>
          <Point><coordinates>102.488884700,2.951574533,0</coordinates></Point>
        </Placemark>

        <Placemark>
          <name>1040</name>
          <styleUrl>#style_Unhealthy</styleUrl>
          <ExtendedData>
            <Data name="id"><value>1040</value></Data>
            <Data name="Class"><value>Unhealthy</value></Data>
          </ExtendedData>
          <Point><coordinates>102.487969700,2.952579724,0</coordinates></Point>
        </Placemark>

        <Placemark>
          <name>1052</name>
          <styleUrl>#style_Unhealthy</styleUrl>
          <ExtendedData>
            <Data name="id"><value>1052</value></Data>
            <Data name="Class"><value>Unhealthy</value></Data>
          </ExtendedData>
          <Point><coordinates>102.488035900,2.952466938,0</coordinates></Point>
        </Placemark>

        <Placemark>
          <name>1067</name>
          <styleUrl>#style_Unhealthy</styleUrl>
          <ExtendedData>
            <Data name="id"><value>1067</value></Data>
            <Data name="Class"><value>Unhealthy</value></Data>
          </ExtendedData>
          <Point><coordinates>102.488698900,2.952541935,0</coordinates></Point>
        </Placemark>

        <Placemark>
          <name>1123</name>
          <styleUrl>#style_Unhealthy</styleUrl>
          <ExtendedData>
            <Data name="id"><value>1123</value></Data>
            <Data name="Class"><value>Unhealthy</value></Data>
          </ExtendedData>
          <Point><coordinates>102.488098900,2.952196600,0</coordinates></Point>
        </Placemark>

        <Placemark>
          <name>1132</name>
          <styleUrl>#style_Unhealthy</styleUrl>
          <ExtendedData>
            <Data name="id"><value>1132</value></Data>
            <Data name="Class"><value>Unhealthy</value></Data>
          </ExtendedData>
          <Point><coordinates>102.488294200,2.951852429,0</coordinates></Point>
        </Placemark>

        <Placemark>
          <name>1133</name>
          <styleUrl>#style_Unhealthy</styleUrl>
          <ExtendedData>
            <Data name="id"><value>1133</value></Data>
            <Data name="Class"><value>Unhealthy</value></Data>
          </ExtendedData>
          <Point><coordinates>102.488289600,2.951929170,0</coordinates></Point>
        </Placemark>

        <Placemark>
          <name>1135</name>
          <styleUrl>#style_Unhealthy</styleUrl>
          <ExtendedData>
            <Data name="id"><value>1135</value></Data>
            <Data name="Class"><value>Unhealthy</value></Data>
          </ExtendedData>
          <Point><coordinates>102.488166300,2.951858242,0</coordinates></Point>
        </Placemark>

        <Placemark>
          <name>1139</name>
          <styleUrl>#style_Unhealthy</styleUrl>
          <ExtendedData>
            <Data name="id"><value>1139</value></Data>
            <Data name="Class"><value>Unhealthy</value></Data>
          </ExtendedData>
          <Point><coordinates>102.488162800,2.951924519,0</coordinates></Point>
        </Placemark>

        <Placemark>
          <name>1140</name>
          <styleUrl>#style_Unhealthy</styleUrl>
          <ExtendedData>
            <Data name="id"><value>1140</value></Data>
            <Data name="Class"><value>Unhealthy</value></Data>
          </ExtendedData>
          <Point><coordinates>102.488230300,2.951968703,0</coordinates></Point>
        </Placemark>

        <Placemark>
          <name>1141</name>
          <styleUrl>#style_Unhealthy</styleUrl>
          <ExtendedData>
            <Data name="id"><value>1141</value></Data>
            <Data name="Class"><value>Unhealthy</value></Data>
          </ExtendedData>
          <Point><coordinates>102.488166300,2.952007073,0</coordinates></Point>
        </Placemark>

        <Placemark>
          <name>1142</name>
          <styleUrl>#style_Unhealthy</styleUrl>
          <ExtendedData>
            <Data name="id"><value>1142</value></Data>
            <Data name="Class"><value>Unhealthy</value></Data>
          </ExtendedData>
          <Point><coordinates>102.488237200,2.952044281,0</coordinates></Point>
        </Placemark>

        <Placemark>
          <name>1146</name>
          <styleUrl>#style_Unhealthy</styleUrl>
          <ExtendedData>
            <Data name="id"><value>1146</value></Data>
            <Data name="Class"><value>Unhealthy</value></Data>
          </ExtendedData>
          <Point><coordinates>102.488161700,2.952165206,0</coordinates></Point>
        </Placemark>

        <Placemark>
          <name>1162</name>
          <styleUrl>#style_Unhealthy</styleUrl>
          <ExtendedData>
            <Data name="id"><value>1162</value></Data>
            <Data name="Class"><value>Unhealthy</value></Data>
          </ExtendedData>
          <Point><coordinates>102.488300000,2.952009399,0</coordinates></Point>
        </Placemark>

        <Placemark>
          <name>1163</name>
          <styleUrl>#style_Unhealthy</styleUrl>
          <ExtendedData>
            <Data name="id"><value>1163</value></Data>
            <Data name="Class"><value>Unhealthy</value></Data>
          </ExtendedData>
          <Point><coordinates>102.488236100,2.952122185,0</coordinates></Point>
        </Placemark>

        <Placemark>
          <name>1187</name>
          <styleUrl>#style_Unhealthy</styleUrl>
          <ExtendedData>
            <Data name="id"><value>1187</value></Data>
            <Data name="Class"><value>Unhealthy</value></Data>
          </ExtendedData>
          <Point><coordinates>102.486975700,2.952240785,0</coordinates></Point>
        </Placemark>

        <Placemark>
          <name>1206</name>
          <styleUrl>#style_Unhealthy</styleUrl>
          <ExtendedData>
            <Data name="id"><value>1206</value></Data>
            <Data name="Class"><value>Unhealthy</value></Data>
          </ExtendedData>
          <Point><coordinates>102.487035000,2.951897776,0</coordinates></Point>
        </Placemark>

        <Placemark>
          <name>1210</name>
          <styleUrl>#style_Unhealthy</styleUrl>
          <ExtendedData>
            <Data name="id"><value>1210</value></Data>
            <Data name="Class"><value>Unhealthy</value></Data>
          </ExtendedData>
          <Point><coordinates>102.487097800,2.952247761,0</coordinates></Point>
        </Placemark>

        <Placemark>
          <name>1245</name>
          <styleUrl>#style_Unhealthy</styleUrl>
          <ExtendedData>
            <Data name="id"><value>1245</value></Data>
            <Data name="Class"><value>Unhealthy</value></Data>
          </ExtendedData>
          <Point><coordinates>102.487167500,2.952203577,0</coordinates></Point>
        </Placemark>

        <Placemark>
          <name>1264</name>
          <styleUrl>#style_Unhealthy</styleUrl>
          <ExtendedData>
            <Data name="id"><value>1264</value></Data>
            <Data name="Class"><value>Unhealthy</value></Data>
          </ExtendedData>
          <Point><coordinates>102.487168700,2.952130324,0</coordinates></Point>
        </Placemark>

        <Placemark>
          <name>1265</name>
          <styleUrl>#style_Unhealthy</styleUrl>
          <ExtendedData>
            <Data name="id"><value>1265</value></Data>
            <Data name="Class"><value>Unhealthy</value></Data>
          </ExtendedData>
          <Point><coordinates>102.487167500,2.952058234,0</coordinates></Point>
        </Placemark>

        <Placemark>
          <name>1296</name>
          <styleUrl>#style_Unhealthy</styleUrl>
          <ExtendedData>
            <Data name="id"><value>1296</value></Data>
            <Data name="Class"><value>Unhealthy</value></Data>
          </ExtendedData>
          <Point><coordinates>102.487833800,2.951972191,0</coordinates></Point>
        </Placemark>

        <Placemark>
          <name>1297</name>
          <styleUrl>#style_Unhealthy</styleUrl>
          <ExtendedData>
            <Data name="id"><value>1297</value></Data>
            <Data name="Class"><value>Unhealthy</value></Data>
          </ExtendedData>
          <Point><coordinates>102.487830300,2.952043118,0</coordinates></Point>
        </Placemark>

        <Placemark>
          <name>1306</name>
          <styleUrl>#style_Unhealthy</styleUrl>
          <ExtendedData>
            <Data name="id"><value>1306</value></Data>
            <Data name="Class"><value>Unhealthy</value></Data>
          </ExtendedData>
          <Point><coordinates>102.487633800,2.952014050,0</coordinates></Point>
        </Placemark>

        <Placemark>
          <name>1307</name>
          <styleUrl>#style_Unhealthy</styleUrl>
          <ExtendedData>
            <Data name="id"><value>1307</value></Data>
            <Data name="Class"><value>Unhealthy</value></Data>
          </ExtendedData>
          <Point><coordinates>102.487702400,2.952045444,0</coordinates></Point>
        </Placemark>

        <Placemark>
          <name>1308</name>
          <styleUrl>#style_Unhealthy</styleUrl>
          <ExtendedData>
            <Data name="id"><value>1308</value></Data>
            <Data name="Class"><value>Unhealthy</value></Data>
          </ExtendedData>
          <Point><coordinates>102.487760500,2.952009399,0</coordinates></Point>
        </Placemark>

        <Placemark>
          <name>1309</name>
          <styleUrl>#style_Unhealthy</styleUrl>
          <ExtendedData>
            <Data name="id"><value>1309</value></Data>
            <Data name="Class"><value>Unhealthy</value></Data>
          </ExtendedData>
          <Point><coordinates>102.487759400,2.952081489,0</coordinates></Point>
        </Placemark>

        <Placemark>
          <name>1312</name>
          <styleUrl>#style_Unhealthy</styleUrl>
          <ExtendedData>
            <Data name="id"><value>1312</value></Data>
            <Data name="Class"><value>Unhealthy</value></Data>
          </ExtendedData>
          <Point><coordinates>102.487630300,2.952086140,0</coordinates></Point>
        </Placemark>

        <Placemark>
          <name>1333</name>
          <styleUrl>#style_Unhealthy</styleUrl>
          <ExtendedData>
            <Data name="id"><value>1333</value></Data>
            <Data name="Class"><value>Unhealthy</value></Data>
          </ExtendedData>
          <Point><coordinates>102.487032600,2.951829174,0</coordinates></Point>
        </Placemark>

        <Placemark>
          <name>1347</name>
          <styleUrl>#style_Unhealthy</styleUrl>
          <ExtendedData>
            <Data name="id"><value>1347</value></Data>
            <Data name="Class"><value>Unhealthy</value></Data>
          </ExtendedData>
          <Point><coordinates>102.487098900,2.951552441,0</coordinates></Point>
        </Placemark>

        <Placemark>
          <name>1358</name>
          <styleUrl>#style_Unhealthy</styleUrl>
          <ExtendedData>
            <Data name="id"><value>1358</value></Data>
            <Data name="Class"><value>Unhealthy</value></Data>
          </ExtendedData>
          <Point><coordinates>102.487760500,2.951779176,0</coordinates></Point>
        </Placemark>

        <Placemark>
          <name>1401</name>
          <styleUrl>#style_Unhealthy</styleUrl>
          <ExtendedData>
            <Data name="id"><value>1401</value></Data>
            <Data name="Class"><value>Unhealthy</value></Data>
          </ExtendedData>
          <Point><coordinates>102.487033800,2.951430353,0</coordinates></Point>
        </Placemark>

        <Placemark>
          <name>1427</name>
          <styleUrl>#style_Unhealthy</styleUrl>
          <ExtendedData>
            <Data name="id"><value>1427</value></Data>
            <Data name="Class"><value>Unhealthy</value></Data>
          </ExtendedData>
          <Point><coordinates>102.487565200,2.951660576,0</coordinates></Point>
        </Placemark>

        <Placemark>
          <name>1441</name>
          <styleUrl>#style_Unhealthy</styleUrl>
          <ExtendedData>
            <Data name="id"><value>1441</value></Data>
            <Data name="Class"><value>Unhealthy</value></Data>
          </ExtendedData>
          <Point><coordinates>102.487962800,2.951269895,0</coordinates></Point>
        </Placemark>

        <Placemark>
          <name>1495</name>
          <styleUrl>#style_Unhealthy</styleUrl>
          <ExtendedData>
            <Data name="id"><value>1495</value></Data>
            <Data name="Class"><value>Unhealthy</value></Data>
          </ExtendedData>
          <Point><coordinates>102.488293100,2.951769874,0</coordinates></Point>
        </Placemark>

        <Placemark>
          <name>1514</name>
          <styleUrl>#style_Unhealthy</styleUrl>
          <ExtendedData>
            <Data name="id"><value>1514</value></Data>
            <Data name="Class"><value>Unhealthy</value></Data>
          </ExtendedData>
          <Point><coordinates>102.488289600,2.951080368,0</coordinates></Point>
        </Placemark>

        <Placemark>
          <name>1524</name>
          <styleUrl>#style_Unhealthy</styleUrl>
          <ExtendedData>
            <Data name="id"><value>1524</value></Data>
            <Data name="Class"><value>Unhealthy</value></Data>
          </ExtendedData>
          <Point><coordinates>102.488357000,2.951583835,0</coordinates></Point>
        </Placemark>

        <Placemark>
          <name>1562</name>
          <styleUrl>#style_Unhealthy</styleUrl>
          <ExtendedData>
            <Data name="id"><value>1562</value></Data>
            <Data name="Class"><value>Unhealthy</value></Data>
          </ExtendedData>
          <Point><coordinates>102.488962800,2.951537326,0</coordinates></Point>
        </Placemark>

        <Placemark>
          <name>1582</name>
          <styleUrl>#style_Unhealthy</styleUrl>
          <ExtendedData>
            <Data name="id"><value>1582</value></Data>
            <Data name="Class"><value>Unhealthy</value></Data>
          </ExtendedData>
          <Point><coordinates>102.488684900,2.951073391,0</coordinates></Point>
        </Placemark>

        <Placemark>
          <name>1592</name>
          <styleUrl>#style_Unhealthy</styleUrl>
          <ExtendedData>
            <Data name="id"><value>1592</value></Data>
            <Data name="Class"><value>Unhealthy</value></Data>
          </ExtendedData>
          <Point><coordinates>102.488495400,2.951038509,0</coordinates></Point>
        </Placemark>

        <Placemark>
          <name>1596</name>
          <styleUrl>#style_Unhealthy</styleUrl>
          <ExtendedData>
            <Data name="id"><value>1596</value></Data>
            <Data name="Class"><value>Unhealthy</value></Data>
          </ExtendedData>
          <Point><coordinates>102.489219800,2.951073391,0</coordinates></Point>
        </Placemark>

        <Placemark>
          <name>1625</name>
          <styleUrl>#style_Unhealthy</styleUrl>
          <ExtendedData>
            <Data name="id"><value>1625</value></Data>
            <Data name="Class"><value>Unhealthy</value></Data>
          </ExtendedData>
          <Point><coordinates>102.489622100,2.950831541,0</coordinates></Point>
        </Placemark>

        <Placemark>
          <name>1627</name>
          <styleUrl>#style_Unhealthy</styleUrl>
          <ExtendedData>
            <Data name="id"><value>1627</value></Data>
            <Data name="Class"><value>Unhealthy</value></Data>
          </ExtendedData>
          <Point><coordinates>102.489618600,2.950753637,0</coordinates></Point>
        </Placemark>

        <Placemark>
          <name>1660</name>
          <styleUrl>#style_Unhealthy</styleUrl>
          <ExtendedData>
            <Data name="id"><value>1660</value></Data>
            <Data name="Class"><value>Unhealthy</value></Data>
          </ExtendedData>
          <Point><coordinates>102.489091900,2.951000139,0</coordinates></Point>
        </Placemark>

        <Placemark>
          <name>1666</name>
          <styleUrl>#style_Unhealthy</styleUrl>
          <ExtendedData>
            <Data name="id"><value>1666</value></Data>
            <Data name="Class"><value>Unhealthy</value></Data>
          </ExtendedData>
          <Point><coordinates>102.488684900,2.950926886,0</coordinates></Point>
        </Placemark>

        <Placemark>
          <name>1670</name>
          <styleUrl>#style_Unhealthy</styleUrl>
          <ExtendedData>
            <Data name="id"><value>1670</value></Data>
            <Data name="Class"><value>Unhealthy</value></Data>
          </ExtendedData>
          <Point><coordinates>102.488687200,2.950772241,0</coordinates></Point>
        </Placemark>

        <Placemark>
          <name>1700</name>
          <styleUrl>#style_Unhealthy</styleUrl>
          <ExtendedData>
            <Data name="id"><value>1700</value></Data>
            <Data name="Class"><value>Unhealthy</value></Data>
          </ExtendedData>
          <Point><coordinates>102.488760500,2.950886190,0</coordinates></Point>
        </Placemark>

        <Placemark>
          <name>1702</name>
          <styleUrl>#style_Unhealthy</styleUrl>
          <ExtendedData>
            <Data name="id"><value>1702</value></Data>
            <Data name="Class"><value>Unhealthy</value></Data>
          </ExtendedData>
          <Point><coordinates>102.488755800,2.950810612,0</coordinates></Point>
        </Placemark>

        <Placemark>
          <name>1714</name>
          <styleUrl>#style_Unhealthy</styleUrl>
          <ExtendedData>
            <Data name="id"><value>1714</value></Data>
            <Data name="Class"><value>Unhealthy</value></Data>
          </ExtendedData>
          <Point><coordinates>102.489553500,2.950626898,0</coordinates></Point>
        </Placemark>

        <Placemark>
          <name>1720</name>
          <styleUrl>#style_Unhealthy</styleUrl>
          <ExtendedData>
            <Data name="id"><value>1720</value></Data>
            <Data name="Class"><value>Unhealthy</value></Data>
          </ExtendedData>
          <Point><coordinates>102.489486000,2.950682710,0</coordinates></Point>
        </Placemark>

        <Placemark>
          <name>1737</name>
          <styleUrl>#style_Unhealthy</styleUrl>
          <ExtendedData>
            <Data name="id"><value>1737</value></Data>
            <Data name="Class"><value>Unhealthy</value></Data>
          </ExtendedData>
          <Point><coordinates>102.489223300,2.950693175,0</coordinates></Point>
        </Placemark>

        <Placemark>
          <name>1740</name>
          <styleUrl>#style_Unhealthy</styleUrl>
          <ExtendedData>
            <Data name="id"><value>1740</value></Data>
            <Data name="Class"><value>Unhealthy</value></Data>
          </ExtendedData>
          <Point><coordinates>102.489022100,2.950731545,0</coordinates></Point>
        </Placemark>

        <Placemark>
          <name>1744</name>
          <styleUrl>#style_Unhealthy</styleUrl>
          <ExtendedData>
            <Data name="id"><value>1744</value></Data>
            <Data name="Class"><value>Unhealthy</value></Data>
          </ExtendedData>
          <Point><coordinates>102.488751200,2.950729220,0</coordinates></Point>
        </Placemark>

        <Placemark>
          <name>1748</name>
          <styleUrl>#style_Unhealthy</styleUrl>
          <ExtendedData>
            <Data name="id"><value>1748</value></Data>
            <Data name="Class"><value>Unhealthy</value></Data>
          </ExtendedData>
          <Point><coordinates>102.488757000,2.950576900,0</coordinates></Point>
        </Placemark>

        <Placemark>
          <name>1752</name>
          <styleUrl>#style_Unhealthy</styleUrl>
          <ExtendedData>
            <Data name="id"><value>1752</value></Data>
            <Data name="Class"><value>Unhealthy</value></Data>
          </ExtendedData>
          <Point><coordinates>102.489020900,2.950650153,0</coordinates></Point>
        </Placemark>

        <Placemark>
          <name>1755</name>
          <styleUrl>#style_Unhealthy</styleUrl>
          <ExtendedData>
            <Data name="id"><value>1755</value></Data>
            <Data name="Class"><value>Unhealthy</value></Data>
          </ExtendedData>
          <Point><coordinates>102.488957000,2.950610620,0</coordinates></Point>
        </Placemark>

        <Placemark>
          <name>1778</name>
          <styleUrl>#style_Unhealthy</styleUrl>
          <ExtendedData>
            <Data name="id"><value>1778</value></Data>
            <Data name="Class"><value>Unhealthy</value></Data>
          </ExtendedData>
          <Point><coordinates>102.488757000,2.950347840,0</coordinates></Point>
        </Placemark>

        <Placemark>
          <name>1873</name>
          <styleUrl>#style_Unhealthy</styleUrl>
          <ExtendedData>
            <Data name="id"><value>1873</value></Data>
            <Data name="Class"><value>Unhealthy</value></Data>
          </ExtendedData>
          <Point><coordinates>102.487689300,2.950970779,0</coordinates></Point>
        </Placemark>

        <Placemark>
          <name>1874</name>
          <styleUrl>#style_Unhealthy</styleUrl>
          <ExtendedData>
            <Data name="id"><value>1874</value></Data>
            <Data name="Class"><value>Unhealthy</value></Data>
          </ExtendedData>
          <Point><coordinates>102.487562600,2.951044032,0</coordinates></Point>
        </Placemark>

        <Placemark>
          <name>1883</name>
          <styleUrl>#style_Unhealthy</styleUrl>
          <ExtendedData>
            <Data name="id"><value>1883</value></Data>
            <Data name="Class"><value>Unhealthy</value></Data>
          </ExtendedData>
          <Point><coordinates>102.487170700,2.950889387,0</coordinates></Point>
        </Placemark>

        <Placemark>
          <name>1886</name>
          <styleUrl>#style_Unhealthy</styleUrl>
          <ExtendedData>
            <Data name="id"><value>1886</value></Data>
            <Data name="Class"><value>Unhealthy</value></Data>
          </ExtendedData>
          <Point><coordinates>102.487357900,2.950930083,0</coordinates></Point>
        </Placemark>

        <Placemark>
          <name>1887</name>
          <styleUrl>#style_Unhealthy</styleUrl>
          <ExtendedData>
            <Data name="id"><value>1887</value></Data>
            <Data name="Class"><value>Unhealthy</value></Data>
          </ExtendedData>
          <Point><coordinates>102.487427700,2.950970779,0</coordinates></Point>
        </Placemark>

        <Placemark>
          <name>1899</name>
          <styleUrl>#style_Unhealthy</styleUrl>
          <ExtendedData>
            <Data name="id"><value>1899</value></Data>
            <Data name="Class"><value>Unhealthy</value></Data>
          </ExtendedData>
          <Point><coordinates>102.487695100,2.950809158,0</coordinates></Point>
        </Placemark>

        <Placemark>
          <name>1900</name>
          <styleUrl>#style_Unhealthy</styleUrl>
          <ExtendedData>
            <Data name="id"><value>1900</value></Data>
            <Data name="Class"><value>Unhealthy</value></Data>
          </ExtendedData>
          <Point><coordinates>102.487623000,2.950856831,0</coordinates></Point>
        </Placemark>

        <Placemark>
          <name>1902</name>
          <styleUrl>#style_Unhealthy</styleUrl>
          <ExtendedData>
            <Data name="id"><value>1902</value></Data>
            <Data name="Class"><value>Unhealthy</value></Data>
          </ExtendedData>
          <Point><coordinates>102.487559100,2.950820786,0</coordinates></Point>
        </Placemark>

        <Placemark>
          <name>1904</name>
          <styleUrl>#style_Unhealthy</styleUrl>
          <ExtendedData>
            <Data name="id"><value>1904</value></Data>
            <Data name="Class"><value>Unhealthy</value></Data>
          </ExtendedData>
          <Point><coordinates>102.487428800,2.950898689,0</coordinates></Point>
        </Placemark>

        <Placemark>
          <name>1905</name>
          <styleUrl>#style_Unhealthy</styleUrl>
          <ExtendedData>
            <Data name="id"><value>1905</value></Data>
            <Data name="Class"><value>Unhealthy</value></Data>
          </ExtendedData>
          <Point><coordinates>102.487362600,2.950852180,0</coordinates></Point>
        </Placemark>

        <Placemark>
          <name>1912</name>
          <styleUrl>#style_Unhealthy</styleUrl>
          <ExtendedData>
            <Data name="id"><value>1912</value></Data>
            <Data name="Class"><value>Unhealthy</value></Data>
          </ExtendedData>
          <Point><coordinates>102.487355600,2.950781252,0</coordinates></Point>
        </Placemark>

        <Placemark>
          <name>1939</name>
          <styleUrl>#style_Unhealthy</styleUrl>
          <ExtendedData>
            <Data name="id"><value>1939</value></Data>
            <Data name="Class"><value>Unhealthy</value></Data>
          </ExtendedData>
          <Point><coordinates>102.487753300,2.950774276,0</coordinates></Point>
        </Placemark>

        <Placemark>
          <name>1940</name>
          <styleUrl>#style_Unhealthy</styleUrl>
          <ExtendedData>
            <Data name="id"><value>1940</value></Data>
            <Data name="Class"><value>Unhealthy</value></Data>
          </ExtendedData>
          <Point><coordinates>102.487694000,2.950741719,0</coordinates></Point>
        </Placemark>

        <Placemark>
          <name>1941</name>
          <styleUrl>#style_Unhealthy</styleUrl>
          <ExtendedData>
            <Data name="id"><value>1941</value></Data>
            <Data name="Class"><value>Unhealthy</value></Data>
          </ExtendedData>
          <Point><coordinates>102.487759100,2.950697535,0</coordinates></Point>
        </Placemark>

        <Placemark>
          <name>1950</name>
          <styleUrl>#style_Unhealthy</styleUrl>
          <ExtendedData>
            <Data name="id"><value>1950</value></Data>
            <Data name="Class"><value>Unhealthy</value></Data>
          </ExtendedData>
          <Point><coordinates>102.487623000,2.950770788,0</coordinates></Point>
        </Placemark>

        <Placemark>
          <name>1951</name>
          <styleUrl>#style_Unhealthy</styleUrl>
          <ExtendedData>
            <Data name="id"><value>1951</value></Data>
            <Data name="Class"><value>Unhealthy</value></Data>
          </ExtendedData>
          <Point><coordinates>102.487560200,2.950735905,0</coordinates></Point>
        </Placemark>

        <Placemark>
          <name>1952</name>
          <styleUrl>#style_Unhealthy</styleUrl>
          <ExtendedData>
            <Data name="id"><value>1952</value></Data>
            <Data name="Class"><value>Unhealthy</value></Data>
          </ExtendedData>
          <Point><coordinates>102.487496300,2.950783578,0</coordinates></Point>
        </Placemark>

        <Placemark>
          <name>1954</name>
          <styleUrl>#style_Unhealthy</styleUrl>
          <ExtendedData>
            <Data name="id"><value>1954</value></Data>
            <Data name="Class"><value>Unhealthy</value></Data>
          </ExtendedData>
          <Point><coordinates>102.487427700,2.950813809,0</coordinates></Point>
        </Placemark>

        <Placemark>
          <name>1971</name>
          <styleUrl>#style_Unhealthy</styleUrl>
          <ExtendedData>
            <Data name="id"><value>1971</value></Data>
            <Data name="Class"><value>Unhealthy</value></Data>
          </ExtendedData>
          <Point><coordinates>102.488092800,2.950348712,0</coordinates></Point>
        </Placemark>

        <Placemark>
          <name>1972</name>
          <styleUrl>#style_Unhealthy</styleUrl>
          <ExtendedData>
            <Data name="id"><value>1972</value></Data>
            <Data name="Class"><value>Unhealthy</value></Data>
          </ExtendedData>
          <Point><coordinates>102.488217200,2.950349875,0</coordinates></Point>
        </Placemark>

        <Placemark>
          <name>1983</name>
          <styleUrl>#style_Unhealthy</styleUrl>
          <ExtendedData>
            <Data name="id"><value>1983</value></Data>
            <Data name="Class"><value>Unhealthy</value></Data>
          </ExtendedData>
          <Point><coordinates>102.488287000,2.950928921,0</coordinates></Point>
        </Placemark>

        <Placemark>
          <name>1984</name>
          <styleUrl>#style_Unhealthy</styleUrl>
          <ExtendedData>
            <Data name="id"><value>1984</value></Data>
            <Data name="Class"><value>Unhealthy</value></Data>
          </ExtendedData>
          <Point><coordinates>102.488221800,2.950883574,0</coordinates></Point>
        </Placemark>

        <Placemark>
          <name>1986</name>
          <styleUrl>#style_Unhealthy</styleUrl>
          <ExtendedData>
            <Data name="id"><value>1986</value></Data>
            <Data name="Class"><value>Unhealthy</value></Data>
          </ExtendedData>
          <Point><coordinates>102.488357900,2.950820786,0</coordinates></Point>
        </Placemark>

        <Placemark>
          <name>1988</name>
          <styleUrl>#style_Unhealthy</styleUrl>
          <ExtendedData>
            <Data name="id"><value>1988</value></Data>
            <Data name="Class"><value>Unhealthy</value></Data>
          </ExtendedData>
          <Point><coordinates>102.488357900,2.950961477,0</coordinates></Point>
        </Placemark>

        <Placemark>
          <name>1989</name>
          <styleUrl>#style_Unhealthy</styleUrl>
          <ExtendedData>
            <Data name="id"><value>1989</value></Data>
            <Data name="Class"><value>Unhealthy</value></Data>
          </ExtendedData>
          <Point><coordinates>102.488355600,2.951044032,0</coordinates></Point>
        </Placemark>

        <Placemark>
          <name>1994</name>
          <styleUrl>#style_Unhealthy</styleUrl>
          <ExtendedData>
            <Data name="id"><value>1994</value></Data>
            <Data name="Class"><value>Unhealthy</value></Data>
          </ExtendedData>
          <Point><coordinates>102.488492800,2.950890550,0</coordinates></Point>
        </Placemark>

        <Placemark>
          <name>1997</name>
          <styleUrl>#style_Unhealthy</styleUrl>
          <ExtendedData>
            <Data name="id"><value>1997</value></Data>
            <Data name="Class"><value>Unhealthy</value></Data>
          </ExtendedData>
          <Point><coordinates>102.488559000,2.950848691,0</coordinates></Point>
        </Placemark>

        <Placemark>
          <name>2000</name>
          <styleUrl>#style_Unhealthy</styleUrl>
          <ExtendedData>
            <Data name="id"><value>2000</value></Data>
            <Data name="Class"><value>Unhealthy</value></Data>
          </ExtendedData>
          <Point><coordinates>102.488355600,2.950734743,0</coordinates></Point>
        </Placemark>

        <Placemark>
          <name>2002</name>
          <styleUrl>#style_Unhealthy</styleUrl>
          <ExtendedData>
            <Data name="id"><value>2002</value></Data>
            <Data name="Class"><value>Unhealthy</value></Data>
          </ExtendedData>
          <Point><coordinates>102.488224200,2.950734743,0</coordinates></Point>
        </Placemark>

        <Placemark>
          <name>2004</name>
          <styleUrl>#style_Unhealthy</styleUrl>
          <ExtendedData>
            <Data name="id"><value>2004</value></Data>
            <Data name="Class"><value>Unhealthy</value></Data>
          </ExtendedData>
          <Point><coordinates>102.488219500,2.950654513,0</coordinates></Point>
        </Placemark>

        <Placemark>
          <name>2015</name>
          <styleUrl>#style_Unhealthy</styleUrl>
          <ExtendedData>
            <Data name="id"><value>2015</value></Data>
            <Data name="Class"><value>Unhealthy</value></Data>
          </ExtendedData>
          <Point><coordinates>102.488425300,2.950391734,0</coordinates></Point>
        </Placemark>

        <Placemark>
          <name>2016</name>
          <styleUrl>#style_Unhealthy</styleUrl>
          <ExtendedData>
            <Data name="id"><value>2016</value></Data>
            <Data name="Class"><value>Unhealthy</value></Data>
          </ExtendedData>
          <Point><coordinates>102.488493900,2.950346387,0</coordinates></Point>
        </Placemark>

        <Placemark>
          <name>2025</name>
          <styleUrl>#style_Unhealthy</styleUrl>
          <ExtendedData>
            <Data name="id"><value>2025</value></Data>
            <Data name="Class"><value>Unhealthy</value></Data>
          </ExtendedData>
          <Point><coordinates>102.488485800,2.950732417,0</coordinates></Point>
        </Placemark>

        <Placemark>
          <name>2034</name>
          <styleUrl>#style_Unhealthy</styleUrl>
          <ExtendedData>
            <Data name="id"><value>2034</value></Data>
            <Data name="Class"><value>Unhealthy</value></Data>
          </ExtendedData>
          <Point><coordinates>102.488419500,2.950618468,0</coordinates></Point>
        </Placemark>

        <Placemark>
          <name>2035</name>
          <styleUrl>#style_Unhealthy</styleUrl>
          <ExtendedData>
            <Data name="id"><value>2035</value></Data>
            <Data name="Class"><value>Unhealthy</value></Data>
          </ExtendedData>
          <Point><coordinates>102.488283500,2.950698698,0</coordinates></Point>
        </Placemark>

        <Placemark>
          <name>2036</name>
          <styleUrl>#style_Unhealthy</styleUrl>
          <ExtendedData>
            <Data name="id"><value>2036</value></Data>
            <Data name="Class"><value>Unhealthy</value></Data>
          </ExtendedData>
          <Point><coordinates>102.488492800,2.950654513,0</coordinates></Point>
        </Placemark>

        <Placemark>
          <name>2037</name>
          <styleUrl>#style_Unhealthy</styleUrl>
          <ExtendedData>
            <Data name="id"><value>2037</value></Data>
            <Data name="Class"><value>Unhealthy</value></Data>
          </ExtendedData>
          <Point><coordinates>102.488553200,2.950614980,0</coordinates></Point>
        </Placemark>

        <Placemark>
          <name>2039</name>
          <styleUrl>#style_Unhealthy</styleUrl>
          <ExtendedData>
            <Data name="id"><value>2039</value></Data>
            <Data name="Class"><value>Unhealthy</value></Data>
          </ExtendedData>
          <Point><coordinates>102.488489300,2.950577772,0</coordinates></Point>
        </Placemark>

        <Placemark>
          <name>2050</name>
          <styleUrl>#style_Unhealthy</styleUrl>
          <ExtendedData>
            <Data name="id"><value>2050</value></Data>
            <Data name="Class"><value>Unhealthy</value></Data>
          </ExtendedData>
          <Point><coordinates>102.489821800,2.951431807,0</coordinates></Point>
        </Placemark>

        <Placemark>
          <name>2056</name>
          <styleUrl>#style_Unhealthy</styleUrl>
          <ExtendedData>
            <Data name="id"><value>2056</value></Data>
            <Data name="Class"><value>Unhealthy</value></Data>
          </ExtendedData>
          <Point><coordinates>102.489750800,2.951149842,0</coordinates></Point>
        </Placemark>
    </Folder>
    <Folder>
      <name>Healthy (1513)</name>
      <open>0</open>
        <Placemark>
          <name>2</name>
          <styleUrl>#style_Healthy</styleUrl>
          <ExtendedData>
            <Data name="id"><value>2</value></Data>
            <Data name="Class"><value>Healthy</value></Data>
          </ExtendedData>
          <Point><coordinates>102.487110400,2.953791011,0</coordinates></Point>
        </Placemark>

        <Placemark>
          <name>3</name>
          <styleUrl>#style_Healthy</styleUrl>
          <ExtendedData>
            <Data name="id"><value>3</value></Data>
            <Data name="Class"><value>Healthy</value></Data>
          </ExtendedData>
          <Point><coordinates>102.487111600,2.953708456,0</coordinates></Point>
        </Placemark>

        <Placemark>
          <name>5</name>
          <styleUrl>#style_Healthy</styleUrl>
          <ExtendedData>
            <Data name="id"><value>5</value></Data>
            <Data name="Class"><value>Healthy</value></Data>
          </ExtendedData>
          <Point><coordinates>102.487113900,2.953549160,0</coordinates></Point>
        </Placemark>

        <Placemark>
          <name>6</name>
          <styleUrl>#style_Healthy</styleUrl>
          <ExtendedData>
            <Data name="id"><value>6</value></Data>
            <Data name="Class"><value>Healthy</value></Data>
          </ExtendedData>
          <Point><coordinates>102.487113900,2.953475908,0</coordinates></Point>
        </Placemark>

        <Placemark>
          <name>8</name>
          <styleUrl>#style_Healthy</styleUrl>
          <ExtendedData>
            <Data name="id"><value>8</value></Data>
            <Data name="Class"><value>Healthy</value></Data>
          </ExtendedData>
          <Point><coordinates>102.487184800,2.953894495,0</coordinates></Point>
        </Placemark>

        <Placemark>
          <name>9</name>
          <styleUrl>#style_Healthy</styleUrl>
          <ExtendedData>
            <Data name="id"><value>9</value></Data>
            <Data name="Class"><value>Healthy</value></Data>
          </ExtendedData>
          <Point><coordinates>102.487247600,2.953929377,0</coordinates></Point>
        </Placemark>

        <Placemark>
          <name>11</name>
          <styleUrl>#style_Healthy</styleUrl>
          <ExtendedData>
            <Data name="id"><value>11</value></Data>
            <Data name="Class"><value>Healthy</value></Data>
          </ExtendedData>
          <Point><coordinates>102.487248800,2.954021234,0</coordinates></Point>
        </Placemark>

        <Placemark>
          <name>12</name>
          <styleUrl>#style_Healthy</styleUrl>
          <ExtendedData>
            <Data name="id"><value>12</value></Data>
            <Data name="Class"><value>Healthy</value></Data>
          </ExtendedData>
          <Point><coordinates>102.487315000,2.954051465,0</coordinates></Point>
        </Placemark>

        <Placemark>
          <name>13</name>
          <styleUrl>#style_Healthy</styleUrl>
          <ExtendedData>
            <Data name="id"><value>13</value></Data>
            <Data name="Class"><value>Healthy</value></Data>
          </ExtendedData>
          <Point><coordinates>102.487376700,2.954088673,0</coordinates></Point>
        </Placemark>

        <Placemark>
          <name>15</name>
          <styleUrl>#style_Healthy</styleUrl>
          <ExtendedData>
            <Data name="id"><value>15</value></Data>
            <Data name="Class"><value>Healthy</value></Data>
          </ExtendedData>
          <Point><coordinates>102.487516200,2.954161926,0</coordinates></Point>
        </Placemark>

        <Placemark>
          <name>17</name>
          <styleUrl>#style_Healthy</styleUrl>
          <ExtendedData>
            <Data name="id"><value>17</value></Data>
            <Data name="Class"><value>Healthy</value></Data>
          </ExtendedData>
          <Point><coordinates>102.487510400,2.954086347,0</coordinates></Point>
        </Placemark>

        <Placemark>
          <name>18</name>
          <styleUrl>#style_Healthy</styleUrl>
          <ExtendedData>
            <Data name="id"><value>18</value></Data>
            <Data name="Class"><value>Healthy</value></Data>
          </ExtendedData>
          <Point><coordinates>102.487444100,2.954045651,0</coordinates></Point>
        </Placemark>

        <Placemark>
          <name>19</name>
          <styleUrl>#style_Healthy</styleUrl>
          <ExtendedData>
            <Data name="id"><value>19</value></Data>
            <Data name="Class"><value>Healthy</value></Data>
          </ExtendedData>
          <Point><coordinates>102.487446400,2.953973561,0</coordinates></Point>
        </Placemark>

        <Placemark>
          <name>20</name>
          <styleUrl>#style_Healthy</styleUrl>
          <ExtendedData>
            <Data name="id"><value>20</value></Data>
            <Data name="Class"><value>Healthy</value></Data>
          </ExtendedData>
          <Point><coordinates>102.487379000,2.953938679,0</coordinates></Point>
        </Placemark>

        <Placemark>
          <name>21</name>
          <styleUrl>#style_Healthy</styleUrl>
          <ExtendedData>
            <Data name="id"><value>21</value></Data>
            <Data name="Class"><value>Healthy</value></Data>
          </ExtendedData>
          <Point><coordinates>102.487313900,2.953897983,0</coordinates></Point>
        </Placemark>

        <Placemark>
          <name>22</name>
          <styleUrl>#style_Healthy</styleUrl>
          <ExtendedData>
            <Data name="id"><value>22</value></Data>
            <Data name="Class"><value>Healthy</value></Data>
          </ExtendedData>
          <Point><coordinates>102.487181300,2.953981701,0</coordinates></Point>
        </Placemark>

        <Placemark>
          <name>23</name>
          <styleUrl>#style_Healthy</styleUrl>
          <ExtendedData>
            <Data name="id"><value>23</value></Data>
            <Data name="Class"><value>Healthy</value></Data>
          </ExtendedData>
          <Point><coordinates>102.487184800,2.953822405,0</coordinates></Point>
        </Placemark>

        <Placemark>
          <name>24</name>
          <styleUrl>#style_Healthy</styleUrl>
          <ExtendedData>
            <Data name="id"><value>24</value></Data>
            <Data name="Class"><value>Healthy</value></Data>
          </ExtendedData>
          <Point><coordinates>102.487181300,2.953743338,0</coordinates></Point>
        </Placemark>

        <Placemark>
          <name>25</name>
          <styleUrl>#style_Healthy</styleUrl>
          <ExtendedData>
            <Data name="id"><value>25</value></Data>
            <Data name="Class"><value>Healthy</value></Data>
          </ExtendedData>
          <Point><coordinates>102.487184800,2.953663109,0</coordinates></Point>
        </Placemark>

        <Placemark>
          <name>26</name>
          <styleUrl>#style_Healthy</styleUrl>
          <ExtendedData>
            <Data name="id"><value>26</value></Data>
            <Data name="Class"><value>Healthy</value></Data>
          </ExtendedData>
          <Point><coordinates>102.487180200,2.953592182,0</coordinates></Point>
        </Placemark>

        <Placemark>
          <name>27</name>
          <styleUrl>#style_Healthy</styleUrl>
          <ExtendedData>
            <Data name="id"><value>27</value></Data>
            <Data name="Class"><value>Healthy</value></Data>
          </ExtendedData>
          <Point><coordinates>102.487181300,2.953514278,0</coordinates></Point>
        </Placemark>

        <Placemark>
          <name>28</name>
          <styleUrl>#style_Healthy</styleUrl>
          <ExtendedData>
            <Data name="id"><value>28</value></Data>
            <Data name="Class"><value>Healthy</value></Data>
          </ExtendedData>
          <Point><coordinates>102.487177800,2.953436374,0</coordinates></Point>
        </Placemark>

        <Placemark>
          <name>29</name>
          <styleUrl>#style_Healthy</styleUrl>
          <ExtendedData>
            <Data name="id"><value>29</value></Data>
            <Data name="Class"><value>Healthy</value></Data>
          </ExtendedData>
          <Point><coordinates>102.487244100,2.953475908,0</coordinates></Point>
        </Placemark>

        <Placemark>
          <name>30</name>
          <styleUrl>#style_Healthy</styleUrl>
          <ExtendedData>
            <Data name="id"><value>30</value></Data>
            <Data name="Class"><value>Healthy</value></Data>
          </ExtendedData>
          <Point><coordinates>102.487245300,2.953554974,0</coordinates></Point>
        </Placemark>

        <Placemark>
          <name>31</name>
          <styleUrl>#style_Healthy</styleUrl>
          <ExtendedData>
            <Data name="id"><value>31</value></Data>
            <Data name="Class"><value>Healthy</value></Data>
          </ExtendedData>
          <Point><coordinates>102.487245300,2.953630552,0</coordinates></Point>
        </Placemark>

        <Placemark>
          <name>32</name>
          <styleUrl>#style_Healthy</styleUrl>
          <ExtendedData>
            <Data name="id"><value>32</value></Data>
            <Data name="Class"><value>Healthy</value></Data>
          </ExtendedData>
          <Point><coordinates>102.487247600,2.953706131,0</coordinates></Point>
        </Placemark>

        <Placemark>
          <name>34</name>
          <styleUrl>#style_Healthy</styleUrl>
          <ExtendedData>
            <Data name="id"><value>34</value></Data>
            <Data name="Class"><value>Healthy</value></Data>
          </ExtendedData>
          <Point><coordinates>102.487313900,2.953825893,0</coordinates></Point>
        </Placemark>

        <Placemark>
          <name>35</name>
          <styleUrl>#style_Healthy</styleUrl>
          <ExtendedData>
            <Data name="id"><value>35</value></Data>
            <Data name="Class"><value>Healthy</value></Data>
          </ExtendedData>
          <Point><coordinates>102.487308100,2.953747989,0</coordinates></Point>
        </Placemark>

        <Placemark>
          <name>36</name>
          <styleUrl>#style_Healthy</styleUrl>
          <ExtendedData>
            <Data name="id"><value>36</value></Data>
            <Data name="Class"><value>Healthy</value></Data>
          </ExtendedData>
          <Point><coordinates>102.487309200,2.953672411,0</coordinates></Point>
        </Placemark>

        <Placemark>
          <name>37</name>
          <styleUrl>#style_Healthy</styleUrl>
          <ExtendedData>
            <Data name="id"><value>37</value></Data>
            <Data name="Class"><value>Healthy</value></Data>
          </ExtendedData>
          <Point><coordinates>102.487310400,2.953589856,0</coordinates></Point>
        </Placemark>

        <Placemark>
          <name>38</name>
          <styleUrl>#style_Healthy</styleUrl>
          <ExtendedData>
            <Data name="id"><value>38</value></Data>
            <Data name="Class"><value>Healthy</value></Data>
          </ExtendedData>
          <Point><coordinates>102.487309200,2.953510790,0</coordinates></Point>
        </Placemark>

        <Placemark>
          <name>39</name>
          <styleUrl>#style_Healthy</styleUrl>
          <ExtendedData>
            <Data name="id"><value>39</value></Data>
            <Data name="Class"><value>Healthy</value></Data>
          </ExtendedData>
          <Point><coordinates>102.487312700,2.953435212,0</coordinates></Point>
        </Placemark>

        <Placemark>
          <name>40</name>
          <styleUrl>#style_Healthy</styleUrl>
          <ExtendedData>
            <Data name="id"><value>40</value></Data>
            <Data name="Class"><value>Healthy</value></Data>
          </ExtendedData>
          <Point><coordinates>102.487243000,2.953400329,0</coordinates></Point>
        </Placemark>

        <Placemark>
          <name>41</name>
          <styleUrl>#style_Healthy</styleUrl>
          <ExtendedData>
            <Data name="id"><value>41</value></Data>
            <Data name="Class"><value>Healthy</value></Data>
          </ExtendedData>
          <Point><coordinates>102.487373200,2.953396841,0</coordinates></Point>
        </Placemark>

        <Placemark>
          <name>43</name>
          <styleUrl>#style_Healthy</styleUrl>
          <ExtendedData>
            <Data name="id"><value>43</value></Data>
            <Data name="Class"><value>Healthy</value></Data>
          </ExtendedData>
          <Point><coordinates>102.487376700,2.953551486,0</coordinates></Point>
        </Placemark>

        <Placemark>
          <name>44</name>
          <styleUrl>#style_Healthy</styleUrl>
          <ExtendedData>
            <Data name="id"><value>44</value></Data>
            <Data name="Class"><value>Healthy</value></Data>
          </ExtendedData>
          <Point><coordinates>102.487380200,2.953628227,0</coordinates></Point>
        </Placemark>

        <Placemark>
          <name>45</name>
          <styleUrl>#style_Healthy</styleUrl>
          <ExtendedData>
            <Data name="id"><value>45</value></Data>
            <Data name="Class"><value>Healthy</value></Data>
          </ExtendedData>
          <Point><coordinates>102.487373200,2.953707293,0</coordinates></Point>
        </Placemark>

        <Placemark>
          <name>46</name>
          <styleUrl>#style_Healthy</styleUrl>
          <ExtendedData>
            <Data name="id"><value>46</value></Data>
            <Data name="Class"><value>Healthy</value></Data>
          </ExtendedData>
          <Point><coordinates>102.487376700,2.953779383,0</coordinates></Point>
        </Placemark>

        <Placemark>
          <name>47</name>
          <styleUrl>#style_Healthy</styleUrl>
          <ExtendedData>
            <Data name="id"><value>47</value></Data>
            <Data name="Class"><value>Healthy</value></Data>
          </ExtendedData>
          <Point><coordinates>102.487374300,2.953856124,0</coordinates></Point>
        </Placemark>

        <Placemark>
          <name>48</name>
          <styleUrl>#style_Healthy</styleUrl>
          <ExtendedData>
            <Data name="id"><value>48</value></Data>
            <Data name="Class"><value>Healthy</value></Data>
          </ExtendedData>
          <Point><coordinates>102.487446400,2.953893332,0</coordinates></Point>
        </Placemark>

        <Placemark>
          <name>49</name>
          <styleUrl>#style_Healthy</styleUrl>
          <ExtendedData>
            <Data name="id"><value>49</value></Data>
            <Data name="Class"><value>Healthy</value></Data>
          </ExtendedData>
          <Point><coordinates>102.487445300,2.953821242,0</coordinates></Point>
        </Placemark>

        <Placemark>
          <name>50</name>
          <styleUrl>#style_Healthy</styleUrl>
          <ExtendedData>
            <Data name="id"><value>50</value></Data>
            <Data name="Class"><value>Healthy</value></Data>
          </ExtendedData>
          <Point><coordinates>102.487445300,2.953739850,0</coordinates></Point>
        </Placemark>

        <Placemark>
          <name>51</name>
          <styleUrl>#style_Healthy</styleUrl>
          <ExtendedData>
            <Data name="id"><value>51</value></Data>
            <Data name="Class"><value>Healthy</value></Data>
          </ExtendedData>
          <Point><coordinates>102.487446400,2.953589856,0</coordinates></Point>
        </Placemark>

        <Placemark>
          <name>53</name>
          <styleUrl>#style_Healthy</styleUrl>
          <ExtendedData>
            <Data name="id"><value>53</value></Data>
            <Data name="Class"><value>Healthy</value></Data>
          </ExtendedData>
          <Point><coordinates>102.487444100,2.953435212,0</coordinates></Point>
        </Placemark>

        <Placemark>
          <name>55</name>
          <styleUrl>#style_Healthy</styleUrl>
          <ExtendedData>
            <Data name="id"><value>55</value></Data>
            <Data name="Class"><value>Healthy</value></Data>
          </ExtendedData>
          <Point><coordinates>102.487513900,2.953549160,0</coordinates></Point>
        </Placemark>

        <Placemark>
          <name>57</name>
          <styleUrl>#style_Healthy</styleUrl>
          <ExtendedData>
            <Data name="id"><value>57</value></Data>
            <Data name="Class"><value>Healthy</value></Data>
          </ExtendedData>
          <Point><coordinates>102.487515000,2.954008444,0</coordinates></Point>
        </Placemark>

        <Placemark>
          <name>60</name>
          <styleUrl>#style_Healthy</styleUrl>
          <ExtendedData>
            <Data name="id"><value>60</value></Data>
            <Data name="Class"><value>Healthy</value></Data>
          </ExtendedData>
          <Point><coordinates>102.487646400,2.954165414,0</coordinates></Point>
        </Placemark>

        <Placemark>
          <name>62</name>
          <styleUrl>#style_Healthy</styleUrl>
          <ExtendedData>
            <Data name="id"><value>62</value></Data>
            <Data name="Class"><value>Healthy</value></Data>
          </ExtendedData>
          <Point><coordinates>102.487779000,2.954160763,0</coordinates></Point>
        </Placemark>

        <Placemark>
          <name>63</name>
          <styleUrl>#style_Healthy</styleUrl>
          <ExtendedData>
            <Data name="id"><value>63</value></Data>
            <Data name="Class"><value>Healthy</value></Data>
          </ExtendedData>
          <Point><coordinates>102.487912700,2.954159600,0</coordinates></Point>
        </Placemark>

        <Placemark>
          <name>64</name>
          <styleUrl>#style_Healthy</styleUrl>
          <ExtendedData>
            <Data name="id"><value>64</value></Data>
            <Data name="Class"><value>Healthy</value></Data>
          </ExtendedData>
          <Point><coordinates>102.487845300,2.954121230,0</coordinates></Point>
        </Placemark>

        <Placemark>
          <name>65</name>
          <styleUrl>#style_Healthy</styleUrl>
          <ExtendedData>
            <Data name="id"><value>65</value></Data>
            <Data name="Class"><value>Healthy</value></Data>
          </ExtendedData>
          <Point><coordinates>102.487779000,2.954088673,0</coordinates></Point>
        </Placemark>

        <Placemark>
          <name>70</name>
          <styleUrl>#style_Healthy</styleUrl>
          <ExtendedData>
            <Data name="id"><value>70</value></Data>
            <Data name="Class"><value>Healthy</value></Data>
          </ExtendedData>
          <Point><coordinates>102.487512700,2.953858450,0</coordinates></Point>
        </Placemark>

        <Placemark>
          <name>73</name>
          <styleUrl>#style_Healthy</styleUrl>
          <ExtendedData>
            <Data name="id"><value>73</value></Data>
            <Data name="Class"><value>Healthy</value></Data>
          </ExtendedData>
          <Point><coordinates>102.487577800,2.953744501,0</coordinates></Point>
        </Placemark>

        <Placemark>
          <name>75</name>
          <styleUrl>#style_Healthy</styleUrl>
          <ExtendedData>
            <Data name="id"><value>75</value></Data>
            <Data name="Class"><value>Healthy</value></Data>
          </ExtendedData>
          <Point><coordinates>102.487573200,2.953586368,0</coordinates></Point>
        </Placemark>

        <Placemark>
          <name>76</name>
          <styleUrl>#style_Healthy</styleUrl>
          <ExtendedData>
            <Data name="id"><value>76</value></Data>
            <Data name="Class"><value>Healthy</value></Data>
          </ExtendedData>
          <Point><coordinates>102.487576700,2.953513115,0</coordinates></Point>
        </Placemark>

        <Placemark>
          <name>78</name>
          <styleUrl>#style_Healthy</styleUrl>
          <ExtendedData>
            <Data name="id"><value>78</value></Data>
            <Data name="Class"><value>Healthy</value></Data>
          </ExtendedData>
          <Point><coordinates>102.487509200,2.953396841,0</coordinates></Point>
        </Placemark>

        <Placemark>
          <name>79</name>
          <styleUrl>#style_Healthy</styleUrl>
          <ExtendedData>
            <Data name="id"><value>79</value></Data>
            <Data name="Class"><value>Healthy</value></Data>
          </ExtendedData>
          <Point><coordinates>102.487583600,2.953892169,0</coordinates></Point>
        </Placemark>

        <Placemark>
          <name>80</name>
          <styleUrl>#style_Healthy</styleUrl>
          <ExtendedData>
            <Data name="id"><value>80</value></Data>
            <Data name="Class"><value>Healthy</value></Data>
          </ExtendedData>
          <Point><coordinates>102.487651100,2.953932865,0</coordinates></Point>
        </Placemark>

        <Placemark>
          <name>81</name>
          <styleUrl>#style_Healthy</styleUrl>
          <ExtendedData>
            <Data name="id"><value>81</value></Data>
            <Data name="Class"><value>Healthy</value></Data>
          </ExtendedData>
          <Point><coordinates>102.487647600,2.953854962,0</coordinates></Point>
        </Placemark>

        <Placemark>
          <name>82</name>
          <styleUrl>#style_Healthy</styleUrl>
          <ExtendedData>
            <Data name="id"><value>82</value></Data>
            <Data name="Class"><value>Healthy</value></Data>
          </ExtendedData>
          <Point><coordinates>102.487641800,2.953779383,0</coordinates></Point>
        </Placemark>

        <Placemark>
          <name>83</name>
          <styleUrl>#style_Healthy</styleUrl>
          <ExtendedData>
            <Data name="id"><value>83</value></Data>
            <Data name="Class"><value>Healthy</value></Data>
          </ExtendedData>
          <Point><coordinates>102.487645300,2.953702642,0</coordinates></Point>
        </Placemark>

        <Placemark>
          <name>84</name>
          <styleUrl>#style_Healthy</styleUrl>
          <ExtendedData>
            <Data name="id"><value>84</value></Data>
            <Data name="Class"><value>Healthy</value></Data>
          </ExtendedData>
          <Point><coordinates>102.487648800,2.953624739,0</coordinates></Point>
        </Placemark>

        <Placemark>
          <name>85</name>
          <styleUrl>#style_Healthy</styleUrl>
          <ExtendedData>
            <Data name="id"><value>85</value></Data>
            <Data name="Class"><value>Healthy</value></Data>
          </ExtendedData>
          <Point><coordinates>102.487646400,2.953543347,0</coordinates></Point>
        </Placemark>

        <Placemark>
          <name>86</name>
          <styleUrl>#style_Healthy</styleUrl>
          <ExtendedData>
            <Data name="id"><value>86</value></Data>
            <Data name="Class"><value>Healthy</value></Data>
          </ExtendedData>
          <Point><coordinates>102.487642900,2.953467768,0</coordinates></Point>
        </Placemark>

        <Placemark>
          <name>87</name>
          <styleUrl>#style_Healthy</styleUrl>
          <ExtendedData>
            <Data name="id"><value>87</value></Data>
            <Data name="Class"><value>Healthy</value></Data>
          </ExtendedData>
          <Point><coordinates>102.487641800,2.953395678,0</coordinates></Point>
        </Placemark>

        <Placemark>
          <name>88</name>
          <styleUrl>#style_Healthy</styleUrl>
          <ExtendedData>
            <Data name="id"><value>88</value></Data>
            <Data name="Class"><value>Healthy</value></Data>
          </ExtendedData>
          <Point><coordinates>102.487708100,2.953430561,0</coordinates></Point>
        </Placemark>

        <Placemark>
          <name>89</name>
          <styleUrl>#style_Healthy</styleUrl>
          <ExtendedData>
            <Data name="id"><value>89</value></Data>
            <Data name="Class"><value>Healthy</value></Data>
          </ExtendedData>
          <Point><coordinates>102.487705700,2.953509627,0</coordinates></Point>
        </Placemark>

        <Placemark>
          <name>90</name>
          <styleUrl>#style_Healthy</styleUrl>
          <ExtendedData>
            <Data name="id"><value>90</value></Data>
            <Data name="Class"><value>Healthy</value></Data>
          </ExtendedData>
          <Point><coordinates>102.487715000,2.953594507,0</coordinates></Point>
        </Placemark>

        <Placemark>
          <name>91</name>
          <styleUrl>#style_Healthy</styleUrl>
          <ExtendedData>
            <Data name="id"><value>91</value></Data>
            <Data name="Class"><value>Healthy</value></Data>
          </ExtendedData>
          <Point><coordinates>102.487706900,2.953665435,0</coordinates></Point>
        </Placemark>

        <Placemark>
          <name>92</name>
          <styleUrl>#style_Healthy</styleUrl>
          <ExtendedData>
            <Data name="id"><value>92</value></Data>
            <Data name="Class"><value>Healthy</value></Data>
          </ExtendedData>
          <Point><coordinates>102.487706900,2.953745664,0</coordinates></Point>
        </Placemark>

        <Placemark>
          <name>96</name>
          <styleUrl>#style_Healthy</styleUrl>
          <ExtendedData>
            <Data name="id"><value>96</value></Data>
            <Data name="Class"><value>Healthy</value></Data>
          </ExtendedData>
          <Point><coordinates>102.487776700,2.954008444,0</coordinates></Point>
        </Placemark>

        <Placemark>
          <name>98</name>
          <styleUrl>#style_Healthy</styleUrl>
          <ExtendedData>
            <Data name="id"><value>98</value></Data>
            <Data name="Class"><value>Healthy</value></Data>
          </ExtendedData>
          <Point><coordinates>102.487777800,2.953872403,0</coordinates></Point>
        </Placemark>

        <Placemark>
          <name>99</name>
          <styleUrl>#style_Healthy</styleUrl>
          <ExtendedData>
            <Data name="id"><value>99</value></Data>
            <Data name="Class"><value>Healthy</value></Data>
          </ExtendedData>
          <Point><coordinates>102.487776700,2.953781709,0</coordinates></Point>
        </Placemark>

        <Placemark>
          <name>100</name>
          <styleUrl>#style_Healthy</styleUrl>
          <ExtendedData>
            <Data name="id"><value>100</value></Data>
            <Data name="Class"><value>Healthy</value></Data>
          </ExtendedData>
          <Point><coordinates>102.487780100,2.953699154,0</coordinates></Point>
        </Placemark>

        <Placemark>
          <name>101</name>
          <styleUrl>#style_Healthy</styleUrl>
          <ExtendedData>
            <Data name="id"><value>101</value></Data>
            <Data name="Class"><value>Healthy</value></Data>
          </ExtendedData>
          <Point><coordinates>102.487774300,2.953632878,0</coordinates></Point>
        </Placemark>

        <Placemark>
          <name>102</name>
          <styleUrl>#style_Healthy</styleUrl>
          <ExtendedData>
            <Data name="id"><value>102</value></Data>
            <Data name="Class"><value>Healthy</value></Data>
          </ExtendedData>
          <Point><coordinates>102.487775500,2.953546835,0</coordinates></Point>
        </Placemark>

        <Placemark>
          <name>103</name>
          <styleUrl>#style_Healthy</styleUrl>
          <ExtendedData>
            <Data name="id"><value>103</value></Data>
            <Data name="Class"><value>Healthy</value></Data>
          </ExtendedData>
          <Point><coordinates>102.487780100,2.953471257,0</coordinates></Point>
        </Placemark>

        <Placemark>
          <name>104</name>
          <styleUrl>#style_Healthy</styleUrl>
          <ExtendedData>
            <Data name="id"><value>104</value></Data>
            <Data name="Class"><value>Healthy</value></Data>
          </ExtendedData>
          <Point><coordinates>102.487777800,2.953392190,0</coordinates></Point>
        </Placemark>

        <Placemark>
          <name>105</name>
          <styleUrl>#style_Healthy</styleUrl>
          <ExtendedData>
            <Data name="id"><value>105</value></Data>
            <Data name="Class"><value>Healthy</value></Data>
          </ExtendedData>
          <Point><coordinates>102.487837100,2.953437537,0</coordinates></Point>
        </Placemark>

        <Placemark>
          <name>106</name>
          <styleUrl>#style_Healthy</styleUrl>
          <ExtendedData>
            <Data name="id"><value>106</value></Data>
            <Data name="Class"><value>Healthy</value></Data>
          </ExtendedData>
          <Point><coordinates>102.487837100,2.953511953,0</coordinates></Point>
        </Placemark>

        <Placemark>
          <name>108</name>
          <styleUrl>#style_Healthy</styleUrl>
          <ExtendedData>
            <Data name="id"><value>108</value></Data>
            <Data name="Class"><value>Healthy</value></Data>
          </ExtendedData>
          <Point><coordinates>102.487839400,2.953667760,0</coordinates></Point>
        </Placemark>

        <Placemark>
          <name>109</name>
          <styleUrl>#style_Healthy</styleUrl>
          <ExtendedData>
            <Data name="id"><value>109</value></Data>
            <Data name="Class"><value>Healthy</value></Data>
          </ExtendedData>
          <Point><coordinates>102.487840600,2.953737525,0</coordinates></Point>
        </Placemark>

        <Placemark>
          <name>110</name>
          <styleUrl>#style_Healthy</styleUrl>
          <ExtendedData>
            <Data name="id"><value>110</value></Data>
            <Data name="Class"><value>Healthy</value></Data>
          </ExtendedData>
          <Point><coordinates>102.487847600,2.953814266,0</coordinates></Point>
        </Placemark>

        <Placemark>
          <name>111</name>
          <styleUrl>#style_Healthy</styleUrl>
          <ExtendedData>
            <Data name="id"><value>111</value></Data>
            <Data name="Class"><value>Healthy</value></Data>
          </ExtendedData>
          <Point><coordinates>102.487837100,2.953893332,0</coordinates></Point>
        </Placemark>

        <Placemark>
          <name>113</name>
          <styleUrl>#style_Healthy</styleUrl>
          <ExtendedData>
            <Data name="id"><value>113</value></Data>
            <Data name="Class"><value>Healthy</value></Data>
          </ExtendedData>
          <Point><coordinates>102.487844100,2.954041000,0</coordinates></Point>
        </Placemark>

        <Placemark>
          <name>114</name>
          <styleUrl>#style_Healthy</styleUrl>
          <ExtendedData>
            <Data name="id"><value>114</value></Data>
            <Data name="Class"><value>Healthy</value></Data>
          </ExtendedData>
          <Point><coordinates>102.487909200,2.954086347,0</coordinates></Point>
        </Placemark>

        <Placemark>
          <name>115</name>
          <styleUrl>#style_Healthy</styleUrl>
          <ExtendedData>
            <Data name="id"><value>115</value></Data>
            <Data name="Class"><value>Healthy</value></Data>
          </ExtendedData>
          <Point><coordinates>102.487975500,2.954117741,0</coordinates></Point>
        </Placemark>

        <Placemark>
          <name>116</name>
          <styleUrl>#style_Healthy</styleUrl>
          <ExtendedData>
            <Data name="id"><value>116</value></Data>
            <Data name="Class"><value>Healthy</value></Data>
          </ExtendedData>
          <Point><coordinates>102.488044100,2.954163088,0</coordinates></Point>
        </Placemark>

        <Placemark>
          <name>118</name>
          <styleUrl>#style_Healthy</styleUrl>
          <ExtendedData>
            <Data name="id"><value>118</value></Data>
            <Data name="Class"><value>Healthy</value></Data>
          </ExtendedData>
          <Point><coordinates>102.488173200,2.954159600,0</coordinates></Point>
        </Placemark>

        <Placemark>
          <name>122</name>
          <styleUrl>#style_Healthy</styleUrl>
          <ExtendedData>
            <Data name="id"><value>122</value></Data>
            <Data name="Class"><value>Healthy</value></Data>
          </ExtendedData>
          <Point><coordinates>102.488180100,2.954088673,0</coordinates></Point>
        </Placemark>

        <Placemark>
          <name>125</name>
          <styleUrl>#style_Healthy</styleUrl>
          <ExtendedData>
            <Data name="id"><value>125</value></Data>
            <Data name="Class"><value>Healthy</value></Data>
          </ExtendedData>
          <Point><coordinates>102.487981300,2.954050302,0</coordinates></Point>
        </Placemark>

        <Placemark>
          <name>126</name>
          <styleUrl>#style_Healthy</styleUrl>
          <ExtendedData>
            <Data name="id"><value>126</value></Data>
            <Data name="Class"><value>Healthy</value></Data>
          </ExtendedData>
          <Point><coordinates>102.487912700,2.954003793,0</coordinates></Point>
        </Placemark>

        <Placemark>
          <name>128</name>
          <styleUrl>#style_Healthy</styleUrl>
          <ExtendedData>
            <Data name="id"><value>128</value></Data>
            <Data name="Class"><value>Healthy</value></Data>
          </ExtendedData>
          <Point><coordinates>102.487912700,2.953854962,0</coordinates></Point>
        </Placemark>

        <Placemark>
          <name>129</name>
          <styleUrl>#style_Healthy</styleUrl>
          <ExtendedData>
            <Data name="id"><value>129</value></Data>
            <Data name="Class"><value>Healthy</value></Data>
          </ExtendedData>
          <Point><coordinates>102.487904600,2.953778221,0</coordinates></Point>
        </Placemark>

        <Placemark>
          <name>130</name>
          <styleUrl>#style_Healthy</styleUrl>
          <ExtendedData>
            <Data name="id"><value>130</value></Data>
            <Data name="Class"><value>Healthy</value></Data>
          </ExtendedData>
          <Point><coordinates>102.487909200,2.953704968,0</coordinates></Point>
        </Placemark>

        <Placemark>
          <name>131</name>
          <styleUrl>#style_Healthy</styleUrl>
          <ExtendedData>
            <Data name="id"><value>131</value></Data>
            <Data name="Class"><value>Healthy</value></Data>
          </ExtendedData>
          <Point><coordinates>102.487911500,2.953545672,0</coordinates></Point>
        </Placemark>

        <Placemark>
          <name>133</name>
          <styleUrl>#style_Healthy</styleUrl>
          <ExtendedData>
            <Data name="id"><value>133</value></Data>
            <Data name="Class"><value>Healthy</value></Data>
          </ExtendedData>
          <Point><coordinates>102.487915000,2.953389865,0</coordinates></Point>
        </Placemark>

        <Placemark>
          <name>134</name>
          <styleUrl>#style_Healthy</styleUrl>
          <ExtendedData>
            <Data name="id"><value>134</value></Data>
            <Data name="Class"><value>Healthy</value></Data>
          </ExtendedData>
          <Point><coordinates>102.487973200,2.953435212,0</coordinates></Point>
        </Placemark>

        <Placemark>
          <name>135</name>
          <styleUrl>#style_Healthy</styleUrl>
          <ExtendedData>
            <Data name="id"><value>135</value></Data>
            <Data name="Class"><value>Healthy</value></Data>
          </ExtendedData>
          <Point><coordinates>102.487972000,2.953503813,0</coordinates></Point>
        </Placemark>

        <Placemark>
          <name>136</name>
          <styleUrl>#style_Healthy</styleUrl>
          <ExtendedData>
            <Data name="id"><value>136</value></Data>
            <Data name="Class"><value>Healthy</value></Data>
          </ExtendedData>
          <Point><coordinates>102.487974300,2.953587531,0</coordinates></Point>
        </Placemark>

        <Placemark>
          <name>138</name>
          <styleUrl>#style_Healthy</styleUrl>
          <ExtendedData>
            <Data name="id"><value>138</value></Data>
            <Data name="Class"><value>Healthy</value></Data>
          </ExtendedData>
          <Point><coordinates>102.487972000,2.953741013,0</coordinates></Point>
        </Placemark>

        <Placemark>
          <name>139</name>
          <styleUrl>#style_Healthy</styleUrl>
          <ExtendedData>
            <Data name="id"><value>139</value></Data>
            <Data name="Class"><value>Healthy</value></Data>
          </ExtendedData>
          <Point><coordinates>102.487977800,2.953813103,0</coordinates></Point>
        </Placemark>

        <Placemark>
          <name>142</name>
          <styleUrl>#style_Healthy</styleUrl>
          <ExtendedData>
            <Data name="id"><value>142</value></Data>
            <Data name="Class"><value>Healthy</value></Data>
          </ExtendedData>
          <Point><coordinates>102.488039400,2.953928214,0</coordinates></Point>
        </Placemark>

        <Placemark>
          <name>147</name>
          <styleUrl>#style_Healthy</styleUrl>
          <ExtendedData>
            <Data name="id"><value>147</value></Data>
            <Data name="Class"><value>Healthy</value></Data>
          </ExtendedData>
          <Point><coordinates>102.488108000,2.953815428,0</coordinates></Point>
        </Placemark>

        <Placemark>
          <name>149</name>
          <styleUrl>#style_Healthy</styleUrl>
          <ExtendedData>
            <Data name="id"><value>149</value></Data>
            <Data name="Class"><value>Healthy</value></Data>
          </ExtendedData>
          <Point><coordinates>102.488111500,2.953889844,0</coordinates></Point>
        </Placemark>

        <Placemark>
          <name>150</name>
          <styleUrl>#style_Healthy</styleUrl>
          <ExtendedData>
            <Data name="id"><value>150</value></Data>
            <Data name="Class"><value>Healthy</value></Data>
          </ExtendedData>
          <Point><coordinates>102.488110400,2.953970073,0</coordinates></Point>
        </Placemark>

        <Placemark>
          <name>151</name>
          <styleUrl>#style_Healthy</styleUrl>
          <ExtendedData>
            <Data name="id"><value>151</value></Data>
            <Data name="Class"><value>Healthy</value></Data>
          </ExtendedData>
          <Point><coordinates>102.488179000,2.954002630,0</coordinates></Point>
        </Placemark>

        <Placemark>
          <name>152</name>
          <styleUrl>#style_Healthy</styleUrl>
          <ExtendedData>
            <Data name="id"><value>152</value></Data>
            <Data name="Class"><value>Healthy</value></Data>
          </ExtendedData>
          <Point><coordinates>102.488174300,2.953930540,0</coordinates></Point>
        </Placemark>

        <Placemark>
          <name>158</name>
          <styleUrl>#style_Healthy</styleUrl>
          <ExtendedData>
            <Data name="id"><value>158</value></Data>
            <Data name="Class"><value>Healthy</value></Data>
          </ExtendedData>
          <Point><coordinates>102.488241800,2.953816591,0</coordinates></Point>
        </Placemark>

        <Placemark>
          <name>163</name>
          <styleUrl>#style_Healthy</styleUrl>
          <ExtendedData>
            <Data name="id"><value>163</value></Data>
            <Data name="Class"><value>Healthy</value></Data>
          </ExtendedData>
          <Point><coordinates>102.488309200,2.953624739,0</coordinates></Point>
        </Placemark>

        <Placemark>
          <name>164</name>
          <styleUrl>#style_Healthy</styleUrl>
          <ExtendedData>
            <Data name="id"><value>164</value></Data>
            <Data name="Class"><value>Healthy</value></Data>
          </ExtendedData>
          <Point><coordinates>102.488246400,2.953667760,0</coordinates></Point>
        </Placemark>

        <Placemark>
          <name>165</name>
          <styleUrl>#style_Healthy</styleUrl>
          <ExtendedData>
            <Data name="id"><value>165</value></Data>
            <Data name="Class"><value>Healthy</value></Data>
          </ExtendedData>
          <Point><coordinates>102.488177800,2.953701480,0</coordinates></Point>
        </Placemark>

        <Placemark>
          <name>166</name>
          <styleUrl>#style_Healthy</styleUrl>
          <ExtendedData>
            <Data name="id"><value>166</value></Data>
            <Data name="Class"><value>Healthy</value></Data>
          </ExtendedData>
          <Point><coordinates>102.488115000,2.953659621,0</coordinates></Point>
        </Placemark>

        <Placemark>
          <name>167</name>
          <styleUrl>#style_Healthy</styleUrl>
          <ExtendedData>
            <Data name="id"><value>167</value></Data>
            <Data name="Class"><value>Healthy</value></Data>
          </ExtendedData>
          <Point><coordinates>102.488179000,2.953623576,0</coordinates></Point>
        </Placemark>

        <Placemark>
          <name>168</name>
          <styleUrl>#style_Healthy</styleUrl>
          <ExtendedData>
            <Data name="id"><value>168</value></Data>
            <Data name="Class"><value>Healthy</value></Data>
          </ExtendedData>
          <Point><coordinates>102.488241800,2.953582880,0</coordinates></Point>
        </Placemark>

        <Placemark>
          <name>169</name>
          <styleUrl>#style_Healthy</styleUrl>
          <ExtendedData>
            <Data name="id"><value>169</value></Data>
            <Data name="Class"><value>Healthy</value></Data>
          </ExtendedData>
          <Point><coordinates>102.488310400,2.953549160,0</coordinates></Point>
        </Placemark>

        <Placemark>
          <name>170</name>
          <styleUrl>#style_Healthy</styleUrl>
          <ExtendedData>
            <Data name="id"><value>170</value></Data>
            <Data name="Class"><value>Healthy</value></Data>
          </ExtendedData>
          <Point><coordinates>102.488309200,2.953466606,0</coordinates></Point>
        </Placemark>

        <Placemark>
          <name>171</name>
          <styleUrl>#style_Healthy</styleUrl>
          <ExtendedData>
            <Data name="id"><value>171</value></Data>
            <Data name="Class"><value>Healthy</value></Data>
          </ExtendedData>
          <Point><coordinates>102.488240600,2.953506139,0</coordinates></Point>
        </Placemark>

        <Placemark>
          <name>172</name>
          <styleUrl>#style_Healthy</styleUrl>
          <ExtendedData>
            <Data name="id"><value>172</value></Data>
            <Data name="Class"><value>Healthy</value></Data>
          </ExtendedData>
          <Point><coordinates>102.488177800,2.953544509,0</coordinates></Point>
        </Placemark>

        <Placemark>
          <name>173</name>
          <styleUrl>#style_Healthy</styleUrl>
          <ExtendedData>
            <Data name="id"><value>173</value></Data>
            <Data name="Class"><value>Healthy</value></Data>
          </ExtendedData>
          <Point><coordinates>102.488111500,2.953586368,0</coordinates></Point>
        </Placemark>

        <Placemark>
          <name>174</name>
          <styleUrl>#style_Healthy</styleUrl>
          <ExtendedData>
            <Data name="id"><value>174</value></Data>
            <Data name="Class"><value>Healthy</value></Data>
          </ExtendedData>
          <Point><coordinates>102.488044100,2.953549160,0</coordinates></Point>
        </Placemark>

        <Placemark>
          <name>175</name>
          <styleUrl>#style_Healthy</styleUrl>
          <ExtendedData>
            <Data name="id"><value>175</value></Data>
            <Data name="Class"><value>Healthy</value></Data>
          </ExtendedData>
          <Point><coordinates>102.488041800,2.953472419,0</coordinates></Point>
        </Placemark>

        <Placemark>
          <name>176</name>
          <styleUrl>#style_Healthy</styleUrl>
          <ExtendedData>
            <Data name="id"><value>176</value></Data>
            <Data name="Class"><value>Healthy</value></Data>
          </ExtendedData>
          <Point><coordinates>102.488105700,2.953511953,0</coordinates></Point>
        </Placemark>

        <Placemark>
          <name>177</name>
          <styleUrl>#style_Healthy</styleUrl>
          <ExtendedData>
            <Data name="id"><value>177</value></Data>
            <Data name="Class"><value>Healthy</value></Data>
          </ExtendedData>
          <Point><coordinates>102.488176600,2.953472419,0</coordinates></Point>
        </Placemark>

        <Placemark>
          <name>178</name>
          <styleUrl>#style_Healthy</styleUrl>
          <ExtendedData>
            <Data name="id"><value>178</value></Data>
            <Data name="Class"><value>Healthy</value></Data>
          </ExtendedData>
          <Point><coordinates>102.488238300,2.953428235,0</coordinates></Point>
        </Placemark>

        <Placemark>
          <name>181</name>
          <styleUrl>#style_Healthy</styleUrl>
          <ExtendedData>
            <Data name="id"><value>181</value></Data>
            <Data name="Class"><value>Healthy</value></Data>
          </ExtendedData>
          <Point><coordinates>102.488109200,2.953432886,0</coordinates></Point>
        </Placemark>

        <Placemark>
          <name>182</name>
          <styleUrl>#style_Healthy</styleUrl>
          <ExtendedData>
            <Data name="id"><value>182</value></Data>
            <Data name="Class"><value>Healthy</value></Data>
          </ExtendedData>
          <Point><coordinates>102.488045200,2.953392190,0</coordinates></Point>
        </Placemark>

        <Placemark>
          <name>183</name>
          <styleUrl>#style_Healthy</styleUrl>
          <ExtendedData>
            <Data name="id"><value>183</value></Data>
            <Data name="Class"><value>Healthy</value></Data>
          </ExtendedData>
          <Point><coordinates>102.488169700,2.953318937,0</coordinates></Point>
        </Placemark>

        <Placemark>
          <name>185</name>
          <styleUrl>#style_Healthy</styleUrl>
          <ExtendedData>
            <Data name="id"><value>185</value></Data>
            <Data name="Class"><value>Healthy</value></Data>
          </ExtendedData>
          <Point><coordinates>102.488237100,2.953280567,0</coordinates></Point>
        </Placemark>

        <Placemark>
          <name>188</name>
          <styleUrl>#style_Healthy</styleUrl>
          <ExtendedData>
            <Data name="id"><value>188</value></Data>
            <Data name="Class"><value>Healthy</value></Data>
          </ExtendedData>
          <Point><coordinates>102.488379000,2.953428235,0</coordinates></Point>
        </Placemark>

        <Placemark>
          <name>189</name>
          <styleUrl>#style_Healthy</styleUrl>
          <ExtendedData>
            <Data name="id"><value>189</value></Data>
            <Data name="Class"><value>Healthy</value></Data>
          </ExtendedData>
          <Point><coordinates>102.488372000,2.953503813,0</coordinates></Point>
        </Placemark>

        <Placemark>
          <name>190</name>
          <styleUrl>#style_Healthy</styleUrl>
          <ExtendedData>
            <Data name="id"><value>190</value></Data>
            <Data name="Class"><value>Healthy</value></Data>
          </ExtendedData>
          <Point><coordinates>102.488376600,2.953587531,0</coordinates></Point>
        </Placemark>

        <Placemark>
          <name>191</name>
          <styleUrl>#style_Healthy</styleUrl>
          <ExtendedData>
            <Data name="id"><value>191</value></Data>
            <Data name="Class"><value>Healthy</value></Data>
          </ExtendedData>
          <Point><coordinates>102.488374300,2.953665435,0</coordinates></Point>
        </Placemark>

        <Placemark>
          <name>192</name>
          <styleUrl>#style_Healthy</styleUrl>
          <ExtendedData>
            <Data name="id"><value>192</value></Data>
            <Data name="Class"><value>Healthy</value></Data>
          </ExtendedData>
          <Point><coordinates>102.488376600,2.953817754,0</coordinates></Point>
        </Placemark>

        <Placemark>
          <name>194</name>
          <styleUrl>#style_Healthy</styleUrl>
          <ExtendedData>
            <Data name="id"><value>194</value></Data>
            <Data name="Class"><value>Healthy</value></Data>
          </ExtendedData>
          <Point><coordinates>102.488377800,2.953963097,0</coordinates></Point>
        </Placemark>

        <Placemark>
          <name>195</name>
          <styleUrl>#style_Healthy</styleUrl>
          <ExtendedData>
            <Data name="id"><value>195</value></Data>
            <Data name="Class"><value>Healthy</value></Data>
          </ExtendedData>
          <Point><coordinates>102.488373100,2.954047977,0</coordinates></Point>
        </Placemark>

        <Placemark>
          <name>196</name>
          <styleUrl>#style_Healthy</styleUrl>
          <ExtendedData>
            <Data name="id"><value>196</value></Data>
            <Data name="Class"><value>Healthy</value></Data>
          </ExtendedData>
          <Point><coordinates>102.488375500,2.954121230,0</coordinates></Point>
        </Placemark>

        <Placemark>
          <name>197</name>
          <styleUrl>#style_Healthy</styleUrl>
          <ExtendedData>
            <Data name="id"><value>197</value></Data>
            <Data name="Class"><value>Healthy</value></Data>
          </ExtendedData>
          <Point><coordinates>102.488445200,2.954159600,0</coordinates></Point>
        </Placemark>

        <Placemark>
          <name>201</name>
          <styleUrl>#style_Healthy</styleUrl>
          <ExtendedData>
            <Data name="id"><value>201</value></Data>
            <Data name="Class"><value>Healthy</value></Data>
          </ExtendedData>
          <Point><coordinates>102.488441700,2.953930540,0</coordinates></Point>
        </Placemark>

        <Placemark>
          <name>202</name>
          <styleUrl>#style_Healthy</styleUrl>
          <ExtendedData>
            <Data name="id"><value>202</value></Data>
            <Data name="Class"><value>Healthy</value></Data>
          </ExtendedData>
          <Point><coordinates>102.488444100,2.953859613,0</coordinates></Point>
        </Placemark>

        <Placemark>
          <name>204</name>
          <styleUrl>#style_Healthy</styleUrl>
          <ExtendedData>
            <Data name="id"><value>204</value></Data>
            <Data name="Class"><value>Healthy</value></Data>
          </ExtendedData>
          <Point><coordinates>102.488440600,2.953703805,0</coordinates></Point>
        </Placemark>

        <Placemark>
          <name>205</name>
          <styleUrl>#style_Healthy</styleUrl>
          <ExtendedData>
            <Data name="id"><value>205</value></Data>
            <Data name="Class"><value>Healthy</value></Data>
          </ExtendedData>
          <Point><coordinates>102.488442900,2.953625901,0</coordinates></Point>
        </Placemark>

        <Placemark>
          <name>206</name>
          <styleUrl>#style_Healthy</styleUrl>
          <ExtendedData>
            <Data name="id"><value>206</value></Data>
            <Data name="Class"><value>Healthy</value></Data>
          </ExtendedData>
          <Point><coordinates>102.488444100,2.953542184,0</coordinates></Point>
        </Placemark>

        <Placemark>
          <name>207</name>
          <styleUrl>#style_Healthy</styleUrl>
          <ExtendedData>
            <Data name="id"><value>207</value></Data>
            <Data name="Class"><value>Healthy</value></Data>
          </ExtendedData>
          <Point><coordinates>102.488441700,2.953460792,0</coordinates></Point>
        </Placemark>

        <Placemark>
          <name>208</name>
          <styleUrl>#style_Healthy</styleUrl>
          <ExtendedData>
            <Data name="id"><value>208</value></Data>
            <Data name="Class"><value>Healthy</value></Data>
          </ExtendedData>
          <Point><coordinates>102.488440600,2.953388702,0</coordinates></Point>
        </Placemark>

        <Placemark>
          <name>209</name>
          <styleUrl>#style_Healthy</styleUrl>
          <ExtendedData>
            <Data name="id"><value>209</value></Data>
            <Data name="Class"><value>Healthy</value></Data>
          </ExtendedData>
          <Point><coordinates>102.488438300,2.953316612,0</coordinates></Point>
        </Placemark>

        <Placemark>
          <name>210</name>
          <styleUrl>#style_Healthy</styleUrl>
          <ExtendedData>
            <Data name="id"><value>210</value></Data>
            <Data name="Class"><value>Healthy</value></Data>
          </ExtendedData>
          <Point><coordinates>102.488373100,2.953279404,0</coordinates></Point>
        </Placemark>

        <Placemark>
          <name>211</name>
          <styleUrl>#style_Healthy</styleUrl>
          <ExtendedData>
            <Data name="id"><value>211</value></Data>
            <Data name="Class"><value>Healthy</value></Data>
          </ExtendedData>
          <Point><coordinates>102.488505700,2.953275916,0</coordinates></Point>
        </Placemark>

        <Placemark>
          <name>212</name>
          <styleUrl>#style_Healthy</styleUrl>
          <ExtendedData>
            <Data name="id"><value>212</value></Data>
            <Data name="Class"><value>Healthy</value></Data>
          </ExtendedData>
          <Point><coordinates>102.488574300,2.953311961,0</coordinates></Point>
        </Placemark>

        <Placemark>
          <name>213</name>
          <styleUrl>#style_Healthy</styleUrl>
          <ExtendedData>
            <Data name="id"><value>213</value></Data>
            <Data name="Class"><value>Healthy</value></Data>
          </ExtendedData>
          <Point><coordinates>102.488504500,2.953421259,0</coordinates></Point>
        </Placemark>

        <Placemark>
          <name>214</name>
          <styleUrl>#style_Healthy</styleUrl>
          <ExtendedData>
            <Data name="id"><value>214</value></Data>
            <Data name="Class"><value>Healthy</value></Data>
          </ExtendedData>
          <Point><coordinates>102.488573100,2.953461955,0</coordinates></Point>
        </Placemark>

        <Placemark>
          <name>215</name>
          <styleUrl>#style_Healthy</styleUrl>
          <ExtendedData>
            <Data name="id"><value>215</value></Data>
            <Data name="Class"><value>Healthy</value></Data>
          </ExtendedData>
          <Point><coordinates>102.488506900,2.953506139,0</coordinates></Point>
        </Placemark>

        <Placemark>
          <name>216</name>
          <styleUrl>#style_Healthy</styleUrl>
          <ExtendedData>
            <Data name="id"><value>216</value></Data>
            <Data name="Class"><value>Healthy</value></Data>
          </ExtendedData>
          <Point><coordinates>102.488509200,2.953586368,0</coordinates></Point>
        </Placemark>

        <Placemark>
          <name>217</name>
          <styleUrl>#style_Healthy</styleUrl>
          <ExtendedData>
            <Data name="id"><value>217</value></Data>
            <Data name="Class"><value>Healthy</value></Data>
          </ExtendedData>
          <Point><coordinates>102.488504500,2.953664272,0</coordinates></Point>
        </Placemark>

        <Placemark>
          <name>218</name>
          <styleUrl>#style_Healthy</styleUrl>
          <ExtendedData>
            <Data name="id"><value>218</value></Data>
            <Data name="Class"><value>Healthy</value></Data>
          </ExtendedData>
          <Point><coordinates>102.488506900,2.953738687,0</coordinates></Point>
        </Placemark>

        <Placemark>
          <name>219</name>
          <styleUrl>#style_Healthy</styleUrl>
          <ExtendedData>
            <Data name="id"><value>219</value></Data>
            <Data name="Class"><value>Healthy</value></Data>
          </ExtendedData>
          <Point><coordinates>102.488508000,2.953817754,0</coordinates></Point>
        </Placemark>

        <Placemark>
          <name>220</name>
          <styleUrl>#style_Healthy</styleUrl>
          <ExtendedData>
            <Data name="id"><value>220</value></Data>
            <Data name="Class"><value>Healthy</value></Data>
          </ExtendedData>
          <Point><coordinates>102.488509200,2.953965422,0</coordinates></Point>
        </Placemark>

        <Placemark>
          <name>221</name>
          <styleUrl>#style_Healthy</styleUrl>
          <ExtendedData>
            <Data name="id"><value>221</value></Data>
            <Data name="Class"><value>Healthy</value></Data>
          </ExtendedData>
          <Point><coordinates>102.488510300,2.954049140,0</coordinates></Point>
        </Placemark>

        <Placemark>
          <name>222</name>
          <styleUrl>#style_Healthy</styleUrl>
          <ExtendedData>
            <Data name="id"><value>222</value></Data>
            <Data name="Class"><value>Healthy</value></Data>
          </ExtendedData>
          <Point><coordinates>102.488573100,2.954159600,0</coordinates></Point>
        </Placemark>

        <Placemark>
          <name>223</name>
          <styleUrl>#style_Healthy</styleUrl>
          <ExtendedData>
            <Data name="id"><value>223</value></Data>
            <Data name="Class"><value>Healthy</value></Data>
          </ExtendedData>
          <Point><coordinates>102.488646400,2.954121230,0</coordinates></Point>
        </Placemark>

        <Placemark>
          <name>224</name>
          <styleUrl>#style_Healthy</styleUrl>
          <ExtendedData>
            <Data name="id"><value>224</value></Data>
            <Data name="Class"><value>Healthy</value></Data>
          </ExtendedData>
          <Point><coordinates>102.488573100,2.954085185,0</coordinates></Point>
        </Placemark>

        <Placemark>
          <name>225</name>
          <styleUrl>#style_Healthy</styleUrl>
          <ExtendedData>
            <Data name="id"><value>225</value></Data>
            <Data name="Class"><value>Healthy</value></Data>
          </ExtendedData>
          <Point><coordinates>102.488577800,2.954010769,0</coordinates></Point>
        </Placemark>

        <Placemark>
          <name>226</name>
          <styleUrl>#style_Healthy</styleUrl>
          <ExtendedData>
            <Data name="id"><value>226</value></Data>
            <Data name="Class"><value>Healthy</value></Data>
          </ExtendedData>
          <Point><coordinates>102.488570800,2.953928214,0</coordinates></Point>
        </Placemark>

        <Placemark>
          <name>227</name>
          <styleUrl>#style_Healthy</styleUrl>
          <ExtendedData>
            <Data name="id"><value>227</value></Data>
            <Data name="Class"><value>Healthy</value></Data>
          </ExtendedData>
          <Point><coordinates>102.488575500,2.953854962,0</coordinates></Point>
        </Placemark>

        <Placemark>
          <name>228</name>
          <styleUrl>#style_Healthy</styleUrl>
          <ExtendedData>
            <Data name="id"><value>228</value></Data>
            <Data name="Class"><value>Healthy</value></Data>
          </ExtendedData>
          <Point><coordinates>102.488577800,2.953775895,0</coordinates></Point>
        </Placemark>

        <Placemark>
          <name>229</name>
          <styleUrl>#style_Healthy</styleUrl>
          <ExtendedData>
            <Data name="id"><value>229</value></Data>
            <Data name="Class"><value>Healthy</value></Data>
          </ExtendedData>
          <Point><coordinates>102.488641700,2.953823568,0</coordinates></Point>
        </Placemark>

        <Placemark>
          <name>230</name>
          <styleUrl>#style_Healthy</styleUrl>
          <ExtendedData>
            <Data name="id"><value>230</value></Data>
            <Data name="Class"><value>Healthy</value></Data>
          </ExtendedData>
          <Point><coordinates>102.488645200,2.953889844,0</coordinates></Point>
        </Placemark>

        <Placemark>
          <name>231</name>
          <styleUrl>#style_Healthy</styleUrl>
          <ExtendedData>
            <Data name="id"><value>231</value></Data>
            <Data name="Class"><value>Healthy</value></Data>
          </ExtendedData>
          <Point><coordinates>102.488641700,2.953960771,0</coordinates></Point>
        </Placemark>

        <Placemark>
          <name>232</name>
          <styleUrl>#style_Healthy</styleUrl>
          <ExtendedData>
            <Data name="id"><value>232</value></Data>
            <Data name="Class"><value>Healthy</value></Data>
          </ExtendedData>
          <Point><coordinates>102.488645200,2.954043326,0</coordinates></Point>
        </Placemark>

        <Placemark>
          <name>233</name>
          <styleUrl>#style_Healthy</styleUrl>
          <ExtendedData>
            <Data name="id"><value>233</value></Data>
            <Data name="Class"><value>Healthy</value></Data>
          </ExtendedData>
          <Point><coordinates>102.488711500,2.954154949,0</coordinates></Point>
        </Placemark>

        <Placemark>
          <name>234</name>
          <styleUrl>#style_Healthy</styleUrl>
          <ExtendedData>
            <Data name="id"><value>234</value></Data>
            <Data name="Class"><value>Healthy</value></Data>
          </ExtendedData>
          <Point><coordinates>102.488773100,2.954116579,0</coordinates></Point>
        </Placemark>

        <Placemark>
          <name>235</name>
          <styleUrl>#style_Healthy</styleUrl>
          <ExtendedData>
            <Data name="id"><value>235</value></Data>
            <Data name="Class"><value>Healthy</value></Data>
          </ExtendedData>
          <Point><coordinates>102.488711500,2.954081696,0</coordinates></Point>
        </Placemark>

        <Placemark>
          <name>236</name>
          <styleUrl>#style_Healthy</styleUrl>
          <ExtendedData>
            <Data name="id"><value>236</value></Data>
            <Data name="Class"><value>Healthy</value></Data>
          </ExtendedData>
          <Point><coordinates>102.488711500,2.954004955,0</coordinates></Point>
        </Placemark>

        <Placemark>
          <name>237</name>
          <styleUrl>#style_Healthy</styleUrl>
          <ExtendedData>
            <Data name="id"><value>237</value></Data>
            <Data name="Class"><value>Healthy</value></Data>
          </ExtendedData>
          <Point><coordinates>102.488710300,2.953934028,0</coordinates></Point>
        </Placemark>

        <Placemark>
          <name>239</name>
          <styleUrl>#style_Healthy</styleUrl>
          <ExtendedData>
            <Data name="id"><value>239</value></Data>
            <Data name="Class"><value>Healthy</value></Data>
          </ExtendedData>
          <Point><coordinates>102.488776600,2.953893332,0</coordinates></Point>
        </Placemark>

        <Placemark>
          <name>240</name>
          <styleUrl>#style_Healthy</styleUrl>
          <ExtendedData>
            <Data name="id"><value>240</value></Data>
            <Data name="Class"><value>Healthy</value></Data>
          </ExtendedData>
          <Point><coordinates>102.488770800,2.953959608,0</coordinates></Point>
        </Placemark>

        <Placemark>
          <name>241</name>
          <styleUrl>#style_Healthy</styleUrl>
          <ExtendedData>
            <Data name="id"><value>241</value></Data>
            <Data name="Class"><value>Healthy</value></Data>
          </ExtendedData>
          <Point><coordinates>102.488774300,2.954043326,0</coordinates></Point>
        </Placemark>

        <Placemark>
          <name>242</name>
          <styleUrl>#style_Healthy</styleUrl>
          <ExtendedData>
            <Data name="id"><value>242</value></Data>
            <Data name="Class"><value>Healthy</value></Data>
          </ExtendedData>
          <Point><coordinates>102.488837100,2.954156112,0</coordinates></Point>
        </Placemark>

        <Placemark>
          <name>243</name>
          <styleUrl>#style_Healthy</styleUrl>
          <ExtendedData>
            <Data name="id"><value>243</value></Data>
            <Data name="Class"><value>Healthy</value></Data>
          </ExtendedData>
          <Point><coordinates>102.488909200,2.954121230,0</coordinates></Point>
        </Placemark>

        <Placemark>
          <name>244</name>
          <styleUrl>#style_Healthy</styleUrl>
          <ExtendedData>
            <Data name="id"><value>244</value></Data>
            <Data name="Class"><value>Healthy</value></Data>
          </ExtendedData>
          <Point><coordinates>102.488978900,2.954158437,0</coordinates></Point>
        </Placemark>

        <Placemark>
          <name>245</name>
          <styleUrl>#style_Healthy</styleUrl>
          <ExtendedData>
            <Data name="id"><value>245</value></Data>
            <Data name="Class"><value>Healthy</value></Data>
          </ExtendedData>
          <Point><coordinates>102.489044000,2.954121230,0</coordinates></Point>
        </Placemark>

        <Placemark>
          <name>246</name>
          <styleUrl>#style_Healthy</styleUrl>
          <ExtendedData>
            <Data name="id"><value>246</value></Data>
            <Data name="Class"><value>Healthy</value></Data>
          </ExtendedData>
          <Point><coordinates>102.489109200,2.954086347,0</coordinates></Point>
        </Placemark>

        <Placemark>
          <name>247</name>
          <styleUrl>#style_Healthy</styleUrl>
          <ExtendedData>
            <Data name="id"><value>247</value></Data>
            <Data name="Class"><value>Healthy</value></Data>
          </ExtendedData>
          <Point><coordinates>102.489170800,2.954121230,0</coordinates></Point>
        </Placemark>

        <Placemark>
          <name>248</name>
          <styleUrl>#style_Healthy</styleUrl>
          <ExtendedData>
            <Data name="id"><value>248</value></Data>
            <Data name="Class"><value>Healthy</value></Data>
          </ExtendedData>
          <Point><coordinates>102.489105700,2.954151461,0</coordinates></Point>
        </Placemark>

        <Placemark>
          <name>249</name>
          <styleUrl>#style_Healthy</styleUrl>
          <ExtendedData>
            <Data name="id"><value>249</value></Data>
            <Data name="Class"><value>Healthy</value></Data>
          </ExtendedData>
          <Point><coordinates>102.489242900,2.954159600,0</coordinates></Point>
        </Placemark>

        <Placemark>
          <name>250</name>
          <styleUrl>#style_Healthy</styleUrl>
          <ExtendedData>
            <Data name="id"><value>250</value></Data>
            <Data name="Class"><value>Healthy</value></Data>
          </ExtendedData>
          <Point><coordinates>102.489306800,2.954116579,0</coordinates></Point>
        </Placemark>

        <Placemark>
          <name>251</name>
          <styleUrl>#style_Healthy</styleUrl>
          <ExtendedData>
            <Data name="id"><value>251</value></Data>
            <Data name="Class"><value>Healthy</value></Data>
          </ExtendedData>
          <Point><coordinates>102.489437100,2.954121230,0</coordinates></Point>
        </Placemark>

        <Placemark>
          <name>252</name>
          <styleUrl>#style_Healthy</styleUrl>
          <ExtendedData>
            <Data name="id"><value>252</value></Data>
            <Data name="Class"><value>Healthy</value></Data>
          </ExtendedData>
          <Point><coordinates>102.489508000,2.954150298,0</coordinates></Point>
        </Placemark>

        <Placemark>
          <name>254</name>
          <styleUrl>#style_Healthy</styleUrl>
          <ExtendedData>
            <Data name="id"><value>254</value></Data>
            <Data name="Class"><value>Healthy</value></Data>
          </ExtendedData>
          <Point><coordinates>102.488638800,2.953349459,0</coordinates></Point>
        </Placemark>

        <Placemark>
          <name>255</name>
          <styleUrl>#style_Healthy</styleUrl>
          <ExtendedData>
            <Data name="id"><value>255</value></Data>
            <Data name="Class"><value>Healthy</value></Data>
          </ExtendedData>
          <Point><coordinates>102.488642300,2.953425038,0</coordinates></Point>
        </Placemark>

        <Placemark>
          <name>256</name>
          <styleUrl>#style_Healthy</styleUrl>
          <ExtendedData>
            <Data name="id"><value>256</value></Data>
            <Data name="Class"><value>Healthy</value></Data>
          </ExtendedData>
          <Point><coordinates>102.488576000,2.953548288,0</coordinates></Point>
        </Placemark>

        <Placemark>
          <name>257</name>
          <styleUrl>#style_Healthy</styleUrl>
          <ExtendedData>
            <Data name="id"><value>257</value></Data>
            <Data name="Class"><value>Healthy</value></Data>
          </ExtendedData>
          <Point><coordinates>102.488572600,2.953622704,0</coordinates></Point>
        </Placemark>

        <Placemark>
          <name>258</name>
          <styleUrl>#style_Healthy</styleUrl>
          <ExtendedData>
            <Data name="id"><value>258</value></Data>
            <Data name="Class"><value>Healthy</value></Data>
          </ExtendedData>
          <Point><coordinates>102.488578400,2.953702933,0</coordinates></Point>
        </Placemark>

        <Placemark>
          <name>261</name>
          <styleUrl>#style_Healthy</styleUrl>
          <ExtendedData>
            <Data name="id"><value>261</value></Data>
            <Data name="Class"><value>Healthy</value></Data>
          </ExtendedData>
          <Point><coordinates>102.488767900,2.953661074,0</coordinates></Point>
        </Placemark>

        <Placemark>
          <name>263</name>
          <styleUrl>#style_Healthy</styleUrl>
          <ExtendedData>
            <Data name="id"><value>263</value></Data>
            <Data name="Class"><value>Healthy</value></Data>
          </ExtendedData>
          <Point><coordinates>102.488640000,2.953504104,0</coordinates></Point>
        </Placemark>

        <Placemark>
          <name>264</name>
          <styleUrl>#style_Healthy</styleUrl>
          <ExtendedData>
            <Data name="id"><value>264</value></Data>
            <Data name="Class"><value>Healthy</value></Data>
          </ExtendedData>
          <Point><coordinates>102.488705100,2.953462245,0</coordinates></Point>
        </Placemark>

        <Placemark>
          <name>266</name>
          <styleUrl>#style_Healthy</styleUrl>
          <ExtendedData>
            <Data name="id"><value>266</value></Data>
            <Data name="Class"><value>Healthy</value></Data>
          </ExtendedData>
          <Point><coordinates>102.488706300,2.953319228,0</coordinates></Point>
        </Placemark>

        <Placemark>
          <name>268</name>
          <styleUrl>#style_Healthy</styleUrl>
          <ExtendedData>
            <Data name="id"><value>268</value></Data>
            <Data name="Class"><value>Healthy</value></Data>
          </ExtendedData>
          <Point><coordinates>102.488772500,2.953506430,0</coordinates></Point>
        </Placemark>

        <Placemark>
          <name>271</name>
          <styleUrl>#style_Healthy</styleUrl>
          <ExtendedData>
            <Data name="id"><value>271</value></Data>
            <Data name="Class"><value>Healthy</value></Data>
          </ExtendedData>
          <Point><coordinates>102.488843500,2.953390155,0</coordinates></Point>
        </Placemark>

        <Placemark>
          <name>272</name>
          <styleUrl>#style_Healthy</styleUrl>
          <ExtendedData>
            <Data name="id"><value>272</value></Data>
            <Data name="Class"><value>Healthy</value></Data>
          </ExtendedData>
          <Point><coordinates>102.488905100,2.953352948,0</coordinates></Point>
        </Placemark>

        <Placemark>
          <name>273</name>
          <styleUrl>#style_Healthy</styleUrl>
          <ExtendedData>
            <Data name="id"><value>273</value></Data>
            <Data name="Class"><value>Healthy</value></Data>
          </ExtendedData>
          <Point><coordinates>102.488970200,2.953316903,0</coordinates></Point>
        </Placemark>

        <Placemark>
          <name>274</name>
          <styleUrl>#style_Healthy</styleUrl>
          <ExtendedData>
            <Data name="id"><value>274</value></Data>
            <Data name="Class"><value>Healthy</value></Data>
          </ExtendedData>
          <Point><coordinates>102.488977200,2.953391318,0</coordinates></Point>
        </Placemark>

        <Placemark>
          <name>275</name>
          <styleUrl>#style_Healthy</styleUrl>
          <ExtendedData>
            <Data name="id"><value>275</value></Data>
            <Data name="Class"><value>Healthy</value></Data>
          </ExtendedData>
          <Point><coordinates>102.488905100,2.953430851,0</coordinates></Point>
        </Placemark>

        <Placemark>
          <name>276</name>
          <styleUrl>#style_Healthy</styleUrl>
          <ExtendedData>
            <Data name="id"><value>276</value></Data>
            <Data name="Class"><value>Healthy</value></Data>
          </ExtendedData>
          <Point><coordinates>102.488841100,2.953468059,0</coordinates></Point>
        </Placemark>

        <Placemark>
          <name>277</name>
          <styleUrl>#style_Healthy</styleUrl>
          <ExtendedData>
            <Data name="id"><value>277</value></Data>
            <Data name="Class"><value>Healthy</value></Data>
          </ExtendedData>
          <Point><coordinates>102.488844600,2.953537824,0</coordinates></Point>
        </Placemark>

        <Placemark>
          <name>278</name>
          <styleUrl>#style_Healthy</styleUrl>
          <ExtendedData>
            <Data name="id"><value>278</value></Data>
            <Data name="Class"><value>Healthy</value></Data>
          </ExtendedData>
          <Point><coordinates>102.488902800,2.953499453,0</coordinates></Point>
        </Placemark>

        <Placemark>
          <name>279</name>
          <styleUrl>#style_Healthy</styleUrl>
          <ExtendedData>
            <Data name="id"><value>279</value></Data>
            <Data name="Class"><value>Healthy</value></Data>
          </ExtendedData>
          <Point><coordinates>102.488976000,2.953461083,0</coordinates></Point>
        </Placemark>

        <Placemark>
          <name>280</name>
          <styleUrl>#style_Healthy</styleUrl>
          <ExtendedData>
            <Data name="id"><value>280</value></Data>
            <Data name="Class"><value>Healthy</value></Data>
          </ExtendedData>
          <Point><coordinates>102.489038800,2.953426200,0</coordinates></Point>
        </Placemark>

        <Placemark>
          <name>281</name>
          <styleUrl>#style_Healthy</styleUrl>
          <ExtendedData>
            <Data name="id"><value>281</value></Data>
            <Data name="Class"><value>Healthy</value></Data>
          </ExtendedData>
          <Point><coordinates>102.489038800,2.953507592,0</coordinates></Point>
        </Placemark>

        <Placemark>
          <name>282</name>
          <styleUrl>#style_Healthy</styleUrl>
          <ExtendedData>
            <Data name="id"><value>282</value></Data>
            <Data name="Class"><value>Healthy</value></Data>
          </ExtendedData>
          <Point><coordinates>102.489041100,2.953585496,0</coordinates></Point>
        </Placemark>

        <Placemark>
          <name>284</name>
          <styleUrl>#style_Healthy</styleUrl>
          <ExtendedData>
            <Data name="id"><value>284</value></Data>
            <Data name="Class"><value>Healthy</value></Data>
          </ExtendedData>
          <Point><coordinates>102.488973700,2.953616890,0</coordinates></Point>
        </Placemark>

        <Placemark>
          <name>285</name>
          <styleUrl>#style_Healthy</styleUrl>
          <ExtendedData>
            <Data name="id"><value>285</value></Data>
            <Data name="Class"><value>Healthy</value></Data>
          </ExtendedData>
          <Point><coordinates>102.488903900,2.953661074,0</coordinates></Point>
        </Placemark>

        <Placemark>
          <name>286</name>
          <styleUrl>#style_Healthy</styleUrl>
          <ExtendedData>
            <Data name="id"><value>286</value></Data>
            <Data name="Class"><value>Healthy</value></Data>
          </ExtendedData>
          <Point><coordinates>102.488903900,2.953586659,0</coordinates></Point>
        </Placemark>

        <Placemark>
          <name>287</name>
          <styleUrl>#style_Healthy</styleUrl>
          <ExtendedData>
            <Data name="id"><value>287</value></Data>
            <Data name="Class"><value>Healthy</value></Data>
          </ExtendedData>
          <Point><coordinates>102.488834200,2.953618053,0</coordinates></Point>
        </Placemark>

        <Placemark>
          <name>289</name>
          <styleUrl>#style_Healthy</styleUrl>
          <ExtendedData>
            <Data name="id"><value>289</value></Data>
            <Data name="Class"><value>Healthy</value></Data>
          </ExtendedData>
          <Point><coordinates>102.488841100,2.953771535,0</coordinates></Point>
        </Placemark>

        <Placemark>
          <name>290</name>
          <styleUrl>#style_Healthy</styleUrl>
          <ExtendedData>
            <Data name="id"><value>290</value></Data>
            <Data name="Class"><value>Healthy</value></Data>
          </ExtendedData>
          <Point><coordinates>102.488773700,2.953742466,0</coordinates></Point>
        </Placemark>

        <Placemark>
          <name>291</name>
          <styleUrl>#style_Healthy</styleUrl>
          <ExtendedData>
            <Data name="id"><value>291</value></Data>
            <Data name="Class"><value>Healthy</value></Data>
          </ExtendedData>
          <Point><coordinates>102.488774900,2.953811068,0</coordinates></Point>
        </Placemark>

        <Placemark>
          <name>292</name>
          <styleUrl>#style_Healthy</styleUrl>
          <ExtendedData>
            <Data name="id"><value>292</value></Data>
            <Data name="Class"><value>Healthy</value></Data>
          </ExtendedData>
          <Point><coordinates>102.488837700,2.953847113,0</coordinates></Point>
        </Placemark>

        <Placemark>
          <name>293</name>
          <styleUrl>#style_Healthy</styleUrl>
          <ExtendedData>
            <Data name="id"><value>293</value></Data>
            <Data name="Class"><value>Healthy</value></Data>
          </ExtendedData>
          <Point><coordinates>102.488908600,2.953809905,0</coordinates></Point>
        </Placemark>

        <Placemark>
          <name>294</name>
          <styleUrl>#style_Healthy</styleUrl>
          <ExtendedData>
            <Data name="id"><value>294</value></Data>
            <Data name="Class"><value>Healthy</value></Data>
          </ExtendedData>
          <Point><coordinates>102.488910900,2.953893623,0</coordinates></Point>
        </Placemark>

        <Placemark>
          <name>295</name>
          <styleUrl>#style_Healthy</styleUrl>
          <ExtendedData>
            <Data name="id"><value>295</value></Data>
            <Data name="Class"><value>Healthy</value></Data>
          </ExtendedData>
          <Point><coordinates>102.488837700,2.953929668,0</coordinates></Point>
        </Placemark>

        <Placemark>
          <name>296</name>
          <styleUrl>#style_Healthy</styleUrl>
          <ExtendedData>
            <Data name="id"><value>296</value></Data>
            <Data name="Class"><value>Healthy</value></Data>
          </ExtendedData>
          <Point><coordinates>102.488840000,2.954000595,0</coordinates></Point>
        </Placemark>

        <Placemark>
          <name>297</name>
          <styleUrl>#style_Healthy</styleUrl>
          <ExtendedData>
            <Data name="id"><value>297</value></Data>
            <Data name="Class"><value>Healthy</value></Data>
          </ExtendedData>
          <Point><coordinates>102.488837700,2.954084313,0</coordinates></Point>
        </Placemark>

        <Placemark>
          <name>298</name>
          <styleUrl>#style_Healthy</styleUrl>
          <ExtendedData>
            <Data name="id"><value>298</value></Data>
            <Data name="Class"><value>Healthy</value></Data>
          </ExtendedData>
          <Point><coordinates>102.488909700,2.954043617,0</coordinates></Point>
        </Placemark>

        <Placemark>
          <name>299</name>
          <styleUrl>#style_Healthy</styleUrl>
          <ExtendedData>
            <Data name="id"><value>299</value></Data>
            <Data name="Class"><value>Healthy</value></Data>
          </ExtendedData>
          <Point><coordinates>102.488907400,2.953970364,0</coordinates></Point>
        </Placemark>

        <Placemark>
          <name>300</name>
          <styleUrl>#style_Healthy</styleUrl>
          <ExtendedData>
            <Data name="id"><value>300</value></Data>
            <Data name="Class"><value>Healthy</value></Data>
          </ExtendedData>
          <Point><coordinates>102.488978300,2.954081987,0</coordinates></Point>
        </Placemark>

        <Placemark>
          <name>301</name>
          <styleUrl>#style_Healthy</styleUrl>
          <ExtendedData>
            <Data name="id"><value>301</value></Data>
            <Data name="Class"><value>Healthy</value></Data>
          </ExtendedData>
          <Point><coordinates>102.489040000,2.954037803,0</coordinates></Point>
        </Placemark>

        <Placemark>
          <name>302</name>
          <styleUrl>#style_Healthy</styleUrl>
          <ExtendedData>
            <Data name="id"><value>302</value></Data>
            <Data name="Class"><value>Healthy</value></Data>
          </ExtendedData>
          <Point><coordinates>102.488976000,2.954008734,0</coordinates></Point>
        </Placemark>

        <Placemark>
          <name>303</name>
          <styleUrl>#style_Healthy</styleUrl>
          <ExtendedData>
            <Data name="id"><value>303</value></Data>
            <Data name="Class"><value>Healthy</value></Data>
          </ExtendedData>
          <Point><coordinates>102.488978300,2.953930831,0</coordinates></Point>
        </Placemark>

        <Placemark>
          <name>305</name>
          <styleUrl>#style_Healthy</styleUrl>
          <ExtendedData>
            <Data name="id"><value>305</value></Data>
            <Data name="Class"><value>Healthy</value></Data>
          </ExtendedData>
          <Point><coordinates>102.489043500,2.953811068,0</coordinates></Point>
        </Placemark>

        <Placemark>
          <name>306</name>
          <styleUrl>#style_Healthy</styleUrl>
          <ExtendedData>
            <Data name="id"><value>306</value></Data>
            <Data name="Class"><value>Healthy</value></Data>
          </ExtendedData>
          <Point><coordinates>102.488971400,2.953766884,0</coordinates></Point>
        </Placemark>

        <Placemark>
          <name>307</name>
          <styleUrl>#style_Healthy</styleUrl>
          <ExtendedData>
            <Data name="id"><value>307</value></Data>
            <Data name="Class"><value>Healthy</value></Data>
          </ExtendedData>
          <Point><coordinates>102.488978300,2.953697119,0</coordinates></Point>
        </Placemark>

        <Placemark>
          <name>308</name>
          <styleUrl>#style_Healthy</styleUrl>
          <ExtendedData>
            <Data name="id"><value>308</value></Data>
            <Data name="Class"><value>Healthy</value></Data>
          </ExtendedData>
          <Point><coordinates>102.489034200,2.953277369,0</coordinates></Point>
        </Placemark>

        <Placemark>
          <name>309</name>
          <styleUrl>#style_Healthy</styleUrl>
          <ExtendedData>
            <Data name="id"><value>309</value></Data>
            <Data name="Class"><value>Healthy</value></Data>
          </ExtendedData>
          <Point><coordinates>102.489099300,2.953311089,0</coordinates></Point>
        </Placemark>

        <Placemark>
          <name>312</name>
          <styleUrl>#style_Healthy</styleUrl>
          <ExtendedData>
            <Data name="id"><value>312</value></Data>
            <Data name="Class"><value>Healthy</value></Data>
          </ExtendedData>
          <Point><coordinates>102.489170200,2.953280858,0</coordinates></Point>
        </Placemark>

        <Placemark>
          <name>313</name>
          <styleUrl>#style_Healthy</styleUrl>
          <ExtendedData>
            <Data name="id"><value>313</value></Data>
            <Data name="Class"><value>Healthy</value></Data>
          </ExtendedData>
          <Point><coordinates>102.489300400,2.953278532,0</coordinates></Point>
        </Placemark>

        <Placemark>
          <name>314</name>
          <styleUrl>#style_Healthy</styleUrl>
          <ExtendedData>
            <Data name="id"><value>314</value></Data>
            <Data name="Class"><value>Healthy</value></Data>
          </ExtendedData>
          <Point><coordinates>102.489306200,2.953330856,0</coordinates></Point>
        </Placemark>

        <Placemark>
          <name>315</name>
          <styleUrl>#style_Healthy</styleUrl>
          <ExtendedData>
            <Data name="id"><value>315</value></Data>
            <Data name="Class"><value>Healthy</value></Data>
          </ExtendedData>
          <Point><coordinates>102.489370200,2.953315740,0</coordinates></Point>
        </Placemark>

        <Placemark>
          <name>316</name>
          <styleUrl>#style_Healthy</styleUrl>
          <ExtendedData>
            <Data name="id"><value>316</value></Data>
            <Data name="Class"><value>Healthy</value></Data>
          </ExtendedData>
          <Point><coordinates>102.489435300,2.953278532,0</coordinates></Point>
        </Placemark>

        <Placemark>
          <name>317</name>
          <styleUrl>#style_Healthy</styleUrl>
          <ExtendedData>
            <Data name="id"><value>317</value></Data>
            <Data name="Class"><value>Healthy</value></Data>
          </ExtendedData>
          <Point><coordinates>102.489570200,2.953279695,0</coordinates></Point>
        </Placemark>

        <Placemark>
          <name>318</name>
          <styleUrl>#style_Healthy</styleUrl>
          <ExtendedData>
            <Data name="id"><value>318</value></Data>
            <Data name="Class"><value>Healthy</value></Data>
          </ExtendedData>
          <Point><coordinates>102.489507400,2.953312252,0</coordinates></Point>
        </Placemark>

        <Placemark>
          <name>319</name>
          <styleUrl>#style_Healthy</styleUrl>
          <ExtendedData>
            <Data name="id"><value>319</value></Data>
            <Data name="Class"><value>Healthy</value></Data>
          </ExtendedData>
          <Point><coordinates>102.489567900,2.953349459,0</coordinates></Point>
        </Placemark>

        <Placemark>
          <name>321</name>
          <styleUrl>#style_Healthy</styleUrl>
          <ExtendedData>
            <Data name="id"><value>321</value></Data>
            <Data name="Class"><value>Healthy</value></Data>
          </ExtendedData>
          <Point><coordinates>102.489699200,2.953351785,0</coordinates></Point>
        </Placemark>

        <Placemark>
          <name>322</name>
          <styleUrl>#style_Healthy</styleUrl>
          <ExtendedData>
            <Data name="id"><value>322</value></Data>
            <Data name="Class"><value>Healthy</value></Data>
          </ExtendedData>
          <Point><coordinates>102.489773700,2.953306438,0</coordinates></Point>
        </Placemark>

        <Placemark>
          <name>323</name>
          <styleUrl>#style_Healthy</styleUrl>
          <ExtendedData>
            <Data name="id"><value>323</value></Data>
            <Data name="Class"><value>Healthy</value></Data>
          </ExtendedData>
          <Point><coordinates>102.489774800,2.953382016,0</coordinates></Point>
        </Placemark>

        <Placemark>
          <name>324</name>
          <styleUrl>#style_Healthy</styleUrl>
          <ExtendedData>
            <Data name="id"><value>324</value></Data>
            <Data name="Class"><value>Healthy</value></Data>
          </ExtendedData>
          <Point><coordinates>102.489776000,2.953461083,0</coordinates></Point>
        </Placemark>

        <Placemark>
          <name>326</name>
          <styleUrl>#style_Healthy</styleUrl>
          <ExtendedData>
            <Data name="id"><value>326</value></Data>
            <Data name="Class"><value>Healthy</value></Data>
          </ExtendedData>
          <Point><coordinates>102.489836500,2.953432014,0</coordinates></Point>
        </Placemark>

        <Placemark>
          <name>327</name>
          <styleUrl>#style_Healthy</styleUrl>
          <ExtendedData>
            <Data name="id"><value>327</value></Data>
            <Data name="Class"><value>Healthy</value></Data>
          </ExtendedData>
          <Point><coordinates>102.489841100,2.953500616,0</coordinates></Point>
        </Placemark>

        <Placemark>
          <name>328</name>
          <styleUrl>#style_Healthy</styleUrl>
          <ExtendedData>
            <Data name="id"><value>328</value></Data>
            <Data name="Class"><value>Healthy</value></Data>
          </ExtendedData>
          <Point><coordinates>102.489836500,2.953576194,0</coordinates></Point>
        </Placemark>

        <Placemark>
          <name>329</name>
          <styleUrl>#style_Healthy</styleUrl>
          <ExtendedData>
            <Data name="id"><value>329</value></Data>
            <Data name="Class"><value>Healthy</value></Data>
          </ExtendedData>
          <Point><coordinates>102.489836500,2.953661074,0</coordinates></Point>
        </Placemark>

        <Placemark>
          <name>330</name>
          <styleUrl>#style_Healthy</styleUrl>
          <ExtendedData>
            <Data name="id"><value>330</value></Data>
            <Data name="Class"><value>Healthy</value></Data>
          </ExtendedData>
          <Point><coordinates>102.489841100,2.953735490,0</coordinates></Point>
        </Placemark>

        <Placemark>
          <name>334</name>
          <styleUrl>#style_Healthy</styleUrl>
          <ExtendedData>
            <Data name="id"><value>334</value></Data>
            <Data name="Class"><value>Healthy</value></Data>
          </ExtendedData>
          <Point><coordinates>102.489833000,2.954119195,0</coordinates></Point>
        </Placemark>

        <Placemark>
          <name>335</name>
          <styleUrl>#style_Healthy</styleUrl>
          <ExtendedData>
            <Data name="id"><value>335</value></Data>
            <Data name="Class"><value>Healthy</value></Data>
          </ExtendedData>
          <Point><coordinates>102.489774800,2.954077336,0</coordinates></Point>
        </Placemark>

        <Placemark>
          <name>336</name>
          <styleUrl>#style_Healthy</styleUrl>
          <ExtendedData>
            <Data name="id"><value>336</value></Data>
            <Data name="Class"><value>Healthy</value></Data>
          </ExtendedData>
          <Point><coordinates>102.489710900,2.954121520,0</coordinates></Point>
        </Placemark>

        <Placemark>
          <name>337</name>
          <styleUrl>#style_Healthy</styleUrl>
          <ExtendedData>
            <Data name="id"><value>337</value></Data>
            <Data name="Class"><value>Healthy</value></Data>
          </ExtendedData>
          <Point><coordinates>102.489639900,2.954078499,0</coordinates></Point>
        </Placemark>

        <Placemark>
          <name>338</name>
          <styleUrl>#style_Healthy</styleUrl>
          <ExtendedData>
            <Data name="id"><value>338</value></Data>
            <Data name="Class"><value>Healthy</value></Data>
          </ExtendedData>
          <Point><coordinates>102.489573700,2.954114544,0</coordinates></Point>
        </Placemark>

        <Placemark>
          <name>339</name>
          <styleUrl>#style_Healthy</styleUrl>
          <ExtendedData>
            <Data name="id"><value>339</value></Data>
            <Data name="Class"><value>Healthy</value></Data>
          </ExtendedData>
          <Point><coordinates>102.489509700,2.954078499,0</coordinates></Point>
        </Placemark>

        <Placemark>
          <name>340</name>
          <styleUrl>#style_Healthy</styleUrl>
          <ExtendedData>
            <Data name="id"><value>340</value></Data>
            <Data name="Class"><value>Healthy</value></Data>
          </ExtendedData>
          <Point><coordinates>102.489444600,2.954031989,0</coordinates></Point>
        </Placemark>

        <Placemark>
          <name>341</name>
          <styleUrl>#style_Healthy</styleUrl>
          <ExtendedData>
            <Data name="id"><value>341</value></Data>
            <Data name="Class"><value>Healthy</value></Data>
          </ExtendedData>
          <Point><coordinates>102.489378300,2.954002921,0</coordinates></Point>
        </Placemark>

        <Placemark>
          <name>342</name>
          <styleUrl>#style_Healthy</styleUrl>
          <ExtendedData>
            <Data name="id"><value>342</value></Data>
            <Data name="Class"><value>Healthy</value></Data>
          </ExtendedData>
          <Point><coordinates>102.489372500,2.954077336,0</coordinates></Point>
        </Placemark>

        <Placemark>
          <name>343</name>
          <styleUrl>#style_Healthy</styleUrl>
          <ExtendedData>
            <Data name="id"><value>343</value></Data>
            <Data name="Class"><value>Healthy</value></Data>
          </ExtendedData>
          <Point><coordinates>102.489312100,2.954041291,0</coordinates></Point>
        </Placemark>

        <Placemark>
          <name>344</name>
          <styleUrl>#style_Healthy</styleUrl>
          <ExtendedData>
            <Data name="id"><value>344</value></Data>
            <Data name="Class"><value>Healthy</value></Data>
          </ExtendedData>
          <Point><coordinates>102.489240000,2.954083150,0</coordinates></Point>
        </Placemark>

        <Placemark>
          <name>345</name>
          <styleUrl>#style_Healthy</styleUrl>
          <ExtendedData>
            <Data name="id"><value>345</value></Data>
            <Data name="Class"><value>Healthy</value></Data>
          </ExtendedData>
          <Point><coordinates>102.489174900,2.954041291,0</coordinates></Point>
        </Placemark>

        <Placemark>
          <name>346</name>
          <styleUrl>#style_Healthy</styleUrl>
          <ExtendedData>
            <Data name="id"><value>346</value></Data>
            <Data name="Class"><value>Healthy</value></Data>
          </ExtendedData>
          <Point><coordinates>102.489106300,2.954004083,0</coordinates></Point>
        </Placemark>

        <Placemark>
          <name>347</name>
          <styleUrl>#style_Healthy</styleUrl>
          <ExtendedData>
            <Data name="id"><value>347</value></Data>
            <Data name="Class"><value>Healthy</value></Data>
          </ExtendedData>
          <Point><coordinates>102.489040000,2.953964550,0</coordinates></Point>
        </Placemark>

        <Placemark>
          <name>348</name>
          <styleUrl>#style_Healthy</styleUrl>
          <ExtendedData>
            <Data name="id"><value>348</value></Data>
            <Data name="Class"><value>Healthy</value></Data>
          </ExtendedData>
          <Point><coordinates>102.489103900,2.953930831,0</coordinates></Point>
        </Placemark>

        <Placemark>
          <name>349</name>
          <styleUrl>#style_Healthy</styleUrl>
          <ExtendedData>
            <Data name="id"><value>349</value></Data>
            <Data name="Class"><value>Healthy</value></Data>
          </ExtendedData>
          <Point><coordinates>102.489099300,2.953851764,0</coordinates></Point>
        </Placemark>

        <Placemark>
          <name>350</name>
          <styleUrl>#style_Healthy</styleUrl>
          <ExtendedData>
            <Data name="id"><value>350</value></Data>
            <Data name="Class"><value>Healthy</value></Data>
          </ExtendedData>
          <Point><coordinates>102.489100400,2.953776186,0</coordinates></Point>
        </Placemark>

        <Placemark>
          <name>352</name>
          <styleUrl>#style_Healthy</styleUrl>
          <ExtendedData>
            <Data name="id"><value>352</value></Data>
            <Data name="Class"><value>Healthy</value></Data>
          </ExtendedData>
          <Point><coordinates>102.489103900,2.953623867,0</coordinates></Point>
        </Placemark>

        <Placemark>
          <name>353</name>
          <styleUrl>#style_Healthy</styleUrl>
          <ExtendedData>
            <Data name="id"><value>353</value></Data>
            <Data name="Class"><value>Healthy</value></Data>
          </ExtendedData>
          <Point><coordinates>102.489099300,2.953544800,0</coordinates></Point>
        </Placemark>

        <Placemark>
          <name>354</name>
          <styleUrl>#style_Healthy</styleUrl>
          <ExtendedData>
            <Data name="id"><value>354</value></Data>
            <Data name="Class"><value>Healthy</value></Data>
          </ExtendedData>
          <Point><coordinates>102.489106300,2.953464571,0</coordinates></Point>
        </Placemark>

        <Placemark>
          <name>355</name>
          <styleUrl>#style_Healthy</styleUrl>
          <ExtendedData>
            <Data name="id"><value>355</value></Data>
            <Data name="Class"><value>Healthy</value></Data>
          </ExtendedData>
          <Point><coordinates>102.489170200,2.953428526,0</coordinates></Point>
        </Placemark>

        <Placemark>
          <name>356</name>
          <styleUrl>#style_Healthy</styleUrl>
          <ExtendedData>
            <Data name="id"><value>356</value></Data>
            <Data name="Class"><value>Healthy</value></Data>
          </ExtendedData>
          <Point><coordinates>102.489170200,2.953501779,0</coordinates></Point>
        </Placemark>

        <Placemark>
          <name>357</name>
          <styleUrl>#style_Healthy</styleUrl>
          <ExtendedData>
            <Data name="id"><value>357</value></Data>
            <Data name="Class"><value>Healthy</value></Data>
          </ExtendedData>
          <Point><coordinates>102.489170200,2.953580845,0</coordinates></Point>
        </Placemark>

        <Placemark>
          <name>358</name>
          <styleUrl>#style_Healthy</styleUrl>
          <ExtendedData>
            <Data name="id"><value>358</value></Data>
            <Data name="Class"><value>Healthy</value></Data>
          </ExtendedData>
          <Point><coordinates>102.489172500,2.953661074,0</coordinates></Point>
        </Placemark>

        <Placemark>
          <name>359</name>
          <styleUrl>#style_Healthy</styleUrl>
          <ExtendedData>
            <Data name="id"><value>359</value></Data>
            <Data name="Class"><value>Healthy</value></Data>
          </ExtendedData>
          <Point><coordinates>102.489173700,2.953734327,0</coordinates></Point>
        </Placemark>

        <Placemark>
          <name>360</name>
          <styleUrl>#style_Healthy</styleUrl>
          <ExtendedData>
            <Data name="id"><value>360</value></Data>
            <Data name="Class"><value>Healthy</value></Data>
          </ExtendedData>
          <Point><coordinates>102.489174900,2.953812231,0</coordinates></Point>
        </Placemark>

        <Placemark>
          <name>361</name>
          <styleUrl>#style_Healthy</styleUrl>
          <ExtendedData>
            <Data name="id"><value>361</value></Data>
            <Data name="Class"><value>Healthy</value></Data>
          </ExtendedData>
          <Point><coordinates>102.489174900,2.953885484,0</coordinates></Point>
        </Placemark>

        <Placemark>
          <name>362</name>
          <styleUrl>#style_Healthy</styleUrl>
          <ExtendedData>
            <Data name="id"><value>362</value></Data>
            <Data name="Class"><value>Healthy</value></Data>
          </ExtendedData>
          <Point><coordinates>102.489179500,2.953970364,0</coordinates></Point>
        </Placemark>

        <Placemark>
          <name>363</name>
          <styleUrl>#style_Healthy</styleUrl>
          <ExtendedData>
            <Data name="id"><value>363</value></Data>
            <Data name="Class"><value>Healthy</value></Data>
          </ExtendedData>
          <Point><coordinates>102.489241100,2.953929668,0</coordinates></Point>
        </Placemark>

        <Placemark>
          <name>364</name>
          <styleUrl>#style_Healthy</styleUrl>
          <ExtendedData>
            <Data name="id"><value>364</value></Data>
            <Data name="Class"><value>Healthy</value></Data>
          </ExtendedData>
          <Point><coordinates>102.489238800,2.953852927,0</coordinates></Point>
        </Placemark>

        <Placemark>
          <name>365</name>
          <styleUrl>#style_Healthy</styleUrl>
          <ExtendedData>
            <Data name="id"><value>365</value></Data>
            <Data name="Class"><value>Healthy</value></Data>
          </ExtendedData>
          <Point><coordinates>102.489241100,2.953779674,0</coordinates></Point>
        </Placemark>

        <Placemark>
          <name>366</name>
          <styleUrl>#style_Healthy</styleUrl>
          <ExtendedData>
            <Data name="id"><value>366</value></Data>
            <Data name="Class"><value>Healthy</value></Data>
          </ExtendedData>
          <Point><coordinates>102.489238800,2.953695957,0</coordinates></Point>
        </Placemark>

        <Placemark>
          <name>367</name>
          <styleUrl>#style_Healthy</styleUrl>
          <ExtendedData>
            <Data name="id"><value>367</value></Data>
            <Data name="Class"><value>Healthy</value></Data>
          </ExtendedData>
          <Point><coordinates>102.489237600,2.953620378,0</coordinates></Point>
        </Placemark>

        <Placemark>
          <name>368</name>
          <styleUrl>#style_Healthy</styleUrl>
          <ExtendedData>
            <Data name="id"><value>368</value></Data>
            <Data name="Class"><value>Healthy</value></Data>
          </ExtendedData>
          <Point><coordinates>102.489238800,2.953541312,0</coordinates></Point>
        </Placemark>

        <Placemark>
          <name>369</name>
          <styleUrl>#style_Healthy</styleUrl>
          <ExtendedData>
            <Data name="id"><value>369</value></Data>
            <Data name="Class"><value>Healthy</value></Data>
          </ExtendedData>
          <Point><coordinates>102.489238800,2.953463408,0</coordinates></Point>
        </Placemark>

        <Placemark>
          <name>370</name>
          <styleUrl>#style_Healthy</styleUrl>
          <ExtendedData>
            <Data name="id"><value>370</value></Data>
            <Data name="Class"><value>Healthy</value></Data>
          </ExtendedData>
          <Point><coordinates>102.489238800,2.953385504,0</coordinates></Point>
        </Placemark>

        <Placemark>
          <name>371</name>
          <styleUrl>#style_Healthy</styleUrl>
          <ExtendedData>
            <Data name="id"><value>371</value></Data>
            <Data name="Class"><value>Healthy</value></Data>
          </ExtendedData>
          <Point><coordinates>102.489300400,2.953427363,0</coordinates></Point>
        </Placemark>

        <Placemark>
          <name>372</name>
          <styleUrl>#style_Healthy</styleUrl>
          <ExtendedData>
            <Data name="id"><value>372</value></Data>
            <Data name="Class"><value>Healthy</value></Data>
          </ExtendedData>
          <Point><coordinates>102.489372500,2.953386667,0</coordinates></Point>
        </Placemark>

        <Placemark>
          <name>373</name>
          <styleUrl>#style_Healthy</styleUrl>
          <ExtendedData>
            <Data name="id"><value>373</value></Data>
            <Data name="Class"><value>Healthy</value></Data>
          </ExtendedData>
          <Point><coordinates>102.489438800,2.953345971,0</coordinates></Point>
        </Placemark>

        <Placemark>
          <name>374</name>
          <styleUrl>#style_Healthy</styleUrl>
          <ExtendedData>
            <Data name="id"><value>374</value></Data>
            <Data name="Class"><value>Healthy</value></Data>
          </ExtendedData>
          <Point><coordinates>102.489503900,2.953386667,0</coordinates></Point>
        </Placemark>

        <Placemark>
          <name>375</name>
          <styleUrl>#style_Healthy</styleUrl>
          <ExtendedData>
            <Data name="id"><value>375</value></Data>
            <Data name="Class"><value>Healthy</value></Data>
          </ExtendedData>
          <Point><coordinates>102.489437600,2.953425038,0</coordinates></Point>
        </Placemark>

        <Placemark>
          <name>376</name>
          <styleUrl>#style_Healthy</styleUrl>
          <ExtendedData>
            <Data name="id"><value>376</value></Data>
            <Data name="Class"><value>Healthy</value></Data>
          </ExtendedData>
          <Point><coordinates>102.489367900,2.953462245,0</coordinates></Point>
        </Placemark>

        <Placemark>
          <name>377</name>
          <styleUrl>#style_Healthy</styleUrl>
          <ExtendedData>
            <Data name="id"><value>377</value></Data>
            <Data name="Class"><value>Healthy</value></Data>
          </ExtendedData>
          <Point><coordinates>102.489302800,2.953502941,0</coordinates></Point>
        </Placemark>

        <Placemark>
          <name>381</name>
          <styleUrl>#style_Healthy</styleUrl>
          <ExtendedData>
            <Data name="id"><value>381</value></Data>
            <Data name="Class"><value>Healthy</value></Data>
          </ExtendedData>
          <Point><coordinates>102.489507400,2.953461083,0</coordinates></Point>
        </Placemark>

        <Placemark>
          <name>382</name>
          <styleUrl>#style_Healthy</styleUrl>
          <ExtendedData>
            <Data name="id"><value>382</value></Data>
            <Data name="Class"><value>Healthy</value></Data>
          </ExtendedData>
          <Point><coordinates>102.489569000,2.953427363,0</coordinates></Point>
        </Placemark>

        <Placemark>
          <name>383</name>
          <styleUrl>#style_Healthy</styleUrl>
          <ExtendedData>
            <Data name="id"><value>383</value></Data>
            <Data name="Class"><value>Healthy</value></Data>
          </ExtendedData>
          <Point><coordinates>102.489635300,2.953388993,0</coordinates></Point>
        </Placemark>

        <Placemark>
          <name>384</name>
          <styleUrl>#style_Healthy</styleUrl>
          <ExtendedData>
            <Data name="id"><value>384</value></Data>
            <Data name="Class"><value>Healthy</value></Data>
          </ExtendedData>
          <Point><coordinates>102.489698100,2.953423875,0</coordinates></Point>
        </Placemark>

        <Placemark>
          <name>385</name>
          <styleUrl>#style_Healthy</styleUrl>
          <ExtendedData>
            <Data name="id"><value>385</value></Data>
            <Data name="Class"><value>Healthy</value></Data>
          </ExtendedData>
          <Point><coordinates>102.489701600,2.953504104,0</coordinates></Point>
        </Placemark>

        <Placemark>
          <name>386</name>
          <styleUrl>#style_Healthy</styleUrl>
          <ExtendedData>
            <Data name="id"><value>386</value></Data>
            <Data name="Class"><value>Healthy</value></Data>
          </ExtendedData>
          <Point><coordinates>102.489633000,2.953463408,0</coordinates></Point>
        </Placemark>

        <Placemark>
          <name>387</name>
          <styleUrl>#style_Healthy</styleUrl>
          <ExtendedData>
            <Data name="id"><value>387</value></Data>
            <Data name="Class"><value>Healthy</value></Data>
          </ExtendedData>
          <Point><coordinates>102.489776000,2.953542475,0</coordinates></Point>
        </Placemark>

        <Placemark>
          <name>388</name>
          <styleUrl>#style_Healthy</styleUrl>
          <ExtendedData>
            <Data name="id"><value>388</value></Data>
            <Data name="Class"><value>Healthy</value></Data>
          </ExtendedData>
          <Point><coordinates>102.489771300,2.953620378,0</coordinates></Point>
        </Placemark>

        <Placemark>
          <name>389</name>
          <styleUrl>#style_Healthy</styleUrl>
          <ExtendedData>
            <Data name="id"><value>389</value></Data>
            <Data name="Class"><value>Healthy</value></Data>
          </ExtendedData>
          <Point><coordinates>102.489701600,2.953577357,0</coordinates></Point>
        </Placemark>

        <Placemark>
          <name>390</name>
          <styleUrl>#style_Healthy</styleUrl>
          <ExtendedData>
            <Data name="id"><value>390</value></Data>
            <Data name="Class"><value>Healthy</value></Data>
          </ExtendedData>
          <Point><coordinates>102.489633000,2.953538986,0</coordinates></Point>
        </Placemark>

        <Placemark>
          <name>391</name>
          <styleUrl>#style_Healthy</styleUrl>
          <ExtendedData>
            <Data name="id"><value>391</value></Data>
            <Data name="Class"><value>Healthy</value></Data>
          </ExtendedData>
          <Point><coordinates>102.489574800,2.953504104,0</coordinates></Point>
        </Placemark>

        <Placemark>
          <name>392</name>
          <styleUrl>#style_Healthy</styleUrl>
          <ExtendedData>
            <Data name="id"><value>392</value></Data>
            <Data name="Class"><value>Healthy</value></Data>
          </ExtendedData>
          <Point><coordinates>102.489514400,2.953544800,0</coordinates></Point>
        </Placemark>

        <Placemark>
          <name>394</name>
          <styleUrl>#style_Healthy</styleUrl>
          <ExtendedData>
            <Data name="id"><value>394</value></Data>
            <Data name="Class"><value>Healthy</value></Data>
          </ExtendedData>
          <Point><coordinates>102.489441100,2.953655261,0</coordinates></Point>
        </Placemark>

        <Placemark>
          <name>396</name>
          <styleUrl>#style_Healthy</styleUrl>
          <ExtendedData>
            <Data name="id"><value>396</value></Data>
            <Data name="Class"><value>Healthy</value></Data>
          </ExtendedData>
          <Point><coordinates>102.489307400,2.953738978,0</coordinates></Point>
        </Placemark>

        <Placemark>
          <name>398</name>
          <styleUrl>#style_Healthy</styleUrl>
          <ExtendedData>
            <Data name="id"><value>398</value></Data>
            <Data name="Class"><value>Healthy</value></Data>
          </ExtendedData>
          <Point><coordinates>102.489306200,2.953883158,0</coordinates></Point>
        </Placemark>

        <Placemark>
          <name>399</name>
          <styleUrl>#style_Healthy</styleUrl>
          <ExtendedData>
            <Data name="id"><value>399</value></Data>
            <Data name="Class"><value>Healthy</value></Data>
          </ExtendedData>
          <Point><coordinates>102.489303900,2.953965713,0</coordinates></Point>
        </Placemark>

        <Placemark>
          <name>400</name>
          <styleUrl>#style_Healthy</styleUrl>
          <ExtendedData>
            <Data name="id"><value>400</value></Data>
            <Data name="Class"><value>Healthy</value></Data>
          </ExtendedData>
          <Point><coordinates>102.489373700,2.953921529,0</coordinates></Point>
        </Placemark>

        <Placemark>
          <name>401</name>
          <styleUrl>#style_Healthy</styleUrl>
          <ExtendedData>
            <Data name="id"><value>401</value></Data>
            <Data name="Class"><value>Healthy</value></Data>
          </ExtendedData>
          <Point><coordinates>102.489370200,2.953849439,0</coordinates></Point>
        </Placemark>

        <Placemark>
          <name>402</name>
          <styleUrl>#style_Healthy</styleUrl>
          <ExtendedData>
            <Data name="id"><value>402</value></Data>
            <Data name="Class"><value>Healthy</value></Data>
          </ExtendedData>
          <Point><coordinates>102.489371400,2.953783162,0</coordinates></Point>
        </Placemark>

        <Placemark>
          <name>404</name>
          <styleUrl>#style_Healthy</styleUrl>
          <ExtendedData>
            <Data name="id"><value>404</value></Data>
            <Data name="Class"><value>Healthy</value></Data>
          </ExtendedData>
          <Point><coordinates>102.489437600,2.953884321,0</coordinates></Point>
        </Placemark>

        <Placemark>
          <name>405</name>
          <styleUrl>#style_Healthy</styleUrl>
          <ExtendedData>
            <Data name="id"><value>405</value></Data>
            <Data name="Class"><value>Healthy</value></Data>
          </ExtendedData>
          <Point><coordinates>102.489438800,2.953957574,0</coordinates></Point>
        </Placemark>

        <Placemark>
          <name>408</name>
          <styleUrl>#style_Healthy</styleUrl>
          <ExtendedData>
            <Data name="id"><value>408</value></Data>
            <Data name="Class"><value>Healthy</value></Data>
          </ExtendedData>
          <Point><coordinates>102.489507400,2.953625029,0</coordinates></Point>
        </Placemark>

        <Placemark>
          <name>409</name>
          <styleUrl>#style_Healthy</styleUrl>
          <ExtendedData>
            <Data name="id"><value>409</value></Data>
            <Data name="Class"><value>Healthy</value></Data>
          </ExtendedData>
          <Point><coordinates>102.489506200,2.953694794,0</coordinates></Point>
        </Placemark>

        <Placemark>
          <name>410</name>
          <styleUrl>#style_Healthy</styleUrl>
          <ExtendedData>
            <Data name="id"><value>410</value></Data>
            <Data name="Class"><value>Healthy</value></Data>
          </ExtendedData>
          <Point><coordinates>102.489503900,2.953773860,0</coordinates></Point>
        </Placemark>

        <Placemark>
          <name>411</name>
          <styleUrl>#style_Healthy</styleUrl>
          <ExtendedData>
            <Data name="id"><value>411</value></Data>
            <Data name="Class"><value>Healthy</value></Data>
          </ExtendedData>
          <Point><coordinates>102.489503900,2.953849439,0</coordinates></Point>
        </Placemark>

        <Placemark>
          <name>412</name>
          <styleUrl>#style_Healthy</styleUrl>
          <ExtendedData>
            <Data name="id"><value>412</value></Data>
            <Data name="Class"><value>Healthy</value></Data>
          </ExtendedData>
          <Point><coordinates>102.489500400,2.953916878,0</coordinates></Point>
        </Placemark>

        <Placemark>
          <name>415</name>
          <styleUrl>#style_Healthy</styleUrl>
          <ExtendedData>
            <Data name="id"><value>415</value></Data>
            <Data name="Class"><value>Healthy</value></Data>
          </ExtendedData>
          <Point><coordinates>102.489573700,2.953816882,0</coordinates></Point>
        </Placemark>

        <Placemark>
          <name>416</name>
          <styleUrl>#style_Healthy</styleUrl>
          <ExtendedData>
            <Data name="id"><value>416</value></Data>
            <Data name="Class"><value>Healthy</value></Data>
          </ExtendedData>
          <Point><coordinates>102.489573700,2.953735490,0</coordinates></Point>
        </Placemark>

        <Placemark>
          <name>417</name>
          <styleUrl>#style_Healthy</styleUrl>
          <ExtendedData>
            <Data name="id"><value>417</value></Data>
            <Data name="Class"><value>Healthy</value></Data>
          </ExtendedData>
          <Point><coordinates>102.489576000,2.953664563,0</coordinates></Point>
        </Placemark>

        <Placemark>
          <name>419</name>
          <styleUrl>#style_Healthy</styleUrl>
          <ExtendedData>
            <Data name="id"><value>419</value></Data>
            <Data name="Class"><value>Healthy</value></Data>
          </ExtendedData>
          <Point><coordinates>102.489570200,2.953580845,0</coordinates></Point>
        </Placemark>

        <Placemark>
          <name>421</name>
          <styleUrl>#style_Healthy</styleUrl>
          <ExtendedData>
            <Data name="id"><value>421</value></Data>
            <Data name="Class"><value>Healthy</value></Data>
          </ExtendedData>
          <Point><coordinates>102.489774800,2.953688980,0</coordinates></Point>
        </Placemark>

        <Placemark>
          <name>423</name>
          <styleUrl>#style_Healthy</styleUrl>
          <ExtendedData>
            <Data name="id"><value>423</value></Data>
            <Data name="Class"><value>Healthy</value></Data>
          </ExtendedData>
          <Point><coordinates>102.489641100,2.953771535,0</coordinates></Point>
        </Placemark>

        <Placemark>
          <name>424</name>
          <styleUrl>#style_Healthy</styleUrl>
          <ExtendedData>
            <Data name="id"><value>424</value></Data>
            <Data name="Class"><value>Healthy</value></Data>
          </ExtendedData>
          <Point><coordinates>102.489642300,2.953848276,0</coordinates></Point>
        </Placemark>

        <Placemark>
          <name>426</name>
          <styleUrl>#style_Healthy</styleUrl>
          <ExtendedData>
            <Data name="id"><value>426</value></Data>
            <Data name="Class"><value>Healthy</value></Data>
          </ExtendedData>
          <Point><coordinates>102.489701600,2.953816882,0</coordinates></Point>
        </Placemark>

        <Placemark>
          <name>427</name>
          <styleUrl>#style_Healthy</styleUrl>
          <ExtendedData>
            <Data name="id"><value>427</value></Data>
            <Data name="Class"><value>Healthy</value></Data>
          </ExtendedData>
          <Point><coordinates>102.489703900,2.953732002,0</coordinates></Point>
        </Placemark>

        <Placemark>
          <name>429</name>
          <styleUrl>#style_Healthy</styleUrl>
          <ExtendedData>
            <Data name="id"><value>429</value></Data>
            <Data name="Class"><value>Healthy</value></Data>
          </ExtendedData>
          <Point><coordinates>102.489773700,2.953844788,0</coordinates></Point>
        </Placemark>

        <Placemark>
          <name>430</name>
          <styleUrl>#style_Healthy</styleUrl>
          <ExtendedData>
            <Data name="id"><value>430</value></Data>
            <Data name="Class"><value>Healthy</value></Data>
          </ExtendedData>
          <Point><coordinates>102.489771300,2.953926180,0</coordinates></Point>
        </Placemark>

        <Placemark>
          <name>431</name>
          <styleUrl>#style_Healthy</styleUrl>
          <ExtendedData>
            <Data name="id"><value>431</value></Data>
            <Data name="Class"><value>Healthy</value></Data>
          </ExtendedData>
          <Point><coordinates>102.489698100,2.953884321,0</coordinates></Point>
        </Placemark>

        <Placemark>
          <name>432</name>
          <styleUrl>#style_Healthy</styleUrl>
          <ExtendedData>
            <Data name="id"><value>432</value></Data>
            <Data name="Class"><value>Healthy</value></Data>
          </ExtendedData>
          <Point><coordinates>102.489707400,2.953957574,0</coordinates></Point>
        </Placemark>

        <Placemark>
          <name>433</name>
          <styleUrl>#style_Healthy</styleUrl>
          <ExtendedData>
            <Data name="id"><value>433</value></Data>
            <Data name="Class"><value>Healthy</value></Data>
          </ExtendedData>
          <Point><coordinates>102.489771300,2.953999432,0</coordinates></Point>
        </Placemark>

        <Placemark>
          <name>435</name>
          <styleUrl>#style_Healthy</styleUrl>
          <ExtendedData>
            <Data name="id"><value>435</value></Data>
            <Data name="Class"><value>Healthy</value></Data>
          </ExtendedData>
          <Point><coordinates>102.489241100,2.954005246,0</coordinates></Point>
        </Placemark>

        <Placemark>
          <name>437</name>
          <styleUrl>#style_Healthy</styleUrl>
          <ExtendedData>
            <Data name="id"><value>437</value></Data>
            <Data name="Class"><value>Healthy</value></Data>
          </ExtendedData>
          <Point><coordinates>102.489982400,2.954119776,0</coordinates></Point>
        </Placemark>

        <Placemark>
          <name>439</name>
          <styleUrl>#style_Healthy</styleUrl>
          <ExtendedData>
            <Data name="id"><value>439</value></Data>
            <Data name="Class"><value>Healthy</value></Data>
          </ExtendedData>
          <Point><coordinates>102.490045200,2.953998270,0</coordinates></Point>
        </Placemark>

        <Placemark>
          <name>440</name>
          <styleUrl>#style_Healthy</styleUrl>
          <ExtendedData>
            <Data name="id"><value>440</value></Data>
            <Data name="Class"><value>Healthy</value></Data>
          </ExtendedData>
          <Point><coordinates>102.489979500,2.954036640,0</coordinates></Point>
        </Placemark>

        <Placemark>
          <name>441</name>
          <styleUrl>#style_Healthy</styleUrl>
          <ExtendedData>
            <Data name="id"><value>441</value></Data>
            <Data name="Class"><value>Healthy</value></Data>
          </ExtendedData>
          <Point><coordinates>102.489975700,2.953959899,0</coordinates></Point>
        </Placemark>

        <Placemark>
          <name>443</name>
          <styleUrl>#style_Healthy</styleUrl>
          <ExtendedData>
            <Data name="id"><value>443</value></Data>
            <Data name="Class"><value>Healthy</value></Data>
          </ExtendedData>
          <Point><coordinates>102.489901900,2.953927342,0</coordinates></Point>
        </Placemark>

        <Placemark>
          <name>444</name>
          <styleUrl>#style_Healthy</styleUrl>
          <ExtendedData>
            <Data name="id"><value>444</value></Data>
            <Data name="Class"><value>Healthy</value></Data>
          </ExtendedData>
          <Point><coordinates>102.489904200,2.953852927,0</coordinates></Point>
        </Placemark>

        <Placemark>
          <name>446</name>
          <styleUrl>#style_Healthy</styleUrl>
          <ExtendedData>
            <Data name="id"><value>446</value></Data>
            <Data name="Class"><value>Healthy</value></Data>
          </ExtendedData>
          <Point><coordinates>102.490057700,2.953778802,0</coordinates></Point>
        </Placemark>

        <Placemark>
          <name>448</name>
          <styleUrl>#style_Healthy</styleUrl>
          <ExtendedData>
            <Data name="id"><value>448</value></Data>
            <Data name="Class"><value>Healthy</value></Data>
          </ExtendedData>
          <Point><coordinates>102.489900100,2.953777639,0</coordinates></Point>
        </Placemark>

        <Placemark>
          <name>449</name>
          <styleUrl>#style_Healthy</styleUrl>
          <ExtendedData>
            <Data name="id"><value>449</value></Data>
            <Data name="Class"><value>Healthy</value></Data>
          </ExtendedData>
          <Point><coordinates>102.489904800,2.953702642,0</coordinates></Point>
        </Placemark>

        <Placemark>
          <name>450</name>
          <styleUrl>#style_Healthy</styleUrl>
          <ExtendedData>
            <Data name="id"><value>450</value></Data>
            <Data name="Class"><value>Healthy</value></Data>
          </ExtendedData>
          <Point><coordinates>102.489965800,2.953657295,0</coordinates></Point>
        </Placemark>

        <Placemark>
          <name>451</name>
          <styleUrl>#style_Healthy</styleUrl>
          <ExtendedData>
            <Data name="id"><value>451</value></Data>
            <Data name="Class"><value>Healthy</value></Data>
          </ExtendedData>
          <Point><coordinates>102.490040800,2.953691015,0</coordinates></Point>
        </Placemark>

        <Placemark>
          <name>452</name>
          <styleUrl>#style_Healthy</styleUrl>
          <ExtendedData>
            <Data name="id"><value>452</value></Data>
            <Data name="Class"><value>Healthy</value></Data>
          </ExtendedData>
          <Point><coordinates>102.490028000,2.953614274,0</coordinates></Point>
        </Placemark>

        <Placemark>
          <name>453</name>
          <styleUrl>#style_Healthy</styleUrl>
          <ExtendedData>
            <Data name="id"><value>453</value></Data>
            <Data name="Class"><value>Healthy</value></Data>
          </ExtendedData>
          <Point><coordinates>102.489969300,2.953584043,0</coordinates></Point>
        </Placemark>

        <Placemark>
          <name>454</name>
          <styleUrl>#style_Healthy</styleUrl>
          <ExtendedData>
            <Data name="id"><value>454</value></Data>
            <Data name="Class"><value>Healthy</value></Data>
          </ExtendedData>
          <Point><coordinates>102.489906500,2.953627646,0</coordinates></Point>
        </Placemark>

        <Placemark>
          <name>456</name>
          <styleUrl>#style_Healthy</styleUrl>
          <ExtendedData>
            <Data name="id"><value>456</value></Data>
            <Data name="Class"><value>Healthy</value></Data>
          </ExtendedData>
          <Point><coordinates>102.490026900,2.953516604,0</coordinates></Point>
        </Placemark>

        <Placemark>
          <name>457</name>
          <styleUrl>#style_Healthy</styleUrl>
          <ExtendedData>
            <Data name="id"><value>457</value></Data>
            <Data name="Class"><value>Healthy</value></Data>
          </ExtendedData>
          <Point><coordinates>102.489907700,2.953464280,0</coordinates></Point>
        </Placemark>

        <Placemark>
          <name>458</name>
          <styleUrl>#style_Healthy</styleUrl>
          <ExtendedData>
            <Data name="id"><value>458</value></Data>
            <Data name="Class"><value>Healthy</value></Data>
          </ExtendedData>
          <Point><coordinates>102.490023900,2.953447420,0</coordinates></Point>
        </Placemark>

        <Placemark>
          <name>459</name>
          <styleUrl>#style_Healthy</styleUrl>
          <ExtendedData>
            <Data name="id"><value>459</value></Data>
            <Data name="Class"><value>Healthy</value></Data>
          </ExtendedData>
          <Point><coordinates>102.490032700,2.953372424,0</coordinates></Point>
        </Placemark>

        <Placemark>
          <name>462</name>
          <styleUrl>#style_Healthy</styleUrl>
          <ExtendedData>
            <Data name="id"><value>462</value></Data>
            <Data name="Class"><value>Healthy</value></Data>
          </ExtendedData>
          <Point><coordinates>102.487112400,2.953317193,0</coordinates></Point>
        </Placemark>

        <Placemark>
          <name>463</name>
          <styleUrl>#style_Healthy</styleUrl>
          <ExtendedData>
            <Data name="id"><value>463</value></Data>
            <Data name="Class"><value>Healthy</value></Data>
          </ExtendedData>
          <Point><coordinates>102.487113600,2.953250917,0</coordinates></Point>
        </Placemark>

        <Placemark>
          <name>464</name>
          <styleUrl>#style_Healthy</styleUrl>
          <ExtendedData>
            <Data name="id"><value>464</value></Data>
            <Data name="Class"><value>Healthy</value></Data>
          </ExtendedData>
          <Point><coordinates>102.487111300,2.953168362,0</coordinates></Point>
        </Placemark>

        <Placemark>
          <name>465</name>
          <styleUrl>#style_Healthy</styleUrl>
          <ExtendedData>
            <Data name="id"><value>465</value></Data>
            <Data name="Class"><value>Healthy</value></Data>
          </ExtendedData>
          <Point><coordinates>102.487042700,2.953217197,0</coordinates></Point>
        </Placemark>

        <Placemark>
          <name>466</name>
          <styleUrl>#style_Healthy</styleUrl>
          <ExtendedData>
            <Data name="id"><value>466</value></Data>
            <Data name="Class"><value>Healthy</value></Data>
          </ExtendedData>
          <Point><coordinates>102.487045000,2.953133480,0</coordinates></Point>
        </Placemark>

        <Placemark>
          <name>467</name>
          <styleUrl>#style_Healthy</styleUrl>
          <ExtendedData>
            <Data name="id"><value>467</value></Data>
            <Data name="Class"><value>Healthy</value></Data>
          </ExtendedData>
          <Point><coordinates>102.486978700,2.953091621,0</coordinates></Point>
        </Placemark>

        <Placemark>
          <name>468</name>
          <styleUrl>#style_Healthy</styleUrl>
          <ExtendedData>
            <Data name="id"><value>468</value></Data>
            <Data name="Class"><value>Healthy</value></Data>
          </ExtendedData>
          <Point><coordinates>102.486905500,2.952976510,0</coordinates></Point>
        </Placemark>

        <Placemark>
          <name>469</name>
          <styleUrl>#style_Healthy</styleUrl>
          <ExtendedData>
            <Data name="id"><value>469</value></Data>
            <Data name="Class"><value>Healthy</value></Data>
          </ExtendedData>
          <Point><coordinates>102.486910100,2.952897443,0</coordinates></Point>
        </Placemark>

        <Placemark>
          <name>470</name>
          <styleUrl>#style_Healthy</styleUrl>
          <ExtendedData>
            <Data name="id"><value>470</value></Data>
            <Data name="Class"><value>Healthy</value></Data>
          </ExtendedData>
          <Point><coordinates>102.486907800,2.952818377,0</coordinates></Point>
        </Placemark>

        <Placemark>
          <name>471</name>
          <styleUrl>#style_Healthy</styleUrl>
          <ExtendedData>
            <Data name="id"><value>471</value></Data>
            <Data name="Class"><value>Healthy</value></Data>
          </ExtendedData>
          <Point><coordinates>102.486907800,2.952741636,0</coordinates></Point>
        </Placemark>

        <Placemark>
          <name>472</name>
          <styleUrl>#style_Healthy</styleUrl>
          <ExtendedData>
            <Data name="id"><value>472</value></Data>
            <Data name="Class"><value>Healthy</value></Data>
          </ExtendedData>
          <Point><coordinates>102.486910100,2.952666058,0</coordinates></Point>
        </Placemark>

        <Placemark>
          <name>473</name>
          <styleUrl>#style_Healthy</styleUrl>
          <ExtendedData>
            <Data name="id"><value>473</value></Data>
            <Data name="Class"><value>Healthy</value></Data>
          </ExtendedData>
          <Point><coordinates>102.486971700,2.952699777,0</coordinates></Point>
        </Placemark>

        <Placemark>
          <name>474</name>
          <styleUrl>#style_Healthy</styleUrl>
          <ExtendedData>
            <Data name="id"><value>474</value></Data>
            <Data name="Class"><value>Healthy</value></Data>
          </ExtendedData>
          <Point><coordinates>102.486972900,2.952780006,0</coordinates></Point>
        </Placemark>

        <Placemark>
          <name>476</name>
          <styleUrl>#style_Healthy</styleUrl>
          <ExtendedData>
            <Data name="id"><value>476</value></Data>
            <Data name="Class"><value>Healthy</value></Data>
          </ExtendedData>
          <Point><coordinates>102.486983400,2.952933488,0</coordinates></Point>
        </Placemark>

        <Placemark>
          <name>478</name>
          <styleUrl>#style_Healthy</styleUrl>
          <ExtendedData>
            <Data name="id"><value>478</value></Data>
            <Data name="Class"><value>Healthy</value></Data>
          </ExtendedData>
          <Point><coordinates>102.487045000,2.952979998,0</coordinates></Point>
        </Placemark>

        <Placemark>
          <name>483</name>
          <styleUrl>#style_Healthy</styleUrl>
          <ExtendedData>
            <Data name="id"><value>483</value></Data>
            <Data name="Class"><value>Healthy</value></Data>
          </ExtendedData>
          <Point><coordinates>102.487038000,2.952671871,0</coordinates></Point>
        </Placemark>

        <Placemark>
          <name>486</name>
          <styleUrl>#style_Healthy</styleUrl>
          <ExtendedData>
            <Data name="id"><value>486</value></Data>
            <Data name="Class"><value>Healthy</value></Data>
          </ExtendedData>
          <Point><coordinates>102.487172900,2.952671871,0</coordinates></Point>
        </Placemark>

        <Placemark>
          <name>487</name>
          <styleUrl>#style_Healthy</styleUrl>
          <ExtendedData>
            <Data name="id"><value>487</value></Data>
            <Data name="Class"><value>Healthy</value></Data>
          </ExtendedData>
          <Point><coordinates>102.487236900,2.952706754,0</coordinates></Point>
        </Placemark>

        <Placemark>
          <name>488</name>
          <styleUrl>#style_Healthy</styleUrl>
          <ExtendedData>
            <Data name="id"><value>488</value></Data>
            <Data name="Class"><value>Healthy</value></Data>
          </ExtendedData>
          <Point><coordinates>102.487300800,2.952750938,0</coordinates></Point>
        </Placemark>

        <Placemark>
          <name>489</name>
          <styleUrl>#style_Healthy</styleUrl>
          <ExtendedData>
            <Data name="id"><value>489</value></Data>
            <Data name="Class"><value>Healthy</value></Data>
          </ExtendedData>
          <Point><coordinates>102.487234500,2.952784657,0</coordinates></Point>
        </Placemark>

        <Placemark>
          <name>490</name>
          <styleUrl>#style_Healthy</styleUrl>
          <ExtendedData>
            <Data name="id"><value>490</value></Data>
            <Data name="Class"><value>Healthy</value></Data>
          </ExtendedData>
          <Point><coordinates>102.487234500,2.952857910,0</coordinates></Point>
        </Placemark>

        <Placemark>
          <name>491</name>
          <styleUrl>#style_Healthy</styleUrl>
          <ExtendedData>
            <Data name="id"><value>491</value></Data>
            <Data name="Class"><value>Healthy</value></Data>
          </ExtendedData>
          <Point><coordinates>102.487300800,2.952820702,0</coordinates></Point>
        </Placemark>

        <Placemark>
          <name>494</name>
          <styleUrl>#style_Healthy</styleUrl>
          <ExtendedData>
            <Data name="id"><value>494</value></Data>
            <Data name="Class"><value>Healthy</value></Data>
          </ExtendedData>
          <Point><coordinates>102.487371700,2.952780006,0</coordinates></Point>
        </Placemark>

        <Placemark>
          <name>495</name>
          <styleUrl>#style_Healthy</styleUrl>
          <ExtendedData>
            <Data name="id"><value>495</value></Data>
            <Data name="Class"><value>Healthy</value></Data>
          </ExtendedData>
          <Point><coordinates>102.487372900,2.952705591,0</coordinates></Point>
        </Placemark>

        <Placemark>
          <name>496</name>
          <styleUrl>#style_Healthy</styleUrl>
          <ExtendedData>
            <Data name="id"><value>496</value></Data>
            <Data name="Class"><value>Healthy</value></Data>
          </ExtendedData>
          <Point><coordinates>102.487307800,2.952670709,0</coordinates></Point>
        </Placemark>

        <Placemark>
          <name>497</name>
          <styleUrl>#style_Healthy</styleUrl>
          <ExtendedData>
            <Data name="id"><value>497</value></Data>
            <Data name="Class"><value>Healthy</value></Data>
          </ExtendedData>
          <Point><coordinates>102.487178700,2.952898606,0</coordinates></Point>
        </Placemark>

        <Placemark>
          <name>498</name>
          <styleUrl>#style_Healthy</styleUrl>
          <ExtendedData>
            <Data name="id"><value>498</value></Data>
            <Data name="Class"><value>Healthy</value></Data>
          </ExtendedData>
          <Point><coordinates>102.487111300,2.952860236,0</coordinates></Point>
        </Placemark>

        <Placemark>
          <name>499</name>
          <styleUrl>#style_Healthy</styleUrl>
          <ExtendedData>
            <Data name="id"><value>499</value></Data>
            <Data name="Class"><value>Healthy</value></Data>
          </ExtendedData>
          <Point><coordinates>102.487111300,2.952939302,0</coordinates></Point>
        </Placemark>

        <Placemark>
          <name>500</name>
          <styleUrl>#style_Healthy</styleUrl>
          <ExtendedData>
            <Data name="id"><value>500</value></Data>
            <Data name="Class"><value>Healthy</value></Data>
          </ExtendedData>
          <Point><coordinates>102.487107800,2.953014880,0</coordinates></Point>
        </Placemark>

        <Placemark>
          <name>501</name>
          <styleUrl>#style_Healthy</styleUrl>
          <ExtendedData>
            <Data name="id"><value>501</value></Data>
            <Data name="Class"><value>Healthy</value></Data>
          </ExtendedData>
          <Point><coordinates>102.487107800,2.953092784,0</coordinates></Point>
        </Placemark>

        <Placemark>
          <name>503</name>
          <styleUrl>#style_Healthy</styleUrl>
          <ExtendedData>
            <Data name="id"><value>503</value></Data>
            <Data name="Class"><value>Healthy</value></Data>
          </ExtendedData>
          <Point><coordinates>102.487172900,2.953055576,0</coordinates></Point>
        </Placemark>

        <Placemark>
          <name>504</name>
          <styleUrl>#style_Healthy</styleUrl>
          <ExtendedData>
            <Data name="id"><value>504</value></Data>
            <Data name="Class"><value>Healthy</value></Data>
          </ExtendedData>
          <Point><coordinates>102.487174100,2.952975347,0</coordinates></Point>
        </Placemark>

        <Placemark>
          <name>506</name>
          <styleUrl>#style_Healthy</styleUrl>
          <ExtendedData>
            <Data name="id"><value>506</value></Data>
            <Data name="Class"><value>Healthy</value></Data>
          </ExtendedData>
          <Point><coordinates>102.487241500,2.953086970,0</coordinates></Point>
        </Placemark>

        <Placemark>
          <name>507</name>
          <styleUrl>#style_Healthy</styleUrl>
          <ExtendedData>
            <Data name="id"><value>507</value></Data>
            <Data name="Class"><value>Healthy</value></Data>
          </ExtendedData>
          <Point><coordinates>102.487241500,2.953166037,0</coordinates></Point>
        </Placemark>

        <Placemark>
          <name>508</name>
          <styleUrl>#style_Healthy</styleUrl>
          <ExtendedData>
            <Data name="id"><value>508</value></Data>
            <Data name="Class"><value>Healthy</value></Data>
          </ExtendedData>
          <Point><coordinates>102.487176400,2.953206733,0</coordinates></Point>
        </Placemark>

        <Placemark>
          <name>509</name>
          <styleUrl>#style_Healthy</styleUrl>
          <ExtendedData>
            <Data name="id"><value>509</value></Data>
            <Data name="Class"><value>Healthy</value></Data>
          </ExtendedData>
          <Point><coordinates>102.487177600,2.953282311,0</coordinates></Point>
        </Placemark>

        <Placemark>
          <name>510</name>
          <styleUrl>#style_Healthy</styleUrl>
          <ExtendedData>
            <Data name="id"><value>510</value></Data>
            <Data name="Class"><value>Healthy</value></Data>
          </ExtendedData>
          <Point><coordinates>102.487177600,2.953357889,0</coordinates></Point>
        </Placemark>

        <Placemark>
          <name>511</name>
          <styleUrl>#style_Healthy</styleUrl>
          <ExtendedData>
            <Data name="id"><value>511</value></Data>
            <Data name="Class"><value>Healthy</value></Data>
          </ExtendedData>
          <Point><coordinates>102.487248500,2.953323007,0</coordinates></Point>
        </Placemark>

        <Placemark>
          <name>512</name>
          <styleUrl>#style_Healthy</styleUrl>
          <ExtendedData>
            <Data name="id"><value>512</value></Data>
            <Data name="Class"><value>Healthy</value></Data>
          </ExtendedData>
          <Point><coordinates>102.487241500,2.953246266,0</coordinates></Point>
        </Placemark>

        <Placemark>
          <name>516</name>
          <styleUrl>#style_Healthy</styleUrl>
          <ExtendedData>
            <Data name="id"><value>516</value></Data>
            <Data name="Class"><value>Healthy</value></Data>
          </ExtendedData>
          <Point><coordinates>102.487308900,2.953128829,0</coordinates></Point>
        </Placemark>

        <Placemark>
          <name>517</name>
          <styleUrl>#style_Healthy</styleUrl>
          <ExtendedData>
            <Data name="id"><value>517</value></Data>
            <Data name="Class"><value>Healthy</value></Data>
          </ExtendedData>
          <Point><coordinates>102.487311300,2.953057902,0</coordinates></Point>
        </Placemark>

        <Placemark>
          <name>519</name>
          <styleUrl>#style_Healthy</styleUrl>
          <ExtendedData>
            <Data name="id"><value>519</value></Data>
            <Data name="Class"><value>Healthy</value></Data>
          </ExtendedData>
          <Point><coordinates>102.487377500,2.952935814,0</coordinates></Point>
        </Placemark>

        <Placemark>
          <name>522</name>
          <styleUrl>#style_Healthy</styleUrl>
          <ExtendedData>
            <Data name="id"><value>522</value></Data>
            <Data name="Class"><value>Healthy</value></Data>
          </ExtendedData>
          <Point><coordinates>102.487377500,2.953162549,0</coordinates></Point>
        </Placemark>

        <Placemark>
          <name>524</name>
          <styleUrl>#style_Healthy</styleUrl>
          <ExtendedData>
            <Data name="id"><value>524</value></Data>
            <Data name="Class"><value>Healthy</value></Data>
          </ExtendedData>
          <Point><coordinates>102.487377500,2.953318356,0</coordinates></Point>
        </Placemark>

        <Placemark>
          <name>525</name>
          <styleUrl>#style_Healthy</styleUrl>
          <ExtendedData>
            <Data name="id"><value>525</value></Data>
            <Data name="Class"><value>Healthy</value></Data>
          </ExtendedData>
          <Point><coordinates>102.487442700,2.953356727,0</coordinates></Point>
        </Placemark>

        <Placemark>
          <name>527</name>
          <styleUrl>#style_Healthy</styleUrl>
          <ExtendedData>
            <Data name="id"><value>527</value></Data>
            <Data name="Class"><value>Healthy</value></Data>
          </ExtendedData>
          <Point><coordinates>102.487438000,2.953204407,0</coordinates></Point>
        </Placemark>

        <Placemark>
          <name>528</name>
          <styleUrl>#style_Healthy</styleUrl>
          <ExtendedData>
            <Data name="id"><value>528</value></Data>
            <Data name="Class"><value>Healthy</value></Data>
          </ExtendedData>
          <Point><coordinates>102.487439200,2.953126504,0</coordinates></Point>
        </Placemark>

        <Placemark>
          <name>533</name>
          <styleUrl>#style_Healthy</styleUrl>
          <ExtendedData>
            <Data name="id"><value>533</value></Data>
            <Data name="Class"><value>Healthy</value></Data>
          </ExtendedData>
          <Point><coordinates>102.487510100,2.953319519,0</coordinates></Point>
        </Placemark>

        <Placemark>
          <name>534</name>
          <styleUrl>#style_Healthy</styleUrl>
          <ExtendedData>
            <Data name="id"><value>534</value></Data>
            <Data name="Class"><value>Healthy</value></Data>
          </ExtendedData>
          <Point><coordinates>102.487575200,2.953355564,0</coordinates></Point>
        </Placemark>

        <Placemark>
          <name>535</name>
          <styleUrl>#style_Healthy</styleUrl>
          <ExtendedData>
            <Data name="id"><value>535</value></Data>
            <Data name="Class"><value>Healthy</value></Data>
          </ExtendedData>
          <Point><coordinates>102.487575200,2.953281148,0</coordinates></Point>
        </Placemark>

        <Placemark>
          <name>538</name>
          <styleUrl>#style_Healthy</styleUrl>
          <ExtendedData>
            <Data name="id"><value>538</value></Data>
            <Data name="Class"><value>Healthy</value></Data>
          </ExtendedData>
          <Point><coordinates>102.487639200,2.953169525,0</coordinates></Point>
        </Placemark>

        <Placemark>
          <name>539</name>
          <styleUrl>#style_Healthy</styleUrl>
          <ExtendedData>
            <Data name="id"><value>539</value></Data>
            <Data name="Class"><value>Healthy</value></Data>
          </ExtendedData>
          <Point><coordinates>102.487642600,2.953239290,0</coordinates></Point>
        </Placemark>

        <Placemark>
          <name>540</name>
          <styleUrl>#style_Healthy</styleUrl>
          <ExtendedData>
            <Data name="id"><value>540</value></Data>
            <Data name="Class"><value>Healthy</value></Data>
          </ExtendedData>
          <Point><coordinates>102.487639200,2.953323007,0</coordinates></Point>
        </Placemark>

        <Placemark>
          <name>541</name>
          <styleUrl>#style_Healthy</styleUrl>
          <ExtendedData>
            <Data name="id"><value>541</value></Data>
            <Data name="Class"><value>Healthy</value></Data>
          </ExtendedData>
          <Point><coordinates>102.487706600,2.953278823,0</coordinates></Point>
        </Placemark>

        <Placemark>
          <name>542</name>
          <styleUrl>#style_Healthy</styleUrl>
          <ExtendedData>
            <Data name="id"><value>542</value></Data>
            <Data name="Class"><value>Healthy</value></Data>
          </ExtendedData>
          <Point><coordinates>102.487707800,2.953355564,0</coordinates></Point>
        </Placemark>

        <Placemark>
          <name>543</name>
          <styleUrl>#style_Healthy</styleUrl>
          <ExtendedData>
            <Data name="id"><value>543</value></Data>
            <Data name="Class"><value>Healthy</value></Data>
          </ExtendedData>
          <Point><coordinates>102.487769400,2.953317193,0</coordinates></Point>
        </Placemark>

        <Placemark>
          <name>544</name>
          <styleUrl>#style_Healthy</styleUrl>
          <ExtendedData>
            <Data name="id"><value>544</value></Data>
            <Data name="Class"><value>Healthy</value></Data>
          </ExtendedData>
          <Point><coordinates>102.487842600,2.953359052,0</coordinates></Point>
        </Placemark>

        <Placemark>
          <name>545</name>
          <styleUrl>#style_Healthy</styleUrl>
          <ExtendedData>
            <Data name="id"><value>545</value></Data>
            <Data name="Class"><value>Healthy</value></Data>
          </ExtendedData>
          <Point><coordinates>102.487908900,2.953324170,0</coordinates></Point>
        </Placemark>

        <Placemark>
          <name>547</name>
          <styleUrl>#style_Healthy</styleUrl>
          <ExtendedData>
            <Data name="id"><value>547</value></Data>
            <Data name="Class"><value>Healthy</value></Data>
          </ExtendedData>
          <Point><coordinates>102.487775200,2.953240452,0</coordinates></Point>
        </Placemark>

        <Placemark>
          <name>548</name>
          <styleUrl>#style_Healthy</styleUrl>
          <ExtendedData>
            <Data name="id"><value>548</value></Data>
            <Data name="Class"><value>Healthy</value></Data>
          </ExtendedData>
          <Point><coordinates>102.487708900,2.953205570,0</coordinates></Point>
        </Placemark>

        <Placemark>
          <name>549</name>
          <styleUrl>#style_Healthy</styleUrl>
          <ExtendedData>
            <Data name="id"><value>549</value></Data>
            <Data name="Class"><value>Healthy</value></Data>
          </ExtendedData>
          <Point><coordinates>102.487776400,2.953161386,0</coordinates></Point>
        </Placemark>

        <Placemark>
          <name>551</name>
          <styleUrl>#style_Healthy</styleUrl>
          <ExtendedData>
            <Data name="id"><value>551</value></Data>
            <Data name="Class"><value>Healthy</value></Data>
          </ExtendedData>
          <Point><coordinates>102.487906600,2.953089296,0</coordinates></Point>
        </Placemark>

        <Placemark>
          <name>555</name>
          <styleUrl>#style_Healthy</styleUrl>
          <ExtendedData>
            <Data name="id"><value>555</value></Data>
            <Data name="Class"><value>Healthy</value></Data>
          </ExtendedData>
          <Point><coordinates>102.487843800,2.953043949,0</coordinates></Point>
        </Placemark>

        <Placemark>
          <name>556</name>
          <styleUrl>#style_Healthy</styleUrl>
          <ExtendedData>
            <Data name="id"><value>556</value></Data>
            <Data name="Class"><value>Healthy</value></Data>
          </ExtendedData>
          <Point><coordinates>102.487769400,2.953086970,0</coordinates></Point>
        </Placemark>

        <Placemark>
          <name>562</name>
          <styleUrl>#style_Healthy</styleUrl>
          <ExtendedData>
            <Data name="id"><value>562</value></Data>
            <Data name="Class"><value>Healthy</value></Data>
          </ExtendedData>
          <Point><coordinates>102.487443800,2.952899769,0</coordinates></Point>
        </Placemark>

        <Placemark>
          <name>563</name>
          <styleUrl>#style_Healthy</styleUrl>
          <ExtendedData>
            <Data name="id"><value>563</value></Data>
            <Data name="Class"><value>Healthy</value></Data>
          </ExtendedData>
          <Point><coordinates>102.487440300,2.952816051,0</coordinates></Point>
        </Placemark>

        <Placemark>
          <name>564</name>
          <styleUrl>#style_Healthy</styleUrl>
          <ExtendedData>
            <Data name="id"><value>564</value></Data>
            <Data name="Class"><value>Healthy</value></Data>
          </ExtendedData>
          <Point><coordinates>102.487435700,2.952741636,0</coordinates></Point>
        </Placemark>

        <Placemark>
          <name>565</name>
          <styleUrl>#style_Healthy</styleUrl>
          <ExtendedData>
            <Data name="id"><value>565</value></Data>
            <Data name="Class"><value>Healthy</value></Data>
          </ExtendedData>
          <Point><coordinates>102.487438000,2.952662569,0</coordinates></Point>
        </Placemark>

        <Placemark>
          <name>566</name>
          <styleUrl>#style_Healthy</styleUrl>
          <ExtendedData>
            <Data name="id"><value>566</value></Data>
            <Data name="Class"><value>Healthy</value></Data>
          </ExtendedData>
          <Point><coordinates>102.487504300,2.952700940,0</coordinates></Point>
        </Placemark>

        <Placemark>
          <name>567</name>
          <styleUrl>#style_Healthy</styleUrl>
          <ExtendedData>
            <Data name="id"><value>567</value></Data>
            <Data name="Class"><value>Healthy</value></Data>
          </ExtendedData>
          <Point><coordinates>102.487574000,2.952671871,0</coordinates></Point>
        </Placemark>

        <Placemark>
          <name>568</name>
          <styleUrl>#style_Healthy</styleUrl>
          <ExtendedData>
            <Data name="id"><value>568</value></Data>
            <Data name="Class"><value>Healthy</value></Data>
          </ExtendedData>
          <Point><coordinates>102.487641500,2.952703265,0</coordinates></Point>
        </Placemark>

        <Placemark>
          <name>569</name>
          <styleUrl>#style_Healthy</styleUrl>
          <ExtendedData>
            <Data name="id"><value>569</value></Data>
            <Data name="Class"><value>Healthy</value></Data>
          </ExtendedData>
          <Point><coordinates>102.487575200,2.952743961,0</coordinates></Point>
        </Placemark>

        <Placemark>
          <name>570</name>
          <styleUrl>#style_Healthy</styleUrl>
          <ExtendedData>
            <Data name="id"><value>570</value></Data>
            <Data name="Class"><value>Healthy</value></Data>
          </ExtendedData>
          <Point><coordinates>102.487500800,2.952781169,0</coordinates></Point>
        </Placemark>

        <Placemark>
          <name>573</name>
          <styleUrl>#style_Healthy</styleUrl>
          <ExtendedData>
            <Data name="id"><value>573</value></Data>
            <Data name="Class"><value>Healthy</value></Data>
          </ExtendedData>
          <Point><coordinates>102.487574000,2.952899769,0</coordinates></Point>
        </Placemark>

        <Placemark>
          <name>575</name>
          <styleUrl>#style_Healthy</styleUrl>
          <ExtendedData>
            <Data name="id"><value>575</value></Data>
            <Data name="Class"><value>Healthy</value></Data>
          </ExtendedData>
          <Point><coordinates>102.487639200,2.952853259,0</coordinates></Point>
        </Placemark>

        <Placemark>
          <name>576</name>
          <styleUrl>#style_Healthy</styleUrl>
          <ExtendedData>
            <Data name="id"><value>576</value></Data>
            <Data name="Class"><value>Healthy</value></Data>
          </ExtendedData>
          <Point><coordinates>102.487635700,2.952782332,0</coordinates></Point>
        </Placemark>

        <Placemark>
          <name>577</name>
          <styleUrl>#style_Healthy</styleUrl>
          <ExtendedData>
            <Data name="id"><value>577</value></Data>
            <Data name="Class"><value>Healthy</value></Data>
          </ExtendedData>
          <Point><coordinates>102.487706600,2.952743961,0</coordinates></Point>
        </Placemark>

        <Placemark>
          <name>579</name>
          <styleUrl>#style_Healthy</styleUrl>
          <ExtendedData>
            <Data name="id"><value>579</value></Data>
            <Data name="Class"><value>Healthy</value></Data>
          </ExtendedData>
          <Point><coordinates>102.487764700,2.952697452,0</coordinates></Point>
        </Placemark>

        <Placemark>
          <name>580</name>
          <styleUrl>#style_Healthy</styleUrl>
          <ExtendedData>
            <Data name="id"><value>580</value></Data>
            <Data name="Class"><value>Healthy</value></Data>
          </ExtendedData>
          <Point><coordinates>102.487842600,2.952743961,0</coordinates></Point>
        </Placemark>

        <Placemark>
          <name>581</name>
          <styleUrl>#style_Healthy</styleUrl>
          <ExtendedData>
            <Data name="id"><value>581</value></Data>
            <Data name="Class"><value>Healthy</value></Data>
          </ExtendedData>
          <Point><coordinates>102.487771700,2.952776518,0</coordinates></Point>
        </Placemark>

        <Placemark>
          <name>582</name>
          <styleUrl>#style_Healthy</styleUrl>
          <ExtendedData>
            <Data name="id"><value>582</value></Data>
            <Data name="Class"><value>Healthy</value></Data>
          </ExtendedData>
          <Point><coordinates>102.487700800,2.952817214,0</coordinates></Point>
        </Placemark>

        <Placemark>
          <name>583</name>
          <styleUrl>#style_Healthy</styleUrl>
          <ExtendedData>
            <Data name="id"><value>583</value></Data>
            <Data name="Class"><value>Healthy</value></Data>
          </ExtendedData>
          <Point><coordinates>102.487776400,2.952857910,0</coordinates></Point>
        </Placemark>

        <Placemark>
          <name>586</name>
          <styleUrl>#style_Healthy</styleUrl>
          <ExtendedData>
            <Data name="id"><value>586</value></Data>
            <Data name="Class"><value>Healthy</value></Data>
          </ExtendedData>
          <Point><coordinates>102.487571700,2.952973022,0</coordinates></Point>
        </Placemark>

        <Placemark>
          <name>587</name>
          <styleUrl>#style_Healthy</styleUrl>
          <ExtendedData>
            <Data name="id"><value>587</value></Data>
            <Data name="Class"><value>Healthy</value></Data>
          </ExtendedData>
          <Point><coordinates>102.487642600,2.953012555,0</coordinates></Point>
        </Placemark>

        <Placemark>
          <name>589</name>
          <styleUrl>#style_Healthy</styleUrl>
          <ExtendedData>
            <Data name="id"><value>589</value></Data>
            <Data name="Class"><value>Healthy</value></Data>
          </ExtendedData>
          <Point><coordinates>102.487705400,2.952975347,0</coordinates></Point>
        </Placemark>

        <Placemark>
          <name>590</name>
          <styleUrl>#style_Healthy</styleUrl>
          <ExtendedData>
            <Data name="id"><value>590</value></Data>
            <Data name="Class"><value>Healthy</value></Data>
          </ExtendedData>
          <Point><coordinates>102.487771700,2.953010229,0</coordinates></Point>
        </Placemark>

        <Placemark>
          <name>591</name>
          <styleUrl>#style_Healthy</styleUrl>
          <ExtendedData>
            <Data name="id"><value>591</value></Data>
            <Data name="Class"><value>Healthy</value></Data>
          </ExtendedData>
          <Point><coordinates>102.487842600,2.952974184,0</coordinates></Point>
        </Placemark>

        <Placemark>
          <name>592</name>
          <styleUrl>#style_Healthy</styleUrl>
          <ExtendedData>
            <Data name="id"><value>592</value></Data>
            <Data name="Class"><value>Healthy</value></Data>
          </ExtendedData>
          <Point><coordinates>102.487774000,2.952931163,0</coordinates></Point>
        </Placemark>

        <Placemark>
          <name>593</name>
          <styleUrl>#style_Healthy</styleUrl>
          <ExtendedData>
            <Data name="id"><value>593</value></Data>
            <Data name="Class"><value>Healthy</value></Data>
          </ExtendedData>
          <Point><coordinates>102.487838000,2.952892792,0</coordinates></Point>
        </Placemark>

        <Placemark>
          <name>595</name>
          <styleUrl>#style_Healthy</styleUrl>
          <ExtendedData>
            <Data name="id"><value>595</value></Data>
            <Data name="Class"><value>Healthy</value></Data>
          </ExtendedData>
          <Point><coordinates>102.487905400,2.952777681,0</coordinates></Point>
        </Placemark>

        <Placemark>
          <name>596</name>
          <styleUrl>#style_Healthy</styleUrl>
          <ExtendedData>
            <Data name="id"><value>596</value></Data>
            <Data name="Class"><value>Healthy</value></Data>
          </ExtendedData>
          <Point><coordinates>102.487839200,2.952817214,0</coordinates></Point>
        </Placemark>

        <Placemark>
          <name>598</name>
          <styleUrl>#style_Healthy</styleUrl>
          <ExtendedData>
            <Data name="id"><value>598</value></Data>
            <Data name="Class"><value>Healthy</value></Data>
          </ExtendedData>
          <Point><coordinates>102.487838000,2.952657918,0</coordinates></Point>
        </Placemark>

        <Placemark>
          <name>599</name>
          <styleUrl>#style_Healthy</styleUrl>
          <ExtendedData>
            <Data name="id"><value>599</value></Data>
            <Data name="Class"><value>Healthy</value></Data>
          </ExtendedData>
          <Point><coordinates>102.487975200,2.952739310,0</coordinates></Point>
        </Placemark>

        <Placemark>
          <name>600</name>
          <styleUrl>#style_Healthy</styleUrl>
          <ExtendedData>
            <Data name="id"><value>600</value></Data>
            <Data name="Class"><value>Healthy</value></Data>
          </ExtendedData>
          <Point><coordinates>102.487971700,2.952667220,0</coordinates></Point>
        </Placemark>

        <Placemark>
          <name>601</name>
          <styleUrl>#style_Healthy</styleUrl>
          <ExtendedData>
            <Data name="id"><value>601</value></Data>
            <Data name="Class"><value>Healthy</value></Data>
          </ExtendedData>
          <Point><coordinates>102.488035700,2.952699777,0</coordinates></Point>
        </Placemark>

        <Placemark>
          <name>602</name>
          <styleUrl>#style_Healthy</styleUrl>
          <ExtendedData>
            <Data name="id"><value>602</value></Data>
            <Data name="Class"><value>Healthy</value></Data>
          </ExtendedData>
          <Point><coordinates>102.487838000,2.953206733,0</coordinates></Point>
        </Placemark>

        <Placemark>
          <name>603</name>
          <styleUrl>#style_Healthy</styleUrl>
          <ExtendedData>
            <Data name="id"><value>603</value></Data>
            <Data name="Class"><value>Healthy</value></Data>
          </ExtendedData>
          <Point><coordinates>102.487906600,2.953166037,0</coordinates></Point>
        </Placemark>

        <Placemark>
          <name>606</name>
          <styleUrl>#style_Healthy</styleUrl>
          <ExtendedData>
            <Data name="id"><value>606</value></Data>
            <Data name="Class"><value>Healthy</value></Data>
          </ExtendedData>
          <Point><coordinates>102.487977500,2.953352076,0</coordinates></Point>
        </Placemark>

        <Placemark>
          <name>611</name>
          <styleUrl>#style_Healthy</styleUrl>
          <ExtendedData>
            <Data name="id"><value>611</value></Data>
            <Data name="Class"><value>Healthy</value></Data>
          </ExtendedData>
          <Point><coordinates>102.488041500,2.953236964,0</coordinates></Point>
        </Placemark>

        <Placemark>
          <name>612</name>
          <styleUrl>#style_Healthy</styleUrl>
          <ExtendedData>
            <Data name="id"><value>612</value></Data>
            <Data name="Class"><value>Healthy</value></Data>
          </ExtendedData>
          <Point><coordinates>102.488039100,2.953321844,0</coordinates></Point>
        </Placemark>

        <Placemark>
          <name>613</name>
          <styleUrl>#style_Healthy</styleUrl>
          <ExtendedData>
            <Data name="id"><value>613</value></Data>
            <Data name="Class"><value>Healthy</value></Data>
          </ExtendedData>
          <Point><coordinates>102.488105400,2.953283474,0</coordinates></Point>
        </Placemark>

        <Placemark>
          <name>614</name>
          <styleUrl>#style_Healthy</styleUrl>
          <ExtendedData>
            <Data name="id"><value>614</value></Data>
            <Data name="Class"><value>Healthy</value></Data>
          </ExtendedData>
          <Point><coordinates>102.488108900,2.953199756,0</coordinates></Point>
        </Placemark>

        <Placemark>
          <name>615</name>
          <styleUrl>#style_Healthy</styleUrl>
          <ExtendedData>
            <Data name="id"><value>615</value></Data>
            <Data name="Class"><value>Healthy</value></Data>
          </ExtendedData>
          <Point><coordinates>102.488105400,2.953357889,0</coordinates></Point>
        </Placemark>

        <Placemark>
          <name>616</name>
          <styleUrl>#style_Healthy</styleUrl>
          <ExtendedData>
            <Data name="id"><value>616</value></Data>
            <Data name="Class"><value>Healthy</value></Data>
          </ExtendedData>
          <Point><coordinates>102.488174000,2.953236964,0</coordinates></Point>
        </Placemark>

        <Placemark>
          <name>617</name>
          <styleUrl>#style_Healthy</styleUrl>
          <ExtendedData>
            <Data name="id"><value>617</value></Data>
            <Data name="Class"><value>Healthy</value></Data>
          </ExtendedData>
          <Point><coordinates>102.488229800,2.953195105,0</coordinates></Point>
        </Placemark>

        <Placemark>
          <name>618</name>
          <styleUrl>#style_Healthy</styleUrl>
          <ExtendedData>
            <Data name="id"><value>618</value></Data>
            <Data name="Class"><value>Healthy</value></Data>
          </ExtendedData>
          <Point><coordinates>102.488303100,2.953242778,0</coordinates></Point>
        </Placemark>

        <Placemark>
          <name>620</name>
          <styleUrl>#style_Healthy</styleUrl>
          <ExtendedData>
            <Data name="id"><value>620</value></Data>
            <Data name="Class"><value>Healthy</value></Data>
          </ExtendedData>
          <Point><coordinates>102.488298400,2.953082319,0</coordinates></Point>
        </Placemark>

        <Placemark>
          <name>624</name>
          <styleUrl>#style_Healthy</styleUrl>
          <ExtendedData>
            <Data name="id"><value>624</value></Data>
            <Data name="Class"><value>Healthy</value></Data>
          </ExtendedData>
          <Point><coordinates>102.488104300,2.953046274,0</coordinates></Point>
        </Placemark>

        <Placemark>
          <name>626</name>
          <styleUrl>#style_Healthy</styleUrl>
          <ExtendedData>
            <Data name="id"><value>626</value></Data>
            <Data name="Class"><value>Healthy</value></Data>
          </ExtendedData>
          <Point><coordinates>102.488039100,2.952855585,0</coordinates></Point>
        </Placemark>

        <Placemark>
          <name>629</name>
          <styleUrl>#style_Healthy</styleUrl>
          <ExtendedData>
            <Data name="id"><value>629</value></Data>
            <Data name="Class"><value>Healthy</value></Data>
          </ExtendedData>
          <Point><coordinates>102.488106600,2.952734659,0</coordinates></Point>
        </Placemark>

        <Placemark>
          <name>630</name>
          <styleUrl>#style_Healthy</styleUrl>
          <ExtendedData>
            <Data name="id"><value>630</value></Data>
            <Data name="Class"><value>Healthy</value></Data>
          </ExtendedData>
          <Point><coordinates>102.488106600,2.952660244,0</coordinates></Point>
        </Placemark>

        <Placemark>
          <name>631</name>
          <styleUrl>#style_Healthy</styleUrl>
          <ExtendedData>
            <Data name="id"><value>631</value></Data>
            <Data name="Class"><value>Healthy</value></Data>
          </ExtendedData>
          <Point><coordinates>102.488171700,2.952698614,0</coordinates></Point>
        </Placemark>

        <Placemark>
          <name>632</name>
          <styleUrl>#style_Healthy</styleUrl>
          <ExtendedData>
            <Data name="id"><value>632</value></Data>
            <Data name="Class"><value>Healthy</value></Data>
          </ExtendedData>
          <Point><coordinates>102.488235600,2.952663732,0</coordinates></Point>
        </Placemark>

        <Placemark>
          <name>637</name>
          <styleUrl>#style_Healthy</styleUrl>
          <ExtendedData>
            <Data name="id"><value>637</value></Data>
            <Data name="Class"><value>Healthy</value></Data>
          </ExtendedData>
          <Point><coordinates>102.488103100,2.952814889,0</coordinates></Point>
        </Placemark>

        <Placemark>
          <name>638</name>
          <styleUrl>#style_Healthy</styleUrl>
          <ExtendedData>
            <Data name="id"><value>638</value></Data>
            <Data name="Class"><value>Healthy</value></Data>
          </ExtendedData>
          <Point><coordinates>102.488101900,2.952896281,0</coordinates></Point>
        </Placemark>

        <Placemark>
          <name>640</name>
          <styleUrl>#style_Healthy</styleUrl>
          <ExtendedData>
            <Data name="id"><value>640</value></Data>
            <Data name="Class"><value>Healthy</value></Data>
          </ExtendedData>
          <Point><coordinates>102.488167000,2.952932326,0</coordinates></Point>
        </Placemark>

        <Placemark>
          <name>641</name>
          <styleUrl>#style_Healthy</styleUrl>
          <ExtendedData>
            <Data name="id"><value>641</value></Data>
            <Data name="Class"><value>Healthy</value></Data>
          </ExtendedData>
          <Point><coordinates>102.488242600,2.952895118,0</coordinates></Point>
        </Placemark>

        <Placemark>
          <name>644</name>
          <styleUrl>#style_Healthy</styleUrl>
          <ExtendedData>
            <Data name="id"><value>644</value></Data>
            <Data name="Class"><value>Healthy</value></Data>
          </ExtendedData>
          <Point><coordinates>102.488300800,2.952852096,0</coordinates></Point>
        </Placemark>

        <Placemark>
          <name>645</name>
          <styleUrl>#style_Healthy</styleUrl>
          <ExtendedData>
            <Data name="id"><value>645</value></Data>
            <Data name="Class"><value>Healthy</value></Data>
          </ExtendedData>
          <Point><coordinates>102.488303100,2.952932326,0</coordinates></Point>
        </Placemark>

        <Placemark>
          <name>646</name>
          <styleUrl>#style_Healthy</styleUrl>
          <ExtendedData>
            <Data name="id"><value>646</value></Data>
            <Data name="Class"><value>Healthy</value></Data>
          </ExtendedData>
          <Point><coordinates>102.488307700,2.953006741,0</coordinates></Point>
        </Placemark>

        <Placemark>
          <name>648</name>
          <styleUrl>#style_Healthy</styleUrl>
          <ExtendedData>
            <Data name="id"><value>648</value></Data>
            <Data name="Class"><value>Healthy</value></Data>
          </ExtendedData>
          <Point><coordinates>102.488172900,2.953009067,0</coordinates></Point>
        </Placemark>

        <Placemark>
          <name>649</name>
          <styleUrl>#style_Healthy</styleUrl>
          <ExtendedData>
            <Data name="id"><value>649</value></Data>
            <Data name="Class"><value>Healthy</value></Data>
          </ExtendedData>
          <Point><coordinates>102.488172900,2.953082319,0</coordinates></Point>
        </Placemark>

        <Placemark>
          <name>651</name>
          <styleUrl>#style_Healthy</styleUrl>
          <ExtendedData>
            <Data name="id"><value>651</value></Data>
            <Data name="Class"><value>Healthy</value></Data>
          </ExtendedData>
          <Point><coordinates>102.487906600,2.952932326,0</coordinates></Point>
        </Placemark>

        <Placemark>
          <name>652</name>
          <styleUrl>#style_Healthy</styleUrl>
          <ExtendedData>
            <Data name="id"><value>652</value></Data>
            <Data name="Class"><value>Healthy</value></Data>
          </ExtendedData>
          <Point><coordinates>102.488171700,2.952626524,0</coordinates></Point>
        </Placemark>

        <Placemark>
          <name>653</name>
          <styleUrl>#style_Healthy</styleUrl>
          <ExtendedData>
            <Data name="id"><value>653</value></Data>
            <Data name="Class"><value>Healthy</value></Data>
          </ExtendedData>
          <Point><coordinates>102.488298400,2.952625362,0</coordinates></Point>
        </Placemark>

        <Placemark>
          <name>654</name>
          <styleUrl>#style_Healthy</styleUrl>
          <ExtendedData>
            <Data name="id"><value>654</value></Data>
            <Data name="Class"><value>Healthy</value></Data>
          </ExtendedData>
          <Point><coordinates>102.488232200,2.952585828,0</coordinates></Point>
        </Placemark>

        <Placemark>
          <name>655</name>
          <styleUrl>#style_Healthy</styleUrl>
          <ExtendedData>
            <Data name="id"><value>655</value></Data>
            <Data name="Class"><value>Healthy</value></Data>
          </ExtendedData>
          <Point><coordinates>102.488104300,2.952584666,0</coordinates></Point>
        </Placemark>

        <Placemark>
          <name>656</name>
          <styleUrl>#style_Healthy</styleUrl>
          <ExtendedData>
            <Data name="id"><value>656</value></Data>
            <Data name="Class"><value>Healthy</value></Data>
          </ExtendedData>
          <Point><coordinates>102.488368200,2.952590479,0</coordinates></Point>
        </Placemark>

        <Placemark>
          <name>657</name>
          <styleUrl>#style_Healthy</styleUrl>
          <ExtendedData>
            <Data name="id"><value>657</value></Data>
            <Data name="Class"><value>Healthy</value></Data>
          </ExtendedData>
          <Point><coordinates>102.488433300,2.952628269,0</coordinates></Point>
        </Placemark>

        <Placemark>
          <name>659</name>
          <styleUrl>#style_Healthy</styleUrl>
          <ExtendedData>
            <Data name="id"><value>659</value></Data>
            <Data name="Class"><value>Healthy</value></Data>
          </ExtendedData>
          <Point><coordinates>102.488368200,2.952739310,0</coordinates></Point>
        </Placemark>

        <Placemark>
          <name>660</name>
          <styleUrl>#style_Healthy</styleUrl>
          <ExtendedData>
            <Data name="id"><value>660</value></Data>
            <Data name="Class"><value>Healthy</value></Data>
          </ExtendedData>
          <Point><coordinates>102.488372900,2.952807912,0</coordinates></Point>
        </Placemark>

        <Placemark>
          <name>661</name>
          <styleUrl>#style_Healthy</styleUrl>
          <ExtendedData>
            <Data name="id"><value>661</value></Data>
            <Data name="Class"><value>Healthy</value></Data>
          </ExtendedData>
          <Point><coordinates>102.488370500,2.952895118,0</coordinates></Point>
        </Placemark>

        <Placemark>
          <name>662</name>
          <styleUrl>#style_Healthy</styleUrl>
          <ExtendedData>
            <Data name="id"><value>662</value></Data>
            <Data name="Class"><value>Healthy</value></Data>
          </ExtendedData>
          <Point><coordinates>102.488365900,2.952969533,0</coordinates></Point>
        </Placemark>

        <Placemark>
          <name>663</name>
          <styleUrl>#style_Healthy</styleUrl>
          <ExtendedData>
            <Data name="id"><value>663</value></Data>
            <Data name="Class"><value>Healthy</value></Data>
          </ExtendedData>
          <Point><coordinates>102.488367000,2.953041623,0</coordinates></Point>
        </Placemark>

        <Placemark>
          <name>665</name>
          <styleUrl>#style_Healthy</styleUrl>
          <ExtendedData>
            <Data name="id"><value>665</value></Data>
            <Data name="Class"><value>Healthy</value></Data>
          </ExtendedData>
          <Point><coordinates>102.489508900,2.953239290,0</coordinates></Point>
        </Placemark>

        <Placemark>
          <name>666</name>
          <styleUrl>#style_Healthy</styleUrl>
          <ExtendedData>
            <Data name="id"><value>666</value></Data>
            <Data name="Class"><value>Healthy</value></Data>
          </ExtendedData>
          <Point><coordinates>102.489504200,2.953156735,0</coordinates></Point>
        </Placemark>

        <Placemark>
          <name>667</name>
          <styleUrl>#style_Healthy</styleUrl>
          <ExtendedData>
            <Data name="id"><value>667</value></Data>
            <Data name="Class"><value>Healthy</value></Data>
          </ExtendedData>
          <Point><coordinates>102.489500700,2.953081157,0</coordinates></Point>
        </Placemark>

        <Placemark>
          <name>668</name>
          <styleUrl>#style_Healthy</styleUrl>
          <ExtendedData>
            <Data name="id"><value>668</value></Data>
            <Data name="Class"><value>Healthy</value></Data>
          </ExtendedData>
          <Point><coordinates>102.489501900,2.953004416,0</coordinates></Point>
        </Placemark>

        <Placemark>
          <name>669</name>
          <styleUrl>#style_Healthy</styleUrl>
          <ExtendedData>
            <Data name="id"><value>669</value></Data>
            <Data name="Class"><value>Healthy</value></Data>
          </ExtendedData>
          <Point><coordinates>102.489503000,2.952927675,0</coordinates></Point>
        </Placemark>

        <Placemark>
          <name>670</name>
          <styleUrl>#style_Healthy</styleUrl>
          <ExtendedData>
            <Data name="id"><value>670</value></Data>
            <Data name="Class"><value>Healthy</value></Data>
          </ExtendedData>
          <Point><coordinates>102.489503000,2.952848608,0</coordinates></Point>
        </Placemark>

        <Placemark>
          <name>671</name>
          <styleUrl>#style_Healthy</styleUrl>
          <ExtendedData>
            <Data name="id"><value>671</value></Data>
            <Data name="Class"><value>Healthy</value></Data>
          </ExtendedData>
          <Point><coordinates>102.489503000,2.952768379,0</coordinates></Point>
        </Placemark>

        <Placemark>
          <name>672</name>
          <styleUrl>#style_Healthy</styleUrl>
          <ExtendedData>
            <Data name="id"><value>672</value></Data>
            <Data name="Class"><value>Healthy</value></Data>
          </ExtendedData>
          <Point><coordinates>102.489500700,2.952690475,0</coordinates></Point>
        </Placemark>

        <Placemark>
          <name>673</name>
          <styleUrl>#style_Healthy</styleUrl>
          <ExtendedData>
            <Data name="id"><value>673</value></Data>
            <Data name="Class"><value>Healthy</value></Data>
          </ExtendedData>
          <Point><coordinates>102.489501900,2.952613734,0</coordinates></Point>
        </Placemark>

        <Placemark>
          <name>674</name>
          <styleUrl>#style_Healthy</styleUrl>
          <ExtendedData>
            <Data name="id"><value>674</value></Data>
            <Data name="Class"><value>Healthy</value></Data>
          </ExtendedData>
          <Point><coordinates>102.489430900,2.952577689,0</coordinates></Point>
        </Placemark>

        <Placemark>
          <name>675</name>
          <styleUrl>#style_Healthy</styleUrl>
          <ExtendedData>
            <Data name="id"><value>675</value></Data>
            <Data name="Class"><value>Healthy</value></Data>
          </ExtendedData>
          <Point><coordinates>102.489292600,2.952648617,0</coordinates></Point>
        </Placemark>

        <Placemark>
          <name>676</name>
          <styleUrl>#style_Healthy</styleUrl>
          <ExtendedData>
            <Data name="id"><value>676</value></Data>
            <Data name="Class"><value>Healthy</value></Data>
          </ExtendedData>
          <Point><coordinates>102.489299600,2.952574201,0</coordinates></Point>
        </Placemark>

        <Placemark>
          <name>677</name>
          <styleUrl>#style_Healthy</styleUrl>
          <ExtendedData>
            <Data name="id"><value>677</value></Data>
            <Data name="Class"><value>Healthy</value></Data>
          </ExtendedData>
          <Point><coordinates>102.489235600,2.952616060,0</coordinates></Point>
        </Placemark>

        <Placemark>
          <name>678</name>
          <styleUrl>#style_Healthy</styleUrl>
          <ExtendedData>
            <Data name="id"><value>678</value></Data>
            <Data name="Class"><value>Healthy</value></Data>
          </ExtendedData>
          <Point><coordinates>102.489160000,2.952655593,0</coordinates></Point>
        </Placemark>

        <Placemark>
          <name>680</name>
          <styleUrl>#style_Healthy</styleUrl>
          <ExtendedData>
            <Data name="id"><value>680</value></Data>
            <Data name="Class"><value>Healthy</value></Data>
          </ExtendedData>
          <Point><coordinates>102.489168200,2.952573038,0</coordinates></Point>
        </Placemark>

        <Placemark>
          <name>681</name>
          <styleUrl>#style_Healthy</styleUrl>
          <ExtendedData>
            <Data name="id"><value>681</value></Data>
            <Data name="Class"><value>Healthy</value></Data>
          </ExtendedData>
          <Point><coordinates>102.489029800,2.952577689,0</coordinates></Point>
        </Placemark>

        <Placemark>
          <name>682</name>
          <styleUrl>#style_Healthy</styleUrl>
          <ExtendedData>
            <Data name="id"><value>682</value></Data>
            <Data name="Class"><value>Healthy</value></Data>
          </ExtendedData>
          <Point><coordinates>102.489034500,2.952650942,0</coordinates></Point>
        </Placemark>

        <Placemark>
          <name>683</name>
          <styleUrl>#style_Healthy</styleUrl>
          <ExtendedData>
            <Data name="id"><value>683</value></Data>
            <Data name="Class"><value>Healthy</value></Data>
          </ExtendedData>
          <Point><coordinates>102.488972800,2.952624199,0</coordinates></Point>
        </Placemark>

        <Placemark>
          <name>684</name>
          <styleUrl>#style_Healthy</styleUrl>
          <ExtendedData>
            <Data name="id"><value>684</value></Data>
            <Data name="Class"><value>Healthy</value></Data>
          </ExtendedData>
          <Point><coordinates>102.488898400,2.952578852,0</coordinates></Point>
        </Placemark>

        <Placemark>
          <name>685</name>
          <styleUrl>#style_Healthy</styleUrl>
          <ExtendedData>
            <Data name="id"><value>685</value></Data>
            <Data name="Class"><value>Healthy</value></Data>
          </ExtendedData>
          <Point><coordinates>102.488834500,2.952627687,0</coordinates></Point>
        </Placemark>

        <Placemark>
          <name>686</name>
          <styleUrl>#style_Healthy</styleUrl>
          <ExtendedData>
            <Data name="id"><value>686</value></Data>
            <Data name="Class"><value>Healthy</value></Data>
          </ExtendedData>
          <Point><coordinates>102.488769300,2.952657918,0</coordinates></Point>
        </Placemark>

        <Placemark>
          <name>689</name>
          <styleUrl>#style_Healthy</styleUrl>
          <ExtendedData>
            <Data name="id"><value>689</value></Data>
            <Data name="Class"><value>Healthy</value></Data>
          </ExtendedData>
          <Point><coordinates>102.488570200,2.952620711,0</coordinates></Point>
        </Placemark>

        <Placemark>
          <name>690</name>
          <styleUrl>#style_Healthy</styleUrl>
          <ExtendedData>
            <Data name="id"><value>690</value></Data>
            <Data name="Class"><value>Healthy</value></Data>
          </ExtendedData>
          <Point><coordinates>102.488502800,2.952586991,0</coordinates></Point>
        </Placemark>

        <Placemark>
          <name>691</name>
          <styleUrl>#style_Healthy</styleUrl>
          <ExtendedData>
            <Data name="id"><value>691</value></Data>
            <Data name="Class"><value>Healthy</value></Data>
          </ExtendedData>
          <Point><coordinates>102.488500500,2.952660244,0</coordinates></Point>
        </Placemark>

        <Placemark>
          <name>692</name>
          <styleUrl>#style_Healthy</styleUrl>
          <ExtendedData>
            <Data name="id"><value>692</value></Data>
            <Data name="Class"><value>Healthy</value></Data>
          </ExtendedData>
          <Point><coordinates>102.488502800,2.952738148,0</coordinates></Point>
        </Placemark>

        <Placemark>
          <name>693</name>
          <styleUrl>#style_Healthy</styleUrl>
          <ExtendedData>
            <Data name="id"><value>693</value></Data>
            <Data name="Class"><value>Healthy</value></Data>
          </ExtendedData>
          <Point><coordinates>102.488430700,2.952702103,0</coordinates></Point>
        </Placemark>

        <Placemark>
          <name>694</name>
          <styleUrl>#style_Healthy</styleUrl>
          <ExtendedData>
            <Data name="id"><value>694</value></Data>
            <Data name="Class"><value>Healthy</value></Data>
          </ExtendedData>
          <Point><coordinates>102.488434200,2.952781169,0</coordinates></Point>
        </Placemark>

        <Placemark>
          <name>695</name>
          <styleUrl>#style_Healthy</styleUrl>
          <ExtendedData>
            <Data name="id"><value>695</value></Data>
            <Data name="Class"><value>Healthy</value></Data>
          </ExtendedData>
          <Point><coordinates>102.488434200,2.952853259,0</coordinates></Point>
        </Placemark>

        <Placemark>
          <name>696</name>
          <styleUrl>#style_Healthy</styleUrl>
          <ExtendedData>
            <Data name="id"><value>696</value></Data>
            <Data name="Class"><value>Healthy</value></Data>
          </ExtendedData>
          <Point><coordinates>102.488427200,2.952931163,0</coordinates></Point>
        </Placemark>

        <Placemark>
          <name>698</name>
          <styleUrl>#style_Healthy</styleUrl>
          <ExtendedData>
            <Data name="id"><value>698</value></Data>
            <Data name="Class"><value>Healthy</value></Data>
          </ExtendedData>
          <Point><coordinates>102.488435300,2.953163711,0</coordinates></Point>
        </Placemark>

        <Placemark>
          <name>699</name>
          <styleUrl>#style_Healthy</styleUrl>
          <ExtendedData>
            <Data name="id"><value>699</value></Data>
            <Data name="Class"><value>Healthy</value></Data>
          </ExtendedData>
          <Point><coordinates>102.488435300,2.953240452,0</coordinates></Point>
        </Placemark>

        <Placemark>
          <name>700</name>
          <styleUrl>#style_Healthy</styleUrl>
          <ExtendedData>
            <Data name="id"><value>700</value></Data>
            <Data name="Class"><value>Healthy</value></Data>
          </ExtendedData>
          <Point><coordinates>102.488502800,2.953198594,0</coordinates></Point>
        </Placemark>

        <Placemark>
          <name>701</name>
          <styleUrl>#style_Healthy</styleUrl>
          <ExtendedData>
            <Data name="id"><value>701</value></Data>
            <Data name="Class"><value>Healthy</value></Data>
          </ExtendedData>
          <Point><coordinates>102.488504000,2.953125341,0</coordinates></Point>
        </Placemark>

        <Placemark>
          <name>702</name>
          <styleUrl>#style_Healthy</styleUrl>
          <ExtendedData>
            <Data name="id"><value>702</value></Data>
            <Data name="Class"><value>Healthy</value></Data>
          </ExtendedData>
          <Point><coordinates>102.488501600,2.953046274,0</coordinates></Point>
        </Placemark>

        <Placemark>
          <name>705</name>
          <styleUrl>#style_Healthy</styleUrl>
          <ExtendedData>
            <Data name="id"><value>705</value></Data>
            <Data name="Class"><value>Healthy</value></Data>
          </ExtendedData>
          <Point><coordinates>102.488501600,2.952813726,0</coordinates></Point>
        </Placemark>

        <Placemark>
          <name>709</name>
          <styleUrl>#style_Healthy</styleUrl>
          <ExtendedData>
            <Data name="id"><value>709</value></Data>
            <Data name="Class"><value>Healthy</value></Data>
          </ExtendedData>
          <Point><coordinates>102.488633000,2.952655593,0</coordinates></Point>
        </Placemark>

        <Placemark>
          <name>711</name>
          <styleUrl>#style_Healthy</styleUrl>
          <ExtendedData>
            <Data name="id"><value>711</value></Data>
            <Data name="Class"><value>Healthy</value></Data>
          </ExtendedData>
          <Point><coordinates>102.488767300,2.952731753,0</coordinates></Point>
        </Placemark>

        <Placemark>
          <name>714</name>
          <styleUrl>#style_Healthy</styleUrl>
          <ExtendedData>
            <Data name="id"><value>714</value></Data>
            <Data name="Class"><value>Healthy</value></Data>
          </ExtendedData>
          <Point><coordinates>102.488634800,2.952895699,0</coordinates></Point>
        </Placemark>

        <Placemark>
          <name>715</name>
          <styleUrl>#style_Healthy</styleUrl>
          <ExtendedData>
            <Data name="id"><value>715</value></Data>
            <Data name="Class"><value>Healthy</value></Data>
          </ExtendedData>
          <Point><coordinates>102.488639400,2.952970115,0</coordinates></Point>
        </Placemark>

        <Placemark>
          <name>718</name>
          <styleUrl>#style_Healthy</styleUrl>
          <ExtendedData>
            <Data name="id"><value>718</value></Data>
            <Data name="Class"><value>Healthy</value></Data>
          </ExtendedData>
          <Point><coordinates>102.488572000,2.953157316,0</coordinates></Point>
        </Placemark>

        <Placemark>
          <name>719</name>
          <styleUrl>#style_Healthy</styleUrl>
          <ExtendedData>
            <Data name="id"><value>719</value></Data>
            <Data name="Class"><value>Healthy</value></Data>
          </ExtendedData>
          <Point><coordinates>102.488633600,2.953203826,0</coordinates></Point>
        </Placemark>

        <Placemark>
          <name>720</name>
          <styleUrl>#style_Healthy</styleUrl>
          <ExtendedData>
            <Data name="id"><value>720</value></Data>
            <Data name="Class"><value>Healthy</value></Data>
          </ExtendedData>
          <Point><coordinates>102.488574300,2.953239871,0</coordinates></Point>
        </Placemark>

        <Placemark>
          <name>721</name>
          <styleUrl>#style_Healthy</styleUrl>
          <ExtendedData>
            <Data name="id"><value>721</value></Data>
            <Data name="Class"><value>Healthy</value></Data>
          </ExtendedData>
          <Point><coordinates>102.488705700,2.953239871,0</coordinates></Point>
        </Placemark>

        <Placemark>
          <name>722</name>
          <styleUrl>#style_Healthy</styleUrl>
          <ExtendedData>
            <Data name="id"><value>722</value></Data>
            <Data name="Class"><value>Healthy</value></Data>
          </ExtendedData>
          <Point><coordinates>102.488635900,2.953278241,0</coordinates></Point>
        </Placemark>

        <Placemark>
          <name>723</name>
          <styleUrl>#style_Healthy</styleUrl>
          <ExtendedData>
            <Data name="id"><value>723</value></Data>
            <Data name="Class"><value>Healthy</value></Data>
          </ExtendedData>
          <Point><coordinates>102.488765000,2.953196850,0</coordinates></Point>
        </Placemark>

        <Placemark>
          <name>724</name>
          <styleUrl>#style_Healthy</styleUrl>
          <ExtendedData>
            <Data name="id"><value>724</value></Data>
            <Data name="Class"><value>Healthy</value></Data>
          </ExtendedData>
          <Point><coordinates>102.488766100,2.953277079,0</coordinates></Point>
        </Placemark>

        <Placemark>
          <name>726</name>
          <styleUrl>#style_Healthy</styleUrl>
          <ExtendedData>
            <Data name="id"><value>726</value></Data>
            <Data name="Class"><value>Healthy</value></Data>
          </ExtendedData>
          <Point><coordinates>102.488897500,2.953271265,0</coordinates></Point>
        </Placemark>

        <Placemark>
          <name>727</name>
          <styleUrl>#style_Healthy</styleUrl>
          <ExtendedData>
            <Data name="id"><value>727</value></Data>
            <Data name="Class"><value>Healthy</value></Data>
          </ExtendedData>
          <Point><coordinates>102.488968500,2.953237545,0</coordinates></Point>
        </Placemark>

        <Placemark>
          <name>728</name>
          <styleUrl>#style_Healthy</styleUrl>
          <ExtendedData>
            <Data name="id"><value>728</value></Data>
            <Data name="Class"><value>Healthy</value></Data>
          </ExtendedData>
          <Point><coordinates>102.489031300,2.953195687,0</coordinates></Point>
        </Placemark>

        <Placemark>
          <name>729</name>
          <styleUrl>#style_Healthy</styleUrl>
          <ExtendedData>
            <Data name="id"><value>729</value></Data>
            <Data name="Class"><value>Healthy</value></Data>
          </ExtendedData>
          <Point><coordinates>102.489041100,2.953120690,0</coordinates></Point>
        </Placemark>

        <Placemark>
          <name>730</name>
          <styleUrl>#style_Healthy</styleUrl>
          <ExtendedData>
            <Data name="id"><value>730</value></Data>
            <Data name="Class"><value>Healthy</value></Data>
          </ExtendedData>
          <Point><coordinates>102.488967300,2.953160804,0</coordinates></Point>
        </Placemark>

        <Placemark>
          <name>735</name>
          <styleUrl>#style_Healthy</styleUrl>
          <ExtendedData>
            <Data name="id"><value>735</value></Data>
            <Data name="Class"><value>Healthy</value></Data>
          </ExtendedData>
          <Point><coordinates>102.488640600,2.953118946,0</coordinates></Point>
        </Placemark>

        <Placemark>
          <name>736</name>
          <styleUrl>#style_Healthy</styleUrl>
          <ExtendedData>
            <Data name="id"><value>736</value></Data>
            <Data name="Class"><value>Healthy</value></Data>
          </ExtendedData>
          <Point><coordinates>102.488709200,2.953079413,0</coordinates></Point>
        </Placemark>

        <Placemark>
          <name>737</name>
          <styleUrl>#style_Healthy</styleUrl>
          <ExtendedData>
            <Data name="id"><value>737</value></Data>
            <Data name="Class"><value>Healthy</value></Data>
          </ExtendedData>
          <Point><coordinates>102.488708000,2.953009648,0</coordinates></Point>
        </Placemark>

        <Placemark>
          <name>739</name>
          <styleUrl>#style_Healthy</styleUrl>
          <ExtendedData>
            <Data name="id"><value>739</value></Data>
            <Data name="Class"><value>Healthy</value></Data>
          </ExtendedData>
          <Point><coordinates>102.488770800,2.952892211,0</coordinates></Point>
        </Placemark>

        <Placemark>
          <name>740</name>
          <styleUrl>#style_Healthy</styleUrl>
          <ExtendedData>
            <Data name="id"><value>740</value></Data>
            <Data name="Class"><value>Healthy</value></Data>
          </ExtendedData>
          <Point><coordinates>102.488699900,2.952848027,0</coordinates></Point>
        </Placemark>

        <Placemark>
          <name>741</name>
          <styleUrl>#style_Healthy</styleUrl>
          <ExtendedData>
            <Data name="id"><value>741</value></Data>
            <Data name="Class"><value>Healthy</value></Data>
          </ExtendedData>
          <Point><coordinates>102.488769600,2.952813145,0</coordinates></Point>
        </Placemark>

        <Placemark>
          <name>742</name>
          <styleUrl>#style_Healthy</styleUrl>
          <ExtendedData>
            <Data name="id"><value>742</value></Data>
            <Data name="Class"><value>Healthy</value></Data>
          </ExtendedData>
          <Point><coordinates>102.488833600,2.952700359,0</coordinates></Point>
        </Placemark>

        <Placemark>
          <name>743</name>
          <styleUrl>#style_Healthy</styleUrl>
          <ExtendedData>
            <Data name="id"><value>743</value></Data>
            <Data name="Class"><value>Healthy</value></Data>
          </ExtendedData>
          <Point><coordinates>102.488897500,2.952659663,0</coordinates></Point>
        </Placemark>

        <Placemark>
          <name>744</name>
          <styleUrl>#style_Healthy</styleUrl>
          <ExtendedData>
            <Data name="id"><value>744</value></Data>
            <Data name="Class"><value>Healthy</value></Data>
          </ExtendedData>
          <Point><coordinates>102.488902200,2.952737566,0</coordinates></Point>
        </Placemark>

        <Placemark>
          <name>746</name>
          <styleUrl>#style_Healthy</styleUrl>
          <ExtendedData>
            <Data name="id"><value>746</value></Data>
            <Data name="Class"><value>Healthy</value></Data>
          </ExtendedData>
          <Point><coordinates>102.488961500,2.952695708,0</coordinates></Point>
        </Placemark>

        <Placemark>
          <name>747</name>
          <styleUrl>#style_Healthy</styleUrl>
          <ExtendedData>
            <Data name="id"><value>747</value></Data>
            <Data name="Class"><value>Healthy</value></Data>
          </ExtendedData>
          <Point><coordinates>102.489030100,2.952737566,0</coordinates></Point>
        </Placemark>

        <Placemark>
          <name>748</name>
          <styleUrl>#style_Healthy</styleUrl>
          <ExtendedData>
            <Data name="id"><value>748</value></Data>
            <Data name="Class"><value>Healthy</value></Data>
          </ExtendedData>
          <Point><coordinates>102.488967300,2.952777100,0</coordinates></Point>
        </Placemark>

        <Placemark>
          <name>749</name>
          <styleUrl>#style_Healthy</styleUrl>
          <ExtendedData>
            <Data name="id"><value>749</value></Data>
            <Data name="Class"><value>Healthy</value></Data>
          </ExtendedData>
          <Point><coordinates>102.488967300,2.952849190,0</coordinates></Point>
        </Placemark>

        <Placemark>
          <name>751</name>
          <styleUrl>#style_Healthy</styleUrl>
          <ExtendedData>
            <Data name="id"><value>751</value></Data>
            <Data name="Class"><value>Healthy</value></Data>
          </ExtendedData>
          <Point><coordinates>102.488839400,2.952925931,0</coordinates></Point>
        </Placemark>

        <Placemark>
          <name>752</name>
          <styleUrl>#style_Healthy</styleUrl>
          <ExtendedData>
            <Data name="id"><value>752</value></Data>
            <Data name="Class"><value>Healthy</value></Data>
          </ExtendedData>
          <Point><coordinates>102.488839400,2.952850352,0</coordinates></Point>
        </Placemark>

        <Placemark>
          <name>753</name>
          <styleUrl>#style_Healthy</styleUrl>
          <ExtendedData>
            <Data name="id"><value>753</value></Data>
            <Data name="Class"><value>Healthy</value></Data>
          </ExtendedData>
          <Point><coordinates>102.488772000,2.952965464,0</coordinates></Point>
        </Placemark>

        <Placemark>
          <name>755</name>
          <styleUrl>#style_Healthy</styleUrl>
          <ExtendedData>
            <Data name="id"><value>755</value></Data>
            <Data name="Class"><value>Healthy</value></Data>
          </ExtendedData>
          <Point><coordinates>102.488837100,2.953007323,0</coordinates></Point>
        </Placemark>

        <Placemark>
          <name>756</name>
          <styleUrl>#style_Healthy</styleUrl>
          <ExtendedData>
            <Data name="id"><value>756</value></Data>
            <Data name="Class"><value>Healthy</value></Data>
          </ExtendedData>
          <Point><coordinates>102.488896400,2.952968952,0</coordinates></Point>
        </Placemark>

        <Placemark>
          <name>761</name>
          <styleUrl>#style_Healthy</styleUrl>
          <ExtendedData>
            <Data name="id"><value>761</value></Data>
            <Data name="Class"><value>Healthy</value></Data>
          </ExtendedData>
          <Point><coordinates>102.489028900,2.952811982,0</coordinates></Point>
        </Placemark>

        <Placemark>
          <name>762</name>
          <styleUrl>#style_Healthy</styleUrl>
          <ExtendedData>
            <Data name="id"><value>762</value></Data>
            <Data name="Class"><value>Healthy</value></Data>
          </ExtendedData>
          <Point><coordinates>102.489091700,2.952772449,0</coordinates></Point>
        </Placemark>

        <Placemark>
          <name>763</name>
          <styleUrl>#style_Healthy</styleUrl>
          <ExtendedData>
            <Data name="id"><value>763</value></Data>
            <Data name="Class"><value>Healthy</value></Data>
          </ExtendedData>
          <Point><coordinates>102.489097500,2.952844539,0</coordinates></Point>
        </Placemark>

        <Placemark>
          <name>764</name>
          <styleUrl>#style_Healthy</styleUrl>
          <ExtendedData>
            <Data name="id"><value>764</value></Data>
            <Data name="Class"><value>Healthy</value></Data>
          </ExtendedData>
          <Point><coordinates>102.489170800,2.952885235,0</coordinates></Point>
        </Placemark>

        <Placemark>
          <name>770</name>
          <styleUrl>#style_Healthy</styleUrl>
          <ExtendedData>
            <Data name="id"><value>770</value></Data>
            <Data name="Class"><value>Healthy</value></Data>
          </ExtendedData>
          <Point><coordinates>102.489237100,2.952695708,0</coordinates></Point>
        </Placemark>

        <Placemark>
          <name>772</name>
          <styleUrl>#style_Healthy</styleUrl>
          <ExtendedData>
            <Data name="id"><value>772</value></Data>
            <Data name="Class"><value>Healthy</value></Data>
          </ExtendedData>
          <Point><coordinates>102.489366100,2.952766635,0</coordinates></Point>
        </Placemark>

        <Placemark>
          <name>773</name>
          <styleUrl>#style_Healthy</styleUrl>
          <ExtendedData>
            <Data name="id"><value>773</value></Data>
            <Data name="Class"><value>Healthy</value></Data>
          </ExtendedData>
          <Point><coordinates>102.489430100,2.952730590,0</coordinates></Point>
        </Placemark>

        <Placemark>
          <name>774</name>
          <styleUrl>#style_Healthy</styleUrl>
          <ExtendedData>
            <Data name="id"><value>774</value></Data>
            <Data name="Class"><value>Healthy</value></Data>
          </ExtendedData>
          <Point><coordinates>102.489431200,2.952808494,0</coordinates></Point>
        </Placemark>

        <Placemark>
          <name>775</name>
          <styleUrl>#style_Healthy</styleUrl>
          <ExtendedData>
            <Data name="id"><value>775</value></Data>
            <Data name="Class"><value>Healthy</value></Data>
          </ExtendedData>
          <Point><coordinates>102.489431200,2.952892211,0</coordinates></Point>
        </Placemark>

        <Placemark>
          <name>776</name>
          <styleUrl>#style_Healthy</styleUrl>
          <ExtendedData>
            <Data name="id"><value>776</value></Data>
            <Data name="Class"><value>Healthy</value></Data>
          </ExtendedData>
          <Point><coordinates>102.489363800,2.952848027,0</coordinates></Point>
        </Placemark>

        <Placemark>
          <name>778</name>
          <styleUrl>#style_Healthy</styleUrl>
          <ExtendedData>
            <Data name="id"><value>778</value></Data>
            <Data name="Class"><value>Healthy</value></Data>
          </ExtendedData>
          <Point><coordinates>102.489437100,2.952963138,0</coordinates></Point>
        </Placemark>

        <Placemark>
          <name>779</name>
          <styleUrl>#style_Healthy</styleUrl>
          <ExtendedData>
            <Data name="id"><value>779</value></Data>
            <Data name="Class"><value>Healthy</value></Data>
          </ExtendedData>
          <Point><coordinates>102.489432400,2.953038717,0</coordinates></Point>
        </Placemark>

        <Placemark>
          <name>781</name>
          <styleUrl>#style_Healthy</styleUrl>
          <ExtendedData>
            <Data name="id"><value>781</value></Data>
            <Data name="Class"><value>Healthy</value></Data>
          </ExtendedData>
          <Point><coordinates>102.489369600,2.953084064,0</coordinates></Point>
        </Placemark>

        <Placemark>
          <name>784</name>
          <styleUrl>#style_Healthy</styleUrl>
          <ExtendedData>
            <Data name="id"><value>784</value></Data>
            <Data name="Class"><value>Healthy</value></Data>
          </ExtendedData>
          <Point><coordinates>102.489302200,2.953195687,0</coordinates></Point>
        </Placemark>

        <Placemark>
          <name>785</name>
          <styleUrl>#style_Healthy</styleUrl>
          <ExtendedData>
            <Data name="id"><value>785</value></Data>
            <Data name="Class"><value>Healthy</value></Data>
          </ExtendedData>
          <Point><coordinates>102.489366100,2.953236383,0</coordinates></Point>
        </Placemark>

        <Placemark>
          <name>786</name>
          <styleUrl>#style_Healthy</styleUrl>
          <ExtendedData>
            <Data name="id"><value>786</value></Data>
            <Data name="Class"><value>Healthy</value></Data>
          </ExtendedData>
          <Point><coordinates>102.489232400,2.953232895,0</coordinates></Point>
        </Placemark>

        <Placemark>
          <name>788</name>
          <styleUrl>#style_Healthy</styleUrl>
          <ExtendedData>
            <Data name="id"><value>788</value></Data>
            <Data name="Class"><value>Healthy</value></Data>
          </ExtendedData>
          <Point><coordinates>102.489234700,2.953157316,0</coordinates></Point>
        </Placemark>

        <Placemark>
          <name>789</name>
          <styleUrl>#style_Healthy</styleUrl>
          <ExtendedData>
            <Data name="id"><value>789</value></Data>
            <Data name="Class"><value>Healthy</value></Data>
          </ExtendedData>
          <Point><coordinates>102.489232400,2.953085226,0</coordinates></Point>
        </Placemark>

        <Placemark>
          <name>791</name>
          <styleUrl>#style_Healthy</styleUrl>
          <ExtendedData>
            <Data name="id"><value>791</value></Data>
            <Data name="Class"><value>Healthy</value></Data>
          </ExtendedData>
          <Point><coordinates>102.489096400,2.953080575,0</coordinates></Point>
        </Placemark>

        <Placemark>
          <name>793</name>
          <styleUrl>#style_Healthy</styleUrl>
          <ExtendedData>
            <Data name="id"><value>793</value></Data>
            <Data name="Class"><value>Healthy</value></Data>
          </ExtendedData>
          <Point><coordinates>102.489169600,2.952963138,0</coordinates></Point>
        </Placemark>

        <Placemark>
          <name>796</name>
          <styleUrl>#style_Healthy</styleUrl>
          <ExtendedData>
            <Data name="id"><value>796</value></Data>
            <Data name="Class"><value>Healthy</value></Data>
          </ExtendedData>
          <Point><coordinates>102.488969600,2.953081447,0</coordinates></Point>
        </Placemark>

        <Placemark>
          <name>797</name>
          <styleUrl>#style_Healthy</styleUrl>
          <ExtendedData>
            <Data name="id"><value>797</value></Data>
            <Data name="Class"><value>Healthy</value></Data>
          </ExtendedData>
          <Point><coordinates>102.488902800,2.953044821,0</coordinates></Point>
        </Placemark>

        <Placemark>
          <name>798</name>
          <styleUrl>#style_Healthy</styleUrl>
          <ExtendedData>
            <Data name="id"><value>798</value></Data>
            <Data name="Class"><value>Healthy</value></Data>
          </ExtendedData>
          <Point><coordinates>102.488969000,2.953008195,0</coordinates></Point>
        </Placemark>

        <Placemark>
          <name>799</name>
          <styleUrl>#style_Healthy</styleUrl>
          <ExtendedData>
            <Data name="id"><value>799</value></Data>
            <Data name="Class"><value>Healthy</value></Data>
          </ExtendedData>
          <Point><coordinates>102.490032400,2.953288415,0</coordinates></Point>
        </Placemark>

        <Placemark>
          <name>801</name>
          <styleUrl>#style_Healthy</styleUrl>
          <ExtendedData>
            <Data name="id"><value>801</value></Data>
            <Data name="Class"><value>Healthy</value></Data>
          </ExtendedData>
          <Point><coordinates>102.490030000,2.953127957,0</coordinates></Point>
        </Placemark>

        <Placemark>
          <name>802</name>
          <styleUrl>#style_Healthy</styleUrl>
          <ExtendedData>
            <Data name="id"><value>802</value></Data>
            <Data name="Class"><value>Healthy</value></Data>
          </ExtendedData>
          <Point><coordinates>102.490032400,2.953050053,0</coordinates></Point>
        </Placemark>

        <Placemark>
          <name>803</name>
          <styleUrl>#style_Healthy</styleUrl>
          <ExtendedData>
            <Data name="id"><value>803</value></Data>
            <Data name="Class"><value>Healthy</value></Data>
          </ExtendedData>
          <Point><coordinates>102.489959100,2.953017497,0</coordinates></Point>
        </Placemark>

        <Placemark>
          <name>804</name>
          <styleUrl>#style_Healthy</styleUrl>
          <ExtendedData>
            <Data name="id"><value>804</value></Data>
            <Data name="Class"><value>Healthy</value></Data>
          </ExtendedData>
          <Point><coordinates>102.489959100,2.952933779,0</coordinates></Point>
        </Placemark>

        <Placemark>
          <name>805</name>
          <styleUrl>#style_Healthy</styleUrl>
          <ExtendedData>
            <Data name="id"><value>805</value></Data>
            <Data name="Class"><value>Healthy</value></Data>
          </ExtendedData>
          <Point><coordinates>102.489962600,2.952862852,0</coordinates></Point>
        </Placemark>

        <Placemark>
          <name>807</name>
          <styleUrl>#style_Healthy</styleUrl>
          <ExtendedData>
            <Data name="id"><value>807</value></Data>
            <Data name="Class"><value>Healthy</value></Data>
          </ExtendedData>
          <Point><coordinates>102.490031200,2.952814017,0</coordinates></Point>
        </Placemark>

        <Placemark>
          <name>808</name>
          <styleUrl>#style_Healthy</styleUrl>
          <ExtendedData>
            <Data name="id"><value>808</value></Data>
            <Data name="Class"><value>Healthy</value></Data>
          </ExtendedData>
          <Point><coordinates>102.490027700,2.952888432,0</coordinates></Point>
        </Placemark>

        <Placemark>
          <name>809</name>
          <styleUrl>#style_Healthy</styleUrl>
          <ExtendedData>
            <Data name="id"><value>809</value></Data>
            <Data name="Class"><value>Healthy</value></Data>
          </ExtendedData>
          <Point><coordinates>102.490027700,2.952967499,0</coordinates></Point>
        </Placemark>

        <Placemark>
          <name>813</name>
          <styleUrl>#style_Healthy</styleUrl>
          <ExtendedData>
            <Data name="id"><value>813</value></Data>
            <Data name="Class"><value>Healthy</value></Data>
          </ExtendedData>
          <Point><coordinates>102.489826600,2.952961685,0</coordinates></Point>
        </Placemark>

        <Placemark>
          <name>814</name>
          <styleUrl>#style_Healthy</styleUrl>
          <ExtendedData>
            <Data name="id"><value>814</value></Data>
            <Data name="Class"><value>Healthy</value></Data>
          </ExtendedData>
          <Point><coordinates>102.489832400,2.953038426,0</coordinates></Point>
        </Placemark>

        <Placemark>
          <name>815</name>
          <styleUrl>#style_Healthy</styleUrl>
          <ExtendedData>
            <Data name="id"><value>815</value></Data>
            <Data name="Class"><value>Healthy</value></Data>
          </ExtendedData>
          <Point><coordinates>102.489891700,2.953072145,0</coordinates></Point>
        </Placemark>

        <Placemark>
          <name>816</name>
          <styleUrl>#style_Healthy</styleUrl>
          <ExtendedData>
            <Data name="id"><value>816</value></Data>
            <Data name="Class"><value>Healthy</value></Data>
          </ExtendedData>
          <Point><coordinates>102.489884700,2.953141910,0</coordinates></Point>
        </Placemark>

        <Placemark>
          <name>818</name>
          <styleUrl>#style_Healthy</styleUrl>
          <ExtendedData>
            <Data name="id"><value>818</value></Data>
            <Data name="Class"><value>Healthy</value></Data>
          </ExtendedData>
          <Point><coordinates>102.489831200,2.953207024,0</coordinates></Point>
        </Placemark>

        <Placemark>
          <name>819</name>
          <styleUrl>#style_Healthy</styleUrl>
          <ExtendedData>
            <Data name="id"><value>819</value></Data>
            <Data name="Class"><value>Healthy</value></Data>
          </ExtendedData>
          <Point><coordinates>102.489770800,2.953233767,0</coordinates></Point>
        </Placemark>

        <Placemark>
          <name>820</name>
          <styleUrl>#style_Healthy</styleUrl>
          <ExtendedData>
            <Data name="id"><value>820</value></Data>
            <Data name="Class"><value>Healthy</value></Data>
          </ExtendedData>
          <Point><coordinates>102.489701000,2.953188420,0</coordinates></Point>
        </Placemark>

        <Placemark>
          <name>822</name>
          <styleUrl>#style_Healthy</styleUrl>
          <ExtendedData>
            <Data name="id"><value>822</value></Data>
            <Data name="Class"><value>Healthy</value></Data>
          </ExtendedData>
          <Point><coordinates>102.489568400,2.953197722,0</coordinates></Point>
        </Placemark>

        <Placemark>
          <name>824</name>
          <styleUrl>#style_Healthy</styleUrl>
          <ExtendedData>
            <Data name="id"><value>824</value></Data>
            <Data name="Class"><value>Healthy</value></Data>
          </ExtendedData>
          <Point><coordinates>102.489568400,2.953038426,0</coordinates></Point>
        </Placemark>

        <Placemark>
          <name>825</name>
          <styleUrl>#style_Healthy</styleUrl>
          <ExtendedData>
            <Data name="id"><value>825</value></Data>
            <Data name="Class"><value>Healthy</value></Data>
          </ExtendedData>
          <Point><coordinates>102.489567300,2.952964010,0</coordinates></Point>
        </Placemark>

        <Placemark>
          <name>827</name>
          <styleUrl>#style_Healthy</styleUrl>
          <ExtendedData>
            <Data name="id"><value>827</value></Data>
            <Data name="Class"><value>Healthy</value></Data>
          </ExtendedData>
          <Point><coordinates>102.489566100,2.952810528,0</coordinates></Point>
        </Placemark>

        <Placemark>
          <name>829</name>
          <styleUrl>#style_Healthy</styleUrl>
          <ExtendedData>
            <Data name="id"><value>829</value></Data>
            <Data name="Class"><value>Healthy</value></Data>
          </ExtendedData>
          <Point><coordinates>102.489569600,2.952732625,0</coordinates></Point>
        </Placemark>

        <Placemark>
          <name>830</name>
          <styleUrl>#style_Healthy</styleUrl>
          <ExtendedData>
            <Data name="id"><value>830</value></Data>
            <Data name="Class"><value>Healthy</value></Data>
          </ExtendedData>
          <Point><coordinates>102.489631200,2.952691929,0</coordinates></Point>
        </Placemark>

        <Placemark>
          <name>831</name>
          <styleUrl>#style_Healthy</styleUrl>
          <ExtendedData>
            <Data name="id"><value>831</value></Data>
            <Data name="Class"><value>Healthy</value></Data>
          </ExtendedData>
          <Point><coordinates>102.489701000,2.952727974,0</coordinates></Point>
        </Placemark>

        <Placemark>
          <name>832</name>
          <styleUrl>#style_Healthy</styleUrl>
          <ExtendedData>
            <Data name="id"><value>832</value></Data>
            <Data name="Class"><value>Healthy</value></Data>
          </ExtendedData>
          <Point><coordinates>102.489763800,2.952773321,0</coordinates></Point>
        </Placemark>

        <Placemark>
          <name>834</name>
          <styleUrl>#style_Healthy</styleUrl>
          <ExtendedData>
            <Data name="id"><value>834</value></Data>
            <Data name="Class"><value>Healthy</value></Data>
          </ExtendedData>
          <Point><coordinates>102.489633600,2.952845411,0</coordinates></Point>
        </Placemark>

        <Placemark>
          <name>836</name>
          <styleUrl>#style_Healthy</styleUrl>
          <ExtendedData>
            <Data name="id"><value>836</value></Data>
            <Data name="Class"><value>Healthy</value></Data>
          </ExtendedData>
          <Point><coordinates>102.489698700,2.952964010,0</coordinates></Point>
        </Placemark>

        <Placemark>
          <name>837</name>
          <styleUrl>#style_Healthy</styleUrl>
          <ExtendedData>
            <Data name="id"><value>837</value></Data>
            <Data name="Class"><value>Healthy</value></Data>
          </ExtendedData>
          <Point><coordinates>102.489633600,2.952990753,0</coordinates></Point>
        </Placemark>

        <Placemark>
          <name>839</name>
          <styleUrl>#style_Healthy</styleUrl>
          <ExtendedData>
            <Data name="id"><value>839</value></Data>
            <Data name="Class"><value>Healthy</value></Data>
          </ExtendedData>
          <Point><coordinates>102.489701000,2.953034938,0</coordinates></Point>
        </Placemark>

        <Placemark>
          <name>840</name>
          <styleUrl>#style_Healthy</styleUrl>
          <ExtendedData>
            <Data name="id"><value>840</value></Data>
            <Data name="Class"><value>Healthy</value></Data>
          </ExtendedData>
          <Point><coordinates>102.489768400,2.953083773,0</coordinates></Point>
        </Placemark>

        <Placemark>
          <name>841</name>
          <styleUrl>#style_Healthy</styleUrl>
          <ExtendedData>
            <Data name="id"><value>841</value></Data>
            <Data name="Class"><value>Healthy</value></Data>
          </ExtendedData>
          <Point><coordinates>102.489697500,2.953120981,0</coordinates></Point>
        </Placemark>

        <Placemark>
          <name>842</name>
          <styleUrl>#style_Healthy</styleUrl>
          <ExtendedData>
            <Data name="id"><value>842</value></Data>
            <Data name="Class"><value>Healthy</value></Data>
          </ExtendedData>
          <Point><coordinates>102.489770800,2.953153537,0</coordinates></Point>
        </Placemark>

        <Placemark>
          <name>843</name>
          <styleUrl>#style_Healthy</styleUrl>
          <ExtendedData>
            <Data name="id"><value>843</value></Data>
            <Data name="Class"><value>Healthy</value></Data>
          </ExtendedData>
          <Point><coordinates>102.489762600,2.952691929,0</coordinates></Point>
        </Placemark>

        <Placemark>
          <name>844</name>
          <styleUrl>#style_Healthy</styleUrl>
          <ExtendedData>
            <Data name="id"><value>844</value></Data>
            <Data name="Class"><value>Healthy</value></Data>
          </ExtendedData>
          <Point><coordinates>102.489892800,2.952654721,0</coordinates></Point>
        </Placemark>

        <Placemark>
          <name>845</name>
          <styleUrl>#style_Healthy</styleUrl>
          <ExtendedData>
            <Data name="id"><value>845</value></Data>
            <Data name="Class"><value>Healthy</value></Data>
          </ExtendedData>
          <Point><coordinates>102.489891700,2.952581468,0</coordinates></Point>
        </Placemark>

        <Placemark>
          <name>846</name>
          <styleUrl>#style_Healthy</styleUrl>
          <ExtendedData>
            <Data name="id"><value>846</value></Data>
            <Data name="Class"><value>Healthy</value></Data>
          </ExtendedData>
          <Point><coordinates>102.489896300,2.952490774,0</coordinates></Point>
        </Placemark>

        <Placemark>
          <name>847</name>
          <styleUrl>#style_Healthy</styleUrl>
          <ExtendedData>
            <Data name="id"><value>847</value></Data>
            <Data name="Class"><value>Healthy</value></Data>
          </ExtendedData>
          <Point><coordinates>102.489892800,2.952419847,0</coordinates></Point>
        </Placemark>

        <Placemark>
          <name>848</name>
          <styleUrl>#style_Healthy</styleUrl>
          <ExtendedData>
            <Data name="id"><value>848</value></Data>
            <Data name="Class"><value>Healthy</value></Data>
          </ExtendedData>
          <Point><coordinates>102.489882400,2.952329153,0</coordinates></Point>
        </Placemark>

        <Placemark>
          <name>849</name>
          <styleUrl>#style_Healthy</styleUrl>
          <ExtendedData>
            <Data name="id"><value>849</value></Data>
            <Data name="Class"><value>Healthy</value></Data>
          </ExtendedData>
          <Point><coordinates>102.489892800,2.952258226,0</coordinates></Point>
        </Placemark>

        <Placemark>
          <name>850</name>
          <styleUrl>#style_Healthy</styleUrl>
          <ExtendedData>
            <Data name="id"><value>850</value></Data>
            <Data name="Class"><value>Healthy</value></Data>
          </ExtendedData>
          <Point><coordinates>102.489826600,2.952218693,0</coordinates></Point>
        </Placemark>

        <Placemark>
          <name>851</name>
          <styleUrl>#style_Healthy</styleUrl>
          <ExtendedData>
            <Data name="id"><value>851</value></Data>
            <Data name="Class"><value>Healthy</value></Data>
          </ExtendedData>
          <Point><coordinates>102.489821900,2.952141952,0</coordinates></Point>
        </Placemark>

        <Placemark>
          <name>852</name>
          <styleUrl>#style_Healthy</styleUrl>
          <ExtendedData>
            <Data name="id"><value>852</value></Data>
            <Data name="Class"><value>Healthy</value></Data>
          </ExtendedData>
          <Point><coordinates>102.489824200,2.952058234,0</coordinates></Point>
        </Placemark>

        <Placemark>
          <name>853</name>
          <styleUrl>#style_Healthy</styleUrl>
          <ExtendedData>
            <Data name="id"><value>853</value></Data>
            <Data name="Class"><value>Healthy</value></Data>
          </ExtendedData>
          <Point><coordinates>102.489813800,2.951976842,0</coordinates></Point>
        </Placemark>

        <Placemark>
          <name>854</name>
          <styleUrl>#style_Healthy</styleUrl>
          <ExtendedData>
            <Data name="id"><value>854</value></Data>
            <Data name="Class"><value>Healthy</value></Data>
          </ExtendedData>
          <Point><coordinates>102.489888200,2.952017538,0</coordinates></Point>
        </Placemark>

        <Placemark>
          <name>855</name>
          <styleUrl>#style_Healthy</styleUrl>
          <ExtendedData>
            <Data name="id"><value>855</value></Data>
            <Data name="Class"><value>Healthy</value></Data>
          </ExtendedData>
          <Point><coordinates>102.489878900,2.952101256,0</coordinates></Point>
        </Placemark>

        <Placemark>
          <name>856</name>
          <styleUrl>#style_Healthy</styleUrl>
          <ExtendedData>
            <Data name="id"><value>856</value></Data>
            <Data name="Class"><value>Healthy</value></Data>
          </ExtendedData>
          <Point><coordinates>102.489892800,2.952177997,0</coordinates></Point>
        </Placemark>

        <Placemark>
          <name>857</name>
          <styleUrl>#style_Healthy</styleUrl>
          <ExtendedData>
            <Data name="id"><value>857</value></Data>
            <Data name="Class"><value>Healthy</value></Data>
          </ExtendedData>
          <Point><coordinates>102.489884700,2.951939634,0</coordinates></Point>
        </Placemark>

        <Placemark>
          <name>858</name>
          <styleUrl>#style_Healthy</styleUrl>
          <ExtendedData>
            <Data name="id"><value>858</value></Data>
            <Data name="Class"><value>Healthy</value></Data>
          </ExtendedData>
          <Point><coordinates>102.489699800,2.952653558,0</coordinates></Point>
        </Placemark>

        <Placemark>
          <name>859</name>
          <styleUrl>#style_Healthy</styleUrl>
          <ExtendedData>
            <Data name="id"><value>859</value></Data>
            <Data name="Class"><value>Healthy</value></Data>
          </ExtendedData>
          <Point><coordinates>102.489635900,2.952616350,0</coordinates></Point>
        </Placemark>

        <Placemark>
          <name>860</name>
          <styleUrl>#style_Healthy</styleUrl>
          <ExtendedData>
            <Data name="id"><value>860</value></Data>
            <Data name="Class"><value>Healthy</value></Data>
          </ExtendedData>
          <Point><coordinates>102.489567300,2.952658209,0</coordinates></Point>
        </Placemark>

        <Placemark>
          <name>861</name>
          <styleUrl>#style_Healthy</styleUrl>
          <ExtendedData>
            <Data name="id"><value>861</value></Data>
            <Data name="Class"><value>Healthy</value></Data>
          </ExtendedData>
          <Point><coordinates>102.489567300,2.952574492,0</coordinates></Point>
        </Placemark>

        <Placemark>
          <name>862</name>
          <styleUrl>#style_Healthy</styleUrl>
          <ExtendedData>
            <Data name="id"><value>862</value></Data>
            <Data name="Class"><value>Healthy</value></Data>
          </ExtendedData>
          <Point><coordinates>102.489499800,2.952539609,0</coordinates></Point>
        </Placemark>

        <Placemark>
          <name>863</name>
          <styleUrl>#style_Healthy</styleUrl>
          <ExtendedData>
            <Data name="id"><value>863</value></Data>
            <Data name="Class"><value>Healthy</value></Data>
          </ExtendedData>
          <Point><coordinates>102.489431200,2.952498913,0</coordinates></Point>
        </Placemark>

        <Placemark>
          <name>865</name>
          <styleUrl>#style_Healthy</styleUrl>
          <ExtendedData>
            <Data name="id"><value>865</value></Data>
            <Data name="Class"><value>Healthy</value></Data>
          </ExtendedData>
          <Point><coordinates>102.489299800,2.952496588,0</coordinates></Point>
        </Placemark>

        <Placemark>
          <name>866</name>
          <styleUrl>#style_Healthy</styleUrl>
          <ExtendedData>
            <Data name="id"><value>866</value></Data>
            <Data name="Class"><value>Healthy</value></Data>
          </ExtendedData>
          <Point><coordinates>102.489230100,2.952546586,0</coordinates></Point>
        </Placemark>

        <Placemark>
          <name>867</name>
          <styleUrl>#style_Healthy</styleUrl>
          <ExtendedData>
            <Data name="id"><value>867</value></Data>
            <Data name="Class"><value>Healthy</value></Data>
          </ExtendedData>
          <Point><coordinates>102.489168500,2.952504727,0</coordinates></Point>
        </Placemark>

        <Placemark>
          <name>868</name>
          <styleUrl>#style_Healthy</styleUrl>
          <ExtendedData>
            <Data name="id"><value>868</value></Data>
            <Data name="Class"><value>Healthy</value></Data>
          </ExtendedData>
          <Point><coordinates>102.489108000,2.952536121,0</coordinates></Point>
        </Placemark>

        <Placemark>
          <name>869</name>
          <styleUrl>#style_Healthy</styleUrl>
          <ExtendedData>
            <Data name="id"><value>869</value></Data>
            <Data name="Class"><value>Healthy</value></Data>
          </ExtendedData>
          <Point><coordinates>102.489030100,2.952498913,0</coordinates></Point>
        </Placemark>

        <Placemark>
          <name>870</name>
          <styleUrl>#style_Healthy</styleUrl>
          <ExtendedData>
            <Data name="id"><value>870</value></Data>
            <Data name="Class"><value>Healthy</value></Data>
          </ExtendedData>
          <Point><coordinates>102.488974300,2.952546586,0</coordinates></Point>
        </Placemark>

        <Placemark>
          <name>871</name>
          <styleUrl>#style_Healthy</styleUrl>
          <ExtendedData>
            <Data name="id"><value>871</value></Data>
            <Data name="Class"><value>Healthy</value></Data>
          </ExtendedData>
          <Point><coordinates>102.488830100,2.952540772,0</coordinates></Point>
        </Placemark>

        <Placemark>
          <name>872</name>
          <styleUrl>#style_Healthy</styleUrl>
          <ExtendedData>
            <Data name="id"><value>872</value></Data>
            <Data name="Class"><value>Healthy</value></Data>
          </ExtendedData>
          <Point><coordinates>102.488898700,2.952503564,0</coordinates></Point>
        </Placemark>

        <Placemark>
          <name>875</name>
          <styleUrl>#style_Healthy</styleUrl>
          <ExtendedData>
            <Data name="id"><value>875</value></Data>
            <Data name="Class"><value>Healthy</value></Data>
          </ExtendedData>
          <Point><coordinates>102.488837100,2.952307061,0</coordinates></Point>
        </Placemark>

        <Placemark>
          <name>876</name>
          <styleUrl>#style_Healthy</styleUrl>
          <ExtendedData>
            <Data name="id"><value>876</value></Data>
            <Data name="Class"><value>Healthy</value></Data>
          </ExtendedData>
          <Point><coordinates>102.488834800,2.952240785,0</coordinates></Point>
        </Placemark>

        <Placemark>
          <name>877</name>
          <styleUrl>#style_Healthy</styleUrl>
          <ExtendedData>
            <Data name="id"><value>877</value></Data>
            <Data name="Class"><value>Healthy</value></Data>
          </ExtendedData>
          <Point><coordinates>102.488831300,2.952152416,0</coordinates></Point>
        </Placemark>

        <Placemark>
          <name>880</name>
          <styleUrl>#style_Healthy</styleUrl>
          <ExtendedData>
            <Data name="id"><value>880</value></Data>
            <Data name="Class"><value>Healthy</value></Data>
          </ExtendedData>
          <Point><coordinates>102.488963800,2.952078001,0</coordinates></Point>
        </Placemark>

        <Placemark>
          <name>882</name>
          <styleUrl>#style_Healthy</styleUrl>
          <ExtendedData>
            <Data name="id"><value>882</value></Data>
            <Data name="Class"><value>Healthy</value></Data>
          </ExtendedData>
          <Point><coordinates>102.488897500,2.951958238,0</coordinates></Point>
        </Placemark>

        <Placemark>
          <name>883</name>
          <styleUrl>#style_Healthy</styleUrl>
          <ExtendedData>
            <Data name="id"><value>883</value></Data>
            <Data name="Class"><value>Healthy</value></Data>
          </ExtendedData>
          <Point><coordinates>102.488945200,2.951928007,0</coordinates></Point>
        </Placemark>

        <Placemark>
          <name>887</name>
          <styleUrl>#style_Healthy</styleUrl>
          <ExtendedData>
            <Data name="id"><value>887</value></Data>
            <Data name="Class"><value>Healthy</value></Data>
          </ExtendedData>
          <Point><coordinates>102.488965000,2.952386127,0</coordinates></Point>
        </Placemark>

        <Placemark>
          <name>888</name>
          <styleUrl>#style_Healthy</styleUrl>
          <ExtendedData>
            <Data name="id"><value>888</value></Data>
            <Data name="Class"><value>Healthy</value></Data>
          </ExtendedData>
          <Point><coordinates>102.488896400,2.952429149,0</coordinates></Point>
        </Placemark>

        <Placemark>
          <name>889</name>
          <styleUrl>#style_Healthy</styleUrl>
          <ExtendedData>
            <Data name="id"><value>889</value></Data>
            <Data name="Class"><value>Healthy</value></Data>
          </ExtendedData>
          <Point><coordinates>102.488892900,2.952345431,0</coordinates></Point>
        </Placemark>

        <Placemark>
          <name>890</name>
          <styleUrl>#style_Healthy</styleUrl>
          <ExtendedData>
            <Data name="id"><value>890</value></Data>
            <Data name="Class"><value>Healthy</value></Data>
          </ExtendedData>
          <Point><coordinates>102.488968500,2.952461706,0</coordinates></Point>
        </Placemark>

        <Placemark>
          <name>891</name>
          <styleUrl>#style_Healthy</styleUrl>
          <ExtendedData>
            <Data name="id"><value>891</value></Data>
            <Data name="Class"><value>Healthy</value></Data>
          </ExtendedData>
          <Point><coordinates>102.489033600,2.952421010,0</coordinates></Point>
        </Placemark>

        <Placemark>
          <name>892</name>
          <styleUrl>#style_Healthy</styleUrl>
          <ExtendedData>
            <Data name="id"><value>892</value></Data>
            <Data name="Class"><value>Healthy</value></Data>
          </ExtendedData>
          <Point><coordinates>102.489030100,2.952348920,0</coordinates></Point>
        </Placemark>

        <Placemark>
          <name>893</name>
          <styleUrl>#style_Healthy</styleUrl>
          <ExtendedData>
            <Data name="id"><value>893</value></Data>
            <Data name="Class"><value>Healthy</value></Data>
          </ExtendedData>
          <Point><coordinates>102.489096400,2.952461706,0</coordinates></Point>
        </Placemark>

        <Placemark>
          <name>894</name>
          <styleUrl>#style_Healthy</styleUrl>
          <ExtendedData>
            <Data name="id"><value>894</value></Data>
            <Data name="Class"><value>Healthy</value></Data>
          </ExtendedData>
          <Point><coordinates>102.489097500,2.952394267,0</coordinates></Point>
        </Placemark>

        <Placemark>
          <name>896</name>
          <styleUrl>#style_Healthy</styleUrl>
          <ExtendedData>
            <Data name="id"><value>896</value></Data>
            <Data name="Class"><value>Healthy</value></Data>
          </ExtendedData>
          <Point><coordinates>102.489099900,2.952230320,0</coordinates></Point>
        </Placemark>

        <Placemark>
          <name>897</name>
          <styleUrl>#style_Healthy</styleUrl>
          <ExtendedData>
            <Data name="id"><value>897</value></Data>
            <Data name="Class"><value>Healthy</value></Data>
          </ExtendedData>
          <Point><coordinates>102.489099900,2.952159393,0</coordinates></Point>
        </Placemark>

        <Placemark>
          <name>899</name>
          <styleUrl>#style_Healthy</styleUrl>
          <ExtendedData>
            <Data name="id"><value>899</value></Data>
            <Data name="Class"><value>Healthy</value></Data>
          </ExtendedData>
          <Point><coordinates>102.489094000,2.951997772,0</coordinates></Point>
        </Placemark>

        <Placemark>
          <name>901</name>
          <styleUrl>#style_Healthy</styleUrl>
          <ExtendedData>
            <Data name="id"><value>901</value></Data>
            <Data name="Class"><value>Healthy</value></Data>
          </ExtendedData>
          <Point><coordinates>102.489158000,2.952037305,0</coordinates></Point>
        </Placemark>

        <Placemark>
          <name>902</name>
          <styleUrl>#style_Healthy</styleUrl>
          <ExtendedData>
            <Data name="id"><value>902</value></Data>
            <Data name="Class"><value>Healthy</value></Data>
          </ExtendedData>
          <Point><coordinates>102.489160300,2.951960564,0</coordinates></Point>
        </Placemark>

        <Placemark>
          <name>903</name>
          <styleUrl>#style_Healthy</styleUrl>
          <ExtendedData>
            <Data name="id"><value>903</value></Data>
            <Data name="Class"><value>Healthy</value></Data>
          </ExtendedData>
          <Point><coordinates>102.489167300,2.952112883,0</coordinates></Point>
        </Placemark>

        <Placemark>
          <name>905</name>
          <styleUrl>#style_Healthy</styleUrl>
          <ExtendedData>
            <Data name="id"><value>905</value></Data>
            <Data name="Class"><value>Healthy</value></Data>
          </ExtendedData>
          <Point><coordinates>102.489167300,2.952271016,0</coordinates></Point>
        </Placemark>

        <Placemark>
          <name>906</name>
          <styleUrl>#style_Healthy</styleUrl>
          <ExtendedData>
            <Data name="id"><value>906</value></Data>
            <Data name="Class"><value>Healthy</value></Data>
          </ExtendedData>
          <Point><coordinates>102.489165000,2.952344269,0</coordinates></Point>
        </Placemark>

        <Placemark>
          <name>907</name>
          <styleUrl>#style_Healthy</styleUrl>
          <ExtendedData>
            <Data name="id"><value>907</value></Data>
            <Data name="Class"><value>Healthy</value></Data>
          </ExtendedData>
          <Point><coordinates>102.489169600,2.952417521,0</coordinates></Point>
        </Placemark>

        <Placemark>
          <name>908</name>
          <styleUrl>#style_Healthy</styleUrl>
          <ExtendedData>
            <Data name="id"><value>908</value></Data>
            <Data name="Class"><value>Healthy</value></Data>
          </ExtendedData>
          <Point><coordinates>102.489228900,2.952386127,0</coordinates></Point>
        </Placemark>

        <Placemark>
          <name>909</name>
          <styleUrl>#style_Healthy</styleUrl>
          <ExtendedData>
            <Data name="id"><value>909</value></Data>
            <Data name="Class"><value>Healthy</value></Data>
          </ExtendedData>
          <Point><coordinates>102.489230100,2.952462868,0</coordinates></Point>
        </Placemark>

        <Placemark>
          <name>911</name>
          <styleUrl>#style_Healthy</styleUrl>
          <ExtendedData>
            <Data name="id"><value>911</value></Data>
            <Data name="Class"><value>Healthy</value></Data>
          </ExtendedData>
          <Point><coordinates>102.489432400,2.952427986,0</coordinates></Point>
        </Placemark>

        <Placemark>
          <name>912</name>
          <styleUrl>#style_Healthy</styleUrl>
          <ExtendedData>
            <Data name="id"><value>912</value></Data>
            <Data name="Class"><value>Healthy</value></Data>
          </ExtendedData>
          <Point><coordinates>102.489369600,2.952387290,0</coordinates></Point>
        </Placemark>

        <Placemark>
          <name>913</name>
          <styleUrl>#style_Healthy</styleUrl>
          <ExtendedData>
            <Data name="id"><value>913</value></Data>
            <Data name="Class"><value>Healthy</value></Data>
          </ExtendedData>
          <Point><coordinates>102.489299800,2.952347757,0</coordinates></Point>
        </Placemark>

        <Placemark>
          <name>914</name>
          <styleUrl>#style_Healthy</styleUrl>
          <ExtendedData>
            <Data name="id"><value>914</value></Data>
            <Data name="Class"><value>Healthy</value></Data>
          </ExtendedData>
          <Point><coordinates>102.489235900,2.952310549,0</coordinates></Point>
        </Placemark>

        <Placemark>
          <name>915</name>
          <styleUrl>#style_Healthy</styleUrl>
          <ExtendedData>
            <Data name="id"><value>915</value></Data>
            <Data name="Class"><value>Healthy</value></Data>
          </ExtendedData>
          <Point><coordinates>102.489226600,2.952231483,0</coordinates></Point>
        </Placemark>

        <Placemark>
          <name>916</name>
          <styleUrl>#style_Healthy</styleUrl>
          <ExtendedData>
            <Data name="id"><value>916</value></Data>
            <Data name="Class"><value>Healthy</value></Data>
          </ExtendedData>
          <Point><coordinates>102.489230100,2.952155904,0</coordinates></Point>
        </Placemark>

        <Placemark>
          <name>917</name>
          <styleUrl>#style_Healthy</styleUrl>
          <ExtendedData>
            <Data name="id"><value>917</value></Data>
            <Data name="Class"><value>Healthy</value></Data>
          </ExtendedData>
          <Point><coordinates>102.489238200,2.952079163,0</coordinates></Point>
        </Placemark>

        <Placemark>
          <name>918</name>
          <styleUrl>#style_Healthy</styleUrl>
          <ExtendedData>
            <Data name="id"><value>918</value></Data>
            <Data name="Class"><value>Healthy</value></Data>
          </ExtendedData>
          <Point><coordinates>102.489298700,2.952115208,0</coordinates></Point>
        </Placemark>

        <Placemark>
          <name>919</name>
          <styleUrl>#style_Healthy</styleUrl>
          <ExtendedData>
            <Data name="id"><value>919</value></Data>
            <Data name="Class"><value>Healthy</value></Data>
          </ExtendedData>
          <Point><coordinates>102.489360300,2.952147765,0</coordinates></Point>
        </Placemark>

        <Placemark>
          <name>920</name>
          <styleUrl>#style_Healthy</styleUrl>
          <ExtendedData>
            <Data name="id"><value>920</value></Data>
            <Data name="Class"><value>Healthy</value></Data>
          </ExtendedData>
          <Point><coordinates>102.489292900,2.952187299,0</coordinates></Point>
        </Placemark>

        <Placemark>
          <name>921</name>
          <styleUrl>#style_Healthy</styleUrl>
          <ExtendedData>
            <Data name="id"><value>921</value></Data>
            <Data name="Class"><value>Healthy</value></Data>
          </ExtendedData>
          <Point><coordinates>102.489295200,2.952271016,0</coordinates></Point>
        </Placemark>

        <Placemark>
          <name>922</name>
          <styleUrl>#style_Healthy</styleUrl>
          <ExtendedData>
            <Data name="id"><value>922</value></Data>
            <Data name="Class"><value>Healthy</value></Data>
          </ExtendedData>
          <Point><coordinates>102.489368400,2.952305898,0</coordinates></Point>
        </Placemark>

        <Placemark>
          <name>923</name>
          <styleUrl>#style_Healthy</styleUrl>
          <ExtendedData>
            <Data name="id"><value>923</value></Data>
            <Data name="Class"><value>Healthy</value></Data>
          </ExtendedData>
          <Point><coordinates>102.489356800,2.952222181,0</coordinates></Point>
        </Placemark>

        <Placemark>
          <name>924</name>
          <styleUrl>#style_Healthy</styleUrl>
          <ExtendedData>
            <Data name="id"><value>924</value></Data>
            <Data name="Class"><value>Healthy</value></Data>
          </ExtendedData>
          <Point><coordinates>102.489434700,2.952343106,0</coordinates></Point>
        </Placemark>

        <Placemark>
          <name>925</name>
          <styleUrl>#style_Healthy</styleUrl>
          <ExtendedData>
            <Data name="id"><value>925</value></Data>
            <Data name="Class"><value>Healthy</value></Data>
          </ExtendedData>
          <Point><coordinates>102.489504500,2.952303573,0</coordinates></Point>
        </Placemark>

        <Placemark>
          <name>926</name>
          <styleUrl>#style_Healthy</styleUrl>
          <ExtendedData>
            <Data name="id"><value>926</value></Data>
            <Data name="Class"><value>Healthy</value></Data>
          </ExtendedData>
          <Point><coordinates>102.489498700,2.952375663,0</coordinates></Point>
        </Placemark>

        <Placemark>
          <name>927</name>
          <styleUrl>#style_Healthy</styleUrl>
          <ExtendedData>
            <Data name="id"><value>927</value></Data>
            <Data name="Class"><value>Healthy</value></Data>
          </ExtendedData>
          <Point><coordinates>102.489496400,2.952457055,0</coordinates></Point>
        </Placemark>

        <Placemark>
          <name>928</name>
          <styleUrl>#style_Healthy</styleUrl>
          <ExtendedData>
            <Data name="id"><value>928</value></Data>
            <Data name="Class"><value>Healthy</value></Data>
          </ExtendedData>
          <Point><coordinates>102.489565000,2.952501239,0</coordinates></Point>
        </Placemark>

        <Placemark>
          <name>929</name>
          <styleUrl>#style_Healthy</styleUrl>
          <ExtendedData>
            <Data name="id"><value>929</value></Data>
            <Data name="Class"><value>Healthy</value></Data>
          </ExtendedData>
          <Point><coordinates>102.489637000,2.952543098,0</coordinates></Point>
        </Placemark>

        <Placemark>
          <name>931</name>
          <styleUrl>#style_Healthy</styleUrl>
          <ExtendedData>
            <Data name="id"><value>931</value></Data>
            <Data name="Class"><value>Healthy</value></Data>
          </ExtendedData>
          <Point><coordinates>102.489702200,2.952579143,0</coordinates></Point>
        </Placemark>

        <Placemark>
          <name>932</name>
          <styleUrl>#style_Healthy</styleUrl>
          <ExtendedData>
            <Data name="id"><value>932</value></Data>
            <Data name="Class"><value>Healthy</value></Data>
          </ExtendedData>
          <Point><coordinates>102.489699800,2.952497751,0</coordinates></Point>
        </Placemark>

        <Placemark>
          <name>935</name>
          <styleUrl>#style_Healthy</styleUrl>
          <ExtendedData>
            <Data name="id"><value>935</value></Data>
            <Data name="Class"><value>Healthy</value></Data>
          </ExtendedData>
          <Point><coordinates>102.489755600,2.952309386,0</coordinates></Point>
        </Placemark>

        <Placemark>
          <name>936</name>
          <styleUrl>#style_Healthy</styleUrl>
          <ExtendedData>
            <Data name="id"><value>936</value></Data>
            <Data name="Class"><value>Healthy</value></Data>
          </ExtendedData>
          <Point><coordinates>102.489694000,2.952260551,0</coordinates></Point>
        </Placemark>

        <Placemark>
          <name>937</name>
          <styleUrl>#style_Healthy</styleUrl>
          <ExtendedData>
            <Data name="id"><value>937</value></Data>
            <Data name="Class"><value>Healthy</value></Data>
          </ExtendedData>
          <Point><coordinates>102.489696300,2.952343106,0</coordinates></Point>
        </Placemark>

        <Placemark>
          <name>938</name>
          <styleUrl>#style_Healthy</styleUrl>
          <ExtendedData>
            <Data name="id"><value>938</value></Data>
            <Data name="Class"><value>Healthy</value></Data>
          </ExtendedData>
          <Point><coordinates>102.489696300,2.952424498,0</coordinates></Point>
        </Placemark>

        <Placemark>
          <name>939</name>
          <styleUrl>#style_Healthy</styleUrl>
          <ExtendedData>
            <Data name="id"><value>939</value></Data>
            <Data name="Class"><value>Healthy</value></Data>
          </ExtendedData>
          <Point><coordinates>102.489633600,2.952461706,0</coordinates></Point>
        </Placemark>

        <Placemark>
          <name>940</name>
          <styleUrl>#style_Healthy</styleUrl>
          <ExtendedData>
            <Data name="id"><value>940</value></Data>
            <Data name="Class"><value>Healthy</value></Data>
          </ExtendedData>
          <Point><coordinates>102.489635900,2.952384965,0</coordinates></Point>
        </Placemark>

        <Placemark>
          <name>941</name>
          <styleUrl>#style_Healthy</styleUrl>
          <ExtendedData>
            <Data name="id"><value>941</value></Data>
            <Data name="Class"><value>Healthy</value></Data>
          </ExtendedData>
          <Point><coordinates>102.489632400,2.952304735,0</coordinates></Point>
        </Placemark>

        <Placemark>
          <name>942</name>
          <styleUrl>#style_Healthy</styleUrl>
          <ExtendedData>
            <Data name="id"><value>942</value></Data>
            <Data name="Class"><value>Healthy</value></Data>
          </ExtendedData>
          <Point><coordinates>102.489628900,2.952227994,0</coordinates></Point>
        </Placemark>

        <Placemark>
          <name>943</name>
          <styleUrl>#style_Healthy</styleUrl>
          <ExtendedData>
            <Data name="id"><value>943</value></Data>
            <Data name="Class"><value>Healthy</value></Data>
          </ExtendedData>
          <Point><coordinates>102.489698700,2.952188461,0</coordinates></Point>
        </Placemark>

        <Placemark>
          <name>944</name>
          <styleUrl>#style_Healthy</styleUrl>
          <ExtendedData>
            <Data name="id"><value>944</value></Data>
            <Data name="Class"><value>Healthy</value></Data>
          </ExtendedData>
          <Point><coordinates>102.489699800,2.952118697,0</coordinates></Point>
        </Placemark>

        <Placemark>
          <name>945</name>
          <styleUrl>#style_Healthy</styleUrl>
          <ExtendedData>
            <Data name="id"><value>945</value></Data>
            <Data name="Class"><value>Healthy</value></Data>
          </ExtendedData>
          <Point><coordinates>102.489698700,2.952040793,0</coordinates></Point>
        </Placemark>

        <Placemark>
          <name>946</name>
          <styleUrl>#style_Healthy</styleUrl>
          <ExtendedData>
            <Data name="id"><value>946</value></Data>
            <Data name="Class"><value>Healthy</value></Data>
          </ExtendedData>
          <Point><coordinates>102.489691700,2.951965215,0</coordinates></Point>
        </Placemark>

        <Placemark>
          <name>947</name>
          <styleUrl>#style_Healthy</styleUrl>
          <ExtendedData>
            <Data name="id"><value>947</value></Data>
            <Data name="Class"><value>Healthy</value></Data>
          </ExtendedData>
          <Point><coordinates>102.489626600,2.951998934,0</coordinates></Point>
        </Placemark>

        <Placemark>
          <name>948</name>
          <styleUrl>#style_Healthy</styleUrl>
          <ExtendedData>
            <Data name="id"><value>948</value></Data>
            <Data name="Class"><value>Healthy</value></Data>
          </ExtendedData>
          <Point><coordinates>102.489630100,2.951924519,0</coordinates></Point>
        </Placemark>

        <Placemark>
          <name>949</name>
          <styleUrl>#style_Healthy</styleUrl>
          <ExtendedData>
            <Data name="id"><value>949</value></Data>
            <Data name="Class"><value>Healthy</value></Data>
          </ExtendedData>
          <Point><coordinates>102.489569600,2.951959401,0</coordinates></Point>
        </Placemark>

        <Placemark>
          <name>950</name>
          <styleUrl>#style_Healthy</styleUrl>
          <ExtendedData>
            <Data name="id"><value>950</value></Data>
            <Data name="Class"><value>Healthy</value></Data>
          </ExtendedData>
          <Point><coordinates>102.489495200,2.951923356,0</coordinates></Point>
        </Placemark>

        <Placemark>
          <name>952</name>
          <styleUrl>#style_Healthy</styleUrl>
          <ExtendedData>
            <Data name="id"><value>952</value></Data>
            <Data name="Class"><value>Healthy</value></Data>
          </ExtendedData>
          <Point><coordinates>102.489495200,2.951996609,0</coordinates></Point>
        </Placemark>

        <Placemark>
          <name>953</name>
          <styleUrl>#style_Healthy</styleUrl>
          <ExtendedData>
            <Data name="id"><value>953</value></Data>
            <Data name="Class"><value>Healthy</value></Data>
          </ExtendedData>
          <Point><coordinates>102.489565000,2.952032654,0</coordinates></Point>
        </Placemark>

        <Placemark>
          <name>954</name>
          <styleUrl>#style_Healthy</styleUrl>
          <ExtendedData>
            <Data name="id"><value>954</value></Data>
            <Data name="Class"><value>Healthy</value></Data>
          </ExtendedData>
          <Point><coordinates>102.489630100,2.952073350,0</coordinates></Point>
        </Placemark>

        <Placemark>
          <name>955</name>
          <styleUrl>#style_Healthy</styleUrl>
          <ExtendedData>
            <Data name="id"><value>955</value></Data>
            <Data name="Class"><value>Healthy</value></Data>
          </ExtendedData>
          <Point><coordinates>102.489631200,2.952145440,0</coordinates></Point>
        </Placemark>

        <Placemark>
          <name>956</name>
          <styleUrl>#style_Healthy</styleUrl>
          <ExtendedData>
            <Data name="id"><value>956</value></Data>
            <Data name="Class"><value>Healthy</value></Data>
          </ExtendedData>
          <Point><coordinates>102.489559100,2.952109395,0</coordinates></Point>
        </Placemark>

        <Placemark>
          <name>957</name>
          <styleUrl>#style_Healthy</styleUrl>
          <ExtendedData>
            <Data name="id"><value>957</value></Data>
            <Data name="Class"><value>Healthy</value></Data>
          </ExtendedData>
          <Point><coordinates>102.489568400,2.952184973,0</coordinates></Point>
        </Placemark>

        <Placemark>
          <name>958</name>
          <styleUrl>#style_Healthy</styleUrl>
          <ExtendedData>
            <Data name="id"><value>958</value></Data>
            <Data name="Class"><value>Healthy</value></Data>
          </ExtendedData>
          <Point><coordinates>102.489563800,2.952268690,0</coordinates></Point>
        </Placemark>

        <Placemark>
          <name>959</name>
          <styleUrl>#style_Healthy</styleUrl>
          <ExtendedData>
            <Data name="id"><value>959</value></Data>
            <Data name="Class"><value>Healthy</value></Data>
          </ExtendedData>
          <Point><coordinates>102.489562600,2.952345431,0</coordinates></Point>
        </Placemark>

        <Placemark>
          <name>960</name>
          <styleUrl>#style_Healthy</styleUrl>
          <ExtendedData>
            <Data name="id"><value>960</value></Data>
            <Data name="Class"><value>Healthy</value></Data>
          </ExtendedData>
          <Point><coordinates>102.489560300,2.952418684,0</coordinates></Point>
        </Placemark>

        <Placemark>
          <name>961</name>
          <styleUrl>#style_Healthy</styleUrl>
          <ExtendedData>
            <Data name="id"><value>961</value></Data>
            <Data name="Class"><value>Healthy</value></Data>
          </ExtendedData>
          <Point><coordinates>102.489430100,2.952261714,0</coordinates></Point>
        </Placemark>

        <Placemark>
          <name>962</name>
          <styleUrl>#style_Healthy</styleUrl>
          <ExtendedData>
            <Data name="id"><value>962</value></Data>
            <Data name="Class"><value>Healthy</value></Data>
          </ExtendedData>
          <Point><coordinates>102.489433600,2.952184973,0</coordinates></Point>
        </Placemark>

        <Placemark>
          <name>963</name>
          <styleUrl>#style_Healthy</styleUrl>
          <ExtendedData>
            <Data name="id"><value>963</value></Data>
            <Data name="Class"><value>Healthy</value></Data>
          </ExtendedData>
          <Point><coordinates>102.489497500,2.952224506,0</coordinates></Point>
        </Placemark>

        <Placemark>
          <name>964</name>
          <styleUrl>#style_Healthy</styleUrl>
          <ExtendedData>
            <Data name="id"><value>964</value></Data>
            <Data name="Class"><value>Healthy</value></Data>
          </ExtendedData>
          <Point><coordinates>102.489490500,2.952152416,0</coordinates></Point>
        </Placemark>

        <Placemark>
          <name>965</name>
          <styleUrl>#style_Healthy</styleUrl>
          <ExtendedData>
            <Data name="id"><value>965</value></Data>
            <Data name="Class"><value>Healthy</value></Data>
          </ExtendedData>
          <Point><coordinates>102.489427700,2.952115208,0</coordinates></Point>
        </Placemark>

        <Placemark>
          <name>971</name>
          <styleUrl>#style_Healthy</styleUrl>
          <ExtendedData>
            <Data name="id"><value>971</value></Data>
            <Data name="Class"><value>Healthy</value></Data>
          </ExtendedData>
          <Point><coordinates>102.489095200,2.952697742,0</coordinates></Point>
        </Placemark>

        <Placemark>
          <name>972</name>
          <styleUrl>#style_Healthy</styleUrl>
          <ExtendedData>
            <Data name="id"><value>972</value></Data>
            <Data name="Class"><value>Healthy</value></Data>
          </ExtendedData>
          <Point><coordinates>102.489363800,2.951918705,0</coordinates></Point>
        </Placemark>

        <Placemark>
          <name>973</name>
          <styleUrl>#style_Healthy</styleUrl>
          <ExtendedData>
            <Data name="id"><value>973</value></Data>
            <Data name="Class"><value>Healthy</value></Data>
          </ExtendedData>
          <Point><coordinates>102.489431200,2.951879172,0</coordinates></Point>
        </Placemark>

        <Placemark>
          <name>974</name>
          <styleUrl>#style_Healthy</styleUrl>
          <ExtendedData>
            <Data name="id"><value>974</value></Data>
            <Data name="Class"><value>Healthy</value></Data>
          </ExtendedData>
          <Point><coordinates>102.489558000,2.951887311,0</coordinates></Point>
        </Placemark>

        <Placemark>
          <name>975</name>
          <styleUrl>#style_Healthy</styleUrl>
          <ExtendedData>
            <Data name="id"><value>975</value></Data>
            <Data name="Class"><value>Healthy</value></Data>
          </ExtendedData>
          <Point><coordinates>102.489688200,2.951884986,0</coordinates></Point>
        </Placemark>

        <Placemark>
          <name>976</name>
          <styleUrl>#style_Healthy</styleUrl>
          <ExtendedData>
            <Data name="id"><value>976</value></Data>
            <Data name="Class"><value>Healthy</value></Data>
          </ExtendedData>
          <Point><coordinates>102.489626600,2.951843127,0</coordinates></Point>
        </Placemark>

        <Placemark>
          <name>977</name>
          <styleUrl>#style_Healthy</styleUrl>
          <ExtendedData>
            <Data name="id"><value>977</value></Data>
            <Data name="Class"><value>Healthy</value></Data>
          </ExtendedData>
          <Point><coordinates>102.489562600,2.951805919,0</coordinates></Point>
        </Placemark>

        <Placemark>
          <name>978</name>
          <styleUrl>#style_Healthy</styleUrl>
          <ExtendedData>
            <Data name="id"><value>978</value></Data>
            <Data name="Class"><value>Healthy</value></Data>
          </ExtendedData>
          <Point><coordinates>102.489496400,2.951843127,0</coordinates></Point>
        </Placemark>

        <Placemark>
          <name>979</name>
          <styleUrl>#style_Healthy</styleUrl>
          <ExtendedData>
            <Data name="id"><value>979</value></Data>
            <Data name="Class"><value>Healthy</value></Data>
          </ExtendedData>
          <Point><coordinates>102.489626600,2.951765223,0</coordinates></Point>
        </Placemark>

        <Placemark>
          <name>980</name>
          <styleUrl>#style_Healthy</styleUrl>
          <ExtendedData>
            <Data name="id"><value>980</value></Data>
            <Data name="Class"><value>Healthy</value></Data>
          </ExtendedData>
          <Point><coordinates>102.489690500,2.951805919,0</coordinates></Point>
        </Placemark>

        <Placemark>
          <name>981</name>
          <styleUrl>#style_Healthy</styleUrl>
          <ExtendedData>
            <Data name="id"><value>981</value></Data>
            <Data name="Class"><value>Healthy</value></Data>
          </ExtendedData>
          <Point><coordinates>102.489758000,2.951780339,0</coordinates></Point>
        </Placemark>

        <Placemark>
          <name>983</name>
          <styleUrl>#style_Healthy</styleUrl>
          <ExtendedData>
            <Data name="id"><value>983</value></Data>
            <Data name="Class"><value>Healthy</value></Data>
          </ExtendedData>
          <Point><coordinates>102.489895200,2.951773362,0</coordinates></Point>
        </Placemark>

        <Placemark>
          <name>985</name>
          <styleUrl>#style_Healthy</styleUrl>
          <ExtendedData>
            <Data name="id"><value>985</value></Data>
            <Data name="Class"><value>Healthy</value></Data>
          </ExtendedData>
          <Point><coordinates>102.489820800,2.951902427,0</coordinates></Point>
        </Placemark>

        <Placemark>
          <name>986</name>
          <styleUrl>#style_Healthy</styleUrl>
          <ExtendedData>
            <Data name="id"><value>986</value></Data>
            <Data name="Class"><value>Healthy</value></Data>
          </ExtendedData>
          <Point><coordinates>102.489683600,2.951723364,0</coordinates></Point>
        </Placemark>

        <Placemark>
          <name>987</name>
          <styleUrl>#style_Healthy</styleUrl>
          <ExtendedData>
            <Data name="id"><value>987</value></Data>
            <Data name="Class"><value>Healthy</value></Data>
          </ExtendedData>
          <Point><coordinates>102.489631200,2.951681506,0</coordinates></Point>
        </Placemark>

        <Placemark>
          <name>988</name>
          <styleUrl>#style_Healthy</styleUrl>
          <ExtendedData>
            <Data name="id"><value>988</value></Data>
            <Data name="Class"><value>Healthy</value></Data>
          </ExtendedData>
          <Point><coordinates>102.489566100,2.951654763,0</coordinates></Point>
        </Placemark>

        <Placemark>
          <name>989</name>
          <styleUrl>#style_Healthy</styleUrl>
          <ExtendedData>
            <Data name="id"><value>989</value></Data>
            <Data name="Class"><value>Healthy</value></Data>
          </ExtendedData>
          <Point><coordinates>102.489494000,2.951688482,0</coordinates></Point>
        </Placemark>

        <Placemark>
          <name>990</name>
          <styleUrl>#style_Healthy</styleUrl>
          <ExtendedData>
            <Data name="id"><value>990</value></Data>
            <Data name="Class"><value>Healthy</value></Data>
          </ExtendedData>
          <Point><coordinates>102.489428900,2.951730341,0</coordinates></Point>
        </Placemark>

        <Placemark>
          <name>991</name>
          <styleUrl>#style_Healthy</styleUrl>
          <ExtendedData>
            <Data name="id"><value>991</value></Data>
            <Data name="Class"><value>Healthy</value></Data>
          </ExtendedData>
          <Point><coordinates>102.489492900,2.951768711,0</coordinates></Point>
        </Placemark>

        <Placemark>
          <name>992</name>
          <styleUrl>#style_Healthy</styleUrl>
          <ExtendedData>
            <Data name="id"><value>992</value></Data>
            <Data name="Class"><value>Healthy</value></Data>
          </ExtendedData>
          <Point><coordinates>102.489565000,2.951728015,0</coordinates></Point>
        </Placemark>

        <Placemark>
          <name>993</name>
          <styleUrl>#style_Healthy</styleUrl>
          <ExtendedData>
            <Data name="id"><value>993</value></Data>
            <Data name="Class"><value>Healthy</value></Data>
          </ExtendedData>
          <Point><coordinates>102.489426600,2.951650112,0</coordinates></Point>
        </Placemark>

        <Placemark>
          <name>994</name>
          <styleUrl>#style_Healthy</styleUrl>
          <ExtendedData>
            <Data name="id"><value>994</value></Data>
            <Data name="Class"><value>Healthy</value></Data>
          </ExtendedData>
          <Point><coordinates>102.489497500,2.951616392,0</coordinates></Point>
        </Placemark>

        <Placemark>
          <name>995</name>
          <styleUrl>#style_Healthy</styleUrl>
          <ExtendedData>
            <Data name="id"><value>995</value></Data>
            <Data name="Class"><value>Healthy</value></Data>
          </ExtendedData>
          <Point><coordinates>102.489563800,2.951576859,0</coordinates></Point>
        </Placemark>

        <Placemark>
          <name>996</name>
          <styleUrl>#style_Healthy</styleUrl>
          <ExtendedData>
            <Data name="id"><value>996</value></Data>
            <Data name="Class"><value>Healthy</value></Data>
          </ExtendedData>
          <Point><coordinates>102.489424300,2.951572208,0</coordinates></Point>
        </Placemark>

        <Placemark>
          <name>997</name>
          <styleUrl>#style_Healthy</styleUrl>
          <ExtendedData>
            <Data name="id"><value>997</value></Data>
            <Data name="Class"><value>Healthy</value></Data>
          </ExtendedData>
          <Point><coordinates>102.489291700,2.951646623,0</coordinates></Point>
        </Placemark>

        <Placemark>
          <name>998</name>
          <styleUrl>#style_Healthy</styleUrl>
          <ExtendedData>
            <Data name="id"><value>998</value></Data>
            <Data name="Class"><value>Healthy</value></Data>
          </ExtendedData>
          <Point><coordinates>102.489296400,2.951722202,0</coordinates></Point>
        </Placemark>

        <Placemark>
          <name>999</name>
          <styleUrl>#style_Healthy</styleUrl>
          <ExtendedData>
            <Data name="id"><value>999</value></Data>
            <Data name="Class"><value>Healthy</value></Data>
          </ExtendedData>
          <Point><coordinates>102.489291700,2.951804756,0</coordinates></Point>
        </Placemark>

        <Placemark>
          <name>1000</name>
          <styleUrl>#style_Healthy</styleUrl>
          <ExtendedData>
            <Data name="id"><value>1000</value></Data>
            <Data name="Class"><value>Healthy</value></Data>
          </ExtendedData>
          <Point><coordinates>102.489365000,2.951843127,0</coordinates></Point>
        </Placemark>

        <Placemark>
          <name>1002</name>
          <styleUrl>#style_Healthy</styleUrl>
          <ExtendedData>
            <Data name="id"><value>1002</value></Data>
            <Data name="Class"><value>Healthy</value></Data>
          </ExtendedData>
          <Point><coordinates>102.489158000,2.951880335,0</coordinates></Point>
        </Placemark>

        <Placemark>
          <name>1003</name>
          <styleUrl>#style_Healthy</styleUrl>
          <ExtendedData>
            <Data name="id"><value>1003</value></Data>
            <Data name="Class"><value>Healthy</value></Data>
          </ExtendedData>
          <Point><coordinates>102.489161500,2.951805919,0</coordinates></Point>
        </Placemark>

        <Placemark>
          <name>1004</name>
          <styleUrl>#style_Healthy</styleUrl>
          <ExtendedData>
            <Data name="id"><value>1004</value></Data>
            <Data name="Class"><value>Healthy</value></Data>
          </ExtendedData>
          <Point><coordinates>102.489162600,2.951725690,0</coordinates></Point>
        </Placemark>

        <Placemark>
          <name>1005</name>
          <styleUrl>#style_Healthy</styleUrl>
          <ExtendedData>
            <Data name="id"><value>1005</value></Data>
            <Data name="Class"><value>Healthy</value></Data>
          </ExtendedData>
          <Point><coordinates>102.489230100,2.951687319,0</coordinates></Point>
        </Placemark>

        <Placemark>
          <name>1006</name>
          <styleUrl>#style_Healthy</styleUrl>
          <ExtendedData>
            <Data name="id"><value>1006</value></Data>
            <Data name="Class"><value>Healthy</value></Data>
          </ExtendedData>
          <Point><coordinates>102.489227800,2.951611741,0</coordinates></Point>
        </Placemark>

        <Placemark>
          <name>1007</name>
          <styleUrl>#style_Healthy</styleUrl>
          <ExtendedData>
            <Data name="id"><value>1007</value></Data>
            <Data name="Class"><value>Healthy</value></Data>
          </ExtendedData>
          <Point><coordinates>102.489159200,2.951657088,0</coordinates></Point>
        </Placemark>

        <Placemark>
          <name>1008</name>
          <styleUrl>#style_Healthy</styleUrl>
          <ExtendedData>
            <Data name="id"><value>1008</value></Data>
            <Data name="Class"><value>Healthy</value></Data>
          </ExtendedData>
          <Point><coordinates>102.489096400,2.951768711,0</coordinates></Point>
        </Placemark>

        <Placemark>
          <name>1009</name>
          <styleUrl>#style_Healthy</styleUrl>
          <ExtendedData>
            <Data name="id"><value>1009</value></Data>
            <Data name="Class"><value>Healthy</value></Data>
          </ExtendedData>
          <Point><coordinates>102.489095200,2.951691970,0</coordinates></Point>
        </Placemark>

        <Placemark>
          <name>1010</name>
          <styleUrl>#style_Healthy</styleUrl>
          <ExtendedData>
            <Data name="id"><value>1010</value></Data>
            <Data name="Class"><value>Healthy</value></Data>
          </ExtendedData>
          <Point><coordinates>102.489091700,2.951612904,0</coordinates></Point>
        </Placemark>

        <Placemark>
          <name>1011</name>
          <styleUrl>#style_Healthy</styleUrl>
          <ExtendedData>
            <Data name="id"><value>1011</value></Data>
            <Data name="Class"><value>Healthy</value></Data>
          </ExtendedData>
          <Point><coordinates>102.489161500,2.951575696,0</coordinates></Point>
        </Placemark>

        <Placemark>
          <name>1012</name>
          <styleUrl>#style_Healthy</styleUrl>
          <ExtendedData>
            <Data name="id"><value>1012</value></Data>
            <Data name="Class"><value>Healthy</value></Data>
          </ExtendedData>
          <Point><coordinates>102.489027800,2.951579184,0</coordinates></Point>
        </Placemark>

        <Placemark>
          <name>1013</name>
          <styleUrl>#style_Healthy</styleUrl>
          <ExtendedData>
            <Data name="id"><value>1013</value></Data>
            <Data name="Class"><value>Healthy</value></Data>
          </ExtendedData>
          <Point><coordinates>102.488965000,2.951617555,0</coordinates></Point>
        </Placemark>

        <Placemark>
          <name>1015</name>
          <styleUrl>#style_Healthy</styleUrl>
          <ExtendedData>
            <Data name="id"><value>1015</value></Data>
            <Data name="Class"><value>Healthy</value></Data>
          </ExtendedData>
          <Point><coordinates>102.489030100,2.951655925,0</coordinates></Point>
        </Placemark>

        <Placemark>
          <name>1016</name>
          <styleUrl>#style_Healthy</styleUrl>
          <ExtendedData>
            <Data name="id"><value>1016</value></Data>
            <Data name="Class"><value>Healthy</value></Data>
          </ExtendedData>
          <Point><coordinates>102.489023100,2.951729178,0</coordinates></Point>
        </Placemark>

        <Placemark>
          <name>1019</name>
          <styleUrl>#style_Healthy</styleUrl>
          <ExtendedData>
            <Data name="id"><value>1019</value></Data>
            <Data name="Class"><value>Healthy</value></Data>
          </ExtendedData>
          <Point><coordinates>102.488963800,2.951847778,0</coordinates></Point>
        </Placemark>

        <Placemark>
          <name>1020</name>
          <styleUrl>#style_Healthy</styleUrl>
          <ExtendedData>
            <Data name="id"><value>1020</value></Data>
            <Data name="Class"><value>Healthy</value></Data>
          </ExtendedData>
          <Point><coordinates>102.488897500,2.951876846,0</coordinates></Point>
        </Placemark>

        <Placemark>
          <name>1022</name>
          <styleUrl>#style_Healthy</styleUrl>
          <ExtendedData>
            <Data name="id"><value>1022</value></Data>
            <Data name="Class"><value>Healthy</value></Data>
          </ExtendedData>
          <Point><coordinates>102.488766100,2.951962889,0</coordinates></Point>
        </Placemark>

        <Placemark>
          <name>1023</name>
          <styleUrl>#style_Healthy</styleUrl>
          <ExtendedData>
            <Data name="id"><value>1023</value></Data>
            <Data name="Class"><value>Healthy</value></Data>
          </ExtendedData>
          <Point><coordinates>102.488831300,2.951850103,0</coordinates></Point>
        </Placemark>

        <Placemark>
          <name>1024</name>
          <styleUrl>#style_Healthy</styleUrl>
          <ExtendedData>
            <Data name="id"><value>1024</value></Data>
            <Data name="Class"><value>Healthy</value></Data>
          </ExtendedData>
          <Point><coordinates>102.488759200,2.951811733,0</coordinates></Point>
        </Placemark>

        <Placemark>
          <name>1025</name>
          <styleUrl>#style_Healthy</styleUrl>
          <ExtendedData>
            <Data name="id"><value>1025</value></Data>
            <Data name="Class"><value>Healthy</value></Data>
          </ExtendedData>
          <Point><coordinates>102.488827800,2.951768711,0</coordinates></Point>
        </Placemark>

        <Placemark>
          <name>1026</name>
          <styleUrl>#style_Healthy</styleUrl>
          <ExtendedData>
            <Data name="id"><value>1026</value></Data>
            <Data name="Class"><value>Healthy</value></Data>
          </ExtendedData>
          <Point><coordinates>102.488895200,2.951728015,0</coordinates></Point>
        </Placemark>

        <Placemark>
          <name>1027</name>
          <styleUrl>#style_Healthy</styleUrl>
          <ExtendedData>
            <Data name="id"><value>1027</value></Data>
            <Data name="Class"><value>Healthy</value></Data>
          </ExtendedData>
          <Point><coordinates>102.488962700,2.951768711,0</coordinates></Point>
        </Placemark>

        <Placemark>
          <name>1034</name>
          <styleUrl>#style_Healthy</styleUrl>
          <ExtendedData>
            <Data name="id"><value>1034</value></Data>
            <Data name="Class"><value>Healthy</value></Data>
          </ExtendedData>
          <Point><coordinates>102.488763800,2.952431474,0</coordinates></Point>
        </Placemark>

        <Placemark>
          <name>1035</name>
          <styleUrl>#style_Healthy</styleUrl>
          <ExtendedData>
            <Data name="id"><value>1035</value></Data>
            <Data name="Class"><value>Healthy</value></Data>
          </ExtendedData>
          <Point><coordinates>102.488766100,2.952352408,0</coordinates></Point>
        </Placemark>

        <Placemark>
          <name>1036</name>
          <styleUrl>#style_Healthy</styleUrl>
          <ExtendedData>
            <Data name="id"><value>1036</value></Data>
            <Data name="Class"><value>Healthy</value></Data>
          </ExtendedData>
          <Point><coordinates>102.488769600,2.952273341,0</coordinates></Point>
        </Placemark>

        <Placemark>
          <name>1037</name>
          <styleUrl>#style_Healthy</styleUrl>
          <ExtendedData>
            <Data name="id"><value>1037</value></Data>
            <Data name="Class"><value>Healthy</value></Data>
          </ExtendedData>
          <Point><coordinates>102.488762700,2.952200089,0</coordinates></Point>
        </Placemark>

        <Placemark>
          <name>1038</name>
          <styleUrl>#style_Healthy</styleUrl>
          <ExtendedData>
            <Data name="id"><value>1038</value></Data>
            <Data name="Class"><value>Healthy</value></Data>
          </ExtendedData>
          <Point><coordinates>102.488767300,2.952114046,0</coordinates></Point>
        </Placemark>

        <Placemark>
          <name>1041</name>
          <styleUrl>#style_Healthy</styleUrl>
          <ExtendedData>
            <Data name="id"><value>1041</value></Data>
            <Data name="Class"><value>Healthy</value></Data>
          </ExtendedData>
          <Point><coordinates>102.487904600,2.952622745,0</coordinates></Point>
        </Placemark>

        <Placemark>
          <name>1042</name>
          <styleUrl>#style_Healthy</styleUrl>
          <ExtendedData>
            <Data name="id"><value>1042</value></Data>
            <Data name="Class"><value>Healthy</value></Data>
          </ExtendedData>
          <Point><coordinates>102.487839400,2.952586700,0</coordinates></Point>
        </Placemark>

        <Placemark>
          <name>1043</name>
          <styleUrl>#style_Healthy</styleUrl>
          <ExtendedData>
            <Data name="id"><value>1043</value></Data>
            <Data name="Class"><value>Healthy</value></Data>
          </ExtendedData>
          <Point><coordinates>102.487834800,2.952506471,0</coordinates></Point>
        </Placemark>

        <Placemark>
          <name>1044</name>
          <styleUrl>#style_Healthy</styleUrl>
          <ExtendedData>
            <Data name="id"><value>1044</value></Data>
            <Data name="Class"><value>Healthy</value></Data>
          </ExtendedData>
          <Point><coordinates>102.487837100,2.952429730,0</coordinates></Point>
        </Placemark>

        <Placemark>
          <name>1045</name>
          <styleUrl>#style_Healthy</styleUrl>
          <ExtendedData>
            <Data name="id"><value>1045</value></Data>
            <Data name="Class"><value>Healthy</value></Data>
          </ExtendedData>
          <Point><coordinates>102.487837100,2.952359966,0</coordinates></Point>
        </Placemark>

        <Placemark>
          <name>1046</name>
          <styleUrl>#style_Healthy</styleUrl>
          <ExtendedData>
            <Data name="id"><value>1046</value></Data>
            <Data name="Class"><value>Healthy</value></Data>
          </ExtendedData>
          <Point><coordinates>102.487833600,2.952279737,0</coordinates></Point>
        </Placemark>

        <Placemark>
          <name>1048</name>
          <styleUrl>#style_Healthy</styleUrl>
          <ExtendedData>
            <Data name="id"><value>1048</value></Data>
            <Data name="Class"><value>Healthy</value></Data>
          </ExtendedData>
          <Point><coordinates>102.487904600,2.952393685,0</coordinates></Point>
        </Placemark>

        <Placemark>
          <name>1049</name>
          <styleUrl>#style_Healthy</styleUrl>
          <ExtendedData>
            <Data name="id"><value>1049</value></Data>
            <Data name="Class"><value>Healthy</value></Data>
          </ExtendedData>
          <Point><coordinates>102.487904600,2.952463450,0</coordinates></Point>
        </Placemark>

        <Placemark>
          <name>1050</name>
          <styleUrl>#style_Healthy</styleUrl>
          <ExtendedData>
            <Data name="id"><value>1050</value></Data>
            <Data name="Class"><value>Healthy</value></Data>
          </ExtendedData>
          <Point><coordinates>102.487903400,2.952550655,0</coordinates></Point>
        </Placemark>

        <Placemark>
          <name>1051</name>
          <styleUrl>#style_Healthy</styleUrl>
          <ExtendedData>
            <Data name="id"><value>1051</value></Data>
            <Data name="Class"><value>Healthy</value></Data>
          </ExtendedData>
          <Point><coordinates>102.487967300,2.952502983,0</coordinates></Point>
        </Placemark>

        <Placemark>
          <name>1053</name>
          <styleUrl>#style_Healthy</styleUrl>
          <ExtendedData>
            <Data name="id"><value>1053</value></Data>
            <Data name="Class"><value>Healthy</value></Data>
          </ExtendedData>
          <Point><coordinates>102.488031300,2.952547167,0</coordinates></Point>
        </Placemark>

        <Placemark>
          <name>1054</name>
          <styleUrl>#style_Healthy</styleUrl>
          <ExtendedData>
            <Data name="id"><value>1054</value></Data>
            <Data name="Class"><value>Healthy</value></Data>
          </ExtendedData>
          <Point><coordinates>102.488106900,2.952506471,0</coordinates></Point>
        </Placemark>

        <Placemark>
          <name>1055</name>
          <styleUrl>#style_Healthy</styleUrl>
          <ExtendedData>
            <Data name="id"><value>1055</value></Data>
            <Data name="Class"><value>Healthy</value></Data>
          </ExtendedData>
          <Point><coordinates>102.488165000,2.952547167,0</coordinates></Point>
        </Placemark>

        <Placemark>
          <name>1056</name>
          <styleUrl>#style_Healthy</styleUrl>
          <ExtendedData>
            <Data name="id"><value>1056</value></Data>
            <Data name="Class"><value>Healthy</value></Data>
          </ExtendedData>
          <Point><coordinates>102.488232500,2.952502983,0</coordinates></Point>
        </Placemark>

        <Placemark>
          <name>1057</name>
          <styleUrl>#style_Healthy</styleUrl>
          <ExtendedData>
            <Data name="id"><value>1057</value></Data>
            <Data name="Class"><value>Healthy</value></Data>
          </ExtendedData>
          <Point><coordinates>102.488297600,2.952547167,0</coordinates></Point>
        </Placemark>

        <Placemark>
          <name>1058</name>
          <styleUrl>#style_Healthy</styleUrl>
          <ExtendedData>
            <Data name="id"><value>1058</value></Data>
            <Data name="Class"><value>Healthy</value></Data>
          </ExtendedData>
          <Point><coordinates>102.488366200,2.952507634,0</coordinates></Point>
        </Placemark>

        <Placemark>
          <name>1060</name>
          <styleUrl>#style_Healthy</styleUrl>
          <ExtendedData>
            <Data name="id"><value>1060</value></Data>
            <Data name="Class"><value>Healthy</value></Data>
          </ExtendedData>
          <Point><coordinates>102.488440600,2.952546005,0</coordinates></Point>
        </Placemark>

        <Placemark>
          <name>1061</name>
          <styleUrl>#style_Healthy</styleUrl>
          <ExtendedData>
            <Data name="id"><value>1061</value></Data>
            <Data name="Class"><value>Healthy</value></Data>
          </ExtendedData>
          <Point><coordinates>102.488567300,2.952469264,0</coordinates></Point>
        </Placemark>

        <Placemark>
          <name>1062</name>
          <styleUrl>#style_Healthy</styleUrl>
          <ExtendedData>
            <Data name="id"><value>1062</value></Data>
            <Data name="Class"><value>Healthy</value></Data>
          </ExtendedData>
          <Point><coordinates>102.488504400,2.952421736,0</coordinates></Point>
        </Placemark>

        <Placemark>
          <name>1063</name>
          <styleUrl>#style_Healthy</styleUrl>
          <ExtendedData>
            <Data name="id"><value>1063</value></Data>
            <Data name="Class"><value>Healthy</value></Data>
          </ExtendedData>
          <Point><coordinates>102.488497700,2.952354733,0</coordinates></Point>
        </Placemark>

        <Placemark>
          <name>1064</name>
          <styleUrl>#style_Healthy</styleUrl>
          <ExtendedData>
            <Data name="id"><value>1064</value></Data>
            <Data name="Class"><value>Healthy</value></Data>
          </ExtendedData>
          <Point><coordinates>102.488565100,2.952390778,0</coordinates></Point>
        </Placemark>

        <Placemark>
          <name>1065</name>
          <styleUrl>#style_Healthy</styleUrl>
          <ExtendedData>
            <Data name="id"><value>1065</value></Data>
            <Data name="Class"><value>Healthy</value></Data>
          </ExtendedData>
          <Point><coordinates>102.488640700,2.952426823,0</coordinates></Point>
        </Placemark>

        <Placemark>
          <name>1066</name>
          <styleUrl>#style_Healthy</styleUrl>
          <ExtendedData>
            <Data name="id"><value>1066</value></Data>
            <Data name="Class"><value>Healthy</value></Data>
          </ExtendedData>
          <Point><coordinates>102.488637200,2.952516355,0</coordinates></Point>
        </Placemark>

        <Placemark>
          <name>1068</name>
          <styleUrl>#style_Healthy</styleUrl>
          <ExtendedData>
            <Data name="id"><value>1068</value></Data>
            <Data name="Class"><value>Healthy</value></Data>
          </ExtendedData>
          <Point><coordinates>102.488566300,2.952538447,0</coordinates></Point>
        </Placemark>

        <Placemark>
          <name>1069</name>
          <styleUrl>#style_Healthy</styleUrl>
          <ExtendedData>
            <Data name="id"><value>1069</value></Data>
            <Data name="Class"><value>Healthy</value></Data>
          </ExtendedData>
          <Point><coordinates>102.488694200,2.951846615,0</coordinates></Point>
        </Placemark>

        <Placemark>
          <name>1070</name>
          <styleUrl>#style_Healthy</styleUrl>
          <ExtendedData>
            <Data name="id"><value>1070</value></Data>
            <Data name="Class"><value>Healthy</value></Data>
          </ExtendedData>
          <Point><coordinates>102.488690700,2.951776850,0</coordinates></Point>
        </Placemark>

        <Placemark>
          <name>1071</name>
          <styleUrl>#style_Healthy</styleUrl>
          <ExtendedData>
            <Data name="id"><value>1071</value></Data>
            <Data name="Class"><value>Healthy</value></Data>
          </ExtendedData>
          <Point><coordinates>102.488631400,2.951812895,0</coordinates></Point>
        </Placemark>

        <Placemark>
          <name>1072</name>
          <styleUrl>#style_Healthy</styleUrl>
          <ExtendedData>
            <Data name="id"><value>1072</value></Data>
            <Data name="Class"><value>Healthy</value></Data>
          </ExtendedData>
          <Point><coordinates>102.488564000,2.951850103,0</coordinates></Point>
        </Placemark>

        <Placemark>
          <name>1073</name>
          <styleUrl>#style_Healthy</styleUrl>
          <ExtendedData>
            <Data name="id"><value>1073</value></Data>
            <Data name="Class"><value>Healthy</value></Data>
          </ExtendedData>
          <Point><coordinates>102.488497700,2.951807082,0</coordinates></Point>
        </Placemark>

        <Placemark>
          <name>1074</name>
          <styleUrl>#style_Healthy</styleUrl>
          <ExtendedData>
            <Data name="id"><value>1074</value></Data>
            <Data name="Class"><value>Healthy</value></Data>
          </ExtendedData>
          <Point><coordinates>102.488696500,2.952474496,0</coordinates></Point>
        </Placemark>

        <Placemark>
          <name>1075</name>
          <styleUrl>#style_Healthy</styleUrl>
          <ExtendedData>
            <Data name="id"><value>1075</value></Data>
            <Data name="Class"><value>Healthy</value></Data>
          </ExtendedData>
          <Point><coordinates>102.488697700,2.952390778,0</coordinates></Point>
        </Placemark>

        <Placemark>
          <name>1076</name>
          <styleUrl>#style_Healthy</styleUrl>
          <ExtendedData>
            <Data name="id"><value>1076</value></Data>
            <Data name="Class"><value>Healthy</value></Data>
          </ExtendedData>
          <Point><coordinates>102.488637200,2.952357059,0</coordinates></Point>
        </Placemark>

        <Placemark>
          <name>1077</name>
          <styleUrl>#style_Healthy</styleUrl>
          <ExtendedData>
            <Data name="id"><value>1077</value></Data>
            <Data name="Class"><value>Healthy</value></Data>
          </ExtendedData>
          <Point><coordinates>102.488566300,2.952316363,0</coordinates></Point>
        </Placemark>

        <Placemark>
          <name>1078</name>
          <styleUrl>#style_Healthy</styleUrl>
          <ExtendedData>
            <Data name="id"><value>1078</value></Data>
            <Data name="Class"><value>Healthy</value></Data>
          </ExtendedData>
          <Point><coordinates>102.488638400,2.952275667,0</coordinates></Point>
        </Placemark>

        <Placemark>
          <name>1079</name>
          <styleUrl>#style_Healthy</styleUrl>
          <ExtendedData>
            <Data name="id"><value>1079</value></Data>
            <Data name="Class"><value>Healthy</value></Data>
          </ExtendedData>
          <Point><coordinates>102.488700000,2.952236134,0</coordinates></Point>
        </Placemark>

        <Placemark>
          <name>1080</name>
          <styleUrl>#style_Healthy</styleUrl>
          <ExtendedData>
            <Data name="id"><value>1080</value></Data>
            <Data name="Class"><value>Healthy</value></Data>
          </ExtendedData>
          <Point><coordinates>102.488704700,2.952158230,0</coordinates></Point>
        </Placemark>

        <Placemark>
          <name>1081</name>
          <styleUrl>#style_Healthy</styleUrl>
          <ExtendedData>
            <Data name="id"><value>1081</value></Data>
            <Data name="Class"><value>Healthy</value></Data>
          </ExtendedData>
          <Point><coordinates>102.488702300,2.952076838,0</coordinates></Point>
        </Placemark>

        <Placemark>
          <name>1082</name>
          <styleUrl>#style_Healthy</styleUrl>
          <ExtendedData>
            <Data name="id"><value>1082</value></Data>
            <Data name="Class"><value>Healthy</value></Data>
          </ExtendedData>
          <Point><coordinates>102.488697700,2.951998934,0</coordinates></Point>
        </Placemark>

        <Placemark>
          <name>1083</name>
          <styleUrl>#style_Healthy</styleUrl>
          <ExtendedData>
            <Data name="id"><value>1083</value></Data>
            <Data name="Class"><value>Healthy</value></Data>
          </ExtendedData>
          <Point><coordinates>102.488700000,2.951918705,0</coordinates></Point>
        </Placemark>

        <Placemark>
          <name>1084</name>
          <styleUrl>#style_Healthy</styleUrl>
          <ExtendedData>
            <Data name="id"><value>1084</value></Data>
            <Data name="Class"><value>Healthy</value></Data>
          </ExtendedData>
          <Point><coordinates>102.488629100,2.951888474,0</coordinates></Point>
        </Placemark>

        <Placemark>
          <name>1085</name>
          <styleUrl>#style_Healthy</styleUrl>
          <ExtendedData>
            <Data name="id"><value>1085</value></Data>
            <Data name="Class"><value>Healthy</value></Data>
          </ExtendedData>
          <Point><coordinates>102.488629100,2.951960564,0</coordinates></Point>
        </Placemark>

        <Placemark>
          <name>1086</name>
          <styleUrl>#style_Healthy</styleUrl>
          <ExtendedData>
            <Data name="id"><value>1086</value></Data>
            <Data name="Class"><value>Healthy</value></Data>
          </ExtendedData>
          <Point><coordinates>102.488631400,2.952037305,0</coordinates></Point>
        </Placemark>

        <Placemark>
          <name>1087</name>
          <styleUrl>#style_Healthy</styleUrl>
          <ExtendedData>
            <Data name="id"><value>1087</value></Data>
            <Data name="Class"><value>Healthy</value></Data>
          </ExtendedData>
          <Point><coordinates>102.488633700,2.952114046,0</coordinates></Point>
        </Placemark>

        <Placemark>
          <name>1088</name>
          <styleUrl>#style_Healthy</styleUrl>
          <ExtendedData>
            <Data name="id"><value>1088</value></Data>
            <Data name="Class"><value>Healthy</value></Data>
          </ExtendedData>
          <Point><coordinates>102.488630300,2.952194275,0</coordinates></Point>
        </Placemark>

        <Placemark>
          <name>1089</name>
          <styleUrl>#style_Healthy</styleUrl>
          <ExtendedData>
            <Data name="id"><value>1089</value></Data>
            <Data name="Class"><value>Healthy</value></Data>
          </ExtendedData>
          <Point><coordinates>102.488562800,2.952234971,0</coordinates></Point>
        </Placemark>

        <Placemark>
          <name>1090</name>
          <styleUrl>#style_Healthy</styleUrl>
          <ExtendedData>
            <Data name="id"><value>1090</value></Data>
            <Data name="Class"><value>Healthy</value></Data>
          </ExtendedData>
          <Point><coordinates>102.488498900,2.952275667,0</coordinates></Point>
        </Placemark>

        <Placemark>
          <name>1091</name>
          <styleUrl>#style_Healthy</styleUrl>
          <ExtendedData>
            <Data name="id"><value>1091</value></Data>
            <Data name="Class"><value>Healthy</value></Data>
          </ExtendedData>
          <Point><coordinates>102.488430300,2.952317526,0</coordinates></Point>
        </Placemark>

        <Placemark>
          <name>1092</name>
          <styleUrl>#style_Healthy</styleUrl>
          <ExtendedData>
            <Data name="id"><value>1092</value></Data>
            <Data name="Class"><value>Healthy</value></Data>
          </ExtendedData>
          <Point><coordinates>102.488365100,2.952357059,0</coordinates></Point>
        </Placemark>

        <Placemark>
          <name>1093</name>
          <styleUrl>#style_Healthy</styleUrl>
          <ExtendedData>
            <Data name="id"><value>1093</value></Data>
            <Data name="Class"><value>Healthy</value></Data>
          </ExtendedData>
          <Point><coordinates>102.488368600,2.952427986,0</coordinates></Point>
        </Placemark>

        <Placemark>
          <name>1094</name>
          <styleUrl>#style_Healthy</styleUrl>
          <ExtendedData>
            <Data name="id"><value>1094</value></Data>
            <Data name="Class"><value>Healthy</value></Data>
          </ExtendedData>
          <Point><coordinates>102.488300000,2.952395429,0</coordinates></Point>
        </Placemark>

        <Placemark>
          <name>1096</name>
          <styleUrl>#style_Healthy</styleUrl>
          <ExtendedData>
            <Data name="id"><value>1096</value></Data>
            <Data name="Class"><value>Healthy</value></Data>
          </ExtendedData>
          <Point><coordinates>102.488298900,2.952460543,0</coordinates></Point>
        </Placemark>

        <Placemark>
          <name>1097</name>
          <styleUrl>#style_Healthy</styleUrl>
          <ExtendedData>
            <Data name="id"><value>1097</value></Data>
            <Data name="Class"><value>Healthy</value></Data>
          </ExtendedData>
          <Point><coordinates>102.488168600,2.952394267,0</coordinates></Point>
        </Placemark>

        <Placemark>
          <name>1098</name>
          <styleUrl>#style_Healthy</styleUrl>
          <ExtendedData>
            <Data name="id"><value>1098</value></Data>
            <Data name="Class"><value>Healthy</value></Data>
          </ExtendedData>
          <Point><coordinates>102.488169800,2.952469845,0</coordinates></Point>
        </Placemark>

        <Placemark>
          <name>1099</name>
          <styleUrl>#style_Healthy</styleUrl>
          <ExtendedData>
            <Data name="id"><value>1099</value></Data>
            <Data name="Class"><value>Healthy</value></Data>
          </ExtendedData>
          <Point><coordinates>102.488103500,2.952426823,0</coordinates></Point>
        </Placemark>

        <Placemark>
          <name>1100</name>
          <styleUrl>#style_Healthy</styleUrl>
          <ExtendedData>
            <Data name="id"><value>1100</value></Data>
            <Data name="Class"><value>Healthy</value></Data>
          </ExtendedData>
          <Point><coordinates>102.488036100,2.952393104,0</coordinates></Point>
        </Placemark>

        <Placemark>
          <name>1102</name>
          <styleUrl>#style_Healthy</styleUrl>
          <ExtendedData>
            <Data name="id"><value>1102</value></Data>
            <Data name="Class"><value>Healthy</value></Data>
          </ExtendedData>
          <Point><coordinates>102.487969800,2.952359384,0</coordinates></Point>
        </Placemark>

        <Placemark>
          <name>1103</name>
          <styleUrl>#style_Healthy</styleUrl>
          <ExtendedData>
            <Data name="id"><value>1103</value></Data>
            <Data name="Class"><value>Healthy</value></Data>
          </ExtendedData>
          <Point><coordinates>102.487902400,2.952243110,0</coordinates></Point>
        </Placemark>

        <Placemark>
          <name>1104</name>
          <styleUrl>#style_Healthy</styleUrl>
          <ExtendedData>
            <Data name="id"><value>1104</value></Data>
            <Data name="Class"><value>Healthy</value></Data>
          </ExtendedData>
          <Point><coordinates>102.487901200,2.952162881,0</coordinates></Point>
        </Placemark>

        <Placemark>
          <name>1105</name>
          <styleUrl>#style_Healthy</styleUrl>
          <ExtendedData>
            <Data name="id"><value>1105</value></Data>
            <Data name="Class"><value>Healthy</value></Data>
          </ExtendedData>
          <Point><coordinates>102.487901200,2.952088465,0</coordinates></Point>
        </Placemark>

        <Placemark>
          <name>1107</name>
          <styleUrl>#style_Healthy</styleUrl>
          <ExtendedData>
            <Data name="id"><value>1107</value></Data>
            <Data name="Class"><value>Healthy</value></Data>
          </ExtendedData>
          <Point><coordinates>102.487904700,2.951943123,0</coordinates></Point>
        </Placemark>

        <Placemark>
          <name>1108</name>
          <styleUrl>#style_Healthy</styleUrl>
          <ExtendedData>
            <Data name="id"><value>1108</value></Data>
            <Data name="Class"><value>Healthy</value></Data>
          </ExtendedData>
          <Point><coordinates>102.487895400,2.951860568,0</coordinates></Point>
        </Placemark>

        <Placemark>
          <name>1109</name>
          <styleUrl>#style_Healthy</styleUrl>
          <ExtendedData>
            <Data name="id"><value>1109</value></Data>
            <Data name="Class"><value>Healthy</value></Data>
          </ExtendedData>
          <Point><coordinates>102.487897700,2.951776850,0</coordinates></Point>
        </Placemark>

        <Placemark>
          <name>1110</name>
          <styleUrl>#style_Healthy</styleUrl>
          <ExtendedData>
            <Data name="id"><value>1110</value></Data>
            <Data name="Class"><value>Healthy</value></Data>
          </ExtendedData>
          <Point><coordinates>102.487962800,2.951812895,0</coordinates></Point>
        </Placemark>

        <Placemark>
          <name>1111</name>
          <styleUrl>#style_Healthy</styleUrl>
          <ExtendedData>
            <Data name="id"><value>1111</value></Data>
            <Data name="Class"><value>Healthy</value></Data>
          </ExtendedData>
          <Point><coordinates>102.487964000,2.951895450,0</coordinates></Point>
        </Placemark>

        <Placemark>
          <name>1112</name>
          <styleUrl>#style_Healthy</styleUrl>
          <ExtendedData>
            <Data name="id"><value>1112</value></Data>
            <Data name="Class"><value>Healthy</value></Data>
          </ExtendedData>
          <Point><coordinates>102.487965200,2.951964052,0</coordinates></Point>
        </Placemark>

        <Placemark>
          <name>1113</name>
          <styleUrl>#style_Healthy</styleUrl>
          <ExtendedData>
            <Data name="id"><value>1113</value></Data>
            <Data name="Class"><value>Healthy</value></Data>
          </ExtendedData>
          <Point><coordinates>102.487968700,2.952044281,0</coordinates></Point>
        </Placemark>

        <Placemark>
          <name>1114</name>
          <styleUrl>#style_Healthy</styleUrl>
          <ExtendedData>
            <Data name="id"><value>1114</value></Data>
            <Data name="Class"><value>Healthy</value></Data>
          </ExtendedData>
          <Point><coordinates>102.487966300,2.952121022,0</coordinates></Point>
        </Placemark>

        <Placemark>
          <name>1115</name>
          <styleUrl>#style_Healthy</styleUrl>
          <ExtendedData>
            <Data name="id"><value>1115</value></Data>
            <Data name="Class"><value>Healthy</value></Data>
          </ExtendedData>
          <Point><coordinates>102.487968700,2.952197763,0</coordinates></Point>
        </Placemark>

        <Placemark>
          <name>1116</name>
          <styleUrl>#style_Healthy</styleUrl>
          <ExtendedData>
            <Data name="id"><value>1116</value></Data>
            <Data name="Class"><value>Healthy</value></Data>
          </ExtendedData>
          <Point><coordinates>102.487967500,2.952269853,0</coordinates></Point>
        </Placemark>

        <Placemark>
          <name>1117</name>
          <styleUrl>#style_Healthy</styleUrl>
          <ExtendedData>
            <Data name="id"><value>1117</value></Data>
            <Data name="Class"><value>Healthy</value></Data>
          </ExtendedData>
          <Point><coordinates>102.488037300,2.952310549,0</coordinates></Point>
        </Placemark>

        <Placemark>
          <name>1118</name>
          <styleUrl>#style_Healthy</styleUrl>
          <ExtendedData>
            <Data name="id"><value>1118</value></Data>
            <Data name="Class"><value>Healthy</value></Data>
          </ExtendedData>
          <Point><coordinates>102.488029100,2.952238459,0</coordinates></Point>
        </Placemark>

        <Placemark>
          <name>1119</name>
          <styleUrl>#style_Healthy</styleUrl>
          <ExtendedData>
            <Data name="id"><value>1119</value></Data>
            <Data name="Class"><value>Healthy</value></Data>
          </ExtendedData>
          <Point><coordinates>102.488098900,2.952275667,0</coordinates></Point>
        </Placemark>

        <Placemark>
          <name>1124</name>
          <styleUrl>#style_Healthy</styleUrl>
          <ExtendedData>
            <Data name="id"><value>1124</value></Data>
            <Data name="Class"><value>Healthy</value></Data>
          </ExtendedData>
          <Point><coordinates>102.488300000,2.952317526,0</coordinates></Point>
        </Placemark>

        <Placemark>
          <name>1125</name>
          <styleUrl>#style_Healthy</styleUrl>
          <ExtendedData>
            <Data name="id"><value>1125</value></Data>
            <Data name="Class"><value>Healthy</value></Data>
          </ExtendedData>
          <Point><coordinates>102.488232600,2.952276830,0</coordinates></Point>
        </Placemark>

        <Placemark>
          <name>1127</name>
          <styleUrl>#style_Healthy</styleUrl>
          <ExtendedData>
            <Data name="id"><value>1127</value></Data>
            <Data name="Class"><value>Healthy</value></Data>
          </ExtendedData>
          <Point><coordinates>102.488032600,2.952084977,0</coordinates></Point>
        </Placemark>

        <Placemark>
          <name>1128</name>
          <styleUrl>#style_Healthy</styleUrl>
          <ExtendedData>
            <Data name="id"><value>1128</value></Data>
            <Data name="Class"><value>Healthy</value></Data>
          </ExtendedData>
          <Point><coordinates>102.488037300,2.952010562,0</coordinates></Point>
        </Placemark>

        <Placemark>
          <name>1129</name>
          <styleUrl>#style_Healthy</styleUrl>
          <ExtendedData>
            <Data name="id"><value>1129</value></Data>
            <Data name="Class"><value>Healthy</value></Data>
          </ExtendedData>
          <Point><coordinates>102.488032600,2.951932658,0</coordinates></Point>
        </Placemark>

        <Placemark>
          <name>1136</name>
          <styleUrl>#style_Healthy</styleUrl>
          <ExtendedData>
            <Data name="id"><value>1136</value></Data>
            <Data name="Class"><value>Healthy</value></Data>
          </ExtendedData>
          <Point><coordinates>102.488094200,2.951894287,0</coordinates></Point>
        </Placemark>

        <Placemark>
          <name>1145</name>
          <styleUrl>#style_Healthy</styleUrl>
          <ExtendedData>
            <Data name="id"><value>1145</value></Data>
            <Data name="Class"><value>Healthy</value></Data>
          </ExtendedData>
          <Point><coordinates>102.488098900,2.952118697,0</coordinates></Point>
        </Placemark>

        <Placemark>
          <name>1147</name>
          <styleUrl>#style_Healthy</styleUrl>
          <ExtendedData>
            <Data name="id"><value>1147</value></Data>
            <Data name="Class"><value>Healthy</value></Data>
          </ExtendedData>
          <Point><coordinates>102.488222100,2.952208228,0</coordinates></Point>
        </Placemark>

        <Placemark>
          <name>1148</name>
          <styleUrl>#style_Healthy</styleUrl>
          <ExtendedData>
            <Data name="id"><value>1148</value></Data>
            <Data name="Class"><value>Healthy</value></Data>
          </ExtendedData>
          <Point><coordinates>102.488298900,2.952243110,0</coordinates></Point>
        </Placemark>

        <Placemark>
          <name>1150</name>
          <styleUrl>#style_Healthy</styleUrl>
          <ExtendedData>
            <Data name="id"><value>1150</value></Data>
            <Data name="Class"><value>Healthy</value></Data>
          </ExtendedData>
          <Point><coordinates>102.488373300,2.952274504,0</coordinates></Point>
        </Placemark>

        <Placemark>
          <name>1151</name>
          <styleUrl>#style_Healthy</styleUrl>
          <ExtendedData>
            <Data name="id"><value>1151</value></Data>
            <Data name="Class"><value>Healthy</value></Data>
          </ExtendedData>
          <Point><coordinates>102.488436100,2.952239622,0</coordinates></Point>
        </Placemark>

        <Placemark>
          <name>1152</name>
          <styleUrl>#style_Healthy</styleUrl>
          <ExtendedData>
            <Data name="id"><value>1152</value></Data>
            <Data name="Class"><value>Healthy</value></Data>
          </ExtendedData>
          <Point><coordinates>102.488502400,2.952196600,0</coordinates></Point>
        </Placemark>

        <Placemark>
          <name>1153</name>
          <styleUrl>#style_Healthy</styleUrl>
          <ExtendedData>
            <Data name="id"><value>1153</value></Data>
            <Data name="Class"><value>Healthy</value></Data>
          </ExtendedData>
          <Point><coordinates>102.488568600,2.952159393,0</coordinates></Point>
        </Placemark>

        <Placemark>
          <name>1154</name>
          <styleUrl>#style_Healthy</styleUrl>
          <ExtendedData>
            <Data name="id"><value>1154</value></Data>
            <Data name="Class"><value>Healthy</value></Data>
          </ExtendedData>
          <Point><coordinates>102.488564000,2.952079163,0</coordinates></Point>
        </Placemark>

        <Placemark>
          <name>1155</name>
          <styleUrl>#style_Healthy</styleUrl>
          <ExtendedData>
            <Data name="id"><value>1155</value></Data>
            <Data name="Class"><value>Healthy</value></Data>
          </ExtendedData>
          <Point><coordinates>102.488565100,2.952001260,0</coordinates></Point>
        </Placemark>

        <Placemark>
          <name>1156</name>
          <styleUrl>#style_Healthy</styleUrl>
          <ExtendedData>
            <Data name="id"><value>1156</value></Data>
            <Data name="Class"><value>Healthy</value></Data>
          </ExtendedData>
          <Point><coordinates>102.488571000,2.951930332,0</coordinates></Point>
        </Placemark>

        <Placemark>
          <name>1157</name>
          <styleUrl>#style_Healthy</styleUrl>
          <ExtendedData>
            <Data name="id"><value>1157</value></Data>
            <Data name="Class"><value>Healthy</value></Data>
          </ExtendedData>
          <Point><coordinates>102.488498900,2.952119859,0</coordinates></Point>
        </Placemark>

        <Placemark>
          <name>1158</name>
          <styleUrl>#style_Healthy</styleUrl>
          <ExtendedData>
            <Data name="id"><value>1158</value></Data>
            <Data name="Class"><value>Healthy</value></Data>
          </ExtendedData>
          <Point><coordinates>102.488431400,2.952158230,0</coordinates></Point>
        </Placemark>

        <Placemark>
          <name>1159</name>
          <styleUrl>#style_Healthy</styleUrl>
          <ExtendedData>
            <Data name="id"><value>1159</value></Data>
            <Data name="Class"><value>Healthy</value></Data>
          </ExtendedData>
          <Point><coordinates>102.488367500,2.952198926,0</coordinates></Point>
        </Placemark>

        <Placemark>
          <name>1160</name>
          <styleUrl>#style_Healthy</styleUrl>
          <ExtendedData>
            <Data name="id"><value>1160</value></Data>
            <Data name="Class"><value>Healthy</value></Data>
          </ExtendedData>
          <Point><coordinates>102.488365100,2.952121022,0</coordinates></Point>
        </Placemark>

        <Placemark>
          <name>1165</name>
          <styleUrl>#style_Healthy</styleUrl>
          <ExtendedData>
            <Data name="id"><value>1165</value></Data>
            <Data name="Class"><value>Healthy</value></Data>
          </ExtendedData>
          <Point><coordinates>102.488360500,2.951966377,0</coordinates></Point>
        </Placemark>

        <Placemark>
          <name>1166</name>
          <styleUrl>#style_Healthy</styleUrl>
          <ExtendedData>
            <Data name="id"><value>1166</value></Data>
            <Data name="Class"><value>Healthy</value></Data>
          </ExtendedData>
          <Point><coordinates>102.488367500,2.952043118,0</coordinates></Point>
        </Placemark>

        <Placemark>
          <name>1167</name>
          <styleUrl>#style_Healthy</styleUrl>
          <ExtendedData>
            <Data name="id"><value>1167</value></Data>
            <Data name="Class"><value>Healthy</value></Data>
          </ExtendedData>
          <Point><coordinates>102.488429100,2.952075675,0</coordinates></Point>
        </Placemark>

        <Placemark>
          <name>1168</name>
          <styleUrl>#style_Healthy</styleUrl>
          <ExtendedData>
            <Data name="id"><value>1168</value></Data>
            <Data name="Class"><value>Healthy</value></Data>
          </ExtendedData>
          <Point><coordinates>102.488431400,2.952007073,0</coordinates></Point>
        </Placemark>

        <Placemark>
          <name>1169</name>
          <styleUrl>#style_Healthy</styleUrl>
          <ExtendedData>
            <Data name="id"><value>1169</value></Data>
            <Data name="Class"><value>Healthy</value></Data>
          </ExtendedData>
          <Point><coordinates>102.488498900,2.952045444,0</coordinates></Point>
        </Placemark>

        <Placemark>
          <name>1170</name>
          <styleUrl>#style_Healthy</styleUrl>
          <ExtendedData>
            <Data name="id"><value>1170</value></Data>
            <Data name="Class"><value>Healthy</value></Data>
          </ExtendedData>
          <Point><coordinates>102.488501200,2.951965215,0</coordinates></Point>
        </Placemark>

        <Placemark>
          <name>1171</name>
          <styleUrl>#style_Healthy</styleUrl>
          <ExtendedData>
            <Data name="id"><value>1171</value></Data>
            <Data name="Class"><value>Healthy</value></Data>
          </ExtendedData>
          <Point><coordinates>102.488495400,2.951894287,0</coordinates></Point>
        </Placemark>

        <Placemark>
          <name>1172</name>
          <styleUrl>#style_Healthy</styleUrl>
          <ExtendedData>
            <Data name="id"><value>1172</value></Data>
            <Data name="Class"><value>Healthy</value></Data>
          </ExtendedData>
          <Point><coordinates>102.488427900,2.951929170,0</coordinates></Point>
        </Placemark>

        <Placemark>
          <name>1173</name>
          <styleUrl>#style_Healthy</styleUrl>
          <ExtendedData>
            <Data name="id"><value>1173</value></Data>
            <Data name="Class"><value>Healthy</value></Data>
          </ExtendedData>
          <Point><coordinates>102.488433800,2.951853591,0</coordinates></Point>
        </Placemark>

        <Placemark>
          <name>1174</name>
          <styleUrl>#style_Healthy</styleUrl>
          <ExtendedData>
            <Data name="id"><value>1174</value></Data>
            <Data name="Class"><value>Healthy</value></Data>
          </ExtendedData>
          <Point><coordinates>102.488430300,2.951773362,0</coordinates></Point>
        </Placemark>

        <Placemark>
          <name>1175</name>
          <styleUrl>#style_Healthy</styleUrl>
          <ExtendedData>
            <Data name="id"><value>1175</value></Data>
            <Data name="Class"><value>Healthy</value></Data>
          </ExtendedData>
          <Point><coordinates>102.486915200,2.952594258,0</coordinates></Point>
        </Placemark>

        <Placemark>
          <name>1176</name>
          <styleUrl>#style_Healthy</styleUrl>
          <ExtendedData>
            <Data name="id"><value>1176</value></Data>
            <Data name="Class"><value>Healthy</value></Data>
          </ExtendedData>
          <Point><coordinates>102.486908200,2.952510541,0</coordinates></Point>
        </Placemark>

        <Placemark>
          <name>1177</name>
          <styleUrl>#style_Healthy</styleUrl>
          <ExtendedData>
            <Data name="id"><value>1177</value></Data>
            <Data name="Class"><value>Healthy</value></Data>
          </ExtendedData>
          <Point><coordinates>102.486907100,2.952438451,0</coordinates></Point>
        </Placemark>

        <Placemark>
          <name>1178</name>
          <styleUrl>#style_Healthy</styleUrl>
          <ExtendedData>
            <Data name="id"><value>1178</value></Data>
            <Data name="Class"><value>Healthy</value></Data>
          </ExtendedData>
          <Point><coordinates>102.486905900,2.952362873,0</coordinates></Point>
        </Placemark>

        <Placemark>
          <name>1179</name>
          <styleUrl>#style_Healthy</styleUrl>
          <ExtendedData>
            <Data name="id"><value>1179</value></Data>
            <Data name="Class"><value>Healthy</value></Data>
          </ExtendedData>
          <Point><coordinates>102.486905900,2.952283806,0</coordinates></Point>
        </Placemark>

        <Placemark>
          <name>1180</name>
          <styleUrl>#style_Healthy</styleUrl>
          <ExtendedData>
            <Data name="id"><value>1180</value></Data>
            <Data name="Class"><value>Healthy</value></Data>
          </ExtendedData>
          <Point><coordinates>102.486902400,2.952195438,0</coordinates></Point>
        </Placemark>

        <Placemark>
          <name>1181</name>
          <styleUrl>#style_Healthy</styleUrl>
          <ExtendedData>
            <Data name="id"><value>1181</value></Data>
            <Data name="Class"><value>Healthy</value></Data>
          </ExtendedData>
          <Point><coordinates>102.486905900,2.952119859,0</coordinates></Point>
        </Placemark>

        <Placemark>
          <name>1182</name>
          <styleUrl>#style_Healthy</styleUrl>
          <ExtendedData>
            <Data name="id"><value>1182</value></Data>
            <Data name="Class"><value>Healthy</value></Data>
          </ExtendedData>
          <Point><coordinates>102.486907100,2.951972191,0</coordinates></Point>
        </Placemark>

        <Placemark>
          <name>1184</name>
          <styleUrl>#style_Healthy</styleUrl>
          <ExtendedData>
            <Data name="id"><value>1184</value></Data>
            <Data name="Class"><value>Healthy</value></Data>
          </ExtendedData>
          <Point><coordinates>102.486960600,2.951936146,0</coordinates></Point>
        </Placemark>

        <Placemark>
          <name>1185</name>
          <styleUrl>#style_Healthy</styleUrl>
          <ExtendedData>
            <Data name="id"><value>1185</value></Data>
            <Data name="Class"><value>Healthy</value></Data>
          </ExtendedData>
          <Point><coordinates>102.486965200,2.952087303,0</coordinates></Point>
        </Placemark>

        <Placemark>
          <name>1186</name>
          <styleUrl>#style_Healthy</styleUrl>
          <ExtendedData>
            <Data name="id"><value>1186</value></Data>
            <Data name="Class"><value>Healthy</value></Data>
          </ExtendedData>
          <Point><coordinates>102.486969900,2.952153579,0</coordinates></Point>
        </Placemark>

        <Placemark>
          <name>1188</name>
          <styleUrl>#style_Healthy</styleUrl>
          <ExtendedData>
            <Data name="id"><value>1188</value></Data>
            <Data name="Class"><value>Healthy</value></Data>
          </ExtendedData>
          <Point><coordinates>102.486971000,2.952318688,0</coordinates></Point>
        </Placemark>

        <Placemark>
          <name>1189</name>
          <styleUrl>#style_Healthy</styleUrl>
          <ExtendedData>
            <Data name="id"><value>1189</value></Data>
            <Data name="Class"><value>Healthy</value></Data>
          </ExtendedData>
          <Point><coordinates>102.486975700,2.952398918,0</coordinates></Point>
        </Placemark>

        <Placemark>
          <name>1190</name>
          <styleUrl>#style_Healthy</styleUrl>
          <ExtendedData>
            <Data name="id"><value>1190</value></Data>
            <Data name="Class"><value>Healthy</value></Data>
          </ExtendedData>
          <Point><coordinates>102.486971000,2.952479147,0</coordinates></Point>
        </Placemark>

        <Placemark>
          <name>1191</name>
          <styleUrl>#style_Healthy</styleUrl>
          <ExtendedData>
            <Data name="id"><value>1191</value></Data>
            <Data name="Class"><value>Healthy</value></Data>
          </ExtendedData>
          <Point><coordinates>102.486978000,2.952553562,0</coordinates></Point>
        </Placemark>

        <Placemark>
          <name>1192</name>
          <styleUrl>#style_Healthy</styleUrl>
          <ExtendedData>
            <Data name="id"><value>1192</value></Data>
            <Data name="Class"><value>Healthy</value></Data>
          </ExtendedData>
          <Point><coordinates>102.486974500,2.952629141,0</coordinates></Point>
        </Placemark>

        <Placemark>
          <name>1193</name>
          <styleUrl>#style_Healthy</styleUrl>
          <ExtendedData>
            <Data name="id"><value>1193</value></Data>
            <Data name="Class"><value>Healthy</value></Data>
          </ExtendedData>
          <Point><coordinates>102.487037300,2.952595421,0</coordinates></Point>
        </Placemark>

        <Placemark>
          <name>1194</name>
          <styleUrl>#style_Healthy</styleUrl>
          <ExtendedData>
            <Data name="id"><value>1194</value></Data>
            <Data name="Class"><value>Healthy</value></Data>
          </ExtendedData>
          <Point><coordinates>102.487040800,2.952522168,0</coordinates></Point>
        </Placemark>

        <Placemark>
          <name>1195</name>
          <styleUrl>#style_Healthy</styleUrl>
          <ExtendedData>
            <Data name="id"><value>1195</value></Data>
            <Data name="Class"><value>Healthy</value></Data>
          </ExtendedData>
          <Point><coordinates>102.487041900,2.952440776,0</coordinates></Point>
        </Placemark>

        <Placemark>
          <name>1197</name>
          <styleUrl>#style_Healthy</styleUrl>
          <ExtendedData>
            <Data name="id"><value>1197</value></Data>
            <Data name="Class"><value>Healthy</value></Data>
          </ExtendedData>
          <Point><coordinates>102.487108200,2.952559376,0</coordinates></Point>
        </Placemark>

        <Placemark>
          <name>1198</name>
          <styleUrl>#style_Healthy</styleUrl>
          <ExtendedData>
            <Data name="id"><value>1198</value></Data>
            <Data name="Class"><value>Healthy</value></Data>
          </ExtendedData>
          <Point><coordinates>102.487105900,2.952477984,0</coordinates></Point>
        </Placemark>

        <Placemark>
          <name>1199</name>
          <styleUrl>#style_Healthy</styleUrl>
          <ExtendedData>
            <Data name="id"><value>1199</value></Data>
            <Data name="Class"><value>Healthy</value></Data>
          </ExtendedData>
          <Point><coordinates>102.487101200,2.952403569,0</coordinates></Point>
        </Placemark>

        <Placemark>
          <name>1200</name>
          <styleUrl>#style_Healthy</styleUrl>
          <ExtendedData>
            <Data name="id"><value>1200</value></Data>
            <Data name="Class"><value>Healthy</value></Data>
          </ExtendedData>
          <Point><coordinates>102.487039600,2.952361710,0</coordinates></Point>
        </Placemark>

        <Placemark>
          <name>1201</name>
          <styleUrl>#style_Healthy</styleUrl>
          <ExtendedData>
            <Data name="id"><value>1201</value></Data>
            <Data name="Class"><value>Healthy</value></Data>
          </ExtendedData>
          <Point><coordinates>102.487044300,2.952283806,0</coordinates></Point>
        </Placemark>

        <Placemark>
          <name>1204</name>
          <styleUrl>#style_Healthy</styleUrl>
          <ExtendedData>
            <Data name="id"><value>1204</value></Data>
            <Data name="Class"><value>Healthy</value></Data>
          </ExtendedData>
          <Point><coordinates>102.487035000,2.952054746,0</coordinates></Point>
        </Placemark>

        <Placemark>
          <name>1205</name>
          <styleUrl>#style_Healthy</styleUrl>
          <ExtendedData>
            <Data name="id"><value>1205</value></Data>
            <Data name="Class"><value>Healthy</value></Data>
          </ExtendedData>
          <Point><coordinates>102.487037300,2.951973354,0</coordinates></Point>
        </Placemark>

        <Placemark>
          <name>1207</name>
          <styleUrl>#style_Healthy</styleUrl>
          <ExtendedData>
            <Data name="id"><value>1207</value></Data>
            <Data name="Class"><value>Healthy</value></Data>
          </ExtendedData>
          <Point><coordinates>102.487101200,2.951937309,0</coordinates></Point>
        </Placemark>

        <Placemark>
          <name>1208</name>
          <styleUrl>#style_Healthy</styleUrl>
          <ExtendedData>
            <Data name="id"><value>1208</value></Data>
            <Data name="Class"><value>Healthy</value></Data>
          </ExtendedData>
          <Point><coordinates>102.487103600,2.952016375,0</coordinates></Point>
        </Placemark>

        <Placemark>
          <name>1209</name>
          <styleUrl>#style_Healthy</styleUrl>
          <ExtendedData>
            <Data name="id"><value>1209</value></Data>
            <Data name="Class"><value>Healthy</value></Data>
          </ExtendedData>
          <Point><coordinates>102.487097800,2.952165206,0</coordinates></Point>
        </Placemark>

        <Placemark>
          <name>1211</name>
          <styleUrl>#style_Healthy</styleUrl>
          <ExtendedData>
            <Data name="id"><value>1211</value></Data>
            <Data name="Class"><value>Healthy</value></Data>
          </ExtendedData>
          <Point><coordinates>102.487100100,2.952321014,0</coordinates></Point>
        </Placemark>

        <Placemark>
          <name>1212</name>
          <styleUrl>#style_Healthy</styleUrl>
          <ExtendedData>
            <Data name="id"><value>1212</value></Data>
            <Data name="Class"><value>Healthy</value></Data>
          </ExtendedData>
          <Point><coordinates>102.487176800,2.952587282,0</coordinates></Point>
        </Placemark>

        <Placemark>
          <name>1213</name>
          <styleUrl>#style_Healthy</styleUrl>
          <ExtendedData>
            <Data name="id"><value>1213</value></Data>
            <Data name="Class"><value>Healthy</value></Data>
          </ExtendedData>
          <Point><coordinates>102.487238500,2.952551237,0</coordinates></Point>
        </Placemark>

        <Placemark>
          <name>1214</name>
          <styleUrl>#style_Healthy</styleUrl>
          <ExtendedData>
            <Data name="id"><value>1214</value></Data>
            <Data name="Class"><value>Healthy</value></Data>
          </ExtendedData>
          <Point><coordinates>102.487243100,2.952637280,0</coordinates></Point>
        </Placemark>

        <Placemark>
          <name>1216</name>
          <styleUrl>#style_Healthy</styleUrl>
          <ExtendedData>
            <Data name="id"><value>1216</value></Data>
            <Data name="Class"><value>Healthy</value></Data>
          </ExtendedData>
          <Point><coordinates>102.487373300,2.952554725,0</coordinates></Point>
        </Placemark>

        <Placemark>
          <name>1217</name>
          <styleUrl>#style_Healthy</styleUrl>
          <ExtendedData>
            <Data name="id"><value>1217</value></Data>
            <Data name="Class"><value>Healthy</value></Data>
          </ExtendedData>
          <Point><coordinates>102.487373300,2.952624490,0</coordinates></Point>
        </Placemark>

        <Placemark>
          <name>1218</name>
          <styleUrl>#style_Healthy</styleUrl>
          <ExtendedData>
            <Data name="id"><value>1218</value></Data>
            <Data name="Class"><value>Healthy</value></Data>
          </ExtendedData>
          <Point><coordinates>102.487431500,2.952586119,0</coordinates></Point>
        </Placemark>

        <Placemark>
          <name>1219</name>
          <styleUrl>#style_Healthy</styleUrl>
          <ExtendedData>
            <Data name="id"><value>1219</value></Data>
            <Data name="Class"><value>Healthy</value></Data>
          </ExtendedData>
          <Point><coordinates>102.487502400,2.952551237,0</coordinates></Point>
        </Placemark>

        <Placemark>
          <name>1220</name>
          <styleUrl>#style_Healthy</styleUrl>
          <ExtendedData>
            <Data name="id"><value>1220</value></Data>
            <Data name="Class"><value>Healthy</value></Data>
          </ExtendedData>
          <Point><coordinates>102.487501200,2.952630303,0</coordinates></Point>
        </Placemark>

        <Placemark>
          <name>1221</name>
          <styleUrl>#style_Healthy</styleUrl>
          <ExtendedData>
            <Data name="id"><value>1221</value></Data>
            <Data name="Class"><value>Healthy</value></Data>
          </ExtendedData>
          <Point><coordinates>102.487567500,2.952587282,0</coordinates></Point>
        </Placemark>

        <Placemark>
          <name>1222</name>
          <styleUrl>#style_Healthy</styleUrl>
          <ExtendedData>
            <Data name="id"><value>1222</value></Data>
            <Data name="Class"><value>Healthy</value></Data>
          </ExtendedData>
          <Point><coordinates>102.487636100,2.952627978,0</coordinates></Point>
        </Placemark>

        <Placemark>
          <name>1223</name>
          <styleUrl>#style_Healthy</styleUrl>
          <ExtendedData>
            <Data name="id"><value>1223</value></Data>
            <Data name="Class"><value>Healthy</value></Data>
          </ExtendedData>
          <Point><coordinates>102.487701200,2.952591933,0</coordinates></Point>
        </Placemark>

        <Placemark>
          <name>1224</name>
          <styleUrl>#style_Healthy</styleUrl>
          <ExtendedData>
            <Data name="id"><value>1224</value></Data>
            <Data name="Class"><value>Healthy</value></Data>
          </ExtendedData>
          <Point><coordinates>102.487768700,2.952623327,0</coordinates></Point>
        </Placemark>

        <Placemark>
          <name>1225</name>
          <styleUrl>#style_Healthy</styleUrl>
          <ExtendedData>
            <Data name="id"><value>1225</value></Data>
            <Data name="Class"><value>Healthy</value></Data>
          </ExtendedData>
          <Point><coordinates>102.487769800,2.952552400,0</coordinates></Point>
        </Placemark>

        <Placemark>
          <name>1226</name>
          <styleUrl>#style_Healthy</styleUrl>
          <ExtendedData>
            <Data name="id"><value>1226</value></Data>
            <Data name="Class"><value>Healthy</value></Data>
          </ExtendedData>
          <Point><coordinates>102.487768700,2.952480310,0</coordinates></Point>
        </Placemark>

        <Placemark>
          <name>1227</name>
          <styleUrl>#style_Healthy</styleUrl>
          <ExtendedData>
            <Data name="id"><value>1227</value></Data>
            <Data name="Class"><value>Healthy</value></Data>
          </ExtendedData>
          <Point><coordinates>102.487705900,2.952512866,0</coordinates></Point>
        </Placemark>

        <Placemark>
          <name>1228</name>
          <styleUrl>#style_Healthy</styleUrl>
          <ExtendedData>
            <Data name="id"><value>1228</value></Data>
            <Data name="Class"><value>Healthy</value></Data>
          </ExtendedData>
          <Point><coordinates>102.487638400,2.952550074,0</coordinates></Point>
        </Placemark>

        <Placemark>
          <name>1229</name>
          <styleUrl>#style_Healthy</styleUrl>
          <ExtendedData>
            <Data name="id"><value>1229</value></Data>
            <Data name="Class"><value>Healthy</value></Data>
          </ExtendedData>
          <Point><coordinates>102.487571000,2.952507053,0</coordinates></Point>
        </Placemark>

        <Placemark>
          <name>1230</name>
          <styleUrl>#style_Healthy</styleUrl>
          <ExtendedData>
            <Data name="id"><value>1230</value></Data>
            <Data name="Class"><value>Healthy</value></Data>
          </ExtendedData>
          <Point><coordinates>102.487508200,2.952473333,0</coordinates></Point>
        </Placemark>

        <Placemark>
          <name>1231</name>
          <styleUrl>#style_Healthy</styleUrl>
          <ExtendedData>
            <Data name="id"><value>1231</value></Data>
            <Data name="Class"><value>Healthy</value></Data>
          </ExtendedData>
          <Point><coordinates>102.487437300,2.952516355,0</coordinates></Point>
        </Placemark>

        <Placemark>
          <name>1232</name>
          <styleUrl>#style_Healthy</styleUrl>
          <ExtendedData>
            <Data name="id"><value>1232</value></Data>
            <Data name="Class"><value>Healthy</value></Data>
          </ExtendedData>
          <Point><coordinates>102.487307100,2.952512866,0</coordinates></Point>
        </Placemark>

        <Placemark>
          <name>1233</name>
          <styleUrl>#style_Healthy</styleUrl>
          <ExtendedData>
            <Data name="id"><value>1233</value></Data>
            <Data name="Class"><value>Healthy</value></Data>
          </ExtendedData>
          <Point><coordinates>102.487239600,2.952477984,0</coordinates></Point>
        </Placemark>

        <Placemark>
          <name>1234</name>
          <styleUrl>#style_Healthy</styleUrl>
          <ExtendedData>
            <Data name="id"><value>1234</value></Data>
            <Data name="Class"><value>Healthy</value></Data>
          </ExtendedData>
          <Point><coordinates>102.487171000,2.952517517,0</coordinates></Point>
        </Placemark>

        <Placemark>
          <name>1235</name>
          <styleUrl>#style_Healthy</styleUrl>
          <ExtendedData>
            <Data name="id"><value>1235</value></Data>
            <Data name="Class"><value>Healthy</value></Data>
          </ExtendedData>
          <Point><coordinates>102.487168700,2.952436125,0</coordinates></Point>
        </Placemark>

        <Placemark>
          <name>1236</name>
          <styleUrl>#style_Healthy</styleUrl>
          <ExtendedData>
            <Data name="id"><value>1236</value></Data>
            <Data name="Class"><value>Healthy</value></Data>
          </ExtendedData>
          <Point><coordinates>102.487169800,2.952364035,0</coordinates></Point>
        </Placemark>

        <Placemark>
          <name>1237</name>
          <styleUrl>#style_Healthy</styleUrl>
          <ExtendedData>
            <Data name="id"><value>1237</value></Data>
            <Data name="Class"><value>Healthy</value></Data>
          </ExtendedData>
          <Point><coordinates>102.487237300,2.952395429,0</coordinates></Point>
        </Placemark>

        <Placemark>
          <name>1238</name>
          <styleUrl>#style_Healthy</styleUrl>
          <ExtendedData>
            <Data name="id"><value>1238</value></Data>
            <Data name="Class"><value>Healthy</value></Data>
          </ExtendedData>
          <Point><coordinates>102.487298900,2.952434963,0</coordinates></Point>
        </Placemark>

        <Placemark>
          <name>1239</name>
          <styleUrl>#style_Healthy</styleUrl>
          <ExtendedData>
            <Data name="id"><value>1239</value></Data>
            <Data name="Class"><value>Healthy</value></Data>
          </ExtendedData>
          <Point><coordinates>102.487362900,2.952472170,0</coordinates></Point>
        </Placemark>

        <Placemark>
          <name>1240</name>
          <styleUrl>#style_Healthy</styleUrl>
          <ExtendedData>
            <Data name="id"><value>1240</value></Data>
            <Data name="Class"><value>Healthy</value></Data>
          </ExtendedData>
          <Point><coordinates>102.487436100,2.952433800,0</coordinates></Point>
        </Placemark>

        <Placemark>
          <name>1241</name>
          <styleUrl>#style_Healthy</styleUrl>
          <ExtendedData>
            <Data name="id"><value>1241</value></Data>
            <Data name="Class"><value>Healthy</value></Data>
          </ExtendedData>
          <Point><coordinates>102.487372200,2.952398918,0</coordinates></Point>
        </Placemark>

        <Placemark>
          <name>1242</name>
          <styleUrl>#style_Healthy</styleUrl>
          <ExtendedData>
            <Data name="id"><value>1242</value></Data>
            <Data name="Class"><value>Healthy</value></Data>
          </ExtendedData>
          <Point><coordinates>102.487303600,2.952360547,0</coordinates></Point>
        </Placemark>

        <Placemark>
          <name>1243</name>
          <styleUrl>#style_Healthy</styleUrl>
          <ExtendedData>
            <Data name="id"><value>1243</value></Data>
            <Data name="Class"><value>Healthy</value></Data>
          </ExtendedData>
          <Point><coordinates>102.487233800,2.952322177,0</coordinates></Point>
        </Placemark>

        <Placemark>
          <name>1244</name>
          <styleUrl>#style_Healthy</styleUrl>
          <ExtendedData>
            <Data name="id"><value>1244</value></Data>
            <Data name="Class"><value>Healthy</value></Data>
          </ExtendedData>
          <Point><coordinates>102.487169800,2.952280318,0</coordinates></Point>
        </Placemark>

        <Placemark>
          <name>1247</name>
          <styleUrl>#style_Healthy</styleUrl>
          <ExtendedData>
            <Data name="id"><value>1247</value></Data>
            <Data name="Class"><value>Healthy</value></Data>
          </ExtendedData>
          <Point><coordinates>102.487300100,2.952283806,0</coordinates></Point>
        </Placemark>

        <Placemark>
          <name>1248</name>
          <styleUrl>#style_Healthy</styleUrl>
          <ExtendedData>
            <Data name="id"><value>1248</value></Data>
            <Data name="Class"><value>Healthy</value></Data>
          </ExtendedData>
          <Point><coordinates>102.487368700,2.952321014,0</coordinates></Point>
        </Placemark>

        <Placemark>
          <name>1249</name>
          <styleUrl>#style_Healthy</styleUrl>
          <ExtendedData>
            <Data name="id"><value>1249</value></Data>
            <Data name="Class"><value>Healthy</value></Data>
          </ExtendedData>
          <Point><coordinates>102.487433800,2.952357059,0</coordinates></Point>
        </Placemark>

        <Placemark>
          <name>1250</name>
          <styleUrl>#style_Healthy</styleUrl>
          <ExtendedData>
            <Data name="id"><value>1250</value></Data>
            <Data name="Class"><value>Healthy</value></Data>
          </ExtendedData>
          <Point><coordinates>102.487498900,2.952397755,0</coordinates></Point>
        </Placemark>

        <Placemark>
          <name>1252</name>
          <styleUrl>#style_Healthy</styleUrl>
          <ExtendedData>
            <Data name="id"><value>1252</value></Data>
            <Data name="Class"><value>Healthy</value></Data>
          </ExtendedData>
          <Point><coordinates>102.487636100,2.952473333,0</coordinates></Point>
        </Placemark>

        <Placemark>
          <name>1253</name>
          <styleUrl>#style_Healthy</styleUrl>
          <ExtendedData>
            <Data name="id"><value>1253</value></Data>
            <Data name="Class"><value>Healthy</value></Data>
          </ExtendedData>
          <Point><coordinates>102.487700100,2.952433800,0</coordinates></Point>
        </Placemark>

        <Placemark>
          <name>1254</name>
          <styleUrl>#style_Healthy</styleUrl>
          <ExtendedData>
            <Data name="id"><value>1254</value></Data>
            <Data name="Class"><value>Healthy</value></Data>
          </ExtendedData>
          <Point><coordinates>102.487771000,2.952387290,0</coordinates></Point>
        </Placemark>

        <Placemark>
          <name>1255</name>
          <styleUrl>#style_Healthy</styleUrl>
          <ExtendedData>
            <Data name="id"><value>1255</value></Data>
            <Data name="Class"><value>Healthy</value></Data>
          </ExtendedData>
          <Point><coordinates>102.487769800,2.952318688,0</coordinates></Point>
        </Placemark>

        <Placemark>
          <name>1256</name>
          <styleUrl>#style_Healthy</styleUrl>
          <ExtendedData>
            <Data name="id"><value>1256</value></Data>
            <Data name="Class"><value>Healthy</value></Data>
          </ExtendedData>
          <Point><coordinates>102.487705900,2.952358222,0</coordinates></Point>
        </Placemark>

        <Placemark>
          <name>1257</name>
          <styleUrl>#style_Healthy</styleUrl>
          <ExtendedData>
            <Data name="id"><value>1257</value></Data>
            <Data name="Class"><value>Healthy</value></Data>
          </ExtendedData>
          <Point><coordinates>102.487639600,2.952396592,0</coordinates></Point>
        </Placemark>

        <Placemark>
          <name>1258</name>
          <styleUrl>#style_Healthy</styleUrl>
          <ExtendedData>
            <Data name="id"><value>1258</value></Data>
            <Data name="Class"><value>Healthy</value></Data>
          </ExtendedData>
          <Point><coordinates>102.487568700,2.952358222,0</coordinates></Point>
        </Placemark>

        <Placemark>
          <name>1259</name>
          <styleUrl>#style_Healthy</styleUrl>
          <ExtendedData>
            <Data name="id"><value>1259</value></Data>
            <Data name="Class"><value>Healthy</value></Data>
          </ExtendedData>
          <Point><coordinates>102.487501200,2.952321014,0</coordinates></Point>
        </Placemark>

        <Placemark>
          <name>1260</name>
          <styleUrl>#style_Healthy</styleUrl>
          <ExtendedData>
            <Data name="id"><value>1260</value></Data>
            <Data name="Class"><value>Healthy</value></Data>
          </ExtendedData>
          <Point><coordinates>102.487438400,2.952283806,0</coordinates></Point>
        </Placemark>

        <Placemark>
          <name>1261</name>
          <styleUrl>#style_Healthy</styleUrl>
          <ExtendedData>
            <Data name="id"><value>1261</value></Data>
            <Data name="Class"><value>Healthy</value></Data>
          </ExtendedData>
          <Point><coordinates>102.487366400,2.952239622,0</coordinates></Point>
        </Placemark>

        <Placemark>
          <name>1262</name>
          <styleUrl>#style_Healthy</styleUrl>
          <ExtendedData>
            <Data name="id"><value>1262</value></Data>
            <Data name="Class"><value>Healthy</value></Data>
          </ExtendedData>
          <Point><coordinates>102.487302400,2.952204740,0</coordinates></Point>
        </Placemark>

        <Placemark>
          <name>1263</name>
          <styleUrl>#style_Healthy</styleUrl>
          <ExtendedData>
            <Data name="id"><value>1263</value></Data>
            <Data name="Class"><value>Healthy</value></Data>
          </ExtendedData>
          <Point><coordinates>102.487231500,2.952168695,0</coordinates></Point>
        </Placemark>

        <Placemark>
          <name>1266</name>
          <styleUrl>#style_Healthy</styleUrl>
          <ExtendedData>
            <Data name="id"><value>1266</value></Data>
            <Data name="Class"><value>Healthy</value></Data>
          </ExtendedData>
          <Point><coordinates>102.487166400,2.951972191,0</coordinates></Point>
        </Placemark>

        <Placemark>
          <name>1267</name>
          <styleUrl>#style_Healthy</styleUrl>
          <ExtendedData>
            <Data name="id"><value>1267</value></Data>
            <Data name="Class"><value>Healthy</value></Data>
          </ExtendedData>
          <Point><coordinates>102.487171000,2.951900101,0</coordinates></Point>
        </Placemark>

        <Placemark>
          <name>1269</name>
          <styleUrl>#style_Healthy</styleUrl>
          <ExtendedData>
            <Data name="id"><value>1269</value></Data>
            <Data name="Class"><value>Healthy</value></Data>
          </ExtendedData>
          <Point><coordinates>102.487235000,2.952018701,0</coordinates></Point>
        </Placemark>

        <Placemark>
          <name>1270</name>
          <styleUrl>#style_Healthy</styleUrl>
          <ExtendedData>
            <Data name="id"><value>1270</value></Data>
            <Data name="Class"><value>Healthy</value></Data>
          </ExtendedData>
          <Point><coordinates>102.487302400,2.951900101,0</coordinates></Point>
        </Placemark>

        <Placemark>
          <name>1271</name>
          <styleUrl>#style_Healthy</styleUrl>
          <ExtendedData>
            <Data name="id"><value>1271</value></Data>
            <Data name="Class"><value>Healthy</value></Data>
          </ExtendedData>
          <Point><coordinates>102.487296600,2.951978005,0</coordinates></Point>
        </Placemark>

        <Placemark>
          <name>1272</name>
          <styleUrl>#style_Healthy</styleUrl>
          <ExtendedData>
            <Data name="id"><value>1272</value></Data>
            <Data name="Class"><value>Healthy</value></Data>
          </ExtendedData>
          <Point><coordinates>102.487300100,2.952050095,0</coordinates></Point>
        </Placemark>

        <Placemark>
          <name>1274</name>
          <styleUrl>#style_Healthy</styleUrl>
          <ExtendedData>
            <Data name="id"><value>1274</value></Data>
            <Data name="Class"><value>Healthy</value></Data>
          </ExtendedData>
          <Point><coordinates>102.487359400,2.952015213,0</coordinates></Point>
        </Placemark>

        <Placemark>
          <name>1275</name>
          <styleUrl>#style_Healthy</styleUrl>
          <ExtendedData>
            <Data name="id"><value>1275</value></Data>
            <Data name="Class"><value>Healthy</value></Data>
          </ExtendedData>
          <Point><coordinates>102.487366400,2.951937309,0</coordinates></Point>
        </Placemark>

        <Placemark>
          <name>1277</name>
          <styleUrl>#style_Healthy</styleUrl>
          <ExtendedData>
            <Data name="id"><value>1277</value></Data>
            <Data name="Class"><value>Healthy</value></Data>
          </ExtendedData>
          <Point><coordinates>102.487433800,2.951973354,0</coordinates></Point>
        </Placemark>

        <Placemark>
          <name>1278</name>
          <styleUrl>#style_Healthy</styleUrl>
          <ExtendedData>
            <Data name="id"><value>1278</value></Data>
            <Data name="Class"><value>Healthy</value></Data>
          </ExtendedData>
          <Point><coordinates>102.487435000,2.952052420,0</coordinates></Point>
        </Placemark>

        <Placemark>
          <name>1279</name>
          <styleUrl>#style_Healthy</styleUrl>
          <ExtendedData>
            <Data name="id"><value>1279</value></Data>
            <Data name="Class"><value>Healthy</value></Data>
          </ExtendedData>
          <Point><coordinates>102.487438400,2.952125673,0</coordinates></Point>
        </Placemark>

        <Placemark>
          <name>1280</name>
          <styleUrl>#style_Healthy</styleUrl>
          <ExtendedData>
            <Data name="id"><value>1280</value></Data>
            <Data name="Class"><value>Healthy</value></Data>
          </ExtendedData>
          <Point><coordinates>102.487365200,2.952165206,0</coordinates></Point>
        </Placemark>

        <Placemark>
          <name>1281</name>
          <styleUrl>#style_Healthy</styleUrl>
          <ExtendedData>
            <Data name="id"><value>1281</value></Data>
            <Data name="Class"><value>Healthy</value></Data>
          </ExtendedData>
          <Point><coordinates>102.487435000,2.952207065,0</coordinates></Point>
        </Placemark>

        <Placemark>
          <name>1282</name>
          <styleUrl>#style_Healthy</styleUrl>
          <ExtendedData>
            <Data name="id"><value>1282</value></Data>
            <Data name="Class"><value>Healthy</value></Data>
          </ExtendedData>
          <Point><coordinates>102.487636100,2.952318688,0</coordinates></Point>
        </Placemark>

        <Placemark>
          <name>1287</name>
          <styleUrl>#style_Healthy</styleUrl>
          <ExtendedData>
            <Data name="id"><value>1287</value></Data>
            <Data name="Class"><value>Healthy</value></Data>
          </ExtendedData>
          <Point><coordinates>102.487502400,2.952012887,0</coordinates></Point>
        </Placemark>

        <Placemark>
          <name>1291</name>
          <styleUrl>#style_Healthy</styleUrl>
          <ExtendedData>
            <Data name="id"><value>1291</value></Data>
            <Data name="Class"><value>Healthy</value></Data>
          </ExtendedData>
          <Point><coordinates>102.487629100,2.951934983,0</coordinates></Point>
        </Placemark>

        <Placemark>
          <name>1298</name>
          <styleUrl>#style_Healthy</styleUrl>
          <ExtendedData>
            <Data name="id"><value>1298</value></Data>
            <Data name="Class"><value>Healthy</value></Data>
          </ExtendedData>
          <Point><coordinates>102.487831400,2.952124510,0</coordinates></Point>
        </Placemark>

        <Placemark>
          <name>1299</name>
          <styleUrl>#style_Healthy</styleUrl>
          <ExtendedData>
            <Data name="id"><value>1299</value></Data>
            <Data name="Class"><value>Healthy</value></Data>
          </ExtendedData>
          <Point><coordinates>102.487834900,2.952197763,0</coordinates></Point>
        </Placemark>

        <Placemark>
          <name>1300</name>
          <styleUrl>#style_Healthy</styleUrl>
          <ExtendedData>
            <Data name="id"><value>1300</value></Data>
            <Data name="Class"><value>Healthy</value></Data>
          </ExtendedData>
          <Point><coordinates>102.487769800,2.952237296,0</coordinates></Point>
        </Placemark>

        <Placemark>
          <name>1301</name>
          <styleUrl>#style_Healthy</styleUrl>
          <ExtendedData>
            <Data name="id"><value>1301</value></Data>
            <Data name="Class"><value>Healthy</value></Data>
          </ExtendedData>
          <Point><coordinates>102.487700100,2.952274504,0</coordinates></Point>
        </Placemark>

        <Placemark>
          <name>1302</name>
          <styleUrl>#style_Healthy</styleUrl>
          <ExtendedData>
            <Data name="id"><value>1302</value></Data>
            <Data name="Class"><value>Healthy</value></Data>
          </ExtendedData>
          <Point><coordinates>102.487633800,2.952240785,0</coordinates></Point>
        </Placemark>

        <Placemark>
          <name>1304</name>
          <styleUrl>#style_Healthy</styleUrl>
          <ExtendedData>
            <Data name="id"><value>1304</value></Data>
            <Data name="Class"><value>Healthy</value></Data>
          </ExtendedData>
          <Point><coordinates>102.487569800,2.952129161,0</coordinates></Point>
        </Placemark>

        <Placemark>
          <name>1305</name>
          <styleUrl>#style_Healthy</styleUrl>
          <ExtendedData>
            <Data name="id"><value>1305</value></Data>
            <Data name="Class"><value>Healthy</value></Data>
          </ExtendedData>
          <Point><coordinates>102.487569800,2.952052420,0</coordinates></Point>
        </Placemark>

        <Placemark>
          <name>1314</name>
          <styleUrl>#style_Healthy</styleUrl>
          <ExtendedData>
            <Data name="id"><value>1314</value></Data>
            <Data name="Class"><value>Healthy</value></Data>
          </ExtendedData>
          <Point><coordinates>102.487695400,2.952195438,0</coordinates></Point>
        </Placemark>

        <Placemark>
          <name>1315</name>
          <styleUrl>#style_Healthy</styleUrl>
          <ExtendedData>
            <Data name="id"><value>1315</value></Data>
            <Data name="Class"><value>Healthy</value></Data>
          </ExtendedData>
          <Point><coordinates>102.486896600,2.951824523,0</coordinates></Point>
        </Placemark>

        <Placemark>
          <name>1316</name>
          <styleUrl>#style_Healthy</styleUrl>
          <ExtendedData>
            <Data name="id"><value>1316</value></Data>
            <Data name="Class"><value>Healthy</value></Data>
          </ExtendedData>
          <Point><coordinates>102.486895400,2.951745456,0</coordinates></Point>
        </Placemark>

        <Placemark>
          <name>1317</name>
          <styleUrl>#style_Healthy</styleUrl>
          <ExtendedData>
            <Data name="id"><value>1317</value></Data>
            <Data name="Class"><value>Healthy</value></Data>
          </ExtendedData>
          <Point><coordinates>102.486900100,2.951666390,0</coordinates></Point>
        </Placemark>

        <Placemark>
          <name>1318</name>
          <styleUrl>#style_Healthy</styleUrl>
          <ExtendedData>
            <Data name="id"><value>1318</value></Data>
            <Data name="Class"><value>Healthy</value></Data>
          </ExtendedData>
          <Point><coordinates>102.486900100,2.951589649,0</coordinates></Point>
        </Placemark>

        <Placemark>
          <name>1319</name>
          <styleUrl>#style_Healthy</styleUrl>
          <ExtendedData>
            <Data name="id"><value>1319</value></Data>
            <Data name="Class"><value>Healthy</value></Data>
          </ExtendedData>
          <Point><coordinates>102.486898900,2.951507094,0</coordinates></Point>
        </Placemark>

        <Placemark>
          <name>1320</name>
          <styleUrl>#style_Healthy</styleUrl>
          <ExtendedData>
            <Data name="id"><value>1320</value></Data>
            <Data name="Class"><value>Healthy</value></Data>
          </ExtendedData>
          <Point><coordinates>102.486898900,2.951429191,0</coordinates></Point>
        </Placemark>

        <Placemark>
          <name>1321</name>
          <styleUrl>#style_Healthy</styleUrl>
          <ExtendedData>
            <Data name="id"><value>1321</value></Data>
            <Data name="Class"><value>Healthy</value></Data>
          </ExtendedData>
          <Point><coordinates>102.486894300,2.951358263,0</coordinates></Point>
        </Placemark>

        <Placemark>
          <name>1322</name>
          <styleUrl>#style_Healthy</styleUrl>
          <ExtendedData>
            <Data name="id"><value>1322</value></Data>
            <Data name="Class"><value>Healthy</value></Data>
          </ExtendedData>
          <Point><coordinates>102.486896600,2.951275709,0</coordinates></Point>
        </Placemark>

        <Placemark>
          <name>1323</name>
          <styleUrl>#style_Healthy</styleUrl>
          <ExtendedData>
            <Data name="id"><value>1323</value></Data>
            <Data name="Class"><value>Healthy</value></Data>
          </ExtendedData>
          <Point><coordinates>102.486898900,2.951200130,0</coordinates></Point>
        </Placemark>

        <Placemark>
          <name>1326</name>
          <styleUrl>#style_Healthy</styleUrl>
          <ExtendedData>
            <Data name="id"><value>1326</value></Data>
            <Data name="Class"><value>Healthy</value></Data>
          </ExtendedData>
          <Point><coordinates>102.486964000,2.951389657,0</coordinates></Point>
        </Placemark>

        <Placemark>
          <name>1327</name>
          <styleUrl>#style_Healthy</styleUrl>
          <ExtendedData>
            <Data name="id"><value>1327</value></Data>
            <Data name="Class"><value>Healthy</value></Data>
          </ExtendedData>
          <Point><coordinates>102.486962900,2.951469887,0</coordinates></Point>
        </Placemark>

        <Placemark>
          <name>1328</name>
          <styleUrl>#style_Healthy</styleUrl>
          <ExtendedData>
            <Data name="id"><value>1328</value></Data>
            <Data name="Class"><value>Healthy</value></Data>
          </ExtendedData>
          <Point><coordinates>102.486972200,2.951548953,0</coordinates></Point>
        </Placemark>

        <Placemark>
          <name>1329</name>
          <styleUrl>#style_Healthy</styleUrl>
          <ExtendedData>
            <Data name="id"><value>1329</value></Data>
            <Data name="Class"><value>Healthy</value></Data>
          </ExtendedData>
          <Point><coordinates>102.486966400,2.951621043,0</coordinates></Point>
        </Placemark>

        <Placemark>
          <name>1330</name>
          <styleUrl>#style_Healthy</styleUrl>
          <ExtendedData>
            <Data name="id"><value>1330</value></Data>
            <Data name="Class"><value>Healthy</value></Data>
          </ExtendedData>
          <Point><coordinates>102.486969900,2.951703598,0</coordinates></Point>
        </Placemark>

        <Placemark>
          <name>1331</name>
          <styleUrl>#style_Healthy</styleUrl>
          <ExtendedData>
            <Data name="id"><value>1331</value></Data>
            <Data name="Class"><value>Healthy</value></Data>
          </ExtendedData>
          <Point><coordinates>102.486966400,2.951784990,0</coordinates></Point>
        </Placemark>

        <Placemark>
          <name>1334</name>
          <styleUrl>#style_Healthy</styleUrl>
          <ExtendedData>
            <Data name="id"><value>1334</value></Data>
            <Data name="Class"><value>Healthy</value></Data>
          </ExtendedData>
          <Point><coordinates>102.487097800,2.951864056,0</coordinates></Point>
        </Placemark>

        <Placemark>
          <name>1335</name>
          <styleUrl>#style_Healthy</styleUrl>
          <ExtendedData>
            <Data name="id"><value>1335</value></Data>
            <Data name="Class"><value>Healthy</value></Data>
          </ExtendedData>
          <Point><coordinates>102.487168700,2.951822197,0</coordinates></Point>
        </Placemark>

        <Placemark>
          <name>1336</name>
          <styleUrl>#style_Healthy</styleUrl>
          <ExtendedData>
            <Data name="id"><value>1336</value></Data>
            <Data name="Class"><value>Healthy</value></Data>
          </ExtendedData>
          <Point><coordinates>102.487097800,2.951781501,0</coordinates></Point>
        </Placemark>

        <Placemark>
          <name>1340</name>
          <styleUrl>#style_Healthy</styleUrl>
          <ExtendedData>
            <Data name="id"><value>1340</value></Data>
            <Data name="Class"><value>Healthy</value></Data>
          </ExtendedData>
          <Point><coordinates>102.487033800,2.951511745,0</coordinates></Point>
        </Placemark>

        <Placemark>
          <name>1341</name>
          <styleUrl>#style_Healthy</styleUrl>
          <ExtendedData>
            <Data name="id"><value>1341</value></Data>
            <Data name="Class"><value>Healthy</value></Data>
          </ExtendedData>
          <Point><coordinates>102.487233800,2.951862893,0</coordinates></Point>
        </Placemark>

        <Placemark>
          <name>1342</name>
          <styleUrl>#style_Healthy</styleUrl>
          <ExtendedData>
            <Data name="id"><value>1342</value></Data>
            <Data name="Class"><value>Healthy</value></Data>
          </ExtendedData>
          <Point><coordinates>102.487369800,2.951859405,0</coordinates></Point>
        </Placemark>

        <Placemark>
          <name>1343</name>
          <styleUrl>#style_Healthy</styleUrl>
          <ExtendedData>
            <Data name="id"><value>1343</value></Data>
            <Data name="Class"><value>Healthy</value></Data>
          </ExtendedData>
          <Point><coordinates>102.487307100,2.951823360,0</coordinates></Point>
        </Placemark>

        <Placemark>
          <name>1344</name>
          <styleUrl>#style_Healthy</styleUrl>
          <ExtendedData>
            <Data name="id"><value>1344</value></Data>
            <Data name="Class"><value>Healthy</value></Data>
          </ExtendedData>
          <Point><coordinates>102.487230300,2.951781501,0</coordinates></Point>
        </Placemark>

        <Placemark>
          <name>1345</name>
          <styleUrl>#style_Healthy</styleUrl>
          <ExtendedData>
            <Data name="id"><value>1345</value></Data>
            <Data name="Class"><value>Healthy</value></Data>
          </ExtendedData>
          <Point><coordinates>102.487165200,2.951743131,0</coordinates></Point>
        </Placemark>

        <Placemark>
          <name>1349</name>
          <styleUrl>#style_Healthy</styleUrl>
          <ExtendedData>
            <Data name="id"><value>1349</value></Data>
            <Data name="Class"><value>Healthy</value></Data>
          </ExtendedData>
          <Point><coordinates>102.487102400,2.951705923,0</coordinates></Point>
        </Placemark>

        <Placemark>
          <name>1350</name>
          <styleUrl>#style_Healthy</styleUrl>
          <ExtendedData>
            <Data name="id"><value>1350</value></Data>
            <Data name="Class"><value>Healthy</value></Data>
          </ExtendedData>
          <Point><coordinates>102.487240800,2.951704760,0</coordinates></Point>
        </Placemark>

        <Placemark>
          <name>1351</name>
          <styleUrl>#style_Healthy</styleUrl>
          <ExtendedData>
            <Data name="id"><value>1351</value></Data>
            <Data name="Class"><value>Healthy</value></Data>
          </ExtendedData>
          <Point><coordinates>102.487296600,2.951739643,0</coordinates></Point>
        </Placemark>

        <Placemark>
          <name>1352</name>
          <styleUrl>#style_Healthy</styleUrl>
          <ExtendedData>
            <Data name="id"><value>1352</value></Data>
            <Data name="Class"><value>Healthy</value></Data>
          </ExtendedData>
          <Point><coordinates>102.487361700,2.951782664,0</coordinates></Point>
        </Placemark>

        <Placemark>
          <name>1353</name>
          <styleUrl>#style_Healthy</styleUrl>
          <ExtendedData>
            <Data name="id"><value>1353</value></Data>
            <Data name="Class"><value>Healthy</value></Data>
          </ExtendedData>
          <Point><coordinates>102.487431500,2.951821035,0</coordinates></Point>
        </Placemark>

        <Placemark>
          <name>1356</name>
          <styleUrl>#style_Healthy</styleUrl>
          <ExtendedData>
            <Data name="id"><value>1356</value></Data>
            <Data name="Class"><value>Healthy</value></Data>
          </ExtendedData>
          <Point><coordinates>102.487633800,2.951855917,0</coordinates></Point>
        </Placemark>

        <Placemark>
          <name>1359</name>
          <styleUrl>#style_Healthy</styleUrl>
          <ExtendedData>
            <Data name="id"><value>1359</value></Data>
            <Data name="Class"><value>Healthy</value></Data>
          </ExtendedData>
          <Point><coordinates>102.487760500,2.951855917,0</coordinates></Point>
        </Placemark>

        <Placemark>
          <name>1360</name>
          <styleUrl>#style_Healthy</styleUrl>
          <ExtendedData>
            <Data name="id"><value>1360</value></Data>
            <Data name="Class"><value>Healthy</value></Data>
          </ExtendedData>
          <Point><coordinates>102.487831400,2.951818709,0</coordinates></Point>
        </Placemark>

        <Placemark>
          <name>1362</name>
          <styleUrl>#style_Healthy</styleUrl>
          <ExtendedData>
            <Data name="id"><value>1362</value></Data>
            <Data name="Class"><value>Healthy</value></Data>
          </ExtendedData>
          <Point><coordinates>102.487966300,2.951736154,0</coordinates></Point>
        </Placemark>

        <Placemark>
          <name>1363</name>
          <styleUrl>#style_Healthy</styleUrl>
          <ExtendedData>
            <Data name="id"><value>1363</value></Data>
            <Data name="Class"><value>Healthy</value></Data>
          </ExtendedData>
          <Point><coordinates>102.487895400,2.951695459,0</coordinates></Point>
        </Placemark>

        <Placemark>
          <name>1364</name>
          <styleUrl>#style_Healthy</styleUrl>
          <ExtendedData>
            <Data name="id"><value>1364</value></Data>
            <Data name="Class"><value>Healthy</value></Data>
          </ExtendedData>
          <Point><coordinates>102.488025600,2.951697784,0</coordinates></Point>
        </Placemark>

        <Placemark>
          <name>1365</name>
          <styleUrl>#style_Healthy</styleUrl>
          <ExtendedData>
            <Data name="id"><value>1365</value></Data>
            <Data name="Class"><value>Healthy</value></Data>
          </ExtendedData>
          <Point><coordinates>102.488100000,2.951734992,0</coordinates></Point>
        </Placemark>

        <Placemark>
          <name>1367</name>
          <styleUrl>#style_Healthy</styleUrl>
          <ExtendedData>
            <Data name="id"><value>1367</value></Data>
            <Data name="Class"><value>Healthy</value></Data>
          </ExtendedData>
          <Point><coordinates>102.488162800,2.951703598,0</coordinates></Point>
        </Placemark>

        <Placemark>
          <name>1368</name>
          <styleUrl>#style_Healthy</styleUrl>
          <ExtendedData>
            <Data name="id"><value>1368</value></Data>
            <Data name="Class"><value>Healthy</value></Data>
          </ExtendedData>
          <Point><coordinates>102.488102400,2.951652437,0</coordinates></Point>
        </Placemark>

        <Placemark>
          <name>1369</name>
          <styleUrl>#style_Healthy</styleUrl>
          <ExtendedData>
            <Data name="id"><value>1369</value></Data>
            <Data name="Class"><value>Healthy</value></Data>
          </ExtendedData>
          <Point><coordinates>102.488034900,2.951622206,0</coordinates></Point>
        </Placemark>

        <Placemark>
          <name>1370</name>
          <styleUrl>#style_Healthy</styleUrl>
          <ExtendedData>
            <Data name="id"><value>1370</value></Data>
            <Data name="Class"><value>Healthy</value></Data>
          </ExtendedData>
          <Point><coordinates>102.487967500,2.951662902,0</coordinates></Point>
        </Placemark>

        <Placemark>
          <name>1371</name>
          <styleUrl>#style_Healthy</styleUrl>
          <ExtendedData>
            <Data name="id"><value>1371</value></Data>
            <Data name="Class"><value>Healthy</value></Data>
          </ExtendedData>
          <Point><coordinates>102.488159300,2.951618718,0</coordinates></Point>
        </Placemark>

        <Placemark>
          <name>1372</name>
          <styleUrl>#style_Healthy</styleUrl>
          <ExtendedData>
            <Data name="id"><value>1372</value></Data>
            <Data name="Class"><value>Healthy</value></Data>
          </ExtendedData>
          <Point><coordinates>102.488166300,2.951546627,0</coordinates></Point>
        </Placemark>

        <Placemark>
          <name>1373</name>
          <styleUrl>#style_Healthy</styleUrl>
          <ExtendedData>
            <Data name="id"><value>1373</value></Data>
            <Data name="Class"><value>Healthy</value></Data>
          </ExtendedData>
          <Point><coordinates>102.488167500,2.951478026,0</coordinates></Point>
        </Placemark>

        <Placemark>
          <name>1374</name>
          <styleUrl>#style_Healthy</styleUrl>
          <ExtendedData>
            <Data name="id"><value>1374</value></Data>
            <Data name="Class"><value>Healthy</value></Data>
          </ExtendedData>
          <Point><coordinates>102.488161700,2.951390820,0</coordinates></Point>
        </Placemark>

        <Placemark>
          <name>1375</name>
          <styleUrl>#style_Healthy</styleUrl>
          <ExtendedData>
            <Data name="id"><value>1375</value></Data>
            <Data name="Class"><value>Healthy</value></Data>
          </ExtendedData>
          <Point><coordinates>102.488162800,2.951315242,0</coordinates></Point>
        </Placemark>

        <Placemark>
          <name>1376</name>
          <styleUrl>#style_Healthy</styleUrl>
          <ExtendedData>
            <Data name="id"><value>1376</value></Data>
            <Data name="Class"><value>Healthy</value></Data>
          </ExtendedData>
          <Point><coordinates>102.488160500,2.951238501,0</coordinates></Point>
        </Placemark>

        <Placemark>
          <name>1377</name>
          <styleUrl>#style_Healthy</styleUrl>
          <ExtendedData>
            <Data name="id"><value>1377</value></Data>
            <Data name="Class"><value>Healthy</value></Data>
          </ExtendedData>
          <Point><coordinates>102.488158200,2.951151295,0</coordinates></Point>
        </Placemark>

        <Placemark>
          <name>1378</name>
          <styleUrl>#style_Healthy</styleUrl>
          <ExtendedData>
            <Data name="id"><value>1378</value></Data>
            <Data name="Class"><value>Healthy</value></Data>
          </ExtendedData>
          <Point><coordinates>102.488091900,2.951195479,0</coordinates></Point>
        </Placemark>

        <Placemark>
          <name>1379</name>
          <styleUrl>#style_Healthy</styleUrl>
          <ExtendedData>
            <Data name="id"><value>1379</value></Data>
            <Data name="Class"><value>Healthy</value></Data>
          </ExtendedData>
          <Point><coordinates>102.488095400,2.951274546,0</coordinates></Point>
        </Placemark>

        <Placemark>
          <name>1380</name>
          <styleUrl>#style_Healthy</styleUrl>
          <ExtendedData>
            <Data name="id"><value>1380</value></Data>
            <Data name="Class"><value>Healthy</value></Data>
          </ExtendedData>
          <Point><coordinates>102.488090700,2.951348961,0</coordinates></Point>
        </Placemark>

        <Placemark>
          <name>1381</name>
          <styleUrl>#style_Healthy</styleUrl>
          <ExtendedData>
            <Data name="id"><value>1381</value></Data>
            <Data name="Class"><value>Healthy</value></Data>
          </ExtendedData>
          <Point><coordinates>102.488094200,2.951426865,0</coordinates></Point>
        </Placemark>

        <Placemark>
          <name>1382</name>
          <styleUrl>#style_Healthy</styleUrl>
          <ExtendedData>
            <Data name="id"><value>1382</value></Data>
            <Data name="Class"><value>Healthy</value></Data>
          </ExtendedData>
          <Point><coordinates>102.488093100,2.951508257,0</coordinates></Point>
        </Placemark>

        <Placemark>
          <name>1383</name>
          <styleUrl>#style_Healthy</styleUrl>
          <ExtendedData>
            <Data name="id"><value>1383</value></Data>
            <Data name="Class"><value>Healthy</value></Data>
          </ExtendedData>
          <Point><coordinates>102.488032600,2.951544302,0</coordinates></Point>
        </Placemark>

        <Placemark>
          <name>1384</name>
          <styleUrl>#style_Healthy</styleUrl>
          <ExtendedData>
            <Data name="id"><value>1384</value></Data>
            <Data name="Class"><value>Healthy</value></Data>
          </ExtendedData>
          <Point><coordinates>102.488094200,2.951584998,0</coordinates></Point>
        </Placemark>

        <Placemark>
          <name>1385</name>
          <styleUrl>#style_Healthy</styleUrl>
          <ExtendedData>
            <Data name="id"><value>1385</value></Data>
            <Data name="Class"><value>Healthy</value></Data>
          </ExtendedData>
          <Point><coordinates>102.487961700,2.951586161,0</coordinates></Point>
        </Placemark>

        <Placemark>
          <name>1386</name>
          <styleUrl>#style_Healthy</styleUrl>
          <ExtendedData>
            <Data name="id"><value>1386</value></Data>
            <Data name="Class"><value>Healthy</value></Data>
          </ExtendedData>
          <Point><coordinates>102.487895400,2.951547790,0</coordinates></Point>
        </Placemark>

        <Placemark>
          <name>1388</name>
          <styleUrl>#style_Healthy</styleUrl>
          <ExtendedData>
            <Data name="id"><value>1388</value></Data>
            <Data name="Class"><value>Healthy</value></Data>
          </ExtendedData>
          <Point><coordinates>102.487895400,2.951629182,0</coordinates></Point>
        </Placemark>

        <Placemark>
          <name>1391</name>
          <styleUrl>#style_Healthy</styleUrl>
          <ExtendedData>
            <Data name="id"><value>1391</value></Data>
            <Data name="Class"><value>Healthy</value></Data>
          </ExtendedData>
          <Point><coordinates>102.487697700,2.951734992,0</coordinates></Point>
        </Placemark>

        <Placemark>
          <name>1392</name>
          <styleUrl>#style_Healthy</styleUrl>
          <ExtendedData>
            <Data name="id"><value>1392</value></Data>
            <Data name="Class"><value>Healthy</value></Data>
          </ExtendedData>
          <Point><coordinates>102.487630300,2.951782664,0</coordinates></Point>
        </Placemark>

        <Placemark>
          <name>1393</name>
          <styleUrl>#style_Healthy</styleUrl>
          <ExtendedData>
            <Data name="id"><value>1393</value></Data>
            <Data name="Class"><value>Healthy</value></Data>
          </ExtendedData>
          <Point><coordinates>102.487565200,2.951740805,0</coordinates></Point>
        </Placemark>

        <Placemark>
          <name>1395</name>
          <styleUrl>#style_Healthy</styleUrl>
          <ExtendedData>
            <Data name="id"><value>1395</value></Data>
            <Data name="Class"><value>Healthy</value></Data>
          </ExtendedData>
          <Point><coordinates>102.487431500,2.951741968,0</coordinates></Point>
        </Placemark>

        <Placemark>
          <name>1396</name>
          <styleUrl>#style_Healthy</styleUrl>
          <ExtendedData>
            <Data name="id"><value>1396</value></Data>
            <Data name="Class"><value>Healthy</value></Data>
          </ExtendedData>
          <Point><coordinates>102.487365200,2.951701272,0</coordinates></Point>
        </Placemark>

        <Placemark>
          <name>1397</name>
          <styleUrl>#style_Healthy</styleUrl>
          <ExtendedData>
            <Data name="id"><value>1397</value></Data>
            <Data name="Class"><value>Healthy</value></Data>
          </ExtendedData>
          <Point><coordinates>102.487298900,2.951664064,0</coordinates></Point>
        </Placemark>

        <Placemark>
          <name>1398</name>
          <styleUrl>#style_Healthy</styleUrl>
          <ExtendedData>
            <Data name="id"><value>1398</value></Data>
            <Data name="Class"><value>Healthy</value></Data>
          </ExtendedData>
          <Point><coordinates>102.487232600,2.951626857,0</coordinates></Point>
        </Placemark>

        <Placemark>
          <name>1399</name>
          <styleUrl>#style_Healthy</styleUrl>
          <ExtendedData>
            <Data name="id"><value>1399</value></Data>
            <Data name="Class"><value>Healthy</value></Data>
          </ExtendedData>
          <Point><coordinates>102.487161700,2.951593137,0</coordinates></Point>
        </Placemark>

        <Placemark>
          <name>1400</name>
          <styleUrl>#style_Healthy</styleUrl>
          <ExtendedData>
            <Data name="id"><value>1400</value></Data>
            <Data name="Class"><value>Healthy</value></Data>
          </ExtendedData>
          <Point><coordinates>102.487102400,2.951467561,0</coordinates></Point>
        </Placemark>

        <Placemark>
          <name>1402</name>
          <styleUrl>#style_Healthy</styleUrl>
          <ExtendedData>
            <Data name="id"><value>1402</value></Data>
            <Data name="Class"><value>Healthy</value></Data>
          </ExtendedData>
          <Point><coordinates>102.487031500,2.951354775,0</coordinates></Point>
        </Placemark>

        <Placemark>
          <name>1404</name>
          <styleUrl>#style_Healthy</styleUrl>
          <ExtendedData>
            <Data name="id"><value>1404</value></Data>
            <Data name="Class"><value>Healthy</value></Data>
          </ExtendedData>
          <Point><coordinates>102.487028000,2.951272220,0</coordinates></Point>
        </Placemark>

        <Placemark>
          <name>1407</name>
          <styleUrl>#style_Healthy</styleUrl>
          <ExtendedData>
            <Data name="id"><value>1407</value></Data>
            <Data name="Class"><value>Healthy</value></Data>
          </ExtendedData>
          <Point><coordinates>102.487095400,2.951165248,0</coordinates></Point>
        </Placemark>

        <Placemark>
          <name>1408</name>
          <styleUrl>#style_Healthy</styleUrl>
          <ExtendedData>
            <Data name="id"><value>1408</value></Data>
            <Data name="Class"><value>Healthy</value></Data>
          </ExtendedData>
          <Point><coordinates>102.487097800,2.951241989,0</coordinates></Point>
        </Placemark>

        <Placemark>
          <name>1409</name>
          <styleUrl>#style_Healthy</styleUrl>
          <ExtendedData>
            <Data name="id"><value>1409</value></Data>
            <Data name="Class"><value>Healthy</value></Data>
          </ExtendedData>
          <Point><coordinates>102.487100100,2.951318730,0</coordinates></Point>
        </Placemark>

        <Placemark>
          <name>1410</name>
          <styleUrl>#style_Healthy</styleUrl>
          <ExtendedData>
            <Data name="id"><value>1410</value></Data>
            <Data name="Class"><value>Healthy</value></Data>
          </ExtendedData>
          <Point><coordinates>102.487094300,2.951390820,0</coordinates></Point>
        </Placemark>

        <Placemark>
          <name>1411</name>
          <styleUrl>#style_Healthy</styleUrl>
          <ExtendedData>
            <Data name="id"><value>1411</value></Data>
            <Data name="Class"><value>Healthy</value></Data>
          </ExtendedData>
          <Point><coordinates>102.487165200,2.951433841,0</coordinates></Point>
        </Placemark>

        <Placemark>
          <name>1412</name>
          <styleUrl>#style_Healthy</styleUrl>
          <ExtendedData>
            <Data name="id"><value>1412</value></Data>
            <Data name="Class"><value>Healthy</value></Data>
          </ExtendedData>
          <Point><coordinates>102.487161700,2.951354775,0</coordinates></Point>
        </Placemark>

        <Placemark>
          <name>1413</name>
          <styleUrl>#style_Healthy</styleUrl>
          <ExtendedData>
            <Data name="id"><value>1413</value></Data>
            <Data name="Class"><value>Healthy</value></Data>
          </ExtendedData>
          <Point><coordinates>102.487166400,2.951276871,0</coordinates></Point>
        </Placemark>

        <Placemark>
          <name>1414</name>
          <styleUrl>#style_Healthy</styleUrl>
          <ExtendedData>
            <Data name="id"><value>1414</value></Data>
            <Data name="Class"><value>Healthy</value></Data>
          </ExtendedData>
          <Point><coordinates>102.487165200,2.951202456,0</coordinates></Point>
        </Placemark>

        <Placemark>
          <name>1415</name>
          <styleUrl>#style_Healthy</styleUrl>
          <ExtendedData>
            <Data name="id"><value>1415</value></Data>
            <Data name="Class"><value>Healthy</value></Data>
          </ExtendedData>
          <Point><coordinates>102.487232600,2.951248965,0</coordinates></Point>
        </Placemark>

        <Placemark>
          <name>1416</name>
          <styleUrl>#style_Healthy</styleUrl>
          <ExtendedData>
            <Data name="id"><value>1416</value></Data>
            <Data name="Class"><value>Healthy</value></Data>
          </ExtendedData>
          <Point><coordinates>102.487225700,2.951162923,0</coordinates></Point>
        </Placemark>

        <Placemark>
          <name>1417</name>
          <styleUrl>#style_Healthy</styleUrl>
          <ExtendedData>
            <Data name="id"><value>1417</value></Data>
            <Data name="Class"><value>Healthy</value></Data>
          </ExtendedData>
          <Point><coordinates>102.487295400,2.951200130,0</coordinates></Point>
        </Placemark>

        <Placemark>
          <name>1418</name>
          <styleUrl>#style_Healthy</styleUrl>
          <ExtendedData>
            <Data name="id"><value>1418</value></Data>
            <Data name="Class"><value>Healthy</value></Data>
          </ExtendedData>
          <Point><coordinates>102.487297800,2.951286173,0</coordinates></Point>
        </Placemark>

        <Placemark>
          <name>1419</name>
          <styleUrl>#style_Healthy</styleUrl>
          <ExtendedData>
            <Data name="id"><value>1419</value></Data>
            <Data name="Class"><value>Healthy</value></Data>
          </ExtendedData>
          <Point><coordinates>102.487229100,2.951315242,0</coordinates></Point>
        </Placemark>

        <Placemark>
          <name>1420</name>
          <styleUrl>#style_Healthy</styleUrl>
          <ExtendedData>
            <Data name="id"><value>1420</value></Data>
            <Data name="Class"><value>Healthy</value></Data>
          </ExtendedData>
          <Point><coordinates>102.487232600,2.951387332,0</coordinates></Point>
        </Placemark>

        <Placemark>
          <name>1422</name>
          <styleUrl>#style_Healthy</styleUrl>
          <ExtendedData>
            <Data name="id"><value>1422</value></Data>
            <Data name="Class"><value>Healthy</value></Data>
          </ExtendedData>
          <Point><coordinates>102.487236100,2.951548953,0</coordinates></Point>
        </Placemark>

        <Placemark>
          <name>1423</name>
          <styleUrl>#style_Healthy</styleUrl>
          <ExtendedData>
            <Data name="id"><value>1423</value></Data>
            <Data name="Class"><value>Healthy</value></Data>
          </ExtendedData>
          <Point><coordinates>102.487298900,2.951584998,0</coordinates></Point>
        </Placemark>

        <Placemark>
          <name>1424</name>
          <styleUrl>#style_Healthy</styleUrl>
          <ExtendedData>
            <Data name="id"><value>1424</value></Data>
            <Data name="Class"><value>Healthy</value></Data>
          </ExtendedData>
          <Point><coordinates>102.487359400,2.951623368,0</coordinates></Point>
        </Placemark>

        <Placemark>
          <name>1425</name>
          <styleUrl>#style_Healthy</styleUrl>
          <ExtendedData>
            <Data name="id"><value>1425</value></Data>
            <Data name="Class"><value>Healthy</value></Data>
          </ExtendedData>
          <Point><coordinates>102.487431500,2.951665227,0</coordinates></Point>
        </Placemark>

        <Placemark>
          <name>1428</name>
          <styleUrl>#style_Healthy</styleUrl>
          <ExtendedData>
            <Data name="id"><value>1428</value></Data>
            <Data name="Class"><value>Healthy</value></Data>
          </ExtendedData>
          <Point><coordinates>102.487632600,2.951701272,0</coordinates></Point>
        </Placemark>

        <Placemark>
          <name>1431</name>
          <styleUrl>#style_Healthy</styleUrl>
          <ExtendedData>
            <Data name="id"><value>1431</value></Data>
            <Data name="Class"><value>Healthy</value></Data>
          </ExtendedData>
          <Point><coordinates>102.487760500,2.951553604,0</coordinates></Point>
        </Placemark>

        <Placemark>
          <name>1432</name>
          <styleUrl>#style_Healthy</styleUrl>
          <ExtendedData>
            <Data name="id"><value>1432</value></Data>
            <Data name="Class"><value>Healthy</value></Data>
          </ExtendedData>
          <Point><coordinates>102.487824500,2.951507094,0</coordinates></Point>
        </Placemark>

        <Placemark>
          <name>1433</name>
          <styleUrl>#style_Healthy</styleUrl>
          <ExtendedData>
            <Data name="id"><value>1433</value></Data>
            <Data name="Class"><value>Healthy</value></Data>
          </ExtendedData>
          <Point><coordinates>102.487890700,2.951468724,0</coordinates></Point>
        </Placemark>

        <Placemark>
          <name>1434</name>
          <styleUrl>#style_Healthy</styleUrl>
          <ExtendedData>
            <Data name="id"><value>1434</value></Data>
            <Data name="Class"><value>Healthy</value></Data>
          </ExtendedData>
          <Point><coordinates>102.487964000,2.951509420,0</coordinates></Point>
        </Placemark>

        <Placemark>
          <name>1435</name>
          <styleUrl>#style_Healthy</styleUrl>
          <ExtendedData>
            <Data name="id"><value>1435</value></Data>
            <Data name="Class"><value>Healthy</value></Data>
          </ExtendedData>
          <Point><coordinates>102.487961700,2.951430353,0</coordinates></Point>
        </Placemark>

        <Placemark>
          <name>1436</name>
          <styleUrl>#style_Healthy</styleUrl>
          <ExtendedData>
            <Data name="id"><value>1436</value></Data>
            <Data name="Class"><value>Healthy</value></Data>
          </ExtendedData>
          <Point><coordinates>102.488031400,2.951468724,0</coordinates></Point>
        </Placemark>

        <Placemark>
          <name>1437</name>
          <styleUrl>#style_Healthy</styleUrl>
          <ExtendedData>
            <Data name="id"><value>1437</value></Data>
            <Data name="Class"><value>Healthy</value></Data>
          </ExtendedData>
          <Point><coordinates>102.487959400,2.951351287,0</coordinates></Point>
        </Placemark>

        <Placemark>
          <name>1438</name>
          <styleUrl>#style_Healthy</styleUrl>
          <ExtendedData>
            <Data name="id"><value>1438</value></Data>
            <Data name="Class"><value>Healthy</value></Data>
          </ExtendedData>
          <Point><coordinates>102.488029100,2.951314079,0</coordinates></Point>
        </Placemark>

        <Placemark>
          <name>1439</name>
          <styleUrl>#style_Healthy</styleUrl>
          <ExtendedData>
            <Data name="id"><value>1439</value></Data>
            <Data name="Class"><value>Healthy</value></Data>
          </ExtendedData>
          <Point><coordinates>102.488031400,2.951390820,0</coordinates></Point>
        </Placemark>

        <Placemark>
          <name>1440</name>
          <styleUrl>#style_Healthy</styleUrl>
          <ExtendedData>
            <Data name="id"><value>1440</value></Data>
            <Data name="Class"><value>Healthy</value></Data>
          </ExtendedData>
          <Point><coordinates>102.488029100,2.951238501,0</coordinates></Point>
        </Placemark>

        <Placemark>
          <name>1442</name>
          <styleUrl>#style_Healthy</styleUrl>
          <ExtendedData>
            <Data name="id"><value>1442</value></Data>
            <Data name="Class"><value>Healthy</value></Data>
          </ExtendedData>
          <Point><coordinates>102.487965200,2.951200130,0</coordinates></Point>
        </Placemark>

        <Placemark>
          <name>1443</name>
          <styleUrl>#style_Healthy</styleUrl>
          <ExtendedData>
            <Data name="id"><value>1443</value></Data>
            <Data name="Class"><value>Healthy</value></Data>
          </ExtendedData>
          <Point><coordinates>102.488028000,2.951154783,0</coordinates></Point>
        </Placemark>

        <Placemark>
          <name>1444</name>
          <styleUrl>#style_Healthy</styleUrl>
          <ExtendedData>
            <Data name="id"><value>1444</value></Data>
            <Data name="Class"><value>Healthy</value></Data>
          </ExtendedData>
          <Point><coordinates>102.487895400,2.951243152,0</coordinates></Point>
        </Placemark>

        <Placemark>
          <name>1445</name>
          <styleUrl>#style_Healthy</styleUrl>
          <ExtendedData>
            <Data name="id"><value>1445</value></Data>
            <Data name="Class"><value>Healthy</value></Data>
          </ExtendedData>
          <Point><coordinates>102.487896600,2.951314079,0</coordinates></Point>
        </Placemark>

        <Placemark>
          <name>1449</name>
          <styleUrl>#style_Healthy</styleUrl>
          <ExtendedData>
            <Data name="id"><value>1449</value></Data>
            <Data name="Class"><value>Healthy</value></Data>
          </ExtendedData>
          <Point><coordinates>102.487694200,2.951507094,0</coordinates></Point>
        </Placemark>

        <Placemark>
          <name>1451</name>
          <styleUrl>#style_Healthy</styleUrl>
          <ExtendedData>
            <Data name="id"><value>1451</value></Data>
            <Data name="Class"><value>Healthy</value></Data>
          </ExtendedData>
          <Point><coordinates>102.487560500,2.951586161,0</coordinates></Point>
        </Placemark>

        <Placemark>
          <name>1452</name>
          <styleUrl>#style_Healthy</styleUrl>
          <ExtendedData>
            <Data name="id"><value>1452</value></Data>
            <Data name="Class"><value>Healthy</value></Data>
          </ExtendedData>
          <Point><coordinates>102.487501200,2.951545465,0</coordinates></Point>
        </Placemark>

        <Placemark>
          <name>1453</name>
          <styleUrl>#style_Healthy</styleUrl>
          <ExtendedData>
            <Data name="id"><value>1453</value></Data>
            <Data name="Class"><value>Healthy</value></Data>
          </ExtendedData>
          <Point><coordinates>102.487432600,2.951586161,0</coordinates></Point>
        </Placemark>

        <Placemark>
          <name>1454</name>
          <styleUrl>#style_Healthy</styleUrl>
          <ExtendedData>
            <Data name="id"><value>1454</value></Data>
            <Data name="Class"><value>Healthy</value></Data>
          </ExtendedData>
          <Point><coordinates>102.487362900,2.951550116,0</coordinates></Point>
        </Placemark>

        <Placemark>
          <name>1455</name>
          <styleUrl>#style_Healthy</styleUrl>
          <ExtendedData>
            <Data name="id"><value>1455</value></Data>
            <Data name="Class"><value>Healthy</value></Data>
          </ExtendedData>
          <Point><coordinates>102.487296600,2.951511745,0</coordinates></Point>
        </Placemark>

        <Placemark>
          <name>1456</name>
          <styleUrl>#style_Healthy</styleUrl>
          <ExtendedData>
            <Data name="id"><value>1456</value></Data>
            <Data name="Class"><value>Healthy</value></Data>
          </ExtendedData>
          <Point><coordinates>102.487296600,2.951428028,0</coordinates></Point>
        </Placemark>

        <Placemark>
          <name>1457</name>
          <styleUrl>#style_Healthy</styleUrl>
          <ExtendedData>
            <Data name="id"><value>1457</value></Data>
            <Data name="Class"><value>Healthy</value></Data>
          </ExtendedData>
          <Point><coordinates>102.487294300,2.951350124,0</coordinates></Point>
        </Placemark>

        <Placemark>
          <name>1458</name>
          <styleUrl>#style_Healthy</styleUrl>
          <ExtendedData>
            <Data name="id"><value>1458</value></Data>
            <Data name="Class"><value>Healthy</value></Data>
          </ExtendedData>
          <Point><coordinates>102.487360500,2.951467561,0</coordinates></Point>
        </Placemark>

        <Placemark>
          <name>1460</name>
          <styleUrl>#style_Healthy</styleUrl>
          <ExtendedData>
            <Data name="id"><value>1460</value></Data>
            <Data name="Class"><value>Healthy</value></Data>
          </ExtendedData>
          <Point><coordinates>102.487493100,2.951469887,0</coordinates></Point>
        </Placemark>

        <Placemark>
          <name>1461</name>
          <styleUrl>#style_Healthy</styleUrl>
          <ExtendedData>
            <Data name="id"><value>1461</value></Data>
            <Data name="Class"><value>Healthy</value></Data>
          </ExtendedData>
          <Point><coordinates>102.487428000,2.951436167,0</coordinates></Point>
        </Placemark>

        <Placemark>
          <name>1462</name>
          <styleUrl>#style_Healthy</styleUrl>
          <ExtendedData>
            <Data name="id"><value>1462</value></Data>
            <Data name="Class"><value>Healthy</value></Data>
          </ExtendedData>
          <Point><coordinates>102.487355900,2.951390820,0</coordinates></Point>
        </Placemark>

        <Placemark>
          <name>1463</name>
          <styleUrl>#style_Healthy</styleUrl>
          <ExtendedData>
            <Data name="id"><value>1463</value></Data>
            <Data name="Class"><value>Healthy</value></Data>
          </ExtendedData>
          <Point><coordinates>102.487359400,2.951321055,0</coordinates></Point>
        </Placemark>

        <Placemark>
          <name>1464</name>
          <styleUrl>#style_Healthy</styleUrl>
          <ExtendedData>
            <Data name="id"><value>1464</value></Data>
            <Data name="Class"><value>Healthy</value></Data>
          </ExtendedData>
          <Point><coordinates>102.487360500,2.951243152,0</coordinates></Point>
        </Placemark>

        <Placemark>
          <name>1466</name>
          <styleUrl>#style_Healthy</styleUrl>
          <ExtendedData>
            <Data name="id"><value>1466</value></Data>
            <Data name="Class"><value>Healthy</value></Data>
          </ExtendedData>
          <Point><coordinates>102.487431500,2.951203619,0</coordinates></Point>
        </Placemark>

        <Placemark>
          <name>1467</name>
          <styleUrl>#style_Healthy</styleUrl>
          <ExtendedData>
            <Data name="id"><value>1467</value></Data>
            <Data name="Class"><value>Healthy</value></Data>
          </ExtendedData>
          <Point><coordinates>102.487429100,2.951280360,0</coordinates></Point>
        </Placemark>

        <Placemark>
          <name>1468</name>
          <styleUrl>#style_Healthy</styleUrl>
          <ExtendedData>
            <Data name="id"><value>1468</value></Data>
            <Data name="Class"><value>Healthy</value></Data>
          </ExtendedData>
          <Point><coordinates>102.487429100,2.951352450,0</coordinates></Point>
        </Placemark>

        <Placemark>
          <name>1469</name>
          <styleUrl>#style_Healthy</styleUrl>
          <ExtendedData>
            <Data name="id"><value>1469</value></Data>
            <Data name="Class"><value>Healthy</value></Data>
          </ExtendedData>
          <Point><coordinates>102.487495400,2.951393146,0</coordinates></Point>
        </Placemark>

        <Placemark>
          <name>1470</name>
          <styleUrl>#style_Healthy</styleUrl>
          <ExtendedData>
            <Data name="id"><value>1470</value></Data>
            <Data name="Class"><value>Healthy</value></Data>
          </ExtendedData>
          <Point><coordinates>102.487493100,2.951316405,0</coordinates></Point>
        </Placemark>

        <Placemark>
          <name>1471</name>
          <styleUrl>#style_Healthy</styleUrl>
          <ExtendedData>
            <Data name="id"><value>1471</value></Data>
            <Data name="Class"><value>Healthy</value></Data>
          </ExtendedData>
          <Point><coordinates>102.487491900,2.951243152,0</coordinates></Point>
        </Placemark>

        <Placemark>
          <name>1472</name>
          <styleUrl>#style_Healthy</styleUrl>
          <ExtendedData>
            <Data name="id"><value>1472</value></Data>
            <Data name="Class"><value>Healthy</value></Data>
          </ExtendedData>
          <Point><coordinates>102.487494300,2.951164085,0</coordinates></Point>
        </Placemark>

        <Placemark>
          <name>1473</name>
          <styleUrl>#style_Healthy</styleUrl>
          <ExtendedData>
            <Data name="id"><value>1473</value></Data>
            <Data name="Class"><value>Healthy</value></Data>
          </ExtendedData>
          <Point><coordinates>102.487558200,2.951201293,0</coordinates></Point>
        </Placemark>

        <Placemark>
          <name>1474</name>
          <styleUrl>#style_Healthy</styleUrl>
          <ExtendedData>
            <Data name="id"><value>1474</value></Data>
            <Data name="Class"><value>Healthy</value></Data>
          </ExtendedData>
          <Point><coordinates>102.487560500,2.951276871,0</coordinates></Point>
        </Placemark>

        <Placemark>
          <name>1475</name>
          <styleUrl>#style_Healthy</styleUrl>
          <ExtendedData>
            <Data name="id"><value>1475</value></Data>
            <Data name="Class"><value>Healthy</value></Data>
          </ExtendedData>
          <Point><coordinates>102.487559400,2.951354775,0</coordinates></Point>
        </Placemark>

        <Placemark>
          <name>1476</name>
          <styleUrl>#style_Healthy</styleUrl>
          <ExtendedData>
            <Data name="id"><value>1476</value></Data>
            <Data name="Class"><value>Healthy</value></Data>
          </ExtendedData>
          <Point><coordinates>102.487561700,2.951428028,0</coordinates></Point>
        </Placemark>

        <Placemark>
          <name>1477</name>
          <styleUrl>#style_Healthy</styleUrl>
          <ExtendedData>
            <Data name="id"><value>1477</value></Data>
            <Data name="Class"><value>Healthy</value></Data>
          </ExtendedData>
          <Point><coordinates>102.487619800,2.951469887,0</coordinates></Point>
        </Placemark>

        <Placemark>
          <name>1478</name>
          <styleUrl>#style_Healthy</styleUrl>
          <ExtendedData>
            <Data name="id"><value>1478</value></Data>
            <Data name="Class"><value>Healthy</value></Data>
          </ExtendedData>
          <Point><coordinates>102.487624500,2.951391983,0</coordinates></Point>
        </Placemark>

        <Placemark>
          <name>1479</name>
          <styleUrl>#style_Healthy</styleUrl>
          <ExtendedData>
            <Data name="id"><value>1479</value></Data>
            <Data name="Class"><value>Healthy</value></Data>
          </ExtendedData>
          <Point><coordinates>102.487623300,2.951321055,0</coordinates></Point>
        </Placemark>

        <Placemark>
          <name>1480</name>
          <styleUrl>#style_Healthy</styleUrl>
          <ExtendedData>
            <Data name="id"><value>1480</value></Data>
            <Data name="Class"><value>Healthy</value></Data>
          </ExtendedData>
          <Point><coordinates>102.487625600,2.951241989,0</coordinates></Point>
        </Placemark>

        <Placemark>
          <name>1481</name>
          <styleUrl>#style_Healthy</styleUrl>
          <ExtendedData>
            <Data name="id"><value>1481</value></Data>
            <Data name="Class"><value>Healthy</value></Data>
          </ExtendedData>
          <Point><coordinates>102.487622200,2.951162923,0</coordinates></Point>
        </Placemark>

        <Placemark>
          <name>1482</name>
          <styleUrl>#style_Healthy</styleUrl>
          <ExtendedData>
            <Data name="id"><value>1482</value></Data>
            <Data name="Class"><value>Healthy</value></Data>
          </ExtendedData>
          <Point><coordinates>102.487688400,2.951203619,0</coordinates></Point>
        </Placemark>

        <Placemark>
          <name>1483</name>
          <styleUrl>#style_Healthy</styleUrl>
          <ExtendedData>
            <Data name="id"><value>1483</value></Data>
            <Data name="Class"><value>Healthy</value></Data>
          </ExtendedData>
          <Point><coordinates>102.487761700,2.951160597,0</coordinates></Point>
        </Placemark>

        <Placemark>
          <name>1484</name>
          <styleUrl>#style_Healthy</styleUrl>
          <ExtendedData>
            <Data name="id"><value>1484</value></Data>
            <Data name="Class"><value>Healthy</value></Data>
          </ExtendedData>
          <Point><coordinates>102.487822100,2.951203619,0</coordinates></Point>
        </Placemark>

        <Placemark>
          <name>1485</name>
          <styleUrl>#style_Healthy</styleUrl>
          <ExtendedData>
            <Data name="id"><value>1485</value></Data>
            <Data name="Class"><value>Healthy</value></Data>
          </ExtendedData>
          <Point><coordinates>102.487896600,2.951160597,0</coordinates></Point>
        </Placemark>

        <Placemark>
          <name>1486</name>
          <styleUrl>#style_Healthy</styleUrl>
          <ExtendedData>
            <Data name="id"><value>1486</value></Data>
            <Data name="Class"><value>Healthy</value></Data>
          </ExtendedData>
          <Point><coordinates>102.487833800,2.951276871,0</coordinates></Point>
        </Placemark>

        <Placemark>
          <name>1487</name>
          <styleUrl>#style_Healthy</styleUrl>
          <ExtendedData>
            <Data name="id"><value>1487</value></Data>
            <Data name="Class"><value>Healthy</value></Data>
          </ExtendedData>
          <Point><coordinates>102.487825600,2.951348961,0</coordinates></Point>
        </Placemark>

        <Placemark>
          <name>1490</name>
          <styleUrl>#style_Healthy</styleUrl>
          <ExtendedData>
            <Data name="id"><value>1490</value></Data>
            <Data name="Class"><value>Healthy</value></Data>
          </ExtendedData>
          <Point><coordinates>102.487759400,2.951238501,0</coordinates></Point>
        </Placemark>

        <Placemark>
          <name>1491</name>
          <styleUrl>#style_Healthy</styleUrl>
          <ExtendedData>
            <Data name="id"><value>1491</value></Data>
            <Data name="Class"><value>Healthy</value></Data>
          </ExtendedData>
          <Point><coordinates>102.487688400,2.951275709,0</coordinates></Point>
        </Placemark>

        <Placemark>
          <name>1492</name>
          <styleUrl>#style_Healthy</styleUrl>
          <ExtendedData>
            <Data name="id"><value>1492</value></Data>
            <Data name="Class"><value>Healthy</value></Data>
          </ExtendedData>
          <Point><coordinates>102.487691900,2.951352450,0</coordinates></Point>
        </Placemark>

        <Placemark>
          <name>1493</name>
          <styleUrl>#style_Healthy</styleUrl>
          <ExtendedData>
            <Data name="id"><value>1493</value></Data>
            <Data name="Class"><value>Healthy</value></Data>
          </ExtendedData>
          <Point><coordinates>102.487694200,2.951429191,0</coordinates></Point>
        </Placemark>

        <Placemark>
          <name>1496</name>
          <styleUrl>#style_Healthy</styleUrl>
          <ExtendedData>
            <Data name="id"><value>1496</value></Data>
            <Data name="Class"><value>Healthy</value></Data>
          </ExtendedData>
          <Point><coordinates>102.488291900,2.951702435,0</coordinates></Point>
        </Placemark>

        <Placemark>
          <name>1497</name>
          <styleUrl>#style_Healthy</styleUrl>
          <ExtendedData>
            <Data name="id"><value>1497</value></Data>
            <Data name="Class"><value>Healthy</value></Data>
          </ExtendedData>
          <Point><coordinates>102.488230300,2.951657088,0</coordinates></Point>
        </Placemark>

        <Placemark>
          <name>1498</name>
          <styleUrl>#style_Healthy</styleUrl>
          <ExtendedData>
            <Data name="id"><value>1498</value></Data>
            <Data name="Class"><value>Healthy</value></Data>
          </ExtendedData>
          <Point><coordinates>102.488230300,2.951586161,0</coordinates></Point>
        </Placemark>

        <Placemark>
          <name>1499</name>
          <styleUrl>#style_Healthy</styleUrl>
          <ExtendedData>
            <Data name="id"><value>1499</value></Data>
            <Data name="Class"><value>Healthy</value></Data>
          </ExtendedData>
          <Point><coordinates>102.488226800,2.951505932,0</coordinates></Point>
        </Placemark>

        <Placemark>
          <name>1500</name>
          <styleUrl>#style_Healthy</styleUrl>
          <ExtendedData>
            <Data name="id"><value>1500</value></Data>
            <Data name="Class"><value>Healthy</value></Data>
          </ExtendedData>
          <Point><coordinates>102.488223300,2.951429191,0</coordinates></Point>
        </Placemark>

        <Placemark>
          <name>1501</name>
          <styleUrl>#style_Healthy</styleUrl>
          <ExtendedData>
            <Data name="id"><value>1501</value></Data>
            <Data name="Class"><value>Healthy</value></Data>
          </ExtendedData>
          <Point><coordinates>102.488230300,2.951273383,0</coordinates></Point>
        </Placemark>

        <Placemark>
          <name>1502</name>
          <styleUrl>#style_Healthy</styleUrl>
          <ExtendedData>
            <Data name="id"><value>1502</value></Data>
            <Data name="Class"><value>Healthy</value></Data>
          </ExtendedData>
          <Point><coordinates>102.488232600,2.951197805,0</coordinates></Point>
        </Placemark>

        <Placemark>
          <name>1505</name>
          <styleUrl>#style_Healthy</styleUrl>
          <ExtendedData>
            <Data name="id"><value>1505</value></Data>
            <Data name="Class"><value>Healthy</value></Data>
          </ExtendedData>
          <Point><coordinates>102.488088400,2.951118738,0</coordinates></Point>
        </Placemark>

        <Placemark>
          <name>1506</name>
          <styleUrl>#style_Healthy</styleUrl>
          <ExtendedData>
            <Data name="id"><value>1506</value></Data>
            <Data name="Class"><value>Healthy</value></Data>
          </ExtendedData>
          <Point><coordinates>102.488023300,2.951079205,0</coordinates></Point>
        </Placemark>

        <Placemark>
          <name>1507</name>
          <styleUrl>#style_Healthy</styleUrl>
          <ExtendedData>
            <Data name="id"><value>1507</value></Data>
            <Data name="Class"><value>Healthy</value></Data>
          </ExtendedData>
          <Point><coordinates>102.487959400,2.951118738,0</coordinates></Point>
        </Placemark>

        <Placemark>
          <name>1508</name>
          <styleUrl>#style_Healthy</styleUrl>
          <ExtendedData>
            <Data name="id"><value>1508</value></Data>
            <Data name="Class"><value>Healthy</value></Data>
          </ExtendedData>
          <Point><coordinates>102.487895400,2.951080368,0</coordinates></Point>
        </Placemark>

        <Placemark>
          <name>1509</name>
          <styleUrl>#style_Healthy</styleUrl>
          <ExtendedData>
            <Data name="id"><value>1509</value></Data>
            <Data name="Class"><value>Healthy</value></Data>
          </ExtendedData>
          <Point><coordinates>102.487828000,2.951121064,0</coordinates></Point>
        </Placemark>

        <Placemark>
          <name>1510</name>
          <styleUrl>#style_Healthy</styleUrl>
          <ExtendedData>
            <Data name="id"><value>1510</value></Data>
            <Data name="Class"><value>Healthy</value></Data>
          </ExtendedData>
          <Point><coordinates>102.487824500,2.951052462,0</coordinates></Point>
        </Placemark>

        <Placemark>
          <name>1511</name>
          <styleUrl>#style_Healthy</styleUrl>
          <ExtendedData>
            <Data name="id"><value>1511</value></Data>
            <Data name="Class"><value>Healthy</value></Data>
          </ExtendedData>
          <Point><coordinates>102.487965200,2.951039672,0</coordinates></Point>
        </Placemark>

        <Placemark>
          <name>1512</name>
          <styleUrl>#style_Healthy</styleUrl>
          <ExtendedData>
            <Data name="id"><value>1512</value></Data>
            <Data name="Class"><value>Healthy</value></Data>
          </ExtendedData>
          <Point><coordinates>102.488089600,2.951045486,0</coordinates></Point>
        </Placemark>

        <Placemark>
          <name>1515</name>
          <styleUrl>#style_Healthy</styleUrl>
          <ExtendedData>
            <Data name="id"><value>1515</value></Data>
            <Data name="Class"><value>Healthy</value></Data>
          </ExtendedData>
          <Point><coordinates>102.488287200,2.951157109,0</coordinates></Point>
        </Placemark>

        <Placemark>
          <name>1516</name>
          <styleUrl>#style_Healthy</styleUrl>
          <ExtendedData>
            <Data name="id"><value>1516</value></Data>
            <Data name="Class"><value>Healthy</value></Data>
          </ExtendedData>
          <Point><coordinates>102.488361700,2.951117576,0</coordinates></Point>
        </Placemark>

        <Placemark>
          <name>1517</name>
          <styleUrl>#style_Healthy</styleUrl>
          <ExtendedData>
            <Data name="id"><value>1517</value></Data>
            <Data name="Class"><value>Healthy</value></Data>
          </ExtendedData>
          <Point><coordinates>102.488354700,2.951196642,0</coordinates></Point>
        </Placemark>

        <Placemark>
          <name>1518</name>
          <styleUrl>#style_Healthy</styleUrl>
          <ExtendedData>
            <Data name="id"><value>1518</value></Data>
            <Data name="Class"><value>Healthy</value></Data>
          </ExtendedData>
          <Point><coordinates>102.488359300,2.951269895,0</coordinates></Point>
        </Placemark>

        <Placemark>
          <name>1519</name>
          <styleUrl>#style_Healthy</styleUrl>
          <ExtendedData>
            <Data name="id"><value>1519</value></Data>
            <Data name="Class"><value>Healthy</value></Data>
          </ExtendedData>
          <Point><coordinates>102.488288400,2.951310591,0</coordinates></Point>
        </Placemark>

        <Placemark>
          <name>1520</name>
          <styleUrl>#style_Healthy</styleUrl>
          <ExtendedData>
            <Data name="id"><value>1520</value></Data>
            <Data name="Class"><value>Healthy</value></Data>
          </ExtendedData>
          <Point><coordinates>102.488289600,2.951386169,0</coordinates></Point>
        </Placemark>

        <Placemark>
          <name>1521</name>
          <styleUrl>#style_Healthy</styleUrl>
          <ExtendedData>
            <Data name="id"><value>1521</value></Data>
            <Data name="Class"><value>Healthy</value></Data>
          </ExtendedData>
          <Point><coordinates>102.488291900,2.951464073,0</coordinates></Point>
        </Placemark>

        <Placemark>
          <name>1522</name>
          <styleUrl>#style_Healthy</styleUrl>
          <ExtendedData>
            <Data name="id"><value>1522</value></Data>
            <Data name="Class"><value>Healthy</value></Data>
          </ExtendedData>
          <Point><coordinates>102.488294200,2.951544302,0</coordinates></Point>
        </Placemark>

        <Placemark>
          <name>1523</name>
          <styleUrl>#style_Healthy</styleUrl>
          <ExtendedData>
            <Data name="id"><value>1523</value></Data>
            <Data name="Class"><value>Healthy</value></Data>
          </ExtendedData>
          <Point><coordinates>102.488293100,2.951621043,0</coordinates></Point>
        </Placemark>

        <Placemark>
          <name>1526</name>
          <styleUrl>#style_Healthy</styleUrl>
          <ExtendedData>
            <Data name="id"><value>1526</value></Data>
            <Data name="Class"><value>Healthy</value></Data>
          </ExtendedData>
          <Point><coordinates>102.488432600,2.951695459,0</coordinates></Point>
        </Placemark>

        <Placemark>
          <name>1527</name>
          <styleUrl>#style_Healthy</styleUrl>
          <ExtendedData>
            <Data name="id"><value>1527</value></Data>
            <Data name="Class"><value>Healthy</value></Data>
          </ExtendedData>
          <Point><coordinates>102.488500000,2.951731504,0</coordinates></Point>
        </Placemark>

        <Placemark>
          <name>1528</name>
          <styleUrl>#style_Healthy</styleUrl>
          <ExtendedData>
            <Data name="id"><value>1528</value></Data>
            <Data name="Class"><value>Healthy</value></Data>
          </ExtendedData>
          <Point><coordinates>102.488560500,2.951772200,0</coordinates></Point>
        </Placemark>

        <Placemark>
          <name>1529</name>
          <styleUrl>#style_Healthy</styleUrl>
          <ExtendedData>
            <Data name="id"><value>1529</value></Data>
            <Data name="Class"><value>Healthy</value></Data>
          </ExtendedData>
          <Point><coordinates>102.488633700,2.951734992,0</coordinates></Point>
        </Placemark>

        <Placemark>
          <name>1530</name>
          <styleUrl>#style_Healthy</styleUrl>
          <ExtendedData>
            <Data name="id"><value>1530</value></Data>
            <Data name="Class"><value>Healthy</value></Data>
          </ExtendedData>
          <Point><coordinates>102.488691900,2.951696621,0</coordinates></Point>
        </Placemark>

        <Placemark>
          <name>1531</name>
          <styleUrl>#style_Healthy</styleUrl>
          <ExtendedData>
            <Data name="id"><value>1531</value></Data>
            <Data name="Class"><value>Healthy</value></Data>
          </ExtendedData>
          <Point><coordinates>102.488759300,2.951729178,0</coordinates></Point>
        </Placemark>

        <Placemark>
          <name>1532</name>
          <styleUrl>#style_Healthy</styleUrl>
          <ExtendedData>
            <Data name="id"><value>1532</value></Data>
            <Data name="Class"><value>Healthy</value></Data>
          </ExtendedData>
          <Point><coordinates>102.488696500,2.951621043,0</coordinates></Point>
        </Placemark>

        <Placemark>
          <name>1533</name>
          <styleUrl>#style_Healthy</styleUrl>
          <ExtendedData>
            <Data name="id"><value>1533</value></Data>
            <Data name="Class"><value>Healthy</value></Data>
          </ExtendedData>
          <Point><coordinates>102.488629100,2.951661739,0</coordinates></Point>
        </Placemark>

        <Placemark>
          <name>1534</name>
          <styleUrl>#style_Healthy</styleUrl>
          <ExtendedData>
            <Data name="id"><value>1534</value></Data>
            <Data name="Class"><value>Healthy</value></Data>
          </ExtendedData>
          <Point><coordinates>102.488565100,2.951690808,0</coordinates></Point>
        </Placemark>

        <Placemark>
          <name>1536</name>
          <styleUrl>#style_Healthy</styleUrl>
          <ExtendedData>
            <Data name="id"><value>1536</value></Data>
            <Data name="Class"><value>Healthy</value></Data>
          </ExtendedData>
          <Point><coordinates>102.488496500,2.951658251,0</coordinates></Point>
        </Placemark>

        <Placemark>
          <name>1538</name>
          <styleUrl>#style_Healthy</styleUrl>
          <ExtendedData>
            <Data name="id"><value>1538</value></Data>
            <Data name="Class"><value>Healthy</value></Data>
          </ExtendedData>
          <Point><coordinates>102.488434900,2.951539651,0</coordinates></Point>
        </Placemark>

        <Placemark>
          <name>1539</name>
          <styleUrl>#style_Healthy</styleUrl>
          <ExtendedData>
            <Data name="id"><value>1539</value></Data>
            <Data name="Class"><value>Healthy</value></Data>
          </ExtendedData>
          <Point><coordinates>102.488429100,2.951464073,0</coordinates></Point>
        </Placemark>

        <Placemark>
          <name>1540</name>
          <styleUrl>#style_Healthy</styleUrl>
          <ExtendedData>
            <Data name="id"><value>1540</value></Data>
            <Data name="Class"><value>Healthy</value></Data>
          </ExtendedData>
          <Point><coordinates>102.488359300,2.951423377,0</coordinates></Point>
        </Placemark>

        <Placemark>
          <name>1542</name>
          <styleUrl>#style_Healthy</styleUrl>
          <ExtendedData>
            <Data name="id"><value>1542</value></Data>
            <Data name="Class"><value>Healthy</value></Data>
          </ExtendedData>
          <Point><coordinates>102.488357000,2.951347799,0</coordinates></Point>
        </Placemark>

        <Placemark>
          <name>1543</name>
          <styleUrl>#style_Healthy</styleUrl>
          <ExtendedData>
            <Data name="id"><value>1543</value></Data>
            <Data name="Class"><value>Healthy</value></Data>
          </ExtendedData>
          <Point><coordinates>102.488427900,2.951388495,0</coordinates></Point>
        </Placemark>

        <Placemark>
          <name>1544</name>
          <styleUrl>#style_Healthy</styleUrl>
          <ExtendedData>
            <Data name="id"><value>1544</value></Data>
            <Data name="Class"><value>Healthy</value></Data>
          </ExtendedData>
          <Point><coordinates>102.488426800,2.951312916,0</coordinates></Point>
        </Placemark>

        <Placemark>
          <name>1545</name>
          <styleUrl>#style_Healthy</styleUrl>
          <ExtendedData>
            <Data name="id"><value>1545</value></Data>
            <Data name="Class"><value>Healthy</value></Data>
          </ExtendedData>
          <Point><coordinates>102.488426800,2.951240826,0</coordinates></Point>
        </Placemark>

        <Placemark>
          <name>1548</name>
          <styleUrl>#style_Healthy</styleUrl>
          <ExtendedData>
            <Data name="id"><value>1548</value></Data>
            <Data name="Class"><value>Healthy</value></Data>
          </ExtendedData>
          <Point><coordinates>102.488491900,2.951200130,0</coordinates></Point>
        </Placemark>

        <Placemark>
          <name>1549</name>
          <styleUrl>#style_Healthy</styleUrl>
          <ExtendedData>
            <Data name="id"><value>1549</value></Data>
            <Data name="Class"><value>Healthy</value></Data>
          </ExtendedData>
          <Point><coordinates>102.488494200,2.951273383,0</coordinates></Point>
        </Placemark>

        <Placemark>
          <name>1550</name>
          <styleUrl>#style_Healthy</styleUrl>
          <ExtendedData>
            <Data name="id"><value>1550</value></Data>
            <Data name="Class"><value>Healthy</value></Data>
          </ExtendedData>
          <Point><coordinates>102.488493000,2.951340822,0</coordinates></Point>
        </Placemark>

        <Placemark>
          <name>1551</name>
          <styleUrl>#style_Healthy</styleUrl>
          <ExtendedData>
            <Data name="id"><value>1551</value></Data>
            <Data name="Class"><value>Healthy</value></Data>
          </ExtendedData>
          <Point><coordinates>102.488561700,2.951387332,0</coordinates></Point>
        </Placemark>

        <Placemark>
          <name>1552</name>
          <styleUrl>#style_Healthy</styleUrl>
          <ExtendedData>
            <Data name="id"><value>1552</value></Data>
            <Data name="Class"><value>Healthy</value></Data>
          </ExtendedData>
          <Point><coordinates>102.488559300,2.951459422,0</coordinates></Point>
        </Placemark>

        <Placemark>
          <name>1553</name>
          <styleUrl>#style_Healthy</styleUrl>
          <ExtendedData>
            <Data name="id"><value>1553</value></Data>
            <Data name="Class"><value>Healthy</value></Data>
          </ExtendedData>
          <Point><coordinates>102.488501200,2.951501281,0</coordinates></Point>
        </Placemark>

        <Placemark>
          <name>1554</name>
          <styleUrl>#style_Healthy</styleUrl>
          <ExtendedData>
            <Data name="id"><value>1554</value></Data>
            <Data name="Class"><value>Healthy</value></Data>
          </ExtendedData>
          <Point><coordinates>102.488494200,2.951428028,0</coordinates></Point>
        </Placemark>

        <Placemark>
          <name>1556</name>
          <styleUrl>#style_Healthy</styleUrl>
          <ExtendedData>
            <Data name="id"><value>1556</value></Data>
            <Data name="Class"><value>Healthy</value></Data>
          </ExtendedData>
          <Point><coordinates>102.488632600,2.951579184,0</coordinates></Point>
        </Placemark>

        <Placemark>
          <name>1557</name>
          <styleUrl>#style_Healthy</styleUrl>
          <ExtendedData>
            <Data name="id"><value>1557</value></Data>
            <Data name="Class"><value>Healthy</value></Data>
          </ExtendedData>
          <Point><coordinates>102.488695400,2.951540814,0</coordinates></Point>
        </Placemark>

        <Placemark>
          <name>1559</name>
          <styleUrl>#style_Healthy</styleUrl>
          <ExtendedData>
            <Data name="id"><value>1559</value></Data>
            <Data name="Class"><value>Healthy</value></Data>
          </ExtendedData>
          <Point><coordinates>102.488824400,2.951466398,0</coordinates></Point>
        </Placemark>

        <Placemark>
          <name>1560</name>
          <styleUrl>#style_Healthy</styleUrl>
          <ExtendedData>
            <Data name="id"><value>1560</value></Data>
            <Data name="Class"><value>Healthy</value></Data>
          </ExtendedData>
          <Point><coordinates>102.488895400,2.951487328,0</coordinates></Point>
        </Placemark>

        <Placemark>
          <name>1561</name>
          <styleUrl>#style_Healthy</styleUrl>
          <ExtendedData>
            <Data name="id"><value>1561</value></Data>
            <Data name="Class"><value>Healthy</value></Data>
          </ExtendedData>
          <Point><coordinates>102.488958100,2.951460585,0</coordinates></Point>
        </Placemark>

        <Placemark>
          <name>1563</name>
          <styleUrl>#style_Healthy</styleUrl>
          <ExtendedData>
            <Data name="id"><value>1563</value></Data>
            <Data name="Class"><value>Healthy</value></Data>
          </ExtendedData>
          <Point><coordinates>102.488961600,2.951381518,0</coordinates></Point>
        </Placemark>

        <Placemark>
          <name>1564</name>
          <styleUrl>#style_Healthy</styleUrl>
          <ExtendedData>
            <Data name="id"><value>1564</value></Data>
            <Data name="Class"><value>Healthy</value></Data>
          </ExtendedData>
          <Point><coordinates>102.488896500,2.951423377,0</coordinates></Point>
        </Placemark>

        <Placemark>
          <name>1565</name>
          <styleUrl>#style_Healthy</styleUrl>
          <ExtendedData>
            <Data name="id"><value>1565</value></Data>
            <Data name="Class"><value>Healthy</value></Data>
          </ExtendedData>
          <Point><coordinates>102.488830200,2.951386169,0</coordinates></Point>
        </Placemark>

        <Placemark>
          <name>1566</name>
          <styleUrl>#style_Healthy</styleUrl>
          <ExtendedData>
            <Data name="id"><value>1566</value></Data>
            <Data name="Class"><value>Healthy</value></Data>
          </ExtendedData>
          <Point><coordinates>102.488759300,2.951426865,0</coordinates></Point>
        </Placemark>

        <Placemark>
          <name>1567</name>
          <styleUrl>#style_Healthy</styleUrl>
          <ExtendedData>
            <Data name="id"><value>1567</value></Data>
            <Data name="Class"><value>Healthy</value></Data>
          </ExtendedData>
          <Point><coordinates>102.488691900,2.951388495,0</coordinates></Point>
        </Placemark>

        <Placemark>
          <name>1568</name>
          <styleUrl>#style_Healthy</styleUrl>
          <ExtendedData>
            <Data name="id"><value>1568</value></Data>
            <Data name="Class"><value>Healthy</value></Data>
          </ExtendedData>
          <Point><coordinates>102.488627900,2.951347799,0</coordinates></Point>
        </Placemark>

        <Placemark>
          <name>1569</name>
          <styleUrl>#style_Healthy</styleUrl>
          <ExtendedData>
            <Data name="id"><value>1569</value></Data>
            <Data name="Class"><value>Healthy</value></Data>
          </ExtendedData>
          <Point><coordinates>102.488630300,2.951271058,0</coordinates></Point>
        </Placemark>

        <Placemark>
          <name>1570</name>
          <styleUrl>#style_Healthy</styleUrl>
          <ExtendedData>
            <Data name="id"><value>1570</value></Data>
            <Data name="Class"><value>Healthy</value></Data>
          </ExtendedData>
          <Point><coordinates>102.488566300,2.951241989,0</coordinates></Point>
        </Placemark>

        <Placemark>
          <name>1571</name>
          <styleUrl>#style_Healthy</styleUrl>
          <ExtendedData>
            <Data name="id"><value>1571</value></Data>
            <Data name="Class"><value>Healthy</value></Data>
          </ExtendedData>
          <Point><coordinates>102.488686100,2.951305940,0</coordinates></Point>
        </Placemark>

        <Placemark>
          <name>1572</name>
          <styleUrl>#style_Healthy</styleUrl>
          <ExtendedData>
            <Data name="id"><value>1572</value></Data>
            <Data name="Class"><value>Healthy</value></Data>
          </ExtendedData>
          <Point><coordinates>102.488755800,2.951341985,0</coordinates></Point>
        </Placemark>

        <Placemark>
          <name>1573</name>
          <styleUrl>#style_Healthy</styleUrl>
          <ExtendedData>
            <Data name="id"><value>1573</value></Data>
            <Data name="Class"><value>Healthy</value></Data>
          </ExtendedData>
          <Point><coordinates>102.488891900,2.951346636,0</coordinates></Point>
        </Placemark>

        <Placemark>
          <name>1574</name>
          <styleUrl>#style_Healthy</styleUrl>
          <ExtendedData>
            <Data name="id"><value>1574</value></Data>
            <Data name="Class"><value>Healthy</value></Data>
          </ExtendedData>
          <Point><coordinates>102.488826800,2.951310591,0</coordinates></Point>
        </Placemark>

        <Placemark>
          <name>1575</name>
          <styleUrl>#style_Healthy</styleUrl>
          <ExtendedData>
            <Data name="id"><value>1575</value></Data>
            <Data name="Class"><value>Healthy</value></Data>
          </ExtendedData>
          <Point><coordinates>102.488757000,2.951272220,0</coordinates></Point>
        </Placemark>

        <Placemark>
          <name>1576</name>
          <styleUrl>#style_Healthy</styleUrl>
          <ExtendedData>
            <Data name="id"><value>1576</value></Data>
            <Data name="Class"><value>Healthy</value></Data>
          </ExtendedData>
          <Point><coordinates>102.488689600,2.951232687,0</coordinates></Point>
        </Placemark>

        <Placemark>
          <name>1577</name>
          <styleUrl>#style_Healthy</styleUrl>
          <ExtendedData>
            <Data name="id"><value>1577</value></Data>
            <Data name="Class"><value>Healthy</value></Data>
          </ExtendedData>
          <Point><coordinates>102.488633700,2.951196642,0</coordinates></Point>
        </Placemark>

        <Placemark>
          <name>1578</name>
          <styleUrl>#style_Healthy</styleUrl>
          <ExtendedData>
            <Data name="id"><value>1578</value></Data>
            <Data name="Class"><value>Healthy</value></Data>
          </ExtendedData>
          <Point><coordinates>102.488558200,2.951160597,0</coordinates></Point>
        </Placemark>

        <Placemark>
          <name>1579</name>
          <styleUrl>#style_Healthy</styleUrl>
          <ExtendedData>
            <Data name="id"><value>1579</value></Data>
            <Data name="Class"><value>Healthy</value></Data>
          </ExtendedData>
          <Point><coordinates>102.488561700,2.951080368,0</coordinates></Point>
        </Placemark>

        <Placemark>
          <name>1580</name>
          <styleUrl>#style_Healthy</styleUrl>
          <ExtendedData>
            <Data name="id"><value>1580</value></Data>
            <Data name="Class"><value>Healthy</value></Data>
          </ExtendedData>
          <Point><coordinates>102.488493000,2.951118738,0</coordinates></Point>
        </Placemark>

        <Placemark>
          <name>1581</name>
          <styleUrl>#style_Healthy</styleUrl>
          <ExtendedData>
            <Data name="id"><value>1581</value></Data>
            <Data name="Class"><value>Healthy</value></Data>
          </ExtendedData>
          <Point><coordinates>102.488623300,2.951116413,0</coordinates></Point>
        </Placemark>

        <Placemark>
          <name>1583</name>
          <styleUrl>#style_Healthy</styleUrl>
          <ExtendedData>
            <Data name="id"><value>1583</value></Data>
            <Data name="Class"><value>Healthy</value></Data>
          </ExtendedData>
          <Point><coordinates>102.488684900,2.951155946,0</coordinates></Point>
        </Placemark>

        <Placemark>
          <name>1586</name>
          <styleUrl>#style_Healthy</styleUrl>
          <ExtendedData>
            <Data name="id"><value>1586</value></Data>
            <Data name="Class"><value>Healthy</value></Data>
          </ExtendedData>
          <Point><coordinates>102.488957000,2.951230362,0</coordinates></Point>
        </Placemark>

        <Placemark>
          <name>1587</name>
          <styleUrl>#style_Healthy</styleUrl>
          <ExtendedData>
            <Data name="id"><value>1587</value></Data>
            <Data name="Class"><value>Healthy</value></Data>
          </ExtendedData>
          <Point><coordinates>102.488895400,2.951195479,0</coordinates></Point>
        </Placemark>

        <Placemark>
          <name>1588</name>
          <styleUrl>#style_Healthy</styleUrl>
          <ExtendedData>
            <Data name="id"><value>1588</value></Data>
            <Data name="Class"><value>Healthy</value></Data>
          </ExtendedData>
          <Point><coordinates>102.488888400,2.951117576,0</coordinates></Point>
        </Placemark>

        <Placemark>
          <name>1589</name>
          <styleUrl>#style_Healthy</styleUrl>
          <ExtendedData>
            <Data name="id"><value>1589</value></Data>
            <Data name="Class"><value>Healthy</value></Data>
          </ExtendedData>
          <Point><coordinates>102.488823300,2.951074554,0</coordinates></Point>
        </Placemark>

        <Placemark>
          <name>1590</name>
          <styleUrl>#style_Healthy</styleUrl>
          <ExtendedData>
            <Data name="id"><value>1590</value></Data>
            <Data name="Class"><value>Healthy</value></Data>
          </ExtendedData>
          <Point><coordinates>102.488760500,2.951036184,0</coordinates></Point>
        </Placemark>

        <Placemark>
          <name>1591</name>
          <styleUrl>#style_Healthy</styleUrl>
          <ExtendedData>
            <Data name="id"><value>1591</value></Data>
            <Data name="Class"><value>Healthy</value></Data>
          </ExtendedData>
          <Point><coordinates>102.488630300,2.951038509,0</coordinates></Point>
        </Placemark>

        <Placemark>
          <name>1593</name>
          <styleUrl>#style_Healthy</styleUrl>
          <ExtendedData>
            <Data name="id"><value>1593</value></Data>
            <Data name="Class"><value>Healthy</value></Data>
          </ExtendedData>
          <Point><coordinates>102.488954700,2.951071066,0</coordinates></Point>
        </Placemark>

        <Placemark>
          <name>1594</name>
          <styleUrl>#style_Healthy</styleUrl>
          <ExtendedData>
            <Data name="id"><value>1594</value></Data>
            <Data name="Class"><value>Healthy</value></Data>
          </ExtendedData>
          <Point><coordinates>102.489020900,2.951112925,0</coordinates></Point>
        </Placemark>

        <Placemark>
          <name>1597</name>
          <styleUrl>#style_Healthy</styleUrl>
          <ExtendedData>
            <Data name="id"><value>1597</value></Data>
            <Data name="Class"><value>Healthy</value></Data>
          </ExtendedData>
          <Point><coordinates>102.489222100,2.951150132,0</coordinates></Point>
        </Placemark>

        <Placemark>
          <name>1598</name>
          <styleUrl>#style_Healthy</styleUrl>
          <ExtendedData>
            <Data name="id"><value>1598</value></Data>
            <Data name="Class"><value>Healthy</value></Data>
          </ExtendedData>
          <Point><coordinates>102.489218600,2.951226873,0</coordinates></Point>
        </Placemark>

        <Placemark>
          <name>1599</name>
          <styleUrl>#style_Healthy</styleUrl>
          <ExtendedData>
            <Data name="id"><value>1599</value></Data>
            <Data name="Class"><value>Healthy</value></Data>
          </ExtendedData>
          <Point><coordinates>102.489227900,2.951379193,0</coordinates></Point>
        </Placemark>

        <Placemark>
          <name>1600</name>
          <styleUrl>#style_Healthy</styleUrl>
          <ExtendedData>
            <Data name="id"><value>1600</value></Data>
            <Data name="Class"><value>Healthy</value></Data>
          </ExtendedData>
          <Point><coordinates>102.489227900,2.951462910,0</coordinates></Point>
        </Placemark>

        <Placemark>
          <name>1601</name>
          <styleUrl>#style_Healthy</styleUrl>
          <ExtendedData>
            <Data name="id"><value>1601</value></Data>
            <Data name="Class"><value>Healthy</value></Data>
          </ExtendedData>
          <Point><coordinates>102.489230200,2.951536163,0</coordinates></Point>
        </Placemark>

        <Placemark>
          <name>1602</name>
          <styleUrl>#style_Healthy</styleUrl>
          <ExtendedData>
            <Data name="id"><value>1602</value></Data>
            <Data name="Class"><value>Healthy</value></Data>
          </ExtendedData>
          <Point><coordinates>102.489159300,2.951497792,0</coordinates></Point>
        </Placemark>

        <Placemark>
          <name>1603</name>
          <styleUrl>#style_Healthy</styleUrl>
          <ExtendedData>
            <Data name="id"><value>1603</value></Data>
            <Data name="Class"><value>Healthy</value></Data>
          </ExtendedData>
          <Point><coordinates>102.489160500,2.951424540,0</coordinates></Point>
        </Placemark>

        <Placemark>
          <name>1604</name>
          <styleUrl>#style_Healthy</styleUrl>
          <ExtendedData>
            <Data name="id"><value>1604</value></Data>
            <Data name="Class"><value>Healthy</value></Data>
          </ExtendedData>
          <Point><coordinates>102.489160500,2.951345473,0</coordinates></Point>
        </Placemark>

        <Placemark>
          <name>1605</name>
          <styleUrl>#style_Healthy</styleUrl>
          <ExtendedData>
            <Data name="id"><value>1605</value></Data>
            <Data name="Class"><value>Healthy</value></Data>
          </ExtendedData>
          <Point><coordinates>102.489090700,2.951381518,0</coordinates></Point>
        </Placemark>

        <Placemark>
          <name>1607</name>
          <styleUrl>#style_Healthy</styleUrl>
          <ExtendedData>
            <Data name="id"><value>1607</value></Data>
            <Data name="Class"><value>Healthy</value></Data>
          </ExtendedData>
          <Point><coordinates>102.489027900,2.951497792,0</coordinates></Point>
        </Placemark>

        <Placemark>
          <name>1608</name>
          <styleUrl>#style_Healthy</styleUrl>
          <ExtendedData>
            <Data name="id"><value>1608</value></Data>
            <Data name="Class"><value>Healthy</value></Data>
          </ExtendedData>
          <Point><coordinates>102.489026700,2.951354775,0</coordinates></Point>
        </Placemark>

        <Placemark>
          <name>1609</name>
          <styleUrl>#style_Healthy</styleUrl>
          <ExtendedData>
            <Data name="id"><value>1609</value></Data>
            <Data name="Class"><value>Healthy</value></Data>
          </ExtendedData>
          <Point><coordinates>102.488894200,2.951267569,0</coordinates></Point>
        </Placemark>

        <Placemark>
          <name>1610</name>
          <styleUrl>#style_Healthy</styleUrl>
          <ExtendedData>
            <Data name="id"><value>1610</value></Data>
            <Data name="Class"><value>Healthy</value></Data>
          </ExtendedData>
          <Point><coordinates>102.488965100,2.951151295,0</coordinates></Point>
        </Placemark>

        <Placemark>
          <name>1611</name>
          <styleUrl>#style_Healthy</styleUrl>
          <ExtendedData>
            <Data name="id"><value>1611</value></Data>
            <Data name="Class"><value>Healthy</value></Data>
          </ExtendedData>
          <Point><coordinates>102.489095400,2.951231524,0</coordinates></Point>
        </Placemark>

        <Placemark>
          <name>1612</name>
          <styleUrl>#style_Healthy</styleUrl>
          <ExtendedData>
            <Data name="id"><value>1612</value></Data>
            <Data name="Class"><value>Healthy</value></Data>
          </ExtendedData>
          <Point><coordinates>102.489095400,2.951305940,0</coordinates></Point>
        </Placemark>

        <Placemark>
          <name>1613</name>
          <styleUrl>#style_Healthy</styleUrl>
          <ExtendedData>
            <Data name="id"><value>1613</value></Data>
            <Data name="Class"><value>Healthy</value></Data>
          </ExtendedData>
          <Point><coordinates>102.489560400,2.951500118,0</coordinates></Point>
        </Placemark>

        <Placemark>
          <name>1614</name>
          <styleUrl>#style_Healthy</styleUrl>
          <ExtendedData>
            <Data name="id"><value>1614</value></Data>
            <Data name="Class"><value>Healthy</value></Data>
          </ExtendedData>
          <Point><coordinates>102.489689500,2.951430353,0</coordinates></Point>
        </Placemark>

        <Placemark>
          <name>1615</name>
          <styleUrl>#style_Healthy</styleUrl>
          <ExtendedData>
            <Data name="id"><value>1615</value></Data>
            <Data name="Class"><value>Healthy</value></Data>
          </ExtendedData>
          <Point><coordinates>102.489688300,2.951350124,0</coordinates></Point>
        </Placemark>

        <Placemark>
          <name>1616</name>
          <styleUrl>#style_Healthy</styleUrl>
          <ExtendedData>
            <Data name="id"><value>1616</value></Data>
            <Data name="Class"><value>Healthy</value></Data>
          </ExtendedData>
          <Point><coordinates>102.489686000,2.951266407,0</coordinates></Point>
        </Placemark>

        <Placemark>
          <name>1617</name>
          <styleUrl>#style_Healthy</styleUrl>
          <ExtendedData>
            <Data name="id"><value>1617</value></Data>
            <Data name="Class"><value>Healthy</value></Data>
          </ExtendedData>
          <Point><coordinates>102.489686000,2.951185015,0</coordinates></Point>
        </Placemark>

        <Placemark>
          <name>1618</name>
          <styleUrl>#style_Healthy</styleUrl>
          <ExtendedData>
            <Data name="id"><value>1618</value></Data>
            <Data name="Class"><value>Healthy</value></Data>
          </ExtendedData>
          <Point><coordinates>102.489688300,2.951114087,0</coordinates></Point>
        </Placemark>

        <Placemark>
          <name>1619</name>
          <styleUrl>#style_Healthy</styleUrl>
          <ExtendedData>
            <Data name="id"><value>1619</value></Data>
            <Data name="Class"><value>Healthy</value></Data>
          </ExtendedData>
          <Point><coordinates>102.489686000,2.951029207,0</coordinates></Point>
        </Placemark>

        <Placemark>
          <name>1620</name>
          <styleUrl>#style_Healthy</styleUrl>
          <ExtendedData>
            <Data name="id"><value>1620</value></Data>
            <Data name="Class"><value>Healthy</value></Data>
          </ExtendedData>
          <Point><coordinates>102.489693000,2.950951303,0</coordinates></Point>
        </Placemark>

        <Placemark>
          <name>1621</name>
          <styleUrl>#style_Healthy</styleUrl>
          <ExtendedData>
            <Data name="id"><value>1621</value></Data>
            <Data name="Class"><value>Healthy</value></Data>
          </ExtendedData>
          <Point><coordinates>102.489630200,2.950983860,0</coordinates></Point>
        </Placemark>

        <Placemark>
          <name>1622</name>
          <styleUrl>#style_Healthy</styleUrl>
          <ExtendedData>
            <Data name="id"><value>1622</value></Data>
            <Data name="Class"><value>Healthy</value></Data>
          </ExtendedData>
          <Point><coordinates>102.489624400,2.951069903,0</coordinates></Point>
        </Placemark>

        <Placemark>
          <name>1630</name>
          <styleUrl>#style_Healthy</styleUrl>
          <ExtendedData>
            <Data name="id"><value>1630</value></Data>
            <Data name="Class"><value>Healthy</value></Data>
          </ExtendedData>
          <Point><coordinates>102.489489500,2.950917584,0</coordinates></Point>
        </Placemark>

        <Placemark>
          <name>1631</name>
          <styleUrl>#style_Healthy</styleUrl>
          <ExtendedData>
            <Data name="id"><value>1631</value></Data>
            <Data name="Class"><value>Healthy</value></Data>
          </ExtendedData>
          <Point><coordinates>102.489483700,2.950997813,0</coordinates></Point>
        </Placemark>

        <Placemark>
          <name>1632</name>
          <styleUrl>#style_Healthy</styleUrl>
          <ExtendedData>
            <Data name="id"><value>1632</value></Data>
            <Data name="Class"><value>Healthy</value></Data>
          </ExtendedData>
          <Point><coordinates>102.489541800,2.951037346,0</coordinates></Point>
        </Placemark>

        <Placemark>
          <name>1633</name>
          <styleUrl>#style_Healthy</styleUrl>
          <ExtendedData>
            <Data name="id"><value>1633</value></Data>
            <Data name="Class"><value>Healthy</value></Data>
          </ExtendedData>
          <Point><coordinates>102.489548800,2.951115250,0</coordinates></Point>
        </Placemark>

        <Placemark>
          <name>1634</name>
          <styleUrl>#style_Healthy</styleUrl>
          <ExtendedData>
            <Data name="id"><value>1634</value></Data>
            <Data name="Class"><value>Healthy</value></Data>
          </ExtendedData>
          <Point><coordinates>102.489562800,2.951190828,0</coordinates></Point>
        </Placemark>

        <Placemark>
          <name>1635</name>
          <styleUrl>#style_Healthy</styleUrl>
          <ExtendedData>
            <Data name="id"><value>1635</value></Data>
            <Data name="Class"><value>Healthy</value></Data>
          </ExtendedData>
          <Point><coordinates>102.489560400,2.951276871,0</coordinates></Point>
        </Placemark>

        <Placemark>
          <name>1636</name>
          <styleUrl>#style_Healthy</styleUrl>
          <ExtendedData>
            <Data name="id"><value>1636</value></Data>
            <Data name="Class"><value>Healthy</value></Data>
          </ExtendedData>
          <Point><coordinates>102.489565100,2.951412912,0</coordinates></Point>
        </Placemark>

        <Placemark>
          <name>1637</name>
          <styleUrl>#style_Healthy</styleUrl>
          <ExtendedData>
            <Data name="id"><value>1637</value></Data>
            <Data name="Class"><value>Healthy</value></Data>
          </ExtendedData>
          <Point><coordinates>102.489497700,2.951460585,0</coordinates></Point>
        </Placemark>

        <Placemark>
          <name>1638</name>
          <styleUrl>#style_Healthy</styleUrl>
          <ExtendedData>
            <Data name="id"><value>1638</value></Data>
            <Data name="Class"><value>Healthy</value></Data>
          </ExtendedData>
          <Point><coordinates>102.489418600,2.951502443,0</coordinates></Point>
        </Placemark>

        <Placemark>
          <name>1639</name>
          <styleUrl>#style_Healthy</styleUrl>
          <ExtendedData>
            <Data name="id"><value>1639</value></Data>
            <Data name="Class"><value>Healthy</value></Data>
          </ExtendedData>
          <Point><coordinates>102.489358100,2.951458259,0</coordinates></Point>
        </Placemark>

        <Placemark>
          <name>1640</name>
          <styleUrl>#style_Healthy</styleUrl>
          <ExtendedData>
            <Data name="id"><value>1640</value></Data>
            <Data name="Class"><value>Healthy</value></Data>
          </ExtendedData>
          <Point><coordinates>102.489297700,2.951424540,0</coordinates></Point>
        </Placemark>

        <Placemark>
          <name>1641</name>
          <styleUrl>#style_Healthy</styleUrl>
          <ExtendedData>
            <Data name="id"><value>1641</value></Data>
            <Data name="Class"><value>Healthy</value></Data>
          </ExtendedData>
          <Point><coordinates>102.489425600,2.951422214,0</coordinates></Point>
        </Placemark>

        <Placemark>
          <name>1642</name>
          <styleUrl>#style_Healthy</styleUrl>
          <ExtendedData>
            <Data name="id"><value>1642</value></Data>
            <Data name="Class"><value>Healthy</value></Data>
          </ExtendedData>
          <Point><coordinates>102.489496500,2.951378030,0</coordinates></Point>
        </Placemark>

        <Placemark>
          <name>1643</name>
          <styleUrl>#style_Healthy</styleUrl>
          <ExtendedData>
            <Data name="id"><value>1643</value></Data>
            <Data name="Class"><value>Healthy</value></Data>
          </ExtendedData>
          <Point><coordinates>102.489434900,2.951351287,0</coordinates></Point>
        </Placemark>

        <Placemark>
          <name>1644</name>
          <styleUrl>#style_Healthy</styleUrl>
          <ExtendedData>
            <Data name="id"><value>1644</value></Data>
            <Data name="Class"><value>Healthy</value></Data>
          </ExtendedData>
          <Point><coordinates>102.489495300,2.951307103,0</coordinates></Point>
        </Placemark>

        <Placemark>
          <name>1646</name>
          <styleUrl>#style_Healthy</styleUrl>
          <ExtendedData>
            <Data name="id"><value>1646</value></Data>
            <Data name="Class"><value>Healthy</value></Data>
          </ExtendedData>
          <Point><coordinates>102.489294200,2.951269895,0</coordinates></Point>
        </Placemark>

        <Placemark>
          <name>1647</name>
          <styleUrl>#style_Healthy</styleUrl>
          <ExtendedData>
            <Data name="id"><value>1647</value></Data>
            <Data name="Class"><value>Healthy</value></Data>
          </ExtendedData>
          <Point><coordinates>102.489296500,2.951191991,0</coordinates></Point>
        </Placemark>

        <Placemark>
          <name>1648</name>
          <styleUrl>#style_Healthy</styleUrl>
          <ExtendedData>
            <Data name="id"><value>1648</value></Data>
            <Data name="Class"><value>Healthy</value></Data>
          </ExtendedData>
          <Point><coordinates>102.489361600,2.951230362,0</coordinates></Point>
        </Placemark>

        <Placemark>
          <name>1649</name>
          <styleUrl>#style_Healthy</styleUrl>
          <ExtendedData>
            <Data name="id"><value>1649</value></Data>
            <Data name="Class"><value>Healthy</value></Data>
          </ExtendedData>
          <Point><coordinates>102.489424400,2.951266407,0</coordinates></Point>
        </Placemark>

        <Placemark>
          <name>1650</name>
          <styleUrl>#style_Healthy</styleUrl>
          <ExtendedData>
            <Data name="id"><value>1650</value></Data>
            <Data name="Class"><value>Healthy</value></Data>
          </ExtendedData>
          <Point><coordinates>102.489493000,2.951228036,0</coordinates></Point>
        </Placemark>

        <Placemark>
          <name>1652</name>
          <styleUrl>#style_Healthy</styleUrl>
          <ExtendedData>
            <Data name="id"><value>1652</value></Data>
            <Data name="Class"><value>Healthy</value></Data>
          </ExtendedData>
          <Point><coordinates>102.489491800,2.951148970,0</coordinates></Point>
        </Placemark>

        <Placemark>
          <name>1653</name>
          <styleUrl>#style_Healthy</styleUrl>
          <ExtendedData>
            <Data name="id"><value>1653</value></Data>
            <Data name="Class"><value>Healthy</value></Data>
          </ExtendedData>
          <Point><coordinates>102.489489500,2.951072229,0</coordinates></Point>
        </Placemark>

        <Placemark>
          <name>1654</name>
          <styleUrl>#style_Healthy</styleUrl>
          <ExtendedData>
            <Data name="id"><value>1654</value></Data>
            <Data name="Class"><value>Healthy</value></Data>
          </ExtendedData>
          <Point><coordinates>102.489424400,2.951115250,0</coordinates></Point>
        </Placemark>

        <Placemark>
          <name>1655</name>
          <styleUrl>#style_Healthy</styleUrl>
          <ExtendedData>
            <Data name="id"><value>1655</value></Data>
            <Data name="Class"><value>Healthy</value></Data>
          </ExtendedData>
          <Point><coordinates>102.489360500,2.951152458,0</coordinates></Point>
        </Placemark>

        <Placemark>
          <name>1656</name>
          <styleUrl>#style_Healthy</styleUrl>
          <ExtendedData>
            <Data name="id"><value>1656</value></Data>
            <Data name="Class"><value>Healthy</value></Data>
          </ExtendedData>
          <Point><coordinates>102.489297700,2.951117576,0</coordinates></Point>
        </Placemark>

        <Placemark>
          <name>1657</name>
          <styleUrl>#style_Healthy</styleUrl>
          <ExtendedData>
            <Data name="id"><value>1657</value></Data>
            <Data name="Class"><value>Healthy</value></Data>
          </ExtendedData>
          <Point><coordinates>102.489290700,2.951029207,0</coordinates></Point>
        </Placemark>

        <Placemark>
          <name>1658</name>
          <styleUrl>#style_Healthy</styleUrl>
          <ExtendedData>
            <Data name="id"><value>1658</value></Data>
            <Data name="Class"><value>Healthy</value></Data>
          </ExtendedData>
          <Point><coordinates>102.489220900,2.950995488,0</coordinates></Point>
        </Placemark>

        <Placemark>
          <name>1661</name>
          <styleUrl>#style_Healthy</styleUrl>
          <ExtendedData>
            <Data name="id"><value>1661</value></Data>
            <Data name="Class"><value>Healthy</value></Data>
          </ExtendedData>
          <Point><coordinates>102.489026700,2.951033858,0</coordinates></Point>
        </Placemark>

        <Placemark>
          <name>1663</name>
          <styleUrl>#style_Healthy</styleUrl>
          <ExtendedData>
            <Data name="id"><value>1663</value></Data>
            <Data name="Class"><value>Healthy</value></Data>
          </ExtendedData>
          <Point><coordinates>102.488889500,2.951036184,0</coordinates></Point>
        </Placemark>

        <Placemark>
          <name>1664</name>
          <styleUrl>#style_Healthy</styleUrl>
          <ExtendedData>
            <Data name="id"><value>1664</value></Data>
            <Data name="Class"><value>Healthy</value></Data>
          </ExtendedData>
          <Point><coordinates>102.488824400,2.951004790,0</coordinates></Point>
        </Placemark>

        <Placemark>
          <name>1665</name>
          <styleUrl>#style_Healthy</styleUrl>
          <ExtendedData>
            <Data name="id"><value>1665</value></Data>
            <Data name="Class"><value>Healthy</value></Data>
          </ExtendedData>
          <Point><coordinates>102.488755800,2.950962931,0</coordinates></Point>
        </Placemark>

        <Placemark>
          <name>1667</name>
          <styleUrl>#style_Healthy</styleUrl>
          <ExtendedData>
            <Data name="id"><value>1667</value></Data>
            <Data name="Class"><value>Healthy</value></Data>
          </ExtendedData>
          <Point><coordinates>102.488629100,2.950965256,0</coordinates></Point>
        </Placemark>

        <Placemark>
          <name>1672</name>
          <styleUrl>#style_Healthy</styleUrl>
          <ExtendedData>
            <Data name="id"><value>1672</value></Data>
            <Data name="Class"><value>Healthy</value></Data>
          </ExtendedData>
          <Point><coordinates>102.489418600,2.951037346,0</coordinates></Point>
        </Placemark>

        <Placemark>
          <name>1673</name>
          <styleUrl>#style_Healthy</styleUrl>
          <ExtendedData>
            <Data name="id"><value>1673</value></Data>
            <Data name="Class"><value>Healthy</value></Data>
          </ExtendedData>
          <Point><coordinates>102.489418600,2.950961768,0</coordinates></Point>
        </Placemark>

        <Placemark>
          <name>1675</name>
          <styleUrl>#style_Healthy</styleUrl>
          <ExtendedData>
            <Data name="id"><value>1675</value></Data>
            <Data name="Class"><value>Healthy</value></Data>
          </ExtendedData>
          <Point><coordinates>102.489420900,2.950804798,0</coordinates></Point>
        </Placemark>

        <Placemark>
          <name>1676</name>
          <styleUrl>#style_Healthy</styleUrl>
          <ExtendedData>
            <Data name="id"><value>1676</value></Data>
            <Data name="Class"><value>Healthy</value></Data>
          </ExtendedData>
          <Point><coordinates>102.489355800,2.950997813,0</coordinates></Point>
        </Placemark>

        <Placemark>
          <name>1677</name>
          <styleUrl>#style_Healthy</styleUrl>
          <ExtendedData>
            <Data name="id"><value>1677</value></Data>
            <Data name="Class"><value>Healthy</value></Data>
          </ExtendedData>
          <Point><coordinates>102.489287200,2.950953629,0</coordinates></Point>
        </Placemark>

        <Placemark>
          <name>1679</name>
          <styleUrl>#style_Healthy</styleUrl>
          <ExtendedData>
            <Data name="id"><value>1679</value></Data>
            <Data name="Class"><value>Healthy</value></Data>
          </ExtendedData>
          <Point><coordinates>102.489355800,2.950839680,0</coordinates></Point>
        </Placemark>

        <Placemark>
          <name>1680</name>
          <styleUrl>#style_Healthy</styleUrl>
          <ExtendedData>
            <Data name="id"><value>1680</value></Data>
            <Data name="Class"><value>Healthy</value></Data>
          </ExtendedData>
          <Point><coordinates>102.489291900,2.950886190,0</coordinates></Point>
        </Placemark>

        <Placemark>
          <name>1681</name>
          <styleUrl>#style_Healthy</styleUrl>
          <ExtendedData>
            <Data name="id"><value>1681</value></Data>
            <Data name="Class"><value>Healthy</value></Data>
          </ExtendedData>
          <Point><coordinates>102.489224400,2.950919909,0</coordinates></Point>
        </Placemark>

        <Placemark>
          <name>1682</name>
          <styleUrl>#style_Healthy</styleUrl>
          <ExtendedData>
            <Data name="id"><value>1682</value></Data>
            <Data name="Class"><value>Healthy</value></Data>
          </ExtendedData>
          <Point><coordinates>102.489222100,2.950844331,0</coordinates></Point>
        </Placemark>

        <Placemark>
          <name>1683</name>
          <styleUrl>#style_Healthy</styleUrl>
          <ExtendedData>
            <Data name="id"><value>1683</value></Data>
            <Data name="Class"><value>Healthy</value></Data>
          </ExtendedData>
          <Point><coordinates>102.489226700,2.950767590,0</coordinates></Point>
        </Placemark>

        <Placemark>
          <name>1684</name>
          <styleUrl>#style_Healthy</styleUrl>
          <ExtendedData>
            <Data name="id"><value>1684</value></Data>
            <Data name="Class"><value>Healthy</value></Data>
          </ExtendedData>
          <Point><coordinates>102.489289500,2.950807123,0</coordinates></Point>
        </Placemark>

        <Placemark>
          <name>1685</name>
          <styleUrl>#style_Healthy</styleUrl>
          <ExtendedData>
            <Data name="id"><value>1685</value></Data>
            <Data name="Class"><value>Healthy</value></Data>
          </ExtendedData>
          <Point><coordinates>102.489159300,2.950880376,0</coordinates></Point>
        </Placemark>

        <Placemark>
          <name>1686</name>
          <styleUrl>#style_Healthy</styleUrl>
          <ExtendedData>
            <Data name="id"><value>1686</value></Data>
            <Data name="Class"><value>Healthy</value></Data>
          </ExtendedData>
          <Point><coordinates>102.489159300,2.950808286,0</coordinates></Point>
        </Placemark>

        <Placemark>
          <name>1687</name>
          <styleUrl>#style_Healthy</styleUrl>
          <ExtendedData>
            <Data name="id"><value>1687</value></Data>
            <Data name="Class"><value>Healthy</value></Data>
          </ExtendedData>
          <Point><coordinates>102.489089500,2.950768753,0</coordinates></Point>
        </Placemark>

        <Placemark>
          <name>1688</name>
          <styleUrl>#style_Healthy</styleUrl>
          <ExtendedData>
            <Data name="id"><value>1688</value></Data>
            <Data name="Class"><value>Healthy</value></Data>
          </ExtendedData>
          <Point><coordinates>102.489094200,2.950844331,0</coordinates></Point>
        </Placemark>

        <Placemark>
          <name>1689</name>
          <styleUrl>#style_Healthy</styleUrl>
          <ExtendedData>
            <Data name="id"><value>1689</value></Data>
            <Data name="Class"><value>Healthy</value></Data>
          </ExtendedData>
          <Point><coordinates>102.489090700,2.950925723,0</coordinates></Point>
        </Placemark>

        <Placemark>
          <name>1691</name>
          <styleUrl>#style_Healthy</styleUrl>
          <ExtendedData>
            <Data name="id"><value>1691</value></Data>
            <Data name="Class"><value>Healthy</value></Data>
          </ExtendedData>
          <Point><coordinates>102.488954700,2.950921072,0</coordinates></Point>
        </Placemark>

        <Placemark>
          <name>1696</name>
          <styleUrl>#style_Healthy</styleUrl>
          <ExtendedData>
            <Data name="id"><value>1696</value></Data>
            <Data name="Class"><value>Healthy</value></Data>
          </ExtendedData>
          <Point><coordinates>102.488891900,2.950955954,0</coordinates></Point>
        </Placemark>

        <Placemark>
          <name>1697</name>
          <styleUrl>#style_Healthy</styleUrl>
          <ExtendedData>
            <Data name="id"><value>1697</value></Data>
            <Data name="Class"><value>Healthy</value></Data>
          </ExtendedData>
          <Point><coordinates>102.488891900,2.950882702,0</coordinates></Point>
        </Placemark>

        <Placemark>
          <name>1698</name>
          <styleUrl>#style_Healthy</styleUrl>
          <ExtendedData>
            <Data name="id"><value>1698</value></Data>
            <Data name="Class"><value>Healthy</value></Data>
          </ExtendedData>
          <Point><coordinates>102.488820900,2.950924560,0</coordinates></Point>
        </Placemark>

        <Placemark>
          <name>1701</name>
          <styleUrl>#style_Healthy</styleUrl>
          <ExtendedData>
            <Data name="id"><value>1701</value></Data>
            <Data name="Class"><value>Healthy</value></Data>
          </ExtendedData>
          <Point><coordinates>102.488820900,2.950765265,0</coordinates></Point>
        </Placemark>

        <Placemark>
          <name>1703</name>
          <styleUrl>#style_Healthy</styleUrl>
          <ExtendedData>
            <Data name="id"><value>1703</value></Data>
            <Data name="Class"><value>Healthy</value></Data>
          </ExtendedData>
          <Point><coordinates>102.489293000,2.951347799,0</coordinates></Point>
        </Placemark>

        <Placemark>
          <name>1704</name>
          <styleUrl>#style_Healthy</styleUrl>
          <ExtendedData>
            <Data name="id"><value>1704</value></Data>
            <Data name="Class"><value>Healthy</value></Data>
          </ExtendedData>
          <Point><coordinates>102.489688300,2.950711779,0</coordinates></Point>
        </Placemark>

        <Placemark>
          <name>1705</name>
          <styleUrl>#style_Healthy</styleUrl>
          <ExtendedData>
            <Data name="id"><value>1705</value></Data>
            <Data name="Class"><value>Healthy</value></Data>
          </ExtendedData>
          <Point><coordinates>102.489683700,2.950633875,0</coordinates></Point>
        </Placemark>

        <Placemark>
          <name>1706</name>
          <styleUrl>#style_Healthy</styleUrl>
          <ExtendedData>
            <Data name="id"><value>1706</value></Data>
            <Data name="Class"><value>Healthy</value></Data>
          </ExtendedData>
          <Point><coordinates>102.489687200,2.950550157,0</coordinates></Point>
        </Placemark>

        <Placemark>
          <name>1707</name>
          <styleUrl>#style_Healthy</styleUrl>
          <ExtendedData>
            <Data name="id"><value>1707</value></Data>
            <Data name="Class"><value>Healthy</value></Data>
          </ExtendedData>
          <Point><coordinates>102.489684900,2.950473416,0</coordinates></Point>
        </Placemark>

        <Placemark>
          <name>1708</name>
          <styleUrl>#style_Healthy</styleUrl>
          <ExtendedData>
            <Data name="id"><value>1708</value></Data>
            <Data name="Class"><value>Healthy</value></Data>
          </ExtendedData>
          <Point><coordinates>102.489688300,2.950386211,0</coordinates></Point>
        </Placemark>

        <Placemark>
          <name>1709</name>
          <styleUrl>#style_Healthy</styleUrl>
          <ExtendedData>
            <Data name="id"><value>1709</value></Data>
            <Data name="Class"><value>Healthy</value></Data>
          </ExtendedData>
          <Point><coordinates>102.489607000,2.950351328,0</coordinates></Point>
        </Placemark>

        <Placemark>
          <name>1710</name>
          <styleUrl>#style_Healthy</styleUrl>
          <ExtendedData>
            <Data name="id"><value>1710</value></Data>
            <Data name="Class"><value>Healthy</value></Data>
          </ExtendedData>
          <Point><coordinates>102.489619700,2.950429232,0</coordinates></Point>
        </Placemark>

        <Placemark>
          <name>1711</name>
          <styleUrl>#style_Healthy</styleUrl>
          <ExtendedData>
            <Data name="id"><value>1711</value></Data>
            <Data name="Class"><value>Healthy</value></Data>
          </ExtendedData>
          <Point><coordinates>102.489550000,2.950388536,0</coordinates></Point>
        </Placemark>

        <Placemark>
          <name>1712</name>
          <styleUrl>#style_Healthy</styleUrl>
          <ExtendedData>
            <Data name="id"><value>1712</value></Data>
            <Data name="Class"><value>Healthy</value></Data>
          </ExtendedData>
          <Point><coordinates>102.489550000,2.950475742,0</coordinates></Point>
        </Placemark>

        <Placemark>
          <name>1713</name>
          <styleUrl>#style_Healthy</styleUrl>
          <ExtendedData>
            <Data name="id"><value>1713</value></Data>
            <Data name="Class"><value>Healthy</value></Data>
          </ExtendedData>
          <Point><coordinates>102.489548800,2.950555971,0</coordinates></Point>
        </Placemark>

        <Placemark>
          <name>1715</name>
          <styleUrl>#style_Healthy</styleUrl>
          <ExtendedData>
            <Data name="id"><value>1715</value></Data>
            <Data name="Class"><value>Healthy</value></Data>
          </ExtendedData>
          <Point><coordinates>102.489619700,2.950507136,0</coordinates></Point>
        </Placemark>

        <Placemark>
          <name>1716</name>
          <styleUrl>#style_Healthy</styleUrl>
          <ExtendedData>
            <Data name="id"><value>1716</value></Data>
            <Data name="Class"><value>Healthy</value></Data>
          </ExtendedData>
          <Point><coordinates>102.489619700,2.950578063,0</coordinates></Point>
        </Placemark>

        <Placemark>
          <name>1717</name>
          <styleUrl>#style_Healthy</styleUrl>
          <ExtendedData>
            <Data name="id"><value>1717</value></Data>
            <Data name="Class"><value>Healthy</value></Data>
          </ExtendedData>
          <Point><coordinates>102.489618600,2.950664106,0</coordinates></Point>
        </Placemark>

        <Placemark>
          <name>1719</name>
          <styleUrl>#style_Healthy</styleUrl>
          <ExtendedData>
            <Data name="id"><value>1719</value></Data>
            <Data name="Class"><value>Healthy</value></Data>
          </ExtendedData>
          <Point><coordinates>102.489475600,2.950612945,0</coordinates></Point>
        </Placemark>

        <Placemark>
          <name>1721</name>
          <styleUrl>#style_Healthy</styleUrl>
          <ExtendedData>
            <Data name="id"><value>1721</value></Data>
            <Data name="Class"><value>Healthy</value></Data>
          </ExtendedData>
          <Point><coordinates>102.489420900,2.950725731,0</coordinates></Point>
        </Placemark>

        <Placemark>
          <name>1722</name>
          <styleUrl>#style_Healthy</styleUrl>
          <ExtendedData>
            <Data name="id"><value>1722</value></Data>
            <Data name="Class"><value>Healthy</value></Data>
          </ExtendedData>
          <Point><coordinates>102.489351200,2.950766427,0</coordinates></Point>
        </Placemark>

        <Placemark>
          <name>1724</name>
          <styleUrl>#style_Healthy</styleUrl>
          <ExtendedData>
            <Data name="id"><value>1724</value></Data>
            <Data name="Class"><value>Healthy</value></Data>
          </ExtendedData>
          <Point><coordinates>102.489351200,2.950689686,0</coordinates></Point>
        </Placemark>

        <Placemark>
          <name>1727</name>
          <styleUrl>#style_Healthy</styleUrl>
          <ExtendedData>
            <Data name="id"><value>1727</value></Data>
            <Data name="Class"><value>Healthy</value></Data>
          </ExtendedData>
          <Point><coordinates>102.489419800,2.950496671,0</coordinates></Point>
        </Placemark>

        <Placemark>
          <name>1728</name>
          <styleUrl>#style_Healthy</styleUrl>
          <ExtendedData>
            <Data name="id"><value>1728</value></Data>
            <Data name="Class"><value>Healthy</value></Data>
          </ExtendedData>
          <Point><coordinates>102.489418600,2.950411791,0</coordinates></Point>
        </Placemark>

        <Placemark>
          <name>1731</name>
          <styleUrl>#style_Healthy</styleUrl>
          <ExtendedData>
            <Data name="id"><value>1731</value></Data>
            <Data name="Class"><value>Healthy</value></Data>
          </ExtendedData>
          <Point><coordinates>102.489215100,2.950381560,0</coordinates></Point>
        </Placemark>

        <Placemark>
          <name>1732</name>
          <styleUrl>#style_Healthy</styleUrl>
          <ExtendedData>
            <Data name="id"><value>1732</value></Data>
            <Data name="Class"><value>Healthy</value></Data>
          </ExtendedData>
          <Point><coordinates>102.489346500,2.950382722,0</coordinates></Point>
        </Placemark>

        <Placemark>
          <name>1733</name>
          <styleUrl>#style_Healthy</styleUrl>
          <ExtendedData>
            <Data name="id"><value>1733</value></Data>
            <Data name="Class"><value>Healthy</value></Data>
          </ExtendedData>
          <Point><coordinates>102.489352300,2.950459463,0</coordinates></Point>
        </Placemark>

        <Placemark>
          <name>1734</name>
          <styleUrl>#style_Healthy</styleUrl>
          <ExtendedData>
            <Data name="id"><value>1734</value></Data>
            <Data name="Class"><value>Healthy</value></Data>
          </ExtendedData>
          <Point><coordinates>102.489347700,2.950535042,0</coordinates></Point>
        </Placemark>

        <Placemark>
          <name>1736</name>
          <styleUrl>#style_Healthy</styleUrl>
          <ExtendedData>
            <Data name="id"><value>1736</value></Data>
            <Data name="Class"><value>Healthy</value></Data>
          </ExtendedData>
          <Point><coordinates>102.489287200,2.950652479,0</coordinates></Point>
        </Placemark>

        <Placemark>
          <name>1738</name>
          <styleUrl>#style_Healthy</styleUrl>
          <ExtendedData>
            <Data name="id"><value>1738</value></Data>
            <Data name="Class"><value>Healthy</value></Data>
          </ExtendedData>
          <Point><coordinates>102.489154700,2.950729220,0</coordinates></Point>
        </Placemark>

        <Placemark>
          <name>1742</name>
          <styleUrl>#style_Healthy</styleUrl>
          <ExtendedData>
            <Data name="id"><value>1742</value></Data>
            <Data name="Class"><value>Healthy</value></Data>
          </ExtendedData>
          <Point><coordinates>102.488889500,2.950733871,0</coordinates></Point>
        </Placemark>

        <Placemark>
          <name>1743</name>
          <styleUrl>#style_Healthy</styleUrl>
          <ExtendedData>
            <Data name="id"><value>1743</value></Data>
            <Data name="Class"><value>Healthy</value></Data>
          </ExtendedData>
          <Point><coordinates>102.488820900,2.950692012,0</coordinates></Point>
        </Placemark>

        <Placemark>
          <name>1746</name>
          <styleUrl>#style_Healthy</styleUrl>
          <ExtendedData>
            <Data name="id"><value>1746</value></Data>
            <Data name="Class"><value>Healthy</value></Data>
          </ExtendedData>
          <Point><coordinates>102.488683700,2.950608294,0</coordinates></Point>
        </Placemark>

        <Placemark>
          <name>1749</name>
          <styleUrl>#style_Healthy</styleUrl>
          <ExtendedData>
            <Data name="id"><value>1749</value></Data>
            <Data name="Class"><value>Healthy</value></Data>
          </ExtendedData>
          <Point><coordinates>102.488753500,2.950496671,0</coordinates></Point>
        </Placemark>

        <Placemark>
          <name>1750</name>
          <styleUrl>#style_Healthy</styleUrl>
          <ExtendedData>
            <Data name="id"><value>1750</value></Data>
            <Data name="Class"><value>Healthy</value></Data>
          </ExtendedData>
          <Point><coordinates>102.488817500,2.950621085,0</coordinates></Point>
        </Placemark>

        <Placemark>
          <name>1751</name>
          <styleUrl>#style_Healthy</styleUrl>
          <ExtendedData>
            <Data name="id"><value>1751</value></Data>
            <Data name="Class"><value>Healthy</value></Data>
          </ExtendedData>
          <Point><coordinates>102.488818600,2.950540855,0</coordinates></Point>
        </Placemark>

        <Placemark>
          <name>1753</name>
          <styleUrl>#style_Healthy</styleUrl>
          <ExtendedData>
            <Data name="id"><value>1753</value></Data>
            <Data name="Class"><value>Healthy</value></Data>
          </ExtendedData>
          <Point><coordinates>102.489153500,2.950653641,0</coordinates></Point>
        </Placemark>

        <Placemark>
          <name>1756</name>
          <styleUrl>#style_Healthy</styleUrl>
          <ExtendedData>
            <Data name="id"><value>1756</value></Data>
            <Data name="Class"><value>Healthy</value></Data>
          </ExtendedData>
          <Point><coordinates>102.489016300,2.950569924,0</coordinates></Point>
        </Placemark>

        <Placemark>
          <name>1757</name>
          <styleUrl>#style_Healthy</styleUrl>
          <ExtendedData>
            <Data name="id"><value>1757</value></Data>
            <Data name="Class"><value>Healthy</value></Data>
          </ExtendedData>
          <Point><coordinates>102.489093000,2.950604806,0</coordinates></Point>
        </Placemark>

        <Placemark>
          <name>1758</name>
          <styleUrl>#style_Healthy</styleUrl>
          <ExtendedData>
            <Data name="id"><value>1758</value></Data>
            <Data name="Class"><value>Healthy</value></Data>
          </ExtendedData>
          <Point><coordinates>102.489152300,2.950576900,0</coordinates></Point>
        </Placemark>

        <Placemark>
          <name>1760</name>
          <styleUrl>#style_Healthy</styleUrl>
          <ExtendedData>
            <Data name="id"><value>1760</value></Data>
            <Data name="Class"><value>Healthy</value></Data>
          </ExtendedData>
          <Point><coordinates>102.489282600,2.950569924,0</coordinates></Point>
        </Placemark>

        <Placemark>
          <name>1761</name>
          <styleUrl>#style_Healthy</styleUrl>
          <ExtendedData>
            <Data name="id"><value>1761</value></Data>
            <Data name="Class"><value>Healthy</value></Data>
          </ExtendedData>
          <Point><coordinates>102.489288400,2.950493183,0</coordinates></Point>
        </Placemark>

        <Placemark>
          <name>1762</name>
          <styleUrl>#style_Healthy</styleUrl>
          <ExtendedData>
            <Data name="id"><value>1762</value></Data>
            <Data name="Class"><value>Healthy</value></Data>
          </ExtendedData>
          <Point><coordinates>102.489279100,2.950422256,0</coordinates></Point>
        </Placemark>

        <Placemark>
          <name>1763</name>
          <styleUrl>#style_Healthy</styleUrl>
          <ExtendedData>
            <Data name="id"><value>1763</value></Data>
            <Data name="Class"><value>Healthy</value></Data>
          </ExtendedData>
          <Point><coordinates>102.489217400,2.950460626,0</coordinates></Point>
        </Placemark>

        <Placemark>
          <name>1764</name>
          <styleUrl>#style_Healthy</styleUrl>
          <ExtendedData>
            <Data name="id"><value>1764</value></Data>
            <Data name="Class"><value>Healthy</value></Data>
          </ExtendedData>
          <Point><coordinates>102.489222100,2.950542018,0</coordinates></Point>
        </Placemark>

        <Placemark>
          <name>1765</name>
          <styleUrl>#style_Healthy</styleUrl>
          <ExtendedData>
            <Data name="id"><value>1765</value></Data>
            <Data name="Class"><value>Healthy</value></Data>
          </ExtendedData>
          <Point><coordinates>102.489151200,2.950495508,0</coordinates></Point>
        </Placemark>

        <Placemark>
          <name>1766</name>
          <styleUrl>#style_Healthy</styleUrl>
          <ExtendedData>
            <Data name="id"><value>1766</value></Data>
            <Data name="Class"><value>Healthy</value></Data>
          </ExtendedData>
          <Point><coordinates>102.489148800,2.950428069,0</coordinates></Point>
        </Placemark>

        <Placemark>
          <name>1767</name>
          <styleUrl>#style_Healthy</styleUrl>
          <ExtendedData>
            <Data name="id"><value>1767</value></Data>
            <Data name="Class"><value>Healthy</value></Data>
          </ExtendedData>
          <Point><coordinates>102.489150000,2.950352491,0</coordinates></Point>
        </Placemark>

        <Placemark>
          <name>1768</name>
          <styleUrl>#style_Healthy</styleUrl>
          <ExtendedData>
            <Data name="id"><value>1768</value></Data>
            <Data name="Class"><value>Healthy</value></Data>
          </ExtendedData>
          <Point><coordinates>102.489083700,2.950373421,0</coordinates></Point>
        </Placemark>

        <Placemark>
          <name>1770</name>
          <styleUrl>#style_Healthy</styleUrl>
          <ExtendedData>
            <Data name="id"><value>1770</value></Data>
            <Data name="Class"><value>Healthy</value></Data>
          </ExtendedData>
          <Point><coordinates>102.489018600,2.950424581,0</coordinates></Point>
        </Placemark>

        <Placemark>
          <name>1771</name>
          <styleUrl>#style_Healthy</styleUrl>
          <ExtendedData>
            <Data name="id"><value>1771</value></Data>
            <Data name="Class"><value>Healthy</value></Data>
          </ExtendedData>
          <Point><coordinates>102.489088400,2.950464114,0</coordinates></Point>
        </Placemark>

        <Placemark>
          <name>1772</name>
          <styleUrl>#style_Healthy</styleUrl>
          <ExtendedData>
            <Data name="id"><value>1772</value></Data>
            <Data name="Class"><value>Healthy</value></Data>
          </ExtendedData>
          <Point><coordinates>102.489083700,2.950538530,0</coordinates></Point>
        </Placemark>

        <Placemark>
          <name>1773</name>
          <styleUrl>#style_Healthy</styleUrl>
          <ExtendedData>
            <Data name="id"><value>1773</value></Data>
            <Data name="Class"><value>Healthy</value></Data>
          </ExtendedData>
          <Point><coordinates>102.489017400,2.950502485,0</coordinates></Point>
        </Placemark>

        <Placemark>
          <name>1774</name>
          <styleUrl>#style_Healthy</styleUrl>
          <ExtendedData>
            <Data name="id"><value>1774</value></Data>
            <Data name="Class"><value>Healthy</value></Data>
          </ExtendedData>
          <Point><coordinates>102.488948800,2.950538530,0</coordinates></Point>
        </Placemark>

        <Placemark>
          <name>1775</name>
          <styleUrl>#style_Healthy</styleUrl>
          <ExtendedData>
            <Data name="id"><value>1775</value></Data>
            <Data name="Class"><value>Healthy</value></Data>
          </ExtendedData>
          <Point><coordinates>102.488884900,2.950573412,0</coordinates></Point>
        </Placemark>

        <Placemark>
          <name>1776</name>
          <styleUrl>#style_Healthy</styleUrl>
          <ExtendedData>
            <Data name="id"><value>1776</value></Data>
            <Data name="Class"><value>Healthy</value></Data>
          </ExtendedData>
          <Point><coordinates>102.488818600,2.950461789,0</coordinates></Point>
        </Placemark>

        <Placemark>
          <name>1777</name>
          <styleUrl>#style_Healthy</styleUrl>
          <ExtendedData>
            <Data name="id"><value>1777</value></Data>
            <Data name="Class"><value>Healthy</value></Data>
          </ExtendedData>
          <Point><coordinates>102.488753500,2.950422256,0</coordinates></Point>
        </Placemark>

        <Placemark>
          <name>1779</name>
          <styleUrl>#style_Healthy</styleUrl>
          <ExtendedData>
            <Data name="id"><value>1779</value></Data>
            <Data name="Class"><value>Healthy</value></Data>
          </ExtendedData>
          <Point><coordinates>102.488889500,2.950346677,0</coordinates></Point>
        </Placemark>

        <Placemark>
          <name>1780</name>
          <styleUrl>#style_Healthy</styleUrl>
          <ExtendedData>
            <Data name="id"><value>1780</value></Data>
            <Data name="Class"><value>Healthy</value></Data>
          </ExtendedData>
          <Point><coordinates>102.488815100,2.950386211,0</coordinates></Point>
        </Placemark>

        <Placemark>
          <name>1781</name>
          <styleUrl>#style_Healthy</styleUrl>
          <ExtendedData>
            <Data name="id"><value>1781</value></Data>
            <Data name="Class"><value>Healthy</value></Data>
          </ExtendedData>
          <Point><coordinates>102.488951200,2.950385048,0</coordinates></Point>
        </Placemark>

        <Placemark>
          <name>1782</name>
          <styleUrl>#style_Healthy</styleUrl>
          <ExtendedData>
            <Data name="id"><value>1782</value></Data>
            <Data name="Class"><value>Healthy</value></Data>
          </ExtendedData>
          <Point><coordinates>102.488947700,2.950465277,0</coordinates></Point>
        </Placemark>

        <Placemark>
          <name>1783</name>
          <styleUrl>#style_Healthy</styleUrl>
          <ExtendedData>
            <Data name="id"><value>1783</value></Data>
            <Data name="Class"><value>Healthy</value></Data>
          </ExtendedData>
          <Point><coordinates>102.488886100,2.950498997,0</coordinates></Point>
        </Placemark>

        <Placemark>
          <name>1784</name>
          <styleUrl>#style_Healthy</styleUrl>
          <ExtendedData>
            <Data name="id"><value>1784</value></Data>
            <Data name="Class"><value>Healthy</value></Data>
          </ExtendedData>
          <Point><coordinates>102.488887200,2.950424581,0</coordinates></Point>
        </Placemark>

        <Placemark>
          <name>1785</name>
          <styleUrl>#style_Healthy</styleUrl>
          <ExtendedData>
            <Data name="id"><value>1785</value></Data>
            <Data name="Class"><value>Healthy</value></Data>
          </ExtendedData>
          <Point><coordinates>102.488684900,2.950539693,0</coordinates></Point>
        </Placemark>

        <Placemark>
          <name>1786</name>
          <styleUrl>#style_Healthy</styleUrl>
          <ExtendedData>
            <Data name="id"><value>1786</value></Data>
            <Data name="Class"><value>Healthy</value></Data>
          </ExtendedData>
          <Point><coordinates>102.488683700,2.950467603,0</coordinates></Point>
        </Placemark>

        <Placemark>
          <name>1787</name>
          <styleUrl>#style_Healthy</styleUrl>
          <ExtendedData>
            <Data name="id"><value>1787</value></Data>
            <Data name="Class"><value>Healthy</value></Data>
          </ExtendedData>
          <Point><coordinates>102.488684900,2.950383885,0</coordinates></Point>
        </Placemark>

        <Placemark>
          <name>1788</name>
          <styleUrl>#style_Healthy</styleUrl>
          <ExtendedData>
            <Data name="id"><value>1788</value></Data>
            <Data name="Class"><value>Healthy</value></Data>
          </ExtendedData>
          <Point><coordinates>102.486896600,2.951125715,0</coordinates></Point>
        </Placemark>

        <Placemark>
          <name>1789</name>
          <styleUrl>#style_Healthy</styleUrl>
          <ExtendedData>
            <Data name="id"><value>1789</value></Data>
            <Data name="Class"><value>Healthy</value></Data>
          </ExtendedData>
          <Point><coordinates>102.486905900,2.951055950,0</coordinates></Point>
        </Placemark>

        <Placemark>
          <name>1793</name>
          <styleUrl>#style_Healthy</styleUrl>
          <ExtendedData>
            <Data name="id"><value>1793</value></Data>
            <Data name="Class"><value>Healthy</value></Data>
          </ExtendedData>
          <Point><coordinates>102.486907100,2.950723406,0</coordinates></Point>
        </Placemark>

        <Placemark>
          <name>1796</name>
          <styleUrl>#style_Healthy</styleUrl>
          <ExtendedData>
            <Data name="id"><value>1796</value></Data>
            <Data name="Class"><value>Healthy</value></Data>
          </ExtendedData>
          <Point><coordinates>102.486904700,2.950658292,0</coordinates></Point>
        </Placemark>

        <Placemark>
          <name>1797</name>
          <styleUrl>#style_Healthy</styleUrl>
          <ExtendedData>
            <Data name="id"><value>1797</value></Data>
            <Data name="Class"><value>Healthy</value></Data>
          </ExtendedData>
          <Point><coordinates>102.486911100,2.950585040,0</coordinates></Point>
        </Placemark>

        <Placemark>
          <name>1798</name>
          <styleUrl>#style_Healthy</styleUrl>
          <ExtendedData>
            <Data name="id"><value>1798</value></Data>
            <Data name="Class"><value>Healthy</value></Data>
          </ExtendedData>
          <Point><coordinates>102.486904200,2.950519926,0</coordinates></Point>
        </Placemark>

        <Placemark>
          <name>1799</name>
          <styleUrl>#style_Healthy</styleUrl>
          <ExtendedData>
            <Data name="id"><value>1799</value></Data>
            <Data name="Class"><value>Healthy</value></Data>
          </ExtendedData>
          <Point><coordinates>102.486911100,2.950445511,0</coordinates></Point>
        </Placemark>

        <Placemark>
          <name>1801</name>
          <styleUrl>#style_Healthy</styleUrl>
          <ExtendedData>
            <Data name="id"><value>1801</value></Data>
            <Data name="Class"><value>Healthy</value></Data>
          </ExtendedData>
          <Point><coordinates>102.486962300,2.950396675,0</coordinates></Point>
        </Placemark>

        <Placemark>
          <name>1805</name>
          <styleUrl>#style_Healthy</styleUrl>
          <ExtendedData>
            <Data name="id"><value>1805</value></Data>
            <Data name="Class"><value>Healthy</value></Data>
          </ExtendedData>
          <Point><coordinates>102.487229700,2.950394350,0</coordinates></Point>
        </Placemark>

        <Placemark>
          <name>1806</name>
          <styleUrl>#style_Healthy</styleUrl>
          <ExtendedData>
            <Data name="id"><value>1806</value></Data>
            <Data name="Class"><value>Healthy</value></Data>
          </ExtendedData>
          <Point><coordinates>102.487292500,2.950349003,0</coordinates></Point>
        </Placemark>

        <Placemark>
          <name>1807</name>
          <styleUrl>#style_Healthy</styleUrl>
          <ExtendedData>
            <Data name="id"><value>1807</value></Data>
            <Data name="Class"><value>Healthy</value></Data>
          </ExtendedData>
          <Point><coordinates>102.487357600,2.950395513,0</coordinates></Point>
        </Placemark>

        <Placemark>
          <name>1809</name>
          <styleUrl>#style_Healthy</styleUrl>
          <ExtendedData>
            <Data name="id"><value>1809</value></Data>
            <Data name="Class"><value>Healthy</value></Data>
          </ExtendedData>
          <Point><coordinates>102.487486700,2.950396675,0</coordinates></Point>
        </Placemark>

        <Placemark>
          <name>1810</name>
          <styleUrl>#style_Healthy</styleUrl>
          <ExtendedData>
            <Data name="id"><value>1810</value></Data>
            <Data name="Class"><value>Healthy</value></Data>
          </ExtendedData>
          <Point><coordinates>102.487551800,2.950353654,0</coordinates></Point>
        </Placemark>

        <Placemark>
          <name>1811</name>
          <styleUrl>#style_Healthy</styleUrl>
          <ExtendedData>
            <Data name="id"><value>1811</value></Data>
            <Data name="Class"><value>Healthy</value></Data>
          </ExtendedData>
          <Point><coordinates>102.487625100,2.950394350,0</coordinates></Point>
        </Placemark>

        <Placemark>
          <name>1812</name>
          <styleUrl>#style_Healthy</styleUrl>
          <ExtendedData>
            <Data name="id"><value>1812</value></Data>
            <Data name="Class"><value>Healthy</value></Data>
          </ExtendedData>
          <Point><coordinates>102.487687900,2.950346677,0</coordinates></Point>
        </Placemark>

        <Placemark>
          <name>1813</name>
          <styleUrl>#style_Healthy</styleUrl>
          <ExtendedData>
            <Data name="id"><value>1813</value></Data>
            <Data name="Class"><value>Healthy</value></Data>
          </ExtendedData>
          <Point><coordinates>102.487748300,2.950390862,0</coordinates></Point>
        </Placemark>

        <Placemark>
          <name>1814</name>
          <styleUrl>#style_Healthy</styleUrl>
          <ExtendedData>
            <Data name="id"><value>1814</value></Data>
            <Data name="Class"><value>Healthy</value></Data>
          </ExtendedData>
          <Point><coordinates>102.487827400,2.950349003,0</coordinates></Point>
        </Placemark>

        <Placemark>
          <name>1815</name>
          <styleUrl>#style_Healthy</styleUrl>
          <ExtendedData>
            <Data name="id"><value>1815</value></Data>
            <Data name="Class"><value>Healthy</value></Data>
          </ExtendedData>
          <Point><coordinates>102.487885500,2.950390862,0</coordinates></Point>
        </Placemark>

        <Placemark>
          <name>1816</name>
          <styleUrl>#style_Healthy</styleUrl>
          <ExtendedData>
            <Data name="id"><value>1816</value></Data>
            <Data name="Class"><value>Healthy</value></Data>
          </ExtendedData>
          <Point><coordinates>102.487953000,2.950351328,0</coordinates></Point>
        </Placemark>

        <Placemark>
          <name>1817</name>
          <styleUrl>#style_Healthy</styleUrl>
          <ExtendedData>
            <Data name="id"><value>1817</value></Data>
            <Data name="Class"><value>Healthy</value></Data>
          </ExtendedData>
          <Point><coordinates>102.487958800,2.950432720,0</coordinates></Point>
        </Placemark>

        <Placemark>
          <name>1818</name>
          <styleUrl>#style_Healthy</styleUrl>
          <ExtendedData>
            <Data name="id"><value>1818</value></Data>
            <Data name="Class"><value>Healthy</value></Data>
          </ExtendedData>
          <Point><coordinates>102.486963500,2.951086182,0</coordinates></Point>
        </Placemark>

        <Placemark>
          <name>1822</name>
          <styleUrl>#style_Healthy</styleUrl>
          <ExtendedData>
            <Data name="id"><value>1822</value></Data>
            <Data name="Class"><value>Healthy</value></Data>
          </ExtendedData>
          <Point><coordinates>102.487031200,2.950815553,0</coordinates></Point>
        </Placemark>

        <Placemark>
          <name>1823</name>
          <styleUrl>#style_Healthy</styleUrl>
          <ExtendedData>
            <Data name="id"><value>1823</value></Data>
            <Data name="Class"><value>Healthy</value></Data>
          </ExtendedData>
          <Point><coordinates>102.487026500,2.950894038,0</coordinates></Point>
        </Placemark>

        <Placemark>
          <name>1825</name>
          <styleUrl>#style_Healthy</styleUrl>
          <ExtendedData>
            <Data name="id"><value>1825</value></Data>
            <Data name="Class"><value>Healthy</value></Data>
          </ExtendedData>
          <Point><coordinates>102.487029400,2.950741719,0</coordinates></Point>
        </Placemark>

        <Placemark>
          <name>1826</name>
          <styleUrl>#style_Healthy</styleUrl>
          <ExtendedData>
            <Data name="id"><value>1826</value></Data>
            <Data name="Class"><value>Healthy</value></Data>
          </ExtendedData>
          <Point><coordinates>102.487029400,2.950591725,0</coordinates></Point>
        </Placemark>

        <Placemark>
          <name>1827</name>
          <styleUrl>#style_Healthy</styleUrl>
          <ExtendedData>
            <Data name="id"><value>1827</value></Data>
            <Data name="Class"><value>Healthy</value></Data>
          </ExtendedData>
          <Point><coordinates>102.487095700,2.950627189,0</coordinates></Point>
        </Placemark>

        <Placemark>
          <name>1829</name>
          <styleUrl>#style_Healthy</styleUrl>
          <ExtendedData>
            <Data name="id"><value>1829</value></Data>
            <Data name="Class"><value>Healthy</value></Data>
          </ExtendedData>
          <Point><coordinates>102.487163200,2.950588819,0</coordinates></Point>
        </Placemark>

        <Placemark>
          <name>1830</name>
          <styleUrl>#style_Healthy</styleUrl>
          <ExtendedData>
            <Data name="id"><value>1830</value></Data>
            <Data name="Class"><value>Healthy</value></Data>
          </ExtendedData>
          <Point><coordinates>102.487097500,2.950546378,0</coordinates></Point>
        </Placemark>

        <Placemark>
          <name>1832</name>
          <styleUrl>#style_Healthy</styleUrl>
          <ExtendedData>
            <Data name="id"><value>1832</value></Data>
            <Data name="Class"><value>Healthy</value></Data>
          </ExtendedData>
          <Point><coordinates>102.487032400,2.950513822,0</coordinates></Point>
        </Placemark>

        <Placemark>
          <name>1833</name>
          <styleUrl>#style_Healthy</styleUrl>
          <ExtendedData>
            <Data name="id"><value>1833</value></Data>
            <Data name="Class"><value>Healthy</value></Data>
          </ExtendedData>
          <Point><coordinates>102.487029400,2.950428360,0</coordinates></Point>
        </Placemark>

        <Placemark>
          <name>1834</name>
          <styleUrl>#style_Healthy</styleUrl>
          <ExtendedData>
            <Data name="id"><value>1834</value></Data>
            <Data name="Class"><value>Healthy</value></Data>
          </ExtendedData>
          <Point><coordinates>102.487094600,2.950471382,0</coordinates></Point>
        </Placemark>

        <Placemark>
          <name>1835</name>
          <styleUrl>#style_Healthy</styleUrl>
          <ExtendedData>
            <Data name="id"><value>1835</value></Data>
            <Data name="Class"><value>Healthy</value></Data>
          </ExtendedData>
          <Point><coordinates>102.487160800,2.950434174,0</coordinates></Point>
        </Placemark>

        <Placemark>
          <name>1836</name>
          <styleUrl>#style_Healthy</styleUrl>
          <ExtendedData>
            <Data name="id"><value>1836</value></Data>
            <Data name="Class"><value>Healthy</value></Data>
          </ExtendedData>
          <Point><coordinates>102.487294000,2.950433592,0</coordinates></Point>
        </Placemark>

        <Placemark>
          <name>1837</name>
          <styleUrl>#style_Healthy</styleUrl>
          <ExtendedData>
            <Data name="id"><value>1837</value></Data>
            <Data name="Class"><value>Healthy</value></Data>
          </ExtendedData>
          <Point><coordinates>102.487227100,2.950471382,0</coordinates></Point>
        </Placemark>

        <Placemark>
          <name>1838</name>
          <styleUrl>#style_Healthy</styleUrl>
          <ExtendedData>
            <Data name="id"><value>1838</value></Data>
            <Data name="Class"><value>Healthy</value></Data>
          </ExtendedData>
          <Point><coordinates>102.487156200,2.950505682,0</coordinates></Point>
        </Placemark>

        <Placemark>
          <name>1839</name>
          <styleUrl>#style_Healthy</styleUrl>
          <ExtendedData>
            <Data name="id"><value>1839</value></Data>
            <Data name="Class"><value>Healthy</value></Data>
          </ExtendedData>
          <Point><coordinates>102.487228300,2.950549285,0</coordinates></Point>
        </Placemark>

        <Placemark>
          <name>1840</name>
          <styleUrl>#style_Healthy</styleUrl>
          <ExtendedData>
            <Data name="id"><value>1840</value></Data>
            <Data name="Class"><value>Healthy</value></Data>
          </ExtendedData>
          <Point><coordinates>102.487294000,2.950511496,0</coordinates></Point>
        </Placemark>

        <Placemark>
          <name>1841</name>
          <styleUrl>#style_Healthy</styleUrl>
          <ExtendedData>
            <Data name="id"><value>1841</value></Data>
            <Data name="Class"><value>Healthy</value></Data>
          </ExtendedData>
          <Point><coordinates>102.487359100,2.950471382,0</coordinates></Point>
        </Placemark>

        <Placemark>
          <name>1842</name>
          <styleUrl>#style_Healthy</styleUrl>
          <ExtendedData>
            <Data name="id"><value>1842</value></Data>
            <Data name="Class"><value>Healthy</value></Data>
          </ExtendedData>
          <Point><coordinates>102.487426500,2.950433011,0</coordinates></Point>
        </Placemark>

        <Placemark>
          <name>1844</name>
          <styleUrl>#style_Healthy</styleUrl>
          <ExtendedData>
            <Data name="id"><value>1844</value></Data>
            <Data name="Class"><value>Healthy</value></Data>
          </ExtendedData>
          <Point><coordinates>102.487431200,2.950508008,0</coordinates></Point>
        </Placemark>

        <Placemark>
          <name>1846</name>
          <styleUrl>#style_Healthy</styleUrl>
          <ExtendedData>
            <Data name="id"><value>1846</value></Data>
            <Data name="Class"><value>Healthy</value></Data>
          </ExtendedData>
          <Point><coordinates>102.487295100,2.950587074,0</coordinates></Point>
        </Placemark>

        <Placemark>
          <name>1847</name>
          <styleUrl>#style_Healthy</styleUrl>
          <ExtendedData>
            <Data name="id"><value>1847</value></Data>
            <Data name="Class"><value>Healthy</value></Data>
          </ExtendedData>
          <Point><coordinates>102.487227700,2.950624864,0</coordinates></Point>
        </Placemark>

        <Placemark>
          <name>1848</name>
          <styleUrl>#style_Healthy</styleUrl>
          <ExtendedData>
            <Data name="id"><value>1848</value></Data>
            <Data name="Class"><value>Healthy</value></Data>
          </ExtendedData>
          <Point><coordinates>102.487160800,2.950664978,0</coordinates></Point>
        </Placemark>

        <Placemark>
          <name>1849</name>
          <styleUrl>#style_Healthy</styleUrl>
          <ExtendedData>
            <Data name="id"><value>1849</value></Data>
            <Data name="Class"><value>Healthy</value></Data>
          </ExtendedData>
          <Point><coordinates>102.487160800,2.950739975,0</coordinates></Point>
        </Placemark>

        <Placemark>
          <name>1850</name>
          <styleUrl>#style_Healthy</styleUrl>
          <ExtendedData>
            <Data name="id"><value>1850</value></Data>
            <Data name="Class"><value>Healthy</value></Data>
          </ExtendedData>
          <Point><coordinates>102.487089900,2.950778927,0</coordinates></Point>
        </Placemark>

        <Placemark>
          <name>1852</name>
          <styleUrl>#style_Healthy</styleUrl>
          <ExtendedData>
            <Data name="id"><value>1852</value></Data>
            <Data name="Class"><value>Healthy</value></Data>
          </ExtendedData>
          <Point><coordinates>102.487095100,2.951087054,0</coordinates></Point>
        </Placemark>

        <Placemark>
          <name>1856</name>
          <styleUrl>#style_Healthy</styleUrl>
          <ExtendedData>
            <Data name="id"><value>1856</value></Data>
            <Data name="Class"><value>Healthy</value></Data>
          </ExtendedData>
          <Point><coordinates>102.487161400,2.951041707,0</coordinates></Point>
        </Placemark>

        <Placemark>
          <name>1857</name>
          <styleUrl>#style_Healthy</styleUrl>
          <ExtendedData>
            <Data name="id"><value>1857</value></Data>
            <Data name="Class"><value>Healthy</value></Data>
          </ExtendedData>
          <Point><coordinates>102.487163700,2.951124261,0</coordinates></Point>
        </Placemark>

        <Placemark>
          <name>1858</name>
          <styleUrl>#style_Healthy</styleUrl>
          <ExtendedData>
            <Data name="id"><value>1858</value></Data>
            <Data name="Class"><value>Healthy</value></Data>
          </ExtendedData>
          <Point><coordinates>102.487228900,2.951076589,0</coordinates></Point>
        </Placemark>

        <Placemark>
          <name>1860</name>
          <styleUrl>#style_Healthy</styleUrl>
          <ExtendedData>
            <Data name="id"><value>1860</value></Data>
            <Data name="Class"><value>Healthy</value></Data>
          </ExtendedData>
          <Point><coordinates>102.487359100,2.951085891,0</coordinates></Point>
        </Placemark>

        <Placemark>
          <name>1861</name>
          <styleUrl>#style_Healthy</styleUrl>
          <ExtendedData>
            <Data name="id"><value>1861</value></Data>
            <Data name="Class"><value>Healthy</value></Data>
          </ExtendedData>
          <Point><coordinates>102.487434700,2.951119610,0</coordinates></Point>
        </Placemark>

        <Placemark>
          <name>1862</name>
          <styleUrl>#style_Healthy</styleUrl>
          <ExtendedData>
            <Data name="id"><value>1862</value></Data>
            <Data name="Class"><value>Healthy</value></Data>
          </ExtendedData>
          <Point><coordinates>102.487496300,2.951089379,0</coordinates></Point>
        </Placemark>

        <Placemark>
          <name>1863</name>
          <styleUrl>#style_Healthy</styleUrl>
          <ExtendedData>
            <Data name="id"><value>1863</value></Data>
            <Data name="Class"><value>Healthy</value></Data>
          </ExtendedData>
          <Point><coordinates>102.487557900,2.951123099,0</coordinates></Point>
        </Placemark>

        <Placemark>
          <name>1864</name>
          <styleUrl>#style_Healthy</styleUrl>
          <ExtendedData>
            <Data name="id"><value>1864</value></Data>
            <Data name="Class"><value>Healthy</value></Data>
          </ExtendedData>
          <Point><coordinates>102.487620700,2.951081240,0</coordinates></Point>
        </Placemark>

        <Placemark>
          <name>1865</name>
          <styleUrl>#style_Healthy</styleUrl>
          <ExtendedData>
            <Data name="id"><value>1865</value></Data>
            <Data name="Class"><value>Healthy</value></Data>
          </ExtendedData>
          <Point><coordinates>102.487687000,2.951124261,0</coordinates></Point>
        </Placemark>

        <Placemark>
          <name>1866</name>
          <styleUrl>#style_Healthy</styleUrl>
          <ExtendedData>
            <Data name="id"><value>1866</value></Data>
            <Data name="Class"><value>Healthy</value></Data>
          </ExtendedData>
          <Point><coordinates>102.487764900,2.951081240,0</coordinates></Point>
        </Placemark>

        <Placemark>
          <name>1867</name>
          <styleUrl>#style_Healthy</styleUrl>
          <ExtendedData>
            <Data name="id"><value>1867</value></Data>
            <Data name="Class"><value>Healthy</value></Data>
          </ExtendedData>
          <Point><coordinates>102.487757900,2.950999848,0</coordinates></Point>
        </Placemark>

        <Placemark>
          <name>1868</name>
          <styleUrl>#style_Healthy</styleUrl>
          <ExtendedData>
            <Data name="id"><value>1868</value></Data>
            <Data name="Class"><value>Healthy</value></Data>
          </ExtendedData>
          <Point><coordinates>102.487897400,2.951005662,0</coordinates></Point>
        </Placemark>

        <Placemark>
          <name>1869</name>
          <styleUrl>#style_Healthy</styleUrl>
          <ExtendedData>
            <Data name="id"><value>1869</value></Data>
            <Data name="Class"><value>Healthy</value></Data>
          </ExtendedData>
          <Point><coordinates>102.487890500,2.950925432,0</coordinates></Point>
        </Placemark>

        <Placemark>
          <name>1870</name>
          <styleUrl>#style_Healthy</styleUrl>
          <ExtendedData>
            <Data name="id"><value>1870</value></Data>
            <Data name="Class"><value>Healthy</value></Data>
          </ExtendedData>
          <Point><coordinates>102.487833500,2.950961477,0</coordinates></Point>
        </Placemark>

        <Placemark>
          <name>1871</name>
          <styleUrl>#style_Healthy</styleUrl>
          <ExtendedData>
            <Data name="id"><value>1871</value></Data>
            <Data name="Class"><value>Healthy</value></Data>
          </ExtendedData>
          <Point><coordinates>102.487689300,2.951041707,0</coordinates></Point>
        </Placemark>

        <Placemark>
          <name>1872</name>
          <styleUrl>#style_Healthy</styleUrl>
          <ExtendedData>
            <Data name="id"><value>1872</value></Data>
            <Data name="Class"><value>Healthy</value></Data>
          </ExtendedData>
          <Point><coordinates>102.487627700,2.951004499,0</coordinates></Point>
        </Placemark>

        <Placemark>
          <name>1875</name>
          <styleUrl>#style_Healthy</styleUrl>
          <ExtendedData>
            <Data name="id"><value>1875</value></Data>
            <Data name="Class"><value>Healthy</value></Data>
          </ExtendedData>
          <Point><coordinates>102.487494000,2.951007987,0</coordinates></Point>
        </Placemark>

        <Placemark>
          <name>1876</name>
          <styleUrl>#style_Healthy</styleUrl>
          <ExtendedData>
            <Data name="id"><value>1876</value></Data>
            <Data name="Class"><value>Healthy</value></Data>
          </ExtendedData>
          <Point><coordinates>102.487425400,2.951044032,0</coordinates></Point>
        </Placemark>

        <Placemark>
          <name>1877</name>
          <styleUrl>#style_Healthy</styleUrl>
          <ExtendedData>
            <Data name="id"><value>1877</value></Data>
            <Data name="Class"><value>Healthy</value></Data>
          </ExtendedData>
          <Point><coordinates>102.487363700,2.951004499,0</coordinates></Point>
        </Placemark>

        <Placemark>
          <name>1878</name>
          <styleUrl>#style_Healthy</styleUrl>
          <ExtendedData>
            <Data name="id"><value>1878</value></Data>
            <Data name="Class"><value>Healthy</value></Data>
          </ExtendedData>
          <Point><coordinates>102.487300900,2.951042869,0</coordinates></Point>
        </Placemark>

        <Placemark>
          <name>1879</name>
          <styleUrl>#style_Healthy</styleUrl>
          <ExtendedData>
            <Data name="id"><value>1879</value></Data>
            <Data name="Class"><value>Healthy</value></Data>
          </ExtendedData>
          <Point><coordinates>102.487235800,2.951005662,0</coordinates></Point>
        </Placemark>

        <Placemark>
          <name>1884</name>
          <styleUrl>#style_Healthy</styleUrl>
          <ExtendedData>
            <Data name="id"><value>1884</value></Data>
            <Data name="Class"><value>Healthy</value></Data>
          </ExtendedData>
          <Point><coordinates>102.487231200,2.950927758,0</coordinates></Point>
        </Placemark>

        <Placemark>
          <name>1891</name>
          <styleUrl>#style_Healthy</styleUrl>
          <ExtendedData>
            <Data name="id"><value>1891</value></Data>
            <Data name="Class"><value>Healthy</value></Data>
          </ExtendedData>
          <Point><coordinates>102.487692800,2.950895201,0</coordinates></Point>
        </Placemark>

        <Placemark>
          <name>1892</name>
          <styleUrl>#style_Healthy</styleUrl>
          <ExtendedData>
            <Data name="id"><value>1892</value></Data>
            <Data name="Class"><value>Healthy</value></Data>
          </ExtendedData>
          <Point><coordinates>102.487756700,2.950931246,0</coordinates></Point>
        </Placemark>

        <Placemark>
          <name>1893</name>
          <styleUrl>#style_Healthy</styleUrl>
          <ExtendedData>
            <Data name="id"><value>1893</value></Data>
            <Data name="Class"><value>Healthy</value></Data>
          </ExtendedData>
          <Point><coordinates>102.487831200,2.950890550,0</coordinates></Point>
        </Placemark>

        <Placemark>
          <name>1894</name>
          <styleUrl>#style_Healthy</styleUrl>
          <ExtendedData>
            <Data name="id"><value>1894</value></Data>
            <Data name="Class"><value>Healthy</value></Data>
          </ExtendedData>
          <Point><coordinates>102.487897400,2.950854505,0</coordinates></Point>
        </Placemark>

        <Placemark>
          <name>1895</name>
          <styleUrl>#style_Healthy</styleUrl>
          <ExtendedData>
            <Data name="id"><value>1895</value></Data>
            <Data name="Class"><value>Healthy</value></Data>
          </ExtendedData>
          <Point><coordinates>102.487892800,2.950776601,0</coordinates></Point>
        </Placemark>

        <Placemark>
          <name>1896</name>
          <styleUrl>#style_Healthy</styleUrl>
          <ExtendedData>
            <Data name="id"><value>1896</value></Data>
            <Data name="Class"><value>Healthy</value></Data>
          </ExtendedData>
          <Point><coordinates>102.487895100,2.950696372,0</coordinates></Point>
        </Placemark>

        <Placemark>
          <name>1897</name>
          <styleUrl>#style_Healthy</styleUrl>
          <ExtendedData>
            <Data name="id"><value>1897</value></Data>
            <Data name="Class"><value>Healthy</value></Data>
          </ExtendedData>
          <Point><coordinates>102.487826500,2.950812646,0</coordinates></Point>
        </Placemark>

        <Placemark>
          <name>1898</name>
          <styleUrl>#style_Healthy</styleUrl>
          <ExtendedData>
            <Data name="id"><value>1898</value></Data>
            <Data name="Class"><value>Healthy</value></Data>
          </ExtendedData>
          <Point><coordinates>102.487757900,2.950848691,0</coordinates></Point>
        </Placemark>

        <Placemark>
          <name>1907</name>
          <styleUrl>#style_Healthy</styleUrl>
          <ExtendedData>
            <Data name="id"><value>1907</value></Data>
            <Data name="Class"><value>Healthy</value></Data>
          </ExtendedData>
          <Point><coordinates>102.487227700,2.950860319,0</coordinates></Point>
        </Placemark>

        <Placemark>
          <name>1908</name>
          <styleUrl>#style_Healthy</styleUrl>
          <ExtendedData>
            <Data name="id"><value>1908</value></Data>
            <Data name="Class"><value>Healthy</value></Data>
          </ExtendedData>
          <Point><coordinates>102.487226500,2.950774276,0</coordinates></Point>
        </Placemark>

        <Placemark>
          <name>1909</name>
          <styleUrl>#style_Healthy</styleUrl>
          <ExtendedData>
            <Data name="id"><value>1909</value></Data>
            <Data name="Class"><value>Healthy</value></Data>
          </ExtendedData>
          <Point><coordinates>102.487227700,2.950698698,0</coordinates></Point>
        </Placemark>

        <Placemark>
          <name>1910</name>
          <styleUrl>#style_Healthy</styleUrl>
          <ExtendedData>
            <Data name="id"><value>1910</value></Data>
            <Data name="Class"><value>Healthy</value></Data>
          </ExtendedData>
          <Point><coordinates>102.487291600,2.950739394,0</coordinates></Point>
        </Placemark>

        <Placemark>
          <name>1913</name>
          <styleUrl>#style_Healthy</styleUrl>
          <ExtendedData>
            <Data name="id"><value>1913</value></Data>
            <Data name="Class"><value>Healthy</value></Data>
          </ExtendedData>
          <Point><coordinates>102.487359100,2.950704511,0</coordinates></Point>
        </Placemark>

        <Placemark>
          <name>1915</name>
          <styleUrl>#style_Healthy</styleUrl>
          <ExtendedData>
            <Data name="id"><value>1915</value></Data>
            <Data name="Class"><value>Healthy</value></Data>
          </ExtendedData>
          <Point><coordinates>102.487367200,2.950623119,0</coordinates></Point>
        </Placemark>

        <Placemark>
          <name>1917</name>
          <styleUrl>#style_Healthy</styleUrl>
          <ExtendedData>
            <Data name="id"><value>1917</value></Data>
            <Data name="Class"><value>Healthy</value></Data>
          </ExtendedData>
          <Point><coordinates>102.487495100,2.950621957,0</coordinates></Point>
        </Placemark>

        <Placemark>
          <name>1918</name>
          <styleUrl>#style_Healthy</styleUrl>
          <ExtendedData>
            <Data name="id"><value>1918</value></Data>
            <Data name="Class"><value>Healthy</value></Data>
          </ExtendedData>
          <Point><coordinates>102.487554400,2.950584749,0</coordinates></Point>
        </Placemark>

        <Placemark>
          <name>1919</name>
          <styleUrl>#style_Healthy</styleUrl>
          <ExtendedData>
            <Data name="id"><value>1919</value></Data>
            <Data name="Class"><value>Healthy</value></Data>
          </ExtendedData>
          <Point><coordinates>102.487559100,2.950505682,0</coordinates></Point>
        </Placemark>

        <Placemark>
          <name>1920</name>
          <styleUrl>#style_Healthy</styleUrl>
          <ExtendedData>
            <Data name="id"><value>1920</value></Data>
            <Data name="Class"><value>Healthy</value></Data>
          </ExtendedData>
          <Point><coordinates>102.487564900,2.950437081,0</coordinates></Point>
        </Placemark>

        <Placemark>
          <name>1921</name>
          <styleUrl>#style_Healthy</styleUrl>
          <ExtendedData>
            <Data name="id"><value>1921</value></Data>
            <Data name="Class"><value>Healthy</value></Data>
          </ExtendedData>
          <Point><coordinates>102.487628800,2.950471963,0</coordinates></Point>
        </Placemark>

        <Placemark>
          <name>1922</name>
          <styleUrl>#style_Healthy</styleUrl>
          <ExtendedData>
            <Data name="id"><value>1922</value></Data>
            <Data name="Class"><value>Healthy</value></Data>
          </ExtendedData>
          <Point><coordinates>102.487689300,2.950421965,0</coordinates></Point>
        </Placemark>

        <Placemark>
          <name>1923</name>
          <styleUrl>#style_Healthy</styleUrl>
          <ExtendedData>
            <Data name="id"><value>1923</value></Data>
            <Data name="Class"><value>Healthy</value></Data>
          </ExtendedData>
          <Point><coordinates>102.487752100,2.950470800,0</coordinates></Point>
        </Placemark>

        <Placemark>
          <name>1924</name>
          <styleUrl>#style_Healthy</styleUrl>
          <ExtendedData>
            <Data name="id"><value>1924</value></Data>
            <Data name="Class"><value>Healthy</value></Data>
          </ExtendedData>
          <Point><coordinates>102.487828800,2.950434755,0</coordinates></Point>
        </Placemark>

        <Placemark>
          <name>1925</name>
          <styleUrl>#style_Healthy</styleUrl>
          <ExtendedData>
            <Data name="id"><value>1925</value></Data>
            <Data name="Class"><value>Healthy</value></Data>
          </ExtendedData>
          <Point><coordinates>102.487891600,2.950468475,0</coordinates></Point>
        </Placemark>

        <Placemark>
          <name>1926</name>
          <styleUrl>#style_Healthy</styleUrl>
          <ExtendedData>
            <Data name="id"><value>1926</value></Data>
            <Data name="Class"><value>Healthy</value></Data>
          </ExtendedData>
          <Point><coordinates>102.487963700,2.950509171,0</coordinates></Point>
        </Placemark>

        <Placemark>
          <name>1927</name>
          <styleUrl>#style_Healthy</styleUrl>
          <ExtendedData>
            <Data name="id"><value>1927</value></Data>
            <Data name="Class"><value>Healthy</value></Data>
          </ExtendedData>
          <Point><coordinates>102.487964900,2.950585912,0</coordinates></Point>
        </Placemark>

        <Placemark>
          <name>1928</name>
          <styleUrl>#style_Healthy</styleUrl>
          <ExtendedData>
            <Data name="id"><value>1928</value></Data>
            <Data name="Class"><value>Healthy</value></Data>
          </ExtendedData>
          <Point><coordinates>102.487963700,2.950654513,0</coordinates></Point>
        </Placemark>

        <Placemark>
          <name>1929</name>
          <styleUrl>#style_Healthy</styleUrl>
          <ExtendedData>
            <Data name="id"><value>1929</value></Data>
            <Data name="Class"><value>Healthy</value></Data>
          </ExtendedData>
          <Point><coordinates>102.487959100,2.950739394,0</coordinates></Point>
        </Placemark>

        <Placemark>
          <name>1930</name>
          <styleUrl>#style_Healthy</styleUrl>
          <ExtendedData>
            <Data name="id"><value>1930</value></Data>
            <Data name="Class"><value>Healthy</value></Data>
          </ExtendedData>
          <Point><coordinates>102.487960200,2.950810321,0</coordinates></Point>
        </Placemark>

        <Placemark>
          <name>1931</name>
          <styleUrl>#style_Healthy</styleUrl>
          <ExtendedData>
            <Data name="id"><value>1931</value></Data>
            <Data name="Class"><value>Healthy</value></Data>
          </ExtendedData>
          <Point><coordinates>102.487963700,2.950889387,0</coordinates></Point>
        </Placemark>

        <Placemark>
          <name>1932</name>
          <styleUrl>#style_Healthy</styleUrl>
          <ExtendedData>
            <Data name="id"><value>1932</value></Data>
            <Data name="Class"><value>Healthy</value></Data>
          </ExtendedData>
          <Point><coordinates>102.487961400,2.950969617,0</coordinates></Point>
        </Placemark>

        <Placemark>
          <name>1933</name>
          <styleUrl>#style_Healthy</styleUrl>
          <ExtendedData>
            <Data name="id"><value>1933</value></Data>
            <Data name="Class"><value>Healthy</value></Data>
          </ExtendedData>
          <Point><coordinates>102.487888100,2.950621957,0</coordinates></Point>
        </Placemark>

        <Placemark>
          <name>1934</name>
          <styleUrl>#style_Healthy</styleUrl>
          <ExtendedData>
            <Data name="id"><value>1934</value></Data>
            <Data name="Class"><value>Healthy</value></Data>
          </ExtendedData>
          <Point><coordinates>102.487892800,2.950540565,0</coordinates></Point>
        </Placemark>

        <Placemark>
          <name>1935</name>
          <styleUrl>#style_Healthy</styleUrl>
          <ExtendedData>
            <Data name="id"><value>1935</value></Data>
            <Data name="Class"><value>Healthy</value></Data>
          </ExtendedData>
          <Point><coordinates>102.487826500,2.950505682,0</coordinates></Point>
        </Placemark>

        <Placemark>
          <name>1936</name>
          <styleUrl>#style_Healthy</styleUrl>
          <ExtendedData>
            <Data name="id"><value>1936</value></Data>
            <Data name="Class"><value>Healthy</value></Data>
          </ExtendedData>
          <Point><coordinates>102.487823000,2.950585912,0</coordinates></Point>
        </Placemark>

        <Placemark>
          <name>1942</name>
          <styleUrl>#style_Healthy</styleUrl>
          <ExtendedData>
            <Data name="id"><value>1942</value></Data>
            <Data name="Class"><value>Healthy</value></Data>
          </ExtendedData>
          <Point><coordinates>102.487756700,2.950612655,0</coordinates></Point>
        </Placemark>

        <Placemark>
          <name>1943</name>
          <styleUrl>#style_Healthy</styleUrl>
          <ExtendedData>
            <Data name="id"><value>1943</value></Data>
            <Data name="Class"><value>Healthy</value></Data>
          </ExtendedData>
          <Point><coordinates>102.487757900,2.950545216,0</coordinates></Point>
        </Placemark>

        <Placemark>
          <name>1944</name>
          <styleUrl>#style_Healthy</styleUrl>
          <ExtendedData>
            <Data name="id"><value>1944</value></Data>
            <Data name="Class"><value>Healthy</value></Data>
          </ExtendedData>
          <Point><coordinates>102.487689300,2.950501031,0</coordinates></Point>
        </Placemark>

        <Placemark>
          <name>1945</name>
          <styleUrl>#style_Healthy</styleUrl>
          <ExtendedData>
            <Data name="id"><value>1945</value></Data>
            <Data name="Class"><value>Healthy</value></Data>
          </ExtendedData>
          <Point><coordinates>102.487626500,2.950545216,0</coordinates></Point>
        </Placemark>

        <Placemark>
          <name>1946</name>
          <styleUrl>#style_Healthy</styleUrl>
          <ExtendedData>
            <Data name="id"><value>1946</value></Data>
            <Data name="Class"><value>Healthy</value></Data>
          </ExtendedData>
          <Point><coordinates>102.487692800,2.950589400,0</coordinates></Point>
        </Placemark>

        <Placemark>
          <name>1947</name>
          <styleUrl>#style_Healthy</styleUrl>
          <ExtendedData>
            <Data name="id"><value>1947</value></Data>
            <Data name="Class"><value>Healthy</value></Data>
          </ExtendedData>
          <Point><coordinates>102.487626500,2.950626608,0</coordinates></Point>
        </Placemark>

        <Placemark>
          <name>1948</name>
          <styleUrl>#style_Healthy</styleUrl>
          <ExtendedData>
            <Data name="id"><value>1948</value></Data>
            <Data name="Class"><value>Healthy</value></Data>
          </ExtendedData>
          <Point><coordinates>102.487687000,2.950667304,0</coordinates></Point>
        </Placemark>

        <Placemark>
          <name>1949</name>
          <styleUrl>#style_Healthy</styleUrl>
          <ExtendedData>
            <Data name="id"><value>1949</value></Data>
            <Data name="Class"><value>Healthy</value></Data>
          </ExtendedData>
          <Point><coordinates>102.487625400,2.950698698,0</coordinates></Point>
        </Placemark>

        <Placemark>
          <name>1953</name>
          <styleUrl>#style_Healthy</styleUrl>
          <ExtendedData>
            <Data name="id"><value>1953</value></Data>
            <Data name="Class"><value>Healthy</value></Data>
          </ExtendedData>
          <Point><coordinates>102.487430000,2.950734743,0</coordinates></Point>
        </Placemark>

        <Placemark>
          <name>1955</name>
          <styleUrl>#style_Healthy</styleUrl>
          <ExtendedData>
            <Data name="id"><value>1955</value></Data>
            <Data name="Class"><value>Healthy</value></Data>
          </ExtendedData>
          <Point><coordinates>102.487496300,2.950702186,0</coordinates></Point>
        </Placemark>

        <Placemark>
          <name>1956</name>
          <styleUrl>#style_Healthy</styleUrl>
          <ExtendedData>
            <Data name="id"><value>1956</value></Data>
            <Data name="Class"><value>Healthy</value></Data>
          </ExtendedData>
          <Point><coordinates>102.487432300,2.950659164,0</coordinates></Point>
        </Placemark>

        <Placemark>
          <name>1957</name>
          <styleUrl>#style_Healthy</styleUrl>
          <ExtendedData>
            <Data name="id"><value>1957</value></Data>
            <Data name="Class"><value>Healthy</value></Data>
          </ExtendedData>
          <Point><coordinates>102.487559100,2.950662653,0</coordinates></Point>
        </Placemark>

        <Placemark>
          <name>1958</name>
          <styleUrl>#style_Healthy</styleUrl>
          <ExtendedData>
            <Data name="id"><value>1958</value></Data>
            <Data name="Class"><value>Healthy</value></Data>
          </ExtendedData>
          <Point><coordinates>102.488157900,2.951002173,0</coordinates></Point>
        </Placemark>

        <Placemark>
          <name>1959</name>
          <styleUrl>#style_Healthy</styleUrl>
          <ExtendedData>
            <Data name="id"><value>1959</value></Data>
            <Data name="Class"><value>Healthy</value></Data>
          </ExtendedData>
          <Point><coordinates>102.488092800,2.950967291,0</coordinates></Point>
        </Placemark>

        <Placemark>
          <name>1962</name>
          <styleUrl>#style_Healthy</styleUrl>
          <ExtendedData>
            <Data name="id"><value>1962</value></Data>
            <Data name="Class"><value>Healthy</value></Data>
          </ExtendedData>
          <Point><coordinates>102.488025300,2.951004499,0</coordinates></Point>
        </Placemark>

        <Placemark>
          <name>1963</name>
          <styleUrl>#style_Healthy</styleUrl>
          <ExtendedData>
            <Data name="id"><value>1963</value></Data>
            <Data name="Class"><value>Healthy</value></Data>
          </ExtendedData>
          <Point><coordinates>102.488090500,2.950810321,0</coordinates></Point>
        </Placemark>

        <Placemark>
          <name>1964</name>
          <styleUrl>#style_Healthy</styleUrl>
          <ExtendedData>
            <Data name="id"><value>1964</value></Data>
            <Data name="Class"><value>Healthy</value></Data>
          </ExtendedData>
          <Point><coordinates>102.488030000,2.950853342,0</coordinates></Point>
        </Placemark>

        <Placemark>
          <name>1965</name>
          <styleUrl>#style_Healthy</styleUrl>
          <ExtendedData>
            <Data name="id"><value>1965</value></Data>
            <Data name="Class"><value>Healthy</value></Data>
          </ExtendedData>
          <Point><coordinates>102.488027700,2.950773113,0</coordinates></Point>
        </Placemark>

        <Placemark>
          <name>1966</name>
          <styleUrl>#style_Healthy</styleUrl>
          <ExtendedData>
            <Data name="id"><value>1966</value></Data>
            <Data name="Class"><value>Healthy</value></Data>
          </ExtendedData>
          <Point><coordinates>102.488028800,2.950698698,0</coordinates></Point>
        </Placemark>

        <Placemark>
          <name>1967</name>
          <styleUrl>#style_Healthy</styleUrl>
          <ExtendedData>
            <Data name="id"><value>1967</value></Data>
            <Data name="Class"><value>Healthy</value></Data>
          </ExtendedData>
          <Point><coordinates>102.488028800,2.950621957,0</coordinates></Point>
        </Placemark>

        <Placemark>
          <name>1968</name>
          <styleUrl>#style_Healthy</styleUrl>
          <ExtendedData>
            <Data name="id"><value>1968</value></Data>
            <Data name="Class"><value>Healthy</value></Data>
          </ExtendedData>
          <Point><coordinates>102.488020700,2.950548704,0</coordinates></Point>
        </Placemark>

        <Placemark>
          <name>1969</name>
          <styleUrl>#style_Healthy</styleUrl>
          <ExtendedData>
            <Data name="id"><value>1969</value></Data>
            <Data name="Class"><value>Healthy</value></Data>
          </ExtendedData>
          <Point><coordinates>102.488019500,2.950463824,0</coordinates></Point>
        </Placemark>

        <Placemark>
          <name>1970</name>
          <styleUrl>#style_Healthy</styleUrl>
          <ExtendedData>
            <Data name="id"><value>1970</value></Data>
            <Data name="Class"><value>Healthy</value></Data>
          </ExtendedData>
          <Point><coordinates>102.488025300,2.950392896,0</coordinates></Point>
        </Placemark>

        <Placemark>
          <name>1973</name>
          <styleUrl>#style_Healthy</styleUrl>
          <ExtendedData>
            <Data name="id"><value>1973</value></Data>
            <Data name="Class"><value>Healthy</value></Data>
          </ExtendedData>
          <Point><coordinates>102.488152100,2.950382432,0</coordinates></Point>
        </Placemark>

        <Placemark>
          <name>1974</name>
          <styleUrl>#style_Healthy</styleUrl>
          <ExtendedData>
            <Data name="id"><value>1974</value></Data>
            <Data name="Class"><value>Healthy</value></Data>
          </ExtendedData>
          <Point><coordinates>102.488090500,2.950426616,0</coordinates></Point>
        </Placemark>

        <Placemark>
          <name>1975</name>
          <styleUrl>#style_Healthy</styleUrl>
          <ExtendedData>
            <Data name="id"><value>1975</value></Data>
            <Data name="Class"><value>Healthy</value></Data>
          </ExtendedData>
          <Point><coordinates>102.488089300,2.950505682,0</coordinates></Point>
        </Placemark>

        <Placemark>
          <name>1976</name>
          <styleUrl>#style_Healthy</styleUrl>
          <ExtendedData>
            <Data name="id"><value>1976</value></Data>
            <Data name="Class"><value>Healthy</value></Data>
          </ExtendedData>
          <Point><coordinates>102.488090500,2.950581261,0</coordinates></Point>
        </Placemark>

        <Placemark>
          <name>1977</name>
          <styleUrl>#style_Healthy</styleUrl>
          <ExtendedData>
            <Data name="id"><value>1977</value></Data>
            <Data name="Class"><value>Healthy</value></Data>
          </ExtendedData>
          <Point><coordinates>102.488096300,2.950659164,0</coordinates></Point>
        </Placemark>

        <Placemark>
          <name>1978</name>
          <styleUrl>#style_Healthy</styleUrl>
          <ExtendedData>
            <Data name="id"><value>1978</value></Data>
            <Data name="Class"><value>Healthy</value></Data>
          </ExtendedData>
          <Point><coordinates>102.488095100,2.950730092,0</coordinates></Point>
        </Placemark>

        <Placemark>
          <name>1979</name>
          <styleUrl>#style_Healthy</styleUrl>
          <ExtendedData>
            <Data name="id"><value>1979</value></Data>
            <Data name="Class"><value>Healthy</value></Data>
          </ExtendedData>
          <Point><coordinates>102.488160200,2.950771950,0</coordinates></Point>
        </Placemark>

        <Placemark>
          <name>1980</name>
          <styleUrl>#style_Healthy</styleUrl>
          <ExtendedData>
            <Data name="id"><value>1980</value></Data>
            <Data name="Class"><value>Healthy</value></Data>
          </ExtendedData>
          <Point><coordinates>102.488160200,2.950845203,0</coordinates></Point>
        </Placemark>

        <Placemark>
          <name>1981</name>
          <styleUrl>#style_Healthy</styleUrl>
          <ExtendedData>
            <Data name="id"><value>1981</value></Data>
            <Data name="Class"><value>Healthy</value></Data>
          </ExtendedData>
          <Point><coordinates>102.488159100,2.950927758,0</coordinates></Point>
        </Placemark>

        <Placemark>
          <name>1982</name>
          <styleUrl>#style_Healthy</styleUrl>
          <ExtendedData>
            <Data name="id"><value>1982</value></Data>
            <Data name="Class"><value>Healthy</value></Data>
          </ExtendedData>
          <Point><coordinates>102.488223000,2.950964966,0</coordinates></Point>
        </Placemark>

        <Placemark>
          <name>1992</name>
          <styleUrl>#style_Healthy</styleUrl>
          <ExtendedData>
            <Data name="id"><value>1992</value></Data>
            <Data name="Class"><value>Healthy</value></Data>
          </ExtendedData>
          <Point><coordinates>102.488560200,2.950999848,0</coordinates></Point>
        </Placemark>

        <Placemark>
          <name>1993</name>
          <styleUrl>#style_Healthy</styleUrl>
          <ExtendedData>
            <Data name="id"><value>1993</value></Data>
            <Data name="Class"><value>Healthy</value></Data>
          </ExtendedData>
          <Point><coordinates>102.488559000,2.950933572,0</coordinates></Point>
        </Placemark>

        <Placemark>
          <name>1998</name>
          <styleUrl>#style_Healthy</styleUrl>
          <ExtendedData>
            <Data name="id"><value>1998</value></Data>
            <Data name="Class"><value>Healthy</value></Data>
          </ExtendedData>
          <Point><coordinates>102.488482300,2.950809158,0</coordinates></Point>
        </Placemark>

        <Placemark>
          <name>2001</name>
          <styleUrl>#style_Healthy</styleUrl>
          <ExtendedData>
            <Data name="id"><value>2001</value></Data>
            <Data name="Class"><value>Healthy</value></Data>
          </ExtendedData>
          <Point><coordinates>102.488287000,2.950777764,0</coordinates></Point>
        </Placemark>

        <Placemark>
          <name>2003</name>
          <styleUrl>#style_Healthy</styleUrl>
          <ExtendedData>
            <Data name="id"><value>2003</value></Data>
            <Data name="Class"><value>Healthy</value></Data>
          </ExtendedData>
          <Point><coordinates>102.488228800,2.950806833,0</coordinates></Point>
        </Placemark>

        <Placemark>
          <name>2005</name>
          <styleUrl>#style_Healthy</styleUrl>
          <ExtendedData>
            <Data name="id"><value>2005</value></Data>
            <Data name="Class"><value>Healthy</value></Data>
          </ExtendedData>
          <Point><coordinates>102.488226500,2.950578935,0</coordinates></Point>
        </Placemark>

        <Placemark>
          <name>2006</name>
          <styleUrl>#style_Healthy</styleUrl>
          <ExtendedData>
            <Data name="id"><value>2006</value></Data>
            <Data name="Class"><value>Healthy</value></Data>
          </ExtendedData>
          <Point><coordinates>102.488160200,2.950542890,0</coordinates></Point>
        </Placemark>

        <Placemark>
          <name>2007</name>
          <styleUrl>#style_Healthy</styleUrl>
          <ExtendedData>
            <Data name="id"><value>2007</value></Data>
            <Data name="Class"><value>Healthy</value></Data>
          </ExtendedData>
          <Point><coordinates>102.488219500,2.950424290,0</coordinates></Point>
        </Placemark>

        <Placemark>
          <name>2008</name>
          <styleUrl>#style_Healthy</styleUrl>
          <ExtendedData>
            <Data name="id"><value>2008</value></Data>
            <Data name="Class"><value>Healthy</value></Data>
          </ExtendedData>
          <Point><coordinates>102.488220700,2.950504520,0</coordinates></Point>
        </Placemark>

        <Placemark>
          <name>2009</name>
          <styleUrl>#style_Healthy</styleUrl>
          <ExtendedData>
            <Data name="id"><value>2009</value></Data>
            <Data name="Class"><value>Healthy</value></Data>
          </ExtendedData>
          <Point><coordinates>102.488284600,2.950540565,0</coordinates></Point>
        </Placemark>

        <Placemark>
          <name>2011</name>
          <styleUrl>#style_Healthy</styleUrl>
          <ExtendedData>
            <Data name="id"><value>2011</value></Data>
            <Data name="Class"><value>Healthy</value></Data>
          </ExtendedData>
          <Point><coordinates>102.488156700,2.950692884,0</coordinates></Point>
        </Placemark>

        <Placemark>
          <name>2012</name>
          <styleUrl>#style_Healthy</styleUrl>
          <ExtendedData>
            <Data name="id"><value>2012</value></Data>
            <Data name="Class"><value>Healthy</value></Data>
          </ExtendedData>
          <Point><coordinates>102.488287000,2.950466149,0</coordinates></Point>
        </Placemark>

        <Placemark>
          <name>2013</name>
          <styleUrl>#style_Healthy</styleUrl>
          <ExtendedData>
            <Data name="id"><value>2013</value></Data>
            <Data name="Class"><value>Healthy</value></Data>
          </ExtendedData>
          <Point><coordinates>102.488285800,2.950382432,0</coordinates></Point>
        </Placemark>

        <Placemark>
          <name>2021</name>
          <styleUrl>#style_Healthy</styleUrl>
          <ExtendedData>
            <Data name="id"><value>2021</value></Data>
            <Data name="Class"><value>Healthy</value></Data>
          </ExtendedData>
          <Point><coordinates>102.488617200,2.950570796,0</coordinates></Point>
        </Placemark>

        <Placemark>
          <name>2022</name>
          <styleUrl>#style_Healthy</styleUrl>
          <ExtendedData>
            <Data name="id"><value>2022</value></Data>
            <Data name="Class"><value>Healthy</value></Data>
          </ExtendedData>
          <Point><coordinates>102.488621800,2.950660327,0</coordinates></Point>
        </Placemark>

        <Placemark>
          <name>2026</name>
          <styleUrl>#style_Healthy</styleUrl>
          <ExtendedData>
            <Data name="id"><value>2026</value></Data>
            <Data name="Class"><value>Healthy</value></Data>
          </ExtendedData>
          <Point><coordinates>102.488425300,2.950692884,0</coordinates></Point>
        </Placemark>

        <Placemark>
          <name>2027</name>
          <styleUrl>#style_Healthy</styleUrl>
          <ExtendedData>
            <Data name="id"><value>2027</value></Data>
            <Data name="Class"><value>Healthy</value></Data>
          </ExtendedData>
          <Point><coordinates>102.488356700,2.950654513,0</coordinates></Point>
        </Placemark>

        <Placemark>
          <name>2029</name>
          <styleUrl>#style_Healthy</styleUrl>
          <ExtendedData>
            <Data name="id"><value>2029</value></Data>
            <Data name="Class"><value>Healthy</value></Data>
          </ExtendedData>
          <Point><coordinates>102.488361400,2.950498706,0</coordinates></Point>
        </Placemark>

        <Placemark>
          <name>2030</name>
          <styleUrl>#style_Healthy</styleUrl>
          <ExtendedData>
            <Data name="id"><value>2030</value></Data>
            <Data name="Class"><value>Healthy</value></Data>
          </ExtendedData>
          <Point><coordinates>102.488354400,2.950426616,0</coordinates></Point>
        </Placemark>

        <Placemark>
          <name>2031</name>
          <styleUrl>#style_Healthy</styleUrl>
          <ExtendedData>
            <Data name="id"><value>2031</value></Data>
            <Data name="Class"><value>Healthy</value></Data>
          </ExtendedData>
          <Point><coordinates>102.488424200,2.950464986,0</coordinates></Point>
        </Placemark>

        <Placemark>
          <name>2033</name>
          <styleUrl>#style_Healthy</styleUrl>
          <ExtendedData>
            <Data name="id"><value>2033</value></Data>
            <Data name="Class"><value>Healthy</value></Data>
          </ExtendedData>
          <Point><coordinates>102.488423000,2.950535914,0</coordinates></Point>
        </Placemark>

        <Placemark>
          <name>2038</name>
          <styleUrl>#style_Healthy</styleUrl>
          <ExtendedData>
            <Data name="id"><value>2038</value></Data>
            <Data name="Class"><value>Healthy</value></Data>
          </ExtendedData>
          <Point><coordinates>102.488553200,2.950692884,0</coordinates></Point>
        </Placemark>

        <Placemark>
          <name>2044</name>
          <styleUrl>#style_Healthy</styleUrl>
          <ExtendedData>
            <Data name="id"><value>2044</value></Data>
            <Data name="Class"><value>Healthy</value></Data>
          </ExtendedData>
          <Point><coordinates>102.489758400,2.951621334,0</coordinates></Point>
        </Placemark>

        <Placemark>
          <name>2047</name>
          <styleUrl>#style_Healthy</styleUrl>
          <ExtendedData>
            <Data name="id"><value>2047</value></Data>
            <Data name="Class"><value>Healthy</value></Data>
          </ExtendedData>
          <Point><coordinates>102.489750300,2.951548081,0</coordinates></Point>
        </Placemark>

        <Placemark>
          <name>2048</name>
          <styleUrl>#style_Healthy</styleUrl>
          <ExtendedData>
            <Data name="id"><value>2048</value></Data>
            <Data name="Class"><value>Healthy</value></Data>
          </ExtendedData>
          <Point><coordinates>102.489757800,2.951471921,0</coordinates></Point>
        </Placemark>

        <Placemark>
          <name>2049</name>
          <styleUrl>#style_Healthy</styleUrl>
          <ExtendedData>
            <Data name="id"><value>2049</value></Data>
            <Data name="Class"><value>Healthy</value></Data>
          </ExtendedData>
          <Point><coordinates>102.489759600,2.951385878,0</coordinates></Point>
        </Placemark>

        <Placemark>
          <name>2052</name>
          <styleUrl>#style_Healthy</styleUrl>
          <ExtendedData>
            <Data name="id"><value>2052</value></Data>
            <Data name="Class"><value>Healthy</value></Data>
          </ExtendedData>
          <Point><coordinates>102.489763600,2.951310300,0</coordinates></Point>
        </Placemark>

        <Placemark>
          <name>2053</name>
          <styleUrl>#style_Healthy</styleUrl>
          <ExtendedData>
            <Data name="id"><value>2053</value></Data>
            <Data name="Class"><value>Healthy</value></Data>
          </ExtendedData>
          <Point><coordinates>102.489757800,2.951233559,0</coordinates></Point>
        </Placemark>

        <Placemark>
          <name>2054</name>
          <styleUrl>#style_Healthy</styleUrl>
          <ExtendedData>
            <Data name="id"><value>2054</value></Data>
            <Data name="Class"><value>Healthy</value></Data>
          </ExtendedData>
          <Point><coordinates>102.489825300,2.951267860,0</coordinates></Point>
        </Placemark>

        <Placemark>
          <name>2058</name>
          <styleUrl>#style_Healthy</styleUrl>
          <ExtendedData>
            <Data name="id"><value>2058</value></Data>
            <Data name="Class"><value>Healthy</value></Data>
          </ExtendedData>
          <Point><coordinates>102.489764200,2.950986476,0</coordinates></Point>
        </Placemark>

        <Placemark>
          <name>2059</name>
          <styleUrl>#style_Healthy</styleUrl>
          <ExtendedData>
            <Data name="id"><value>2059</value></Data>
            <Data name="Class"><value>Healthy</value></Data>
          </ExtendedData>
          <Point><coordinates>102.489756700,2.950904503,0</coordinates></Point>
        </Placemark>

        <Placemark>
          <name>2061</name>
          <styleUrl>#style_Healthy</styleUrl>
          <ExtendedData>
            <Data name="id"><value>2061</value></Data>
            <Data name="Class"><value>Healthy</value></Data>
          </ExtendedData>
          <Point><coordinates>102.489760700,2.950755091,0</coordinates></Point>
        </Placemark>

        <Placemark>
          <name>2062</name>
          <styleUrl>#style_Healthy</styleUrl>
          <ExtendedData>
            <Data name="id"><value>2062</value></Data>
            <Data name="Class"><value>Healthy</value></Data>
          </ExtendedData>
          <Point><coordinates>102.489753200,2.950670792,0</coordinates></Point>
        </Placemark>

        <Placemark>
          <name>2063</name>
          <styleUrl>#style_Healthy</styleUrl>
          <ExtendedData>
            <Data name="id"><value>2063</value></Data>
            <Data name="Class"><value>Healthy</value></Data>
          </ExtendedData>
          <Point><coordinates>102.489749700,2.950582423,0</coordinates></Point>
        </Placemark>

        <Placemark>
          <name>2064</name>
          <styleUrl>#style_Healthy</styleUrl>
          <ExtendedData>
            <Data name="id"><value>2064</value></Data>
            <Data name="Class"><value>Healthy</value></Data>
          </ExtendedData>
          <Point><coordinates>102.489752000,2.950504520,0</coordinates></Point>
        </Placemark>

        <Placemark>
          <name>2065</name>
          <styleUrl>#style_Healthy</styleUrl>
          <ExtendedData>
            <Data name="id"><value>2065</value></Data>
            <Data name="Class"><value>Healthy</value></Data>
          </ExtendedData>
          <Point><coordinates>102.489764800,2.950416733,0</coordinates></Point>
        </Placemark>

        <Placemark>
          <name>2066</name>
          <styleUrl>#style_Healthy</styleUrl>
          <ExtendedData>
            <Data name="id"><value>2066</value></Data>
            <Data name="Class"><value>Healthy</value></Data>
          </ExtendedData>
          <Point><coordinates>102.489757800,2.950342317,0</coordinates></Point>
        </Placemark>

        <Placemark>
          <name>2067</name>
          <styleUrl>#style_Healthy</styleUrl>
          <ExtendedData>
            <Data name="id"><value>2067</value></Data>
            <Data name="Class"><value>Healthy</value></Data>
          </ExtendedData>
          <Point><coordinates>102.488176500,2.953852636,0</coordinates></Point>
        </Placemark>

        <Placemark>
          <name>2068</name>
          <styleUrl>#style_Healthy</styleUrl>
          <ExtendedData>
            <Data name="id"><value>2068</value></Data>
            <Data name="Class"><value>Healthy</value></Data>
          </ExtendedData>
          <Point><coordinates>102.488040500,2.954082859,0</coordinates></Point>
        </Placemark>

        <Placemark>
          <name>2069</name>
          <styleUrl>#style_Healthy</styleUrl>
          <ExtendedData>
            <Data name="id"><value>2069</value></Data>
            <Data name="Class"><value>Healthy</value></Data>
          </ExtendedData>
          <Point><coordinates>102.489764800,2.952848027,0</coordinates></Point>
        </Placemark>

        <Placemark>
          <name>2070</name>
          <styleUrl>#style_Healthy</styleUrl>
          <ExtendedData>
            <Data name="id"><value>2070</value></Data>
            <Data name="Class"><value>Healthy</value></Data>
          </ExtendedData>
          <Point><coordinates>102.489497400,2.951535291,0</coordinates></Point>
        </Placemark>

        <Placemark>
          <name>2071</name>
          <styleUrl>#style_Healthy</styleUrl>
          <ExtendedData>
            <Data name="id"><value>2071</value></Data>
            <Data name="Class"><value>Healthy</value></Data>
          </ExtendedData>
          <Point><coordinates>102.487241600,2.952937558,0</coordinates></Point>
        </Placemark>
    </Folder>
    <Folder>
      <name>Middle (378)</name>
      <open>0</open>
        <Placemark>
          <name>4</name>
          <styleUrl>#style_Middle</styleUrl>
          <ExtendedData>
            <Data name="id"><value>4</value></Data>
            <Data name="Class"><value>Middle</value></Data>
          </ExtendedData>
          <Point><coordinates>102.487112700,2.953625901,0</coordinates></Point>
        </Placemark>

        <Placemark>
          <name>7</name>
          <styleUrl>#style_Middle</styleUrl>
          <ExtendedData>
            <Data name="id"><value>7</value></Data>
            <Data name="Class"><value>Middle</value></Data>
          </ExtendedData>
          <Point><coordinates>102.487113900,2.953399167,0</coordinates></Point>
        </Placemark>

        <Placemark>
          <name>10</name>
          <styleUrl>#style_Middle</styleUrl>
          <ExtendedData>
            <Data name="id"><value>10</value></Data>
            <Data name="Class"><value>Middle</value></Data>
          </ExtendedData>
          <Point><coordinates>102.487313900,2.953970073,0</coordinates></Point>
        </Placemark>

        <Placemark>
          <name>14</name>
          <styleUrl>#style_Middle</styleUrl>
          <ExtendedData>
            <Data name="id"><value>14</value></Data>
            <Data name="Class"><value>Middle</value></Data>
          </ExtendedData>
          <Point><coordinates>102.487445300,2.954124718,0</coordinates></Point>
        </Placemark>

        <Placemark>
          <name>16</name>
          <styleUrl>#style_Middle</styleUrl>
          <ExtendedData>
            <Data name="id"><value>16</value></Data>
            <Data name="Class"><value>Middle</value></Data>
          </ExtendedData>
          <Point><coordinates>102.487584800,2.954123555,0</coordinates></Point>
        </Placemark>

        <Placemark>
          <name>33</name>
          <styleUrl>#style_Middle</styleUrl>
          <ExtendedData>
            <Data name="id"><value>33</value></Data>
            <Data name="Class"><value>Middle</value></Data>
          </ExtendedData>
          <Point><coordinates>102.487253400,2.953786360,0</coordinates></Point>
        </Placemark>

        <Placemark>
          <name>42</name>
          <styleUrl>#style_Middle</styleUrl>
          <ExtendedData>
            <Data name="id"><value>42</value></Data>
            <Data name="Class"><value>Middle</value></Data>
          </ExtendedData>
          <Point><coordinates>102.487377800,2.953474745,0</coordinates></Point>
        </Placemark>

        <Placemark>
          <name>52</name>
          <styleUrl>#style_Middle</styleUrl>
          <ExtendedData>
            <Data name="id"><value>52</value></Data>
            <Data name="Class"><value>Middle</value></Data>
          </ExtendedData>
          <Point><coordinates>102.487442900,2.953513115,0</coordinates></Point>
        </Placemark>

        <Placemark>
          <name>54</name>
          <styleUrl>#style_Middle</styleUrl>
          <ExtendedData>
            <Data name="id"><value>54</value></Data>
            <Data name="Class"><value>Middle</value></Data>
          </ExtendedData>
          <Point><coordinates>102.487508100,2.953473582,0</coordinates></Point>
        </Placemark>

        <Placemark>
          <name>56</name>
          <styleUrl>#style_Middle</styleUrl>
          <ExtendedData>
            <Data name="id"><value>56</value></Data>
            <Data name="Class"><value>Middle</value></Data>
          </ExtendedData>
          <Point><coordinates>102.487511600,2.953627064,0</coordinates></Point>
        </Placemark>

        <Placemark>
          <name>58</name>
          <styleUrl>#style_Middle</styleUrl>
          <ExtendedData>
            <Data name="id"><value>58</value></Data>
            <Data name="Class"><value>Middle</value></Data>
          </ExtendedData>
          <Point><coordinates>102.487580200,2.954049140,0</coordinates></Point>
        </Placemark>

        <Placemark>
          <name>61</name>
          <styleUrl>#style_Middle</styleUrl>
          <ExtendedData>
            <Data name="id"><value>61</value></Data>
            <Data name="Class"><value>Middle</value></Data>
          </ExtendedData>
          <Point><coordinates>102.487715000,2.954118904,0</coordinates></Point>
        </Placemark>

        <Placemark>
          <name>68</name>
          <styleUrl>#style_Middle</styleUrl>
          <ExtendedData>
            <Data name="id"><value>68</value></Data>
            <Data name="Class"><value>Middle</value></Data>
          </ExtendedData>
          <Point><coordinates>102.487576700,2.953971236,0</coordinates></Point>
        </Placemark>

        <Placemark>
          <name>69</name>
          <styleUrl>#style_Middle</styleUrl>
          <ExtendedData>
            <Data name="id"><value>69</value></Data>
            <Data name="Class"><value>Middle</value></Data>
          </ExtendedData>
          <Point><coordinates>102.487517400,2.953927052,0</coordinates></Point>
        </Placemark>

        <Placemark>
          <name>71</name>
          <styleUrl>#style_Middle</styleUrl>
          <ExtendedData>
            <Data name="id"><value>71</value></Data>
            <Data name="Class"><value>Middle</value></Data>
          </ExtendedData>
          <Point><coordinates>102.487513900,2.953774732,0</coordinates></Point>
        </Placemark>

        <Placemark>
          <name>72</name>
          <styleUrl>#style_Middle</styleUrl>
          <ExtendedData>
            <Data name="id"><value>72</value></Data>
            <Data name="Class"><value>Middle</value></Data>
          </ExtendedData>
          <Point><coordinates>102.487582500,2.953821242,0</coordinates></Point>
        </Placemark>

        <Placemark>
          <name>74</name>
          <styleUrl>#style_Middle</styleUrl>
          <ExtendedData>
            <Data name="id"><value>74</value></Data>
            <Data name="Class"><value>Middle</value></Data>
          </ExtendedData>
          <Point><coordinates>102.487580200,2.953667760,0</coordinates></Point>
        </Placemark>

        <Placemark>
          <name>77</name>
          <styleUrl>#style_Middle</styleUrl>
          <ExtendedData>
            <Data name="id"><value>77</value></Data>
            <Data name="Class"><value>Middle</value></Data>
          </ExtendedData>
          <Point><coordinates>102.487575500,2.953438700,0</coordinates></Point>
        </Placemark>

        <Placemark>
          <name>93</name>
          <styleUrl>#style_Middle</styleUrl>
          <ExtendedData>
            <Data name="id"><value>93</value></Data>
            <Data name="Class"><value>Middle</value></Data>
          </ExtendedData>
          <Point><coordinates>102.487708100,2.953827056,0</coordinates></Point>
        </Placemark>

        <Placemark>
          <name>94</name>
          <styleUrl>#style_Middle</styleUrl>
          <ExtendedData>
            <Data name="id"><value>94</value></Data>
            <Data name="Class"><value>Middle</value></Data>
          </ExtendedData>
          <Point><coordinates>102.487710400,2.953892169,0</coordinates></Point>
        </Placemark>

        <Placemark>
          <name>97</name>
          <styleUrl>#style_Middle</styleUrl>
          <ExtendedData>
            <Data name="id"><value>97</value></Data>
            <Data name="Class"><value>Middle</value></Data>
          </ExtendedData>
          <Point><coordinates>102.487772000,2.953930540,0</coordinates></Point>
        </Placemark>

        <Placemark>
          <name>112</name>
          <styleUrl>#style_Middle</styleUrl>
          <ExtendedData>
            <Data name="id"><value>112</value></Data>
            <Data name="Class"><value>Middle</value></Data>
          </ExtendedData>
          <Point><coordinates>102.487842900,2.953966585,0</coordinates></Point>
        </Placemark>

        <Placemark>
          <name>120</name>
          <styleUrl>#style_Middle</styleUrl>
          <ExtendedData>
            <Data name="id"><value>120</value></Data>
            <Data name="Class"><value>Middle</value></Data>
          </ExtendedData>
          <Point><coordinates>102.488303400,2.954085185,0</coordinates></Point>
        </Placemark>

        <Placemark>
          <name>123</name>
          <styleUrl>#style_Middle</styleUrl>
          <ExtendedData>
            <Data name="id"><value>123</value></Data>
            <Data name="Class"><value>Middle</value></Data>
          </ExtendedData>
          <Point><coordinates>102.488105700,2.954045651,0</coordinates></Point>
        </Placemark>

        <Placemark>
          <name>127</name>
          <styleUrl>#style_Middle</styleUrl>
          <ExtendedData>
            <Data name="id"><value>127</value></Data>
            <Data name="Class"><value>Middle</value></Data>
          </ExtendedData>
          <Point><coordinates>102.487911500,2.953931703,0</coordinates></Point>
        </Placemark>

        <Placemark>
          <name>132</name>
          <styleUrl>#style_Middle</styleUrl>
          <ExtendedData>
            <Data name="id"><value>132</value></Data>
            <Data name="Class"><value>Middle</value></Data>
          </ExtendedData>
          <Point><coordinates>102.487904600,2.953471257,0</coordinates></Point>
        </Placemark>

        <Placemark>
          <name>137</name>
          <styleUrl>#style_Middle</styleUrl>
          <ExtendedData>
            <Data name="id"><value>137</value></Data>
            <Data name="Class"><value>Middle</value></Data>
          </ExtendedData>
          <Point><coordinates>102.487974300,2.953663109,0</coordinates></Point>
        </Placemark>

        <Placemark>
          <name>141</name>
          <styleUrl>#style_Middle</styleUrl>
          <ExtendedData>
            <Data name="id"><value>141</value></Data>
            <Data name="Class"><value>Middle</value></Data>
          </ExtendedData>
          <Point><coordinates>102.487975500,2.953970073,0</coordinates></Point>
        </Placemark>

        <Placemark>
          <name>143</name>
          <styleUrl>#style_Middle</styleUrl>
          <ExtendedData>
            <Data name="id"><value>143</value></Data>
            <Data name="Class"><value>Middle</value></Data>
          </ExtendedData>
          <Point><coordinates>102.488047600,2.953856124,0</coordinates></Point>
        </Placemark>

        <Placemark>
          <name>144</name>
          <styleUrl>#style_Middle</styleUrl>
          <ExtendedData>
            <Data name="id"><value>144</value></Data>
            <Data name="Class"><value>Middle</value></Data>
          </ExtendedData>
          <Point><coordinates>102.488042900,2.953771244,0</coordinates></Point>
        </Placemark>

        <Placemark>
          <name>145</name>
          <styleUrl>#style_Middle</styleUrl>
          <ExtendedData>
            <Data name="id"><value>145</value></Data>
            <Data name="Class"><value>Middle</value></Data>
          </ExtendedData>
          <Point><coordinates>102.488042900,2.953708456,0</coordinates></Point>
        </Placemark>

        <Placemark>
          <name>146</name>
          <styleUrl>#style_Middle</styleUrl>
          <ExtendedData>
            <Data name="id"><value>146</value></Data>
            <Data name="Class"><value>Middle</value></Data>
          </ExtendedData>
          <Point><coordinates>102.488110400,2.953738687,0</coordinates></Point>
        </Placemark>

        <Placemark>
          <name>153</name>
          <styleUrl>#style_Middle</styleUrl>
          <ExtendedData>
            <Data name="id"><value>153</value></Data>
            <Data name="Class"><value>Middle</value></Data>
          </ExtendedData>
          <Point><coordinates>102.488244100,2.954045651,0</coordinates></Point>
        </Placemark>

        <Placemark>
          <name>155</name>
          <styleUrl>#style_Middle</styleUrl>
          <ExtendedData>
            <Data name="id"><value>155</value></Data>
            <Data name="Class"><value>Middle</value></Data>
          </ExtendedData>
          <Point><coordinates>102.488305700,2.953931703,0</coordinates></Point>
        </Placemark>

        <Placemark>
          <name>157</name>
          <styleUrl>#style_Middle</styleUrl>
          <ExtendedData>
            <Data name="id"><value>157</value></Data>
            <Data name="Class"><value>Middle</value></Data>
          </ExtendedData>
          <Point><coordinates>102.488310400,2.953779383,0</coordinates></Point>
        </Placemark>

        <Placemark>
          <name>159</name>
          <styleUrl>#style_Middle</styleUrl>
          <ExtendedData>
            <Data name="id"><value>159</value></Data>
            <Data name="Class"><value>Middle</value></Data>
          </ExtendedData>
          <Point><coordinates>102.488245200,2.953888681,0</coordinates></Point>
        </Placemark>

        <Placemark>
          <name>160</name>
          <styleUrl>#style_Middle</styleUrl>
          <ExtendedData>
            <Data name="id"><value>160</value></Data>
            <Data name="Class"><value>Middle</value></Data>
          </ExtendedData>
          <Point><coordinates>102.488244100,2.953971236,0</coordinates></Point>
        </Placemark>

        <Placemark>
          <name>161</name>
          <styleUrl>#style_Middle</styleUrl>
          <ExtendedData>
            <Data name="id"><value>161</value></Data>
            <Data name="Class"><value>Middle</value></Data>
          </ExtendedData>
          <Point><coordinates>102.488240600,2.953738687,0</coordinates></Point>
        </Placemark>

        <Placemark>
          <name>162</name>
          <styleUrl>#style_Middle</styleUrl>
          <ExtendedData>
            <Data name="id"><value>162</value></Data>
            <Data name="Class"><value>Middle</value></Data>
          </ExtendedData>
          <Point><coordinates>102.488308000,2.953700317,0</coordinates></Point>
        </Placemark>

        <Placemark>
          <name>179</name>
          <styleUrl>#style_Middle</styleUrl>
          <ExtendedData>
            <Data name="id"><value>179</value></Data>
            <Data name="Class"><value>Middle</value></Data>
          </ExtendedData>
          <Point><coordinates>102.488302200,2.953393353,0</coordinates></Point>
        </Placemark>

        <Placemark>
          <name>180</name>
          <styleUrl>#style_Middle</styleUrl>
          <ExtendedData>
            <Data name="id"><value>180</value></Data>
            <Data name="Class"><value>Middle</value></Data>
          </ExtendedData>
          <Point><coordinates>102.488173200,2.953401492,0</coordinates></Point>
        </Placemark>

        <Placemark>
          <name>184</name>
          <styleUrl>#style_Middle</styleUrl>
          <ExtendedData>
            <Data name="id"><value>184</value></Data>
            <Data name="Class"><value>Middle</value></Data>
          </ExtendedData>
          <Point><coordinates>102.488240600,2.953356145,0</coordinates></Point>
        </Placemark>

        <Placemark>
          <name>186</name>
          <styleUrl>#style_Middle</styleUrl>
          <ExtendedData>
            <Data name="id"><value>186</value></Data>
            <Data name="Class"><value>Middle</value></Data>
          </ExtendedData>
          <Point><coordinates>102.488299900,2.953316612,0</coordinates></Point>
        </Placemark>

        <Placemark>
          <name>187</name>
          <styleUrl>#style_Middle</styleUrl>
          <ExtendedData>
            <Data name="id"><value>187</value></Data>
            <Data name="Class"><value>Middle</value></Data>
          </ExtendedData>
          <Point><coordinates>102.488370800,2.953356145,0</coordinates></Point>
        </Placemark>

        <Placemark>
          <name>193</name>
          <styleUrl>#style_Middle</styleUrl>
          <ExtendedData>
            <Data name="id"><value>193</value></Data>
            <Data name="Class"><value>Middle</value></Data>
          </ExtendedData>
          <Point><coordinates>102.488377800,2.953891007,0</coordinates></Point>
        </Placemark>

        <Placemark>
          <name>198</name>
          <styleUrl>#style_Middle</styleUrl>
          <ExtendedData>
            <Data name="id"><value>198</value></Data>
            <Data name="Class"><value>Middle</value></Data>
          </ExtendedData>
          <Point><coordinates>102.488511500,2.954122392,0</coordinates></Point>
        </Placemark>

        <Placemark>
          <name>199</name>
          <styleUrl>#style_Middle</styleUrl>
          <ExtendedData>
            <Data name="id"><value>199</value></Data>
            <Data name="Class"><value>Middle</value></Data>
          </ExtendedData>
          <Point><coordinates>102.488437100,2.954082859,0</coordinates></Point>
        </Placemark>

        <Placemark>
          <name>200</name>
          <styleUrl>#style_Middle</styleUrl>
          <ExtendedData>
            <Data name="id"><value>200</value></Data>
            <Data name="Class"><value>Middle</value></Data>
          </ExtendedData>
          <Point><coordinates>102.488442900,2.954007281,0</coordinates></Point>
        </Placemark>

        <Placemark>
          <name>203</name>
          <styleUrl>#style_Middle</styleUrl>
          <ExtendedData>
            <Data name="id"><value>203</value></Data>
            <Data name="Class"><value>Middle</value></Data>
          </ExtendedData>
          <Point><coordinates>102.488438300,2.953779383,0</coordinates></Point>
        </Placemark>

        <Placemark>
          <name>238</name>
          <styleUrl>#style_Middle</styleUrl>
          <ExtendedData>
            <Data name="id"><value>238</value></Data>
            <Data name="Class"><value>Middle</value></Data>
          </ExtendedData>
          <Point><coordinates>102.488710300,2.953857287,0</coordinates></Point>
        </Placemark>

        <Placemark>
          <name>259</name>
          <styleUrl>#style_Middle</styleUrl>
          <ExtendedData>
            <Data name="id"><value>259</value></Data>
            <Data name="Class"><value>Middle</value></Data>
          </ExtendedData>
          <Point><coordinates>102.488635300,2.953664563,0</coordinates></Point>
        </Placemark>

        <Placemark>
          <name>260</name>
          <styleUrl>#style_Middle</styleUrl>
          <ExtendedData>
            <Data name="id"><value>260</value></Data>
            <Data name="Class"><value>Middle</value></Data>
          </ExtendedData>
          <Point><coordinates>102.488706300,2.953701770,0</coordinates></Point>
        </Placemark>

        <Placemark>
          <name>262</name>
          <styleUrl>#style_Middle</styleUrl>
          <ExtendedData>
            <Data name="id"><value>262</value></Data>
            <Data name="Class"><value>Middle</value></Data>
          </ExtendedData>
          <Point><coordinates>102.488641200,2.953577357,0</coordinates></Point>
        </Placemark>

        <Placemark>
          <name>267</name>
          <styleUrl>#style_Middle</styleUrl>
          <ExtendedData>
            <Data name="id"><value>267</value></Data>
            <Data name="Class"><value>Middle</value></Data>
          </ExtendedData>
          <Point><coordinates>102.488766700,2.953582008,0</coordinates></Point>
        </Placemark>

        <Placemark>
          <name>269</name>
          <styleUrl>#style_Middle</styleUrl>
          <ExtendedData>
            <Data name="id"><value>269</value></Data>
            <Data name="Class"><value>Middle</value></Data>
          </ExtendedData>
          <Point><coordinates>102.488773700,2.953430851,0</coordinates></Point>
        </Placemark>

        <Placemark>
          <name>270</name>
          <styleUrl>#style_Middle</styleUrl>
          <ExtendedData>
            <Data name="id"><value>270</value></Data>
            <Data name="Class"><value>Middle</value></Data>
          </ExtendedData>
          <Point><coordinates>102.488769100,2.953354110,0</coordinates></Point>
        </Placemark>

        <Placemark>
          <name>283</name>
          <styleUrl>#style_Middle</styleUrl>
          <ExtendedData>
            <Data name="id"><value>283</value></Data>
            <Data name="Class"><value>Middle</value></Data>
          </ExtendedData>
          <Point><coordinates>102.489040000,2.953659912,0</coordinates></Point>
        </Placemark>

        <Placemark>
          <name>288</name>
          <styleUrl>#style_Middle</styleUrl>
          <ExtendedData>
            <Data name="id"><value>288</value></Data>
            <Data name="Class"><value>Middle</value></Data>
          </ExtendedData>
          <Point><coordinates>102.488842300,2.953700608,0</coordinates></Point>
        </Placemark>

        <Placemark>
          <name>304</name>
          <styleUrl>#style_Middle</styleUrl>
          <ExtendedData>
            <Data name="id"><value>304</value></Data>
            <Data name="Class"><value>Middle</value></Data>
          </ExtendedData>
          <Point><coordinates>102.488980700,2.953848276,0</coordinates></Point>
        </Placemark>

        <Placemark>
          <name>310</name>
          <styleUrl>#style_Middle</styleUrl>
          <ExtendedData>
            <Data name="id"><value>310</value></Data>
            <Data name="Class"><value>Middle</value></Data>
          </ExtendedData>
          <Point><coordinates>102.489236500,2.953309926,0</coordinates></Point>
        </Placemark>

        <Placemark>
          <name>320</name>
          <styleUrl>#style_Middle</styleUrl>
          <ExtendedData>
            <Data name="id"><value>320</value></Data>
            <Data name="Class"><value>Middle</value></Data>
          </ExtendedData>
          <Point><coordinates>102.489702700,2.953279695,0</coordinates></Point>
        </Placemark>

        <Placemark>
          <name>325</name>
          <styleUrl>#style_Middle</styleUrl>
          <ExtendedData>
            <Data name="id"><value>325</value></Data>
            <Data name="Class"><value>Middle</value></Data>
          </ExtendedData>
          <Point><coordinates>102.489841100,2.953347134,0</coordinates></Point>
        </Placemark>

        <Placemark>
          <name>331</name>
          <styleUrl>#style_Middle</styleUrl>
          <ExtendedData>
            <Data name="id"><value>331</value></Data>
            <Data name="Class"><value>Middle</value></Data>
          </ExtendedData>
          <Point><coordinates>102.489835300,2.953811068,0</coordinates></Point>
        </Placemark>

        <Placemark>
          <name>333</name>
          <styleUrl>#style_Middle</styleUrl>
          <ExtendedData>
            <Data name="id"><value>333</value></Data>
            <Data name="Class"><value>Middle</value></Data>
          </ExtendedData>
          <Point><coordinates>102.489836500,2.953964550,0</coordinates></Point>
        </Placemark>

        <Placemark>
          <name>351</name>
          <styleUrl>#style_Middle</styleUrl>
          <ExtendedData>
            <Data name="id"><value>351</value></Data>
            <Data name="Class"><value>Middle</value></Data>
          </ExtendedData>
          <Point><coordinates>102.489101600,2.953695957,0</coordinates></Point>
        </Placemark>

        <Placemark>
          <name>378</name>
          <styleUrl>#style_Middle</styleUrl>
          <ExtendedData>
            <Data name="id"><value>378</value></Data>
            <Data name="Class"><value>Middle</value></Data>
          </ExtendedData>
          <Point><coordinates>102.489305100,2.953584333,0</coordinates></Point>
        </Placemark>

        <Placemark>
          <name>380</name>
          <styleUrl>#style_Middle</styleUrl>
          <ExtendedData>
            <Data name="id"><value>380</value></Data>
            <Data name="Class"><value>Middle</value></Data>
          </ExtendedData>
          <Point><coordinates>102.489440000,2.953502941,0</coordinates></Point>
        </Placemark>

        <Placemark>
          <name>393</name>
          <styleUrl>#style_Middle</styleUrl>
          <ExtendedData>
            <Data name="id"><value>393</value></Data>
            <Data name="Class"><value>Middle</value></Data>
          </ExtendedData>
          <Point><coordinates>102.489436500,2.953579682,0</coordinates></Point>
        </Placemark>

        <Placemark>
          <name>395</name>
          <styleUrl>#style_Middle</styleUrl>
          <ExtendedData>
            <Data name="id"><value>395</value></Data>
            <Data name="Class"><value>Middle</value></Data>
          </ExtendedData>
          <Point><coordinates>102.489307400,2.953654098,0</coordinates></Point>
        </Placemark>

        <Placemark>
          <name>403</name>
          <styleUrl>#style_Middle</styleUrl>
          <ExtendedData>
            <Data name="id"><value>403</value></Data>
            <Data name="Class"><value>Middle</value></Data>
          </ExtendedData>
          <Point><coordinates>102.489440000,2.953809905,0</coordinates></Point>
        </Placemark>

        <Placemark>
          <name>406</name>
          <styleUrl>#style_Middle</styleUrl>
          <ExtendedData>
            <Data name="id"><value>406</value></Data>
            <Data name="Class"><value>Middle</value></Data>
          </ExtendedData>
          <Point><coordinates>102.489506200,2.953999432,0</coordinates></Point>
        </Placemark>

        <Placemark>
          <name>413</name>
          <styleUrl>#style_Middle</styleUrl>
          <ExtendedData>
            <Data name="id"><value>413</value></Data>
            <Data name="Class"><value>Middle</value></Data>
          </ExtendedData>
          <Point><coordinates>102.489570200,2.953964550,0</coordinates></Point>
        </Placemark>

        <Placemark>
          <name>414</name>
          <styleUrl>#style_Middle</styleUrl>
          <ExtendedData>
            <Data name="id"><value>414</value></Data>
            <Data name="Class"><value>Middle</value></Data>
          </ExtendedData>
          <Point><coordinates>102.489570200,2.953892460,0</coordinates></Point>
        </Placemark>

        <Placemark>
          <name>420</name>
          <styleUrl>#style_Middle</styleUrl>
          <ExtendedData>
            <Data name="id"><value>420</value></Data>
            <Data name="Class"><value>Middle</value></Data>
          </ExtendedData>
          <Point><coordinates>102.489703900,2.953658749,0</coordinates></Point>
        </Placemark>

        <Placemark>
          <name>425</name>
          <styleUrl>#style_Middle</styleUrl>
          <ExtendedData>
            <Data name="id"><value>425</value></Data>
            <Data name="Class"><value>Middle</value></Data>
          </ExtendedData>
          <Point><coordinates>102.489638800,2.953928505,0</coordinates></Point>
        </Placemark>

        <Placemark>
          <name>428</name>
          <styleUrl>#style_Middle</styleUrl>
          <ExtendedData>
            <Data name="id"><value>428</value></Data>
            <Data name="Class"><value>Middle</value></Data>
          </ExtendedData>
          <Point><coordinates>102.489777200,2.953773860,0</coordinates></Point>
        </Placemark>

        <Placemark>
          <name>434</name>
          <styleUrl>#style_Middle</styleUrl>
          <ExtendedData>
            <Data name="id"><value>434</value></Data>
            <Data name="Class"><value>Middle</value></Data>
          </ExtendedData>
          <Point><coordinates>102.489706200,2.954035477,0</coordinates></Point>
        </Placemark>

        <Placemark>
          <name>442</name>
          <styleUrl>#style_Middle</styleUrl>
          <ExtendedData>
            <Data name="id"><value>442</value></Data>
            <Data name="Class"><value>Middle</value></Data>
          </ExtendedData>
          <Point><coordinates>102.489903600,2.954004665,0</coordinates></Point>
        </Placemark>

        <Placemark>
          <name>445</name>
          <styleUrl>#style_Middle</styleUrl>
          <ExtendedData>
            <Data name="id"><value>445</value></Data>
            <Data name="Class"><value>Middle</value></Data>
          </ExtendedData>
          <Point><coordinates>102.489975100,2.953819207,0</coordinates></Point>
        </Placemark>

        <Placemark>
          <name>447</name>
          <styleUrl>#style_Middle</styleUrl>
          <ExtendedData>
            <Data name="id"><value>447</value></Data>
            <Data name="Class"><value>Middle</value></Data>
          </ExtendedData>
          <Point><coordinates>102.489971000,2.953743920,0</coordinates></Point>
        </Placemark>

        <Placemark>
          <name>455</name>
          <styleUrl>#style_Middle</styleUrl>
          <ExtendedData>
            <Data name="id"><value>455</value></Data>
            <Data name="Class"><value>Middle</value></Data>
          </ExtendedData>
          <Point><coordinates>102.489909400,2.953546835,0</coordinates></Point>
        </Placemark>

        <Placemark>
          <name>460</name>
          <styleUrl>#style_Middle</styleUrl>
          <ExtendedData>
            <Data name="id"><value>460</value></Data>
            <Data name="Class"><value>Middle</value></Data>
          </ExtendedData>
          <Point><coordinates>102.489901300,2.953388121,0</coordinates></Point>
        </Placemark>

        <Placemark>
          <name>477</name>
          <styleUrl>#style_Middle</styleUrl>
          <ExtendedData>
            <Data name="id"><value>477</value></Data>
            <Data name="Class"><value>Middle</value></Data>
          </ExtendedData>
          <Point><coordinates>102.486978700,2.953011392,0</coordinates></Point>
        </Placemark>

        <Placemark>
          <name>479</name>
          <styleUrl>#style_Middle</styleUrl>
          <ExtendedData>
            <Data name="id"><value>479</value></Data>
            <Data name="Class"><value>Middle</value></Data>
          </ExtendedData>
          <Point><coordinates>102.487045000,2.952903257,0</coordinates></Point>
        </Placemark>

        <Placemark>
          <name>480</name>
          <styleUrl>#style_Middle</styleUrl>
          <ExtendedData>
            <Data name="id"><value>480</value></Data>
            <Data name="Class"><value>Middle</value></Data>
          </ExtendedData>
          <Point><coordinates>102.487041500,2.952821865,0</coordinates></Point>
        </Placemark>

        <Placemark>
          <name>482</name>
          <styleUrl>#style_Middle</styleUrl>
          <ExtendedData>
            <Data name="id"><value>482</value></Data>
            <Data name="Class"><value>Middle</value></Data>
          </ExtendedData>
          <Point><coordinates>102.487042700,2.952748612,0</coordinates></Point>
        </Placemark>

        <Placemark>
          <name>484</name>
          <styleUrl>#style_Middle</styleUrl>
          <ExtendedData>
            <Data name="id"><value>484</value></Data>
            <Data name="Class"><value>Middle</value></Data>
          </ExtendedData>
          <Point><coordinates>102.487107800,2.952712567,0</coordinates></Point>
        </Placemark>

        <Placemark>
          <name>492</name>
          <styleUrl>#style_Middle</styleUrl>
          <ExtendedData>
            <Data name="id"><value>492</value></Data>
            <Data name="Class"><value>Middle</value></Data>
          </ExtendedData>
          <Point><coordinates>102.487304300,2.952904420,0</coordinates></Point>
        </Placemark>

        <Placemark>
          <name>493</name>
          <styleUrl>#style_Middle</styleUrl>
          <ExtendedData>
            <Data name="id"><value>493</value></Data>
            <Data name="Class"><value>Middle</value></Data>
          </ExtendedData>
          <Point><coordinates>102.487374100,2.952859073,0</coordinates></Point>
        </Placemark>

        <Placemark>
          <name>502</name>
          <styleUrl>#style_Middle</styleUrl>
          <ExtendedData>
            <Data name="id"><value>502</value></Data>
            <Data name="Class"><value>Middle</value></Data>
          </ExtendedData>
          <Point><coordinates>102.487172900,2.953131155,0</coordinates></Point>
        </Placemark>

        <Placemark>
          <name>513</name>
          <styleUrl>#style_Middle</styleUrl>
          <ExtendedData>
            <Data name="id"><value>513</value></Data>
            <Data name="Class"><value>Middle</value></Data>
          </ExtendedData>
          <Point><coordinates>102.487307800,2.953288125,0</coordinates></Point>
        </Placemark>

        <Placemark>
          <name>514</name>
          <styleUrl>#style_Middle</styleUrl>
          <ExtendedData>
            <Data name="id"><value>514</value></Data>
            <Data name="Class"><value>Middle</value></Data>
          </ExtendedData>
          <Point><coordinates>102.487306600,2.953357889,0</coordinates></Point>
        </Placemark>

        <Placemark>
          <name>515</name>
          <styleUrl>#style_Middle</styleUrl>
          <ExtendedData>
            <Data name="id"><value>515</value></Data>
            <Data name="Class"><value>Middle</value></Data>
          </ExtendedData>
          <Point><coordinates>102.487312400,2.953205570,0</coordinates></Point>
        </Placemark>

        <Placemark>
          <name>520</name>
          <styleUrl>#style_Middle</styleUrl>
          <ExtendedData>
            <Data name="id"><value>520</value></Data>
            <Data name="Class"><value>Middle</value></Data>
          </ExtendedData>
          <Point><coordinates>102.487378700,2.953010229,0</coordinates></Point>
        </Placemark>

        <Placemark>
          <name>523</name>
          <styleUrl>#style_Middle</styleUrl>
          <ExtendedData>
            <Data name="id"><value>523</value></Data>
            <Data name="Class"><value>Middle</value></Data>
          </ExtendedData>
          <Point><coordinates>102.487372900,2.953243941,0</coordinates></Point>
        </Placemark>

        <Placemark>
          <name>526</name>
          <styleUrl>#style_Middle</styleUrl>
          <ExtendedData>
            <Data name="id"><value>526</value></Data>
            <Data name="Class"><value>Middle</value></Data>
          </ExtendedData>
          <Point><coordinates>102.487443800,2.953279986,0</coordinates></Point>
        </Placemark>

        <Placemark>
          <name>532</name>
          <styleUrl>#style_Middle</styleUrl>
          <ExtendedData>
            <Data name="id"><value>532</value></Data>
            <Data name="Class"><value>Middle</value></Data>
          </ExtendedData>
          <Point><coordinates>102.487506600,2.953245103,0</coordinates></Point>
        </Placemark>

        <Placemark>
          <name>536</name>
          <styleUrl>#style_Middle</styleUrl>
          <ExtendedData>
            <Data name="id"><value>536</value></Data>
            <Data name="Class"><value>Middle</value></Data>
          </ExtendedData>
          <Point><coordinates>102.487575200,2.953209058,0</coordinates></Point>
        </Placemark>

        <Placemark>
          <name>537</name>
          <styleUrl>#style_Middle</styleUrl>
          <ExtendedData>
            <Data name="id"><value>537</value></Data>
            <Data name="Class"><value>Middle</value></Data>
          </ExtendedData>
          <Point><coordinates>102.487575200,2.953126504,0</coordinates></Point>
        </Placemark>

        <Placemark>
          <name>546</name>
          <styleUrl>#style_Middle</styleUrl>
          <ExtendedData>
            <Data name="id"><value>546</value></Data>
            <Data name="Class"><value>Middle</value></Data>
          </ExtendedData>
          <Point><coordinates>102.487839200,2.953281148,0</coordinates></Point>
        </Placemark>

        <Placemark>
          <name>550</name>
          <styleUrl>#style_Middle</styleUrl>
          <ExtendedData>
            <Data name="id"><value>550</value></Data>
            <Data name="Class"><value>Middle</value></Data>
          </ExtendedData>
          <Point><coordinates>102.487839200,2.953127666,0</coordinates></Point>
        </Placemark>

        <Placemark>
          <name>552</name>
          <styleUrl>#style_Middle</styleUrl>
          <ExtendedData>
            <Data name="id"><value>552</value></Data>
            <Data name="Class"><value>Middle</value></Data>
          </ExtendedData>
          <Point><coordinates>102.487972900,2.953047437,0</coordinates></Point>
        </Placemark>

        <Placemark>
          <name>554</name>
          <styleUrl>#style_Middle</styleUrl>
          <ExtendedData>
            <Data name="id"><value>554</value></Data>
            <Data name="Class"><value>Middle</value></Data>
          </ExtendedData>
          <Point><coordinates>102.487905400,2.953011392,0</coordinates></Point>
        </Placemark>

        <Placemark>
          <name>557</name>
          <styleUrl>#style_Middle</styleUrl>
          <ExtendedData>
            <Data name="id"><value>557</value></Data>
            <Data name="Class"><value>Middle</value></Data>
          </ExtendedData>
          <Point><coordinates>102.487707800,2.953121853,0</coordinates></Point>
        </Placemark>

        <Placemark>
          <name>558</name>
          <styleUrl>#style_Middle</styleUrl>
          <ExtendedData>
            <Data name="id"><value>558</value></Data>
            <Data name="Class"><value>Middle</value></Data>
          </ExtendedData>
          <Point><coordinates>102.487641500,2.953090459,0</coordinates></Point>
        </Placemark>

        <Placemark>
          <name>559</name>
          <styleUrl>#style_Middle</styleUrl>
          <ExtendedData>
            <Data name="id"><value>559</value></Data>
            <Data name="Class"><value>Middle</value></Data>
          </ExtendedData>
          <Point><coordinates>102.487571700,2.953055576,0</coordinates></Point>
        </Placemark>

        <Placemark>
          <name>560</name>
          <styleUrl>#style_Middle</styleUrl>
          <ExtendedData>
            <Data name="id"><value>560</value></Data>
            <Data name="Class"><value>Middle</value></Data>
          </ExtendedData>
          <Point><coordinates>102.487507800,2.953012555,0</coordinates></Point>
        </Placemark>

        <Placemark>
          <name>561</name>
          <styleUrl>#style_Middle</styleUrl>
          <ExtendedData>
            <Data name="id"><value>561</value></Data>
            <Data name="Class"><value>Middle</value></Data>
          </ExtendedData>
          <Point><coordinates>102.487442700,2.952979998,0</coordinates></Point>
        </Placemark>

        <Placemark>
          <name>571</name>
          <styleUrl>#style_Middle</styleUrl>
          <ExtendedData>
            <Data name="id"><value>571</value></Data>
            <Data name="Class"><value>Middle</value></Data>
          </ExtendedData>
          <Point><coordinates>102.487503100,2.952859073,0</coordinates></Point>
        </Placemark>

        <Placemark>
          <name>572</name>
          <styleUrl>#style_Middle</styleUrl>
          <ExtendedData>
            <Data name="id"><value>572</value></Data>
            <Data name="Class"><value>Middle</value></Data>
          </ExtendedData>
          <Point><coordinates>102.487507800,2.952941628,0</coordinates></Point>
        </Placemark>

        <Placemark>
          <name>574</name>
          <styleUrl>#style_Middle</styleUrl>
          <ExtendedData>
            <Data name="id"><value>574</value></Data>
            <Data name="Class"><value>Middle</value></Data>
          </ExtendedData>
          <Point><coordinates>102.487570600,2.952819540,0</coordinates></Point>
        </Placemark>

        <Placemark>
          <name>578</name>
          <styleUrl>#style_Middle</styleUrl>
          <ExtendedData>
            <Data name="id"><value>578</value></Data>
            <Data name="Class"><value>Middle</value></Data>
          </ExtendedData>
          <Point><coordinates>102.487704300,2.952666058,0</coordinates></Point>
        </Placemark>

        <Placemark>
          <name>585</name>
          <styleUrl>#style_Middle</styleUrl>
          <ExtendedData>
            <Data name="id"><value>585</value></Data>
            <Data name="Class"><value>Middle</value></Data>
          </ExtendedData>
          <Point><coordinates>102.487640300,2.952939302,0</coordinates></Point>
        </Placemark>

        <Placemark>
          <name>588</name>
          <styleUrl>#style_Middle</styleUrl>
          <ExtendedData>
            <Data name="id"><value>588</value></Data>
            <Data name="Class"><value>Middle</value></Data>
          </ExtendedData>
          <Point><coordinates>102.487708900,2.953041623,0</coordinates></Point>
        </Placemark>

        <Placemark>
          <name>594</name>
          <styleUrl>#style_Middle</styleUrl>
          <ExtendedData>
            <Data name="id"><value>594</value></Data>
            <Data name="Class"><value>Middle</value></Data>
          </ExtendedData>
          <Point><coordinates>102.487906600,2.952859073,0</coordinates></Point>
        </Placemark>

        <Placemark>
          <name>597</name>
          <styleUrl>#style_Middle</styleUrl>
          <ExtendedData>
            <Data name="id"><value>597</value></Data>
            <Data name="Class"><value>Middle</value></Data>
          </ExtendedData>
          <Point><coordinates>102.487906600,2.952698614,0</coordinates></Point>
        </Placemark>

        <Placemark>
          <name>604</name>
          <styleUrl>#style_Middle</styleUrl>
          <ExtendedData>
            <Data name="id"><value>604</value></Data>
            <Data name="Class"><value>Middle</value></Data>
          </ExtendedData>
          <Point><coordinates>102.487904300,2.953242778,0</coordinates></Point>
        </Placemark>

        <Placemark>
          <name>605</name>
          <styleUrl>#style_Middle</styleUrl>
          <ExtendedData>
            <Data name="id"><value>605</value></Data>
            <Data name="Class"><value>Middle</value></Data>
          </ExtendedData>
          <Point><coordinates>102.487971700,2.953281148,0</coordinates></Point>
        </Placemark>

        <Placemark>
          <name>607</name>
          <styleUrl>#style_Middle</styleUrl>
          <ExtendedData>
            <Data name="id"><value>607</value></Data>
            <Data name="Class"><value>Middle</value></Data>
          </ExtendedData>
          <Point><coordinates>102.487971700,2.953205570,0</coordinates></Point>
        </Placemark>

        <Placemark>
          <name>609</name>
          <styleUrl>#style_Middle</styleUrl>
          <ExtendedData>
            <Data name="id"><value>609</value></Data>
            <Data name="Class"><value>Middle</value></Data>
          </ExtendedData>
          <Point><coordinates>102.488041500,2.953084645,0</coordinates></Point>
        </Placemark>

        <Placemark>
          <name>610</name>
          <styleUrl>#style_Middle</styleUrl>
          <ExtendedData>
            <Data name="id"><value>610</value></Data>
            <Data name="Class"><value>Middle</value></Data>
          </ExtendedData>
          <Point><coordinates>102.488036800,2.953167200,0</coordinates></Point>
        </Placemark>

        <Placemark>
          <name>619</name>
          <styleUrl>#style_Middle</styleUrl>
          <ExtendedData>
            <Data name="id"><value>619</value></Data>
            <Data name="Class"><value>Middle</value></Data>
          </ExtendedData>
          <Point><coordinates>102.488301900,2.953157898,0</coordinates></Point>
        </Placemark>

        <Placemark>
          <name>622</name>
          <styleUrl>#style_Middle</styleUrl>
          <ExtendedData>
            <Data name="id"><value>622</value></Data>
            <Data name="Class"><value>Middle</value></Data>
          </ExtendedData>
          <Point><coordinates>102.488178700,2.953163711,0</coordinates></Point>
        </Placemark>

        <Placemark>
          <name>623</name>
          <styleUrl>#style_Middle</styleUrl>
          <ExtendedData>
            <Data name="id"><value>623</value></Data>
            <Data name="Class"><value>Middle</value></Data>
          </ExtendedData>
          <Point><coordinates>102.488111200,2.953124178,0</coordinates></Point>
        </Placemark>

        <Placemark>
          <name>625</name>
          <styleUrl>#style_Middle</styleUrl>
          <ExtendedData>
            <Data name="id"><value>625</value></Data>
            <Data name="Class"><value>Middle</value></Data>
          </ExtendedData>
          <Point><coordinates>102.488039100,2.952936977,0</coordinates></Point>
        </Placemark>

        <Placemark>
          <name>627</name>
          <styleUrl>#style_Middle</styleUrl>
          <ExtendedData>
            <Data name="id"><value>627</value></Data>
            <Data name="Class"><value>Middle</value></Data>
          </ExtendedData>
          <Point><coordinates>102.487970500,2.952812563,0</coordinates></Point>
        </Placemark>

        <Placemark>
          <name>628</name>
          <styleUrl>#style_Middle</styleUrl>
          <ExtendedData>
            <Data name="id"><value>628</value></Data>
            <Data name="Class"><value>Middle</value></Data>
          </ExtendedData>
          <Point><coordinates>102.488036200,2.952776518,0</coordinates></Point>
        </Placemark>

        <Placemark>
          <name>633</name>
          <styleUrl>#style_Middle</styleUrl>
          <ExtendedData>
            <Data name="id"><value>633</value></Data>
            <Data name="Class"><value>Middle</value></Data>
          </ExtendedData>
          <Point><coordinates>102.488233300,2.952736985,0</coordinates></Point>
        </Placemark>

        <Placemark>
          <name>634</name>
          <styleUrl>#style_Middle</styleUrl>
          <ExtendedData>
            <Data name="id"><value>634</value></Data>
            <Data name="Class"><value>Middle</value></Data>
          </ExtendedData>
          <Point><coordinates>102.488300800,2.952776518,0</coordinates></Point>
        </Placemark>

        <Placemark>
          <name>635</name>
          <styleUrl>#style_Middle</styleUrl>
          <ExtendedData>
            <Data name="id"><value>635</value></Data>
            <Data name="Class"><value>Middle</value></Data>
          </ExtendedData>
          <Point><coordinates>102.488299600,2.952693963,0</coordinates></Point>
        </Placemark>

        <Placemark>
          <name>636</name>
          <styleUrl>#style_Middle</styleUrl>
          <ExtendedData>
            <Data name="id"><value>636</value></Data>
            <Data name="Class"><value>Middle</value></Data>
          </ExtendedData>
          <Point><coordinates>102.488167000,2.952775355,0</coordinates></Point>
        </Placemark>

        <Placemark>
          <name>639</name>
          <styleUrl>#style_Middle</styleUrl>
          <ExtendedData>
            <Data name="id"><value>639</value></Data>
            <Data name="Class"><value>Middle</value></Data>
          </ExtendedData>
          <Point><coordinates>102.488106600,2.952973022,0</coordinates></Point>
        </Placemark>

        <Placemark>
          <name>642</name>
          <styleUrl>#style_Middle</styleUrl>
          <ExtendedData>
            <Data name="id"><value>642</value></Data>
            <Data name="Class"><value>Middle</value></Data>
          </ExtendedData>
          <Point><coordinates>102.488170500,2.952860236,0</coordinates></Point>
        </Placemark>

        <Placemark>
          <name>647</name>
          <styleUrl>#style_Middle</styleUrl>
          <ExtendedData>
            <Data name="id"><value>647</value></Data>
            <Data name="Class"><value>Middle</value></Data>
          </ExtendedData>
          <Point><coordinates>102.488242600,2.952966045,0</coordinates></Point>
        </Placemark>

        <Placemark>
          <name>650</name>
          <styleUrl>#style_Middle</styleUrl>
          <ExtendedData>
            <Data name="id"><value>650</value></Data>
            <Data name="Class"><value>Middle</value></Data>
          </ExtendedData>
          <Point><coordinates>102.488242600,2.953046274,0</coordinates></Point>
        </Placemark>

        <Placemark>
          <name>658</name>
          <styleUrl>#style_Middle</styleUrl>
          <ExtendedData>
            <Data name="id"><value>658</value></Data>
            <Data name="Class"><value>Middle</value></Data>
          </ExtendedData>
          <Point><coordinates>102.488369400,2.952657918,0</coordinates></Point>
        </Placemark>

        <Placemark>
          <name>664</name>
          <styleUrl>#style_Middle</styleUrl>
          <ExtendedData>
            <Data name="id"><value>664</value></Data>
            <Data name="Class"><value>Middle</value></Data>
          </ExtendedData>
          <Point><coordinates>102.488367000,2.953121853,0</coordinates></Point>
        </Placemark>

        <Placemark>
          <name>679</name>
          <styleUrl>#style_Middle</styleUrl>
          <ExtendedData>
            <Data name="id"><value>679</value></Data>
            <Data name="Class"><value>Middle</value></Data>
          </ExtendedData>
          <Point><coordinates>102.489165800,2.952736985,0</coordinates></Point>
        </Placemark>

        <Placemark>
          <name>687</name>
          <styleUrl>#style_Middle</styleUrl>
          <ExtendedData>
            <Data name="id"><value>687</value></Data>
            <Data name="Class"><value>Middle</value></Data>
          </ExtendedData>
          <Point><coordinates>102.488700700,2.952624199,0</coordinates></Point>
        </Placemark>

        <Placemark>
          <name>697</name>
          <styleUrl>#style_Middle</styleUrl>
          <ExtendedData>
            <Data name="id"><value>697</value></Data>
            <Data name="Class"><value>Middle</value></Data>
          </ExtendedData>
          <Point><coordinates>102.488435300,2.953084645,0</coordinates></Point>
        </Placemark>

        <Placemark>
          <name>704</name>
          <styleUrl>#style_Middle</styleUrl>
          <ExtendedData>
            <Data name="id"><value>704</value></Data>
            <Data name="Class"><value>Middle</value></Data>
          </ExtendedData>
          <Point><coordinates>102.488495800,2.952891630,0</coordinates></Point>
        </Placemark>

        <Placemark>
          <name>706</name>
          <styleUrl>#style_Middle</styleUrl>
          <ExtendedData>
            <Data name="id"><value>706</value></Data>
            <Data name="Class"><value>Middle</value></Data>
          </ExtendedData>
          <Point><coordinates>102.488574900,2.952854422,0</coordinates></Point>
        </Placemark>

        <Placemark>
          <name>707</name>
          <styleUrl>#style_Middle</styleUrl>
          <ExtendedData>
            <Data name="id"><value>707</value></Data>
            <Data name="Class"><value>Middle</value></Data>
          </ExtendedData>
          <Point><coordinates>102.488571400,2.952776518,0</coordinates></Point>
        </Placemark>

        <Placemark>
          <name>708</name>
          <styleUrl>#style_Middle</styleUrl>
          <ExtendedData>
            <Data name="id"><value>708</value></Data>
            <Data name="Class"><value>Middle</value></Data>
          </ExtendedData>
          <Point><coordinates>102.488565600,2.952700940,0</coordinates></Point>
        </Placemark>

        <Placemark>
          <name>710</name>
          <styleUrl>#style_Middle</styleUrl>
          <ExtendedData>
            <Data name="id"><value>710</value></Data>
            <Data name="Class"><value>Middle</value></Data>
          </ExtendedData>
          <Point><coordinates>102.488700500,2.952692801,0</coordinates></Point>
        </Placemark>

        <Placemark>
          <name>712</name>
          <styleUrl>#style_Middle</styleUrl>
          <ExtendedData>
            <Data name="id"><value>712</value></Data>
            <Data name="Class"><value>Middle</value></Data>
          </ExtendedData>
          <Point><coordinates>102.488701000,2.952777100,0</coordinates></Point>
        </Placemark>

        <Placemark>
          <name>713</name>
          <styleUrl>#style_Middle</styleUrl>
          <ExtendedData>
            <Data name="id"><value>713</value></Data>
            <Data name="Class"><value>Middle</value></Data>
          </ExtendedData>
          <Point><coordinates>102.488633600,2.952810819,0</coordinates></Point>
        </Placemark>

        <Placemark>
          <name>716</name>
          <styleUrl>#style_Middle</styleUrl>
          <ExtendedData>
            <Data name="id"><value>716</value></Data>
            <Data name="Class"><value>Middle</value></Data>
          </ExtendedData>
          <Point><coordinates>102.488630100,2.953037554,0</coordinates></Point>
        </Placemark>

        <Placemark>
          <name>717</name>
          <styleUrl>#style_Middle</styleUrl>
          <ExtendedData>
            <Data name="id"><value>717</value></Data>
            <Data name="Class"><value>Middle</value></Data>
          </ExtendedData>
          <Point><coordinates>102.488569600,2.953079413,0</coordinates></Point>
        </Placemark>

        <Placemark>
          <name>725</name>
          <styleUrl>#style_Middle</styleUrl>
          <ExtendedData>
            <Data name="id"><value>725</value></Data>
            <Data name="Class"><value>Middle</value></Data>
          </ExtendedData>
          <Point><coordinates>102.488842900,2.953239871,0</coordinates></Point>
        </Placemark>

        <Placemark>
          <name>731</name>
          <styleUrl>#style_Middle</styleUrl>
          <ExtendedData>
            <Data name="id"><value>731</value></Data>
            <Data name="Class"><value>Middle</value></Data>
          </ExtendedData>
          <Point><coordinates>102.488905700,2.953124759,0</coordinates></Point>
        </Placemark>

        <Placemark>
          <name>732</name>
          <styleUrl>#style_Middle</styleUrl>
          <ExtendedData>
            <Data name="id"><value>732</value></Data>
            <Data name="Class"><value>Middle</value></Data>
          </ExtendedData>
          <Point><coordinates>102.488832400,2.953080575,0</coordinates></Point>
        </Placemark>

        <Placemark>
          <name>733</name>
          <styleUrl>#style_Middle</styleUrl>
          <ExtendedData>
            <Data name="id"><value>733</value></Data>
            <Data name="Class"><value>Middle</value></Data>
          </ExtendedData>
          <Point><coordinates>102.488768500,2.953123597,0</coordinates></Point>
        </Placemark>

        <Placemark>
          <name>734</name>
          <styleUrl>#style_Middle</styleUrl>
          <ExtendedData>
            <Data name="id"><value>734</value></Data>
            <Data name="Class"><value>Middle</value></Data>
          </ExtendedData>
          <Point><coordinates>102.488705700,2.953158479,0</coordinates></Point>
        </Placemark>

        <Placemark>
          <name>738</name>
          <styleUrl>#style_Middle</styleUrl>
          <ExtendedData>
            <Data name="id"><value>738</value></Data>
            <Data name="Class"><value>Middle</value></Data>
          </ExtendedData>
          <Point><coordinates>102.488704500,2.952929419,0</coordinates></Point>
        </Placemark>

        <Placemark>
          <name>745</name>
          <styleUrl>#style_Middle</styleUrl>
          <ExtendedData>
            <Data name="id"><value>745</value></Data>
            <Data name="Class"><value>Middle</value></Data>
          </ExtendedData>
          <Point><coordinates>102.488838200,2.952774774,0</coordinates></Point>
        </Placemark>

        <Placemark>
          <name>750</name>
          <styleUrl>#style_Middle</styleUrl>
          <ExtendedData>
            <Data name="id"><value>750</value></Data>
            <Data name="Class"><value>Middle</value></Data>
          </ExtendedData>
          <Point><coordinates>102.488902200,2.952887560,0</coordinates></Point>
        </Placemark>

        <Placemark>
          <name>757</name>
          <styleUrl>#style_Middle</styleUrl>
          <ExtendedData>
            <Data name="id"><value>757</value></Data>
            <Data name="Class"><value>Middle</value></Data>
          </ExtendedData>
          <Point><coordinates>102.488972000,2.952930582,0</coordinates></Point>
        </Placemark>

        <Placemark>
          <name>758</name>
          <styleUrl>#style_Middle</styleUrl>
          <ExtendedData>
            <Data name="id"><value>758</value></Data>
            <Data name="Class"><value>Middle</value></Data>
          </ExtendedData>
          <Point><coordinates>102.489033000,2.952969533,0</coordinates></Point>
        </Placemark>

        <Placemark>
          <name>765</name>
          <styleUrl>#style_Middle</styleUrl>
          <ExtendedData>
            <Data name="id"><value>765</value></Data>
            <Data name="Class"><value>Middle</value></Data>
          </ExtendedData>
          <Point><coordinates>102.489233600,2.952924768,0</coordinates></Point>
        </Placemark>

        <Placemark>
          <name>766</name>
          <styleUrl>#style_Middle</styleUrl>
          <ExtendedData>
            <Data name="id"><value>766</value></Data>
            <Data name="Class"><value>Middle</value></Data>
          </ExtendedData>
          <Point><coordinates>102.489298700,2.952894537,0</coordinates></Point>
        </Placemark>

        <Placemark>
          <name>767</name>
          <styleUrl>#style_Middle</styleUrl>
          <ExtendedData>
            <Data name="id"><value>767</value></Data>
            <Data name="Class"><value>Middle</value></Data>
          </ExtendedData>
          <Point><coordinates>102.489292900,2.952813145,0</coordinates></Point>
        </Placemark>

        <Placemark>
          <name>769</name>
          <styleUrl>#style_Middle</styleUrl>
          <ExtendedData>
            <Data name="id"><value>769</value></Data>
            <Data name="Class"><value>Middle</value></Data>
          </ExtendedData>
          <Point><coordinates>102.489291700,2.952730590,0</coordinates></Point>
        </Placemark>

        <Placemark>
          <name>771</name>
          <styleUrl>#style_Middle</styleUrl>
          <ExtendedData>
            <Data name="id"><value>771</value></Data>
            <Data name="Class"><value>Middle</value></Data>
          </ExtendedData>
          <Point><coordinates>102.489366100,2.952688731,0</coordinates></Point>
        </Placemark>

        <Placemark>
          <name>777</name>
          <styleUrl>#style_Middle</styleUrl>
          <ExtendedData>
            <Data name="id"><value>777</value></Data>
            <Data name="Class"><value>Middle</value></Data>
          </ExtendedData>
          <Point><coordinates>102.489362600,2.952930582,0</coordinates></Point>
        </Placemark>

        <Placemark>
          <name>780</name>
          <styleUrl>#style_Middle</styleUrl>
          <ExtendedData>
            <Data name="id"><value>780</value></Data>
            <Data name="Class"><value>Middle</value></Data>
          </ExtendedData>
          <Point><coordinates>102.489432400,2.953111969,0</coordinates></Point>
        </Placemark>

        <Placemark>
          <name>787</name>
          <styleUrl>#style_Middle</styleUrl>
          <ExtendedData>
            <Data name="id"><value>787</value></Data>
            <Data name="Class"><value>Middle</value></Data>
          </ExtendedData>
          <Point><coordinates>102.489165000,2.953191036,0</coordinates></Point>
        </Placemark>

        <Placemark>
          <name>790</name>
          <styleUrl>#style_Middle</styleUrl>
          <ExtendedData>
            <Data name="id"><value>790</value></Data>
            <Data name="Class"><value>Middle</value></Data>
          </ExtendedData>
          <Point><coordinates>102.489166100,2.953120109,0</coordinates></Point>
        </Placemark>

        <Placemark>
          <name>795</name>
          <styleUrl>#style_Middle</styleUrl>
          <ExtendedData>
            <Data name="id"><value>795</value></Data>
            <Data name="Class"><value>Middle</value></Data>
          </ExtendedData>
          <Point><coordinates>102.489169600,2.953042205,0</coordinates></Point>
        </Placemark>

        <Placemark>
          <name>800</name>
          <styleUrl>#style_Middle</styleUrl>
          <ExtendedData>
            <Data name="id"><value>800</value></Data>
            <Data name="Class"><value>Middle</value></Data>
          </ExtendedData>
          <Point><coordinates>102.490025400,2.953207024,0</coordinates></Point>
        </Placemark>

        <Placemark>
          <name>806</name>
          <styleUrl>#style_Middle</styleUrl>
          <ExtendedData>
            <Data name="id"><value>806</value></Data>
            <Data name="Class"><value>Middle</value></Data>
          </ExtendedData>
          <Point><coordinates>102.489959100,2.952776809,0</coordinates></Point>
        </Placemark>

        <Placemark>
          <name>810</name>
          <styleUrl>#style_Middle</styleUrl>
          <ExtendedData>
            <Data name="id"><value>810</value></Data>
            <Data name="Class"><value>Middle</value></Data>
          </ExtendedData>
          <Point><coordinates>102.489896300,2.952736113,0</coordinates></Point>
        </Placemark>

        <Placemark>
          <name>812</name>
          <styleUrl>#style_Middle</styleUrl>
          <ExtendedData>
            <Data name="id"><value>812</value></Data>
            <Data name="Class"><value>Middle</value></Data>
          </ExtendedData>
          <Point><coordinates>102.489832400,2.952887269,0</coordinates></Point>
        </Placemark>

        <Placemark>
          <name>817</name>
          <styleUrl>#style_Middle</styleUrl>
          <ExtendedData>
            <Data name="id"><value>817</value></Data>
            <Data name="Class"><value>Middle</value></Data>
          </ExtendedData>
          <Point><coordinates>102.489899800,2.953229116,0</coordinates></Point>
        </Placemark>

        <Placemark>
          <name>821</name>
          <styleUrl>#style_Middle</styleUrl>
          <ExtendedData>
            <Data name="id"><value>821</value></Data>
            <Data name="Class"><value>Middle</value></Data>
          </ExtendedData>
          <Point><coordinates>102.489635900,2.953237255,0</coordinates></Point>
        </Placemark>

        <Placemark>
          <name>823</name>
          <styleUrl>#style_Middle</styleUrl>
          <ExtendedData>
            <Data name="id"><value>823</value></Data>
            <Data name="Class"><value>Middle</value></Data>
          </ExtendedData>
          <Point><coordinates>102.489570800,2.953119818,0</coordinates></Point>
        </Placemark>

        <Placemark>
          <name>833</name>
          <styleUrl>#style_Middle</styleUrl>
          <ExtendedData>
            <Data name="id"><value>833</value></Data>
            <Data name="Class"><value>Middle</value></Data>
          </ExtendedData>
          <Point><coordinates>102.489696300,2.952889595,0</coordinates></Point>
        </Placemark>

        <Placemark>
          <name>835</name>
          <styleUrl>#style_Middle</styleUrl>
          <ExtendedData>
            <Data name="id"><value>835</value></Data>
            <Data name="Class"><value>Middle</value></Data>
          </ExtendedData>
          <Point><coordinates>102.489631200,2.952919826,0</coordinates></Point>
        </Placemark>

        <Placemark>
          <name>838</name>
          <styleUrl>#style_Middle</styleUrl>
          <ExtendedData>
            <Data name="id"><value>838</value></Data>
            <Data name="Class"><value>Middle</value></Data>
          </ExtendedData>
          <Point><coordinates>102.489634700,2.953073308,0</coordinates></Point>
        </Placemark>

        <Placemark>
          <name>864</name>
          <styleUrl>#style_Middle</styleUrl>
          <ExtendedData>
            <Data name="id"><value>864</value></Data>
            <Data name="Class"><value>Middle</value></Data>
          </ExtendedData>
          <Point><coordinates>102.489363800,2.952540772,0</coordinates></Point>
        </Placemark>

        <Placemark>
          <name>874</name>
          <styleUrl>#style_Middle</styleUrl>
          <ExtendedData>
            <Data name="id"><value>874</value></Data>
            <Data name="Class"><value>Middle</value></Data>
          </ExtendedData>
          <Point><coordinates>102.488830100,2.952393104,0</coordinates></Point>
        </Placemark>

        <Placemark>
          <name>878</name>
          <styleUrl>#style_Middle</styleUrl>
          <ExtendedData>
            <Data name="id"><value>878</value></Data>
            <Data name="Class"><value>Middle</value></Data>
          </ExtendedData>
          <Point><coordinates>102.488898700,2.952187299,0</coordinates></Point>
        </Placemark>

        <Placemark>
          <name>884</name>
          <styleUrl>#style_Middle</styleUrl>
          <ExtendedData>
            <Data name="id"><value>884</value></Data>
            <Data name="Class"><value>Middle</value></Data>
          </ExtendedData>
          <Point><coordinates>102.489030100,2.952116371,0</coordinates></Point>
        </Placemark>

        <Placemark>
          <name>895</name>
          <styleUrl>#style_Middle</styleUrl>
          <ExtendedData>
            <Data name="id"><value>895</value></Data>
            <Data name="Class"><value>Middle</value></Data>
          </ExtendedData>
          <Point><coordinates>102.489103300,2.952307061,0</coordinates></Point>
        </Placemark>

        <Placemark>
          <name>898</name>
          <styleUrl>#style_Middle</styleUrl>
          <ExtendedData>
            <Data name="id"><value>898</value></Data>
            <Data name="Class"><value>Middle</value></Data>
          </ExtendedData>
          <Point><coordinates>102.489097500,2.952072187,0</coordinates></Point>
        </Placemark>

        <Placemark>
          <name>900</name>
          <styleUrl>#style_Middle</styleUrl>
          <ExtendedData>
            <Data name="id"><value>900</value></Data>
            <Data name="Class"><value>Middle</value></Data>
          </ExtendedData>
          <Point><coordinates>102.489091700,2.951925681,0</coordinates></Point>
        </Placemark>

        <Placemark>
          <name>910</name>
          <styleUrl>#style_Middle</styleUrl>
          <ExtendedData>
            <Data name="id"><value>910</value></Data>
            <Data name="Class"><value>Middle</value></Data>
          </ExtendedData>
          <Point><coordinates>102.489362600,2.952461706,0</coordinates></Point>
        </Placemark>

        <Placemark>
          <name>930</name>
          <styleUrl>#style_Middle</styleUrl>
          <ExtendedData>
            <Data name="id"><value>930</value></Data>
            <Data name="Class"><value>Middle</value></Data>
          </ExtendedData>
          <Point><coordinates>102.489764900,2.952536121,0</coordinates></Point>
        </Placemark>

        <Placemark>
          <name>933</name>
          <styleUrl>#style_Middle</styleUrl>
          <ExtendedData>
            <Data name="id"><value>933</value></Data>
            <Data name="Class"><value>Middle</value></Data>
          </ExtendedData>
          <Point><coordinates>102.489752200,2.952460543,0</coordinates></Point>
        </Placemark>

        <Placemark>
          <name>951</name>
          <styleUrl>#style_Middle</styleUrl>
          <ExtendedData>
            <Data name="id"><value>951</value></Data>
            <Data name="Class"><value>Middle</value></Data>
          </ExtendedData>
          <Point><coordinates>102.489427700,2.951955913,0</coordinates></Point>
        </Placemark>

        <Placemark>
          <name>967</name>
          <styleUrl>#style_Middle</styleUrl>
          <ExtendedData>
            <Data name="id"><value>967</value></Data>
            <Data name="Class"><value>Middle</value></Data>
          </ExtendedData>
          <Point><coordinates>102.489296400,2.952038467,0</coordinates></Point>
        </Placemark>

        <Placemark>
          <name>969</name>
          <styleUrl>#style_Middle</styleUrl>
          <ExtendedData>
            <Data name="id"><value>969</value></Data>
            <Data name="Class"><value>Middle</value></Data>
          </ExtendedData>
          <Point><coordinates>102.489308000,2.951965215,0</coordinates></Point>
        </Placemark>

        <Placemark>
          <name>982</name>
          <styleUrl>#style_Middle</styleUrl>
          <ExtendedData>
            <Data name="id"><value>982</value></Data>
            <Data name="Class"><value>Middle</value></Data>
          </ExtendedData>
          <Point><coordinates>102.489813800,2.951734992,0</coordinates></Point>
        </Placemark>

        <Placemark>
          <name>984</name>
          <styleUrl>#style_Middle</styleUrl>
          <ExtendedData>
            <Data name="id"><value>984</value></Data>
            <Data name="Class"><value>Middle</value></Data>
          </ExtendedData>
          <Point><coordinates>102.489882400,2.951853591,0</coordinates></Point>
        </Placemark>

        <Placemark>
          <name>1001</name>
          <styleUrl>#style_Middle</styleUrl>
          <ExtendedData>
            <Data name="id"><value>1001</value></Data>
            <Data name="Class"><value>Middle</value></Data>
          </ExtendedData>
          <Point><coordinates>102.489223100,2.951840801,0</coordinates></Point>
        </Placemark>

        <Placemark>
          <name>1014</name>
          <styleUrl>#style_Middle</styleUrl>
          <ExtendedData>
            <Data name="id"><value>1014</value></Data>
            <Data name="Class"><value>Middle</value></Data>
          </ExtendedData>
          <Point><coordinates>102.488962700,2.951697784,0</coordinates></Point>
        </Placemark>

        <Placemark>
          <name>1018</name>
          <styleUrl>#style_Middle</styleUrl>
          <ExtendedData>
            <Data name="id"><value>1018</value></Data>
            <Data name="Class"><value>Middle</value></Data>
          </ExtendedData>
          <Point><coordinates>102.489027800,2.951884986,0</coordinates></Point>
        </Placemark>

        <Placemark>
          <name>1021</name>
          <styleUrl>#style_Middle</styleUrl>
          <ExtendedData>
            <Data name="id"><value>1021</value></Data>
            <Data name="Class"><value>Middle</value></Data>
          </ExtendedData>
          <Point><coordinates>102.488837100,2.951916380,0</coordinates></Point>
        </Placemark>

        <Placemark>
          <name>1031</name>
          <styleUrl>#style_Middle</styleUrl>
          <ExtendedData>
            <Data name="id"><value>1031</value></Data>
            <Data name="Class"><value>Middle</value></Data>
          </ExtendedData>
          <Point><coordinates>102.488826600,2.951611741,0</coordinates></Point>
        </Placemark>

        <Placemark>
          <name>1039</name>
          <styleUrl>#style_Middle</styleUrl>
          <ExtendedData>
            <Data name="id"><value>1039</value></Data>
            <Data name="Class"><value>Middle</value></Data>
          </ExtendedData>
          <Point><coordinates>102.488034800,2.952625071,0</coordinates></Point>
        </Placemark>

        <Placemark>
          <name>1047</name>
          <styleUrl>#style_Middle</styleUrl>
          <ExtendedData>
            <Data name="id"><value>1047</value></Data>
            <Data name="Class"><value>Middle</value></Data>
          </ExtendedData>
          <Point><coordinates>102.487906900,2.952315782,0</coordinates></Point>
        </Placemark>

        <Placemark>
          <name>1059</name>
          <styleUrl>#style_Middle</styleUrl>
          <ExtendedData>
            <Data name="id"><value>1059</value></Data>
            <Data name="Class"><value>Middle</value></Data>
          </ExtendedData>
          <Point><coordinates>102.488433600,2.952476240,0</coordinates></Point>
        </Placemark>

        <Placemark>
          <name>1095</name>
          <styleUrl>#style_Middle</styleUrl>
          <ExtendedData>
            <Data name="id"><value>1095</value></Data>
            <Data name="Class"><value>Middle</value></Data>
          </ExtendedData>
          <Point><coordinates>102.488231400,2.952354733,0</coordinates></Point>
        </Placemark>

        <Placemark>
          <name>1101</name>
          <styleUrl>#style_Middle</styleUrl>
          <ExtendedData>
            <Data name="id"><value>1101</value></Data>
            <Data name="Class"><value>Middle</value></Data>
          </ExtendedData>
          <Point><coordinates>102.487969800,2.952429149,0</coordinates></Point>
        </Placemark>

        <Placemark>
          <name>1106</name>
          <styleUrl>#style_Middle</styleUrl>
          <ExtendedData>
            <Data name="id"><value>1106</value></Data>
            <Data name="Class"><value>Middle</value></Data>
          </ExtendedData>
          <Point><coordinates>102.487901200,2.952016375,0</coordinates></Point>
        </Placemark>

        <Placemark>
          <name>1120</name>
          <styleUrl>#style_Middle</styleUrl>
          <ExtendedData>
            <Data name="id"><value>1120</value></Data>
            <Data name="Class"><value>Middle</value></Data>
          </ExtendedData>
          <Point><coordinates>102.488102400,2.952350082,0</coordinates></Point>
        </Placemark>

        <Placemark>
          <name>1121</name>
          <styleUrl>#style_Middle</styleUrl>
          <ExtendedData>
            <Data name="id"><value>1121</value></Data>
            <Data name="Class"><value>Middle</value></Data>
          </ExtendedData>
          <Point><coordinates>102.488168600,2.952316363,0</coordinates></Point>
        </Placemark>

        <Placemark>
          <name>1122</name>
          <styleUrl>#style_Middle</styleUrl>
          <ExtendedData>
            <Data name="id"><value>1122</value></Data>
            <Data name="Class"><value>Middle</value></Data>
          </ExtendedData>
          <Point><coordinates>102.488171000,2.952238459,0</coordinates></Point>
        </Placemark>

        <Placemark>
          <name>1126</name>
          <styleUrl>#style_Middle</styleUrl>
          <ExtendedData>
            <Data name="id"><value>1126</value></Data>
            <Data name="Class"><value>Middle</value></Data>
          </ExtendedData>
          <Point><coordinates>102.488032600,2.952158230,0</coordinates></Point>
        </Placemark>

        <Placemark>
          <name>1130</name>
          <styleUrl>#style_Middle</styleUrl>
          <ExtendedData>
            <Data name="id"><value>1130</value></Data>
            <Data name="Class"><value>Middle</value></Data>
          </ExtendedData>
          <Point><coordinates>102.488030300,2.951776850,0</coordinates></Point>
        </Placemark>

        <Placemark>
          <name>1131</name>
          <styleUrl>#style_Middle</styleUrl>
          <ExtendedData>
            <Data name="id"><value>1131</value></Data>
            <Data name="Class"><value>Middle</value></Data>
          </ExtendedData>
          <Point><coordinates>102.488226800,2.951807082,0</coordinates></Point>
        </Placemark>

        <Placemark>
          <name>1134</name>
          <styleUrl>#style_Middle</styleUrl>
          <ExtendedData>
            <Data name="id"><value>1134</value></Data>
            <Data name="Class"><value>Middle</value></Data>
          </ExtendedData>
          <Point><coordinates>102.488226800,2.951893125,0</coordinates></Point>
        </Placemark>

        <Placemark>
          <name>1137</name>
          <styleUrl>#style_Middle</styleUrl>
          <ExtendedData>
            <Data name="id"><value>1137</value></Data>
            <Data name="Class"><value>Middle</value></Data>
          </ExtendedData>
          <Point><coordinates>102.488031400,2.951846615,0</coordinates></Point>
        </Placemark>

        <Placemark>
          <name>1138</name>
          <styleUrl>#style_Middle</styleUrl>
          <ExtendedData>
            <Data name="id"><value>1138</value></Data>
            <Data name="Class"><value>Middle</value></Data>
          </ExtendedData>
          <Point><coordinates>102.488095400,2.951974517,0</coordinates></Point>
        </Placemark>

        <Placemark>
          <name>1143</name>
          <styleUrl>#style_Middle</styleUrl>
          <ExtendedData>
            <Data name="id"><value>1143</value></Data>
            <Data name="Class"><value>Middle</value></Data>
          </ExtendedData>
          <Point><coordinates>102.488167500,2.952087303,0</coordinates></Point>
        </Placemark>

        <Placemark>
          <name>1144</name>
          <styleUrl>#style_Middle</styleUrl>
          <ExtendedData>
            <Data name="id"><value>1144</value></Data>
            <Data name="Class"><value>Middle</value></Data>
          </ExtendedData>
          <Point><coordinates>102.488094200,2.952040793,0</coordinates></Point>
        </Placemark>

        <Placemark>
          <name>1149</name>
          <styleUrl>#style_Middle</styleUrl>
          <ExtendedData>
            <Data name="id"><value>1149</value></Data>
            <Data name="Class"><value>Middle</value></Data>
          </ExtendedData>
          <Point><coordinates>102.488298900,2.952162881,0</coordinates></Point>
        </Placemark>

        <Placemark>
          <name>1161</name>
          <styleUrl>#style_Middle</styleUrl>
          <ExtendedData>
            <Data name="id"><value>1161</value></Data>
            <Data name="Class"><value>Middle</value></Data>
          </ExtendedData>
          <Point><coordinates>102.488301200,2.952080326,0</coordinates></Point>
        </Placemark>

        <Placemark>
          <name>1164</name>
          <styleUrl>#style_Middle</styleUrl>
          <ExtendedData>
            <Data name="id"><value>1164</value></Data>
            <Data name="Class"><value>Middle</value></Data>
          </ExtendedData>
          <Point><coordinates>102.488367500,2.951814058,0</coordinates></Point>
        </Placemark>

        <Placemark>
          <name>1183</name>
          <styleUrl>#style_Middle</styleUrl>
          <ExtendedData>
            <Data name="id"><value>1183</value></Data>
            <Data name="Class"><value>Middle</value></Data>
          </ExtendedData>
          <Point><coordinates>102.486966400,2.952008236,0</coordinates></Point>
        </Placemark>

        <Placemark>
          <name>1196</name>
          <styleUrl>#style_Middle</styleUrl>
          <ExtendedData>
            <Data name="id"><value>1196</value></Data>
            <Data name="Class"><value>Middle</value></Data>
          </ExtendedData>
          <Point><coordinates>102.487111700,2.952631466,0</coordinates></Point>
        </Placemark>

        <Placemark>
          <name>1202</name>
          <styleUrl>#style_Middle</styleUrl>
          <ExtendedData>
            <Data name="id"><value>1202</value></Data>
            <Data name="Class"><value>Middle</value></Data>
          </ExtendedData>
          <Point><coordinates>102.487037300,2.952207065,0</coordinates></Point>
        </Placemark>

        <Placemark>
          <name>1203</name>
          <styleUrl>#style_Middle</styleUrl>
          <ExtendedData>
            <Data name="id"><value>1203</value></Data>
            <Data name="Class"><value>Middle</value></Data>
          </ExtendedData>
          <Point><coordinates>102.487036100,2.952124510,0</coordinates></Point>
        </Placemark>

        <Placemark>
          <name>1215</name>
          <styleUrl>#style_Middle</styleUrl>
          <ExtendedData>
            <Data name="id"><value>1215</value></Data>
            <Data name="Class"><value>Middle</value></Data>
          </ExtendedData>
          <Point><coordinates>102.487308200,2.952591933,0</coordinates></Point>
        </Placemark>

        <Placemark>
          <name>1246</name>
          <styleUrl>#style_Middle</styleUrl>
          <ExtendedData>
            <Data name="id"><value>1246</value></Data>
            <Data name="Class"><value>Middle</value></Data>
          </ExtendedData>
          <Point><coordinates>102.487235000,2.952237296,0</coordinates></Point>
        </Placemark>

        <Placemark>
          <name>1251</name>
          <styleUrl>#style_Middle</styleUrl>
          <ExtendedData>
            <Data name="id"><value>1251</value></Data>
            <Data name="Class"><value>Middle</value></Data>
          </ExtendedData>
          <Point><coordinates>102.487572200,2.952429149,0</coordinates></Point>
        </Placemark>

        <Placemark>
          <name>1268</name>
          <styleUrl>#style_Middle</styleUrl>
          <ExtendedData>
            <Data name="id"><value>1268</value></Data>
            <Data name="Class"><value>Middle</value></Data>
          </ExtendedData>
          <Point><coordinates>102.487231500,2.951934983,0</coordinates></Point>
        </Placemark>

        <Placemark>
          <name>1273</name>
          <styleUrl>#style_Middle</styleUrl>
          <ExtendedData>
            <Data name="id"><value>1273</value></Data>
            <Data name="Class"><value>Middle</value></Data>
          </ExtendedData>
          <Point><coordinates>102.487366400,2.952090791,0</coordinates></Point>
        </Placemark>

        <Placemark>
          <name>1276</name>
          <styleUrl>#style_Middle</styleUrl>
          <ExtendedData>
            <Data name="id"><value>1276</value></Data>
            <Data name="Class"><value>Middle</value></Data>
          </ExtendedData>
          <Point><coordinates>102.487433800,2.951900101,0</coordinates></Point>
        </Placemark>

        <Placemark>
          <name>1283</name>
          <styleUrl>#style_Middle</styleUrl>
          <ExtendedData>
            <Data name="id"><value>1283</value></Data>
            <Data name="Class"><value>Middle</value></Data>
          </ExtendedData>
          <Point><coordinates>102.487569800,2.952283806,0</coordinates></Point>
        </Placemark>

        <Placemark>
          <name>1284</name>
          <styleUrl>#style_Middle</styleUrl>
          <ExtendedData>
            <Data name="id"><value>1284</value></Data>
            <Data name="Class"><value>Middle</value></Data>
          </ExtendedData>
          <Point><coordinates>102.487502400,2.952244273,0</coordinates></Point>
        </Placemark>

        <Placemark>
          <name>1285</name>
          <styleUrl>#style_Middle</styleUrl>
          <ExtendedData>
            <Data name="id"><value>1285</value></Data>
            <Data name="Class"><value>Middle</value></Data>
          </ExtendedData>
          <Point><coordinates>102.487501200,2.952166369,0</coordinates></Point>
        </Placemark>

        <Placemark>
          <name>1286</name>
          <styleUrl>#style_Middle</styleUrl>
          <ExtendedData>
            <Data name="id"><value>1286</value></Data>
            <Data name="Class"><value>Middle</value></Data>
          </ExtendedData>
          <Point><coordinates>102.487501200,2.952083814,0</coordinates></Point>
        </Placemark>

        <Placemark>
          <name>1288</name>
          <styleUrl>#style_Middle</styleUrl>
          <ExtendedData>
            <Data name="id"><value>1288</value></Data>
            <Data name="Class"><value>Middle</value></Data>
          </ExtendedData>
          <Point><coordinates>102.487501200,2.951938472,0</coordinates></Point>
        </Placemark>

        <Placemark>
          <name>1289</name>
          <styleUrl>#style_Middle</styleUrl>
          <ExtendedData>
            <Data name="id"><value>1289</value></Data>
            <Data name="Class"><value>Middle</value></Data>
          </ExtendedData>
          <Point><coordinates>102.487571000,2.951971028,0</coordinates></Point>
        </Placemark>

        <Placemark>
          <name>1290</name>
          <styleUrl>#style_Middle</styleUrl>
          <ExtendedData>
            <Data name="id"><value>1290</value></Data>
            <Data name="Class"><value>Middle</value></Data>
          </ExtendedData>
          <Point><coordinates>102.487564000,2.951895450,0</coordinates></Point>
        </Placemark>

        <Placemark>
          <name>1292</name>
          <styleUrl>#style_Middle</styleUrl>
          <ExtendedData>
            <Data name="id"><value>1292</value></Data>
            <Data name="Class"><value>Middle</value></Data>
          </ExtendedData>
          <Point><coordinates>102.487695400,2.951896613,0</coordinates></Point>
        </Placemark>

        <Placemark>
          <name>1293</name>
          <styleUrl>#style_Middle</styleUrl>
          <ExtendedData>
            <Data name="id"><value>1293</value></Data>
            <Data name="Class"><value>Middle</value></Data>
          </ExtendedData>
          <Point><coordinates>102.487766300,2.951929170,0</coordinates></Point>
        </Placemark>

        <Placemark>
          <name>1294</name>
          <styleUrl>#style_Middle</styleUrl>
          <ExtendedData>
            <Data name="id"><value>1294</value></Data>
            <Data name="Class"><value>Middle</value></Data>
          </ExtendedData>
          <Point><coordinates>102.487698900,2.951972191,0</coordinates></Point>
        </Placemark>

        <Placemark>
          <name>1295</name>
          <styleUrl>#style_Middle</styleUrl>
          <ExtendedData>
            <Data name="id"><value>1295</value></Data>
            <Data name="Class"><value>Middle</value></Data>
          </ExtendedData>
          <Point><coordinates>102.487828000,2.951890799,0</coordinates></Point>
        </Placemark>

        <Placemark>
          <name>1303</name>
          <styleUrl>#style_Middle</styleUrl>
          <ExtendedData>
            <Data name="id"><value>1303</value></Data>
            <Data name="Class"><value>Middle</value></Data>
          </ExtendedData>
          <Point><coordinates>102.487571000,2.952205902,0</coordinates></Point>
        </Placemark>

        <Placemark>
          <name>1310</name>
          <styleUrl>#style_Middle</styleUrl>
          <ExtendedData>
            <Data name="id"><value>1310</value></Data>
            <Data name="Class"><value>Middle</value></Data>
          </ExtendedData>
          <Point><coordinates>102.487765200,2.952164044,0</coordinates></Point>
        </Placemark>

        <Placemark>
          <name>1311</name>
          <styleUrl>#style_Middle</styleUrl>
          <ExtendedData>
            <Data name="id"><value>1311</value></Data>
            <Data name="Class"><value>Middle</value></Data>
          </ExtendedData>
          <Point><coordinates>102.487703500,2.952121022,0</coordinates></Point>
        </Placemark>

        <Placemark>
          <name>1313</name>
          <styleUrl>#style_Middle</styleUrl>
          <ExtendedData>
            <Data name="id"><value>1313</value></Data>
            <Data name="Class"><value>Middle</value></Data>
          </ExtendedData>
          <Point><coordinates>102.487632600,2.952167532,0</coordinates></Point>
        </Placemark>

        <Placemark>
          <name>1324</name>
          <styleUrl>#style_Middle</styleUrl>
          <ExtendedData>
            <Data name="id"><value>1324</value></Data>
            <Data name="Class"><value>Middle</value></Data>
          </ExtendedData>
          <Point><coordinates>102.486961700,2.951244314,0</coordinates></Point>
        </Placemark>

        <Placemark>
          <name>1325</name>
          <styleUrl>#style_Middle</styleUrl>
          <ExtendedData>
            <Data name="id"><value>1325</value></Data>
            <Data name="Class"><value>Middle</value></Data>
          </ExtendedData>
          <Point><coordinates>102.486959400,2.951315242,0</coordinates></Point>
        </Placemark>

        <Placemark>
          <name>1332</name>
          <styleUrl>#style_Middle</styleUrl>
          <ExtendedData>
            <Data name="id"><value>1332</value></Data>
            <Data name="Class"><value>Middle</value></Data>
          </ExtendedData>
          <Point><coordinates>102.486958200,2.951852429,0</coordinates></Point>
        </Placemark>

        <Placemark>
          <name>1337</name>
          <styleUrl>#style_Middle</styleUrl>
          <ExtendedData>
            <Data name="id"><value>1337</value></Data>
            <Data name="Class"><value>Middle</value></Data>
          </ExtendedData>
          <Point><coordinates>102.487030300,2.951745456,0</coordinates></Point>
        </Placemark>

        <Placemark>
          <name>1338</name>
          <styleUrl>#style_Middle</styleUrl>
          <ExtendedData>
            <Data name="id"><value>1338</value></Data>
            <Data name="Class"><value>Middle</value></Data>
          </ExtendedData>
          <Point><coordinates>102.487036100,2.951666390,0</coordinates></Point>
        </Placemark>

        <Placemark>
          <name>1339</name>
          <styleUrl>#style_Middle</styleUrl>
          <ExtendedData>
            <Data name="id"><value>1339</value></Data>
            <Data name="Class"><value>Middle</value></Data>
          </ExtendedData>
          <Point><coordinates>102.487037300,2.951591974,0</coordinates></Point>
        </Placemark>

        <Placemark>
          <name>1346</name>
          <styleUrl>#style_Middle</styleUrl>
          <ExtendedData>
            <Data name="id"><value>1346</value></Data>
            <Data name="Class"><value>Middle</value></Data>
          </ExtendedData>
          <Point><coordinates>102.487098900,2.951629182,0</coordinates></Point>
        </Placemark>

        <Placemark>
          <name>1348</name>
          <styleUrl>#style_Middle</styleUrl>
          <ExtendedData>
            <Data name="id"><value>1348</value></Data>
            <Data name="Class"><value>Middle</value></Data>
          </ExtendedData>
          <Point><coordinates>102.487164000,2.951669878,0</coordinates></Point>
        </Placemark>

        <Placemark>
          <name>1354</name>
          <styleUrl>#style_Middle</styleUrl>
          <ExtendedData>
            <Data name="id"><value>1354</value></Data>
            <Data name="Class"><value>Middle</value></Data>
          </ExtendedData>
          <Point><coordinates>102.487500100,2.951860568,0</coordinates></Point>
        </Placemark>

        <Placemark>
          <name>1355</name>
          <styleUrl>#style_Middle</styleUrl>
          <ExtendedData>
            <Data name="id"><value>1355</value></Data>
            <Data name="Class"><value>Middle</value></Data>
          </ExtendedData>
          <Point><coordinates>102.487564000,2.951825686,0</coordinates></Point>
        </Placemark>

        <Placemark>
          <name>1357</name>
          <styleUrl>#style_Middle</styleUrl>
          <ExtendedData>
            <Data name="id"><value>1357</value></Data>
            <Data name="Class"><value>Middle</value></Data>
          </ExtendedData>
          <Point><coordinates>102.487696600,2.951817546,0</coordinates></Point>
        </Placemark>

        <Placemark>
          <name>1361</name>
          <styleUrl>#style_Middle</styleUrl>
          <ExtendedData>
            <Data name="id"><value>1361</value></Data>
            <Data name="Class"><value>Middle</value></Data>
          </ExtendedData>
          <Point><coordinates>102.487832600,2.951741968,0</coordinates></Point>
        </Placemark>

        <Placemark>
          <name>1366</name>
          <styleUrl>#style_Middle</styleUrl>
          <ExtendedData>
            <Data name="id"><value>1366</value></Data>
            <Data name="Class"><value>Middle</value></Data>
          </ExtendedData>
          <Point><coordinates>102.488159900,2.951767258,0</coordinates></Point>
        </Placemark>

        <Placemark>
          <name>1387</name>
          <styleUrl>#style_Middle</styleUrl>
          <ExtendedData>
            <Data name="id"><value>1387</value></Data>
            <Data name="Class"><value>Middle</value></Data>
          </ExtendedData>
          <Point><coordinates>102.487826800,2.951582673,0</coordinates></Point>
        </Placemark>

        <Placemark>
          <name>1389</name>
          <styleUrl>#style_Middle</styleUrl>
          <ExtendedData>
            <Data name="id"><value>1389</value></Data>
            <Data name="Class"><value>Middle</value></Data>
          </ExtendedData>
          <Point><coordinates>102.487761700,2.951623368,0</coordinates></Point>
        </Placemark>

        <Placemark>
          <name>1390</name>
          <styleUrl>#style_Middle</styleUrl>
          <ExtendedData>
            <Data name="id"><value>1390</value></Data>
            <Data name="Class"><value>Middle</value></Data>
          </ExtendedData>
          <Point><coordinates>102.487760500,2.951703598,0</coordinates></Point>
        </Placemark>

        <Placemark>
          <name>1394</name>
          <styleUrl>#style_Middle</styleUrl>
          <ExtendedData>
            <Data name="id"><value>1394</value></Data>
            <Data name="Class"><value>Middle</value></Data>
          </ExtendedData>
          <Point><coordinates>102.487496600,2.951781501,0</coordinates></Point>
        </Placemark>

        <Placemark>
          <name>1403</name>
          <styleUrl>#style_Middle</styleUrl>
          <ExtendedData>
            <Data name="id"><value>1403</value></Data>
            <Data name="Class"><value>Middle</value></Data>
          </ExtendedData>
          <Point><coordinates>102.487164000,2.951505932,0</coordinates></Point>
        </Placemark>

        <Placemark>
          <name>1405</name>
          <styleUrl>#style_Middle</styleUrl>
          <ExtendedData>
            <Data name="id"><value>1405</value></Data>
            <Data name="Class"><value>Middle</value></Data>
          </ExtendedData>
          <Point><coordinates>102.487025700,2.951201293,0</coordinates></Point>
        </Placemark>

        <Placemark>
          <name>1406</name>
          <styleUrl>#style_Middle</styleUrl>
          <ExtendedData>
            <Data name="id"><value>1406</value></Data>
            <Data name="Class"><value>Middle</value></Data>
          </ExtendedData>
          <Point><coordinates>102.486966400,2.951159434,0</coordinates></Point>
        </Placemark>

        <Placemark>
          <name>1421</name>
          <styleUrl>#style_Middle</styleUrl>
          <ExtendedData>
            <Data name="id"><value>1421</value></Data>
            <Data name="Class"><value>Middle</value></Data>
          </ExtendedData>
          <Point><coordinates>102.487232600,2.951468724,0</coordinates></Point>
        </Placemark>

        <Placemark>
          <name>1426</name>
          <styleUrl>#style_Middle</styleUrl>
          <ExtendedData>
            <Data name="id"><value>1426</value></Data>
            <Data name="Class"><value>Middle</value></Data>
          </ExtendedData>
          <Point><coordinates>102.487501200,2.951705923,0</coordinates></Point>
        </Placemark>

        <Placemark>
          <name>1429</name>
          <styleUrl>#style_Middle</styleUrl>
          <ExtendedData>
            <Data name="id"><value>1429</value></Data>
            <Data name="Class"><value>Middle</value></Data>
          </ExtendedData>
          <Point><coordinates>102.487698900,2.951659413,0</coordinates></Point>
        </Placemark>

        <Placemark>
          <name>1430</name>
          <styleUrl>#style_Middle</styleUrl>
          <ExtendedData>
            <Data name="id"><value>1430</value></Data>
            <Data name="Class"><value>Middle</value></Data>
          </ExtendedData>
          <Point><coordinates>102.487695400,2.951580347,0</coordinates></Point>
        </Placemark>

        <Placemark>
          <name>1446</name>
          <styleUrl>#style_Middle</styleUrl>
          <ExtendedData>
            <Data name="id"><value>1446</value></Data>
            <Data name="Class"><value>Middle</value></Data>
          </ExtendedData>
          <Point><coordinates>102.487894200,2.951394308,0</coordinates></Point>
        </Placemark>

        <Placemark>
          <name>1447</name>
          <styleUrl>#style_Middle</styleUrl>
          <ExtendedData>
            <Data name="id"><value>1447</value></Data>
            <Data name="Class"><value>Middle</value></Data>
          </ExtendedData>
          <Point><coordinates>102.487825600,2.951428028,0</coordinates></Point>
        </Placemark>

        <Placemark>
          <name>1448</name>
          <styleUrl>#style_Middle</styleUrl>
          <ExtendedData>
            <Data name="id"><value>1448</value></Data>
            <Data name="Class"><value>Middle</value></Data>
          </ExtendedData>
          <Point><coordinates>102.487759400,2.951465236,0</coordinates></Point>
        </Placemark>

        <Placemark>
          <name>1450</name>
          <styleUrl>#style_Middle</styleUrl>
          <ExtendedData>
            <Data name="id"><value>1450</value></Data>
            <Data name="Class"><value>Middle</value></Data>
          </ExtendedData>
          <Point><coordinates>102.487626800,2.951547790,0</coordinates></Point>
        </Placemark>

        <Placemark>
          <name>1459</name>
          <styleUrl>#style_Middle</styleUrl>
          <ExtendedData>
            <Data name="id"><value>1459</value></Data>
            <Data name="Class"><value>Middle</value></Data>
          </ExtendedData>
          <Point><coordinates>102.487431500,2.951516396,0</coordinates></Point>
        </Placemark>

        <Placemark>
          <name>1465</name>
          <styleUrl>#style_Middle</styleUrl>
          <ExtendedData>
            <Data name="id"><value>1465</value></Data>
            <Data name="Class"><value>Middle</value></Data>
          </ExtendedData>
          <Point><coordinates>102.487359400,2.951159434,0</coordinates></Point>
        </Placemark>

        <Placemark>
          <name>1488</name>
          <styleUrl>#style_Middle</styleUrl>
          <ExtendedData>
            <Data name="id"><value>1488</value></Data>
            <Data name="Class"><value>Middle</value></Data>
          </ExtendedData>
          <Point><coordinates>102.487762800,2.951389657,0</coordinates></Point>
        </Placemark>

        <Placemark>
          <name>1489</name>
          <styleUrl>#style_Middle</styleUrl>
          <ExtendedData>
            <Data name="id"><value>1489</value></Data>
            <Data name="Class"><value>Middle</value></Data>
          </ExtendedData>
          <Point><coordinates>102.487761700,2.951315242,0</coordinates></Point>
        </Placemark>

        <Placemark>
          <name>1494</name>
          <styleUrl>#style_Middle</styleUrl>
          <ExtendedData>
            <Data name="id"><value>1494</value></Data>
            <Data name="Class"><value>Middle</value></Data>
          </ExtendedData>
          <Point><coordinates>102.488231400,2.951733829,0</coordinates></Point>
        </Placemark>

        <Placemark>
          <name>1503</name>
          <styleUrl>#style_Middle</styleUrl>
          <ExtendedData>
            <Data name="id"><value>1503</value></Data>
            <Data name="Class"><value>Middle</value></Data>
          </ExtendedData>
          <Point><coordinates>102.488232600,2.951115250,0</coordinates></Point>
        </Placemark>

        <Placemark>
          <name>1504</name>
          <styleUrl>#style_Middle</styleUrl>
          <ExtendedData>
            <Data name="id"><value>1504</value></Data>
            <Data name="Class"><value>Middle</value></Data>
          </ExtendedData>
          <Point><coordinates>102.488162800,2.951076880,0</coordinates></Point>
        </Placemark>

        <Placemark>
          <name>1513</name>
          <styleUrl>#style_Middle</styleUrl>
          <ExtendedData>
            <Data name="id"><value>1513</value></Data>
            <Data name="Class"><value>Middle</value></Data>
          </ExtendedData>
          <Point><coordinates>102.488223300,2.951040835,0</coordinates></Point>
        </Placemark>

        <Placemark>
          <name>1525</name>
          <styleUrl>#style_Middle</styleUrl>
          <ExtendedData>
            <Data name="id"><value>1525</value></Data>
            <Data name="Class"><value>Middle</value></Data>
          </ExtendedData>
          <Point><coordinates>102.488431400,2.951624531,0</coordinates></Point>
        </Placemark>

        <Placemark>
          <name>1535</name>
          <styleUrl>#style_Middle</styleUrl>
          <ExtendedData>
            <Data name="id"><value>1535</value></Data>
            <Data name="Class"><value>Middle</value></Data>
          </ExtendedData>
          <Point><coordinates>102.488559300,2.951624531,0</coordinates></Point>
        </Placemark>

        <Placemark>
          <name>1537</name>
          <styleUrl>#style_Middle</styleUrl>
          <ExtendedData>
            <Data name="id"><value>1537</value></Data>
            <Data name="Class"><value>Middle</value></Data>
          </ExtendedData>
          <Point><coordinates>102.488496500,2.951583835,0</coordinates></Point>
        </Placemark>

        <Placemark>
          <name>1541</name>
          <styleUrl>#style_Middle</styleUrl>
          <ExtendedData>
            <Data name="id"><value>1541</value></Data>
            <Data name="Class"><value>Middle</value></Data>
          </ExtendedData>
          <Point><coordinates>102.488360500,2.951503606,0</coordinates></Point>
        </Placemark>

        <Placemark>
          <name>1546</name>
          <styleUrl>#style_Middle</styleUrl>
          <ExtendedData>
            <Data name="id"><value>1546</value></Data>
            <Data name="Class"><value>Middle</value></Data>
          </ExtendedData>
          <Point><coordinates>102.488426800,2.951160597,0</coordinates></Point>
        </Placemark>

        <Placemark>
          <name>1547</name>
          <styleUrl>#style_Middle</styleUrl>
          <ExtendedData>
            <Data name="id"><value>1547</value></Data>
            <Data name="Class"><value>Middle</value></Data>
          </ExtendedData>
          <Point><coordinates>102.488427900,2.951089670,0</coordinates></Point>
        </Placemark>

        <Placemark>
          <name>1555</name>
          <styleUrl>#style_Middle</styleUrl>
          <ExtendedData>
            <Data name="id"><value>1555</value></Data>
            <Data name="Class"><value>Middle</value></Data>
          </ExtendedData>
          <Point><coordinates>102.488634900,2.951501281,0</coordinates></Point>
        </Placemark>

        <Placemark>
          <name>1558</name>
          <styleUrl>#style_Middle</styleUrl>
          <ExtendedData>
            <Data name="id"><value>1558</value></Data>
            <Data name="Class"><value>Middle</value></Data>
          </ExtendedData>
          <Point><coordinates>102.488759300,2.951505932,0</coordinates></Point>
        </Placemark>

        <Placemark>
          <name>1584</name>
          <styleUrl>#style_Middle</styleUrl>
          <ExtendedData>
            <Data name="id"><value>1584</value></Data>
            <Data name="Class"><value>Middle</value></Data>
          </ExtendedData>
          <Point><coordinates>102.488759300,2.951194317,0</coordinates></Point>
        </Placemark>

        <Placemark>
          <name>1585</name>
          <styleUrl>#style_Middle</styleUrl>
          <ExtendedData>
            <Data name="id"><value>1585</value></Data>
            <Data name="Class"><value>Middle</value></Data>
          </ExtendedData>
          <Point><coordinates>102.488826800,2.951228036,0</coordinates></Point>
        </Placemark>

        <Placemark>
          <name>1595</name>
          <styleUrl>#style_Middle</styleUrl>
          <ExtendedData>
            <Data name="id"><value>1595</value></Data>
            <Data name="Class"><value>Middle</value></Data>
          </ExtendedData>
          <Point><coordinates>102.489081400,2.951140830,0</coordinates></Point>
        </Placemark>

        <Placemark>
          <name>1606</name>
          <styleUrl>#style_Middle</styleUrl>
          <ExtendedData>
            <Data name="id"><value>1606</value></Data>
            <Data name="Class"><value>Middle</value></Data>
          </ExtendedData>
          <Point><coordinates>102.489090700,2.951460585,0</coordinates></Point>
        </Placemark>

        <Placemark>
          <name>1623</name>
          <styleUrl>#style_Middle</styleUrl>
          <ExtendedData>
            <Data name="id"><value>1623</value></Data>
            <Data name="Class"><value>Middle</value></Data>
          </ExtendedData>
          <Point><coordinates>102.489681400,2.950861772,0</coordinates></Point>
        </Placemark>

        <Placemark>
          <name>1624</name>
          <styleUrl>#style_Middle</styleUrl>
          <ExtendedData>
            <Data name="id"><value>1624</value></Data>
            <Data name="Class"><value>Middle</value></Data>
          </ExtendedData>
          <Point><coordinates>102.489622100,2.950912933,0</coordinates></Point>
        </Placemark>

        <Placemark>
          <name>1626</name>
          <styleUrl>#style_Middle</styleUrl>
          <ExtendedData>
            <Data name="id"><value>1626</value></Data>
            <Data name="Class"><value>Middle</value></Data>
          </ExtendedData>
          <Point><coordinates>102.489689500,2.950790845,0</coordinates></Point>
        </Placemark>

        <Placemark>
          <name>1628</name>
          <styleUrl>#style_Middle</styleUrl>
          <ExtendedData>
            <Data name="id"><value>1628</value></Data>
            <Data name="Class"><value>Middle</value></Data>
          </ExtendedData>
          <Point><coordinates>102.489482500,2.950764102,0</coordinates></Point>
        </Placemark>

        <Placemark>
          <name>1629</name>
          <styleUrl>#style_Middle</styleUrl>
          <ExtendedData>
            <Data name="id"><value>1629</value></Data>
            <Data name="Class"><value>Middle</value></Data>
          </ExtendedData>
          <Point><coordinates>102.489488400,2.950837355,0</coordinates></Point>
        </Placemark>

        <Placemark>
          <name>1645</name>
          <styleUrl>#style_Middle</styleUrl>
          <ExtendedData>
            <Data name="id"><value>1645</value></Data>
            <Data name="Class"><value>Middle</value></Data>
          </ExtendedData>
          <Point><coordinates>102.489360500,2.951305940,0</coordinates></Point>
        </Placemark>

        <Placemark>
          <name>1651</name>
          <styleUrl>#style_Middle</styleUrl>
          <ExtendedData>
            <Data name="id"><value>1651</value></Data>
            <Data name="Class"><value>Middle</value></Data>
          </ExtendedData>
          <Point><coordinates>102.489425600,2.951195479,0</coordinates></Point>
        </Placemark>

        <Placemark>
          <name>1659</name>
          <styleUrl>#style_Middle</styleUrl>
          <ExtendedData>
            <Data name="id"><value>1659</value></Data>
            <Data name="Class"><value>Middle</value></Data>
          </ExtendedData>
          <Point><coordinates>102.489162800,2.950958280,0</coordinates></Point>
        </Placemark>

        <Placemark>
          <name>1662</name>
          <styleUrl>#style_Middle</styleUrl>
          <ExtendedData>
            <Data name="id"><value>1662</value></Data>
            <Data name="Class"><value>Middle</value></Data>
          </ExtendedData>
          <Point><coordinates>102.488961600,2.951002464,0</coordinates></Point>
        </Placemark>

        <Placemark>
          <name>1668</name>
          <styleUrl>#style_Middle</styleUrl>
          <ExtendedData>
            <Data name="id"><value>1668</value></Data>
            <Data name="Class"><value>Middle</value></Data>
          </ExtendedData>
          <Point><coordinates>102.488627900,2.950886190,0</coordinates></Point>
        </Placemark>

        <Placemark>
          <name>1669</name>
          <styleUrl>#style_Middle</styleUrl>
          <ExtendedData>
            <Data name="id"><value>1669</value></Data>
            <Data name="Class"><value>Middle</value></Data>
          </ExtendedData>
          <Point><coordinates>102.488625600,2.950815263,0</coordinates></Point>
        </Placemark>

        <Placemark>
          <name>1671</name>
          <styleUrl>#style_Middle</styleUrl>
          <ExtendedData>
            <Data name="id"><value>1671</value></Data>
            <Data name="Class"><value>Middle</value></Data>
          </ExtendedData>
          <Point><coordinates>102.488687200,2.950851308,0</coordinates></Point>
        </Placemark>

        <Placemark>
          <name>1674</name>
          <styleUrl>#style_Middle</styleUrl>
          <ExtendedData>
            <Data name="id"><value>1674</value></Data>
            <Data name="Class"><value>Middle</value></Data>
          </ExtendedData>
          <Point><coordinates>102.489423200,2.950883864,0</coordinates></Point>
        </Placemark>

        <Placemark>
          <name>1678</name>
          <styleUrl>#style_Middle</styleUrl>
          <ExtendedData>
            <Data name="id"><value>1678</value></Data>
            <Data name="Class"><value>Middle</value></Data>
          </ExtendedData>
          <Point><coordinates>102.489353500,2.950923398,0</coordinates></Point>
        </Placemark>

        <Placemark>
          <name>1690</name>
          <styleUrl>#style_Middle</styleUrl>
          <ExtendedData>
            <Data name="id"><value>1690</value></Data>
            <Data name="Class"><value>Middle</value></Data>
          </ExtendedData>
          <Point><coordinates>102.489024400,2.950883864,0</coordinates></Point>
        </Placemark>

        <Placemark>
          <name>1692</name>
          <styleUrl>#style_Middle</styleUrl>
          <ExtendedData>
            <Data name="id"><value>1692</value></Data>
            <Data name="Class"><value>Middle</value></Data>
          </ExtendedData>
          <Point><coordinates>102.488953500,2.950847819,0</coordinates></Point>
        </Placemark>

        <Placemark>
          <name>1693</name>
          <styleUrl>#style_Middle</styleUrl>
          <ExtendedData>
            <Data name="id"><value>1693</value></Data>
            <Data name="Class"><value>Middle</value></Data>
          </ExtendedData>
          <Point><coordinates>102.489024400,2.950809449,0</coordinates></Point>
        </Placemark>

        <Placemark>
          <name>1694</name>
          <styleUrl>#style_Middle</styleUrl>
          <ExtendedData>
            <Data name="id"><value>1694</value></Data>
            <Data name="Class"><value>Middle</value></Data>
          </ExtendedData>
          <Point><coordinates>102.488952300,2.950767590,0</coordinates></Point>
        </Placemark>

        <Placemark>
          <name>1695</name>
          <styleUrl>#style_Middle</styleUrl>
          <ExtendedData>
            <Data name="id"><value>1695</value></Data>
            <Data name="Class"><value>Middle</value></Data>
          </ExtendedData>
          <Point><coordinates>102.488882600,2.950807123,0</coordinates></Point>
        </Placemark>

        <Placemark>
          <name>1699</name>
          <styleUrl>#style_Middle</styleUrl>
          <ExtendedData>
            <Data name="id"><value>1699</value></Data>
            <Data name="Class"><value>Middle</value></Data>
          </ExtendedData>
          <Point><coordinates>102.488818600,2.950853633,0</coordinates></Point>
        </Placemark>

        <Placemark>
          <name>1718</name>
          <styleUrl>#style_Middle</styleUrl>
          <ExtendedData>
            <Data name="id"><value>1718</value></Data>
            <Data name="Class"><value>Middle</value></Data>
          </ExtendedData>
          <Point><coordinates>102.489472100,2.950532716,0</coordinates></Point>
        </Placemark>

        <Placemark>
          <name>1723</name>
          <styleUrl>#style_Middle</styleUrl>
          <ExtendedData>
            <Data name="id"><value>1723</value></Data>
            <Data name="Class"><value>Middle</value></Data>
          </ExtendedData>
          <Point><coordinates>102.489286000,2.950726894,0</coordinates></Point>
        </Placemark>

        <Placemark>
          <name>1725</name>
          <styleUrl>#style_Middle</styleUrl>
          <ExtendedData>
            <Data name="id"><value>1725</value></Data>
            <Data name="Class"><value>Middle</value></Data>
          </ExtendedData>
          <Point><coordinates>102.489419800,2.950647828,0</coordinates></Point>
        </Placemark>

        <Placemark>
          <name>1726</name>
          <styleUrl>#style_Middle</styleUrl>
          <ExtendedData>
            <Data name="id"><value>1726</value></Data>
            <Data name="Class"><value>Middle</value></Data>
          </ExtendedData>
          <Point><coordinates>102.489420900,2.950576900,0</coordinates></Point>
        </Placemark>

        <Placemark>
          <name>1735</name>
          <styleUrl>#style_Middle</styleUrl>
          <ExtendedData>
            <Data name="id"><value>1735</value></Data>
            <Data name="Class"><value>Middle</value></Data>
          </ExtendedData>
          <Point><coordinates>102.489352300,2.950612945,0</coordinates></Point>
        </Placemark>

        <Placemark>
          <name>1739</name>
          <styleUrl>#style_Middle</styleUrl>
          <ExtendedData>
            <Data name="id"><value>1739</value></Data>
            <Data name="Class"><value>Middle</value></Data>
          </ExtendedData>
          <Point><coordinates>102.489088400,2.950689686,0</coordinates></Point>
        </Placemark>

        <Placemark>
          <name>1741</name>
          <styleUrl>#style_Middle</styleUrl>
          <ExtendedData>
            <Data name="id"><value>1741</value></Data>
            <Data name="Class"><value>Middle</value></Data>
          </ExtendedData>
          <Point><coordinates>102.488955800,2.950683873,0</coordinates></Point>
        </Placemark>

        <Placemark>
          <name>1745</name>
          <styleUrl>#style_Middle</styleUrl>
          <ExtendedData>
            <Data name="id"><value>1745</value></Data>
            <Data name="Class"><value>Middle</value></Data>
          </ExtendedData>
          <Point><coordinates>102.488681400,2.950694337,0</coordinates></Point>
        </Placemark>

        <Placemark>
          <name>1747</name>
          <styleUrl>#style_Middle</styleUrl>
          <ExtendedData>
            <Data name="id"><value>1747</value></Data>
            <Data name="Class"><value>Middle</value></Data>
          </ExtendedData>
          <Point><coordinates>102.488754700,2.950657130,0</coordinates></Point>
        </Placemark>

        <Placemark>
          <name>1754</name>
          <styleUrl>#style_Middle</styleUrl>
          <ExtendedData>
            <Data name="id"><value>1754</value></Data>
            <Data name="Class"><value>Middle</value></Data>
          </ExtendedData>
          <Point><coordinates>102.488890700,2.950655967,0</coordinates></Point>
        </Placemark>

        <Placemark>
          <name>1759</name>
          <styleUrl>#style_Middle</styleUrl>
          <ExtendedData>
            <Data name="id"><value>1759</value></Data>
            <Data name="Class"><value>Middle</value></Data>
          </ExtendedData>
          <Point><coordinates>102.489217400,2.950616434,0</coordinates></Point>
        </Placemark>

        <Placemark>
          <name>1769</name>
          <styleUrl>#style_Middle</styleUrl>
          <ExtendedData>
            <Data name="id"><value>1769</value></Data>
            <Data name="Class"><value>Middle</value></Data>
          </ExtendedData>
          <Point><coordinates>102.489018600,2.950344352,0</coordinates></Point>
        </Placemark>

        <Placemark>
          <name>1800</name>
          <styleUrl>#style_Middle</styleUrl>
          <ExtendedData>
            <Data name="id"><value>1800</value></Data>
            <Data name="Class"><value>Middle</value></Data>
          </ExtendedData>
          <Point><coordinates>102.486910000,2.950373421,0</coordinates></Point>
        </Placemark>

        <Placemark>
          <name>1804</name>
          <styleUrl>#style_Middle</styleUrl>
          <ExtendedData>
            <Data name="id"><value>1804</value></Data>
            <Data name="Class"><value>Middle</value></Data>
          </ExtendedData>
          <Point><coordinates>102.487163500,2.950351328,0</coordinates></Point>
        </Placemark>

        <Placemark>
          <name>1808</name>
          <styleUrl>#style_Middle</styleUrl>
          <ExtendedData>
            <Data name="id"><value>1808</value></Data>
            <Data name="Class"><value>Middle</value></Data>
          </ExtendedData>
          <Point><coordinates>102.487425100,2.950353654,0</coordinates></Point>
        </Placemark>

        <Placemark>
          <name>1824</name>
          <styleUrl>#style_Middle</styleUrl>
          <ExtendedData>
            <Data name="id"><value>1824</value></Data>
            <Data name="Class"><value>Middle</value></Data>
          </ExtendedData>
          <Point><coordinates>102.487031200,2.950970779,0</coordinates></Point>
        </Placemark>

        <Placemark>
          <name>1828</name>
          <styleUrl>#style_Middle</styleUrl>
          <ExtendedData>
            <Data name="id"><value>1828</value></Data>
            <Data name="Class"><value>Middle</value></Data>
          </ExtendedData>
          <Point><coordinates>102.487094000,2.950701023,0</coordinates></Point>
        </Placemark>

        <Placemark>
          <name>1843</name>
          <styleUrl>#style_Middle</styleUrl>
          <ExtendedData>
            <Data name="id"><value>1843</value></Data>
            <Data name="Class"><value>Middle</value></Data>
          </ExtendedData>
          <Point><coordinates>102.487495100,2.950473707,0</coordinates></Point>
        </Placemark>

        <Placemark>
          <name>1845</name>
          <styleUrl>#style_Middle</styleUrl>
          <ExtendedData>
            <Data name="id"><value>1845</value></Data>
            <Data name="Class"><value>Middle</value></Data>
          </ExtendedData>
          <Point><coordinates>102.487361400,2.950546960,0</coordinates></Point>
        </Placemark>

        <Placemark>
          <name>1851</name>
          <styleUrl>#style_Middle</styleUrl>
          <ExtendedData>
            <Data name="id"><value>1851</value></Data>
            <Data name="Class"><value>Middle</value></Data>
          </ExtendedData>
          <Point><coordinates>102.487168400,2.950814972,0</coordinates></Point>
        </Placemark>

        <Placemark>
          <name>1853</name>
          <styleUrl>#style_Middle</styleUrl>
          <ExtendedData>
            <Data name="id"><value>1853</value></Data>
            <Data name="Class"><value>Middle</value></Data>
          </ExtendedData>
          <Point><coordinates>102.487028900,2.951127750,0</coordinates></Point>
        </Placemark>

        <Placemark>
          <name>1854</name>
          <styleUrl>#style_Middle</styleUrl>
          <ExtendedData>
            <Data name="id"><value>1854</value></Data>
            <Data name="Class"><value>Middle</value></Data>
          </ExtendedData>
          <Point><coordinates>102.487033500,2.951048683,0</coordinates></Point>
        </Placemark>

        <Placemark>
          <name>1855</name>
          <styleUrl>#style_Middle</styleUrl>
          <ExtendedData>
            <Data name="id"><value>1855</value></Data>
            <Data name="Class"><value>Middle</value></Data>
          </ExtendedData>
          <Point><coordinates>102.487094000,2.951011475,0</coordinates></Point>
        </Placemark>

        <Placemark>
          <name>1859</name>
          <styleUrl>#style_Middle</styleUrl>
          <ExtendedData>
            <Data name="id"><value>1859</value></Data>
            <Data name="Class"><value>Middle</value></Data>
          </ExtendedData>
          <Point><coordinates>102.487295100,2.951121936,0</coordinates></Point>
        </Placemark>

        <Placemark>
          <name>1880</name>
          <styleUrl>#style_Middle</styleUrl>
          <ExtendedData>
            <Data name="id"><value>1880</value></Data>
            <Data name="Class"><value>Middle</value></Data>
          </ExtendedData>
          <Point><coordinates>102.487167200,2.950963803,0</coordinates></Point>
        </Placemark>

        <Placemark>
          <name>1881</name>
          <styleUrl>#style_Middle</styleUrl>
          <ExtendedData>
            <Data name="id"><value>1881</value></Data>
            <Data name="Class"><value>Middle</value></Data>
          </ExtendedData>
          <Point><coordinates>102.487098600,2.950934734,0</coordinates></Point>
        </Placemark>

        <Placemark>
          <name>1882</name>
          <styleUrl>#style_Middle</styleUrl>
          <ExtendedData>
            <Data name="id"><value>1882</value></Data>
            <Data name="Class"><value>Middle</value></Data>
          </ExtendedData>
          <Point><coordinates>102.487094000,2.950860319,0</coordinates></Point>
        </Placemark>

        <Placemark>
          <name>1885</name>
          <styleUrl>#style_Middle</styleUrl>
          <ExtendedData>
            <Data name="id"><value>1885</value></Data>
            <Data name="Class"><value>Middle</value></Data>
          </ExtendedData>
          <Point><coordinates>102.487295100,2.950966128,0</coordinates></Point>
        </Placemark>

        <Placemark>
          <name>1888</name>
          <styleUrl>#style_Middle</styleUrl>
          <ExtendedData>
            <Data name="id"><value>1888</value></Data>
            <Data name="Class"><value>Middle</value></Data>
          </ExtendedData>
          <Point><coordinates>102.487492800,2.950928921,0</coordinates></Point>
        </Placemark>

        <Placemark>
          <name>1889</name>
          <styleUrl>#style_Middle</styleUrl>
          <ExtendedData>
            <Data name="id"><value>1889</value></Data>
            <Data name="Class"><value>Middle</value></Data>
          </ExtendedData>
          <Point><coordinates>102.487564900,2.950968454,0</coordinates></Point>
        </Placemark>

        <Placemark>
          <name>1890</name>
          <styleUrl>#style_Middle</styleUrl>
          <ExtendedData>
            <Data name="id"><value>1890</value></Data>
            <Data name="Class"><value>Middle</value></Data>
          </ExtendedData>
          <Point><coordinates>102.487614900,2.950931246,0</coordinates></Point>
        </Placemark>

        <Placemark>
          <name>1901</name>
          <styleUrl>#style_Middle</styleUrl>
          <ExtendedData>
            <Data name="id"><value>1901</value></Data>
            <Data name="Class"><value>Middle</value></Data>
          </ExtendedData>
          <Point><coordinates>102.487559100,2.950892876,0</coordinates></Point>
        </Placemark>

        <Placemark>
          <name>1903</name>
          <styleUrl>#style_Middle</styleUrl>
          <ExtendedData>
            <Data name="id"><value>1903</value></Data>
            <Data name="Class"><value>Middle</value></Data>
          </ExtendedData>
          <Point><coordinates>102.487497500,2.950856831,0</coordinates></Point>
        </Placemark>

        <Placemark>
          <name>1906</name>
          <styleUrl>#style_Middle</styleUrl>
          <ExtendedData>
            <Data name="id"><value>1906</value></Data>
            <Data name="Class"><value>Middle</value></Data>
          </ExtendedData>
          <Point><coordinates>102.487296300,2.950891713,0</coordinates></Point>
        </Placemark>

        <Placemark>
          <name>1911</name>
          <styleUrl>#style_Middle</styleUrl>
          <ExtendedData>
            <Data name="id"><value>1911</value></Data>
            <Data name="Class"><value>Middle</value></Data>
          </ExtendedData>
          <Point><coordinates>102.487291600,2.950818460,0</coordinates></Point>
        </Placemark>

        <Placemark>
          <name>1914</name>
          <styleUrl>#style_Middle</styleUrl>
          <ExtendedData>
            <Data name="id"><value>1914</value></Data>
            <Data name="Class"><value>Middle</value></Data>
          </ExtendedData>
          <Point><coordinates>102.487296300,2.950660327,0</coordinates></Point>
        </Placemark>

        <Placemark>
          <name>1916</name>
          <styleUrl>#style_Middle</styleUrl>
          <ExtendedData>
            <Data name="id"><value>1916</value></Data>
            <Data name="Class"><value>Middle</value></Data>
          </ExtendedData>
          <Point><coordinates>102.487423000,2.950583586,0</coordinates></Point>
        </Placemark>

        <Placemark>
          <name>1937</name>
          <styleUrl>#style_Middle</styleUrl>
          <ExtendedData>
            <Data name="id"><value>1937</value></Data>
            <Data name="Class"><value>Middle</value></Data>
          </ExtendedData>
          <Point><coordinates>102.487825300,2.950660327,0</coordinates></Point>
        </Placemark>

        <Placemark>
          <name>1938</name>
          <styleUrl>#style_Middle</styleUrl>
          <ExtendedData>
            <Data name="id"><value>1938</value></Data>
            <Data name="Class"><value>Middle</value></Data>
          </ExtendedData>
          <Point><coordinates>102.487826500,2.950734743,0</coordinates></Point>
        </Placemark>

        <Placemark>
          <name>1960</name>
          <styleUrl>#style_Middle</styleUrl>
          <ExtendedData>
            <Data name="id"><value>1960</value></Data>
            <Data name="Class"><value>Middle</value></Data>
          </ExtendedData>
          <Point><coordinates>102.488091600,2.950895201,0</coordinates></Point>
        </Placemark>

        <Placemark>
          <name>1961</name>
          <styleUrl>#style_Middle</styleUrl>
          <ExtendedData>
            <Data name="id"><value>1961</value></Data>
            <Data name="Class"><value>Middle</value></Data>
          </ExtendedData>
          <Point><coordinates>102.488025300,2.950931246,0</coordinates></Point>
        </Placemark>

        <Placemark>
          <name>1985</name>
          <styleUrl>#style_Middle</styleUrl>
          <ExtendedData>
            <Data name="id"><value>1985</value></Data>
            <Data name="Class"><value>Middle</value></Data>
          </ExtendedData>
          <Point><coordinates>102.488288100,2.950855668,0</coordinates></Point>
        </Placemark>

        <Placemark>
          <name>1987</name>
          <styleUrl>#style_Middle</styleUrl>
          <ExtendedData>
            <Data name="id"><value>1987</value></Data>
            <Data name="Class"><value>Middle</value></Data>
          </ExtendedData>
          <Point><coordinates>102.488357900,2.950889387,0</coordinates></Point>
        </Placemark>

        <Placemark>
          <name>1990</name>
          <styleUrl>#style_Middle</styleUrl>
          <ExtendedData>
            <Data name="id"><value>1990</value></Data>
            <Data name="Class"><value>Middle</value></Data>
          </ExtendedData>
          <Point><coordinates>102.488424200,2.951002173,0</coordinates></Point>
        </Placemark>

        <Placemark>
          <name>1991</name>
          <styleUrl>#style_Middle</styleUrl>
          <ExtendedData>
            <Data name="id"><value>1991</value></Data>
            <Data name="Class"><value>Middle</value></Data>
          </ExtendedData>
          <Point><coordinates>102.488488100,2.950966128,0</coordinates></Point>
        </Placemark>

        <Placemark>
          <name>1995</name>
          <styleUrl>#style_Middle</styleUrl>
          <ExtendedData>
            <Data name="id"><value>1995</value></Data>
            <Data name="Class"><value>Middle</value></Data>
          </ExtendedData>
          <Point><coordinates>102.488423000,2.950928921,0</coordinates></Point>
        </Placemark>

        <Placemark>
          <name>1996</name>
          <styleUrl>#style_Middle</styleUrl>
          <ExtendedData>
            <Data name="id"><value>1996</value></Data>
            <Data name="Class"><value>Middle</value></Data>
          </ExtendedData>
          <Point><coordinates>102.488430000,2.950853342,0</coordinates></Point>
        </Placemark>

        <Placemark>
          <name>1999</name>
          <styleUrl>#style_Middle</styleUrl>
          <ExtendedData>
            <Data name="id"><value>1999</value></Data>
            <Data name="Class"><value>Middle</value></Data>
          </ExtendedData>
          <Point><coordinates>102.488428800,2.950776601,0</coordinates></Point>
        </Placemark>

        <Placemark>
          <name>2010</name>
          <styleUrl>#style_Middle</styleUrl>
          <ExtendedData>
            <Data name="id"><value>2010</value></Data>
            <Data name="Class"><value>Middle</value></Data>
          </ExtendedData>
          <Point><coordinates>102.488284600,2.950612655,0</coordinates></Point>
        </Placemark>

        <Placemark>
          <name>2017</name>
          <styleUrl>#style_Middle</styleUrl>
          <ExtendedData>
            <Data name="id"><value>2017</value></Data>
            <Data name="Class"><value>Middle</value></Data>
          </ExtendedData>
          <Point><coordinates>102.488546200,2.950388245,0</coordinates></Point>
        </Placemark>

        <Placemark>
          <name>2019</name>
          <styleUrl>#style_Middle</styleUrl>
          <ExtendedData>
            <Data name="id"><value>2019</value></Data>
            <Data name="Class"><value>Middle</value></Data>
          </ExtendedData>
          <Point><coordinates>102.488621800,2.950428941,0</coordinates></Point>
        </Placemark>

        <Placemark>
          <name>2020</name>
          <styleUrl>#style_Middle</styleUrl>
          <ExtendedData>
            <Data name="id"><value>2020</value></Data>
            <Data name="Class"><value>Middle</value></Data>
          </ExtendedData>
          <Point><coordinates>102.488619500,2.950502194,0</coordinates></Point>
        </Placemark>

        <Placemark>
          <name>2023</name>
          <styleUrl>#style_Middle</styleUrl>
          <ExtendedData>
            <Data name="id"><value>2023</value></Data>
            <Data name="Class"><value>Middle</value></Data>
          </ExtendedData>
          <Point><coordinates>102.488620700,2.950733580,0</coordinates></Point>
        </Placemark>

        <Placemark>
          <name>2024</name>
          <styleUrl>#style_Middle</styleUrl>
          <ExtendedData>
            <Data name="id"><value>2024</value></Data>
            <Data name="Class"><value>Middle</value></Data>
          </ExtendedData>
          <Point><coordinates>102.488555500,2.950775439,0</coordinates></Point>
        </Placemark>

        <Placemark>
          <name>2028</name>
          <styleUrl>#style_Middle</styleUrl>
          <ExtendedData>
            <Data name="id"><value>2028</value></Data>
            <Data name="Class"><value>Middle</value></Data>
          </ExtendedData>
          <Point><coordinates>102.488360200,2.950577772,0</coordinates></Point>
        </Placemark>

        <Placemark>
          <name>2032</name>
          <styleUrl>#style_Middle</styleUrl>
          <ExtendedData>
            <Data name="id"><value>2032</value></Data>
            <Data name="Class"><value>Middle</value></Data>
          </ExtendedData>
          <Point><coordinates>102.488486900,2.950499869,0</coordinates></Point>
        </Placemark>

        <Placemark>
          <name>2040</name>
          <styleUrl>#style_Middle</styleUrl>
          <ExtendedData>
            <Data name="id"><value>2040</value></Data>
            <Data name="Class"><value>Middle</value></Data>
          </ExtendedData>
          <Point><coordinates>102.488549700,2.950540565,0</coordinates></Point>
        </Placemark>

        <Placemark>
          <name>2041</name>
          <styleUrl>#style_Middle</styleUrl>
          <ExtendedData>
            <Data name="id"><value>2041</value></Data>
            <Data name="Class"><value>Middle</value></Data>
          </ExtendedData>
          <Point><coordinates>102.488554400,2.950466149,0</coordinates></Point>
        </Placemark>

        <Placemark>
          <name>2042</name>
          <styleUrl>#style_Middle</styleUrl>
          <ExtendedData>
            <Data name="id"><value>2042</value></Data>
            <Data name="Class"><value>Middle</value></Data>
          </ExtendedData>
          <Point><coordinates>102.488491600,2.950419640,0</coordinates></Point>
        </Placemark>

        <Placemark>
          <name>2043</name>
          <styleUrl>#style_Middle</styleUrl>
          <ExtendedData>
            <Data name="id"><value>2043</value></Data>
            <Data name="Class"><value>Middle</value></Data>
          </ExtendedData>
          <Point><coordinates>102.489820000,2.951659704,0</coordinates></Point>
        </Placemark>

        <Placemark>
          <name>2045</name>
          <styleUrl>#style_Middle</styleUrl>
          <ExtendedData>
            <Data name="id"><value>2045</value></Data>
            <Data name="Class"><value>Middle</value></Data>
          </ExtendedData>
          <Point><coordinates>102.489818300,2.951583545,0</coordinates></Point>
        </Placemark>

        <Placemark>
          <name>2046</name>
          <styleUrl>#style_Middle</styleUrl>
          <ExtendedData>
            <Data name="id"><value>2046</value></Data>
            <Data name="Class"><value>Middle</value></Data>
          </ExtendedData>
          <Point><coordinates>102.489821800,2.951507385,0</coordinates></Point>
        </Placemark>

        <Placemark>
          <name>2051</name>
          <styleUrl>#style_Middle</styleUrl>
          <ExtendedData>
            <Data name="id"><value>2051</value></Data>
            <Data name="Class"><value>Middle</value></Data>
          </ExtendedData>
          <Point><coordinates>102.489827000,2.951352159,0</coordinates></Point>
        </Placemark>

        <Placemark>
          <name>2057</name>
          <styleUrl>#style_Middle</styleUrl>
          <ExtendedData>
            <Data name="id"><value>2057</value></Data>
            <Data name="Class"><value>Middle</value></Data>
          </ExtendedData>
          <Point><coordinates>102.489763600,2.951062055,0</coordinates></Point>
        </Placemark>

        <Placemark>
          <name>2060</name>
          <styleUrl>#style_Middle</styleUrl>
          <ExtendedData>
            <Data name="id"><value>2060</value></Data>
            <Data name="Class"><value>Middle</value></Data>
          </ExtendedData>
          <Point><coordinates>102.489752600,2.950826599,0</coordinates></Point>
        </Placemark>

        <Placemark>
          <name>2072</name>
          <styleUrl>#style_Middle</styleUrl>
          <ExtendedData>
            <Data name="id"><value>2072</value></Data>
            <Data name="Class"><value>Middle</value></Data>
          </ExtendedData>
          <Point><coordinates>102.488689300,2.951464363,0</coordinates></Point>
        </Placemark>
    </Folder>
  </Document>
</kml>
