id,Long,Lat,Class,Location,HH_meanW3,HV_meanW3,VV_meanW3,VH_meanW3,HA_Entropy_meanW3,HA_Anisotropy_meanW3,HA_Alpha_meanW3,YA_Yamaguchi_dbl_r_meanW3,YA_Yamaguchi_vol_g_meanW3,YA_Yamaguchi_surf_b_meanW3,YA_Yamaguchi_hlx_meanW3,RVI_meanW3,RFDI_meanW3,RFDI_VH_meanW3,block
1,102.6672952,2.745768554,Healthy,Palong_Basemap,0.1568148314125008,0.018070924302770033,0.016253165590266388,0.06806239361564319,0.8365515801641676,0.29959888094001347,41.84503089057075,-17.176071378919815,-11.803105566236708,-13.59506501091851,-20.76848581102159,0.6910162091167846,0.7933402382731382,0.3946706376590604,51333_1372
2,102.6672986,2.745832022,Healthy,Palong_Basemap,0.17030802783038881,0.024576248601078987,0.021032475348975923,0.09675821620557043,0.8570593065685697,0.3339080810546875,43.351758321126304,-16.102364434136284,-11.034568892584907,-12.773596657647026,-20.053740395439995,0.8175289446957958,0.7477862344659563,0.2753991313665056,51333_1372
3,102.6673036,2.745915533,Healthy,Palong_Basemap,0.1737751273645295,0.028402632102370262,0.02929891087114811,0.1291556383172671,0.8878411319520738,0.3234010570579105,44.86929575602213,-15.872184117635092,-9.665234247843424,-12.661601278516981,-18.53766526116265,0.874333025697791,0.7190330709246948,0.14729269556639038,51333_1372
4,102.6673069,2.745995703,Healthy,Palong_Basemap,0.15792781114578247,0.028304986448751554,0.02784023702972465,0.12490889595614539,0.8955916364987692,0.3133235474427541,45.46879662407769,-16.377833048502605,-9.466041776869032,-13.132307794358995,-18.062220679389107,0.9342426783895688,0.6960257611510817,0.11674197287885203,51333_1372
5,102.6673804,2.746042469,Healthy,Palong_Basemap,0.13095912585655847,0.027202639107902844,0.02672182209789753,0.11232818828688727,0.9105822311507331,0.29754772451188827,46.80239783393012,-17.0147369172838,-9.589794476826986,-14.25454150305854,-18.00366677178277,1.0260973415997212,0.6560149779054978,0.07657997966423406,51333_1373
6,102.6674422,2.746079214,Healthy,Palong_Basemap,0.12036492427190144,0.024578271433711052,0.024372327865825757,0.10373007506132126,0.9136764605840048,0.29469873507817584,47.64729860093858,-16.457281642489964,-9.966645346747505,-15.18850326538086,-18.007524490356445,1.0140921294797833,0.6608564987951439,0.07423123791283112,51333_1373
7,102.6674455,2.745995703,Healthy,Palong_Basemap,0.12467595686515172,0.024966090710626707,0.028249151797758207,0.11256028132306205,0.9087794886695014,0.32115603817833793,45.56863869561089,-16.03729746076796,-9.673240767584907,-13.673705842759874,-18.57526143391927,0.9845775106339453,0.6663225194378081,0.05107008792003175,51333_1372
8,102.6673771,2.745955618,Healthy,Palong_Basemap,0.1415579261051284,0.025412221749623615,0.02945973827607102,0.12013190736373265,0.897959848244985,0.33507193128267926,45.19707234700521,-15.730247073703342,-9.767912864685059,-13.043474091423882,-18.656600528293186,0.9164075113573502,0.6956076032018633,0.08187562526744195,51333_1372
9,102.667372,2.745877118,Healthy,Palong_Basemap,0.14281436221467125,0.024130764106909435,0.025768806950913534,0.1096601171625985,0.8826878600650363,0.3412347502178616,44.26228713989258,-15.83079465230306,-10.223108715481228,-12.789238188001844,-19.4357295566135,0.8902505580641944,0.7109138237383802,0.13131721326388296,51333_1372
10,102.6674338,2.745917203,Healthy,Palong_Basemap,0.13749118314849007,0.024445527957545385,0.030173919060164027,0.12210412323474884,0.8954325119654337,0.3309194478723738,44.092665354410805,-15.846203909979927,-9.749877717759874,-13.02438735961914,-19.308529112074112,0.9030647078094793,0.6980854089158502,0.059273259320896235,51333_1372
11,102.6675157,2.746045809,Healthy,Palong_Basemap,0.12352235615253448,0.024256323153773945,0.023565550645192463,0.1180897628267606,0.9005230996343825,0.30541176597277325,44.77999623616537,-16.492522875467937,-9.90446228451199,-13.428061591254341,-18.47215504116482,0.9920758512668976,0.6717209374500279,0.022484771660975438,51333_1373
12,102.6675157,2.745953948,Healthy,Palong_Basemap,0.14323536968893474,0.02426252928045061,0.02817692897386021,0.130505517952972,0.8817443450291952,0.3219735622406006,42.000673082139755,-16.092056698269314,-9.647409756978353,-12.571775542365181,-20.044925053914387,0.88252508211321,0.7102945239344737,0.04650328946333828,51333_1372
13,102.6675157,2.745877118,Healthy,Palong_Basemap,0.15511279635959202,0.02481840385331048,0.028299546283152368,0.1299207020137045,0.870878603723314,0.31997112433115643,41.124824947781036,-16.699533568488228,-9.760918193393284,-12.610847155253092,-20.73005697462294,0.851954321776503,0.7241345155932463,0.08838292512866146,51333_1372
14,102.6674422,2.745832022,Healthy,Palong_Basemap,0.1306980633073383,0.022879647918873362,0.02459486894723442,0.10349269790781869,0.8657723599010043,0.32733310924635994,42.48584747314453,-17.571108394198948,-10.551778581407335,-13.159871101379395,-20.733703189426,0.9103961944999667,0.702044681663827,0.11616754332390315,51333_1372
15,102.6673737,2.745793607,Healthy,Palong_Basemap,0.09908535331487656,0.017307905583745904,0.014292631194823317,0.06977345090773371,0.8636355466312833,0.3412495487266117,43.31054390801324,-16.690322981940376,-10.922841389973959,-12.980513784620497,-20.246674007839626,0.9356016854381332,0.702596082496136,0.17358823865944428,51333_1372
16,102.6674439,2.745751852,Healthy,Palong_Basemap,0.10413793640004264,0.019361171043581434,0.01867102738469839,0.07842306047677994,0.8557848003175523,0.3021253960000144,42.70910856458876,-18.597850163777668,-11.501878102620443,-14.069599787394205,-20.98495313856337,0.9588814224747272,0.6864565024906015,0.1408563513739631,51333_1372
17,102.667514,2.745798618,Healthy,Palong_Basemap,0.139485793809096,0.025521106604072783,0.028236330797274906,0.11526410861147775,0.8603002296553718,0.31098445256551105,41.04373974270291,-18.06908056471083,-10.127265718248156,-13.105743302239311,-21.056585523817276,0.9332821559137793,0.6906661898360706,0.09508025309320826,51333_1372
18,102.6675057,2.745735985,Healthy,Palong_Basemap,0.07874366723828846,0.016045385195563238,0.017403269548796944,0.05535267872942819,0.8528033163812425,0.28437042070759666,41.85071733262804,-19.07146347893609,-10.982759157816568,-14.07136238945855,-21.076602723863388,1.0009776717710632,0.661450667907869,0.1744341975917196,51333_1372
19,102.6675883,2.745689637,Healthy,Palong_Basemap,0.10647397157218721,0.023668193206604984,0.025262485465241805,0.08057633580432998,0.8091718488269382,0.2353991452190611,39.63215849134657,-19.856500413682724,-10.838049782647026,-13.916287422180176,-21.07671356201172,1.057366052854533,0.6362717149075435,0.13845278380498668,51333_1372
20,102.6675879,2.74583578,Healthy,Palong_Basemap,0.1670894424120585,0.03216358626054393,0.03132548203898801,0.1436913369430436,0.8174991806348165,0.278664231300354,37.12258190578885,-18.789364708794487,-9.382534344991049,-11.921144273546007,-21.07671356201172,0.9793203793743064,0.6771583701907719,0.07528813563556946,51333_1372
21,102.6675883,2.745918456,Healthy,Palong_Basemap,0.1413336851530605,0.025159805392225582,0.025591850487722292,0.15652054217126635,0.8322460783852471,0.3089387747976515,37.632621341281464,-16.877181159125435,-9.322687784830729,-11.133024957444933,-20.481630749172634,0.9265037514063666,0.6977682994112957,-0.05098754902568235,51333_1372
22,102.6676622,2.745877536,Healthy,Palong_Basemap,0.19123855398760903,0.030020522160662547,0.02908100870748361,0.1554340256585015,0.7972411976920234,0.2843154999944899,35.12215042114258,-18.063206990559895,-8.98862330118815,-10.632799996270073,-21.043827268812393,0.8566259712486516,0.7286391800664938,0.1032805316349433,51333_1372
23,102.667656,2.745797783,Healthy,Palong_Basemap,0.19577382339371574,0.032377531131108604,0.030946936458349228,0.153165093726582,0.7932590179973178,0.26093880004352993,35.45916197035048,-19.16232024298774,-9.125589370727539,-11.094399240281847,-21.07671356201172,0.8886508910756648,0.7161749821863475,0.1221094225280818,51333_1372
24,102.667661,2.745714272,Healthy,Palong_Basemap,0.1323131745060285,0.02485128916386101,0.026411224777499836,0.10439565901954968,0.7934860189755758,0.22045374247762892,38.30673684014214,-19.7830384572347,-10.28114816877577,-12.893902566697863,-21.071563932630752,0.953860750606388,0.683754347725081,0.1179403196351864,51333_1372
25,102.6677295,2.745756028,Healthy,Palong_Basemap,0.2110773672660192,0.031269594406088196,0.03053759742114279,0.15124680598576865,0.7802310321066115,0.22300245695643955,35.94911151462131,-19.654442681206596,-9.396983676486546,-10.99164178636339,-20.91681162516276,0.8224670035592649,0.7419435821242472,0.16512991872246086,51333_1372
26,102.667732,2.74583745,Healthy,Palong_Basemap,0.1951671689748764,0.02981884280840556,0.02988608967926767,0.16110167072878945,0.7826343774795532,0.24276476601759592,34.761917961968315,-19.151281144883896,-8.973077562120226,-10.50425804985894,-20.987842983669704,0.8379288040865933,0.7349271399403392,0.09561739464619375,51333_1372
27,102.6678005,2.745882964,Healthy,Palong_Basemap,0.18017863482236862,0.026048357081082132,0.026161982367436092,0.1621509012248781,0.7875926825735304,0.24961091578006744,34.10228559705946,-17.971740298801,-8.825342390272352,-10.096813413831923,-20.938197241889107,0.8063341915756453,0.7473816900430067,0.052661928636512444,51333_1372
28,102.6677942,2.7457982,Healthy,Palong_Basemap,0.19648167159822252,0.028815467945403524,0.028722793691688113,0.1603226595454746,0.7839572893248664,0.23144479427072737,34.6930906507704,-18.77162763807509,-8.84743849436442,-10.252476162380642,-20.79231834411621,0.8150455798704457,0.7442003213731548,0.10134129240204061,51333_1372
31,102.6677307,2.745671682,Healthy,Palong_Basemap,0.14873146679666308,0.019725111313164234,0.0224357842364245,0.09298183768987656,0.7965922289424472,0.2172766476869583,39.180176205105255,-18.745876524183487,-10.735177463955349,-12.900586234198677,-20.97048462761773,0.749229813479244,0.7658137006641057,0.2306436098964965,51333_1372
32,102.6676602,2.745960629,Healthy,Palong_Basemap,0.14988190680742264,0.024218622802032366,0.024681193340155814,0.156338632106781,0.8106380701065063,0.30098289251327515,36.16592364841037,-17.28603998819987,-9.188799752129448,-10.595124032762316,-20.45303620232476,0.868828170482024,0.7217857653120304,-0.021085213037154906,51333_1372
33,102.6676543,2.746035788,Healthy,Palong_Basemap,0.12881845235824585,0.022584631832109556,0.022525610195265874,0.15588541080554327,0.8482993510034349,0.33698933985498214,40.057487063937714,-16.835093604193794,-10.13216421339247,-11.194151348537869,-17.986087587144638,0.9194137524123515,0.7016621959468876,-0.0950705696315961,51333_1373
35,102.6677245,2.745997373,Healthy,Palong_Basemap,0.12516292846865124,0.0222100925942262,0.02306813539730178,0.15515252616670397,0.8183147973484464,0.3140830596288045,37.261783599853516,-17.11964013841417,-9.615137312147352,-10.52114529079861,-19.291459825303818,0.9222921814726045,0.6985867232137399,-0.10698517403210721,51333_1372
36,102.667803,2.746054996,Healthy,Palong_Basemap,0.13299181560675302,0.022804696526792314,0.024718980822298262,0.13137410332759222,0.8385249508751763,0.31559570630391437,38.92240227593316,-17.08165635002984,-9.93045531378852,-10.911182615492079,-18.275074428982204,0.8972919643571312,0.707250230258754,0.00611921644696779,51333_1373
37,102.6678038,2.745964804,Healthy,Palong_Basemap,0.15340318530797958,0.022697930741641257,0.024017711066537432,0.16122217145231035,0.8177738255924649,0.2958979705969493,36.58595403035482,-17.142865286933052,-9.528054131401909,-10.470374637179905,-19.479365878634983,0.8149451938844549,0.742217071069038,-0.024851735488973896,51333_1372
38,102.6678764,2.746001549,Healthy,Palong_Basemap,0.1746512684557173,0.024118062315715685,0.022269247099757195,0.1422695799006356,0.8050261206097074,0.2369871454106437,34.626864963107636,-17.612876468234592,-9.109996477762857,-10.37319278717041,-20.644620895385742,0.787025382541651,0.7573261204622224,0.10217594936724073,51333_1373
40,102.6678673,2.745833692,Healthy,Palong_Basemap,0.18165025280581582,0.02801678805715508,0.027144051467378933,0.1595554898182551,0.7905432383219401,0.2386413166920344,35.264060974121094,-18.14113638136122,-8.72347280714247,-10.210501035054525,-20.527879926893448,0.8463395324135808,0.7327497164853335,0.0647549564014929,51333_1372
41,102.6678781,2.745753522,Healthy,Palong_Basemap,0.1870245701736874,0.03393250145018101,0.03137686331239012,0.13976026243633694,0.8021490044063992,0.2730095088481903,37.91754065619575,-17.541129218207466,-8.81082206302219,-10.421090549892849,-19.53184043036567,0.9482774684594744,0.6928588779639174,0.14463433740131487,51333_1372
42,102.6678723,2.745670012,Healthy,Palong_Basemap,0.19935279256767696,0.026156463970740635,0.028642460703849792,0.11806638538837433,0.8012485371695625,0.2719520727793376,39.86819542778863,-16.93025991651747,-10.036070823669434,-11.377894613477919,-19.884142769707573,0.7465059023978802,0.7680231457258638,0.25608536857390907,51333_1372
43,102.6678046,2.745624498,Healthy,Palong_Basemap,0.18065254224671257,0.02324800959063901,0.025912881621883974,0.10825938027766016,0.7978004084693061,0.23439344101481968,39.40299563937717,-17.99302906460232,-10.324019643995497,-12.056399451361763,-20.52229160732693,0.7349364426427358,0.771967173397514,0.2505717359689277,51333_1372
45,102.667937,2.745626586,Healthy,Palong_Basemap,0.20233885281615788,0.034278425491518445,0.02906992928021484,0.14345815115504795,0.8187886277834574,0.30610768331421745,40.200292375352646,-15.882897165086534,-9.286754820081923,-10.776887045966255,-19.550936804877388,0.91419607345336,0.7102627015517794,0.1702753377990888,51333_1372
46,102.6679462,2.745711349,Healthy,Palong_Basemap,0.18439510299099815,0.03255663625895977,0.0290877442393038,0.13669813258780372,0.8155640761057535,0.30274847480985856,39.64073689778646,-16.45033221774631,-8.959984355502659,-10.470345709058973,-18.998873816596138,0.9348769477014255,0.6998720879444059,0.14854554726827549,51333_1372
47,102.6679483,2.745794025,Healthy,Palong_Basemap,0.1840271602074305,0.03184567350480291,0.028518938562936254,0.1427988956371943,0.8071537017822266,0.27902616063753766,37.07771301269531,-16.829437467787002,-8.574192894829643,-10.292379803127712,-20.36763572692871,0.9222695616775574,0.7049589523871782,0.12614742255995764,51333_1372
48,102.6680159,2.745754357,Healthy,Palong_Basemap,0.1801002191172706,0.03141550264424748,0.028904379448956914,0.142062998480267,0.8268960648112826,0.28581412302123177,39.09551069471571,-16.48322253757053,-8.499848789638943,-10.613712204827202,-20.084869172837998,0.9245441641570078,0.7029487701186756,0.11806816718760738,51334_1372
49,102.6680226,2.745672934,Healthy,Palong_Basemap,0.1984864440229204,0.03562762401998043,0.029831522040896945,0.1558926502863566,0.8311433593432108,0.292069716586007,39.88204574584961,-16.309785419040256,-8.650792545742458,-10.694974793328178,-19.758995480007595,0.9514234876189778,0.6956387600470745,0.12019273828661843,51334_1372
50,102.6680785,2.745639113,Healthy,Palong_Basemap,0.19147700236903298,0.03518164364828004,0.030289234386550054,0.15645141982369953,0.8466572099261813,0.2865351107385423,40.53093931410048,-16.076454480489094,-8.807456228468153,-11.191407945421007,-20.649219301011826,0.9634532836058121,0.6895627476254074,0.10066893162850395,51334_1372
51,102.6679466,2.745880041,Healthy,Palong_Basemap,0.19622264140182072,0.0266205459419224,0.02271713585489326,0.15108654482497108,0.7991436719894409,0.2526664303408729,35.10084448920356,-17.031752480400932,-8.591828346252441,-10.096916304694282,-21.01790640089247,0.7824369442563607,0.7610827034091977,0.12995940898429306,51333_1372
52,102.6680159,2.74583244,Healthy,Palong_Basemap,0.19350525074534947,0.03138057245976395,0.02741587244802051,0.14316691789362165,0.817039430141449,0.2726604657040702,37.698031955295136,-16.638502332899307,-8.44493325551351,-10.370431900024414,-20.59972996181912,0.8849498467003326,0.7209199582924138,0.1495173570634759,51334_1372
53,102.6680852,2.745794025,Healthy,Palong_Basemap,0.17978626986344656,0.030527950161033206,0.028979154924551647,0.1414105842510859,0.8264899253845215,0.24985169205400679,38.00886027018229,-16.79083463880751,-8.27649482091268,-10.460377905103895,-20.822606616550022,0.9051308349651117,0.7096920012590696,0.11947715278268772,51334_1372
54,102.6681545,2.745836615,Healthy,Palong_Basemap,0.19420109854804146,0.032241492428713374,0.02929006020228068,0.13962630927562714,0.8364575902620951,0.22728261682722303,38.198643154568146,-17.102013270060223,-8.13977124955919,-10.583849906921387,-20.729113472832573,0.8956774250574298,0.7152347330982175,0.16348205088433404,51334_1372
55,102.6681412,2.745695482,Healthy,Palong_Basemap,0.1612602174282074,0.030334220164351992,0.029421049687597487,0.13965153694152832,0.852946228451199,0.27300360798835754,40.14136632283529,-16.168632083468967,-8.661969714694553,-11.190681351555718,-20.68625937567817,0.9654825692144149,0.6833496781481715,0.07181068925651904,51334_1372
56,102.6682188,2.74587503,Healthy,Palong_Basemap,0.21074864599439833,0.0379006794343392,0.033117679258187614,0.14399146454201806,0.8231510917345682,0.19084064828024971,36.647635989718964,-18.499795065985786,-7.959235509236653,-10.01912530263265,-19.972730424669052,0.9485019929624608,0.6951475386551855,0.18818616634987828,51334_1372
57,102.6681537,2.745916786,Healthy,Palong_Basemap,0.2135138197077645,0.03494741995301512,0.03066314963830842,0.13491472436322105,0.7954634891615974,0.1766573190689087,35.499865214029946,-18.581812964545357,-8.008981174892849,-9.58611085679796,-20.61573706732856,0.8901765500376528,0.7186891605247699,0.2255816771674436,51334_1372
58,102.6680869,2.745961881,Healthy,Palong_Basemap,0.2206698457400004,0.02975818659696314,0.026300140966971714,0.13245079666376114,0.7826862202750312,0.18109871612654793,35.00711144341363,-18.864762836032444,-8.151339371999105,-9.664284070332846,-20.980663723415798,0.7767572196448906,0.7623414094719076,0.24982693867941244,51334_1372
59,102.6680218,2.745918456,Healthy,Palong_Basemap,0.20719171894921196,0.02533585536811087,0.022664273778597515,0.1354070943262842,0.789588107003106,0.21404306093851724,34.56550725301107,-17.824730767144096,-8.479181607564291,-9.808576583862305,-21.07671356201172,0.7225198810743307,0.7820830029084134,0.20952969432851812,51334_1372
60,102.6680184,2.746004472,Healthy,Palong_Basemap,0.1892991993162367,0.030328990063733526,0.026260336861014366,0.12979962097273934,0.7854307293891907,0.19895773960484398,34.576363457573784,-18.828851487901474,-8.477295345730251,-9.952535099453396,-21.02686839633518,0.8784088849825189,0.723815142770562,0.18646129211513385,51334_1373
61,102.6680927,2.746043722,Healthy,Palong_Basemap,0.18710008925861782,0.04085246390766568,0.032961535164051585,0.11576451443963581,0.7892234656545851,0.1854899674654007,35.744508531358505,-19.49690119425456,-8.150635242462158,-9.919038666619194,-20.779845979478623,1.0830216564344926,0.6415704642021253,0.2355361899274773,51334_1373
62,102.6679449,2.745957706,Healthy,Palong_Basemap,0.20015783442391288,0.023410676047205925,0.020433668461110856,0.14499969366523954,0.7923817767037286,0.22956623964839512,34.001092698838974,-17.473739200168186,-8.715434074401855,-9.96542125278049,-21.064235475328232,0.7003605282627491,0.7905726884535451,0.15980570107810677,51333_1372
63,102.6681612,2.745996956,Healthy,Palong_Basemap,0.2183705684211519,0.03759902322457896,0.034518053755164146,0.1242995477384991,0.7823848658137851,0.16942093273003897,35.21234893798828,-18.537735833062065,-7.925841861300999,-9.401846355862087,-20.752406862046982,0.9168070956884865,0.7062227354207209,0.27452356142671286,51334_1372
64,102.6682264,2.745959376,Healthy,Palong_Basemap,0.24878534177939096,0.04118948264254464,0.038608987919158406,0.16074955960114798,0.8001828591028849,0.19469744132624733,35.44510269165039,-18.972890006171333,-8.104134983486599,-9.398600154452854,-19.08233790927463,0.8911294179719961,0.7159099399428497,0.21496527373240976,51334_1372
65,102.668294,2.745918456,Healthy,Palong_Basemap,0.24463869465721977,0.035609031510021955,0.037842643757661186,0.16785864366425407,0.8050214913156297,0.2091022961669498,35.74447038438585,-18.753719117906357,-8.370848019917807,-9.632377836439344,-18.980104234483505,0.8054077867377666,0.7458746088896239,0.18613465799657664,51334_1372
66,102.6683742,2.745961464,Healthy,Palong_Basemap,0.18868852655092874,0.02801062518523799,0.03021221835580137,0.153134157260259,0.7970264752705892,0.22256838447517818,36.14104080200195,-18.185035705566406,-8.870532247755262,-9.914322217305502,-20.138358222113716,0.8150857528003796,0.7414791432193405,0.10401407213310886,51334_1372
68,102.6684665,2.74594852,Healthy,Palong_Basemap,0.1255170868502723,0.017882449966337945,0.016028850960234802,0.10434481998284657,0.8266719314787123,0.2649455798996819,38.21287579006619,-18.482073677910698,-10.501688639322916,-12.304045465257433,-21.06504864162869,0.8068294163603867,0.7505926397906386,0.09210863669897648,51334_1372
69,102.6684861,2.745736403,Healthy,Palong_Basemap,0.1344605940911505,0.016913131914205022,0.013377076221836938,0.1022395139767064,0.8560572134123908,0.34909837113486397,41.52965418497721,-16.95338037278917,-11.140229331122505,-13.338169627719456,-21.03158399793837,0.7448096726140807,0.7765380775048553,0.13612617407511698,51334_1372
70,102.6684869,2.745659573,Healthy,Palong_Basemap,0.1269698234068023,0.01747624058690336,0.012832114886906412,0.09739438692728679,0.8150617215368483,0.37495560778511894,39.87388356526693,-16.87505446539985,-11.486463334825304,-12.359779887729221,-21.07671356201172,0.8000365605701647,0.7580239972801903,0.1318188691301356,51334_1372
71,102.6684201,2.745613642,Healthy,Palong_Basemap,0.13465820252895355,0.016123890980250306,0.011919274408784177,0.08979130784670512,0.8100000884797838,0.3850245475769043,39.63175710042318,-16.530725902981228,-11.557205412122938,-11.999982621934679,-21.07531060112847,0.7213249886326498,0.7861298963956077,0.19989749412754432,51334_1372
72,102.6681963,2.745628674,Healthy,Palong_Basemap,0.153305740820037,0.029538888484239578,0.028837150790625148,0.13625310526953804,0.8565952248043485,0.30839426649941337,41.261907789442276,-16.166270362006294,-9.818712976243761,-11.458351771036783,-19.607160144382053,0.9796470147680818,0.6768962960888161,0.05889177892780982,51334_1372
74,102.6682147,2.745535977,Healthy,Palong_Basemap,0.11003288957807753,0.02280874757303132,0.025728235642115276,0.08627874693936771,0.8699784742461311,0.32421672013070846,43.232983907063804,-17.612632539537216,-10.826580683390299,-12.77636686960856,-18.891468683878582,1.0060170278933172,0.6566024318552154,0.12100221392937602,51334_1372
76,102.668337,2.74549631,Healthy,Palong_Basemap,0.10652371909883288,0.019991995249357488,0.021297273743483756,0.07196484837267134,0.8575220704078674,0.28875723150041366,42.88171725802951,-17.885610580444336,-11.104995409647623,-13.693043920728895,-20.29746479458279,0.9531061522161149,0.6839602834737747,0.19361951981422496,51334_1372
77,102.6684832,2.74557982,Healthy,Palong_Basemap,0.13503415634234747,0.016819173677100077,0.011914939930041632,0.09583684388134214,0.7925602197647095,0.35868918233447605,38.561925676133896,-17.359571774800617,-11.456285052829319,-11.803130149841309,-21.075251473320854,0.7450871816704165,0.7784813322836439,0.1697801474547573,51334_1372
78,102.6685558,2.745695065,Healthy,Palong_Basemap,0.1276610932416386,0.01579424345658885,0.011655658276544677,0.08395567908883095,0.8361522224214342,0.3359884023666382,41.11428451538086,-17.922602123684353,-11.467917548285591,-13.392084863450792,-21.07671356201172,0.7393216779803804,0.7798026365542103,0.20653095532784832,51334_1372
79,102.6685525,2.745624081,Healthy,Palong_Basemap,0.13090891391038895,0.017335253664188914,0.012382187052733369,0.09660191668404473,0.8112973504596286,0.3228188306093216,39.96446185641818,-18.18522771199544,-11.305953873528374,-12.546105808681911,-21.07671356201172,0.7792806024002149,0.7661256567754277,0.15079280901356604,51334_1372
80,102.668479,2.74550132,Healthy,Palong_Basemap,0.15738021002875435,0.016436281096604135,0.012811273750331666,0.08580025119913949,0.7826643519931369,0.315527328186565,37.99717161390517,-18.058923721313477,-11.318892267015245,-11.478012720743815,-21.016210132175022,0.6475309213073267,0.8108777712610699,0.294349136720053,51334_1372
81,102.6684155,2.745457895,Healthy,Palong_Basemap,0.14495844062831667,0.014916708278987143,0.012213329163690409,0.08521457347604963,0.8000374303923713,0.28991927206516266,38.728432973225914,-17.46366246541341,-11.281647576226128,-12.035507308112251,-20.963956620958115,0.6381302495459321,0.8133955354420229,0.25956069344070737,51334_1372
82,102.6683412,2.745416974,Healthy,Palong_Basemap,0.1167606802450286,0.021430743030375905,0.019133964863916237,0.07533420125643413,0.8305086758401659,0.23146927191151512,40.41899617513021,-17.780160268147785,-11.005684958563911,-13.35113779703776,-21.02446852789985,0.9591052520612583,0.6898397523894642,0.2156563395380164,51334_1372
83,102.6682802,2.745377724,Healthy,Palong_Basemap,0.08849132309357326,0.027241924570666418,0.026289564453893237,0.07094910989205043,0.8569411635398865,0.20429315831926134,41.60499615139432,-19.049508412679035,-10.99464946322971,-14.43901358710395,-20.904056125217014,1.2875416393788812,0.5292290656233977,0.1100236174289903,51334_1372
84,102.6684122,2.745376889,Healthy,Palong_Basemap,0.12198139313194487,0.01907350153972705,0.016219640150666237,0.06560798486073811,0.8146051830715604,0.19671231342686546,39.68831931220161,-17.84822569953071,-10.969055811564127,-12.800102021959093,-20.874544779459637,0.8652662964986669,0.7295591679519706,0.30051492720129186,51334_1372
85,102.6683504,2.745335134,Healthy,Palong_Basemap,0.10371532456742392,0.022339659329089854,0.019102393235597346,0.06955705003605948,0.8321332136789957,0.18873444696267447,40.32859675089518,-18.179448233710396,-10.95051818423801,-13.630008379618326,-21.068688286675346,1.0669876817439508,0.6455569047959286,0.19713629832529422,51334_1372
86,102.6685508,2.745454554,Healthy,Palong_Basemap,0.1542418897151947,0.018170541462798912,0.015681211422714923,0.093942246089379,0.7974960406621298,0.2330704927444458,39.327270931667755,-19.401064978705513,-10.904742982652452,-11.728181627061632,-20.665900972154404,0.704748293371352,0.7892200540454049,0.24296332813672317,51334_1372
87,102.6686243,2.745573139,Healthy,Palong_Basemap,0.1362521458003256,0.017419158584541745,0.014113469152814813,0.09749374124738905,0.8113092117839389,0.23823504149913788,40.56109746297201,-19.854888704087998,-10.64663028717041,-12.35413678487142,-21.075251473320854,0.7524314796101027,0.7732932813413788,0.16581427396420792,51334_1372
88,102.6686961,2.745690889,Healthy,Palong_Basemap,0.12108981360991795,0.014969105107916726,0.013652484760516219,0.08078552989496125,0.8855376177363925,0.3317806207471424,45.51831732855903,-17.360690434773762,-10.971315807766384,-14.622893545362684,-20.839193132188583,0.7271828456893639,0.7799614277552749,0.19964936289499152,51334_1372
90,102.6683433,2.745253294,Healthy,Palong_Basemap,0.1119128084845013,0.015684888284239504,0.014620191624595059,0.06110312003228399,0.8183456063270569,0.20321313209003872,40.13197284274631,-17.849809222751194,-11.416411929660374,-13.335222668117947,-21.07440333896213,0.7946605431146672,0.7541509183717174,0.29367058217005704,51334_1372
91,102.6684126,2.745212582,Healthy,Palong_Basemap,0.1280993703338835,0.02297589762343301,0.01955773402005434,0.06719573876923984,0.8201860454347398,0.1857669966088401,40.753277672661675,-17.592785517374676,-10.855840259128147,-13.220833036634657,-21.054813808865017,0.949373615399139,0.6958350902290052,0.3118543615574325,51334_1372
92,102.6682731,2.745142224,Healthy,Palong_Basemap,0.10591433611181048,0.011600290425121784,0.012855781449211968,0.061794160968727536,0.8304590781529745,0.37019573317633736,41.51095114813911,-17.414223670959473,-12.946106804741753,-13.613540013631185,-20.99186685350206,0.6536723735213377,0.8025728240479738,0.2630765638660233,51334_1372
93,102.6682009,2.745181057,Healthy,Palong_Basemap,0.09158554838763343,0.01169925576282872,0.00998691852307982,0.05743446035517587,0.8458278708987765,0.3382423288292355,41.39972050984701,-18.433266109890408,-12.818722512986925,-14.447893354627821,-21.076059977213543,0.7489262489073286,0.7734563983722987,0.22917115842744482,51334_1372
94,102.6682028,2.745099425,Healthy,Palong_Basemap,0.10165474563837051,0.011334823754926523,0.011254904067350758,0.056969804068406425,0.838065869278378,0.3838184310330285,42.07694456312392,-17.505857043796116,-13.061584896511501,-14.083434422810873,-21.025184207492405,0.6688232783448572,0.799365130502056,0.2817025589832455,51334_1372
95,102.6681351,2.74506101,Healthy,Palong_Basemap,0.1203651370273696,0.010566678622530567,0.012264816607866023,0.05722696499692069,0.8438641495174832,0.4005573160118527,43.882724338107636,-16.327180332607693,-12.93372196621365,-14.195657942030165,-20.95249366760254,0.5497633245296921,0.8385926511431735,0.35552353573591433,51334_1372
96,102.6680633,2.745028441,Healthy,Palong_Basemap,0.12118091103103426,0.011474694746236006,0.015458196815517213,0.0634330925014284,0.8592710097630819,0.3674503763516744,44.906439463297524,-16.500045670403374,-12.260697576734755,-14.441662364535862,-20.985173755221897,0.5752141257078005,0.8270002284637394,0.3128030237394827,51334_1372
97,102.6681343,2.744981675,Healthy,Palong_Basemap,0.11674278643396166,0.011383229349222448,0.015208371914923191,0.06518300001819928,0.8514155679278903,0.4015354679690467,44.56353293524848,-16.27437792883979,-12.639069663153755,-14.028449800279406,-20.79848798116048,0.5885938300479484,0.8223119749780522,0.2834110953771828,51334_1372
98,102.6682061,2.745025101,Healthy,Palong_Basemap,0.11073328389061822,0.012376307820280394,0.015545914363529947,0.06163413864043024,0.8484254413180881,0.4275662302970886,44.57156414455838,-16.159520679050022,-12.804625299241808,-13.783970726860893,-20.547419442070854,0.6555603088450477,0.7989383662429165,0.2848516531094718,51334_1372
99,102.6681376,2.74490401,Healthy,Palong_Basemap,0.10878006865580876,0.013216573745012283,0.016993396708534822,0.07858401536941528,0.8665934006373087,0.4073856472969055,45.276223500569664,-15.992344538370768,-11.762360042995876,-13.657930586073133,-20.642410702175564,0.6946648898971531,0.7833288935675932,0.16116244179609318,51334_1372
100,102.6680658,2.744867266,Healthy,Palong_Basemap,0.10080144471592373,0.013061803144713243,0.01609413708663649,0.0802846062514517,0.8684501515494453,0.3578804698255327,44.138142903645836,-17.101057264539932,-11.634559843275282,-13.691616906060112,-20.647425121731228,0.7306322078300257,0.7705703395936809,0.11329883419992605,51334_1372
101,102.6679982,2.744742835,Healthy,Palong_Basemap,0.14456297871139315,0.017658438119623397,0.01809958927333355,0.08475297441085179,0.8264800906181335,0.37139101492034066,40.23788494533963,-16.61487939622667,-11.23820866478814,-12.329119470384386,-21.00971221923828,0.7135463255325221,0.782292147799228,0.2608192037501095,51333_1372
102,102.6678337,2.744596691,Healthy,Palong_Basemap,0.14322063657972547,0.020036028491126165,0.021266605498062238,0.12710667153199515,0.7867799136373732,0.3422675497002072,36.36464352077908,-16.795602056715225,-10.64550495147705,-10.99524286058214,-21.07507875230577,0.7835783005981227,0.7545456599590499,0.059609090773288666,51333_1372
103,102.6678036,2.744537399,Healthy,Palong_Basemap,0.17019776006539664,0.025657150480482314,0.025324054890208773,0.1141646694805887,0.769321084022522,0.3348192307684157,34.87122048272027,-16.667297575208877,-10.044838269551596,-10.23335149553087,-21.017709520128037,0.8315525589992467,0.7379983947405584,0.19704814969498846,51333_1372
106,102.6677268,2.744562452,Healthy,Palong_Basemap,0.16998978952566782,0.028273224209745724,0.027337496272391744,0.12069519029723273,0.761145015557607,0.3226540883382161,34.132282469007706,-17.031760109795464,-9.755889256795248,-9.9352388381958,-20.7913023630778,0.8909381444089892,0.7147907350235583,0.1695808268403402,51333_1372
107,102.6676725,2.744572473,Healthy,Palong_Basemap,0.17218900554709965,0.029623287212517526,0.027783549287252955,0.13595065143373278,0.7414181629816691,0.3154561519622803,32.63832918802897,-17.33257399664985,-9.62534130944146,-9.286469724443224,-20.194922341240776,0.9142315166987535,0.7064273260320921,0.11760366863659177,51333_1372
109,102.6676073,2.744539069,Healthy,Palong_Basemap,0.16841523349285126,0.030088807352715068,0.02786050033238199,0.18675489723682404,0.7173824906349182,0.30628932846917045,31.00756051805284,-17.61446401807997,-9.570065922207302,-8.556335608164469,-19.53838857014974,0.938613046781643,0.696844384380832,-0.051636278383813024,51333_1372
110,102.6676583,2.744482282,Healthy,Palong_Basemap,0.19956229627132416,0.029606754374172952,0.027083627672659025,0.1459993322690328,0.7241007884343466,0.28083008693324196,31.31064902411567,-17.63515790303548,-9.152972539265951,-8.821232795715332,-20.651478237575954,0.8285681978817537,0.7416164679237441,0.15500263796226413,51333_1372
111,102.6677251,2.744380399,Healthy,Palong_Basemap,0.20118854112095302,0.021804190551241238,0.02428199640578694,0.1376554345091184,0.7438739736874899,0.2746540920601951,32.39432907104492,-18.01043637593587,-9.771839247809517,-9.813332451714409,-21.07645034790039,0.6482615780476312,0.8044403475599013,0.18749959031644722,51333_1372
112,102.6676533,2.744399606,Healthy,Palong_Basemap,0.2144345591465632,0.026094427953163784,0.026124164669050112,0.14353088703420427,0.7042170564333597,0.24208508597479927,30.083899392022026,-18.85140715705024,-9.300313631693522,-8.895397663116455,-21.06217426723904,0.7130901776321823,0.7830246718467689,0.1980740679550215,51333_1372
113,102.6675948,2.744438021,Healthy,Palong_Basemap,0.21925116744306353,0.027089175043834582,0.027671796166234545,0.18933896720409393,0.6781705021858215,0.24117940664291382,28.631825341118706,-18.424875047471787,-8.711426417032877,-7.75367095735338,-20.812397003173828,0.7197358181199441,0.7800670830416226,0.07320832712909382,51333_1372
114,102.6675171,2.744488128,Healthy,Palong_Basemap,0.3102699683772193,0.035398176974720426,0.033689153070251145,0.3794409781694412,0.6770329276720682,0.2632894747787052,28.704802831013996,-17.64210531446669,-8.8802457385593,-7.243187480502659,-19.85686577690972,0.6827767988518092,0.7951898232411321,-0.10028985350828026,51333_1372
116,102.6673006,2.744519444,Healthy,Palong_Basemap,0.16663768142461777,0.014254819912215074,0.019348069094121456,0.096473285721408,0.7529174023204379,0.2710361116462284,33.48503430684408,-18.110624737209744,-10.331938637627495,-10.119162877400717,-20.763995700412327,0.5316597205901314,0.8423945734967561,0.26667225796129107,51333_1372
117,102.6673725,2.74448771,Healthy,Palong_Basemap,0.299330257707172,0.029232394364145067,0.029951340622372098,0.25836293482118183,0.7123314870728387,0.26971153087086147,30.789992226494682,-17.205722596910263,-9.221047931247288,-8.161977026197645,-20.445613225301106,0.6031240076475022,0.8220589334797558,0.07345853138400522,51333_1372
118,102.6674468,2.744533641,Healthy,Palong_Basemap,0.237044890721639,0.028784809737569757,0.028097039606008265,0.3224518365330166,0.6946332719590929,0.27507657143804765,29.943074544270832,-18.19926855299208,-9.760282728407118,-8.043407016330296,-19.341634538438583,0.7135737101485343,0.78343420853392,-0.1526495896239703,51333_1372
119,102.6674368,2.744438439,Healthy,Palong_Basemap,0.3944750014278624,0.03808138954142729,0.03722601280444198,0.38173213435543907,0.667022340827518,0.26527277131875354,27.79794078403049,-17.08733664618598,-8.607985072665745,-6.902522563934326,-20.610436545477974,0.599867760492949,0.8239240462678495,0.016416838347619676,51333_1372
120,102.6675211,2.744399189,Healthy,Palong_Basemap,0.37410591542720795,0.03669502834479014,0.036404769867658615,0.3806052986118529,0.630188869105445,0.24805904759301078,25.837435404459637,-17.966345681084526,-8.429663022359213,-6.547051694658068,-21.005059983995224,0.6066538058082922,0.8213488605558971,-0.008611748525454604,51333_1372
121,102.6675879,2.744359104,Healthy,Palong_Basemap,0.31457123160362244,0.026389906596806314,0.028904283005330298,0.2841772652334637,0.6589159369468689,0.22555477917194366,27.579524993896484,-19.190731896294487,-8.85228411356608,-7.768629233042399,-21.06217426723904,0.5327859033346319,0.8452028478313361,0.05076249298447699,51333_1372
122,102.667638,2.74432904,Healthy,Palong_Basemap,0.21117938723829058,0.020941011193725798,0.023889015325241618,0.17405916998783746,0.6537332336107889,0.23045584559440613,27.23167461819119,-20.023976220024956,-9.030346128675673,-8.100083774990505,-21.07671356201172,0.6049028073506528,0.8195676783670607,0.09635644344048412,51333_1372
123,102.6676898,2.744304822,Healthy,Palong_Basemap,0.18179757396380106,0.020079477586679988,0.022881593762172595,0.1325479050477346,0.7067490948571099,0.2545166363318761,30.194008297390408,-19.633749855889214,-9.535918129814995,-9.395206769307455,-21.07671356201172,0.6560899045917211,0.8010722126912088,0.15667369885812527,51333_1372
124,102.6676639,2.744228827,Healthy,Palong_Basemap,0.1627987821896871,0.019308901495403714,0.022953867705331907,0.11996010525359048,0.7197077737914191,0.26605552434921265,30.944359249538845,-20.376839531792534,-9.583175341288248,-10.00828758875529,-21.07671356201172,0.6884650361776211,0.7879397386790821,0.15150249501773913,51333_1372
126,102.6675829,2.744270582,Healthy,Palong_Basemap,0.27143461174435085,0.02175184732509984,0.02661773707303736,0.25031962742408115,0.6191044449806213,0.22068311274051666,24.82645606994629,-20.15753724839952,-8.718453937106663,-7.175578753153483,-21.06991704305013,0.509476502989507,0.8516176538702478,0.04046921468989424,51333_1372
127,102.6675203,2.744319854,Healthy,Palong_Basemap,0.3898281537824207,0.026851926412847307,0.028969416601790324,0.4088839623663161,0.6082794401380751,0.2362113661236233,24.259642706976997,-18.663853963216145,-8.457722769843208,-6.403955830468072,-21.062961790296768,0.45463442171971646,0.8711149023477978,-0.023858168917956914,51333_1372
128,102.6674418,2.744349082,Healthy,Palong_Basemap,0.4237278170055813,0.03375112699965636,0.033775374500287905,0.4118339419364929,0.64223180214564,0.2653144647677739,26.096777598063152,-17.215333302815754,-8.486611790127224,-6.543866210513645,-20.943155924479168,0.514297553118591,0.8524472986487004,0.01423458522580968,51333_1372
129,102.6673708,2.744390003,Healthy,Palong_Basemap,0.33995793263117474,0.030608126065797277,0.03153595762948195,0.2987721222970221,0.6714110109541152,0.27908772892422146,27.59183777703179,-16.769623226589626,-8.599417262607151,-7.062476211123997,-20.94211090935601,0.56588691721584,0.8348034022682749,0.0644807771551983,51333_1372
130,102.6673023,2.744437604,Healthy,Palong_Basemap,0.27172528207302094,0.025777457799348567,0.02760108643107944,0.16542910950051415,0.7419598566161262,0.2889112201001909,32.30909114413791,-16.797927856445312,-9.081448131137424,-8.859219498104519,-20.951996485392254,0.5877191851998936,0.8267077620165296,0.24315476321739382,51333_1372
131,102.6672255,2.744473513,Healthy,Palong_Basemap,0.17339882999658585,0.020226657080153625,0.02192588895559311,0.11994520160886976,0.8019436796506246,0.30395541919602287,35.20746400621202,-18.218443552652996,-10.630584398905436,-11.651896052890354,-21.07671356201172,0.6862948787261717,0.7910744356486789,0.18222163271966824,51333_1372
135,102.6670869,2.744390003,Healthy,Palong_Basemap,0.1314620640542772,0.02125128513822953,0.02281864856680234,0.136540863249037,0.8352927962938944,0.348339276181327,37.9597036573622,-17.757266998291016,-9.916171391805014,-12.274840142991808,-21.07671356201172,0.8639467672381368,0.7216839883271675,-0.01895053627161251,51333_1372
136,102.6671612,2.744352423,Healthy,Palong_Basemap,0.14493821892473432,0.022993439394566748,0.022869312307900853,0.13060686157809365,0.8231745759646097,0.3123359713289473,36.9358401828342,-18.13188213772244,-9.631271468268501,-11.74831157260471,-21.07671356201172,0.8603944094600244,0.7261571805496306,0.05201093527232685,51333_1372
137,102.6672313,2.744400024,Healthy,Palong_Basemap,0.1887753705183665,0.022207365681727726,0.02229222572512097,0.128163889878326,0.8070671094788445,0.2869580652978685,36.05147933959961,-18.03615273369683,-9.342169019911024,-11.029181374443901,-21.07671356201172,0.695386358492664,0.7894864188256004,0.19124005200295158,51333_1372
138,102.6672297,2.744314008,Healthy,Palong_Basemap,0.14561111314429176,0.024364284343189664,0.023810409837298922,0.12331244349479675,0.8068552613258362,0.27532243066363865,36.0706901550293,-18.01146125793457,-9.086534712049696,-10.873994615342882,-21.07671356201172,0.8934870173796755,0.7133198721305056,0.08291824609259187,51333_1372
139,102.6672998,2.744355763,Healthy,Palong_Basemap,0.18434639440642464,0.023132439909709826,0.022546059555477567,0.12488120132022434,0.7216085327996148,0.2829703489939372,30.805540084838867,-16.878904554578995,-8.78258334265815,-8.305550628238255,-20.999114354451496,0.7310059578899406,0.7770139784527319,0.19230234916927122,51333_1372
140,102.6673691,2.744315678,Healthy,Palong_Basemap,0.3650609105825424,0.02613514930837684,0.02745125608311759,0.36391224215428036,0.6402066085073683,0.26358861062261796,25.324008305867512,-17.04653549194336,-8.5928955078125,-6.558374034033881,-21.04296980963813,0.4700751733417797,0.8663833714702324,0.0015757348867369793,51333_1372
141,102.6674409,2.744270582,Healthy,Palong_Basemap,0.4614596797360314,0.0244954251166847,0.027113124314281676,0.4596197141541375,0.6061986287434896,0.231699761417177,23.169897927178276,-17.993978288438583,-8.506188604566786,-6.108536031511095,-21.07514254252116,0.36453990029255967,0.8991864685767267,0.0019976188742241276,51333_1372
142,102.667446,2.744192082,Healthy,Palong_Basemap,0.45925720201598275,0.024643864275680646,0.02815048148234685,0.42399339543448555,0.6105100181367662,0.22669018473890093,23.251076804267036,-17.88526259528266,-8.531648741828072,-6.042283005184597,-20.85586717393663,0.3673422760453775,0.8981450300800661,0.03992502997822738,51333_1372
143,102.6675128,2.744233838,Healthy,Palong_Basemap,0.36744943261146545,0.024264033262928326,0.02851651857296626,0.39975370632277596,0.5993391805224948,0.21918094323741066,23.232237497965496,-19.14755588107639,-8.508900536431206,-6.323485268486871,-21.06991704305013,0.4367038888472618,0.8761133564363663,-0.04210654528367274,51333_1372
144,102.6675812,2.744189577,Healthy,Palong_Basemap,0.2616508553425471,0.022321119697557554,0.029384917476110987,0.2672115092476209,0.6452203856574165,0.22553576197889116,26.278351465861004,-20.177572674221462,-8.761054780748156,-7.512931134965685,-20.704151153564453,0.531965011359578,0.8427935031659007,-0.010514368723104147,51333_1372
145,102.6676389,2.744150327,Healthy,Palong_Basemap,0.16357781572474372,0.022566232623325452,0.028117797440952726,0.16529636002249187,0.7253164251645406,0.2468336688147651,32.012240727742515,-20.47401173909505,-9.32380453745524,-9.48032734129164,-20.023671256171333,0.76228233660824,0.7575401112891984,-0.005225537377154775,51333_1372
146,102.6675721,2.744105231,Healthy,Palong_Basemap,0.22574956880675423,0.029865716066625383,0.031353175847066775,0.24020692374971178,0.7174322803815206,0.2736913032001919,31.90248595343696,-18.69349543253581,-9.371902253892687,-8.354702578650581,-18.220804850260418,0.7541033955234349,0.7663229248484141,-0.031027263647808417,51333_1372
147,102.6676155,2.744064311,Healthy,Palong_Basemap,0.15781827684905794,0.027055072494679026,0.029246187665396266,0.1513039850526386,0.7601671020189921,0.25447115964359707,35.12928136189779,-19.73748016357422,-9.765272034539116,-9.974586910671658,-18.89559555053711,0.8974434763374664,0.7073123563702495,0.021073512325977192,51333_1372
148,102.6675119,2.744149492,Healthy,Palong_Basemap,0.33888273272249436,0.0266340012765593,0.03128078290157848,0.35017398993174237,0.63998634285397,0.23953216109010908,25.706878026326496,-18.406954447428387,-8.737649917602539,-6.610939767625597,-19.76107343037923,0.5032029999318831,0.8542665831730252,-0.016386542410839915,51333_1372
149,102.6675178,2.744066816,Healthy,Palong_Basemap,0.33757249845398796,0.03159825524522199,0.03088958395851983,0.31229313876893783,0.6741440693537394,0.2800842821598053,28.49726570977105,-17.513993581136067,-9.084753460354275,-6.9934204949273004,-18.388519710964626,0.5856156835932811,0.8288149593184332,0.03889936355625226,51333_1372
150,102.6674384,2.744106066,Healthy,Palong_Basemap,0.4792335828145345,0.03261054472790824,0.0301606102536122,0.3375447624259525,0.6472256978352865,0.2895851449833976,26.546246634589302,-16.627942509121365,-8.940409554375542,-6.2610781457689075,-19.052232530381943,0.4540156966890038,0.8725762669800129,0.17347279248308675,51333_1372
151,102.6673683,2.744149492,Healthy,Palong_Basemap,0.45096685820155674,0.02666123252775934,0.02979080979194906,0.34508931305673385,0.6231653425428603,0.2717425756984287,24.42521180046929,-16.478953149583603,-8.709110895792643,-5.97803979449802,-20.60933558146159,0.3993592852900528,0.8883598638972475,0.1330026058054006,51333_1372
152,102.6673675,2.744229662,Healthy,Palong_Basemap,0.4113037950462765,0.023107268951005407,0.026005024297369853,0.3975174542930391,0.6234216690063477,0.243104487657547,23.908186594645183,-17.25320095486111,-8.60222699907091,-6.2694747183057995,-21.07671356201172,0.3823148330642585,0.8936156517820643,0.01704497843559226,51333_1372
153,102.6673716,2.744068487,Healthy,Palong_Basemap,0.5749440888563792,0.03280416110323535,0.03066917612320847,0.35125503606266445,0.6341828174061246,0.31125837564468384,25.904728147718643,-15.900019751654732,-8.92733351389567,-6.020400047302246,-20.02692434522841,0.3909786184411526,0.8920468759707157,0.24151291744447148,51333_1372
154,102.6673023,2.744108572,Healthy,Palong_Basemap,0.3973070896334118,0.02631539458201991,0.028987044675482646,0.28968590166833663,0.6392974125014411,0.33909765879313153,26.675793329874676,-15.395504633585611,-9.04250537024604,-6.251678625742595,-20.75631332397461,0.4395744433794469,0.8757601611691729,0.1566554380142208,51333_1372
155,102.667228,2.744148657,Healthy,Palong_Basemap,0.19746765080425474,0.021960114853249654,0.022730051022436883,0.1601650027765168,0.7509470383326212,0.33946414126290214,33.558676613701714,-15.9247678120931,-9.297075165642632,-9.097865316602919,-21.07671356201172,0.6651608915993646,0.7998419681534171,0.10430436833507184,51333_1372
156,102.6672363,2.744232167,Healthy,Palong_Basemap,0.13887002401881748,0.02480023354291916,0.024226421490311623,0.12262692964739269,0.7993515200085111,0.2736494276258681,35.62362798055013,-17.737690607706707,-9.034722752041286,-10.597276899549696,-21.07671356201172,0.9327914821272663,0.6969488053311766,0.062115807253947664,51333_1372
157,102.6671595,2.744265572,Healthy,Palong_Basemap,0.13068005359835094,0.026203196081850264,0.024668396554059453,0.116687906285127,0.837111254533132,0.30018823345502216,38.339206271701386,-17.660444895426433,-9.173876656426323,-11.866945266723633,-21.07671356201172,1.0090044897044796,0.6659529154927095,0.056564105229371296,51333_1372
158,102.6671587,2.744188742,Healthy,Palong_Basemap,0.13398959239323935,0.02341553568840027,0.023132411970032588,0.11990876330269708,0.8282631503211128,0.3172042700979445,38.142795986599396,-16.88808928595649,-9.24216439988878,-11.436956299675835,-21.07671356201172,0.9184675682260225,0.702480650106195,0.05545852808674818,51333_1372
159,102.6671553,2.744106902,Healthy,Palong_Basemap,0.1879727848702007,0.01986233972840839,0.020169989930258855,0.14184048606289756,0.7872666981485155,0.39293205738067627,37.01276991102431,-14.893525123596191,-9.513838768005371,-9.814121352301704,-21.07671356201172,0.6410632581974102,0.8088644567007773,0.1398739919615331,51333_1372
160,102.6672305,2.744065981,Healthy,Palong_Basemap,0.2434544728861915,0.021045279792613454,0.022016815841197968,0.17443803449471793,0.7270450128449334,0.3847035633193122,32.963683446248375,-14.961169242858887,-9.45167605082194,-8.348735915289986,-21.07671356201172,0.5474093723411966,0.84086730078595,0.16515356741863046,51333_1372
161,102.6672363,2.743983306,Unhealthy,Palong_Basemap,0.2659065971771876,0.02212096585167779,0.020339601983626682,0.1750784864028295,0.7170208228958977,0.4502321415477329,34.060811572604706,-13.530448807610405,-9.643633524576822,-7.930800649854872,-21.073603100246853,0.5354737743551699,0.8463968821660247,0.20596640148685957,51333_1371
162,102.6671654,2.743949066,Healthy,Palong_Basemap,0.24195538626776802,0.022571742741598025,0.018471704382035468,0.16506174372302163,0.7673874033821954,0.4654012984699673,37.49004109700521,-13.424057642618815,-9.660757700602213,-9.01864348517524,-21.05647913614909,0.5909402149184332,0.8293427004925547,0.18891991731769722,51333_1371
163,102.6671654,2.74385637,Healthy,Palong_Basemap,0.23825960026846993,0.022391418202055827,0.020353817898366187,0.16919275124867758,0.7777102390925089,0.4842891792456309,39.24620225694444,-12.809091567993164,-9.948631074693468,-9.21275160047743,-20.996963289048935,0.59042042516236,0.8281885232335064,0.16950902053362105,51333_1371
164,102.6671687,2.743776199,Healthy,Palong_Basemap,0.24697121481100717,0.02267064495633046,0.021777511677808233,0.16090471297502518,0.7789178225729201,0.4889460636509789,39.77871068318685,-12.516137017144096,-10.398268063863119,-9.112409591674805,-20.476803673638237,0.5774305141199362,0.8318462498671981,0.21101147670850443,51333_1371
167,102.6672388,2.743565753,Healthy,Palong_Basemap,0.28294172717465293,0.027722232250703707,0.024731715106301837,0.21857419113318124,0.7114198936356438,0.5255545145935483,34.01259634229872,-12.408841556972927,-10.6271087858412,-7.136615859137641,-19.742503272162544,0.6107599043264866,0.8215291384170713,0.1283459481379062,51333_1371
168,102.6673082,2.743613354,Healthy,Palong_Basemap,0.3515305585331387,0.022530450796087582,0.024013264311684504,0.25558166371451485,0.6909680631425645,0.45595918430222404,31.44307306077745,-13.495057741800943,-10.191841231452095,-7.005849997202556,-19.98575719197591,0.4285344312524455,0.8795359567868909,0.1580414481912445,51333_1371
170,102.6672305,2.74373862,Healthy,Palong_Basemap,0.30060818294684094,0.02225955513616403,0.021399316895339224,0.18678338577349982,0.7399956517749362,0.4771019121011098,36.73067092895508,-12.438916418287489,-10.678977330525717,-7.927620675828722,-19.61763424343533,0.4858486019164572,0.8621134755158387,0.23353870784468245,51333_1371
171,102.6672338,2.743815449,Healthy,Palong_Basemap,0.2988984286785126,0.02223255547384421,0.021440298193030886,0.18433884531259537,0.746649530198839,0.46765824490123326,36.98187510172526,-12.691418859693739,-10.23671997918023,-8.2933546172248,-20.395774417453342,0.48755091189278377,0.8615359054653147,0.237066943159739,51333_1371
172,102.667233,2.74389896,Healthy,Palong_Basemap,0.2655467473798328,0.022538668165604275,0.020325546256370015,0.17485812306404114,0.7281876802444458,0.461507476038403,35.29056527879503,-13.160423384772407,-9.702523655361599,-8.165233188205296,-21.073603100246853,0.5448241333359076,0.8435278778487871,0.2059210294935855,51333_1371
174,102.6673073,2.744024226,Healthy,Palong_Basemap,0.5462290445963541,0.02966888373096784,0.027464715350005362,0.3394940412706799,0.6514016191164652,0.3801615602440304,28.422503365410698,-14.713974528842503,-9.375629531012642,-6.417720423804389,-20.44460105895996,0.3749435210904671,0.8969647839604485,0.2334081685624141,51333_1372
175,102.6673716,2.743984141,Healthy,Palong_Basemap,0.5020435485574934,0.030475104020701513,0.02705175740023454,0.27589883903662366,0.669634653462304,0.3781299326154921,29.861997180514866,-14.841537687513563,-9.67852391137017,-6.715373251173231,-19.183359569973415,0.4131898749864424,0.8855435246327769,0.2906959604299879,51333_1371
176,102.6674443,2.744025896,Healthy,Palong_Basemap,0.4554389152261946,0.03460571852823099,0.029558099392387602,0.31358086069424945,0.6738939616415236,0.3314249250623915,28.941608640882706,-16.019688076443142,-9.373884942796495,-6.673810217115614,-18.088710361056858,0.49953360940113245,0.8587650342659489,0.1844660683298482,51333_1372
177,102.6675136,2.743982471,Healthy,Palong_Basemap,0.2544201645586226,0.030689210527473025,0.02797522520025571,0.1897132694721222,0.7352974944644504,0.3515976104471419,33.625941806369354,-16.104036966959637,-10.13373491499159,-8.110370953877768,-16.923717074924046,0.7141721576712708,0.7847197376922054,0.14569246566116686,51333_1371
178,102.6675879,2.743979965,Healthy,Palong_Basemap,0.17036460836728415,0.02720640247894658,0.025684407601753872,0.1424068949288792,0.8107771144972907,0.30744117498397827,39.687462700737846,-17.72418933444553,-11.13723479376899,-10.943490452236599,-17.561738544040256,0.8689995905406656,0.7245911496588808,0.08938702261481855,51333_1371
180,102.6675654,2.743909816,Healthy,Palong_Basemap,0.1518221522370974,0.02122316530181302,0.02340812422335148,0.10629028992520438,0.7946629921595255,0.3667786485619015,38.357998318142364,-16.09503237406413,-11.098144637213814,-9.991224024030897,-17.124739329020183,0.7799888316181188,0.7547097418912724,0.17640320602314272,51333_1371
183,102.6675061,2.74389729,Healthy,Palong_Basemap,0.18904658324188656,0.023622242940796748,0.02583071941302882,0.13480880773729748,0.7507895098792182,0.3710247443781959,35.27647272745768,-15.49058469136556,-10.50721984439426,-8.667721642388237,-17.475405163235134,0.7209547309343676,0.7778495008901292,0.1674752899453054,51333_1371
188,102.6673733,2.743731939,Healthy,Palong_Basemap,0.33103612893157536,0.024308958401282627,0.027263352854384318,0.1942225760883755,0.7044265137778388,0.4001321693261464,33.42848671807183,-13.492321968078613,-9.801442676120335,-7.620407263437907,-20.58769989013672,0.4779143577660361,0.8631811201683395,0.2604688918730119,51333_1371
189,102.66737,2.743815449,Healthy,Palong_Basemap,0.31218847466839683,0.021827612072229385,0.024762157143818006,0.1737096756696701,0.7055985199080573,0.3964560594823625,33.87511105007596,-13.652966075473362,-9.811996565924751,-7.813502735561794,-20.741885079277885,0.4587971883378303,0.8693020310175708,0.28499552612492796,51333_1371
190,102.6674426,2.743771189,Healthy,Palong_Basemap,0.27234045995606315,0.02157577665315734,0.025533477258351114,0.15273957699537277,0.7204960121048821,0.38461652729246354,34.743607415093315,-14.056945164998373,-9.899488978915745,-8.329050011105007,-20.44004970126682,0.5061387433581508,0.8531841799414187,0.28136085575421743,51333_1371
193,102.6674284,2.743687678,Healthy,Palong_Basemap,0.3649177766508526,0.024459789610571332,0.02606179751455784,0.17616790781418482,0.7132430871327718,0.40391296810574,33.78324784172906,-13.981644842359755,-9.72126250796848,-8.13596683078342,-20.931976106431748,0.4448254000448644,0.8743646695138606,0.34883545112320186,51333_1371
194,102.6675595,2.743646758,Healthy,Palong_Basemap,0.1638425663113594,0.02083739721112781,0.02394822198483679,0.10970139751831691,0.7946238981352912,0.40224268039067584,39.96545834011502,-15.724225997924805,-10.82272211710612,-11.325466367933485,-20.550908618503147,0.7264670183395563,0.7743404664622365,0.19792492597918848,51333_1371
195,102.6675746,2.743717742,Healthy,Palong_Basemap,0.17053238964743084,0.02113842363986704,0.026311301522784762,0.11610436191161473,0.7888843880759345,0.39752697613504195,39.57558229234483,-15.098902066548666,-10.766996065775553,-10.807454215155708,-20.063764784071182,0.7072056219643057,0.7794299165603019,0.1898850284891128,51333_1371
197,102.6674151,2.743615859,Unhealthy,Palong_Basemap,0.37155977222654557,0.02464312832388613,0.02469707756406731,0.21573237578074136,0.7104058133231269,0.4137231475777096,33.09337594774034,-14.439295450846354,-9.852259000142416,-8.210083272722033,-20.969787385728623,0.442482497747617,0.8756034936157698,0.26533199358195875,51333_1371
198,102.667375,2.743569928,Healthy,Palong_Basemap,0.3406917883290185,0.02054307216571437,0.021839944852723017,0.2128593913382954,0.695114380783505,0.4364357557561662,31.020451651679146,-14.58065520392524,-10.071412722269693,-7.681895891825358,-20.818830490112305,0.4071786372256326,0.8862619618849664,0.23093148689078902,51333_1371
199,102.6670944,2.744146152,Healthy,Palong_Basemap,0.1473185196518898,0.01996140968468454,0.020526254342661962,0.1131448754005962,0.842125654220581,0.3606192436483171,40.174959394666885,-15.727713055080837,-9.541228612263998,-11.548830562167698,-20.93353017171224,0.7686053194915957,0.7613412468088585,0.13120325120697773,51333_1372
200,102.6670869,2.744061806,Healthy,Palong_Basemap,0.1880767403377427,0.018353834334346984,0.019114807868997257,0.13114774227142334,0.8290878070725335,0.3959135909875234,40.01439497205946,-14.847119649251303,-9.69767263200548,-10.826652420891655,-20.842426300048828,0.6020137192558777,0.8221791092380416,0.1783353131345469,51333_1372
201,102.6670919,2.743984976,Healthy,Palong_Basemap,0.2314930193954044,0.022510644876294665,0.018206382998161845,0.16443276570902932,0.8133467104699876,0.4765639238887363,40.518459743923614,-13.366903728908962,-9.847675005594889,-9.983624034457737,-20.695161395602756,0.6110366995238017,0.8227533847526246,0.16937581791670006,51333_1371
202,102.6670902,2.743906476,Healthy,Palong_Basemap,0.20919558737013075,0.025091863754722808,0.01986689306795597,0.16268756323390537,0.8122011754247878,0.49901568558481,41.25840504964193,-12.989864455329048,-9.937641673617893,-9.929074817233616,-20.61907386779785,0.7188456076563754,0.785802750986,0.12506085328330716,51333_1371
203,102.6670902,2.743817955,Healthy,Palong_Basemap,0.19662761688232422,0.022727393441730075,0.02098695933818817,0.15191184646553463,0.8071497413847182,0.5141124228636423,42.468529595269096,-12.344793955485025,-10.619386778937447,-9.90659925672743,-20.525359471638996,0.691145275863919,0.7927798101520017,0.1282947129925461,51333_1371
205,102.667091,2.743651769,Healthy,Palong_Basemap,0.2511781089835697,0.01749881708787547,0.02144018094986677,0.10271133813593122,0.7694328294859992,0.5195334487491183,42.28489430745443,-11.882503933376736,-11.419621573554146,-9.121497048272026,-20.172789679633247,0.4550822169183756,0.869740827068847,0.41952867500314134,51333_1371
206,102.667162,2.743529008,Unhealthy,Palong_Basemap,0.2822309599982368,0.027464344787100952,0.02639888475338618,0.1725115610493554,0.7316636112001207,0.5316511127683852,36.51430299546983,-12.226592275831434,-10.277758916219076,-7.789607630835639,-20.48528798421224,0.6043449336273785,0.8226363502272815,0.24127807247081354,51333_1371
207,102.6670952,2.743326912,Healthy,Palong_Basemap,0.22091925972037846,0.018289993103179667,0.022064673403898876,0.1860985118481848,0.7745967507362366,0.4354078206751082,39.8326293097602,-13.96447785695394,-9.627640512254503,-9.415865474277073,-20.353963216145832,0.5233863696566172,0.8470795515868239,0.08555092751356194,51333_1371
211,102.6672355,2.743406247,Healthy,Palong_Basemap,0.22974942955705854,0.02252860926091671,0.026801293508874044,0.282213075293435,0.7459636198149787,0.4683242936929067,34.42448382907443,-13.574874454074436,-9.406505266825357,-8.19684526655409,-21.058180703057182,0.5975601077960615,0.821398569875742,-0.10247556264241889,51333_1371
213,102.6671637,2.743277641,Healthy,Palong_Basemap,0.2232051326168908,0.02139652344501681,0.024539312140809164,0.17995653218693203,0.7808228466245863,0.41761449972788495,37.51210572984483,-14.824957423739964,-9.252355363633898,-9.46956115298801,-21.00587060716417,0.5891569676235613,0.8250500524853238,0.10727359321477996,51333_1371
214,102.6670944,2.743236721,Healthy,Palong_Basemap,0.22690093186166552,0.019333193802999124,0.02207856894367271,0.15129310968849394,0.7841524216863844,0.3887608481778039,38.33174599541558,-15.287969589233398,-9.724814626905653,-9.912714534335667,-20.634010526869034,0.5376942854222888,0.8429690137318486,0.19991806815164695,51333_1371
215,102.6671645,2.743196636,Healthy,Palong_Basemap,0.21924902002016702,0.023313398162523907,0.02307008310324616,0.1504327514105373,0.783916691939036,0.3943297068277995,37.09303749932183,-15.499553892347548,-9.338022549947103,-9.824511104159885,-21.013258192274307,0.6454744146090863,0.8077740291576008,0.1861500185505606,51333_1371
216,102.6672347,2.743241731,Healthy,Palong_Basemap,0.21273026863733926,0.0247289366606209,0.027906795549723837,0.18790571888287863,0.7881595757272508,0.38941524426142377,36.610703786214195,-15.672600852118599,-9.21507485707601,-9.960379812452528,-21.07671356201172,0.6819543111789176,0.7917205472865,0.06196285537930582,51333_1371
217,102.667299,2.743526503,Healthy,Palong_Basemap,0.2642897880739636,0.022215164163046412,0.022439243892828625,0.23916731774806976,0.6955568724208407,0.46093210246827865,30.376040352715385,-14.146955596076118,-10.204973220825195,-7.5100992520650225,-20.816154691908096,0.5366640192419457,0.844923000530413,0.04989992202985082,51333_1371
218,102.6673691,2.743483077,Healthy,Palong_Basemap,0.24648479372262955,0.017637020183934107,0.01933176846553882,0.17894222421778572,0.7015204429626465,0.437303493420283,31.12840822007921,-14.954601287841797,-10.539158503214518,-8.092215908898247,-20.65760400560167,0.4686169554070129,0.8664478338758236,0.15876417495022319,51333_1371
220,102.6674338,2.7433956,Healthy,Palong_Basemap,0.18321694102552202,0.013929146135018932,0.015434276105629073,0.08943984947270817,0.7530203726556566,0.41463039649857414,36.39607832166884,-15.622488445705837,-12.069429715474447,-10.114970419141981,-19.85070037841797,0.49195801701545044,0.8586921370275425,0.3439382213127846,51333_1371
221,102.6673645,2.743404786,Healthy,Palong_Basemap,0.22236471623182297,0.016395367164578702,0.019141764276557498,0.11628870127929582,0.7383697695202298,0.42874417702356976,34.040299309624565,-15.07727442847358,-11.26484923892551,-9.186630354987251,-20.43667221069336,0.4781781593893159,0.8626624104720362,0.3132288335730273,51333_1371
222,102.6672927,2.743445706,Healthy,Palong_Basemap,0.23441530929671395,0.020581852230760787,0.02464769408106804,0.22524717781278822,0.7156954805056254,0.4780954254998101,31.63108189900716,-13.602153778076172,-9.92368253072103,-7.642609861161974,-20.986301634046768,0.5484349444827468,0.8385719110952284,0.019945354996396887,51333_1371
223,102.6673027,2.743362196,Healthy,Palong_Basemap,0.22395622895823586,0.023235506895515654,0.02874319524400764,0.2186572319931454,0.7345438864496019,0.4369407693545024,32.75637859768338,-14.518505414326986,-10.349200672573513,-8.57024950451321,-20.904871198866104,0.6213316275864924,0.8120041771197181,0.011972064640104831,51333_1371
224,102.6673069,2.743273674,Healthy,Palong_Basemap,0.20606984363661873,0.023650720819003053,0.025216797677179176,0.15300487395789888,0.7852517366409302,0.39025874270333183,36.3553844028049,-15.279976738823784,-10.001947614881727,-10.032701280381945,-21.07671356201172,0.679159584097347,0.794091392078466,0.1477825284782179,51333_1371
225,102.6673604,2.74331543,Healthy,Palong_Basemap,0.22344640062914956,0.021767155060337648,0.024031992277337447,0.16070490661594602,0.7658784720632765,0.41055142879486084,36.057400385538735,-15.147465387980143,-11.140120930141872,-9.872635947333443,-20.726803249782986,0.5983836398593491,0.8224636888516774,0.1633249525119364,51333_1371
226,102.6674222,2.74332211,Healthy,Palong_Basemap,0.18607657899459204,0.01301123739944564,0.013330094412797026,0.08523262374930912,0.7771254645453559,0.39829177326626247,38.17137018839518,-15.519149992201063,-11.940190739101833,-10.74846977657742,-20.399905734592014,0.46174108372319717,0.8692914751378497,0.3716938247040344,51333_1371
227,102.6674222,2.743249456,Healthy,Palong_Basemap,0.16812065409289467,0.01451450027525425,0.013798347984751066,0.0785770606663492,0.7955032189687093,0.3776259455415938,39.12845908270942,-15.523452123006185,-11.619958771599663,-11.327261288960775,-20.914008882310654,0.5504484553319802,0.8410546937092245,0.3629688808180994,51333_1371
231,102.6674071,2.743116674,Healthy,Palong_Basemap,0.1098955733080705,0.019756550590197246,0.02001375529087252,0.07241061329841614,0.8002350065443251,0.28874556885825264,35.77159288194444,-18.461881425645615,-10.719282574123806,-12.069467226664225,-21.07671356201172,0.932889493601477,0.6952375326192213,0.2056154028967035,51333_1371
232,102.6673036,2.743198515,Healthy,Palong_Basemap,0.16337460279464722,0.025168045423924923,0.027245999003450077,0.13960408833291796,0.7973633408546448,0.3713790410094791,37.119024488661026,-16.028690761990017,-9.882479349772135,-10.687546412150065,-21.07671356201172,0.8356039468355725,0.7330254384170066,0.07845606030333334,51333_1371
235,102.6672326,2.743155089,Healthy,Palong_Basemap,0.20976239442825317,0.02389902642203702,0.02212894293997023,0.17801808814207712,0.7869019243452284,0.35387158062722945,35.65397516886393,-16.442353354560005,-9.320349905225966,-10.250251770019531,-21.076364305284287,0.6835876442476858,0.7954388333763543,0.08186153690811067,51333_1371
236,102.6671641,2.743109993,Healthy,Palong_Basemap,0.2381987538602617,0.024165013391110633,0.021125693288114335,0.19962752941581938,0.7814723716841804,0.3224972320927514,34.32613288031684,-16.735829035441082,-9.56950494978163,-10.070112122429741,-20.91021050347222,0.6283676120780076,0.8157900106079969,0.08809709676593443,51333_1371
237,102.6670923,2.743159265,Healthy,Palong_Basemap,0.21447080373764038,0.022387827436129253,0.02148214727640152,0.14896075261963737,0.7820207609070672,0.364004072215822,36.38433965047201,-15.939366658528646,-9.757270707024468,-10.037595854865181,-20.891368442111546,0.6379920525860961,0.8109604254218241,0.18025416332752955,51333_1371
238,102.6670973,2.743076589,Healthy,Palong_Basemap,0.20824789918131298,0.022673856673969164,0.020700237196352746,0.16428907381163704,0.7818304234080844,0.33494360579384697,34.83444680107964,-16.495287259419758,-9.855004204644096,-10.089111328125,-20.85369110107422,0.6612963833510801,0.803623035950075,0.11799855734187174,51333_1371
239,102.6670948,2.742990573,Healthy,Palong_Basemap,0.17284531560209063,0.026411077835493617,0.023088170422448054,0.18588459574513966,0.7938987480269538,0.2577858931488461,34.465699937608505,-17.79117096794976,-9.75853771633572,-10.24426915910509,-20.297079510158962,0.8493822340824084,0.7349035844737728,-0.03634846086315825,51333_1371
240,102.6670906,2.742905392,Healthy,Palong_Basemap,0.13990484591987398,0.02804484197662936,0.024670665462811787,0.17362693034940296,0.8070930374993218,0.22974162962701586,35.5390756395128,-18.28684213426378,-9.429427676730686,-10.533429251776802,-20.25158140394423,1.0167382104435059,0.6660328181864607,-0.1075555557104577,51333_1371
241,102.6671674,2.742863637,Healthy,Palong_Basemap,0.13792765057749218,0.028937564541896183,0.024529003641671605,0.15547261635462442,0.811501251326667,0.25671615699927014,35.447391510009766,-17.807132720947266,-9.493272993299696,-10.842027240329319,-20.65119383070204,1.0506905216523226,0.6531624098984081,-0.05979873829218971,51333_1371
243,102.6671633,2.742943807,Healthy,Palong_Basemap,0.15382714321215948,0.0298842481440968,0.025236090645194054,0.17875741091039446,0.7997143533494737,0.24851969877878824,34.38106367323134,-17.918805440266926,-9.541709899902344,-10.483995013766819,-20.522619883219402,1.001014333426633,0.6746609132566554,-0.07495918673676118,51333_1371
244,102.6671599,2.743032329,Healthy,Palong_Basemap,0.24510275489754146,0.025732999460564718,0.021994856289691396,0.22629408538341522,0.785137865278456,0.2865652193625768,33.37160449557834,-17.129512151082356,-9.648111131456163,-10.115214241875542,-20.781636555989582,0.6462257117644141,0.8099733949710356,0.03989986335698837,51333_1371
245,102.6672368,2.743069908,Healthy,Palong_Basemap,0.22546719180213082,0.02438553836610582,0.02139400752882163,0.19778724014759064,0.7875953316688538,0.28065960440370774,33.23092142740885,-17.437280654907227,-9.623926692538792,-10.450526979234484,-21.034761004977756,0.6598883908303887,0.8048007052019325,0.06539790151052285,51333_1371
246,102.6672343,2.742988068,Healthy,Palong_Basemap,0.19521893974807528,0.027484912218319044,0.02201338391751051,0.15843689690033594,0.7906487782796224,0.2689586463901732,33.06011962890625,-17.722568300035263,-9.791520012749565,-10.580860561794704,-20.96679729885525,0.8077794362738754,0.7531707514204428,0.1040051910250428,51333_1371
247,102.6673044,2.743023978,Healthy,Palong_Basemap,0.1045963308877415,0.018193612703018718,0.015630840530825987,0.08700532217820485,0.7917319072617425,0.2733088168832991,33.68706279330783,-18.62495189242893,-10.61560164557563,-11.653189977010092,-21.07671356201172,0.9293456066312498,0.7036628217102989,0.0918103180638118,51333_1371
248,102.6672827,2.742945478,Healthy,Palong_Basemap,0.1186587264140447,0.023059592582285404,0.016149557195603848,0.13011498086982304,0.787604120042589,0.27792036533355713,32.77399804857042,-18.757653554280598,-10.88676208919949,-11.49007765452067,-21.071314069959854,1.0196170979902066,0.6745714633704829,-0.04605090538248071,51333_1371
249,102.6673821,2.742963015,Healthy,Palong_Basemap,0.07213552254769537,0.013413483690884378,0.01002441972701086,0.07307986873719427,0.7800387938817342,0.25624916123019326,32.22908274332682,-20.130639182196724,-12.269469049241808,-12.545021904839409,-21.072657055324978,0.9845941119470929,0.6864140384406863,-0.006503072306200956,51333_1371
250,102.6674054,2.74304068,Healthy,Palong_Basemap,0.0859264044298066,0.015552904767294725,0.013316476717591286,0.06480704496304195,0.7914060288005405,0.2561539030737347,33.66732279459635,-19.40497483147515,-11.345337761773003,-12.301124784681532,-21.07671356201172,0.9545415261739306,0.6934763373864399,0.14011063603886884,51333_1371
251,102.6674923,2.743023142,Healthy,Palong_Basemap,0.08509165048599243,0.015593045184181796,0.012263097903794713,0.06197037547826767,0.7950074341562059,0.24259879522853428,33.94924566480849,-20.352498372395832,-12.341240459018284,-13.221070183648003,-21.02786996629503,0.9704648163076062,0.6902598735509529,0.15722124631510132,51333_1371
252,102.6674956,2.743106653,Healthy,Palong_Basemap,0.0969537024696668,0.017578881544371445,0.013987438649766974,0.0620003922118081,0.8027264078458151,0.2655029743909836,36.08410093519423,-19.148242950439453,-11.752519607543945,-12.838061226738823,-21.063627666897244,0.962574313046086,0.6930326562401351,0.21989562664554801,51333_1371
253,102.6674948,2.743187658,Healthy,Palong_Basemap,0.11571486708190706,0.016581356835862,0.013766952686839633,0.06529087449113528,0.8076954616440667,0.3059270845519172,38.297517988416885,-17.505293316311306,-11.576154814826118,-12.543423016866049,-21.07671356201172,0.8155875385473521,0.7493298547029064,0.27857675757994604,51333_1371
254,102.6675057,2.743280355,Healthy,Palong_Basemap,0.13372468700011572,0.013788947525123755,0.012941732071340084,0.058752399765782885,0.8066935009426541,0.3563375307454003,40.80978478325738,-15.83477709028456,-12.039057943556044,-12.172879642910427,-20.91263982984755,0.6330856806262349,0.8130485013198631,0.3895127908160742,51333_1371
255,102.6675708,2.743306243,Healthy,Palong_Basemap,0.1333236744006475,0.013248952726523081,0.0137330312281847,0.055156071566873126,0.8165277904934354,0.3379717667897542,42.87291547987196,-16.344704310099285,-12.210622681511772,-12.96532514360216,-20.6320374806722,0.6107104913633247,0.8192165483255217,0.4147268049015963,51333_1371
257,102.6675691,2.743230249,Healthy,Palong_Basemap,0.14424591263135275,0.015706021959582966,0.013395909840861956,0.059154358175065785,0.821598642402225,0.3319091730647617,41.26692411634657,-16.27368715074327,-11.794012917412651,-12.77106507619222,-21.07278315226237,0.66461574193117,0.8036157299409994,0.41834533513119493,51333_1371
258,102.6675666,2.743069908,Healthy,Palong_Basemap,0.09193443424171871,0.018331907896531954,0.01446958558840884,0.06470037334495121,0.8032365772459242,0.26295754810174304,34.87189398871528,-20.45536231994629,-12.560024473402235,-13.405734062194824,-20.842099083794487,1.0250750109794953,0.6674976689886454,0.17386978869111336,51333_1371
259,102.6676334,2.743024813,Healthy,Palong_Basemap,0.08677054444948833,0.016496132438381512,0.013889668923285272,0.06942612470852004,0.8145221604241265,0.2897337128718694,36.262852138943146,-20.411019643147785,-12.696189986334907,-13.463735792371962,-20.59584066602919,0.9874045078360499,0.6805139288776858,0.11104218697149484,51333_1371
260,102.6677103,2.743062392,Healthy,Palong_Basemap,0.08615337560574214,0.014111260262628397,0.0125367215110196,0.07048495527770784,0.8426790965927972,0.3443532751666175,40.01920700073242,-19.43944803873698,-13.105555534362793,-13.751701672871908,-20.09697829352485,0.8895103118860521,0.7185196926032037,0.1000292855501168,51333_1371
261,102.6677094,2.743151749,Healthy,Palong_Basemap,0.11954997314347161,0.018894340118600264,0.016493191839092307,0.08099095357788934,0.8832404878404405,0.27520466181966996,44.36167526245117,-17.366319338480633,-10.923871040344238,-15.367769347296822,-20.933318667941624,0.8695456276018177,0.7270477974370285,0.19227506422745128,51333_1371
262,102.6676293,2.743186823,Healthy,Palong_Basemap,0.16648075232903162,0.01469622128125694,0.0145774915193518,0.0594828257130252,0.8328182366159227,0.3055715991391076,40.4739015367296,-17.22848394181993,-11.61643452114529,-13.02318541208903,-21.053478452894424,0.5586571004121356,0.837769436276505,0.47351846498063394,51333_1371
263,102.6676468,2.743427334,Healthy,Palong_Basemap,0.1042671948671341,0.014640177393125163,0.015142889072497686,0.054842527541849345,0.8894351058536105,0.2942391335964203,47.066320207383896,-16.885335392422146,-11.37989436255561,-16.614572630988228,-21.026758617824978,0.7876862839911328,0.7537549251179921,0.3106326035705169,51333_1371
264,102.6677103,2.743384743,Healthy,Palong_Basemap,0.10448387182421154,0.017979303581847086,0.01699977306028207,0.06096654716465208,0.9097188512484232,0.25844105581442517,49.243324279785156,-16.013132837083603,-10.446948051452637,-18.624907811482746,-21.07671356201172,0.9135694312271003,0.7063720825099952,0.2630233572420786,51333_1371
265,102.6677061,2.743309584,Healthy,Palong_Basemap,0.13351329581605065,0.01603756793257263,0.015970799658033583,0.05502799691425429,0.9057689110438029,0.24537850419680277,49.005520290798614,-15.831361134847006,-10.18068461947971,-18.122040218777126,-21.07671356201172,0.7066594329255631,0.7855235666237298,0.41627644408943376,51333_1371
266,102.6677111,2.743224403,Healthy,Palong_Basemap,0.12745493319299486,0.017849991511967447,0.01696639818449815,0.06299637920326656,0.8963381383154128,0.2498856352435218,46.52851274278429,-16.389330757988823,-10.27711009979248,-16.594508700900608,-21.07671356201172,0.792798634466369,0.7543098893831525,0.3384516135841216,51333_1371
267,102.6673704,2.742873658,Healthy,Palong_Basemap,0.07178011826343006,0.012547330930829048,0.008145037262390057,0.08180709721313582,0.7728244596057467,0.303787993060218,31.921505610148113,-20.739512973361546,-13.892906294928657,-13.177592595418295,-21.06001705593533,0.955806722423427,0.7024140763009525,-0.06528524472947207,51333_1371
268,102.6675288,2.742585756,Healthy,Palong_Basemap,0.20578581425878736,0.023003431037068367,0.025876826296250027,0.1210680173503028,0.8266269630855985,0.27095895343356663,37.539405822753906,-18.361764907836914,-9.401040395100912,-11.515499220954048,-20.716875712076824,0.6627571503317541,0.7989116052433165,0.2591916897269393,51333_1371
269,102.667533,2.74250141,Healthy,Palong_Basemap,0.19482183456420898,0.021512376351488963,0.026294996548030112,0.11820610943767759,0.8210419019063314,0.27114053898387486,37.637196434868706,-18.24330711364746,-9.488331052992079,-11.135213745964897,-19.85074191623264,0.6515407696362772,0.8011190531499247,0.24475682313547584,51333_1371
270,102.6674729,2.742457984,Healthy,Palong_Basemap,0.2331428991423713,0.019455169637997944,0.025333069471849337,0.10193008267217213,0.8133592340681288,0.2686510317855411,37.87317996554904,-18.334091186523438,-9.507326232062447,-11.003034591674805,-19.516821331448025,0.5233642335727181,0.8459594744177243,0.3915947378378093,51333_1371
272,102.6674695,2.742376144,Healthy,Palong_Basemap,0.2793174783388774,0.021549941557976935,0.02624370675120089,0.10426735960774952,0.795397056473626,0.2528795152902603,38.156731923421226,-17.427271101209854,-9.196871757507324,-10.72022491031223,-20.362084706624348,0.49446166545311127,0.8567479219560239,0.45635307085699994,51333_1371
273,102.6674712,2.742291798,Healthy,Palong_Basemap,0.24162170125378502,0.025520909163686965,0.028134618782334857,0.13233842121230233,0.7840750283665128,0.2627904299232695,36.975756327311196,-18.016510009765625,-9.041743808322483,-10.11019335852729,-19.795737584431965,0.6364353432692162,0.8089341934347002,0.2922324426487294,51333_1371
274,102.6675464,2.742258394,Healthy,Palong_Basemap,0.22467133733961317,0.02737093571987417,0.02485016195310487,0.14946051769786411,0.7716121276219686,0.2833615607685513,36.60460238986545,-17.493894788953995,-9.294007937113443,-9.718699561225044,-19.443595038519966,0.7196643001484649,0.7828067856425494,0.2010275752494133,51333_1371
275,102.6675422,2.742341069,Healthy,Palong_Basemap,0.2146733585331175,0.027204701263043616,0.02504681133561664,0.13115912510289085,0.7841939727465311,0.29363493124643963,36.91107389662001,-17.980373170640732,-9.509136093987358,-9.915896733601889,-18.155468198988174,0.7399378727284369,0.7750544114173072,0.2414875333634827,51333_1371
276,102.6675355,2.742416229,Healthy,Palong_Basemap,0.2086722900470098,0.022151270260413487,0.026589658732215565,0.11411925405263901,0.7918162743250529,0.29415040877130294,37.116638607449005,-18.07552719116211,-9.67031192779541,-10.170255872938368,-18.1002320183648,0.6338793690392878,0.8080675106916189,0.29292290248217084,51333_1371
277,102.6676048,2.742468006,Healthy,Palong_Basemap,0.18507858448558384,0.02840304933488369,0.02736721249918143,0.12253835300604503,0.8014370931519402,0.2809773666991128,37.299683464898,-18.519985410902237,-9.590719011094835,-10.542557186550564,-18.755997127956814,0.8439101018275202,0.7339063897293393,0.2033055526444824,51333_1371
278,102.6676073,2.742382825,Healthy,Palong_Basemap,0.19250327183140648,0.02905846718284819,0.025126288127568033,0.11560794876681434,0.7820201582378812,0.3064013355308109,36.88144005669488,-17.992878172132706,-9.755658679538303,-10.018257776896158,-17.930633756849502,0.8430487503825601,0.7376941766919545,0.24957001862929287,51333_1371
279,102.6675973,2.742546506,Healthy,Palong_Basemap,0.18842344317171308,0.027109742992454104,0.027259436746438343,0.13191128687726128,0.8178674048847623,0.2701668490966161,37.6276846991645,-18.69657410515679,-9.418074395921495,-11.007715543111166,-19.787048763699,0.8035422113251445,0.7484401963806615,0.1764159517945867,51333_1371
280,102.6675906,2.742627511,Healthy,Palong_Basemap,0.1786090698507097,0.02475140906042523,0.02618521720998817,0.1250400592883428,0.8265489207373725,0.2935270170370738,37.762383778889976,-18.11123318142361,-9.564450687832302,-11.65674622853597,-21.01099967956543,0.7786611347464502,0.756576015232132,0.17641746812926182,51333_1371
284,102.6676633,2.742430426,Healthy,Palong_Basemap,0.19370556705527836,0.032912791396180786,0.031130803128083546,0.11543597280979156,0.7763581011030409,0.2967924326658249,36.94430626763238,-17.48236804538303,-9.655731625027126,-10.080399725172255,-18.6875737508138,0.905871334289967,0.7095311110619436,0.25318368498665333,51333_1371
285,102.6676666,2.742510596,Healthy,Palong_Basemap,0.18751834332942963,0.030795666285687022,0.03200150550239616,0.12379316488901775,0.8188744915856255,0.2289250815908114,37.835900200737846,-19.359516143798828,-9.083745108710396,-11.278234693739149,-20.247257868448894,0.8763981889860601,0.7178773241352748,0.20469907715617086,51333_1371
286,102.667665,2.742582415,Healthy,Palong_Basemap,0.18007010883755153,0.026838053431775834,0.02905322838988569,0.12598668783903122,0.8309563332133822,0.24257233490546545,38.27629937065972,-19.224288092719185,-9.062284575568306,-11.734229617648655,-20.80099932352702,0.816989656111562,0.7405800415273962,0.17671040664936288,51333_1371
287,102.667665,2.742676782,Healthy,Palong_Basemap,0.17204281356599596,0.023023209017184045,0.024361564467350643,0.09691081485814518,0.8343533145056831,0.2702663822306527,38.454467349582245,-18.652307086520725,-9.701238950093588,-12.259908888075087,-21.074941211276585,0.7596826866513182,0.7639444459645298,0.2793492660726155,51333_1371
288,102.6677343,2.742632521,Healthy,Palong_Basemap,0.16363726721869576,0.025388281792402267,0.02661668033235603,0.10275552173455556,0.8482217854923673,0.19396787964635426,39.40161471896701,-19.749188529120552,-8.845548576778835,-12.790145768059624,-21.07533582051595,0.8426578584681246,0.7313772458249898,0.22854126691403875,51333_1371
291,102.6678554,2.742549846,Healthy,Palong_Basemap,0.169513033496009,0.033032305952575475,0.04064969718456268,0.0969902045196957,0.8780171473821005,0.09921865827507442,43.269236670600044,-20.397474077012802,-8.058657434251574,-15.116971227857801,-20.785833570692276,0.9566701295640041,0.673828032355584,0.2721273839533598,51333_1371
292,102.6677986,2.742515607,Healthy,Palong_Basemap,0.1687967230876287,0.0336037278175354,0.03480386775400904,0.10672600484556621,0.8576261003812155,0.11079325278600057,41.01383845011393,-20.41849496629503,-8.203806241353353,-13.527218500773111,-20.953202989366318,0.9926951065074964,0.6679480933243511,0.22528347736565882,51333_1371
293,102.6677343,2.742555692,Healthy,Palong_Basemap,0.17674334347248077,0.027705441539486248,0.03018419465257062,0.11459123922718896,0.843363344669342,0.1629891585972574,39.23080359564887,-20.309583452012802,-8.582881450653076,-12.614947636922201,-21.00250032212999,0.8448763673221735,0.7289742608363794,0.21333582738223367,51333_1371
294,102.6677351,2.742476357,Healthy,Palong_Basemap,0.19010844661129844,0.03299995015064875,0.03254879266023636,0.1064860009484821,0.8127771947118971,0.2060018711619907,38.43892839219835,-18.964686923556858,-8.92441071404351,-11.420482105678982,-20.209300147162544,0.9145784566280549,0.7041801148716145,0.28194204696283703,51333_1371
295,102.667741,2.742389506,Healthy,Palong_Basemap,0.1995232966211107,0.03409288782212469,0.030129722836944792,0.10464907934268315,0.7853369381692674,0.2790684137079451,37.75381342569987,-17.51529820760091,-9.451278792487251,-10.544736438327366,-19.30953025817871,0.9157406861094533,0.7081290587518464,0.3119093802578594,51333_1371
297,102.6678002,2.742265075,Healthy,Palong_Basemap,0.2079128755463494,0.028730244065324467,0.023334634593791433,0.10021262284782198,0.7497924500041537,0.3782656027211083,37.688727908664276,-16.305042690700954,-10.306285646226671,-9.496553738911947,-17.59459156460232,0.7961052478602224,0.7571850463054227,0.3495337233037145,51333_1371
298,102.6677994,2.742356101,Healthy,Palong_Basemap,0.19094098110993704,0.03014771267771721,0.025038158521056175,0.09730849415063858,0.7755930423736572,0.3375619500875473,38.280816819932724,-16.734720865885418,-9.88182438744439,-10.23978222741021,-18.662527720133465,0.8729783048743052,0.7272794717700695,0.32483142206817656,51333_1371
299,102.6678019,2.742437942,Healthy,Palong_Basemap,0.17002646459473503,0.03420252104600271,0.033733827993273735,0.10113358083698484,0.8399793770578172,0.16630333496464622,40.42106586032443,-19.315657509697807,-8.568377865685356,-12.637514220343697,-20.71742884318034,1.0053454040710876,0.6650571324271386,0.2540672378486451,51333_1371
300,102.6678637,2.742475522,Healthy,Palong_Basemap,0.15118679569827187,0.03426480541626612,0.03361700537304083,0.10028054813543956,0.8678706751929389,0.15022485123740303,42.78047773573134,-19.659169726901585,-8.33615223566691,-14.162092102898491,-20.75484890407986,1.0820461512363524,0.6304717218903535,0.2024368126164932,51333_1371
301,102.6679213,2.742585756,Healthy,Palong_Basemap,0.16998827457427979,0.03468590581582652,0.04336719214916229,0.08739045759042104,0.876946853266822,0.09791305909554164,44.511107550727,-20.40325249565972,-8.222098721398247,-15.998401959737143,-20.034353468153213,0.9814661257344199,0.6610622233863045,0.32091935603678035,51333_1371
302,102.6679948,2.742554022,Healthy,Palong_Basemap,0.15724034276273516,0.03125283991297086,0.040413398295640945,0.07835527343882455,0.8544129199451871,0.10777222944630517,44.98929341634115,-19.448316786024307,-8.696435186598036,-15.700330310397678,-20.117320166693794,0.9610365769338859,0.6683928885986294,0.33483250068805126,51333_1371
303,102.6680474,2.742513936,Healthy,Palong_Basemap,0.1540389127201504,0.0273626446723938,0.02961368817422125,0.09560264647006989,0.8728013634681702,0.12517777333656946,45.39348432752821,-19.099102020263672,-8.54889170328776,-16.42058785756429,-20.559945424397785,0.918294717515671,0.6983196278388906,0.2340806812761237,51334_1371
304,102.6681251,2.742475522,Healthy,Palong_Basemap,0.1479375825987922,0.028594888125856716,0.025293713435530663,0.11558691246642007,0.85329802831014,0.1750071578555637,42.28612730238173,-20.356918334960938,-8.77483410305447,-14.048473676045736,-19.87237442864312,0.9927872600249015,0.6760382040938142,0.12276152971801187,51334_1371
305,102.6681927,2.742436272,Healthy,Palong_Basemap,0.14221715595987108,0.02822620876961284,0.023608516487810347,0.11965570764409171,0.8473502198855082,0.16168813986910713,40.832436879475914,-20.87672890557183,-8.564297358194986,-13.464601516723633,-19.169659084743923,1.0158881164140092,0.6687907585676737,0.08615420477434288,51334_1371
306,102.6682654,2.742399527,Healthy,Palong_Basemap,0.14418853571017584,0.030015216519435246,0.025014258921146393,0.12596948941548666,0.8270540767245822,0.12958143134084013,39.00499810112847,-21.067542394002277,-8.529328770107693,-12.971671528286404,-19.73883777194553,1.0474996779304395,0.6554010331548614,0.06743847896509715,51334_1371
307,102.6681894,2.742361112,Healthy,Palong_Basemap,0.13782702965868843,0.033898877600828804,0.02967813279893663,0.10770462618933783,0.8617724842495389,0.1827417943212721,41.8542972140842,-21.042477077907986,-8.41195265452067,-13.313690079583061,-18.428707122802734,1.1525187341676466,0.6051978627825816,0.1226823619354202,51334_1371
308,102.6681243,2.742401197,Healthy,Palong_Basemap,0.1502073812815878,0.03361873059637017,0.028999681894977886,0.11753226071596146,0.8696693844265408,0.19213832252555424,42.75906880696615,-20.57774035135905,-8.56879817114936,-13.697962866889107,-18.86163881089952,1.0913200261164264,0.6342333496267427,0.12204065233614318,51334_1371
309,102.6681268,2.742318522,Healthy,Palong_Basemap,0.1488728630873892,0.03629373055365351,0.031756976826323405,0.11033455282449722,0.8871622814072503,0.1963670700788498,44.38581890530057,-21.07671356201172,-7.965876367357042,-13.296003235710991,-18.678573820326065,1.1466429950026442,0.607988354270736,0.14867749877955838,51334_1371
310,102.6680658,2.742365287,Healthy,Palong_Basemap,0.15636011130279964,0.034834919290410146,0.030347163892454572,0.11810003717740376,0.8932967583338419,0.21274618473317888,44.774987114800346,-20.984281327989365,-8.195323626200357,-13.265582508511013,-18.597164789835613,1.086989982135012,0.6356085282935455,0.13940120027354555,51334_1371
311,102.6680591,2.742432931,Healthy,Palong_Basemap,0.1534222380982505,0.028707399550411437,0.026107703439063497,0.11510385076204936,0.8860329058435228,0.2070544875330395,44.207267337375214,-20.240694681803387,-8.522627512613932,-13.835621303982204,-19.070632722642685,0.9692521377970913,0.6847586156648532,0.1426989366241289,51334_1371
312,102.6679898,2.742477192,Healthy,Palong_Basemap,0.15249189568890464,0.03105924754507012,0.030090948359833822,0.09615544064177407,0.8925710916519165,0.15599210063616434,45.52885182698568,-19.517839643690323,-8.26623821258545,-16.171986156039768,-20.565542432996963,1.015417329692426,0.6615739134299095,0.2265717215333774,51333_1371
313,102.6679222,2.742511431,Healthy,Palong_Basemap,0.1551698065466351,0.036896716389391154,0.043933137216501765,0.08895278473695119,0.8867178161938986,0.10526158826218711,45.019610510932075,-19.95894432067871,-8.11137024561564,-16.635499636332195,-20.52821837531196,1.081633017101596,0.6157923221041414,0.2712449571402532,51333_1371
314,102.6679272,2.742439612,Healthy,Palong_Basemap,0.15189333260059357,0.03390456260078483,0.0326242684904072,0.09446418947643703,0.8864520523283217,0.1484491808546914,44.65135828653971,-19.661699718899197,-8.233072015974257,-15.69029606713189,-20.666110144721138,1.0749416234718732,0.63503824880215,0.23311300844388141,51333_1371
315,102.6678629,2.742395351,Healthy,Palong_Basemap,0.15688535736666787,0.032278255456023745,0.028354116198089387,0.10385091933939192,0.8446081876754761,0.2307341926627689,41.59650548299154,-18.42818472120497,-8.838173336452908,-12.574145634969076,-20.02843115064833,1.0337477769670393,0.6587265915006701,0.20340260548808922,51333_1371
316,102.667862,2.742315181,Healthy,Palong_Basemap,0.18625620669788784,0.02829220766822497,0.02510210374991099,0.10766171084509955,0.7831811308860779,0.35835107498698765,39.32420179578993,-16.367721663581,-9.94845453898112,-10.052410761515299,-17.92468198140462,0.8447240382560339,0.7362627195189039,0.2674028739377324,51333_1371
317,102.6679289,2.742357772,Healthy,Palong_Basemap,0.17892571455902523,0.026408801269200113,0.02309554173714585,0.11341303338607152,0.848960730764601,0.2859371387296253,42.350897471110024,-18.342551125420464,-9.019176271226671,-11.753882514105904,-18.95632086859809,0.8290353014441456,0.7427728975552005,0.2240985214360207,51333_1371
318,102.6679957,2.742397022,Healthy,Palong_Basemap,0.15480994681517282,0.029218681984477572,0.024649020077453718,0.11229866246382396,0.8922670483589172,0.21353894968827566,44.86423831515842,-19.839442782931858,-8.461619589063856,-14.075046433342827,-19.490721384684246,0.9825685626560843,0.6824550378377532,0.15915355355298763,51333_1371
320,102.6679965,2.742317686,Healthy,Palong_Basemap,0.169778178135554,0.02712180610332224,0.0235220758865277,0.12419552852710088,0.8884697953859965,0.23502062757809958,45.215128580729164,-20.123323016696506,-8.081085999806723,-12.453182220458984,-18.93537245856391,0.8765090896095862,0.7245118509464332,0.15505689310085408,51333_1371
321,102.6679923,2.742240857,Healthy,Palong_Basemap,0.20310730404324,0.0267919831805759,0.025914636130134266,0.1190045103430748,0.8827257619963752,0.22868507934941185,45.33081478542752,-19.26239267985026,-7.861130502488878,-12.800306638081869,-19.640744315253365,0.7584267012424304,0.7669241735882995,0.2610981340761973,51333_1371
322,102.6679314,2.742271756,Healthy,Palong_Basemap,0.20348577201366425,0.025367097101277776,0.02305587049987581,0.11849620938301086,0.8275149861971537,0.3181677692466312,41.54702504475912,-17.203317324320476,-9.299540943569607,-10.812790022956001,-18.24031533135308,0.7318949217273858,0.7783108667207744,0.2639575117278007,51333_1371
323,102.6677034,2.742755282,Healthy,Palong_Basemap,0.17496698680851194,0.021768758694330852,0.022424476635124948,0.08371528776155578,0.8442681497997708,0.21239273250102997,39.542637295193146,-19.660135481092667,-9.92039320203993,-12.925073411729601,-21.05056995815701,0.7228274031336478,0.7787005240080656,0.35275590180509014,51333_1371
324,102.6677526,2.742798708,Healthy,Palong_Basemap,0.14626635528273052,0.020418633189466264,0.02214347788443168,0.06094921090536647,0.8357386324140761,0.2118624813026852,39.539503733317055,-20.151200400458443,-10.969025505913628,-13.163590749104818,-20.92304123772515,0.7806515161742836,0.7550033344139792,0.41173134792353683,51333_1371
325,102.667832,2.742839628,Healthy,Palong_Basemap,0.1493983483976788,0.01898941583931446,0.022905208584335115,0.062309133923716016,0.8626050684187148,0.21627002623346117,42.717020670572914,-19.42310693528917,-10.272295845879448,-13.404745207892525,-19.635481940375435,0.7224348538273413,0.7744561081933689,0.4113657841424422,51333_1371
326,102.667832,2.742749436,Healthy,Palong_Basemap,0.19581665264235604,0.028274208307266235,0.02685550082888868,0.07032307402955161,0.8675673140419854,0.1710743788215849,42.377347734239365,-19.803266737196182,-9.3157958984375,-13.387490696377224,-20.100659476386177,0.8100895517427054,0.7476540704297393,0.4715326801530486,51333_1371
327,102.6678954,2.742703506,Healthy,Palong_Basemap,0.18779720697138044,0.02949663582775328,0.027217295227779284,0.09071696756614579,0.8640024595790439,0.15939794646369088,43.17772462632921,-19.55716069539388,-8.791682349310982,-13.466417842441135,-19.434678819444443,0.8611912111193836,0.7285092347966808,0.34856480667972006,51333_1371
328,102.6679756,2.742666761,Healthy,Palong_Basemap,0.169691554374165,0.024617590631047886,0.024141152906748984,0.09543139156368044,0.8560047215885587,0.13808623866902459,44.40884696112739,-19.69239150153266,-8.685480859544542,-14.269681294759115,-19.168295754326714,0.8102292994310325,0.7466141840067544,0.28009707929201216,51333_1371
329,102.6680449,2.74261916,Healthy,Palong_Basemap,0.16583304107189178,0.022267352375719283,0.024225371993250318,0.0909412188662423,0.8420968651771545,0.14105183300044802,44.19410154554579,-19.10902425977919,-8.9632904264662,-13.856680340237087,-19.503497229682075,0.7593522805090734,0.7632397044196392,0.291664056294792,51334_1371
330,102.6681026,2.742574899,Healthy,Palong_Basemap,0.15605386098225912,0.02180326585140493,0.021310255552331608,0.08767950038115184,0.8371656007236905,0.1326027289032936,43.60549672444662,-19.394541634453667,-8.964681413438585,-14.595767868889702,-20.639184527926975,0.789363330390578,0.7548226912290579,0.2805293465721332,51334_1371
331,102.6681727,2.742554022,Healthy,Palong_Basemap,0.14484137131108177,0.0253237620409992,0.021434272742933698,0.10346348500914043,0.8051233291625977,0.16286797904305989,40.32230885823568,-19.94049792819553,-9.158554818895128,-13.370569441053602,-21.06418779161241,0.9339255832782544,0.7023625046782885,0.16664147014740235,51334_1371
332,102.6682437,2.742517277,Healthy,Palong_Basemap,0.14371455874707964,0.028823638748791482,0.024172073023186788,0.13171098050143984,0.8032343851195441,0.10648645771046479,38.62361484103732,-20.91549915737576,-8.760339736938477,-13.099192831251356,-20.861881256103516,1.0224143710313591,0.6658868683326631,0.04358193607749948,51334_1371
334,102.6683832,2.742494729,Healthy,Palong_Basemap,0.15428505341211954,0.02925415150821209,0.02610884192917082,0.1393373707930247,0.8088514738612704,0.14294667355716228,37.35522969563802,-20.04966100056966,-8.399474567837185,-11.6750521130032,-21.058481640285915,0.9796193324067811,0.6812217692573054,0.050907837368209315,51334_1371
335,102.6683857,2.742579075,Healthy,Palong_Basemap,0.14170382916927338,0.029350086839662656,0.026682453436983958,0.12635342528422674,0.8187300231721666,0.15210434711641735,39.00635952419705,-20.09222157796224,-8.60053465101454,-12.142999437120226,-20.890034357706707,1.0339704910539325,0.6568323307122722,0.05726539248617673,51334_1371
336,102.668389,2.74266008,Healthy,Palong_Basemap,0.1414387615190612,0.027829200236333743,0.028599139096008405,0.10413625339667003,0.8302109903759427,0.17556572705507278,40.65816158718533,-19.211245430840385,-8.895919905768501,-12.461614290873209,-20.630207061767578,0.9864299982662251,0.6711817174646547,0.1518986291630339,51334_1371
337,102.6683163,2.742703506,Healthy,Palong_Basemap,0.137092933886581,0.025442888132399984,0.026953824278381135,0.08244763480292426,0.8190605441729227,0.19526630226108763,41.44887161254883,-18.639115439520943,-9.42116896311442,-12.667513529459635,-20.386046939426,0.9470092817693722,0.686925776529081,0.24890752269545777,51334_1371
340,102.6682495,2.742601623,Healthy,Palong_Basemap,0.13974545647700629,0.025677970920999844,0.024744072929024696,0.09499727520677778,0.7987634473376803,0.13517129090097216,39.17249001397027,-20.486082077026367,-8.991987970140245,-12.972297032674154,-21.02685398525662,0.9517168286192291,0.6895485563937802,0.1906264826572251,51334_1371
341,102.668242,2.74266175,Healthy,Palong_Basemap,0.1400498772660891,0.023642576817009184,0.0259892741839091,0.08172761152187984,0.7977670100000169,0.1700837868783209,39.86137898763021,-19.620678371853298,-9.353638860914442,-12.677453147040474,-20.864680608113606,0.8866341529230882,0.7111341882014054,0.2629764908194468,51334_1371
342,102.6681685,2.742618325,Healthy,Palong_Basemap,0.1552014085981581,0.020930090298255283,0.019242178855670825,0.10256575793027878,0.7999673022164239,0.19054149753517574,40.472819010416664,-19.054574330647785,-9.464966032240126,-12.890093591478136,-21.00578604804145,0.7740998869103125,0.7623356363921627,0.2041984298340516,51334_1371
343,102.6681092,2.742659245,Healthy,Palong_Basemap,0.1631444344917933,0.017896454367372725,0.018363110307190154,0.10512437919775645,0.812520166238149,0.18464567098352644,41.6369760301378,-18.541951921251083,-9.406171056959364,-13.092773649427626,-20.843447579277885,0.6588648694042372,0.8022937858939193,0.21627581117639613,51334_1371
344,102.6680433,2.74269766,Healthy,Palong_Basemap,0.16910754806465572,0.021047554910182953,0.02038131405909856,0.10375849488708708,0.8399625884162055,0.18433797773387697,43.62294726901584,-18.513791190253365,-9.191366407606337,-12.825491587320963,-18.889088100857204,0.7270815759308801,0.7786275037492109,0.23949133600741163,51334_1371
345,102.667979,2.742745261,Healthy,Palong_Basemap,0.1906629055738449,0.022919241959849995,0.02286533059345351,0.0995002148879899,0.8557482891612582,0.22954780691199833,43.639459398057724,-18.36012034946018,-9.385844972398546,-12.774270587497288,-18.204483032226562,0.7069293069569536,0.7853824186664831,0.31417738595020955,51333_1371
346,102.6678988,2.742787016,Healthy,Palong_Basemap,0.19080551879273522,0.024535973452859454,0.025280307564470503,0.07732699231968986,0.8657273186577691,0.2467660970158047,43.79456668429904,-18.738010618421768,-10.088320944044325,-13.26273865169949,-18.490888383653427,0.7402678986455395,0.7721203359650127,0.42321807975559156,51333_1371
347,102.6678954,2.742868857,Healthy,Palong_Basemap,0.15398426933421028,0.020556096297999222,0.024163251949681178,0.06878374889492989,0.8697571953137716,0.299720318781005,44.45700242784288,-18.738961113823784,-11.06678326924642,-13.583115259806315,-18.074862586127388,0.7500181746751642,0.7644545292025465,0.38246298152027713,51333_1371
348,102.6679706,2.742827936,Healthy,Palong_Basemap,0.17871040685309303,0.022493355804019503,0.02423191794918643,0.09074063102404277,0.861221022076077,0.2656235578987334,44.03936767578125,-18.229877683851456,-9.953259574042427,-12.882176929050022,-17.665008756849502,0.7257998056119048,0.7764121753294222,0.32647777689823815,51333_1371
349,102.6680458,2.742780335,Healthy,Palong_Basemap,0.16563000447220272,0.022326750680804253,0.022965618098775547,0.10065501845545238,0.8471451534165276,0.2275520662466685,43.520663791232636,-17.9479734632704,-9.50961430867513,-12.42249541812473,-18.254822625054253,0.7657649573768891,0.7624267277584243,0.24400540932564158,51334_1371
350,102.6681059,2.74274192,Healthy,Palong_Basemap,0.16084624826908112,0.018559758240977924,0.019546508582101926,0.11769170727994707,0.8379533688227335,0.2150712145699395,42.85728454589844,-17.418512768215603,-9.69342761569553,-12.190656661987305,-19.119121339586044,0.6826192547784021,0.7930976938619132,0.15493235348867201,51334_1371
351,102.6681727,2.742705176,Healthy,Palong_Basemap,0.14139924281173283,0.02092751508785619,0.022697179060843255,0.09271444214714898,0.8043006989690993,0.21447541150781843,40.86866972181532,-18.017818027072483,-9.743840853373209,-12.441310140821669,-20.876359939575195,0.8129106109123003,0.7421556943704699,0.20795367290525765,51334_1371
352,102.668242,2.74274025,Healthy,Palong_Basemap,0.1379659084810151,0.021274011789096728,0.025930151550306216,0.07871721933285396,0.8177792893515693,0.23466718528005812,41.98933368259006,-17.236376126607258,-9.813740306430393,-12.526682323879665,-20.66117180718316,0.8243980226369145,0.7328055458328473,0.2734347143034403,51334_1371
353,102.668318,2.74278117,Healthy,Palong_Basemap,0.14451883402135637,0.02207678473658032,0.026409306252996128,0.07091959317525227,0.829151107205285,0.23299189077483284,42.79267671373155,-17.207050217522514,-9.608127699957954,-12.832245190938314,-20.395639419555664,0.8211496835317706,0.7349656023228575,0.3416254091891303,51334_1371
354,102.6683923,2.74281875,Healthy,Palong_Basemap,0.14049973256058162,0.025047497616873846,0.02752022383113702,0.07482641852564281,0.8521647916899787,0.26085353559917873,44.49151738484701,-16.121642748514812,-9.418023427327475,-13.47039540608724,-20.74981032477485,0.9186897983915885,0.697397563341596,0.3049946033198765,51334_1371
355,102.668313,2.742861341,Healthy,Palong_Basemap,0.15050829615857866,0.021098705215586558,0.02344809679521455,0.07375290493170421,0.8589443763097128,0.2685195638073815,44.74509302775065,-15.638725280761719,-9.611604584587944,-13.713134765625,-21.00781461927626,0.7808775005641743,0.7541043774830168,0.3422588965622027,51334_1371
356,102.6682495,2.742823761,Healthy,Palong_Basemap,0.14847760068045723,0.01988687449031406,0.023882053171594936,0.07569889641470379,0.8387560049692789,0.254129226009051,43.37936443752713,-16.53430398305257,-9.7488497628106,-12.955343034532335,-20.829991870456272,0.7499761649889635,0.7637640069837428,0.32464912784706196,51334_1371
357,102.6681844,2.742864681,Healthy,Palong_Basemap,0.15078597764174143,0.02053589208258523,0.02180409265889062,0.08208564668893814,0.8638814356591966,0.24985418220361075,44.425951639811196,-16.52201027340359,-9.816855960422092,-13.567978964911568,-20.836307313707138,0.7689118727881148,0.7602653751604571,0.2950137491000117,51334_1371
358,102.6681092,2.742822926,Healthy,Palong_Basemap,0.16817923386891684,0.020780291822221544,0.021738176337546773,0.10468150426944096,0.8482528130213419,0.22081351776917776,43.080995347764755,-17.237250010172527,-9.85854466756185,-12.480951839023167,-19.957597096761067,0.7181777058464047,0.7800556310012364,0.2327111259490857,51334_1371
359,102.6681744,2.7427795,Healthy,Palong_Basemap,0.15024820301267836,0.019055051108201344,0.021602039121919207,0.09073781304889256,0.8183929125467936,0.22812560200691223,41.691844092475044,-17.072414504157173,-9.908887969122993,-12.300148857964409,-20.749755011664497,0.7260438124009226,0.7749003560841616,0.24694540760647765,51334_1371
360,102.6680483,2.742864681,Healthy,Palong_Basemap,0.1429894823167059,0.023252315612302885,0.02534944439927737,0.08315800875425339,0.8773868613772922,0.27540056904157,44.93722491794162,-18.893762800428604,-10.215190251668295,-13.319037437438965,-17.69645775689019,0.8658324535374853,0.7202590936578723,0.26456837207925926,51334_1371
361,102.6684512,2.742457776,Healthy,Palong_Basemap,0.16010747684372795,0.028232805637849703,0.02658593302799596,0.13976747377051246,0.8169649243354797,0.21231649236546624,38.018511878119575,-18.641869439019096,-8.545501603020561,-11.106217490302193,-21.049672020806206,0.9288672245717792,0.7001936572903753,0.06782828319455364,51334_1371
362,102.6685147,2.742415185,Healthy,Palong_Basemap,0.16366772684786055,0.03448922766579522,0.033250726759433746,0.13947132643726137,0.8600797322061327,0.2114232083161672,41.54267120361328,-18.810380935668945,-8.764961348639595,-12.554047690497505,-20.210420820448135,1.0376721656052774,0.6518999017678337,0.07981947607338105,51334_1371
363,102.6685865,2.742377605,Healthy,Palong_Basemap,0.13285663806729847,0.030459763689173594,0.03418530813521809,0.11634284837378396,0.9001484645737542,0.12326725944876671,43.71371163262261,-20.477954440646702,-8.292864799499512,-16.757806460062664,-20.70781644185384,1.0689442636321174,0.6269846339794649,0.06626735042417041,51334_1371
364,102.6683477,2.742345036,Healthy,Palong_Basemap,0.1648261547088623,0.03467649138636059,0.03002073263956441,0.14011195219225353,0.844116297033098,0.21896641867028344,39.74144999186198,-19.6660770840115,-8.856919818454319,-11.840033213297525,-19.157140307956272,1.05000782537735,0.6523706119686308,0.08104661882951547,51334_1371
367,102.66865,2.742421031,Healthy,Palong_Basemap,0.10644242001904382,0.036082466029458575,0.040514264876643814,0.10861319800217946,0.8984268638822768,0.135836657964521,43.910774654812286,-20.91017829047309,-8.224398030175102,-17.625434981452095,-19.646182166205513,1.3173493891087429,0.4936678494564183,-0.010094030572693119,51334_1371
368,102.6685823,2.742459446,Healthy,Palong_Basemap,0.14224450869692695,0.027071700741847355,0.02976239679588212,0.13060746010806826,0.8715566595395406,0.217255975637171,42.87071863810221,-19.266524208916557,-8.84813446468777,-13.21539380815294,-18.739213095770943,0.9576533803125905,0.6802231655010369,0.04264967791812266,51334_1371
369,102.6685155,2.742500366,Healthy,Palong_Basemap,0.1610978063609865,0.024369706503219075,0.02239537715084023,0.13624114708767998,0.855122254954444,0.28389397263526917,41.860596126980255,-17.06090694003635,-8.973508728875053,-11.560989803738064,-19.357344309488933,0.839493055448051,0.7372078147070218,0.08359704971383056,51334_1371
370,102.6684479,2.742540451,Healthy,Palong_Basemap,0.15916143026616839,0.02632783850034078,0.024434301381309826,0.1377792242500517,0.8209918340047201,0.21232793811294767,38.533746507432724,-18.70524236891005,-8.51912890540229,-11.317786110772026,-20.98719236585829,0.8915193742459272,0.7161254807308358,0.07200834810225926,51334_1371
371,102.6684529,2.742614775,Healthy,Palong_Basemap,0.147034067246649,0.027534019615915086,0.02696372547911273,0.14634137600660324,0.8696814643012153,0.28982218106587726,43.40638987223307,-16.93714820014106,-8.713604821099175,-12.85070408715142,-20.806570265028213,0.9616107083491211,0.6845469282413299,0.0023611084566740655,51334_1371
372,102.6684537,2.742700791,Healthy,Palong_Basemap,0.1435546858443154,0.028462427357832592,0.027675746008753777,0.13320464889208475,0.8720308939615885,0.2906002981795205,44.61637539333768,-16.677475187513565,-8.846317927042643,-13.660819901360405,-20.967777040269638,0.998001941077371,0.6690744679061714,0.03739724610224465,51334_1371
373,102.6684579,2.742780127,Healthy,Palong_Basemap,0.13638967937893337,0.025475771269864507,0.02582763031952911,0.0794501511587037,0.8662331038051181,0.2959333327081468,45.040901607937286,-16.36072932349311,-9.098904927571615,-14.155268457200792,-21.05525122748481,0.9560785641008485,0.685222866674128,0.26380454468667147,51334_1371
374,102.6684495,2.742845265,Healthy,Palong_Basemap,0.13863029413753086,0.02301366316775481,0.02361420997314983,0.07439760863780975,0.8507261872291565,0.27274778816435075,44.254645029703774,-15.855522791544596,-9.50634045071072,-13.495075437757704,-21.060843573676216,0.8839856304504198,0.715254890422034,0.30152240463757907,51334_1371
375,102.6685247,2.742733361,Healthy,Palong_Basemap,0.13837449335389668,0.025569088343116973,0.02425228700869613,0.10222124970621532,0.8667705456415812,0.31770345237520004,45.29474427964952,-17.074552959865994,-9.166934649149576,-14.609676678975424,-21.047623740302193,0.9569047685314166,0.6880745427366404,0.15026551670387864,51334_1371
377,102.668589,2.742699956,Healthy,Palong_Basemap,0.13284449693229464,0.025169839875565633,0.023292228993442323,0.10254513555102879,0.8754452599419488,0.3268114924430847,45.6582522922092,-18.220639122856987,-9.143808470831978,-14.398861355251736,-20.325292587280273,0.9752141817096901,0.6814233393749424,0.12872003351044978,51334_1371
378,102.668518,2.742658201,Healthy,Palong_Basemap,0.14054246991872787,0.02906630912588702,0.027005601053436596,0.14357425272464752,0.8805439405971103,0.3165369431177775,44.68514633178711,-16.96204948425293,-8.877046161227756,-13.193899154663086,-20.179826100667317,1.0303516610424772,0.6572546622926724,-0.010670905878796703,51334_1371
379,102.6685172,2.742583877,Healthy,Palong_Basemap,0.14708617246813244,0.02656097917093171,0.02376280538737774,0.14272716558641857,0.8686700661977133,0.30966421961784363,43.2005483839247,-16.625585556030273,-8.945295015970865,-12.18316544426812,-19.571577072143555,0.948729495777968,0.6940810267231994,0.015040739363394584,51334_1371
380,102.6685857,2.742623127,Healthy,Palong_Basemap,0.13183745576275718,0.02464095565179984,0.022321336385276582,0.12335852616363102,0.8854491114616394,0.31790517767270404,45.52503967285156,-18.101751963297527,-9.08075311448839,-13.675630781385633,-19.38658226860894,0.9689685587489348,0.6850561629678263,0.03322516888832492,51334_1371
381,102.6685848,2.742542956,Healthy,Palong_Basemap,0.13141841110255983,0.023100815920366183,0.02134320533110036,0.13876823998159832,0.8743216527832879,0.26606056922011906,43.60702006022135,-18.349298901028103,-9.047435230678982,-12.63592963748508,-18.147548887464737,0.9288475583594242,0.7009975215972479,-0.027202783148413748,51334_1371
382,102.6686525,2.742578031,Healthy,Palong_Basemap,0.12271470079819362,0.02300413656565878,0.023075830191373825,0.11750636539525455,0.8883542286025153,0.27611614763736725,45.427675035264755,-19.269874996609158,-9.037724600897896,-14.180035061306423,-17.8577815161811,0.959511157375516,0.6842668115966553,0.021681426552094447,51334_1371
383,102.6686433,2.742497026,Healthy,Palong_Basemap,0.11767970273892085,0.025377220577663846,0.02725078310403559,0.12004498143990834,0.8901565803421868,0.235565056403478,44.80091094970703,-19.78358374701606,-8.826701164245605,-14.528268072340223,-17.597483528984917,1.0374726747507277,0.645215065593098,-0.009949655456091383,51334_1371
384,102.6687201,2.742521244,Healthy,Palong_Basemap,0.11599440458748075,0.026855171761578985,0.029808439107404813,0.09646209908856286,0.8944332136048211,0.22401324742370182,45.213179694281685,-20.717620849609375,-8.59859816233317,-15.830393473307291,-17.644105275472004,1.076827938485272,0.6240076806954319,0.09193554991708326,51334_1371
385,102.6687184,2.74245527,Healthy,Palong_Basemap,0.10179207722345988,0.03102240649362405,0.035081893412603274,0.1036283199985822,0.9018230239550272,0.17889005690813065,44.67059877183702,-21.034041086832683,-8.229890717400444,-17.447217729356552,-18.47834375169542,1.2476411097453963,0.5328460326705523,-0.008938950561649884,51334_1371
386,102.6687894,2.742493685,Healthy,Palong_Basemap,0.13359840710957846,0.027863769895500608,0.03041127696633339,0.08540640026330948,0.900618334611257,0.17985104189978707,44.471502516004776,-21.07671356201172,-8.099194738599989,-16.962798224555122,-18.74109670850966,1.014439680456751,0.6548570022733671,0.22004999536021597,51334_1371
387,102.6687911,2.74241268,Healthy,Palong_Basemap,0.09944231145911747,0.03842879769702753,0.04208432883024216,0.10822812881734636,0.9042728145917257,0.14854497959216437,44.09652455647787,-21.07671356201172,-7.801712777879503,-18.203491316901314,-19.86226675245497,1.4077498799954276,0.44254024019629445,-0.04230653792871371,51334_1371
388,102.6688587,2.74237176,Healthy,Palong_Basemap,0.10664764460590151,0.03065906920366817,0.03511323634948996,0.10878163824478786,0.8792973491880629,0.1901400172048145,42.88752661810981,-19.774890899658203,-8.066118346320259,-13.856581687927246,-20.981743494669598,1.2077690467435926,0.5534221400682685,-0.00990577330364779,51334_1371
389,102.6688571,2.74245026,Healthy,Palong_Basemap,0.13424357937441933,0.028173766202396817,0.03253873913652367,0.10912426395548715,0.8693944215774536,0.1905571073293686,42.41337882147895,-19.76331965128581,-8.321951389312744,-13.050567309061686,-20.14451747470432,1.0101298803999628,0.6530694907943576,0.1032154251573851,51334_1371
390,102.6689297,2.74241268,Healthy,Palong_Basemap,0.1613598664601644,0.023034428970681295,0.023037931985325284,0.1133536688155598,0.853528638680776,0.2065094212690989,41.570184495713974,-18.320560667249893,-8.590902752346462,-12.22551769680447,-20.979211171468098,0.7995752385808594,0.7501611542064217,0.17475002677396942,51334_1371
391,102.6689239,2.742336685,Healthy,Palong_Basemap,0.14491944015026093,0.023726038220855925,0.02656443789601326,0.11836435480250253,0.8604984283447266,0.22350276675489214,42.080437130398224,-18.405368169148762,-8.612970881991917,-12.460108015272352,-20.98403082953559,0.8669581303388111,0.718628231838567,0.10086107028547932,51334_1371
392,102.6690049,2.742449424,Healthy,Palong_Basemap,0.19853769573900434,0.022081667143437598,0.019962075683805678,0.09786525617043178,0.8154838217629327,0.22632458806037903,40.0045534769694,-16.69153806898329,-9.372569931877983,-11.428546693589952,-20.993908564249676,0.6725472032709123,0.7998211321532651,0.33964722321433677,51334_1371
393,102.6689347,2.742488674,Healthy,Palong_Basemap,0.20917140775256687,0.022856647355688944,0.020348798690570727,0.1062045610613293,0.843129403061337,0.2047010080681907,41.06417338053385,-18.130327860514324,-8.708129723866781,-11.99434365166558,-20.802157084147137,0.6643565484525017,0.8029837612091791,0.3264891966197921,51334_1371
394,102.6688654,2.74253043,Healthy,Palong_Basemap,0.19012509451972115,0.025205573480990198,0.02385184292991956,0.10154830416043599,0.8592114978366427,0.22675585912333596,42.624610900878906,-19.28269894917806,-8.647341304355198,-12.950168715582954,-19.541210174560547,0.7626840986297427,0.7658896086189921,0.30368484325310924,51334_1371
395,102.6687268,2.742613105,Healthy,Palong_Basemap,0.13705797327889335,0.023528432266579732,0.021700641968184047,0.07910166101323234,0.8707192473941379,0.3071417924430635,45.70514127943251,-20.304858101738823,-9.132781876458061,-14.977195315890842,-18.618104934692383,0.9145447093368345,0.7069685670258407,0.2681181084315531,51334_1371
397,102.668731,2.742698286,Healthy,Palong_Basemap,0.1305406159824795,0.023454924217528768,0.02059196453127596,0.0737982408867942,0.8572858638233609,0.3352440562513139,45.212226443820526,-20.43223762512207,-9.252811749776205,-15.093023512098524,-19.69077025519477,0.9474706745226211,0.6953817729128301,0.2776876408386017,51334_1371
398,102.6687995,2.74264818,Healthy,Palong_Basemap,0.13799961490763557,0.0254644811567333,0.022665711326731577,0.06344201374385092,0.8540324171384176,0.3254128694534302,44.86347579956055,-20.07494502597385,-9.162827067905003,-14.521305084228516,-18.387351565890842,0.9627662951205495,0.688439458329664,0.3701201269216132,51334_1371
400,102.6689331,2.742565504,Healthy,Palong_Basemap,0.2004259874423345,0.024296190382705793,0.021593109601073794,0.10568376216623518,0.8348183499442207,0.23928440941704643,41.7362191942003,-18.360006120469833,-8.914193683200413,-12.987633069356283,-20.365264468722874,0.7182604545656539,0.7837668661112583,0.3095041088931294,51334_1371
401,102.6690024,2.742529595,Healthy,Palong_Basemap,0.20365875628259447,0.021548931176463764,0.019777352404263284,0.09139670679966609,0.808118826813168,0.22189737525251177,39.85142305162218,-17.163164986504448,-9.399603101942274,-11.728882047865126,-20.897322124905056,0.6467897834530721,0.8086305896606548,0.38047778648189295,51334_1371
403,102.6690009,2.742362156,Healthy,Palong_Basemap,0.15771434042188856,0.022106718065010175,0.023662564241223864,0.1137089588575893,0.8390133447117276,0.2529509365558624,41.40607028537326,-16.906199561225044,-9.36044587029351,-11.728734440273708,-20.824928283691406,0.7839597382507479,0.7541253705096971,0.1621282391051772,51334_1371
404,102.6690711,2.742413097,Healthy,Palong_Basemap,0.17096294628249276,0.02164395008650091,0.020326818029085796,0.08945890929963854,0.8071204821268717,0.2619306842486064,40.402339935302734,-16.265437867906357,-10.029272821214464,-11.315552605523003,-20.62836350335015,0.7381418903306932,0.7752525948496078,0.312969265965274,51334_1371
405,102.6690736,2.742487422,Healthy,Palong_Basemap,0.20447787311342028,0.020982255124383502,0.019914763669172924,0.07743970760040814,0.7926589118109809,0.24724260965983072,39.628320905897354,-16.62061818440755,-10.120144420199924,-11.220707893371582,-20.455854839748806,0.6301991249940248,0.8138717006117152,0.45062165045310615,51334_1371
408,102.6690076,2.742683672,Healthy,Palong_Basemap,0.1447331209977468,0.030231822282075882,0.02912075776192877,0.08718611299991608,0.8462381230460273,0.19821388522783914,42.310255686442055,-20.583756340874565,-8.927691671583387,-15.627138985527885,-20.86783430311415,1.0321659892348876,0.65442423247352,0.2481338309284457,51334_1371
409,102.6690109,2.742603502,Healthy,Palong_Basemap,0.1615227030383216,0.027088288424743548,0.025712563552790217,0.0926918060415321,0.8107103374269273,0.2141281714042028,40.36240810818143,-18.22552278306749,-9.335175726148817,-12.524815135531956,-20.781187693277996,0.8976622866113463,0.7127602350783664,0.27075912089332554,51334_1371
410,102.6689333,2.742647762,Healthy,Palong_Basemap,0.16958352509472105,0.027174306619498465,0.025242946214146085,0.09932599382268058,0.8431971470514933,0.249753776523802,42.63447825113932,-19.248382992214626,-8.901227315266928,-14.211977322896322,-20.379308276706272,0.8724566236245358,0.7237791615942615,0.2612682940897336,51334_1371
411,102.6688681,2.742693693,Healthy,Palong_Basemap,0.1383750115831693,0.02908594947722223,0.027437964868214395,0.08335079376896222,0.8597223361333212,0.3057450403769811,44.34523434109158,-20.31323920355903,-9.055861367119682,-15.330517980787489,-19.675657272338867,1.0388540538560096,0.6526241185641715,0.24816334628628792,51334_1371
412,102.6688055,2.742732108,Healthy,Palong_Basemap,0.10410565551784304,0.023514236220055156,0.02113887005382114,0.07194577654202779,0.8590780231687758,0.315658516354031,44.12176767985026,-20.923078113132053,-9.401287184821236,-15.456056488884819,-19.89664289686415,1.091952261419309,0.6314957503905743,0.1826732029358242,51334_1371
413,102.668874,2.742771358,Unhealthy,Palong_Basemap,0.11230413532919353,0.02820596843957901,0.027566667646169662,0.07834717051850425,0.86800127559238,0.2738124115599526,44.06408394707574,-20.878696653578018,-9.174343003167046,-16.07770782046848,-20.227841907077366,1.1496056539860577,0.5985204240401735,0.17811031851948542,51334_1371
414,102.66894,2.742727932,Healthy,Palong_Basemap,0.12391950935125351,0.030107048029700916,0.029381563887000084,0.07915216270420286,0.8711429635683695,0.22064346902900273,43.718762715657554,-20.914285871717667,-8.876436551411947,-16.92383077409532,-20.772807439168293,1.1280527984493518,0.6090667928747242,0.2204509678475747,51334_1371
415,102.6687362,2.742771358,Healthy,Palong_Basemap,0.11784890625211927,0.02274890264703168,0.02057937180830373,0.07459261433945762,0.8507701622115241,0.337230834696028,44.14613172743056,-20.701194763183594,-9.397032101949057,-14.972951253255209,-20.552167044745552,0.9894802186674969,0.6763974798021328,0.2247762945319139,51334_1371
416,102.6686669,2.742809773,Healthy,Palong_Basemap,0.11677985886732738,0.021933349677258067,0.02055793172783322,0.0855311362279786,0.8513175381554497,0.3156489034493764,43.23086802164713,-19.926003138224285,-9.568296538458931,-14.61616071065267,-21.023238076104057,0.9683358147846907,0.6837597528398572,0.15445884503028579,51334_1371
417,102.6691479,2.742605172,Healthy,Palong_Basemap,0.15500961244106293,0.02094189077615738,0.021430201414558623,0.05794969201087952,0.7870099345842997,0.26974675224887,40.69347127278646,-18.929916381835938,-12.032654762268066,-11.887775421142578,-17.524776034884983,0.7673706815620212,0.7619583761065839,0.45576745604034635,51334_1371
419,102.6692882,2.742567592,Unhealthy,Palong_Basemap,0.12341387818257014,0.017612004445658788,0.021701707401209407,0.06783560580677456,0.8425131969981723,0.35693130559391445,43.48461786905924,-17.922915988498264,-12.200860871209038,-12.920070754157173,-17.082046932644314,0.7812817588692452,0.7502301830354449,0.29060612983871936,51334_1371
423,102.6691454,2.742528342,Healthy,Palong_Basemap,0.18826251559787327,0.02077827685409122,0.0232454641825623,0.0638849027454853,0.7776781320571899,0.2508640107181337,39.63704299926758,-17.992745717366535,-11.00716061062283,-11.45909923977322,-19.175450219048393,0.6568530664539212,0.801203615711839,0.4932733940706794,51334_1371
424,102.6691412,2.742441491,Healthy,Palong_Basemap,0.17361047863960266,0.021755787440472178,0.02277550453113185,0.0716625228524208,0.7857377661599053,0.2840445240338643,39.99619377983941,-16.96660614013672,-10.80631160736084,-11.377539740668404,-19.72893312242296,0.7255025892605553,0.777282046926616,0.415650948808148,51334_1371
425,102.6691379,2.742368002,Healthy,Palong_Basemap,0.15404958526293436,0.021376906169785395,0.022578359478049807,0.08063231160243352,0.8127965264850192,0.31827094819810653,41.5993766784668,-15.929553349812826,-10.585524559020996,-11.769156350029839,-20.191363440619575,0.7795326814502992,0.7562864537140451,0.31283739666813243,51334_1371
427,102.6692147,2.742321236,Healthy,Palong_Basemap,0.1373130256930987,0.022453426693876583,0.019994302756256528,0.09489190661244923,0.8472820056809319,0.4039488501018948,43.66672854953342,-16.29381201002333,-10.68982325659858,-12.805194112989637,-19.763646019829643,0.8883027486949938,0.718921884307834,0.18268827737401133,51334_1371
428,102.6692114,2.742401406,Healthy,Palong_Basemap,0.14940655479828516,0.021754950284957886,0.022572491731908586,0.08452566961447398,0.82702546649509,0.40509192811118233,42.03855768839518,-16.75814225938585,-11.1972320344713,-12.370440800984701,-19.185663011338974,0.8076497872478334,0.7457962259168317,0.2773490712820001,51334_1371
429,102.6692815,2.742365496,Healthy,Palong_Basemap,0.14010659439696205,0.02242322038445208,0.020399182207054563,0.1033906489610672,0.848585824171702,0.4414207835992177,43.02727974785699,-16.89647716946072,-10.708436542087131,-12.883608394198948,-19.739561716715496,0.8735516244747974,0.7240725289128151,0.15078587720152994,51334_1371
430,102.6692815,2.742297853,Healthy,Palong_Basemap,0.13940229432450402,0.021922415536310937,0.020319732113016978,0.09655332730876075,0.8562795321146647,0.43409719069798786,43.91180504692925,-16.712154176500107,-10.449179225497776,-13.101100391811794,-19.947345733642578,0.8615318153238628,0.7282199911566579,0.18159756787800332,51334_1371
431,102.6693492,2.742322906,Healthy,Palong_Basemap,0.1585972954829534,0.02485914280017217,0.023253207198447652,0.10531818038887447,0.846910728348626,0.43354294697443646,42.42352167765299,-17.526689953274197,-10.437716801961264,-12.854565832349989,-20.02225112915039,0.8588080625071638,0.7289913285920504,0.2018794650752283,51334_1371
432,102.6693467,2.742396395,Healthy,Palong_Basemap,0.15142732775873607,0.024747178165449038,0.022887704480025504,0.1052200918396314,0.8475981752077738,0.4123731421099769,42.13586892022027,-18.017507129245335,-10.806531694200304,-12.77308209737142,-19.244635264078777,0.884580520007867,0.7190606207676982,0.1800416929631137,51334_1371
433,102.6693525,2.742473225,Healthy,Palong_Basemap,0.12810366186830732,0.022114618370930355,0.02188915138443311,0.095551578534974,0.8527451621161567,0.39443586270014447,42.72213660346137,-18.208877351548935,-11.295335345798069,-12.933583365546333,-18.368852615356445,0.9109004202785453,0.7055668812649085,0.1455458109304187,51334_1371
435,102.6694118,2.742361321,Healthy,Palong_Basemap,0.1740297493007448,0.026188478494683903,0.023737072116798826,0.10122075511349572,0.8347279032071432,0.4030873311890496,41.47911665174696,-18.049265967475044,-10.147697660658094,-12.64247555202908,-20.525008095635307,0.8375496256263576,0.7384006562934744,0.2645190218350139,51334_1371
437,102.6694778,2.742319565,Healthy,Palong_Basemap,0.18209678265783522,0.02648097566432423,0.02398683089349005,0.0969554955760638,0.8169411487049527,0.35896168152491253,40.17642508612739,-18.36482916937934,-9.703240712483725,-12.236987643771702,-21.02110693189833,0.817801321604373,0.746080542073686,0.305108733104149,51334_1371
439,102.6695462,2.742357145,Healthy,Palong_Basemap,0.1718184236023161,0.023291139552990597,0.021732350604401693,0.09098108361164729,0.8010385168923272,0.2641841504308913,38.67680994669596,-18.92872365315755,-9.529257032606337,-12.087607065836588,-21.07671356201172,0.7759411453503186,0.7612506616659185,0.307600805068685,51334_1371
441,102.6695496,2.742282821,Healthy,Palong_Basemap,0.15505646417538324,0.02299046040409141,0.022500367421242926,0.0983098331424925,0.8028918902079264,0.2819105585416158,38.45736609564887,-19.191520267062717,-9.49262523651123,-11.89208730061849,-21.07671356201172,0.8227857766935949,0.7417483008101139,0.22397071604869326,51334_1371
442,102.669689,2.742358815,Healthy,Palong_Basemap,0.13055821508169174,0.023365853561295405,0.027771418086356588,0.09075733025868733,0.767941587501102,0.21490276522106594,34.87026129828559,-20.764037874009873,-9.989392280578613,-11.60480096605089,-20.50978724161784,0.9115654283027051,0.6963976619473284,0.17983772790018618,51334_1371
443,102.669755,2.74231372,Healthy,Palong_Basemap,0.12925705148114097,0.02220006597538789,0.024873737038837537,0.08497283235192299,0.7862892746925354,0.2660018304983775,35.218410915798614,-20.95355775621202,-10.579677687750923,-12.442353884379068,-19.5302791595459,0.8945736381112762,0.7068468441998477,0.20671354685383633,51334_1371
444,102.6698268,2.74235297,Healthy,Palong_Basemap,0.12098442100816303,0.01864471183054977,0.018972918598188296,0.08134453040030268,0.7794975505934821,0.346098436249627,36.4767337375217,-19.466784795125324,-11.265969064500597,-11.608759138319227,-19.352787441677517,0.8415256329354314,0.7329395169690484,0.19591803512011763,51334_1371
445,102.6697475,2.742398901,Healthy,Palong_Basemap,0.16757548766003716,0.024558855013714895,0.02658779712186919,0.10086912040909131,0.7730349633428786,0.31224503450923496,36.45455127292209,-19.315312915378147,-10.431237432691786,-11.236718813578287,-20.37135336134169,0.8075881153959314,0.7443574670519332,0.24849211064715435,51334_1371
446,102.6696247,2.742391385,Healthy,Palong_Basemap,0.1894167827235328,0.028158801918228466,0.02940557048552566,0.09675169073873097,0.7806585099962022,0.18684214850266775,36.88941955566406,-20.402061886257595,-9.319748984442818,-11.731563144259983,-21.05807007683648,0.8187484572026812,0.7411584395869416,0.3238130701948945,51334_1371
447,102.6696916,2.742430635,Healthy,Palong_Basemap,0.2218584352069431,0.028739005534185305,0.029771162817875545,0.11546684884362751,0.7702329026328193,0.23024537828233507,35.99699486626519,-20.302385542127823,-9.75161329905192,-11.325564914279514,-20.880644268459744,0.7437928977159826,0.7706360811252403,0.3153976040152559,51334_1371
448,102.6697575,2.742468214,Healthy,Palong_Basemap,0.19431704779465994,0.026970164022511907,0.027887449082401063,0.11310893711116579,0.7895852128664652,0.35747532546520233,38.57911597357856,-18.10111469692654,-9.86860434214274,-11.315372361077202,-20.58291901482476,0.7813338969541546,0.7562429044043021,0.2641549988312496,51334_1371
449,102.6698252,2.742430635,Healthy,Palong_Basemap,0.15827727483378518,0.020978103909227584,0.02202800888982084,0.10720734215444988,0.7853830854098002,0.39915391471650863,38.189587910970054,-17.85336208343506,-10.975543869866264,-11.308346536424425,-19.61562940809462,0.7550783093798378,0.7659417077877191,0.19236494098487997,51334_1371
450,102.6699104,2.742383034,Healthy,Palong_Basemap,0.17409228864643309,0.02913666620022721,0.029372262871927686,0.10262470775180393,0.8214246696896024,0.44073616133795845,41.66173129611545,-17.436912218729656,-10.469669659932455,-12.091858757866753,-19.191999647352432,0.8905601516749391,0.713262647813041,0.258269574420274,51334_1371
451,102.669897,2.742471555,Healthy,Palong_Basemap,0.15774505502647823,0.02406601897544331,0.02623462470041381,0.10735317567984264,0.8500416146384345,0.4631435241964128,44.03141318427192,-16.200494872199165,-10.18243662516276,-12.916506661309135,-19.22299363878038,0.8294633021104831,0.7352634419266567,0.19008757324548253,51334_1371
452,102.6699663,2.742418108,Healthy,Palong_Basemap,0.17627177966965568,0.03284067639874087,0.033681663788027234,0.10309824430280262,0.838455491595798,0.38947442173957825,42.46967315673828,-18.387781778971355,-9.951352755228678,-12.778241263495552,-19.81516393025716,0.9531648934001533,0.6859041587843113,0.26192336001684585,51334_1371
453,102.6699663,2.742497443,Healthy,Palong_Basemap,0.14254165275229347,0.024739096148146525,0.02579231249789397,0.10554087658723195,0.8853606184323629,0.4101049072212643,46.05745612250434,-16.684429062737358,-10.144784079657661,-14.463678677876791,-20.149496926201714,0.9086396802388691,0.704220643310601,0.1491470449917185,51334_1371
454,102.6700147,2.742504959,Healthy,Palong_Basemap,0.14254165275229347,0.024739096148146525,0.02579231249789397,0.10554087658723195,0.8842023809750875,0.36883512801594204,45.173795488145615,-17.46191194322374,-10.551159434848362,-14.524547047085232,-20.609071095784504,0.9086396802388691,0.704220643310601,0.1491470449917185,51335_1371
455,102.6699705,2.742580954,Healthy,Palong_Basemap,0.10927212900585598,0.01982095640980535,0.02140469818065564,0.09518758041991128,0.8930666049321493,0.40761438343260026,46.8551402621799,-16.638238800896538,-10.431612014770508,-15.13792249891493,-20.669218911064995,0.9310053096490903,0.6929199368659491,0.06888667026624307,51334_1371
457,102.669897,2.742624379,Healthy,Palong_Basemap,0.14038248939646614,0.024447157979011536,0.025431100693013933,0.11410972724358241,0.8958107233047485,0.4122418264547984,47.70142703586154,-16.470728662278916,-9.880022048950195,-16.38573455810547,-20.9633854760064,0.9108992185356309,0.7033645540316962,0.10323601444378819,51334_1371
458,102.6699087,2.742701209,Healthy,Palong_Basemap,0.1115199046002494,0.019706190149817202,0.018544773778153792,0.08550701083408462,0.8940716783205668,0.3759218454360962,46.785621643066406,-17.285656717088486,-10.009232521057129,-17.056355476379395,-21.055759853786892,0.9302115721634677,0.6996604953100275,0.13202710761025171,51334_1371
459,102.6698327,2.742722922,Healthy,Palong_Basemap,0.11737572815683153,0.032703118605746165,0.034396127694182925,0.11320304705037011,0.9013276961114671,0.35922108425034416,48.00110880533854,-16.246072239345974,-8.665838559468588,-19.017507976955837,-20.837374793158638,1.2046562577132036,0.5641875012874803,0.01809655334803381,51334_1371
460,102.6698369,2.742664464,Healthy,Palong_Basemap,0.12873403479655585,0.03105884003970358,0.03267053390542666,0.12729158418046105,0.8848734100659689,0.405005372232861,47.08546574910482,-15.720374319288466,-8.531353526645237,-16.900768703884548,-20.991308212280273,1.1116151598879056,0.6112612646649016,0.005634008900586956,51334_1371
461,102.6698327,2.742584294,Healthy,Palong_Basemap,0.1520263734791014,0.025730019228325948,0.027094994361201923,0.11653923491636912,0.8601275814904107,0.4456385572751363,45.47524770100912,-15.468649970160591,-8.83041763305664,-14.485603332519531,-20.801393508911133,0.8927005743104693,0.7105024597267174,0.13213582623161654,51334_1371
462,102.6697759,2.74255256,Healthy,Palong_Basemap,0.1621357666121589,0.027251009311940935,0.0274538720647494,0.12072798361380895,0.8141815265019735,0.39009201526641846,41.18553712632921,-17.341077592637802,-9.126690334743923,-12.058970875210232,-20.816325505574543,0.8931402117806906,0.7122184568698474,0.1463877324870049,51334_1371
464,102.6696882,2.742506629,Healthy,Palong_Basemap,0.21666096647580466,0.02992281172838476,0.03064116111232175,0.12036889129214817,0.81055838531918,0.29660606880982715,40.58994589911567,-19.276857376098633,-8.657223595513237,-12.106105592515734,-21.044585757785374,0.7793724453873258,0.7573010524349539,0.2857078474333695,51334_1371
465,102.6696239,2.74247406,Healthy,Palong_Basemap,0.2210473914941152,0.0315391274376048,0.029732214907805126,0.1046884258588155,0.8007807599173652,0.19967224366135067,39.09171337551541,-20.33582814534505,-8.872756322224935,-12.226628091600206,-21.073322931925457,0.8039085542549189,0.750270698761001,0.3572188240792267,51334_1371
466,102.6695546,2.742510805,Healthy,Palong_Basemap,0.12570317172341877,0.026927968487143517,0.02187892732520898,0.08036647240320842,0.8446592622333102,0.19714049498240152,43.53278944227431,-20.17130682203505,-8.45969427956475,-14.84043714735243,-21.07671356201172,1.0694293498405751,0.6471497434927757,0.22000668517849004,51334_1371
467,102.6696206,2.742553395,Healthy,Palong_Basemap,0.17782745510339737,0.030406077702840168,0.028936338300506275,0.10549499177270466,0.8452284203635322,0.23516906797885895,43.93191613091363,-20.204323450724285,-8.033347500695122,-14.68381373087565,-21.076186921861435,0.909082534154911,0.7079617553131252,0.255300856420755,51334_1371
468,102.6696916,2.742584294,Healthy,Palong_Basemap,0.17558634446726906,0.028339688976605732,0.029067283496260643,0.11938510504033831,0.8372306492593553,0.3078986638122135,43.279070960150825,-19.05247476365831,-8.178756131066216,-13.45153840382894,-21.07141325208876,0.867542586201593,0.7220591358738365,0.19053111587832272,51334_1371
469,102.6697667,2.742621039,Healthy,Palong_Basemap,0.1547492759095298,0.02916478676100572,0.028888010730346043,0.12441704587803946,0.8709693683518304,0.3621281087398529,46.05311075846354,-16.60795678032769,-8.221907085842556,-16.425160196092392,-21.00722164577908,0.9642572289938579,0.6828433199993884,0.10865289852037222,51334_1371
470,102.6697584,2.742698704,Healthy,Palong_Basemap,0.13375333779388004,0.03404330979618761,0.03512978698644373,0.12889125363694298,0.8902941743532816,0.3280415137608846,47.52565002441406,-16.4337830013699,-8.376984808180067,-18.883096271091038,-20.71598392062717,1.1492879780515879,0.5942313474658152,0.018512028480958342,51334_1371
471,102.6696957,2.742669475,Healthy,Palong_Basemap,0.12635497169362175,0.03172513138916758,0.032554547819826335,0.11492816358804703,0.8790443274709914,0.28817813595136005,47.203514946831596,-17.075185139973957,-8.224561903211805,-18.91577868991428,-20.7801570892334,1.1413981813505274,0.5986195508418594,0.04735850308076988,51334_1371
472,102.6696314,2.742702879,Healthy,Palong_Basemap,0.12710131456454596,0.029475725773308013,0.028368437248799536,0.09248873839775722,0.8769573105706109,0.24441340565681458,47.2365591261122,-17.842348522610134,-8.11860450108846,-19.49279721577962,-20.95216857062446,1.0997317545625513,0.6234987491179194,0.1576236068066829,51334_1371
473,102.6696281,2.74262772,Healthy,Palong_Basemap,0.15254665414492288,0.029853492354353268,0.02857118079231845,0.0984678500228458,0.8634700973828634,0.2415505035056008,45.92147233751085,-18.96440993414985,-7.947607782151964,-17.302313168843586,-21.059046215481228,0.9917081602550043,0.6726593379740323,0.21544095350734324,51334_1371
474,102.6695613,2.74259515,Healthy,Palong_Basemap,0.15560346593459448,0.029830558846394222,0.02743654532565011,0.0903975988427798,0.8629569941096835,0.198497141400973,45.579488118489586,-19.95600912306044,-8.145354959699842,-16.74280791812473,-21.07671356201172,0.9832853757237185,0.6782622942944122,0.2650633530827381,51334_1371
475,102.6694853,2.742553395,Healthy,Palong_Basemap,0.10573070247968037,0.02518013885451688,0.022819673642516136,0.07828536008795102,0.8988935152689616,0.2406580928299162,47.393358866373696,-19.465037239922417,-9.094625155131022,-17.959690517849392,-20.634619183010525,1.1259313323294775,0.6153085779926283,0.14914644954780712,51334_1371
476,102.6694176,2.742594315,Healthy,Palong_Basemap,0.10873041053613026,0.0211627133604553,0.0210946107076274,0.07601048590408431,0.895978119638231,0.29191605415609145,46.56323666042752,-19.191891776190865,-10.034525871276855,-16.180036862691242,-19.538650936550564,0.9834520263251912,0.6741519069584623,0.1771125141348153,51334_1371
477,102.6694861,2.74263106,Healthy,Palong_Basemap,0.11586888217263752,0.027622696840100817,0.02575932712190681,0.0787240784201357,0.9023361735873752,0.21897367305225796,47.989356994628906,-18.69702763027615,-8.746550877888998,-19.12583276960585,-20.93286853366428,1.1224540587554188,0.6149920848296102,0.19088462213304389,51334_1371
478,102.669426,2.742674486,Healthy,Palong_Basemap,0.1448986820048756,0.02679995157652431,0.02596527234547668,0.08772267773747444,0.8984394470850626,0.23831847475634682,47.2991451687283,-18.156780666775173,-9.023097144232857,-17.228960884941948,-20.74096934000651,0.9551631830480595,0.6878256859997801,0.2457900011019149,51334_1371
479,102.669345,2.742639411,Healthy,Palong_Basemap,0.13012601683537164,0.02085736787153615,0.02254310001929601,0.07958632997340626,0.8853781090842353,0.29775798155201805,45.61831919352213,-18.807284461127388,-10.450614505343967,-14.528207567003038,-18.929591284857857,0.8583991969620486,0.7237130706531063,0.2409952853565127,51334_1371
480,102.669289,2.742676156,Healthy,Palong_Basemap,0.14661510537068048,0.023708041550384626,0.024735782916347187,0.08884760157929526,0.8803445895512899,0.26583872238794964,44.89392768012153,-18.12115732828776,-10.314493073357475,-14.495830853780111,-18.98892550998264,0.8669696855969581,0.7216110437253497,0.24533610667976385,51334_1371
481,102.6690076,2.742793071,Healthy,Palong_Basemap,0.10878245035807292,0.03000333656867345,0.028493595413035817,0.07370885668529405,0.8754402266608344,0.16195624652836058,43.06821314493815,-21.07671356201172,-9.012324545118544,-17.64411555396186,-21.05626466539171,1.216663547002139,0.5676309911401843,0.19219322959007595,51334_1371
482,102.6690844,2.742798081,Healthy,Palong_Basemap,0.1016114925344785,0.029890725596083537,0.027887882250878546,0.07288526164160834,0.8755680322647095,0.1336240213778284,42.55748833550347,-21.07671356201172,-9.010222329033745,-17.696570184495712,-21.072692659166123,1.2633387641549225,0.5453958720847353,0.16462329645330917,51334_1371
483,102.669173,2.742794741,Healthy,Palong_Basemap,0.11976650688383314,0.0322834826591942,0.030792409968045022,0.0869139896498786,0.8900102972984314,0.11086038955383831,43.38581848144531,-20.543941709730362,-9.122838444179958,-15.93063121371799,-20.852514266967773,1.2005429503324072,0.5753569894188177,0.1589531561271237,51334_1371
484,102.6692498,2.742814783,Healthy,Palong_Basemap,0.14253563930590948,0.033396336974369153,0.03150383196771145,0.09448040814863311,0.896631552113427,0.13864536790384185,44.6822632683648,-19.053291214836968,-9.083189010620117,-15.1662564807468,-20.79175313313802,1.1093647633636106,0.6203494364075672,0.20275096000195056,51334_1371
487,102.6693124,2.742787225,Healthy,Palong_Basemap,0.16926986972490946,0.032025052027569875,0.03168765745229191,0.1020705873767535,0.895161509513855,0.17669654306438234,45.81743452284071,-17.385165532430012,-8.97246159447564,-14.991130616929796,-20.884462780422634,0.9667661834082788,0.681809637831309,0.24765670061128575,51334_1371
488,102.6693943,2.742778874,Healthy,Palong_Basemap,0.1596747355328666,0.02897160334719552,0.028008466793431178,0.09550608032279545,0.891382720735338,0.22283468312687343,47.23440466986762,-17.358187357584637,-8.875641716851128,-16.783405939737957,-21.00789515177409,0.9435989708991033,0.6928474359036978,0.2514634769659443,51334_1371
489,102.6694744,2.742768853,Healthy,Palong_Basemap,0.13423367589712143,0.02907522726390097,0.02634658229847749,0.0846163895395067,0.8895528051588271,0.2249824735853407,47.53573905097114,-17.749523374769424,-8.797635820176867,-17.967316415574814,-21.07553842332628,1.0634163589333145,0.6439235497744685,0.22671817007969905,51334_1371
490,102.6694953,2.74271123,Healthy,Palong_Basemap,0.1249071252014902,0.028107476110259693,0.026277049755056698,0.08072547904319233,0.8931044936180115,0.2109740542040931,48.30641513400607,-17.66931978861491,-8.374627166324192,-20.71019723680284,-21.07671356201172,1.0841887906794527,0.6326170722362123,0.2148572028282347,51334_1371
491,102.6695454,2.742775533,Healthy,Palong_Basemap,0.12172845585478677,0.03014182589120335,0.026124636953075726,0.07457171546088324,0.8900686502456665,0.22590422630310059,47.86278364393446,-17.657822714911568,-8.649992201063368,-19.763782925075954,-21.07671356201172,1.1585393420287997,0.6030582738811676,0.24022770880862268,51334_1371
492,102.6696214,2.742781379,Healthy,Palong_Basemap,0.10186923378043705,0.030361913972430758,0.02573911204106278,0.06902018727527724,0.8853719234466553,0.24798372222317588,47.704036712646484,-17.250831604003906,-8.587984138064915,-20.365630255805122,-20.857195536295574,1.2897175608495548,0.5407751579200479,0.19222399082533134,51334_1371
494,102.6697575,2.742769688,Healthy,Palong_Basemap,0.1241925060749054,0.03651033528149128,0.037747718600763217,0.11153870738214916,0.8988989856508043,0.3017738262812297,48.154201931423614,-16.84354591369629,-8.794031884935167,-19.987847010294598,-20.425703048706055,1.24311188870497,0.5456168046149109,0.05367892739864719,51334_1371
497,102.6696417,2.74287512,Healthy,Palong_Basemap,0.10263066490491231,0.026447670741213694,0.021803325456049707,0.062146042784055076,0.8788299626774259,0.2585679358906216,45.71044582790799,-18.8060359954834,-10.19692293802897,-17.0317415661282,-20.940983454386394,1.1931549266568617,0.5902074409493293,0.2456938404017395,51334_1371
498,102.6695776,2.742864055,Healthy,Palong_Basemap,0.10785154667165545,0.02666876672042741,0.021618618733353086,0.06534771538443035,0.8780809044837952,0.25516460835933685,45.42155965169271,-19.300039927164715,-10.052447319030762,-16.565431276957195,-21.07671356201172,1.167074117284897,0.6034982963101394,0.24540422853222899,51334_1371
499,102.6695249,2.742935874,Healthy,Palong_Basemap,0.11624751074446572,0.023814595511390105,0.022050379775464535,0.06874427985813883,0.8620185785823398,0.2801758133702808,43.241971757676865,-19.64475335015191,-10.632172266642252,-14.984624226888021,-21.07671356201172,1.0246853901557964,0.6599423477484019,0.2567856158999635,51334_1371
500,102.6694982,2.742857791,Healthy,Palong_Basemap,0.1397951775126987,0.027689532687266667,0.0251826670848661,0.08387304966648419,0.8753018114301894,0.2637990117073059,45.37339358859592,-19.157807456122505,-9.753535482618544,-16.196803198920357,-21.07671356201172,1.0052612442522542,0.6693485315261645,0.25002267220285485,51334_1371
501,102.6694247,2.7428461,Healthy,Palong_Basemap,0.15036887261602613,0.02790469779736466,0.026847896890507802,0.0947322009338273,0.873074816332923,0.25710921982924145,45.81589211357964,-17.08615673912896,-9.318531778123644,-14.515582296583387,-21.04016219245063,0.9579936325258056,0.6869452074958989,0.22699481024868853,51334_1371
502,102.6694498,2.742925853,Healthy,Palong_Basemap,0.13593964278697968,0.025681136175990105,0.024532379168603156,0.08802333970864613,0.8598546451992459,0.29455943902333576,43.509991539849175,-18.788537979125977,-10.20531940460205,-14.197447141011557,-21.062858157687717,0.9698575487009129,0.6822050191717723,0.21394742356259427,51334_1371
503,102.6693688,2.742911238,Healthy,Palong_Basemap,0.16693552997377184,0.025624579646521144,0.02504059010081821,0.11487788872586356,0.8703437778684828,0.2858434468507767,44.90555953979492,-15.883196830749512,-9.972999466790093,-13.402443144056532,-20.724568684895832,0.8428261967882006,0.7338537073223529,0.18472378458100594,51334_1371
504,102.6693717,2.742978464,Healthy,Palong_Basemap,0.1656247874101003,0.02353825978934765,0.022599183229936495,0.11881223817666371,0.8623548878563775,0.34406164950794643,43.8537466261122,-16.00540033976237,-10.84831608666314,-13.031064457363552,-20.52823003133138,0.8002791585335604,0.7511325796678503,0.16457966095260337,51334_1371
505,102.6700987,2.742494103,Healthy,Palong_Basemap,0.10904685739013883,0.016299782424337335,0.015504306906627284,0.0784972794353962,0.8678054345978631,0.33978183733092415,43.97580252753364,-18.27514902750651,-10.73515542348226,-14.17605717976888,-20.906798044840496,0.8297655384978642,0.7399247008382129,0.16289273806070365,51335_1371
507,102.6700331,2.742621456,Healthy,Palong_Basemap,0.10136778073178397,0.015317577454778884,0.01586469728499651,0.06916685816314486,0.8751350508795844,0.3650984896553887,44.30255423651801,-17.551364686754013,-11.314640680948893,-14.466129938761393,-20.932459089491104,0.8287183422979112,0.7374550210440575,0.1888233544651243,51335_1371
508,102.6700381,2.74245527,Healthy,Palong_Basemap,0.13063349160883161,0.02821990495754613,0.02735330516265498,0.09293333813548088,0.8707797990904914,0.36126990450753105,44.242320166693794,-17.993862999810112,-10.16516833835178,-14.077082739935982,-20.43831910027398,1.0528508712090696,0.6447050479559082,0.1686303532436695,51335_1371
509,102.6700348,2.742380946,Healthy,Palong_Basemap,0.1383073627948761,0.0309221636917856,0.030350608854658075,0.08713608938786718,0.8501931230227152,0.34819651974572075,42.96372731526693,-19.014248106214737,-9.954665395948622,-13.532083617316353,-20.486031850179035,1.073209727503654,0.6345535636274109,0.2269805262098708,51335_1371
510,102.6701033,2.742423536,Healthy,Palong_Basemap,0.10428421282105976,0.020591674682994682,0.020218395834995642,0.07593080028891563,0.8552327553431193,0.3387496868769328,43.46651628282335,-18.803691228230793,-10.53644519382053,-13.994354989793566,-20.92551040649414,0.9942508069515428,0.6702057523743147,0.15733102388557155,51335_1371
511,102.6701642,2.742477818,Healthy,Palong_Basemap,0.09352448417080773,0.01601988708393441,0.015082439614666833,0.06570548936724663,0.8643384575843811,0.3273119181394577,43.61491987440321,-18.658522923787434,-11.259072621663412,-14.33314938015408,-21.07671356201172,0.9112129793049916,0.7075178413926783,0.17470953605925613,51335_1371
513,102.6702202,2.742438568,Healthy,Palong_Basemap,0.08276174010501967,0.014867046020097203,0.014254397298726771,0.06674136676722103,0.8688131968180338,0.3138083153300815,43.229561699761284,-19.28922674391005,-11.547366672092014,-14.96331787109375,-21.075001186794704,0.9383522908207504,0.6954372453009046,0.10715746095824617,51335_1371
515,102.6703337,2.742384286,Healthy,Palong_Basemap,0.06596469548013476,0.015410269300142923,0.015194240026175976,0.059655047953128815,0.8944026827812195,0.3509872323936886,45.33611043294271,-18.77391285366482,-12.099976221720377,-17.259764777289497,-21.07671356201172,1.1009352864417585,0.6212528179458503,0.05022815167870477,51335_1371
516,102.6702561,2.74237343,Healthy,Palong_Basemap,0.07316740519470638,0.01584583293232653,0.015209822398093011,0.06584080225891537,0.8779452840487162,0.3826357391145494,45.08349143134223,-18.148802015516495,-12.124155150519478,-15.943010224236382,-21.07671356201172,1.055782724470041,0.6439668241321013,0.05270626152225896,51335_1371
517,102.6701717,2.742380946,Healthy,Palong_Basemap,0.08906316839986378,0.016675168855322733,0.016068045360346634,0.06602296315961415,0.8581552306811014,0.3491300476921929,43.860192192925346,-18.432824240790474,-11.243203269110786,-14.377237425910103,-21.07671356201172,0.9633149645254865,0.6845955915671483,0.1485639303048407,51335_1371
518,102.6701099,2.742340861,Healthy,Palong_Basemap,0.09232194887267219,0.022102257029877767,0.02111150013903777,0.06989121147327954,0.8451807896296183,0.3243647383319007,42.711163414849175,-19.40474298265245,-10.506876203748915,-13.930306858486599,-21.014639324612087,1.1216717901820472,0.6136786468293032,0.13827939330911657,51335_1371
519,102.6701734,2.742304116,Healthy,Palong_Basemap,0.07259720232751635,0.016213140553898282,0.015163926097253958,0.06493412910236253,0.8573303951157464,0.3374148491356108,43.54129155476888,-18.882278866238064,-11.544757948981392,-14.799969249301487,-21.07671356201172,1.0791906151870292,0.6348817034622392,0.055718745288675396,51335_1371
521,102.6702686,2.742304116,Healthy,Palong_Basemap,0.06547849708133274,0.014036014779574342,0.01491611274994082,0.06385051293505563,0.8805142773522271,0.39433353808191085,45.605775621202255,-17.866106669108074,-12.327173974778917,-16.12184450361464,-21.07671356201172,1.035231835960338,0.6469571540820821,0.012587927071202501,51335_1371
522,102.6703479,2.7422966,Healthy,Palong_Basemap,0.06875521275732252,0.013847895794444613,0.015344218040506044,0.059293141381608114,0.8902801937527127,0.4074494308895535,46.31947750515408,-17.56527985466851,-12.507504357231987,-16.925651762220596,-21.07671356201172,0.9909472336155831,0.6647124778417709,0.07389451773388821,51335_1371
523,102.670044,2.742303281,Healthy,Palong_Basemap,0.11606889466444652,0.024352607420749135,0.02270221741249164,0.07705163003669845,0.819511804315779,0.2805920011467404,40.01405885484483,-20.758330239189995,-10.149846606784397,-13.10050498114692,-20.863872528076172,1.0391757859153705,0.6531498800522147,0.20203582549357452,51335_1371
524,102.6701099,2.742271547,Healthy,Palong_Basemap,0.08673949539661407,0.020572132224010095,0.01914146977166335,0.0671383146610525,0.8395602769321866,0.2948841518825955,41.657948387993706,-19.963694042629665,-10.695309744940865,-13.983683586120605,-21.06863170199924,1.119379702528535,0.6165908079087536,0.1273814640864458,51335_1371
525,102.6708632,2.742261526,Healthy,Palong_Basemap,0.22837639682822758,0.04501249765356382,0.042425101415978536,0.2066214465432697,0.8027067051993476,0.18853810512357289,36.83236440022787,-20.263932334052193,-8.693646060095894,-10.466777324676514,-18.634239938524033,0.9979865327635099,0.6707071972408755,0.05001162791140255,51335_1371
526,102.6709283,2.742301611,Healthy,Palong_Basemap,0.3283705943160587,0.05902960668835375,0.055213869652814336,0.243107913268937,0.743340379661984,0.25807130833466846,32.73766750759549,-18.40835687849257,-7.496253649393718,-7.064183023240831,-16.171754201253254,0.9413790601441343,0.695252575836008,0.14919665379443972,51335_1371
529,102.6707413,2.742391802,Healthy,Palong_Basemap,0.10273936432268885,0.02130239974293444,0.025650510771407023,0.10755771274367969,0.763979454835256,0.18300135764810774,33.17585245768229,-21.076613744099934,-9.01859548356798,-13.207308610280355,-19.843425538804794,0.9966345347426587,0.656528590940313,-0.022912103621250984,51335_1371
530,102.6707989,2.742444414,Healthy,Palong_Basemap,0.3381756204697821,0.027212281814879842,0.030632065195176337,0.4189430582854483,0.6322947939236959,0.2045972446600596,24.618207719590927,-20.46279631720649,-8.33986790974935,-7.246541102727254,-18.28116777208116,0.5143706673624588,0.8510499026118297,-0.10667738107908652,51335_1371
531,102.670945,2.742461951,Healthy,Palong_Basemap,0.8245806694030762,0.053225168130464025,0.051560855160156883,1.0215082665284474,0.5542482137680054,0.30642571714189315,20.095822440253365,-16.706300735473633,-6.995166407691108,-2.421052747302585,-14.137880113389757,0.4333450764456425,0.878731341591402,-0.10667286569593297,51335_1371
532,102.6709801,2.742611435,Healthy,Palong_Basemap,0.37091996934678817,0.034865257847640246,0.035246747442417674,0.35539911273452973,0.618345320224762,0.20556913647386763,24.18332650926378,-19.580016877916123,-7.79137823316786,-5.216087659200032,-17.425820138719345,0.5860972574372231,0.8281590579888958,0.021369198462722942,51335_1371
533,102.6708432,2.742543791,Healthy,Palong_Basemap,0.6179166825281249,0.034661104074782796,0.036523195190562144,0.7523666703038745,0.5481643676757812,0.2276271167728636,19.751741409301758,-19.560481601291233,-8.19506311416626,-4.203505754470825,-17.061262554592556,0.3831215229596009,0.8937717317801562,-0.09811838368894898,51335_1371
534,102.6707789,2.742507882,Healthy,Palong_Basemap,0.32811031076643205,0.024466092387835186,0.027485406026244164,0.3903329165445434,0.6425731115871005,0.1858208030462265,24.964958402845596,-20.62793731689453,-8.661970721350777,-7.623392581939697,-18.995704968770344,0.48384484319584653,0.8612153725039265,-0.08660754728108602,51335_1371
535,102.6707229,2.742466962,Healthy,Palong_Basemap,0.11159006257851918,0.02177384847568141,0.024817256670859125,0.12371128673354785,0.7375242312749227,0.16828489469157326,30.889149983723957,-21.074301189846462,-8.952872382269966,-12.008916431003147,-20.109391954210068,0.967968503924004,0.6734671575905977,-0.051513619409606394,51335_1371
536,102.6706678,2.742436898,Healthy,Palong_Basemap,0.1037892566786872,0.01894317256907622,0.022513560329874355,0.08978897788458401,0.8601682914627923,0.14116080519225863,39.69414350721571,-21.07671356201172,-9.7762418323093,-17.591388914320206,-20.95321273803711,0.9229925932455507,0.6913094169946704,0.07232362060584444,51335_1371
537,102.6706235,2.742487004,Healthy,Palong_Basemap,0.0957648903131485,0.018001765323181946,0.02547442675050762,0.07899076905515459,0.8789543509483337,0.13436755537986755,41.419826931423614,-21.07019551595052,-10.583978546990288,-17.46335580613878,-21.07671356201172,0.9158707355074093,0.6835317831487132,0.09598614041243675,51335_1371
538,102.6706928,2.742536275,Healthy,Palong_Basemap,0.10836189488569896,0.018324194786449272,0.02018584404140711,0.09947583244906531,0.8436516655815972,0.1469996612932947,37.69726265801324,-20.992928398980034,-9.9160459306505,-14.673061900668674,-21.045819600423176,0.8873910037885063,0.7107149674621646,0.04275480948808136,51335_1371
539,102.670763,2.742584712,Healthy,Palong_Basemap,0.10812160621086757,0.020441990345716476,0.020625810656282637,0.10613105197747548,0.7786824239624871,0.17007653415203094,33.44583320617676,-20.830268224080402,-9.612969292534721,-11.79963943693373,-20.95489353603787,0.964066352806259,0.6819941119690215,0.009290686287038982,51335_1371
541,102.6708841,2.742659036,Healthy,Palong_Basemap,0.1841204216082891,0.02525851171877649,0.024210637642277613,0.18501644333203635,0.6218178007337782,0.19906445344289145,24.37183125813802,-20.0434324476454,-8.391894022623697,-6.07955100801256,-18.400718371073406,0.78064357924443,0.7587291967017445,-0.0024273428336454663,51335_1371
542,102.6709567,2.742697451,Healthy,Palong_Basemap,0.20682445334063637,0.028707345119780965,0.02798707141644425,0.19252586861451468,0.7030189633369446,0.17678552038139767,29.752683215671116,-20.599057091606987,-7.882711834377712,-7.738308005862766,-19.320713467068142,0.7858937671313517,0.7562338053084122,0.035804615496785534,51335_1371
543,102.6710286,2.74272835,Healthy,Palong_Basemap,0.2547024231817987,0.04501751789616214,0.04052757430407736,0.22148246318101883,0.7549505829811096,0.18467501136991712,33.75598504808214,-21.048329459296333,-7.45596096250746,-9.13994057973226,-20.298903359307182,0.9347854387533774,0.6996027842908688,0.06976273492113466,51335_1371
544,102.6708816,2.742736701,Healthy,Palong_Basemap,0.11124236302243339,0.02256061736908224,0.01918319695525699,0.11906854146056706,0.7946348322762383,0.17729310360219744,36.02650176154243,-21.050418853759766,-8.65042331483629,-11.762017144097221,-20.868347379896377,1.0281300734929173,0.6627785524198564,-0.03398092876106668,51335_1371
545,102.6708181,2.742701627,Healthy,Palong_Basemap,0.1042087541686164,0.022237953833407827,0.01969556717409028,0.10457177294625176,0.8137086497412788,0.20075057943662009,37.19129965040419,-20.797081417507595,-9.427429729037815,-12.878068870968288,-20.918926239013672,1.0565589066706977,0.6482636173801878,-0.0017387578365277217,51335_1371
546,102.6707613,2.742655696,Healthy,Palong_Basemap,0.10318010714319018,0.020341927599575784,0.019749618238872953,0.09451800005303489,0.818894260459476,0.2024689664443334,37.10261429680718,-20.54712592230903,-9.867532094319662,-12.893976211547852,-21.07671356201172,0.9946327206978243,0.6706348362551223,0.04381482055140631,51335_1371
547,102.670692,2.742614775,Healthy,Palong_Basemap,0.09823847479290432,0.01828166904548804,0.018534752540290356,0.08996781292888853,0.8643713527255588,0.23352130254109701,41.01322682698568,-20.088505850897896,-10.575146145290798,-14.23287624782986,-21.07671356201172,0.9538061059299696,0.6862058620380042,0.04394466287035802,51335_1371
548,102.6706252,2.742578031,Healthy,Palong_Basemap,0.09740772263871299,0.016228588504923716,0.01647116978549295,0.09324941453006533,0.8619720670912001,0.20969168345133463,41.272121853298614,-20.315096113416885,-11.13513437906901,-14.527357631259495,-21.07671356201172,0.8871955392918168,0.7143767103736636,0.02181039834331792,51335_1371
549,102.6705576,2.74253544,Healthy,Palong_Basemap,0.0810997515088982,0.014820711790687509,0.01796070620831516,0.07163514900538656,0.8752322064505683,0.21568354053629768,43.207608964708115,-19.910351223415798,-11.65095435248481,-16.240661515129936,-21.07671356201172,0.9212428997088833,0.6909791449943609,0.061967516734175936,51335_1371
550,102.6710286,2.74233919,Healthy,Palong_Basemap,0.4241323967774709,0.05986410958899392,0.054781301567951836,0.34344711899757385,0.681846453083886,0.28194403813944924,27.64677980211046,-16.30026128556993,-6.567281881968181,-4.637470430798,-14.97644435034858,0.7999989020034217,0.752625860717817,0.10511650730859727,51335_1371
551,102.6710853,2.742323323,Healthy,Palong_Basemap,0.38064561949835884,0.051677394244405955,0.0463643152680662,0.3394527468416426,0.7010505464341905,0.26510270767741734,28.238516913519966,-16.807503170437283,-6.625113063388401,-5.17439619700114,-15.297907935248482,0.7794997212819725,0.7609315599601442,0.05720450785923129,51335_1371
552,102.6711279,2.742374265,Healthy,Palong_Basemap,0.33553140693240696,0.04120217760403951,0.03726181801822451,0.3034963260094325,0.715683294667138,0.24245842629008824,28.584991455078125,-17.778674655490452,-6.819856060875787,-5.846574279997084,-15.865500768025717,0.724119448783956,0.7812662353703512,0.050130971273339264,51335_1371
553,102.671224,2.742306621,Healthy,Palong_Basemap,0.287703318728341,0.047315921634435654,0.04477118576566378,0.29107965528964996,0.765457034111023,0.1878182672792011,30.715660730997723,-18.720138761732315,-6.988107522328694,-7.5325451956854925,-17.78181658850776,0.8862602371942239,0.7175331089450298,-0.00583351050890455,51335_1371
554,102.6712056,2.742367584,Healthy,Palong_Basemap,0.27559084196885425,0.0442713453537888,0.03953478940659099,0.2996886670589447,0.7236780391799079,0.2140876038206948,28.633994420369465,-19.042350980970596,-7.029937903086345,-6.52297306060791,-16.60153939988878,0.8773806203139908,0.7231848770599911,-0.04188889872127531,51335_1371
555,102.6713175,2.742327499,Healthy,Palong_Basemap,0.2147468411260181,0.0454978131585651,0.04061576020386484,0.28791452944278717,0.7408004204432169,0.17163777185810936,29.744165632459854,-20.87460157606337,-7.240024407704671,-7.921005619896783,-17.7112979888916,1.0508845357629824,0.6503458387367124,-0.14556059526510548,51335_1371
557,102.6712899,2.742399318,Healthy,Palong_Basemap,0.2868211683299806,0.04318064120080736,0.03822345948881573,0.2956305725706948,0.7143861055374146,0.16740765505366856,28.72049988640679,-20.998369640774197,-7.0330878893534345,-7.464770211113824,-17.891143798828125,0.8396698273522283,0.738300579247104,-0.015124693810841309,51335_1371
558,102.671219,2.742449424,Healthy,Palong_Basemap,0.35159121619330513,0.046198197123077184,0.0392919240726365,0.3025153825680415,0.6581188241640726,0.2158373627397749,25.682952033148872,-20.531530804104275,-6.748012065887451,-5.371288935343425,-16.50480079650879,0.764744936608457,0.7677253562988446,0.07502727188228404,51335_1371
559,102.6711355,2.742446084,Healthy,Palong_Basemap,0.3784211377302806,0.044965628534555435,0.039210368361737996,0.31082593897978467,0.6314183009995354,0.2494567566447788,24.20719316270616,-19.54134029812283,-6.703439553578694,-4.377784013748169,-15.537562794155544,0.708730140162481,0.7875907698710232,0.09807107064297368,51335_1371
560,102.6710277,2.74241101,Healthy,Palong_Basemap,0.4566410647498237,0.05295909899804327,0.050715047038263746,0.44027507967419094,0.6191568308406405,0.29931463135613334,23.75772942437066,-16.546446376376682,-6.601727485656738,-3.355005661646525,-14.298897955152723,0.6908373385695006,0.7921543093371309,0.01824695115298959,51335_1371
561,102.6710461,2.74248951,Healthy,Palong_Basemap,0.6063207172685199,0.046970936159292855,0.04550996546943983,0.6796885993745592,0.571283585495419,0.2973072628180186,20.937533696492512,-17.014551162719727,-6.7672900093926325,-2.6355341010623508,-14.19796413845486,0.5038633920309009,0.8562022462315662,-0.05705081693930054,51335_1371
562,102.6710762,2.742558823,Healthy,Palong_Basemap,0.41095304323567283,0.04813917353749275,0.04377155792382029,0.4317253530025482,0.6030528015560574,0.2135437230269114,22.779961268107098,-19.324720594618057,-6.702660613589817,-3.850204494264391,-16.0346835454305,0.698931629193493,0.7902853859041657,-0.024650340936239162,51335_1371
563,102.6711162,2.742615611,Healthy,Palong_Basemap,0.3561524897813797,0.04932971588439412,0.046799511545234256,0.3524563080734677,0.6769159634908041,0.1312536613808738,27.284826278686523,-20.715477837456596,-6.211472299363878,-5.617281940248278,-18.576055102878147,0.7867398967361579,0.7566861618334244,0.0052161103829099775,51335_1371
564,102.6711922,2.742575525,Healthy,Palong_Basemap,0.3237804025411606,0.05208314458529154,0.048311065468523234,0.31488210293981767,0.670997851424747,0.13138795519868532,26.744313769870335,-20.895310507880318,-6.117811838785808,-5.682984034220378,-18.56122801038954,0.8748732181271782,0.7228614214734201,0.013932710195099974,51335_1371
565,102.6711522,2.742512893,Healthy,Palong_Basemap,0.35939519438478684,0.04920345668991407,0.04293080419301987,0.31976267364290023,0.6188725564214919,0.22119427886274126,23.51312192281087,-20.027298821343315,-6.573138289981419,-4.22736832830641,-16.100864622328018,0.7861030184343384,0.7591599651124714,0.0583553877642347,51335_1371
566,102.6712465,2.742510387,Healthy,Palong_Basemap,0.3493674612707562,0.043085536195172205,0.03984163204828898,0.3214680850505829,0.6818194720480177,0.13886971688932842,27.27617009480794,-21.050377951727974,-6.351624912685818,-6.363876289791531,-18.677312427096897,0.725070826308077,0.7804295725940391,0.041588995057231404,51335_1371
567,102.6713208,2.742461116,Healthy,Palong_Basemap,0.2629877014292611,0.0426277621752686,0.038670490185419716,0.30158767931991154,0.6983471314112345,0.1462446136607064,28.23577944437663,-21.05471674601237,-6.6857583787706165,-7.2518098089430065,-18.629825803968643,0.8813905615917873,0.7210366146234704,-0.06836992757181436,51335_1371
568,102.6713885,2.742442744,Healthy,Palong_Basemap,0.19743646681308746,0.044163173685471215,0.0397303733560774,0.27257349756028915,0.7205787367290921,0.12223940756585863,30.18096817864312,-21.07671356201172,-6.474327087402344,-8.339921951293945,-19.475016276041668,1.0854463411472641,0.6344102698635045,-0.15986263365155534,51335_1371
570,102.6714987,2.742551307,Healthy,Palong_Basemap,0.1855836891465717,0.06096186447474691,0.0543450808359517,0.23248100611898634,0.7632972068256803,0.15690828031963772,34.97483105129666,-21.07671356201172,-5.970588419172499,-10.240014182196724,-18.802236980862087,1.3477726898041975,0.505471799597885,-0.11217717617275741,51335_1371
571,102.6715764,2.742540451,Healthy,Palong_Basemap,0.19103066292073992,0.06007114383909437,0.05317377092109786,0.21700159211953482,0.8036957648065355,0.25385330451859367,38.99299621582031,-20.994690153333877,-6.760597652859158,-10.853013568454319,-16.560919443766277,1.3189885412111229,0.5215395331938072,-0.06364920635068776,51335_1371
572,102.6715522,2.742603919,Healthy,Palong_Basemap,0.18288767668935987,0.06155220543344816,0.055246375087234706,0.21534076829751334,0.7735277613004049,0.20690042442745632,36.325995127360024,-21.07671356201172,-6.320501804351807,-10.216304885016548,-17.160577032301163,1.3631373577003514,0.49638164689897885,-0.08149365525414241,51335_1371
573,102.6715396,2.742676573,Healthy,Palong_Basemap,0.2616560177670585,0.054049997280041374,0.04904053939713372,0.26448631783326465,0.7444220383961996,0.11844667875104481,33.149775399102104,-21.06824408637153,-6.567554632822673,-8.817304187350803,-19.29295476277669,1.0324821836761737,0.6575928572537478,-0.005379342954747816,51335_1371
574,102.6715948,2.742661541,Healthy,Palong_Basemap,0.23165558609697554,0.05209018952316708,0.04900389495823118,0.18644276509682337,0.7712038821644254,0.1955880026022593,36.1338619656033,-21.050507439507378,-6.770717144012451,-9.641592555575901,-17.74050564236111,1.0828439550814297,0.6328390129557278,0.10813919947556769,51335_1371
575,102.6707764,2.742738371,Healthy,Palong_Basemap,0.09506591988934411,0.022272470303707652,0.018638267699215148,0.10788403617011176,0.86663642194536,0.2114716370900472,41.731772104899086,-20.870874404907227,-9.449848175048828,-15.408383793301052,-21.068377600775825,1.1259446700332194,0.6203719811212048,-0.0631590000296057,51335_1371
576,102.6707012,2.742704967,Healthy,Palong_Basemap,0.08578913741641575,0.018108505962623492,0.0188186334239112,0.08146154632170995,0.8859193921089172,0.2611699634128147,43.62837346394857,-19.752511554294163,-10.571010059780544,-15.314222971598307,-21.07671356201172,1.028711316687381,0.6514164253647204,0.02587487834418525,51335_1371
577,102.6708382,2.742774281,Healthy,Palong_Basemap,0.11124236302243339,0.02256061736908224,0.01918319695525699,0.11906854146056706,0.8306225472026401,0.18677710990111032,38.61937289767795,-21.040130403306748,-9.101130379570854,-13.48615190717909,-21.016817092895508,1.0281300734929173,0.6627785524198564,-0.03398092876106668,51335_1371
578,102.6706528,2.742757579,Healthy,Palong_Basemap,0.07231284057100613,0.01759314350783825,0.01977794762286875,0.0791046420733134,0.9042833513683743,0.26829839911725784,45.586619483100044,-19.721316231621635,-10.417630619472927,-16.702614784240723,-21.07671356201172,1.1058169574605679,0.6086324244577607,-0.04485480397439471,51335_1371
579,102.6705768,2.742725845,Healthy,Palong_Basemap,0.06669164821505547,0.018882978293630812,0.01947163066102399,0.07713509930504693,0.9092596239513822,0.2883326874838935,46.44635264078776,-18.482351726955837,-11.113206015692818,-17.68330012427436,-21.07671356201172,1.2189522979324112,0.5586781020489973,-0.07261132765678237,51335_1371
580,102.670621,2.742670728,Healthy,Palong_Basemap,0.0806006213857068,0.017576162599855,0.01849503070116043,0.08094330132007599,0.8954813215467665,0.2812829381889767,44.98685836791992,-19.00955687628852,-11.030054622226292,-16.09867286682129,-21.07671356201172,1.0473848741771605,0.6419486993495366,-0.0021212802600646813,51335_1371
581,102.6711747,2.742704132,Healthy,Palong_Basemap,0.3637905750009749,0.06013551106055578,0.053522234989537135,0.341363337304857,0.7251846657858955,0.08414544992976719,30.18414052327474,-21.07671356201172,-5.985297097100152,-6.946122487386067,-20.666534211900498,0.8949005899131175,0.7162924715520932,0.03180474121285307,51335_1371
582,102.6712098,2.742764259,Healthy,Palong_Basemap,0.30099421077304417,0.055413107905122966,0.051076321138275996,0.3052736570437749,0.7446364561716715,0.1076124654048019,31.666059705946182,-21.07671356201172,-6.435765637291802,-7.75166114171346,-20.979645623101128,0.9576754760602316,0.6890461839524652,-0.007058672408519842,51335_1371
583,102.6712657,2.742718329,Healthy,Palong_Basemap,0.23801706731319427,0.051592049499352775,0.051029424286550946,0.27885550094975364,0.7328615188598633,0.0660558549894227,30.135417302449543,-21.07671356201172,-5.947110652923584,-7.293520927429199,-21.013265397813583,1.052279974810441,0.6437125317933527,-0.0790106423596922,51335_1371
584,102.6712323,2.74265152,Healthy,Palong_Basemap,0.29079677164554596,0.05527917999360296,0.052659344755940966,0.30937225619951886,0.7196042802598741,0.07041102978918287,29.549868477715385,-21.075119230482315,-5.78071731991238,-7.039222452375624,-20.63725683424208,0.9740514079339991,0.680537294014337,-0.030950421784791276,51335_1371
585,102.6712891,2.742583041,Healthy,Palong_Basemap,0.3058229585488637,0.04728818146718873,0.04637636120120684,0.3111662268638611,0.7158549361758761,0.0983083409567674,29.70558950636122,-21.07671356201172,-5.858399762047662,-7.611186398400201,-20.222934934828018,0.8467458422635374,0.7321626190267517,-0.008660230100180901,51335_1371
586,102.6713501,2.742529595,Healthy,Palong_Basemap,0.2762712637583415,0.041631083107656904,0.03862013088332282,0.2975419345829222,0.7219552066591051,0.11606073048379686,30.653915617201065,-21.07671356201172,-6.070308261447483,-8.487553490532768,-19.972272449069553,0.836482949303298,0.7380888595628697,-0.03706898148398885,51335_1371
587,102.6713768,2.742593898,Healthy,Palong_Basemap,0.20606898764769235,0.04900497363673316,0.045334134664800435,0.25645556714799667,0.7282768686612447,0.12368196166223949,31.031758626302082,-21.07671356201172,-5.835588031344944,-8.524808247884115,-19.956983354356552,1.1219952062995733,0.615758712571299,-0.10893817199080723,51335_1371
588,102.6714353,2.742564669,Healthy,Palong_Basemap,0.19139552613099417,0.05529792192909452,0.05001166711250941,0.24075603981812796,0.7412031359142728,0.15411941872702706,32.733948389689125,-21.07671356201172,-5.83656374613444,-9.326164457533094,-19.030822330051,1.256760109444604,0.5516871456138125,-0.11422037446219754,51335_1371
589,102.6714837,2.742624797,Healthy,Palong_Basemap,0.2182846036222246,0.05729725584387779,0.05298074334859848,0.2570481515592999,0.748336394627889,0.15904918395810658,33.39905018276639,-21.07671356201172,-6.127163092295329,-9.257985326978895,-18.34526718987359,1.187939186896894,0.5841725144399386,-0.0815503402921852,51335_1371
590,102.6714177,2.742652355,Healthy,Palong_Basemap,0.22351115114159054,0.05387548191679849,0.050892414732111826,0.2628791448142793,0.7413513792885674,0.14634277837144005,32.12149132622613,-21.07671356201172,-5.947988881005181,-8.90769656499227,-19.050702836778427,1.1278261065347135,0.6115495449598117,-0.08093910178722118,51335_1371
591,102.6713593,2.742714153,Healthy,Palong_Basemap,0.24192649291621315,0.04830222328503927,0.04887873389654689,0.28513288994630176,0.7384316457642449,0.09033420599169201,30.284417470296223,-21.07671356201172,-6.137348175048828,-8.126350137922499,-20.42359987894694,0.9974396945386951,0.6671437346568753,-0.08197633594042121,51335_1371
592,102.6713225,2.74264818,Healthy,Palong_Basemap,0.23995828131834665,0.04811913768450419,0.04606384825375345,0.2802315884166294,0.730903598997328,0.08145451628499562,30.265426635742188,-21.07671356201172,-5.762332174513075,-7.741470124986437,-20.64646487765842,1.007044141899394,0.665929125225688,-0.07742039866866493,51335_1371
593,102.6714135,2.74276927,Healthy,Palong_Basemap,0.27305111289024353,0.04243356424073378,0.043812269965807595,0.2991432431671355,0.7371643251842923,0.09468057503302892,30.423036363389755,-21.07671356201172,-6.778920385572645,-8.320550971561008,-20.627855512830948,0.8450155125027626,0.7309944519231469,-0.04560011821276241,51335_1371
594,102.6714628,2.742714988,Healthy,Palong_Basemap,0.2501915047566096,0.05058709614806705,0.05011247760719723,0.2987704955869251,0.7403632269965278,0.11414297090636359,32.075593524509,-21.07671356201172,-6.372602409786648,-8.673219468858507,-19.47564697265625,1.0080168605113382,0.6636256968021524,-0.08849244720019828,51335_1371
595,102.6715188,2.742771775,Healthy,Palong_Basemap,0.28048888842264813,0.04271139825383822,0.041804689086145826,0.27903614275985295,0.7295730842484368,0.10531351715326309,31.963956197102863,-20.914263407389324,-6.976931307050917,-8.378303421868218,-20.42958026462131,0.8380609850535524,0.7356970274188461,0.0025963908347852644,51335_1371
596,102.6715689,2.742744217,Healthy,Palong_Basemap,0.28676210509406197,0.04440230317413807,0.04134515217608876,0.24821748501724666,0.7295730842484368,0.10531351715326309,31.963956197102863,-20.914263407389324,-6.976931307050917,-8.378303421868218,-20.42958026462131,0.8520228287823769,0.7318413327909442,0.07204876744698926,51335_1371
598,102.6716198,2.742397648,Healthy,Palong_Basemap,0.1765009413162867,0.05581644591357973,0.05392094122038947,0.22024369736512503,0.8221041361490885,0.18413636998997795,37.97710673014323,-20.87500826517741,-6.82240449057685,-10.699275758531359,-18.12128183576796,1.3054387799121105,0.5194811152180172,-0.11025418312952681,51335_1371
599,102.6716616,2.742444414,Healthy,Palong_Basemap,0.17087367011441124,0.044802421083052955,0.041727913750542536,0.17377101216051313,0.8425613111919827,0.2898316548930274,41.507932874891495,-19.89286783006456,-7.388096968332927,-11.35386159684923,-16.030485259162056,1.1860084293097943,0.5845397527903665,-0.00840675105438208,51335_1371
600,102.6717067,2.742502871,Healthy,Palong_Basemap,0.16276132315397263,0.04002335543433825,0.03750580135318968,0.14328855690028933,0.8502390649583604,0.3432152403725518,42.9500355190701,-18.657929314507378,-8.026218043433296,-11.488990253872341,-15.775272263420952,1.142244167311279,0.60526253055249,0.06362611954048412,51335_1371
601,102.6717718,2.742546297,Healthy,Palong_Basemap,0.15217854496505526,0.04190760809514257,0.03754784001244439,0.1398925698465771,0.8696801463762919,0.35369964440663654,44.11896769205729,-17.838521745469833,-8.380406273735893,-11.937660853068033,-15.779730902777779,1.2256302636595977,0.5681545804852498,0.042065012578877695,51335_1371
602,102.6716315,2.742591393,Healthy,Palong_Basemap,0.18861445950137246,0.05458085901207394,0.05049807081619898,0.18140332152446112,0.8108556866645813,0.2844243430429035,39.76639599270291,-20.421381420559353,-7.3314194149441185,-10.654733233981663,-16.39315923055013,1.2537443528358803,0.551135611115342,0.019488625538262645,51335_1371
604,102.6716357,2.742729185,Healthy,Palong_Basemap,0.28948546449343365,0.04513311551676856,0.041958084950844445,0.2002270585960812,0.7506141331460741,0.12435466547807057,34.292547437879776,-20.672181023491753,-7.103026866912842,-8.715571509467232,-20.217842525906033,0.8561929100270012,0.7302414258324059,0.18226694578736932,51335_1371
605,102.6716833,2.742773446,Healthy,Palong_Basemap,0.27552107638782924,0.04316586214635107,0.04246026691463259,0.1615178311864535,0.7506141331460741,0.12435466547807057,34.292547437879776,-20.672181023491753,-7.103026866912842,-8.715571509467232,-20.217842525906033,0.8541076825065226,0.7291017802932557,0.26085376662259485,51335_1371
606,102.6715856,2.74281019,Healthy,Palong_Basemap,0.27926790051990086,0.04115265442265405,0.04074745708041721,0.19828113251262242,0.7216689189275106,0.1155783658226331,32.404852549235024,-20.696625603569878,-7.30305200152927,-8.320102903578016,-20.931969324747723,0.818305552856124,0.743133492606104,0.16958838235520596,51335_1371
607,102.6714762,2.742818541,Healthy,Palong_Basemap,0.2777455167637931,0.033054879349139005,0.03554231011205249,0.2240531494220098,0.7232819530698988,0.14104963507917193,31.004117965698242,-20.95455042521159,-7.6177735858493385,-8.431342442830404,-20.96910858154297,0.6969971471825512,0.7872919097752488,0.1069998207645742,51335_1371
610,102.6719672,2.742697451,Healthy,Palong_Basemap,0.18853000634246403,0.04135271534323692,0.03755809677143892,0.1805727481842041,0.8287888831562467,0.2540981438424852,38.979612562391495,-19.589928944905598,-7.767565621270074,-10.195383495754665,-16.65957260131836,1.0713363025268494,0.6402277209874436,0.021558381942893372,51335_1371
611,102.672024,2.742745052,Healthy,Palong_Basemap,0.2253593454758326,0.04206659355097347,0.039326020826896034,0.22160618669456905,0.795687390698327,0.2400683214267095,35.48785103691949,-18.326453102959526,-7.753751436869304,-8.783030033111572,-16.684812121921116,0.9647788087044937,0.6853963104397527,0.008396975854130741,51336_1371
612,102.6720031,2.742815201,Healthy,Palong_Basemap,0.26844130125310683,0.04314967700176769,0.04005361431174808,0.22647119065125784,0.7777740160624186,0.24021701514720917,33.66822412278917,-17.83342530992296,-7.708366394042969,-8.151852077907986,-17.02611690097385,0.8743729142561499,0.7230364162439118,0.08480309405881628,51336_1371
613,102.6720825,2.742793488,Healthy,Palong_Basemap,0.26086072789298165,0.03814877404106988,0.04005903253952662,0.22821588814258575,0.7770285606384277,0.2470820728275511,32.818312327067055,-16.559987915886772,-7.8100708855523004,-8.085865179697672,-18.235599305894638,0.8090567040263688,0.7448323628893652,0.06674790550203251,51336_1371
614,102.6721167,2.742730855,Healthy,Palong_Basemap,0.24253094527456495,0.03372436761856079,0.0365241432769431,0.2189426455232832,0.7956190374162462,0.28273416724469924,34.5949338277181,-15.580055554707846,-7.8681493865119085,-8.50675704744127,-18.766394085354275,0.7786203857682783,0.7558463780089713,0.05111516719840803,51336_1371
615,102.6722036,2.742674068,Healthy,Palong_Basemap,0.2521732317076789,0.03192339465022087,0.033402262876431145,0.22035247584184012,0.8295172717836168,0.33868617481655544,38.11500464545356,-14.230543242560493,-7.808690706888835,-9.35232310824924,-19.575858645968967,0.7308840019091232,0.7752638244284932,0.06734185115738722,51336_1371
616,102.6721184,2.742658201,Healthy,Palong_Basemap,0.2536428603861067,0.035013572209411196,0.03559723372260729,0.22508645223246682,0.8427652054362826,0.2968616899516847,39.801405588785805,-15.39538542429606,-7.4573068088955345,-10.054518699645996,-18.82173686557346,0.7796663531674078,0.7574031391257838,0.059650427498247144,51336_1371
617,102.6720582,2.742602249,Healthy,Palong_Basemap,0.21990182830227745,0.03578158716360728,0.03510020011001163,0.18755641414059532,0.8693153924412198,0.24131486978795794,42.295528411865234,-17.592312071058487,-7.063418282402886,-11.713676770528158,-18.803012635972763,0.8765560289569427,0.720110222257403,0.079383384092953,51336_1371
620,102.6718553,2.742484499,Healthy,Palong_Basemap,0.14344126565588844,0.04515911183423466,0.04071021742290921,0.14169668157895407,0.8891401886940002,0.3408188323179881,44.889862060546875,-17.443316141764324,-8.50088225470649,-12.380655606587728,-15.598219871520996,1.3162578083946406,0.5211132402256234,0.006118386184135329,51335_1371
621,102.6717902,2.742447754,Healthy,Palong_Basemap,0.1377791307038731,0.043518981585899986,0.03887614525026745,0.14307752582761976,0.8826923304133945,0.3525446090433333,44.78548600938585,-17.382133060031467,-8.485089937845865,-12.102553049723307,-15.393660757276747,1.320291160445421,0.5199179844041337,-0.01886512212023199,51335_1371
622,102.6717317,2.742411845,Healthy,Palong_Basemap,0.14086198061704636,0.041888006031513214,0.03844157523579068,0.17384932272964054,0.8679267366727194,0.31799430979622734,42.49416054619683,-18.266667895846897,-8.167040612962511,-11.338189972771538,-15.646916389465332,1.273774512049057,0.5415812958491029,-0.10481778621168632,51335_1371
623,102.6716875,2.742352552,Healthy,Palong_Basemap,0.15920382572544944,0.04562542546126577,0.044724939184056386,0.23170110914442274,0.8560180068016052,0.3043890976243549,39.92726559109158,-18.259536743164062,-8.373855908711752,-10.605684174431694,-15.766991191440159,1.2365467807161177,0.5545028339758443,-0.18546013864753796,51335_1371
624,102.6717543,2.742360903,Healthy,Palong_Basemap,0.15315280854701996,0.03893392926288976,0.03675661815537347,0.19681931866539848,0.870332744386461,0.3401204016473558,41.37339740329318,-17.10752275254991,-8.860874705844456,-10.949546813964844,-15.309357113308376,1.1631734702131789,0.5946213704621396,-0.12477139384267244,51335_1371
625,102.6718278,2.742400153,Healthy,Palong_Basemap,0.14513713700903785,0.043376329044500984,0.03771036449405882,0.14483284453550974,0.8953174418873258,0.3295803169409434,44.484541998969185,-17.273147583007812,-8.581823348999023,-12.244301266140408,-15.38915008968777,1.2871306637244957,0.539806572415555,0.0010493930161573268,51335_1371
626,102.6718102,2.74229827,Healthy,Palong_Basemap,0.1684368136856291,0.03059308086004522,0.030852106917235587,0.17168982989258236,0.8544493251376681,0.3311389519108666,39.16725497775607,-17.067934460110134,-9.035484843783909,-10.405306604173449,-15.427300029330784,0.9396086746482349,0.6925780327635698,-0.009564132267707023,51335_1371
627,102.6718478,2.742342531,Healthy,Palong_Basemap,0.15642701586087546,0.03644228954282072,0.034253855960236654,0.14643282526069218,0.8840016457769606,0.32633528113365173,42.36522505018446,-17.018706639607746,-8.774903191460503,-11.475781228807238,-15.450314203898111,1.1061325197956569,0.6221037923422487,0.032999391940417816,51335_1371
629,102.6719188,2.742281568,Healthy,Palong_Basemap,0.21664797763029733,0.03452753027280172,0.03414937501980199,0.14597968922721016,0.8964576721191406,0.1882041030459934,42.64962895711263,-19.91554938422309,-7.182914627922906,-13.150683191087511,-17.290096282958984,0.8635865505051151,0.7250724757278317,0.19487836936296393,51335_1371
630,102.6719539,2.742205573,Healthy,Palong_Basemap,0.24844121601846483,0.037856114407380424,0.04033277370035648,0.13147709021965662,0.8501800232463412,0.1799146831035614,39.11039691501193,-20.68146472507053,-7.305485142601861,-12.625417921278212,-17.422936545477974,0.8308926369767263,0.7355468571706738,0.3078665172967438,51335_1371
631,102.6719973,2.742262361,Healthy,Palong_Basemap,0.2272561622990502,0.05151962157752779,0.05436723244686922,0.13670173618528578,0.8885283205244277,0.15381494247251087,42.59629694620768,-21.039514117770725,-6.430955410003662,-15.755418141682943,-18.64196226331923,1.071476488772807,0.6303866794948231,0.24880467353743033,51335_1371
632,102.6720524,2.742319983,Healthy,Palong_Basemap,0.17750304109520382,0.059713381032148995,0.06336564446489017,0.1347125925951534,0.9004322224193149,0.12877191023694146,44.84592522515191,-21.07671356201172,-5.92305056254069,-18.05930773417155,-20.1734553443061,1.3258758927068144,0.49654934935245704,0.13705415066590887,51336_1371
633,102.6720215,2.74237343,Healthy,Palong_Basemap,0.19735374881161583,0.055332879225413,0.059112808770603605,0.14211266405052608,0.9143624967998929,0.1308857947587967,45.250736236572266,-20.805585225423176,-6.3727838728162975,-15.721820301479763,-19.184425354003906,1.205731597224637,0.5620434713521564,0.16272916161376846,51336_1371
634,102.6719873,2.74233585,Healthy,Palong_Basemap,0.19735374881161583,0.055332879225413,0.059112808770603605,0.14211266405052608,0.9143624967998929,0.1308857947587967,45.250736236572266,-20.805585225423176,-6.3727838728162975,-15.721820301479763,-19.184425354003906,1.205731597224637,0.5620434713521564,0.16272916161376846,51335_1371
636,102.6719046,2.742418526,Healthy,Palong_Basemap,0.15610314243369633,0.042387823263804116,0.038609225716855794,0.14589206212096745,0.90481036901474,0.2767377843459447,44.828731536865234,-18.302928288777668,-7.991914855109321,-13.045348697238499,-16.123992178175186,1.213299205337734,0.5728992187140345,0.03381206111463464,51335_1371
637,102.6719246,2.742468632,Healthy,Palong_Basemap,0.1442926542626487,0.0430118048356639,0.040023605856630534,0.14442160063319737,0.8984472950299581,0.2519514295789931,44.911549462212456,-19.049571143256294,-7.475594255659315,-13.41588020324707,-17.31362311045329,1.27282164836371,0.5407284477612163,-0.00044662280563591674,51335_1371
638,102.6719747,2.742420196,Healthy,Palong_Basemap,0.16282612085342407,0.04464015944136514,0.0449595447215769,0.14980733725759718,0.9110389550526937,0.21637171920802858,45.30174001057943,-19.413895924886067,-7.254885726504856,-13.989147186279297,-17.44511604309082,1.2021614530617355,0.5696634713078593,0.041642323487986084,51335_1371
639,102.6720466,2.742444414,Healthy,Palong_Basemap,0.1739769313070509,0.04301932743853993,0.04075100107325448,0.1432272493839264,0.8996984958648682,0.1704001451532046,45.31877560085721,-20.0470576816135,-6.46474716398451,-13.906217787000868,-20.191077126397026,1.1442581526311772,0.6035016669206603,0.09693971200550187,51336_1371
640,102.6721334,2.742309127,Healthy,Palong_Basemap,0.17220103409555224,0.05633121439152294,0.058835561904642314,0.12287489490376578,0.8841200007332696,0.15174157338009941,44.75103251139323,-21.076224433051216,-5.932767444186741,-18.6057612101237,-20.81975767347548,1.3111754256980894,0.507017370507263,0.16716422569290787,51336_1371
641,102.6721443,2.742355893,Healthy,Palong_Basemap,0.180918726656172,0.05393323881758584,0.054729720370637044,0.12041736394166946,0.8912199603186713,0.11048975835243861,45.35453542073568,-21.061578538682724,-5.976446999443902,-16.77038139767117,-21.008264965481228,1.2560325027078514,0.5407043861967397,0.2007770214130996,51336_1371
642,102.6719948,2.74249619,Healthy,Palong_Basemap,0.1645653330617481,0.03835355738798777,0.03712698361939854,0.1497729089525011,0.8868721193737454,0.22982239060931736,44.077378590901695,-19.336414972941082,-7.083178255293104,-12.966176562839085,-18.401766883002388,1.1021159687646795,0.6219814005193552,0.04705893885026069,51335_1371
643,102.6721117,2.742396813,Healthy,Palong_Basemap,0.1943420155180825,0.04579635999268956,0.043969358421034284,0.12319054123428133,0.8934450083308749,0.1137539686428176,45.471490224202476,-20.980501174926758,-6.148465686374241,-14.594762484232584,-21.07671356201172,1.1105375370860557,0.6185835779451649,0.22407615462023486,51336_1371
644,102.6722152,2.742386791,Healthy,Palong_Basemap,0.22982460922665066,0.038362390258246,0.03603458528717359,0.11482279664940304,0.8658138712247213,0.14964746104346383,44.35177781846788,-19.289319144354927,-6.8302430046929254,-12.028497378031412,-20.86474566989475,0.8958361874305697,0.7139131253048943,0.33367961173224664,51336_1371
645,102.6722161,2.742315807,Healthy,Palong_Basemap,0.18205155266655815,0.04549225192103121,0.044487232342362404,0.11346151265833113,0.8380265037218729,0.15940273139211866,42.80723995632596,-20.476282543606228,-7.142191621992323,-13.29955662621392,-20.02120844523112,1.1461773927992085,0.6001451060952118,0.23210493225678064,51336_1371
646,102.6722871,2.742345036,Healthy,Palong_Basemap,0.25966813663641614,0.0328728204800023,0.03212381651004156,0.11175479325983259,0.8421709736188253,0.1425310191180971,42.92564053005643,-18.26409520043267,-7.526774618360731,-11.042368782891167,-19.95964283413357,0.735538215211325,0.7752600469757789,0.39823428084502177,51336_1371
647,102.6722687,2.742425206,Healthy,Palong_Basemap,0.25535379846890766,0.034490904667311244,0.03412893559369776,0.11294685718086031,0.8600383467144437,0.1889167254169782,43.85377417670356,-17.397790273030598,-7.306106143527561,-11.280116928948296,-20.529932022094727,0.7697476428867464,0.7620042436925163,0.38665948350487833,51336_1371
648,102.6722286,2.742477818,Healthy,Palong_Basemap,0.23588097757763332,0.03534359733263651,0.035442445841100484,0.12541035562753677,0.8780117233594259,0.225459523499012,44.76990424262153,-17.534365759955513,-6.86470275455051,-11.974578539530436,-20.99339951409234,0.8267251474386726,0.739377618386318,0.30576604473200164,51336_1371
649,102.6721802,2.742433557,Healthy,Palong_Basemap,0.22243854072358873,0.03692357987165451,0.03513917947808901,0.12914971758921942,0.8772468765576681,0.12758635729551315,44.94169023301866,-20.54094017876519,-6.409971449110243,-13.180925263298882,-21.051084518432617,0.8912687515260401,0.7152739205947741,0.26533543407291554,51336_1371
650,102.67211,2.742474478,Healthy,Palong_Basemap,0.19642089141739738,0.0404523399968942,0.037428096764617495,0.13614452381928763,0.8930816253026327,0.16398287316163382,45.215324825710724,-19.713727739122177,-6.345608764224583,-13.371745745340982,-21.002255545722115,1.028165046814955,0.6584473496193158,0.18124665054305597,51336_1371
651,102.6720574,2.742526254,Healthy,Palong_Basemap,0.1908065958155526,0.036938232680161796,0.03511474115980996,0.16057877822054756,0.8874442709816827,0.2147249976793925,44.145331912570526,-18.859760814242893,-6.7408796946207685,-12.818584971957737,-19.666133880615234,0.9856838813995505,0.6756173747246526,0.08602468921173574,51336_1371
652,102.6721234,2.742563834,Healthy,Palong_Basemap,0.24157023595439064,0.035452871686882444,0.034522775974538594,0.20701881415314144,0.8695637186368307,0.2693278359042274,42.35027186075846,-16.105013423495823,-6.980884816911486,-11.442449039883083,-19.804057439168293,0.8173602042106735,0.7440439392312962,0.07702243688954695,51336_1371
653,102.6721718,2.742516233,Healthy,Palong_Basemap,0.2171365436580446,0.03567409722341432,0.034530079199208155,0.1678297064370579,0.8815468880865309,0.26780907478597427,44.14704301622179,-16.69627571105957,-6.784509340922038,-11.953644858466255,-20.969043307834202,0.8835284404883815,0.7177800973959664,0.1280809349100236,51336_1371
655,102.6722177,2.742566339,Healthy,Palong_Basemap,0.23750958840052286,0.03599784564640787,0.03477428315414323,0.20307222339842054,0.8779962327745225,0.3637950321038564,43.683484395345054,-13.693629052903917,-7.437541113959418,-11.403661727905273,-20.87562010023329,0.8364794087380705,0.7367687955404455,0.07816338323520622,51336_1371
656,102.6722595,2.742628137,Healthy,Palong_Basemap,0.23882689575354257,0.034112916638453804,0.03273268106083075,0.20779757036103141,0.8657243384255303,0.37698525190353394,42.13639916314019,-13.385340054829916,-7.74021233452691,-10.693742646111382,-20.63396453857422,0.8031637763208164,0.7500334133046094,0.0694752028755879,51336_1371
657,102.672166,2.742614775,Healthy,Palong_Basemap,0.24582881728808084,0.03467497188183996,0.03471182307435407,0.22049116591612497,0.8495182858573066,0.3495267364713881,40.53954399956597,-14.02861573961046,-7.60146877500746,-10.083818859524197,-19.86408233642578,0.7928186342812057,0.7527664636228147,0.05433533257111197,51336_1371
658,102.6722962,2.742695781,Healthy,Palong_Basemap,0.2021645348933008,0.029843059678872425,0.026742872264650133,0.18627071463399464,0.8864848481284248,0.32790283030933803,43.61478127373589,-13.873134824964735,-7.813653839959039,-12.85896110534668,-21.04715241326226,0.8272689977264432,0.742740665589817,0.04091755390029117,51336_1371
659,102.672277,2.742772611,Healthy,Palong_Basemap,0.19103023409843445,0.030565109103918076,0.02684969413611624,0.179544227818648,0.8884054025014242,0.24472372068299186,42.737647162543404,-15.884988572862413,-7.6128273540072975,-13.592238320244682,-21.039925893147785,0.8763870273149225,0.7241358174570738,0.030995137172610883,51336_1371
660,102.6722361,2.742801839,Healthy,Palong_Basemap,0.20905452304416233,0.030347768010364637,0.026903626198569935,0.20400047219461864,0.8486243618859185,0.20669640435112846,38.04744381374783,-17.342300415039062,-7.569231245252821,-11.012292544047037,-20.91781171162923,0.8184025890907086,0.7464705297790776,0.012235781936548226,51336_1371
661,102.6721643,2.742795158,Healthy,Palong_Basemap,0.2314559751086765,0.0303488876670599,0.031618505923284426,0.23568314810593924,0.8100104729334513,0.23550602628125084,34.73108058505588,-16.297922240363228,-7.690561400519477,-9.313334465026855,-20.625688976711697,0.7498823526805265,0.7681564250160094,-0.009049066514004382,51336_1371
662,102.6722879,2.742865307,Healthy,Palong_Basemap,0.15847062319517136,0.030835230731301837,0.030485326010319922,0.12684639543294907,0.8926915923754374,0.1515098652905888,41.9542482164171,-20.17784267001682,-7.565410084194607,-15.276262495252821,-20.296104007297092,0.9842611765968111,0.6742284499741005,0.11083891144762387,51336_1371
663,102.6722904,2.74296552,Healthy,Palong_Basemap,0.12692148072852028,0.0294246067189508,0.03401345759630203,0.09573071781131956,0.9010225534439087,0.17308954977326924,42.69801330566406,-21.05686378479004,-7.99687475628323,-15.60411548614502,-19.099749671088325,1.0710365231690488,0.6235965069629665,0.14008737897829315,51336_1371
664,102.6722428,2.742915414,Healthy,Palong_Basemap,0.1510445848107338,0.03236413643591934,0.03156720536450545,0.14831233852439457,0.8589883711602952,0.1422542987598313,38.66810014512804,-20.433508767022026,-7.626106156243218,-12.703191863165962,-20.455786599053276,1.0467899469972806,0.6470818157835019,0.009127052268908075,51336_1371
665,102.6722002,2.742859462,Healthy,Palong_Basemap,0.2059450132979287,0.03156014821595616,0.031667892096771136,0.21285536305771935,0.8107590079307556,0.18107379807366264,34.49391640557183,-17.944988780551487,-7.614630646175808,-9.854286405775282,-20.978488710191513,0.8395520820252412,0.7342361065773207,-0.016500342764549817,51336_1371
666,102.6721142,2.742853616,Healthy,Palong_Basemap,0.23604773647255367,0.033484543156292707,0.035641450641883746,0.2252776159180535,0.7837967011663649,0.20714335060781902,32.48321406046549,-17.01452350616455,-7.695278379652235,-8.67420212427775,-20.295424355400932,0.7909930637146123,0.7515359332663094,0.023346040920337346,51336_1371
667,102.6720524,2.742868648,Healthy,Palong_Basemap,0.2803947660658095,0.036573818367388516,0.03845547967486911,0.22277788155608708,0.7707460588879056,0.22699597809049818,31.88072352939182,-16.63034184773763,-7.720673720041911,-8.023968749576145,-19.127955966525608,0.7464084884627616,0.7692274871164935,0.11450718710969754,51336_1371
668,102.6719572,2.742904557,Healthy,Palong_Basemap,0.3356600006421407,0.045039901302920446,0.04355857065982289,0.23606248531076643,0.7579129338264465,0.24028383195400238,32.47644170125326,-17.384035958184135,-7.4580421977572975,-7.414322959052192,-17.39838473002116,0.7677827805432578,0.7633836989565593,0.17420604887591937,51335_1371
669,102.6718845,2.742889525,Healthy,Palong_Basemap,0.28728100657463074,0.046612845526801214,0.04455303607715501,0.207145717408922,0.7692912220954895,0.25016285644637215,34.73703172471788,-19.604468027750652,-7.2624670134650335,-7.928086068895128,-16.406457265218098,0.8772949650245421,0.7207924300885843,0.16207718005221433,51335_1371
670,102.6717434,2.742829398,Healthy,Palong_Basemap,0.25128208928638035,0.04272623277372784,0.046119714776674904,0.16975836952527365,0.754265758726332,0.13707681579722297,34.759405771891274,-20.79625680711534,-6.9527208010355634,-8.651714430914986,-20.167260064019096,0.8927936536728612,0.7093535824132712,0.19362443217737205,51335_1371
672,102.671644,2.74284443,Healthy,Palong_Basemap,0.2680681414074368,0.0405710885922114,0.04473786676923434,0.20275086495611402,0.7278063893318176,0.12134636359082328,33.245845794677734,-20.77705234951443,-7.122511439853245,-8.329830646514893,-20.645145840115017,0.8238867972959203,0.7370970074526323,0.13873118028053213,51335_1371
673,102.6716699,2.742925435,Healthy,Palong_Basemap,0.27451285388734603,0.04012112236685223,0.04550836690598064,0.2118485536840227,0.7277917530801561,0.13438980529705682,33.23667102389865,-21.048620223999023,-7.24902539783054,-8.334210130903456,-20.16418520609538,0.8018942685967969,0.7449663711179261,0.1288430768309428,51335_1371
677,102.6716499,2.743150079,Healthy,Palong_Basemap,0.23213309463527468,0.024687401329477627,0.026069746870133612,0.17695362286435234,0.7679719924926758,0.23929909699492985,32.89440409342448,-21.02292611863878,-9.429192860921225,-10.597989082336426,-19.62376488579644,0.6421117216512694,0.8077458636099987,0.13488453525986857,51335_1371
678,102.6717167,2.743099972,Healthy,Palong_Basemap,0.28142163819736904,0.029964770293898053,0.039548894183503255,0.22175620330704582,0.7332355578740438,0.23325098388724858,31.59781222873264,-20.437419255574543,-8.506712595621744,-8.391793727874756,-18.15634600321452,0.6293465907813119,0.8075396390029759,0.11857723049157705,51335_1371
679,102.6717618,2.743037339,Healthy,Palong_Basemap,0.27940627104706234,0.042250387370586395,0.04649810410208172,0.21846441593435076,0.728156156010098,0.23608545462290445,31.859894222683376,-19.479867511325413,-7.787159442901611,-7.323373847537571,-17.139887279934353,0.8235839610078588,0.7372951172319447,0.12240498729138216,51335_1371
680,102.6717334,2.742968025,Healthy,Palong_Basemap,0.287805351946089,0.04293099376890394,0.05069198542171054,0.2171635627746582,0.7279849780930413,0.19511770208676657,32.915246115790474,-20.907864252726238,-7.4229062928093805,-7.711399449242486,-18.109151628282333,0.8093328695619603,0.7403914367131631,0.13989334216839155,51335_1371
682,102.6718979,2.742971366,Healthy,Palong_Basemap,0.3333892689810859,0.04732851559917132,0.04512962823112806,0.26306336787011886,0.7456625832451714,0.2453388257159127,32.1999314626058,-17.504024081759983,-7.417795181274414,-7.074325614505344,-17.128999710083008,0.8001846714079873,0.7513721842474409,0.11790693303366354,51335_1371
684,102.672014,2.742937962,Healthy,Palong_Basemap,0.33042656050788033,0.03903539520170954,0.04063089109129376,0.23753965232107374,0.7635558777385287,0.2253697332408693,31.8267822265625,-16.760947545369465,-7.569343725840251,-7.676798343658447,-18.602285597059463,0.695309562857268,0.7886905831657931,0.16354301732870852,51336_1371
685,102.672095,2.742937126,Healthy,Palong_Basemap,0.2830148587624232,0.03396235447790888,0.037566795531246394,0.2334779120153851,0.7894632154040866,0.17617354955938128,32.87937545776367,-17.914199829101562,-7.601417276594374,-9.114316940307617,-20.68756039937337,0.6993420482248165,0.7857110665418171,0.09591024221391975,51336_1371
686,102.6721534,2.742915414,Healthy,Palong_Basemap,0.22218983703189427,0.0327680649028884,0.03515801765024662,0.2286489572789934,0.819019787841373,0.14979188558128145,35.15281338161893,-19.24195014105903,-7.584880034128825,-10.543262693617079,-20.969085269504124,0.8118845524000174,0.7429531334057623,-0.014326895397216141,51336_1371
687,102.6722044,2.742976376,Healthy,Palong_Basemap,0.16995219969087177,0.03331611450347635,0.0347758951700396,0.1603362543715371,0.8331237302886115,0.1466284336315261,36.33334159851074,-19.85200458102756,-7.562387360466851,-11.198364363776314,-20.94344351026747,0.9821955996691474,0.6721956923239667,0.029113779791762648,51336_1371
688,102.6722587,2.743024813,Healthy,Palong_Basemap,0.14792860961622661,0.03182150568399164,0.035100711716545954,0.122675778137313,0.8764369686444601,0.17505178103844324,40.4194204542372,-20.58281495836046,-7.882800632052952,-13.045607460869682,-19.857927110460068,1.0320251269556064,0.6459361861232363,0.09332011091377176,51336_1371
689,102.6722445,2.743102478,Healthy,Palong_Basemap,0.17701134416792128,0.032576845958828926,0.03447453036076493,0.13273076878653634,0.8724946710798476,0.20800235039658016,40.318980322943794,-19.898514641655815,-8.088825437757704,-12.361481560601128,-19.394307454427082,0.9420733665051463,0.6891347175704146,0.1429594928471856,51336_1371
691,102.6722086,2.743144233,Healthy,Palong_Basemap,0.22003613412380219,0.03574825202425321,0.037559745419356555,0.19340127458175024,0.8597081767188178,0.23317074610127342,39.35432603624132,-19.027910656399197,-8.36604282591078,-11.52912065717909,-18.915808783637154,0.8690143876099986,0.7204813588303933,0.06442295491703104,51336_1371
692,102.672166,2.743106653,Healthy,Palong_Basemap,0.21725832008653218,0.034068576991558075,0.037191628168026604,0.16167808075745901,0.8495332797368368,0.20440206593937343,38.19255701700846,-19.053244060940212,-7.559808678097195,-11.333557976616753,-20.595159742567276,0.8448837974050707,0.7288903226225519,0.14667432108734166,51336_1371
693,102.6721927,2.743047361,Healthy,Palong_Basemap,0.18888671778970295,0.03350831112927861,0.03650042497449451,0.15238450467586517,0.8463747567600675,0.1719844498568111,37.58907106187608,-19.584289762708877,-7.5434675216674805,-11.502696990966797,-20.836020999484592,0.9167682536966243,0.6986595312660008,0.10695954042102274,51336_1371
694,102.6721484,2.742992243,Healthy,Palong_Basemap,0.23059067295657265,0.03213493898510933,0.034029976982209414,0.21436930696169534,0.801734553443061,0.1673783544037077,33.8868408203125,-18.437728034125435,-7.51496081882053,-9.641233232286242,-20.95930438571506,0.7816567826240494,0.7553726205251552,0.036455786423437254,51336_1371
695,102.6721033,2.743058217,Healthy,Palong_Basemap,0.2513752298222648,0.03319562702543206,0.03647696475187937,0.2063432749774721,0.8162009119987488,0.18910308430592218,35.21363788180881,-18.18505393134223,-7.412128925323486,-10.033139970567492,-21.06074290805393,0.7496681088506898,0.7666969317016292,0.09838351382471479,51336_1371
697,102.6719388,2.743048196,Healthy,Palong_Basemap,0.32112162311871845,0.042810998029179044,0.043341526554690465,0.32296637694040936,0.7523790465460883,0.2409526159365972,31.367013507419163,-16.229255146450466,-7.530985514322917,-7.392791801028782,-19.087746726142036,0.7609404297860158,0.7647311862610898,-0.002864133195342196,51335_1371
699,102.6720808,2.743131706,Healthy,Palong_Basemap,0.2868087689081828,0.03905863149298562,0.04231336712837219,0.2858004503779941,0.8067347208658854,0.26236650678846574,35.041683197021484,-16.720462799072266,-7.103423065609402,-9.255186610751682,-20.81680425008138,0.7672859077336004,0.7602789880491184,0.0017609191333762728,51336_1371
700,102.6721301,2.743188493,Healthy,Palong_Basemap,0.22428499990039402,0.03915127780702379,0.04229219713144832,0.26887250277731156,0.8201943702167935,0.23806342482566833,36.29835171169705,-17.763655132717556,-7.334426932864719,-9.866226514180502,-20.717320972018772,0.908172254396689,0.7027647205787908,-0.09041229756177291,51336_1371
701,102.672029,2.743155924,Healthy,Palong_Basemap,0.2924096319410536,0.0400380070010821,0.04228453213969866,0.3081330375538932,0.7871431443426344,0.27602768275472855,33.42143440246582,-16.38391335805257,-7.192975309160021,-8.530284192827013,-20.34570460849338,0.7722446620659044,0.7591319515549277,-0.026181995737393448,51336_1371
702,102.671948,2.743134212,Healthy,Palong_Basemap,0.28565765420595807,0.04017638290921847,0.0402948007815414,0.3149813347392612,0.7708175977071127,0.2793469660811954,32.08499272664388,-16.5044158299764,-7.392119301689996,-8.050893518659803,-19.75675180223253,0.7910581671488375,0.7533935787376514,-0.04882080762822005,51335_1371
703,102.6718946,2.743090786,Healthy,Palong_Basemap,0.2990110516548157,0.04330676173170408,0.04285665518707699,0.3150665346119139,0.74503712521659,0.2560654762718413,30.951956431070965,-16.530199156867134,-7.660486115349664,-7.3665624724494085,-18.869415918986004,0.8085630579588694,0.746979210323447,-0.026145691222353804,51335_1371
704,102.6718269,2.743059052,Healthy,Palong_Basemap,0.28979379104243386,0.04693456656403012,0.04722834047343996,0.25650397936503094,0.7343057857619392,0.2427025470468733,31.586115731133354,-17.9824644724528,-7.63085741466946,-7.075683381822374,-17.27935112847222,0.8713950904122298,0.7212318742760432,0.060937117961461174,51335_1371
705,102.6717802,2.743131706,Healthy,Palong_Basemap,0.2864920463826921,0.030467520985338423,0.03466763637132115,0.26423941883775925,0.7485366331206428,0.24790370795461866,30.949049843682182,-19.594728469848633,-8.487081368764242,-8.659555011325413,-18.65108405219184,0.6379050850762962,0.8077513719599335,0.04040558593474477,51335_1371
707,102.6722111,2.743234424,Healthy,Palong_Basemap,0.19619430104891458,0.03673819825053215,0.037365489121940404,0.20877361132038963,0.8452610572179159,0.23876080413659415,38.14500596788194,-18.59870719909668,-8.646279440985786,-10.925144407484266,-18.603784561157227,0.9572343546537964,0.684559274802583,-0.031062486402635134,51336_1371
708,102.672237,2.743310419,Healthy,Palong_Basemap,0.13215972483158112,0.026723872042364545,0.02593991357005305,0.12604823956886926,0.82726432217492,0.1998501585589515,36.46551725599501,-19.93935712178548,-8.932492044236925,-10.857252756754557,-18.93585141499837,1.0106056327721178,0.6636043925469965,0.02366884877816415,51336_1371
709,102.6721585,2.743259477,Healthy,Palong_Basemap,0.22168703211678398,0.03885543222228686,0.040748404131995306,0.2711830288171768,0.8212535977363586,0.20255758696132237,36.40584055582682,-19.094687991672092,-8.082975281609428,-10.20512835184733,-19.64419428507487,0.9138522369482563,0.7017343616453994,-0.100424027798728,51336_1371
710,102.6721618,2.743327956,Healthy,Palong_Basemap,0.14936482823557323,0.03366513550281525,0.03313629639645418,0.16205737822585636,0.8135746584998237,0.16811592214637333,36.08275434705946,-20.102227952745224,-8.284981886545816,-10.326990021599663,-19.74641015794542,1.0780113657657777,0.632135254630394,-0.040756727448898654,51336_1371
711,102.6721493,2.743407291,Unhealthy,Palong_Basemap,0.17538138230641684,0.03474464619325267,0.032755541511707835,0.18735520790020624,0.8054064379798042,0.1303364373743534,36.34675301445855,-20.680247412787544,-8.025895648532444,-10.373945024278429,-20.800140168931748,1.0011920824550207,0.6692970743193073,-0.03300969882020679,51336_1371
712,102.6720591,2.743425664,Unhealthy,Palong_Basemap,0.16614572207132974,0.03244868624541494,0.030450800640715495,0.1656237103872829,0.8052804536289639,0.13823740970757273,36.81045659383138,-21.016540739271377,-8.312752829657661,-10.655718697441948,-20.66079436408149,0.992717209562089,0.6732165168148997,0.0015734170570760927,51336_1371
713,102.6720942,2.743367206,Healthy,Palong_Basemap,0.21475427018271553,0.035201111187537514,0.03398045587042967,0.23210052897532782,0.8054064379798042,0.1303364373743534,36.34675301445855,-20.680247412787544,-8.025895648532444,-10.373945024278429,-20.800140168931748,0.8824076650705932,0.718340841516871,-0.03881855767308715,51336_1371
714,102.6720933,2.743292047,Healthy,Palong_Basemap,0.27642474075158435,0.03905252201689614,0.04112077007691065,0.3148873315917121,0.8154865172174242,0.21596154239442614,36.088589138454864,-18.5159912109375,-7.5160537825690374,-9.842965443929037,-20.55044428507487,0.7896366434868571,0.7524225887204072,-0.06504617889451382,51336_1371
715,102.6720683,2.743219392,Healthy,Palong_Basemap,0.2595517271094852,0.03954140635000335,0.04281762407885657,0.3001672062608931,0.810759789413876,0.26639048589600456,35.38663567437066,-17.116974936591255,-7.083885669708252,-9.3756316502889,-20.6775328318278,0.8292815738033599,0.7355913464635981,-0.07256406158505227,51336_1371
716,102.6719822,2.743206031,Healthy,Palong_Basemap,0.28665073050393,0.03880547069840961,0.03975224494934082,0.2900940477848053,0.7982803384462992,0.28858410980966354,34.125026279025604,-16.906094868977863,-7.132460594177246,-8.85817978117201,-20.032528771294487,0.7683986928164841,0.7615318401981602,-0.005970261735341623,51335_1371
717,102.6720207,2.743271169,Healthy,Palong_Basemap,0.3074494931432936,0.038846663302845426,0.04085097751683659,0.30537836088074577,0.8103729552692838,0.2864924023548762,35.10383309258355,-17.656529320610893,-7.206160280439589,-9.28660806020101,-19.690221362643772,0.7295254259977879,0.7756448486087231,0.0033796314070061893,51336_1371
718,102.6720248,2.743346329,Healthy,Palong_Basemap,0.27097435626718736,0.03847394014398257,0.03969279511107339,0.30000046226713395,0.81739917728636,0.264725042714013,36.14993794759115,-18.896205690171982,-7.464529143439399,-9.795502768622505,-19.483837127685547,0.7940649768631751,0.7513384911781094,-0.05083605276053314,51336_1371
719,102.6719906,2.743407291,Healthy,Palong_Basemap,0.2302503850724962,0.03581099377738105,0.03715457994904783,0.25534162339237,0.8193474014600118,0.2318067020840115,37.02416059705946,-20.0131713019477,-7.8893776999579535,-10.286246087816027,-19.52109760708279,0.8450300132245899,0.7308065234256561,-0.051671439979410615,51335_1371
720,102.6719363,2.743454057,Unhealthy,Palong_Basemap,0.17102461059888205,0.032583832947744265,0.03401448536250326,0.1715425733062956,0.82538327243593,0.2383272283607059,37.73799260457357,-20.64649815029568,-8.776269753774008,-11.021289295620388,-19.0296688079834,0.9647081434624832,0.6799363289638567,-0.0015120032850459103,51335_1371
722,102.6718119,2.743417313,Healthy,Palong_Basemap,0.1361471282111274,0.03165349509153101,0.037676029114259615,0.12799133815699154,0.8403664032618204,0.26687846415572697,38.4422861735026,-20.839555952284073,-8.971613883972168,-12.283141665988499,-18.53482543097602,1.0678859832583096,0.6227249402472329,0.030876949375368404,51335_1371
728,102.6718887,2.743228579,Healthy,Palong_Basemap,0.29672786262300277,0.03620170346564717,0.03882131394412783,0.30322059988975525,0.7788264950116476,0.293715688917372,32.04352802700467,-18.103465398152668,-7.646640300750732,-8.623351997799343,-19.044044070773655,0.7099198275485258,0.7825263530003962,-0.010822158356001138,51335_1371
729,102.6719246,2.743282025,Healthy,Palong_Basemap,0.2825996329387029,0.037587697307268776,0.03952451629771127,0.2729216300778919,0.8059112628300985,0.3055158158143361,34.383231692843964,-18.091255611843533,-7.4101445939805775,-9.201757854885525,-18.765271928575302,0.756863638813941,0.7652143370045688,0.017421480517698727,51335_1371
730,102.6719372,2.74335969,Healthy,Palong_Basemap,0.26611514058378005,0.0403022857175933,0.04408072638842794,0.27841244803534615,0.821280320485433,0.29634202023347217,36.09954494900174,-19.113964716593426,-7.677067756652832,-9.920794910854763,-18.380336973402237,0.8250202764732765,0.7369452109557604,-0.022583442434479732,51335_1371
731,102.6718186,2.743568467,Unhealthy,Palong_Basemap,0.1309243713816007,0.024465758974353474,0.025156187307503488,0.060733443333042994,0.7982363700866699,0.16303613036870956,38.70155546400282,-21.07671356201172,-10.417521370781792,-13.03307671017117,-20.821562872992622,0.9547050837429998,0.6851053677822466,0.36623045166754026,51335_1371
732,102.6717526,2.743569302,Healthy,Palong_Basemap,0.09903108742502001,0.01921341133614381,0.02253264830344253,0.04960243362519476,0.8006162246068319,0.18696561952431998,40.16905721028646,-20.828508800930447,-10.923368559943306,-13.684076203240288,-20.97595151265462,0.9607272593182585,0.6750223217580377,0.33255387782360435,51335_1371
733,102.6716975,2.74359185,Unhealthy,Palong_Basemap,0.09903108742502001,0.01921341133614381,0.02253264830344253,0.04960243362519476,0.8052385846773783,0.21468093494574228,41.247912089029946,-20.060589684380425,-11.554598172505697,-13.948495229085287,-21.041468090481228,0.9607272593182585,0.6750223217580377,0.33255387782360435,51335_1371
735,102.6716315,2.743473265,Healthy,Palong_Basemap,0.07643794516722362,0.017409487317005794,0.02121408883896139,0.07142698599232568,0.8278547260496352,0.22755383286211225,39.84044901529948,-20.62525240580241,-11.20145712958442,-14.147933536105686,-20.947067896525066,1.051368899245966,0.6289831941874089,0.03388876007043895,51335_1371
738,102.6716975,2.743429839,Healthy,Palong_Basemap,0.09663440701034334,0.019730304471320577,0.02222565996150176,0.06590083200070593,0.8181426790025499,0.20963241822189754,39.39693366156684,-20.75961176554362,-10.714918030632866,-13.932219717237684,-20.777064005533855,0.996979294453114,0.6608885250503189,0.18908868745409801,51335_1371
739,102.6717618,2.743466584,Healthy,Palong_Basemap,0.11116352180639903,0.02395052918129497,0.026444364959994953,0.07326962426304817,0.825348264641232,0.21106748614046308,39.37993409898546,-21.033459133572048,-10.10580423143175,-13.510013898213705,-20.145596822102863,1.0328571127237978,0.6454768544616231,0.20546142789909433,51335_1371
740,102.6717017,2.743508339,Healthy,Palong_Basemap,0.09826407664351994,0.019218158390786912,0.022853892503513232,0.05708371144202021,0.8128286666340299,0.2237691299782859,40.46544647216797,-20.37212456597222,-11.187010235256619,-13.936209148830837,-20.944020165337456,0.9635922108359348,0.6728329455908822,0.2650849793807449,51335_1371
741,102.6721768,2.743499988,Healthy,Palong_Basemap,0.13620929254425895,0.02993770833644602,0.02628550637099478,0.13721662676996654,0.8077894581688775,0.0973198310368591,36.218864017062714,-21.07671356201172,-8.593934694925943,-11.211841689215767,-20.79853672451443,1.0770402234764738,0.6396238490282282,-0.0036841211990219017,51336_1371
742,102.6722019,2.743564291,Healthy,Palong_Basemap,0.1474226779407925,0.031499267659253545,0.02628461519877116,0.13512318746911156,0.7563142842716641,0.10174065497186449,33.2288932800293,-21.07671356201172,-8.557349257998997,-10.080067104763454,-20.977115631103516,1.0645878173577197,0.6478993389702394,0.04353095188222778,51336_1371
743,102.6722069,2.743619408,Healthy,Palong_Basemap,0.19408558391862446,0.03481587188111411,0.02775142052107387,0.18141923348108926,0.6715700460804833,0.12357768664757411,28.5167908138699,-21.07671356201172,-8.45691802766588,-8.140835894478691,-20.880360285441082,0.9555980761819178,0.6958003455288301,0.03373152580370824,51336_1371
744,102.6721601,2.743680371,Healthy,Palong_Basemap,0.29594400856229996,0.038779577861229576,0.036261861936913595,0.3152098630865415,0.5893616212738885,0.15347976568672392,24.105685551961262,-20.91112603081597,-8.299832344055176,-6.245289776060316,-20.506890614827473,0.7571085940409329,0.7682889438680826,-0.03152373799459679,51336_1371
745,102.6721301,2.743626924,Healthy,Palong_Basemap,0.1688100149234136,0.03109045285317633,0.025878830916351743,0.12752601421541637,0.7107776900132498,0.1276844259765413,30.54590055677626,-21.06182395087348,-8.99185593922933,-9.318023840586344,-20.99026616414388,0.9682869287968894,0.6889406693342687,0.13931482050282912,51336_1371
746,102.6721334,2.743560951,Healthy,Palong_Basemap,0.16366453303231132,0.028847690464721784,0.025497158989310265,0.13399474736717013,0.7653734816445245,0.11230727781852086,33.767699347602,-21.075807995266384,-8.886728922526041,-10.394171078999838,-21.07671356201172,0.9348791223961505,0.7003027658119966,0.09967700528376634,51336_1371
747,102.6720942,2.743496648,Healthy,Palong_Basemap,0.1699881205956141,0.029693173037634954,0.028337118940220937,0.1351722131172816,0.7961611151695251,0.09927792971332867,35.94312074449327,-21.076696183946396,-8.653837521870932,-10.889529334174263,-21.07671356201172,0.9217489533417532,0.7025943442436642,0.11409054071584679,51336_1371
749,102.6719806,2.74355427,Healthy,Palong_Basemap,0.1691023608048757,0.02694446427954568,0.022496733607517347,0.08782007834977573,0.7673086325327555,0.15224718633625242,34.35738160875108,-20.887724770439995,-9.634728537665474,-10.76962047153049,-20.868470933702255,0.8780701869981011,0.7251221562201489,0.31636895057723263,51335_1371
751,102.6719171,2.743681206,Healthy,Palong_Basemap,0.14604843821790484,0.02655463872684373,0.02600846646560563,0.07446935110621983,0.7428863181008233,0.1382273038228353,34.60105895996094,-21.01433605617947,-10.740925047132704,-12.124700334337023,-21.07671356201172,0.9434680989763727,0.6923039936843761,0.3245955227969186,51335_1371
752,102.6719998,2.743680371,Healthy,Palong_Basemap,0.16212445828649732,0.0230617823286189,0.020237586357527308,0.09107807609770033,0.7013759811719259,0.10947625421815449,31.170141008165146,-20.934427897135418,-10.302009264628092,-10.468603875901964,-21.07671356201172,0.8074655519582074,0.7509341703571853,0.28059111794273967,51335_1371
753,102.6720891,2.743710435,Healthy,Palong_Basemap,0.1612683484951655,0.029829596893654928,0.023687519340051547,0.09837331291702059,0.6876360045539008,0.1260194761885537,30.108672036064995,-21.030956268310547,-9.630594147576225,-9.7793337504069,-20.985985649956596,0.9755604318326369,0.6878082929362568,0.24223784132353798,51336_1371
754,102.6720591,2.743637781,Healthy,Palong_Basemap,0.16990216573079428,0.030183233527673617,0.023639932067857847,0.11264864603678386,0.7380939523379008,0.130394932296541,32.31547631157769,-20.996938705444336,-9.560879601372612,-10.298606978522407,-21.068806330362957,0.950995364651188,0.6982964910029913,0.20263088021529477,51336_1371
755,102.6719739,2.743757201,Healthy,Palong_Basemap,0.1538703309165107,0.024093020086487133,0.02303070802655485,0.0848028270734681,0.6992746988932291,0.14646879749165642,31.747879028320312,-21.02810541788737,-10.815173149108887,-11.202492290072971,-21.07671356201172,0.8563093068195669,0.7292361606960156,0.2893811119134836,51335_1371
756,102.6719113,2.743758036,Healthy,Palong_Basemap,0.12697029362122217,0.02435330922404925,0.024143555305070348,0.0717592549820741,0.7307098309199015,0.1739507938424746,33.79187414381239,-21.05774603949653,-11.043308469984266,-12.148487514919704,-21.07671356201172,0.9750075973316583,0.6781294026028373,0.2778199770853417,51335_1371
757,102.6718111,2.7437096,Healthy,Palong_Basemap,0.12273650864760081,0.023287777375015948,0.025665961826841038,0.05683397791451878,0.7599536180496216,0.21224163555436665,36.33004930284288,-21.063140657212998,-11.289631631639269,-13.148454030354818,-21.07671356201172,0.9555036716862944,0.681042407269034,0.36700090307036104,51335_1371
758,102.6717376,2.74371294,Unhealthy,Palong_Basemap,0.09529966281519996,0.012290413284467326,0.01641201310687595,0.04264028163419829,0.7629996273252699,0.251048657629225,39.1667857699924,-19.98995844523112,-12.386247846815321,-13.42886119418674,-21.07218911912706,0.7214139037635158,0.7715325849740646,0.3817558531808687,51335_1371
760,102.6715889,2.743681206,Healthy,Palong_Basemap,0.11477155321174198,0.011378905839390226,0.012405750755634572,0.04635551654630237,0.8117746777004666,0.22253883216116163,42.29076894124349,-18.46008194817437,-12.602555274963379,-13.676484849717882,-20.890044954087998,0.6071376029745639,0.8195978686882457,0.42460920296121685,51335_1371
761,102.6722161,2.743751355,Healthy,Palong_Basemap,0.9153682026598189,0.04543505609035492,0.052394111537271075,1.1062575827042262,0.47304702798525494,0.20756760074032676,18.552264743381077,-19.718459023369682,-7.552537335289849,-3.1451605690850153,-20.227458953857422,0.34334906022718237,0.9054227685500204,-0.09442369672289913,51336_1371
762,102.6722311,2.74383069,Healthy,Palong_Basemap,0.7122803727785746,0.04670057031843397,0.05560469544596142,0.555517746342553,0.5133317874537574,0.23305639955732557,20.47727500067817,-17.702726364135742,-6.840610080295139,-3.155613819758097,-20.825586954752605,0.4337751594111398,0.8769387538826123,0.12364951806735107,51336_1371
763,102.6721392,2.74378643,Healthy,Palong_Basemap,0.2110350885325008,0.03595628568695651,0.0383060895320442,0.16832469983233345,0.6248524188995361,0.16804016381502151,26.459063635932075,-20.838639153374565,-8.41808949576484,-7.42368041144477,-20.686472786797417,0.8953989984504654,0.7088458185992474,0.11258544002321177,51336_1371
764,102.6720875,2.743840711,Healthy,Palong_Basemap,0.1517780108584298,0.03384040420254072,0.03334443333248297,0.10695523271958034,0.7188460098372565,0.2185586674345864,32.10175090365939,-21.07366795010037,-9.015855365329319,-10.30563227335612,-21.029838138156467,1.0708850888598713,0.6353766495482134,0.17323934690029513,51336_1371
765,102.6720407,2.743773903,Healthy,Palong_Basemap,0.14691677855120766,0.021984579041600227,0.022569000720977783,0.09131187614467409,0.692042350769043,0.16644095795022118,30.587075339423286,-21.074697918362087,-9.391760455237495,-9.885926458570692,-20.992181566026474,0.8239520458595946,0.7396755200203746,0.23340979899129996,51336_1371
769,102.6720783,2.743996041,Unhealthy,Palong_Basemap,0.14868245108260048,0.039442728377050824,0.0407264054649406,0.12432993700106938,0.7887227270338271,0.27456890377733445,35.58980814615885,-20.9583740234375,-8.379130787319607,-11.638481034172905,-21.01996315850152,1.1761032991468723,0.5806757129445247,0.08919930063418148,51336_1371
771,102.6720524,2.743902509,Healthy,Palong_Basemap,0.1403060315383805,0.0374922924157646,0.03884006726245085,0.10889191428820293,0.7569875187344022,0.2580459896061156,34.076177808973526,-21.021846771240234,-8.658857981363932,-10.977682537502712,-21.01996315850152,1.1802523608680962,0.5782604517078124,0.1260608996834935,51336_1371
772,102.6721576,2.7438666,Healthy,Palong_Basemap,0.44333457615640426,0.04470920728312598,0.04903838245405091,0.3737407790289985,0.5792505939801534,0.20264672405189937,23.783294253879124,-19.35918638441298,-7.248904705047607,-5.149211247762044,-20.80025800069173,0.6147799275744363,0.8167819822720247,0.0851742702625197,51336_1371
773,102.6722203,2.743915036,Healthy,Palong_Basemap,0.5566318415933185,0.04463896113965246,0.052080001682043076,0.46760959426561993,0.5742862323919932,0.23652697768476275,23.098054038153755,-16.98406431410048,-6.639076974656847,-4.011443747414483,-20.901311450534397,0.5116288328861618,0.8515179485291688,0.08691529576036303,51336_1371
777,102.6720607,2.744072036,Healthy,Palong_Basemap,0.1366596594452858,0.03201560282872783,0.03173263847000069,0.12556941310564676,0.8211792508761088,0.24607115321689182,37.32309892442491,-20.949407789442276,-8.399543497297499,-12.483548800150553,-20.937377717759873,1.101974708636395,0.6203876917444081,0.04229220746484922,51336_1372
781,102.6722236,2.744184775,Healthy,Palong_Basemap,0.308233122030894,0.029163203098707728,0.03313132002949715,0.33973169657919144,0.6787312361929152,0.3270747396681044,28.194315168592667,-17.02765358818902,-8.023640791575113,-6.832419819302029,-20.909149381849502,0.5837152034043477,0.8271279149972633,-0.04861155057131553,51336_1372
782,102.6721818,2.744236552,Healthy,Palong_Basemap,0.19427327977286446,0.02142057629923026,0.022476594895124435,0.1645242099960645,0.7411666380034553,0.2926480323076248,32.88154072231717,-18.116545571221245,-9.327217155032688,-9.009037176767984,-20.109388563368057,0.6601330261617634,0.8013798196266609,0.08291326061383204,51336_1372
783,102.6721301,2.744274132,Healthy,Palong_Basemap,0.153889998793602,0.021648906999164157,0.022068644770317607,0.10836262173122829,0.7850016487969292,0.2499336020814048,36.14849980672201,-19.605300267537434,-9.769250551859537,-10.685716311136881,-19.803931554158527,0.7899026460561301,0.7533434892806959,0.17360122835479208,51336_1372
784,102.6719906,2.744077882,Unhealthy,Palong_Basemap,0.11632036334938473,0.028366522656546697,0.03021676962574323,0.09556212938494152,0.8335143195258247,0.2264517843723297,39.20580037434896,-21.07671356201172,-9.119109683566624,-13.892015139261881,-21.033628463745117,1.1164066621253284,0.6078908954418465,0.0979705009911857,51335_1372
785,102.6718503,2.743758871,Healthy,Palong_Basemap,0.11066840589046478,0.021651227337618668,0.023692903212375112,0.0575043476290173,0.7599536180496216,0.21224163555436665,36.33004930284288,-21.063140657212998,-11.289631631639269,-13.148454030354818,-21.07671356201172,0.9749304811380031,0.6727435406309239,0.31612765533561094,51335_1371
788,102.6718561,2.743839041,Healthy,Palong_Basemap,0.08321823510858747,0.014664757065474987,0.016736300351719063,0.05915471042195956,0.7601000600390964,0.268989192114936,35.58904012044271,-20.575287712944878,-12.471698125203451,-12.876302507188585,-21.07671356201172,0.907444165732059,0.7003614879406816,0.16901753768566188,51335_1371
789,102.6718904,2.743872445,Healthy,Palong_Basemap,0.08838157604138057,0.0155808354417483,0.01770745548937056,0.0658937899602784,0.7376038100984361,0.2606069958872265,34.06481149461534,-21.002602683173286,-11.82028611501058,-12.355548540751139,-21.07671356201172,0.9081679098281036,0.7002602148320352,0.14576394575437496,51335_1371
790,102.6719138,2.743932573,Healthy,Palong_Basemap,0.08733554101652569,0.01443422751294242,0.01623860177480512,0.07088263581196468,0.7638011044926114,0.28551215761237675,35.71339967515733,-20.836327870686848,-12.003404829237196,-12.726482073465982,-21.03827688429091,0.871878247683612,0.7163356520996136,0.10398871693734707,51335_1371
791,102.6719505,2.744003557,Unhealthy,Palong_Basemap,0.1083537025584115,0.02232879979742898,0.024488614458176825,0.08693010525570975,0.8261679079797533,0.2565763195355733,39.470431857638886,-20.999738693237305,-10.354606522454155,-14.031207190619575,-20.973304748535156,1.0063689143610146,0.6582740704393765,0.10970493428258812,51335_1372
792,102.6719138,2.744069531,Healthy,Palong_Basemap,0.09112584508127636,0.018982758642070822,0.02004715179403623,0.06235136133101252,0.862527973122067,0.2354887972275416,43.06625535753038,-19.985133277045357,-11.201850785149468,-15.53343783484565,-21.068491829766167,1.0182619157262114,0.6551993577220203,0.1874837601159248,51335_1372
796,102.6716766,2.743872445,Healthy,Palong_Basemap,0.1089053965277142,0.011688485948575867,0.01355895327611102,0.07188411346740192,0.741562094953325,0.3143961826960246,35.982652028401695,-18.458446502685547,-13.461163626776802,-12.242906358506945,-21.07671356201172,0.6411618223011522,0.8061512622603565,0.20477561480924625,51335_1371
797,102.6716248,2.7437881,Healthy,Palong_Basemap,0.1217059012916353,0.012105125623444716,0.014705151422984071,0.06481717237167889,0.7646170722113715,0.2569602148400413,37.668187883165146,-18.62404357062446,-12.82382763756646,-12.43278980255127,-21.050849702623154,0.602915071656775,0.8190713291345273,0.304995665161749,51335_1371
798,102.6715647,2.743741334,Healthy,Palong_Basemap,0.12881898548867968,0.013956154696643353,0.01557553300840987,0.06252047336763805,0.8261200719409518,0.22401262488630083,41.09304894341363,-18.94855244954427,-11.969103495279947,-13.503084924485949,-20.98089811537001,0.6479675758651855,0.8045016145173708,0.346496810001052,51335_1371
799,102.6715388,2.743811483,Healthy,Palong_Basemap,0.13014519462982813,0.014065605174336169,0.01618255612750848,0.07187863811850548,0.8005580902099609,0.2289710177315606,38.56154039171007,-19.133787155151367,-11.967826631334093,-12.750012609693739,-21.04420895046658,0.6449931874024762,0.8049299332166938,0.2884142713196954,51335_1371
800,102.6715939,2.74386493,Healthy,Palong_Basemap,0.12137542416652043,0.013237749226391315,0.015095240539974637,0.0756349087589317,0.7525209916962518,0.27095802625020343,35.74429829915365,-18.785755581325954,-12.767393218146431,-12.0701199637519,-21.07671356201172,0.6499201439165692,0.8033216379536244,0.2321731795910256,51335_1371
801,102.6715605,2.743935914,Healthy,Palong_Basemap,0.15992870347367394,0.014960670429799292,0.017273096264236502,0.0815041313568751,0.7788090109825134,0.23361619975831774,36.14108573065864,-19.282068888346355,-11.779072761535645,-12.130107985602486,-21.0183777279324,0.5778464110438162,0.8289127567229266,0.3248297696203648,51335_1371
803,102.6715747,2.744087903,Unhealthy,Palong_Basemap,0.13657181296083662,0.016539676632318232,0.015176791076858839,0.06533758921755685,0.7903217011027865,0.32370859053399825,41.153130849202476,-17.344449996948242,-12.932444678412544,-12.985011630588108,-20.213817596435547,0.7158950138809788,0.7839525083810867,0.3528029055345428,51335_1372
805,102.6716432,2.743938419,Healthy,Palong_Basemap,0.10403708948029412,0.011142390883631177,0.012881519065962898,0.0748467023173968,0.7478582792811923,0.3408479193846385,35.698128170437286,-18.119693756103516,-13.618498696221245,-12.25444327460395,-21.07671356201172,0.6403516959485452,0.8065212510349018,0.16318072682577223,51335_1371
806,102.6716983,2.744008568,Healthy,Palong_Basemap,0.07686661101049846,0.009148540027025674,0.010086452071037557,0.04963217758470111,0.8100814421971639,0.41931572556495667,41.02453104654948,-17.208590189615887,-13.885492960611979,-13.957985242207846,-21.07671356201172,0.6953750183685862,0.7872807309718117,0.21529402556532348,51335_1372
807,102.6718002,2.743983515,Healthy,Palong_Basemap,0.08175152043501537,0.011162848884446753,0.011814565087358156,0.05860349453157849,0.8058752417564392,0.3845209413104587,39.22000249226888,-18.478047053019207,-13.80058150821262,-13.492529657151964,-21.07671356201172,0.7705705144870558,0.7597174911435673,0.16492482230824726,51335_1371
810,102.6718804,2.744134669,Healthy,Palong_Basemap,0.08989135010374917,0.0215289361981882,0.02193002144081725,0.0552472865415944,0.8840062220891317,0.21420218381616804,45.080247243245445,-19.5313048892551,-11.004207399156359,-16.63367674085829,-21.07671356201172,1.1120372569172625,0.6135544627870184,0.23869635517391533,51335_1372
812,102.6717359,2.744117132,Healthy,Palong_Basemap,0.08764083849059211,0.011874282215204503,0.011716061892608801,0.046286227388514414,0.8574378026856316,0.3575945529672835,46.49989997016059,-16.37832736968994,-12.841533978780111,-16.628695593939888,-21.07671356201172,0.7716493972502668,0.7613572262991216,0.30878456741080057,51335_1372
814,102.671624,2.74414469,Healthy,Palong_Basemap,0.11270208739572102,0.013512696656915877,0.012831524738834964,0.060433997876114316,0.8157483339309692,0.2950505365928014,43.46635521782769,-17.25767453511556,-12.45975473192003,-13.87270556555854,-20.26713201734755,0.7085886076512138,0.7858777518284941,0.3018902121850698,51335_1372
815,102.6715655,2.744197302,Healthy,Palong_Basemap,0.12004903621143764,0.018269299632973142,0.015809530185328588,0.06453827064898279,0.8525216380755106,0.21811051832305062,44.85584513346354,-18.926033867730034,-11.10317717658149,-14.673643218146431,-19.98654407925076,0.8477772618937935,0.7358369080795825,0.3007290506948589,51335_1372
816,102.6716298,2.744234882,Healthy,Palong_Basemap,0.1086599909596973,0.016813436730040446,0.01591889580918683,0.052952390578058034,0.8836266199747721,0.2667158196369807,47.82384067111545,-17.03236198425293,-11.325776206122505,-18.352621502346462,-21.073645061916775,0.8502060458838926,0.7320000411303726,0.3446988396036046,51335_1372
817,102.6716891,2.74418227,Healthy,Palong_Basemap,0.09982774986161126,0.012601425560812155,0.01278391449401776,0.05273967898554272,0.8783223165406121,0.31719717052247787,48.16587363349067,-16.337637689378525,-12.125172509087456,-18.155247264438206,-21.07671356201172,0.7315006270376245,0.7758335322932757,0.3086377690958048,51335_1372
818,102.6716966,2.744261605,Healthy,Palong_Basemap,0.10347708397441441,0.014565442895723714,0.014566011933816804,0.048908818099233836,0.8987296952141656,0.2909328904416826,49.22366799248589,-16.695707109239365,-11.451832241482204,-19.50688298543294,-21.07671356201172,0.7917401012059739,0.7532170264069734,0.3580926131133028,51335_1372
819,102.6717551,2.744211499,Healthy,Palong_Basemap,0.09953486091560787,0.016160512963930767,0.014778349548578262,0.04725701279110379,0.8983815709749857,0.30228392945395577,49.04072528415256,-16.523961702982586,-11.965636041429308,-18.85431162516276,-21.07671356201172,0.8816774778694011,0.720636834092312,0.3561358459730174,51335_1372
820,102.6718461,2.744208993,Healthy,Palong_Basemap,0.09834635671642092,0.019288133829832077,0.017636964718500774,0.051406313561730914,0.9075807730356852,0.26255014373196495,48.355553521050346,-17.53003798590766,-11.510545518663195,-18.7648802863227,-21.07671356201172,0.9983532664817486,0.6720666916605019,0.31345045846263164,51335_1372
821,102.6719321,2.744206488,Healthy,Palong_Basemap,0.09794025288687812,0.024801304356919393,0.02693645904461543,0.06385010356704394,0.8738288150893317,0.1682482726044125,43.70501412285699,-20.31942876180013,-10.189454926384819,-16.033756468031143,-21.07588068644206,1.1371573096542946,0.5958776324198433,0.21070569388072927,51335_1372
822,102.6719681,2.744132999,Healthy,Palong_Basemap,0.1000063485569424,0.025284505759676296,0.02658419559399287,0.06917990661329693,0.8662472301059299,0.1797294302119149,42.78422546386719,-20.697369045681423,-10.02148363325331,-15.628365092807346,-21.07588068644206,1.1417732750124239,0.5963870483989103,0.18220417440309888,51335_1372
823,102.6720115,2.74418394,Healthy,Palong_Basemap,0.10313882927099864,0.026370893336004682,0.028694166491429012,0.07891594949695799,0.842025465435452,0.1656543662150701,40.573114183213974,-20.99597930908203,-9.615454249911839,-13.999451531304253,-20.813145955403645,1.1429900872995762,0.5927580909731843,0.13305269951147314,51336_1372
826,102.6717935,2.744259935,Healthy,Palong_Basemap,0.10279115537802379,0.016519723253117666,0.015958599021865263,0.05173515900969505,0.9137591322263082,0.28726038999027675,49.92849349975586,-16.657544877794052,-11.451819631788466,-19.865476608276367,-21.07671356201172,0.8706665904821232,0.723081022574821,0.33040324924999614,51335_1372
827,102.6714778,2.744155546,Healthy,Palong_Basemap,0.12049598412381278,0.01986007309622235,0.016411018557846546,0.0693762596282694,0.849196023411221,0.26282242437203723,44.392455630832245,-19.666730668809677,-11.138777414957682,-13.934849527147081,-18.699959648980034,0.8995252756020277,0.7170044030933718,0.2692322136472503,51335_1372
828,102.6714436,2.744210663,Healthy,Palong_Basemap,0.1067524395055241,0.021740509817997616,0.01784134976979759,0.0948394884665807,0.897546821170383,0.2064420762989256,46.70457034640842,-20.481698777940537,-9.735638406541613,-17.623251067267525,-20.120746612548828,1.0348015843097005,0.6616077390634253,0.05909438517097691,51335_1372
829,102.6715096,2.744253254,Healthy,Palong_Basemap,0.11087429026762645,0.021609211754467752,0.018591074893871944,0.07366534612245029,0.8998884558677673,0.1656788248154852,47.011720445421005,-20.49590343899197,-9.689399189419216,-17.715894805060493,-20.651035096910263,1.0010997289714934,0.6737826004801112,0.20163117730721286,51335_1372
830,102.6715697,2.744277472,Healthy,Palong_Basemap,0.11206572833988401,0.0197847302382191,0.017870981349713273,0.06231631255812115,0.885095583068,0.17401679936382505,46.23114310370551,-19.3857421875,-10.302194701300728,-16.84732256995307,-20.698407491048176,0.933758586786049,0.6998913700933487,0.28528978973735575,51335_1372
832,102.6715689,2.744359312,Unhealthy,Palong_Basemap,0.07386844977736473,0.02058394770655367,0.02192021140621768,0.056143868714571,0.9450291130277846,0.12351538903183407,50.00209850735135,-20.49020512898763,-9.546465661790636,-20.63402705722385,-21.07671356201172,1.2023636235054809,0.5641413398731712,0.13633001294329763,51335_1372
833,102.6715121,2.744331754,Healthy,Palong_Basemap,0.09193450874752468,0.024023625171846814,0.022119311822785273,0.07035109235180749,0.9249929587046305,0.14362693991925982,48.72214126586914,-20.775209850735134,-9.305425643920898,-19.724183824327255,-21.02152548895942,1.1856121633936207,0.5856500210920776,0.13299649660542812,51335_1372
834,102.6714561,2.744313382,Healthy,Palong_Basemap,0.08443940016958448,0.02508367391096221,0.023013694004880056,0.08064994215965271,0.9292966590987312,0.16862800551785362,49.429314931233726,-20.47581164042155,-9.298178884718153,-20.481494903564453,-20.80814594692654,1.273117805952447,0.541947226709234,0.022953983318768502,51335_1372
837,102.6713735,2.744177259,Healthy,Palong_Basemap,0.10172611309422387,0.02246863664024406,0.019192735354105633,0.09675661060545179,0.9108107487360636,0.19357936912112766,47.124102698432075,-20.665678024291992,-9.543164041307238,-18.302249908447266,-20.620528750949436,1.0837652011172099,0.6381709099896306,0.025037456137953024,51335_1372
838,102.6714394,2.744102935,Healthy,Palong_Basemap,0.11350121431880528,0.01933882592452897,0.017302251006993983,0.07611115649342537,0.863710986243354,0.2650603883796268,43.50534100002713,-20.472431182861328,-10.513430171542698,-14.589771058824327,-19.299957699245876,0.9128486404571762,0.7088404085228457,0.19719208016446638,51335_1372
839,102.6713618,2.744107945,Healthy,Palong_Basemap,0.11179152213864857,0.02037683253486951,0.01855315702656905,0.07646178205808003,0.8848199314541287,0.23223520153098637,43.911610497368706,-20.969079971313477,-9.745532671610514,-15.670536253187391,-20.369496451483833,0.9527541660783122,0.6916533827601272,0.18767128806221764,51335_1372
840,102.6714169,2.744372674,Unhealthy,Palong_Basemap,0.07161583792832163,0.025586436192194622,0.024012800099121198,0.07633186587029034,0.948114256064097,0.1621081249581443,51.028162214491104,-20.67078759935167,-9.326583120557997,-21.044448852539062,-20.631326887342667,1.3943418495036073,0.47354243666210366,-0.031876317245100455,51335_1372
841,102.671381,2.744452009,Unhealthy,Palong_Basemap,0.06458416912290785,0.02459784286717574,0.02423405150572459,0.0796174051033126,0.9541957974433899,0.15918944858842426,51.810310787624786,-20.262522167629665,-9.713866657680935,-21.07671356201172,-19.652483834160698,1.425818224576999,0.44836761767808403,-0.10425153859153383,51335_1372
842,102.6714511,2.74446203,Healthy,Palong_Basemap,0.066867060545418,0.02553529602785905,0.025302427510420483,0.07624191666642825,0.9754022823439704,0.13809678124056923,53.10446421305338,-21.033357196384006,-9.61036205291748,-21.07671356201172,-20.367875840928818,1.4261536859220936,0.4473020607951917,-0.06550851179051141,51335_1372
844,102.6715346,2.744426121,Unhealthy,Palong_Basemap,0.06470007863309649,0.02077041504283746,0.023277954301900335,0.055732825150092445,0.9650454719861349,0.11470226281219059,51.666151682535805,-20.980528513590496,-9.62528165181478,-21.07671356201172,-21.07671356201172,1.2829275710687744,0.5139746092589655,0.07445850096870094,51335_1372
845,102.6715338,2.74449627,Unhealthy,Palong_Basemap,0.06501010018918249,0.01963433830274476,0.02208253399779399,0.056800531016455755,0.9734138978852166,0.1343790946735276,52.35231399536133,-20.96520932515462,-9.9321870803833,-21.07671356201172,-21.075906329684788,1.243060122096512,0.5360749352807784,0.06739616313840051,51335_1372
847,102.6716783,2.744355972,Healthy,Palong_Basemap,0.07871428297625647,0.017387418697277706,0.019331316360168986,0.053432748549514346,0.9302484724256728,0.21295440196990967,50.25552241007487,-19.821107228597004,-10.118318557739258,-20.867705663045246,-21.07671356201172,1.047273695236813,0.6381454564385493,0.1913136764015151,51335_1372
848,102.6717284,2.744306701,Healthy,Palong_Basemap,0.09462469816207886,0.016000002001722653,0.015947245475318696,0.05081068062120014,0.916714436478085,0.2824247744348314,50.19680743747287,-17.86049355400933,-10.800996674431694,-20.523275163438583,-21.07671356201172,0.8977924348500155,0.7107336430646769,0.3012610680250527,51335_1372
849,102.6718445,2.744321733,Healthy,Palong_Basemap,0.09825421621402104,0.01732237223121855,0.017437208029958937,0.05682294112112787,0.9219898449050056,0.3007999029424455,49.293143378363716,-17.076263851589626,-11.320657200283474,-19.173652331034344,-20.950719409518772,0.9217939970278967,0.700244271539025,0.26716555684183013,51335_1372
852,102.6719397,2.744416935,Unhealthy,Palong_Basemap,0.11000885317722957,0.01572348363697529,0.017444587726559904,0.08313331007957458,0.8522420459323459,0.3626292215453254,41.60575527615018,-18.048274993896484,-11.66446950700548,-13.628901587592232,-20.756569120619034,0.7916145121232206,0.749889582340143,0.13914902186282824,51335_1372
853,102.6719881,2.744485413,Unhealthy,Palong_Basemap,0.1130131193333202,0.01686758982638518,0.02125981253468328,0.09663568726844257,0.8259924319055345,0.2920810083548228,38.319099002414276,-19.622472339206272,-10.813511636522081,-12.955461608039009,-20.971941630045574,0.8031797833427603,0.740260275209242,0.07811841302768438,51335_1372
854,102.6720541,2.74446036,Healthy,Palong_Basemap,0.12884341014756096,0.01922709494829178,0.02402658677763409,0.11261094527112113,0.805859817398919,0.23073138462172615,36.43414518568251,-20.63001314798991,-9.954248428344727,-12.314590983920628,-21.061937120225693,0.8039587787696539,0.7402981108783926,0.06722788184248205,51336_1372
855,102.6721276,2.744441153,Healthy,Palong_Basemap,0.13704508625798756,0.01992935294078456,0.025170404877927568,0.11530975914663738,0.7786446412404379,0.2143199063009686,34.302898195054794,-20.251142077975803,-9.608695877922905,-10.878556145562065,-20.95390404595269,0.7889914985656558,0.7460815526080827,0.08613001694696935,51336_1372
856,102.6721685,2.744482073,Healthy,Palong_Basemap,0.17304619567261803,0.03180647248195277,0.03544738764564196,0.25290517343415153,0.7376104725731744,0.1978468183014128,32.08349736531576,-19.841805775960285,-8.746454980638292,-9.42535670598348,-20.963500128851997,0.9351182474819716,0.6894697758297849,-0.18748379170373305,51336_1372
857,102.6721935,2.744407749,Healthy,Palong_Basemap,0.15806936555438572,0.022111609164211486,0.023712579988771014,0.14050105793608558,0.7399022579193115,0.2228856219185723,31.91470781962077,-19.05114131503635,-9.116577784220377,-9.378490500979954,-20.97394773695204,0.782693945056077,0.7545622205813358,0.058841419765949525,51336_1372
858,102.6721785,2.744330084,Healthy,Palong_Basemap,0.17508877482679155,0.02052049669954512,0.02149155115087827,0.1349113086859385,0.7472485303878784,0.27573120925161576,32.93365393744575,-18.16982290479872,-9.602085749308268,-9.36315886179606,-20.33599705166287,0.6908638249586985,0.7901889154903146,0.12960469457164894,51336_1372
859,102.6721134,2.744360983,Healthy,Palong_Basemap,0.14767386184798348,0.019862696735395327,0.022788173829515774,0.10249597744809257,0.7832874986860487,0.229924233423339,35.1072686513265,-19.884461296929253,-9.92088180118137,-10.852519353230795,-20.589552137586807,0.7559994169349468,0.7628852245343198,0.180588853264693,51336_1372
861,102.6722436,2.744285823,Healthy,Palong_Basemap,0.2677878985802333,0.02413464378979471,0.026476352372103266,0.26253898359007305,0.6790441340870328,0.31737641824616325,28.12276056077745,-16.79947461022271,-8.993115795983208,-7.413290553622776,-20.851516511705185,0.5636737095756299,0.834650359003775,0.009897508813205167,51336_1372
862,102.6722587,2.744357642,Healthy,Palong_Basemap,0.18726832336849636,0.024429033406906657,0.025685798790719774,0.19236643446816337,0.6803951859474182,0.28737093177106643,28.26619381374783,-16.92507118648953,-9.009801228841146,-7.515480677286784,-20.948246637980144,0.7464597734041546,0.7692079506422533,-0.013428989296761146,51336_1372
863,102.6722528,2.744469546,Healthy,Palong_Basemap,0.22536385224925148,0.036971387556857534,0.04194732879598936,0.4224213303791152,0.6957728134261237,0.20755293468634287,29.65786510043674,-18.96272235446506,-8.386553976270887,-7.852148426903619,-20.90911971198188,0.8667184515132487,0.7181363237041052,-0.30420189194558234,51336_1372
864,102.6722094,2.744534685,Healthy,Palong_Basemap,0.18329979727665582,0.033152581089072757,0.03522622957825661,0.2572609070274565,0.7238953842057122,0.19270238445864785,31.15084457397461,-20.033110936482746,-8.261005295647514,-8.435788207583958,-20.280689663357204,0.9311503056001362,0.6936732103441567,-0.16787949771331961,51336_1372
865,102.6721251,2.744528004,Healthy,Palong_Basemap,0.12641840842035082,0.024000327206320234,0.02711175051000383,0.11722648640473683,0.7837646272447374,0.1855093373192681,35.13181601630317,-20.956560982598198,-9.070251888699001,-11.4065949122111,-20.95281410217285,0.9527208989316351,0.6808864652886408,0.03772671708230479,51336_1372
866,102.6721484,2.744582286,Healthy,Palong_Basemap,0.12641840842035082,0.024000327206320234,0.02711175051000383,0.11722648640473683,0.7961233721839057,0.17707015573978424,36.16011598375108,-20.966606352064346,-9.041723251342773,-11.713177680969238,-20.824466493394638,0.9527208989316351,0.6808864652886408,0.03772671708230479,51336_1372
867,102.6722127,2.744634062,Healthy,Palong_Basemap,0.17648444324731827,0.03363399414552583,0.031403711893492274,0.2073089439007971,0.7914111812909445,0.20896756483448875,35.55427805582682,-20.040716807047527,-8.523383140563965,-10.101588461134169,-19.39672915140788,0.9778882266927751,0.6798568030215965,-0.08031535113861378,51336_1372
869,102.6721058,2.744640743,Healthy,Palong_Basemap,0.12997576346000037,0.025140468031167984,0.024585642541448276,0.09626678708526823,0.809059116575453,0.1696602718697654,37.01249779595269,-20.885766983032227,-9.133114708794487,-11.871018197801378,-20.759567472669815,0.9818465373077856,0.6758499379531487,0.1489948565974434,51336_1372
871,102.6719956,2.744616525,Healthy,Palong_Basemap,0.10636093053552839,0.01986610268553098,0.020622750744223595,0.07622787397768763,0.8268526858753629,0.23501491712199318,38.02775149875217,-20.608493593004013,-10.45563793182373,-12.94506761762831,-20.583518346150715,0.9532914029790328,0.6852322013979399,0.16503233392745992,51335_1372
872,102.6720566,2.744577275,Healthy,Palong_Basemap,0.11578321870830324,0.019780610377589863,0.024017353024747636,0.09905258980062273,0.8151924146546258,0.18787285685539246,37.471309661865234,-21.003672493828667,-9.684270540873209,-12.70688862270779,-20.956738577948677,0.8822664003600579,0.708172740310295,0.07787635135781096,51336_1372
873,102.672262,2.74457644,Healthy,Palong_Basemap,0.23685662117269304,0.03986192536022928,0.043419638441668615,0.4303523749113083,0.7557642393642001,0.2015491177638372,33.002979066636826,-20.32784864637587,-8.312002817789713,-9.116485330793592,-19.590287314520943,0.8858202920694767,0.7118955280759488,-0.29000771103849776,51336_1372
875,102.6719205,2.744657445,Healthy,Palong_Basemap,0.09748631550206079,0.015004071510500379,0.017152575569020376,0.07433061467276679,0.8386205368571811,0.27556851009527844,38.84394878811307,-20.69954448276096,-10.845406532287598,-12.955328941345215,-19.473736233181423,0.8298308557615542,0.7332381564510936,0.13476961092095263,51335_1372
879,102.6717033,2.744721748,Healthy,Palong_Basemap,0.10022776656680638,0.01769769336614344,0.019403355196118355,0.06634887680411339,0.8803928958045112,0.20000232259432474,42.030851152208115,-20.758113861083984,-10.626226954989964,-15.401901457044813,-20.949188232421875,0.913273144724927,0.6998494917686815,0.20338319392865986,51335_1372
881,102.671568,2.744739286,Unhealthy,Palong_Basemap,0.08580677252676752,0.014569817524817254,0.015715629586742982,0.05508413372768296,0.888607488738166,0.308766836921374,46.81380632188585,-18.0778325398763,-11.771679454379612,-16.536379284328884,-20.79465209113227,0.8920612499941563,0.7096969020898269,0.21805977132121743,51335_1372
882,102.6714887,2.744745131,Healthy,Palong_Basemap,0.07702844051851167,0.01556470048510366,0.014826968415743776,0.058276242266098656,0.9005119535658095,0.34266170528199935,48.27657953898112,-17.20555125342475,-11.765296406216091,-17.300066206190323,-20.318150414360893,1.0124632788192072,0.6638044607538278,0.13859238177487457,51335_1372
883,102.6713676,2.744744296,Healthy,Palong_Basemap,0.08551104035642412,0.01771481821520461,0.015568334091868665,0.07789896842506197,0.9379405445522733,0.30830176174640656,49.739125145806206,-17.897109667460125,-10.780305120680067,-18.72260528140598,-19.04349093967014,1.038162571169488,0.6567755703787681,0.04658265419678858,51335_1372
886,102.6714236,2.744603163,Healthy,Palong_Basemap,0.07062135305669573,0.020254309599598248,0.02091719334324201,0.06780588254332542,0.9595447778701782,0.21335375391774708,51.63945049709744,-19.849909252590603,-10.242427508036295,-20.827947828504776,-20.036376105414497,1.2270954553366678,0.5542412785213303,0.020338992548442358,51335_1372
887,102.671386,2.74453552,Healthy,Palong_Basemap,0.06685631804996067,0.022798890868822735,0.0264409055105514,0.07205758326583439,0.9712434742185805,0.15308983458413017,52.49130079481337,-20.95531357659234,-9.672471682230631,-21.07332271999783,-19.43710708618164,1.3131582849869499,0.491409564624946,-0.03744236657819871,51335_1372
889,102.671568,2.744572264,Unhealthy,Palong_Basemap,0.06481554400589731,0.017664606475995645,0.019381683216326766,0.05760304836763276,0.9666365716192458,0.18367394887738758,51.81720055474175,-20.277672873602974,-10.414874500698513,-20.932468626234268,-21.053457472059463,1.1823062044012123,0.5716640580117857,0.05891666860747266,51335_1372
893,102.6716616,2.744655775,Unhealthy,Palong_Basemap,0.08578089293506411,0.01501620395316018,0.01648254082020786,0.06054171588685778,0.905873543686337,0.2023277696635988,44.90274344550239,-20.497772640652126,-10.85660489400228,-17.38492488861084,-21.064700020684135,0.9080378499920535,0.7020508642265378,0.17248993338358948,51335_1372
895,102.6716975,2.744559738,Healthy,Palong_Basemap,0.07638405097855462,0.017607292781273525,0.01804198179807928,0.06195351853966713,0.9094838235113356,0.21779484219021267,47.155802408854164,-20.7717219458686,-10.634362432691786,-18.68197790781657,-20.645594067043728,1.0865293922130033,0.6253422479783958,0.10431390756064073,51335_1372
896,102.6717159,2.744634897,Healthy,Palong_Basemap,0.08586708166533047,0.01706369945572482,0.0170806006838878,0.06426464890440305,0.8897541960080465,0.20194855994648403,43.03703053792318,-20.849813885158962,-10.744676484002007,-16.222268634372288,-20.74961980183919,0.9958746286365937,0.6684432145587923,0.14388985379005859,51335_1372
897,102.671781,2.744638238,Healthy,Palong_Basemap,0.09691501243246926,0.016198556249340374,0.017513460893597867,0.0705969130827321,0.8714644577768114,0.2402697718805737,41.53700086805556,-20.76386833190918,-10.951079156663683,-14.756645732455784,-20.020235273573135,0.8826012800616422,0.7135877430424429,0.1571117952873681,51335_1372
898,102.6718495,2.744644919,Healthy,Palong_Basemap,0.09496412426233292,0.01553849627574285,0.019091695443623595,0.07155547953314251,0.8581476145320468,0.2837200098567539,40.49706776936849,-20.555462943183052,-11.167265892028809,-13.790824784172905,-19.29567379421658,0.856511827149332,0.7187669179232041,0.14057590935624395,51335_1372
899,102.6718186,2.744562243,Healthy,Palong_Basemap,0.09938495606184006,0.014661916738582982,0.015314293197459646,0.06763500637478298,0.8772527111901177,0.3380673610501819,43.26421822441949,-18.807774013943142,-11.852216402689615,-14.781323644849989,-19.510841369628906,0.8144203809558194,0.7428791096404601,0.19009673588631557,51335_1372
900,102.6718921,2.744562243,Unhealthy,Palong_Basemap,0.10197307086653179,0.01376688883950313,0.014745865327616533,0.06645894091990259,0.8633581399917603,0.3537248935964372,41.40814759996202,-18.369121551513672,-12.01153172387017,-13.68152904510498,-19.686953014797634,0.7634872700756944,0.7621065555151513,0.21085142645959612,51335_1372
901,102.6719121,2.744487919,Unhealthy,Palong_Basemap,0.10368536992205514,0.013365281228390005,0.01463302369746897,0.06684783639179336,0.873820788330502,0.3794256912337409,43.005468156602646,-17.54003651936849,-12.076664924621582,-14.216587702433268,-20.19212574428982,0.7371459451998591,0.7716325181102731,0.216013844614322,51335_1372
902,102.6718511,2.744492094,Healthy,Palong_Basemap,0.10223685287766987,0.014956136027144061,0.014997510860363642,0.06635811138484213,0.8934414916568332,0.3606313235229916,45.46727159288194,-18.027872721354168,-11.8088894950019,-15.821519745720757,-20.089853922526043,0.8131282619741415,0.7447605668750086,0.21281027965320773,51335_1372
903,102.6717776,2.744502951,Healthy,Palong_Basemap,0.09326622303989199,0.016548083577719,0.017456111084255908,0.06258734522594346,0.9079128768708971,0.2988681197166443,47.58646477593316,-19.383763207329643,-10.985638194613987,-18.072785271538628,-20.495479371812607,0.9204981796075992,0.6986169819322035,0.19684424396123126,51335_1372
904,102.6717526,2.744568924,Healthy,Palong_Basemap,0.09183544086085425,0.016036752611398697,0.016448962088260386,0.06686962520082791,0.8897360430823432,0.2791147397624122,45.01598570081923,-19.920717663235134,-11.197845141092936,-16.634436395433212,-20.09160698784722,0.9140491088970459,0.7026712427883708,0.15730950674456196,51335_1372
905,102.6717008,2.744483743,Healthy,Palong_Basemap,0.07714951286713283,0.018931218112508457,0.019883453742497496,0.059327584173944264,0.9228467676374648,0.23120773997571734,49.4165047539605,-20.516064749823677,-10.352537579006619,-19.96453136867947,-20.845038731892902,1.1227198386123838,0.6059310140652483,0.1305854907495907,51335_1372
906,102.6717234,2.744412759,Healthy,Palong_Basemap,0.0779169752366013,0.018376313149929047,0.01897802400506205,0.05581840293274985,0.930338548289405,0.2543567634291119,50.68619155883789,-20.1938287946913,-10.202750205993652,-20.61969142489963,-21.023021274142796,1.0999859114875137,0.6183261895436618,0.16524103499275772,51335_1372
907,102.6718044,2.744434472,Healthy,Palong_Basemap,0.09042566269636154,0.016883692911101714,0.01784064382728603,0.0599721624619431,0.9082723127471076,0.3629845447010464,47.39732403225369,-17.538316938612198,-11.62674946255154,-16.972876654730904,-20.574143091837566,0.9509683305276635,0.685326730078184,0.20248630724788688,51335_1372
908,102.671877,2.744425286,Healthy,Palong_Basemap,0.10640572673744625,0.013897987600002024,0.015416632613374127,0.06837329020102818,0.8834020694096884,0.3823399908012814,44.58125008477105,-17.237619188096787,-11.963400416904026,-14.930868996514214,-20.586462020874023,0.7431168187629285,0.7689516458150479,0.21760298920668616,51335_1372
909,102.6718403,2.74437852,Healthy,Palong_Basemap,0.0997145449121793,0.016327589025927916,0.016507144499984052,0.060700775434573494,0.9188047250111898,0.33751723501417374,48.73429489135742,-17.20801332261827,-11.422481324937609,-18.220713721381294,-20.87548361884223,0.8773741309340215,0.7185920583874048,0.24320475995231555,51335_1372
910,102.6717751,2.744366828,Healthy,Palong_Basemap,0.09147216545210944,0.01656757729748885,0.01798730416016446,0.058436940527624555,0.9289476540353563,0.3037490530146493,50.432042863633896,-18.15574010213216,-10.763496081034342,-20.05616569519043,-21.017120361328125,0.9294923922747046,0.6933058728973982,0.22036836727550674,51335_1372
913,102.6723342,2.744613602,Healthy,Palong_Basemap,0.1874391014377276,0.03542468655440542,0.034795316557089485,0.24781668268971974,0.7524276243315803,0.1721918144159847,33.03642590840658,-20.650344848632812,-8.204094780815971,-8.885701126522488,-19.012409210205078,0.9669504115805583,0.6820956255517303,-0.13871747017223546,51336_1372
914,102.672313,2.744527169,Healthy,Palong_Basemap,0.2675759908225801,0.039808804997139506,0.043898688008387886,0.4635316812329822,0.7062884105576409,0.19251932369338143,30.145688586764866,-19.681191550360786,-8.16830317179362,-7.742677370707194,-19.935537762112087,0.8143102001160121,0.7409839033125941,-0.2680257613211177,51336_1372
915,102.6722992,2.744839081,Healthy,Palong_Basemap,0.18096322152349684,0.0247227946917216,0.02575244526896212,0.09849922110637029,0.8018352455563016,0.23310761981540257,39.353671603732636,-16.285437901814777,-10.034776263766819,-10.48648018307156,-18.415929158528645,0.7721009823513615,0.7596064608898543,0.29508079740913756,51336_1372
916,102.6722428,2.744780206,Healthy,Palong_Basemap,0.16778676708539328,0.02645170957677894,0.02821607432431645,0.09288844052288267,0.8127452996042039,0.2071667876508501,38.7940419514974,-17.4064884185791,-9.449464374118381,-10.933055559794107,-19.702171325683594,0.8501741825832583,0.7276367686636579,0.2873243192158974,51336_1372
917,102.6722441,2.744851608,Healthy,Palong_Basemap,0.17772486309210458,0.023192383555902377,0.02406094864838653,0.08766768624385197,0.79959550831053,0.21525492270787558,39.0877554151747,-16.312726338704426,-9.890989621480307,-10.76798258887397,-19.59787983364529,0.7476271736370758,0.7691349653369097,0.33933573897830316,51336_1372
919,102.6721213,2.744782711,Unhealthy,Palong_Basemap,0.1378882916437255,0.02258365497820907,0.020978662392331496,0.09523674017853206,0.8198080129093595,0.1785357760058509,38.38508733113607,-19.0524836646186,-9.62671693166097,-11.778449800279406,-20.721006393432617,0.8854848018680612,0.7185345419730559,0.18295569176677876,51336_1372
922,102.6722791,2.744941799,Unhealthy,Palong_Basemap,0.17513322664631736,0.022018762305378914,0.01893633510917425,0.09235100075602531,0.7924317518870035,0.30823735230498844,40.48596954345703,-15.739290767245823,-10.710687531365288,-10.957416428460014,-19.375432120429146,0.7397935993054919,0.7766315985706471,0.3094845131401831,51336_1372
923,102.6723079,2.74502698,Healthy,Palong_Basemap,0.16624846557776132,0.02153362871872054,0.01731092244800594,0.08824600444899665,0.800703207651774,0.341840922832489,41.36275058322482,-15.668005413479275,-10.852421654595268,-11.631356981065538,-20.240083694458008,0.7601446396457883,0.7706530135432198,0.30649963089792626,51336_1372
924,102.6722453,2.74502698,Unhealthy,Palong_Basemap,0.16802144133382374,0.022990718070003722,0.018349654248191252,0.07463725697663096,0.7909260325961642,0.28905338876777226,41.655740102132164,-16.17944844563802,-10.706333266364204,-12.040818638271755,-20.699044545491535,0.7915805487330408,0.7592748216473696,0.38483757230790944,51336_1372
925,102.6721714,2.744993158,Unhealthy,Palong_Basemap,0.14129374590184954,0.020603815300597086,0.01851101416266627,0.05641814611024327,0.7954848474926419,0.2523375004529953,42.43098068237305,-16.824441803826225,-10.800532870822483,-12.635004043579102,-20.853531731499565,0.8200018011769986,0.7454709614206873,0.42928930034423507,51336_1372
926,102.6719973,2.744837828,Healthy,Palong_Basemap,0.11184820201661852,0.02250133144358794,0.01832414087322023,0.08334664503733318,0.8420657647980584,0.2383624017238617,39.89978705512153,-19.803935368855793,-10.040537198384603,-12.743514060974121,-19.922110027737087,1.0276046559852512,0.6650329798093016,0.14601592925968757,51335_1372
933,102.6714411,2.744781459,Healthy,Palong_Basemap,0.09211700823571947,0.01512336948265632,0.013826260860595439,0.07566822237438625,0.8950617379612393,0.3901929623550839,48.01798799302843,-16.36934683057997,-11.938110245598686,-15.796803050571018,-19.46097395155165,0.8883688134191355,0.7179538191785965,0.0980347662396842,51335_1372
934,102.6712995,2.744786469,Healthy,Palong_Basemap,0.10302811198764378,0.017547958220044773,0.016528598136372037,0.09119304931826061,0.9288671612739563,0.3073818799522188,47.479427337646484,-17.50558990902371,-10.549978680080837,-17.122133255004883,-19.728976991441513,0.9077354124481518,0.7089313295777685,0.060936010215398594,51335_1372
938,102.6713033,2.744870397,Healthy,Palong_Basemap,0.11168006641997232,0.01719693373888731,0.014931218181219365,0.10982886950174968,0.8639267550574409,0.3879113594690959,41.45870674981011,-16.134930716620552,-11.288361443413628,-13.15345213148329,-20.660905626085068,0.8544786805556599,0.7331264117307265,0.008357211010560864,51335_1372
939,102.6713722,2.744826554,Healthy,Palong_Basemap,0.11001178870598476,0.015268426595462693,0.014319967995915148,0.09298876259062025,0.885025315814548,0.40766603416866726,45.15818617078993,-16.04655753241645,-11.745327843560112,-14.121506690979004,-19.778967539469402,0.7887164019114784,0.7562515907444121,0.08385704376975849,51335_1372
940,102.6713697,2.744905472,Healthy,Palong_Basemap,0.11793571048312718,0.01520224360542165,0.01400034905721744,0.09119010551108254,0.8534955912166171,0.4199802941746182,41.95693884955512,-15.987037976582846,-11.93979517618815,-12.844252904256185,-20.477124955919052,0.7491532539296641,0.7716317077351094,0.127892411775623,51335_1372
941,102.6714449,2.744862881,Healthy,Palong_Basemap,0.11554691940546036,0.014592097968690924,0.01367296889010403,0.07961716378728549,0.8675416244400872,0.4148160782125261,45.54253938462999,-16.029169188605415,-12.295597076416016,-13.900011804368761,-19.81653340657552,0.7369556429988028,0.7757459943509721,0.18410024544675213,51335_1372
943,102.6715438,2.744887935,Healthy,Palong_Basemap,0.1289192901717292,0.013754588241378466,0.013532397751179006,0.05887615183989207,0.811423745420244,0.2927432523833381,41.70437325371636,-17.435218387179905,-11.988632731967503,-13.491708755493164,-20.98575931125217,0.6474237837976068,0.8071884160665698,0.37297571006810004,51335_1372
945,102.6714987,2.744985642,Unhealthy,Palong_Basemap,0.12982319957680172,0.01377900420791573,0.013918626432617506,0.06807230785489082,0.8154581321610345,0.3068637533320321,40.525579664442276,-17.384767956203884,-12.026554425557455,-13.379622989230686,-21.07671356201172,0.643503445483056,0.8080948085090304,0.31203786545394624,51335_1372
946,102.6713659,2.744988147,Healthy,Palong_Basemap,0.11408781922525829,0.015972527778810926,0.01424485051797496,0.09290649534927474,0.803163985411326,0.39429108632935417,38.0376828511556,-16.80983034769694,-11.908309088812935,-12.094609790378147,-21.07671356201172,0.7972425487735924,0.7543828207945472,0.10232804663993189,51335_1372
948,102.6711605,2.74495182,Healthy,Palong_Basemap,0.09774943027231428,0.020199906080961227,0.017799472022387717,0.11431075135866801,0.8660275141398112,0.3982686996459961,42.083702935112846,-16.055625915527344,-11.670041932000053,-12.277340571085611,-18.381742265489365,1.0362332848382474,0.6574816492318438,-0.07809726917603518,51335_1372
949,102.6712344,2.744986895,Healthy,Palong_Basemap,0.10859261039230558,0.019004833677576646,0.01602376749118169,0.11163294232553905,0.8240567313300239,0.4031151334444682,39.335196601019966,-16.23012373182509,-11.272295633951822,-12.047392421298557,-20.85382948981391,0.9348974157092041,0.7021126274728806,-0.013805536622395387,51335_1372
950,102.6712945,2.745025727,Healthy,Palong_Basemap,0.11303335179885228,0.0166035575999154,0.015220050596528582,0.10383434262540606,0.8072453538576762,0.4072412285539839,38.11195585462782,-16.389755460951065,-11.584089279174805,-11.886256535847982,-21.07671356201172,0.8226683698136641,0.7438452107980718,0.042417609491666376,51335_1372
951,102.6713609,2.745068318,Healthy,Palong_Basemap,0.1269929731885592,0.017019840681718454,0.014738456966976324,0.09032491056455506,0.8064401083522372,0.3775784174601237,38.665213690863716,-17.202021916707356,-11.719446500142416,-12.428593317667643,-21.07671356201172,0.7746365388322125,0.7636343569114704,0.16873007407738788,51335_1372
953,102.6715037,2.74514473,Healthy,Palong_Basemap,0.07641329616308212,0.0159706205336584,0.014306280037595166,0.05005182988113827,0.8592853877279494,0.2862839235199822,43.72883224487305,-17.64200994703505,-11.763080173068577,-15.355166647169325,-21.07671356201172,1.0416118783076536,0.6542553919621407,0.20844850360348494,51335_1372
954,102.6715714,2.745183562,Healthy,Palong_Basemap,0.08255338999960157,0.01678660087701347,0.015076031494471762,0.04685458126995298,0.8808592624134488,0.2500296086072922,46.051887936062286,-17.42204984029134,-11.653652403089735,-16.652757326761883,-21.07671356201172,1.0235527590188807,0.6620373984559104,0.2758625174278375,51335_1372
955,102.6716378,2.745176046,Healthy,Palong_Basemap,0.09783071279525757,0.017193893591562908,0.014122859988775518,0.048451118999057345,0.868295689423879,0.17216397242413628,43.23810111151801,-19.455272250705296,-11.077689700656467,-15.918641514248318,-21.07671356201172,0.9399335141027233,0.7010397317293844,0.3375647760935361,51335_1372
956,102.6716077,2.745112161,Healthy,Palong_Basemap,0.09097884429825677,0.015725758030182786,0.01395218519286977,0.05073435645964411,0.8569694558779398,0.19091840419504377,43.38466432359483,-18.481651094224716,-11.48666943444146,-15.37489488389757,-21.07671356201172,0.9224498907300671,0.7052468649519259,0.2839854552954829,51335_1372
958,102.6716766,2.745109655,Healthy,Palong_Basemap,0.09763595213492711,0.01655223758684264,0.01485123485326767,0.05393340314428011,0.852270503838857,0.1426542020506329,41.72200944688585,-19.651416142781574,-11.033654001024034,-15.12887986501058,-21.07671356201172,0.9095156874265826,0.7100884491264162,0.2883336734535959,51335_1372
959,102.6716503,2.745034496,Healthy,Palong_Basemap,0.09911282029416826,0.013352077143887678,0.01410402398970392,0.05682104660405053,0.805188364452786,0.15702436947160298,38.77532280815972,-19.552457809448242,-11.320835537380642,-13.592809041341146,-21.07671356201172,0.7634066240343848,0.7625556516202433,0.2712160900731233,51335_1372
960,102.6716365,2.744959336,Healthy,Palong_Basemap,0.10196494062741597,0.013589002295500703,0.013602987449202273,0.058918031553427376,0.7947946786880493,0.18801595270633698,38.616749657524956,-19.582412719726562,-11.456512451171875,-13.267150772942436,-21.07671356201172,0.7615769944012265,0.7648024472074377,0.26756659508752084,51335_1372
961,102.671619,2.744885429,Unhealthy,Palong_Basemap,0.11041958630084991,0.013746357005503442,0.013740429758197732,0.0520780264503426,0.7980015608999464,0.24636558360523647,40.284796396891274,-18.468261506822373,-11.811723709106445,-13.425767792595757,-21.07235336303711,0.7251492010280827,0.7785808791129272,0.3590302581234638,51335_1372
964,102.671882,2.744892945,Healthy,Palong_Basemap,0.11248571591244803,0.024045552023582988,0.01925295280913512,0.08311797802646954,0.8687614136272006,0.21673919591638777,41.5548472934299,-20.05533430311415,-9.61166720920139,-13.54818386501736,-20.76535881890191,1.069702826328061,0.6477649056207544,0.1501389738332311,51335_1372
965,102.6719534,2.74490923,Healthy,Palong_Basemap,0.11207272857427597,0.02335309920211633,0.01842635093877713,0.07728862596882714,0.8609488010406494,0.24223092363940346,41.5090823703342,-19.273886150783962,-9.920239872402615,-13.288462320963541,-20.449684778849285,1.054284589108768,0.6551160205470453,0.18369166554272376,51335_1372
968,102.6720712,2.745013201,Unhealthy,Palong_Basemap,0.11452840268611908,0.017243967184589967,0.01600192476891809,0.052956735922230616,0.8331135776307848,0.2677977714273665,43.47260962592231,-17.20540534125434,-11.129661136203342,-13.529466205173069,-20.602823469373917,0.8359786120136842,0.7382764353178255,0.36762465777855535,51336_1372
969,102.67211,2.745090865,Unhealthy,Palong_Basemap,0.11372076554430856,0.016948436490363546,0.015639368548161454,0.05133737830652131,0.8114604817496406,0.25813308523760903,44.07945081922743,-17.49543719821506,-11.560290124681261,-13.587843365139431,-20.542009141710068,0.8305156045284905,0.7405901891730171,0.37794795083946775,51336_1372
970,102.6720649,2.745150993,Unhealthy,Palong_Basemap,0.09964492006434335,0.01547247740543551,0.01502738313542472,0.054261443515618644,0.8348366883065965,0.25384541352589923,44.688055250379776,-17.663353390163845,-11.59303749932183,-14.453859117296007,-20.71276346842448,0.8500353662368817,0.7311878526528117,0.2948771934641009,51336_1372
971,102.6720349,2.745078339,Healthy,Palong_Basemap,0.12884145643976,0.016046916755537193,0.016290846798155043,0.05724910149971644,0.8303767707612779,0.2709539035956065,44.29478412204318,-17.361006630791557,-11.521126429239908,-13.916731622483995,-20.607465532090927,0.7243589258288652,0.7784926919718077,0.38471782627105705,51336_1372
972,102.6720186,2.745192331,Healthy,Palong_Basemap,0.10465060505602095,0.015257918275892735,0.015692377359502845,0.056963630434539586,0.8539815346399943,0.20034376945760515,44.46840116712782,-18.729696697658962,-10.979837947421604,-15.193585395812988,-21.0580440097385,0.8091230399569329,0.7455073609128195,0.29506667204614306,51336_1372
974,102.6719522,2.745075834,Healthy,Palong_Basemap,0.14407668759425482,0.017976767383515835,0.017529997146791883,0.06981031141347355,0.8526659607887268,0.2404428803258472,43.693021562364365,-16.966803126864964,-10.553621821933323,-14.113435745239258,-21.067038853963215,0.7279508973325778,0.778137807848876,0.3472224890962064,51335_1372
976,102.6719083,2.744983137,Healthy,Palong_Basemap,0.1336406105094486,0.023671736526820395,0.01877436310880714,0.07746001912487878,0.8606425722440084,0.20536069571971893,42.83288235134549,-17.904799885219997,-9.976296742757162,-13.707793023851183,-21.06293699476454,0.9480144412897343,0.6990479517623269,0.26613180397371117,51335_1372
977,102.6718445,2.744955578,Healthy,Palong_Basemap,0.12889602780342102,0.022374064351121586,0.017757717209557693,0.07797735184431076,0.8584728770785861,0.17249353726704916,41.50099605984158,-19.819317923651802,-9.730418629116482,-13.505712615119087,-21.066313849555122,0.9351659486640527,0.7041839000367173,0.24613450046504592,51335_1372
978,102.6717818,2.744936788,Healthy,Palong_Basemap,0.11913591374953587,0.018970912736323144,0.01688063082595666,0.07485468644234869,0.837332374519772,0.15773299667570326,40.19697570800781,-20.352343453301323,-10.198256916469997,-13.408609920077854,-21.07671356201172,0.8724346051793149,0.7252719040899024,0.22826480903397736,51335_1372
979,102.6717117,2.744934283,Healthy,Palong_Basemap,0.11126233057843314,0.014725799465345012,0.014362445308102502,0.06390899005863401,0.8114496999316745,0.16729705697960323,38.923133002387154,-20.256102244059246,-10.91180780198839,-13.274388313293457,-21.07671356201172,0.7596669438630334,0.7662351292899083,0.27032587496391186,51335_1372
980,102.6717204,2.745016959,Healthy,Palong_Basemap,0.10998716370926963,0.01500926363385386,0.01468311126033465,0.05887922230694029,0.8136986030472649,0.13858161701096428,38.742362128363716,-20.279516643948025,-10.80795849694146,-13.548127810160318,-21.07671356201172,0.7762301300039943,0.7598449179246949,0.30265313664866,51335_1372
981,102.6717405,2.745095876,Healthy,Palong_Basemap,0.11152025477753745,0.01693333654354016,0.015711221016115613,0.056815683013863034,0.8501916461520724,0.1125546544790268,40.654478285047745,-20.623851988050674,-10.53123696645101,-15.1789853837755,-21.07671356201172,0.8408954000372284,0.7363509051107142,0.32497262605602106,51335_1372
983,102.671882,2.745223647,Healthy,Palong_Basemap,0.111385777592659,0.017196577766703233,0.018656254125138123,0.05580021937688192,0.8763000037935045,0.09734434924191898,43.05458958943685,-20.883913040161133,-10.202735900878906,-16.910122129652237,-21.07615915934245,0.8366373671801739,0.7325204112392838,0.3324773558990352,51335_1372
984,102.6718382,2.745159762,Healthy,Palong_Basemap,0.12300922887192832,0.019926354702976014,0.019378084482418165,0.06408986076712608,0.8745022416114807,0.10885259757439296,42.801019456651474,-20.79751714070638,-10.076835632324219,-16.59234947628445,-21.07671356201172,0.8747301235441691,0.7211841277783183,0.31490996679068617,51335_1372
985,102.6719071,2.745138467,Healthy,Palong_Basemap,0.13441026045216453,0.01780979728533162,0.018362339172098372,0.0674999211397436,0.8618049886491563,0.15279102739360598,43.521690368652344,-19.134748035007053,-10.226510047912598,-14.924236827426487,-21.07671356201172,0.7562859963042474,0.765999336092164,0.3313866531389543,51335_1372
986,102.6718169,2.745092118,Healthy,Palong_Basemap,0.1478085352314843,0.021764507310258016,0.01885982509702444,0.07372012279099888,0.8505485190285577,0.13817855467398962,41.65156979031033,-19.4333438873291,-10.029300265842014,-14.059461381700304,-21.07671356201172,0.8283455420139725,0.7433022727666109,0.3344416614168543,51335_1372
987,102.6717944,2.745013201,Healthy,Palong_Basemap,0.1225197712580363,0.018727232391635578,0.017126155292822257,0.06947312876582146,0.8322521381907992,0.14160188949770397,39.9183595445421,-20.278393003675674,-10.265722274780273,-13.524610413445366,-21.07671356201172,0.8459487751804455,0.7348300224749004,0.2762948134312418,51335_1372
989,102.6722917,2.745203605,Unhealthy,Palong_Basemap,0.11617723604043324,0.015705706965592172,0.013836663630273607,0.09996695071458817,0.822901361518436,0.36843324369854397,41.260929107666016,-16.54735533396403,-11.898841857910156,-12.047083218892416,-19.84426392449273,0.7783516285098012,0.7618235291447111,0.07499755403654633,51336_1372
991,102.6722854,2.745278764,Healthy,Palong_Basemap,0.11466145267089208,0.016548818287750084,0.015302443980342813,0.10874290929900275,0.822914289103614,0.30389218694633907,38.875040690104164,-18.66842524210612,-10.536361906263563,-12.20895332760281,-20.528610441419815,0.81190544257862,0.7477511757754648,0.02649251482693469,51336_1372
992,102.672214,2.74526248,Healthy,Palong_Basemap,0.11064702686336306,0.019821948578788176,0.01906693447381258,0.09974180120560858,0.8337288366423713,0.3244997064272563,41.65515433417426,-17.870483610365127,-11.070818901062012,-12.944060113694933,-20.269388410780167,0.9363343988860092,0.6961431097069195,0.051833672718493526,51336_1372
993,102.6722491,2.745352671,Healthy,Palong_Basemap,0.12567277335458332,0.025346124544739723,0.024911402207281854,0.1199138139684995,0.8369662231869168,0.3064986202451918,39.97630182902018,-19.302819146050346,-9.88300281100803,-12.548174540201822,-19.69223467508952,1.0074155316955706,0.6643317505649293,0.023449812340555855,51336_1372
996,102.6721676,2.745327618,Healthy,Palong_Basemap,0.1086144091354476,0.02414389534129037,0.025041581131517887,0.10581814911630419,0.8598603871133592,0.3066422674391005,42.31230926513672,-18.97118589613173,-9.780077722337511,-13.212671491834852,-19.326701482137043,1.0615980481568896,0.6362729181206004,0.013040277287838468,51336_1372
997,102.6721088,2.745391504,Unhealthy,Palong_Basemap,0.1301039233803749,0.02860990021791723,0.0286139574729734,0.10999265147580041,0.8603549798329672,0.29256780280007255,41.767969343397354,-18.526533338758682,-9.888441615634495,-12.14260164896647,-17.69244236416287,1.0599317376054613,0.6394781554714546,0.08376326033231304,51336_1372
999,102.6720261,2.74526248,Healthy,Palong_Basemap,0.10397031075424618,0.015913319773972034,0.01770693239652448,0.06345327777995004,0.8635192645920647,0.16645237223969567,43.63268364800347,-19.751774893866646,-10.67995834350586,-15.236328972710503,-20.95846896701389,0.8293377076438093,0.7345205562451438,0.2420031330652105,51336_1372
1000,102.6720073,2.745337639,Healthy,Palong_Basemap,0.11901321179336971,0.01834923608435525,0.020016404282715585,0.07697934698727396,0.857302619351281,0.2103840634226799,41.121838887532554,-19.392926745944553,-10.509339650472006,-13.211825052897135,-19.693668153550888,0.8353467572602999,0.7328347540706458,0.21446663622132903,51336_1372
1003,102.6721188,2.745464158,Healthy,Palong_Basemap,0.18770517574416268,0.029483425327473216,0.027494972571730614,0.11054727683464687,0.8464296062787374,0.274522109164132,40.28838602701823,-18.345901913113064,-9.654784520467123,-11.178789456685385,-17.227234734429253,0.8603055929604149,0.7284993302411057,0.2586999645514324,51336_1372
1004,102.6721839,2.745490464,Healthy,Palong_Basemap,0.16653692556752098,0.02957578727768527,0.0280822291970253,0.11172735691070557,0.8362826506296793,0.2772093613942464,39.66558625962999,-19.19573423597548,-9.693651093377007,-11.159108691745335,-17.110619227091473,0.9323624472198435,0.6983797037061055,0.19696947149911026,51336_1372
1005,102.6722553,2.74551677,Healthy,Palong_Basemap,0.17062625620100233,0.0283509385254648,0.027973871678113937,0.14053207139174143,0.8063869211408827,0.2546393656068378,37.14175796508789,-20.00463083055284,-9.742825084262424,-10.524751875135633,-17.639010747273762,0.8883890601088891,0.7150332874635339,0.09671662989733432,51336_1372
1006,102.6719584,2.745383988,Healthy,Palong_Basemap,0.13351230985588497,0.018988078149656456,0.020804513038860425,0.0796160755885972,0.8253589603636,0.2013209205534723,38.66992314656576,-19.234435187445747,-10.786382357279459,-12.38727060953776,-20.01238801744249,0.7899644897796942,0.7509766578565494,0.2528815397108482,51335_1372
1007,102.6719622,2.745452884,Healthy,Palong_Basemap,0.14559435513284472,0.021213629076050386,0.02181182491282622,0.09124905326300198,0.8146079911126031,0.2236258155769772,37.882758670383026,-18.638417349921333,-10.60333580440945,-11.791615380181206,-20.038346184624565,0.8087797353272616,0.7456521139961219,0.22945667873100808,51335_1372
1008,102.6719108,2.745505496,Healthy,Palong_Basemap,0.12981912824842665,0.01837307752834426,0.019221545300549932,0.07782387360930443,0.8194557229677836,0.20506355000866783,38.23169284396701,-19.777592341105144,-10.47809272342258,-13.043020884195963,-20.928638458251953,0.7911466131903828,0.75203719477635,0.25040696856592043,51335_1372
1009,102.6718495,2.745480443,Healthy,Palong_Basemap,0.10135751797093286,0.015386281638509698,0.017365529615845945,0.05866742920544413,0.8235422240363227,0.20642871823575762,39.05917061699761,-20.46391487121582,-11.352848794725206,-13.918523682488335,-21.07671356201172,0.8233703477771137,0.7364094420434605,0.2667714598176769,51335_1372
1010,102.6717843,2.745456642,Unhealthy,Palong_Basemap,0.08089496112532085,0.0154619501489732,0.0164943417120311,0.052002587666114174,0.8279626833068,0.2528266625271903,39.76057688395182,-20.860560523139107,-11.904191335042318,-14.463959376017252,-21.07671356201172,0.9640130412873898,0.679069203350479,0.2174033586168651,51335_1372
1011,102.6718369,2.745409041,Healthy,Palong_Basemap,0.09685159309042825,0.016194431835578546,0.015927794803347852,0.05397909548547533,0.8317415051990085,0.1794708338048723,39.73237991333008,-20.67300754123264,-11.345561875237358,-14.389777077568901,-21.076060401068794,0.8924503346152015,0.7134895836243962,0.2842425371768948,51335_1372
1012,102.6718971,2.745335134,Unhealthy,Palong_Basemap,0.1176245038708051,0.017386806300944753,0.01909908414300945,0.05912729518281089,0.8458546201388041,0.1232783409456412,40.03707758585612,-20.586151546902126,-10.701077779134115,-14.90964052412245,-20.907425986395943,0.8110595969391066,0.7424392626243423,0.3309567936575833,51335_1372
1015,102.6718081,2.745242437,Healthy,Palong_Basemap,0.10687222580115001,0.016906919785671763,0.018684992877145607,0.05228985225160917,0.8827624056074355,0.11440524748629993,42.92792002360026,-21.07671356201172,-10.134773042466906,-17.713296042548286,-21.07671356201172,0.848682061667118,0.7268211909927457,0.3429357936093787,51335_1372
1016,102.6718482,2.745295049,Healthy,Palong_Basemap,0.10582903110318714,0.016694078428877726,0.017750036902725697,0.05079931972755326,0.873522612783644,0.12355877748794025,42.14304860432943,-21.06639840867784,-10.41866323682997,-17.331740697224934,-21.076060401068794,0.8508312964506896,0.7274950253444423,0.35133940365050165,51335_1372
1017,102.6717806,2.745308828,Healthy,Palong_Basemap,0.10284754219982359,0.015836115616063278,0.01566639853020509,0.046071980562474996,0.875907215807173,0.1778534104426702,42.76748021443685,-20.97578387790256,-10.743199984232584,-17.386845270792644,-21.07671356201172,0.8435458689261354,0.733137385424542,0.3812499569178196,51335_1372
1018,102.6717518,2.745371461,Unhealthy,Palong_Basemap,0.09526706486940384,0.015525503291024102,0.014602802797324128,0.044700694580872856,0.8592622876167297,0.20285129961040285,41.95118670993381,-20.92298083835178,-11.353051821390787,-16.11474831899007,-21.07671356201172,0.8813742250060691,0.7197374598530267,0.36127155630075364,51335_1372
1020,102.671733,2.745247448,Healthy,Palong_Basemap,0.10023610790570577,0.016441107106705505,0.014546152100794844,0.04599607901440726,0.8755698402722677,0.18188987837897408,42.953700595431854,-20.384368896484375,-10.80681578318278,-16.831919882032608,-21.07671356201172,0.8907278311082641,0.7181779303704392,0.37091716969896615,51335_1372
1021,102.6716628,2.745251206,Healthy,Palong_Basemap,0.09711651586823994,0.016452504011491936,0.013129396674533686,0.04411604296829966,0.8738051454226176,0.2057471043533749,43.86293241712782,-19.232386059231228,-11.345543437533909,-16.170912742614746,-21.07671356201172,0.9194494284196713,0.710264224717006,0.3752709243290155,51335_1372
1022,102.671634,2.745312586,Healthy,Palong_Basemap,0.0942540094256401,0.01679559186514881,0.013350243473218547,0.04404366140564283,0.8714903593063354,0.2342316061258316,43.47205564710829,-19.61431376139323,-11.66875531938341,-15.933444446987576,-21.07671356201172,0.9516223620887526,0.697511892525058,0.3630599685315864,51335_1372
1023,102.671639,2.745390251,Unhealthy,Palong_Basemap,0.0914597287774086,0.016104675518969696,0.01344827852315373,0.04446472144789166,0.8461978567971123,0.28436222010188633,40.4524777730306,-20.229920705159504,-12.231494479709202,-14.819351514180502,-21.07671356201172,0.9396141065793915,0.7005575287788407,0.34574358955744033,51335_1372
1024,102.6715714,2.745500485,Unhealthy,Palong_Basemap,0.10312101327710682,0.022519199901984796,0.017607119555274647,0.07473697513341904,0.8655464847882589,0.23356663518481785,41.807664235432945,-20.933435016208225,-11.326247533162435,-15.116940392388237,-20.686398188273113,1.086791141436787,0.6415287855348477,0.15958821078181035,51335_1372
1026,102.6715714,2.745416557,Healthy,Palong_Basemap,0.10258170465628307,0.01888884459104803,0.015901338102089033,0.06715842998690075,0.8859361542595757,0.22493626342879403,43.44072977701823,-20.081883960300022,-11.19874201880561,-15.611931059095594,-21.048197004530167,0.9670424223147377,0.6889971320935137,0.2086912134472305,51335_1372
1027,102.6715739,2.745353924,Healthy,Palong_Basemap,0.10791963338851929,0.016538173995084234,0.014045559283759858,0.05429597074786822,0.8723380499415927,0.24845792684290144,42.91130913628472,-19.386646906534832,-11.77207809024387,-15.413327323065865,-21.07671356201172,0.8533544712944107,0.7342364558277921,0.3305703105822385,51335_1372
1028,102.6715764,2.745268743,Healthy,Palong_Basemap,0.09228200713793437,0.016890231830378372,0.015000878212352594,0.044601697474718094,0.8785678280724419,0.23780183990796408,44.48549270629883,-18.73199611239963,-11.715748892890083,-15.976717101203072,-21.07671356201172,0.9578806656039935,0.6905764324338761,0.34832714235883616,51335_1372
1029,102.6715025,2.745401525,Healthy,Palong_Basemap,0.10749937180015776,0.020220748873220548,0.017497514891955588,0.07205986438526048,0.9033070471551683,0.22938047183884513,45.575647566053604,-19.461555269029404,-10.868508127000597,-16.18968391418457,-21.0220701429579,0.9778020471775459,0.6833584439693485,0.1973694484771665,51335_1372
1030,102.6715112,2.745307576,Healthy,Palong_Basemap,0.09507113612360424,0.017528135432965226,0.016239975165161822,0.05164605503280958,0.9061465859413147,0.2716971950398551,47.75937949286567,-16.801244417826336,-11.02474700080024,-18.02385796440972,-21.07671356201172,0.9580350580808853,0.6886634311100468,0.29597813827078784,51335_1372
1031,102.67151,2.745229911,Healthy,Palong_Basemap,0.08726255181762907,0.018169733178284433,0.016875957345796957,0.048860333032078214,0.900707827674018,0.28583163519700366,47.60253609551324,-16.46497419145372,-11.239900800916883,-17.976551691691082,-21.07671356201172,1.0347377579169768,0.6553288553124181,0.28211434710593,51335_1372
1032,102.6714386,2.745348913,Healthy,Palong_Basemap,0.10620398571093877,0.016810869694583945,0.016346695108546153,0.07079546857211325,0.9151390526029799,0.2832804371913274,48.187679290771484,-16.750283665127224,-10.70489756266276,-17.858405854966904,-21.07671356201172,0.8611440955899348,0.7266855350247524,0.2000487362079734,51335_1372
1033,102.6714424,2.745264985,Healthy,Palong_Basemap,0.09258302715089586,0.01753876130614016,0.018439470479885738,0.05622036423948076,0.9015269544389513,0.32125333613819546,47.70179706149631,-16.06928168402778,-11.047138955858019,-17.58917628394233,-21.07671356201172,0.9603700958815191,0.681466101270542,0.2443671651005579,51335_1372
1034,102.6714436,2.745196089,Healthy,Palong_Basemap,0.08870498008198208,0.01737996790972021,0.017192564490768645,0.05727083691292339,0.8800381885634528,0.32091673877504134,45.35336600409614,-16.885092311435276,-11.34264522128635,-15.992674085828993,-21.07671356201172,0.9884987480941733,0.6723386637078875,0.21533801842092606,51335_1372
1035,102.6713647,2.745394009,Unhealthy,Palong_Basemap,0.09792799419826931,0.018441406802998647,0.017997262792454824,0.08061477210786608,0.9151461455557082,0.2835589514838325,46.74494849310981,-17.328847461276585,-10.567710240681967,-16.824896176656086,-21.05027241177029,0.9654676866730529,0.6830540220311401,0.09696960817061276,51335_1372
1036,102.6713697,2.745467916,Unhealthy,Palong_Basemap,0.10024960504637824,0.01930661251147588,0.016430309663216274,0.07766801863908768,0.901637077331543,0.24114792380068037,44.55936135186089,-18.973865509033203,-10.485153622097439,-15.921236250135633,-21.019964853922527,0.9945893318778516,0.6770287166013216,0.12692158280627514,51335_1372
1037,102.6714373,2.745505496,Healthy,Palong_Basemap,0.10498094393147363,0.021600600745942857,0.018030030135479238,0.07572079615460502,0.8855162262916565,0.2016963329580095,43.152203453911675,-20.70742352803548,-10.551804330613878,-15.55669911702474,-20.780473921034073,1.0396639439110795,0.6587085297309279,0.16192510245297206,51335_1372
1038,102.671371,2.745306323,Healthy,Palong_Basemap,0.09859190384546916,0.018310918990108702,0.0189096186723974,0.07648976726664437,0.9092182980643378,0.35105108221371967,48.4311514960395,-15.298514048258463,-10.72769292195638,-17.566230032179092,-21.07671356201172,0.9504552161817852,0.686732646039476,0.12623900856344744,51335_1372
1039,102.671371,2.745232416,Healthy,Palong_Basemap,0.10575324214167064,0.017982197925448418,0.01916819479730394,0.0701961140665743,0.8937725358539157,0.3628175887796614,47.14272223578559,-15.676872889200846,-10.93323400285509,-16.502734926011826,-21.07671356201172,0.8941594229211952,0.7093444220072413,0.20208728716809105,51335_1372
1040,102.671371,2.745150993,Healthy,Palong_Basemap,0.12616288330819872,0.017889050766825676,0.016088480336798563,0.07911743803156747,0.8339612417750888,0.36836834748586017,41.23211797078451,-17.177954355875652,-11.476079199049208,-13.369257926940918,-21.07671356201172,0.8038692133967558,0.7516305368380714,0.2291765960301903,51335_1372
1041,102.6712933,2.745113413,Healthy,Palong_Basemap,0.15026042527622646,0.018405709208713636,0.01755017725129922,0.09051172559460004,0.8243128524886237,0.4125642842716641,41.111891428629555,-16.55827956729465,-11.303460545010036,-12.738186412387424,-21.07671356201172,0.7195983745528584,0.7817497950620661,0.2481545289416857,51335_1372
1042,102.6712294,2.745067065,Healthy,Palong_Basemap,0.10179350856277677,0.01750984001490805,0.018272561124629445,0.09382286585039562,0.8159665862719218,0.4271012908882565,39.93314403957791,-16.237791061401367,-11.244739320543077,-12.167248407999674,-21.015685823228623,0.9032339874854963,0.7064652380061831,0.040746296092503534,51335_1372
1043,102.6711655,2.745110908,Healthy,Palong_Basemap,0.09521447867155075,0.016675547696650028,0.018335450233684644,0.08536451392703587,0.8455704053243002,0.43823669022983974,42.62469270494249,-16.2410339779324,-11.428860558403862,-13.054951773749458,-20.85889540778266,0.9081242435865725,0.7019296851039222,0.05454657046631446,51335_1372
1044,102.6712294,2.745150993,Healthy,Palong_Basemap,0.11106530990865496,0.016765057833658323,0.01841199066903856,0.08962521288130018,0.8273802399635315,0.44092951549424064,41.87334060668945,-16.18918005625407,-11.128663063049316,-12.768683433532715,-21.066043006049263,0.8227874888077196,0.7376983555667438,0.10683163673749663,51335_1372
1045,102.6712256,2.745232416,Healthy,Palong_Basemap,0.1066085331969791,0.016735159274604585,0.018492354907923274,0.08447892301612431,0.8782930307918124,0.4244217442141639,46.18263202243381,-15.33281241522895,-10.855404006110298,-15.185024579366049,-21.07671356201172,0.8442975053401052,0.7286418309803707,0.11580880618440775,51335_1372
1046,102.6712983,2.745188573,Healthy,Palong_Basemap,0.1500273918112119,0.01787679683831003,0.01843572428656949,0.08041632961895731,0.8545830779605441,0.40847045845455593,43.928488413492836,-16.05945290459527,-11.060614162021214,-13.956736246744791,-21.07671356201172,0.7003069183930563,0.7870595488761092,0.30207402380172316,51335_1372
1047,102.671297,2.745269996,Healthy,Palong_Basemap,0.11760169102085961,0.016944277617666457,0.01868850675721963,0.0814049777885278,0.9045517047246298,0.3825192120340135,47.71402952406142,-15.188746240403917,-10.694598409864637,-16.669517199198406,-21.07671356201172,0.7965402175126312,0.7481265653794608,0.18188693599510353,51335_1372
1048,102.6713008,2.745358935,Healthy,Palong_Basemap,0.09641590466101964,0.017241332059105236,0.017802193760871887,0.08632741620143254,0.9154842032326592,0.355484750535753,47.77281188964844,-15.60938941107856,-10.582516140407986,-17.042039977179634,-21.07671356201172,0.927571951325027,0.6966082837019674,0.05520578487889324,51335_1372
1049,102.6712344,2.745391504,Healthy,Palong_Basemap,0.09688279694981045,0.017891777058442433,0.018634667206141684,0.08306871437364155,0.9048431118329366,0.3529947300752004,45.91750293307834,-16.409210205078125,-10.54190762837728,-15.668757226732042,-21.04260932074653,0.9460228232531089,0.6882275153178801,0.07676558243147463,51335_1372
1051,102.6713071,2.74551677,Healthy,Palong_Basemap,0.12580678280856875,0.01924657780263159,0.017538920148379274,0.09706346690654755,0.8528023031022813,0.22558558152781594,40.75306108262804,-19.611785888671875,-10.407897101508247,-13.979134241739908,-20.67137188381619,0.846753128778441,0.7346276194976284,0.12896883248779198,51335_1372
1053,102.6711004,2.745476685,Healthy,Palong_Basemap,0.1193868261244562,0.0192771146280898,0.01971787504023976,0.08101296838786867,0.8952871561050415,0.3356209446986516,46.89099587334527,-15.295235104031033,-10.02700063917372,-15.619542333814833,-21.03184191385905,0.8680504642202741,0.7219592271289772,0.1914865123987314,51335_1372
1055,102.671163,2.745358935,Healthy,Palong_Basemap,0.10084110746781032,0.017407225341432624,0.019180798903107643,0.08152756757206386,0.8943156401316324,0.4269774986637963,47.272076500786675,-15.45928266313341,-10.817334598965115,-15.849539015028212,-21.07671356201172,0.8993869746179127,0.7055818897757521,0.1059038230744596,51335_1372
1056,102.6712357,2.745307576,Healthy,Palong_Basemap,0.09906686097383499,0.017518763326936297,0.01869207103219297,0.08509800169203016,0.899390353096856,0.4078574644194709,47.27115970187717,-15.157515419854057,-10.754066679212782,-16.18014038933648,-21.07671356201172,0.9172339977292351,0.6994695798559033,0.07584975265965298,51335_1372
1057,102.6711555,2.745275006,Healthy,Palong_Basemap,0.10291804207695855,0.016191952034003206,0.018922052449650235,0.08681624382734299,0.8880523443222046,0.4305560290813446,46.996783362494575,-15.602618323432075,-11.105610953436958,-15.353843371073404,-21.010096655951607,0.8399186731794959,0.7281176587261193,0.08486498986133173,51335_1372
1058,102.6710891,2.745397767,Healthy,Palong_Basemap,0.11093297517961925,0.018107166824241478,0.01880777358180947,0.08291490541564094,0.893177760971917,0.39207107822100323,47.23599836561415,-15.018625047471788,-10.450810114542643,-16.227463404337566,-21.07427194383409,0.8728707339985643,0.7193560617176051,0.14453637397500332,51335_1372
1059,102.6710904,2.745310081,Healthy,Palong_Basemap,0.10270724859502581,0.01545965474926763,0.017448908442424402,0.09689418392048942,0.8808945880995857,0.4186161855856578,46.65320332845052,-15.620458179050022,-11.270737012227377,-15.205019844902885,-21.010096655951607,0.818645414970019,0.7383420515941916,0.02912336149734064,51335_1372
1060,102.6710891,2.745238679,Healthy,Palong_Basemap,0.10256676044729021,0.01490468035141627,0.017476497321493097,0.09859755966398451,0.8739282488822937,0.40998245941268074,45.67931916978624,-16.226046244303387,-11.441650284661186,-14.408262040879992,-20.98627387152778,0.7956980934164681,0.7462416354123683,0.019731137117706198,51335_1372
1061,102.6710954,2.745161014,Unhealthy,Palong_Basemap,0.0945813399222162,0.016297001702090103,0.017280908301472664,0.08170767542388704,0.8636477788289388,0.40716439816686845,43.995170169406464,-16.57856199476454,-11.454836739434135,-13.75752427842882,-20.98627387152778,0.9025293965994627,0.7060381412032675,0.07302590279408312,51335_1372
1063,102.6710966,2.744988147,Healthy,Palong_Basemap,0.09264914029174381,0.021822995816667873,0.018333215473426714,0.12462083084715737,0.847351590792338,0.4142550097571479,40.37743716769748,-15.848115073310005,-11.686768425835503,-11.875902281867134,-19.151170518663193,1.1290553735493747,0.6187195144851627,-0.1471519068549698,51335_1372
1064,102.6711643,2.744802754,Unhealthy,Palong_Basemap,0.0834219323264228,0.021628904880748853,0.021107849561505847,0.05979366766081916,0.9226398335562812,0.23953289290269217,46.5104603237576,-19.70203420850966,-10.385725127326118,-16.543239063686794,-19.165797763400608,1.1708103306564877,0.5882202283053812,0.16498387513447216,51335_1372
1065,102.6712206,2.744736363,Unhealthy,Palong_Basemap,0.08323119497961468,0.022484377440479066,0.020612207965718374,0.06174093567662769,0.9475311636924744,0.16029859334230423,47.758221520317925,-20.413198682996963,-9.571356031629774,-19.68957561916775,-20.401836819118923,1.2087387358081396,0.5746250637298658,0.14823717638491943,51335_1372
1066,102.6712332,2.744666214,Healthy,Palong_Basemap,0.08584812863005532,0.02291170259316762,0.022348110667533345,0.06920880037877294,0.9599257310231527,0.15518719454606375,49.32117716471354,-20.720689985487198,-9.470706621805826,-20.747825198703342,-19.957098219129776,1.1900665097592313,0.5786734433939541,0.1073110912078944,51335_1372
1068,102.6711605,2.744631139,Unhealthy,Palong_Basemap,0.08887222823169497,0.022540434988008604,0.02592997791038619,0.05628454850779639,0.9023322131898668,0.13161085463232464,45.03356170654297,-21.040896945529514,-9.764324824015299,-18.24144999186198,-20.694903267754448,1.127845950192202,0.595370322607596,0.2244998852680694,51335_1372
1069,102.6711643,2.744713815,Healthy,Palong_Basemap,0.07964487125476201,0.0221222626666228,0.02242350743876563,0.05452481988403532,0.9327898489104377,0.16613361984491348,46.80041207207574,-20.790725708007812,-9.782063484191895,-18.642077445983887,-20.227263768513996,1.2095864169342019,0.5652375808537112,0.18722597598246107,51335_1372
1071,102.6710941,2.744669972,Healthy,Palong_Basemap,0.08886443575223286,0.018612823035154078,0.020611442522042327,0.05091706332233217,0.8884338935216268,0.13568797955910364,44.073671129014755,-20.906193839179146,-10.14732445610894,-17.147378073798286,-20.849864959716797,1.015003660980913,0.6536416494958394,0.27147635903989015,51335_1372
1072,102.6710891,2.74459356,Healthy,Palong_Basemap,0.09325637337234285,0.019569840903083485,0.02221664548334148,0.05143156978819105,0.8584883411725363,0.12923683474461237,42.86565187242296,-20.805811352199978,-10.414116011725532,-16.291133138868545,-20.799524519178604,1.0125864599381953,0.6530976240094264,0.28906903139639234,51335_1372
1074,102.6719021,2.745421568,Healthy,Palong_Basemap,0.12089109751913282,0.018096042072607413,0.019087655676735774,0.07341661469803916,0.8234299023946127,0.17288655870490605,38.71252695719401,-20.03606520758735,-11.033352533976236,-13.348439852396647,-20.781777911716038,0.8217497218371851,0.7396012015822098,0.24432629193859706,51335_1372
1075,102.6722015,2.745555602,Healthy,Palong_Basemap,0.18148480852444968,0.030015815049409866,0.027558115414447255,0.13983175655206045,0.8242958651648628,0.23297551108731163,38.39456261528863,-19.48202853732639,-9.342358695136177,-10.668835745917427,-17.8416559431288,0.8924163091305171,0.7161633422898364,0.1296324450700854,51336_1372
1079,102.6721977,2.745822419,Unhealthy,Palong_Basemap,0.1763354962070783,0.03445043394135104,0.03363901376724243,0.12160815960831112,0.8748572203848097,0.14672601388560402,40.759869469536675,-20.951100879245335,-7.41094430287679,-13.924523989359537,-20.646765391031902,0.9882674965737134,0.6731239706835078,0.1836835103905589,51336_1372
1081,102.6721188,2.745803629,Unhealthy,Palong_Basemap,0.13896256105767357,0.03481756295594904,0.03245327228473292,0.11256097174353069,0.8869224852985806,0.1386393043729994,42.16395823160807,-21.07671356201172,-7.503351794348823,-16.390280617607964,-20.6209716796875,1.1555253897734417,0.599291769946951,0.10496667655749654,51336_1372
1082,102.6720524,2.745779828,Unhealthy,Palong_Basemap,0.12854037268294227,0.0347269405093458,0.03434711777501636,0.09730778882900874,0.8811320861180624,0.12586569951640236,41.75632519192166,-21.07671356201172,-7.439242468939887,-17.82074483235677,-21.039843453301323,1.1957212885036541,0.5746002083289489,0.13829018418766637,51336_1372
1085,102.6721113,2.745598192,Unhealthy,Palong_Basemap,0.1805083668894238,0.03104392025205824,0.028549293470051553,0.12514887170659172,0.83153145843082,0.16949292023976645,38.234366946750214,-19.79413308037652,-8.487877474890816,-10.864746623569065,-19.61341158548991,0.9159339219182058,0.7065130264340118,0.1811162576653394,51336_1372
1086,102.6721251,2.745534307,Healthy,Palong_Basemap,0.18773187034659916,0.029581756227546267,0.027110697701573372,0.1214803225464291,0.8338528341717191,0.22618821097744835,38.93359586927626,-18.963743421766495,-9.169441223144531,-10.763640297783745,-18.206457138061523,0.8636817452580223,0.7277505631479281,0.2142591699903947,51336_1372
1090,102.6720236,2.74571469,Healthy,Palong_Basemap,0.14346816721889707,0.03369150455627176,0.033785246312618256,0.08053187612030241,0.8711555997530619,0.13119234475824568,40.94344965616862,-21.07651646931966,-7.85692204369439,-16.76070891486274,-21.07664171854655,1.1017657695327645,0.6196481488289363,0.2809655309007744,51336_1372
1091,102.6719885,2.745754775,Unhealthy,Palong_Basemap,0.12492513904968898,0.032558417982525296,0.03296136897471216,0.08376615080568525,0.884643018245697,0.1428027724226316,42.193312327067055,-21.07671356201172,-7.90277115503947,-18.929578887091743,-21.06509674919976,1.1679974802195017,0.5865166040685089,0.19722427453741573,51335_1372
1093,102.6719697,2.745654562,Healthy,Palong_Basemap,0.14749526811970604,0.025391993009381823,0.027468021545145247,0.07915717984239261,0.8537741502126058,0.15165389825900397,40.084036933051216,-20.777483834160698,-8.696975496080187,-15.04326089223226,-21.069135877821182,0.8998378539006152,0.706259526080147,0.3015104795547634,51335_1372
1094,102.6719397,2.745583161,Healthy,Palong_Basemap,0.16046694583363003,0.02454597544338968,0.02463949740760856,0.09287300291988584,0.8323766390482584,0.1700977451271481,38.605127546522354,-19.937194612291123,-9.233651373121473,-13.017658975389269,-20.921112908257378,0.8384677626772219,0.7346566361531365,0.2668112283369447,51335_1372
1096,102.6718683,2.745560613,Healthy,Palong_Basemap,0.1329048996170362,0.018215465566350356,0.019778812097178564,0.08080940735008982,0.8349314332008362,0.18598265283637577,39.18055216471354,-20.327678680419922,-9.844427108764648,-14.193209966023764,-21.054840935601128,0.7705575958428735,0.7589277190503655,0.24376230588511705,51335_1372
1097,102.6718983,2.745635772,Healthy,Palong_Basemap,0.11374833269251718,0.02001197004897727,0.0234563656979137,0.07088739797472954,0.8520213564236959,0.17835349506802028,40.624938540988495,-20.85373412238227,-9.439451641506619,-15.869192123413086,-21.07671356201172,0.9033289526867858,0.7007786370272732,0.23213781299477868,51335_1372
1098,102.6718156,2.745608214,Unhealthy,Palong_Basemap,0.0996555205848482,0.016167272296216752,0.017926335334777832,0.06416315957903862,0.8331478436787924,0.20893082353803846,39.70943239000108,-20.757600784301758,-10.617881033155653,-14.914963404337565,-21.07671356201172,0.8627353506885315,0.7208274486556638,0.21665637258402065,51335_1372
1099,102.6717994,2.745530549,Unhealthy,Palong_Basemap,0.07718125979105632,0.01551585861792167,0.016247144486341212,0.05822709326942762,0.8226395845413208,0.2555721484952503,39.3781729804145,-20.943870968288845,-11.676573541429308,-14.548429489135742,-21.07671356201172,0.9973224148762216,0.6652353625607651,0.13997782332647005,51335_1372
1100,102.6716804,2.745538065,Unhealthy,Palong_Basemap,0.0734725072979927,0.017219905017150774,0.013239659368991852,0.06846901981367005,0.8175603283776177,0.2845681094461017,38.84241188897027,-20.720627042982315,-12.072104665968153,-14.45964601304796,-21.05022621154785,1.1370779403531086,0.6202569856160842,0.03525034277239037,51335_1372
1101,102.671629,2.745584413,Unhealthy,Palong_Basemap,0.08924492696921031,0.020853164191875193,0.0157325587545832,0.07054329829083548,0.8313656979136996,0.24808189272880554,40.21001900566949,-20.9140436384413,-11.586810111999512,-14.548479292127821,-20.915640301174587,1.1373123514002066,0.6211893599251465,0.1170400925846635,51335_1372
1104,102.6715864,2.745644541,Unhealthy,Palong_Basemap,0.10253874626424578,0.019978918135166168,0.017006549777256116,0.06851706819401847,0.8211495810084872,0.2208701256248686,40.054510328504776,-20.43206278483073,-11.330361366271973,-14.082083278232151,-20.947065565321182,1.002057719900155,0.673860610498839,0.19889226319476108,51335_1372
1105,102.6714937,2.74563452,Unhealthy,Palong_Basemap,0.12046795007255343,0.0242626184804572,0.021093281917273998,0.07909021857712004,0.8529508312543234,0.15121111853255165,40.86149978637695,-20.700718349880642,-10.373473485310873,-14.494945420159233,-20.823156144883896,1.021119224924716,0.6647201939019467,0.20734671888111203,51335_1372
1107,102.6715037,2.745543075,Healthy,Palong_Basemap,0.10102706733677122,0.026365270424220297,0.019509314455919795,0.07771919502152337,0.8848450581232706,0.21723635660277474,43.27164501614041,-20.918292999267578,-10.91423914167616,-15.535276095072428,-20.6579655541314,1.217325039186053,0.5860776105124034,0.13039641784804157,51335_1372
1108,102.6713697,2.745550591,Healthy,Palong_Basemap,0.10477153791321649,0.020421864257918462,0.0159988585445616,0.08110294491052628,0.8700309064653184,0.19967508647176954,41.90846845838759,-20.29611651102702,-10.369727982415093,-14.954115761650932,-20.954797108968098,1.0108950197887727,0.6737549438906932,0.1273364296331852,51335_1372
1112,102.6719284,2.745882546,Healthy,Palong_Basemap,0.11650120053026411,0.021480603143572807,0.024029702155126467,0.08577129327588612,0.8687799109352959,0.14961515698168013,41.57050069173177,-21.07671356201172,-8.924845695495605,-15.652136908637154,-21.07671356201172,0.9365243339935831,0.6886458566036878,0.15192331234037335,51335_1372
1114,102.6718081,2.745930147,Healthy,Palong_Basemap,0.1318385841117965,0.028095753242572147,0.031842009267873235,0.11698939485682382,0.8209986951616075,0.16808426214589012,38.64866680569119,-21.0418824089898,-8.242467244466146,-12.171114285786947,-21.07671356201172,1.0222580585657395,0.6486588970532323,0.059676525592185566,51335_1372
1116,102.671733,2.745918873,Healthy,Palong_Basemap,0.20839499599403805,0.03935627556509442,0.04336891923513678,0.2845696674452888,0.7902072336938646,0.17733266784085167,35.80100292629666,-20.977199342515732,-7.29555082321167,-10.400442971123589,-21.05042224460178,0.9527159618633293,0.6822920397750533,-0.15452359388154435,51335_1372
1117,102.6716916,2.745861251,Healthy,Palong_Basemap,0.17850151740842396,0.02288030895094077,0.0264959925164779,0.17835500008530086,0.7753313713603549,0.1843086232741674,35.66036690606011,-21.07671356201172,-8.399289713965523,-11.122165362040201,-21.037113613552517,0.7299562857398851,0.7727668939687639,0.0004105776858220698,51335_1372
1118,102.6716403,2.745901336,Healthy,Palong_Basemap,0.21592488553788927,0.027279408027728397,0.030217514269881778,0.23365282474292648,0.7698390616310967,0.19360579715834725,34.32139629787869,-21.025503370496963,-8.065111372205946,-10.115328047010633,-20.78871175977919,0.7257545121503273,0.7756667234135955,-0.03943242469464058,51335_1372
1119,102.6717367,2.745806134,Healthy,Palong_Basemap,0.14459854695532057,0.017884442893167336,0.02140170739342769,0.11001108628180292,0.766842332151201,0.2012335111697515,36.16997358534071,-21.07671356201172,-9.518904050191244,-12.043922106424967,-21.037113613552517,0.7091051835258388,0.7798607360703514,0.13584505909603817,51335_1372
1121,102.6715927,2.745756028,Healthy,Palong_Basemap,0.1872326268090142,0.022205489170220163,0.021664267509347863,0.148670247859425,0.7818748090002272,0.17506719132264456,36.06025526258681,-20.498696433173286,-9.766594568888346,-11.654912630716959,-21.037895838419598,0.7012964559575374,0.7879517864606668,0.11480217008459094,51335_1372
1122,102.6715338,2.745712184,Unhealthy,Palong_Basemap,0.15078406615389717,0.022643420845270157,0.024801788851618767,0.08617979619238111,0.8223902053303189,0.14161660025517145,38.657025231255425,-20.42971356709798,-10.182962311638725,-13.113219790988499,-21.038828743828667,0.8201437727336612,0.7388716029151841,0.27263342740045743,51335_1372
1124,102.6715376,2.745808639,Healthy,Palong_Basemap,0.21742592255274454,0.02973339106473658,0.028810327251752216,0.20504876971244812,0.7789651023017036,0.18068089915646446,33.75931167602539,-20.895748562282986,-8.666009002261692,-10.244020250108507,-20.559466467963325,0.7780986894800264,0.7593989833557008,0.029296791185132398,51335_1372
1125,102.6715914,2.745848724,Healthy,Palong_Basemap,0.21832215951548684,0.02796109455327193,0.027072048228647973,0.22100895063744652,0.7730831835005019,0.2074611932039261,33.47225485907661,-20.900014453464085,-7.921391910976833,-9.559921476576063,-20.500062306722004,0.7423716689969161,0.7729354790361379,-0.006115640481331725,51335_1372
1128,102.6715025,2.745871272,Healthy,Palong_Basemap,0.21239815983507368,0.03164976669682397,0.02915377728641033,0.1816158112552431,0.7815904484854804,0.22957777811421287,33.04878277248807,-20.57182502746582,-8.12323686811659,-9.612355444166395,-20.238278494940865,0.8305622838123188,0.7406266289856204,0.07812501799022398,51335_1372
1129,102.6714411,2.745848724,Healthy,Palong_Basemap,0.21260533895757464,0.028004563310080104,0.030997872973481815,0.12417039771874745,0.7792038785086738,0.2353418485985862,33.33039898342557,-20.580835978190105,-8.394779947068956,-9.83957682715522,-20.059906641642254,0.7477546070498139,0.7672201929667234,0.2625929709533164,51335_1372
1130,102.6714048,2.745910105,Healthy,Palong_Basemap,0.2071112940708796,0.029286984561218157,0.027185160459743604,0.13984250360065037,0.7920453680886163,0.26182737780941856,34.22544521755643,-19.59324773152669,-7.981853538089329,-9.722306251525879,-20.195668114556206,0.7999984210331089,0.7522233687090678,0.19388400104475673,51335_1372
1131,102.671391,2.7459552,Healthy,Palong_Basemap,0.22550585038132137,0.027461542644434504,0.024426090634531446,0.1410369740592109,0.7842403981420729,0.25212344030539197,34.28877809312608,-19.530189514160156,-8.455969863467747,-9.704656177096897,-19.80351299709744,0.7206452975975527,0.7828847242645338,0.23044749669029374,51335_1372
1132,102.6713121,2.745941421,Healthy,Palong_Basemap,0.2332861108912362,0.026760601955983374,0.023868508429990873,0.15675868259535897,0.7696485718091329,0.24360667996936375,33.77969826592339,-19.22367498609755,-8.862042321099175,-9.369076516893175,-19.296505186292862,0.6890939031556844,0.7941861932190195,0.19620164035982005,51335_1372
1135,102.6713421,2.745763544,Healthy,Palong_Basemap,0.22442487047778237,0.027873065115676984,0.02682875283062458,0.11438184231519699,0.7564853297339545,0.17029105789131588,33.69127315945096,-21.04027811686198,-9.48626020219591,-10.775490125020346,-19.49273893568251,0.7263345274853328,0.7790464273905887,0.3247958910124217,51335_1372
1136,102.6712983,2.745722206,Healthy,Palong_Basemap,0.1906469547086292,0.024870510523517925,0.02425361403988467,0.1023650351497862,0.7350092199113634,0.22162479990058476,34.048685709635414,-21.069820615980362,-10.203725814819336,-10.725515895419651,-18.337216271294487,0.751824701256723,0.7692019020664671,0.301291150582272,51335_1372
1137,102.6713998,2.745699658,Unhealthy,Palong_Basemap,0.1702994563513332,0.02523872587415907,0.025979375880625512,0.09635413438081741,0.8047530783547295,0.11678610824876362,36.78619851006402,-20.88310474819607,-9.71033657921685,-12.598866250779894,-20.660770204332138,0.8182559882017479,0.7418537332514007,0.27730855514633856,51335_1372
1138,102.6712995,2.745581908,Healthy,Palong_Basemap,0.13264839185608757,0.02077121018535561,0.018733949400484562,0.1000126442975468,0.8035762574937608,0.20010917054282296,38.07790968153212,-20.54909282260471,-10.433812353346083,-12.725456343756782,-19.997620476616753,0.8613185787103507,0.7292235163047198,0.1402716505439708,51335_1372
1139,102.6712695,2.74563452,Healthy,Palong_Basemap,0.1587518569495943,0.020633626108368237,0.021740627889004018,0.09896199736330244,0.752865215142568,0.27817268669605255,36.247341579861114,-20.60575082567003,-10.632086012098524,-10.866192393832737,-17.944368574354385,0.74435968881834,0.7699521080900268,0.23200095216340022,51335_1372
1140,102.6712206,2.74571469,Healthy,Palong_Basemap,0.18341262141863504,0.023070881764094036,0.022770040875507727,0.09652894818120533,0.7545434766345553,0.35845882693926495,37.08944193522135,-19.880217870076496,-10.311431037055122,-10.55066172281901,-17.43009312947591,0.731467250985489,0.776535351168686,0.3103635996669758,51335_1372
1142,102.6711918,2.745644541,Healthy,Palong_Basemap,0.1538362850745519,0.021145990325344935,0.022535926041503746,0.09727243665191862,0.7793889111942716,0.33127493328518337,38.47127829657661,-19.290149264865452,-10.462297121683756,-11.082708888583714,-18.001340866088867,0.7736425485852528,0.7583070596491122,0.22525640700065988,51335_1372
1143,102.6711505,2.745727216,Healthy,Palong_Basemap,0.1587249669763777,0.022531245317724016,0.0243580120926102,0.08703537782033284,0.7937864263852438,0.37005172835456,40.13835440741645,-18.255072911580402,-9.824019220140245,-11.64691956837972,-18.846038394504124,0.7900659293182863,0.7513878831235269,0.291705275785422,51335_1372
1144,102.6711192,2.745670847,Healthy,Palong_Basemap,0.14970490005281237,0.02115805343621307,0.02287883735779259,0.08917492545313305,0.8161420888370938,0.33204227354791427,41.315391540527344,-17.601832495795357,-9.907775984870064,-12.11161560482449,-19.202931298149956,0.7876433231230126,0.7523389008071658,0.2533909026075239,51335_1372
1145,102.6710941,2.745624498,Healthy,Palong_Basemap,0.13416611899932226,0.020986508578062057,0.023172985141475994,0.08326078703006108,0.8500345746676127,0.3185817268159654,43.84619352552626,-16.072744793362087,-9.538662062750923,-13.214558177524143,-20.31568103366428,0.8423575421907313,0.7294727275231639,0.23412618474358352,51335_1372
1146,102.6710966,2.745550591,Healthy,Palong_Basemap,0.12910326653056675,0.020549172949459817,0.021457672740022343,0.08102273527118894,0.8899809718132019,0.2852984716494878,46.10522884792752,-15.518992953830296,-9.740284389919704,-14.682459937201607,-20.9033326043023,0.8577376433929852,0.7253747012630232,0.22881761822480018,51335_1372
1147,102.6710327,2.745591929,Healthy,Palong_Basemap,0.13291350503762564,0.02152853500511911,0.023270665150549676,0.0853128516011768,0.8810697396596273,0.27850669125715893,46.264454735649956,-15.304024484422472,-9.68325858645969,-14.198591020372179,-20.258324940999348,0.8644208391266792,0.7212088755217079,0.21812513469779962,51335_1372
1148,102.6710265,2.745515517,Healthy,Palong_Basemap,0.12030128803518084,0.021201728325751092,0.021427320937315624,0.08488985316620933,0.8930997716055976,0.2717028343015247,47.12677892049154,-15.057409816318089,-9.761490715874565,-15.180464850531685,-20.76371129353841,0.9211531192636678,0.7003353162215027,0.17257779581339744,51335_1372
1149,102.671034,2.745445368,Healthy,Palong_Basemap,0.108854993349976,0.017528260126709938,0.018816410874327023,0.08262810028261608,0.8926498095194498,0.30893898838096195,47.44473308987088,-14.924868053860134,-10.04576661851671,-16.006348927815754,-20.977462980482315,0.8617210688561086,0.7226173619601683,0.1369671471763598,51335_1372
1150,102.671029,2.745353924,Healthy,Palong_Basemap,0.1075477475921313,0.014770213514566422,0.01689135479844279,0.07750926994615132,0.8763282696406046,0.383856690592236,46.95745552910699,-15.012463569641113,-10.973945299784342,-16.097273720635307,-21.07671356201172,0.7673858243484705,0.7584947724613822,0.16232012190386644,51335_1372
1151,102.6709613,2.745365198,Unhealthy,Palong_Basemap,0.10868853910101785,0.014495656515161196,0.015561652990678946,0.06924026128318575,0.8693334990077548,0.32894552416271633,47.13280698988173,-14.939089139302572,-10.996443854437935,-16.251270929972332,-21.07671356201172,0.7567483236930604,0.7646507095711013,0.22170822111232694,51335_1372
1153,102.6709601,2.745471674,Healthy,Palong_Basemap,0.11925113863415188,0.024316705556379423,0.025415010957254305,0.0808814921312862,0.8817713061968485,0.28215119739373523,47.52399232652452,-15.030794885423449,-10.195030000474718,-15.542304780748156,-20.86772855122884,1.0063843070432998,0.6612513659519981,0.19172109193845627,51335_1372
1154,102.6709613,2.745555602,Healthy,Palong_Basemap,0.12898760040601095,0.026873138836688466,0.028006537506977718,0.08462853398587969,0.8827613790829977,0.2676158961322572,47.30657831827799,-15.166379928588867,-9.983504931131998,-14.686482005649143,-20.43035062154134,1.020141818052943,0.6551647455637587,0.2076578463813604,51335_1372
1156,102.6708899,2.745508001,Healthy,Palong_Basemap,0.12787277003129324,0.024883773177862167,0.026044131360120244,0.08059372256199519,0.8666489124298096,0.26775015890598297,46.6701668633355,-15.30440362294515,-10.14513471391466,-14.102278497483995,-20.250024795532227,0.9773460253088698,0.6742035050663444,0.22679446889116125,51335_1372
1157,102.6708937,2.745588171,Healthy,Palong_Basemap,0.1560701322224405,0.02750670930577649,0.028500264510512352,0.08752029637495677,0.8575175537003411,0.29337046047051746,45.89085727267795,-15.419903331332737,-10.195228576660156,-13.128701527913412,-19.43427085876465,0.9184830541653624,0.700324844062114,0.28141432420886253,51335_1372
1158,102.6708912,2.745667089,Healthy,Palong_Basemap,0.16127600934770372,0.022092815074655745,0.021872502234246995,0.08453781695829497,0.8479331864251031,0.3259627752833896,45.07082663642036,-15.450899018181694,-10.204917165968153,-12.597088601854113,-19.015451855129665,0.7774570033839353,0.7590341199573966,0.3121801305589786,51335_1372
1162,102.6710365,2.745703416,Unhealthy,Palong_Basemap,0.14632483820120493,0.02146914352973302,0.025861328053805564,0.07223746677239735,0.8454947339163886,0.3571861187616984,44.54623158772787,-15.824604034423828,-9.667934523688423,-13.180674023098415,-19.742362552218967,0.7983897022938129,0.7441011494183462,0.3389759795851154,51335_1372
1165,102.6711943,2.74587503,Healthy,Palong_Basemap,0.2730446341964934,0.026917789959245257,0.023094551016887028,0.2109090205695894,0.765128129058414,0.2936553574270672,34.503041161431206,-19.594178517659504,-9.482952329847548,-9.593922932942709,-17.798569785224068,0.6153081339816624,0.8205255872630919,0.1283916610918808,51335_1372
1167,102.6712357,2.745942674,Healthy,Palong_Basemap,0.24846134252018398,0.026374530668059986,0.023314242975579366,0.1833545830514696,0.7633587188190885,0.2588440759314431,33.50361802842882,-18.716233995225693,-9.181269009908041,-9.105069796244303,-18.612830268012154,0.6501701716781603,0.8080706833347391,0.15077433603803217,51335_1372
1168,102.671168,2.745961464,Healthy,Palong_Basemap,0.23587321407265133,0.024683616641494963,0.021690056555800967,0.22218315220541424,0.7799485590722826,0.3008631964524587,34.02682622273763,-16.471171696980793,-9.304788801405165,-9.137516339619955,-19.45324812995063,0.6433669205747463,0.810531801650788,0.02988728653304311,51335_1372
1169,102.6711242,2.745901336,Healthy,Palong_Basemap,0.23748788899845547,0.02471598382625315,0.022741652611229155,0.20162539349661934,0.7958722445699904,0.3246910472710927,36.9860971238878,-18.70253308614095,-9.428915765550402,-10.482588556077745,-18.66947364807129,0.6385290541311954,0.8114750666343014,0.08167025897750739,51335_1372
1171,102.6710164,2.745783586,Healthy,Palong_Basemap,0.1461209903160731,0.021541045771704778,0.025751091746820345,0.06866540883978207,0.8386379281679789,0.37026746074358624,44.192049238416885,-16.02578322092692,-9.611631711324057,-13.165564748975966,-20.02184274461534,0.8016981632990499,0.7430420592002454,0.360616788496403,51335_1372
1172,102.6709626,2.745839956,Unhealthy,Palong_Basemap,0.14981084234184688,0.020137504157092836,0.023049873610337574,0.06157259187764592,0.8414527045355903,0.3408585223886702,44.64147737291124,-15.789402749803331,-9.70610597398546,-13.434257083468967,-20.236332363552517,0.7558565501455076,0.7630161802460552,0.41743219278279686,51335_1372
1176,102.6708423,2.74583244,Unhealthy,Palong_Basemap,0.1563785175482432,0.021283530319730442,0.02052919939160347,0.06869575588239564,0.8319484988848368,0.325122465689977,42.66734822591146,-15.798361672295464,-9.929100566440159,-12.598576333787706,-20.530150095621746,0.7757986791731312,0.7604043117239434,0.38957256344478997,51335_1372
1178,102.6710102,2.745981506,Healthy,Palong_Basemap,0.1425916991300053,0.023718917949332133,0.023086501492394343,0.14830928833948243,0.8530149989657931,0.25236058566305375,41.58056301540799,-17.419073316786026,-9.071260664198133,-12.671872244940865,-20.964555316501194,0.8903663313760177,0.714763634867434,-0.0196547604022033,51335_1372
1179,102.6709275,2.745948937,Healthy,Palong_Basemap,0.1559426337480545,0.020585602356327906,0.024939645702640217,0.05668857072790464,0.8409976164499918,0.25827999578581917,43.843539767795136,-16.537682745191788,-9.542150179545084,-13.533992131551107,-20.993750254313152,0.7416448315193973,0.7667726952853539,0.466789732319707,51335_1372
1181,102.6708661,2.745989022,Unhealthy,Palong_Basemap,0.16725948287381065,0.022472972464230325,0.025231553034649953,0.057924692829449974,0.8380809293852912,0.23889917300807106,43.30612352159288,-16.873977661132812,-9.753854009840223,-13.321909692552355,-20.447567198011612,0.7571852500825194,0.7631088215857338,0.48553496133954815,51335_1372
1182,102.6685838,2.745843714,Healthy,Palong_Basemap,0.08114471245143148,0.013761879979736276,0.012371984931329886,0.06197163172894054,0.8536969290839301,0.28557951582802665,40.89388656616211,-19.652379565768772,-11.836657947964138,-14.774639023674858,-21.07671356201172,0.909572239359636,0.7099910632716636,0.13396849138576916,51334_1372
1184,102.6684892,2.746005933,Healthy,Palong_Basemap,0.12554997454086939,0.019284409160415333,0.018489414515594643,0.1044452182120747,0.8229483366012573,0.2664932244353824,38.51797527737088,-18.57143995496962,-10.370764202541775,-11.959653430514866,-20.94919162326389,0.8448430412800004,0.7337039911712032,0.09176172804387683,51334_1373
1185,102.6685512,2.746009691,Healthy,Palong_Basemap,0.1168826205862893,0.019098273168007534,0.018430866508020297,0.0980247515771124,0.8304945362938775,0.2715107235643599,39.24300765991211,-19.341901355319553,-11.089353137546116,-12.792995346917046,-20.94441032409668,0.8805610968048926,0.7191035793231937,0.08774882322249321,51334_1373
1186,102.6686264,2.746038502,Healthy,Palong_Basemap,0.12286726716491911,0.01962840526054303,0.02105879286924998,0.09844924840662214,0.8317912883228726,0.30594151218732196,38.365696377224396,-18.7452998691135,-11.739232699076334,-13.018390443589952,-20.876602172851562,0.8572157517150527,0.7245052438934885,0.11033075726517015,51334_1373
1187,102.6686871,2.746010944,Healthy,Palong_Basemap,0.07559531637363964,0.012877000392311148,0.0138402059674263,0.08990964459048377,0.8335656457477145,0.3149731887711419,37.77946302625868,-18.96714973449707,-12.10501766204834,-13.682708316379124,-21.07671356201172,0.8943174721374963,0.7089032849365382,-0.08648881660983594,51334_1373
1188,102.6686903,2.7459314,Healthy,Palong_Basemap,0.07463413601120313,0.013870478711194463,0.013757885330253176,0.08353451515237491,0.844838473531935,0.31356164316336316,38.97200351291232,-18.999579747517902,-12.020752059088814,-14.105753474765354,-21.07671356201172,0.9554893956108634,0.6865591979649779,-0.056271448708043986,51334_1372
1190,102.6686207,2.745893194,Healthy,Palong_Basemap,0.07872961337367694,0.014827072723872133,0.013075932136012448,0.07123465587695439,0.8440852893723382,0.266560392247306,39.65065129597982,-20.263579898410374,-11.91545550028483,-14.516402986314562,-21.07671356201172,0.9765921587314677,0.6830355297447722,0.04997828838945911,51334_1372
1192,102.6689721,2.746005933,Healthy,Palong_Basemap,0.13759181482924354,0.020341625747581322,0.019870693071020976,0.0742090464466148,0.882203651799096,0.20265114224619335,44.34983783298068,-18.794092602199978,-10.00208526187473,-15.100278430514866,-21.07638380262587,0.8212792768170953,0.7424025504252042,0.2992564241751423,51334_1373
1193,102.6689477,2.746062929,Healthy,Palong_Basemap,0.13872768729925156,0.01944822755952676,0.020181623390979238,0.08030230841702884,0.8795179194874234,0.24623022394047844,42.92764790852865,-18.460566838582356,-10.41828187306722,-14.103521135118273,-21.004423989189995,0.7865585709277209,0.7540936927484767,0.2667460166410439,51334_1373
1195,102.669113,2.746081093,Healthy,Palong_Basemap,0.1420089229941368,0.021881956607103348,0.02401626254949305,0.08204931683010525,0.9185845388306512,0.28508050905333626,48.96707746717665,-17.00080829196506,-10.685475879245335,-16.514239205254448,-19.06852361891005,0.8344363643932556,0.7329691968174931,0.26760723556101157,51334_1373
1197,102.6691099,2.746003428,Healthy,Palong_Basemap,0.15225297874874538,0.021587579200665157,0.023183618154790666,0.08175270093811883,0.8934852348433601,0.2096446437968148,47.56362448798286,-17.033716095818413,-9.76156955295139,-18.478960249159073,-20.66055636935764,0.7899878639393408,0.7516393245016233,0.30127592588764013,51334_1373
1198,102.6691769,2.745970859,Unhealthy,Palong_Basemap,0.16337877843115065,0.020968342820803326,0.020410821669631533,0.08786609354946348,0.8897910912831625,0.2814602752526601,47.49345609876845,-15.753438737657335,-9.874510023328993,-17.740363121032715,-20.613181855943466,0.7431422619422726,0.7725123920742423,0.3005541338472121,51334_1372
1200,102.6690767,2.745920126,Healthy,Palong_Basemap,0.1253358523050944,0.021567179924911924,0.023673577855030697,0.06839556619524956,0.8740151127179464,0.14773140599330267,47.257623460557724,-16.92011939154731,-9.469043731689453,-19.53910806443956,-21.049716101752388,0.8979600089618388,0.70637529263325,0.2939135352985801,51334_1372
1201,102.6690272,2.745896952,Healthy,Palong_Basemap,0.12234975314802593,0.02204836801522308,0.021849348934160337,0.06435388574997584,0.8612436519728767,0.1347330477502611,47.05882347954644,-16.360484970940483,-9.548387951321072,-19.167883661058212,-21.07671356201172,0.9367543430050519,0.6946169681765271,0.3106306215581254,51334_1372
1202,102.6690398,2.745967101,Healthy,Palong_Basemap,0.1253358523050944,0.021567179924911924,0.023673577855030697,0.06839556619524956,0.8909633159637451,0.16435152706172731,47.23528374565972,-18.042708502875435,-9.699753867255318,-18.198090023464626,-20.81305800543891,0.8979600089618388,0.70637529263325,0.2939135352985801,51334_1372
1203,102.6689671,2.745927642,Healthy,Palong_Basemap,0.12858281946844524,0.020174989580280252,0.01997989084985521,0.07033175478378932,0.8795196811358134,0.1841509093840917,45.816011640760635,-17.714175542195637,-9.792882177564833,-16.634764671325684,-21.07671356201172,0.8543624945866986,0.7287538757219536,0.29284462892492924,51334_1372
1204,102.6688544,2.745925763,Healthy,Palong_Basemap,0.09207036635941929,0.012769755182994736,0.012858339067962434,0.08760084956884384,0.8663792212804159,0.3512391646703084,41.97944344414605,-17.033104048834907,-11.133488867017958,-14.082575374179417,-21.07671356201172,0.7830109490096079,0.7563956432876011,0.024876086954072698,51334_1372
1205,102.6689001,2.745883799,Healthy,Palong_Basemap,0.10609789441029231,0.01720792789840036,0.016161817746857803,0.07264126257763968,0.8814694748984443,0.28353848391109043,45.851683722602,-15.965169270833334,-10.321935441758898,-16.01876841651069,-21.07671356201172,0.8786527790195349,0.7208902616890095,0.18718132275241475,51334_1372
1206,102.6689665,2.745848098,Healthy,Palong_Basemap,0.12105848557419246,0.018127364416917164,0.016950624374051888,0.060492186082734004,0.8731216920746697,0.18578105005953047,46.885607401529946,-15.92941411336263,-9.817406760321724,-18.002679295010036,-21.07671356201172,0.8321801949783002,0.739522883711598,0.33360548291393644,51334_1372
1207,102.6689013,2.74580676,Healthy,Palong_Basemap,0.10651848961909612,0.016705068863100477,0.016367634965313807,0.06881739778651132,0.8847329351637099,0.3004317465755675,47.46558295355903,-14.819195005628798,-10.433816909790039,-16.710250960456,-21.043427997165256,0.8550463646994776,0.7288656638573858,0.2150221063721555,51334_1372
1209,102.6687592,2.745732227,Healthy,Palong_Basemap,0.11489089412821664,0.014923172795938121,0.01513354242261913,0.07809808560543591,0.8961329725053575,0.3885253104898665,46.72468609280057,-15.936101171705458,-11.064514689975315,-15.187360445658365,-20.735930336846245,0.7467617332411192,0.770083887678257,0.19064719951138728,51334_1372
1210,102.6687648,2.745650178,Healthy,Palong_Basemap,0.11309962885247336,0.01693853156434165,0.01698980811569426,0.0724948648777273,0.9031610290209452,0.36254198021358913,48.00624550713433,-16.289816856384277,-11.03375636206733,-15.887786441379124,-20.117164611816406,0.8264386471303092,0.7394836790977649,0.2187821586656194,51334_1372
1211,102.6686978,2.74561573,Healthy,Palong_Basemap,0.11545406861437692,0.017530954649878874,0.017899592820968892,0.08033856956495179,0.8828895754284329,0.30996930102507275,45.72156694200304,-17.851733101738823,-10.725547366672092,-14.702258427937826,-20.76919386121962,0.8327474507664309,0.7363469326159691,0.17935045656447224,51334_1372
1212,102.6688331,2.745690889,Healthy,Palong_Basemap,0.10343069086472194,0.015515945437881682,0.01577620166871283,0.06954934075474739,0.9029258357153999,0.38622469041082597,48.97620561387804,-15.004807260301378,-11.17553742726644,-16.023964881896973,-20.191458384195965,0.8262018680287978,0.739110816073711,0.19586856235816016,51334_1372
1213,102.6688287,2.745763544,Healthy,Palong_Basemap,0.10128191030687755,0.015788283923433885,0.015582375021444427,0.07629977290829022,0.8972533212767707,0.38608134124014115,48.15381410386827,-14.968518680996365,-10.939926359388563,-15.783510102166069,-20.635928683810764,0.8508861858831043,0.7302766254513305,0.14067969706266156,51334_1372
1214,102.6688988,2.745729722,Healthy,Palong_Basemap,0.10682855463690227,0.016618268253902595,0.017084107113381226,0.06614767221940888,0.8940140803654989,0.34032873312632245,48.96082729763455,-14.784684075249565,-11.041074011060926,-16.22408612569173,-20.42843458387587,0.8459867915640342,0.7307623174943543,0.2351819273482385,51334_1372
1215,102.6689696,2.745767928,Healthy,Palong_Basemap,0.12161481959952249,0.016763571753270097,0.015627320545415085,0.057324253022670746,0.8708430926005045,0.2238697823550966,47.774940490722656,-14.685714827643501,-10.411430570814344,-17.19330596923828,-20.976167678833008,0.7853202353408143,0.7577140247203517,0.3592874693868174,51334_1372
1220,102.6690366,2.745730348,Healthy,Palong_Basemap,0.11493404540750715,0.01612828506363763,0.01341391478975614,0.07942515942785475,0.8378229008780586,0.15766036676035988,44.72555626763238,-16.859590106540256,-10.514694531758627,-14.901899019877115,-21.07671356201172,0.8033788352568487,0.7538837436255034,0.18269721781240733,51334_1372
1222,102.6688976,2.745648299,Healthy,Palong_Basemap,0.10227637986342113,0.017987901034454506,0.017082014224595495,0.06842825727330314,0.8982608252101474,0.34865450196795994,49.04123179117838,-15.074297375149197,-11.2683318456014,-16.210567898220486,-20.266688452826607,0.9264103580274011,0.7008604566516433,0.1982847282760553,51334_1372
1223,102.6688306,2.745606961,Healthy,Palong_Basemap,0.09673361314667596,0.016717021353542805,0.016138245972494285,0.06524304507507218,0.9119348128636678,0.35864901542663574,49.190878550211586,-15.467893494500053,-11.230445543924967,-17.49740431043837,-20.36148664686415,0.9140859607096337,0.7052987596378658,0.19441423484915202,51334_1372
1224,102.6689652,2.745611972,Healthy,Palong_Basemap,0.09864121675491333,0.015372528177168634,0.014850432984530926,0.07890586761964692,0.8737960656483968,0.31442725989553666,46.7021361456977,-15.636363983154297,-11.382815255059135,-15.260357750786675,-21.009369320339626,0.8526278001481005,0.7303390361166356,0.11115557996791402,51334_1372
1226,102.6691086,2.745688384,Healthy,Palong_Basemap,0.11662272529469596,0.016812436386115022,0.014011963167124324,0.08748529271947013,0.8109388086530898,0.27080519994099933,41.31328243679471,-16.842338138156467,-11.427673975626627,-12.294016520182291,-21.07671356201172,0.8188229049100795,0.7480059052750743,0.14275496307648017,51334_1372
1232,102.6692458,2.745928895,Unhealthy,Palong_Basemap,0.1709427966011895,0.022116107866168022,0.021035943801204365,0.09783532304896249,0.8595204949378967,0.35632433825069004,45.756351470947266,-15.137014706929525,-10.06098418765598,-14.820208973354763,-21.059593624538845,0.7490290282235155,0.7708874612420954,0.27199934893281286,51334_1372
1233,102.6692464,2.745849351,Unhealthy,Palong_Basemap,0.14653946459293365,0.021110649220645428,0.017733147367835045,0.10906104743480682,0.8420408036973741,0.35735948218239677,43.92288377549913,-15.614985995822483,-10.251546753777397,-13.27127308315701,-21.07671356201172,0.8178700932939423,0.7481582476690745,0.14662888137743352,51334_1372
1235,102.6692421,2.745687758,Healthy,Palong_Basemap,0.14899952626890606,0.02070963103324175,0.019335625175800588,0.11656145254770915,0.785346594121721,0.384635865688324,38.56443108452691,-16.209570036994087,-10.88863574133979,-11.054649458991157,-21.07671356201172,0.7898620367151193,0.7559397340431004,0.12214924747508639,51334_1372
1236,102.6693122,2.745648299,Unhealthy,Palong_Basemap,0.1709362036652035,0.024788070884015825,0.02236330198744933,0.11522345162100261,0.7733514110247294,0.3553994496663411,38.83948050604926,-16.29956203036838,-10.321779780917698,-10.634531656901041,-21.023900349934895,0.8164860049910381,0.7467041741132391,0.19469114885702213,51334_1372
1237,102.6693773,2.745690263,Unhealthy,Palong_Basemap,0.17968816558519998,0.022809944219059415,0.020906541703475848,0.12225296927822961,0.7677211893929375,0.3056009312470754,37.912058936225044,-16.943804211086697,-10.083069271511501,-10.196265432569716,-20.457818773057724,0.7411402773008583,0.7747144974231298,0.19021984643777926,51334_1372
1238,102.6693811,2.745768554,Unhealthy,Palong_Basemap,0.1915649175643921,0.022594676456517644,0.020630257204174995,0.1207657472954856,0.770694288942549,0.3344421601957745,37.746488359239365,-16.650481753879124,-10.027319060431587,-10.226252237955729,-20.83016628689236,0.7022854609028683,0.7889921620386376,0.2266801766027983,51334_1372
1240,102.6693185,2.745888809,Unhealthy,Palong_Basemap,0.15512929525640276,0.02308124376253949,0.01959627266559336,0.11718471265501446,0.8246222403314378,0.4133913252088759,42.69615258110894,-15.303435113694933,-10.176411734686958,-12.000484784444174,-21.07671356201172,0.8359435720803752,0.740966568087355,0.13934128065028348,51334_1372
1242,102.6693824,2.745921379,Unhealthy,Palong_Basemap,0.19661910500791338,0.024957431480288506,0.02587103471159935,0.11328457130326165,0.8156633443302579,0.38412149416075814,43.11895624796549,-14.423646503024631,-9.766434881422255,-11.116599188910591,-21.076107237074112,0.7329507530255842,0.7747285712120752,0.26890463093756695,51334_1372
1246,102.669517,2.746000922,Unhealthy,Palong_Basemap,0.21963900327682495,0.026524928501910634,0.029321954275170963,0.11312376045518452,0.8084920048713684,0.3032152056694031,43.53555552164713,-13.992300457424587,-9.178539594014486,-10.724183506435818,-20.961032231648762,0.7026219518906224,0.7844937858260035,0.32009363555900294,51334_1373
1247,102.6694487,2.745957079,Unhealthy,Palong_Basemap,0.20643490056196848,0.025132143249114353,0.029308508046799235,0.10574186924431059,0.8052970104747348,0.3419326775603824,42.706917656792534,-14.28519238366021,-9.517266591389975,-10.801584031846788,-21.046282450358074,0.7029780996546219,0.7829385146047148,0.322551326865682,51334_1372
1248,102.66945,2.745883172,Unhealthy,Palong_Basemap,0.19682674606641135,0.024054635523094073,0.027340846343172923,0.10954675906234318,0.7960936493343778,0.33702919549412197,40.975485483805336,-15.035470220777723,-9.710064252217611,-10.649663819207085,-21.047965155707466,0.7067698729238936,0.7821940867085108,0.28488098854170973,51334_1372
1250,102.6694519,2.745727216,Healthy,Palong_Basemap,0.1759091019630432,0.02149639402826627,0.02076727317439185,0.11918659922149447,0.7795204851362441,0.2589905973937776,38.17479493882921,-17.446566263834637,-10.018401675754124,-10.449465009901258,-20.333447562323677,0.7175355808579825,0.7822107847573542,0.1922173129390232,51334_1372
1252,102.6695189,2.745687131,Healthy,Palong_Basemap,0.16228749685817295,0.02125605299241013,0.021078613483243518,0.11695485479301876,0.7951039605670505,0.2381512572367986,38.25647099812826,-17.737741894192165,-9.875163926018608,-10.85361025068495,-20.59280120001899,0.7528323302043411,0.7683813676948714,0.16234157102995708,51334_1372
1253,102.6694506,2.745643915,Healthy,Palong_Basemap,0.174361945854293,0.022449936303827498,0.022321844266520605,0.11098481466372807,0.7853147188822428,0.23957977526717716,39.152819315592446,-17.3296693166097,-10.086078855726454,-10.542732344733345,-19.63310390048557,0.7434256456012235,0.7718640149400023,0.22210566216174843,51334_1372
1255,102.6696611,2.745678989,Healthy,Palong_Basemap,0.14760255813598633,0.026971594740947086,0.02517154585156176,0.1278543323278427,0.823498911327786,0.24067992634243435,38.22020806206597,-18.264906777275932,-9.534106466505262,-11.363226042853462,-20.93910026550293,0.9517260665281332,0.6910012817308551,0.07169261867034982,51334_1372
1256,102.669663,2.745761038,Unhealthy,Palong_Basemap,0.1568287346098158,0.022203681369622547,0.02262920451660951,0.11658518181906806,0.8275465567906698,0.27790986994902295,39.836143493652344,-17.06285211775038,-9.772840605841743,-11.38671843210856,-20.94760619269477,0.7934657558658479,0.7519590935736172,0.1471891164735767,51334_1372
1258,102.6695922,2.745804881,Unhealthy,Palong_Basemap,0.16646448936727312,0.020077424123883247,0.021722206018037267,0.1161215669578976,0.8133757379319932,0.295591812994745,40.90144941541884,-15.846470091078016,-9.858558336893717,-11.12984487745497,-21.004131317138672,0.7034173039014138,0.7847408794288466,0.17815076604999258,51334_1372
1259,102.6695909,2.745879415,Unhealthy,Palong_Basemap,0.19628263347678715,0.02056198360191451,0.025367669761180878,0.1260321612159411,0.8043931192821927,0.2972979611820645,41.88571972317166,-15.060310151841906,-9.593044069078234,-10.771311548021105,-20.980348587036133,0.6259968623973441,0.8103528334812042,0.21795608956708856,51334_1372
1260,102.6695233,2.74584434,Unhealthy,Palong_Basemap,0.17961257365014818,0.020816443901922967,0.022862747311592102,0.11430390179157257,0.798505531416999,0.2960606664419174,39.98665067884657,-15.892633120218912,-9.881552378336588,-10.848418447706434,-21.032686869303387,0.6822038146832732,0.7922811361731602,0.22220146645547725,51334_1372
1263,102.6696586,2.745922005,Unhealthy,Palong_Basemap,0.22498866584565905,0.022118691975871723,0.02925192068020503,0.15363223519590166,0.8109923137558831,0.29606403244866264,42.445014529758026,-15.14980051252577,-9.411761813693577,-10.574631479051378,-20.257367028130425,0.5928395168455118,0.8209790904579493,0.1884640558761036,51334_1372
1265,102.6696623,2.74600468,Healthy,Palong_Basemap,0.25829869012037915,0.024797351616952155,0.031101809193690617,0.15594079428248936,0.8127891884909736,0.29904936088456047,42.55709754096137,-14.950970119900173,-9.514386388990614,-10.499394840664333,-19.570873260498047,0.5851965203181393,0.8248131519976516,0.2470983566075069,51334_1373
1268,102.6697268,2.745803629,Unhealthy,Palong_Basemap,0.18181842731104958,0.027358486213617854,0.029705686080786917,0.1267130027214686,0.8523551887936063,0.2585834794574314,42.496714697943794,-17.47388309902615,-9.05376476711697,-11.821496433681911,-20.82988929748535,0.822066545573201,0.7384177273426346,0.1786055462283796,51334_1372
1274,102.6698615,2.745878162,Unhealthy,Palong_Basemap,0.1377884339955118,0.025712615499893825,0.024430906400084496,0.10116765730910832,0.8850124014748467,0.2693057275480694,44.52601538764106,-17.71383391486274,-9.24798509809706,-13.595123926798502,-20.449271308051216,0.9628183981256779,0.6854746121905921,0.15325316248046378,51334_1372
1275,102.6698627,2.745804255,Unhealthy,Palong_Basemap,0.1454777287112342,0.02767775704463323,0.02574923179215855,0.12545062684350544,0.8897785014576383,0.2578532745440801,44.85028160942925,-17.36602210998535,-9.0715209113227,-13.8666353225708,-20.95793279012044,0.9772249895104617,0.6803132522909935,0.07392028725351488,51334_1372
1276,102.6697939,2.745761665,Unhealthy,Palong_Basemap,0.17254189319080776,0.03287116624414921,0.029851274150941107,0.1486600637435913,0.8715342813067966,0.22733363509178162,42.52829700046115,-17.943621741400825,-8.798760096232096,-12.670628759596083,-21.07671356201172,0.9807329880596636,0.6799505704791111,0.07435144441568262,51334_1372
1280,102.6699554,2.745831813,Healthy,Palong_Basemap,0.11666694283485413,0.023748641937143274,0.022448914953404002,0.1160957771870825,0.9069005449612936,0.32554551627900863,46.50718519422743,-16.459727711147732,-10.396563953823513,-15.551621860928005,-21.037166383531357,1.0180908686522538,0.6617378053055065,0.0024538536399548744,51334_1372
1282,102.669998,2.745954574,Healthy,Palong_Basemap,0.13977869020568,0.01804181167648898,0.017819489145444498,0.09146990461481942,0.8990771174430847,0.31253601445092094,44.462410820855034,-16.96744113498264,-10.193656073676216,-14.446026378207737,-20.805082321166992,0.7452145291750458,0.7713628906089874,0.20890412600499908,51334_1372
1283,102.6699354,2.74601846,Healthy,Palong_Basemap,0.15678910828298992,0.01828057277533743,0.018466635503702693,0.1017804021636645,0.8912071718109978,0.3433108826478322,44.16242557101779,-16.84366332160102,-10.165205425686306,-13.382872051662869,-19.230901294284397,0.6904292790825148,0.7911623227411152,0.21274243055301867,51334_1373
1285,102.6700018,2.746029734,Healthy,Palong_Basemap,0.1566589292552736,0.017720576996604603,0.017360245601998434,0.10194775958855946,0.8811986976199679,0.4006802803940243,43.5997060139974,-16.03213596343994,-10.526546160380045,-13.382945908440483,-19.82758945888943,0.6768089057762936,0.7967584909776205,0.2115613092272065,51335_1373
1286,102.6700619,2.745993407,Healthy,Palong_Basemap,0.1460925249589814,0.017347131338384416,0.016694945593674976,0.10129997382561366,0.8835571077134874,0.3469345106018914,42.690670013427734,-16.691831588745117,-10.430940945943197,-13.966351721021864,-20.868229971991646,0.7027336069906299,0.7877243291943461,0.18105864710299344,51335_1372
1287,102.6701358,2.746030986,Healthy,Palong_Basemap,0.09649201730887096,0.015612778046892749,0.016967030759486888,0.10222303867340088,0.881026652124193,0.28164543873733944,41.9720090230306,-18.235465155707466,-10.33223787943522,-14.807993359035915,-21.07671356201172,0.8632723923767874,0.7214610133786745,-0.02884039830903004,51335_1373
1288,102.6701358,2.745950816,Healthy,Palong_Basemap,0.09579013288021088,0.015971561583379906,0.016462241402930684,0.09858925640583038,0.889248271783193,0.32474754916297066,43.53525712754991,-17.496367348564995,-10.787438922458225,-14.931263181898329,-21.07671356201172,0.8861059806075563,0.7141854074414906,-0.014400310320454933,51335_1372
1289,102.6701271,2.745875657,Healthy,Palong_Basemap,0.11240957429011662,0.016650646614531677,0.015402667017446624,0.0891446214583185,0.8909200694825914,0.34879978166686165,44.15546332465278,-17.043866475423176,-11.087699784172905,-14.851585812038845,-21.06758605109321,0.8267782920867603,0.7419708954809021,0.11542777735490903,51335_1372
1290,102.6701321,2.745790476,Healthy,Palong_Basemap,0.11822364230950673,0.015143328656752905,0.01393365559892522,0.08207281761699253,0.8714637557665507,0.3455677297380235,42.72105958726671,-17.986462699042427,-11.429469850328234,-14.6617554558648,-21.021831512451172,0.745774929504195,0.7729073615897898,0.18048658825912398,51335_1372
1291,102.670077,2.745739117,Healthy,Palong_Basemap,0.10640420930253135,0.015050474864741167,0.015151477936241362,0.08188620126909679,0.8664771119753519,0.4032583667172326,43.94912083943685,-17.31708441840278,-11.795819070604113,-14.41644361284044,-20.737110773722332,0.793923703735646,0.7521631221071224,0.1302137902774798,51335_1372
1292,102.6700093,2.745722832,Healthy,Palong_Basemap,0.14403346677621207,0.024118180179761514,0.022164702001545165,0.13146273295084634,0.8739940126736959,0.32777735590934753,44.41242599487305,-17.21725124782986,-10.34818606906467,-13.960821045769585,-20.994305080837673,0.8997871854610182,0.7131377465951758,0.045629427330830294,51335_1372
1293,102.6700632,2.745841835,Healthy,Palong_Basemap,0.10643397933906978,0.01630533289992147,0.015913105466299586,0.08682355367475086,0.8960348301463656,0.3685753179921044,45.73400455050998,-16.58544487423367,-11.175145573086208,-15.216468281216091,-20.993323220147026,0.8417950227717363,0.7343095280153986,0.10147302078473959,51335_1372
1294,102.6702085,2.745995912,Healthy,Palong_Basemap,0.08521538393365012,0.015514046574632326,0.01765617997282081,0.09204432202710046,0.9061126642756991,0.26468981471326614,44.72949727376302,-18.417216618855793,-10.289767053392199,-16.42170747121175,-21.03363100687663,0.9269058287833923,0.6919659627509421,-0.03852504468760894,51335_1372
1296,102.6702774,2.745958332,Healthy,Palong_Basemap,0.0843336284160614,0.018628310619129076,0.020384471139146224,0.09183713793754578,0.9049210084809197,0.25616924630271065,44.61823060777452,-19.207850138346355,-10.558701303270128,-16.309653176201714,-20.91594229804145,1.0496691532137274,0.6381515190236993,-0.04259225112538507,51335_1372
1297,102.6702674,2.745878162,Healthy,Palong_Basemap,0.08963571819994184,0.01886855624616146,0.018273120642536216,0.0875042039487097,0.8872793515523275,0.2610232283671697,43.02644814385308,-19.618142657809788,-10.980553203158909,-15.365955034891764,-20.880069944593643,1.0364067698819974,0.6522062132117398,0.012032941108800037,51335_1372
1298,102.6701985,2.745911984,Healthy,Palong_Basemap,0.09111017651028103,0.016849736476110086,0.015947080734703276,0.08845877730184132,0.8991800083054436,0.29275832573572796,44.44299062093099,-18.327758577134873,-10.65448326534695,-15.818512598673502,-20.947414186265732,0.9576656947062121,0.6878519811657484,0.014765354211584864,51335_1372
1299,102.6702072,2.745839329,Healthy,Palong_Basemap,0.0979774213499493,0.016114711657994323,0.014456519339647558,0.08155702965127097,0.8701267904705472,0.2892186807261573,41.802427503797745,-19.10486094156901,-11.240148862202963,-14.85909695095486,-20.947879367404514,0.8911564731688185,0.7175140610812781,0.09146095140573729,51335_1372
1300,102.670201,2.74576417,Healthy,Palong_Basemap,0.11020278930664062,0.015129601686365075,0.013813571797476875,0.07813232723209593,0.8543090224266052,0.27021767033471,40.30348120795356,-19.567041820949978,-11.30472543504503,-14.46844916873508,-20.962304009331596,0.7845494774325378,0.7585683706104451,0.1702840270255626,51335_1372
1301,102.6702711,2.745794234,Healthy,Palong_Basemap,0.10747198263804118,0.015333620831370354,0.014266835422151618,0.07241071926222907,0.8662390642695956,0.2397997329632441,40.90773052639432,-20.125216166178387,-11.158679538302952,-14.871966891818577,-20.937355253431534,0.8048824756310136,0.7502781567261357,0.19491181200541793,51335_1372
1302,102.6703388,2.745833066,Healthy,Palong_Basemap,0.09641547252734502,0.017011023436983425,0.016609763623111777,0.07414230207602183,0.8612551159328885,0.1974855578607983,40.42222679985894,-20.788694593641495,-10.880347039964464,-14.946579085456001,-20.937355253431534,0.9254723018123634,0.7000520329512211,0.13059017979754706,51335_1372
1305,102.6704715,2.745995912,Healthy,Palong_Basemap,0.09458927727407879,0.018444936722517014,0.019505180832412507,0.0882421185572942,0.9171439210573832,0.16620623071988425,45.85017606947157,-21.073761198255752,-9.838155110677084,-16.754363165961372,-20.044419394599068,0.9773166014235031,0.6736397579042305,0.034715912373379364,51335_1372
1306,102.6704803,2.745938289,Healthy,Palong_Basemap,0.09691439734564887,0.02009225429760085,0.021530678702725306,0.08436685055494308,0.8993935783704122,0.1851020794775751,46.29394022623698,-21.07671356201172,-10.040095541212294,-15.941149287753635,-18.502098719278973,1.0132916551598392,0.6565621865864238,0.06921591138641324,51335_1372
1307,102.6704102,2.745878162,Healthy,Palong_Basemap,0.10040658050113255,0.020424422083629504,0.02140996242976851,0.08125582834084828,0.8816937274403043,0.16346133831474516,42.26980209350586,-20.873545540703667,-10.217863506740994,-15.635537465413412,-20.99694146050347,1.0044876761055224,0.6619340790572035,0.10541945514408851,51335_1372
1308,102.6704064,2.745790476,Healthy,Palong_Basemap,0.09936564001772138,0.015030744071635935,0.01604773011058569,0.07270526472065184,0.8587488068474664,0.16319526649183697,40.67193179660373,-20.9929445054796,-10.491219202677408,-15.007077005174425,-21.059005313449436,0.8265754921624119,0.737216448032219,0.15493831067841227,51335_1372
1309,102.670474,2.745835571,Healthy,Palong_Basemap,0.10102573037147522,0.016810477607780032,0.017973385233845975,0.06866871731148826,0.8602437112066481,0.15863732248544693,41.89937888251411,-21.07671356201172,-10.280782063802084,-14.866438017951118,-20.174558639526367,0.8811673336207126,0.7146806080056568,0.1906780893647085,51335_1372
1311,102.6706081,2.745923258,Healthy,Palong_Basemap,0.12810692853397793,0.02366498340335157,0.022913065635495715,0.07832244121366078,0.8936444057358636,0.27546734942330253,47.59013409084744,-20.43927786085341,-10.340497122870552,-15.492365943060982,-16.4988341861301,0.9544739323117447,0.6881506847838426,0.24116959413856187,51335_1372
1312,102.6705454,2.745952069,Healthy,Palong_Basemap,0.10015963349077436,0.020083110365602706,0.0208848909371429,0.07641546924908955,0.8976631230778165,0.23517211278279623,47.52161195543077,-20.964958402845596,-10.251711739434135,-15.751493136088053,-17.029635111490887,0.9966139835544943,0.6659572175167459,0.13447062396257228,51335_1372
1313,102.6706118,2.745992154,Healthy,Palong_Basemap,0.12421195374594794,0.022785993706848886,0.021946227384938136,0.07620400148961279,0.9094047546386719,0.2541702455944485,48.59544033474393,-19.37111939324273,-10.223449495103624,-16.652484363979763,-16.975821601019966,0.9507525656422864,0.6899821514288041,0.23954156843405291,51335_1372
1314,102.6706695,2.745949563,Healthy,Palong_Basemap,0.1421684871117274,0.025035720525516406,0.023019881919026375,0.07998474107848273,0.8779437277052138,0.3035765058464474,46.077622731526695,-19.435273064507378,-10.538013988071018,-14.42786693572998,-16.667096455891926,0.9304373358316815,0.7005371948553782,0.27991376285561886,51335_1372
1318,102.6707947,2.746028481,Healthy,Palong_Basemap,0.16783008144961464,0.02329682558774948,0.02341167690853278,0.06653606767455737,0.8592292070388794,0.2234633912642797,44.98310004340278,-16.547830899556477,-9.885827700297037,-14.293969790140787,-20.028432846069336,0.7836284978231115,0.7562161607816413,0.43220411374933504,51335_1373
1319,102.6707359,2.745992154,Healthy,Palong_Basemap,0.17042714440160328,0.02574563916358683,0.023931157050861254,0.07297996928294499,0.8647533853848776,0.2710030542479621,45.38650682237413,-17.214332792494034,-10.433579232957628,-14.086430019802517,-17.95999526977539,0.8377688239016187,0.7375207845278772,0.40034645513667394,51335_1372
1321,102.6705505,2.746034744,Healthy,Palong_Basemap,0.09449970804982716,0.021972970830069646,0.021908204795585737,0.068639584713512,0.9268950157695346,0.2213679403066635,48.74562793307834,-19.557049857245552,-9.962452676561144,-18.124080975850422,-18.338292863633896,1.0962241424291472,0.622693132133974,0.1585156028218756,51335_1373
1323,102.6706103,2.74583839,Healthy,Palong_Basemap,0.11909007363849217,0.02292852455543147,0.022583541149894398,0.07990808536609013,0.8733475936783685,0.26509469416406417,44.526902516682945,-20.44862217373318,-10.130380948384603,-14.269003550211588,-17.36661932203505,0.9781237512282164,0.67710532497831,0.19689623496215258,51335_1372
1324,102.6706911,2.745805194,Unhealthy,Palong_Basemap,0.11792012386851841,0.022001495584845543,0.020450747054484155,0.08155396249559191,0.8623861339357164,0.2916058881415261,43.22374004787869,-19.68245718214247,-10.216968112521702,-13.422265688578287,-17.85250981648763,0.9651161776093999,0.6855168533526205,0.182310203975796,51335_1372
1325,102.670755,2.745755088,Unhealthy,Palong_Basemap,0.1482042305999332,0.021990630568729505,0.018970203689403005,0.0914507694542408,0.8468192749553256,0.2838880651526981,41.67734400431315,-17.313293986850315,-10.008652369181315,-12.314607726203072,-19.870782640245224,0.8331532057151015,0.7415829077596314,0.2368131736573962,51335_1372
1328,102.6706203,2.745766362,Unhealthy,Palong_Basemap,0.14180264042483437,0.02059707355995973,0.020606558976901904,0.08408980899386936,0.8657186230023702,0.2503262907266617,42.83356857299805,-19.635262807210285,-10.05194060007731,-13.309161610073513,-18.34930419921875,0.8093019652903977,0.7463410118827144,0.2554880943541021,51335_1372
1329,102.6706829,2.745715003,Unhealthy,Palong_Basemap,0.17358945806821188,0.019934037286374304,0.017990777889887493,0.09968689415189955,0.8426442212528653,0.26892293327384525,41.00401348537869,-17.44584295484755,-10.030430793762207,-11.939687410990397,-19.929348203870987,0.6890190640200832,0.7939884534448918,0.2704316100384246,51335_1372
1330,102.6707637,2.745672413,Unhealthy,Palong_Basemap,0.18934435976876152,0.01998381254573663,0.01730220288866096,0.10257198164860408,0.8314639131228129,0.2962198721037971,42.081367068820526,-15.691045125325521,-9.974738226996529,-11.92512395646837,-20.784935845269096,0.6482615693168241,0.8090671472952754,0.2972508414528776,51335_1372
1331,102.6707543,2.745590363,Unhealthy,Palong_Basemap,0.17912843326727548,0.019470215050710574,0.01763835445874267,0.09334820840093824,0.8136833111445109,0.2961310214466519,41.313815646701386,-15.922302352057564,-10.04351806640625,-11.484931945800781,-21.057082494099934,0.6608271135749325,0.8039239922767665,0.31481680169410314,51335_1372
1332,102.6708251,2.745629822,Healthy,Palong_Basemap,0.17407675915294224,0.02198432551489936,0.020591185324721865,0.09274860305918588,0.8338603642251756,0.30464397536383736,43.8994140625,-15.421332783169216,-10.180150667826334,-12.095612631903755,-19.968840069240994,0.7369976249669333,0.7757400398743658,0.30479919682110235,51335_1372
1333,102.6708207,2.74555341,Healthy,Palong_Basemap,0.15893106162548065,0.02092549101346069,0.019632149901654985,0.08321650822957356,0.83726523982154,0.28465573655234444,43.78460227118598,-15.538618193732368,-10.079010857476128,-12.762782096862793,-20.883896509806316,0.759497042401806,0.7673091059910592,0.31267938572015674,51335_1372
1334,102.6706103,2.74567116,Healthy,Palong_Basemap,0.18549282517698076,0.01889746015270551,0.018766223556465574,0.09653827713595496,0.8273315959506564,0.27391909725136226,39.85022396511502,-17.846736907958984,-10.047764036390516,-11.600905842251247,-20.278867721557617,0.6245701395517086,0.8150845562721,0.3154068728998681,51335_1372
1335,102.6706886,2.745551531,Healthy,Palong_Basemap,0.17192349500126308,0.02013405557307932,0.020040566101670265,0.09102767705917358,0.8092642757627699,0.28896552489863503,39.99533038669162,-17.374164793226456,-9.982981363932291,-11.44266806708442,-21.02510748969184,0.6935836797490248,0.7903331005433629,0.30764577814278166,51335_1372
1336,102.6707531,2.745510193,Healthy,Palong_Basemap,0.1638297223382526,0.01979473378095362,0.018992277690105967,0.08618303057220247,0.823485381073422,0.2938619487815433,41.905196295844185,-16.344800419277615,-9.986752404106987,-12.037771966722277,-21.064951578776043,0.7120040704886735,0.7843998103596487,0.3105709243314487,51335_1372
1337,102.6706115,2.745599758,Healthy,Palong_Basemap,0.18289491368664634,0.019207498265637293,0.019516045227646828,0.09768878502978219,0.8080456455548605,0.28229113088713753,39.02679867214627,-17.834403143988716,-10.026929219563803,-11.204400698343912,-20.83556302388509,0.6380540911414719,0.8099231168980588,0.30367455075491606,51335_1372
1338,102.670547,2.745632327,Healthy,Palong_Basemap,0.15779594083627066,0.01745551514128844,0.019785842547814052,0.09481418049997753,0.827503588464525,0.25697290069527096,39.467489878336586,-18.937170452541775,-10.089937951829699,-12.10091675652398,-20.34719615512424,0.6571710295547588,0.800794634841452,0.24932397800663894,51335_1372
1339,102.670542,2.745711871,Healthy,Palong_Basemap,0.15103565570380953,0.017006599033872288,0.01917810903655158,0.08663161926799351,0.8479803933037652,0.23645376165707907,40.95088026258681,-19.65843857659234,-10.144662009345161,-12.776638348897299,-19.51247723897298,0.6661842804704259,0.797591396754108,0.27098403195583803,51335_1372
1340,102.6704781,2.74575133,Healthy,Palong_Basemap,0.1205999031662941,0.017055740476482444,0.019296454058753118,0.07052689376804563,0.8537462618615892,0.19082262449794346,41.95772382948134,-20.892261505126953,-10.236622386508518,-14.050040456983778,-19.464363521999783,0.7841366529263682,0.7521970036950614,0.26198842967818214,51335_1372
1341,102.6703391,2.745759472,Healthy,Palong_Basemap,0.09968848278125127,0.014720547012984753,0.015091627318825986,0.0732270951072375,0.8427597085634867,0.17535055677096048,38.73764504326714,-21.01519097222222,-10.889656914605034,-14.558441374037,-21.04084120856391,0.8165538265854031,0.7426680911557493,0.15303067541478768,51335_1372
1342,102.6703397,2.745675544,Healthy,Palong_Basemap,0.10442391617430581,0.014966585673391819,0.014953249341083897,0.07615070624483956,0.8379571239153544,0.16842886474397448,38.31939019097222,-21.035369873046875,-10.79062165154351,-14.40922843085395,-21.07671356201172,0.8019048640795607,0.7492834783040919,0.1565735514254,51335_1372
1343,102.6702658,2.745711245,Healthy,Palong_Basemap,0.113946290479766,0.014864696914123164,0.013968323460883565,0.07380907071961297,0.8398476905292935,0.18988129993279776,38.22954983181424,-20.739293840196396,-11.004326926337349,-14.260895411173502,-21.057920667860245,0.7543425024268412,0.7692014134063171,0.21377402756308503,51335_1372
1344,102.670408,2.745713124,Healthy,Palong_Basemap,0.09993294874827068,0.013954476039442752,0.01537633097420136,0.07463458842701381,0.83536387152142,0.17850697371694776,39.059739430745445,-21.032230377197266,-10.575118806627062,-14.387097782558865,-21.07671356201172,0.7794804258607236,0.754942636283963,0.14492018808660054,51335_1372
1345,102.6704055,2.745636085,Healthy,Palong_Basemap,0.10164433966080348,0.014386964547965262,0.015239210799336433,0.07701303644312753,0.8447157873047723,0.20682195987966326,40.11846033732096,-20.733129077487522,-10.514566315544975,-14.504603173997667,-21.048428853352863,0.7901806123139479,0.7520158090771851,0.13786894084544876,51335_1372
1346,102.6704813,2.74567805,Healthy,Palong_Basemap,0.1288852095603943,0.01597368551625146,0.018880581483244896,0.09125406791766484,0.8434108098347982,0.21615787678294712,40.595678117540146,-20.42382091946072,-10.215810457865397,-13.476936022440592,-20.17360496520996,0.7110747073487526,0.7794586862228974,0.1709424236957445,51335_1372
1347,102.6704813,2.745596627,Healthy,Palong_Basemap,0.12426117807626724,0.016707656180693045,0.019656793524821598,0.09877985136376487,0.8293417692184448,0.2663750681612227,39.74833467271593,-19.191898134019638,-10.075380113389757,-12.847093476189507,-20.975992838541668,0.753729060100348,0.7629595751605911,0.11424501929746252,51335_1372
1348,102.6705489,2.745560926,Healthy,Palong_Basemap,0.1498168632388115,0.018291213032272127,0.021902164444327354,0.09865248203277588,0.8125646246804131,0.2686967717276679,38.76158905029297,-18.623134824964737,-10.033691194322374,-11.73825380537245,-20.833546108669704,0.702490076883607,0.7823874564744108,0.20591828400445458,51335_1372
1349,102.6704838,2.745509567,Healthy,Palong_Basemap,0.124048569964038,0.017031829183300335,0.020501823474963505,0.09701656798521678,0.8271824452612135,0.2671300818522771,39.543891482883026,-19.086760414971245,-10.038287056816948,-12.578873740302193,-20.9784484439426,0.7628438641249675,0.7585514460373334,0.12228070979254259,51335_1372
1350,102.670408,2.745555915,Healthy,Palong_Basemap,0.09151846832699245,0.01735416002985504,0.018542044175167877,0.07752793654799461,0.8740923603375753,0.28507531185944873,43.44356240166558,-19.833916982014973,-10.600126054551867,-14.630356152852377,-20.50618447197808,0.9589997914744985,0.681202515420607,0.0827614866423459,51335_1372
1351,102.6703435,2.745512698,Healthy,Palong_Basemap,0.08601588010787964,0.018286094793842897,0.018360905659695465,0.07242231195171674,0.8763170507219102,0.24413162469863892,42.99848429361979,-20.461878882514107,-10.617539087931315,-14.933557828267416,-20.59413782755534,1.0378845109162615,0.6493624437874205,0.08579729407067266,51335_1372
1353,102.6702658,2.745638591,Healthy,Palong_Basemap,0.10916558073626624,0.015740751702752378,0.014372896299593978,0.07757688479291068,0.8429156872961256,0.18648440639177957,38.664878845214844,-20.90390353732639,-10.892161475287544,-14.200554000006782,-21.04624917772081,0.8123211812018613,0.7479591083112255,0.16915646826147368,51335_1372
1355,102.6702044,2.745597253,Unhealthy,Palong_Basemap,0.09841590457492405,0.016539426520466805,0.01577497201247348,0.08192684004704158,0.8329595526059469,0.22381688985559675,39.033604092068146,-20.727576361762154,-11.027145597669813,-13.51597457461887,-20.723857243855793,0.89845627134417,0.7122460287336781,0.09143181536050612,51335_1372
1356,102.6701975,2.745672413,Unhealthy,Palong_Basemap,0.10969696856207317,0.015223965669671694,0.014497034872571627,0.08058029496007496,0.8407320645120409,0.2597610735230976,39.36488384670682,-19.921568552652996,-11.35691769917806,-14.020925945705837,-20.825304243299698,0.7875724365151938,0.7562623788671125,0.15302234782564578,51335_1372
1358,102.6706228,2.745507688,Healthy,Palong_Basemap,0.16375346895721224,0.019081264527307615,0.02320203578306569,0.0980534487300449,0.8011229435602824,0.2691970086759991,38.54551230536567,-18.405976825290256,-9.979597939385307,-11.213902261522081,-21.01516956753201,0.6780892389880309,0.7912730894874177,0.2509483737387323,51335_1372
1359,102.6687551,2.745567189,Healthy,Palong_Basemap,0.10714066359731886,0.01769242404649655,0.017905210041337542,0.07312487852242258,0.905363659063975,0.33298857675658333,47.94026311238607,-16.733804808722603,-10.908490816752115,-16.681023597717285,-20.426117367214626,0.8822461860436158,0.7165427150696118,0.18869820973495469,51334_1372
1360,102.6688966,2.745570321,Healthy,Palong_Basemap,0.09832889835039775,0.017132025936411485,0.015320324649413427,0.06715183125601874,0.9005366298887465,0.34684262341923183,48.76550759209527,-15.360811127556694,-11.376161999172634,-16.73281341128879,-20.5688902537028,0.9265984247141366,0.7032411434044146,0.18840300721740424,51334_1372
1361,102.6690332,2.745577837,Healthy,Palong_Basemap,0.10458741750982073,0.015320209579335319,0.0148469354543421,0.08264151629474428,0.7963120076391432,0.27583007348908317,40.36109754774306,-16.77200910780165,-11.82194052802192,-12.288241068522135,-21.04950205485026,0.8166707495272294,0.7444664705449614,0.1172142615413503,51334_1372
1362,102.6691146,2.745517709,Unhealthy,Palong_Basemap,0.12199621647596359,0.017537230625748634,0.01677745021879673,0.06853070192866856,0.7611358761787415,0.28617647621366715,37.896051194932724,-17.2298035091824,-11.83713404337565,-11.305155012342665,-20.617610295613606,0.8070138382471391,0.7486304396541575,0.28061921640777016,51334_1372
1363,102.6691728,2.745487019,Healthy,Palong_Basemap,0.15629281186395222,0.02163748608695136,0.017718648641473718,0.06956510328584248,0.7506505052248637,0.27959927254252964,38.07706960042318,-17.34213998582628,-11.437035136752659,-10.730931599934896,-19.517189661661785,0.796643796674925,0.7567869403228694,0.3839923366006001,51334_1372
1364,102.6691741,2.745409354,Healthy,Palong_Basemap,0.16005830880668429,0.022972359425491758,0.019112608292036586,0.07155294468005498,0.7579450541072421,0.2903856833775838,38.37845357259115,-17.64132563273112,-11.397010379367405,-10.89575481414795,-18.776987499660915,0.8163754358004441,0.7489780303227532,0.38212894578413314,51334_1372
1365,102.6691703,2.745327931,Healthy,Palong_Basemap,0.16361825913190842,0.021598195139732625,0.020195847791102197,0.07575209769937727,0.778179857465956,0.2879679004351298,38.96417660183377,-18.148487514919704,-11.298867437574598,-11.387205759684244,-18.309199863009983,0.7611346754760402,0.7667788725935071,0.367072024270998,51334_1372
1366,102.6691021,2.745373027,Healthy,Palong_Basemap,0.1576731080810229,0.021116213045186467,0.01864407966948218,0.08051575637525982,0.795071522394816,0.3192303511831496,39.31033452351888,-18.255716959635418,-11.53411504957411,-12.126433690388998,-19.098553127712673,0.7729581461740141,0.7637866410345583,0.32393349656328946,51334_1372
1367,102.6691033,2.745453197,Healthy,Palong_Basemap,0.13694965177112156,0.018648149963054392,0.01710121716476149,0.07250282789270084,0.7564206586943732,0.30496862530708313,37.78933080037435,-17.426171832614475,-11.823342747158474,-11.240579817030165,-20.099855211046005,0.7796572094151767,0.7603031693865061,0.3076918639581629,51334_1372
1370,102.668829,2.745531488,Healthy,Palong_Basemap,0.09807028455866708,0.015592362731695175,0.015624311028255356,0.06022114472256766,0.913913004928165,0.3304582436879476,48.89407306247287,-15.907833947075737,-11.135218620300293,-18.623390621609158,-20.80595694647895,0.8609848593246986,0.7256378748268466,0.23911048126840298,51334_1372
1371,102.6687626,2.745491403,Healthy,Palong_Basemap,0.09384000218576855,0.01663936705638965,0.01651156259079774,0.06548014200396007,0.9025600022739835,0.2392709387673272,47.48455598619249,-18.1616636912028,-10.858181105719673,-17.683162477281357,-21.067325380113388,0.926788689297865,0.6987787462848734,0.17800548904874036,51334_1372
1372,102.6686893,2.745531488,Healthy,Palong_Basemap,0.10916557328568564,0.017502130940556526,0.01951323335783349,0.08145714261465603,0.8829981949594286,0.23810484343104893,45.68149651421441,-18.887350930107964,-10.41347704993354,-15.837533950805664,-20.941558202107746,0.8554155832152026,0.7236528277279607,0.14535744357726857,51334_1372
1373,102.6686204,2.745495788,Healthy,Palong_Basemap,0.14537308033969668,0.019588933429784246,0.01929380154858033,0.09685908257961273,0.8244532214270698,0.1882358127170139,41.54034508599175,-20.476089265611435,-10.489029248555502,-12.484016312493218,-20.604915406968857,0.7687785356301965,0.7625037063725719,0.20027892735385666,51334_1372
1374,102.6685515,2.745373027,Healthy,Palong_Basemap,0.14750517159700394,0.02601027964717812,0.022210626552502315,0.06687934655282232,0.8380511138174269,0.21059944232304892,41.87351989746094,-18.573542912801106,-10.504772080315483,-13.025263892279732,-20.352028104994034,0.9384218248020315,0.7001963864235378,0.3760804452672039,51334_1372
1375,102.6684833,2.745333568,Healthy,Palong_Basemap,0.1351386242442661,0.02254762893749608,0.018702638128565416,0.059470466855499476,0.8171026508013407,0.20590398543410832,40.340437995062935,-17.67479917738173,-10.862382888793945,-12.633772532145182,-20.671909120347763,0.9067265843157422,0.7140190919305335,0.38882128764465396,51334_1372
1376,102.668482,2.745254024,Healthy,Palong_Basemap,0.11997725980149375,0.024441696082552273,0.02097749523818493,0.06216099775499768,0.8376025027698941,0.18308441506491768,42.098422580295136,-17.261445575290256,-10.305930031670464,-13.616904152764214,-21.035110897488064,1.0300014593457403,0.6615167872813523,0.3174306311158377,51334_1372
1377,102.6685465,2.745295362,Healthy,Palong_Basemap,0.1377496918042501,0.027218190125293203,0.02333997893664572,0.06507339162958993,0.8544158471955193,0.19613940351539189,43.023692237006294,-17.967350641886394,-10.135699484083387,-13.787794642978245,-20.659114837646484,1.0102979199064486,0.6700183113593238,0.3583236135859597,51334_1372
1378,102.6684795,2.745176986,Healthy,Palong_Basemap,0.1304509002301428,0.026402001579602558,0.02088091853592131,0.06936857973535855,0.8388765652974447,0.21800867550902897,42.201392279730904,-16.920907550387913,-10.35953754848904,-13.547861735026041,-21.07671356201172,1.034683725006105,0.663353354958943,0.30568751607866285,51334_1372
1379,102.6686154,2.745254651,Healthy,Palong_Basemap,0.12926682995425332,0.023618619682060346,0.02007989026606083,0.07388718674580257,0.8861578769154019,0.23714917070335811,44.66472880045573,-17.812115563286675,-9.735204166836208,-14.766839451260036,-20.94814787970649,0.9611616220158962,0.6910285479979331,0.27259930228313084,51334_1372
1380,102.6686204,2.745336074,Healthy,Palong_Basemap,0.13148219966226155,0.024518139349917572,0.022554408758878708,0.07487411714262432,0.8639756374888949,0.20555789603127372,43.59983274671767,-19.608265770806206,-10.269696553548178,-13.80027633243137,-20.24801190694173,0.9658852916317293,0.6856655632267131,0.2743220241382837,51334_1372
1381,102.6686192,2.745416244,Healthy,Palong_Basemap,0.14471298704544702,0.021525375338064298,0.021017767695917025,0.08716681516832775,0.8438276648521423,0.19128353065914577,42.58583450317383,-20.155634350246853,-10.429459465874565,-13.053960588243273,-20.24185456169976,0.8248000815980631,0.7410299881515275,0.24817242091687775,51334_1372
1382,102.6686881,2.745453823,Healthy,Palong_Basemap,0.10116993304755953,0.017009401900900736,0.019084630637533136,0.07983247149321768,0.8842996292644076,0.19828933477401733,45.84745068020291,-19.69829856024848,-10.509007030063206,-15.749637179904514,-20.89358287387424,0.8820395731542309,0.7121425347617875,0.11788496185162464,51334_1372
1383,102.6686943,2.745378664,Healthy,Palong_Basemap,0.0936555556125111,0.01765492796483967,0.017547200640870467,0.06849384970135158,0.8918275899357266,0.16518441753254998,45.948694441053604,-20.925440894232857,-10.49865288204617,-15.307310104370117,-20.772838804456924,0.9640086379884147,0.6827805001391252,0.1551760603898333,51334_1372
1384,102.6686856,2.745300373,Healthy,Palong_Basemap,0.1134697695573171,0.022948522741595905,0.01990065909922123,0.07719623256060812,0.9001515905062357,0.18938746634456846,46.00804095798068,-20.399073282877605,-10.218200047810873,-15.828866958618164,-20.89620590209961,1.0241020174673143,0.6635565164338483,0.19024648649356016,51334_1372
1386,102.6687664,2.745418749,Healthy,Palong_Basemap,0.08947350829839706,0.01664573099050257,0.01523573686265283,0.056727162251869835,0.897166927655538,0.18761241518788868,47.110052320692276,-19.454839918348526,-10.893140157063803,-17.067835913764107,-21.067325380113388,0.9649649678022477,0.6862825044347306,0.22398218779214382,51334_1372
1387,102.668829,2.745448187,Healthy,Palong_Basemap,0.09708797848886913,0.01463509402755234,0.014897851583858332,0.054225202235910624,0.9070279200871786,0.2837343298726612,48.281250423855255,-16.94359228346083,-11.248522016737196,-18.54718091752794,-21.07671356201172,0.8288549668337983,0.7380112505337477,0.2832719267921588,51334_1372
1389,102.6688979,2.745414991,Healthy,Palong_Basemap,0.09286616825395161,0.013929071732693248,0.013431780971586704,0.04517915389604039,0.8914555244975619,0.2670710053708818,47.194171057807075,-17.494122611151802,-11.722630924648708,-17.550393634372288,-21.07671356201172,0.830618808482069,0.7391443338778931,0.3454446236584337,51334_1372
1390,102.6689016,2.745488272,Healthy,Palong_Basemap,0.09769624968369801,0.01416733343568113,0.013556496343678899,0.0521686544848813,0.8966843552059598,0.3078325357702043,47.89171812269423,-16.20754845937093,-11.59868738386366,-17.945214483473038,-21.07671356201172,0.8119547825395134,0.7467033856664154,0.30379090722671037,51334_1372
1392,102.66903,2.745413112,Healthy,Palong_Basemap,0.11989865783188078,0.013359458082252078,0.014646504384775957,0.06040147360828188,0.8342906766467624,0.3103369308842553,42.32792663574219,-16.942965613471138,-12.068229463365343,-14.230543984307182,-21.02785809834798,0.6627369574853936,0.7994950177614626,0.3299896885729371,51334_1372
1393,102.6689649,2.745366764,Healthy,Palong_Basemap,0.09104213615258534,0.01098543767713838,0.012910389755335119,0.046455914775530495,0.872305671374003,0.25968248148759204,44.6616096496582,-18.048797819349502,-11.992068396674263,-16.020397928025986,-21.068207846747505,0.6979123859124196,0.7846574751356484,0.3242680247181437,51334_1372
1395,102.6689624,2.745291604,Healthy,Palong_Basemap,0.08140267266167535,0.01210054030848874,0.013322246364421315,0.05016020271513197,0.8818074729707506,0.2240276055203544,44.410243564181854,-19.313452190823025,-11.60454347398546,-16.42264419131809,-21.005668216281467,0.8139878811903472,0.7411738073139819,0.23747177809136713,51334_1372
1396,102.6690325,2.745331689,Unhealthy,Palong_Basemap,0.09375209692451689,0.014812920035587417,0.015546937680078877,0.06105938305457433,0.8201206061575148,0.3101736439598931,40.57921812269423,-18.026053958468967,-11.763603740268284,-13.271400345696343,-20.121642218695747,0.8530031829164362,0.727114305319348,0.21117758110934678,51334_1372
1397,102.6691021,2.745289099,Healthy,Palong_Basemap,0.14866476092073652,0.02242150033513705,0.019952489270104304,0.07822820295890172,0.8352807362874349,0.3017241888576084,41.49858474731445,-19.249259101019966,-11.23504892985026,-13.398637771606445,-18.752756966484917,0.840306342550878,0.7378924506205224,0.31043958683178846,51334_1372
1399,102.6690307,2.745250266,Healthy,Palong_Basemap,0.08382826546827953,0.017309454787108634,0.016628103227251105,0.06640004697773191,0.8879630698098077,0.2686702327595817,44.90961710611979,-20.29978413052029,-10.988726827833387,-16.394731097751194,-19.2006901635064,1.025173814710421,0.657705260838397,0.11601154407436287,51334_1372
1400,102.6689643,2.745215192,Unhealthy,Palong_Basemap,0.08540114925967322,0.01751713465071387,0.015928246908717685,0.06480154850416714,0.8896278738975525,0.20596330695682102,44.597343020968964,-20.250355826483833,-11.069863213433159,-16.865234375,-20.88091066148546,1.027671680156819,0.6595913964914849,0.13714534467213282,51334_1372
1401,102.6690288,2.745171349,Healthy,Palong_Basemap,0.0836512330505583,0.019338908812238112,0.01711291064404779,0.06615535956290033,0.9112948510381911,0.23701052533255684,46.610452016194664,-20.86640167236328,-10.674743016560873,-17.79944059583876,-19.71223047044542,1.1095029719488965,0.624451263733544,0.11678974324449146,51334_1372
1403,102.6688948,2.745172601,Healthy,Palong_Basemap,0.08719809850056966,0.0187773656927877,0.016308211721479893,0.06327266370256741,0.896100832356347,0.20575036274062264,44.7704963684082,-20.609066009521484,-10.403761545817057,-16.680007616678875,-21.0278074476454,1.0649214257197264,0.6456280548386656,0.1590038785455387,51334_1372
1405,102.6687501,2.745254024,Healthy,Palong_Basemap,0.08580613715781106,0.018619376234710217,0.017476375318235822,0.0667870036429829,0.903494483894772,0.2097737044095993,45.93011177910699,-20.274193657769096,-10.107566939459907,-16.81441370646159,-21.07671356201172,1.0600175705469725,0.6433941164412088,0.12463950486252265,51334_1372
1406,102.6686862,2.745212687,Healthy,Palong_Basemap,0.13091801272498238,0.01907241013314989,0.01759858439779944,0.0832937281164858,0.9051945209503174,0.23678355084525216,46.03855641682943,-19.41278584798177,-9.919321378072103,-16.236180305480957,-21.032960891723633,0.8174119922552562,0.7456849608166057,0.2223234096386057,51334_1372
1407,102.6686148,2.745176986,Healthy,Palong_Basemap,0.14464281996091208,0.02059269841346476,0.017899820788039103,0.08005946377913158,0.8829240931404961,0.2689569393793742,44.50301276312934,-16.809501859876846,-9.691238721211752,-14.570177502102322,-21.071632809109158,0.8086348313562796,0.7507473137003445,0.2874174445707748,51334_1372
1408,102.6687588,2.745176986,Healthy,Palong_Basemap,0.08799829747941759,0.01997591099805302,0.01821832514057557,0.06704068183898926,0.9024606678220961,0.2603461974196964,45.778692457411026,-19.214972813924152,-9.913121011522081,-16.645855055914986,-21.07671356201172,1.0933090818893667,0.6299873593938669,0.13517642938932947,51334_1372
1409,102.6692436,2.745611659,Healthy,Palong_Basemap,0.17076356295082304,0.023083400395181444,0.020132415720985994,0.09713217947218153,0.7727496690220303,0.3163371980190277,38.93648359510634,-16.384856330023872,-10.806909561157227,-10.883112271626791,-20.94379170735677,0.7789801654245722,0.7618389269892348,0.2748508909200144,51334_1372
1410,102.669315,2.745564058,Healthy,Palong_Basemap,0.19543125563197666,0.026047094000710383,0.021501756583650906,0.07778180721733305,0.7795990109443665,0.30595773624049294,40.027871449788414,-16.318767547607422,-10.234509997897678,-10.861377398173014,-20.92158423529731,0.7745564457332451,0.7647888017595541,0.43061428757355213,51334_1372
1411,102.6693827,2.745525225,Healthy,Palong_Basemap,0.16968658235338,0.02273938970433341,0.022172158790959254,0.07677811632553737,0.8098215328322517,0.2561337285571628,42.58373769124349,-16.57371277279324,-10.192412164476183,-11.362531450059679,-19.350185606214737,0.766482759282214,0.7636557117402709,0.3769645978748438,51334_1372
1412,102.6693764,2.745612911,Healthy,Palong_Basemap,0.17793504893779755,0.023651285097002983,0.02238877138329877,0.09594231512811449,0.7857963906394111,0.2863660703102748,40.79277462429471,-16.537267473008896,-10.059579531351725,-10.830246501498753,-20.289801279703777,0.7640957830966093,0.7653483286925593,0.2993775483758142,51334_1372
1413,102.6694428,2.745569068,Healthy,Palong_Basemap,0.1665872418218189,0.022101867530081008,0.022190482459134526,0.09751268807384703,0.7992849614885118,0.22625519004133013,40.771121978759766,-17.12246576944987,-10.160117679172092,-10.86902544233534,-18.96691936916775,0.7589227947180458,0.7657324515866822,0.2615470355303015,51334_1372
1414,102.6695217,2.745611659,Healthy,Palong_Basemap,0.16581540471977657,0.021824334437648456,0.02164242251051797,0.10584623118241628,0.8065642979409959,0.20074467360973358,39.79557122124566,-17.895846472846138,-9.811568366156685,-10.945473247104221,-19.49145762125651,0.7554728163998305,0.7673804649734843,0.2207495119367947,51334_1372
1416,102.6696595,2.74560289,Healthy,Palong_Basemap,0.1593357159031762,0.02871589797238509,0.026837704082330067,0.12284122655789058,0.8100504345364041,0.143565667172273,37.449208153618706,-20.16249402364095,-8.699300448099772,-11.15173233879937,-20.894385443793404,0.9430306444868248,0.6945955700078474,0.1293319327475558,51334_1372
1417,102.6697196,2.745564058,Healthy,Palong_Basemap,0.18803775807221731,0.034203016923533544,0.03119767602119181,0.11968179295460384,0.8126937283409966,0.1092181648645136,37.083326975504555,-20.63575617472331,-8.3594634797838,-11.299692577785915,-21.03366470336914,0.95126803985332,0.6921985452562656,0.22213721841695885,51334_1372
1419,102.6698737,2.745639217,Healthy,Palong_Basemap,0.1936638785733117,0.036103188577625484,0.0331398600505458,0.17624187386698192,0.8537296255429586,0.17694942901531854,40.40395270453559,-19.162414338853623,-8.719397968716091,-12.389533360799154,-20.972240659925674,0.9659389210576795,0.685740963443566,0.04709849628289261,51334_1372
1420,102.6699464,2.745685565,Healthy,Palong_Basemap,0.16606739908456802,0.03442586689359612,0.02853113806082143,0.16751976393991047,0.8819787237379286,0.25710545314682853,43.729159884982636,-17.696849399142796,-9.376155959235298,-13.720009273952908,-21.07671356201172,1.045384900056706,0.6565882976104997,-0.00435377921073022,51334_1372
1424,102.6700641,2.745435034,Unhealthy,Palong_Basemap,0.1952452626493242,0.025990495251284704,0.02962402254343033,0.1696465810139974,0.7655745082431369,0.1608401272031996,35.302655114067925,-19.917871475219727,-9.360471407572428,-10.53034602271186,-21.062864939371746,0.7510339712975388,0.7650425455819757,0.07015416233569252,51335_1372
1426,102.6702783,2.745396201,Healthy,Palong_Basemap,0.07645068483220206,0.018517620033688016,0.01881577033135626,0.07770735025405884,0.8623001509242587,0.18348523726065954,42.2536489698622,-20.94905726114909,-10.291371981302897,-13.977787335713705,-20.93642298380534,1.1197208018455254,0.6100252592728119,-0.008151799685002433,51335_1372
1429,102.6702069,2.745275946,Healthy,Palong_Basemap,0.13966941833496094,0.02299385993844933,0.02562936084965865,0.10963779770665699,0.8095929291513231,0.11143756657838821,39.436344146728516,-21.07671356201172,-9.515046861436632,-12.46145142449273,-21.07671356201172,0.8706229708223593,0.7172827182321947,0.12046029435141034,51335_1372
1435,102.6701443,2.745086794,Unhealthy,Palong_Basemap,0.1665685408645206,0.023460773958100214,0.026581334157122508,0.11696577320496242,0.7614145742522346,0.20547045436170366,36.66626739501953,-20.7560060289171,-9.555793762207031,-10.308863639831543,-19.31679089864095,0.7817931404246944,0.7530825811796542,0.17494449595050607,51335_1372
1436,102.6700641,2.745197028,Unhealthy,Palong_Basemap,0.13998816824621624,0.01980378499461545,0.02061410713940859,0.08898540586233139,0.768828272819519,0.16887085802025265,38.91914198133681,-20.669818878173828,-10.22379567888048,-11.720568127102322,-20.447269015842014,0.7913211243947187,0.7521303846287176,0.2227451904982991,51335_1372
1438,102.6700704,2.745361127,Healthy,Palong_Basemap,0.22957360413339403,0.02665471596022447,0.030803752028279834,0.16776300801171196,0.7653385665681627,0.10934273484680387,35.469398498535156,-20.90685992770725,-9.449627876281738,-10.948473082648384,-21.052769978841145,0.6797791165688827,0.791945590163604,0.15556229713638636,51335_1372
1439,102.6699977,2.745561552,Healthy,Palong_Basemap,0.18542104297214085,0.019947985394133463,0.023169338496194944,0.15746612267361748,0.817727698220147,0.2823085884253184,40.05467266506619,-18.236012564765083,-9.873455365498861,-11.937561247083876,-20.955509609646267,0.6422239358573355,0.8057352118494094,0.08152804508117402,51334_1372
1440,102.6699363,2.74560289,Healthy,Palong_Basemap,0.20271965695752037,0.024613318343957264,0.025668972689244483,0.18398450811704,0.8267217543390062,0.2184494419230355,39.76842074924045,-18.374828974405926,-9.260210143195259,-11.783108711242676,-20.78897370232476,0.7092785254622028,0.7834602013956284,0.04844827269152386,51334_1372
1441,102.6698687,2.74556531,Healthy,Palong_Basemap,0.19530534744262695,0.023937038870321378,0.02854691342347198,0.15175583047999275,0.8285128010643853,0.15625295705265468,39.092234717475044,-19.012501398722332,-8.822440889146593,-11.642141871982151,-20.61717775132921,0.7047395992028426,0.781638584829546,0.12548080780254814,51334_1372
1442,102.6697923,2.745520214,Healthy,Palong_Basemap,0.19077400200896794,0.027869505600796804,0.030077530071139336,0.12794653243488735,0.8075278202692667,0.09550478681921959,37.88345718383789,-19.437580108642578,-8.592265129089355,-11.083538691202799,-20.41371832953559,0.8060870128133739,0.7450689855329402,0.19712400923181828,51334_1372
1443,102.6697221,2.745483887,Healthy,Palong_Basemap,0.20445295174916586,0.03205469540423817,0.03097877837717533,0.12816354632377625,0.811821977297465,0.0837474452952544,38.88268619113498,-18.85844972398546,-8.483423868815104,-11.053911103142632,-19.843941582573784,0.8561013674303107,0.7289331166239476,0.22936145942063133,51334_1372
1444,102.6696557,2.745520214,Healthy,Palong_Basemap,0.1966780506902271,0.032252427811423935,0.029614227306511667,0.11555069850550757,0.8127580086390177,0.11648155748844147,38.49968465169271,-19.504708607991535,-8.648500654432508,-11.116079012552897,-20.283217324150932,0.887283238592461,0.7182338671328001,0.25983306275829576,51334_1372
1446,102.669518,2.745526478,Healthy,Palong_Basemap,0.18104423582553864,0.023884083040886454,0.022931983694434166,0.0909177992078993,0.820555157131619,0.19395290977425045,41.33754857381185,-17.523496627807617,-9.841566191779243,-11.202889760335287,-18.88320647345649,0.7589947393280283,0.7669030500713333,0.33139344837803636,51334_1372
1447,102.6694503,2.745492656,Healthy,Palong_Basemap,0.16459205249945322,0.022065509317649737,0.02160535752773285,0.07232808983988231,0.8364672793282403,0.23440376420815787,43.932916429307724,-16.85588306850857,-10.209641244676378,-11.896891805860731,-18.74498960706923,0.7664015925705355,0.7635722967465876,0.38943063999777294,51334_1372
1448,102.6693777,2.745445055,Healthy,Palong_Basemap,0.15899800343645942,0.02036842465814617,0.020825072295135923,0.06801152063740624,0.8277628951602511,0.2612134532796012,43.76129277547201,-16.56853855980767,-10.206778208414713,-12.018599616156685,-19.5792293548584,0.7387896837097239,0.7728847602695975,0.40080469385701845,51334_1372
1450,102.6692424,2.745448813,Healthy,Palong_Basemap,0.1910347557730145,0.022299497077862423,0.018876445686651602,0.07136544254091051,0.7656436761220297,0.2533862094084422,39.3778076171875,-16.819419648912216,-10.846923192342123,-10.800882339477539,-19.742041693793404,0.7009384287790446,0.7909431159800671,0.4560564892902117,51334_1372
1451,102.6693125,2.745481382,Healthy,Palong_Basemap,0.193650989068879,0.022755055584841304,0.0207622063656648,0.06793406936857435,0.7889323102103339,0.24529709915320078,41.057974921332466,-16.41890197330051,-10.30020162794325,-11.299877696567112,-20.349158393012154,0.7003621454997695,0.7897003697724566,0.4805967147025118,51334_1372
1452,102.6693113,2.745407475,Healthy,Palong_Basemap,0.17218111952145895,0.021459681602815788,0.02079990216427379,0.0685669481754303,0.7893933918741014,0.24299702710575527,40.737017737494575,-16.588467809889053,-10.473977830674913,-11.42445182800293,-19.97040515475803,0.727754017449299,0.7783557857825284,0.43038422836474327,51334_1372
1453,102.6692399,2.745371148,Healthy,Palong_Basemap,0.17577926483419207,0.01997675436238448,0.018632623677452404,0.0758110483487447,0.7784078783459134,0.24380494157473245,39.47250535753038,-17.656533347235786,-11.028667979770237,-11.241868548923069,-18.712456385294598,0.6819011542811725,0.7959015059217772,0.3973452523697059,51334_1372
1454,102.6692361,2.745288472,Healthy,Palong_Basemap,0.18854478829436833,0.01902526006516483,0.0188227951940563,0.07783825695514679,0.8003297249476115,0.2302567958831787,40.19026014539931,-18.355049557156033,-10.999849425421822,-12.035574277242025,-18.792288250393337,0.6201746255759418,0.8166858830016642,0.4155915074682218,51334_1372
1455,102.6692424,2.745210808,Healthy,Palong_Basemap,0.15384675645165974,0.0174514368797342,0.019562888476583693,0.06915493061145146,0.8237097859382629,0.21673954195446438,41.314404805501304,-19.32617293463813,-10.920430183410645,-13.13341278500027,-19.00127665201823,0.6702021362776079,0.7962449394200838,0.37978109921760295,51334_1372
1456,102.6693,2.74524964,Healthy,Palong_Basemap,0.1713268980383873,0.017053690428535145,0.01929521043267515,0.06985424707333247,0.8067431449890137,0.18548576864931318,40.56782743665907,-18.64207691616482,-11.000050332811144,-12.496294127570259,-19.73516019185384,0.6070833153057063,0.8189442917943791,0.42073210539758704,51334_1372
1457,102.6693038,2.745327305,Healthy,Palong_Basemap,0.17156613866488138,0.017498414860003524,0.01847283521460162,0.07291595306661394,0.792927450603909,0.22731493579016793,40.47325981987847,-17.03490236070421,-10.701890521579319,-11.65610482957628,-19.72632556491428,0.6220668739858488,0.8148948120230229,0.4035067963448664,51334_1372
1458,102.6693752,2.745368643,Healthy,Palong_Basemap,0.14277364893092048,0.017389381407863565,0.019126722382174596,0.06996449828147888,0.81529168287913,0.24280075232187906,41.81422975328233,-16.66257667541504,-10.433305422465006,-12.251395649380154,-20.615521748860676,0.7073198276935163,0.7828539910729616,0.3422477426051304,51334_1372
1459,102.6693764,2.745293483,Healthy,Palong_Basemap,0.15652252237002054,0.01664273916847176,0.01802176195714209,0.07206338478459252,0.8072342276573181,0.20911521381802028,40.79871961805556,-17.179636637369793,-10.616321881612143,-12.162689632839626,-20.646854188707138,0.6406296751777447,0.807782011003722,0.36948532233135767,51334_1372
1460,102.6693802,2.745208302,Healthy,Palong_Basemap,0.16613080849250159,0.01862842806925376,0.020509087791045506,0.06967990017599529,0.761168552769555,0.15828284372886023,38.88403532240126,-17.883897569444443,-10.541181140475803,-11.106713189019096,-20.60083050198025,0.6656077988710941,0.7983491551933615,0.40901835570197603,51334_1372
1462,102.669444,2.745165712,Healthy,Palong_Basemap,0.21908046884669197,0.02165606038437949,0.019808290112349723,0.08840548743804295,0.7488923536406623,0.17157859520779717,38.562691158718536,-16.926781972249348,-10.11050796508789,-10.498838742574057,-20.931310653686523,0.6139190042289885,0.8200849663027842,0.4249786981739184,51334_1372
1463,102.6695154,2.74520705,Healthy,Palong_Basemap,0.23085051443841723,0.023131461607085332,0.019325775508251455,0.08999775515662299,0.7433059016863505,0.22207142578230965,38.69491746690538,-16.08647632598877,-10.049326578776041,-9.996276643541124,-20.49090427822537,0.6242483606791891,0.8178495815550221,0.4390011498568219,51334_1372
1465,102.669518,2.745282209,Healthy,Palong_Basemap,0.17902612851725686,0.024607499026589923,0.02550652830137147,0.08707891321844524,0.8119808700349596,0.22636530299981436,41.271927727593315,-16.794502364264595,-9.957005818684896,-11.197785483466255,-19.214213689168293,0.775810094923525,0.7583159586813195,0.3455297753814616,51334_1372
1466,102.6694478,2.74524964,Healthy,Palong_Basemap,0.185637090769079,0.018729718815949228,0.021000969741079543,0.08661429252889422,0.7807841565873888,0.19251908444696003,39.664231618245445,-16.954614003499348,-10.06230714586046,-11.12640380859375,-20.635515001085068,0.6138438602119265,0.8167048861409504,0.3637182556821263,51334_1372
1468,102.6694466,2.745399959,Healthy,Palong_Basemap,0.16353879951768452,0.020911393273207877,0.021976938471198082,0.07064163188139598,0.846389565202925,0.24658210244443682,44.197583516438804,-16.93907907274034,-10.180342780219185,-12.210291226704916,-19.19024552239312,0.7358680035758219,0.773257019070566,0.3966905649685864,51334_1372
1469,102.6695205,2.745445055,Healthy,Palong_Basemap,0.1831288155582216,0.02707221234838168,0.02663384936749935,0.08339363502131568,0.8354952798949348,0.19465582900577122,42.84428151448568,-17.17951308356391,-9.857099109225803,-11.546650250752768,-18.54280768500434,0.8206588883112804,0.7424159851358061,0.3742093032689655,51334_1372
1470,102.6695205,2.745371148,Healthy,Palong_Basemap,0.16506669256422254,0.0258217780954308,0.02693018193046252,0.08265400263998243,0.8361184000968933,0.2198390546772215,42.81531948513455,-16.93519337972005,-9.922860675387913,-11.649663713243273,-18.773861779106987,0.8478651272376891,0.7294569126548244,0.3326839118399228,51334_1372
1471,102.6695881,2.745408728,Healthy,Palong_Basemap,0.19969141483306885,0.0317046485013432,0.03131075182722674,0.11128092722760306,0.8334109783172607,0.173755235142178,42.084174686008026,-16.76688618130154,-9.43676143222385,-11.346663898891872,-18.44321123758952,0.8615058152120345,0.7259707183909707,0.2843033789423516,51334_1372
1472,102.6696532,2.745445055,Healthy,Palong_Basemap,0.21279764672120413,0.035488787210649915,0.03120733942422602,0.12493204242653316,0.8194310466448466,0.11386984338363011,39.75650956895616,-18.359289593166775,-8.76930406358507,-11.102337307400173,-19.50016933017307,0.9013524341613577,0.7141302756767586,0.2601654729153374,51334_1372
1473,102.6696557,2.745366137,Healthy,Palong_Basemap,0.2062815957599216,0.03540619669689073,0.030341813754704263,0.11633286128441493,0.8173138697942098,0.18362531893783146,41.074542151557075,-16.55760447184245,-9.290078269110786,-10.960489167107475,-18.38190481397841,0.9213291714742567,0.707008812178898,0.27881185269742925,51334_1372
1474,102.6695856,2.74532981,Healthy,Palong_Basemap,0.18898880812856886,0.030171292937464185,0.027592552825808525,0.09123594065507253,0.8263576030731201,0.20435915721787346,41.82928212483724,-16.427134831746418,-9.606678220960829,-11.192990514967176,-18.355179892645943,0.8716123912840686,0.7246643637167008,0.3488373810586241,51334_1372
1475,102.6696482,2.745283462,Healthy,Palong_Basemap,0.19974446958965725,0.035395957736505404,0.028785115314854517,0.08930205719338523,0.8015410767661201,0.2414718402756585,40.940408070882164,-16.132715225219727,-9.7008425394694,-10.668431282043457,-18.127712037828232,0.946031813735047,0.698937710210012,0.3820921622046328,51334_1372
1476,102.6696608,2.745209555,Healthy,Palong_Basemap,0.18194773462083605,0.026221914527316887,0.022064797580242157,0.07750578224658966,0.7601023250155978,0.3404912054538727,40.22311231825087,-15.307443088955349,-10.541789054870605,-10.042506959703234,-19.169325086805557,0.817976653772174,0.7480716844687101,0.4025459112493497,51334_1372
1480,102.6698537,2.74507552,Unhealthy,Palong_Basemap,0.1360231257147259,0.018813880988293223,0.01774542261328962,0.08517629115117921,0.8110627068413628,0.3561092085308499,41.18651368882921,-16.669473118252224,-12.001445134480795,-11.48717647128635,-18.74250242445204,0.7863842707668272,0.7569846977941304,0.22986875500838652,51334_1372
1481,102.6699351,2.74513189,Healthy,Palong_Basemap,0.1364695496029324,0.019770036554998822,0.017424973452256784,0.0728951162762112,0.7990011440383064,0.2709941847456826,41.00675413343642,-18.505919986301,-11.663395245869955,-11.795422342088488,-18.90902985466851,0.8176422190006117,0.7469266651152707,0.3036540719980884,51334_1372
1483,102.6699288,2.745202039,Healthy,Palong_Basemap,0.14091124137242636,0.021855180462201435,0.017537424858245585,0.07311501933468713,0.7879041896926032,0.2192143773039182,40.50283008151584,-18.770395278930664,-11.045613076951769,-11.734767172071669,-19.676159540812176,0.864870820552039,0.7314534507073394,0.31676590439766494,51334_1372
1485,102.669994,2.745317284,Healthy,Palong_Basemap,0.20881421864032745,0.02585226607819398,0.028248812589380477,0.12692313972446653,0.7617614534166124,0.1326715648174286,37.012627071804474,-19.46969159444173,-9.4849304623074,-10.846650335523817,-21.048596064249676,0.716209695439464,0.779668015999785,0.2439141098706165,51334_1372
1486,102.669999,2.745399959,Healthy,Palong_Basemap,0.19618263840675354,0.02433621303902732,0.0283844665520721,0.17163605905241436,0.7704761226971945,0.167541374762853,35.943522135416664,-18.74502902560764,-9.131939676072863,-10.455702251858181,-21.076068454318577,0.712523929364893,0.7792822438583135,0.06673553988392375,51334_1372
1488,102.6699338,2.745526478,Healthy,Palong_Basemap,0.20257213215033212,0.01990629132423136,0.02415849082171917,0.16642346150345272,0.8037820789549086,0.19315292603439754,38.2101075914171,-18.155944612291123,-9.197254498799643,-11.098149935404459,-20.764044443766277,0.5974653535929203,0.8210496909017581,0.09796504692355862,51334_1372
1489,102.6698637,2.745480129,Healthy,Palong_Basemap,0.19832164545853934,0.02310458819071452,0.027431161246365972,0.1341535680823856,0.7952318588892618,0.14656079560518265,37.952480740017364,-17.881252924601238,-8.944025781419542,-10.765741348266602,-20.291399425930447,0.6796417036973867,0.7913111937105618,0.19300108628475304,51334_1372
1490,102.6697986,2.745445055,Healthy,Palong_Basemap,0.20336154268847573,0.023299919648302927,0.02803195019563039,0.09924086431662242,0.7995325525601705,0.1114150620996952,38.21888139512804,-18.599075741238064,-8.70632807413737,-10.869259516398111,-19.998566309611004,0.6705173671764648,0.7944077532361159,0.34408410495591035,51334_1372
1491,102.6697246,2.745401212,Healthy,Palong_Basemap,0.20949171814653608,0.03136251577072673,0.029234951982895534,0.11899286674128638,0.8038158615430196,0.12552374766932595,39.42345682779948,-18.09083006117079,-8.728857146369087,-10.899925655788845,-19.178665584988064,0.8323062194544791,0.7395726430825356,0.2755041045111906,51334_1372
1493,102.6698537,2.745237113,Healthy,Palong_Basemap,0.16214917931291792,0.025619387212726805,0.021945602570970852,0.07350632341371642,0.7964449657334222,0.23337137533558738,40.64999262491862,-17.641563839382595,-10.241362041897244,-11.51970428890652,-19.88892724778917,0.8709131877155848,0.7271174010988916,0.376154407062708,51334_1372
1494,102.6697885,2.745282209,Healthy,Palong_Basemap,0.17942517499128977,0.028677963548236422,0.027415742269820638,0.07527226623561648,0.8008709682358636,0.23238013850318062,40.809986962212456,-17.24410014682346,-9.527676582336426,-11.271852387322319,-19.374316957261826,0.8683817134294483,0.7243870155010712,0.4089279745173607,51334_1372
1495,102.6698599,2.745318536,Healthy,Palong_Basemap,0.17289835214614868,0.026468407776620653,0.026142459983627003,0.08064954976240794,0.7938069105148315,0.20493208368619284,39.810708363850914,-17.73876889546712,-9.51608551873101,-11.260288980272081,-20.26848496331109,0.8403415182531174,0.7344752175651148,0.3638318506654839,51334_1372
1496,102.6699288,2.745275946,Healthy,Palong_Basemap,0.18231029311815897,0.024815181891123455,0.02498011104762554,0.10088550051053365,0.7771256367365519,0.1700880320535766,38.338731129964195,-18.415279176500107,-9.521017286512587,-11.032482888963488,-20.863195843166775,0.7726952426404996,0.7603850333715702,0.28752119360354644,51334_1372
1497,102.6699251,2.745359874,Healthy,Palong_Basemap,0.19645434452427757,0.02408619100848834,0.027490650200181536,0.13309905015759999,0.7779216236538358,0.1698842247327169,37.5050180223253,-18.021637810601128,-9.1314181221856,-10.706108729044596,-20.894751018948025,0.7081118095997195,0.7815713020710442,0.192245916410102,51334_1372
1498,102.6699263,2.74544255,Healthy,Palong_Basemap,0.19189908107121786,0.021810202341940668,0.025869127156005964,0.14637135217587152,0.7895206146770053,0.17753509514861637,37.41833623250326,-17.619006686740452,-9.108244789971245,-10.706466356913248,-20.732508765326607,0.6675180559409611,0.7958890508300889,0.1345897377382984,51334_1372
1499,102.6698612,2.745399959,Healthy,Palong_Basemap,0.1956166856818729,0.02248125585416953,0.027880119159817696,0.1217560941974322,0.7913281056616042,0.1630952407916387,38.20110956827799,-17.858677122328018,-8.909076584710014,-10.777672979566786,-20.300620396931965,0.6699340858965483,0.7938425672811377,0.2327250355639492,51334_1372
1500,102.6697898,2.745363632,Healthy,Palong_Basemap,0.19578401578797233,0.02534638179673089,0.028062056336137984,0.08630283756388558,0.7987484998173184,0.18804731468359628,39.90468427870009,-17.625484254625107,-9.06045118967692,-11.02698442671034,-19.46689181857639,0.7385878717080484,0.7707562409006022,0.3881115937279311,51334_1372
1501,102.669999,2.745069257,Unhealthy,Palong_Basemap,0.1471074488427904,0.018433182396822505,0.020371965857015714,0.0811945754620764,0.8102831972969903,0.2661399394273758,40.40704091389974,-19.286323971218533,-11.224081887139214,-11.869373851352268,-18.624674479166668,0.7216467085355488,0.7772971836727954,0.28870910620002294,51334_1372
1503,102.6701956,2.745036688,Healthy,Palong_Basemap,0.22491184539265102,0.026868335695730314,0.02622377003232638,0.16816593789392048,0.7641013198428683,0.21039637095398372,36.936995612250435,-19.94475640190972,-9.378841400146484,-9.909305572509766,-19.602391984727646,0.7050384533483711,0.7865730687809868,0.14436304953251505,51335_1372
1504,102.6702683,2.745073015,Healthy,Palong_Basemap,0.23227586348851523,0.03579154652025965,0.0365480182485448,0.19945468174086678,0.7805681493547227,0.23904417951901755,38.10528479682075,-18.572977383931477,-9.44031704796685,-9.859547191196018,-20.010471555921768,0.8411471954978764,0.732966073577627,0.07602237578582789,51335_1372
1505,102.6702658,2.744994098,Unhealthy,Palong_Basemap,0.24796245329909855,0.02834494887954659,0.026115441280934546,0.21392091612021127,0.7717418140835233,0.28230273723602295,37.37172529432509,-17.11670928531223,-9.544148868984646,-9.34825356801351,-20.306801054212784,0.6855552332733863,0.7948303327666894,0.07370158666176932,51335_1372
1506,102.6702683,2.744922696,Healthy,Palong_Basemap,0.19477864768770006,0.019623192234171763,0.019349234799544018,0.14161826256248686,0.7720259891615974,0.3257278800010681,37.12467490302192,-15.867744869656033,-9.571951654222277,-9.246329731411404,-20.723066541883682,0.6195796430301705,0.8169494045263559,0.15802875563178176,51335_1372
1507,102.6702032,2.744960276,Healthy,Palong_Basemap,0.2169814275370704,0.021556093874904845,0.022174894188841183,0.1637945001324018,0.7628512316279941,0.27170951002173954,35.40586429172092,-17.28985044691298,-9.364150789048937,-9.21231492360433,-20.612412134806316,0.6109386814687224,0.8192645438142574,0.1396803829753567,51335_1372
1509,102.6700641,2.744959023,Healthy,Palong_Basemap,0.17340883943769667,0.01952972759803136,0.02427773777809408,0.12388345350821812,0.8055756423208449,0.179430038564735,37.19419860839844,-19.758888456556534,-9.549845377604166,-11.186599731445312,-20.114421632554794,0.6599384969309767,0.7975549637578174,0.1665881931843033,51335_1372
1510,102.6699965,2.744996603,Unhealthy,Palong_Basemap,0.15522122383117676,0.018910423749023013,0.022211105045345094,0.09076985551251306,0.8191453350914849,0.2543189575274785,39.541817135281036,-18.785767873128254,-10.7612091700236,-11.676461749606663,-19.04621081882053,0.7028160631131956,0.7828031376052599,0.2620069333027097,51334_1372
1512,102.6700591,2.744881358,Healthy,Palong_Basemap,0.18146137065357631,0.020639847757087812,0.024764527049329545,0.13766226089662975,0.8081829481654697,0.160569681889481,36.958230336507164,-19.663244247436523,-9.073501163058811,-11.149549378289116,-20.74582841661241,0.667131517758795,0.7957474188488244,0.13724809267237195,51335_1372
1513,102.669791,2.745041699,Unhealthy,Palong_Basemap,0.14644864201545715,0.018284363051255543,0.018661489710211754,0.11747752047247356,0.8077930940522088,0.40883614950709873,41.285825941297745,-15.523729536268446,-12.054658995734322,-11.112105475531685,-18.91591665479872,0.7252862594782395,0.778012147063658,0.10976979799912195,51334_1372
1514,102.6697171,2.745088047,Unhealthy,Palong_Basemap,0.20596219102541605,0.01800884534087446,0.018275753387974367,0.097547623846266,0.7801269955105252,0.43176783786879647,40.79129621717665,-14.100905948215061,-11.6352874967787,-10.077316813998753,-19.3382142384847,0.5535740375970304,0.8391859444591565,0.3572028378225119,51334_1372
1517,102.6698512,2.744917685,Healthy,Palong_Basemap,0.1688459879822201,0.018130513942903943,0.020573371193475194,0.12235761599408256,0.8250047498279147,0.330467368165652,39.45775392320421,-15.95637575785319,-10.603503439161512,-10.956016646491157,-19.663817087809246,0.6426970169264361,0.8060663906295089,0.1596421587966358,51334_1372
1518,102.669786,2.744880106,Healthy,Palong_Basemap,0.18437309066454569,0.017994727111525007,0.020421245238847203,0.13964103079504436,0.8157844278547499,0.43223168783717686,39.428167555067276,-14.719683965047201,-11.238325119018555,-10.269845750596788,-18.66138203938802,0.5978717122801473,0.8221582136005736,0.1380558960455066,51334_1372
1520,102.6696583,2.744970297,Healthy,Palong_Basemap,0.24162077241473728,0.01963654946949747,0.02273519192304876,0.15319676448901495,0.7727442648675706,0.4502330786652035,38.67977862887912,-13.67212888929579,-11.380154185824924,-9.066688219706217,-18.248300552368164,0.5173826051453384,0.8496765615763406,0.22396170296578835,51334_1372
1522,102.6695881,2.745085542,Unhealthy,Palong_Basemap,0.2608967141972648,0.023569588342474565,0.02045895718038082,0.10187612308396234,0.7411061525344849,0.31071023643016815,39.17754575941298,-14.532085312737358,-10.413810624016655,-9.376036326090494,-20.61838807000054,0.5740020211941558,0.8342890660015384,0.4383475684262084,51334_1372
1523,102.6695856,2.745002866,Healthy,Palong_Basemap,0.26757586002349854,0.02438493383427461,0.023035678391655285,0.12495060513416927,0.7534283730718825,0.33996883200274575,38.848972744411896,-14.131732092963325,-10.502716064453125,-9.256762716505262,-20.218060387505425,0.574808952927974,0.8329574768442809,0.3633519457905605,51334_1372
1524,102.6695869,2.744925201,Healthy,Palong_Basemap,0.21736858785152435,0.019860446867015626,0.02475759449104468,0.14602124691009521,0.7628078328238593,0.3675795959101783,38.11497497558594,-14.151628176371256,-10.561709509955513,-9.16139390733507,-19.54544300503201,0.5637226298311632,0.832563101809363,0.1963382960016819,51334_1372
1525,102.6696495,2.744882611,Healthy,Palong_Basemap,0.21837821933958265,0.019829202857282426,0.023150529712438583,0.15802821351422203,0.775136133035024,0.45359762178526986,37.811096615261505,-13.981273333231607,-11.066244867112902,-8.969385041130913,-18.07281960381402,0.5641567197119707,0.8335131401498086,0.16033202559213544,51334_1372
1526,102.6695167,2.744886369,Healthy,Palong_Basemap,0.2054305242167579,0.0189339148087634,0.02419125744038158,0.12740855167309442,0.7697922322485182,0.2907404320107566,37.31754896375868,-15.205359564887154,-9.831088489956326,-9.720172776116264,-20.474580340915256,0.5662699113745092,0.8312217846018846,0.2344134994819045,51334_1372
1527,102.6695142,2.744967792,Healthy,Palong_Basemap,0.22555552423000336,0.021296250944336254,0.02431876336534818,0.11910140017668407,0.7568470769458346,0.3010918183459176,37.81838268703885,-14.839039590623644,-10.07244947221544,-9.498076756795248,-20.49717140197754,0.582527704616515,0.827457178063267,0.30886982536786584,51334_1372
1530,102.6694478,2.745005371,Healthy,Palong_Basemap,0.23728654285271963,0.023957696225908067,0.022975676796502538,0.08033164631989267,0.7375361323356628,0.25659528209103477,38.070035722520615,-15.964880413479275,-10.156044430202908,-9.773292011684841,-20.54223081800673,0.6219191864736328,0.8165877547355413,0.49416217925582495,51334_1372
1531,102.6694478,2.744925201,Healthy,Palong_Basemap,0.18676277332835728,0.0192869556032949,0.024217770331435733,0.10928665432665083,0.7541630003187392,0.2761368701855342,37.94437493218316,-15.781412124633789,-10.031664424472385,-10.000089115566677,-20.640837775336372,0.6182844738595135,0.8127931960571276,0.26169994522668294,51334_1372
1532,102.6693714,2.744962781,Healthy,Palong_Basemap,0.15467685129907396,0.022196209886007838,0.022155590769317415,0.0647733062505722,0.7691838211483426,0.26206017699506545,40.07778973049588,-18.939829296535915,-10.498939832051596,-11.708131366305881,-20.43305842081706,0.8026660186871877,0.7490153702628406,0.4096763750473175,51334_1372
1533,102.6693777,2.744891379,Healthy,Palong_Basemap,0.15309105979071724,0.022031109573112592,0.022438381074203387,0.08053250445259942,0.7729372713300917,0.24144116706318325,38.42868889702691,-17.38736300998264,-9.98757521311442,-11.05578973558214,-20.87200164794922,0.8026209946951304,0.7483915411378753,0.3105789245752145,51334_1372
1536,102.6693025,2.745010382,Healthy,Palong_Basemap,0.13823935472302967,0.01979259525736173,0.020454397838976648,0.05617069701353709,0.8000757031970553,0.2480891446272532,42.46368323432075,-20.187628428141277,-10.776539590623644,-13.408111360338,-20.35725869072808,0.7985757821879215,0.749511472081214,0.4221420496338268,51334_1372
1537,102.6693075,2.744932717,Healthy,Palong_Basemap,0.13656167768769795,0.02122194878757,0.021201507912741765,0.057948397679461375,0.796816799375746,0.2299746208720737,42.123421139187286,-20.060578452216255,-10.626220491197374,-12.995088259379068,-20.619809680514866,0.8479999189222911,0.7309993532073308,0.40416045215059065,51334_1372
1538,102.6692311,2.744888874,Healthy,Palong_Basemap,0.11951402988698748,0.021088989244567022,0.01953425682667229,0.050539292809036046,0.8372169203228421,0.19921234912342495,44.44919755723741,-19.872760348849827,-10.72764703962538,-13.916349622938368,-20.378989113701714,0.9309462608399839,0.7000208192565878,0.4056065237916361,51334_1372
1539,102.6692399,2.74497155,Healthy,Palong_Basemap,0.11407461348507139,0.02060530934896734,0.02040667687025335,0.050328247249126434,0.8398899104860094,0.22002468175358242,44.940824296739365,-19.644439485337998,-10.724166976081001,-14.728467093573677,-20.43807813856337,0.9382473881695269,0.6940106748597038,0.3877448722684235,51334_1372
1541,102.6691697,2.745093058,Healthy,Palong_Basemap,0.10464859588278665,0.020683815702795982,0.019901564137803182,0.06651791143748495,0.9098490807745192,0.26543304986423916,48.791475507948135,-19.62977621290419,-10.504967265658909,-19.168720987108017,-19.41676902770996,0.9973042926863396,0.6699366837177287,0.2227695420223475,51334_1372
1542,102.6691046,2.745050467,Healthy,Palong_Basemap,0.09509208798408508,0.020845725511511166,0.018144940129584737,0.06761431983775562,0.9335644576284621,0.2891059335735109,50.49221928914388,-19.01678318447537,-10.444096777174208,-20.579907523261177,-18.718150456746418,1.076405093636485,0.6403981603068103,0.168879446815745,51334_1372
1543,102.6690319,2.745085542,Healthy,Palong_Basemap,0.09800213327010472,0.019351337518956926,0.014615583130055003,0.06789870063463847,0.9374183350139194,0.2955842117468516,50.30430772569444,-18.919024149576824,-10.48729779985216,-19.79532898796929,-18.572392993503147,1.0230656865238827,0.6702042574652058,0.18145437805786446,51334_1372
1544,102.668963,2.7450893,Healthy,Palong_Basemap,0.1069587046901385,0.018804207754631836,0.014895306072301336,0.06985366096099217,0.9132256839010451,0.3001508696211709,46.833894941541885,-18.24032433827718,-10.647267977396647,-16.077431466844345,-20.203248977661133,0.9433799895953862,0.7009578199313755,0.2098554792392658,51334_1372
1545,102.6688991,2.745091805,Healthy,Palong_Basemap,0.10495119624667698,0.018679609418743186,0.015461843978199694,0.07219495003422101,0.8980739778942533,0.3093998647398419,45.204689025878906,-17.879992061191135,-10.467097918192545,-15.084225336710611,-20.900377061631943,0.947168255294343,0.6978162632168639,0.18491085976273447,51334_1372
1546,102.6688941,2.745016645,Healthy,Palong_Basemap,0.11082550221019322,0.017706244873503845,0.0139058418571949,0.08294441550970078,0.8870327141549852,0.37317952513694763,45.37876976860894,-16.186385048760307,-10.88940503862169,-14.109739091661242,-20.88323465983073,0.884517097000443,0.7244844907931747,0.14388759116260874,51334_1372
1548,102.6687576,2.745096816,Healthy,Palong_Basemap,0.11927087604999542,0.01834197011258867,0.016827164735231135,0.07604991851581468,0.8932059208552042,0.30749309890800053,45.21546596950955,-17.979879803127712,-9.884101655748156,-15.748339653015137,-21.07671356201172,0.8492538402593833,0.7334264841682241,0.2212819051359028,51334_1372
1549,102.6687588,2.745017898,Healthy,Palong_Basemap,0.12805085629224777,0.017793659534719255,0.015604852388302485,0.08570005082421833,0.8713121149275038,0.3830002347628276,43.83770200941298,-15.940163612365723,-10.401315689086914,-13.448772854275173,-21.061511993408203,0.7941691125431403,0.7559913798084801,0.19813158240752554,51334_1372
1550,102.6687526,2.744932717,Healthy,Palong_Basemap,0.12638997866047752,0.016995265976422362,0.01380450226780441,0.09108859880103005,0.8705162472195096,0.40515713890393573,43.93742879231771,-15.38053724500868,-10.790833685133192,-12.963974422878689,-20.814273834228516,0.780561573940732,0.7629426093394736,0.16232118248840213,51334_1372
1551,102.6688265,2.744974055,Healthy,Palong_Basemap,0.11623450368642807,0.016639777562684484,0.0123788606789377,0.08832220567597283,0.8709081278906928,0.41342941919962567,44.80071724785699,-15.289955563015408,-11.100662549336752,-13.15592098236084,-20.900706609090168,0.8222609174028412,0.7495410337311517,0.13645261549942458,51334_1372
1552,102.6688302,2.744893885,Healthy,Palong_Basemap,0.11891172412368986,0.015781714373992548,0.012289569092293581,0.09350890914599101,0.8736177417967055,0.41296932763523525,45.54103554619683,-15.161683400472006,-11.32441594865587,-13.010455449422201,-20.524976942274307,0.7756823067586436,0.7656646893862749,0.11958732344728695,51334_1372
1554,102.6689655,2.744975308,Unhealthy,Palong_Basemap,0.11894532624218199,0.014885416461361779,0.011982595030632284,0.08393579141961204,0.8856038252512614,0.3847467501958211,47.713360680474175,-15.479033470153809,-11.5653109020657,-14.340031411912706,-20.070436901516384,0.7410345667396645,0.7775486235724579,0.1725618195821032,51334_1372
1555,102.6690332,2.745012887,Healthy,Palong_Basemap,0.10540458808342616,0.017237705178558826,0.013439382736881575,0.07226988424857457,0.9275892376899719,0.31971029771698845,50.09279081556532,-17.063069131639267,-10.803735415140787,-18.908082220289444,-18.675878948635525,0.8994403732225286,0.7188946044618372,0.18649107775559573,51334_1372
1557,102.6691647,2.745009129,Healthy,Palong_Basemap,0.10870581285821067,0.02018661093380716,0.01977977342903614,0.06133016281657749,0.8978868789143033,0.2575252883964115,48.23423046535916,-18.78672324286567,-10.621057192484537,-18.119353188408745,-19.71107440524631,0.9563782264905687,0.6867680762000336,0.27862133206589257,51334_1372
1558,102.6691697,2.744931465,Healthy,Palong_Basemap,0.10524911350674099,0.019771563924021192,0.01903711176580853,0.056062103145652346,0.8819900751113892,0.23899920781453451,47.318639543321396,-18.308997260199654,-10.79790253109402,-16.470736079745823,-19.96971681382921,0.9654711343195108,0.6837072981792008,0.30491996391720766,51334_1372
1560,102.6690269,2.744936475,Healthy,Palong_Basemap,0.10693640510241191,0.015435879118740559,0.012646653585963778,0.07697173125214046,0.9006137847900391,0.35807092984517414,48.89132308959961,-15.673469543457031,-11.464133474561903,-15.890375561184353,-19.474370532565647,0.8207582546910287,0.7477226282571522,0.16293283399111402,51334_1372
1562,102.6704149,2.745470108,Healthy,Palong_Basemap,0.09284973392883937,0.018637372387780085,0.019359131654103596,0.07933108963900143,0.8790673812230428,0.3047440167930391,44.36526404486762,-19.567013846503365,-10.685508092244467,-14.313224898444282,-20.1412902408176,0.9974269335926528,0.6656586935739348,0.07851422713465807,51335_1372
1563,102.6705464,2.745475119,Healthy,Palong_Basemap,0.1393968810637792,0.01840337531434165,0.02366425966223081,0.09733038312859005,0.8070297439893087,0.2371876554356681,37.71073447333442,-19.36924150254991,-9.955241839090982,-11.693587727016872,-21.063211017184788,0.7366215829708157,0.7667510086898276,0.17770026650164422,51335_1372
1564,102.6704725,2.745430023,Healthy,Palong_Basemap,0.11345116214619742,0.018298869745598897,0.02026014630165365,0.09329483409722646,0.8553394940164354,0.2949538512362374,41.74107784695096,-18.915315628051758,-10.478237046135796,-12.98945066663954,-20.23478126525879,0.8595606618456488,0.7222183633226382,0.09749319655621672,51335_1372
1565,102.6704061,2.745394949,Healthy,Palong_Basemap,0.09644199659427007,0.018876916211512353,0.019538040997253522,0.08931369996733135,0.874770979086558,0.29640277557902867,44.184546576605904,-19.430987040201824,-10.678065299987793,-13.745722770690918,-20.095340940687393,0.9823165817513589,0.6726136979230034,0.03837457886291411,51335_1372
1566,102.6703497,2.745275946,Unhealthy,Palong_Basemap,0.1172939646575186,0.019815651699900627,0.02233243381811513,0.12450202057758968,0.8542300595177544,0.1913281199004915,42.68609407212999,-20.05591689215766,-9.97522364722358,-13.004252009921604,-20.94131194220649,0.8843425523181322,0.7109516863026599,-0.029810486361311533,51335_1372
1567,102.6704036,2.745308515,Unhealthy,Palong_Basemap,0.10794892410437266,0.017896067558063403,0.02037305964363946,0.12217354029417038,0.8569292094972398,0.24187720318635306,42.003602769639755,-19.07836235894097,-10.198252148098415,-12.805356555514866,-20.852616839938694,0.8723718681573558,0.7155855418375737,-0.06181324464334988,51335_1372
1568,102.6704712,2.745275946,Healthy,Palong_Basemap,0.107003020743529,0.016778301240669355,0.019524473696947098,0.10502129710382885,0.8453710476557413,0.26084697080983055,39.53009117974175,-18.620635138617622,-10.241479555765787,-12.577137205335829,-20.8817564646403,0.8384743550816988,0.72890415174575,0.009346680889344287,51335_1372
1570,102.6703447,2.745198281,Healthy,Palong_Basemap,0.13409479293558332,0.025448056558767956,0.02972452404598395,0.12689195573329926,0.8324199318885803,0.1931715789768431,41.08802202012804,-19.592629962497288,-9.434875594245064,-11.83966064453125,-20.96112166510688,0.9481593957927384,0.6809878143781184,0.027598478616331606,51335_1372
1571,102.6703359,2.745120616,Healthy,Palong_Basemap,0.18791248980495665,0.0314188115298748,0.03374009041322602,0.15303875671492684,0.8170591526561313,0.2243198421266344,40.27715979682075,-18.68268256717258,-9.414644453260633,-11.018149481879341,-20.768047332763672,0.8835119429172116,0.7135036236172164,0.10228363569861901,51335_1372
1572,102.6703384,2.745040446,Healthy,Palong_Basemap,0.26105644967820907,0.026686331671145227,0.024667681091361575,0.22147829830646515,0.8007041811943054,0.27625952329900527,39.62120691935221,-17.279353141784668,-9.564659436543783,-10.229418330722385,-20.620737711588543,0.6295861744382508,0.8145125897094544,0.08202134983448064,51335_1372
1575,102.6703397,2.744959023,Healthy,Palong_Basemap,0.22883842554357317,0.021754886955022812,0.020262772424353495,0.18929121726089054,0.7856899168756273,0.3549042410320706,39.2679697672526,-15.377644115024143,-9.657938003540039,-9.685640864902073,-20.916133244832356,0.5947798010553141,0.82637296472032,0.09458121174436007,51335_1372
1576,102.6703422,2.744883863,Healthy,Palong_Basemap,0.2084542777803209,0.020318968014584646,0.019749902602699067,0.13685984909534454,0.7920559247334799,0.3530477186044057,39.60513814290365,-15.361762046813965,-9.55605951944987,-9.868925094604492,-21.06279797024197,0.6046364546076275,0.822365871988366,0.20733130536172595,51335_1372
1579,102.6704737,2.745039193,Unhealthy,Palong_Basemap,0.18597634136676788,0.01854764401084847,0.020011164247989655,0.11302276700735092,0.8318388726976182,0.3264965083864,41.80734125773112,-16.88952891031901,-9.749924129909939,-11.85830052693685,-21.067630979749893,0.6104140480987769,0.8186262215005872,0.2439926150820983,51335_1372
1580,102.67047,2.745114353,Unhealthy,Palong_Basemap,0.13775277965598637,0.017029142938554287,0.021078183005253475,0.09049550029966566,0.8414082527160645,0.30102190872033435,40.773448096381294,-17.36859967973497,-9.826488071017796,-12.2350435256958,-21.067630979749893,0.7062765008457675,0.7799595372236974,0.207043309879499,51335_1372
1581,102.6704675,2.745198281,Healthy,Palong_Basemap,0.11810990919669469,0.016473643999132846,0.02014818290869395,0.09717641025781631,0.8437495562765334,0.26972441209687126,39.60719638400607,-17.991673999362522,-9.919593811035156,-12.450226783752441,-21.07671356201172,0.7697722578184899,0.755190829667535,0.09723562087883399,51335_1372
1582,102.6704813,2.745354863,Healthy,Palong_Basemap,0.12458886454502742,0.016897100644807022,0.020541599434283044,0.09282771663533317,0.8279007871945699,0.25538716051313615,37.763129764133026,-19.21769078572591,-10.233183330959744,-12.280678219265408,-20.866599612765842,0.7554956436849267,0.7611480315784557,0.14608429466263387,51335_1372
1583,102.6705514,2.745394949,Healthy,Palong_Basemap,0.12739349239402348,0.01791809147430791,0.023385500742329493,0.09128210693597794,0.8101436098416647,0.22759102450476754,36.81158701578776,-19.732221179538303,-10.038083818223742,-11.855405489603678,-21.075863308376736,0.7681300888904995,0.7533838528586446,0.16513678512228597,51335_1372
1584,102.6706153,2.74542877,Healthy,Palong_Basemap,0.14670787586106193,0.01873846724629402,0.023929820499486394,0.09372765156957838,0.8132999473147922,0.2254101253218121,37.250370025634766,-19.759301503499348,-10.00985844930013,-11.94946543375651,-21.07671356201172,0.720313306930064,0.7734798256116803,0.22035106399476273,51335_1372
1585,102.6706942,2.745461339,Healthy,Palong_Basemap,0.1697813810573684,0.020058870936433475,0.021887203885449305,0.0915610897872183,0.8177077836460538,0.26971428758568233,39.74147839016385,-18.304284943474663,-9.95673614078098,-11.89032628801134,-21.065272013346355,0.6923228375721814,0.7886763136293311,0.2993018739639359,51335_1372
1586,102.6707556,2.745436286,Healthy,Palong_Basemap,0.14557581808831957,0.01969338787926568,0.022037113085389137,0.08824262933598624,0.8592571086353726,0.2680883010228475,42.88831117418077,-17.620080100165474,-9.932305653889975,-14.174993620978462,-21.07671356201172,0.7610981936592665,0.7616810976495135,0.24520387242282857,51335_1372
1588,102.6709573,2.745316031,Healthy,Palong_Basemap,0.10545413775576486,0.014030953558782736,0.01509873838060432,0.0800090775721603,0.8702238069640266,0.3287359873453776,46.63491694132487,-15.635620647006565,-11.219265619913736,-15.751832962036133,-21.066336313883465,0.7552924817611647,0.7651430248842361,0.13719734200991876,51335_1372
1590,102.6708871,2.745275946,Healthy,Palong_Basemap,0.09241521565450563,0.015562813418606916,0.016583433271282248,0.0650603175163269,0.875222471025255,0.2735288855102327,47.453560723198784,-15.586834377712673,-10.946934170193142,-16.787620544433594,-21.059565862019856,0.8885149034378015,0.7117411097016921,0.17370887773723934,51335_1372
1591,102.6709535,2.745155691,Healthy,Palong_Basemap,0.10179510257310337,0.01685971383833223,0.017370095269547567,0.08941091845432918,0.8704676561885409,0.307496041059494,44.151671939425995,-17.59667354159885,-11.006639374627007,-14.192431026034885,-21.0336856842041,0.8822189297877923,0.7158191407945688,0.06476879782461148,51335_1372
1592,102.6710224,2.745118111,Healthy,Palong_Basemap,0.1025242159763972,0.01625308125383324,0.016968975671463542,0.08171358787351185,0.8538397484355502,0.3559611307250129,41.63911395602756,-17.08543332417806,-11.099463674757216,-13.197583622402615,-20.959255006578232,0.8554289638469347,0.7263268043163282,0.11295525493692332,51335_1372
1593,102.6710224,2.745037941,Healthy,Palong_Basemap,0.10193043864435619,0.022575503008233175,0.01973391303585635,0.12807275354862213,0.8476186129781935,0.3668076760239071,40.270682440863716,-16.633543968200684,-11.06909539964464,-12.509299596150717,-20.490997950236004,1.0826582549686972,0.6373586238763462,-0.1136606612065275,51335_1372
1594,102.6710249,2.744956518,Healthy,Palong_Basemap,0.10285239583916134,0.019862821532620326,0.01898873659471671,0.13285227616628012,0.8516550792588128,0.387160943614112,40.23874070909288,-15.893234041002062,-11.25937016805013,-11.842281341552734,-19.269073062472874,0.983510203567994,0.6762777761710949,-0.1272774106337027,51335_1372
1595,102.6709497,2.74499535,Healthy,Palong_Basemap,0.11408425205283695,0.02258332446217537,0.020615583285689354,0.11992122067345513,0.8516726228925917,0.3327105442682902,40.276749504937065,-16.673179732428657,-10.44129467010498,-12.408392058478462,-20.65508482191298,1.0044483631167023,0.669514525126672,-0.024943726967640092,51335_1372
1596,102.6709523,2.745076773,Healthy,Palong_Basemap,0.10856105304426616,0.02013656755702363,0.018795551732182503,0.09946559535132514,0.8563519385125902,0.31250359614690143,41.068736182318794,-17.330423990885418,-10.487232314215767,-12.918456925286186,-20.878597895304363,0.9610021501042875,0.6870716418385465,0.04372256036950016,51335_1372
1597,102.6709523,2.744910169,Healthy,Palong_Basemap,0.11498523751894633,0.01809411547664139,0.018496962678101327,0.13198961027794415,0.8540118667814467,0.3348836402098338,40.38150956895616,-16.590084075927734,-10.647745450337728,-12.294530550638834,-20.28704579671224,0.8531417220533728,0.728070281837915,-0.06885062552192371,51335_1372
1599,102.6709585,2.744748576,Healthy,Palong_Basemap,0.09893109566635555,0.014235391591986021,0.01591812912374735,0.06636902855502234,0.8588659962018331,0.2487076868613561,41.421827952067055,-18.507668177286785,-10.78050751156277,-13.618642701043022,-20.658164766099716,0.7946073569608538,0.7484168336958481,0.1969875537886742,51335_1372
1600,102.6708871,2.744791167,Healthy,Palong_Basemap,0.10756003939443165,0.01664796740644508,0.01737597802033027,0.09748794304000007,0.8456668125258552,0.2645591050386429,40.595912509494354,-17.916610293918186,-10.71609910329183,-13.189096132914225,-21.057285732693142,0.8416994000045327,0.7319340703512912,0.049120680120090146,51335_1372
1601,102.6706917,2.745388685,Unhealthy,Palong_Basemap,0.12404502265983158,0.017615196191602282,0.021513302500049274,0.08382460061046812,0.8349480562739902,0.24977485173278385,39.72131135728624,-18.94049750434028,-9.99180179172092,-12.770434379577637,-21.07671356201172,0.7794821018033604,0.7513035581276883,0.1934886945797921,51335_1372
1602,102.6707556,2.745349853,Healthy,Palong_Basemap,0.11966653664906819,0.01925251115527418,0.02214732248749998,0.08272478522525893,0.8744257423612807,0.25017814503775704,43.403068966335724,-18.056125322977703,-9.94338427649604,-15.411058213975695,-21.07671356201172,0.8541539743710315,0.722824026516652,0.18252636072384504,51335_1372
1603,102.6708207,2.745314778,Healthy,Palong_Basemap,0.09378067155679067,0.019895732816722658,0.02112650643620226,0.06919431686401367,0.8946527441342672,0.2306466516521242,47.02798758612739,-16.679141150580513,-10.144010331895617,-18.025965372721355,-21.069943110148113,1.0288769106349138,0.6499584425392262,0.15085968056211538,51335_1372
1604,102.6707531,2.745269683,Healthy,Palong_Basemap,0.09939481566349666,0.019420771445665095,0.021718636569049623,0.06977330520749092,0.8857941495047675,0.22532921036084494,44.187218560112846,-18.424501948886448,-9.95353274875217,-16.474339379204643,-21.07671356201172,0.971311783323791,0.6730938773576522,0.17510101964539726,51335_1372
1605,102.6708094,2.74523085,Healthy,Palong_Basemap,0.09579370005263223,0.020137183368206024,0.021419295213288732,0.06668069089452426,0.8951745364401076,0.2068125887049569,47.1423331366645,-17.989141994052464,-10.219082514444986,-17.048337406582302,-20.971397399902344,1.0229231406089696,0.6526001911827678,0.17918521798045542,51335_1372
1606,102.6708896,2.745198281,Healthy,Palong_Basemap,0.09140410812364684,0.015699596247739263,0.016963128931820393,0.07052722366319762,0.8791609472698636,0.2542269494798448,45.69267103407118,-17.829769558376736,-10.74209721883138,-15.182348675198025,-20.93811183505588,0.8986190059046566,0.7068337395072661,0.12892430532177768,51335_1372
1609,102.6706867,2.745314778,Unhealthy,Palong_Basemap,0.10437570595078999,0.016360533630682364,0.0211174376308918,0.07554800228940116,0.8576737311151292,0.2156225558784273,40.296424865722656,-20.17656962076823,-9.975014580620659,-14.186320622762045,-21.07671356201172,0.8272598798049831,0.728987192455297,0.16022181814363767,51335_1372
1612,102.6705476,2.745235861,Healthy,Palong_Basemap,0.11978789750072691,0.01600947603583336,0.019518658104870055,0.07759939134120941,0.8260431885719299,0.22995886041058433,36.570596059163414,-20.1443297068278,-10.027462111579048,-12.821847067938911,-21.07671356201172,0.7475583176320195,0.7642152330505394,0.21373466552499834,51335_1372
1613,102.6706103,2.745194523,Healthy,Palong_Basemap,0.12631959302557838,0.01787205392287837,0.020316021309958562,0.07273050770163536,0.851504279507531,0.20785213675763872,40.257098303900825,-20.85729429456923,-9.77433639102512,-13.6558256149292,-21.07671356201172,0.7839491675554913,0.7521069451510325,0.2692241055300125,51335_1372
1618,102.6706817,2.745076773,Healthy,Palong_Basemap,0.1105915763311916,0.01870367189662324,0.020696198360787496,0.07057723651329677,0.8785085810555352,0.20769258505768246,46.159497578938804,-18.31986406114366,-9.567805078294542,-16.577426592508953,-21.07671356201172,0.8869810609611122,0.7106827644018616,0.22086770448864357,51335_1372
1621,102.6708821,2.745114353,Healthy,Palong_Basemap,0.10635451434387101,0.0185471981142958,0.019459625913037196,0.08055523451831606,0.8748868703842163,0.2505579325887892,44.34825981987847,-18.484681023491753,-10.393940501742893,-14.294516351487902,-20.95151498582628,0.9108030071068327,0.7030113078632483,0.1380306804894236,51335_1372
1622,102.6708821,2.745035435,Healthy,Palong_Basemap,0.11181805034478505,0.01966426345623202,0.019580263851417437,0.09206386572784847,0.863946537176768,0.28700196411874557,42.18152787950304,-17.49829037984212,-9.982210901048449,-13.046236250135633,-21.072969012790256,0.9214374648314774,0.7008835198018867,0.09689032258211216,51335_1372
1624,102.6707431,2.745020403,Healthy,Palong_Basemap,0.11185346709357367,0.016043313675456576,0.0188312865793705,0.07084573060274124,0.8749153216679891,0.2565218922164705,46.74103291829427,-17.25770526462131,-9.824615478515625,-16.01860745747884,-21.07671356201172,0.7885078359373316,0.7491209148660386,0.22445493471184283,51335_1372
1625,102.6708808,2.74495777,Healthy,Palong_Basemap,0.11084750294685364,0.02114761331015163,0.01953490637242794,0.10106329371531804,0.8597616884443495,0.3034657339255015,41.49014790852865,-16.99880811903212,-10.005610571967232,-12.742517895168728,-21.07671356201172,0.9797499575475123,0.6795697612178998,0.04617135788099363,51335_1372
1626,102.6708821,2.744878853,Healthy,Palong_Basemap,0.11564939220746358,0.021424015776978597,0.019377319349182978,0.10931728697485393,0.8561089436213175,0.31043646732966107,41.020358615451386,-16.893457412719727,-10.190438270568848,-12.663375112745497,-21.066218270195854,0.9635551580769168,0.68740814003238,0.028146858261965006,51335_1372
1627,102.6708145,2.74491518,Healthy,Palong_Basemap,0.11217053069008721,0.019940369865960546,0.018892640040980443,0.08195490472846562,0.8608595530192057,0.3589456147617764,44.38830100165473,-16.42615360683865,-10.18656094868978,-13.470192909240723,-21.07671356201172,0.9331888950921294,0.6981268043434328,0.1556500099869646,51335_1372
1628,102.6707493,2.744962781,Healthy,Palong_Basemap,0.10809246864583757,0.016433684672746394,0.018579401075839996,0.0732303178972668,0.8676027125782437,0.3260938674211502,46.34627151489258,-16.15182007683648,-10.021371311611599,-15.445827060275608,-21.07671356201172,0.8240573175018023,0.7360605104262243,0.19226569044747874,51335_1372
1629,102.6706128,2.744966539,Unhealthy,Palong_Basemap,0.11880891852908665,0.019611733137733407,0.020661242720153596,0.07243318979938825,0.8531589971648322,0.32033303048875594,45.79813681708442,-17.462483723958332,-9.933903058369955,-14.808453559875488,-21.07671356201172,0.878004813463056,0.716635734602102,0.24249747681114284,51335_1372
1630,102.6706817,2.744916433,Healthy,Palong_Basemap,0.10917948186397552,0.01607044641342428,0.018794222010506526,0.0803047629694144,0.8522787226570977,0.39599213004112244,45.87861251831055,-16.09304979112413,-10.329350153605143,-13.967291937934029,-21.07671356201172,0.8029472262745039,0.7433859382684526,0.15238585624862977,51335_1372
1631,102.6707443,2.74487259,Healthy,Palong_Basemap,0.10888342890474531,0.016654355451464653,0.01813010685145855,0.07957247272133827,0.8579765955607096,0.3924720684687297,45.52671220567491,-15.950914594862196,-10.302562183803982,-13.882463773091635,-21.07671356201172,0.8310440153386358,0.7346718275000237,0.1555321745326027,51335_1372
1632,102.6708132,2.744838768,Healthy,Palong_Basemap,0.11832515150308609,0.01923334536453088,0.019109742508994207,0.08180258754226896,0.8517047564188639,0.38250327441427445,43.34494400024414,-16.32554340362549,-10.409630881415474,-12.95527172088623,-21.07671356201172,0.874732101718574,0.7203612164642857,0.18249626031371893,51335_1372
1636,102.6706103,2.74487259,Healthy,Palong_Basemap,0.1257693428132269,0.01919421905444728,0.019810132682323456,0.0856112436287933,0.8402421540684171,0.36976556645499337,45.34964921739366,-17.27104314168294,-10.206042183770073,-13.327831056382921,-21.07671356201172,0.8346768163373255,0.7351856037868584,0.18998007272275505,51335_1372
1637,102.6705414,2.744920191,Unhealthy,Palong_Basemap,0.1557431999180052,0.020884308964014053,0.02091456639269988,0.0926993480987019,0.824096163113912,0.33966628048155045,44.492031521267364,-17.969457202487522,-10.031326717800564,-12.438398785061306,-21.07671356201172,0.7649005970336682,0.7635214458245685,0.25375626003909674,51335_1372
1638,102.670475,2.744886369,Unhealthy,Palong_Basemap,0.20469844175709617,0.021856809241904154,0.022060122340917587,0.10837954862250222,0.8087519804636637,0.3192700975471073,43.5779906378852,-18.029903623792862,-9.836171362135145,-11.585091908772787,-21.07671356201172,0.6464785852139786,0.8070509586908619,0.3076514354069092,51335_1372
1641,102.6704023,2.744842526,Healthy,Palong_Basemap,0.20096491939491695,0.022304821552501783,0.023575245299273066,0.10781187895271513,0.7973384194903903,0.3045031362109714,41.2296257019043,-16.411049948798286,-9.521893819173178,-10.463942739698622,-21.07671356201172,0.6629712050663737,0.8001984374787742,0.30168406739332393,51335_1372
1643,102.6701293,2.744845031,Healthy,Palong_Basemap,0.1983446545071072,0.024543652931849163,0.026051364632116422,0.15551233126057518,0.8086063729392158,0.25795308417744106,36.77940199110243,-17.221143192715115,-9.055487738715279,-10.131890296936035,-20.169546763102215,0.7179568386946278,0.7797672456320208,0.12104416464637133,51335_1372
1644,102.670123,2.744762356,Healthy,Palong_Basemap,0.18821014795038435,0.024482570588588715,0.02538161062532001,0.1448725097709232,0.8315390017297533,0.22951887216832903,38.36492580837674,-18.377743826972115,-8.85310533311632,-10.793865097893608,-19.594911363389755,0.7459737866079826,0.7697845910592128,0.1301107613225605,51335_1372
1645,102.6702019,2.744804946,Healthy,Palong_Basemap,0.1755451907714208,0.021469806010524433,0.022894925955269072,0.13378314839469063,0.8335182401869032,0.3003285162978702,39.338934580485024,-15.82619243197971,-9.242267290751139,-10.363790618048775,-19.784031762017143,0.7115694800688789,0.7820490179812347,0.1350087822192834,51335_1372
1646,102.6702007,2.744721018,Healthy,Palong_Basemap,0.1729769077565935,0.02140147735675176,0.023928394748104945,0.12749462160799238,0.8457169400321113,0.30111029413011337,40.86159472995334,-15.697464307149252,-9.232065624660915,-10.646661228603786,-19.316431045532227,0.7142508182276055,0.7797957077967058,0.15136970296248553,51335_1372
1647,102.6702683,2.744766114,Healthy,Palong_Basemap,0.1784515529870987,0.021392348325914808,0.02397694666352537,0.12280093878507614,0.8236450950304667,0.31113481852743363,39.89651319715712,-15.590773052639431,-9.351467450459799,-10.262665430704752,-20.402477900187176,0.6979183387676676,0.7859094204490316,0.18473080131104402,51335_1372
1648,102.6702658,2.744841273,Healthy,Palong_Basemap,0.18324515057934654,0.021099623913566273,0.022419150918722153,0.1277504555053181,0.804056187470754,0.3321900400850508,38.528740353054474,-15.368785116407606,-9.431019888983833,-9.857094128926596,-20.734469519721138,0.6810077228703992,0.7934899586649518,0.17844205509103142,51335_1372
1650,102.6703986,2.744764861,Healthy,Palong_Basemap,0.19578802751170266,0.02231918006307549,0.024207995790574286,0.09853771246141857,0.7976647085613675,0.27088931534025407,40.999674479166664,-16.470890680948894,-9.435531616210938,-10.537414020962185,-21.07671356201172,0.6747174656270426,0.7953375286286828,0.33041729567779327,51335_1372
1651,102.6703384,2.744718512,Healthy,Palong_Basemap,0.18049001859294045,0.022761482331487868,0.02561857013238801,0.10544619626469082,0.8138119313451979,0.29299701750278473,40.909264458550346,-15.727232403225369,-9.372856987847221,-10.52795696258545,-20.712587356567383,0.7236447742740302,0.7760264280660747,0.262449519958898,51335_1372
1654,102.6706115,2.744796177,Unhealthy,Palong_Basemap,0.16675966646936205,0.020224077420102224,0.020093465844790142,0.101689246793588,0.8261810408698188,0.37705640329254997,43.56686274210612,-17.053436279296875,-10.062379307217068,-11.968734211391872,-21.07671356201172,0.7117980781646301,0.7836809018856986,0.24239405138525005,51335_1372
1655,102.6706754,2.744764861,Unhealthy,Palong_Basemap,0.14412339942322838,0.018983614734477468,0.01977873986793889,0.09702522721555498,0.8382133444150289,0.41980123188760543,43.800919426812065,-15.946288956536186,-10.317159122890896,-12.332560221354166,-21.07671356201172,0.7523128387857739,0.7672250352627695,0.19530765264619057,51335_1372
1656,102.6707493,2.744721018,Unhealthy,Palong_Basemap,0.15002550101942486,0.023048853915598657,0.023593356625901327,0.1083107011185752,0.8482170701026917,0.384591496653027,42.570526123046875,-16.13238959842258,-10.386926227145725,-12.421907212999132,-20.877648671468098,0.8392213437565827,0.7336537359997467,0.16147485159112973,51335_1372
1657,102.6683455,2.745098068,Healthy,Palong_Basemap,0.13588181717528236,0.014568515742818514,0.016239837639861636,0.07948152638143963,0.8197895156012641,0.32403044237030876,41.423517015245224,-16.619707531399197,-11.997331937154135,-12.946733792622885,-21.03949483235677,0.6429933280502095,0.8063345496118107,0.26188435720950876,51334_1372
1658,102.6684657,2.74509431,Healthy,Palong_Basemap,0.13547051863537896,0.02126830940445264,0.01856390790392955,0.08910963767104679,0.8256710436609056,0.33311548497941756,40.93520991007487,-17.138553831312393,-11.080039130316841,-12.812793837653267,-21.01292546590169,0.8655724190417611,0.7286146684847256,0.2064335590766782,51334_1372
1659,102.6685496,2.74505673,Healthy,Palong_Basemap,0.14653442054986954,0.02144270369576083,0.02001905461980237,0.09578040490547816,0.8394338819715712,0.32872077491548324,41.53705130683051,-17.067803064982098,-10.61539978451199,-12.978329764472115,-20.952222612169052,0.8190534034002299,0.744694954243823,0.20945485093211522,51334_1372
1660,102.6686148,2.745091805,Healthy,Palong_Basemap,0.1596889081928465,0.018112880695197318,0.018477392693360645,0.09938522262705697,0.8567224476072524,0.3461849027209812,42.7889149983724,-16.74984402126736,-10.257137086656359,-13.211181004842123,-20.95491494072808,0.6758787803189712,0.796257610134593,0.23276614062138803,51334_1372
1661,102.6686912,2.745054225,Healthy,Palong_Basemap,0.14139414744244683,0.018031970494323306,0.01732097566127777,0.08144612444771661,0.8767974509133233,0.3646780848503113,44.52502992418077,-16.370773845248753,-10.01315646701389,-14.092310693528917,-21.062003665500217,0.7406122656292012,0.7737890036126331,0.2690179045566693,51334_1372
1662,102.6686173,2.745015393,Healthy,Palong_Basemap,0.15996776935127047,0.01725974151243766,0.01860377834075027,0.09873257494635052,0.8446448577774895,0.3646675447622935,41.53286997477213,-17.223979949951172,-10.632133271959093,-12.686728901333279,-20.632090038723415,0.6479762739659649,0.8052250304896423,0.2367031809376802,51334_1372
1663,102.6686849,2.744975308,Healthy,Palong_Basemap,0.16060494797097313,0.017466879449784756,0.018594435105721157,0.09270478122764164,0.8675291935602824,0.3954128755463494,43.47612084282769,-15.633331192864311,-10.691692352294922,-12.751327302720812,-20.44925965203179,0.6525614592334679,0.8038220901893363,0.26805194951707684,51334_1372
1664,102.6686862,2.744895137,Healthy,Palong_Basemap,0.14007780204216638,0.019651141121155687,0.019867148250341415,0.09458431932661268,0.8757740126715766,0.40096256468031144,44.20586861504449,-15.536440743340385,-10.895471149020725,-12.723048422071669,-19.504455778333877,0.7890153703478547,0.7539438910446871,0.1938680279978345,51334_1372
1665,102.6687551,2.744855052,Healthy,Palong_Basemap,0.13327322403589884,0.016726110130548477,0.01586269908067253,0.09585916333728367,0.892036239306132,0.391323188940684,46.26692199707031,-15.27545526292589,-10.888666894700792,-13.448715739780003,-19.4055298699273,0.7328454004136256,0.7769842083167078,0.1632857804500582,51334_1372
1666,102.668611,2.744938981,Healthy,Palong_Basemap,0.1485345173213217,0.01810215341134204,0.019364621283279523,0.08903039660718706,0.84009850025177,0.374786549144321,40.78077655368381,-17.54273944430881,-10.976173612806532,-12.422152095370823,-19.775601281060112,0.7095285774699451,0.7827350566744885,0.2504752058296008,51334_1372
1667,102.6686135,2.74485881,Healthy,Palong_Basemap,0.11592182848188612,0.02091512353056007,0.02056985969344775,0.09595953341987398,0.856081141365899,0.3982103400760227,41.85167778862847,-17.196189244588215,-11.380553245544434,-12.416418499416775,-17.741304397583008,0.9383085037890249,0.6943059133813838,0.09421449287865045,51334_1372
1668,102.6685522,2.744977813,Healthy,Palong_Basemap,0.11910090015994178,0.017882561932007473,0.018367922037012048,0.08996700909402636,0.8171826733483208,0.3672183122899797,38.74786376953125,-18.52660878499349,-11.372998555501303,-12.318790435791016,-20.02965694003635,0.8258225290654662,0.738909184234168,0.13935132928757912,51334_1372
1669,102.668482,2.745019151,Healthy,Palong_Basemap,0.12297538336780336,0.016914516997834046,0.016868445401390392,0.09036799023548762,0.8136807945039537,0.3702701959345076,39.538948482937286,-17.758034388224285,-11.4877257876926,-12.499176343282064,-20.891139772203232,0.7791438099680478,0.7581738645374154,0.15283996208360673,51334_1372
1670,102.6683455,2.745022909,Healthy,Palong_Basemap,0.13942306571536595,0.013793468164900938,0.015694030250112217,0.08593233509196176,0.8281553718778822,0.42326922218004864,42.611301845974396,-15.890899552239311,-12.37309816148546,-12.829747411939833,-20.87760395473904,0.6039699503778178,0.8199480458723858,0.23736165377787954,51334_1372
1671,102.6683467,2.744946496,Healthy,Palong_Basemap,0.1362026466263665,0.014549675087134043,0.017659974077509508,0.08991922024223539,0.8327072726355659,0.45183567537201774,42.56444803873698,-15.845179981655544,-12.291339450412327,-12.850561353895399,-20.912975735134548,0.6361835748620955,0.8069724575813143,0.20468354973836358,51334_1372
1672,102.6684043,2.744982824,Healthy,Palong_Basemap,0.13230504840612411,0.01557819400396612,0.016316102610694036,0.08835180683268441,0.8164793054262797,0.3934497866365645,40.692095862494575,-16.75617175632053,-11.99250242445204,-12.585243648952908,-20.99839719136556,0.6932209257496369,0.789317656955793,0.1991927308393423,51334_1372
1673,102.6684795,2.744935223,Healthy,Palong_Basemap,0.11027741101053026,0.01548599534564548,0.016030863134397402,0.08769257946146859,0.8058195379045274,0.3844543894131978,38.130680084228516,-18.29268815782335,-11.80152342054579,-12.296749538845486,-20.560392379760742,0.7876891795303921,0.7537281186263761,0.11408209645924137,51334_1372
1674,102.6684068,2.744902653,Healthy,Palong_Basemap,0.11273411413033803,0.015192790888249874,0.017428553870154753,0.09306910220119688,0.8153157697783576,0.4193067020840115,38.75419998168945,-17.282384660508896,-12.195186191134983,-12.320520295037163,-20.70802328321669,0.7570454818089004,0.7624770037852109,0.09555250048892414,51334_1372
1675,102.6684757,2.744857558,Healthy,Palong_Basemap,0.10119812438885371,0.015661585558619764,0.017732011568215158,0.08834121045139101,0.8178600801361932,0.3811970584922367,37.35265180799696,-18.10463523864746,-12.022256427341038,-12.037099520365397,-19.368435541788738,0.8338763845443621,0.7319591916553722,0.06783243144912,51334_1372
1676,102.6685509,2.744818725,Healthy,Palong_Basemap,0.10301851481199265,0.02017566768659486,0.020403418586485915,0.09330610268645817,0.8312395413716634,0.37813494602839154,38.83087582058377,-18.21340454949273,-11.762528419494629,-12.142323282029894,-18.25276035732693,0.9855414299496533,0.6724574606138373,0.049471188327215844,51334_1372
1677,102.6684782,2.744781145,Healthy,Palong_Basemap,0.11028002202510834,0.01626528437352843,0.019140504921476047,0.08936204098992878,0.8369432356622484,0.3742285668849945,38.523804558648,-17.631555981106228,-11.839828067355686,-12.10492632124159,-18.750078625149197,0.803466468880065,0.7429334230336394,0.10477742375164699,51334_1372
1678,102.6684119,2.744817473,Healthy,Palong_Basemap,0.10584073513746262,0.015378026498688592,0.018275990668270323,0.0892196579111947,0.8231282499101427,0.41368840469254387,38.51333575778537,-17.057224803500706,-12.055229716830784,-12.206823878818089,-20.33600722418891,0.7943565870017061,0.7462764626346028,0.08520990328427071,51334_1372
1679,102.6683442,2.744777387,Healthy,Palong_Basemap,0.11819106340408325,0.015241668352650272,0.018343481545646984,0.09652209944195217,0.8581341902414957,0.4271798332532247,42.44330851236979,-15.53932687971327,-11.392511579725477,-12.770589934455025,-20.540022532145183,0.7300616294071491,0.7715452849989167,0.10092051961280672,51334_1372
1680,102.6684056,2.744738555,Healthy,Palong_Basemap,0.11143944246901406,0.016992334483398333,0.01934797875583172,0.10260673860708873,0.8648315204514397,0.36368030971950954,41.35689375135634,-16.837276140848797,-11.084320916069878,-12.644723468356663,-19.312733120388454,0.8250103261364208,0.7353873801855989,0.04126541205976911,51334_1372
1681,102.6683292,2.744867579,Healthy,Palong_Basemap,0.12802188181214863,0.014962492407196097,0.017878601948420208,0.08645918634202746,0.8558819426430596,0.4817422727743785,45.0758433871799,-14.971580823262533,-11.966555701361763,-13.41308487786187,-20.853494220309788,0.6807883990170411,0.7907115027234662,0.19378258336649337,51334_1372
1682,102.6682791,2.744898895,Healthy,Palong_Basemap,0.11955170664522383,0.014126587555640273,0.017039044242766168,0.07716785868008931,0.8645206358697679,0.4778020779291789,46.46543163723416,-14.741083674960667,-11.865564876132542,-13.787440088060167,-20.690643946329754,0.6855739437170544,0.7886479979402824,0.21545313957482967,51334_1372
1683,102.6682678,2.744831252,Healthy,Palong_Basemap,0.12578716625769934,0.015209136220316092,0.017336175880498357,0.10262303468253878,0.8702668216493394,0.47056111031108433,46.850221421983505,-14.01643541124132,-11.329413837856716,-13.951125568813747,-20.95779694451226,0.7011176544474277,0.784261913922352,0.10141461055507452,51334_1372
1684,102.6682064,2.744784903,Healthy,Palong_Basemap,0.1363890924387508,0.017315661431186728,0.018932949751615524,0.1257940787408087,0.8735089103380839,0.43365145723025006,47.02691438462999,-13.712760183546278,-10.825973192850748,-14.008968035380045,-21.045009824964737,0.7292594759299622,0.774689318381929,0.04041073136111386,51334_1372
1685,102.6681375,2.744739808,Healthy,Palong_Basemap,0.1585670659939448,0.01834921104212602,0.01834449792901675,0.09459027234050962,0.8589008318053352,0.4049345983399285,45.389748891194664,-14.139552540249294,-10.867999182807075,-13.394364251030815,-21.07576666937934,0.6872042411540206,0.7925661635036003,0.2527155407555808,51334_1372
1686,102.6680674,2.744694712,Healthy,Palong_Basemap,0.15601343164841333,0.018584125985701878,0.01869865900112523,0.08644286708699332,0.8391154739591811,0.3963528573513031,42.648063235812714,-15.416475401984322,-11.163566377427843,-12.555645836724175,-21.057302474975586,0.701683818548442,0.7871204358465703,0.2869406360003152,51334_1372
1687,102.6680699,2.744628321,Healthy,Palong_Basemap,0.12974470936589771,0.017816829805572827,0.01717774300939507,0.08345002432664235,0.8315117160479227,0.4244365592797597,43.4835450914171,-14.802289009094238,-11.763376553853353,-12.403812302483452,-20.568974177042644,0.780771659155247,0.758516617465352,0.2171474137162295,51334_1372
1688,102.6680649,2.74453813,Healthy,Palong_Basemap,0.1251247020231353,0.015373650420871045,0.016440775348908372,0.08220184842745464,0.8378287355105082,0.451920297410753,44.39744567871094,-14.751270506117079,-12.380122396681044,-12.327936808268229,-19.662683486938477,0.7137555591749416,0.7811554348724765,0.20703018259067615,51334_1372
1689,102.6682089,2.744620805,Healthy,Palong_Basemap,0.1325041933192147,0.02086833491921425,0.019547392924626667,0.0857824186484019,0.8907941116227044,0.3617925312783983,48.08494652642144,-13.844732072618273,-10.14244990878635,-16.139697816636826,-20.858686447143555,0.8614901786558175,0.7278738877307561,0.2140386634327537,51334_1372
1690,102.6682014,2.74469847,Healthy,Palong_Basemap,0.14344923032654655,0.017697001703911357,0.01868840100036727,0.12793605112367207,0.8778599301973978,0.40723618533876205,47.29188876681857,-13.457290861341688,-10.438433859083387,-14.426437801784939,-21.076128217909073,0.7167257731725453,0.7803609618304139,0.05716293499771148,51334_1372
1691,102.6682703,2.744739808,Healthy,Palong_Basemap,0.14125168406301075,0.016459718036154907,0.018143384613924556,0.13941095852189594,0.8889776137140062,0.3993365863958995,47.50290001763238,-13.672076225280762,-10.169145160251194,-14.749269379509819,-21.060069190131294,0.6847000150141099,0.7912678751558447,0.006558498573809825,51334_1372
1692,102.6682741,2.744588236,Healthy,Palong_Basemap,0.13246191127432716,0.022025581656230822,0.02200112905767229,0.09654761188560063,0.9060373968548245,0.31876442664199406,48.30942026774088,-14.157338778177897,-9.31974728902181,-17.5523780186971,-20.996382395426433,0.8876173594380636,0.7148561189204967,0.1568244800180032,51334_1372
1693,102.6681964,2.744549403,Healthy,Palong_Basemap,0.12188840409119923,0.02228087166117297,0.02025827154931095,0.0900236964225769,0.8976564804712931,0.37017835511101616,48.24790276421441,-14.401374816894531,-10.352276166280111,-16.103102260165745,-20.277414109971787,0.9546809633948233,0.6909067962657591,0.15036757028677014,51334_1372
1694,102.6683455,2.744622058,Healthy,Palong_Basemap,0.11592049151659012,0.024535819474193785,0.024001858093672328,0.10222010728385714,0.9038092891375223,0.284435393081771,46.2046144273546,-17.192264450920952,-9.336102061801487,-15.133614434136284,-19.91371472676595,1.0385862391207072,0.6506270269934157,0.06280529304527101,51334_1372
1695,102.6684081,2.744664648,Healthy,Palong_Basemap,0.11605096856753032,0.019759588771396212,0.021772571115030184,0.10280888610415989,0.8823731740315756,0.33053474293814766,43.232367197672524,-17.220204035441082,-10.444218423631456,-13.11929882897271,-19.159935845269096,0.8913628517955912,0.7090124779904332,0.06050484901963753,51334_1372
1696,102.6684757,2.744615794,Healthy,Palong_Basemap,0.13564177602529526,0.01869275069071187,0.01981790963974264,0.0908804006046719,0.871649338139428,0.32470784584681195,42.8408326043023,-17.45795249938965,-10.600749757554796,-12.813433541191948,-19.472212261623806,0.7754510642242072,0.7577632032382666,0.19760261925145997,51334_1372
1699,102.6682678,2.744431653,Healthy,Palong_Basemap,0.12539863834778467,0.02457111794501543,0.025195400541027386,0.11145552578899595,0.8964119288656447,0.34347955716980827,45.95498572455512,-15.86814965142144,-9.721991539001465,-14.423381699456108,-20.262339274088543,0.9841424337055125,0.6723190254834726,0.05886792241801891,51334_1372
1700,102.6680035,2.744585731,Healthy,Palong_Basemap,0.13667814433574677,0.017387884979446728,0.018262010895543627,0.08853050818045934,0.8061921861436632,0.4191167387697432,40.55942026774088,-15.541445308261448,-11.756230672200521,-11.712347666422525,-20.783343209160698,0.7332177290658528,0.774280092026335,0.21379123589322443,51334_1372
1701,102.6679321,2.744545645,Healthy,Palong_Basemap,0.15980504287613762,0.018022929421729512,0.01955241709947586,0.10305276181962755,0.780372268623776,0.385554528898663,37.085326724582245,-16.063841501871746,-11.145085758633083,-10.699237505594889,-21.0477294921875,0.6693649669109446,0.7972992753745112,0.21590487344363182,51333_1372
1702,102.6678494,2.744483012,Healthy,Palong_Basemap,0.18708807726701102,0.023452836502757337,0.02368687383002705,0.11703706863853666,0.7724193003442552,0.3577762080563439,35.58729595608182,-16.146723641289604,-10.527642885843912,-10.223827573988173,-21.07671356201172,0.7281210710953102,0.7772135013301634,0.2303361283063063,51333_1372
1703,102.6679221,2.744461717,Healthy,Palong_Basemap,0.164541890223821,0.018556648968822427,0.019839754328131676,0.10325631747643153,0.782674233118693,0.404764066139857,37.534568786621094,-15.671576923794216,-11.359125985039604,-10.56860786014133,-20.948767556084526,0.6702328734099717,0.7973042379185952,0.2288498241780118,51333_1372
1704,102.6679897,2.74450055,Healthy,Palong_Basemap,0.13920881847540537,0.014344893602861298,0.016915648554762203,0.09168906675444709,0.7953419619136386,0.4485129813353221,39.924747467041016,-15.253009584214952,-12.236055480109322,-10.973877165052626,-20.454372617933487,0.6209431696562538,0.8131612266651076,0.2058041877414931,51333_1372
1705,102.6679972,2.744426643,Healthy,Palong_Basemap,0.11383625037140316,0.012972692027688026,0.014432646023730436,0.09044843415419261,0.8201080560684204,0.5121265517340766,43.53036583794488,-14.534418423970541,-13.393719991048178,-11.489681349860298,-18.90205807156033,0.6729696881399367,0.7953978357951986,0.11448639075182446,51333_1372
1706,102.6679233,2.744386558,Healthy,Palong_Basemap,0.1379119273689058,0.014599332792891396,0.01754739921953943,0.10759539984994465,0.7914405862490336,0.4461223516199324,38.198513454861114,-15.400393591986763,-12.185808075798882,-10.829327265421549,-20.509653939141167,0.6324917809835892,0.8085474767252837,0.1234852249111749,51333_1372
1707,102.6678494,2.744272566,Healthy,Palong_Basemap,0.11533740080065197,0.013988641815053092,0.019387531508174207,0.10638640407058927,0.7899452381663852,0.36663899487919277,35.874551137288414,-17.60985649956597,-11.5521576139662,-11.51098706987169,-21.001734415690105,0.6878156752482586,0.7836686017429509,0.040370030341400145,51333_1372
1708,102.667991,2.744256281,Unhealthy,Palong_Basemap,0.08799463344944848,0.01572080132448011,0.020127558356357947,0.10621845308277342,0.8549290299415588,0.38560377558072406,43.00822279188368,-16.350963168674046,-11.538107660081652,-12.83754857381185,-20.334672715928818,0.9011392323286426,0.6968474102481049,-0.0938341486597064,51333_1372
1710,102.668125,2.744352736,Healthy,Palong_Basemap,0.1076545077893469,0.015037264778382249,0.016962232378621895,0.11524879187345505,0.8671461674902174,0.48081719544198775,45.57058334350586,-14.61109193166097,-12.12951225704617,-12.512218051486546,-18.606218973795574,0.7776658530318066,0.7548773733775626,-0.034069859421535856,51334_1372
1711,102.6681313,2.744431653,Unhealthy,Palong_Basemap,0.1116037584013409,0.014341448433697224,0.01574146147403452,0.09005371067259046,0.8706394831339518,0.4920773506164551,46.71356285942925,-14.492315610249838,-12.430461141798231,-12.800638834635416,-18.1533391740587,0.7353263620987356,0.7722589244308198,0.10686461467415219,51334_1372
1712,102.6681977,2.744385305,Healthy,Palong_Basemap,0.10853024903270933,0.018697700049314234,0.02047884598788288,0.11906316462490293,0.8786818848715888,0.42705222633149886,44.90844514634874,-15.1471651924981,-10.943367746141222,-12.842474513583714,-19.462918175591362,0.898903604060371,0.7060755881986297,-0.04627952726276669,51334_1372
1713,102.6681964,2.744306388,Healthy,Palong_Basemap,0.11641009151935577,0.018106193074749574,0.02208796257360114,0.11191373815139134,0.8759422037336562,0.3789961139361064,43.72732671101888,-15.672657224867079,-10.416241221957737,-12.790063010321724,-20.100274403889973,0.829083507528115,0.7307955222018819,0.01969287820044175,51334_1372
1714,102.6681325,2.744268808,Healthy,Palong_Basemap,0.10726732263962428,0.01797851775255468,0.023400730763872463,0.12083858086003198,0.8792695734235976,0.3516719771756066,43.72889285617404,-16.218590418497723,-10.461136394076878,-13.217025332980686,-20.499429914686417,0.8631841877025327,0.7129083457580863,-0.05949542739663529,51334_1372
1715,102.6682691,2.744342715,Healthy,Palong_Basemap,0.12941129753986994,0.0220105547664894,0.024219454783532355,0.10647396743297577,0.871062265502082,0.31426548461119336,42.996314154730904,-16.37871551513672,-9.77588250901964,-12.68217330508762,-20.54136021931966,0.8908817578448246,0.7092816600610952,0.09723935112917982,51334_1372
1716,102.6682603,2.744271313,Healthy,Palong_Basemap,0.15690181487136418,0.01886643510725763,0.023516909115844302,0.09884692314598295,0.8655303120613098,0.2720618231428994,42.691599951850044,-17.076703283521866,-9.802622901068794,-12.544704967074924,-20.041161643134224,0.6918651289730912,0.7853260175310125,0.22699971923788512,51334_1372
1717,102.668343,2.744297619,Healthy,Palong_Basemap,0.16126481691996256,0.021071369863218732,0.023513852929075558,0.10017648339271545,0.8454510702027215,0.2137725055217743,42.93732198079427,-16.75390550825331,-9.840633392333984,-12.335351520114475,-20.240624109903973,0.7428605314109069,0.7688734174497681,0.23365984430993425,51334_1372
1719,102.6684068,2.744346473,Healthy,Palong_Basemap,0.16437441441747877,0.02113533268372218,0.020173016521665785,0.08361071265406078,0.8495376904805502,0.2239990250931846,43.50828637017144,-16.37099594540066,-9.899313714769152,-12.627609782748753,-20.8238951365153,0.7454549007466724,0.7721377661930374,0.3256796192463551,51334_1372
1720,102.6683918,2.744267555,Healthy,Palong_Basemap,0.15364166763093737,0.020448932838108804,0.023805628013279703,0.10066491365432739,0.8344796101252238,0.20398167106840345,43.15557649400499,-17.251305898030598,-10.28703784942627,-12.054654333326551,-18.92070155673557,0.749233286030049,0.7650771175122153,0.2083184544767407,51334_1372
1721,102.6684745,2.744297619,Healthy,Palong_Basemap,0.1449161387152142,0.019789451940192118,0.02051107833782832,0.08706834332810508,0.8269719017876519,0.25549568567011094,42.478269788953995,-16.585148175557453,-10.788624021742079,-12.185156398349339,-20.03864034016927,0.7722482372755496,0.7596990865769069,0.24936062480380472,51334_1372
1723,102.6685446,2.744496792,Healthy,Palong_Basemap,0.14035515073272917,0.016505659971800115,0.01602978042016427,0.08256576127476162,0.8393715156449212,0.317137211561203,42.2696901957194,-16.817718187967937,-10.970534536573622,-12.333565394083658,-20.983121871948242,0.6971905674475386,0.7895502401439071,0.2592371838853129,51334_1372
1724,102.6685496,2.744738555,Healthy,Palong_Basemap,0.13976769977145725,0.016856745299365785,0.019557640577356022,0.09654239151212904,0.858681148952908,0.37685372763209873,40.98161358303494,-17.1865045759413,-11.520725674099392,-12.30413850148519,-17.94249725341797,0.698584640887981,0.784749496903329,0.18291774178807815,51334_1372
1725,102.6685446,2.744662143,Healthy,Palong_Basemap,0.15459273589981926,0.01511396798822615,0.01802489978985654,0.09330682042572233,0.8619936638408237,0.3677776058514913,41.73820877075195,-16.967101203070747,-11.322456571790907,-12.39776282840305,-18.58738856845432,0.5960778089098382,0.8218813088468592,0.24722075498036103,51334_1372
1726,102.6685371,2.744579467,Healthy,Palong_Basemap,0.15659688082006243,0.014441181388166215,0.016524172181056604,0.08993845267428292,0.8563429448339674,0.3537357615100013,42.0498178270128,-16.940081490410698,-11.198749224344889,-12.410842789543999,-19.608734130859375,0.5719183047508924,0.8311348807192993,0.27038083020788745,51334_1372
1727,102.6686148,2.744707239,Healthy,Palong_Basemap,0.14459337294101715,0.016711137774917815,0.018840124209721882,0.09706561184591717,0.8718614445792304,0.39505403240521747,43.283256106906464,-16.62560823228624,-11.313163121541342,-12.646516799926758,-17.848010592990452,0.6791220819451858,0.7928001182267378,0.19667284929217185,51334_1372
1728,102.6686824,2.744747324,Healthy,Palong_Basemap,0.1412372969918781,0.018673116548193827,0.019990307589371998,0.094752489692635,0.8857695791456435,0.398415121767256,45.74206288655599,-16.20378653208415,-10.957923147413466,-13.209949493408203,-17.993292066786026,0.7522890937327817,0.7664552778670098,0.19697804702619223,51334_1372
1729,102.6687526,2.744779893,Healthy,Palong_Basemap,0.1330985145436393,0.01812526573323541,0.019123783749010827,0.09483357353342904,0.904176844490899,0.3700711958938175,47.60399966769748,-15.420415348476833,-10.598975075615776,-14.297656271192762,-18.918344073825413,0.769352940958144,0.7602855093286257,0.16787869287308124,51334_1372
1730,102.6688227,2.74481622,Healthy,Palong_Basemap,0.1202157802051968,0.016421172250476148,0.01608844805094931,0.09639542715417014,0.8872713711526659,0.3797142803668976,46.560440911187065,-15.482776429918077,-11.128988371955025,-13.578057712978786,-19.99681282043457,0.7766600047667601,0.7596379024070604,0.10996823913874275,51334_1372
1732,102.6689593,2.744809957,Healthy,Palong_Basemap,0.09581740283303791,0.017388787120580673,0.014870433136820793,0.08714697427219814,0.8725399242507087,0.3454359504911635,47.00423007541232,-16.515438503689236,-11.78196652730306,-13.714818212721083,-20.380369398328995,0.956311859725583,0.6927944111942114,0.04738861574049893,51334_1372
1735,102.6691735,2.744855052,Healthy,Palong_Basemap,0.11191451715098487,0.021420891707142193,0.018104901019897725,0.05376899946067068,0.8732545309596591,0.21027145948674944,46.14864730834961,-18.918634838528103,-10.961444748772514,-14.529642105102539,-20.119568294949,0.9913568347649527,0.6786916260190918,0.35094328560517624,51334_1372
1736,102.6692374,2.744809957,Healthy,Palong_Basemap,0.11686542961332533,0.021849072227875393,0.01864274229026503,0.0516983564529154,0.8439072436756558,0.1881862117184533,44.226647271050346,-20.00294960869683,-10.738135867648655,-13.778788142734104,-20.215333726671005,0.9753706307567438,0.6849778222483466,0.38660185963550403,51334_1372
1737,102.669305,2.744855052,Healthy,Palong_Basemap,0.14394742250442505,0.021773234837585025,0.019724586564633582,0.06575987901952532,0.8141038947635226,0.18491862383153704,41.78948974609375,-20.392518361409504,-10.506832546657986,-12.823548634847006,-20.396929846869575,0.8405904712565675,0.7372296829278201,0.3728413026952714,51334_1372
1739,102.6693726,2.744726028,Unhealthy,Palong_Basemap,0.14042299654748705,0.02141762524843216,0.020382167564498052,0.06900536351733738,0.823958608839247,0.12177122053172854,40.62101025051541,-20.67768096923828,-9.767275174458822,-13.002329296535915,-20.89617919921875,0.8413899682760294,0.7353244814464474,0.34101223448459295,51334_1372
1741,102.6692361,2.744727281,Unhealthy,Palong_Basemap,0.09833609643909666,0.020762845770352416,0.019059462886717584,0.05732139696677526,0.8686555557780795,0.17717048856947157,44.53345023261176,-20.443498823377823,-10.505915006001791,-14.428327984280056,-20.26635064019097,1.0451891440392205,0.6513345058289671,0.26349325416269476,51334_1372
1743,102.6693038,2.744685943,Healthy,Palong_Basemap,0.10626821882194942,0.020895980919400852,0.02049292830957307,0.06614457319180171,0.8451229333877563,0.13754329085350037,42.128668043348526,-20.94840410020616,-10.07059457567003,-13.750765482584635,-20.69108623928494,0.9917814531954954,0.6713543440386067,0.23271849589297042,51334_1372
1744,102.6693639,2.744655879,Unhealthy,Palong_Basemap,0.12732264316744274,0.023251731362607744,0.02207255632513099,0.06733721536066797,0.8274767332606845,0.10437854710552427,40.75614378187392,-20.96164215935601,-9.66516833835178,-13.289556715223524,-20.97931883070204,0.9495412005114262,0.6911595158847252,0.30815509813037445,51334_1372
1745,102.6693714,2.744569446,Unhealthy,Palong_Basemap,0.12042981965674295,0.02122029268907176,0.02246279062496291,0.06789240365227063,0.8240021136071947,0.10208541858527395,40.210530598958336,-20.717695871988933,-9.80535634358724,-13.399702072143555,-21.074627982245552,0.915984537514514,0.7003843860389461,0.2789761881595083,51334_1372
1746,102.6693739,2.744490528,Unhealthy,Palong_Basemap,0.12401686277654436,0.01864740366323127,0.020417106441325612,0.06986201223399904,0.8316306935416328,0.1222888831463125,40.63198216756185,-20.036560482449,-9.960719426472982,-13.54765870836046,-21.07671356201172,0.8208894163190389,0.7385834010354219,0.2793231110898508,51334_1372
1748,102.6693714,2.744340209,Unhealthy,Palong_Basemap,0.11504115826553768,0.01754232020013862,0.01718651782721281,0.0730808712542057,0.8821414841545953,0.17368153731028238,45.810067070855034,-17.40378549363878,-10.234875890943739,-16.69295342763265,-20.743939293755425,0.8387820128409803,0.7353769805537265,0.22304823692606532,51334_1372
1750,102.6692987,2.744298872,Healthy,Palong_Basemap,0.13172351900074217,0.016397960484027863,0.016019843622214265,0.08012850251462725,0.8490825295448303,0.19245251682069567,42.85184182061089,-17.798420906066895,-10.404177135891384,-14.441713439093697,-21.057054307725693,0.7266212719077925,0.7785876762631997,0.24354271494346733,51334_1372
1751,102.6693038,2.744370273,Healthy,Palong_Basemap,0.13066498438517252,0.01620040989170472,0.0163109859244691,0.08128607521454494,0.8365182677904764,0.20144044193956587,41.35670937432183,-18.271426730685764,-10.357763502332899,-13.648723072475857,-21.07671356201172,0.7225197812181081,0.779384245397347,0.2329731649555453,51334_1372
1753,102.6693,2.744533119,Healthy,Palong_Basemap,0.10286431511243184,0.019949169208606083,0.020518221995896764,0.06894333495034112,0.8249969681104025,0.15248061675164434,40.46882544623481,-20.79759470621745,-10.028421613905165,-13.517657597859701,-21.06366623772515,0.9774160822887351,0.6751306370160725,0.19743579607600178,51334_1372
1754,102.6693012,2.744613289,Unhealthy,Palong_Basemap,0.10289100309213002,0.020762401322523754,0.021618258414996996,0.06966572420464621,0.8370399475097656,0.13870250888996655,41.47057130601671,-20.937251832750107,-10.015173276265463,-13.720578299628365,-20.92503611246745,1.0003923678454067,0.6641839111376173,0.19254699256285984,51334_1372
1756,102.6691685,2.744690954,Unhealthy,Palong_Basemap,0.09642724444468816,0.017981825085977714,0.019976328334046736,0.053109140031867556,0.8877349959479438,0.19663596484396192,46.0405519273546,-19.74606153700087,-10.72723282708062,-15.307843950059679,-20.412195417616104,0.9441308826267477,0.6856573493737239,0.28968270541282215,51334_1372
1757,102.6691697,2.744613289,Unhealthy,Palong_Basemap,0.09648434735006756,0.017204714318116505,0.01867072284221649,0.055872898962762624,0.8673563467131721,0.2338093254301283,44.469412909613716,-18.86958842807346,-10.647186385260689,-15.519087685479057,-20.92390314737956,0.9202565824309709,0.6973373855731057,0.2665540981484974,51334_1372
1758,102.6691697,2.74453813,Unhealthy,Palong_Basemap,0.09861386484569973,0.018095319987171225,0.017140997159812186,0.06453766259882185,0.8458385003937615,0.2772851073079639,42.87777116563585,-18.712940639919704,-10.689048237270779,-14.73587089114719,-21.065751817491318,0.9527268527933331,0.6899075250489675,0.20886229372547696,51334_1372
1761,102.6692336,2.744411611,Healthy,Palong_Basemap,0.11414755466911528,0.0174624626007345,0.016134951470626727,0.08968223465813531,0.8104215661684672,0.27880728741486865,39.443548838297524,-18.909868664211697,-10.565964274936253,-12.766885863410103,-21.07671356201172,0.8456017969152207,0.7346332298562058,0.12002818671269228,51334_1372
1762,102.6691635,2.744456707,Healthy,Palong_Basemap,0.10664797491497463,0.01704653249018722,0.015971010964777734,0.08801290310091442,0.8136332896020677,0.35134976771142745,39.979740142822266,-17.99949773152669,-11.020575417412651,-12.70759720272488,-21.07255956861708,0.8702091458379082,0.7243768887109717,0.09573095531059475,51334_1372
1763,102.6691021,2.744578215,Unhealthy,Palong_Basemap,0.09096077332894008,0.014996977833410105,0.018624828921424016,0.04718632044063674,0.8717683487468295,0.26179560522238415,44.78043450249566,-17.98076057434082,-11.008848508199057,-16.047192149692112,-21.045871098836262,0.8595515307367946,0.7169253278992023,0.3168684312774409,51334_1372
1765,102.6690971,2.744727281,Healthy,Palong_Basemap,0.10335733658737606,0.01767330037222968,0.019149903414977923,0.049054690119293004,0.8950147165192498,0.21602360407511392,46.16131888495551,-19.262463251749676,-10.943550639682346,-15.799474292331272,-20.883587731255425,0.8956792074803644,0.707953278340125,0.35628846122880764,51334_1372
1766,102.6690282,2.744695965,Healthy,Palong_Basemap,0.08480948375331031,0.01609303295198414,0.017313668297396764,0.060583418442143336,0.8890952070554098,0.26138220065169865,44.65140957302518,-18.888308631049263,-11.13424195183648,-15.233604113260904,-21.07034746805827,0.9585661027325749,0.681018204947514,0.16662481417833963,51334_1372
1767,102.6690257,2.744774882,Healthy,Palong_Basemap,0.08951538801193237,0.017310256966286235,0.015840062043733068,0.0714203409022755,0.8847926126586066,0.2871911972761154,45.83015696207682,-18.192366706000435,-11.460304896036783,-14.630517535739475,-20.904090457492405,0.9893273943941292,0.6759157041398487,0.11243648151805392,51334_1372
1768,102.668953,2.744726028,Healthy,Palong_Basemap,0.08369132462475035,0.018121368769142363,0.02123186716602908,0.07728001268373595,0.893144773112403,0.27616984645525616,44.933884938557945,-18.152083502875435,-10.918247964647081,-14.832020547654894,-20.964508268568252,1.0269542434364958,0.6440253535178674,0.03982890400374648,51334_1372
1770,102.6688941,2.744774882,Healthy,Palong_Basemap,0.09616408414310879,0.019022591929468844,0.02045592438015673,0.09658724069595337,0.8941607409053378,0.3219777113861508,46.533990648057724,-16.732035636901855,-10.98193391164144,-14.302411079406738,-20.394555621676975,0.9839365476602329,0.6697084666722573,-0.0021953496464830963,51334_1372
1771,102.668819,2.744737302,Healthy,Palong_Basemap,0.11607271764013502,0.01944704684946272,0.025257355223099392,0.0986507377690739,0.9079525536961026,0.3176689114835527,47.322605556911896,-16.1616276635064,-10.32830704583062,-14.994699266221788,-19.8427251180013,0.8632381426052705,0.7130005807978593,0.08113682707769024,51334_1372
1772,102.6687476,2.744697217,Healthy,Palong_Basemap,0.12937065876192516,0.01980413268837664,0.023133206491669018,0.09565169860919316,0.9060611195034451,0.34986845983399284,47.967330084906685,-15.671295907762316,-10.333813349405924,-14.745019700792101,-19.055152257283527,0.8246905647611711,0.7344841913859894,0.14984715539674565,51334_1372
1773,102.6686849,2.744662143,Healthy,Palong_Basemap,0.14386409355534446,0.017532431830962498,0.020703081352015335,0.09244552006324132,0.8891869982083639,0.3609623114267985,46.78359900580512,-15.890089458889431,-10.475766393873426,-14.084275033738878,-19.330553266737198,0.7025899031683793,0.782740901156352,0.2175898504708954,51334_1372
1774,102.6686173,2.744624563,Healthy,Palong_Basemap,0.1575324104891883,0.015531373313731618,0.018248783527976938,0.08663617074489594,0.8535105586051941,0.36408191588189864,42.63195588853624,-16.813987731933594,-11.325347794426811,-12.434504508972168,-19.719979604085285,0.6006991847217045,0.8205127268982135,0.290357749494085,51334_1372
1775,102.6686148,2.74454314,Healthy,Palong_Basemap,0.14605452699793708,0.015898755337629054,0.01730620436784294,0.08369154814216825,0.8391609854168363,0.34156131082110935,42.02156448364258,-17.041107389662002,-11.314736154344347,-12.26140022277832,-20.613751729329426,0.6517277536978774,0.803662449956563,0.27144306520900613,51334_1372
1776,102.6686937,2.744588236,Healthy,Palong_Basemap,0.1426102469364802,0.019524177743328944,0.023707139823171828,0.08952595707443026,0.8687844276428223,0.3380284772978889,45.230371687147354,-16.481348037719727,-10.444513214959038,-13.488636864556206,-20.231597900390625,0.7605622059364582,0.7591606127830505,0.2286773409095419,51334_1372
1777,102.6687538,2.744624563,Healthy,Palong_Basemap,0.1501817446615961,0.019427244654960103,0.024038577659262553,0.09059229410356945,0.8725159499380324,0.3119141227669186,45.394558376736114,-16.25103431277805,-10.096070925394693,-13.800803820292154,-20.505271699693466,0.7294055831854626,0.7709172758679516,0.24749117829994163,51334_1372
1779,102.6688916,2.744614542,Healthy,Palong_Basemap,0.1676959494749705,0.015622503641578887,0.02285971451136801,0.08371219452884462,0.8704649474885728,0.27481725480821395,43.83008787367079,-16.72742748260498,-10.31452210744222,-13.87849309709337,-20.97762107849121,0.5634790391629411,0.8295588537216547,0.3340534383995588,51334_1372
1780,102.668963,2.744652122,Healthy,Palong_Basemap,0.10529928902784984,0.015943839214742184,0.022119256150391366,0.07661194147335158,0.8857515189382765,0.27347904443740845,43.90921317206489,-17.925188700358074,-10.759869575500488,-14.749903890821669,-21.05182753668891,0.8006637206592593,0.7369939320133575,0.15769970592502144,51334_1372
1781,102.6689518,2.744574457,Unhealthy,Palong_Basemap,0.16271654102537367,0.012986887763771746,0.021775683388113976,0.07817390436927478,0.8502329786618551,0.30425459808773464,43.336727142333984,-16.23803530799018,-11.028299543592665,-13.639662000868055,-21.07671356201172,0.49364316392806223,0.8521726314247767,0.35095886230603096,51334_1372
1782,102.6690232,2.744534372,Unhealthy,Palong_Basemap,0.11435218569305208,0.012090705749061372,0.020165208934081927,0.0714746548069848,0.8564061853620741,0.3217090600066715,43.78544192843967,-16.476491504245335,-11.424029244316948,-14.333223660786947,-21.07671356201172,0.6094919574640529,0.8087562596653115,0.2307391697059972,51334_1372
1783,102.668958,2.744490528,Healthy,Palong_Basemap,0.16493566830952963,0.01382444416069322,0.02143398320509328,0.07966827063096894,0.8389318916532729,0.32287946674558854,43.7072508070204,-15.816336631774902,-11.22791322072347,-13.202272309197319,-21.07671356201172,0.5167568817649585,0.8453296547013971,0.34859372276626543,51334_1372
1785,102.6688202,2.744575709,Healthy,Palong_Basemap,0.18708934717708164,0.01815061705807845,0.025257749689949885,0.07899904830588235,0.8731973171234131,0.28674759136305916,44.78502909342448,-16.211026085747612,-10.033425543043348,-13.923009660508898,-20.810281329684788,0.583977120982345,0.8231278481681881,0.4062195146654551,51334_1372
1786,102.6687551,2.74453813,Healthy,Palong_Basemap,0.15622011323769888,0.019214364389578503,0.024143795379334025,0.08418866743644078,0.8446231418185763,0.28686850435203975,43.719984690348305,-16.657042185465496,-10.168410936991373,-12.995284928215874,-20.993274264865452,0.7025598162075303,0.7809511032329605,0.2996206943825924,51334_1372
1787,102.6686874,2.744501802,Healthy,Palong_Basemap,0.15766925364732742,0.018290893278188176,0.019015158009197976,0.08347660551468532,0.819658120473226,0.2773381206724379,42.12645382351346,-17.812138239542644,-10.587965329488119,-12.15191904703776,-21.053585688273113,0.68612441845767,0.7921018639984342,0.30766710401108777,51334_1372
1790,102.6685409,2.744340209,Healthy,Palong_Basemap,0.13584549062781864,0.017638832434184022,0.019612409277922578,0.08891258595718278,0.8166291117668152,0.29690491325325435,42.02227359347873,-16.779375500149197,-11.463504367404514,-11.911375681559244,-19.523239135742188,0.7398235333855617,0.7701546049486956,0.20881520870679937,51334_1372
1791,102.6685509,2.744267555,Healthy,Palong_Basemap,0.1430068016052246,0.017607678141858842,0.021434148773550987,0.0804205917649799,0.7983229888810052,0.31013605495293933,41.723421308729385,-16.883880191379124,-12.083566135830349,-11.657352871365017,-18.416972902086044,0.7055195374969463,0.7807460676075367,0.2801187844345634,51334_1372
1792,102.6686123,2.74430263,Healthy,Palong_Basemap,0.1401285943057802,0.017617489625182416,0.021032623015344143,0.09027663659718302,0.8024229804674784,0.32773565914895797,41.66218270195855,-16.983185662163628,-12.141714837816027,-11.53548781077067,-18.78430027431912,0.7176305827804385,0.7766348401663944,0.21636643193050026,51334_1372
1794,102.6686799,2.744416622,Healthy,Palong_Basemap,0.16683296279774773,0.019256657920777798,0.020644023083150387,0.09236115299993092,0.8130227393574185,0.289952019850413,41.6585807800293,-17.78055805630154,-11.23557154337565,-11.731891208224827,-20.63841374715169,0.6816808606035686,0.7930388825940493,0.2873206035894268,51334_1372
1795,102.6686799,2.744342715,Healthy,Palong_Basemap,0.15289636452992758,0.017029499117698934,0.021117206973334152,0.08111548465159205,0.788870460457272,0.3309364053938124,41.54059134589301,-17.04768074883355,-12.429208543565538,-11.268469598558214,-18.524086634318035,0.6547522968198292,0.7995655428532901,0.30674036434221813,51334_1372
1796,102.6686762,2.744258786,Healthy,Palong_Basemap,0.13874241709709167,0.015079838430715932,0.020749458215302892,0.06611137257681952,0.7708201275931464,0.37484293844964767,41.200089348687065,-16.865587022569443,-13.12925836775038,-11.048961109585232,-17.53831460740831,0.6361071452510719,0.8039316433246575,0.3545506511541092,51334_1372
1797,102.6687488,2.744296366,Healthy,Palong_Basemap,0.15335050225257874,0.01706946413550112,0.021198125142190192,0.0872221299343639,0.7833606335851881,0.30465957522392273,41.278311835394966,-17.2076170179579,-11.515910784403482,-11.474231508043077,-20.295785268147785,0.6543548447264064,0.7996776493121636,0.2748790322368349,51334_1372
1798,102.6687501,2.744379042,Healthy,Palong_Basemap,0.1709281388256285,0.01817522653275066,0.02221584878861904,0.08888736698362562,0.7827624281247457,0.26904449032412636,41.149462381998696,-17.611214531792534,-11.058531867133247,-11.459394137064615,-20.798812018500435,0.6335744422885965,0.8077746898019939,0.315765495159607,51334_1372
1799,102.6687501,2.744461717,Healthy,Palong_Basemap,0.1719557676050398,0.019054639256662793,0.024312046459979482,0.08368108752701017,0.8147091468175253,0.26459869742393494,42.24451022677951,-17.373372289869522,-10.364160007900661,-12.194141387939453,-21.07423316107856,0.6503925463720284,0.8004858523707671,0.3453128072336482,51334_1372
1800,102.668819,2.744498044,Healthy,Palong_Basemap,0.1779874728785621,0.018433270768986806,0.02539723925292492,0.07940974334875743,0.8141617841190762,0.2629011968771617,42.35146247016059,-16.551566653781467,-10.434241930643717,-12.305144204033745,-21.07671356201172,0.6137997779390548,0.8123083089221688,0.3829790041037043,51334_1372
1801,102.6688202,2.744421632,Healthy,Palong_Basemap,0.1473675411608484,0.018638225065337286,0.023851260335908994,0.08556136820051405,0.7946553097830878,0.2601074477036794,41.68799040052626,-17.214233610365127,-10.68374072180854,-11.79794364505344,-21.07671356201172,0.7151520207718738,0.7754508715083743,0.2653435038604383,51334_1372
1802,102.6688854,2.744459212,Healthy,Palong_Basemap,0.15514612860149807,0.016939309011730883,0.02224241631726424,0.09082633505264918,0.82224440574646,0.28592386179500157,42.84421030680338,-16.052697499593098,-10.80053456624349,-12.590621206495497,-21.07671356201172,0.641436511981309,0.8031290823131372,0.26149184584859286,51334_1372
1803,102.668819,2.744343967,Healthy,Palong_Basemap,0.15079951037963232,0.018663422308034368,0.021994301221436925,0.09074217081069946,0.7918501694997152,0.2713867508702808,41.546927981906464,-17.65515348646376,-10.811240408155653,-11.76277298397488,-21.07671356201172,0.7105792507614349,0.7797344585977101,0.2486417220951958,51334_1372
1804,102.668819,2.744260039,Healthy,Palong_Basemap,0.15162898434533012,0.018837922149234347,0.022418365503350895,0.09602106114228566,0.8107259339756436,0.3228549924161699,41.3561168246799,-17.32468711005317,-11.110780398050943,-12.104290220472548,-20.80402734544542,0.7117943681179043,0.7789844077467901,0.2245423500470354,51334_1372
1805,102.6688866,2.744292608,Healthy,Palong_Basemap,0.1504789102408621,0.01808309244612853,0.020713566078080073,0.09766813864310582,0.8282745149400499,0.3083716995186276,42.31799528333876,-17.587057961357964,-10.802128473917643,-12.518253326416016,-21.07671356201172,0.6976546758357206,0.7854428381500934,0.21282047010138042,51334_1372
1806,102.6688804,2.744376536,Healthy,Palong_Basemap,0.1518521954615911,0.01769947384794553,0.021275514115889866,0.09397543966770172,0.8153028157022264,0.30109645260704887,42.58486684163412,-17.2333534028795,-10.934674157036675,-12.273449367947048,-21.07671356201172,0.6790296868276967,0.7912202938487966,0.2354363282364456,51334_1372
1807,102.6689518,2.744414116,Healthy,Palong_Basemap,0.14129209187295702,0.014987287835942375,0.02071178787284427,0.08422470713655154,0.8360552390416464,0.33612048625946045,43.83010058932834,-16.221915033128525,-11.286522229512533,-12.86003303527832,-21.040964974297417,0.6245404070299304,0.8081987801095818,0.2530515907774982,51334_1372
1808,102.6690232,2.744454201,Healthy,Palong_Basemap,0.12877532343069711,0.013185175756613413,0.018579572439193726,0.08169823760787646,0.8522903323173523,0.38250495658980477,44.35871505737305,-15.791430155436197,-11.67535760667589,-13.292748345269096,-20.97979079352485,0.6071737277212697,0.8142416259157251,0.22367220657321807,51334_1372
1809,102.6690996,2.744414116,Healthy,Palong_Basemap,0.10014254682593876,0.01598609197470877,0.016874045340551272,0.08613068527645534,0.8327540556589762,0.3951153854529063,41.7467532687717,-16.791733529832626,-11.51720470852322,-13.002947277492947,-21.01138538784451,0.8583783230635951,0.724683038743762,0.07522208849514739,51334_1372
1811,102.6690946,2.744330188,Healthy,Palong_Basemap,0.11038936757379109,0.016383533572985068,0.016265908980535135,0.10067981647120582,0.8274469375610352,0.40047388937738204,40.03062227037218,-16.276502503289116,-11.216252115037706,-12.249950197007921,-20.993468390570747,0.82214491106893,0.7415294053416605,0.046001746519829884,51334_1372
1812,102.6690257,2.744379042,Healthy,Palong_Basemap,0.12209276772207683,0.015506883876191245,0.01960951193339295,0.0894849341776636,0.8593370185958015,0.39065321617656285,44.04638417561849,-15.936769061618381,-11.524448076883951,-13.121605979071724,-20.946925693088108,0.7182602477961176,0.7746086752971629,0.15411753342450518,51334_1372
1813,102.6689568,2.744331441,Healthy,Palong_Basemap,0.1352321066790157,0.019360750085777707,0.02154211037688785,0.0932830489344067,0.8568790290090773,0.3341653181446923,43.15231238471137,-17.090579138861763,-10.859036763509115,-13.080743471781412,-21.03108787536621,0.7922731141266488,0.7495259420008743,0.18357232207203775,51334_1372
1814,102.6690244,2.744293861,Healthy,Palong_Basemap,0.1124785906738705,0.0172358142832915,0.02031783304280705,0.09460553526878357,0.8652001685566373,0.3777335484822591,43.0244017706977,-16.18698999616835,-11.11947970920139,-13.13213422563341,-20.955272886488174,0.8243445917145474,0.7342498038057746,0.08630818670300378,51334_1372
1815,102.6689605,2.744258786,Healthy,Palong_Basemap,0.13522524717781279,0.02161668748077419,0.02225260581407282,0.09476225492027071,0.8634524411625333,0.32540220353338456,42.18168173895942,-17.04931534661187,-10.64198769463433,-13.282778845893013,-21.066836463080513,0.8616035167016912,0.7243506651734521,0.1759356134068785,51334_1372
1816,102.6691635,2.744300124,Healthy,Palong_Basemap,0.12813548329803678,0.016080838007231552,0.015123332436713908,0.09632360604074267,0.811181730694241,0.3463497476445304,39.19236204359267,-17.14273198445638,-11.025600539313423,-12.106277571784126,-21.069283379448784,0.733361893898744,0.776990040216147,0.14172683918039058,51334_1372
1818,102.6692161,2.744250018,Healthy,Palong_Basemap,0.1440840255883005,0.017674473942153983,0.014907671035163932,0.08686584358414014,0.825885554154714,0.23260664525959227,41.06849839952257,-17.958771175808376,-10.699300660027397,-13.057433658175999,-21.07671356201172,0.7275667521601583,0.7814708470533706,0.24775152377955204,51334_1372
1819,102.6691021,2.744260039,Healthy,Palong_Basemap,0.1218869901365704,0.016556009443269834,0.016126205316848226,0.10484974748558468,0.830895205338796,0.3789316415786743,39.813422732883026,-16.302439371744793,-10.915046479966906,-12.266667789883083,-21.05044937133789,0.773983401902636,0.7608256178569438,0.07514107695850063,51334_1372
1821,102.6677862,2.744222773,Healthy,Palong_Basemap,0.1384425014257431,0.01686805548767249,0.02276406602727042,0.10304174406660928,0.7863894502321879,0.29944330122735763,35.08020485772027,-19.785518858167862,-10.790885501437717,-11.93909305996365,-21.07671356201172,0.6922262738427082,0.7827828858140494,0.14659655037518768,51333_1372
1822,102.6677811,2.744152624,Healthy,Palong_Basemap,0.1360915932390425,0.01684119397153457,0.02116947972940074,0.08912057802081108,0.7985315455330743,0.24817576507727304,36.359259287516274,-20.49760988023546,-10.769843949211968,-12.633732159932455,-21.076547622680664,0.7055991921855516,0.7797569209492599,0.20856339582124744,51333_1372
1823,102.667855,2.744187698,Healthy,Palong_Basemap,0.1148625339070956,0.015193624214993583,0.020969655985633533,0.10274141281843185,0.7990922530492147,0.3149285697274738,36.13036643134223,-19.112646526760525,-11.352618323432075,-12.244985792371962,-21.061633427937824,0.7312561932976839,0.7663528673401119,0.05570267116502531,51333_1372
1824,102.6677148,2.744112538,Healthy,Palong_Basemap,0.14721703281005225,0.01844494531138076,0.02193456112096707,0.08888048264715406,0.7865946359104581,0.24363797571923998,35.91618092854818,-20.76201820373535,-10.25327279832628,-11.981104320949978,-20.965821584065754,0.7161643336564592,0.7773183017546692,0.24708667539312557,51333_1372
1826,102.6676672,2.74390585,Unhealthy,Palong_Basemap,0.11363168143563801,0.016450613012744322,0.01689398278378778,0.06342106353905466,0.8332321114010282,0.29727229641543496,41.45609834459093,-17.605280770195854,-12.137574937608507,-12.761947313944498,-19.227863947550457,0.8052830467784655,0.7470737569243592,0.28359129876105726,51333_1371
1827,102.6676496,2.74375052,Healthy,Palong_Basemap,0.08188392966985703,0.01617157883528206,0.018519821887214977,0.07609532525142033,0.8691966202523973,0.3713349931769901,44.21337424384223,-17.44200261433919,-12.384041892157661,-14.503349516126844,-20.288375854492188,0.9745811140537112,0.6701546076947935,0.036641547786266056,51333_1371
1828,102.6676496,2.743669097,Healthy,Palong_Basemap,0.08489004108640882,0.016010986744529672,0.017746075263453856,0.07945551350712776,0.8828206327226427,0.38174594110912746,45.536493089463974,-17.348083284166123,-12.228570938110352,-15.312609990437826,-20.565550486246746,0.9512083092033764,0.68263976911402,0.03306768833949825,51333_1371
1829,102.6676333,2.74359519,Healthy,Palong_Basemap,0.1027132189936108,0.017742766584787104,0.018396286604305107,0.08189890533685684,0.8509261806805929,0.3921862476401859,43.97697109646268,-16.63655005560981,-11.507395956251356,-13.580059475368923,-20.510821872287327,0.9064280311527002,0.7054066429394769,0.11274619005789127,51333_1371
1831,102.6677122,2.7435526,Healthy,Palong_Basemap,0.088999319407675,0.013135705867575275,0.014361655029157797,0.06523287047942479,0.9149957762824165,0.31305016411675346,47.96783871120877,-17.313725895351833,-11.755239380730522,-18.4765412012736,-21.07040850321452,0.8106434668354019,0.7427776449425648,0.15409525693467488,51333_1371
1832,102.6677035,2.74347243,Healthy,Palong_Basemap,0.0922900206512875,0.015330242406990793,0.014576987466878362,0.05844621194733514,0.9116419288847182,0.27477993071079254,48.790586683485245,-16.36812867058648,-10.826050440470377,-18.743103133307564,-21.07671356201172,0.891763069631719,0.7151049073595147,0.2245233818074183,51333_1371
1833,102.6677148,2.743636528,Healthy,Palong_Basemap,0.07706502907805973,0.012769360095262527,0.013840368017554283,0.0619054242140717,0.9139465822113885,0.33099860284063554,47.40292061699761,-17.960203170776367,-12.224856270684135,-17.953396797180176,-21.0366268157959,0.877286746148577,0.7157133206388052,0.10908509330483977,51333_1371
1834,102.6677248,2.74371294,Healthy,Palong_Basemap,0.0670427568256855,0.012038616153101126,0.012871061037811968,0.05445929368336996,0.8849753141403198,0.3275688952869839,44.32609854804145,-18.95769500732422,-12.845552974277073,-16.0800388124254,-20.825000551011826,0.9261270952418069,0.6955385143267441,0.10356585003787823,51333_1371
1837,102.6678475,2.74394844,Healthy,Palong_Basemap,0.08424072381522921,0.011413015321724944,0.012700485582980845,0.042954797546068825,0.8147362801763747,0.14637987895144355,39.006802029079864,-20.595598220825195,-12.449546602037218,-14.864449818929037,-21.07671356201172,0.7623463857231765,0.7613681299926156,0.32458632055045383,51333_1371
1838,102.6678488,2.744029863,Unhealthy,Palong_Basemap,0.090178235537476,0.012677974481549528,0.01540278188056416,0.047824449009365506,0.8201218247413635,0.1616161068280538,38.922591315375435,-20.69796159532335,-11.782733175489637,-14.521943516201443,-21.07671356201172,0.7746001656794592,0.7534815937860347,0.30690552627427026,51333_1372
1839,102.6677811,2.743988525,Healthy,Palong_Basemap,0.09900521735350291,0.013091747131612565,0.014000927098095417,0.04830385992924372,0.8128292825486925,0.17241127209530938,39.12426545884874,-19.797563764784073,-12.348495059543186,-14.269439697265625,-21.011081907484268,0.7524552690842392,0.7664210232320622,0.3441835245966714,51333_1371
1842,102.6679916,2.744112538,Healthy,Palong_Basemap,0.09012126260333592,0.018455674561361473,0.024241062502066296,0.08351295317212741,0.8711647523774041,0.3045130107137892,42.66042921278212,-19.785491943359375,-10.618629985385471,-14.321828736199272,-20.549945407443577,0.9760151410630654,0.6600442959011348,0.0380587973499077,51333_1372
1843,102.6679928,2.74402861,Healthy,Palong_Basemap,0.08932534522480434,0.01810423978086975,0.021854185395770602,0.050862143023146525,0.851460251543257,0.25733517441484666,41.8599722120497,-21.07671356201172,-11.14809799194336,-14.633437792460123,-20.5027650197347,0.9826709653505931,0.6629561627755791,0.27436972216541616,51333_1372
1844,102.6679891,2.743947187,Healthy,Palong_Basemap,0.09369440128405888,0.017123326969643433,0.019376818815039262,0.0489856137169732,0.8276340166727701,0.15215146376027,40.54611248440213,-21.0362491607666,-11.789521005418566,-14.913481076558432,-20.994475894504124,0.9298709790059444,0.6909641220862808,0.31335003410787615,51333_1371
1845,102.6680505,2.743902092,Healthy,Palong_Basemap,0.10221412363979551,0.01826521505912145,0.020267926363481417,0.05758741911914614,0.8020149403148227,0.15884530627065235,39.00480651855469,-20.741053687201607,-11.459993892245823,-13.677930937872993,-21.07671356201172,0.9189324030497674,0.6967909144194923,0.27926328964150315,51334_1371
1846,102.6680567,2.743998546,Healthy,Palong_Basemap,0.10101693206363255,0.017212833795282576,0.02184738674097591,0.06509586340851253,0.8461675710148282,0.29263532989554936,41.48128679063585,-21.07671356201172,-11.035411622789171,-14.140212906731499,-20.038726170857746,0.8754700379736696,0.7088240229482847,0.21624504333348302,51334_1371
1850,102.6681319,2.744186445,Healthy,Palong_Basemap,0.11384191943539514,0.018945037490791745,0.02426966403921445,0.09654087945818901,0.8810127377510071,0.3155673080020481,43.472914377848305,-17.78201495276557,-10.165832413567436,-13.599415249294704,-20.209978315565323,0.8611299532956243,0.7146551449127214,0.08223600060553116,51334_1372
1851,102.6681933,2.744229036,Healthy,Palong_Basemap,0.1389205969042248,0.01837838813662529,0.02334445073372788,0.11367087231742011,0.8759808275434706,0.31907374660174054,43.06100209554037,-16.590896712409126,-10.034325069851345,-12.918290774027506,-20.352168401082356,0.7387486568236897,0.7663254072255777,0.09996269733341025,51334_1372
1852,102.6682597,2.744188951,Healthy,Palong_Basemap,0.16835003594557443,0.01997427000767655,0.023385631748371653,0.09941119535101785,0.8576745059755113,0.25798770950900185,42.829077826605904,-17.957868364122177,-10.0908907784356,-12.40885427263048,-18.779211044311523,0.6897067419541633,0.7878736904769489,0.2574638615931475,51334_1372
1853,102.6683286,2.744229036,Healthy,Palong_Basemap,0.1588120179043876,0.019298465508553717,0.02355661719209618,0.10694433086448246,0.8501008020506965,0.2281176613436805,42.871795654296875,-17.309332529703777,-9.913515302870008,-12.208220058017307,-19.38962067498101,0.6986958501446512,0.7832978144940399,0.1951700769527609,51334_1372
1854,102.6684,2.74418394,Healthy,Palong_Basemap,0.14482277797328102,0.01954559236764908,0.02278292862077554,0.08022426648272409,0.8099085291226705,0.22599848773744372,43.38172361585829,-17.365601857503254,-11.348487006293404,-11.899708853827583,-17.652417288886177,0.7564929396641873,0.7621733144021816,0.28704447839654,51334_1372
1855,102.6684764,2.744230288,Healthy,Palong_Basemap,0.15286983880731794,0.019691685007678136,0.022653798883159954,0.08466547893153296,0.8123560084236993,0.25883177750640446,42.367948320176865,-16.90612898932563,-11.336771647135416,-11.929842948913574,-18.801393508911133,0.7330309129661222,0.7717720083558179,0.2871335535491596,51334_1372
1856,102.6685415,2.744186445,Healthy,Palong_Basemap,0.1462421351008945,0.01668514394097858,0.020453830767008994,0.06883223727345467,0.7745371659596761,0.31594276593791115,41.51640828450521,-17.12373161315918,-12.707407633463541,-11.378378020392525,-17.609928343031143,0.667184740184708,0.7951829302115772,0.35992153306254226,51334_1372
1857,102.6686092,2.74414135,Healthy,Palong_Basemap,0.15408703022532994,0.01425108520521058,0.018435260074006185,0.06118729131089316,0.7394273943371243,0.3319282995329963,40.41180165608724,-17.440123664008247,-13.228441768222385,-10.759091165330675,-17.249380747477215,0.5671383534081079,0.8306849857649637,0.4315411993938395,51334_1372
1858,102.6686755,2.744180182,Healthy,Palong_Basemap,0.14934506681230333,0.014593750134938292,0.02075247921877437,0.059422324101130165,0.7534213595920138,0.390385690662596,40.733153873019745,-16.97082307603624,-13.449634657965767,-10.832768122355143,-17.087670644124348,0.5858442630120576,0.8219610168391684,0.4307317455936407,51334_1372
1859,102.6687507,2.744131328,Healthy,Palong_Basemap,0.15506147427691352,0.015595135485960377,0.021890978639324505,0.07507682550284597,0.7896423406071134,0.33505837122599286,40.08559205796983,-16.871740341186523,-11.736098289489746,-11.532915115356445,-19.737633599175346,0.5994016103811576,0.8172337361250795,0.3475503592866212,51334_1372
1860,102.668673,2.744107528,Healthy,Palong_Basemap,0.175005575021108,0.016147571615874767,0.019474496651026938,0.0632060236401028,0.7465168436368307,0.278338309791353,39.7885250515408,-17.39655325147841,-12.161636246575249,-10.769407272338867,-18.414823320176865,0.5696414971175291,0.8310509463227359,0.4693287480934491,51334_1372
1861,102.6686831,2.744022347,Healthy,Palong_Basemap,0.1873396403259701,0.020140061879323587,0.022750110261970095,0.07049561457501517,0.7646237214406332,0.21811394062307146,40.121860928005646,-17.202164120144314,-11.076474295722115,-11.190982076856825,-19.705455991956924,0.6435298793637981,0.8058599307281082,0.453173193075655,51334_1372
1862,102.6687457,2.744057421,Healthy,Palong_Basemap,0.17611670080158445,0.01555803438855542,0.020236702635884285,0.06958639580342504,0.7931059863832262,0.28319686154524487,39.58747100830078,-17.215071572197807,-11.250580681694878,-11.749294492933485,-20.25152015686035,0.5471691383318111,0.8376621272164851,0.4335733105123081,51334_1372
1863,102.6687494,2.743978504,Healthy,Palong_Basemap,0.15934628496567407,0.018127012790905103,0.02039328000197808,0.07060858027802573,0.8060214122136434,0.22447789046499464,39.743802812364365,-18.238807042439777,-10.514006720648872,-12.69692431555854,-21.03074624803331,0.6713907665423631,0.7957212378420111,0.3858918340066716,51334_1371
1864,102.668678,2.743933408,Healthy,Palong_Basemap,0.16979506694608265,0.023208615990976494,0.027841815311047766,0.08286618027422163,0.8076247175534567,0.23354647225803798,42.641757541232636,-16.26442591349284,-10.333100318908691,-12.217283036973742,-20.940832138061523,0.760769506003593,0.7595007966915833,0.3440531052079572,51334_1371
1865,102.668678,2.743863259,Unhealthy,Palong_Basemap,0.14988462544149822,0.018612465717726283,0.022740567620429728,0.08054186155398686,0.8236527972751193,0.292872827914026,43.974495781792534,-15.694222980075413,-10.892140282524956,-12.423805660671658,-20.55003335740831,0.7095527157701016,0.7790767117737589,0.3009322617016248,51334_1371
1866,102.6687482,2.743895828,Healthy,Palong_Basemap,0.13309728933705223,0.017241504560742114,0.01992541230801079,0.07006425120764309,0.8155008024639554,0.23057305812835693,40.32137213812934,-18.61392593383789,-10.546423700120714,-13.07955699496799,-21.068697187635635,0.7356151229850716,0.7706313305604474,0.31026068201890766,51334_1371
1867,102.6686104,2.743897081,Healthy,Palong_Basemap,0.18296551704406738,0.023331562678019207,0.024953585531976488,0.08775455173518923,0.8054477108849419,0.2575518985589345,43.17156219482422,-15.662536515129936,-10.546906577216255,-11.889801131354439,-20.875452041625977,0.7331717651318104,0.773806175933752,0.3516952612276136,51334_1371
1868,102.6686079,2.743809395,Healthy,Palong_Basemap,0.1302835370103518,0.015414599743154313,0.017231856369309954,0.06899714552693897,0.8325611684057448,0.40287016828854877,44.99286821153429,-14.799634085761177,-11.850580215454102,-12.198403782314724,-19.934478547837998,0.6914524066222159,0.7884036119249359,0.3075380448475958,51334_1371
1870,102.6684776,2.743818164,Healthy,Palong_Basemap,0.10934031092458302,0.015957927331328392,0.01886403767599,0.07862524564067523,0.8254111939006381,0.455818321969774,43.90130488077799,-16.291944821675617,-11.415498733520508,-12.451705826653374,-20.23524496290419,0.7972973806481791,0.745280898543272,0.16340794475951803,51334_1371
1871,102.6684764,2.743740499,Healthy,Palong_Basemap,0.10286769022544225,0.014535324544542365,0.01645203586667776,0.07417923998501566,0.839562992254893,0.4697834915584988,44.06825976901584,-16.330501238505047,-11.713706440395779,-12.908540831671822,-20.215279897054035,0.7836262710053946,0.752385838250919,0.16203867644767556,51334_1371
1872,102.6684012,2.743699161,Healthy,Palong_Basemap,0.09773646460639106,0.013150700885388587,0.016949329214791458,0.06970416920052634,0.8492788473765055,0.398750987317827,42.74308861626519,-18.12951734330919,-11.275238037109375,-13.874113400777182,-20.826011445787216,0.746206821416543,0.7628093237469673,0.16741632403392534,51334_1371
1873,102.66841,2.743780584,Healthy,Palong_Basemap,0.09950638645225102,0.015982147823605273,0.0204515073241459,0.08256152230832312,0.8243596620029874,0.43458685278892517,42.96231884426541,-17.572401894463432,-11.279030270046658,-12.72064537472195,-20.532737308078342,0.8415964980094884,0.7232253760285803,0.09306892279523575,51334_1371
1874,102.6684187,2.743872028,Healthy,Palong_Basemap,0.11180148935980266,0.01631239139371448,0.01945314359747701,0.08950730578766929,0.8126082089212205,0.4260052475664351,43.127879248725044,-16.737759166293674,-11.069351196289062,-12.46891318427192,-20.776580810546875,0.7963119135902179,0.7453454489432183,0.11074619743166919,51334_1371
1875,102.6684739,2.743903344,Healthy,Palong_Basemap,0.15882760948605007,0.018906471836898062,0.018897880386147235,0.08142485345403354,0.7985570298300849,0.37574052313963574,43.243062337239586,-15.549268298678928,-10.99584600660536,-12.028335889180502,-20.962770250108505,0.7017392314067695,0.7872498994433776,0.3221725808127093,51334_1371
1876,102.6685377,2.743942177,Healthy,Palong_Basemap,0.18079308337635464,0.021726737419764202,0.020581451451612845,0.08166738185617659,0.7799968918164571,0.2757178611225552,42.39129723442925,-15.84955226050483,-11.10159789191352,-11.505151430765787,-20.35398546854655,0.7099428680328388,0.7854359406960272,0.3776786017366692,51334_1371
1877,102.6686066,2.743981009,Healthy,Palong_Basemap,0.19174655775229135,0.023372881528404024,0.024162754002544615,0.08747301912970012,0.7823209431436327,0.22450638314088187,41.82199393378364,-16.332716835869682,-10.69003783331977,-11.477773666381836,-20.40083334181044,0.7118958290119543,0.7826985640483539,0.37344637430870786,51334_1371
1878,102.6686129,2.744061179,Healthy,Palong_Basemap,0.16219962967766655,0.015689953023360834,0.018687853796614542,0.06409225571486685,0.7390334208806356,0.27739836937851375,40.39424175686307,-17.405684153238933,-12.554302003648546,-10.719963073730469,-18.00665855407715,0.5913278741031823,0.8235989675715819,0.43354349093260414,51334_1372
1879,102.6685428,2.744102517,Healthy,Palong_Basemap,0.15351889199680752,0.015737041003174253,0.017523319356971316,0.059648151612944074,0.7467662824524773,0.27746239470111,41.46820492214627,-17.117229461669922,-12.680037498474121,-10.986164304945204,-18.015907499525284,0.6216602424256165,0.814044438806456,0.44036235055037004,51334_1372
1880,102.668539,2.744024852,Healthy,Palong_Basemap,0.16606568296750387,0.018888106983568933,0.019015645194384787,0.0700756228632397,0.7578935093349881,0.2627870870961083,41.74822701348199,-16.52088991800944,-11.893685234917534,-11.11914030710856,-19.231909434000652,0.6780333948988236,0.7957532312415383,0.4064941530096641,51334_1372
1881,102.6684751,2.743977251,Healthy,Palong_Basemap,0.1643363353278902,0.018642686824831698,0.01758571621030569,0.07209711149334908,0.7834994594256083,0.3369719833135605,43.090234968397354,-15.501931402418348,-11.390958574083117,-11.819188859727648,-20.343677520751953,0.6803669833302423,0.7962314301879727,0.3901276451139361,51334_1371
1882,102.6684751,2.744061179,Healthy,Palong_Basemap,0.1510915325747596,0.016051170519656606,0.018158505567246012,0.05605564514795939,0.7639518711302016,0.2843257404035992,42.89516279432509,-16.770525826348198,-12.535268995496962,-11.393949614630806,-17.922629250420464,0.6377345263033598,0.8079345347120591,0.45878436999036704,51334_1372
1883,102.6684776,2.744142602,Healthy,Palong_Basemap,0.1537279354201423,0.016722546372976568,0.02017715387046337,0.06139327006207572,0.7733527157041762,0.27438878681924606,42.703267415364586,-17.203428268432617,-12.519651201036242,-11.459495014614529,-17.336725658840603,0.6451905162071435,0.8037841114081067,0.4292215876676973,51334_1372
1884,102.6684062,2.744106275,Healthy,Palong_Basemap,0.15088960114452574,0.017112200148403645,0.019221149384975433,0.05576257656017939,0.7834572460916307,0.2862176232867771,43.92223909166124,-16.670819388495552,-12.13749090830485,-11.696267445882162,-17.6773738861084,0.6699659879058038,0.7962855157895996,0.4603243268032615,51334_1372
1885,102.6683311,2.744067443,Healthy,Palong_Basemap,0.16122178816133076,0.026917939591738913,0.024165701121091843,0.07709420058462355,0.8185460898611281,0.2796024961604012,43.56696870591905,-17.917593002319336,-11.198726654052734,-11.871293067932129,-17.230517705281574,0.9001775960052455,0.7138516153582589,0.3530085749571235,51334_1372
1886,102.6682634,2.744110033,Healthy,Palong_Basemap,0.1631631495224105,0.022738585248589516,0.022942989650699828,0.0915805275241534,0.8322567939758301,0.2915517720911238,42.46005715264214,-19.171546300252277,-10.910947905646431,-12.122770733303494,-17.51588312784831,0.7854999665032157,0.7553698433573021,0.2809986211558559,51334_1372
1887,102.6682634,2.74402861,Healthy,Palong_Basemap,0.14221989115079245,0.025815795072250895,0.026075053960084915,0.0830684428413709,0.8198875188827515,0.27899760835700566,41.671866522894966,-19.13049252827962,-11.097318755255806,-12.111067454020182,-18.60078303019206,0.93906976863064,0.6927343750305025,0.2625588607330157,51334_1372
1888,102.6682622,2.743950945,Healthy,Palong_Basemap,0.13058597594499588,0.021661544425619975,0.02484181419842773,0.08472037977642483,0.8096889124976264,0.24437602857748666,40.78136232164171,-19.182333840264214,-11.098845375908745,-12.17836168077257,-19.93702570597331,0.871907366053021,0.7154430578194073,0.21302481301534523,51334_1371
1889,102.6683348,2.743988525,Healthy,Palong_Basemap,0.13493122822708553,0.02198481663233704,0.024191163066360686,0.0848776317305035,0.8093064758512709,0.2909789913230472,42.44673495822482,-17.4027837117513,-11.184537145826551,-12.160070949130589,-19.887039184570312,0.8660041350287682,0.7197887997746474,0.22771418998415083,51334_1371
1890,102.6684037,2.744026105,Healthy,Palong_Basemap,0.14727629803948933,0.01704333329366313,0.01863492052588198,0.0593855045735836,0.7820536692937216,0.32786765363481307,43.730075412326386,-15.908732732137045,-11.943295902676052,-11.780918651156956,-18.990760167439777,0.6817405406322418,0.7925587690845245,0.42528804236969314,51334_1372
1891,102.6684075,2.743947187,Healthy,Palong_Basemap,0.1364290995730294,0.016221299974454775,0.01721300608995888,0.06906534772780207,0.7911132574081421,0.37052902910444474,43.51069598727756,-15.463682916429308,-11.45839680565728,-12.099970711602104,-20.265418370564777,0.69737273339535,0.7874712411819283,0.327813002881829,51334_1371
1892,102.6683373,2.743902092,Healthy,Palong_Basemap,0.10971683843268289,0.016584653200374708,0.02108047664579418,0.08716018829080793,0.8053083221117655,0.36312606268458897,42.688415951199005,-16.74701182047526,-11.112750477261013,-12.326970736185709,-20.896620644463432,0.8091721620293739,0.7373799313699647,0.11457228157734849,51334_1371
1893,102.6683298,2.743829437,Healthy,Palong_Basemap,0.09910915378067228,0.01396686914894316,0.017858297978010442,0.08031989385684331,0.8108953369988335,0.2855791962809033,40.942601945665146,-18.91602855258518,-11.07702382405599,-12.610578113132053,-21.05735863579644,0.7711113562830246,0.7529649737038084,0.10471693502931158,51334_1371
1894,102.6683336,2.743740499,Healthy,Palong_Basemap,0.09457914531230927,0.011446022325091891,0.018505971257885296,0.06320075276825163,0.8156694769859314,0.3045249515109592,39.73623614841037,-19.70836024814182,-11.549928135342068,-13.408415370517307,-21.042828665839302,0.6734085178637498,0.7840885785866142,0.1988744632604347,51334_1371
1895,102.6683373,2.743661581,Healthy,Palong_Basemap,0.09002633972300424,0.010680195047623582,0.016782284817761846,0.058805566281080246,0.8376634584532844,0.3479100267092387,41.362854427761505,-19.227134280734592,-11.400831010606554,-13.935953034294975,-20.993539386325413,0.6666319517524094,0.7878946967652275,0.20977204606294017,51334_1371
1896,102.6682647,2.743701666,Healthy,Palong_Basemap,0.0920444627602895,0.01032672543078661,0.016537536246081192,0.05704290750953886,0.794498986668057,0.2974417242738936,38.28863652547201,-18.985513899061417,-12.528453614976671,-13.156470192803276,-20.966544681125217,0.6392503259029142,0.7982493783014075,0.23477210167033244,51334_1371
1897,102.6681945,2.743743004,Healthy,Palong_Basemap,0.09655518498685625,0.01262788919525014,0.017387936719589762,0.06327270923389329,0.7770901322364807,0.2365498940149943,37.167600843641495,-19.11119164360894,-12.086259418063694,-12.775875833299425,-21.032074610392254,0.7257464929079374,0.7686841245340265,0.20823946855605938,51334_1371
1898,102.668197,2.74382568,Healthy,Palong_Basemap,0.09596679194105996,0.015221859328448772,0.017989020691149764,0.06897291085786289,0.7903459138340421,0.16656719479295942,38.463700188530815,-20.282691955566406,-11.220919926961264,-12.827143669128418,-21.073457929823135,0.8433190436316619,0.7261976082153797,0.16365908647298325,51334_1371
1899,102.668197,2.743900839,Healthy,Palong_Basemap,0.09868563794427448,0.01712642961906062,0.021674637475775346,0.07448141856325997,0.8004544840918647,0.17556539012326133,38.9010132683648,-20.571567959255642,-11.109397040473091,-12.707218170166016,-20.935263103908962,0.8861565173967846,0.70423756384982,0.13977381073034173,51334_1371
1900,102.668202,2.743991031,Healthy,Palong_Basemap,0.10638052142328686,0.01861366019066837,0.02342870251999961,0.07962351499332322,0.8108858399920993,0.22655670841534933,39.59740702311198,-20.510135438707138,-11.105036841498482,-12.55944856007894,-20.159209569295246,0.8914772640168653,0.7021675737170439,0.14385175152884072,51334_1371
1901,102.6681933,2.744142602,Healthy,Palong_Basemap,0.14450562331411573,0.01949607611944278,0.022492497952447996,0.09332185321384007,0.8603725632031759,0.3062824474440681,42.65787929958768,-19.239820268419052,-10.422388076782227,-12.860603968302408,-18.44415537516276,0.7571649199806332,0.7622454378609513,0.21521386362714567,51334_1372
1902,102.6681281,2.744111286,Healthy,Palong_Basemap,0.11081108119752672,0.01807872982074817,0.0226148735317919,0.08441726366678874,0.8549905882941352,0.33561396929952836,42.22340647379557,-20.60321299235026,-10.759013917711046,-13.513701015048557,-18.83714845445421,0.8528536773633679,0.7194699925786245,0.13519459763428204,51334_1372
1903,102.6681269,2.744029863,Healthy,Palong_Basemap,0.10150460816091961,0.016256887258754835,0.0212407944103082,0.07160769816901949,0.8354627158906724,0.29817092253102195,40.7338752746582,-21.06144226921929,-10.998742527431911,-13.351788626776802,-19.545223871866863,0.837664481473494,0.7239014806865506,0.17270239548954333,51334_1372
1904,102.6681294,2.743944682,Healthy,Palong_Basemap,0.10265917993254131,0.015919600509934954,0.020321611521972552,0.07164459220237201,0.8166700601577759,0.2234010398387909,39.41905297173394,-21.050916459825302,-11.116380797492134,-13.205936749776205,-20.45766279432509,0.8226121319606178,0.7314932663241934,0.1779341166877537,51334_1371
1905,102.6678488,2.7437881,Healthy,Palong_Basemap,0.07357004491819276,0.011046151630580425,0.011812013470464282,0.04634596159060796,0.8258710106213888,0.23846559557649824,40.06338119506836,-20.515214920043945,-13.543762101067436,-15.48927116394043,-21.07671356201172,0.8222352911718191,0.7389116485704159,0.22702626713629595,51333_1371
1906,102.6678488,2.743705424,Unhealthy,Palong_Basemap,0.07871365629964405,0.010844217923780283,0.011945456887284914,0.04825322785311275,0.8757107125388252,0.24882760809527504,44.086752573649086,-19.18132252163357,-12.29278172387017,-17.249755753411186,-21.07671356201172,0.7721907966466608,0.7578277059876011,0.23990845053646945,51333_1371
1909,102.6681256,2.743786847,Healthy,Palong_Basemap,0.10220692803462346,0.016079798547757998,0.017914764376150236,0.06350148676170243,0.7736311621136136,0.1877739512258106,37.6627082824707,-19.518770217895508,-11.674416224161783,-12.888071060180664,-21.07518980238173,0.8447419167457918,0.7281216749783141,0.23357559313143106,51334_1371
1910,102.6681306,2.743709182,Healthy,Palong_Basemap,0.10682542208168241,0.013188159817622768,0.016164327040314674,0.067038018670347,0.7735377020306058,0.22898638910717434,37.32519827948676,-18.81685341729058,-12.02570374806722,-12.620460934109158,-21.001412921481663,0.7063537215567661,0.7802222113712428,0.22884283918021445,51334_1371
1911,102.6680567,2.743748015,Healthy,Palong_Basemap,0.12253964775138432,0.013381944969296455,0.015124854942162832,0.06529298755857679,0.7814332975281609,0.22601738406552208,38.4626842074924,-18.499515533447266,-11.804116143120659,-12.788288646274143,-21.002092573377823,0.6510770922262605,0.8030931700926079,0.30477483371480774,51334_1371
1912,102.6679966,2.743711688,Healthy,Palong_Basemap,0.1306537613272667,0.012485155111385716,0.014190826565027237,0.06027905974123213,0.7904896405008104,0.2200093319018682,39.63274595472548,-18.530919604831272,-11.756757524278429,-13.29537476433648,-21.046051873101128,0.5881771387537913,0.8255519124774611,0.3685835740141661,51333_1371
1913,102.6679302,2.743674108,Healthy,Palong_Basemap,0.11027450569801861,0.013624165517588457,0.015518794250157144,0.05784942789210214,0.8563337723414103,0.21835225489404467,43.39573754204644,-18.560302734375,-11.73182201385498,-16.029849264356827,-21.07671356201172,0.7121808846415364,0.7800756798451884,0.3118240020110799,51333_1371
1916,102.6677811,2.743511262,Healthy,Palong_Basemap,0.09660629431406657,0.014734340831637383,0.016506055783894327,0.07352372341685826,0.9203503065639072,0.27125026451216805,49.53551355997721,-16.021165741814507,-10.795289569430881,-20.45081244574653,-21.07671356201172,0.8267209543727425,0.7353286010564688,0.13567606237316318,51333_1371
1917,102.6677811,2.743428586,Healthy,Palong_Basemap,0.10433029466205174,0.01817257950703303,0.018612374862035114,0.07153974059555265,0.9252239068349203,0.2542916321092182,50.421966552734375,-16.03652678595649,-10.224554591708714,-20.532871034410263,-21.07671356201172,0.9126914302899322,0.7033117854532898,0.18644764594758484,51333_1371
1918,102.6677749,2.743345911,Healthy,Palong_Basemap,0.10281622327036327,0.02055218919283814,0.02210441997481717,0.06010075327422884,0.9314031468497382,0.2184281349182129,50.80470275878906,-17.0120390786065,-9.525148709615072,-20.106952243381077,-21.07671356201172,0.9903176757794631,0.6668160223109221,0.26219164449349297,51333_1371
1919,102.6678488,2.743308331,Healthy,Palong_Basemap,0.09681246760818693,0.022469538160496287,0.0246743421173758,0.061358878595961466,0.9437388645278083,0.22031043138768938,51.67226367526584,-18.086557812160915,-9.30888917711046,-21.051428900824654,-21.07671356201172,1.0800982320363672,0.6232535156380555,0.22414672355678295,51333_1371
1920,102.6678525,2.743373469,Healthy,Palong_Basemap,0.10374300926923752,0.021619413668910663,0.022473069425258372,0.06588979520731503,0.9407617780897353,0.2360734442869822,51.88449054294162,-17.369614707099068,-9.402846336364746,-21.051428900824654,-21.07671356201172,1.0206568425838347,0.6550894093746523,0.2231479587850282,51333_1371
1921,102.6678488,2.743466166,Healthy,Palong_Basemap,0.10849317080444759,0.02069587643361754,0.02100100451045566,0.07146747286121051,0.9349808560477363,0.24573221802711487,51.34805213080512,-16.362024625142414,-9.761919445461697,-21.053844875759548,-21.07671356201172,0.9688744604674011,0.6796032345454196,0.20574330692007128,51333_1371
1922,102.6678463,2.743556358,Healthy,Palong_Basemap,0.09500240700112449,0.014729074719879363,0.017222509822911687,0.06968220530284776,0.9172049694591098,0.259518841902415,48.79512617323134,-16.34636773003472,-10.867062250773111,-20.281963348388672,-21.07671356201172,0.8316632387080498,0.7315433184921616,0.15374965119109674,51333_1371
1923,102.6679114,2.743516273,Healthy,Palong_Basemap,0.1050369499458207,0.022269102641277842,0.0233618240389559,0.07870621648099688,0.9345062573750814,0.2435482293367386,50.52201716105143,-16.04668066236708,-9.830506960550943,-20.532007853190105,-21.056977801852756,1.030160361797621,0.6501485642084133,0.14330183797780038,51333_1371
1924,102.6679265,2.743588927,Healthy,Palong_Basemap,0.10865762622820006,0.017773757585220866,0.019906702037486766,0.06692189309332106,0.918684548801846,0.2397573557164934,48.81342781914605,-16.328505833943684,-10.329911231994629,-19.351620144314236,-21.073353237575954,0.8664216896515853,0.7188394677155445,0.23770274173294983,51333_1371
1925,102.6679878,2.743626507,Healthy,Palong_Basemap,0.13657158199283811,0.021798702474269602,0.0220878046626846,0.07148527022865084,0.8836930063035753,0.20786395834551918,45.263279385036896,-17.56190628475613,-10.540278010898167,-15.781895319620768,-20.931216345893013,0.8622188575775597,0.7247122141932248,0.3128294553591487,51333_1371
1926,102.6680592,2.743665339,Healthy,Palong_Basemap,0.13025737388266456,0.015597436680561967,0.016160754072997306,0.06807447514600223,0.8081051641040378,0.23532367083761427,39.36555057101779,-18.34467675950792,-11.576220936245388,-12.813690185546875,-20.690433926052517,0.702535808298979,0.7861237950214794,0.31352956694148726,51334_1371
1927,102.6680555,2.743587674,Healthy,Palong_Basemap,0.13206871102253595,0.01849959883838892,0.01834409176889393,0.07875100937154558,0.8652563691139221,0.2635009785493215,42.48815451727973,-18.450785319010418,-10.961517545912,-13.385584619310167,-19.858141793145073,0.7896868414902668,0.7542696885489861,0.252906614008047,51334_1371
1928,102.6681219,2.743626507,Healthy,Palong_Basemap,0.11673947092559603,0.013657672537697686,0.015309834852814674,0.07292325753304693,0.8101229071617126,0.29003582729233635,38.90097215440538,-18.326697243584526,-12.284534560309517,-12.54033989376492,-20.209384282430012,0.6856061222875136,0.7905219060026071,0.23102173921379324,51334_1371
1929,102.6681945,2.743588927,Healthy,Palong_Basemap,0.10680254466003841,0.010846138724850284,0.014171370201640658,0.06232062685820791,0.8230258292622037,0.33368592460950214,40.72272957695855,-17.39198366800944,-12.785739262898764,-12.949265586005318,-20.31167432996962,0.6081967170569899,0.8156181877638691,0.2630149222162112,51334_1371
1930,102.6682622,2.743630265,Healthy,Palong_Basemap,0.09286436686913173,0.010006713370482126,0.014675768402715525,0.05557961803343561,0.8059184087647332,0.32450004418691,39.55568059285482,-18.11245346069336,-13.006919436984592,-13.140088187323677,-20.717289606730144,0.6276085567552899,0.805451379587463,0.2511704927631007,51334_1371
1931,102.6682559,2.743545084,Healthy,Palong_Basemap,0.10713749792840746,0.010433447392036518,0.013234145214988126,0.05352168737186326,0.8276886807547675,0.3285786939991845,41.64441596137153,-17.30760743882921,-12.968716303507486,-13.428246074252659,-20.586974249945747,0.5909688698360495,0.8225165688070336,0.33372390415360736,51334_1371
1932,102.6683311,2.743506251,Healthy,Palong_Basemap,0.10387059466706382,0.013110746681276295,0.016936204499668546,0.052526700827810496,0.8635411394966973,0.3008473846647475,44.44214121500651,-17.44164064195421,-12.314551565382216,-14.477510134379068,-20.699833340115017,0.7133727233438372,0.7758489254754587,0.32829144312751907,51334_1371
1933,102.6682559,2.743462408,Healthy,Palong_Basemap,0.10001222044229507,0.01603188391567932,0.019552361220121384,0.054855894297361374,0.8761859668625726,0.32492008805274963,44.66271421644423,-17.72671169704861,-12.146916919284397,-14.758557531568739,-20.82898161146376,0.8458515294377712,0.723693262930033,0.29157923321301144,51334_1371
1934,102.6682584,2.743389754,Healthy,Palong_Basemap,0.07343981290856998,0.017512243034111127,0.02240596277018388,0.05598525330424309,0.8915913369920518,0.32674679160118103,45.12691158718533,-18.406238555908203,-12.004538536071777,-16.006166881985134,-20.959976620144314,1.0705101556513554,0.6149126514490774,0.13486228066228245,51334_1371
1937,102.6681319,2.743545084,Healthy,Palong_Basemap,0.11600511272748311,0.01711730917708741,0.016682831363545522,0.0784635879099369,0.8357280161645677,0.3043895678387748,40.690064324273,-18.012530432807075,-11.997200118170845,-12.851361168755425,-19.9366643693712,0.8203712632416172,0.7428335672955524,0.19304661724223193,51334_1371
1938,102.6680555,2.743507504,Healthy,Palong_Basemap,0.11833279000388251,0.024307289057307772,0.0218967552193337,0.10318127771218617,0.8852923446231418,0.2769709610276752,44.04635704888238,-18.169983757866753,-10.845311694675022,-14.02835210164388,-19.740633010864258,1.0297292233478028,0.6591800955623373,0.06839977455119094,51334_1371
1939,102.6679878,2.743546336,Healthy,Palong_Basemap,0.12220967478222317,0.027348312963214185,0.026142226946022775,0.08374470223983128,0.9144094321462843,0.2241048365831375,47.62460623847114,-17.133174896240234,-10.057428465949165,-17.222994168599445,-20.739977730645073,1.077508447033927,0.6342781368553346,0.18676453056529552,51333_1371
1940,102.6679878,2.743466166,Healthy,Palong_Basemap,0.11114004833830728,0.02243274636566639,0.021506853608621493,0.08090751949283811,0.938759426275889,0.2479076302713818,50.00297758314345,-16.91881169213189,-9.814510133531359,-19.250049273173016,-20.637505849202473,1.010982761235367,0.664112045938962,0.15742208655332,51333_1371
1941,102.6679114,2.743426081,Healthy,Palong_Basemap,0.10813689314656788,0.021979165056513414,0.022964807227253914,0.07134181095494165,0.9417602353625827,0.24556391768985325,51.41613430447049,-16.455648104349773,-9.610331959194607,-20.877750184800888,-21.002995173136394,1.004417284534386,0.6621606070757386,0.20501085282416395,51333_1371
1942,102.6679127,2.743352174,Healthy,Palong_Basemap,0.09490087380011876,0.021517369896173477,0.023619333282113075,0.0624365508556366,0.9415364397896661,0.25309790174166363,51.233614179823135,-18.425030178493923,-9.815139452616373,-20.422822528415256,-20.77442847357856,1.0655133903329237,0.63034367788081,0.2063356700766656,51333_1371
1943,102.6679816,2.743394765,Healthy,Palong_Basemap,0.1018697139289644,0.019138183237777814,0.019019061492549047,0.07186997764640385,0.9353681537840102,0.26840952866607243,50.059544033474396,-17.394927766587998,-10.146990034315321,-19.256572829352486,-20.647661421034073,0.9619283724902195,0.6836870371954906,0.1726705970900534,51333_1371
1944,102.6680617,2.743427334,Healthy,Palong_Basemap,0.11273079613844554,0.022249986934993003,0.02135742103887929,0.0974357020523813,0.8954512741830614,0.29071486824088627,45.0032713148329,-17.928544998168945,-11.068219502766928,-14.58649688296848,-19.918883429633247,0.9967058540437819,0.6703236352853646,0.07277608095357142,51334_1371
1945,102.6680517,2.743353427,Healthy,Palong_Basemap,0.0994797945022583,0.0136170687360896,0.014453699708812766,0.07056534041961034,0.8836174408594767,0.33206285701857674,44.322935316297745,-18.56134499443902,-12.618742201063368,-14.920713742574057,-20.38785383436415,0.7716822092273031,0.759196349992624,0.17003987850598262,51334_1371
1946,102.6679816,2.743302068,Healthy,Palong_Basemap,0.09209478149811427,0.017260966098142996,0.017814927423993748,0.06542379160722096,0.9166368113623725,0.2926552957958645,48.43813917371962,-18.486120223999023,-11.442679193284777,-18.01999897427029,-20.53448232014974,0.9560767136333389,0.6843153381956532,0.16931965142331493,51333_1371
1947,102.6681194,2.743308331,Healthy,Palong_Basemap,0.08482896371020211,0.01457771317412456,0.01802265043887827,0.06180936594804128,0.8772512210739983,0.3311128318309784,43.17635599772135,-18.851863861083984,-12.764245669047037,-14.93600336710612,-20.640727361043293,0.8834506474323672,0.7067055527650778,0.15698213295125846,51334_1371
1948,102.668192,2.743342153,Healthy,Palong_Basemap,0.06466061539120144,0.015458126241962114,0.01923466432425711,0.05555927256743113,0.8851395381821526,0.32331451442506576,43.38350084092882,-19.067064497205948,-12.537063598632812,-15.711439980400932,-20.971223831176758,1.0771131398276186,0.6141195948199083,0.07570580024914066,51334_1371
1949,102.6683235,2.743347164,Healthy,Palong_Basemap,0.06084271603160434,0.014688250815702809,0.01658267207029793,0.05722744555936919,0.8904457887013754,0.3295910159746806,45.21738137139214,-18.878143946329754,-12.251347435845268,-17.17417886522081,-21.031561109754776,1.1002240392847311,0.6110667868082116,0.03061967921039534,51334_1371
1950,102.6683924,2.743385996,Healthy,Palong_Basemap,0.08101282641291618,0.01621750183403492,0.01841650986009174,0.05595651103390588,0.8816904558075799,0.32504578762584263,46.31919860839844,-17.821006774902344,-12.353865729437935,-16.300119082132976,-20.66251606411404,0.9838900701300469,0.6664106328460645,0.18293375616815222,51334_1371
1951,102.6683962,2.743467419,Healthy,Palong_Basemap,0.09087218509780036,0.01678719951046838,0.019024167106383376,0.0535778800646464,0.8740577499071757,0.3195362256632911,46.07835981580946,-17.08392439948188,-12.304631657070583,-15.028951644897461,-20.274628321329754,0.936062541925498,0.6881423840280981,0.25818129601543094,51334_1371
1953,102.6684676,2.743583916,Healthy,Palong_Basemap,0.10476819922526677,0.015378783456981182,0.016010615560743544,0.08196977484557363,0.8683605326546563,0.3728683888912201,44.308656480577255,-16.95401520199246,-11.411332342359755,-14.115902370876736,-20.82258563571506,0.8118860056949059,0.7440005048207766,0.12208777830611135,51334_1371
1954,102.6685403,2.743538821,Healthy,Palong_Basemap,0.10474701391326056,0.015696846776538424,0.01579287089407444,0.08195717549986309,0.8641656902101305,0.40346164835823906,44.29636764526367,-16.355553309122723,-11.578091833326551,-13.815313021341959,-20.96117952134874,0.8265110028174485,0.7393499895031534,0.12206388343525595,51334_1371
1955,102.6685428,2.743626507,Healthy,Palong_Basemap,0.1111530280775494,0.01442565137727393,0.0146757448092103,0.06957915011379454,0.8549459973971049,0.44611793756484985,44.010002560085724,-15.852524015638563,-11.839659478929308,-13.3567779329088,-20.883113861083984,0.7460896986229059,0.770253176098041,0.23003030439737168,51334_1371
1956,102.6686054,2.743664086,Healthy,Palong_Basemap,0.11968208104372025,0.014069981045193143,0.014572563788129224,0.06630338604251544,0.8370470205942789,0.48027388254801434,43.9081302218967,-14.90276707543267,-12.610725084940592,-12.441848331027561,-20.347336875067818,0.6931255322748836,0.7896110037415358,0.28700465599527064,51334_1371
1957,102.6686793,2.743701666,Healthy,Palong_Basemap,0.12678280058834288,0.015157222437361876,0.01650924825419982,0.07962310852275954,0.8310034937328763,0.441962911023034,42.637276119656036,-15.307961993747288,-12.304117732577854,-12.253554556104872,-20.552765528361004,0.6984633863775512,0.7864277866910454,0.22848033890443814,51334_1371
1958,102.6686806,2.743622749,Healthy,Palong_Basemap,0.11914040976100498,0.016667605170773134,0.016692042350769043,0.07781698140833113,0.8264964752727084,0.42221524980333114,41.190252516004776,-15.915254592895508,-12.03554270002577,-12.282395998636881,-20.88262367248535,0.7882170825820733,0.7545416567770915,0.20980897496324788,51334_1371
1959,102.6687469,2.743655318,Healthy,Palong_Basemap,0.132288026312987,0.01569321296281285,0.01726281994746791,0.09222081220812267,0.8335677054193285,0.31343532270855373,39.54741965399848,-17.476769129435223,-10.760023223029243,-12.366246223449707,-20.92857509189182,0.6938631393391868,0.787902668748913,0.17846608787785861,51334_1371
1960,102.6687444,2.743741751,Healthy,Palong_Basemap,0.13222026328245798,0.014956808338562647,0.01708602708660894,0.08744801994827059,0.8407029641999139,0.29888571633232963,40.860839419894745,-17.963040351867676,-10.890815416971842,-12.783033900790745,-20.805862214830185,0.6676404908393428,0.7967508366102531,0.2038175137334727,51334_1371
1961,102.6687394,2.743582664,Healthy,Palong_Basemap,0.1263717214266459,0.018102463748719957,0.016362206492986944,0.1025887636674775,0.8158421516418457,0.35051002436214024,37.92033216688368,-17.133148193359375,-11.328072971767849,-12.035198635525173,-21.015826331244575,0.8093251164047751,0.749402099388942,0.10387363456795377,51334_1371
1962,102.6687382,2.743511262,Healthy,Palong_Basemap,0.12287618633773592,0.018083395436406136,0.01618704737888442,0.10830408417516285,0.8218257758352492,0.32006943556997514,37.65842734442817,-17.955699920654297,-11.312991989983452,-12.542204962836372,-21.03664673699273,0.8255843359618713,0.7434243886253727,0.06303350251404786,51334_1371
1963,102.6687419,2.743418565,Healthy,Palong_Basemap,0.1112387561135822,0.018265149659580655,0.016614866856899526,0.10388875752687454,0.8552682134840224,0.2615029381381141,39.899625566270615,-19.927249908447266,-11.927405993143717,-14.901092211405436,-21.00868034362793,0.8889019999120167,0.717921254180957,0.034165776670443584,51334_1371
1964,102.668668,2.743380985,Healthy,Palong_Basemap,0.08903212141659525,0.016394345814155206,0.016755269840359688,0.08606176823377609,0.8714997834629483,0.2663995193110572,41.65694936116537,-19.367107179429794,-11.375810199313694,-14.971960491604275,-21.02530352274577,0.9464459074213535,0.6889899425677928,0.016964345179322812,51334_1371
1965,102.6686705,2.743454892,Healthy,Palong_Basemap,0.10786989745166567,0.017661389377382066,0.017259516132374603,0.0971040204167366,0.8540160258611044,0.30353422628508675,40.91432147555881,-18.51494640774197,-11.220233175489637,-14.007630983988443,-21.03761249118381,0.8805807696333116,0.7186137444534624,0.0525231558575223,51334_1371
1966,102.6686054,2.743423576,Healthy,Palong_Basemap,0.09934006134668986,0.018880043799678486,0.019122297772102885,0.08801557703150643,0.8682851394017538,0.3353561262289683,43.7092399597168,-17.784511778089737,-11.571229828728569,-14.285048696729872,-20.813103357950848,0.9668287340930515,0.6805950430123014,0.06044378708434605,51334_1371
1967,102.6685377,2.743461156,Healthy,Palong_Basemap,0.09725457595454322,0.01912218001153734,0.02046837264464961,0.08711341602934732,0.8751978741751777,0.35047701332304215,45.572660234239365,-17.10262574089898,-12.019547356499565,-14.471090740627712,-20.5676326751709,0.9808301588558545,0.6713745824447841,0.055004992005781586,51334_1371
1968,102.6685352,2.743387249,Healthy,Palong_Basemap,0.09261216885513729,0.01762203396194511,0.018646240544815857,0.07287690333194202,0.8716072969966464,0.3277316325240665,45.379913330078125,-17.612576802571613,-12.440789328681099,-14.649932119581434,-20.39758809407552,0.9622790977379391,0.6802801034233211,0.11925419160538452,51334_1371
1969,102.6684663,2.743364701,Healthy,Palong_Basemap,0.0962298388282458,0.01692832861509588,0.018438141482571762,0.06468595564365387,0.8658407595422533,0.33618104126718307,46.10098436143663,-17.186543146769207,-12.862287521362305,-14.668700642055935,-20.114817937215168,0.9118125528727462,0.7008023548353786,0.19602726561500064,51334_1371
1970,102.6679152,2.743265741,Healthy,Palong_Basemap,0.09629991485012902,0.020829796998037234,0.023778042445580166,0.06245478242635727,0.937900529967414,0.246996960706181,50.380553775363495,-18.79532856411404,-10.206081284417046,-19.93550893995497,-20.75648922390408,1.030301093675351,0.6443294076393079,0.21319137640902217,51333_1371
1971,102.66784,2.74322315,Healthy,Palong_Basemap,0.09765404711167018,0.02006265003648069,0.022248013358977105,0.06206264305445883,0.9352125194337633,0.22843912740548453,49.48633278740777,-17.6554692586263,-10.107124964396158,-20.066311518351238,-21.056214650472004,1.0029609920867735,0.6591367151385313,0.22284085664554548,51333_1371
1972,102.6677724,2.743264488,Healthy,Palong_Basemap,0.09933015455802281,0.019799898378551006,0.02245222156246503,0.059954692920049034,0.9295477999581231,0.21272452506754133,49.98330773247613,-17.07265059153239,-9.544760915968153,-19.818018383449978,-21.07671356201172,0.9815160138446988,0.6675918814693603,0.2472015528243793,51333_1371
1973,102.6677661,2.743183065,Healthy,Palong_Basemap,0.09849943468968074,0.020163082517683506,0.02098491984523005,0.060709505445427366,0.9057353205151029,0.2702772782908546,46.481471591525604,-17.362913873460556,-10.839434729682075,-17.27148151397705,-20.924936082628037,1.0093494506820195,0.6601608832813101,0.2373605980429493,51333_1371
1974,102.6677724,2.743106653,Healthy,Palong_Basemap,0.09294669578472774,0.01718308228171534,0.013347745562593142,0.06563233915302488,0.8821071320109897,0.32672670152452254,44.26403045654297,-17.929590861002605,-12.137579600016275,-15.4510465198093,-20.517698499891495,0.9772790140044139,0.6879484807215626,0.17224443724496508,51333_1371
1975,102.6678312,2.743080347,Healthy,Palong_Basemap,0.08842287874884075,0.013164061535563733,0.011731328132251898,0.054926879703998566,0.8955753379397922,0.3471321761608124,45.77229097154405,-17.553511513604057,-12.398497157626682,-16.155771891276043,-20.576494428846573,0.8326261251219254,0.7408316167666944,0.2336662398762398,51333_1371
1976,102.6678826,2.743125443,Healthy,Palong_Basemap,0.09204871455828349,0.014560799424846968,0.01597368282576402,0.06306122408972846,0.8982098566161262,0.3588339752621121,46.26903194851346,-17.458620495266384,-12.616239441765678,-16.16800922817654,-20.66691525777181,0.8493729116675447,0.7268386491818917,0.1868835145008715,51333_1371
1977,102.6679315,2.743166781,Healthy,Palong_Basemap,0.09204871455828349,0.014560799424846968,0.01597368282576402,0.06306122408972846,0.9146987199783325,0.30195962058173287,47.69759326510959,-17.696483188205296,-11.693388726976183,-17.67228603363037,-20.903475867377388,0.8493729116675447,0.7268386491818917,0.1868835145008715,51333_1371
1978,102.6679741,2.743225656,Healthy,Palong_Basemap,0.09210360878043705,0.01479799517740806,0.015137190723584758,0.0666707091861301,0.9057352741559347,0.29973266853226554,47.130975087483726,-18.471865759955513,-12.056793212890625,-17.09077591366238,-20.66224543253581,0.8651471694227147,0.7231473686167814,0.16018270410496935,51333_1371
1979,102.6680505,2.743270751,Healthy,Palong_Basemap,0.09202010846800274,0.01252920449607902,0.013172195189528994,0.06194447063737445,0.8661298354466757,0.33668066064516705,42.9540892706977,-19.158124287923176,-13.506291071573893,-14.974546962314182,-20.57004229227702,0.7695438583757406,0.7603197162972564,0.19534127917852953,51334_1371
1980,102.6688108,2.743618991,Healthy,Palong_Basemap,0.12515173272954094,0.016683306441538863,0.017712561620606318,0.09878310312827428,0.8406757314999899,0.3039015399085151,38.99059507581923,-17.34912660386827,-10.478189468383789,-12.390324380662706,-20.920163048638237,0.7573385033743295,0.7647505646130833,0.11775135163878263,51334_1371
1981,102.6688735,2.743581411,Healthy,Palong_Basemap,0.11047814869218403,0.01492806492994229,0.015437978837225173,0.09427839103672239,0.8636258509423997,0.3142816921075185,41.23058827718099,-17.386066012912327,-10.806224611070421,-13.217962159050835,-20.533090379503037,0.7666610309246654,0.7619246367660298,0.07911716850123467,51334_1371
1982,102.6679753,2.742904975,Healthy,Palong_Basemap,0.10311351633734173,0.020315325922436185,0.02416606495777766,0.06477812884582414,0.8836929069625007,0.3266228636105855,45.478563944498696,-19.062837812635635,-11.39966615041097,-14.109604835510254,-17.758075926038956,0.9679136544583887,0.6708172004128667,0.2283340987557456,51333_1371
1983,102.6680467,2.742981387,Healthy,Palong_Basemap,0.09476516726944181,0.02142533991071913,0.025008515765269596,0.05912139887611071,0.8945674763785468,0.28058275911543107,45.74198871188693,-19.59865273369683,-11.319137255350748,-15.186637772454155,-19.26735962761773,1.0539793440258907,0.6312032638346652,0.23162365166831844,51334_1371
1984,102.6681194,2.742983892,Healthy,Palong_Basemap,0.09953055448002285,0.02199872976375951,0.025588362374239497,0.0685469802055094,0.8914896382225884,0.23833997382058036,45.58299891153971,-19.178425047132706,-10.39844799041748,-15.650710847642687,-20.79075156317817,1.040643383422418,0.6379682493705627,0.1843409610480231,51334_1371
1985,102.6681795,2.742947565,Healthy,Palong_Basemap,0.10855666051308314,0.02170743068887128,0.023702348685926862,0.06927198337184058,0.8818863034248352,0.25858211020628613,45.50082524617513,-17.439363479614258,-9.880834579467773,-14.561097145080566,-20.968791325887043,0.9885331548785895,0.6667165833872475,0.22091310085378832,51334_1371
1986,102.6681832,2.743028988,Healthy,Palong_Basemap,0.08650665564669503,0.02032547692457835,0.02167155583285623,0.06618504929873678,0.8828976684146457,0.2750873863697052,44.149495442708336,-19.64688491821289,-11.169469515482584,-15.558207194010416,-21.07671356201172,1.092553432235515,0.6194875748451778,0.13308913116937612,51334_1371
1987,102.6682597,2.743067821,Healthy,Palong_Basemap,0.08532977062794897,0.018339494450224772,0.017479137000110414,0.06774283117718166,0.8754519621531168,0.2933773530854119,43.62985865275065,-18.797773361206055,-11.213654306199816,-14.707930035061306,-21.07671356201172,1.0518185394803194,0.6461922550257199,0.11489279755730811,51334_1371
1988,102.6683198,2.743018967,Healthy,Palong_Basemap,0.1232429767648379,0.019854250881406996,0.01883899834420946,0.073937536113792,0.8618045449256897,0.27907634278138477,42.71198611789279,-18.12487941318088,-11.025210910373264,-13.76302719116211,-21.07671356201172,0.8737201738197392,0.7225068408664169,0.2500522994450003,51334_1371
1989,102.6683198,2.742942555,Healthy,Palong_Basemap,0.15086422032780117,0.02062449438704385,0.021196108725335863,0.07402617235978444,0.8698444498909844,0.2695471511946784,44.986838022867836,-15.890869034661186,-9.764579878913032,-13.968066427442762,-21.07671356201172,0.7735056151180111,0.7594652870150823,0.34166887722393285,51334_1371
1990,102.6682534,2.742985145,Healthy,Palong_Basemap,0.12384850614600712,0.02113982103765011,0.021310128478540316,0.06968827462858623,0.8789756562974718,0.28621361984146965,44.91427230834961,-17.510479503207737,-10.416915787590874,-14.598182996114096,-21.07671356201172,0.9022627143121741,0.7083927865327776,0.2798446440033522,51334_1371
1991,102.6684,2.742911238,Healthy,Palong_Basemap,0.14877428776688045,0.02130466823776563,0.021460145091017086,0.07704750531249577,0.8438739511701796,0.2527836163838704,43.21396170722114,-16.083630561828613,-9.605182329813639,-13.079483456081814,-21.07671356201172,0.8007626741242667,0.7494732007035173,0.3176255997098241,51334_1371
1992,102.6684551,2.742938797,Healthy,Palong_Basemap,0.14777150750160217,0.022874330687854025,0.02358564196361436,0.07680763221449322,0.8317979507976108,0.2551644990841548,41.959002600775825,-16.608161820305718,-9.718621359931099,-12.826041751437717,-21.07666693793403,0.8428823014641191,0.7319087188934752,0.3159860500704511,51334_1371
1993,102.6685302,2.742893701,Healthy,Palong_Basemap,0.15029620379209518,0.022935339767071936,0.023426041420963075,0.08110231409470241,0.8423120246993171,0.2888904843065474,42.725287119547524,-17.48341136508518,-9.699556880527073,-13.651806301540798,-21.03925895690918,0.8355584240603511,0.7352059642736095,0.2990247747880697,51334_1371
1994,102.6685929,2.742935039,Healthy,Palong_Basemap,0.13595097263654074,0.021965352197488148,0.023138723232679896,0.08587016579177645,0.8421353366639879,0.2648331969976425,41.124021742078995,-19.284041510687935,-9.934134165445963,-12.974825647142199,-20.385897742377388,0.8655426614824494,0.7218102407009044,0.22577111991943094,51334_1371
1996,102.6687369,2.742858626,Healthy,Palong_Basemap,0.10084214972125159,0.021912695426079962,0.02123737045460277,0.10285708473788367,0.8577003942595588,0.27615244024329716,41.878565046522354,-21.03705045912001,-9.92160669962565,-14.106604999966091,-20.50865724351671,1.0566387837611313,0.6429844312901845,-0.00989171619609745,51334_1371
1997,102.6688021,2.742886185,Healthy,Palong_Basemap,0.09479163752661811,0.02139842634399732,0.019912934965557523,0.09636464052730137,0.8600471682018704,0.21874609258439806,41.60365973578559,-21.07671356201172,-10.096136728922525,-14.749871571858725,-20.78910255432129,1.0868943602012013,0.6316651246904255,-0.008228884851166463,51334_1371
1998,102.6688096,2.742962597,Healthy,Palong_Basemap,0.0913303072253863,0.021025676073299512,0.020048681646585464,0.06838447724779446,0.8602712286843194,0.2062566727399826,41.02615102132162,-20.837443669637043,-10.561847156948513,-14.274423281351725,-20.68609152899848,1.0962982123987914,0.6257310833655364,0.1436675386895375,51334_1371
1999,102.6683912,2.742978882,Healthy,Palong_Basemap,0.14734092189206016,0.021268363835083112,0.020424375724461343,0.0758142007721795,0.8514049583011203,0.2480610211690267,42.994164360894096,-16.665863249037002,-9.979337480333117,-13.204775280422634,-21.07671356201172,0.8090597817530163,0.7477201360131345,0.32052466582853284,51334_1371
2000,102.6685277,2.742971366,Healthy,Palong_Basemap,0.1669843147198359,0.024144084710213874,0.025051800120208,0.08518291264772415,0.8223551644219292,0.22843854294882882,39.76232782999674,-18.708503087361652,-9.800112088521322,-12.296287642584907,-20.653830846150715,0.8037168539837012,0.7473522011149342,0.3243934706585709,51334_1371
2001,102.6684551,2.743013956,Healthy,Palong_Basemap,0.15224035415384504,0.02375622031589349,0.022913333028554916,0.07758977760871251,0.8179604013760885,0.2256025771299998,40.08863406711154,-17.677569495307075,-9.763519499037,-12.25512260860867,-21.04443973965115,0.8535189630896303,0.730037696614621,0.32480761322564805,51334_1371
2002,102.6683937,2.743055294,Healthy,Palong_Basemap,0.13914702335993448,0.021067991024918027,0.019112080335617065,0.07567607031928168,0.8397936158710055,0.24631420274575552,41.28990809122721,-18.036897659301758,-10.56297853257921,-12.905054410298666,-21.07671356201172,0.8410581904862081,0.7370035373300208,0.2954568429008409,51334_1371
2003,102.6683286,2.743097884,Healthy,Palong_Basemap,0.11081846430897713,0.017839807810054883,0.01613299393405517,0.07104958386884795,0.851793196466234,0.28759021560351056,41.261338551839195,-19.152332729763454,-11.855167600843641,-13.976934221055773,-21.07671356201172,0.8775596144715865,0.7226791947967425,0.2186688692080995,51334_1371
2004,102.6683962,2.743139222,Healthy,Palong_Basemap,0.12243875405854648,0.01892346588687764,0.016492980118427012,0.07229405351810986,0.8051707678371005,0.21903901464409298,38.2337900797526,-19.578267839219833,-11.320845497979057,-12.939225090874565,-21.07671356201172,0.8563687607938815,0.7322698257825401,0.2575051485389652,51334_1371
2005,102.6684663,2.743170539,Healthy,Palong_Basemap,0.1468648397260242,0.017637636822958786,0.018446876460479364,0.08082468807697296,0.7908677657445272,0.19743078119224972,37.03215069240994,-19.604089736938477,-10.992410235934788,-12.506601969401041,-20.982219696044922,0.7034409096101004,0.7855638748671734,0.29004474771536654,51334_1371
2006,102.6684613,2.743097884,Healthy,Palong_Basemap,0.1560239079925749,0.02115353900525305,0.02126400452107191,0.08225356042385101,0.7924531300862631,0.1944530275132921,37.18593427870009,-19.65802468193902,-10.394187715318468,-12.019384490119087,-20.949992497762043,0.7706383084518098,0.7612163470725214,0.3095985032029929,51334_1371
2007,102.668534,2.743059052,Healthy,Palong_Basemap,0.16902929213311937,0.022510484585331544,0.023370366957452562,0.08520230485333337,0.8074209557639228,0.21244634522332084,38.33646901448568,-19.524962107340496,-9.946175575256348,-12.0216097301907,-20.4443302154541,0.758501390555269,0.7649523772973772,0.3297268642978823,51334_1371
2008,102.6685327,2.743134212,Healthy,Palong_Basemap,0.1492418646812439,0.0145776378404763,0.016897388837403722,0.08459886494610044,0.797517908944024,0.19099348617924583,37.07327228122287,-20.204239951239693,-10.673929426405165,-12.650803989834255,-20.826942655775284,0.597154990473994,0.8220280538509935,0.2764402926648428,51334_1371
2009,102.6686041,2.743175549,Healthy,Palong_Basemap,0.13981087919738558,0.015740728833609156,0.018560001212689612,0.08167238699065314,0.824675030178494,0.1934385812944836,38.53332943386502,-20.8358277214898,-10.428964085049099,-13.489981121487087,-20.680577172173393,0.6632830121776313,0.7976140647742747,0.26249609375623445,51334_1371
2010,102.668668,2.743211876,Healthy,Palong_Basemap,0.09121093816227382,0.016835466027259827,0.021097878304620583,0.0774998776614666,0.8649259275860257,0.1750751187403997,40.351378970675995,-21.061859978569878,-10.76243813832601,-15.480147255791557,-21.07527626885308,0.9226192645366943,0.688366009890949,0.08126959990005485,51334_1371
2011,102.6687457,2.743179307,Healthy,Palong_Basemap,0.09618288692500856,0.0209407571496235,0.023993958822555013,0.07405996695160866,0.8870097796122233,0.1770286328262753,43.245282067192925,-21.025944179958767,-10.81721920437283,-16.496918042500813,-20.99065377977159,1.0337390625734957,0.642416229189729,0.12994918417799434,51334_1371
2012,102.6688133,2.743125443,Healthy,Palong_Basemap,0.09558814681238598,0.01737511344254017,0.018700716085731983,0.07010949154694875,0.8793134556876289,0.21003244651688469,42.944779290093315,-20.65832773844401,-10.965130488077799,-15.657904307047525,-21.008583704630535,0.9326473191866703,0.6923758502838985,0.1537659529593523,51334_1371
2013,102.6687432,2.74308661,Healthy,Palong_Basemap,0.11077905777427885,0.023289516050782468,0.025154628480474155,0.07986505246824688,0.8793228930897183,0.19675653179486594,42.84096908569336,-21.024369345770943,-10.42914210425483,-15.55106364356147,-20.696300718519424,1.0208391507408072,0.6525730768021494,0.1621555749438316,51334_1371
2014,102.6686743,2.74314298,Healthy,Palong_Basemap,0.11867878917190763,0.019303518761363294,0.0224112697566549,0.08143009121219318,0.8550781938764784,0.18881390160984463,40.49814012315538,-21.07671356201172,-10.29432307349311,-14.762469397650825,-20.699061923556858,0.8593803302368189,0.720202987607678,0.18614215365263706,51334_1371
2015,102.6686054,2.743094126,Healthy,Palong_Basemap,0.1545915032426516,0.018282667319807742,0.01954521404372321,0.08457441214058134,0.8235859937138028,0.2123922738764021,38.770032246907554,-20.937504874335396,-10.107428656684029,-12.849898338317871,-20.19891357421875,0.6941619088258175,0.7884858419239418,0.2927553075022283,51334_1371
2016,102.6685941,2.743008946,Healthy,Palong_Basemap,0.16139031698306402,0.021758383243448205,0.022261440340015624,0.08693359875016743,0.8363114330503676,0.24264854192733765,40.11679712931315,-19.920923233032227,-9.94057920244005,-12.550949202643501,-19.926454967922634,0.7662464104982731,0.7623965311625127,0.29983708179313545,51334_1371
2017,102.6686693,2.743051536,Healthy,Palong_Basemap,0.13396444999509388,0.023438529421885807,0.024204527338345844,0.08788092268837823,0.8524294098218282,0.2342715627617306,40.89623472425673,-20.827797147962784,-10.016856829325357,-13.355592621697319,-19.26176495022244,0.9144689596097931,0.7021844248602908,0.20772814302720394,51334_1371
2018,102.668668,2.742970113,Healthy,Palong_Basemap,0.12281775971253713,0.023506648424598906,0.02531386435859733,0.10059968961609735,0.8554502394464281,0.24657083219952053,41.0808228386773,-20.760470072428387,-10.008448070949978,-13.165049446953667,-19.24957995944553,0.9636591437271576,0.6787050264017696,0.0994464405676669,51334_1371
2019,102.6687432,2.743012704,Healthy,Palong_Basemap,0.11055942624807358,0.025262356425325077,0.0262560716105832,0.08280228740639156,0.8629659944110446,0.22167797883351645,41.23188951280382,-21.040356106228298,-10.361137496100532,-14.089630444844564,-19.978473663330078,1.0787798873365977,0.6280072912005324,0.14355033536413347,51334_1371
2020,102.6688108,2.743047778,Healthy,Palong_Basemap,0.08897254864374797,0.019968865749736626,0.019556829912794962,0.07041976062787904,0.8686438004175822,0.21800493697325388,41.93768649631076,-20.693238576253254,-10.698740005493164,-14.84149424235026,-20.88964589436849,1.0760021255725896,0.6334017533935948,0.11639700874307782,51334_1371
2021,102.6687382,2.742932533,Healthy,Palong_Basemap,0.09795900599824058,0.023581851687696245,0.02395940613415506,0.10548247148593266,0.8620668848355612,0.24999067352877724,41.4483765496148,-21.07671356201172,-10.093541887071398,-13.795408990648058,-19.873612297905815,1.1157585350467198,0.6119518631564693,-0.03698098136491059,51334_1371
2022,102.6689474,2.742813531,Healthy,Palong_Basemap,0.10628452483150694,0.02748663889037238,0.026351808259884518,0.0716328728530142,0.8751757211155362,0.18559791727198494,43.34914186265733,-21.07671356201172,-9.15483389960395,-17.016179932488335,-20.94197146097819,1.1720780726571913,0.5890498650737727,0.1947625832518988,51334_1371
2023,102.6689399,2.742884932,Healthy,Palong_Basemap,0.09980731374687618,0.023776892986562517,0.022782048624422815,0.07153406987587611,0.8724184433619181,0.15615576091739866,42.456475575764976,-21.07671356201172,-9.675611072116428,-16.010463502671982,-21.042987823486328,1.1179712244858897,0.6152114640692335,0.1650111798632965,51334_1371
2024,102.6690138,2.742922512,Healthy,Palong_Basemap,0.10034825487269296,0.022296105821927387,0.022051010384327836,0.07605185442500645,0.8743040031856961,0.16310257133510378,42.00325139363607,-20.628566530015732,-10.25967682732476,-15.160022735595703,-21.050080405341255,1.0681314393146963,0.6364104195961555,0.13773461107488885,51334_1371
2025,102.6690814,2.742884932,Healthy,Palong_Basemap,0.095320173435741,0.029004905372858047,0.02584576089349058,0.08335051437218984,0.8796507120132446,0.12764254791869056,42.25025855170356,-21.06512451171875,-9.470778041415745,-16.73162990146213,-21.07613690694173,1.295037131760241,0.5334021799815357,0.0669928526632104,51334_1371
2026,102.6691353,2.742917501,Healthy,Palong_Basemap,0.0950103716717826,0.024506270575026672,0.02160518802702427,0.08570579604970084,0.8714023696051704,0.17194251716136932,41.68714820014106,-20.452168782552082,-10.292908138699001,-14.738481521606445,-21.07671356201172,1.183676946094516,0.589910323544403,0.051487234038859235,51334_1371
2027,102.6690827,2.742981387,Healthy,Palong_Basemap,0.10116889990038341,0.01892735446906752,0.01729046522329251,0.08151509861151378,0.8568911684883965,0.24693417052427927,41.03047180175781,-19.628542794121635,-11.50534831153022,-14.098058806525337,-21.07613690694173,0.9686833169780024,0.6847969227942533,0.10758359489043968,51334_1371
2028,102.6690075,2.742983892,Healthy,Palong_Basemap,0.10183644377522999,0.019717942509386275,0.01976989447656605,0.0751459871729215,0.8658720321125455,0.22990837362077501,41.64745330810547,-19.78516176011827,-11.194394323560926,-14.405892690022787,-21.062522676255966,0.9795166563868394,0.6755700372141693,0.15080850940581608,51334_1371
2029,102.6690338,2.743049031,Healthy,Palong_Basemap,0.10102942172023985,0.01879699621349573,0.017449322053127818,0.07260914395252864,0.8417219519615173,0.32899462845590377,40.62749311659071,-18.837863710191513,-12.582850986056858,-14.10782093471951,-21.07671356201172,0.9634992848137164,0.6862629036630213,0.16367491667300915,51334_1371
2030,102.6689511,2.743049031,Healthy,Palong_Basemap,0.09097425308492449,0.01857776091330581,0.017991113269494638,0.07434357785516316,0.8653991023699442,0.2691975070370568,41.96946673923068,-19.480992211235893,-11.61198541853163,-14.723605261908638,-21.07671356201172,1.01711732769046,0.6608412710038188,0.10059819400720547,51334_1371
2031,102.6689887,2.743111664,Healthy,Palong_Basemap,0.09577248328261906,0.017488344469004206,0.01443608726064364,0.06423091308938132,0.8545994824833341,0.33726778626441956,41.90396965874566,-19.081422593858505,-12.894643359714085,-15.329627990722656,-21.07671356201172,0.9636429776129002,0.6911845901858409,0.1971306291518029,51334_1371
2033,102.6690952,2.743127948,Healthy,Palong_Basemap,0.07540325944622357,0.012512343418267038,0.010285726334485743,0.057647933148675494,0.818604052066803,0.3965694242053562,39.68749703301324,-18.838515175713432,-13.645526356167263,-14.249717288547092,-21.07671356201172,0.9041227246809458,0.7153555680542159,0.13344732919161212,51334_1371
2034,102.6691403,2.743061557,Healthy,Palong_Basemap,0.09597015877564748,0.014864351703888841,0.012387694687479071,0.07844360669453938,0.8268093201849196,0.3581210954321755,40.173011779785156,-18.705330742730034,-12.811287138197157,-13.620242330763075,-21.07671356201172,0.861161407205504,0.7317739458661967,0.10048835327796399,51334_1371
2035,102.6688096,2.743368459,Healthy,Palong_Basemap,0.0815220359298918,0.014496148460441165,0.012613051984873083,0.08037376155455907,0.8595146007008023,0.2843997875849406,41.44303512573242,-19.932844161987305,-12.492175102233887,-15.06785954369439,-20.873185263739693,0.9418634842145572,0.6980541018873789,0.007092675617123494,51334_1371
2036,102.6688083,2.74345865,Healthy,Palong_Basemap,0.1033259133497874,0.014166249272723993,0.013023598430057367,0.09825330724318822,0.8455793327755399,0.31278541849719155,39.98710378011068,-18.69114197625054,-12.221239937676323,-13.47674814860026,-20.556321250067818,0.7833039776471785,0.7588562682561475,0.025164330389200566,51334_1371
2037,102.6688083,2.743541326,Healthy,Palong_Basemap,0.12937255865997738,0.014515529283218913,0.014814406840337647,0.09832916657129924,0.8363718589146932,0.32659687598546344,38.684204525417755,-17.136432647705078,-10.953012572394478,-12.266910764906141,-20.71420669555664,0.6703934818064927,0.7982386243265764,0.13633358314324306,51334_1371
2038,102.6688772,2.743504999,Healthy,Palong_Basemap,0.10565171059634951,0.012836632836196158,0.013402518505851427,0.09586890621317758,0.8655603859159682,0.32115982307328117,42.09038416544596,-17.797053866916233,-11.65489059024387,-13.477849324544271,-20.286877102322048,0.7095615304438816,0.7833266553599184,0.048544930727452196,51334_1371
2039,102.6689486,2.743466166,Healthy,Palong_Basemap,0.07997048728995854,0.013757405078245534,0.015097593785160117,0.09193964385324055,0.890782356262207,0.2515910433398353,44.24474631415473,-19.71513557434082,-11.895629035101997,-15.513210190667046,-20.535261154174805,0.8978352486238629,0.7064394657632875,-0.06962449789135376,51334_1371
2040,102.6689449,2.743383491,Healthy,Palong_Basemap,0.07104146811697218,0.012736394794450866,0.014753932857678996,0.0701316799968481,0.8834991587532891,0.2394362340370814,43.68660312228732,-20.50979444715712,-12.466905487908257,-16.490506490071613,-20.869719399346245,0.9157258497648516,0.6959484438528387,0.006444484183285047,51334_1371
2041,102.6690075,2.743418565,Healthy,Palong_Basemap,0.07158940037091573,0.016454706175459757,0.018922239024606016,0.07708005275991228,0.8817007806566026,0.16728140165408453,42.16768052842882,-20.91322962443034,-11.906462987263998,-17.461260689629448,-21.005214479234482,1.066573712838853,0.6262167492882089,-0.036931947171184,51334_1371
2042,102.6690852,2.743374722,Healthy,Palong_Basemap,0.07552350478039847,0.015609247609972954,0.01681035870893134,0.05343984067440033,0.8649148344993591,0.11283454712894228,40.05478837754991,-21.07671356201172,-11.556952900356716,-17.667663786146377,-21.07671356201172,1.0106968590831822,0.6574393464358455,0.17123985135558062,51334_1371
2043,102.6690776,2.743538821,Healthy,Palong_Basemap,0.07501540705561638,0.01765340773595704,0.019988287654187944,0.0980817327896754,0.891968290011088,0.1608625708354844,41.91769705878364,-20.638085683186848,-10.078369564480251,-15.832177797953287,-21.054535759819878,1.0837749134027215,0.6190000319813672,-0.13325653881210806,51334_1371
2044,102.6690113,2.743577653,Healthy,Palong_Basemap,0.07720010355114937,0.01726962450063891,0.019301856454047892,0.09614858859115177,0.8964450558026632,0.2125222376651234,43.32078001234267,-19.647885852389866,-10.198169072469076,-15.462191899617514,-20.834134419759113,1.0543019028333642,0.6343881821873838,-0.1093084972596602,51334_1371
2045,102.6689499,2.743620243,Healthy,Palong_Basemap,0.09832388907670975,0.019786327042513423,0.020704807713627815,0.0954103743036588,0.8780868715710111,0.27160458432303536,41.77167765299479,-18.300077438354492,-10.042135026719835,-14.035642517937553,-20.888140784369575,0.9980407825435155,0.6649514717246702,0.015038717066431836,51334_1371
2046,102.6688772,2.743660328,Healthy,Palong_Basemap,0.11742394003603193,0.02168438583612442,0.022844413709309366,0.09638607253630956,0.8536573913362291,0.270167941848437,39.8541391160753,-18.410655551486546,-10.22533024681939,-13.015488624572754,-20.59816445244683,0.9446623948970757,0.6882374121006553,0.09839514645089095,51334_1371
2047,102.6688133,2.74369415,Healthy,Palong_Basemap,0.12412980198860168,0.018494344419903226,0.020476872929268412,0.095751134885682,0.8435264362229241,0.2836089962058597,39.481689453125,-18.026053958468967,-10.457036124335396,-12.618843290540907,-20.659679836697048,0.8147496296032026,0.7406561948222763,0.12906379018725533,51334_1371
2048,102.6688797,2.743736741,Healthy,Palong_Basemap,0.11624464227093591,0.021770620304677222,0.02284951839182112,0.09286260356505711,0.8406179083718194,0.26505210830105674,39.07726499769423,-19.220980326334637,-10.647069931030273,-12.757577578226725,-20.292224884033203,0.9536210462172476,0.6845186554240701,0.11181840501221939,51334_1371
2049,102.6689436,2.743705424,Healthy,Palong_Basemap,0.11373150845368703,0.020765196118089888,0.022730985863341227,0.09868165105581284,0.8609887825118171,0.2526980886856715,40.07643847995334,-18.87952783372667,-9.962404674953884,-13.433281156751844,-20.74352984958225,0.9333045390836999,0.6912162839349254,0.07085181272491317,51334_1371
2050,102.66902,2.743662834,Healthy,Palong_Basemap,0.10287809289164013,0.02110843753649129,0.024388901682363615,0.1056021178762118,0.8633255230055915,0.22093285620212555,39.65379757351346,-19.55383555094401,-9.742781109280056,-13.743955188327366,-21.012692557440865,0.9963632565368029,0.6595043435185605,-0.013066108166999846,51334_1371
2051,102.6690839,2.743621496,Healthy,Palong_Basemap,0.0833434404598342,0.01832370480729474,0.022181347633401554,0.11184451397922304,0.8853907585144043,0.18674155407481724,41.01367611355252,-20.159811867607964,-9.867311477661133,-14.967190000745985,-21.072593688964844,1.0310710590520016,0.6395353728257153,-0.1460186085831829,51334_1371
2052,102.6690927,2.743702919,Healthy,Palong_Basemap,0.10151110175583097,0.018680942762229178,0.024009026793970004,0.11927301767799589,0.8680134614308676,0.19367990725570255,39.49744542439779,-19.82916408114963,-9.865588717990452,-14.08566231197781,-21.07671356201172,0.9175202243612912,0.6891484317928852,-0.08044924593178676,51334_1371
2053,102.6690175,2.743739246,Healthy,Palong_Basemap,0.1203073122435146,0.021235885926418833,0.02452682952086131,0.10936352858940761,0.8344070646497939,0.22482867373360527,37.530401865641274,-19.66609064737956,-9.946069399515787,-12.688329484727648,-20.965395821465385,0.9070033301700193,0.6999377405486693,0.04764986105514466,51334_1371
2054,102.6677843,2.744309206,Healthy,Palong_Basemap,0.15744089583555856,0.017120910808444023,0.022620174412926037,0.11934207710954878,0.7700609763463339,0.33703304992781746,34.08715608384874,-17.555561277601456,-10.707145796881782,-10.723147604200575,-21.07671356201172,0.6391294362634942,0.8038412739006532,0.13764870837472248,51333_1372
2055,102.6683373,2.744148866,Healthy,Palong_Basemap,0.16085219217671287,0.022982160043385293,0.022804780759745173,0.08632851640383403,0.8106589516003927,0.24324405027760398,44.19244596693251,-17.444863001505535,-11.392724990844727,-11.805930243598091,-16.840085983276367,0.8006978705083906,0.7499688195830821,0.30149470887447666,51334_1372
2056,102.668752,2.744219015,Healthy,Palong_Basemap,0.14269979380899006,0.01600228984736734,0.02279815036389563,0.07887133335073788,0.7886066171858046,0.3628189199500614,40.83111360337999,-16.755288230048286,-12.013696246676975,-11.487895329793295,-19.506982379489475,0.6481857359187233,0.7983354789214033,0.28807210251829884,51334_1372
2057,102.6688183,2.744177677,Healthy,Palong_Basemap,0.14260226239760718,0.01841714491860734,0.02279070226682557,0.09105284594827229,0.8158826894230313,0.33274466792742413,40.75146272447374,-17.118120617336697,-11.209371990627712,-12.165507210625542,-20.66651831732856,0.7285722179829052,0.7712431659565208,0.22062182510911052,51334_1372
2058,102.6688885,2.744215257,Healthy,Palong_Basemap,0.13421533670690325,0.018725215457379818,0.02111660171714094,0.0889314172996415,0.8416568438212076,0.316205276383294,40.72827402750651,-17.376442591349285,-10.749430656433105,-12.820976363288032,-21.07379659016927,0.7770509521841735,0.7551307983082749,0.20293335481785046,51334_1372
2059,102.6689599,2.744173919,Healthy,Palong_Basemap,0.12764299992058012,0.020413087370495003,0.021646699143780604,0.09299507819943958,0.8581346074740092,0.3253105017873976,40.86687469482422,-17.053339852227104,-10.605884022182888,-13.190109888712565,-21.075509813096787,0.8589745595423492,0.7242519676970349,0.15703509573852084,51334_1372
2060,102.6689662,2.744013578,Healthy,Palong_Basemap,0.11320025887754229,0.014814768607417742,0.021589246681994863,0.0903797373175621,0.8011428978708055,0.3462577594651116,37.5171029832628,-17.72924253675673,-11.720833566453722,-12.191308445400661,-20.857506434122723,0.7208298190981495,0.7685464136754059,0.11209608992285149,51334_1372
2062,102.6688209,2.743932156,Healthy,Palong_Basemap,0.11849740975432926,0.013645682587391801,0.015584700223472383,0.07169527850217289,0.8083628747198317,0.24869509041309357,38.449932946099175,-19.551518970065647,-11.02050707075331,-13.009594599405924,-21.007177988688152,0.6764771013074731,0.7934711176259723,0.2460774474623177,51334_1371
2064,102.6688923,2.744058674,Healthy,Palong_Basemap,0.12517199830876458,0.015594094060361385,0.020603381511237886,0.08178214977184932,0.8244736591974894,0.3158670299583011,38.92192459106445,-17.65740966796875,-11.021503978305393,-12.678750885857475,-21.068520228068035,0.7049629137488773,0.7784396256526104,0.20965923582267995,51334_1372
2065,102.6688885,2.744136339,Healthy,Palong_Basemap,0.12540390094121298,0.0172013436547584,0.02031316090789106,0.08251875638961792,0.8365267647637261,0.31638312339782715,39.81575224134657,-17.436770968967014,-10.845031208462185,-12.79133521185981,-21.071462843153213,0.7639958965126115,0.7587558058822707,0.20625527348546457,51334_1372
2066,102.6688209,2.744098759,Healthy,Palong_Basemap,0.146936463812987,0.015116545785632398,0.020307333519061405,0.08005913264221615,0.8143163455857171,0.2960328459739685,39.308602227105034,-17.451396730211044,-11.022839864095053,-12.359029240078396,-20.877042134602863,0.6123874391411389,0.8134370250441657,0.2946195089910869,51334_1372
2067,102.6688221,2.744021094,Healthy,Palong_Basemap,0.15384686407115725,0.01425271781368388,0.018397473730146885,0.07790561185942756,0.81078173716863,0.2765594720840454,38.8212513393826,-17.960387971666123,-10.961734347873264,-12.571369277106392,-21.014551162719727,0.567979433112456,0.8304253032176143,0.3276825928473612,51334_1372
2068,102.6690232,2.744216509,Healthy,Palong_Basemap,0.11818081637223561,0.018250872277551226,0.020212422435482342,0.09369015362527636,0.8593015074729919,0.3505910535653432,40.668999989827476,-16.490573777092827,-10.689001401265463,-12.99914805094401,-21.037227418687607,0.8348265651366209,0.7324540587575622,0.1155923473010335,51334_1372
2072,102.6690012,2.743805011,Healthy,Palong_Basemap,0.12750795814726087,0.01832886536916097,0.022541274420089193,0.11327662484513389,0.804425040880839,0.23679152958922917,35.890218098958336,-19.786532719930012,-10.292794651455349,-12.02335516611735,-20.956711875067818,0.7853532635160867,0.7486387192587602,0.05910400543616403,51334_1371
2073,102.6689461,2.743778705,Healthy,Palong_Basemap,0.11535704053110546,0.01764912996441126,0.020947315109272797,0.10184438278277715,0.8103523254394531,0.2550877779722214,36.634609646267364,-19.929148356119793,-10.735231929355198,-12.274948226081001,-20.517784118652344,0.8227907205665657,0.7346118620112265,0.06221256537900708,51334_1371
2075,102.6690908,2.743775573,Healthy,Palong_Basemap,0.1384407944149441,0.018829686877628166,0.023409840340415638,0.12238063994381163,0.8240716987186008,0.21572689712047577,38.09266069200304,-19.144814173380535,-9.910622596740723,-12.529901186625162,-21.07671356201172,0.7550372843225547,0.7605439148800077,0.0615752862130265,51334_1371
2076,102.6691622,2.743894576,Healthy,Palong_Basemap,0.1309418777624766,0.018362213753991656,0.022128823937641248,0.08485353779461649,0.812160074710846,0.22825176186031765,40.66377512613932,-18.408211602105034,-10.842612266540527,-12.833858066134983,-21.05301390753852,0.7739804000495031,0.7540293294378164,0.21357423117112742,51334_1371
2077,102.6690895,2.743944056,Healthy,Palong_Basemap,0.13416172646813923,0.015943253619803324,0.02248840406537056,0.09508837593926324,0.7910866671138339,0.2756829344564014,38.424350314670136,-18.491666793823242,-11.47105269961887,-11.865181499057346,-20.711255815294052,0.6765052695588776,0.7875719565005427,0.170439838929443,51334_1371
2078,102.6690921,2.744018589,Healthy,Palong_Basemap,0.13686513735188377,0.017613385390076373,0.023600168940093782,0.08578656448258294,0.8009156121148003,0.30794716212484574,39.386075761583115,-17.934406916300457,-11.771671189202202,-11.893739488389757,-20.451291614108616,0.7200449053881417,0.7719633114371809,0.229410206382684,51334_1372
2079,102.6690927,2.744098133,Healthy,Palong_Basemap,0.13750553876161575,0.018404197982615896,0.023804969878660306,0.08783691459231907,0.8151568108134799,0.331719030936559,40.089071909586586,-17.321046617296005,-11.65791744656033,-12.0253693262736,-20.45706007215712,0.7431576716724587,0.7639121408715122,0.22041396740846034,51334_1372
2080,102.6690977,2.744173292,Healthy,Palong_Basemap,0.1312441478172938,0.01608522588180171,0.017581742981241807,0.09800473973155022,0.8322653770446777,0.35864462123976815,39.97451866997613,-16.501056141323513,-10.90146435631646,-12.29795085059272,-20.996303134494358,0.7109635765719139,0.7816426490123544,0.14499266906436592,51334_1372
2081,102.6691609,2.744216509,Healthy,Palong_Basemap,0.13464831395281684,0.015645422144896455,0.015724286954436038,0.09004638261265224,0.8190522657500373,0.28990592890315586,40.34474182128906,-17.298585255940754,-10.95344967312283,-12.494924969143337,-21.034585528903538,0.6889849359809842,0.7918020730454848,0.19850015163650728,51334_1372
2082,102.6692311,2.744173292,Healthy,Palong_Basemap,0.1308387029502127,0.01823987729019589,0.014580955418447653,0.07563486157192124,0.826197107632955,0.2075377959344122,41.73051495022244,-18.311772028605144,-10.853204091389975,-13.396725442674425,-21.072696261935764,0.8021962025926787,0.7552984840507374,0.267365178230231,51334_1372
2083,102.6691622,2.744133207,Healthy,Palong_Basemap,0.1273097429010603,0.01598776514745421,0.017708768447240193,0.07498049446278149,0.8160698877440559,0.2671174059311549,40.82461081610786,-17.736263063218857,-11.243336041768393,-12.623833232455784,-20.90999476114909,0.7226351802139388,0.776859132232203,0.25868400334198416,51334_1372
2084,102.6691628,2.744063058,Healthy,Palong_Basemap,0.11946294042799208,0.01701478184097343,0.019111868201030627,0.06527006501952808,0.8108528322643704,0.25534698863824207,41.130039638943146,-18.150509940253365,-11.54260540008545,-12.675488471984863,-20.785547892252605,0.7886141753266389,0.750658472927306,0.2933578397492124,51334_1372
2085,102.6691628,2.743980383,Healthy,Palong_Basemap,0.13003978547122744,0.01787584212919076,0.02160831354558468,0.07379804013503923,0.8056090871493021,0.2342298792468177,40.709324306911896,-18.573971642388237,-11.275141292148167,-12.745198885599772,-20.928567038642036,0.7631104718169441,0.7582967747332165,0.2759141742653045,51334_1371
2086,102.6692305,2.744012952,Healthy,Palong_Basemap,0.11514351268609364,0.014130284802781211,0.015623761547936333,0.05870772028962771,0.8148956563737657,0.19947324527634513,42.20031187269423,-18.703499264187283,-11.394613371955025,-13.573658201429579,-21.026684867011177,0.7108332458828578,0.7813898086501676,0.32462118001974305,51334_1372
2087,102.6692286,2.743937793,Healthy,Palong_Basemap,0.11345550169547398,0.016380964467922848,0.01841586052129666,0.06329770386219025,0.8292113939921061,0.2207854042450587,43.2811024983724,-17.59913370344374,-11.004159185621473,-13.907596270243326,-21.07525380452474,0.7959976674577958,0.7476677400121519,0.2837730590233634,51334_1371
2088,102.6692286,2.743860128,Healthy,Palong_Basemap,0.10597550868988037,0.019034418898324173,0.021116090524527762,0.06859251691235436,0.8386954135364957,0.23954130046897465,43.908583323160805,-17.07713243696425,-10.820700539482964,-14.033660994635689,-21.07671356201172,0.9219844288520469,0.6954734833376516,0.21414569849524293,51334_1371
2089,102.6692956,2.743897081,Healthy,Palong_Basemap,0.11039165904124577,0.016000402470429737,0.017333122280736763,0.05975500866770744,0.846840328640408,0.23653720484839547,45.11327107747396,-17.062973764207626,-11.277521239386665,-14.454993671841091,-21.043033599853516,0.8013945840386383,0.7468131735638841,0.2976058894092218,51334_1371
2090,102.6692981,2.743975372,Healthy,Palong_Basemap,0.11257589608430862,0.015527975435058275,0.01573818280465073,0.06348497006628248,0.8377084996965196,0.2192780723174413,44.07401106092665,-17.90638478597005,-11.35981920030382,-14.177105903625488,-21.02820693122016,0.7794677811647445,0.7575721131470919,0.27882928836688176,51334_1371
2091,102.6693012,2.744055542,Unhealthy,Palong_Basemap,0.10741866131623586,0.016604449393020734,0.013484149964319335,0.05825987747973866,0.8325915469063653,0.18078148696157667,43.18754535251193,-19.04985703362359,-11.255249871148003,-14.465894911024305,-20.99478636847602,0.8619435543656178,0.7322362050417198,0.2967118384417548,51334_1372
2092,102.6693626,2.743933408,Healthy,Palong_Basemap,0.11477975712882148,0.015422551892697811,0.014726874315076403,0.06560589869817098,0.8636279039912753,0.2745464824967914,46.05340576171875,-16.39863724178738,-11.557086520724827,-14.65195475684272,-20.874841054280598,0.7694361084721396,0.7630986422806243,0.2726040394132727,51334_1371
2093,102.6693639,2.743854491,Healthy,Palong_Basemap,0.10376350002156363,0.016078812898033194,0.01637685319615735,0.06195526777042283,0.8635834786627028,0.28390899466143715,46.37967173258463,-15.907192442152235,-11.419770664638943,-14.721057467990452,-21.01393720838759,0.8445975712692863,0.7316671798745975,0.2522842331510655,51334_1371
2094,102.6694309,2.743890818,Healthy,Palong_Basemap,0.1157080622182952,0.01564162317663431,0.013658629109462103,0.0682972338464525,0.8742782208654616,0.3178010947174496,46.403758154975044,-16.174242231580948,-11.659856584337023,-14.6465359793769,-20.603349261813694,0.7789171114496718,0.7618323465396266,0.2576601292777997,51334_1371
2095,102.6695023,2.743853238,Healthy,Palong_Basemap,0.11070503377252155,0.015765297123127513,0.0154771049403482,0.06576136830780241,0.8720933198928833,0.39312084515889484,45.07653469509549,-16.15103562672933,-11.649253103468153,-14.561610009935167,-20.740191353691948,0.7996968578162162,0.7506878172694037,0.25468681253138314,51334_1371
2096,102.669575,2.743889565,Healthy,Palong_Basemap,0.09846710744831297,0.015914035857551627,0.016253656190302637,0.07972199759549564,0.8725146518813239,0.44010695483949447,45.15705913967557,-16.360193252563477,-11.864825778537327,-14.66237990061442,-20.736429426405167,0.8687362581430593,0.721736723421339,0.10519784499848492,51334_1371
2098,102.6694353,2.743971614,Healthy,Palong_Basemap,0.1249716579914093,0.015362887643277645,0.013213104361461269,0.06963196148475011,0.8759379585584005,0.3714735011259715,46.59770075480143,-16.556133376227486,-12.05211427476671,-14.371084531148275,-19.421659893459744,0.7276224613563365,0.7810533739387353,0.28437136295627213,51334_1371
2099,102.6694315,2.744053037,Unhealthy,Palong_Basemap,0.1243306009305848,0.014544765051040385,0.013051846582028601,0.07373720904191335,0.8645174304644266,0.32143524951404995,45.400735219319664,-17.41411484612359,-11.93222427368164,-14.130488713582357,-19.35795529683431,0.6989652076918221,0.790534988718376,0.2554347013565525,51334_1372
2100,102.6695048,2.744089991,Healthy,Palong_Basemap,0.10869550953308742,0.019273218388358753,0.01890861615538597,0.08242338233523899,0.8533418112330966,0.4379965530501472,46.75905524359809,-16.766567442152237,-13.049940321180555,-13.512007183498806,-16.8633025487264,0.9279881140286386,0.6987823712651163,0.13746483636975518,51334_1372
2102,102.6695681,2.744049906,Healthy,Palong_Basemap,0.1274191348089112,0.018172011710703373,0.01918384950194094,0.08246111538675097,0.8568219145139059,0.451449884308709,45.65963914659288,-16.34077262878418,-12.689662297566732,-13.675778494940865,-18.614180035061306,0.7946349901408797,0.7503692752600836,0.2142079561094855,51334_1372
2104,102.6694353,2.744128823,Healthy,Palong_Basemap,0.10514828479952282,0.020392000261280272,0.01679312375684579,0.0686893682512972,0.867467549112108,0.37253477507167393,47.405394660102,-17.68488375345866,-12.101140869988335,-14.794259707132975,-17.336567666795517,1.002523226173694,0.6751321657202899,0.20972968691407232,51334_1372
2105,102.669367,2.744167656,Unhealthy,Palong_Basemap,0.10972799195183648,0.021512761401633423,0.015336751627425352,0.06152345943782064,0.8657470411724515,0.215433275534047,45.3577389187283,-18.742794672648113,-10.986583497789171,-15.821571350097656,-20.2401000128852,1.0238670859228032,0.6721633966288926,0.2814839355979157,51334_1372
2106,102.6692981,2.744205862,Healthy,Palong_Basemap,0.11944957325855891,0.021286288897196453,0.015296336056457626,0.06654002144932747,0.8495864801936679,0.16664239350292417,44.00127071804471,-18.268114195929634,-10.702096939086914,-15.33324803246392,-20.97386911180284,0.960364110666581,0.6975001457178204,0.2844758702352716,51334_1372
2109,102.6695117,2.744170161,Healthy,Palong_Basemap,0.1049580027659734,0.02017082253264056,0.019515413066579237,0.07629179416431321,0.8548925254080031,0.4306797749466366,47.30487950642904,-16.920304828219944,-12.920572598775228,-13.812551710340712,-16.488524436950684,0.9790766655794465,0.6775991066086674,0.1581585694834514,51334_1372
2113,102.6694409,2.744848476,Healthy,Palong_Basemap,0.17700168324841392,0.02049196490810977,0.024886252772476938,0.12197048962116241,0.7875450717078315,0.20230137474007076,37.82948133680556,-16.773901621500652,-9.447284804450142,-10.900652673509386,-21.00714937845866,0.6749885117398767,0.7924797572034432,0.18406794551832195,51334_1372
2114,102.6694434,2.744773316,Unhealthy,Palong_Basemap,0.17344683739874098,0.022028468342290983,0.024571365780300565,0.12322469138436848,0.8029595348570082,0.15018556349807316,38.54159927368164,-17.667957835727268,-9.188061078389486,-11.482622252570259,-21.060389200846355,0.7279877927060511,0.7746163561808206,0.16928535818847953,51334_1372
2115,102.6694334,2.744684377,Unhealthy,Palong_Basemap,0.15290016515387428,0.025875291269686487,0.025138133722874854,0.07126870254675548,0.8258490761121114,0.08378646688328849,40.562566969129776,-20.39840422736274,-9.287028736538357,-13.034534454345703,-21.073073281182182,0.9008370156197144,0.7105274763401316,0.36415164801624,51334_1372
2116,102.6694384,2.744606713,Unhealthy,Palong_Basemap,0.1417495691114002,0.025957790720793936,0.025104436195558973,0.06611645842591922,0.8454169233640035,0.11346167657110426,41.853719075520836,-19.709788428412544,-9.16866832309299,-13.13567723168267,-20.98278194003635,0.9492284958468099,0.6904394566014638,0.3638550829182614,51334_1372
2119,102.6694409,2.744367455,Unhealthy,Palong_Basemap,0.1180637271867858,0.02109816401369042,0.021413492866688304,0.07166257459256384,0.9083680775430467,0.18355032222138512,47.225628746880425,-17.512705590989853,-9.698945151435005,-18.662818484836155,-20.827556398179794,0.9290582690354261,0.6967824476702968,0.24456889824472614,51334_1372
2120,102.6694372,2.744293548,Unhealthy,Palong_Basemap,0.1082618236541748,0.019498747669988208,0.019030805677175522,0.0720851185421149,0.9080328610208299,0.23562097218301561,48.54519780476888,-16.470520125495064,-10.249429066975912,-19.34572982788086,-19.766180250379776,0.9380592002575054,0.6947611071570018,0.2005950567916209,51334_1372
2121,102.6695136,2.744247199,Healthy,Palong_Basemap,0.12097152239746517,0.02215680003994041,0.02056267422934373,0.06764890336328083,0.8868761128849454,0.3382879048585892,48.497330559624565,-16.527615441216362,-11.45507706536187,-16.49331537882487,-17.92810885111491,0.9537611069948342,0.6903925140374608,0.28269801013926754,51334_1372
2122,102.6695111,2.744326117,Unhealthy,Palong_Basemap,0.120895697010888,0.023219445099433262,0.02296214033332136,0.07282612100243568,0.903906524181366,0.2683926108810637,48.409033881293404,-16.079042964511448,-10.437135908338758,-18.617581791347927,-19.461754269070095,0.9761363907501677,0.6777653651181416,0.2481371303522777,51334_1372
2127,102.6695023,2.744571638,Unhealthy,Palong_Basemap,0.1538028120994568,0.023044091545873217,0.02242022504409154,0.09031865662998623,0.8713135851754082,0.18862851543558967,43.61062579684787,-19.80631425645616,-9.196260558234322,-13.141682200961643,-20.36921564737956,0.8292551863638117,0.7393893693260403,0.2600515055061762,51334_1372
2131,102.6695775,2.744436351,Unhealthy,Palong_Basemap,0.11213167342874739,0.023530222268568143,0.025439766753051016,0.08769136336114672,0.8980289896329244,0.21054550343089634,46.11080847846137,-18.60762818654378,-9.077523867289225,-16.17605029212104,-20.95015441046821,1.0195518419535488,0.6531049172264551,0.12230977198739439,51334_1372
2133,102.6695787,2.74460546,Healthy,Palong_Basemap,0.15790176060464647,0.02689820879863368,0.023612449773483805,0.11936685856845644,0.8486107322904799,0.24919580088721383,42.26126268174913,-17.744068145751953,-9.152126948038736,-11.700344615512424,-19.781023025512695,0.9144749314576972,0.7088937959731477,0.1389803943594934,51334_1372
2134,102.66958,2.744684377,Healthy,Palong_Basemap,0.17873018152183956,0.027456525506244764,0.024112094814578693,0.14019874069425795,0.8290020227432251,0.2565526333120134,40.66365390353732,-16.547089470757378,-9.157831192016602,-11.075892236497667,-20.103162553575302,0.8521732850651356,0.7336731751334001,0.12081513510861135,51334_1372
2135,102.6695825,2.744768306,Healthy,Palong_Basemap,0.2011202938026852,0.027134981006383896,0.025899229157302115,0.15647085011005402,0.7954736153284708,0.29285051425298053,37.77884970770942,-15.695994271172417,-9.333583196004232,-10.016417821248373,-20.46970600552029,0.7717311156230988,0.7622400531240143,0.12486171554496528,51334_1372
2136,102.6696476,2.744807138,Unhealthy,Palong_Basemap,0.21764618820614284,0.025110324948198266,0.024111023172736168,0.15658142500453526,0.7804153230455186,0.4260445303387112,37.36899990505643,-14.423886087205675,-10.387676133049858,-9.119196150037977,-18.85022947523329,0.6880062711199697,0.7931233677571117,0.16317546072483458,51334_1372
2137,102.6697102,2.744843465,Healthy,Palong_Basemap,0.2197896424267027,0.019705577960444823,0.022320111385650106,0.16604053643014696,0.7840065095159743,0.481133414639367,37.76327980889214,-13.846348974439833,-10.847344504462349,-9.107186741299099,-18.448475731743706,0.5599748304057987,0.8354407413342907,0.13930767716461517,51334_1372
2139,102.6699257,2.74480338,Unhealthy,Palong_Basemap,0.19338325162728628,0.020797822210523818,0.024669002948535815,0.11902582810984717,0.8077474302715726,0.19857527977890438,37.88401455349393,-17.516612370808918,-9.20401742723253,-10.866476694742838,-20.938848071628147,0.6408007857063246,0.8057921567218111,0.23801300391142527,51334_1372
2144,102.6697892,2.744802127,Healthy,Palong_Basemap,0.22768887877464294,0.01694974975867404,0.020524515046013728,0.1395303938123915,0.7998329864607917,0.3633369704087575,37.98321829901801,-14.748383416069878,-9.883006837632921,-9.883994208441841,-20.508072323269314,0.4806515450781962,0.8614303075496055,0.24007041989158415,51334_1372
2145,102.6697165,2.744769558,Healthy,Palong_Basemap,0.2370801501803928,0.020551049047046237,0.021845344661010638,0.15708153612083858,0.787739720609453,0.4298441145155165,37.609198252360024,-14.310179710388184,-9.93569310506185,-9.307431009080675,-19.824839697943794,0.5479775735550986,0.8404614882927778,0.20295887916010344,51334_1372
2146,102.6696489,2.744726968,Healthy,Palong_Basemap,0.23950833413336012,0.025970999875830278,0.0237000472843647,0.15009680804279116,0.8020360734727647,0.34089374873373246,38.52654478285048,-15.308067427741157,-9.204786830478245,-9.930301878187391,-20.481131023830837,0.6592662151817996,0.8043463535664045,0.22949267453493602,51334_1372
2147,102.6697115,2.74468062,Healthy,Palong_Basemap,0.2973569747474458,0.023896442001892462,0.022017769515514374,0.1362534902162022,0.7968673374917772,0.3243945671452416,38.33243772718642,-15.857863638136122,-8.86414623260498,-9.732542037963867,-20.679329766167534,0.5206655524551166,0.8512299589296638,0.37153965955307333,51334_1372
2148,102.6696476,2.744649303,Healthy,Palong_Basemap,0.23886517021391127,0.026106623001396656,0.022646944762931928,0.13759521312183803,0.8154359393649631,0.3106338083744049,39.728319803873696,-16.051500426398384,-9.048215336269802,-10.330610911051432,-20.1091242896186,0.6657191607302976,0.8029479086463877,0.2690056153976627,51334_1372
2149,102.6697904,2.744721957,Healthy,Palong_Basemap,0.2765759660138024,0.017787725457714662,0.022786824653546017,0.14134016550249523,0.7866028017467923,0.3202257388167911,37.0461302863227,-15.03849622938368,-9.381493038601345,-9.579286787245008,-20.99566904703776,0.4248598278573943,0.8791445686198983,0.32359555019003455,51334_1372
2152,102.6699232,2.74464805,Healthy,Palong_Basemap,0.2570736524131563,0.01750169922080305,0.020782141014933586,0.13923567864629957,0.7698944144778781,0.18795911305480534,35.272095574273,-17.622459093729656,-8.926999939812553,-9.698365529378256,-21.041803783840603,0.44752910384278954,0.8725180602216995,0.29733837821037373,51334_1372
2153,102.6699958,2.744684377,Healthy,Palong_Basemap,0.24295446111096275,0.01938988785776827,0.02200929903321796,0.14156214810079998,0.7877468665440878,0.16856665081448025,36.01820797390408,-18.766815397474502,-8.645082579718697,-10.14202446407742,-20.95221922132704,0.5106910421092461,0.852179870205023,0.2636877330683095,51334_1372
2154,102.6701261,2.744684377,Healthy,Palong_Basemap,0.18662188284926945,0.025887829148107104,0.027070757208598986,0.14384436855713525,0.8372640278604295,0.2191496209965812,39.553808000352646,-17.790924072265625,-8.669536484612358,-10.800692982143826,-19.968665017022026,0.7801407342002944,0.7563609784721115,0.12944593921491473,51335_1372
2155,102.6701963,2.744645545,Healthy,Palong_Basemap,0.16984932290183175,0.02099786905778779,0.022720481372541852,0.12135164191325505,0.8479313850402832,0.30301355984475875,41.94897037082248,-15.519163555569119,-9.18779362572564,-10.862459924485949,-19.61661508348253,0.7161450516164994,0.779950977091341,0.16654368236510764,51335_1372
2156,102.6701236,2.744610471,Healthy,Palong_Basemap,0.1889614313840866,0.02625257811612553,0.02680423255595896,0.1346570998430252,0.8209548791249593,0.21049007773399353,39.20593558417426,-17.6685184902615,-8.688012758890787,-10.628737025790745,-20.493301179673935,0.7828679421568053,0.7560328142476278,0.1678035288496852,51335_1372
2157,102.67019,2.74456287,Healthy,Palong_Basemap,0.19563068449497223,0.023836367453138035,0.023942481105526287,0.11407261838515599,0.8398424519432915,0.2983915838930342,42.68125110202365,-15.683702362908257,-9.135438389248318,-11.402201546563042,-20.73260349697537,0.7135411217290883,0.7827795357749301,0.2633425777231171,51335_1372
2158,102.6701988,2.744481447,Healthy,Palong_Basemap,0.18561589221159616,0.021547359103957813,0.022344247127572697,0.0906451435552703,0.8404307630327013,0.27585556109746295,42.689943101671005,-16.257336722479927,-9.07676887512207,-11.900048997667101,-20.979618072509766,0.6866183531196303,0.7919770136148658,0.3437717823387537,51335_1372
2159,102.6701286,2.744526542,Healthy,Palong_Basemap,0.19463742772738138,0.02443753762377633,0.024049319740798738,0.11888093584113651,0.8241729935010275,0.2409795903497272,40.898152669270836,-16.5195246802436,-9.050479147169325,-10.940488285488552,-20.68981382581923,0.730673378607968,0.7769025083755677,0.2416333481202566,51335_1372
2165,102.6699207,2.744565375,Healthy,Palong_Basemap,0.19893627034293282,0.021804410343368847,0.02095466045041879,0.131778999335236,0.7270791265699599,0.21012811693880293,33.25098673502604,-19.376131269666885,-8.893227577209473,-9.08010991414388,-20.800059212578667,0.6619941072700842,0.802443208242567,0.2030667379617821,51334_1372
2167,102.6698493,2.744522784,Unhealthy,Palong_Basemap,0.21053853299882677,0.022082380950450897,0.022170320360196963,0.140008715291818,0.7325742642084757,0.2033095144563251,33.68198013305664,-19.23900498284234,-8.770375145806206,-8.932057274712456,-20.67236540052626,0.6380494126815293,0.810142771984243,0.20119917657585287,51334_1372
2168,102.6697779,2.74456287,Unhealthy,Palong_Basemap,0.24413676228788164,0.032580914389755994,0.029698608650101557,0.12903513179885018,0.7847684423128763,0.19039232366614872,37.47548717922635,-19.324122958713108,-8.284200297461616,-9.790826161702475,-20.886603673299152,0.768877487292696,0.7645187341774978,0.3084413170255523,51334_1372
2169,102.6697178,2.744526542,Unhealthy,Palong_Basemap,0.21283644603358376,0.03711645470725165,0.03079956832031409,0.12317651924159792,0.8183241552776761,0.21777094569471148,40.07136917114258,-19.160858578152126,-8.398864481184217,-10.6558624903361,-20.63780148824056,0.9341323276834611,0.7030124107602496,0.26683472382846246,51334_1372
2171,102.6696351,2.74446892,Unhealthy,Palong_Basemap,0.15071789920330048,0.03135824493236012,0.02812627972000175,0.10838542299138175,0.8628840446472168,0.219751485519939,43.41118918524848,-19.75407812330458,-8.707912551032173,-12.907343758477104,-20.568087895711262,1.038521547061224,0.6555480117263925,0.16338067707256726,51334_1372
2175,102.669714,2.744213378,Unhealthy,Palong_Basemap,0.10527325669924419,0.018362225964665413,0.01871828165733152,0.09106028907828861,0.8415506813261244,0.3813604911168416,43.50899759928385,-16.792207929823135,-11.980182859632704,-12.204933484395346,-18.56627294752333,0.9140211092623621,0.7029618751991895,0.0723919469017302,51334_1372
2176,102.6697766,2.744248452,Unhealthy,Palong_Basemap,0.13972827709383434,0.018795427452358935,0.021412804929746523,0.10018747134341134,0.8340364628367953,0.28867480986648136,41.34146499633789,-18.119467205471462,-10.70605723063151,-11.811968803405762,-20.035110473632812,0.7566142711783748,0.762869187215064,0.1648112139698308,51334_1372
2177,102.6698518,2.74421463,Healthy,Palong_Basemap,0.13643711805343628,0.01879379681001107,0.021102111372682784,0.08883539504475063,0.8294754160775079,0.23318594528569114,40.3784548441569,-20.502070956759983,-10.427131758795845,-12.704528914557564,-21.04464234246148,0.7705264306206407,0.7578601295168106,0.211307284470778,51334_1372
2178,102.6699182,2.744168282,Healthy,Palong_Basemap,0.11272618919610977,0.018075123118857544,0.018788811336788867,0.06386904956565963,0.8569668862554762,0.24005830453501809,42.81888071695963,-19.912100474039715,-10.652074601915148,-13.948158582051596,-21.0431457095676,0.8624386253920107,0.7236247435295916,0.27666170375272364,51334_1372
2179,102.6699182,2.744242189,Healthy,Palong_Basemap,0.14325381235943901,0.017866900708112452,0.01989327971306112,0.0905771396226353,0.7997030019760132,0.1899913748105367,38.84811528523763,-21.018099890814888,-10.185344802008736,-12.011514769660103,-21.04162703620063,0.7186975237166405,0.7782172090981055,0.22527673214469035,51334_1372
2181,102.6699871,2.744359939,Healthy,Palong_Basemap,0.18942133420043522,0.021030393946501944,0.022373769225345716,0.10863239814837773,0.7391343182987637,0.1677482161257002,35.465258280436196,-21.076467725965713,-9.399918344285753,-10.612318250868055,-21.049610561794704,0.6627506287050896,0.8001404490076837,0.27105493836765654,51334_1372
2182,102.6699244,2.744410045,Healthy,Palong_Basemap,0.1905106008052826,0.020934932140840426,0.02153368356327216,0.12991607354746926,0.7256176670392355,0.18171213732825386,33.65016386244032,-21.07671356201172,-9.092088063557943,-9.642914136250814,-20.825628492567276,0.6595908814731897,0.8019827437435181,0.18910575213568498,51334_1372
2183,102.6699169,2.744331128,Healthy,Palong_Basemap,0.16834311352835762,0.01841076308240493,0.020513862578405276,0.10712374374270439,0.7687246799468994,0.16590487460295358,36.72121471828885,-21.062438752916123,-9.766233126322428,-11.087806277804905,-21.052978515625,0.6526368403579755,0.8028339393374184,0.222238603918194,51334_1372
2184,102.6698493,2.744291042,Healthy,Palong_Basemap,0.177381565173467,0.019187110683156386,0.022053173639708094,0.11906011899312337,0.7815474934048123,0.17168755332628885,36.98430294460721,-20.80556148952908,-9.717191696166992,-10.926878611246744,-21.010264078776043,0.6454630025268951,0.8047795702998842,0.19673834448858726,51334_1372
2187,102.669719,2.744362444,Unhealthy,Palong_Basemap,0.1495511598057217,0.026666685421433713,0.02884878921839926,0.10118001368310717,0.8585699730449252,0.22096980528699028,43.01659223768446,-18.946672227647568,-9.318282869127062,-12.449220127529568,-20.864069832695854,0.9205990899104197,0.6973440982999338,0.19292035150455542,51334_1372
2190,102.6698505,2.744448878,Healthy,Palong_Basemap,0.1892759170797136,0.021654186977280512,0.02284569376044803,0.13183395067850748,0.7425327168570625,0.16291780769824982,34.28359519110786,-21.07671356201172,-8.931446393330893,-9.600789176093208,-20.692303975423176,0.6782034456818524,0.7946790281634766,0.17888570912575297,51334_1372
2191,102.669853,2.74436996,Healthy,Palong_Basemap,0.18851605388853285,0.021162383258342743,0.02327065935565366,0.12917483266856936,0.7608659863471985,0.1553923653231727,35.47127490573459,-21.002653545803494,-9.269857300652397,-10.224182234870064,-20.88742446899414,0.6662393459203749,0.7981444010523704,0.18678918323109472,51334_1372
2192,102.6698474,2.744128823,Healthy,Palong_Basemap,0.11369381182723576,0.01978228696518474,0.021133411054809887,0.07044085901644495,0.8530766566594442,0.25383114483621383,41.87348556518555,-20.127528296576607,-10.556206703186035,-13.668179935879177,-21.07270113627116,0.9074870413297523,0.7035830812533743,0.23489847193150262,51334_1372
2193,102.6697071,2.744131328,Unhealthy,Palong_Basemap,0.11607518626583947,0.018877300744255383,0.020482008655865986,0.08948174201779896,0.840248703956604,0.3977327115005917,43.408941480848526,-16.92434787750244,-12.243915239969889,-12.451072163052029,-18.747774124145508,0.8663693970466823,0.7202378235112733,0.12937264858981284,51334_1372
2194,102.6696382,2.744089991,Healthy,Palong_Basemap,0.12366153548161189,0.019227146688434813,0.01963057244817416,0.08949528882900874,0.843383166525099,0.4454021354516347,44.62536833021376,-16.43476899464925,-12.88503540886773,-12.90318881140815,-18.20340410868327,0.8463285787317849,0.7308793615220934,0.16028690032843954,51334_1372
2195,102.6696432,2.74400982,Healthy,Palong_Basemap,0.12119791905085246,0.018028866396182112,0.019144150635434523,0.08635727978414959,0.8522439400355021,0.4460623131857978,44.338932037353516,-16.494982613457573,-12.357478141784668,-13.585641225179037,-19.51766480339898,0.8176365797626811,0.7410143983674643,0.16786204085593523,51334_1372
2196,102.6696382,2.743927145,Healthy,Palong_Basemap,0.0913054429822498,0.016009088916083176,0.016679803012973733,0.08617009139723247,0.860364748371972,0.4586789243751102,43.79665162828233,-16.534805085923935,-12.099064085218641,-14.234590212504068,-20.866147147284615,0.9147827090755021,0.7016417323378017,0.028935546541512567,51334_1371
2197,102.6696445,2.743851985,Healthy,Palong_Basemap,0.09594008988804287,0.015580700813896127,0.01560975880258613,0.08539323881268501,0.8544170326656766,0.4476868510246277,42.735713958740234,-16.6522954305013,-12.276977645026314,-13.720497873094347,-20.644669002956814,0.8734112148345441,0.7205776480631567,0.05816278315148758,51334_1371
2198,102.6697046,2.743893323,Healthy,Palong_Basemap,0.08606967247194713,0.01642969623208046,0.016828383836481307,0.09108537187178929,0.8492483960257636,0.4550064769056108,42.32393815782335,-16.795208401150173,-12.21766291724311,-13.78485499487983,-20.980053159925674,0.9681794335780277,0.6794185868691136,-0.028312484233359598,51334_1371
2199,102.6697798,2.743930903,Healthy,Palong_Basemap,0.08674755195776622,0.016298842926820118,0.015972406292955082,0.08970463193125194,0.8458042873276604,0.4377029306358761,41.365086025661896,-17.011130862765842,-12.251168674892849,-13.506227175394693,-21.03502866956923,0.9635901088700539,0.6836601038769947,-0.016758534285671502,51334_1371
2200,102.6698474,2.743895828,Healthy,Palong_Basemap,0.10922686341736051,0.01906697452068329,0.016641028949783906,0.07276145741343498,0.8411442968580458,0.38043464223543805,42.988485972086586,-16.52931234571669,-12.070011774698893,-13.382282469007704,-20.935760286119248,0.9300858749842693,0.7027608679086957,0.20037223178639807,51334_1371
2201,102.66991,2.743850733,Healthy,Palong_Basemap,0.13440005398458904,0.020109204575419426,0.017629734033511743,0.06670533368984859,0.8237189186943902,0.3294994946983125,43.85349316067166,-16.105565600925022,-11.471738073560926,-13.178765932718912,-20.989804373847115,0.8368017956599427,0.739702270752799,0.336613161276062,51334_1371
2202,102.6699176,2.743934661,Healthy,Palong_Basemap,0.1224143687221739,0.018928483232027955,0.016370380918184917,0.06104882061481476,0.8281763129764133,0.32639608946111465,44.03431659274631,-16.228715472751194,-11.717166476779514,-13.294920179578993,-20.95449087354872,0.8572599338126511,0.7321621437473019,0.3344842544661193,51334_1371
2203,102.6699238,2.744012326,Healthy,Palong_Basemap,0.1177304196688864,0.017449948626259964,0.0159823682366146,0.061382115301158696,0.8610713018311394,0.2883780234389835,44.31649949815538,-17.518563588460285,-11.203947597079807,-14.187623765733507,-21.041400061713325,0.8279305253886998,0.7418271773285811,0.31459721329471124,51334_1372
2204,102.6698524,2.744044895,Healthy,Palong_Basemap,0.10145999905135897,0.019483197273479566,0.017813651408586238,0.06865824345085356,0.8669548034667969,0.31146374344825745,43.17453172471788,-18.0897282494439,-11.248533460828993,-14.191580348544651,-21.041357676188152,0.9849945263920761,0.677812429875756,0.1928173905281134,51334_1372
2205,102.6697785,2.744088738,Healthy,Palong_Basemap,0.10560245646370782,0.02113192445702023,0.021956404050191242,0.0862458021276527,0.8497622278001573,0.35116223163074917,42.199780782063804,-17.940417183770073,-11.37123934427897,-13.302826351589626,-20.473909378051758,0.9954816774837568,0.6665163106728207,0.10089564783220191,51334_1372
2206,102.6697096,2.744053664,Healthy,Palong_Basemap,0.11539575788709852,0.01886959353254901,0.01972414491077264,0.0882918859521548,0.8504823711183336,0.41740968492296004,42.99910566541884,-16.940882152981228,-11.912138726976183,-13.53266387515598,-20.323079427083332,0.8732936658411207,0.7189208782007813,0.13306586214102226,51334_1372
2207,102.6697773,2.744007315,Healthy,Palong_Basemap,0.09496407210826874,0.02034204349749618,0.019826587703492906,0.08772065117955208,0.852883928351932,0.37257931960953605,41.960910373263886,-17.62181027730306,-11.495511478847927,-13.654862191942003,-20.834495544433594,1.0467059848776676,0.6471645343245064,0.03964984481655102,51334_1372
2208,102.6698449,2.743969735,Healthy,Palong_Basemap,0.09042924559778637,0.019990181136462424,0.017999907334645588,0.08195420354604721,0.8557295468118455,0.34909315241707695,43.06701787312826,-17.16425100962321,-11.779678556654188,-13.790353139241537,-20.94749493069119,1.0775687048799623,0.6379227509562487,0.04916389649836823,51334_1371
2209,102.6697071,2.743975999,Healthy,Palong_Basemap,0.0945348482992914,0.01770295047511657,0.018120102170440886,0.09043295681476593,0.8513834873835245,0.43870584501160514,42.714558919270836,-16.859888500637478,-11.97036870320638,-13.847290568881565,-20.88457128736708,0.956522959598726,0.684545658086211,0.02217624565527016,51334_1371
2210,102.6693495,2.742850484,Healthy,Palong_Basemap,0.16102883219718933,0.026687877252697945,0.02668897497157256,0.10419873479339811,0.8806749714745415,0.23259035415119594,46.00905397203233,-16.20093493991428,-9.247149573432075,-14.131409221225315,-20.982298956976997,0.8855608442590295,0.7156579472236858,0.21426919550111484,51334_1371
2211,102.6692799,2.742877416,Healthy,Palong_Basemap,0.17045115596718258,0.02959077970849143,0.02937532878584332,0.09989169736703236,0.8890912930170695,0.1988739694158236,45.62418704562717,-16.874419106377495,-9.199907302856445,-14.26075659857856,-20.950615141126846,0.9139725309556335,0.7041542353752598,0.260999903381652,51334_1371
2212,102.6692969,2.742937544,Healthy,Palong_Basemap,0.16978557904561362,0.026297975331544876,0.02582949586212635,0.10510672132174174,0.8750593331125047,0.2684340973695119,44.8039796617296,-16.233859486050076,-10.032206111484104,-13.444447305467394,-20.57108603583442,0.8476005534747033,0.7317676598113697,0.2352879932884172,51334_1371
2213,102.6693157,2.743030867,Healthy,Palong_Basemap,0.14602405081192651,0.018906048499047756,0.019611881838904485,0.09142139926552773,0.8443347016970316,0.4259241753154331,43.06963560316298,-16.228219350179035,-12.338758786519369,-12.847256236606174,-19.975352393256294,0.7434251796558509,0.7707386513676856,0.22995871905984094,51334_1371
2216,102.6693539,2.743072205,Healthy,Palong_Basemap,0.12009366850058238,0.014752129092812538,0.014919018683334192,0.08144954136676258,0.8499536249372694,0.4042607049147288,42.58863745795356,-16.177554024590385,-11.994598812527126,-12.911908255683052,-20.32889959547255,0.7173548747662911,0.7812000172627532,0.1917411514843652,51334_1371
2219,102.6691979,2.74313797,Healthy,Palong_Basemap,0.07601453736424446,0.011722623370587826,0.010783948935568333,0.06082198189364539,0.8234694004058838,0.4111091196537018,40.054927825927734,-19.203376558091904,-13.928016344706217,-14.806473943922255,-20.909146202935112,0.8506695517089845,0.732778602079065,0.11102705296066702,51334_1371
2220,102.669233,2.743065942,Healthy,Palong_Basemap,0.10257220682170656,0.01291225084828006,0.01316364916662375,0.07076293933722708,0.8319163918495178,0.42567017674446106,42.297142028808594,-17.079401440090603,-12.643997510274252,-12.957349141438803,-20.231694327460396,0.7297099871432867,0.7763811493113876,0.18351308542650135,51334_1371
2221,102.6692543,2.743002682,Healthy,Palong_Basemap,0.13145597527424494,0.020690992578036256,0.019815930786232155,0.08982945399151908,0.8523310886489021,0.3417734073268043,43.08518642849393,-17.226113001505535,-11.33842987484402,-13.084746996561686,-20.40574328104655,0.859198532555104,0.7280130801144188,0.1881123462165797,51334_1371
2222,102.669176,2.74300143,Healthy,Palong_Basemap,0.10975370804468791,0.019562378318773374,0.017543769027623866,0.08713159544600381,0.8450887666808234,0.3079326003789902,41.61553446451823,-18.66818512810601,-11.540320820278591,-13.308545960320366,-20.777511596679688,0.9403733086711736,0.6974486489826096,0.11489995544412802,51334_1371
2223,102.6692242,2.742924391,Healthy,Palong_Basemap,0.14369677089982563,0.026858980663948588,0.025679328478872776,0.09353909641504288,0.87499514553282,0.23994987789127561,43.88334401448568,-17.89075491163466,-10.085487789577908,-13.752174801296658,-20.69552887810601,0.9631446244289739,0.6850416310480684,0.21142534243446237,51334_1371
2224,102.6691822,2.742864263,Healthy,Palong_Basemap,0.12270634290244845,0.03256692675252756,0.030186457145545218,0.09255576382080714,0.8883479038874308,0.12754488860567412,43.16867192586263,-20.350614971584744,-9.32037459479438,-15.397053718566895,-21.032644695705837,1.1949704761983548,0.580521144110732,0.14006449876662858,51334_1371
2228,102.6704859,2.742597134,Healthy,Palong_Basemap,0.06617997503942913,0.015538485513793098,0.016765461303293705,0.06659126612875196,0.8993909425205655,0.2653951330317391,45.796570248074005,-18.674168480767143,-11.63805209265815,-17.96767881181505,-21.07671356201172,1.0902057497052466,0.6197068469327547,-0.0030977422949737534,51335_1371
2229,102.6705485,2.742639724,Healthy,Palong_Basemap,0.07479594109786881,0.015136531140241358,0.01681861954016818,0.07838098539246453,0.8918685648176405,0.27425453894668156,45.05219395955404,-18.75511932373047,-11.459296332465279,-16.5700347688463,-21.07671356201172,0.9934745318881103,0.6633800725467651,-0.023404597394255475,51335_1371
2230,102.6705047,2.742694841,Healthy,Palong_Basemap,0.05959605135851436,0.021071971187161073,0.01941810827702284,0.07535058839453591,0.926644868320889,0.26727185646692914,47.805128733317055,-18.619159910413956,-10.832554393344456,-19.555486255221897,-21.07671356201172,1.391370174184229,0.4775632147117575,-0.11674641965781475,51335_1371
2231,102.6704345,2.74264223,Healthy,Palong_Basemap,0.05522460945778423,0.021981418650183413,0.01950516479296817,0.0646252723203765,0.9357297619183859,0.22144146925873226,47.78499391343858,-19.099971771240234,-10.839730262756348,-20.44002342224121,-21.07671356201172,1.4815694667374526,0.43057765853609714,-0.07843698068883101,51335_1371
2232,102.6703944,2.742698599,Healthy,Palong_Basemap,0.05395840605099996,0.024234920119245846,0.0207610461446974,0.07064925548103121,0.9398761126730177,0.17888062198956808,47.570699055989586,-20.483835644192165,-10.349865277608236,-20.962892532348633,-21.043877919514973,1.5738328966987305,0.3801281693406786,-0.1339472166062659,51335_1371
2233,102.6703418,2.742749958,Healthy,Palong_Basemap,0.06203481348024474,0.017773117559651535,0.018130996781918738,0.06521504662103123,0.9156346122423807,0.2132545312245687,45.72656716240777,-21.07671356201172,-10.48424858517117,-18.969103071424698,-20.67611461215549,1.228782535201697,0.5546027236123515,-0.024992036441182655,51335_1371
2234,102.670452,2.742747453,Healthy,Palong_Basemap,0.05644700386457973,0.023616192862391472,0.020107587799429893,0.07789065523280038,0.9365158147282071,0.25173164572980666,48.35099241468642,-19.721343782212998,-10.29415120018853,-20.75035349527995,-21.075320773654514,1.526247323300723,0.41006120595142825,-0.15962501886888136,51335_1371
2235,102.6705272,2.742780022,Healthy,Palong_Basemap,0.06997617375519541,0.020979465606311958,0.020597746181819174,0.07854496604866451,0.9305516613854302,0.2824141714307997,48.19342973497179,-18.766444312201607,-10.448233604431152,-20.318185806274414,-21.07671356201172,1.2663707404966174,0.5386879636362488,-0.05769409193051727,51335_1371
2236,102.6705974,2.742800065,Healthy,Palong_Basemap,0.0730188637971878,0.019064206319550674,0.020548261495100126,0.07828988217645222,0.9133775565359328,0.2796039382616679,46.01778327094184,-19.311164644029404,-10.426960945129395,-17.431522793240017,-21.07671356201172,1.1580775852547256,0.5859346067549226,-0.03483617781210542,51335_1371
2237,102.6706675,2.742830128,Healthy,Palong_Basemap,0.06932720045248668,0.01920516054249472,0.0208815298974514,0.07732289284467697,0.9106863803333707,0.2689576596021652,46.190098232693146,-19.987043804592556,-10.20560105641683,-17.586816999647354,-21.07671356201172,1.194545307447628,0.5661437167911201,-0.05452224551939604,51335_1371
2238,102.6707201,2.742786285,Healthy,Palong_Basemap,0.06983750561873119,0.020403341493672796,0.02042334795826011,0.08327538188960817,0.9030230773819817,0.24945787754323748,45.7058236863878,-20.56908565097385,-9.846080038282606,-17.86422496371799,-21.07671356201172,1.2453635448413234,0.5478025274240079,-0.08776450166642628,51335_1371
2240,102.6708504,2.74285894,Healthy,Palong_Basemap,0.09018322577079137,0.017038578788439434,0.019246591462029353,0.08701286796066496,0.8878889547453986,0.22362042135662502,44.97393671671549,-20.798866271972656,-9.470563146803114,-18.260085105895996,-21.07671356201172,0.9498397585780786,0.6821807120579267,0.017891804177868276,51335_1371
2243,102.6710508,2.742876477,Healthy,Palong_Basemap,0.12508801370859146,0.03233334287587139,0.03209132659766409,0.0935836715830697,0.8228845397631327,0.23963391449716356,40.998730977376304,-21.07671356201172,-8.857886791229248,-14.927011277940538,-21.00638919406467,1.165974201130592,0.5892127526099261,0.1440714287425998,51335_1371
2247,102.6711535,2.742848918,Healthy,Palong_Basemap,0.2089514227377044,0.03352211167414983,0.0318428480790721,0.16695407612456215,0.77585678630405,0.2215787453783883,37.02008056640625,-21.07671356201172,-8.392809391021729,-11.402268833584255,-21.005110634697807,0.8711610096734385,0.7234987995249762,0.11172315047333284,51335_1371
2249,102.6713176,2.742780022,Healthy,Palong_Basemap,0.20569376150767008,0.036962774478726916,0.0408440236416128,0.26629670792155796,0.7434117661582099,0.06750640066133605,30.246511035495335,-21.07671356201172,-6.526311344570583,-7.981640021006267,-21.01920657687717,0.9227333187868719,0.6953490304435977,-0.12839866552215395,51335_1371
2250,102.6710959,2.742817602,Healthy,Palong_Basemap,0.30038488573498195,0.046542906719777316,0.0417360584768984,0.21959459781646729,0.775927205880483,0.21369285881519318,36.07273059421115,-21.07671356201172,-7.609497865041097,-10.35917001300388,-20.989653057522244,0.85555485343919,0.7316853378021211,0.15537206846454527,51335_1371
2251,102.6710233,2.742795054,Healthy,Palong_Basemap,0.20870796342690787,0.04165943753388193,0.037518583031164274,0.16001371873749626,0.7941627502441406,0.22171469860606724,37.48487430148654,-21.07671356201172,-8.018923812442356,-11.702801280551487,-20.99042722913954,1.0113188607747872,0.6672135639543085,0.1320623306000758,51335_1371
2252,102.6709757,2.742847666,Healthy,Palong_Basemap,0.09622169534365337,0.026156914213465318,0.026513448192013636,0.08283558363715808,0.8481494519445631,0.22298917836613125,42.39142396714952,-21.02738422817654,-9.14552370707194,-16.333407402038574,-21.05803108215332,1.1954101264441228,0.5725247360118615,0.07475882456546097,51335_1371
2253,102.6709018,2.742815097,Healthy,Palong_Basemap,0.11506802009211646,0.024434925574395392,0.022381381028228335,0.10753309271401829,0.8399270110660129,0.19868036442332798,40.089759826660156,-21.05171691046821,-8.938311047024197,-14.365679846869575,-21.074476030137802,1.0491637456380292,0.6496858835825847,0.03384945961460852,51335_1371
2254,102.6709556,2.742768748,Healthy,Palong_Basemap,0.1552132839957873,0.031785302278068334,0.02931784714261691,0.143923819065094,0.7689244813389249,0.1843795528014501,34.677123387654625,-21.042573504977756,-8.075997511545816,-10.289147906833225,-20.546877755059135,1.0249118875073706,0.6600476729645496,0.03774010249873829,51335_1371
2255,102.6692244,2.743775886,Healthy,Palong_Basemap,0.10299771693017748,0.018600348693629105,0.02000941460331281,0.06334009187089072,0.8502273824479845,0.25486047400368583,44.044943491617836,-16.891061782836914,-10.629068692525228,-14.249901347690159,-21.07671356201172,0.9288109735426382,0.694068345607177,0.23841618057332545,51334_1371
2256,102.6691618,2.743735801,Healthy,Palong_Basemap,0.10599925782945421,0.018838306061095662,0.02057307379113303,0.08943827450275421,0.8559696343210008,0.23236199054453108,41.10433832804362,-18.40177133348253,-10.104024039374458,-13.847861607869467,-21.07671356201172,0.917548965945124,0.6981949106662806,0.0847379882925933,51334_1371
2257,102.6691568,2.743659389,Healthy,Palong_Basemap,0.09313155131207572,0.018666013040476374,0.01886882374270095,0.09546272166901165,0.8673243059052361,0.21790334582328796,40.7900522020128,-19.07681655883789,-10.179299778408474,-14.309986644321018,-21.07671356201172,0.999971226526288,0.6660747817078849,-0.012360769603908955,51334_1371
2258,102.6691518,2.743581724,Healthy,Palong_Basemap,0.07366488749782245,0.017600363741318386,0.018896638622714415,0.0904599204659462,0.8613418009546068,0.18806842300626966,39.851501888699005,-20.519909540812176,-10.594468222724068,-14.979385481940376,-21.07671356201172,1.1020697111987192,0.6143030671070976,-0.10233086135175454,51334_1371
2259,102.6691493,2.74350907,Healthy,Palong_Basemap,0.0724624784456359,0.017352391862206988,0.018155589182343747,0.06774728124340375,0.8486222094959683,0.17374184976021448,39.142236921522354,-20.836164050632053,-10.851304796006945,-15.368803766038683,-21.07671356201172,1.1076921199894523,0.6135964611933148,0.0336295933513446,51334_1371
2260,102.6691493,2.743422636,Healthy,Palong_Basemap,0.07739798890219794,0.017030699075096183,0.017311421326465078,0.05656333640217781,0.8362977041138543,0.16454320732090208,38.37732611762153,-20.856304592556423,-11.25449964735243,-15.623909950256348,-21.07671356201172,1.0580471949816652,0.6392897234960778,0.15552736920660773,51334_1371
2262,102.6692219,2.743382551,Healthy,Palong_Basemap,0.0903374780383375,0.011804004199802876,0.009497441610114442,0.06267694673604435,0.8223674032423232,0.265870589349005,38.801364474826386,-19.406444973415798,-12.367301199171278,-14.545664999220106,-21.06222809685601,0.7649853668543861,0.7688695338827739,0.18077074330134765,51334_1371
2263,102.6692883,2.743346224,Healthy,Palong_Basemap,0.12225416840778457,0.012746620509359572,0.011841681837621663,0.06434394708938068,0.8235320713784959,0.41010548008812797,40.468707190619575,-17.39497576819526,-13.351895544264051,-13.369834582010904,-20.849958843655056,0.6389720203751762,0.8111622811747755,0.3103472999398198,51334_1371
2264,102.669356,2.743308644,Healthy,Palong_Basemap,0.1391789341966311,0.013336163324614366,0.013665638915780518,0.06321242824196815,0.8147476514180502,0.456004712316725,41.68875969780816,-15.85079214307997,-13.434261427985298,-12.518170568678114,-20.791220982869465,0.5943134420133998,0.825116810842197,0.37534460482575877,51334_1371
2268,102.6696466,2.743148304,Healthy,Palong_Basemap,0.13195198939906227,0.02324664747963349,0.02580229017055697,0.07663652135266198,0.7901929219563802,0.252676773402426,39.417554219563804,-19.429736455281574,-11.376644982231987,-12.444711685180664,-20.176247702704536,0.9105282168761627,0.7004271693725865,0.2651894289242057,51334_1371
2269,102.6697042,2.743106966,Healthy,Palong_Basemap,0.14111966805325615,0.023339376267459657,0.02691296984752019,0.06709603882498211,0.7912644412782457,0.24428274730841318,40.69770304361979,-18.607463200887043,-11.348901006910536,-12.46706920199924,-19.071582370334202,0.8696092450465356,0.7161679205438536,0.3555141460656571,51334_1371
2270,102.6697719,2.743139535,Healthy,Palong_Basemap,0.19531224502457512,0.02621593015889327,0.029270841015709773,0.09436431734098329,0.796247230635749,0.3108300252093209,42.320186614990234,-16.263859536912705,-10.818945990668404,-11.496469073825413,-17.261658562554253,0.7570979256839486,0.7633174187691352,0.3484849684048661,51334_1371
2271,102.669827,2.743169599,Healthy,Palong_Basemap,0.20306268996662563,0.02427350626223617,0.025651140552428033,0.09775406867265701,0.7977877060572306,0.37661152415805393,43.602714114718964,-14.911788092719185,-11.16513188680013,-11.080040295918783,-16.357184727986652,0.7003803637263146,0.7864527808163045,0.35007564661730495,51334_1371
2272,102.669837,2.743261043,Healthy,Palong_Basemap,0.18652739624182382,0.02408512992163499,0.023174433451559808,0.10316049142016305,0.8282399574915568,0.339671512444814,44.39671156141493,-14.527480337354872,-10.611551496717665,-11.121202256944445,-16.379127078586155,0.7471961766753842,0.7712849244024332,0.2877818106048493,51334_1371
2273,102.6698395,2.743336203,Healthy,Palong_Basemap,0.18080303900771671,0.023484605881902907,0.0220519175959958,0.10365536974536048,0.8472909265094333,0.32820963197284275,45.5040168762207,-14.560667355855307,-10.548691431681315,-11.57809829711914,-16.878014882405598,0.752036315312921,0.7700829544087987,0.2712089602150728,51334_1371
2274,102.6698433,2.743407604,Healthy,Palong_Basemap,0.17231180436081356,0.023498130755292043,0.022322093240088887,0.10355864465236664,0.8597095939848158,0.2782224830653932,45.13607660929362,-15.535208490159777,-9.75158256954617,-12.098672866821289,-18.3068298763699,0.7779866831755936,0.7599904137513878,0.24922263313952164,51334_1371
2275,102.6699021,2.7434527,Healthy,Palong_Basemap,0.15701879892084333,0.025626691265238657,0.025431328970525,0.09875927368799846,0.8682586683167351,0.2683142324288686,44.284081353081596,-17.895877838134766,-8.914836141798231,-12.679918924967447,-20.052406311035156,0.8772377006740307,0.7193832572692618,0.22777372836779658,51334_1371
2276,102.6699109,2.743524102,Healthy,Palong_Basemap,0.15612520443068612,0.02699486373199357,0.027805571547812886,0.10535048031144673,0.8675803277227614,0.2503274530172348,43.04359647962782,-19.591058095296223,-8.553453233506945,-12.89312998453776,-20.83397822909885,0.9076935645781934,0.7051676093959081,0.19418526112404444,51334_1371
2277,102.6699147,2.74360803,Healthy,Palong_Basemap,0.1565978940990236,0.025279056280851364,0.025574722430772252,0.1322191986772749,0.8566182255744934,0.25059621698326534,41.45955022176107,-19.27455626593696,-9.01352236005995,-12.88878960079617,-21.07671356201172,0.8689546543177064,0.7220202315020943,0.08440876953439547,51334_1371
2279,102.6698508,2.743730791,Unhealthy,Palong_Basemap,0.14178499662213856,0.02362823962337441,0.022269558782378834,0.09246792478693856,0.848199274804857,0.3141212827629513,41.97890938652886,-17.42684088812934,-10.543135325113932,-13.218480639987522,-21.0740720960829,0.8945387887525664,0.7143125887664222,0.210529164539542,51334_1371
2280,102.6697806,2.743770876,Unhealthy,Palong_Basemap,0.10877156919903225,0.01833023161937793,0.017214351954559486,0.0925794103079372,0.845776379108429,0.3917728927400377,40.61876254611545,-17.427138222588432,-11.86735004848904,-13.144151475694445,-21.03233994377984,0.901599217854626,0.7115661383025366,0.08041758192954099,51334_1371
2281,102.6697092,2.743734549,Unhealthy,Palong_Basemap,0.12047055777576235,0.019592869509425428,0.018729810292522114,0.0974656417965889,0.8369943963156806,0.3340439630879296,39.191685146755646,-18.14963722229004,-11.495242012871635,-12.670949935913086,-20.75567075941298,0.8786724405552503,0.7202286151468829,0.10555803039749803,51334_1371
2282,102.6697781,2.743695716,Unhealthy,Palong_Basemap,0.12757721708880532,0.02474486579497655,0.02252044218281905,0.10037856383456124,0.8376071121957567,0.2728654394547145,38.83847893608941,-19.353858523898655,-10.639528804355198,-12.69573179880778,-21.01470269097222,0.9918408447811493,0.6750981167470471,0.11931547927441082,51334_1371
2285,102.669842,2.743494038,Healthy,Palong_Basemap,0.1567351801527871,0.023431804445054796,0.023023110090030566,0.09890303843551213,0.8599393235312568,0.24442213277022043,42.603203243679474,-19.143999311659073,-8.933648003472221,-12.668957180447048,-20.72822337680393,0.827168231656576,0.7398879212264345,0.22622650883987186,51334_1371
2289,102.6696416,2.743690705,Unhealthy,Palong_Basemap,0.1259727966454294,0.022411663809584245,0.019644715305831697,0.09169658273458481,0.82090691725413,0.2880653589963913,39.08621597290039,-17.957570181952583,-11.160500420464409,-11.959956698947483,-20.393746693929035,0.9414646085424707,0.6979243818273156,0.15746915808035672,51334_1371
2290,102.6697092,2.743655631,Healthy,Palong_Basemap,0.12666446384456423,0.024360605619019933,0.02165659372177389,0.09818285206953685,0.8269895513852438,0.2769203202592002,38.403246561686196,-18.982531441582573,-10.903119299146864,-12.283590740627712,-20.790005366007488,0.9890509591403437,0.6773965315090438,0.12667089958017677,51334_1371
2291,102.6697744,2.743616799,Healthy,Palong_Basemap,0.1341946158144209,0.02519204964240392,0.02211546070045895,0.09928061647547616,0.8276704947153727,0.24877259963088566,38.57422637939453,-19.883946312798393,-10.160420205858019,-12.296439700656467,-20.97458161248101,0.9750463280327025,0.6838876129292256,0.14954048442960063,51334_1371
2292,102.6697769,2.743540386,Healthy,Palong_Basemap,0.14766450971364975,0.024068892209066287,0.020644919325908024,0.10065246042278078,0.8182903461986117,0.2613157216045592,39.086249881320526,-19.384587075975205,-9.852855364481607,-11.763315200805664,-20.94528643290202,0.88959859818278,0.7196946902630179,0.18932274046771577,51334_1371
2293,102.6697819,2.743451448,Healthy,Palong_Basemap,0.19258114529980552,0.02225154038104746,0.02034896260334386,0.1060162021054162,0.8433385954962836,0.264116558763716,42.69649124145508,-16.838025199042427,-9.440375328063965,-11.78365813361274,-19.895740085177952,0.6914894072957303,0.7928477195122583,0.28990526522298077,51334_1371
2294,102.6697719,2.743376288,Healthy,Palong_Basemap,0.2106974571943283,0.021101339823669858,0.020972215467029147,0.10816205624077055,0.8386452727847629,0.2837574846214718,42.772469414605034,-15.141210026211208,-9.528215832180447,-11.28574996524387,-19.496491538153755,0.6163846666752352,0.8179340005631571,0.3215692072315351,51334_1371
2295,102.6697681,2.743298623,Healthy,Palong_Basemap,0.20271260870827568,0.024917377365960017,0.026333676651120186,0.10999717894527647,0.8313512007395426,0.30722305840916103,43.23662397596571,-15.037095387776693,-10.031046549479166,-11.316327836778429,-17.63935195075141,0.7147815386173589,0.781071221804373,0.2964903352040827,51334_1371
2296,102.6697042,2.743257285,Healthy,Palong_Basemap,0.19750859836737314,0.023452633681396644,0.0279378073496951,0.10966728379329045,0.8313053647677103,0.3039514455530379,42.334425608317055,-15.796639442443848,-9.797119034661186,-11.617662005954319,-19.27102173699273,0.6888926634063934,0.7877217332294721,0.28596422986144027,51334_1371
2297,102.6697693,2.743219706,Healthy,Palong_Basemap,0.19155422184202406,0.02697556507256296,0.028799667954444885,0.09786851207415263,0.8128783371713426,0.315584702624215,42.79144626193576,-15.598545922173393,-10.417371008131239,-11.353139241536459,-17.204250865512424,0.7867319403285178,0.7531177286773594,0.32369851704532965,51334_1371
2298,102.6696967,2.743177115,Healthy,Palong_Basemap,0.17417762097385195,0.02538506334854497,0.02872591983113024,0.0755847833222813,0.7944701446427239,0.2644588268465466,40.92434310913086,-18.08444097306993,-10.878333515591091,-12.007871521843803,-18.836277219984268,0.8005580901955499,0.7455930858543175,0.39474651090671387,51334_1371
2299,102.6696328,2.743219706,Healthy,Palong_Basemap,0.14567826439936957,0.02532601294418176,0.02943026026089986,0.09601885825395584,0.807395961549547,0.28237655924426186,40.399247063530815,-18.272938198513454,-10.57223457760281,-12.171840137905544,-20.278391308254665,0.8974468881347301,0.7037967314314455,0.20546130462894233,51334_1371
2300,102.6696341,2.74329737,Healthy,Palong_Basemap,0.16669613122940063,0.022579093567199178,0.027750323423080973,0.10515152166287105,0.8264384931988187,0.32200366920895046,41.56472396850586,-16.388316472371418,-10.020330429077148,-11.927465438842773,-20.515899870130752,0.7538783355385077,0.7614152238734545,0.2263937499983441,51334_1371
2301,102.6697042,2.74333495,Healthy,Palong_Basemap,0.22166342867745292,0.02105712838884857,0.02449596280025111,0.11551967925495571,0.8382174571355184,0.31499096751213074,42.68813154432509,-14.815296385023329,-9.534829351637098,-11.412412431504992,-19.822542190551758,0.5843649883722325,0.8264907707582707,0.3147955722733734,51334_1371
2302,102.6695614,2.743258538,Healthy,Palong_Basemap,0.13188408977455562,0.019423264182276197,0.0228952347404427,0.09976258791155285,0.8183156251907349,0.3541733920574188,41.077392154269745,-16.651991102430557,-10.643416510687935,-12.114674356248644,-21.07671356201172,0.8025070575408697,0.7432608042591549,0.13866592943987238,51334_1371
2303,102.6694938,2.743299876,Healthy,Palong_Basemap,0.13017540921767554,0.013902094525595507,0.01585791042695443,0.07980987346834606,0.8129924933115641,0.388306544886695,40.97984398735894,-16.337172508239746,-11.561695098876953,-12.235703998141819,-21.07671356201172,0.6397742181140548,0.8070192200113713,0.23985269398445433,51334_1371
2304,102.6695614,2.743341214,Healthy,Palong_Basemap,0.1630149342947536,0.017917953121165436,0.020655115135014057,0.11231064879231983,0.8267634312311808,0.3991917570432027,42.59374576144748,-14.619170294867622,-10.393467161390516,-11.787007331848145,-21.07671356201172,0.6530284088667392,0.8019381288048913,0.18416118449260935,51334_1371
2305,102.6696391,2.74337253,Healthy,Palong_Basemap,0.2359843510720465,0.01761944778263569,0.01925436479763852,0.11304022454553181,0.8269447949197557,0.36739035778575474,42.599462297227646,-13.968483395046658,-9.752419683668348,-11.27829647064209,-20.92234230041504,0.48525454875770424,0.8610474459593419,0.35225062965544,51334_1371
2306,102.669703,2.74341512,Healthy,Palong_Basemap,0.23717445962958866,0.018855654841495886,0.02058633313410812,0.1144908724559678,0.8314221766259935,0.31983761654959786,42.319640689425995,-14.563721126980251,-9.494085629781088,-11.17742273542616,-20.368096669514973,0.5105227785732624,0.8527075232501574,0.34886460500966654,51334_1371
2307,102.6697017,2.743492785,Healthy,Palong_Basemap,0.2019294814931022,0.023347004420227475,0.019155776956015162,0.11226420021719402,0.8069565229945712,0.3105007807413737,40.0785280863444,-16.3366945054796,-9.873549037509495,-11.050921758015951,-20.975191328260635,0.6974999866582021,0.7927257758343254,0.28538219097156914,51334_1371
2308,102.6697067,2.743572955,Healthy,Palong_Basemap,0.1699268702003691,0.026715561126669247,0.020655835047364235,0.10666806085242166,0.8058399226930406,0.28096558153629303,38.93132781982422,-17.93296856350369,-10.151860766940647,-11.329108874003092,-20.917060640123154,0.8758704012886942,0.7282828436733647,0.22870559885956077,51334_1371
2309,102.6696366,2.743615546,Healthy,Palong_Basemap,0.15290289537774193,0.024950520859824285,0.020662289319766894,0.09597950180371602,0.8091588748825921,0.2770133796665404,39.21136008368598,-17.443850729200577,-10.807110786437988,-11.493479410807291,-20.626796510484482,0.8932184969462973,0.7194260151123907,0.22871602901077642,51334_1371
2310,102.6696378,2.743536628,Healthy,Palong_Basemap,0.18643611503971946,0.027288786239094205,0.02021095384326246,0.10217670268482631,0.8041094541549683,0.3005877087513606,40.0559336344401,-16.32866446177165,-10.446140819125706,-11.159760369194878,-20.853051715426975,0.8357185936793645,0.7446363425523845,0.2919461894284645,51334_1371
2311,102.6696366,2.743460216,Healthy,Palong_Basemap,0.24365537696414524,0.021703347977664735,0.018236194116373856,0.11065039452579287,0.816326015525394,0.3585400912496779,42.16605122884115,-14.190756267971462,-9.847138298882378,-11.080609427558052,-21.03538089328342,0.5687119861736076,0.8364225786627215,0.3753960368159838,51334_1371
2312,102.6695677,2.743416373,Healthy,Palong_Basemap,0.22106715540091196,0.01990331160939402,0.017754251861737833,0.10898381388849682,0.8236096435123019,0.41349303391244674,43.40102428860135,-13.578879992167154,-10.331925392150879,-11.501998371548122,-21.07671356201172,0.5714661679947518,0.8348070462216204,0.33959403831998336,51334_1371
2313,102.6694988,2.743381299,Healthy,Palong_Basemap,0.14983485970232222,0.013780413195490837,0.015477996836933825,0.08249297613898914,0.8174264828364054,0.4422786931196849,43.95219845241971,-13.587808397081163,-11.180900679694282,-11.685675726996529,-21.07671356201172,0.5715829339132888,0.8315510165839166,0.2898571465596147,51334_1371
2314,102.6694311,2.743341214,Healthy,Palong_Basemap,0.14638659937514198,0.01402185702075561,0.015615844478209814,0.06474456232455042,0.8129476838641696,0.46207694874869454,42.55058288574219,-14.988575723436144,-13.03690634833442,-12.12441889444987,-20.84627405802409,0.590250586534362,0.8251730945387462,0.3866887123309496,51334_1371
2315,102.669361,2.743382551,Healthy,Palong_Basemap,0.15834822174575594,0.013327455458541712,0.012668808249549733,0.06442274029056232,0.8075376947720846,0.43153779374228585,41.95481745402018,-15.613209300571018,-13.081722047593859,-12.413994683159721,-20.934220419989693,0.5393767227468514,0.8447368238113105,0.4216235392469194,51334_1371
2316,102.6692896,2.743420131,Healthy,Palong_Basemap,0.1227704497675101,0.012531666395564875,0.010879198710123697,0.06365752882427639,0.8113315635257297,0.338770803478029,40.37401156955295,-17.582192420959473,-12.37834718492296,-13.342185656229654,-21.07671356201172,0.6316643437927151,0.814760230646195,0.3170818103041861,51334_1371
2317,102.6692244,2.743456458,Healthy,Palong_Basemap,0.08822230539388126,0.013280893055101236,0.011262869772811731,0.06172767571277089,0.8207576672236124,0.24800190329551697,38.86994637383355,-19.522185431586372,-11.850396156311035,-14.442592938741049,-21.07671356201172,0.8429171426624872,0.7383157721522151,0.1766897833902762,51334_1371
2318,102.6692232,2.743537881,Healthy,Palong_Basemap,0.08583296255932914,0.01787545769992802,0.015666891717248492,0.06914397577444713,0.8435768220159743,0.23775024712085724,40.3154182434082,-19.181253645155167,-11.039824591742622,-14.334156566196018,-21.07671356201172,1.0419151887931328,0.6552747085484136,0.10768690467312418,51334_1371
2319,102.6692232,2.743619304,Healthy,Palong_Basemap,0.08469207502073711,0.018874722636408277,0.015842143032285903,0.07072646501991484,0.8577861852116055,0.2373476806614134,41.42018296983507,-18.567841000027126,-10.751985126071506,-14.41477002037896,-21.07671356201172,1.0919422978798892,0.6355063000230547,0.089858069681837,51334_1371
2320,102.6692933,2.743733296,Healthy,Palong_Basemap,0.10180101543664932,0.01777788499991099,0.016772317596607737,0.06397531222965983,0.8566590680016412,0.2771729032198588,44.737645890977646,-16.185454474555122,-10.919442494710287,-14.389978302849663,-21.07671356201172,0.9227529207690526,0.7026584968584383,0.22817312784928365,51334_1371
2321,102.6692883,2.743656884,Healthy,Palong_Basemap,0.10187642938560909,0.018655296311610274,0.01612726588630014,0.06788310863905483,0.8522452579604255,0.2670178910096486,43.49611579047309,-16.671143107944065,-10.902694702148438,-14.206324365403917,-21.07671356201172,0.9609056096220365,0.6904500254402206,0.20024395178087404,51334_1371
2322,102.6692883,2.743581724,Healthy,Palong_Basemap,0.09688900079992083,0.017379615662826434,0.015265492411951223,0.06479884228772587,0.8270042803552415,0.27655453483263653,41.48455259535048,-17.63298553890652,-11.37364673614502,-13.716569264729818,-21.07671356201172,0.9463848645883213,0.695811217448452,0.19846982864877316,51334_1371
2323,102.6692908,2.743492785,Healthy,Palong_Basemap,0.09599565797381931,0.015049158905943235,0.012936924687690206,0.05994549890359243,0.816504591041141,0.3049483978086048,40.87493472629123,-17.737471050686306,-11.829998122321236,-13.539024776882595,-21.07671356201172,0.8659461374242019,0.7289534202710568,0.231177963483794,51334_1371
2324,102.6693622,2.743536628,Healthy,Palong_Basemap,0.10823526481787364,0.016514308129747707,0.01558386493060324,0.06143514025542471,0.814485126071506,0.3011057625214259,42.804693433973526,-16.0275297164917,-11.591654989454481,-13.152773115370008,-21.07671356201172,0.8423102556492365,0.735240646688521,0.2758296271069258,51334_1371
2325,102.6693597,2.743619304,Healthy,Palong_Basemap,0.11116846319701937,0.01728056578172578,0.016006503357655473,0.06098718113369412,0.8297781878047519,0.2722264412376616,43.29577382405599,-16.12123425801595,-11.26108529832628,-13.502873420715332,-21.07671356201172,0.8547536874101987,0.7309350499709071,0.2914878699354538,51334_1371
2326,102.6693647,2.743694463,Healthy,Palong_Basemap,0.11189507693052292,0.016785215793384448,0.015459438061548604,0.06484994375043446,0.8413782252205743,0.27041178445021313,43.828055911593964,-15.991465992397732,-11.10907374487983,-13.752289772033691,-21.07671356201172,0.8344369794852673,0.7391175379217033,0.2661751544616902,51334_1371
2327,102.6694349,2.743737054,Healthy,Palong_Basemap,0.11743328554762734,0.0171588993527823,0.016991066539453134,0.06524822115898132,0.8426075842645433,0.31784233782026505,43.61758677164713,-15.811339802212185,-11.505233764648438,-13.171781433953178,-20.713336520724827,0.8134967711235408,0.7450238382640288,0.28566145161292444,51334_1371
2328,102.669495,2.743693211,Healthy,Palong_Basemap,0.1335440832707617,0.017292060785823397,0.017349192458722327,0.06911930855777529,0.8226366109318204,0.3098418282137977,42.148431566026474,-15.95791212717692,-11.604811880323622,-12.151974889967176,-20.302640914916992,0.745840130924372,0.7707172787533416,0.3178905382551422,51334_1371
2330,102.6694336,2.743576713,Healthy,Palong_Basemap,0.12326861917972565,0.015478103214667903,0.01696296429468526,0.06495650319589509,0.8070082465807596,0.32261977593104046,43.716824001736114,-15.26697423723009,-11.583886570400661,-12.620646158854166,-21.06558609008789,0.7233274393399546,0.7768869354524898,0.3097998569365428,51334_1371
2331,102.6694274,2.743501554,Healthy,Palong_Basemap,0.13001297414302826,0.01451928209927347,0.015666078879601426,0.06351830851700571,0.8016653921869066,0.36983345614539254,43.8116455078125,-14.832299974229601,-11.862505276997885,-12.387962341308594,-21.07671356201172,0.6648113604202089,0.7990859275740834,0.34358613611232125,51334_1371
2332,102.6694261,2.743421384,Healthy,Palong_Basemap,0.1576847806572914,0.012857744573718972,0.013688630424439907,0.06759706263740857,0.8014572593900893,0.41748687624931335,43.59959030151367,-14.492679807874891,-12.250456386142307,-12.118923717074924,-21.07671356201172,0.5219063908223491,0.8492136250908404,0.3998889422350632,51334_1371
2333,102.6695,2.743457711,Healthy,Palong_Basemap,0.1847114877568351,0.017292468912071653,0.016303182993498113,0.09538505060805215,0.812838163640764,0.4187658164236281,44.39947636922201,-13.552333725823296,-10.9846527311537,-11.631012280782064,-21.07671356201172,0.5871815837624449,0.8287907900693772,0.31891303502086005,51334_1371
2334,102.6695714,2.743494038,Healthy,Palong_Basemap,0.21873205734623802,0.021046051445106666,0.017442229203879833,0.10241423298915227,0.8089819020695157,0.367353230714798,42.865252600775825,-14.155231475830078,-10.533886909484863,-11.247403038872612,-21.06633843315972,0.6050619764014176,0.8244539374241127,0.3621957589346862,51334_1371
2335,102.6695714,2.743574208,Healthy,Palong_Basemap,0.1845679043067826,0.025318857489360705,0.01962087158527639,0.09282775306039387,0.8064228627416823,0.32383016414112514,41.8716197543674,-15.07044612036811,-10.800763236151802,-11.30693350897895,-20.85889434814453,0.7948579412710935,0.7587379282743698,0.33071949329385614,51334_1371
2336,102.6695714,2.743653126,Healthy,Palong_Basemap,0.13749268899361292,0.02176291381733285,0.018961158270637195,0.08522763268815146,0.8207413554191589,0.3056941628456116,40.61234622531467,-16.67574903700087,-11.467273182339138,-11.929082234700521,-20.121268802218967,0.8706050283693441,0.7266920166925888,0.23466676013579388,51334_1371
2337,102.6694925,2.743609283,Healthy,Palong_Basemap,0.1329299360513687,0.01678221600337161,0.017727452019850414,0.06896376320057446,0.8109718958536783,0.3122922049628364,42.547938876681854,-15.35951985253228,-11.43764623006185,-11.801526175604927,-20.616035885281033,0.7287829854799788,0.7758068964604102,0.31683095157403035,51334_1371
2338,102.6694988,2.743537881,Healthy,Palong_Basemap,0.1368862489859263,0.01670828316774633,0.01768094218439526,0.06930857482883665,0.8069757686720954,0.33789589669969344,43.367018381754555,-14.67871708340115,-11.169908735487196,-11.66402424706353,-20.903971354166668,0.7110522053366043,0.7824364847697891,0.3277370057446189,51334_1371
2339,102.6698357,2.743098198,Healthy,Palong_Basemap,0.20658223662111494,0.02350505068898201,0.026394590735435486,0.10776559015115102,0.7991779645284017,0.37004346317715114,43.34489991929796,-15.257362577650282,-11.211838828192818,-11.46187580956353,-17.169765684339737,0.6716042293894272,0.7956857941716405,0.31435447632839253,51334_1371
2340,102.6698445,2.743015522,Healthy,Palong_Basemap,0.18684118654992846,0.023337627450625103,0.026334562442368932,0.10473325269089805,0.8259161909421285,0.4184644752078586,44.531907399495445,-14.498195436265734,-11.150488959418404,-12.092790285746256,-18.874221801757812,0.7184925853951524,0.7779259763968063,0.28160196097029344,51334_1371
2342,102.6699785,2.743646862,Healthy,Palong_Basemap,0.16485003961457145,0.02704683629175027,0.026011763140559196,0.14255605969164106,0.8509165313508775,0.2510611232784059,41.415917290581596,-19.0269169277615,-9.0037628809611,-12.575993961758083,-21.07671356201172,0.883322530492048,0.7181107179154523,0.07252289389587865,51334_1371
2343,102.6700449,2.7436882,Healthy,Palong_Basemap,0.15525861663950813,0.02603852127989133,0.024467518139216635,0.12385280513101155,0.8373283611403571,0.22945593463049996,41.58737818400065,-17.228322347005207,-9.816362592909071,-12.527304331461588,-21.07671356201172,0.8986424285933472,0.7127530905483189,0.11252069624838883,51335_1371
2344,102.6700512,2.743609283,Healthy,Palong_Basemap,0.174244681166278,0.027497878712084558,0.026443707446257275,0.13202647285328972,0.8437981671757169,0.23877998689810434,41.194498697916664,-18.58449384901259,-9.19557433658176,-12.400807698567709,-21.07671356201172,0.8603702384624862,0.7273963537623002,0.13784585247062134,51335_1371
2345,102.6699823,2.743566692,Healthy,Palong_Basemap,0.15934635036521488,0.028108067396614287,0.02752391414509879,0.12813696679141787,0.8582135836283366,0.259464583463139,41.809999254014755,-20.326034757826065,-8.497494061787924,-12.639007144504124,-21.07671356201172,0.9250395736543273,0.7001077090396762,0.10856067712893704,51334_1371
2346,102.6699823,2.74349028,Healthy,Palong_Basemap,0.15935806764496696,0.027857406478789117,0.028037329100900225,0.11395666003227234,0.8634284800953336,0.2668881830241945,42.52767096625434,-20.335954878065323,-8.349949624803331,-12.727369838290745,-20.96710862053765,0.9167005042781405,0.7024027355732958,0.16611401807190462,51334_1371
2347,102.6700537,2.743536628,Healthy,Palong_Basemap,0.1755684365828832,0.028595685131020017,0.027230829207433596,0.12310491171148089,0.8480847809049818,0.2570949047803879,41.26128853691949,-19.935226440429688,-8.692367447747124,-12.371723810831705,-21.07671356201172,0.8798989245216178,0.7198755110254742,0.17565519377944544,51335_1371
2348,102.6700487,2.74344769,Healthy,Palong_Basemap,0.18122338089678022,0.024265788702501193,0.025297962543037202,0.1376337798105346,0.8510418666733636,0.27297818826304543,41.75957277086046,-19.620284186469185,-8.657194349500868,-12.281770388285318,-20.956924438476562,0.761121687910881,0.7638241592019548,0.13670573052068719,51335_1371
2349,102.669981,2.74341011,Healthy,Palong_Basemap,0.1648230188422733,0.021346856529513996,0.022080802358686924,0.10881869826051924,0.8628907336129082,0.3036356767018636,44.184496561686196,-16.800377951727974,-9.37944475809733,-12.343377961052788,-19.845511118570965,0.7438008983264276,0.7706733542482787,0.20466294823283923,51334_1371
2350,102.669976,2.743333698,Healthy,Palong_Basemap,0.15750578376981947,0.01862460519704554,0.018649184248513646,0.10609061188167995,0.8558973405096266,0.35424412621392143,44.777307722303604,-15.18032349480523,-10.335536744859484,-11.94654115041097,-18.999637179904514,0.6981908352722763,0.7885134381830118,0.19505263628913758,51334_1371
2351,102.669976,2.74325478,Healthy,Palong_Basemap,0.15465598139497969,0.017860045035680134,0.016102146150337324,0.09155282626549403,0.8464367190996805,0.4103393620914883,45.35399712456597,-14.210270563761393,-11.212599436442057,-11.704449335734049,-18.42786110772027,0.6919875710603801,0.7929462507895321,0.2562993409094691,51334_1371
2352,102.669976,2.743169599,Healthy,Palong_Basemap,0.16418996867206362,0.018602803763416078,0.016517589903540082,0.0700795708431138,0.8429889612727695,0.4692007667488522,46.48898781670464,-13.252759191724989,-11.514223204718697,-12.336223390367296,-19.129378000895183,0.6829437283168595,0.7964601825820843,0.4017184565424596,51334_1371
2353,102.6699134,2.743138283,Healthy,Palong_Basemap,0.18543859985139635,0.019673100983103115,0.0177469365298748,0.07621470176511341,0.8211346732245551,0.4712807635466258,45.92458301120334,-13.187753147549099,-11.851044336954752,-11.499744203355577,-17.454192691379124,0.6489245858591023,0.8081718312211066,0.41743749232855515,51334_1371
2354,102.6699059,2.743063123,Healthy,Palong_Basemap,0.1572860007484754,0.019540143716666434,0.01819777302443981,0.08006688372956382,0.8401526080237495,0.4607042935159471,45.69378450181749,-13.624559084574381,-11.16959677802192,-12.517433908250597,-19.849393208821613,0.7285523440156595,0.7789903322750056,0.32533464755957575,51334_1371
2355,102.6699034,2.742971679,Healthy,Palong_Basemap,0.14637975643078485,0.0202939510345459,0.020500374647478264,0.09885574794477886,0.8533513148625692,0.43934662143389386,45.24626583523221,-14.433623419867622,-10.911194695366753,-12.955228487650553,-20.637950473361546,0.7825379448266924,0.7564828749157431,0.1937892663911575,51334_1371
2356,102.6699785,2.74293911,Healthy,Palong_Basemap,0.13415327999326918,0.0163055168878701,0.017524719859162968,0.07756375438637203,0.8563167386584811,0.4063590466976166,44.70915391710069,-14.92728943294949,-11.104114320543077,-13.111531999376085,-21.07408693101671,0.7078236427575457,0.7832560511466634,0.2672884861282509,51334_1371
2357,102.6700399,2.742895267,Healthy,Palong_Basemap,0.14366303301519817,0.014964429765111871,0.01689178165462282,0.06844170432951716,0.8341009351942275,0.3320930533938938,43.041756100124786,-15.772329224480522,-11.428056610955132,-12.683511839972603,-21.011729346381294,0.6284813573848359,0.8113261158840226,0.3546423791724668,51335_1371
2358,102.6701076,2.742925331,Healthy,Palong_Basemap,0.13466043853097492,0.014482998496128453,0.017481027274496026,0.06535003913773431,0.8285909228854709,0.32217248115274644,44.40706931220161,-15.156917148166233,-11.47311708662245,-12.51780456966824,-20.551528718736435,0.6397526980897069,0.8057843002036155,0.34653384263220494,51335_1371
2359,102.6700399,2.742970426,Healthy,Palong_Basemap,0.14174141652054256,0.015535756945610046,0.01696879406356149,0.07554530186785592,0.8536096943749322,0.40508300728268093,45.95610894097222,-14.171773698594835,-11.20241928100586,-13.0395204755995,-21.03764428032769,0.6548894837397282,0.8024410459162598,0.30464869249100424,51335_1371
2360,102.6699735,2.743011764,Healthy,Palong_Basemap,0.13563746710618338,0.017899584852986865,0.01662372549374898,0.07332897848553127,0.8557340966330634,0.445281939374076,45.87795639038086,-13.93283314175076,-11.101012759738499,-13.07308938768175,-20.994997448391384,0.7614399816531554,0.7668369344782409,0.29817461097267467,51334_1371
2361,102.6699773,2.74309945,Healthy,Palong_Basemap,0.15792574981848398,0.01820294476217694,0.01635763483742873,0.07334890878862804,0.8476981321970621,0.4747796224223243,46.721405029296875,-13.070554521348742,-11.285815238952637,-12.815820270114475,-20.024867163764107,0.691176893859435,0.7932994983524322,0.36569869582440745,51334_1371
2362,102.6700437,2.743053102,Healthy,Palong_Basemap,0.1263249996635649,0.017881570590866938,0.017548839044239786,0.07839049316114849,0.8605489664607577,0.42810943391587997,46.653316497802734,-13.883736186557346,-11.093296686808268,-13.258585611979166,-20.96487299601237,0.7963425170858509,0.7520006119094647,0.23415182622968397,51335_1371
2363,102.6701076,2.743015522,Healthy,Palong_Basemap,0.12421259615156385,0.01891844667908218,0.01913073141541746,0.08151960869630177,0.8530309796333313,0.3794357147481706,45.91449737548828,-14.676757918463814,-11.191808382670084,-12.820022265116373,-20.28262498643663,0.8353426917123943,0.7356485874071823,0.20751727949852378,51335_1371
2365,102.670179,2.742892761,Healthy,Palong_Basemap,0.14434890035125944,0.01420483903752433,0.01690647430304024,0.059317626886897616,0.8179954687754313,0.270363900396559,42.6847169664171,-16.81013912624783,-11.560572624206543,-12.582597626580132,-20.02558856540256,0.5991547238929507,0.820819879842844,0.4175024468548563,51335_1371
2366,102.6701877,2.742807581,Healthy,Palong_Basemap,0.1449696123600006,0.014989213914506964,0.0165054847796758,0.059646146992842354,0.8458550175031027,0.25868473284774357,42.565512339274086,-19.05488035413954,-11.313848813374838,-13.995073212517632,-19.905012766520183,0.6263332646169142,0.8125865978938384,0.4169936159219535,51335_1371
2367,102.6702479,2.742851424,Healthy,Palong_Basemap,0.11525985846916835,0.0150060731296738,0.016702225328319602,0.06346973487072521,0.845069686571757,0.32584930459658307,42.89866722954644,-18.81198501586914,-11.55533832973904,-13.66367212931315,-18.995107014973957,0.74115854722857,0.7696086314281243,0.28976803802128526,51335_1371
2368,102.6703193,2.742891509,Healthy,Palong_Basemap,0.07564888439244694,0.01647944262044297,0.01583721436974075,0.07302786616815461,0.8633846375677321,0.34368590182728237,43.33147176106771,-19.910449769761826,-11.319270875718859,-14.683963669670952,-19.269236034817165,1.0593881466551325,0.642250257770614,0.017628971674518677,51335_1371
2369,102.6703869,2.74284015,Healthy,Palong_Basemap,0.07275323445598285,0.017045460641384125,0.01673586169878642,0.07459203609161907,0.909691227806939,0.27994804084300995,45.882286071777344,-20.732911851671005,-10.539963298373753,-18.43286673227946,-20.717191696166992,1.1034444561394958,0.620362843292944,-0.012479542972790395,51335_1371
2370,102.6701264,2.74372578,Unhealthy,Palong_Basemap,0.13231158008178076,0.021877436795168452,0.020194767249955073,0.08454197314050463,0.8182847632302178,0.18634097443686592,41.54114066229926,-17.266834682888454,-10.474622832404243,-12.718811882866753,-21.07671356201172,0.8917680912157406,0.7162257437230074,0.2202851013112521,51335_1371
2371,102.6701226,2.743651873,Healthy,Palong_Basemap,0.14545993092987272,0.025305682586299047,0.022896267680658236,0.09465843025181028,0.8297034369574653,0.1997966385549969,41.28559239705404,-17.421222686767578,-9.997036192152235,-12.587224218580458,-21.07671356201172,0.9245454312625929,0.7036208629449564,0.21156857987892072,51335_1371
2372,102.670189,2.743690705,Healthy,Palong_Basemap,0.13407254798544777,0.026150460458464093,0.022578143411212497,0.0737348169916206,0.7988311780823601,0.1841627342833413,40.30929734971788,-18.024796379937065,-10.355922169155544,-12.554534594217936,-21.07671356201172,1.0012063623311316,0.6735742174305959,0.2903541508285111,51335_1371
2373,102.6702504,2.74372578,Healthy,Palong_Basemap,0.12646001080671945,0.0227128267288208,0.020047675611244306,0.06841565130485429,0.7863769200113084,0.18910069432523516,40.20495351155599,-17.77265188429091,-10.847146458095974,-12.508564207288954,-21.07671356201172,0.9466964621588432,0.6954830771599488,0.2978533023207,51335_1371
2374,102.6703343,2.743686947,Healthy,Palong_Basemap,0.1156791862514284,0.02625443206893073,0.021663679223921564,0.08746802310148875,0.7775453329086304,0.2013339234722985,38.30414369371202,-18.172989739312065,-10.539420551723904,-11.989741643269857,-21.07671356201172,1.1063131053867938,0.6300463219408426,0.13887054240026428,51335_1371
2376,102.6702604,2.743564187,Healthy,Palong_Basemap,0.14212878379556868,0.02469118084344599,0.022709776336948078,0.0908021695084042,0.7764057517051697,0.2473089165157742,37.66562864515517,-18.723842408921982,-10.238944901360405,-11.658828735351562,-21.06394322713216,0.9220828902701113,0.7039781072142561,0.2203511966062479,51335_1371
2378,102.6701752,2.743545397,Healthy,Palong_Basemap,0.1612790756755405,0.027290297879113093,0.0253965575248003,0.09281284279293484,0.8149293528662788,0.23712805079089272,39.89790556165907,-18.781871159871418,-9.610933303833008,-12.04038111368815,-21.0441345638699,0.9049398806212756,0.7105542924105493,0.2694545867309831,51335_1371
2379,102.6701251,2.743566692,Healthy,Palong_Basemap,0.17197012239032322,0.028579788696434762,0.02687899437215593,0.11180694318479961,0.8335220085250007,0.24791184233294594,40.53497823079427,-19.373091803656685,-9.121620919969347,-12.159174283345541,-21.05690489874946,0.8930880661136378,0.7149857754454836,0.21200860289252982,51335_1371
2380,102.6701163,2.74349028,Healthy,Palong_Basemap,0.1783082518312666,0.028338642583953008,0.027403614587253995,0.12259441531366772,0.8302319712109036,0.25904685921139187,40.11340628729926,-19.9919376373291,-8.963612450493706,-11.962907473246256,-21.054818683200413,0.8640187267687012,0.7257288316463967,0.18515567524286347,51335_1371
2382,102.6701226,2.743403846,Healthy,Palong_Basemap,0.18957854641808403,0.02114263487358888,0.02316488656732771,0.15034844560755622,0.831363750828637,0.2592839201291402,40.2370351155599,-18.516328387790256,-9.366891331142849,-11.829000578986275,-21.044605255126953,0.6632236966913643,0.7993307104298738,0.11540743080375543,51335_1371
2383,102.6700512,2.743363761,Healthy,Palong_Basemap,0.18405185143152872,0.02009579725563526,0.022024866193532944,0.1445692338877254,0.8521813419130113,0.28775815003448063,42.31072743733724,-17.940710491604275,-9.173479292127821,-12.14728832244873,-20.68779691060384,0.6528098424456781,0.8031248717791496,0.12014633055406682,51335_1371
2384,102.6700412,2.74329737,Healthy,Palong_Basemap,0.15737122297286987,0.017280900850892067,0.017123907287087705,0.10799053808053334,0.8509596056408353,0.37761133246951634,43.86456807454427,-15.23501025305854,-10.595566855536568,-12.015207396613228,-20.00695864359538,0.6612897525561905,0.8021106131142168,0.1860881714694335,51335_1371
2385,102.6700462,2.743207179,Healthy,Palong_Basemap,0.14608203205797407,0.018224982130858634,0.01694833870149321,0.0891566053032875,0.8529938393168979,0.416021939780977,44.937193128797745,-14.564172744750977,-10.974584579467773,-12.365903430514866,-20.069324493408203,0.7308983967336196,0.7781594143033571,0.24199012285241575,51335_1371
2386,102.6700437,2.743138283,Healthy,Palong_Basemap,0.1356059792968962,0.019313922358883753,0.01752981212404039,0.07733848277065489,0.858381105793847,0.4342447817325592,46.00050396389432,-14.172625965542263,-11.039275699191624,-12.86989720662435,-20.372506671481663,0.8057386790439809,0.7506592483927881,0.27362766779892805,51335_1371
2387,102.6701151,2.743173357,Healthy,Palong_Basemap,0.12629167487223944,0.019932155393891864,0.01849620830681589,0.07703397009107801,0.8583442171414694,0.3832678662406074,44.62391069200304,-15.521393881903755,-10.800685034857857,-12.779073609246147,-20.501038445366753,0.8635545547851502,0.7273747328651587,0.24226016737853281,51335_1371
2388,102.6701113,2.743091934,Healthy,Palong_Basemap,0.1206298569838206,0.02009530696603987,0.018561536446213722,0.08136724183956782,0.8580352399084303,0.38527581095695496,45.48252148098416,-15.070682737562391,-10.96794859568278,-12.880570729573568,-20.367501576741535,0.8962016764802487,0.7144035025150198,0.19437217352602254,51335_1371
2389,102.6701301,2.743257285,Healthy,Palong_Basemap,0.152511242363188,0.01754969958629873,0.017843360702196758,0.1057942948407597,0.821154428852929,0.2780141731103261,40.05076175265842,-17.785321447584366,-10.285271220737034,-11.912730746799046,-21.028853522406685,0.683352941101454,0.7936069342540567,0.180859256940909,51335_1371
2390,102.6701138,2.743332445,Healthy,Palong_Basemap,0.17712537116474575,0.01731550507247448,0.019605693510837026,0.14339302563005024,0.8344059785207113,0.2846030063099331,40.72740766737196,-17.512790891859268,-9.796926816304525,-11.840445306566027,-20.9762634701199,0.5987327036518382,0.8218943937348919,0.10524308704904639,51335_1371
2391,102.6701852,2.743368772,Healthy,Palong_Basemap,0.17913570503393808,0.021329829469323158,0.023797720049818356,0.13240941117207208,0.8058853281868829,0.23390717804431915,38.66038852267795,-18.64436213175456,-9.742914623684353,-11.578711297776964,-21.074301613701714,0.694802284167822,0.78719704090604,0.14998243089443294,51335_1371
2392,102.6702579,2.743486522,Healthy,Palong_Basemap,0.1642111341158549,0.023330515043603048,0.022528776071137853,0.09015825225247277,0.7674214177661471,0.25891417761643726,36.89249250623915,-18.694642384847004,-10.309514681498209,-11.355300691392687,-21.0636174943712,0.7996716728285471,0.7511964393171547,0.29112340490593985,51335_1371
2393,102.6702591,2.743406352,Healthy,Palong_Basemap,0.17169424063629574,0.02225444631444083,0.021599560355146725,0.08019489215479957,0.753905541367001,0.23060424460305107,36.6897824605306,-18.37707413567437,-10.377071062723795,-11.06824122534858,-21.07638782925076,0.7486692762184533,0.7705120187785182,0.36325246535102135,51335_1371
2394,102.670328,2.743445184,Healthy,Palong_Basemap,0.17218589534362158,0.02167073730379343,0.019884851864642568,0.09701210508743922,0.7404004997677274,0.2706877870692147,35.28416993882921,-18.71340709262424,-10.512778388129341,-10.848330603705513,-21.07671356201172,0.7364354199331302,0.7764251136745163,0.27925092361684795,51335_1371
2395,102.6703268,2.743519091,Healthy,Palong_Basemap,0.15232008116112816,0.02169236944367488,0.02011212261600627,0.0946619204348988,0.7531254291534424,0.282170875204934,35.476256900363495,-19.275367312961155,-10.428224775526258,-11.158953560723198,-21.07671356201172,0.8041025575048951,0.7506802603114867,0.2334508601988627,51335_1371
2396,102.670328,2.743610535,Healthy,Palong_Basemap,0.1151391143600146,0.026244965692361195,0.021741801251967747,0.09607800344626109,0.772565570142534,0.22646918230586582,37.14559427897135,-18.978730307685005,-10.316536373562283,-11.781025886535645,-21.07671356201172,1.1087225350084804,0.6287422787256001,0.0902441578207501,51335_1371
2397,102.6703919,2.743643104,Healthy,Palong_Basemap,0.10972167468733257,0.02577175758779049,0.021029916281501453,0.11072184890508652,0.7713550991482205,0.23176413608921898,36.07329983181424,-19.913630379570854,-10.342910342746311,-11.677331500583225,-21.074671003553604,1.1309906506156666,0.6195866153060432,-0.004537099577500773,51335_1371
2398,102.6704646,2.7436882,Unhealthy,Palong_Basemap,0.11167807545926836,0.026849793684151437,0.021601204656892352,0.10261851714717017,0.7859122620688545,0.21673076351483664,37.229179806179474,-19.898064295450848,-10.635321299235025,-11.952559365166557,-20.999024709065754,1.1487840971710852,0.6123553498631603,0.042275792638179335,51335_1371
2399,102.6705297,2.743641852,Unhealthy,Palong_Basemap,0.10814184529913796,0.02577241820593675,0.019990682188007567,0.0949721990360154,0.7946677340401543,0.21687205798096126,36.67797088623047,-21.07671356201172,-10.443949911329481,-12.162329249911839,-20.927687538994682,1.1474976100126302,0.615090767310831,0.06483867871485861,51335_1371
2400,102.6704596,2.743604272,Healthy,Palong_Basemap,0.10573119339015749,0.027263940829369757,0.02102011338704162,0.10923929926421908,0.7797877258724637,0.22698633041646746,35.93072213066949,-20.554410722520615,-10.390262285868326,-11.853560659620497,-21.048824522230362,1.2031801803439528,0.5900009276374462,-0.016319011184952797,51335_1371
2401,102.6703944,2.743562934,Healthy,Palong_Basemap,0.11674006448851691,0.02307972487890058,0.019244092309640512,0.10536249064736897,0.760858416557312,0.26520223253303105,34.9760865105523,-20.25811258951823,-10.273981730143229,-11.391290876600477,-21.07671356201172,1.0136935494053687,0.6698646882058757,0.051226667942595096,51335_1371
2402,102.670536,2.743557924,Healthy,Palong_Basemap,0.12363962166839176,0.025328622096114688,0.018961634693874255,0.09290132506026162,0.8071268002192179,0.20991820759243435,37.58830430772569,-20.946034537421333,-10.258889622158474,-12.137595706515842,-20.72584554884169,1.048486747995749,0.6599460199563747,0.14195142799781044,51335_1371
2404,102.6705335,2.743482764,Healthy,Palong_Basemap,0.13935496989223692,0.02251747354037232,0.01811785540646977,0.0956082476509942,0.7957594262229072,0.21661078267627293,37.33420054117838,-20.50336265563965,-10.036400583055284,-11.634255303276909,-20.900156868828667,0.8895450589690923,0.7217874387650571,0.1861854067996567,51335_1371
2408,102.6703907,2.74341011,Healthy,Palong_Basemap,0.16662218504481846,0.020950676045484014,0.019003253533608384,0.10872673077715768,0.7170219818751017,0.24752622180514866,34.50923750135634,-18.56303532918294,-10.504236751132542,-10.232691870795357,-21.07671356201172,0.7366403220946811,0.7766129287178938,0.21026214719179234,51335_1371
2409,102.6703268,2.743361256,Unhealthy,Palong_Basemap,0.1766934742530187,0.02214265904492802,0.019994356255564425,0.09873546411593755,0.7295505139562819,0.21586232715182835,36.47945785522461,-18.207344902886284,-10.414791954888237,-10.476498074001736,-21.07671356201172,0.7351079296167339,0.777277311948646,0.2830421908414394,51335_1371
2410,102.6703218,2.743293612,Unhealthy,Palong_Basemap,0.17810368041197458,0.020658948355250888,0.020500931474897597,0.0889052293366856,0.7313838203748068,0.21202603975931802,37.82205666436089,-17.913755628797745,-10.357417318556044,-10.320095380147299,-20.935388988918728,0.6888540296123599,0.7921244201348839,0.3340654480753205,51335_1371
2412,102.6701877,2.743287349,Healthy,Palong_Basemap,0.1483868658542633,0.01798880183034473,0.018630856855048075,0.09444815748267704,0.7925717367066277,0.23968887660238478,39.02748701307509,-18.348991605970596,-10.399875852796766,-11.518814828660753,-20.98813968234592,0.7089346203983604,0.7837568187621592,0.2221207947287933,51335_1371
2413,102.670184,2.743135777,Healthy,Palong_Basemap,0.1344826097289721,0.02171818684372637,0.021508220583200455,0.08453687280416489,0.8393909600045946,0.3284747534328037,43.06304380628798,-16.486718707614475,-10.847378412882486,-12.165694766574436,-19.874379052056206,0.8712226379613557,0.7219196403570406,0.2280424387234619,51335_1371
2414,102.670184,2.743044333,Healthy,Palong_Basemap,0.16881648782226774,0.021361227043800883,0.02311679037908713,0.08858852750725216,0.8330147398842705,0.33871325850486755,44.684875064425995,-15.453012784322103,-11.31079207526313,-12.048950407240126,-19.148155000474716,0.7282575826444001,0.7753550981633743,0.3116798645601791,51335_1371
2415,102.6702541,2.743014269,Healthy,Palong_Basemap,0.23124347792731392,0.02174742550899585,0.023386244144704606,0.08751819282770157,0.7954929404788547,0.37259092926979065,42.724463568793404,-16.31735324859619,-11.871115154690212,-11.347427262200249,-17.156742307874893,0.5835795495443399,0.8280774113724548,0.4508863464016429,51335_1371
2416,102.6702516,2.743091934,Healthy,Palong_Basemap,0.21954241146643957,0.02328463912838035,0.02402633263005151,0.08863948037226994,0.7706441746817695,0.3129666778776381,42.16295878092448,-16.418223698933918,-11.220046679178873,-10.534160719977486,-17.510329140557182,0.6420293056255991,0.8082203850737124,0.4247586719426044,51335_1371
2417,102.6702504,2.743172104,Healthy,Palong_Basemap,0.1485740707980262,0.022540065563387342,0.022633175883028243,0.0855826006995307,0.7691413031684028,0.27506477799680495,41.27671135796441,-16.9417634540134,-10.855245696173775,-10.633055686950684,-18.73766877916124,0.8337080338886587,0.7365493460367293,0.26901420188300174,51335_1371
2418,102.6703205,2.742970426,Healthy,Palong_Basemap,0.1732740592625406,0.019567305222153664,0.019947387588520844,0.08022457112868626,0.7970963915189108,0.39018958144717747,42.25009536743164,-16.997465981377495,-11.789310773213705,-11.467482884724935,-17.008277893066406,0.673700714323273,0.7970631946684166,0.36706110794464714,51335_1371
2419,102.6703907,2.742925331,Healthy,Palong_Basemap,0.11591224041250017,0.018284702570074134,0.01826027635898855,0.08244260566102134,0.8464671307139926,0.3736569782098134,42.366600036621094,-19.090425067477756,-11.309906429714626,-13.504558351304796,-18.73744773864746,0.8567176644309721,0.7274944992979693,0.16873615852608462,51335_1371
2420,102.6704546,2.742887751,Healthy,Palong_Basemap,0.0778683183921708,0.018042438249621127,0.018920201808214188,0.07290086895227432,0.8936852084265815,0.32375428080558777,44.36577394273546,-20.419355180528427,-10.587316513061523,-16.786336792839897,-20.465193642510307,1.0862934912641842,0.6237661158902931,0.03294737822356179,51335_1371
2421,102.670531,2.742925331,Healthy,Palong_Basemap,0.1189087223675516,0.01878975797444582,0.021283144338263407,0.09904116723272535,0.8787148594856262,0.26754571828577256,41.9956063164605,-20.231713824801975,-10.191235860188803,-14.763376553853353,-20.672314325968426,0.8455695261567273,0.7270883755902275,0.09115652763698852,51335_1371
2422,102.6705949,2.742881488,Healthy,Palong_Basemap,0.08159383800294664,0.018462673036588564,0.02079745444158713,0.07965336077743107,0.9066894981596205,0.25342658658822376,44.880452473958336,-19.90915362040202,-10.083461867438423,-16.98191367255317,-21.07671356201172,1.060184812555118,0.630955090383005,0.012034176346582912,51335_1371
2423,102.6706663,2.742926583,Healthy,Palong_Basemap,0.09209967570172416,0.0190691277384758,0.022513930789298482,0.08989911195304659,0.8992751240730286,0.22891740004221597,44.85320281982422,-20.68542014227973,-9.499254756503635,-17.619200706481934,-21.07671356201172,0.9986982806127134,0.6569338312841788,0.012091090149741905,51335_1371
2424,102.6707339,2.742956647,Healthy,Palong_Basemap,0.09377761350737678,0.02134739938709471,0.02319617403878106,0.08672241618235906,0.9007791744338142,0.2524438583188587,46.23144065009223,-20.721563551161026,-9.436833275689018,-19.187490887112087,-21.07671356201172,1.0695854396438316,0.629144026126405,0.03908695936031148,51335_1371
2425,102.6707364,2.74303807,Healthy,Palong_Basemap,0.10406531890233357,0.023933746334579255,0.024604205663005512,0.08497167833977276,0.8921710782580905,0.23543134993977016,44.680765787760414,-20.640137990315754,-9.21836683485243,-17.403687053256565,-21.07671356201172,1.0845882278746146,0.6260324824985182,0.10100478129213467,51335_1371
2429,102.670536,2.743403846,Healthy,Palong_Basemap,0.16457433005174002,0.021442656094829243,0.021107701998617914,0.09845774372418721,0.7685167855686612,0.2761519087685479,37.413423750135635,-18.479815589057075,-9.872201601664225,-10.665471818712023,-21.07671356201172,0.7505063740798427,0.7694548595907922,0.25136320973493315,51335_1371
2430,102.6704658,2.743362509,Healthy,Palong_Basemap,0.16499744521247017,0.02058092111514674,0.019745516383813486,0.11072541938887702,0.7186842163403829,0.253952498237292,34.27991019354926,-18.71771812438965,-10.353453000386557,-10.101302782694498,-21.07671356201172,0.7288351824849666,0.7781969792878385,0.19683541987735453,51335_1371
2431,102.6703969,2.743322424,Healthy,Palong_Basemap,0.17247757646772596,0.019742586753434606,0.018927783705294132,0.1050754181212849,0.7136058410008749,0.22302798595693377,35.60254796346029,-18.02109252081977,-10.344089614020454,-10.01033486260308,-21.07671356201172,0.6840501059538828,0.7945836022340736,0.24284428437260216,51335_1371
2433,102.6703243,2.743210937,Healthy,Palong_Basemap,0.1829730686214235,0.022602771512336202,0.02241771523323324,0.08240479975938797,0.7368647985988193,0.23163890507486132,39.46989822387695,-17.470457077026367,-10.359356880187988,-10.177837371826172,-20.114275614420574,0.7215675279460971,0.780102841874517,0.37896253171241195,51335_1371
2434,102.670323,2.743128261,Healthy,Palong_Basemap,0.19496271345350477,0.025683119272192318,0.02397475681371159,0.08258870906300014,0.7503330310185751,0.3124885790877872,41.7923829820421,-16.56600613064236,-11.046503172980415,-10.164496315850151,-17.303529103597004,0.7601262856542808,0.767200504492454,0.4048763410096455,51335_1371
2435,102.6703193,2.743049344,Healthy,Palong_Basemap,0.21328646772437626,0.023417537411053974,0.02267051198416286,0.0830300177137057,0.7689028117391798,0.35672571261723834,42.1858885023329,-16.44665421379937,-11.51280148824056,-10.604591793484158,-16.699696011013454,0.6624666297621495,0.8021365342115303,0.43958556614930155,51335_1371
2436,102.6703894,2.743086924,Healthy,Palong_Basemap,0.19824627704090542,0.02750834698478381,0.023947755495707195,0.08906338198317422,0.753151516119639,0.2948241200711992,41.42393832736545,-16.55867428249783,-10.689370579189724,-10.248522652520073,-17.818301306830513,0.7938609687001569,0.7562987061416421,0.38001818466040677,51335_1371
2437,102.6703957,2.743005501,Healthy,Palong_Basemap,0.15404170586003196,0.020382764024866953,0.02057661975009574,0.0852177780535486,0.8125054902500577,0.3694695896572537,41.83198165893555,-17.629876454671223,-11.381887012057835,-11.932587729560005,-17.68820635477702,0.7570767698141687,0.7662854983785551,0.28765391733162077,51335_1371
2438,102.6703882,2.743159578,Healthy,Palong_Basemap,0.20155522889561123,0.028016919684078958,0.023942516909705266,0.08873217387331857,0.7363170252905952,0.25921476549572414,40.562376234266495,-16.738347583346897,-10.28038607703315,-9.9357697168986,-19.04517470465766,0.7961286380514773,0.7559205691333799,0.38865983830548917,51335_1371
2439,102.6704658,2.743287349,Healthy,Palong_Basemap,0.1886068450080024,0.022439712658524513,0.021934601581758924,0.1052285482486089,0.7215659883287218,0.2373351107041041,37.050835079616974,-16.915936364067925,-10.071571773952908,-9.832035064697266,-21.042291429307724,0.7028309782518192,0.7873482239498895,0.2837585215154046,51335_1371
2440,102.6705297,2.743324929,Healthy,Palong_Basemap,0.18684889376163483,0.021420712686247297,0.0232454025083118,0.10229664792617162,0.7350701292355856,0.2693985369470384,36.283372243245445,-17.60662629869249,-10.034408357408312,-10.057202445136177,-21.07671356201172,0.6775069190591708,0.7942982362949088,0.292421060141246,51335_1371
2443,102.6706725,2.743159578,Healthy,Palong_Basemap,0.12842246724499595,0.021505037115679845,0.021417832415964868,0.08264888450503349,0.8637465834617615,0.2716863602399826,41.876524183485245,-19.739117728339302,-9.37523110707601,-13.824609014723036,-21.07601441277398,0.8920921098213622,0.7131275251011199,0.21686307668210628,51335_1371
2444,102.6706725,2.743083166,Healthy,Palong_Basemap,0.12829957571294573,0.02585446337858836,0.024669967798723116,0.0807753201160166,0.8712125155660841,0.2315468970272276,42.12154049343533,-20.62014325459798,-9.12952348921034,-14.60765192243788,-21.07671356201172,1.0105396369096749,0.6645632702074525,0.2273073264415602,51335_1371
2445,102.6706663,2.743004248,Healthy,Palong_Basemap,0.11044049345784718,0.022544770398073725,0.023495130861798923,0.09226102630297343,0.8885626329316033,0.20577112502521938,43.678641849093964,-20.93263710869683,-9.200006167093912,-16.781705326504177,-21.07671356201172,1.0074458697911777,0.6609433294428889,0.08968589469050237,51335_1371
2446,102.6705999,2.742964163,Healthy,Palong_Basemap,0.1270250736011399,0.022068704788883526,0.02278722905450397,0.09086375352409151,0.8789386550585429,0.18742556538846758,41.94810570610894,-20.888824039035374,-9.263182110256619,-15.227262708875868,-21.07671356201172,0.9102856419740267,0.7039620965114631,0.16596225035561232,51335_1371
2447,102.6706024,2.743039323,Healthy,Palong_Basemap,0.14401245531108645,0.024060584604740143,0.023844277279244527,0.09407512926393086,0.864787413014306,0.199194578660859,41.12232462565104,-20.83556260002984,-9.050519837273491,-14.238150490654839,-21.07671356201172,0.8912239411249312,0.7136889459869348,0.2097435115581224,51335_1371
2448,102.6705335,2.743011764,Healthy,Palong_Basemap,0.16942698094579908,0.023196873772475455,0.022414555152257282,0.11952938387791316,0.8700632784101698,0.1990701440307829,41.095281812879776,-20.3473875257704,-9.511625183953178,-14.205030653211805,-21.008350372314453,0.7789567831517582,0.7591484833858978,0.17268211793267702,51335_1371
2449,102.6704621,2.74296291,Healthy,Palong_Basemap,0.15305763317479026,0.021273223890198603,0.022610624838206504,0.09924312515391244,0.8373793959617615,0.3085523661639955,41.404532962375214,-18.539008458455402,-10.695152070787218,-12.701766226026747,-19.084267086452908,0.7799006510712482,0.7559442516562844,0.21329507044432724,51335_1371
2450,102.6704646,2.743045586,Healthy,Palong_Basemap,0.18700750668843588,0.026229124723209277,0.02376240471171008,0.10985729760593838,0.8053470982445611,0.27869343923197853,41.16840277777778,-17.306869082980686,-10.44337526957194,-11.583845562405056,-18.725297080145943,0.7971525429149873,0.7539904419839106,0.25988331377267126,51335_1371
2451,102.6705322,2.743089429,Healthy,Palong_Basemap,0.16971828705734676,0.024947675979799695,0.022187136113643646,0.10546561827262242,0.8320535355144076,0.232596379187372,40.27001614040799,-18.86847898695204,-9.212992032368978,-12.404468748304579,-20.949251810709637,0.8253960630631116,0.743687334030355,0.2334899227034367,51335_1371
2452,102.6706024,2.743119493,Healthy,Palong_Basemap,0.13991301010052362,0.025157270746098623,0.024104740263687238,0.08752365244759454,0.8534788621796502,0.23611470891369712,40.87621307373047,-20.184033499823677,-9.05388969845242,-13.42228094736735,-21.07671356201172,0.9390006714602851,0.6951932156767345,0.2303470208627653,51335_1371
2453,102.6705961,2.743203421,Healthy,Palong_Basemap,0.1875056814816263,0.022776586934924126,0.0253689746475882,0.10162911232974794,0.8310467998186747,0.3100295232401954,40.83024258083768,-17.925748825073242,-9.494768990410698,-12.29350217183431,-21.07671356201172,0.7050815520915601,0.7833713027119744,0.29701222747997086,51335_1371
2454,102.6705322,2.743248517,Healthy,Palong_Basemap,0.20543285210927328,0.0231033969256613,0.02497867267164919,0.1036131622062789,0.7801311612129211,0.29967786537276375,38.883355458577476,-16.921002705891926,-9.742220030890572,-10.844494077894423,-21.07671356201172,0.668166795023478,0.7978141583821159,0.32946449779815357,51335_1371
2455,102.6704646,2.743207179,Healthy,Palong_Basemap,0.19258545670244429,0.024484447100096278,0.02272535715666082,0.09925495005316204,0.7362234459982978,0.23402582936816746,38.80667071872287,-16.603462643093533,-9.851016362508139,-9.982111189100477,-20.732709036933052,0.7411676751089066,0.7744095641893428,0.3197998100634478,51335_1371
2456,102.6704621,2.743121998,Healthy,Palong_Basemap,0.1880440033144421,0.027870663131276768,0.02371348895960384,0.10145976311630672,0.7753221657541063,0.25609530839655137,40.89142311943902,-16.647489335801865,-10.151424831814236,-10.76695982615153,-19.038807762993706,0.833518840456889,0.7418363134837488,0.29907811309545396,51335_1371
2457,102.6705297,2.743158325,Healthy,Palong_Basemap,0.18642410470379722,0.02615901082754135,0.023531936316026583,0.1025603570871883,0.7850964864095052,0.23622284332911173,39.92613728841146,-16.862338807847763,-9.470748901367188,-10.974685986836752,-20.593046612209744,0.797913771899463,0.7538938051391476,0.29020158072465935,51335_1371
2458,102.6706036,2.74368319,Unhealthy,Palong_Basemap,0.14778178930282593,0.021411940041515563,0.018086951846877735,0.06833708203501171,0.8136947088771396,0.2612212614880668,39.14827685885959,-19.900645362006294,-11.097852283053928,-12.505433612399631,-19.986377292209202,0.8208029556593431,0.7468944017666497,0.3675972707798664,51335_1371
2459,102.6706713,2.743638094,Healthy,Palong_Basemap,0.15963215463691288,0.02325378316971991,0.021426695502466626,0.07555089973741108,0.8243327008353339,0.26551658908526105,40.160084618462456,-18.973263210720486,-10.611344973246256,-12.299613952636719,-19.983639823065865,0.8174767974828746,0.7457017915253127,0.3575140867320981,51335_1371
2460,102.6707377,2.743676926,Unhealthy,Palong_Basemap,0.16973522305488586,0.019239902910259035,0.018615000156892672,0.06916568014356825,0.8075673050350614,0.28787652982605827,39.9563234117296,-17.417049407958984,-11.137986924913195,-11.80445671081543,-19.63020091586643,0.6785663429957808,0.7963763451724573,0.42096761278367734,51335_1371
2462,102.67067,2.743560429,Unhealthy,Palong_Basemap,0.156174307068189,0.02432184438738558,0.02254558654708995,0.07880713376733992,0.8308381901846992,0.24185390936003792,40.73549694485135,-19.076072057088215,-10.088699022928873,-12.231957011752659,-20.533628675672745,0.85578681094708,0.7305001332023203,0.32924801646356766,51335_1371
2463,102.6707414,2.743440174,Healthy,Palong_Basemap,0.15513214468955994,0.018136025820341375,0.018192541371617053,0.08305981589688195,0.84108038743337,0.26430943773852456,42.4292967054579,-17.78209326002333,-9.735112402174208,-12.008646223280165,-21.07671356201172,0.6922255000414714,0.7906594642631722,0.30258086215517893,51335_1371
2464,102.6707377,2.743519091,Healthy,Palong_Basemap,0.1540424426396688,0.021394077895416155,0.020608917396101687,0.08242522676785786,0.8343348105748495,0.2526877406570647,42.10606002807617,-17.813449647691513,-9.74267472161187,-11.948666996426052,-21.00645997789171,0.7871275030791319,0.756104625990486,0.30286261141427473,51335_1371
2465,102.6708153,2.743556671,Healthy,Palong_Basemap,0.15062787466579014,0.018468836115466222,0.018878697728117306,0.0868940618303087,0.8148654898007711,0.2746157712406582,41.395906660291885,-16.51685365041097,-10.135583877563477,-11.57706387837728,-21.014275232950848,0.7156929426258853,0.7815588957332524,0.26832811223955405,51335_1371
2466,102.6708078,2.743641852,Unhealthy,Palong_Basemap,0.14574864506721497,0.017798260268237855,0.01873844075534079,0.08636710544427235,0.8059542311562432,0.27159321308135986,40.61962678697374,-16.569637298583984,-10.524309052361382,-11.453927146063911,-20.624528249104817,0.7116329255401576,0.782346719043914,0.25582727364295704,51335_1371
2467,102.6708767,2.743599261,Healthy,Palong_Basemap,0.14490118871132532,0.017643487287892237,0.0177141720842984,0.09815963937176599,0.7975774142477248,0.26228686339325374,40.55998865763346,-16.74768108791775,-10.468843354119194,-11.207202381557888,-20.828816095987957,0.7132199730652099,0.7829090718667749,0.19230391712308553,51335_1371
2470,102.6710157,2.743598009,Healthy,Palong_Basemap,0.1302886481086413,0.01783275231719017,0.018224409884876676,0.08953816857602862,0.8050866524378458,0.2534763067960739,41.18370649549696,-18.16973982916938,-10.673930486043295,-12.68550968170166,-21.07671356201172,0.7745853616294416,0.7592143705646434,0.1853753793426719,51335_1371
2471,102.6709456,2.743557924,Healthy,Palong_Basemap,0.13173090666532516,0.017609896345271006,0.01778092473331425,0.10155769354767269,0.7833012209998237,0.284399860435062,40.757078382703995,-16.972973505655926,-10.79738998413086,-11.712043656243218,-21.07671356201172,0.76261534242863,0.7641649704532321,0.12933856643703823,51335_1371
2472,102.6708729,2.743517838,Healthy,Palong_Basemap,0.1390736699104309,0.016873840139143996,0.01589916470564074,0.08708523958921432,0.814090285036299,0.3059280018011729,41.43411297268338,-16.24586221906874,-10.34895854526096,-11.533529387580025,-21.07671356201172,0.7152943663210961,0.7835959018033709,0.22987566767206283,51335_1371
2473,102.6708091,2.743482764,Healthy,Palong_Basemap,0.1590635230143865,0.0183558976277709,0.017989358140362635,0.08003976361619101,0.8270731568336487,0.2808639506498973,42.00148561265733,-16.666802618238663,-9.965062353346083,-11.737293031480577,-21.07671356201172,0.686957188101157,0.7930790489413956,0.33050051511960105,51335_1371
2474,102.6708078,2.743393825,Healthy,Palong_Basemap,0.14494324227174124,0.017085347945491474,0.017284215324454837,0.0776827476090855,0.8497686452335782,0.3009353081385295,41.72982745700412,-17.239629321628147,-10.189872317843967,-12.473065058390299,-21.07671356201172,0.695947396332596,0.7891069974430435,0.3021232817366057,51335_1371
2476,102.6708103,2.743162083,Unhealthy,Palong_Basemap,0.10358153531948726,0.018877702868647046,0.020809977522326842,0.06699729710817337,0.8838783370123969,0.29180777735180324,43.95698928833008,-19.89457999335395,-10.089713308546278,-15.491594208611382,-20.853648503621418,0.9313875605690033,0.6916900162379712,0.21447114914934473,51335_1371
2477,102.6708103,2.74308066,Healthy,Palong_Basemap,0.09720821595854229,0.020155114639136527,0.024084426255689725,0.06794384121894836,0.8929442432191637,0.28294332656595444,45.22371461656358,-20.110685772365994,-9.68762281205919,-17.292064560784233,-21.026208029852974,0.9977602230946148,0.6565347193796297,0.1771965498930673,51335_1371
2478,102.6708066,2.742997985,Healthy,Palong_Basemap,0.08231690277655919,0.01801593963884645,0.022794354913963213,0.07676305125157039,0.9004365139537387,0.27083178526825374,46.91839896308051,-20.195371203952366,-9.484689712524414,-20.109951866997612,-21.07671356201172,1.0211443518024428,0.6408765224799376,0.03491232794803758,51335_1371
2480,102.6709431,2.742996732,Healthy,Palong_Basemap,0.08052418215407266,0.015715513171421155,0.02109559646083249,0.049858256760570735,0.8908333049880134,0.23383226659562853,46.59247928195529,-20.437880410088432,-10.58771006266276,-20.064532385932075,-21.069399939643013,0.9449330683214962,0.6734089168036231,0.23519981409135762,51335_1371
2482,102.671012,2.74311824,Healthy,Palong_Basemap,0.07520053411523502,0.014511387795209885,0.018012751618193254,0.05113866718278991,0.891138838397132,0.32418957352638245,44.432532416449654,-20.879824956258137,-11.874324904547798,-17.409547805786133,-20.495649973551433,0.9497287552002456,0.6764892004053619,0.19045448036104745,51335_1371
2483,102.6709393,2.743158325,Healthy,Palong_Basemap,0.09366014930937025,0.014837676762706704,0.020266947336494923,0.060132686462667256,0.8944936129781935,0.34260958433151245,44.17469236585829,-20.406744639078777,-11.108488930596245,-16.907084041171604,-20.97218640645345,0.8265974150167716,0.7264889574312802,0.2180040616222185,51335_1371
2484,102.6708742,2.743116987,Healthy,Palong_Basemap,0.0897853101293246,0.01679183542728424,0.02245158412390285,0.06165622133347723,0.8983942601415846,0.32352173659536576,46.133231692843964,-19.741454866197373,-10.095442983839247,-18.23491562737359,-21.026208029852974,0.9212327720645492,0.6848886252378528,0.18574223678368337,51335_1371
2486,102.6708754,2.743282339,Healthy,Palong_Basemap,0.09597922530439165,0.01605948226319419,0.017263941777249176,0.07193797454237938,0.866226765844557,0.3077612751060062,41.28553602430556,-18.694495730929905,-10.87224006652832,-13.775647481282553,-20.79269896613227,0.8838330635656215,0.7133226076620613,0.14317324719534724,51335_1371
2487,102.6708767,2.743351235,Healthy,Palong_Basemap,0.10406398110919529,0.016101343971159723,0.017538069126506645,0.07380490915642844,0.8563169108496772,0.3033193349838257,40.55902650621202,-17.88182724846734,-10.701740582784018,-13.184406810336643,-20.964559343126083,0.837495341789703,0.7320134745960585,0.17012009186979754,51335_1371
2488,102.670878,2.743437668,Healthy,Palong_Basemap,0.13439701828691694,0.016399034298956394,0.016185813893874485,0.08133065038257176,0.8303143978118896,0.31638621621661717,41.24024200439453,-16.585523499382866,-10.381125132242838,-11.991047223409018,-21.07671356201172,0.7154086049013798,0.7825004830332983,0.24598776889230153,51335_1371
2489,102.6709418,2.743480259,Healthy,Palong_Basemap,0.12529742386606005,0.01660315992517604,0.01546046199897925,0.0949111779530843,0.7882148292329576,0.30387863516807556,40.556958516438804,-16.995852576361763,-11.031051953633627,-11.70702732933892,-21.07671356201172,0.7635207418399214,0.7659888425885184,0.1379884603142421,51335_1371
2490,102.6710145,2.743435163,Healthy,Palong_Basemap,0.1117573156952858,0.01664230941484372,0.012919136529995335,0.07924903101391262,0.8098831905259026,0.28542205525769127,40.263629065619575,-17.826453102959526,-11.363337834676107,-12.488799095153809,-21.04837375217014,0.8428562457165105,0.7407732397883645,0.17019478798192028,51335_1371
2491,102.6709406,2.743397583,Healthy,Palong_Basemap,0.10798403372367223,0.015295860874984,0.01393964421004057,0.07598676449722713,0.8291552397939894,0.3176971111032698,39.60492833455404,-17.676350275675457,-11.247761514451769,-12.654444058736166,-21.07671356201172,0.8023247964052334,0.7518514933066673,0.17392580526842633,51335_1371
2494,102.6710132,2.743199663,Healthy,Palong_Basemap,0.07536899174253146,0.013981376671128802,0.016845646728244092,0.07426318981581265,0.8858961794111464,0.3375084002812703,42.52904722425673,-20.062659157647026,-11.871095021565756,-15.66740936703152,-20.30983564588759,0.9307159331851986,0.687043782373677,0.007390134362825188,51335_1371
2495,102.6710809,2.743158325,Healthy,Palong_Basemap,0.0647186388572057,0.013519550363222757,0.015095232468512323,0.060415917800532445,0.8873286975754632,0.3548942340744866,43.46922726101346,-20.848820156521267,-12.613525920444065,-16.068546507093643,-19.517119513617622,1.012198358441375,0.6544002232686459,0.03438475487184446,51335_1371
2496,102.6710821,2.74308066,Unhealthy,Palong_Basemap,0.06433085641927189,0.013559442530903552,0.016199600882828236,0.055719478262795344,0.8811650938457913,0.32260726557837593,43.449741787380646,-21.0509639316135,-12.412863731384277,-16.55625491672092,-19.879727257622612,1.007674899494771,0.6518323150980021,0.07173139649533093,51335_1371
2502,102.671354,2.743078155,Healthy,Palong_Basemap,0.06666126350561778,0.01806013710382912,0.0179234320918719,0.054334431886672974,0.9259089363945855,0.1752520369158851,46.49130376180013,-20.658937454223633,-10.64729552798801,-19.969264772203232,-21.07671356201172,1.1969772003908907,0.5736582026757638,0.10187826582572963,51335_1371
2503,102.6715005,2.742986711,Unhealthy,Palong_Basemap,0.18344412412908342,0.025219136849045753,0.034269934313164815,0.15303940408759648,0.7883311112721761,0.1277572512626648,36.408203125,-21.05824703640408,-9.081306987338596,-12.12570063273112,-21.07209629482693,0.752382398400238,0.7582790882225399,0.09036020337348492,51335_1371
2504,102.6715581,2.742951636,Unhealthy,Palong_Basemap,0.2800566719637977,0.02935841576092773,0.03705255645844671,0.19005628261301252,0.7323415941662259,0.12874916113085216,33.159251319037544,-20.965512805514866,-8.29754114151001,-9.472098138597277,-21.05580732557509,0.6249362434376047,0.8102328107086569,0.19144418054125392,51335_1371
2505,102.6715657,2.743034312,Unhealthy,Palong_Basemap,0.1861471724179056,0.028143574794133503,0.031575791330801115,0.15953725535008642,0.7881165345509847,0.1445102807548311,36.253123389350044,-21.07671356201172,-8.908143997192383,-11.950373967488607,-20.939835442437065,0.8216798847719299,0.7373328045164204,0.07697748272791324,51335_1371
2506,102.671151,2.743192147,Healthy,Palong_Basemap,0.05937200826075342,0.01531105385058456,0.013848652131855488,0.07077078107330534,0.890719128979577,0.34072428941726685,44.124237060546875,-20.739824506971573,-12.783429145812988,-15.69007682800293,-18.769249598185223,1.1795566802886068,0.5899725207367972,-0.08758666439285255,51335_1371
2507,102.6711485,2.743110724,Healthy,Palong_Basemap,0.05914106344183286,0.015389021693004502,0.016331594126919907,0.05977080100112491,0.8772433863745795,0.309076448281606,43.03708182440864,-21.06329811943902,-12.351991123623318,-16.349353366427952,-19.560994890001083,1.158695165657809,0.5870386659249566,-0.005295834543021017,51335_1371
2509,102.671354,2.743153315,Healthy,Palong_Basemap,0.0685581730471717,0.016332917536298435,0.01733348063296742,0.05012575743926896,0.9401705397499932,0.18757110834121704,48.10994127061632,-20.093047671847874,-11.020286348130968,-20.661473168267143,-21.07671356201172,1.1021095475706262,0.6152030225070814,0.1553067507315878,51335_1371
2511,102.6714943,2.743160831,Healthy,Palong_Basemap,0.08266960084438324,0.017659048239390056,0.015303404484358098,0.05771311745047569,0.8834020561642117,0.2465181698401769,43.361008961995445,-20.468703587849934,-10.857418166266548,-16.70868894788954,-21.07671356201172,1.0598785965407078,0.6479759589976148,0.17777461283723767,51335_1371
2512,102.6715682,2.743192147,Unhealthy,Palong_Basemap,0.10346130281686783,0.018444896779126592,0.016354144654340215,0.07238295964068836,0.8558492064476013,0.2698084033197827,40.02152972751193,-20.911659664577908,-11.020737330118815,-14.625693003336588,-20.984486897786457,0.94163522077268,0.6973919810435524,0.17673788579642113,51335_1371
2514,102.6714943,2.743233485,Healthy,Palong_Basemap,0.08522830324040519,0.01660100194729037,0.01549569403545724,0.056923381984233856,0.8932110998365614,0.2794262402587467,44.32992172241211,-20.116653866238064,-11.466759045918783,-16.709046575758194,-21.033302307128906,0.9916522140409657,0.6739445110287104,0.19911773266311764,51335_1371
2517,102.6715581,2.743507817,Healthy,Palong_Basemap,0.06840125968058904,0.016805511795812182,0.017503585149016645,0.06468047491378254,0.8804242875840929,0.30193299386236405,43.445804595947266,-19.938614315456814,-11.626483705308702,-15.149706734551323,-20.588533613416885,1.124905806588405,0.6055357689390539,0.027958643446805972,51335_1371
2520,102.6714391,2.743591745,Unhealthy,Palong_Basemap,0.07319193126426803,0.019213762548234727,0.01725558636503087,0.07621307505501641,0.9176806939972771,0.2411719428168403,45.5565054151747,-20.110968271891277,-10.604154692755806,-17.355698161655003,-21.063442866007488,1.1927064940956464,0.5841433194101497,-0.020221168387705046,51335_1371
2522,102.6712926,2.743598009,Healthy,Palong_Basemap,0.09693168848752975,0.020589029209481344,0.018457756998638313,0.07570489082071516,0.9144166045718722,0.17354854279094273,45.259183671739365,-19.971595340304905,-9.863584836324057,-17.122281498379177,-21.07671356201172,1.0520205634475412,0.6496102200028517,0.12295654693733166,51335_1371
2524,102.6710884,2.743549155,Healthy,Palong_Basemap,0.11901768545309703,0.01783606016801463,0.016276200094984636,0.07106358144018385,0.8089268340004815,0.2480360468228658,41.76717842949761,-18.007939444647896,-10.95568487379286,-13.25394672817654,-21.07671356201172,0.8346014788509374,0.7393412933337623,0.2522821148905563,51335_1371
2525,102.6710145,2.74351408,Healthy,Palong_Basemap,0.12030374921030468,0.017784247174859047,0.015967844674984615,0.08329518304930793,0.792648560471005,0.2765165517727534,40.79055489434136,-17.662162992689346,-11.121330367194282,-12.299066437615288,-21.07671356201172,0.8279440429773256,0.7424215335089068,0.18177190690669473,51335_1371
2526,102.6710846,2.743473995,Healthy,Palong_Basemap,0.11455252104335362,0.015573625452816486,0.012001354868213335,0.07704550855689579,0.8286764687962003,0.2516343841950099,40.964605543348526,-18.39685609605577,-11.38424121008979,-13.240226321750217,-20.96541976928711,0.7900324248599053,0.7606380289871283,0.1957588633072717,51335_1371
2527,102.6710897,2.74339132,Healthy,Palong_Basemap,0.09793796555863486,0.014808799657556746,0.010053738434281614,0.0802979754904906,0.8486692839198642,0.28775979412926567,40.77633285522461,-18.744007746378582,-11.845945358276367,-13.523573027716743,-20.583115259806316,0.8609185164993187,0.7373086557443859,0.0989698820805301,51335_1371
2528,102.6710884,2.743323676,Healthy,Palong_Basemap,0.07838082313537598,0.014722205284568999,0.011799742778142294,0.07827860406703419,0.8649553656578064,0.3179818292458852,41.1755362616645,-19.100701649983723,-12.310497919718424,-14.020231458875868,-20.0407837761773,0.9845572867772132,0.6837437936355004,0.0006524922895940383,51335_1371
2529,102.6711548,2.74335374,Healthy,Palong_Basemap,0.07801040800081359,0.01623515236294932,0.014236687475608455,0.0854165284997887,0.8795943922466702,0.30145705077383256,42.58197148640951,-19.96008046468099,-12.338690757751465,-14.725213898552788,-19.578731113009983,1.0414041560591942,0.6554712540243608,-0.0453176242396725,51335_1371
2530,102.6711573,2.743268559,Healthy,Palong_Basemap,0.06403592104713123,0.01611725716955132,0.014551124949422147,0.08055094463957681,0.8856978350215488,0.33102184865209794,43.59685516357422,-20.321991814507378,-12.726759804619682,-15.161321110195583,-18.897044711642796,1.1634744806505464,0.5978386003364546,-0.11422215644559629,51335_1371
2531,102.6712199,2.74323599,Healthy,Palong_Basemap,0.056040878097216286,0.01763694319460127,0.01582953395942847,0.062341692133082285,0.9067148168881735,0.29393087658617234,45.3115119934082,-21.01847055223253,-12.271706899007162,-16.883125199211968,-19.267168680826824,1.3168740437282573,0.5212414567812422,-0.05322416993995441,51335_1371
2532,102.6712876,2.743194652,Healthy,Palong_Basemap,0.054505700866381325,0.018628106866445806,0.018474734388291836,0.058230101648304194,0.9432950615882874,0.2012019024954902,48.14822514851888,-20.38433986239963,-11.186443222893608,-20.28491761949327,-20.876653247409397,1.3518630718571387,0.49057467554545725,-0.03303653940315643,51335_1371
2533,102.671354,2.743230979,Healthy,Palong_Basemap,0.0693377484050062,0.015363832418289449,0.017310374105970066,0.05002310209804111,0.9415815869967142,0.21323123739825356,48.67399173312717,-19.589334064059788,-11.296459092034233,-20.4511784447564,-21.062603420681423,1.0471551426732622,0.6372244232290903,0.16181726441763233,51335_1371
2534,102.6714216,2.743272317,Healthy,Palong_Basemap,0.08193444502022532,0.015734459997879133,0.015415229731135897,0.05674888234999445,0.9192330174975925,0.2876597162750032,47.29602474636502,-19.1207275390625,-11.778614468044704,-18.24778652191162,-20.956375969780815,0.9771545810613477,0.6778000122974143,0.1816048341773425,51335_1371
2535,102.671493,2.743309897,Healthy,Palong_Basemap,0.08221166125602192,0.01619048871927791,0.01757400596721305,0.07156579237845209,0.8934595849778917,0.3193061384889815,44.15707270304362,-19.51229625278049,-11.930855751037598,-15.80889564090305,-20.858581331041123,0.9800045244824808,0.6709322159456489,0.06922906203711011,51335_1371
2537,102.6714279,2.743351235,Healthy,Palong_Basemap,0.07056028851204449,0.015013011275894113,0.015042228003342947,0.0646789280904664,0.9155250390370687,0.31568989488813615,46.685699462890625,-18.936620076497395,-11.865801281399197,-17.678804291619194,-20.886384963989258,1.0387062845910138,0.6491192623610813,0.0434885720971331,51335_1371
2538,102.6714304,2.743430152,Healthy,Palong_Basemap,0.06265541952517298,0.014904519853492578,0.014583071693778038,0.07448071572515699,0.9113764497968886,0.3092946261167526,45.450903998480904,-19.37553448147244,-11.508721457587349,-16.98997211456299,-20.95302348666721,1.1138618312498725,0.6156644790366514,-0.08623034460171985,51335_1371
2539,102.6714329,2.743506565,Healthy,Palong_Basemap,0.06549327613578902,0.017281603378554184,0.015666333441105153,0.07424581464793947,0.9142965939309862,0.2771725207567215,45.37471347384982,-19.81654103597005,-11.05930561489529,-17.18506081899007,-21.022669050428604,1.1946894433454174,0.5824432852104694,-0.06263486089011834,51335_1371
2540,102.6713577,2.743554166,Healthy,Palong_Basemap,0.07632095822029644,0.020497543323371146,0.018222210721837148,0.0738791972398758,0.9215777847501967,0.20712335573302376,45.739998287624786,-20.040395312839085,-10.260133637322319,-18.037467108832466,-21.07671356201172,1.2098454851327423,0.5765779681246929,0.016256714068901994,51335_1371
2541,102.6712926,2.74350907,Healthy,Palong_Basemap,0.07804169009129207,0.018067921304868326,0.015173943092425665,0.07249100423521465,0.9106104572614034,0.1973983628882302,44.95789337158203,-19.938537809583877,-10.550421396891275,-17.61468442281087,-21.07671356201172,1.1174466278973911,0.6240142678260763,0.036873623241193906,51335_1371
2542,102.6712237,2.743552913,Healthy,Palong_Basemap,0.1061723381280899,0.01906175518201457,0.01501352008846071,0.0706320669915941,0.8634586466683282,0.17564447058571708,43.342014736599396,-18.88918579949273,-10.50878651936849,-15.190539677937826,-21.07671356201172,0.9572195459363964,0.6955820147982565,0.2010146246776915,51335_1371
2543,102.6711573,2.743512828,Healthy,Palong_Basemap,0.11469884547922346,0.01724585011187527,0.013357153679761622,0.07122318612204658,0.8398776650428772,0.2024082276556227,42.23136350843642,-18.718244128757053,-10.953346782260471,-14.132408248053657,-21.073596530490452,0.8487773214811539,0.7385897169323007,0.23383812549130895,51335_1371
2545,102.6712224,2.74347149,Healthy,Palong_Basemap,0.10775664117601183,0.016226317526565656,0.013228842574689124,0.07842828333377838,0.8812877668274773,0.1918217506673601,42.82557593451606,-19.941654629177517,-11.035283618503147,-15.411732249789768,-20.960072411431206,0.8460123287778676,0.7382492288236008,0.15752273133527128,51335_1371
2547,102.6712249,2.743312402,Healthy,Palong_Basemap,0.07600544393062592,0.016514718636042543,0.015653781903286774,0.08698007836937904,0.8989116152127584,0.2672088411119249,44.04085456000434,-20.628273010253906,-11.986629168192545,-16.028911272684734,-19.76356463962131,1.0595810861812442,0.6430028184582509,-0.06733502635008455,51335_1371
2548,102.6712876,2.743274823,Healthy,Palong_Basemap,0.0555318763686551,0.017384259030222893,0.01807112091531356,0.06736977398395538,0.9384472899966769,0.22489313946829903,47.77859963311089,-20.21869447496202,-11.278471734788683,-19.97548993428548,-20.81209585401747,1.2833083656696431,0.5231711353015455,-0.0963200866818046,51335_1371
2550,102.6713615,2.743386309,Healthy,Palong_Basemap,0.062435456862052284,0.014269361686375406,0.013154581499596437,0.06809035771422917,0.9227331280708313,0.281576222843594,46.62450281778971,-19.478858523898655,-11.413060082329643,-18.53972159491645,-21.076536814371746,1.0962859020851252,0.6279409310546398,-0.04332400353550036,51335_1371
2551,102.671349,2.743477753,Healthy,Palong_Basemap,0.07804169009129207,0.018067921304868326,0.015173943092425665,0.07249100423521465,0.9185561736424764,0.23885364996062386,45.61539967854818,-19.841093487209744,-10.741984049479166,-17.945050345526802,-21.076536814371746,1.1174466278973911,0.6240142678260763,0.036873623241193906,51335_1371
2552,102.6712888,2.7434289,Healthy,Palong_Basemap,0.09226384924517737,0.017073049830893677,0.014432101717425717,0.0746565494272444,0.9152592354350619,0.21769173443317413,45.139386071099175,-20.17950375874837,-10.872567388746473,-17.932153913709854,-21.07671356201172,0.9697700228137426,0.6876982981012637,0.10548321210571145,51335_1371
2553,102.6715369,2.742848918,Healthy,Palong_Basemap,0.2935276859336429,0.03085884865787294,0.03533729289968809,0.19538628723886278,0.7163172298007541,0.15050215936369365,32.014206144544815,-20.81153212653266,-8.002616087595621,-8.66259045071072,-21.054834365844727,0.6320577033702292,0.8097402612797602,0.20073347067164404,51335_1371
2554,102.6714178,2.742890256,Healthy,Palong_Basemap,0.22793976962566376,0.027003792631957266,0.03319551112751166,0.16285245534446505,0.7406013607978821,0.19121024674839443,32.07137468126085,-21.023786968655056,-8.518401039971245,-9.46713203854031,-21.06780221727159,0.685499702994841,0.7881586623107597,0.16655222423162033,51335_1371
2555,102.6714376,2.744946496,Healthy,Palong_Basemap,0.13074270056353676,0.014196245931088924,0.013816804418133365,0.08139739682277043,0.820779456032647,0.38984423213534886,40.293663024902344,-16.4463595284356,-12.243260277642143,-12.625546243455675,-20.970243453979492,0.6566560058352466,0.8041072289480824,0.2326071513529501,51335_1372
2556,102.6697202,2.745245256,Healthy,Palong_Basemap,0.1927578995625178,0.0332859278553062,0.027969324133462377,0.07970068107048671,0.789856943819258,0.31126802331871456,41.14609146118164,-15.949593226114908,-10.148409631517199,-10.720739788479275,-18.382495880126953,0.926864866370119,0.7054913798306925,0.4149519469321342,51334_1372
2557,102.67006,2.744324864,Healthy,Palong_Basemap,0.1652001308070289,0.020248175081279542,0.021199823667605717,0.07946331343717045,0.7823059360186259,0.14413628313276503,38.565470377604164,-21.07671356201172,-9.541217062208387,-12.046023580763075,-21.06706322564019,0.7139181967253735,0.7816299805566885,0.35042757464120494,51335_1372
2559,102.6700524,2.744167029,Healthy,Palong_Basemap,0.12390736324919595,0.027461495767864916,0.02149942672501008,0.06169654635919465,0.846613175339169,0.19035774800512525,43.20713806152344,-19.14148203531901,-10.393698586357964,-13.810158517625597,-20.69693734910753,1.0966515536883523,0.63715792077458,0.3351805305247133,51335_1372
2560,102.670055,2.744084354,Healthy,Palong_Basemap,0.1328693860106998,0.025035824523203902,0.020036213513877656,0.06223100258244409,0.8409086200926039,0.20468241307470533,43.57823689778646,-17.88737720913357,-10.577547603183323,-13.696159574720594,-20.87678443060981,0.9867440690801705,0.6829005903154983,0.36206172595362046,51335_1372
2561,102.6700512,2.744010447,Healthy,Palong_Basemap,0.1440878767106268,0.020008929384251434,0.017015510859588783,0.06331783533096313,0.8251497149467468,0.2081559052069982,43.56493123372396,-17.203434414333767,-10.763764487372505,-13.342246161566841,-21.005835003323025,0.7958952024612411,0.7561326163449814,0.3894301684587515,51335_1372
2562,102.6700499,2.743922761,Healthy,Palong_Basemap,0.14630036387178633,0.019141970719728205,0.0165526546123955,0.06864795544081265,0.7955567174487643,0.20161570443047416,43.3426390753852,-17.029688517252605,-11.03372891743978,-12.846914291381836,-21.074909422132706,0.7613507026056461,0.7685964627253273,0.36126083087927713,51335_1371
2564,102.6700462,2.743852612,Healthy,Palong_Basemap,0.14444124698638916,0.020001197026835546,0.017176907406085067,0.07351540898283322,0.7968610591358609,0.21170547273423937,43.08427810668945,-16.887914445665146,-11.018998675876194,-12.807311587863499,-21.07667393154568,0.7936174038204463,0.7567392391075503,0.3254125811765591,51335_1371
2565,102.6701201,2.743807516,Healthy,Palong_Basemap,0.12454144242737028,0.021045589198668797,0.01800602415783538,0.0736984337369601,0.8054506050215827,0.17923054099082947,42.07456503974067,-17.52039294772678,-10.848761982387966,-12.845577557881674,-21.07671356201172,0.9118606432866125,0.7108864853742278,0.2564721572377498,51335_1371
2566,102.6701226,2.743887686,Healthy,Palong_Basemap,0.14008190482854843,0.021460665596856013,0.018086411679784458,0.07258503801292843,0.7902614739206102,0.17205679416656494,42.60262764824761,-17.739387300279404,-10.997705777486166,-12.74689409467909,-21.06125005086263,0.8537750537473452,0.7343032794347432,0.31738297411804406,51335_1371
2567,102.6701213,2.743965351,Healthy,Palong_Basemap,0.14230340470870337,0.020927024591300223,0.01876807388746076,0.0731582711968157,0.8008541729715135,0.17947010199228922,42.68843205769857,-17.52404933505588,-10.820887883504232,-12.782923274570042,-21.01575491163466,0.8250129915292072,0.7435891741381365,0.32091615931831946,51335_1371
2568,102.6701213,2.744045521,Healthy,Palong_Basemap,0.14035850514968237,0.022890180970231693,0.019082725772427186,0.07496797541777293,0.8176471922132704,0.18659569488631356,42.73183949788412,-17.535544713338215,-10.581344286600748,-12.972235361735025,-20.966209835476345,0.8923108197707109,0.7195667357050857,0.3036808550420001,51335_1372
2569,102.6701176,2.744124439,Healthy,Palong_Basemap,0.13337188131279415,0.032574719852871366,0.024402727683385212,0.07210138357347912,0.8384166227446662,0.15644881625970206,42.12774361504449,-19.33778699239095,-9.909459008110893,-13.457170062594944,-20.725374221801758,1.1689979629403886,0.6074072066067588,0.2981920678255998,51335_1372
2570,102.6701201,2.744208367,Healthy,Palong_Basemap,0.126038564576043,0.029838048956460424,0.026161438061131373,0.06982157089644009,0.8384933008088006,0.13355801420079338,41.57133780585395,-20.411121368408203,-9.612370385064018,-13.452837944030762,-20.768386628892685,1.126622545119217,0.6171581062705268,0.28702621666214967,51335_1372
2571,102.6701239,2.744282274,Healthy,Palong_Basemap,0.1482082282503446,0.023808232612080045,0.02464327174756262,0.06986744080980618,0.8255313634872437,0.11607966696222623,40.59277598063151,-21.055558522542317,-9.383006731669107,-13.065077993604872,-20.888757917616104,0.8639162642281967,0.7231865776947778,0.35923671713661026,51335_1372
2572,102.6701213,2.744367455,Healthy,Palong_Basemap,0.18240782784091103,0.02281247845126523,0.024182350271277957,0.08415007425679101,0.7818245424164666,0.1282927646405167,38.28369352552626,-20.705298741658527,-9.08367199367947,-11.668876224093967,-21.076622645060223,0.7235879305953269,0.7776781560905904,0.3686169226681016,51335_1372
2573,102.670189,2.743847601,Healthy,Palong_Basemap,0.1290910484062301,0.021954466899236042,0.019221431161794398,0.0654681267009841,0.7992361982663473,0.20218377146455976,42.19353569878472,-17.669434759351944,-11.356878386603462,-13.026286019219292,-21.075289408365887,0.9137157620364317,0.7092999834541722,0.32701064686456344,51335_1371
2574,102.6702629,2.743807516,Healthy,Palong_Basemap,0.1304580138789283,0.018837606120440695,0.017651269419325724,0.06890583948956595,0.7913400729497274,0.21786624689896902,41.41525099012587,-17.26310878329807,-11.312709384494358,-12.70838843451606,-21.07671356201172,0.811159448619223,0.7476469018914245,0.30874290072830984,51335_1371
2576,102.6703944,2.743803758,Healthy,Palong_Basemap,0.13186639961269167,0.019037928639186755,0.01801774102366633,0.07227885143624412,0.7915557954046462,0.27731091611915165,40.926636589898,-16.70248137580024,-11.46466498904758,-12.225310113694933,-21.07671356201172,0.8102970355563999,0.7476821392768795,0.2918879957788672,51335_1371
2578,102.6703982,2.743882676,Healthy,Palong_Basemap,0.1316302294532458,0.0157280835426516,0.014069171311954657,0.07541033584210607,0.822902156247033,0.43631404969427323,44.39402219984267,-14.553011046515572,-12.11149459415012,-12.964053789774576,-21.07671356201172,0.7102495838425612,0.7865327958377282,0.2715404758045349,51335_1371
2579,102.6703268,2.74384259,Healthy,Palong_Basemap,0.13770640227529737,0.015764968159298103,0.015127975597149797,0.07274454873469141,0.8090852035416497,0.32638659907711876,43.40919664171007,-15.726939731174046,-11.891438484191895,-12.802391158209907,-21.07671356201172,0.6840789435188421,0.7945549308036365,0.30867930617012335,51335_1371
2580,102.6702566,2.743885181,Healthy,Palong_Basemap,0.12807496554321712,0.01862552161845896,0.016802713895837467,0.07137654266423649,0.8283060126834445,0.3182214978668425,44.53071043226454,-15.878702693515354,-11.716499328613281,-13.432862493726942,-21.07671356201172,0.8181256133485704,0.7460741681391679,0.2842717179155519,51335_1371
2581,102.6703318,2.743922761,Healthy,Palong_Basemap,0.13055188043249977,0.01566468220618036,0.013755725075801214,0.07492703406347169,0.8307617174254524,0.40034103724691605,45.1285031636556,-14.870352321200901,-12.01103507147895,-13.330859608120388,-21.07671356201172,0.7135027306953141,0.7857331355150264,0.2707082938678783,51335_1371
2582,102.6703381,2.744006689,Healthy,Palong_Basemap,0.11455193575885561,0.017277767467829917,0.016537347084118262,0.07986964740686947,0.8500218656327989,0.4531991548008389,44.45256678263346,-15.175664159986708,-11.094667010837131,-13.588212119208443,-21.07671356201172,0.8344489226783912,0.7378774730590082,0.17838702775310156,51335_1372
2583,102.6702591,2.743962846,Healthy,Palong_Basemap,0.12355923569864696,0.018459838194151718,0.016735302698281076,0.07352048738135232,0.8471948239538405,0.35840414298905265,44.93284479777018,-15.690632184346518,-11.360806041293674,-13.685241593254936,-21.074626922607422,0.8333344237209626,0.7400371979881252,0.25390104844516526,51335_1371
2584,102.670184,2.744011699,Healthy,Palong_Basemap,0.13711263818873298,0.023064682881037395,0.02021549404081371,0.08336702899800406,0.824506057633294,0.2040397822856903,42.387869940863716,-17.584029303656685,-10.473235448201498,-12.922347598605686,-21.007844501071506,0.9069091327167392,0.7120106301317047,0.24376673766115872,51335_1372
2585,102.6701978,2.744084354,Healthy,Palong_Basemap,0.14197234064340591,0.024195228703320026,0.019810867288874254,0.09908286482095718,0.8384040461646186,0.25418200426631504,41.29956181844076,-17.94544866349962,-9.92859278784858,-12.945073445638021,-21.047236972384983,0.9209613835987861,0.7087851883680845,0.17792387324649325,51335_1372
2586,102.6702591,2.744044269,Healthy,Palong_Basemap,0.12408513575792313,0.01908405777066946,0.01723670545551512,0.08338342482844989,0.8512102365493774,0.3707831799983978,43.86655468410916,-16.066693517896866,-10.767223146226671,-13.566586706373426,-21.074626922607422,0.8505905562946896,0.7334055280983595,0.19618254840365731,51335_1372
2588,102.6702629,2.744126944,Healthy,Palong_Basemap,0.13716423594289356,0.023816984974675708,0.02290300290203757,0.1021357129017512,0.8382825917667813,0.28019628591007656,39.869994269477,-18.327560424804688,-9.57694541083442,-12.59818066491021,-21.07671356201172,0.9173556615461094,0.7041023190292333,0.14637914972511393,51335_1372
2589,102.6702679,2.744204609,Healthy,Palong_Basemap,0.15265884747107825,0.024334621098306444,0.0252280260125796,0.10199919922484292,0.8392349680264791,0.21110354860623678,39.17510223388672,-19.285146077473957,-9.130680296156141,-12.364176644219292,-21.07671356201172,0.8592880761656025,0.725022383085658,0.1989320538012543,51335_1372
2590,102.6701927,2.744160766,Unhealthy,Palong_Basemap,0.15186307082573572,0.026900489918059774,0.023513989626533456,0.10087151990996467,0.8379610048400031,0.20217664705382454,40.0542369418674,-19.22618865966797,-9.358956019083658,-12.804692904154459,-21.071582582261826,0.9390250439076708,0.6990383296670439,0.20175928735095844,51335_1372
2594,102.6703268,2.744242189,Healthy,Palong_Basemap,0.16592949463261497,0.02326274063024256,0.024233176269465022,0.09936200661791696,0.8486630121866862,0.2153700871600045,40.55287763807509,-18.104847696092392,-8.94416872660319,-12.32977294921875,-21.07671356201172,0.7862747811479792,0.7540835584724493,0.25092205253810235,51335_1372
2597,102.6704646,2.743921508,Healthy,Palong_Basemap,0.13618570317824683,0.01654250630074077,0.016429521557357576,0.07707258065541585,0.8136110504468282,0.4186110893885295,42.726413302951386,-14.902142630683052,-11.958996136983236,-12.492833561367458,-21.07671356201172,0.7126541802189539,0.7833732699784357,0.2771902758485014,51335_1371
2599,102.6706074,2.743754904,Healthy,Palong_Basemap,0.14558641446961296,0.02033937018778589,0.01768269058730867,0.06808463649617301,0.8020246492491828,0.259325760934088,39.06163575914171,-19.29176966349284,-11.340932104322645,-12.402176221211752,-20.23518138461643,0.7978263323019299,0.7548377398994095,0.3627153871483035,51335_1371
2600,102.6707439,2.74375741,Healthy,Palong_Basemap,0.1728088210026423,0.019069785045252904,0.017339669167995453,0.062455639243125916,0.8027835951911079,0.2775040815273921,39.72141435411241,-17.483828438652885,-11.360649214850532,-11.812868224249947,-19.500919553968643,0.6682709563851416,0.8012307318879225,0.46906014467393975,51335_1371
2601,102.6702673,2.744683751,Unhealthy,Palong_Basemap,0.1729856464597914,0.020787505019042227,0.022804737091064453,0.11053370187679927,0.8351311749882169,0.3230499393410153,42.01371298895942,-15.064088503519693,-9.33509890238444,-10.855376879374186,-20.229021708170574,0.7006077745281161,0.7854449405359142,0.22027401286507597,51335_1372
2602,102.670271,2.744608592,Healthy,Palong_Basemap,0.17580626491043302,0.02084949550529321,0.02252281146744887,0.10896372298399608,0.8385889596409268,0.34083591236008537,42.78928544786241,-15.018487824334038,-9.229244867960611,-11.23331387837728,-20.544026692708332,0.6949019165012827,0.7879594733333231,0.2347246717277561,51335_1372
2603,102.6702648,2.744528421,Healthy,Palong_Basemap,0.17289473199182087,0.019587274433837995,0.020947494854529698,0.1059188221891721,0.84644525580936,0.34655588534143233,43.80060492621528,-14.963287777370876,-9.100132836235893,-11.958452224731445,-20.94291263156467,0.672476026631723,0.7964768260933203,0.24021755326561736,51335_1372
2604,102.6702598,2.744446999,Unhealthy,Palong_Basemap,0.16139913929833305,0.023118241379658382,0.02586755756702688,0.09397752914163801,0.8683607313368056,0.29035793244838715,44.66459698147244,-15.848792605929905,-8.79144287109375,-13.493833647833931,-21.076318105061848,0.7920488763131254,0.7494193631547054,0.2640084960327657,51335_1372
2606,102.6703312,2.744319227,Healthy,Palong_Basemap,0.16748681167761484,0.025278151863151126,0.02535159761706988,0.09989804526170094,0.8627939621607462,0.22451681395371756,42.79706488715278,-17.23267724778917,-8.694232728746202,-12.958460277981228,-21.053803126017254,0.8308529482633911,0.7377308469461018,0.25277709137901355,51335_1372
2607,102.6703362,2.744482073,Healthy,Palong_Basemap,0.1480264721645249,0.020905804509917896,0.02446947805583477,0.11069782326618831,0.8608420888582865,0.3743737306859758,45.591935051812065,-14.785579999287924,-8.830286767747667,-13.236156781514486,-20.940292358398438,0.7804038115701448,0.7524948467934707,0.14427964268370488,51335_1372
2608,102.6703349,2.744560991,Healthy,Palong_Basemap,0.1554951858189371,0.01964827047453986,0.021330206965406735,0.12202280428674486,0.8456189764870538,0.3693835503525204,44.30293401082357,-14.83825577629937,-8.996286074320475,-12.21289168463813,-20.999398761325413,0.7273031528128041,0.7756322629420255,0.12061337544079781,51335_1372
2609,102.6703374,2.744646171,Healthy,Palong_Basemap,0.17615442640251583,0.021157517822252378,0.022669141077333026,0.10971118592553669,0.8197360767258538,0.3132024755080541,41.78458150227865,-15.194567468431261,-9.306163363986546,-10.88020748562283,-20.81501833597819,0.7019205568290228,0.7855424525324146,0.2324282376459134,51335_1372
2610,102.6704013,2.744685004,Healthy,Palong_Basemap,0.1878951307800081,0.02206205390393734,0.022892957139346335,0.10211040245162116,0.8067197865910001,0.29117829932106865,41.54254489474826,-15.616413858201769,-9.265092002020943,-10.913384119669596,-21.019168641832138,0.6923812755524658,0.7898423534574635,0.29580376406083997,51335_1372
2611,102.6704038,2.744603581,Healthy,Palong_Basemap,0.17151344070831934,0.021938226082258754,0.023578023331032857,0.11723828646871778,0.8233513302273221,0.3321121997303433,42.735521952311196,-15.27872477637397,-9.115636825561523,-11.393015649583605,-20.854700724283855,0.7344325190011762,0.773191656125578,0.18796477780486076,51335_1372
2612,102.6704026,2.744525916,Healthy,Palong_Basemap,0.15569566604163912,0.0214229602780607,0.02494071962104903,0.12389663772450553,0.8424236112170749,0.3619502716594272,44.36385006374783,-14.883798599243164,-8.948967085944282,-12.178460545010036,-20.606426027086044,0.7668780814203938,0.758094778361795,0.11373356093424801,51335_1372
2613,102.6704001,2.744443241,Healthy,Palong_Basemap,0.15373380978902182,0.024166220799088478,0.027629923903279834,0.0987484066022767,0.8647312058342828,0.3475456370247735,46.491096920437286,-14.433382352193197,-8.683470408121744,-13.631511052449545,-20.453005684746635,0.8416760363911978,0.728316844924662,0.21777931124277045,51335_1372
2614,102.6703988,2.744360565,Healthy,Palong_Basemap,0.16181881063514286,0.024664262723591592,0.02711982114447488,0.09681940161519581,0.8643750415907966,0.30204680727587807,45.714532640245224,-14.959725168016222,-8.667813618977865,-13.426759507921007,-20.712250179714626,0.8281212739736264,0.7354798772954009,0.25131402067159914,51335_1372
2615,102.6704038,2.744284153,Healthy,Palong_Basemap,0.17554836803012425,0.02247514741288291,0.024293117018209562,0.10192778789334828,0.8411787218517728,0.238668003016048,41.312937842475044,-16.437145551045734,-9.170971340603298,-12.122797224256727,-21.04037602742513,0.7345066055548839,0.7730052679591838,0.2653221855829674,51335_1372
2617,102.6704677,2.744167656,Healthy,Palong_Basemap,0.14697982288069195,0.020040755056672625,0.023766426576508418,0.07867162923018138,0.8153747187720405,0.32312588228119743,40.0206175910102,-16.617095629374187,-10.374934514363607,-11.987603823343912,-20.75979338751899,0.7604598217045222,0.7600205279592764,0.30271550664317237,51335_1372
2621,102.6704752,2.744558485,Healthy,Palong_Basemap,0.16722564068105486,0.022270639116565388,0.02795354835689068,0.11360932058758205,0.8472211625840929,0.3142816987302568,44.376114739312065,-15.16581482357449,-9.013291358947754,-11.660461001925999,-18.71526230706109,0.7432202805238723,0.7649490624264481,0.19091754050588206,51335_1372
2623,102.6705416,2.744601076,Healthy,Palong_Basemap,0.21433750788370767,0.02312557626929548,0.02514511512385474,0.11422429978847504,0.8428332673178779,0.2925690925783581,43.33051978217231,-15.967277103000217,-9.247226079305014,-11.364699257744682,-18.9904727935791,0.6474719686209474,0.8052280306913295,0.3047012944216541,51335_1372
2624,102.6705429,2.744681246,Healthy,Palong_Basemap,0.21338708533181083,0.021034938386744924,0.021738202828500006,0.1079271568192376,0.8263115949100919,0.2796001185973485,42.494151221381294,-16.68002266354031,-9.430913819207085,-11.237495634290907,-20.022512647840713,0.6070795179062651,0.8205378654012542,0.32821429827252097,51335_1372
2625,102.6704721,2.744641161,Healthy,Palong_Basemap,0.18841575582822165,0.021384693475233182,0.02208939091198974,0.0984234172436926,0.8012586169772677,0.2605241785446803,41.525023566352,-16.27577527364095,-9.274107615152994,-10.93871063656277,-20.81456226772732,0.6754628872826242,0.7961425388150394,0.3137379654973653,51335_1372
2629,102.6707489,2.744641787,Unhealthy,Palong_Basemap,0.17122772336006165,0.02433070892261134,0.024822479527857568,0.12348828547530705,0.8613746960957845,0.36342762576209175,42.586031172010635,-16.240567101372612,-10.354457325405544,-12.486385981241861,-20.23592694600423,0.7954083700551021,0.7511668646694595,0.1619845425886665,51335_1372
2630,102.6708185,2.744676862,Unhealthy,Palong_Basemap,0.11447056300110287,0.022451925091445446,0.022232898097071383,0.1001255214214325,0.8553117116292318,0.33709165785047746,41.49765819973416,-17.093520482381184,-10.826184802585178,-12.94971646202935,-20.603240119086372,0.9890317711580522,0.6720491220365525,0.06684670700433319,51335_1372
2636,102.6709519,2.744441362,Unhealthy,Palong_Basemap,0.14280872460868624,0.016074032729698554,0.012422628804213472,0.0708789982729488,0.797819521692064,0.31997816264629364,39.24098163180881,-18.116343180338543,-13.192846298217773,-12.785839716593424,-20.651300218370224,0.6862667341562569,0.7976617098170764,0.33661141298033503,51335_1372
2637,102.6709487,2.744354302,Unhealthy,Palong_Basemap,0.13818577345874575,0.01793374814507034,0.01255687108884255,0.07477021838227908,0.8110526733928256,0.3770970404148102,40.3247913784451,-17.204814698961044,-13.402629640367296,-12.883063634236654,-20.724533292982315,0.7688220185489291,0.7702561734645749,0.29778713680809427,51335_1372
2639,102.6708892,2.744480194,Unhealthy,Palong_Basemap,0.1383057079381413,0.015414920532041125,0.013608885101146169,0.06840569898486137,0.823967006471422,0.3140642394622167,40.15843836466471,-18.6261232164171,-12.818391587999132,-13.275393274095324,-20.374027676052517,0.6748187153353912,0.7994423951365616,0.3381526447609965,51335_1372
2640,102.670821,2.744597944,Unhealthy,Palong_Basemap,0.11279341826836269,0.021862926065093942,0.0216755633138948,0.10013750278287464,0.8470201889673868,0.3093164198928409,40.62687132093642,-18.311387168036568,-11.60316276550293,-13.491519927978516,-20.673381805419922,0.9815290649951993,0.6752781879930793,0.059436719772806804,51335_1372
2643,102.6708222,2.74443823,Unhealthy,Palong_Basemap,0.12710795303185782,0.022504639915294118,0.0214338018041518,0.10203865046302478,0.8554868698120117,0.39823881453937954,42.74212731255425,-17.907985899183487,-12.71467293633355,-13.407586733500162,-18.77573733859592,0.9301790591431177,0.699161153857637,0.10940289834753278,51335_1372
2647,102.67068,2.744516521,Healthy,Palong_Basemap,0.211530895696746,0.0263144483582841,0.024261197075247765,0.13258404864205253,0.8879859646161398,0.41223225990931195,45.796546088324654,-15.748162905375162,-9.958364804585775,-12.685653792487251,-16.906340810987686,0.7298899682702229,0.7787263949787828,0.2294199899001373,51335_1372
2649,102.6706068,2.74447581,Healthy,Palong_Basemap,0.23863553338580662,0.02867097035050392,0.029639124870300293,0.13073770867453682,0.8800445199012756,0.3853154612912072,45.55894343058268,-15.239268726772732,-9.327504793802897,-12.162404908074272,-16.949703322516548,0.7044105353923932,0.785482433463071,0.29211056033572363,51335_1372
2650,102.6705385,2.744520905,Healthy,Palong_Basemap,0.22066183222664726,0.02819909072584576,0.03154992374281088,0.11845866756306754,0.8597147928343879,0.3214747707049052,44.54784901936849,-15.319334454006619,-9.07290702395969,-11.678927739461264,-17.95944383409288,0.7309963110452508,0.773374699480409,0.3013771350506822,51335_1372
2651,102.6705353,2.744441988,Healthy,Palong_Basemap,0.2002667917145623,0.026448192074894905,0.029937281997667417,0.09852933883666992,0.8645953800943162,0.3701883190208011,45.67403115166558,-14.61169868045383,-9.082484033372667,-11.950628386603462,-17.529679404364693,0.7473867693364311,0.766683334000928,0.34049119943488776,51335_1372
2652,102.6705385,2.74436307,Healthy,Palong_Basemap,0.24834736519389683,0.023485297958056133,0.024836267655094463,0.09527413960960177,0.8570134904649522,0.36989419990115696,45.142950269911026,-14.668129285176596,-9.33396996392144,-11.798146035936144,-17.807415432400173,0.5868496080440592,0.8272076822134654,0.4454704477003866,51335_1372
2653,102.6706036,2.744401276,Healthy,Palong_Basemap,0.2294095042679045,0.024066443451576762,0.025808801046676107,0.10285283376773198,0.8703372279802958,0.41533972488509285,45.41040590074327,-15.074929767184788,-9.75693776872423,-11.999870618184408,-16.84306706322564,0.6346820205487181,0.8101086618426551,0.3808938179644025,51335_1372
2655,102.6706775,2.744359939,Healthy,Palong_Basemap,0.1934804552131229,0.023881536804967456,0.02610011212527752,0.11646733929713567,0.8795088330904642,0.4462811417049832,45.68787087334527,-15.697036001417372,-10.422217898898655,-12.383197996351454,-16.248329586452908,0.7146319013312938,0.7802602324054899,0.24847124993315053,51335_1372
2656,102.670608,2.744314217,Healthy,Palong_Basemap,0.22135313848654428,0.02110303400291337,0.02332179993391037,0.09153846402963002,0.8615210586123996,0.3971151312192281,44.37276840209961,-15.167859077453613,-10.075746324327257,-11.707084019978842,-16.98341899447971,0.5884818731165774,0.8259228974355687,0.4148870516593801,51335_1372
2657,102.670747,2.744317975,Healthy,Palong_Basemap,0.15655470887819925,0.021743686869740486,0.024836256479223568,0.11416739887661403,0.8736247155401442,0.4594659143024021,44.565476735432945,-15.993478351169163,-11.394886864556206,-12.293315251668295,-16.226333088344997,0.7735271242952669,0.7560977845198392,0.15657129132569556,51335_1372
2658,102.6710201,2.744632392,Healthy,Palong_Basemap,0.11278726160526276,0.015784607061909303,0.016487662266525958,0.045478622118631996,0.8583972586525811,0.13664349002970588,42.390740712483726,-20.458689159817165,-10.657285478379992,-15.583613501654732,-20.978211720784504,0.7850883350111464,0.7544625083925601,0.42528836855361146,51335_1372
2660,102.671022,2.744472052,Healthy,Palong_Basemap,0.1391308738125695,0.015318362870150141,0.013784375455644395,0.0566750206053257,0.7863248189290365,0.23584373792012533,39.03952195909288,-19.100918663872612,-12.352596600850424,-12.93729919857449,-20.69524319966634,0.6676414293854191,0.8016388659580339,0.42111016857982775,51335_1372
2663,102.6712963,2.744470173,Unhealthy,Palong_Basemap,0.06748505019479328,0.024487725562519498,0.026460869651701715,0.07204980403184891,0.9576933251486884,0.16734799328777525,51.318833669026695,-20.531404495239258,-9.688565254211426,-20.716736263699,-18.98395898607042,1.3706963707979978,0.4675005650120879,-0.03271407608052705,51335_1372
2666,102.6711629,2.744470799,Healthy,Palong_Basemap,0.10310324033101399,0.023644510242674086,0.02487794744471709,0.06264902320173052,0.8613436155849032,0.1970247526963552,43.19069247775607,-20.479884253607857,-10.660806973775228,-14.998304790920681,-20.245248158772785,1.0792255216564204,0.6269044596743713,0.2440643419707611,51335_1372
2667,102.6710915,2.744431967,Healthy,Palong_Basemap,0.11815802173482047,0.018623235635459423,0.015064472643037638,0.0628872803515858,0.8051153487629361,0.26278544465700787,40.26123513115777,-18.63271056281196,-12.060759120517307,-13.063247044881185,-20.735722647772896,0.873976588739537,0.7276931650797075,0.30528680250899837,51335_1372
2668,102.6711573,2.744396892,Healthy,Palong_Basemap,0.11759713457690345,0.023095439912544355,0.016643163437644642,0.07043974763817257,0.8524819413820902,0.2533717470036613,42.962196350097656,-18.646987703111435,-11.379976378546822,-13.935830646091038,-20.848435507880318,1.0240110468301022,0.671689284294438,0.2507879644845015,51335_1372
2671,102.6710189,2.744315469,Healthy,Palong_Basemap,0.13091747876670626,0.016008391976356506,0.011927216624220213,0.0661650196545654,0.8093214233716329,0.400206595659256,41.37945005628798,-16.254890335930718,-13.255623923407661,-13.082209057278103,-21.046498192681206,0.7323919269788016,0.7820888602477469,0.3285550956114323,51335_1372
2672,102.6711598,2.744309206,Healthy,Palong_Basemap,0.12075062261687385,0.0210426463228133,0.01513269388427337,0.06961838694082366,0.8491571678055657,0.28865231904718613,43.20811631944444,-17.874352137247723,-11.553786807590061,-14.052091916402182,-21.05611801147461,0.9459037264469067,0.7031925918604225,0.2685953758694789,51335_1372
2673,102.6712249,2.744348038,Healthy,Palong_Basemap,0.10543318755096859,0.022011980414390564,0.01777105178270075,0.07245806025134192,0.892088426484002,0.20709293915165794,45.766963958740234,-19.18727789984809,-10.628141297234428,-15.783120473225912,-20.450589921739365,1.0530271996233873,0.6545654768115864,0.1853667772136363,51335_1372
2675,102.6712299,2.744270374,Healthy,Palong_Basemap,0.1059555129872428,0.020202188856071897,0.017534527617196243,0.07063203470574485,0.8965938554869758,0.21295761896504295,46.29241180419922,-20.123672273423935,-10.354481909010145,-16.21435324350993,-20.577571868896484,0.9861074739982325,0.679731184685615,0.20003380047448646,51335_1372
2676,102.6712895,2.74422653,Healthy,Palong_Basemap,0.10674780938360426,0.021419668363200292,0.017963165003392432,0.07076216571860844,0.9072425431675382,0.18808000451988643,46.51332685682509,-20.661534627278645,-9.701989915635851,-17.66902796427409,-20.831696404351128,1.0227217470794696,0.6657550146143167,0.2027246279780885,51335_1372
2677,102.6711611,2.744237804,Healthy,Palong_Basemap,0.12064837995502684,0.017980401921603415,0.015321496356692579,0.06785867363214493,0.844695422384474,0.31800983515050674,43.360757191975914,-17.473167101542156,-11.58334689670139,-14.180422888861763,-21.07671356201172,0.8366349463819408,0.7405964089390227,0.28004101341741167,51335_1372
2678,102.6710871,2.744271626,Healthy,Palong_Basemap,0.12589150998327467,0.014870034220317999,0.013294117318259345,0.06363077006406254,0.8227992124027677,0.37848671939637923,42.81038962470161,-16.093141025967068,-12.471882608201769,-13.678168190850151,-21.07671356201172,0.7042165683550721,0.7887202175217616,0.3285140929270226,51335_1372
2679,102.6709581,2.744277263,Unhealthy,Palong_Basemap,0.12626579735014173,0.014769325343271097,0.012803333811461926,0.06956322325600518,0.8194578223758273,0.4652123186323378,42.88816875881619,-15.522851838005913,-13.606600867377388,-12.826423327128092,-20.639969295925564,0.7007660112187646,0.790558194849418,0.28955143583226756,51335_1372
2680,102.6710164,2.744234046,Healthy,Palong_Basemap,0.1327685887614886,0.014122160462041696,0.01246113557782438,0.06312533716360728,0.8139191203647189,0.43247989151212907,42.795819176567925,-15.634317609998915,-13.2498107486301,-13.224142816331652,-21.029517703586155,0.6512633260197119,0.8077188585844658,0.35551511497355387,51335_1372
2681,102.6708798,2.744234046,Unhealthy,Palong_Basemap,0.15220298618078232,0.01802360463059611,0.017032078984710906,0.09692361868090099,0.8338113360934787,0.47685423493385315,42.99026574028863,-15.547002474466959,-13.467953575981987,-12.470989969041613,-19.572982788085938,0.702393021742676,0.7882398449656156,0.2218926699160565,51335_1372
2682,102.6708172,2.744276637,Unhealthy,Palong_Basemap,0.16566331850157845,0.01923531262824933,0.02246995798001687,0.11010292503568861,0.8628656797938876,0.4573550091849433,43.400596618652344,-15.864769087897407,-12.063224898444282,-12.073710759480795,-16.9908693101671,0.6790814273085648,0.7919366681006619,0.2014764126066119,51335_1372
2683,102.6707508,2.744237804,Healthy,Palong_Basemap,0.16785078909662035,0.02019065452946557,0.024661119406421978,0.10787030806144078,0.8663667109277513,0.43582361936569214,43.50506125556098,-16.025002903408474,-11.30921204884847,-11.892144838968912,-16.511298497517902,0.6935592110695207,0.7852531427102419,0.21754041186335074,51335_1372
2684,102.6706744,2.744277263,Healthy,Palong_Basemap,0.17801239755418566,0.020450963121321466,0.024879020121362474,0.10093215232094128,0.8608058624797397,0.4000917871793111,43.29290559556749,-16.00495168897841,-10.735218154059517,-11.66381941901313,-16.649414910210503,0.6710917629706619,0.7939069150929139,0.2763281995211963,51335_1372
2685,102.6715049,2.744079343,Healthy,Palong_Basemap,0.12321043262879054,0.019270020123157237,0.01738779546899928,0.07005265562070741,0.8311123781734042,0.2853195038106706,42.555818769666885,-19.550662782457138,-11.536683718363443,-13.127038213941786,-18.56496959262424,0.8605652070340086,0.7295064726288385,0.2750539561877317,51335_1372
2686,102.6714485,2.744034247,Unhealthy,Palong_Basemap,0.14165501048167548,0.016905021336343553,0.017102694035404258,0.08055454616745313,0.8523986405796475,0.2485571867889828,41.680667877197266,-20.474382612440323,-10.558206452263725,-13.6057096057468,-19.93449550204807,0.7022991786754161,0.7867681894041795,0.2749677612232523,51335_1372
2689,102.6714799,2.743793737,Healthy,Palong_Basemap,0.11884220606750912,0.015867610255049333,0.018100840970873833,0.06983108859923151,0.8391502102216085,0.22466508050759634,39.880438486735024,-19.67049217224121,-11.106575859917534,-13.286876890394423,-20.90115737915039,0.7525621639664353,0.7644179067536572,0.25976711518631945,51335_1371
2690,102.6714974,2.743729851,Healthy,Palong_Basemap,0.11670837303002675,0.0162611644094189,0.018430572003126144,0.07105274498462677,0.8652215732468499,0.2138917644818624,42.06333372328017,-19.611806233723957,-11.016452577379015,-14.22400156656901,-20.995756997002495,0.7759055641566487,0.7554151917415787,0.24315805385136693,51335_1371
2691,102.6715174,2.743673481,Unhealthy,Palong_Basemap,0.10661744988626903,0.016993650442196265,0.01771601030810012,0.07216405951314503,0.8504809737205505,0.2283163004451328,43.166769663492836,-18.96512773301866,-11.886850039164225,-14.288215001424154,-20.894569396972656,0.8586947322084806,0.7250465306588174,0.19271226923222812,51335_1371
2695,102.6714122,2.743910234,Healthy,Palong_Basemap,0.1454028371307585,0.015316986478865147,0.015932473354041576,0.08695345537530051,0.8365144729614258,0.23041970862282646,39.15388531155057,-20.08806588914659,-10.630514356825087,-12.850242614746094,-20.66312705145942,0.6383098880900111,0.809395180571266,0.2515506729990273,51335_1371
2697,102.6712945,2.744064311,Healthy,Palong_Basemap,0.10972941915194194,0.020135556554628745,0.01812277040961716,0.07434358075261116,0.8893681698375278,0.20401053130626678,43.86134592692057,-20.89991717868381,-9.479889657762316,-15.913184271918404,-21.03957896762424,0.9581328101341869,0.6899001221064417,0.19223807086144792,51335_1372
2698,102.6713007,2.74399291,Healthy,Palong_Basemap,0.1289307607544793,0.01681631441331572,0.01656551379710436,0.07624604552984238,0.8585346672270033,0.22247752050558725,41.90971374511719,-19.282815509372288,-10.012024137708876,-13.716154522365994,-20.95830747816298,0.7510262876029353,0.7692397683595982,0.2567771483470193,51335_1371
2699,102.6712945,2.744150745,Healthy,Palong_Basemap,0.10302494797441694,0.021911546174022887,0.01907827342963881,0.08677861467003822,0.9001771542761061,0.19534969329833984,45.23138173421224,-20.82562467787001,-9.513444900512695,-17.066823853386772,-20.990931616889107,1.056447078394538,0.6492370572206182,0.08559551295046954,51335_1372
2700,102.6712331,2.744189577,Healthy,Palong_Basemap,0.10674780938360426,0.021419668363200292,0.017963165003392432,0.07076216571860844,0.8913923038376702,0.20831025309032863,45.414488050672745,-20.71678352355957,-10.095731523301867,-15.860944853888618,-20.847891277737087,1.0227217470794696,0.6657550146143167,0.2027246279780885,51335_1372
2701,102.6712218,2.744109407,Healthy,Palong_Basemap,0.1288532962401708,0.018783674264947575,0.017157171852886677,0.06619492835468715,0.8824216855896844,0.22167423533068764,44.88836966620551,-18.48443529340956,-10.140391243828667,-15.002773390875923,-21.07671356201172,0.8185596543411144,0.7455424044440635,0.32124551769509163,51335_1372
2702,102.6712193,2.744027984,Healthy,Palong_Basemap,0.1297356685002645,0.01783231045636866,0.018673880232705012,0.06759469956159592,0.8863228294584486,0.22555478745036656,45.22564782036675,-17.716620657179092,-10.10293992360433,-14.94356960720486,-21.07671356201172,0.7750054444115022,0.7583173452336951,0.31490829084750005,51335_1372
2703,102.6712218,2.743959088,Healthy,Palong_Basemap,0.13592571351263258,0.017121085069245763,0.020862935731808346,0.0671649459335539,0.8869920041826036,0.2253184715906779,45.49022928873698,-17.138864305284287,-10.091658274332682,-14.987298859490288,-21.07671356201172,0.7169978174014131,0.7762634014185384,0.33857178743022603,51335_1371
2704,102.6712231,2.743873907,Healthy,Palong_Basemap,0.13946661601463953,0.016845674564441044,0.021416017164786656,0.07780231825179523,0.8865303132269118,0.21653247210714552,44.85952631632487,-17.550388124254013,-9.990146742926704,-14.797976599799263,-21.07671356201172,0.6926177637768063,0.7844612921730735,0.2838155301448939,51335_1371
2705,102.671218,2.743794989,Healthy,Palong_Basemap,0.12403951750861274,0.017339771820439234,0.02286552596423361,0.084942231575648,0.8846001889970567,0.20741195645597246,44.173082987467446,-18.302405039469402,-10.050005594889322,-14.569639947679308,-21.07671356201172,0.7639314369596573,0.7547056304678129,0.1870846909085867,51335_1371
2709,102.6712882,2.743748641,Healthy,Palong_Basemap,0.1309420590599378,0.019547861276401415,0.022364340101679165,0.09044685628679064,0.8951485620604621,0.21422872775130802,44.06786685519748,-19.507305569118923,-9.961491478814018,-14.868925836351183,-20.905204984876846,0.8127919215118042,0.7402103578404096,0.18291431939907907,51335_1371
2711,102.6713646,2.743791231,Healthy,Palong_Basemap,0.11736023177703221,0.017752737945152655,0.01873264792892668,0.08141492762499386,0.8700926303863525,0.25144629511568284,42.1769765218099,-19.085956149631077,-10.435198465983072,-13.762970924377441,-20.426109102037216,0.8276414017356303,0.7372163755758564,0.18083398479051588,51335_1371
2712,102.6710915,2.743721082,Healthy,Palong_Basemap,0.10322511692841847,0.01679631457146671,0.01884307319091426,0.07912521560986836,0.8684651189380221,0.20749310817983416,42.30882136027018,-19.34736484951443,-10.348189142015245,-14.326484044392904,-21.07671356201172,0.8632263225168989,0.720111410744459,0.13216263981032236,51335_1371
2713,102.6711554,2.743754904,Healthy,Palong_Basemap,0.10088174707359737,0.01718499542524417,0.02105262213283115,0.08215033180183834,0.8764059808519151,0.20198235412438711,43.0892333984375,-18.83047718471951,-10.285402297973633,-14.700797186957466,-21.07671356201172,0.879565761005587,0.7088935450994969,0.10233952095636133,51335_1371
2714,102.6711617,2.743835074,Healthy,Palong_Basemap,0.12066670010487239,0.016550625984867413,0.021152498614456918,0.078237677199973,0.9003845585717095,0.22228369779056972,45.43681844075521,-17.931009504530167,-9.985907978481716,-15.616948339674208,-21.07671356201172,0.7569441272152928,0.7587676941898235,0.21331367102027976,51335_1371
2715,102.6711604,2.743912739,Healthy,Palong_Basemap,0.12749546931849587,0.01645009799136056,0.020166958682239056,0.06814668782883221,0.9028079443507724,0.23822018007437387,46.518141428629555,-16.96433162689209,-10.060606108771431,-15.86746237013075,-21.07671356201172,0.7288373475506333,0.771440020018815,0.30335374724462444,51335_1371
2716,102.6711579,2.743991657,Healthy,Palong_Basemap,0.12679093579451242,0.016719431926806767,0.01973946692628993,0.06327556570370992,0.9004277719391717,0.24719399876064724,46.98861185709635,-16.290162722269695,-10.237372504340279,-15.879349814520943,-21.07671356201172,0.7432127604917882,0.7669933929892229,0.33417445783520433,51335_1371
2717,102.6711529,2.744071827,Healthy,Palong_Basemap,0.1343868159585529,0.017319105462067656,0.015622553932997916,0.06656889162129825,0.8753678732448154,0.273065952791108,45.728447384304474,-16.567470020718044,-10.691488477918837,-14.876212437947592,-21.07671356201172,0.7503637095296889,0.7716752872941771,0.33747697517029573,51335_1372
2719,102.6710915,2.744193335,Healthy,Palong_Basemap,0.13259928425153097,0.013365843954185644,0.01357529778033495,0.06149530741903517,0.8276873032251993,0.3821692433622148,44.03071297539605,-15.733157051934135,-12.254989412095812,-13.861356947157118,-21.07671356201172,0.6184087579382921,0.8168625051957831,0.3663367238649263,51335_1372
2720,102.6710176,2.744150745,Unhealthy,Palong_Basemap,0.15010392996999952,0.01274533300764031,0.012833754635519452,0.05987897432512707,0.8281331790818108,0.42543615566359627,44.89893129136827,-14.76415072547065,-12.565773646036783,-13.281531439887154,-21.03293842739529,0.5411216715807062,0.8434707928719295,0.42967762517496744,51335_1372
2722,102.6708848,2.744154503,Healthy,Palong_Basemap,0.18604838103055954,0.018243229223622218,0.018507825831572216,0.11133273773723179,0.8323254452811347,0.45593182577027214,43.86431418524848,-14.69356240166558,-12.621208190917969,-12.095861117045084,-19.83718702528212,0.6054771822310275,0.8214001132897842,0.25124541733824435,51335_1372
2723,102.6708147,2.744192082,Healthy,Palong_Basemap,0.17916733357641432,0.021217685089343123,0.02407784739302264,0.11163459635443157,0.8570475379625956,0.4311985406610701,43.1276969909668,-15.798923704359266,-11.699553065829807,-11.826605796813965,-17.435787836710613,0.6909032071179545,0.788230824533502,0.23222932955789657,51335_1372
2725,102.6706769,2.744200851,Healthy,Palong_Basemap,0.17008371816741097,0.021480107886923686,0.02485145731932587,0.08751099473900265,0.8471344908078512,0.3586470815870497,42.24965498182509,-16.148669984605576,-10.791509416368273,-11.50849723815918,-17.36060354444716,0.7223379241809675,0.7757394145924909,0.32055286576633935,51335_1372
2726,102.6706017,2.744242189,Healthy,Palong_Basemap,0.2122444427675671,0.018821640147103205,0.022126314747664664,0.08436328545212746,0.8466222286224365,0.3576681183444129,42.77981270684136,-15.665391816033257,-10.375283453199598,-11.389115969340006,-17.29344325595432,0.5535490829422229,0.8370886812145962,0.43114573609733886,51335_1372
2727,102.6705366,2.744278516,Healthy,Palong_Basemap,0.23700031472576988,0.019351706736617617,0.023896848782896996,0.08006990452607472,0.8331148756874932,0.31153348750538296,42.27984280056424,-15.377932018703884,-10.111518012152779,-11.267482121785482,-18.265628178914387,0.516733497153087,0.8490223979805289,0.4949389777759212,51335_1372
2728,102.6705391,2.744199598,Healthy,Palong_Basemap,0.20674999223815071,0.020249571030338604,0.022827791670958202,0.0717409894698196,0.8168949484825134,0.283782700697581,40.862098693847656,-15.89345253838433,-10.50403478410509,-11.203774240281847,-18.768272823757595,0.5998163954992276,0.8215893393029313,0.4847877009888367,51335_1372
2729,102.6705366,2.744114417,Healthy,Palong_Basemap,0.1387818588150872,0.021314699202775955,0.025266425477133855,0.07289561463726892,0.8029157651795281,0.27553313970565796,39.845213148328995,-16.382248878479004,-10.83513609568278,-11.328659163581001,-19.517549090915256,0.825041152950981,0.7337269524508114,0.31125770306705697,51335_1372
2730,102.6705266,2.744039258,Healthy,Palong_Basemap,0.13553997543123034,0.020720891033609707,0.023302623795138463,0.072186845044295,0.8016214503182305,0.3581511974334717,40.26466327243381,-16.048110749986435,-11.39244196150038,-11.929222424825033,-20.895092010498047,0.827658787960539,0.7347910388264476,0.30498291093036634,51335_1372
2732,102.6706093,2.743840085,Healthy,Palong_Basemap,0.15228846503628624,0.021067755710747506,0.018726660766535334,0.06962829290164842,0.797449549039205,0.24606715308295357,39.31276660495334,-17.500985463460285,-10.959000905354818,-12.479822052849663,-20.976221720377605,0.7907180005688131,0.7569426050018687,0.37248278544947067,51335_1371
2733,102.670955,2.743718577,Healthy,Palong_Basemap,0.11917743997441398,0.019099691054887243,0.020092719751927588,0.08203971799876955,0.840374231338501,0.20825149284468758,40.650018056233726,-19.56878111097548,-10.167936854892307,-12.868329154120552,-21.075865003797745,0.8609788860569582,0.7237476520851451,0.18456538373628067,51335_1371
2734,102.6710126,2.743751146,Healthy,Palong_Basemap,0.11738406866788864,0.0180735405948427,0.019496770575642586,0.08046862069103453,0.857137554221683,0.20915846857759687,41.37648688422309,-19.576459460788303,-10.259438832600912,-13.748314009772407,-21.07671356201172,0.8356358002611963,0.7331483894745616,0.18658047103866282,51335_1371
2735,102.671074,2.743794989,Healthy,Palong_Basemap,0.0986501971880595,0.0168337006535795,0.019752808639572725,0.07928740895456737,0.888288226392534,0.21860789921548632,43.38716295030382,-19.40992609659831,-10.175271246168348,-14.793237580193413,-21.07671356201172,0.8855740427476358,0.7084667045675362,0.10881785280381803,51335_1371
2736,102.6710865,2.743951572,Healthy,Palong_Basemap,0.12372991442680359,0.017503141322069697,0.017927489346928067,0.06478874882062276,0.8993711074193319,0.28250857028696275,47.30329047309028,-16.145983590020073,-10.531867027282715,-15.619001388549805,-21.061380598280167,0.7926084495109507,0.7521381771532004,0.3126542730086195,51335_1371
2739,102.6710176,2.744074332,Unhealthy,Palong_Basemap,0.1494127553370264,0.014068806026544835,0.01211185028983487,0.06409586096803348,0.8451015286975436,0.39652257164319354,45.573738521999786,-14.641629960801867,-11.99228933122423,-13.517557673984104,-21.04908349778917,0.5934257734046117,0.8278851032593599,0.39959461985877254,51335_1372
2742,102.6710214,2.743836327,Healthy,Palong_Basemap,0.10844241331020991,0.016968198948436312,0.0170373757266336,0.07297142595052719,0.8911705348226759,0.2582126392258538,43.822897593180336,-18.17124409145779,-10.240119616190592,-14.85518413119846,-21.07100401984321,0.8515169895760482,0.7293977177395294,0.1955252559795178,51335_1371
2743,102.67095,2.743793737,Healthy,Palong_Basemap,0.1105034343070454,0.018066711930765048,0.01793259723732869,0.07297563470072216,0.8602283596992493,0.22648606697718301,41.24580849541558,-19.11652374267578,-10.14851909213596,-13.388629595438639,-21.075865003797745,0.8782534710930022,0.7189594558390273,0.20453449981662217,51335_1371
2744,102.6708786,2.743756157,Healthy,Palong_Basemap,0.1551723215315077,0.01896996133857303,0.019294232337011233,0.07781551943884955,0.8123032980495029,0.23074200087123448,39.97841559516059,-17.81403965420193,-10.610839207967123,-11.653165287441677,-20.52824380662706,0.7144776994403822,0.7821326213723105,0.33202076885420023,51335_1371
2745,102.6709462,2.743876412,Healthy,Palong_Basemap,0.11382327725489934,0.017192092827624746,0.016073383804824617,0.07447880175378588,0.8744195169872708,0.2681192573573854,42.6567259894477,-17.959939108954536,-10.31462213728163,-13.725731637742784,-21.07100401984321,0.8372049777636197,0.7375560925898117,0.2089433940838154,51335_1371
2746,102.6708798,2.74383758,Healthy,Palong_Basemap,0.1675904310411877,0.017813600185844634,0.016585552237100072,0.07146443012687895,0.8581681450208029,0.2657306277089649,41.89017783270942,-17.30826907687717,-10.331277423434788,-13.054446008470324,-21.05695703294542,0.6483473038029036,0.8078402064081186,0.40210853878736946,51335_1371
2747,102.6708084,2.743797495,Healthy,Palong_Basemap,0.1923766682545344,0.01876506085197131,0.017774970167213015,0.0631994687848621,0.811125722196367,0.248572063114908,40.206900702582466,-16.960635291205513,-10.95910676320394,-11.883216434054905,-20.243451648288303,0.6061023094296062,0.8222515186232496,0.5054352920662538,51335_1371
2748,102.6708773,2.743912739,Healthy,Palong_Basemap,0.15679708785480923,0.017162964575820498,0.016329930267400213,0.07521889689895842,0.8530593050850762,0.28099261886543697,42.551873524983726,-16.081601036919487,-10.416381624009874,-12.818365626864964,-21.05017852783203,0.6618547406092755,0.8026792434698236,0.35160590785340745,51335_1371
2749,102.6708798,2.743996668,Healthy,Palong_Basemap,0.1472751647233963,0.016444551965428725,0.0166408596560359,0.08179041329357359,0.8598652746942308,0.34649057851897347,44.03729926215278,-15.359009742736816,-10.962577607896593,-12.773119820488823,-20.85495842827691,0.6684603031076176,0.7991133591235787,0.2858777473102982,51335_1371
2750,102.6709487,2.744038005,Healthy,Palong_Basemap,0.1620661790172259,0.015403023093110986,0.012912544525331922,0.07703529505266084,0.8511214322514005,0.3916669984658559,45.13012356228299,-14.815136273701986,-11.720782809787327,-12.831911934746635,-20.797238243950737,0.5988012859615165,0.8264146915639532,0.35562676598016896,51335_1372
2751,102.6709537,2.744116923,Healthy,Palong_Basemap,0.16110631078481674,0.011995775211188529,0.011973233376112249,0.07207350557049115,0.8239003486103482,0.45887230502234566,44.39946619669596,-14.543039639790853,-12.914519204033745,-12.54831345876058,-20.61924425760905,0.4869623416484416,0.8614023032458967,0.3818203762484391,51335_1372
2752,102.6708811,2.744074332,Healthy,Palong_Basemap,0.18126552138063642,0.017212927031020325,0.017087705950770114,0.10702364643414815,0.8384759757253859,0.42748021086057025,44.154978858100044,-14.482499122619629,-12.099756240844727,-12.175049357944065,-20.211661444769966,0.5915626757518384,0.8265511729986963,0.2575257180463541,51335_1372
2753,102.6708109,2.744120681,Healthy,Palong_Basemap,0.18065400256050956,0.02384542425473531,0.024198261089622974,0.107082004348437,0.8546712862120734,0.3992404242356618,43.229912228054474,-15.736281606886122,-11.246158175998264,-11.922046449449327,-18.269200642903645,0.7553696175143477,0.7667922631755982,0.2556927059718121,51335_1372
2756,102.6706744,2.744118175,Healthy,Palong_Basemap,0.16247127287917668,0.023419988652070362,0.02412541127867169,0.07375233620405197,0.8368356691466438,0.32802124818166095,41.65957514444987,-16.350247595045303,-10.750284512837728,-11.679431597391764,-18.373762130737305,0.8026156133451688,0.7480248564762833,0.3755718449118537,51335_1372
2757,102.6707433,2.744081848,Healthy,Palong_Basemap,0.16302632126543257,0.026054536716805562,0.023399139444033306,0.08262396976351738,0.8494770063294305,0.3442613118224674,42.620186699761284,-16.12965636783176,-10.600933604770237,-12.259920332166883,-19.26974211798774,0.873820197495684,0.7244085203034877,0.32730411661690134,51335_1372
2758,102.6708147,2.744040511,Healthy,Palong_Basemap,0.14951847907569674,0.021315181420909032,0.02054373102469577,0.08477894051207437,0.858132713370853,0.3319343361589644,43.610359615749786,-15.583338207668728,-10.483477380540636,-12.752026345994738,-20.23898442586263,0.8017273429364344,0.7504568905337888,0.27631349366769287,51335_1372
2759,102.6707458,2.74399792,Healthy,Palong_Basemap,0.14321420093377432,0.019905148694912594,0.02007361315190792,0.0687692335082425,0.8476049039098952,0.3256211347050137,42.59485371907552,-16.228145281473797,-10.327309396531847,-12.746423721313477,-20.225637012057835,0.7840604149512459,0.7559437462174385,0.3511829479576364,51335_1371
2761,102.6706068,2.744000425,Healthy,Palong_Basemap,0.14385073549217647,0.022032373688287206,0.022086745955877833,0.0667765840060181,0.8036716712845696,0.3093704614374373,39.77069981892904,-16.798940658569336,-10.805721071031359,-11.986344867282444,-20.563444985283745,0.8393196133812951,0.7343626629964085,0.36592665979789496,51335_1372
2762,102.670603,2.743922761,Healthy,Palong_Basemap,0.14327209691206613,0.02150369994342327,0.019629639469914965,0.06948118284344673,0.8019974033037821,0.27940868669086033,39.61938179863824,-16.985862520005966,-10.737876468234592,-12.544197082519531,-21.072372648451065,0.8354636548170958,0.7389944354232764,0.3468379625142175,51335_1371
2763,102.6706782,2.743962846,Healthy,Palong_Basemap,0.14547168215115866,0.021554492620958224,0.02051510889497068,0.06719652190804482,0.8192392852571275,0.30209652086098987,40.87858751085069,-16.84351560804579,-10.34661791059706,-12.747635099622938,-20.895415623982746,0.824674434026452,0.7419028167247891,0.36806235605075815,51335_1371
2764,102.6706719,2.743878918,Healthy,Palong_Basemap,0.15841104752487606,0.020222061417169042,0.019025249199734792,0.06318995811873013,0.8035425278875563,0.24147976603772905,39.96617211235894,-17.334335327148438,-10.81648031870524,-12.513443311055502,-20.745528115166557,0.7425012842587384,0.7735911160373995,0.4296961068817845,51335_1371
2765,102.6706744,2.743792484,Healthy,Palong_Basemap,0.1599264211124844,0.020151805132627487,0.018569496356778674,0.06153981097870403,0.7981073790126376,0.25292794240845573,39.47994528876411,-17.72931565178765,-11.306325488620335,-12.223402871025932,-20.226948420206707,0.7368134782111165,0.776188320455822,0.4442510680060236,51335_1371
2766,102.6707408,2.743836327,Healthy,Palong_Basemap,0.16928783886962467,0.019153131999903254,0.018902910459372733,0.06279394817021158,0.8145865731769137,0.24527649084726968,40.741477966308594,-16.916802830166286,-10.730956925286186,-12.479771614074707,-20.66705428229438,0.6764992339072942,0.7967200878712896,0.45886362759320565,51335_1371
2767,102.6707496,2.743921508,Healthy,Palong_Basemap,0.1484012504418691,0.018545169176326856,0.01940311843322383,0.06467144067088763,0.8286258710755242,0.26227535638544297,41.60210842556424,-16.60082615746392,-10.340053134494358,-12.904553943210178,-21.019956588745117,0.7240858264128157,0.7778308846785768,0.3929635906587024,51335_1371
2768,102.6708172,2.743871402,Healthy,Palong_Basemap,0.18438979321055943,0.01836943005522092,0.017641436101661787,0.06704188800520366,0.8254231545660231,0.24906506141026816,41.188527001274956,-16.564649052090115,-10.636083708869087,-12.403765572441948,-20.73312717013889,0.6154683813081445,0.8188054801221846,0.46671885037691435,51335_1371
2769,102.6708134,2.74395533,Healthy,Palong_Basemap,0.14855817374255922,0.018580428428120084,0.01908804869486226,0.07408897164795133,0.8540285031000773,0.2951572918229633,43.211448669433594,-15.760926140679253,-10.283266597323948,-13.0203521516588,-20.8228571150038,0.7257728977806914,0.7776644271663103,0.3344718476582895,51335_1371
2771,102.668367,2.746035997,Healthy,Palong_Basemap,0.24943821297751534,0.030183161712355085,0.0365675673302677,0.13057515770196915,0.7916872501373291,0.23476088378164503,36.57524193657769,-18.078360027737087,-8.791836102803549,-9.704685635036892,-20.208674748738606,0.6971268502769694,0.7841140596220058,0.3127865081773639,51334_1373
2772,102.6682292,2.746032239,Healthy,Palong_Basemap,0.37073606418238747,0.04231088360150655,0.047801426301399864,0.1450241299139129,0.7731579939524332,0.1778554701142841,35.348463694254555,-18.48721483018663,-7.843778027428521,-8.872534010145399,-20.427810033162434,0.6727235236974396,0.7951279687284188,0.4376296132429535,51334_1373
2774,102.6695946,2.74604226,Healthy,Palong_Basemap,0.2402118808693356,0.027450654862655535,0.028689272701740265,0.12511071645551258,0.8174138797654046,0.28326912720998126,43.30203755696615,-14.24732091691759,-9.284867392645943,-10.850798606872559,-20.342382854885525,0.6782074375395731,0.7948860882784007,0.3150671906328149,51334_1373
2775,102.6697825,2.746062929,Healthy,Palong_Basemap,0.13848009291622373,0.023142113039890926,0.02415035768515534,0.09767365207274754,0.873649517695109,0.38279927439159817,43.91483857896593,-17.464310116238064,-10.610593265957302,-12.423915015326607,-16.80791473388672,0.8861842894919134,0.7136270612941057,0.17279607759505108,51334_1373
2776,102.6674438,2.74385637,Healthy,Palong_Basemap,0.22341135309802163,0.022057725116610527,0.025342366968592007,0.13896344188186857,0.7182447380489774,0.38153592083189225,34.11040814717611,-14.439997355143229,-10.077652931213379,-8.143889692094591,-19.47660870022244,0.6025277455876474,0.8202810286571102,0.23304024558562203,51333_1371
2778,102.6682768,2.742310588,Healthy,Palong_Basemap,0.14372581823004615,0.030542686995532777,0.02554549380309052,0.11430779430601332,0.8565758400493197,0.228689667251375,41.61154132419162,-21.067542394002277,-8.785222583346897,-12.737379286024305,-17.549099922180176,1.060709372848812,0.649475538267832,0.11400849538515742,51334_1371
2779,102.6682067,2.742266745,Healthy,Palong_Basemap,0.13825532380077574,0.03541131421095795,0.031973075535562306,0.11469998293452793,0.8696281711260477,0.20493508875370026,42.77641042073568,-21.07671356201172,-8.33674685160319,-13.159803602430555,-18.08367347717285,1.1752304743200306,0.5921920915108013,0.09312056414335865,51334_1371
2780,102.6681415,2.742232923,Healthy,Palong_Basemap,0.16436955995029873,0.03527008762790097,0.032905238370100655,0.12022307515144348,0.8875379628605313,0.1972073366244634,44.86529329087999,-20.883226606580948,-7.7613066567315,-13.218456268310547,-19.174052556355793,1.0535658154413263,0.6466624935902522,0.15512166990221946,51334_1371
2781,102.6684108,2.742304325,Healthy,Palong_Basemap,0.14299492869112226,0.03827738347980711,0.036776739069157176,0.13078959700134066,0.8840238650639852,0.26516147123442757,43.200033823649086,-18.778284072875977,-9.120949321322971,-13.02725346883138,-18.329157723320854,1.1946448994739245,0.5776808601226012,0.04458006404456777,51334_1371
