id,Long,Lat,Class,Location,HH_meanW3,HV_meanW3,VV_meanW3,VH_meanW3,HA_Aniso_meanW3,HA_Iso_meanW3,HA_Alpha_meanW3,YA_Double_meanW3,YA_Vol_meanW3,YA_Surf_meanW3,YA_He_meanW3,RVI_meanW3,RFDI_meanW3,RFDI_VH_meanW3,block
1,102.4871081,2.953860775,Unhealthy,Serting_Basemap,0.14995572136508095,0.02066054567694664,0.022664665141039424,0.11734554668267567,,,,,,,,0.7725681203516884,0.7578127099468497,0.12199783009102326,51243_1476
2,102.4871104,2.953791011,Healthy,Serting_Basemap,0.1703936970896191,0.02032220922410488,0.02088148622877068,0.11262291669845581,,,,,,,,0.7010087657724371,0.7868850100979492,0.20412504982630633,51243_1476
3,102.4871116,2.953708456,Healthy,Serting_Basemap,0.1908467577563392,0.021036934521463182,0.02179503854778078,0.08090214100148943,,,,,,,,0.6607189861778048,0.8014294135116213,0.40458164598793045,51243_1476
5,102.4871139,2.95354916,Healthy,Serting_Basemap,0.16392328838507333,0.020644977481828794,0.021266631471614044,0.07545516060458289,,,,,,,,0.7292472233378056,0.7762889802874725,0.36957432113829614,51243_1476
6,102.4871139,2.953475908,Healthy,Serting_Basemap,0.160518825882011,0.022015001624822617,0.021349161138965025,0.11764540854427549,,,,,,,,0.779644001204228,0.7587844190250332,0.15412987016882992,51243_1476
8,102.4871848,2.953894495,Healthy,Serting_Basemap,0.16375253266758388,0.02138636654449834,0.02281710629661878,0.10592998978164461,,,,,,,,0.7460066398733316,0.768969496572413,0.21440967831656635,51243_1476
9,102.4872476,2.953929377,Healthy,Serting_Basemap,0.15901696350839403,0.021406230620212026,0.023301962349149916,0.09036630143721898,,,,,,,,0.7606662365882162,0.762710878458857,0.27528175190964316,51243_1476
11,102.4872488,2.954021234,Healthy,Serting_Basemap,0.11913342277208964,0.022970734991961055,0.023291880264878273,0.08646695067485173,,,,,,,,0.975574816028242,0.6767056593783612,0.15888333055809378,51243_1477
12,102.487315,2.954051465,Healthy,Serting_Basemap,0.12294960353109571,0.022290675797396235,0.019829951433671847,0.08499609596199459,,,,,,,,0.9517748907906897,0.6930510475405915,0.18251643415382224,51243_1477
13,102.4873767,2.954088673,Healthy,Serting_Basemap,0.11088670707411236,0.025112168242534,0.024201933708455827,0.08410250229967965,,,,,,,,1.0840975570217528,0.6307003541894695,0.13736249744511606,51243_1477
15,102.4875162,2.954161926,Healthy,Serting_Basemap,0.16898561517397562,0.025574451519383326,0.026980001893308427,0.091058568822013,,,,,,,,0.8279384475961313,0.7371048236769926,0.2996684838495165,51243_1477
17,102.4875104,2.954086347,Healthy,Serting_Basemap,0.19258240362008414,0.02620399970975187,0.02655389594535033,0.09295971526039971,,,,,,,,0.7719992592797636,0.7604604371118301,0.34888964454796373,51243_1477
18,102.4874441,2.954045651,Healthy,Serting_Basemap,0.2169277204407586,0.024780333869987063,0.027416989414228335,0.09167105125056373,,,,,,,,0.674511887404456,0.7949564904599424,0.4058884243242664,51243_1477
19,102.4874464,2.953973561,Healthy,Serting_Basemap,0.26755625671810573,0.022923089770807162,0.024820994171831343,0.09275176127751668,,,,,,,,0.5421999236790607,0.8421706049129928,0.4851529433428064,51243_1476
20,102.487379,2.953938679,Healthy,Serting_Basemap,0.25766266385714215,0.018266329127881262,0.01767557704200347,0.0958656660384602,,,,,,,,0.46856129705922367,0.867601233706726,0.4576634575974744,51243_1476
21,102.4873139,2.953897983,Healthy,Serting_Basemap,0.18361697759893206,0.020170668760935467,0.020234953612089157,0.09037975553009245,,,,,,,,0.6608099843406874,0.8020422815491359,0.340285889558159,51243_1476
22,102.4871813,2.953981701,Healthy,Serting_Basemap,0.12628283434444004,0.02224953927927547,0.02695449110534456,0.09650545153352949,,,,,,,,0.9001696734947217,0.700408217596504,0.1336577580529565,51243_1476
23,102.4871848,2.953822405,Healthy,Serting_Basemap,0.17451385656992593,0.02067287928528256,0.020511324000027444,0.10148673049277729,,,,,,,,0.6996758352935387,0.7881733182871821,0.26459047371720973,51243_1476
24,102.4871813,2.953743338,Healthy,Serting_Basemap,0.16696720321973166,0.019155971705913544,0.019717359087533422,0.08660126187735134,,,,,,,,0.6811117939699828,0.7941581244402669,0.31693981075923955,51243_1476
25,102.4871848,2.953663109,Healthy,Serting_Basemap,0.16292410261101192,0.01802201124115123,0.019326370416416064,0.07625183670057191,,,,,,,,0.6604659892708252,0.8008024504369783,0.3623786997969251,51243_1476
26,102.4871802,2.953592182,Healthy,Serting_Basemap,0.1625933912065294,0.018512234402199585,0.018748475549121697,0.07585590249962276,,,,,,,,0.6782083641132957,0.795564225683475,0.36375653439257283,51243_1476
27,102.4871813,2.953514278,Healthy,Serting_Basemap,0.17080231755971909,0.01955990410513348,0.01862507003049056,0.0892492069138421,,,,,,,,0.6846692311975483,0.7944980476265905,0.3136036630085908,51243_1476
28,102.4871778,2.953436374,Healthy,Serting_Basemap,0.18608621839019987,0.02088537398311827,0.01906667184084654,0.11271886610322529,,,,,,,,0.6766585535705292,0.7981812504447764,0.2455358228303138,51243_1476
29,102.4872441,2.953475908,Healthy,Serting_Basemap,0.22331035137176514,0.02319887363248401,0.022563940948910184,0.10210283762878841,,,,,,,,0.6349939916352795,0.8117808886699138,0.37247265273802577,51243_1476
30,102.4872453,2.953554974,Healthy,Serting_Basemap,0.19243748651610482,0.017846045705179375,0.017433988137377635,0.08370173143015967,,,,,,,,0.581390667719487,0.8302668257788277,0.3937715037170296,51243_1476
31,102.4872453,2.953630552,Healthy,Serting_Basemap,0.1765569547812144,0.01690002292808559,0.016765962147878274,0.0767843450109164,,,,,,,,0.5952730704403121,0.8252839145096066,0.3938268645979257,51243_1476
32,102.4872476,2.953706131,Healthy,Serting_Basemap,0.17357519931263393,0.016484156975315675,0.016793816143439874,0.07298082154658106,,,,,,,,0.5904666996459851,0.8265367483372789,0.40799805827290214,51243_1476
34,102.4873139,2.953825893,Healthy,Serting_Basemap,0.15968182186285654,0.016960085576607123,0.016511469665500853,0.08100200237499343,,,,,,,,0.64574960062641,0.8079721191595548,0.32690115231885997,51243_1476
35,102.4873081,2.953747989,Healthy,Serting_Basemap,0.158856643570794,0.016281269387238555,0.01539491768926382,0.06922471357716455,,,,,,,,0.6297933993676377,0.8140748726274937,0.3929822722664894,51243_1476
36,102.4873092,2.953672411,Healthy,Serting_Basemap,0.16820876631471846,0.015980851215620834,0.015516082963181866,0.06817514987455474,,,,,,,,0.5927435378417607,0.8264739193240519,0.4231828377023188,51243_1476
37,102.4873104,2.953589856,Healthy,Serting_Basemap,0.19167659017774794,0.020280355277160805,0.017546694725751877,0.08924917007486026,,,,,,,,0.6495325768166872,0.80863703018899,0.3646067203334612,51243_1476
38,102.4873092,2.95351079,Healthy,Serting_Basemap,0.20239976545174918,0.023068054889639217,0.019297208016117413,0.0968737006187439,,,,,,,,0.6890277962667664,0.7953760775731888,0.3526074871206553,51243_1476
39,102.4873127,2.953435212,Healthy,Serting_Basemap,0.23343194524447122,0.026846937007374234,0.022292901037467852,0.09565960284736422,,,,,,,,0.694125733094156,0.7937063754454179,0.4186444264398447,51243_1476
40,102.487243,2.953400329,Healthy,Serting_Basemap,0.23000404569837782,0.025218063758479223,0.025011465574304264,0.11267848561207454,,,,,,,,0.6604793834704938,0.802383392158726,0.3423739156987039,51243_1476
41,102.4873732,2.953396841,Healthy,Serting_Basemap,0.22207199864917332,0.028601675397819944,0.02292713729871644,0.0926699729429351,,,,,,,,0.7571526152819079,0.7718015223851704,0.41113685935073657,51243_1476
43,102.4873767,2.953551486,Healthy,Serting_Basemap,0.16986740049388674,0.021785095954934757,0.016470424313512113,0.08701854571700096,,,,,,,,0.7580456311525732,0.7726604520306659,0.3225122121272914,51243_1476
44,102.4873802,2.953628227,Healthy,Serting_Basemap,0.12401996387375726,0.023311601744757757,0.020853313617408276,0.07741120043728086,,,,,,,,0.9738707103284903,0.6835491206939539,0.2313880456179357,51243_1476
45,102.4873732,2.953707293,Healthy,Serting_Basemap,0.16247413804133734,0.0176549069583416,0.016652154736220837,0.07098803586430019,,,,,,,,0.6586542623072429,0.8039749007898969,0.39186691636827936,51243_1476
46,102.4873767,2.953779383,Healthy,Serting_Basemap,0.16152348783281115,0.016376394054128066,0.016822595252758928,0.08215900096628401,,,,,,,,0.620615125472334,0.8158920188093686,0.32568810035406137,51243_1476
47,102.4873743,2.953856124,Healthy,Serting_Basemap,0.19617983367707995,0.016987298822237387,0.016692829525305167,0.08693837208880319,,,,,,,,0.5505363523649075,0.8406199058638479,0.38585106631613436,51243_1476
48,102.4874464,2.953893332,Healthy,Serting_Basemap,0.22430775066216788,0.0187441214091248,0.021085886595149834,0.08406637112299602,,,,,,,,0.5300904081694483,0.8457603206312543,0.4547767456209388,51243_1476
49,102.4874453,2.953821242,Healthy,Serting_Basemap,0.16304363641473982,0.01937043832408057,0.02168458979576826,0.08351009256309933,,,,,,,,0.6934448861624046,0.7876212309624128,0.3225809813600068,51243_1476
50,102.4874453,2.95373985,Healthy,Serting_Basemap,0.13542918033070034,0.022432974229256313,0.023615135293867853,0.08620546758174896,,,,,,,,0.8801116247926103,0.7157903451680538,0.22209394249763628,51243_1476
51,102.4874464,2.953589856,Healthy,Serting_Basemap,0.10745808730522792,0.023887415520019002,0.020280407845146127,0.09285405360990101,,,,,,,,1.0888023622367622,0.636265954963059,0.0729063831508573,51243_1476
53,102.4874441,2.953435212,Healthy,Serting_Basemap,0.1449264163772265,0.02358938753604889,0.019259968876010843,0.09725275387366612,,,,,,,,0.8928391982761926,0.7200335281527793,0.19685286085575174,51243_1476
55,102.4875139,2.95354916,Healthy,Serting_Basemap,0.1308772729502784,0.02795415661401219,0.025834853450457256,0.09973050405581792,,,,,,,,1.0517956472226568,0.6480022034593964,0.13506382698289093,51243_1476
57,102.487515,2.954008444,Healthy,Serting_Basemap,0.26514268749290043,0.02530361318753825,0.02592927383051978,0.0960343877474467,,,,,,,,0.5924531337827126,0.8257604718789077,0.4682143783154557,51243_1477
60,102.4876464,2.954165414,Healthy,Serting_Basemap,0.22443934116098616,0.024148176941606734,0.023448306032352977,0.14998524553245968,,,,,,,,0.6522479770368237,0.8057168990146907,0.1988493765487804,51243_1477
62,102.487779,2.954160763,Healthy,Serting_Basemap,0.2079464528295729,0.018285681390100054,0.020754162636068132,0.1694743533929189,,,,,,,,0.5514545942173742,0.8383458525627085,0.10193423044614675,51243_1477
63,102.4879127,2.9541596,Healthy,Serting_Basemap,0.19920048779911464,0.028190159135394625,0.02548664580616686,0.1407930552959442,,,,,,,,0.8023742044048368,0.7520552448798505,0.1717898286287169,51243_1477
64,102.4878453,2.95412123,Healthy,Serting_Basemap,0.18925144109461042,0.023128642390171688,0.026052904418773122,0.153662900129954,,,,,,,,0.7074016892829066,0.7821957500847395,0.1037825972444545,51243_1477
65,102.487779,2.954088673,Healthy,Serting_Basemap,0.19640328652328914,0.01819160601331128,0.02120940076808135,0.16239593260818058,,,,,,,,0.5729732192419719,0.8304563002569264,0.09478101428823826,51243_1477
66,102.4877162,2.954042163,Unhealthy,Serting_Basemap,0.20827819572554696,0.02101647232969602,0.023285936357246503,0.15116540259785122,,,,,,,,0.6145233006126054,0.8166859045790579,0.15889222507813391,51243_1477
67,102.4876429,2.954011932,Unhealthy,Serting_Basemap,0.195074791709582,0.02388579501873917,0.023284186091687944,0.1247276986638705,,,,,,,,0.7180173314990816,0.7818256209883485,0.2199704353883017,51243_1477
70,102.4875127,2.95385845,Healthy,Serting_Basemap,0.2238723122411304,0.02168985642492771,0.024377956572506163,0.09281803750329548,,,,,,,,0.5949966132070839,0.8233452934321988,0.4138246550411081,51243_1476
73,102.4875778,2.953744501,Healthy,Serting_Basemap,0.1336333362592591,0.024786091306143336,0.0262889980028073,0.10622966951794094,,,,,,,,0.9465103593526165,0.6870826806149067,0.11424715809145003,51243_1476
75,102.4875732,2.953586368,Healthy,Serting_Basemap,0.1698831112848388,0.030071949379311666,0.028950897148913808,0.10918698459863663,,,,,,,,0.9289425404761927,0.699212920348925,0.21749419798653594,51243_1476
76,102.4875767,2.953513115,Healthy,Serting_Basemap,0.17911910265684128,0.027080874062246747,0.028683153084582753,0.10953969260056813,,,,,,,,0.8270105407644541,0.7373338785664387,0.2410437901059838,51243_1476
78,102.4875092,2.953396841,Healthy,Serting_Basemap,0.16932765477233463,0.024427562952041626,0.022672157941593066,0.10261933339966668,,,,,,,,0.8113618293966741,0.7478513018752279,0.24529898941361397,51243_1476
79,102.4875836,2.953892169,Healthy,Serting_Basemap,0.19882898198233712,0.025059978374176554,0.026585060068302684,0.10965070707930459,,,,,,,,0.7276046798844091,0.7761392224585629,0.28908961615690865,51243_1476
80,102.4876511,2.953932865,Healthy,Serting_Basemap,0.1914752357535892,0.023845358441273373,0.023304376751184464,0.12283965200185776,,,,,,,,0.7267978364468136,0.7785129793976548,0.21836567857750805,51243_1476
81,102.4876476,2.953854962,Healthy,Serting_Basemap,0.17378245956367916,0.024984834922684565,0.024968788855605654,0.12607497887478936,,,,,,,,0.8036263325821017,0.748602153213907,0.15910054103486745,51243_1476
82,102.4876418,2.953779383,Healthy,Serting_Basemap,0.13638585640324485,0.025313578132126067,0.026536876128779516,0.10326668785678016,,,,,,,,0.9482965605765256,0.6869057927770447,0.13819660729547742,51243_1476
83,102.4876453,2.953702642,Healthy,Serting_Basemap,0.1437007486820221,0.0284702204581764,0.02684575381378333,0.09767123311758041,,,,,,,,1.0012080704462896,0.6692796631121574,0.19069949718794363,51243_1476
84,102.4876488,2.953624739,Healthy,Serting_Basemap,0.15646958185566795,0.031548079724113144,0.028535694090856448,0.10244621750381258,,,,,,,,1.0172639162338564,0.6644136571103304,0.2086522509846877,51243_1476
85,102.4876464,2.953543347,Healthy,Serting_Basemap,0.1935493979189131,0.028911976764599483,0.03128149960603979,0.10568361729383469,,,,,,,,0.8182976986037418,0.7400719400774048,0.29363665156603075,51243_1476
86,102.4876429,2.953467768,Healthy,Serting_Basemap,0.2013349731763204,0.026005391859345965,0.027132978662848473,0.1016589171356625,,,,,,,,0.7417429861874498,0.7712206377845298,0.32897051467943705,51243_1476
87,102.4876418,2.953395678,Healthy,Serting_Basemap,0.19780214296446907,0.024120573575297993,0.022320808428857062,0.09648682590987948,,,,,,,,0.7190402503515282,0.7826218608767279,0.34427154181863956,51243_1476
88,102.4877081,2.953430561,Healthy,Serting_Basemap,0.2122432440519333,0.025471582180923887,0.022881224751472473,0.09096629089779323,,,,,,,,0.7123233593143938,0.7856963102842159,0.3999773726583114,51243_1476
89,102.4877057,2.953509627,Healthy,Serting_Basemap,0.19913178516758812,0.029060006762544315,0.029852089575595327,0.10259865058792962,,,,,,,,0.8097419213045398,0.7453019101454633,0.31993171102525475,51243_1476
90,102.487715,2.953594507,Healthy,Serting_Basemap,0.18524528377585942,0.0316013784872161,0.030361363457308874,0.10919751640823153,,,,,,,,0.9067521542762834,0.7085371002955283,0.2582768786334101,51243_1476
91,102.4877069,2.953665435,Healthy,Serting_Basemap,0.14742370777659947,0.028003674000501633,0.02635550478266345,0.1091768882340855,,,,,,,,0.9749455819251744,0.6807377079128589,0.1490519513092688,51243_1476
92,102.4877069,2.953745664,Healthy,Serting_Basemap,0.13864575657579634,0.02523225111265977,0.025818134968479473,0.11215850793653065,,,,,,,,0.9391872584209199,0.692060558111884,0.10560924349021125,51243_1476
95,102.4877104,2.95396891,Unhealthy,Serting_Basemap,0.19011941883299086,0.02302715244392554,0.024664903059601784,0.14445401893721688,,,,,,,,0.7062497676253521,0.783931289103318,0.13648842000164388,51243_1476
96,102.4877767,2.954008444,Healthy,Serting_Basemap,0.17835303975476158,0.022790426595343485,0.025787425744864676,0.16069256431526607,,,,,,,,0.7301075203309034,0.7733913309848698,0.05208879049748083,51243_1477
98,102.4877778,2.953872403,Healthy,Serting_Basemap,0.1576477355427212,0.02288965694606304,0.024968081671330664,0.13449558118979135,,,,,,,,0.8017563889458549,0.7464275225146497,0.07924930343050787,51243_1476
99,102.4877767,2.953781709,Healthy,Serting_Basemap,0.15063654051886666,0.0223888847976923,0.024264678152071104,0.11596612632274628,,,,,,,,0.8153309508344855,0.7412069959460504,0.13004526401349867,51243_1476
100,102.4877801,2.953699154,Healthy,Serting_Basemap,0.14791682859261832,0.029013374406430457,0.02722665212220616,0.1122309383418825,,,,,,,,0.9954400942247411,0.6720359337790797,0.13717546251212182,51243_1476
101,102.4877743,2.953632878,Healthy,Serting_Basemap,0.15284815265072715,0.03220583664046393,0.028832862981491618,0.11141032063298756,,,,,,,,1.0469498068455116,0.6519303716302322,0.15680795965717576,51243_1476
102,102.4877755,2.953546835,Healthy,Serting_Basemap,0.17846033142672646,0.029907544660899375,0.027808916858500905,0.09515020002921422,,,,,,,,0.8991899314290087,0.7129351681031464,0.3044843740268368,51243_1476
103,102.4877801,2.953471257,Healthy,Serting_Basemap,0.2018822216325336,0.027799928560853004,0.026379813957545493,0.09197087254789141,,,,,,,,0.7834775790515636,0.7579269565576066,0.3740350238311832,51243_1476
104,102.4877778,2.95339219,Healthy,Serting_Basemap,0.20291333893934885,0.026329477214150958,0.023797817942168977,0.09267675959401661,,,,,,,,0.7539669033514248,0.7702918010174776,0.37293732060814955,51243_1476
105,102.4878371,2.953437537,Healthy,Serting_Basemap,0.19628812869389853,0.02584583146704568,0.027426482902632818,0.10612472146749496,,,,,,,,0.7507695751985303,0.7672950912294596,0.2981467460072699,51243_1476
106,102.4878371,2.953511953,Healthy,Serting_Basemap,0.18934850891431174,0.02864499741958247,0.029116372681326337,0.10391372276677026,,,,,,,,0.8310278400855053,0.737194030213838,0.29132556776165586,51243_1476
107,102.4878406,2.953581717,Unhealthy,Serting_Basemap,0.18513739274607766,0.030392948538064957,0.030387236633234553,0.10660597019725376,,,,,,,,0.8799649851332356,0.7179705803184651,0.2691798084334756,51243_1476
108,102.4878394,2.95366776,Healthy,Serting_Basemap,0.1746496789985233,0.028663109781013593,0.028136728331446648,0.11402526083919737,,,,,,,,0.8815599649582555,0.718039283676399,0.21000928654702794,51243_1476
109,102.4878406,2.953737525,Healthy,Serting_Basemap,0.17768263320128122,0.02526134666469362,0.027141783386468887,0.11285646508137386,,,,,,,,0.7914355223488898,0.751051037026313,0.22312373275434452,51243_1476
110,102.4878476,2.953814266,Healthy,Serting_Basemap,0.20439360207981533,0.022858630244930584,0.026372004714277055,0.12841139237085977,,,,,,,,0.6614118399301554,0.7988259124137855,0.22830850190325747,51243_1476
111,102.4878371,2.953893332,Healthy,Serting_Basemap,0.2037335286537806,0.02378708827826712,0.02763496877418624,0.13125558197498322,,,,,,,,0.6822072202430756,0.790901689710419,0.21635911251789236,51243_1476
113,102.4878441,2.954041,Healthy,Serting_Basemap,0.18420307007100847,0.021500123250815604,0.027596841669744916,0.19919158849451277,,,,,,,,0.6750426969629464,0.79095975221757,-0.03909422859354414,51243_1477
114,102.4879092,2.954086347,Healthy,Serting_Basemap,0.19272332390149435,0.02653034735057089,0.027788015082478523,0.15472042560577393,,,,,,,,0.7758204519138151,0.757994042251906,0.10937856372323494,51243_1477
115,102.4879755,2.954117741,Healthy,Serting_Basemap,0.225318549407853,0.031034409378965695,0.03173061812089549,0.17357737653785282,,,,,,,,0.7780046431124295,0.7578775019735685,0.12971095843441313,51243_1477
116,102.4880441,2.954163088,Healthy,Serting_Basemap,0.212918715344535,0.03223834993938605,0.030120057778226003,0.16869564437203938,,,,,,,,0.8386790979906322,0.7369984022116581,0.11588419001145597,51244_1477
117,102.4881115,2.954120067,Unhealthy,Serting_Basemap,0.2087120364109675,0.0329885282036331,0.03558324173920684,0.20949461890591514,,,,,,,,0.8505696326599419,0.7270297795436731,-0.0018712817813830956,51244_1477
118,102.4881732,2.9541596,Healthy,Serting_Basemap,0.18009141087532043,0.03334962431755331,0.032345985579821795,0.19809865372048485,,,,,,,,0.9557935127226569,0.6875050358763742,-0.04761426735102058,51244_1477
119,102.4883173,2.954157275,Unhealthy,Serting_Basemap,0.14316075874699485,0.028475154605176713,0.025731013673875067,0.10552274766895506,,,,,,,,1.0086748899763927,0.6681911838957632,0.15134904449628506,51244_1477
121,102.4882406,2.954120067,Unhealthy,Serting_Basemap,0.15337124301327598,0.029532202415996127,0.02901388332247734,0.16851890087127686,,,,,,,,0.9784969065184494,0.6770733066653346,-0.047058470555201716,51244_1477
122,102.4881801,2.954088673,Healthy,Serting_Basemap,0.17254973782433403,0.03192163734800286,0.03279082621965143,0.19819741116629708,,,,,,,,0.948694022566086,0.6877642425880104,-0.06917834273787275,51244_1477
124,102.4880429,2.954008444,Unhealthy,Serting_Basemap,0.18392890195051828,0.027209253360827763,0.027569746805561915,0.16710595703787273,,,,,,,,0.8185783519515992,0.7422611434612111,0.04792385850546511,51244_1477
125,102.4879813,2.954050302,Healthy,Serting_Basemap,0.2141344795624415,0.029042698649896517,0.031897633233004145,0.22231933805677626,,,,,,,,0.763986227318549,0.7611396031206764,-0.018753091768063307,51243_1477
126,102.4879127,2.954003793,Healthy,Serting_Basemap,0.20143141514725155,0.022463056362337537,0.027655608538124297,0.2431777666012446,,,,,,,,0.6558242179666123,0.7993424651275906,-0.09389448794066488,51243_1477
128,102.4879127,2.953854962,Healthy,Serting_Basemap,0.21848962704340616,0.023956216043896146,0.02657551070054372,0.17639713568819892,,,,,,,,0.654144713061939,0.8023788262249583,0.10659382721273054,51243_1476
129,102.4879046,2.953778221,Healthy,Serting_Basemap,0.2010607487625546,0.023668105610542826,0.028915998836358387,0.12975937459203932,,,,,,,,0.6827839769552373,0.7893630021247848,0.2155291324103944,51243_1476
130,102.4879092,2.953704968,Healthy,Serting_Basemap,0.1933719797266854,0.024353215884831216,0.028257574265201885,0.10246530175209045,,,,,,,,0.7206799587920791,0.7762940038571903,0.307286078077069,51243_1476
131,102.4879115,2.953545672,Healthy,Serting_Basemap,0.19516504142019483,0.020096862481700048,0.025893823968039617,0.11710311306847467,,,,,,,,0.6154002133996238,0.8132798965593175,0.24998363499327822,51243_1476
133,102.487915,2.953389865,Healthy,Serting_Basemap,0.17900116244951883,0.015711541494561568,0.019050486489302583,0.11835857480764389,,,,,,,,0.5477393127360103,0.8386182187776121,0.20393678108959992,51243_1476
134,102.4879732,2.953435212,Healthy,Serting_Basemap,0.18593678375085196,0.014289070955581136,0.018082829606201913,0.10349047183990479,,,,,,,,0.49146032175947485,0.8572704711234075,0.2848602207233872,51243_1476
135,102.487972,2.953503813,Healthy,Serting_Basemap,0.18049262795183393,0.016914556216862466,0.022186283125645585,0.10169585959778892,,,,,,,,0.5721431676016234,0.8286328201469308,0.2792345252574792,51243_1476
136,102.4879743,2.953587531,Healthy,Serting_Basemap,0.18086302363210255,0.02011182014313009,0.026363867852422927,0.1016618087887764,,,,,,,,0.6502089932628552,0.799857337711153,0.2803336406384966,51243_1476
138,102.487972,2.953741013,Healthy,Serting_Basemap,0.17963824172814688,0.022262250176734395,0.026941256183716986,0.12173690895239513,,,,,,,,0.7092599187755081,0.7794730466806142,0.1921237787687653,51243_1476
139,102.4879778,2.953813103,Healthy,Serting_Basemap,0.18029155168268415,0.02395729534327984,0.02544684832294782,0.13268963744242987,,,,,,,,0.7555927577405009,0.7654107164655436,0.1520919336184944,51243_1476
140,102.4879801,2.953888681,Unhealthy,Serting_Basemap,0.18178015450636545,0.024725845290554896,0.02530590382715066,0.1622002182735337,,,,,,,,0.7710629845367045,0.7605314585060918,0.05692166699685582,51243_1476
142,102.4880394,2.953928214,Healthy,Serting_Basemap,0.16838166614373526,0.026014578839143116,0.023364636426170666,0.14003602332539028,,,,,,,,0.8537226450162689,0.7323551301987918,0.09190667003288912,51244_1476
147,102.488108,2.953815428,Healthy,Serting_Basemap,0.15048933691448635,0.02083169420560201,0.020468174376421504,0.07690559989876217,,,,,,,,0.7838060786982963,0.7568110106575306,0.32359443902726787,51244_1476
148,102.4881766,2.953778221,Unhealthy,Serting_Basemap,0.12310282968812519,0.01788259018212557,0.018073005084362295,0.06919290125370026,,,,,,,,0.8085221018227365,0.7463200067271785,0.2803490653192614,51244_1476
149,102.4881115,2.953889844,Healthy,Serting_Basemap,0.15274732808272043,0.023408648868401844,0.021436237626605563,0.08036196066273583,,,,,,,,0.8473685940727683,0.7342281621826886,0.31052116288264175,51244_1476
150,102.4881104,2.953970073,Healthy,Serting_Basemap,0.17419925332069397,0.027393936076098017,0.026576292804545827,0.12948973890807894,,,,,,,,0.8575229196961067,0.72822557986144,0.14722138620992484,51244_1476
151,102.488179,2.95400263,Healthy,Serting_Basemap,0.16151302721765307,0.0248280827783876,0.023804699795113668,0.11966146777073543,,,,,,,,0.8453052381907349,0.7335200720987962,0.1488455041010955,51244_1477
152,102.4881743,2.95393054,Healthy,Serting_Basemap,0.16188940240277183,0.021715704558624163,0.019510805503361754,0.08479039039876726,,,,,,,,0.772692198584002,0.7634520638558273,0.312546930287204,51244_1476
154,102.488308,2.954010769,Unhealthy,Serting_Basemap,0.1416337721877628,0.019650355395343568,0.019034332906206448,0.07703348580333921,,,,,,,,0.7861367907155303,0.7563262338357735,0.2954273400503897,51244_1477
156,102.488308,2.95385845,Unhealthy,Serting_Basemap,0.16050190726915994,0.0203118570562866,0.019384857474101916,0.07682746731572682,,,,,,,,0.7369031045301406,0.7753284200230762,0.3525667233556244,51244_1476
158,102.4882418,2.953816591,Healthy,Serting_Basemap,0.13225915862454307,0.018372606072160933,0.019386276706225343,0.07273154540194406,,,,,,,,0.7801918542517979,0.7560593396863664,0.29039176925265536,51244_1476
163,102.4883092,2.953624739,Healthy,Serting_Basemap,0.1088667760292689,0.023025805751482647,0.025932280553711787,0.08514936102761163,,,,,,,,1.01855551854705,0.6508400178296754,0.12224454811562371,51244_1476
164,102.4882464,2.95366776,Healthy,Serting_Basemap,0.10147115836540858,0.02203059620741341,0.025767386373546388,0.08157862391736773,,,,,,,,1.0288677179993928,0.6432342798106044,0.10867281129737026,51244_1476
165,102.4881778,2.95370148,Healthy,Serting_Basemap,0.11364775233798557,0.018540245791276295,0.02022747488485442,0.07144300556845135,,,,,,,,0.867604590046225,0.7194866999476539,0.22802190258937002,51244_1476
166,102.488115,2.953659621,Healthy,Serting_Basemap,0.13981767081552082,0.017924229924877483,0.02110522695713573,0.07494670318232642,,,,,,,,0.7287332929530382,0.7727397750281194,0.3020564650720173,51244_1476
167,102.488179,2.953623576,Healthy,Serting_Basemap,0.1240794493092431,0.016657962774236996,0.018774832288424175,0.07598371224270926,,,,,,,,0.7564485752312683,0.7632759828728963,0.24040276427424317,51244_1476
168,102.4882418,2.95358288,Healthy,Serting_Basemap,0.15373682727416357,0.017075478099286556,0.019997591256267495,0.09044069631232156,,,,,,,,0.657111280542784,0.80006735390692,0.2592217745194028,51244_1476
169,102.4883104,2.95354916,Healthy,Serting_Basemap,0.11473854465617074,0.022107462709148724,0.024201328452262614,0.08384687122371462,,,,,,,,0.9656296373112918,0.6769001429448885,0.15555862093690195,51244_1476
170,102.4883092,2.953466606,Healthy,Serting_Basemap,0.126820370554924,0.019102226114935346,0.019797988339430757,0.08131696614954206,,,,,,,,0.8268341336761128,0.7381868668613002,0.21862201720199856,51244_1476
171,102.4882406,2.953506139,Healthy,Serting_Basemap,0.17721617801321876,0.015395095985796716,0.01737703372620874,0.09573166651858224,,,,,,,,0.5464500307408896,0.8401433554104896,0.29853509792103455,51244_1476
172,102.4881778,2.953544509,Healthy,Serting_Basemap,0.1895592270625962,0.013217474126981365,0.014901917220817672,0.08661034372117785,,,,,,,,0.45795401669144375,0.8696351794911167,0.37277417294471527,51244_1476
173,102.4881115,2.953586368,Healthy,Serting_Basemap,0.1636866041355663,0.016201007904277906,0.019570075803332858,0.07884947293334538,,,,,,,,0.6009869566585876,0.8198763358903283,0.34979180098685353,51244_1476
174,102.4880441,2.95354916,Healthy,Serting_Basemap,0.15801874217059877,0.017633020153476134,0.02212368603795767,0.087439540359709,,,,,,,,0.6548682240765892,0.7992275179005208,0.28754051842669054,51244_1476
175,102.4880418,2.953472419,Healthy,Serting_Basemap,0.18311368425687155,0.012981484230193827,0.016207023627228208,0.0867432380716006,,,,,,,,0.46098268426136607,0.867600162407366,0.35711682084615204,51244_1476
176,102.4881057,2.953511953,Healthy,Serting_Basemap,0.18151861263646019,0.01355401643862327,0.016395497756699722,0.07984893355104658,,,,,,,,0.48187316116123097,0.8610362047931764,0.3889912139760271,51244_1476
177,102.4881766,2.953472419,Healthy,Serting_Basemap,0.2016772652665774,0.012665569161375364,0.013575434477792846,0.09104569173521465,,,,,,,,0.4211610975411165,0.8818195234267777,0.37793951886966437,51244_1476
178,102.4882383,2.953428235,Healthy,Serting_Basemap,0.17051910940143797,0.013702263227767415,0.016598823583788343,0.09703166948424445,,,,,,,,0.5109866170092534,0.8512413295785515,0.274667262129679,51244_1476
181,102.4881092,2.953432886,Healthy,Serting_Basemap,0.19866251448790231,0.01242885562694735,0.014577878121700551,0.08722873197661506,,,,,,,,0.4176045226827293,0.8822419351375179,0.389776825591327,51244_1476
182,102.4880452,2.95339219,Healthy,Serting_Basemap,0.18857954111364153,0.013395122045444118,0.016264168442123465,0.09228006998697917,,,,,,,,0.4626306924200845,0.867358392028673,0.342874045681713,51244_1476
183,102.4881697,2.953318937,Healthy,Serting_Basemap,0.18096193919579187,0.015054593276646402,0.01872896423770322,0.09316962626245287,,,,,,,,0.5240935554903202,0.8463946577693571,0.32025612514408297,51244_1476
185,102.4882371,2.953280567,Healthy,Serting_Basemap,0.18876385192076364,0.01894710326774253,0.02251135702762339,0.08731296120418443,,,,,,,,0.608328377090692,0.8175627929634499,0.3674734200538026,51244_1476
188,102.488379,2.953428235,Healthy,Serting_Basemap,0.1444481818212403,0.018044034846954875,0.01763685502939754,0.06874278974201944,,,,,,,,0.7284150775685088,0.7779089335238706,0.3551059949870201,51244_1476
189,102.488372,2.953503813,Healthy,Serting_Basemap,0.11858802868260278,0.0217886364294423,0.01966483487437169,0.0706511785586675,,,,,,,,0.9586369722391921,0.6895689691438222,0.2533135221963716,51244_1476
190,102.4883766,2.953587531,Healthy,Serting_Basemap,0.11627525505092409,0.023800083125631016,0.023233119915756915,0.07250839471817017,,,,,,,,1.0175947274543198,0.6601816788672296,0.23183607471455397,51244_1476
191,102.4883743,2.953665435,Healthy,Serting_Basemap,0.11806891444656584,0.02588191173142857,0.025147435462309256,0.08245006948709488,,,,,,,,1.061929991500597,0.640406207888995,0.17763328070351195,51244_1476
192,102.4883766,2.953817754,Healthy,Serting_Basemap,0.1763797534836663,0.02251501836710506,0.019631984126236703,0.0827806790669759,,,,,,,,0.7472569741363567,0.7735986908293613,0.3611626724631289,51244_1476
194,102.4883778,2.953963097,Healthy,Serting_Basemap,0.1672374192211363,0.019713605443636577,0.018006720890601475,0.0847569356362025,,,,,,,,0.7019535105291946,0.7891040663833152,0.32731083849726855,51244_1476
195,102.4883731,2.954047977,Healthy,Serting_Basemap,0.15206546750333574,0.022353911358449195,0.019707091359628573,0.08549056119389004,,,,,,,,0.8260854381468287,0.7436762875280838,0.28024928129396354,51244_1477
196,102.4883755,2.95412123,Healthy,Serting_Basemap,0.13985363476806217,0.02565124279095067,0.022553546768095758,0.08763684829076131,,,,,,,,0.9602277009501942,0.690024328354862,0.22953393819027973,51244_1477
197,102.4884452,2.9541596,Healthy,Serting_Basemap,0.1373045552108023,0.029060476770003636,0.0267879246837563,0.083481817609734,,,,,,,,1.0462185411868339,0.6506420078306306,0.2437774438407822,51244_1477
201,102.4884417,2.95393054,Healthy,Serting_Basemap,0.2036240597565969,0.019134812470939424,0.01783334670795335,0.08881356236007479,,,,,,,,0.5893822408033197,0.8282015680938245,0.3925982456207943,51244_1476
202,102.4884441,2.953859613,Healthy,Serting_Basemap,0.19256887005435097,0.018849216194616422,0.01734026138567262,0.08184190260039435,,,,,,,,0.6090029206899136,0.8216877606921532,0.4035080925677421,51244_1476
204,102.4884406,2.953703805,Healthy,Serting_Basemap,0.12866536445087856,0.026241255924105644,0.022933218731648393,0.08148660924699572,,,,,,,,1.0286599420746245,0.6611990390006167,0.2244982731958994,51244_1476
205,102.4884429,2.953625901,Healthy,Serting_Basemap,0.11966549191210005,0.02580669791334205,0.02431558631360531,0.07603078418307835,,,,,,,,1.0555184869457936,0.6452009426089131,0.2229715792230999,51244_1476
206,102.4884441,2.953542184,Healthy,Serting_Basemap,0.12071256173981561,0.021785811210672062,0.018376157619059086,0.06938184052705765,,,,,,,,0.9541561566499316,0.6942307373819385,0.27002752632712895,51244_1476
207,102.4884417,2.953460792,Healthy,Serting_Basemap,0.12953957666953406,0.019370171862343948,0.01713247773134046,0.06739075316323175,,,,,,,,0.835765981484209,0.7398401104921984,0.31558787089362716,51244_1476
208,102.4884406,2.953388702,Healthy,Serting_Basemap,0.1441772977511088,0.017942996178236272,0.017984948638412688,0.06538381179173787,,,,,,,,0.7247929612239163,0.7786458962866654,0.37599288403872894,51244_1476
209,102.4884383,2.953316612,Healthy,Serting_Basemap,0.1636570692062378,0.021213054346541565,0.02496147176457776,0.06717288742462794,,,,,,,,0.7345092605225962,0.7705085717597268,0.41798812939996166,51244_1476
210,102.4883731,2.953279404,Healthy,Serting_Basemap,0.17034824854797787,0.02094221032328076,0.02341452654865053,0.07286354154348373,,,,,,,,0.7109682848457484,0.7810428136682428,0.40082229141866144,51244_1476
211,102.4885057,2.953275916,Healthy,Serting_Basemap,0.1827652073568768,0.02016097421033515,0.023603032032648723,0.0677670074833764,,,,,,,,0.6538070894282043,0.8012974564974255,0.45901561979495004,51244_1476
212,102.4885743,2.953311961,Healthy,Serting_Basemap,0.19210648205545214,0.020068027389546234,0.02252294619878133,0.06754329055547714,,,,,,,,0.6301647193523819,0.8108346997757669,0.47973541531509833,51244_1476
213,102.4885045,2.953421259,Healthy,Serting_Basemap,0.14366158843040466,0.017558166860706277,0.017638732575707965,0.06457702236043082,,,,,,,,0.7151396355900052,0.7821834324335516,0.37977859038547873,51244_1476
214,102.4885731,2.953461955,Healthy,Serting_Basemap,0.13011805961529413,0.018719487720065646,0.017435191406144038,0.06754274707701471,,,,,,,,0.8095253764170228,0.7484574550548454,0.31657926316008644,51244_1476
215,102.4885069,2.953506139,Healthy,Serting_Basemap,0.12416439420647091,0.022852101052800815,0.018802990205585957,0.07064045468966167,,,,,,,,0.9689684164779947,0.6891219449559062,0.27475671072924635,51244_1476
216,102.4885092,2.953586368,Healthy,Serting_Basemap,0.11910812970664766,0.02628203026122517,0.02213177043530676,0.07111507819758521,,,,,,,,1.0848913580970916,0.6384620490543135,0.2522986129706338,51244_1476
217,102.4885045,2.953664272,Healthy,Serting_Basemap,0.12417842282189263,0.02682545967400074,0.023560472453633945,0.07332152128219604,,,,,,,,1.06561336179379,0.6447050336638825,0.2575033718130746,51244_1476
218,102.4885069,2.953738687,Healthy,Serting_Basemap,0.18839583959844378,0.021561332667867344,0.017500698876877625,0.08464574482705858,,,,,,,,0.6926801576067059,0.7946120874544949,0.3799790972854274,51244_1476
219,102.488508,2.953817754,Healthy,Serting_Basemap,0.21736465560065377,0.018958108085725043,0.014946324543820487,0.09616036878691779,,,,,,,,0.5612494476998828,0.8395574950969673,0.38658568658272824,51244_1476
220,102.4885092,2.953965422,Healthy,Serting_Basemap,0.19159615536530814,0.026709353551268578,0.024022724479436874,0.1005762509173817,,,,,,,,0.7942192421314651,0.7553029817357904,0.3115280652474095,51244_1476
221,102.4885103,2.95404914,Healthy,Serting_Basemap,0.18169651594426897,0.033749820871485606,0.029738606471154425,0.09238528956969579,,,,,,,,0.9679631285348309,0.6866985870328555,0.3258560932459367,51244_1477
222,102.4885731,2.9541596,Healthy,Serting_Basemap,0.20147162841426003,0.03328324378364616,0.03395611896283097,0.08873945805761549,,,,,,,,0.8816921631573731,0.71644257286735,0.3884488760479157,51244_1477
223,102.4886464,2.95412123,Healthy,Serting_Basemap,0.22438750002119276,0.030316756003432803,0.031586056368218526,0.09447557313574685,,,,,,,,0.766041166598018,0.7619454305427729,0.40742230073629504,51244_1477
224,102.4885731,2.954085185,Healthy,Serting_Basemap,0.20863344768683115,0.03541057681043943,0.03487655189302233,0.08895923693974812,,,,,,,,0.9012298386555705,0.7098017303772544,0.40214096961842594,51244_1477
225,102.4885778,2.954010769,Healthy,Serting_Basemap,0.195665599571334,0.026027762848469947,0.025755497730440564,0.0983099275165134,,,,,,,,0.7613890375878247,0.7651913204403193,0.3311693086129861,51244_1477
226,102.4885708,2.953928214,Healthy,Serting_Basemap,0.19209140539169312,0.018410381136669055,0.017632531519565318,0.10684735493527518,,,,,,,,0.5973888288025067,0.8250809986908259,0.28515556284230625,51244_1476
227,102.4885755,2.953854962,Healthy,Serting_Basemap,0.20114737417962816,0.016232223353452153,0.01476666507207685,0.10692195263173845,,,,,,,,0.5228222014738313,0.8506555027457721,0.305857848696455,51244_1476
228,102.4885778,2.953775895,Healthy,Serting_Basemap,0.18196934792730543,0.02015819690293736,0.01582270788235797,0.08305203004015817,,,,,,,,0.677277834885265,0.8005398332041558,0.37324278760368995,51244_1476
229,102.4886417,2.953823568,Healthy,Serting_Basemap,0.19724935293197632,0.01762257930305269,0.014030209535525905,0.10944309830665588,,,,,,,,0.5718721993090801,0.8359713237578471,0.2863006711469396,51244_1476
230,102.4886452,2.953889844,Healthy,Serting_Basemap,0.2018548929029041,0.016551654785871506,0.014571532607078552,0.11283206360207663,,,,,,,,0.5306511396070862,0.8484326137560927,0.28289329271713376,51244_1476
231,102.4886417,2.953960771,Healthy,Serting_Basemap,0.19453400207890403,0.024134300235244963,0.024682438414957788,0.10921318580706914,,,,,,,,0.7218138299842012,0.7792611002158648,0.2808941767186479,51244_1476
232,102.4886452,2.954043326,Healthy,Serting_Basemap,0.21571263174215952,0.029195533651444647,0.030029688444402482,0.10272806800074047,,,,,,,,0.7679665528983011,0.7615797447625069,0.3548056634489234,51244_1477
233,102.4887115,2.954154949,Healthy,Serting_Basemap,0.20045439733399284,0.021157111765609846,0.01897385364605321,0.110402412712574,,,,,,,,0.6466542904086197,0.8090612545208484,0.2896895989118878,51244_1477
234,102.4887731,2.954116579,Healthy,Serting_Basemap,0.19030695160230002,0.02155602102478345,0.018260881097780332,0.12406556970543331,,,,,,,,0.6851885490240586,0.7965097840600406,0.2107098343752006,51244_1477
235,102.4887115,2.954081696,Healthy,Serting_Basemap,0.196615907880995,0.019634064700868394,0.018339442296160594,0.11361387454801136,,,,,,,,0.6178521270621006,0.8184132514196205,0.2675501774301054,51244_1477
236,102.4887115,2.954004955,Healthy,Serting_Basemap,0.19087503519323137,0.01793629013829761,0.015703175423873797,0.10586618135372798,,,,,,,,0.5918327615160985,0.8282057727489615,0.28647470960964644,51244_1477
237,102.4887103,2.953934028,Healthy,Serting_Basemap,0.1848509262005488,0.017941434557239216,0.014389681940277418,0.11054341660605536,,,,,,,,0.610451487590338,0.8230561102972891,0.2515535974334582,51244_1476
239,102.4887766,2.953893332,Healthy,Serting_Basemap,0.16539349489741856,0.017301722429692745,0.01356677876578437,0.10014809171358745,,,,,,,,0.6481146722630327,0.8105946867923265,0.2457069117366148,51244_1476
240,102.4887708,2.953959608,Healthy,Serting_Basemap,0.17918281753857931,0.019031124603417184,0.01496446080919769,0.0941042693124877,,,,,,,,0.6556535316645495,0.8079739053897261,0.3113156541950216,51244_1476
241,102.4887743,2.954043326,Healthy,Serting_Basemap,0.1762843777736028,0.0202932461268372,0.01639359113242891,0.10963518089718288,,,,,,,,0.6959738667758152,0.7935345262173374,0.23310471373929806,51244_1477
242,102.4888371,2.954156112,Healthy,Serting_Basemap,0.19219975587394503,0.023189004303680524,0.019874066321386233,0.14089565806918675,,,,,,,,0.7177818545656505,0.7846776750601365,0.15402222803799168,51244_1477
243,102.4889092,2.95412123,Healthy,Serting_Basemap,0.15333501746257147,0.022988234129216936,0.02221691194507811,0.12461104575130674,,,,,,,,0.8301683891152521,0.7392489768458022,0.1033436897041487,51244_1477
244,102.4889789,2.954158437,Healthy,Serting_Basemap,0.13414826740821204,0.02808288215763039,0.026376906368467543,0.12498971571524937,,,,,,,,1.0367902748462896,0.6537917381121338,0.03534237467843238,51244_1477
245,102.489044,2.95412123,Healthy,Serting_Basemap,0.1421100679371092,0.029758602380752563,0.03061926199330224,0.11411135147015254,,,,,,,,1.025069413250137,0.6537053283100911,0.1092754717061845,51244_1477
246,102.4891092,2.954086347,Healthy,Serting_Basemap,0.14809337589475843,0.03006754732794232,0.030782229577501614,0.10925413916508357,,,,,,,,1.0064000419001062,0.6624675401983863,0.15092135908381873,51244_1477
247,102.4891708,2.95412123,Healthy,Serting_Basemap,0.17691022488805982,0.025477371282047696,0.025316123747163348,0.09744703852468067,,,,,,,,0.8050323556585182,0.7482318900548246,0.28963398079909947,51244_1477
248,102.4891057,2.954151461,Healthy,Serting_Basemap,0.14733819911877313,0.031304944306612015,0.03201499291592174,0.10386096023850971,,,,,,,,1.0350320957324533,0.6495253754904137,0.17307875946521517,51244_1477
249,102.4892429,2.9541596,Healthy,Serting_Basemap,0.20726018978489769,0.0275212950590584,0.025578486629658274,0.07795372439755334,,,,,,,,0.7647957198614006,0.765558216165555,0.4533666099635909,51244_1477
250,102.4893068,2.954116579,Healthy,Serting_Basemap,0.1836947136455112,0.028969846872819796,0.02443955631719695,0.1042265933420923,,,,,,,,0.8710313919951844,0.7275536008236532,0.2760063891584113,51244_1477
251,102.4894371,2.95412123,Healthy,Serting_Basemap,0.16311191105180317,0.033772384747862816,0.028536072828703456,0.14327987614605162,,,,,,,,1.0423866966323825,0.6569316551054235,0.06472769745928234,51244_1477
252,102.489508,2.954150298,Healthy,Serting_Basemap,0.182407822046015,0.03489669805599584,0.033050883975293904,0.13406738142172495,,,,,,,,0.9786907172992776,0.6788221612729083,0.15274637663426816,51244_1477
254,102.4886388,2.953349459,Healthy,Serting_Basemap,0.18773093985186684,0.017049300484359264,0.01808294581456317,0.0711553626590305,,,,,,,,0.5685173197437552,0.8334868593144902,0.4502964276680081,51244_1476
255,102.4886423,2.953425038,Healthy,Serting_Basemap,0.15784445487790638,0.0171895253782471,0.017145596858527925,0.06870279461145401,,,,,,,,0.6568123060594456,0.803586419584459,0.39347933143032415,51244_1476
256,102.488576,2.953548288,Healthy,Serting_Basemap,0.12533749639987946,0.022590491299827892,0.01943930559274223,0.06841655489471224,,,,,,,,0.9513899669156821,0.6945744797707055,0.2937793616435006,51244_1476
257,102.4885726,2.953622704,Healthy,Serting_Basemap,0.12287039972013897,0.026094545092847612,0.021256778285735183,0.06821177817053264,,,,,,,,1.0633676091431823,0.6496552242461178,0.28604772121071104,51244_1476
258,102.4885784,2.953702933,Healthy,Serting_Basemap,0.14233658545547062,0.023837368314464886,0.01866822348286708,0.07198182410664028,,,,,,,,0.9138363129808887,0.7131034343990245,0.32827213253671084,51244_1476
261,102.4887679,2.953661074,Healthy,Serting_Basemap,0.14258410864406162,0.018559570734699566,0.018232786303593054,0.11323151903020011,,,,,,,,0.7501239721945047,0.7696518931893555,0.1147411902889573,51244_1476
263,102.48864,2.953504104,Healthy,Serting_Basemap,0.1329646466506852,0.021416936069726944,0.01856728374130196,0.07200115505192015,,,,,,,,0.8815104628814524,0.7225454527368927,0.29743250382432035,51244_1476
264,102.4887051,2.953462245,Healthy,Serting_Basemap,0.144417066540983,0.019322393875983026,0.019033360812399123,0.07539460311333339,,,,,,,,0.7648827852123328,0.7639861054045477,0.3140072751196366,51244_1476
265,102.4887086,2.953393644,Unhealthy,Serting_Basemap,0.16351890646749073,0.01725217927661207,0.017430734303262498,0.07686281700929005,,,,,,,,0.6405888711555559,0.809126783682275,0.36049366900629226,51244_1476
266,102.4887063,2.953319228,Healthy,Serting_Basemap,0.18477209409077963,0.016919418134623103,0.01790798869397905,0.07799133906761806,,,,,,,,0.5722812602829409,0.8322247877668286,0.4063760080299779,51244_1476
268,102.4887725,2.95350643,Healthy,Serting_Basemap,0.1389695422516929,0.01939741273721059,0.020754861334959667,0.09566536545753479,,,,,,,,0.7816839841239983,0.7550320679137925,0.18455982196742435,51244_1476
271,102.4888435,2.953390155,Healthy,Serting_Basemap,0.15765767296155295,0.016513415508800082,0.017756188805732463,0.09208571000231637,,,,,,,,0.6337885482214248,0.8103770763123989,0.2625573586016609,51244_1476
272,102.4889051,2.953352948,Healthy,Serting_Basemap,0.15955704781744215,0.020362302660942078,0.018246825680964522,0.09342139959335327,,,,,,,,0.7454333740248923,0.7736507762305597,0.26142799475994666,51244_1476
273,102.4889702,2.953316903,Healthy,Serting_Basemap,0.15447498857975006,0.02147850642601649,0.019020877468089264,0.0878318225344022,,,,,,,,0.793835832914086,0.7558615539257966,0.27503628865782004,51244_1476
274,102.4889772,2.953391318,Healthy,Serting_Basemap,0.15215966436598036,0.02266482139627139,0.022893557428485818,0.09317134983009762,,,,,,,,0.8227435082575808,0.7407134212641833,0.24044377238312403,51244_1476
275,102.4889051,2.953430851,Healthy,Serting_Basemap,0.15596643586953482,0.020106603494948812,0.019427469310661156,0.09397350168890423,,,,,,,,0.7460460201920095,0.7716106501310889,0.24803132619066082,51244_1476
276,102.4888411,2.953468059,Healthy,Serting_Basemap,0.1523636347717709,0.017534680457578763,0.01866202884250217,0.093214251101017,,,,,,,,0.6806444938732538,0.793586176132373,0.24085793987734685,51244_1476
277,102.4888446,2.953537824,Healthy,Serting_Basemap,0.14907783766587576,0.018147722507516544,0.020376919251349237,0.09518682459990184,,,,,,,,0.7056215677879748,0.7829551596215365,0.22062549926823474,51244_1476
278,102.4889028,2.953499453,Healthy,Serting_Basemap,0.1487583170334498,0.021476391288969252,0.022868486121296883,0.092108353972435,,,,,,,,0.8006872122765191,0.7476849286422408,0.23519220332326818,51244_1476
279,102.488976,2.953461083,Healthy,Serting_Basemap,0.15480521155728233,0.021413697964615293,0.022791210561990738,0.09272695581118266,,,,,,,,0.7771827256854165,0.7569648112939396,0.2507886405474438,51244_1476
280,102.4890388,2.9534262,Healthy,Serting_Basemap,0.1696773568789164,0.02740747957593865,0.029574725362989638,0.09455440607335833,,,,,,,,0.8629999208267011,0.7218712502804172,0.2843070415388581,51244_1476
281,102.4890388,2.953507592,Healthy,Serting_Basemap,0.14840405186017355,0.02567919095357259,0.028794365624586742,0.09436844372087055,,,,,,,,0.8988292108357916,0.7049780261613453,0.22257714165674272,51244_1476
282,102.4890411,2.953585496,Healthy,Serting_Basemap,0.15347886085510254,0.025616802068220243,0.02865717684229215,0.09632742653290431,,,,,,,,0.8781537090059048,0.7139316312848099,0.22878300990650746,51244_1476
284,102.4889737,2.95361689,Healthy,Serting_Basemap,0.15049143963389927,0.025421299868159823,0.027834288361999724,0.09730422248442967,,,,,,,,0.8874280357926043,0.7109782959424349,0.2146414376054384,51244_1476
285,102.4889039,2.953661074,Healthy,Serting_Basemap,0.15004902415805393,0.021842719780074224,0.024251011096768908,0.10287942157851325,,,,,,,,0.801621109796039,0.7458549284608288,0.1864938617013813,51244_1476
286,102.4889039,2.953586659,Healthy,Serting_Basemap,0.15010005235671997,0.02242579311132431,0.024821670518981084,0.09756687531868617,,,,,,,,0.8163245374364784,0.7400297555362153,0.21211220057158425,51244_1476
287,102.4888342,2.953618053,Healthy,Serting_Basemap,0.1457579169008467,0.018517939787771966,0.019502474098569818,0.11006815234820048,,,,,,,,0.7323096855969051,0.774550683696968,0.13950792684033367,51244_1476
289,102.4888411,2.953771535,Healthy,Serting_Basemap,0.14407084633906683,0.019361352134082053,0.01643306079010169,0.11166297644376755,,,,,,,,0.7774604807374152,0.7630656343735959,0.1267250047046753,51244_1476
290,102.4887737,2.953742466,Healthy,Serting_Basemap,0.13944552921586567,0.018124750401410792,0.015701257934172947,0.11064095132880741,,,,,,,,0.7575800176803769,0.7699470935073021,0.11517846876138065,51244_1476
291,102.4887749,2.953811068,Healthy,Serting_Basemap,0.14966148717535865,0.017529559942583244,0.014484378716184033,0.10968609733713998,,,,,,,,0.7039807713339986,0.7903050403145412,0.15413827706689961,51244_1476
292,102.4888377,2.953847113,Healthy,Serting_Basemap,0.16096567610899606,0.018463989512787923,0.014935707362989584,0.097353538705243,,,,,,,,0.6940391794106691,0.7941924547559737,0.24625399024032116,51244_1476
293,102.4889086,2.953809905,Healthy,Serting_Basemap,0.15003287461068895,0.019740406009886,0.019174263295200136,0.10020311176776886,,,,,,,,0.756743492546376,0.7674497902410959,0.19913108247970931,51244_1476
294,102.4889109,2.953893623,Healthy,Serting_Basemap,0.14832574129104614,0.019476578674382634,0.01815477665513754,0.09598542915450202,,,,,,,,0.7584570989705313,0.7678628200325804,0.21423626288184675,51244_1476
295,102.4888377,2.953929668,Healthy,Serting_Basemap,0.16457063456376395,0.018889811717801623,0.014432416918377081,0.09577049728896883,,,,,,,,0.6970967297075432,0.7940721054519781,0.26426917938465944,51244_1476
296,102.48884,2.954000595,Healthy,Serting_Basemap,0.16710707379711998,0.019932202787862882,0.01554805412888527,0.09552947183450063,,,,,,,,0.7166005599308998,0.7868661261763752,0.2725348134262151,51244_1477
297,102.4888377,2.954084313,Healthy,Serting_Basemap,0.17865129560232162,0.02202259459429317,0.018197599488000076,0.1276858010225826,,,,,,,,0.7313619065479526,0.7805136027141744,0.16637062615418058,51244_1477
298,102.4889097,2.954043617,Healthy,Serting_Basemap,0.15105262895425162,0.022830151228441134,0.02194365207105875,0.11009491814507379,,,,,,,,0.8352879520885926,0.7374075661263952,0.1568374325706375,51244_1477
299,102.4889074,2.953970364,Healthy,Serting_Basemap,0.15317537552780575,0.02107823102010621,0.019268572537435427,0.09735752807723151,,,,,,,,0.7857666631577628,0.7580740916910592,0.22279647362635663,51244_1476
300,102.4889783,2.954081987,Healthy,Serting_Basemap,0.14299392120705712,0.026608014893200662,0.025914223864674568,0.11671074562602574,,,,,,,,0.9583113557160451,0.6862298213686462,0.10120409425651207,51244_1477
301,102.48904,2.954037803,Healthy,Serting_Basemap,0.14436799618932936,0.02951327959696452,0.029333538686235745,0.10755399117867152,,,,,,,,1.0145154057129573,0.6605352765729949,0.14613256030280883,51244_1477
302,102.488976,2.954008734,Healthy,Serting_Basemap,0.14860008491410148,0.023713635694649484,0.023490715254512098,0.10103027274211247,,,,,,,,0.8642071434521846,0.7247620722148671,0.19056100635605075,51244_1477
303,102.4889783,2.953930831,Healthy,Serting_Basemap,0.14870407183965048,0.02188222027487225,0.021744443621072505,0.0983607065346506,,,,,,,,0.8172136992051211,0.7434469088503118,0.20376585297289973,51244_1476
305,102.4890435,2.953811068,Healthy,Serting_Basemap,0.15099112689495087,0.0207375581893656,0.024648755995763674,0.09680379927158356,,,,,,,,0.7641133319814433,0.7584846331387941,0.21867811606017257,51244_1476
306,102.4889714,2.953766884,Healthy,Serting_Basemap,0.15147354702154794,0.02209619701736503,0.023791250669293933,0.09640840772125456,,,,,,,,0.8054854559515555,0.7453911436037925,0.22214258943305457,51244_1476
307,102.4889783,2.953697119,Healthy,Serting_Basemap,0.15317360560099283,0.02414837396807141,0.026236202774776354,0.09770243697696263,,,,,,,,0.8484032909440873,0.7276324793265013,0.22110986786150966,51244_1476
308,102.4890342,2.953277369,Healthy,Serting_Basemap,0.1794695175356335,0.022079566286669836,0.02180859674182203,0.1044291423426734,,,,,,,,0.7196810286938173,0.7809013480196576,0.26432099124781405,51244_1476
309,102.4890993,2.953311089,Healthy,Serting_Basemap,0.17806291580200195,0.021225094381305907,0.022988998227649264,0.11249050249656041,,,,,,,,0.6973276743951078,0.7869907541172921,0.2256810939944326,51244_1476
311,102.489176,2.953344808,Unhealthy,Serting_Basemap,0.16545299688975015,0.020971072630749807,0.024853177575601473,0.10940090980794695,,,,,,,,0.7223672543392872,0.7750175426951107,0.20393411087095473,51244_1476
312,102.4891702,2.953280858,Healthy,Serting_Basemap,0.18288208213117388,0.02155296090576384,0.024166135531332757,0.11832111577192943,,,,,,,,0.6892697742625525,0.7891461210799402,0.21434356211587646,51244_1476
313,102.4893004,2.953278532,Healthy,Serting_Basemap,0.1422530710697174,0.0188456948639618,0.023309458771513566,0.10286139282915327,,,,,,,,0.7417596631409528,0.7660355154834624,0.1607072777917192,51244_1476
314,102.4893062,2.953330856,Healthy,Serting_Basemap,0.1537848578559028,0.017024050673676863,0.021803693949348397,0.10105452520979775,,,,,,,,0.6496593193093657,0.8006655411567281,0.20691594843686523,51244_1476
315,102.4893702,2.95331574,Healthy,Serting_Basemap,0.1374788342250718,0.016479240626924567,0.02002277597784996,0.10061612890826331,,,,,,,,0.6921866098406192,0.7859256080882219,0.1548235411270127,51244_1476
316,102.4894353,2.953278532,Healthy,Serting_Basemap,0.15033895522356033,0.017394533794787195,0.01984301892419656,0.10768827050924301,,,,,,,,0.6789069771944916,0.7925931917759786,0.16529528848433875,51244_1476
317,102.4895702,2.953279695,Healthy,Serting_Basemap,0.18045990665753683,0.01807894143793318,0.01908034986505906,0.133374052743117,,,,,,,,0.6136303488546294,0.8178800611431,0.15003428565965998,51244_1476
318,102.4895074,2.953312252,Healthy,Serting_Basemap,0.16146736426485908,0.01887483936217096,0.02032559934175677,0.11412507626745436,,,,,,,,0.6877876356691518,0.790677512167851,0.17178369590240555,51244_1476
319,102.4895679,2.953349459,Healthy,Serting_Basemap,0.17106500930256313,0.02006165196912156,0.019190710348387558,0.12645520683791903,,,,,,,,0.6966485631051202,0.7900695608279985,0.14993872699924493,51244_1476
321,102.4896992,2.953351785,Healthy,Serting_Basemap,0.18030699094136557,0.012774854691492187,0.013409441750910547,0.1304156399435467,,,,,,,,0.46609493177865535,0.8676742015840951,0.16056555280744256,51244_1476
322,102.4897737,2.953306438,Healthy,Serting_Basemap,0.17556781570116678,0.013736936677661207,0.014982743085258536,0.12035848614242342,,,,,,,,0.5040512769222191,0.8548696057014831,0.1865644561324727,51244_1476
323,102.4897748,2.953382016,Healthy,Serting_Basemap,0.13853057225545248,0.016849476223190624,0.01624237114770545,0.0992067704598109,,,,,,,,0.715203766471024,0.7831191792232376,0.1654086032363013,51244_1476
324,102.489776,2.953461083,Healthy,Serting_Basemap,0.1259484440088272,0.018024596385657787,0.016811617857052222,0.10948438776863946,,,,,,,,0.8064278964634038,0.7496115059281858,0.06993101223770579,51244_1476
326,102.4898365,2.953432014,Healthy,Serting_Basemap,0.12255836112631692,0.017678675448728934,0.01645426731556654,0.08165234161747827,,,,,,,,0.8110880331905975,0.7478743721275307,0.20031280907034418,51244_1476
327,102.4898411,2.953500616,Healthy,Serting_Basemap,0.11132798426681095,0.01887953405578931,0.01735659357574251,0.08505134450064765,,,,,,,,0.9074318913197593,0.7100085417646368,0.1338055279600157,51244_1476
328,102.4898365,2.953576194,Healthy,Serting_Basemap,0.11705551130904092,0.019564686963955562,0.019228403456509113,0.09244683633248012,,,,,,,,0.8922784406896476,0.7135901248677575,0.11746252609382997,51244_1476
329,102.4898365,2.953661074,Healthy,Serting_Basemap,0.12564812848965326,0.020911173274119694,0.021069895269142255,0.11343197855684492,,,,,,,,0.8872868230847831,0.7146387431918212,0.0510964717379537,51244_1476
330,102.4898411,2.95373549,Healthy,Serting_Basemap,0.1366934668686655,0.02442636837561925,0.024740081487430468,0.1129418131377962,,,,,,,,0.9292614918049088,0.696792535337629,0.09514542067232842,51244_1476
334,102.489833,2.954119195,Healthy,Serting_Basemap,0.1879415214061737,0.022559221420023177,0.020411028837164242,0.12558445003297594,,,,,,,,0.7120095643481185,0.7856613604575302,0.19888965206603396,51244_1477
335,102.4897748,2.954077336,Healthy,Serting_Basemap,0.18678330381711325,0.023216858299242124,0.020763620941175356,0.11548854907353719,,,,,,,,0.7312953672442721,0.7788872345119593,0.23586302879933574,51244_1477
336,102.4897109,2.95412152,Healthy,Serting_Basemap,0.19342933595180511,0.024896655024753675,0.024075129793749914,0.09419206033150355,,,,,,,,0.7451361673534306,0.7719313681949412,0.3450274454635923,51244_1477
337,102.4896399,2.954078499,Healthy,Serting_Basemap,0.24574612412187788,0.03011217796140247,0.027569852355453704,0.09846631106403139,,,,,,,,0.7222437597208593,0.781683728682476,0.4278747598944257,51244_1477
338,102.4895737,2.954114544,Healthy,Serting_Basemap,0.24342851837476095,0.035190642086995974,0.03139500319957733,0.12905111577775744,,,,,,,,0.8155307574171266,0.7473925193897336,0.30707021836842135,51244_1477
339,102.4895097,2.954078499,Healthy,Serting_Basemap,0.17350932541820738,0.03469578983883063,0.030595266363686986,0.14265955405102837,,,,,,,,1.014881916735318,0.6667152985554922,0.09757371256452452,51244_1477
340,102.4894446,2.954031989,Healthy,Serting_Basemap,0.1708659811152352,0.034459293716483645,0.02566360164847639,0.1419846167167028,,,,,,,,1.038524204282943,0.6643443556111063,0.0923167946575169,51244_1477
341,102.4893783,2.954002921,Healthy,Serting_Basemap,0.1802920119629966,0.03234457100431124,0.023581416035691898,0.12972273098097908,,,,,,,,0.9634870861842211,0.695776046125759,0.16311895525289952,51244_1477
342,102.4893725,2.954077336,Healthy,Serting_Basemap,0.17160338908433914,0.0318697119752566,0.02573358453810215,0.1216470640566614,,,,,,,,0.9765635583002409,0.6867427506702992,0.170353786303129,51244_1477
343,102.4893121,2.954041291,Healthy,Serting_Basemap,0.16527179214689466,0.02824481638769309,0.022366335822476283,0.12038370056284799,,,,,,,,0.9255749137755419,0.7080889686773856,0.1571406562437709,51244_1477
344,102.48924,2.95408315,Healthy,Serting_Basemap,0.18971505098872715,0.026061022447215185,0.023041169469555218,0.0938385965095626,,,,,,,,0.7871094266647283,0.7584438160151065,0.33812456769663957,51244_1477
345,102.4891749,2.954041291,Healthy,Serting_Basemap,0.15995791885587904,0.024361762528618176,0.021375368763175275,0.11308358609676361,,,,,,,,0.8471563956820433,0.7356575017314759,0.1716747524053,51244_1477
346,102.4891063,2.954004083,Healthy,Serting_Basemap,0.1439365247885386,0.02825439866218302,0.026215661731031206,0.11375108775165346,,,,,,,,0.9972390724867648,0.6718247617706866,0.11713965114321147,51244_1477
347,102.48904,2.95396455,Healthy,Serting_Basemap,0.14511241846614414,0.02733247375322713,0.02737852268748813,0.10883027729060915,,,,,,,,0.962597937987058,0.6830004832099424,0.14287530920081645,51244_1476
348,102.4891039,2.953930831,Healthy,Serting_Basemap,0.1464570446146859,0.025595780255066022,0.02314583119004965,0.10486907180812624,,,,,,,,0.9274067112294345,0.7024660272280604,0.1654741393313665,51244_1476
349,102.4890993,2.953851764,Healthy,Serting_Basemap,0.15132948756217957,0.023180421441793442,0.022670634401341278,0.09763357043266296,,,,,,,,0.841543653899923,0.7343369029976894,0.21567825187393447,51244_1476
350,102.4891004,2.953776186,Healthy,Serting_Basemap,0.18119411998324925,0.02133370770348443,0.023249349039461877,0.09701992571353912,,,,,,,,0.6906602354719129,0.7893256650490222,0.3025519220602089,51244_1476
352,102.4891039,2.953623867,Healthy,Serting_Basemap,0.18274429771635267,0.021659066590170067,0.024821231555607583,0.09146862311495675,,,,,,,,0.6906489287811008,0.7880752436374757,0.3328642367569068,51244_1476
353,102.4890993,2.9535448,Healthy,Serting_Basemap,0.16286512878206041,0.022656282203065023,0.027911842490235966,0.09951746712128322,,,,,,,,0.767718302734934,0.755755607045469,0.24143240691205442,51244_1476
354,102.4891063,2.953464571,Healthy,Serting_Basemap,0.165700301527977,0.024033843643135495,0.02963214098579354,0.0999174565076828,,,,,,,,0.7899369211636763,0.7466576865069756,0.24765981576978258,51244_1476
355,102.4891702,2.953428526,Healthy,Serting_Basemap,0.17763378222783408,0.024116822828849156,0.028956755788789854,0.09864216463433371,,,,,,,,0.7571282279760898,0.7609244064267031,0.28591565241439115,51244_1476
356,102.4891702,2.953501779,Healthy,Serting_Basemap,0.17184817956553566,0.021135890545944374,0.025428813364770677,0.10194970005088383,,,,,,,,0.7058567719987097,0.7809571480823789,0.2552922601613167,51244_1476
357,102.4891702,2.953580845,Healthy,Serting_Basemap,0.18220693038569558,0.018280624101559322,0.02175548817548487,0.09704001165098614,,,,,,,,0.6080274543452192,0.8176383152728672,0.3049878294585656,51244_1476
358,102.4891725,2.953661074,Healthy,Serting_Basemap,0.20077274408605364,0.015874289597074192,0.01790098235425022,0.09880943596363068,,,,,,,,0.5071206275129914,0.8534548170154758,0.34035171286060084,51244_1476
359,102.4891737,2.953734327,Healthy,Serting_Basemap,0.22074169913927713,0.0193735600138704,0.018491870930625334,0.1247854224509663,,,,,,,,0.5575512459391408,0.8386311633654755,0.27770982563303453,51244_1476
360,102.4891749,2.953812231,Healthy,Serting_Basemap,0.19860904581016964,0.02141317528569036,0.017597078138755426,0.12399168560902278,,,,,,,,0.6613278995336705,0.805354430302192,0.2312994142105273,51244_1476
361,102.4891749,2.953885484,Healthy,Serting_Basemap,0.16640282173951468,0.022758638279305562,0.017471253561476868,0.11490351623959011,,,,,,,,0.7937051887896741,0.7593734127761413,0.18307197011590226,51244_1476
362,102.4891795,2.953970364,Healthy,Serting_Basemap,0.15650664269924164,0.023808153967062633,0.019091833486325212,0.12190020084381104,,,,,,,,0.8532823329227597,0.7359267857410208,0.12430169249801176,51244_1476
363,102.4892411,2.953929668,Healthy,Serting_Basemap,0.17482266161176893,0.024151527012387913,0.017901775427162647,0.1270199649863773,,,,,,,,0.8016189989217215,0.7572395979660677,0.15836960194834596,51244_1476
364,102.4892388,2.953852927,Healthy,Serting_Basemap,0.18208037482367623,0.02398620918393135,0.019528405740857124,0.131132578684224,,,,,,,,0.7688466691091899,0.7671994292578187,0.16266184258617244,51244_1476
365,102.4892411,2.953779674,Healthy,Serting_Basemap,0.21502015325758192,0.019239532968236342,0.020222930962012872,0.14622176273001564,,,,,,,,0.5623083979799687,0.8357418360947508,0.19044963356336622,51244_1476
366,102.4892388,2.953695957,Healthy,Serting_Basemap,0.2343182149860594,0.01822588002930085,0.01942060711897082,0.1320798248052597,,,,,,,,0.5024526955605662,0.8556618001447049,0.27903640051958045,51244_1476
367,102.4892376,2.953620378,Healthy,Serting_Basemap,0.21388852927419874,0.01777580038954814,0.019271826268070273,0.11114223218626446,,,,,,,,0.5292150191721048,0.8465383046639149,0.3161125323223672,51244_1476
368,102.4892388,2.953541312,Healthy,Serting_Basemap,0.17464491559399498,0.017100125551223755,0.01864827476027939,0.1003516713778178,,,,,,,,0.6013404322067673,0.8216368418281762,0.2701606046615853,51244_1476
369,102.4892388,2.953463408,Healthy,Serting_Basemap,0.1655997269683414,0.017570012973414526,0.019886694952017732,0.09882999708255132,,,,,,,,0.6370954395817948,0.8081559434544,0.252504630957976,51244_1476
370,102.4892388,2.953385504,Healthy,Serting_Basemap,0.15843659142653146,0.018114273125926655,0.02221662261419826,0.10183212243848377,,,,,,,,0.6681713797043957,0.7947982506701983,0.2174847224142538,51244_1476
371,102.4893004,2.953427363,Healthy,Serting_Basemap,0.15637311670515272,0.01590472853018178,0.019837997232874233,0.09803047527869542,,,,,,,,0.6116598355190492,0.815359560500009,0.22933104431230444,51244_1476
372,102.4893725,2.953386667,Healthy,Serting_Basemap,0.14504003193643358,0.015936562170584995,0.01802111230790615,0.09918225473827785,,,,,,,,0.654028141330903,0.802001498926108,0.1877706487092039,51244_1476
373,102.4894388,2.953345971,Healthy,Serting_Basemap,0.15014976180262035,0.01821150165051222,0.018793918192386627,0.10181761450237697,,,,,,,,0.7094238016888359,0.7836616181538477,0.19181906804371004,51244_1476
374,102.4895039,2.953386667,Healthy,Serting_Basemap,0.1498476473821534,0.021444910309380956,0.01892099819249577,0.10277027636766434,,,,,,,,0.810547697715426,0.7496107174953952,0.18635799992209787,51244_1476
375,102.4894376,2.953425038,Healthy,Serting_Basemap,0.14674358732170528,0.01817711318532626,0.018188468491037686,0.09812927080525292,,,,,,,,0.7224382302919091,0.7795654138086655,0.19852880751384663,51244_1476
376,102.4893679,2.953462245,Healthy,Serting_Basemap,0.1438745144340727,0.016587548578778904,0.017200591560039256,0.09968888097339207,,,,,,,,0.6831415693636074,0.7932527069971625,0.18141327594305012,51244_1476
377,102.4893028,2.953502941,Healthy,Serting_Basemap,0.16306836240821415,0.017387157616515953,0.01820247092594703,0.09956201745404138,,,,,,,,0.6438342256450458,0.8072970268337242,0.2418088302940452,51244_1476
379,102.4893725,2.953542475,Unhealthy,Serting_Basemap,0.15361787213219535,0.0173951576774319,0.018747031171288755,0.10550897071758907,,,,,,,,0.6717728972542459,0.7965633648290273,0.18565772995773722,51244_1476
381,102.4895074,2.953461083,Healthy,Serting_Basemap,0.1431487657957607,0.021464308102925617,0.018833382262123957,0.10147613535324733,,,,,,,,0.8379963123967233,0.7392150259445837,0.17035318255327314,51244_1476
382,102.489569,2.953427363,Healthy,Serting_Basemap,0.15665565017196867,0.02322561614629295,0.020256918234129746,0.1095194700691435,,,,,,,,0.8318488877299894,0.7417672599079865,0.1770870998766801,51244_1476
383,102.4896353,2.953388993,Healthy,Serting_Basemap,0.17322022550635868,0.0177895687520504,0.017141234026186995,0.14119967983828652,,,,,,,,0.6298848099145287,0.8137313448127833,0.10184007158507816,51244_1476
384,102.4896981,2.953423875,Healthy,Serting_Basemap,0.16435986177788842,0.015954727720883157,0.015549238564239608,0.13177461922168732,,,,,,,,0.602580927316332,0.8230345335312775,0.1100352868271621,51244_1476
385,102.4897016,2.953504104,Healthy,Serting_Basemap,0.14231761793295541,0.019505141406423517,0.020048360029856365,0.14558110220564735,,,,,,,,0.7748735161252408,0.7589320379154231,-0.011335528935734068,51244_1476
386,102.489633,2.953463408,Healthy,Serting_Basemap,0.1586582221918636,0.02415761361933417,0.021079363404876657,0.13368383960591423,,,,,,,,0.8474392687897018,0.7357163999262861,0.08542863258324054,51244_1476
387,102.489776,2.953542475,Healthy,Serting_Basemap,0.1235322215490871,0.01863568534867631,0.01831224291688866,0.11483769036001629,,,,,,,,0.8323411643279085,0.7378355529693813,0.036474952394101944,51244_1476
388,102.4897713,2.953620378,Healthy,Serting_Basemap,0.12990291085508135,0.02202946858273612,0.0227861696233352,0.1228942862815327,,,,,,,,0.895743452830479,0.7100095626192403,0.027724296997490502,51244_1476
389,102.4897016,2.953577357,Healthy,Serting_Basemap,0.14082687513695824,0.02038439487417539,0.022258092752761312,0.13174725655052397,,,,,,,,0.7999615061446791,0.7471095553956296,0.03331063931204022,51244_1476
390,102.489633,2.953538986,Healthy,Serting_Basemap,0.14630110644631916,0.028262188658118248,0.02749646662010087,0.1332144190867742,,,,,,,,0.981658538794535,0.6761955181791269,0.04681917877222015,51244_1476
391,102.4895748,2.953504104,Healthy,Serting_Basemap,0.1336114365193579,0.028491130305661097,0.02803900920682483,0.10822466098599964,,,,,,,,1.0425203358798159,0.648480207763573,0.10497512900362543,51244_1476
392,102.4895144,2.9535448,Healthy,Serting_Basemap,0.13012277334928513,0.024209306057956483,0.025546797033813264,0.10584343473116557,,,,,,,,0.9489743408567523,0.6862699426983742,0.10289328635497552,51244_1476
394,102.4894411,2.953655261,Healthy,Serting_Basemap,0.14421242309941185,0.026208553049299452,0.026537473416990705,0.11792393608225717,,,,,,,,0.9395135568321764,0.6924257372351914,0.10028554260546475,51244_1476
396,102.4893074,2.953738978,Healthy,Serting_Basemap,0.20519098970625135,0.018975929564072028,0.021313511559532747,0.15930505841970444,,,,,,,,0.5740358684754162,0.8306982169729609,0.125888693505644,51244_1476
397,102.4893074,2.953809905,Unhealthy,Serting_Basemap,0.19990197817484537,0.02069113827827904,0.021528390753600333,0.15754872312148413,,,,,,,,0.6298369164115335,0.812404497375367,0.11848698267974596,51244_1476
398,102.4893062,2.953883158,Healthy,Serting_Basemap,0.18723327418168387,0.02417909416059653,0.022007146436307166,0.1398789957165718,,,,,,,,0.7509076003218612,0.7712613093530069,0.1447646047634992,51244_1476
399,102.4893039,2.953965713,Healthy,Serting_Basemap,0.16919398638937208,0.027787054785423808,0.02154849676622285,0.12611122677723566,,,,,,,,0.9024825969814843,0.7178707694943465,0.1458923096891948,51244_1476
400,102.4893737,2.953921529,Healthy,Serting_Basemap,0.18922096656428444,0.031074153259396553,0.024287922514809504,0.14072129213147694,,,,,,,,0.9018201956817627,0.7178861403351325,0.14699443055437433,51244_1476
401,102.4893702,2.953849439,Healthy,Serting_Basemap,0.1973502967092726,0.02759913562072648,0.025716927730374865,0.14901855256822374,,,,,,,,0.7934619577083554,0.7546192018814364,0.13953836853939328,51244_1476
402,102.4893714,2.953783162,Healthy,Serting_Basemap,0.1886522736814287,0.021982537789477244,0.024736820202734735,0.14890968882375294,,,,,,,,0.6833396275750679,0.7912734591593032,0.1177341918583783,51244_1476
404,102.4894376,2.953884321,Healthy,Serting_Basemap,0.19038298726081848,0.02940180566575792,0.027449746305743854,0.15079801115724775,,,,,,,,0.850265880330092,0.7324491355907394,0.11602339018618284,51244_1476
405,102.4894388,2.953957574,Healthy,Serting_Basemap,0.18835438787937164,0.033625648667414985,0.026252973617778882,0.14525076498587927,,,,,,,,0.9543974645096046,0.6970389843112966,0.12920550693922492,51244_1476
407,102.4894434,2.953740141,Unhealthy,Serting_Basemap,0.17735717197259268,0.026335648778412078,0.02751988938285245,0.15059757067097557,,,,,,,,0.8180412840412,0.7414179971457617,0.08159540882352875,51244_1476
408,102.4895074,2.953625029,Healthy,Serting_Basemap,0.12492593377828598,0.029776033634940784,0.03327054219941298,0.11768540491660436,,,,,,,,1.0939603339099404,0.6150529416939402,0.029844148672652778,51244_1476
409,102.4895062,2.953694794,Healthy,Serting_Basemap,0.13803525848521125,0.030474905131591692,0.029592936858534813,0.13354777875873777,,,,,,,,1.0665909889509626,0.6383018747653404,0.016523416823130264,51244_1476
410,102.4895039,2.95377386,Healthy,Serting_Basemap,0.15831365353531307,0.029221255125270948,0.029107102296418615,0.14134173509147432,,,,,,,,0.9508132090132602,0.6883646321212871,0.0566381219493997,51244_1476
411,102.4895039,2.953849439,Healthy,Serting_Basemap,0.1730289707581202,0.03275764650768704,0.02865122279359235,0.14769629885752997,,,,,,,,0.9807844265202391,0.6816348220994842,0.0789855814321969,51244_1476
412,102.4895004,2.953916878,Healthy,Serting_Basemap,0.178087024225129,0.035857221111655235,0.028143111616373062,0.1504793812831243,,,,,,,,1.032068230618087,0.6647984519965944,0.08402454566010471,51244_1476
415,102.4895737,2.953816882,Healthy,Serting_Basemap,0.13308572272459665,0.03360637856854333,0.03014147260950671,0.12454441355334388,,,,,,,,1.1666858357903838,0.5967849909163468,0.033153377530484654,51244_1476
416,102.4895737,2.95373549,Healthy,Serting_Basemap,0.12446382227871153,0.03099010056919522,0.03174681858056121,0.12581119851933587,,,,,,,,1.1362566929193891,0.6012953549005597,-0.005383582573794152,51244_1476
417,102.489576,2.953664563,Healthy,Serting_Basemap,0.12382250279188156,0.029371536440319486,0.03411105420026514,0.11416381183597776,,,,,,,,1.0844376325241532,0.6165446568609616,0.04058506881375575,51244_1476
418,102.4896376,2.953622704,Unhealthy,Serting_Basemap,0.13243584997124142,0.024717757685316935,0.02770877815783024,0.11746603416071998,,,,,,,,0.943515249968389,0.6854318770799736,0.059902772892326754,51244_1476
419,102.4895702,2.953580845,Healthy,Serting_Basemap,0.12370390776130888,0.03047895534998841,0.03218261545730962,0.10802449865473641,,,,,,,,1.1244542384308702,0.6046388718571519,0.06766287029317263,51244_1476
421,102.4897748,2.95368898,Healthy,Serting_Basemap,0.13891825245486367,0.024060848272509046,0.02473455212182469,0.11997516536050373,,,,,,,,0.9089233366648356,0.7047370102654154,0.07316944267725416,51244_1476
422,102.4896411,2.95370177,Unhealthy,Serting_Basemap,0.12033308131827249,0.025622346128026646,0.029282311184538737,0.09916269116931492,,,,,,,,1.0205052401042904,0.6489017698577356,0.09645010429599396,51244_1476
423,102.4896411,2.953771535,Healthy,Serting_Basemap,0.11763209352890651,0.026637710630893707,0.029862798957361117,0.09373279909292857,,,,,,,,1.0614202920187152,0.6307236876624787,0.11307125861595908,51244_1476
424,102.4896423,2.953848276,Healthy,Serting_Basemap,0.13009346524874368,0.02942958577639527,0.028001001725594204,0.09103728168540531,,,,,,,,1.0851935363219205,0.6310303045575839,0.17662032125712937,51244_1476
426,102.4897016,2.953816882,Healthy,Serting_Basemap,0.13152529216474956,0.025258205210169155,0.026534561688701313,0.09408658328983519,,,,,,,,0.9687854099069982,0.6777951042925285,0.16594298859259615,51244_1476
427,102.4897039,2.953732002,Healthy,Serting_Basemap,0.1299566717611419,0.024739968073036935,0.026204438052243657,0.10392136540677813,,,,,,,,0.9624525281947548,0.6801486043968893,0.11132001392533883,51244_1476
429,102.4897737,2.953844788,Healthy,Serting_Basemap,0.14854000260432562,0.02422662451863289,0.0247669644239876,0.08150666786564721,,,,,,,,0.8739755019527429,0.7195450889784318,0.29139015401410917,51244_1476
430,102.4897713,2.95392618,Healthy,Serting_Basemap,0.14905554304520288,0.023813116260700755,0.023082440719008446,0.08373470438851251,,,,,,,,0.8668605531212576,0.7244946960737201,0.2805995499244005,51244_1476
431,102.4896981,2.953884321,Healthy,Serting_Basemap,0.13716899106899896,0.025361011425654095,0.02556129317316744,0.08765827119350433,,,,,,,,0.9505078402192412,0.6879220939347684,0.22021670938503454,51244_1476
432,102.4897074,2.953957574,Healthy,Serting_Basemap,0.1425572426782714,0.025334065159161884,0.023785905084676214,0.08689306179682414,,,,,,,,0.9339262137214528,0.6982087341449208,0.2425979822026736,51244_1476
433,102.4897713,2.953999432,Healthy,Serting_Basemap,0.15268116941054663,0.02420986754198869,0.021927039449413616,0.09299385630422169,,,,,,,,0.8684066082077789,0.7262736658784485,0.2429523022646292,51244_1476
435,102.4892411,2.954005246,Healthy,Serting_Basemap,0.17099745902750227,0.024688408399621647,0.019216856091386743,0.12649807582298914,,,,,,,,0.8243513255927224,0.7476730565755758,0.14958000370283417,51244_1477
436,102.4899091,2.954076173,Unhealthy,Serting_Basemap,0.16267453134059906,0.020959748576084774,0.020303765311837196,0.12553601132498848,,,,,,,,0.7455741818186045,0.7717229203001275,0.12885899201370515,51244_1477
437,102.4899824,2.954119776,Healthy,Serting_Basemap,0.10630486740006341,0.01948779221210215,0.02040772781603866,0.09239220950338575,,,,,,,,0.9409382011152919,0.6901601051732996,0.07001943920613433,51244_1477
438,102.490051,2.954080243,Unhealthy,Serting_Basemap,0.09886159996191661,0.021355406070748966,0.02170321283241113,0.09351590938038296,,,,,,,,1.0463487653661743,0.6447190497333424,0.027787502810539065,51245_1477
439,102.4900452,2.95399827,Healthy,Serting_Basemap,0.12002585579951604,0.019441431388258934,0.018823249058590993,0.0885923993256357,,,,,,,,0.8750899074375159,0.7212044231980577,0.15067452488768615,51245_1476
440,102.4899795,2.95403664,Healthy,Serting_Basemap,0.10450131446123123,0.01900030838118659,0.019343389405144587,0.0832382200492753,,,,,,,,0.9391835763862802,0.6923067415003918,0.11325848051874224,51244_1477
441,102.4899757,2.953959899,Healthy,Serting_Basemap,0.11480528447363111,0.019681367402275402,0.019285335515936215,0.07447431898779339,,,,,,,,0.9077422538473867,0.707311214492338,0.21307613048786445,51244_1476
443,102.4899019,2.953927342,Healthy,Serting_Basemap,0.12255351493755977,0.02151350863277912,0.020902992950545415,0.07903350475761625,,,,,,,,0.922912996847389,0.7013402776066179,0.21588696656040177,51244_1476
444,102.4899042,2.953852927,Healthy,Serting_Basemap,0.12747706390089458,0.02244993278549777,0.02254153477648894,0.07769475794500774,,,,,,,,0.9214081537966751,0.7005218101919682,0.24263714923424845,51244_1476
446,102.4900577,2.953778802,Healthy,Serting_Basemap,0.10741125461128023,0.027243579013480082,0.022667008348637156,0.08561884694629246,,,,,,,,1.1808746781626913,0.5953568352488678,0.11289642127908232,51245_1476
448,102.4899001,2.953777639,Healthy,Serting_Basemap,0.12943380657169554,0.02417009034090572,0.02474281771315469,0.09510262972778744,,,,,,,,0.9547885310509258,0.6852932662944324,0.15289802140672504,51244_1476
449,102.4899048,2.953702642,Healthy,Serting_Basemap,0.12902800987164179,0.023510801295439403,0.022757069311208196,0.10019004427724415,,,,,,,,0.9460769058938633,0.6917400743383638,0.12581018411257547,51244_1476
450,102.4899658,2.953657295,Healthy,Serting_Basemap,0.12701550126075745,0.023289671167731285,0.020366737205121253,0.08330220563544168,,,,,,,,0.9605890433151278,0.6901015342128441,0.20784410533198794,51244_1476
451,102.4900408,2.953691015,Healthy,Serting_Basemap,0.13640445056888792,0.028057158200277224,0.02266177348792553,0.0833318138288127,,,,,,,,1.0431113572125628,0.6587999058229126,0.24152880220089235,51245_1476
452,102.490028,2.953614274,Healthy,Serting_Basemap,0.12900506208340326,0.02618533538447486,0.022195680273903742,0.07876583147380087,,,,,,,,1.0290378194991254,0.6625392316571032,0.24180109999753344,51245_1476
453,102.4899693,2.953584043,Healthy,Serting_Basemap,0.1250518129931556,0.0225753966304991,0.018816448748111725,0.07964120225773917,,,,,,,,0.9554760129439233,0.6941566979684783,0.2218473878053732,51244_1476
454,102.4899065,2.953627646,Healthy,Serting_Basemap,0.12609093139568964,0.02152840110162894,0.019854032744963963,0.09510649078422123,,,,,,,,0.9112465568160001,0.708325451180048,0.14007595706186493,51244_1476
456,102.4900269,2.953516604,Healthy,Serting_Basemap,0.1245130995909373,0.0238613687041733,0.020363097596499655,0.07771867513656616,,,,,,,,0.9911319085643865,0.6783628749831266,0.23139006972284215,51245_1476
457,102.4899077,2.95346428,Healthy,Serting_Basemap,0.10621399018499586,0.019650946060816448,0.01604853394544787,0.07978367143207127,,,,,,,,0.9730333704251598,0.6877455048729625,0.14210027439667203,51244_1476
458,102.4900239,2.95344742,Healthy,Serting_Basemap,0.11057719753848182,0.022470848634839058,0.02056370810088184,0.0782204129629665,,,,,,,,1.020923056047586,0.662214526539286,0.17138344330511054,51245_1476
459,102.4900327,2.953372424,Healthy,Serting_Basemap,0.09550884117682774,0.020992863095468946,0.021488163723713823,0.08137819584872988,,,,,,,,1.056359414703452,0.6396127725925309,0.07988513780156875,51245_1476
461,102.4899019,2.95331138,Unhealthy,Serting_Basemap,0.12148926158746083,0.018236055349310238,0.018603000479439896,0.10626863191525142,,,,,,,,0.8262620624389657,0.7389727824691574,0.06682811049105597,51244_1476
462,102.4871124,2.953317193,Healthy,Serting_Basemap,0.1978310445944468,0.024970126441783376,0.022604608287413914,0.1550911565621694,,,,,,,,0.7388269711709279,0.7758528258568002,0.12110286032504579,51243_1476
463,102.4871136,2.953250917,Healthy,Serting_Basemap,0.21769216159979501,0.02662211201257176,0.024010359827015135,0.16475863258043924,,,,,,,,0.7220859337648384,0.7820666666834959,0.1384061160934869,51243_1476
464,102.4871113,2.953168362,Healthy,Serting_Basemap,0.22684768007861245,0.026009372745951016,0.022584414523508813,0.1701647722058826,,,,,,,,0.690245155404805,0.7942760745218623,0.14277362724157439,51243_1476
465,102.4870427,2.953217197,Healthy,Serting_Basemap,0.20690974593162537,0.02598152206175857,0.026153981892599,0.15508756207095253,,,,,,,,0.7292373803123918,0.776878521160384,0.14315626861043892,51243_1476
466,102.487045,2.95313348,Healthy,Serting_Basemap,0.1991107165813446,0.023305379268195894,0.023557093201412097,0.15456027620368534,,,,,,,,0.6923797735161574,0.7904344181640391,0.1259657740852333,51243_1476
467,102.4869787,2.953091621,Healthy,Serting_Basemap,0.20318320393562317,0.0251768229322301,0.025979444591535464,0.14164410531520844,,,,,,,,0.7205826189712112,0.7794988617092836,0.1784635293362175,51243_1476
468,102.4869055,2.95297651,Healthy,Serting_Basemap,0.1499428434504403,0.020689486836393673,0.0237165999909242,0.0962561857369211,,,,,,,,0.7697038367022869,0.7574962868805164,0.2180620203529023,51243_1476
469,102.4869101,2.952897443,Healthy,Serting_Basemap,0.1308998540043831,0.020783798355195258,0.020646979721883934,0.0832730813158883,,,,,,,,0.8609941083408552,0.7259586246522389,0.22237530908036696,51243_1476
470,102.4869078,2.952818377,Healthy,Serting_Basemap,0.12628953572776583,0.023335250922375254,0.020959153460959595,0.08363841970761617,,,,,,,,0.9626793840470149,0.6880830850982101,0.2031702539649519,51243_1476
471,102.4869078,2.952741636,Healthy,Serting_Basemap,0.12212376627657148,0.02434337842795584,0.021063588249186676,0.082243163138628,,,,,,,,1.0149729216791639,0.6675926402871513,0.19514215559270137,51243_1476
472,102.4869101,2.952666058,Healthy,Serting_Basemap,0.17033768941958746,0.0235904511064291,0.023484497434563108,0.09101718001895481,,,,,,,,0.7830754766755702,0.7567093559249148,0.3034973466193057,51243_1476
473,102.4869717,2.952699777,Healthy,Serting_Basemap,0.15300949414571127,0.027400991982883878,0.02655517061551412,0.09245597819487254,,,,,,,,0.9353205204483678,0.6962372579235482,0.2466885276101912,51243_1476
474,102.4869729,2.952780006,Healthy,Serting_Basemap,0.13203162286016676,0.026255067023966048,0.02370777301904228,0.08662284413973491,,,,,,,,1.0086002895911164,0.6682593205634033,0.20767368416238335,51243_1476
476,102.4869834,2.952933488,Healthy,Serting_Basemap,0.18119831052091387,0.014895944131745232,0.016669900984399848,0.0896541674931844,,,,,,,,0.5234450532832945,0.8480736301210829,0.3379852519679161,51243_1476
478,102.487045,2.952979998,Healthy,Serting_Basemap,0.16910594039493138,0.014573447509772249,0.01837455357114474,0.10518146223492092,,,,,,,,0.5381940881257489,0.8413164626034879,0.23305655873039058,51243_1476
481,102.487109,2.952781169,Unhealthy,Serting_Basemap,0.14574718806478712,0.01997247017506096,0.024763616008891,0.09069267494810952,,,,,,,,0.7592083639149101,0.7589607607547131,0.23284784729246202,51243_1476
483,102.487038,2.952671871,Healthy,Serting_Basemap,0.1373166690270106,0.027325604524877336,0.030486875731084082,0.10250724272595511,,,,,,,,0.9826934801665056,0.6680608942603611,0.14514576985514047,51243_1476
485,102.4871683,2.952752101,Unhealthy,Serting_Basemap,0.17258900735113356,0.01963899191468954,0.022948346618149016,0.08977071361409293,,,,,,,,0.6690871933256304,0.7956698088759515,0.315666953114413,51243_1476
486,102.4871729,2.952671871,Healthy,Serting_Basemap,0.1616651490330696,0.031208157332407102,0.0270261959069305,0.09006062398354213,,,,,,,,0.9942558464850196,0.6763869721477103,0.2844544847015017,51243_1476
487,102.4872369,2.952706754,Healthy,Serting_Basemap,0.1879125585158666,0.023394878953695297,0.021012873906228278,0.07992530200216505,,,,,,,,0.7319042384162261,0.7785702270222717,0.40318144830174796,51243_1476
488,102.4873008,2.952750938,Healthy,Serting_Basemap,0.18269621994760302,0.020417410052484937,0.019875784715016682,0.10115392506122589,,,,,,,,0.6710546451433299,0.7989557859561065,0.2872723383102053,51243_1476
489,102.4872345,2.952784657,Healthy,Serting_Basemap,0.18711552023887634,0.019487999690075714,0.020696611661050055,0.08790364447567198,,,,,,,,0.6317321530494169,0.8113488124812456,0.36074531702610513,51243_1476
490,102.4872345,2.95285791,Healthy,Serting_Basemap,0.19508218930827248,0.019002401269972324,0.02041945026980506,0.11266055040889317,,,,,,,,0.5996660632750496,0.8224776363525592,0.2678264285783958,51243_1476
491,102.4873008,2.952820702,Healthy,Serting_Basemap,0.19550117519166735,0.019227288456426725,0.0197279771996869,0.11806577940781911,,,,,,,,0.6063388774412128,0.8209153259910881,0.24695011590987037,51243_1476
494,102.4873717,2.952780006,Healthy,Serting_Basemap,0.1646844463215934,0.02078828712304433,0.01976506577597724,0.11836643434233135,,,,,,,,0.7357836419443008,0.7758345743122452,0.1636384662383612,51243_1476
495,102.4873729,2.952705591,Healthy,Serting_Basemap,0.165436382095019,0.024953067716625,0.021478464413020346,0.11171014772521125,,,,,,,,0.8429343552949595,0.7378734195480731,0.1938549777428461,51243_1476
496,102.4873078,2.952670709,Healthy,Serting_Basemap,0.18207798235946232,0.028321426154838666,0.020522020446757477,0.0902994606229994,,,,,,,,0.8739735918176734,0.7307841656511724,0.33695345962393997,51243_1476
497,102.4871787,2.952898606,Healthy,Serting_Basemap,0.17820675174395242,0.01729280449863937,0.019979714105526607,0.10625672919882669,,,,,,,,0.5943257415228642,0.823091112522209,0.2529323704633944,51243_1476
498,102.4871113,2.952860236,Healthy,Serting_Basemap,0.14821785026126438,0.015019699206782712,0.018823420628905296,0.09200409634245767,,,,,,,,0.6096873634474939,0.8159773991250373,0.23400756972275627,51243_1476
499,102.4871113,2.952939302,Healthy,Serting_Basemap,0.14943382640679678,0.015344635790420903,0.018852790921098657,0.09251416474580765,,,,,,,,0.6169445302976949,0.8137543513174018,0.23525577290322722,51243_1476
500,102.4871078,2.95301488,Healthy,Serting_Basemap,0.1518085714843538,0.016079748877220683,0.018852352992528014,0.09976809554629856,,,,,,,,0.6342457510075081,0.8084470814575979,0.20685732326565315,51243_1476
501,102.4871078,2.953092784,Healthy,Serting_Basemap,0.2065033862988154,0.023906889888975356,0.021299309614631865,0.15254711194170845,,,,,,,,0.6939175846873074,0.7924841696774794,0.15027489063937258,51243_1476
503,102.4871729,2.953055576,Healthy,Serting_Basemap,0.18482501639260185,0.020607547627554998,0.02116574491891596,0.12046880854500665,,,,,,,,0.6668951266371241,0.7993740892458217,0.2108008829223696,51243_1476
504,102.4871741,2.952975347,Healthy,Serting_Basemap,0.16681747800774044,0.018041539730297193,0.020865138206217024,0.10101121084557639,,,,,,,,0.645015391690318,0.8048075776766948,0.2457028313281424,51243_1476
505,102.4872403,2.953013718,Unhealthy,Serting_Basemap,0.1950971798764335,0.020680572216709454,0.02137999774681197,0.10829951034651862,,,,,,,,0.6416601551468224,0.8083159916525364,0.28608640874141145,51243_1476
506,102.4872415,2.95308697,Healthy,Serting_Basemap,0.20818553368250528,0.02384188088277976,0.02270821730295817,0.1272763138016065,,,,,,,,0.6846749587886026,0.7944908283579446,0.24118754632665287,51243_1476
507,102.4872415,2.953166037,Healthy,Serting_Basemap,0.22686836620171866,0.025426070516308148,0.02471985316110982,0.141624273525344,,,,,,,,0.6725576039669632,0.7984412906835101,0.23133187338426553,51243_1476
508,102.4871764,2.953206733,Healthy,Serting_Basemap,0.22660466531912485,0.02701058176656564,0.026393459281987615,0.15973147418763903,,,,,,,,0.7038145891278413,0.7869956000126489,0.17309587246190056,51243_1476
509,102.4871776,2.953282311,Healthy,Serting_Basemap,0.22889571885267893,0.025930035652385816,0.025257850686709087,0.15532092336151335,,,,,,,,0.6778792103739176,0.7964881084900668,0.1914929948561397,51243_1476
510,102.4871776,2.953357889,Healthy,Serting_Basemap,0.2215992725557751,0.025144958454701636,0.02364325647552808,0.14823437399334377,,,,,,,,0.6806686385899311,0.796186047781324,0.19837269877143937,51243_1476
511,102.4872485,2.953323007,Healthy,Serting_Basemap,0.23428590264585283,0.02653092559840944,0.02712817138267888,0.12934845768743092,,,,,,,,0.6749241762630349,0.7965551089858167,0.2885795634445629,51243_1476
512,102.4872415,2.953246266,Healthy,Serting_Basemap,0.23022538423538208,0.025649898788995214,0.027353156151043043,0.1438370860285229,,,,,,,,0.6643366176607755,0.7995124930722477,0.2309461789789051,51243_1476
516,102.4873089,2.953128829,Healthy,Serting_Basemap,0.20671326087580788,0.02362818746931023,0.0232438991467158,0.12088501867320803,,,,,,,,0.6818768779849683,0.7948420691189858,0.26199234721487014,51243_1476
517,102.4873113,2.953057902,Healthy,Serting_Basemap,0.20679992934068045,0.022424605157640245,0.02193526364862919,0.12085023853513929,,,,,,,,0.6557275893443159,0.8043437609615516,0.2623215222588145,51243_1476
518,102.4873124,2.952973022,Unhealthy,Serting_Basemap,0.22024876375993094,0.022351329525311787,0.022102482202980254,0.12034685413042705,,,,,,,,0.6229165779649061,0.815735194305703,0.29331531112553416,51243_1476
519,102.4873775,2.952935814,Healthy,Serting_Basemap,0.2261621273226208,0.020650339209371142,0.02027605784436067,0.13209576821989483,,,,,,,,0.5741411209325625,0.8326637264354356,0.26256604606098016,51243_1476
521,102.4873799,2.953089296,Unhealthy,Serting_Basemap,0.19184325138727823,0.025818796828389168,0.024998951082428295,0.10614949382013744,,,,,,,,0.7693330284331874,0.7627625298939853,0.2875699457296998,51243_1476
522,102.4873775,2.953162549,Healthy,Serting_Basemap,0.20385902457767063,0.025589689198467467,0.02529913414683607,0.11100129948721991,,,,,,,,0.7302536638147624,0.77694632689522,0.29491719976542163,51243_1476
524,102.4873775,2.953318356,Healthy,Serting_Basemap,0.23792885575029585,0.030042316971553698,0.025317539150516193,0.09394045422474544,,,,,,,,0.7433203569473917,0.7757794865290437,0.433870795513991,51243_1476
525,102.4874427,2.953356727,Healthy,Serting_Basemap,0.20384335849020216,0.02500309670964877,0.021193896523780294,0.09709067559904522,,,,,,,,0.7272479123447004,0.7814858291091847,0.3547378189184728,51243_1476
527,102.487438,2.953204407,Healthy,Serting_Basemap,0.19241476555665335,0.02614309907787376,0.024010924622416496,0.08886181977060106,,,,,,,,0.7783235565759332,0.7607672538200324,0.36815345175487124,51243_1476
528,102.4874392,2.953126504,Healthy,Serting_Basemap,0.17962131400903067,0.02732589261399375,0.02845133923821979,0.0923655695385403,,,,,,,,0.8320776787293578,0.7359143613494561,0.3208086483156795,51243_1476
529,102.4874403,2.953057902,Unhealthy,Serting_Basemap,0.1881127821074592,0.024481172776884504,0.026739640161395073,0.10238290495342678,,,,,,,,0.742374598023853,0.7696907911591103,0.29511583466664,51243_1476
530,102.4875066,2.953089296,Unhealthy,Serting_Basemap,0.1847992092370987,0.02770831249654293,0.030818997985786863,0.09009846631023619,,,,,,,,0.8178524441305415,0.7392251128760259,0.34449452050952645,51243_1476
533,102.4875101,2.953319519,Healthy,Serting_Basemap,0.1987446447213491,0.02437072309354941,0.022224920491377514,0.09934918913576338,,,,,,,,0.7228692063275601,0.7815415107240135,0.3334368051142905,51243_1476
534,102.4875752,2.953355564,Healthy,Serting_Basemap,0.21228900055090585,0.023692767860160932,0.020628572752078373,0.09484793742497762,,,,,,,,0.6762042117254138,0.7991983192626181,0.3823736210300754,51243_1476
535,102.4875752,2.953281148,Healthy,Serting_Basemap,0.2224465012550354,0.02432280716796716,0.02135093675719367,0.09263058917389975,,,,,,,,0.6653687129215169,0.802870078751658,0.41201317399627085,51243_1476
538,102.4876392,2.953169525,Healthy,Serting_Basemap,0.19983771443367004,0.025120682393511135,0.020251915893620916,0.10339834955003527,,,,,,,,0.7434051691449884,0.7766637498505157,0.31803395551532104,51243_1476
539,102.4876426,2.95323929,Healthy,Serting_Basemap,0.20532252225610945,0.024002434271905158,0.018604969398842916,0.09917040417591731,,,,,,,,0.7061295464610724,0.7906687991110729,0.34861932368694587,51243_1476
540,102.4876392,2.953323007,Healthy,Serting_Basemap,0.20469939377572802,0.02325104715095626,0.019084039247698255,0.09061737110217412,,,,,,,,0.688192146462043,0.7959991035206246,0.38630391579943246,51243_1476
541,102.4877066,2.953278823,Healthy,Serting_Basemap,0.18597893913586935,0.02283491525385115,0.017878617263502546,0.08780334807104534,,,,,,,,0.732101290744652,0.7812892700957177,0.3585900025395963,51243_1476
542,102.4877078,2.953355564,Healthy,Serting_Basemap,0.20822123686472574,0.02315117956863509,0.019611463157667056,0.08711961656808853,,,,,,,,0.6756138274207759,0.799879519559731,0.41004019216794896,51243_1476
543,102.4877694,2.953317193,Healthy,Serting_Basemap,0.19773057765430874,0.022459652688768175,0.02021646158148845,0.09400161686870787,,,,,,,,0.6835307189075263,0.7959977365592111,0.35556226817954795,51243_1476
544,102.4878426,2.953359052,Healthy,Serting_Basemap,0.1830165253745185,0.01770126974831025,0.019338990458183818,0.11446329371796714,,,,,,,,0.5956061416734557,0.8236203248697705,0.230446663123855,51243_1476
545,102.4879089,2.95332417,Healthy,Serting_Basemap,0.18789523674382103,0.016208872923420534,0.017912594084110525,0.11263546182049645,,,,,,,,0.5443201573792057,0.8411705384095747,0.2504229194649744,51243_1476
547,102.4877752,2.953240452,Healthy,Serting_Basemap,0.1856118705537584,0.02080596714384026,0.016018661877347365,0.11646006256341934,,,,,,,,0.6842873261236618,0.7984092133130383,0.22892496921756106,51243_1476
548,102.4877089,2.95320557,Healthy,Serting_Basemap,0.19724275999599034,0.02229255520635181,0.016511920218666393,0.1000655194123586,,,,,,,,0.6903328411690938,0.7969114428281835,0.32685682610997896,51243_1476
549,102.4877764,2.953161386,Healthy,Serting_Basemap,0.1746250871154997,0.022804314891497295,0.017412574961781502,0.12803059733576244,,,,,,,,0.7676724837736614,0.7689876516904094,0.1539521382663492,51243_1476
551,102.4879066,2.953089296,Healthy,Serting_Basemap,0.15232702841361365,0.021444104611873627,0.020770341778794926,0.10687442041105694,,,,,,,,0.7942791243689706,0.7531914048263887,0.1753563037886483,51243_1476
553,102.4879729,2.952967208,Unhealthy,Serting_Basemap,0.15182298256291282,0.019404392275545333,0.020900926035311487,0.09835493150684568,,,,,,,,0.7338588465603592,0.7733494157245346,0.2137201089667665,51243_1476
555,102.4878438,2.953043949,Healthy,Serting_Basemap,0.1343640693359905,0.01929832622408867,0.019837726942367025,0.11465294576353496,,,,,,,,0.8007668672256341,0.7488217445296382,0.079155729838692,51243_1476
556,102.4877694,2.95308697,Healthy,Serting_Basemap,0.16167646812068093,0.023459467209047742,0.020957450485891767,0.12659167498350143,,,,,,,,0.8175709219009967,0.7465703547259345,0.12170888104170281,51243_1476
562,102.4874438,2.952899769,Healthy,Serting_Basemap,0.21357793774869707,0.018998449978729088,0.02003335000740157,0.12711684074666765,,,,,,,,0.5595840136826866,0.8366261496760813,0.25377875582324416,51243_1476
563,102.4874403,2.952816051,Healthy,Serting_Basemap,0.19007373518413967,0.01968156360089779,0.020812993455264304,0.12759274492661157,,,,,,,,0.6291812168199473,0.8123378649798215,0.19668738809251993,51243_1476
564,102.4874357,2.952741636,Healthy,Serting_Basemap,0.17050161626603869,0.02024321837557687,0.020304797838131588,0.13294228000773323,,,,,,,,0.7001761896476153,0.7877455668604476,0.1237768718353749,51243_1476
565,102.487438,2.952662569,Healthy,Serting_Basemap,0.18040918310483298,0.029365721055203013,0.026609727698895667,0.12971031665802002,,,,,,,,0.8840092435080598,0.7200263666162842,0.16348171103584958,51243_1476
566,102.4875043,2.95270094,Healthy,Serting_Basemap,0.1794348938597573,0.02618490221599738,0.03128439394964112,0.1361545208427641,,,,,,,,0.7962292010790579,0.7453075752847231,0.13714139638615516,51243_1476
567,102.487574,2.952671871,Healthy,Serting_Basemap,0.16517380707793766,0.028444894899924595,0.03530416699747244,0.14684821582502788,,,,,,,,0.8841789498924577,0.7061761636726921,0.058731723749540526,51243_1476
568,102.4876415,2.952703265,Healthy,Serting_Basemap,0.1804941561486986,0.02962257174981965,0.033756293149458036,0.13245948486857945,,,,,,,,0.8664877249914757,0.7180369973767465,0.1534881368498511,51243_1476
569,102.4875752,2.952743961,Healthy,Serting_Basemap,0.19279053807258606,0.027359472380744085,0.03355372738507059,0.12161609861585829,,,,,,,,0.7787421871233,0.7514470035735559,0.2263770262815947,51243_1476
570,102.4875008,2.952781169,Healthy,Serting_Basemap,0.19516337745719486,0.02491156467133098,0.03080250384906928,0.12812193565898472,,,,,,,,0.7226267533347921,0.773608349679516,0.20737546395779924,51243_1476
573,102.487574,2.952899769,Healthy,Serting_Basemap,0.2246202611260944,0.02159046505888303,0.02439383500152164,0.1152018043729994,,,,,,,,0.5911247795368453,0.824617997814911,0.3219874983467982,51243_1476
575,102.4876392,2.952853259,Healthy,Serting_Basemap,0.20862857500712076,0.022601744367016688,0.026151872757408354,0.10703547961182064,,,,,,,,0.6458011741579391,0.8045088167659673,0.3218392905645837,51243_1476
576,102.4876357,2.952782332,Healthy,Serting_Basemap,0.19205498033099705,0.028616787865757942,0.03353392663929197,0.11505028771029578,,,,,,,,0.8094628854787383,0.7406393386920008,0.25074363950782946,51243_1476
577,102.4877066,2.952743961,Healthy,Serting_Basemap,0.187367288602723,0.0256220040222009,0.028629736767874822,0.1081709290544192,,,,,,,,0.7670080809008814,0.759405708085791,0.26797332736228563,51243_1476
579,102.4877647,2.952697452,Healthy,Serting_Basemap,0.17828166319264305,0.02630505959192912,0.029138197087579303,0.1135051084889306,,,,,,,,0.8092931329270143,0.7428468550265788,0.2219996277775162,51243_1476
580,102.4878426,2.952743961,Healthy,Serting_Basemap,0.17854920857482487,0.02568250998026795,0.02730482216510508,0.09631764474842283,,,,,,,,0.798774738039928,0.7484963632293,0.299168716897619,51243_1476
581,102.4877717,2.952776518,Healthy,Serting_Basemap,0.188834547996521,0.02666050920055972,0.02827428550355964,0.10232948925760058,,,,,,,,0.7886853914426571,0.7525650049951967,0.29710076682107794,51243_1476
582,102.4877008,2.952817214,Healthy,Serting_Basemap,0.19658670988347796,0.02630103524360392,0.03025663271546364,0.10545986476871702,,,,,,,,0.7529494924433244,0.7639974756924559,0.30169799217121734,51243_1476
583,102.4877764,2.95285791,Healthy,Serting_Basemap,0.16292239063315922,0.02668118394083447,0.028181653883722093,0.10007460912068684,,,,,,,,0.8731239168294906,0.7185582181055136,0.238967674807299,51243_1476
584,102.4877089,2.952895118,Unhealthy,Serting_Basemap,0.19185453487767112,0.02481935028400686,0.028100329554743238,0.10697263644801246,,,,,,,,0.7364968161303835,0.7709059375984593,0.2840501352440545,51243_1476
586,102.4875717,2.952973022,Healthy,Serting_Basemap,0.18961781594488356,0.023110494224561587,0.025192996073100302,0.1071754718820254,,,,,,,,0.708281341452074,0.7827229088018108,0.27777698298533915,51243_1476
587,102.4876426,2.953012555,Healthy,Serting_Basemap,0.1698585500319799,0.02341815580924352,0.023737127375271585,0.10208406133784188,,,,,,,,0.779202664475286,0.7576722377658742,0.24922349738698996,51243_1476
589,102.4877054,2.952975347,Healthy,Serting_Basemap,0.15591375695334542,0.024558518909745745,0.024955945917301707,0.10034768200582928,,,,,,,,0.8542586006845834,0.7278416444598261,0.2168335398927048,51243_1476
590,102.4877717,2.953010229,Healthy,Serting_Basemap,0.13864734768867493,0.023553516094883282,0.024093091073963378,0.09662918166981803,,,,,,,,0.8979289953025134,0.7095759474337543,0.17859055526458162,51243_1476
591,102.4878426,2.952974184,Healthy,Serting_Basemap,0.14928155723545286,0.020193322251240414,0.02123196071220769,0.09865384548902512,,,,,,,,0.7659860292811026,0.7616953932948402,0.20419718680792256,51243_1476
592,102.487774,2.952931163,Healthy,Serting_Basemap,0.1482946988609102,0.024792622153957684,0.025632104525963467,0.09762705862522125,,,,,,,,0.8873838313293105,0.7135246879021481,0.2060315474060741,51243_1476
593,102.487838,2.952892792,Healthy,Serting_Basemap,0.15879086487823063,0.02673348867230945,0.026753516246875126,0.09333147356907527,,,,,,,,0.8948022836561805,0.7118061520152201,0.2596334450659417,51243_1476
595,102.4879054,2.952777681,Healthy,Serting_Basemap,0.15217798782719505,0.02580128920574983,0.026018187610639468,0.08408093949158986,,,,,,,,0.8982220755702184,0.710064119420219,0.2882305828965423,51243_1476
596,102.4878392,2.952817214,Healthy,Serting_Basemap,0.16299368937810263,0.027315382328298356,0.02807053758038415,0.09180653509166506,,,,,,,,0.8894078678198479,0.7129366237418349,0.2793841898474622,51243_1476
598,102.487838,2.952657918,Healthy,Serting_Basemap,0.19060212208165062,0.02369602107339435,0.027715007464090984,0.10515256888336605,,,,,,,,0.7134423225951595,0.7788499636578722,0.2889203647775513,51243_1476
599,102.4879752,2.95273931,Healthy,Serting_Basemap,0.1589526053931978,0.025677764581309423,0.02525318952070342,0.08086548331711027,,,,,,,,0.8720536677903279,0.7218467949248559,0.3256098090682979,51243_1476
600,102.4879717,2.95266722,Healthy,Serting_Basemap,0.1607527666621738,0.023894610090388194,0.024364120223455958,0.09501114736000697,,,,,,,,0.8207465365800946,0.7411865739916975,0.25704024570278305,51243_1476
601,102.4880357,2.952699777,Healthy,Serting_Basemap,0.1597440176539951,0.024368723647461996,0.023724157984058063,0.08168609191974004,,,,,,,,0.8395567114925785,0.7352847665489716,0.3233147923101754,51244_1476
602,102.487838,2.953206733,Healthy,Serting_Basemap,0.185310337278578,0.020924638542864058,0.01821095755116807,0.11191143178277546,,,,,,,,0.6822216170265838,0.7970796324966666,0.2469499650971101,51243_1476
603,102.4879066,2.953166037,Healthy,Serting_Basemap,0.1693117535776562,0.021712852641940117,0.020754745230078697,0.09989458570877711,,,,,,,,0.7439341360937486,0.7726695730812851,0.2578585929769648,51243_1476
606,102.4879775,2.953352076,Healthy,Serting_Basemap,0.18908467723263633,0.015765628777444363,0.017191137187182903,0.09699244714445537,,,,,,,,0.5303670289206915,0.846076590418483,0.3219139953559861,51243_1476
608,102.4879729,2.953128829,Unhealthy,Serting_Basemap,0.16445071664121416,0.020450346171855927,0.02013700186378426,0.09873278356260723,,,,,,,,0.7255484606018863,0.7787968780630464,0.24970384932076647,51243_1476
611,102.4880415,2.953236964,Healthy,Serting_Basemap,0.19418819745381674,0.020382186604870692,0.021279638012250263,0.09618088023530112,,,,,,,,0.636366105891356,0.8100186407897192,0.33752670221808756,51244_1476
612,102.4880391,2.953321844,Healthy,Serting_Basemap,0.19427826503912607,0.015931960919664964,0.017729908227920532,0.09663703127039804,,,,,,,,0.5226333390120907,0.8484187831776727,0.33563458163726473,51244_1476
613,102.4881054,2.953283474,Healthy,Serting_Basemap,0.19221966630882686,0.01790698379692104,0.020584130866660014,0.09253992636998494,,,,,,,,0.576209308728534,0.8295600887568596,0.3500487516544296,51244_1476
614,102.4881089,2.953199756,Healthy,Serting_Basemap,0.19839915136496225,0.020714384296702013,0.022536791240175564,0.08966899497641458,,,,,,,,0.6316210500131356,0.8109255620913596,0.3774459542628374,51244_1476
615,102.4881054,2.953357889,Healthy,Serting_Basemap,0.19068281518088448,0.014768719673156738,0.018004804228742916,0.09569676882690853,,,,,,,,0.49595856121205584,0.8562315956057581,0.3316788334722603,51244_1476
616,102.488174,2.953236964,Healthy,Serting_Basemap,0.1951286726527744,0.0222466756693191,0.024209616291854117,0.08791312947869301,,,,,,,,0.6745718791099848,0.7953155604714172,0.37879755699224193,51244_1476
617,102.4882298,2.953195105,Healthy,Serting_Basemap,0.18520036505328286,0.02495361181596915,0.02371066850092676,0.08188759825295872,,,,,,,,0.7713091676688619,0.7625206794778467,0.38681176613663526,51244_1476
618,102.4883031,2.953242778,Healthy,Serting_Basemap,0.17673995263046688,0.023158044036891725,0.024329225429230265,0.08778349765472943,,,,,,,,0.7488900013761187,0.768301389478875,0.3362894854117052,51244_1476
620,102.4882984,2.953082319,Healthy,Serting_Basemap,0.1944614913728502,0.023138557457261615,0.023508017054862447,0.11085760013924705,,,,,,,,0.7005140020970179,0.7873294828593836,0.2738246429974414,51244_1476
621,102.4882449,2.953121853,Unhealthy,Serting_Basemap,0.19412685268455082,0.024520271975133155,0.024632190664609272,0.0919278214375178,,,,,,,,0.7324961841025412,0.7757091751076257,0.3572709712249674,51244_1476
624,102.4881043,2.953046274,Healthy,Serting_Basemap,0.14998371567991045,0.022970638134413295,0.02421241460574998,0.09906945625940959,,,,,,,,0.8347745526375225,0.7343734039898923,0.20443128278207895,51244_1476
626,102.4880391,2.952855585,Healthy,Serting_Basemap,0.15465995172659555,0.02135972513092889,0.022436037452684507,0.09022882166835997,,,,,,,,0.777369421737952,0.7573029843905679,0.2631036497304895,51244_1476
629,102.4881066,2.952734659,Healthy,Serting_Basemap,0.16369282868173388,0.02135240038235982,0.021425394755270746,0.0876196167535252,,,,,,,,0.7497890244298923,0.7692196606164426,0.30270371925454836,51244_1476
630,102.4881066,2.952660244,Healthy,Serting_Basemap,0.17124555342727238,0.022083594774206478,0.02302163177066379,0.08915384362141292,,,,,,,,0.7409533897182203,0.7715440741383501,0.3152530717669491,51244_1476
631,102.4881717,2.952698614,Healthy,Serting_Basemap,0.149309564795759,0.019797616948684055,0.019191415773497686,0.09012718002001445,,,,,,,,0.7610947464634161,0.7658571712394512,0.24717336021787484,51244_1476
632,102.4882356,2.952663732,Healthy,Serting_Basemap,0.16360872901148266,0.022343417215678427,0.020688947290182114,0.09177480803595649,,,,,,,,0.7806088593207647,0.7596863744892358,0.2812785890822029,51244_1476
637,102.4881031,2.952814889,Healthy,Serting_Basemap,0.16381883952352735,0.020120218603147402,0.022341313047541514,0.09551921817991468,,,,,,,,0.7109599360296045,0.7812295136436866,0.2633613513899089,51244_1476
638,102.4881019,2.952896281,Healthy,Serting_Basemap,0.15993289483918083,0.01960954608188735,0.022419030053748026,0.1027245678835445,,,,,,,,0.7080184526794479,0.7815608835293906,0.2178058310721914,51244_1476
640,102.488167,2.952932326,Healthy,Serting_Basemap,0.15836235715283287,0.022245987008015316,0.023384668139947787,0.12039083325200611,,,,,,,,0.7866366833651003,0.7536549364717808,0.13621915446305718,51244_1476
641,102.4882426,2.952895118,Healthy,Serting_Basemap,0.16832250191105735,0.0203375733560986,0.022309322737985186,0.1173448661963145,,,,,,,,0.7033968145935987,0.7843998172130573,0.17845102873486843,51244_1476
643,102.4882356,2.952817214,Unhealthy,Serting_Basemap,0.15091835955778757,0.01927689193851418,0.02044725687139564,0.10155156420336829,,,,,,,,0.7346397487948148,0.7734732106913917,0.19553535177172926,51244_1476
644,102.4883008,2.952852096,Healthy,Serting_Basemap,0.15913531598117617,0.021708590909838676,0.021588680644830067,0.10410709099637137,,,,,,,,0.7748184804016044,0.7599190231726047,0.20904012243550965,51244_1476
645,102.4883031,2.952932326,Healthy,Serting_Basemap,0.1769009605050087,0.022873891103598807,0.023000245499942038,0.12439665860599941,,,,,,,,0.7449292999764157,0.7710032977683037,0.17426059340902042,51244_1476
646,102.4883077,2.953006741,Healthy,Serting_Basemap,0.18961944348282284,0.022219838988449838,0.022002813095847767,0.11395396540562312,,,,,,,,0.6942020188050314,0.7902198428049996,0.2492493606546563,51244_1476
648,102.4881729,2.953009067,Healthy,Serting_Basemap,0.1661957949399948,0.023041050053305097,0.024337586636344593,0.11748955398797989,,,,,,,,0.779020878580674,0.7564845254726068,0.17169106947564297,51244_1476
649,102.4881729,2.953082319,Healthy,Serting_Basemap,0.17511736187669966,0.024541261709398694,0.02599663080440627,0.10888690087530348,,,,,,,,0.7847035471780713,0.7541677762912573,0.2332023483014747,51244_1476
651,102.4879066,2.952932326,Healthy,Serting_Basemap,0.1599150084786945,0.02010358663068877,0.02170934693680869,0.08702117204666138,,,,,,,,0.7250037630123032,0.7766498886576312,0.2951930181998917,51243_1476
652,102.4881717,2.952626524,Healthy,Serting_Basemap,0.1628445726301935,0.02111201774742868,0.021303268149495125,0.0907473506198989,,,,,,,,0.7461003758902921,0.7704673944642007,0.28430409409842405,51244_1476
653,102.4882984,2.952625362,Healthy,Serting_Basemap,0.15067988965246412,0.024849079756273165,0.022723779910140567,0.0822244683901469,,,,,,,,0.8910399294988423,0.7168663401833172,0.29392073998801244,51244_1476
654,102.4882322,2.952585828,Healthy,Serting_Basemap,0.17999090254306793,0.02350313464800517,0.022438687996731863,0.09700546248091592,,,,,,,,0.7538013071088009,0.7690041932193166,0.29959035763868846,51244_1476
655,102.4881043,2.952584666,Healthy,Serting_Basemap,0.1807807617717319,0.021631645038723946,0.022796768902076617,0.09092348648442163,,,,,,,,0.7010718882845504,0.7862616686438557,0.33071722604276654,51244_1476
656,102.4883682,2.952590479,Healthy,Serting_Basemap,0.15814077771372265,0.02917748151554002,0.026833637927969296,0.07876051051749124,,,,,,,,0.9592752564342915,0.6884715709446233,0.33507739780104895,51244_1476
657,102.4884333,2.952628269,Healthy,Serting_Basemap,0.1556483656167984,0.03007502584821648,0.028261486854818132,0.09614480121268167,,,,,,,,0.9858243926051227,0.6761309858604237,0.23631921848146847,51244_1476
659,102.4883682,2.95273931,Healthy,Serting_Basemap,0.14795631170272827,0.024292889568540785,0.022106806230213907,0.08699564884106319,,,,,,,,0.8888364823815535,0.7179332108451082,0.25946011567885147,51244_1476
660,102.4883729,2.952807912,Healthy,Serting_Basemap,0.14172126601139703,0.021344889576236408,0.020110852188534208,0.0886678256922298,,,,,,,,0.8349185041817923,0.7382057668641677,0.23027757055188758,51244_1476
661,102.4883705,2.952895118,Healthy,Serting_Basemap,0.14276164687342113,0.020361987873911858,0.019579660354389086,0.09189044849740134,,,,,,,,0.8021848964248653,0.7503490171065506,0.21679413642408626,51244_1476
662,102.4883659,2.952969533,Healthy,Serting_Basemap,0.1607394524746471,0.02215318733619319,0.022600485425856378,0.09744559559557173,,,,,,,,0.7785124946084943,0.7577465407125678,0.24514919571121443,51244_1476
663,102.488367,2.953041623,Healthy,Serting_Basemap,0.1634657026992904,0.022304367687967088,0.02364574869473775,0.09619790315628052,,,,,,,,0.7700448717524815,0.759871246843248,0.25905748062524137,51244_1476
665,102.4895089,2.95323929,Healthy,Serting_Basemap,0.16111363718907037,0.01735642386807336,0.019459726909796398,0.12679912398258844,,,,,,,,0.644961838294581,0.8054976418423919,0.11918371754985531,51244_1476
666,102.4895042,2.953156735,Healthy,Serting_Basemap,0.15438169323735768,0.015723042810956638,0.018393251527514722,0.138816360798147,,,,,,,,0.6159225729564829,0.8151369188628486,0.05308811646248445,51244_1476
667,102.4895007,2.953081157,Healthy,Serting_Basemap,0.11980230361223221,0.016353032862146694,0.021278610453009605,0.13273576895395914,,,,,,,,0.7527851801993932,0.7597885872769454,-0.05121392275747655,51244_1476
668,102.4895019,2.953004416,Healthy,Serting_Basemap,0.11032397631141874,0.016178404808872275,0.02137754184918271,0.1254340252942509,,,,,,,,0.7889098970083569,0.7442197583065532,-0.06409135163991307,51244_1476
669,102.489503,2.952927675,Healthy,Serting_Basemap,0.10481051603953044,0.016217522426611848,0.021104350168671872,0.12548621164427864,,,,,,,,0.8193258748504563,0.7320038789003637,-0.08977850364046575,51244_1476
670,102.489503,2.952848608,Healthy,Serting_Basemap,0.1220963125427564,0.02027633920725849,0.025914029114776187,0.11482089757919312,,,,,,,,0.8602466888581203,0.7151652517807885,0.030708680723609612,51244_1476
671,102.489503,2.952768379,Healthy,Serting_Basemap,0.143995044959916,0.023200700887375407,0.02686855797138479,0.11455747899081972,,,,,,,,0.8542821120691669,0.7224725931894723,0.11385526437446526,51244_1476
672,102.4895007,2.952690475,Healthy,Serting_Basemap,0.17453692687882316,0.02616449983583556,0.02701292062799136,0.12102239082256953,,,,,,,,0.8244719913176858,0.7392694186171963,0.18106191499034396,51244_1476
673,102.4895019,2.952613734,Healthy,Serting_Basemap,0.1796380016538832,0.026726397168305185,0.02804738697078493,0.12144866585731506,,,,,,,,0.8187664282635578,0.7409786056040248,0.1932644054868484,51244_1476
674,102.4894309,2.952577689,Healthy,Serting_Basemap,0.1888465550210741,0.03128149049977461,0.031249186024069786,0.11356308476792441,,,,,,,,0.8853500864502878,0.7157882320196053,0.2489453388644539,51244_1476
675,102.4892926,2.952648617,Healthy,Serting_Basemap,0.18594105872843,0.029112235953410465,0.02848594490852621,0.09046842240624958,,,,,,,,0.8541963221097236,0.7292556154837765,0.34540289982188316,51244_1476
676,102.4892996,2.952574201,Healthy,Serting_Basemap,0.18711849881543052,0.03165251182185279,0.02909156514538659,0.08641279074880812,,,,,,,,0.9059263911116513,0.7106333994650521,0.3681688783285311,51244_1476
677,102.4892356,2.95261606,Healthy,Serting_Basemap,0.1903660082154804,0.02854427033000522,0.026894314007626638,0.08920402410957548,,,,,,,,0.832349586727935,0.7392148918756756,0.3618484544448024,51244_1476
678,102.48916,2.952655593,Healthy,Serting_Basemap,0.17678654193878174,0.021207053628232744,0.01998097139100234,0.07924964982602331,,,,,,,,0.7093205097031415,0.7857804080227955,0.3809496284117358,51244_1476
680,102.4891682,2.952573038,Healthy,Serting_Basemap,0.18716480831305185,0.02590950309402413,0.025831015987528697,0.08569164118833011,,,,,,,,0.7827206065828458,0.756803127294643,0.3718921334282325,51244_1476
681,102.4890298,2.952577689,Healthy,Serting_Basemap,0.1709769301944309,0.026431539613339636,0.024133153673675325,0.08147427025768492,,,,,,,,0.8527225860561829,0.732214735881619,0.35453449924759844,51244_1476
682,102.4890345,2.952650942,Healthy,Serting_Basemap,0.17036325567298466,0.024285381452904806,0.02321595098409388,0.08138139214780596,,,,,,,,0.8023253191976211,0.7504695454178989,0.35346079567309086,51244_1476
683,102.4889728,2.952624199,Healthy,Serting_Basemap,0.16036640107631683,0.025381495141320758,0.023970641816655796,0.08705789181921217,,,,,,,,0.863683251711373,0.7267102814280954,0.29628662731212907,51244_1476
684,102.4888984,2.952578852,Healthy,Serting_Basemap,0.14598768949508667,0.027517393024431333,0.025318921233216923,0.09532037956847085,,,,,,,,0.9725977984141287,0.6828059140995384,0.20996939772151046,51244_1476
685,102.4888345,2.952627687,Healthy,Serting_Basemap,0.13651682105329302,0.026036509002248447,0.023204699365629092,0.10640904472933875,,,,,,,,0.983462904985636,0.6796557905845146,0.12393812501997824,51244_1476
686,102.4887693,2.952657918,Healthy,Serting_Basemap,0.14255059593253666,0.02837037377887302,0.02472209930419922,0.10459561232063505,,,,,,,,1.0131668323101852,0.6680293374560794,0.1535729958398604,51244_1476
689,102.4885702,2.952620711,Healthy,Serting_Basemap,0.13572196082936394,0.02094435433132781,0.02242727153417137,0.10643521613544887,,,,,,,,0.8376152733379942,0.7326246639573376,0.12094105597444524,51244_1476
690,102.4885028,2.952586991,Healthy,Serting_Basemap,0.16144295947419274,0.026929085556831624,0.025653198257916503,0.0974308376510938,,,,,,,,0.8940809882380029,0.7140861792693658,0.24727153745930938,51244_1476
691,102.4885005,2.952660244,Healthy,Serting_Basemap,0.14642239030864504,0.02684049711873134,0.02634798704336087,0.10136954569154316,,,,,,,,0.948212304666989,0.6901760380741477,0.18181723483151468,51244_1476
692,102.4885028,2.952738148,Healthy,Serting_Basemap,0.13997160974476072,0.021718346410327487,0.02121331501338217,0.09655896491474575,,,,,,,,0.8491124903541124,0.7313581260483997,0.18353925234616666,51244_1476
693,102.4884307,2.952702103,Healthy,Serting_Basemap,0.15385608540640938,0.026983253450857267,0.025413268763158057,0.0903137359354231,,,,,,,,0.925526746253162,0.7015776144574971,0.260238341994068,51244_1476
694,102.4884342,2.952781169,Healthy,Serting_Basemap,0.14873912516567442,0.022813419294026163,0.021362807808650866,0.0892702846063508,,,,,,,,0.8460037714507525,0.7340357805140539,0.24985919933285503,51244_1476
695,102.4884342,2.952853259,Healthy,Serting_Basemap,0.16473167720768186,0.02063562824494309,0.018995880252785154,0.09794979376925363,,,,,,,,0.7337150941425465,0.7773541758666065,0.2542314202446809,51244_1476
696,102.4884272,2.952931163,Healthy,Serting_Basemap,0.17710111952490276,0.02220397235618697,0.021679880718390148,0.09811571405993567,,,,,,,,0.7304270302331297,0.7771861004992846,0.28699336605302167,51244_1476
698,102.4884353,2.953163711,Healthy,Serting_Basemap,0.16372565262847477,0.028963548441727955,0.0313863263775905,0.0801863997346825,,,,,,,,0.9157019986707086,0.6993754888093014,0.34249743743458744,51244_1476
699,102.4884353,2.953240452,Healthy,Serting_Basemap,0.16272356609503427,0.02577487389660544,0.029211517423391342,0.07068635068005985,,,,,,,,0.8468658604401077,0.7265242736465235,0.39431578866316275,51244_1476
700,102.4885028,2.953198594,Healthy,Serting_Basemap,0.16611947615941366,0.027451219865017466,0.029388747695419524,0.08267923817038536,,,,,,,,0.8769984304031466,0.7163700867041076,0.3353724644992449,51244_1476
701,102.488504,2.953125341,Healthy,Serting_Basemap,0.15545319186316597,0.0277179264360004,0.03050457706881894,0.09295184289415677,,,,,,,,0.9185968122557161,0.6973548374506315,0.2516106367573,51244_1476
702,102.4885016,2.953046274,Healthy,Serting_Basemap,0.1533882427546713,0.027736987711654768,0.031811131371392146,0.10270805656909943,,,,,,,,0.9219795299675141,0.6937258532094844,0.19789503526366561,51244_1476
703,102.4885016,2.952971859,Unhealthy,Serting_Basemap,0.15512405087550482,0.026657393409146204,0.02992033979131116,0.11239302241139942,,,,,,,,0.8946966067060418,0.7067094112487798,0.15973196753045224,51244_1476
705,102.4885016,2.952813726,Healthy,Serting_Basemap,0.16106342855427,0.021162343935834035,0.020033344212505553,0.09930099878046247,,,,,,,,0.7577551010672313,0.7677348966981795,0.23721531549470795,51244_1476
709,102.488633,2.952655593,Healthy,Serting_Basemap,0.14866172853443357,0.021158875794046454,0.018985560681256983,0.093418607281314,,,,,,,,0.8061866189932008,0.7508090861210299,0.22820160533471118,51244_1476
711,102.4887673,2.952731753,Healthy,Serting_Basemap,0.14604086014959547,0.03000026320417722,0.024792221892211173,0.0986676166454951,,,,,,,,1.0397190740326543,0.659167555482038,0.19359052912486108,51244_1476
714,102.4886348,2.952895699,Healthy,Serting_Basemap,0.1743743187851376,0.027990364159146946,0.025983697424332302,0.12608766473001903,,,,,,,,0.8735429897095509,0.7233671038651216,0.16070803197863723,51244_1476
715,102.4886394,2.952970115,Healthy,Serting_Basemap,0.13755998429324892,0.02736408884326617,0.026689093559980392,0.14939970191982058,,,,,,,,0.9997052443027784,0.6681613748331855,-0.04125916703777194,51244_1476
718,102.488572,2.953157316,Healthy,Serting_Basemap,0.15298868715763092,0.027959468877977796,0.028763337060809135,0.0857585838271512,,,,,,,,0.9411151836374484,0.6909670759786504,0.2815952745896099,51244_1476
719,102.4886336,2.953203826,Healthy,Serting_Basemap,0.1819448603524102,0.022169781227906544,0.0236471907960044,0.08168946868843502,,,,,,,,0.7096271146558639,0.7827712793530003,0.3802820066291233,51244_1476
720,102.4885743,2.953239871,Healthy,Serting_Basemap,0.1786984403928121,0.023826579770280257,0.025663880838288203,0.07310807249612278,,,,,,,,0.7563528937928502,0.7647048275705111,0.4193313615492639,51244_1476
721,102.4887057,2.953239871,Healthy,Serting_Basemap,0.1666930847697788,0.0196179888314671,0.02253843616280291,0.0862786935435401,,,,,,,,0.6869419572435285,0.7894060889428968,0.3178789023914012,51244_1476
722,102.4886359,2.953278241,Healthy,Serting_Basemap,0.19909055862161848,0.018976194991005793,0.02040556590590212,0.07296917918655607,,,,,,,,0.5896695897323793,0.8259597607004754,0.46357972866969677,51244_1476
723,102.488765,2.95319685,Healthy,Serting_Basemap,0.15572396086321938,0.01977410912513733,0.021041991603043344,0.0863644348250495,,,,,,,,0.7313107249381173,0.7746515488580674,0.2865049596490465,51244_1476
724,102.4887661,2.953277079,Healthy,Serting_Basemap,0.18175471987989214,0.019154067047768168,0.020158714925249416,0.08653729077842501,,,,,,,,0.637880008374689,0.8093257408929074,0.3549022159393749,51244_1476
726,102.4888975,2.953271265,Healthy,Serting_Basemap,0.16107715335157183,0.020455988951855235,0.01801221062325769,0.0849565714597702,,,,,,,,0.7438496066318989,0.7746308063387821,0.3093908444875623,51244_1476
727,102.4889685,2.953237545,Healthy,Serting_Basemap,0.157370678252644,0.019914391967985366,0.018027027654978964,0.08460673938194911,,,,,,,,0.7402208522736125,0.7753404509110428,0.3007054938513921,51244_1476
728,102.4890313,2.953195687,Healthy,Serting_Basemap,0.16099546353022257,0.01983353764646583,0.02083199740284019,0.1054611893163787,,,,,,,,0.7163531158612185,0.7806376464239113,0.2084176680167745,51244_1476
729,102.4890411,2.95312069,Healthy,Serting_Basemap,0.15492548048496246,0.023262051451537345,0.023615070515208773,0.10525323367781109,,,,,,,,0.8268575646369625,0.738903713422248,0.1909158747555164,51244_1476
730,102.4889673,2.953160804,Healthy,Serting_Basemap,0.15607657035191855,0.01965539302262995,0.019778160378336906,0.08986237396796544,,,,,,,,0.7308008575792987,0.7763025843996612,0.26923022121226425,51244_1476
735,102.4886406,2.953118946,Healthy,Serting_Basemap,0.13134109559986326,0.027333237851659458,0.026675369383560285,0.1110809486773279,,,,,,,,1.0281308980739805,0.6554800356541576,0.08357386384948319,51244_1476
736,102.4887092,2.953079413,Healthy,Serting_Basemap,0.11954607897334629,0.024207963918646175,0.021296270605590608,0.1207304439610905,,,,,,,,1.023277364631463,0.6632030177149941,-0.004929174824405902,51244_1476
737,102.488708,2.953009648,Healthy,Serting_Basemap,0.12641659130652746,0.0231225716157092,0.020657316885060735,0.13254315074947146,,,,,,,,0.9568667524697949,0.6907489494543526,-0.023658347024531515,51244_1476
739,102.4887708,2.952892211,Healthy,Serting_Basemap,0.1612211209204462,0.017687523634069495,0.015715603509710893,0.10346785849995083,,,,,,,,0.6664735918347178,0.8022731246093602,0.2181929241895927,51244_1476
740,102.4886999,2.952848027,Healthy,Serting_Basemap,0.17906965812047324,0.029695021505984995,0.02665089277757539,0.10857026858462228,,,,,,,,0.8960795136255869,0.7155168052458091,0.24509597934966398,51244_1476
741,102.4887696,2.952813145,Healthy,Serting_Basemap,0.16094325482845306,0.02196259641398986,0.019085834734141827,0.11002801358699799,,,,,,,,0.7845385649089668,0.7598480719473725,0.1878990401424856,51244_1476
742,102.4888336,2.952700359,Healthy,Serting_Basemap,0.1340126229657067,0.021760932894216642,0.01744394687314828,0.11053545359108183,,,,,,,,0.8928549590299855,0.7206081253767516,0.09600226550615723,51244_1476
743,102.4888975,2.952659663,Healthy,Serting_Basemap,0.14459755354457432,0.025114418731795415,0.022701280812422436,0.10209523306952582,,,,,,,,0.9236312243532595,0.7040348020834086,0.1722884607142348,51244_1476
744,102.4889022,2.952737566,Healthy,Serting_Basemap,0.17135118775897556,0.01687612829522954,0.015284257423546579,0.12427670922544268,,,,,,,,0.6125978231802949,0.8206835368106761,0.15923557625555904,51244_1476
746,102.4889615,2.952695708,Healthy,Serting_Basemap,0.1676318479908837,0.020541085965103574,0.020516772133608658,0.09716759208175871,,,,,,,,0.7168700428414353,0.781678634293835,0.26610424814264916,51244_1476
747,102.4890301,2.952737566,Healthy,Serting_Basemap,0.18603875736395517,0.015548073790139623,0.01841798869685994,0.10547656565904617,,,,,,,,0.5280537564129374,0.845743159896645,0.2763566280821281,51244_1476
748,102.4889673,2.9527771,Healthy,Serting_Basemap,0.1841771768199073,0.015902656130492687,0.01749039710395866,0.11765021168523365,,,,,,,,0.544908023894537,0.8410368911649884,0.22041394408957196,51244_1476
749,102.4889673,2.95284919,Healthy,Serting_Basemap,0.19014257689317068,0.01453382418387466,0.015673945450948343,0.13328391975826687,,,,,,,,0.4950124698425337,0.857982414119117,0.17580086271095285,51244_1476
751,102.4888394,2.952925931,Healthy,Serting_Basemap,0.15117916547589832,0.019109210930764675,0.014479571539494727,0.10194401194651921,,,,,,,,0.7498323416327621,0.77556646749476,0.19451064904741777,51244_1476
752,102.4888394,2.952850352,Healthy,Serting_Basemap,0.1654875526825587,0.017754127581914265,0.015734456272588834,0.11842815246846941,,,,,,,,0.6553446572525922,0.8062217334365225,0.1657513105485171,51244_1476
753,102.488772,2.952965464,Healthy,Serting_Basemap,0.14209694663683572,0.016712588982449636,0.014597214240994718,0.09462133298317592,,,,,,,,0.7032462487690262,0.789526631165086,0.20055744630228517,51244_1476
754,102.4887696,2.953043368,Unhealthy,Serting_Basemap,0.12696280744340685,0.019273987660805385,0.01717348603738679,0.08624332149823506,,,,,,,,0.8440349149779319,0.7364002999782616,0.19098646998237742,51244_1476
755,102.4888371,2.953007323,Healthy,Serting_Basemap,0.13947414110104242,0.023466397697726887,0.017105499282479286,0.10002106262577905,,,,,,,,0.922455578025219,0.7119636663690212,0.1647343155993439,51244_1476
756,102.4888964,2.952968952,Healthy,Serting_Basemap,0.15001010398070017,0.019017345685925748,0.015125390556123521,0.11689764261245728,,,,,,,,0.7488242667444928,0.7749792033964448,0.1240595741071375,51244_1476
759,102.4890999,2.952927093,Unhealthy,Serting_Basemap,0.19094846894343695,0.01761616228355302,0.020852172333333228,0.12082564499643114,,,,,,,,0.5704878204696407,0.8310723905590628,0.2249154782636329,51244_1476
760,102.4890347,2.95288756,Unhealthy,Serting_Basemap,0.1858377522892422,0.014427465283208422,0.015664603043761518,0.13641319341129726,,,,,,,,0.5010465452178594,0.8559164146615829,0.15337289009501953,51244_1476
761,102.4890289,2.952811982,Healthy,Serting_Basemap,0.19231615298324162,0.01413089781999588,0.0163665602190627,0.12419325527217653,,,,,,,,0.47710404057182954,0.8631039022837493,0.21523182545048064,51244_1476
762,102.4890917,2.952772449,Healthy,Serting_Basemap,0.17727041410075295,0.01578394075234731,0.019289173185825348,0.08808636499775781,,,,,,,,0.5535130279918709,0.8364818989516429,0.3360910899129001,51244_1476
763,102.4890975,2.952844539,Healthy,Serting_Basemap,0.18991405102941725,0.014718686333960958,0.01780540206366115,0.10290357056591246,,,,,,,,0.4965047507860985,0.8561453409302332,0.2971490581388308,51244_1476
764,102.4891708,2.952885235,Healthy,Serting_Basemap,0.21673009461826748,0.019013698109322123,0.021626952207750745,0.11400394803947872,,,,,,,,0.5503550894505186,0.8386918451652032,0.3106004623935642,51244_1476
768,102.4892289,2.952770123,Unhealthy,Serting_Basemap,0.16802973879708183,0.021501748719149165,0.02304723072383139,0.08712264315949546,,,,,,,,0.7348498231728439,0.7731063159908159,0.3170932405849749,51244_1476
770,102.4892371,2.952695708,Healthy,Serting_Basemap,0.1759595490164227,0.024793685724337895,0.025417966975106135,0.08546742217408286,,,,,,,,0.7903475574524834,0.7529934124712379,0.3461468662940555,51244_1476
772,102.4893661,2.952766635,Healthy,Serting_Basemap,0.1476895800895161,0.02823276362485356,0.030657707196142938,0.10944041195842955,,,,,,,,0.9618815286795619,0.6790315200587287,0.1487542072647614,51244_1476
773,102.4894301,2.95273059,Healthy,Serting_Basemap,0.17797836826907265,0.030062323850062158,0.029910919359988637,0.11998783962594138,,,,,,,,0.8973361422610624,0.7109957331535224,0.19462115873073688,51244_1476
774,102.4894312,2.952808494,Healthy,Serting_Basemap,0.11735215286413829,0.024047528497046895,0.02868462602297465,0.10692961182859209,,,,,,,,0.9909772248488732,0.6598644598693126,0.046470746517556824,51244_1476
775,102.4894312,2.952892211,Healthy,Serting_Basemap,0.09956860542297363,0.01998409442603588,0.025571159190601774,0.09717976715829638,,,,,,,,0.9682922721318246,0.66568560222772,0.012141590973976211,51244_1476
776,102.4893638,2.952848027,Healthy,Serting_Basemap,0.11616937153869206,0.027773766881889768,0.031113785381118458,0.10216015080610912,,,,,,,,1.0954463267185155,0.6141008569545193,0.06416548977036007,51244_1476
778,102.4894371,2.952963138,Healthy,Serting_Basemap,0.10400894118679894,0.018782133236527443,0.0228694099932909,0.09412100248866612,,,,,,,,0.9137355512617389,0.6940798290961214,0.04990633174725562,51244_1476
779,102.4894324,2.953038717,Healthy,Serting_Basemap,0.12271729111671448,0.01849881290561623,0.02210587863292959,0.10924926565753089,,,,,,,,0.8139360670401435,0.7380070349102539,0.058060203360654906,51244_1476
781,102.4893696,2.953084064,Healthy,Serting_Basemap,0.13070475144518745,0.019092826897071466,0.021059898659586906,0.09106355988317066,,,,,,,,0.8041188249841087,0.745084972556125,0.1787504775798316,51244_1476
784,102.4893022,2.953195687,Healthy,Serting_Basemap,0.1509460285305977,0.017567114076680608,0.020727210367719334,0.09626234736707476,,,,,,,,0.6795543440330745,0.7915045223787566,0.22120480734098702,51244_1476
785,102.4893661,2.953236383,Healthy,Serting_Basemap,0.13359847995969984,0.016393906540340848,0.01939393828312556,0.09957030746671888,,,,,,,,0.7059483745304822,0.781403484231696,0.14593793992997137,51244_1476
786,102.4892324,2.953232895,Healthy,Serting_Basemap,0.1592162632279926,0.02147985787855254,0.024739963105983205,0.11044270876381132,,,,,,,,0.7572798166796347,0.7622543555775917,0.18087124676001404,51244_1476
788,102.4892347,2.953157316,Healthy,Serting_Basemap,0.1665480418337716,0.019720903390811548,0.022419468810160954,0.09968346605698268,,,,,,,,0.6907215034163949,0.7882534486139469,0.25115200040194413,51244_1476
789,102.4892324,2.953085226,Healthy,Serting_Basemap,0.1668172056476275,0.020422107333110437,0.02088463803132375,0.08905794223149617,,,,,,,,0.7148531015929233,0.7818609029481823,0.3038953335666076,51244_1476
791,102.4890964,2.953080575,Healthy,Serting_Basemap,0.1661957527200381,0.021969959346784487,0.023475211941533618,0.10202803628312217,,,,,,,,0.7523608157719346,0.7664828612453858,0.239232010983783,51244_1476
793,102.4891696,2.952963138,Healthy,Serting_Basemap,0.21413234538502163,0.01955720316618681,0.02274335589673784,0.12002322160535389,,,,,,,,0.5668957727580612,0.8326223548512591,0.281632667763929,51244_1476
794,102.4892266,2.953002672,Unhealthy,Serting_Basemap,0.19186937312285104,0.021264945881234273,0.02281263656914234,0.09699988530741797,,,,,,,,0.6613985048432645,0.8004549808721639,0.32841669733553147,51244_1476
796,102.4889696,2.953081447,Healthy,Serting_Basemap,0.1393399942252371,0.02861369111471706,0.024825224032004673,0.1113874829477734,,,,,,,,1.0339529343552425,0.659266885906073,0.11148563209996933,51244_1476
797,102.4889028,2.953044821,Healthy,Serting_Basemap,0.14017297658655378,0.027332077630692057,0.02246485360794597,0.1069656370414628,,,,,,,,1.006233885009429,0.673656681484444,0.13436726482197306,51244_1476
798,102.488969,2.953008195,Healthy,Serting_Basemap,0.13946826507647833,0.02658306745191415,0.022028155417905912,0.11639680133925544,,,,,,,,0.9906922948010524,0.6798210884893825,0.09017043264411877,51244_1476
799,102.4900324,2.953288415,Healthy,Serting_Basemap,0.09304604099856482,0.023029017572601635,0.023624867821733158,0.08965868833992216,,,,,,,,1.1321411919189406,0.6032047219087574,0.018540038185695253,51245_1476
801,102.49003,2.953127957,Healthy,Serting_Basemap,0.11184112975994746,0.023165453225374222,0.025504927668306563,0.0863492385380798,,,,,,,,1.0089649887999892,0.6568248345653953,0.12862325975162642,51245_1476
802,102.4900324,2.953050053,Healthy,Serting_Basemap,0.10821145441797045,0.02027867382599248,0.022442296768228214,0.07742999618252118,,,,,,,,0.9475401519457998,0.6843543686486239,0.16581134297260092,51245_1476
803,102.4899591,2.953017497,Healthy,Serting_Basemap,0.10646921975745095,0.01746265859239631,0.017443857259220548,0.07352024440964063,,,,,,,,0.8795182640916095,0.7181893984838836,0.18306057801929143,51244_1476
804,102.4899591,2.952933779,Healthy,Serting_Basemap,0.0997016504406929,0.016552524123754766,0.016880484711792734,0.07561671071582371,,,,,,,,0.8846461666406263,0.7152356173742636,0.13737830747440768,51244_1476
805,102.4899626,2.952862852,Healthy,Serting_Basemap,0.1037088930606842,0.01688422045360009,0.01828366642196973,0.08312546461820602,,,,,,,,0.8671860304615705,0.7199803544072166,0.11016939656171083,51244_1476
807,102.4900312,2.952814017,Healthy,Serting_Basemap,0.09633953952127033,0.018231042557292514,0.019742763911684353,0.08427697834041384,,,,,,,,0.9561042647785578,0.681750022972019,0.06678548187986873,51245_1476
808,102.4900277,2.952888432,Healthy,Serting_Basemap,0.0842802764640914,0.01865573279145691,0.019819103077881865,0.08524809281031291,,,,,,,,1.0554060560195981,0.6375275683139746,-0.005708875454673702,51245_1476
809,102.4900277,2.952967499,Healthy,Serting_Basemap,0.0852470530403985,0.01831289908538262,0.018472071426610153,0.07826745592885548,,,,,,,,1.0438795357148858,0.646332415002659,0.04268487949809644,51245_1476
811,102.4898335,2.952811691,Unhealthy,Serting_Basemap,0.14928872221046025,0.01840820929242505,0.01770831510010693,0.08062908550103505,,,,,,,,0.72255128442043,0.7804586031783376,0.29862687624257644,51244_1476
813,102.4898266,2.952961685,Healthy,Serting_Basemap,0.14365692767832014,0.01725536005364524,0.016621530883842044,0.08086026459932327,,,,,,,,0.7086783843542647,0.7855308591176355,0.27969645639137064,51244_1476
814,102.4898324,2.953038426,Healthy,Serting_Basemap,0.17576383468177584,0.018344700439936586,0.01763565621028344,0.08339591489897834,,,,,,,,0.6378300246887235,0.8109851230556776,0.35641306156616603,51244_1476
815,102.4898917,2.953072145,Healthy,Serting_Basemap,0.13494042141569984,0.01946594524714682,0.01841805109547244,0.07663913857605723,,,,,,,,0.8098563003531692,0.7478608470899183,0.27555252899625077,51244_1476
816,102.4898847,2.95314191,Healthy,Serting_Basemap,0.1370965474181705,0.022860479230682056,0.022611789198385343,0.0887334913843208,,,,,,,,0.8902519661379747,0.7141672396691047,0.21415687784629733,51244_1476
818,102.4898312,2.953207024,Healthy,Serting_Basemap,0.15424527062310112,0.018598213377926085,0.020143767197926838,0.12389079398579067,,,,,,,,0.7031943679162659,0.784797055145966,0.10913534956351013,51244_1476
819,102.4897708,2.953233767,Healthy,Serting_Basemap,0.1735329238904847,0.014827494302557575,0.01620411893559827,0.12280026906066471,,,,,,,,0.540675764961227,0.8425625251334753,0.17120139099025355,51244_1476
820,102.489701,2.95318842,Healthy,Serting_Basemap,0.2016743024190267,0.011952831720312437,0.013731474470761087,0.14038169301218456,,,,,,,,0.39957410155768214,0.8880963154004944,0.1791888176951084,51244_1476
822,102.4895684,2.953197722,Healthy,Serting_Basemap,0.1771394055750635,0.015214523610969385,0.01875009812000725,0.15916037642293507,,,,,,,,0.5378091561411071,0.8418069890711217,0.05346131670176172,51244_1476
824,102.4895684,2.953038426,Healthy,Serting_Basemap,0.15796340422497857,0.01477483484066195,0.02007861787246333,0.15326004889276293,,,,,,,,0.5693805841288777,0.8289338258791963,0.01511247075083468,51244_1476
825,102.4895673,2.95296401,Healthy,Serting_Basemap,0.13046853078736198,0.013904100387460656,0.01817210753344827,0.15506501578622395,,,,,,,,0.6303969109104559,0.8073859252364252,-0.08614218992486444,51244_1476
826,102.4895615,2.952886107,Unhealthy,Serting_Basemap,0.1253458278046714,0.01404183575262626,0.019447014046212036,0.14646119293239382,,,,,,,,0.6497972676577177,0.7985211116354766,-0.07768513510233623,51244_1476
827,102.4895661,2.952810528,Healthy,Serting_Basemap,0.1372056148118443,0.016509929878844157,0.021044420078396797,0.12456430329216851,,,,,,,,0.6905396130105679,0.7851885453476292,0.04829168917206454,51244_1476
828,102.4896336,2.952767507,Unhealthy,Serting_Basemap,0.14421482963694465,0.014898380264639854,0.01745282092856036,0.10221976041793823,,,,,,,,0.6225023305146518,0.812732327204575,0.17041061163391794,51244_1476
829,102.4895696,2.952732625,Healthy,Serting_Basemap,0.157415681415134,0.020572374988761213,0.02133364789187908,0.11202076491382387,,,,,,,,0.7484467087316617,0.7688342082675723,0.16848097991125888,51244_1476
830,102.4896312,2.952691929,Healthy,Serting_Basemap,0.1445477166109615,0.015888258297410276,0.017166358315282397,0.10048169725471073,,,,,,,,0.6569108367496242,0.8019364633588647,0.1798397125514418,51244_1476
831,102.489701,2.952727974,Healthy,Serting_Basemap,0.14148156427674824,0.017533689323398802,0.017078081456323464,0.08083172308074103,,,,,,,,0.7244314941906101,0.7794716050638982,0.27281248870419367,51244_1476
832,102.4897638,2.952773321,Healthy,Serting_Basemap,0.14962706797652775,0.019380413616696995,0.018134405008620687,0.07451233640313148,,,,,,,,0.7507339825748054,0.7706561457043342,0.33512506103640277,51244_1476
834,102.4896336,2.952845411,Healthy,Serting_Basemap,0.1507914811372757,0.013743022146324316,0.017976436246600416,0.11706244117683834,,,,,,,,0.5602137976292668,0.8329466236922217,0.1259232632064394,51244_1476
836,102.4896987,2.95296401,Healthy,Serting_Basemap,0.1663949175013436,0.015008970681164,0.016072518502672512,0.10029704537656572,,,,,,,,0.5650824867929493,0.8345242670205204,0.24784350983624232,51244_1476
837,102.4896336,2.952990753,Healthy,Serting_Basemap,0.16614717741807303,0.01279228139254782,0.016411794556511775,0.1573317994674047,,,,,,,,0.4916715345424533,0.8570211234841565,0.027251780117349855,51244_1476
839,102.489701,2.953034938,Healthy,Serting_Basemap,0.2224349213971032,0.013228801286054982,0.015471533975667424,0.1169098135497835,,,,,,,,0.4003207210206514,0.8877315427640882,0.3109672759880486,51244_1476
840,102.4897684,2.953083773,Healthy,Serting_Basemap,0.20360152423381805,0.015400007263653807,0.016291451123025682,0.0905849321020974,,,,,,,,0.4914379862243571,0.8593616477624351,0.3841665368941158,51244_1476
841,102.4896975,2.953120981,Healthy,Serting_Basemap,0.22754086057345072,0.012564151444368891,0.014521290548145771,0.13170890510082245,,,,,,,,0.3761856385447945,0.8953445299722737,0.2667557911770993,51244_1476
842,102.4897708,2.953153537,Healthy,Serting_Basemap,0.17491888254880905,0.016271214932203293,0.017162741472323734,0.11539687050713433,,,,,,,,0.5795003571788279,0.8297901915781047,0.20502508532564861,51244_1476
843,102.4897626,2.952691929,Healthy,Serting_Basemap,0.14871283868948618,0.018273328948352072,0.017471224380036194,0.07333744400077397,,,,,,,,0.7210877112757381,0.7811396092641218,0.3394519195179499,51244_1476
844,102.4898928,2.952654721,Healthy,Serting_Basemap,0.1637019548151228,0.022698760446574952,0.01842839891711871,0.07794093299243185,,,,,,,,0.7981003816414796,0.7564520027221251,0.35490811503209385,51244_1476
845,102.4898917,2.952581468,Healthy,Serting_Basemap,0.1481315659152137,0.024326333362195227,0.019817341946893267,0.07688134991460377,,,,,,,,0.8984730017271699,0.7178867020400748,0.31664944982312987,51244_1476
846,102.4898963,2.952490774,Healthy,Serting_Basemap,0.14799209187428156,0.022693378229935963,0.022448572433657117,0.07353242486715317,,,,,,,,0.8411675643142579,0.7340912707323032,0.33612382097661153,51244_1476
847,102.4898928,2.952419847,Healthy,Serting_Basemap,0.13260231415430704,0.02206507883965969,0.022421492884556454,0.07701100450423029,,,,,,,,0.8863525813662152,0.7146770445594773,0.26520886175479946,51244_1476
848,102.4898824,2.952329153,Healthy,Serting_Basemap,0.12043871564997567,0.028318835629357234,0.029463524619738262,0.07869882467720243,,,,,,,,1.0968857464804092,0.6192618742939524,0.20960332694777498,51244_1476
849,102.4898928,2.952258226,Healthy,Serting_Basemap,0.12031274123324288,0.031660054292943746,0.03522542015545898,0.07460720340410869,,,,,,,,1.1572806198868208,0.5833457668087922,0.23448363847101086,51244_1476
850,102.4898266,2.952218693,Healthy,Serting_Basemap,0.13130088729990852,0.03243268715838591,0.034118039119574756,0.08708057718144523,,,,,,,,1.126700762655327,0.6038358379985526,0.20249113276845432,51244_1476
851,102.4898219,2.952141952,Healthy,Serting_Basemap,0.14083471645911536,0.029266164120700624,0.0327908576776584,0.0845438688993454,,,,,,,,1.0084916798749268,0.6558963831234472,0.24976129595560437,51244_1476
852,102.4898242,2.952058234,Healthy,Serting_Basemap,0.14133448816008037,0.026981379008955426,0.030343420182665188,0.08531008826361762,,,,,,,,0.9566140516826626,0.6793958946026326,0.2471905605706117,51244_1476
853,102.4898138,2.951976842,Healthy,Serting_Basemap,0.13588345381948683,0.023341895391543705,0.025773082963294454,0.08240627083513472,,,,,,,,0.8962986922122009,0.7068067929233134,0.24498259397671523,51244_1475
854,102.4898882,2.952017538,Healthy,Serting_Basemap,0.12603950748840967,0.020464401692152023,0.02440914987689919,0.08295975128809611,,,,,,,,0.855457131137358,0.7206299571579314,0.20612396643177128,51244_1476
855,102.4898789,2.952101256,Healthy,Serting_Basemap,0.1292701562245687,0.02556585996515221,0.03164358333581024,0.07412121362156338,,,,,,,,0.9645426042720994,0.6697685642618666,0.27114691564704113,51244_1476
856,102.4898928,2.952177997,Healthy,Serting_Basemap,0.12642162210411495,0.030392027356558375,0.036038973472184606,0.07251336922248204,,,,,,,,1.0891021063092132,0.6123803321830058,0.2709842673837619,51244_1476
857,102.4898847,2.951939634,Healthy,Serting_Basemap,0.12622523556152979,0.022008866485622194,0.024485064670443535,0.08388810853163402,,,,,,,,0.9041889294965062,0.7030525880121516,0.20149661228143406,51244_1475
858,102.4896998,2.952653558,Healthy,Serting_Basemap,0.14522426244285372,0.01781804859638214,0.01637109938181109,0.07483011401361889,,,,,,,,0.7227264325944102,0.7814303724866332,0.31989433504022585,51244_1476
859,102.4896359,2.95261635,Healthy,Serting_Basemap,0.1250130757689476,0.017115197247929044,0.016832690065105755,0.06614210373825496,,,,,,,,0.7776270093968671,0.7591584435012907,0.30797476784286887,51244_1476
860,102.4895673,2.952658209,Healthy,Serting_Basemap,0.15868093404504988,0.021439060465329222,0.022004702852831945,0.1148418461283048,,,,,,,,0.7671748112866011,0.761946911850546,0.16027582013081512,51244_1476
861,102.4895673,2.952574492,Healthy,Serting_Basemap,0.1497039356165462,0.02212402731594112,0.023656757031049993,0.10744592133495542,,,,,,,,0.8133506614061565,0.742486299222044,0.16433224883947978,51244_1476
862,102.4894998,2.952539609,Healthy,Serting_Basemap,0.1758764667643441,0.02696181419822905,0.02774353532327546,0.11161305341455671,,,,,,,,0.8375066903437454,0.7341545780186933,0.22353306412629279,51244_1476
863,102.4894312,2.952498913,Healthy,Serting_Basemap,0.21040519740846422,0.02805276442733076,0.02725327532324526,0.09983592894342211,,,,,,,,0.7639537663115016,0.7647152209860099,0.35639784371988964,51244_1476
865,102.4892998,2.952496588,Healthy,Serting_Basemap,0.216935525337855,0.026981424333320722,0.024517623707652092,0.09914086510737737,,,,,,,,0.7306692810755969,0.7787654825161241,0.3726778202717052,51244_1476
866,102.4892301,2.952546586,Healthy,Serting_Basemap,0.18400681681103176,0.02621138882305887,0.028797466307878494,0.09353822097182274,,,,,,,,0.790609789135514,0.7506268427703844,0.3259600552108944,51244_1476
867,102.4891685,2.952504727,Healthy,Serting_Basemap,0.18350450032287174,0.027844132234652836,0.029017022500435512,0.092288289219141,,,,,,,,0.8305180065416569,0.7365099371809347,0.33074182706228933,51244_1476
868,102.489108,2.952536121,Healthy,Serting_Basemap,0.18180580106046465,0.027040421548816893,0.027374389477901988,0.08454038326938947,,,,,,,,0.8217067653454405,0.7410494553267045,0.36518419828615856,51244_1476
869,102.4890301,2.952498913,Healthy,Serting_Basemap,0.18905490305688646,0.02602715666095416,0.025570465251803398,0.08334511932399538,,,,,,,,0.7807765931566304,0.757979287578905,0.38806819033620693,51244_1476
870,102.4889743,2.952546586,Healthy,Serting_Basemap,0.16940196686320835,0.02717365324497223,0.02658677101135254,0.08118334660927455,,,,,,,,0.8683896340682173,0.7235297721048228,0.3520502420171611,51244_1476
871,102.4888301,2.952540772,Healthy,Serting_Basemap,0.14494969613022274,0.029831348814898066,0.02908666038678752,0.09883893032868703,,,,,,,,1.0211885169602248,0.6586432032802554,0.18914239959142481,51244_1476
872,102.4888987,2.952503564,Healthy,Serting_Basemap,0.1518587271372477,0.026110502580801647,0.02285932025147809,0.07854783535003662,,,,,,,,0.9204410536617015,0.7065728427080611,0.3181805717502381,51244_1476
873,102.4888348,2.952465194,Unhealthy,Serting_Basemap,0.1359863123959965,0.02790266585846742,0.0258551397257381,0.08385449772079785,,,,,,,,1.0256127976290337,0.6594930768908199,0.23713438213543112,51244_1476
875,102.4888371,2.952307061,Healthy,Serting_Basemap,0.12373893376853731,0.02371588411430518,0.020427061865727108,0.07438472161690395,,,,,,,,0.9902363633545734,0.6783301562496493,0.24910812419454315,51244_1476
876,102.4888348,2.952240785,Healthy,Serting_Basemap,0.131961384581195,0.02232103587852584,0.019583116595943768,0.07611094580756293,,,,,,,,0.9101962706087247,0.7106470612527979,0.2684183844592997,51244_1476
877,102.4888313,2.952152416,Healthy,Serting_Basemap,0.15645045621527565,0.02110310499038961,0.019738473205102816,0.06852622206012408,,,,,,,,0.7730247128486321,0.7622902650097195,0.3908148828098584,51244_1476
879,102.4889592,2.952154742,Unhealthy,Serting_Basemap,0.18711603515677983,0.024636784775389567,0.02640756716330846,0.09295120255814658,,,,,,,,0.7499862985586625,0.7673061942383441,0.33622223494231523,51244_1476
880,102.4889638,2.952078001,Healthy,Serting_Basemap,0.17965100540055168,0.02290580276813772,0.02522578587134679,0.0882712308731344,,,,,,,,0.7309728909604118,0.7738332966911509,0.34106827338538503,51244_1476
881,102.4888987,2.952038467,Unhealthy,Serting_Basemap,0.1839685704973009,0.021799243779646024,0.020695755672123697,0.06532452669408587,,,,,,,,0.7024569955439766,0.7881180411402341,0.47592189731643425,51244_1476
882,102.4888975,2.951958238,Healthy,Serting_Basemap,0.16819248679611418,0.024114713279737368,0.01993315987702873,0.0664393003616068,,,,,,,,0.816219866150416,0.7492063399578816,0.4336717870460929,51244_1475
883,102.4889452,2.951928007,Healthy,Serting_Basemap,0.15408898062176174,0.0242921726571189,0.02165143129726251,0.07022820288936298,,,,,,,,0.8663215939864866,0.7276374526053143,0.373849102506406,51244_1475
885,102.4890313,2.952273341,Unhealthy,Serting_Basemap,0.18090429736508262,0.023450484292374715,0.02440922562446859,0.08259833852450053,,,,,,,,0.7438267054679961,0.7704924337744855,0.3730739106601413,51244_1476
886,102.4889661,2.952312875,Unhealthy,Serting_Basemap,0.1721092164516449,0.02422152707974116,0.023804089261425868,0.07916330960061815,,,,,,,,0.7929902734636964,0.7532579295114927,0.36990079381656954,51244_1476
887,102.488965,2.952386127,Healthy,Serting_Basemap,0.1576068020529217,0.024560838523838256,0.02266843534178204,0.07996838374270333,,,,,,,,0.8565359680984699,0.730349051608987,0.3267951492922629,51244_1476
888,102.4888964,2.952429149,Healthy,Serting_Basemap,0.14320162766509587,0.027718617891271908,0.0239009451535013,0.07550367547406091,,,,,,,,0.996446184276256,0.6756543638110959,0.30953960063766917,51244_1476
889,102.4888929,2.952345431,Healthy,Serting_Basemap,0.1369618939028846,0.026645654812455177,0.024029435796870127,0.07943049983845817,,,,,,,,0.9947853879878218,0.6742735280654334,0.26586606428132875,51244_1476
890,102.4889685,2.952461706,Healthy,Serting_Basemap,0.1713538865248362,0.025738535034987662,0.024279578278462093,0.07948735770252016,,,,,,,,0.8332638686792444,0.738817608193269,0.3662337471865292,51244_1476
891,102.4890336,2.95242101,Healthy,Serting_Basemap,0.18215080598990122,0.02486013538307614,0.024558406737115648,0.08100428680578868,,,,,,,,0.7755780667471764,0.7598181504978044,0.384360865334426,51244_1476
892,102.4890301,2.95234892,Healthy,Serting_Basemap,0.17539032797018686,0.023121378281050257,0.02435840376549297,0.08048267165819804,,,,,,,,0.7519407583098521,0.7670527474909942,0.3709170426337566,51244_1476
893,102.4890964,2.952461706,Healthy,Serting_Basemap,0.1928422467576133,0.025850099614924855,0.029395989038878016,0.08836774445242351,,,,,,,,0.7549170560878525,0.7635939250394277,0.37151774677578003,51244_1476
894,102.4890975,2.952394267,Healthy,Serting_Basemap,0.20184195703930324,0.022993823927309778,0.02635134259859721,0.08833606375588311,,,,,,,,0.6709094599780557,0.7954611687832353,0.3911595129513098,51244_1476
896,102.4890999,2.95223032,Healthy,Serting_Basemap,0.16805489526854622,0.023355138591594167,0.02555698197748926,0.10669832842217551,,,,,,,,0.7774610259154408,0.7559674577074752,0.2233151845215008,51244_1476
897,102.4890999,2.952159393,Healthy,Serting_Basemap,0.1443731470240487,0.023631775337788794,0.02414798674484094,0.1254304258359803,,,,,,,,0.8761242865267576,0.7186775838996873,0.0702093044479276,51244_1476
899,102.489094,2.951997772,Healthy,Serting_Basemap,0.11950551884041892,0.02424972028368049,0.02478706691828039,0.10712970710462993,,,,,,,,1.0062540757849832,0.6626248833582133,0.05460674387303626,51244_1475
901,102.489158,2.952037305,Healthy,Serting_Basemap,0.11627380053202312,0.027343094141946897,0.027641567298107676,0.11397982471519047,,,,,,,,1.1014251721672594,0.6192217607264179,0.009962821711795859,51244_1476
902,102.4891603,2.951960564,Healthy,Serting_Basemap,0.12165831443336275,0.025332643133070733,0.026991741317841742,0.09879054211907917,,,,,,,,1.0167864802245314,0.6553169861265583,0.10373277807791048,51244_1475
903,102.4891673,2.952112883,Healthy,Serting_Basemap,0.12941467844777638,0.025146835587090917,0.025953083195620112,0.13482234958145353,,,,,,,,0.978183813759429,0.6746041762839089,-0.020465228412571153,51244_1476
904,102.4891615,2.952195438,Unhealthy,Serting_Basemap,0.13849477966626486,0.023332722071144316,0.026464634471469455,0.1309202801850107,,,,,,,,0.8820408816159151,0.7116346502215012,0.028114610539720718,51244_1476
905,102.4891673,2.952271016,Healthy,Serting_Basemap,0.1775451832347446,0.022155977992547884,0.026528151912821665,0.11192856480677922,,,,,,,,0.7136003228376169,0.7781086714129744,0.22667554094940917,51244_1476
906,102.489165,2.952344269,Healthy,Serting_Basemap,0.26544619268841213,0.022112218249175284,0.025129064089722104,0.0910012341207928,,,,,,,,0.5283689010052836,0.8462071189148795,0.48939884383285004,51244_1476
907,102.4891696,2.952417521,Healthy,Serting_Basemap,0.24365081555313534,0.022861510929134157,0.0267892854495181,0.09198002268870671,,,,,,,,0.5784738137013101,0.8284393729109181,0.45189766726721575,51244_1476
908,102.4892289,2.952386127,Healthy,Serting_Basemap,0.268968587120374,0.021394612474573985,0.02298991485602326,0.09597894797722499,,,,,,,,0.5113011561529159,0.8526355095658189,0.474012351109279,51244_1476
909,102.4892301,2.952462868,Healthy,Serting_Basemap,0.21022379232777488,0.025684420640269916,0.0300766219281488,0.09570666402578354,,,,,,,,0.7044807130742359,0.7822507294924148,0.3743240528156043,51244_1476
911,102.4894324,2.952427986,Healthy,Serting_Basemap,0.22992774016327328,0.024884278782539897,0.02434049339758025,0.09531062924199635,,,,,,,,0.6547701991035084,0.8046852037396898,0.41390292039477866,51244_1476
912,102.4893696,2.95238729,Healthy,Serting_Basemap,0.2142421586645974,0.02091537167628606,0.022709702658984397,0.09898546172512902,,,,,,,,0.6001915851408957,0.8221160798383346,0.36796466670488004,51244_1476
913,102.4892998,2.952347757,Healthy,Serting_Basemap,0.20561603870656756,0.020877640487419233,0.022325997551282246,0.09852259937259886,,,,,,,,0.619291009688658,0.8156448289266564,0.3521204671998715,51244_1476
914,102.4892359,2.952310549,Healthy,Serting_Basemap,0.21774228248331282,0.021730311628845003,0.02311165899866157,0.11184969792763393,,,,,,,,0.6114442050829887,0.8185152525748517,0.3212838626220466,51244_1476
915,102.4892266,2.952231483,Healthy,Serting_Basemap,0.18674693173832363,0.022763327798909612,0.026313993458946545,0.12794770962662166,,,,,,,,0.7042357634939254,0.7826996362928546,0.1868453236339466,51244_1476
916,102.4892301,2.952155904,Healthy,Serting_Basemap,0.13193410469426048,0.02771232049498293,0.028058349051409297,0.12055901686350505,,,,,,,,1.029159567080489,0.6528288001170963,0.04505108004755301,51244_1476
917,102.4892382,2.952079163,Healthy,Serting_Basemap,0.12491455260250303,0.02795131794280476,0.02882163640525606,0.11215929521454705,,,,,,,,1.0666466178494185,0.6343027015370277,0.05380288676041236,51244_1476
918,102.4892987,2.952115208,Healthy,Serting_Basemap,0.15678651216957304,0.02949591539800167,0.027854757383465767,0.10867220494482252,,,,,,,,0.9685355678105875,0.6833204743662479,0.18124967884937213,51244_1476
919,102.4893603,2.952147765,Healthy,Serting_Basemap,0.17986427081955803,0.02831202062467734,0.026487581845786836,0.1168850345744027,,,,,,,,0.8612810916839639,0.7279995677868886,0.2122304419939412,51244_1476
920,102.4892929,2.952187299,Healthy,Serting_Basemap,0.16994091040558285,0.027412014702955883,0.025136590003967285,0.11846319917175505,,,,,,,,0.8775301127031307,0.7222031070694289,0.1784916009320028,51244_1476
921,102.4892952,2.952271016,Healthy,Serting_Basemap,0.1872645997338825,0.02401410581337081,0.022556437593367364,0.11627309521039327,,,,,,,,0.7450587786712752,0.7726784083500552,0.23388035722061482,51244_1476
922,102.4893684,2.952305898,Healthy,Serting_Basemap,0.20107723938094246,0.021160486878620252,0.022251889523532655,0.09593548129002254,,,,,,,,0.6372438532219641,0.8095689041211135,0.3539974916003597,51244_1476
923,102.4893568,2.952222181,Healthy,Serting_Basemap,0.19533774422274697,0.02368933107290003,0.022728371537393995,0.10868356542454825,,,,,,,,0.7139513162709639,0.7836858202035186,0.2850266611203306,51244_1476
924,102.4894347,2.952343106,Healthy,Serting_Basemap,0.2202065818839603,0.02185129477745957,0.02312534261080954,0.09847334937916861,,,,,,,,0.6090220850215067,0.8194539663088575,0.38199215125435215,51244_1476
925,102.4895045,2.952303573,Healthy,Serting_Basemap,0.1720632952120569,0.022892744176917605,0.022849076117078464,0.11121675537692176,,,,,,,,0.760879027576572,0.765149679397803,0.2147928867868624,51244_1476
926,102.4894987,2.952375663,Healthy,Serting_Basemap,0.19043335401349598,0.022974801767203543,0.022962761628958914,0.10849164177974065,,,,,,,,0.7087003969874135,0.7846867502963412,0.2741213126600948,51244_1476
927,102.4894964,2.952457055,Healthy,Serting_Basemap,0.18076842857731712,0.026595547795295715,0.02732528808216254,0.10032408601707882,,,,,,,,0.8143006113908094,0.7434892187107166,0.2861845776160775,51244_1476
928,102.489565,2.952501239,Healthy,Serting_Basemap,0.15623622139294943,0.02417242754664686,0.02500988480945428,0.09292238040102853,,,,,,,,0.8422780203621144,0.7320258458923421,0.2541105967686931,51244_1476
929,102.489637,2.952543098,Healthy,Serting_Basemap,0.12297730478975508,0.01726308630572425,0.015932070091366768,0.0592348865336842,,,,,,,,0.7962882606387837,0.7538072138721992,0.3498252108879129,51244_1476
931,102.4897022,2.952579143,Healthy,Serting_Basemap,0.14374764760335287,0.018019453208479617,0.016027239358259573,0.061319230331314936,,,,,,,,0.7361872888552712,0.7772173313603506,0.4019587078235949,51244_1476
932,102.4896998,2.952497751,Healthy,Serting_Basemap,0.1254493991533915,0.01693398401969009,0.015092796853019131,0.0576912516521083,,,,,,,,0.7767429891411204,0.76213538908392,0.3699787414933026,51244_1476
934,102.4897556,2.952382639,Unhealthy,Serting_Basemap,0.12576449662446976,0.020641113217506144,0.019236039887699816,0.08643560608228047,,,,,,,,0.886442218955435,0.7180283837513426,0.1853386970153347,51244_1476
935,102.4897556,2.952309386,Healthy,Serting_Basemap,0.13146620243787766,0.026771519022683304,0.02574810375356012,0.10011313524511126,,,,,,,,1.0162025572917885,0.6616291137716387,0.13538801650640309,51244_1476
936,102.489694,2.952260551,Healthy,Serting_Basemap,0.14400629533661735,0.028569534420967102,0.03234211810761028,0.11183533320824306,,,,,,,,0.9788802086084369,0.668904568373237,0.12574561189026082,51244_1476
937,102.4896963,2.952343106,Healthy,Serting_Basemap,0.135362242658933,0.01880481518391106,0.018503167459534273,0.09587647765874863,,,,,,,,0.785682149951344,0.7560462598555855,0.17075758309827108,51244_1476
938,102.4896963,2.952424498,Healthy,Serting_Basemap,0.12435686422718896,0.016293178415960737,0.015039948539601432,0.07398008513781759,,,,,,,,0.7578964129561092,0.768316054374772,0.2539959359597751,51244_1476
939,102.4896336,2.952461706,Healthy,Serting_Basemap,0.14300282961792415,0.02022292920284801,0.020117930860983,0.07869724887940618,,,,,,,,0.7947444159029582,0.7522090955625022,0.29005664397765346,51244_1476
940,102.4896359,2.952384965,Healthy,Serting_Basemap,0.1237505930993292,0.019294069355560675,0.021182090147501893,0.10855215125613743,,,,,,,,0.8410629006437756,0.730237129796504,0.06542514977754768,51244_1476
941,102.4896324,2.952304735,Healthy,Serting_Basemap,0.12186605152156618,0.02594525284237332,0.030262032109830115,0.12475395119852489,,,,,,,,1.0173681890200348,0.6489408850829004,-0.011709916653583128,51244_1476
942,102.4896289,2.952227994,Healthy,Serting_Basemap,0.1377833311756452,0.03189086044828097,0.03588251397013664,0.12129395620690452,,,,,,,,1.0744556696814118,0.6240929732087321,0.06364654785192621,51244_1476
943,102.4896987,2.952188461,Healthy,Serting_Basemap,0.14577906164858076,0.033548873331811696,0.03783512632879946,0.1059081173605389,,,,,,,,1.070515398633913,0.6258377331397933,0.15841468145104512,51244_1476
944,102.4896998,2.952118697,Healthy,Serting_Basemap,0.1468196560939153,0.03588335754142867,0.036896839944852725,0.09890631503529018,,,,,,,,1.1236231886672514,0.6071946835748634,0.19498688249534582,51244_1476
945,102.4896987,2.952040793,Healthy,Serting_Basemap,0.1337603736254904,0.03398508330186208,0.03016303852200508,0.09635899133152431,,,,,,,,1.1724372355587132,0.5948017439711597,0.16253035593485363,51244_1476
946,102.4896917,2.951965215,Healthy,Serting_Basemap,0.11740810920794804,0.028149020340707567,0.025932578576935664,0.11385484702057308,,,,,,,,1.1279983821559723,0.6132237503172505,0.015364597276287644,51244_1475
947,102.4896266,2.951998934,Healthy,Serting_Basemap,0.12166804737514919,0.025103683686918683,0.02303897775709629,0.11895586136314604,,,,,,,,1.0303470508935457,0.6579220875128514,0.011271473504958114,51244_1475
948,102.4896301,2.951924519,Healthy,Serting_Basemap,0.11374486982822418,0.02323610894382,0.021922159733043775,0.1196908379594485,,,,,,,,1.0205865795218234,0.6607396274706404,-0.025471544981595633,51244_1475
949,102.4895696,2.951959401,Healthy,Serting_Basemap,0.17199024475283092,0.022959981734553974,0.02309532380766339,0.14598685089084837,,,,,,,,0.7621395755092906,0.7644528847363028,0.08177756894515949,51244_1475
950,102.4894952,2.951923356,Healthy,Serting_Basemap,0.26242479433616,0.021597046198116407,0.023312378467784986,0.18054352783494526,,,,,,,,0.5252658772944089,0.8479198208314545,0.18484677662703494,51244_1475
952,102.4894952,2.951996609,Healthy,Serting_Basemap,0.24101116673813927,0.025484764327605564,0.02530029747221205,0.16472408341036904,,,,,,,,0.6425790362652806,0.8087418128622876,0.1880218277801779,51244_1475
953,102.489565,2.952032654,Healthy,Serting_Basemap,0.15701278133524788,0.023886897911628086,0.02361512991289298,0.13801829599671894,,,,,,,,0.8366626753507121,0.7359100025928806,0.06438130352334535,51244_1476
954,102.4896301,2.95207335,Healthy,Serting_Basemap,0.13557380272282493,0.03014119631714291,0.02772116309238805,0.10663612518045637,,,,,,,,1.0785062146246314,0.6362285068731368,0.11947354013467147,51244_1476
955,102.4896312,2.95214544,Healthy,Serting_Basemap,0.1482076512442695,0.03409645395974318,0.03254992307888137,0.1082506991095013,,,,,,,,1.095686295606735,0.625938714637429,0.15580288994158184,51244_1476
956,102.4895591,2.952109395,Healthy,Serting_Basemap,0.15431349476178488,0.0293497188637654,0.02761357484592332,0.1150767124361462,,,,,,,,0.9757767484153554,0.6803963266851777,0.14565036618725324,51244_1476
957,102.4895684,2.952184973,Healthy,Serting_Basemap,0.15215230484803519,0.030888017473949328,0.03052650350663397,0.11684459696213405,,,,,,,,1.010837570052755,0.6625004033852769,0.13125693139327585,51244_1476
958,102.4895638,2.95226869,Healthy,Serting_Basemap,0.14342511941989264,0.02934300609760814,0.030872964196734957,0.12298761970467037,,,,,,,,1.0075539618397067,0.6603192167569613,0.07671367286106609,51244_1476
959,102.4895626,2.952345431,Healthy,Serting_Basemap,0.14670780383878285,0.023020284457339182,0.024608486228519015,0.11584964642922084,,,,,,,,0.8472807185439741,0.7287392477174899,0.11752916315291666,51244_1476
960,102.4895603,2.952418684,Healthy,Serting_Basemap,0.1611540276143286,0.02300966137813197,0.023397545433706708,0.10382563786374198,,,,,,,,0.7983544080138125,0.7501172842049885,0.21635014765059793,51244_1476
961,102.4894301,2.952261714,Healthy,Serting_Basemap,0.19536702500449288,0.02375422314637237,0.022920318154825106,0.11363062924808925,,,,,,,,0.7149616085444133,0.7831864928953164,0.26452108820732445,51244_1476
962,102.4894336,2.952184973,Healthy,Serting_Basemap,0.18349028627077738,0.025541051601370175,0.023850278928875923,0.1109612493051423,,,,,,,,0.7906752688305141,0.755624665073022,0.24631909907949728,51244_1476
963,102.4894975,2.952224506,Healthy,Serting_Basemap,0.17037136024898952,0.026296077710058954,0.025150600613819227,0.12214273462692897,,,,,,,,0.847870426850629,0.7325833093373137,0.16487624516869398,51244_1476
964,102.4894905,2.952152416,Healthy,Serting_Basemap,0.17634307344754538,0.027020072978403833,0.02552104617158572,0.1261361555920707,,,,,,,,0.8446931642219372,0.7342677525080221,0.16598467939396597,51244_1476
965,102.4894277,2.952115208,Healthy,Serting_Basemap,0.1935981528626548,0.026965835442145664,0.025190006113714643,0.12286121894915898,,,,,,,,0.7910194269605747,0.7554828814132504,0.22352611492751226,51244_1476
966,102.4894324,2.952037305,Unhealthy,Serting_Basemap,0.30086539023452336,0.02723445722626315,0.027265659636921354,0.1722096312377188,,,,,,,,0.5694607373920622,0.8339867730080665,0.2719563560900319,51244_1476
968,102.4893603,2.952000097,Unhealthy,Serting_Basemap,0.27912596695952946,0.027689661623703107,0.028622059151530266,0.1647185997830497,,,,,,,,0.6100264642169686,0.8195029259000638,0.2577644872756406,51244_1476
970,102.4892301,2.951925681,Unhealthy,Serting_Basemap,0.1260062133272489,0.026590521964761946,0.028630472926629916,0.10498962882492277,,,,,,,,1.0236093692793335,0.6514929115111405,0.0909825229169327,51244_1475
971,102.4890952,2.952697742,Healthy,Serting_Basemap,0.1685602201355828,0.018241602306564648,0.021181639697816636,0.07960570851961772,,,,,,,,0.6450780279786829,0.8046956708656943,0.3584477212404031,51244_1476
972,102.4893638,2.951918705,Healthy,Serting_Basemap,0.3026537564065721,0.024469929850763746,0.027666820006238088,0.17793084267112944,,,,,,,,0.5161609811235183,0.8503934084949497,0.2595233263296423,51244_1475
973,102.4894312,2.951879172,Healthy,Serting_Basemap,0.3225543515549766,0.02362327194876141,0.025800305729111035,0.19650881323549482,,,,,,,,0.4777189124441828,0.8635193591679023,0.24283275498919704,51244_1475
974,102.489558,2.951887311,Healthy,Serting_Basemap,0.1599211816986402,0.02081787958741188,0.021580559718939994,0.14179704835017523,,,,,,,,0.7463695535584237,0.7696360771237619,0.06006973243059472,51244_1475
975,102.4896882,2.951884986,Healthy,Serting_Basemap,0.11026748435364829,0.023662606875101726,0.023377303241027728,0.10461569908592436,,,,,,,,1.046034445455178,0.6466424138443025,0.026301663895971054,51244_1475
976,102.4896266,2.951843127,Healthy,Serting_Basemap,0.11275004843870799,0.021349705134828884,0.020414311645759478,0.0917426927222146,,,,,,,,0.9711928769337037,0.6815847223295418,0.10272910225190812,51244_1475
977,102.4895626,2.951805919,Healthy,Serting_Basemap,0.14348578453063965,0.020234691600004833,0.01954767583972878,0.12817375279135174,,,,,,,,0.7954558764878191,0.7528141613287503,0.05636478619610891,51244_1475
978,102.4894964,2.951843127,Healthy,Serting_Basemap,0.2451937264866299,0.021139784819549985,0.021331643892659083,0.16319067693418926,,,,,,,,0.5476540580805771,0.8412532864086528,0.2007986810111862,51244_1475
979,102.4896266,2.951765223,Healthy,Serting_Basemap,0.12506036625968087,0.02129913576775127,0.02044360339641571,0.10201533469888899,,,,,,,,0.9058535669888664,0.7089476874038669,0.10148611878554308,51244_1475
980,102.4896905,2.951805919,Healthy,Serting_Basemap,0.11347911672459708,0.022654625897606213,0.022221641821993723,0.08255367891656028,,,,,,,,1.0012540568260166,0.6671710413416452,0.15775644940883538,51244_1475
981,102.489758,2.951780339,Healthy,Serting_Basemap,0.12118177364269893,0.02396523890395959,0.024030020667446986,0.06459673369924228,,,,,,,,0.9926460382245057,0.6697797841859708,0.3045833490270597,51244_1475
983,102.4898952,2.951773362,Healthy,Serting_Basemap,0.13149099383089277,0.02467386403845416,0.024006966087553237,0.06771589732832378,,,,,,,,0.9636078466641187,0.6840023501433699,0.320145031788065,51244_1475
985,102.4898208,2.951902427,Healthy,Serting_Basemap,0.13169790224896538,0.02359014770223035,0.024429071694612503,0.0760947432782915,,,,,,,,0.928255945904098,0.6961756206012721,0.26758963884205533,51244_1475
986,102.4896836,2.951723364,Healthy,Serting_Basemap,0.13331618987851673,0.0234988983720541,0.021519878258307774,0.09374785423278809,,,,,,,,0.9314154841524435,0.7002979925693654,0.17426068403120926,51244_1475
987,102.4896312,2.951681506,Healthy,Serting_Basemap,0.1559998955991533,0.023490587042437658,0.020781415618128248,0.12875809768835703,,,,,,,,0.8398400477440972,0.7382525613979882,0.09566649067965295,51244_1475
988,102.4895661,2.951654763,Healthy,Serting_Basemap,0.1557073046763738,0.022355756618910365,0.02107845971153842,0.13852224085066053,,,,,,,,0.8074413142606727,0.7489006820809675,0.058406995785996896,51244_1475
989,102.489494,2.951688482,Healthy,Serting_Basemap,0.1726474165916443,0.022334042108721204,0.022876850846740935,0.1606847701801194,,,,,,,,0.7438718828390913,0.7709111188562533,0.0358880626781951,51244_1475
990,102.4894289,2.951730341,Healthy,Serting_Basemap,0.19629626969496408,0.025440506637096405,0.02532915274302165,0.15408390512069067,,,,,,,,0.7468596202686878,0.7705341706691168,0.12047589335350542,51244_1475
991,102.4894929,2.951768711,Healthy,Serting_Basemap,0.21437570949395499,0.02065755861500899,0.02105180567337407,0.15913707183467019,,,,,,,,0.5971630300993559,0.8242158756399378,0.14788955136366422,51244_1475
992,102.489565,2.951728015,Healthy,Serting_Basemap,0.1495722590221299,0.021038926516969998,0.020132444178064663,0.13377228544818032,,,,,,,,0.7947368996230483,0.753369904200702,0.05576240616697369,51244_1475
993,102.4894266,2.951650112,Healthy,Serting_Basemap,0.1856453153822157,0.026515102427866723,0.026611312809917662,0.16161517881684834,,,,,,,,0.7995904545502261,0.7500466609035245,0.0691991659482933,51244_1475
994,102.4894975,2.951616392,Healthy,Serting_Basemap,0.17044512927532196,0.023482437969909772,0.023031683017810185,0.14134691572851604,,,,,,,,0.7813100346278998,0.7578225901197947,0.09332570863521465,51244_1475
995,102.4895638,2.951576859,Healthy,Serting_Basemap,0.15548782216178048,0.023448877450492647,0.021407162977589503,0.1196114859647221,,,,,,,,0.838235501161092,0.7379086850120453,0.13041230979963384,51244_1475
996,102.4894243,2.951572208,Healthy,Serting_Basemap,0.17531269623173606,0.023366448779900868,0.025417359959748056,0.13486828489436042,,,,,,,,0.7553922209587932,0.7647820683088578,0.13038972019027162,51244_1475
997,102.4892917,2.951646623,Healthy,Serting_Basemap,0.16435972932312223,0.03173641115427017,0.030898725820912257,0.12554212328460482,,,,,,,,0.9812933779554324,0.6763178400451078,0.13389913065178793,51244_1475
998,102.4892964,2.951722202,Healthy,Serting_Basemap,0.16785742176903617,0.0320982581211461,0.030111411586403847,0.1200345324145423,,,,,,,,0.9794813287231993,0.6789462731063726,0.16611401833063702,51244_1475
999,102.4892917,2.951804756,Healthy,Serting_Basemap,0.17319331069787344,0.029108243270052805,0.028412829670641158,0.12233207954300775,,,,,,,,0.8962496797568039,0.7122291678029545,0.17210443784004134,51244_1475
1000,102.489365,2.951843127,Healthy,Serting_Basemap,0.2680257062117259,0.02436998776263661,0.02594983557032214,0.1657345046599706,,,,,,,,0.5688680326845769,0.8333081624329708,0.23582430796542647,51244_1475
1002,102.489158,2.951880335,Healthy,Serting_Basemap,0.13481287906567255,0.02472031344142225,0.026778015204601817,0.09749832252661388,,,,,,,,0.937123072661201,0.690091910618251,0.16062314810177303,51244_1475
1003,102.4891615,2.951805919,Healthy,Serting_Basemap,0.14078393826882044,0.028695302704970043,0.028214084191454783,0.08762224929200278,,,,,,,,1.0140192279064675,0.6613708848341173,0.232750651567445,51244_1475
1004,102.4891626,2.95172569,Healthy,Serting_Basemap,0.12702851245800653,0.029847667862971623,0.028468223495615855,0.08403251734044817,,,,,,,,1.109619611169194,0.6194748265555485,0.20371356644386637,51244_1475
1005,102.4892301,2.951687319,Healthy,Serting_Basemap,0.12009632587432861,0.028696974739432335,0.0286785326898098,0.08990222712357838,,,,,,,,1.1135331289666928,0.6142706073316538,0.143782413353349,51244_1475
1006,102.4892278,2.951611741,Healthy,Serting_Basemap,0.11135542475514942,0.022881038693918124,0.02465981100168493,0.0903825279739168,,,,,,,,1.0069920518940823,0.6590935412627327,0.10396108663499325,51244_1475
1007,102.4891592,2.951657088,Healthy,Serting_Basemap,0.11647688100735347,0.02685429486963484,0.026983504700991843,0.08074900259574254,,,,,,,,1.0895951478642094,0.6252832685516777,0.18115207679084816,51244_1475
1008,102.4890964,2.951768711,Healthy,Serting_Basemap,0.12069265875551435,0.027547006598777242,0.025114714064531855,0.09535134087006251,,,,,,,,1.0969364480686612,0.6283449975019828,0.1172970225017615,51244_1475
1009,102.4890952,2.95169197,Healthy,Serting_Basemap,0.11678388880358802,0.029768300760123465,0.026604665029380057,0.09477261536651188,,,,,,,,1.173567691331644,0.5937515386328347,0.104044418409269,51244_1475
1010,102.4890917,2.951612904,Healthy,Serting_Basemap,0.12114435185988744,0.021222348014513653,0.021052941266033385,0.09374787327316073,,,,,,,,0.9195025730232683,0.7018635954442091,0.12748938948239974,51244_1475
1011,102.4891615,2.951575696,Healthy,Serting_Basemap,0.11376010957691404,0.021209651190373633,0.023212538411219914,0.08862986663977306,,,,,,,,0.9458462833704864,0.6857125467245524,0.12416742867856019,51244_1475
1012,102.4890278,2.951579184,Healthy,Serting_Basemap,0.13695563624302545,0.02142603498780065,0.02033544166220559,0.10604389839702183,,,,,,,,0.8564284199450273,0.7294379479482286,0.12720904133332134,51244_1475
1013,102.488965,2.951617555,Healthy,Serting_Basemap,0.14618487490548027,0.021622698547111616,0.01978210566772355,0.09845571964979172,,,,,,,,0.8268229170067168,0.7422917440228601,0.19509908133788906,51244_1475
1015,102.4890301,2.951655925,Healthy,Serting_Basemap,0.13113300253947577,0.024983800533745024,0.02274682828121715,0.1014117838607894,,,,,,,,0.9804901755132029,0.6799345100344222,0.1278085788925366,51244_1475
1016,102.4890231,2.951729178,Healthy,Serting_Basemap,0.12721065514617497,0.028094081001149282,0.02467669401731756,0.1264023557305336,,,,,,,,1.0801494455064204,0.6382070283484613,0.0031871370196945993,51244_1475
1019,102.4889638,2.951847778,Healthy,Serting_Basemap,0.12107843988471562,0.028310766029689047,0.02373856595820851,0.10260133445262909,,,,,,,,1.1243435868629976,0.6209797641482849,0.08260516842358805,51244_1475
1020,102.4888975,2.951876846,Healthy,Serting_Basemap,0.14978720744450888,0.026883548953466944,0.022112460600005254,0.06763883431752522,,,,,,,,0.953035289538413,0.6956649815557707,0.3778221433883823,51244_1475
1022,102.4887661,2.951962889,Healthy,Serting_Basemap,0.1421458050608635,0.01709762453618977,0.015443475710021125,0.0654420360094971,,,,,,,,0.7132014057718961,0.7852643015859017,0.3695002975890487,51244_1475
1023,102.4888313,2.951850103,Healthy,Serting_Basemap,0.1557336300611496,0.025321087903446622,0.020406825054023,0.07514188107517031,,,,,,,,0.8932284734679966,0.7202935312804393,0.3490701486239226,51244_1475
1024,102.4887592,2.951811733,Healthy,Serting_Basemap,0.1856661256816652,0.018582287347979017,0.017239888819555443,0.0769241096244918,,,,,,,,0.6192274500635881,0.8180422841740072,0.41411294647110486,51244_1475
1025,102.4888278,2.951768711,Healthy,Serting_Basemap,0.16470604638258615,0.02837647156169017,0.023454454106589157,0.07812600251701143,,,,,,,,0.9269061311825981,0.706068971299829,0.3565429038626301,51244_1475
1026,102.4888952,2.951728015,Healthy,Serting_Basemap,0.14128458665476906,0.0262999902996752,0.02219285277856721,0.11160658796628316,,,,,,,,0.9737247064759187,0.6861287502987281,0.11735482162616886,51244_1475
1027,102.4889627,2.951768711,Healthy,Serting_Basemap,0.1268597659137514,0.02729209057158894,0.02310139872133732,0.11408080160617828,,,,,,,,1.0674245544036733,0.6459064302714462,0.05303782770627069,51244_1475
1029,102.4888313,2.951689645,Unhealthy,Serting_Basemap,0.13311493396759033,0.03845038223597738,0.03489772747788164,0.0797076854440901,,,,,,,,1.255966498102592,0.5517697505904424,0.2509472379916073,51244_1475
1030,102.4888941,2.951650112,Unhealthy,Serting_Basemap,0.14443579812844595,0.02549921762612131,0.022512269723746512,0.09596064107285605,,,,,,,,0.9359807939254765,0.6998944859845817,0.20164673493769186,51244_1475
1032,102.4887638,2.951582673,Unhealthy,Serting_Basemap,0.1848525090350045,0.03259523957967758,0.033927204087376595,0.07867940680848227,,,,,,,,0.9182721416715107,0.7002016366015689,0.40288517573552296,51244_1475
1033,102.4888847,2.951574533,Unhealthy,Serting_Basemap,0.13473239209916857,0.03271836828854349,0.032294395897123546,0.07604746520519257,,,,,,,,1.1259699636263807,0.6092180386307228,0.27841809765169523,51244_1475
1034,102.4887638,2.952431474,Healthy,Serting_Basemap,0.12236881421671973,0.019933721154100366,0.020278760542472202,0.06854996416303846,,,,,,,,0.8737350591481445,0.7198402529911931,0.2818939577888443,51244_1476
1035,102.4887661,2.952352408,Healthy,Serting_Basemap,0.11719433218240738,0.016910518416100077,0.0164856869313452,0.061534025188949376,,,,,,,,0.8076614595937385,0.7478015397559633,0.31142403931911367,51244_1476
1036,102.4887696,2.952273341,Healthy,Serting_Basemap,0.1111879911687639,0.02014381407449643,0.017709898555444345,0.0682450607419014,,,,,,,,0.9525077241939134,0.6932378407928698,0.23932564245879623,51244_1476
1037,102.4887627,2.952200089,Healthy,Serting_Basemap,0.11539345979690552,0.01702577041255103,0.01607229146692488,0.07135060181220372,,,,,,,,0.8229119844905671,0.7428504849994942,0.2358460965516101,51244_1476
1038,102.4887673,2.952114046,Healthy,Serting_Basemap,0.11586839705705643,0.016907622934215598,0.016606588951415487,0.07303646827737491,,,,,,,,0.8134030601018836,0.7453211365225887,0.22673809223416874,51244_1476
1040,102.4879697,2.952579724,Unhealthy,Serting_Basemap,0.16782739261786142,0.021851807625757322,0.0229960090170304,0.10493842760721843,,,,,,,,0.7453915686427302,0.7695919468482422,0.23056028412485305,51243_1476
1041,102.4879046,2.952622745,Healthy,Serting_Basemap,0.16620863642957476,0.02316339976257748,0.02556826091474957,0.1013682418399387,,,,,,,,0.7782625828031525,0.7553662068767745,0.24232435556082083,51243_1476
1042,102.4878394,2.9525867,Healthy,Serting_Basemap,0.20722990234692892,0.022611919790506363,0.027616599367724523,0.10335845665799247,,,,,,,,0.6458925907227082,0.8032392923078601,0.3344344457136933,51243_1476
1043,102.4878348,2.952506471,Healthy,Serting_Basemap,0.22996055086453757,0.02171785570681095,0.02514173018021716,0.09312917292118073,,,,,,,,0.5819790111930613,0.8274158200325847,0.4235089136852494,51243_1476
1044,102.4878371,2.95242973,Healthy,Serting_Basemap,0.18881844149695504,0.023566898786359362,0.022599553585880332,0.08553618937730789,,,,,,,,0.7291969951337518,0.7780741481034239,0.376455289967318,51243_1476
1045,102.4878371,2.952359966,Healthy,Serting_Basemap,0.18130794001950157,0.024511780589818954,0.020683521404862404,0.08546805381774902,,,,,,,,0.7812052150675756,0.7618131001514056,0.35925228812087434,51243_1476
1046,102.4878336,2.952279737,Healthy,Serting_Basemap,0.17326776517762077,0.025045797435773745,0.020855232866273984,0.08705114987161425,,,,,,,,0.8204521158797645,0.7474121577393105,0.3311961226086859,51243_1476
1048,102.4879046,2.952393685,Healthy,Serting_Basemap,0.20926721394062042,0.02065248518354363,0.020615243456429906,0.09089642018079758,,,,,,,,0.6092460953317028,0.8203504505075868,0.39435421318207103,51243_1476
1049,102.4879046,2.95246345,Healthy,Serting_Basemap,0.23954463170634377,0.02039511688053608,0.02236045938399103,0.10105107062392765,,,,,,,,0.539026941114417,0.8430781210537379,0.4066215754775456,51243_1476
1050,102.4879034,2.952550655,Healthy,Serting_Basemap,0.23355508844057718,0.021092164433664747,0.023555903385082882,0.11370139320691426,,,,,,,,0.563782003268955,0.834342101117571,0.34514458784193214,51243_1476
1051,102.4879673,2.952502983,Healthy,Serting_Basemap,0.1922430329852634,0.020793613874249987,0.022263762230674427,0.11031751251882976,,,,,,,,0.6495618643044229,0.8047883856530815,0.2707739713052749,51243_1476
1052,102.4880359,2.952466938,Unhealthy,Serting_Basemap,0.16091594762272304,0.018986427535613377,0.01994862635102537,0.09534736639923519,,,,,,,,0.6940833702341225,0.7889252154797515,0.25586409616894884,51244_1476
1053,102.4880313,2.952547167,Healthy,Serting_Basemap,0.1577022953165902,0.020513147943549685,0.021128981684645016,0.10018500685691833,,,,,,,,0.7464158791189164,0.7697938229336636,0.2230326502115788,51244_1476
1054,102.4881069,2.952506471,Healthy,Serting_Basemap,0.17411057154337564,0.020202238112688065,0.02193864600525962,0.09631601472695668,,,,,,,,0.6835076345052552,0.7920647830840767,0.28767347874092347,51244_1476
1055,102.488165,2.952547167,Healthy,Serting_Basemap,0.17342967953946856,0.020838812614480656,0.022284230631258752,0.10121483355760574,,,,,,,,0.7022596683372052,0.7854637941188445,0.26293933626242944,51244_1476
1056,102.4882325,2.952502983,Healthy,Serting_Basemap,0.1706563433011373,0.022777432575821877,0.021934311216076214,0.09943327804406484,,,,,,,,0.7651601460315198,0.7644937398077747,0.26370159987022274,51244_1476
1057,102.4882976,2.952547167,Healthy,Serting_Basemap,0.15263108991914326,0.026123427061571017,0.02325532440510061,0.08304549670881695,,,,,,,,0.9160760195778576,0.7077172929354345,0.29525882993279406,51244_1476
1058,102.4883662,2.952507634,Healthy,Serting_Basemap,0.14559334268172583,0.027755112283759646,0.02471657759613461,0.07593899054659738,,,,,,,,0.9832643514692181,0.6797766407634169,0.3144207038317017,51244_1476
1060,102.4884406,2.952546005,Healthy,Serting_Basemap,0.1623838378323449,0.026121593390901882,0.02459364529285166,0.08949293692906697,,,,,,,,0.8735563996558304,0.7228558007968893,0.28939111584354377,51244_1476
1061,102.4885673,2.952469264,Healthy,Serting_Basemap,0.2107358541753557,0.019074819568130705,0.019284220826294687,0.07618504348728392,,,,,,,,0.5690372495477573,0.8339953557647029,0.4689474060069199,51244_1476
1062,102.4885044,2.952421736,Healthy,Serting_Basemap,0.19330813156233895,0.020169568351573415,0.021977611920899816,0.07781926294167836,,,,,,,,0.6312239508726079,0.8110381706407082,0.4259579480410984,51244_1476
1063,102.4884977,2.952354733,Healthy,Serting_Basemap,0.16354260759221184,0.020394217222929,0.022755715168184705,0.07731270045042038,,,,,,,,0.7184643428381228,0.7782475886117368,0.35801539041243996,51244_1476
1064,102.4885651,2.952390778,Healthy,Serting_Basemap,0.22495451238420275,0.018462885171175003,0.019519665071533784,0.0760557891594039,,,,,,,,0.5248866694011675,0.8483026656549915,0.49466321405358366,51244_1476
1065,102.4886407,2.952426823,Healthy,Serting_Basemap,0.20819063898589876,0.0174092213726706,0.01778592189980878,0.07258889906936222,,,,,,,,0.5340354264547101,0.8456628355620407,0.4829473716487431,51244_1476
1066,102.4886372,2.952516355,Healthy,Serting_Basemap,0.177270936469237,0.019488890862299338,0.017288902464012306,0.07261550592051612,,,,,,,,0.6676060433398757,0.8019017283496497,0.4188119593358635,51244_1476
1067,102.4886989,2.952541935,Unhealthy,Serting_Basemap,0.15646925154659483,0.021768684188524883,0.021108665814002354,0.07689390497075187,,,,,,,,0.787595814225287,0.7557345567458161,0.3409936159735132,51244_1476
1068,102.4885663,2.952538447,Healthy,Serting_Basemap,0.18893256452348497,0.020048131855825584,0.020312081091105938,0.08413938764068815,,,,,,,,0.6432360228411376,0.8081341271881188,0.38375664747800353,51244_1476
1069,102.4886942,2.951846615,Healthy,Serting_Basemap,0.18738355570369297,0.014672355105479559,0.014856849900550313,0.07433294256528218,,,,,,,,0.5068496756825299,0.8547693552074647,0.4319582979527135,51244_1475
1070,102.4886907,2.95177685,Healthy,Serting_Basemap,0.1852664202451706,0.01721992954197857,0.018257363595896296,0.07750112149450514,,,,,,,,0.5789095957790193,0.8299151566505109,0.4101164779987504,51244_1475
1071,102.4886314,2.951812895,Healthy,Serting_Basemap,0.19471787412961325,0.014960641144878335,0.01558195168359412,0.08128259827693303,,,,,,,,0.4982290278493221,0.8572992457019905,0.41099667280855606,51244_1475
1072,102.488564,2.951850103,Healthy,Serting_Basemap,0.18383823997444576,0.016517199989822175,0.017064960569971137,0.08888252245055304,,,,,,,,0.5648412210032333,0.8351210229902626,0.348179275679484,51244_1475
1073,102.4884977,2.951807082,Healthy,Serting_Basemap,0.1772324095169703,0.020170412129826017,0.019246486946940422,0.09732808421055476,,,,,,,,0.6813760971661893,0.7956421092509408,0.29102630251573236,51244_1475
1074,102.4886965,2.952474496,Healthy,Serting_Basemap,0.152799677517679,0.019306239465044603,0.020154680125415325,0.07011837139725685,,,,,,,,0.7300289507657819,0.7756469992024435,0.3709044939289453,51244_1476
1075,102.4886977,2.952390778,Healthy,Serting_Basemap,0.15827681124210358,0.017222356361647446,0.018024146660334535,0.06668379199173716,,,,,,,,0.6537683573005089,0.8037328997419204,0.40715137643526783,51244_1476
1076,102.4886372,2.952357059,Healthy,Serting_Basemap,0.18709986491335762,0.01642025551862187,0.0169904339644644,0.07236786848968929,,,,,,,,0.5544320900944255,0.8386375215996411,0.44218213540042833,51244_1476
1077,102.4885663,2.952316363,Healthy,Serting_Basemap,0.14975214584006202,0.01724225551717811,0.01966299654708968,0.06946355973680814,,,,,,,,0.6764996498168386,0.7934989990437716,0.36625380417873343,51244_1476
1078,102.4886384,2.952275667,Healthy,Serting_Basemap,0.15571450855996874,0.015173120010230277,0.01710639438695378,0.07054529587427776,,,,,,,,0.5974635381929333,0.8224199125801865,0.37642219703430385,51244_1476
1079,102.4887,2.952236134,Healthy,Serting_Basemap,0.10950007206863827,0.014403715108831724,0.01643325202167034,0.06173821000589265,,,,,,,,0.7446630422992406,0.767501616585763,0.27892046967603557,51244_1476
1080,102.4887047,2.95215823,Healthy,Serting_Basemap,0.10839596473508412,0.015494209610753588,0.017044990840885375,0.06961474774612321,,,,,,,,0.7923938649406926,0.7498718571901961,0.21785889426769786,51244_1476
1081,102.4887023,2.952076838,Healthy,Serting_Basemap,0.10813002702262667,0.01534861098561022,0.017256849962804053,0.0714420299563143,,,,,,,,0.7866841574873275,0.7513964968647231,0.20430794013021136,51244_1476
1082,102.4886977,2.951998934,Healthy,Serting_Basemap,0.1182080681125323,0.015020856219861243,0.01649655184398095,0.06490340042445394,,,,,,,,0.7294053106437204,0.7745105832666541,0.29110501987652115,51244_1475
1083,102.4887,2.951918705,Healthy,Serting_Basemap,0.1645069643855095,0.014106072795887789,0.014359977199799485,0.06903203162882063,,,,,,,,0.5449540265290014,0.8420487886160086,0.408817946407676,51244_1475
1084,102.4886291,2.951888474,Healthy,Serting_Basemap,0.18456809553835127,0.013940608646306727,0.015428537192444006,0.0759912704428037,,,,,,,,0.4894063602890647,0.8595466258916404,0.4167066675446256,51244_1475
1085,102.4886291,2.951960564,Healthy,Serting_Basemap,0.16868801249398124,0.013061593079732524,0.015762923906246822,0.07017096214824253,,,,,,,,0.4962278525379528,0.856268264918627,0.41244860275107104,51244_1475
1086,102.4886314,2.952037305,Healthy,Serting_Basemap,0.13196160892645517,0.014406345888144441,0.017429979311095342,0.06571443420317438,,,,,,,,0.6467340015414059,0.8031489077456528,0.33513001208668486,51244_1476
1087,102.4886337,2.952114046,Healthy,Serting_Basemap,0.10034176790051991,0.015854819160368707,0.01817641220986843,0.07498625251981947,,,,,,,,0.844308029015949,0.7271035309830475,0.14461758776441994,51244_1476
1088,102.4886303,2.952194275,Healthy,Serting_Basemap,0.10045032699902852,0.014656037713090578,0.017536516301333904,0.07491137045953009,,,,,,,,0.7959888824601143,0.745347917993148,0.1456358880509456,51244_1476
1089,102.4885628,2.952234971,Healthy,Serting_Basemap,0.10078802290889952,0.01545683066878054,0.019173427691890135,0.06517364457249641,,,,,,,,0.8195827911018948,0.7340642584499177,0.21459400159615427,51244_1476
1090,102.4884989,2.952275667,Healthy,Serting_Basemap,0.13391328354676565,0.020441087273259956,0.0232027480378747,0.07352630959616767,,,,,,,,0.825909998789348,0.7351408040515562,0.2911063073141934,51244_1476
1091,102.4884303,2.952317526,Healthy,Serting_Basemap,0.11720543603102367,0.02198956058257156,0.024633940930167835,0.07329782678021325,,,,,,,,0.9467113685364632,0.6840466810223863,0.2304821901886108,51244_1476
1092,102.4883651,2.952357059,Healthy,Serting_Basemap,0.12121660676267412,0.021786524603764217,0.02302374028497272,0.07613980232013597,,,,,,,,0.9280072684128943,0.6953000344036195,0.22840304326587174,51244_1476
1093,102.4883686,2.952427986,Healthy,Serting_Basemap,0.1233518918355306,0.023956061237388186,0.022103903608189687,0.07550952086846034,,,,,,,,0.9911079974491119,0.6747485694064365,0.240581469861549,51244_1476
1094,102.4883,2.952395429,Healthy,Serting_Basemap,0.12077016797330645,0.0228920905954308,0.019841785439186625,0.08714440133836535,,,,,,,,0.9825135330899204,0.681306825835851,0.1617287655514646,51244_1476
1096,102.4882989,2.952460543,Healthy,Serting_Basemap,0.13272407485379112,0.024699216708540916,0.021155932711230382,0.08598503387636608,,,,,,,,0.9720348735148137,0.6862063235571311,0.21370413536407193,51244_1476
1097,102.4881686,2.952394267,Healthy,Serting_Basemap,0.12521232416232428,0.02147377820478545,0.021366767378316984,0.0996103444033199,,,,,,,,0.9064172637264822,0.7072145505503548,0.11387632716195194,51244_1476
1098,102.4881698,2.952469845,Healthy,Serting_Basemap,0.1516546607017517,0.019465715313951176,0.020800031100710232,0.10275224182340834,,,,,,,,0.736688486080297,0.7724909707752758,0.1922212738449857,51244_1476
1099,102.4881035,2.952426823,Healthy,Serting_Basemap,0.12860875742303002,0.02246305284400781,0.021504255011677742,0.09711966001325184,,,,,,,,0.9213763089258231,0.7026175458637633,0.13949992547423434,51244_1476
1100,102.4880361,2.952393104,Healthy,Serting_Basemap,0.14344650672541726,0.02161222654912207,0.020588589418265555,0.09476286172866821,,,,,,,,0.834209149954094,0.7381268337595343,0.20437334313378505,51244_1476
1102,102.4879698,2.952359384,Healthy,Serting_Basemap,0.1610664286547237,0.023271810470355883,0.020722294019328222,0.09084545820951462,,,,,,,,0.8153662368435886,0.7475096802398641,0.27875211177729353,51243_1476
1103,102.4879024,2.95224311,Healthy,Serting_Basemap,0.14652839965290493,0.024753715842962265,0.017928291319145098,0.10231191085444556,,,,,,,,0.9255277206461953,0.710959713787987,0.17769021710472932,51243_1476
1104,102.4879012,2.952162881,Healthy,Serting_Basemap,0.15218600961897108,0.024400835235913593,0.018534604253040418,0.09976492242680655,,,,,,,,0.8892340131699601,0.7236392636612802,0.20806069962321078,51243_1476
1105,102.4879012,2.952088465,Healthy,Serting_Basemap,0.151442794336213,0.02033815098305543,0.019220545370545652,0.10805795010593203,,,,,,,,0.7698754789993124,0.7632083006033599,0.16718581799657806,51243_1476
1107,102.4879047,2.951943123,Healthy,Serting_Basemap,0.17480021715164185,0.021752260625362396,0.02178916459282239,0.10619693332248265,,,,,,,,0.7247917703532276,0.7786620563487263,0.2441422758679416,51243_1475
1108,102.4878954,2.951860568,Healthy,Serting_Basemap,0.1926261931657791,0.020360768255260255,0.02298243861231539,0.09707371393839519,,,,,,,,0.6354544497418672,0.8088073737527017,0.3298326194941576,51243_1475
1109,102.4878977,2.95177685,Healthy,Serting_Basemap,0.19148260023858812,0.020472187134954665,0.02433607851465543,0.09019916256268819,,,,,,,,0.6378546101212978,0.8068249612227433,0.3595668980080702,51243_1475
1110,102.4879628,2.951812895,Healthy,Serting_Basemap,0.17725625303056505,0.023294722040494282,0.024441013112664223,0.08145775397618611,,,,,,,,0.7505749146044183,0.7676927570933975,0.37028725333715334,51243_1475
1111,102.487964,2.95189545,Healthy,Serting_Basemap,0.1775536553727256,0.02418822484711806,0.02407296436528365,0.08081638150744969,,,,,,,,0.7740136919774399,0.7602062118112562,0.37441367053773317,51243_1475
1112,102.4879652,2.951964052,Healthy,Serting_Basemap,0.17947907083564335,0.02344688255753782,0.023043179056710668,0.08918618659178416,,,,,,,,0.7520570018517657,0.7689119389070151,0.3360794957578365,51243_1475
1113,102.4879687,2.952044281,Healthy,Serting_Basemap,0.19968551728460524,0.023369095391697355,0.022510747321777873,0.1104023191663954,,,,,,,,0.6951610676386574,0.7904630161079822,0.28792873380674566,51243_1476
1114,102.4879663,2.952121022,Healthy,Serting_Basemap,0.18107733792728847,0.025123266296254262,0.02235598675906658,0.11958355042669508,,,,,,,,0.7922825742884875,0.7563220884744056,0.20452872283206186,51243_1476
1115,102.4879687,2.952197763,Healthy,Serting_Basemap,0.15814064939816794,0.026594412202636402,0.022146543073985312,0.1186297121975157,,,,,,,,0.9112511874518866,0.7120805117102837,0.14275711088736906,51243_1476
1116,102.4879675,2.952269853,Healthy,Serting_Basemap,0.13908636487192577,0.026180342460672062,0.021671547037031915,0.09832459108697043,,,,,,,,0.982752058245521,0.683174634707469,0.17169289269031277,51243_1476
1117,102.4880373,2.952310549,Healthy,Serting_Basemap,0.12461208138200972,0.026472920551896095,0.023079779826932482,0.10476413451963001,,,,,,,,1.0555511849166892,0.6495625612994064,0.08653009983777404,51244_1476
1118,102.4880291,2.952238459,Healthy,Serting_Basemap,0.12674780024422538,0.026680630528264575,0.02360265122519599,0.11839101049635145,,,,,,,,1.0477799316469156,0.6522074768811561,0.034090031368870746,51244_1476
1119,102.4880989,2.952275667,Healthy,Serting_Basemap,0.12156159844663408,0.028559809550642967,0.024301334594686825,0.10487215220928192,,,,,,,,1.1256064819040434,0.619510502443982,0.0737056476298584,51244_1476
1123,102.4880989,2.9521966,Unhealthy,Serting_Basemap,0.14154725190665987,0.02726022278269132,0.024576833264695272,0.11961656146579319,,,,,,,,0.9883851710864977,0.6770258801293357,0.08397292931846842,51244_1476
1124,102.4883,2.952317526,Healthy,Serting_Basemap,0.11950910588105519,0.021503935878475506,0.02247315665913953,0.09009496660696135,,,,,,,,0.9299495223430322,0.6950078431022554,0.140331907319098,51244_1476
1125,102.4882326,2.95227683,Healthy,Serting_Basemap,0.11810002889898089,0.024541349667641852,0.022458630717462964,0.10289266457160313,,,,,,,,1.0352741534145515,0.6559013953138506,0.06881387836201008,51244_1476
1127,102.4880326,2.952084977,Healthy,Serting_Basemap,0.19436395582225588,0.02376767910189099,0.023957753760947123,0.11198521984948052,,,,,,,,0.7152017224814825,0.7820794850764681,0.2689047091187442,51244_1476
1128,102.4880373,2.952010562,Healthy,Serting_Basemap,0.18717151217990452,0.022992176107234426,0.024511239180962246,0.10328065438403024,,,,,,,,0.7138567799521081,0.7811974438151176,0.28882848004994344,51244_1476
1129,102.4880326,2.951932658,Healthy,Serting_Basemap,0.17262004481421578,0.022849427950051095,0.025901049168573484,0.09078524675634173,,,,,,,,0.7484868606682744,0.7662097551405671,0.3106801597262265,51244_1475
1132,102.4882942,2.951852429,Unhealthy,Serting_Basemap,0.1679387026362949,0.023077536995212238,0.02312376805477672,0.08291771676805285,,,,,,,,0.7782742048425687,0.7583709422849961,0.33892290287058324,51244_1475
1133,102.4882896,2.95192917,Unhealthy,Serting_Basemap,0.16634389013051987,0.031907872607310615,0.03238962632086542,0.0857096587618192,,,,,,,,0.972247947827823,0.6781075520674607,0.3199091293221282,51244_1475
1135,102.4881663,2.951858242,Unhealthy,Serting_Basemap,0.15096482965681288,0.02063726157777839,0.026109505858686235,0.07822603235642116,,,,,,,,0.7561207034791446,0.7594754069801409,0.3173721528923418,51244_1475
1136,102.4880942,2.951894287,Healthy,Serting_Basemap,0.1519503245751063,0.023114547340406313,0.027428278285596106,0.07946447779734929,,,,,,,,0.819636833043887,0.7359316339423988,0.3132290848927333,51244_1475
1139,102.4881628,2.951924519,Unhealthy,Serting_Basemap,0.14227437724669775,0.02303889435198572,0.029319377409087286,0.08124827593564987,,,,,,,,0.8467397803637825,0.7212698759248414,0.27301976082604645,51244_1475
1140,102.4882303,2.951968703,Unhealthy,Serting_Basemap,0.1567989264925321,0.026953662228253152,0.030510041448805068,0.08199072711997563,,,,,,,,0.8939250980210862,0.7066309387432942,0.3132807399350323,51244_1475
1141,102.4881663,2.952007073,Unhealthy,Serting_Basemap,0.13846202277474934,0.02439324019683732,0.02781565280424224,0.08367742598056793,,,,,,,,0.9073846857097879,0.7004304343410357,0.24662254768861736,51244_1476
1142,102.4882372,2.952044281,Unhealthy,Serting_Basemap,0.1470762946539455,0.030132845665017765,0.032693826489978366,0.09617900682820214,,,,,,,,1.004278331785571,0.6599177038974301,0.2092340331973348,51244_1476
1145,102.4880989,2.952118697,Healthy,Serting_Basemap,0.16058727519379723,0.02565776908563243,0.0248187565141254,0.11586946828497781,,,,,,,,0.8671037150937129,0.7244730007727107,0.1617533591191008,51244_1476
1146,102.4881617,2.952165206,Unhealthy,Serting_Basemap,0.11688272489441766,0.024984248189462557,0.023176574251717992,0.11360571533441544,,,,,,,,1.0518144725272107,0.6477792167358025,0.014217674243223427,51244_1476
1147,102.4882221,2.952208228,Healthy,Serting_Basemap,0.12142194145255619,0.02574308713277181,0.025953430475460157,0.11289281398057938,,,,,,,,1.0356185044529433,0.6501466770980081,0.03640030034049948,51244_1476
1148,102.4882989,2.95224311,Healthy,Serting_Basemap,0.1167507999473148,0.022539351135492325,0.02354606178899606,0.09322234036193953,,,,,,,,0.9726999890710636,0.6763683439169677,0.11205461589383235,51244_1476
1150,102.4883733,2.952274504,Healthy,Serting_Basemap,0.12429839289850658,0.022698055538866255,0.025002666645579867,0.07484318440159161,,,,,,,,0.9326506581014515,0.6911754565480315,0.24834195433928896,51244_1476
1151,102.4884361,2.952239622,Healthy,Serting_Basemap,0.106742182539569,0.02167722810473707,0.025121433660387993,0.06820656359195709,,,,,,,,0.9897256741454844,0.6623995080497871,0.22026804878407596,51244_1476
1152,102.4885024,2.9521966,Healthy,Serting_Basemap,0.08468473951021831,0.01779236892859141,0.02203186611748404,0.06668473862939411,,,,,,,,1.0002642838284244,0.6527542745955709,0.11891433532077235,51244_1476
1153,102.4885686,2.952159393,Healthy,Serting_Basemap,0.08724091864294475,0.014142930093738768,0.01893209841930204,0.06528308449520005,,,,,,,,0.8414724491546512,0.721002304213739,0.14396313823376997,51244_1476
1154,102.488564,2.952079163,Healthy,Serting_Basemap,0.10189844502343072,0.014933070685300563,0.019489170155591436,0.060495218055115804,,,,,,,,0.789828750092634,0.7443657116881083,0.2549559273645365,51244_1476
1155,102.4885651,2.95200126,Healthy,Serting_Basemap,0.1341424791349305,0.015639851801097393,0.019475421971744962,0.06412007121576203,,,,,,,,0.6766924569184358,0.7911655973924296,0.3531802037011569,51244_1476
1156,102.488571,2.951930332,Healthy,Serting_Basemap,0.16760828097661337,0.014751234712700049,0.017980104001859825,0.0757301797469457,,,,,,,,0.5486513037881879,0.8382180972904998,0.37757328190731176,51244_1475
1157,102.4884989,2.952119859,Healthy,Serting_Basemap,0.089914175371329,0.01644772684408559,0.021055976756744914,0.06257898029353884,,,,,,,,0.9146162073007912,0.690721461322231,0.17925522597135016,51244_1476
1158,102.4884314,2.95215823,Healthy,Serting_Basemap,0.09894354972574446,0.020689086471166875,0.024987485259771347,0.06736486239565743,,,,,,,,1.0012309286580954,0.6541230365079754,0.18988027681387032,51244_1476
1159,102.4883675,2.952198926,Healthy,Serting_Basemap,0.1061048408349355,0.022853658017185,0.02666998261378871,0.07003228118022282,,,,,,,,1.024356076563042,0.6455656940704345,0.20479816657619895,51244_1476
1160,102.4883651,2.952121022,Healthy,Serting_Basemap,0.10752590248982112,0.022456562870906457,0.027830726984474394,0.06730812912185986,,,,,,,,0.9965759522549037,0.6544678113530935,0.2300340099534388,51244_1476
1162,102.4883,2.952009399,Unhealthy,Serting_Basemap,0.16730618725220361,0.03397067884604136,0.03604112172292338,0.08424257073137495,,,,,,,,1.001757405154363,0.662448253447468,0.3302088119483029,51244_1476
1163,102.4882361,2.952122185,Unhealthy,Serting_Basemap,0.13196930703189638,0.028841338223881192,0.031164916439188853,0.10754911187622282,,,,,,,,1.0448960467964423,0.641300634320476,0.10195539561006081,51244_1476
1165,102.4883605,2.951966377,Healthy,Serting_Basemap,0.18857664863268533,0.03555236467056804,0.03532612510025501,0.09375185022751491,,,,,,,,0.9641074020179301,0.6827508929201895,0.33586690251955237,51244_1475
1166,102.4883675,2.952043118,Healthy,Serting_Basemap,0.1363044554988543,0.024762183117369812,0.031199984873334568,0.07573442285259564,,,,,,,,0.9127703738321822,0.6925225070801777,0.28565531527602744,51244_1476
1167,102.4884291,2.952075675,Healthy,Serting_Basemap,0.11970978147453731,0.021377646778192785,0.027966260496113036,0.06939798469344775,,,,,,,,0.8980726504502304,0.6969588709222344,0.26604828453421325,51244_1476
1168,102.4884314,2.952007073,Healthy,Serting_Basemap,0.1508445052636994,0.027677123331361346,0.03350890696876579,0.07868025244938003,,,,,,,,0.923695920570086,0.6899297463374462,0.31440727150022435,51244_1476
1169,102.4884989,2.952045444,Healthy,Serting_Basemap,0.11196576555569966,0.016826476177407637,0.02231163200404909,0.06241668471031719,,,,,,,,0.8015930978988968,0.7387035748274855,0.2841402949080964,51244_1476
1170,102.4885012,2.951965215,Healthy,Serting_Basemap,0.17907997303538853,0.02192217939429813,0.02470115924047099,0.0855177537434631,,,,,,,,0.7082365971310081,0.7818711976035498,0.3536017502150496,51244_1475
1171,102.4884954,2.951894287,Healthy,Serting_Basemap,0.18077634274959564,0.02166161986274852,0.022068342400921717,0.09594447993569905,,,,,,,,0.7039623825454489,0.7859925126372751,0.3065611831834319,51244_1475
1172,102.4884279,2.95192917,Healthy,Serting_Basemap,0.17464926673306358,0.03016486018896103,0.03190724034276274,0.09193925642304951,,,,,,,,0.9042013288359326,0.7054416055934932,0.3102534547654906,51244_1475
1173,102.4884338,2.951853591,Healthy,Serting_Basemap,0.17655307551225027,0.02225004943708579,0.020588877921303112,0.0966674213608106,,,,,,,,0.7366283881334005,0.7761599628501203,0.2923852897777095,51244_1475
1174,102.4884303,2.951773362,Healthy,Serting_Basemap,0.1971939139895969,0.021118134467138186,0.01938525877065129,0.09417360193199581,,,,,,,,0.6527627356041162,0.8065325792467808,0.3535751462607244,51244_1475
1175,102.4869152,2.952594258,Healthy,Serting_Basemap,0.17563987688885796,0.022288638684484694,0.021850444790389802,0.09920275915000173,,,,,,,,0.7366087414299523,0.7747809241137302,0.2781123003348318,51243_1476
1176,102.4869082,2.952510541,Healthy,Serting_Basemap,0.16460332853926551,0.01998135323325793,0.01985396734542317,0.09336499373118083,,,,,,,,0.7122842179455376,0.783499334382662,0.2761514831786227,51243_1476
1177,102.4869071,2.952438451,Healthy,Serting_Basemap,0.15016057507859337,0.020687931424213782,0.022765036361912887,0.07643901432553928,,,,,,,,0.7722926402763277,0.7578213371871196,0.3253384569094439,51243_1476
1178,102.4869059,2.952362873,Healthy,Serting_Basemap,0.13803543315993416,0.022220185750888452,0.02284994824892945,0.07333570801549488,,,,,,,,0.8657534843399353,0.7226907124766301,0.30609535807322563,51243_1476
1179,102.4869059,2.952283806,Healthy,Serting_Basemap,0.11821095728211933,0.021742175436682172,0.021085942577984598,0.07301253577073415,,,,,,,,0.9516151289887658,0.6892934796912725,0.23636437547395137,51243_1476
1180,102.4869024,2.952195438,Healthy,Serting_Basemap,0.0979020827346378,0.01743332265565793,0.01888975014703141,0.07614431281884511,,,,,,,,0.9196095260021832,0.6976934776157684,0.12501132153068187,51243_1476
1181,102.4869059,2.952119859,Healthy,Serting_Basemap,0.10275374932421578,0.016227062998546496,0.019410312072270446,0.07884094036287731,,,,,,,,0.8395940101013163,0.7272322707878826,0.13168231407285522,51243_1476
1182,102.4869071,2.951972191,Healthy,Serting_Basemap,0.18284697085618973,0.027352358318037458,0.02759491776426633,0.0838102334075504,,,,,,,,0.8252750071327183,0.7397483766909075,0.3714009442275784,51243_1475
1184,102.4869606,2.951936146,Healthy,Serting_Basemap,0.15720155917935902,0.022660891008045938,0.02238329417175717,0.07708315137359831,,,,,,,,0.8060550448784118,0.7480197675008344,0.34197027888275655,51243_1475
1185,102.4869652,2.952087303,Healthy,Serting_Basemap,0.11075774083534877,0.016445702045328088,0.019575322253836527,0.07878302451637056,,,,,,,,0.8060410221322095,0.741426777878096,0.1686957223141136,51243_1476
1186,102.4869699,2.952153579,Healthy,Serting_Basemap,0.10399140003654692,0.013731579710212018,0.01374087617215183,0.08191664516925812,,,,,,,,0.7565846488611127,0.766713691077972,0.11874018062452042,51243_1476
1187,102.4869757,2.952240785,Unhealthy,Serting_Basemap,0.10587488694323434,0.01542399792621533,0.013748539715177484,0.08201018224159877,,,,,,,,0.8200359998645683,0.745686072170973,0.1270175687997779,51243_1476
1188,102.486971,2.952318688,Healthy,Serting_Basemap,0.1198135217030843,0.01779485597378678,0.015550750100778209,0.08094672444793913,,,,,,,,0.832731970711378,0.7413695841168585,0.19359807531769677,51243_1476
1189,102.4869757,2.952398918,Healthy,Serting_Basemap,0.17430627346038818,0.019403759493596025,0.019762865371174283,0.078975314895312,,,,,,,,0.6665763645130212,0.7996618017384223,0.3763832941192574,51243_1476
1190,102.486971,2.952479147,Healthy,Serting_Basemap,0.1849181113971604,0.0209777324150006,0.021452322291831177,0.08893251253498925,,,,,,,,0.6758129551564643,0.7962296661593753,0.3505034879378363,51243_1476
1191,102.486978,2.952553562,Healthy,Serting_Basemap,0.20405157407124838,0.025478447477022808,0.02551143875138627,0.10880863500965966,,,,,,,,0.7266064695074976,0.7779946404817937,0.30442650198753196,51243_1476
1192,102.4869745,2.952629141,Healthy,Serting_Basemap,0.18904223955339855,0.0253748692986038,0.025618849529160395,0.10304571853743659,,,,,,,,0.7648480514659347,0.7633130170025904,0.2944199465738272,51243_1476
1193,102.4870373,2.952595421,Healthy,Serting_Basemap,0.15428349458509022,0.028112456616428163,0.030267025861475203,0.12236360791656706,,,,,,,,0.9340639511872539,0.6917425367039163,0.11538124339593235,51243_1476
1194,102.4870408,2.952522168,Healthy,Serting_Basemap,0.1712836722532908,0.028004893619153235,0.028660159661538072,0.12448568807707892,,,,,,,,0.87531151032166,0.7189513257165195,0.15822458460179673,51243_1476
1195,102.4870419,2.952440776,Healthy,Serting_Basemap,0.19095577630731794,0.022642407255868118,0.020168124180701043,0.10446540514628093,,,,,,,,0.7064473531920235,0.787990638514301,0.29276970166955296,51243_1476
1197,102.4871082,2.952559376,Healthy,Serting_Basemap,0.13743380788299772,0.030439837732248835,0.029739621198839612,0.11637530641423331,,,,,,,,1.0678157718677908,0.6373482255575172,0.08296983946803108,51243_1476
1198,102.4871059,2.952477984,Healthy,Serting_Basemap,0.169266391131613,0.030443096947338846,0.03224661573767662,0.12475628488593632,,,,,,,,0.9281460266252244,0.6951261831355386,0.1513832431176839,51243_1476
1199,102.4871012,2.952403569,Healthy,Serting_Basemap,0.17270724144246843,0.027644286449584696,0.028709085140791204,0.11685970673958461,,,,,,,,0.8615117671792438,0.7240421698757488,0.19286570878860124,51243_1476
1200,102.4870396,2.95236171,Healthy,Serting_Basemap,0.17064411689837775,0.018368774714569252,0.0168953530697359,0.09922623303201464,,,,,,,,0.6552173651651197,0.8056346891704712,0.2646377561847158,51243_1476
1201,102.4870443,2.952283806,Healthy,Serting_Basemap,0.13879436171717113,0.014153832983639505,0.013460476054913469,0.08830927395158344,,,,,,,,0.6270995446128782,0.8149199078638816,0.2222997778830079,51243_1476
1204,102.487035,2.952054746,Healthy,Serting_Basemap,0.10730585952599843,0.014802461490035057,0.017982859164476395,0.07571287949879964,,,,,,,,0.7645226146348623,0.7575519609660113,0.1726215588389455,51243_1476
1205,102.4870373,2.951973354,Healthy,Serting_Basemap,0.18896983315547308,0.0186293822609716,0.02102277283039358,0.08528482334481345,,,,,,,,0.6027673690207725,0.8205255041682021,0.378061073360668,51243_1475
1206,102.487035,2.951897776,Unhealthy,Serting_Basemap,0.18263285772667992,0.01734049152582884,0.018889152341418795,0.08209273798598184,,,,,,,,0.5873081046703621,0.8265719748091753,0.37978994615173617,51243_1475
1207,102.4871012,2.951937309,Healthy,Serting_Basemap,0.18746306912766564,0.01744258590042591,0.02117188171380096,0.09550139059623082,,,,,,,,0.5730150169493968,0.8297500779269892,0.32499374169168366,51243_1475
1208,102.4871036,2.952016375,Healthy,Serting_Basemap,0.1485823036895858,0.0157006588867969,0.019564431988530688,0.09927368412415187,,,,,,,,0.6294487414018854,0.8088583424529255,0.19894060256671736,51243_1476
1209,102.4870978,2.952165206,Healthy,Serting_Basemap,0.1254810450805558,0.012674696743488312,0.013853889372613695,0.08543905119101207,,,,,,,,0.6157087029238085,0.8165158164815057,0.18984437517982208,51243_1476
1210,102.4870978,2.952247761,Unhealthy,Serting_Basemap,0.12910928494400448,0.01241160411801603,0.013065716562171778,0.08000638998217052,,,,,,,,0.59457423584004,0.824596860572622,0.23481212003437313,51243_1476
1211,102.4871001,2.952321014,Healthy,Serting_Basemap,0.13992557012372547,0.014450946408841345,0.014810666234956847,0.09453172981739044,,,,,,,,0.6295401275826651,0.81278310026133,0.19361239900713573,51243_1476
1212,102.4871768,2.952587282,Healthy,Serting_Basemap,0.15883036537302864,0.03246239055362013,0.026879521293772593,0.10678816835085551,,,,,,,,1.0361660130077919,0.6605998967773998,0.19592833486639166,51243_1476
1213,102.4872385,2.952551237,Healthy,Serting_Basemap,0.17410376171271005,0.03402377747827106,0.02637581806629896,0.10125134305821525,,,,,,,,1.0136413964057107,0.6730487698982468,0.26457624134153074,51243_1476
1214,102.4872431,2.95263728,Healthy,Serting_Basemap,0.1836314002672831,0.030256527993414137,0.022379823339482147,0.08058219320244259,,,,,,,,0.9081807643056146,0.7170805455038494,0.3900223516571193,51243_1476
1216,102.4873733,2.952554725,Healthy,Serting_Basemap,0.17002586109770668,0.03335047389070193,0.026447102530962892,0.13088123251994452,,,,,,,,1.0137927034488081,0.6720319117501775,0.1300887530006236,51243_1476
1217,102.4873733,2.95262449,Healthy,Serting_Basemap,0.16785786052544913,0.03022618591785431,0.023981733351118036,0.10967617399162716,,,,,,,,0.9584510020370767,0.6948145349352424,0.20963802380151736,51243_1476
1218,102.4874315,2.952586119,Healthy,Serting_Basemap,0.18223869386646482,0.0315891539471017,0.02819761137167613,0.1328713297843933,,,,,,,,0.9236101415920318,0.7045365767826104,0.1566670698383449,51243_1476
1219,102.4875024,2.952551237,Healthy,Serting_Basemap,0.2151351422071457,0.02114433277812269,0.02576173883345392,0.14190241942803064,,,,,,,,0.5973280213548374,0.821022686973204,0.20511209645203884,51243_1476
1220,102.4875012,2.952630303,Healthy,Serting_Basemap,0.17781693240006766,0.02558924961421225,0.03148417754305734,0.1446402221918106,,,,,,,,0.7859117938820125,0.748392606745691,0.10288718899801601,51243_1476
1221,102.4875675,2.952587282,Healthy,Serting_Basemap,0.17842363814512888,0.027632897719740868,0.03494928383992778,0.1597391813993454,,,,,,,,0.8229014189662531,0.7317930479248442,0.055252841725629595,51243_1476
1222,102.4876361,2.952627978,Healthy,Serting_Basemap,0.17553071677684784,0.028819434344768524,0.03435027185413572,0.1512319337990549,,,,,,,,0.8618256493831606,0.7179406603167422,0.0743621798114551,51243_1476
1223,102.4877012,2.952591933,Healthy,Serting_Basemap,0.18905332684516907,0.02799780894484785,0.0365778331955274,0.14930789007080925,,,,,,,,0.7953166712511375,0.7420164714370908,0.11746451657971602,51243_1476
1224,102.4877687,2.952623327,Healthy,Serting_Basemap,0.18295125994417402,0.02437798347738054,0.02864127316408687,0.12188745538393657,,,,,,,,0.7490877334489553,0.7648379642440143,0.20031512235744708,51243_1476
1225,102.4877698,2.9525524,Healthy,Serting_Basemap,0.19892271856466928,0.024034800214899912,0.03004742817332347,0.10724134825997883,,,,,,,,0.6940462647864875,0.7844001821830252,0.2994517653738898,51243_1476
1226,102.4877687,2.95248031,Healthy,Serting_Basemap,0.19411626127031115,0.025874829126728907,0.03170336958848768,0.09361105081107882,,,,,,,,0.7457548119817943,0.7647647540631758,0.3493071607703416,51243_1476
1227,102.4877059,2.952512866,Healthy,Serting_Basemap,0.2061539027425978,0.027675022474593587,0.03808794770803717,0.13840612272421518,,,,,,,,0.7390059050204872,0.763288289086667,0.19662112552550842,51243_1476
1228,102.4876384,2.952550074,Healthy,Serting_Basemap,0.2118580655919181,0.027226046348611515,0.036496136544479266,0.16175517936547598,,,,,,,,0.7192993491385933,0.7722471298688072,0.1341036135701124,51243_1476
1229,102.487571,2.952507053,Healthy,Serting_Basemap,0.20504982935057747,0.024922499226199255,0.033700054304467306,0.1598049369123247,,,,,,,,0.6908646208610354,0.7832565389024285,0.1240079522646302,51243_1476
1230,102.4875082,2.952473333,Healthy,Serting_Basemap,0.2092308054367701,0.020825121965673234,0.021742127214868862,0.136305662492911,,,,,,,,0.6111034938904879,0.8189560060389728,0.21104904897823934,51243_1476
1231,102.4874373,2.952516355,Healthy,Serting_Basemap,0.1888330669866668,0.030045622338851292,0.027216075195206538,0.13718516379594803,,,,,,,,0.8704448539540931,0.7254586782163409,0.1584202916098793,51243_1476
1232,102.4873071,2.952512866,Healthy,Serting_Basemap,0.18095187511709002,0.034223646132482424,0.024313377526899178,0.11786484221617381,,,,,,,,1.0002799438766348,0.6819001907490401,0.2111228363122556,51243_1476
1233,102.4872396,2.952477984,Healthy,Serting_Basemap,0.17040953702396816,0.03300433481733004,0.031517949162258044,0.11331820487976074,,,,,,,,0.9854387801068025,0.675495731745574,0.2012187167921668,51243_1476
1234,102.487171,2.952517517,Healthy,Serting_Basemap,0.15825372603204516,0.033669569426112704,0.029472187782327335,0.1167304598622852,,,,,,,,1.0560308148564144,0.649135146979037,0.15100237868121014,51243_1476
1235,102.4871687,2.952436125,Healthy,Serting_Basemap,0.156111983789338,0.0304598698599471,0.031537388968798846,0.11965773337417179,,,,,,,,0.9803267849745956,0.6734784024046298,0.13219091200485836,51243_1476
1236,102.4871698,2.952364035,Healthy,Serting_Basemap,0.14419028576877382,0.024845533383389313,0.028221956350737147,0.11453305764330758,,,,,,,,0.8949180814270353,0.7060323248882086,0.11462911592878465,51243_1476
1237,102.4872373,2.952395429,Healthy,Serting_Basemap,0.1812950438923306,0.03107607675095399,0.03135966633756956,0.11228177034192616,,,,,,,,0.9046666834721282,0.707341783036952,0.23507739781976095,51243_1476
1238,102.4872989,2.952434963,Healthy,Serting_Basemap,0.2003869182533688,0.029648644849658012,0.025159475910994742,0.1105992164876726,,,,,,,,0.8326993794630815,0.7422255546080136,0.2887193084684066,51243_1476
1239,102.4873629,2.95247217,Healthy,Serting_Basemap,0.18345382561286291,0.03109234281712108,0.02580901442302598,0.1320231490665012,,,,,,,,0.9163419041042995,0.7101570907124551,0.16302513550674633,51243_1476
1240,102.4874361,2.9524338,Healthy,Serting_Basemap,0.18900775412718454,0.023482410237193108,0.021706808358430862,0.11600380308098263,,,,,,,,0.7290427341899737,0.7789788500805569,0.23934814704866242,51243_1476
1241,102.4873722,2.952398918,Healthy,Serting_Basemap,0.20777377817365858,0.026565095823672082,0.02335553616285324,0.11726259936889012,,,,,,,,0.747629409450414,0.7732762356451821,0.27846476597198766,51243_1476
1242,102.4873036,2.952360547,Healthy,Serting_Basemap,0.2121218947900666,0.025401837916837797,0.027414003594054118,0.10563592116038005,,,,,,,,0.6999207871754409,0.7861111592736483,0.33511677222219044,51243_1476
1243,102.4872338,2.952322177,Healthy,Serting_Basemap,0.17270193911261028,0.019409211145506963,0.025776017664207354,0.10294418864780003,,,,,,,,0.6543449578708931,0.797937692638568,0.2530699452649057,51243_1476
1244,102.4871698,2.952280318,Healthy,Serting_Basemap,0.13893281171719232,0.017564014428191714,0.020127758694191773,0.1026009428832266,,,,,,,,0.7235858127375486,0.775535199520597,0.15042149654846917,51243_1476
1245,102.4871675,2.952203577,Unhealthy,Serting_Basemap,0.13817300895849863,0.014884764432079263,0.01687651841590802,0.09399995456139247,,,,,,,,0.6442956580350006,0.805501359358001,0.19025925209987551,51243_1476
1247,102.4873001,2.952283806,Healthy,Serting_Basemap,0.20993062605460486,0.021109523251652718,0.026330589627226193,0.10114918152491252,,,,,,,,0.6064206658242484,0.8172653253987403,0.349689828395197,51243_1476
1248,102.4873687,2.952321014,Healthy,Serting_Basemap,0.2427441245979733,0.02061060753961404,0.023246266568700474,0.09749827120039198,,,,,,,,0.5367142938764276,0.843476459509023,0.42688934474719914,51243_1476
1249,102.4874338,2.952357059,Healthy,Serting_Basemap,0.20085614422957102,0.022158401500847604,0.020489146932959557,0.10011228919029236,,,,,,,,0.6672657330525995,0.8012829035139903,0.3347322969872287,51243_1476
1250,102.4874989,2.952397755,Healthy,Serting_Basemap,0.20060880151059893,0.020548470318317413,0.020358832139107916,0.11891364223427242,,,,,,,,0.6272796046325705,0.8141732338404556,0.2556789386023772,51243_1476
1252,102.4876361,2.952473333,Healthy,Serting_Basemap,0.21264541645844778,0.026466548028919432,0.03410754104455312,0.13193504429525799,,,,,,,,0.7065139725908911,0.7786263177113606,0.2342279419635427,51243_1476
1253,102.4877001,2.9524338,Healthy,Serting_Basemap,0.1865476601653629,0.026544809548391238,0.03166023703912894,0.09272237039274639,,,,,,,,0.7827512735181367,0.750861120676402,0.33596619581811427,51243_1476
1254,102.487771,2.95238729,Healthy,Serting_Basemap,0.18244736393292746,0.026920900783605047,0.028610697119600244,0.0858500020371543,,,,,,,,0.8130136578364283,0.7428368542858801,0.36003842805726566,51243_1476
1255,102.4877698,2.952318688,Healthy,Serting_Basemap,0.1721488121483061,0.02491325057215161,0.022583350332246885,0.08367616020970875,,,,,,,,0.8149619466474547,0.7471532548860784,0.3458327430786706,51243_1476
1256,102.4877059,2.952358222,Healthy,Serting_Basemap,0.17689444290267098,0.025330534411801234,0.02679589432146814,0.08285926944679683,,,,,,,,0.7967098686152876,0.7494816441748371,0.3620166680403819,51243_1476
1257,102.4876396,2.952396592,Healthy,Serting_Basemap,0.1985128488805559,0.02428945443696446,0.028375819739368226,0.09973746703730689,,,,,,,,0.7054029271377745,0.781964063429371,0.33118282386145553,51243_1476
1258,102.4875687,2.952358222,Healthy,Serting_Basemap,0.1875943293174108,0.02161515462729666,0.0207866829716497,0.09657973878913456,,,,,,,,0.6872553904072712,0.7933635299916959,0.3202776070832478,51243_1476
1259,102.4875012,2.952321014,Healthy,Serting_Basemap,0.19599431918727028,0.021990777717696294,0.01937568560242653,0.0900486492448383,,,,,,,,0.6783310714957149,0.7982359525496968,0.37038375920636507,51243_1476
1260,102.4874384,2.952283806,Healthy,Serting_Basemap,0.22652213606569502,0.02070472886164983,0.018678401700324483,0.09295063796970579,,,,,,,,0.5779206360560141,0.8325042153672534,0.4180997848698937,51243_1476
1261,102.4873664,2.952239622,Healthy,Serting_Basemap,0.23540547655688393,0.01966569262246291,0.023109772966967687,0.09357048819462459,,,,,,,,0.5282098993726665,0.8458023093261828,0.4311408843177773,51243_1476
1262,102.4873024,2.95220474,Healthy,Serting_Basemap,0.18508669402864245,0.018792938027116988,0.022333552233046956,0.09447811130020353,,,,,,,,0.6136316219195345,0.8156467339319382,0.3241058280632214,51243_1476
1263,102.4872315,2.952168695,Healthy,Serting_Basemap,0.1557947951886389,0.017237654680179224,0.021450411424868636,0.09551492830117543,,,,,,,,0.6513362052190342,0.8007581272385882,0.23986285150604858,51243_1476
1264,102.4871687,2.952130324,Unhealthy,Serting_Basemap,0.13913419180446202,0.015333555742270417,0.017632471604479685,0.10170994947353999,,,,,,,,0.6544628683270935,0.8014659243007163,0.15538780446282022,51243_1476
1265,102.4871675,2.952058234,Unhealthy,Serting_Basemap,0.15260257489151424,0.015942586171958182,0.019624584147499666,0.10493360708157222,,,,,,,,0.6248553848340961,0.8108211939000212,0.18509619675468986,51243_1476
1266,102.4871664,2.951972191,Healthy,Serting_Basemap,0.19292102257410684,0.01745974872675207,0.022453643174635038,0.10855941888358858,,,,,,,,0.5580553218939911,0.8340176374599992,0.2798244664981231,51243_1475
1267,102.487171,2.951900101,Healthy,Serting_Basemap,0.20263825688097212,0.01733740543325742,0.0220860257330868,0.11100603640079498,,,,,,,,0.5346944031492787,0.8423697853584239,0.29215331648919224,51243_1475
1269,102.487235,2.952018701,Healthy,Serting_Basemap,0.16198554303910997,0.016362440668874316,0.019808383141126897,0.10251877125766543,,,,,,,,0.6102006945942012,0.8165110664142394,0.22482344735867893,51243_1476
1270,102.4873024,2.951900101,Healthy,Serting_Basemap,0.15143074260817635,0.02097950627406438,0.0237938461618291,0.11406229353613323,,,,,,,,0.7727841751121254,0.7566327244455895,0.14075114592358415,51243_1475
1271,102.4872966,2.951978005,Healthy,Serting_Basemap,0.16466599040561253,0.0171060257901748,0.019478450011875894,0.10067895882659489,,,,,,,,0.626719201564904,0.8117859266989716,0.2411465971527561,51243_1475
1272,102.4873001,2.952050095,Healthy,Serting_Basemap,0.17533075478341845,0.0171724371612072,0.019015566342406802,0.09314148624738057,,,,,,,,0.6007205350446082,0.8215880267985695,0.30613693326532465,51243_1476
1274,102.4873594,2.952015213,Healthy,Serting_Basemap,0.17249999112553066,0.017787082948618464,0.018843252522250015,0.09611767861578199,,,,,,,,0.6270857043285514,0.8130500136684283,0.2843532690284569,51243_1476
1275,102.4873664,2.951937309,Healthy,Serting_Basemap,0.17488602134916517,0.020388646258248225,0.023104915705819924,0.10429620577229394,,,,,,,,0.683127610229881,0.7911798134590786,0.2528449475623708,51243_1475
1277,102.4874338,2.951973354,Healthy,Serting_Basemap,0.19480770826339722,0.021318850210971303,0.023872050042781565,0.11093269288539886,,,,,,,,0.6526575090614747,0.8027188295463502,0.2743340921345181,51243_1475
1278,102.487435,2.95205242,Healthy,Serting_Basemap,0.20144377648830414,0.016930383009215195,0.017514138172070186,0.08988976064655516,,,,,,,,0.5357320262492635,0.8449415164489045,0.3829082533333958,51243_1476
1279,102.4874384,2.952125673,Healthy,Serting_Basemap,0.2158631980419159,0.01800109249436193,0.017805626512401633,0.0874352753162384,,,,,,,,0.53401639352676,0.8460552275588261,0.4234374189349168,51243_1476
1280,102.4873652,2.952165206,Healthy,Serting_Basemap,0.22178452710310617,0.018714127751688164,0.020771813061502244,0.09171218507819706,,,,,,,,0.5347187821398578,0.8443722875457481,0.41490815364495726,51243_1476
1281,102.487435,2.952207065,Healthy,Serting_Basemap,0.23818727168771955,0.019107649620208476,0.017937081762486033,0.0893521797325876,,,,,,,,0.519336064863604,0.8514727805502182,0.4544035575248701,51243_1476
1282,102.4876361,2.952318688,Healthy,Serting_Basemap,0.1831604109870063,0.023516155158480007,0.021117572983105976,0.08467977659569846,,,,,,,,0.7485934541660264,0.772435205431793,0.3676843093641375,51243_1476
1287,102.4875024,2.952012887,Healthy,Serting_Basemap,0.19562156167295244,0.021860566404130723,0.019713994736472767,0.11010055326753193,,,,,,,,0.6750820901833167,0.7989667785816167,0.279734452386832,51243_1476
1291,102.4876291,2.951934983,Healthy,Serting_Basemap,0.15316285027398002,0.021450869221654203,0.020814742892980576,0.106578738325172,,,,,,,,0.7912554529705504,0.7543048818430269,0.17934791343984294,51243_1475
1296,102.4878338,2.951972191,Unhealthy,Serting_Basemap,0.16924755109681022,0.01840469903416104,0.01993930670950148,0.11875854267014398,,,,,,,,0.6515045645489144,0.8038424903371472,0.17530534776642756,51243_1475
1297,102.4878303,2.952043118,Unhealthy,Serting_Basemap,0.16097616321510738,0.020751996172799006,0.01867680489603016,0.12066864801777734,,,,,,,,0.7506703340448079,0.7716149633309939,0.14311470898713208,51243_1476
1298,102.4878314,2.95212451,Healthy,Serting_Basemap,0.1615402019686169,0.023105381677548092,0.01896540665378173,0.11581016331911087,,,,,,,,0.8153052724341112,0.7497326367488457,0.1648818403468297,51243_1476
1299,102.4878349,2.952197763,Healthy,Serting_Basemap,0.16308673388428158,0.024693149245447583,0.021201752333177462,0.10236491594049665,,,,,,,,0.8453851544578663,0.7369989922894123,0.22874906968506975,51243_1476
1300,102.4877698,2.952237296,Healthy,Serting_Basemap,0.17214101552963257,0.02517181634902954,0.022941363147563405,0.08464056584570143,,,,,,,,0.8205101393443409,0.7448537319203954,0.3407582787491014,51243_1476
1301,102.4877001,2.952274504,Healthy,Serting_Basemap,0.1768619782394833,0.02392468684249454,0.022612841799855232,0.08641162680255042,,,,,,,,0.7738729149696196,0.7616904804636653,0.34356027229729985,51243_1476
1302,102.4876338,2.952240785,Healthy,Serting_Basemap,0.18972980148262447,0.025491606444120407,0.020765962700049084,0.08946648488442104,,,,,,,,0.7799206415652133,0.7631127248010847,0.3591140767051329,51243_1476
1304,102.4875698,2.952129161,Healthy,Serting_Basemap,0.19243435396088493,0.023173764761951234,0.018701619158188503,0.10208691904942195,,,,,,,,0.7200077527012284,0.7850381061787282,0.30676030287394973,51243_1476
1305,102.4875698,2.95205242,Healthy,Serting_Basemap,0.17934111422962612,0.022779368691974215,0.019613621342513297,0.10930933637751473,,,,,,,,0.7452961480307521,0.7745961382764951,0.24261794050488444,51243_1476
1306,102.4876338,2.95201405,Unhealthy,Serting_Basemap,0.1526121844847997,0.022326701631148655,0.021021719608041976,0.1091323271393776,,,,,,,,0.8182501090574026,0.7447485561746326,0.16611564107159635,51243_1476
1307,102.4877024,2.952045444,Unhealthy,Serting_Basemap,0.1628319157494439,0.022976618053184614,0.02058273884985182,0.12015800095266765,,,,,,,,0.8013891737852438,0.7526850077016259,0.1507965912499165,51243_1476
1308,102.4877605,2.952009399,Unhealthy,Serting_Basemap,0.1579368362824122,0.01954904633263747,0.019122902407414384,0.11475527120961083,,,,,,,,0.7235100837229451,0.7797115348600708,0.15835282315262658,51243_1476
1309,102.4877594,2.952081489,Unhealthy,Serting_Basemap,0.1551458802488115,0.021588449469870992,0.019356926799648337,0.12097105383872986,,,,,,,,0.7934023751774482,0.7556960268643396,0.12376939691517332,51243_1476
1312,102.4876303,2.95208614,Unhealthy,Serting_Basemap,0.1513915608326594,0.023172952855626743,0.02109493874013424,0.10707394199238883,,,,,,,,0.8471488608114678,0.7345055719972287,0.17146434768228455,51243_1476
1314,102.4876954,2.952195438,Healthy,Serting_Basemap,0.18065955075952742,0.025650467723608017,0.02285422860748238,0.09789091265863842,,,,,,,,0.8053056980577796,0.7513405513488935,0.2971405507110393,51243_1476
1315,102.4868966,2.951824523,Healthy,Serting_Basemap,0.19328314893775517,0.02643937400231759,0.02854974650674396,0.08201699207226436,,,,,,,,0.7699527743450194,0.7593385179767969,0.40416309434960035,51243_1475
1316,102.4868954,2.951745456,Healthy,Serting_Basemap,0.18682217597961426,0.023639640563891992,0.026390515681770112,0.07744711637496948,,,,,,,,0.7259998167551968,0.7753545897100507,0.41387729399104994,51243_1475
1317,102.4869001,2.95166639,Healthy,Serting_Basemap,0.17191972004042733,0.022040086487929027,0.024587189364764426,0.07520398125052452,,,,,,,,0.7328768035191917,0.7727355282270111,0.3913656937180389,51243_1475
1318,102.4869001,2.951589649,Healthy,Serting_Basemap,0.15316019041670692,0.022521477813522022,0.02447790176504188,0.07432560581299993,,,,,,,,0.8091026348272008,0.7436103830251901,0.34654728299652915,51243_1475
1319,102.4868989,2.951507094,Healthy,Serting_Basemap,0.1456239562895563,0.020757919177412987,0.022812100334299937,0.07912370810906093,,,,,,,,0.7909590596272797,0.7504786008794099,0.29588849503036047,51243_1475
1320,102.4868989,2.951429191,Healthy,Serting_Basemap,0.15935303601953718,0.018257056673367817,0.02082191386984454,0.08169116245375739,,,,,,,,0.6740370335524997,0.7944141980159313,0.322189349744437,51243_1475
1321,102.4868943,2.951358263,Healthy,Serting_Basemap,0.1571000392238299,0.017581466792358294,0.0197693333029747,0.0799432752860917,,,,,,,,0.6633504908675979,0.7987025965905173,0.32549647771023194,51243_1475
1322,102.4868966,2.951275709,Healthy,Serting_Basemap,0.16406397935416964,0.019264230090710852,0.020710241256488696,0.09638068659438027,,,,,,,,0.6901566975328172,0.789838888962663,0.25987590305712,51243_1475
1323,102.4868989,2.95120013,Healthy,Serting_Basemap,0.18559451732370588,0.019394871468345325,0.02109394833031628,0.1052414220240381,,,,,,,,0.6320682093841576,0.8107719469516523,0.2762832388592523,51243_1475
1326,102.486964,2.951389657,Healthy,Serting_Basemap,0.16013589170244005,0.0190925941699081,0.021388279274106026,0.0821821457809872,,,,,,,,0.6951945690184799,0.7869468787064751,0.3217001372701539,51243_1475
1327,102.4869629,2.951469887,Healthy,Serting_Basemap,0.15821947074598736,0.02010044621096717,0.023279352941446833,0.07859840864936511,,,,,,,,0.7253214957136436,0.7745574745212637,0.33621220787852724,51243_1475
1328,102.4869722,2.951548953,Healthy,Serting_Basemap,0.16214011195633146,0.02313858974311087,0.024724482455187373,0.07915217263831033,,,,,,,,0.7939749056987032,0.7502293622431994,0.34393117648762145,51243_1475
1329,102.4869664,2.951621043,Healthy,Serting_Basemap,0.178775361014737,0.023878191287318867,0.024333794704741903,0.08412013865179485,,,,,,,,0.761465809921613,0.7643447053745367,0.36004885014390503,51243_1475
1330,102.4869699,2.951703598,Healthy,Serting_Basemap,0.19282339844438764,0.02090312788883845,0.02212854681743516,0.0895883333351877,,,,,,,,0.651293794837664,0.8043936964918629,0.3655480757073355,51243_1475
1331,102.4869664,2.95178499,Healthy,Serting_Basemap,0.18318312366803488,0.019026304595172405,0.021025081268615194,0.08192670345306396,,,,,,,,0.6282916092306593,0.8118158509364194,0.381941406376906,51243_1475
1333,102.4870326,2.951829174,Unhealthy,Serting_Basemap,0.1739804968237877,0.017349874911208946,0.020068481978442933,0.07999775641494328,,,,,,,,0.6067749540038995,0.8186396153012286,0.37004247100047505,51243_1475
1334,102.4870978,2.951864056,Healthy,Serting_Basemap,0.20778388695584404,0.01726338557071156,0.020372290992074542,0.09881188803248936,,,,,,,,0.5257558019828709,0.8465799173933604,0.355425637967455,51243_1475
1335,102.4871687,2.951822197,Healthy,Serting_Basemap,0.19972710808118185,0.016977583679060142,0.020956522060765162,0.10836766494645013,,,,,,,,0.533385606458675,0.8433113418896919,0.29653032486383013,51243_1475
1336,102.4870978,2.951781501,Healthy,Serting_Basemap,0.1748355742957857,0.016047963976032205,0.018440561472541757,0.10333001448048486,,,,,,,,0.5696522882602568,0.8318559670328416,0.25706112725831437,51243_1475
1340,102.4870338,2.951511745,Healthy,Serting_Basemap,0.1946558439069324,0.021262993208236165,0.0234341263357136,0.07727059928907289,,,,,,,,0.6526996575592747,0.8030464271452636,0.4316801383425882,51243_1475
1341,102.4872338,2.951862893,Healthy,Serting_Basemap,0.15785947773191664,0.018194462897049055,0.02157605377336343,0.11109835157791774,,,,,,,,0.6744170933995987,0.7933080869187252,0.17386043854529684,51243_1475
1342,102.4873698,2.951859405,Healthy,Serting_Basemap,0.1756128122409185,0.025486621177858777,0.027091887676053576,0.10119558622439702,,,,,,,,0.8037473325280156,0.746527170717737,0.2688402029313646,51243_1475
1343,102.4873071,2.95182336,Healthy,Serting_Basemap,0.15666570431656307,0.02159608072704739,0.023243503438101873,0.10544147094090779,,,,,,,,0.7743952734539992,0.7577037532552021,0.19543239640554338,51243_1475
1344,102.4872303,2.951781501,Healthy,Serting_Basemap,0.16111018591456944,0.019367694440815184,0.020548076575828925,0.09709303163819843,,,,,,,,0.7030218636605696,0.7853732058169384,0.2479332166466442,51243_1475
1345,102.4871652,2.951743131,Healthy,Serting_Basemap,0.1620478630065918,0.018577164970338345,0.01837904295987553,0.09579101949930191,,,,,,,,0.6830429064486581,0.7943013193862474,0.2569699451973671,51243_1475
1347,102.4870989,2.951552441,Unhealthy,Serting_Basemap,0.19728276133537292,0.020224377202490967,0.020354686822328303,0.08983910994397269,,,,,,,,0.6269030115262805,0.8140348189172626,0.374209219634357,51243_1475
1349,102.4871024,2.951705923,Healthy,Serting_Basemap,0.16688908802138436,0.015591901002658738,0.016942661669519212,0.10325173454152213,,,,,,,,0.5801217960154746,0.829112050673899,0.23557103615853275,51243_1475
1350,102.4872408,2.95170476,Healthy,Serting_Basemap,0.15845195286803776,0.021660803506771725,0.019771035243239667,0.0903438785009914,,,,,,,,0.7821740266628583,0.7594750761384584,0.2737508662917439,51243_1475
1351,102.4872966,2.951739643,Healthy,Serting_Basemap,0.16731672320100996,0.024003582903080516,0.022558649794922933,0.08621778753068712,,,,,,,,0.8072415242902806,0.7490743832489893,0.3198733593950284,51243_1475
1352,102.4873617,2.951782664,Healthy,Serting_Basemap,0.17005322708023918,0.02681690516571204,0.026319950198133785,0.09480853295988506,,,,,,,,0.8581169805563038,0.7275675608099914,0.2840904406470576,51243_1475
1353,102.4874315,2.951821035,Healthy,Serting_Basemap,0.1882191300392151,0.02609912326766385,0.027284632333450846,0.10881616257958943,,,,,,,,0.7799455334422639,0.7564451663359452,0.2673182932559,51243_1475
1356,102.4876338,2.951855917,Healthy,Serting_Basemap,0.16816134254137674,0.018537808002697095,0.019797588388125103,0.09810061007738113,,,,,,,,0.6590208749791722,0.8014151864250622,0.26312708884964403,51243_1475
1358,102.4877605,2.951779176,Unhealthy,Serting_Basemap,0.20930071671803793,0.018707221373915672,0.022684462782409456,0.08554814838700825,,,,,,,,0.555523314184163,0.8359072799792504,0.4197152608572538,51243_1475
1359,102.4877605,2.951855917,Healthy,Serting_Basemap,0.20185590121481153,0.01856576982471678,0.022882396769192483,0.09315221922265159,,,,,,,,0.5671755095584528,0.8315431532919704,0.3684769145709104,51243_1475
1360,102.4878314,2.951818709,Healthy,Serting_Basemap,0.20360729263888466,0.018897295619050663,0.023657812633448176,0.09825809465514289,,,,,,,,0.5703559120556607,0.8301401713375526,0.34899396359453405,51243_1475
1362,102.4879663,2.951736154,Healthy,Serting_Basemap,0.16799256371127236,0.023634242307808664,0.02384486815167798,0.08229343096415202,,,,,,,,0.7907539104303888,0.7533305198913004,0.3424048271588532,51243_1475
1363,102.4878954,2.951695459,Healthy,Serting_Basemap,0.17766090565257603,0.021299472078680992,0.02486900178094705,0.0859571968515714,,,,,,,,0.6951273810633883,0.7858923236720935,0.3478657494682555,51243_1475
1364,102.4880256,2.951697784,Healthy,Serting_Basemap,0.16769155032104915,0.024633607516686123,0.023322071673141584,0.07484736293554306,,,,,,,,0.8201605361932499,0.7438337470392772,0.38280120141909885,51244_1475
1365,102.4881,2.951734992,Healthy,Serting_Basemap,0.16041826870706347,0.023891030707293086,0.02157512017422252,0.07129294756386015,,,,,,,,0.8318044656739304,0.7407506752702449,0.38463965006767453,51244_1475
1367,102.4881628,2.951703598,Healthy,Serting_Basemap,0.15403449204232958,0.02267132368352678,0.020179976812667318,0.07174835602442424,,,,,,,,0.8260747480613836,0.7434003675498789,0.36444812669550986,51244_1475
1368,102.4881024,2.951652437,Healthy,Serting_Basemap,0.1627942853503757,0.025208268107639417,0.021262287369204894,0.07424315147929722,,,,,,,,0.8600821892848343,0.7318305773621425,0.3735744659385105,51244_1475
1369,102.4880349,2.951622206,Healthy,Serting_Basemap,0.1609793355067571,0.028927666652533744,0.025507177122765116,0.10760906835397084,,,,,,,,0.947121162709974,0.6953491306416423,0.19870652040681747,51244_1475
1370,102.4879675,2.951662902,Healthy,Serting_Basemap,0.16030014389091068,0.025944047710961766,0.02538543629149596,0.09289157721731398,,,,,,,,0.8736337523916776,0.7213975105712673,0.26623527174801853,51243_1475
1371,102.4881593,2.951618718,Healthy,Serting_Basemap,0.1624189813931783,0.02459845733311441,0.01998170144442055,0.07829425732294719,,,,,,,,0.8496964596606531,0.736939426604861,0.3494810859548938,51244_1475
1372,102.4881663,2.951546627,Healthy,Serting_Basemap,0.1706975301106771,0.024453102921446163,0.020228963241808944,0.09011066787772709,,,,,,,,0.8156720248234568,0.7493925329217763,0.30898899211953834,51244_1475
1373,102.4881675,2.951478026,Healthy,Serting_Basemap,0.17287359800603655,0.025445487557186022,0.021758834107054606,0.10095256980922487,,,,,,,,0.8291018064477169,0.7433884138289433,0.2626521371957908,51244_1475
1374,102.4881617,2.95139082,Healthy,Serting_Basemap,0.13507048620118034,0.024885921428600948,0.01938607729971409,0.09309538164072567,,,,,,,,0.9748270330216728,0.6888412062091398,0.18396750117567465,51244_1475
1375,102.4881628,2.951315242,Healthy,Serting_Basemap,0.11562271085050371,0.023314297820130985,0.01761548635032442,0.08329855774839719,,,,,,,,1.0369584046891347,0.664390387511508,0.16249721977836373,51244_1475
1376,102.4881605,2.951238501,Healthy,Serting_Basemap,0.10457597259018156,0.020816668247183163,0.017887029589878187,0.07277699932456017,,,,,,,,1.0148510766463494,0.6679762367524813,0.17929766229633864,51244_1475
1377,102.4881582,2.951151295,Healthy,Serting_Basemap,0.10535325937800938,0.02043674886226654,0.020900542123450175,0.06467456411984232,,,,,,,,0.9782602342963296,0.6750656248749172,0.2392472856578149,51244_1475
1378,102.4880919,2.951195479,Healthy,Serting_Basemap,0.1135883058110873,0.020360561915569834,0.018191756473647222,0.06629345110721058,,,,,,,,0.9442514512053518,0.6959950127071081,0.26292190778055385,51244_1475
1379,102.4880954,2.951274546,Healthy,Serting_Basemap,0.11077589707242118,0.021503912284970284,0.017433571732706495,0.06891319735182656,,,,,,,,1.004754221309356,0.6748723423561738,0.2329729572889736,51244_1475
1380,102.4880907,2.951348961,Healthy,Serting_Basemap,0.13047300113572013,0.024822686281469133,0.019334777154856257,0.09708729676074451,,,,,,,,0.9956297476473471,0.6803171202715372,0.14671146365859236,51244_1475
1381,102.4880942,2.951426865,Healthy,Serting_Basemap,0.1557945575979021,0.026130105265312724,0.021607843331164785,0.11287980443901485,,,,,,,,0.9102084174427765,0.712737076391238,0.1597277568039431,51244_1475
1382,102.4880931,2.951508257,Healthy,Serting_Basemap,0.16718007127443948,0.026841056636638112,0.024550275049275823,0.11786449948946635,,,,,,,,0.8749696467967644,0.7233182084279016,0.1730100371770273,51244_1475
1383,102.4880326,2.951544302,Healthy,Serting_Basemap,0.1604018227921592,0.029573935601446364,0.02732961790429221,0.13418386545446184,,,,,,,,0.9583285168424006,0.6886556911100948,0.08899942659722229,51244_1475
1384,102.4880942,2.951584998,Healthy,Serting_Basemap,0.16376965410179561,0.026431089888016384,0.022450782048205536,0.09081284287903044,,,,,,,,0.8844169547214087,0.7220716456352858,0.28657434068713666,51244_1475
1385,102.4879617,2.951586161,Healthy,Serting_Basemap,0.15800530711809793,0.027832051532136068,0.02680295126305686,0.12201922635237376,,,,,,,,0.9259126949922619,0.7004687137797844,0.12851045699365077,51243_1475
1386,102.4878954,2.95154779,Healthy,Serting_Basemap,0.1607076409790251,0.029466606883539095,0.03180674442814456,0.10230890578693813,,,,,,,,0.9375029065398031,0.690109389523295,0.2220344533838443,51243_1475
1388,102.4878954,2.951629182,Healthy,Serting_Basemap,0.15820628570185769,0.028112275939848688,0.031217179985509977,0.09779774728748533,,,,,,,,0.9155303175096433,0.6982342962274574,0.23596713578682976,51243_1475
1391,102.4876977,2.951734992,Healthy,Serting_Basemap,0.19148247771792942,0.018231655574507184,0.02027467555469937,0.08254131095276938,,,,,,,,0.5875955672546879,0.8261284989401837,0.397560982911879,51243_1475
1392,102.4876303,2.951782664,Healthy,Serting_Basemap,0.17091489169332716,0.017620102191964786,0.019480691187911563,0.0905907154083252,,,,,,,,0.6247272174518151,0.8130840134358807,0.3071604359664012,51243_1475
1393,102.4875652,2.951740805,Healthy,Serting_Basemap,0.19573019444942474,0.019130255923502974,0.01970524589220683,0.08658607138527764,,,,,,,,0.6032498590053508,0.8219285504586898,0.38660231900365083,51243_1475
1395,102.4874315,2.951741968,Healthy,Serting_Basemap,0.18179458710882399,0.02654637520511945,0.026289427652955055,0.09466489073303011,,,,,,,,0.8131312963505097,0.7451641298928299,0.3151626309069265,51243_1475
1396,102.4873652,2.951701272,Healthy,Serting_Basemap,0.1665050999985801,0.02661905065178871,0.02579717689918147,0.08955151504940456,,,,,,,,0.8672805946388674,0.724332243666617,0.3005334774684674,51243_1475
1397,102.4872989,2.951664064,Healthy,Serting_Basemap,0.1621974656979243,0.024704964831471443,0.023105519513289135,0.08328441033760707,,,,,,,,0.8420487588326279,0.7356378431088847,0.32146183919865123,51243_1475
1398,102.4872326,2.951626857,Healthy,Serting_Basemap,0.15878991782665253,0.023544256575405598,0.022222633163134258,0.0825406594408883,,,,,,,,0.8257482415213383,0.7417460917283771,0.3159535739279062,51243_1475
1399,102.4871617,2.951593137,Healthy,Serting_Basemap,0.18498475352923074,0.021138135033349197,0.019744676020410325,0.08742203149530622,,,,,,,,0.6846201546339024,0.7948977410441098,0.3581508515844662,51243_1475
1400,102.4871024,2.951467561,Healthy,Serting_Basemap,0.19048982527520922,0.022288187510437436,0.022905040739311114,0.08927015794648065,,,,,,,,0.6911836349193471,0.7905029075265344,0.36180895553071,51243_1475
1401,102.4870338,2.951430353,Unhealthy,Serting_Basemap,0.18360664447148642,0.020468628240956202,0.022790650733643107,0.08070238265726301,,,,,,,,0.662054795056879,0.7994011918357394,0.3893331337642773,51243_1475
1402,102.4870315,2.951354775,Healthy,Serting_Basemap,0.18421618971559736,0.021789760639270146,0.022394785036643345,0.08650809112522337,,,,,,,,0.6967414345455982,0.7884550363546787,0.36091368785581507,51243_1475
1404,102.487028,2.95127222,Healthy,Serting_Basemap,0.19472537769211662,0.02274296950134966,0.022846109337276883,0.10979193945725758,,,,,,,,0.6916503318503553,0.790838806705816,0.278911685647082,51243_1475
1407,102.4870954,2.951165248,Healthy,Serting_Basemap,0.17969711952739292,0.023300582956936624,0.025163083233767085,0.13689458121856055,,,,,,,,0.7412854890501536,0.7704350081623675,0.13519791645826795,51243_1475
1408,102.4870978,2.951241989,Healthy,Serting_Basemap,0.17461095253626505,0.024237847783499293,0.025209507594505947,0.13065675646066666,,,,,,,,0.7809334853497136,0.7562183151769288,0.1439857370438096,51243_1475
1409,102.4871001,2.95131873,Healthy,Serting_Basemap,0.1775436070230272,0.02416171609527535,0.02430819347500801,0.11759406245417064,,,,,,,,0.7726333525701631,0.7604255978796929,0.20312400201251918,51243_1475
1410,102.4870943,2.95139082,Healthy,Serting_Basemap,0.18596062229739296,0.02408160124388006,0.02379102197786172,0.09575422273741828,,,,,,,,0.7469628537051983,0.770697521309109,0.32020463653176656,51243_1475
1411,102.4871652,2.951433841,Healthy,Serting_Basemap,0.16352147526211208,0.023578072173727885,0.025525442014137905,0.1008664220571518,,,,,,,,0.7985695701536681,0.7479622746622276,0.23698154809749344,51243_1475
1412,102.4871617,2.951354775,Healthy,Serting_Basemap,0.1600224624077479,0.02389283643828498,0.025261823501851823,0.11330576654937533,,,,,,,,0.820108659656322,0.7401756505500158,0.1709179327602528,51243_1475
1413,102.4871664,2.951276871,Healthy,Serting_Basemap,0.16453775101237827,0.023431616317894723,0.026058258074853156,0.1371682799524731,,,,,,,,0.7894109708385583,0.7506868629639634,0.0907156909405424,51243_1475
1414,102.4871652,2.951202456,Healthy,Serting_Basemap,0.17659659186999002,0.023266994911763404,0.02623976498014397,0.14198934783538184,,,,,,,,0.7464237900655228,0.7671712462843926,0.10862765653315697,51243_1475
1415,102.4872326,2.951248965,Healthy,Serting_Basemap,0.16483225921789804,0.02390819477538268,0.02585943105320136,0.14579396860467064,,,,,,,,0.8019248586710879,0.746655321956216,0.06129002932779447,51243_1475
1416,102.4872257,2.951162923,Healthy,Serting_Basemap,0.1968143234650294,0.022762559975186985,0.022669282638364367,0.14204693171713087,,,,,,,,0.6871489951034647,0.7926688855533877,0.16162187594582755,51243_1475
1417,102.4872954,2.95120013,Healthy,Serting_Basemap,0.18937362399366167,0.023673021131091647,0.022462436308463413,0.1403670319252544,,,,,,,,0.7306992542115947,0.7777667785641075,0.14862162487011638,51243_1475
1418,102.4872978,2.951286173,Healthy,Serting_Basemap,0.18865564631091225,0.02465960859424538,0.02444528829720285,0.14290524025758108,,,,,,,,0.7517596015525002,0.7687965766423098,0.13798493099360232,51243_1475
1419,102.4872291,2.951315242,Healthy,Serting_Basemap,0.16369821462366316,0.02455586029423608,0.025980838470988803,0.13677989691495895,,,,,,,,0.8226736708620663,0.7391200131530187,0.08958495369551815,51243_1475
1420,102.4872326,2.951387332,Healthy,Serting_Basemap,0.16037065949704912,0.024875748488638137,0.026013924015892878,0.1192672989434666,,,,,,,,0.8427597658772384,0.7314307061699127,0.14698777227100224,51243_1475
1422,102.4872361,2.951548953,Healthy,Serting_Basemap,0.1579181303580602,0.02329861590017875,0.024860549097259838,0.08076985428730647,,,,,,,,0.8125915497450322,0.7428646482044482,0.32321809656811024,51243_1475
1423,102.4872989,2.951584998,Healthy,Serting_Basemap,0.1627987010611428,0.024234841681189008,0.024165117492278416,0.08030835042397182,,,,,,,,0.8234967915435039,0.7408503167308731,0.339316980454686,51243_1475
1424,102.4873594,2.951623368,Healthy,Serting_Basemap,0.16538322468598685,0.025809508851832814,0.026043057648672,0.07853236960040198,,,,,,,,0.849537393984185,0.7300157974180808,0.35606930069264286,51243_1475
1425,102.4874315,2.951665227,Healthy,Serting_Basemap,0.18191872868272993,0.02739551994535658,0.027673577682839498,0.08950418482224147,,,,,,,,0.828963558659265,0.7382354987783613,0.3404817326109639,51243_1475
1427,102.4875652,2.951660576,Unhealthy,Serting_Basemap,0.20064863728152382,0.02265289415501886,0.02218467535244094,0.09498279045025508,,,,,,,,0.6758550043695308,0.7971093703720853,0.35742426859683357,51243_1475
1428,102.4876326,2.951701272,Healthy,Serting_Basemap,0.17648224035898843,0.018363311783307128,0.019702122857173283,0.08099818891949123,,,,,,,,0.6307409379681564,0.8115090482548308,0.37084003513224606,51243_1475
1431,102.4877605,2.951553604,Healthy,Serting_Basemap,0.1868782507048713,0.022167608762780826,0.022870675350228947,0.08292085511816873,,,,,,,,0.6979611856256892,0.78791630870631,0.38531408497286773,51243_1475
1432,102.4878245,2.951507094,Healthy,Serting_Basemap,0.174690004852083,0.025545603699154325,0.027551477154095966,0.09142088310586081,,,,,,,,0.8067053252134085,0.744844547041516,0.31291136708161316,51243_1475
1433,102.4878907,2.951468724,Healthy,Serting_Basemap,0.15777484079202017,0.026921449436081782,0.030126777788003285,0.10377499295605554,,,,,,,,0.8909058114678903,0.7084787203594235,0.2064610290977175,51243_1475
1434,102.487964,2.95150942,Healthy,Serting_Basemap,0.14860526472330093,0.027650545868608687,0.027764272979564138,0.1500082868668768,,,,,,,,0.954822661307959,0.6862452843313197,-0.004698454360508756,51243_1475
1435,102.4879617,2.951430353,Healthy,Serting_Basemap,0.13469967659976748,0.02461006450984213,0.023866713047027588,0.13834724244144228,,,,,,,,0.9475134255208942,0.6910413093583561,-0.013358751142415541,51243_1475
1436,102.4880314,2.951468724,Healthy,Serting_Basemap,0.1563472921649615,0.028033979030119047,0.026526640479763348,0.14526304437054527,,,,,,,,0.9386040747366285,0.6959129433438139,0.03675022521355577,51244_1475
1437,102.4879594,2.951351287,Healthy,Serting_Basemap,0.1287655449575848,0.018342587889896497,0.019608222569028538,0.10930262671576606,,,,,,,,0.7929403491524862,0.7506244211676084,0.08175355027518533,51243_1475
1438,102.4880291,2.951314079,Healthy,Serting_Basemap,0.10680379056268269,0.02103351480844948,0.016288623213768005,0.08948575829466184,,,,,,,,1.0188222665950895,0.6709330700082293,0.08822697066060768,51244_1475
1439,102.4880314,2.95139082,Healthy,Serting_Basemap,0.11530161566204494,0.022556541487574577,0.018365821076764002,0.1118898991909292,,,,,,,,1.0093511988292314,0.6727572462310862,0.01501691853819283,51244_1475
1440,102.4880291,2.951238501,Healthy,Serting_Basemap,0.11527745342916912,0.020379608186582725,0.01648740449713336,0.07292259939842755,,,,,,,,0.9450093626334246,0.6995422435979353,0.22505229618368566,51244_1475
1441,102.4879628,2.951269895,Unhealthy,Serting_Basemap,0.16722996284564337,0.018944770822094545,0.01718001760956314,0.08550775796175003,,,,,,,,0.6817745946794747,0.7964839755763544,0.3233478747170165,51243_1475
1442,102.4879652,2.95120013,Healthy,Serting_Basemap,0.1852594299448861,0.018434842738012474,0.016378909659882385,0.08576625419987573,,,,,,,,0.6183386988934317,0.8189949820856187,0.36709869789266353,51243_1475
1443,102.488028,2.951154783,Healthy,Serting_Basemap,0.13796887546777725,0.01777645159098837,0.016318451716668077,0.06965635220209758,,,,,,,,0.7491120952256315,0.7717241097797948,0.3290184147289506,51244_1475
1444,102.4878954,2.951243152,Healthy,Serting_Basemap,0.18887085136440065,0.0186261430175768,0.01828007824305031,0.09940415372451146,,,,,,,,0.6096856939824936,0.8204683101742837,0.3103519072432074,51243_1475
1445,102.4878966,2.951314079,Healthy,Serting_Basemap,0.15748334758811527,0.0183659213491612,0.019049043042792216,0.09872281468576855,,,,,,,,0.6889452042643656,0.7911174557602269,0.2293486322921923,51243_1475
1449,102.4876942,2.951507094,Healthy,Serting_Basemap,0.1998233199119568,0.020518682069248624,0.019199412936965626,0.10512661851114696,,,,,,,,0.6311981670987752,0.8137560530016532,0.310531957771451,51243_1475
1451,102.4875605,2.951586161,Healthy,Serting_Basemap,0.20546618435117933,0.025814140836397808,0.023290322886572942,0.1136622859372033,,,,,,,,0.7365347010927439,0.7767718389753945,0.28767066232297234,51243_1475
1452,102.4875012,2.951545465,Healthy,Serting_Basemap,0.2130928784608841,0.0323353728486432,0.02960573136806488,0.14737073332071304,,,,,,,,0.84160303601595,0.7364983641768061,0.18232671202326997,51243_1475
1453,102.4874326,2.951586161,Healthy,Serting_Basemap,0.1907899777094523,0.028772799919048946,0.029695187591844134,0.09215785149070951,,,,,,,,0.8279026216288928,0.7379082171411374,0.34858767603044183,51243_1475
1454,102.4873629,2.951550116,Healthy,Serting_Basemap,0.17338293294111887,0.025632175306479137,0.027181371218628354,0.07910584989521238,,,,,,,,0.8142735092514114,0.7424097543932221,0.3733911740032386,51243_1475
1455,102.4872966,2.951511745,Healthy,Serting_Basemap,0.18944035801622602,0.025227467219034832,0.027005145326256752,0.08764645374483532,,,,,,,,0.756161134206218,0.7649627540467484,0.3673718847332585,51243_1475
1456,102.4872966,2.951428028,Healthy,Serting_Basemap,0.1926343540350596,0.025116074002451368,0.025914956712060504,0.10771088302135468,,,,,,,,0.7475537671108006,0.7693132066025172,0.282752847509793,51243_1475
1457,102.4872943,2.951350124,Healthy,Serting_Basemap,0.1888673272397783,0.02514447271823883,0.025008147582411766,0.12875269022252825,,,,,,,,0.761479466269305,0.7650178847785829,0.18926589544811717,51243_1475
1458,102.4873605,2.951467561,Healthy,Serting_Basemap,0.1942264652914471,0.02606379282143381,0.02713692643576198,0.09576066583395004,,,,,,,,0.7624030034794269,0.7633686296914843,0.33955230728814023,51243_1475
1460,102.4874931,2.951469887,Healthy,Serting_Basemap,0.20448021094004312,0.029485071077942848,0.028507068132360775,0.13968956801626417,,,,,,,,0.8079279767274736,0.7479534499851461,0.1882519816825759,51243_1475
1461,102.487428,2.951436167,Healthy,Serting_Basemap,0.2078724486960305,0.025424144334263273,0.025259482777780957,0.13841481672392952,,,,,,,,0.7162229628956568,0.7820444439069719,0.20057807175746473,51243_1475
1462,102.4873559,2.95139082,Healthy,Serting_Basemap,0.20192339850796592,0.025272599731882412,0.02333774831559923,0.1394529996646775,,,,,,,,0.7330534651455448,0.7775260134185777,0.1829956586855059,51243_1475
1463,102.4873594,2.951321055,Healthy,Serting_Basemap,0.21790283421675363,0.025837780493828986,0.02260277337498135,0.147642749051253,,,,,,,,0.7074454693833757,0.7879895353139341,0.19220608422448957,51243_1475
1464,102.4873605,2.951243152,Healthy,Serting_Basemap,0.2186022698879242,0.026012258811129466,0.022226557963424258,0.1451961820324262,,,,,,,,0.7105879912435215,0.7873204102023553,0.2017768010501854,51243_1475
1466,102.4874315,2.951203619,Healthy,Serting_Basemap,0.2233234809504615,0.024172561864058178,0.017997313290834427,0.14000727732976279,,,,,,,,0.6675983707993073,0.804663043585115,0.2293122773724537,51243_1475
1467,102.4874291,2.95128036,Healthy,Serting_Basemap,0.23870195945103964,0.02432693313393328,0.019084093264407583,0.1507277430759536,,,,,,,,0.6350852255709655,0.8150246317440254,0.22590525531109976,51243_1475
1468,102.4874291,2.95135245,Healthy,Serting_Basemap,0.21602438390254974,0.02421126804418034,0.021168556478288438,0.14844924128717846,,,,,,,,0.6781500314613746,0.79843734393304,0.18540475344462792,51243_1475
1469,102.4874954,2.951393146,Healthy,Serting_Basemap,0.22133974730968475,0.0227494306034512,0.019731307195292577,0.14762888269291985,,,,,,,,0.6350821731426604,0.8135973843826289,0.19977542431248035,51243_1475
1470,102.4874931,2.951316405,Healthy,Serting_Basemap,0.24646183517244127,0.022854167140192456,0.018496056811677083,0.15408541676070955,,,,,,,,0.5885201597867744,0.8302799169455787,0.2306255203746819,51243_1475
1471,102.4874919,2.951243152,Healthy,Serting_Basemap,0.2499212125937144,0.02260448493891292,0.018214313520325556,0.1527667318781217,,,,,,,,0.5771152256524644,0.8341111671774978,0.24126493491882434,51243_1475
1472,102.4874943,2.951164085,Healthy,Serting_Basemap,0.20127416319317287,0.023402641630835004,0.018797731440928247,0.12252887007262972,,,,,,,,0.7015254527301665,0.7916772792886513,0.24318886801749912,51243_1475
1473,102.4875582,2.951201293,Healthy,Serting_Basemap,0.23466346164544424,0.02032101506160365,0.018790829305847485,0.11184938583109114,,,,,,,,0.5527716902369828,0.8406097867286997,0.3544286357886619,51243_1475
1474,102.4875605,2.951276871,Healthy,Serting_Basemap,0.253238449494044,0.01917824542356862,0.01802632999089029,0.12035487012730704,,,,,,,,0.4955278531865665,0.859199191669448,0.3556904590837405,51243_1475
1475,102.4875594,2.951354775,Healthy,Serting_Basemap,0.26764356593290967,0.01966194125513236,0.017114523177345593,0.14780301849047342,,,,,,,,0.4853572361786365,0.8631286852273,0.2884619874989905,51243_1475
1476,102.4875617,2.951428028,Healthy,Serting_Basemap,0.25242122842205894,0.02151808411710792,0.018199848011136055,0.14793983267413247,,,,,,,,0.5488305335315894,0.8428988967106986,0.26096792595627477,51243_1475
1477,102.4876198,2.951469887,Healthy,Serting_Basemap,0.2180521157052782,0.020690489146444533,0.017976815708809428,0.1250762790441513,,,,,,,,0.5966762807658758,0.8266711619461897,0.27096514915072173,51243_1475
1478,102.4876245,2.951391983,Healthy,Serting_Basemap,0.2643673237827089,0.021182367164227698,0.018898167750901647,0.1387802842590544,,,,,,,,0.5204029720066677,0.8516379611969953,0.3115162710097105,51243_1475
1479,102.4876233,2.951321055,Healthy,Serting_Basemap,0.24699155158466762,0.021507771478758916,0.020000363182690408,0.11901270598173141,,,,,,,,0.5550259116113664,0.8397927321874236,0.34966490951193047,51243_1475
1480,102.4876256,2.951241989,Healthy,Serting_Basemap,0.23909765813085768,0.02073246282007959,0.020197569496101804,0.11511555562416713,,,,,,,,0.5514683403333992,0.8404152471299167,0.3500211107099947,51243_1475
1481,102.4876222,2.951162923,Healthy,Serting_Basemap,0.18562618063555825,0.021207595037089452,0.019418499742945034,0.10096645189656152,,,,,,,,0.6856091857898112,0.7949310264426602,0.29540092496798054,51243_1475
1482,102.4876884,2.951203619,Healthy,Serting_Basemap,0.17533743381500244,0.022452459774083562,0.021702145950661764,0.11283480789926317,,,,,,,,0.7424003385159834,0.7729665619748078,0.2168932911231372,51243_1475
1483,102.4877617,2.951160597,Healthy,Serting_Basemap,0.17595663335588244,0.024546662345528603,0.021437726500961516,0.1048881962067551,,,,,,,,0.7966860458947864,0.7551495374711105,0.25305232522814436,51243_1475
1484,102.4878221,2.951203619,Healthy,Serting_Basemap,0.17016060733132893,0.022222065780725744,0.020763912755582068,0.10131459434827168,,,,,,,,0.7553109770599427,0.7689805903904626,0.25359963840936905,51243_1475
1485,102.4878966,2.951160597,Healthy,Serting_Basemap,0.20204603092537987,0.0229907702240679,0.018764252567456827,0.11918038543727663,,,,,,,,0.6893995440926133,0.7956710181922677,0.25796647245396537,51243_1475
1486,102.4878338,2.951276871,Healthy,Serting_Basemap,0.1632070235080189,0.020797986019816663,0.021487793781691127,0.10330018483930165,,,,,,,,0.7352658437917169,0.7739410891781137,0.22478505943690946,51243_1475
1487,102.4878256,2.951348961,Healthy,Serting_Basemap,0.14584551420476702,0.0205589071330097,0.022241797919074695,0.09783944073650572,,,,,,,,0.7861722124226517,0.7529043162708025,0.19700056361637347,51243_1475
1490,102.4877594,2.951238501,Healthy,Serting_Basemap,0.19147544933689964,0.022963649903734524,0.02437457400891516,0.12157779766453637,,,,,,,,0.701776597823583,0.7858259059560241,0.2232771975434666,51243_1475
1491,102.4876884,2.951275709,Healthy,Serting_Basemap,0.19071325990888807,0.022480705959929362,0.02348333328134484,0.11674827420049244,,,,,,,,0.6939613831455276,0.7891056074845738,0.24056663192893046,51243_1475
1492,102.4876919,2.95135245,Healthy,Serting_Basemap,0.21492455237441593,0.02247024844917986,0.021732734516263008,0.11823604918188518,,,,,,,,0.6383643549130666,0.8106930027850346,0.2902158981009982,51243_1475
1493,102.4876942,2.951429191,Healthy,Serting_Basemap,0.2003113412194782,0.021597903014885053,0.01931666913959715,0.11476521359549628,,,,,,,,0.6574108332079358,0.8053447201859238,0.2715090231776147,51243_1475
1495,102.4882931,2.951769874,Unhealthy,Serting_Basemap,0.16090128984716204,0.020129417793618307,0.019249133351776335,0.08073707587189144,,,,,,,,0.7306196810233422,0.7776132231271929,0.3317528395655324,51244_1475
1496,102.4882919,2.951702435,Healthy,Serting_Basemap,0.15687166982226902,0.02018769747681088,0.01787946207655801,0.0796482182211346,,,,,,,,0.7507283373066211,0.7719669082211187,0.32649876608669454,51244_1475
1497,102.4882303,2.951657088,Healthy,Serting_Basemap,0.15666639142566258,0.022227485560708575,0.018278953412340745,0.07559292680687374,,,,,,,,0.8104814421441286,0.7515008793464523,0.34906442176678865,51244_1475
1498,102.4882303,2.951586161,Healthy,Serting_Basemap,0.16428646279705894,0.02331934579544597,0.018411079318159156,0.07812484353780746,,,,,,,,0.8134552632561067,0.7514005992629206,0.3554356459769579,51244_1475
1499,102.4882268,2.951505932,Healthy,Serting_Basemap,0.17960193753242493,0.025776764584912196,0.020067526855402522,0.09227869659662247,,,,,,,,0.820840934020534,0.7489830803372651,0.32118227624242895,51244_1475
1500,102.4882233,2.951429191,Healthy,Serting_Basemap,0.17313136822647518,0.026911645506819088,0.019927796804242663,0.09890052676200867,,,,,,,,0.8720472386092601,0.7309414110037471,0.27287550773268326,51244_1475
1501,102.4882303,2.951273383,Healthy,Serting_Basemap,0.11892456230190065,0.021066438199745283,0.01945176844795545,0.08771947440173891,,,,,,,,0.933644927366644,0.6990315359665197,0.15100889625435843,51244_1475
1502,102.4882326,2.951197805,Healthy,Serting_Basemap,0.11707740194267696,0.02083497763507896,0.020659432229068544,0.08118395052022404,,,,,,,,0.9290608320852146,0.6978519593546413,0.18104109034144397,51244_1475
1505,102.4880884,2.951118738,Healthy,Serting_Basemap,0.11646903057893117,0.019418269395828247,0.019439522383941546,0.06881849674714936,,,,,,,,0.8889872305245997,0.7142003792932067,0.2571707578995505,51244_1475
1506,102.4880233,2.951079205,Healthy,Serting_Basemap,0.12817651281754175,0.01748605693380038,0.018256460316479206,0.07066049426794052,,,,,,,,0.7711385484418773,0.7599100858422242,0.2892621418550846,51244_1475
1507,102.4879594,2.951118738,Healthy,Serting_Basemap,0.1998148204551803,0.020926033043199115,0.016163718576232593,0.10692644864320755,,,,,,,,0.6492955491808224,0.8104018108876909,0.30282319716874684,51243_1475
1508,102.4878954,2.951080368,Healthy,Serting_Basemap,0.18195835914876726,0.024983274439970653,0.021205070945951674,0.1141289042101966,,,,,,,,0.7895793154542671,0.7585476251760847,0.2290860274402856,51243_1475
1509,102.487828,2.951121064,Healthy,Serting_Basemap,0.16778272142012915,0.02499596795274152,0.02098297058708138,0.09786041701833408,,,,,,,,0.8375344711292504,0.7406770630710683,0.263218936550822,51243_1475
1510,102.4878245,2.951052462,Healthy,Serting_Basemap,0.16804329223102993,0.026031426878439054,0.022046770072645612,0.09042284513513248,,,,,,,,0.8599996168348282,0.7317380955346803,0.30031186246241043,51243_1475
1511,102.4879652,2.951039672,Healthy,Serting_Basemap,0.15452598449256685,0.0212926154749261,0.021748312542008028,0.0951181451479594,,,,,,,,0.7783116657892518,0.7577888178058195,0.23797010340339853,51243_1475
1512,102.4880896,2.951045486,Healthy,Serting_Basemap,0.11752094659540388,0.01824402581486437,0.019906747051411204,0.07188647654321459,,,,,,,,0.8392121500375715,0.7312410485418472,0.24093284886089997,51244_1475
1514,102.4882896,2.951080368,Unhealthy,Serting_Basemap,0.11461434182193544,0.025066376560264163,0.024143776959843107,0.08089395405517684,,,,,,,,1.0616236267140884,0.641090383116779,0.17247548302479054,51244_1475
1515,102.4882872,2.951157109,Healthy,Serting_Basemap,0.11837421523200141,0.02299674724539121,0.022378765874438815,0.09047639618317287,,,,,,,,0.9851536816144647,0.6746609509846304,0.13357786630258145,51244_1475
1516,102.4883617,2.951117576,Healthy,Serting_Basemap,0.1327294243706597,0.026214664801955223,0.025658711791038513,0.1021003234717581,,,,,,,,0.9947815170532879,0.6701397964728865,0.13043109393216754,51244_1475
1517,102.4883547,2.951196642,Healthy,Serting_Basemap,0.14132734139760336,0.025450968287057348,0.023666738635963865,0.11107723249329461,,,,,,,,0.9430824593046896,0.6947928260553875,0.11984770496823238,51244_1475
1518,102.4883593,2.951269895,Healthy,Serting_Basemap,0.14703556067413753,0.02635042638414436,0.021453825756907463,0.11101355817582872,,,,,,,,0.9530412003541513,0.6960489503077669,0.13959358845651612,51244_1475
1519,102.4882884,2.951310591,Healthy,Serting_Basemap,0.1346637805302938,0.025496161646313138,0.019606205738253064,0.10705094867282444,,,,,,,,0.9937006633442236,0.6816162481102953,0.11423727444538838,51244_1475
1520,102.4882896,2.951386169,Healthy,Serting_Basemap,0.14997845888137817,0.02494386604262723,0.01930650758246581,0.10022376229365666,,,,,,,,0.9104734743972458,0.7148006573378896,0.19885793321121017,51244_1475
1521,102.4882919,2.951464073,Healthy,Serting_Basemap,0.18005447586377463,0.023654217935270734,0.01931053979529275,0.09195096790790558,,,,,,,,0.7671427237456547,0.7677642765840407,0.32390347315924534,51244_1475
1522,102.4882942,2.951544302,Healthy,Serting_Basemap,0.1812496797906028,0.0232348402755128,0.018883353306187525,0.08429042084349526,,,,,,,,0.753757813344925,0.7727471960420248,0.3651397989063539,51244_1475
1523,102.4882931,2.951621043,Healthy,Serting_Basemap,0.17094987465275657,0.021909241047170427,0.01827807476123174,0.0758906031648318,,,,,,,,0.7520987437694323,0.7727953800093181,0.38510406529909663,51244_1475
1524,102.488357,2.951583835,Unhealthy,Serting_Basemap,0.17211656934685177,0.020846385922696855,0.018453778699040413,0.07925869855615827,,,,,,,,0.718026553073232,0.7839338033191222,0.3693993906613022,51244_1475
1526,102.4884326,2.951695459,Healthy,Serting_Basemap,0.19695147375265756,0.02047646024988757,0.019143966337045033,0.08509421017434862,,,,,,,,0.6372796217156895,0.8116483022862383,0.3965927151264536,51244_1475
1527,102.4885,2.951731504,Healthy,Serting_Basemap,0.18259174790647295,0.01977009057170815,0.019553765861524477,0.0872063355313407,,,,,,,,0.6544066442643064,0.8046065333228352,0.3535436989014707,51244_1475
1528,102.4885605,2.9517722,Healthy,Serting_Basemap,0.1762434939543406,0.017513642294539347,0.018647545534703467,0.08844210041893853,,,,,,,,0.6093865676783022,0.8192206735338698,0.33171957749834347,51244_1475
1529,102.4886337,2.951734992,Healthy,Serting_Basemap,0.18777775267759958,0.018254367013772328,0.021034754398796294,0.08293977959288491,,,,,,,,0.5952804390399479,0.8228007648407766,0.3872596362911839,51244_1475
1530,102.4886919,2.951696621,Healthy,Serting_Basemap,0.18687023222446442,0.020027838026483853,0.02190326630241341,0.07858023213015662,,,,,,,,0.6439064248893281,0.8063989866875806,0.4079480529732313,51244_1475
1531,102.4887593,2.951729178,Healthy,Serting_Basemap,0.16576974590619406,0.03355083676675955,0.030307218432426453,0.07874563501940833,,,,,,,,1.0198650479545257,0.663347996309945,0.35590444477300254,51244_1475
1532,102.4886965,2.951621043,Healthy,Serting_Basemap,0.21014734937085044,0.02186082448396418,0.024767423669497173,0.08025079882807201,,,,,,,,0.6276515992102389,0.81155125596873,0.447305023631898,51244_1475
1533,102.4886291,2.951661739,Healthy,Serting_Basemap,0.20130350523524815,0.018182896077632904,0.022508558506766956,0.08334422442648146,,,,,,,,0.5590912728502635,0.834314144576885,0.414404432274754,51244_1475
1534,102.4885651,2.951690808,Healthy,Serting_Basemap,0.17677893572383457,0.017592061931888264,0.021011167102389865,0.08593183341953489,,,,,,,,0.604086114823217,0.8189847030260351,0.34580654078448375,51244_1475
1536,102.4884965,2.951658251,Healthy,Serting_Basemap,0.18058991266621482,0.018265370796951983,0.019230714067816734,0.08445526576704449,,,,,,,,0.6182446389431158,0.8162948403597714,0.36271041589001357,51244_1475
1538,102.4884349,2.951539651,Healthy,Serting_Basemap,0.16423052880499098,0.015639813099470403,0.016308060019380517,0.08931892116864522,,,,,,,,0.5906881274681355,0.8260990340722482,0.29545166690022395,51244_1475
1539,102.4884291,2.951464073,Healthy,Serting_Basemap,0.16567492319477928,0.014483059652977519,0.014688877595795525,0.10523136539591683,,,,,,,,0.5535017505877359,0.8392182303104883,0.22311611189722044,51244_1475
1540,102.4883593,2.951423377,Healthy,Serting_Basemap,0.1686273068189621,0.023015300432840984,0.019336626658009157,0.11451052625974019,,,,,,,,0.7868662572823415,0.7598101929118434,0.1911322834210551,51244_1475
1542,102.488357,2.951347799,Healthy,Serting_Basemap,0.1569910297791163,0.025365502883990605,0.02020697585410542,0.1142762013607555,,,,,,,,0.8902948414703381,0.721803189460156,0.15746401892654707,51244_1475
1543,102.4884279,2.951388495,Healthy,Serting_Basemap,0.16485239399804008,0.01722566731688049,0.016507018460995622,0.10822513947884242,,,,,,,,0.6385471548170345,0.8107881071175606,0.2073669473947825,51244_1475
1544,102.4884268,2.951312916,Healthy,Serting_Basemap,0.1603399333026674,0.019029523763391707,0.016268244944512844,0.09962330179082023,,,,,,,,0.7091729515684547,0.7878175685575788,0.23355853180551608,51244_1475
1545,102.4884268,2.951240826,Healthy,Serting_Basemap,0.15522190928459167,0.020863479520711634,0.017328410202430353,0.09975573586093055,,,,,,,,0.7789338996273283,0.7630299746927864,0.2175334758935638,51244_1475
1548,102.4884919,2.95120013,Healthy,Serting_Basemap,0.15962757666905722,0.01892534653759665,0.017793363684581384,0.09299925963083903,,,,,,,,0.7033103706663074,0.7880141506762922,0.26374203950020153,51244_1475
1549,102.4884942,2.951273383,Healthy,Serting_Basemap,0.15455537041028342,0.015670812999208767,0.014572987539900674,0.09821892778078715,,,,,,,,0.6253629671852161,0.8158824607902836,0.2228725112982487,51244_1475
1550,102.488493,2.951340822,Healthy,Serting_Basemap,0.1680266112089157,0.013244631182816293,0.013721435848209593,0.10204881843593386,,,,,,,,0.5088283639288632,0.8538694719795179,0.24429394728629317,51244_1475
1551,102.4885617,2.951387332,Healthy,Serting_Basemap,0.14942553639411926,0.013088233148058256,0.013331323862075806,0.09752317435211605,,,,,,,,0.554194789744917,0.838927702127278,0.21017466292965636,51244_1475
1552,102.4885593,2.951459422,Healthy,Serting_Basemap,0.1697489246726036,0.014051710048483478,0.014382084935075708,0.08591685858037737,,,,,,,,0.5296675027906975,0.8470983512129149,0.32789708902608417,51244_1475
1553,102.4885012,2.951501281,Healthy,Serting_Basemap,0.16954941385322148,0.013670848061641058,0.014184671764572462,0.08767480403184891,,,,,,,,0.5181399002339704,0.8507714384995964,0.31830054920394285,51244_1475
1554,102.4884942,2.951428028,Healthy,Serting_Basemap,0.16811572015285492,0.013156759966578748,0.013609928182429738,0.09952863802512486,,,,,,,,0.5059339575748351,0.8548399629341392,0.2562620134967336,51244_1475
1556,102.4886326,2.951579184,Healthy,Serting_Basemap,0.20841698348522186,0.019413244910538197,0.023145554587244987,0.08148619118664,,,,,,,,0.5743796650855676,0.8295814822533929,0.43783857297269474,51244_1475
1557,102.4886954,2.951540814,Healthy,Serting_Basemap,0.19579935487773684,0.0190027282676763,0.021182306731740635,0.08293585975964864,,,,,,,,0.5961941420705951,0.8230675607106459,0.4049129395613522,51244_1475
1559,102.4888244,2.951466398,Healthy,Serting_Basemap,0.15323753323819903,0.01642356129984061,0.017737257811758254,0.07573759886953566,,,,,,,,0.6446239663149091,0.8063956696193743,0.33846441600566046,51244_1475
1560,102.4888954,2.951487328,Healthy,Serting_Basemap,0.17208866112762028,0.01717236151711808,0.01743231051497989,0.07347729636563195,,,,,,,,0.6136665661760252,0.818532508414558,0.40156773263125456,51244_1475
1561,102.4889581,2.951460585,Healthy,Serting_Basemap,0.1575237578815884,0.01709390493730704,0.017014856967661116,0.07849938505225712,,,,,,,,0.6551697499699549,0.804213334878546,0.33481620423756864,51244_1475
1562,102.4889628,2.951537326,Unhealthy,Serting_Basemap,0.1507371978627311,0.018315778838263616,0.01729558573828803,0.0838638734486368,,,,,,,,0.7159343429904281,0.7833131460245283,0.2850512320352472,51244_1475
1563,102.4889616,2.951381518,Healthy,Serting_Basemap,0.14951348884238136,0.014315282615522543,0.015341687326629957,0.07856261647409862,,,,,,,,0.5918899247846433,0.8252409208940339,0.3110841982759694,51244_1475
1564,102.4888965,2.951423377,Healthy,Serting_Basemap,0.19413680003749,0.01533656432810757,0.016759754055076174,0.06977810048394734,,,,,,,,0.5078969895094566,0.8535702677564257,0.4712075722433157,51244_1475
1565,102.4888302,2.951386169,Healthy,Serting_Basemap,0.17752773231930202,0.014189653822945224,0.01571376311282317,0.06663595181372431,,,,,,,,0.512213785921537,0.8519732184078805,0.4541698365149224,51244_1475
1566,102.4887593,2.951426865,Healthy,Serting_Basemap,0.120650761657291,0.014741013240483072,0.015412922638158003,0.06880136206746101,,,,,,,,0.7123597788838966,0.7822465470799375,0.2736807514766108,51244_1475
1567,102.4886919,2.951388495,Healthy,Serting_Basemap,0.11275411231650247,0.013592412695288658,0.015361897129979398,0.06797139346599579,,,,,,,,0.7001849132131065,0.7848391525762951,0.24779412654903474,51244_1475
1568,102.4886279,2.951347799,Healthy,Serting_Basemap,0.13283262484603459,0.013429769521786107,0.014335899406837093,0.09142756793234083,,,,,,,,0.6173610976252486,0.8163605952188514,0.1846295430353625,51244_1475
1569,102.4886303,2.951271058,Healthy,Serting_Basemap,0.12633560018406975,0.01397990176661147,0.013970445531109968,0.08143420020739238,,,,,,,,0.6646578294552746,0.8007361756575522,0.21611129188206363,51244_1475
1570,102.4885663,2.951241989,Healthy,Serting_Basemap,0.13629492703411314,0.01298059212664763,0.013274796617527803,0.09252806421783236,,,,,,,,0.5916037138565997,0.8260854532662075,0.19126951613044552,51244_1475
1571,102.4886861,2.95130594,Healthy,Serting_Basemap,0.10269694526990254,0.013032367142538229,0.014676724353598224,0.06617625513010555,,,,,,,,0.7268551120155864,0.7747784572314236,0.21626101745742268,51244_1475
1572,102.4887558,2.951341985,Healthy,Serting_Basemap,0.1112671047449112,0.014464609945813814,0.015488215308222506,0.06128717793358697,,,,,,,,0.7432779106234196,0.7699131045592773,0.28964755922312546,51244_1475
1573,102.4888919,2.951346636,Healthy,Serting_Basemap,0.18869433303674063,0.014028300531208515,0.015784201833109062,0.07387080167730649,,,,,,,,0.48262127699427604,0.8616010429194975,0.43731446478789143,51244_1475
1574,102.4888268,2.951310591,Healthy,Serting_Basemap,0.124392316573196,0.012501719407737255,0.015196012126074897,0.05654741658104791,,,,,,,,0.6076473736934506,0.8173518763158023,0.37495855006215256,51244_1475
1575,102.488757,2.95127222,Healthy,Serting_Basemap,0.09756489760345882,0.013427539625101619,0.014774631294939253,0.06077724571029345,,,,,,,,0.7717275721350731,0.7580458640177249,0.23233013727919083,51244_1475
1576,102.4886896,2.951232687,Healthy,Serting_Basemap,0.10423407620853847,0.013786270697083738,0.014820727416210704,0.06578001959456338,,,,,,,,0.7521800627464212,0.7663746793066409,0.22618157884102638,51244_1475
1577,102.4886337,2.951196642,Healthy,Serting_Basemap,0.13396271814902624,0.014671837290128073,0.015124809100396104,0.07790531052483453,,,,,,,,0.6578148727208856,0.802578380958872,0.26458644079085536,51244_1475
1578,102.4885582,2.951160597,Healthy,Serting_Basemap,0.14885775082641178,0.01622739289369848,0.017012237364219293,0.09188141756587559,,,,,,,,0.6545785508570412,0.8034057756134515,0.23667246855190832,51244_1475
1579,102.4885617,2.951080368,Healthy,Serting_Basemap,0.15734724534882438,0.019589315375520125,0.019421114379333124,0.0932913911011484,,,,,,,,0.7257082983949126,0.7785724409322167,0.2555705503148214,51244_1475
1580,102.488493,2.951118738,Healthy,Serting_Basemap,0.15540062718921238,0.02171510478688611,0.021274346651302442,0.09061819149388207,,,,,,,,0.7892628224393403,0.7547919143645972,0.26332309065664955,51244_1475
1581,102.4886233,2.951116413,Healthy,Serting_Basemap,0.14690713004933464,0.016826370317074988,0.018651627107626863,0.08578727063205507,,,,,,,,0.675718841679258,0.7944663702978286,0.2626614961009149,51244_1475
1582,102.4886849,2.951073391,Unhealthy,Serting_Basemap,0.14193812674946255,0.022123487976690132,0.023384360906978447,0.09522658669286305,,,,,,,,0.8445309768174961,0.730302691295364,0.19695822105491653,51244_1475
1583,102.4886849,2.951155946,Healthy,Serting_Basemap,0.13203366763061947,0.018488377746608522,0.019164247541791864,0.07992811087105009,,,,,,,,0.7860091979950232,0.7543432564941006,0.2458252479663873,51244_1475
1586,102.488957,2.951230362,Healthy,Serting_Basemap,0.12233468724621667,0.01795994718041685,0.01727472897619009,0.08200532446304958,,,,,,,,0.8185503433353843,0.743968153111245,0.19736400348526686,51244_1475
1587,102.4888954,2.951195479,Healthy,Serting_Basemap,0.11168007387055291,0.019370786742203765,0.017406801796621747,0.06958695459696981,,,,,,,,0.9233612937557744,0.70437757292655,0.2322160827010238,51244_1475
1588,102.4888884,2.951117576,Healthy,Serting_Basemap,0.10973600877655877,0.022104565054178238,0.018884227611124516,0.06803175393078062,,,,,,,,1.0231856079706105,0.6646773536869296,0.23459964962509106,51244_1475
1589,102.4888233,2.951074554,Healthy,Serting_Basemap,0.1261425581243303,0.024159050029185083,0.018946984679334693,0.07880592718720436,,,,,,,,0.9993007379307601,0.6785257280213601,0.23096843514198837,51244_1475
1590,102.4887605,2.951036184,Healthy,Serting_Basemap,0.13604404032230377,0.024250202087892428,0.024042911724083953,0.0978485643863678,,,,,,,,0.9300737121213739,0.697428906699772,0.1633034784640195,51244_1475
1591,102.4886303,2.951038509,Healthy,Serting_Basemap,0.1485974681046274,0.02386827477150493,0.024696606107883982,0.1044064470463329,,,,,,,,0.8638902380479289,0.72321141145523,0.17466536449416983,51244_1475
1592,102.4884954,2.951038509,Unhealthy,Serting_Basemap,0.1518157795071602,0.023822831817799144,0.022611846319503255,0.08557522214121288,,,,,,,,0.8581971069275308,0.7287289891660197,0.27903567071200014,51244_1475
1593,102.4889547,2.951071066,Healthy,Serting_Basemap,0.13271045270893309,0.02147312483025922,0.018608840906785593,0.07150585701068242,,,,,,,,0.8842793001011147,0.7214602855508276,0.29970473848187357,51244_1475
1594,102.4890209,2.951112925,Healthy,Serting_Basemap,0.1481882491045528,0.02659314808746179,0.025103060839076836,0.07320141709513134,,,,,,,,0.9393652129488226,0.6956981862520919,0.3387097207228566,51244_1475
1596,102.4892198,2.951073391,Unhealthy,Serting_Basemap,0.19790333840582106,0.025037544469038647,0.027705603175693087,0.08932165470388201,,,,,,,,0.7265577022172667,0.7753884873319299,0.37803703127069876,51244_1475
1597,102.4892221,2.951150132,Healthy,Serting_Basemap,0.2025067706902822,0.022850083601143625,0.024928084057238366,0.08992255313528909,,,,,,,,0.6692685086819113,0.7972097749323881,0.38499633375395526,51244_1475
1598,102.4892186,2.951226873,Healthy,Serting_Basemap,0.16387418823109734,0.018385736271739006,0.017695274928377733,0.08835389961798985,,,,,,,,0.6736523762727591,0.7982470768393972,0.29941268340539734,51244_1475
1599,102.4892279,2.951379193,Healthy,Serting_Basemap,0.13500688307815129,0.015839856428404648,0.014892129227519035,0.09700124462445577,,,,,,,,0.6978727894132261,0.7899874206069103,0.16381166828091454,51244_1475
1600,102.4892279,2.95146291,Healthy,Serting_Basemap,0.12018370959493849,0.016063982517355017,0.01659853435638878,0.09943654553757773,,,,,,,,0.7608294425203356,0.7641944275413443,0.0944683542273556,51244_1475
1601,102.4892302,2.951536163,Healthy,Serting_Basemap,0.10925679405530293,0.019283470283779833,0.020471709883875318,0.08984874437252681,,,,,,,,0.916648473298767,0.6999621809877252,0.09747619195339965,51244_1475
1602,102.4891593,2.951497792,Healthy,Serting_Basemap,0.11884380711449517,0.01496212308605512,0.01570627258883582,0.11573720557822122,,,,,,,,0.7277548276993043,0.7763608374661771,0.013243192620808456,51244_1475
1603,102.4891605,2.95142454,Healthy,Serting_Basemap,0.11914776762326558,0.014588665527602037,0.014552555771337615,0.11719799455669191,,,,,,,,0.7165459535567029,0.7818296004478509,0.00824966374937189,51244_1475
1604,102.4891605,2.951345473,Healthy,Serting_Basemap,0.12378818376196755,0.014561655517253611,0.014320411305460665,0.10898260689444011,,,,,,,,0.6965970002579589,0.789495158171237,0.06360581938041321,51244_1475
1605,102.4890907,2.951381518,Healthy,Serting_Basemap,0.11658717029624516,0.013593146991398599,0.014359490221573247,0.10140246566798952,,,,,,,,0.6876819336905861,0.7911643284543014,0.06965792002490877,51244_1475
1607,102.4890279,2.951497792,Healthy,Serting_Basemap,0.1487072871790992,0.015972661061419383,0.015929981652233336,0.11049238592386246,,,,,,,,0.6500132482288034,0.8060157143346808,0.1474342185611348,51244_1475
1608,102.4890267,2.951354775,Healthy,Serting_Basemap,0.13133142391840616,0.014019786069790522,0.014605641158090698,0.09798608223597209,,,,,,,,0.6446744249862943,0.8070908928666091,0.14541123458749694,51244_1475
1609,102.4888942,2.951267569,Healthy,Serting_Basemap,0.11672345217731264,0.014995258198016219,0.01508980772147576,0.07476780025495423,,,,,,,,0.7414046095286937,0.7723139232795759,0.219099574468545,51244_1475
1610,102.4889651,2.951151295,Healthy,Serting_Basemap,0.12348885337511699,0.022337786853313446,0.020255234816835985,0.07214751260148154,,,,,,,,0.9484270008015255,0.6936391482609435,0.2624325008151948,51244_1475
1611,102.4890954,2.951231524,Healthy,Serting_Basemap,0.15971709042787552,0.024344053843783006,0.023036113008856773,0.0815533697605133,,,,,,,,0.8414765272638381,0.7354786210841624,0.32396722170766534,51244_1475
1612,102.4890954,2.95130594,Healthy,Serting_Basemap,0.1390343134601911,0.017362715986867745,0.01695937818537156,0.0857487064268854,,,,,,,,0.7283051917342548,0.7779661666432723,0.23705352414997635,51244_1475
1613,102.4895604,2.951500118,Healthy,Serting_Basemap,0.1453543421294954,0.02301963749859068,0.024197246465418074,0.10698939363161723,,,,,,,,0.8541971441663543,0.726565380833336,0.1520344794062861,51244_1475
1614,102.4896895,2.951430353,Healthy,Serting_Basemap,0.15524237271812227,0.025044253509905603,0.025046525109145377,0.10470165229505962,,,,,,,,0.8696774243647587,0.7221729194906621,0.1944292446056404,51244_1475
1615,102.4896883,2.951350124,Healthy,Serting_Basemap,0.16919405344459745,0.027342591641677752,0.02751439457966222,0.10123793946372138,,,,,,,,0.8701124686240052,0.7217557913469523,0.2512872580276195,51244_1475
1616,102.489686,2.951266407,Healthy,Serting_Basemap,0.19388054642412397,0.02464343441857232,0.02799989448653327,0.09599175469742881,,,,,,,,0.7270326040846694,0.7744555602223646,0.33769625917326695,51244_1475
1617,102.489686,2.951185015,Healthy,Serting_Basemap,0.18144399258825514,0.02183446143236425,0.028777058753702376,0.08991232183244494,,,,,,,,0.6879975942520461,0.7851768251823729,0.3373117406580896,51244_1475
1618,102.4896883,2.951114087,Healthy,Serting_Basemap,0.15389485326078203,0.021366851404309273,0.02846190623111195,0.08899377865923776,,,,,,,,0.7594049498475128,0.7561720463105237,0.26720507291142137,51244_1475
1619,102.489686,2.951029207,Healthy,Serting_Basemap,0.14775483806928,0.02298087916440434,0.02548522874712944,0.09717407822608948,,,,,,,,0.8387112342401284,0.7308017380692451,0.20651199788183924,51244_1475
1620,102.489693,2.950951303,Healthy,Serting_Basemap,0.14953465594185722,0.02288809749815199,0.02430320820874638,0.09757259488105774,,,,,,,,0.8337570950443145,0.7345118664270095,0.21028140974316117,51244_1475
1621,102.4896302,2.95098386,Healthy,Serting_Basemap,0.14541073226266438,0.022039463536606893,0.026194080296489928,0.09628716525104311,,,,,,,,0.817473345897027,0.7367639562150597,0.20324366706100663,51244_1475
1622,102.4896244,2.951069903,Healthy,Serting_Basemap,0.1534925401210785,0.022209840102328196,0.027930192235443328,0.09185913701852162,,,,,,,,0.7867376140896226,0.7471879427690367,0.25120432768628975,51244_1475
1625,102.4896221,2.950831541,Unhealthy,Serting_Basemap,0.1528199397855335,0.02683972691496213,0.028817483534415562,0.09625828762849171,,,,,,,,0.9124624545435527,0.7012158888204361,0.2270838874367904,51244_1475
1627,102.4896186,2.950753637,Unhealthy,Serting_Basemap,0.12845009565353394,0.026542380452156067,0.022700346695880096,0.09236756794982487,,,,,,,,1.0396789595251843,0.6575010462565072,0.16340417299461105,51244_1475
1630,102.4894895,2.950917584,Healthy,Serting_Basemap,0.13863932506905663,0.02030828408896923,0.023779409420159128,0.09271428071790272,,,,,,,,0.8001873101747867,0.7444656865674687,0.19850585079466504,51244_1475
1631,102.4894837,2.950997813,Healthy,Serting_Basemap,0.14589794394042757,0.022459965406192675,0.02687147135535876,0.10972508208619224,,,,,,,,0.825395116765416,0.7331878794010035,0.14150862078625268,51244_1475
1632,102.4895418,2.951037346,Healthy,Serting_Basemap,0.1459828656580713,0.023222581172982853,0.026916049420833588,0.10376507292191188,,,,,,,,0.846982747676404,0.7255102408592106,0.16904160641405633,51244_1475
1633,102.4895488,2.95111525,Healthy,Serting_Basemap,0.162325961722268,0.023541185797916517,0.02470242294172446,0.11569662888844807,,,,,,,,0.8044461065869034,0.7466880391505439,0.16771778412463523,51244_1475
1634,102.4895628,2.951190828,Healthy,Serting_Basemap,0.17712461948394775,0.024188911956217553,0.025081528557671443,0.11654586510525809,,,,,,,,0.7722413135235225,0.7596891596588278,0.20628138528605913,51244_1475
1635,102.4895604,2.951276871,Healthy,Serting_Basemap,0.174642918838395,0.025255396962165833,0.025439953431487083,0.1100242171022627,,,,,,,,0.806258110054307,0.7473175613208946,0.2269974070684536,51244_1475
1636,102.4895651,2.951412912,Healthy,Serting_Basemap,0.14150036374727884,0.0228398320161634,0.025637430035405688,0.10449507998095618,,,,,,,,0.8585698654860021,0.7220420492982744,0.15043076898287788,51244_1475
1637,102.4894977,2.951460585,Healthy,Serting_Basemap,0.1611114102933142,0.021602508508496814,0.023703294081820384,0.11092564711968105,,,,,,,,0.757917196867256,0.7635373522700373,0.18448134842689182,51244_1475
1638,102.4894186,2.951502443,Healthy,Serting_Basemap,0.16717040952708986,0.020813336388932333,0.02425075736310747,0.1136913730038537,,,,,,,,0.7144742957009163,0.7785623827473866,0.19041051452895408,51244_1475
1639,102.4893581,2.951458259,Healthy,Serting_Basemap,0.15279231634404924,0.01702651164184014,0.020618649820486706,0.09720813979705174,,,,,,,,0.6565577645402416,0.7994743946383271,0.22233630052109035,51244_1475
1640,102.4892977,2.95142454,Healthy,Serting_Basemap,0.1528449687692854,0.017051776353683736,0.018333811312913895,0.10089697937170665,,,,,,,,0.6645199758583559,0.7992689460726057,0.20472763679072012,51244_1475
1641,102.4894256,2.951422214,Healthy,Serting_Basemap,0.156730770236916,0.0188352032047179,0.023609649596942797,0.09673947013086742,,,,,,,,0.6911657931592181,0.7854344684737037,0.23667985645573877,51244_1475
1642,102.4894965,2.95137803,Healthy,Serting_Basemap,0.14238194707367155,0.020105037631260023,0.024948527415593464,0.09601004587279426,,,,,,,,0.7749825334973932,0.7525335623924614,0.1945195416495836,51244_1475
1643,102.4894349,2.951351287,Healthy,Serting_Basemap,0.15675637043184704,0.018297172254986234,0.022978874544302624,0.09192561937703027,,,,,,,,0.6766405760192145,0.7909534194607024,0.26069741160042176,51244_1475
1644,102.4894953,2.951307103,Healthy,Serting_Basemap,0.1447558601697286,0.021910540345642302,0.025321473884913657,0.1022324048810535,,,,,,,,0.8194746229108099,0.7370730959822752,0.17216791769411413,51244_1475
1646,102.4892942,2.951269895,Healthy,Serting_Basemap,0.1780040024055375,0.020086129195988178,0.020240674105783302,0.09983858797285292,,,,,,,,0.6739833042190628,0.7972021217453371,0.28132985056838133,51244_1475
1647,102.4892965,2.951191991,Healthy,Serting_Basemap,0.18163466287983787,0.024905213982694678,0.025539740299185116,0.11838221136066648,,,,,,,,0.775305339907762,0.7588338449599161,0.21082964643004024,51244_1475
1648,102.4893616,2.951230362,Healthy,Serting_Basemap,0.17175064318709904,0.021634720369345613,0.023597314746843442,0.10564472774664561,,,,,,,,0.7253358888226563,0.7762527631722146,0.23830936766512478,51244_1475
1649,102.4894244,2.951266407,Healthy,Serting_Basemap,0.1563645237021976,0.02358503049860398,0.024913467466831207,0.11309197462267345,,,,,,,,0.825921876766685,0.7378706426548189,0.1605919669725407,51244_1475
1650,102.489493,2.951228036,Healthy,Serting_Basemap,0.1479710257715649,0.024754502914018102,0.02565772334734599,0.1186613721979989,,,,,,,,0.8875056727142817,0.7133660194599329,0.10992532714239668,51244_1475
1652,102.4894918,2.95114897,Healthy,Serting_Basemap,0.1558658265405231,0.02672842683063613,0.02648633552922143,0.1348922492729293,,,,,,,,0.9067821854996342,0.7072369328479875,0.07213411771596069,51244_1475
1653,102.4894895,2.951072229,Healthy,Serting_Basemap,0.1523166447877884,0.02428245937658681,0.027121835698684055,0.12060693237516615,,,,,,,,0.8520034160039658,0.7249990650690376,0.11618531730473881,51244_1475
1654,102.4894244,2.95111525,Healthy,Serting_Basemap,0.1500758727391561,0.029301216618882284,0.027143101311392255,0.1431173582871755,,,,,,,,0.9940137990291579,0.6733003448350444,0.023733544009942195,51244_1475
1655,102.4893605,2.951152458,Healthy,Serting_Basemap,0.1610401819149653,0.02883559713761012,0.026454671803447936,0.1442730070816146,,,,,,,,0.9409328044757299,0.6962688207891359,0.05491795126327974,51244_1475
1656,102.4892977,2.951117576,Healthy,Serting_Basemap,0.17843717171086204,0.027509296519888773,0.026381674533089,0.13349275042613348,,,,,,,,0.8469694466115821,0.7328500288816197,0.14408499504253894,51244_1475
1657,102.4892907,2.951029207,Healthy,Serting_Basemap,0.1774371928638882,0.026103649081455335,0.024989389917916723,0.10032543374432458,,,,,,,,0.8201155002502681,0.7435045582796114,0.2776174752564196,51244_1475
1658,102.4892209,2.950995488,Healthy,Serting_Basemap,0.18753431406286028,0.02589715665413274,0.02658860344025824,0.08855827566650179,,,,,,,,0.7791042821892706,0.7573257911109839,0.35848857259580597,51244_1475
1660,102.4890919,2.951000139,Unhealthy,Serting_Basemap,0.18441185355186462,0.0215131017482943,0.020135119039979246,0.08201812869972652,,,,,,,,0.695167451924917,0.7910588183259624,0.38431757562272856,51244_1475
1661,102.4890267,2.951033858,Healthy,Serting_Basemap,0.1739785364932484,0.02111888759666019,0.018534959500862494,0.0764514957037237,,,,,,,,0.7197026023274938,0.7835041882774652,0.3894382791630048,51244_1475
1663,102.4888895,2.951036184,Healthy,Serting_Basemap,0.12442554699050055,0.022073293311728373,0.018468855569760006,0.06938404341538747,,,,,,,,0.9441050716449031,0.698655726336251,0.28399783240778625,51244_1475
1664,102.4888244,2.95100479,Healthy,Serting_Basemap,0.12791426562600666,0.023347150741351977,0.020651151426136494,0.08475317599044906,,,,,,,,0.956557795598187,0.6913006462315507,0.2029510925955386,51244_1475
1665,102.4887558,2.950962931,Healthy,Serting_Basemap,0.13368060853746203,0.025204241275787354,0.02512474109729131,0.11299000763230854,,,,,,,,0.9637695944822688,0.6827357510119813,0.08387947144427295,51244_1475
1666,102.4886849,2.950926886,Unhealthy,Serting_Basemap,0.1480070153872172,0.026812049456768565,0.024820549827482965,0.12425021413299772,,,,,,,,0.9472060913302954,0.69325943391018,0.08725866084836342,51244_1475
1667,102.4886291,2.950965256,Healthy,Serting_Basemap,0.14532748444212806,0.02562080675529109,0.02450222025314967,0.11012380570173264,,,,,,,,0.9271508204038732,0.700250800100681,0.13780975120763736,51244_1475
1670,102.4886872,2.950772241,Unhealthy,Serting_Basemap,0.1839555005232493,0.025371366283959813,0.02508309669792652,0.11154641293817097,,,,,,,,0.781314540334601,0.7575909230292265,0.2450376267852215,51244_1475
1672,102.4894186,2.951037346,Healthy,Serting_Basemap,0.1440022952026791,0.022952051626311407,0.024887837262617216,0.11914966255426407,,,,,,,,0.854847954353987,0.7250499665058623,0.09444213472798799,51244_1475
1673,102.4894186,2.950961768,Healthy,Serting_Basemap,0.14085604581567976,0.01927409962647491,0.023437068487207096,0.09916250821616915,,,,,,,,0.7601646543733025,0.7592695669731033,0.1737096441051726,51244_1475
1675,102.4894209,2.950804798,Healthy,Serting_Basemap,0.15323064559035832,0.019081934458679624,0.018025123410754733,0.11635503007305993,,,,,,,,0.728945371058593,0.7785195433409546,0.13678625700921196,51244_1475
1676,102.4893558,2.950997813,Healthy,Serting_Basemap,0.14686069885889688,0.021555344056751993,0.02166883150736491,0.11940578785207537,,,,,,,,0.8147919790136798,0.7440226752323355,0.10311065183589309,51244_1475
1677,102.4892872,2.950953629,Healthy,Serting_Basemap,0.2104436755180359,0.024735307320952415,0.024638541042804718,0.09975841889778773,,,,,,,,0.6954155322623622,0.7896469572037645,0.3568165999288044,51244_1475
1679,102.4893558,2.95083968,Healthy,Serting_Basemap,0.18172555334038204,0.015011208235389657,0.018477118470602565,0.11879389733076096,,,,,,,,0.5216185029154772,0.847398034661578,0.2094095935190794,51244_1475
1680,102.4892919,2.95088619,Healthy,Serting_Basemap,0.2590552684333589,0.022093645193510585,0.0225392606937223,0.11592131108045578,,,,,,,,0.5425384443235746,0.8428331455491059,0.38171439277217545,51244_1475
1681,102.4892244,2.950919909,Healthy,Serting_Basemap,0.24908983707427979,0.025883760096298322,0.025698712923460536,0.10096300890048344,,,,,,,,0.6341026845701977,0.8117363967840046,0.42315561743633257,51244_1475
1682,102.4892221,2.950844331,Healthy,Serting_Basemap,0.25972388022475773,0.026170734730031755,0.025631272751424048,0.1127294980817371,,,,,,,,0.619982149450668,0.8169204080029957,0.3946651868520784,51244_1475
1683,102.4892267,2.95076759,Healthy,Serting_Basemap,0.24671090642611185,0.02608743454847071,0.024889287849267323,0.12142293569114473,,,,,,,,0.6445816864771164,0.8087419853414626,0.34033266274677587,51244_1475
1684,102.4892895,2.950807123,Healthy,Serting_Basemap,0.24476927353276146,0.02235314529389143,0.021940468913979,0.13531532138586044,,,,,,,,0.5742323560178003,0.832637444718578,0.2879726082303748,51244_1475
1685,102.4891593,2.950880376,Healthy,Serting_Basemap,0.21724657383229998,0.027798273290197056,0.0273987694332997,0.08726912405755785,,,,,,,,0.7406900697156128,0.7731168509223881,0.4268333313370087,51244_1475
1686,102.4891593,2.950808286,Healthy,Serting_Basemap,0.23251618444919586,0.02885772618982527,0.029487015058596928,0.10548578119940227,,,,,,,,0.7220780150163928,0.7791843407838805,0.3758274097786166,51244_1475
1687,102.4890895,2.950768753,Healthy,Serting_Basemap,0.23996209932698143,0.028587251694666013,0.03094786260690954,0.10716555929846233,,,,,,,,0.6970705343577267,0.7870987095227674,0.3825582223968176,51244_1475
1688,102.4890942,2.950844331,Healthy,Serting_Basemap,0.23256827725304496,0.0299808443006542,0.030235974945955806,0.09954074935780631,,,,,,,,0.743098090865862,0.7716172568147617,0.4005537857635939,51244_1475
1689,102.4890907,2.950925723,Healthy,Serting_Basemap,0.21590242120954725,0.027040509300099477,0.025993144346608058,0.08464581353796853,,,,,,,,0.7308823940157347,0.7773920875707413,0.43672393478485944,51244_1475
1691,102.4889547,2.950921072,Healthy,Serting_Basemap,0.2081976541214519,0.02357294513947434,0.02039940468966961,0.07830705038375324,,,,,,,,0.6839107282275231,0.7965838185288029,0.4533629001381332,51244_1475
1696,102.4888919,2.950955954,Healthy,Serting_Basemap,0.1549012785156568,0.022455315829979047,0.01889987662434578,0.07252705966432889,,,,,,,,0.8213664625406676,0.7467777737520411,0.362198569934312,51244_1475
1697,102.4888919,2.950882702,Healthy,Serting_Basemap,0.18993847982751,0.02445822229815854,0.022784611210227013,0.07675747614767817,,,,,,,,0.7478448465790701,0.7718414317415914,0.42438215182521005,51244_1475
1698,102.4888209,2.95092456,Healthy,Serting_Basemap,0.16609693153036964,0.027100739379723866,0.02862440815402402,0.11916349993811713,,,,,,,,0.8709764592622262,0.7194506615730841,0.1645283622079823,51244_1475
1700,102.4887605,2.95088619,Unhealthy,Serting_Basemap,0.15790168858236736,0.026811157456702657,0.02710469729370541,0.1300482658876313,,,,,,,,0.8988409983543723,0.7096990487490878,0.09673008195470333,51244_1475
1701,102.4888209,2.950765265,Healthy,Serting_Basemap,0.21030294398466745,0.027643748662538,0.030029711210065417,0.12762676841682857,,,,,,,,0.748088340443858,0.7676475486589399,0.24465494608420488,51244_1475
1702,102.4887558,2.950810612,Unhealthy,Serting_Basemap,0.2065664761596256,0.026136659913592868,0.027233488236864407,0.12922914740112093,,,,,,,,0.7309080953720115,0.7753647814581308,0.23031071083782031,51244_1475
1703,102.489293,2.951347799,Healthy,Serting_Basemap,0.1647882784406344,0.016363690607249737,0.016870171142121155,0.09658203191227382,,,,,,,,0.6106258252757347,0.8193374248896593,0.2609563666059352,51244_1475
1704,102.4896883,2.950711779,Healthy,Serting_Basemap,0.12247972190380096,0.025751918347345457,0.023780450431836977,0.0973436509569486,,,,,,,,1.041723151694247,0.6525449181603278,0.11434667123761766,51244_1475
1705,102.4896837,2.950633875,Healthy,Serting_Basemap,0.12200424406263563,0.021783582866191864,0.01591127510699961,0.08276990138822132,,,,,,,,0.9602495302712827,0.6970037960588366,0.1915981267460839,51244_1475
1706,102.4896872,2.950550157,Healthy,Serting_Basemap,0.12008064654138353,0.018315846100449562,0.015271717889441384,0.07951815840270784,,,,,,,,0.8519787919490689,0.7353134353216516,0.20322009518061715,51244_1475
1707,102.4896849,2.950473416,Healthy,Serting_Basemap,0.12177143494288127,0.01811100397672918,0.015745394345786836,0.07151331380009651,,,,,,,,0.83394153036672,0.7410539290476991,0.2600211422248114,51244_1475
1708,102.4896883,2.950386211,Healthy,Serting_Basemap,0.13156052513255012,0.02038547769188881,0.016966040453149214,0.06810247691141234,,,,,,,,0.8615211688979632,0.7316747092657311,0.3178257742872431,51244_1475
1709,102.489607,2.950351328,Healthy,Serting_Basemap,0.12588872346613142,0.020199145293898053,0.017050778596765466,0.0692671752638287,,,,,,,,0.8813958105138865,0.7234658091004383,0.29013495656952054,51244_1475
1710,102.4896197,2.950429232,Healthy,Serting_Basemap,0.11544447557793723,0.01783954745365514,0.01625589829766088,0.06963847246434954,,,,,,,,0.852651646387674,0.7323077883171846,0.247489050709967,51244_1475
1711,102.48955,2.950388536,Healthy,Serting_Basemap,0.12259163707494736,0.019634743738505576,0.017740364807347458,0.07761510213216145,,,,,,,,0.8745915775442076,0.7238944895285087,0.22465045442980228,51244_1475
1712,102.48955,2.950475742,Healthy,Serting_Basemap,0.11913752721415626,0.01936672565837701,0.017256910912692547,0.09988467105560833,,,,,,,,0.8846895018220959,0.7203446788568957,0.08790367510983806,51244_1475
1713,102.4895488,2.950555971,Healthy,Serting_Basemap,0.11342566625939475,0.019317859783768654,0.015571665950119495,0.10241827617088954,,,,,,,,0.9219117389552032,0.7089446037844861,0.050996984045825144,51244_1475
1714,102.4895535,2.950626898,Unhealthy,Serting_Basemap,0.11143416083521313,0.021480593416425917,0.015650931124885876,0.09603714280658299,,,,,,,,1.0105763475168212,0.6767763889363543,0.07421275982925059,51244_1475
1715,102.4896197,2.950507136,Healthy,Serting_Basemap,0.11687325023942524,0.018203321637378797,0.016452069497770734,0.07521758849422137,,,,,,,,0.8579796669692347,0.7304740358086514,0.21685397398344256,51244_1475
1716,102.4896197,2.950578063,Healthy,Serting_Basemap,0.11366176274087694,0.018993888671199482,0.015636163867182203,0.08459426297081842,,,,,,,,0.908332904613274,0.7136361931208254,0.14661597127105025,51244_1475
1717,102.4896186,2.950664106,Healthy,Serting_Basemap,0.11496612429618835,0.02434227905339665,0.017966952899263963,0.09153909898466533,,,,,,,,1.0722429686032002,0.6505267669702403,0.11344519494144474,51244_1475
1719,102.4894756,2.950612945,Healthy,Serting_Basemap,0.12762298517756993,0.01924984984927707,0.016083732040392026,0.11107901400989956,,,,,,,,0.8451886678874554,0.7378705211789724,0.06930805449466397,51244_1475
1720,102.489486,2.95068271,Unhealthy,Serting_Basemap,0.14171953830454084,0.02115907727016343,0.016596379689872265,0.11604458755917019,,,,,,,,0.8436882929343805,0.7401859391362665,0.09960637718433289,51244_1475
1721,102.4894209,2.950725731,Healthy,Serting_Basemap,0.1631370352374183,0.020020082282523315,0.01823157465292348,0.13894062323702705,,,,,,,,0.7233708720629645,0.781388978450771,0.08009997204887025,51244_1475
1722,102.4893512,2.950766427,Healthy,Serting_Basemap,0.17589744428793588,0.016944181484480698,0.01811224677496486,0.13716699100202984,,,,,,,,0.594798636836513,0.8242684232036345,0.12371399916452734,51244_1475
1724,102.4893512,2.950689686,Healthy,Serting_Basemap,0.1695559091038174,0.02141501982178953,0.020012557920482423,0.15274502999252743,,,,,,,,0.7371826997974223,0.7757248190363907,0.05215895168789667,51244_1475
1727,102.4894198,2.950496671,Healthy,Serting_Basemap,0.19304991099569532,0.02325745237370332,0.019094116571876738,0.16989858034584257,,,,,,,,0.7193241591326711,0.784959217185913,0.06378682155222719,51244_1475
1728,102.4894186,2.950411791,Healthy,Serting_Basemap,0.13796838290161556,0.023428118373784754,0.02025523388551341,0.11383947812848622,,,,,,,,0.9139120384566037,0.7096824505035834,0.09582268271698202,51244_1475
1731,102.4892151,2.95038156,Healthy,Serting_Basemap,0.13245209720399645,0.025878589186403487,0.021632546558976173,0.10567949546708001,,,,,,,,1.0057660359937224,0.6731070928020358,0.11242776078811421,51244_1475
1732,102.4893465,2.950382722,Healthy,Serting_Basemap,0.13256720039579603,0.02188389293021626,0.019598936869038477,0.1101875106493632,,,,,,,,0.8935213496940053,0.7166236578976599,0.09219054761112164,51244_1475
1733,102.4893523,2.950459463,Healthy,Serting_Basemap,0.19256263309054905,0.024029433106382687,0.019074390538864665,0.15409175720479754,,,,,,,,0.7402329893164105,0.7781134505219185,0.11097761044645837,51244_1475
1734,102.4893477,2.950535042,Healthy,Serting_Basemap,0.18182488613658482,0.0234681638992495,0.022260856193800766,0.14228102399243248,,,,,,,,0.7479235236073074,0.7713691340729452,0.12200907452878926,51244_1475
1736,102.4892872,2.950652479,Healthy,Serting_Basemap,0.18843621677822536,0.024201796700557072,0.025420316598481603,0.14241798139280742,,,,,,,,0.7382531839027167,0.7723662264840336,0.1390891687027321,51244_1475
1737,102.4892233,2.950693175,Unhealthy,Serting_Basemap,0.2090175896883011,0.024779783561825752,0.02751128975715902,0.13539327515496147,,,,,,,,0.6929265088190717,0.788023422014111,0.21376885008214014,51244_1475
1738,102.4891547,2.95072922,Healthy,Serting_Basemap,0.2301296823554569,0.026634735158748098,0.02897694603436523,0.11039754168854819,,,,,,,,0.6821196696922345,0.7925356214338026,0.3516081306070147,51244_1475
1740,102.4890221,2.950731545,Unhealthy,Serting_Basemap,0.23907439245118034,0.02865619108908706,0.02889346641798814,0.0963189345267084,,,,,,,,0.7047754513909457,0.7859326289125493,0.4256359517071826,51244_1475
1742,102.4888895,2.950733871,Healthy,Serting_Basemap,0.21254573265711466,0.028646157847510442,0.025422529006997745,0.08861791259712642,,,,,,,,0.7761593668542445,0.7624616832052145,0.41149661326276243,51244_1475
1743,102.4888209,2.950692012,Healthy,Serting_Basemap,0.20417093402809566,0.02409306499693129,0.02210787497460842,0.11537575804524952,,,,,,,,0.7022555255331224,0.7889017532345106,0.2778785641832433,51244_1475
1744,102.4887512,2.95072922,Unhealthy,Serting_Basemap,0.20590404835012224,0.02368049406343036,0.023307351395487785,0.11465120563904445,,,,,,,,0.6849705929241089,0.7937100310457793,0.2846711809445548,51244_1475
1746,102.4886837,2.950608294,Healthy,Serting_Basemap,0.18983602027098337,0.025284152271019086,0.02318667806684971,0.10548644926812914,,,,,,,,0.7673752744145692,0.764929974048972,0.2856185346631167,51244_1475
1748,102.488757,2.9505769,Unhealthy,Serting_Basemap,0.19464925593800014,0.024088329532080226,0.022503825111521616,0.10796489400996102,,,,,,,,0.7262911280660639,0.7797513446963132,0.2864517800735549,51244_1475
1749,102.4887535,2.950496671,Healthy,Serting_Basemap,0.1825826797220442,0.02401326224207878,0.02347920835018158,0.10111493865648906,,,,,,,,0.7560600501370799,0.7675340375635367,0.2871639935900132,51244_1475
1750,102.4888175,2.950621085,Healthy,Serting_Basemap,0.19845185263289344,0.025281999881068867,0.023727874995933637,0.11414581454462475,,,,,,,,0.7415605887010074,0.7739993336100882,0.2696950327540126,51244_1475
1751,102.4888186,2.950540855,Healthy,Serting_Basemap,0.20004885809289086,0.02450005089243253,0.024241430064042408,0.1093888067536884,,,,,,,,0.7171873375467089,0.7817842802876065,0.29298324554042954,51244_1475
1752,102.4890209,2.950650153,Unhealthy,Serting_Basemap,0.2336369189951155,0.027253247383568022,0.025302040494150586,0.09331800126367146,,,,,,,,0.6955786919474555,0.7910749357719388,0.42916900476793773,51244_1475
1753,102.4891535,2.950653641,Healthy,Serting_Basemap,0.2179690036508772,0.025412224647071626,0.028394617347253695,0.11370262255271275,,,,,,,,0.6840711909352104,0.7911735031925977,0.31436629744795425,51244_1475
1755,102.488957,2.95061062,Unhealthy,Serting_Basemap,0.20132793154981402,0.02550439577963617,0.02078772522509098,0.10207209570540322,,,,,,,,0.7470410191454014,0.7751255645092093,0.32714511182597134,51244_1475
1756,102.4890163,2.950569924,Healthy,Serting_Basemap,0.20456843078136444,0.024834535809026823,0.021943545382883813,0.08520662370655271,,,,,,,,0.7193697325271211,0.7834854868867502,0.411911947651066,51244_1475
1757,102.489093,2.950604806,Healthy,Serting_Basemap,0.22006284362739986,0.02566881374352508,0.024828412673539586,0.10099202725622389,,,,,,,,0.6932156895786353,0.791082565281536,0.3708737264862643,51244_1475
1758,102.4891523,2.9505769,Healthy,Serting_Basemap,0.1964074671268463,0.02774401091867023,0.028250457098086674,0.109705684085687,,,,,,,,0.7922730650545422,0.752453018284033,0.28323442719702874,51244_1475
1760,102.4892826,2.950569924,Healthy,Serting_Basemap,0.17141648133595785,0.02478584460914135,0.02594019513991144,0.13239486349953544,,,,,,,,0.8030132800487199,0.7473440287748999,0.1284402919764293,51244_1475
1761,102.4892884,2.950493183,Healthy,Serting_Basemap,0.15899348755677542,0.024826804589894082,0.021764354159434635,0.1209971813691987,,,,,,,,0.8619989846285985,0.7298796090468089,0.13570561595258895,51244_1475
1762,102.4892791,2.950422256,Healthy,Serting_Basemap,0.13972454269727072,0.02418453846540716,0.019432017372714147,0.10870599581135644,,,,,,,,0.9323007533884221,0.7049030072787208,0.12485802700474809,51244_1475
1763,102.4892174,2.950460626,Healthy,Serting_Basemap,0.149191757871045,0.02714557469718986,0.022746351030137803,0.10201193392276764,,,,,,,,0.959931527927299,0.6921176667262366,0.187815010246754,51244_1475
1764,102.4892221,2.950542018,Healthy,Serting_Basemap,0.17879977656735313,0.02674179006781843,0.028520688828494813,0.13473952809969583,,,,,,,,0.8202875845218469,0.7397919018951131,0.14052543911343235,51244_1475
1765,102.4891512,2.950495508,Healthy,Serting_Basemap,0.1788734644651413,0.028589845945437748,0.02571726900835832,0.09555715322494507,,,,,,,,0.8737379986495174,0.7243864865661578,0.3035969963609712,51244_1475
1766,102.4891488,2.950428069,Healthy,Serting_Basemap,0.15859954969750512,0.028552078538470797,0.023936259663767286,0.08859342336654663,,,,,,,,0.9531658333237945,0.6948775834055793,0.2832043543277371,51244_1475
1767,102.48915,2.950352491,Healthy,Serting_Basemap,0.1257277238700125,0.028263116255402565,0.02348491797844569,0.1078032652537028,,,,,,,,1.0989898275052958,0.6329247086075486,0.07675409025400921,51244_1475
1768,102.4890837,2.950373421,Healthy,Serting_Basemap,0.12998625967237684,0.028673011395666335,0.02373569644987583,0.0791910770866606,,,,,,,,1.0867782614209058,0.6385586394964651,0.2428331069356234,51244_1475
1770,102.4890186,2.950424581,Healthy,Serting_Basemap,0.1498018056154251,0.02579875373178058,0.021754499938752916,0.08054912587006886,,,,,,,,0.9248778995223267,0.7061654720498917,0.30063989452422657,51244_1475
1771,102.4890884,2.950464114,Healthy,Serting_Basemap,0.15614956617355347,0.027078184195690684,0.023866536302698985,0.08132409304380417,,,,,,,,0.9250680610018126,0.7044314069116474,0.31508956983419445,51244_1475
1772,102.4890837,2.95053853,Healthy,Serting_Basemap,0.20302977661291757,0.02686356691022714,0.025392830992738407,0.09641245669788784,,,,,,,,0.7616825526600656,0.7662953916060415,0.35605304814957917,51244_1475
1773,102.4890174,2.950502485,Healthy,Serting_Basemap,0.17332085967063904,0.024658294808533456,0.021270165633824136,0.08238204651408726,,,,,,,,0.8087749065634221,0.7509000897250774,0.3556424700580261,51244_1475
1774,102.4889488,2.95053853,Healthy,Serting_Basemap,0.18567878670162624,0.02312918586863412,0.019689994139803782,0.10180856866969003,,,,,,,,0.7353478551612285,0.7784645329013812,0.2917353284063925,51244_1475
1775,102.4888849,2.950573412,Healthy,Serting_Basemap,0.1824239103330506,0.023696888238191605,0.023374231946137216,0.11243007746007708,,,,,,,,0.748740745112591,0.770067956242648,0.23738472522230855,51244_1475
1776,102.4888186,2.950461789,Healthy,Serting_Basemap,0.17452662272585762,0.02036579656932089,0.021967162274652056,0.09783859385384454,,,,,,,,0.6867999276999694,0.7910047333500906,0.28156322541858747,51244_1475
1777,102.4887535,2.950422256,Healthy,Serting_Basemap,0.16257303290896946,0.02176189422607422,0.022452658870153956,0.09607358111275567,,,,,,,,0.7617394431718894,0.7638874567690424,0.2571054411353251,51244_1475
1778,102.488757,2.95034784,Unhealthy,Serting_Basemap,0.13414846195114982,0.01985845435410738,0.0217567907853259,0.09766449862056309,,,,,,,,0.8121147095993861,0.7421095775368176,0.15738534739648508,51244_1475
1779,102.4888895,2.950346677,Healthy,Serting_Basemap,0.12094809611638387,0.026250491332676675,0.026169468855692282,0.09729018227921592,,,,,,,,1.0520261425949609,0.6433322929574864,0.10840405272205882,51244_1475
1780,102.4888151,2.950386211,Healthy,Serting_Basemap,0.15196404606103897,0.019045524920026462,0.02146869608097606,0.09489317403899299,,,,,,,,0.7203170760721255,0.7772577895989784,0.23118980274881007,51244_1475
1781,102.4889512,2.950385048,Healthy,Serting_Basemap,0.12877103769116932,0.025183588680293825,0.02271147517280446,0.08820439047283596,,,,,,,,0.9981125520589751,0.672844015488945,0.18696424549820562,51244_1475
1782,102.4889477,2.950465277,Healthy,Serting_Basemap,0.13983444538381365,0.02157929850121339,0.019447730543712776,0.0929696121149593,,,,,,,,0.8527649124785776,0.7326212999980466,0.20130591267337067,51244_1475
1783,102.4888861,2.950498997,Healthy,Serting_Basemap,0.17936199489567015,0.02109736783636941,0.022039716649386618,0.109853971335623,,,,,,,,0.692862907561426,0.7895097784524941,0.24033259458594297,51244_1475
1784,102.4888872,2.950424581,Healthy,Serting_Basemap,0.16413012560870913,0.01796952945490678,0.01944861902544896,0.10621330307589637,,,,,,,,0.6548727862542522,0.8026407084776828,0.21423425312986272,51244_1475
1785,102.4886849,2.950539693,Healthy,Serting_Basemap,0.18279528038369286,0.023344203415844176,0.022311869594785903,0.10460081779294544,,,,,,,,0.7416875408470773,0.7735106056776048,0.2720790681809738,51244_1475
1786,102.4886837,2.950467603,Healthy,Serting_Basemap,0.14454581671290928,0.023242088241709605,0.02458376230465041,0.09535789406961864,,,,,,,,0.8623601286553012,0.7229587168634614,0.2050319375338023,51244_1475
1787,102.4886849,2.950383885,Healthy,Serting_Basemap,0.12998198883401024,0.021766173239383433,0.02405059937801626,0.09294637540976207,,,,,,,,0.8813779944684789,0.7131276854759384,0.16613235175291424,51244_1475
1788,102.4868966,2.951125715,Healthy,Serting_Basemap,0.21297759976651934,0.020747209795647197,0.02123971852577395,0.1034535707698928,,,,,,,,0.6019971425201254,0.8224646340753242,0.3461227565254147,51243_1475
1789,102.4869059,2.95105595,Healthy,Serting_Basemap,0.22794515722327763,0.02275895078976949,0.02211937877453036,0.09847824109925164,,,,,,,,0.6159757251156441,0.8184397458011732,0.3966226587596015,51243_1475
1793,102.4869071,2.950723406,Healthy,Serting_Basemap,0.16697989818122652,0.019152292360862095,0.018873517504996724,0.09009160101413727,,,,,,,,0.683528308639679,0.7942076294800673,0.2990930437942376,51243_1475
1796,102.4869047,2.950658292,Healthy,Serting_Basemap,0.1655467359556092,0.019105794322159555,0.019782733793059986,0.09160733802451028,,,,,,,,0.6837506974158206,0.7930621985691815,0.28752956072869823,51243_1475
1797,102.4869111,2.95058504,Healthy,Serting_Basemap,0.1769840063320266,0.020060841511521075,0.020977011571327846,0.09663060969776577,,,,,,,,0.6740797692050007,0.7963829886336409,0.29367362679745,51243_1475
1798,102.4869042,2.950519926,Healthy,Serting_Basemap,0.19054271446333992,0.02160934865888622,0.018805175812708005,0.103638446993298,,,,,,,,0.6844721264124943,0.7962843411384924,0.2954107157634958,51243_1475
1799,102.4869111,2.950445511,Healthy,Serting_Basemap,0.16441018299924004,0.01917352682600419,0.016065699151820607,0.10125844346152411,,,,,,,,0.7009695489419634,0.7911195187824049,0.23770868385560998,51243_1475
1801,102.4869623,2.950396675,Healthy,Serting_Basemap,0.10839752438995573,0.01704547057549159,0.013661835342645645,0.07666807414756881,,,,,,,,0.8732853144202175,0.7282355929051808,0.17144974805219323,51243_1475
1805,102.4872297,2.95039435,Healthy,Serting_Basemap,0.09086920817693074,0.02039286235554351,0.022847259210215673,0.058241643425491124,,,,,,,,1.055926111007026,0.633426517088024,0.21881415336849752,51243_1475
1806,102.4872925,2.950349003,Healthy,Serting_Basemap,0.09411331845654382,0.020035861887865596,0.022538446303870942,0.0634236414399412,,,,,,,,1.022736901788381,0.6489530309825502,0.19480937702979864,51243_1475
1807,102.4873576,2.950395513,Healthy,Serting_Basemap,0.10428409526745479,0.022568697316779032,0.022497532268365223,0.0673797217508157,,,,,,,,1.050201288117793,0.6441750022681955,0.21498050176008426,51243_1475
1809,102.4874867,2.950396675,Healthy,Serting_Basemap,0.09725178529818852,0.02079292241897848,0.021234326892428927,0.08360483166244295,,,,,,,,1.0391787695963128,0.6477110609855048,0.07545730902793682,51243_1475
1810,102.4875518,2.950353654,Healthy,Serting_Basemap,0.09555145601431529,0.01893004961311817,0.019517932708064716,0.08233841591411167,,,,,,,,0.9902628913256329,0.6692906944336707,0.07427651702127153,51243_1475
1811,102.4876251,2.95039435,Healthy,Serting_Basemap,0.09805354724327724,0.019670458510518074,0.019823874657352764,0.07703253378470738,,,,,,,,1.0009243779286516,0.6658207748782127,0.12006101990031973,51243_1475
1812,102.4876879,2.950346677,Healthy,Serting_Basemap,0.1173018225365215,0.020887746786077816,0.021233377357323963,0.08203991254170735,,,,,,,,0.9267446709705591,0.6976943066185262,0.17689175817084218,51243_1475
1813,102.4877483,2.950390862,Healthy,Serting_Basemap,0.11029851602183448,0.023033657628628943,0.021034713834524155,0.08369063337643941,,,,,,,,1.0387186855092014,0.654492130473883,0.13716170583730508,51243_1475
1814,102.4878274,2.950349003,Healthy,Serting_Basemap,0.13076162172688377,0.02484505230353938,0.022752997568911977,0.09702589031722811,,,,,,,,0.9781289263891144,0.6806685515470647,0.14810175986786586,51243_1475
1815,102.4878855,2.950390862,Healthy,Serting_Basemap,0.12882690297232735,0.025832693402965862,0.021782093370954197,0.10499499572647943,,,,,,,,1.021689172925458,0.6659412799671237,0.10192333300888358,51243_1475
1816,102.487953,2.950351328,Healthy,Serting_Basemap,0.1591169627176391,0.026635324996378686,0.023838635741008654,0.1000291978319486,,,,,,,,0.9020276170319973,0.7132167218593167,0.22800941661793997,51243_1475
1817,102.4879588,2.95043272,Healthy,Serting_Basemap,0.14014992780155605,0.024395700958040025,0.020356583926412795,0.10095515102148056,,,,,,,,0.932477559218467,0.7034779818589705,0.16256304915436146,51243_1475
1818,102.4869635,2.951086182,Healthy,Serting_Basemap,0.22113309635056388,0.019984350436263613,0.020669717238181166,0.09190056721369426,,,,,,,,0.567391646369146,0.8342355503296961,0.4128390782812448,51243_1475
1822,102.4870312,2.950815553,Healthy,Serting_Basemap,0.14132865766684213,0.020694653400116496,0.02034256286505196,0.08650332937637965,,,,,,,,0.8153097471777245,0.7445472103509337,0.24063929302456386,51243_1475
1823,102.4870265,2.950894038,Healthy,Serting_Basemap,0.14490806063016257,0.019589100033044815,0.018511540877322357,0.08520180069737965,,,,,,,,0.7735167857063215,0.7618305391525673,0.2594684973009307,51243_1475
1825,102.4870294,2.950741719,Healthy,Serting_Basemap,0.21172925498750475,0.0203536506742239,0.01862474075622029,0.09585375090440114,,,,,,,,0.6007099026698085,0.8246001736647484,0.37672921410952664,51243_1475
1826,102.4870294,2.950591725,Healthy,Serting_Basemap,0.26576674812369877,0.020332413001192942,0.016484817593461938,0.0950250956747267,,,,,,,,0.5037195638888887,0.8578645744975312,0.4732414420775141,51243_1475
1827,102.4870957,2.950627189,Healthy,Serting_Basemap,0.28564111557271743,0.020321795096000034,0.015973824593755934,0.1033486458990309,,,,,,,,0.4750045545913019,0.8671617089039689,0.4686305083814555,51243_1475
1829,102.4871632,2.950588819,Healthy,Serting_Basemap,0.19605022337701586,0.02721727266907692,0.01845533245553573,0.10059310578637654,,,,,,,,0.8096158973867922,0.7561913565469646,0.32179087883031793,51243_1475
1830,102.4870975,2.950546378,Healthy,Serting_Basemap,0.20355456901921165,0.023304438839356106,0.01782077168011003,0.08900400458110704,,,,,,,,0.6956958579249329,0.7945469385647235,0.39154745331305457,51243_1475
1832,102.4870324,2.950513822,Healthy,Serting_Basemap,0.17699390153090158,0.02094418452017837,0.014859215252929263,0.08903153737386067,,,,,,,,0.7168324252351805,0.7883764066024816,0.33065395745303755,51243_1475
1833,102.4870294,2.95042836,Healthy,Serting_Basemap,0.12542527500126097,0.018980563204321597,0.013954814316497909,0.07823717097441356,,,,,,,,0.8562279502404843,0.7371219413262222,0.23169762005354472,51243_1475
1834,102.4870946,2.950471382,Healthy,Serting_Basemap,0.1727831032541063,0.01939632784989145,0.01575559905419747,0.07886753065718545,,,,,,,,0.68257465295928,0.7981435605416571,0.3731982357335393,51243_1475
1835,102.4871608,2.950434174,Healthy,Serting_Basemap,0.11298774596717623,0.020774410106241703,0.01918447007321649,0.060170043259859085,,,,,,,,0.9566790783357538,0.6893828461491116,0.30502643249888906,51243_1475
1836,102.487294,2.950433592,Healthy,Serting_Basemap,0.12852250619067085,0.024081812447143927,0.020951901665992208,0.06415461086564594,,,,,,,,0.9747845437215044,0.684388847417893,0.33407130181531147,51243_1475
1837,102.4872271,2.950471382,Healthy,Serting_Basemap,0.14051840785476896,0.028248892579641607,0.020894520605603855,0.06862364005711344,,,,,,,,1.0370813664149643,0.6652326308837273,0.34376046574788666,51243_1475
1838,102.4871562,2.950505682,Healthy,Serting_Basemap,0.13342967381079993,0.02497050818055868,0.01900534869896041,0.07091455616884762,,,,,,,,0.9870934650120573,0.6847161680417649,0.30593042753484523,51243_1475
1839,102.4872283,2.950549285,Healthy,Serting_Basemap,0.17255015091763604,0.031708196012510195,0.02189612595571412,0.07917112236221631,,,,,,,,0.9837235036144641,0.6895285163219892,0.370962006264783,51243_1475
1840,102.487294,2.950511496,Healthy,Serting_Basemap,0.1588404816057947,0.029112031786806054,0.022259348175591893,0.0750420056283474,,,,,,,,0.9731425100501107,0.6902192871877592,0.3582930768713598,51243_1475
1841,102.4873591,2.950471382,Healthy,Serting_Basemap,0.14636172437005573,0.030696451250049803,0.026822518557310104,0.07668784591886732,,,,,,,,1.0468692913493256,0.6532614080932152,0.3123694807433956,51243_1475
1842,102.4874265,2.950433011,Healthy,Serting_Basemap,0.10888481388489406,0.02598775674899419,0.025396023152603045,0.08165154274966982,,,,,,,,1.1162145794988296,0.6146324396894906,0.14292952597732228,51243_1475
1844,102.4874312,2.950508008,Healthy,Serting_Basemap,0.13203473471932942,0.030980365350842476,0.027398327986399334,0.08654171973466873,,,,,,,,1.119466444800708,0.6199080289187126,0.20813319119070622,51243_1475
1846,102.4872951,2.950587074,Healthy,Serting_Basemap,0.18553631835513645,0.03518379479646683,0.024783280160692003,0.0851588903201951,,,,,,,,1.0027901888513309,0.6811908593731051,0.37081346406590004,51243_1475
1847,102.4872277,2.950624864,Healthy,Serting_Basemap,0.1791177143653234,0.03231032813588778,0.021611135452985764,0.0869490760895941,,,,,,,,0.9741213725845368,0.6943609962646967,0.3464116589602956,51243_1475
1848,102.4871608,2.950664978,Healthy,Serting_Basemap,0.20885339544879067,0.024989463595880404,0.01864887598074145,0.09670217831929524,,,,,,,,0.7204657820434484,0.7862713131547314,0.36704032509194956,51243_1475
1849,102.4871608,2.950739975,Healthy,Serting_Basemap,0.1904221855931812,0.023024574749999575,0.019427341926429007,0.09124381095170975,,,,,,,,0.7198028537907671,0.7842593186893017,0.35211341041539157,51243_1475
1850,102.4870899,2.950778927,Healthy,Serting_Basemap,0.17231738567352295,0.021292870864272118,0.021191033017304208,0.09265916132264668,,,,,,,,0.7215043633929727,0.7800439786090001,0.30062367878930724,51243_1475
1852,102.4870951,2.951087054,Healthy,Serting_Basemap,0.19688929948541853,0.018650367235143978,0.01759425995664464,0.09329569588104884,,,,,,,,0.5925823869422571,0.8269425993005421,0.35699159246171197,51243_1475
1856,102.4871614,2.951041707,Healthy,Serting_Basemap,0.18473774029148948,0.019295706724127133,0.015833299089637067,0.11454891247881784,,,,,,,,0.6454426770039107,0.8108574157191957,0.23452040765259008,51243_1475
1857,102.4871637,2.951124261,Healthy,Serting_Basemap,0.18658437497085995,0.022452129878931575,0.02403340975029601,0.13763093700011572,,,,,,,,0.7029414600907395,0.7851846030905929,0.15099051822428,51243_1475
1858,102.4872289,2.951076589,Healthy,Serting_Basemap,0.20948155555460188,0.021857487244738474,0.019870229065418243,0.1376229085856014,,,,,,,,0.6403558548398441,0.8110350334275628,0.20702311376777677,51243_1475
1860,102.4873591,2.951085891,Healthy,Serting_Basemap,0.19219752152760824,0.023748959518141217,0.01848710545649131,0.13385649770498276,,,,,,,,0.7358811781572989,0.7800477284637034,0.17893054641662873,51243_1475
1861,102.4874347,2.95111961,Healthy,Serting_Basemap,0.1906735466586219,0.023964751718772784,0.01823930090500249,0.12537717819213867,,,,,,,,0.7464423721511138,0.7766964060007969,0.2066009134999334,51243_1475
1862,102.4874963,2.951089379,Healthy,Serting_Basemap,0.18605820834636688,0.0252986422015561,0.019231346435844898,0.119658838543627,,,,,,,,0.7909321880593871,0.7606073128363551,0.217192238634414,51243_1475
1863,102.4875579,2.951123099,Healthy,Serting_Basemap,0.19828889270623526,0.02178502848578824,0.019602738734748628,0.10123948173390494,,,,,,,,0.6665612424689509,0.8020208085738616,0.3240074038185165,51243_1475
1864,102.4876207,2.95108124,Healthy,Serting_Basemap,0.16168705291218227,0.021568655967712402,0.019175349010361567,0.08345428398913807,,,,,,,,0.770310125713408,0.764605903962878,0.3191333208504781,51243_1475
1865,102.487687,2.951124261,Healthy,Serting_Basemap,0.1633114516735077,0.023072497505280707,0.020591011891762417,0.09779681720667416,,,,,,,,0.8023560928902929,0.7524196948617238,0.2509098419127319,51243_1475
1866,102.4877649,2.95108124,Healthy,Serting_Basemap,0.16215962171554565,0.02507814909848902,0.02159057433406512,0.08086205563611454,,,,,,,,0.8577153594393543,0.7321251049992821,0.33452804278768483,51243_1475
1867,102.4877579,2.950999848,Healthy,Serting_Basemap,0.1733147849639257,0.0253880208151208,0.02251977783938249,0.06980962347653177,,,,,,,,0.8235824529423009,0.7444623822438445,0.4257292065051663,51243_1475
1868,102.4878974,2.951005662,Healthy,Serting_Basemap,0.18318277100721994,0.02568200334078736,0.02323781740334299,0.10511375549766752,,,,,,,,0.7970066118685818,0.7540800891777338,0.2707941592498823,51243_1475
1869,102.4878905,2.950925432,Healthy,Serting_Basemap,0.15673768520355225,0.02307763881981373,0.02251814305782318,0.07463252585795191,,,,,,,,0.819041767354589,0.7433184413491375,0.35486486773258236,51243_1475
1870,102.4878335,2.950961477,Healthy,Serting_Basemap,0.1817898452281952,0.02530198647744126,0.023029740278919537,0.07085263480742772,,,,,,,,0.7924715051280055,0.755644766198158,0.4391075103645483,51243_1475
1871,102.4876893,2.951041707,Healthy,Serting_Basemap,0.16840032239754996,0.023859003144833777,0.020943647250533104,0.06125167922841178,,,,,,,,0.8051566448125393,0.7518039442037464,0.4665696027490022,51243_1475
1872,102.4876277,2.951004499,Healthy,Serting_Basemap,0.15843868090046775,0.022011645345224276,0.019242244876093335,0.07763764593336317,,,,,,,,0.7942706979954867,0.7560365137245103,0.3422665713702785,51243_1475
1873,102.4876893,2.950970779,Unhealthy,Serting_Basemap,0.16833393772443137,0.02433314836687512,0.020946670323610306,0.07025794602102703,,,,,,,,0.8181034635164418,0.7474073142379551,0.4110617266764893,51243_1475
1874,102.4875626,2.951044032,Unhealthy,Serting_Basemap,0.1834747311141756,0.02252663630578253,0.019178054398960538,0.09440691313809818,,,,,,,,0.7275279894670023,0.781296244894731,0.3205242944914257,51243_1475
1875,102.487494,2.951007987,Healthy,Serting_Basemap,0.1901687118742201,0.025062692041198414,0.019756989864011604,0.12147396471765307,,,,,,,,0.7710082643834227,0.7671093382725178,0.2204279205525166,51243_1475
1876,102.4874254,2.951044032,Healthy,Serting_Basemap,0.17796294391155243,0.023858779213494725,0.019081801693472598,0.1227961861424976,,,,,,,,0.7798187488993089,0.7635657961485939,0.18342504767566226,51243_1475
1877,102.4873637,2.951004499,Healthy,Serting_Basemap,0.20752953820758396,0.022848694895704586,0.01916008225331704,0.1308932892150349,,,,,,,,0.671065624591716,0.8016418948272728,0.226451181133968,51243_1475
1878,102.4873009,2.951042869,Healthy,Serting_Basemap,0.21596362855699328,0.02244647302561336,0.01877384011944135,0.13230456660191217,,,,,,,,0.6421754385330225,0.8116986413192236,0.24021447584930836,51243_1475
1879,102.4872358,2.951005662,Healthy,Serting_Basemap,0.21537439856264326,0.021535064404209454,0.018068594444129202,0.129712060921722,,,,,,,,0.6230464366491076,0.8182000487906003,0.2482344215096691,51243_1475
1883,102.4871707,2.950889387,Unhealthy,Serting_Basemap,0.17635636693901485,0.01960369810048077,0.016418048905001745,0.10608242866065767,,,,,,,,0.6760425889484776,0.79992149832641,0.24881120927155892,51243_1475
1884,102.4872312,2.950927758,Healthy,Serting_Basemap,0.20006938609811994,0.02151621412485838,0.019291456064416304,0.12161604066689809,,,,,,,,0.6559989618957432,0.8057977223862297,0.24388218708001894,51243_1475
1886,102.4873579,2.950930083,Unhealthy,Serting_Basemap,0.19474346770180595,0.024327670948372945,0.023117079089085262,0.1306203529238701,,,,,,,,0.7302430205768498,0.7779016341607617,0.19708126937600756,51243_1475
1887,102.4874277,2.950970779,Unhealthy,Serting_Basemap,0.17508912748760647,0.02320545373691453,0.02097167457557387,0.12399096290270488,,,,,,,,0.7656300615432446,0.7659496936969759,0.17085110720080518,51243_1475
1891,102.4876928,2.950895201,Healthy,Serting_Basemap,0.1572149246931076,0.025250174933009677,0.021950939256283972,0.08729780837893486,,,,,,,,0.8795433865010355,0.7232328266090456,0.2859446844985884,51243_1475
1892,102.4877567,2.950931246,Healthy,Serting_Basemap,0.16035753736893335,0.02530343851281537,0.02201766913963689,0.07411097900735007,,,,,,,,0.8688543987237854,0.7274231874238164,0.36783854691677126,51243_1475
1893,102.4878312,2.95089055,Healthy,Serting_Basemap,0.1651241605480512,0.024607319798734453,0.021922351378533576,0.06783863363994493,,,,,,,,0.8332244091760194,0.74060899378682,0.4176011334651098,51243_1475
1894,102.4878974,2.950854505,Healthy,Serting_Basemap,0.14990982247723472,0.022042912741502125,0.022878918796777725,0.08535734191536903,,,,,,,,0.8131119502343013,0.7436166082096701,0.27437947292187054,51243_1475
1895,102.4878928,2.950776601,Healthy,Serting_Basemap,0.15602181686295402,0.021547660438550845,0.02296611149277952,0.10065063544445568,,,,,,,,0.7762011952899688,0.7573044560809976,0.215727012855208,51243_1475
1896,102.4878951,2.950696372,Healthy,Serting_Basemap,0.17993935445944467,0.023571849283244874,0.020869092187947698,0.12089678645133972,,,,,,,,0.7605289887824743,0.7683483872165774,0.19626155231666315,51243_1475
1897,102.4878265,2.950812646,Healthy,Serting_Basemap,0.13277992688947254,0.023093865977393255,0.021725440604819193,0.09346131359537442,,,,,,,,0.9205644256145579,0.7036850704323583,0.1737906546562256,51243_1475
1898,102.4877579,2.950848691,Healthy,Serting_Basemap,0.13717380745543373,0.025285757043295436,0.02179041670428382,0.08689794937769572,,,,,,,,0.9654012152742031,0.6887132238558569,0.22437391837463655,51243_1475
1899,102.4876951,2.950809158,Unhealthy,Serting_Basemap,0.13010860731204352,0.026471843736039266,0.02397204956246747,0.10131712837351693,,,,,,,,1.0229461204512824,0.6618754951994579,0.12440914945451763,51243_1475
1900,102.487623,2.950856831,Unhealthy,Serting_Basemap,0.14188191377454334,0.024859051323599286,0.023363040760159492,0.1066979467868805,,,,,,,,0.9251469215033947,0.7018243080341126,0.14153989349016038,51243_1475
1902,102.4875591,2.950820786,Unhealthy,Serting_Basemap,0.1588726747367117,0.023243634237183466,0.023275491057170763,0.10936167008346981,,,,,,,,0.8132994541839067,0.7447385753846433,0.18458115304523368,51243_1475
1904,102.4874288,2.950898689,Unhealthy,Serting_Basemap,0.1749141431517071,0.025294693600800302,0.023171715024444792,0.12554123832119835,,,,,,,,0.8137422303495035,0.7473169115700032,0.1643269113319614,51243_1475
1905,102.4873626,2.95085218,Unhealthy,Serting_Basemap,0.18379757636123234,0.025908585637807846,0.0247812709874577,0.13093995302915573,,,,,,,,0.7959748624325396,0.7529058241223601,0.16794191475816692,51243_1475
1907,102.4872277,2.950860319,Healthy,Serting_Basemap,0.1972255359093348,0.0209459417189161,0.020720502465135522,0.11362191289663315,,,,,,,,0.644892526012325,0.807986433913176,0.26895386574295915,51243_1475
1908,102.4872265,2.950774276,Healthy,Serting_Basemap,0.20461473531193203,0.022508851459456816,0.02102976633856694,0.09847383449474971,,,,,,,,0.6652972178443722,0.8017920394845377,0.3501976365683533,51243_1475
1909,102.4872277,2.950698698,Healthy,Serting_Basemap,0.2024159828821818,0.026929045096039772,0.02151772069434325,0.08829739938179652,,,,,,,,0.7755173680464058,0.7651656516521742,0.39254671598420415,51243_1475
1910,102.4872916,2.950739394,Healthy,Serting_Basemap,0.2039503554503123,0.030344685746563807,0.02390158652431435,0.09997173233164681,,,,,,,,0.8413266130073247,0.7409703116928928,0.3421226271427241,51243_1475
1912,102.4873556,2.950781252,Unhealthy,Serting_Basemap,0.18682021068202126,0.029330591567688517,0.024887114556299314,0.1243553865287039,,,,,,,,0.8678700561427337,0.7286099217544967,0.20073818356333634,51243_1475
1913,102.4873591,2.950704511,Healthy,Serting_Basemap,0.19572361641459995,0.03286801278591156,0.026010729372501373,0.11823373867405786,,,,,,,,0.9146824455136303,0.7124303028867165,0.24681657073668456,51243_1475
1915,102.4873672,2.950623119,Healthy,Serting_Basemap,0.19533575740125445,0.03488370238078965,0.027943503732482593,0.09745995452006657,,,,,,,,0.9523043648823082,0.6969526171782772,0.33428017862327397,51243_1475
1917,102.4874951,2.950621957,Healthy,Serting_Basemap,0.15803061756822798,0.02996773872938421,0.024412260080377262,0.11463978389898936,,,,,,,,0.9891226043219411,0.6811914814622787,0.15913290711333555,51243_1475
1918,102.4875544,2.950584749,Healthy,Serting_Basemap,0.13538647360271877,0.02821223706834846,0.023433512697617214,0.10592046214474572,,,,,,,,1.048565412965937,0.6551044081872723,0.122110089238422,51243_1475
1919,102.4875591,2.950505682,Healthy,Serting_Basemap,0.131431445479393,0.02237132771147622,0.021411079292496044,0.10226387199428347,,,,,,,,0.905789703029976,0.7090907108194544,0.1248102606437332,51243_1475
1920,102.4875649,2.950437081,Healthy,Serting_Basemap,0.1057536510957612,0.019934728741645813,0.019496523257758882,0.08978937731848823,,,,,,,,0.9658320343808603,0.682791221154513,0.08164072074946772,51243_1475
1921,102.4876288,2.950471963,Healthy,Serting_Basemap,0.14732786102427375,0.022112873072425526,0.021765648076931637,0.10201313263840145,,,,,,,,0.8292874657533971,0.7389898811485818,0.1817379794642875,51243_1475
1922,102.4876893,2.950421965,Healthy,Serting_Basemap,0.11691400988234414,0.022526777866813872,0.021105080015129514,0.0889995512035158,,,,,,,,0.984386401984105,0.6768982988343754,0.13556396446948352,51243_1475
1923,102.4877521,2.9504708,Healthy,Serting_Basemap,0.14555444568395615,0.02526082346836726,0.020934389490220282,0.10229885826508205,,,,,,,,0.93122961518354,0.7042322551874319,0.1745209231819157,51243_1475
1924,102.4878288,2.950434755,Healthy,Serting_Basemap,0.12275184690952301,0.02678405058880647,0.021348087324036494,0.10211123774449031,,,,,,,,1.0840012866255302,0.6417709588548036,0.0917918972640239,51243_1475
1925,102.4878916,2.950468475,Healthy,Serting_Basemap,0.15861750062968996,0.02822151676648193,0.021354613204797108,0.10121483272976345,,,,,,,,0.9549816779757623,0.6979055321550823,0.22092195824033706,51243_1475
1926,102.4879637,2.950509171,Healthy,Serting_Basemap,0.15670591592788696,0.02491682395339012,0.02007443540626102,0.09353285200066036,,,,,,,,0.87962170163722,0.72561999703696,0.2524511467594218,51243_1475
1927,102.4879649,2.950585912,Healthy,Serting_Basemap,0.22700627148151398,0.020218279730114672,0.01726678769207663,0.11105759938557942,,,,,,,,0.5681094956224424,0.8364379295581573,0.3429785969099273,51243_1475
1928,102.4879637,2.950654513,Healthy,Serting_Basemap,0.24577159682909647,0.020052834724386532,0.017782069742679596,0.10988231003284454,,,,,,,,0.5282981906547941,0.8491272257617752,0.38208292999014326,51243_1475
1929,102.4879591,2.950739394,Healthy,Serting_Basemap,0.195781033900049,0.02066275415321191,0.020617768375409976,0.11558831483125687,,,,,,,,0.6413909221543009,0.8090704811715144,0.2575485332629639,51243_1475
1930,102.4879602,2.950810321,Healthy,Serting_Basemap,0.17547580268647936,0.020798751049571566,0.022033312254481845,0.10047286334964964,,,,,,,,0.6958820732621743,0.7880647220572298,0.27180033306270757,51243_1475
1931,102.4879637,2.950889387,Healthy,Serting_Basemap,0.14770840936236912,0.020753398951556947,0.021985782724287774,0.08477871202760273,,,,,,,,0.786109911797747,0.7536130098653185,0.27068035837223287,51243_1475
1932,102.4879614,2.950969617,Healthy,Serting_Basemap,0.16736969434552723,0.023510375784503088,0.025095076403684087,0.08118888404634264,,,,,,,,0.7853627411602299,0.7536633785969642,0.34672233345056613,51243_1475
1933,102.4878881,2.950621957,Healthy,Serting_Basemap,0.19245464934243095,0.025957650194565456,0.020384312917788822,0.11119641777541903,,,,,,,,0.7843545160651748,0.7623059667464511,0.26760397168462713,51243_1475
1934,102.4878928,2.950540565,Healthy,Serting_Basemap,0.18125018808576795,0.028530528561936483,0.021048658216993015,0.09635377758079106,,,,,,,,0.8800289693200635,0.7279966527157092,0.30581843563052447,51243_1475
1935,102.4878265,2.950505682,Healthy,Serting_Basemap,0.14771281679471335,0.027769291773438454,0.02161302210556136,0.10401846054527494,,,,,,,,0.9879479010945766,0.6835085696197487,0.17357539639551745,51243_1475
1936,102.487823,2.950585912,Healthy,Serting_Basemap,0.1863336894247267,0.02972237289779716,0.02455651925669776,0.11867884546518326,,,,,,,,0.879571728496512,0.7248642544134841,0.2218100445739468,51243_1475
1939,102.4877533,2.950774276,Unhealthy,Serting_Basemap,0.13108928832742903,0.025263835158612993,0.022537234756681655,0.09176217392086983,,,,,,,,0.9899903494589725,0.6768361949498457,0.17647231931887136,51243_1475
1940,102.487694,2.950741719,Unhealthy,Serting_Basemap,0.13625387019581264,0.03198965659572019,0.02811853877372212,0.09873684330119027,,,,,,,,1.1207152297513843,0.6197219922124205,0.159653231978041,51243_1475
1941,102.4877591,2.950697535,Unhealthy,Serting_Basemap,0.15680237776703304,0.03210343999995126,0.027680925817953214,0.10782127579053243,,,,,,,,1.0327207785101162,0.6601116855008573,0.18509721756919742,51243_1475
1942,102.4877567,2.950612655,Healthy,Serting_Basemap,0.1809224428402053,0.03162494053443273,0.0268789478060272,0.11660815278689067,,,,,,,,0.933400986000131,0.7024198554475704,0.2161602571250241,51243_1475
1943,102.4877579,2.950545216,Healthy,Serting_Basemap,0.1760725114080641,0.02753268347846137,0.02242071305712064,0.11380100581381056,,,,,,,,0.8686807518228177,0.729548320279293,0.21482302416260315,51243_1475
1944,102.4876893,2.950501031,Healthy,Serting_Basemap,0.1558147461877929,0.023350752890110016,0.02164862346318033,0.10161386678616206,,,,,,,,0.8333420780644096,0.7393387341838968,0.2105472222977581,51243_1475
1945,102.4876265,2.950545216,Healthy,Serting_Basemap,0.1663186169332928,0.025096529266900487,0.023037550143069692,0.10585408988926145,,,,,,,,0.8381251645619415,0.7377790653969144,0.22215499764806254,51243_1475
1946,102.4876928,2.9505894,Healthy,Serting_Basemap,0.183518395655685,0.03162194602191448,0.02753387370871173,0.11256147838301128,,,,,,,,0.9222716310594695,0.7060342493152508,0.23965464556837787,51243_1475
1947,102.4876265,2.950626608,Healthy,Serting_Basemap,0.1641642078757286,0.02903095715575748,0.025460518275698025,0.10233656730916765,,,,,,,,0.937667275118168,0.6994649721070799,0.2319979764549105,51243_1475
1948,102.487687,2.950667304,Healthy,Serting_Basemap,0.1539861410856247,0.03259515720936987,0.028160899670587644,0.10324351406759685,,,,,,,,1.0542736558758443,0.6506063843779749,0.19726585174560243,51243_1475
1949,102.4876254,2.950698698,Healthy,Serting_Basemap,0.13756608797444236,0.03031945290664832,0.025997782953911357,0.09638458821508619,,,,,,,,1.0818582480478565,0.6388080504428566,0.1760264190302837,51243_1475
1950,102.487623,2.950770788,Unhealthy,Serting_Basemap,0.13155887689855364,0.02617422781056828,0.024590630291236773,0.10506488631169002,,,,,,,,1.0042967310641384,0.6681200454548006,0.1119667366769217,51243_1475
1951,102.4875602,2.950735905,Unhealthy,Serting_Basemap,0.138045201698939,0.025716484213868778,0.0236286452660958,0.10193895962503222,,,,,,,,0.9653932152839433,0.6859279498678208,0.1504526043498532,51243_1475
1952,102.4874963,2.950783578,Unhealthy,Serting_Basemap,0.14836287829611036,0.029759721209605534,0.024222770291897986,0.11347910761833191,,,,,,,,1.025732648274566,0.6658512587152025,0.13322451155399057,51243_1475
1953,102.48743,2.950734743,Healthy,Serting_Basemap,0.16678981482982635,0.03226183272070355,0.025959489660130605,0.1256322744819853,,,,,,,,1.0031938521737576,0.675844604978577,0.14074702921623164,51243_1475
1954,102.4874277,2.950813809,Unhealthy,Serting_Basemap,0.16067108511924744,0.0313014050738679,0.02505148823062579,0.12516007158491346,,,,,,,,1.0083996934342971,0.6738969730258729,0.12423772811824131,51243_1475
1955,102.4874963,2.950702186,Healthy,Serting_Basemap,0.15307692190011343,0.029965428221556876,0.024252588136328593,0.11969262775447634,,,,,,,,1.0103812504778857,0.6725847520900107,0.12239010618271684,51243_1475
1956,102.4874323,2.950659164,Healthy,Serting_Basemap,0.17428143488036263,0.032913378750284515,0.026552457155452833,0.11784558494885762,,,,,,,,0.9874236429711734,0.6822953415334316,0.19318942138422476,51243_1475
1957,102.4875591,2.950662653,Healthy,Serting_Basemap,0.14417051275571188,0.026877372422152095,0.022991481340593763,0.09920870264371236,,,,,,,,0.9733032472248353,0.6857327713323823,0.18473972823936505,51243_1475
1958,102.4881579,2.951002173,Healthy,Serting_Basemap,0.11198852707942326,0.020926096166173618,0.021713153769572575,0.06817813052071466,,,,,,,,0.9536033941926167,0.685119730919196,0.24316595058305102,51244_1475
1959,102.4880928,2.950967291,Healthy,Serting_Basemap,0.11742066923114988,0.018744331888026662,0.020673671116431553,0.07400155398580763,,,,,,,,0.854038554885554,0.7246820881436201,0.22682379566833852,51244_1475
1962,102.4880253,2.951004499,Healthy,Serting_Basemap,0.12691053168641198,0.01814759522676468,0.01972530937443177,0.07455779777632819,,,,,,,,0.7936365996094568,0.7497886452425134,0.25985589918620916,51244_1475
1963,102.4880905,2.950810321,Healthy,Serting_Basemap,0.15490588545799255,0.019258337509300973,0.0190463008152114,0.08867637564738591,,,,,,,,0.725126021468208,0.7788485237531532,0.27189791863355134,51244_1475
1964,102.48803,2.950853342,Healthy,Serting_Basemap,0.1427850822607676,0.019260167454679806,0.01978208145333661,0.08064146174324884,,,,,,,,0.7662402719820769,0.7622865528177988,0.2781389328405028,51244_1475
1965,102.4880277,2.950773113,Healthy,Serting_Basemap,0.16816988752947915,0.019389788930614788,0.018514456848303478,0.08505994909339482,,,,,,,,0.6879961543491594,0.7932413907235518,0.3281996290186648,51244_1475
1966,102.4880288,2.950698698,Healthy,Serting_Basemap,0.23273679117361704,0.018603655820091564,0.017383403248257108,0.09354152944352892,,,,,,,,0.5179777202694552,0.8519644884648649,0.42661511027396587,51244_1475
1967,102.4880288,2.950621957,Healthy,Serting_Basemap,0.21200588014390734,0.017379293735656474,0.01652201885978381,0.10877439048555163,,,,,,,,0.5280724876795051,0.8484706448832541,0.3218137120957819,51244_1475
1968,102.4880207,2.950548704,Healthy,Serting_Basemap,0.1830642827683025,0.020532358748217423,0.017514357653756935,0.10636331058210796,,,,,,,,0.6797574384028527,0.7983035614411014,0.2650091903757516,51244_1475
1969,102.4880195,2.950463824,Healthy,Serting_Basemap,0.1331720393564966,0.02049333643582132,0.0182046578783128,0.08950264089637333,,,,,,,,0.8522760408899264,0.7332732070558495,0.19611299502274884,51244_1475
1970,102.4880253,2.950392896,Healthy,Serting_Basemap,0.14526207827859455,0.017495158231920667,0.017977882487078507,0.0799447132481469,,,,,,,,0.706053927843302,0.7850152950859379,0.29003283865305524,51244_1475
1971,102.4880928,2.950348712,Unhealthy,Serting_Basemap,0.1304288829366366,0.016082937518755596,0.01906521287229326,0.06835981706778209,,,,,,,,0.7082655554250049,0.7804554271625845,0.3122363890275194,51244_1475
1972,102.4882172,2.950349875,Unhealthy,Serting_Basemap,0.15354486223724154,0.018226838774151273,0.02105343196954992,0.06956258623136415,,,,,,,,0.6908948017904067,0.7877783282481162,0.37642076310013856,51244_1475
1973,102.4881521,2.950382432,Healthy,Serting_Basemap,0.1306082159280777,0.014654612893031703,0.01748963228116433,0.07109612516231006,,,,,,,,0.6608355602965188,0.798233133528209,0.29504615738091167,51244_1475
1974,102.4880905,2.950426616,Healthy,Serting_Basemap,0.1314189988705847,0.015433495243390402,0.017019704398181703,0.0820398119588693,,,,,,,,0.6885891873319471,0.7898095590884257,0.23132887661014667,51244_1475
1975,102.4880893,2.950505682,Healthy,Serting_Basemap,0.1401177023847898,0.015390791930258274,0.015922982556124527,0.10439480427238676,,,,,,,,0.6590559906588779,0.8020585049318563,0.14609844952630177,51244_1475
1976,102.4880905,2.950581261,Healthy,Serting_Basemap,0.15663222720225653,0.01624366868701246,0.016597864011095628,0.10980915360980564,,,,,,,,0.6316885758704911,0.8120771134291976,0.17573499075009727,51244_1475
1977,102.4880963,2.950659164,Healthy,Serting_Basemap,0.2058755788538191,0.01754133775830269,0.018057253418697253,0.0906790519754092,,,,,,,,0.5417849427790716,0.8429721614253899,0.38844959714942406,51244_1475
1978,102.4880951,2.950730092,Healthy,Serting_Basemap,0.19042713774575126,0.018494478323393397,0.01852435018453333,0.0897266094883283,,,,,,,,0.6015920921082244,0.8229529459769019,0.3594473722076746,51244_1475
1979,102.4881602,2.95077195,Healthy,Serting_Basemap,0.15371425449848175,0.020419396460056305,0.019766782306962542,0.09578894658221139,,,,,,,,0.7622027877197911,0.7654744347499123,0.23216258414871574,51244_1475
1980,102.4881602,2.950845203,Healthy,Serting_Basemap,0.1354964276154836,0.02128711115154955,0.021458808953563373,0.0850171231561237,,,,,,,,0.8534924625917959,0.7284522173825868,0.22891701794618005,51244_1475
1981,102.4881591,2.950927758,Healthy,Serting_Basemap,0.1211297536889712,0.021366019629769854,0.022509592067864206,0.07633637885252635,,,,,,,,0.9171373439283107,0.7001171454822402,0.22684079674792595,51244_1475
1982,102.488223,2.950964966,Healthy,Serting_Basemap,0.11926434189081192,0.02499174430138535,0.025205870676371787,0.07554382416937086,,,,,,,,1.0281828178541,0.653508632307021,0.22442856788628832,51244_1475
1983,102.488287,2.950928921,Unhealthy,Serting_Basemap,0.13913541287183762,0.024154715653922822,0.023011723947193887,0.09144000957409541,,,,,,,,0.9181833902892785,0.7041497134946255,0.2068538042424108,51244_1475
1984,102.4882218,2.950883574,Unhealthy,Serting_Basemap,0.12502242045270073,0.023603559161225956,0.023958405065867636,0.08357877615425321,,,,,,,,0.9624876513453021,0.6823764025301774,0.19867404872339045,51244_1475
1986,102.4883579,2.950820786,Unhealthy,Serting_Basemap,0.15465742184056175,0.022213346428341336,0.02125411894586351,0.10391377906004588,,,,,,,,0.8065180903400114,0.7488183418237934,0.19624630509420593,51244_1475
1988,102.4883579,2.950961477,Unhealthy,Serting_Basemap,0.1464665358265241,0.026285481949647267,0.02428498739997546,0.09222396711508433,,,,,,,,0.9416152323197462,0.6956853843096128,0.22725063646419688,51244_1475
1989,102.4883556,2.951044032,Unhealthy,Serting_Basemap,0.1343323199285401,0.028056453085607953,0.02562589550183879,0.08523791945642895,,,,,,,,1.0387858544961937,0.6544532905219558,0.22359314545371844,51244_1475
1992,102.4885602,2.950999848,Healthy,Serting_Basemap,0.1508388097087542,0.02234016400244501,0.02124630142417219,0.09731406139002906,,,,,,,,0.8244917304641519,0.7419991177485502,0.21569264172413435,51244_1475
1993,102.488559,2.950933572,Healthy,Serting_Basemap,0.14688165568643147,0.02521612246831258,0.021593710200654134,0.10093085053894255,,,,,,,,0.9215256563599138,0.7069558626650116,0.18542569076678797,51244_1475
1994,102.4884928,2.95089055,Unhealthy,Serting_Basemap,0.15120123243994182,0.025602899491786957,0.021676792866653867,0.08909521914190716,,,,,,,,0.9140472168533992,0.7103812087188859,0.2584558069384571,51244_1475
1997,102.488559,2.950848691,Unhealthy,Serting_Basemap,0.16066130664613512,0.02535152083469762,0.02285837319989999,0.09463739809062746,,,,,,,,0.8658945014615923,0.7274218001195653,0.2586143498988161,51244_1475
1998,102.4884823,2.950809158,Healthy,Serting_Basemap,0.168842280904452,0.025894296665986378,0.02456424737142192,0.08714283340507084,,,,,,,,0.8448551992775933,0.7340582135205684,0.3191570248908878,51244_1475
2000,102.4883556,2.950734743,Unhealthy,Serting_Basemap,0.14660603387488258,0.022058092057704926,0.020445311131576698,0.09256503151522742,,,,,,,,0.8356622686994551,0.7384376560725046,0.22595125489577642,51244_1475
2001,102.488287,2.950777764,Healthy,Serting_Basemap,0.15096598201327854,0.022369076394372515,0.021005520597100258,0.10163893881771299,,,,,,,,0.82577128751091,0.741897841096119,0.19527348490795407,51244_1475
2002,102.4882242,2.950734743,Unhealthy,Serting_Basemap,0.15051454719569948,0.01992643748720487,0.01965213277273708,0.10230207691589992,,,,,,,,0.7590317003624754,0.7661778647397882,0.1907013450923916,51244_1475
2003,102.4882288,2.950806833,Healthy,Serting_Basemap,0.14906774130132464,0.02095656283199787,0.020327253060208425,0.0987658980819914,,,,,,,,0.793403029830223,0.7534874447647786,0.20296616449848862,51244_1475
2004,102.4882195,2.950654513,Unhealthy,Serting_Basemap,0.1511476809779803,0.018042715783748362,0.018486036608616512,0.0976996057563358,,,,,,,,0.7016445812823581,0.7867170226078734,0.2147826320433575,51244_1475
2005,102.4882265,2.950578935,Healthy,Serting_Basemap,0.145569470193651,0.016513467248943117,0.017798513484497864,0.08003235359986623,,,,,,,,0.6726637288706855,0.7962343537265693,0.2904990548913639,51244_1475
2006,102.4881602,2.95054289,Healthy,Serting_Basemap,0.14257202545801798,0.016532900743186474,0.01765317055914137,0.08983918362193638,,,,,,,,0.684269871094616,0.7921761300806119,0.22689457210276112,51244_1475
2007,102.4882195,2.95042429,Healthy,Serting_Basemap,0.14000639898909462,0.015691318238774937,0.01710785935736365,0.07332878311475118,,,,,,,,0.6659555109775269,0.7984386859595367,0.3125486158297443,51244_1475
2008,102.4882207,2.95050452,Healthy,Serting_Basemap,0.1385522335767746,0.015681555701626673,0.017515683132741187,0.07553483173251152,,,,,,,,0.6693259215199635,0.7966521373170633,0.29435408324750234,51244_1475
2009,102.4882846,2.950540565,Healthy,Serting_Basemap,0.15712418324417537,0.01881396222031779,0.018578756290177505,0.06958891161613995,,,,,,,,0.7055317498746395,0.7861298108986297,0.3861059357068391,51244_1475
2011,102.4881567,2.950692884,Healthy,Serting_Basemap,0.16520659294393328,0.01784143576191531,0.01812627063029342,0.09362815320491791,,,,,,,,0.651695121500832,0.8050627926664446,0.27654107805855366,51244_1475
2012,102.488287,2.950466149,Healthy,Serting_Basemap,0.17714382128583062,0.01996892100820939,0.018226858642366197,0.06366944975323147,,,,,,,,0.67890175309195,0.7973857927619815,0.4712131148045931,51244_1475
2013,102.4882858,2.950382432,Healthy,Serting_Basemap,0.1788330235415035,0.020256418010426894,0.019509899740417797,0.06449903423587482,,,,,,,,0.6784485521992285,0.7965093693314398,0.4698681725292091,51244_1475
2015,102.4884253,2.950391734,Unhealthy,Serting_Basemap,0.20391822109619775,0.025816998961899016,0.022872153255674574,0.06644587053192987,,,,,,,,0.741802845803668,0.7752456157539078,0.5084711868962032,51244_1475
2016,102.4884939,2.950346387,Unhealthy,Serting_Basemap,0.13992311557133993,0.02192920632660389,0.023123412910434935,0.0902173299756315,,,,,,,,0.8478949301572263,0.7290220360208193,0.21598022667234093,51244_1475
2021,102.4886172,2.950570796,Healthy,Serting_Basemap,0.1690369587805536,0.02435171210931407,0.025962777021858428,0.09783407300710678,,,,,,,,0.799389293342332,0.7481578212698712,0.2668063494808248,51244_1475
2022,102.4886218,2.950660327,Healthy,Serting_Basemap,0.1814085046450297,0.026047271779841848,0.02787741335729758,0.08771258261468676,,,,,,,,0.7972216935935676,0.7488884404308245,0.34815525971742706,51244_1475
2025,102.4884858,2.950732417,Unhealthy,Serting_Basemap,0.1797722644276089,0.02789310324523184,0.0303681544545624,0.0716309216287401,,,,,,,,0.8391217902651477,0.731364901545114,0.4301510434105247,51244_1475
2026,102.4884253,2.950692884,Healthy,Serting_Basemap,0.1699692640039656,0.025754234857029386,0.02346190344542265,0.07278851129942471,,,,,,,,0.841161852129101,0.7368304265261442,0.4003198356183967,51244_1475
2027,102.4883567,2.950654513,Healthy,Serting_Basemap,0.1569782868027687,0.022369183496468596,0.02023237415899833,0.08195238850182957,,,,,,,,0.8062818279531728,0.750549216455118,0.31400697380230963,51244_1475
2029,102.4883614,2.950498706,Healthy,Serting_Basemap,0.19046356115076277,0.022188830085926585,0.01826378692769342,0.06066590754522218,,,,,,,,0.7013319962118755,0.7913136084961333,0.5168555258748723,51244_1475
2030,102.4883544,2.950426616,Healthy,Serting_Basemap,0.19930127925342983,0.023806033449040517,0.01918622644411193,0.06140169459912512,,,,,,,,0.7157030194923993,0.786595668598388,0.5289528639297234,51244_1475
2031,102.4884242,2.950464986,Healthy,Serting_Basemap,0.22398379776212904,0.026587187002102535,0.022436183359887864,0.06185961307750808,,,,,,,,0.7099516141657902,0.7877871851194657,0.5671783169966976,51244_1475
2033,102.488423,2.950535914,Healthy,Serting_Basemap,0.18518202834659153,0.026257837191224098,0.023055451301236946,0.061649736016988754,,,,,,,,0.8055998337239745,0.7516283211357989,0.500471617371098,51244_1475
2034,102.4884195,2.950618468,Unhealthy,Serting_Basemap,0.16950922211011252,0.025411505045162305,0.022799700498580933,0.06585803876320521,,,,,,,,0.8361387914147876,0.7392631823611107,0.44038063306814673,51244_1475
2035,102.4882835,2.950698698,Unhealthy,Serting_Basemap,0.1486739127172364,0.019735657403038606,0.019238832406699657,0.09355526003572676,,,,,,,,0.7613182000467684,0.7656230891279661,0.22754754126053295,51244_1475
2036,102.4884928,2.950654513,Unhealthy,Serting_Basemap,0.1853333959976832,0.027988352502385776,0.0316204217573007,0.07275836004151238,,,,,,,,0.8203802848982857,0.7375949456707485,0.4361822232674274,51244_1475
2037,102.4885532,2.95061498,Unhealthy,Serting_Basemap,0.1855112529463238,0.027583028086357646,0.030782929104235437,0.08248629338211483,,,,,,,,0.8128786231645685,0.741119020626111,0.38442501051091327,51244_1475
2038,102.4885532,2.950692884,Healthy,Serting_Basemap,0.18844339417086708,0.028276300264729395,0.03200113566385375,0.08004174712631437,,,,,,,,0.8166525112387517,0.7390518629294914,0.40375287258286235,51244_1475
2039,102.4884893,2.950577772,Unhealthy,Serting_Basemap,0.17704591982894474,0.029383871083458264,0.03126468054122395,0.07918304329117139,,,,,,,,0.8801573592026664,0.7153136574562815,0.3819352634694025,51244_1475
2044,102.4897584,2.951621334,Healthy,Serting_Basemap,0.1374895398815473,0.025254946409000292,0.024423505903946027,0.09345743639601602,,,,,,,,0.9511193687473035,0.689636841350033,0.1906589304404287,51244_1475
2047,102.4897503,2.951548081,Healthy,Serting_Basemap,0.14559422019455168,0.025229569110605452,0.02490676898095343,0.10967964430650075,,,,,,,,0.9134523737962119,0.7046129322709764,0.14069037564126688,51244_1475
2048,102.4897578,2.951471921,Healthy,Serting_Basemap,0.17325286236074236,0.028572782667146787,0.030831109318468306,0.10279781454139286,,,,,,,,0.8750245624994456,0.7168567684924434,0.2552250500161861,51244_1475
2049,102.4897596,2.951385878,Healthy,Serting_Basemap,0.18839954833189645,0.02735131751332018,0.03088736803167396,0.09906546771526337,,,,,,,,0.7986090673762065,0.7464546211096786,0.31076505184887426,51244_1475
2050,102.4898218,2.951431807,Unhealthy,Serting_Basemap,0.17202718224790362,0.026944516433609858,0.030314687742955156,0.0954471305012703,,,,,,,,0.8412573544584174,0.7291623219567629,0.286308060611588,51244_1475
2052,102.4897636,2.9513103,Healthy,Serting_Basemap,0.18168411486678654,0.023606544153557882,0.027223532191581197,0.09109721746709612,,,,,,,,0.7373567507487097,0.770018331411577,0.3320861314982237,51244_1475
2053,102.4897578,2.951233559,Healthy,Serting_Basemap,0.16449236207538181,0.02264132805996471,0.026355818120969668,0.08222199810875787,,,,,,,,0.7670773851709302,0.7580197553568347,0.33346402659828955,51244_1475
2054,102.4898253,2.95126786,Healthy,Serting_Basemap,0.15210227999422285,0.024481951569517452,0.027376360156469874,0.06912465931640731,,,,,,,,0.8573517425243385,0.722716446958851,0.3750791876268949,51244_1475
2056,102.4897508,2.951149842,Unhealthy,Serting_Basemap,0.14424629509449005,0.021661351745327313,0.028689981541699834,0.08423226988977855,,,,,,,,0.8013115287095895,0.7388745828425716,0.2626680765823421,51244_1475
2058,102.4897642,2.950986476,Healthy,Serting_Basemap,0.14385436723629633,0.025252240399519604,0.024839642354183726,0.1007288404636913,,,,,,,,0.9216209602409565,0.7013453140293342,0.17632251689782388,51244_1475
2059,102.4897567,2.950904503,Healthy,Serting_Basemap,0.1460029458006223,0.025144670779506367,0.023420093581080437,0.10200612164205974,,,,,,,,0.9155486157620256,0.7061639386869987,0.17740006287766386,51244_1475
2061,102.4897607,2.950755091,Healthy,Serting_Basemap,0.14785225358274248,0.021474400535225868,0.01873389517681466,0.11082134147485097,,,,,,,,0.8198880636437055,0.7463553432023189,0.14315690822500307,51244_1475
2062,102.4897532,2.950670792,Healthy,Serting_Basemap,0.11480231997039583,0.022155116208725505,0.01923210856815179,0.09101378420988719,,,,,,,,0.99381124570661,0.6764671298351455,0.11558150833363,51244_1475
2063,102.4897497,2.950582423,Healthy,Serting_Basemap,0.12694715294573042,0.018815767019987106,0.016242529782983992,0.07908921357658175,,,,,,,,0.8324583743535691,0.741830542027939,0.23227908828399002,51244_1475
2064,102.489752,2.95050452,Healthy,Serting_Basemap,0.13187177148130205,0.019203524829612836,0.01720679199530019,0.074739970266819,,,,,,,,0.8194132662627478,0.7457754470976945,0.2765176883515751,51244_1475
2065,102.4897648,2.950416733,Healthy,Serting_Basemap,0.13617594954040316,0.02243232209649351,0.02075188151664204,0.07871572424968083,,,,,,,,0.8893224415310274,0.7171355331599851,0.2673915851521176,51244_1475
2066,102.4897578,2.950342317,Healthy,Serting_Basemap,0.14689429269896614,0.02587922683192624,0.024742276304297976,0.08937167790200976,,,,,,,,0.9267610897665939,0.700426003913187,0.24346550902205463,51244_1475
2067,102.4881765,2.953852636,Healthy,Serting_Basemap,0.15103579726484087,0.020196269990669355,0.017893260758784082,0.07630602353148991,,,,,,,,0.7718752458670008,0.7641064513864364,0.3287110724792659,51244_1476
2068,102.4880405,2.954082859,Healthy,Serting_Basemap,0.2183797922399309,0.031754700053069324,0.03240917892091804,0.18736669421195984,,,,,,,,0.8082689051186869,0.746098990491301,0.076434668108083,51244_1477
2069,102.4897648,2.952848027,Healthy,Serting_Basemap,0.14802989529238808,0.01931485513018237,0.017619959285689726,0.07978642028239039,,,,,,,,0.7564087047261063,0.7691609078694194,0.29955481826584734,51244_1476
2070,102.4894974,2.951535291,Healthy,Serting_Basemap,0.17002268632253012,0.023507943376898766,0.02381322222451369,0.11949917177359264,,,,,,,,0.7808268432472556,0.7570622964084931,0.17450673631751637,51244_1475
2071,102.4872416,2.952937558,Healthy,Serting_Basemap,0.1979961229695214,0.020082577442129452,0.02108705457713869,0.11447366078694661,,,,,,,,0.619717079876864,0.8158226603128037,0.2672977245302872,51243_1476
