source,window,group,seed,fold,pr_ref,pr_nested,pick,pick_abs_d
pt10m,survey_12m,S1_all,0,0,0.09839614091757726,0.10742535908843992,s1desc_VH_anom_mean,0.3001
pt10m,survey_12m,S1_all,0,1,0.08633708006601806,0.07784128842530336,s1desc_VV_mean,0.3161
pt10m,survey_12m,S1_all,0,2,0.12700907153864255,0.1367688314481631,s1desc_VV_mean,0.235
pt10m,survey_12m,S1_all,0,3,0.12976379987187045,0.13694290612559315,s1desc_VV_mean,0.3234
pt10m,survey_12m,S1_all,0,4,0.2238055885537747,0.2087603590031536,s1desc_VV_anom_mean,0.3752
pt10m,survey_12m,S1_all,1,0,0.15050587734740029,0.16571406705656314,s1desc_VV_mean,0.2718
pt10m,survey_12m,S1_all,1,1,0.1267580808207196,0.1949475633618067,s1desc_VH_anom_mean,0.3386
pt10m,survey_12m,S1_all,1,2,0.12866620752042665,0.1335211564793955,s1desc_VV_mean,0.3307
pt10m,survey_12m,S1_all,1,3,0.2011923226915042,0.19785984525990252,s1desc_VV_slope,0.2985
pt10m,survey_12m,S1_all,1,4,0.059118258787138854,0.04183938816610422,s1desc_VH_anom_mean,0.3243
pt10m,survey_12m,S1_all,2,0,0.13400356469084043,0.12952631480890586,s1desc_VV_mean,0.325
pt10m,survey_12m,S1_all,2,1,0.14827716115253248,0.1406756580959229,s1desc_VV_mean,0.3249
pt10m,survey_12m,S1_all,2,2,0.20967156418005806,0.2191101228177616,s1desc_VH_anom_mean,0.2717
pt10m,survey_12m,S1_all,2,3,0.09921573970753991,0.12619448595202093,s1desc_VH_anom_mean,0.33
pt10m,survey_12m,S1_all,2,4,0.1128620568020693,0.12656846800513546,s1desc_VH_anom_mean,0.3084
pt10m,survey_12m,S1_all,3,0,0.2166457395006885,0.22101107914954687,s1desc_VV_mean,0.3081
pt10m,survey_12m,S1_all,3,1,0.13608160362604557,0.14490382311122937,s1desc_VV_anom_mean,0.2731
pt10m,survey_12m,S1_all,3,2,0.1665297540357958,0.1751455980191487,s1desc_VV_mean,0.3051
pt10m,survey_12m,S1_all,3,3,0.05358034971563384,0.06714415332795981,s1desc_VV_mean,0.3113
pt10m,survey_12m,S1_all,3,4,0.13337234776390106,0.15478462972084497,s1desc_VH_anom_mean,0.3561
pt10m,survey_12m,S1_all,4,0,0.1484492792814169,0.16901539461051734,s1desc_VH_anom_mean,0.276
pt10m,survey_12m,S1_all,4,1,0.05194119159100256,0.048033647832598475,s1desc_VV_mean,0.3413
pt10m,survey_12m,S1_all,4,2,0.1778459850444432,0.16436161136972327,s1desc_VV_slope,0.307
pt10m,survey_12m,S1_all,4,3,0.0685469005611431,0.06603332759459479,s1desc_VH_anom_mean,0.2788
pt10m,survey_12m,S1_all,4,4,0.2095357556990219,0.20898219353300584,s1desc_VV_anom_mean,0.3815
pt10m,survey_12m,S1_all,5,0,0.1260874675128692,0.13341122895857013,s1desc_VH_anom_mean,0.258
pt10m,survey_12m,S1_all,5,1,0.09609250897518865,0.08717787621112254,s1desc_VV_anom_mean,0.3214
pt10m,survey_12m,S1_all,5,2,0.10559769246671633,0.11309149984913822,s1desc_VH_anom_mean,0.2716
pt10m,survey_12m,S1_all,5,3,0.2112262779261849,0.19878149061442013,s1desc_VV_anom_mean,0.4083
pt10m,survey_12m,S1_all,5,4,0.12635807059664922,0.13514030477790587,s1desc_VH_anom_mean,0.2978
pt10m,survey_12m,S1_all,6,0,0.10257911948127411,0.10829491944470755,s1desc_VH_anom_mean,0.2849
pt10m,survey_12m,S1_all,6,1,0.19310746574722096,0.17330558861231554,s1desc_VV_mean,0.2952
pt10m,survey_12m,S1_all,6,2,0.21129995017748804,0.20925033829723502,s1desc_VV_slope,0.3135
pt10m,survey_12m,S1_all,6,3,0.09148032879710485,0.09883796387868113,s1desc_VV_anom_mean,0.3672
pt10m,survey_12m,S1_all,6,4,0.07407200294220746,0.07896133803387834,s1desc_VV_anom_mean,0.3279
pt10m,survey_12m,S1_all,7,0,0.16568194030991706,0.15945055570792468,s1desc_VH_anom_mean,0.2923
pt10m,survey_12m,S1_all,7,1,0.08097326267974533,0.08989419541185047,s1desc_VH_mean,0.2953
pt10m,survey_12m,S1_all,7,2,0.11101284572435888,0.11060591407147591,s1desc_VV_mean,0.3116
pt10m,survey_12m,S1_all,7,3,0.13109926079870615,0.141592206162936,s1desc_VV_mean,0.2242
pt10m,survey_12m,S1_all,7,4,0.19962731191036046,0.19533328607794406,s1desc_VV_anom_mean,0.4041
pt10m,survey_12m,S1_all,8,0,0.12593315968157182,0.1329605167130884,s1desc_VH_anom_mean,0.2619
pt10m,survey_12m,S1_all,8,1,0.10700765125492037,0.10797391896433428,s1desc_VV_anom_mean,0.3034
pt10m,survey_12m,S1_all,8,2,0.114995366710663,0.11499408660159736,s1desc_VV_anom_mean,0.2846
pt10m,survey_12m,S1_all,8,3,0.12451812338909977,0.13116150612445343,s1desc_VH_anom_mean,0.3015
pt10m,survey_12m,S1_all,8,4,0.1984745466490733,0.20040785132686084,s1desc_VV_mean,0.3894
pt10m,survey_12m,S1_all,9,0,0.14793087885595813,0.16549541009446908,s1desc_VV_mean,0.2746
pt10m,survey_12m,S1_all,9,1,0.12612986858978154,0.13537720948620324,s1desc_VH_anom_mean,0.331
pt10m,survey_12m,S1_all,9,2,0.06622076747501654,0.052777788973615875,s1desc_VH_anom_mean,0.3123
pt10m,survey_12m,S1_all,9,3,0.20852848860913983,0.20813271022882507,s1desc_VV_slope,0.3053
pt10m,survey_12m,S1_all,9,4,0.12473199463772341,0.12882713055136627,s1desc_VV_anom_mean,0.3262
pt10m,survey_12m,S1_desc,0,0,0.09839614091757726,0.10742535908843992,s1desc_VH_anom_mean,0.3001
pt10m,survey_12m,S1_desc,0,1,0.08633708006601806,0.07784128842530336,s1desc_VV_mean,0.3161
pt10m,survey_12m,S1_desc,0,2,0.12700907153864255,0.1367688314481631,s1desc_VV_mean,0.235
pt10m,survey_12m,S1_desc,0,3,0.12976379987187045,0.13694290612559315,s1desc_VV_mean,0.3234
pt10m,survey_12m,S1_desc,0,4,0.2238055885537747,0.2087603590031536,s1desc_VV_anom_mean,0.3752
pt10m,survey_12m,S1_desc,1,0,0.15050587734740029,0.16571406705656314,s1desc_VV_mean,0.2718
pt10m,survey_12m,S1_desc,1,1,0.1267580808207196,0.1949475633618067,s1desc_VH_anom_mean,0.3386
pt10m,survey_12m,S1_desc,1,2,0.12866620752042665,0.1335211564793955,s1desc_VV_mean,0.3307
pt10m,survey_12m,S1_desc,1,3,0.2011923226915042,0.19785984525990252,s1desc_VV_slope,0.2985
pt10m,survey_12m,S1_desc,1,4,0.059118258787138854,0.04183938816610422,s1desc_VH_anom_mean,0.3243
pt10m,survey_12m,S1_desc,2,0,0.13400356469084043,0.12952631480890586,s1desc_VV_mean,0.325
pt10m,survey_12m,S1_desc,2,1,0.14827716115253248,0.1406756580959229,s1desc_VV_mean,0.3249
pt10m,survey_12m,S1_desc,2,2,0.20967156418005806,0.2191101228177616,s1desc_VH_anom_mean,0.2717
pt10m,survey_12m,S1_desc,2,3,0.09921573970753991,0.12619448595202093,s1desc_VH_anom_mean,0.33
pt10m,survey_12m,S1_desc,2,4,0.1128620568020693,0.12656846800513546,s1desc_VH_anom_mean,0.3084
pt10m,survey_12m,S1_desc,3,0,0.2166457395006885,0.22101107914954687,s1desc_VV_mean,0.3081
pt10m,survey_12m,S1_desc,3,1,0.13608160362604557,0.14490382311122937,s1desc_VV_anom_mean,0.2731
pt10m,survey_12m,S1_desc,3,2,0.1665297540357958,0.1751455980191487,s1desc_VV_mean,0.3051
pt10m,survey_12m,S1_desc,3,3,0.05358034971563384,0.06714415332795981,s1desc_VV_mean,0.3113
pt10m,survey_12m,S1_desc,3,4,0.13337234776390106,0.15478462972084497,s1desc_VH_anom_mean,0.3561
pt10m,survey_12m,S1_desc,4,0,0.1484492792814169,0.16901539461051734,s1desc_VH_anom_mean,0.276
pt10m,survey_12m,S1_desc,4,1,0.05194119159100256,0.048033647832598475,s1desc_VV_mean,0.3413
pt10m,survey_12m,S1_desc,4,2,0.1778459850444432,0.16436161136972327,s1desc_VV_slope,0.307
pt10m,survey_12m,S1_desc,4,3,0.0685469005611431,0.06603332759459479,s1desc_VH_anom_mean,0.2788
pt10m,survey_12m,S1_desc,4,4,0.2095357556990219,0.20898219353300584,s1desc_VV_anom_mean,0.3815
pt10m,survey_12m,S1_desc,5,0,0.1260874675128692,0.13341122895857013,s1desc_VH_anom_mean,0.258
pt10m,survey_12m,S1_desc,5,1,0.09609250897518865,0.08717787621112254,s1desc_VV_anom_mean,0.3214
pt10m,survey_12m,S1_desc,5,2,0.10559769246671633,0.11309149984913822,s1desc_VH_anom_mean,0.2716
pt10m,survey_12m,S1_desc,5,3,0.2112262779261849,0.19878149061442013,s1desc_VV_anom_mean,0.4083
pt10m,survey_12m,S1_desc,5,4,0.12635807059664922,0.13514030477790587,s1desc_VH_anom_mean,0.2978
pt10m,survey_12m,S1_desc,6,0,0.10257911948127411,0.10829491944470755,s1desc_VH_anom_mean,0.2849
pt10m,survey_12m,S1_desc,6,1,0.19310746574722096,0.17330558861231554,s1desc_VV_mean,0.2952
pt10m,survey_12m,S1_desc,6,2,0.21129995017748804,0.20925033829723502,s1desc_VV_slope,0.3135
pt10m,survey_12m,S1_desc,6,3,0.09148032879710485,0.09883796387868113,s1desc_VV_anom_mean,0.3672
pt10m,survey_12m,S1_desc,6,4,0.07407200294220746,0.07896133803387834,s1desc_VV_anom_mean,0.3279
pt10m,survey_12m,S1_desc,7,0,0.16568194030991706,0.15945055570792468,s1desc_VH_anom_mean,0.2923
pt10m,survey_12m,S1_desc,7,1,0.08097326267974533,0.08989419541185047,s1desc_VH_mean,0.2953
pt10m,survey_12m,S1_desc,7,2,0.11101284572435888,0.11060591407147591,s1desc_VV_mean,0.3116
pt10m,survey_12m,S1_desc,7,3,0.13109926079870615,0.141592206162936,s1desc_VV_mean,0.2242
pt10m,survey_12m,S1_desc,7,4,0.19962731191036046,0.19533328607794406,s1desc_VV_anom_mean,0.4041
pt10m,survey_12m,S1_desc,8,0,0.12593315968157182,0.1329605167130884,s1desc_VH_anom_mean,0.2619
pt10m,survey_12m,S1_desc,8,1,0.10700765125492037,0.10797391896433428,s1desc_VV_anom_mean,0.3034
pt10m,survey_12m,S1_desc,8,2,0.114995366710663,0.11499408660159736,s1desc_VV_anom_mean,0.2846
pt10m,survey_12m,S1_desc,8,3,0.12451812338909977,0.13116150612445343,s1desc_VH_anom_mean,0.3015
pt10m,survey_12m,S1_desc,8,4,0.1984745466490733,0.20040785132686084,s1desc_VV_mean,0.3894
pt10m,survey_12m,S1_desc,9,0,0.14793087885595813,0.16549541009446908,s1desc_VV_mean,0.2746
pt10m,survey_12m,S1_desc,9,1,0.12612986858978154,0.13537720948620324,s1desc_VH_anom_mean,0.331
pt10m,survey_12m,S1_desc,9,2,0.06622076747501654,0.052777788973615875,s1desc_VH_anom_mean,0.3123
pt10m,survey_12m,S1_desc,9,3,0.20852848860913983,0.20813271022882507,s1desc_VV_slope,0.3053
pt10m,survey_12m,S1_desc,9,4,0.12473199463772341,0.12882713055136627,s1desc_VV_anom_mean,0.3262
pt10m,survey_12m,S1_asc,0,0,0.09839614091757726,0.10003838284937563,s1asc_VH_anom_mean,0.1414
pt10m,survey_12m,S1_asc,0,1,0.08633708006601806,0.07490182248664629,s1asc_VH_VV_dB_std,0.1662
pt10m,survey_12m,S1_asc,0,2,0.12700907153864255,0.1271638975681778,s1asc_VH_VV_dB_mean,0.1468
pt10m,survey_12m,S1_asc,0,3,0.12976379987187045,0.132594637103746,s1asc_VH_anom_mean,0.2128
pt10m,survey_12m,S1_asc,0,4,0.2238055885537747,0.2114590585613061,s1asc_VH_VV_dB_slope,0.1174
pt10m,survey_12m,S1_asc,1,0,0.15050587734740029,0.13886586736282588,s1asc_VH_VV_dB_std,0.1563
pt10m,survey_12m,S1_asc,1,1,0.1267580808207196,0.15333190504798158,s1asc_VH_mean,0.1989
pt10m,survey_12m,S1_asc,1,2,0.12866620752042665,0.13107409123795327,s1asc_VH_anom_mean,0.2114
pt10m,survey_12m,S1_asc,1,3,0.2011923226915042,0.19716583217942937,s1asc_VH_VV_dB_anom_std,0.0774
pt10m,survey_12m,S1_asc,1,4,0.059118258787138854,0.05185308776520912,s1asc_VH_VV_dB_mean,0.1755
pt10m,survey_12m,S1_asc,2,0,0.13400356469084043,0.13628822038243418,s1asc_VH_mean,0.1798
pt10m,survey_12m,S1_asc,2,1,0.14827716115253248,0.12618692254615543,s1asc_VH_mean,0.1737
pt10m,survey_12m,S1_asc,2,2,0.20967156418005806,0.20853259671562946,s1asc_VV_cv,0.0834
pt10m,survey_12m,S1_asc,2,3,0.09921573970753991,0.10097153471412304,s1asc_VH_anom_mean,0.1912
pt10m,survey_12m,S1_asc,2,4,0.1128620568020693,0.11661553030425748,s1asc_VH_mean,0.1744
pt10m,survey_12m,S1_asc,3,0,0.2166457395006885,0.21080954141841282,s1asc_VH_delta90,0.0876
pt10m,survey_12m,S1_asc,3,1,0.13608160362604557,0.14111876347017008,s1asc_VH_anom_mean,0.1515
pt10m,survey_12m,S1_asc,3,2,0.1665297540357958,0.14899846565721372,s1asc_VH_anom_mean,0.1657
pt10m,survey_12m,S1_asc,3,3,0.05358034971563384,0.05234998040766184,s1asc_VH_VV_dB_anom_mean,0.2064
pt10m,survey_12m,S1_asc,3,4,0.13337234776390106,0.1351906343270709,s1asc_VH_anom_mean,0.2416
pt10m,survey_12m,S1_asc,4,0,0.1484492792814169,0.13283135936006196,s1asc_VH_VV_dB_std,0.168
pt10m,survey_12m,S1_asc,4,1,0.05194119159100256,0.04877549900506341,s1asc_VH_VV_dB_anom_mean,0.1742
pt10m,survey_12m,S1_asc,4,2,0.1778459850444432,0.17809312247710027,s1asc_VH_mean,0.1959
pt10m,survey_12m,S1_asc,4,3,0.0685469005611431,0.06734116556518875,s1asc_VH_VV_dB_mean,0.1531
pt10m,survey_12m,S1_asc,4,4,0.2095357556990219,0.21455225493860716,s1asc_VH_mean,0.1592
pt10m,survey_12m,S1_asc,5,0,0.1260874675128692,0.12631194098574006,s1asc_VH_VV_dB_mean,0.1483
pt10m,survey_12m,S1_asc,5,1,0.09609250897518865,0.08671069386092482,s1asc_VH_VV_dB_std,0.1561
pt10m,survey_12m,S1_asc,5,2,0.10559769246671633,0.10412653620417125,s1asc_VH_mean,0.1385
pt10m,survey_12m,S1_asc,5,3,0.2112262779261849,0.2137811413329744,s1asc_VH_mean,0.1552
pt10m,survey_12m,S1_asc,5,4,0.12635807059664922,0.12939940534880998,s1asc_VH_mean,0.1799
pt10m,survey_12m,S1_asc,6,0,0.10257911948127411,0.0985200321279497,s1asc_VH_VV_dB_std,0.1484
pt10m,survey_12m,S1_asc,6,1,0.19310746574722096,0.19470052913734512,s1asc_VH_mean,0.1387
pt10m,survey_12m,S1_asc,6,2,0.21129995017748804,0.21936356048322092,s1asc_VH_anom_mean,0.0769
pt10m,survey_12m,S1_asc,6,3,0.09148032879710485,0.08416374946110504,s1asc_VH_VV_dB_mean,0.2269
pt10m,survey_12m,S1_asc,6,4,0.07407200294220746,0.07229406681697471,s1asc_VH_anom_mean,0.2015
pt10m,survey_12m,S1_asc,7,0,0.16568194030991706,0.1735374554341595,s1asc_VH_anom_mean,0.148
pt10m,survey_12m,S1_asc,7,1,0.08097326267974533,0.08232947655565488,s1asc_VH_anom_mean,0.1406
pt10m,survey_12m,S1_asc,7,2,0.11101284572435888,0.10772089455375813,s1asc_VH_mean,0.1736
pt10m,survey_12m,S1_asc,7,3,0.13109926079870615,0.13060402855451242,s1asc_VH_VV_dB_mean,0.1441
pt10m,survey_12m,S1_asc,7,4,0.19962731191036046,0.1969638794303813,s1asc_VH_VV_dB_mean,0.1438
pt10m,survey_12m,S1_asc,8,0,0.12593315968157182,0.1260489919544899,s1asc_VH_VV_dB_mean,0.1485
pt10m,survey_12m,S1_asc,8,1,0.10700765125492037,0.10268829152005107,s1asc_VH_anom_mean,0.1692
pt10m,survey_12m,S1_asc,8,2,0.114995366710663,0.1181300990277537,s1asc_VH_mean,0.1298
pt10m,survey_12m,S1_asc,8,3,0.12451812338909977,0.1272289564364937,s1asc_VH_mean,0.1834
pt10m,survey_12m,S1_asc,8,4,0.1984745466490733,0.1958791200748814,s1asc_VH_VV_dB_anom_mean,0.1448
pt10m,survey_12m,S1_asc,9,0,0.14793087885595813,0.13948379525089158,s1asc_VH_VV_dB_std,0.1497
pt10m,survey_12m,S1_asc,9,1,0.12612986858978154,0.1254908717856587,s1asc_VH_anom_mean,0.2047
pt10m,survey_12m,S1_asc,9,2,0.06622076747501654,0.06083091729107126,s1asc_VH_VV_dB_anom_mean,0.178
pt10m,survey_12m,S1_asc,9,3,0.20852848860913983,0.20719771914315194,s1asc_VV_anom_std,0.0587
pt10m,survey_12m,S1_asc,9,4,0.12473199463772341,0.12790762195487115,s1asc_VH_mean,0.187
pt10m,survey_12m,S2_all,0,0,0.09839614091757726,0.09831525307553224,s2ndre_anom_mean,0.4357
pt10m,survey_12m,S2_all,0,1,0.08633708006601806,0.08237208911583459,s2ndre_anom_mean,0.3738
pt10m,survey_12m,S2_all,0,2,0.12700907153864255,0.12772065972707858,s2ndre_anom_mean,0.4747
pt10m,survey_12m,S2_all,0,3,0.12976379987187045,0.12679397024096975,s2ndre_anom_mean,0.3544
pt10m,survey_12m,S2_all,0,4,0.2238055885537747,0.21132921801961782,s2ndre_anom_mean,0.3937
pt10m,survey_12m,S2_all,1,0,0.15050587734740029,0.10104079318633392,s2ndre_delta90,0.4877
pt10m,survey_12m,S2_all,1,1,0.1267580808207196,0.132136920869207,s2ndre_anom_mean,0.3981
pt10m,survey_12m,S2_all,1,2,0.12866620752042665,0.12454666015482911,s2ndre_anom_mean,0.3516
pt10m,survey_12m,S2_all,1,3,0.2011923226915042,0.19936652786043094,s2ndre_anom_mean,0.3632
pt10m,survey_12m,S2_all,1,4,0.059118258787138854,0.05741676801880967,s2ndre_anom_mean,0.4301
pt10m,survey_12m,S2_all,2,0,0.13400356469084043,0.13140555714796523,s2ndre_anom_mean,0.3547
pt10m,survey_12m,S2_all,2,1,0.14827716115253248,0.15172947662153727,s2ndre_anom_mean,0.5083
pt10m,survey_12m,S2_all,2,2,0.20967156418005806,0.21803814828133575,s2ndre_anom_mean,0.3145
pt10m,survey_12m,S2_all,2,3,0.09921573970753991,0.09819664065940067,s2ndre_anom_mean,0.4602
pt10m,survey_12m,S2_all,2,4,0.1128620568020693,0.10018620820282377,s2ndre_std,0.436
pt10m,survey_12m,S2_all,3,0,0.2166457395006885,0.19997529176629025,s2ndre_anom_mean,0.4049
pt10m,survey_12m,S2_all,3,1,0.13608160362604557,0.13257005997569704,s2ndre_anom_mean,0.3369
pt10m,survey_12m,S2_all,3,2,0.1665297540357958,0.17407734440330497,s2ndre_anom_mean,0.4132
pt10m,survey_12m,S2_all,3,3,0.05358034971563384,0.05406279303797689,s2ndre_anom_mean,0.4434
pt10m,survey_12m,S2_all,3,4,0.13337234776390106,0.13648395108129618,s2ndre_anom_mean,0.4269
pt10m,survey_12m,S2_all,4,0,0.1484492792814169,0.1486476910734274,s2ndre_anom_mean,0.4517
pt10m,survey_12m,S2_all,4,1,0.05194119159100256,0.05165492175565396,s2ndre_anom_mean,0.4422
pt10m,survey_12m,S2_all,4,2,0.1778459850444432,0.17592570169686353,s2ndre_std,0.3446
pt10m,survey_12m,S2_all,4,3,0.0685469005611431,0.06273061866184143,s2ndre_anom_mean,0.4597
pt10m,survey_12m,S2_all,4,4,0.2095357556990219,0.21167211880367015,s2ndre_anom_mean,0.3369
pt10m,survey_12m,S2_all,5,0,0.1260874675128692,0.12439143242807646,s2ndre_anom_mean,0.4667
pt10m,survey_12m,S2_all,5,1,0.09609250897518865,0.09517833927793656,s2ndre_anom_mean,0.3882
pt10m,survey_12m,S2_all,5,2,0.10559769246671633,0.098586115019981,s2ndre_anom_mean,0.4439
pt10m,survey_12m,S2_all,5,3,0.2112262779261849,0.2094688916667582,s2ndre_anom_mean,0.3515
pt10m,survey_12m,S2_all,5,4,0.12635807059664922,0.11772108309482934,s2ndre_std,0.3964
pt10m,survey_12m,S2_all,6,0,0.10257911948127411,0.09649312389639855,s2ndre_anom_mean,0.4379
pt10m,survey_12m,S2_all,6,1,0.19310746574722096,0.18768540634680914,s2ndvi_anom_mean,0.3299
pt10m,survey_12m,S2_all,6,2,0.21129995017748804,0.20927305419311176,s2ndre_anom_mean,0.3551
pt10m,survey_12m,S2_all,6,3,0.09148032879710485,0.09143782429664571,s2ndre_anom_mean,0.4965
pt10m,survey_12m,S2_all,6,4,0.07407200294220746,0.07055296396863003,s2ndre_std,0.4289
pt10m,survey_12m,S2_all,7,0,0.16568194030991706,0.16171342921872292,s2ndvi_anom_mean,0.355
pt10m,survey_12m,S2_all,7,1,0.08097326267974533,0.08069868179589916,s2ndre_anom_mean,0.404
pt10m,survey_12m,S2_all,7,2,0.11101284572435888,0.1052563735265073,s2ndre_anom_mean,0.4217
pt10m,survey_12m,S2_all,7,3,0.13109926079870615,0.13149981420716966,s2ndre_anom_mean,0.4546
pt10m,survey_12m,S2_all,7,4,0.19962731191036046,0.2060188772269108,s2ndre_anom_mean,0.4006
pt10m,survey_12m,S2_all,8,0,0.12593315968157182,0.12444626821225933,s2ndre_anom_mean,0.4658
pt10m,survey_12m,S2_all,8,1,0.10700765125492037,0.09779788103703757,s2ndre_anom_mean,0.342
pt10m,survey_12m,S2_all,8,2,0.114995366710663,0.10242217446226427,s2ndre_anom_mean,0.444
pt10m,survey_12m,S2_all,8,3,0.12451812338909977,0.11616149057474559,s2ndre_std,0.3975
pt10m,survey_12m,S2_all,8,4,0.1984745466490733,0.20704366352112266,s2ndre_anom_mean,0.4022
pt10m,survey_12m,S2_all,9,0,0.14793087885595813,0.09845317086607056,s2ndre_delta90,0.4949
pt10m,survey_12m,S2_all,9,1,0.12612986858978154,0.12733576906916522,s2ndre_anom_mean,0.3838
pt10m,survey_12m,S2_all,9,2,0.06622076747501654,0.06263033728607564,s2ndre_anom_mean,0.4131
pt10m,survey_12m,S2_all,9,3,0.20852848860913983,0.2159887869283834,s2ndre_anom_mean,0.3705
pt10m,survey_12m,S2_all,9,4,0.12473199463772341,0.1140118186070577,s2ndre_std,0.414
pt10m,survey_6m,S1_all,0,0,0.09839614091757726,0.0958860171473028,s1asc_VH_VV_dB_std,0.2018
pt10m,survey_6m,S1_all,0,1,0.08633708006601806,0.07838283393672989,s1asc_VH_VV_dB_std,0.2269
pt10m,survey_6m,S1_all,0,2,0.12700907153864255,0.1269643458034371,s1asc_VH_mean,0.1386
pt10m,survey_6m,S1_all,0,3,0.12976379987187045,0.1402323108055436,s1asc_VH_mean,0.1747
pt10m,survey_6m,S1_all,0,4,0.2238055885537747,0.2155918635091362,s1asc_VH_VV_dB_std,0.2104
pt10m,survey_6m,S1_all,1,0,0.15050587734740029,0.11426556788614066,s1asc_VH_slope,0.2304
pt10m,survey_6m,S1_all,1,1,0.1267580808207196,0.14631905968623204,s1asc_VH_VV_dB_std,0.2236
pt10m,survey_6m,S1_all,1,2,0.12866620752042665,0.13896905194077053,s1asc_VH_mean,0.1728
pt10m,survey_6m,S1_all,1,3,0.2011923226915042,0.19468204002604103,s1asc_VV_slope,0.1462
pt10m,survey_6m,S1_all,1,4,0.059118258787138854,0.058421601309038756,s1asc_VH_VV_dB_std,0.1837
pt10m,survey_6m,S1_all,2,0,0.13400356469084043,0.15230508379378188,s1asc_VH_anom_mean,0.1836
pt10m,survey_6m,S1_all,2,1,0.14827716115253248,0.12846965558073734,s1asc_VH_anom_mean,0.1819
pt10m,survey_6m,S1_all,2,2,0.20967156418005806,0.20231722299208513,s1asc_VH_VV_dB_cv,0.237
pt10m,survey_6m,S1_all,2,3,0.09921573970753991,0.10482934167811009,s1asc_VH_anom_mean,0.1985
pt10m,survey_6m,S1_all,2,4,0.1128620568020693,0.11775810397570978,s1asc_VH_VV_dB_std,0.1307
pt10m,survey_6m,S1_all,3,0,0.2166457395006885,0.2135478758528602,s1asc_VH_VV_dB_std,0.1825
pt10m,survey_6m,S1_all,3,1,0.13608160362604557,0.14324482208096373,s1asc_VH_anom_mean,0.1342
pt10m,survey_6m,S1_all,3,2,0.1665297540357958,0.15661232483173096,s1asc_VH_VV_dB_cv,0.1547
pt10m,survey_6m,S1_all,3,3,0.05358034971563384,0.05217208177490428,s1asc_VH_VV_dB_std,0.2276
pt10m,survey_6m,S1_all,3,4,0.13337234776390106,0.13339761393252414,s1asc_VH_mean,0.2607
pt10m,survey_6m,S1_all,4,0,0.1484492792814169,0.12575153512534615,s1asc_VH_VV_dB_cv,0.2362
pt10m,survey_6m,S1_all,4,1,0.05194119159100256,0.045409012596127604,s1asc_VH_VV_dB_std,0.2286
pt10m,survey_6m,S1_all,4,2,0.1778459850444432,0.19248079314533018,s1asc_VH_mean,0.1666
pt10m,survey_6m,S1_all,4,3,0.0685469005611431,0.06770713118176827,s1asc_VH_anom_mean,0.1358
pt10m,survey_6m,S1_all,4,4,0.2095357556990219,0.20267801365184826,s1asc_VH_VV_dB_std,0.2344
pt10m,survey_6m,S1_all,5,0,0.1260874675128692,0.11786423584657119,s1asc_VH_VV_dB_std,0.1723
pt10m,survey_6m,S1_all,5,1,0.09609250897518865,0.0959570038629887,s1asc_VH_VV_dB_std,0.2224
pt10m,survey_6m,S1_all,5,2,0.10559769246671633,0.1013499537920004,s1asc_VH_mean,0.1559
pt10m,survey_6m,S1_all,5,3,0.2112262779261849,0.20233580603864326,s1asc_VH_VV_dB_std,0.23
pt10m,survey_6m,S1_all,5,4,0.12635807059664922,0.13195820056532964,s1asc_VH_anom_mean,0.1431
pt10m,survey_6m,S1_all,6,0,0.10257911948127411,0.09730588448130045,s1asc_VH_VV_dB_std,0.2153
pt10m,survey_6m,S1_all,6,1,0.19310746574722096,0.2092335268334556,s1asc_VH_mean,0.1377
pt10m,survey_6m,S1_all,6,2,0.21129995017748804,0.20296713528648372,s1asc_VV_slope,0.1359
pt10m,survey_6m,S1_all,6,3,0.09148032879710485,0.08387147172531866,s1asc_VH_VV_dB_std,0.2437
pt10m,survey_6m,S1_all,6,4,0.07407200294220746,0.07614184362418626,s1asc_VH_VV_dB_std,0.1644
pt10m,survey_6m,S1_all,7,0,0.16568194030991706,0.17453154147564517,s1asc_VH_VV_dB_std,0.1475
pt10m,survey_6m,S1_all,7,1,0.08097326267974533,0.08572790814369438,s1asc_VH_VV_dB_std,0.1644
pt10m,survey_6m,S1_all,7,2,0.11101284572435888,0.10285992175016269,s1asc_VH_anom_mean,0.1934
pt10m,survey_6m,S1_all,7,3,0.13109926079870615,0.1296410757520824,s1asc_VH_mean,0.1383
pt10m,survey_6m,S1_all,7,4,0.19962731191036046,0.20064038594659248,s1asc_VH_VV_dB_std,0.257
pt10m,survey_6m,S1_all,8,0,0.12593315968157182,0.11774936045283872,s1asc_VH_VV_dB_std,0.1725
pt10m,survey_6m,S1_all,8,1,0.10700765125492037,0.1116376392474184,s1asc_VH_VV_dB_std,0.2021
pt10m,survey_6m,S1_all,8,2,0.114995366710663,0.10986315127843249,s1asc_VH_anom_mean,0.1592
pt10m,survey_6m,S1_all,8,3,0.12451812338909977,0.12997472647943578,s1asc_VH_anom_mean,0.1488
pt10m,survey_6m,S1_all,8,4,0.1984745466490733,0.19339099495428316,s1asc_VH_VV_dB_std,0.243
pt10m,survey_6m,S1_all,9,0,0.14793087885595813,0.11460511595565841,s1asc_VH_slope,0.226
pt10m,survey_6m,S1_all,9,1,0.12612986858978154,0.12030196325198103,s1asc_VH_mean,0.2126
pt10m,survey_6m,S1_all,9,2,0.06622076747501654,0.05796510708351657,s1asc_VH_mean,0.1738
pt10m,survey_6m,S1_all,9,3,0.20852848860913983,0.20266643885877525,s1asc_VV_anom_std,0.1295
pt10m,survey_6m,S1_all,9,4,0.12473199463772341,0.1339836186623623,s1asc_VH_anom_mean,0.1835
pt10m,survey_6m,S1_asc,0,0,0.09839614091757726,0.0958860171473028,s1asc_VH_VV_dB_std,0.2018
pt10m,survey_6m,S1_asc,0,1,0.08633708006601806,0.07838283393672989,s1asc_VH_VV_dB_std,0.2269
pt10m,survey_6m,S1_asc,0,2,0.12700907153864255,0.1269643458034371,s1asc_VH_mean,0.1386
pt10m,survey_6m,S1_asc,0,3,0.12976379987187045,0.1402323108055436,s1asc_VH_mean,0.1747
pt10m,survey_6m,S1_asc,0,4,0.2238055885537747,0.2155918635091362,s1asc_VH_VV_dB_std,0.2104
pt10m,survey_6m,S1_asc,1,0,0.15050587734740029,0.11426556788614066,s1asc_VH_slope,0.2304
pt10m,survey_6m,S1_asc,1,1,0.1267580808207196,0.14631905968623204,s1asc_VH_VV_dB_std,0.2236
pt10m,survey_6m,S1_asc,1,2,0.12866620752042665,0.13896905194077053,s1asc_VH_mean,0.1728
pt10m,survey_6m,S1_asc,1,3,0.2011923226915042,0.19468204002604103,s1asc_VV_slope,0.1462
pt10m,survey_6m,S1_asc,1,4,0.059118258787138854,0.058421601309038756,s1asc_VH_VV_dB_std,0.1837
pt10m,survey_6m,S1_asc,2,0,0.13400356469084043,0.15230508379378188,s1asc_VH_anom_mean,0.1836
pt10m,survey_6m,S1_asc,2,1,0.14827716115253248,0.12846965558073734,s1asc_VH_anom_mean,0.1819
pt10m,survey_6m,S1_asc,2,2,0.20967156418005806,0.20231722299208513,s1asc_VH_VV_dB_cv,0.237
pt10m,survey_6m,S1_asc,2,3,0.09921573970753991,0.10482934167811009,s1asc_VH_anom_mean,0.1985
pt10m,survey_6m,S1_asc,2,4,0.1128620568020693,0.11775810397570978,s1asc_VH_VV_dB_std,0.1307
pt10m,survey_6m,S1_asc,3,0,0.2166457395006885,0.2135478758528602,s1asc_VH_VV_dB_std,0.1825
pt10m,survey_6m,S1_asc,3,1,0.13608160362604557,0.14324482208096373,s1asc_VH_anom_mean,0.1342
pt10m,survey_6m,S1_asc,3,2,0.1665297540357958,0.15661232483173096,s1asc_VH_VV_dB_cv,0.1547
pt10m,survey_6m,S1_asc,3,3,0.05358034971563384,0.05217208177490428,s1asc_VH_VV_dB_std,0.2276
pt10m,survey_6m,S1_asc,3,4,0.13337234776390106,0.13339761393252414,s1asc_VH_mean,0.2607
pt10m,survey_6m,S1_asc,4,0,0.1484492792814169,0.12575153512534615,s1asc_VH_VV_dB_cv,0.2362
pt10m,survey_6m,S1_asc,4,1,0.05194119159100256,0.045409012596127604,s1asc_VH_VV_dB_std,0.2286
pt10m,survey_6m,S1_asc,4,2,0.1778459850444432,0.19248079314533018,s1asc_VH_mean,0.1666
pt10m,survey_6m,S1_asc,4,3,0.0685469005611431,0.06770713118176827,s1asc_VH_anom_mean,0.1358
pt10m,survey_6m,S1_asc,4,4,0.2095357556990219,0.20267801365184826,s1asc_VH_VV_dB_std,0.2344
pt10m,survey_6m,S1_asc,5,0,0.1260874675128692,0.11786423584657119,s1asc_VH_VV_dB_std,0.1723
pt10m,survey_6m,S1_asc,5,1,0.09609250897518865,0.0959570038629887,s1asc_VH_VV_dB_std,0.2224
pt10m,survey_6m,S1_asc,5,2,0.10559769246671633,0.1013499537920004,s1asc_VH_mean,0.1559
pt10m,survey_6m,S1_asc,5,3,0.2112262779261849,0.20233580603864326,s1asc_VH_VV_dB_std,0.23
pt10m,survey_6m,S1_asc,5,4,0.12635807059664922,0.13195820056532964,s1asc_VH_anom_mean,0.1431
pt10m,survey_6m,S1_asc,6,0,0.10257911948127411,0.09730588448130045,s1asc_VH_VV_dB_std,0.2153
pt10m,survey_6m,S1_asc,6,1,0.19310746574722096,0.2092335268334556,s1asc_VH_mean,0.1377
pt10m,survey_6m,S1_asc,6,2,0.21129995017748804,0.20296713528648372,s1asc_VV_slope,0.1359
pt10m,survey_6m,S1_asc,6,3,0.09148032879710485,0.08387147172531866,s1asc_VH_VV_dB_std,0.2437
pt10m,survey_6m,S1_asc,6,4,0.07407200294220746,0.07614184362418626,s1asc_VH_VV_dB_std,0.1644
pt10m,survey_6m,S1_asc,7,0,0.16568194030991706,0.17453154147564517,s1asc_VH_VV_dB_std,0.1475
pt10m,survey_6m,S1_asc,7,1,0.08097326267974533,0.08572790814369438,s1asc_VH_VV_dB_std,0.1644
pt10m,survey_6m,S1_asc,7,2,0.11101284572435888,0.10285992175016269,s1asc_VH_anom_mean,0.1934
pt10m,survey_6m,S1_asc,7,3,0.13109926079870615,0.1296410757520824,s1asc_VH_mean,0.1383
pt10m,survey_6m,S1_asc,7,4,0.19962731191036046,0.20064038594659248,s1asc_VH_VV_dB_std,0.257
pt10m,survey_6m,S1_asc,8,0,0.12593315968157182,0.11774936045283872,s1asc_VH_VV_dB_std,0.1725
pt10m,survey_6m,S1_asc,8,1,0.10700765125492037,0.1116376392474184,s1asc_VH_VV_dB_std,0.2021
pt10m,survey_6m,S1_asc,8,2,0.114995366710663,0.10986315127843249,s1asc_VH_anom_mean,0.1592
pt10m,survey_6m,S1_asc,8,3,0.12451812338909977,0.12997472647943578,s1asc_VH_anom_mean,0.1488
pt10m,survey_6m,S1_asc,8,4,0.1984745466490733,0.19339099495428316,s1asc_VH_VV_dB_std,0.243
pt10m,survey_6m,S1_asc,9,0,0.14793087885595813,0.11460511595565841,s1asc_VH_slope,0.226
pt10m,survey_6m,S1_asc,9,1,0.12612986858978154,0.12030196325198103,s1asc_VH_mean,0.2126
pt10m,survey_6m,S1_asc,9,2,0.06622076747501654,0.05796510708351657,s1asc_VH_mean,0.1738
pt10m,survey_6m,S1_asc,9,3,0.20852848860913983,0.20266643885877525,s1asc_VV_anom_std,0.1295
pt10m,survey_6m,S1_asc,9,4,0.12473199463772341,0.1339836186623623,s1asc_VH_anom_mean,0.1835
pt10m,survey_6m,S2_all,0,0,0.09839614091757726,0.0990549415136956,s2ndre_anom_mean,0.3922
pt10m,survey_6m,S2_all,0,1,0.08633708006601806,0.08282546312165394,s2ndre_anom_mean,0.3415
pt10m,survey_6m,S2_all,0,2,0.12700907153864255,0.1256399712653772,s2ndre_anom_mean,0.4434
pt10m,survey_6m,S2_all,0,3,0.12976379987187045,0.12512805156929047,s2ndre_delta90,0.3393
pt10m,survey_6m,S2_all,0,4,0.2238055885537747,0.22092108120919057,s2ndre_anom_mean,0.3574
pt10m,survey_6m,S2_all,1,0,0.15050587734740029,0.14558146500560354,s2ndre_anom_mean,0.4797
pt10m,survey_6m,S2_all,1,1,0.1267580808207196,0.1266627606327889,s2ndre_anom_mean,0.3465
pt10m,survey_6m,S2_all,1,2,0.12866620752042665,0.12433993192776592,s2ndre_delta90,0.3375
pt10m,survey_6m,S2_all,1,3,0.2011923226915042,0.19631861476134993,s2ndre_slope,0.3328
pt10m,survey_6m,S2_all,1,4,0.059118258787138854,0.04036057934982764,s2ndre_delta90,0.4353
pt10m,survey_6m,S2_all,2,0,0.13400356469084043,0.11010047454533334,s2ndre_slope,0.3984
pt10m,survey_6m,S2_all,2,1,0.14827716115253248,0.15278853570551404,s2ndre_anom_mean,0.4715
pt10m,survey_6m,S2_all,2,2,0.20967156418005806,0.20566139431350575,s2ndre_anom_mean,0.2903
pt10m,survey_6m,S2_all,2,3,0.09921573970753991,0.098952472586077,s2ndre_anom_mean,0.4177
pt10m,survey_6m,S2_all,2,4,0.1128620568020693,0.10498975192719873,s2ndre_delta90,0.3922
pt10m,survey_6m,S2_all,3,0,0.2166457395006885,0.20012127060351076,s2ndre_anom_mean,0.3936
pt10m,survey_6m,S2_all,3,1,0.13608160362604557,0.12578954385155414,s2ndre_anom_mean,0.2866
pt10m,survey_6m,S2_all,3,2,0.1665297540357958,0.1198103065091475,s2ndre_delta90,0.4351
pt10m,survey_6m,S2_all,3,3,0.05358034971563384,0.053596208062008835,s2ndre_anom_mean,0.3999
pt10m,survey_6m,S2_all,3,4,0.13337234776390106,0.13527467703625826,s2ndre_anom_mean,0.3624
pt10m,survey_6m,S2_all,4,0,0.1484492792814169,0.14498297471626687,s2ndre_anom_mean,0.452
pt10m,survey_6m,S2_all,4,1,0.05194119159100256,0.05193323674863217,s2ndre_anom_mean,0.3867
pt10m,survey_6m,S2_all,4,2,0.1778459850444432,0.16464662625838894,s2ndre_slope,0.4069
pt10m,survey_6m,S2_all,4,3,0.0685469005611431,0.06736574706224908,s2ndre_anom_mean,0.4116
pt10m,survey_6m,S2_all,4,4,0.2095357556990219,0.20788438005503118,s2ndre_anom_mean,0.2959
pt10m,survey_6m,S2_all,5,0,0.1260874675128692,0.12096780126630928,s2ndre_anom_mean,0.461
pt10m,survey_6m,S2_all,5,1,0.09609250897518865,0.09398978262711424,s2ndre_anom_mean,0.3611
pt10m,survey_6m,S2_all,5,2,0.10559769246671633,0.10404508979872085,s2ndre_delta90,0.4033
pt10m,survey_6m,S2_all,5,3,0.2112262779261849,0.20909955238165012,s2ndre_anom_mean,0.3058
pt10m,survey_6m,S2_all,5,4,0.12635807059664922,0.11674233221903504,s2ndre_delta90,0.4076
pt10m,survey_6m,S2_all,6,0,0.10257911948127411,0.09954680735520463,s2ndre_anom_mean,0.3925
pt10m,survey_6m,S2_all,6,1,0.19310746574722096,0.19151620818745957,s2ndvi_anom_mean,0.2972
pt10m,survey_6m,S2_all,6,2,0.21129995017748804,0.20471407945199732,s2ndre_slope,0.3383
pt10m,survey_6m,S2_all,6,3,0.09148032879710485,0.09279704847980362,s2ndre_anom_mean,0.4525
pt10m,survey_6m,S2_all,6,4,0.07407200294220746,0.07407505610373345,s2ndre_anom_mean,0.391
pt10m,survey_6m,S2_all,7,0,0.16568194030991706,0.16666416005396958,s2ndre_anom_mean,0.314
pt10m,survey_6m,S2_all,7,1,0.08097326267974533,0.08111706602983043,s2ndre_anom_mean,0.3765
pt10m,survey_6m,S2_all,7,2,0.11101284572435888,0.11050969100001137,s2ndre_anom_mean,0.374
pt10m,survey_6m,S2_all,7,3,0.13109926079870615,0.12950112532036587,s2ndre_anom_mean,0.4296
pt10m,survey_6m,S2_all,7,4,0.19962731191036046,0.19747478054993967,s2ndre_anom_mean,0.3371
pt10m,survey_6m,S2_all,8,0,0.12593315968157182,0.12070427354087956,s2ndre_anom_mean,0.4606
pt10m,survey_6m,S2_all,8,1,0.10700765125492037,0.10281477376712433,s2ndre_anom_mean,0.3309
pt10m,survey_6m,S2_all,8,2,0.114995366710663,0.11161651150851762,s2ndre_delta90,0.3982
pt10m,survey_6m,S2_all,8,3,0.12451812338909977,0.11491848904583898,s2ndre_delta90,0.4107
pt10m,survey_6m,S2_all,8,4,0.1984745466490733,0.1963235056493209,s2ndre_anom_mean,0.3381
pt10m,survey_6m,S2_all,9,0,0.14793087885595813,0.14145474774245542,s2ndre_anom_mean,0.4839
pt10m,survey_6m,S2_all,9,1,0.12612986858978154,0.1259295145084294,s2ndre_anom_mean,0.3365
pt10m,survey_6m,S2_all,9,2,0.06622076747501654,0.0644185802316611,s2ndre_anom_mean,0.3747
pt10m,survey_6m,S2_all,9,3,0.20852848860913983,0.2063858743328544,s2ndre_anom_mean,0.326
pt10m,survey_6m,S2_all,9,4,0.12473199463772341,0.11051903392728665,s2ndre_slope,0.4245
pt10m,matched_12m,S1_all,0,0,0.09839614091757726,0.10742535908843992,s1desc_VH_anom_mean,0.3001
pt10m,matched_12m,S1_all,0,1,0.08633708006601806,0.07784128842530336,s1desc_VV_mean,0.3161
pt10m,matched_12m,S1_all,0,2,0.12700907153864255,0.1367688314481631,s1desc_VV_mean,0.235
pt10m,matched_12m,S1_all,0,3,0.12976379987187045,0.13694290612559315,s1desc_VV_mean,0.3234
pt10m,matched_12m,S1_all,0,4,0.2238055885537747,0.2087603590031536,s1desc_VV_anom_mean,0.3752
pt10m,matched_12m,S1_all,1,0,0.15050587734740029,0.16571406705656314,s1desc_VV_mean,0.2718
pt10m,matched_12m,S1_all,1,1,0.1267580808207196,0.1949475633618067,s1desc_VH_anom_mean,0.3386
pt10m,matched_12m,S1_all,1,2,0.12866620752042665,0.1335211564793955,s1desc_VV_mean,0.3307
pt10m,matched_12m,S1_all,1,3,0.2011923226915042,0.19785984525990252,s1desc_VV_slope,0.2985
pt10m,matched_12m,S1_all,1,4,0.059118258787138854,0.04183938816610422,s1desc_VH_anom_mean,0.3243
pt10m,matched_12m,S1_all,2,0,0.13400356469084043,0.12952631480890586,s1desc_VV_mean,0.325
pt10m,matched_12m,S1_all,2,1,0.14827716115253248,0.1406756580959229,s1desc_VV_mean,0.3249
pt10m,matched_12m,S1_all,2,2,0.20967156418005806,0.2191101228177616,s1desc_VH_anom_mean,0.2717
pt10m,matched_12m,S1_all,2,3,0.09921573970753991,0.12619448595202093,s1desc_VH_anom_mean,0.33
pt10m,matched_12m,S1_all,2,4,0.1128620568020693,0.12656846800513546,s1desc_VH_anom_mean,0.3084
pt10m,matched_12m,S1_all,3,0,0.2166457395006885,0.22101107914954687,s1desc_VV_mean,0.3081
pt10m,matched_12m,S1_all,3,1,0.13608160362604557,0.14490382311122937,s1desc_VV_anom_mean,0.2731
pt10m,matched_12m,S1_all,3,2,0.1665297540357958,0.1751455980191487,s1desc_VV_mean,0.3051
pt10m,matched_12m,S1_all,3,3,0.05358034971563384,0.06714415332795981,s1desc_VV_mean,0.3113
pt10m,matched_12m,S1_all,3,4,0.13337234776390106,0.15478462972084497,s1desc_VH_anom_mean,0.3561
pt10m,matched_12m,S1_all,4,0,0.1484492792814169,0.16901539461051734,s1desc_VH_anom_mean,0.276
pt10m,matched_12m,S1_all,4,1,0.05194119159100256,0.048033647832598475,s1desc_VV_mean,0.3413
pt10m,matched_12m,S1_all,4,2,0.1778459850444432,0.16436161136972327,s1desc_VV_slope,0.307
pt10m,matched_12m,S1_all,4,3,0.0685469005611431,0.06603332759459479,s1desc_VH_anom_mean,0.2788
pt10m,matched_12m,S1_all,4,4,0.2095357556990219,0.20898219353300584,s1desc_VV_anom_mean,0.3815
pt10m,matched_12m,S1_all,5,0,0.1260874675128692,0.13341122895857013,s1desc_VH_anom_mean,0.258
pt10m,matched_12m,S1_all,5,1,0.09609250897518865,0.08717787621112254,s1desc_VV_anom_mean,0.3214
pt10m,matched_12m,S1_all,5,2,0.10559769246671633,0.11309149984913822,s1desc_VH_anom_mean,0.2716
pt10m,matched_12m,S1_all,5,3,0.2112262779261849,0.19878149061442013,s1desc_VV_anom_mean,0.4083
pt10m,matched_12m,S1_all,5,4,0.12635807059664922,0.13514030477790587,s1desc_VH_anom_mean,0.2978
pt10m,matched_12m,S1_all,6,0,0.10257911948127411,0.10829491944470755,s1desc_VH_anom_mean,0.2849
pt10m,matched_12m,S1_all,6,1,0.19310746574722096,0.17330558861231554,s1desc_VV_mean,0.2952
pt10m,matched_12m,S1_all,6,2,0.21129995017748804,0.20925033829723502,s1desc_VV_slope,0.3135
pt10m,matched_12m,S1_all,6,3,0.09148032879710485,0.09883796387868113,s1desc_VV_anom_mean,0.3672
pt10m,matched_12m,S1_all,6,4,0.07407200294220746,0.07896133803387834,s1desc_VV_anom_mean,0.3279
pt10m,matched_12m,S1_all,7,0,0.16568194030991706,0.15945055570792468,s1desc_VH_anom_mean,0.2923
pt10m,matched_12m,S1_all,7,1,0.08097326267974533,0.08989419541185047,s1desc_VH_mean,0.2953
pt10m,matched_12m,S1_all,7,2,0.11101284572435888,0.11060591407147591,s1desc_VV_mean,0.3116
pt10m,matched_12m,S1_all,7,3,0.13109926079870615,0.141592206162936,s1desc_VV_mean,0.2242
pt10m,matched_12m,S1_all,7,4,0.19962731191036046,0.19533328607794406,s1desc_VV_anom_mean,0.4041
pt10m,matched_12m,S1_all,8,0,0.12593315968157182,0.1329605167130884,s1desc_VH_anom_mean,0.2619
pt10m,matched_12m,S1_all,8,1,0.10700765125492037,0.10797391896433428,s1desc_VV_anom_mean,0.3034
pt10m,matched_12m,S1_all,8,2,0.114995366710663,0.11499408660159736,s1desc_VV_anom_mean,0.2846
pt10m,matched_12m,S1_all,8,3,0.12451812338909977,0.13116150612445343,s1desc_VH_anom_mean,0.3015
pt10m,matched_12m,S1_all,8,4,0.1984745466490733,0.20040785132686084,s1desc_VV_mean,0.3894
pt10m,matched_12m,S1_all,9,0,0.14793087885595813,0.16549541009446908,s1desc_VV_mean,0.2746
pt10m,matched_12m,S1_all,9,1,0.12612986858978154,0.13537720948620324,s1desc_VH_anom_mean,0.331
pt10m,matched_12m,S1_all,9,2,0.06622076747501654,0.052777788973615875,s1desc_VH_anom_mean,0.3123
pt10m,matched_12m,S1_all,9,3,0.20852848860913983,0.20813271022882507,s1desc_VV_slope,0.3053
pt10m,matched_12m,S1_all,9,4,0.12473199463772341,0.12882713055136627,s1desc_VV_anom_mean,0.3262
pt10m,matched_12m,S1_desc,0,0,0.09839614091757726,0.10742535908843992,s1desc_VH_anom_mean,0.3001
pt10m,matched_12m,S1_desc,0,1,0.08633708006601806,0.07784128842530336,s1desc_VV_mean,0.3161
pt10m,matched_12m,S1_desc,0,2,0.12700907153864255,0.1367688314481631,s1desc_VV_mean,0.235
pt10m,matched_12m,S1_desc,0,3,0.12976379987187045,0.13694290612559315,s1desc_VV_mean,0.3234
pt10m,matched_12m,S1_desc,0,4,0.2238055885537747,0.2087603590031536,s1desc_VV_anom_mean,0.3752
pt10m,matched_12m,S1_desc,1,0,0.15050587734740029,0.16571406705656314,s1desc_VV_mean,0.2718
pt10m,matched_12m,S1_desc,1,1,0.1267580808207196,0.1949475633618067,s1desc_VH_anom_mean,0.3386
pt10m,matched_12m,S1_desc,1,2,0.12866620752042665,0.1335211564793955,s1desc_VV_mean,0.3307
pt10m,matched_12m,S1_desc,1,3,0.2011923226915042,0.19785984525990252,s1desc_VV_slope,0.2985
pt10m,matched_12m,S1_desc,1,4,0.059118258787138854,0.04183938816610422,s1desc_VH_anom_mean,0.3243
pt10m,matched_12m,S1_desc,2,0,0.13400356469084043,0.12952631480890586,s1desc_VV_mean,0.325
pt10m,matched_12m,S1_desc,2,1,0.14827716115253248,0.1406756580959229,s1desc_VV_mean,0.3249
pt10m,matched_12m,S1_desc,2,2,0.20967156418005806,0.2191101228177616,s1desc_VH_anom_mean,0.2717
pt10m,matched_12m,S1_desc,2,3,0.09921573970753991,0.12619448595202093,s1desc_VH_anom_mean,0.33
pt10m,matched_12m,S1_desc,2,4,0.1128620568020693,0.12656846800513546,s1desc_VH_anom_mean,0.3084
pt10m,matched_12m,S1_desc,3,0,0.2166457395006885,0.22101107914954687,s1desc_VV_mean,0.3081
pt10m,matched_12m,S1_desc,3,1,0.13608160362604557,0.14490382311122937,s1desc_VV_anom_mean,0.2731
pt10m,matched_12m,S1_desc,3,2,0.1665297540357958,0.1751455980191487,s1desc_VV_mean,0.3051
pt10m,matched_12m,S1_desc,3,3,0.05358034971563384,0.06714415332795981,s1desc_VV_mean,0.3113
pt10m,matched_12m,S1_desc,3,4,0.13337234776390106,0.15478462972084497,s1desc_VH_anom_mean,0.3561
pt10m,matched_12m,S1_desc,4,0,0.1484492792814169,0.16901539461051734,s1desc_VH_anom_mean,0.276
pt10m,matched_12m,S1_desc,4,1,0.05194119159100256,0.048033647832598475,s1desc_VV_mean,0.3413
pt10m,matched_12m,S1_desc,4,2,0.1778459850444432,0.16436161136972327,s1desc_VV_slope,0.307
pt10m,matched_12m,S1_desc,4,3,0.0685469005611431,0.06603332759459479,s1desc_VH_anom_mean,0.2788
pt10m,matched_12m,S1_desc,4,4,0.2095357556990219,0.20898219353300584,s1desc_VV_anom_mean,0.3815
pt10m,matched_12m,S1_desc,5,0,0.1260874675128692,0.13341122895857013,s1desc_VH_anom_mean,0.258
pt10m,matched_12m,S1_desc,5,1,0.09609250897518865,0.08717787621112254,s1desc_VV_anom_mean,0.3214
pt10m,matched_12m,S1_desc,5,2,0.10559769246671633,0.11309149984913822,s1desc_VH_anom_mean,0.2716
pt10m,matched_12m,S1_desc,5,3,0.2112262779261849,0.19878149061442013,s1desc_VV_anom_mean,0.4083
pt10m,matched_12m,S1_desc,5,4,0.12635807059664922,0.13514030477790587,s1desc_VH_anom_mean,0.2978
pt10m,matched_12m,S1_desc,6,0,0.10257911948127411,0.10829491944470755,s1desc_VH_anom_mean,0.2849
pt10m,matched_12m,S1_desc,6,1,0.19310746574722096,0.17330558861231554,s1desc_VV_mean,0.2952
pt10m,matched_12m,S1_desc,6,2,0.21129995017748804,0.20925033829723502,s1desc_VV_slope,0.3135
pt10m,matched_12m,S1_desc,6,3,0.09148032879710485,0.09883796387868113,s1desc_VV_anom_mean,0.3672
pt10m,matched_12m,S1_desc,6,4,0.07407200294220746,0.07896133803387834,s1desc_VV_anom_mean,0.3279
pt10m,matched_12m,S1_desc,7,0,0.16568194030991706,0.15945055570792468,s1desc_VH_anom_mean,0.2923
pt10m,matched_12m,S1_desc,7,1,0.08097326267974533,0.08989419541185047,s1desc_VH_mean,0.2953
pt10m,matched_12m,S1_desc,7,2,0.11101284572435888,0.11060591407147591,s1desc_VV_mean,0.3116
pt10m,matched_12m,S1_desc,7,3,0.13109926079870615,0.141592206162936,s1desc_VV_mean,0.2242
pt10m,matched_12m,S1_desc,7,4,0.19962731191036046,0.19533328607794406,s1desc_VV_anom_mean,0.4041
pt10m,matched_12m,S1_desc,8,0,0.12593315968157182,0.1329605167130884,s1desc_VH_anom_mean,0.2619
pt10m,matched_12m,S1_desc,8,1,0.10700765125492037,0.10797391896433428,s1desc_VV_anom_mean,0.3034
pt10m,matched_12m,S1_desc,8,2,0.114995366710663,0.11499408660159736,s1desc_VV_anom_mean,0.2846
pt10m,matched_12m,S1_desc,8,3,0.12451812338909977,0.13116150612445343,s1desc_VH_anom_mean,0.3015
pt10m,matched_12m,S1_desc,8,4,0.1984745466490733,0.20040785132686084,s1desc_VV_mean,0.3894
pt10m,matched_12m,S1_desc,9,0,0.14793087885595813,0.16549541009446908,s1desc_VV_mean,0.2746
pt10m,matched_12m,S1_desc,9,1,0.12612986858978154,0.13537720948620324,s1desc_VH_anom_mean,0.331
pt10m,matched_12m,S1_desc,9,2,0.06622076747501654,0.052777788973615875,s1desc_VH_anom_mean,0.3123
pt10m,matched_12m,S1_desc,9,3,0.20852848860913983,0.20813271022882507,s1desc_VV_slope,0.3053
pt10m,matched_12m,S1_desc,9,4,0.12473199463772341,0.12882713055136627,s1desc_VV_anom_mean,0.3262
pt10m,matched_12m,S1_asc,0,0,0.09839614091757726,0.09959680153081689,s1asc_VH_mean,0.1559
pt10m,matched_12m,S1_asc,0,1,0.08633708006601806,0.07478253977410798,s1asc_VH_VV_dB_std,0.1689
pt10m,matched_12m,S1_asc,0,2,0.12700907153864255,0.12534751911151518,s1asc_VH_VV_dB_anom_mean,0.1688
pt10m,matched_12m,S1_asc,0,3,0.12976379987187045,0.1337503441761744,s1asc_VH_anom_mean,0.2186
pt10m,matched_12m,S1_asc,0,4,0.2238055885537747,0.22122661868009516,s1asc_VH_VV_dB_anom_mean,0.1366
pt10m,matched_12m,S1_asc,1,0,0.15050587734740029,0.13464673839334076,s1asc_VH_VV_dB_std,0.1677
pt10m,matched_12m,S1_asc,1,1,0.1267580808207196,0.15455766536591015,s1asc_VH_mean,0.2131
pt10m,matched_12m,S1_asc,1,2,0.12866620752042665,0.1326392796280076,s1asc_VH_anom_mean,0.2178
pt10m,matched_12m,S1_asc,1,3,0.2011923226915042,0.19919481976729936,s1asc_VV_slope,0.1112
pt10m,matched_12m,S1_asc,1,4,0.059118258787138854,0.04727686497165301,s1asc_VH_VV_dB_mean,0.21
pt10m,matched_12m,S1_asc,2,0,0.13400356469084043,0.13383337440245094,s1asc_VH_VV_dB_mean,0.2056
pt10m,matched_12m,S1_asc,2,1,0.14827716115253248,0.1281149943205497,s1asc_VH_anom_mean,0.1875
pt10m,matched_12m,S1_asc,2,2,0.20967156418005806,0.20652915435005317,s1asc_VV_cv,0.1283
pt10m,matched_12m,S1_asc,2,3,0.09921573970753991,0.09983964864335487,s1asc_VH_anom_mean,0.206
pt10m,matched_12m,S1_asc,2,4,0.1128620568020693,0.11955628182243971,s1asc_VH_anom_mean,0.1824
pt10m,matched_12m,S1_asc,3,0,0.2166457395006885,0.2153533532671551,s1asc_VV_cv,0.0853
pt10m,matched_12m,S1_asc,3,1,0.13608160362604557,0.14441795859319953,s1asc_VH_anom_mean,0.1577
pt10m,matched_12m,S1_asc,3,2,0.1665297540357958,0.15419102803907778,s1asc_VH_anom_mean,0.1727
pt10m,matched_12m,S1_asc,3,3,0.05358034971563384,0.05280687345021489,s1asc_VH_VV_dB_anom_mean,0.2264
pt10m,matched_12m,S1_asc,3,4,0.13337234776390106,0.13517543028707157,s1asc_VH_anom_mean,0.2627
pt10m,matched_12m,S1_asc,4,0,0.1484492792814169,0.13064415476164581,s1asc_VH_VV_dB_std,0.1777
pt10m,matched_12m,S1_asc,4,1,0.05194119159100256,0.047707671244591396,s1asc_VH_VV_dB_anom_mean,0.2049
pt10m,matched_12m,S1_asc,4,2,0.1778459850444432,0.1785247472242254,s1asc_VH_anom_mean,0.2031
pt10m,matched_12m,S1_asc,4,3,0.0685469005611431,0.06591499620832367,s1asc_VH_VV_dB_anom_mean,0.1877
pt10m,matched_12m,S1_asc,4,4,0.2095357556990219,0.21591824200627943,s1asc_VH_mean,0.1673
pt10m,matched_12m,S1_asc,5,0,0.1260874675128692,0.125032286063195,s1asc_VH_VV_dB_mean,0.167
pt10m,matched_12m,S1_asc,5,1,0.09609250897518865,0.09395772406708791,s1asc_VH_VV_dB_mean,0.1694
pt10m,matched_12m,S1_asc,5,2,0.10559769246671633,0.10385806682292746,s1asc_VH_anom_mean,0.1613
pt10m,matched_12m,S1_asc,5,3,0.2112262779261849,0.21546285601972562,s1asc_VH_anom_mean,0.1623
pt10m,matched_12m,S1_asc,5,4,0.12635807059664922,0.13173868596448193,s1asc_VH_mean,0.1868
pt10m,matched_12m,S1_asc,6,0,0.10257911948127411,0.09940197103294439,s1asc_VH_VV_dB_std,0.1513
pt10m,matched_12m,S1_asc,6,1,0.19310746574722096,0.1987040488545076,s1asc_VH_anom_mean,0.1538
pt10m,matched_12m,S1_asc,6,2,0.21129995017748804,0.20756976686185788,s1asc_VV_slope,0.1276
pt10m,matched_12m,S1_asc,6,3,0.09148032879710485,0.08513982411900337,s1asc_VH_VV_dB_anom_mean,0.2481
pt10m,matched_12m,S1_asc,6,4,0.07407200294220746,0.07279004911049858,s1asc_VH_VV_dB_anom_mean,0.2224
pt10m,matched_12m,S1_asc,7,0,0.16568194030991706,0.1728327931921794,s1asc_VH_anom_mean,0.1553
pt10m,matched_12m,S1_asc,7,1,0.08097326267974533,0.08109270205352202,s1asc_VH_VV_dB_anom_mean,0.159
pt10m,matched_12m,S1_asc,7,2,0.11101284572435888,0.10703989860326363,s1asc_VH_mean,0.198
pt10m,matched_12m,S1_asc,7,3,0.13109926079870615,0.12888225626631147,s1asc_VH_VV_dB_anom_mean,0.1638
pt10m,matched_12m,S1_asc,7,4,0.19962731191036046,0.20108407171613762,s1asc_VH_VV_dB_anom_mean,0.1703
pt10m,matched_12m,S1_asc,8,0,0.12593315968157182,0.12486069708850668,s1asc_VH_VV_dB_mean,0.1672
pt10m,matched_12m,S1_asc,8,1,0.10700765125492037,0.10466956292409368,s1asc_VH_mean,0.1769
pt10m,matched_12m,S1_asc,8,2,0.114995366710663,0.11720129290498789,s1asc_VH_mean,0.1546
pt10m,matched_12m,S1_asc,8,3,0.12451812338909977,0.1288733726565015,s1asc_VH_mean,0.1903
pt10m,matched_12m,S1_asc,8,4,0.1984745466490733,0.20012156541523443,s1asc_VH_VV_dB_mean,0.1681
pt10m,matched_12m,S1_asc,9,0,0.14793087885595813,0.1358819423430605,s1asc_VH_VV_dB_std,0.1571
pt10m,matched_12m,S1_asc,9,1,0.12612986858978154,0.12741661688658817,s1asc_VH_mean,0.2208
pt10m,matched_12m,S1_asc,9,2,0.06622076747501654,0.058166475061047024,s1asc_VH_VV_dB_anom_mean,0.2034
pt10m,matched_12m,S1_asc,9,3,0.20852848860913983,0.20618012391617765,s1asc_VV_slope,0.1172
pt10m,matched_12m,S1_asc,9,4,0.12473199463772341,0.12562456175164105,s1asc_VH_VV_dB_anom_mean,0.2057
pt10m,matched_12m,S2_all,0,0,0.09839614091757726,0.099373564714067,s2ndre_anom_mean,0.4256
pt10m,matched_12m,S2_all,0,1,0.08633708006601806,0.08134829622384945,s2ndre_anom_mean,0.3636
pt10m,matched_12m,S2_all,0,2,0.12700907153864255,0.12710860338435495,s2ndre_anom_mean,0.4677
pt10m,matched_12m,S2_all,0,3,0.12976379987187045,0.12005834049647249,s2ndre_std,0.3894
pt10m,matched_12m,S2_all,0,4,0.2238055885537747,0.21344734463448217,s2ndre_anom_mean,0.3856
pt10m,matched_12m,S2_all,1,0,0.15050587734740029,0.14997070426378847,s2ndre_anom_mean,0.4694
pt10m,matched_12m,S2_all,1,1,0.1267580808207196,0.13459277869701056,s2ndre_anom_mean,0.381
pt10m,matched_12m,S2_all,1,2,0.12866620752042665,0.1194100085718406,s2ndre_std,0.389
pt10m,matched_12m,S2_all,1,3,0.2011923226915042,0.19873000361769877,s2ndre_anom_mean,0.3565
pt10m,matched_12m,S2_all,1,4,0.059118258787138854,0.057069272653784454,s2ndre_anom_mean,0.421
pt10m,matched_12m,S2_all,2,0,0.13400356469084043,0.12914080713717996,s2ndre_std,0.3666
pt10m,matched_12m,S2_all,2,1,0.14827716115253248,0.15469016905766125,s2ndre_anom_mean,0.4985
pt10m,matched_12m,S2_all,2,2,0.20967156418005806,0.21812092899266175,s2ndre_anom_mean,0.3089
pt10m,matched_12m,S2_all,2,3,0.09921573970753991,0.09956136736601658,s2ndre_anom_mean,0.4478
pt10m,matched_12m,S2_all,2,4,0.1128620568020693,0.10171008525383957,s2ndre_std,0.4468
pt10m,matched_12m,S2_all,3,0,0.2166457395006885,0.19740108903609813,s2ndre_anom_mean,0.4024
pt10m,matched_12m,S2_all,3,1,0.13608160362604557,0.1263275938652419,s2ndre_std,0.3271
pt10m,matched_12m,S2_all,3,2,0.1665297540357958,0.14625636946047002,s2ndre_std,0.4189
pt10m,matched_12m,S2_all,3,3,0.05358034971563384,0.05384832874311801,s2ndre_anom_mean,0.4364
pt10m,matched_12m,S2_all,3,4,0.13337234776390106,0.13460360229385526,s2ndre_anom_mean,0.4101
pt10m,matched_12m,S2_all,4,0,0.1484492792814169,0.1481273029625757,s2ndre_anom_mean,0.4503
pt10m,matched_12m,S2_all,4,1,0.05194119159100256,0.051896940229749125,s2ndre_anom_mean,0.4262
pt10m,matched_12m,S2_all,4,2,0.1778459850444432,0.1791718895955705,s2ndre_std,0.3713
pt10m,matched_12m,S2_all,4,3,0.0685469005611431,0.0637098159382798,s2ndre_anom_mean,0.4497
pt10m,matched_12m,S2_all,4,4,0.2095357556990219,0.20751234126483722,s2ndre_anom_mean,0.3275
pt10m,matched_12m,S2_all,5,0,0.1260874675128692,0.12388676291179809,s2ndre_anom_mean,0.4629
pt10m,matched_12m,S2_all,5,1,0.09609250897518865,0.09324879676778103,s2ndre_anom_mean,0.3782
pt10m,matched_12m,S2_all,5,2,0.10559769246671633,0.10013698913455087,s2ndre_anom_mean,0.4305
pt10m,matched_12m,S2_all,5,3,0.2112262779261849,0.2095169856969534,s2ndre_anom_mean,0.3419
pt10m,matched_12m,S2_all,5,4,0.12635807059664922,0.11455573862085841,s2ndre_std,0.4241
pt10m,matched_12m,S2_all,6,0,0.10257911948127411,0.09770162948636782,s2ndre_anom_mean,0.4275
pt10m,matched_12m,S2_all,6,1,0.19310746574722096,0.1877869940292497,s2ndvi_anom_mean,0.326
pt10m,matched_12m,S2_all,6,2,0.21129995017748804,0.20890555041730124,s2ndre_anom_mean,0.3488
pt10m,matched_12m,S2_all,6,3,0.09148032879710485,0.09200785316819943,s2ndre_anom_mean,0.4865
pt10m,matched_12m,S2_all,6,4,0.07407200294220746,0.07153018711704989,s2ndre_std,0.4511
pt10m,matched_12m,S2_all,7,0,0.16568194030991706,0.16104353120303688,s2ndvi_anom_mean,0.3526
pt10m,matched_12m,S2_all,7,1,0.08097326267974533,0.08064986144562511,s2ndre_anom_mean,0.3925
pt10m,matched_12m,S2_all,7,2,0.11101284572435888,0.10749600781390974,s2ndre_anom_mean,0.4074
pt10m,matched_12m,S2_all,7,3,0.13109926079870615,0.13078735176148393,s2ndre_anom_mean,0.4488
pt10m,matched_12m,S2_all,7,4,0.19962731191036046,0.2064038108347769,s2ndre_anom_mean,0.3908
pt10m,matched_12m,S2_all,8,0,0.12593315968157182,0.1240150125726863,s2ndre_anom_mean,0.462
pt10m,matched_12m,S2_all,8,1,0.10700765125492037,0.0950637956846155,s2ndre_anom_mean,0.3322
pt10m,matched_12m,S2_all,8,2,0.114995366710663,0.10450528092909751,s2ndre_anom_mean,0.4297
pt10m,matched_12m,S2_all,8,3,0.12451812338909977,0.11307113431632651,s2ndre_std,0.4252
pt10m,matched_12m,S2_all,8,4,0.1984745466490733,0.20662965911507036,s2ndre_anom_mean,0.3929
pt10m,matched_12m,S2_all,9,0,0.14793087885595813,0.14717471248984837,s2ndre_anom_mean,0.4707
pt10m,matched_12m,S2_all,9,1,0.12612986858978154,0.1257104714018912,s2ndre_anom_mean,0.3673
pt10m,matched_12m,S2_all,9,2,0.06622076747501654,0.06308436450260625,s2ndre_anom_mean,0.4035
pt10m,matched_12m,S2_all,9,3,0.20852848860913983,0.20845312209469424,s2ndre_anom_mean,0.3636
pt10m,matched_12m,S2_all,9,4,0.12473199463772341,0.11110411884703336,s2ndre_std,0.4403
box3x3,survey_12m,S1_all,0,0,0.09839614091757726,0.1134174991128254,s1desc_VH_mean,0.328
box3x3,survey_12m,S1_all,0,1,0.08633708006601806,0.1024018889527084,s1desc_VH_mean,0.3563
box3x3,survey_12m,S1_all,0,2,0.12700907153864255,0.1266386489895939,s1asc_VH_VV_dB_mean,0.3152
box3x3,survey_12m,S1_all,0,3,0.12976379987187045,0.14028265172978172,s1desc_VH_anom_mean,0.3413
box3x3,survey_12m,S1_all,0,4,0.2238055885537747,0.23317146556450055,s1desc_VH_mean,0.4124
box3x3,survey_12m,S1_all,1,0,0.15050587734740029,0.17177506454844238,s1desc_VH_anom_mean,0.3183
box3x3,survey_12m,S1_all,1,1,0.1267580808207196,0.20174312091438595,s1desc_VH_mean,0.3918
box3x3,survey_12m,S1_all,1,2,0.12866620752042665,0.13147615881780272,s1desc_VV_mean,0.3482
box3x3,survey_12m,S1_all,1,3,0.2011923226915042,0.21211515475355341,s1desc_VH_mean,0.2883
box3x3,survey_12m,S1_all,1,4,0.059118258787138854,0.04401001327714002,s1desc_VH_mean,0.3504
box3x3,survey_12m,S1_all,2,0,0.13400356469084043,0.1321732872962571,s1desc_VV_anom_mean,0.3375
box3x3,survey_12m,S1_all,2,1,0.14827716115253248,0.1279385128335192,s1asc_VH_VV_dB_mean,0.3844
box3x3,survey_12m,S1_all,2,2,0.20967156418005806,0.2255504215271311,s1desc_VH_mean,0.2787
box3x3,survey_12m,S1_all,2,3,0.09921573970753991,0.14515286060209462,s1desc_VH_mean,0.3669
box3x3,survey_12m,S1_all,2,4,0.1128620568020693,0.12316152240616368,s1desc_VH_mean,0.3885
box3x3,survey_12m,S1_all,3,0,0.2166457395006885,0.23947918511398714,s1desc_VH_mean,0.3281
box3x3,survey_12m,S1_all,3,1,0.13608160362604557,0.1461960248553037,s1desc_VH_mean,0.3097
box3x3,survey_12m,S1_all,3,2,0.1665297540357958,0.15472728292871285,s1desc_VH_anom_mean,0.3588
box3x3,survey_12m,S1_all,3,3,0.05358034971563384,0.05315014042550849,s1asc_VH_VV_dB_anom_mean,0.35
box3x3,survey_12m,S1_all,3,4,0.13337234776390106,0.16526926730679126,s1desc_VH_anom_mean,0.4338
box3x3,survey_12m,S1_all,4,0,0.1484492792814169,0.17756683158886316,s1desc_VH_mean,0.3313
box3x3,survey_12m,S1_all,4,1,0.05194119159100256,0.05116237531554744,s1desc_VH_anom_mean,0.3476
box3x3,survey_12m,S1_all,4,2,0.1778459850444432,0.16432317605201882,s1desc_VH_mean,0.3048
box3x3,survey_12m,S1_all,4,3,0.0685469005611431,0.06778615905480725,s1desc_VH_anom_mean,0.3231
box3x3,survey_12m,S1_all,4,4,0.2095357556990219,0.22630633229003794,s1desc_VH_anom_mean,0.4016
box3x3,survey_12m,S1_all,5,0,0.1260874675128692,0.12438785299764894,s1asc_VH_VV_dB_anom_mean,0.3146
box3x3,survey_12m,S1_all,5,1,0.09609250897518865,0.11304734778639014,s1desc_VH_anom_mean,0.3599
box3x3,survey_12m,S1_all,5,2,0.10559769246671633,0.11491314499089285,s1desc_VH_mean,0.3177
box3x3,survey_12m,S1_all,5,3,0.2112262779261849,0.22540679697861193,s1desc_VH_mean,0.4114
box3x3,survey_12m,S1_all,5,4,0.12635807059664922,0.13479720544999635,s1desc_VH_anom_mean,0.3327
box3x3,survey_12m,S1_all,6,0,0.10257911948127411,0.11470416895053392,s1desc_VH_mean,0.3158
box3x3,survey_12m,S1_all,6,1,0.19310746574722096,0.17138062173545254,s1desc_VH_mean,0.3134
box3x3,survey_12m,S1_all,6,2,0.21129995017748804,0.2242952073338094,s1desc_VH_mean,0.3056
box3x3,survey_12m,S1_all,6,3,0.09148032879710485,0.08115801583819751,s1asc_VH_VV_dB_mean,0.4189
box3x3,survey_12m,S1_all,6,4,0.07407200294220746,0.07791426308669878,s1desc_VH_anom_mean,0.3979
box3x3,survey_12m,S1_all,7,0,0.16568194030991706,0.1602758905521726,s1desc_VH_mean,0.3107
box3x3,survey_12m,S1_all,7,1,0.08097326267974533,0.09008030376293628,s1desc_VH_anom_mean,0.3567
box3x3,survey_12m,S1_all,7,2,0.11101284572435888,0.11436014146264341,s1desc_VH_mean,0.3534
box3x3,survey_12m,S1_all,7,3,0.13109926079870615,0.12782918159155826,s1asc_VH_VV_dB_mean,0.3092
box3x3,survey_12m,S1_all,7,4,0.19962731191036046,0.2224193849838056,s1desc_VH_anom_mean,0.4168
box3x3,survey_12m,S1_all,8,0,0.12593315968157182,0.12393017983875895,s1asc_VH_VV_dB_mean,0.3163
box3x3,survey_12m,S1_all,8,1,0.10700765125492037,0.11123853619806691,s1desc_VH_mean,0.3462
box3x3,survey_12m,S1_all,8,2,0.114995366710663,0.12538270145700933,s1desc_VH_mean,0.3128
box3x3,survey_12m,S1_all,8,3,0.12451812338909977,0.131739784098109,s1desc_VH_mean,0.3362
box3x3,survey_12m,S1_all,8,4,0.1984745466490733,0.22402082425694975,s1desc_VH_anom_mean,0.4167
box3x3,survey_12m,S1_all,9,0,0.14793087885595813,0.17301217540820452,s1desc_VH_anom_mean,0.3188
box3x3,survey_12m,S1_all,9,1,0.12612986858978154,0.14586109486558432,s1desc_VH_mean,0.3853
box3x3,survey_12m,S1_all,9,2,0.06622076747501654,0.052132065598645735,s1desc_VH_mean,0.3491
box3x3,survey_12m,S1_all,9,3,0.20852848860913983,0.22095139844969863,s1desc_VH_anom_mean,0.3002
box3x3,survey_12m,S1_all,9,4,0.12473199463772341,0.13074542982101212,s1desc_VH_mean,0.3438
box3x3,survey_12m,S1_desc,0,0,0.09839614091757726,0.1134174991128254,s1desc_VH_mean,0.328
box3x3,survey_12m,S1_desc,0,1,0.08633708006601806,0.1024018889527084,s1desc_VH_mean,0.3563
box3x3,survey_12m,S1_desc,0,2,0.12700907153864255,0.1303609565773524,s1desc_VH_anom_mean,0.2763
box3x3,survey_12m,S1_desc,0,3,0.12976379987187045,0.14028265172978172,s1desc_VH_anom_mean,0.3413
box3x3,survey_12m,S1_desc,0,4,0.2238055885537747,0.23317146556450055,s1desc_VH_mean,0.4124
box3x3,survey_12m,S1_desc,1,0,0.15050587734740029,0.17177506454844238,s1desc_VH_anom_mean,0.3183
box3x3,survey_12m,S1_desc,1,1,0.1267580808207196,0.20174312091438595,s1desc_VH_mean,0.3918
box3x3,survey_12m,S1_desc,1,2,0.12866620752042665,0.13147615881780272,s1desc_VV_mean,0.3482
box3x3,survey_12m,S1_desc,1,3,0.2011923226915042,0.21211515475355341,s1desc_VH_mean,0.2883
box3x3,survey_12m,S1_desc,1,4,0.059118258787138854,0.04401001327714002,s1desc_VH_mean,0.3504
box3x3,survey_12m,S1_desc,2,0,0.13400356469084043,0.1321732872962571,s1desc_VV_anom_mean,0.3375
box3x3,survey_12m,S1_desc,2,1,0.14827716115253248,0.16766978082157288,s1desc_VH_anom_mean,0.3528
box3x3,survey_12m,S1_desc,2,2,0.20967156418005806,0.2255504215271311,s1desc_VH_mean,0.2787
box3x3,survey_12m,S1_desc,2,3,0.09921573970753991,0.14515286060209462,s1desc_VH_mean,0.3669
box3x3,survey_12m,S1_desc,2,4,0.1128620568020693,0.12316152240616368,s1desc_VH_mean,0.3885
box3x3,survey_12m,S1_desc,3,0,0.2166457395006885,0.23947918511398714,s1desc_VH_mean,0.3281
box3x3,survey_12m,S1_desc,3,1,0.13608160362604557,0.1461960248553037,s1desc_VH_mean,0.3097
box3x3,survey_12m,S1_desc,3,2,0.1665297540357958,0.15472728292871285,s1desc_VH_anom_mean,0.3588
box3x3,survey_12m,S1_desc,3,3,0.05358034971563384,0.06915209830831984,s1desc_VV_mean,0.2983
box3x3,survey_12m,S1_desc,3,4,0.13337234776390106,0.16526926730679126,s1desc_VH_anom_mean,0.4338
box3x3,survey_12m,S1_desc,4,0,0.1484492792814169,0.17756683158886316,s1desc_VH_mean,0.3313
box3x3,survey_12m,S1_desc,4,1,0.05194119159100256,0.05116237531554744,s1desc_VH_anom_mean,0.3476
box3x3,survey_12m,S1_desc,4,2,0.1778459850444432,0.16432317605201882,s1desc_VH_mean,0.3048
box3x3,survey_12m,S1_desc,4,3,0.0685469005611431,0.06778615905480725,s1desc_VH_anom_mean,0.3231
box3x3,survey_12m,S1_desc,4,4,0.2095357556990219,0.22630633229003794,s1desc_VH_anom_mean,0.4016
box3x3,survey_12m,S1_desc,5,0,0.1260874675128692,0.1337849086358484,s1desc_VH_anom_mean,0.3069
box3x3,survey_12m,S1_desc,5,1,0.09609250897518865,0.11304734778639014,s1desc_VH_anom_mean,0.3599
box3x3,survey_12m,S1_desc,5,2,0.10559769246671633,0.11491314499089285,s1desc_VH_mean,0.3177
box3x3,survey_12m,S1_desc,5,3,0.2112262779261849,0.22540679697861193,s1desc_VH_mean,0.4114
box3x3,survey_12m,S1_desc,5,4,0.12635807059664922,0.13479720544999635,s1desc_VH_anom_mean,0.3327
box3x3,survey_12m,S1_desc,6,0,0.10257911948127411,0.11470416895053392,s1desc_VH_mean,0.3158
box3x3,survey_12m,S1_desc,6,1,0.19310746574722096,0.17138062173545254,s1desc_VH_mean,0.3134
box3x3,survey_12m,S1_desc,6,2,0.21129995017748804,0.2242952073338094,s1desc_VH_mean,0.3056
box3x3,survey_12m,S1_desc,6,3,0.09148032879710485,0.11535777065899352,s1desc_VH_mean,0.3872
box3x3,survey_12m,S1_desc,6,4,0.07407200294220746,0.07791426308669878,s1desc_VH_anom_mean,0.3979
box3x3,survey_12m,S1_desc,7,0,0.16568194030991706,0.1602758905521726,s1desc_VH_mean,0.3107
box3x3,survey_12m,S1_desc,7,1,0.08097326267974533,0.09008030376293628,s1desc_VH_anom_mean,0.3567
box3x3,survey_12m,S1_desc,7,2,0.11101284572435888,0.11436014146264341,s1desc_VH_mean,0.3534
box3x3,survey_12m,S1_desc,7,3,0.13109926079870615,0.13682802534242994,s1desc_VH_anom_mean,0.2744
box3x3,survey_12m,S1_desc,7,4,0.19962731191036046,0.2224193849838056,s1desc_VH_anom_mean,0.4168
box3x3,survey_12m,S1_desc,8,0,0.12593315968157182,0.13354642310154166,s1desc_VH_mean,0.3108
box3x3,survey_12m,S1_desc,8,1,0.10700765125492037,0.11123853619806691,s1desc_VH_mean,0.3462
box3x3,survey_12m,S1_desc,8,2,0.114995366710663,0.12538270145700933,s1desc_VH_mean,0.3128
box3x3,survey_12m,S1_desc,8,3,0.12451812338909977,0.131739784098109,s1desc_VH_mean,0.3362
box3x3,survey_12m,S1_desc,8,4,0.1984745466490733,0.22402082425694975,s1desc_VH_anom_mean,0.4167
box3x3,survey_12m,S1_desc,9,0,0.14793087885595813,0.17301217540820452,s1desc_VH_anom_mean,0.3188
box3x3,survey_12m,S1_desc,9,1,0.12612986858978154,0.14586109486558432,s1desc_VH_mean,0.3853
box3x3,survey_12m,S1_desc,9,2,0.06622076747501654,0.052132065598645735,s1desc_VH_mean,0.3491
box3x3,survey_12m,S1_desc,9,3,0.20852848860913983,0.22095139844969863,s1desc_VH_anom_mean,0.3002
box3x3,survey_12m,S1_desc,9,4,0.12473199463772341,0.13074542982101212,s1desc_VH_mean,0.3438
box3x3,survey_12m,S1_asc,0,0,0.09839614091757726,0.10577490974433325,s1asc_VH_VV_dB_mean,0.2622
box3x3,survey_12m,S1_asc,0,1,0.08633708006601806,0.08455230390527176,s1asc_VH_VV_dB_mean,0.2569
box3x3,survey_12m,S1_asc,0,2,0.12700907153864255,0.1266386489895939,s1asc_VH_VV_dB_mean,0.3152
box3x3,survey_12m,S1_asc,0,3,0.12976379987187045,0.13234454588893926,s1asc_VH_mean,0.3148
box3x3,survey_12m,S1_asc,0,4,0.2238055885537747,0.2225571568158222,s1asc_VH_VV_dB_mean,0.2666
box3x3,survey_12m,S1_asc,1,0,0.15050587734740029,0.1472935624769457,s1asc_VH_VV_dB_anom_mean,0.3113
box3x3,survey_12m,S1_asc,1,1,0.1267580808207196,0.18226344851738302,s1asc_VH_VV_dB_mean,0.2974
box3x3,survey_12m,S1_asc,1,2,0.12866620752042665,0.13071033784909378,s1asc_VH_anom_mean,0.3148
box3x3,survey_12m,S1_asc,1,3,0.2011923226915042,0.2037367193858759,s1asc_VH_VV_dB_mean,0.1757
box3x3,survey_12m,S1_asc,1,4,0.059118258787138854,0.051283505341136945,s1asc_VH_VV_dB_anom_mean,0.2899
box3x3,survey_12m,S1_asc,2,0,0.13400356469084043,0.13941940597412067,s1asc_VH_VV_dB_mean,0.2756
box3x3,survey_12m,S1_asc,2,1,0.14827716115253248,0.1279385128335192,s1asc_VH_VV_dB_mean,0.3844
box3x3,survey_12m,S1_asc,2,2,0.20967156418005806,0.21354384036550783,s1asc_VH_VV_dB_anom_mean,0.1642
box3x3,survey_12m,S1_asc,2,3,0.09921573970753991,0.1316935362720737,s1asc_VH_VV_dB_anom_mean,0.3023
box3x3,survey_12m,S1_asc,2,4,0.1128620568020693,0.11991567452300181,s1asc_VH_mean,0.2816
box3x3,survey_12m,S1_asc,3,0,0.2166457395006885,0.22151307693329744,s1asc_VH_VV_dB_mean,0.1964
box3x3,survey_12m,S1_asc,3,1,0.13608160362604557,0.1430874209840825,s1asc_VH_mean,0.2508
box3x3,survey_12m,S1_asc,3,2,0.1665297540357958,0.17920108424421974,s1asc_VH_VV_dB_mean,0.2806
box3x3,survey_12m,S1_asc,3,3,0.05358034971563384,0.05315014042550849,s1asc_VH_VV_dB_anom_mean,0.35
box3x3,survey_12m,S1_asc,3,4,0.13337234776390106,0.1532773179781066,s1asc_VH_VV_dB_anom_mean,0.3322
box3x3,survey_12m,S1_asc,4,0,0.1484492792814169,0.14874685217752395,s1asc_VH_VV_dB_mean,0.2885
box3x3,survey_12m,S1_asc,4,1,0.05194119159100256,0.050522327211941324,s1asc_VH_VV_dB_anom_mean,0.3152
box3x3,survey_12m,S1_asc,4,2,0.1778459850444432,0.16713338661699612,s1asc_VH_mean,0.293
box3x3,survey_12m,S1_asc,4,3,0.0685469005611431,0.0680686438411443,s1asc_VH_VV_dB_anom_mean,0.2858
box3x3,survey_12m,S1_asc,4,4,0.2095357556990219,0.21455331815978512,s1asc_VH_VV_dB_mean,0.2511
box3x3,survey_12m,S1_asc,5,0,0.1260874675128692,0.12438785299764894,s1asc_VH_VV_dB_anom_mean,0.3146
box3x3,survey_12m,S1_asc,5,1,0.09609250897518865,0.09075625880033977,s1asc_VH_VV_dB_anom_mean,0.2823
box3x3,survey_12m,S1_asc,5,2,0.10559769246671633,0.11480191368193735,s1asc_VH_VV_dB_mean,0.2436
box3x3,survey_12m,S1_asc,5,3,0.2112262779261849,0.21285786089774159,s1asc_VH_VV_dB_anom_mean,0.2914
box3x3,survey_12m,S1_asc,5,4,0.12635807059664922,0.1300911235790013,s1asc_VH_mean,0.2764
box3x3,survey_12m,S1_asc,6,0,0.10257911948127411,0.1117220459007787,s1asc_VH_VV_dB_anom_mean,0.2443
box3x3,survey_12m,S1_asc,6,1,0.19310746574722096,0.18340414929264534,s1asc_VH_mean,0.2483
box3x3,survey_12m,S1_asc,6,2,0.21129995017748804,0.2134347454592628,s1asc_VH_VV_dB_mean,0.1975
box3x3,survey_12m,S1_asc,6,3,0.09148032879710485,0.08115801583819751,s1asc_VH_VV_dB_mean,0.4189
box3x3,survey_12m,S1_asc,6,4,0.07407200294220746,0.07393864932657984,s1asc_VH_VV_dB_anom_mean,0.3423
box3x3,survey_12m,S1_asc,7,0,0.16568194030991706,0.16906312265871323,s1asc_VH_mean,0.2601
box3x3,survey_12m,S1_asc,7,1,0.08097326267974533,0.081896675229582,s1asc_VH_VV_dB_anom_mean,0.2741
box3x3,survey_12m,S1_asc,7,2,0.11101284572435888,0.11951751505641338,s1asc_VH_VV_dB_anom_mean,0.2747
box3x3,survey_12m,S1_asc,7,3,0.13109926079870615,0.12782918159155826,s1asc_VH_VV_dB_mean,0.3092
box3x3,survey_12m,S1_asc,7,4,0.19962731191036046,0.20344466005847356,s1asc_VH_VV_dB_anom_mean,0.3128
box3x3,survey_12m,S1_asc,8,0,0.12593315968157182,0.12393017983875895,s1asc_VH_VV_dB_mean,0.3163
box3x3,survey_12m,S1_asc,8,1,0.10700765125492037,0.09636977183759457,s1asc_VH_mean,0.2773
box3x3,survey_12m,S1_asc,8,2,0.114995366710663,0.12359293515227919,s1asc_VH_VV_dB_anom_mean,0.232
box3x3,survey_12m,S1_asc,8,3,0.12451812338909977,0.12743881851059774,s1asc_VH_anom_mean,0.2797
box3x3,survey_12m,S1_asc,8,4,0.1984745466490733,0.20185382599887491,s1asc_VH_VV_dB_anom_mean,0.3175
box3x3,survey_12m,S1_asc,9,0,0.14793087885595813,0.14483241684551745,s1asc_VH_VV_dB_mean,0.3157
box3x3,survey_12m,S1_asc,9,1,0.12612986858978154,0.13313267821125307,s1asc_VH_VV_dB_mean,0.2909
box3x3,survey_12m,S1_asc,9,2,0.06622076747501654,0.0601351880371107,s1asc_VH_VV_dB_mean,0.3038
box3x3,survey_12m,S1_asc,9,3,0.20852848860913983,0.21156367789680916,s1asc_VH_VV_dB_mean,0.1745
box3x3,survey_12m,S1_asc,9,4,0.12473199463772341,0.12802112790461237,s1asc_VH_VV_dB_mean,0.2898
box3x3,survey_12m,S2_all,0,0,0.09839614091757726,0.09788084246624401,s2ndre_anom_mean,0.4076
box3x3,survey_12m,S2_all,0,1,0.08633708006601806,0.0776783167644387,s2ndre_anom_mean,0.3595
box3x3,survey_12m,S2_all,0,2,0.12700907153864255,0.1232791015441628,s2ndre_anom_mean,0.51
box3x3,survey_12m,S2_all,0,3,0.12976379987187045,0.12050815831681086,s2ndre_anom_mean,0.3303
box3x3,survey_12m,S2_all,0,4,0.2238055885537747,0.2268134613702772,s2ndre_anom_mean,0.3389
box3x3,survey_12m,S2_all,1,0,0.15050587734740029,0.14926692376607859,s2ndre_anom_mean,0.4782
box3x3,survey_12m,S2_all,1,1,0.1267580808207196,0.13228157949197783,s2ndre_anom_mean,0.3667
box3x3,survey_12m,S2_all,1,2,0.12866620752042665,0.1187259100797533,s2ndre_anom_mean,0.3289
box3x3,survey_12m,S2_all,1,3,0.2011923226915042,0.2006507832033929,s2ndre_anom_mean,0.3304
box3x3,survey_12m,S2_all,1,4,0.059118258787138854,0.056739289462438273,s2ndre_anom_mean,0.4183
box3x3,survey_12m,S2_all,2,0,0.13400356469084043,0.12692733220628186,s2ndre_anom_mean,0.3519
box3x3,survey_12m,S2_all,2,1,0.14827716115253248,0.1588185319328061,s2ndre_anom_mean,0.5172
box3x3,survey_12m,S2_all,2,2,0.20967156418005806,0.20863693978630277,s2ndre_anom_mean,0.2645
box3x3,survey_12m,S2_all,2,3,0.09921573970753991,0.10303091354836147,s2ndre_anom_mean,0.4295
box3x3,survey_12m,S2_all,2,4,0.1128620568020693,0.09808211041484856,s2ndre_std,0.4482
box3x3,survey_12m,S2_all,3,0,0.2166457395006885,0.21505546337386072,s2ndre_anom_mean,0.354
box3x3,survey_12m,S2_all,3,1,0.13608160362604557,0.13015865992071896,s2ndre_anom_mean,0.3232
box3x3,survey_12m,S2_all,3,2,0.1665297540357958,0.11793030104162809,s2ndre_std,0.4333
box3x3,survey_12m,S2_all,3,3,0.05358034971563384,0.05367418482678473,s2ndre_anom_mean,0.446
box3x3,survey_12m,S2_all,3,4,0.13337234776390106,0.13533637607500304,s2ndre_anom_mean,0.4055
box3x3,survey_12m,S2_all,4,0,0.1484492792814169,0.14730730645614176,s2ndre_anom_mean,0.4582
box3x3,survey_12m,S2_all,4,1,0.05194119159100256,0.052562824631481576,s2ndre_anom_mean,0.4197
box3x3,survey_12m,S2_all,4,2,0.1778459850444432,0.1842214326434612,s2ndvi_anom_mean,0.3318
box3x3,survey_12m,S2_all,4,3,0.0685469005611431,0.06391013054060429,s2ndre_anom_mean,0.4553
box3x3,survey_12m,S2_all,4,4,0.2095357556990219,0.20714939223318168,s2ndre_anom_mean,0.2531
box3x3,survey_12m,S2_all,5,0,0.1260874675128692,0.11448376680087687,s2ndre_anom_mean,0.4906
box3x3,survey_12m,S2_all,5,1,0.09609250897518865,0.08838025595457365,s2ndre_anom_mean,0.3688
box3x3,survey_12m,S2_all,5,2,0.10559769246671633,0.1031955601156457,s2ndre_anom_mean,0.4294
box3x3,survey_12m,S2_all,5,3,0.2112262779261849,0.2094883477892041,s2ndre_anom_mean,0.2813
box3x3,survey_12m,S2_all,5,4,0.12635807059664922,0.12274813979640381,s2ndre_anom_mean,0.3514
box3x3,survey_12m,S2_all,6,0,0.10257911948127411,0.09971827640573874,s2ndre_anom_mean,0.4173
box3x3,survey_12m,S2_all,6,1,0.19310746574722096,0.20103711797575488,s2ndvi_anom_mean,0.3233
box3x3,survey_12m,S2_all,6,2,0.21129995017748804,0.21057227631447148,s2ndre_anom_mean,0.323
box3x3,survey_12m,S2_all,6,3,0.09148032879710485,0.09193038608522502,s2ndre_anom_mean,0.4891
box3x3,survey_12m,S2_all,6,4,0.07407200294220746,0.06766467890244877,s2ndre_std,0.4523
box3x3,survey_12m,S2_all,7,0,0.16568194030991706,0.1695873574597715,s2ndvi_anom_mean,0.3397
box3x3,survey_12m,S2_all,7,1,0.08097326267974533,0.08221445200604385,s2ndre_anom_mean,0.4018
box3x3,survey_12m,S2_all,7,2,0.11101284572435888,0.1090813751152502,s2ndre_anom_mean,0.4028
box3x3,survey_12m,S2_all,7,3,0.13109926079870615,0.12656757825874934,s2ndre_anom_mean,0.4911
box3x3,survey_12m,S2_all,7,4,0.19962731191036046,0.19800124128910748,s2ndre_anom_mean,0.3214
box3x3,survey_12m,S2_all,8,0,0.12593315968157182,0.11447365211579376,s2ndre_anom_mean,0.4895
box3x3,survey_12m,S2_all,8,1,0.10700765125492037,0.0875151728794217,s2ndre_anom_mean,0.3284
box3x3,survey_12m,S2_all,8,2,0.114995366710663,0.10370332343756104,s2ndre_anom_mean,0.4409
box3x3,survey_12m,S2_all,8,3,0.12451812338909977,0.12104053378068695,s2ndre_anom_mean,0.352
box3x3,survey_12m,S2_all,8,4,0.1984745466490733,0.19672315112698918,s2ndre_anom_mean,0.3153
box3x3,survey_12m,S2_all,9,0,0.14793087885595813,0.1466259772955697,s2ndre_anom_mean,0.4792
box3x3,survey_12m,S2_all,9,1,0.12612986858978154,0.12364226858278511,s2ndre_anom_mean,0.3526
box3x3,survey_12m,S2_all,9,2,0.06622076747501654,0.06511361709224361,s2ndre_anom_mean,0.3968
box3x3,survey_12m,S2_all,9,3,0.20852848860913983,0.206121291759049,s2ndre_anom_mean,0.3397
box3x3,survey_12m,S2_all,9,4,0.12473199463772341,0.11950966120053474,s2ndre_std,0.3738
box3x3,survey_6m,S1_all,0,0,0.09839614091757726,0.10941556737215963,s1asc_VH_anom_mean,0.2305
box3x3,survey_6m,S1_all,0,1,0.08633708006601806,0.07680397402668955,s1asc_VH_VV_dB_std,0.2497
box3x3,survey_6m,S1_all,0,2,0.12700907153864255,0.13028134436227012,s1asc_VH_mean,0.2236
box3x3,survey_6m,S1_all,0,3,0.12976379987187045,0.13982083510807597,s1asc_VH_anom_mean,0.2897
box3x3,survey_6m,S1_all,0,4,0.2238055885537747,0.21524511692437373,s1asc_VH_VV_dB_anom_mean,0.2622
box3x3,survey_6m,S1_all,1,0,0.15050587734740029,0.132196302618466,s1asc_VH_VV_dB_std,0.2787
box3x3,survey_6m,S1_all,1,1,0.1267580808207196,0.17112018602335832,s1asc_VH_anom_mean,0.3059
box3x3,survey_6m,S1_all,1,2,0.12866620752042665,0.13831821362870228,s1asc_VH_anom_mean,0.288
box3x3,survey_6m,S1_all,1,3,0.2011923226915042,0.20824891560266698,s1asc_VH_mean,0.1644
box3x3,survey_6m,S1_all,1,4,0.059118258787138854,0.05224311761413968,s1asc_VH_anom_mean,0.2521
box3x3,survey_6m,S1_all,2,0,0.13400356469084043,0.14068910567658996,s1asc_VH_mean,0.2773
box3x3,survey_6m,S1_all,2,1,0.14827716115253248,0.12029623857389737,s1asc_VH_anom_mean,0.2716
box3x3,survey_6m,S1_all,2,2,0.20967156418005806,0.21005951843324783,s1asc_VH_VV_dB_anom_std,0.2384
box3x3,survey_6m,S1_all,2,3,0.09921573970753991,0.14510075496863817,s1asc_VH_anom_mean,0.3018
box3x3,survey_6m,S1_all,2,4,0.1128620568020693,0.12506829491523735,s1asc_VH_mean,0.2355
box3x3,survey_6m,S1_all,3,0,0.2166457395006885,0.22199600163528946,s1asc_VH_anom_mean,0.1957
box3x3,survey_6m,S1_all,3,1,0.13608160362604557,0.1477395044482035,s1asc_VH_mean,0.253
box3x3,survey_6m,S1_all,3,2,0.1665297540357958,0.1712442527019891,s1asc_VH_mean,0.2119
box3x3,survey_6m,S1_all,3,3,0.05358034971563384,0.05047248881451429,s1asc_VH_VV_dB_std,0.2639
box3x3,survey_6m,S1_all,3,4,0.13337234776390106,0.14303367970275155,s1asc_VH_anom_mean,0.3406
box3x3,survey_6m,S1_all,4,0,0.1484492792814169,0.1358172803969765,s1asc_VH_VV_dB_std,0.256
box3x3,survey_6m,S1_all,4,1,0.05194119159100256,0.05335485219294102,s1asc_VH_anom_mean,0.2581
box3x3,survey_6m,S1_all,4,2,0.1778459850444432,0.18153222199219046,s1asc_VH_mean,0.2828
box3x3,survey_6m,S1_all,4,3,0.0685469005611431,0.06809362706467459,s1asc_VH_mean,0.2212
box3x3,survey_6m,S1_all,4,4,0.2095357556990219,0.20972222149204608,s1asc_VH_VV_dB_std,0.2874
box3x3,survey_6m,S1_all,5,0,0.1260874675128692,0.13328134129944647,s1asc_VH_mean,0.2285
box3x3,survey_6m,S1_all,5,1,0.09609250897518865,0.08792426154340513,s1asc_VH_VV_dB_std,0.2662
box3x3,survey_6m,S1_all,5,2,0.10559769246671633,0.11375570885942876,s1asc_VH_mean,0.2501
box3x3,survey_6m,S1_all,5,3,0.2112262779261849,0.20985625889165696,s1asc_VH_VV_dB_std,0.287
box3x3,survey_6m,S1_all,5,4,0.12635807059664922,0.13512617791288972,s1asc_VH_anom_mean,0.2582
box3x3,survey_6m,S1_all,6,0,0.10257911948127411,0.10614144377716886,s1asc_VH_anom_mean,0.2364
box3x3,survey_6m,S1_all,6,1,0.19310746574722096,0.1930708531175503,s1asc_VH_anom_mean,0.2764
box3x3,survey_6m,S1_all,6,2,0.21129995017748804,0.21877789264124936,s1asc_VH_mean,0.163
box3x3,survey_6m,S1_all,6,3,0.09148032879710485,0.078692621482085,s1asc_VH_VV_dB_mean,0.3372
box3x3,survey_6m,S1_all,6,4,0.07407200294220746,0.08147326985941765,s1asc_VH_anom_mean,0.2441
box3x3,survey_6m,S1_all,7,0,0.16568194030991706,0.17536537453825848,s1asc_VH_mean,0.2469
box3x3,survey_6m,S1_all,7,1,0.08097326267974533,0.08188270595777147,s1asc_VH_VV_dB_std,0.2267
box3x3,survey_6m,S1_all,7,2,0.11101284572435888,0.10284559509653558,s1asc_VH_mean,0.3096
box3x3,survey_6m,S1_all,7,3,0.13109926079870615,0.13430869461145012,s1asc_VH_anom_mean,0.2169
box3x3,survey_6m,S1_all,7,4,0.19962731191036046,0.20202210867069126,s1asc_VH_VV_dB_std,0.301
box3x3,survey_6m,S1_all,8,0,0.12593315968157182,0.13251487144149235,s1asc_VH_mean,0.2307
box3x3,survey_6m,S1_all,8,1,0.10700765125492037,0.10345817926054729,s1asc_VH_VV_dB_std,0.255
box3x3,survey_6m,S1_all,8,2,0.114995366710663,0.11032832852387885,s1asc_VH_anom_mean,0.2614
box3x3,survey_6m,S1_all,8,3,0.12451812338909977,0.13255827954072658,s1asc_VH_anom_mean,0.2632
box3x3,survey_6m,S1_all,8,4,0.1984745466490733,0.20233975116006767,s1asc_VH_VV_dB_anom_std,0.2889
box3x3,survey_6m,S1_all,9,0,0.14793087885595813,0.1346470916648133,s1asc_VH_VV_dB_std,0.2763
box3x3,survey_6m,S1_all,9,1,0.12612986858978154,0.1337667893759404,s1asc_VH_mean,0.3015
box3x3,survey_6m,S1_all,9,2,0.06622076747501654,0.05064626314294704,s1asc_VH_anom_mean,0.2792
box3x3,survey_6m,S1_all,9,3,0.20852848860913983,0.21529571657547306,s1asc_VH_mean,0.1642
box3x3,survey_6m,S1_all,9,4,0.12473199463772341,0.13459538327654585,s1asc_VH_anom_mean,0.2781
box3x3,survey_6m,S1_asc,0,0,0.09839614091757726,0.10941556737215963,s1asc_VH_anom_mean,0.2305
box3x3,survey_6m,S1_asc,0,1,0.08633708006601806,0.07680397402668955,s1asc_VH_VV_dB_std,0.2497
box3x3,survey_6m,S1_asc,0,2,0.12700907153864255,0.13028134436227012,s1asc_VH_mean,0.2236
box3x3,survey_6m,S1_asc,0,3,0.12976379987187045,0.13982083510807597,s1asc_VH_anom_mean,0.2897
box3x3,survey_6m,S1_asc,0,4,0.2238055885537747,0.21524511692437373,s1asc_VH_VV_dB_anom_mean,0.2622
box3x3,survey_6m,S1_asc,1,0,0.15050587734740029,0.132196302618466,s1asc_VH_VV_dB_std,0.2787
box3x3,survey_6m,S1_asc,1,1,0.1267580808207196,0.17112018602335832,s1asc_VH_anom_mean,0.3059
box3x3,survey_6m,S1_asc,1,2,0.12866620752042665,0.13831821362870228,s1asc_VH_anom_mean,0.288
box3x3,survey_6m,S1_asc,1,3,0.2011923226915042,0.20824891560266698,s1asc_VH_mean,0.1644
box3x3,survey_6m,S1_asc,1,4,0.059118258787138854,0.05224311761413968,s1asc_VH_anom_mean,0.2521
box3x3,survey_6m,S1_asc,2,0,0.13400356469084043,0.14068910567658996,s1asc_VH_mean,0.2773
box3x3,survey_6m,S1_asc,2,1,0.14827716115253248,0.12029623857389737,s1asc_VH_anom_mean,0.2716
box3x3,survey_6m,S1_asc,2,2,0.20967156418005806,0.21005951843324783,s1asc_VH_VV_dB_anom_std,0.2384
box3x3,survey_6m,S1_asc,2,3,0.09921573970753991,0.14510075496863817,s1asc_VH_anom_mean,0.3018
box3x3,survey_6m,S1_asc,2,4,0.1128620568020693,0.12506829491523735,s1asc_VH_mean,0.2355
box3x3,survey_6m,S1_asc,3,0,0.2166457395006885,0.22199600163528946,s1asc_VH_anom_mean,0.1957
box3x3,survey_6m,S1_asc,3,1,0.13608160362604557,0.1477395044482035,s1asc_VH_mean,0.253
box3x3,survey_6m,S1_asc,3,2,0.1665297540357958,0.1712442527019891,s1asc_VH_mean,0.2119
box3x3,survey_6m,S1_asc,3,3,0.05358034971563384,0.05047248881451429,s1asc_VH_VV_dB_std,0.2639
box3x3,survey_6m,S1_asc,3,4,0.13337234776390106,0.14303367970275155,s1asc_VH_anom_mean,0.3406
box3x3,survey_6m,S1_asc,4,0,0.1484492792814169,0.1358172803969765,s1asc_VH_VV_dB_std,0.256
box3x3,survey_6m,S1_asc,4,1,0.05194119159100256,0.05335485219294102,s1asc_VH_anom_mean,0.2581
box3x3,survey_6m,S1_asc,4,2,0.1778459850444432,0.18153222199219046,s1asc_VH_mean,0.2828
box3x3,survey_6m,S1_asc,4,3,0.0685469005611431,0.06809362706467459,s1asc_VH_mean,0.2212
box3x3,survey_6m,S1_asc,4,4,0.2095357556990219,0.20972222149204608,s1asc_VH_VV_dB_std,0.2874
box3x3,survey_6m,S1_asc,5,0,0.1260874675128692,0.13328134129944647,s1asc_VH_mean,0.2285
box3x3,survey_6m,S1_asc,5,1,0.09609250897518865,0.08792426154340513,s1asc_VH_VV_dB_std,0.2662
box3x3,survey_6m,S1_asc,5,2,0.10559769246671633,0.11375570885942876,s1asc_VH_mean,0.2501
box3x3,survey_6m,S1_asc,5,3,0.2112262779261849,0.20985625889165696,s1asc_VH_VV_dB_std,0.287
box3x3,survey_6m,S1_asc,5,4,0.12635807059664922,0.13512617791288972,s1asc_VH_anom_mean,0.2582
box3x3,survey_6m,S1_asc,6,0,0.10257911948127411,0.10614144377716886,s1asc_VH_anom_mean,0.2364
box3x3,survey_6m,S1_asc,6,1,0.19310746574722096,0.1930708531175503,s1asc_VH_anom_mean,0.2764
box3x3,survey_6m,S1_asc,6,2,0.21129995017748804,0.21877789264124936,s1asc_VH_mean,0.163
box3x3,survey_6m,S1_asc,6,3,0.09148032879710485,0.078692621482085,s1asc_VH_VV_dB_mean,0.3372
box3x3,survey_6m,S1_asc,6,4,0.07407200294220746,0.08147326985941765,s1asc_VH_anom_mean,0.2441
box3x3,survey_6m,S1_asc,7,0,0.16568194030991706,0.17536537453825848,s1asc_VH_mean,0.2469
box3x3,survey_6m,S1_asc,7,1,0.08097326267974533,0.08188270595777147,s1asc_VH_VV_dB_std,0.2267
box3x3,survey_6m,S1_asc,7,2,0.11101284572435888,0.10284559509653558,s1asc_VH_mean,0.3096
box3x3,survey_6m,S1_asc,7,3,0.13109926079870615,0.13430869461145012,s1asc_VH_anom_mean,0.2169
box3x3,survey_6m,S1_asc,7,4,0.19962731191036046,0.20202210867069126,s1asc_VH_VV_dB_std,0.301
box3x3,survey_6m,S1_asc,8,0,0.12593315968157182,0.13251487144149235,s1asc_VH_mean,0.2307
box3x3,survey_6m,S1_asc,8,1,0.10700765125492037,0.10345817926054729,s1asc_VH_VV_dB_std,0.255
box3x3,survey_6m,S1_asc,8,2,0.114995366710663,0.11032832852387885,s1asc_VH_anom_mean,0.2614
box3x3,survey_6m,S1_asc,8,3,0.12451812338909977,0.13255827954072658,s1asc_VH_anom_mean,0.2632
box3x3,survey_6m,S1_asc,8,4,0.1984745466490733,0.20233975116006767,s1asc_VH_VV_dB_anom_std,0.2889
box3x3,survey_6m,S1_asc,9,0,0.14793087885595813,0.1346470916648133,s1asc_VH_VV_dB_std,0.2763
box3x3,survey_6m,S1_asc,9,1,0.12612986858978154,0.1337667893759404,s1asc_VH_mean,0.3015
box3x3,survey_6m,S1_asc,9,2,0.06622076747501654,0.05064626314294704,s1asc_VH_anom_mean,0.2792
box3x3,survey_6m,S1_asc,9,3,0.20852848860913983,0.21529571657547306,s1asc_VH_mean,0.1642
box3x3,survey_6m,S1_asc,9,4,0.12473199463772341,0.13459538327654585,s1asc_VH_anom_mean,0.2781
box3x3,survey_6m,S2_all,0,0,0.09839614091757726,0.09672422726323468,s2ndre_anom_mean,0.3446
box3x3,survey_6m,S2_all,0,1,0.08633708006601806,0.07225652501989846,s2ndre_delta90,0.3286
box3x3,survey_6m,S2_all,0,2,0.12700907153864255,0.12730116790305207,s2ndre_anom_mean,0.4507
box3x3,survey_6m,S2_all,0,3,0.12976379987187045,0.13131546185587237,s2ndre_delta90,0.3195
box3x3,survey_6m,S2_all,0,4,0.2238055885537747,0.22320165736186115,s2ndre_anom_mean,0.2783
box3x3,survey_6m,S2_all,1,0,0.15050587734740029,0.14412560049933631,s2ndre_anom_mean,0.4778
box3x3,survey_6m,S2_all,1,1,0.1267580808207196,0.14738787568662473,s2ndre_anom_mean,0.3029
box3x3,survey_6m,S2_all,1,2,0.12866620752042665,0.1303347854344485,s2ndre_delta90,0.3179
box3x3,survey_6m,S2_all,1,3,0.2011923226915042,0.19577679007506005,s2ndre_slope,0.3376
box3x3,survey_6m,S2_all,1,4,0.059118258787138854,0.03680423898604583,s2ndre_delta90,0.4119
box3x3,survey_6m,S2_all,2,0,0.13400356469084043,0.11777424471229368,s2ndre_slope,0.383
box3x3,survey_6m,S2_all,2,1,0.14827716115253248,0.15343468070919575,s2ndre_anom_mean,0.4526
box3x3,survey_6m,S2_all,2,2,0.20967156418005806,0.21010321360751616,s2ndre_anom_mean,0.2168
box3x3,survey_6m,S2_all,2,3,0.09921573970753991,0.10300092214113893,s2ndre_anom_mean,0.3706
box3x3,survey_6m,S2_all,2,4,0.1128620568020693,0.10974512038723894,s2ndre_delta90,0.3942
box3x3,survey_6m,S2_all,3,0,0.2166457395006885,0.2216679569090671,s2ndre_anom_mean,0.321
box3x3,survey_6m,S2_all,3,1,0.13608160362604557,0.12103429420163,s2ndre_anom_mean,0.2487
box3x3,survey_6m,S2_all,3,2,0.1665297540357958,0.11046596533427697,s2ndre_delta90,0.4505
box3x3,survey_6m,S2_all,3,3,0.05358034971563384,0.05425215437572441,s2ndre_anom_mean,0.3776
box3x3,survey_6m,S2_all,3,4,0.13337234776390106,0.1634916023409075,s2ndre_delta90,0.3512
box3x3,survey_6m,S2_all,4,0,0.1484492792814169,0.14462248686020432,s2ndre_anom_mean,0.4528
box3x3,survey_6m,S2_all,4,1,0.05194119159100256,0.05358122908302498,s2ndre_anom_mean,0.3494
box3x3,survey_6m,S2_all,4,2,0.1778459850444432,0.18139785438036002,s2ndre_slope,0.3981
box3x3,survey_6m,S2_all,4,3,0.0685469005611431,0.07144533853221312,s2ndre_anom_mean,0.381
box3x3,survey_6m,S2_all,4,4,0.2095357556990219,0.21280475538048924,s2ndre_delta90,0.2349
box3x3,survey_6m,S2_all,5,0,0.1260874675128692,0.11967769312851873,s2ndre_anom_mean,0.462
box3x3,survey_6m,S2_all,5,1,0.09609250897518865,0.09166101461533155,s2ndre_anom_mean,0.3324
box3x3,survey_6m,S2_all,5,2,0.10559769246671633,0.10513149610812503,s2ndre_delta90,0.3951
box3x3,survey_6m,S2_all,5,3,0.2112262779261849,0.21331745000093397,s2ndre_delta90,0.2486
box3x3,survey_6m,S2_all,5,4,0.12635807059664922,0.12524350695255485,s2ndre_delta90,0.3768
box3x3,survey_6m,S2_all,6,0,0.10257911948127411,0.10491168208110552,s2ndre_anom_mean,0.3545
box3x3,survey_6m,S2_all,6,1,0.19310746574722096,0.17803520356205937,s2ndre_anom_mean,0.2415
box3x3,survey_6m,S2_all,6,2,0.21129995017748804,0.2037453088557664,s2ndre_slope,0.3433
box3x3,survey_6m,S2_all,6,3,0.09148032879710485,0.09148832371263912,s2ndre_anom_mean,0.4216
box3x3,survey_6m,S2_all,6,4,0.07407200294220746,0.07141134446228467,s2ndre_delta90,0.3873
box3x3,survey_6m,S2_all,7,0,0.16568194030991706,0.17350106918008018,s2ndre_slope,0.2877
box3x3,survey_6m,S2_all,7,1,0.08097326267974533,0.0855228319524019,s2ndre_anom_mean,0.3626
box3x3,survey_6m,S2_all,7,2,0.11101284572435888,0.10929095767590652,s2ndre_anom_mean,0.3426
box3x3,survey_6m,S2_all,7,3,0.13109926079870615,0.1317207619846185,s2ndre_anom_mean,0.4367
box3x3,survey_6m,S2_all,7,4,0.19962731191036046,0.20150409901040667,s2ndre_delta90,0.3027
box3x3,survey_6m,S2_all,8,0,0.12593315968157182,0.11945573879787186,s2ndre_anom_mean,0.4619
box3x3,survey_6m,S2_all,8,1,0.10700765125492037,0.0982842373832745,s2ndre_anom_mean,0.3065
box3x3,survey_6m,S2_all,8,2,0.114995366710663,0.11106609642462442,s2ndre_delta90,0.3922
box3x3,survey_6m,S2_all,8,3,0.12451812338909977,0.12329414665301952,s2ndre_delta90,0.3789
box3x3,survey_6m,S2_all,8,4,0.1984745466490733,0.20146967225904053,s2ndre_delta90,0.3056
box3x3,survey_6m,S2_all,9,0,0.14793087885595813,0.14067341495182162,s2ndre_anom_mean,0.4816
box3x3,survey_6m,S2_all,9,1,0.12612986858978154,0.12503659997773364,s2ndre_anom_mean,0.2927
box3x3,survey_6m,S2_all,9,2,0.06622076747501654,0.04121799843399502,s2ndre_delta90,0.3615
box3x3,survey_6m,S2_all,9,3,0.20852848860913983,0.20377141008229094,s2ndre_delta90,0.3235
box3x3,survey_6m,S2_all,9,4,0.12473199463772341,0.11879445223325279,s2ndre_slope,0.3944
box3x3,matched_12m,S1_all,0,0,0.09839614091757726,0.11113283817323223,s1desc_VH_mean,0.3153
box3x3,matched_12m,S1_all,0,1,0.08633708006601806,0.09737866541900758,s1desc_VH_anom_mean,0.345
box3x3,matched_12m,S1_all,0,2,0.12700907153864255,0.12420369513394419,s1asc_VH_VV_dB_mean,0.2986
box3x3,matched_12m,S1_all,0,3,0.12976379987187045,0.136378058529328,s1desc_VV_anom_mean,0.3304
box3x3,matched_12m,S1_all,0,4,0.2238055885537747,0.2305730184893519,s1desc_VH_mean,0.4035
box3x3,matched_12m,S1_all,1,0,0.15050587734740029,0.16936799545936626,s1desc_VH_mean,0.2997
box3x3,matched_12m,S1_all,1,1,0.1267580808207196,0.20188957131498944,s1desc_VH_mean,0.3781
box3x3,matched_12m,S1_all,1,2,0.12866620752042665,0.13498028705361464,s1desc_VV_anom_mean,0.3376
box3x3,matched_12m,S1_all,1,3,0.2011923226915042,0.17567941867818482,s1desc_VV_delta90,0.3765
box3x3,matched_12m,S1_all,1,4,0.059118258787138854,0.04327998917546435,s1desc_VH_mean,0.3439
box3x3,matched_12m,S1_all,2,0,0.13400356469084043,0.13720785545670297,s1desc_VV_mean,0.3276
box3x3,matched_12m,S1_all,2,1,0.14827716115253248,0.13431274537206783,s1asc_VH_VV_dB_mean,0.3499
box3x3,matched_12m,S1_all,2,2,0.20967156418005806,0.17321125908142068,s1desc_VV_delta90,0.3242
box3x3,matched_12m,S1_all,2,3,0.09921573970753991,0.1472040488914817,s1desc_VH_mean,0.3558
box3x3,matched_12m,S1_all,2,4,0.1128620568020693,0.12250189726112375,s1desc_VH_mean,0.3769
box3x3,matched_12m,S1_all,3,0,0.2166457395006885,0.1783339416624372,s1desc_VV_delta90,0.3452
box3x3,matched_12m,S1_all,3,1,0.13608160362604557,0.14564904192119044,s1desc_VH_mean,0.299
box3x3,matched_12m,S1_all,3,2,0.1665297540357958,0.1548842772308137,s1desc_VH_mean,0.3446
box3x3,matched_12m,S1_all,3,3,0.05358034971563384,0.05298752158095332,s1asc_VH_VV_dB_mean,0.3336
box3x3,matched_12m,S1_all,3,4,0.13337234776390106,0.1672224084883541,s1desc_VH_anom_mean,0.4249
box3x3,matched_12m,S1_all,4,0,0.1484492792814169,0.17379999459694273,s1desc_VH_anom_mean,0.3204
box3x3,matched_12m,S1_all,4,1,0.05194119159100256,0.052662545279369144,s1desc_VH_mean,0.3305
box3x3,matched_12m,S1_all,4,2,0.1778459850444432,0.1613104334283888,s1desc_VH_mean,0.2986
box3x3,matched_12m,S1_all,4,3,0.0685469005611431,0.06800610321039799,s1desc_VH_mean,0.3139
box3x3,matched_12m,S1_all,4,4,0.2095357556990219,0.1710892672022331,s1desc_VV_delta90,0.388
box3x3,matched_12m,S1_all,5,0,0.1260874675128692,0.12057965983542132,s1asc_VH_VV_dB_mean,0.3124
box3x3,matched_12m,S1_all,5,1,0.09609250897518865,0.11303030618692786,s1desc_VH_mean,0.3463
box3x3,matched_12m,S1_all,5,2,0.10559769246671633,0.11487421599697953,s1desc_VH_anom_mean,0.3055
box3x3,matched_12m,S1_all,5,3,0.2112262779261849,0.22395152334224958,s1desc_VH_mean,0.3965
box3x3,matched_12m,S1_all,5,4,0.12635807059664922,0.13350371062291239,s1desc_VH_mean,0.323
box3x3,matched_12m,S1_all,6,0,0.10257911948127411,0.1128868919656488,s1desc_VH_mean,0.3033
box3x3,matched_12m,S1_all,6,1,0.19310746574722096,0.16981739727370745,s1desc_VH_mean,0.3054
box3x3,matched_12m,S1_all,6,2,0.21129995017748804,0.18308138994505035,s1desc_VV_delta90,0.3624
box3x3,matched_12m,S1_all,6,3,0.09148032879710485,0.08286886455203758,s1asc_VH_VV_dB_anom_mean,0.393
box3x3,matched_12m,S1_all,6,4,0.07407200294220746,0.07707352829679608,s1desc_VH_anom_mean,0.384
box3x3,matched_12m,S1_all,7,0,0.16568194030991706,0.15841086648743224,s1desc_VH_mean,0.3012
box3x3,matched_12m,S1_all,7,1,0.08097326267974533,0.0890714726137647,s1desc_VH_mean,0.3426
box3x3,matched_12m,S1_all,7,2,0.11101284572435888,0.11402518464426722,s1desc_VH_mean,0.3429
box3x3,matched_12m,S1_all,7,3,0.13109926079870615,0.1267903105231293,s1asc_VH_VV_dB_mean,0.2904
box3x3,matched_12m,S1_all,7,4,0.19962731191036046,0.22250484273347387,s1desc_VH_mean,0.4026
box3x3,matched_12m,S1_all,8,0,0.12593315968157182,0.12003736202995915,s1asc_VH_VV_dB_mean,0.314
box3x3,matched_12m,S1_all,8,1,0.10700765125492037,0.10860327115429375,s1desc_VH_mean,0.3314
box3x3,matched_12m,S1_all,8,2,0.114995366710663,0.1194545196741607,s1desc_VH_mean,0.3015
box3x3,matched_12m,S1_all,8,3,0.12451812338909977,0.13038905666882916,s1desc_VH_mean,0.3266
box3x3,matched_12m,S1_all,8,4,0.1984745466490733,0.22346748809147346,s1desc_VH_mean,0.4025
box3x3,matched_12m,S1_all,9,0,0.14793087885595813,0.17112192568114276,s1desc_VH_mean,0.2988
box3x3,matched_12m,S1_all,9,1,0.12612986858978154,0.1470695772512129,s1desc_VH_mean,0.3713
box3x3,matched_12m,S1_all,9,2,0.06622076747501654,0.05167398908840315,s1desc_VH_anom_mean,0.3395
box3x3,matched_12m,S1_all,9,3,0.20852848860913983,0.17984843923694943,s1desc_VV_delta90,0.3668
box3x3,matched_12m,S1_all,9,4,0.12473199463772341,0.13009660273236226,s1desc_VH_mean,0.3371
box3x3,matched_12m,S1_desc,0,0,0.09839614091757726,0.11113283817323223,s1desc_VH_mean,0.3153
box3x3,matched_12m,S1_desc,0,1,0.08633708006601806,0.09737866541900758,s1desc_VH_anom_mean,0.345
box3x3,matched_12m,S1_desc,0,2,0.12700907153864255,0.1331040004063906,s1desc_VV_mean,0.2632
box3x3,matched_12m,S1_desc,0,3,0.12976379987187045,0.136378058529328,s1desc_VV_anom_mean,0.3304
box3x3,matched_12m,S1_desc,0,4,0.2238055885537747,0.2305730184893519,s1desc_VH_mean,0.4035
box3x3,matched_12m,S1_desc,1,0,0.15050587734740029,0.16936799545936626,s1desc_VH_mean,0.2997
box3x3,matched_12m,S1_desc,1,1,0.1267580808207196,0.20188957131498944,s1desc_VH_mean,0.3781
box3x3,matched_12m,S1_desc,1,2,0.12866620752042665,0.13498028705361464,s1desc_VV_anom_mean,0.3376
box3x3,matched_12m,S1_desc,1,3,0.2011923226915042,0.17567941867818482,s1desc_VV_delta90,0.3765
box3x3,matched_12m,S1_desc,1,4,0.059118258787138854,0.04327998917546435,s1desc_VH_mean,0.3439
box3x3,matched_12m,S1_desc,2,0,0.13400356469084043,0.13720785545670297,s1desc_VV_mean,0.3276
box3x3,matched_12m,S1_desc,2,1,0.14827716115253248,0.13775814369091716,s1desc_VV_anom_mean,0.3484
box3x3,matched_12m,S1_desc,2,2,0.20967156418005806,0.17321125908142068,s1desc_VV_delta90,0.3242
box3x3,matched_12m,S1_desc,2,3,0.09921573970753991,0.1472040488914817,s1desc_VH_mean,0.3558
box3x3,matched_12m,S1_desc,2,4,0.1128620568020693,0.12250189726112375,s1desc_VH_mean,0.3769
box3x3,matched_12m,S1_desc,3,0,0.2166457395006885,0.1783339416624372,s1desc_VV_delta90,0.3452
box3x3,matched_12m,S1_desc,3,1,0.13608160362604557,0.14564904192119044,s1desc_VH_mean,0.299
box3x3,matched_12m,S1_desc,3,2,0.1665297540357958,0.1548842772308137,s1desc_VH_mean,0.3446
box3x3,matched_12m,S1_desc,3,3,0.05358034971563384,0.06838742391871576,s1desc_VV_mean,0.2892
box3x3,matched_12m,S1_desc,3,4,0.13337234776390106,0.1672224084883541,s1desc_VH_anom_mean,0.4249
box3x3,matched_12m,S1_desc,4,0,0.1484492792814169,0.17379999459694273,s1desc_VH_anom_mean,0.3204
box3x3,matched_12m,S1_desc,4,1,0.05194119159100256,0.052662545279369144,s1desc_VH_mean,0.3305
box3x3,matched_12m,S1_desc,4,2,0.1778459850444432,0.1613104334283888,s1desc_VH_mean,0.2986
box3x3,matched_12m,S1_desc,4,3,0.0685469005611431,0.06800610321039799,s1desc_VH_mean,0.3139
box3x3,matched_12m,S1_desc,4,4,0.2095357556990219,0.1710892672022331,s1desc_VV_delta90,0.388
box3x3,matched_12m,S1_desc,5,0,0.1260874675128692,0.1327147590106595,s1desc_VH_mean,0.2945
box3x3,matched_12m,S1_desc,5,1,0.09609250897518865,0.11303030618692786,s1desc_VH_mean,0.3463
box3x3,matched_12m,S1_desc,5,2,0.10559769246671633,0.11487421599697953,s1desc_VH_anom_mean,0.3055
box3x3,matched_12m,S1_desc,5,3,0.2112262779261849,0.22395152334224958,s1desc_VH_mean,0.3965
box3x3,matched_12m,S1_desc,5,4,0.12635807059664922,0.13350371062291239,s1desc_VH_mean,0.323
box3x3,matched_12m,S1_desc,6,0,0.10257911948127411,0.1128868919656488,s1desc_VH_mean,0.3033
box3x3,matched_12m,S1_desc,6,1,0.19310746574722096,0.16981739727370745,s1desc_VH_mean,0.3054
box3x3,matched_12m,S1_desc,6,2,0.21129995017748804,0.18308138994505035,s1desc_VV_delta90,0.3624
box3x3,matched_12m,S1_desc,6,3,0.09148032879710485,0.1024497326719484,s1desc_VV_mean,0.3786
box3x3,matched_12m,S1_desc,6,4,0.07407200294220746,0.07707352829679608,s1desc_VH_anom_mean,0.384
box3x3,matched_12m,S1_desc,7,0,0.16568194030991706,0.15841086648743224,s1desc_VH_mean,0.3012
box3x3,matched_12m,S1_desc,7,1,0.08097326267974533,0.0890714726137647,s1desc_VH_mean,0.3426
box3x3,matched_12m,S1_desc,7,2,0.11101284572435888,0.11402518464426722,s1desc_VH_mean,0.3429
box3x3,matched_12m,S1_desc,7,3,0.13109926079870615,0.13580518491123184,s1desc_VH_mean,0.2596
box3x3,matched_12m,S1_desc,7,4,0.19962731191036046,0.22250484273347387,s1desc_VH_mean,0.4026
box3x3,matched_12m,S1_desc,8,0,0.12593315968157182,0.13204312592742107,s1desc_VH_mean,0.2983
box3x3,matched_12m,S1_desc,8,1,0.10700765125492037,0.10860327115429375,s1desc_VH_mean,0.3314
box3x3,matched_12m,S1_desc,8,2,0.114995366710663,0.1194545196741607,s1desc_VH_mean,0.3015
box3x3,matched_12m,S1_desc,8,3,0.12451812338909977,0.13038905666882916,s1desc_VH_mean,0.3266
box3x3,matched_12m,S1_desc,8,4,0.1984745466490733,0.22346748809147346,s1desc_VH_mean,0.4025
box3x3,matched_12m,S1_desc,9,0,0.14793087885595813,0.17112192568114276,s1desc_VH_mean,0.2988
box3x3,matched_12m,S1_desc,9,1,0.12612986858978154,0.1470695772512129,s1desc_VH_mean,0.3713
box3x3,matched_12m,S1_desc,9,2,0.06622076747501654,0.05167398908840315,s1desc_VH_anom_mean,0.3395
box3x3,matched_12m,S1_desc,9,3,0.20852848860913983,0.17984843923694943,s1desc_VV_delta90,0.3668
box3x3,matched_12m,S1_desc,9,4,0.12473199463772341,0.13009660273236226,s1desc_VH_mean,0.3371
box3x3,matched_12m,S1_asc,0,0,0.09839614091757726,0.10643127505951894,s1asc_VH_VV_dB_mean,0.2593
box3x3,matched_12m,S1_asc,0,1,0.08633708006601806,0.08669501286638026,s1asc_VH_VV_dB_mean,0.2348
box3x3,matched_12m,S1_asc,0,2,0.12700907153864255,0.12420369513394419,s1asc_VH_VV_dB_mean,0.2986
box3x3,matched_12m,S1_asc,0,3,0.12976379987187045,0.1328274176158606,s1asc_VH_anom_mean,0.2887
box3x3,matched_12m,S1_asc,0,4,0.2238055885537747,0.2253120791608302,s1asc_VH_VV_dB_mean,0.2427
box3x3,matched_12m,S1_asc,1,0,0.15050587734740029,0.14794030182177625,s1asc_VH_VV_dB_mean,0.2928
box3x3,matched_12m,S1_asc,1,1,0.1267580808207196,0.17547324939186223,s1asc_VH_VV_dB_anom_mean,0.2792
box3x3,matched_12m,S1_asc,1,2,0.12866620752042665,0.13111705529543355,s1asc_VH_anom_mean,0.2896
box3x3,matched_12m,S1_asc,1,3,0.2011923226915042,0.19739827558562575,s1asc_VV_slope,0.2021
box3x3,matched_12m,S1_asc,1,4,0.059118258787138854,0.045033414517335044,s1asc_VH_VV_dB_anom_mean,0.2908
box3x3,matched_12m,S1_asc,2,0,0.13400356469084043,0.13827709155894516,s1asc_VH_VV_dB_mean,0.2714
box3x3,matched_12m,S1_asc,2,1,0.14827716115253248,0.13431274537206783,s1asc_VH_VV_dB_mean,0.3499
box3x3,matched_12m,S1_asc,2,2,0.20967156418005806,0.2167682204375131,s1asc_VH_VV_dB_anom_mean,0.1535
box3x3,matched_12m,S1_asc,2,3,0.09921573970753991,0.12674052305009928,s1asc_VH_VV_dB_anom_mean,0.2836
box3x3,matched_12m,S1_asc,2,4,0.1128620568020693,0.11504784092266221,s1asc_VH_VV_dB_anom_mean,0.2658
box3x3,matched_12m,S1_asc,3,0,0.2166457395006885,0.2231998441568524,s1asc_VH_VV_dB_anom_mean,0.1776
box3x3,matched_12m,S1_asc,3,1,0.13608160362604557,0.14017189905261823,s1asc_VH_VV_dB_mean,0.2321
box3x3,matched_12m,S1_asc,3,2,0.1665297540357958,0.11836270437803738,s1asc_VH_VV_dB_delta90,0.2608
box3x3,matched_12m,S1_asc,3,3,0.05358034971563384,0.05298752158095332,s1asc_VH_VV_dB_mean,0.3336
box3x3,matched_12m,S1_asc,3,4,0.13337234776390106,0.14943591872480336,s1asc_VH_VV_dB_anom_mean,0.3277
box3x3,matched_12m,S1_asc,4,0,0.1484492792814169,0.14995804745974617,s1asc_VH_VV_dB_anom_mean,0.2661
box3x3,matched_12m,S1_asc,4,1,0.05194119159100256,0.046101854839245934,s1asc_VH_VV_dB_mean,0.3028
box3x3,matched_12m,S1_asc,4,2,0.1778459850444432,0.16900304111629205,s1asc_VH_anom_mean,0.2689
box3x3,matched_12m,S1_asc,4,3,0.0685469005611431,0.06443652591816326,s1asc_VH_VV_dB_anom_mean,0.2897
box3x3,matched_12m,S1_asc,4,4,0.2095357556990219,0.2214527250181517,s1asc_VH_mean,0.2131
box3x3,matched_12m,S1_asc,5,0,0.1260874675128692,0.12057965983542132,s1asc_VH_VV_dB_mean,0.3124
box3x3,matched_12m,S1_asc,5,1,0.09609250897518865,0.09633870306655354,s1asc_VH_VV_dB_anom_mean,0.2523
box3x3,matched_12m,S1_asc,5,2,0.10559769246671633,0.11384296354448828,s1asc_VH_VV_dB_anom_mean,0.2326
box3x3,matched_12m,S1_asc,5,3,0.2112262779261849,0.21724626937613367,s1asc_VH_VV_dB_mean,0.2469
box3x3,matched_12m,S1_asc,5,4,0.12635807059664922,0.12858955418601298,s1asc_VH_VV_dB_mean,0.2645
box3x3,matched_12m,S1_asc,6,0,0.10257911948127411,0.10867380749578963,s1asc_VH_VV_dB_mean,0.2495
box3x3,matched_12m,S1_asc,6,1,0.19310746574722096,0.18364341337588874,s1asc_VH_anom_mean,0.2351
box3x3,matched_12m,S1_asc,6,2,0.21129995017748804,0.20127437146110708,s1asc_VV_slope,0.2335
box3x3,matched_12m,S1_asc,6,3,0.09148032879710485,0.08286886455203758,s1asc_VH_VV_dB_anom_mean,0.393
box3x3,matched_12m,S1_asc,6,4,0.07407200294220746,0.07380829648883037,s1asc_VH_VV_dB_mean,0.3216
box3x3,matched_12m,S1_asc,7,0,0.16568194030991706,0.16668360907026575,s1asc_VH_anom_mean,0.2437
box3x3,matched_12m,S1_asc,7,1,0.08097326267974533,0.08145086455432007,s1asc_VH_VV_dB_anom_mean,0.2588
box3x3,matched_12m,S1_asc,7,2,0.11101284572435888,0.10539358464557948,s1asc_VH_anom_mean,0.2717
box3x3,matched_12m,S1_asc,7,3,0.13109926079870615,0.1267903105231293,s1asc_VH_VV_dB_mean,0.2904
box3x3,matched_12m,S1_asc,7,4,0.19962731191036046,0.20969285831240636,s1asc_VH_VV_dB_mean,0.2663
box3x3,matched_12m,S1_asc,8,0,0.12593315968157182,0.12003736202995915,s1asc_VH_VV_dB_mean,0.314
box3x3,matched_12m,S1_asc,8,1,0.10700765125492037,0.10020897768225849,s1asc_VH_anom_mean,0.2544
box3x3,matched_12m,S1_asc,8,2,0.114995366710663,0.12100394539128159,s1asc_VH_VV_dB_mean,0.2255
box3x3,matched_12m,S1_asc,8,3,0.12451812338909977,0.1268274552820807,s1asc_VH_VV_dB_mean,0.2651
box3x3,matched_12m,S1_asc,8,4,0.1984745466490733,0.20814403336518716,s1asc_VH_VV_dB_anom_mean,0.2705
box3x3,matched_12m,S1_asc,9,0,0.14793087885595813,0.14534635407896576,s1asc_VH_VV_dB_mean,0.2982
box3x3,matched_12m,S1_asc,9,1,0.12612986858978154,0.12678306971263975,s1asc_VH_VV_dB_anom_mean,0.2751
box3x3,matched_12m,S1_asc,9,2,0.06622076747501654,0.05674829497550667,s1asc_VH_VV_dB_anom_mean,0.2988
box3x3,matched_12m,S1_asc,9,3,0.20852848860913983,0.2031596589646812,s1asc_VV_slope,0.2116
box3x3,matched_12m,S1_asc,9,4,0.12473199463772341,0.12608973745543728,s1asc_VH_VV_dB_mean,0.2839
box3x3,matched_12m,S2_all,0,0,0.09839614091757726,0.09817849108365514,s2ndre_anom_mean,0.4166
box3x3,matched_12m,S2_all,0,1,0.08633708006601806,0.0782244544643951,s2ndre_std,0.3738
box3x3,matched_12m,S2_all,0,2,0.12700907153864255,0.12200025981909497,s2ndre_anom_mean,0.5407
box3x3,matched_12m,S2_all,0,3,0.12976379987187045,0.12719294068310255,s2ndre_std,0.367
box3x3,matched_12m,S2_all,0,4,0.2238055885537747,0.22745485441860988,s2ndre_anom_mean,0.3397
box3x3,matched_12m,S2_all,1,0,0.15050587734740029,0.14837095175805737,s2ndre_anom_mean,0.509
box3x3,matched_12m,S2_all,1,1,0.1267580808207196,0.12838056311429585,s2ndre_anom_mean,0.3751
box3x3,matched_12m,S2_all,1,2,0.12866620752042665,0.12636656078853048,s2ndre_std,0.3678
box3x3,matched_12m,S2_all,1,3,0.2011923226915042,0.20075915166971592,s2ndre_anom_mean,0.338
box3x3,matched_12m,S2_all,1,4,0.059118258787138854,0.058231686287469116,s2ndre_anom_mean,0.4197
box3x3,matched_12m,S2_all,2,0,0.13400356469084043,0.13559226077014136,s2ndre_std,0.3593
box3x3,matched_12m,S2_all,2,1,0.14827716115253248,0.15632768650383905,s2ndre_anom_mean,0.5477
box3x3,matched_12m,S2_all,2,2,0.20967156418005806,0.2089570177900235,s2ndre_anom_mean,0.2696
box3x3,matched_12m,S2_all,2,3,0.09921573970753991,0.10429042592448795,s2ndre_anom_mean,0.4358
box3x3,matched_12m,S2_all,2,4,0.1128620568020693,0.10071995562736656,s2ndre_std,0.4733
box3x3,matched_12m,S2_all,3,0,0.2166457395006885,0.21735971486133124,s2ndre_anom_mean,0.3578
box3x3,matched_12m,S2_all,3,1,0.13608160362604557,0.12821387413500748,s2ndre_anom_mean,0.3334
box3x3,matched_12m,S2_all,3,2,0.1665297540357958,0.12067146702647902,s2ndre_std,0.4623
box3x3,matched_12m,S2_all,3,3,0.05358034971563384,0.05376331302766428,s2ndre_anom_mean,0.4628
box3x3,matched_12m,S2_all,3,4,0.13337234776390106,0.13567781637226725,s2ndre_anom_mean,0.4162
box3x3,matched_12m,S2_all,4,0,0.1484492792814169,0.14663809675129272,s2ndre_anom_mean,0.4847
box3x3,matched_12m,S2_all,4,1,0.05194119159100256,0.05252746705167711,s2ndre_anom_mean,0.4228
box3x3,matched_12m,S2_all,4,2,0.1778459850444432,0.18348472643708655,s2ndre_std,0.3625
box3x3,matched_12m,S2_all,4,3,0.0685469005611431,0.06395874995166775,s2ndre_anom_mean,0.4671
box3x3,matched_12m,S2_all,4,4,0.2095357556990219,0.20788136335824509,s2ndre_anom_mean,0.2623
box3x3,matched_12m,S2_all,5,0,0.1260874675128692,0.11753421293860361,s2ndre_anom_mean,0.5151
box3x3,matched_12m,S2_all,5,1,0.09609250897518865,0.08507680594474157,s2ndre_anom_mean,0.3771
box3x3,matched_12m,S2_all,5,2,0.10559769246671633,0.10446902942830022,s2ndre_anom_mean,0.4385
box3x3,matched_12m,S2_all,5,3,0.2112262779261849,0.20986350877982152,s2ndre_anom_mean,0.2876
box3x3,matched_12m,S2_all,5,4,0.12635807059664922,0.12424494104272225,s2ndre_std,0.3848
box3x3,matched_12m,S2_all,6,0,0.10257911948127411,0.10128916030552478,s2ndre_anom_mean,0.422
box3x3,matched_12m,S2_all,6,1,0.19310746574722096,0.20527463866300155,s2ndvi_anom_mean,0.3179
box3x3,matched_12m,S2_all,6,2,0.21129995017748804,0.2109377711627199,s2ndre_anom_mean,0.3349
box3x3,matched_12m,S2_all,6,3,0.09148032879710485,0.09201629556502405,s2ndre_anom_mean,0.5112
box3x3,matched_12m,S2_all,6,4,0.07407200294220746,0.0683357512922547,s2ndre_std,0.4861
box3x3,matched_12m,S2_all,7,0,0.16568194030991706,0.17235682271545805,s2ndvi_anom_mean,0.3312
box3x3,matched_12m,S2_all,7,1,0.08097326267974533,0.07287457676242752,s2ndre_delta90,0.4386
box3x3,matched_12m,S2_all,7,2,0.11101284572435888,0.11080093735509158,s2ndre_anom_mean,0.4087
box3x3,matched_12m,S2_all,7,3,0.13109926079870615,0.1249775909417009,s2ndre_anom_mean,0.5211
box3x3,matched_12m,S2_all,7,4,0.19962731191036046,0.1979731895108363,s2ndre_anom_mean,0.3259
box3x3,matched_12m,S2_all,8,0,0.12593315968157182,0.1174856256781665,s2ndre_anom_mean,0.5141
box3x3,matched_12m,S2_all,8,1,0.10700765125492037,0.09459792705502836,s2ndre_delta90,0.3907
box3x3,matched_12m,S2_all,8,2,0.114995366710663,0.10708797335824008,s2ndre_anom_mean,0.4422
box3x3,matched_12m,S2_all,8,3,0.12451812338909977,0.12257058155796127,s2ndre_std,0.3858
box3x3,matched_12m,S2_all,8,4,0.1984745466490733,0.19701005912320899,s2ndre_anom_mean,0.3254
box3x3,matched_12m,S2_all,9,0,0.14793087885595813,0.14553496881224337,s2ndre_anom_mean,0.5099
box3x3,matched_12m,S2_all,9,1,0.12612986858978154,0.12330156927245794,s2ndre_anom_mean,0.3647
box3x3,matched_12m,S2_all,9,2,0.06622076747501654,0.06485404192840638,s2ndre_anom_mean,0.4042
box3x3,matched_12m,S2_all,9,3,0.20852848860913983,0.2079111953064185,s2ndre_anom_mean,0.3438
box3x3,matched_12m,S2_all,9,4,0.12473199463772341,0.12118216657445732,s2ndre_std,0.4063
