id,Class,y,HH,HV,VH,VV,RVI_classic,RVI_xavg,RVI_hh,RVI_vv,RFDI,B4,B8,NDVI,clear_count,RVI_qp,span,NDRE5,NDRE6,NDRE7,EVI,NDMI,Long,Lat
1,Healthy,0,0.1406603306531906,0.019980422531565,0.0163597729470994,0.0768728256225586,0.6207654524819609,0.5725720360570712,0.4975181486751417,0.7018906776421694,0.7512409256624291,343.0,3848.0,0.8363159150560725,27,0.5638645925488041,0.2223310735490586,0.6598716496791242,0.1840581661505318,0.0389886578449905,2.6397047748154843,0.3262103505843072,102.434761,2.946644
2,Healthy,0,0.1742142322990629,0.0201478073787358,0.0175119905939532,0.105589150554604,0.5035394057237677,0.4745091745714969,0.4146449051910667,0.5690277256754236,0.7926775474044665,447.0,4138.0,0.8050163576881134,27,0.4993194963967174,0.2696894136153989,0.6384806260736782,0.1726775956284153,0.043901252584215,2.737318303174132,0.3071023674558186,102.434488,2.946161
3,Healthy,0,0.1283459125293625,0.0234970736006895,0.0172661488047904,0.1024333251019318,0.6767264218591366,0.6004692216452551,0.61898344334626,0.5769832812546973,0.6905082783268699,340.0,3788.0,0.8352713178294574,27,0.5707955676461893,0.228998326179054,0.6598716496791242,0.1840581661505318,0.0389886578449905,2.6716256004958936,0.3262103505843072,102.434845,2.946645
4,Healthy,0,0.1506121042701933,0.0196708114817738,0.0209134970274236,0.0707578369312816,0.6036038039132864,0.6197159779468766,0.4620736353945493,0.9125424982620812,0.7689631823027254,377.0,3884.0,0.8230462332785731,27,0.4892173562737678,0.2433036621659993,0.6487420779719608,0.1834849738075544,0.0399127854157834,2.689829728485964,0.3240717352866885,102.434685,2.946089
5,Healthy,0,0.1269277756412824,0.0181603748351335,0.0163026850463615,0.0986609988742404,0.554706817679563,0.5300952398417723,0.5006714821438287,0.5672290410464135,0.7496642589280856,302.0,3597.0,0.8450884842267248,27,0.5055469091839648,0.2238134646581278,0.6621841890790546,0.1765214883184309,0.0444245295096658,2.887817703768624,0.3350226244343891,102.43492,2.946778
6,Unhealthy,1,0.0991148228446642,0.0116732530295848,0.01632521322204,0.0855916585359308,0.448856925275901,0.5265221437168618,0.4214624340198716,0.6407266212333768,0.7892687829900642,442.0,4015.0,0.8016603096253085,26,0.4549485249883936,0.1744257257216506,0.6459205507489069,0.186029362472347,0.0519681293851825,2.539084707220012,0.3175944333996023,102.434262,2.945335
7,Healthy,0,0.0934903480940395,0.0161529658362269,0.0112900688416428,0.0642735597987969,0.679874971144099,0.5926999127992801,0.5892914125707748,0.5976456686782586,0.7053542937146126,334.0,4111.0,0.8497187851518561,27,0.3981407735438234,0.154028600288762,0.6442613742744804,0.1746923488496522,0.0411381149970361,2.864836165048544,0.3120376597175521,102.434684,2.946372
8,Healthy,0,0.1000711073478062,0.0176921467193298,0.0157445885447992,0.0875636744830343,0.6346415596226576,0.6049939983858709,0.6009394648433757,0.6096158461422302,0.6995302675783122,338.0,3997.0,0.8440599769319492,27,0.6477665082772678,0.1999075965334971,0.686408504176158,0.1940860215053763,0.0476415094339622,2.813749615502922,0.3552039966694421,102.434882,2.946433
9,Healthy,0,0.1082994590202967,0.0230558289008008,0.0181736673952804,0.0880506961709923,0.7607244577182746,0.6941587133066902,0.7020906205055095,0.6843502482909004,0.6489546897472454,308.0,3796.0,0.8499025341130604,27,0.6657430069885183,0.210244596004486,0.6803230254087059,0.1900676571109716,0.0428457918220157,2.7442958300550746,0.3229266591087468,102.434916,2.946644
10,Healthy,0,0.1219312954280111,0.0108247125107381,0.0160293631876508,0.0995462379521793,0.3561830438516734,0.4325518736503897,0.3261536009950643,0.5547663357859602,0.8369231995024677,344.5,4326.0,0.8524783213788674,26,0.3941766617830343,0.19912622599966,0.6459205507489069,0.186029362472347,0.0519681293851825,2.79090144399271,0.3175944333996023,102.434297,2.945276
11,Healthy,0,0.1158643911282221,0.0225885433869229,0.0223760350296894,0.134341009789043,0.6117774567744672,0.6093380975678593,0.6525984722830702,0.5711193713631024,0.6737007638584648,292.0,3926.0,0.8615457562825984,27,0.6722487096589378,0.2539071993281444,0.6783881391370462,0.1814289537061814,0.0360201806875513,2.8896310432569976,0.3550236008091706,102.432546,2.94744
12,Healthy,0,0.0948111505972014,0.0175528235526548,0.0151912189192242,0.0885001470645268,0.6429106888708304,0.6062158417677673,0.624855917938437,0.5860167343770838,0.6875720410307816,302.0,3970.0,0.8586142322097379,29,0.4220056225624331,0.1700002435180875,0.6762054096432771,0.1854726919878015,0.0443277567468555,2.710611882944133,0.3423564115911851,102.43419,2.948137
13,Healthy,0,0.0935863811108801,0.0138920466932985,0.0159818544569942,0.1081313151452276,0.4842505747750746,0.5159755618917301,0.5170171159782595,0.5150736060714738,0.7414914420108704,548.5,4154.0,0.7667198298777246,26,0.29211861930834,0.2040703946517573,0.6037207622143954,0.1664477141355754,0.0522635695662479,2.4437440694049077,0.3018405877241488,102.434377,2.945399
14,Healthy,0,0.0943329922027058,0.0228205317010482,0.0212307911780145,0.1014490375916163,0.7562004578404347,0.7346988629901473,0.7791667186996823,0.6922341314278113,0.6104166406501589,332.5,3826.5,0.8401057946621784,26,0.5930141963530121,0.2070664306067758,0.6803230254087059,0.1900676571109716,0.0428457918220157,2.6722753346080306,0.3229266591087468,102.434997,2.946646
15,Healthy,0,0.1790352687239647,0.0294668655842542,0.0215532363702853,0.117377998928229,0.6633935996543443,0.587394377371295,0.5653057832145683,0.6205440072270281,0.7173471083927158,279.0,4086.0,0.8721649484536083,26,0.6193774307646579,0.2627725584639443,0.71068439192516,0.2039642386859796,0.0434887073522345,2.8669327509601628,0.3475667732734031,102.439706,2.946712
16,Healthy,0,0.1777833220031526,0.018506019272738,0.0179704362526536,0.0836133427090115,0.4961254566830853,0.4898254061501272,0.3771171506806827,0.7076104644398057,0.8114414246596585,376.0,4077.0,0.8311250842128902,27,0.5434379343773122,0.2467896712736951,0.6487420779719608,0.1834849738075544,0.0399127854157834,2.806764750492947,0.3240717352866885,102.434605,2.946106
17,Healthy,0,0.1076854740579923,0.0208439630352788,0.0167685280450516,0.0695480518043041,0.7616965026039352,0.700268808620726,0.6486907126233745,0.7770710134399175,0.6756546436883129,340.0,3788.0,0.8352713178294574,27,0.6209087179196274,0.1980865514940686,0.6598716496791242,0.1840581661505318,0.0389886578449905,2.6716256004958936,0.3262103505843072,102.434881,2.946576
18,Healthy,0,0.0741428339646922,0.0096686703359915,0.0098622818477451,0.0759651172492239,0.4564857590733026,0.460530026840691,0.4614483616141286,0.4596332617094714,0.7692758191929355,338.0,3752.0,0.8347188264058679,27,0.3704992166506358,0.1330710608098241,0.631096991216595,0.1742230593300148,0.0395426393520724,2.8897917724733366,0.3203022339027595,102.434103,2.945059
19,Healthy,0,0.1888386143578423,0.0216564930354555,0.0188216582561532,0.1023333486583497,0.5179663382657245,0.4882030736047495,0.4115343734805504,0.6214075253013798,0.7942328132597247,326.0,3572.0,0.8327347357619292,27,0.4505678153635975,0.2580327958696418,0.6497152955036324,0.1835469784476686,0.0465869456900847,2.7729369554074834,0.3219213973799126,102.434842,2.946775
20,Healthy,0,0.084609068930149,0.0209395486033625,0.0183487427938315,0.0720745614833301,0.843644680119991,0.8019167446885601,0.7935508429265492,0.8116820300036692,0.6032245785367254,281.0,3789.0,0.8619164619164619,26,0.7753371021110714,0.2060713490678204,0.6803230254087059,0.1900676571109716,0.0428457918220157,2.816765697767785,0.3229266591087468,102.43492,2.946505
21,Unhealthy,1,0.1056210820873578,0.0243138335645198,0.0204536749256981,0.111671358346939,0.7314628077526262,0.6833170604503629,0.7484926878210801,0.6192217907258313,0.62575365608946,319.0,3743.0,0.8429345150172329,27,0.5061849171597548,0.2210395582434204,0.6621841890790546,0.1765214883184309,0.0444245295096658,2.8083989501312336,0.3350226244343891,102.435028,2.946711
22,Healthy,0,0.1287863055864969,0.0193766895681619,0.0133483234999908,0.0772685731450716,0.6332037893466252,0.5482038344434983,0.5231181928506694,0.5892200679648031,0.7384409035746653,302.0,4077.0,0.8620689655172413,27,0.5128537428583236,0.2125266815225283,0.6673724735322425,0.1880400493759429,0.042358604091456,2.917310664605873,0.3344733242134063,102.434766,2.946229
23,Healthy,0,0.0861060921516683,0.0112941531050536,0.0117350882436666,0.0772998481988906,0.4857850525551505,0.4940964712522229,0.4638244216032569,0.5272127419886572,0.7680877891983714,356.0,3845.0,0.8305165436800762,27,0.431068951707401,0.1547217487047116,0.6596153846153846,0.1844633543782596,0.0410132689987937,2.688395746648174,0.3228210015595217,102.434187,2.94506
24,Healthy,0,0.0909025876058472,0.0158834853726956,0.0097650506844123,0.0577700220876269,0.704212915328833,0.5885352794503939,0.5949646776836589,0.5783691515295274,0.7025176611581705,342.0,3975.0,0.8415566365531619,27,0.3898911917184328,0.1434714978353845,0.6442613742744804,0.1746923488496522,0.0411381149970361,2.7728591054800797,0.3120376597175521,102.434606,2.946371
25,Healthy,0,0.0979491447408994,0.0254889561070336,0.0277097274859746,0.0927461609244346,0.843749467340746,0.8724886374572856,0.8259672153716684,0.9201618236067922,0.5870163923141658,300.0,3775.0,0.852760736196319,27,0.6575915611750817,0.2096242242389255,0.6876322369686478,0.1895336225596529,0.045644142533667,2.870951751487112,0.3632456592745401,102.432589,2.947647
26,Healthy,0,0.1718839241398705,0.0187763459980487,0.0183307204602493,0.0714288995497756,0.5348138507414999,0.5293071962722905,0.3939225720065607,0.8168804840395719,0.8030387139967197,343.0,3848.0,0.8363159150560725,27,0.5390501081359571,0.2274637216081221,0.6598716496791242,0.1840581661505318,0.0389886578449905,2.6397047748154843,0.3262103505843072,102.434724,2.946569
27,Healthy,0,0.1386018560992347,0.0193811012431979,0.0160287443755401,0.0632255706522199,0.64445342235554,0.5970368022691367,0.4907137217640206,0.8089777506714074,0.7546431391179897,343.0,3848.0,0.8363159150560725,27,0.5974403681546967,0.2144432061662277,0.6598716496791242,0.1840581661505318,0.0389886578449905,2.6397047748154843,0.3262103505843072,102.4348,2.946572
28,Healthy,0,0.1412447417775789,0.0228139897808432,0.0247125246872504,0.0902241236633724,0.6586575110409801,0.6813950035099174,0.5562395750382607,0.8600398581960735,0.7218802124808696,349.0,4036.0,0.8408209806157355,27,0.5655213325521891,0.2501552154620488,0.6124176857949201,0.1801156706141558,0.0470372632864996,2.7776103661292755,0.2846861924686192,102.434527,2.946103
29,Healthy,0,0.0941842566761705,0.0137238674279716,0.0158345722075965,0.0659301827351252,0.5853575746426487,0.6233561652905556,0.508724159257062,0.7746404777309746,0.7456379203714689,356.0,3845.0,0.8305165436800762,27,0.5045694011338073,0.1652950309216976,0.6596153846153846,0.1844633543782596,0.0410132689987937,2.688395746648174,0.3228210015595217,102.434259,2.945062
30,Healthy,0,0.1511653239528338,0.0341406915750768,0.0334673737072282,0.1079894180099169,0.8341337795468876,0.8276102883594381,0.7369580847726892,0.9463631488023302,0.6315209576136555,269.5,3938.5,0.8719106463878327,26,0.7061221401625143,0.2987811826169491,0.7194463531952489,0.2015365619426533,0.0421848039507348,3.005898738325414,0.375886524822695,102.439397,2.946162
31,Healthy,0,0.1610483270552423,0.02014855771429,0.0150039910028378,0.0774398396412531,0.5781813892241403,0.5138496829902343,0.4447881703908392,0.6492154597359006,0.7776059148045804,346.0,3899.0,0.8369846878680801,27,0.5133927086402913,0.244015103412999,0.6673724735322425,0.1880400493759429,0.042358604091456,2.7879786566227245,0.3344733242134063,102.434727,2.94616
32,Healthy,0,0.1855037502116627,0.0124323875125911,0.0128811330844958,0.051433107505242,0.3799025203128149,0.3860969926499644,0.2512403779427229,0.8011372266161009,0.8743798110286385,363.5,3949.0,0.8314202898550724,26,0.3680827923971295,0.2133396162341038,0.6812919544702792,0.2004723534315087,0.0431580853503953,2.710333358530501,0.3515926848115394,102.434612,2.945819
33,Healthy,0,0.2102610998683505,0.0291204469071494,0.0298738893535402,0.1021921179360813,0.6284523221582888,0.635291153381474,0.4865946819945906,0.904816915923765,0.7567026590027046,275.5,3868.5,0.8670366795366795,26,0.6312565056682428,0.3292056413160429,0.6986986986986987,0.1975160539129207,0.0445648159546965,2.901090028259992,0.373556068953261,102.439362342,2.946098528
34,Healthy,0,0.1297520945469538,0.0124932664136091,0.0131525129286779,0.06104912277725,0.4631686981246102,0.4739410523085783,0.3513159607946109,0.709014716646046,0.8243420196026946,377.0,3917.0,0.824406148113647,26,0.3396127560647947,0.2113835145201948,0.6319820661311414,0.1685393258426966,0.0434782608695652,2.7570093457943927,0.294578706727629,102.434528,2.945817
35,Healthy,0,0.1038985500733057,0.0140651951854427,0.0115396899895535,0.0722670633759763,0.5507771046886912,0.507604141330407,0.4769328120124128,0.5507761380146646,0.7615335939937935,378.0,3953.0,0.8254444700992842,26,0.4748885564564242,0.1646400487257374,0.6113632238155745,0.1824175824175824,0.0451521751927944,2.8638948970600016,0.279011949635095,102.434334,2.945605
36,Healthy,0,0.0794051198495758,0.0097187343053519,0.0113305769757264,0.0606287982728746,0.4875474907164079,0.5226940472703782,0.4361900367754482,0.6298318703619752,0.7819049816122758,357.0,4014.0,0.8366506520247083,27,0.4659461102323309,0.1310861881615387,0.6516574056332631,0.1777565241153163,0.0318410342350969,2.650384113639658,0.3141577678263865,102.434068,2.94499
37,Healthy,0,0.1553658412562476,0.024110149902602,0.0254184297389454,0.0805626971026261,0.6788034062255764,0.694024797678709,0.5373454075261292,0.959356840088812,0.7313272962369355,296.0,3945.0,0.8604102805941994,27,0.594968243748716,0.2536334432661533,0.6900383915942615,0.1882369654780508,0.0391352963101006,2.6677876882585174,0.3579892280071813,102.434918,2.94693
38,Healthy,0,0.1338482557071579,0.0199305492763717,0.0135662595017088,0.1215055245492193,0.5400960644468967,0.4638634650536868,0.5184212292066218,0.4017496206785486,0.7407893853966891,284.5,4083.0,0.8697195191757299,26,0.4627239413082922,0.262162319281035,0.6977848101265823,0.1976281827694454,0.0483634587200781,2.8998396824185053,0.3561439000791626,102.439596,2.946238
39,Healthy,0,0.1284857036338912,0.0235130161874824,0.0216395468968484,0.1176315488086806,0.6416798174890558,0.6200788502941922,0.6187687952928685,0.62150862782332,0.6906156023535658,374.0,3972.0,0.8278877128393926,27,0.4841596365499454,0.2291376650747325,0.6224403927068723,0.1756894098516159,0.0421621621621621,2.6420913496842413,0.2902265586241111,102.434369,2.945677
40,Healthy,0,0.1148114287190967,0.0208680943275491,0.0178846425066391,0.1580544428692923,0.5306537232819944,0.4974380320912891,0.6152172076953654,0.4066098779227992,0.6923913961523174,374.0,3972.0,0.8278877128393926,27,0.3700063525040055,0.2457095332857635,0.6224403927068723,0.1756894098516159,0.0421621621621621,2.6420913496842413,0.2902265586241111,102.434414,2.945747
41,Healthy,0,0.1612332330809699,0.0159019625021351,0.0219943643444114,0.1165549341175291,0.4109139193831867,0.4801797688693449,0.3590921036282597,0.6349902767772803,0.8204539481858701,309.5,4004.0,0.8564970441636722,24,0.4146440963988168,0.2872360861963695,0.701095461658842,0.1960662953029365,0.0458208057726999,2.8142138939670933,0.3543293718166383,102.439941,2.946858
42,Healthy,0,0.1777889380852381,0.018432125966582,0.0232779652708106,0.0843879845407274,0.4930993464363192,0.549021041829019,0.3757420449358943,0.8648218052803922,0.8121289775320528,296.0,3945.0,0.8604102805941994,27,0.532699562470138,0.2667775303125381,0.6900383915942615,0.1882369654780508,0.0391352963101006,2.6677876882585174,0.3579892280071813,102.434953,2.946984
43,Healthy,0,0.0832182640830675,0.0150563495440615,0.0125786543099416,0.0755114551219675,0.637837607891172,0.593138087517747,0.6128276261125956,0.5711721504746005,0.6935861869437022,518.5,4089.5,0.7749565972222222,26,0.3357282475605514,0.1579035100423627,0.6150895140664961,0.1771519872178949,0.0426322306739784,2.4037425955842755,0.275049115913556,102.434335,2.945469
44,Healthy,0,0.1099589897526635,0.0087823333839575,0.0119994953274726,0.0664856313831276,0.3621407399141217,0.4214815756715888,0.2958475837043773,0.6115551228817445,0.8520762081478114,313.0,3916.0,0.8519744620477654,27,0.3762287802573395,0.1678300392296579,0.6271386430678466,0.1679841897233201,0.0477396479675826,2.670867309117865,0.309576837416481,102.433987,2.944992
45,Healthy,0,0.0911077252692646,0.0113355547396673,0.0168509955207506,0.0560171289576424,0.5340788787784648,0.6431196040633124,0.4426080359269624,0.9250132697320784,0.7786959820365188,385.5,4052.5,0.8262730959891843,26,0.6003867023155731,0.1554188063989083,0.6459205507489069,0.186029362472347,0.0519681293851825,2.5472353431508754,0.3175944333996023,102.43421,2.945275
46,Unhealthy,1,0.0878055969046221,0.0095790428523388,0.0106758822997411,0.0631043364604314,0.4505981973441444,0.4733430758522762,0.3934518986256908,0.5787937460279842,0.8032740506871545,404.0,3945.0,0.8142101632559209,27,0.376933530084714,0.1559472395521071,0.631096991216595,0.1742230593300148,0.0395426393520724,2.6152141802067947,0.3203022339027595,102.434022,2.945062
47,Healthy,0,0.1905037007398075,0.0184409268614318,0.0107684483130772,0.0750337392091751,0.4878240839076085,0.3963995358154557,0.3530299309083058,0.5020127632659466,0.823485034545847,303.0,4004.0,0.8592988158811238,27,0.4731354811933373,0.2362802190085251,0.6530340498383108,0.1672263263935527,0.0392250657737383,2.934506818902632,0.3246201601045581,102.434684,2.946227
48,Healthy,0,0.1289305645558569,0.0250566318217251,0.0241121649742126,0.0933892760011884,0.7357881677488012,0.7244324812313911,0.6508757198302477,0.8208295923540375,0.6745621400848761,298.0,3938.0,0.8593012275731823,27,0.735796592114625,0.2290172523094548,0.6783881391370462,0.1814289537061814,0.0360201806875513,2.8309223829522474,0.3550236008091706,102.432511,2.947506
49,Healthy,0,0.0874917151199446,0.0154542856746249,0.0178698123329215,0.08592698805862,0.6050796971804627,0.6447450226341448,0.6004812447436085,0.6886459800499874,0.6997593776281958,312.0,3917.5,0.8524648303581984,28,0.5370307209020008,0.1907917403926451,0.6629129129129129,0.1755340321082658,0.045304388862671,2.8307293711234984,0.3313141511021369,102.432469,2.947169
50,Healthy,0,0.1242815264397197,0.0184950531563825,0.0143919556091229,0.0968486815690994,0.5732227067828559,0.5178705472507098,0.5181536974398123,0.5175071259638714,0.740923151280094,296.0,3728.0,0.852882703777336,27,0.4960684372279892,0.2263221401307317,0.6621841890790546,0.1765214883184309,0.0444245295096658,2.7970660146699267,0.3350226244343891,102.434994,2.946778
51,Healthy,0,0.1454604011442926,0.0182202603254053,0.0175155570937527,0.1159015720089276,0.4894589052674665,0.4811320521813458,0.4452636044308363,0.525136681071061,0.7773681977845818,307.0,3875.0,0.8531802965088474,27,0.5144547994195774,0.2622935507032606,0.668580479113047,0.1832093219149234,0.0344912237633484,2.725328444851818,0.3260149851890573,102.435154,2.946933
52,Healthy,0,0.1056618922286563,0.0160499306188689,0.0162678785208198,0.0473757423460483,0.6935356038359138,0.6974234690292863,0.5274731819266397,1.0224357633485062,0.7362634090366801,333.5,3918.5,0.8431326434619003,26,0.6379889971045,0.1727803904149268,0.6596153846153846,0.1844633543782596,0.0410132689987937,2.8663948189014152,0.3228210015595217,102.434181,2.945196
53,Healthy,0,0.1116704568266868,0.0144561343929833,0.0142843681905004,0.1058578565716743,0.4692777225196032,0.466815134005476,0.4584642858635758,0.4755819436098092,0.7707678570682122,278.5,3986.5,0.8694021101992966,26,0.4242225857323398,0.2167951741980182,0.6977848101265823,0.1976281827694454,0.0483634587200781,2.9678245557867777,0.3561439000791626,102.43967,2.94624
54,Healthy,0,0.0870558019313547,0.0132958291926317,0.0143903785695632,0.0549852276841799,0.6307592839921419,0.652487089048153,0.5299696295401295,0.8297082704793965,0.7350151852299354,325.0,4023.0,0.8505059797608095,27,0.5931055112254735,0.1418623762826125,0.6516574056332631,0.1777565241153163,0.0318410342350969,2.843303090881132,0.3141577678263865,102.434026,2.944923
55,Unhealthy,1,0.2196757867932319,0.0284519125190046,0.0280359252873394,0.1267475585142771,0.5643440781761507,0.5607969217412553,0.4586656402790655,0.7245198156483568,0.7706671798604674,288.0,3972.0,0.8647887323943662,27,0.6284635151820063,0.3195477711657684,0.7008695652173913,0.1931679544530297,0.0462379650540829,2.895315938384156,0.3535949982632859,102.432786,2.94758
56,Healthy,0,0.171521252228154,0.0179642653092741,0.0191494144706262,0.1104209770758946,0.4521149491988125,0.4652937459952835,0.3792219171731836,0.5911663688613866,0.8103890414134083,307.0,3875.0,0.8531802965088474,27,0.440813978404885,0.2675610757950279,0.668580479113047,0.1832093219149234,0.0344912237633484,2.725328444851818,0.3260149851890573,102.435112,2.946989
57,Healthy,0,0.1526199363999896,0.0262284610006544,0.0270120551188786,0.1898597561650806,0.5312945932744567,0.5381632269578301,0.5866076829729525,0.4982123764071966,0.7066961585135237,266.0,4126.0,0.8788706739526412,27,0.4348732503409704,0.3864294153948623,0.7098800685322673,0.1955277518967123,0.0488089677720691,2.796696130995508,0.3723118279569892,102.433056,2.948057
58,Healthy,0,0.139787260029051,0.0386947532080941,0.0290163223528199,0.1264043930504057,0.9009749723156072,0.8111473163053076,0.8671966996849423,0.7467813354877324,0.566401650157529,289.5,4150.5,0.8695945945945946,26,0.7772428573109897,0.2986711913512812,0.733934611048478,0.2002341158873642,0.0414762146605722,2.840223628071208,0.3854097268487675,102.439476,2.946298
59,Healthy,0,0.1196795246667332,0.0163861583504411,0.0152823766693472,0.0890963102380434,0.5427044915563649,0.5268334630538237,0.4817131840178343,0.585651232915256,0.7591434079910828,346.0,3804.0,0.8332530120481928,27,0.5656735442980626,0.2143895007256004,0.6598716496791242,0.1840581661505318,0.0389886578449905,2.612966601178782,0.3262103505843072,102.434841,2.946502
60,Healthy,0,0.1106124197443326,0.0161239371324578,0.0158777334209945,0.0868352403243382,0.5615759898593774,0.557886492267095,0.5088969741534561,0.6183340951791297,0.7455515129232718,307.0,4051.5,0.8591258460479523,28,0.5729792302059932,0.2069474744300047,0.6774849745723532,0.182813926196375,0.0466739744995096,2.8179560505719445,0.3494374586366645,102.432396,2.947303
61,Healthy,0,0.1897478467888302,0.0178715972643759,0.01767333669381,0.0889780136446158,0.454648162860393,0.4524115456161822,0.3443145192084416,0.6628453043577606,0.8278427403957792,296.0,3627.5,0.8491143112017332,28,0.4310384786255165,0.2656289521190855,0.6796026078857498,0.1912800939518496,0.0445359763161282,2.6817193914513404,0.3411549037580201,102.433611,2.947248
62,Healthy,0,0.1140828587942653,0.02445196846707,0.0184094213052756,0.1325483040677176,0.6619036042470318,0.5922278743589762,0.7060164999792647,0.4878033571263416,0.6469917500103675,281.5,3918.5,0.8659523809523809,26,0.5248983128465496,0.2661774835238854,0.7194463531952489,0.2015365619426533,0.0421848039507348,2.9439857536020724,0.375886524822695,102.439559,2.946166
63,Healthy,0,0.1470868388811747,0.0194090613060527,0.0218921864612234,0.0940223187208175,0.5546886688916639,0.5849819550844422,0.4662952369211948,0.7554597736268557,0.7668523815394027,293.0,3967.0,0.8624413145539906,27,0.5699490975765125,0.2571532850464185,0.6900383915942615,0.1882369654780508,0.0391352963101006,2.67706208102594,0.3579892280071813,102.434998,2.946932
64,Healthy,0,0.1564110236035453,0.0140256527811288,0.0175519516277644,0.1243188844786749,0.3633809872197096,0.4044424568210376,0.3291698260877376,0.4948713099736991,0.8354150869561312,319.0,4316.0,0.86235167206041,27,0.3020801508242623,0.2840687425600158,0.673134328358209,0.1815546772068511,0.0437616387337057,2.7369213913996164,0.348379816217959,102.43259,2.947239
65,Healthy,0,0.1120056832830111,0.0119170988392498,0.0161402925021118,0.1154925955666436,0.3793253941192068,0.4391589718262165,0.3846620818274566,0.4904638267506914,0.8076689590862718,456.0,4167.0,0.8027255029201817,26,0.3330815743630753,0.2303878277954128,0.6459205507489069,0.186029362472347,0.0519681293851825,2.631728246223672,0.3175944333996023,102.434336,2.945336
66,Unhealthy,1,0.1383895576000213,0.0163279556565814,0.0154910461149281,0.1467812781532605,0.410990095888132,0.4015144715044182,0.4221359382761301,0.3818530654512827,0.7889320308619349,309.0,3711.0,0.8462686567164179,28,0.3375563882807081,0.2720816454125775,0.6857283950617284,0.189822237713489,0.0378207466861242,2.734946539110861,0.360490582566798,102.433499,2.94718
67,Healthy,0,0.1173466684089766,0.0178070166665646,0.0139156817975971,0.0841473763187726,0.6008067481190609,0.544089554291692,0.5270153501656061,0.5676217758203546,0.7364923249171969,354.0,4029.5,0.8384852286985286,26,0.5204848480052001,0.1979476172063085,0.686408504176158,0.1940860215053763,0.0476415094339622,2.692082326228668,0.3552039966694421,102.434807,2.946298
68,Healthy,0,0.120601512491703,0.0158552713692188,0.0140143425928221,0.0678991414606571,0.5760023689070254,0.5471370117794514,0.4647704839761916,0.6843485052435322,0.7676147580119043,340.0,3865.0,0.8382877526753865,26,0.47575032205112,0.1789710492723518,0.6224403927068723,0.1756894098516159,0.0421621621621621,2.7519712702006403,0.2902265586241111,102.434414,2.945607
69,Healthy,0,0.1191652110881275,0.0213999114930629,0.0156646190832058,0.0919075691037707,0.6743511895391585,0.5974841987531307,0.6089678890494992,0.5824784025394504,0.6955160554752504,289.0,4004.0,0.8653622175634754,29,0.5097864284879663,0.2088467511865827,0.6926406926406926,0.1928997365136597,0.0403967102080309,2.813115250643647,0.36722571628232,102.434234,2.948069
70,Healthy,0,0.1460206202334827,0.010100034582946,0.0104637831035587,0.0584057354264789,0.3597095788093948,0.3655949480929217,0.2587751017268515,0.6077453902335558,0.8706124491365742,329.5,4250.5,0.8561135371179039,26,0.224375437869792,0.2093921688695748,0.6596153846153846,0.1844633543782596,0.0410132689987937,2.8695843091334896,0.3228210015595217,102.434343,2.945197
71,Unhealthy,1,0.1878765581382645,0.010145655212303,0.0127707741533716,0.0486858350535233,0.3159979418464713,0.3532685887781795,0.2049397396511611,0.8312059072688852,0.8975301301744193,426.0,3871.5,0.8017452006980803,28,0.3386241496156363,0.2086023175054126,0.6812919544702792,0.2004723534315087,0.0431580853503953,2.7304065298359617,0.3515926848115394,102.434568,2.94589
72,Healthy,0,0.1156526116861237,0.0246038917038175,0.0248633844570981,0.0873914286494255,0.780296176692591,0.7836048989370051,0.7016827343945328,0.8859623483049809,0.6491586328027337,292.0,4101.5,0.8670763628086947,26,0.7571637921313503,0.2049183071487479,0.7263177998472116,0.1990449028321284,0.0475748971431882,2.7214602086012287,0.3748435022118354,102.439747,2.946785
73,Healthy,0,0.1128210326035817,0.0169831161490745,0.0114365081923703,0.0730245589382118,0.6180965464875401,0.5305504064072032,0.5233458656683181,0.5416227182964071,0.738327067165841,321.0,4126.0,0.8556330110186643,27,0.4716348976350992,0.1904871047784885,0.686408504176158,0.1940860215053763,0.0476415094339622,2.8821390698379035,0.3552039966694421,102.434725,2.946298
74,Healthy,0,0.1272454087932904,0.0403278130624029,0.0255528061340252,0.1238773928748236,0.9724035002679218,0.8312922178159,0.9626314423227224,0.6840064807117614,0.5186842788386388,280.5,4121.5,0.872557928214448,26,0.7148165691195838,0.288263818456067,0.7194463531952489,0.2015365619426533,0.0421848039507348,2.9805230076821605,0.375886524822695,102.439515,2.946235
75,Healthy,0,0.0838371101352903,0.0166506278845998,0.0124156544916331,0.1190197012490696,0.5640502765047748,0.5013089797126826,0.6627924247356051,0.3778482409596656,0.6686037876321975,329.5,3728.0,0.83758471965496,26,0.3550018827649446,0.2295590647392803,0.6593947923997185,0.1842445114076625,0.043362831858407,2.8730239242539524,0.3329797578007601,102.439596,2.946114
76,Healthy,0,0.0946392499738269,0.0178645457037621,0.0198851877616511,0.04059498053458,0.8359475238810228,0.8729071203646682,0.6351624172737402,1.3151542610962126,0.6824187913631299,365.0,3890.5,0.8284572905651509,26,0.659871067311106,0.1590815590073665,0.631096991216595,0.1742230593300148,0.0395426393520724,2.6445878028655017,0.3203022339027595,102.434098,2.945197
77,Healthy,0,0.1127786313494046,0.0111443467645181,0.0132238939404487,0.0576857026252481,0.4625337161795736,0.5002908932459095,0.3597184939914233,0.7459579284559567,0.8201407530042882,438.0,3967.0,0.8011350737797956,27,0.3594841807901022,0.1981299590940276,0.6319820661311414,0.1685393258426966,0.0434782608695652,2.634761833656861,0.294578706727629,102.434487,2.945886
78,Healthy,0,0.1071048138870133,0.017774313998719,0.0137445960814754,0.1416285634040832,0.5001882262840746,0.4498648039712407,0.5693285755481241,0.3538473730465116,0.715335712225938,363.5,4002.5,0.8334860284012826,26,0.317858415846292,0.2460182843108972,0.6224403927068723,0.1756894098516159,0.0421621621621621,2.6771132200397263,0.2902265586241111,102.43449,2.945746
79,Unhealthy,1,0.1999272439214918,0.0123537172459893,0.0162591423011488,0.0561117711994383,0.3520248897329964,0.402075125350971,0.2327805033112266,0.8986561873931246,0.8836097483443867,351.0,3858.0,0.8332145402708482,27,0.3579984572826996,0.2438898728125624,0.6812919544702792,0.2004723534315087,0.0431580853503953,2.848903330625508,0.3515926848115394,102.434649,2.945892
80,Healthy,0,0.1153635448879665,0.0281190389974249,0.0278306593601074,0.0997292970617612,0.829069949069381,0.8256961921048472,0.783901104537826,0.8727083370290701,0.608049447731087,302.0,3755.0,0.8511215183633226,26,0.5635496083912624,0.2574085531135399,0.6898989898989899,0.2067224466243508,0.0423026602703881,2.9981766084917947,0.3427367649752701,102.439522,2.946112
81,Healthy,0,0.202820593284236,0.0206068194367819,0.0268814961115519,0.1239055602086914,0.4480476396259138,0.5076053384039269,0.3689219543084904,0.7130982397974709,0.8155390228457546,289.5,4150.5,0.8695945945945946,26,0.5704667145106938,0.3065914654483397,0.733934611048478,0.2002341158873642,0.0414762146605722,2.840223628071208,0.3854097268487675,102.439516,2.94637
82,Healthy,0,0.1570382772220505,0.0195644686205519,0.0199818152727352,0.10402745505174,0.5213808400307042,0.5262102878989058,0.4431294321547815,0.6445265009769667,0.7784352839226093,307.0,3875.0,0.8531802965088474,27,0.4003193417209639,0.2804794688191678,0.668580479113047,0.1832093219149234,0.0344912237633484,2.725328444851818,0.3260149851890573,102.435076,2.946932
83,Healthy,0,0.1067097153928544,0.0181208853092458,0.0146674818048874,0.0900507991512616,0.6221702176560062,0.5713531144612292,0.5806552306029534,0.5602644226380851,0.7096723846985232,289.0,3809.0,0.8589555880917521,29,0.4282718991722508,0.2141665719035599,0.6664652567975831,0.1759522455940875,0.0382733090726565,2.7337682510096304,0.354061135371179,102.434038,2.948138
84,Unhealthy,1,0.1140600335266855,0.0162195738198028,0.0153883698706825,0.0887873479061656,0.5514832960048628,0.5392574243960171,0.4979927142907527,0.5908620626409505,0.7510036428546237,316.0,4000.5,0.8535850805050388,28,0.5262682595606851,0.2053445534159739,0.6774849745723532,0.182813926196375,0.0466739744995096,2.7302704705446463,0.3494374586366645,102.432468,2.947307
85,Healthy,0,0.1221639199389351,0.0164888419417871,0.0167926697888308,0.0954041431347529,0.5264936129879625,0.5307007078896848,0.4756873709006052,0.5986861605513927,0.7621563145496975,428.0,4050.0,0.8088432335864225,27,0.4799631016891195,0.2050258196476433,0.686408504176158,0.1940860215053763,0.0476415094339622,2.57134743717166,0.3552039966694421,102.434802,2.946435
86,Healthy,0,0.1173787299129698,0.0418196291559272,0.0336348163998789,0.1208209569255511,1.0395169332011698,0.9622630504474852,1.05075528166289,0.871053653113041,0.4746223591685548,270.0,4101.5,0.876472606656754,26,0.7313209907915248,0.2786565071178808,0.7194463531952489,0.2015365619426533,0.0421848039507348,2.963263727764888,0.375886524822695,102.439437,2.946233
87,Healthy,0,0.1354267721374829,0.023262677507268,0.0246087718341085,0.0993692787985007,0.6615259845917185,0.6774241721372835,0.5863698578410812,0.7939718912675274,0.7068150710794593,346.0,3835.0,0.8344893566132504,27,0.5054827336737333,0.2577179761396513,0.6836407377706496,0.1927283056384036,0.0451773490976975,2.834741631459213,0.3525970572593512,102.433885,2.947456
88,Healthy,0,0.1565672448939747,0.0197139778691861,0.0283864394037259,0.092498968872759,0.5466724794613138,0.6474538154520426,0.4473301820846212,0.9392842298650776,0.7763349089576893,315.0,4041.0,0.8553719008264463,25,0.4854580739204086,0.2628370482060644,0.7052973799961751,0.1981189116560295,0.0464120166637329,2.6041375454291305,0.358650490277547,102.439861,2.946857
89,Healthy,0,0.1780974368254343,0.0140471340467532,0.0162300485082798,0.0674043525424268,0.410740832367051,0.4391514312193214,0.2924284351723307,0.7762379262303656,0.8537857824138346,319.5,3791.5,0.8445633665774751,26,0.3888796916793315,0.2491569305873579,0.6812919544702792,0.2004723534315087,0.0431580853503953,2.7669748167038573,0.3515926848115394,102.434689,2.945818
90,Healthy,0,0.1280665149291356,0.0202920777309272,0.0206740715851386,0.0842092351780997,0.6420022244414778,0.6470674783178704,0.5471089302504472,0.7884599455586533,0.7264455348747764,350.0,3891.5,0.8349640457385359,26,0.4869629840257862,0.2242265084965362,0.6638820638820638,0.197481963502617,0.044159368447021,2.854897218863361,0.3185276942134135,102.434616,2.94568
91,Healthy,0,0.1340026309092839,0.0248494564245144,0.0202067377459671,0.1082301802105373,0.6809662502363988,0.6273291819845686,0.625725650612267,0.6293124459062519,0.6871371746938666,272.0,3845.0,0.867864950206461,27,0.4192727343513417,0.2367882252567343,0.668580479113047,0.1832093219149234,0.0344912237633484,2.853378054623862,0.3260149851890573,102.435116,2.946849
92,Healthy,0,0.2108954207764731,0.0159658405722843,0.0101335260810123,0.0763594938649071,0.4001631843710937,0.3331611305320304,0.2815084510658655,0.4686401787033629,0.8592457744670674,383.0,3908.0,0.8214868329060825,27,0.4226286937205212,0.2362870493282874,0.6530340498383108,0.1672263263935527,0.0392250657737383,2.780407004259347,0.3246201601045581,102.434607,2.946224
93,Healthy,0,0.2213875403006871,0.0284258468697468,0.0245286091748211,0.1565658963388866,0.5230084906305474,0.4915617183497159,0.4551532996965196,0.541785828459924,0.7724233501517401,290.0,3750.0,0.8564356435643564,27,0.4258491500620481,0.4117260186208619,0.6876322369686478,0.1895336225596529,0.045644142533667,2.839789888378201,0.3632456592745401,102.432709,2.947719
94,Healthy,0,0.1678862240579393,0.016206133696768,0.020833130305012,0.1072621527645323,0.4215398556750589,0.47457694230287,0.3521305043713278,0.6505510524911826,0.8239347478143362,291.5,4116.5,0.8677404718693285,26,0.3897982347805486,0.2838583122938871,0.7263177998472116,0.1990449028321284,0.0475748971431882,2.652381942999792,0.3748435022118354,102.439905,2.946787
95,Healthy,0,0.1031567495730188,0.0195113583985302,0.0188851209564341,0.1047045456038581,0.6322437242502345,0.6236794664121295,0.6362324721941766,0.6112200633609169,0.6818837639029117,285.0,3926.0,0.8646402279743529,29,0.3838231096051934,0.2137823760923412,0.6664652567975831,0.1759522455940875,0.0382733090726565,2.7608431907794966,0.354061135371179,102.434116,2.948138
96,Healthy,0,0.1003734891613324,0.0214506027599175,0.0176956224151783,0.0746629647910595,0.787403253273942,0.7310810628490614,0.7043139799895639,0.7663877480353297,0.647843010005218,308.0,3796.0,0.8499025341130604,27,0.6197316759057917,0.1878740646772914,0.6803230254087059,0.1900676571109716,0.0428457918220157,2.7442958300550746,0.3229266591087468,102.434958,2.946571
97,Healthy,0,0.117887493636873,0.0185575352774726,0.0161908089907632,0.0863117170002725,0.6152154836687996,0.5816898906037433,0.5440296484270521,0.6318208779432093,0.7279851757864739,275.0,3545.0,0.856020942408377,29,0.4649231515553764,0.2077231345077355,0.6601546601546602,0.1726318815581428,0.0498005404709818,2.803497942386832,0.3435686201085939,102.433993,2.948068
98,Healthy,0,0.1443088899056116,0.0172256536574827,0.0173630518838763,0.0853292706112067,0.5218126659547022,0.5236213267388681,0.4265503409369395,0.676313533943403,0.78672482953153,279.5,3840.0,0.8643039203786868,24,0.4466707682106597,0.2065674606710672,0.6766865759326349,0.1773927392739274,0.044273691913648,2.755378424392509,0.3533409833171507,102.439404,2.949246
99,Healthy,0,0.0912344182531039,0.0168250819875134,0.0157878236431214,0.0843495333360301,0.6433016696975139,0.6265782503375489,0.6228080622267844,0.6306467084570011,0.6885959688866079,321.0,4126.0,0.8556330110186643,27,0.457309798993839,0.1823649956948227,0.686408504176158,0.1940860215053763,0.0476415094339622,2.8821390698379035,0.3552039966694421,102.434764,2.946369
100,Healthy,0,0.1617749573455916,0.0196871681966715,0.0186016134296854,0.1008413996961381,0.5215304610280435,0.5089814257853714,0.4339675430967284,0.622945216899045,0.7830162284516359,280.0,3742.5,0.8607830950901181,28,0.5502279329844645,0.2502477073835002,0.6934024600996239,0.1952357035229963,0.0475411897874481,2.743878278785957,0.3405288720992984,102.433687,2.947249
101,Healthy,0,0.1057130048672358,0.0130130070158176,0.0149468088315592,0.0964697442120975,0.4561790472345678,0.4859564480178748,0.4384214313080969,0.5366099892069913,0.7807892843459514,316.0,4092.0,0.8566243194192378,28,0.4536272926206664,0.2081248673299948,0.6774849745723532,0.182813926196375,0.0466739744995096,2.8346220253734704,0.3494374586366645,102.432511,2.947237
102,Healthy,0,0.1792352812157737,0.0255571672072013,0.0275332261290815,0.1546008909742037,0.5311262984457754,0.5488420601369086,0.4991818283146054,0.6046802557802582,0.7504090858426973,274.0,4075.0,0.8739940216141642,27,0.4736810238092991,0.3790274382465415,0.7098800685322673,0.1955277518967123,0.0488089677720691,2.8365671641791046,0.3723118279569892,102.433022,2.947991
103,Healthy,0,0.1558904730611377,0.018278658700486,0.0162661802023649,0.0793660697009828,0.5379757659015187,0.5121521422858732,0.419791004654098,0.6803637985639607,0.7901044976729509,275.0,3652.0,0.8599439775910365,29,0.4487510391015819,0.2223390876832935,0.6898242746219861,0.1849835219945551,0.041692908426754,2.834956346541303,0.3564738292011019,102.434038,2.947997
104,Healthy,0,0.1552568078041076,0.0131476562884118,0.0118313404834932,0.0593821286327309,0.4365558269025095,0.4169804227489853,0.3122875954449434,0.6645563335320084,0.8438562022775282,329.5,4250.5,0.8561135371179039,26,0.3243684720308517,0.2143186006901993,0.6596153846153846,0.1844633543782596,0.0410132689987937,2.8695843091334896,0.3228210015595217,102.4343,2.94513
105,Healthy,0,0.1132821159230338,0.0207943523095713,0.0198778990242216,0.1064298906260066,0.6366412771433223,0.6248035371185064,0.6203729135673778,0.6295066703096466,0.689813543216311,316.0,4000.5,0.8535850805050388,28,0.6139137160291988,0.2248856220394373,0.6774849745723532,0.182813926196375,0.0466739744995096,2.7302704705446463,0.3494374586366645,102.432509,2.947371
106,Healthy,0,0.108731485903263,0.0164504279899928,0.0141060236427519,0.0796551000740793,0.5947170917422427,0.5582539087114031,0.5256487132484742,0.601785605102329,0.737175643375763,428.0,4050.0,0.8088432335864225,27,0.5062004705214798,0.1731260350594918,0.686408504176158,0.1940860215053763,0.0476415094339622,2.57134743717166,0.3552039966694421,102.434721,2.946443
107,Healthy,0,0.132888187136915,0.010262608114216,0.0161414883202976,0.0843107170528835,0.3453619463152797,0.43355946136697,0.2867635655453313,0.6427529693482302,0.8566182172273343,402.5,4147.5,0.823076923076923,26,0.3330903646711477,0.2244166005402803,0.6693702724870135,0.188400155702608,0.0396140749148694,2.83626173886701,0.3532113788379402,102.434381,2.94528
108,Healthy,0,0.1640405431389808,0.026070258166227,0.0175826748212178,0.1251732549733585,0.6109841197379869,0.524569491738829,0.5485276583390603,0.4926639431796357,0.7257361708304699,269.0,3971.5,0.8731281688480133,22,0.4493141272435776,0.2865241002291441,0.7171235597934048,0.2047386759581881,0.0397546159860467,2.818590133982948,0.3702105626510183,102.440126,2.947066
109,Healthy,0,0.1817715449465645,0.0212912046247058,0.0206563543114397,0.1376427834232648,0.4705280995565331,0.4643274280956738,0.4194014839188038,0.5219574688033473,0.7902992580405982,289.5,4140.5,0.8693002257336343,26,0.5588352716209071,0.3049196456041601,0.7263177998472116,0.1990449028321284,0.0475748971431882,2.70644458500246,0.3748435022118354,102.439787,2.946716
110,Healthy,0,0.1429179418418142,0.0171697569183177,0.0224743980086512,0.0679461128181881,0.5601796751519343,0.6330196522075304,0.4290087758471456,0.9942168122315088,0.785495612076427,287.0,4062.5,0.8680308081388666,26,0.575438248063531,0.2259632593227757,0.7217741935483871,0.2010447361371551,0.0485879670233292,2.860877472152762,0.3740458015267175,102.439629,2.946441
111,Healthy,0,0.1791026078992419,0.0147221151532398,0.0187359810289409,0.1044532201356358,0.3762840232364146,0.4221656353400055,0.3038232671536646,0.6083643972627195,0.8480883664231678,307.0,3969.5,0.8564246463229276,28,0.4473110750958846,0.2748765347318516,0.6883193691473632,0.1909331108329856,0.0388161086851043,2.7190051967334816,0.3588317107093185,102.433733,2.947177
112,Healthy,0,0.1505461898114946,0.019225255275766,0.0144073085652457,0.0835428130295541,0.5643293344572139,0.5025006279147158,0.4529679361775931,0.5883528608507858,0.7735160319112035,274.0,3716.0,0.86265664160401,29,0.4455431101933222,0.235862059932616,0.6898242746219861,0.1849835219945551,0.041692908426754,2.820386758439856,0.3564738292011019,102.434075,2.948071
113,Healthy,0,0.1233198949032359,0.0151823105083571,0.0141634647217061,0.1648613438010215,0.3812904181936242,0.3696791005773547,0.4384712998104014,0.3164581454063226,0.7807643500947993,309.0,3711.0,0.8462686567164179,28,0.331199341110888,0.262220509764221,0.6857283950617284,0.189822237713489,0.0378207466861242,2.734946539110861,0.360490582566798,102.433533,2.947112
114,Healthy,0,0.125414573897918,0.0143362661409709,0.0146637342663274,0.0863289158377382,0.4770486100105761,0.4818406577071384,0.4103378881152058,0.580784215533209,0.7948310559423972,279.5,3935.5,0.8673784104389086,22,0.4143579576645904,0.1913228598940703,0.6518475750577367,0.194572025052192,0.0394187102633969,2.6904113621311354,0.3290245769198061,102.4391,2.948402
115,Healthy,0,0.1880183070898056,0.0134534711639086,0.0195948806487851,0.0669220007128185,0.3818656001130319,0.459022960929617,0.267103835197535,0.905944844076701,0.8664480824012325,306.0,3982.0,0.8572761194029851,27,0.4162931853289016,0.2545312901751863,0.702515349574173,0.2044276306571388,0.0418131135619924,2.904551201011378,0.3634934497816594,102.434727,2.945889
116,Healthy,0,0.1328745500908957,0.0223100315779447,0.0242125145677063,0.0958754461672571,0.6528888094260319,0.6760216001115866,0.5750579429483192,0.8064926548680035,0.7124710285258404,275.0,3782.0,0.8644318461917673,27,0.625110474001958,0.22998631435136,0.7023026315789473,0.1996522747029846,0.0359064181158513,2.827769714562167,0.3645062285611121,102.433649,2.947451
117,Healthy,0,0.1474834680557251,0.0276688014467557,0.0196925977038012,0.108388086160024,0.7112593139292912,0.6247526678717433,0.6318799413869727,0.6150060137011223,0.6840600293065136,289.5,4150.5,0.8695945945945946,26,0.5142850461430006,0.2692761299096876,0.733934611048478,0.2002341158873642,0.0414762146605722,2.840223628071208,0.3854097268487675,102.439556,2.946306
118,Healthy,0,0.1188215927945243,0.0162737702743874,0.0102039236161443,0.0696078642374939,0.5891570779782156,0.4928210862573663,0.4818454136308499,0.511399325365653,0.759077293184575,334.0,4111.0,0.8497187851518561,27,0.4240391370720696,0.1856016199001008,0.6442613742744804,0.1746923488496522,0.0411381149970361,2.864836165048544,0.3120376597175521,102.434644,2.946298
119,Healthy,0,0.1187287767728169,0.0213555888169341,0.02291031078332,0.0983405411243438,0.6576502604102032,0.6775343947004308,0.6097922127720022,0.7557987568043446,0.6951038936139988,283.0,3921.0,0.8653663177925784,27,0.5885190709757601,0.2437889217916462,0.7023026315789473,0.1996522747029846,0.0359064181158513,2.7728658536585367,0.3645062285611121,102.433765,2.947527
120,Healthy,0,0.1467592616875966,0.0228851020543111,0.0203377405802408,0.0826784322659174,0.6652455024860987,0.6340901866536374,0.5396018246530813,0.7896911724962906,0.7301990876734594,273.5,4028.0,0.8728350575380681,22,0.5071288398874088,0.2311426256265905,0.6897799511002445,0.1889622901183595,0.0431685081205095,2.7718715393134,0.3558970816784665,102.439095,2.948546
121,Healthy,0,0.0750256205598513,0.0121411942980355,0.0156531675408283,0.0511363831659158,0.6456176457311859,0.7221360867263581,0.5571475483109027,0.9374620655591692,0.7214262258445487,404.0,4288.0,0.8277919863597613,27,0.6238807862718146,0.1279521858733561,0.6516574056332631,0.1777565241153163,0.0318410342350969,2.6968476600472155,0.3141577678263865,102.434104,2.944926
122,Healthy,0,0.100754557384385,0.0240070749488141,0.0165917913739879,0.08104585400886,0.835702483392379,0.7301978089090283,0.7696941599705508,0.6797292707717262,0.6151529200147245,282.0,3847.5,0.8634217217580821,24,0.7209664532608447,0.2039857090761263,0.6639700078926598,0.1687339754694754,0.0396350859890279,2.8147943475171706,0.367326996535489,102.439281,2.949033
123,Healthy,0,0.1034815427329805,0.014120764306022,0.0138647467311885,0.0687075021366278,0.5636171791850763,0.5592221431026978,0.4802886834979822,0.6716419582265964,0.7598556582510088,319.0,3940.0,0.8501995773655788,29,0.5266030526963972,0.1720768031146791,0.6629129129129129,0.1755340321082658,0.045304388862671,2.809154383242824,0.3313141511021369,102.432434,2.947098
124,Unhealthy,1,0.1123878012100855,0.0191139268378416,0.0157304010871383,0.1079355304439862,0.5914164133794643,0.5462185604941059,0.5814045829382666,0.5088030597393508,0.7092977085308667,363.5,4002.5,0.8334860284012826,26,0.3901878909862402,0.2286544707086351,0.6224403927068723,0.1756894098516159,0.0421621621621621,2.6771132200397263,0.2902265586241111,102.434529,2.945677
125,Healthy,0,0.1163981705904007,0.017165117793613,0.0133264724993043,0.0913250197966893,0.5673166648898205,0.5120016517174306,0.514066941636262,0.509365789514479,0.742966529181869,444.0,3643.0,0.7827257156838757,27,0.5406783960131893,0.2044861949980259,0.6435487057893697,0.1798581560283688,0.040660578005755,2.338108463674901,0.3118055555555555,102.435231,2.947057
126,Healthy,0,0.1912553277280595,0.0327470819983217,0.0270890314131975,0.1314502606789271,0.6748501367259602,0.6256689205602795,0.5847630306892188,0.6834654313318494,0.7076184846553908,282.0,3987.0,0.8678847505270555,27,0.477163100618547,0.3181162157820331,0.7059388814145685,0.1941342661105879,0.0425182053089029,2.7302873986735445,0.3704906821678919,102.432903,2.947921
127,Unhealthy,1,0.1000639390614297,0.0235036340438657,0.0226161081550849,0.0948841861552662,0.7771228811351528,0.7652573973192612,0.7608350136920662,0.769908136411963,0.619582493153967,308.0,4102.0,0.8603174603174604,27,0.5707814103565889,0.1919940863218572,0.6820285026836942,0.1825634352635003,0.0497863001039621,2.788885621875919,0.345273631840796,102.432704,2.947437
128,Healthy,0,0.1592147664891349,0.0231261002934641,0.0165131676735149,0.0671588476333353,0.6786180631680837,0.5960503514810979,0.5073157916055503,0.7894236854678924,0.7463421041972249,337.0,3693.5,0.8327750899392135,26,0.4204487064854075,0.2173710459222396,0.6368677693852185,0.185595567867036,0.0433298799439332,2.72421069718367,0.318154787188854,102.434538,2.945537
129,Healthy,0,0.1481220490402645,0.01501082494441,0.0140914328189359,0.0603774562478065,0.5034630972930763,0.4899333639548489,0.3680637648992855,0.7569030770047619,0.8159681175503573,333.5,3918.5,0.8431326434619003,26,0.4474869246321011,0.1967246106101406,0.6596153846153846,0.1844633543782596,0.0410132689987937,2.8663948189014152,0.3228210015595217,102.434262,2.945195
130,Healthy,0,0.0956656667921278,0.0176199960211912,0.0130146297936638,0.0850658325685395,0.6526785885201288,0.5797452319176585,0.6221439000706316,0.5307735905894004,0.6889280499646843,318.0,3909.0,0.8495386799148332,29,0.4327660037940119,0.1688393379251162,0.6762054096432771,0.1854726919878015,0.0443277567468555,2.791945265122065,0.3423564115911851,102.43427,2.94814
131,Healthy,0,0.1619457610779338,0.020413234622942,0.0226778512199719,0.096444240046872,0.5457783683539262,0.5717252286214262,0.4477593122178828,0.7614994323486659,0.7761203438910586,269.0,4094.0,0.8766903506761403,26,0.5923837081488855,0.2592832228789727,0.727555988315482,0.2043988867015138,0.0433401940605704,2.7795945062132112,0.3712146988771691,102.439789,2.946581
132,Healthy,0,0.1532794526881641,0.0244648868425024,0.0263428104420502,0.1088327190114392,0.6292369811988204,0.6494659153410952,0.5505635095238898,0.7795141782999746,0.7247182452380552,290.0,3750.0,0.8564356435643564,27,0.611864681562161,0.2785470949278937,0.6876322369686478,0.1895336225596529,0.045644142533667,2.839789888378201,0.3632456592745401,102.432667,2.947648
133,Healthy,0,0.1216490831640031,0.0223793091459406,0.0181229006912973,0.1129883867171075,0.6407909084849936,0.5888239730263362,0.6215249309394822,0.552901311535304,0.689237534530259,277.0,3894.0,0.8671781347398705,27,0.411488852843368,0.2190100976990329,0.7023026315789473,0.1996522747029846,0.0359064181158513,2.7530826609834067,0.3645062285611121,102.433768,2.947385
134,Healthy,0,0.0741541224221388,0.0154575396122203,0.0118743737952576,0.1638883045978016,0.4597764108706518,0.4119752250870444,0.6899789273540552,0.2702365235628206,0.6550105363229725,289.5,3869.5,0.8607838422697763,26,0.3625518614913947,0.2477951289878951,0.6977848101265823,0.1976281827694454,0.0483634587200781,2.941659819227609,0.3561439000791626,102.439634,2.946168
135,Healthy,0,0.1303804649247063,0.0238071290983094,0.0179238852320445,0.0991301346156332,0.6872607327317184,0.6154072560598749,0.6176146466039463,0.612499605066749,0.6911926766980269,280.0,3860.0,0.8647342995169082,27,0.4239845950668419,0.2228973522368404,0.643281807372176,0.1798520204894707,0.0345601996257018,2.856231051539812,0.310415950498453,102.435078,2.946782
136,Healthy,0,0.2761623826291826,0.0296437814831733,0.024502320215106,0.1550526188479529,0.4834842242556958,0.4462335473035242,0.387746029504911,0.5458456412942424,0.8061269852475444,278.0,3901.0,0.8669538167025604,27,0.400884523651314,0.4298133353392283,0.7008695652173913,0.1931679544530297,0.0462379650540829,2.823850350740452,0.3535949982632859,102.432785,2.947717
137,Healthy,0,0.1017927784058782,0.0171265429299738,0.0170301414198345,0.0774561973909537,0.6417378004529435,0.6402207762687789,0.5760726764191669,0.7209567704358989,0.7119636617904166,277.0,3848.0,0.8656969696969697,22,0.6175162340811873,0.1710198962440093,0.6897799511002445,0.1889622901183595,0.0431685081205095,2.7220062504764084,0.3558970816784665,102.439183,2.948552
138,Healthy,0,0.1616989349325498,0.0179561893973085,0.013720910064876,0.0659543826348251,0.5450235639966359,0.4885982882381874,0.39979242371823,0.6888414011400287,0.800103788140885,287.0,3834.0,0.8607134190730406,27,0.4106351202550368,0.2331538508749671,0.6584883260783537,0.171979865771812,0.0447463542315842,2.77586476756926,0.3600141043723554,102.433849,2.947795
139,Healthy,0,0.1059902219308747,0.0251437100685305,0.0237345149119695,0.1179315017329322,0.7335629941440608,0.716689650762807,0.7669627436671249,0.6701540842067197,0.6165186281664375,270.0,4063.0,0.8753750288483729,27,0.6316882307956584,0.2293901983648538,0.6820285026836942,0.1825634352635003,0.0497863001039621,2.8293301506788007,0.345273631840796,102.432587,2.947514
140,Healthy,0,0.1383629557159212,0.0220551685326629,0.0170093479876716,0.0518609666162067,0.7529473014956874,0.6814912555703848,0.5499420626184655,0.9879059264070068,0.7250289686907673,284.0,3900.0,0.864244741873805,26,0.4444758113752396,0.2048868129236831,0.7004649322385993,0.1851085832471561,0.0392986698911729,2.743550834597876,0.3701117318435754,102.433845,2.947661
141,Healthy,0,0.1652616643243366,0.0192531916416353,0.0224014427512884,0.1474879913859897,0.4384993168356321,0.4701369092432633,0.4173797614471967,0.5274358082371869,0.7913101192764016,284.5,4161.5,0.8720197930724246,22,0.4932935038323158,0.2951119958112636,0.7052228078581696,0.1886439545758183,0.0390050216045778,2.694606616624965,0.3804622912097182,102.438823,2.948342
142,Healthy,0,0.0936854812833997,0.0206379076052043,0.0186943126221497,0.0485399634473853,0.8997391129333108,0.8665504755510635,0.7220887276290856,1.1121894197427322,0.6389556361854571,265.0,3892.0,0.8725042097666587,23,0.6267103576063315,0.1613588999542925,0.6857941942328093,0.1806822019587977,0.0433329354184075,2.747311013482806,0.3718192833650683,102.439482,2.949104
143,Healthy,0,0.2179885523186789,0.026036101910803,0.0254813827988174,0.1276906919148233,0.523665762387283,0.5188107651007122,0.4267782203075028,0.6654315506649768,0.7866108898462487,278.0,3901.0,0.8669538167025604,27,0.5181640382493383,0.3356815141936144,0.7008695652173913,0.1931679544530297,0.0462379650540829,2.823850350740452,0.3535949982632859,102.432744,2.947648
144,Healthy,0,0.1699897232982847,0.0302676815125677,0.0240933639514777,0.1124377209279272,0.7060283126359043,0.6456401822288045,0.6045755270054798,0.7058718964332223,0.6977122364972601,276.0,4158.0,0.8755074424898511,27,0.5268574764390788,0.2902535187701385,0.7098800685322673,0.1955277518967123,0.0488089677720691,2.739590684544813,0.3723118279569892,102.432979,2.947921
145,Healthy,0,0.0903390869498252,0.0228311154577467,0.0216757090141375,0.0787781957123014,0.8504019802427077,0.8333670776952931,0.8069656136346764,0.863110660483169,0.5965171931826617,322.5,4089.5,0.8538077969174978,28,0.6378460135986918,0.1787869365264972,0.675249807840123,0.1895210806385591,0.0480884828083673,2.775567344532862,0.3410242964516692,102.432311,2.947165
146,Healthy,0,0.1282517297400368,0.0167089280568891,0.0169488402704397,0.0814963546064165,0.5497127772175563,0.5531135419728413,0.4610610440329676,0.6886609464947795,0.7694694779835163,286.0,3755.0,0.8584508784954219,29,0.3899044056888839,0.230831641703844,0.6893711070926261,0.1870676267118452,0.0381528583775774,2.736235999368985,0.3621274317330001,102.434036,2.947865
147,Healthy,0,0.1647671924697028,0.0141906935928596,0.0181538383993837,0.1372126614054044,0.3436406413123214,0.3869838200205546,0.3171850965628558,0.4673810228638294,0.8414074517185721,280.0,4021.0,0.8697977214601256,25,0.3601280779127777,0.2944527264270516,0.7037322789082843,0.2019322356783235,0.0429802810249143,2.629322462749508,0.3597281223449448,102.439981,2.946791
148,Unhealthy,1,0.1635391099585427,0.0215561117769943,0.0177511077167259,0.0744022822214497,0.6135800593263968,0.5671042932395989,0.4658383198631362,0.7705026468862345,0.767080840068432,289.0,3656.0,0.8534854245880862,28,0.4905732201852791,0.2597228139638901,0.6796026078857498,0.1912800939518496,0.0445359763161282,2.839193861202462,0.3411549037580201,102.433573,2.947317
149,Healthy,0,0.0997625589370727,0.0144568099122908,0.0149286957457661,0.0689451723463005,0.5852327122039952,0.5933671661238039,0.5062822552051376,0.7119593306167391,0.7468588723974312,324.0,3933.0,0.8477801268498943,29,0.5266528507088739,0.1738950127942695,0.6629129129129129,0.1755340321082658,0.045304388862671,2.723362511319046,0.3313141511021369,102.432509,2.947095
150,Healthy,0,0.1232952020234531,0.0172308831372194,0.0170191236668162,0.0498570551474889,0.6639583531505524,0.6605522263376595,0.4904678904992828,1.0179483318909803,0.7547660547503585,279.5,3840.0,0.8643039203786868,24,0.5599410191610478,0.1712732176399893,0.6766865759326349,0.1773927392739274,0.044273691913648,2.755378424392509,0.3533409833171507,102.439446,2.94917
151,Healthy,0,0.1028367752830187,0.0180008464182416,0.0163573558545774,0.0439082760777738,0.7880127877434414,0.7588643844539379,0.5958689409741621,1.085683851979762,0.702065529512919,299.0,3996.5,0.860784541962519,24,0.4945275711589059,0.1615908400466044,0.6532489936745256,0.1729108587747331,0.0487597276264591,2.7809115523465704,0.3564798899965624,102.439362,2.949173
152,Unhealthy,1,0.167053245835834,0.0194924048458536,0.0163155039772391,0.0862617198791768,0.5334907922862702,0.4954005646256617,0.417965356460966,0.6362232614162764,0.791017321769517,287.0,3540.0,0.8500130650640189,28,0.4007463188963699,0.2634470545583301,0.6796026078857498,0.1912800939518496,0.0445359763161282,2.9091396887855483,0.3411549037580201,102.433535,2.947249
153,Healthy,0,0.0861087102029058,0.0193010776614149,0.0218338163362609,0.0814935122099187,0.7488134974964733,0.7882621874833287,0.7324207002961995,0.8452291041862295,0.6337896498519003,328.0,3992.5,0.8481657215600046,28,0.5630492292835404,0.1862723775621917,0.6629129129129129,0.1755340321082658,0.045304388862671,2.764408569704285,0.3313141511021369,102.432389,2.947168
154,Healthy,0,0.1313483715057373,0.0168043036634723,0.0157992492119471,0.0869978558686044,0.5335655871305734,0.5196825092728956,0.4537023349535768,0.6147740911406739,0.7731488325232116,299.0,3617.0,0.8472931562819204,29,0.5267775753932128,0.2066962222258249,0.6601546601546602,0.1726318815581428,0.0498005404709818,2.7335640138408306,0.3435686201085939,102.433926,2.947928
155,Healthy,0,0.1222798799475034,0.0219729890425999,0.0177939886020289,0.0786338473359743,0.717896446359465,0.6609084455940506,0.6092908708556054,0.7381266385971483,0.6953545645721972,338.5,3913.5,0.8407808090310442,26,0.4322968257765116,0.2109091099765566,0.6638820638820638,0.197481963502617,0.044159368447021,2.802383005408795,0.3185276942134135,102.434574,2.94561
156,Healthy,0,0.1451409343216154,0.0227929838001728,0.0265198484477069,0.0891602022780312,0.6514907891972376,0.6954922911345142,0.5429036386477444,0.9170068056274252,0.7285481806761277,349.0,4036.0,0.8408209806157355,27,0.6472457620679556,0.2492987310720814,0.6124176857949201,0.1801156706141558,0.0470372632864996,2.7776103661292755,0.2846861924686192,102.434448,2.946101
157,Healthy,0,0.129160377714369,0.0174593426701095,0.0211381727001733,0.0848722904920578,0.5610523476615894,0.611130702180136,0.4763163542892087,0.7975881649283236,0.7618418228553955,284.0,4065.0,0.8693952632789147,26,0.5477330128297196,0.2152709220018652,0.7217741935483871,0.2010447361371551,0.0485879670233292,2.90176515732924,0.3740458015267175,102.439593,2.946372
158,Healthy,0,0.1230815226833025,0.0194371303336487,0.0185714364051818,0.1119689361916648,0.5676634183619106,0.5567816944104691,0.545532249209143,0.5690633797265697,0.7272338753954285,309.0,4172.0,0.8620843561704976,27,0.5709032763466386,0.2258122528178824,0.673134328358209,0.1815546772068511,0.0437616387337057,2.8139568764568765,0.348379816217959,102.432595,2.947372
159,Healthy,0,0.091711975634098,0.0202174842771556,0.0176248766688836,0.0521970548563533,0.877380739570324,0.832837881392781,0.7225080615303817,1.009704331225105,0.6387459692348092,294.5,3975.0,0.8620447359175547,24,0.6465603617909103,0.1648350842297077,0.6639700078926598,0.1687339754694754,0.0396350859890279,2.6949549681482026,0.367326996535489,102.439326,2.949102
160,Healthy,0,0.1585889210303624,0.030450013362699,0.0207157501329978,0.072552666068077,0.8341280672710368,0.7249653739162619,0.6443119976414056,0.888435806107709,0.6778440011792971,275.0,4133.0,0.8752268602540835,23,0.6508774087976812,0.2349021041558848,0.6926025297048678,0.18486718540381,0.0424929178470254,2.723422278695468,0.3378483980203178,102.438977,2.948616
161,Healthy,0,0.1092703781194157,0.0241372076173623,0.0187598786627252,0.1053596652216381,0.7344784564893213,0.6662923062621815,0.7237131976883716,0.6045745279310065,0.6381434011558142,272.5,3745.5,0.8643603782976605,28,0.4449663151783445,0.2166052125394344,0.6934024600996239,0.1952357035229963,0.0475411897874481,2.8831147268802924,0.3405288720992984,102.43373,2.947314
162,Healthy,0,0.1433197814557287,0.01719282184624,0.016582488703231,0.0860771727230813,0.5214239903613068,0.5133566880133541,0.4284478973628142,0.6461150747173926,0.785776051318593,275.0,3652.0,0.8599439775910365,29,0.4113384544583169,0.2271213279002243,0.6898242746219861,0.1849835219945551,0.041692908426754,2.834956346541303,0.3564738292011019,102.433998,2.947926
163,Healthy,0,0.1246585249900817,0.0209273542794916,0.0159484551598628,0.0677151667575041,0.714767440740778,0.6434179223671982,0.5749830789768169,0.7625036924944422,0.7125084605115914,292.0,3809.0,0.8575957083638137,29,0.5676758767854927,0.2042898270818922,0.6898242746219861,0.1849835219945551,0.041692908426754,2.7099707196794576,0.3564738292011019,102.434156,2.947934
164,Healthy,0,0.1063274873627556,0.0230398598230547,0.0216905349451634,0.1171983091367615,0.6836613776287811,0.6669802408932971,0.7123856312818273,0.624687607951263,0.6438071843590862,280.0,4031.0,0.8700997448387845,27,0.545600039376927,0.2126048476331763,0.6820285026836942,0.1825634352635003,0.0497863001039621,2.8249736406085253,0.345273631840796,102.432631,2.947439
165,Healthy,0,0.0866094711754057,0.0212959228083491,0.0295903150820069,0.0678701334529452,0.8644955027983453,0.991133428349376,0.7894294074513165,1.214454295124446,0.6052852962743417,361.0,3779.0,0.8256038647342995,27,0.8838053836170068,0.178190365847614,0.6124176857949201,0.1801156706141558,0.0470372632864996,2.842648037258816,0.2846861924686192,102.434412,2.946019
166,Healthy,0,0.0912099414401584,0.0261401403695344,0.0278702957762612,0.0918977691067589,0.8884103297444864,0.911114343615194,0.8910139632258968,0.9308089198396146,0.5544930183870517,297.0,3889.0,0.8580984233158147,27,0.6951990146003711,0.1941424299859338,0.6617783552997958,0.1738788355625491,0.0453059318075665,2.911330847787324,0.3251411491198937,102.432744,2.947512
167,Healthy,0,0.1846346457799275,0.0158158643171191,0.0188499442819092,0.0990886920028262,0.4012204908407817,0.4355149538603978,0.3156063670671024,0.6393136253127566,0.8421968164664488,293.0,3967.0,0.8624413145539906,27,0.4568985147902208,0.2677844117085139,0.6900383915942615,0.1882369654780508,0.0391352963101006,2.67706208102594,0.3579892280071813,102.435021,2.946987
168,Unhealthy,1,0.1209253130687607,0.0190418302598926,0.0234007247620158,0.1355934134787983,0.5170855660593072,0.567866913054376,0.5441800070229614,0.5887191822524382,0.7279099964885193,374.0,3997.0,0.8288721116449325,22,0.4420982784367583,0.2627692973862091,0.6700893706027762,0.1823382917143434,0.0444140555324335,2.5900772090363167,0.3437685083340384,102.438863,2.948278
169,Healthy,0,0.1631325168742073,0.0163770191785362,0.0187254413548443,0.0917691836754481,0.4554616359340965,0.4841649223554379,0.3649281155453335,0.6778770044139493,0.8175359422273332,256.0,4017.5,0.8801918801918802,26,0.430310399012141,0.2582017086032364,0.727555988315482,0.2043988867015138,0.0433401940605704,2.8043688958473125,0.3712146988771691,102.439827,2.94651
170,Healthy,0,0.1203865052925215,0.0231989536227451,0.0203909854301148,0.0813351968924204,0.7479925887679469,0.7107683733704981,0.6462758498807428,0.8017989062230885,0.6768620750596287,298.0,3987.0,0.8609101516919486,24,0.6486991158476875,0.2117596336950858,0.6639700078926598,0.1687339754694754,0.0396350859890279,2.737865518776904,0.367326996535489,102.439247,2.949097
171,Healthy,0,0.1804094910621643,0.0207135900855064,0.0184814188008507,0.1065140234099494,0.5046699257455646,0.4807455704473896,0.411958487654589,0.5914269664227432,0.7940207561727054,285.0,3682.0,0.8563145954121503,27,0.5180204302797633,0.2485817757745583,0.6702986279257466,0.1797064272481117,0.0454660267744379,2.823304521276596,0.3280318091451292,102.434876,2.946849
172,Healthy,0,0.137212353448073,0.0183676669581068,0.0167887000780966,0.0864462984932793,0.5643038766080816,0.5433435381777768,0.4722371654188886,0.6505042014986426,0.7638814172905558,299.0,3617.0,0.8472931562819204,29,0.4704500608676028,0.2120649868415461,0.6601546601546602,0.1726318815581428,0.0498005404709818,2.7335640138408306,0.3435686201085939,102.433956,2.947997
173,Healthy,0,0.0926927576462427,0.0264617210874954,0.028344455278582,0.0920510391394297,0.8907149745405216,0.9151522856795956,0.8883164567108419,0.9417114956202728,0.5558417716445789,285.0,3962.0,0.8657876147869084,27,0.6847200585022365,0.1939916900462574,0.6820285026836942,0.1825634352635003,0.0497863001039621,2.789409801244121,0.345273631840796,102.432667,2.947515
174,Healthy,0,0.1468283236026764,0.0226587173011567,0.0177256179352601,0.1084831961327129,0.6029683295429673,0.5462955879481957,0.5347598773410234,0.5617870056433147,0.7326200613294882,365.0,3806.0,0.8249820187005514,27,0.5180332663847724,0.2523720748722553,0.6497152955036324,0.1835469784476686,0.0465869456900847,2.562555853440572,0.3219213973799126,102.434795,2.946713
175,Healthy,0,0.1245822525686687,0.0214217938482761,0.0237566760430733,0.069240181810326,0.7241189473810645,0.7561221582700977,0.5868821960482309,1.0218270419640818,0.7065589019758846,280.5,3975.0,0.8681706027493832,26,0.5589051681734312,0.1990267493658595,0.7004649322385993,0.1851085832471561,0.0392986698911729,2.792305948152067,0.3701117318435754,102.433882,2.947594
176,Healthy,0,0.1654733899566862,0.0181647050711843,0.0137157383271389,0.0723772802286678,0.5300080166136752,0.4727736889490594,0.3956631126766473,0.6372520586322881,0.8021684436616762,292.0,3809.0,0.8575957083638137,29,0.4621390434334361,0.2292362292193704,0.6898242746219861,0.1849835219945551,0.041692908426754,2.7099707196794576,0.3564738292011019,102.43412,2.948
177,Healthy,0,0.1194303880135218,0.0343730967077944,0.0319860097434785,0.1076797809865739,0.9294536423590436,0.904477735861237,0.8939484503898371,0.9160728500882916,0.5530257748050814,281.5,3918.5,0.8659523809523809,26,0.6640031034596809,0.2801675241854456,0.7194463531952489,0.2015365619426533,0.0421848039507348,2.9439857536020724,0.375886524822695,102.439479,2.946165
178,Healthy,0,0.1731705557968881,0.0148986618344982,0.0206142377315296,0.1071900667415724,0.3842858006167698,0.4497103692569766,0.3168761378844978,0.6451813283289882,0.841561931057751,283.0,3776.5,0.8605739623106294,28,0.3750836162544901,0.2935160771012306,0.6883193691473632,0.1909331108329856,0.0388161086851043,2.772179019203301,0.3588317107093185,102.433652,2.94718
179,Healthy,0,0.0900894527633984,0.0140210314550333,0.0153492659123407,0.0625262099007765,0.6208882088143567,0.6455508405655557,0.5386981555331588,0.7884004946140079,0.7306509222334204,470.0,3863.5,0.7830852659513096,26,0.5779454631031079,0.1558532725191778,0.6150895140664961,0.1771519872178949,0.0426322306739784,2.592833129584352,0.275049115913556,102.434205,2.945398
180,Healthy,0,0.1698177042934629,0.0209158902159995,0.0197871240476767,0.0916510414746072,0.5516875418067042,0.5388063300078065,0.438640927830086,0.7102458643298444,0.7806795360849571,268.5,3823.0,0.868752291335696,22,0.5052417953858592,0.2244877270940277,0.6897799511002445,0.1889622901183595,0.0431685081205095,2.7479706223424816,0.3558970816784665,102.439127,2.948481
181,Healthy,0,0.1199606127209133,0.0143918506801128,0.0119638766886459,0.0663711395528581,0.5352233114632282,0.4956705004555138,0.4284804406497509,0.6109082381121467,0.7857597796751244,325.0,3965.0,0.8484848484848485,29,0.5145252374544201,0.1792106337638365,0.675249807840123,0.1895210806385591,0.0480884828083673,2.627400028872528,0.3410242964516692,102.432275,2.947096
182,Healthy,0,0.1411034117142359,0.0193664062147339,0.0290013164695766,0.0846453913384013,0.5857921331713657,0.7057979821431992,0.4827426481734085,1.0207534218616665,0.7586286759132957,290.5,4174.0,0.8698622466121626,26,0.6310734207119204,0.2432197800113095,0.733934611048478,0.2002341158873642,0.0414762146605722,2.816783926887648,0.3854097268487675,102.439554,2.946437
183,Healthy,0,0.1112328916788101,0.0176908790858255,0.0143466474902298,0.089772584537665,0.5987084414813603,0.5498989661505027,0.5488787360438636,0.5511622477732513,0.7255606319780683,354.0,4029.5,0.8384852286985286,26,0.4590095727932274,0.1876581692033343,0.686408504176158,0.1940860215053763,0.0476415094339622,2.692082326228668,0.3552039966694421,102.434845,2.946364
184,Unhealthy,1,0.1476221730311711,0.0193820010042852,0.0154280551812715,0.1019587318102518,0.5377449171139581,0.4896084750352433,0.4642279419955156,0.5257169252749234,0.7678860290022422,286.0,3823.0,0.8607933803845218,27,0.4768635201938394,0.2410143055021763,0.6900383915942615,0.1882369654780508,0.0391352963101006,2.8160828025477707,0.3579892280071813,102.434955,2.946848
185,Healthy,0,0.1261916475163566,0.0166333386053641,0.0145170476494563,0.0736940167844295,0.5707285973636309,0.5393164604382471,0.4658383398318992,0.6582869277282932,0.7670808300840505,367.5,3818.0,0.8243937402938717,26,0.4785576489626205,0.1945299100544717,0.6224403927068723,0.1756894098516159,0.0421621621621621,2.673562684022935,0.2902265586241111,102.434491,2.945605
186,Healthy,0,0.1333871185779571,0.0195527885937028,0.0165625626428259,0.0709248164461718,0.6426091012453057,0.6008527866903508,0.5113848688755049,0.7572549464981646,0.7443075655622475,305.0,3745.0,0.8493827160493828,28,0.5199609535438711,0.2253378534482585,0.6893711070926261,0.1870676267118452,0.0381528583775774,2.676209740158705,0.3621274317330001,102.434119,2.947863
187,Healthy,0,0.1582046109769079,0.0214489343472652,0.0179003907574547,0.1152808823519283,0.5423530291882057,0.503132295845482,0.4775621724260881,0.5376248578958378,0.761218913786956,269.5,3945.0,0.872108197888243,22,0.4815400860716785,0.2593374902175533,0.6942726002793853,0.1956062526404731,0.0471139615194869,2.647673245929981,0.3362506563976895,102.440062,2.947069
188,Healthy,0,0.1339138837324248,0.0215649944212701,0.0154195893555879,0.071500152349472,0.6941223206738153,0.6103101378779936,0.5548019043449115,0.7096012506760715,0.7225990478275441,289.0,4004.0,0.8653622175634754,29,0.5545195040644392,0.2062412748734156,0.6926406926406926,0.1928997365136597,0.0403967102080309,2.813115250643647,0.36722571628232,102.434193,2.948003
189,Healthy,0,0.1119215049677425,0.0147213649211658,0.0138794798403978,0.0649264103008641,0.5708980128788294,0.5568462862927682,0.4649725621056897,0.7044894647097276,0.7675137189471551,365.0,3890.5,0.8284572905651509,26,0.5546144435418046,0.1769055396111475,0.631096991216595,0.1742230593300148,0.0395426393520724,2.6445878028655017,0.3203022339027595,102.434146,2.945128
190,Healthy,0,0.2174432377020518,0.0330080567962593,0.0359013111641009,0.2085113674402237,0.5367483151216227,0.5569964410892226,0.5271772599519446,0.5875523539794906,0.7364113700240276,282.0,4058.0,0.8700460829493087,27,0.4616706208850221,0.4355458327465586,0.7059388814145685,0.1941342661105879,0.0425182053089029,2.7858934631843,0.3704906821678919,102.432743,2.947918
191,Healthy,0,0.1056674553288353,0.0227555845760636,0.0265051912930276,0.0911871252788437,0.751115521846309,0.8006127951425203,0.7087695352147027,0.9008299629089768,0.6456152323926487,294.0,3687.0,0.8522984174830445,27,0.5787549392834472,0.2118563925226529,0.6836407377706496,0.1927283056384036,0.0451773490976975,2.738940910558605,0.3525970572593512,102.433922,2.947524
192,Healthy,0,0.1469471777478853,0.0189890909112162,0.0199811313715246,0.1333061084151268,0.4773655108698361,0.4883126869005412,0.4577441945552549,0.5214036445390962,0.7711279027223725,266.5,3886.5,0.8716590416566338,24,0.5769892751376613,0.2526900801393721,0.6887305827644207,0.1827316194303929,0.0448729721456994,2.729809214991328,0.3585572842998585,102.439596,2.949314
193,Unhealthy,1,0.1168580402930577,0.015554951917794,0.0187693731859326,0.1109985104865498,0.4805240722288137,0.5236739710794213,0.4698920146151404,0.5785521857874821,0.7650539926924297,327.0,3846.5,0.8432969929315922,22,0.4522333136427655,0.233280645062526,0.6700893706027762,0.1823382917143434,0.0444140555324335,2.635737287500936,0.3437685083340384,102.438938,2.948275
194,Unhealthy,1,0.2058520697885089,0.0104814383925663,0.0139392864786916,0.052926747335328,0.2997461907405782,0.3449260503631872,0.1938014777404365,0.8338635138708642,0.9030992611297818,397.5,3901.5,0.8150732728541521,28,0.3803738314313065,0.2356935828510258,0.6487420779719608,0.1834849738075544,0.0399127854157834,2.84646628757108,0.3240717352866885,102.43461,2.945953
195,Healthy,0,0.1760710701346397,0.0261402524386843,0.0208889221151669,0.0907109607425001,0.6554264323605078,0.599458193205828,0.5170878090509607,0.7487076717386291,0.7414560954745195,275.0,4133.0,0.8752268602540835,23,0.6372149889532279,0.2541679367423057,0.6926025297048678,0.18486718540381,0.0424929178470254,2.723422278695468,0.3378483980203178,102.438939,2.948548
196,Healthy,0,0.1154395764072736,0.0145951864413089,0.0159236363445719,0.0766382279495398,0.5276922013242114,0.5484148286993925,0.4489626042015887,0.6881294565967327,0.7755186978992056,274.0,3962.5,0.8706479405169362,26,0.485415606288369,0.2042372752394941,0.7217741935483871,0.2010447361371551,0.0485879670233292,2.926219754065847,0.3740458015267175,102.439673,2.946372
197,Healthy,0,0.1474164740906821,0.0216310877973834,0.0219202854981025,0.0990151349041197,0.5973504147637775,0.6007438498841118,0.5118343632002544,0.7250244940712081,0.7440828183998728,293.0,3645.0,0.851193499238192,27,0.5520942915258319,0.2528174579557445,0.6870324189526185,0.194526191877575,0.0447876447876447,2.8683895259284613,0.3563429410684781,102.433609,2.947384
198,Healthy,0,0.3008844935231738,0.0295075786610444,0.0245030294689867,0.1348508223891258,0.4771306791181608,0.4411316601410877,0.3572431803943736,0.6150596093730829,0.8213784098028131,278.0,3901.0,0.8669538167025604,27,0.4071168743756331,0.3986462338103189,0.7008695652173913,0.1931679544530297,0.0462379650540829,2.823850350740452,0.3535949982632859,102.432823,2.947651
199,Healthy,0,0.1583611079388194,0.01689789754649,0.0157014278488026,0.11055947922998,0.4465671113069061,0.4324666337035129,0.3856668591653378,0.4974280071979978,0.8071665704173309,272.5,3991.5,0.8721857410881801,22,0.4266531561051044,0.251617457717657,0.6897799511002445,0.1889622901183595,0.0431685081205095,2.6988388969521044,0.3558970816784665,102.439056,2.948478
200,Unhealthy,1,0.0759026184678077,0.0142122132496701,0.0110579029553466,0.0727463385297192,0.6420937113870218,0.5811925222390645,0.6308490169177616,0.5277968159793991,0.6845754915411192,445.0,3890.0,0.7946943483275664,26,0.4568282616623157,0.137837737177809,0.6150895140664961,0.1771519872178949,0.0426322306739784,2.533274505478344,0.275049115913556,102.434292,2.945536
201,Healthy,0,0.0887249658505121,0.0210777832609083,0.0180846856286128,0.0468559476236502,0.948720634565742,0.896456698039975,0.7678417318866941,1.1139211136646932,0.6160791340566529,266.5,3886.0,0.8716435881998796,24,0.6173307831548693,0.1545769530865881,0.6857941942328093,0.1806822019587977,0.0433329354184075,2.783374346354968,0.3718192833650683,102.439405,2.949107
202,Healthy,0,0.3369258609082963,0.0239189236114422,0.0200043546242846,0.155594367120001,0.3541196063417563,0.3275146607076933,0.2651436255982113,0.4556833768622941,0.8674281872008942,276.0,4141.0,0.8750282997509622,27,0.3119676221228287,0.4290889410509003,0.7175293438522224,0.197156652360515,0.0383899488134015,2.8064188207958174,0.3855298913043478,102.432896,2.947788
203,Healthy,0,0.1207642936044269,0.0214028615090582,0.0195223144772979,0.1289392742845747,0.5853588155831772,0.5632639833299865,0.602188641728769,0.5259896419028908,0.6989056791356156,363.5,4002.5,0.8334860284012826,26,0.4308507048850112,0.2411496693061457,0.6224403927068723,0.1756894098516159,0.0421621621621621,2.6771132200397263,0.2902265586241111,102.434451,2.945677
204,Healthy,0,0.1267557111051347,0.0260337245547109,0.0285957379059659,0.0822762168116039,0.7976648539334508,0.8287821342742374,0.6815582358107444,1.031667132731966,0.6592208820946278,267.0,4008.0,0.8750877192982456,26,0.6508662089590043,0.2404647912416193,0.7172845450168512,0.2032114424504115,0.0448180912765832,2.773370894803173,0.3591543340380549,102.439706,2.946578
205,Healthy,0,0.1977294401990043,0.0194651378939549,0.0211910288780927,0.1000846376021703,0.4624312226528359,0.4804696120134406,0.3584829430801689,0.6989375360486328,0.8207585284599155,317.0,3926.0,0.8505774216356352,27,0.5101261818512546,0.2703208525975544,0.6732361056365787,0.1781848459616986,0.0382780971016265,2.7963737796373778,0.3544808459005026,102.434992,2.947055
206,Healthy,0,0.1494059107369846,0.0207174455540047,0.0251247769014702,0.0866344347596168,0.5973129943419374,0.650515181389559,0.4871158436015881,0.8992467476474979,0.7564420781992058,256.0,4017.5,0.8801918801918802,26,0.5462977669860819,0.2537593015780052,0.727555988315482,0.2043988867015138,0.0433401940605704,2.8043688958473125,0.3712146988771691,102.439748,2.946512
207,Healthy,0,0.1795547074741787,0.0254504811018705,0.0246581447621186,0.1880849119689729,0.4864614275008035,0.4797973557222032,0.4965821846490354,0.4636230228333448,0.7517089076754822,272.0,4102.0,0.8756287151348879,27,0.4062738345236895,0.3846665678752793,0.7098800685322673,0.1955277518967123,0.0488089677720691,2.777374909354605,0.3723118279569892,102.432982,2.948057
208,Healthy,0,0.1195782017376687,0.0218360730343394,0.0173101880484157,0.1313032656908035,0.5930620989526746,0.5398968061943733,0.6176483405100116,0.4659117357918593,0.6911758297449941,282.0,3847.5,0.8634217217580821,24,0.5401099045943893,0.2653300803568627,0.6639700078926598,0.1687339754694754,0.0396350859890279,2.8147943475171706,0.367326996535489,102.439207,2.949034
209,Healthy,0,0.1361439625422159,0.0182242742222216,0.0154284788295626,0.1241081853707631,0.4913847374397159,0.4580087360410351,0.4722286036092111,0.4422774162757027,0.7638856981953944,265.0,3990.5,0.8754552931500411,22,0.4661059624727471,0.2532333857897255,0.6926025297048678,0.18486718540381,0.0424929178470254,2.7862538329219952,0.3378483980203178,102.43898,2.948483
210,Unhealthy,1,0.3215630385610792,0.032678569563561,0.0273523189955287,0.1574598724643389,0.4802316992241604,0.4454537829460461,0.3689975295286376,0.5920024816429563,0.8155012352356811,275.0,4092.0,0.8740554156171285,27,0.4266782810268424,0.4367429895533455,0.7175293438522224,0.197156652360515,0.0383899488134015,2.7857247117209165,0.3855298913043478,102.432824,2.947784
211,Healthy,0,0.2033670726749632,0.025165901829799,0.0250058194829358,0.1595973190334108,0.4871257391061714,0.4857645674772693,0.4404773864136545,0.541828696606294,0.7797613067931728,276.0,4158.0,0.8755074424898511,27,0.4882546589044489,0.3851845388611158,0.7098800685322673,0.1955277518967123,0.0488089677720691,2.739590684544813,0.3723118279569892,102.432943,2.94799
212,Healthy,0,0.0840258946021397,0.0138994884780711,0.0141129463704095,0.0695706953605016,0.6130023446182381,0.6169833217840195,0.5677583499136689,0.674585669480799,0.7161208250431655,264.0,3890.5,0.8729088939703935,22,0.5579972318258539,0.163512320154243,0.6891628145865434,0.1849823448872234,0.0346042531772996,2.874296583974003,0.3476967456954836,102.439217,2.948622
213,Healthy,0,0.1304406970739364,0.0211984852535857,0.0161071868820322,0.0573705666595035,0.7366716598479014,0.6628674469399715,0.5591822622150405,0.8768469968493028,0.7204088688924798,283.5,3934.0,0.8655601659751038,26,0.4944193079339785,0.1914811111572716,0.7004649322385993,0.1851085832471561,0.0392986698911729,2.710297720691959,0.3701117318435754,102.433922,2.947665
214,Healthy,0,0.2209829158253139,0.0288446551809708,0.0268295390738381,0.1553237496150864,0.5317036431528156,0.5155246396249193,0.4618330165047344,0.5891639786895468,0.7690834917476328,275.0,4092.0,0.8740554156171285,27,0.4750316769332953,0.387124940339062,0.7175293438522224,0.197156652360515,0.0383899488134015,2.7857247117209165,0.3855298913043478,102.432745,2.947787
215,Healthy,0,0.1209610849618911,0.0169180738222267,0.0196907128103905,0.0797273015810383,0.5771020547883259,0.6170960427840397,0.4908087334276797,0.7922392307238881,0.7545956332861602,280.5,4010.0,0.8692460086237035,24,0.59832151900233,0.1971084610041644,0.7052973799961751,0.1981189116560295,0.0464120166637329,2.6955044810638915,0.358650490277547,102.439821871,2.946927039
216,Healthy,0,0.18382947312461,0.0269058015611436,0.0214170834256543,0.0971340119010872,0.6429582729106802,0.5870013385001539,0.5107033286432994,0.7226279391725962,0.7446483356783502,275.0,4133.0,0.8752268602540835,23,0.5869539400238911,0.2678745492464966,0.6926025297048678,0.18486718540381,0.0424929178470254,2.723422278695468,0.3378483980203178,102.439021,2.948548
217,Healthy,0,0.1385833654138777,0.0194398060234056,0.0144961849889821,0.0541426373852623,0.671479611108243,0.5988827759206231,0.4920748228653525,0.8447805185201753,0.7539625885673238,287.0,3834.0,0.8607134190730406,27,0.3763321824847201,0.2122281998809841,0.6584883260783537,0.171979865771812,0.0447463542315842,2.77586476756926,0.3600141043723554,102.433886,2.947734
218,Healthy,0,0.1209236482779185,0.0152671449921197,0.0170592958521511,0.0737760033872392,0.5422680038476543,0.569563445099215,0.4484046131326398,0.7512187880701521,0.7757976934336802,292.0,3877.0,0.8599184456704245,29,0.4646115680394719,0.1966889148785007,0.6893711070926261,0.1870676267118452,0.0381528583775774,2.687406296851574,0.3621274317330001,102.434044,2.947734
219,Healthy,0,0.0899909668498569,0.0198732091941767,0.0262101357802748,0.0692183855507108,0.7991005886533789,0.8979051970907387,0.7235555723354813,1.0986290226322255,0.6382222138322595,372.0,3938.0,0.8273781902552204,27,0.7812319475933289,0.1715993336919281,0.6124176857949201,0.1801156706141558,0.0470372632864996,2.9076973255055445,0.2846861924686192,102.434492,2.946017
220,Healthy,0,0.1325724472602208,0.015253205369744,0.0134619146378503,0.0551388164361318,0.5591922985772146,0.5307138532032983,0.4127350050109535,0.7849429256567175,0.7936324974945231,299.0,3996.5,0.860784541962519,24,0.3366418299686441,0.1845676298770639,0.6532489936745256,0.1729108587747331,0.0487597276264591,2.7809115523465704,0.3564798899965624,102.439321,2.949236
221,Healthy,0,0.1484174653887748,0.016131544071767,0.0194846010870403,0.0706463410622543,0.5134840534369447,0.5593867115754818,0.3921395607218232,0.8647241722943776,0.8039302196390883,270.0,4001.5,0.8735807093526864,26,0.4873863174103944,0.2284732500298156,0.7217741935483871,0.2010447361371551,0.0485879670233292,2.8550114766641164,0.3740458015267175,102.439711,2.946444
222,Healthy,0,0.1166789117786619,0.016162764487995,0.0171384215354919,0.0753250146905581,0.5763938384611317,0.5912193585853913,0.4866775229650377,0.7414140003879043,0.7566612385174812,292.0,3877.0,0.8599184456704245,29,0.4641799166286366,0.2179530347800917,0.6893711070926261,0.1870676267118452,0.0381528583775774,2.687406296851574,0.3621274317330001,102.434079,2.947797
223,Healthy,0,0.3969220055474175,0.0280938876999749,0.0218949286888043,0.142904316385587,0.3770902443507898,0.3390134511027551,0.2644031731173127,0.5314327423992945,0.8677984134413437,279.0,3992.0,0.869351439943807,27,0.3190439489019831,0.4712005116873317,0.7008695652173913,0.1931679544530297,0.0462379650540829,2.8478294216904434,0.3535949982632859,102.43286,2.947718
224,Healthy,0,0.1935338626305262,0.0168471834104922,0.0202398805154694,0.0983868613839149,0.4139165262216231,0.4508958788863642,0.3203175139115426,0.6824727777699996,0.8398412430442286,281.5,4059.0,0.8702914410782168,26,0.4748514225060958,0.2658951628125375,0.727555988315482,0.2043988867015138,0.0433401940605704,2.794835750221959,0.3712146988771691,102.439863,2.946583
225,Healthy,0,0.0867597320013576,0.0201647033294041,0.018945079193347,0.0677257254719734,0.8280560487715871,0.8080732258405235,0.7543534185437143,0.8743465237921114,0.6228232907281427,262.5,3666.0,0.8663612065673921,24,0.6708251541946343,0.1823666058480739,0.6792067061950522,0.1828328652696766,0.0406081723154893,2.701619304651532,0.3568555758683729,102.439277,2.948889
226,Unhealthy,1,0.1211590675844086,0.0225476554284493,0.0197758929183085,0.0924406738744841,0.6972736502412943,0.661503661958996,0.6276019647718748,0.7049188362650445,0.6861990176140627,282.5,3741.0,0.8595749968932521,28,0.5506978581796106,0.2199862218565411,0.6934024600996239,0.1952357035229963,0.0475411897874481,2.8970514324007373,0.3405288720992984,102.433771,2.947248
227,Healthy,0,0.1481854576203558,0.0182822860984338,0.0209514505954252,0.1537356815404362,0.4320959020717042,0.4600108568939174,0.4392991864974797,0.4797480006513677,0.7803504067512602,277.0,3952.5,0.8690152500295544,24,0.4313732007057762,0.314133053438531,0.701095461658842,0.1960662953029365,0.0458208057726999,2.7333234178627204,0.3543293718166383,102.440055,2.946923
228,Healthy,0,0.1204632255766126,0.0161102976029117,0.0153828714456823,0.0567762218415737,0.6153077179242407,0.6035121790102433,0.4718424838974067,0.8527197748699574,0.7640787580512967,258.0,3877.0,0.8752116082224909,23,0.5847125550844557,0.1934961440662543,0.6792067061950522,0.1828328652696766,0.0406081723154893,2.9461087593617714,0.3568555758683729,102.439364,2.948896
229,Healthy,0,0.1008287916580836,0.0203021253562635,0.0199363546239005,0.0600990346736378,0.8059114223015114,0.800103769222244,0.6704192738459614,0.9963769676829044,0.6647903630770193,280.0,3984.5,0.8686833157462774,26,0.6870097986637063,0.1650005040897263,0.7004649322385993,0.1851085832471561,0.0392986698911729,2.7477377243732386,0.3701117318435754,102.433959,2.947593
230,Healthy,0,0.1335705742239952,0.0165520069292849,0.0151493721124198,0.0596557354761494,0.5850566258742079,0.5637612553443971,0.4410264412489618,0.8100715365983775,0.779486779375519,296.5,3816.0,0.85580547112462,28,0.4007317305354856,0.1963072483324342,0.6584883260783537,0.171979865771812,0.0447463542315842,2.696108472498851,0.3600141043723554,102.433958,2.947735
231,Healthy,0,0.1463656309578153,0.0181481372565031,0.0171115417033433,0.1076718552245034,0.5000627474542358,0.4875219422564234,0.4412551594553673,0.5485198231376144,0.7793724202723163,443.0,3796.0,0.7909884406699693,27,0.5161043100198985,0.2530112984693712,0.668580479113047,0.1832093219149234,0.0344912237633484,2.536308623298033,0.3260149851890573,102.435195,2.946985
232,Healthy,0,0.1519204212559594,0.0142746152770188,0.017219623343812,0.1492210510704252,0.3463759251275256,0.3787234813862604,0.3435629745581789,0.4138320973383186,0.8282185127209107,278.0,3870.0,0.8659594985535197,23,0.4757472315506763,0.2543164439913299,0.701095461658842,0.1960662953029365,0.0458208057726999,2.645845609899823,0.3543293718166383,102.44002,2.946995
233,Healthy,0,0.1370261311531067,0.0311443244831429,0.0324225545757346,0.0972418619526757,0.8401585414653923,0.8537197621873394,0.7407799274923212,1.0001989888607754,0.6296100362538393,277.5,3788.0,0.8634854261468454,26,0.6418567617450192,0.2847227102352514,0.6898989898989899,0.2067224466243508,0.0423026602703881,2.953474676089517,0.3427367649752701,102.439442,2.946097
234,Healthy,0,0.1722998461789555,0.0205354632602797,0.0163418729272153,0.1078696830405129,0.511404162043614,0.4652603789683776,0.4259689435507802,0.5262593419717287,0.78701552822461,286.0,3855.0,0.8618691137406423,27,0.5470848522027082,0.2518955464992258,0.6900383915942615,0.1882369654780508,0.0391352963101006,2.704197605697833,0.3579892280071813,102.435023,2.94685
235,Healthy,0,0.135852773156431,0.0175758187348643,0.0181359218226538,0.0925008969174491,0.5336004469498012,0.5409529475614232,0.4582149524598865,0.6556920934343536,0.7708925237700567,271.5,3833.0,0.8677061761481301,22,0.5014890975157544,0.2312190816220309,0.6942726002793853,0.1956062526404731,0.0471139615194869,2.6534793622410966,0.3362506563976895,102.439983,2.947065
236,Healthy,0,0.1743089432517687,0.0200917389657762,0.0167229912347263,0.1871446685658561,0.4001968837753208,0.3697479946706571,0.4134088159894923,0.3281146455712349,0.7932955920052538,278.0,3865.0,0.8657977311127203,27,0.3080423588525903,0.3463975586411025,0.6999008919722498,0.1945953475414403,0.0425480184779965,2.755838967424708,0.3694598959267899,102.432944,2.948128
237,Healthy,0,0.0998876227272881,0.0241630220164855,0.019322312126557,0.1268163373072942,0.702847592164542,0.6437758279860617,0.7791341049905603,0.5288761652420534,0.6104329475047199,271.5,3623.0,0.860572602387983,24,0.6752104019345989,0.2549544370008839,0.6780555832254208,0.1761502478531034,0.0429668152550767,2.8506421706217573,0.3634259259259259,102.439173,2.948963
238,Healthy,0,0.1292287053333388,0.025395951544245,0.0303754533330599,0.0843632370233535,0.7684569834887475,0.8281958989595718,0.6569702932786703,1.0589437002881756,0.6715148533606649,308.0,4025.0,0.8578352180936996,26,0.6170166855443062,0.2309247619575924,0.7172845450168512,0.2032114424504115,0.0448180912765832,2.7767817122366654,0.3591543340380549,102.439588,2.946509
239,Unhealthy,1,0.1084042804108725,0.0167924855939216,0.0176047383704119,0.0626618957353962,0.6564335773405195,0.6696516059953698,0.5365149957077509,0.8773128992654755,0.7317425021461245,274.0,3979.0,0.8711497766282624,27,0.4970881321311073,0.1674965170936452,0.7142294048088293,0.1995586815611639,0.041302526038549,2.7575171181899374,0.3774076002082249,102.434004,2.947662
240,Healthy,0,0.1268184176749653,0.0156051013618707,0.0177198221079177,0.0731693779428799,0.5399735801800406,0.5713348779287316,0.4382731578998449,0.7798428019176827,0.7808634210500774,376.0,4077.0,0.8311250842128902,27,0.5055012532804664,0.1966969066609939,0.6487420779719608,0.1834849738075544,0.0399127854157834,2.806764750492947,0.3240717352866885,102.434571,2.946025
241,Healthy,0,0.1313342129190763,0.0225004398574431,0.0192041813085476,0.1167124360799789,0.614246841287153,0.5757299513094142,0.5850551732353886,0.5651753752420485,0.7074724133823057,277.0,3894.0,0.8671781347398705,27,0.4395442640660177,0.2418956576536099,0.7023026315789473,0.1996522747029846,0.0359064181158513,2.7530826609834067,0.3645062285611121,102.433808,2.947454
242,Healthy,0,0.0999012639125188,0.0233496924241383,0.0168822093142403,0.1156822848651144,0.712198604807177,0.6290769639945643,0.757793468485848,0.5094036504646354,0.621103265757076,267.5,3766.0,0.8673608528573199,24,0.7189681665904486,0.2281631020208199,0.6792067061950522,0.1828328652696766,0.0406081723154893,2.794775523246525,0.3568555758683729,102.439247,2.948963
243,Healthy,0,0.1163072759906451,0.0214641797873708,0.0257578272786405,0.0926600338684188,0.6816847573637632,0.7372986138968752,0.6231822017459099,0.8700656143975677,0.6884088991270452,298.0,3954.0,0.8598306679209784,27,0.4959476623688004,0.2357938318616814,0.6836407377706496,0.1927283056384036,0.0451773490976975,2.7840389887298205,0.3525970572593512,102.433846,2.947527
244,Healthy,0,0.1581966769364145,0.028601671465569,0.0241143288504746,0.1256407466199663,0.6709267460344098,0.6265394624067337,0.6124609068602513,0.6441004760532303,0.6937695465698743,274.0,4134.0,0.8756805807622504,27,0.5165156648738076,0.2568888444867398,0.6783373900018723,0.1858711469771133,0.04135687732342,2.812181261838846,0.329074529074529,102.432941,2.947854
245,Healthy,0,0.1562639739778306,0.0205462187942531,0.0142535522787107,0.0570120765931076,0.6461875507590148,0.5611150791295862,0.4648197815323486,0.8000239388526442,0.7675901092338255,278.0,3730.0,0.8612774451097804,27,0.5334404312263348,0.208251107070181,0.6727726894254787,0.1831566548881036,0.0458094742321707,2.7470953366226327,0.3365509560051977,102.433806,2.947733
246,Healthy,0,0.2152642624245749,0.0345197264105081,0.0331891377766927,0.1726597050825754,0.6043324235575424,0.5944160251614303,0.5527932606328799,0.6449225036330759,0.72360336968356,280.0,4089.0,0.8718242160677501,27,0.5038360673130954,0.3822126371992958,0.7175293438522224,0.197156652360515,0.0383899488134015,2.8069270449521,0.3855298913043478,102.432787,2.947858
247,Healthy,0,0.2332667443487379,0.020704118327962,0.0193566094256109,0.222738633553187,0.3329883657706619,0.3230273328240153,0.3260865141733672,0.3198180879135424,0.8369567429133165,282.0,3987.0,0.8678847505270555,27,0.445525480316592,0.4223623486856618,0.7059388814145685,0.1941342661105879,0.0425182053089029,2.7302873986735445,0.3704906821678919,102.43286,2.947988
248,Healthy,0,0.1320862389273113,0.0221765434576405,0.0202921929044855,0.1086837872862815,0.6222306768267319,0.5997588179799048,0.575032891661464,0.6293324656101558,0.7124835541692679,277.0,3894.0,0.8671781347398705,27,0.513612267725813,0.23474431099991,0.7023026315789473,0.1996522747029846,0.0359064181158513,2.7530826609834067,0.3645062285611121,102.433729,2.947454
249,Healthy,0,0.1079317091239823,0.0146205402496788,0.0165046590069929,0.094648540019989,0.5045451260994278,0.5327252654086787,0.4772018571475047,0.5939427439415927,0.7613990714262475,327.0,3846.5,0.8432969929315922,22,0.4247378975436361,0.218897327573763,0.6700893706027762,0.1823382917143434,0.0444140555324335,2.635737287500936,0.3437685083340384,102.439022,2.948279
250,Healthy,0,0.1544219851493835,0.0173162351258926,0.0194782610568735,0.0621400086416138,0.5514846098819556,0.5809126292612659,0.4033169808825717,0.9546029891998312,0.7983415095587143,377.0,3884.0,0.8230462332785731,27,0.4792310822264654,0.227946709220608,0.6487420779719608,0.1834849738075544,0.0399127854157834,2.689829728485964,0.3240717352866885,102.43465,2.946029
251,Healthy,0,0.1094714469379848,0.0208665774100356,0.0183103306012021,0.1004373766481876,0.6633734972898424,0.6291313076825802,0.6403834188653644,0.616780939197332,0.679808290567318,346.0,3835.0,0.8344893566132504,27,0.4194570189198767,0.2176891095522377,0.6836407377706496,0.1927283056384036,0.0451773490976975,2.834741631459213,0.3525970572593512,102.433846,2.947385
252,Healthy,0,0.1244376252094904,0.0235947252561648,0.0241642308731873,0.0942691349320941,0.709892787058189,0.7169245904909106,0.6375559175259866,0.8161291611999335,0.6812220412370068,276.0,3738.0,0.8624813153961136,27,0.6193303359279004,0.2368413381692435,0.7023026315789473,0.1996522747029846,0.0359064181158513,2.663076923076923,0.3645062285611121,102.433691,2.947525
253,Healthy,0,0.1154798385169771,0.0280115910702281,0.0245193832864363,0.1054868582222196,0.809028580640627,0.7682840463859345,0.7808575369500905,0.7544063424002233,0.6095712315249547,270.5,3663.0,0.8624634549383501,24,0.7211906775965837,0.2523584026429388,0.6780555832254208,0.1761502478531034,0.0429668152550767,2.7286254323172203,0.3634259259259259,102.439126,2.948894
254,Healthy,0,0.1336776572797033,0.0168109216416875,0.0151969531757964,0.1012247908446523,0.5008387599812812,0.4796798335066045,0.4468358133800666,0.5221345309215486,0.7765820933099667,334.0,3760.0,0.8368343917928676,27,0.4847845224877183,0.2283241444577774,0.6435487057893697,0.1798581560283688,0.040660578005755,2.6703039750584567,0.3118055555555555,102.435151,2.947057
255,Healthy,0,0.1892832219600677,0.0225212151805559,0.0221655453658766,0.1821328269110785,0.432623491726211,0.4295742257446499,0.4253209325469109,0.4339837879046456,0.7873395337265446,300.0,3775.0,0.852760736196319,27,0.4565371262332097,0.3708820603787899,0.6876322369686478,0.1895336225596529,0.045644142533667,2.870951751487112,0.3632456592745401,102.432627,2.947714
256,Healthy,0,0.1213911573092142,0.0138042319772972,0.0161128138295478,0.0797718171444204,0.4827257134315647,0.5178646907356457,0.4084231585159381,0.6721750364319504,0.7957884207420309,269.0,3962.0,0.8728432994563933,26,0.460478689376199,0.202085491683748,0.7161507269310652,0.2012461059190031,0.0384201077199281,2.933746425166825,0.3563472493835558,102.439745,2.946372
257,Healthy,0,0.0904511047734154,0.0234619160700175,0.0192001960757705,0.0966248611609141,0.8021174808898379,0.7427956654344477,0.8238537050918734,0.6630757293401737,0.5880731474540632,272.5,3745.5,0.8643603782976605,28,0.4778595933239376,0.1976297230770191,0.6934024600996239,0.1952357035229963,0.0475411897874481,2.8831147268802924,0.3405288720992984,102.433811,2.94732
258,Healthy,0,0.2033982260359658,0.0235695191141631,0.0220627012766069,0.2419984125428729,0.3828274007186841,0.3717274010047081,0.4153809449633105,0.3342059867503192,0.7923095275183446,282.0,4058.0,0.8700460829493087,27,0.4018950827903204,0.4502403015891711,0.7059388814145685,0.1941342661105879,0.0425182053089029,2.7858934631843,0.3704906821678919,102.432784,2.947984
259,Healthy,0,0.1646031240622202,0.0230896290805604,0.0293327354722552,0.0674532382852501,0.6638870763809327,0.7371006630128858,0.4920728945351616,1.2122721643839671,0.7539635527324192,296.0,3843.0,0.8569702826769752,27,0.5605626054064557,0.2461036520285738,0.6817563629298621,0.1982281284606866,0.0462951770820742,3.116871704745167,0.3623639191290824,102.434766,2.945957
260,Healthy,0,0.14355944428179,0.0242977421730756,0.0305456372184885,0.0820028483867645,0.709014858163875,0.7823433668603644,0.5790098758651342,1.0855992261192304,0.710495062067433,269.5,4036.0,0.8748112878875857,26,0.5628457066538609,0.248451369918055,0.7172845450168512,0.2032114424504115,0.0448180912765832,2.7723391726777566,0.3591543340380549,102.439666,2.946508
261,Healthy,0,0.2223948852883445,0.0318744352294339,0.0292342166519827,0.1633154617415534,0.5673384189564314,0.5470550896923303,0.5014279373465389,0.6073075145258533,0.7492860313267306,272.0,4070.0,0.8747121142330723,27,0.5099544467953299,0.3351677743097147,0.7175293438522224,0.197156652360515,0.0383899488134015,2.8046078865751,0.3855298913043478,102.432864,2.947852
262,Healthy,0,0.1640239912602636,0.0144596331649356,0.0185088607379131,0.1768758628103468,0.3127936305570591,0.3527283770509412,0.3240551218410627,0.3789213486455899,0.8379724390794687,277.0,3952.5,0.8690152500295544,24,0.3571938645358174,0.3325744790749417,0.701095461658842,0.1960662953029365,0.0458208057726999,2.7333234178627204,0.3543293718166383,102.440017,2.946858
263,Healthy,0,0.119597020248572,0.0138221406895253,0.0140344189066025,0.0865348875522613,0.4730042264104004,0.4762039754526737,0.414397470118655,0.5581988939077768,0.7928012649406725,274.0,3962.5,0.8706479405169362,26,0.4120952172911994,0.2008435926917526,0.7217741935483871,0.2010447361371551,0.0485879670233292,2.926219754065847,0.3740458015267175,102.439705,2.946311
264,Healthy,0,0.1385196621219317,0.0176007553107208,0.0160274728097849,0.0779461794429355,0.5594926845399,0.5378492686821593,0.4509533243674151,0.6822113401183013,0.7745233378162923,275.0,3652.0,0.8599439775910365,29,0.4125349770743603,0.2248551046682728,0.6898242746219861,0.1849835219945551,0.041692908426754,2.834956346541303,0.3564738292011019,102.434076,2.947934
265,Unhealthy,1,0.1368481028411123,0.0178826447162363,0.0178273307780424,0.1099276865522066,0.506337550364132,0.5056534513657758,0.4622906564736493,0.5581723880779863,0.7688546717631753,316.0,4000.5,0.8535850805050388,28,0.5031746325831005,0.2340255414860116,0.6774849745723532,0.182813926196375,0.0466739744995096,2.7302704705446463,0.3494374586366645,102.43255,2.947306
266,Healthy,0,0.1313457373115751,0.021492976281378,0.023637313188778,0.0871071997616026,0.6576826060211014,0.6848734657664034,0.5625008422569967,0.8537601569251116,0.7187495788715016,317.5,3984.0,0.8523770777635709,22,0.4968214362406641,0.2181032405545315,0.6942726002793853,0.1956062526404731,0.0471139615194869,2.573885573885574,0.3362506563976895,102.439939,2.94713
267,Unhealthy,1,0.0742623917758464,0.0241663300742705,0.0176515131153994,0.0695655908849504,1.0060886442078936,0.9010241517275628,0.9820844818474822,0.8095436470960378,0.508957759076259,284.0,3955.0,0.8660061335220571,24,0.6789006848028797,0.1714112851768731,0.6857941942328093,0.1806822019587977,0.0433329354184075,2.703240058910162,0.3718192833650683,102.439445,2.949036
268,Healthy,0,0.1449996274378564,0.0247068653504053,0.0220108547558387,0.10586060418023,0.6582486249451388,0.6279728701072889,0.5823434317561768,0.688530652233924,0.7088282841219116,270.5,3663.0,0.8624634549383501,24,0.6660738074780868,0.2654080113603009,0.6780555832254208,0.1761502478531034,0.0429668152550767,2.7286254323172203,0.3634259259259259,102.439160417,2.948815423
269,Unhealthy,1,0.1045391435424486,0.0114017113939755,0.0124500140340791,0.055623446073797,0.4985280596830227,0.5184754332251261,0.393363026354346,0.7315634618454562,0.803318486822827,305.0,3621.0,0.8446255731023943,27,0.4927483889133814,0.1637354493141174,0.6271386430678466,0.1679841897233201,0.0477396479675826,2.7364251526654564,0.309576837416481,102.433948,2.944922
270,Healthy,0,0.1751321918434566,0.0201509191344181,0.018388003628287,0.1769751459360122,0.4108144327784537,0.3946170912704227,0.4127529315466747,0.3764886810904944,0.7936235342266625,275.0,3933.0,0.8692965779467681,27,0.3262930007970518,0.3473526982383595,0.7041396900137336,0.2007188277578103,0.0463799542223828,2.8060754832770787,0.3675092805373873,102.432861,2.948124
271,Healthy,0,0.0997064891788694,0.0159509889781475,0.0175215957893265,0.0717416691283385,0.6275280369609615,0.6533762129737185,0.5516630392543194,0.7851649076689335,0.7241684803728402,277.0,3848.0,0.8656969696969697,22,0.6482716062520338,0.184933585839139,0.6897799511002445,0.1889622901183595,0.0431685081205095,2.7220062504764084,0.3558970816784665,102.439127,2.948618
272,Healthy,0,0.134882198439704,0.0141677375261982,0.0172151119137803,0.0825280013183752,0.4612162565912801,0.50456151473903,0.3802145216470087,0.6903779661944796,0.8098927391764956,263.0,3988.5,0.8762789603669293,26,0.436397792416282,0.2164517649345928,0.7161507269310652,0.2012461059190031,0.0384201077199281,2.97207818109294,0.3563472493835558,102.439785,2.946442
273,Unhealthy,1,0.1632005448142687,0.0202081981632444,0.017470351834264,0.0981848989095952,0.5356679908876065,0.5039530105735459,0.44072486044402,0.6042216577941785,0.77963756977799,272.5,3763.5,0.8649653121902874,28,0.4726594169981945,0.2480501234531403,0.6934024600996239,0.1952357035229963,0.0475411897874481,2.774378129221966,0.3405288720992984,102.43365,2.947318
274,Healthy,0,0.1316569952501191,0.0261492660890022,0.0241450376601682,0.0705380555656221,0.822001585466926,0.7967750376777238,0.662819481739274,1.0200358622669687,0.6685902591303631,274.5,3705.5,0.8620603015075377,26,0.5292840799308411,0.2113548467556636,0.6924679654130639,0.1945588235294117,0.0433498169674394,2.6671330845771144,0.3475073313782991,102.433764,2.947656
275,Healthy,0,0.1605556085705757,0.0195838136391507,0.0228096412287818,0.1022111434075567,0.5188892682543609,0.5556878507336636,0.434859030831138,0.7297871724331494,0.7825704845844309,273.0,4005.0,0.8723702664796634,26,0.5490951888778957,0.2535499864154392,0.7037322789082843,0.2019322356783235,0.0429802810249143,2.8860876962338566,0.3597281223449448,102.439941,2.94672
276,Unhealthy,1,0.1392692029476165,0.0161434342670771,0.0168279921635985,0.0870420096649064,0.4994138918740245,0.50865613760098,0.4154986249869984,0.6480405070708458,0.7922506875065009,277.0,3679.0,0.8599595551061678,23,0.4275932527688278,0.2233555883997016,0.6891050583657587,0.1789788158609451,0.0383304431023141,2.764055898602535,0.3662679840526954,102.439128,2.948756
277,Healthy,0,0.1821607086393568,0.0192254887272914,0.0207370581726233,0.1372778937220573,0.4297524110576423,0.4447681592788344,0.3818630865210498,0.5249391383277417,0.809068456739475,269.0,4094.0,0.8766903506761403,26,0.5065229893321624,0.310435944961177,0.727555988315482,0.2043988867015138,0.0433401940605704,2.7795945062132112,0.3712146988771691,102.439828,2.946649
278,Healthy,0,0.1174496975209977,0.0125585224272476,0.0171456876107388,0.0729154923723803,0.466248085534914,0.539906230439136,0.386391642997558,0.7615129010724734,0.806804178501221,260.5,3759.5,0.8703980099502487,22,0.4550493550459631,0.1931362307320038,0.6972320080523402,0.1969051675184554,0.0502647150420429,2.7717046894803548,0.3664506839452843,102.439247,2.948684
279,Unhealthy,1,0.1605207257800632,0.0142568950023916,0.0184396273559994,0.0561632853415277,0.4651557211981242,0.5244438593843267,0.3262865105627479,0.9886813631935112,0.8368567447186259,333.0,3806.0,0.839091568011597,27,0.4386246153992443,0.2301439394553502,0.6487420779719608,0.1834849738075544,0.0399127854157834,2.8443898443898443,0.3240717352866885,102.434686,2.945957
280,Healthy,0,0.1850558353794945,0.0277237777287761,0.0246143341064453,0.1242463547322485,0.60806134760709,0.5788968934429983,0.5211735715426676,0.661405890258039,0.7394132142286662,278.0,3870.0,0.8659594985535197,23,0.4402607045292009,0.3188402853492234,0.701095461658842,0.1960662953029365,0.0458208057726999,2.645845609899823,0.3543293718166383,102.440093,2.946999
281,Healthy,0,0.0932177089982562,0.0271139426363839,0.0247282735589477,0.0990063332849078,0.8801373283714471,0.8496416754780443,0.9013070881370188,0.7993971675249453,0.5493464559314906,262.5,3666.0,0.8663612065673921,24,0.6400461595588776,0.222076806343264,0.6792067061950522,0.1828328652696766,0.0406081723154893,2.701619304651532,0.3568555758683729,102.439207,2.948896
282,Healthy,0,0.2110132161113951,0.0246568576743205,0.0246795318606827,0.174977533519268,0.4531422883611869,0.4533270278490765,0.4184978988336023,0.4944384375021668,0.7907510505831989,274.0,4004.0,0.8719027582982702,27,0.4628073312800604,0.383894484076235,0.6953978159126365,0.1930835734870317,0.0472175379426644,2.767883644998516,0.3699532143476001,102.432673,2.947784
283,Healthy,0,0.1426463805966907,0.0192645432220564,0.0127169308770034,0.0767954463760058,0.5974175295004752,0.5088068442778465,0.4759294250861615,0.5682758638420984,0.7620352874569193,281.0,3931.0,0.8665716999050332,29,0.4468743814462788,0.2168922600232892,0.6898242746219861,0.1849835219945551,0.041692908426754,2.9312560231288147,0.3564738292011019,102.434154,2.948073
284,Healthy,0,0.1687837748063935,0.0195269607421424,0.0221766707383924,0.1142979438106219,0.4849376054385503,0.5136146869679804,0.4147816784903259,0.6499866898082424,0.7926091607548372,282.0,4130.0,0.8721668177697189,26,0.5392327467270405,0.2760151049329175,0.7263177998472116,0.1990449028321284,0.0475748971431882,2.6839645672037387,0.3748435022118354,102.439864,2.946716
285,Healthy,0,0.1334026141299141,0.0151934863792525,0.0165663546779089,0.093437712225649,0.4725310705848498,0.4912578576404842,0.4089874855986612,0.6023906258823268,0.7955062572006694,330.0,3792.0,0.8398835516739447,23,0.4965106475366395,0.2159044067892763,0.701095461658842,0.1960662953029365,0.0458208057726999,2.624317768344451,0.3543293718166383,102.439943,2.946995
286,Healthy,0,0.1640349187784724,0.0233973434401883,0.0200712506969769,0.1649828826387723,0.498064203159933,0.4667938980425463,0.4993237164878836,0.4338460392140721,0.7503381417560583,275.0,3987.0,0.8709526044110746,27,0.2505898526532026,0.3448837699575556,0.6953907815631263,0.1900407933605289,0.0447023956532477,2.8331552434742786,0.3514371363075295,102.433097,2.948126
287,Healthy,0,0.1205517012212011,0.0152927236631512,0.0178370509917537,0.1308668479323387,0.4338299840866073,0.4657173756849477,0.4503011051405391,0.4798004926786439,0.7748494474297304,298.0,3714.5,0.8514641744548287,28,0.3689200876453185,0.2539660313891039,0.6857283950617284,0.189822237713489,0.0378207466861242,2.712799745910752,0.360490582566798,102.433616,2.94711
288,Healthy,0,0.1134170028898451,0.0160523793763584,0.0186657097397579,0.0669976108604007,0.6042697825539505,0.6455195077929695,0.4959436461464817,0.871584692677596,0.7520281769267593,258.0,3877.0,0.8752116082224909,23,0.6637887942310369,0.2007642725689543,0.6792067061950522,0.1828328652696766,0.0406081723154893,2.9461087593617714,0.3568555758683729,102.439326,2.948825
289,Healthy,0,0.184837304883533,0.0246380495114458,0.0201503367473681,0.1207603000932269,0.5554212495039079,0.5113033897374223,0.4704715661201695,0.5720032837595688,0.7647642169399153,269.0,4094.0,0.8766903506761403,26,0.6210376499958628,0.280974630266428,0.727555988315482,0.2043988867015138,0.0433401940605704,2.7795945062132112,0.3712146988771691,102.439749,2.946647
290,Healthy,0,0.0849140886631276,0.0147913959291246,0.0149372768484883,0.0875125295586056,0.5857705707181932,0.5882343742901899,0.5934035019082188,0.5832037120356727,0.7032982490458907,347.0,3916.5,0.8372229388999648,22,0.4192743768750944,0.1758875197006596,0.6518475750577367,0.194572025052192,0.0394187102633969,2.4536018696728075,0.3290245769198061,102.439069,2.948334
291,Healthy,0,0.2161899556716283,0.0323261672423945,0.0345589704811573,0.1830461381210221,0.557481761076585,0.5739720330351603,0.5203069621938072,0.6352602786423954,0.7398465189030964,275.0,4068.0,0.8733594289661525,27,0.504375481864162,0.3963431529700755,0.6953978159126365,0.1930835734870317,0.0472175379426644,2.7939010017678254,0.3699532143476001,102.432707,2.947851
292,Healthy,0,0.1739420344432195,0.0285064544942643,0.0211713576896323,0.0996992364525795,0.6896983308479373,0.6145979595228706,0.5632337320742781,0.7006288945588496,0.7183831339628609,267.0,4008.0,0.8750877192982456,26,0.5882418244389855,0.2693278160360124,0.7172845450168512,0.2032114424504115,0.0448180912765832,2.773370894803173,0.3591543340380549,102.43967,2.946647
293,Healthy,0,0.1291683026485973,0.0133913630205723,0.020782574907773,0.0808917524086104,0.4523291935171576,0.5596917531519336,0.375740584343089,0.817613470629736,0.8121297078284554,260.0,3663.0,0.8674483813408106,23,0.5163547737723077,0.2186493323081069,0.6972320080523402,0.1969051675184554,0.0502647150420429,2.7037978706499284,0.3664506839452843,102.439277,2.948756
294,Healthy,0,0.1239116523000929,0.0178760347060031,0.0196736255246731,0.0544603019952774,0.6678759121557559,0.6956165145967191,0.504304289983503,1.0615180489056726,0.7478478550082485,267.5,3838.0,0.8696870052368774,24,0.6303842012780478,0.1842808307458956,0.6766865759326349,0.1773927392739274,0.044273691913648,2.8178517875463656,0.3533409833171507,102.439519,2.949173
295,Unhealthy,1,0.1297167158789104,0.0219406050940354,0.0201361216604709,0.1019701717628373,0.6369563172754539,0.6147891763819735,0.5786889799523597,0.659626006029505,0.7106555100238203,275.0,3782.0,0.8644318461917673,27,0.4738499969006128,0.2346983932786517,0.7023026315789473,0.1996522747029846,0.0359064181158513,2.827769714562167,0.3645062285611121,102.433688,2.947384
296,Healthy,0,0.152889325386948,0.0178696411765284,0.0185035674108399,0.0922258194122049,0.5090079257848097,0.5168698192983212,0.4185933315515985,0.6684248126618894,0.7907033342242008,267.5,3838.0,0.8696870052368774,24,0.5469045457191053,0.2267009626246161,0.6766865759326349,0.1773927392739274,0.044273691913648,2.8178517875463656,0.3533409833171507,102.439481,2.94924
297,Healthy,0,0.1190014249748653,0.0189957910527785,0.0167636734743913,0.0983589796556366,0.5951249111654884,0.5650992890628393,0.5506137471345287,0.582463069382433,0.7246931264327356,284.5,3773.5,0.8597831444061114,22,0.5957565273791512,0.2373992887636025,0.6926025297048678,0.18486718540381,0.0424929178470254,2.699210892774253,0.3378483980203178,102.438899,2.948482
298,Healthy,0,0.1351517165700594,0.016025248190595,0.0175569080230262,0.0810125639869107,0.5164961857073485,0.5378600255181001,0.4240129629792848,0.7124683805248045,0.7879935185103575,292.0,3877.0,0.8599184456704245,29,0.4123505234645869,0.2167776597456799,0.6893711070926261,0.1870676267118452,0.0381528583775774,2.687406296851574,0.3621274317330001,102.433999,2.9478
299,Healthy,0,0.1461138212018543,0.0255471690454416,0.0208744243201282,0.0749382418062951,0.750983116213104,0.6942230348204264,0.5952935261211808,0.8714682583859936,0.7023532369394095,273.5,4028.0,0.8728350575380681,22,0.5423373527403706,0.2313587706949976,0.6897799511002445,0.1889622901183595,0.0431685081205095,2.7718715393134,0.3558970816784665,102.43906,2.948618
300,Healthy,0,0.1264108212457763,0.0277628588179747,0.0300023599217335,0.0899111835492981,0.8170120704253905,0.8430195029850066,0.7203008660491136,1.000799711301381,0.6398495669754433,314.0,3829.5,0.8484373114516713,26,0.6138937353501894,0.2468547655476464,0.7172845450168512,0.2032114424504115,0.0448180912765832,2.7224502439402154,0.3591543340380549,102.439627,2.946577
301,Healthy,0,0.1197612252500322,0.022502104855246,0.0262737243125836,0.1072163995769288,0.6618708162922512,0.7075280974540549,0.6326888268001014,0.7872859368781449,0.6836555865999494,284.5,4161.5,0.8720197930724246,22,0.5531674363440531,0.2361185153325399,0.7052228078581696,0.1886439545758183,0.0390050216045778,2.694606616624965,0.3804622912097182,102.438782,2.948274
302,Healthy,0,0.1418508498205078,0.0204018987715244,0.0197581959267457,0.112730120619138,0.5525511396097356,0.545022047463638,0.502965871421331,0.596526439217091,0.7485170642893345,267.0,3824.5,0.8694855187584015,24,0.5697281852001325,0.2556090665360291,0.6766865759326349,0.1773927392739274,0.044273691913648,2.812252964426877,0.3533409833171507,102.439518,2.949308
303,Healthy,0,0.1240584179759025,0.0131599110447698,0.0165929161012172,0.0765836491352981,0.4638632888054717,0.5165535849553021,0.3836196268732357,0.7123214322871195,0.8081901865633822,273.0,3985.5,0.8717858400845369,22,0.4106339226688827,0.1957156544344292,0.6891050583657587,0.1789788158609451,0.0383304431023141,2.7261712439418417,0.3662679840526954,102.439097,2.948684
304,Healthy,0,0.1310672354367044,0.0217604130092594,0.0247979306926329,0.0841680777569611,0.6727697538079436,0.711374664367314,0.5695412637839118,0.9102996813581198,0.715229368108044,275.0,3901.5,0.8683107865437567,26,0.530931021128221,0.2201299077520768,0.6924679654130639,0.1945588235294117,0.0433498169674394,2.637454545454545,0.3475073313782991,102.433806,2.947591
305,Healthy,0,0.202471771174007,0.0211943708774116,0.0211554734657208,0.2378228853146235,0.3512757381677615,0.3509816792289066,0.3790358376644995,0.3267527613558487,0.8104820811677502,280.0,3916.0,0.8665395614871306,27,0.3987055500837851,0.4267519985636075,0.7059388814145685,0.1941342661105879,0.0425182053089029,2.8103261709692378,0.3704906821678919,102.432826,2.948056
306,Healthy,0,0.1074341932932535,0.0165920753238929,0.014812967636519,0.1208154021037949,0.5077255886023977,0.4837971416043387,0.5351148755465849,0.436869297032213,0.7324425622267077,302.0,3812.5,0.8532020901689148,22,0.4156452755527615,0.2226318070251081,0.6700893706027762,0.1823382917143434,0.0444140555324335,2.6560490277672693,0.3437685083340384,102.439018,2.948409
307,Healthy,0,0.1452527857489056,0.0164031763043668,0.0164354983717203,0.0891643224491013,0.4910699458751428,0.491494317884341,0.4058786597418849,0.6225578128435475,0.7970606701290576,274.0,3904.5,0.8688524590163934,22,0.4820348432192557,0.2277435027062893,0.6940327613104524,0.1931053426727098,0.0368823108140367,2.677754831096032,0.3540869269371438,102.439903,2.947063
308,Healthy,0,0.1240067092908753,0.0153040087057484,0.015608973801136,0.084706758459409,0.5115799342596559,0.516019537471066,0.4394208550736004,0.622393853861151,0.7802895724631999,327.0,3894.0,0.8450604122245914,23,0.4489268238983137,0.2167150655554401,0.7052973799961751,0.1981189116560295,0.0464120166637329,2.590790238233585,0.358650490277547,102.439864,2.946997
309,Healthy,0,0.1876051367984877,0.0173603608790371,0.0182805351085133,0.0914170791705449,0.4426645840649867,0.4530673553176847,0.3387957695465489,0.6665791313203844,0.8306021152267254,276.0,3950.0,0.869380028395646,23,0.388254130078475,0.2586711827251646,0.6891050583657587,0.1789788158609451,0.0383304431023141,2.779543047359661,0.3662679840526954,102.439056,2.948753
310,Healthy,0,0.087200922684537,0.021350338227219,0.0152437906298372,0.0699141638146506,0.8548009591084808,0.7556507580655308,0.7867375486158643,0.716024274151593,0.6066312256920678,285.0,3899.0,0.8637667304015296,23,0.6751552715001465,0.1889768789211909,0.6792067061950522,0.1828328652696766,0.0406081723154893,2.7566742944317317,0.3568555758683729,102.439326,2.948969
311,Healthy,0,0.1236554781595866,0.0140771390870213,0.0182306621637609,0.0858836828006638,0.4737914227095833,0.5343511608401486,0.4088251386907554,0.7004092344811934,0.7955874306546222,260.0,3663.0,0.8674483813408106,23,0.5157501834160659,0.2088198411381906,0.6972320080523402,0.1969051675184554,0.0502647150420429,2.7037978706499284,0.3664506839452843,102.439209,2.948752
312,Healthy,0,0.1232295226719644,0.0233766493491,0.0231237501526872,0.0966129899024963,0.7014858706895901,0.6983538497690557,0.6378080547861584,0.7724863777660916,0.6810959726069208,313.0,3898.5,0.8513593731449602,22,0.5603413187177678,0.2367539799047842,0.6942726002793853,0.1956062526404731,0.0471139615194869,2.6422254974207813,0.3362506563976895,102.440016,2.947136
313,Healthy,0,0.1818218545781241,0.0261199956552849,0.0211916166461176,0.1010050641165839,0.623636530503677,0.5732334503173748,0.5024480762475841,0.6936887815233026,0.7487759618762081,272.5,3864.5,0.8682620256224317,24,0.62522150416928,0.2899197878109084,0.6780555832254208,0.1761502478531034,0.0429668152550767,2.753123323369357,0.3634259259259259,102.439088,2.948826
314,Healthy,0,0.1589558687474992,0.0222785543236467,0.0300902529723114,0.0896152009566624,0.6080221819394012,0.696070029907499,0.4917069052583011,1.0054764251648949,0.7541465473708494,292.0,4101.5,0.8670763628086947,26,0.5919655481658805,0.2634920680688487,0.7263177998472116,0.1990449028321284,0.0475748971431882,2.7214602086012287,0.3748435022118354,102.439824,2.946787
315,Healthy,0,0.1366612836718559,0.025536838091082,0.015499976153175,0.1252597421407699,0.6527097852667703,0.5418155111820445,0.629769021084118,0.4404662453446176,0.6851154894579409,285.5,3835.5,0.8614413977190002,22,0.4866115503916456,0.2666051296724214,0.7171235597934048,0.2047386759581881,0.0397546159860467,2.65658908927636,0.3702105626510183,102.440155,2.947127
316,Healthy,0,0.0755840531653828,0.0231797709647152,0.0164751082451807,0.0683477541638745,0.9744960474563216,0.8640033753523574,0.9387960083109512,0.7769182872292183,0.5306019958445245,293.0,3923.5,0.8610221747895174,24,0.7079861491710338,0.1770430196904474,0.6639700078926598,0.1687339754694754,0.0396350859890279,2.6442097596504004,0.367326996535489,102.439361,2.949034
317,Healthy,0,0.1165722401605712,0.0184089142001337,0.016031934465799,0.094664468947384,0.5937053806007793,0.5607487957468337,0.545525463530717,0.579311846508998,0.7272372682346415,350.0,3891.5,0.8349640457385359,26,0.4346583633050395,0.2217013264695803,0.6638820638820638,0.197481963502617,0.044159368447021,2.854897218863361,0.3185276942134135,102.434571,2.945754
318,Healthy,0,0.1188857754071553,0.0226242606424623,0.0277189379557967,0.0832279850211408,0.7316963762063522,0.7976519845977164,0.6395097132059119,0.9993585116933302,0.6802451433970441,292.5,4092.5,0.8665906499429875,26,0.6820361287020125,0.2053132055120335,0.7052973799961751,0.1981189116560295,0.0464120166637329,2.722258041406977,0.358650490277547,102.439777,2.946848
319,Healthy,0,0.154169936147001,0.0207502827462222,0.023261420842674,0.0964188269442982,0.5683270346598228,0.5975781923885852,0.4745085017047417,0.7774522955226075,0.762745749147629,282.0,4130.0,0.8721668177697189,26,0.667260856327219,0.2402420327481296,0.7263177998472116,0.1990449028321284,0.0475748971431882,2.6839645672037387,0.3748435022118354,102.439906,2.946655
320,Healthy,0,0.1625227083762487,0.015303221427732,0.0200476139369938,0.1310409804185231,0.3776590113303455,0.4299090829760188,0.3442292458608459,0.5307512197729775,0.8278853770695771,283.0,3776.5,0.8605739623106294,28,0.4057554293311477,0.2775515723559591,0.6883193691473632,0.1909331108329856,0.0388161086851043,2.772179019203301,0.3588317107093185,102.433685,2.94711
321,Healthy,0,0.1042761082450548,0.0189374406925506,0.0162505871719784,0.1237695614496866,0.5697172517325187,0.534704001665379,0.6147843595395635,0.4642356784204693,0.6926078202302183,356.5,3667.0,0.8227911022741394,22,0.4652951008359658,0.2339895842596888,0.6700893706027762,0.1823382917143434,0.0444140555324335,2.5766656288916563,0.3437685083340384,102.438934,2.948409
322,Unhealthy,1,0.1042966081036461,0.0150871153713928,0.0193225021163622,0.1178536630339092,0.4783400822024812,0.5364769632872439,0.5054999101128642,0.5634361361595177,0.7472500449435678,327.0,3846.5,0.8432969929315922,22,0.4386896606149502,0.2160277324211266,0.6700893706027762,0.1823382917143434,0.0444140555324335,2.635737287500936,0.3437685083340384,102.438977,2.94834
323,Healthy,0,0.1552169438865449,0.0186434657209449,0.018166625044412,0.076657709148195,0.5541196603429459,0.5480041813277474,0.4289295248535237,0.7663275550139689,0.7855352375732383,278.0,4133.0,0.8739514849240535,23,0.4468544147738319,0.2119639942215548,0.6973709097787025,0.1862524785194977,0.0390783303421524,2.646210873146623,0.3765182186234818,102.439015,2.948684
324,Healthy,0,0.1169003728363249,0.0180521232800351,0.0176628952225049,0.0580274868342611,0.6843365629040082,0.6782098462058814,0.5350660061736102,0.9334287787982438,0.7324669969131948,298.0,3987.0,0.8609101516919486,24,0.5162309411646208,0.1840889333850807,0.6639700078926598,0.1687339754694754,0.0396350859890279,2.737865518776904,0.367326996535489,102.439286,2.949168
325,Healthy,0,0.0885384960307015,0.0223676961743169,0.015286781411204,0.0688875396218564,0.8851419935235141,0.7720807570270616,0.8067248808964079,0.7264344386074678,0.596637559551796,280.0,4026.0,0.8699489084997678,23,0.5511686835836236,0.1846477534208032,0.7012010545845132,0.1851700680272109,0.0373325394462637,2.75077103833162,0.3782222605397017,102.439409,2.948964
326,Healthy,0,0.1277254919211069,0.0201703905024462,0.0211101329574982,0.0872625356747044,0.631981658880951,0.6443322567654912,0.5455294676745908,0.7791681509345204,0.7272352661627045,267.5,3838.0,0.8696870052368774,24,0.630881169083182,0.2307929967840512,0.6766865759326349,0.1773927392739274,0.044273691913648,2.8178517875463656,0.3533409833171507,102.439561,2.94924
327,Healthy,0,0.1401830050680372,0.0193278185195393,0.0202845746858252,0.1034114327695634,0.5478211058894215,0.5594835839161653,0.484677292357599,0.6559492130137151,0.7576613538212006,303.0,3662.0,0.8471626733921815,24,0.5819251600744448,0.2356886660887135,0.6766865759326349,0.1773927392739274,0.044273691913648,2.72889755463482,0.3533409833171507,102.439446,2.949309
328,Unhealthy,1,0.0987802313433753,0.0207915844188796,0.0234291129228141,0.0952130402955744,0.7060666805833746,0.7425374344069127,0.6955346219787977,0.7899085539921841,0.6522326890106012,262.5,3666.0,0.8663612065673921,24,0.7012542782643864,0.2092063849171003,0.6792067061950522,0.1828328652696766,0.0406081723154893,2.701619304651532,0.3568555758683729,102.439237885,2.948827264
329,Healthy,0,0.1087016959985097,0.0115019768062565,0.0132179811803831,0.0646037426259782,0.4687285381585966,0.4993290438434709,0.382749596177079,0.6793980155604127,0.8086252019114605,364.0,3745.0,0.8228279386712095,27,0.5671835700968175,0.1687863779564698,0.6246322808393803,0.1727066817667044,0.0401808136614766,2.8411764705882354,0.2705597788527989,102.434202,2.946359
330,Healthy,0,0.1486582499411371,0.0147604653611779,0.0162852615531947,0.0647667638129658,0.4860493684876697,0.507966341157749,0.3612919201787117,0.8036942435244243,0.8193540399106443,382.0,3926.0,0.8226555246053854,27,0.5084762813674516,0.2141626288907395,0.6433660697092239,0.1805228938995711,0.0425116051795748,2.6654632972322503,0.3065546218487395,102.4342,2.946498
331,Healthy,0,0.1454312528173128,0.0202185185626149,0.0187552977974216,0.0911301697293917,0.5839315810365412,0.5657906627794751,0.4882232771995202,0.6827216817490482,0.75588836140024,320.0,3618.0,0.8374809547993906,27,0.3693010237240284,0.2435604654666449,0.643703554930709,0.1716535433070866,0.0404271548436308,2.851461179318693,0.3410934744268077,102.436995,2.947153
332,Healthy,0,0.1578669779830508,0.0138711701664659,0.0135713913995358,0.0823188535869121,0.4141757865311224,0.4101591949111307,0.3230772036598308,0.5661218782558679,0.8384613981700845,474.0,3757.0,0.7759394942094068,27,0.3300416195128763,0.2279353855798642,0.6020821283979179,0.1715776117298745,0.0391396773790171,2.446713370099866,0.2744836775483011,102.434251,2.946155
333,Healthy,0,0.1313119886649979,0.0144948439879549,0.0159922370480166,0.0645329132676124,0.5157513883909948,0.5388028794888181,0.3976451233243728,0.7943971286154901,0.8011774383378136,420.0,3872.0,0.804287045666356,27,0.6061820579725175,0.1833235822204086,0.5547524394651246,0.1612903225806451,0.0476074516011201,2.521180251241601,0.2308414138254613,102.434169,2.946428
334,Healthy,0,0.0767249953415658,0.0120707377791404,0.0113592885641588,0.0639958178831471,0.585736756088785,0.570938934091568,0.5437530545631876,0.6029737916753971,0.7281234727184062,494.0,3733.0,0.7662644901821623,27,0.5210912704588797,0.1340479252652989,0.5841035120147874,0.1715652768284347,0.0489596083231334,2.3777712523858465,0.2432432432432432,102.43401,2.946153
335,Healthy,0,0.1550172112054295,0.0175780879540575,0.0201379245974951,0.1453893226053979,0.419071307864462,0.4461815747847916,0.4073827743782161,0.4866370929931863,0.796308612810892,325.5,3687.5,0.8377772240219288,26,0.5038663822750207,0.2535205591056081,0.678637831490361,0.1907538525614327,0.0525863655887586,2.70235511614822,0.3433761630482942,102.437029,2.947626
336,Healthy,0,0.0764274518522951,0.0129851514680518,0.0117915339974893,0.073137345827288,0.5917973748842974,0.568463340303619,0.5809092224517245,0.5553603919805483,0.7095453887741376,453.0,3835.0,0.7887126865671642,27,0.5150196979965973,0.1513555718378888,0.5746691871455577,0.1582313681868743,0.0533636823469903,2.5171181899374813,0.2512363996043521,102.433973,2.946098
337,Healthy,0,0.1447071954607963,0.0182368568041258,0.014570169771711,0.1059722205003102,0.5080733567201726,0.4629078735793365,0.4476838902834075,0.4834870036617433,0.7761580548582964,310.0,3751.0,0.8473282442748091,24,0.3857824584207465,0.246868530081378,0.6657246669358095,0.1864845434938893,0.043632224611104,2.7788096584026487,0.3358613217768147,102.437148,2.947696
338,Unhealthy,1,0.1005155502094162,0.0114870837165249,0.0118364670003453,0.0734456537498368,0.4666336427148859,0.4728910909544898,0.4102433421028453,0.5551675730493616,0.7948783289485774,486.0,3821.0,0.774320872997446,27,0.3181711475147301,0.1797777064558533,0.5841035120147874,0.1715652768284347,0.0489596083231334,2.625570776255708,0.2432432432432432,102.434173,2.946153
339,Healthy,0,0.1329250145289633,0.017338057152099,0.0177429530562625,0.0843687380353609,0.5504803369569901,0.5560145526905796,0.4615387389098375,0.6950410033006699,0.7692306305450813,374.5,3857.0,0.8229942100909843,28,0.4332749479476521,0.1982064089841312,0.6466431095406361,0.1733109525807805,0.0395340190853885,2.684007707129094,0.3216415292879691,102.434441,2.946927
340,Healthy,0,0.0938623911804623,0.0144332019198271,0.0161870186113648,0.0766735569470458,0.57905844248834,0.6088845444883169,0.5331039428893817,0.6972611795274922,0.7334480285553092,317.0,3948.0,0.851348182883939,26,0.6846152139528263,0.1505319440944327,0.662608695652174,0.1935081148564294,0.041016333938294,2.781522904856749,0.341959972394755,102.437144,2.947424
341,Healthy,0,0.1721303289135297,0.0213267447219954,0.020368106663227,0.1816872714294327,0.4303313965909694,0.4216792791532855,0.4409607634647712,0.4032183029325055,0.7795196182676145,325.5,3687.5,0.8377772240219288,26,0.4300492913727794,0.249013388943341,0.678637831490361,0.1907538525614327,0.0525863655887586,2.70235511614822,0.3433761630482942,102.436992,2.947557
342,Healthy,0,0.1457740921113226,0.0179989200292362,0.0190388459919227,0.0988012709551387,0.5132042498362649,0.5260801034547659,0.4396064966745206,0.6462602544929832,0.7801967516627397,305.0,3904.0,0.855072463768116,27,0.4858268947424178,0.2577554215159681,0.6706972994760177,0.1880194898251648,0.0447385003150598,2.9572719802793754,0.3352780309936189,102.436995,2.947285
343,Healthy,0,0.0955576317177878,0.0124624785449769,0.0131030505937006,0.0631472422844833,0.5429391715213345,0.55495681786993,0.4614873476674391,0.6873705056915019,0.7692563261662805,461.0,3931.0,0.7900728597449909,27,0.4491486920429909,0.15842866535402,0.5746691871455577,0.1582313681868743,0.0533636823469903,2.497840483731644,0.2512363996043521,102.433932,2.946019
344,Healthy,0,0.1437774888343281,0.0187359101449449,0.0178264644410875,0.0598402209579944,0.6217079651217006,0.6089160086801504,0.4611536097976631,0.9181009514948724,0.7694231951011683,335.0,3898.0,0.8417198204583038,27,0.5118666677092492,0.2129110598729715,0.6246322808393803,0.1727066817667044,0.0401808136614766,2.84903246441708,0.2705597788527989,102.434253,2.946432
345,Healthy,0,0.1855992128451665,0.0213203353600369,0.0208821031782362,0.0981345044242011,0.522598246544435,0.5179227623115236,0.4121473402579323,0.7018214885771474,0.7939263298710337,311.0,3981.0,0.8550792171481827,28,0.5185519307821109,0.2614712822768423,0.7013513513513514,0.1954693434617471,0.0463017927104357,2.907621613056568,0.363815733035944,102.438884,2.946492
346,Healthy,0,0.1306904016269577,0.0160583268023199,0.0143888678608669,0.135108304520448,0.4312184995277913,0.4111070509988726,0.4377094636307903,0.3849937127684513,0.781145268184605,411.0,3505.0,0.7900919305413687,23,0.4502370400976979,0.2082073443258802,0.6451547643131701,0.1804325736681666,0.0398976982097186,2.526126714565643,0.3254930341957662,102.437262,2.947622
347,Healthy,0,0.1299032726221614,0.0205234483712249,0.0204281022565232,0.1010077661938137,0.6037241995997086,0.6025330768980299,0.5457394334116275,0.6728852856148542,0.7271302832941863,320.0,3813.0,0.845148802322768,27,0.4805165164339915,0.214485563751724,0.6753015621910223,0.1870533837746952,0.0402750491159135,2.7297592997811817,0.3398567185042809,102.4346,2.946928
348,Healthy,0,0.1074125940601031,0.0146675911835498,0.0158792093603147,0.0692553114559915,0.5696066533475059,0.5896647226384707,0.4805887590775059,0.7460761725353264,0.7597056204612471,305.0,3904.0,0.855072463768116,27,0.5454504689801876,0.1741077846123112,0.6706972994760177,0.1880194898251648,0.0447385003150598,2.9572719802793754,0.3352780309936189,102.437034083,2.94735651
349,Healthy,0,0.1565575831466251,0.0276772808283567,0.0231802846408552,0.1217434944378005,0.6636130806314071,0.6180310502850688,0.6009129918453467,0.63979244229546,0.6995435040773268,269.0,3902.5,0.8710296056574374,24,0.438385384033035,0.2852771789249446,0.6845624385447394,0.1849495089223959,0.0494976721391815,2.882586275287584,0.371950149201334,102.43738,2.947838
350,Healthy,0,0.0918490580386585,0.0134676353385051,0.01575827681356,0.0518808062705728,0.6313010722238409,0.6759164163240352,0.5115099954866361,0.93190363293122,0.7442450022566819,373.0,3872.0,0.8242638398115429,27,0.6311139522127436,0.1579866444485055,0.5547524394651246,0.1612903225806451,0.0476074516011201,2.832281042577303,0.2308414138254613,102.434131,2.946359
351,Healthy,0,0.1484397161338064,0.0201758087302247,0.0209319624635908,0.1081040038002861,0.5436477085098369,0.5524282245392885,0.4786228017021363,0.6488721887286899,0.7606885991489318,296.0,3685.0,0.8512936448128611,27,0.3479851017036917,0.2617911590884129,0.6706972994760177,0.1880194898251648,0.0447385003150598,2.8082532316871065,0.3352780309936189,102.436956,2.947223
352,Healthy,0,0.2037123491366704,0.0172385393331448,0.0199738337347904,0.060295929097467,0.462027069258087,0.4941543404421841,0.3120791131917048,0.9953353805980684,0.8439604434041478,297.5,3750.0,0.8529956763434219,26,0.4151438587111851,0.2707761608892017,0.6760865328396024,0.1785665341921337,0.0376447876447876,2.7788956857694784,0.3400754199520054,102.439141,2.946978
353,Healthy,0,0.1442924845549795,0.0160981219054924,0.0137581785933838,0.1494673308398988,0.3950991908470794,0.3690335435417961,0.4014729356225675,0.3371575592847481,0.7992635321887163,310.0,3751.0,0.8473282442748091,24,0.3687804552134774,0.254920674694909,0.6657246669358095,0.1864845434938893,0.043632224611104,2.7788096584026487,0.3358613217768147,102.437224,2.947696
354,Healthy,0,0.1120143557588259,0.0171932600852515,0.0169220159037245,0.095087523261706,0.5695763487719467,0.565718901504021,0.5322676987090186,0.6043062414079512,0.7338661506454908,372.0,3748.0,0.8194174757281554,28,0.5174329833308738,0.1843681250595384,0.6466431095406361,0.1733109525807805,0.0395340190853885,2.617257151717187,0.3216415292879691,102.434477,2.946984
355,Healthy,0,0.1423993069264623,0.0126730262612303,0.011375596643322,0.0935994986858632,0.3879326756738963,0.3699113356622402,0.326893289105064,0.433458873560436,0.8365533554474681,386.0,3560.0,0.8043588443993918,27,0.3580043276139269,0.2048403632102741,0.6246322808393803,0.1727066817667044,0.0401808136614766,2.647647647647648,0.2705597788527989,102.434327,2.946296
356,Healthy,0,0.2702326724926631,0.0169990244838926,0.0196237327117058,0.1603581582506497,0.2927151333361806,0.3135418844058694,0.2367290889247517,0.4361268260218522,0.881635455537624,293.0,3979.0,0.8628277153558053,27,0.2784412385295535,0.3689755517989397,0.6861022364217252,0.1938357132758376,0.0390057831918297,2.8047481357479835,0.3434790302601309,102.434486,2.94657
357,Healthy,0,0.1211135014891624,0.0183422219836049,0.0187754788332515,0.0831409365766578,0.609024888928982,0.6151116029990213,0.5261088330214497,0.7368971429278101,0.7369455834892752,320.0,3850.0,0.8465227817745803,27,0.4671559379468546,0.1983942238407002,0.6753015621910223,0.1870533837746952,0.0402750491159135,2.727132262051916,0.3398567185042809,102.434684,2.946927
358,Healthy,0,0.0839202296402719,0.0135161888061298,0.0119266220264964,0.0485617108643054,0.6778671139091007,0.6444287071454758,0.5548721523899136,0.7886890880611478,0.7225639238050432,311.0,3692.5,0.8446359435493943,20,0.4671035692897275,0.133316876573695,0.6582071223905035,0.1919087899963222,0.050025920165889,2.707799487508008,0.3020122170319799,102.440093,2.947683
359,Healthy,0,0.1549274946252505,0.0153147851427396,0.0160817612583438,0.0681389272212982,0.4829334516177777,0.4935342319913469,0.359835057745019,0.7637914887020244,0.8200824711274906,285.0,3918.0,0.8643825838686653,27,0.3691950308288809,0.2332411097983518,0.6861022364217252,0.1938357132758376,0.0390057831918297,2.839168490153173,0.3434790302601309,102.43445,2.946503
360,Healthy,0,0.1512473714020517,0.020885559833712,0.019295692599068,0.047574787090222,0.6944686067197229,0.6724799830640069,0.4853355992667289,1.154212901640567,0.7573322003666357,334.0,3743.0,0.8361540348295315,27,0.4875080536293136,0.1773620424792171,0.6412814118549779,0.1789995866060355,0.0440512507626601,2.8522423025435075,0.3068872383524645,102.43437,2.946369
361,Healthy,0,0.1843972661428981,0.0190308921866946,0.0181973901473813,0.0972571455770068,0.4761946355984126,0.4669840418216469,0.3742036961443833,0.6304608141449523,0.8128981519278083,284.5,3793.0,0.860453709380748,24,0.4971707832290592,0.2804850180529886,0.6896416682984139,0.1859538207806487,0.0407670968520082,2.719978292890922,0.3639413738301253,102.437184,2.947769
362,Healthy,0,0.1167816677027278,0.0184476897120475,0.0197625610356529,0.0973304717077149,0.5879565615469258,0.6057369815457458,0.5456711490675733,0.6751063004394601,0.7271644254662134,457.0,3556.0,0.7722402192873162,26,0.4591043532286385,0.2022097851667139,0.662608695652174,0.1935081148564294,0.041016333938294,2.353790065319763,0.341959972394755,102.437068,2.947547
363,Healthy,0,0.1858971814314524,0.0222770620344413,0.0246270193407932,0.1078410533567269,0.5268120653911428,0.5507722223534148,0.4280464607638374,0.7436363748426223,0.7859767696180813,316.5,3900.0,0.8498754891497687,28,0.6067200527497585,0.2733439823819531,0.6810733109726881,0.197324414715719,0.0430491140444761,2.8384158415841583,0.3537931034482758,102.438762,2.946561
364,Healthy,0,0.0820010296172565,0.0107737896550032,0.0127271156137188,0.0739600910908646,0.4855554529508902,0.5238078672254473,0.4645135281109466,0.5872661536824387,0.7677432359445268,482.0,3769.0,0.7732298282756999,27,0.3466130969216855,0.1580037631922298,0.612184249628529,0.1759924129521745,0.0464135021097046,2.483003474845143,0.2732069249793899,102.434133,2.946099
365,Healthy,0,0.0788879154456986,0.0147916267936428,0.013727114846309,0.0661465339362621,0.6776690583885601,0.6572910926506924,0.6315840765255553,0.6874414806653649,0.6842079617372222,451.0,3882.0,0.79183014078006,27,0.52804576459041,0.1465786325020922,0.5976132761514078,0.1722533862361472,0.0455155582672361,2.62589928057554,0.2774256460263286,102.434174,2.946019
366,Healthy,0,0.1010717931720945,0.0140690173332889,0.015142081098424,0.0777301953898535,0.543887726068431,0.5617165507015064,0.4887586693731361,0.652167973952281,0.755620665313432,297.0,4007.5,0.8620048786154025,22,0.5534086962403775,0.1828530923359923,0.6887210948560641,0.1892323030907278,0.0511720815463251,2.6623376623376624,0.351010101010101,102.438554,2.947858
367,Unhealthy,1,0.1023726794454786,0.0114568576423658,0.0119156566345029,0.0537379400597678,0.5119687289800635,0.520884916244931,0.4025970037469036,0.7259712938494793,0.7987014981265482,449.0,3716.0,0.7843937575030012,27,0.5562587905718469,0.1652319611360629,0.6020821283979179,0.1715776117298745,0.0391396773790171,2.6380813953488373,0.2744836775483011,102.434174,2.946284
368,Healthy,0,0.1252765523062812,0.0177565667157371,0.0155683168106608,0.0684594060811731,0.6196427327096957,0.587065268418964,0.4965721739733209,0.7411038297777688,0.7517139130133395,346.5,3840.0,0.8344679326406306,26,0.4999771401933537,0.1880814064708021,0.6725009723842863,0.1829436038514443,0.0395261694669406,2.827600161877782,0.3513421097623525,102.43869,2.946291
369,Healthy,0,0.104815489716,0.0196387842297554,0.0205767680373456,0.0711014771627055,0.7300848675879088,0.744275825332345,0.6311967795759319,0.8977819325596834,0.684401610212034,340.0,3870.0,0.838479809976247,25,0.6175096851754953,0.1839608496261968,0.662608695652174,0.1935081148564294,0.041016333938294,2.6493545481837284,0.341959972394755,102.437187,2.947496
370,Healthy,0,0.1784911553064982,0.0250873441497484,0.0248676103850205,0.0501911035842365,0.7197193945506184,0.7171325598707201,0.4929271846831783,1.325235089703558,0.7535364076584109,336.0,3713.0,0.8340330945912571,27,0.4746413848952203,0.2202254987011352,0.6246322808393803,0.1727066817667044,0.0401808136614766,2.68015873015873,0.2705597788527989,102.434327,2.946433
371,Healthy,0,0.1150875414411227,0.0165149622286359,0.0166380874191721,0.0930189577241738,0.5479043598817062,0.5496661137087765,0.5019649860181477,0.6069135785091585,0.7490175069909262,299.0,4060.0,0.8628125716907548,27,0.5766413140904192,0.2064597043726179,0.7001162340178225,0.2002188183807439,0.0491332934847579,2.8775822494261667,0.3834507042253521,102.437074,2.947291
372,Healthy,0,0.1948435389333301,0.0155676404635111,0.0115975462314155,0.1127932982312308,0.3676250702379838,0.3245522399389976,0.2959470216009788,0.3729389017822179,0.8520264891995104,302.0,3787.0,0.8522866226461238,27,0.31106487585841,0.3304224655860001,0.6354604508979748,0.167166621216253,0.0468386938975174,2.7419354838709675,0.3051784816490699,102.434329,2.946711
373,Healthy,0,0.2050837957196765,0.0274326010710663,0.0242056598265965,0.1577326912018987,0.5254259746470635,0.4983729699743676,0.4719254461138885,0.5321727868756029,0.7640372769430558,297.0,3850.0,0.8567639257294429,27,0.3964855149265459,0.3114579675926102,0.6861022364217252,0.1938357132758376,0.0390057831918297,2.8126979100696645,0.3434790302601309,102.434406,2.946571
374,Healthy,0,0.1908556636836793,0.019672545707888,0.0180030817993813,0.0975807056658797,0.4801380935201079,0.4621188778137456,0.3737750064894816,0.6230313850821741,0.8131124967552591,282.0,3850.0,0.8635043562439496,23,0.4479299446303115,0.2797141679459147,0.6766843449224121,0.174786677676851,0.0400877299865968,2.7914254420278515,0.3640092741216337,102.43742,2.947907
375,Healthy,0,0.0905738059017393,0.0127726033743884,0.0114760828307933,0.0574582773778173,0.5886762431792084,0.5630038982924278,0.4943607993292431,0.6659136486399027,0.7528196003353784,474.0,3823.0,0.7793809634628811,27,0.498079131459397,0.1441259322067101,0.5841035120147874,0.1715652768284347,0.0489596083231334,2.620090752620873,0.2432432432432432,102.434056,2.946223
376,Healthy,0,0.180865719086594,0.0213735428535275,0.0223990181047055,0.0850482400920656,0.5539680036122812,0.5653789637196215,0.4227377542518075,0.8338609465003031,0.7886311228740963,290.0,3983.0,0.8642639831500117,24,0.5855138747295864,0.244160213197271,0.6896416682984139,0.1859538207806487,0.0407670968520082,2.7681583089723407,0.3639413738301253,102.437222,2.947833
377,Healthy,0,0.1140991184446546,0.0187125513330101,0.0182730549325545,0.0791597097284264,0.6489416498130282,0.642545064869663,0.5635815396142859,0.7501811119138795,0.7182092301928571,320.0,3850.0,0.8465227817745803,27,0.5176887764348554,0.1900637789318959,0.6753015621910223,0.1870533837746952,0.0402750491159135,2.727132262051916,0.3398567185042809,102.434643,2.946988
378,Healthy,0,0.1475436124536726,0.023764697007007,0.0212105673013461,0.1393935986691051,0.5684202043976881,0.5420135443831501,0.5548988740084838,0.5282694175006277,0.722550562995758,302.0,3721.0,0.8498632861048968,27,0.3910004119839407,0.2604624306162198,0.6433660697092239,0.1805228938995711,0.0425116051795748,2.7273452456924057,0.3065546218487395,102.434327,2.946566
379,Healthy,0,0.0835986187060674,0.0150870142711533,0.0181164495233032,0.062934768696626,0.6830280071935009,0.7389350280324265,0.6115181639311484,0.8940741383624833,0.6942409180344257,332.0,3965.0,0.8454735862229462,27,0.618117495981063,0.1522861594955126,0.6720867208672087,0.1860497047919813,0.0410991924792093,2.694704049844237,0.3485185819489638,102.436915,2.947421
380,Healthy,0,0.1609056807226604,0.0234985381571782,0.0205247059671415,0.0969038647082116,0.6167461329450874,0.5834123481308491,0.509718016212857,0.6991384072581375,0.7451409918935715,299.0,4028.0,0.8617980124797782,25,0.5072285783373957,0.2605736009362671,0.6657246669358095,0.1864845434938893,0.043632224611104,2.868020304568528,0.3358613217768147,102.437069,2.947699
381,Healthy,0,0.1698104681240188,0.0221120482310652,0.0215687088978787,0.0524993389844894,0.6636918736367787,0.6568767919143134,0.4608536538809185,1.1648050415549367,0.7695731730595409,287.0,3821.0,0.8602726387536515,27,0.4634326214874539,0.2134146369579765,0.6412814118549779,0.1789995866060355,0.0440512507626601,2.9288910989557437,0.3068872383524645,102.434407,2.946434
382,Healthy,0,0.1286485940217971,0.0193477721057004,0.0212187073710891,0.0686099736226929,0.6559842319685302,0.6822911206001363,0.5229255991064665,0.944852229214314,0.7385372004467666,312.0,3730.0,0.8456209797130133,27,0.5337427513123534,0.1889037725826104,0.6702986279257466,0.1797064272481117,0.0454660267744379,2.7716509892961403,0.3280318091451292,102.43472,2.946986
383,Healthy,0,0.1150689265794224,0.0202015353780653,0.0188194923102855,0.0698576486772961,0.7172260103550986,0.6969670972173257,0.5973672326014282,0.848899371391371,0.7013163836992858,356.0,3850.0,0.8307180218735141,24,0.5316711981381506,0.1781316058089335,0.6657246669358095,0.1864845434938893,0.043632224611104,2.5808834392081548,0.3358613217768147,102.43715,2.947565
384,Healthy,0,0.1505192592740059,0.0195859405729505,0.0190827616800864,0.086032039589352,0.5682783891377663,0.5620042452755213,0.4605606551844851,0.7261683968244201,0.7697196724077576,261.5,3525.0,0.8618777234913508,20,0.5233645424632881,0.235456929438644,0.6488151164004593,0.1828053620909159,0.0512513312034078,2.65757328990228,0.296309963099631,102.440112,2.94789
385,Healthy,0,0.1533699242605103,0.020337441832655,0.0159263290050956,0.1253970811764399,0.5093243566724475,0.4604473412607698,0.4683150125423541,0.4507768100030306,0.7658424937288231,292.5,3982.0,0.8631418879401099,22,0.4267723293117045,0.2886521489255959,0.6846676737160121,0.1886490807354116,0.0543606712361143,2.7386431116389547,0.3440027533987265,102.438165,2.947715
386,Healthy,0,0.1951074086957507,0.0199703358941608,0.0212645951865447,0.1002646428015497,0.4764587683635234,0.490006841389865,0.3714068311854063,0.6999005519520458,0.8142965844072968,270.0,4028.0,0.8743601675197766,23,0.4226820662456012,0.2878319051944547,0.6845624385447394,0.1849495089223959,0.0494976721391815,2.858664232466149,0.371950149201334,102.437265,2.947774
387,Healthy,0,0.1494811980260743,0.0198790374108486,0.0205472798811064,0.1016176616152127,0.5467715582590932,0.5546871487015677,0.4695089696719846,0.6727717339994962,0.7652455151640077,289.0,3828.0,0.8596065095943648,27,0.3971407320112585,0.2606931239780452,0.6706972994760177,0.1880194898251648,0.0447385003150598,2.90749260598094,0.3352780309936189,102.437036,2.947221
388,Healthy,0,0.1902370494272973,0.0223554259993963,0.0217646221733755,0.0643546970354186,0.5975337632030963,0.590804232910999,0.4206249718768607,1.0109054448332424,0.7896875140615697,299.0,3733.0,0.8516865079365079,25,0.4400267872504038,0.2780416065620051,0.6760865328396024,0.1785665341921337,0.0376447876447876,2.718492716909436,0.3400754199520054,102.439075,2.946978
389,Healthy,0,0.1436100602149963,0.0233450062159034,0.0216087208439906,0.103489623301559,0.635692988225336,0.6156918622681409,0.5593123159413808,0.6909354713392291,0.7203438420293096,372.0,3748.0,0.8194174757281554,28,0.4792670651701323,0.2372258235183027,0.6466431095406361,0.1733109525807805,0.0395340190853885,2.617257151717187,0.3216415292879691,102.434524,2.946929
390,Healthy,0,0.134535938501358,0.0212015425786376,0.0187644391424126,0.1051136598818832,0.6013498559914828,0.5717275368724966,0.5445456657346932,0.6059001321527349,0.7277271671326534,325.0,3956.0,0.8481663162812427,27,0.5433935203023889,0.1950672051558891,0.6720867208672087,0.1860497047919813,0.0410991924792093,2.8173494723774053,0.3485185819489638,102.436956,2.947482
391,Healthy,0,0.0750954664415783,0.0168294117061628,0.013526285584602,0.0911112916138437,0.6736292094946251,0.6177313411618143,0.7323115154578579,0.5170718186239855,0.6338442422710712,299.0,3684.0,0.849861913130806,20,0.675003284932568,0.1598135222577386,0.6713236055055366,0.1854081033470346,0.0481568016614745,2.599646724521926,0.3300411522633745,102.440239,2.948226
392,Healthy,0,0.0828171571095784,0.0163307295491298,0.0167917232546541,0.0594700794253084,0.7467665644503712,0.7553163779871479,0.6588432733960029,0.8807409562620298,0.6705783633019986,310.5,3900.0,0.8525115781973638,22,0.6551389531376061,0.1610762808057997,0.6777950310559007,0.172703839370506,0.0408187838651414,2.731527281028841,0.3381576706964073,102.438595,2.947926
393,Healthy,0,0.1096570177210701,0.0217293296009302,0.0219367676311069,0.0699195998410383,0.7794042239847345,0.7823968145576813,0.6615399558274098,0.95526388577293,0.6692300220862951,290.0,3983.0,0.8642639831500117,24,0.7075854479734834,0.1814152561128139,0.6896416682984139,0.1859538207806487,0.0407670968520082,2.7681583089723407,0.3639413738301253,102.437182,2.947906
394,Healthy,0,0.1256660769383112,0.0164476029781831,0.0169299029641681,0.1040570164720217,0.5010344829083517,0.507448573275334,0.4629421456920312,0.5597267222956996,0.7685289271539845,288.0,4056.0,0.8674033149171271,27,0.520135247340926,0.2139154699527556,0.6889405384466396,0.1943569374058348,0.0430622009569378,2.664780763790665,0.3629528366370471,102.434569,2.946712
395,Healthy,0,0.1446162396007114,0.0176544926232761,0.0148951983493235,0.0778300161990854,0.5479459521865243,0.5105915036626478,0.4351861209058215,0.6425522301292574,0.7824069395470894,310.0,3563.0,0.8399173767105603,20,0.4752500296588045,0.2204724026636944,0.6377427184466019,0.1811816192560175,0.0416827479737553,2.692657892558563,0.3255996511120802,102.440045,2.947885
396,Healthy,0,0.1331457230779859,0.0167412515729665,0.0156121699967318,0.1040633515351348,0.4947697807685208,0.4800878761377251,0.4467700175269399,0.5218166521237902,0.7766149912365301,302.0,3721.0,0.8498632861048968,27,0.3482860937832873,0.2479046941217448,0.6433660697092239,0.1805228938995711,0.0425116051795748,2.7273452456924057,0.3065546218487395,102.434289,2.946641
397,Healthy,0,0.0915335019429524,0.0204677948107322,0.015154147417181,0.0656369970076614,0.8265387483347448,0.7390734203096077,0.7309842083612789,0.750287548223974,0.6345078958193606,351.0,3873.5,0.8338264883418156,20,0.5751393035866003,0.158935947343707,0.6377427184466019,0.1811816192560175,0.0416827479737553,2.564242556598966,0.3255996511120802,102.439929,2.947812
398,Healthy,0,0.2393461300267113,0.0225487472489476,0.0225735444368587,0.1088534833656417,0.4586608301272321,0.4588840957316097,0.3443938649508412,0.6870289867859048,0.8278030675245793,309.0,3893.0,0.8529271775345074,28,0.4695195928594742,0.324322616474496,0.6810733109726881,0.197324414715719,0.0430491140444761,2.8282828282828283,0.3537931034482758,102.438688,2.946561
399,Healthy,0,0.0989808804459042,0.0144712785258889,0.0142173037553826,0.0741808762152989,0.5728241326482654,0.5685119466546444,0.5102160648872907,0.6433301572542769,0.7448919675563546,272.0,4087.0,0.8752007341133288,22,0.4716378870842667,0.1728695604122347,0.7083095645559992,0.1979465297686512,0.04440827714485,2.831168831168831,0.3705353391041264,102.438716,2.947721
400,Healthy,0,0.1321191506253348,0.0201277320997582,0.021491665393114,0.0743056374291579,0.6527553597288355,0.6711610256217811,0.5288182388890591,0.8973808138622211,0.7355908805554704,286.5,4033.5,0.8673611111111111,24,0.6211788309654205,0.1900259016288651,0.6845624385447394,0.1849495089223959,0.0494976721391815,2.7655177503874824,0.371950149201334,102.43726,2.947897
401,Healthy,0,0.2269096399346987,0.0193271914290057,0.0190955044494734,0.1080131423142221,0.4138837859315842,0.4116583500215078,0.313961015855641,0.600919132904416,0.8430194920721796,270.0,4037.0,0.8746227072208034,22,0.4647372014241638,0.2847193682359324,0.7035755478662054,0.194500606550748,0.0475796441870086,2.7848007688327048,0.3611513241931363,102.438902,2.948066
402,Healthy,0,0.1153373147050539,0.0100352312438189,0.0117197256638771,0.089383823176225,0.3571390115057531,0.3842340522158289,0.320173166074534,0.4636721776171142,0.839913416962733,289.5,4033.0,0.8660497397339503,22,0.4186974565396682,0.1819515855362018,0.6887210948560641,0.1892323030907278,0.0511720815463251,2.6608145568270665,0.351010101010101,102.438513,2.947787
403,Healthy,0,0.0891636808713277,0.0156162948244147,0.0167832560837268,0.0726242690450615,0.6472386766544376,0.6673869486052654,0.5961556956172972,0.7508654807098677,0.7019221521913513,299.0,4060.0,0.8628125716907548,27,0.7581364580659763,0.1595243888182772,0.7001162340178225,0.2002188183807439,0.0491332934847579,2.8775822494261667,0.3834507042253521,102.437108,2.947353
404,Healthy,0,0.1318678756554921,0.0180057439332207,0.0162017020500368,0.1036547794938087,0.5304892779447428,0.5072840715904573,0.4805580590535557,0.5407034093224219,0.7597209704732221,335.0,3574.0,0.8286006651317472,27,0.3719655620983919,0.2241338857760031,0.643703554930709,0.1716535433070866,0.0404271548436308,2.6746490503715936,0.3410934744268077,102.436918,2.947152
405,Healthy,0,0.1229408565494749,0.0288684117711252,0.0238090904636515,0.064559636844529,0.9417298193204128,0.8773077166685179,0.7606495200321793,1.0777156665669183,0.6196752399839103,326.0,3743.0,0.8397640697960187,23,0.553883421906296,0.2014719084319141,0.6496378939127031,0.1737344196086623,0.0468264811824618,2.624423963133641,0.3176844334627603,102.438993,2.947111
406,Healthy,0,0.0794449796279271,0.0145718283537361,0.0162191055715084,0.0845455084409978,0.6035940820555277,0.6323176740370279,0.6199669470411355,0.6438413218948231,0.6900165264794321,290.0,3685.5,0.8541064017104767,20,0.5733596939000467,0.1576807430634896,0.6713236055055366,0.1854081033470346,0.0481568016614745,2.580951657038613,0.3300411522633745,102.440163,2.948225
407,Healthy,0,0.1170139238238334,0.0244605963428815,0.0200639861739344,0.0500999573204252,0.9058009297926252,0.8415215598638852,0.6915901552889355,1.1438345779722214,0.6542049223555323,289.5,3807.5,0.8586770807908225,24,0.5646961306829694,0.1783874465359581,0.6303206997084548,0.1669449081803005,0.0439327940261356,2.6536923889266046,0.298251687727194,102.438275,2.94819
408,Healthy,0,0.1771737246049775,0.0199153388126028,0.0178493864627348,0.0874842943416701,0.5232467158702079,0.4994958348452447,0.4041896281257858,0.6778225663975227,0.7979051859371071,300.0,4053.5,0.8621798552888481,28,0.4207840413499576,0.249417408886883,0.710806405216224,0.2008345672365055,0.0419903054371313,2.929446655740264,0.3771877906485161,102.438847,2.946427
409,Healthy,0,0.1006051393018828,0.0089231719676819,0.0123216626751754,0.0559461195435788,0.4093254414234634,0.4779595372662801,0.3258763643573654,0.72196062474638,0.8370618178213173,281.0,3962.5,0.8675621538824084,22,0.4872784699575125,0.1714634468985929,0.6960755954102786,0.1866693651757404,0.0378805758791597,2.584778487678158,0.356110827808941,102.43856,2.947721
410,Healthy,0,0.1995072662830352,0.0154269193816516,0.0138961813516087,0.1133514410919613,0.3590656100273806,0.3427780207880985,0.2871003388119698,0.4368232925615937,0.856449830594015,285.0,3931.0,0.8648007590132827,27,0.3488506157185407,0.3045062236487865,0.6895866454689984,0.189423614997202,0.0464,2.8115360888340533,0.3495162708883025,102.434487,2.946706
411,Healthy,0,0.1212124791410234,0.0185875680504573,0.0175863673082656,0.0506610576477315,0.7113202028416545,0.6954938694584172,0.5318329549631228,1.0307417353609754,0.7340835225184386,325.0,3767.0,0.8411534701857283,21,0.529908176119593,0.1842110529541969,0.6631426202321725,0.1890329751759911,0.0457507820646506,2.678182384064737,0.3196191160618038,102.440017,2.947545
412,Healthy,0,0.097392792503039,0.0139625448112686,0.0172133248092399,0.075368841489156,0.5565906726574761,0.6114788907039758,0.501549190115905,0.7436993752667522,0.7492254049420475,321.0,3839.0,0.8456730769230769,27,0.4371438846907055,0.1874241936537955,0.6706972994760177,0.1880194898251648,0.0447385003150598,2.7735730053610848,0.3352780309936189,102.436878,2.947346
413,Healthy,0,0.175936468773418,0.02194485347718,0.0225740709445542,0.05741932698422,0.6332251600120999,0.6408488601337551,0.4435962571422262,1.1287967021805507,0.7782018714288869,285.0,3823.0,0.8612463485881208,27,0.4341466794518936,0.2367102650718557,0.6861022364217252,0.1938357132758376,0.0390057831918297,2.8426803792383093,0.3434790302601309,102.434364,2.946497
414,Healthy,0,0.1136055646671189,0.0186565992318921,0.0198932651223407,0.0731203340821796,0.6661908377232169,0.6844919990175101,0.5642308784887983,0.8554992083942031,0.7178845607556008,352.5,3833.0,0.8315613427308566,28,0.6272879735239123,0.190976321283314,0.68068669527897,0.1886677908937605,0.0479305423406279,2.6968076863474355,0.3653501663396741,102.438761,2.946697
415,Unhealthy,1,0.1426286258631282,0.0154018753932582,0.0143772255008419,0.0654269759025838,0.5158475137335211,0.5008369352506942,0.3898456379194904,0.7206249920683869,0.8050771810402546,386.0,3560.0,0.8043588443993918,27,0.4511575862827154,0.1925286896940734,0.6246322808393803,0.1727066817667044,0.0401808136614766,2.647647647647648,0.2705597788527989,102.434293,2.946363
416,Healthy,0,0.1551476410693592,0.0162555502934588,0.0150789767503738,0.1105843008392387,0.4360349909910331,0.4219194061764032,0.3793523367730029,0.4799803742066408,0.8103238316134986,280.5,3922.0,0.8665080309339679,22,0.4082610303614772,0.2370284005171723,0.684833444688365,0.1808937650521808,0.0451154529307282,2.724857826997905,0.3610518227610347,102.438046,2.947778
417,Healthy,0,0.2222438562247488,0.0155842693315611,0.0158250717860129,0.164749066862795,0.2981483614738924,0.3002788828329654,0.2621097785656349,0.3505501264893864,0.8689451107171826,293.0,3979.0,0.8628277153558053,27,0.3217809421558051,0.3302552700042725,0.6861022364217252,0.1938357132758376,0.0390057831918297,2.8047481357479835,0.3434790302601309,102.434528,2.946636
418,Healthy,0,0.0815130902661217,0.0208657721264494,0.0203953019032875,0.0798833465410603,0.821778349493968,0.8144000952018051,0.8152375066032568,0.813545145240221,0.5923812466983717,253.5,3569.5,0.8673816374574941,20,0.5979903688735058,0.1788573281632529,0.684476762567183,0.1883131365697717,0.042933576928096,2.7504976775049768,0.3338323353293413,102.440089,2.948094
419,Healthy,0,0.1355518988437122,0.0157717112451791,0.0149111502493421,0.0783792709310849,0.5139989796790996,0.5017351021984441,0.4169002110355258,0.6393432492068356,0.7915498944822372,337.0,3784.0,0.8364474642077165,25,0.3900528727279853,0.2083976555408703,0.6657246669358095,0.1864845434938893,0.043632224611104,2.5405365566037736,0.3358613217768147,102.437108,2.947627
420,Healthy,0,0.1280043621857961,0.0136702106230788,0.0189778910328944,0.0721134477191501,0.4807989776020893,0.5610460988387219,0.3859608778639622,0.8333565536698603,0.8070195610680189,264.0,3907.5,0.8734268248831356,24,0.4303777630748383,0.2055684797879722,0.6854064642507346,0.1789531378459852,0.0437947349266043,2.865513173417224,0.3779735682819383,102.437484,2.94804
421,Healthy,0,0.1335268037186728,0.0228732580112086,0.023333814409044,0.0978376186556286,0.6603350454095089,0.6658763350963398,0.5849935801358701,0.7702744390780651,0.707503209932065,299.0,3978.5,0.8601987142022209,28,0.60750851086593,0.2430280956129233,0.7013513513513514,0.1954693434617471,0.0463017927104357,2.8404353867531262,0.363815733035944,102.43896,2.946634
422,Healthy,0,0.1407554894685745,0.0254110753950145,0.025103879885541,0.1116990372538566,0.6703074065158338,0.666931269071616,0.6117012869797289,0.7340159233581544,0.6941493565101355,280.0,3845.0,0.8642424242424243,23,0.4343569446423649,0.2838362194597721,0.6845624385447394,0.1849495089223959,0.0494976721391815,2.830713037954581,0.371950149201334,102.437345,2.947776
423,Healthy,0,0.1397135795818435,0.0241626078883806,0.0241587528338034,0.0823801764183574,0.7148199027488231,0.7147730690187998,0.5897771546038899,0.9070394457080924,0.7051114226980552,290.0,3983.0,0.8642639831500117,24,0.6267267327125365,0.2345075433452924,0.6896416682984139,0.1859538207806487,0.0407670968520082,2.7681583089723407,0.3639413738301253,102.437146,2.947831
424,Healthy,0,0.1751274052593443,0.0155669503534833,0.0195778964294327,0.0855438970029354,0.4267764987075688,0.4752255331070036,0.3265319585040963,0.74496051827839,0.8367340207479519,279.0,3919.0,0.8670795616960457,24,0.4001852109255122,0.2722726176596349,0.683720027181827,0.1817934041973289,0.0370724707007892,2.786922900237348,0.3727664818237831,102.437383,2.94797
425,Healthy,0,0.1233121007680893,0.0127630000934004,0.0160446471224228,0.0761311182545291,0.4538576481974483,0.5048418468778887,0.3751751793707449,0.696263147121518,0.8124124103146276,379.0,3865.0,0.8213949104618284,27,0.3289148134662978,0.2129048796163665,0.6433660697092239,0.1805228938995711,0.0425116051795748,2.625,0.3065546218487395,102.434245,2.946567
426,Healthy,0,0.0887093684739536,0.0188177647069096,0.020431554565827,0.0916839813192685,0.6904687039753173,0.71478496304286,0.7000192100446935,0.7289464178012512,0.6499903949776532,269.5,3624.5,0.8615819209039548,20,0.5751656239498553,0.171317475537459,0.6713236055055366,0.1854081033470346,0.0481568016614745,2.7888611803823773,0.3300411522633745,102.440113,2.948163
427,Healthy,0,0.169576894905832,0.0171351994698246,0.0172457584283418,0.1176288351416587,0.4264129849718344,0.4276415559088841,0.3670935089046631,0.5114605492958516,0.8164532455476683,292.0,3850.0,0.859005311443747,27,0.4767405188681058,0.244673687343796,0.6895866454689984,0.189423614997202,0.0464,2.803340687046959,0.3495162708883025,102.434524,2.946776
428,Unhealthy,1,0.0959182075328297,0.015718020291792,0.0163338914927509,0.0509075112640857,0.705390560327273,0.7167338180935244,0.5631870799677932,0.9716567961450026,0.7184064600161033,416.0,3738.0,0.7997111218103033,27,0.5905821784347385,0.1518341801646683,0.5841035120147874,0.1715652768284347,0.0489596083231334,2.705211726384365,0.2432432432432432,102.434087,2.946293
429,Healthy,0,0.144482715262307,0.0214502266090777,0.0236341641801926,0.0936389416456222,0.610634561087133,0.6367715824695099,0.5170818131026415,0.806123928031592,0.7414590934486793,310.0,3560.0,0.8397932816537468,27,0.5652308543902278,0.2405603203094667,0.6874876065833829,0.1965691788526434,0.0475135401280157,2.83743670333508,0.3576382713853814,102.436799,2.947212
430,Healthy,0,0.1835561303628815,0.0241564261830515,0.019231899227533,0.0666860155761241,0.6472891445847392,0.5910602562624,0.4651895212258795,0.8953615446316392,0.7674052393870602,300.0,3846.5,0.8552996503074882,24,0.5109658305147189,0.217215531402164,0.6746729154462019,0.1783456993679582,0.0448343079922027,2.9189300411522634,0.3638108532542313,102.438171,2.947166
431,Unhealthy,1,0.0992355015542772,0.022503895788557,0.0175074929785397,0.0760987632804446,0.8170531274881282,0.7432030895051939,0.7394120976361682,0.7481334551015905,0.6302939511819158,325.0,3926.0,0.8470948012232415,27,0.5963429311467467,0.1929435073915454,0.6725009723842863,0.1829436038514443,0.0395261694669406,2.8951599935680976,0.3513421097623525,102.438692,2.946153
432,Healthy,0,0.1507917187280125,0.0139262831459442,0.0160069735720753,0.083630153702365,0.4247850675434326,0.4529249243538048,0.3381848489541703,0.6426108022157534,0.8309075755229147,343.0,3914.0,0.8388536528071412,27,0.4667419148336429,0.2247425901393095,0.6648066192033866,0.1935439370947717,0.0427865493551886,2.7720850799565286,0.3332188841201717,102.438728,2.946355
433,Healthy,0,0.0795539472666051,0.0120604456298881,0.0152644746833377,0.0694921480284796,0.5571706649092604,0.61971453118827,0.526574275005636,0.7203908884023729,0.7367128624971819,272.0,4087.0,0.8752007341133288,22,0.464868995417953,0.1515813331223196,0.7083095645559992,0.1979465297686512,0.04440827714485,2.831168831168831,0.3705353391041264,102.438675,2.94765
434,Healthy,0,0.1250778155194388,0.019393254071474,0.0225535167588128,0.0758110313779777,0.6473174204567813,0.6909492309702705,0.5369449849409527,0.9171400544614422,0.7315275075295238,310.0,3906.0,0.8529411764705882,27,0.4298224303114983,0.2232193158318598,0.6760865328396024,0.1785665341921337,0.0376447876447876,2.73086269744836,0.3400754199520054,102.439079,2.946842
435,Healthy,0,0.1803705592950185,0.0254305278261502,0.0233653552002377,0.0951226593719588,0.6233845811688951,0.6018812568364056,0.4942739259910239,0.7887837528411228,0.752863037004488,312.0,3755.0,0.8465699532825178,27,0.474998726193938,0.2849131946762403,0.6466431095406361,0.1733109525807805,0.0395340190853885,2.7364488952471784,0.3216415292879691,102.434486,2.946843
436,Healthy,0,0.2179137774639659,0.0247514144414001,0.0290106516331434,0.0969257329901059,0.5434759953827901,0.5834165613816342,0.4079928274353018,0.9214382871139752,0.796003586282349,286.5,4033.5,0.8673611111111111,24,0.4573038707649412,0.2863794811483887,0.6845624385447394,0.1849495089223959,0.0494976721391815,2.7655177503874824,0.371950149201334,102.437302,2.947838
437,Healthy,0,0.1349741443991661,0.0224419294132126,0.0177200383817156,0.0947979278862476,0.6536739788539088,0.5951375051916324,0.5702576330282692,0.6299452067775583,0.7148711834858653,348.5,3574.0,0.8223072020395156,20,0.5579596127686864,0.2409829687741067,0.6579811243331966,0.1942658686174536,0.0492079979226175,2.538964105793451,0.3105076741440378,102.439774,2.947396
438,Healthy,0,0.0990374382171365,0.0184877212676737,0.0205388389941718,0.0740478936996724,0.7040903782589637,0.7359617579381131,0.6292345008921494,0.868571665781135,0.6853827495539253,290.5,3858.0,0.8599493792937206,24,0.5378150950377724,0.1963651550726758,0.683720027181827,0.1817934041973289,0.0370724707007892,2.831798698206065,0.3727664818237831,102.437297,2.94797
439,Healthy,0,0.1089337575766775,0.0167169875154892,0.0209765724009937,0.1036854568454954,0.5435243510605946,0.6023433684688602,0.5321731280853779,0.6730701410135908,0.7339134359573111,293.0,3931.0,0.8612689393939394,27,0.5730527210444443,0.2001078546875053,0.6889405384466396,0.1943569374058348,0.0430622009569378,2.6730345334313004,0.3629528366370471,102.434603,2.946777
440,Healthy,0,0.1384298528234163,0.017031249590218,0.0251872094555033,0.0861220914456579,0.5268460450405754,0.6330306289023,0.4382125001250299,0.9051250614849756,0.7808937499374851,271.0,4124.0,0.8766780432309442,23,0.5974607832660803,0.2554543974498908,0.6917808219178082,0.1886111482422136,0.0358807082945014,2.751356755212796,0.3632256985109586,102.43852,2.947373
441,Healthy,0,0.1161874623762236,0.0186058016907837,0.0142622442088193,0.068055082940393,0.6721319713415249,0.6055539845473469,0.5521285301477539,0.6930372840200157,0.723935734926123,346.5,3840.0,0.8344679326406306,26,0.3697409693679481,0.1869134145478407,0.6725009723842863,0.1829436038514443,0.0395261694669406,2.827600161877782,0.3513421097623525,102.438728,2.946219
442,Healthy,0,0.1577467065718439,0.0201094916297329,0.0233921621822648,0.0736633203923702,0.5922634438250384,0.632954608391626,0.4522640612601291,0.9640738085775375,0.7738679693699353,310.0,3906.0,0.8529411764705882,27,0.4138874473458842,0.2612794685280986,0.6760865328396024,0.1785665341921337,0.0376447876447876,2.73086269744836,0.3400754199520054,102.439111,2.946909
443,Healthy,0,0.1104288010133637,0.0147433455826507,0.0160469730488128,0.0866935733291837,0.520485640752622,0.5403879569792025,0.4711382199183325,0.6247571621732979,0.7644308900408336,281.0,3962.5,0.8675621538824084,22,0.6066159681301253,0.1918734595593478,0.6960755954102786,0.1866693651757404,0.0378805758791597,2.584778487678158,0.356110827808941,102.438521,2.94765
444,Healthy,0,0.1603230287631352,0.0200469063387976,0.0166935863801174,0.137347517742051,0.4748140126400774,0.439465070341698,0.4445731230644055,0.4334839450872252,0.7777134384677972,287.0,3760.0,0.8581665431183593,23,0.453498029282493,0.2659748647775915,0.6451547643131701,0.1804325736681666,0.0398976982097186,2.900935516204477,0.3254930341957662,102.437308,2.9477
445,Healthy,0,0.1440856448478168,0.0182070081225699,0.0179006848484277,0.0999607212013668,0.5193463111937978,0.5155405293399163,0.4487450981750136,0.6075164194414906,0.7756274509124932,280.5,3922.0,0.8665080309339679,22,0.4914611805533508,0.2318269896010558,0.684833444688365,0.1808937650521808,0.0451154529307282,2.724857826997905,0.3610518227610347,102.438123,2.947779
446,Healthy,0,0.1637514697180854,0.0208485692532526,0.0300596031463808,0.1021304304401079,0.542262420580104,0.6428000977251664,0.4517565515029964,0.909587578755354,0.7741217242485018,279.5,4129.5,0.8732138806985711,24,0.5761846269725855,0.2759446046418613,0.6981132075471698,0.1938278289117488,0.0458911419423692,2.7939042089985486,0.3679358033122759,102.438442,2.94737
447,Healthy,0,0.1205100466807683,0.0213188846699065,0.0201707892119884,0.047614958965116,0.8092087294391805,0.7917322198113799,0.6012563012886317,1.19026726144782,0.699371849355684,277.0,3943.0,0.8687203791469195,23,0.592908289648089,0.1881354099346531,0.6770283479960899,0.1760350973402797,0.0460975609756097,2.7187778107386533,0.344523273922824,102.438307,2.948122
448,Healthy,0,0.1787339631054136,0.0247735844718085,0.0232759036330713,0.0783157149950663,0.6464145919477219,0.6299524014108657,0.4869320035888698,0.916449760221642,0.7565339982055651,331.0,3826.0,0.8407505412557132,27,0.44134352406354,0.2579419296234846,0.6466431095406361,0.1733109525807805,0.0395340190853885,2.635349117780124,0.3216415292879691,102.434405,2.946843
449,Healthy,0,0.2290948331356048,0.0239031229996018,0.0251411102298233,0.0805950139959653,0.5349009056914741,0.5468589232455611,0.3779180411533056,0.9510887755309452,0.8110409794233473,274.5,4050.5,0.8730635838150289,22,0.6373628946527921,0.2634583541916476,0.7035755478662054,0.194500606550748,0.0475796441870086,2.7021611564333763,0.3611513241931363,102.438867,2.947994
450,Healthy,0,0.1021251173483,0.0194543190300464,0.0168306580227282,0.1193582250012291,0.5976933390788107,0.5630634072784402,0.6400529434765916,0.4943328015919619,0.6799735282617043,274.0,4008.5,0.8720373613543491,22,0.4459376705258941,0.2143151104036304,0.668000762340385,0.1809472405883146,0.0453893932154801,2.767526307988736,0.3301557579368457,102.43831,2.947853
451,Healthy,0,0.1733672378791703,0.0371781647619273,0.0327883580078681,0.0748656826714674,0.9219938916958236,0.8795304233054579,0.706321093608534,1.2182861990487988,0.6468394531957329,339.0,3816.0,0.8368231046931408,25,0.4771358877196636,0.3069487027823925,0.6705528394133132,0.1755210056235527,0.0426006337284356,2.6213811821471653,0.3582781456953642,102.438991,2.946975
452,Healthy,0,0.1177391467822922,0.0213227909472253,0.0172713061587678,0.0801383956438965,0.7092138357158564,0.6528325710828552,0.6133321970156695,0.7092232432353223,0.6933339014921653,256.5,3595.0,0.8668051408542127,20,0.6534709042216793,0.2158192460321717,0.6627942839518866,0.187867215041128,0.0469286037931257,2.667598881342389,0.3277249451353328,102.440043,2.948014
453,Healthy,0,0.0919382679793569,0.0224681500759389,0.0207773809217744,0.0803931467235088,0.8272982515035961,0.8024147639196682,0.7855555818583331,0.8214795911561341,0.6072222090708335,269.5,3624.5,0.8615819209039548,20,0.639605015399892,0.1795784470935662,0.6713236055055366,0.1854081033470346,0.0481568016614745,2.7888611803823773,0.3300411522633745,102.440164,2.948097
454,Healthy,0,0.1881613027718332,0.0217817050094405,0.0228419036914904,0.0931559271282619,0.5363620316648666,0.5476283228878018,0.4150022473172047,0.7876665806616392,0.7924988763413977,269.0,3902.5,0.8710296056574374,24,0.3652944512722983,0.2723124648133913,0.6845624385447394,0.1849495089223959,0.0494976721391815,2.882586275287584,0.371950149201334,102.437337,2.947905
455,Healthy,0,0.1001506679587894,0.0096967777030335,0.0124523087094227,0.0545111853215429,0.445686935038231,0.50107954747462,0.3530997974367494,0.7438267007790507,0.8234501012816253,277.0,4001.0,0.8705002337540907,22,0.4156981807534037,0.1684294717593325,0.6960755954102786,0.1866693651757404,0.0378805758791597,2.7003117975491264,0.356110827808941,102.438637,2.947718
456,Healthy,0,0.0993223968479368,0.0176174291926953,0.0185707268408603,0.0855765413078996,0.6402444138792975,0.6547312255604641,0.6026152009692205,0.7132487359854546,0.6986923995153896,290.5,4000.0,0.8645845472555647,22,0.6750282100232379,0.1621335146741734,0.6733036922482118,0.1776870748299319,0.0413233082706766,2.7701441266522293,0.337469193507266,102.438307,2.94799
457,Healthy,0,0.2128625098201963,0.0270520840874976,0.0232502833629647,0.1763668888145023,0.4881576512632534,0.4577814058674069,0.4510285705738396,0.4658974598096068,0.7744857147130803,297.0,3850.0,0.8567639257294429,27,0.3450901808210359,0.3506295118067,0.6861022364217252,0.1938357132758376,0.0390057831918297,2.8126979100696645,0.3434790302601309,102.434366,2.946638
458,Healthy,0,0.2050587750143475,0.0171596666591034,0.0186055846926238,0.1307674008939001,0.3708739667265318,0.3849954409922909,0.3088792546627514,0.4982315810202927,0.8455603726686243,309.0,3893.0,0.8529271775345074,28,0.3905597012775079,0.3036835810376538,0.6810733109726881,0.197324414715719,0.0430491140444761,2.8282828282828283,0.3537931034482758,102.438726,2.946491
459,Healthy,0,0.1401954210466808,0.0226427583644787,0.0193539197660154,0.1013955242104,0.6314288236190164,0.5923626373933516,0.5562026902132501,0.641126588369072,0.7218986548933749,394.0,3694.0,0.8072407045009785,27,0.5399673921913811,0.2378990343875355,0.6599578301705962,0.1795151184963225,0.0382448147704112,2.7169438498271035,0.3352640545144804,102.438454,2.946143
460,Healthy,0,0.131592092414697,0.0206887218066387,0.0169526169904404,0.169588792655203,0.4831579342687212,0.4443786286209728,0.543436070063777,0.3635142893504198,0.7282819649681116,339.0,3929.5,0.841162000702823,22,0.4186946901830337,0.2800528336730268,0.6769961977186312,0.1854589436903642,0.0461337760910815,2.724616785551677,0.3407830760044357,102.43828,2.947783
461,Healthy,0,0.1067613123191727,0.0171861179793874,0.0195671961539321,0.0553379704554875,0.6997907112513285,0.7393077023847434,0.5546260358279345,1.0449050200214869,0.7226869820860329,277.0,3943.0,0.8687203791469195,23,0.4976333778197974,0.1786138258046573,0.6770283479960899,0.1760350973402797,0.0460975609756097,2.7187778107386533,0.344523273922824,102.438395,2.948129
462,Healthy,0,0.1162739685840076,0.0267736253639062,0.0322242780692047,0.0771935375200377,0.8671101502532802,0.9347483053820564,0.748663423829553,1.178026737078194,0.6256682880852233,310.0,4002.5,0.856231884057971,28,0.6757318120422061,0.2232084328101741,0.6799540053660407,0.188046350884326,0.0451889829498032,2.8146200167695707,0.3531843104175453,102.439037,2.946777
463,Healthy,0,0.1162497045265303,0.0198689744704299,0.015896419270171,0.0750544952849547,0.6879774821252221,0.6300340469389518,0.583872092113783,0.6991208102931662,0.7080639539431085,328.0,3799.5,0.8410660205935796,20,0.550560069538818,0.1956712841573688,0.6377427184466019,0.1811816192560175,0.0416827479737553,2.6411290322580645,0.3255996511120802,102.439966,2.947884
464,Healthy,0,0.1162757865256733,0.0240329073535071,0.0198017727169725,0.0834378335211012,0.7759451829370071,0.7199340754893513,0.685143783725955,0.7672161271637942,0.6574281081370225,352.0,3816.0,0.8310940499040307,27,0.8462669367198493,0.2179860083593262,0.6442141623488774,0.1875259875259875,0.042208977010096,2.752264420784999,0.3145797598627787,102.438533,2.946139
465,Healthy,0,0.1500998263557752,0.0118196895346045,0.0185024060515893,0.0690269420544306,0.3895004194720103,0.4862254347509308,0.2919892508227726,0.8455406764450372,0.8540053745886137,289.0,4086.0,0.8678857142857143,23,0.3624264713600612,0.2146292986969153,0.6917808219178082,0.1886111482422136,0.0358807082945014,2.686429885382765,0.3632256985109586,102.438515,2.947512
466,Healthy,0,0.1454207425316175,0.0267139460063642,0.027494062980016,0.0857130852010515,0.7510200888655202,0.7599027133165056,0.6207684513390743,0.9714603157758565,0.6896157743304628,271.0,3992.0,0.8728594886230354,23,0.6096146389983291,0.2592870191567474,0.6981132075471698,0.1938278289117488,0.0458911419423692,2.9102142968872204,0.3679358033122759,102.438362,2.947236
467,Healthy,0,0.1653394566641913,0.0243094184746344,0.0261508133262395,0.0872305093540085,0.6456924888342561,0.6660752910309161,0.5127247595186537,0.9225792293846716,0.743637620240673,271.0,4104.0,0.8761142857142857,23,0.4431478994196335,0.2464553494420316,0.7055837563451777,0.2003175443238952,0.0466082141209044,2.8384182464454977,0.3735747820254863,102.438313,2.947444
468,Healthy,0,0.2470185458660125,0.0228760144155886,0.0218691550609138,0.183535449206829,0.3842238101980988,0.3765642594295544,0.3390363168745653,0.4258746806358358,0.8304818415627173,293.0,3979.0,0.8628277153558053,27,0.2946850763481605,0.3959924139910272,0.6861022364217252,0.1938357132758376,0.0390057831918297,2.8047481357479835,0.3434790302601309,102.434446,2.946635
469,Healthy,0,0.1072673863834804,0.0182072174631887,0.0182429816987779,0.0464454881019062,0.7661063534542245,0.7667145563614827,0.5804271750620724,1.1280515217000835,0.7097864124689637,334.0,3867.0,0.8409902404189479,23,0.775168997553174,0.1595379588090711,0.6673664122137405,0.1829937038792228,0.0447832585949177,2.6232551232551238,0.3340642658345281,102.438275,2.948053
470,Healthy,0,0.1476595559053951,0.0187332584626144,0.0192676314877139,0.1116610765457153,0.5049614446442169,0.5112430427962106,0.4503381599443885,0.5886449741120005,0.7748309200278058,304.0,4048.0,0.8602941176470589,27,0.5950984863050637,0.2474677061869038,0.6897708752756208,0.1863767920845392,0.0443799253421816,2.7545615067686877,0.3468785273942867,102.438883,2.946776
471,Healthy,0,0.19602330111795,0.0166405686694714,0.0145847972275482,0.082917849222819,0.4263774708240396,0.4026916415836548,0.312992868720113,0.5983344148498555,0.8435035656399436,285.0,4077.0,0.8693259972489684,27,0.4118980653198731,0.282247671029634,0.6648066192033866,0.1935439370947717,0.0427865493551886,2.9689946758534296,0.3332188841201717,102.438807,2.946356
472,Unhealthy,1,0.0718935094773769,0.0191117063578632,0.0186796391175852,0.0717275995347234,0.8407932744421472,0.8332690405893212,0.8400268570304316,0.8264665261782422,0.5799865714847842,282.0,3904.0,0.8652651696129957,23,0.7589770144621775,0.1641095930503475,0.6893576222435283,0.1819157499329219,0.0452010914699252,2.6993590699060963,0.3603418803418803,102.437816,2.947224
473,Healthy,0,0.1247682960497008,0.0167218735441565,0.0212615620758798,0.0652359715766376,0.5986850611498425,0.6664120051946755,0.4727359813662268,0.983221656297989,0.7636320093168867,312.5,3732.0,0.8454691556434665,20,0.5327006061329552,0.2114725493722492,0.6631426202321725,0.1890329751759911,0.0457507820646506,2.6039445628997866,0.3196191160618038,102.439975,2.947475
474,Healthy,0,0.0874084668854872,0.0209481832053926,0.0124470703303813,0.1075569962461789,0.7075241543429246,0.5849561872659063,0.7733049402255663,0.4148882845546011,0.6133475298872169,323.0,3697.0,0.8393034825870647,20,0.5449555926301191,0.1877131197187635,0.6730631092868138,0.1832498729951375,0.0417891373801916,2.553352504919025,0.339411446109406,102.440394,2.94823
475,Healthy,0,0.1688750700818168,0.023511441424489,0.0298357034722963,0.1038314302762349,0.5882835337474125,0.6544584999819922,0.4888376267214216,0.8928358867461433,0.7555811866392892,279.5,4129.5,0.8732138806985711,24,0.6079598409817117,0.2896030636297331,0.6981132075471698,0.1938278289117488,0.0458911419423692,2.7939042089985486,0.3679358033122759,102.4384,2.947307
476,Healthy,0,0.1756901418169339,0.0254483850051959,0.0281259479622046,0.0772186745372083,0.6701228982579821,0.6992140753708284,0.5060867335018385,1.06795951401739,0.7469566332490808,323.0,4044.5,0.8520892959358901,28,0.6297293010014037,0.2338349492185645,0.6810733109726881,0.197324414715719,0.0430491140444761,2.7920324105334235,0.3537931034482758,102.438725,2.94663
477,Healthy,0,0.1032884683873918,0.0213073457901676,0.0277104965514606,0.099421954817242,0.6948280304311704,0.7789008871968702,0.6840469218268556,0.8718622587114639,0.6579765390865722,296.5,4117.5,0.8656547349343,24,0.6356528179253297,0.225443025637004,0.6981132075471698,0.1938278289117488,0.0458911419423692,2.7548666186012976,0.3679358033122759,102.438443,2.947239
478,Healthy,0,0.1407094995180765,0.0217644522587458,0.0232226219442155,0.0856142607000139,0.6452247497373258,0.6632551080970859,0.5358262545036615,0.8534835390361771,0.7320868727481693,335.5,3853.5,0.8398185724516591,28,0.6994561494700686,0.2425683625042438,0.7013513513513514,0.1954693434617471,0.0463017927104357,2.7092799383904507,0.363815733035944,102.43892,2.946565
479,Healthy,0,0.1092067932089169,0.0174517330403129,0.0213980575402577,0.0745988397134675,0.6383541652310571,0.6979356706315308,0.5511427791595364,0.8916145480702958,0.7244286104202318,274.0,3847.5,0.8670386995026083,24,0.5966582575068262,0.1887767499105797,0.6858536585365854,0.1798443260958623,0.0431003259688518,2.844011142061281,0.3738219895287958,102.437534,2.948113
480,Healthy,0,0.1091756282581223,0.0223378033066789,0.0235589033820562,0.0977794561121198,0.7101773863708787,0.7260649647212469,0.6794075111840511,0.7766349728236429,0.6602962444079745,306.0,4017.5,0.8584480166531745,22,0.7632719169114003,0.2058492807878388,0.6673664122137405,0.1829937038792228,0.0447832585949177,2.6012755817213344,0.3340642658345281,102.438201,2.947912
481,Healthy,0,0.0997331953710979,0.0217436539630095,0.0187380549808343,0.0645016286936071,0.837413086593218,0.7909807449143018,0.7159768822520646,0.9004385482347904,0.6420115588739677,307.0,3835.0,0.8517624336069531,27,0.7803898364974736,0.1816244390275743,0.6615805946791862,0.1889697648376259,0.0406763048272482,2.8748370273794004,0.3317030567685589,102.438655,2.946085
482,Healthy,0,0.0988450174530347,0.0230930557267533,0.0208065242817004,0.0788453796671496,0.8252069276541186,0.7924470335220803,0.7575338899345876,0.8351681586487343,0.6212330550327063,247.5,3683.0,0.874061824195395,20,0.7000501710412185,0.1890275681184397,0.6780908326324643,0.1867657992565055,0.0412942788179268,2.7383229714650086,0.333456561922366,102.440126,2.948029
483,Healthy,0,0.1546152556935946,0.0164445831129948,0.0166864523457156,0.0871361423697736,0.4790139622832699,0.4821120801966315,0.3845340490841463,0.6428832718520436,0.807732975457927,303.0,3916.0,0.8563640673145295,27,0.516918360223462,0.2323430025329191,0.68068669527897,0.1886677908937605,0.0479305423406279,2.777094542659493,0.3653501663396741,102.438798,2.946772
484,Healthy,0,0.1087540942761633,0.0176608235471778,0.0170959890302684,0.1004827246069908,0.5777211098078098,0.5697986848162252,0.5588208686527951,0.5816014991628858,0.7205895656736023,256.5,4009.0,0.8797327394209354,22,0.4596165942232714,0.199416302765409,0.7008120536151061,0.1922364721212537,0.0445232229766268,2.7023620913149937,0.3646014618865297,102.438748,2.948204
485,Healthy,0,0.1203805150257216,0.0199728100043204,0.0175009778597288,0.1050153275330861,0.6021768271287314,0.5702262038223006,0.5692151575331844,0.5713844472739108,0.7153924212334077,320.0,3813.0,0.845148802322768,27,0.4959009852330548,0.2027862465216053,0.6753015621910223,0.1870533837746952,0.0402750491159135,2.7297592997811817,0.3398567185042809,102.43456,2.946982
486,Healthy,0,0.1098971714576085,0.0181565714172191,0.0193664119061496,0.0580927249458101,0.7109662777392393,0.7303285978621381,0.5671547276823334,1.000084054288536,0.7164226361588332,289.0,3918.0,0.8626099358212503,22,0.638486673622081,0.1854367432081037,0.6733036922482118,0.1776870748299319,0.0413233082706766,2.7540411322759355,0.337469193507266,102.438356,2.948063
487,Healthy,0,0.1361440180076493,0.0218441989272832,0.0181325952418976,0.0744072223703066,0.6873577725061093,0.6382805699401148,0.5530589394848285,0.783774842430909,0.7234705302575857,268.0,3564.0,0.860125260960334,20,0.6399643731192628,0.212201680160231,0.6627942839518866,0.187867215041128,0.0469286037931257,2.7868436628054454,0.3277249451353328,102.440088,2.947955
488,Healthy,0,0.1258710490332709,0.0219366266909572,0.0216392125520441,0.0681163424419032,0.7377976025966689,0.7337135315304064,0.5936532479378248,0.964362041034824,0.7031733760310876,335.5,3853.5,0.8398185724516591,28,0.7930865262327763,0.2078898102045059,0.7013513513513514,0.1954693434617471,0.0463017927104357,2.7092799383904507,0.363815733035944,102.438884,2.946634
489,Healthy,0,0.2133200350734922,0.0218304845814903,0.0153079678614934,0.104850967725118,0.4826656851386842,0.4180969787897288,0.3713448664884163,0.5095906612940762,0.8143275667557918,292.0,3850.0,0.859005311443747,27,0.3886744513994226,0.3175182383921411,0.6895866454689984,0.189423614997202,0.0464,2.803340687046959,0.3495162708883025,102.434444,2.946776
490,Healthy,0,0.1400515006648169,0.0134623910610874,0.0197799164387914,0.0791370438204871,0.437599743066601,0.5267550656102855,0.3507797479364071,0.7998594533008216,0.8246101260317964,264.0,3907.5,0.8734268248831356,24,0.4531003860603752,0.2158072901268799,0.6854064642507346,0.1789531378459852,0.0437947349266043,2.865513173417224,0.3779735682819383,102.437416,2.948043
491,Healthy,0,0.1023993914326032,0.021066451134781,0.0206228165576855,0.1230435387955771,0.6298461542847671,0.6242492371488748,0.6825029723758139,0.5741863919906885,0.6587485138120932,331.0,3976.5,0.8463145676146256,22,0.6710074877775447,0.2037980722056494,0.6673664122137405,0.1829937038792228,0.0447832585949177,2.6181413386957773,0.3340642658345281,102.438279,2.947918
492,Healthy,0,0.110358161230882,0.0189368239500456,0.0188398294978671,0.0492323028544584,0.7672006324447538,0.7656118996934321,0.5858486753696301,1.107050938281559,0.7070756623151848,282.0,3849.0,0.8634713144517067,24,0.601422929996148,0.1677447571936581,0.6770283479960899,0.1760350973402797,0.0460975609756097,2.587970688529348,0.344523273922824,102.438354,2.948192
493,Healthy,0,0.1831527310940954,0.0187158622882432,0.0224024472344252,0.0754103027284145,0.50584307342401,0.5488270849788284,0.3708523842100668,0.916136076040646,0.8145738078949665,346.0,3588.0,0.824097610574479,27,0.4580970007174592,0.2368789743632078,0.6475860664086373,0.1681109185441941,0.0411946446961895,2.5956765412329865,0.3106867425633492,102.434758,2.947052
494,Healthy,0,0.1273224477966626,0.0148337504102124,0.0202824469241831,0.0800939756962988,0.5005400666678558,0.5791583369627201,0.4173929972050985,0.8082554207324161,0.7913035013974508,278.0,3948.0,0.8684335068622812,25,0.5317121790392294,0.1962956705441077,0.6858536585365854,0.1798443260958623,0.0431003259688518,2.6949625495667497,0.3738219895287958,102.437452,2.948113
495,Healthy,0,0.1551343525449434,0.0254596922960546,0.0251812587181727,0.0620905372003714,0.7595819037035847,0.7562136459151831,0.5639098967736239,1.154153341438091,0.718045051613188,264.5,3980.0,0.8753681234538815,22,0.6232586016905752,0.2527758570180999,0.683029179271982,0.1847221268118431,0.0416138189285498,2.719587176108915,0.3408499566348655,102.438787,2.947997
496,Healthy,0,0.1117825433611869,0.0210651432474454,0.021199544891715,0.0911145326164033,0.6877646001617055,0.6895804211791063,0.6342645110412215,0.7550093581165781,0.6828677444793891,278.0,3626.5,0.8576002048917916,20,0.5411079832547419,0.2332166251209046,0.6822604015731732,0.1922540893420377,0.0424576706003078,2.610509082404304,0.3379260333575054,102.439737,2.947331
497,Healthy,0,0.1114607147044605,0.0237962214483155,0.0220953912163774,0.1206135633918974,0.6807022691530626,0.660392000457969,0.7037338601677946,0.6193133788143167,0.6481330699161026,302.5,3938.0,0.8573281452658884,22,0.5793949104039706,0.2260119869477219,0.6769961977186312,0.1854589436903642,0.0461337760910815,2.706797706797707,0.3407830760044357,102.438242,2.947851
498,Healthy,0,0.0957092642784118,0.0190428314316603,0.0181290244476662,0.0510447368853622,0.8241880997519633,0.8084095727903182,0.6637902798663697,1.0483179805930336,0.6681048600668151,352.0,3926.0,0.8354371201496026,23,0.7496893304892387,0.1559469623284207,0.6673664122137405,0.1829937038792228,0.0447832585949177,2.533673614064937,0.3340642658345281,102.438194,2.948051
499,Healthy,0,0.1265497654676437,0.019602620974183,0.024194486439228,0.0951490257349279,0.6010676258988312,0.6598536194603868,0.5364981428335545,0.8109192028443544,0.7317509285832228,300.0,3818.0,0.8542982030111704,27,0.556761257314351,0.2325049212409389,0.6753015621910223,0.1870533837746952,0.0402750491159135,2.7450062421972534,0.3398567185042809,102.434645,2.946845
500,Healthy,0,0.1162141321433915,0.018120389431715,0.0177429778915312,0.0881058259142769,0.6026050523002285,0.5972665632198957,0.5395601731929758,0.6705027266659621,0.7302199134035122,287.0,3808.5,0.8598461726284947,24,0.6206832046184125,0.2083130224297443,0.6858536585365854,0.1798443260958623,0.0431003259688518,2.887422105608396,0.3738219895287958,102.437573,2.948185
501,Healthy,0,0.1003855748309029,0.014246175583038,0.0169000164088275,0.0755012395481268,0.5576370975012684,0.6017628307259909,0.4971109847522823,0.7315924976907446,0.751444507623859,384.0,3948.0,0.8227146814404432,27,0.5927556165188764,0.1782293251405159,0.6540927951716333,0.1838552915766738,0.0429301938399334,2.7970491288651704,0.3365935919055649,102.438569,2.946349
502,Healthy,0,0.0995124785436524,0.00987364201703,0.0133852363150152,0.071078870859411,0.4149926618146773,0.4799350220795791,0.3610564838178919,0.6338899095860184,0.819471758091054,278.0,3905.0,0.8670810423141286,22,0.4775201301936244,0.1667509867499272,0.6807909604519774,0.1848655824759376,0.0453879941434846,2.800555941626129,0.343476798924008,102.438479,2.947719
503,Healthy,0,0.1533137642674976,0.0223005331224865,0.0183386032780011,0.0555288497772481,0.7039207478993085,0.6515769001614213,0.5079434523024975,0.9930545873449697,0.7460282738487513,272.0,3953.0,0.8712426035502958,23,0.3924934173092753,0.2090825003882249,0.6885597349444553,0.1873372618884473,0.0414713306887847,2.861473880597015,0.356743535988819,102.438208,2.947237
504,Healthy,0,0.1474944021966722,0.019986489166816,0.0162261905562546,0.1050338223576545,0.5466367719375632,0.5016633138792221,0.4773437495848716,0.535252806472145,0.7613281252075642,299.5,3687.5,0.8497617256082267,20,0.4501209570324931,0.2716647053344381,0.6822604015731732,0.1922540893420377,0.0424576706003078,2.608762608762609,0.3379260333575054,102.439658,2.947195
505,Healthy,0,0.1232424080371856,0.018799581978884,0.0176942529570725,0.0666177777780426,0.6612023466222314,0.6448983731739697,0.5294091409661933,0.8394651535633348,0.7352954295169034,309.5,3607.5,0.8419708960939495,20,0.4777654020288605,0.1909425610469447,0.6579811243331966,0.1942658686174536,0.0492079979226175,2.622246958734197,0.3105076741440378,102.439854,2.947537
506,Healthy,0,0.125177522500356,0.0207798034987515,0.021844305925899,0.083819358713097,0.6634768437927961,0.6775922679035163,0.569476135754325,0.8269372825760272,0.7152619321228375,280.0,3668.0,0.8581560283687943,20,0.5526201696565626,0.2239814510362015,0.6631426202321725,0.1890329751759911,0.0457507820646506,2.690810896672226,0.3196191160618038,102.439936,2.947406
507,Healthy,0,0.1144654817051357,0.0291274641123082,0.0343150275035036,0.0797775594724549,0.922857769708578,0.9848048654974568,0.8113898338526808,1.2030589686158817,0.5943050830736596,304.5,3966.0,0.8573937478047067,28,0.565871415542018,0.2349101702372232,0.6897708752756208,0.1863767920845392,0.0443799253421816,2.854748167784188,0.3468785273942867,102.438996,2.946707
508,Healthy,0,0.1140562701556417,0.0253308295375771,0.0278354872845941,0.0558290634718206,0.9188365428036628,0.9534350759565708,0.7269203417914132,1.3308139245562092,0.6365398291042933,290.5,3953.5,0.8631008482563619,22,0.6020359278995276,0.1870293501350614,0.6910399696912294,0.18654881371702,0.0482620948802254,2.7458770614692654,0.3456717422394212,102.438709,2.947856
509,Healthy,0,0.1269118711352348,0.0127380875249703,0.0167542546987533,0.0685106209582752,0.461318764470344,0.5245068394577442,0.3648576096170422,0.7859862373409665,0.8175711951914789,281.5,3996.5,0.8683964469378214,22,0.3455712180679128,0.1895133459733592,0.6917808219178082,0.1886111482422136,0.0358807082945014,2.693785802334856,0.3632256985109586,102.438596,2.947512
510,Healthy,0,0.1248782243993547,0.0201629198466738,0.0237448345869779,0.0820314379201995,0.6524279784259013,0.7002345371709994,0.5560606944046748,0.8979266908981579,0.7219696527976627,287.0,4023.0,0.8668213457076566,23,0.6156500287664046,0.2118213694128725,0.6868936655887389,0.1831887925283522,0.0434168725732439,2.6947489901904214,0.3571671773918965,102.43809,2.94757
511,Healthy,0,0.1024341368012958,0.0250391376515229,0.0297242388543155,0.1122278554571999,0.7566400950532334,0.8130396444403101,0.7857062669490165,0.8375850739922255,0.6071468665254919,295.0,4012.5,0.8630295995356936,24,0.5664819307693757,0.2395981918606493,0.6848601735776277,0.1871178149205055,0.0424821002386634,2.777570233114166,0.3582089552238806,102.438406,2.947167
512,Healthy,0,0.1567525424891048,0.0157226716271705,0.014684811544915,0.0787050074173344,0.4712626810740275,0.457487512667444,0.3646360831086362,0.62896841253546,0.8176819584456818,280.0,3966.0,0.868111163447951,26,0.3999474939136963,0.2203129183294045,0.6725009723842863,0.1829436038514443,0.0395261694669406,2.975460122699386,0.3513421097623525,102.438767,2.946287
513,Healthy,0,0.0879518162045213,0.0155938100069761,0.0213438326285945,0.0743292851580513,0.6448095545792232,0.7416499450657088,0.6023937689120705,0.8923648825239268,0.6988031155439648,279.0,3982.0,0.8690448251584135,25,0.6063308982599154,0.1790166468256049,0.6900038895371451,0.1866721289089171,0.0425914817036592,2.835809465461786,0.378008658008658,102.437297,2.948109
514,Healthy,0,0.0741232091353999,0.0169391461337606,0.0201762840151786,0.0712853430045975,0.7558455809622242,0.8133819936096999,0.7440679997213853,0.8823934002755506,0.6279660001393074,276.0,3864.5,0.8666827677816689,24,0.7455991157395204,0.1562823555949661,0.683720027181827,0.1817934041973289,0.0370724707007892,2.8534510178117047,0.3727664818237831,102.43726,2.94804
515,Healthy,0,0.1397506338026788,0.0209663382007016,0.0189267319316665,0.0835298299789428,0.6324373878679657,0.6063386319903421,0.5218201398234559,0.738917315932564,0.7390899300882722,299.5,3687.5,0.8497617256082267,20,0.5263352602618827,0.2454245721714363,0.6822604015731732,0.1922540893420377,0.0424576706003078,2.608762608762609,0.3379260333575054,102.439699,2.947261
516,Healthy,0,0.114552450676759,0.0198225167890389,0.0176050109374854,0.0769609953794214,0.6860234353644246,0.6539244960502,0.5900657589095759,0.7446655145185261,0.7049671205452122,298.0,3675.5,0.8500062916823958,20,0.5187556581042896,0.2050831104732222,0.6646619659892161,0.1932510777463951,0.0512048192771084,2.5934884435229977,0.3100907538862431,102.43981,2.947606
517,Healthy,0,0.1101067960262298,0.0182888940390613,0.0138412526705198,0.0694251490963829,0.6770225021590679,0.6071969984129979,0.5697666029057868,0.6649141731507613,0.7151166985471066,284.0,3524.0,0.8508403361344538,20,0.4335582953217758,0.1780715617868635,0.6488151164004593,0.1828053620909159,0.0512513312034078,2.6785714285714284,0.296309963099631,102.440113,2.947756
518,Unhealthy,1,0.1839026825295554,0.0413396095650063,0.0352233128829134,0.0954563029938274,0.9134861245836442,0.8604463027782248,0.7341358353368383,1.0781578334646045,0.6329320823315809,318.5,3700.0,0.8414831404753017,24,0.5501251170437856,0.3149707015189859,0.6496378939127031,0.1737344196086623,0.0468264811824618,2.610592140816799,0.3176844334627603,102.438955,2.947047
519,Healthy,0,0.1764156023661295,0.0254452961186567,0.0234141116961836,0.0776859745383262,0.6674347394625467,0.6450917481683031,0.5042144627246758,0.926373559835456,0.7478927686376621,269.0,4067.0,0.8759225092250923,23,0.5252460550928745,0.2635906653271782,0.6885597349444553,0.1873372618884473,0.0414713306887847,2.8284182305630026,0.356743535988819,102.438247,2.947308
520,Healthy,0,0.0804714784026146,0.0221161709891425,0.0207934879387418,0.0902759267224205,0.8230048192777297,0.8033370507657313,0.8623326928833807,0.7488465839916835,0.5688336535583096,273.5,4015.0,0.8724495744432785,22,0.6392590050145355,0.1777753182169464,0.6815949147645189,0.1759951505354617,0.0400905462560314,2.80094325497829,0.361600681140911,102.437853,2.947431
521,Healthy,0,0.1205540051062901,0.0182054665767484,0.01439829212096,0.0725126684539848,0.6346751419438027,0.5779004076251556,0.524806454101649,0.6626686450459426,0.7375967729491756,361.5,3715.0,0.8226419722801422,20,0.4606254548824232,0.1868459766523705,0.6377427184466019,0.1811816192560175,0.0416827479737553,2.622995698083692,0.3255996511120802,102.440084,2.947819
522,Healthy,0,0.1142342082328266,0.0182384923100471,0.0196448550042178,0.0969050294823116,0.5892503209375395,0.6085126344631249,0.5507094589392586,0.6742127661735542,0.7246452705303708,328.0,3876.0,0.8439581351094196,28,0.5138089132405855,0.2228327091369364,0.6540927951716333,0.1838552915766738,0.0429301938399334,2.813639968279144,0.3365935919055649,102.438607,2.946417
523,Healthy,0,0.1772285161746872,0.0291281541188557,0.0243849818491273,0.0658589618073569,0.7732870017797929,0.7216861119107351,0.5646176414345283,1.0808473504637317,0.7176911792827358,309.0,3785.0,0.84904738641915,24,0.4293447388672045,0.2661592364311218,0.6552403467297084,0.1754336877448237,0.0453499222395023,2.6977105161039967,0.3175853018372703,102.439034,2.94705
524,Healthy,0,0.1700464197331004,0.0186967753494779,0.0193087829069958,0.132456984784868,0.4400574953675712,0.4464558929293043,0.3962373391273312,0.5089100974654365,0.8018813304363345,324.5,4162.5,0.8553599286828616,26,0.4710176452533648,0.2433844953775406,0.6705528394133132,0.1755210056235527,0.0426006337284356,2.7469224162610937,0.3582781456953642,102.438846,2.946839
525,Healthy,0,0.1126080080866813,0.0228054179913467,0.0239796297003825,0.0566186565491888,0.8492155392121016,0.8663427957235185,0.67365308306152,1.1900813685358005,0.6631734584692399,292.0,3845.0,0.8588349045201837,22,0.7660884648116989,0.1772404704242944,0.683029179271982,0.1847221268118431,0.0416138189285498,2.716984017741072,0.3408499566348655,102.438672,2.947925
526,Unhealthy,1,0.1452186364266607,0.0244467610286341,0.0255568486948808,0.1170007205671734,0.6286274256005598,0.6406141130390636,0.5763523121460423,0.7170955236449444,0.7118238439269787,296.0,3685.0,0.8512936448128611,27,0.5538054853341841,0.2682801557497845,0.6706972994760177,0.1880194898251648,0.0447385003150598,2.8082532316871065,0.3352780309936189,102.436877,2.947218
527,Healthy,0,0.1291240660680664,0.0269003340767489,0.0227608672446674,0.0745002917117542,0.8359819401153943,0.7842721313861718,0.689644287733999,0.9360722199440596,0.6551778561330005,266.5,3676.0,0.8648065948002537,20,0.6205511148169984,0.2089707938333352,0.6780908326324643,0.1867657992565055,0.0412942788179268,2.640157968096639,0.333456561922366,102.440203,2.948025
528,Unhealthy,1,0.1526754399140676,0.0132335095355908,0.0210709149638811,0.0658087250259187,0.4322007126117815,0.5428160278205543,0.3190547485108688,0.9701198101813016,0.8404726257445656,298.0,4109.0,0.86476060812344,23,0.4418106468184857,0.2227420724100537,0.7055837563451777,0.2003175443238952,0.0466082141209044,2.644324174299195,0.3735747820254863,102.438442,2.947515
529,Healthy,0,0.2006081442038218,0.0233670367548863,0.0250484092781941,0.0775640284021695,0.5753545715845829,0.5929856892289199,0.4173147516589212,0.9764278032735004,0.7913426241705395,263.5,4007.5,0.8766096932802623,22,0.5506911781165912,0.2976890734086433,0.683029179271982,0.1847221268118431,0.0416138189285498,2.7778602166493545,0.3408499566348655,102.438824,2.948066
530,Healthy,0,0.094246756285429,0.0168505980529718,0.0138634280819031,0.0487217853466669,0.7630326854487032,0.7073600195981391,0.6066966455977031,0.886051341678383,0.6966516772011484,324.5,3640.0,0.8362971370916887,20,0.5363617243296575,0.1393404203570551,0.6582071223905035,0.1919087899963222,0.050025920165889,2.480362085733523,0.3020122170319799,102.440055,2.947615
531,Healthy,0,0.1581992043389214,0.0256865444696611,0.0248405437709556,0.0787312334610356,0.7127639334884766,0.7030894468003593,0.558750085552301,0.95935570229002,0.7206249572238496,281.0,3875.0,0.8647738209817132,23,0.4945051599354846,0.2502901185717847,0.6885597349444553,0.1873372618884473,0.0414713306887847,2.769301895515488,0.356743535988819,102.438287,2.947234
532,Healthy,0,0.1910110414028167,0.0216558058228757,0.0202600446840127,0.0822930480870935,0.5471821073989441,0.5318933885630979,0.4073188859548663,0.7902265699283078,0.7963405570225667,278.0,3626.5,0.8576002048917916,20,0.4719870330121312,0.2739885908861955,0.6822604015731732,0.1922540893420377,0.0424576706003078,2.610509082404304,0.3379260333575054,102.439657,2.947328
533,Healthy,0,0.0816392203172047,0.0211968382613526,0.0230856697178549,0.0993443479140599,0.7591404678555879,0.7863147212247471,0.8244904969849719,0.7542486773876598,0.587754751507514,289.0,4112.5,0.8686811314324662,24,0.753923518874664,0.1964503001007768,0.70744384629664,0.1920684292379471,0.0409687641466727,2.8093313739897137,0.3852686591540095,102.437856,2.947163
534,Healthy,0,0.1025635020600424,0.0177909338639842,0.0168091192220648,0.0799579761094517,0.6525689476528543,0.6374320019938725,0.5912846910009922,0.6948278922490366,0.7043576544995038,295.0,3875.0,0.8585131894484412,25,0.6244644442307713,0.1862847598062621,0.6858536585365854,0.1798443260958623,0.0431003259688518,2.6768356512636458,0.3738219895287958,102.437485,2.948183
535,Healthy,0,0.1053761889537175,0.0135597512125968,0.016546747336785,0.0564323705103662,0.5741762690835666,0.6274963280321528,0.4560354487847994,0.9069305206698064,0.7719822756076004,287.5,4044.5,0.8672668513388735,22,0.4664166550475088,0.1674054118080271,0.6910399696912294,0.18654881371702,0.0482620948802254,2.7804914150384845,0.3456717422394212,102.438671,2.947789
536,Healthy,0,0.1268770868579546,0.0262991500397523,0.0282701239403751,0.0598010503583484,0.8792892551217567,0.9047852361938188,0.6867684067030636,1.28396716249007,0.6566157966484681,292.0,3845.0,0.8588349045201837,22,0.6689405408815636,0.1960182988809214,0.683029179271982,0.1847221268118431,0.0416138189285498,2.716984017741072,0.3408499566348655,102.438746,2.947928
537,Healthy,0,0.1227464328209559,0.017935795812971,0.0204458977613184,0.0785236834651894,0.6050659235235034,0.6406243056815074,0.5099662121401909,0.8263507840666587,0.7450168939299046,311.0,3998.5,0.8556677108713308,22,0.5297357820793362,0.2022583060380485,0.6807909604519774,0.1848655824759376,0.0453879941434846,2.728046164089665,0.343476798924008,102.438477,2.947583
538,Healthy,0,0.1383562535047531,0.0203882329579856,0.0244726207521226,0.0670106319917572,0.6626458229641784,0.7171203936437376,0.513737098208352,1.070037193392637,0.7431314508958241,284.0,4082.0,0.869903802107192,22,0.5078305697067325,0.2200415264815091,0.7055837563451777,0.2003175443238952,0.0466082141209044,2.754569190600522,0.3735747820254863,102.438362,2.947511
539,Healthy,0,0.1607649475336074,0.0197286889370944,0.0143160744466715,0.0826065780387984,0.5580388339855706,0.4908834086399958,0.4372162769360971,0.5908247073125732,0.7813918615319515,310.0,3644.0,0.8431967627718766,20,0.5544551614696307,0.1980641074478626,0.6582071223905035,0.1919087899963222,0.050025920165889,2.5996101364522417,0.3020122170319799,102.43993,2.94768
540,Healthy,0,0.130572331448396,0.0195497064333823,0.0211072067419687,0.075979631808069,0.6366650736310241,0.6578552317730354,0.5209017066175925,0.8696217554180727,0.7395491466912036,252.0,3634.0,0.8703036541430778,20,0.6492517854740568,0.2112628999683592,0.6780908326324643,0.1867657992565055,0.0412942788179268,2.744461575914956,0.333456561922366,102.440245,2.947957
541,Healthy,0,0.1595362193054623,0.0241517415270209,0.0267082380337847,0.1042785160243511,0.6190408660430873,0.6465086281684187,0.5259297651857852,0.8156011873362643,0.7370351174071074,282.0,3910.0,0.8654580152671756,23,0.5311565295817501,0.2538012423449092,0.6848601735776277,0.1871178149205055,0.0424821002386634,2.8185208203853325,0.3582089552238806,102.438316,2.947168
542,Healthy,0,0.1413300823834207,0.0211438625637027,0.0229754532790846,0.1505705672833654,0.5061543526575167,0.5251987425911491,0.520547773258879,0.5295529843812685,0.7397261133705605,291.5,4104.0,0.8673643499033102,22,0.4711673707134866,0.2654721221576134,0.7080852698290763,0.1924649728497687,0.037806301050175,2.6979690043167506,0.3690567321595645,102.438901,2.948204
543,Healthy,0,0.1621928562720616,0.0149784487568669,0.0162392126189337,0.0825658941434489,0.4361877124880705,0.4524685450205344,0.3381687289467382,0.65742401991377,0.8309156355266308,273.0,3892.0,0.8689075630252101,23,0.3800529537056635,0.2522921028236549,0.6854064642507346,0.1789531378459852,0.0437947349266043,2.841997801162243,0.3779735682819383,102.437458,2.947975
544,Healthy,0,0.092646197312408,0.0188842157108916,0.0238072710732618,0.10623666147391,0.6383811622336176,0.7068877563689734,0.6772759178053624,0.7322839476459545,0.6613620410973187,256.0,4045.0,0.8809579167635434,23,0.6900580296967124,0.2113523392213716,0.6893576222435283,0.1819157499329219,0.0452010914699252,2.849300646713792,0.3603418803418803,102.437898,2.947229
545,Healthy,0,0.0984221605790986,0.0263296664795941,0.0194887174293398,0.0781757558385531,0.9187815539499876,0.8240112589168391,0.8442254386288589,0.7981906532535079,0.5778872806855705,335.0,4028.0,0.8464359385743754,27,0.6907027412299185,0.2087904928872982,0.6442141623488774,0.1875259875259875,0.042208977010096,2.9365458015267176,0.3145797598627787,102.438616,2.946147
546,Healthy,0,0.0923048853874206,0.021697718443142,0.0203621035648716,0.0790266452564133,0.8083835465183906,0.7884072430364146,0.7613060654435728,0.8194933050816671,0.6193469672782136,306.0,4017.5,0.8584480166531745,22,0.718065665976672,0.1768909568587938,0.6673664122137405,0.1829937038792228,0.0447832585949177,2.6012755817213344,0.3340642658345281,102.438158,2.947982
547,Healthy,0,0.1558328419923782,0.012490727731751,0.0172418280401163,0.0750505779352453,0.3905413812710998,0.4563427962091027,0.2968265882721581,0.7472696310341799,0.8515867058639209,271.0,4124.0,0.8766780432309442,23,0.4045840473475673,0.2323988990651236,0.6917808219178082,0.1886111482422136,0.0358807082945014,2.751356755212796,0.3632256985109586,102.438559,2.947444
548,Healthy,0,0.1489639215999179,0.0200146137633257,0.0165717936017447,0.1842526553405655,0.4289851572081214,0.3957394495750253,0.4737788434560973,0.3300752211998887,0.7631105782719514,314.5,4107.5,0.857756671189507,22,0.4763874845330267,0.2928054663870069,0.6846676737160121,0.1886490807354116,0.0543606712361143,2.767199241263588,0.3440027533987265,102.438245,2.947713
549,Healthy,0,0.1091317853165997,0.0150465040157238,0.0230421620524591,0.0788980738984213,0.5518542537301954,0.673782318728259,0.4846742243471124,0.9041439560160288,0.7576628878264438,270.0,3908.5,0.8707670216584898,24,0.595014277830827,0.1972263144950072,0.683720027181827,0.1817934041973289,0.0370724707007892,2.875602623883664,0.3727664818237831,102.437341,2.948041
550,Healthy,0,0.095958331392871,0.0185255927758084,0.0181911816406581,0.0740917101502418,0.7156149883104135,0.710303038639319,0.6472731577059846,0.7884963848717168,0.6763634211470078,284.5,3919.0,0.8646366123468539,22,0.5413762312984871,0.1759422454569074,0.6733036922482118,0.1776870748299319,0.0413233082706766,2.8189715349414413,0.337469193507266,102.438398,2.947993
551,Healthy,0,0.1058092845810784,0.0195939971341027,0.0160637802133957,0.0660375571913189,0.7427777328794324,0.6873635391585268,0.6249915270512634,0.7826318411457814,0.6875042364743684,347.0,3634.0,0.8256719417231851,20,0.5254689453042819,0.1873572905444437,0.6646619659892161,0.1932510777463951,0.0512048192771084,2.474591583226681,0.3100907538862431,102.439889,2.947608
552,Healthy,0,0.1130730004774199,0.0118205247239934,0.0135875392912162,0.0837352896730105,0.4289611298641702,0.4573572293652237,0.3785792643751763,0.5584522947318196,0.8107103678124117,277.0,4001.0,0.8705002337540907,22,0.5467248254126917,0.1834479255808724,0.6960755954102786,0.1866693651757404,0.0378805758791597,2.7003117975491264,0.356110827808941,102.438598,2.947647
553,Healthy,0,0.1363957797487577,0.022504380904138,0.025348882501324,0.0911748707294464,0.6604865925966843,0.6949761584707468,0.5665036664952647,0.8701704776406095,0.7167481667523676,287.5,3962.5,0.8647058823529412,28,0.5853539218863868,0.2577701734585894,0.6874876065833829,0.1965691788526434,0.0475135401280157,2.9168981665211526,0.3576382713853814,102.436842,2.947285
554,Healthy,0,0.153794291946623,0.0209085454957352,0.0233222947766383,0.1310218092468049,0.5120984883593687,0.5376842595811882,0.4787225165162828,0.6044233415769713,0.7606387417418585,271.0,4065.0,0.875,23,0.518195581855707,0.2831006265348858,0.7062857142857143,0.1891676622859418,0.0419913923461672,2.8045535186280306,0.3784384076541944,102.438054,2.947368
555,Healthy,0,0.2188538875844743,0.0237661307263705,0.0159875416300363,0.1008345484733581,0.5177514423883736,0.4423930466220464,0.391824728921112,0.5474150176866853,0.8040876355394441,293.0,3792.0,0.8565483476132191,27,0.3750056705097814,0.3305656558109653,0.6895866454689984,0.189423614997202,0.0464,2.7893813775510203,0.3495162708883025,102.434366,2.946774
556,Healthy,0,0.1229440975520345,0.0216629020869731,0.0195210133161809,0.0419222621454132,0.8324194987609573,0.7994925584650915,0.5992213970568974,1.2708315544396886,0.7003893014715512,317.0,3794.0,0.8457796156652883,23,0.6155826320076994,0.1797992543627818,0.6552403467297084,0.1754336877448237,0.0453499222395023,2.6127141568981065,0.3175853018372703,102.439072,2.947116
557,Healthy,0,0.1055253421266873,0.0172574021336105,0.0201268077103628,0.0586472203334172,0.694856544444286,0.7419092778003761,0.562209363785681,1.022002211143855,0.7188953181071595,297.5,4000.5,0.8615635179153095,22,0.6795977873259561,0.1734651757611169,0.6887210948560641,0.1892323030907278,0.0511720815463251,2.6744186046511627,0.351010101010101,102.438637,2.947858
558,Healthy,0,0.1406234684917661,0.023261575649182,0.0235891863703727,0.0579590615299012,0.7592341564309858,0.7635600146973676,0.5677534706382618,1.157066496350486,0.7161232646808692,290.0,3925.5,0.8624125252046021,22,0.6482705477737778,0.2270478910456101,0.6656632173095014,0.1821337962344772,0.0484367598294647,2.8444566152883186,0.3428133514986376,102.437927,2.947572
559,Healthy,0,0.1080007561379008,0.0206014971352285,0.0167962396517395,0.0958154383632871,0.6726492643620287,0.620158820632833,0.64078184046976,0.596607383809635,0.6796090797651202,319.0,4071.0,0.8546697038724373,24,0.5124941576188564,0.199039427563548,0.6650790626786055,0.1742576917909445,0.0367734282325029,2.7970776800357835,0.3346780971591864,102.437691,2.947155
560,Healthy,0,0.1185939808686574,0.0185682100968228,0.021115582022402,0.0694334879517555,0.6597224866963801,0.6970896732198817,0.5414964565999354,0.9327796311294348,0.7292517717000322,352.5,3833.0,0.8315613427308566,28,0.672927604312325,0.1946457980407609,0.68068669527897,0.1886677908937605,0.0479305423406279,2.6968076863474355,0.3653501663396741,102.438838,2.946704
561,Healthy,0,0.0919751558038923,0.0179715534258219,0.0177675701884759,0.0859798755910661,0.672153711038011,0.6689770922887387,0.6538277880886282,0.6850316190426925,0.673086105955686,331.0,3976.5,0.8463145676146256,22,0.7494125121600504,0.1511904019862413,0.6673664122137405,0.1829937038792228,0.0447832585949177,2.6181413386957773,0.3340642658345281,102.43824,2.947983
562,Unhealthy,1,0.1508910804986953,0.022282854343454,0.0224931834058629,0.0885882924000422,0.6275864160453066,0.6300817655113067,0.514693030767365,0.8099706361541573,0.7426534846163174,311.0,3981.0,0.8550792171481827,28,0.7591847360915078,0.2428422793745994,0.7013513513513514,0.1954693434617471,0.0463017927104357,2.907621613056568,0.363815733035944,102.438845,2.946563
563,Healthy,0,0.1169768095844321,0.0180714305283294,0.0128204627997345,0.0534686251646942,0.6998046218578989,0.6137340476917492,0.5352585272711518,0.7736092435976233,0.7323707363644241,331.5,3590.5,0.8309535951045385,20,0.5393511824788112,0.1607453951405154,0.6582071223905035,0.1919087899963222,0.050025920165889,2.583022905603551,0.3020122170319799,102.439961,2.947615
564,Healthy,0,0.100972449613942,0.0159367439854476,0.0172169897705316,0.1127652691470252,0.5190884959201717,0.5371386237634704,0.5452691441892149,0.5298258366613473,0.7273654279053926,290.5,4000.0,0.8645845472555647,22,0.4367739551066198,0.1935341082927253,0.6733036922482118,0.1776870748299319,0.0413233082706766,2.7701441266522293,0.337469193507266,102.438357,2.947923
565,Healthy,0,0.1150533523824479,0.0135202486481931,0.015204224942459,0.0573883251183562,0.5422138057974906,0.5711591822939056,0.420622850719442,0.8377843142152465,0.7896885746402791,282.0,3869.5,0.8641454895820788,22,0.4278894332687755,0.1743312206947141,0.6770283479960899,0.1760350973402797,0.0460975609756097,2.741688956820787,0.344523273922824,102.438471,2.948131
566,Healthy,0,0.150152047475179,0.0138188228011131,0.0163143397205405,0.0552632278866238,0.4743582785901574,0.511710674754086,0.3371043351255813,0.9117012642887056,0.8314478324372093,301.0,3784.0,0.8526315789473684,24,0.4293978138660007,0.2145166960027483,0.6552403467297084,0.1754336877448237,0.0453499222395023,2.771103508632349,0.3175853018372703,102.439186,2.947049
567,Healthy,0,0.1150164066089524,0.0228065688990884,0.0248568807211187,0.074243320359124,0.7768140920590593,0.8047072524784675,0.6619090558745869,1.0033029378413376,0.6690454720627066,314.5,3856.0,0.8491787555448987,28,0.7009303827840853,0.2246743771764967,0.6897708752756208,0.1863767920845392,0.0443799253421816,2.730321486392722,0.3468785273942867,102.438919,2.946706
568,Healthy,0,0.1044097070892651,0.0184225195811854,0.0194121069378323,0.1084474457634819,0.5902237199445983,0.6036835609660841,0.5999246315256213,0.6072946925813161,0.7000376842371894,264.0,4055.0,0.8777494790460755,22,0.4702589682816446,0.2081025317311287,0.7008120536151061,0.1922364721212537,0.0445232229766268,2.714643752237737,0.3646014618865297,102.438825,2.948206
569,Healthy,0,0.1088376922739876,0.023886679775185,0.0233481666073203,0.0771142285731103,0.8175984980166068,0.810249173976435,0.71988827391356,0.9296281087221526,0.6400558630432202,270.0,3896.0,0.8703792606817091,22,0.6124354235855898,0.202343018932475,0.6682188591385332,0.1774049982882574,0.0412982923579992,2.887402452619844,0.3327553320617305,102.438124,2.947913
570,Healthy,0,0.1660991070999039,0.0237566670402884,0.0242123541732629,0.0933772201339403,0.6190870907787779,0.6240981879322062,0.5005202954269092,0.8236224789795746,0.7497398522865455,313.0,3756.0,0.8461538461538461,23,0.5260650074419388,0.2517779920664099,0.6746729154462019,0.1783456993679582,0.0448343079922027,2.6669248644461656,0.3638108532542313,102.438249,2.947169
571,Healthy,0,0.1343529042270448,0.0228880387213495,0.0273549796806441,0.0821990966796875,0.6979973738338977,0.7532827041850303,0.5822411972907398,0.9987754208495726,0.70887940135463,302.0,4012.0,0.8599907278627724,23,0.4710179422556366,0.2444769326183531,0.7000951474785918,0.1897722732720735,0.0430823117338003,2.7563150074294205,0.3733558178752107,102.438049,2.947505
572,Healthy,0,0.151568376355701,0.0189978965661591,0.0153433638107445,0.0746932360861036,0.5751330684529948,0.5271048627432983,0.4455252786079795,0.6816500768941908,0.7772373606960101,288.0,3818.5,0.8597345671496408,20,0.3292893227326055,0.2227264067365063,0.693203076283517,0.1982936157693439,0.0459681561376476,2.617123795404003,0.3412087912087912,102.439734,2.947466
573,Healthy,0,0.1056628649433453,0.0101552030278576,0.0146611428095234,0.0540080339544349,0.4513892386981663,0.5380609564201765,0.3507294917191192,0.8540159355583506,0.8246352541404405,285.5,4040.0,0.8679921396370361,22,0.4938157073069049,0.1667163065738148,0.6887210948560641,0.1892323030907278,0.0511720815463251,2.698943282294587,0.351010101010101,102.438597,2.947794
574,Healthy,0,0.2049348503351211,0.0246667359024286,0.0297005878140529,0.1131811336510711,0.5370368199201877,0.5838363501634168,0.429731106071854,0.8314734035816475,0.785134446964073,271.0,4104.0,0.8761142857142857,23,0.5963384235820746,0.3170498766832882,0.7055837563451777,0.2003175443238952,0.0466082141209044,2.8384182464454977,0.3735747820254863,102.438364,2.947376
575,Healthy,0,0.1081079070766766,0.0263137515220377,0.0281241902460654,0.0579269789159297,0.9627170594069908,0.987658067817544,0.7830211826381789,1.3073240268529245,0.6084894086809105,278.0,3916.0,0.8674296614210777,22,0.6086488557364289,0.2009315975010394,0.6910399696912294,0.18654881371702,0.0482620948802254,2.6352770735240854,0.3456717422394212,102.438793,2.94786
576,Healthy,0,0.1494962597886721,0.0220247498816914,0.0263062034630113,0.0840867857138315,0.6346446123050445,0.6857545711434847,0.5136338673383399,0.9531838447048616,0.7431830663308301,258.5,3592.5,0.8657491560633601,20,0.6084228015864588,0.2223220061924723,0.6488151164004593,0.1828053620909159,0.0512513312034078,2.789257926880281,0.296309963099631,102.440204,2.947887
577,Healthy,0,0.1656763065192434,0.018751288867659,0.025598468672898,0.0765037611126899,0.5363590248665356,0.6191293700592398,0.4066916087762574,1.0028564009485057,0.7966541956118712,274.0,4146.0,0.8760180995475113,24,0.4834275614655879,0.2493200343516138,0.7055837563451777,0.2003175443238952,0.0466082141209044,2.742403852964091,0.3735747820254863,102.438405,2.947441
578,Healthy,0,0.1297224991851382,0.0188369589547316,0.019337469091018,0.1096371635794639,0.5439617510310015,0.5501944346265621,0.5071897593217246,0.5997293790453638,0.7464051203391375,270.0,4036.0,0.8745935903390618,22,0.4742717813840106,0.2677886887556976,0.7080852698290763,0.1924649728497687,0.037806301050175,2.644105876570947,0.3690567321595645,102.438864,2.948136
579,Healthy,0,0.1179012209177017,0.0236974145389265,0.0240122412020961,0.0860808653136094,0.7541635876876431,0.7582236169872735,0.6694249407844058,0.872433959293195,0.665287529607797,289.0,3999.0,0.8652052238805971,22,0.4980154359878735,0.2279441077262163,0.6815949147645189,0.1759951505354617,0.0400905462560314,2.7632950990615224,0.361600681140911,102.437888,2.947497
580,Healthy,0,0.1997731775045395,0.0253848926060729,0.0280457832333114,0.1024277040527926,0.5753428258139434,0.6009666434610691,0.4509701578735717,0.8598155477154446,0.7745149210632141,281.0,4080.0,0.8711304746617748,23,0.598608418690304,0.3078124651478396,0.7010703363914373,0.191272921964931,0.0438658221909453,2.735455069124424,0.3714093734251638,102.438288,2.947374
581,Healthy,0,0.0960738927953773,0.0192202406211031,0.0176662004863222,0.070412837796741,0.7503245839949025,0.7254927638522555,0.66682458340437,0.8022885276992971,0.666587708297815,281.5,3858.5,0.8640096618357488,22,0.5585247122255629,0.1858657799247238,0.6733036922482118,0.1776870748299319,0.0413233082706766,2.836862558489968,0.337469193507266,102.438434,2.948059
582,Healthy,0,0.1289150549305809,0.0211843902038203,0.0216284924083285,0.1053714714944362,0.6125858331467827,0.6180147804848841,0.5645427985387019,0.6812125529386127,0.7177286007306491,288.5,4040.5,0.8667128667128667,22,0.7117805318209552,0.2320706790520084,0.6868936655887389,0.1831887925283522,0.0434168725732439,2.7090252707581226,0.3571671773918965,102.438055,2.947643
583,Healthy,0,0.0974847533636623,0.0222147961871491,0.0240719314250681,0.0709863404432932,0.8347477534473124,0.8621195224712762,0.7423518725179201,1.0129336859144007,0.62882406374104,278.0,3905.0,0.8670810423141286,22,0.6957482004711141,0.1883533899154928,0.6807909604519774,0.1848655824759376,0.0453879941434846,2.800555941626129,0.343476798924008,102.438438,2.947644
584,Healthy,0,0.0929956220918231,0.0220788779358069,0.0265655165745152,0.0988878880937894,0.7483056943256373,0.8089605166072739,0.7674637884329072,0.8470241726720357,0.6162681057835464,270.5,4069.0,0.8753312593616777,24,0.7873439308547742,0.2227432674003971,0.70744384629664,0.1920684292379471,0.0409687641466727,2.8195516627078385,0.3852686591540095,102.437935,2.947167
585,Healthy,0,0.1378234144714143,0.0180736587693293,0.016009089226524,0.1025309873123963,0.5229235843774543,0.4967658062797571,0.4637331129730475,0.5402084997395031,0.7681334435134763,264.0,4054.0,0.8777211672070403,22,0.4856162209698442,0.2384678626226054,0.6868936655887389,0.1831887925283522,0.0434168725732439,2.8270923467104283,0.3571671773918965,102.438004,2.947713
586,Healthy,0,0.1183540746569633,0.0207472774717542,0.0195179185312655,0.0549178309738636,0.7728311922176738,0.7542519907769973,0.5966089374186873,1.0488464836332756,0.7016955312906564,278.0,3790.5,0.8633402974069068,22,0.5451998589316207,0.1835376131865713,0.683029179271982,0.1847221268118431,0.0416138189285498,2.732825021395783,0.3408499566348655,102.438668,2.948063
587,Healthy,0,0.0827302593323919,0.0198191353637311,0.0192331355065107,0.0853304349713855,0.7633792632813607,0.7542216555574787,0.7730571369030376,0.7357489962750043,0.6134714315484812,277.5,3651.0,0.8587247040855288,20,0.7334877163058808,0.1760295037594106,0.6713236055055366,0.1854081033470346,0.0481568016614745,2.780433528393637,0.3300411522633745,102.440202,2.94816
588,Healthy,0,0.0949409550262822,0.0168099940444032,0.0115063768915004,0.048667908542686,0.7587926632561144,0.6588066264374054,0.6016949004619349,0.7648700310091833,0.6991525497690326,310.0,3644.0,0.8431967627718766,20,0.5030225126096007,0.134880989169081,0.6582071223905035,0.1919087899963222,0.050025920165889,2.5996101364522417,0.3020122170319799,102.440012,2.94769
589,Healthy,0,0.1184835814767413,0.0214850041601392,0.0238144997921254,0.1272979627052942,0.5952523260623377,0.6225002176213703,0.6139950350252904,0.6303781805562743,0.6930024824873549,260.0,4089.0,0.8804322832835134,23,0.5670897892995317,0.2631052782138189,0.7062857142857143,0.1891676622859418,0.0419913923461672,2.748743718592965,0.3784384076541944,102.437974,2.947366
590,Healthy,0,0.1339193102386262,0.0253177521129449,0.028367345738742,0.1037423105703459,0.7025460863651246,0.7370613006864263,0.635976367286836,0.8589030213619774,0.6820118163565819,305.0,4080.0,0.8608893956670467,27,0.6486310772974592,0.2400532700121402,0.6897708752756208,0.1863767920845392,0.0443799253421816,2.789271464459879,0.3468785273942867,102.438963,2.946772
591,Healthy,0,0.1353518217802047,0.0191564979031682,0.0182513986817664,0.0719723283416695,0.6238957981955006,0.6114098596944207,0.4959344051485323,0.8091618151409569,0.7520327974257338,305.0,3697.5,0.8475952529668956,20,0.4089177259937913,0.2083933610055181,0.6579811243331966,0.1942658686174536,0.0492079979226175,2.6290297582145072,0.3105076741440378,102.439774,2.947537
592,Healthy,0,0.1363635369473033,0.0227229733847909,0.0233782989283402,0.1199948034352726,0.6023234089669478,0.6096850009460513,0.571336270746188,0.6522366759993738,0.714331864626906,311.5,3940.5,0.853480714957667,22,0.6389794249230961,0.2445138552122645,0.6769961977186312,0.1854589436903642,0.0461337760910815,2.6226783262267834,0.3407830760044357,102.438168,2.947841
593,Healthy,0,0.1011790699428982,0.0128662955636779,0.0173650010385447,0.0542691825992531,0.568108429261865,0.6512574323134844,0.451269387634555,0.9696488551525588,0.7743653061827226,283.0,3828.0,0.8623206032595475,23,0.518894289957985,0.1562597271468904,0.6770283479960899,0.1760350973402797,0.0460975609756097,2.661811082745157,0.344523273922824,102.438433,2.948201
594,Healthy,0,0.1302773704131444,0.0189572698954078,0.0276380473126967,0.0916521333985858,0.5836507047097712,0.6940932615635218,0.5081198267697747,0.9267501196796388,0.7459400866151126,279.5,4129.5,0.8732138806985711,24,0.6205952208499881,0.2363358872632185,0.6981132075471698,0.1938278289117488,0.0458911419423692,2.7939042089985486,0.3679358033122759,102.438484,2.947302
595,Healthy,0,0.166682808763451,0.0223954527949293,0.0290091538594828,0.0954477654563056,0.5837441630692333,0.6558065542895787,0.4737816523242026,0.9323436260181558,0.7631091738378987,278.0,4092.0,0.8727688787185355,23,0.4573598806873666,0.261305751485957,0.7000951474785918,0.1897722732720735,0.0430823117338003,2.8180877789271466,0.3733558178752107,102.438093,2.947442
596,Healthy,0,0.1545841553144984,0.0228396867298417,0.019256404807998,0.1156479679048061,0.5783819068300676,0.539126336319915,0.5149180959373841,0.5709645853805695,0.7425409520313081,305.0,3606.0,0.8440296599335209,20,0.6153874507551658,0.2282257763048013,0.6764030878364281,0.1951509742674401,0.0552235865782388,2.5894257922811423,0.2994765359537147,102.439887,2.947744
597,Healthy,0,0.1450308346086078,0.0206699164377318,0.0217567469096846,0.0789334393209881,0.6232822156174059,0.6370586594437803,0.4989697706789822,0.8643045652866996,0.7505151146605088,330.5,4068.0,0.8497214959645334,26,0.5428906081305982,0.232605824040042,0.6705528394133132,0.1755210056235527,0.0426006337284356,2.711673801059276,0.3582781456953642,102.438996,2.946841
598,Healthy,0,0.1881235995226436,0.0179444980911082,0.0154242215471135,0.1132676725586255,0.4256281740641843,0.3987181319586449,0.3483217111023727,0.4794154800282999,0.8258391444488136,281.0,3960.0,0.8674840839424663,25,0.462724493676821,0.2239907102452384,0.6900038895371451,0.1866721289089171,0.0425914817036592,2.649049539170507,0.378008658008658,102.437334,2.948174
599,Healthy,0,0.1838950018088022,0.0248902433862288,0.025482732285228,0.0821274241639508,0.630525999139475,0.636835749314736,0.4768582830262409,0.9472240586236026,0.7615708584868794,277.0,4106.0,0.8736025553274013,23,0.5450391081460298,0.2937306095328596,0.6981132075471698,0.1938278289117488,0.0458911419423692,2.8162694910267727,0.3679358033122759,102.438315,2.947303
600,Healthy,0,0.1671660608715481,0.0201056552016072,0.0201323636704021,0.1324102522598372,0.4733699242476356,0.4736471076400313,0.4294434978905876,0.5279144728869476,0.7852782510547062,324.5,4162.5,0.8553599286828616,26,0.543560429318701,0.2568242607845201,0.6705528394133132,0.1755210056235527,0.0426006337284356,2.7469224162610937,0.3582781456953642,102.438921,2.946842
601,Healthy,0,0.1225263194905387,0.0171430150253905,0.0157582202098435,0.1012619568241967,0.5314133054721213,0.5127008896712035,0.4909600259729268,0.5386496793714324,0.7545199870135367,269.5,4035.5,0.8747967479674796,22,0.4696489723872231,0.2303479160699579,0.7008120536151061,0.1922364721212537,0.0445232229766268,2.6892316481005425,0.3646014618865297,102.438788,2.948133
602,Healthy,0,0.1371049533287684,0.0245306181410948,0.0209428612142801,0.0752150764067967,0.7507995814643739,0.7055798963399585,0.6070598920279998,0.8711859564546088,0.696470053986,309.5,3607.5,0.8419708960939495,20,0.5446920667885518,0.22252933246394,0.6579811243331966,0.1942658686174536,0.0492079979226175,2.622246958734197,0.3105076741440378,102.439891,2.947468
603,Healthy,0,0.1434832910696665,0.0241186319746904,0.0190866985875699,0.0813742929862605,0.7065276302604327,0.6447043317991132,0.5756170701766292,0.7599645708670029,0.7121914649116855,305.0,3697.5,0.8475952529668956,20,0.4890555173292307,0.2243984925250213,0.6579811243331966,0.1942658686174536,0.0492079979226175,2.6290297582145072,0.3105076741440378,102.439813,2.947468
604,Healthy,0,0.1811323910951614,0.0168690849095582,0.0171093062187234,0.1001666809121767,0.4283705586490862,0.431091912378976,0.3407870537117834,0.5835570140927991,0.8296064731441081,303.0,3949.0,0.8574788334901223,28,0.4111062016342957,0.2662152881837553,0.6648066192033866,0.1935439370947717,0.0427865493551886,2.8726757012291206,0.3332188841201717,102.438765,2.946423
605,Healthy,0,0.1584282533990012,0.021028870716691,0.0241057821032073,0.0766364691985978,0.6070636183240654,0.6443219618551629,0.4687218926596446,0.9571269965365712,0.7656390536701778,310.0,3906.0,0.8529411764705882,27,0.4402087449259829,0.2539857110629478,0.6760865328396024,0.1785665341921337,0.0376447876447876,2.73086269744836,0.3400754199520054,102.439037,2.946908
606,Healthy,0,0.1518992094529999,0.0173473181203007,0.0171538940113451,0.0981431288851632,0.4873920753274578,0.4850043105834726,0.4099893420333267,0.5951201021640462,0.7950053289833365,324.5,4162.5,0.8553599286828616,26,0.4794440505825827,0.2189822689526611,0.6705528394133132,0.1755210056235527,0.0426006337284356,2.7469224162610937,0.3582781456953642,102.438879,2.946906
607,Healthy,0,0.0722823424471749,0.0202876208350062,0.01490755027367,0.1139320871896213,0.7156453190519575,0.635838210993132,0.876639467735919,0.4628249680667543,0.5616802661320406,262.5,3698.0,0.8674409796742836,20,0.52665392116905,0.1924124051713281,0.6730631092868138,0.1832498729951375,0.0417891373801916,2.705970384373031,0.339411446109406,102.44036,2.948167
608,Healthy,0,0.2167071319288677,0.0160485619886053,0.0120419118967321,0.1132109380430645,0.3546494679084627,0.3138525531562339,0.2758009777289583,0.3845632862651861,0.8620995111355209,291.0,3826.0,0.858634928345883,27,0.2907579545186667,0.3489446284042465,0.6895866454689984,0.189423614997202,0.0464,2.752686497430307,0.3495162708883025,102.434409,2.946705
609,Healthy,0,0.1328317887253231,0.0195521179379688,0.0207115991248024,0.0795283002985848,0.6220243907999632,0.6375284686979358,0.5132331455754376,0.8264812412599101,0.7433834272122812,288.0,3879.0,0.8617710583153347,23,0.5624311387325754,0.2187950962947475,0.6846676737160121,0.1886490807354116,0.0543606712361143,2.740802930850252,0.3440027533987265,102.438167,2.947573
610,Unhealthy,1,0.0972331282165315,0.0219550569438272,0.0247037700480885,0.10884340852499,0.7025993392389516,0.7384613898532584,0.7368199092649437,0.7399263784392217,0.6315900453675283,274.0,4107.0,0.8749144031043141,22,0.5905733319475673,0.2292740133901437,0.6815949147645189,0.1759951505354617,0.0400905462560314,2.739226756235261,0.361600681140911,102.437932,2.947428
611,Healthy,0,0.1426554926567607,0.0155917826212114,0.0160344781147109,0.0661890274948543,0.5196652748569962,0.526072408784054,0.3941118757039797,0.780043516551091,0.80294406214801,327.0,3940.0,0.8467307241621749,23,0.5135143779800841,0.1988045088946819,0.691190706679574,0.1946115973741794,0.0511432009626955,2.640695804706914,0.3496497448758973,102.439221,2.947119
612,Healthy,0,0.1491228400005234,0.0171563824017842,0.0180783803678221,0.1597690656781196,0.3999102314704294,0.4095557363047554,0.4127125964126738,0.4066042165857603,0.7936437017936633,303.0,4040.5,0.860481178772879,22,0.4086554089716657,0.2732418088449372,0.7080852698290763,0.1924649728497687,0.037806301050175,2.646392409544714,0.3690567321595645,102.438983,2.948204
613,Healthy,0,0.1071530100372102,0.0191415114742186,0.0170573041670852,0.078951324439711,0.6824452747730566,0.6513414789138631,0.60624993848166,0.7106571321602132,0.69687503075917,287.5,4044.5,0.8672668513388735,22,0.5652344065483148,0.1897777029209666,0.6910399696912294,0.18654881371702,0.0482620948802254,2.7804914150384845,0.3456717422394212,102.438751,2.947791
614,Healthy,0,0.1502253984411557,0.0235386707095636,0.0249020529703961,0.0883126482367515,0.6593109948702517,0.6751819811556568,0.5418535793875005,0.8798169391387822,0.7290732103062499,249.0,3699.0,0.8738601823708206,20,0.7218290611301821,0.2449067499902513,0.7025684388542437,0.1895724097186323,0.0446173800259403,2.7216787630167247,0.3498463544091628,102.440284,2.948024
615,Healthy,0,0.141233274506198,0.0177104122315843,0.0182685861364007,0.0862300358712673,0.5389572023376987,0.5462903591958649,0.4457028170185103,0.6992852455053491,0.7771485914907449,271.0,3921.0,0.870706106870229,22,0.5893693280651789,0.2193910835517777,0.684833444688365,0.1808937650521808,0.0451154529307282,2.881503118338991,0.3610518227610347,102.438081,2.947844
616,Healthy,0,0.0904669455356068,0.0201943820963303,0.0184919698577788,0.1006044790976577,0.6979820486197891,0.6735154305325067,0.7299526412152734,0.6210754399469333,0.6350236793923633,289.0,4112.5,0.8686811314324662,24,0.6359807123829943,0.1835965688029925,0.70744384629664,0.1920684292379471,0.0409687641466727,2.8093313739897137,0.3852686591540095,102.437776,2.947154
617,Healthy,0,0.1851197017563713,0.020300679322746,0.0176881882879469,0.0967613177167044,0.5036102609062753,0.4750540034516502,0.3953001978888789,0.6182005988642028,0.8023499010555604,281.5,3673.0,0.8576305474775572,20,0.5209785469120481,0.3002705470555358,0.6822604015731732,0.1922540893420377,0.0424576706003078,2.637862642918255,0.3379260333575054,102.439578,2.9472
618,Healthy,0,0.1341747260755962,0.0233489450895124,0.0248437107851107,0.0879905348022778,0.6947458585597288,0.7130200802477958,0.5928999728565031,0.8807152706443047,0.7035500135717484,267.0,4006.0,0.8750292534519073,23,0.5178492737327335,0.2518884585135513,0.7000951474785918,0.1897722732720735,0.0430823117338003,2.704325184435122,0.3733558178752107,102.437971,2.947504
619,Healthy,0,0.1614044631520907,0.0132055410908328,0.0194249644668565,0.0729982981251345,0.4050564468726674,0.4887856250189554,0.3025151084117905,0.8406958993693773,0.8487424457941047,274.0,4146.0,0.8760180995475113,24,0.423937344809669,0.2414775559057791,0.7055837563451777,0.2003175443238952,0.0466082141209044,2.742403852964091,0.3735747820254863,102.438479,2.947442
620,Healthy,0,0.1515595308608479,0.0193146570689148,0.0200895317312743,0.1148757557902071,0.5065066748214742,0.5153577868527411,0.4521375007641067,0.5953984791260286,0.7739312496179466,292.5,3982.0,0.8631418879401099,22,0.534145300927248,0.2549633234739304,0.6846676737160121,0.1886490807354116,0.0543606712361143,2.7386431116389547,0.3440027533987265,102.438128,2.947643
621,Healthy,0,0.080013939903842,0.0207030830076999,0.0124697752503885,0.1037243844734297,0.7356372069009348,0.6117316378999942,0.8222277588916852,0.4292737356172771,0.5888861205541575,291.5,3678.0,0.8531301171432171,20,0.5756628559056598,0.1749641332361433,0.6730631092868138,0.1832498729951375,0.0417891373801916,2.6176857076602,0.339411446109406,102.440318,2.94823
622,Healthy,0,0.1584829679793781,0.0176055643500553,0.017822455200884,0.1221583377983835,0.4459187247781356,0.4483575812248837,0.3999252902424812,0.5092828757150208,0.8000373548787593,288.5,4040.5,0.8667128667128667,22,0.482078825048657,0.2558048667593134,0.6868936655887389,0.1831887925283522,0.0434168725732439,2.7090252707581226,0.3571671773918965,102.438084,2.94771
623,Healthy,0,0.1361087958017985,0.022302858531475,0.0197112971088952,0.0667696342700057,0.7209466558464023,0.6862462661854534,0.5631620634313497,0.911706051015276,0.7184189682843252,278.0,3790.5,0.8633402974069068,22,0.6363477012661091,0.2249322858535581,0.683029179271982,0.1847221268118431,0.0416138189285498,2.732825021395783,0.3408499566348655,102.438746,2.948066
624,Healthy,0,0.1040545784764819,0.0315011522422234,0.0211172817895809,0.0801695982615153,1.0193455680463286,0.8886649891382363,0.9295409961705606,0.8339592167881116,0.5352295019147196,387.0,3691.0,0.8102010789602746,27,0.7384532455905105,0.2128968752092785,0.6615805946791862,0.1889697648376259,0.0406763048272482,2.667527854028742,0.3317030567685589,102.438572,2.946082
625,Healthy,0,0.1315012979838583,0.0211311713274982,0.0191587758147054,0.0852978651722272,0.6525453100055059,0.6268635353003784,0.5537791905703239,0.7336546775269994,0.723110404714838,385.0,4143.0,0.8299469964664311,27,0.7496284674044098,0.2122160039014287,0.6442141623488774,0.1875259875259875,0.042208977010096,2.805315019408779,0.3145797598627787,102.438494,2.946212
626,Healthy,0,0.088246946533521,0.0177521090954542,0.0187284166200293,0.0947194380892647,0.6500502627565952,0.6649540093182471,0.6698968774812971,0.6603356817286739,0.6650515612593514,312.0,3835.0,0.8495297805642633,21,0.6359750999782194,0.1881629164434142,0.6684673869547819,0.1825014180374362,0.0376407640141852,2.586257524592571,0.3333917002276308,102.439852,2.947266
627,Healthy,0,0.1210635296172565,0.0153920815015832,0.0196750306834777,0.088552787899971,0.5122146667349093,0.573265009857477,0.4511967335129423,0.7271709230028446,0.774401633243529,282.0,3975.5,0.8675278919553728,22,0.5121723049403276,0.1975378478980727,0.6960755954102786,0.1866693651757404,0.0378805758791597,2.7160085300389736,0.356110827808941,102.438552,2.947582
628,Healthy,0,0.1736210137605667,0.0205181845360332,0.0201943305631478,0.1159459816084967,0.4965027399698311,0.4930674027154998,0.4227520195006913,0.5933387470916613,0.7886239902496542,301.5,4005.5,0.8599953563965638,28,0.4621739359092601,0.2751899924543168,0.6850989522700814,0.1917667238421955,0.0355929171883384,2.916076208471107,0.3714334383783323,102.438649,2.946489
629,Healthy,0,0.2057791087362501,0.0190756240238746,0.0198676439209116,0.1106647459997071,0.4303640715649752,0.4383194039337242,0.3393412945276895,0.608818820615904,0.8303293527361552,316.5,3900.0,0.8498754891497687,28,0.4419169586377122,0.2807563491579559,0.6810733109726881,0.197324414715719,0.0430491140444761,2.8384158415841583,0.3537931034482758,102.438807,2.946495
630,Healthy,0,0.1108130142092704,0.0110020449178086,0.0151834797321094,0.0552112013101577,0.4681016465913019,0.5449364767227153,0.3612704372234021,0.8627628967019699,0.819364781388299,259.5,3894.0,0.8750451426507765,22,0.4263792348348004,0.1646162786831458,0.6923230309072782,0.1892384221957542,0.0399460850385982,2.760100243013366,0.3484138906070513,102.438512,2.948198
631,Healthy,0,0.1499096767769919,0.0231539910245272,0.0249500949349668,0.116663611597485,0.5920198672981564,0.6114718105972315,0.5351554446674904,0.7047367248804919,0.7324222776662548,297.0,3813.0,0.8554744525547445,27,0.5384885817825729,0.2544997752540641,0.6753015621910223,0.1870533837746952,0.0402750491159135,2.7310859095852105,0.3398567185042809,102.434572,2.946844
632,Healthy,0,0.1049810159537527,0.0270305615332391,0.0229210282365481,0.097502744032277,0.8429109545780857,0.7915149731304406,0.8190360890400736,0.7613456315047463,0.5904819554799632,277.5,3651.0,0.8587247040855288,20,0.828742539822826,0.2067560532854663,0.6713236055055366,0.1854081033470346,0.0481568016614745,2.780433528393637,0.3300411522633745,102.440236,2.948093
633,Healthy,0,0.0779938076933225,0.0224040945370992,0.0199789048896895,0.0952595232261551,0.821936654857728,0.7861940399139715,0.8926120581953956,0.6934806458694666,0.5536939709023023,262.5,3698.0,0.8674409796742836,20,0.6689242311126582,0.207595016186436,0.6730631092868138,0.1832498729951375,0.0417891373801916,2.705970384373031,0.339411446109406,102.440286,2.948163
634,Healthy,0,0.0920349897609816,0.0270007407913605,0.0281213991757896,0.1000736413730515,0.8776800105710539,0.8918329983218872,0.9073154981642356,0.8774566958407604,0.5463422509178821,262.5,3698.0,0.8674409796742836,20,0.751498913302713,0.2265018311639627,0.6730631092868138,0.1832498729951375,0.0417891373801916,2.705970384373031,0.339411446109406,102.440322,2.948101
635,Healthy,0,0.1296953625149197,0.022903171264463,0.0193726107892062,0.0736157786515024,0.7354978357913041,0.6885673145680038,0.6003510177253722,0.8333346090076587,0.6998244911373138,255.5,3621.0,0.8681800593318715,20,0.66795023633969,0.2001168429851531,0.6780908326324643,0.1867657992565055,0.0412942788179268,2.6313526192337764,0.333456561922366,102.440162,2.947959
636,Healthy,0,0.153426336745421,0.0226450990885496,0.0246679277883635,0.0920818009310298,0.6229774052064447,0.6463061090420703,0.514452534138545,0.8451558066623897,0.7427737329307273,284.0,3524.0,0.8508403361344538,20,0.4489068346617458,0.2423755716946389,0.6488151164004593,0.1828053620909159,0.0512513312034078,2.6785714285714284,0.296309963099631,102.440159,2.947817
637,Healthy,0,0.1038906127214431,0.0192403023441632,0.0200684832202063,0.1038323740164438,0.6251834827496243,0.6364976488331731,0.625035632486338,0.6478884381526299,0.687482183756831,351.0,3650.0,0.8245438640339915,21,0.5305034271825622,0.2044808607962396,0.6684673869547819,0.1825014180374362,0.0376407640141852,2.6270106704889318,0.3333917002276308,102.439886,2.947336
638,Healthy,0,0.0920237625638644,0.0179202807032399,0.0181583559347523,0.0904258986314137,0.6567506501995968,0.6603929467389889,0.6519782307697508,0.6689130392726498,0.6740108846151245,278.5,3758.5,0.862026257121625,20,0.5855569863637758,0.2012019215358628,0.6684673869547819,0.1825014180374362,0.0376407640141852,2.748380982467225,0.3333917002276308,102.439771,2.947261
639,Healthy,0,0.1086376516355408,0.0152432847147186,0.0143265870089332,0.0941048918498887,0.5228604447947355,0.5091397581491958,0.4921914594387607,0.528502872402449,0.7539042702806197,283.0,3967.0,0.8668235294117647,21,0.5555843421391296,0.1985541768372059,0.6940327613104524,0.1931053426727098,0.0368823108140367,2.604638009049774,0.3540869269371438,102.439809,2.94719
640,Healthy,0,0.1372354684604538,0.0161252671645747,0.0138500385607282,0.0952899464302592,0.4872124439424741,0.4567653095192916,0.4205839806089989,0.5076063941871318,0.7897080096955006,293.0,3909.0,0.8605425987624941,21,0.421042968413316,0.2351367558456129,0.7068352429869617,0.1962616822429906,0.0358470207409183,2.692078618225134,0.3611493461803166,102.439731,2.947192
641,Healthy,0,0.2070061249865425,0.0213904536018768,0.0192671807275878,0.0859226820369561,0.5097368993593541,0.4875214252061919,0.3746195102234581,0.7326630236495428,0.8126902448882709,281.5,3673.0,0.8576305474775572,20,0.4711976021434454,0.305907755676243,0.6822604015731732,0.1922540893420377,0.0424576706003078,2.637862642918255,0.3379260333575054,102.439609,2.947255
642,Healthy,0,0.1418773184219996,0.0188583761660589,0.0176219403122862,0.0826376328865687,0.5753194874376879,0.559095447019814,0.4693015130059341,0.7030526761702779,0.7653492434970329,271.0,3719.5,0.8641774213757675,20,0.4998681580807974,0.2409390209035741,0.693203076283517,0.1982936157693439,0.0459681561376476,2.5298950920695478,0.3412087912087912,102.439691,2.947404
643,Healthy,0,0.1559405715929137,0.0194474258977505,0.0214930321607324,0.1635036046306292,0.4341681899459071,0.4544084754339905,0.4435292306427223,0.4647226573091087,0.7782353846786388,262.5,4031.0,0.8777221381157564,22,0.4153373562081273,0.2859275997098949,0.7080852698290763,0.1924649728497687,0.037806301050175,2.809587713412361,0.3690567321595645,102.438944,2.948138
644,Healthy,0,0.1253383871581819,0.0274837592409716,0.030231036659744,0.0625350057250923,0.9054078766699326,0.9400255962876028,0.7193658743461762,1.3035389193097937,0.6403170628269119,264.5,3980.0,0.8753681234538815,22,0.6670729034593218,0.2220299061801698,0.683029179271982,0.1847221268118431,0.0416138189285498,2.719587176108915,0.3408499566348655,102.438824,2.947931
645,Healthy,0,0.1274052411317825,0.023428567374746,0.0204411335289478,0.0494234595033857,0.8379097347655361,0.7951068172275627,0.6213081167073216,1.1703286395435006,0.6893459416463393,286.0,3858.0,0.861969111969112,24,0.6723959295116011,0.1843548773063553,0.6303206997084548,0.1669449081803005,0.0439327940261356,2.691785983421251,0.298251687727194,102.43824,2.948122
646,Healthy,0,0.1336475114027659,0.018120684971412,0.0147037887945771,0.0881860086487399,0.5617186537383821,0.5155852093849971,0.4775884646276283,0.5716325295587276,0.7612057676861859,254.0,3957.5,0.8793778938620445,22,0.4635422666719725,0.2216216843161318,0.7008120536151061,0.1922364721212537,0.0445232229766268,2.746384872080089,0.3646014618865297,102.438709,2.948129
647,Healthy,0,0.1301883964074982,0.0242239081611235,0.0225416566762659,0.059190686378214,0.814841660114394,0.7921511718873177,0.6275123793740999,1.10319395401355,0.6862438103129501,292.0,3845.0,0.8588349045201837,22,0.6702081671025444,0.216023214161396,0.683029179271982,0.1847221268118431,0.0416138189285498,2.716984017741072,0.3408499566348655,102.438705,2.947991
648,Healthy,0,0.1018303773469395,0.0115117388260033,0.0169904914995034,0.0773953207665019,0.4553487561048424,0.5488377136323986,0.406265180665522,0.7200442986757163,0.7968674096672389,266.0,3998.0,0.875234521575985,22,0.5118047174724288,0.165943572918574,0.6960755954102786,0.1866693651757404,0.0378805758791597,2.743109151047409,0.356110827808941,102.438629,2.947579
649,Healthy,0,0.1093685320681995,0.0238195189999209,0.0230921115726232,0.0983299410177601,0.7462912565766114,0.7369955849900508,0.7153650439028697,0.7607221614190406,0.6423174780485652,268.0,4058.0,0.8760980120203421,23,0.7380950232164489,0.2144507285621431,0.7062857142857143,0.1891676622859418,0.0419913923461672,2.7368573079145,0.3784384076541944,102.437969,2.947229
650,Healthy,0,0.1335319007436434,0.0231505377839008,0.0232815343058771,0.1268368727631039,0.6039208054854612,0.6053708489557538,0.5910180617933393,0.6203512216907282,0.7044909691033303,260.0,4089.0,0.8804322832835134,23,0.6221368674724059,0.2610772558384471,0.7062857142857143,0.1891676622859418,0.0419913923461672,2.748743718592965,0.3784384076541944,102.438012,2.947296
651,Healthy,0,0.1125846256812413,0.0224142469879653,0.0230641023566325,0.1136017690102259,0.6616388375761338,0.6696246066962638,0.6641313825749603,0.6750508265438263,0.6679343087125198,276.5,4064.0,0.8725953231194563,22,0.6189274816617751,0.2554933180411657,0.6893576222435283,0.1819157499329219,0.0452010914699252,2.848601083032491,0.3603418803418803,102.437932,2.947296
652,Healthy,0,0.1516978939374288,0.0209584776312112,0.0187970231183701,0.0811269643406073,0.6102741293326974,0.5833949429284204,0.4855535290310234,0.7524528832913916,0.7572232354844883,272.0,3945.0,0.8709983400521698,22,0.5832007704181833,0.226648377875487,0.6893576222435283,0.1819157499329219,0.0452010914699252,2.8996605352490725,0.3603418803418803,102.437855,2.947293
653,Healthy,0,0.1008233523203267,0.0192882985704474,0.01619687769562,0.0676091743840111,0.7454086356065358,0.6960685756884463,0.6423456318317561,0.7730648225848893,0.6788271840841219,290.0,3818.5,0.8588292564196178,22,0.7703860834625026,0.1612838140378396,0.6404926866820632,0.1703164687306926,0.043968156766687,2.743139236570007,0.3093113902122131,102.437756,2.947286
654,Healthy,0,0.1529215859870115,0.0204237660186158,0.0156367905437946,0.0833141315314504,0.5896788362736634,0.5297253028398086,0.471284999160584,0.6321028734589843,0.7643575004197082,272.0,3945.0,0.8709983400521698,22,0.5822668254192742,0.1992092389199468,0.6893576222435283,0.1819157499329219,0.0452010914699252,2.8996605352490725,0.3603418803418803,102.437801,2.947355
655,Healthy,0,0.115803668482436,0.0235504005104303,0.0237707054863373,0.0962706266178025,0.7269340569489413,0.7297138776808295,0.6759874521248711,0.7920840287148906,0.6620062739375644,276.5,4064.0,0.8725953231194563,22,0.5633607793897808,0.2298933389700121,0.6893576222435283,0.1819157499329219,0.0452010914699252,2.848601083032491,0.3603418803418803,102.4379,2.947359
656,Healthy,0,0.1250076591968536,0.0231608804315328,0.0244684095184008,0.0757613583571381,0.7498743766937421,0.7669825197851792,0.625257709622336,0.9764927141718872,0.687371145188832,258.0,3993.0,0.8786167960479887,23,0.6184683885633682,0.215676306022538,0.6868936655887389,0.1831887925283522,0.0434168725732439,2.849404943545926,0.3571671773918965,102.438013,2.947568
657,Healthy,0,0.1247976165678766,0.0228106431249115,0.0250809929437107,0.108973181909985,0.653150733232672,0.6801281277815338,0.6181400193291755,0.748383792480425,0.6909299903354121,264.0,4045.0,0.8774657693200278,23,0.5607261545036173,0.2529324810538026,0.7000951474785918,0.1897722732720735,0.0430823117338003,2.729963898916968,0.3733558178752107,102.438006,2.947438
658,Healthy,0,0.1490368983811802,0.023014658027225,0.0195097888095511,0.1107067511313491,0.602137157143375,0.5627381433948522,0.5350642216242264,0.5993029401151581,0.7324678891878869,288.0,3879.0,0.8617710583153347,23,0.576427156284252,0.250954339487685,0.6846676737160121,0.1886490807354116,0.0543606712361143,2.740802930850252,0.3440027533987265,102.438212,2.947641
659,Healthy,0,0.121367822918627,0.0221073644028769,0.0215722142408291,0.0618955236342218,0.7774767521846226,0.7698777762007819,0.6163397257907179,1.0337989163248755,0.691830137104641,258.0,3993.0,0.8786167960479887,23,0.7142704257339533,0.1999397969080342,0.6868936655887389,0.1831887925283522,0.0434168725732439,2.849404943545926,0.3571671773918965,102.43796,2.947638
660,Healthy,0,0.1227027591731813,0.0146281439810991,0.0203184586846166,0.0790910331739319,0.5064925824398281,0.5904628597721475,0.4260699855637165,0.8175661420150137,0.7869650072181418,281.0,3960.0,0.8674840839424663,25,0.5906987622232827,0.1984591608246167,0.6900038895371451,0.1866721289089171,0.0425914817036592,2.649049539170507,0.378008658008658,102.437383,2.948106
661,Healthy,0,0.1370307240221235,0.0183946869025627,0.0165221726314889,0.0831496566534042,0.5726646527639535,0.5475066606814732,0.4734023038607536,0.6630628834658343,0.7632988480696231,278.0,3948.0,0.8684335068622812,25,0.5805065071773071,0.2012919191684988,0.6858536585365854,0.1798443260958623,0.0431003259688518,2.6949625495667497,0.3738219895287958,102.437415,2.948173
662,Healthy,0,0.1046846484144528,0.0179154292369882,0.0171332309643427,0.0941468733880254,0.6107644255847783,0.5994293300278016,0.5845160812352105,0.6158596296815243,0.7077419593823947,362.0,3684.0,0.8210578348986654,27,0.5615711521179902,0.1916408186985387,0.6273291925465838,0.1757382744643891,0.0455715756951596,2.5997808733761154,0.3010368251698248,102.434597876,2.947050136
663,Healthy,0,0.0686976417071289,0.0202616328994433,0.0179706445584694,0.0498519341150919,1.0189864061247664,0.9754260881098356,0.911052073616904,1.059862064222854,0.544473963191548,279.5,3774.5,0.8621114948199309,26,0.7559143626090259,0.1415915954858065,0.6544564152791381,0.1799385303157306,0.0512820512820512,2.783751493428913,0.3154987918536417,102.437510708,2.946952279
664,Healthy,0,0.155340583788024,0.0162430002043644,0.0156489396467804,0.16002775894271,0.3735586580927572,0.3673548799076975,0.3786609377522958,0.3563122433976927,0.8106695311238522,348.5,3979.0,0.8389370306181398,24,0.3915330033204495,0.2839936889294121,0.6416974169741697,0.1804192093393473,0.0489213721560768,2.9268784263140923,0.3102996561323072,102.435122,2.945893
665,Healthy,0,0.103829881383313,0.0105398690534962,0.0133886970579624,0.0834198569258054,0.4047384646594779,0.4532390991037245,0.3686243613627404,0.5532030593167345,0.8156878193186298,547.0,3990.0,0.7588715009918449,26,0.5175594338339657,0.1703292825776669,0.6464535097390666,0.1847150601613116,0.0408921933085501,2.238330516187752,0.313208752595432,102.434098,2.945603
666,Healthy,0,0.0910135130915376,0.0171019462868571,0.0181103821636901,0.0937851361102528,0.6247213807915704,0.6401922090667655,0.6327289875170128,0.6474033077661687,0.6836355062414936,330.0,3992.0,0.8472929199444702,25,0.6988616346945095,0.1893186670624548,0.6409579483311333,0.1668007508715473,0.0394171046344959,2.784367396593674,0.3100522193211488,102.433864,2.94547
667,Healthy,0,0.1176192694240146,0.0174853870024283,0.0129902135166856,0.0684103957480854,0.6329539277857317,0.5630458995409208,0.5176842150351239,0.6383349527241229,0.741157892482438,279.0,3453.0,0.8504823151125402,27,0.484318029012396,0.1848216717027955,0.6515281348186233,0.1732954545454545,0.0545963035019455,2.8158268275372604,0.3476498490728762,102.433595,2.944986
668,Unhealthy,1,0.1013695887393421,0.0162423118535015,0.0193645465705129,0.1069398315416442,0.5396250367159965,0.5839193449991642,0.5524036860769788,0.6132660438205036,0.7237981569615106,442.0,3921.0,0.7973871189548476,27,0.5228384438109472,0.2214981324763761,0.6239911958914159,0.1610280618935221,0.0445965077866918,2.4593524671285167,0.2861035422343324,102.433987,2.945673
669,Healthy,0,0.1011265185144212,0.0208439371652073,0.0177430007606744,0.0541937479542361,0.846419323817323,0.7959877106447196,0.6835733145068065,0.986588973098628,0.6582133427465967,317.0,3775.0,0.8450635386119257,29,0.6059207765567329,0.1592239677492115,0.6429300142827994,0.1783989462900629,0.0323076923076923,2.6864512119328774,0.2903225806451613,102.4314,2.947227
670,Healthy,0,0.0890670460131433,0.0117066144529316,0.0148651377401418,0.0776533699697918,0.4925636158620254,0.5498774718875857,0.4646696130234384,0.642688175937613,0.7676651934882808,358.0,3701.0,0.8236018723823602,27,0.5590635021943293,0.1581162938641177,0.6073690270581462,0.1740958788898234,0.0430884184308841,2.909486510008703,0.265320095857583,102.43442,2.944926
671,Healthy,0,0.1431868217057652,0.0140735985090335,0.0133507127563158,0.0959143030146757,0.4212890368772148,0.4115826493470054,0.3579692459122434,0.4887461064133301,0.8210153770438783,598.0,3618.5,0.7163524249970354,24,0.3975679806570582,0.2125002272013161,0.6468997488893181,0.1798242579395281,0.0355884853637799,2.1151960784313726,0.3017532029669588,102.435241,2.945963
672,Healthy,0,0.158398521443208,0.0194589750220378,0.0270041870988077,0.0856787082221773,0.5500864019525844,0.6396792106624738,0.437630696681715,0.9585904594263188,0.7811846516591424,348.5,3948.0,0.8377749330850692,24,0.5288924379279908,0.2420106956528293,0.6473977695167287,0.1756201087677411,0.0434424299505533,2.8958165728077234,0.3539771304565562,102.435831,2.944941
673,Unhealthy,1,0.0983339390820927,0.0095473324828263,0.007829638198018,0.059840842253632,0.4308619531239376,0.3959395558571063,0.3539940656736166,0.4628096709679614,0.8230029671631918,906.0,4170.0,0.6430260047281324,26,0.3168370053347843,0.1487558766578635,0.5494856945284813,0.1594334131039389,0.044395245863435,1.9766244776842488,0.2550675675675675,102.434582,2.945061
674,Healthy,0,0.1056486748986774,0.0176845030445191,0.0159546755668189,0.0642656369341744,0.689174482312217,0.6610386004765892,0.5735521727223811,0.7955429276903575,0.7132239136388094,272.0,3547.0,0.857554333595182,27,0.5031278024385141,0.1733991056680679,0.6515281348186233,0.1732954545454545,0.0545963035019455,2.890556045895852,0.3476498490728762,102.433509,2.944984
675,Unhealthy,1,0.0914063610964351,0.0170321424181262,0.0182698553221093,0.1161973054210345,0.563819648330507,0.5813285227104901,0.6282691798984148,0.5434741157956915,0.6858654100507926,442.0,3921.0,0.7973871189548476,27,0.6293505937677041,0.2221157670848899,0.6239911958914159,0.1610280618935221,0.0445965077866918,2.4593524671285167,0.2861035422343324,102.433939,2.945745
676,Healthy,0,0.0954828063646952,0.015762059431937,0.013943543864621,0.0529414229094982,0.7007370546060642,0.66705509948221,0.5667518880647228,0.8338820836503059,0.7166240559676387,280.0,3789.0,0.8623740476775621,27,0.4275237937315304,0.1462958930060267,0.6899453092132941,0.1946468401486988,0.03785040692417,2.850528025995126,0.3545488581055784,102.433711,2.945058
677,Unhealthy,1,0.1201932628949483,0.0163825445084108,0.0150391425316532,0.0983791533443662,0.521451646994442,0.502758851154965,0.4798080954418832,0.5303956443885524,0.7600959522790582,575.0,4067.0,0.7522619560534253,25,0.5605660977072456,0.1942850910127163,0.6575882794891059,0.1845637583892617,0.0438228162517002,2.47976139752876,0.3342157511581733,102.434812,2.945473
678,Healthy,0,0.1072228956553671,0.018579346127808,0.0175384276856978,0.0610850693451033,0.7234009206525945,0.7067167573526019,0.590747696208155,0.8922741087859292,0.7046261518959225,290.5,3363.5,0.8409961685823755,28,0.7085481220491944,0.1792436722252103,0.6515281348186233,0.1732954545454545,0.0545963035019455,2.869281045751634,0.3476498490728762,102.433632,2.944918
679,Healthy,0,0.1172746999396218,0.0129551173498233,0.0139741966914799,0.1090897607306639,0.4108257415457729,0.4252661017344948,0.3979155502009074,0.4542092415749153,0.8010422248995462,424.0,4109.0,0.8129274211339069,27,0.4118851607111136,0.2320550130680203,0.6464535097390666,0.1847150601613116,0.0408921933085501,2.531602088485848,0.313208752595432,102.434022,2.945606
680,Healthy,0,0.1262289641631974,0.0151873337518837,0.0137172407574123,0.0760355165435208,0.522262357602603,0.5001460854228319,0.4295780323991658,0.6113345670894366,0.7852109838004171,274.0,3694.0,0.8618951612903226,27,0.3522660497287844,0.212003647453255,0.6588089330024814,0.1736649597659107,0.0439875065070275,2.939154348573393,0.3382298934998163,102.43355,2.945057
681,Healthy,0,0.0993407923314306,0.013593039371901,0.0149240431686242,0.0599317314724127,0.5832088918902031,0.6074262169383451,0.4814514540729959,0.7974825317186763,0.7592742729635021,525.0,4098.0,0.7728747566515249,26,0.4457576374681932,0.1622866342465082,0.6307519640852974,0.1735092206218872,0.043322163714696,2.365285317092546,0.3033633033633033,102.433905,2.945266
682,Healthy,0,0.0980960515638192,0.0166383580201201,0.0237741996016767,0.1063244984381728,0.5599848343956612,0.6602466147494209,0.5800651462958908,0.7309588784476418,0.7099674268520547,382.0,4084.0,0.8289296909986565,25,0.4042771099743886,0.1959597228301896,0.6307519640852974,0.1735092206218872,0.043322163714696,2.6465541893051188,0.3033633033633033,102.433827,2.945265
683,Healthy,0,0.1099964819020695,0.018936099898484,0.0183293732504049,0.0972886052396562,0.6179249292547224,0.6095340465317933,0.5874729144189901,0.6341357456610627,0.7062635427905049,505.0,3835.0,0.7672811059907834,27,0.6054160898275861,0.2299334050880538,0.574800223006876,0.1635315117396677,0.0529324055666004,2.389837806803502,0.2426035502958579,102.433976,2.945814
684,Unhealthy,1,0.1162730455398559,0.0135005306866433,0.0188386092583338,0.0994228265351719,0.4450169351486568,0.5215254037179047,0.4161257192475073,0.6371852035088624,0.7919371403762463,502.0,3843.0,0.7689298043728423,27,0.4446231295430246,0.2217330027164684,0.6239911958914159,0.1610280618935221,0.0445965077866918,2.3840445269016697,0.2861035422343324,102.433896,2.945676
685,Unhealthy,1,0.1047070100903511,0.021618866154717,0.0236674993195467,0.130815089162853,0.6204298814080516,0.645085475157814,0.6845427650239164,0.6128198537336951,0.6577286174880418,313.0,3855.0,0.8498080614203455,25,0.4826688178984062,0.2189440553387006,0.6612903225806451,0.1776235198040016,0.0409673344161703,2.7680525164113785,0.339388227229886,102.433746,2.945266
686,Healthy,0,0.1184593314925829,0.0267571577181418,0.0212887898087501,0.087238676018185,0.8257989408507374,0.7573925852895464,0.7370280844433387,0.7846415521283278,0.6314859577783306,340.0,4057.5,0.8453666856168277,26,0.6054936327386563,0.1987017446921931,0.6368677693852185,0.185595567867036,0.0433298799439332,2.796374304197382,0.318154787188854,102.434691,2.945406
687,Unhealthy,1,0.0776546353267298,0.0164867612636751,0.0162787069049146,0.0525270083712206,0.8083966518551338,0.8043215444143833,0.7005105877239757,0.9463578331877764,0.6497447061380123,334.0,3518.0,0.8265835929387332,29,0.6020320908169017,0.1338455842600928,0.6475161987041037,0.179891724671307,0.0423613009018857,2.684201652335188,0.2843791722296395,102.431401,2.947091
688,Healthy,0,0.0958965867757797,0.0149770363544424,0.0207703644409775,0.0856316648423671,0.566554633900552,0.6581022843254909,0.5403282018429841,0.7808258763812408,0.7298358990785079,348.0,4048.0,0.8416742493175614,25,0.5444926391818377,0.1827156055304739,0.6307519640852974,0.1735092206218872,0.043322163714696,2.866439417415556,0.3033633033633033,102.433868,2.945331
689,Healthy,0,0.0585131777657402,0.0173764344718721,0.0172039787802431,0.0661830405394236,0.8718235906736358,0.8684365789008893,0.915879470695728,0.825259323122757,0.542060264652136,291.0,3755.0,0.8561542263964409,27,0.7129182985367749,0.1348835645864407,0.6732236049779206,0.1896674753817611,0.043043043043043,2.9944674965421854,0.3508771929824561,102.431907,2.948111
690,Unhealthy,1,0.0955664722455872,0.0205232276477747,0.0203914429164595,0.0788834343353907,0.761896023452456,0.7599145803192509,0.707150683191601,0.8216154370950668,0.6464246584041995,428.0,3992.0,0.8063348416289593,27,0.6547183559436537,0.1859410119553406,0.6464535097390666,0.1847150601613116,0.0408921933085501,2.578125,0.313208752595432,102.434023,2.945746
691,Unhealthy,1,0.1253271235360039,0.0135603509843349,0.0171331782928771,0.0850387811660766,0.4567954774185602,0.5093105674486672,0.3905420854160354,0.6707585284105327,0.8047289572919823,314.5,3815.0,0.8476813173507689,26,0.4621294407799259,0.2205022681090567,0.6899453092132941,0.1946468401486988,0.03785040692417,2.7954799552787093,0.3545488581055784,102.433637,2.945194
692,Healthy,0,0.1197876218292448,0.0160336604134904,0.0147142799364195,0.0782700772914621,0.5573895586715496,0.5375381554589445,0.4721987643979264,0.6329787235226437,0.7639006178010367,510.0,3831.0,0.7650310988251555,27,0.6147271451526177,0.1806005467143323,0.612184249628529,0.1759924129521745,0.0464135021097046,2.4279865477408977,0.2732069249793899,102.434051,2.945956
693,Healthy,0,0.1198969682057698,0.0230027182648579,0.0217203874554899,0.1017326596710417,0.6875845903335794,0.6716372701169796,0.6438843592448606,0.7037618904044667,0.6780578203775696,392.5,3976.0,0.8203044523291748,26,0.5488146828136313,0.2234448823663923,0.6195353941832815,0.1761424017003188,0.0401174743024963,2.80552728411493,0.2961058045554739,102.435,2.945681
694,Healthy,0,0.0587276013361083,0.0157699040654632,0.0106534360804491,0.0516580455005168,0.8889119471383724,0.7725615320661655,0.8467346110695696,0.6838827009180518,0.5766326944652153,451.0,3882.0,0.79183014078006,27,0.5440059639286393,0.1100996161500612,0.5976132761514078,0.1722533862361472,0.0455155582672361,2.62589928057554,0.2774256460263286,102.434201,2.945946
695,Healthy,0,0.1227924699584643,0.0209645373332831,0.0165475730059875,0.1154256471329265,0.5986720681147116,0.5441856801674582,0.5833326034879582,0.5015433582228168,0.7083336982560209,516.0,3820.5,0.762020062262193,24,0.505153151804389,0.2450325201368993,0.6416974169741697,0.1804192093393473,0.0489213721560768,2.2979833101529903,0.3102996561323072,102.435201,2.94589
696,Healthy,0,0.1037984250320328,0.0142623708686894,0.0163133352374037,0.0871134164432684,0.5199632863355761,0.5521882641254466,0.4832212339372228,0.6309135681944562,0.7583893830313887,327.0,3861.0,0.8438395415472779,29,0.4367733776032687,0.2013075595928563,0.6598613251155624,0.1826540414436668,0.0451127819548872,2.73614122019201,0.3305541080423831,102.431521,2.947428
697,Healthy,0,0.106885893891255,0.0205483187196983,0.0264284307551052,0.104158439570003,0.6519628649417547,0.7282621860236823,0.6449859358390894,0.8095279621698309,0.6775070320804553,408.0,4158.0,0.8212877792378449,27,0.6769310433662459,0.2185067288163635,0.6409579483311333,0.1668007508715473,0.0394171046344959,2.57236932363836,0.3100522193211488,102.433901,2.945533
698,Unhealthy,1,0.0888971413175265,0.0182108701103263,0.016693182910482,0.0591773812969525,0.7896472191027429,0.7630194496732563,0.6800936687203091,0.8800874534077208,0.6599531656398454,342.0,3644.0,0.8283993978926242,29,0.5652591519337143,0.1539710019197729,0.6429300142827994,0.1783989462900629,0.0323076923076923,2.713675213675214,0.2903225806451613,102.431436,2.947293
699,Healthy,0,0.092838919825024,0.0157842388790514,0.0159018433963259,0.0786367745863066,0.6219036463013573,0.6238591292542167,0.5812476480104125,0.6728189489398797,0.7093761759947936,342.0,3644.0,0.8283993978926242,29,0.4757322966536597,0.1716465763747692,0.6429300142827994,0.1783989462900629,0.0323076923076923,2.713675213675214,0.2903225806451613,102.431478,2.947355
700,Healthy,0,0.1074713476830058,0.0169636831722325,0.0154219911330276,0.059274994664722,0.6762692844134384,0.6505367614831348,0.5453024941816338,0.8258427548755104,0.7273487529091831,282.0,3596.0,0.854564208354822,28,0.6331831829588338,0.1772047484086619,0.6328029375764994,0.1729191090269636,0.044090790503522,2.8058589450512232,0.3051320193380439,102.43371,2.944918
701,Healthy,0,0.0929285428590244,0.0165657498356368,0.0246760710659954,0.1012874353263113,0.5829226694508575,0.7006235692604815,0.6051730890424584,0.7835942892584484,0.6974134554787708,319.0,3684.0,0.8406195353484887,23,0.8441690350734851,0.1930807657125923,0.6594941487353718,0.1779206859592711,0.0469159323648487,2.9322063436737538,0.3449691991786447,102.4365,2.945705
702,Healthy,0,0.0890500748323069,0.0159925105464127,0.0168497663819127,0.0773397559920946,0.6449410453734598,0.6593771917343155,0.608991505254881,0.7155686092134848,0.6955042473725593,394.5,3980.5,0.8196571428571429,24,0.6610926027386428,0.1560672217359145,0.6409579483311333,0.1668007508715473,0.0394171046344959,2.55431298525536,0.3100522193211488,102.433906,2.945402
703,Healthy,0,0.1023004911839962,0.0171571154561307,0.0191888166591525,0.0566088851127359,0.7103527650251684,0.7445827191256348,0.5745005592759789,1.012633164889397,0.7127497203620105,357.0,3368.0,0.8083221476510067,29,0.5538159248850429,0.157528702997499,0.6475161987041037,0.179891724671307,0.0423613009018857,2.7214389009399857,0.2843791722296395,102.431326,2.947089
704,Unhealthy,1,0.0811382006439897,0.0146428812295198,0.0158239099093609,0.0546005215081903,0.7098525416524412,0.7332317811991461,0.6115145472613264,0.8987738823499971,0.6942427263693367,301.0,3845.0,0.8547998070429329,29,0.4722554092227276,0.1277558809767167,0.6913508260447035,0.1873379724382589,0.0436555528903813,2.9053943269388425,0.396252845386097,102.432955,2.946628
705,Healthy,0,0.1707061976194381,0.0168573481755124,0.0158140033276544,0.1355174531539281,0.3967154236787277,0.3856221104908179,0.3595015887349732,0.4179964614185554,0.8202492056325134,337.0,4099.0,0.8480613165013525,25,0.3748172831169785,0.3138662022021081,0.6762740981103263,0.196131844184146,0.0397821453942694,2.8226290516206483,0.3381369016984045,102.435032,2.945891
706,Healthy,0,0.1049225909842385,0.0209205390678511,0.0181991081270906,0.0582472330166233,0.8163678653114864,0.7735379792866498,0.6649719872413081,0.9522552867704954,0.667514006379346,290.5,3363.5,0.8409961685823755,28,0.6388588478149819,0.1588907601932684,0.6515281348186233,0.1732954545454545,0.0545963035019455,2.869281045751634,0.3476498490728762,102.433557,2.944913
707,Healthy,0,0.1215591190589798,0.0187237619732817,0.0177596324226922,0.1018144413828849,0.5743020973073577,0.5615919638362735,0.5338858693378478,0.5940964243325418,0.7330570653310762,458.5,4121.0,0.7997597991047057,26,0.4846488970775296,0.2152068136880795,0.6073690270581462,0.1740958788898234,0.0430884184308841,2.737908350153248,0.265320095857583,102.434459,2.944997
708,Healthy,0,0.1021650458375613,0.0184428975399997,0.0237683521376715,0.0781259830627176,0.6793689014136974,0.7588461555980546,0.6116644401194884,0.9330588237678884,0.6941677799402558,326.0,3769.5,0.8408008790135515,24,0.5251858991359027,0.1935172908835941,0.6460657805374987,0.1763971709887671,0.044190054160512,2.7556818181818183,0.3233161527037652,102.437011,2.946058
709,Healthy,0,0.1036274321377277,0.017183912711011,0.0177091699507501,0.0840304473208056,0.619168405577383,0.6271477297483082,0.5689502995774458,0.6962546321943446,0.7155248502112771,394.5,3980.5,0.8196571428571429,24,0.6927936735860772,0.2034156394915448,0.6409579483311333,0.1668007508715473,0.0394171046344959,2.55431298525536,0.3100522193211488,102.433941,2.945467
710,Healthy,0,0.1400552681750721,0.0166609860542747,0.0152725506987836,0.1074784952733251,0.4745777691521346,0.4570629441088648,0.4252522786792015,0.4976756190657244,0.7873738606603992,735.0,3914.0,0.6838029683802969,25,0.4470677432769963,0.2484274723877509,0.5476772616136919,0.1587343096234309,0.0485092285849503,2.162585034013605,0.2510651727946978,102.434932,2.945406
711,Healthy,0,0.0988605618476867,0.0202456930031379,0.0222712197444505,0.0937639955017301,0.6947853574217924,0.7232567310232173,0.6799203964055371,0.7677400243434659,0.6600398017972313,384.0,4028.0,0.8259292837715322,27,0.6917696378071136,0.222083026336299,0.6816589338130858,0.1901092273671513,0.0368986454927603,2.751850173689775,0.3480250889981353,102.434847,2.945688
712,Healthy,0,0.1059047405918439,0.0252050327964954,0.0202141253070698,0.0958894590536753,0.79951170604221,0.734898122287786,0.7689749480945133,0.6964169252264444,0.6155125259527435,375.5,4178.5,0.8350900307422047,26,0.6424297309016523,0.1927030914359622,0.6575882794891059,0.1845637583892617,0.0438228162517002,2.707725169099324,0.3342157511581733,102.434776,2.945407
713,Healthy,0,0.1199364297919803,0.0163872107449505,0.0159697012147969,0.0896407622430059,0.5409400170803547,0.5349706622668087,0.4808325446828458,0.6048529924756053,0.759583727658577,415.0,3915.0,0.8083140877598153,27,0.4847829915483412,0.2347672167751524,0.6341010401188707,0.1749465811965811,0.0376223611274914,2.5190729811429398,0.2883615084525358,102.434014,2.945882
714,Healthy,0,0.1490482141574224,0.0164289352897968,0.014562624403172,0.1093039719594849,0.4513287892916153,0.4284393237009234,0.3971287962036594,0.4702680086739613,0.8014356018981703,441.5,3769.5,0.7903110900023748,26,0.4859476732832265,0.2241920413863327,0.4835680751173709,0.1419721218378936,0.0433962264150943,2.538907537381752,0.1904047976011994,102.434725,2.9452
715,Healthy,0,0.1306843128469255,0.0212332794649733,0.0172461537230345,0.0742487212022145,0.6866067711523911,0.6323329881130322,0.5590736172642784,0.7539724487136378,0.7204631913678607,269.5,3932.5,0.8717277486910995,26,0.6274066448531365,0.2051444583468967,0.6927899686520376,0.1946076736951261,0.0427855892824814,2.9275895140664963,0.3804537521815008,102.433179,2.947041
716,Healthy,0,0.1106628527243932,0.0148431014062629,0.017962038413518,0.0686116110947397,0.5682639377267027,0.6187325750690263,0.4730644536851442,0.8299078768444302,0.763467773157428,314.5,3815.0,0.8476813173507689,26,0.4526387284913974,0.1959466683781809,0.6899453092132941,0.1946468401486988,0.03785040692417,2.7954799552787093,0.3545488581055784,102.43367,2.945128
717,Healthy,0,0.1210842157403628,0.0176836964674294,0.0150742823671963,0.1168251029319233,0.5176788424723434,0.4841069332919938,0.5097344533352837,0.4571448860966577,0.7451327733323582,441.5,3769.5,0.7903110900023748,26,0.4906876208513328,0.2139118179264995,0.4835680751173709,0.1419721218378936,0.0433962264150943,2.538907537381752,0.1904047976011994,102.434775,2.945132
718,Healthy,0,0.1158589108122719,0.0178627501138382,0.0155931196899877,0.1111172065138816,0.5439707689710882,0.5138519299801427,0.5343263010682624,0.4922446388433822,0.7328368494658688,393.0,3970.0,0.8198487279394912,25,0.5244328598898157,0.2131027390973435,0.6416974169741697,0.1804192093393473,0.0489213721560768,2.710669899969688,0.3102996561323072,102.435158,2.945825
719,Healthy,0,0.2267768647935655,0.0332722103016244,0.0283950252665413,0.1197468605306413,0.6443916942938084,0.6042979044254286,0.5117835591523676,0.7666980911912038,0.7441082204238161,270.0,3889.0,0.870161096417408,25,0.5565220804737143,0.3389588370919228,0.6909325652994339,0.191629339305711,0.0403910785212343,2.9884393063583814,0.3615439093484419,102.437498,2.946538
720,Healthy,0,0.1925452798604965,0.0175521438941359,0.0139621331666906,0.1536597456369135,0.3682499909145541,0.3337322381714147,0.33417152063006,0.333181641116181,0.83291423968497,385.0,4009.0,0.8247610377787893,25,0.3078588026346566,0.3106087274435493,0.5946093607721726,0.161581321305386,0.0425050601262055,2.791987673343605,0.2850954596502487,102.435083,2.945689
721,Healthy,0,0.1449669938948419,0.0277264546602964,0.0248587083899312,0.1313613288932376,0.668547873767973,0.639501453291925,0.6422120790863419,0.6365049918627688,0.6788939604568291,306.0,3895.0,0.8543203999047846,23,0.5613465430802209,0.3230513603323035,0.6570543835881556,0.1783649876135425,0.039834831187758,2.742206601466993,0.3410689170182841,102.436581,2.94584
722,Healthy,0,0.1024154043859905,0.0199838267225358,0.0171109207181466,0.077284675091505,0.7277837835047026,0.6844212653594839,0.6530703352153241,0.7250728414342853,0.6734648323923379,551.0,3928.0,0.7539629381558384,27,0.569781570594541,0.1772609727664126,0.6341010401188707,0.1749465811965811,0.0376223611274914,2.145489199491741,0.2883615084525358,102.434135,2.945812
723,Healthy,0,0.1308924878636995,0.0312444822241862,0.0263443543679184,0.1081027322345309,0.8290844780776616,0.7766949745681497,0.7708169754806755,0.7837835696898907,0.6145915122596624,310.0,4012.0,0.8565478944932902,24,0.6942680642888385,0.2660139588018258,0.6570543835881556,0.1783649876135425,0.039834831187758,2.79776299879081,0.3410689170182841,102.43662,2.945911
724,Unhealthy,1,0.0930379033088684,0.0231885686516761,0.028622698245777,0.1141457897093561,0.7316135894417878,0.8001895776554353,0.798047751446777,0.8019332180578129,0.6009761242766114,377.0,4023.0,0.8286363636363636,25,0.540847767264647,0.2022745054629114,0.6612903225806451,0.1776235198040016,0.0409673344161703,2.607265446224256,0.339388227229886,102.433784,2.945333
725,Healthy,0,0.1827662338813146,0.0162344891577959,0.0138568013078636,0.1573321314321624,0.3485971475580338,0.3251445846300215,0.3263202044669006,0.3237779705982994,0.8368398977665497,385.0,4009.0,0.8247610377787893,25,0.290138539082023,0.3000643592741754,0.5946093607721726,0.161581321305386,0.0425050601262055,2.791987673343605,0.2850954596502487,102.435117,2.945754
726,Unhealthy,1,0.1100416291091177,0.0095939228518141,0.0100982061897714,0.0731235212749905,0.379294521447238,0.3882952408182857,0.3207716333334456,0.4853639306656894,0.8396141833332772,742.0,4021.0,0.6884316607180349,27,0.3708477233977512,0.1532230345118377,0.5587007802576665,0.1590878423964377,0.0475609756097561,2.098425700755152,0.2270839987224528,102.434653,2.944932
727,Healthy,0,0.1364289538727866,0.017818536919852,0.0193650168884131,0.0743279428117805,0.5785380829551356,0.5998787811243419,0.4620765453826723,0.8267437361517394,0.7689617273086639,270.5,3985.5,0.8728853383458647,28,0.4289018939859152,0.2025343941317664,0.6930168693605335,0.182409754092746,0.0398168785012951,2.811624914856581,0.3740057687265099,102.432715,2.946354
728,Healthy,0,0.0977926320499844,0.0147534270460406,0.0123987472098734,0.0508920277158419,0.662362723190295,0.6176674962779855,0.5243516179790136,0.7836053342324135,0.7378241910104931,347.5,3929.5,0.8375029226093056,26,0.4591893640748709,0.1378315745128525,0.6328029375764994,0.1729191090269636,0.044090790503522,2.763462428637556,0.3051320193380439,102.433748,2.944988
729,Healthy,0,0.1224150483806928,0.0146160971166359,0.011502721450395,0.0922943419880337,0.4793310542926159,0.4338165978554161,0.426650366632769,0.4432773363465447,0.7866748166836155,790.0,4187.5,0.6825715720743345,26,0.4186288525712004,0.2109892829321325,0.5587007802576665,0.1590878423964377,0.0475609756097561,2.167602398877121,0.2270839987224528,102.434535,2.944997
730,Healthy,0,0.1440056769384278,0.0196036165580153,0.0181019011264046,0.0669737354748779,0.626847736546086,0.6064785295932935,0.4792788022996135,0.8510968286369175,0.7603605988501932,296.5,4021.5,0.8626679018063919,24,0.5631329458260147,0.2363565742141671,0.6773261413985745,0.1767806460332477,0.0406980218729456,2.716796732550507,0.3609446904575844,102.437168,2.946327
731,Healthy,0,0.0600639792780081,0.0204573871774805,0.0194583473106225,0.0697916808227698,0.9583573288985334,0.9404584225690812,1.0162463990865895,0.8720825177350185,0.4918768004567051,296.0,3814.0,0.8559610705596107,27,0.7807185967614089,0.1514406783713234,0.6801129487696652,0.1923847695390781,0.044776119402985,2.74329382407985,0.3528780836610654,102.431872,2.948047
732,Healthy,0,0.0805166496170891,0.011559752954377,0.0135529374496804,0.0861243146161238,0.4873408227004799,0.5238531792588085,0.5021809120053218,0.5438728363311268,0.7489095439973391,367.0,3813.0,0.8244019138755981,27,0.4962608506112109,0.1662066768233975,0.6073690270581462,0.1740958788898234,0.0430884184308841,2.800715214564369,0.265320095857583,102.434504,2.944924
733,Healthy,0,0.0971787058644824,0.0118879585837324,0.0173681614299615,0.0694220558636718,0.4995552460603816,0.5974999653523605,0.4359887099830339,0.8004663185114796,0.782005645008483,326.0,3948.0,0.8474496958352831,25,0.4697185202545594,0.1596949140851696,0.6899453092132941,0.1946468401486988,0.03785040692417,2.760670731707317,0.3545488581055784,102.433746,2.945129
734,Unhealthy,1,0.0535175609919759,0.0149808221807082,0.0136689225004778,0.0648603203396002,0.8079207270333554,0.7794384078186554,0.8748131845939556,0.6962462392927472,0.5625934077030222,394.5,3980.5,0.8196571428571429,24,0.5544445297111618,0.1224396574414438,0.6409579483311333,0.1668007508715473,0.0394171046344959,2.55431298525536,0.3100522193211488,102.433986,2.945397
735,Unhealthy,1,0.1199522548251681,0.0155004484372006,0.0139702396053406,0.0731704901489946,0.5532820476895145,0.5295877356872366,0.4577375885124004,0.6412725550830305,0.7711312057437999,280.0,3560.0,0.8541666666666666,27,0.4106065331996598,0.2059936014314492,0.669003611642235,0.1695697483995831,0.0372326379720095,2.8193226749183427,0.3364073006724303,102.432753,2.946015
736,Healthy,0,0.1976636581950717,0.013677532888121,0.0185398629142178,0.0925070212946997,0.3446028069733338,0.3997343359942477,0.2588711233814699,0.6678210936324128,0.8705644383092649,334.0,3908.0,0.8425271098538425,23,0.2978047314456793,0.2596682739547558,0.610949657823193,0.1622590463307406,0.0440488486542317,2.9532308709304247,0.2990450661752387,102.436426,2.945569
737,Healthy,0,0.0940660834312439,0.017081761939658,0.0176910214746991,0.0665641563634077,0.7015321894287448,0.7118166923581962,0.6147401915945712,0.839878185703518,0.6926299042027143,624.0,4082.0,0.7348066298342542,27,0.5763164287942315,0.1575949589411417,0.6464535097390666,0.1847150601613116,0.0408921933085501,2.0272013131668425,0.313208752595432,102.434101,2.945736
738,Healthy,0,0.112090797887908,0.0154414073460631,0.0133121125400066,0.0593990083369943,0.6104148783009133,0.5743715996833755,0.4843139759948237,0.7323288311027716,0.7578430120025882,280.0,3789.0,0.8623740476775621,27,0.3905723798956731,0.1661703139543533,0.6899453092132941,0.1946468401486988,0.03785040692417,2.850528025995126,0.3545488581055784,102.433635,2.945059
739,Unhealthy,1,0.1031532362103462,0.0206743900974591,0.0179844135418534,0.0833262254794438,0.7259640833438487,0.6868455450307722,0.6678441867590228,0.7100700860478345,0.6660779066204886,346.5,3934.0,0.8381030253475061,28,0.6977667648245622,0.2011669336093796,0.6782541521823098,0.1870773854244928,0.0353866317169069,2.807999373825924,0.3562473347547974,102.431717,2.947773
740,Healthy,0,0.1379815985759099,0.0216037656904922,0.0218503011597527,0.0877400015791257,0.6426604828446745,0.6457354386255493,0.5414974183830088,0.7975268108097326,0.7292512908084956,269.5,3932.5,0.8717277486910995,26,0.6248023520546655,0.2231644799725877,0.6927899686520376,0.1946076736951261,0.0427855892824814,2.9275895140664963,0.3804537521815008,102.433107,2.947041
741,Healthy,0,0.0705146268010139,0.0237764407777123,0.0183477215468883,0.0482901748683717,1.1433888867318074,1.0470250048008698,1.0086402196204087,1.1013385796305954,0.4956798901897956,308.0,3811.0,0.8504491381403253,29,0.7663741139027911,0.1435524792306953,0.6453182002432104,0.1682256439775507,0.0417040934171692,2.8024,0.3243482887036709,102.43156,2.947097
742,Healthy,0,0.1038703885343339,0.0240624890559249,0.0188889862555596,0.0863933422499232,0.8075043207322932,0.7366839586583677,0.7523473092817257,0.7176507785758525,0.6238263453591372,375.5,4178.5,0.8350900307422047,26,0.5895160777629679,0.1940446597420506,0.6575882794891059,0.1845637583892617,0.0438228162517002,2.707725169099324,0.3342157511581733,102.43473,2.945477
743,Healthy,0,0.0926101265682114,0.0152628278980652,0.0181680338250266,0.0896052970654434,0.5739494389696437,0.6201054966986642,0.5659556827225564,0.6743053657120709,0.7170221586387219,312.0,3853.0,0.8501800720288115,25,0.6084092939846447,0.1585626821551057,0.6487119437939111,0.1733333333333333,0.040522231801946,2.7167408316710144,0.3152804642166344,102.43736,2.946668
744,Healthy,0,0.1352724797195858,0.0149538187930981,0.0158615433093574,0.0645531254510084,0.520736785452652,0.534429983828051,0.3981678026057607,0.7889875593033655,0.8009160986971198,274.0,3694.0,0.8618951612903226,27,0.4213043783457074,0.211499556278189,0.6588089330024814,0.1736649597659107,0.0439875065070275,2.939154348573393,0.3382298934998163,102.433587,2.945123
745,Healthy,0,0.1200218755337927,0.0200491988410552,0.0274736711548434,0.0989246885809633,0.6191727861289825,0.7133706746442694,0.5725435870478442,0.869431255667174,0.7137282064760779,352.0,4188.0,0.8449339207048459,27,0.5005702126475108,0.2442362656195958,0.6239911958914159,0.1610280618935221,0.0445965077866918,2.7668782458165038,0.2861035422343324,102.433943,2.945606
746,Healthy,0,0.0953449424770143,0.0142830495412151,0.0148725582079754,0.0778248653643661,0.5664058425299315,0.5764101887859758,0.5211460787803194,0.641767921257004,0.7394269606098405,489.5,3813.5,0.7724843132698117,24,0.532273461210174,0.1777995990382301,0.6165365181442352,0.1825268817204301,0.0367053555647204,2.472110664881749,0.2889474117356596,102.434025,2.945465
747,Healthy,0,0.1213582124974992,0.0166261178544826,0.0157644620372189,0.1169347903794712,0.4898224087025102,0.4786486060276912,0.4819711864983894,0.4751936955218639,0.7590144067508053,308.0,4031.0,0.8580318045632634,24,0.43179468660697,0.2260591371191872,0.6701356625162609,0.177541928721174,0.0416690814256737,2.8365714285714287,0.3592119542532765,102.436032,2.94529
748,Healthy,0,0.1017531462841563,0.0198905902604262,0.0162510202369756,0.0746774731410874,0.7359668719426096,0.6800815047300138,0.6540604826993716,0.7148923129917931,0.6729697586503144,336.0,4182.0,0.851261620185923,28,0.668448025055714,0.1809279914531443,0.6782541521823098,0.1870773854244928,0.0353866317169069,2.736198064883324,0.3562473347547974,102.431798,2.947774
749,Healthy,0,0.1192501700586742,0.0167833058577444,0.0169394350507193,0.1116140857338905,0.5077563301412457,0.5098170556970931,0.4935051683324291,0.5270780589230586,0.7532474158337854,302.0,3943.0,0.8577149587750295,28,0.4845289341666435,0.2288020052429703,0.6598613251155624,0.1826540414436668,0.0451127819548872,2.8796267004112623,0.3305541080423831,102.431642,2.947498
750,Healthy,0,0.0854466069075796,0.023100077588525,0.0223368192091584,0.0702070237861739,0.9155172389309636,0.9038097888448426,0.8512494949342828,0.9654588997470104,0.5743752525328585,284.0,4155.0,0.8720432529849065,27,0.6545773038883643,0.174288321700361,0.6941043511019024,0.1942637099986721,0.0407313121962508,2.8400586940572268,0.3813021702838063,102.432073,2.947984
751,Healthy,0,0.115269155965911,0.0177121471820606,0.0187636247525612,0.0982471596863534,0.5692007320427073,0.5836308226666482,0.5327710516523321,0.6414323207056778,0.733614474173834,277.0,3761.0,0.8628033680039624,27,0.4327522725399956,0.2178215734246704,0.6801129487696652,0.1923847695390781,0.044776119402985,2.7703562340966923,0.3528780836610654,102.431876,2.947918
752,Healthy,0,0.1711997563640276,0.0176618606266048,0.0169180338788363,0.0944279680649439,0.4694939567163683,0.4607463944876881,0.3740698805407524,0.6077643950746755,0.8129650597296239,333.0,4053.0,0.8481532147742818,24,0.5429958363499134,0.2484030466940668,0.6701356625162609,0.177541928721174,0.0416690814256737,2.914675233095667,0.3592119542532765,102.436071,2.945357
753,Healthy,0,0.1000643240080939,0.0096441446286108,0.0107679926893777,0.1038364188538657,0.3456852529728576,0.3639940301531235,0.3516280829895459,0.3758316994739645,0.8241859585052271,476.0,3992.0,0.7869292748433303,27,0.3979525558710751,0.1844495561801724,0.5587007802576665,0.1590878423964377,0.0475609756097561,2.4611507769844603,0.2270839987224528,102.434575,2.944926
754,Healthy,0,0.0950748531354798,0.019781861661209,0.0150975556009345,0.0819301961196793,0.7307373607290659,0.6584610535250394,0.6889231229092856,0.6224015431958931,0.6555384385453572,419.0,4036.0,0.8118967452300786,27,0.5307350292823391,0.1840983511259158,0.6341010401188707,0.1749465811965811,0.0376223611274914,2.4632252792154725,0.2883615084525358,102.434097,2.94588
755,Healthy,0,0.1770576313138008,0.0200903839949104,0.0241096457466483,0.0891904756426811,0.5245036780148333,0.5694996943666651,0.4076203143805665,0.8511781082317162,0.7961898428097168,310.5,4071.0,0.8582677165354331,26,0.4251111069082716,0.2891840524971484,0.6762740981103263,0.196131844184146,0.0397821453942694,2.802160953800298,0.3381369016984045,102.434964,2.945895
756,Healthy,0,0.1224439632561471,0.0202649431303143,0.0207425369363692,0.1032096900873714,0.6090517290573614,0.6151249646659549,0.568007803954044,0.6693719809454131,0.7159960980229778,286.0,3999.0,0.8665110851808635,27,0.4715657567302016,0.2325993981212377,0.6801129487696652,0.1923847695390781,0.044776119402985,2.9044117647058822,0.3528780836610654,102.431958,2.94792
757,Unhealthy,1,0.1040322490864329,0.0167253945643703,0.0171865241395102,0.0760082395540343,0.6267382813625235,0.6340086400486376,0.5540152675630337,0.7376605061642832,0.7229923662184832,334.5,3851.0,0.8401624656552383,26,0.4877161728948507,0.1748086656961175,0.6612903225806451,0.1776235198040016,0.0409673344161703,2.79953825332378,0.339388227229886,102.433659,2.945269
758,Healthy,0,0.0805862964027457,0.0157698242821627,0.0168554623507791,0.0571513718201054,0.7452776110334629,0.7660183321088349,0.6546475374919332,0.9110219368043344,0.6726762312540335,315.0,3958.0,0.8525626023870817,29,0.5334809656338753,0.1437508809483713,0.6629790596602133,0.1766843723790886,0.0417027595594604,2.7235346889952154,0.3457719958918179,102.431521,2.947294
759,Healthy,0,0.0845083147287368,0.0198504651586214,0.0178114525559875,0.0502924207184049,0.9100412914303696,0.873508948729584,0.760854627853925,1.046134482497033,0.6195726860730374,279.5,3774.5,0.8621114948199309,26,0.6727934653007741,0.1509150781979163,0.6544564152791381,0.1799385303157306,0.0512820512820512,2.783751493428913,0.3154987918536417,102.437584,2.946952
760,Healthy,0,0.0776389622026019,0.0166028448277049,0.0156645421973533,0.0539919158650769,0.8057845443904784,0.7874979520204353,0.7046912766588046,0.8995313648198315,0.6476543616705978,281.0,3862.0,0.8643495051894762,27,0.5649441926006986,0.1443038553827338,0.6732236049779206,0.1896674753817611,0.043043043043043,2.9194521441382686,0.3508771929824561,102.431994,2.948112
761,Healthy,0,0.1177854165434837,0.0155236798649032,0.0152020008406705,0.1008071112963888,0.4974743424548376,0.492955262029696,0.4657950667476448,0.5241657507975771,0.7671024666261776,353.0,3910.0,0.8343889279849871,26,0.5695827187352225,0.2127961945823497,0.6195353941832815,0.1761424017003188,0.0401174743024963,2.851074062199423,0.2961058045554739,102.434965,2.945616
762,Healthy,0,0.0895027435488171,0.0060837860995282,0.0095945920588241,0.0491474746829933,0.3227092019925562,0.40636352627002,0.2545875918671775,0.6533370438594996,0.8727062040664112,610.0,4157.0,0.7440738409901405,26,0.331530159320806,0.1179150365706947,0.5494856945284813,0.1594334131039389,0.044395245863435,2.389034821849532,0.2550675675675675,102.434538,2.945129
763,Healthy,0,0.0771608791417545,0.0173441992244786,0.0180406404866112,0.0665537553528944,0.7777535589301856,0.790283497324885,0.7341065485291731,0.8530418738772394,0.6329467257354136,293.0,3973.0,0.8626347866854196,27,0.6700221908927578,0.1560415820115142,0.6801129487696652,0.1923847695390781,0.044776119402985,2.83775447254781,0.3528780836610654,102.431953,2.948049
764,Healthy,0,0.0906944067941771,0.0113350703484482,0.0121259483405285,0.0447171371844079,0.5736310501355013,0.5906877385258399,0.4443841394032861,0.8532927604859865,0.7778079302983568,335.0,4070.0,0.8479001135073779,26,0.4190993905956782,0.1343624087878399,0.6899453092132941,0.1946468401486988,0.03785040692417,2.704757766673908,0.3545488581055784,102.43379,2.945057
765,Healthy,0,0.1250713426205847,0.0206989445206191,0.0161185080392493,0.0821059834625985,0.6661627792701211,0.6035777120252221,0.5679880290163272,0.6563946646217488,0.7160059854918365,283.0,3974.5,0.8670581327069876,26,0.5776017737757428,0.2193463788264327,0.6927899686520376,0.1946076736951261,0.0427855892824814,2.8453059966086016,0.3804537521815008,102.433256,2.947043
766,Healthy,0,0.0971381432480282,0.0119304678713281,0.0117178586208158,0.1054751839902665,0.4214330657901411,0.4180704260266357,0.4375399209318733,0.3999506578117533,0.7812300395340632,477.0,4018.5,0.7877877877877878,26,0.3643221521470496,0.1905670479560891,0.6575882794891059,0.1845637583892617,0.0438228162517002,2.563332368268674,0.3342157511581733,102.434854,2.945541
767,Healthy,0,0.1899741333391931,0.0187670363941126,0.021305844394697,0.1178813162777158,0.4346868721072388,0.4607027055495101,0.3596230953019945,0.6122933837221343,0.8201884523490028,351.5,3962.5,0.8370421882243857,24,0.5036491295192331,0.2581896872984038,0.6594941487353718,0.1779206859592711,0.0469159323648487,2.824403597966367,0.3449691991786447,102.43635,2.945703
768,Healthy,0,0.0934147064884503,0.0169715366015831,0.0207207949004239,0.0591652058064937,0.7279118573514385,0.7923873866170489,0.6149873798219857,1.037518199287181,0.6925063100890072,292.0,3884.0,0.8601532567049809,29,0.7653039424685629,0.1421831957995891,0.6803294763679153,0.1886792452830188,0.0488431876606683,2.7550237766528607,0.3735714285714285,102.432948,2.946764
769,Healthy,0,0.1287545934319496,0.0216792368640502,0.0299579453551106,0.1215070510903994,0.5906744263499939,0.6841653911212224,0.5764457854032764,0.791151647130248,0.7117771072983617,351.0,3804.0,0.8310469314079423,23,0.7406120194930488,0.2462375350296497,0.6475463878685127,0.1708165997322623,0.0418106015485408,2.645166232572392,0.3418737723118968,102.436462,2.945776
770,Healthy,0,0.0965287296308411,0.027000848410858,0.0188828467701872,0.0916084556115998,0.8920780729037604,0.7842666876222958,0.8743120097680087,0.6835957713645262,0.5628439951159958,303.0,4181.0,0.8648528099910794,28,0.7322891753383575,0.1979518733504746,0.6937087631261035,0.1967170059093893,0.0441109074243813,2.76802284082798,0.39492148346141,102.431878,2.947641
771,Healthy,0,0.1021466685665978,0.0098586251131362,0.0154443606216874,0.0975032804740799,0.359529597718541,0.4499249722627623,0.3520771131166632,0.5469564648487795,0.8239614434416683,326.0,3948.0,0.8474496958352831,25,0.4370831015799998,0.171149345425268,0.6899453092132941,0.1946468401486988,0.03785040692417,2.760670731707317,0.3545488581055784,102.433784,2.94519
772,Healthy,0,0.1526437890198495,0.017154018394649,0.0154924255071414,0.0826537700162993,0.5090107523066453,0.4873621882756141,0.4041045913572679,0.6314019784268163,0.797947704321366,334.0,3972.0,0.8448676265675801,25,0.4586248947672767,0.2161851997176805,0.6195353941832815,0.1761424017003188,0.0401174743024963,2.9296182960219035,0.2961058045554739,102.435035,2.94562
773,Healthy,0,0.1892615730563799,0.023487027734518,0.0184539628939496,0.0937595789631207,0.5693907596602631,0.5162569434914431,0.4415921448546204,0.6578158959621809,0.7792039275726899,352.5,3880.0,0.8334317779090372,24,0.5069870484504301,0.2589850661655267,0.6509582446069808,0.1788193296754148,0.0447009197961216,2.8857166230366493,0.3430072554415811,102.43611,2.945426
774,Healthy,0,0.1816396498017841,0.0245346791214413,0.03161479656895,0.1123169288039207,0.5721941459434533,0.641513907016345,0.4759987191339898,0.8786053661775666,0.7620006404330051,345.0,3986.5,0.8407018353918966,24,0.5197006573828887,0.2631669156253338,0.6475463878685127,0.1708165997322623,0.0418106015485408,2.702411873840445,0.3418737723118968,102.436386,2.945772
775,Healthy,0,0.0811978785528077,0.0191335684309403,0.0130618669920497,0.0639208480715751,0.8346801903789497,0.7262913475436528,0.7628144118778478,0.6786908973659507,0.618592794061076,419.0,4036.0,0.8118967452300786,27,0.527582551783241,0.1411832581377692,0.6341010401188707,0.1749465811965811,0.0376223611274914,2.4632252792154725,0.2883615084525358,102.434173,2.945878
776,Unhealthy,1,0.0759751784304777,0.0182752186018559,0.0161124719306826,0.0482576373550626,0.9093095586554676,0.8671688505036416,0.7756028272469301,1.001239370848837,0.612198586376535,303.0,4014.0,0.8596247394023627,29,0.7242124164877354,0.1383746905873219,0.6629790596602133,0.1766843723790886,0.0417027595594604,2.750518825970946,0.3457719958918179,102.431484,2.947227
777,Healthy,0,0.0983758668104807,0.0109768452950649,0.0111185488187604,0.0723031461238861,0.4558663235983293,0.4584715253887748,0.4015207335496247,0.5331250498520582,0.7992396332251875,269.0,3364.0,0.8519130195430773,27,0.3333788560809396,0.1635711117544108,0.6638341968911917,0.1706036745406824,0.0435460808527232,3.000193873594416,0.3266239707227813,102.432594,2.946005
778,Healthy,0,0.1107879396941926,0.0158213437017467,0.0184048399743106,0.0607702769339084,0.6228847761144504,0.6652823756410984,0.4998478240262793,0.9298295066944212,0.7500760879868602,305.0,4028.0,0.8592199399953843,29,0.5008757756722839,0.1881129081464475,0.6629790596602133,0.1766843723790886,0.0417027595594604,2.891425908667288,0.3457719958918179,102.431642,2.947362
779,Healthy,0,0.1920891495214568,0.0248898775834176,0.0207011403722895,0.0950246370500988,0.5910443389323368,0.5481257539455971,0.4588439337298227,0.7155239163952996,0.7705780331350887,296.0,3915.5,0.8594325062329337,24,0.4010515563454278,0.2685315467210279,0.640395507343765,0.1647467793606434,0.0389105058365758,3.0505689001264225,0.3289149460446937,102.436227,2.945496
780,Healthy,0,0.106614540848467,0.0177755249250266,0.0173698310843772,0.09095901168055,0.6099922442719407,0.6040825170611605,0.571605933785571,0.6413741951280548,0.7141970331072145,277.0,3761.0,0.8628033680039624,27,0.5505051737671646,0.2008083775225613,0.6801129487696652,0.1923847695390781,0.044776119402985,2.7703562340966923,0.3528780836610654,102.431912,2.947981
781,Healthy,0,0.0999599976672066,0.0169772813096642,0.0183835037880473,0.0699873694943057,0.6660959541839291,0.6889309500592001,0.5807311905392346,0.8321069196322335,0.7096344047303825,294.5,3874.5,0.8587191172943152,24,0.5879991510838088,0.1635475303563807,0.648596321393998,0.1747258053390356,0.042674340292659,2.936833470057424,0.3376770046042915,102.437325,2.946601
782,Healthy,0,0.1277124666505389,0.0181994193957911,0.0233910899195406,0.0889591959615548,0.5753153937688211,0.6441595221621401,0.4989153355200251,0.8327914695044492,0.7505423322399875,348.0,4236.0,0.8481675392670157,27,0.5421475785082249,0.2485574417644076,0.6409579483311333,0.1668007508715473,0.0394171046344959,2.840029218407597,0.3100522193211488,102.433981,2.945535
783,Healthy,0,0.0992297910981708,0.0252437972360187,0.0190670817262596,0.066391052885188,0.9344863131285418,0.8442912455637365,0.8112177876078766,0.892464213638731,0.5943911061960617,280.0,3954.0,0.867737364194615,28,0.5735947157085232,0.1866760829256641,0.7060326193751228,0.1965270121278941,0.0440743190427514,2.8691917219836003,0.3959190822313688,102.432792,2.946487
784,Healthy,0,0.1401018963919745,0.0220565721392631,0.0157895295156372,0.0967764001753595,0.627964241839306,0.5510409981757098,0.5440745053660693,0.5610766795594666,0.7279627473169654,275.0,3950.0,0.8698224852071006,27,0.561318132813842,0.2347139629224936,0.7083172147001934,0.1960186877919967,0.0418165732822176,2.7417188898836167,0.3997905027932961,102.433298,2.946977
785,Healthy,0,0.2276729444662729,0.0262696366343233,0.0238341243109769,0.1068170774314138,0.5430004800651261,0.5211083816792265,0.413788605604775,0.7297024135444672,0.7931056971976125,344.5,3924.5,0.8386038884984774,24,0.6047271347949836,0.2932195990449852,0.610949657823193,0.1622590463307406,0.0440488486542317,2.8824476650563606,0.2990450661752387,102.436348,2.945428
786,Healthy,0,0.1075997071133719,0.0143282103041807,0.018709072118832,0.0747851443787415,0.5431434396342787,0.6134426731847159,0.470055114781056,0.800437623617823,0.764972442609472,255.5,3369.5,0.8590344827586207,26,0.4855994774175534,0.1926376448116368,0.6629694493092041,0.1718085835732894,0.0470472923303112,2.725840336134454,0.3522901413247062,102.432551808,2.946078184
787,Healthy,0,0.1307872922884093,0.0167447578989797,0.0195772321894764,0.0904486195908652,0.5258919944245916,0.5640982444872824,0.4539964808381965,0.7117320837855773,0.7730017595809018,287.0,3813.0,0.86,27,0.5147635967470194,0.2163861309074693,0.6871128871128871,0.1882915845764143,0.0488138119488262,2.713560104663691,0.3788819875776397,102.43306,2.946969
788,Healthy,0,0.0933761894702911,0.0156709399695197,0.0187260163947939,0.1054775135384665,0.5446130553451498,0.5898711104485689,0.5748318199671406,0.6030751752339454,0.7125840900164297,355.0,4180.0,0.8434399117971334,26,0.4962066794395641,0.2047895023392306,0.6816589338130858,0.1901092273671513,0.0368986454927603,2.9687985097795715,0.3480250889981353,102.434811,2.945616
789,Healthy,0,0.1309659721122847,0.0161438385645548,0.0132146785035729,0.1002658920155631,0.490099170256614,0.4506462123949049,0.4389602159170322,0.4657952790727126,0.780519892041484,296.0,3915.5,0.8594325062329337,24,0.3623725684217903,0.230300407235821,0.640395507343765,0.1647467793606434,0.0389105058365758,3.0505689001264225,0.3289149460446937,102.436192,2.945568
790,Healthy,0,0.1255433079269197,0.0200355586906274,0.0179536326064003,0.1121271600325902,0.5770992821559802,0.5512477436776304,0.5505073409662732,0.5520763593815576,0.7247463295168635,597.0,4024.0,0.7416143691841592,25,0.5942705585077581,0.2444864023062918,0.578570115787539,0.1599702883381727,0.0452083967143291,2.481894553881808,0.2500610699454442,102.434811,2.94534
791,Healthy,0,0.0731664680772357,0.0189845549563566,0.0172242598815096,0.0829690736201074,0.7824461618568664,0.7529997862191096,0.8240626888943408,0.6876409549236775,0.5879686555528297,313.0,3752.0,0.8460024600246002,27,0.5029091278485273,0.1690462330977122,0.6678348909657321,0.1927039821776663,0.0414589665653495,2.737185609678446,0.3575695511179382,102.431797,2.947918
792,Healthy,0,0.1383625318606694,0.0145371641135878,0.0160149727016687,0.104948952794075,0.4269580404289177,0.4462387030634252,0.3803058997850547,0.529578471797601,0.8098470501074727,605.5,3924.5,0.7326710816777042,24,0.4601256829844949,0.2321355077955457,0.6194354991475658,0.1722199369258192,0.0440251572327044,2.070621997629297,0.3012852612251711,102.436154,2.945085
793,Healthy,0,0.1457963801092571,0.0240424745198753,0.0187384790430466,0.0865602766474088,0.6858461518674565,0.6219571873613269,0.5662420315392613,0.7118214805170813,0.7168789842303694,271.5,4010.0,0.8731752890342169,24,0.5832478914269024,0.2385300120545757,0.678960038517092,0.1815409636104899,0.0398377862595419,2.819381598793364,0.373062762222793,102.437321,2.946324
794,Healthy,0,0.2053288900189929,0.0224026458130942,0.016190152718789,0.1376634165644645,0.4621513060734984,0.4045524630236064,0.3934922009152444,0.4209236820234433,0.8032538995423778,370.0,3997.0,0.830547286466682,25,0.3025405910943758,0.325370904058218,0.6650790626786055,0.1742576917909445,0.0367734282325029,2.692250593824228,0.3346780971591864,102.437656,2.947085
795,Healthy,0,0.0811013956036832,0.0092283665306038,0.0087702230860789,0.0686019870142142,0.4390276014421408,0.4292994143564734,0.4086523118209756,0.4534042946277775,0.7956738440895122,444.5,4153.0,0.8066340402392604,26,0.2999905249894651,0.1408335886274774,0.6458173445894091,0.1746662102019856,0.0403881140084899,2.492439007997849,0.3372591907125431,102.433834,2.945124
796,Healthy,0,0.1041289741794268,0.0143396413574616,0.0157562140375375,0.0622700680461194,0.5880567761420966,0.6126541861278807,0.4841667573298032,0.8077388088615715,0.7579166213350984,291.5,3919.5,0.8615530752790311,28,0.4822617692853379,0.1610383008503251,0.6913508260447035,0.1873379724382589,0.0436555528903813,2.8832551855678297,0.396252845386097,102.433059,2.94656
797,Healthy,0,0.1306495062179035,0.0164235087318552,0.0132929031840629,0.0981246315770679,0.5022073605818678,0.4598452353349803,0.4466763324996255,0.4772284079902393,0.7766618337501873,291.5,4129.0,0.8681144666892885,28,0.3862250849184243,0.2373093619114822,0.6974821852731592,0.1928161303244759,0.0387813244956102,2.862524242876324,0.3802415296880241,102.431681,2.947572
798,Healthy,0,0.0667667037083043,0.0194465902944405,0.0148122443093193,0.0514610326952404,0.9901464765701672,0.8986715191364284,0.9022548329412572,0.8940100733694033,0.5488725835293714,308.0,3811.0,0.8504491381403253,29,0.6614988713414981,0.1289601061079238,0.6453182002432104,0.1682256439775507,0.0417040934171692,2.8024,0.3243482887036709,102.431483,2.947097
799,Healthy,0,0.1008951448731952,0.0243426764176951,0.0189288132306602,0.0692337908678584,0.8899848936214555,0.8110853494203554,0.7774864227685432,0.8588137078849403,0.6112567886157283,341.0,3816.0,0.8359393793601154,23,0.7663535847290522,0.1992426951312356,0.6475463878685127,0.1708165997322623,0.0418106015485408,2.7144196219340726,0.3418737723118968,102.43646,2.945909
800,Healthy,0,0.0733129878838857,0.0188947685269845,0.0159550243988633,0.0505577797691027,0.935035650773276,0.8782678891444056,0.8196606993793868,0.9595159667947112,0.5901696503103065,323.0,3625.0,0.8363728470111449,29,0.6627311937310791,0.1337713032133049,0.6475161987041037,0.179891724671307,0.0423613009018857,2.823187414500684,0.2843791722296395,102.431444,2.94716
801,Healthy,0,0.1002482506963941,0.0194397118563453,0.0184453389503889,0.0794091804160012,0.7116314315735749,0.6966005071288615,0.6496797653407916,0.7539902733086965,0.6751601173296041,279.0,3962.5,0.8684427678887187,28,0.5653144390703443,0.1776088935633501,0.6972930250938549,0.1975463543844974,0.0456482045039561,2.802206162038798,0.3964093357271095,102.433186,2.946908
802,Healthy,0,0.1329281487398677,0.0218202500707573,0.0256201086772812,0.1525350055760807,0.530416475787329,0.5700193225527188,0.5640187617698084,0.5752315061996089,0.7179906191150958,306.0,3895.0,0.8543203999047846,23,0.5297888736870356,0.3023129649874236,0.6570543835881556,0.1783649876135425,0.039834831187758,2.742206601466993,0.3410689170182841,102.436545,2.945773
803,Healthy,0,0.223779656820827,0.0179571302400694,0.0210582313852177,0.1354564122027821,0.3635503533578418,0.3918666312054865,0.2971352512523595,0.5381791991463799,0.8514323743738202,300.0,4043.0,0.8618466497812572,23,0.3855005761294409,0.3105994618187348,0.6814631358353972,0.17585931254996,0.0398209236569274,2.8214985677672244,0.3612154318880164,102.436304,2.945767
804,Healthy,0,0.1440457494722472,0.0260701363699303,0.0246439590636226,0.1270092907879087,0.6453097633858067,0.6304407702027396,0.6129971046705535,0.650008070061118,0.6935014476647232,351.0,3804.0,0.8310469314079423,23,0.6741871627516645,0.2778653332756625,0.6475463878685127,0.1708165997322623,0.0418106015485408,2.645166232572392,0.3418737723118968,102.436499,2.945843
805,Healthy,0,0.1346488032076093,0.0213081918449865,0.0210713624126381,0.1235847291019227,0.5666132037749098,0.5639083080723708,0.546514552625239,0.5826609081448076,0.7267427236873805,573.0,4092.0,0.7543408360128617,25,0.467040404037459,0.2698776920636494,0.578570115787539,0.1599702883381727,0.0452083967143291,2.359527960305753,0.2500610699454442,102.434853,2.94528
806,Healthy,0,0.0751873743202951,0.0192935289815068,0.015433274830381,0.0622329347663455,0.8769418828276123,0.8069099324914594,0.8168223760468151,0.7948514500973657,0.5915888119765925,305.0,3759.0,0.8499015748031497,25,0.7193406608910593,0.1506803379290633,0.6544564152791381,0.1799385303157306,0.0512820512820512,2.8759367194004994,0.3154987918536417,102.437473,2.946867
807,Healthy,0,0.0976006744636429,0.0171433220513992,0.0180432876158091,0.0988511459694968,0.5943810742046117,0.6076126427202104,0.5976198344861322,0.6174216192301979,0.7011900827569337,313.0,4072.0,0.8572405929304447,29,0.5698923269798456,0.2145492782195409,0.6924833491912464,0.1853925096628015,0.036234416870558,2.8191090445477727,0.3748098055790363,102.431682,2.947434
808,Healthy,0,0.1290286290976736,0.0177495550985137,0.0147817061386174,0.0929051554865307,0.5515862334096006,0.5113670701943386,0.4837109873164588,0.5490625658707257,0.7581445063417707,285.0,3989.5,0.8666510703006199,28,0.3877087107207755,0.2377028912305832,0.6646566815794592,0.1830246060270942,0.0370819195346582,2.851370073891625,0.353483606557377,102.431641,2.947636
809,Healthy,0,0.1023044445448451,0.0153918804393874,0.0193057181313633,0.0862229735487037,0.5614626855416179,0.6217510759187218,0.5231048783026799,0.7317713438499834,0.73844756084866,292.0,3857.0,0.8592431911303928,29,0.5991828049418955,0.1982438810583618,0.6871128871128871,0.1882915845764143,0.0488138119488262,2.776479750778816,0.3788819875776397,102.432983,2.946835
810,Healthy,0,0.1075626702772246,0.0230502821505069,0.022405547917717,0.0903962949911753,0.7555626183881863,0.7469690575769975,0.7059110669215042,0.7945099952245814,0.647044466539248,385.0,3889.0,0.8198408984557791,27,0.590546976869407,0.2109391403694947,0.6195353941832815,0.1761424017003188,0.0401174743024963,2.7699604743083004,0.2961058045554739,102.434962,2.945747
811,Healthy,0,0.241210487153795,0.0138798570260405,0.0181727467311753,0.1473331451416015,0.2667258314941402,0.3048301530991956,0.2176461374211071,0.439204828916775,0.8911769312894464,302.0,4058.0,0.8614678899082568,23,0.2845977843291859,0.3332997413559092,0.6547756041426928,0.1756370077667257,0.0444256143324052,2.853236098450319,0.3401225511348925,102.436261,2.945698
812,Healthy,0,0.1968408674001693,0.0212114845506019,0.0269674081355333,0.1052648938364452,0.492533311339314,0.550168466092841,0.3891081084122538,0.8157585622686353,0.8054459457938731,349.5,3899.0,0.8354713428268801,24,0.4582948987161813,0.2968059916877085,0.6083240431066518,0.1679935231412764,0.0478784577204769,2.694526683367494,0.3104790926019976,102.436079,2.944949
813,Healthy,0,0.1626104712486267,0.0194104756746027,0.0193939782265159,0.0882201178206337,0.5361055742098929,0.5359082727442913,0.4265547675189145,0.7208712961922276,0.7867226162405428,312.0,3860.0,0.850431447746884,27,0.4333525437782309,0.2538444254961278,0.6762740981103263,0.196131844184146,0.0397821453942694,2.888780328936656,0.3381369016984045,102.434927,2.945825
814,Healthy,0,0.0897033404972818,0.0193183668371703,0.0185778846757279,0.0617478792038228,0.8130285583753681,0.8005652522302218,0.7087897377320003,0.9251270714878292,0.645605131134,368.0,3748.0,0.8211856171039844,23,0.707263941982162,0.1824864914847745,0.6183724995144688,0.1531967893717132,0.0304829036047733,2.5944120356155973,0.3160993089326849,102.436421,2.945977
815,Healthy,0,0.1130007952451706,0.0167961592475573,0.0185145978919333,0.1030041774113973,0.5383442799417282,0.562014278503699,0.5176133542793822,0.60943991068764,0.741193322860309,326.0,3936.0,0.8470201783200375,29,0.5192031339550977,0.2201184448268678,0.6598613251155624,0.1826540414436668,0.0451127819548872,2.749010051781907,0.3305541080423831,102.431604,2.947434
816,Healthy,0,0.1209362281693352,0.0219505104339785,0.0202630009088251,0.096250918176439,0.6725853773682341,0.6509391567307872,0.6144869887447888,0.6956422397566688,0.6927565056276057,373.0,4066.5,0.8319630589030296,26,0.6512358087227511,0.2281090581996573,0.578570115787539,0.1599702883381727,0.0452083967143291,2.828750861606801,0.2500610699454442,102.434738,2.945338
817,Unhealthy,1,0.099369348751174,0.0222026254567835,0.0222772206697199,0.0818658421436945,0.7871860302643127,0.7882478139423527,0.7305178879074328,0.8556391589762398,0.6347410560462836,273.0,3911.0,0.8695028680688337,29,0.6603059640992542,0.2018246137433581,0.6972930250938549,0.1975463543844974,0.0456482045039561,2.839968774395004,0.3964093357271095,102.433137,2.946839
818,Healthy,0,0.0999365937378671,0.0150492681811253,0.0187632932017246,0.0662889786892467,0.61324177754538,0.6761223120581966,0.5235171674141128,0.88243583784698,0.7382414162929436,296.0,4111.0,0.865668255048786,29,0.4732947715598683,0.1852817572653293,0.6896950984175994,0.1824442943956786,0.041141498216409,2.883162031438936,0.3708019191226868,102.431678,2.947299
819,Healthy,0,0.0805287758509318,0.0250483503979113,0.0178986493912008,0.0727329026493761,0.9853874911713726,0.875537211983307,0.9490067134001302,0.78995224017293,0.525496643299935,303.0,4181.0,0.8648528099910794,28,0.6617034485919983,0.1695721948312388,0.6937087631261035,0.1967170059093893,0.0441109074243813,2.76802284082798,0.39492148346141,102.431839,2.947571
820,Healthy,0,0.0961477251516448,0.0281215577075878,0.0264933283130327,0.0966088995337486,0.9035048051449284,0.8831232968541312,0.9051812985657222,0.8608561770630997,0.5474093507171389,284.0,4155.0,0.8720432529849065,27,0.5020633119696022,0.2171686134404606,0.6941043511019024,0.1942637099986721,0.0407313121962508,2.8400586940572268,0.3813021702838063,102.432034,2.947916
821,Unhealthy,1,0.1384407306710879,0.0208290837084253,0.0158336901416381,0.098822743528419,0.5974174994158293,0.5353670794399934,0.5231144090817635,0.5523873239316748,0.7384427954591183,337.5,3820.5,0.8376623376623377,24,0.3289067761315775,0.2557441802281472,0.6509582446069808,0.1788193296754148,0.0447009197961216,2.718757317929904,0.3430072554415811,102.436146,2.945499
822,Healthy,0,0.0872118344737423,0.0154511649161577,0.0180745380413201,0.0548149289356337,0.7147977070376536,0.7638902181509383,0.6020149424030091,0.99188751357092,0.6989925287984956,305.0,4028.0,0.8592199399953843,29,0.4923792818684165,0.1505916797452502,0.6629790596602133,0.1766843723790886,0.0417027595594604,2.891425908667288,0.3457719958918179,102.431595,2.947295
823,Healthy,0,0.1204024048315154,0.0164531979502903,0.0174560023264752,0.1024757242865032,0.5145955705989302,0.5282067515821015,0.4808921992480581,0.5821979827841884,0.759553900375971,285.0,3989.5,0.8666510703006199,28,0.462443967310933,0.2257774031410614,0.6646566815794592,0.1830246060270942,0.0370819195346582,2.851370073891625,0.353483606557377,102.4316,2.947567
824,Healthy,0,0.1806959311167399,0.0146959541986385,0.0224999392198191,0.0971024375822809,0.3827192536834523,0.4723374091758566,0.3008508603091276,0.7524913742157018,0.8495745698454361,308.0,4051.0,0.8586831842165634,24,0.4390430619114019,0.2414180986169311,0.6473977695167287,0.1756201087677411,0.0434424299505533,2.8605273213603364,0.3539771304565562,102.435919,2.944947
825,Healthy,0,0.1467013210058212,0.0155775041008989,0.0141375635026229,0.092445599536101,0.4610401168293052,0.4420865561322426,0.3839688657014765,0.5305739893452562,0.8080155671492618,465.0,3718.0,0.777671527611762,25,0.4058844052442788,0.2273751633862654,0.5476772616136919,0.1587343096234309,0.0485092285849503,2.5887314976921854,0.2510651727946978,102.435005,2.945542
826,Healthy,0,0.099983817173375,0.0150528368022706,0.0154878217726945,0.1079986939827601,0.5057903000907518,0.5121625477205456,0.5234101056331988,0.5016846310042682,0.7382949471834006,355.0,4180.0,0.8434399117971334,26,0.5487073109685906,0.2090469889549745,0.6816589338130858,0.1901092273671513,0.0368986454927603,2.9687985097795715,0.3480250889981353,102.434891,2.945614
827,Healthy,0,0.197294349471728,0.0160974645987153,0.0231732827507787,0.0942083762751685,0.3978395111075836,0.4748959701257559,0.3017447444052624,0.7896730355687425,0.8491276277973687,314.5,4019.0,0.8548517364716741,24,0.4731005499694047,0.2665437017050054,0.6083240431066518,0.1679935231412764,0.0478784577204769,2.8282943960910063,0.3104790926019976,102.435997,2.944951
828,Healthy,0,0.0980396933025783,0.0132298420907722,0.0164064626312918,0.0961007285449239,0.4797764544693452,0.5297477566390421,0.4755962013862356,0.5833036078767619,0.7622018993068822,315.0,4073.5,0.8564429759598952,26,0.4602010534229374,0.1810781441421972,0.6575882794891059,0.1845637583892617,0.0438228162517002,2.888265580573273,0.3342157511581733,102.434772,2.945549
829,Healthy,0,0.1705435531006919,0.0187974466631809,0.0166662394379576,0.0965586726864178,0.4935378901611627,0.4688391482016904,0.3971130750682251,0.588783479722203,0.8014434624658875,380.5,3999.0,0.8262358716748487,26,0.4210084407869455,0.2644332717690202,0.6762740981103263,0.196131844184146,0.0397821453942694,2.810048924438922,0.3381369016984045,102.435008,2.945816
830,Healthy,0,0.1560959708359506,0.0172437113813228,0.0149813242670562,0.1032397506965531,0.4694990633958028,0.4421038820171092,0.3979172261250276,0.5068918302990474,0.8010413869374862,269.0,3950.0,0.8724816307181796,27,0.4848253163127281,0.271299783554342,0.6933962264150944,0.1960022209883398,0.0383224873463485,2.900709219858156,0.3767147379528667,102.433334,2.94704
831,Healthy,0,0.2313447992006937,0.0192192085087299,0.0217648007803493,0.0812845925490061,0.4379600300288825,0.4636024445757325,0.3068151516959804,0.8448298462383755,0.8465924241520097,330.0,3939.0,0.8453970484891076,26,0.5115861252631915,0.2569242560615142,0.5961849919021055,0.1665680278818965,0.0461139285293077,2.906967378171567,0.2845776741943261,102.434653,2.945338
832,Healthy,0,0.1122883881131808,0.020536387960116,0.0162168965778417,0.116975225508213,0.6077284081491767,0.5526458626089455,0.6184505200681352,0.4870226954523347,0.6907747399659324,419.0,3811.0,0.8018912529550828,24,0.5012154487979121,0.2300518072313732,0.6146552517720704,0.1808267133432072,0.0473517644951334,2.5553714027422028,0.2850201762332208,102.436191,2.945293
833,Healthy,0,0.1234477410713831,0.0200452134013175,0.0214024739753868,0.0746309285362561,0.6733103061125031,0.692160777603502,0.5587790278617779,0.8914595720084794,0.7206104860691109,284.5,3886.0,0.8635655197218559,24,0.5755860252090794,0.1944793239235878,0.6903667481662592,0.1824587808715878,0.040014441302124,2.8694924707194644,0.3679497115301817,102.437091,2.946058
834,Unhealthy,1,0.1424898240301344,0.0196163550847106,0.0175504497148924,0.0595968009697066,0.6503036342596128,0.6213796781222047,0.4840371956657688,0.9099714926533872,0.7579814021671156,319.5,3960.5,0.8507009345794393,24,0.5601675636751619,0.2166544699834452,0.6773261413985745,0.1767806460332477,0.0406980218729456,2.698236253149548,0.3609446904575844,102.437201,2.946397
835,Healthy,0,0.1322705563571718,0.0212305533803171,0.0158742536894149,0.095170153511895,0.6292822670236391,0.5610347512079141,0.5532351763873159,0.5718164143336575,0.7233824118063421,323.0,4135.0,0.8550919694930462,28,0.4554841414623252,0.2376126835329665,0.6974821852731592,0.1928161303244759,0.0387813244956102,2.704313280363224,0.3802415296880241,102.43168,2.947703
836,Healthy,0,0.132242013182905,0.0113985590222809,0.014686163721813,0.0975285412536727,0.3610457002768504,0.4078043342553257,0.3174189255107792,0.5235022887605086,0.8412905372446103,293.0,4011.0,0.8638475836431226,24,0.3849221145037259,0.2024235378743873,0.6547756041426928,0.1756370077667257,0.0444256143324052,2.944950495049505,0.3401225511348925,102.436229,2.945629
837,Healthy,0,0.111817390554481,0.0077875438146293,0.0100700010338591,0.0688528795209195,0.3174615249283694,0.3597993531603535,0.2604422252545642,0.5103716926231419,0.8697788873727178,610.0,4157.0,0.7440738409901405,26,0.3782451847448358,0.1457016954922841,0.5494856945284813,0.1594334131039389,0.044395245863435,2.389034821849532,0.2550675675675675,102.434577,2.945199
838,Unhealthy,1,0.0994076844718721,0.0108999635817276,0.0153025754003061,0.0839854437443945,0.4249642293812168,0.500058790952835,0.3952568574911937,0.6164923233287352,0.8023715712544033,428.0,3992.0,0.8063348416289593,27,0.5368670413246163,0.1793875846390922,0.6464535097390666,0.1847150601613116,0.0408921933085501,2.578125,0.313208752595432,102.434053,2.945675
839,Healthy,0,0.1099338688784175,0.018024873919785,0.0197222388039032,0.0868885508841938,0.6192195179142967,0.6436831300909532,0.56345892513843,0.7399715868010374,0.7182705374307851,294.0,3872.0,0.8588574171867499,27,0.4900986137066659,0.2089399072445101,0.6868549172346641,0.1911441144114411,0.0379868184541641,2.835631637343478,0.3696176369273166,102.431919,2.947847
840,Healthy,0,0.1788324928945965,0.0210379198607471,0.0226845772316058,0.1370653948850101,0.4701556174550806,0.4863183393557628,0.4210311985796336,0.5680020329530019,0.7894844007101832,336.0,3938.0,0.8427702386523164,25,0.4244036963600029,0.3450299571785662,0.6968708005375311,0.2071013997951519,0.0435655253837072,2.865552903739061,0.3738792082557943,102.435,2.945962
841,Healthy,0,0.1460046296318372,0.0144459618669417,0.0149743120289511,0.1066704048878616,0.4104448037949542,0.4171678580708607,0.3601348360763541,0.4923949813354032,0.8199325819618231,598.0,3618.5,0.7163524249970354,24,0.4119939204940344,0.2389050188163916,0.6468997488893181,0.1798242579395281,0.0355884853637799,2.1151960784313726,0.3017532029669588,102.435162,2.945956
842,Healthy,0,0.0874620742268032,0.016198467877176,0.0149859551133381,0.0889285008112589,0.6206680779208578,0.6009283061387005,0.6250581966252013,0.5768573767719977,0.6874709016873992,337.0,3916.0,0.8415236303785563,25,0.4965684988316336,0.1834624107513163,0.6397540170601071,0.1698273422020945,0.0473897617840851,2.7496926859250155,0.2981773137497788,102.437548,2.947021
843,Healthy,0,0.0923207253217697,0.0239987094990081,0.0159971458423468,0.0781888386441601,0.8786432057585244,0.7599966874576479,0.8252691232891471,0.6793854066318564,0.5873654383554263,299.0,4126.0,0.8648587570621469,28,0.7399571119834857,0.1822753770069943,0.6974821852731592,0.1928161303244759,0.0387813244956102,2.841339371891009,0.3802415296880241,102.4318,2.94764
844,Healthy,0,0.1538952142000198,0.0244411857177813,0.0219595466429988,0.1297185578280025,0.5880654244751108,0.5624084001606628,0.5482040846186587,0.5791092055003141,0.7258979576906706,341.0,3925.5,0.8401500058596039,24,0.5819501565631736,0.2732950968460904,0.6404230317273796,0.1673867595818815,0.0336912254720473,2.7927541877678226,0.3296608710621449,102.436659,2.945976
845,Healthy,0,0.1605240694350666,0.0182882309373882,0.0250772984905375,0.0858059955967797,0.517152605487239,0.5987737508924744,0.409104539213353,0.9046375722131738,0.7954477303933234,254.0,3786.5,0.8742729860165821,26,0.5293949934135551,0.272559040122562,0.6852068488780176,0.1824490709648533,0.0418830955355381,2.825773938084953,0.3546119502232355,102.432596,2.946149
846,Healthy,0,0.1513483789232042,0.0232721099423037,0.0180773102781838,0.1099580037924978,0.6047637326867539,0.5464877239337839,0.5330900192411624,0.5647601338550788,0.7334549903794189,282.0,4241.0,0.8753040017687376,25,0.4634871718245643,0.2614069167110654,0.70744384629664,0.1920684292379471,0.0409687641466727,2.918325224826773,0.3852686591540095,102.437782,2.947022
847,Healthy,0,0.1894571623868412,0.017690227056543,0.0192428489940034,0.1060123029682371,0.427752307390124,0.4444379503762895,0.3415969103753141,0.6145168064561324,0.829201544812343,338.0,3857.0,0.8388557806912992,23,0.4213968789275697,0.2609416687240203,0.6594941487353718,0.1779206859592711,0.0469159323648487,2.9862525458248474,0.3449691991786447,102.436385,2.945634
848,Healthy,0,0.1056032445695665,0.0234366111043426,0.0181720835260219,0.0631951892541514,0.8693441330397693,0.7910130219650777,0.7264921673058352,0.8933362471231742,0.6367539163470824,277.5,3956.5,0.8689182805857345,28,0.5329310315140826,0.1954687811020347,0.6995605273671595,0.1927660171036029,0.0376242453808159,2.8475232198142413,0.3903406019102541,102.432753,2.946419
849,Healthy,0,0.1351216725177235,0.0182738233771589,0.0162741420790553,0.1250912538833088,0.4926213258819338,0.4688269904264758,0.4765152528254528,0.460484462078343,0.7617423735872736,308.0,3856.5,0.8520830832032656,24,0.4549795844002096,0.2439146211577786,0.6701356625162609,0.177541928721174,0.0416690814256737,2.811361115512597,0.3592119542532765,102.436115,2.94529
850,Healthy,0,0.0967613301343388,0.0262502200073666,0.0253894314583804,0.0872588331500689,0.8878793522834533,0.8765117891736458,0.8535855365492812,0.9015471848281288,0.5732072317253595,341.0,3904.0,0.8393404004711426,23,0.6421161758990703,0.2067202025403579,0.6404230317273796,0.1673867595818815,0.0336912254720473,2.696382624489178,0.3296608710621449,102.436579,2.945973
851,Healthy,0,0.1561572675903638,0.0257249534544017,0.0243482645601034,0.0780149789320098,0.7205310413178531,0.7046475565911233,0.5657497100405472,0.9514456060384356,0.7171251449797263,283.0,3921.0,0.8653663177925784,24,0.4987950926765722,0.2538912490838104,0.678960038517092,0.1815409636104899,0.0398377862595419,2.7760396795116367,0.373062762222793,102.437357,2.946394
852,Healthy,0,0.1255319482750362,0.0166785827734404,0.014329632744193,0.0716429447962178,0.5787857141749699,0.5435672378975297,0.4691237041441051,0.6667071363520518,0.7654381479279475,257.0,3480.0,0.8624565159218625,27,0.3530690996332642,0.203020424892505,0.6638341968911917,0.1706036745406824,0.0435460808527232,2.8517076623606443,0.3266239707227813,102.432714,2.946076
853,Healthy,0,0.1239447212881512,0.020056041681932,0.0176639967701501,0.0824363397227393,0.6509241214900454,0.6181051791256486,0.5571093171526801,0.7058516440213909,0.7214453414236599,304.0,3728.0,0.8492063492063492,27,0.5185992735023929,0.2164867512053914,0.6793955482948744,0.1939605110336817,0.0492472569533044,2.794645772118838,0.3787656135194709,102.432761,2.946149
854,Unhealthy,1,0.0692213566766844,0.0152524796624978,0.0140918488096859,0.0723654367029666,0.7090394245062958,0.6866936378647239,0.7222344964306121,0.6519681355308636,0.6388827517846939,293.0,3972.0,0.8626025791324736,29,0.5951994152528933,0.1482756189588043,0.7062480888798288,0.1997419909696839,0.0441616766467065,2.871078507882004,0.3930775422591896,102.432987,2.946424
855,Healthy,0,0.1489000187979804,0.0256425658654835,0.0240658363327384,0.0986154791381624,0.6865465014327868,0.6689691128573501,0.5876517966071148,0.7846618285877985,0.7061741016964427,285.0,3865.0,0.8626506024096385,24,0.5873548077511367,0.2318186027308305,0.6909325652994339,0.191629339305711,0.0403910785212343,2.861939403629387,0.3615439093484419,102.437477,2.946604
856,Healthy,0,0.111022326681349,0.0197733750359879,0.0171295950810114,0.0851623589793841,0.6710475410130206,0.6332891374082755,0.6047102397514627,0.6698315713432436,0.6976448801242686,297.0,4122.5,0.8655956556171512,28,0.6690546165745768,0.1843782257702615,0.6937087631261035,0.1967170059093893,0.0441109074243813,2.821789481448698,0.39492148346141,102.431916,2.947711
857,Healthy,0,0.0885988805029127,0.0174671072098943,0.0203469001377622,0.0603627252082029,0.7598696782759078,0.8098275086000158,0.6587260473051805,1.008400177824857,0.6706369763474097,288.0,3811.0,0.8594779214442547,29,0.8130815030261025,0.1404859657502836,0.6803294763679153,0.1886792452830188,0.0488431876606683,2.7982525814138204,0.3735714285714285,102.433025,2.946758
858,Healthy,0,0.0855321404006746,0.0203133268902699,0.01842586727192,0.0590223036706447,0.8775550907045653,0.8454018270473223,0.7676597745818743,0.9516489310294782,0.616170112709063,304.0,4114.0,0.8623811679492983,27,0.6044115406063619,0.1592217685861719,0.6941043511019024,0.1942637099986721,0.0407313121962508,2.7497113163972284,0.3813021702838063,102.432037,2.948048
859,Healthy,0,0.0900802794429991,0.0173780383128258,0.0194466658350494,0.0762589395874076,0.6913354489425027,0.7250244742627954,0.6468755020830875,0.8127701924755308,0.6765622489584561,296.0,4111.0,0.865668255048786,29,0.5782820012364274,0.1912973086453146,0.6896950984175994,0.1824442943956786,0.041141498216409,2.883162031438936,0.3708019191226868,102.431721,2.947366
860,Unhealthy,1,0.1295300424098968,0.0151307551811138,0.0166995232510897,0.0970244829853375,0.4713336575416449,0.4927577467514125,0.4183788678918232,0.5873702063000533,0.7908105660540885,535.0,3856.5,0.756347489468291,24,0.5448235280743494,0.2091045909457736,0.6194354991475658,0.1722199369258192,0.0440251572327044,2.3122171945701355,0.3012852612251711,102.43619,2.945154
861,Healthy,0,0.1081610313720173,0.0157621253488792,0.0184168299246165,0.08340149703953,0.5652374528624573,0.6056300280400841,0.5087709437350483,0.7235172870637192,0.7456145281324758,273.0,3911.0,0.8695028680688337,29,0.530624321028719,0.1920770878593126,0.6972930250938549,0.1975463543844974,0.0456482045039561,2.839968774395004,0.3964093357271095,102.433101,2.946903
862,Healthy,0,0.2059051228894127,0.0300188921391963,0.0244030540602074,0.1050818471444977,0.6472644596414927,0.5957374741743325,0.5089586515481452,0.7538501812386034,0.7455206742259275,280.5,3795.0,0.8623481781376519,24,0.4502946295656705,0.3048715918428367,0.6909325652994339,0.191629339305711,0.0403910785212343,2.8192684100754053,0.3615439093484419,102.43744,2.946538
863,Healthy,0,0.1295779173572858,0.0221944672779904,0.0175418368437223,0.1444951800836457,0.557541309117957,0.5065024046295864,0.5849408594673099,0.4330328261124508,0.707529570266345,291.0,4111.0,0.8677873693775556,25,0.415380000890254,0.2658254899498489,0.6650790626786055,0.1742576917909445,0.0367734282325029,2.8104767510300177,0.3346780971591864,102.437738,2.947088
864,Healthy,0,0.11999504847659,0.0323117100116279,0.0261009004380967,0.0873095608419842,0.9505959378982628,0.8793199101008127,0.8485955667982379,0.920581757396696,0.5757022166008811,325.0,3955.0,0.8481308411214953,23,0.6945418590856438,0.2323259394615888,0.6570543835881556,0.1783649876135425,0.039834831187758,2.6277689300709426,0.3410689170182841,102.436543,2.94591
865,Healthy,0,0.1220673123995463,0.0216249739751219,0.0222986333279146,0.0547235016193654,0.7862170183960082,0.7960260510384451,0.6019800928975743,1.158037665051873,0.699009953551213,303.5,3910.0,0.855939242909695,24,0.5618406315390988,0.1955456168701251,0.678960038517092,0.1815409636104899,0.0398377862595419,2.727444604098918,0.373062762222793,102.437241,2.946458
866,Healthy,0,0.1265819933679368,0.0205587802661789,0.0162001532605952,0.089792899787426,0.6387381058122035,0.5808616573861971,0.5588873772622924,0.6113666054417948,0.7205563113688537,274.0,3970.0,0.8708765315739868,27,0.521539113552412,0.2074366948670811,0.6972930250938549,0.1975463543844974,0.0456482045039561,2.7957639939485626,0.3964093357271095,102.433219,2.946975
867,Healthy,0,0.1134243864152166,0.019268955104053,0.0200435658916831,0.063907902687788,0.7140941238038223,0.7258428388442547,0.5808567297630313,0.9550072788880034,0.7095716351184844,269.5,3803.5,0.8676651117112694,24,0.4569673680171129,0.1777843644635544,0.6778416980757787,0.185756343754381,0.0404083891998277,2.839466495259521,0.3533901313454029,102.437052,2.946121
868,Healthy,0,0.0751936191485987,0.0223038588754004,0.0192529926490452,0.0909585485027896,0.8466073639331648,0.8002897840322685,0.9150537768745272,0.6987650276125251,0.5424731115627364,293.0,3923.0,0.8610056925996205,29,0.614341572663775,0.168023496452305,0.7060326193751228,0.1965270121278941,0.0440743190427514,2.932622394571013,0.3959190822313688,102.43283,2.946565
869,Healthy,0,0.1189005134834183,0.0213824232212371,0.0195036787125799,0.0706024848752551,0.7364746761065724,0.7098617405408514,0.6096942001222735,0.8658088608363765,0.6951528999388632,311.0,3828.5,0.8497403068003382,24,0.6420634921157005,0.1918836916900343,0.648596321393998,0.1747258053390356,0.042674340292659,2.812425041976493,0.3376770046042915,102.437281,2.946529
870,Healthy,0,0.1295226307378875,0.0184467771194047,0.0131573769160442,0.0965666133496496,0.5611553983546349,0.4905698673796151,0.4986646195731358,0.4796536066245478,0.7506676902134319,291.5,4129.0,0.8681144666892885,28,0.4787575985699241,0.2163129299879074,0.6974821852731592,0.1928161303244759,0.0387813244956102,2.862524242876324,0.3802415296880241,102.431717,2.94764
871,Healthy,0,0.1012495814098252,0.0223148545871178,0.0188780060658852,0.0789706735975212,0.7939464760277926,0.744181039684991,0.722371430163607,0.7717224649662892,0.6388142849181966,339.0,3952.5,0.8420132820692066,24,0.7054729744004224,0.1855903046412601,0.6475463878685127,0.1708165997322623,0.0418106015485408,2.707755713750468,0.3418737723118968,102.436382,2.94591
872,Healthy,0,0.1034832596778869,0.0153553783893585,0.0146480489315258,0.0974883064627647,0.5302218381055361,0.5195961150812761,0.5168480096740788,0.5225084721193504,0.7415759951629605,296.0,4070.0,0.864406779661017,28,0.5259891206274979,0.2108853680806027,0.6924833491912464,0.1853925096628015,0.036234416870558,2.901291512915129,0.3748098055790363,102.431722,2.947502
873,Unhealthy,1,0.2314183165629705,0.015715620583958,0.0187211342983775,0.0936335159672631,0.3526814425363742,0.3831749444976283,0.254366045641309,0.6665014489071894,0.8728169771793455,413.5,3945.0,0.8102558219570953,26,0.3777894195569695,0.2559635152833329,0.5961849919021055,0.1665680278818965,0.0461139285293077,2.6818803159173754,0.2845776741943261,102.434615,2.945277
874,Healthy,0,0.2403096540106667,0.0292225734641154,0.0289250730226437,0.1277627365456687,0.5481148303811134,0.5457054238008981,0.4336783580635011,0.7384128504274741,0.7831608209682493,304.0,3757.5,0.8503016127046658,24,0.5100008859823254,0.3679048071304956,0.6978150604760047,0.1978528662858716,0.0400956080071706,2.716083366103028,0.3610317666406993,102.437466538,2.946468092
875,Healthy,0,0.1608548603124088,0.0174320761321319,0.0242455647223525,0.0823764767911699,0.5014702301503104,0.585136223550233,0.3911015911713633,0.9095892135690364,0.8044492044143182,320.0,3945.0,0.8499413833528722,23,0.3918778275512052,0.2342898622155189,0.610949657823193,0.1622590463307406,0.0440488486542317,2.9461963589076725,0.2990450661752387,102.436346,2.945566
876,Healthy,0,0.1038976543479495,0.0206820813732014,0.0164683662975827,0.0780733393298255,0.7408446284711278,0.6781709255314442,0.6640592469868288,0.6967662023143538,0.6679703765065858,309.5,4192.0,0.8624902810174386,28,0.6812592315728397,0.1838095987008677,0.6974821852731592,0.1928161303244759,0.0387813244956102,2.764328942684229,0.3802415296880241,102.431837,2.947707
877,Unhealthy,1,0.0851774389545122,0.0158935586611429,0.0149587569758296,0.0796303802894221,0.6467535304314165,0.6307327888892952,0.6290057102862161,0.6325782181047487,0.6854971448568918,310.0,4165.0,0.8614525139664805,29,0.6011104981907237,0.1846532461543878,0.6924833491912464,0.1853925096628015,0.036234416870558,2.772583429228999,0.3748098055790363,102.431766441,2.947439005
878,Healthy,0,0.1222388247648875,0.0142408425195349,0.0151919135823845,0.0870339630378617,0.4791781151140574,0.4932060750742162,0.4173762378789248,0.5944449325221315,0.7913118810605375,339.0,4032.0,0.8448867536032945,24,0.5647072590164222,0.1965021015041404,0.6624040920716112,0.1743843683083512,0.0355204153882464,2.7058909730363423,0.3523125730505927,102.436116,2.945154
879,Healthy,0,0.1450095574061075,0.0207858253270387,0.0239561847928497,0.0757173589534229,0.6339592492233584,0.674158150458444,0.5014814039904658,0.9613858960942409,0.749259298004767,272.0,3884.0,0.8691049085659288,29,0.4489856443336056,0.2211647226164738,0.6878955696202531,0.1917329981846111,0.0395906931416737,2.9611411706837187,0.3858435337945716,102.433145,2.946699
880,Healthy,0,0.1352709299988216,0.0234948080033063,0.0172078259703185,0.1136770339475737,0.6351287459210028,0.562092870042876,0.5919364794686723,0.525892023909059,0.7040317602656637,293.5,3910.5,0.8603710751665081,24,0.4773197134146238,0.222104885511928,0.6968182255118716,0.1946399566865186,0.0512774700732535,2.878631118185436,0.3667017913593256,102.437321,2.946195
881,Healthy,0,0.1465246536665492,0.0181015609867042,0.0207287318383653,0.0889833544691403,0.5329648727878326,0.5661665569711862,0.4398220787577702,0.7557501652193889,0.7800889606211149,303.0,3958.0,0.8577798638817179,23,0.4761373075160776,0.2284069452434778,0.640395507343765,0.1647467793606434,0.0389105058365758,3.0062510281296264,0.3289149460446937,102.436268,2.945564
882,Healthy,0,0.0615168238679567,0.0157159892842173,0.0178774828091263,0.0480044864945941,0.8919828350745205,0.938923890792247,0.8139539992283664,1.0854249196292165,0.5930230003858169,303.0,4014.0,0.8596247394023627,29,0.7394577083034927,0.1226341128349304,0.6629790596602133,0.1766843723790886,0.0417027595594604,2.750518825970946,0.3457719958918179,102.431562,2.947226
883,Healthy,0,0.0635570987231201,0.0175737565797236,0.0157967781027158,0.0450808770126766,0.97777636476388,0.9399587273793164,0.8664400992261018,1.0379360422324622,0.5667799503869492,300.0,3865.0,0.8559423769507803,29,0.7754694941998805,0.1272826323078738,0.6453182002432104,0.1682256439775507,0.0417040934171692,2.8465346534653464,0.3243482887036709,102.431598,2.947159
884,Healthy,0,0.1200666568345493,0.0221577812400129,0.0146301768513189,0.0862867765956454,0.7071566600266407,0.6052109492525428,0.6231778881318981,0.5798897549560933,0.6884110559340509,323.0,4135.0,0.8550919694930462,28,0.6438811361339247,0.2039331388142373,0.6974821852731592,0.1928161303244759,0.0387813244956102,2.704313280363224,0.3802415296880241,102.431743,2.947704
885,Healthy,0,0.1009457848138279,0.0186470989137887,0.0150551396525568,0.0526485985351933,0.7814861967688901,0.7197618028919808,0.6236859027919794,0.8894716927332551,0.6881570486040103,294.0,4033.0,0.8641090825051999,27,0.480119691516626,0.1553039670818381,0.6804183614177803,0.1837904216127711,0.040412519486749,2.884585712081469,0.3642771187897541,102.432076,2.948111
886,Healthy,0,0.1017795072661505,0.0196430535159177,0.0161096170130703,0.1042945683002471,0.640464261410577,0.5913766133194515,0.647097323245339,0.5351846190778049,0.6764513383773304,419.0,3811.0,0.8018912529550828,24,0.5305765873745448,0.2150658126920461,0.6146552517720704,0.1808267133432072,0.0473517644951334,2.5553714027422028,0.2850201762332208,102.436237,2.945218
887,Healthy,0,0.1281883211599456,0.0309370102153884,0.0195565135735604,0.0990725143088234,0.8559883966708421,0.7271680476791043,0.7776765634483748,0.6594174772451122,0.6111617182758127,279.0,3962.5,0.8684427678887187,28,0.4685034697972188,0.2338375306377808,0.6972930250938549,0.1975463543844974,0.0456482045039561,2.802206162038798,0.3964093357271095,102.43326,2.946905
888,Healthy,0,0.1304784168799718,0.0200693314481112,0.0210100580006837,0.0946614022056261,0.6052305878163632,0.6172265280923613,0.5332349814857374,0.7265425010874935,0.7333825092571312,385.5,3853.0,0.8180960245369824,26,0.5646868955078359,0.2443465023405021,0.578570115787539,0.1599702883381727,0.0452083967143291,2.786707385678695,0.2500610699454442,102.43477,2.94528
889,Healthy,0,0.1753943703240818,0.0212224072052372,0.0177894262596964,0.1037009101774957,0.5280189324082144,0.4905496513861754,0.4317517044459254,0.585706708249776,0.7841241477770374,355.5,3891.5,0.8325877089710384,24,0.4771230048198239,0.2597563916610346,0.6146552517720704,0.1808267133432072,0.0473517644951334,2.820451463667544,0.2850201762332208,102.436153,2.945358
890,Healthy,0,0.1238055452704429,0.0197285720043712,0.017101835562951,0.0605642245047622,0.7051367209008483,0.666010452790741,0.5497946377891013,0.8807881099178073,0.7251026811054493,282.0,3843.0,0.8632727272727273,24,0.550887742345259,0.2104007374081346,0.6778416980757787,0.185756343754381,0.0404083891998277,2.7216447569550595,0.3533901313454029,102.437133,2.946258
891,Healthy,0,0.1260971435242229,0.0157278220479687,0.0177409547484583,0.076268609199259,0.5381140395843355,0.5676654197255979,0.4435840187801897,0.7548574423055422,0.7782079906099052,281.0,3887.0,0.8651631477927063,29,0.4817650208354697,0.1940795479135381,0.69672534172485,0.2032917218773973,0.0478561885096562,2.9374389051808407,0.3886377736417619,102.433099,2.946634
892,Healthy,0,0.0653808203836282,0.019081049081352,0.0157190278793374,0.047046973887417,1.0136695775778737,0.9454752464882024,0.9036526992461816,1.0017542897029572,0.5481736503769092,296.0,3899.0,0.8588796185935638,29,0.7708444820029657,0.1316947682450215,0.6453182002432104,0.1682256439775507,0.0417040934171692,2.895371263259402,0.3243482887036709,102.431523,2.947161
893,Healthy,0,0.0970209522379769,0.0143637504014703,0.0135391911284791,0.0777892888420158,0.5645636143386812,0.5505895802275445,0.5158248865812688,0.592988786536386,0.7420875567093657,303.0,4090.5,0.8620689655172413,28,0.6017619653292414,0.170929653983977,0.6924833491912464,0.1853925096628015,0.036234416870558,2.8153571694045936,0.3748098055790363,102.431798,2.947501
894,Healthy,0,0.1540456679132249,0.018689784531792,0.0233000312000513,0.0843205617533789,0.542232291272865,0.599092709731536,0.4327955672618186,0.8660064235153856,0.7836022163690906,335.5,4064.5,0.8475,24,0.5140695525730612,0.2488044136100344,0.6473977695167287,0.1756201087677411,0.0434424299505533,2.7840824249664027,0.3539771304565562,102.435873,2.945017
895,Healthy,0,0.2306895156701406,0.0188174086312452,0.0253525894756118,0.0935603305697441,0.4159868715988667,0.4795615522304602,0.3016735296454566,0.8528119388857591,0.8491632351772717,320.0,3945.0,0.8499413833528722,23,0.362078534503297,0.2805678480201297,0.610949657823193,0.1622590463307406,0.0440488486542317,2.9461963589076725,0.2990450661752387,102.436385,2.945494
896,Healthy,0,0.1348005433877309,0.024189391069942,0.0182702974933717,0.0659344117674562,0.7768143606240412,0.6983655217745838,0.6085766662513298,0.8678990832580932,0.695711666874335,287.5,3986.5,0.8654656059897052,24,0.6388803589441496,0.2114616384108861,0.678960038517092,0.1815409636104899,0.0398377862595419,2.754281459419211,0.373062762222793,102.437243,2.946334
897,Healthy,0,0.1391472667455673,0.0152467870050006,0.0158990887511107,0.0921183203657468,0.4659790913047524,0.4747639514794628,0.3950096945995763,0.588760233414243,0.8024951527002119,372.0,4065.0,0.8323191345503719,24,0.4563426309639736,0.2330442594571245,0.6624040920716112,0.1743843683083512,0.0355204153882464,2.7311048661440616,0.3523125730505927,102.436076,2.945082
898,Healthy,0,0.1075616280237833,0.0174845589531792,0.0183058749470445,0.0729115129344993,0.6492527156119162,0.6619780316429178,0.5592992277773463,0.8027362051111033,0.7203503861113267,294.5,3874.5,0.8587191172943152,24,0.5939108220706136,0.1680922845585478,0.648596321393998,0.1747258053390356,0.042674340292659,2.936833470057424,0.3376770046042915,102.437396,2.946606
899,Healthy,0,0.1106164397464858,0.0237842626455757,0.0247383423977428,0.0989874568250444,0.7398697721414443,0.7519197717360958,0.7078612603137866,0.7997795949799487,0.6460693698431067,283.0,3843.0,0.8628211342704799,27,0.5416763302993437,0.227487016055319,0.6868549172346641,0.1911441144114411,0.0379868184541641,2.9523967490462764,0.3696176369273166,102.431997,2.94785
900,Healthy,0,0.0913008219665951,0.0219614531637893,0.020486533227894,0.0786527908510631,0.8214628983699129,0.7993910883852974,0.7755963983067754,0.8265754651132381,0.6122018008466124,368.0,3748.0,0.8211856171039844,23,0.6881815300045616,0.1946687642484903,0.6183724995144688,0.1531967893717132,0.0304829036047733,2.5944120356155973,0.3160993089326849,102.436501,2.945976
901,Healthy,0,0.1280218975411521,0.0198400819467173,0.0199337453684873,0.081925197607941,0.6358306227554179,0.637092429784549,0.5367189595441602,0.7827980454539085,0.73164052022792,297.5,4021.5,0.8622366288492707,24,0.5387849561386148,0.1984891690727737,0.6903667481662592,0.1824587808715878,0.040014441302124,2.790558261521169,0.3679497115301817,102.43717,2.94606
902,Healthy,0,0.1270256953106986,0.0136511585571699,0.0138878057607346,0.0741662536230352,0.4779518993898181,0.4815958442417883,0.3881564928937585,0.6308763438245034,0.8059217535531208,242.0,3363.0,0.8657420249653259,26,0.325122310707505,0.1973576028313901,0.6638341968911917,0.1706036745406824,0.0435460808527232,2.8183131659743546,0.3266239707227813,102.432637,2.946077
903,Healthy,0,0.1126329402128855,0.0164035134431388,0.0184721018498142,0.0873232765330208,0.5637836348099664,0.5940526033486275,0.5084923826833014,0.6984086500629689,0.7457538086583493,323.0,3774.0,0.8423236514522822,23,0.5572051718497726,0.2079460049668948,0.6594941487353718,0.1779206859592711,0.0469159323648487,3.021362283312905,0.3449691991786447,102.436465,2.945633
904,Healthy,0,0.1558404953943358,0.0256464725567234,0.0204816032201051,0.111557501885626,0.6437954556000921,0.5885070460276919,0.5652521025893027,0.620470828053684,0.7173739487053488,271.5,4010.0,0.8731752890342169,24,0.4942087990701165,0.2819943498406145,0.678960038517092,0.1815409636104899,0.0398377862595419,2.819381598793364,0.373062762222793,102.43739,2.946328
905,Healthy,0,0.0786311837534109,0.0214812103658914,0.0138391917571425,0.0693696381317244,0.8999097447872224,0.7706778593505343,0.858283754169043,0.6652751529195169,0.5708581229154784,291.0,3965.0,0.8632518796992481,29,0.6212601572412406,0.1527389598389466,0.6995605273671595,0.1927660171036029,0.0376242453808159,2.8640473963205486,0.3903406019102541,102.432908,2.946423
906,Healthy,0,0.2009789049625396,0.0244417128463586,0.0168333602034383,0.119324247042338,0.5296338344430085,0.4566101627779789,0.433708559295658,0.4945257351079216,0.783145720352171,279.0,3969.5,0.8686595268918442,26,0.4211300634448496,0.3060896309713522,0.698828125,0.1869541484716157,0.0421758926431823,2.9564207321957863,0.3674563375410686,102.437628,2.946747
907,Healthy,0,0.141558407081498,0.0244763367291953,0.0255681717147429,0.081602678530746,0.7195913007204253,0.7327010798123995,0.589667828972045,0.9542957494944062,0.7051660855139775,284.0,3879.0,0.8635599327408119,29,0.4613942616490855,0.2406063353021939,0.6878955696202531,0.1917329981846111,0.0395906931416737,2.8631729850270786,0.3858435337945716,102.433182,2.94677
908,Healthy,0,0.1191825560397571,0.0221029882215791,0.0187378388105167,0.1269644159409735,0.6089964187809315,0.5692343322270713,0.625767861450713,0.5144145186353077,0.6871160692746436,282.0,4241.0,0.8753040017687376,25,0.5337123744991251,0.2513138676683107,0.70744384629664,0.1920684292379471,0.0409687641466727,2.918325224826773,0.3852686591540095,102.437819,2.947094
909,Healthy,0,0.150286408762137,0.0257794356180561,0.0248651270651155,0.0579914549986521,0.7937118088668573,0.7823897431941106,0.5856771529721232,1.2003935690216594,0.7071614235139384,303.5,3910.0,0.855939242909695,24,0.5563357003526601,0.2233951940304703,0.678960038517092,0.1815409636104899,0.0398377862595419,2.727444604098918,0.373062762222793,102.437279,2.946397
910,Healthy,0,0.1027377520998319,0.0175162829044792,0.0200828234147694,0.0919369351532724,0.6100384788371178,0.6474963144309527,0.5826426665467398,0.7171171825931374,0.7086786667266302,283.0,3811.0,0.8617489008304836,29,0.5892325180228726,0.206199539411399,0.6871128871128871,0.1882915845764143,0.0488138119488262,2.829190056134723,0.3788819875776397,102.43306,2.94684
911,Healthy,0,0.2241656664344999,0.0247143504934178,0.0196513081383374,0.1137814513511127,0.5103953173274447,0.464181804725475,0.3972090776669424,0.5890999545697363,0.8013954611665288,315.5,3885.5,0.8497976672220899,24,0.5233953577531203,0.2939872898989253,0.640395507343765,0.1647467793606434,0.0389105058365758,2.926709296606001,0.3289149460446937,102.436269,2.945429
912,Healthy,0,0.1117200404405593,0.022131104229225,0.0231635874758164,0.0668648001220491,0.794485879941221,0.809269007242542,0.6613646609843568,1.0291681587937531,0.6693176695078216,284.0,3879.0,0.8635599327408119,29,0.6112190262109732,0.1880622764842377,0.6878955696202531,0.1917329981846111,0.0395906931416737,2.8631729850270786,0.3858435337945716,102.433098,2.946767
913,Healthy,0,0.1123338184422916,0.0218865327123138,0.0282270396128296,0.0730858080916934,0.7639522019756564,0.8510659655264335,0.652256756118994,1.1144505461006573,0.6738716219405029,274.0,3756.0,0.8640198511166253,28,0.5437349558227582,0.2012330730342203,0.6793955482948744,0.1939605110336817,0.0492472569533044,2.929989902389768,0.3787656135194709,102.432869,2.946213
914,Healthy,0,0.145450010895729,0.0238544404920604,0.01510040803502,0.0563122195502122,0.7649604110173013,0.6473134136268954,0.5635868471626219,0.8458116467985947,0.7182065764186891,341.0,4107.5,0.8466898954703833,24,0.5893973402262797,0.2260852282245954,0.6572184429327287,0.1738723062508365,0.0381769754365196,2.767857142857143,0.3410813542193027,102.435954,2.945154
915,Healthy,0,0.1147167144550217,0.0174317284383707,0.0129098418272203,0.0855350034932295,0.5931298463009362,0.5263218283691509,0.527640827442313,0.5245512565009255,0.7361795862788436,299.0,4126.0,0.8648587570621469,28,0.622336361908247,0.1989820425709088,0.6974821852731592,0.1928161303244759,0.0387813244956102,2.841339371891009,0.3802415296880241,102.431761,2.947571
916,Healthy,0,0.0753905276457468,0.0164389844155973,0.0168195205430189,0.0937191392812464,0.6510887403138854,0.6573860829738759,0.716065414988406,0.6086384824914154,0.6419672925057971,293.0,3923.0,0.8610056925996205,29,0.6239424836816353,0.1611602322922812,0.7060326193751228,0.1965270121278941,0.0440743190427514,2.932622394571013,0.3959190822313688,102.432869,2.946629
917,Healthy,0,0.1622294949160682,0.0202353334882193,0.0162008651014831,0.0669599721829096,0.6003210984849556,0.5486849095735579,0.4435996496460973,0.7792545448324204,0.7782001751769514,312.0,4054.0,0.8570774163994503,24,0.4816958164219035,0.2468204841845565,0.6624040920716112,0.1743843683083512,0.0355204153882464,2.926180794494839,0.3523125730505927,102.435993,2.945082
918,Healthy,0,0.1345058489176962,0.0197552910281552,0.0191808152529928,0.071520722988579,0.6436595263677436,0.6357883832631456,0.5122558029867972,0.8458870984925165,0.7438720985066013,273.5,3926.0,0.8697463983807596,28,0.5455077956798022,0.2072906369964282,0.6852068488780176,0.1824490709648533,0.0418830955355381,2.8222067686601764,0.3546119502232355,102.432715,2.946216
919,Healthy,0,0.0657828152179718,0.0147545707101623,0.0182594039166967,0.0535992503994041,0.7927705606645431,0.8665310351620611,0.7328060398348782,1.0164066717072078,0.6335969800825609,297.0,4009.0,0.862052949372968,29,0.6912475720888501,0.1265342067927122,0.6629790596602133,0.1766843723790886,0.0417027595594604,2.836185819070905,0.3457719958918179,102.431639,2.947229
920,Healthy,0,0.0981018079651726,0.01685750287854,0.0148360369106133,0.0993696500857671,0.5833387509240574,0.5532003593545025,0.5865554605301282,0.5196251535559173,0.7067222697349359,308.0,4031.0,0.8580318045632634,24,0.5211263475433605,0.2006114112834136,0.6701356625162609,0.177541928721174,0.0416690814256737,2.8365714285714287,0.3592119542532765,102.435995,2.945217
921,Healthy,0,0.1295623530944188,0.0232368740770551,0.0203703667761551,0.111724586950408,0.6460055186131831,0.6122587792527379,0.6082982095446932,0.616840119973752,0.6958508952276534,286.0,3907.5,0.8635984261356862,24,0.5139115558861392,0.2399863640053404,0.6968182255118716,0.1946399566865186,0.0512774700732535,2.93405168921656,0.3667017913593256,102.437283,2.946127
922,Unhealthy,1,0.1630798197454876,0.0175178350052899,0.0214618972192208,0.0832803282472822,0.4980268755829591,0.5464323065507483,0.3879969544336396,0.819608219078156,0.8060015227831803,273.5,3926.0,0.8697463983807596,28,0.4187754862674497,0.2337418995383712,0.6852068488780176,0.1824490709648533,0.0418830955355381,2.8222067686601764,0.3546119502232355,102.432675,2.946284
923,Healthy,0,0.1207250845101144,0.0231844588286346,0.0174244092777371,0.0672819531626171,0.7913596357097619,0.7105169339461345,0.6444175498232427,0.8228146635387139,0.6777912250883786,281.5,3976.0,0.8677627715795655,24,0.6232823125117432,0.2021190762105914,0.6778416980757787,0.185756343754381,0.0404083891998277,2.74602348743868,0.3533901313454029,102.43721,2.946259
924,Healthy,0,0.2445563673973083,0.0284284371882677,0.0240697261566917,0.105628983842002,0.5587319525929992,0.5214831145909561,0.4165570641402625,0.7423273880498619,0.7917214679298687,303.0,3958.0,0.8577798638817179,23,0.5082742633220504,0.3085699155926704,0.640395507343765,0.1647467793606434,0.0389105058365758,3.0062510281296264,0.3289149460446937,102.436302,2.94549
925,Healthy,0,0.1644356449445088,0.0306728006237083,0.0283851790138416,0.1079099948207537,0.735357644524876,0.712822385512531,0.6288359385854255,0.8330501576905197,0.6855820307072872,276.0,3916.0,0.8683206106870229,25,0.532810222550308,0.2763734010772573,0.6909325652994339,0.191629339305711,0.0403910785212343,2.9161993270309243,0.3615439093484419,102.437548,2.94661
926,Healthy,0,0.1003151643607351,0.0191349997702572,0.0154978497367766,0.0653699483308527,0.7505572990386806,0.6915575443542948,0.6407693085887514,0.7665770606893899,0.6796153457056243,288.0,3638.0,0.8532857870606215,25,0.6870441247672368,0.1659118183371093,0.6544564152791381,0.1799385303157306,0.0512820512820512,2.903449471312186,0.3154987918536417,102.437547,2.946875
927,Healthy,0,0.1950267694062656,0.0197027890632549,0.0167528970374001,0.1221674618621667,0.4420145730685712,0.4123364300137299,0.3670251865404285,0.4823741363787202,0.8164874067297858,370.0,3997.0,0.830547286466682,25,0.4355460853772886,0.2780161858018901,0.6650790626786055,0.1742576917909445,0.0367734282325029,2.692250593824228,0.3346780971591864,102.437617,2.947021
928,Healthy,0,0.2046604951222737,0.0210317835832635,0.0264887793196572,0.0948196914460924,0.4926287388546631,0.547786285480088,0.3727514951577739,0.8734354378535643,0.8136242524211131,314.5,4019.0,0.8548517364716741,24,0.418321678154745,0.2937357698877652,0.6083240431066518,0.1679935231412764,0.0478784577204769,2.8282943960910063,0.3104790926019976,102.43604,2.945015
929,Healthy,0,0.1882677260372373,0.0268465479214986,0.0223643535541163,0.0989618711173534,0.6299738556081053,0.5850770246266275,0.4992053279857834,0.7373295794763277,0.7503973360071083,283.0,3921.0,0.8653663177925784,24,0.4727472665789364,0.3110601703325908,0.678960038517092,0.1815409636104899,0.0398377862595419,2.7760396795116367,0.373062762222793,102.437397,2.946457
930,Healthy,0,0.2228249195549223,0.0290934532466861,0.0293132012916935,0.1108437106013298,0.5939628363133195,0.5958718319505366,0.4619504790084981,0.8365823959953457,0.769024760495751,345.0,3986.5,0.8407018353918966,24,0.4633641358394296,0.289619287268983,0.6475463878685127,0.1708165997322623,0.0418106015485408,2.702411873840445,0.3418737723118968,102.436346,2.94584
931,Healthy,0,0.1542149426208602,0.0178040076668063,0.0188938851157824,0.1050825325979126,0.4829752781735665,0.4959252305923908,0.4140010769053698,0.6095960978454791,0.7929994615473149,282.0,3881.0,0.8645207782848907,25,0.3893695420881321,0.258715838400854,0.6613880742913001,0.1815906562847608,0.0372269010130599,2.834751102709515,0.32336578581363,102.437549,2.946737
932,Healthy,0,0.1227279081940651,0.017587121679551,0.0153330759041839,0.1139728931917084,0.5175060240208381,0.4883921906610526,0.5013610215638906,0.4743191984528729,0.7493194892180547,419.0,3811.0,0.8018912529550828,24,0.4970339088424689,0.2312587915609279,0.6146552517720704,0.1808267133432072,0.0473517644951334,2.5553714027422028,0.2850201762332208,102.436151,2.945226
933,Healthy,0,0.1552577962478002,0.0286103842986954,0.0262849767588906,0.0988748619953791,0.7351230295170761,0.7105551293607252,0.6224107774093204,0.8400450822087342,0.6887946112953399,267.5,4157.5,0.8790960451977401,26,0.6526710923665923,0.2567469502488772,0.6947028297268187,0.1834529914529914,0.0432790837854129,3.044056655450348,0.3484940543355611,102.437742,2.946955
934,Unhealthy,1,0.1072527807619836,0.0236628281159533,0.0168798449966642,0.0652989318801297,0.8609463806895403,0.7610275225041669,0.7229948611556639,0.8216157815038411,0.6385025694221679,291.0,3965.0,0.8632518796992481,29,0.6506625727751331,0.1879261496166387,0.6995605273671595,0.1927660171036029,0.0376242453808159,2.8640473963205486,0.3903406019102541,102.432832,2.946427
935,Healthy,0,0.1123426018489731,0.0185410270674361,0.0195730013979805,0.0615170059932602,0.7031717449708326,0.7192220528801884,0.5666415951616869,0.965495109825074,0.7166792024191565,285.5,3722.0,0.8575171553337492,28,0.5552009637110416,0.1732768426752753,0.6793955482948744,0.1939605110336817,0.0492472569533044,2.79526598340654,0.3787656135194709,102.432753,2.946289
936,Healthy,0,0.1247248533699247,0.0168870157665676,0.0141261398999227,0.0751687669091754,0.5781550209658369,0.5372411535259246,0.4769943612647633,0.6327859182438124,0.7615028193676184,325.0,4036.0,0.8509516166016968,27,0.5421395758527124,0.173302294479476,0.6804183614177803,0.1837904216127711,0.040412519486749,2.841935977944555,0.3642771187897541,102.432154,2.948112
937,Healthy,0,0.1409006110495991,0.0255022727780871,0.0229635186907317,0.0733316822184456,0.7691924814407335,0.7379694681423425,0.6130247791737854,0.9538800884746144,0.6934876104131074,271.0,3986.0,0.8726802912849424,26,0.6500870911385914,0.2050730863379107,0.6947028297268187,0.1834529914529914,0.0432790837854129,2.9421081808822365,0.3484940543355611,102.437667,2.946955
938,Healthy,0,0.0883547829257117,0.0152198656772573,0.0138612070845233,0.0769473798573017,0.6220381485248667,0.5984275892985454,0.5877834347514655,0.6105681214224047,0.7061082826242672,331.0,3772.0,0.8386546429441872,25,0.5362745123396738,0.1639231548955044,0.6613880742913001,0.1815906562847608,0.0372269010130599,2.738341556581251,0.32336578581363,102.437471,2.946745
939,Healthy,0,0.1903100179301368,0.0172761515196826,0.0221817754209041,0.086882836288876,0.443340366127681,0.4984409234183947,0.3328960029557042,0.8135278739149449,0.8335519985221479,308.0,4051.0,0.8586831842165634,24,0.4447457750199683,0.2660026258478561,0.6473977695167287,0.1756201087677411,0.0434424299505533,2.8605273213603364,0.3539771304565562,102.435959,2.945015
940,Healthy,0,0.1084738423426946,0.0293185942702823,0.0210388164139456,0.087132244474358,0.9225367075386494,0.8189412038095732,0.851094442944807,0.7779831774293156,0.5744527785275965,279.0,3962.5,0.8684427678887187,28,0.6574494330891563,0.2100826034115421,0.6972930250938549,0.1975463543844974,0.0456482045039561,2.802206162038798,0.3964093357271095,102.433217,2.946836
941,Healthy,0,0.118677143421438,0.0188785587540931,0.0158703146088454,0.0880094634162055,0.617845561128317,0.5757045043101289,0.5489720442123929,0.6111031390543877,0.7255139778938036,292.0,3674.0,0.8527483610690872,27,0.4472549477916261,0.2239123094413015,0.669003611642235,0.1695697483995831,0.0372326379720095,2.85690150363237,0.3364073006724303,102.432795,2.946098
942,Healthy,0,0.098730883664555,0.0162883942118949,0.0181980879149503,0.0790154383414321,0.619556992233939,0.6499745836701247,0.5664578847170778,0.7487883061439934,0.7167710576414611,311.0,3829.0,0.8497584541062801,25,0.5889503081984356,0.1763148038751549,0.6613880742913001,0.1815906562847608,0.0372269010130599,2.769206549118388,0.32336578581363,102.437433,2.946678
943,Healthy,0,0.0957174694372548,0.0180140293927656,0.0173987074651651,0.085899809996287,0.6621425311534458,0.6526790618744865,0.6335634218516302,0.6737253502852167,0.6832182890741849,269.5,3910.0,0.8710372054073454,28,0.4796264209497594,0.1739349663257598,0.7062480888798288,0.1997419909696839,0.0441616766467065,2.902647105724765,0.3930775422591896,102.43295,2.946354
944,Healthy,0,0.1119352504611015,0.0217499697787894,0.0173542320521341,0.0888331486947006,0.7123303787417274,0.6520828418096405,0.6507815819807231,0.6537210704352515,0.6746092090096384,286.0,3907.5,0.8635984261356862,24,0.5661780845823938,0.2011528772612413,0.6968182255118716,0.1946399566865186,0.0512774700732535,2.93405168921656,0.3667017913593256,102.437247,2.946196
945,Healthy,0,0.1045737556285328,0.0187095987300078,0.0163745743532975,0.0628120170699225,0.7308259644492405,0.6931235734338966,0.6070437919979154,0.827138739475833,0.6964781040010424,271.0,3983.0,0.8725905030559473,28,0.4899741661733867,0.1681970558646652,0.6995605273671595,0.1927660171036029,0.0376242453808159,2.9601275917065397,0.3903406019102541,102.432869,2.946355
946,Healthy,0,0.1207670329345597,0.0178741763035456,0.0181888862409525,0.0774735651082462,0.6111118069088519,0.615663664052071,0.5156959147073831,0.7605444344952951,0.7421520426463085,273.0,3928.0,0.8700309450130921,27,0.5332789169413988,0.1923137470665905,0.6972930250938549,0.1975463543844974,0.0456482045039561,2.786247903643848,0.3964093357271095,102.433142,2.946972
947,Unhealthy,1,0.1761017408635881,0.0172473578196432,0.019223157212966,0.0889443643391132,0.4606345878645085,0.4838275913831454,0.3568127896556679,0.7108661430764378,0.821593605172166,270.0,3913.0,0.8709060482907005,28,0.5140831481031426,0.2668548710644244,0.6852068488780176,0.1824490709648533,0.0418830955355381,2.9376663172324813,0.3546119502232355,102.432635,2.946221
948,Healthy,0,0.104606221947405,0.016503850929439,0.0151395382773545,0.1040140212410026,0.5464219273547772,0.5268111347745615,0.5450859878920774,0.5082362067420089,0.7274570060539614,308.0,3856.5,0.8520830832032656,24,0.4471128059457949,0.2099919250855843,0.6701356625162609,0.177541928721174,0.0416690814256737,2.811361115512597,0.3592119542532765,102.436068,2.945221
949,Healthy,0,0.1549712477458847,0.0242879891561137,0.0268291279466615,0.0993632285131348,0.6414566097559629,0.6693972886529238,0.541963461986442,0.8504200634436686,0.7290182690067789,271.0,3947.0,0.8715030820293979,25,0.4483372513570364,0.2781086636500226,0.698828125,0.1869541484716157,0.0421758926431823,2.972666990134239,0.3674563375410686,102.437587,2.946679
950,Healthy,0,0.1162888788514667,0.019060295385619,0.0156631136520041,0.1105782911181449,0.5754317205392567,0.5309580974881021,0.5632925503404062,0.49629085419391,0.718353724829797,355.5,3891.5,0.8325877089710384,24,0.4551774061061673,0.242549677275949,0.6146552517720704,0.1808267133432072,0.0473517644951334,2.820451463667544,0.2850201762332208,102.436229,2.94536
951,Healthy,0,0.1159087568521499,0.0231301941805415,0.0199836756413181,0.0721416431996557,0.789726989088794,0.746029995819371,0.6654306295824409,0.8676735513204055,0.6672846852087795,274.0,3936.5,0.8698491865574159,26,0.5904342352499777,0.2010253595395221,0.6947028297268187,0.1834529914529914,0.0432790837854129,2.9332852795130546,0.3484940543355611,102.437624,2.946884
952,Healthy,0,0.2281359227167235,0.0150433377259307,0.0182593168897761,0.1160786259505483,0.3215236661078657,0.3528597301113598,0.2474444193727314,0.5436830877030574,0.8762777903136343,319.0,3992.0,0.852006495012758,23,0.3481096722241434,0.2831539147429996,0.6547756041426928,0.1756370077667257,0.0444256143324052,2.924828794394012,0.3401225511348925,102.43631,2.945633
953,Healthy,0,0.1525700092315673,0.0236791821403635,0.0166265424340963,0.0946251493361261,0.643120663745692,0.5607735758436729,0.5374023439436809,0.5977991766070944,0.7312988280281596,294.5,3952.5,0.8613138686131386,24,0.471027487802875,0.2242026401476727,0.6968182255118716,0.1946399566865186,0.0512774700732535,2.776049176595583,0.3667017913593256,102.437357,2.946267
954,Healthy,0,0.1021709889173507,0.0189787596464157,0.0175334522500634,0.0753927909665637,0.7044782940307538,0.6822289896745559,0.6266215116881189,0.7547255390144159,0.6866892441559407,298.0,4102.0,0.8645454545454545,27,0.7449394856703647,0.1747884119136465,0.6868549172346641,0.1911441144114411,0.0379868184541641,2.7839578454332554,0.3696176369273166,102.431884,2.947776
955,Healthy,0,0.1422472405764791,0.024728532673584,0.0218732982046074,0.0788641091850068,0.7311580004976885,0.6962949043725137,0.5923861214656696,0.8685273433734403,0.7038069392671653,290.0,3890.5,0.8612606147590001,24,0.5528507782658699,0.2202733092837864,0.648596321393998,0.1747258053390356,0.042674340292659,2.861855178443685,0.3376770046042915,102.43736,2.94653
956,Healthy,0,0.1288035396072599,0.0147049348387453,0.0149675192725327,0.053257075862752,0.5562926600745624,0.5605634333825396,0.4098694490485439,0.8775438970566631,0.795065275475728,269.5,3803.5,0.8676651117112694,24,0.4642677265717184,0.1906673132131497,0.6778416980757787,0.185756343754381,0.0404083891998277,2.839466495259521,0.3533901313454029,102.437097,2.946192
957,Healthy,0,0.1757742944690916,0.0230954475700855,0.0182938902742332,0.1327196425861782,0.5209232642315935,0.4731788092036905,0.4645341686124524,0.4845629375783974,0.7677329156937739,291.0,4111.0,0.8677873693775556,25,0.3834556664327035,0.2879703036612934,0.6650790626786055,0.1742576917909445,0.0367734282325029,2.8104767510300177,0.3346780971591864,102.437707,2.947022
958,Healthy,0,0.1170091231664021,0.0195086530099312,0.0186058023116654,0.0667392690148618,0.700598096294614,0.6871714800488206,0.5716076999300906,0.8720270320229866,0.7141961500349547,271.5,3986.5,0.8724753405354626,28,0.5313853646024395,0.1823128710190455,0.6995605273671595,0.1927660171036029,0.0376242453808159,2.8740522976945693,0.3903406019102541,102.432791,2.946358
959,Healthy,0,0.0646179359820154,0.0177706011260549,0.0137354572200112,0.0588420170048872,0.8941117993434412,0.8132378984284601,0.8627705624992433,0.7570093815857328,0.5686147187503783,306.0,3960.0,0.8565400843881856,29,0.7021818824072351,0.1310911695990297,0.6913508260447035,0.1873379724382589,0.0436555528903813,2.8730932536562355,0.396252845386097,102.432946,2.946498
960,Healthy,0,0.1314878339568773,0.0244304151791665,0.0249978825449943,0.0639962715407212,0.7998664705233244,0.8072812495234105,0.626749346264148,1.1235741404280273,0.6866253268679261,303.5,3910.0,0.855939242909695,24,0.5844750957168592,0.2061702772561046,0.678960038517092,0.1815409636104899,0.0398377862595419,2.727444604098918,0.373062762222793,102.437315,2.946464
961,Healthy,0,0.1300787520077493,0.019508169653515,0.0187597815982169,0.1003400484720866,0.5792316375346365,0.5697035824075704,0.5216544183639461,0.6300523380140234,0.7391727908180269,415.5,3750.0,0.8005041411595246,24,0.6106739880891263,0.2447327543050051,0.6146552517720704,0.1808267133432072,0.0473517644951334,2.599797286761266,0.2850201762332208,102.436311,2.945361
962,Healthy,0,0.1357557409339481,0.0154690528288483,0.014249565390249,0.074728574603796,0.5125970571333309,0.4948918442300392,0.4091671066349682,0.640587244966131,0.7954164466825158,317.0,4083.0,0.855909090909091,24,0.5555374450758578,0.2022581001122793,0.6624040920716112,0.1743843683083512,0.0355204153882464,2.884939482151065,0.3523125730505927,102.436034,2.945151
963,Healthy,0,0.0875838502413696,0.0244023818522691,0.0160002070996496,0.0729158123334248,0.9327039006696312,0.8044228204490091,0.8716207839501106,0.7197896262863044,0.5641896080249447,296.0,4014.0,0.8626450116009281,29,0.7114190668907646,0.1628796257492569,0.7060326193751228,0.1965270121278941,0.0440743190427514,2.8879913002951687,0.3959190822313688,102.432871,2.946495
964,Healthy,0,0.0992151159379217,0.0171982883993122,0.0200793488572041,0.0769637305703428,0.6533825506976745,0.6985524468321054,0.5909384231902052,0.8276468131741633,0.7045307884048974,294.0,3911.0,0.860166468489893,29,0.6785815332607752,0.1519304073105256,0.6809127828273062,0.1962565372969997,0.0465984346779048,2.8315328010020355,0.3644567858382506,102.432911,2.946696
965,Healthy,0,0.1467038989067077,0.0235590845760371,0.0185200447837511,0.0738825272354814,0.7040322800627534,0.6408016350582586,0.5534751968780033,0.8017112242242076,0.7232624015609983,313.5,4076.0,0.8571591297414284,24,0.5027512113927418,0.2558027899099721,0.6572184429327287,0.1738723062508365,0.0381769754365196,2.9761904761904763,0.3410813542193027,102.435912,2.945083
966,Healthy,0,0.197077171670066,0.02182663925406,0.0252592683666282,0.1028897969259156,0.5081572331783465,0.542694336770652,0.3988352539303266,0.7884339478860914,0.8005823730348367,349.5,3899.0,0.8354713428268801,24,0.4273901435217871,0.3023642955554855,0.6083240431066518,0.1679935231412764,0.0478784577204769,2.694526683367494,0.3104790926019976,102.436115,2.945014
967,Healthy,0,0.1593756485316488,0.0199547553848889,0.01742107152111,0.0852593340807491,0.56103016151045,0.5301332522654344,0.4450947513434712,0.6786522284946868,0.7774526243282645,284.0,3937.0,0.8654347311063729,27,0.4741283454017062,0.2338883013774951,0.6852068488780176,0.1824490709648533,0.0418830955355381,2.803960700030703,0.3546119502232355,102.432681,2.946139
968,Healthy,0,0.1086627195278803,0.0164316270707382,0.0174344460376434,0.0585231495400269,0.6571036876193598,0.6737775868623392,0.5254154969436378,0.9181146878097708,0.7372922515281811,274.0,3756.0,0.8640198511166253,28,0.5410451889845677,0.1655029491004016,0.6793955482948744,0.1939605110336817,0.0492472569533044,2.929989902389768,0.3787656135194709,102.432826,2.946288
969,Healthy,0,0.1058944637576739,0.016670706992348,0.0186549608285228,0.0697510639826456,0.6381530579755849,0.669772339809771,0.5440601727336971,0.8440583486643143,0.7279699136331514,274.0,3756.0,0.8640198511166253,28,0.4671598171509367,0.17325895672871,0.6793955482948744,0.1939605110336817,0.0492472569533044,2.929989902389768,0.3787656135194709,102.432901,2.946292
970,Unhealthy,1,0.0667775641712877,0.0138180163792437,0.0130569829295078,0.0525089837610721,0.7523971503506005,0.7354875428191222,0.6857952401288382,0.7965707569676537,0.657102379935581,291.5,3919.5,0.8615530752790311,28,0.6572696642938489,0.1328469380322429,0.6913508260447035,0.1873379724382589,0.0436555528903813,2.8832551855678297,0.396252845386097,102.433021,2.946493
971,Healthy,0,0.1259367979235119,0.0172672709450125,0.0162944363223181,0.0568171809944841,0.6357361495508913,0.6206060754850093,0.4823122996837632,0.8914827448946823,0.7588438501581185,278.5,3864.5,0.865556360125513,24,0.5446282204774859,0.2033392691777812,0.6778416980757787,0.185756343754381,0.0404083891998277,2.882404951370469,0.3533901313454029,102.43717,2.94619
972,Healthy,0,0.121641531586647,0.0191833876694242,0.0192240290343761,0.058926241679324,0.7009725159111563,0.7015848089293092,0.5448861684640283,0.98395201238918,0.7275569157679858,269.5,3803.5,0.8676651117112694,24,0.493359440486303,0.1735185544110007,0.6778416980757787,0.185756343754381,0.0404083891998277,2.839466495259521,0.3533901313454029,102.437128,2.946121
973,Healthy,0,0.1177690765923923,0.0183677762332889,0.0177117573718229,0.0744467886785666,0.64180519744482,0.6321552476788627,0.5396856428525857,0.7687515973673738,0.7301571785737072,278.5,3864.5,0.865556360125513,24,0.4884659412517469,0.191906843541397,0.6778416980757787,0.185756343754381,0.0404083891998277,2.882404951370469,0.3533901313454029,102.437207,2.946123
974,Healthy,0,0.1183497309684753,0.0244030848973327,0.0161881937334934,0.0894523486495018,0.7607887884567881,0.6536612559530331,0.6837857382868676,0.612953828836047,0.6581071308565661,278.0,4000.5,0.8700479139885474,24,0.5242114449934863,0.1957134076704581,0.6968182255118716,0.1946399566865186,0.0512774700732535,2.8431222790804247,0.3667017913593256,102.437283,2.946265
975,Healthy,0,0.1612855063544379,0.025492764595482,0.0217439234256744,0.1295109515388806,0.5967023555093454,0.5589592451754145,0.5459471161357367,0.5750273749727369,0.7270264419321317,304.0,3757.5,0.8503016127046658,24,0.4008572585937209,0.3191355686220858,0.6978150604760047,0.1978528662858716,0.0400956080071706,2.716083366103028,0.3610317666406993,102.437414,2.94639
976,Healthy,0,0.1950676722659005,0.0245035164472129,0.0214422794265879,0.1240270402696397,0.5325379029342281,0.5034596962842175,0.4463885556356599,0.5896027965584539,0.7768057221821699,279.0,3969.5,0.8686595268918442,26,0.5531781862962067,0.3291213479306963,0.698828125,0.1869541484716157,0.0421758926431823,2.9564207321957863,0.3674563375410686,102.437659,2.946819
977,Healthy,0,0.1559145574768384,0.0292011849168274,0.0309689841750595,0.1070837626854578,0.726848095246971,0.744752921062932,0.6309822068990408,0.8973087426170306,0.6845088965504794,264.0,4067.5,0.8781022740390165,26,0.6379970554107531,0.2689587887790468,0.6947028297268187,0.1834529914529914,0.0432790837854129,2.9645362431800466,0.3484940543355611,102.437704,2.946883
978,Healthy,0,0.0961512054006258,0.0190685195848345,0.0198782800386349,0.0915828173359235,0.6753771616038801,0.687253543868186,0.661988026346731,0.7133710507742489,0.6690059868266346,388.0,3600.0,0.8054162487462387,26,0.6747737730106117,0.2031911659157938,0.6417505809450039,0.1652006597031335,0.0408839779005524,2.545973367152822,0.3248099516240497,102.436227,2.946041
979,Healthy,0,0.1192103988594479,0.018567654925088,0.0149641795497801,0.094655184696118,0.5917956601078216,0.5421533456867869,0.5390598695529554,0.5460414645796506,0.7304700652235223,392.5,3455.0,0.7959714100064977,28,0.5079764793429847,0.196450129772226,0.6117407730310956,0.1769116502794086,0.055643677431635,2.543815931555777,0.3028187225239203,102.434484,2.947118
980,Healthy,0,0.0881986419359843,0.0146108377310964,0.0142602203413844,0.0687424892352687,0.6278735476894742,0.6215105303906628,0.5684626662214204,0.6872170999774445,0.7157686668892896,264.0,3821.0,0.8707466340269278,25,0.5084044531586358,0.1680453986757331,0.6948474237118559,0.1939667324499577,0.0449050086355785,2.771544335359202,0.3659761456371626,102.431798,2.948594
981,Healthy,0,0.1165241416957643,0.0217376804600159,0.0135997739723987,0.0733126426736513,0.7453595845359221,0.6277352972604322,0.628884535762127,0.6259070681596004,0.6855577321189366,277.5,3810.0,0.8642201834862385,20,0.5525085179763227,0.2096306106282605,0.6845332278481012,0.1896912976672719,0.041643735094478,2.618800504114464,0.3457600420057758,102.439459,2.947808
982,Healthy,0,0.1110332757234573,0.0305294911894533,0.0296474920792712,0.0829347090588675,0.9576866800961376,0.9471284634152102,0.8626418331660625,1.0533633835385272,0.5686790834169689,270.0,4038.0,0.8746518105849582,25,0.5395991397035825,0.2277414012286398,0.6944179843779767,0.1817698644698379,0.0340658063015928,2.8904571954587297,0.3730886850152905,102.438015,2.947023
983,Healthy,0,0.0910976438058747,0.0193167557525965,0.0138775283056828,0.0933176295624838,0.6928262178535464,0.610162245644381,0.6997911804924354,0.5178416108216383,0.6501044097537823,250.5,3762.0,0.8751401869158878,24,0.4897521422271595,0.1897566490289237,0.7022708158116064,0.1963942662923008,0.0457246189615086,2.776108783303028,0.3797063253012048,102.43164,2.948596
984,Healthy,0,0.093051283309857,0.0170664368197321,0.0174311264935466,0.0734343570139673,0.6805528156929769,0.6865760459380039,0.6199342594324663,0.767337643324384,0.690032870283767,321.0,3584.0,0.835595390524968,21,0.6109184607453997,0.169854796388083,0.6573984055998444,0.173296627666896,0.038878732480195,2.647679324894515,0.3341230222523056,102.439305,2.947538
985,Healthy,0,0.0857940332757102,0.0217365989875462,0.0152886360883712,0.1278507937159803,0.6763150577359749,0.5908202163516658,0.8085732792616964,0.4272375853185471,0.5957133603691517,241.0,3738.0,0.8788640361899975,23,0.5386869454536451,0.228233630872435,0.7064832186783406,0.206484893146647,0.0457332652018395,2.799839871897518,0.3925619834710744,102.431836,2.948799
986,Healthy,0,0.2244287762376997,0.0279862396419048,0.0287603201965491,0.1112958821985456,0.5715893622262107,0.5783513001326456,0.4434956382349855,0.8213936892396104,0.7782521808825072,279.5,3984.5,0.8689024390243902,24,0.521639823396559,0.3382093558708827,0.703210061948564,0.1906824146981627,0.0431133593929639,2.983091787439613,0.3734656129140743,102.437632,2.94606
987,Healthy,0,0.0865596085786819,0.0149071956467297,0.0138432108279731,0.0733093921509054,0.6287190665556408,0.6097019792573894,0.587667888450016,0.6353550142995964,0.706166055774992,257.5,3798.0,0.8730119590679324,24,0.4596467237347217,0.1724584526899787,0.6948474237118559,0.1939667324499577,0.0449050086355785,2.8642504651727205,0.3659761456371626,102.431718,2.948593
988,Healthy,0,0.1919357677300771,0.0306197307589981,0.0247428793874051,0.0904950731330447,0.7127698971217344,0.6555794374455426,0.5503298002857685,0.8588448109754223,0.7248350998571158,302.0,3961.0,0.8583157400891391,25,0.6345148290296574,0.2463983467055691,0.6746729154462019,0.1783456993679582,0.0448343079922027,2.850576503583671,0.3638108532542313,102.438134,2.947097
989,Healthy,0,0.1852084646622339,0.0261771500938468,0.0204681476785077,0.0891000562243991,0.641080610465692,0.5813334512391641,0.4953440209080035,0.7472294680177628,0.7523279895459982,275.0,3921.0,0.8689227836034319,25,0.5686113910509626,0.2938646612068017,0.6971830985915493,0.1911037891268533,0.0429138117562207,3.0087473180392803,0.3704360155973059,102.437863,2.946481
990,Healthy,0,0.1138611973987685,0.0241011689520544,0.0197079179601536,0.0603954556087652,0.8667186290214554,0.8035941258508883,0.6987751686070045,0.9841242425675084,0.6506124156964977,262.0,3902.0,0.8741594620557157,25,0.6933013483476973,0.1856122815774546,0.6984515077424613,0.2004608294930875,0.0518611987381703,2.8957836117740654,0.3890086206896552,102.431479,2.948317
991,Healthy,0,0.11285067598025,0.016825690658556,0.0121219387898842,0.0876342008511225,0.5749025218600866,0.5046822687476737,0.5190056166647984,0.4860628662459285,0.7404971916676009,257.0,3812.0,0.8736790366183338,23,0.5006628837754159,0.2012853918390142,0.7064832186783406,0.206484893146647,0.0457332652018395,2.7751756440281032,0.3925619834710744,102.431836,2.948665
992,Healthy,0,0.1249296963214874,0.0331302978512313,0.029997198532025,0.0914397918515735,0.9377713057842098,0.9034444000670272,0.8384233600572817,0.9880745047211408,0.580788319971359,285.0,3982.0,0.8664166861963909,25,0.604360328830952,0.2374196793470117,0.6944179843779767,0.1817698644698379,0.0340658063015928,2.7813722539873607,0.3730886850152905,102.438092,2.947029
993,Healthy,0,0.0882976874709129,0.0142776421788665,0.0153937963768839,0.0719805268777741,0.6048775149186424,0.6248274340501783,0.5567670989745517,0.7047286114946014,0.7216164505127242,346.5,3816.0,0.8335135135135135,28,0.4565521751494764,0.1552855128215418,0.6540498892420302,0.1846588949437814,0.0464294418718011,2.8129560564293823,0.3293609671848014,102.434671,2.947594
994,Healthy,0,0.1059415721231036,0.0149267254811194,0.0115787832894259,0.0835256489614645,0.5444712654513032,0.4909047320618057,0.4939831461843267,0.4869923731369521,0.7530084269078366,274.5,4010.5,0.8718786464410735,24,0.4588013418451456,0.1811805418175128,0.6680835335427833,0.1727408562333528,0.0460076486267238,2.722238414456427,0.3466600855544587,102.431879,2.948595
995,Healthy,0,0.1639676284458902,0.0246061598882079,0.0223853134860595,0.125675564010938,0.580923939552638,0.5583676090904446,0.521942314583253,0.6047597140983701,0.7390288427083733,297.0,3787.0,0.8545543584720862,25,0.4785436894840426,0.2880529724061489,0.6797027766914353,0.1840110268780151,0.0434888241010689,2.8819157720891826,0.3440537197384697,102.438174,2.946892
996,Healthy,0,0.0895878540145026,0.0270227071725659,0.0197347596080766,0.0591275497443146,1.0661904967738776,0.9568072879188352,0.9269385859215836,1.0009729499496691,0.5365307070392081,342.5,3644.0,0.8281700739997492,28,0.4618802656078285,0.1809685820092757,0.6432165964876245,0.1829944547134935,0.0377480866519652,2.5924617196702004,0.3083552571895128,102.43456,2.94725
997,Healthy,0,0.0728203016850683,0.0183319603610369,0.0186910539244612,0.0736414314144187,0.8008472861546626,0.8071082705924747,0.8044544347901983,0.8097281842186334,0.5977727826049009,357.5,3659.5,0.8220064724919094,28,0.6990213572801715,0.1494093924346897,0.6359166011014948,0.1806373766768401,0.0438002008032128,2.6390664961636827,0.3200348432055749,102.434829,2.947597
998,Healthy,0,0.1212784896294276,0.0162955081711212,0.0146368329102794,0.1024613769518004,0.5085772883944336,0.4858377184585062,0.4737961658930928,0.4999848563874342,0.7631019170534536,361.0,3517.0,0.813821557503868,28,0.4662091129545276,0.2105122523175345,0.6273291925465838,0.1757382744643891,0.0455715756951596,2.650764320510667,0.3010368251698248,102.434558,2.947117
999,Healthy,0,0.1176252646578682,0.0157184734319647,0.0151690906948513,0.1043726156155268,0.4961740613005047,0.4885621503455772,0.4715174077803415,0.5075748427236356,0.7642412961098292,351.5,3486.5,0.8168316831683168,28,0.4696793198747822,0.2139024500631623,0.6273291925465838,0.1757382744643891,0.0455715756951596,2.647580440841145,0.3010368251698248,102.434637,2.947118
1000,Healthy,0,0.2092867253555191,0.027099592404233,0.0306436936888429,0.1266564089390966,0.5556862934845653,0.5866931964400692,0.4585644831064256,0.7792415434419429,0.770717758446787,275.0,4077.0,0.8736213235294118,25,0.567370578942584,0.3168790154159069,0.6954334365325078,0.1853354978354978,0.039753174320636,2.8952177886079804,0.365178262374524,102.437979,2.94696
1001,Healthy,0,0.2311454365650812,0.0296007740414804,0.0310296097563372,0.1396513291531139,0.5507142347570914,0.5621378614288368,0.4540932575414463,0.7271956658921098,0.7729533712292768,280.5,3977.0,0.8682325308279507,24,0.4429613949496174,0.393797780904505,0.7043259945925068,0.1941813261163734,0.0437610881135422,2.8802399875331157,0.3739130434782609,102.437514436,2.946128741
1002,Healthy,0,0.1125132068991661,0.0163352142812477,0.0169837155068914,0.0722212729354699,0.6010982696456264,0.6112067652742456,0.5071141464240405,0.7615590026275366,0.7464429267879799,322.0,3908.5,0.847772130953788,28,0.4451816953737008,0.1791948835468954,0.6688989560764231,0.1911992127091241,0.0428307692307692,2.8271322717956804,0.337706080482184,102.434681,2.947462
1003,Healthy,0,0.1135678986708323,0.0266303521477513,0.0287925120857026,0.1301671672198507,0.717326098780648,0.7410515804873491,0.759791281054168,0.724523658112255,0.6201043594729159,385.0,3826.0,0.8171455711232486,27,0.5025120750876642,0.2613516656888855,0.5987308697275102,0.1705383984695272,0.0460373671999023,2.7754476528472334,0.2707127501240284,102.436491,2.946801
1004,Healthy,0,0.1183002889156341,0.0206887838948104,0.0195351204731398,0.0784488295515378,0.6950513349016207,0.6789617465602681,0.5954074943150701,0.7974824639431177,0.7022962528424649,267.0,3647.5,0.8635841103589219,24,0.4839335234330533,0.2007561859985192,0.7022708158116064,0.1963942662923008,0.0457246189615086,2.806092803187516,0.3797063253012048,102.431556,2.948457
1005,Healthy,0,0.0904819427265061,0.0152928188650144,0.0167479802750878,0.0634571313858032,0.6630144531787554,0.6891240128251189,0.5783163633711412,0.8352575005891711,0.7108418183144295,371.0,3683.0,0.8169708929452393,26,0.46070927695356,0.1800306369033125,0.6149328023892484,0.1568963058051633,0.0403386134804078,2.6666666666666665,0.2816290393979637,102.436182,2.94625
1006,Healthy,0,0.0847276051839192,0.0249263019197516,0.0280683992637528,0.0715835851927598,0.9672426534259072,1.0127703675893214,0.9092718199702768,1.126656911724689,0.5453640900148616,295.0,3850.0,0.8576598311218335,27,0.8530967497093436,0.1884804728130499,0.6777833753148614,0.1816633550950894,0.0416614537720505,2.798331234256927,0.3472222222222222,102.431397,2.948179
1007,Healthy,0,0.1203824579715728,0.0151779990022381,0.0150432257602612,0.0848733749654558,0.5153560902807579,0.513361684704962,0.4478591866998606,0.6022312869332556,0.7760704066500697,288.0,3738.0,0.856929955290611,25,0.4257915408681213,0.2205020615624057,0.6970321516900247,0.1859426760766239,0.0391216557294295,2.791713869558181,0.3639356254572055,102.432034,2.948866
1008,Healthy,0,0.0980579704046249,0.0153508980034126,0.0168857926295863,0.1118034977051946,0.5104984939336118,0.5326218224938098,0.5414355409378074,0.5248546350876121,0.7292822295310962,388.0,3600.0,0.8054162487462387,26,0.4938468449650453,0.2205780932886732,0.6417505809450039,0.1652006597031335,0.0408839779005524,2.545973367152822,0.3248099516240497,102.436186,2.946113
1009,Healthy,0,0.0781281495259867,0.0206132516678836,0.0207162425956792,0.122124849508206,0.6828985968772774,0.6843127363972246,0.835039868531387,0.5801199722167548,0.5824800657343064,245.0,3752.0,0.8774080560420315,23,0.6448325632981247,0.2237451223449574,0.7141656158049601,0.2086544161232958,0.0429667519181585,2.7740863787375414,0.4158359977430882,102.431794,2.948867
1010,Unhealthy,1,0.0988841367264588,0.0208810778955618,0.0138005984740124,0.1160926649139987,0.6506555329025652,0.5556659104231282,0.6974004250386908,0.4249827316382958,0.6512997874806545,251.0,3738.0,0.8741539232890448,23,0.5480647697611228,0.2220225650817155,0.69912226985099,0.1886334428102241,0.0444165621079046,2.7784860557768924,0.3648131267092069,102.431874,2.94873
1011,Healthy,0,0.1394592374563217,0.029900003845493,0.0312233498940865,0.1045524958107206,0.7873297786637864,0.8012628680523135,0.7061912563060737,0.919849910917728,0.6469043718469631,274.0,3879.0,0.8680471947989405,25,0.5413468551696788,0.2843620702624321,0.6954334365325078,0.1853354978354978,0.039753174320636,2.905852007093342,0.365178262374524,102.438056,2.946962
1012,Healthy,0,0.0830696336925029,0.0231754797407322,0.0214304846401015,0.0719083779388004,0.920899942522479,0.8939788708913413,0.8725287777228747,0.9183949342423462,0.5637356111385627,264.0,3637.0,0.8646500897205844,24,0.6752306268921204,0.1680608083390527,0.69912226985099,0.1886334428102241,0.0444165621079046,2.8019604585479314,0.3648131267092069,102.431992,2.948796
1013,Healthy,0,0.0985367919007937,0.0156481177028682,0.0151478773396876,0.0866249923904736,0.5783335807939967,0.570407699830104,0.5481676259037426,0.5953601339866083,0.7259161870481288,262.5,3908.5,0.8741309038599856,24,0.5172778460097596,0.1867636640866597,0.6948474237118559,0.1939667324499577,0.0449050086355785,2.8018135710443404,0.3659761456371626,102.431676,2.948528
1014,Healthy,0,0.1052509248256683,0.0301525042288833,0.0299044760564963,0.0922874034278922,0.9355294455451778,0.9325787899790252,0.8907456610049485,0.9789349728536408,0.5546271694975258,299.0,4016.0,0.8614136732329084,21,0.4817885079646339,0.2266944737897979,0.6675513614469675,0.1889543033361368,0.0583317736602408,2.766860205448861,0.3119217081850534,102.439381,2.947672
1015,Healthy,0,0.1290330232845412,0.0310409238768948,0.0293032344844606,0.1130988904171519,0.8162924314372201,0.7980024066006409,0.775664608197354,0.8231122816378362,0.6121676959013229,310.0,3546.5,0.8392324646700376,20,0.577469077731752,0.2755730615721808,0.6678423863750882,0.1952910587895421,0.0422570690849549,2.634513634513634,0.3315145648156297,102.439696,2.947808
1016,Healthy,0,0.1100226499968105,0.018446657496194,0.0215523582365777,0.0817504202326138,0.6453649049745642,0.6903163608631607,0.574352204621278,0.8345315994769829,0.7128238976893609,253.0,3696.0,0.871866295264624,24,0.5196995665524202,0.232441213602821,0.7169179229480737,0.2064145946741209,0.0441869349293263,2.8489863467107983,0.3990997749437359,102.431951,2.948864
1017,Healthy,0,0.1333301489551862,0.0169748038881354,0.0224758623581793,0.1083490186267429,0.4926859720237958,0.5613159686270376,0.4517430348640605,0.6872045191700097,0.7741284825679697,415.0,3975.0,0.8109339407744874,27,0.341816397230747,0.2442117058154609,0.6391237509607994,0.1649822452881726,0.0350685596408202,2.5081020149358886,0.3027188328912467,102.436375,2.946596
1018,Healthy,0,0.1402800861332151,0.0264250467427902,0.0299986774722735,0.1002981281942791,0.7204498281637911,0.7599105176477311,0.6340547837227077,0.9209336274611132,0.6829726081386461,301.5,3817.0,0.8535874711666869,28,0.6297102110562368,0.2211011172168784,0.6688989560764231,0.1911992127091241,0.0428307692307692,2.8151024983984625,0.337706080482184,102.434596,2.947462
1019,Healthy,0,0.1493236314919259,0.0252151847299602,0.0243467834467689,0.1345535359448856,0.6034009275178074,0.5945549023276253,0.5778699609811693,0.6128819259767354,0.7110650195094153,290.0,3755.0,0.8566131025957973,25,0.552344925189336,0.2972995026244058,0.6954334365325078,0.1853354978354978,0.039753174320636,2.903469079939668,0.365178262374524,102.438098,2.946887
1020,Healthy,0,0.0847223699092865,0.0152641984944542,0.0112297643596927,0.0384480686237414,0.7944991095147577,0.7080899027046054,0.6106499598153279,0.9042072639068176,0.694675020092336,290.5,3853.5,0.8597972972972973,26,0.5918777839636937,0.1322554923180077,0.6825768667642752,0.1837659662134322,0.0430836258017669,2.839043824701195,0.3596619815469518,102.431716,2.948321
1021,Healthy,0,0.1381315348876847,0.0207807230245735,0.0191176005949576,0.0857701930734846,0.6262480090369424,0.6049782534985684,0.5230741365728342,0.7290686523692052,0.7384629317135829,351.5,3486.5,0.8168316831683168,28,0.4707296655059561,0.2304828729894426,0.6273291925465838,0.1757382744643891,0.0455715756951596,2.647580440841145,0.3010368251698248,102.434679,2.947186
1022,Healthy,0,0.1520001962780952,0.0143821627522508,0.0111972432997491,0.0876940646105342,0.4285849209140824,0.3857059216921792,0.3457617222419037,0.4529111217704805,0.8271191388790482,278.5,3873.0,0.8658316271227268,22,0.3279925283859601,0.2299895743942923,0.6786542923433875,0.1971044467425025,0.0412568961381626,2.73658165207461,0.3419631375910844,102.43913,2.948076
1023,Healthy,0,0.1244695335626602,0.0228082447623213,0.0238982213454114,0.1354470145371225,0.5972053284884551,0.6093015063262386,0.6194619452227988,0.5999105329519533,0.6902690273886005,262.5,3647.5,0.8657289002557544,24,0.5060435510690069,0.2577692421360148,0.6966084275436794,0.1978811407009651,0.0462006464287977,2.7759553878956864,0.3675816023738872,102.432066,2.94921
1024,Healthy,0,0.1359406453039911,0.015407187036342,0.0127246902427739,0.0865042491091622,0.4866850363568383,0.4490739838194479,0.4071994107374102,0.5129427090878453,0.7964002946312949,278.5,3873.0,0.8658316271227268,22,0.3414848732883412,0.2069638902321458,0.6786542923433875,0.1971044467425025,0.0412568961381626,2.73658165207461,0.3419631375910844,102.439184,2.948005
1025,Healthy,0,0.1342926000555356,0.0167249995801183,0.0176978857359952,0.1112506157822079,0.4795815433788062,0.4918150472395399,0.4429947137411573,0.5489908150191839,0.7785026431294213,312.5,4133.5,0.8594242015294646,22,0.432158512667895,0.2335342510292928,0.6966450521567522,0.1908970976253298,0.0368115775569976,2.660307735152823,0.374642827985958,102.438991,2.947518
1026,Healthy,0,0.1591762801011403,0.0244613087011708,0.019594540198644,0.086373204158412,0.6645467210814208,0.6084949944698882,0.5328170307769354,0.739641683137866,0.7335914846115322,334.0,4022.0,0.8466483011937558,29,0.5368782973650987,0.2509747182743416,0.667430316914853,0.1812280227211252,0.0461133069828722,2.692363848737042,0.3390148287029146,102.434985,2.948142
1027,Healthy,0,0.1173308309581544,0.0125497858971357,0.0109545043669641,0.1349295477072397,0.3619783137785273,0.3409325836459385,0.3865021956622942,0.3003619439194656,0.806748902168853,299.0,3841.5,0.8555729984301413,22,0.3390667590641921,0.2379830718661348,0.6567120336825615,0.1875350926445817,0.0492372566042415,2.705024434941967,0.3022689733113101,102.439133,2.947667
1028,Healthy,0,0.0836426574322912,0.0193812663977344,0.0167429133628805,0.0782855542169676,0.7725823710050449,0.729588357978574,0.7524957573819709,0.704753587605196,0.6237521213090146,462.0,3768.0,0.7815602836879433,26,0.415955684254179,0.1789344667146603,0.6143167437907262,0.1743610882110469,0.0443548387096774,2.371762680249659,0.2865145054761308,102.436608,2.946595
1029,Healthy,0,0.1014646291732788,0.0178307817421025,0.0151188182127144,0.0802624333235952,0.6561808525770599,0.6139391134279744,0.5978698293683818,0.6340373173635278,0.7010650853158092,412.0,3613.0,0.79527950310559,28,0.506421841232696,0.1786141604599025,0.6117407730310956,0.1769116502794086,0.055643677431635,2.522657419812436,0.3028187225239203,102.434438,2.947185
1030,Healthy,0,0.0880530729062027,0.0230443752888176,0.0133565661186973,0.0443955953750345,1.0325846732234154,0.8623281149329124,0.8296995354336325,0.9250954958731352,0.5851502322831837,308.5,3796.0,0.8496771835789987,26,0.7036446205566381,0.1482058314399587,0.6783712009442313,0.1839311732463748,0.0478354313785692,2.681248558468517,0.3467912552891396,102.431679,2.94825
1031,Healthy,0,0.0978999038537343,0.0208491472941305,0.0190003875436054,0.0976045586996608,0.7031671147626505,0.6772697346034128,0.7022926783025629,0.6517866747767623,0.6488536608487186,421.5,3804.0,0.8004969826056088,26,0.392468091330879,0.215613836215602,0.6143167437907262,0.1743610882110469,0.0443548387096774,2.513748513674197,0.2865145054761308,102.436533,2.946594
1032,Healthy,0,0.0940718323820167,0.0205006505259209,0.0216856763387719,0.1176847207049528,0.6488629394570571,0.6645010385441468,0.7157268483879775,0.6223897412581367,0.6421365758060112,242.0,3757.0,0.8789697424356089,23,0.6175399298537358,0.2360587153169844,0.7169179229480737,0.2064145946741209,0.0441869349293263,2.82556270096463,0.3990997749437359,102.431875,2.94887
1033,Healthy,0,0.1113266232940885,0.0209310351767473,0.0238763909373018,0.0566857167416148,0.7978499194039754,0.8421666262431654,0.6330381293227814,1.1854898847712416,0.6834809353386093,306.0,3643.0,0.8450240567232211,29,0.6879853858635372,0.1866770512941811,0.66795904165424,0.1776514353899066,0.0444472111553784,2.83276740237691,0.3473053892215569,102.435069,2.94787
1034,Healthy,0,0.0836028729875882,0.0149704580091767,0.0192197636804646,0.1115003824234008,0.5321784755088227,0.5964447331336197,0.6074851223062765,0.588119406329099,0.6962574388468616,379.0,3613.0,0.8101202404809619,26,0.544856464751261,0.2056336520860593,0.6512399921890256,0.1765688047864199,0.0471826625386996,2.587821077058494,0.3290322580645161,102.436146,2.946042
1035,Healthy,0,0.1051037477122412,0.0231482376241021,0.018048916115529,0.0573461809092097,0.8871333712098346,0.8091872127406249,0.7219611474518823,0.9575644479697016,0.6390194262740587,319.0,3818.0,0.8457819676093787,29,0.7803619497312289,0.1830765919552909,0.6457917830075788,0.1798684586788676,0.0476069569633109,2.7876035691523264,0.320628198341274,102.435108,2.947944
1036,Healthy,0,0.1354395788576868,0.014685077075329,0.0192920473507708,0.081949942641788,0.4760932526479789,0.5406783274843848,0.3912768887711914,0.7622152568193791,0.8043615556144043,241.0,3617.0,0.8750648004147227,23,0.5224059209148644,0.211314173001382,0.7063910567390845,0.1988737403675163,0.045219638242894,2.777229351760448,0.3864239666287448,102.431874,2.949007
1037,Healthy,0,0.1357842476831542,0.0244263193259636,0.0260585192590951,0.1159137429462538,0.6501751637485065,0.6682687923241112,0.609855386744208,0.7341862094555912,0.6950723066278961,284.0,3697.5,0.8573401984176818,20,0.6061876060776278,0.2591956419249376,0.6829737668388535,0.1858407079646017,0.0374625374625374,2.7662074554294978,0.3468013468013468,102.439693,2.948222
1038,Healthy,0,0.1014500156872802,0.0197152663022279,0.015468377723462,0.129133242699835,0.5841262027343885,0.5295413944516019,0.6508552938104853,0.4278894711741381,0.6745723530947573,241.0,3738.0,0.8788640361899975,23,0.569991599939885,0.220494287709395,0.7064832186783406,0.206484893146647,0.0457332652018395,2.799839871897518,0.3925619834710744,102.431795,2.948728
1039,Healthy,0,0.0711014448768562,0.0240902519888348,0.0206628594961431,0.0615260739707284,1.065893055514128,1.0091995140861192,1.012283750874806,1.0056273332453851,0.493858124562597,262.0,3818.0,0.8715686274509804,27,0.8102345188561942,0.1610795669257641,0.6949085123309467,0.1867427934828018,0.0430844553243574,2.8714470284237725,0.3567749955602912,102.431556,2.948181
1040,Healthy,0,0.1459098781148592,0.0229451119278868,0.0177840955762399,0.0905413437220785,0.6501379738023813,0.5877645489034193,0.543545960284104,0.656691380766585,0.7282270198579479,316.0,3857.0,0.8485502036903906,29,0.4755554007422091,0.2303815173606077,0.6659478533620858,0.1837303245577378,0.0379870526444363,2.8291786513263024,0.3338078291814946,102.435015,2.94808
1041,Healthy,0,0.1565699858797921,0.0185080901202228,0.0245163649734523,0.1216882814963658,0.4696375557268116,0.5356584974495777,0.4228534044484524,0.6707410623509387,0.7885732977757737,255.0,3645.0,0.8692307692307693,20,0.4831253512722451,0.2726243208679888,0.684476762567183,0.1883131365697717,0.042933576928096,2.785767113156381,0.3338323353293413,102.439928,2.948225
1042,Healthy,0,0.1023350242111418,0.0226296917017963,0.0179697116836905,0.0926269566019376,0.7536279473089676,0.6894067722282288,0.7243545999836377,0.6499187348856382,0.6378227000081812,277.0,4209.0,0.8765046812304949,22,0.6552015034321959,0.1910112272534106,0.7017223130953526,0.1905755637832379,0.0403529411764705,2.6670284202672456,0.357763440860215,102.43883,2.947518
1043,Healthy,0,0.1075931017597516,0.0209885598677727,0.018371351994574,0.0752536890407403,0.7468444016557009,0.7085278957056264,0.6529254514869288,0.7848905289192679,0.6735372742565356,338.5,3866.0,0.8389820430491141,28,0.4325832591687517,0.1886810983220736,0.6688989560764231,0.1911992127091241,0.0428307692307692,2.760820223839712,0.337706080482184,102.434632,2.947528
1044,Healthy,0,0.1052622546752293,0.016923487600353,0.0151250276507602,0.08404326149159,0.6067057552131215,0.5791358765109325,0.5540249552908761,0.6100751674378135,0.7229875223545619,257.0,3812.0,0.8736790366183338,23,0.5104031207126558,0.1830722468180789,0.7064832186783406,0.206484893146647,0.0457332652018395,2.7751756440281032,0.3925619834710744,102.431758,2.948664
1045,Healthy,0,0.0820391409926944,0.014845587623616,0.0140771686823831,0.0611965254777007,0.6867915923825136,0.6720032825478439,0.612917549984932,0.7480524950692777,0.693541225007534,284.0,4080.0,0.8698441796516957,25,0.7179798345204185,0.1346065480675962,0.6948474237118559,0.1939667324499577,0.0449050086355785,2.8735806207418624,0.3659761456371626,102.43176,2.948523
1046,Healthy,0,0.1130425838960541,0.0163051784038543,0.0131501011136505,0.0802563147412406,0.5774062995953251,0.5289288804636529,0.5042276144228541,0.5631348122415688,0.7478861927885728,392.5,3455.0,0.7959714100064977,28,0.4475709991842684,0.1913425729920466,0.6117407730310956,0.1769116502794086,0.055643677431635,2.543815931555777,0.3028187225239203,102.434519,2.947187
1047,Healthy,0,0.1065973978903558,0.0166244133272104,0.0153423983396755,0.0810911820994483,0.6019592093422428,0.5821266015968936,0.5396581388617168,0.6363923550203878,0.7301709305691415,259.0,3637.5,0.8670601822148082,24,0.5160875991604699,0.1887266062613991,0.7022708158116064,0.1963942662923008,0.0457246189615086,2.855874894336433,0.3797063253012048,102.431596,2.948524
1048,Healthy,0,0.0909265904790825,0.0228216358357005,0.0170305047391189,0.0928275225063165,0.7958812911435345,0.7128984979677592,0.8025315760984151,0.6200914094723659,0.5987342119507925,251.0,3738.0,0.8741539232890448,23,0.620549156909538,0.2067141309380531,0.69912226985099,0.1886334428102241,0.0444165621079046,2.7784860557768924,0.3648131267092069,102.431912,2.948797
1049,Unhealthy,1,0.1146472833222813,0.0195346573988596,0.0197832294636302,0.094121243390772,0.6305625413707618,0.6339385748025638,0.5823334285932514,0.694730556855937,0.7088332857033743,405.0,3757.0,0.8053820278712157,27,0.5155860794071885,0.2262902216364939,0.5987308697275102,0.1705383984695272,0.0460373671999023,2.691937038226791,0.2707127501240284,102.436457,2.94673
1050,Healthy,0,0.1313011538651254,0.0113951956025428,0.0134801787013808,0.0705550486842791,0.4057998979498006,0.438851520359961,0.3194250068779706,0.6416441828385466,0.8402874965610148,361.0,3892.0,0.8302374794262873,29,0.411002917339107,0.1981568773173623,0.6867704280155642,0.1897900370522849,0.0443266682727053,2.6758108517732646,0.3601532567049808,102.434865,2.947939
1051,Healthy,0,0.0905929861797226,0.0160342590469453,0.0176988082627455,0.090044121361441,0.6030591433234883,0.6294358314193697,0.6015070168176893,0.657075441496902,0.6992464915911554,249.0,3618.0,0.8712179984484096,23,0.5092213127047897,0.1897757661839326,0.7064832186783406,0.206484893146647,0.0457332652018395,2.7077640250763544,0.3925619834710744,102.431717,2.948733
1052,Healthy,0,0.0773813885947068,0.0229131618721617,0.0246684278051058,0.0717203691601753,0.9403739757118612,0.967679069905638,0.9138347703041304,1.0237051849082122,0.5430826148479347,264.0,3679.0,0.8660918082678164,27,0.830072468003626,0.18001630053752,0.6777833753148614,0.1816633550950894,0.0416614537720505,2.8467822607535846,0.3472222222222222,102.431432,2.948247
1053,Healthy,0,0.2029096500741111,0.0279475150422917,0.025157182994816,0.1358649515443378,0.5664994273148577,0.5420515764296222,0.4842390753295442,0.6249372626146334,0.7578804623352279,285.0,4067.5,0.8690407811602527,24,0.528418320695447,0.3261912914199962,0.7030700503754396,0.1976472160951808,0.040655128354048,2.885422229002975,0.3849761326522067,102.437707,2.946336
1054,Healthy,0,0.0900952025420135,0.0228399857878685,0.0224088535954554,0.0915288196669684,0.8038569110052822,0.7977832000838743,0.8089590543260349,0.786705677018446,0.5955204728369825,374.0,3853.0,0.8230423468180743,27,0.5526248955122037,0.2091363018585576,0.618645693458661,0.1716189947236878,0.0417283950617283,2.7410967538607,0.2867771389922218,102.436532,2.946729
1055,Healthy,0,0.1054573721355862,0.0192335887501637,0.0231667421758174,0.097179252654314,0.6381845020266037,0.6921458977827654,0.6170002577103174,0.7700045924591774,0.6914998711448412,238.0,3745.0,0.8804920913884007,23,0.6398436355293748,0.2314106149391995,0.7141656158049601,0.2086544161232958,0.0429667519181585,2.8661327231121283,0.4158359977430882,102.431834,2.94893
1056,Healthy,0,0.2043316554692056,0.0179794594231579,0.0214832815238171,0.0683840960264206,0.4659782262857062,0.5056433021788755,0.3235008637667627,0.9562215838247872,0.8382495681166187,326.5,3683.0,0.8371368000997631,26,0.4232474178909977,0.2678903655873405,0.648439851509983,0.1698113207547169,0.0384275060042978,2.869539198084979,0.3091419055131913,102.436381,2.94632
1057,Healthy,0,0.0915189128783014,0.0169637906882498,0.0195484850555658,0.0967027536696857,0.6108970738092674,0.6498755883774199,0.6254929175080145,0.6726288775904312,0.6872535412459928,379.0,3613.0,0.8101202404809619,26,0.5229499345134068,0.2060792410953177,0.6512399921890256,0.1765688047864199,0.0471826625386996,2.587821077058494,0.3290322580645161,102.436072,2.946043
1058,Healthy,0,0.1942925030986468,0.0300372592690918,0.0246947277337312,0.1968475704391797,0.5325582957039089,0.4910106898060115,0.5355911574470875,0.4458693068979051,0.7322044212764561,296.5,3935.5,0.8598771266540642,24,0.4967626778280316,0.3300783716970021,0.7047609737022191,0.1965964454813696,0.0452556494635257,2.8570306979665543,0.3732133403917416,102.437787,2.94634
1059,Healthy,0,0.1414740888608826,0.0280288437174426,0.0211261007934808,0.115991223603487,0.7151971300720951,0.6412484940926031,0.6614361956125052,0.6162926788833397,0.6692819021937474,312.0,3872.0,0.8508604206500956,22,0.5854303092165153,0.2733866802106302,0.6776627648253846,0.1809329247531494,0.0391898370086289,2.675685832393837,0.3317857449918321,102.439229,2.947255
1060,Healthy,0,0.0742732480996185,0.0158583018928766,0.018849577444295,0.0961758068038357,0.6275369217778309,0.6767088710043444,0.7037847188558085,0.6554927877009489,0.6481076405720958,249.0,3618.0,0.8712179984484096,23,0.5216788803213709,0.1921730436798598,0.7064832186783406,0.206484893146647,0.0457332652018395,2.7077640250763544,0.3925619834710744,102.431736,2.948799
1061,Healthy,0,0.1874069290028678,0.0226533386028475,0.0243001625769668,0.1184549811813566,0.516067539439555,0.5323293673401038,0.4313683660608866,0.6808907038223614,0.7843158169695568,291.0,4110.0,0.8677573278800272,24,0.4730155036053152,0.3033441073364682,0.7052671975438933,0.1960969044414535,0.0411809501493761,2.851489584111103,0.3847987062728742,102.437711,2.946205
1062,Healthy,0,0.1112943788369496,0.0226496252127819,0.0161148364552193,0.038183686013023,0.9302777453623376,0.8237131616335351,0.6763908656746566,1.1871289105256535,0.6618045671626718,271.0,3905.0,0.8702107279693486,26,0.4961075179894442,0.1687887811826335,0.6984515077424613,0.2004608294930875,0.0518611987381703,2.8395061728395063,0.3890086206896552,102.431635,2.948321
1063,Unhealthy,1,0.1127606961462232,0.0249204863276746,0.0244889789157443,0.0647946356071366,0.8767244091314327,0.8707864108832731,0.7240055868171857,1.0971320570570522,0.6379972065914071,261.5,3780.5,0.8706086095992083,20,0.7134997550682869,0.1923103485670354,0.6877645635960492,0.1899381794926455,0.0427797496730805,2.760649564603436,0.3453018935334048,102.439419,2.947605
1064,Healthy,0,0.0961990977327029,0.0226958033939202,0.0187564261464609,0.0684435876707236,0.8644608709230149,0.8045269734419827,0.7635585102089169,0.860386384148236,0.6182207448955416,310.5,3706.0,0.8453877754263662,28,0.4559340318498573,0.1922550304896302,0.6432165964876245,0.1829944547134935,0.0377480866519652,2.7661914460285133,0.3083552571895128,102.434597,2.947322
1065,Healthy,0,0.1169524060355292,0.0278568625864055,0.0237306540624962,0.0715214043027824,0.9126383139285712,0.8595722984010578,0.7694773366788744,0.9965413648697184,0.6152613316605628,277.5,3810.0,0.8642201834862385,20,0.4292660230361508,0.2185773975733254,0.6845332278481012,0.1896912976672719,0.041643735094478,2.618800504114464,0.3457600420057758,102.439415,2.947747
1066,Healthy,0,0.070632302098804,0.0238228177444802,0.0166455786675214,0.0535688625855578,1.1090258402462123,0.9830206904679804,1.008852364340058,0.9482709465720583,0.495573817829971,278.0,3899.0,0.866890112520948,27,0.7975790184084953,0.1527064277066124,0.6949085123309467,0.1867427934828018,0.0430844553243574,2.7913968547641077,0.3567749955602912,102.431637,2.948182
1067,Healthy,0,0.1347694339023696,0.0154572064056992,0.0202802552117241,0.0673503370748625,0.5306416819849703,0.6009901187797863,0.4115703146659263,0.9257157658092584,0.7942148426670369,360.0,3625.5,0.8193451260820475,26,0.4226712744979788,0.221379245734877,0.6149328023892484,0.1568963058051633,0.0403386134804078,2.738135166862317,0.2816290393979637,102.43626,2.946247
1068,Healthy,0,0.1228351435727543,0.0224406972734464,0.0242389510903093,0.1052684692872895,0.6576389666702606,0.6795122549439003,0.617878296700515,0.7486505721336094,0.6910608516497424,351.0,3768.0,0.8295702840495266,22,0.534349466001997,0.2334980985356702,0.6567120336825615,0.1875350926445817,0.0492372566042415,2.543356903609974,0.3022689733113101,102.439108,2.947595
1069,Healthy,0,0.1418272099561161,0.0112771775780452,0.0115483881284793,0.0849950284593635,0.3617718059753254,0.3657242776366586,0.294627156273467,0.4784743915903024,0.8526864218632666,335.0,3689.0,0.8334990059642147,28,0.289679108895453,0.2037255157613091,0.6524705194425494,0.188893563315103,0.0449895229877973,2.736842105263158,0.3364006370553884,102.434753,2.947461
1070,Healthy,0,0.1045695650908682,0.0167292467214994,0.0181679017841815,0.1095446219874752,0.5405845810214829,0.5605712434549872,0.5516705884102878,0.569024908368885,0.724164705794856,388.0,3652.0,0.807920792079208,26,0.4679886756587584,0.2219844108654393,0.6149328023892484,0.1568963058051633,0.0403386134804078,2.5632165855190827,0.2816290393979637,102.436225,2.946181
1071,Healthy,0,0.1349797381295098,0.0163149107247591,0.0171487445218695,0.0912783514294359,0.5041536520174001,0.5153770281603373,0.4313413818217473,0.6326368652194098,0.7843293090891262,336.0,4081.0,0.8478605388272583,22,0.4311441101711856,0.2374799713078472,0.6573984055998444,0.173296627666896,0.038878732480195,2.6084836665041444,0.3341230222523056,102.439229,2.947394
1072,Healthy,0,0.1456862803962495,0.0181800004922681,0.019677914886011,0.0765109736886289,0.5625059869199907,0.5823059077261296,0.4437764839402541,0.8183030359371077,0.7781117580298731,359.0,3975.0,0.8343331795108445,27,0.4211225554199697,0.2205856653551261,0.6391237509607994,0.1649822452881726,0.0350685596408202,2.5627214741318216,0.3027188328912467,102.436335,2.946528
1073,Healthy,0,0.0802298962242073,0.0239049647417333,0.0151158162496156,0.044975110847089,1.1053364625159687,0.9504178716795468,0.918231013898483,1.0061962415916563,0.5408844930507585,278.0,3899.0,0.866890112520948,27,0.7649376668082264,0.1530762140949567,0.6949085123309467,0.1867427934828018,0.0430844553243574,2.7913968547641077,0.3567749955602912,102.431599,2.94825
1074,Healthy,0,0.0988755250970522,0.0264377155237727,0.0211842025940616,0.0639336477551195,0.9806064984059764,0.9052258941074848,0.8438921663120474,0.9955233835044992,0.5780539168439761,302.5,3684.5,0.8482568347128167,28,0.5169502856148194,0.1977790805200736,0.6432165964876245,0.1829944547134935,0.0377480866519652,2.770541492586221,0.3083552571895128,102.434641,2.947256
1075,Unhealthy,1,0.1179705982406934,0.0185018750942415,0.0230480207958155,0.085552302085691,0.6153787966410105,0.6781641460255964,0.5422888482084922,0.8489116858690421,0.728855575895754,244.0,3743.0,0.8776022071733133,23,0.5709325619912471,0.2379754804488686,0.7169179229480737,0.2064145946741209,0.0441869349293263,2.761205808080808,0.3990997749437359,102.431911,2.948936
1076,Healthy,0,0.1286409919460614,0.0226443100513683,0.0251625994634297,0.0944615569379594,0.6749643853590602,0.7058728742415359,0.5987180447113896,0.8413885696798111,0.7006409776443052,359.5,3727.0,0.8240548146335495,22,0.5669613388881573,0.2333863065060642,0.6641206977840641,0.1730142904619475,0.0414257051811636,2.5824386503067487,0.3270623491217847,102.439072,2.947523
1077,Healthy,0,0.0965626405345069,0.0173082076427009,0.0162304053083062,0.0992874768045213,0.6008059372648777,0.5848345367028527,0.607994334626034,0.5620049471632036,0.696002832686983,323.0,3933.0,0.8482142857142857,22,0.5137045459457001,0.1901076858242353,0.6850886339937435,0.1943828529194383,0.0405057363615078,2.627747852671422,0.3392070484581498,102.438951,2.947588
1078,Healthy,0,0.1367887970474031,0.0118024285054869,0.0130807709776692,0.1482455101278093,0.3059217332086112,0.3211590045551781,0.3177153553063847,0.3243308130091146,0.8411423223468075,323.0,3817.5,0.8439801956285473,22,0.3192796901375139,0.2670350326225161,0.650195449533928,0.1952087114337568,0.0415638641108369,2.6086145117945656,0.3045987060674943,102.439184,2.947732
1079,Healthy,0,0.1070145989457766,0.0205299642143978,0.0169595642429259,0.0474064782675769,0.8401824677321461,0.7813956571354176,0.6438522726716508,1.0539448181956228,0.6780738636641745,282.0,4020.0,0.8688981868898187,26,0.4972836926558557,0.1615038851483,0.6825768667642752,0.1837659662134322,0.0430836258017669,2.8303172560006056,0.3596619815469518,102.431673,2.948385
1080,Healthy,0,0.083226536711057,0.017777021560404,0.0189214813419514,0.0931277113656203,0.6711213217735563,0.6890031268541008,0.704015655077252,0.6754705102189562,0.647992172461374,284.5,3723.5,0.8580339321357285,28,0.6982534460849494,0.1788806625538402,0.6755564467615801,0.1893815386805209,0.0446305788223527,2.878787878787879,0.3457422893624674,102.434912,2.947598
1081,Healthy,0,0.1090749386284086,0.0205209553241729,0.0198080238575736,0.0835274188882774,0.7026392895605955,0.6925470785231259,0.6333828857781997,0.7667465617306375,0.6833085571109001,259.0,3637.5,0.8670601822148082,24,0.4286031040314759,0.2116010855469438,0.7022708158116064,0.1963942662923008,0.0457246189615086,2.855874894336433,0.3797063253012048,102.431636,2.948455
1082,Healthy,0,0.0726371477875444,0.0242528137233522,0.0243565595398346,0.0755731405483351,0.986308143979854,0.9878966942277762,1.001251867382552,0.9749477690153932,0.4993740663087241,285.0,3874.0,0.8629478239961529,27,0.7970998238116278,0.1759061494635211,0.6949085123309467,0.1867427934828018,0.0430844553243574,2.73969465648855,0.3567749955602912,102.431481,2.948179
1083,Healthy,0,0.1108909009231461,0.0194772179755899,0.0208478174689743,0.0628292494350009,0.7326580317315791,0.7535798629310433,0.5976067811707527,0.996584523828901,0.7011966094146236,298.0,3823.0,0.8553749090026692,29,0.6222411863440647,0.1830777492788103,0.66795904165424,0.1776514353899066,0.0444472111553784,2.85009702457956,0.3473053892215569,102.43502,2.947802
1084,Healthy,0,0.1594481915235519,0.0229281164291832,0.020022263439993,0.0955375586118963,0.6097052333192369,0.5766387563470002,0.5028748895415798,0.6930527612270809,0.74856255522921,327.0,3940.0,0.8467307241621749,23,0.5736384189885667,0.2423971717556317,0.691190706679574,0.1946115973741794,0.0511432009626955,2.640695804706914,0.3496497448758973,102.439264,2.94719
1085,Healthy,0,0.1136915327774153,0.0208059344440698,0.022718169622951,0.067215027494563,0.7480165853264565,0.7757247289751511,0.6187755018407124,1.0104464358479597,0.6906122490796439,256.0,3865.0,0.8757583110895414,20,0.5638703944590778,0.2080638992289702,0.6877645635960492,0.1899381794926455,0.0427797496730805,2.732434887946699,0.3453018935334048,102.439495,2.947599
1086,Healthy,0,0.1827670749690797,0.0183270866465237,0.0289219309472375,0.1320804986688825,0.4171151194903351,0.5219493222295951,0.3645473642652319,0.7185464471858319,0.8177263178673841,257.0,3735.0,0.8712424849699398,25,0.4287373430588355,0.3114463666246996,0.7073170731707317,0.1996484546652995,0.0382860040567951,2.857377587906671,0.3905183545471315,102.432069,2.949077
1087,Healthy,0,0.1303285948104328,0.0232478285001383,0.0208474610828691,0.1300796104802025,0.6059963749325997,0.5792418192284494,0.605505141974174,0.5525174739551495,0.697247429012913,291.0,4110.0,0.8677573278800272,24,0.5372508440803025,0.2687949097404877,0.7052671975438933,0.1960969044414535,0.0411809501493761,2.851489584111103,0.3847987062728742,102.437748,2.946271
1088,Healthy,0,0.163263663649559,0.0232225798277391,0.0269628136108318,0.166922100716167,0.4932697417364842,0.5277518277491646,0.4981081584297364,0.5562642912043659,0.7509459207851319,265.0,3811.0,0.8699705593719332,25,0.461787725964505,0.3164591203547185,0.7073170731707317,0.1996484546652995,0.0382860040567951,2.853234631477309,0.3905183545471315,102.432105,2.949142
1089,Healthy,0,0.1216070105632146,0.0129300883660713,0.0148465929345952,0.0923859704699781,0.4312668129630108,0.4595561086123327,0.3844319067075317,0.5538091215289186,0.8077840466462342,367.0,3573.0,0.8137055837563452,25,0.3780202666877324,0.2312044277787208,0.6103585657370518,0.1638353008926,0.0448494248416699,2.887247838616714,0.2789285714285714,102.436386,2.946182
1090,Healthy,0,0.1553466253810458,0.0111207947548892,0.0161288442711035,0.0988777379194895,0.3217986053427504,0.3872420017587465,0.2672185283056135,0.5609711710021676,0.8663907358471933,250.0,3662.0,0.8721881390593047,24,0.3386307236795545,0.2488411120656464,0.7063910567390845,0.1988737403675163,0.045219638242894,2.788265097654654,0.3864239666287448,102.43195,2.949009
1091,Healthy,0,0.1390814077523019,0.0201069375293122,0.0197255158176024,0.1142223452528317,0.548026710680411,0.5435350868814472,0.5052364227730811,0.5890505651965607,0.7473817886134595,290.5,4000.5,0.8646003262642741,22,0.4597204606193606,0.273592810663912,0.6776627648253846,0.1809329247531494,0.0391898370086289,2.7183470105509966,0.3317857449918321,102.439265,2.947327
1092,Healthy,0,0.0853140503168106,0.0208625209828217,0.0157543818155924,0.0658482573926448,0.865272751912978,0.7799990786920378,0.7859557236576146,0.7722486413896333,0.6070221381711929,296.5,3968.5,0.8609613130128957,22,0.6898082085201864,0.1607076097279787,0.6774636827640361,0.1790272507761297,0.0330029013539651,2.609993602956856,0.3470825814213285,102.438919,2.947242
1093,Healthy,0,0.1028017078836758,0.0184256881475448,0.0184324810074435,0.0688930319415198,0.7068245044436016,0.706931767774871,0.6079710940190283,0.8443113763656317,0.6960144529904859,274.5,3947.5,0.8699668403600189,20,0.3498821658545683,0.1894331603414482,0.6877645635960492,0.1899381794926455,0.0427797496730805,2.610147811256396,0.3453018935334048,102.439539,2.947666
1094,Healthy,0,0.0743383036719428,0.0246002419541279,0.0190207537056671,0.057653438920776,1.0861499934820034,0.9935724730189518,0.9945665482936162,0.9922897420432594,0.5027167258531919,262.0,3818.0,0.8715686274509804,27,0.8349089786723763,0.1584433255096276,0.6949085123309467,0.1867427934828018,0.0430844553243574,2.8714470284237725,0.3567749955602912,102.431517,2.948247
1095,Healthy,0,0.0891123070485062,0.0233205592052804,0.0236440925962395,0.0723499556382497,0.8964990028441628,0.9013164526630596,0.82967053966731,0.9852316067964112,0.5851647301663452,370.5,3762.0,0.8206896551724138,26,0.5918276363066299,0.1715018612643083,0.618645693458661,0.1716189947236878,0.0417283950617283,2.726505346088914,0.2867771389922218,102.436615,2.946726
1096,Healthy,0,0.1667255411545435,0.0292722523833314,0.0327292016396919,0.1360692282517751,0.6480834932837798,0.6798475427203263,0.597399630984617,0.7755807127053476,0.7013001845076916,270.5,3919.5,0.8708830548926014,26,0.5162286883370995,0.3036358232299486,0.7014520813165537,0.1954836076724255,0.0484371271772846,2.9370573084352865,0.370125348189415,102.437981,2.946823
1097,Healthy,0,0.2260878317885928,0.0246144477277994,0.0263861405352751,0.1189390470584233,0.4994615035650707,0.5151217276441786,0.3927279444810949,0.7262647576012972,0.8036360277594526,280.0,4090.0,0.8718535469107551,24,0.5330584109438089,0.3478485838406616,0.7052671975438933,0.1960969044414535,0.0411809501493761,2.899764061191872,0.3847987062728742,102.437631,2.946202
1098,Healthy,0,0.1072934899065229,0.0193766384489006,0.0176295721903443,0.0659945234656333,0.7310515201725665,0.7038940001935309,0.6118771236903374,0.8432771464756215,0.6940614381548311,274.5,3937.0,0.8696426451383118,20,0.3919189232147709,0.1961146357158819,0.6845332278481012,0.1896912976672719,0.041643735094478,2.667516387472688,0.3457600420057758,102.439503,2.947748
1099,Healthy,0,0.1097120468815167,0.0252100568678643,0.0187809456967645,0.0435654471317927,0.9900973171535288,0.8920025919546364,0.7473959022961043,1.2049419281342646,0.626302048851948,262.0,3902.0,0.8741594620557157,25,0.5175857502109144,0.1776734079337782,0.6984515077424613,0.2004608294930875,0.0518611987381703,2.8957836117740654,0.3890086206896552,102.43156,2.948318
1100,Unhealthy,1,0.106475164492925,0.0282681160089042,0.0310829362521568,0.1256487833129035,0.7834295960371177,0.8144925259104999,0.8391695943166664,0.793277489417299,0.5804152028416667,382.0,3923.0,0.8225319396051103,27,0.5113611598266958,0.2461731442146831,0.618645693458661,0.1716189947236878,0.0417283950617283,2.6241292426263523,0.2867771389922218,102.43657,2.9468
1101,Healthy,0,0.1595123964879247,0.019021100571586,0.0183855831209156,0.0604719974928432,0.5897407765257515,0.5813205963570406,0.4261631768798139,0.9325968652762724,0.7869184115600929,453.0,3679.5,0.7807622504537205,26,0.488315888134356,0.210752275875873,0.6138362321672856,0.1520647321428571,0.0338654147104851,2.292525223816968,0.2896463570515551,102.436299,2.946455
1102,Healthy,0,0.1193577369882,0.0167340808030631,0.0169063207382957,0.0669831008546882,0.6090407888670506,0.6116958270718392,0.4918467862257448,0.8061240817857618,0.7540766068871275,315.0,3854.5,0.8489027461326298,28,0.5168913019222972,0.1825236498067776,0.6513563803741064,0.1747248153824717,0.0382365617880672,2.805341998890386,0.337895192724123,102.434751,2.947737
1103,Healthy,0,0.1241475145022074,0.0162209404839409,0.0180271505895588,0.0797247182991769,0.5491315004495688,0.5753073154981048,0.4622389121698774,0.7376698080351949,0.7688805439150612,339.5,3770.5,0.8347931873479318,28,0.5019677781786773,0.1778349009239011,0.6540498892420302,0.1846588949437814,0.0464294418718011,2.7593694708058547,0.3293609671848014,102.434709,2.947665
1104,Healthy,0,0.0868622664776113,0.0256428708218865,0.022505255209075,0.0729248515433735,0.971905942341028,0.9262138556738972,0.9117048852133072,0.94331887388348,0.5441475573933464,405.0,3757.0,0.8053820278712157,27,0.5192188603616668,0.194622031516499,0.5987308697275102,0.1705383984695272,0.0460373671999023,2.691937038226791,0.2707127501240284,102.436491,2.946661
1105,Healthy,0,0.1907801040344768,0.0295975632551643,0.0256965485297971,0.1932531363434261,0.5342178518574447,0.5034433800922385,0.5372152926233563,0.4694512082933753,0.7313923536883218,290.0,3870.0,0.8605769230769231,25,0.5218398569604249,0.3167406531671682,0.7047609737022191,0.1965964454813696,0.0452556494635257,2.8003754693366707,0.3732133403917416,102.437867,2.946341
1106,Healthy,0,0.1459083706140518,0.0201649665832519,0.013801477332082,0.0939931422472,0.575666060867549,0.4960995702471734,0.4856882368611617,0.5121397481970289,0.7571558815694192,271.0,3867.5,0.8690346743989368,20,0.4946924078846166,0.2129782183716694,0.6961663947797716,0.198300079233595,0.0351564930620372,2.771228232393281,0.3538626801539701,102.439578,2.948012
1107,Healthy,0,0.1392123169369167,0.0146505647442407,0.0166900688782334,0.0947668668296602,0.4451700793913188,0.4724959323565015,0.380873270646272,0.59897820704401,0.809563364676864,301.0,3843.0,0.8547297297297297,29,0.5714534210826121,0.2197537120017739,0.6659478533620858,0.1837303245577378,0.0379870526444363,2.8633791430881166,0.3338078291814946,102.434906,2.948012
1108,Healthy,0,0.1456848432620366,0.014566884169148,0.0155507304395238,0.1090441271662712,0.4105331818453315,0.4229310259031099,0.3636000535570718,0.4992414851895307,0.818199973221464,304.5,3706.5,0.8481675392670157,28,0.3595007888957072,0.2576239891350269,0.6524705194425494,0.188893563315103,0.0449895229877973,2.769681673858178,0.3364006370553884,102.434832,2.947461
1109,Healthy,0,0.2330392565992143,0.0284635993755526,0.0286102607432338,0.1269429797927538,0.5461828776465004,0.547397442179001,0.4353849103399333,0.7357033680468971,0.7823075448300333,280.0,4090.0,0.8718535469107551,24,0.4374735662203199,0.382494560132424,0.7052671975438933,0.1960969044414535,0.0411809501493761,2.899764061191872,0.3847987062728742,102.437591,2.946135
1110,Healthy,0,0.1558388695120811,0.0247842775036891,0.0157322976738214,0.0920787892407841,0.6664988522436549,0.5618830278973151,0.5488616030264424,0.5836986945983603,0.7255691984867787,292.0,3883.0,0.8601197604790419,24,0.5282050023845075,0.2379581272188161,0.6563641749777822,0.1866157328805885,0.0492931314900538,2.751935014177332,0.3218983291859225,102.438799,2.947176
1111,Healthy,0,0.1518585251437293,0.0162921111202902,0.0143126664269301,0.1507168437043825,0.3888800810949521,0.3674261852434203,0.3875599041970762,0.346911686656323,0.806220047901462,357.0,3914.0,0.8328260360571295,27,0.3456431780767344,0.2998824928783708,0.6460038986354776,0.1771922487104419,0.0409270216962524,2.734471094710947,0.3297466157584172,102.436798,2.947076
1112,Healthy,0,0.1078610751363966,0.0227176766428682,0.022142596128914,0.0800743988818592,0.7787666318130099,0.7708091473379427,0.695907299872831,0.8664937225587691,0.6520463500635845,375.5,3837.5,0.8217422264419654,26,0.4474571875609962,0.1826385921902126,0.618645693458661,0.1716189947236878,0.0417283950617283,2.636509024445968,0.2867771389922218,102.43665,2.946799
1113,Healthy,0,0.1495563578274515,0.0184888762111465,0.0208134491824441,0.1089422595169809,0.5005849022916646,0.5279006175365274,0.4400928432614714,0.6416195292234209,0.7799535783692643,251.0,3771.0,0.8751864743908503,20,0.4953520858337572,0.269581500854757,0.698771549499329,0.1925501847959997,0.0408602150537634,2.720878101569143,0.3537117903930131,102.439808,2.94815
1114,Healthy,0,0.101749430100123,0.0167329117862714,0.0173356779333617,0.0645306201444731,0.6701680076391409,0.6801860941150547,0.5649082055557472,0.8470239080252397,0.7175458972221265,298.0,3823.0,0.8553749090026692,29,0.515786645127946,0.1816433036906851,0.66795904165424,0.1776514353899066,0.0444472111553784,2.85009702457956,0.3473053892215569,102.43499,2.947734
1115,Healthy,0,0.0684080057673984,0.0140469061831633,0.0145324447916613,0.0529407519433233,0.7519627734411215,0.7624814646269135,0.6814345368089431,0.8615240121934985,0.6592827315955284,367.5,3770.5,0.8223779603673272,28,0.6270381316016441,0.1242695187942849,0.6359166011014948,0.1806373766768401,0.0438002008032128,2.7709469912873543,0.3200348432055749,102.434754,2.947596
1116,Unhealthy,1,0.1050995828376876,0.0144288371213608,0.0148841299944453,0.0876576718356874,0.5208615571859261,0.52799455739066,0.4828587921200418,0.5806073124832289,0.7585706039399792,334.0,4022.0,0.8466483011937558,29,0.4178354733340291,0.1962777797339691,0.667430316914853,0.1812280227211252,0.0461133069828722,2.692363848737042,0.3390148287029146,102.435067,2.948141
1117,Healthy,0,0.1045555132958624,0.0195038300007581,0.02402516009493,0.079337228089571,0.7000016107427257,0.7656082787198634,0.6288548522822756,0.9297447753256356,0.6855725738588622,322.0,3908.5,0.847772130953788,28,0.5444676596077871,0.1890287273046043,0.6688989560764231,0.1911992127091241,0.0428307692307692,2.8271322717956804,0.337706080482184,102.434637,2.947388
1118,Healthy,0,0.1749369046754307,0.0249883620482352,0.0198517543160253,0.0841644605000813,0.6467844319108872,0.5901151252813501,0.4999540569881803,0.7634099876109436,0.7500229715059098,301.0,3843.0,0.8547297297297297,29,0.6103137987107781,0.2639036124779118,0.6659478533620858,0.1837303245577378,0.0379870526444363,2.8633791430881166,0.3338078291814946,102.434942,2.948082
1119,Healthy,0,0.0941710116134749,0.0148926383505264,0.0168219108341468,0.0698692682716581,0.6146821342996343,0.6480463207038186,0.5461998880632373,0.7761763541647523,0.7269000559683814,280.5,3774.5,0.861652281134402,28,0.548037311797073,0.1767565910187032,0.6755564467615801,0.1893815386805209,0.0446305788223527,2.870050928207656,0.3457422893624674,102.43495,2.947666
1120,Healthy,0,0.1440730169415474,0.0206493178589476,0.0250452804482645,0.1770682541860474,0.4557846411267401,0.4982566004531116,0.5014333456105322,0.495667556229313,0.7492833271947338,265.0,3811.0,0.8699705593719332,25,0.4214617096769398,0.2998518167684475,0.7073170731707317,0.1996484546652995,0.0382860040567951,2.853234631477309,0.3905183545471315,102.43203,2.949141
1121,Unhealthy,1,0.1109366350703769,0.0166810860650406,0.0200768428751164,0.0476204177571667,0.6953377836419976,0.7527928192190669,0.5228454454954573,1.1862720994971705,0.7385772772522714,309.0,3828.0,0.8506163886874547,22,0.4707272333056801,0.1713948227051231,0.6668632075471698,0.1836706210746685,0.0437511537751523,2.716954910438542,0.3346568839015968,102.439216,2.948213
1122,Healthy,0,0.1445868603057331,0.0167288705706596,0.0186813551311691,0.1163199055525991,0.4546436862560855,0.478004660014772,0.414810644436853,0.5535164645589191,0.7925946777815733,359.0,3975.0,0.8343331795108445,27,0.3730348155935452,0.2509712357487944,0.6391237509607994,0.1649822452881726,0.0350685596408202,2.5627214741318216,0.3027188328912467,102.436416,2.946525
1123,Healthy,0,0.1340083628892898,0.015102500302924,0.0196278910670015,0.0787542288502057,0.4972679741241529,0.5613151683507824,0.4051348098885558,0.7980267586638393,0.7974325950557221,243.5,3720.5,0.8771442986881938,24,0.4081489297910618,0.2420585290011432,0.7169179229480737,0.2064145946741209,0.0441869349293263,2.872366790582404,0.3990997749437359,102.431988,2.948932
1124,Healthy,0,0.2210994064807891,0.028386785959204,0.0309059237026506,0.1146631737550099,0.578530885441651,0.600348469473379,0.4551239598725551,0.8492440838726706,0.7724380200637224,272.0,3878.5,0.8689314540416817,24,0.4802087292669262,0.3515777724484603,0.7012862353618737,0.192090395480226,0.0417915711514724,2.943841319075994,0.36116588084012,102.437556,2.946064
1125,Healthy,0,0.1580687231487698,0.0259514337198601,0.0213704832519094,0.1291311002439922,0.6122377538473782,0.5658456388538738,0.5640998064877547,0.5679802897885484,0.7179500967561225,272.0,3918.0,0.8701670644391408,25,0.5950828189963243,0.3151472595830759,0.704241948153967,0.1944941500344115,0.043405073944932,2.852002503128911,0.3786101872921407,102.432223,2.949212
1126,Healthy,0,0.1071263468927807,0.0141829793444938,0.0135004668393068,0.0807525908781422,0.5247006362389939,0.5136971613677311,0.4676632797960696,0.5729455220340282,0.7661683601019651,281.5,3861.0,0.864091732045866,22,0.3984877240838845,0.1818204643204808,0.6627027027027027,0.1773957825875148,0.0477488078280795,2.717094276605435,0.3253551442100731,102.43922,2.947939
1127,Healthy,0,0.0876918534437815,0.0174947298235363,0.0195909521232048,0.0496458316014872,0.8121636254007435,0.8504750845324519,0.6652836998831213,1.131823349917859,0.6673581500584395,321.0,3811.5,0.8446460980036298,28,0.4594219481674739,0.1557623683992359,0.66795904165424,0.1776514353899066,0.0444472111553784,2.7081232058344327,0.3473053892215569,102.434906,2.94774
1128,Healthy,0,0.1574896905157301,0.0199527175476153,0.0297574746525949,0.1168815518418947,0.5079019597464951,0.6135518656665166,0.4497846431500715,0.8117204638892804,0.7751076784249643,267.0,3909.0,0.8721264367816092,25,0.5566820519769297,0.2905858103185892,0.7073170731707317,0.1996484546652995,0.0382860040567951,2.856918732350173,0.3905183545471315,102.432108,2.949007
1129,Healthy,0,0.1628818619582388,0.0201813952169484,0.0248381472710106,0.1224430617358949,0.495723832161871,0.5451224052064889,0.4409709633350461,0.6745774953503003,0.779514518332477,265.0,3708.5,0.8666163332074996,20,0.5422763911864796,0.2757061941342221,0.698771549499329,0.1925501847959997,0.0408602150537634,2.778584684902768,0.3537117903930131,102.439771,2.948222
1130,Healthy,0,0.1172802911864386,0.0211435112481315,0.0168015390841497,0.0779238794412877,0.7122288947226066,0.651000250844329,0.6109790621631155,0.7094838680343373,0.6945104689184424,379.0,3770.0,0.8173053747891058,27,0.647177689510069,0.1540299382888608,0.6480154888673766,0.1797643797643797,0.0410958904109589,2.610469591993841,0.3161865569272977,102.436769,2.946869
1131,Healthy,0,0.1089796730213695,0.0157599348781837,0.0154855761470066,0.0499981881843672,0.6618424187454007,0.6570278017626338,0.5053706723488955,0.945918506984018,0.7473146638255523,306.0,3643.0,0.8450240567232211,29,0.5289565573221326,0.1821960030744472,0.66795904165424,0.1776514353899066,0.0444472111553784,2.83276740237691,0.3473053892215569,102.434984,2.947872
1132,Unhealthy,1,0.1150651350617408,0.0291946813878085,0.0289239217009809,0.0903533713685141,0.8853316309537496,0.8821316010463339,0.8095028014407185,0.9699724383962618,0.5952485992796408,418.0,3923.0,0.8074176457037548,27,0.4150320185725551,0.2291647464864783,0.6166255456443348,0.1702156889682648,0.0469518190757128,2.682124273033364,0.3009220452640402,102.436603,2.94687
1133,Healthy,0,0.0979999866750505,0.0247814789828326,0.0188149003725912,0.0584843816856543,0.962166485716192,0.871575698373092,0.8073361512684148,0.9736132016550452,0.5963319243657925,346.5,3635.0,0.8259449956046716,28,0.3633824638644774,0.1802268936816189,0.6432312651087833,0.1818313532309475,0.0475150892513163,2.6932841932841933,0.2981260647359455,102.434518,2.947323
1134,Unhealthy,1,0.0687214471399784,0.0156012571727236,0.0156617461600237,0.1007877894573741,0.621837320413582,0.622855098765282,0.7400738531756741,0.537975392584865,0.6299630734121628,323.5,4017.5,0.8509560009214466,22,0.542729738022281,0.1712714593029684,0.6850886339937435,0.1943828529194383,0.0405057363615078,2.7086083003372927,0.3392070484581498,102.438872,2.947588
1135,Healthy,0,0.1328568011522293,0.0261527765542268,0.0222373259150319,0.1149614759617381,0.6971196265180287,0.6534602773540032,0.6578918561121352,0.6483242014024334,0.6710540719439325,284.5,3819.5,0.86135477582846,20,0.5039971207130154,0.2741212056328853,0.6829737668388535,0.1858407079646017,0.0374625374625374,2.842782468837957,0.3468013468013468,102.439652,2.948154
1136,Healthy,0,0.1460045625766118,0.0124509847826427,0.0211480515491631,0.1164845882190598,0.3465934442791283,0.4539057995899055,0.3143085866072838,0.6146231470900215,0.8428457066963582,257.0,3735.0,0.8712424849699398,25,0.3894872913134576,0.2499698116961453,0.7073170731707317,0.1996484546652995,0.0382860040567951,2.857377587906671,0.3905183545471315,102.432032,2.949004
1137,Healthy,0,0.1102625355124473,0.0205379813495609,0.020831204433408,0.0723892996708552,0.734391757982769,0.7386661413206833,0.6280703422977462,0.8938464615084758,0.685964828851127,306.0,3836.5,0.8522631261315631,28,0.4597744543433991,0.2011758426411284,0.6432165964876245,0.1829944547134935,0.0377480866519652,2.8325577663671373,0.3083552571895128,102.434676,2.947321
1138,Healthy,0,0.094118144777086,0.0205920712194509,0.0175967459670371,0.0683935847547319,0.8087378902763787,0.7611103768459201,0.7180553550722134,0.8185453326827302,0.6409723224638934,349.0,3817.5,0.8324732989319573,26,0.5148315815662864,0.1447603416939576,0.6255327584497968,0.1736081293831401,0.0469198850941589,2.793797825211438,0.2861646234676007,102.436727,2.946806
1139,Healthy,0,0.1207783718903859,0.0254785550965203,0.0210522195945183,0.0772882149451308,0.8185102189242173,0.7609366577077631,0.6968163661417908,0.8562996367900091,0.6515918169291045,327.5,3819.5,0.8420544972269111,20,0.5791903050201765,0.2213251555545462,0.6678423863750882,0.1952910587895421,0.0422570690849549,2.5588041327764346,0.3315145648156297,102.439617,2.94781
1140,Healthy,0,0.1052290797233581,0.0111384455942445,0.0129710954303542,0.0821421899729304,0.4250338489872537,0.4560137809650924,0.3828712714769614,0.5455008887709504,0.8085643642615193,340.0,3815.0,0.8363417569193743,29,0.3540015473549499,0.1738374277742372,0.633196320219221,0.1661774982529699,0.0449592986850344,2.7724589117600127,0.3053515215110178,102.435141,2.948146
1141,Healthy,0,0.1331134264667829,0.0161192818648285,0.0151045023360186,0.0549199175503518,0.5854321426537253,0.5696286265284827,0.4320576110971515,0.8628134219764412,0.7839711944514243,290.5,3824.0,0.8587920768015554,22,0.6141323719290336,0.1984076143966779,0.6785990712074303,0.1891706648389307,0.0459368217988907,2.6179891827813586,0.3383785664578984,102.439184,2.948144
1142,Healthy,0,0.082613895750708,0.0150953959673643,0.0159725828303231,0.0596626669996314,0.700208847984203,0.716906999672204,0.6179717691914149,0.8447163388093859,0.6910141154042926,323.0,3685.0,0.8388223552894212,28,0.5559390436741547,0.1477299814836846,0.6359166011014948,0.1806373766768401,0.0438002008032128,2.8781782381645407,0.3200348432055749,102.434867,2.947668
1143,Healthy,0,0.171263334651788,0.0188229263035787,0.0232062285972966,0.1352506048149532,0.4375392300222451,0.482340985434027,0.3960923048088873,0.5858056884658809,0.8019538475955563,253.5,3696.0,0.8716293201671098,20,0.527709143872522,0.2746928547405534,0.698771549499329,0.1925501847959997,0.0408602150537634,2.6985184604530845,0.3537117903930131,102.439848,2.948225
1144,Unhealthy,1,0.1148453214102321,0.0151702678865856,0.0165944723412394,0.1110683228406641,0.4736006377780314,0.493091266340939,0.4667215052789646,0.519947015654619,0.7666392473605177,380.0,3594.0,0.8087569199798692,26,0.4495985253154823,0.230162275955081,0.6149328023892484,0.1568963058051633,0.0403386134804078,2.646356525319061,0.2816290393979637,102.436305,2.946182
1145,Healthy,0,0.1146127151118384,0.0157304874931772,0.0170502760964963,0.1148364792267481,0.4823265427753027,0.5000307950877458,0.4827405550512962,0.5171186766922083,0.7586297224743519,309.0,4165.0,0.861868573983013,22,0.4237536821172468,0.2339361140297519,0.6966450521567522,0.1908970976253298,0.0368115775569976,2.5646824077153307,0.374642827985958,102.438952,2.94745
1146,Unhealthy,1,0.170164555311203,0.0286900972326596,0.0184049473868476,0.0913794661561648,0.7196718417572909,0.6103575314247613,0.5771068841616617,0.6705850782592825,0.7114465579191691,275.0,3921.0,0.8689227836034319,25,0.585328733984814,0.2747916935218705,0.6971830985915493,0.1911037891268533,0.0429138117562207,3.0087473180392803,0.3704360155973059,102.437902,2.946552
1147,Healthy,0,0.1144709727830357,0.0120894761963023,0.0159799940884113,0.0714926607906818,0.4602389807172083,0.5245818479234824,0.3820933409702428,0.7307423839141157,0.8089533295148787,349.0,3599.0,0.8232016210739616,29,0.4652951648413376,0.1854104339662525,0.6659478533620858,0.1837303245577378,0.0379870526444363,2.686838624338624,0.3338078291814946,102.434947,2.94794
1148,Healthy,0,0.1060117781162262,0.0171117837437325,0.0164118146316872,0.062744542542431,0.6744228268138165,0.6629150048210605,0.5559223104086454,0.829336529248639,0.7220388447956774,310.0,3809.0,0.84947802864773,29,0.6638134858304384,0.1833477156857649,0.6659478533620858,0.1837303245577378,0.0379870526444363,2.790271132376396,0.3338078291814946,102.435017,2.94794
1149,Healthy,0,0.2899952944782045,0.0316285224010547,0.0289394675443569,0.1263486925098631,0.5275805564136821,0.508001416402757,0.3933604508266671,0.7454391251529408,0.8033197745866666,257.0,3863.0,0.875242718446602,26,0.461601188907479,0.439108308404684,0.6971830985915493,0.1911037891268533,0.0429138117562207,3.0796822956699974,0.3704360155973059,102.437786,2.94662
1150,Healthy,0,0.1093924260801739,0.024331026400129,0.0246140366006228,0.061145374758376,0.8879942571575276,0.8920070049129266,0.7278013227698528,1.1480506319049042,0.6360993386150735,268.5,3868.5,0.8701957940536621,20,0.339001898816368,0.1983921080827712,0.6877645635960492,0.1899381794926455,0.0427797496730805,2.802210632832568,0.3453018935334048,102.439461,2.947672
1151,Healthy,0,0.1028398937649197,0.0151112624961468,0.0148488291435771,0.0677869787646664,0.6018942623714125,0.5974484286912165,0.5124583081729314,0.7187600397186086,0.7437708459135343,290.0,3750.0,0.8564356435643564,21,0.652069179691599,0.1754280970328384,0.6668632075471698,0.1836706210746685,0.0437511537751523,2.6938648396138274,0.3346568839015968,102.439374,2.948211
1152,Healthy,0,0.1195774219102329,0.0234684677173693,0.0179931452083918,0.074112485266394,0.7802443804749759,0.7052748441976167,0.6562500405559591,0.7814134756210145,0.6718749797220205,274.5,3937.0,0.8696426451383118,20,0.552230778015241,0.2079180961267815,0.6845332278481012,0.1896912976672719,0.041643735094478,2.667516387472688,0.3457600420057758,102.439539,2.947813
1153,Healthy,0,0.1503779648078812,0.0130226512749989,0.0171292757408486,0.1100818233357535,0.3636277803921988,0.4150132350899989,0.318790750908639,0.5386094724496939,0.8406046245456803,241.0,3617.0,0.8750648004147227,23,0.4262468329212452,0.2453019753512409,0.7063910567390845,0.1988737403675163,0.045219638242894,2.777229351760448,0.3864239666287448,102.43191,2.949075
1154,Healthy,0,0.1189425339301427,0.0128231602203514,0.0143357748165726,0.0779668854342566,0.4609419727958839,0.4848330342673967,0.3892715870552962,0.6212507755514582,0.8053642064723519,404.0,3564.0,0.7963709677419355,29,0.370402978482914,0.1814546453663044,0.633196320219221,0.1661774982529699,0.0449592986850344,2.3589131083905643,0.3053515215110178,102.435221,2.948143
1155,Healthy,0,0.1958853436840905,0.0282003295918305,0.0187203341888056,0.0982671288980378,0.6435618920254664,0.5502709979566544,0.5033847845704423,0.6400800118183234,0.7483076077147789,289.0,3896.0,0.8618876941457586,25,0.536520709162945,0.3137196956409349,0.6971830985915493,0.1911037891268533,0.0429138117562207,2.962871693773616,0.3704360155973059,102.437825,2.946552
1156,Healthy,0,0.0962098990049627,0.0196637738909986,0.0193880383546153,0.0733329587512546,0.753147343792597,0.7488554188900622,0.6788004004552087,0.8364033588844095,0.6605997997723956,321.0,3584.0,0.835595390524968,21,0.6583946078937704,0.1726773420555723,0.6573984055998444,0.173296627666896,0.038878732480195,2.647679324894515,0.3341230222523056,102.439382,2.947529
1157,Healthy,0,0.1386897472871674,0.0187383961553374,0.0193368892909751,0.108736256758372,0.5261695257468451,0.5334516774208707,0.4761129934097445,0.6039326708980669,0.7619435032951277,261.0,3684.0,0.867680608365019,20,0.5344069706579622,0.2672236977765957,0.6996495567924139,0.1968355349107272,0.0495830946470625,2.6101875857861825,0.3418301852191454,102.439863,2.948086
1158,Healthy,0,0.1038420891596211,0.0234634742761651,0.0182830123230814,0.0415787266360388,0.9758771818617304,0.8921747776471152,0.7372332722285224,1.2216826735064903,0.6313833638857388,317.0,3794.0,0.8457796156652883,23,0.674225011151122,0.1747004681577285,0.6552403467297084,0.1754336877448237,0.0453499222395023,2.6127141568981065,0.3175853018372703,102.43911,2.947189
1159,Healthy,0,0.1257922790116734,0.0271024441139565,0.0202881794215904,0.1162470595704184,0.7318946102220869,0.6549511762888598,0.7090485154726256,0.594371960568446,0.6454757422636871,255.5,4168.5,0.884493670886076,22,0.6448769567375369,0.2323455417321788,0.7017223130953526,0.1905755637832379,0.0403529411764705,2.761467889908257,0.357763440860215,102.438831,2.947384
1160,Healthy,0,0.1462064940068456,0.0301530268043279,0.0293906645642386,0.111704549855656,0.758049194564372,0.7502637038975145,0.6838990413590987,0.8332150650205037,0.6580504793204506,288.0,3896.0,0.8623326959847036,25,0.553967131337284,0.2842550116280715,0.6797027766914353,0.1840110268780151,0.0434888241010689,2.8165495706479318,0.3440537197384697,102.438131,2.946961
1161,Healthy,0,0.2113007952769597,0.028340004177557,0.0241737338817781,0.1467063716716236,0.5467254521541858,0.5116790635382836,0.4730413893137737,0.5658642076206718,0.7634793053431131,281.5,4050.5,0.8700369344413665,24,0.4475490425069561,0.3380433900488747,0.7030700503754396,0.1976472160951808,0.040655128354048,2.8987848023381018,0.3849761326522067,102.437748,2.94641
1162,Healthy,0,0.1338336774044566,0.0158501767242948,0.0165814526586069,0.0702216082976924,0.5378510319037734,0.5485568513799238,0.4235640995898243,0.7640952969137702,0.7882179502050878,320.0,3792.0,0.8443579766536965,21,0.5122223915704379,0.2047966406163242,0.6573984055998444,0.173296627666896,0.038878732480195,2.625926486159431,0.3341230222523056,102.439304,2.947392
1163,Healthy,0,0.1463292274210188,0.012837967938847,0.0191329695905248,0.1245016513599289,0.3463790322290412,0.4223348184491353,0.3226284891135075,0.5328233392177685,0.8386857554432462,250.0,3662.0,0.8721881390593047,24,0.3426441077660891,0.2807262481914626,0.7063910567390845,0.1988737403675163,0.045219638242894,2.788265097654654,0.3864239666287448,102.431993,2.949077
1164,Healthy,0,0.0761316840847333,0.0171617715516024,0.0176553509922491,0.0573252874116102,0.8182962886990026,0.8276288217135755,0.7358188818088234,0.9418618655741064,0.6320905590955884,284.0,4080.0,0.8698441796516957,25,0.6159623369453282,0.1407543195204602,0.6948474237118559,0.1939667324499577,0.0449050086355785,2.8735806207418624,0.3659761456371626,102.431836,2.948524
1165,Healthy,0,0.1861332729458809,0.023684699088335,0.0236778826349311,0.0703477102021376,0.6235884644298274,0.6235127177148546,0.4515285103312815,1.007295223374388,0.7742357448343591,308.5,3702.5,0.8461730241834954,28,0.5879757593002386,0.2464128451214896,0.6499694563225412,0.1812814345068882,0.0522010128554733,2.8135621321396003,0.3348494496497771,102.434718,2.947254
1166,Healthy,0,0.1438836546407805,0.0234219475338856,0.0159475937899616,0.1025522057380941,0.638897083045245,0.5509978620319725,0.5599799942008689,0.5383163128874624,0.7200100028995655,350.5,3935.5,0.8364442370508632,22,0.5395306148407629,0.2304124391327301,0.6531980084258905,0.1811465316732795,0.0533829540601549,2.6219556790755503,0.3172538547678525,102.439138,2.947254
1167,Healthy,0,0.0975242199169264,0.0193754392158654,0.017104246860577,0.1128810627592934,0.6221139105597538,0.5910394020462055,0.6629767566338557,0.5263439971977366,0.6685116216830721,288.0,4187.0,0.8712849162011174,22,0.5386729718868094,0.2189103369083669,0.6966450521567522,0.1908970976253298,0.0368115775569976,2.7517820594255062,0.374642827985958,102.438909,2.947518
1168,Healthy,0,0.1426882810062832,0.0291751492768526,0.0264597313685549,0.1167951482865545,0.7343499879519143,0.7062094317059578,0.6790310010404914,0.7388154995420059,0.6604844994797542,302.0,3961.0,0.8583157400891391,25,0.6529216127776148,0.2646942987210221,0.6746729154462019,0.1783456993679582,0.0448343079922027,2.850576503583671,0.3638108532542313,102.43817,2.947027
1169,Healthy,0,0.0935511911908785,0.0173496589478519,0.0154478545818063,0.0795042622420522,0.6680822331789451,0.637299797298889,0.625771900797821,0.6507639891994377,0.6871140496010896,291.0,3789.0,0.8573529411764705,21,0.6639340065123849,0.1754793963498539,0.6627027027027027,0.1773957825875148,0.0477488078280795,2.6431917787517003,0.3253551442100731,102.43938,2.948078
1170,Healthy,0,0.1020939350128173,0.015849238468541,0.0145728662610054,0.05307304362456,0.6785304825792432,0.6556873750898288,0.5375211807759633,0.861714553660843,0.7312394096120184,293.5,3866.0,0.8588772689025124,22,0.6050999422641242,0.1715918032245503,0.6627027027027027,0.1773957825875148,0.0477488078280795,2.81254920484963,0.3253551442100731,102.439286,2.948076
1171,Healthy,0,0.0836772657930851,0.0170249278760618,0.0183556360296077,0.0503441265059842,0.8103671781327486,0.8354227943603824,0.6762485406026618,1.0687452388265843,0.661875729698669,334.5,3910.0,0.8423842619860996,28,0.5069485602744576,0.152940271836188,0.6513563803741064,0.1747248153824717,0.0382365617880672,2.748904436072884,0.337895192724123,102.43483,2.947738
1172,Healthy,0,0.2193001608053843,0.0307150731484095,0.0272220778796407,0.1315791126754548,0.595961608929001,0.5668769408924803,0.4914112258309197,0.6856895161676032,0.7542943870845401,266.0,3902.5,0.8723761544920235,26,0.4791885793990553,0.3904854278597567,0.6971830985915493,0.1911037891268533,0.0429138117562207,3.142227598721161,0.3704360155973059,102.437864,2.946619
1173,Healthy,0,0.1140091220537821,0.0287331944952408,0.0282690736154715,0.0814624842670228,0.9087822321001428,0.9030996690499,0.8051766340886805,1.0304810816863952,0.5974116829556598,285.0,3982.0,0.8664166861963909,25,0.5761510495199966,0.214762600345744,0.6944179843779767,0.1817698644698379,0.0340658063015928,2.7813722539873607,0.3730886850152905,102.438053,2.947099
1174,Healthy,0,0.1340839051538043,0.0216227755364444,0.0215907541828023,0.0861388155155711,0.6565580103731569,0.6561516064018972,0.5554745741310648,0.8016649186756493,0.7222627129344675,334.0,3910.0,0.8426013195098964,20,0.563082219299724,0.2290449187987381,0.6758877376521477,0.1911060270250947,0.0441867753055468,2.521861777150917,0.3389010989010989,102.439579,2.947601
1175,Healthy,0,0.1123799259463946,0.0226385087395707,0.0261963041913178,0.0882250786655479,0.7365649118074863,0.783111748748824,0.6706790459310189,0.9157835200816548,0.6646604770344905,301.5,3817.0,0.8535874711666869,28,0.5854397014010739,0.2040041467795769,0.6688989560764231,0.1911992127091241,0.0428307692307692,2.8151024983984625,0.337706080482184,102.434553,2.947393
1176,Healthy,0,0.1805300273829036,0.0276216552075412,0.0266039953049686,0.1261589237385326,0.6105375650190101,0.6009804010923072,0.5307985957891876,0.6966087181770275,0.7346007021054062,272.0,3896.0,0.8694817658349329,25,0.5809313351871059,0.3156812368995614,0.7073170731707317,0.1996484546652995,0.0382860040567951,2.7256317689530687,0.3905183545471315,102.432185,2.94914
1177,Healthy,0,0.1789791699912813,0.0293326646917396,0.0242662171108855,0.1299859881401062,0.6383075547411647,0.5913314713988757,0.5632452853458633,0.6292608153355264,0.7183773573270684,288.0,3896.0,0.8623326959847036,25,0.4807351138386037,0.2994894091453817,0.6797027766914353,0.1840110268780151,0.0434888241010689,2.8165495706479318,0.3440537197384697,102.438211,2.946962
1178,Healthy,0,0.1946104599369896,0.016258714824087,0.0169715009008844,0.0671411736143959,0.4420094901531963,0.450606921157909,0.3084133058804595,0.8070841165703881,0.8457933470597703,326.5,3683.0,0.8371368000997631,26,0.4337900376275332,0.2401145373781522,0.648439851509983,0.1698113207547169,0.0384275060042978,2.869539198084979,0.3091419055131913,102.436339,2.946384
1179,Healthy,0,0.1613585940665668,0.0233941932933198,0.0212503210124042,0.0935736563470628,0.620287522283043,0.5961011608833872,0.5064972199363771,0.7402746883041028,0.7467513900318115,274.0,3909.0,0.8689935453024146,23,0.6000569642457823,0.2238523448920912,0.6586977648202138,0.185113178725177,0.047052328078032,2.801325524044389,0.3247566063977747,102.438837,2.947245
1180,Unhealthy,1,0.2259430123700035,0.0255604845782121,0.0270212015344036,0.1259738215141826,0.5073565682499834,0.5199691322779766,0.4065229293169627,0.7064596219139117,0.7967385353415185,280.5,3977.0,0.8682325308279507,24,0.5145955329708585,0.3691833917465474,0.7043259945925068,0.1941813261163734,0.0437610881135422,2.8802399875331157,0.3739130434782609,102.437552,2.946202
1181,Unhealthy,1,0.1213819707433382,0.0131270265620615,0.0105472771036956,0.0656317418648137,0.4924148388571942,0.4494665445988891,0.3903687284875636,0.553815328499077,0.8048156357562183,321.0,3959.0,0.85,26,0.432780614640509,0.1823436690287457,0.648439851509983,0.1698113207547169,0.0384275060042978,2.874980243401296,0.3091419055131913,102.436496,2.946391
1182,Healthy,0,0.0939075963364707,0.0141826941528254,0.0113419463030166,0.0858988132741716,0.5450380616313197,0.4972387848321499,0.5248461851152071,0.4665511191945611,0.7375769074423965,307.0,3724.5,0.8476993674810864,22,0.3685493351148821,0.1717872778988546,0.650195449533928,0.1952087114337568,0.0415638641108369,2.604801829268293,0.3045987060674943,102.439103,2.947868
1183,Healthy,0,0.3142966214153502,0.0275563572843869,0.0323104912208186,0.1848974923292795,0.3977054710761256,0.4283386073982536,0.3224351870701789,0.5950147999668958,0.8387824064649106,258.5,3950.5,0.877167973390354,26,0.5410046724640714,0.3915915116667748,0.7070877984583568,0.1956808006320779,0.0442783208740655,3.037433155080214,0.3720613287904599,102.437937,2.946887
1184,Healthy,0,0.1375619181328349,0.0207788697961303,0.0203029940732651,0.0695398789313104,0.6685082768361219,0.662120362232813,0.5249151546587506,0.903933429298554,0.7375424226706246,241.5,3894.0,0.8832063837504533,20,0.4881426954985801,0.2137768696993588,0.6961663947797716,0.198300079233595,0.0351564930620372,2.827887890987922,0.3538626801539701,102.439732,2.948017
1185,Healthy,0,0.1045845929119322,0.0209496514871716,0.0210683792829513,0.0868865458501709,0.7181595520423552,0.7198283475726459,0.6675358293651756,0.7806361500217354,0.6662320853174123,267.0,3701.0,0.8654233870967742,21,0.7314273881485231,0.1884689809133609,0.6675513614469675,0.1889543033361368,0.0583317736602408,2.6857500391052715,0.3119217081850534,102.439344,2.947602
1186,Healthy,0,0.1424061912629339,0.0207949878854884,0.0197022048135598,0.0787701573636796,0.6331096782104731,0.6190491020817126,0.5096773931167868,0.8003140933330309,0.7451613034416067,249.0,3762.5,0.8758569113797832,20,0.5259038883261871,0.2350556246108479,0.6879026485325698,0.1881658508494097,0.0467372693258925,2.652699131747829,0.3378500451671183,102.439542,2.947531
1187,Healthy,0,0.1260442121161354,0.0153546855888432,0.0134977054678731,0.0893742880887455,0.4990799458051377,0.4724654813793165,0.4343650718092569,0.5248349915740379,0.7828174640953715,334.0,3840.0,0.8399616674652611,29,0.4059868882039961,0.2052827835496929,0.6457917830075788,0.1798684586788676,0.0476069569633109,2.793625498007968,0.320628198341274,102.435104,2.94808
1188,Healthy,0,0.1070560961961746,0.0167814540780252,0.0176543777601586,0.1170386092530356,0.5210466352835171,0.5327932583825239,0.542047352870527,0.5242849877085054,0.7289763235647365,380.0,3594.0,0.8087569199798692,26,0.5315842219581866,0.2346351831737492,0.6149328023892484,0.1568963058051633,0.0403386134804078,2.646356525319061,0.2816290393979637,102.436263,2.946116
1189,Healthy,0,0.1248126957151624,0.0168601015789641,0.0123132939140001,0.0871153925028112,0.5490810128425125,0.4840019239025648,0.4760293267580759,0.4953618259576315,0.7619853366209619,320.5,3822.0,0.8452625226312613,26,0.5183041711377407,0.1904784844567378,0.6480154888673766,0.1797643797643797,0.0410958904109589,2.856268863691981,0.3161865569272977,102.436844,2.947009
1190,Healthy,0,0.1404156378573841,0.0146545353862974,0.0180676692268914,0.1074538595146603,0.4229630157740124,0.4664743024355136,0.3780104214694817,0.5757631988084738,0.810994789265259,272.0,3677.0,0.8622436059761965,25,0.4770487369165141,0.2405304171972804,0.6970321516900247,0.1859426760766239,0.0391216557294295,2.7750611246943766,0.3639356254572055,102.432072,2.948926
1191,Healthy,0,0.2282616164949205,0.0293637667265203,0.0336561854928731,0.1621713737646738,0.5229981741727013,0.5559117281265732,0.455914186084386,0.6874657606003133,0.772042906957807,281.5,3919.5,0.8659842894548917,24,0.4892861520488478,0.4008099763757652,0.7012862353618737,0.192090395480226,0.0417915711514724,2.8638904195859247,0.36116588084012,102.437475,2.94606
1192,Healthy,0,0.1542294141319063,0.0145648734437094,0.0166674760273761,0.0892094605498843,0.4274849646260151,0.4548324939011775,0.3451508615108717,0.6296924171096895,0.827424569244564,335.0,3689.0,0.8334990059642147,28,0.3032168265108501,0.2553192646139198,0.6524705194425494,0.188893563315103,0.0449895229877973,2.736842105263158,0.3364006370553884,102.434791,2.947385
1193,Healthy,0,0.1519097487131754,0.0283215762012534,0.0218159856481684,0.073532481988271,0.8032057780410813,0.7277393075207734,0.6285605726906812,0.9152107501654684,0.6857197136546594,275.0,3921.0,0.8689227836034319,25,0.521305834662263,0.2449082723922199,0.6971830985915493,0.1911037891268533,0.0429138117562207,3.0087473180392803,0.3704360155973059,102.437937,2.946478
1194,Healthy,0,0.1439489035142792,0.0184914244131909,0.0201312501190437,0.1147652599546644,0.5002803178741005,0.5195814254550128,0.4553407309408377,0.5969390937702951,0.7723296345295811,246.0,3642.5,0.8734730615918734,20,0.5176516026377156,0.2638020382987128,0.698771549499329,0.1925501847959997,0.0408602150537634,2.688593366579593,0.3537117903930131,102.439891,2.948154
1195,Healthy,0,0.1477437482939826,0.0233772419806983,0.0191850569099187,0.0900565236806869,0.6572300478000294,0.6072465202363703,0.5464494319060098,0.7024818500866161,0.7267752840469952,261.0,3819.5,0.872074500673937,20,0.5638816918109052,0.2621885972718397,0.6842315369261477,0.1885344038312557,0.0485243864554209,2.716204869857263,0.3326239248026957,102.439538,2.947945
1196,Healthy,0,0.090640262597137,0.0242446852434012,0.0202294810571604,0.074488967243168,0.9079615803596158,0.8487298797519899,0.8441379205586841,0.854299512720808,0.577931039720658,264.0,3637.0,0.8646500897205844,24,0.6858765907937902,0.1862511301620139,0.69912226985099,0.1886334428102241,0.0444165621079046,2.8019604585479314,0.3648131267092069,102.431958,2.94873
1197,Healthy,0,0.2016738951206207,0.0253407003151045,0.0196137951893938,0.0988781385951572,0.5771819613309894,0.5204474208455581,0.4465034552772485,0.6621141055915841,0.7767482723613758,289.0,3896.0,0.8618876941457586,25,0.4560205419884706,0.3218991955121358,0.6971830985915493,0.1911037891268533,0.0429138117562207,2.962871693773616,0.3704360155973059,102.437788,2.946478
1198,Healthy,0,0.1205053312910927,0.0204468599210182,0.0211045371575488,0.077671789460712,0.684210918244287,0.6933075372862922,0.5802495085797962,0.8546394821549155,0.709875245710102,262.0,3692.5,0.867492729801492,20,0.6981069978939602,0.2043226576513713,0.6879026485325698,0.1881658508494097,0.0467372693258925,2.7319423429163017,0.3378500451671183,102.439462,2.947533
1199,Healthy,0,0.1060353169838587,0.0245497300186091,0.0189089078663124,0.0888697682983345,0.8048941870807382,0.7292827500341239,0.751992072052328,0.7017680505715775,0.6240039639738361,255.5,4168.5,0.884493670886076,22,0.6040009931744602,0.2051901492393678,0.7017223130953526,0.1905755637832379,0.0403529411764705,2.761467889908257,0.357763440860215,102.438792,2.947451
1200,Healthy,0,0.1035006841023763,0.0168816862213942,0.0167864103698068,0.1015774682164192,0.5654523010852762,0.5640816849674288,0.5609354983122732,0.5672815244079112,0.7195322508438634,326.5,3878.0,0.8446902128671662,22,0.5552482796567078,0.2004872088630994,0.6850886339937435,0.1943828529194383,0.0405057363615078,2.53551795530806,0.3392070484581498,102.438987,2.947655
1201,Healthy,0,0.1120903765161832,0.0150372660201456,0.0182149209496047,0.1062551554706361,0.4842528667412164,0.5286564140192422,0.4731391448826231,0.5853590348287974,0.7634304275586884,309.0,4165.0,0.861868573983013,22,0.4130096634192681,0.2263786705831687,0.6966450521567522,0.1908970976253298,0.0368115775569976,2.5646824077153307,0.374642827985958,102.438992,2.947385
1202,Healthy,0,0.093195278611448,0.0136467358097434,0.0122627676464617,0.1040298458602693,0.4862576569541638,0.4644640537742884,0.5109127110219165,0.4217900785504982,0.7445436444890416,339.0,3707.5,0.8324477943902138,22,0.4978401761754027,0.1968779572182231,0.6567120336825615,0.1875350926445817,0.0492372566042415,2.628560280920796,0.3022689733113101,102.439066,2.947676
1203,Healthy,0,0.0864857873982853,0.0197987272921535,0.0204762385951148,0.0917131710383627,0.7272379564946679,0.7373871460752518,0.7451218025436236,0.73005958983154,0.6274390987281883,337.5,3693.5,0.8325477548995287,28,0.6039614699416138,0.1858859678937329,0.6524705194425494,0.188893563315103,0.0449895229877973,2.7344577527906786,0.3364006370553884,102.43487,2.94753
1204,Healthy,0,0.2524041367901696,0.0277548463394244,0.0289357687450117,0.1276909998721546,0.5097252274526339,0.5191617616437653,0.3962728023835775,0.7389737782495588,0.8018635988082113,280.0,4090.0,0.8718535469107551,24,0.5268782332628869,0.3644741690821118,0.7052671975438933,0.1960969044414535,0.0411809501493761,2.899764061191872,0.3847987062728742,102.437672,2.946132
1205,Healthy,0,0.0935381377736727,0.0162290853137771,0.012528802268207,0.0671304315328598,0.6722667329989007,0.6072623234231533,0.5914000502990823,0.629119898365842,0.704299974850459,312.5,3813.5,0.8485215705283567,22,0.5549641507648011,0.1507189927829636,0.656468273487457,0.1723993872719676,0.0405388703497713,2.675991745012612,0.3337305302578943,102.439263,2.947865
1206,Healthy,0,0.1410010846124755,0.0210076946144302,0.0205373421518339,0.1126056942674848,0.5685011986434553,0.5630327792536559,0.5186804002765137,0.6170008647588267,0.7406597998617432,292.0,3928.0,0.861611374407583,26,0.4879111086759681,0.2509222999215126,0.7014520813165537,0.1954836076724255,0.0484371271772846,2.9101968945093644,0.370125348189415,102.438096,2.946765
1207,Healthy,0,0.0921932351258066,0.0167141734725899,0.0159111356155739,0.0997115605407291,0.5934031107493514,0.5812193268926169,0.6138856368982043,0.5504502539558372,0.6930571815508979,326.5,3878.0,0.8446902128671662,22,0.5136356380869471,0.1878567758119768,0.6850886339937435,0.1943828529194383,0.0405057363615078,2.53551795530806,0.3392070484581498,102.438944,2.947731
1208,Unhealthy,1,0.1007756458388434,0.015663721702165,0.0178961474448442,0.0429361855818165,0.7158951826246361,0.757252715228476,0.5380902364193433,1.1767523324808824,0.7309548817903284,287.0,3848.0,0.8611850060459492,22,0.6311740399609643,0.1647575774954425,0.6668632075471698,0.1836706210746685,0.0437511537751523,2.78116213683224,0.3346568839015968,102.439258,2.948139
1209,Healthy,0,0.0878629113237063,0.0154047692194581,0.0147769333173831,0.0699420513378249,0.6533864206444754,0.6422094355467616,0.5966927556979118,0.6976917099525085,0.701653622151044,262.5,3908.5,0.8741309038599856,24,0.5536213526037971,0.1516156366301907,0.6948474237118559,0.1939667324499577,0.0449050086355785,2.8018135710443404,0.3659761456371626,102.431715,2.948453
1210,Healthy,0,0.0786727468172709,0.0212098055829604,0.02184808274938,0.0500633331636587,0.991368989992277,1.002547150056477,0.8493898112644259,1.215277572940604,0.575305094367787,370.5,3762.0,0.8206896551724138,26,0.7504442288216163,0.1423761534194151,0.618645693458661,0.1716189947236878,0.0417283950617283,2.726505346088914,0.2867771389922218,102.436676,2.946731
1211,Healthy,0,0.1319742012355062,0.0169857279914948,0.0170263152362571,0.0668558205167452,0.5836982877166174,0.5842937912558521,0.4561153614838292,0.8119161527499709,0.7719423192580853,263.0,3722.0,0.8680050188205771,20,0.4976157510638725,0.2003870662301779,0.6879026485325698,0.1881658508494097,0.0467372693258925,2.7142184557438798,0.3378500451671183,102.439385,2.947397
1212,Healthy,0,0.199383012122578,0.0226417775783273,0.032277709700995,0.120035825504197,0.4966630990386205,0.5868433299539805,0.4079144064737736,0.8476649079810664,0.7960427967631132,267.0,3909.0,0.8721264367816092,25,0.5181845283954777,0.3276750000400675,0.7073170731707317,0.1996484546652995,0.0382860040567951,2.856918732350173,0.3905183545471315,102.432146,2.949076
1213,Healthy,0,0.1649062914980782,0.0203374167904257,0.0184292720837725,0.0811792955630355,0.5673702596724252,0.5443760453997827,0.4391494205838639,0.7400677479519232,0.7804252897080681,251.0,3768.5,0.8751088443836298,20,0.4560395731765862,0.2583610398901833,0.6996495567924139,0.1968355349107272,0.0495830946470625,2.772523055095767,0.3418301852191454,102.439808,2.948011
1214,Healthy,0,0.093997769885593,0.015982005227771,0.0165428952831361,0.0461115071343051,0.7430324816710253,0.7536143995612525,0.581270700410042,1.056136178455101,0.7093646497949789,290.0,3823.0,0.8589837101872113,21,0.7800606438390281,0.1591787462433178,0.6668632075471698,0.1836706210746685,0.0437511537751523,2.683427008962479,0.3346568839015968,102.439334,2.948147
1215,Unhealthy,1,0.1437920961115095,0.0189149715006351,0.0168108766277631,0.069285483409961,0.6030898176493139,0.5743626358503997,0.4650067579295066,0.78102612562934,0.7674966210352467,323.5,3804.5,0.843265503875969,26,0.465689215105114,0.2287058846818077,0.648439851509983,0.1698113207547169,0.0384275060042978,2.801384194431032,0.3091419055131913,102.436461,2.946321
1216,Healthy,0,0.1181353206435839,0.0162209756672382,0.0151757119844357,0.0840925007230705,0.5529804876198283,0.5375581146618614,0.482924168427874,0.6115033834305423,0.7585379157860629,293.5,3866.0,0.8588772689025124,22,0.4283088998866938,0.1975786501748694,0.6627027027027027,0.1773957825875148,0.0477488078280795,2.81254920484963,0.3253551442100731,102.439266,2.948006
1217,Healthy,0,0.1676638192600674,0.0290466575986809,0.0291825404597653,0.1346133036745919,0.6448177658354919,0.6460824087415632,0.5906479016781278,0.712656431889143,0.704676049160936,278.0,3896.0,0.8667944417824629,25,0.476582825041154,0.2938874070015218,0.7047609737022191,0.1965964454813696,0.0452556494635257,3.0454545454545454,0.3732133403917416,102.4379,2.946413
1218,Healthy,0,0.098285806675752,0.0184867735952138,0.0203914988992942,0.1441449597477913,0.5293196330749681,0.5528193853142943,0.6332573469667633,0.4957320478868931,0.6833713265166185,270.0,3610.0,0.8608247422680413,24,0.4197901133566334,0.2408046703785657,0.6880430285477865,0.1893310013117621,0.0433448408131952,2.794043834699682,0.3667097727692592,102.431989,2.949212
1219,Healthy,0,0.1296777899066607,0.0208421413683229,0.0168755250051617,0.1046508310569657,0.6040917968373186,0.5545771896786973,0.5538706054880285,0.5554523496626361,0.7230646972559857,396.0,3774.0,0.8100719424460432,27,0.5138735898950267,0.2351849486844407,0.6166255456443348,0.1702156889682648,0.0469518190757128,2.692920918367347,0.3009220452640402,102.436674,2.94701
1220,Healthy,0,0.1917796631654103,0.0227918184051911,0.0245600483483738,0.1222255039546224,0.5070640277132014,0.5241560264757823,0.4248806642590443,0.6692769952638582,0.7875596678704779,276.5,4127.0,0.8744180765300329,24,0.5992932995999488,0.2905871131353909,0.7052671975438933,0.1960969044414535,0.0411809501493761,2.9296964163433006,0.3847987062728742,102.437671,2.946269
1221,Healthy,0,0.188209593296051,0.0195130240172147,0.0185308263947566,0.0794813202487097,0.508951938405968,0.4977366645469903,0.3757515530971224,0.7562665252977357,0.8121242234514389,263.0,3722.0,0.8680050188205771,20,0.4288858734361388,0.2443212036871247,0.6879026485325698,0.1881658508494097,0.0467372693258925,2.7142184557438798,0.3378500451671183,102.439461,2.947395
1222,Healthy,0,0.1786788619226879,0.0184318541238705,0.0195021730744176,0.0684549150367577,0.5192117559892838,0.5322807647165718,0.3740406304346603,0.8868948935538838,0.8129796847826699,329.0,3638.0,0.8341315855810436,25,0.4643019959655706,0.2598260885311497,0.6103585657370518,0.1638353008926,0.0448494248416699,2.861961598339388,0.2789285714285714,102.436421,2.946252
1223,Healthy,0,0.1184960053198867,0.0183210845829712,0.0176302557811141,0.0752229375971688,0.6362561603321384,0.626138303144374,0.5356373124433339,0.7594894753609014,0.7321813437783331,262.0,3692.5,0.867492729801492,20,0.5753182806571355,0.1981302000996138,0.6879026485325698,0.1881658508494097,0.0467372693258925,2.7319423429163017,0.3378500451671183,102.439419,2.947463
1224,Healthy,0,0.1389125991198751,0.023910890540315,0.0231253012186951,0.1319582834839821,0.6002244360161944,0.5918231527659783,0.5874064139078858,0.5964603220393807,0.7062967930460571,262.5,3772.0,0.8698723509728591,24,0.5901577797191647,0.278917647484276,0.6966084275436794,0.1978811407009651,0.0462006464287977,2.842390864177533,0.3675816023738872,102.432151,2.949208
1225,Unhealthy,1,0.1029622422324286,0.014001100220614,0.0144055086291498,0.0404400943468014,0.6534762948050971,0.6613534302031752,0.4788201132755773,1.050622682402916,0.7605899433622113,358.5,4021.0,0.8362826806713095,28,0.6481204492530027,0.1462854422214958,0.6513563803741064,0.1747248153824717,0.0382365617880672,2.68866539421524,0.337895192724123,102.434823,2.947872
1226,Healthy,0,0.2151979299055205,0.0247206979741652,0.0220336018958025,0.0792757657667001,0.5750418885703354,0.5480710900719417,0.4121513730323954,0.8699531900822532,0.7939243134838022,272.0,3680.5,0.8623655913978494,20,0.5319263810265499,0.2535321373078558,0.6961663947797716,0.198300079233595,0.0351564930620372,2.741273926331028,0.3538626801539701,102.439689,2.947944
1227,Healthy,0,0.1109317085809177,0.0233177954538,0.019563705039521,0.1220954722828335,0.6670260844833316,0.6216767124891606,0.6947599731249624,0.5524161698328246,0.6526200134375189,259.0,4210.0,0.8840904005370329,22,0.6247912055881287,0.2288975812908675,0.6966450521567522,0.1908970976253298,0.0368115775569976,2.7033869312350327,0.374642827985958,102.438874,2.947447
1228,Healthy,0,0.1598460533552699,0.0139800676972501,0.0151750167003936,0.0755761282311545,0.4246319299640029,0.4407798877081044,0.3217023451389368,0.6688628209303511,0.8391488274305315,334.5,3792.5,0.8378967773200873,26,0.385775317176727,0.2225944269448518,0.648439851509983,0.1698113207547169,0.0384275060042978,2.668827660723933,0.3091419055131913,102.436379,2.946457
1229,Healthy,0,0.1379663124680519,0.0226860305087433,0.0201140682523449,0.0971203818917274,0.6471120640388391,0.6160796384802958,0.5648477971347133,0.6862852421835468,0.7175761014326434,396.0,3774.0,0.8100719424460432,27,0.4689210086565826,0.2471410853581296,0.6166255456443348,0.1702156889682648,0.0469518190757128,2.692920918367347,0.3009220452640402,102.436608,2.947008
1230,Healthy,0,0.1760338933931456,0.0248929129706488,0.0198051613859004,0.138331757651435,0.5468694110855224,0.497940295212105,0.4955618102161669,0.5009623687236373,0.7522190948919165,317.5,4061.5,0.8549897236812057,22,0.4852333504960536,0.3042986357791556,0.6531980084258905,0.1811465316732795,0.0533829540601549,2.7478899082568806,0.3172538547678525,102.439179,2.947318
1231,Unhealthy,1,0.1120419510536723,0.0151727144709891,0.0145531550256742,0.1157925799489021,0.470143832209057,0.4616527919516305,0.4770743815868546,0.4466016484087574,0.7614628092065727,346.0,4007.0,0.8410291752814151,26,0.3769880418940765,0.2284740215788284,0.6391237509607994,0.1649822452881726,0.0350685596408202,2.8008568586948206,0.3027188328912467,102.436496,2.946522
1232,Healthy,0,0.135766284333335,0.0160179266499148,0.0166671861790948,0.0797505117952823,0.5176410492684193,0.5267503858657205,0.4221236595335325,0.6914575447973913,0.7889381702332338,277.0,3772.0,0.8631760928624351,21,0.4517382838832475,0.1975927681972583,0.6627027027027027,0.1773957825875148,0.0477488078280795,2.7433281004709578,0.3253551442100731,102.439309,2.947943
1233,Healthy,0,0.1304526320762104,0.0247146052618821,0.0247583602451615,0.1350800701313548,0.6277484168814861,0.6282168300776795,0.6371088558606394,0.6195846690145934,0.6814455720696804,296.5,3815.0,0.8557704000972881,24,0.5564662399470786,0.251228341832757,0.7050969691063249,0.1988488419898588,0.045036435312388,2.8091816367265467,0.3704323324821696,102.437826,2.946272
1234,Healthy,0,0.1675978956951035,0.0244699995964765,0.0226515034834543,0.1012788108653492,0.6159525073036984,0.596478101993763,0.5096114487916551,0.7311045276525757,0.7451942756041724,259.5,4037.0,0.8792040032584661,22,0.6263926624656497,0.2377877804554171,0.6586977648202138,0.185113178725177,0.047052328078032,2.813780260707635,0.3247566063977747,102.438794,2.947314
1235,Healthy,0,0.0842920947406027,0.0163585888221859,0.015659840674036,0.1031999298267894,0.5942926510929251,0.5834515651257862,0.6501133720361063,0.5270022180945487,0.6749433139819468,302.5,3904.0,0.8561749673124925,22,0.4614732505092491,0.1914644514520962,0.6850886339937435,0.1943828529194383,0.0405057363615078,2.730477634571645,0.3392070484581498,102.438908,2.947658
1236,Healthy,0,0.1223478524221314,0.0238346426437298,0.0220047554208172,0.0994243895014127,0.7076754022423434,0.6851629931580985,0.6521886942206402,0.724859108080199,0.67390565288968,241.5,3894.0,0.8832063837504533,20,0.5001490539579717,0.2442262421051661,0.6961663947797716,0.198300079233595,0.0351564930620372,2.827887890987922,0.3538626801539701,102.439697,2.948079
1237,Healthy,0,0.2644487718741099,0.024641653522849,0.0291849950121508,0.1067241032918294,0.4688555823958955,0.5066043186709657,0.3409542670119605,0.8589563282032635,0.8295228664940196,281.0,4052.5,0.8703126802815276,24,0.383947228937511,0.3869080055091116,0.7052671975438933,0.1960969044414535,0.0411809501493761,2.915056422940176,0.3847987062728742,102.437754,2.946134
1238,Healthy,0,0.1528899040487077,0.0206466913223266,0.0188125440229972,0.1032151530186335,0.5553947449709877,0.5340189780466588,0.4759040311510646,0.6166647237988652,0.7620479844244676,273.0,3960.0,0.8710134656272147,27,0.4777910462187475,0.2781555909249518,0.7049749325106055,0.195026354912826,0.0422585017976071,3.008322454308094,0.3837458251263166,102.438021,2.946616
1239,Healthy,0,0.1793954397241274,0.0236800776587592,0.0198919057018227,0.0895336063371764,0.598947483645447,0.5577195498035743,0.4664290006778482,0.7271395977469405,0.7667854996610758,274.0,3909.0,0.8689935453024146,23,0.5556229388430348,0.2512644446558423,0.6586977648202138,0.185113178725177,0.047052328078032,2.801325524044389,0.3247566063977747,102.438758,2.947243
1240,Healthy,0,0.12368755787611,0.0168738688031832,0.0157879289860526,0.0772279575467109,0.5752538954562072,0.5593316806342968,0.4801849042606217,0.6789347314554286,0.7599075478696892,316.0,3857.0,0.8485502036903906,29,0.5461415874734875,0.1950196311291721,0.6659478533620858,0.1837303245577378,0.0379870526444363,2.8291786513263024,0.3338078291814946,102.434989,2.94801
1241,Healthy,0,0.1447217845254474,0.0118958316225972,0.0111548944065968,0.0864523872733116,0.3732525691701866,0.3626824315971382,0.30381848262465,0.4571336980033094,0.848090758687675,321.0,3959.0,0.85,26,0.3696956173866749,0.212954935307304,0.648439851509983,0.1698113207547169,0.0384275060042978,2.874980243401296,0.3091419055131913,102.436455,2.94646
1242,Healthy,0,0.1651361733675003,0.0279948624471823,0.02221521611015,0.1009485887156592,0.6953636771393423,0.6349781546313904,0.5798107451573874,0.7214852169131677,0.7100946274213062,255.5,4168.5,0.884493670886076,22,0.6607058416136179,0.2519394635326334,0.7017223130953526,0.1905755637832379,0.0403529411764705,2.761467889908257,0.357763440860215,102.438755,2.947382
1243,Healthy,0,0.1131409274207221,0.0172395807587438,0.0182350474513239,0.1164490481217702,0.5222747633648093,0.5353355779360651,0.5289005542151715,0.5415649820784547,0.7355497228924144,259.0,4210.0,0.8840904005370329,22,0.5054645436917024,0.2303692435638771,0.6966450521567522,0.1908970976253298,0.0368115775569976,2.7033869312350327,0.374642827985958,102.438913,2.947383
1244,Healthy,0,0.0977202769782808,0.0150988937045137,0.0158479253037108,0.1001307306190331,0.5296723871430709,0.5410334436712763,0.5353307815731483,0.5465807541093587,0.7323346092134259,377.0,3697.0,0.8149239077074129,26,0.4897544900680946,0.1992759950872924,0.6117969821673526,0.1505105609176108,0.0349166404529726,2.615202835762111,0.2958358689037642,102.436146,2.946182
1245,Healthy,0,0.1057455812891324,0.018037526971764,0.0165294153201911,0.0699283290240499,0.681468342858915,0.6576636626731494,0.5828752315298623,0.764739605251667,0.7085623842350689,327.5,3819.5,0.8420544972269111,20,0.4001261570726683,0.1932553473032183,0.6678423863750882,0.1952910587895421,0.0422570690849549,2.5588041327764346,0.3315145648156297,102.439577,2.94774
1246,Healthy,0,0.1106600686907768,0.0247224203000466,0.0166320582437846,0.085607274952862,0.8049228938691431,0.6961394061056377,0.7304466178553523,0.6507107479582085,0.634776691072324,321.0,3870.0,0.8468146027201146,23,0.633865886815263,0.2016457070906957,0.6496378939127031,0.1737344196086623,0.0468264811824618,2.5889991245987742,0.3176844334627603,102.438878,2.947179
1247,Healthy,0,0.0845087120930353,0.0162300918665197,0.0160367207394705,0.0912194086445702,0.6236696881810931,0.6205307425001025,0.6444425078954011,0.5980719547336826,0.6777787460522993,283.5,3993.0,0.86741494212557,22,0.4791452526790237,0.1926492055257161,0.6774636827640361,0.1790272507761297,0.0330029013539651,2.6802745664739884,0.3470825814213285,102.438957,2.947314
1248,Healthy,0,0.2336993449264102,0.0214299360911051,0.0156884326909979,0.1090731836027569,0.4445671276909975,0.3908318840468496,0.3359855208408458,0.5029890813231863,0.832007239579577,322.0,3687.5,0.8393814690110987,24,0.473702050662881,0.3017150765905778,0.6563641749777822,0.1866157328805885,0.0492931314900538,2.75364097529046,0.3218983291859225,102.43872,2.947175
1249,Healthy,0,0.1756697172919909,0.027098589680261,0.023624406920539,0.0971595429711871,0.6629088390881808,0.6270764060486718,0.5345724898510761,0.7823690793923045,0.732713755074462,296.0,3849.0,0.8571773220747889,23,0.6940600630041566,0.2600730003582107,0.6586977648202138,0.185113178725177,0.047052328078032,2.6969788978290574,0.3247566063977747,102.438708,2.947308
1250,Healthy,0,0.1445356590880288,0.0156948606794079,0.0109479224516285,0.0739221568736765,0.5025420173511171,0.4348056794582578,0.3918070215883437,0.5159850226917015,0.8040964892058282,256.0,3873.0,0.8759990312424316,22,0.3854878315054166,0.2247269563376902,0.6786542923433875,0.1971044467425025,0.0412568961381626,2.7695252679938744,0.3419631375910844,102.439103,2.948002
1251,Healthy,0,0.1397998457153638,0.0200225087917513,0.0148531224371658,0.1153484491838349,0.5426277072025375,0.4810035047041058,0.5011191044832198,0.4563116175095411,0.7494404477583901,271.0,3867.5,0.8690346743989368,20,0.4298541446710398,0.2503389991405937,0.6961663947797716,0.198300079233595,0.0351564930620372,2.771228232393281,0.3538626801539701,102.439614,2.948083
1252,Healthy,0,0.0898263090186649,0.0158011505587233,0.016221054829657,0.0474146689391798,0.7486777392745225,0.756743545886867,0.5983728330471321,1.0196194130568308,0.7008135834764339,315.0,3854.5,0.8489027461326298,28,0.6625961225919692,0.1512578645100196,0.6513563803741064,0.1747248153824717,0.0382365617880672,2.805341998890386,0.337895192724123,102.434789,2.947807
1253,Healthy,0,0.1699789315462112,0.0316804374257723,0.0300954758293098,0.1115432158112526,0.7348680076590863,0.7197933264738576,0.628395052256137,0.849922446493175,0.6858024738719314,302.0,3548.5,0.8431372549019608,20,0.488950095396567,0.290449060085747,0.6678423863750882,0.1952910587895421,0.0422570690849549,2.5743398620252163,0.3315145648156297,102.439731,2.947877
1254,Healthy,0,0.1332475302947892,0.0254694113714827,0.0175759725065694,0.0799572211172845,0.7713808356824438,0.6719275887104016,0.6418826145235652,0.7208201373720139,0.6790586927382173,261.0,3934.5,0.8755809796210225,20,0.5793019032851343,0.2338235680427817,0.6845332278481012,0.1896912976672719,0.041643735094478,2.7330555762220072,0.3457600420057758,102.4395,2.947879
1255,Healthy,0,0.2465408080153995,0.0279720404909716,0.0281284492876794,0.1137700544463263,0.5375943936580685,0.5388949122238775,0.4075880694571191,0.7929174317555111,0.7962059652714404,292.0,3963.5,0.8627658324521208,24,0.3697596053172673,0.3820255671938261,0.703210061948564,0.1906824146981627,0.0431133593929639,2.9194497455470736,0.3734656129140743,102.437708,2.946069
1256,Healthy,0,0.1430876619286007,0.0163941444415185,0.0166517984535959,0.1521159617437256,0.3998670409594628,0.4026929051658007,0.4111853211261378,0.3946677596272366,0.7944073394369309,345.0,3862.0,0.8359876396482053,27,0.3879328087053205,0.3069216588305102,0.6460038986354776,0.1771922487104419,0.0409270216962524,2.810901534526854,0.3297466157584172,102.436722,2.947072
1257,Healthy,0,0.1339929989642567,0.0164171911569105,0.0165183765606747,0.0859980198244253,0.5194791689543719,0.5208715805251117,0.4365978433691271,0.6445164731941562,0.7817010783154363,291.0,3789.0,0.8573529411764705,21,0.4799753280663368,0.2073760274797677,0.6627027027027027,0.1773957825875148,0.0477488078280795,2.6431917787517003,0.3253551442100731,102.439339,2.948009
1258,Healthy,0,0.146136875781748,0.0216174882112277,0.0229561492386791,0.0963505349225468,0.6052725074465488,0.6211032494518451,0.5154557579708121,0.7696517391316365,0.742272121014594,251.0,3768.5,0.8751088443836298,20,0.5151120121935819,0.2606136184185743,0.6996495567924139,0.1968355349107272,0.0495830946470625,2.772523055095767,0.3418301852191454,102.439776,2.948084
1259,Healthy,0,0.1113506828745206,0.0204693081064356,0.0188689641654491,0.1046591069963243,0.637304847877251,0.6162298149714744,0.6211291004986569,0.6110016610147874,0.6894354497506715,281.5,4115.0,0.8719435914932333,22,0.5706749039105289,0.2076272215280268,0.6774636827640361,0.1790272507761297,0.0330029013539651,2.640151515151515,0.3470825814213285,102.438878,2.947318
1260,Healthy,0,0.0994890166653527,0.0117037463933229,0.011782520968053,0.0959589609669314,0.4278164533304015,0.4291017581476306,0.4210254722116013,0.4374367516185846,0.7894872638941993,295.5,3818.5,0.8563441905687895,22,0.4069122006561818,0.1605601950238148,0.650195449533928,0.1952087114337568,0.0415638641108369,2.794922649742166,0.3045987060674943,102.439182,2.947872
1261,Healthy,0,0.2072244336207707,0.0211554015469219,0.0182859013891882,0.0855819823013411,0.5050269063235369,0.4748421216753714,0.3705301132455605,0.7041984775070761,0.8147349433772196,249.0,3762.5,0.8758569113797832,20,0.5146850614379095,0.2559897982411914,0.6879026485325698,0.1881658508494097,0.0467372693258925,2.652699131747829,0.3378500451671183,102.439502,2.947463
1262,Healthy,0,0.1053372977508439,0.0176436577199233,0.0161721357661816,0.0421328296264012,0.7723311268950735,0.7461317089614395,0.5738663406015652,1.1094860039648644,0.7130668296992173,321.0,3811.5,0.8446460980036298,28,0.5105762877667795,0.164516367432144,0.66795904165424,0.1776514353899066,0.0444472111553784,2.7081232058344327,0.3473053892215569,102.43495,2.947806
1263,Healthy,0,0.1127658171786202,0.0214324183762073,0.0165419299155473,0.0712917327053017,0.7555858615414502,0.6841241930329931,0.638828619097632,0.7533298474391871,0.680585690451184,316.0,3857.0,0.8485502036903906,29,0.6450168540491279,0.1908059962507751,0.6659478533620858,0.1837303245577378,0.0379870526444363,2.8291786513263024,0.3338078291814946,102.435064,2.94801
1264,Healthy,0,0.1433468270632955,0.0198997513701518,0.0151811937491099,0.0755543617738617,0.6153752817222251,0.5524946904380492,0.487599839729923,0.6692500491834853,0.7562000801350386,271.0,3867.5,0.8690346743989368,20,0.5095421959615836,0.2004669186555677,0.6961663947797716,0.198300079233595,0.0351564930620372,2.771228232393281,0.3538626801539701,102.43965,2.948011
1265,Healthy,0,0.0862593874335289,0.0105450509323014,0.0082559341357813,0.0813892657558123,0.4469691846504969,0.4033472039698977,0.4357259278733053,0.3683826527584325,0.7821370360633473,350.5,3685.5,0.8263131813676908,22,0.3309623908443621,0.1523067804260386,0.650195449533928,0.1952087114337568,0.0415638641108369,2.5947249669337897,0.3045987060674943,102.439065,2.947795
1266,Healthy,0,0.1360541731119156,0.0173430845348371,0.0156119529985719,0.0809323899447918,0.551290062719325,0.5274038008174965,0.4522397545013541,0.6468303588841211,0.7738801227493229,397.0,3599.0,0.8013013013013013,29,0.366963929274018,0.2042210861626598,0.6457917830075788,0.1798684586788676,0.0476069569633109,2.4060715359182447,0.320628198341274,102.435184,2.948079
1267,Healthy,0,0.0866682347324159,0.0136412960580653,0.0122141056280169,0.0815831712550587,0.5581145454137281,0.5328077257252113,0.5439680935825804,0.5208725043582054,0.7280159532087098,349.0,3897.5,0.8356293418109031,22,0.4212994073714036,0.1565329929192861,0.6726248299980572,0.1943673695893451,0.0406769416742218,2.5086603039943443,0.3164491758241758,102.438984,2.947796
1268,Healthy,0,0.1682137126723925,0.0150888976123597,0.0202040023480852,0.067863600121604,0.4533666294597152,0.520217743903689,0.3292674902756657,0.9176587885443548,0.835366254862167,359.0,3657.0,0.8212151394422311,26,0.4325688443576682,0.2403841384996971,0.6103585657370518,0.1638353008926,0.0448494248416699,2.6590341046521004,0.2789285714285714,102.43634,2.946252
1269,Healthy,0,0.0933284378714031,0.0165427807304594,0.0182912282438741,0.1099080070853233,0.5600081340279013,0.5852722738021188,0.602260753670351,0.5707125536873859,0.6988696231648246,379.0,3613.0,0.8101202404809619,26,0.5826644866703062,0.2205951669149928,0.6512399921890256,0.1765688047864199,0.0471826625386996,2.587821077058494,0.3290322580645161,102.43611,2.946112
1270,Healthy,0,0.2075262914101282,0.0262500469883282,0.028035861129562,0.1092109183470408,0.5687409527234821,0.5852563412091297,0.4491480560977342,0.8170934498129021,0.7754259719511329,276.5,4127.0,0.8744180765300329,24,0.5577282350188667,0.3340365245110459,0.7052671975438933,0.1960969044414535,0.0411809501493761,2.9296964163433006,0.3847987062728742,102.437592,2.946271
1271,Healthy,0,0.1101812463667657,0.0114004305667347,0.0100655726467569,0.1111674019032054,0.3735557149253579,0.3536195708512026,0.3750706801969909,0.332106761683347,0.8124646599015045,323.0,3817.5,0.8439801956285473,22,0.3053696940533372,0.1837479915055964,0.650195449533928,0.1952087114337568,0.0415638641108369,2.6086145117945656,0.3045987060674943,102.439139,2.947802
1272,Healthy,0,0.1373264830973413,0.0192625690251588,0.0207228254940774,0.1060085445642471,0.5467269623291826,0.5645254120610647,0.4920540424522049,0.65407090555528,0.7539729787738976,294.0,3877.0,0.8590266123231839,21,0.4224239704926789,0.2552280541923311,0.6776627648253846,0.1809329247531494,0.0391898370086289,2.6061972650567355,0.3317857449918321,102.439343,2.947327
1273,Healthy,0,0.1338784909910625,0.0172221809625625,0.0192563109513786,0.0644814868768056,0.5918164920078813,0.621337584899674,0.4559127564395805,0.9198384218743986,0.7720436217802097,353.0,3764.0,0.8285159096429439,26,0.4294715142596059,0.2075567767024039,0.6138362321672856,0.1520647321428571,0.0338654147104851,2.717495219885277,0.2896463570515551,102.436224,2.946318
1274,Healthy,0,0.2228852924373414,0.0449230163875553,0.0428129887829224,0.1363868307736185,0.8001995161192922,0.7850953895461289,0.6709727055843915,0.9556480333265984,0.6645136472078043,275.0,3938.0,0.8694516971279374,27,0.6737623047658838,0.3445477593276235,0.7028088784128855,0.1940771349862259,0.0373339715208807,2.864852182074144,0.3788169603908567,102.437939,2.946752
1275,Healthy,0,0.1614505127072334,0.0257124671091636,0.023036120355957,0.1008358158999019,0.6556976470039988,0.6269210940137141,0.5495203620798728,0.7438689037160323,0.7252398189600635,269.0,4106.5,0.8770426237001485,22,0.6014558170317406,0.2661161741448772,0.691190706679574,0.1946115973741794,0.0511432009626955,2.840278291762268,0.3496497448758973,102.439345,2.94719
1276,Healthy,0,0.1791750200920634,0.023088633807169,0.0193108060500688,0.0922373806436856,0.5815965973230042,0.5404441053227149,0.4566047010833046,0.6924650815915061,0.7716976494583477,279.0,3764.5,0.862000741931495,20,0.5521626672596285,0.2559900894347164,0.6961663947797716,0.198300079233595,0.0351564930620372,2.513340063455437,0.3538626801539701,102.439617,2.947944
1277,Healthy,0,0.119813816414939,0.0139628494572308,0.0108857900939053,0.0738824314127365,0.5040240702687063,0.454801571414756,0.4174973076567176,0.5136731619668284,0.7912513461716413,372.0,3845.5,0.8235921754593953,26,0.4385290606835296,0.182059028910266,0.6410157007171933,0.168046357615894,0.0480316910126268,2.683482694684796,0.3173570694967477,102.436535,2.946454
1278,Healthy,0,0.09193224625455,0.0160208346529139,0.0116802254277798,0.0801436247097121,0.6279062399719303,0.5546398162350413,0.5936221372559721,0.5088100928153408,0.7031889313720139,307.0,3724.5,0.8476993674810864,22,0.3974754899045077,0.1684673710001839,0.650195449533928,0.1952087114337568,0.0415638641108369,2.604801829268293,0.3045987060674943,102.439027,2.947865
1279,Healthy,0,0.1109078062905205,0.0159005983215239,0.0163651588890287,0.1134554284314314,0.4965747426149946,0.5029167899944641,0.5015629167536627,0.504239249777281,0.7492185416231686,367.0,3573.0,0.8137055837563452,25,0.4813187890636349,0.2347274468176895,0.6103585657370518,0.1638353008926,0.0448494248416699,2.887247838616714,0.2789285714285714,102.436345,2.946119
1280,Healthy,0,0.1260055734051598,0.0139182375537024,0.0110290324729349,0.072159483614895,0.4926776353304662,0.4472593757030095,0.3978804596108201,0.5303151440417819,0.80105977019459,289.5,3864.5,0.8606162734713529,22,0.4110819812463229,0.1967214423542221,0.6786542923433875,0.1971044467425025,0.0412568961381626,2.830562153602534,0.3419631375910844,102.439135,2.947938
1281,Healthy,0,0.1533175855875015,0.0253124636494451,0.0275557298834125,0.1373724680807855,0.5932927661766899,0.615536887425143,0.5668131147603053,0.6683085178531859,0.7165934426198475,267.0,4021.0,0.8754664179104478,25,0.5762589234713497,0.3094941609435611,0.6954334365325078,0.1853354978354978,0.039753174320636,3.045594677916599,0.365178262374524,102.438017,2.946896
1282,Healthy,0,0.1360279007090462,0.0157621666375133,0.0131959938961598,0.101501858068837,0.4686690774259223,0.434663764248428,0.4153675378910245,0.4602002102074908,0.7923162310544879,353.0,3801.0,0.8300433317284545,27,0.3877532505202661,0.2140158075425359,0.643703554930709,0.1716535433070866,0.0404271548436308,2.8216039279869065,0.3410934744268077,102.43688,2.94708
1283,Healthy,0,0.1327806040644645,0.0223977323621511,0.0225677897946702,0.1189818928639094,0.6042051877435808,0.6061513475599485,0.5773417315307557,0.6377348043684172,0.7113291342346222,262.0,3967.0,0.8760936391581934,21,0.5497270753670784,0.2677065761138996,0.6776627648253846,0.1809329247531494,0.0391898370086289,2.8217821782178216,0.3317857449918321,102.439307,2.94726
1284,Healthy,0,0.1412533422311147,0.0240093019480506,0.0244726623511976,0.1125464795364274,0.6363906218186264,0.6415466168846301,0.581118668826853,0.7144304661101625,0.7094406655865736,251.0,3802.5,0.8761564080424324,20,0.5574039427967921,0.2692018296155664,0.6829737668388535,0.1858407079646017,0.0374625374625374,2.877339382646034,0.3468013468013468,102.439729,2.948151
1285,Healthy,0,0.2782514029079013,0.0405906767894824,0.0378795628332429,0.1485866299933857,0.6391988631884272,0.6211672667123921,0.509226094974759,0.8125775993820462,0.7453869525126204,275.0,3938.0,0.8694516971279374,27,0.5448185580940108,0.4161544231077035,0.7028088784128855,0.1940771349862259,0.0373339715208807,2.864852182074144,0.3788169603908567,102.43786,2.946746
1286,Healthy,0,0.1976731452676985,0.0283493248538838,0.022302366586195,0.1244160773025618,0.5987377512039366,0.5435592341620306,0.5017080795309261,0.6080317101265018,0.7491459602345368,281.5,4050.5,0.8700369344413665,24,0.3727837235664378,0.3334399215463134,0.7030700503754396,0.1976472160951808,0.040655128354048,2.8987848023381018,0.3849761326522067,102.437709,2.946469
1287,Healthy,0,0.1653147314985593,0.0226916120284133,0.0202563322252697,0.0709028922849231,0.6446461280906747,0.615375951348919,0.4827839657475773,0.8888330208647082,0.7586080171262113,253.0,3676.0,0.8712140493764317,20,0.5064173033972116,0.2528384700417518,0.6996495567924139,0.1968355349107272,0.0495830946470625,2.7988552739165984,0.3418301852191454,102.439769,2.947945
1288,Healthy,0,0.1323406340347396,0.0138694022057784,0.0137386093330052,0.1011223718523979,0.4247873225662014,0.4229961917793862,0.3794377612481539,0.4784430427537091,0.8102811193759231,311.0,3955.0,0.8541959681200187,21,0.4697136023761495,0.221999712081419,0.6765709696848022,0.1831963729101728,0.043614096475881,2.679805853802029,0.3381485070025544,102.439449,2.94822
1289,Healthy,0,0.1385117164916462,0.0105787613429129,0.0122564344977339,0.0650373775925901,0.3766248273405475,0.4034766873306231,0.283821247246972,0.6342776564525645,0.8580893763765138,323.5,3804.5,0.843265503875969,26,0.3711582418680648,0.2100527886715199,0.648439851509983,0.1698113207547169,0.0384275060042978,2.801384194431032,0.3091419055131913,102.436419,2.946382
1290,Healthy,0,0.1436788654989666,0.0238396459155612,0.0253979561643468,0.1273169641693433,0.5984689561805951,0.615021383758843,0.5692420667843575,0.665238369868535,0.7153789666078212,326.0,3794.0,0.841747572815534,27,0.5725082985516525,0.2936751958396699,0.6391270459859704,0.1715877437325905,0.0407027093900779,2.8486939379004435,0.3410987482614743,102.436652,2.947074
1291,Healthy,0,0.132013921936353,0.0180130114571915,0.0131550919678476,0.1034812670614984,0.5307286699357828,0.4675274671942603,0.4802607385152773,0.4511489239659048,0.7598696307423614,342.0,3633.0,0.8279245283018868,27,0.5114422982055642,0.2118345443159342,0.6480154888673766,0.1797643797643797,0.0410958904109589,2.8263483339058744,0.3161865569272977,102.436768,2.947009
1292,Healthy,0,0.1340261689490742,0.0202978049508399,0.0146135295637779,0.0869433846738603,0.6208106516120154,0.5457435257274974,0.5261089236596231,0.5755798971828923,0.7369455381701884,320.5,3822.0,0.8452625226312613,26,0.5139302898270024,0.1783840016772349,0.6480154888673766,0.1797643797643797,0.0410958904109589,2.856268863691981,0.3161865569272977,102.436804,2.946945
1293,Healthy,0,0.2214884294403923,0.0253918742140134,0.0236241751246982,0.1175369049112002,0.5211140598972412,0.5052662050894171,0.4114038072402585,0.6694246068021125,0.7942980963798708,274.5,4044.0,0.872872525182355,24,0.4851980467862359,0.341279859137204,0.7030700503754396,0.1976472160951808,0.040655128354048,2.912385073012439,0.3849761326522067,102.437663,2.946407
1294,Healthy,0,0.2021923661231994,0.0276042295412884,0.0275195443795786,0.1230822015139791,0.5804039098252924,0.579642631406747,0.4804984940959121,0.7309223200912655,0.7597507529520439,276.0,4145.0,0.8751413707306039,24,0.5628465698802326,0.3284731639756096,0.7030700503754396,0.1976472160951808,0.040655128354048,2.871669264454836,0.3849761326522067,102.437626,2.946338
1295,Healthy,0,0.2077193011840184,0.0290574021637439,0.0218749795522954,0.1177418703834215,0.6060317431705586,0.541267312064506,0.4908827896140824,0.6267145996308379,0.7545586051929589,275.0,3903.0,0.868358066060316,25,0.3741511917112424,0.3604057749940289,0.7132798748288676,0.200164406083025,0.0473457675753228,3.0043060616098045,0.3783216783216783,102.437747,2.946544
1296,Healthy,0,0.1440201054016749,0.029811384777228,0.0293750147231751,0.1154583568374316,0.7473837593084318,0.7429297246934571,0.6859835291418578,0.8112775227602262,0.657008235429071,270.5,3919.5,0.8708830548926014,26,0.5832750173375109,0.2655715545018513,0.7014520813165537,0.1954836076724255,0.0484371271772846,2.9370573084352865,0.370125348189415,102.438018,2.946758
1297,Healthy,0,0.1361370566818449,0.0323203968712025,0.0300593439282642,0.1058236120475663,0.8433200966658402,0.8198680010456869,0.7674435577532882,0.884859877013887,0.6162782211233558,274.0,4004.0,0.8719027582982702,27,0.7413832140732266,0.2724486477673054,0.7014520813165537,0.1954836076724255,0.0484371271772846,2.973059142356129,0.370125348189415,102.438055,2.946693
1298,Healthy,0,0.2389348877800835,0.0499894513438145,0.0441588333083523,0.1526278480887413,0.8135945754768148,0.7753440269992626,0.6920767076307512,0.8975980080530895,0.6539616461846243,275.0,3938.0,0.8694516971279374,27,0.5721832117521564,0.3642875262432627,0.7028088784128855,0.1940771349862259,0.0373339715208807,2.864852182074144,0.3788169603908567,102.437891,2.946811
1299,Unhealthy,1,0.352863813440005,0.0360317281964752,0.0344938786907328,0.1475040515263875,0.5035605404807169,0.4941419747416102,0.3706057214732056,0.7581158455941168,0.8146971392633972,272.5,3980.5,0.8718551610627792,26,0.5221153587058012,0.4880062391360601,0.7028088784128855,0.1940771349862259,0.0373339715208807,2.950819672131148,0.3788169603908567,102.437821,2.946685
1300,Healthy,0,0.2581450045108795,0.0292476227300034,0.0295244647810856,0.1492162230941984,0.5022598061170178,0.5043371551028674,0.4070754773467311,0.6607217446021297,0.7964622613266343,269.5,3947.5,0.8721840170737492,26,0.6031675175419472,0.3842107078267467,0.7028088784128855,0.1940771349862259,0.0373339715208807,3.011791680314445,0.3788169603908567,102.437899,2.946685
1301,Healthy,0,0.1672829820050133,0.0294986300998263,0.0292678500215212,0.1172658503055572,0.6869210447840792,0.6846939590904654,0.5996216777431476,0.7989384000047041,0.7001891611284261,266.0,3891.0,0.8720230935770988,27,0.5980514589225461,0.2927040838532977,0.7014520813165537,0.1954836076724255,0.0484371271772846,3.0457066039321123,0.370125348189415,102.437984,2.946685
1302,Healthy,0,0.1718860781855053,0.0225596438265509,0.0207537892791959,0.124161144097646,0.5290001959633416,0.5105298144372191,0.464081052400878,0.5728543993523983,0.767959473799561,266.0,3902.5,0.8723761544920235,26,0.4701958869638803,0.3026264053252008,0.6971830985915493,0.1911037891268533,0.0429138117562207,3.142227598721161,0.3704360155973059,102.43794,2.946619
1303,Healthy,0,0.1529018299447165,0.0233966521918773,0.0184975674168931,0.0802093272407849,0.6687039445018157,0.6093585528709274,0.5308418293414432,0.7495957594874757,0.7345790853292783,267.0,4058.0,0.8765317919075144,26,0.4659578389543449,0.2373314961377118,0.7049749325106055,0.195026354912826,0.0422585017976071,2.9642661662366097,0.3837458251263166,102.437976,2.946538
1304,Healthy,0,0.1648388587766223,0.0228400371140903,0.0254167326622539,0.115106179482407,0.5611369943707871,0.588135331309852,0.4867896735153492,0.7234900636300141,0.7566051632423254,296.5,3815.0,0.8557704000972881,24,0.467095611674244,0.2791654941522412,0.7050969691063249,0.1988488419898588,0.045036435312388,2.8091816367265467,0.3704323324821696,102.437782,2.946206
1305,Healthy,0,0.1450017342964808,0.0268368085639344,0.023824135462443,0.1383672439389758,0.6369950607579399,0.6066635429944042,0.6246982339866323,0.587556146334485,0.6876508830066839,309.5,3856.0,0.8513983915496339,24,0.6081439855077172,0.270096744928095,0.6746729154462019,0.1783456993679582,0.0448343079922027,2.782441550290287,0.3638108532542313,102.438254,2.947038
1306,Healthy,0,0.180986397796207,0.0230487488831083,0.0241516213864088,0.1388217972384559,0.5039276368001433,0.5144334463191288,0.4518584029904283,0.5927744926797286,0.774070798504786,309.5,3856.0,0.8513983915496339,24,0.6067525264227823,0.2802094043129021,0.6746729154462019,0.1783456993679582,0.0448343079922027,2.782441550290287,0.3638108532542313,102.438293,2.947099
1307,Healthy,0,0.1558479070663452,0.0183344853834973,0.0217954323937495,0.0896901513139406,0.5197456757585938,0.5619099251799511,0.4210410736843425,0.7820000279460737,0.7894794631578287,261.5,3770.0,0.8702716110628799,20,0.4533280664648226,0.2547624630646573,0.6941223913700978,0.1924496168038603,0.0435322610693659,2.598888888888889,0.3445228104633515,102.439418,2.947323
1308,Healthy,0,0.1369065046310424,0.0190294848548041,0.023013450205326,0.1054696788390477,0.5428559048760998,0.5912814198622578,0.4881358028393133,0.7164660567187132,0.7559320985803433,283.0,3787.5,0.860950743151947,20,0.5082868393609324,0.2658729251060221,0.6941223913700978,0.1924496168038603,0.0435322610693659,2.6219512195121952,0.3445228104633515,102.439385,2.947261
1309,Healthy,0,0.1650290803776847,0.0275608222517702,0.0244624701639016,0.0877024870779779,0.7162068461490689,0.6828214970896372,0.572425072664324,0.8723747867580142,0.7137874636678381,295.0,3831.0,0.8570043625787688,20,0.5754914971010697,0.2569462110598882,0.6678423863750882,0.1952910587895421,0.0422570690849549,2.5108286586664774,0.3315145648156297,102.439589,2.947881
1310,Healthy,0,0.0995402559638023,0.0171785277004043,0.0146878005729781,0.0829676886399587,0.633704016786197,0.5945923985317921,0.5887151034687257,0.6016169983420595,0.705642448265637,255.0,3828.0,0.8750918442321822,20,0.6798694539590519,0.1816120948642492,0.6765709696848022,0.1831963729101728,0.043614096475881,2.763127368339649,0.3381485070025544,102.439421,2.948151
1311,Healthy,0,0.1588391595416599,0.0237948657530877,0.0205812523555424,0.0973014955719312,0.6267365216342606,0.59066411013026,0.5211485803849721,0.6983635083975086,0.7394257098075139,305.0,3807.0,0.8516536964980544,24,0.6039741118683014,0.2622875904457437,0.6586977648202138,0.185113178725177,0.047052328078032,2.694467954143264,0.3247566063977747,102.438673,2.947243
1312,Healthy,0,0.095051336619589,0.0259816131244103,0.0190928804998596,0.059814470509688,1.004950328299959,0.901759044162492,0.8586624775935758,0.96786320947712,0.5706687612032121,326.0,3857.0,0.8441310064546976,23,0.7950900558973312,0.166360542178154,0.6533228160126208,0.1788526434195725,0.0418789611035168,2.8279673234022105,0.339612582192998,102.436742,2.945576
1313,Healthy,0,0.100274223420355,0.0246671159855193,0.0214668952135576,0.0672913744217819,0.90980674375876,0.8635301001450042,0.7897183143006883,0.9674318934676688,0.605140842849656,326.0,3857.0,0.8441310064546976,23,0.751487063301805,0.1787652296738491,0.6533228160126208,0.1788526434195725,0.0418789611035168,2.8279673234022105,0.339612582192998,102.436696931,2.945644152
1314,Healthy,0,0.1790879120429357,0.0294524940351645,0.0191683790956934,0.1101733810371822,0.6767454662833985,0.5755956128267358,0.5649263773685045,0.5927978427385342,0.7175368113157478,411.0,3828.0,0.8060863411181882,27,0.4856786237136953,0.2747382790678077,0.63062558356676,0.1727101799623959,0.0395238095238095,2.616385911179173,0.3210768220617203,102.438446,2.946008
1315,Healthy,0,0.1760975552929772,0.017608164395723,0.0189242984892593,0.1275545077191459,0.4156932855733532,0.4295605485128052,0.3636064938922951,0.5167791567698724,0.8181967530538525,346.0,3677.0,0.8279890628883918,23,0.4451544576570546,0.2676427039421267,0.6007080305571083,0.1540838259000537,0.0430401262672251,2.7954011413225914,0.3054614558373957,102.43666,2.945435
1316,Healthy,0,0.1042911898758676,0.025219306970636,0.0173982901291714,0.0784997372991508,0.8650467466490078,0.7562730333631317,0.7789115966569422,0.7256996038703939,0.6105442016715289,312.0,3828.0,0.8492753623188406,23,0.6030375936511368,0.1996440113418632,0.6482021379980564,0.1724042582607493,0.0482076637824474,2.936362117922165,0.3274925530050814,102.436776,2.945503
1317,Healthy,0,0.0749848120742374,0.0162264465664823,0.0174626273413499,0.0661396541529231,0.7478600493197688,0.7708573118951121,0.7115984060870434,0.8355096071174154,0.6442007969564784,295.5,4062.5,0.8643873336392841,24,0.6457522642589254,0.1507261024994982,0.6915959907478797,0.1875507442489851,0.0481308969306103,2.849254973148778,0.37803826926392,102.43689,2.945715
1318,Healthy,0,0.1465747836563322,0.0190064642164442,0.0197818161298831,0.1330180689692497,0.4787435330201415,0.4873188305382354,0.4591453310231779,0.5178489791939083,0.770427334488411,380.0,3942.5,0.8241758241758241,24,0.4537745275429742,0.2883865529050429,0.606691379146469,0.1631459437143053,0.0384568128762747,2.734285056412618,0.3073121701985091,102.436389,2.945096
1319,Healthy,0,0.0859579601221614,0.0235249186969465,0.0219183893253405,0.0759947237869103,0.9004644939319322,0.876454893830875,0.8594921489346415,0.8954220176908293,0.5702539255326793,289.0,4047.0,0.8666974169741697,24,0.809294998119998,0.1695182484885056,0.6915959907478797,0.1875507442489851,0.0481308969306103,2.951386161941412,0.37803826926392,102.436977,2.945713
1320,Unhealthy,1,0.1067162015371852,0.0195230847845474,0.0170635088450378,0.0589698544806904,0.7628729567540985,0.7235104438163371,0.6186056766763081,0.8976853369980462,0.690697161661846,294.0,3928.0,0.8607295120795831,23,0.5910322052427447,0.1757833819008536,0.6533228160126208,0.1788526434195725,0.0418789611035168,2.8231821006836544,0.339612582192998,102.43685,2.94564
1321,Healthy,0,0.161401061548127,0.0188854059411419,0.0207213676638073,0.1229425155454211,0.4690360092559259,0.4890474545812298,0.4190088408552573,0.5769402079610845,0.7904955795723713,325.0,3752.0,0.8405690458670592,23,0.4885288445753226,0.2724682009882396,0.6210113827206568,0.1566473603621596,0.0426693872651983,2.9563492063492065,0.3152895687988568,102.436623,2.945365
1322,Healthy,0,0.1457796312040752,0.0197118044727378,0.0188744655913776,0.0691660621927844,0.6199428717608155,0.6087795722065601,0.4764428900413394,0.8575353222620281,0.7617785549793304,299.0,3930.5,0.8586121290932734,24,0.5253544258419331,0.2206974873940149,0.6700911029269239,0.1791432872587929,0.040014484881405,3.0007436787307884,0.3643854627461185,102.437012,2.945916
1323,Unhealthy,1,0.1442750551634364,0.0198352848076158,0.0205023030026091,0.0724212539692719,0.6189655981923582,0.6277395828330092,0.4834621587186912,0.8825449076949634,0.7582689206406544,336.0,3716.0,0.8341559723593287,25,0.5162855929031319,0.2420159578323364,0.6634587898999523,0.1866503534529635,0.0441387559808612,2.7791481664199966,0.3536983010125278,102.438116,2.945253
1324,Unhealthy,1,0.123423356976774,0.0264026431573761,0.0273291462411483,0.1318375431001186,0.6856356023133391,0.6955736006537361,0.7048881538247274,0.6868056715699424,0.6475559230876364,270.0,3825.5,0.8681479672811623,22,0.7577380125030662,0.2317992299795151,0.6965828750981933,0.1852918981957879,0.0419103901585961,2.6151073845248605,0.3671468757991646,102.439875,2.949118
1325,Healthy,0,0.0875870179798868,0.0207780531297127,0.0181249448408683,0.0736476191216045,0.8196844800842994,0.7775248859430461,0.7669649608294155,0.7899940486910605,0.6165175195852922,315.0,3798.5,0.8468457517928771,24,0.6688241386527379,0.1669547799974679,0.6700911029269239,0.1791432872587929,0.040014484881405,2.859312156283345,0.3643854627461185,102.43693,2.945782
1326,Healthy,0,0.1978623701466454,0.0193036956091721,0.019583491091099,0.1260957510934935,0.4259356159559173,0.428691630833022,0.3555563903041327,0.5377153477029883,0.8222218048479335,355.0,3967.0,0.8357242017584452,24,0.4461940193019545,0.3068027057581478,0.6210113827206568,0.1566473603621596,0.0426693872651983,2.7833859905987515,0.3152895687988568,102.436588,2.945298
1327,Healthy,0,0.0955255586240026,0.0145968451268143,0.0143668698146939,0.06440312994851,0.6174560712450882,0.61333784530638,0.5302043772979672,0.729560485356515,0.7348978113510165,309.5,3985.5,0.8558789289871944,24,0.5739544843378841,0.1639437615457508,0.6533228160126208,0.1788526434195725,0.0418789611035168,2.9200095321312256,0.339612582192998,102.436816,2.945707
1328,Healthy,0,0.1234196167853143,0.0157646437486012,0.0164027257512013,0.1022929975556002,0.49026674537718,0.4989510084609142,0.4530582319617893,0.5527655182252516,0.7734708840191054,332.0,3804.0,0.839458413926499,24,0.4175463685989946,0.1978882412529654,0.6022207071198987,0.1564960629921259,0.0379858657243816,2.823223288339568,0.3070866141732283,102.43639,2.944956
1329,Healthy,0,0.1328768837783071,0.0220804536301228,0.0177056854590773,0.0776369890405072,0.6936047180884818,0.6358152168817566,0.5699750395665122,0.7428231084142478,0.715012480216744,434.0,3560.0,0.7826740110165248,23,0.4642801383845888,0.2018496855679485,0.5845889757772268,0.1601731601731601,0.0479313824419778,2.486873508353222,0.2664252457320227,102.43651,2.945029
1330,Healthy,0,0.0901865048540963,0.015197903331783,0.0138569588565991,0.0611817087564203,0.6689070062982114,0.6441495814153381,0.5768558591694745,0.738656977656404,0.7115720704152627,338.0,3633.0,0.8297658020649711,23,0.5875864072575683,0.1429397892206907,0.6007080305571083,0.1540838259000537,0.0430401262672251,2.960999281092739,0.3054614558373957,102.436661,2.945563
1331,Healthy,0,0.1592139088445239,0.0221807170245382,0.0203146593024333,0.1174739574392636,0.5527055689338986,0.5325514708025474,0.4891151966221784,0.5897340370435922,0.7554424016889109,268.0,3848.0,0.86977648202138,23,0.4166755608406967,0.2655423072477181,0.6786071642985791,0.1800787844682048,0.0418581542665507,2.6424564511366992,0.3373112738450411,102.439914,2.949315
1332,Unhealthy,1,0.1551675233576032,0.0174338756543066,0.0199022059225373,0.0853168898158603,0.5065186449388934,0.5375569086132381,0.4040262884104116,0.7566005308397413,0.7979868557947942,353.0,3918.0,0.8346991336923437,25,0.5221041148467077,0.2497257370915677,0.6634587898999523,0.1866503534529635,0.0441387559808612,2.913057689164896,0.3536983010125278,102.438072,2.945326
1333,Healthy,0,0.2067519625027974,0.0171729619097378,0.021159830606646,0.1149761469827757,0.3858290198886976,0.4258478752150154,0.3067628483928869,0.6217263351342093,0.8466185758035566,367.0,3916.0,0.8286247957039459,22,0.4903773146676947,0.2818363366855515,0.6007080305571083,0.1540838259000537,0.0430401262672251,2.929184549356223,0.3054614558373957,102.436578,2.945434
1334,Healthy,0,0.1616407583157221,0.0195554981215132,0.0165498090080089,0.1287526049547725,0.474785781903095,0.442333282218723,0.4316976190573129,0.455596257671206,0.7841511904713436,303.5,3949.5,0.8572772160827651,24,0.5027485482674716,0.2649186383932828,0.7016810805558255,0.200356432928919,0.0425050601262055,2.876301672451877,0.358621889681573,102.437564,2.945107
1335,Healthy,0,0.1316825764046775,0.0210087505272693,0.0166732222876615,0.074355948716402,0.6775485635618649,0.6184456889600535,0.5503587125582508,0.7326540318341345,0.7248206437208746,344.0,3825.0,0.8349724154473495,23,0.6016015450866574,0.2150687749187151,0.6533228160126208,0.1788526434195725,0.0418789611035168,2.820907617504052,0.339612582192998,102.436736,2.945708
1336,Healthy,0,0.2089902410904566,0.0214239160219828,0.0184047338035371,0.1359143447544839,0.4420122745049323,0.4140910754030592,0.3719201335624213,0.4770566018281991,0.8140399332187894,305.0,4111.0,0.8618659420289855,23,0.3758342922754648,0.3238118001156383,0.6743215031315241,0.1698713698448481,0.0484906108866175,2.908007334963325,0.3659767794043412,102.436743,2.945299
1337,Healthy,0,0.1717420443892479,0.0182800537182225,0.0166246338437,0.1111833370394176,0.4577373146594584,0.4392874176163129,0.384798481866754,0.5203003765360922,0.807600759066623,324.0,3905.5,0.8467904007565906,24,0.4817668630001465,0.2413954869326618,0.6227579556412729,0.1583149779735682,0.0462571499626958,2.9399934329338366,0.3169198533263488,102.436509,2.945157
1338,Healthy,0,0.1845224507980876,0.0251913842641645,0.0260431523331337,0.0849525746372011,0.6300646034476158,0.6390147680360379,0.4804906506370762,0.9385281053240584,0.7597546746814619,290.0,3701.0,0.8546730142821348,27,0.4662940601964786,0.258231345978048,0.6530491415038484,0.1775622100379586,0.0443890274314214,2.729236677868459,0.3237359550561798,102.434007,2.947119
1339,Healthy,0,0.1657751111520661,0.0174513875196377,0.0193451593319575,0.1092531349923875,0.4504586201919403,0.4720156662085744,0.3809795558208255,0.6017236677545966,0.8095102220895871,317.5,3752.0,0.8439611745914731,28,0.4470798940869186,0.2837473104397456,0.6764349232012935,0.1877147766323024,0.0408432147562582,2.77602651147753,0.3401842664776754,102.434283,2.947315
1340,Healthy,0,0.1391731260551346,0.0214132730745606,0.0210359537353118,0.0991377217902077,0.6093326190533672,0.6047758302102156,0.5333770030490936,0.700185082742009,0.7333114984754532,316.0,3848.0,0.8482228626320846,23,0.5464719487406366,0.2201567579888635,0.6227579556412729,0.1583149779735682,0.0462571499626958,2.9141914191419143,0.3169198533263488,102.436549,2.945093
1341,Healthy,0,0.1084940714968575,0.0249593889133797,0.0185590828251507,0.0651194006204605,0.8932720507085296,0.8016963504443521,0.7481076575055994,0.8871615287919797,0.6259461712472002,294.0,3928.0,0.8607295120795831,23,0.7330842131003699,0.2055077217519283,0.6533228160126208,0.1788526434195725,0.0418789611035168,2.8231821006836544,0.339612582192998,102.436815,2.945576
1342,Healthy,0,0.1391159834133254,0.0191754259996944,0.0135982831319173,0.1102541536092758,0.5331672483088499,0.464638298206205,0.4845601178434432,0.4391769266625833,0.7577199410782783,306.0,3822.0,0.8517441860465116,23,0.4546847003868655,0.2447087839245796,0.6482021379980564,0.1724042582607493,0.0482076637824474,2.985733695652174,0.3274925530050814,102.436737,2.945433
1343,Healthy,0,0.1148771246274312,0.0186104497147931,0.0193948298692703,0.0826529868774944,0.6342191972918859,0.645427923308636,0.5576683764462206,0.760225176297471,0.7211658117768897,289.0,3893.0,0.8617886178861789,22,0.5031651738850758,0.1925740999480088,0.6962970436888306,0.1882111810021909,0.0413131000309693,2.5647594648448617,0.3577112203844435,102.439999,2.949327
1344,Healthy,0,0.1298711664146847,0.0208378992974758,0.0215711096922556,0.100891038775444,0.6118940531927934,0.620987963421485,0.5530629282056366,0.7045804752623676,0.7234685358971816,324.0,3905.5,0.8467904007565906,24,0.5066005617458773,0.2423111442476511,0.6227579556412729,0.1583149779735682,0.0462571499626958,2.9399934329338366,0.3169198533263488,102.436586,2.945163
1345,Unhealthy,1,0.1603345341152615,0.0207307977187964,0.0229962480564912,0.077501327627235,0.5937983948183047,0.6212046346697951,0.4579738707307191,0.915295633751891,0.7710130646346404,304.0,3655.0,0.8464258651174539,25,0.6088954622164855,0.251802729235755,0.6486593059936908,0.191337797407038,0.0554083049349993,2.934325744308232,0.3208507544082894,102.438153,2.945322
1346,Healthy,0,0.1355767423907915,0.019336396207412,0.0135198671163784,0.1033552206224865,0.5572353017538998,0.483556830501443,0.4992835696800281,0.4627116822906166,0.7503582151599859,299.0,3792.0,0.853825470545099,23,0.4447716479395925,0.2414014728532897,0.6482021379980564,0.1724042582607493,0.0482076637824474,3.05652782639132,0.3274925530050814,102.43682,2.945432
1347,Unhealthy,1,0.1092525124549865,0.0199030492868688,0.0168535640049311,0.1115818756322066,0.6108966275146911,0.5707748033902781,0.6164054886509418,0.5248882723505798,0.6917972556745291,289.5,3977.0,0.8642915738896051,24,0.5672341007823701,0.219349614241057,0.6700911029269239,0.1791432872587929,0.040014484881405,2.961847389558233,0.3643854627461185,102.437011,2.945778
1348,Healthy,0,0.0796424100796381,0.0240501606216033,0.0207374898923767,0.0698732195629013,0.9736121204308326,0.9220153252770964,0.9277486500318918,0.9154542555529572,0.5361256749840542,286.0,4114.0,0.87,23,0.6238088389479591,0.1684208930366569,0.6915959907478797,0.1875507442489851,0.0481308969306103,2.877330126277811,0.37803826926392,102.436934,2.945646
1349,Healthy,0,0.1973452683952119,0.0331083608584271,0.0396228585806157,0.1642409579621421,0.6191329163572571,0.6698438678250872,0.5746641693715795,0.7774377867061134,0.7126679153142104,284.0,4120.0,0.8710263396911898,24,0.5727347021516327,0.3969088279538685,0.7103461392164321,0.1914414414414414,0.0401943207448961,3.0074480595844766,0.3819163292847503,102.43799,2.946004
1350,Healthy,0,0.1363217706481615,0.0199792329221963,0.0172269420905245,0.112854563527637,0.5528005047002601,0.5196710527908505,0.5113014623275349,0.5297276352594534,0.7443492688362325,339.0,3750.0,0.8341892883345561,23,0.479629576460604,0.2395660074220763,0.6022207071198987,0.1564960629921259,0.0379858657243816,2.777687296416938,0.3070866141732283,102.436428,2.945026
1351,Healthy,0,0.1376158967614174,0.0201624775719311,0.018047641755806,0.0724762131770451,0.6441247145933183,0.6155421067407789,0.5111594705452482,0.7974756165297381,0.7444202647273759,339.0,3750.0,0.8341892883345561,23,0.3923607982404909,0.1991923008528021,0.6022207071198987,0.1564960629921259,0.0379858657243816,2.777687296416938,0.3070866141732283,102.436468,2.944957
1352,Healthy,0,0.1227338330613242,0.0174602903425693,0.0170833961003356,0.1173293180763721,0.5079657687915451,0.5031729981270522,0.4981746714808272,0.50838631464213,0.7509126642595864,344.0,3852.5,0.8360538544024783,24,0.4539493684343116,0.2156677788330448,0.6056557776694296,0.1664777557381694,0.0465234523960849,2.673142857142857,0.3027183953549749,102.436311,2.944956
1353,Healthy,0,0.1151436087157991,0.0232308540079328,0.0214017275720834,0.1081648270289103,0.688908081052899,0.6663045774126425,0.6715358759314943,0.6607176562806977,0.6642320620342529,290.5,3939.0,0.8626315167277456,24,0.5489289963787137,0.2203361752132574,0.7045739046701974,0.192053872053872,0.0413553738455203,2.8234793375638447,0.37990594271056,102.437405,2.945109
1354,Healthy,0,0.2495600746737586,0.0242830469376511,0.0241236970242526,0.0910728979441854,0.4991388526482498,0.4977049067119454,0.3547001187360017,0.8376531278849727,0.822649940631999,309.0,3706.0,0.8460772104607721,27,0.4159687677948875,0.3529647009240255,0.6530491415038484,0.1775622100379586,0.0443890274314214,2.6866497943688707,0.3237359550561798,102.434128,2.947182
1355,Healthy,0,0.2123584647973378,0.0177416555169555,0.0133819336899452,0.0838339709573322,0.4279277140698383,0.380349104026359,0.3084162753626066,0.5506067649526305,0.8457918623186966,276.0,3867.0,0.8667632150615496,21,0.3831119365813092,0.2778137086166276,0.6946442845723422,0.1950394588500563,0.0511962315606793,2.7738297543642823,0.3422421524663677,102.439766,2.948773
1356,Healthy,0,0.0905149438314967,0.01733566282524,0.0174512354036172,0.0698183605240451,0.7111897937891903,0.7131378046578272,0.6429509619882016,0.7998769889152468,0.6785245190058992,365.0,3730.0,0.8217338217338217,24,0.5661459737141944,0.1695738801111778,0.6460657805374987,0.1763971709887671,0.044190054160512,2.6900631545287395,0.3233161527037652,102.436887,2.945978
1357,Healthy,0,0.0805502049624919,0.0257709874875015,0.0245527757538689,0.0543884862628248,1.1055725191293773,1.0865399227541672,0.9695522367141431,1.2441035335197317,0.5152238816429283,276.0,3679.0,0.8604298356510746,23,0.7178370936428303,0.1650231875893142,0.6513298388662395,0.1795867424767716,0.0477950234047795,3.005121865065348,0.3323973323973324,102.438228,2.945472
1358,Healthy,0,0.1108787432312965,0.0154391608925329,0.0154400109830829,0.064857846746842,0.5977946416656431,0.5978086395455645,0.4888985769554218,0.7691368820829109,0.755550711522289,287.0,3852.5,0.8613359101340742,28,0.5121712424332538,0.1786560202017426,0.695112016293279,0.1932616487455197,0.0390761548064918,2.8170182507703245,0.3453179500939093,102.43432,2.947523
1359,Healthy,0,0.1263433131906721,0.0198970285968648,0.0217629905997051,0.0986785276068581,0.6010826010913137,0.6248646862968718,0.5442281754448277,0.7227737054054895,0.7278859122775861,326.0,3650.0,0.8360160965794768,23,0.4944373657059296,0.2338504019296831,0.6227579556412729,0.1583149779735682,0.0462571499626958,2.8809152366094644,0.3169198533263488,102.436627,2.945088
1360,Healthy,0,0.1040418470899264,0.0149124922851721,0.0183679930244882,0.0658549298014905,0.5973306935019099,0.6552009796593046,0.5014526536320316,0.8723512510930128,0.7492736731839843,268.5,4113.0,0.8774392331393358,22,0.4859380449468066,0.1759007833898067,0.711482416941908,0.191210277214334,0.037329251059821,2.750983899821109,0.3750741336948233,102.439446,2.948625
1361,Healthy,0,0.1432158913877275,0.0197779878767,0.0208575086047252,0.1026709990368949,0.5543102377444612,0.5672924467818261,0.4853676215562393,0.6753909361630704,0.7573161892218804,264.5,3673.0,0.8656507936507937,22,0.5249081798761415,0.2590057108965184,0.6786071642985791,0.1800787844682048,0.0418581542665507,2.621116579513996,0.3373112738450411,102.439875,2.949252
1362,Healthy,0,0.1240895953443315,0.0160619201552536,0.0158668034192588,0.0795205177532302,0.5450863542749652,0.5422243571486217,0.4584158822114527,0.6653632044270053,0.7707920588942737,300.5,3733.0,0.8509978926490641,28,0.3278686792681395,0.1900003750084175,0.695112016293279,0.1932616487455197,0.0390761548064918,2.8549446893454213,0.3453179500939093,102.434281,2.947452
1363,Healthy,0,0.1408175230026245,0.0155524125115738,0.0162400408751434,0.12662775731749,0.4167451220609606,0.4249792028951109,0.397836386142441,0.4546872305891188,0.8010818069287795,332.0,3804.0,0.839458413926499,24,0.5006043175901973,0.2504343736088938,0.6022207071198987,0.1564960629921259,0.0379858657243816,2.823223288339568,0.3070866141732283,102.436352,2.945026
1364,Healthy,0,0.1575835794210434,0.0315081996636258,0.0323251463058922,0.1020794146590762,0.7811642220077641,0.789292960281694,0.666516541674029,0.9620252787200436,0.6667417291629855,321.0,3894.0,0.8476868327402135,25,0.6860911824291277,0.2804328555034266,0.6643974241030359,0.1857386289159785,0.0425262187391955,2.834814344652491,0.3437396213882431,102.438424,2.945808
1365,Healthy,0,0.0892606642511155,0.0215341818208495,0.0170188126050763,0.0949750741322835,0.7578985730216793,0.6921893031084589,0.7774434491966284,0.6078479138772145,0.6112782754016858,297.5,4311.5,0.8709047515730093,24,0.6117501947620758,0.2233593803313043,0.7039241212572066,0.1868644342250146,0.0400726529685548,3.0101237345331837,0.384390243902439,102.43764,2.945247
1366,Healthy,0,0.1008215306533707,0.0167929633624023,0.01873963419348,0.1128993787699275,0.5432268229688766,0.5702242345396609,0.5711188405112804,0.569424937839337,0.7144405797443598,262.0,3892.0,0.8738565238324506,21,0.5626471710131856,0.21736241152717,0.7025036818851251,0.2014966740576496,0.0448300795372378,2.7150336574420346,0.3535980148883375,102.43988,2.948974
1367,Healthy,0,0.1207916753159629,0.0180839605422483,0.0254795990056461,0.0769573359025849,0.6184746136742301,0.7221100734127608,0.520867765767398,0.994937969531096,0.739566117116301,286.5,3584.5,0.8519762335313872,22,0.6327861733674955,0.2248294624603456,0.6786071642985791,0.1800787844682048,0.0418581542665507,2.7092746241682413,0.3373112738450411,102.439798,2.949246
1368,Healthy,0,0.1563627752992842,0.0236831187374062,0.0248723822749323,0.1398971047666337,0.5513694688145822,0.5632637483919983,0.5261573747986715,0.6038103952744067,0.7369213126006643,264.5,3673.0,0.8656507936507937,22,0.6703431509561014,0.2578414463334613,0.6786071642985791,0.1800787844682048,0.0418581542665507,2.621116579513996,0.3373112738450411,102.439915,2.949181
1369,Healthy,0,0.1344269729322857,0.019786045472655,0.0173837055141727,0.0954508160551389,0.5874501180729977,0.5567510712199253,0.5132133636266624,0.6162548579069145,0.7433933181866689,327.5,3801.5,0.84136594817147,24,0.6426948412731318,0.2142573574350939,0.6648346350400154,0.1879730287601486,0.0433258807178681,2.866336633663366,0.3111860887620036,102.437873,2.944978
1370,Unhealthy,1,0.2323198417822519,0.0162610439583659,0.0198763597549663,0.1185220082600911,0.3393338256057212,0.3735332409953744,0.2616620165290346,0.574468038605883,0.8691689917354828,325.0,3771.0,0.84130859375,28,0.3899123769597106,0.3236809915138616,0.641432681813672,0.1735830318507484,0.0429958391123439,2.6905059337913806,0.3009571074087203,102.434198,2.947186
1371,Healthy,0,0.1846726081437534,0.0178773336940341,0.0177866064219011,0.1134721570544772,0.4283285791907075,0.4273578195915519,0.3530454470996826,0.5420318141303238,0.8234772764501587,330.0,4006.0,0.8477859778597786,23,0.4435232257231604,0.2995911793162426,0.6210113827206568,0.1566473603621596,0.0426693872651983,2.847846296870158,0.3152895687988568,102.436622,2.94523
1372,Healthy,0,0.0839653660853703,0.0203920554162727,0.0184596554479665,0.0749870174460941,0.8167583187520732,0.7856603976359972,0.7816235826007506,0.7901685475263093,0.6091882086996246,306.5,3846.5,0.8523958584156032,24,0.609554061752897,0.1610882621672418,0.6702833031946956,0.1797346200241254,0.0399049286965223,2.978293791014639,0.3404872899991204,102.437996,2.945052
1373,Healthy,0,0.106386414832539,0.0194860893405146,0.0150072527014546,0.0863667842414644,0.672730437358112,0.6071527755287758,0.6192325947126465,0.5921536974957318,0.6903837026436768,299.0,3930.5,0.8586121290932734,24,0.5214483462564058,0.1873373714172177,0.6700911029269239,0.1791432872587929,0.040014484881405,3.0007436787307884,0.3643854627461185,102.436974,2.945851
1374,Healthy,0,0.0868600015011098,0.0169172327344616,0.0165817318484187,0.0592336547043588,0.7521773729212152,0.7461100447408483,0.652059494900778,0.874847843023296,0.6739702525496112,319.5,3663.5,0.8395681646999749,22,0.684883274717609,0.1461929049756792,0.6679746453365529,0.1923187571921749,0.0400250941028858,2.792251169004676,0.3182506457646744,102.439252,2.948282
1375,Unhealthy,1,0.1445868760347366,0.0153653574072652,0.0168061550292703,0.1015831298298305,0.4439239412474405,0.4623314930937927,0.3842486491527893,0.5678268957962501,0.8078756754236055,330.0,3619.5,0.8328902392707938,24,0.4969776478739969,0.2125592184149556,0.656184883500663,0.1864567783959831,0.046940486169321,2.9736937262701137,0.3356813417190775,102.437717,2.944977
1376,Healthy,0,0.1420157038503223,0.0179495283712943,0.0173626629014809,0.0876649212506082,0.5406898071930142,0.5330286572444475,0.4488357406671204,0.6612610598121823,0.7755821296664399,300.5,3733.0,0.8509978926490641,28,0.4322121606924055,0.2288887635287311,0.695112016293279,0.1932616487455197,0.0390761548064918,2.8549446893454213,0.3453179500939093,102.434323,2.94739
1377,Healthy,0,0.1376917800969547,0.0180557642339004,0.0226377012828985,0.1292203797234429,0.476682581111692,0.5291641265947699,0.4637187523302318,0.5962857197425846,0.7681406238348841,263.5,3831.0,0.8712907558920503,22,0.5929824443756485,0.2699362453487184,0.6962970436888306,0.1882111810021909,0.0413131000309693,2.6708841805794714,0.3577112203844435,102.440038,2.949257
1378,Healthy,0,0.1601138802038298,0.0245152920898464,0.0273889108664459,0.127878708144029,0.5819253769642152,0.610823100237468,0.5311249958018921,0.7055923454225996,0.7344375020990539,243.0,3866.5,0.8817374376444823,22,0.6419535540839715,0.2606309652328491,0.688086210337258,0.1888966971187631,0.047683923705722,2.7922478230715884,0.3599021150148575,102.439952,2.949112
1379,Healthy,0,0.1345398103197415,0.0167659961928923,0.020553721114993,0.0698255656494034,0.5638060247183021,0.6176585705285147,0.4432347066995705,0.9096651169010924,0.7783826466502147,320.5,3869.0,0.8469984485022078,24,0.5299497517724884,0.1980586068497763,0.6460657805374987,0.1763971709887671,0.044190054160512,2.854327541827542,0.3233161527037652,102.436971,2.945978
1380,Unhealthy,1,0.1696066872941123,0.015415487707489,0.0202481416571471,0.1047939716113938,0.4040338149564982,0.4600804505879027,0.3332678952099787,0.647722311399588,0.8333660523950107,351.0,4038.0,0.8400546821599453,24,0.3765170388309252,0.276139559224248,0.6634587898999523,0.1866503534529635,0.0441387559808612,2.865915273999222,0.3536983010125278,102.437993,2.945324
1381,Healthy,0,0.1258050377170244,0.01852624087284,0.0165161028918292,0.0784030399388737,0.6143147779742343,0.5858688742381754,0.5134366175881989,0.6960072499300674,0.7432816912059006,282.0,3653.5,0.8566891119298692,22,0.7145360337970035,0.1921135129200087,0.6679746453365529,0.1923187571921749,0.0400250941028858,2.651384083044982,0.3182506457646744,102.439378,2.948351
1382,Unhealthy,1,0.1152029169930352,0.0234309716357125,0.0229351673689153,0.108266322977013,0.6934004832075268,0.6873248301362179,0.6760532180831795,0.6992349647384039,0.6619733909584101,303.0,3806.0,0.8525188610367486,24,0.6348314135999749,0.254585059152709,0.695969596959696,0.1986146451795306,0.0430557264116127,2.908260689082607,0.3505345939736679,102.437485,2.944972
1383,Unhealthy,1,0.0995763134625223,0.0175234704381889,0.0154868103563785,0.0810536750488811,0.6499896113295338,0.6180535327315249,0.5985825030402118,0.6416711203125882,0.7007087484798941,329.5,3873.5,0.8432072329288604,24,0.5775640235822743,0.1737709684918324,0.6612654320987654,0.181668496158068,0.0455262838412043,2.7333024834181705,0.3372298972724052,102.436855,2.945916
1384,Healthy,0,0.1659911821285883,0.0221122706102,0.0164963273952404,0.0938578732311725,0.5817610173034725,0.5174415542053176,0.470215092561994,0.5979410770627995,0.764892453719003,300.5,3842.5,0.85493603668839,24,0.4232012377532947,0.2797126463717884,0.7053739195791056,0.2012441267950499,0.0479159450409883,2.982485685415965,0.3726912372438222,102.438065,2.945597
1385,Healthy,0,0.0977665434281031,0.0204063234850764,0.0231596013117167,0.1233484513229793,0.6232659783741185,0.6583916191799823,0.6907278808787379,0.6323093071058143,0.6546360595606311,273.5,3974.5,0.8712335216572504,22,0.6547603619527051,0.2205007608152098,0.6965828750981933,0.1852918981957879,0.0419103901585961,2.739249500407076,0.3671468757991646,102.439841,2.949048
1386,Healthy,0,0.1863876117600335,0.0188968278881576,0.0198465729546215,0.1215259300337897,0.4372909333905028,0.4470517803348136,0.3682077008962255,0.5615398337043914,0.8158961495518872,305.0,4111.0,0.8618659420289855,23,0.3944685381491702,0.3156896560556359,0.6743215031315241,0.1698713698448481,0.0484906108866175,2.908007334963325,0.3659767794043412,102.436705,2.945233
1387,Healthy,0,0.1171740483906534,0.0228456039395597,0.0190015503515799,0.1007288868228594,0.6933569516081791,0.6444217882033118,0.6526399275919393,0.6348110238300025,0.6736800362040303,286.0,4011.5,0.8668993600930773,24,0.5242186049025187,0.2341588089863459,0.7095459285240308,0.1866035004605869,0.0423072477170269,2.919899678658202,0.3833532729447957,102.43705,2.945851
1388,Healthy,0,0.106759741074509,0.0166438534441921,0.0151675072395139,0.0741984343363179,0.6214860520286746,0.5980435219743545,0.5394933108425726,0.678894306804498,0.7302533445787137,434.0,3560.0,0.7826740110165248,23,0.4606730032941389,0.1784494258463382,0.5845889757772268,0.1601731601731601,0.0479313824419778,2.486873508353222,0.2664252457320227,102.436589,2.94502
1389,Healthy,0,0.1401413480440775,0.021696604684823,0.0171341714966628,0.0692912364999453,0.6865313652999071,0.6256384521342059,0.5362550457164426,0.7930154751406095,0.7318724771417787,434.0,3560.0,0.7826740110165248,23,0.406007772251075,0.1954238839033577,0.5845889757772268,0.1601731601731601,0.0479313824419778,2.486873508353222,0.2664252457320227,102.436549,2.944955
1390,Healthy,0,0.196171470814281,0.0295667031572924,0.0297260307189491,0.0789713809887568,0.7075992372007155,0.7091677610301039,0.5239114437244567,1.0939002227167742,0.7380442781377716,290.0,3701.0,0.8546730142821348,27,0.4485041963335581,0.2692407435841031,0.6530491415038484,0.1775622100379586,0.0443890274314214,2.729236677868459,0.3237359550561798,102.434083,2.947116
1391,Healthy,0,0.2182652983400556,0.0155018607361449,0.0138938499925037,0.0853221259183353,0.3706460480845518,0.3531195143536954,0.2652530115419984,0.560145676740185,0.8673734942290008,272.0,3935.5,0.8707070707070707,22,0.3692192125188036,0.258999462549885,0.7030584974759972,0.1909739046168754,0.0398259503233214,2.8172100892033223,0.3624469283424313,102.439681,2.948901
1392,Healthy,0,0.2004771894878811,0.0297626337657372,0.0215615988191631,0.1055017676618364,0.6514317866874981,0.5745734609648538,0.5170718661115802,0.6787668048252862,0.7414640669442099,323.0,3808.0,0.8436213991769548,27,0.5696384291596915,0.3109217969079812,0.6615805946791862,0.1889697648376259,0.0406763048272482,2.880641428335262,0.3317030567685589,102.438497,2.945942
1393,Healthy,0,0.1828113132052951,0.0325702246692445,0.0275601272781689,0.1077088961998621,0.7326134925194643,0.6859290538759902,0.604884243852261,0.8149723142680907,0.6975578780738695,305.0,3897.5,0.8548483045806068,24,0.5536311581473111,0.2996419693032899,0.6824588880187941,0.1926172633916181,0.04971295957005,2.9546015297310637,0.3427599785215679,102.438345,2.945673
1394,Healthy,0,0.1788474172353744,0.0297089608179198,0.0246492473201619,0.1246293269925647,0.6549329844175066,0.6076344166902957,0.5698020093219689,0.6604898910281314,0.7150989953390157,310.5,3965.5,0.8547708138447146,24,0.5526481546204189,0.2815159892456398,0.6749391727493917,0.1819243183847263,0.0408224977320834,2.987819831603041,0.3416623286482734,102.437836,2.945185
1395,Healthy,0,0.1404416370722982,0.0247216119120518,0.0179616635044415,0.0675099318226178,0.7683640108147395,0.6812025763418609,0.5987194382303364,0.8405910026932678,0.7006402808848319,286.0,4114.0,0.87,23,0.7170073442299216,0.209925327450037,0.6915959907478797,0.1875507442489851,0.0481308969306103,2.877330126277811,0.37803826926392,102.436899,2.945578
1396,Healthy,0,0.141012017097738,0.0231283934166034,0.0300841991686158,0.1229759628574053,0.5963908730781373,0.6710276990871209,0.5636246027198185,0.7862058623327817,0.7181876986400907,278.5,4073.0,0.8719981615534873,24,0.5387257428036603,0.303464295135604,0.7150375939849624,0.2019496772493742,0.0446530799175635,2.976078431372549,0.3884463821581286,102.437989,2.945864
1397,Healthy,0,0.1550744432542059,0.0247648248655928,0.0301198057002491,0.1641479399469163,0.5372678147678477,0.5868334839616798,0.5508213000310005,0.620171003681765,0.7245893499844996,278.5,4073.0,0.8719981615534873,24,0.5018205485909997,0.342176814046171,0.7150375939849624,0.2019496772493742,0.0446530799175635,2.976078431372549,0.3884463821581286,102.438026,2.945932
1398,Healthy,0,0.0932468473911285,0.0226150707652171,0.0176151784964733,0.0736809149384498,0.852763733191449,0.7768031552854706,0.7807594117231867,0.7717823549166252,0.6096202941384067,324.5,3896.5,0.8462449656479507,24,0.667736344906036,0.1726506671143902,0.6700911029269239,0.1791432872587929,0.040014484881405,2.84326991960519,0.3643854627461185,102.436899,2.945849
1399,Healthy,0,0.2116192380587259,0.0206713521232207,0.0214707667215002,0.1259382632043626,0.4364495309876687,0.4439521833891258,0.3559567713359275,0.5826174076933714,0.8220216143320364,294.5,4238.5,0.870063975292301,24,0.4380176909459518,0.329871912797292,0.7156707373916286,0.1967746130836259,0.0395390872119295,2.915865740056188,0.3821666666666666,102.437911,2.94573
1400,Unhealthy,1,0.1909503208266364,0.0253040240042739,0.0238033855954806,0.1126396076546775,0.5715227230836127,0.5569354151288438,0.4680419073024251,0.6978265436273113,0.7659790463487874,308.0,4187.0,0.8629588431590657,24,0.5213996779220693,0.2995702111058764,0.7115279548351848,0.1883416577100587,0.0428896410142595,2.939972714870396,0.3868789194404245,102.437755,2.945862
1401,Unhealthy,1,0.1134203871091206,0.0175950281942884,0.0210145724316438,0.0666489679780271,0.6539097389020837,0.7062334919248535,0.5371895560088518,0.9588740009102122,0.7314052219955741,291.5,3767.0,0.8563508685474929,28,0.55216834079469,0.1899909315009911,0.6906396100666468,0.1965643480709659,0.0424435721295387,2.828369140625,0.345017793594306,102.434355,2.94787
1402,Healthy,0,0.0929230666822857,0.0240875892341136,0.019199752766225,0.0874431249168184,0.8431765059259801,0.7741857023884994,0.823432329148671,0.7201513381245837,0.5882838354256645,324.0,3719.0,0.8397229779866435,24,0.6495134083082548,0.1769853544731935,0.6612654320987654,0.181668496158068,0.0455262838412043,2.8707931675968203,0.3372298972724052,102.436815,2.945842
1403,Healthy,0,0.1521206746498743,0.01723731133259,0.0187704606602589,0.1269766580727365,0.4397666573535969,0.4570890341540351,0.4071213112884984,0.5151514712176466,0.7964393443557509,252.5,3782.5,0.8748451053283767,22,0.530137817691979,0.2676572619626919,0.6962970436888306,0.1882111810021909,0.0413131000309693,2.746226855453555,0.3577112203844435,102.439954,2.949255
1404,Healthy,0,0.1186541716257731,0.0178425301694207,0.0158341045801838,0.0672993030813005,0.6440226710837774,0.6133336605425167,0.5228706608953083,0.7618648158708757,0.7385646695523459,281.5,3775.5,0.8612275080108455,28,0.495802711128064,0.185929907589323,0.695112016293279,0.1932616487455197,0.0390761548064918,2.818423812212632,0.3453179500939093,102.43424,2.947527
1405,Healthy,0,0.1467097947994868,0.018034725346499,0.0156298969975776,0.0849689406653245,0.5388563218387425,0.5074876962750033,0.4378834653927866,0.621474257981072,0.7810582673036067,265.5,3885.5,0.8720790171043122,22,0.5057943820441013,0.2191839054640796,0.7025036818851251,0.2014966740576496,0.0448300795372378,2.808814400993172,0.3535980148883375,102.439762,2.948904
1406,Healthy,0,0.2025480204158359,0.0273318810181485,0.0251809501399596,0.1345138897498448,0.5581841162364444,0.5391810668183223,0.4755853965075327,0.6307267074461623,0.7622073017462335,284.0,3855.0,0.8627687847306112,29,0.4285630707351614,0.3227442531949944,0.7041420118343196,0.1960475440355148,0.0406179915275355,2.8590872698158525,0.359240687679083,102.434546,2.947938
1407,Healthy,0,0.0935025339325269,0.0192828008698092,0.0190258533176448,0.0751851689484384,0.7443182015402845,0.7402768769460363,0.6838761760508529,0.8077973409060133,0.6580619119745735,304.5,3917.5,0.8557555660824254,28,0.7351195217516514,0.160297964596086,0.6865554465161924,0.1882735255479499,0.0477351703956593,2.7841565847268246,0.3497220291869353,102.434441,2.947589
1408,Healthy,0,0.1052902754810121,0.0236872347692648,0.0279325399961736,0.0660812995500034,0.8662916786770608,0.9259511602141848,0.7346159721427541,1.1884437496015214,0.6326920139286228,288.0,4027.0,0.8665121668597914,23,0.8588843291462632,0.1772040223909748,0.6982374588417587,0.1913043478260869,0.0433127082341742,2.7424086841719237,0.3669912865197334,102.439719,2.949107
1409,Healthy,0,0.131487508614858,0.0204777088430192,0.0222603192345963,0.0906060511867205,0.6227801085136914,0.6455125450837225,0.5390104179252824,0.7889088362282287,0.7304947910373589,300.0,3669.0,0.8488284202569917,27,0.5933073359501422,0.2101661695374383,0.6748869708179203,0.1964180857310628,0.042732855680655,2.671689135606661,0.328125,102.434005,2.947249
1410,Healthy,0,0.1826458010408613,0.01953327935189,0.0221244365804725,0.108579638103644,0.4731154125232502,0.5005686265229383,0.3864550044236985,0.6770848310258876,0.8067724977881507,300.0,3669.0,0.8488284202569917,27,0.5605413667379295,0.2714888532128599,0.6748869708179203,0.1964180857310628,0.042732855680655,2.671689135606661,0.328125,102.434082,2.947251
1411,Healthy,0,0.1303746965196397,0.0217231419972247,0.0169211104512214,0.0839249980118539,0.6742496506509239,0.6111117171981328,0.571293904214584,0.6711656288618038,0.714353047892708,264.0,3793.0,0.8698545723440966,22,0.4531899212679549,0.218004432403379,0.6679746453365529,0.1923187571921749,0.0400250941028858,2.607892403192433,0.3182506457646744,102.439331,2.948419
1412,Healthy,0,0.1097636702987882,0.0177733751220835,0.0166402976546022,0.1064310003485944,0.5648136904650358,0.5492821556775134,0.5574341184847569,0.5408343919203644,0.7212829407576217,262.0,3892.0,0.8738565238324506,21,0.6016444325632313,0.2196727531651656,0.7025036818851251,0.2014966740576496,0.0448300795372378,2.7150336574420346,0.3535980148883375,102.439841,2.948906
1413,Healthy,0,0.1791524092356363,0.0221422357070777,0.0197178146077526,0.10989584442642,0.5314146266800585,0.5060018115200173,0.4399965178085906,0.6085103917189469,0.7800017410957045,301.0,3955.5,0.8585692470339481,24,0.4355042966356475,0.2736647704409228,0.6912450998693298,0.1909300032862307,0.0458270806879833,2.9365206910405783,0.3579849037401408,102.437874,2.945251
1414,Healthy,0,0.1636172673768467,0.0258237851990593,0.0261210165917873,0.1269348793559604,0.6037126018822304,0.6066600244440912,0.5452627051617995,0.6826529988940732,0.7273686474191003,297.0,3807.0,0.8552631578947368,29,0.4408765530089022,0.3094268027279112,0.7041420118343196,0.1960475440355148,0.0406179915275355,2.783505154639175,0.359240687679083,102.434635,2.947937
1415,Healthy,0,0.1511134372817145,0.0237907231267955,0.0235912106517288,0.1020585149526596,0.6328300393984743,0.6305948581412237,0.5440859284588626,0.751015110880747,0.7279570357705687,286.0,3834.0,0.8611650485436894,28,0.5486193782225409,0.2529719972776042,0.6906396100666468,0.1965643480709659,0.0424435721295387,2.791722401447793,0.345017793594306,102.434515,2.947868
1416,Healthy,0,0.1065186717443996,0.0193914120189017,0.0175841241661045,0.077839660561747,0.6952159731219375,0.6682309659533049,0.6160400005882186,0.7370960695493015,0.6919799997058906,284.0,3938.0,0.8654666035054477,27,0.6675373991129928,0.2053038198500872,0.708772627809827,0.2019028963201343,0.0432353655574447,2.8564727954971856,0.3684025951253726,102.434239,2.947664
1417,Healthy,0,0.1701786741614341,0.0201056479579872,0.0178758161556389,0.1271322708990838,0.476546917911404,0.4531145122811212,0.4226443405120684,0.4930984614366502,0.7886778297439658,329.0,3918.0,0.8450671061926065,23,0.5062612712081117,0.251830924095379,0.606691379146469,0.1631459437143053,0.0384568128762747,2.8166692826871764,0.3073121701985091,102.436468,2.945092
1418,Healthy,0,0.1165402581294377,0.0210145720177226,0.0212003423107994,0.0899343623055352,0.6765152089347661,0.6789978415242702,0.6110893232972068,0.7630502959084977,0.6944553383513967,276.0,3887.0,0.8674033149171271,22,0.5665533084962914,0.2017257426761918,0.6962970436888306,0.1882111810021909,0.0413131000309693,2.685557042986762,0.3577112203844435,102.440073,2.949321
1419,Healthy,0,0.1338334464364581,0.0238748341798782,0.0299983914527628,0.1413694587018754,0.5914140004218151,0.6548420939121213,0.6055442133177403,0.7002104869890818,0.6972278933411298,273.5,3974.5,0.8712335216572504,22,0.565408330685197,0.2478504884574148,0.6965828750981933,0.1852918981957879,0.0419103901585961,2.739249500407076,0.3671468757991646,102.439918,2.949047
1420,Healthy,0,0.1277251914143562,0.0231843905316458,0.0282010421570804,0.0746752955019474,0.7455708888783626,0.8099020271683784,0.6145240145172906,1.0965025699320528,0.6927379927413546,264.5,3673.0,0.8656507936507937,22,0.6931105170800801,0.2075692543552982,0.6786071642985791,0.1800787844682048,0.0418581542665507,2.621116579513996,0.3373112738450411,102.439835,2.949183
1421,Healthy,0,0.1475914203458362,0.0244810185912582,0.0304480230228768,0.1373568740155961,0.5865291673500925,0.6464572455997322,0.5690863392761668,0.725795815503428,0.7154568303619165,278.5,4073.0,0.8719981615534873,24,0.6136349293841148,0.3065154163373841,0.7150375939849624,0.2019496772493742,0.0446530799175635,2.976078431372549,0.3884463821581286,102.437951,2.945933
1422,Healthy,0,0.1518365177843305,0.0210749072333176,0.0225826383878787,0.0852786327401797,0.6037250604345825,0.6219628364225316,0.4875307049529342,0.837469766551052,0.756234647523533,320.5,3869.0,0.8469984485022078,24,0.6099312145387523,0.2421302745739619,0.6460657805374987,0.1763971709887671,0.044190054160512,2.854327541827542,0.3233161527037652,102.437047,2.945988
1423,Healthy,0,0.1116979014542367,0.0177470916468236,0.0161756434374385,0.0642170682549476,0.671573255736412,0.646647085997322,0.5484056577752093,0.8048313384095228,0.7257971711123954,268.5,4113.0,0.8774392331393358,22,0.4843608231450305,0.173525669094589,0.711482416941908,0.191210277214334,0.037329251059821,2.750983899821109,0.3750741336948233,102.439412,2.948556
1424,Healthy,0,0.1753630621565712,0.0292743065704902,0.0246063994450701,0.0839246565269099,0.736839779202037,0.6882010032440571,0.5722181975382084,0.906888787718894,0.7138909012308957,306.0,3708.0,0.8475336322869955,23,0.5468667322362178,0.2707976011766327,0.680439179427911,0.1913150348217943,0.0456670262495505,2.839732888146912,0.3558111169193239,102.438303,2.945602
1425,Unhealthy,1,0.1221237985624207,0.0216379803087976,0.021503961748547,0.0651231205297841,0.7509182719229314,0.7490282619061243,0.6020509895938583,0.992944062433279,0.6989745052030709,311.5,3851.0,0.8503303303303303,24,0.6995936288756389,0.1993282075143522,0.6701702167240257,0.1906372256481665,0.044378526144361,2.940028241548301,0.3514682638715581,102.438112,2.945525
1426,Healthy,0,0.1206963111956914,0.0217499749528037,0.0177966635674238,0.0885518938302993,0.6884315324458833,0.6358112243251696,0.6107558305909117,0.6693711321675089,0.6946220847045442,314.0,4294.5,0.8637300640121515,24,0.5676591858082805,0.2271774164918396,0.6743873137914465,0.1825957100190062,0.0390648297250551,2.935905000737572,0.3447743264115325,102.437602,2.945176
1427,Healthy,0,0.1813616843687163,0.0174782375494639,0.0166183007467124,0.1042020163602299,0.4362467979887812,0.4266597359766925,0.351604192575693,0.5501823251135141,0.8241979037121535,355.0,3967.0,0.8357242017584452,24,0.4009355546828992,0.2898833037664493,0.6210113827206568,0.1566473603621596,0.0426693872651983,2.7833859905987515,0.3152895687988568,102.436547,2.945227
1428,Healthy,0,0.1230979321731461,0.0248209508135914,0.0176341979660921,0.0762653880649142,0.7974435436385837,0.7022647848550937,0.6712043874970814,0.7511938534114161,0.6643978062514593,297.5,4160.0,0.8665171060011218,24,0.661580669288589,0.2257045598493682,0.7134611804133308,0.2030065359477124,0.0432466133877458,2.881602506714413,0.3849827103573193,102.437561,2.945249
1429,Healthy,0,0.1694808138741387,0.0279386308458116,0.0226115679575337,0.1771213536461194,0.5553303611172353,0.5091265024683905,0.56607657640703,0.4528360728113464,0.7169617117964849,301.0,4181.0,0.8656849620705043,24,0.4672524074921995,0.3443229405416383,0.7196018234254349,0.1912096410388606,0.0404728398536448,2.950121654501217,0.3890818858560794,102.437674,2.945729
1430,Healthy,0,0.1596380819876988,0.0254726816589633,0.0225365433014101,0.133709080517292,0.591884627133959,0.5625701082302983,0.5504311290635773,0.5769516675247207,0.7247844354682115,304.5,4273.5,0.8669724770642202,24,0.5153512816255298,0.3040918324970537,0.7125848758255046,0.1976063483803824,0.0402259887005649,2.962824723798149,0.3831420787583587,102.437598,2.94545
1431,Healthy,0,0.1567051692141426,0.0219588137956129,0.0234448818696869,0.0933755168484316,0.5975221700481091,0.6146341190664254,0.4916226186318457,0.8027667129011662,0.7541886906840771,273.0,4041.0,0.8734353268428373,22,0.6751199647512932,0.239339761229025,0.6965828750981933,0.1852918981957879,0.0419103901585961,2.785951940850277,0.3671468757991646,102.43976,2.949042
1432,Healthy,0,0.1256039382682906,0.0189961084268159,0.0181371557215849,0.0668011187679237,0.6595949025298977,0.6470948111280284,0.5254800080907237,0.8541334671838743,0.7372599959546381,262.0,3804.0,0.8711264141662568,21,0.4426591079108113,0.197283801726169,0.6874272409778812,0.1920230263157894,0.0354804143350398,2.8115573900619144,0.3482273785905287,102.439691,2.948632
1433,Healthy,0,0.1752267827590306,0.0209501723034514,0.020129845995042,0.1239752173423767,0.4913521734098124,0.4828937890008165,0.4271688750960337,0.5587547176717429,0.7864155624519832,292.0,4147.0,0.8684388375760307,24,0.4790993874446175,0.3023717568980323,0.7125848758255046,0.1976063483803824,0.0402259887005649,2.949502677888294,0.3831420787583587,102.437718,2.945521
1434,Healthy,0,0.1583267955316437,0.0167803170366419,0.0167593958063258,0.0955874572197596,0.4669713510488355,0.4667142131592077,0.3833154870873259,0.5967019228365746,0.8083422564563371,323.0,3923.5,0.8478747203579419,24,0.4190290796257275,0.2375898899303543,0.6634587898999523,0.1866503534529635,0.0441387559808612,2.943990188062142,0.3536983010125278,102.437952,2.945256
1435,Healthy,0,0.1232479769322607,0.0177911483786172,0.0187121301682458,0.1258937261170811,0.4998847555022661,0.5111698912808487,0.5045734178910148,0.5176036613987262,0.7477132910544926,265.5,3885.5,0.8720790171043122,22,0.5455488076256237,0.2404932599100802,0.7025036818851251,0.2014966740576496,0.0448300795372378,2.808814400993172,0.3535980148883375,102.439801,2.948978
1436,Healthy,0,0.1077971359093983,0.0161310391914513,0.0193807042928205,0.0804000575509336,0.5853612436104517,0.6349633406566222,0.5206576850929748,0.7769315020131271,0.7396711574535125,336.5,3847.0,0.839129915142823,24,0.5925843671586878,0.1871625582377115,0.6702833031946956,0.1797346200241254,0.0399049286965223,2.908932714617169,0.3404872899991204,102.437992,2.945186
1437,Healthy,0,0.1007902945081393,0.0170961470446652,0.0166093363530106,0.0640671849250793,0.6871104344252267,0.6789883252574345,0.5800886622574786,0.8235028526209573,0.7099556688712606,304.5,3917.5,0.8557555660824254,28,0.6967701838397768,0.1661117426637146,0.6865554465161924,0.1882735255479499,0.0477351703956593,2.7841565847268246,0.3497220291869353,102.434357,2.947593
1438,Healthy,0,0.2129781991243362,0.0142332423064443,0.0088729492595626,0.0777994071443875,0.3566735977386663,0.294455358644195,0.2505726334345787,0.4094938514517284,0.8747136832827107,277.0,3918.0,0.867938021454112,21,0.2600056890259586,0.2502825681327118,0.6874272409778812,0.1920230263157894,0.0354804143350398,2.763777136784576,0.3482273785905287,102.439686,2.948767
1439,Healthy,0,0.1075761839747428,0.0248749956695569,0.0237938894165886,0.0728143701950709,0.8646888574822453,0.8498909321394287,0.7512200566687046,0.9851699849364414,0.6243899716656478,320.0,4175.0,0.8576195773081201,25,0.8665703866645043,0.1884413316018051,0.6931168112197823,0.1931079323797139,0.0425544003181637,2.9759147753589623,0.3908208150053946,102.438304,2.945875
1440,Healthy,0,0.0872248676088121,0.0218338074369563,0.0186695656221773,0.0712406871219476,0.8641355589350681,0.8142652927577566,0.8008095615609986,0.8305867263129119,0.5995952192195008,276.0,3867.0,0.8667632150615496,29,0.7291018073828737,0.1726445032076703,0.6989765201685731,0.1918907503871603,0.0387730061349693,2.8262238312608217,0.3561283534981588,102.43458,2.948141
1441,Healthy,0,0.0849270721276601,0.0209418663548098,0.022464677484499,0.0915321943660577,0.7673015917604818,0.7896915627502379,0.7912374169417943,0.7882559273713718,0.6043812915291029,306.5,3846.5,0.8523958584156032,24,0.6801116203218884,0.1869237538841036,0.6702833031946956,0.1797346200241254,0.0399049286965223,2.978293791014639,0.3404872899991204,102.437956,2.945118
1442,Healthy,0,0.1434559209479226,0.0236162750257386,0.0202976212733321,0.0881939224070972,0.6774547431917851,0.6374408527652429,0.5654148468716288,0.7483577276076152,0.7172925765641857,299.5,3948.5,0.8589924670433146,24,0.6306223030260596,0.2497913624263472,0.6749391727493917,0.1819243183847263,0.0408224977320834,2.9365845807178497,0.3416623286482734,102.437838,2.945043
1443,Healthy,0,0.2404872162474526,0.0213980732692612,0.0229054413114984,0.1336076027817196,0.4106219618383472,0.4235534515494823,0.3268312368174548,0.5853937975382062,0.8365843815912725,300.5,4234.5,0.8674751929437706,24,0.4275555410112677,0.3490174065033596,0.7156707373916286,0.1967746130836259,0.0395390872119295,2.9067533619033545,0.3821666666666666,102.43783,2.94573
1444,Healthy,0,0.086485835413138,0.0212680900262461,0.0174155627480811,0.0825378166304694,0.8042392477069168,0.7449647051794402,0.7895059020642454,0.6969474311468209,0.6052470489678772,272.0,3794.0,0.8662075750122971,29,0.6102186916679603,0.1742513479871881,0.6825205699377885,0.1890511984115728,0.0407149950347567,2.990320937340805,0.3494906919564454,102.434508,2.948138
1445,Healthy,0,0.2425194978713989,0.0311192656970686,0.035043052294188,0.1523418070541488,0.5446384045572839,0.5740470960916132,0.4548955753380637,0.7480444773618586,0.7725522123309682,282.0,4005.0,0.8684394681595521,24,0.59823647977392,0.3630877153740989,0.6949576597382602,0.1888498920086393,0.0420635390167425,2.963700047763095,0.3569715656046591,102.437912,2.946002
1446,Unhealthy,1,0.1951926764514711,0.0308050008283721,0.0245869014826085,0.1027526350484954,0.6854022110349596,0.6270712525697111,0.5452268571809717,0.7723257725726971,0.7273865714095142,313.0,4127.5,0.8590248845850692,24,0.4227844769707272,0.3170841356946361,0.680439179427911,0.1913150348217943,0.0456670262495505,2.820124205234364,0.3558111169193239,102.438264,2.94567
1447,Healthy,0,0.1174964490864012,0.0122981966576642,0.0160787898219294,0.0978327116204632,0.4100670879443424,0.4657574182219138,0.3790047451391579,0.5646063696232035,0.810497627430421,284.0,4117.5,0.8709530841758492,20,0.5611365403921978,0.2357548994736538,0.6817608843207602,0.1845376314711105,0.0409314608090265,2.775887038377987,0.3448920618731939,102.439614,2.948496
1448,Healthy,0,0.2052888572216034,0.0314396783295604,0.0302953994315531,0.1064701088600688,0.6713606467069962,0.6611626480137344,0.531235970456386,0.8860537955799477,0.7343820147718069,287.0,4177.5,0.8714301713517751,24,0.5039862898239006,0.3341233217053942,0.7156707373916286,0.1967746130836259,0.0395390872119295,2.8676199601975383,0.3821666666666666,102.437793,2.945663
1449,Healthy,0,0.1752148626579178,0.0336998231295082,0.0292434640642669,0.1254289415147569,0.7325183608615884,0.6924699879439474,0.6452360781146482,0.7562684230530339,0.6773819609426759,296.0,3645.0,0.8497843187008374,29,0.558667581632999,0.3075851069556342,0.6953062848050915,0.1982007309530503,0.046788652830652,2.791298549758293,0.3605895771187927,102.434508,2.948004
1450,Healthy,0,0.1254955778519312,0.022935913875699,0.0210340414196252,0.1186520333091418,0.6326724570381961,0.6104446297546869,0.61808753947676,0.6023232154090573,0.6909562302616199,290.5,3939.0,0.8626315167277456,24,0.5699589749022922,0.2434401905371083,0.7045739046701974,0.192053872053872,0.0413553738455203,2.8234793375638447,0.37990594271056,102.43737,2.945039
1451,Healthy,0,0.1170508116483688,0.0184245862894588,0.0173468739829129,0.0625436012115743,0.6809935716820117,0.6643849325263285,0.5439979972722196,0.8685327726832652,0.7280010013638902,282.5,3871.5,0.8639865190178142,28,0.6972790715761402,0.1847746933086051,0.708772627809827,0.2019028963201343,0.0432353655574447,2.773570324574961,0.3684025951253726,102.434278,2.947594
1452,Healthy,0,0.1177121980322731,0.0183775964089565,0.0156280738818976,0.1244193803932931,0.5271701150116477,0.4925908467463046,0.5401608984542297,0.4463650971102614,0.7299195507728853,298.0,4177.5,0.8668305217294157,24,0.4346148643460057,0.2564749372088247,0.7039241212572066,0.1868644342250146,0.0400726529685548,2.9488446336272425,0.384390243902439,102.437714,2.945387
1453,Unhealthy,1,0.1454057155383957,0.0244072766767607,0.026811555855804,0.1209944006469514,0.619445198092244,0.6450349733769051,0.5749213027431069,0.725587966552733,0.7125393486284465,300.0,3960.0,0.8591549295774648,24,0.6174824604349799,0.2757722354597516,0.7027834858957593,0.1980022343431688,0.0480022995113538,3.0076423699564465,0.3656291834002677,102.437834,2.945863
1454,Healthy,0,0.1555721768074565,0.0321725269572602,0.0265718402547968,0.0660095471474859,0.9001612845635121,0.8382290348715499,0.6854526665653183,1.1480424305735406,0.6572736667173409,294.0,3970.0,0.8621013133208255,29,0.5797866335754708,0.2434170086764626,0.697039600153787,0.1939410332702191,0.0482070767038708,2.845201238390093,0.3630595095180929,102.434748,2.948139
1455,Healthy,0,0.1660033845239215,0.0149140171706676,0.0175612158038549,0.1414401986532741,0.3537568273404607,0.3821528133356128,0.3297420155490471,0.4417876624258552,0.8351289922254765,299.5,3996.0,0.8605517401932254,24,0.3360614499147417,0.3064279401053985,0.6912450998693298,0.1909300032862307,0.0458270806879833,2.9161407384032816,0.3579849037401408,102.437912,2.945326
1456,Healthy,0,0.1648900989029142,0.0194089761417773,0.0140431906200117,0.0805710653463999,0.5461949193734239,0.4797499874318638,0.4212495616067683,0.5937029457800559,0.7893752191966158,262.0,3804.0,0.8711264141662568,21,0.4092087925866407,0.23978518260022,0.6874272409778812,0.1920230263157894,0.0354804143350398,2.8115573900619144,0.3482273785905287,102.439729,2.948701
1457,Healthy,0,0.202302207549413,0.012453931176828,0.0093296646761397,0.0907110675341553,0.3133841625560267,0.2767955829822633,0.2319641478133217,0.3730346417908206,0.8840179260933392,265.0,4013.0,0.8761103319308088,22,0.2275873846403529,0.2771123770831359,0.7030584974759972,0.1909739046168754,0.0398259503233214,2.7781483952264474,0.3624469283424313,102.439646,2.948832
1458,Healthy,0,0.1735038277175691,0.023304464502467,0.0185359698823756,0.0730592004126972,0.6359261569269349,0.5803041894152108,0.473648020407841,0.8094736795690071,0.7631759897960794,306.0,3708.0,0.8475336322869955,23,0.4711030684975526,0.261205677770906,0.680439179427911,0.1913150348217943,0.0456670262495505,2.839732888146912,0.3558111169193239,102.438226,2.945598
1459,Healthy,0,0.1979584660795,0.0130754168041878,0.0160375133984618,0.0846778911848862,0.3387554196722008,0.3735428611778686,0.2478354020789044,0.6369438107232069,0.8760822989605477,271.5,4000.5,0.8728932584269663,22,0.2598568594623611,0.2583950047070781,0.7012010545845132,0.1851700680272109,0.0373325394462637,2.7274722059684025,0.3782222605397017,102.439563,2.948835
1460,Healthy,0,0.1411661505699157,0.0194736293827493,0.0235439379596047,0.1361195594072342,0.4926400801327457,0.5372104550706023,0.4849017942750546,0.5898389637679233,0.7575491028624727,252.5,3782.5,0.8748451053283767,22,0.6256722498075027,0.2663141538699468,0.6962970436888306,0.1882111810021909,0.0413131000309693,2.746226855453555,0.3577112203844435,102.439998,2.949188
1461,Healthy,0,0.1806516001621882,0.0171220276711715,0.0136009316063589,0.0739106150964895,0.4742840973789018,0.4307683962544092,0.346295466362142,0.6216748357810116,0.8268522668189291,288.0,3804.0,0.8592375366568915,22,0.434939719957372,0.2477542470312781,0.7025036818851251,0.2014966740576496,0.0448300795372378,2.727272727272727,0.3535980148883375,102.439807,2.948836
1462,Healthy,0,0.148305465777715,0.0237534114470084,0.0172631786101394,0.0998547735313574,0.6427070034792728,0.5673565222641466,0.5522158886573331,0.589599742634939,0.7238920556713334,295.5,4152.0,0.8671163575042159,24,0.5997208221681228,0.2450426779687404,0.7134611804133308,0.2030065359477124,0.0432466133877458,2.988608183508989,0.3849827103573193,102.437525,2.94531
1463,Healthy,0,0.1307253258095847,0.0173356192600395,0.0180959383853607,0.0786516765753428,0.568268607739311,0.5789267767599436,0.4683373931427385,0.7481709349718161,0.7658313034286308,323.0,3923.5,0.8478747203579419,24,0.4578845168616192,0.221548615851336,0.6634587898999523,0.1866503534529635,0.0441387559808612,2.943990188062142,0.3536983010125278,102.438024,2.945259
1464,Healthy,0,0.1400179266929626,0.0197697109025385,0.0252872202545404,0.1122723122437795,0.541952064839049,0.6061188494628987,0.494899635542146,0.7353098631634052,0.7525501822289269,296.0,3638.0,0.849517031011693,27,0.6250102026202445,0.2398278709087107,0.6748869708179203,0.1964180857310628,0.042732855680655,2.8346055979643765,0.328125,102.434044,2.947319
1465,Healthy,0,0.206437415546841,0.0150494714164071,0.0161374941882159,0.0540370763176017,0.4143385353058683,0.4277145958914474,0.271789840432482,0.9198485475235262,0.8641050797837588,298.0,4126.5,0.8652955136173579,22,0.4069619597338804,0.2288071035097042,0.709511077158136,0.192909975344839,0.043422509762779,2.696696485172924,0.3810854288375243,102.43949,2.948697
1466,Healthy,0,0.1022085845470428,0.0199279906228184,0.0180761750994457,0.0646386502517594,0.7712696881710478,0.7420826145312268,0.6526461248844938,0.8741443881526539,0.673676937557753,295.0,4121.0,0.8663949275362319,24,0.5082807942785329,0.1904310401942995,0.7045739046701974,0.192053872053872,0.0413553738455203,2.9177152444139405,0.37990594271056,102.437368,2.945171
1467,Healthy,0,0.162535413271851,0.0155298412880963,0.0199410849147372,0.0586738135251733,0.492485303137243,0.5527646105595574,0.3488573068670852,1.0146211626784316,0.8255713465664573,270.0,4208.0,0.8794104510942385,21,0.5072028376899,0.204849055243863,0.711482416941908,0.191210277214334,0.037329251059821,2.6778185774513803,0.3750741336948233,102.439526,2.94863
1468,Healthy,0,0.1850651262534989,0.0175900239911344,0.0178053112079699,0.0882803499698638,0.4561055111773687,0.458576694620018,0.3471912550932115,0.6713559970417668,0.8264043724533942,252.0,3958.0,0.8802850356294537,21,0.4026914244451357,0.2706602642105685,0.6796859271189853,0.184160102192889,0.0306998579282228,2.810983009708738,0.3287453679195341,102.439494,2.948423
1469,Healthy,0,0.0954425682624181,0.0233650659728381,0.0165781345632341,0.0876325828333695,0.8133865562567536,0.7164110082206531,0.7866520067749825,0.6363312710012842,0.6066739966125089,296.5,3894.5,0.8585063230732523,28,0.6651473851552477,0.1881800140771601,0.6865554465161924,0.1882735255479499,0.0477351703956593,2.759625709464642,0.3497220291869353,102.434396,2.947663
1470,Healthy,0,0.1037587233715587,0.0209997416370444,0.019616521998412,0.0764798025290171,0.7559369961972606,0.735619340124474,0.673292722400722,0.8165357871856084,0.6633536387996389,317.5,3646.5,0.8398082744702321,24,0.7916677206980826,0.1709372465395264,0.6486280487804879,0.1837460664933643,0.0404040404040404,2.803368421052632,0.3166496424923391,102.437955,2.944981
1471,Healthy,0,0.1317422290643056,0.0203466737228963,0.0234828856256273,0.0724968512852986,0.6645644729375827,0.7067327720563041,0.5351257941906449,0.9786601372921292,0.7324371029046775,353.0,3918.0,0.8346991336923437,25,0.7074614102913408,0.2048433230568965,0.6634587898999523,0.1866503534529635,0.0441387559808612,2.913057689164896,0.3536983010125278,102.438108,2.945394
1472,Healthy,0,0.1732765320274565,0.0114535310616095,0.0102270833320087,0.0570196393463346,0.361876296867899,0.3441684411933216,0.2480057846586081,0.6083320004115125,0.8759971076706958,279.5,3866.0,0.8651549873356652,22,0.2208262043001305,0.2228283894558748,0.6874272409778812,0.1920230263157894,0.0354804143350398,2.7407152682255846,0.3482273785905287,102.439606,2.948764
1473,Healthy,0,0.1127602971262402,0.016016271068818,0.018901890143752,0.0783586324089103,0.5741847346560411,0.617919140563388,0.4974902280221697,0.7773715233132726,0.751254885988915,270.0,4208.0,0.8794104510942385,21,0.5023248092953343,0.2077743897421493,0.711482416941908,0.191210277214334,0.037329251059821,2.6778185774513803,0.3750741336948233,102.439488,2.948559
1474,Healthy,0,0.1033829011850887,0.0207209116261866,0.0181436211698585,0.0928095968233214,0.6975730278774732,0.6613634599745565,0.6678573738164483,0.6540998629160537,0.6660713130917759,315.5,3945.0,0.8518953174510034,28,0.5784871483309346,0.2113148209949334,0.7026810724289716,0.1944697873534984,0.0393893129770992,2.6442517849337026,0.3587234417702548,102.434316,2.947796
1475,Healthy,0,0.1888852500253253,0.0273632292325298,0.0248086456623342,0.0913787359992663,0.6534688898178439,0.6277526708528536,0.5061442156992343,0.85409087656662,0.7469278921503829,309.0,3706.0,0.8460772104607721,27,0.4279670222526058,0.2670520241889689,0.6530491415038484,0.1775622100379586,0.0443890274314214,2.6866497943688707,0.3237359550561798,102.434165,2.947113
1476,Healthy,0,0.17246356440915,0.026473561508788,0.0268218658036655,0.0699836259914769,0.716968751427742,0.7208352685125542,0.5323000699167314,1.1082786856937965,0.7338499650416344,274.0,4055.5,0.8734264926665897,22,0.7655240398876809,0.2373725436627865,0.6982374588417587,0.1913043478260869,0.0433127082341742,2.719134248939383,0.3669912865197334,102.439679,2.949042
1477,Healthy,0,0.1546128417054812,0.0193171815739737,0.0206221121673782,0.1054830335908466,0.5173143950762683,0.5324614960233032,0.4442518021845283,0.6541243671980195,0.777874098907736,268.0,3848.0,0.86977648202138,23,0.4677631125521574,0.2530227280739281,0.6786071642985791,0.1800787844682048,0.0418581542665507,2.6424564511366992,0.3373112738450411,102.439834,2.949315
1478,Healthy,0,0.1646928439537684,0.0189340823433465,0.0186587215090791,0.0900082430905765,0.517732666199736,0.5144521322301909,0.4124467522308896,0.6868222215581509,0.793776623884555,324.5,3736.5,0.840187146023147,22,0.5157613919967541,0.2305977582517597,0.6796859271189853,0.184160102192889,0.0306998579282228,2.5249759490860653,0.3287453679195341,102.439452,2.948346
1479,Healthy,0,0.1459374096658494,0.0253034904599189,0.0212189911140335,0.1058078184723854,0.6695103181484313,0.6239023542822544,0.5910618419159136,0.6681736299012625,0.7044690790420433,299.5,3948.5,0.8589924670433146,24,0.6502485642159977,0.2533395586328373,0.6749391727493917,0.1819243183847263,0.0408224977320834,2.9365845807178497,0.3416623286482734,102.437797,2.945115
1480,Healthy,0,0.171012405720022,0.0217043610496653,0.0246533956378698,0.1135272797611024,0.5294579402850885,0.5603882143507944,0.4504924281052065,0.7136568284005703,0.7747537859473967,291.5,4127.5,0.8680696990269292,24,0.454092717614746,0.3064720514747832,0.7150375939849624,0.2019496772493742,0.0446530799175635,2.9148936170212765,0.3884463821581286,102.43795,2.945795
1481,Healthy,0,0.094732094142172,0.0185776566051774,0.0173898819420072,0.0962201894985304,0.6515401279618995,0.6340131628942295,0.6558184616115036,0.6122655050387463,0.6720907691942484,303.0,3837.5,0.8536408646298757,28,0.5551911148820872,0.2191501665446493,0.6906396100666468,0.1965643480709659,0.0424435721295387,2.682528840315725,0.345017793594306,102.434517,2.947732
1482,Healthy,0,0.1324344989326265,0.0160292887853251,0.016348244001468,0.080773898296886,0.522835617747081,0.5273515919196741,0.4318706677692261,0.6733065648921571,0.7840646661153868,324.5,3791.5,0.8423226433430515,28,0.3910477616881142,0.2109205144354038,0.6754906894816306,0.1868805704099821,0.0451434670685,2.8066056828300816,0.3314542411697349,102.434359,2.947455
1483,Healthy,0,0.1361858513620164,0.0273167098768883,0.0257732255591286,0.0995427804688612,0.7526247931589419,0.7352703939834587,0.6682882438024685,0.822663484930155,0.6658558780987657,279.0,3896.0,0.8663473053892216,29,0.5141905051218871,0.2635451820161607,0.7041420118343196,0.1960475440355148,0.0406179915275355,2.920704134366925,0.359240687679083,102.434671,2.948007
1484,Healthy,0,0.1437840180264579,0.0253824736509058,0.0296320329523748,0.1227087246047125,0.6400468630095021,0.6844574327238595,0.6001773377038652,0.7780460968567959,0.6999113311480675,280.0,3931.5,0.8670307491392616,24,0.6543533988729263,0.2859394215047359,0.7027834858957593,0.1980022343431688,0.0480022995113538,2.9662875710804224,0.3656291834002677,102.437874,2.945935
1485,Healthy,0,0.0855341636472278,0.0203529989553822,0.0165572186104125,0.0905819791886541,0.7509564801932069,0.693063853622581,0.7688561466800706,0.6181572739218978,0.6155719266599646,330.5,3961.5,0.8459925442684063,28,0.6105034120733536,0.1892959806654188,0.6865554465161924,0.1882735255479499,0.0477351703956593,2.852989706922292,0.3497220291869353,102.434474,2.94766
1486,Healthy,0,0.0902550444006919,0.0207395390090015,0.0200894279405474,0.0776501612530814,0.7924009823588134,0.7824107847858749,0.7474072471608654,0.822161341429372,0.6262963764195674,323.0,3772.0,0.8422466422466423,25,0.6757199764828967,0.1735700176407894,0.6702833031946956,0.1797346200241254,0.0399049286965223,2.951900034234851,0.3404872899991204,102.438036,2.945119
1487,Healthy,0,0.1020836598343319,0.0217699082568287,0.0163337147484223,0.0976902320981025,0.715780739058589,0.6407267709221304,0.7030853803357616,0.5729924353664878,0.6484573098321191,296.5,3894.5,0.8585063230732523,28,0.6015456208395453,0.2080473955720663,0.6865554465161924,0.1882735255479499,0.0477351703956593,2.759625709464642,0.3497220291869353,102.434431,2.947729
1488,Unhealthy,1,0.1392001882195472,0.0269316761857933,0.0259602636926703,0.0811206491457091,0.7857980786315022,0.7743699311878267,0.6484409545921535,0.9697438321936216,0.6757795227039232,286.0,4011.5,0.8668993600930773,24,0.6232482653461999,0.2461200447546111,0.7095459285240308,0.1866035004605869,0.0423072477170269,2.919899678658202,0.3833532729447957,102.437094,2.945921
1489,Healthy,0,0.1280269556575351,0.0205897972401645,0.0234127998765971,0.1014745069874657,0.6085330819623949,0.643538485755427,0.5541716351275012,0.7498856517766513,0.7229141824362495,313.0,3957.0,0.8533957845433255,23,0.4669556752036135,0.2461996239920457,0.6227579556412729,0.1583149779735682,0.0462571499626958,2.8911456680418914,0.3169198533263488,102.436657,2.94516
1490,Healthy,0,0.1728021270698971,0.0213968209508392,0.0162731497031119,0.0862594511773851,0.5670750617539156,0.5077986590025788,0.4407196057221582,0.6348478264811971,0.779640197138921,304.5,3906.0,0.8553615960099751,24,0.414396979849532,0.2635328740709358,0.680439179427911,0.1913150348217943,0.0456670262495505,2.896027661627533,0.3558111169193239,102.438144,2.945597
1491,Healthy,0,0.1695938408374786,0.0176726007420155,0.0198883228003978,0.0932717493010891,0.4740968801526432,0.50010131372491,0.377485695631452,0.7030155577335115,0.8112571521842739,281.0,3987.0,0.8683223992502344,22,0.4749145371932602,0.2594126380152172,0.7030584974759972,0.1909739046168754,0.0398259503233214,2.7634031764969054,0.3624469283424313,102.4396,2.948905
1492,Healthy,0,0.1313914035757382,0.0148037251912885,0.0158879496157169,0.0864804921050866,0.4785441832384971,0.4939046336801487,0.4050401765404752,0.6208143583566192,0.7974799117297624,260.0,4194.0,0.8832510103277953,21,0.4773834078539321,0.2388229457040627,0.711482416941908,0.191210277214334,0.037329251059821,2.764581869290232,0.3750741336948233,102.439531,2.948491
1493,Healthy,0,0.1045342965258492,0.0215811780136492,0.0175699715813001,0.0809112182921833,0.7552208218850125,0.6972703659206496,0.6844894519868024,0.7136376643650164,0.6577552740065987,291.0,3919.5,0.8617741360883505,28,0.694366287995083,0.2050698925223615,0.708772627809827,0.2019028963201343,0.0432353655574447,2.736218988009954,0.3684025951253726,102.434318,2.947663
1494,Healthy,0,0.192349268330468,0.0276107125812106,0.02701721754339,0.1369377118017938,0.5744626062995957,0.5691670593158386,0.5021042912764616,0.6591376703657159,0.7489478543617692,297.5,4189.0,0.8673799175303689,24,0.4595702718919303,0.3481603960196177,0.7196018234254349,0.1912096410388606,0.0404728398536448,2.887940630797773,0.3890818858560794,102.437639,2.945657
1495,Healthy,0,0.1050838645961549,0.0223012717647684,0.016539247913493,0.0908998863564597,0.7415641630881973,0.6616099702796977,0.7002786165438228,0.6157625161772549,0.6498606917280886,315.5,3945.0,0.8518953174510034,28,0.6102688730809875,0.2149918820295069,0.7026810724289716,0.1944697873534984,0.0393893129770992,2.6442517849337026,0.3587234417702548,102.434279,2.947733
1496,Healthy,0,0.1473042551014158,0.0329570081084966,0.0281636727352937,0.124135242568122,0.781542370288319,0.7351533321520725,0.7313164796835692,0.7396946374617299,0.6343417601582155,285.0,3789.0,0.8600883652430045,29,0.7311784902323271,0.2608743411385351,0.7041420118343196,0.1960475440355148,0.0406179915275355,2.825806451612903,0.359240687679083,102.434547,2.948073
1497,Healthy,0,0.1433679742945565,0.0225852500233385,0.0225995694183641,0.0926385902696185,0.6425915301334096,0.6427625028618675,0.5443762871416075,0.7844474253859802,0.7278118564291963,327.5,3707.5,0.8376703841387856,28,0.4377411551995885,0.2397547782295279,0.6685737227742647,0.1859038379226708,0.0416692775236543,2.6234088792300527,0.3327941044306641,102.434553,2.947801
1498,Healthy,0,0.1438335354129473,0.0237656916595167,0.0291241003821293,0.1243675723671913,0.6021728476985123,0.658876250569561,0.5672028940620651,0.7589753857121402,0.7163985529689675,280.0,3931.5,0.8670307491392616,24,0.6293836897126293,0.2790670125848717,0.7027834858957593,0.1980022343431688,0.0480022995113538,2.9662875710804224,0.3656291834002677,102.437907,2.945864
1499,Healthy,0,0.1447263037165006,0.0147431254800823,0.0110457075966729,0.0588135831058025,0.5061449542229518,0.4498142768704496,0.3698044334731515,0.632454609006301,0.8150977832634242,317.0,3887.0,0.8491912464319695,22,0.3835968714372289,0.2023236520795358,0.6874272409778812,0.1920230263157894,0.0354804143350398,2.6327433628318584,0.3482273785905287,102.439648,2.948699
1500,Healthy,0,0.1884051677253511,0.0250214456270138,0.0229574330151081,0.1389856346779399,0.5303489550083759,0.5112706866308399,0.4689470583634043,0.5670494783666157,0.7655264708182977,313.0,4214.0,0.8617185774243429,24,0.5116498994021453,0.3457243852317334,0.7115279548351848,0.1883416577100587,0.0428896410142595,2.929338439588496,0.3868789194404245,102.437714,2.945789
1501,Healthy,0,0.1420796952313847,0.0280734919425514,0.0262358927478392,0.1211856355269749,0.7031286060185344,0.6840517465459871,0.6599580627039038,0.7118605553710412,0.670020968648048,296.0,3645.0,0.8497843187008374,29,0.5928768774677365,0.2640001026706563,0.6953062848050915,0.1982007309530503,0.046788652830652,2.791298549758293,0.3605895771187927,102.434471,2.948071
1502,Healthy,0,0.1164843928482797,0.0355202220380306,0.0321257698039213,0.0642601036363177,1.128589246328599,1.0893491501658523,0.9347143062622788,1.333214864679931,0.5326428468688607,293.0,3899.0,0.8602099236641222,29,0.6631398751887866,0.23208027995295,0.6867704280155642,0.1897900370522849,0.0443266682727053,2.872848948374761,0.3601532567049808,102.434715,2.948076
1503,Healthy,0,0.1338276647859149,0.02422037637896,0.0222893789824512,0.1333147750960456,0.6139839368847111,0.5931379542913506,0.6129877017252857,0.5729764507753949,0.6935061491373572,284.0,4093.0,0.8702307516563856,24,0.5546734515498454,0.2766044115026792,0.7016810805558255,0.200356432928919,0.0425050601262055,2.990500117767135,0.358621889681573,102.437446,2.945037
1504,Healthy,0,0.1102863848209381,0.0181577504715985,0.0167979040286607,0.0709328916337755,0.6677645087850824,0.6468031116436925,0.565467638681782,0.7658840388633602,0.7172661806591091,280.0,3877.0,0.865287466923262,27,0.5689198595964243,0.1835396660284864,0.6904469044690447,0.1966332897982876,0.0345000627273867,2.781472316733684,0.3498385360602798,102.434167,2.947527
1505,Healthy,0,0.1616060866249932,0.0221835285839107,0.0210268273949623,0.1142308952079878,0.5542348223497607,0.5417422539893395,0.4828026558235264,0.6218299995095048,0.7585986720882367,287.0,4071.5,0.8683033153607893,24,0.4960529889237244,0.3021194661657015,0.7134862898712927,0.1955489034945012,0.0442789745921673,2.939874155208576,0.3778594089163466,102.437796,2.945519
1506,Healthy,0,0.1396704489986101,0.0208536496178971,0.0193834556266665,0.1348608285188675,0.5275422077090118,0.5113233405653969,0.5196391021068197,0.5026690158159156,0.7401804489465902,303.5,3949.5,0.8572772160827651,24,0.53095075036139,0.2695577577170398,0.7016810805558255,0.200356432928919,0.0425050601262055,2.876301672451877,0.358621889681573,102.437534,2.945037
1507,Healthy,0,0.1669655011759864,0.015106136082775,0.0204271359576119,0.1421749459372626,0.3561164587660636,0.4123699611057168,0.3318723621143926,0.5025061357041776,0.8340638189428037,351.0,4038.0,0.8400546821599453,24,0.3906577784376386,0.2973511779887808,0.6634587898999523,0.1866503534529635,0.0441387559808612,2.865915273999222,0.3536983010125278,102.43795,2.945389
1508,Healthy,0,0.1837781626317236,0.0244121777100695,0.0231019397162728,0.146056357357237,0.5157608453507353,0.5036627957826613,0.4690357423882626,0.5462797891902061,0.7654821288058686,284.0,4093.0,0.8702307516563856,24,0.4424567148981722,0.311143971565697,0.7016810805558255,0.200356432928919,0.0425050601262055,2.990500117767135,0.358621889681573,102.437483,2.94511
1509,Healthy,0,0.1257801171806123,0.019963616091344,0.0195367162426312,0.0940825326575173,0.6147619279412665,0.6091899777395999,0.547910106133815,0.6877960004752562,0.7260449469330924,296.0,3949.0,0.8605418138987043,24,0.5675000480514613,0.223937744481696,0.7045739046701974,0.192053872053872,0.0413553738455203,2.889117367921544,0.37990594271056,102.437288,2.945037
1510,Healthy,0,0.2141901892092493,0.023920670358671,0.0181252236167589,0.0788505669269296,0.5613828494829954,0.5019107023383413,0.4018408971699623,0.7476184938587664,0.799079551415019,301.0,4220.0,0.8668436186684362,24,0.604680182419754,0.2631410985357231,0.7016810805558255,0.200356432928919,0.0425050601262055,2.87675255083315,0.358621889681573,102.437526,2.945175
1511,Healthy,0,0.1130854371521208,0.0209021213360958,0.0156751508928007,0.112041803697745,0.6264415440337098,0.5590621544671375,0.6240018572450969,0.490934064096798,0.6879990713774516,298.5,4261.0,0.8690645904156158,24,0.5261495962901808,0.2395659962462054,0.7039241212572066,0.1868644342250146,0.0400726529685548,2.915317834020012,0.384390243902439,102.437601,2.945319
1512,Healthy,0,0.1050281392203437,0.0217553033596939,0.0214380890958839,0.1043471064832475,0.6882252415862568,0.684065809126425,0.6863767986410343,0.6817364793107853,0.6568116006794829,300.5,3938.0,0.8582045534976996,24,0.7000908678863947,0.2081611624194516,0.6749391727493917,0.1819243183847263,0.0408224977320834,2.967449828683309,0.3416623286482734,102.437875,2.945112
1513,Healthy,0,0.1345370610555013,0.0215435306438141,0.0170770604163408,0.1140406007568041,0.5909122067239542,0.5378945125728969,0.5521129926343967,0.5209690369260025,0.7239435036828017,298.5,4261.0,0.8690645904156158,24,0.4432421716556103,0.257108244837986,0.7039241212572066,0.1868644342250146,0.0400726529685548,2.915317834020012,0.384390243902439,102.437638,2.945386
1514,Healthy,0,0.1543092586927943,0.0248814036862717,0.0246059555146429,0.066101341197888,0.7367535965382452,0.7334232443620633,0.5554174164195395,1.0850706131227332,0.7222912917902302,280.0,3894.0,0.8658361284139914,27,0.5805546804128493,0.2340319516758123,0.6904469044690447,0.1966332897982876,0.0345000627273867,2.78,0.3498385360602798,102.434123,2.947456
1515,Healthy,0,0.1248904441793759,0.0156086565305789,0.0184452332970168,0.0559252355661657,0.5889142561812004,0.6339453259062714,0.4443774074483589,0.992072986978207,0.7778112962758206,299.0,4080.0,0.863439141356474,21,0.4810260407913302,0.2022634974370399,0.6817608843207602,0.1845376314711105,0.0409314608090265,2.6514726507713884,0.3448920618731939,102.439609,2.94863
1516,Unhealthy,1,0.1613352431191338,0.033184565603733,0.025435522198677,0.144249677658081,0.713734729903676,0.6438141862027041,0.6823894352273643,0.5995931812591488,0.6588052823863179,284.0,4153.0,0.8719855758395312,24,0.5417330646742525,0.3305765568382209,0.7104377104377104,0.1998425403490355,0.0467032967032967,2.9541116286172406,0.3662668791411557,102.437557,2.945518
1517,Healthy,0,0.1562560598055521,0.0217268160647816,0.0175309609621763,0.1145683427651723,0.5530597411429394,0.506417712593392,0.4882900325896585,0.5308418884132802,0.7558549837051707,295.5,4152.0,0.8671163575042159,24,0.5101137372905798,0.2603655983176496,0.7134611804133308,0.2030065359477124,0.0432466133877458,2.988608183508989,0.3849827103573193,102.437562,2.945378
1518,Healthy,0,0.1844582640462451,0.0240236986428499,0.0209714550938871,0.1239054310652944,0.5392357119137965,0.5093423174021806,0.4609261795693273,0.5790145177704882,0.7695369102153364,298.0,4148.0,0.8659469185784975,24,0.3852080654764227,0.3384661877320872,0.7196018234254349,0.1912096410388606,0.0404728398536448,2.8864897285949915,0.3890818858560794,102.437684,2.945589
1519,Healthy,0,0.120964045325915,0.0379498282240496,0.0294264675014548,0.0878266265822781,1.06641706989231,0.9758776917139635,0.9552300847318452,1.0038615264324109,0.5223849576340773,279.0,3896.0,0.8663473053892216,29,0.724865202480665,0.257866511742274,0.7041420118343196,0.1960475440355148,0.0406179915275355,2.920704134366925,0.359240687679083,102.434631,2.948074
1520,Healthy,0,0.0946860230631298,0.0242260613789161,0.0263818543818261,0.0754792603353659,0.8865190308439629,0.9169213646125596,0.8149234450842762,1.0359931542109229,0.5925382774578619,299.5,3922.0,0.8581073078289707,22,0.7997604996327233,0.1805266978012191,0.6965828750981933,0.1852918981957879,0.0419103901585961,2.7432790609617568,0.3671468757991646,102.439799,2.94911
1521,Healthy,0,0.1592915927370389,0.0234272020558516,0.0227727352951963,0.0885858146680726,0.6358920521075834,0.6284052569823844,0.5128580687587403,0.8179968328505636,0.7435709656206297,322.0,3562.0,0.8341915550978373,27,0.4842159351676803,0.238597937963075,0.6785123162301626,0.187736823975198,0.0401206636500754,2.722689075630252,0.373571489037501,102.433966,2.947179
1522,Healthy,0,0.1223917247520552,0.0192974907242589,0.0214142325437731,0.082817528810766,0.6332126502515069,0.6621919576390413,0.5447836141766152,0.8217929838462066,0.7276081929116923,340.5,4017.0,0.8437177280550775,24,0.5833227841071106,0.2000154993600315,0.6701702167240257,0.1906372256481665,0.044378526144361,2.9273827534039336,0.3514682638715581,102.437987,2.945452
1523,Healthy,0,0.117626870671908,0.018707079709404,0.0183077462845378,0.0623350789149602,0.688468656283309,0.6823739710364741,0.5488604902031292,0.908090520849052,0.7255697548984354,274.0,3837.0,0.8666990999756751,27,0.5912693956854738,0.1992307412955496,0.708772627809827,0.2019028963201343,0.0432353655574447,2.8349777211966902,0.3684025951253726,102.434193,2.947596
1524,Healthy,0,0.108282989097966,0.0206474714602033,0.015742616314027,0.1182110011577606,0.6168282225949288,0.553705466636644,0.6405769860998152,0.4700915618749184,0.6797115069500923,298.0,4177.5,0.8668305217294157,24,0.4997792838688933,0.24130513270696,0.7039241212572066,0.1868644342250146,0.0400726529685548,2.9488446336272425,0.384390243902439,102.437678,2.945317
1525,Healthy,0,0.1663571811384624,0.0234146422396103,0.0163111980590555,0.1072721100515789,0.5845283981733983,0.5071031083478199,0.4935325344471715,0.5279417846446826,0.7532337327764144,323.0,3832.0,0.8445246690734055,23,0.4716761599185503,0.260533579521709,0.6743215031315241,0.1698713698448481,0.0484906108866175,2.913483892394553,0.3659767794043412,102.436781,2.945365
1526,Healthy,0,0.2305953105290731,0.0261056009266111,0.0318477482845385,0.2373366438680225,0.4015140926171922,0.4408059994338352,0.4067862599875165,0.473248066574212,0.7966068700062418,295.0,4180.0,0.8681564245810056,25,0.5053261904791331,0.452518819934792,0.7103461392164321,0.1914414414414414,0.0401943207448961,2.994450439340219,0.3819163292847503,102.438067,2.946005
1527,Unhealthy,1,0.1363781657483842,0.0324794972936312,0.0305215269327163,0.0768513729174931,0.93402835591577,0.9122962146795932,0.7693935047661912,1.1370290632103768,0.6153032476169044,334.0,3940.0,0.8437061300889097,27,0.888548854447395,0.2223555437392658,0.6643974241030359,0.1857386289159785,0.0425262187391955,2.877893056664006,0.3437396213882431,102.438381,2.945876
1528,Healthy,0,0.129857987165451,0.0168163123437099,0.0200991640902227,0.0757126588788297,0.5624107828382235,0.6089499235115915,0.4586028336248396,0.8391099748395272,0.7706985831875803,326.0,3866.0,0.8444656488549618,28,0.5048249710510325,0.2023760005831718,0.6754906894816306,0.1868805704099821,0.0451434670685,2.7070428997476483,0.3314542411697349,102.434401,2.947521
1529,Healthy,0,0.1677782585223516,0.0374345818741454,0.0302905272692441,0.1202729327811135,0.8251856111803235,0.7614347449037707,0.7296732855861667,0.8047245263655098,0.6351633572069165,285.0,3789.0,0.8600883652430045,29,0.5565032899151308,0.311214500417312,0.7041420118343196,0.1960475440355148,0.0406179915275355,2.825806451612903,0.359240687679083,102.434593,2.948007
1530,Healthy,0,0.185168161160416,0.0241313666726152,0.0262732793473535,0.0808440749016073,0.6142739708002525,0.6371928790690444,0.4611833943909517,0.9811026245584624,0.7694083028045241,281.0,3987.0,0.8683223992502344,22,0.59361735529123,0.2441671486530038,0.7030584974759972,0.1909739046168754,0.0398259503233214,2.7634031764969054,0.3624469283424313,102.43964,2.948967
1531,Healthy,0,0.162417434155941,0.0193362081837322,0.0209876466542482,0.0858479324314329,0.5391052508905895,0.5589100610039306,0.4255476354657128,0.7857924048847551,0.7872261822671437,312.0,3631.0,0.8417448643165103,21,0.4609324461048122,0.2427244885928101,0.6796859271189853,0.184160102192889,0.0306998579282228,2.5978396994364434,0.3287453679195341,102.439534,2.948356
1532,Healthy,0,0.2058697806464301,0.0248704662339554,0.018751115952101,0.115783258444733,0.5357214847521995,0.4776853320225658,0.431142231495455,0.5575115218298372,0.7844288842522726,304.5,3906.0,0.8553615960099751,24,0.3532062573217287,0.3223805580702094,0.680439179427911,0.1913150348217943,0.0456670262495505,2.896027661627533,0.3558111169193239,102.438183,2.945661
1533,Unhealthy,1,0.1626169731219609,0.0238324400658408,0.0223728790879249,0.1206098041600651,0.5761992369857436,0.5610299622128216,0.5112902134336139,0.6258905926145265,0.7443548932831929,302.0,3963.5,0.8583987809166569,24,0.5675264584158232,0.2516417130827903,0.6749391727493917,0.1819243183847263,0.0408224977320834,3.0844073793277738,0.3416623286482734,102.437916,2.945187
1534,Healthy,0,0.1753443520930078,0.0179044648797975,0.0239596737341748,0.1423306746615303,0.4052113721111784,0.4657533047456854,0.3705992131857052,0.5763334785290192,0.8147003934071475,275.0,3862.0,0.8670534203529128,27,0.5417993691995162,0.2995541917367113,0.6748869708179203,0.1964180857310628,0.042732855680655,2.8328858000315904,0.328125,102.434124,2.94732
1535,Healthy,0,0.1683592688706186,0.0164094376895162,0.0180187628914912,0.0860829427838325,0.4569901996535575,0.4767286523334892,0.3552427896479447,0.6923522635715036,0.8223786051760277,301.0,3921.0,0.857413548081478,20,0.3939816387221985,0.2559298264483611,0.6592340765923408,0.1834260447867636,0.0403761755485893,2.6218584775838343,0.314442575046489,102.439576,2.94842
1536,Healthy,0,0.1735744194851981,0.0302802477445867,0.0284634091787868,0.1107629645201895,0.7023585715043914,0.6848954027228954,0.59415363221397,0.8177591191257491,0.702923183893015,300.0,3960.0,0.8591549295774648,24,0.5647629261107936,0.272634540994962,0.7027834858957593,0.1980022343431688,0.0480022995113538,3.0076423699564465,0.3656291834002677,102.437786,2.945931
1537,Healthy,0,0.1498249653312895,0.0210192190069291,0.020054399760233,0.0981442059079806,0.579825310406468,0.5684088333945029,0.4921260641876471,0.6786678961857195,0.7539369679061764,320.0,4175.0,0.8576195773081201,25,0.6580568645764058,0.2112739050967825,0.6931168112197823,0.1931079323797139,0.0425544003181637,2.9759147753589623,0.3908208150053946,102.438228,2.945872
1538,Healthy,0,0.1580410897731781,0.0189740041063891,0.0182566909740368,0.0858029089868068,0.5386669213289091,0.5298334698400821,0.4287544907170035,0.7017782494226993,0.7856227546414981,275.0,4105.0,0.8744292237442922,22,0.4159909565072477,0.2521546160181363,0.711482416941908,0.191210277214334,0.037329251059821,2.679445921365608,0.3750741336948233,102.43945,2.948488
1539,Healthy,0,0.1482454852925406,0.0338814268923468,0.025839876383543,0.1118691091736157,0.826685142832393,0.7468993155240653,0.7441278498797989,0.7505647152652264,0.6279360750601006,299.0,4133.0,0.865072202166065,24,0.6867275571040573,0.2971151702933842,0.7104377104377104,0.1998425403490355,0.0467032967032967,2.931865106675843,0.3662668791411557,102.43752,2.945453
1540,Healthy,0,0.1218181475996971,0.02464143321332,0.024011171526379,0.0724193482763237,0.8095071140767849,0.8012282858192403,0.6729893142266842,0.9959988425036376,0.6635053428866579,291.5,3767.0,0.8563508685474929,28,0.543594946054934,0.2088266784946124,0.6906396100666468,0.1965643480709659,0.0424435721295387,2.828369140625,0.345017793594306,102.434434,2.947869
1541,Healthy,0,0.1510175325804286,0.0322105611364046,0.0207029437232348,0.1026021200749609,0.8102246925709824,0.6904767534917671,0.7031795284883304,0.6716007627105333,0.6484102357558347,323.0,3808.0,0.8436213991769548,27,0.6017499958637188,0.2625137642025948,0.6615805946791862,0.1889697648376259,0.0406763048272482,2.880641428335262,0.3317030567685589,102.438532,2.946013
1542,Healthy,0,0.0998517688777711,0.0239411268590225,0.0241031254538231,0.0574644779165585,0.933384086111437,0.9358031855536516,0.7735864555564069,1.1819950302757234,0.6132067722217965,281.0,3958.0,0.8674215616890776,29,0.8402108091919617,0.1913458839472797,0.6989765201685731,0.1918907503871603,0.0387730061349693,2.8262874711760184,0.3561283534981588,102.434672,2.94814
1543,Healthy,0,0.2104229198561774,0.0171637058051096,0.0223236882852183,0.1303095155292087,0.3661006304481473,0.4154164620480436,0.3016645772613023,0.5850283615184981,0.8491677113693489,322.5,3808.5,0.8438634713144517,28,0.4241935331584978,0.3615853370477757,0.6764349232012935,0.1877147766323024,0.0408432147562582,2.740997012108822,0.3401842664776754,102.434196,2.947318
1544,Healthy,0,0.2115669126311938,0.0341833852645423,0.0252800898419486,0.1607254478666517,0.6205864416766754,0.5508990980817555,0.5563921681030101,0.5436416604230968,0.7218039159484948,302.0,4038.0,0.8608294930875576,24,0.4813314159538657,0.3790797603627046,0.680439179427911,0.1913150348217943,0.0456670262495505,2.878496032051776,0.3558111169193239,102.438144,2.945731
1545,Healthy,0,0.1586367968055937,0.0211734056679738,0.0189940781436032,0.0702101981474293,0.6245985026785597,0.5972538578003511,0.4710167805096897,0.8517115516585444,0.7644916097451552,299.0,4220.0,0.8676698384598363,24,0.5068090728484294,0.223727139747805,0.7016810805558255,0.200356432928919,0.0425050601262055,2.853711790393013,0.358621889681573,102.43745,2.945179
1546,Healthy,0,0.1320068819655312,0.0193135047124491,0.0170097459728519,0.1170331546001964,0.5371071864263094,0.5091509988577911,0.5105327877214456,0.5075911040460434,0.7447336061392771,310.5,4070.5,0.8582515407441224,24,0.5350148165123954,0.2595002156578833,0.6743873137914465,0.1825957100190062,0.0390648297250551,2.9095411282210013,0.3447743264115325,102.43776,2.945045
1547,Healthy,0,0.1043552267882559,0.0151808829978108,0.0197766831972532,0.0912448867327637,0.5374670463986042,0.6064871270063424,0.5079932089133556,0.712534805973994,0.7460033955433222,299.0,4080.0,0.863439141356474,21,0.5789949825070477,0.2194898153344789,0.6817608843207602,0.1845376314711105,0.0409314608090265,2.6514726507713884,0.3448920618731939,102.439571,2.948559
1548,Healthy,0,0.0954479368196593,0.019002274196181,0.0153759881440136,0.0704370505279964,0.7455909545220039,0.6866614297686648,0.6641236928274784,0.7167203670660296,0.6679381535862609,319.5,3663.5,0.8395681646999749,22,0.7170166022473237,0.1577438583804501,0.6679746453365529,0.1923187571921749,0.0400250941028858,2.792251169004676,0.3182506457646744,102.43928,2.948347
1549,Healthy,0,0.1598254524999194,0.0254323712239662,0.0229349883480204,0.1077550976640648,0.6389134162510021,0.6123459985844617,0.5491238256554595,0.7019656669565448,0.7254380871722703,300.0,3905.0,0.8573127229488704,29,0.4817862979039851,0.2764877511395348,0.6953062848050915,0.1982007309530503,0.046788652830652,2.738529322394409,0.3605895771187927,102.43443,2.948005
1550,Healthy,0,0.1156469583511352,0.0163101505281196,0.0151938940915796,0.0708316005766391,0.5955357514615882,0.5781019972603101,0.4944076349245855,0.7064833117288816,0.7527961825377072,294.0,3743.5,0.8543653250773994,28,0.4314678739510108,0.1760381698194477,0.695112016293279,0.1932616487455197,0.0390761548064918,2.7944750486066106,0.3453179500939093,102.434196,2.947457
1551,Healthy,0,0.1757752978139453,0.033478176428212,0.02692226630946,0.1484359817372428,0.6846819348964215,0.6281705859428657,0.6399545154403427,0.6141089252280816,0.6800227422798287,313.0,4127.5,0.8590248845850692,24,0.5320596047432008,0.3336931028299862,0.680439179427911,0.1913150348217943,0.0456670262495505,2.820124205234364,0.3558111169193239,102.438234,2.945737
1552,Healthy,0,0.1690213614039951,0.0255271467483705,0.0249785315245389,0.1076706589923964,0.6230952579181489,0.617433172400831,0.5248489847761416,0.7532207751045384,0.7375755076119291,311.0,3741.0,0.8464955577492597,28,0.4942443903105707,0.268140182726913,0.6685737227742647,0.1859038379226708,0.0416692775236543,2.7369932971592723,0.3327941044306641,102.434594,2.947871
1553,Healthy,0,0.1158402479357189,0.0235666849960883,0.0194115880876779,0.0810107961297035,0.7727275559667433,0.7168143343714909,0.6761983640402236,0.7731976586279092,0.6619008179798882,300.5,3938.0,0.8582045534976996,24,0.6671669884612749,0.2062059363557233,0.6749391727493917,0.1819243183847263,0.0408224977320834,2.967449828683309,0.3416623286482734,102.437916,2.945044
1554,Healthy,0,0.1578612923622131,0.0187651370134618,0.016732875464691,0.0865189598666297,0.532513269729756,0.5073350374716042,0.4249678166464966,0.6482354685898818,0.7875160916767516,270.0,3901.5,0.8705501618122977,22,0.4580431647571509,0.2391479400297005,0.6796859271189853,0.184160102192889,0.0306998579282228,2.7742551566080977,0.3287453679195341,102.439416,2.948418
1555,Healthy,0,0.1869615895880593,0.0159858862559,0.0160169663528601,0.1404026614295112,0.3558983282307822,0.3562134907265926,0.3150743548678793,0.4095896807821258,0.8424628225660603,289.5,3826.0,0.8593123557283441,24,0.3880056906302004,0.2785790049367481,0.6648346350400154,0.1879730287601486,0.0433258807178681,2.9853959142326523,0.3111860887620036,102.437799,2.944974
1556,Healthy,0,0.1051819639073477,0.023130964487791,0.0244198244892888,0.0684352206687132,0.8415884206248899,0.8599941160224923,0.7210797782296533,1.0519546653705705,0.6394601108851734,307.0,3777.0,0.8496571988246817,25,0.8128004198712208,0.1755970470193359,0.6513298388662395,0.1795867424767716,0.0477950234047795,2.933220625528318,0.3323973323973324,102.438145,2.945466
1557,Healthy,0,0.1363429427146911,0.0217248021314541,0.01909309046136,0.1099130345715416,0.5999139406368408,0.5687441021366654,0.5497592732179452,0.592005703806405,0.7251203633910274,314.0,4079.5,0.857061568225788,24,0.4758347311938072,0.2704341382616095,0.7048859296974445,0.1959612610756233,0.0446364290856731,2.9003312023415235,0.3688466947960618,102.437249,2.944967
1558,Healthy,0,0.1823911815881729,0.0257378841439882,0.0233813689814673,0.1462101116776466,0.541740331053265,0.5201650118823411,0.4946523745435918,0.5514750833142342,0.7526738127282041,297.5,4189.0,0.8673799175303689,24,0.4330036723351015,0.3470109866725074,0.7196018234254349,0.1912096410388606,0.0404728398536448,2.887940630797773,0.3890818858560794,102.437599,2.945583
1559,Healthy,0,0.1625707199176152,0.0205779591989186,0.0199893727484676,0.1356555132402314,0.4850687428220229,0.478962248704878,0.4494263196039816,0.5137174310993804,0.7752868401980091,304.5,4273.5,0.8669724770642202,24,0.4682287364491589,0.2995513071202569,0.7125848758255046,0.1976063483803824,0.0402259887005649,2.962824723798149,0.3831420787583587,102.437674,2.945455
1560,Healthy,0,0.2599864850441615,0.0171233362828691,0.0221573199248976,0.138455959657828,0.3165937963218794,0.3589543812161291,0.2471703990983564,0.5518178816213072,0.8764148004508218,283.0,3774.0,0.8604880453537096,27,0.359200920762809,0.4057689203570287,0.6748869708179203,0.1964180857310628,0.042732855680655,2.7141968589643914,0.328125,102.43416,2.947249
1561,Healthy,0,0.2242077208227581,0.0240294035110208,0.0253389566722843,0.1298917175994979,0.4780089187921242,0.489440399991561,0.3872008036752944,0.6529368448898223,0.8063995981623526,304.5,4122.5,0.8624350576010843,24,0.4812966229684803,0.3547383654448721,0.7027834858957593,0.1980022343431688,0.0480022995113538,2.9330875009602826,0.3656291834002677,102.437801,2.945795
1562,Healthy,0,0.16053540011247,0.0189347494807508,0.0215747757918304,0.1012148708105087,0.5055674260226867,0.536088831957947,0.4220144580849233,0.7028206819977739,0.7889927709575383,272.0,3935.5,0.8707070707070707,22,0.5744645584420008,0.244184493397673,0.7030584974759972,0.1909739046168754,0.0398259503233214,2.8172100892033223,0.3624469283424313,102.439719,2.948972
1563,Healthy,0,0.103100443051921,0.0202077050796813,0.0143252892626656,0.0673204122318161,0.7667639165287695,0.673966249579573,0.6555188894123802,0.7018269915230662,0.67224055529381,306.5,4083.5,0.860364464692483,24,0.45299786495549,0.1958116802076499,0.7134611804133308,0.2030065359477124,0.0432466133877458,2.8889398806792106,0.3849827103573193,102.437409,2.945247
1564,Healthy,0,0.1274452317092153,0.0235230312165286,0.0233101701984802,0.0974710947937435,0.6919495393037693,0.6893583480909852,0.6232576505990208,0.7719796675413522,0.6883711747004896,304.5,3756.5,0.8500369367150948,24,0.6186340138588268,0.2648153714835643,0.7048859296974445,0.1959612610756233,0.0446364290856731,2.858089087597284,0.3688466947960618,102.437334,2.944972
1565,Healthy,0,0.1514717439810435,0.0264999595367246,0.0310745100594229,0.0727135799825191,0.7648303133709361,0.8173553631447619,0.5955993905307297,1.1976137164433924,0.7022003047346351,280.0,3894.0,0.8658361284139914,27,0.5651617266579038,0.2696450998385747,0.6904469044690447,0.1966332897982876,0.0345000627273867,2.78,0.3498385360602798,102.434086,2.94739
1566,Healthy,0,0.1359065191613303,0.0210166501088274,0.0168367714310685,0.0831243474450376,0.6440301743285737,0.5894236944276336,0.5357182169229656,0.673732812132139,0.7321408915385172,269.0,3984.5,0.8735159280592453,22,0.3396638024649583,0.2181579725195964,0.6891628145865434,0.1849823448872234,0.0346042531772996,2.6801558104306427,0.3476967456954836,102.439372,2.948486
1567,Healthy,0,0.1830731630325317,0.0220157095334596,0.0229735204743014,0.1239730641245842,0.5016715765357637,0.5111897576463743,0.4293886695656903,0.6253570448612013,0.7853056652171548,333.0,4148.0,0.8513724615041286,25,0.3566729505506194,0.3245102245774535,0.6982031536486982,0.1857636666239918,0.0465536723163841,2.841078343759309,0.3840329218106996,102.438299,2.946001
1568,Healthy,0,0.1760549296935399,0.0222196171267165,0.0214467067271471,0.1393001940515306,0.4940514854167651,0.4865037913015561,0.4482595972716447,0.5336763974485759,0.7758702013641776,294.5,4220.0,0.8695315095802414,24,0.4943959914780766,0.3128909981913038,0.7125848758255046,0.1976063483803824,0.0402259887005649,2.937808711270768,0.3831420787583587,102.437641,2.945521
1569,Healthy,0,0.1876206729147169,0.0263750048147307,0.0221103059334887,0.1299128226108021,0.5698337505731791,0.5298668802494063,0.4930007015950355,0.5817616344356978,0.7534996492024821,298.0,4148.0,0.8659469185784975,24,0.4109560099955127,0.3374814242124557,0.7196018234254349,0.1912096410388606,0.0404728398536448,2.8864897285949915,0.3890818858560794,102.437719,2.945661
1570,Healthy,0,0.2159867237011591,0.0156635737253559,0.0156033100146386,0.0522293634712696,0.4183322316075664,0.417611507522246,0.2704693047989677,0.9201058553518512,0.8647653476005162,282.0,3919.5,0.8657622277757944,22,0.3102870772829855,0.2450020120789607,0.709511077158136,0.192909975344839,0.043422509762779,2.616906474820144,0.3810854288375243,102.439524,2.948766
1571,Healthy,0,0.1374832681483692,0.0281192012545135,0.0173250389181905,0.1058173705306318,0.7509992992696372,0.6295417650824343,0.6791976316755097,0.5627643310127287,0.660401184162245,302.5,3955.5,0.8579145138562706,24,0.6186108835048545,0.2439015952663289,0.7134611804133308,0.2030065359477124,0.0432466133877458,2.966060409223774,0.3849827103573193,102.437446,2.945318
1572,Healthy,0,0.1559283393952581,0.0310807482649882,0.0263659062070979,0.1458730225761731,0.6831630764295252,0.6396322522896172,0.6647965327001643,0.6123100368389828,0.6676017336499179,302.5,4211.5,0.8659725299069562,24,0.6097534463032066,0.3159570660856036,0.6931168112197823,0.1931079323797139,0.0425544003181637,2.872152828802351,0.3908208150053946,102.438181,2.945804
1573,Healthy,0,0.2142796450191074,0.0221448097791936,0.0161001107965906,0.1242660466167661,0.4627537561279292,0.4060071491834363,0.3746619155465255,0.4588032070772802,0.8126690422267373,296.0,3987.0,0.8617791267802942,24,0.3506574507865647,0.3142923422985607,0.7053739195791056,0.2012441267950499,0.0479159450409883,2.9256499682942296,0.3726912372438222,102.438107,2.945667
1574,Healthy,0,0.2061960630946689,0.0334975251721011,0.0361982289080818,0.1043881989187664,0.7097322141499689,0.7330993071487094,0.5590057775733175,1.029921009236111,0.7204971112133411,279.0,4129.5,0.8734263354882613,24,0.4761431200030073,0.3410774328642421,0.7156707373916286,0.1967746130836259,0.0395390872119295,2.9308113868168677,0.3821666666666666,102.437869,2.945663
1575,Healthy,0,0.182188547319836,0.0369592234492301,0.0390736185428169,0.1023716413312488,0.8248016988253014,0.8434199835358931,0.6745991222183509,1.104982056736456,0.6627004388908244,287.0,4177.5,0.8714301713517751,24,0.5140389233632003,0.3221824653446675,0.7156707373916286,0.1967746130836259,0.0395390872119295,2.8676199601975383,0.3821666666666666,102.437834,2.945592
1576,Healthy,0,0.1824255933364232,0.0273232499344481,0.0235515874293115,0.1061483869949976,0.6368675882861343,0.5994993614553625,0.5210660427654925,0.7263405419730701,0.7394669786172537,298.0,4148.0,0.8659469185784975,24,0.4465202341180315,0.3290558117959234,0.7196018234254349,0.1912096410388606,0.0404728398536448,2.8864897285949915,0.3890818858560794,102.437756,2.945596
1577,Healthy,0,0.1527045915524164,0.0191494466529952,0.0174542449207769,0.1293441793984837,0.4782166075077491,0.459481044442743,0.4457142084751359,0.4755976094897859,0.777142895762432,292.5,4186.0,0.8693759071117562,24,0.4803633355104575,0.2956696307907502,0.7125848758255046,0.1976063483803824,0.0402259887005649,2.9748624694376526,0.3831420787583587,102.437755,2.945455
1578,Healthy,0,0.148440813852681,0.0233818654798799,0.0233698143727249,0.0941414609551429,0.6464748782096218,0.6463351998554614,0.5443254771885976,0.795491813275649,0.727837261405701,283.5,3960.0,0.8663838812301167,24,0.6064961127346091,0.2545649665925238,0.6903667481662592,0.1824587808715878,0.040014441302124,2.840531561461794,0.3679497115301817,102.437128,2.945992
1579,Healthy,0,0.1771206963393423,0.0145685668620798,0.0142846233728859,0.1084588857160674,0.3703283907495722,0.3670506738186957,0.3040038157332063,0.4655113245143972,0.8479980921333968,402.0,3992.0,0.8170232134729176,24,0.3433025926982228,0.2458762323690785,0.5561745589600743,0.1558620689655172,0.0318926240610762,2.7636643571978445,0.2501658925016589,102.436464,2.94523
1580,Healthy,0,0.1115649532940652,0.0191640151250693,0.0184507752872175,0.0762957603567176,0.6778061470101734,0.6672971517431935,0.5863739416539083,0.778953031340669,0.7068130291730457,313.0,3806.0,0.8480213644088371,28,0.5411891422541779,0.2056015148344966,0.6906396100666468,0.1965643480709659,0.0424435721295387,2.7788385043754973,0.345017793594306,102.434392,2.947802
1581,Healthy,0,0.1111900947160191,0.0234587969672348,0.0222712365082568,0.0870053172111511,0.7656483795226015,0.7499018136464181,0.6968879334682958,0.8152247028376537,0.6515560332658522,303.0,3837.5,0.8536408646298757,28,0.5539666998714561,0.2183453554494513,0.6906396100666468,0.1965643480709659,0.0424435721295387,2.682528840315725,0.345017793594306,102.43447,2.947802
1582,Healthy,0,0.126074381172657,0.0219608098268508,0.0229169529759221,0.0570206654568513,0.7738924260108392,0.7874230775947645,0.5933943051939269,1.1467418432134049,0.7033028474030365,296.0,3896.0,0.8587786259541985,29,0.4405746806515134,0.2036812744206852,0.6953062848050915,0.1982007309530503,0.046788652830652,2.749770852428964,0.3605895771187927,102.434395,2.947934
1583,Healthy,0,0.1370968893170356,0.0207785579065481,0.0223139841109514,0.0866499625974231,0.6265585270970678,0.6459697180767504,0.5264544493006932,0.819132741976441,0.7367727753496535,280.0,3894.0,0.8658361284139914,27,0.6022145207851841,0.2368704364117649,0.6904469044690447,0.1966332897982876,0.0345000627273867,2.78,0.3498385360602798,102.434165,2.947389
1584,Healthy,0,0.1085624131891462,0.0165703092805213,0.0159064071873823,0.0774598585234748,0.6048582133528296,0.5945421850845595,0.5296874855268329,0.6814627131663304,0.7351562572365835,282.0,3653.5,0.8566891119298692,22,0.7250683795717056,0.1705834248827564,0.6679746453365529,0.1923187571921749,0.0400250941028858,2.651384083044982,0.3182506457646744,102.439343,2.948284
1585,Healthy,0,0.1774415017830001,0.0199399346278773,0.0215657328565915,0.1281100337704022,0.4617978411984554,0.4783726385294435,0.4040893609948101,0.5763319832618026,0.7979553195025949,289.5,4072.0,0.8672475065917689,28,0.4488084093924456,0.3036742820921871,0.7091428571428572,0.1987175205397101,0.0357245916777284,2.910734898037707,0.3826409996622762,102.439082,2.946295
1586,Healthy,0,0.1090355747275882,0.0299128271225425,0.0209402125328779,0.0981565341353416,0.8962048599123971,0.7882812747677621,0.8611204367735408,0.70330090850301,0.5694397816132297,281.5,4096.5,0.8714024668798538,28,0.7213368302545425,0.2131528850230905,0.7126887625024515,0.1964652692149609,0.0395809773227784,3.0456650167651285,0.3770860354517942,102.439047,2.946227
1587,Healthy,0,0.1033958047628402,0.022738448344171,0.022007775803407,0.1099720282687081,0.7027672031422849,0.6934333547982622,0.7210871839826061,0.6670043483738385,0.6394564080086969,326.0,3871.0,0.8446509411484394,26,0.5329388696317142,0.1941251222872071,0.6453071993969092,0.1811662833175483,0.0446332415938734,2.7997156847259514,0.3348047538200339,102.437117,2.946809
1588,Healthy,0,0.071614048961136,0.0124183193677001,0.0134095158427953,0.0448577201200856,0.7030477271424955,0.7260128470223381,0.5911207604719475,0.9205527340502524,0.7044396197640261,323.0,3596.0,0.8351620311303904,27,0.7033216962312534,0.1136000684152046,0.6472179289026275,0.1789269911504424,0.0484505656665027,2.6938271604938278,0.3552008419575513,102.436753,2.947691
1589,Healthy,0,0.098172633184327,0.0177824631747272,0.0223303389632039,0.0864952016207906,0.6459516043481449,0.7138124116641638,0.6134258426956559,0.8207756687767148,0.693287078652172,309.0,3965.0,0.8554047730463267,24,0.6151384045943417,0.1995369359436962,0.6610951008645534,0.1832489393732037,0.0413103697458749,2.81122645136486,0.3170155300472653,102.43704,2.94653
1590,Healthy,0,0.1760586640901035,0.0259017756001816,0.0256842240277263,0.1006874798072709,0.6306936451114659,0.628461156121142,0.5130069164021047,0.8129738936261252,0.7434965417989478,298.0,3843.0,0.8560734122192707,25,0.5353563038451563,0.2802354697551992,0.6863117870722434,0.1886893594210667,0.0419358627980735,2.7168914776210915,0.3751491392534515,102.43309,2.949216
1591,Healthy,0,0.2315481735600365,0.0189314950257539,0.021425097145968,0.1322550417648421,0.3770592551198357,0.3994122267792435,0.3023238593797449,0.5576542889098319,0.8488380703101276,256.0,3760.0,0.8725099601593626,25,0.3800709432828983,0.3363059022360378,0.6842322793965695,0.1857995053106358,0.041933009460496,2.8194399742516896,0.3469990766389658,102.432893,2.94889
1592,Healthy,0,0.1244237464335229,0.0243382366995016,0.0202972526765531,0.1045985453658633,0.7011406530991016,0.6524278488896914,0.6544208725084849,0.6500539808283978,0.6727895637457576,283.0,4072.0,0.8700344431687715,27,0.6209382491347035,0.2373666125867101,0.7126887625024515,0.1964652692149609,0.0395809773227784,2.975498664991361,0.3770860354517942,102.43912,2.946225
1593,Healthy,0,0.1683152301443947,0.0216998432038558,0.024265624789728,0.1364058554172516,0.4986739074740614,0.5242911942598294,0.456802564585713,0.6041053398765888,0.7715987177071436,312.0,4077.0,0.8578263841421736,27,0.4939061937528604,0.3335383488900131,0.6933837429111531,0.1996785857774206,0.0474742750233863,2.7441690962099123,0.3474036850921273,102.439275,2.946502
1594,Healthy,0,0.105508637924989,0.0320308879017829,0.0201093626932965,0.0765235705508126,1.0412570789352165,0.890629936619442,0.931539867081558,0.8324020400994047,0.5342300664592211,288.5,4016.0,0.8659542339412243,28,0.6707072253782218,0.2006782131890456,0.7188485804416404,0.1995046780407264,0.0395897925113284,3.042360430950049,0.3784112636885103,102.439007,2.946157
1595,Healthy,0,0.1144612638486756,0.0251389830890629,0.0188113543101482,0.0796910127003987,0.8227781573532904,0.7383427954933225,0.7203134275335444,0.7638945085709066,0.6398432862332278,299.0,3717.0,0.8510956175298805,28,0.5529924931196507,0.2095431201159954,0.6981972858010937,0.1956645750142612,0.0491803278688524,2.983068598359225,0.3685364516718436,102.439043,2.94609
1596,Healthy,0,0.1261469895641009,0.0220607487070891,0.0169269061750835,0.1123046295510398,0.6245675166285721,0.5621072218138828,0.5954007250747575,0.5239249407654245,0.7022996374626213,282.0,3831.0,0.862873814733771,27,0.5378681859471252,0.2309087216854095,0.6914026215295697,0.1870201361726785,0.0400456939772799,2.983355749831876,0.3709558823529412,102.438887,2.946089
1597,Healthy,0,0.1262400704953405,0.0234207088748614,0.0174002767437034,0.0978344604372978,0.6916007415221261,0.6164088565942081,0.6259678447064018,0.6039941486176165,0.6870160776467992,289.5,3794.0,0.8582098689849393,28,0.5757746961296277,0.2347095801184574,0.6914026215295697,0.1870201361726785,0.0400456939772799,2.994531316756387,0.3709558823529412,102.438966,2.946089
1598,Healthy,0,0.0995322316884994,0.0180146506884031,0.0209255886988507,0.1637782388263278,0.4814502416317665,0.5153369452779002,0.6130201099044345,0.4531706565961263,0.6934899450477827,289.0,3955.0,0.8638077285579642,28,0.4176287478484072,0.2652436484479242,0.6882106523040096,0.1966911764705882,0.0429478094768624,2.723625557206538,0.3504242313657513,102.433694,2.946983
1599,Healthy,0,0.1395614635613229,0.0180207284995251,0.0165420731322632,0.1041025734610027,0.5154200796112475,0.4969010437523764,0.4574305830843289,0.5484561014309123,0.7712847084578356,296.5,3890.5,0.8583711487938859,26,0.313303834201649,0.2248150799423456,0.7083456498177161,0.1993635860542335,0.0438290186634557,2.741000610128127,0.3536637745898118,102.439467,2.946848
1600,Healthy,0,0.1110969877077473,0.0219026984026034,0.0220750154306491,0.0994392169846428,0.6889222454726218,0.6911639895846668,0.6587293261558704,0.7266643583018207,0.6706353369220647,363.0,4114.0,0.8378378378378378,25,0.6069411843509349,0.2074540170530478,0.665075424861562,0.1839782756279701,0.049338146811071,2.682734944929195,0.3517241379310344,102.437003,2.946741
1601,Healthy,0,0.0816845662064022,0.012435938956009,0.0164049548717836,0.0758508100277847,0.5454142277057127,0.6189821014918165,0.5285113561407244,0.7112815069992603,0.7357443219296378,453.0,3885.5,0.7911720640774461,24,0.5842421928677349,0.1535434058556954,0.6275326117124619,0.1757000601483659,0.0472675318490296,2.5335842928845587,0.3027989821882951,102.436842,2.946463
1602,Healthy,0,0.1496997111373477,0.022752712170283,0.0215343973702854,0.1138810668554571,0.5889026944203128,0.5754040786182045,0.5277446784194012,0.6360986167543399,0.7361276607902996,309.0,3677.0,0.8449573507275464,25,0.6395651907409784,0.2272214829507801,0.6542074755146912,0.1774078816332337,0.0432371108029749,2.781631978856954,0.3329721921271217,102.433184,2.946076
1603,Healthy,0,0.1754229515790939,0.0159429737056295,0.0259960142688618,0.1261086646053526,0.3825347059391648,0.4884142918394777,0.3332458206842995,0.6836348352008198,0.8333770896578503,294.5,3904.0,0.8597118018339883,28,0.4209420720931469,0.2984391562640667,0.6999805182154686,0.1969821673525377,0.0429066571052946,2.819261110677185,0.3739161210405238,102.433538,2.946565
1604,Healthy,0,0.120838684340318,0.0182866704546742,0.0194801901363664,0.1366148682104216,0.4975509618042876,0.5117106935678325,0.5257609723725909,0.4991878754569746,0.7371195138137047,280.5,3881.5,0.8652090341182124,24,0.4541621771386684,0.2317290254351165,0.7083456498177161,0.1993635860542335,0.0438290186634557,2.7307196481383182,0.3536637745898118,102.439506,2.946938
1605,Healthy,0,0.0898145855300956,0.0171210638557871,0.0216475224329365,0.0720226259695159,0.6985361711096749,0.7730302257690367,0.6404249267334554,0.9244149946225446,0.6797875366332723,330.0,3596.0,0.8318899643402955,25,0.7710018756635405,0.1584360698858897,0.6542074755146912,0.1774078816332337,0.0432371108029749,2.7243910577243917,0.3329721921271217,102.433148,2.946
1606,Healthy,0,0.1264973365598254,0.0180343601645694,0.0148827999623285,0.0663315579295158,0.6303031223412608,0.5832599853469155,0.4991115602540482,0.7330132429119685,0.7504442198729758,296.0,3677.0,0.8509942109237352,27,0.5097962300285745,0.1961067099538114,0.6625957358724902,0.169141193595342,0.0385311611068011,2.795138888888889,0.3439430818198839,102.43645,2.947283
1607,Healthy,0,0.0962579519384437,0.0177780019326342,0.0250278313954671,0.0729613428314526,0.6945369700789216,0.8075615133375422,0.623592869762213,1.0216569980479098,0.6882035651188937,288.0,4033.5,0.8667129468934398,26,0.7092559636013621,0.1889403079532914,0.7036606624055781,0.1862440997977073,0.0414397347856973,2.790983606557377,0.3857290589451913,102.436716,2.947483
1608,Healthy,0,0.1584545489814546,0.0141289684300621,0.0185665673472815,0.1762484113375345,0.3114157704561714,0.355968095947467,0.3274697060756337,0.3812143701192436,0.8362651469621832,286.0,4082.0,0.8690476190476191,28,0.3228046019363221,0.3138592729551925,0.6882106523040096,0.1966911764705882,0.0429478094768624,2.717056760432324,0.3504242313657513,102.433775,2.946979
1609,Healthy,0,0.1141799539327621,0.0239261988964345,0.0156950807819763,0.0998897072341707,0.7307883571610605,0.6247172965086668,0.692979955093683,0.5431538544599389,0.6535100224531584,293.0,3945.0,0.8617272298253893,27,0.5763987677907317,0.2180863049709134,0.6720925671700333,0.1790900290416263,0.0386161530028018,2.854016880275086,0.367719298245614,102.435836,2.949115
1610,Unhealthy,1,0.1914511720339457,0.0221731002546019,0.024615671692623,0.1341264959838655,0.4795170496652098,0.5026099768992952,0.415179417901579,0.6202679994338733,0.7924102910492106,386.5,3887.0,0.8191178191178191,28,0.3912889315780654,0.3112356139139997,0.6933837429111531,0.1996785857774206,0.0474742750233863,2.663394963098227,0.3474036850921273,102.439267,2.946635
1611,Healthy,0,0.1468011107709672,0.0186583804380562,0.018155962953137,0.0898521666725476,0.5448298084709073,0.5384819347727443,0.4510682415790883,0.6723924584587739,0.7744658792104558,313.0,3694.0,0.8437733965560269,27,0.4881264940066214,0.2357209991249773,0.6690879741727199,0.1748331202954126,0.0401106500691562,2.84548055882848,0.3520619484963083,102.437114,2.94708
1612,Healthy,0,0.0862563562889893,0.0187635779794719,0.0168217312958505,0.0874804308017094,0.7105264706741883,0.6800105654034315,0.714667290935711,0.6451153440181289,0.6426663545321446,323.0,3992.0,0.8502896871378911,26,0.6401253102606849,0.1733540201352702,0.6602916114372278,0.1718791766907244,0.0414538543770044,2.8688716866056767,0.350980063662255,102.437276,2.94695
1613,Healthy,0,0.1002422629131211,0.0223664805913964,0.0275277795477045,0.0960482342375649,0.7423835255222421,0.8106799249210997,0.7296863160683907,0.8910395700427064,0.6351568419658047,339.0,4027.0,0.8447091158955565,24,0.623489501415593,0.2040259506967332,0.6610951008645534,0.1832489393732037,0.0413103697458749,2.594807570534018,0.3170155300472653,102.437008,2.946596
1614,Healthy,0,0.109329173548354,0.0259279123403959,0.0199554578090707,0.0626818815039263,0.9265475043494088,0.8423046180641568,0.7667742409213762,0.9659293474339706,0.6166128795393119,300.0,3552.0,0.8442367601246106,27,0.6593730717944352,0.1905096436126365,0.6625957358724902,0.169141193595342,0.0385311611068011,2.7813889839206296,0.3439430818198839,102.436368,2.947277
1615,Healthy,0,0.0920150445567237,0.0284119430515501,0.0183797453840573,0.0765831511881616,1.0083109096901992,0.8689672426100908,0.9437068423223794,0.7741863842613341,0.5281465788388101,281.5,4023.5,0.8692218350754937,28,0.7011892861070801,0.190968827654918,0.7126887625024515,0.1964652692149609,0.0395809773227784,3.1121091151031277,0.3770860354517942,102.439081,2.946158
1616,Healthy,0,0.0959622023834122,0.019785138260987,0.0188930419584115,0.12468807068136,0.6082575197818187,0.5965898416401715,0.6837353895419925,0.5263378061656889,0.6581323052290037,309.5,4000.5,0.8563805104408353,26,0.4663476224237604,0.2191038473198811,0.6453071993969092,0.1811662833175483,0.0446332415938734,2.824240569286097,0.3348047538200339,102.437196,2.94681
1617,Healthy,0,0.1578102889988157,0.0230126517514387,0.0274445809837844,0.1087096801234616,0.5890385494081939,0.6367301173654318,0.5090648709938388,0.8062790179491143,0.7454675645030805,251.0,3943.0,0.8803051979017644,27,0.5471235067963888,0.2824232576207982,0.7170481452249408,0.1959868059373282,0.0479287090558766,2.8709175738724726,0.3927873512169124,102.432508,2.948328
1618,Healthy,0,0.2113403131564458,0.0256212500648366,0.021624046170877,0.1192599907517433,0.5367915758820183,0.5001545204466608,0.4324963038990529,0.6139530536807055,0.7837518480504736,240.0,3757.0,0.879909932449337,25,0.3664367212406588,0.3193331006914378,0.6586676905356115,0.1685150121720313,0.0434782608695652,2.8658735332464147,0.3265866209262436,102.432898,2.948744
1619,Healthy,0,0.1277603060007095,0.0168168829340073,0.0191132094090183,0.1024219004644288,0.5099579918617073,0.5400741341748663,0.4652707127014591,0.6290596825533176,0.7673646436492705,299.5,4010.0,0.8610047569323588,28,0.4341454262696751,0.2485650212814411,0.7004276827371695,0.1954352876862101,0.04485456608732,2.736962454820388,0.3872318158032444,102.433535,2.946976
1620,Healthy,0,0.1443652303682433,0.0185790270980861,0.0171904653931657,0.1082843724224302,0.5128650441124653,0.4960766201182021,0.4560830160443119,0.5480131536309987,0.7719584919778442,296.5,3890.5,0.8583711487938859,26,0.3331117466577145,0.2188945687893364,0.7083456498177161,0.1993635860542335,0.0438290186634557,2.741000610128127,0.3536637745898118,102.439428,2.946916
1621,Healthy,0,0.0977448092566596,0.0105297654970652,0.0093192982797821,0.0827055722475051,0.4180346412350028,0.3963877932662243,0.3890023311942108,0.4050773764259192,0.8054988344028945,285.0,3813.0,0.8609077598828697,27,0.3583027240690619,0.175072135300272,0.6936865166301533,0.1988440121237752,0.0406902037569601,2.8506787330316743,0.3825932504440497,102.436564,2.947347
1622,Unhealthy,1,0.1547898136907153,0.0228207361780934,0.0191272634805904,0.0782136888139777,0.6551917525729564,0.6102603452409321,0.5139500146798677,0.7859903988902215,0.743024992660066,312.0,3726.0,0.8454680534918276,27,0.4169257549378428,0.2652442159338129,0.6381741102237997,0.1673457917661936,0.0385,2.7992784519514595,0.3328608133250642,102.436443,2.947141
1623,Healthy,0,0.1483905621700816,0.0308833202968041,0.027774590998888,0.1320841213067372,0.7219074524255611,0.6918581369041173,0.6890757286412574,0.6949784743864887,0.6554621356793713,319.0,3941.5,0.8502523178030748,26,0.4996814468944436,0.2605953858130508,0.6968157843328775,0.2011339279540897,0.0415492535523712,2.645898765612446,0.3389570552147239,102.439393,2.946707
1624,Healthy,0,0.2166132926940918,0.0278380552513731,0.0226934098949035,0.1685797969500223,0.5051485609264574,0.4638844847344922,0.4555189486225872,0.4745758231219936,0.7722405256887065,281.0,3826.0,0.8631604577550523,27,0.3762357068279382,0.3822030843132073,0.7024990083300278,0.1918911413496251,0.0357142857142857,2.7036302623550945,0.3741209563994374,102.432674,2.948328
1625,Healthy,0,0.0734842009842395,0.0168712683435943,0.0171815351479583,0.0674675446417596,0.772607694777229,0.7783295614488079,0.7468842105121862,0.8118947159562766,0.6265578947439069,377.0,3936.0,0.8251796893113842,27,0.6227568022900499,0.1349669883234633,0.6560235063663076,0.1743297680233365,0.0421597633136094,2.610002933411557,0.3423236514522821,102.437278,2.947079
1626,Healthy,0,0.1052531773845354,0.0284171681851148,0.018759693743454,0.0840549659397867,0.9236006144206828,0.7979679198369317,0.8503656682867708,0.7298450941237488,0.5748171658566145,286.0,3862.0,0.8621022179363549,27,0.6449101626324724,0.1963859666138887,0.6981972858010937,0.1956645750142612,0.0491803278688524,3.041850969717591,0.3685364516718436,102.439125309,2.946093537
1627,Healthy,0,0.1290383123689227,0.0366225339886215,0.0238379498736725,0.0956332824296421,0.9834302961746366,0.8481751214560012,0.8842773604954172,0.7981151416653175,0.5578613197522915,283.5,4071.0,0.8697898725456424,28,0.5576224275350529,0.2560269224147002,0.7188485804416404,0.1995046780407264,0.0395897925113284,3.0888109606915672,0.3784112636885103,102.438968,2.946226
1628,Healthy,0,0.1711214921540684,0.0246367822918627,0.0235424910982449,0.1827574620644251,0.4888826167339248,0.4793263272006416,0.5034123305713433,0.4564710895437064,0.7482938347143284,317.0,4050.0,0.8548202427295626,25,0.4361017612209065,0.3372176757289303,0.6522552872917836,0.171599203715992,0.0472123368920522,2.724419792730988,0.3324585861899294,102.432743,2.948478
1629,Healthy,0,0.1164967790246009,0.0173027783425317,0.0218374787105454,0.0891499362058109,0.5761536639659869,0.6395807209502733,0.5172746063742082,0.7870254020062664,0.741362696812896,319.0,3879.0,0.8480228680323963,25,0.7009215654314274,0.2046124463280041,0.6610951008645534,0.1832489393732037,0.0413103697458749,2.782119412316349,0.3170155300472653,102.436923,2.946598
1630,Healthy,0,0.1430186207095782,0.0186634869832131,0.0187756687195764,0.1272279893358548,0.4854379687559511,0.4867193724317523,0.4617328967204013,0.5143889946222608,0.7691335516397994,327.0,3753.5,0.8397255238328636,28,0.4920750922350757,0.2379694297495814,0.6653741760372237,0.1902452542607731,0.0476887425295767,2.72138829322532,0.3069272378293491,102.439274,2.94678
1631,Healthy,0,0.1961566292577319,0.0247164116137557,0.0241211555484268,0.1788544472720888,0.4658596649005788,0.4608962929481133,0.4476130091066506,0.4753508345484519,0.7761934954466746,289.0,3904.0,0.8621512043882662,27,0.4278631542817603,0.3810641860796345,0.6744186046511628,0.1750592830241316,0.0371829598621029,2.856352718078382,0.3515885553800246,102.435572,2.948357
1632,Healthy,0,0.1904006492760446,0.0236455007559723,0.0277447380746404,0.0950115455521477,0.5685668431462493,0.6103309678893016,0.4418766841157464,0.9040592385149688,0.7790616579421268,291.0,4055.0,0.8660837551771744,27,0.5255538393660185,0.2985123501469692,0.7091428571428572,0.1987175205397101,0.0357245916777284,2.8606171150630795,0.3826409996622762,102.43912,2.946364
1633,Healthy,0,0.1734646624988979,0.0222440712774793,0.0185280703008174,0.0802348525159888,0.5967804692860305,0.5538345122922844,0.4546362515000697,0.7504059123557866,0.7726818742499653,296.5,3893.0,0.8584556629669412,28,0.4307000269681338,0.2757444067133798,0.6391270459859704,0.1715877437325905,0.0407027093900779,2.8652804333970683,0.3410987482614743,102.436527,2.947143
1634,Healthy,0,0.0762070189747545,0.0142525631106562,0.0136346098863416,0.0543197376860512,0.716966326618713,0.7041596167013352,0.6302290053561876,0.8025746915937316,0.6848854973219061,317.0,3450.5,0.8317186463171865,26,0.6712410231409671,0.131910597698556,0.6472179289026275,0.1789269911504424,0.0484505656665027,2.679579271421242,0.3552008419575513,102.43683,2.947691
1635,Healthy,0,0.1020065119696988,0.0177575644726554,0.0164469513628217,0.1043730717566278,0.5872824346271875,0.568691212723978,0.5930848381301588,0.5445107835002254,0.7034575809349206,306.5,3867.5,0.8531384762817441,26,0.5580308973714788,0.2204112689942121,0.651138014527845,0.1772667633450728,0.0465316144874155,2.789659224441833,0.3331009238277845,102.437196,2.946951
1636,Unhealthy,1,0.0689425654709339,0.0173358796164393,0.021219258610573,0.0737083893683221,0.7821165926610888,0.8510781856085254,0.8037177581901692,0.8941234324183656,0.5981411209049154,294.0,3862.0,0.8585178055822906,27,0.6932185472656066,0.1601426032268339,0.6560888536295121,0.172752808988764,0.0466282276259714,2.816545626776129,0.3568411386593205,102.436665,2.947555
1637,Healthy,0,0.1195932891633775,0.018591199380656,0.0156413014564249,0.1355758847461806,0.5087354026745327,0.4731486210928151,0.5381558980039001,0.4137440154578249,0.7309220509980499,286.0,3938.0,0.8645833333333334,28,0.413373454356822,0.2543578650802374,0.7004276827371695,0.1954352876862101,0.04485456608732,2.7112100965107646,0.3872318158032444,102.433575,2.946909
1638,Healthy,0,0.1335757184359762,0.0133658188084761,0.0174271427094936,0.1124305095937517,0.3920487909307299,0.4449862959250248,0.3638404513555807,0.5368075704556095,0.8180797743222097,287.0,3589.0,0.8519091847265222,27,0.3468313963977479,0.2584942769673136,0.6289409862570736,0.1620530565167243,0.0453955901426718,2.88686833362476,0.3333333333333333,102.436788,2.948034
1639,Healthy,0,0.1263982678453127,0.0199820349613825,0.015558002413147,0.0803283606138494,0.648002866502774,0.5867920335177537,0.5460307043569951,0.6490183555618523,0.7269846478215024,288.0,3818.0,0.8597174866049684,27,0.543636725622143,0.1985022378050618,0.6865552903739062,0.1850195640022358,0.0431787427727887,2.7582434755430536,0.3611309949892627,102.435838,2.948975
1640,Healthy,0,0.1333531662821769,0.0186402220278978,0.0161284746395217,0.1246811697880427,0.5049587296631409,0.4749772752329839,0.4905534967052841,0.4581639192425785,0.7547232516473579,299.0,3977.0,0.8601496725912068,27,0.3333202331509658,0.2307085223082038,0.686037286790956,0.1925369993687311,0.0440923605993613,2.7268683274021357,0.3360734586794928,102.439353,2.946917
1641,Healthy,0,0.1419625754157702,0.0306097484297222,0.0253524368421898,0.1181254833936691,0.7621295643919782,0.7082694770203354,0.7094937994142734,0.7067968869499562,0.6452531002928634,303.0,3745.0,0.8502964426877471,27,0.5517437700030673,0.2727844690283139,0.6783103168155971,0.1876976142569704,0.0431709164352436,2.847923216945226,0.3460352023226274,102.433374,2.946287
1642,Healthy,0,0.2223957412772708,0.0256002257681555,0.0305205163442426,0.1103922492927975,0.5333540900913527,0.5772124655089109,0.4129135819933106,0.8663662573441118,0.7935432090033447,284.0,3848.0,0.8625363020329139,27,0.5838485961112584,0.3497138052350945,0.6999805182154686,0.1969821673525377,0.0429066571052946,2.8125,0.3739161210405238,102.433503,2.946492
1643,Healthy,0,0.1158560762802759,0.0181596838972634,0.0184459800107611,0.075764763686392,0.6373490337883236,0.6415672726270708,0.5420163680213759,0.7831794670916502,0.7289918159893121,304.0,3877.0,0.8545802439607749,27,0.5976161290425293,0.1901180535140965,0.6690879741727199,0.1748331202954126,0.0401106500691562,2.8339149746192893,0.3520619484963083,102.437191,2.94708
1644,Healthy,0,0.0777809085945288,0.016675888457232,0.0111156042872203,0.0580841969284746,0.788379420163088,0.6792636053459713,0.7061805599058745,0.642522324743281,0.6469097200470627,271.0,3577.0,0.8591476091476091,27,0.5739064495714439,0.1417139907264047,0.6625957358724902,0.169141193595342,0.0385311611068011,2.9163726182074807,0.3439430818198839,102.436408,2.947354
1645,Healthy,0,0.1380926478240225,0.0224785213876101,0.0290415812697675,0.1184217093719376,0.5965015955678442,0.6690173908712357,0.5599640707101893,0.7877643620561944,0.7200179646449053,275.0,3862.0,0.8670534203529128,27,0.5290195305673964,0.2942061161415443,0.6945754716981132,0.1941828254847645,0.0452176021335919,2.8531657651924918,0.3618731434562292,102.432389,2.948263
1646,Healthy,0,0.0717609152197837,0.0153384533607297,0.0218848801321453,0.0549899770153893,0.7794533602012731,0.9080288887501154,0.704411690266207,1.1387275863235684,0.6477941548668966,278.0,3691.0,0.8599143361048123,27,0.7727783960003396,0.1441154784212509,0.6263200649878148,0.1550555315159382,0.0402702000519615,2.818331957060281,0.331973293768546,102.436791,2.947769
1647,Healthy,0,0.1058561346597141,0.0116753088724282,0.0162895095224181,0.0924772901667489,0.4213315035942494,0.494300229586811,0.3973509903921245,0.5990618302265083,0.8013245048039378,315.5,4032.0,0.8548591144335825,24,0.3600023778534294,0.2096709422767162,0.6676940859179349,0.1810368349249659,0.0447112773788692,2.637873518347647,0.3458716370076748,102.436999,2.946458
1648,Healthy,0,0.1446222696039411,0.0213810181659128,0.0215029690621627,0.1027233016987641,0.5896024124358156,0.5910354196197749,0.5151950531378712,0.6923807317228452,0.7424024734310644,293.0,4036.0,0.8646338646338646,27,0.5227346980834355,0.2587990471058422,0.6822716807367614,0.18454471764388,0.0441824461117065,2.732116788321168,0.3578583765112262,102.435613,2.9487
1649,Healthy,0,0.136177601913611,0.0207143059621254,0.0210261409067445,0.1394866969850328,0.522605337555337,0.526021711086111,0.5281166184436183,0.5239740617113996,0.7359416907781908,329.0,3732.5,0.8379908900652469,28,0.4193468381659639,0.2607245432833829,0.6205485059353254,0.163898280170513,0.0393804148070359,2.688388625592417,0.275948460987831,102.435415,2.948356
1650,Healthy,0,0.1856543670097986,0.0240659709605905,0.0219304431229829,0.1360013650523291,0.520644091813115,0.5004340604648063,0.4590107224410144,0.5554408165488497,0.7704946387794929,259.0,3943.0,0.8767253688719657,27,0.4811800062353293,0.3192706401977274,0.7024990083300278,0.1918911413496251,0.0357142857142857,2.809640024405125,0.3741209563994374,102.432587,2.948329
1651,Healthy,0,0.1316791151960691,0.0262267196344004,0.0193643705505463,0.0890296548604965,0.7680921808085532,0.6848083231226526,0.6643635344459025,0.7145918043772006,0.6678182327770488,285.0,4004.0,0.86710188855211,27,0.6198239028130288,0.2383304631544483,0.7126887625024515,0.1964652692149609,0.0395809773227784,2.958631662688942,0.3770860354517942,102.439162845,2.946159805
1652,Healthy,0,0.2110844817426469,0.0234250637392203,0.0197819801461365,0.1305361712972323,0.4824056771109579,0.4491053448655597,0.3995583837082073,0.5264029648099873,0.8002208081458964,289.5,4072.0,0.8672475065917689,28,0.3853372189513354,0.318987318004171,0.7091428571428572,0.1987175205397101,0.0357245916777284,2.910734898037707,0.3826409996622762,102.439046,2.946363
1653,Healthy,0,0.1364256060785717,0.020956495983733,0.0182210246307982,0.125176340341568,0.5523680935129558,0.5210132327286184,0.5326271719369132,0.508266651463492,0.7336864140315433,276.0,4045.5,0.8722665741062131,28,0.4739617549683528,0.2698694159173302,0.7004276827371695,0.1954352876862101,0.04485456608732,2.796364985163205,0.3872318158032444,102.433495,2.946907
1654,Healthy,0,0.1946042527755101,0.0214821849432256,0.0236936875929435,0.1302316826250818,0.4672575772107685,0.4883722256116771,0.3976591066059856,0.6157188398347311,0.8011704466970072,320.5,3906.0,0.8483378682124689,28,0.4980794492410674,0.2870913721207114,0.6902211302211302,0.1957171660988667,0.0398452143418586,2.671758569299553,0.3694318484929314,102.433613,2.946712
1655,Healthy,0,0.1697949949238035,0.0255985816733704,0.0209105486671129,0.1217262902193599,0.5975419598487003,0.5503543848140295,0.5240414166970245,0.5863996659027471,0.7379792916514878,282.0,4097.0,0.871203471112126,27,0.4830500064851704,0.2932235590285725,0.6998608626515603,0.1920825202118762,0.03409915356711,2.883597883597884,0.3920812894183602,102.433345,2.946357
1656,Healthy,0,0.1819510534405708,0.0305020635326703,0.0271036086810959,0.1236763853165838,0.6655632820756713,0.6343658711044975,0.5742831918349703,0.7190240021235971,0.7128584040825149,273.0,3828.0,0.866861741038771,27,0.5078303099815092,0.2865836082233323,0.7091704794111796,0.2011743324479239,0.0447470817120622,2.835380443451906,0.3854688618468146,102.436003,2.948978
1657,Healthy,0,0.1055813195804755,0.0163878617394301,0.0175173798989918,0.0813583607474962,0.5966941399825707,0.6141004526892645,0.5374427068243532,0.7086623992682681,0.7312786465878234,342.5,3768.0,0.8333536066171998,24,0.5149392499652078,0.1966150630679395,0.6559203391501528,0.1732327465772562,0.0422587651256593,2.568611277744451,0.3181778741865509,102.436854,2.946185
1658,Healthy,0,0.1478766666518317,0.0185848764247364,0.0194103815075423,0.0762558856772051,0.5689923450783206,0.579797433845744,0.4465866669561709,0.8115872847869203,0.7767066665219148,297.0,3659.0,0.8498483316481295,27,0.4253421834122352,0.2369335655950837,0.6625957358724902,0.169141193595342,0.0385311611068011,2.790504648074369,0.3439430818198839,102.436489,2.947214
1659,Healthy,0,0.1328161574072308,0.0226901237749391,0.0227071671850151,0.1144089309705628,0.6203611756566955,0.6205580183264954,0.5836452033306219,0.6624216263578492,0.7081773983346892,367.0,3818.0,0.8246117084826762,25,0.6430708296717043,0.2585547456724776,0.6453071993969092,0.1811662833175483,0.0446332415938734,2.568855143665327,0.3348047538200339,102.437113,2.946668
1660,Unhealthy,1,0.0604036951230631,0.0165061694052484,0.0193814824645717,0.0742735316356023,0.787463160237746,0.8416187941713017,0.8584682605530929,0.8277819463607637,0.5707658697234536,333.0,3928.0,0.8436986622858484,27,0.7046511707960502,0.1601280634187989,0.6472179289026275,0.1789269911504424,0.0484505656665027,2.685240513893038,0.3552008419575513,102.436761,2.947558
1661,Healthy,0,0.1266706254747178,0.0205353797516889,0.0216221627261903,0.1437063548300001,0.5274818758188364,0.5395569372949498,0.5580038591524836,0.5231320777757908,0.7209980704237583,283.0,3858.0,0.8633180391209853,27,0.4087276412114482,0.2745699404428402,0.6744186046511628,0.1750592830241316,0.0371829598621029,2.752540806898676,0.3515885553800246,102.435456,2.948424
1662,Healthy,0,0.1280932890044318,0.0179064849184619,0.0191432372149493,0.1232910768853293,0.4987925078943724,0.5138050413851873,0.4905893875676488,0.5376018366324792,0.7547053062161756,290.0,3867.0,0.8604763050276641,24,0.5301214971486947,0.2257725294265482,0.7083456498177161,0.1993635860542335,0.0438290186634557,2.75217357851812,0.3536637745898118,102.439465,2.946989
1663,Unhealthy,1,0.1439335582156976,0.0175780147934953,0.0180363977948824,0.0867818887862894,0.5289176565764496,0.5348917713268101,0.4353375913810163,0.6882920293078794,0.7823312043094919,321.0,3831.5,0.8453943407585792,24,0.6513042711901841,0.2210758647157086,0.6559203391501528,0.1732327465772562,0.0422587651256593,2.7131153875879126,0.3181778741865509,102.436776,2.946187
1664,Healthy,0,0.1522269331746631,0.0220420950402816,0.0287680249247286,0.1091060932311746,0.5773635237426258,0.6511130621416141,0.5059325863249715,0.8346171220387782,0.7470337068375144,249.0,3896.0,0.8798552472858866,27,0.5542599240231026,0.2775119073275062,0.7170481452249408,0.1959868059373282,0.0479287090558766,2.9378121475753183,0.3927873512169124,102.432431,2.948327
1665,Unhealthy,1,0.1464093352357546,0.0140029082281721,0.0171323422756459,0.0883265990349981,0.4263626375152401,0.4684260993566074,0.3491730537718227,0.6498203779679601,0.8254134731140886,297.0,3699.0,0.8513513513513513,27,0.3868132271713147,0.2286444896211227,0.6289409862570736,0.1620530565167243,0.0453955901426718,2.8073939593992407,0.3333333333333333,102.436834,2.947962
1666,Healthy,0,0.2193019605345196,0.0209917785185906,0.0246535328527291,0.111309424870544,0.4507152648073207,0.4852571317655255,0.3494352970045708,0.7253014575604249,0.8252823514977146,254.0,3782.0,0.8741328047571854,25,0.4500600751440256,0.3199769421997997,0.7073466909532483,0.2001707212974818,0.0489927878637154,2.850218128938439,0.3752759381898454,102.432968,2.948872
1667,Healthy,0,0.1219069411357243,0.0320352142055829,0.0226135605739222,0.0965969032711452,0.906953457187862,0.8002672636606531,0.8323961460603744,0.7587777060682207,0.5838019269698127,287.0,3992.0,0.8658565085300304,27,0.6452494922870846,0.2436404981546931,0.7188485804416404,0.1995046780407264,0.0395897925113284,3.0343980343980346,0.3784112636885103,102.438929,2.946158
1668,Healthy,0,0.1043336143096288,0.0152929171712862,0.0166344506045182,0.1263321563601493,0.4682969789391567,0.4863397111561732,0.5113553651340632,0.465407998628077,0.7443223174329684,292.5,3778.0,0.8562830119149981,28,0.4122948567579175,0.2128118181394206,0.6857283950617284,0.189822237713489,0.0378207466861242,2.797127036353422,0.360490582566798,102.433577,2.947042
1669,Healthy,0,0.1237291677130593,0.0244382699537608,0.0231651096708244,0.1120384989513291,0.6868439796637683,0.6719582716441772,0.6597473868371658,0.685339981880594,0.6701263065814171,367.0,3818.0,0.8246117084826762,25,0.5646618878146492,0.2297778545568387,0.6453071993969092,0.1811662833175483,0.0446332415938734,2.568855143665327,0.3348047538200339,102.437082,2.946738
1670,Healthy,0,0.1922507989737722,0.0201590756575266,0.0255047018743223,0.1003985073831346,0.4843494508075885,0.5398996338771703,0.3796259602811543,0.810295528596678,0.810187019859423,283.0,4072.0,0.8700344431687715,27,0.5669834504561251,0.2912787776440382,0.7126887625024515,0.1964652692149609,0.0395809773227784,2.975498664991361,0.3770860354517942,102.439201,2.946237
1671,Healthy,0,0.1306621622708108,0.025562841962609,0.0214138864022162,0.0738651557928986,0.7999230758484472,0.747132764373614,0.654513458662863,0.8989967115061595,0.6727432706685685,300.0,3552.0,0.8442367601246106,27,0.5006441434004076,0.2207350908882088,0.6625957358724902,0.169141193595342,0.0385311611068011,2.7813889839206296,0.3439430818198839,102.436403,2.947208
1672,Healthy,0,0.1665352111061414,0.0185752244045337,0.0210391784914665,0.1294876957933108,0.4460194451031538,0.4721096462147479,0.4013868662409903,0.5590809904592348,0.799306566879505,286.0,4055.0,0.8682331260078323,27,0.4863114873197239,0.286384515878227,0.6723470178156468,0.1831757775037676,0.0397303154346255,2.7696942974720757,0.3502660030890681,102.435525,2.948557
1673,Healthy,0,0.1545168459415435,0.0276306769293215,0.0255172296116749,0.1066748756501409,0.6985092975317561,0.6763118841454251,0.6067757934629833,0.7721256745593461,0.6966121032685083,292.5,4030.5,0.864677307425399,26,0.6099623897412456,0.2863209235171477,0.7246032500237575,0.2041669431358237,0.0465974625144175,2.8187919463087248,0.3738997968855789,102.439238,2.946433
1674,Healthy,0,0.1565241432852215,0.0220916578546166,0.021630619549089,0.1022258463005224,0.5834065114261413,0.5781988258147405,0.4947302022248539,0.6985705397198484,0.7526348988875728,305.0,4004.0,0.8584358319795776,27,0.4933385686570261,0.2528813502026928,0.6279602750190986,0.1806094182825484,0.0458895705521472,2.8410138248847927,0.3047411626738147,102.435568,2.948634
1675,Healthy,0,0.0906348551313082,0.0173179465863439,0.0180635575412048,0.1084354345997174,0.5928109002911188,0.6036465500262538,0.6416858594050597,0.5711842358738057,0.6791570702974701,289.5,3984.0,0.8645138645138645,28,0.4730437340898213,0.2162791070424848,0.7004276827371695,0.1954352876862101,0.04485456608732,2.8120718526411936,0.3872318158032444,102.433616,2.946981
1676,Healthy,0,0.0457756746974256,0.0183643131620354,0.0161761415915356,0.0547791367603672,1.0701546207614854,1.0226991876837668,1.145264523733555,0.9119063143581796,0.4273677381332225,316.5,3825.5,0.8471752776436504,26,0.6036768885064234,0.1141046956181526,0.651138014527845,0.1772667633450728,0.0465316144874155,2.8259644036401705,0.3331009238277845,102.437079,2.946877
1677,Healthy,0,0.096809877289666,0.016448770960172,0.0217981058069401,0.0750473555591371,0.6426720345336937,0.7281509502509023,0.5809276806443088,0.9003253430552809,0.7095361596778456,339.0,3649.0,0.8299899699097292,26,0.7420297488259703,0.17574334765474,0.5799313239221671,0.1686185974319176,0.0442567141596267,2.8191806490077504,0.2368508104531922,102.436844,2.946594
1678,Healthy,0,0.0883154976699087,0.0210490415079726,0.0202547224859396,0.0860139230887095,0.7780542173566937,0.766185669266335,0.7698671494875082,0.7623969375505605,0.6150664252562459,282.5,3763.5,0.8603559070687098,26,0.5803760208930273,0.1909034541911549,0.6528136806522171,0.1692221128147418,0.0436966348568558,2.827093316007472,0.3534850640113798,102.43702,2.948174
1679,Healthy,0,0.1331274087230364,0.0144965787314706,0.0159986361654268,0.1515812550981839,0.3696906488366001,0.3869903507649262,0.3927973761293498,0.3818748429729012,0.8036013119353251,276.5,3911.5,0.8679560649474689,28,0.3340368534621037,0.2694190875109699,0.6882106523040096,0.1966911764705882,0.0429478094768624,2.7735388371738137,0.3504242313657513,102.433736,2.946903
1680,Healthy,0,0.1727832108736038,0.0320351425972249,0.0294388226336903,0.1026981472969055,0.7547633645299175,0.7297580535052656,0.625630312017668,0.8911608204472337,0.687184843991166,299.0,3915.0,0.8580920740389179,27,0.6403914427292512,0.3154176067974833,0.6930085165379283,0.1956917051335851,0.0469075321494182,2.8205928237129485,0.3705966930265996,102.433463,2.946422
1681,Healthy,0,0.1750790725151697,0.0192101274927457,0.0215299228827158,0.1006037129296196,0.4892694439743161,0.5150077145330251,0.3954955291794515,0.7051267323539809,0.8022522354102742,380.0,3683.0,0.8129460989416687,28,0.4235298691690356,0.2795838233497408,0.6653741760372237,0.1902452542607731,0.0476887425295767,2.77190332326284,0.3069272378293491,102.439238,2.946712
1682,Healthy,0,0.1809077618850602,0.0252431052633457,0.0229097764111227,0.1070427613125907,0.5966989454260904,0.5730722268974291,0.4897986724484345,0.7051736522400266,0.7551006637757828,290.5,3831.0,0.8590319058595172,28,0.5354550474993023,0.2614766001287434,0.6902211302211302,0.1957171660988667,0.0398452143418586,2.764935572042171,0.3694318484929314,102.433536,2.946701
1683,Healthy,0,0.0585839425524075,0.0186278210538956,0.0180052044904894,0.0619720969763067,0.9443063205828772,0.9322028991609352,0.9650250264391026,0.9005157293517615,0.5174874867804486,369.0,3716.5,0.8193611553053481,26,0.5905117525291852,0.1302559878677129,0.6556468564876744,0.1868493150684931,0.0484027105517909,2.732430005713819,0.3253886010362694,102.436999,2.946873
1684,Healthy,0,0.1462733737296528,0.0191216656110352,0.0244700666517019,0.1096562072634697,0.5200115936452328,0.5821519916414071,0.4624483463895806,0.7297620648785945,0.7687758268052096,293.5,4065.0,0.8653206378341173,28,0.3720872384695723,0.2601838029093213,0.6999805182154686,0.1969821673525377,0.0429066571052946,2.724481687495485,0.3739161210405238,102.433578,2.946629
1685,Healthy,0,0.1632331659396489,0.0286404095176193,0.0269044546617402,0.1279000168045362,0.6576178769245024,0.6408812403585418,0.5970683445985558,0.6951854660761847,0.7014658277007222,255.0,3939.5,0.8784122064608416,26,0.670917299504941,0.2858132148782412,0.7006719609040929,0.1972477064220183,0.0471414242728184,2.7919224066075623,0.372787610619469,102.433051,2.949019
1686,Healthy,0,0.144500399629275,0.0167937060404155,0.0154713010415434,0.0907643222146564,0.4997157595963937,0.4824137819972416,0.4164741413379815,0.5825278025331493,0.7917629293310093,313.0,3694.0,0.8437733965560269,27,0.4445210664331626,0.2069230445971091,0.6690879741727199,0.1748331202954126,0.0401106500691562,2.84548055882848,0.3520619484963083,102.437079,2.947014
1687,Unhealthy,1,0.1251607959469159,0.0206084510104523,0.019090353925195,0.0585635325147046,0.7329363662231161,0.710737591618304,0.5655088831316928,0.9833560070413232,0.7172455584341535,377.5,3958.5,0.8258763837638377,24,0.5840287641591804,0.1879044581825534,0.6275326117124619,0.1757000601483659,0.0472675318490296,2.731919438510833,0.3027989821882951,102.43677,2.946328
1688,Healthy,0,0.0953629157609409,0.0175233822729852,0.0244023810244268,0.0708961437145869,0.696388486847308,0.8055488913932793,0.6209214963438286,1.0242501063371383,0.6895392518280855,279.0,3892.5,0.866235167206041,26,0.6566617689572294,0.1928083126743634,0.6843173057415297,0.1861694527789684,0.0389187836315855,2.7447778199772124,0.3753896937465615,102.436637,2.947485
1689,Healthy,0,0.1219992306497362,0.0175194995891716,0.0186176316605673,0.0711343524356683,0.6142543303093474,0.6304709496724358,0.5022838025882753,0.8297368285743854,0.7488580987058624,369.0,3980.5,0.8303253247499712,24,0.5678733014814463,0.1981986036731137,0.6275326117124619,0.1757000601483659,0.0472675318490296,2.7018029475574177,0.3027989821882951,102.436851,2.946324
1690,Healthy,0,0.0905258332689603,0.0191401762680874,0.017797133160962,0.1023914077215724,0.6622967298619867,0.6427944865415652,0.6981261139668408,0.5923071544185208,0.6509369430165798,287.5,4063.5,0.867846472075385,26,0.6289877365231757,0.187453642901447,0.7237504843084076,0.2022699635184434,0.0489832007073386,2.7697498716350037,0.3708227311280746,102.439585,2.94692
1691,Healthy,0,0.1612502651082145,0.0182048771530389,0.0176238887425926,0.0855881998108493,0.5141745202237233,0.507009826252118,0.4057811199756199,0.6830164562929922,0.7971094400121901,306.5,3867.5,0.8531384762817441,26,0.4959192295746552,0.236305309459567,0.651138014527845,0.1772667633450728,0.0465316144874155,2.789659224441833,0.3331009238277845,102.437156,2.947013
1692,Healthy,0,0.1407450023624632,0.0216340277757909,0.0216576103121042,0.1252456903457641,0.5596356551922947,0.5598979802882146,0.5329266410169115,0.589710652248553,0.7335366794915442,307.0,3711.0,0.8471876555500248,25,0.5226928356913932,0.2803609503640069,0.6453071993969092,0.1811662833175483,0.0446332415938734,2.8188141768797617,0.3348047538200339,102.437155,2.946734
1693,Healthy,0,0.1940380914343727,0.0211744546476337,0.0256702240763439,0.1197019376688533,0.4757115959370286,0.519652416834339,0.3935542798618293,0.7063312196275292,0.8032228600690853,282.0,3655.0,0.856743713487427,25,0.4401844035798484,0.2902041994449165,0.6586676905356115,0.1685150121720313,0.0434782608695652,2.860413839891452,0.3265866209262436,102.432809,2.948733
1694,Healthy,0,0.1372681086262067,0.0242042936798599,0.0222003083262178,0.1513144142097897,0.5745977967383801,0.5541060962024092,0.5995896099689236,0.5117792427466397,0.7002051950155381,279.0,3989.0,0.8692596063730085,26,0.4343786024734765,0.2651155021869474,0.7006719609040929,0.1972477064220183,0.0471414242728184,2.759184887698944,0.372787610619469,102.43309,2.949097
1695,Healthy,0,0.1896210975117153,0.0235316693368885,0.0228613809578948,0.1340862098667356,0.5077353255969193,0.5014104886193518,0.4415925663982089,0.58265006395516,0.7792037168008956,329.0,3732.5,0.8379908900652469,28,0.5310938380887764,0.2823406379255983,0.6205485059353254,0.163898280170513,0.0393804148070359,2.688388625592417,0.275948460987831,102.435381,2.948291
1696,Healthy,0,0.0814257015784581,0.0177809506033857,0.0148497032415535,0.0633407719433307,0.788825413866255,0.7357651012574242,0.7169257388423339,0.759668141493748,0.6415371305788332,340.5,3735.0,0.8329039381670961,26,0.6221887186220091,0.129391290868322,0.6556468564876744,0.1868493150684931,0.0484027105517909,2.7935972347954903,0.3253886010362694,102.437043,2.946946
1697,Unhealthy,1,0.161891758441925,0.0224810969084501,0.0216872133314609,0.1573182236817148,0.4938564425003339,0.486196464325081,0.4877311655390461,0.4846157456069809,0.7561344172304769,287.0,3916.0,0.8634308827028313,27,0.5363558009556123,0.3084932799554534,0.6787038844427093,0.1853893866299104,0.046865489957395,2.827204736678093,0.3541593541593542,102.43577,2.948839
1698,Healthy,0,0.1031368921200434,0.019600730906758,0.0229624820252259,0.0738970153033733,0.7251628066555995,0.7752963766209447,0.6387847645535034,0.948280041029942,0.6806076177232483,319.0,4050.0,0.8539711604486152,25,0.7636923706734553,0.19542187348836,0.665075424861562,0.1839782756279701,0.049338146811071,2.7678041543026706,0.3517241379310344,102.436883,2.946668
1699,Healthy,0,0.1020338676042026,0.0193421728909015,0.0237757277985413,0.0946781362096468,0.6573482698139084,0.7191413560997504,0.6374296875067925,0.8028687961381423,0.6812851562466038,319.0,4050.0,0.8539711604486152,25,0.6115644006483968,0.2105527356680895,0.665075424861562,0.1839782756279701,0.049338146811071,2.7678041543026706,0.3517241379310344,102.436927,2.946737
1700,Healthy,0,0.0713498935931258,0.0148533638566732,0.0177715951576828,0.0528469764524036,0.7720866346448533,0.8321535135748872,0.6892251776134167,1.0066244475069217,0.6553874111932917,339.0,3832.0,0.8374490529848957,26,0.7902936655683088,0.1335640201965968,0.6650275373721479,0.1777391304347826,0.0423593153552518,2.7970852017937218,0.3809440559440559,102.433066,2.946016
1701,Healthy,0,0.1264900283681022,0.0219398527923557,0.0199594543211989,0.0775054991245269,0.7080934232912302,0.6815809234977875,0.5912516434244922,0.8191438508125279,0.704374178287754,285.0,3869.5,0.8627993741725839,28,0.401331756457509,0.2237425595521927,0.695596993068437,0.1896705253784505,0.0465172330682092,2.781485217661209,0.3849265675842054,102.433454,2.946687
1702,Healthy,0,0.0639708940353658,0.0140421409159898,0.0148946596309542,0.0764187268084949,0.6667924559453321,0.6835743721331706,0.7199894696954511,0.6524633555598559,0.6400052651522745,342.5,3768.0,0.8333536066171998,24,0.554092567104351,0.1413934702674547,0.6559203391501528,0.1732327465772562,0.0422587651256593,2.568611277744451,0.3181778741865509,102.436817,2.946123
1703,Healthy,0,0.1174988854262563,0.0202301136321491,0.0178639347561531,0.0906172311968273,0.6510712424449983,0.6188866879081222,0.587533889607963,0.6586925794619858,0.7062330551960184,283.0,4043.0,0.8691631992602866,25,0.4304574204906063,0.1934227022445865,0.7237504843084076,0.2022699635184434,0.0489832007073386,2.7876631079478056,0.3708227311280746,102.439625,2.946992
1704,Healthy,0,0.1782313659787178,0.0238539547555976,0.0210283005403147,0.0950674762328465,0.594478580343364,0.5642353445569803,0.472156110476896,0.7245156068476724,0.7639219447615521,317.5,3837.0,0.8471536887712119,24,0.6775092505893201,0.246657950596677,0.6559203391501528,0.1732327465772562,0.0422587651256593,2.8017035503900654,0.3181778741865509,102.436735,2.946258
1705,Healthy,0,0.1062591829233699,0.0164185337101419,0.0174792656261059,0.1097393706440925,0.5278515558172573,0.5425897407844006,0.5353387448248889,0.5495819209689329,0.7323306275875555,372.0,3699.0,0.817243920412675,23,0.4258932809441845,0.2058102118058337,0.6404230317273796,0.1673867595818815,0.0336912254720473,2.52083649037733,0.3296608710621449,102.43668,2.94605
1706,Healthy,0,0.0928611614637904,0.0195760941132903,0.0246630256167716,0.0587196470134788,0.821088933811951,0.9036694096470552,0.6964273189635093,1.1831247350939005,0.6517863405182454,302.0,3601.0,0.8452472457084295,27,0.6921555021838657,0.1685271292097039,0.6418932527693857,0.176844232712574,0.0409909334695441,2.7363968148639684,0.3430947216196673,102.436636,2.947763
1707,Healthy,0,0.1357678994536399,0.0196985508211784,0.0222907714131805,0.1197407982415623,0.5343686252471632,0.56456607333791,0.5068244830021458,0.6277694872306484,0.746587758498927,279.0,4126.0,0.8733257661748014,27,0.5543592773887114,0.2334833581828408,0.6967657506075902,0.1850110980545763,0.0459836348968537,2.754941277570897,0.3811931243680485,102.435614,2.948557
1708,Healthy,0,0.1536072409815258,0.0156818938752015,0.0190130000313123,0.0760417899323834,0.480647470279839,0.524996274154333,0.3705351530911512,0.8000859310119537,0.8147324234544244,320.0,3604.0,0.836901121304791,27,0.3740558628228635,0.2115491239560975,0.634088200238379,0.1692963752665245,0.0478980891719745,2.725311203319502,0.3351538321500091,102.436912,2.947967
1709,Healthy,0,0.0719531799356142,0.0166667617029613,0.0180992435456977,0.079438948796855,0.7217952248656826,0.7470209225922603,0.7522804188219596,0.7422423201009682,0.6238597905890201,277.0,3738.0,0.8620174346201743,25,0.3797117763010292,0.1687510433710283,0.6752782193958664,0.1713213839099625,0.0449981405727036,2.7992559042381107,0.3502702702702702,102.4371,2.948173
1710,Healthy,0,0.1207876958780818,0.0209005152185757,0.018064697066115,0.1087529758612314,0.6162124008489707,0.5804746130808409,0.5900424617350188,0.5697848462008677,0.7049787691324907,292.5,3897.5,0.860381861575179,26,0.5247354914147171,0.2286269604745839,0.6968157843328775,0.2011339279540897,0.0415492535523712,2.825456540481229,0.3389570552147239,102.439429,2.946777
1711,Healthy,0,0.0911322256757153,0.0149708431628015,0.0169660085812211,0.0922718677255842,0.5613738666671626,0.5932332417779652,0.5643886958853687,0.6212500335898292,0.7178056520573155,321.0,3831.5,0.8453943407585792,24,0.504192585578144,0.1827592858009868,0.6559203391501528,0.1732327465772562,0.0422587651256593,2.7131153875879126,0.3181778741865509,102.436739,2.946122
1712,Healthy,0,0.1036941284934679,0.0242428135954671,0.0158834769907924,0.1005142827828725,0.7674993440292558,0.656906944128211,0.7579613268735087,0.5458344566657563,0.6210193365632458,293.0,3901.0,0.860276585598474,27,0.5482351037837561,0.2026510095844666,0.6720925671700333,0.1790900290416263,0.0386161530028018,2.832025117739404,0.367719298245614,102.435804,2.949045
1713,Healthy,0,0.1222940989666515,0.0196966340558396,0.0176150946774416,0.1199250958032078,0.5595387037717879,0.5339191566454651,0.554870973240759,0.512289378570255,0.7225645133796206,300.0,3877.0,0.8563562365333972,27,0.5658014562641016,0.2212878399425082,0.6653741760372237,0.1902452542607731,0.0476887425295767,2.7156088672942604,0.3069272378293491,102.439353,2.946778
1714,Healthy,0,0.1334835042556127,0.0194029834949307,0.0161646712157461,0.0846680721475018,0.6040837171378747,0.5607403830531862,0.507644168700886,0.6412469075650635,0.746177915649557,297.0,3875.0,0.8576222435282838,27,0.4945444345713734,0.2138311202741331,0.6787038844427093,0.1853893866299104,0.046865489957395,2.7582485353068145,0.3541593541593542,102.435767,2.948975
1715,Healthy,0,0.1353302407595846,0.0191488710956441,0.0190249285143282,0.0806487517224417,0.6024576686576026,0.6008007906701115,0.4958306884516429,0.7634885546168427,0.7520846557741785,285.0,3666.5,0.8557509806402632,28,0.4704844826472062,0.2139945255799425,0.6730729489563959,0.1879677182685253,0.0412861736334405,2.8392107472712005,0.3542284866468843,102.433144,2.946287
1716,Healthy,0,0.1685709704955419,0.0407317684342463,0.0429619122296571,0.1505292016598913,0.8134889410426022,0.8311316578253957,0.7784278149921393,0.8881423310050566,0.6107860925039303,307.0,4131.0,0.8616493916178459,25,0.6663543335129775,0.370430081254906,0.6693697014375231,0.1786597267404034,0.0429476108232584,2.767805442964679,0.3523778071334214,102.432585,2.948604
1717,Healthy,0,0.1024710974759525,0.0134422641454471,0.0175967597299151,0.0926848732762866,0.4843175620078505,0.5488896679869268,0.4638728083601857,0.6382480654389854,0.7680635958199072,315.5,4032.0,0.8548591144335825,24,0.4253753564914154,0.2045333474460575,0.6676940859179349,0.1810368349249659,0.0447112773788692,2.637873518347647,0.3458716370076748,102.436963,2.94639
1718,Healthy,0,0.2068381557861963,0.0275598977588944,0.0248943389289908,0.2094696288307508,0.4676840969044309,0.447598007550826,0.4703093279499909,0.4248833840278938,0.7648453360250046,265.0,4043.0,0.8769730733519034,27,0.3349038317619546,0.3846743326220247,0.7133066818960594,0.2019230769230769,0.0422698320787492,2.784903435058234,0.3936605316973415,102.432626,2.94826
1719,Unhealthy,1,0.1441800933745172,0.0173191503725118,0.018834284817179,0.0748392604291439,0.5462212572556204,0.5667286912889872,0.4289592934475994,0.8042520337050371,0.7855203532762003,332.0,3645.0,0.833039979884335,26,0.3919336215470378,0.205875020681156,0.634088200238379,0.1692963752665245,0.0478980891719745,2.6563502245028863,0.3351538321500091,102.436988,2.947966
1720,Healthy,0,0.1885248637861675,0.0309780478063556,0.0266162558562225,0.1154960203501913,0.6771583901828037,0.6370783706640257,0.5645127453044828,0.7491613410670641,0.7177436273477585,273.0,4055.0,0.8738447319778189,27,0.4839887911516669,0.3116775391002496,0.7061592781482935,0.2023776610450649,0.0480780816965899,2.800236931734044,0.3778414175765169,102.43608,2.949113
1721,Healthy,0,0.1478100311424997,0.0246539240082105,0.0308764763176441,0.0992564145061704,0.6654807663196304,0.7340512773293036,0.5718046762099663,0.949075245225972,0.7140976618950168,275.0,3862.0,0.8670534203529128,27,0.6724169862416228,0.2818419560790062,0.6945754716981132,0.1941828254847645,0.0452176021335919,2.8531657651924918,0.3618731434562292,102.43243,2.94819
1722,Unhealthy,1,0.1518643183840645,0.0134558807023697,0.0173766060421864,0.0991434810890091,0.3873316627262681,0.4375880702980561,0.3255713645816401,0.5965188138804344,0.83721431770918,310.0,3629.0,0.8425996445798426,27,0.3443465038974358,0.2535735648125409,0.6289409862570736,0.1620530565167243,0.0453955901426718,2.793771043771044,0.3333333333333333,102.436751,2.947964
1723,Healthy,0,0.1750851331485642,0.0234740348532795,0.0196614624518487,0.1129986196756362,0.5605207213084802,0.5209298347035737,0.4728874539414173,0.5928373369452387,0.7635562730292913,279.0,4057.0,0.871309963099631,28,0.4845082583830201,0.302093043923378,0.7080247539819418,0.1915917616250265,0.0415094339622641,2.9200803833668263,0.3915498087780004,102.433268,2.946359
1724,Healthy,0,0.1938506778743532,0.0173240702392326,0.0178082401139868,0.1246575377881527,0.3924396644826015,0.3973787817706976,0.3281466253704614,0.5000005019091497,0.8359266873147693,321.0,3831.5,0.8453943407585792,24,0.6013468175622734,0.2676615866108073,0.6559203391501528,0.1732327465772562,0.0422587651256593,2.7131153875879126,0.3181778741865509,102.436689936,2.946187301
1725,Healthy,0,0.1131777639190356,0.0224647296385632,0.0180232487618923,0.0885646889607111,0.7285703327025435,0.6685861588318881,0.6624687898125037,0.6763710471178478,0.6687656050937482,275.0,3760.0,0.8636926889714994,27,0.5279817185332073,0.2086043409589264,0.6865552903739062,0.1850195640022358,0.0431787427727887,2.865011509371917,0.3611309949892627,102.435888,2.948909
1726,Healthy,0,0.0859299521479341,0.0126024512056675,0.0096310851060681,0.0726450474725829,0.5485888746848192,0.4918691741426702,0.5116063660983197,0.4682322712172387,0.7441968169508402,296.0,3677.0,0.8509942109237352,27,0.4211166232416131,0.1532664716036782,0.6625957358724902,0.169141193595342,0.0385311611068011,2.795138888888889,0.3439430818198839,102.436489,2.947353
1727,Healthy,0,0.0924546834495332,0.0236464455309841,0.0280223132835494,0.0920685575240188,0.8160414143174766,0.8750297869680831,0.8146844303280517,0.933370308504197,0.592657784835974,309.0,3523.0,0.8387265135699373,27,0.6967178737655051,0.1986914666162596,0.6418932527693857,0.176844232712574,0.0409909334695441,2.691341483838553,0.3430947216196673,102.436666,2.947822
1728,Healthy,0,0.1068627958496411,0.0153434594265288,0.0164941912516951,0.0851566787395212,0.5511636801934772,0.5688923350587195,0.5022151899460341,0.6490526348911868,0.748892405026983,308.0,4030.5,0.8580154431255042,24,0.5000092525133552,0.2083040529655086,0.6676940859179349,0.1810368349249659,0.0447112773788692,2.7763275656324584,0.3458716370076748,102.436927,2.946325
1729,Healthy,0,0.1542419476641549,0.026985622735487,0.0215385533455345,0.0951217152178287,0.7117050360477941,0.6515764624691208,0.5956184851119171,0.7385051864109496,0.7021907574440416,277.5,4032.5,0.87122969837587,28,0.5522836461467501,0.2763199980060259,0.7083172147001934,0.1960186877919967,0.0418165732822176,2.8787181846059493,0.3997905027932961,102.433454,2.94684
1730,Healthy,0,0.2079846958319346,0.0325857858277029,0.0383734154618448,0.2196872217787636,0.5289433507781803,0.5692320322570441,0.5418085477969109,0.5947968798676804,0.7290957261015444,265.0,4043.0,0.8769730733519034,27,0.6538433857910741,0.3795545047356022,0.7133066818960594,0.2019230769230769,0.0422698320787492,2.784903435058234,0.3936605316973415,102.432588,2.94819
1731,Healthy,0,0.0828736337522665,0.0121913991558055,0.0104450727295544,0.0721910459299882,0.5435082974516814,0.5095402406944293,0.5129709119269794,0.5055935781586096,0.7435145440365103,268.0,3752.0,0.8666666666666667,27,0.4167798633556666,0.1526177745933334,0.6843173057415297,0.1861694527789684,0.0389187836315855,2.8065087804092155,0.3753896937465615,102.436527,2.94742
1732,Healthy,0,0.1432800086008178,0.0303849163982603,0.0226557509352763,0.0989765814608997,0.802172064380669,0.7184715198697817,0.6998515422367896,0.7450568607525468,0.6500742288816053,298.0,4087.0,0.8640820980615735,27,0.5333288192821499,0.2543864212930202,0.6998608626515603,0.1920825202118762,0.03409915356711,2.8225566150178785,0.3920812894183602,102.43342,2.946356
1733,Healthy,0,0.1120804159177674,0.0169432468505369,0.0154081871733069,0.1303053523103396,0.4906246246285877,0.4710164296450185,0.5252756428396527,0.4229720100934386,0.7373621785801737,277.0,3778.0,0.8633785450061652,28,0.3424741740855366,0.2413624258091052,0.6882106523040096,0.1966911764705882,0.0429478094768624,2.79543276908336,0.3504242313657513,102.433653,2.946905
1734,Healthy,0,0.1202493185798327,0.0200391293813784,0.016253153896994,0.0919959474768903,0.6353471606173868,0.5840933633644331,0.5713693371793264,0.6005834206736487,0.7143153314103369,288.0,3818.0,0.8597174866049684,27,0.5027383112110536,0.2072005704459217,0.6865552903739062,0.1850195640022358,0.0431787427727887,2.7582434755430536,0.3611309949892627,102.435807,2.948906
1735,Healthy,0,0.0785293599797619,0.0212068998565276,0.0159257824222246,0.0654728590614265,0.910089165008298,0.8200006074624864,0.850519154872554,0.7826067920518447,0.574740422563723,285.0,3860.0,0.8624849215922799,27,0.7495418456089603,0.1542487870901822,0.6606570512820513,0.1792318634423897,0.0434235368156073,2.9150358773646445,0.3536759457530335,102.436873,2.94777
1736,Healthy,0,0.1602345340781741,0.0298862196505069,0.0272533850123484,0.1332520991563797,0.6768113710086884,0.6518577161310326,0.6287839505024719,0.6791888801431567,0.6856080247487641,301.0,3767.0,0.852015732546706,26,0.4443122593321844,0.2868574300987854,0.6730729489563959,0.1879677182685253,0.0412861736334405,2.9123603058566507,0.3542284866468843,102.433235,2.946144
1737,Healthy,0,0.215700841612286,0.0324692291518052,0.0263723656535148,0.1407877686950895,0.6163672259368256,0.5666969951232317,0.5233383550536235,0.6310683048032617,0.7383308224731884,289.5,4091.5,0.867838393060945,28,0.5094430091551172,0.3490151669830083,0.710806405216224,0.2008345672365055,0.0419903054371313,2.8916945543048374,0.3771877906485161,102.43901,2.946297
1738,Healthy,0,0.1137948152091768,0.0234481561928987,0.0283574474354585,0.1196188280979792,0.6692065184750955,0.7265372752361304,0.6834056696194235,0.7665403750224992,0.6582971651902881,336.0,3834.0,0.8388489208633093,27,0.7249868414001284,0.2401882463859188,0.6734613876911015,0.1850104094378903,0.0467083486575947,2.749135491983653,0.3465697571352597,102.435841,2.948702
1739,Healthy,0,0.1396963389383422,0.0185131816607382,0.0171611990986598,0.0887283235788345,0.5579388997197823,0.5403182126947489,0.4680674485488785,0.6482680690110328,0.7659662757255608,322.0,3793.0,0.8434993924665857,25,0.5146368150619715,0.2283113611241181,0.6542074755146912,0.1774078816332337,0.0432371108029749,2.8464818763326227,0.3329721921271217,102.433225,2.946008
1740,Unhealthy,1,0.0910014245245191,0.0164495086711314,0.0175292382223738,0.0749424029555585,0.6618094278757075,0.6798381223325234,0.6123542413979614,0.7582535791116478,0.6938228793010193,306.0,3752.0,0.8491867915229176,26,0.6008215881926204,0.1615922438601652,0.6650275373721479,0.1777391304347826,0.0423593153552518,2.8919100369251427,0.3809440559440559,102.433031,2.946096
1741,Healthy,0,0.1136018116441038,0.0207991597967015,0.0297974261144797,0.0656512466569741,0.7534174337509089,0.880516236335033,0.6190181387449911,1.248730872804397,0.6904909306275046,307.0,3645.0,0.8446356275303644,27,0.6852399926639102,0.197450930873553,0.6263200649878148,0.1550555315159382,0.0402702000519615,2.735617111948861,0.331973293768546,102.436754,2.947826
1742,Healthy,0,0.1219443380832672,0.0184527520711223,0.0187086351215839,0.0821223652197255,0.6126101351440149,0.6162033139066578,0.5257303281949929,0.7421779039484216,0.7371348359025035,307.5,3784.5,0.8497067448680352,24,0.5559388542113539,0.2154208860463566,0.6559203391501528,0.1732327465772562,0.0422587651256593,2.814928756476684,0.3181778741865509,102.436813,2.946257
1743,Healthy,0,0.073605707536141,0.0157739317251576,0.0156561120723684,0.0839650734431213,0.6672607779200267,0.665183209325042,0.7059295318497761,0.6286258085107446,0.6470352340751119,348.0,3700.0,0.8280632411067194,24,0.5352317987031199,0.1661066334280702,0.6420454545454546,0.1663767309164289,0.0413767395626242,2.6360490720352314,0.3264865797876931,102.436775,2.94605
1744,Healthy,0,0.1535973027348518,0.0160682964035206,0.0163447849659456,0.0935797716180483,0.4602222746033986,0.4637227843122269,0.3788227309512743,0.594763735197111,0.8105886345243627,312.5,3745.0,0.8459642637091805,20,0.3907046673195138,0.2660025945968098,0.7067610062893082,0.1983716276823294,0.0404361109447073,2.577145431338689,0.3608461938616265,102.43954,2.947129
1745,Healthy,0,0.1562849779923757,0.0211631544969148,0.0230117516799105,0.0854366156789991,0.5960446614347001,0.6180545225321815,0.477055558715267,0.8487634158199234,0.7614722206423664,316.5,3818.0,0.8468980529689201,28,0.6257895747707315,0.2510677834765779,0.6968996726362411,0.1923415195183005,0.0425317953268263,2.7118184634448577,0.3861128009037977,102.433375,2.946564
1746,Healthy,0,0.158169847395685,0.0207061239828666,0.0222510678900612,0.1013786925209893,0.5504005788543318,0.5680182205976219,0.4630275117063465,0.7199259406822345,0.7684862441468266,262.0,4107.5,0.8800778121066484,26,0.3403650124728476,0.2823882746613688,0.6973518284993695,0.1934251807393261,0.0412377268670038,2.8491516633325924,0.3837828401850397,102.436121,2.949185
1747,Unhealthy,1,0.1037870819369951,0.0149691615046726,0.0178792236579789,0.0832743818561236,0.5518590308403984,0.5974882038004253,0.5041978786412306,0.7070128075854395,0.7479010606793847,322.5,3987.5,0.8503480278422274,24,0.5621296547316801,0.1881393397019969,0.6676940859179349,0.1810368349249659,0.0447112773788692,2.7160219356751147,0.3458716370076748,102.436892,2.946394
1748,Healthy,0,0.1894423017899195,0.0218921920491589,0.0230374576316939,0.0935191528664694,0.5360054073244058,0.5481045272230609,0.4143609810489111,0.790601495126934,0.7928195094755444,296.5,3835.5,0.85648596321394,28,0.5451863201102422,0.2887956491774983,0.69672534172485,0.2032917218773973,0.0478561885096562,2.8105146124523506,0.3886377736417619,102.433263,2.946497
1749,Healthy,0,0.1312008814679252,0.0173787482910686,0.020769473682675,0.0917100840144687,0.5395692791216715,0.5845145286090062,0.4678635508584347,0.7386043867134595,0.7660682245707825,272.0,3801.0,0.8664375153449546,26,0.4761019932863001,0.222237207616369,0.6776395022079487,0.1885665529010239,0.0404581102950329,2.9007068880486604,0.3481983589011773,102.435924,2.949254
1750,Unhealthy,1,0.1106593426730897,0.0141747962269518,0.014220870203442,0.0496620742811097,0.60103759539617,0.6018674286635782,0.4541961470428211,0.8904329828992724,0.7729019264785896,453.0,3885.5,0.7911720640774461,24,0.6036255431752887,0.1649506658108697,0.6275326117124619,0.1757000601483659,0.0472675318490296,2.5335842928845587,0.3027989821882951,102.43681,2.946392
1751,Healthy,0,0.1547402466336886,0.015124836936593,0.0202087325354417,0.0857452220386928,0.4469264475792193,0.5124166875461932,0.3561611749441163,0.7629250882297908,0.8219194125279419,261.5,3960.5,0.8761250592136428,26,0.4437768817517116,0.2415355837179554,0.6973518284993695,0.1934251807393261,0.0412377268670038,2.925961082107261,0.3837828401850397,102.436,2.949254
1752,Healthy,0,0.1649460544188817,0.021522242989805,0.0214893639915519,0.1688953207598792,0.4568437335092527,0.4565346065175312,0.4616815467056949,0.4514935436032307,0.7691592266471524,288.0,3982.0,0.8651053864168619,27,0.4223469735163662,0.3377893306314946,0.6744186046511628,0.1750592830241316,0.0371829598621029,2.757951321487233,0.3515885553800246,102.435534,2.948426
1753,Healthy,0,0.0714543706013096,0.0134593022262884,0.0109619032591581,0.0700211222800943,0.639419192923096,0.588829210607759,0.6340228506480977,0.5414420212712292,0.6829885746759512,295.0,3667.0,0.851085310449268,27,0.4509119325180306,0.1416744390088651,0.6570359592600291,0.1706314243759177,0.0483955812730142,2.741017720695822,0.3612759643916914,102.436442,2.947418
1754,Healthy,0,0.1682334972752465,0.0142538726536764,0.0172385642718937,0.0746575026876396,0.4201603110429547,0.4591011364636062,0.3124352695581759,0.7503504705804114,0.8437823652209121,270.0,3934.5,0.871566179093828,26,0.4056886830733138,0.2469844132040937,0.6843173057415297,0.1861694527789684,0.0389187836315855,2.780982014115504,0.3753896937465615,102.436671,2.947417
1755,Healthy,0,0.1341649451189571,0.0239949557516309,0.0216182354423734,0.1335438158777025,0.6080470484496414,0.5823172091848525,0.6068530801941869,0.5573072863745077,0.6965734599029064,266.0,3750.0,0.8675298804780877,25,0.5740442043246873,0.2741900086402893,0.7006719609040929,0.1972477064220183,0.0471414242728184,2.70749145166304,0.372787610619469,102.432969,2.949147
1756,Healthy,0,0.2010631023181809,0.0241741660154528,0.0194915845576259,0.1609519107474221,0.4712733981592348,0.4305429735580902,0.429310232614697,0.4320817333908209,0.7853448836926515,272.0,3967.0,0.8716678461901392,27,0.5106558491887675,0.3518057320680883,0.7024990083300278,0.1918911413496251,0.0357142857142857,2.7149155033063925,0.3741209563994374,102.432626,2.948403
1757,Healthy,0,0.1532853676213158,0.0157726637812124,0.0204106120185719,0.1417424339387152,0.3863799529029369,0.4369814691973739,0.3731893397872968,0.5034900676228624,0.8134053301063516,273.0,4093.0,0.874942739349519,27,0.5179369402429015,0.2919672146025631,0.6967657506075902,0.1850110980545763,0.0459836348968537,2.8154481132075477,0.3811931243680485,102.435648,2.948495
1758,Healthy,0,0.1382648299137751,0.0149308801111247,0.0176841759433348,0.0892154061132007,0.4641568132288756,0.5015862577666003,0.3898511285648376,0.6617116962714503,0.8050744357175812,272.0,3801.0,0.8664375153449546,26,0.3808995938657296,0.2230333191239171,0.6776395022079487,0.1885665529010239,0.0404581102950329,2.9007068880486604,0.3481983589011773,102.435961,2.949186
1759,Healthy,0,0.1348640579316351,0.0118944394505686,0.0130041359613339,0.0742208630674415,0.4086140890272879,0.4256466937850954,0.3241908213216947,0.5963490332418968,0.8379045893391527,270.0,3934.5,0.871566179093828,26,0.3481534298334905,0.2028792786101499,0.6843173057415297,0.1861694527789684,0.0389187836315855,2.780982014115504,0.3753896937465615,102.4366,2.947416
1760,Healthy,0,0.1504694347580274,0.018404198396537,0.0216735846673448,0.093331920603911,0.5246916261519032,0.5647161434422125,0.4359282867963704,0.7538277273326964,0.7820358566018147,307.0,3645.0,0.8446356275303644,27,0.5113567809341037,0.255830449776517,0.6263200649878148,0.1550555315159382,0.0402702000519615,2.735617111948861,0.331973293768546,102.436713,2.947892
1761,Healthy,0,0.1182231696115599,0.0193084852976931,0.0180763054846061,0.0720857410795158,0.6747506289524968,0.6567558178445396,0.5615721067395966,0.8019474345782734,0.7192139466302016,323.0,3992.0,0.8502896871378911,26,0.511154432536207,0.1931397751387622,0.6602916114372278,0.1718791766907244,0.0414538543770044,2.8688716866056767,0.350980063662255,102.437232,2.947012
1762,Healthy,0,0.1295180138614442,0.0229517844402127,0.0224156965398126,0.0959488737086455,0.6766185159701936,0.6700402348918362,0.6021332669386309,0.7575137219781223,0.6989333665306845,293.0,4036.0,0.8646338646338646,27,0.5527589907334015,0.2118272872434722,0.6822716807367614,0.18454471764388,0.0441824461117065,2.732116788321168,0.3578583765112262,102.435648,2.948633
1763,Healthy,0,0.1450265140997039,0.0211338951355881,0.0196727894039617,0.089190785255697,0.6115019125011536,0.593500013513534,0.5087588609790044,0.7228419410428122,0.7456205695104978,297.0,4060.5,0.86368330464716,28,0.6115218986683146,0.2364160277777248,0.7091428571428572,0.1987175205397101,0.0357245916777284,2.843811394891945,0.3826409996622762,102.439083,2.946435
1764,Healthy,0,0.1643941799799601,0.0221144112033976,0.0197027508790294,0.1219898271891805,0.5351132013058996,0.5096528105343094,0.4742818775925833,0.5562112327307538,0.7628590612037084,280.0,3767.0,0.8616258957252285,25,0.3561625450407494,0.2828066173113054,0.6883435582822086,0.1937536148062464,0.0445344129554655,2.8671271172504524,0.3671303074670571,102.432814,2.949015
1765,Healthy,0,0.1283849850296974,0.0216897212796741,0.0171180291929178,0.107804585662153,0.6206616685429421,0.5644818692526206,0.5781046470272433,0.5481162626247398,0.7109476764863785,301.0,3867.0,0.8555662188099808,27,0.5335909429117762,0.2402227260172367,0.6720925671700333,0.1790900290416263,0.0386161530028018,2.78029003586465,0.367719298245614,102.435924,2.949114
1766,Healthy,0,0.1444340571761131,0.0191470024486382,0.017893719072971,0.104928872651524,0.5324954871523884,0.5173219174701235,0.4681960733733035,0.582750089270503,0.7659019633133481,297.0,3875.0,0.8576222435282838,27,0.47748068425239,0.253801085261835,0.6787038844427093,0.1853893866299104,0.046865489957395,2.7582485353068145,0.3541593541593542,102.435727,2.948908
1767,Healthy,0,0.0980007938212818,0.0226444404365287,0.0203184457495808,0.0794430822134018,0.8133313034295478,0.7797017796227379,0.7507777849936152,0.8146806154420626,0.6246111075031923,329.0,3838.0,0.8420926325893928,27,0.6210012214636356,0.1948892240309053,0.6179005092048571,0.162865990990991,0.0412150239475674,2.83166559070368,0.3086130861308613,102.436293,2.947143
1768,Healthy,0,0.1341749131679535,0.0193863468658592,0.0193510833713743,0.0940037609802352,0.5809701450814216,0.5805184415743956,0.5049801456849342,0.682849806095633,0.747509927157533,285.0,3869.5,0.8627993741725839,28,0.4813179131706457,0.2213241517957714,0.695596993068437,0.1896705253784505,0.0465172330682092,2.781485217661209,0.3849265675842054,102.433372,2.946698
1769,Healthy,0,0.1350659082333246,0.017281491930286,0.018230624600417,0.1235340676373905,0.4715873232041647,0.4829739061831485,0.453739070354384,0.5143911170726625,0.773130464822808,272.0,3904.0,0.8697318007662835,21,0.461404142639487,0.2374155881504218,0.7067610062893082,0.1983716276823294,0.0404361109447073,2.731237780117311,0.3608461938616265,102.439503,2.947059
1770,Healthy,0,0.1483354204230838,0.0138806796943147,0.0176468525702754,0.1095423168606228,0.3887613385148766,0.4357561604016156,0.3422762520925856,0.5549797250578926,0.8288618739537073,290.0,3813.0,0.8586400194979283,27,0.3828274155400519,0.2658061275465621,0.634088200238379,0.1692963752665245,0.0478980891719745,2.78586114186304,0.3351538321500091,102.436876,2.948037
1771,Unhealthy,1,0.1328158924976984,0.0146012709786494,0.0176359552683101,0.1710617277357313,0.3506968624637192,0.3836453710335036,0.3961891718528985,0.3738457195138402,0.8019054140735506,296.0,4018.5,0.8627882721056901,28,0.3563763445083861,0.2874109635336531,0.6883193691473632,0.1909331108329856,0.0388161086851043,2.7227179637214745,0.3588317107093185,102.43381,2.947046
1772,Healthy,0,0.2175377872255113,0.0198396997940209,0.0241094176760978,0.1163468915555212,0.4248738236425323,0.4652746038727052,0.3343147666297171,0.6866026256275963,0.8328426166851415,240.0,3757.0,0.879909932449337,25,0.4410851136175084,0.3091419076340066,0.6586676905356115,0.1685150121720313,0.0434782608695652,2.8658735332464147,0.3265866209262436,102.43286,2.948806
1773,Healthy,0,0.1430522940225071,0.0191308608692553,0.0202825535088777,0.101987043602599,0.5402270196159302,0.5542349525616007,0.4718334868259981,0.6635354654971346,0.7640832565870008,242.0,3953.0,0.8846245530393325,27,0.4493589601243861,0.2439664008302821,0.7170481452249408,0.1959868059373282,0.0479287090558766,2.858133086876155,0.3927873512169124,102.432466,2.948397
1774,Healthy,0,0.1338869705796241,0.0187678427125016,0.0165973510593175,0.0985194287366337,0.5562035347097669,0.528288954985402,0.4917720524563294,0.5767135282532025,0.7541139737718354,272.0,3960.0,0.8714555765595463,22,0.382148552961887,0.2232598140835761,0.7068352429869617,0.1962616822429906,0.0358470207409183,2.619876394118065,0.3611493461803166,102.439582,2.947058
1775,Healthy,0,0.1391229828198751,0.036411164742377,0.0278630960318777,0.1094046980142593,0.9064549823725164,0.8219163914873976,0.8297226550626341,0.8119339638404228,0.5851386724686829,275.0,3906.0,0.86845252331978,27,0.5064622526215706,0.2561651406188805,0.6783103168155971,0.1876976142569704,0.0431709164352436,2.996369037795016,0.3460352023226274,102.433344,2.946214
1776,Healthy,0,0.0820949404603905,0.0235149504409896,0.0227593780598706,0.0648920784393946,0.96960411359751,0.9577565120650854,0.8906343994976065,1.0386309124280848,0.5546828002511968,287.0,3770.0,0.8585161449346808,27,0.7604988405914817,0.1467526935868793,0.6560888536295121,0.172752808988764,0.0466282276259714,2.788184438040346,0.3568411386593205,102.436562,2.947619
1777,Healthy,0,0.1742185544636514,0.0145334660386045,0.0153993701355324,0.0979433055553171,0.3859781380782272,0.3963371294013476,0.3079906853432766,0.5434623822552175,0.8460046573283616,266.0,3850.0,0.8707482993197279,27,0.3336183105730569,0.2529974075862103,0.6936865166301533,0.1988440121237752,0.0406902037569601,2.8978007761966365,0.3825932504440497,102.436639,2.947347
1778,Healthy,0,0.1408847818771998,0.0193998302436537,0.0162051764006416,0.1632260746426052,0.4525922485661488,0.419232782510321,0.4841345650579698,0.3612564992201009,0.7579327174710152,296.5,3890.5,0.8583711487938859,26,0.3789107471691632,0.2498334896647267,0.7083456498177161,0.1993635860542335,0.0438290186634557,2.741000610128127,0.3536637745898118,102.439392,2.946846
1779,Healthy,0,0.099127858877182,0.0140127637940976,0.0223274117128716,0.1055531642503208,0.4817316487567987,0.6031033902886193,0.4954105241160104,0.698383207760905,0.7522947379419948,385.5,3708.5,0.811675622862726,22,0.4822656450654819,0.2124245324068599,0.6404230317273796,0.1673867595818815,0.0336912254720473,2.4669636228656278,0.3296608710621449,102.436535,2.946046
1780,Healthy,0,0.1561222134364975,0.0245702753050459,0.0246265687876277,0.1382783154646555,0.5721650602018712,0.5727266616041039,0.5439135954387216,0.6046858300329334,0.7280432022806391,288.0,3811.0,0.8594779214442547,27,0.5978720816790201,0.284833495815595,0.6865552903739062,0.1850195640022358,0.0431787427727887,2.7982525814138204,0.3611309949892627,102.43584,2.94884
1781,Healthy,0,0.1508829436368412,0.0271665493233336,0.0213492717593908,0.1219585446847809,0.6642704025411768,0.6038863241997033,0.6103145562882355,0.5958997154271154,0.6948427218558823,284.0,3804.0,0.8610567514677103,27,0.6173758929477868,0.2666269590457281,0.6865552903739062,0.1850195640022358,0.0431787427727887,2.8304921196526216,0.3611309949892627,102.435922,2.94884
1782,Healthy,0,0.158571066127883,0.0284666479047801,0.0292444365719954,0.10041736645831,0.7208531821937897,0.7289065043354767,0.6087894744010582,0.9021758417214112,0.6956052627994709,255.0,4029.5,0.8809662737775703,26,0.3593553312276898,0.2777284907384051,0.7120231772090777,0.1990530943523841,0.0446055035059807,2.837543226582469,0.3935774257768545,102.436156,2.949255
1783,Healthy,0,0.2077271739641825,0.0219775730123122,0.0217535402625799,0.1107114131251971,0.485164526957167,0.482990302401412,0.3827099492125189,0.6568843971551852,0.8086450253937405,298.5,4032.0,0.8621406304121926,28,0.4662540010400447,0.3191436756816176,0.6998608626515603,0.1920825202118762,0.03409915356711,2.8153985370635697,0.3920812894183602,102.433303,2.946428
1784,Healthy,0,0.0691735218796465,0.0190882886656456,0.017723768742548,0.1011834450893932,0.7322865481307723,0.7107637354349396,0.8650757806900109,0.596221816032056,0.5674621096549944,314.5,4009.0,0.8545160171157626,26,0.490275380519469,0.1676112814909882,0.651138014527845,0.1772667633450728,0.0465316144874155,2.7971683827983043,0.3331009238277845,102.43716,2.946875
1785,Healthy,0,0.0984334929121865,0.0222363614787658,0.024496289797955,0.0932104802793926,0.7534024265602379,0.7841817775708197,0.7370974827473749,0.8324513460647326,0.6314512586263126,363.0,4114.0,0.8378378378378378,25,0.6962815355309626,0.2178037104507286,0.665075424861562,0.1839782756279701,0.049338146811071,2.682734944929195,0.3517241379310344,102.436965,2.946666
1786,Healthy,0,0.1767081138160493,0.0272649180971913,0.0329693481326103,0.0944790086812443,0.6696591594544582,0.7269810371762186,0.5346769196192241,1.0347516109843256,0.7326615401903879,291.0,4055.0,0.8660837551771744,27,0.61044645124355,0.2952127173129054,0.7091428571428572,0.1987175205397101,0.0357245916777284,2.8606171150630795,0.3826409996622762,102.439196,2.946364
1787,Healthy,0,0.1547634990678893,0.0273587866168883,0.024217698826558,0.1294319050179587,0.6458008621153878,0.6144229109321736,0.6008882771050141,0.6304656366329383,0.6995558614474928,275.0,3906.0,0.86845252331978,27,0.509975472098946,0.3010377590027121,0.6783103168155971,0.1876976142569704,0.0431709164352436,2.996369037795016,0.3460352023226274,102.433304,2.946287
1788,Healthy,0,0.1662064674827787,0.024585323408246,0.0292349254919423,0.1447925716638565,0.5460831239586988,0.5901031076326274,0.5154377616233707,0.6719610629294891,0.7422811191883145,275.0,3866.0,0.867181840135233,28,0.4851224473415839,0.2814296821339263,0.6730729489563959,0.1879677182685253,0.0412861736334405,2.9842931937172774,0.3542284866468843,102.433187,2.946217
1789,Healthy,0,0.0965302433404657,0.01945203418533,0.022282074102097,0.1002815887331962,0.6601857286220617,0.6998083174126334,0.6708622938018667,0.7272000064828577,0.6645688530990665,279.0,4126.0,0.8733257661748014,27,0.6386908876595423,0.1945025595939821,0.6967657506075902,0.1850110980545763,0.0459836348968537,2.754941277570897,0.3811931243680485,102.435688,2.948558
1790,Healthy,0,0.1839983214934667,0.0255549421740902,0.0317826194481717,0.0958546722928683,0.6177113836604657,0.6801799244084052,0.4877985048160645,0.996029264320482,0.7561007475919677,282.5,4050.5,0.8696053542580199,26,0.7130706941357912,0.2910650165544616,0.7246032500237575,0.2041669431358237,0.0465974625144175,2.912801484230056,0.3738997968855789,102.439239,2.946302
1791,Healthy,0,0.1548229340049955,0.0161042176187038,0.0194049001567893,0.0920569230284955,0.461623595534338,0.502981645080336,0.3768673956296344,0.6963783509814735,0.8115663021851827,287.0,3913.5,0.8633496012379479,28,0.4545949907128382,0.2432785862021976,0.6936865166301533,0.1988440121237752,0.0406902037569601,2.847440326633166,0.3825932504440497,102.436566,2.947219
1792,Healthy,0,0.1682181258996327,0.0239668757551246,0.0237866300675604,0.1074663309587372,0.5924728617945996,0.5905739131775966,0.498829264485038,0.7249095146217557,0.750585367757481,254.0,3994.0,0.8804143126177024,27,0.5526703495745077,0.2916814092960623,0.7170481452249408,0.1959868059373282,0.0479287090558766,2.81499322595213,0.3927873512169124,102.432544,2.948398
1793,Healthy,0,0.164369492067231,0.0209063518171509,0.0186126232147216,0.1065442222687933,0.5348151129114946,0.5092115152220735,0.4513562346572743,0.594857537126826,0.7743218826713629,278.0,3999.0,0.8700023380874444,23,0.3462911684122398,0.2531712413248089,0.7068352429869617,0.1962616822429906,0.0358470207409183,2.6348959070953124,0.3611493461803166,102.439662,2.947064
1794,Healthy,0,0.1892771431141429,0.0168401896953582,0.0213055754494335,0.0874141529202461,0.4340651168581739,0.4846413570489035,0.3268078325256097,0.7838715482065287,0.8365960837371952,293.5,3955.0,0.8618335883252913,28,0.4748695939571387,0.2852830448084407,0.7080247539819418,0.1915917616250265,0.0415094339622641,2.810485108996009,0.3915498087780004,102.433224,2.946428
1795,Healthy,0,0.1771420256959067,0.0341228263245688,0.0297263682716422,0.1118136619528134,0.7642261654699273,0.7239037531445991,0.6460672657704871,0.8400837056344224,0.6769663671147563,279.0,3840.0,0.864530225782957,27,0.5098772491573965,0.2969561749034458,0.7061592781482935,0.2023776610450649,0.0480780816965899,2.7973291437549097,0.3778414175765169,102.43604,2.949049
1796,Healthy,0,0.0943091553118493,0.0132773381968339,0.0180355441860026,0.0974432221717304,0.4865564519706139,0.5615017309569116,0.4936433101897609,0.6247224404920171,0.7531783449051196,322.5,3987.5,0.8503480278422274,24,0.428086262466567,0.1934218321823411,0.6676940859179349,0.1810368349249659,0.0447112773788692,2.7160219356751147,0.3458716370076748,102.436924,2.946458
1797,Healthy,0,0.1118431472116046,0.0190970460987753,0.0186236923974421,0.1073403159777323,0.5935885456699999,0.5873121303385587,0.583382248520369,0.5913972614136832,0.7083088757398155,280.5,3881.5,0.8652090341182124,24,0.4861456053321942,0.2267501821948422,0.7083456498177161,0.1993635860542335,0.0438290186634557,2.7307196481383182,0.3536637745898118,102.439546,2.946986
1798,Healthy,0,0.0889143993457158,0.0240869362735086,0.0237142073197497,0.0903392947382397,0.8472829087633837,0.8421074676455644,0.8526248346187087,0.8316871254928214,0.5736875826906456,300.0,4121.0,0.8642840986202217,27,0.618043174305431,0.2193023918403518,0.6967657506075902,0.1850110980545763,0.0459836348968537,2.753278570399193,0.3811931243680485,102.435733,2.948496
1799,Healthy,0,0.1489702156848377,0.0206171231758263,0.0209523267630073,0.1090547732181019,0.5511508617813973,0.5550096336839944,0.4862892080113526,0.6446517695126434,0.7568553959943235,320.0,4017.5,0.8524495677233429,28,0.5167402312652619,0.2494877547853523,0.6977590499904233,0.1953340974984829,0.0445439547489983,2.689286493563168,0.3628139003973958,102.4392,2.946506
1800,Healthy,0,0.1046683929032749,0.017632715921435,0.0158662448326746,0.0755559595094786,0.6546098129837392,0.6269594132289257,0.5766984810156508,0.6941965552829685,0.7116507594921746,312.5,3800.5,0.8480427911500121,26,0.5481555890651544,0.1625808572603596,0.651138014527845,0.1772667633450728,0.0465316144874155,2.843632806130768,0.3331009238277845,102.437115,2.946951
1801,Healthy,0,0.1435740234123336,0.0261820031123028,0.0373567510396242,0.0987181290984153,0.7108489630673064,0.8310311713787476,0.6169325154062334,1.0981233568378852,0.6915337422968834,275.0,3862.0,0.8670534203529128,27,0.69476025314573,0.2903798876537217,0.6945754716981132,0.1941828254847645,0.0452176021335919,2.8531657651924918,0.3618731434562292,102.432466,2.948256
1802,Healthy,0,0.1181411610709296,0.0187563730610741,0.0179003205978208,0.1163733411166403,0.5516027729610066,0.5407166280248977,0.5480412245552424,0.5332488998739493,0.7259793877223788,282.5,3763.5,0.8603559070687098,26,0.5125949825214279,0.2443715261502398,0.6528136806522171,0.1692221128147418,0.0436966348568558,2.827093316007472,0.3534850640113798,102.436987,2.948108
1803,Healthy,0,0.1430718335840437,0.0267532594088051,0.0212098581509457,0.0765231541461414,0.7836869081239735,0.7170497415172855,0.6301367821993574,0.8680734442717203,0.6849316089003212,277.5,4065.0,0.8721934369602763,28,0.6031384338176832,0.2307909383542007,0.695596993068437,0.1896705253784505,0.0465172330682092,2.8394182472449208,0.3849265675842054,102.433417,2.946767
1804,Healthy,0,0.0869165087739626,0.0179983047354552,0.0258654149042235,0.0545495893392297,0.8113616649030552,0.9467169432642296,0.6862064234175876,1.2865964578409768,0.6568967882912061,292.0,3528.0,0.8471204188481676,27,0.7221740184444011,0.1596416040427154,0.6263200649878148,0.1550555315159382,0.0402702000519615,2.8227494766224703,0.331973293768546,102.436713,2.947766
1805,Healthy,0,0.1555993350015746,0.0202559919820891,0.019895472874244,0.130693354540401,0.4958556256805225,0.4919857110670458,0.4607421868766205,0.528471420245859,0.7696289065616897,290.0,3855.0,0.8600723763570567,27,0.5259394283236333,0.2794908568676975,0.6822716807367614,0.18454471764388,0.0441824461117065,2.7563012215865164,0.3578583765112262,102.435653,2.948765
1806,Healthy,0,0.1607533287670877,0.0270111943698591,0.0226844626789291,0.1183162853121757,0.6487383459527438,0.6046339003906787,0.5754270065204677,0.6435274422901693,0.7122864967397661,293.0,3889.0,0.8598756575801052,27,0.4929303550845057,0.2745160930272606,0.7061592781482935,0.2023776610450649,0.0480780816965899,2.767857142857143,0.3778414175765169,102.436001,2.949116
1807,Healthy,0,0.1569303356938892,0.0185574224839607,0.0161465469540821,0.146353247265021,0.4361341524867348,0.4107129885929569,0.4229907014973315,0.3974539667985364,0.7885046492513343,295.0,3867.0,0.8582412301777992,27,0.466031656589667,0.2826630555921131,0.6787038844427093,0.1853893866299104,0.046865489957395,2.71387327153928,0.3541593541593542,102.435688,2.948839
1808,Healthy,0,0.2025188638104332,0.0227529564872384,0.0253522324686249,0.1366031352016661,0.4732460807583304,0.496919539232801,0.4040089249897817,0.6261535590530601,0.7979955375051091,284.0,3733.0,0.8586009459795868,25,0.4387488071319915,0.3054712439576785,0.6842322793965695,0.1857995053106358,0.041933009460496,2.7631789777279283,0.3469990766389658,102.432776,2.948945
1809,Healthy,0,0.1850812865628136,0.0332049365258879,0.0289377369400527,0.1146952468487951,0.7254214998657108,0.6868126618874446,0.6084660049735697,0.8058799915371397,0.6957669975132151,299.0,4034.5,0.8620053074881735,28,0.4755074514473026,0.324993802441491,0.6998608626515603,0.1920825202118762,0.03409915356711,2.8739036774888445,0.3920812894183602,102.433375,2.946426
1810,Healthy,0,0.183320385714372,0.0283189337286684,0.0265667297773891,0.0974504682752821,0.6714452100045668,0.6540693911210436,0.5352301038047899,0.8568724400983797,0.7323849480976051,299.5,4023.5,0.861438815637289,28,0.5440207707976112,0.3164967530303531,0.6968996726362411,0.1923415195183005,0.0425317953268263,2.7726900454173182,0.3861128009037977,102.433347,2.946492
1811,Healthy,0,0.0952547440926234,0.0196615240226189,0.0189107896553145,0.1001890508664978,0.6699932161119988,0.6593104022211876,0.684377393909158,0.6351239287126039,0.6578113030454209,277.0,3738.0,0.8620174346201743,25,0.6192431564393334,0.1978869698941708,0.6752782193958664,0.1713213839099625,0.0449981405727036,2.7992559042381107,0.3502702702702702,102.437067,2.948103
1812,Healthy,0,0.1482424313823382,0.0266573224216699,0.0227983389049768,0.0937167045970757,0.7222401487159932,0.6788352792491249,0.6096594613058628,0.7826745189199603,0.6951702693470686,470.0,3481.0,0.7620855479625411,29,0.5607652430260849,0.2601231833299001,0.6174164259182832,0.165155344135573,0.0445095948827292,2.1525593365742064,0.2752210792275762,102.435338,2.948218
1813,Healthy,0,0.1309568410118421,0.0285920672532584,0.0213911920371982,0.1167146331734127,0.7503110702395978,0.6716944656891906,0.716822636122358,0.6195594430452649,0.6415886819388211,298.0,3811.0,0.8549525431978584,27,0.4947617999088113,0.242486117200719,0.6528136806522171,0.1692221128147418,0.0436966348568558,2.74453125,0.3534850640113798,102.436948,2.94818
1814,Healthy,0,0.1576070371601316,0.0258961957361963,0.0216929417931371,0.1363600997461213,0.5991723984037151,0.5573211923332204,0.5644847848719183,0.5490040958876162,0.7177576075640407,279.0,3989.0,0.8692596063730085,26,0.5924249724314231,0.278424015475644,0.7006719609040929,0.1972477064220183,0.0471414242728184,2.759184887698944,0.372787610619469,102.433011,2.949084
1815,Healthy,0,0.1767943087551328,0.02134236238069,0.0275164265185594,0.1085702122913466,0.5204672811396216,0.5847442406956366,0.4308614303116014,0.8087914216764805,0.7845692848441992,283.0,4072.0,0.8700344431687715,27,0.5215364819387298,0.2967463278522093,0.7126887625024515,0.1964652692149609,0.0395809773227784,2.975498664991361,0.3770860354517942,102.439144,2.946294
1816,Healthy,0,0.0608744658529758,0.0143562502538164,0.0182294827989406,0.0470281628270944,0.8406828929812927,0.9277845552708972,0.7633185484204237,1.1173852580221078,0.6183407257897883,306.0,3740.0,0.8487394957983193,27,0.689236589608791,0.1088693905621767,0.6560888536295121,0.172752808988764,0.0466282276259714,2.774276942963322,0.3568411386593205,102.436667,2.947688
1817,Healthy,0,0.1666529128948847,0.0292459496607383,0.0405623066342539,0.1278148326608869,0.6628735060272268,0.7665424671438132,0.5971642566823845,0.963606028800716,0.7014178716588079,285.0,3999.0,0.8669467787114846,25,0.6625435353597809,0.3166934214532375,0.6740542606037447,0.1739013933547695,0.0363098758131283,2.8635312259059367,0.3473114643219479,102.432707,2.948802
1818,Healthy,0,0.0761841386556625,0.0218614114241467,0.0228307514141003,0.087032145096196,0.8451340796164685,0.8598431390593427,0.8918879604980129,0.8312452024951158,0.5540560197509936,332.0,4001.0,0.8467574428802216,27,0.6641939721658525,0.1631702010830243,0.6822716807367614,0.18454471764388,0.0441824461117065,2.628976784178848,0.3578583765112262,102.435733,2.948632
1819,Healthy,0,0.1284868319829305,0.0144230586787064,0.0208708389351765,0.1008822843432426,0.4468538427560088,0.5334163937523462,0.4036965842442747,0.6856773238564101,0.7981517078778626,327.0,3738.0,0.8391143911439114,23,0.4318461194953567,0.2330563405735625,0.6353833865814696,0.1661683041435284,0.0513478818998716,2.6744550729183003,0.2899280575539568,102.436658,2.946121
1820,Healthy,0,0.1591220630539788,0.0179933592056234,0.0162171854948004,0.1042019956641727,0.4809278002801615,0.4599202150923734,0.4063645949306462,0.538691106806018,0.796817702534677,285.0,3851.5,0.8622023449776381,20,0.3866987923218808,0.2738432019121117,0.7068352429869617,0.1962616822429906,0.0358470207409183,2.6291927755252487,0.3611493461803166,102.439622,2.947128
1821,Healthy,0,0.1359546929597854,0.0135650172208746,0.0212336416459745,0.1028394649426142,0.4080867438587695,0.5087656800024641,0.3628957601505356,0.6845525909618003,0.8185521199247322,356.0,3562.0,0.8182746299132211,23,0.4489118913863538,0.2408738560560676,0.6353833865814696,0.1661683041435284,0.0513478818998716,2.5513289829699186,0.2899280575539568,102.436581,2.946119
1822,Healthy,0,0.1788572511739201,0.0252986730386813,0.0279856142070558,0.1384238766299353,0.550152832195337,0.575167407229367,0.4956735521882005,0.6726927428549018,0.7521632239058997,310.0,3691.0,0.8450387403149213,27,0.5828128135412459,0.3093772667149702,0.6734613876911015,0.1850104094378903,0.0467083486575947,2.774040039383,0.3465697571352597,102.435804,2.948769
1823,Healthy,0,0.1177769791748788,0.0159967624478869,0.0192039389577176,0.1732903238799837,0.3961300427381113,0.4315556649670767,0.4783229430181254,0.3990547806385091,0.7608385284909371,296.0,4018.5,0.8627882721056901,28,0.390644501755936,0.2889764066785574,0.6883193691473632,0.1909331108329856,0.0388161086851043,2.7227179637214745,0.3588317107093185,102.433734,2.94705
1824,Healthy,0,0.1476072106096479,0.0217369850724935,0.0231579078568352,0.1066301522983445,0.5841090387681086,0.6003350297835373,0.5134391523709206,0.7137145845048211,0.7432804238145397,330.0,3835.0,0.8415366146458584,27,0.5180129153964403,0.2265244109763039,0.6653741760372237,0.1902452542607731,0.0476887425295767,2.676798533679548,0.3069272378293491,102.439312,2.94671
1825,Healthy,0,0.2538488970862494,0.0249066270060009,0.0215448184559742,0.1528705490960015,0.4364485084271639,0.4100126139473499,0.3573974304130151,0.4941036735092475,0.8213012847934924,245.0,3611.0,0.8729253112033195,25,0.3010380677342706,0.3948699469781582,0.6586676905356115,0.1685150121720313,0.0434782608695652,2.800798801797304,0.3265866209262436,102.43285,2.948664
1826,Healthy,0,0.0957373951872189,0.0197469226809011,0.0182296313966314,0.0670367810461256,0.7810200554757357,0.7566907282224691,0.6839689767558417,0.8551846324656727,0.6580155116220792,282.0,3652.0,0.8566344687341129,27,0.5462135890556584,0.1771711266289154,0.6843173057415297,0.1861694527789684,0.0389187836315855,2.810675562969141,0.3753896937465615,102.436562,2.94749
1827,Healthy,0,0.1486854925751686,0.0305867048187388,0.0402579454498158,0.1364295333623886,0.7066179907035604,0.79609747962051,0.682463990811289,0.9113932853749008,0.6587680045943556,272.0,3508.0,0.8560846560846561,25,0.5221843835998649,0.3156749196350573,0.6842322793965695,0.1857995053106358,0.041933009460496,2.8652381795643707,0.3469990766389658,102.432736,2.948877
1828,Healthy,0,0.2339744965235392,0.0282139478044377,0.0306379343900415,0.163323195444213,0.4974627585828675,0.5160753009805358,0.4304377010474847,0.6318365832622757,0.7847811494762577,289.0,3892.0,0.8617555608706051,27,0.490060614066595,0.3490793117218548,0.6690183430759927,0.1786476868327402,0.037984204588191,2.857709390862944,0.3401506996770721,102.435577,2.948222
1829,Healthy,0,0.13402002884282,0.0163623447426491,0.0158807272091507,0.0895188293523258,0.5107974158869492,0.5042275180780175,0.4352197495632595,0.6026866801811612,0.7823901252183701,272.0,3801.0,0.8664375153449546,26,0.4775183322984441,0.2237045626259513,0.6776395022079487,0.1885665529010239,0.0404581102950329,2.9007068880486604,0.3481983589011773,102.435882,2.949185
1830,Healthy,0,0.1837141497267617,0.0269166665772597,0.0227989446785714,0.1029320971833335,0.6324412541193004,0.5912157998759363,0.511162935216632,0.7253242903566275,0.7444185323916841,332.5,3752.5,0.8372093023255814,28,0.5531612124901619,0.2700975835323334,0.6174164259182832,0.165155344135573,0.0445095948827292,2.7016352002527846,0.2752210792275762,102.435419,2.948219
1831,Healthy,0,0.1276113945576879,0.0178671783457199,0.0217167360501156,0.1104701368345154,0.5220202076882252,0.5702389691809565,0.4912662528682632,0.6571525772931889,0.7543668735658683,324.0,3495.0,0.8303220738413197,27,0.4896701425910745,0.2691298456241687,0.6512229071385961,0.1667837572010678,0.0376108959140322,2.7502168256721595,0.3044866111012591,102.432349,2.94819
1832,Healthy,0,0.1547337116466628,0.0204661309512125,0.0210697806129852,0.0794757066501511,0.5950717735355057,0.6025256940544917,0.4672636835225262,0.8382188474692552,0.7663681582387369,287.0,3968.0,0.8650998824911869,22,0.5412880656858561,0.2572983774460023,0.7067610062893082,0.1983716276823294,0.0404361109447073,2.66855154414963,0.3608461938616265,102.43943,2.947061
1833,Healthy,0,0.1110424962308671,0.0208137941857179,0.0148722804668876,0.0701715739236937,0.7472137597033643,0.658110665335553,0.6314084559776125,0.6995111203960069,0.6842957720111937,323.0,3831.0,0.8444872412132884,27,0.5535398365627052,0.1847182139754295,0.6606570512820513,0.1792318634423897,0.0434235368156073,2.842787682333874,0.3536759457530335,102.436914,2.947834
1834,Healthy,0,0.1092028377784623,0.0258758316437403,0.0169533598754141,0.1074709660477108,0.771188573781168,0.6601725958833032,0.7662447891861495,0.5450175357474284,0.6168776054069254,297.0,3843.0,0.8565217391304348,27,0.580184965487827,0.2097867760393354,0.6720925671700333,0.1790900290416263,0.0386161530028018,2.73526689293428,0.367719298245614,102.435885,2.949045
1835,Healthy,0,0.1531860282023747,0.022285482328799,0.0212579289865162,0.0939916322628657,0.6110872281071659,0.5991091192479228,0.5080136886344255,0.7378051163428688,0.7459931556827871,298.0,4084.0,0.8639890460976722,27,0.6396019953998804,0.2457251279718346,0.7091428571428572,0.1987175205397101,0.0357245916777284,2.887431360585723,0.3826409996622762,102.439156897,2.94643387
1836,Healthy,0,0.1306252222922113,0.0157779855653643,0.0209957642687691,0.1146401514609654,0.4559759818226834,0.521541116230982,0.4310830560683748,0.6191800794298423,0.7844584719658125,291.0,3631.0,0.8516063233044365,27,0.3314001896318194,0.2564249181499084,0.638872225554889,0.1752222540866074,0.0462088332907837,2.7968514486685647,0.3287172011661807,102.436832,2.948105
1837,Healthy,0,0.1461700929535759,0.0338073975096146,0.0327484115130371,0.0948487511939472,0.8763114118315207,0.8655564863575118,0.7513694612055719,1.0266187999255425,0.6243152693972139,282.5,4050.5,0.8696053542580199,26,0.6709502580804332,0.2789547915259996,0.7246032500237575,0.2041669431358237,0.0465974625144175,2.912801484230056,0.3738997968855789,102.439277,2.946365
1838,Healthy,0,0.1654899857110447,0.0209755796111292,0.0244532347553306,0.1556135656105147,0.462202064911043,0.495768653676029,0.4499614623190666,0.5432036267795836,0.7750192688404668,296.0,3623.0,0.8489410563919367,25,0.4824452644940104,0.2698032084024614,0.6730729489563959,0.1879677182685253,0.0412861736334405,2.8656330749354004,0.3542284866468843,102.433149,2.946148
1839,Healthy,0,0.1634489413764741,0.0297457515779468,0.0363972727209329,0.1107750551568137,0.7130804917518458,0.7773141373939909,0.6158709874078065,0.9892422915581648,0.6920645062960968,264.0,4041.0,0.8773519163763066,27,0.776049373406089,0.2994725911153688,0.6945754716981132,0.1941828254847645,0.0452176021335919,2.886731886273311,0.3618731434562292,102.432512,2.948188
1840,Healthy,0,0.1719138820966085,0.0247041659636629,0.0252455020737316,0.1475423831078741,0.5357882790759717,0.5408648161012487,0.5025818577161355,0.5844275956545855,0.7487090711419323,300.0,3843.0,0.8551774076755974,27,0.5359109475523346,0.3232561461627483,0.6822716807367614,0.18454471764388,0.0441824461117065,2.8217585218222365,0.3578583765112262,102.435727,2.948767
1841,Healthy,0,0.1106988059149848,0.0264416949616538,0.0290448611809147,0.1042317880524529,0.7898525559424318,0.8207549871743929,0.7712293536229325,0.8717164288864169,0.6143853231885337,332.0,4001.0,0.8467574428802216,27,0.769663059369718,0.2213099470569027,0.6822716807367614,0.18454471764388,0.0441824461117065,2.628976784178848,0.3578583765112262,102.435768,2.948708
1842,Healthy,0,0.1535884837309519,0.0173437241464853,0.0156596443719334,0.0740753759940465,0.5288702168863558,0.5064444616351909,0.4058620516718814,0.6980393745080262,0.7970689741640593,280.0,3951.0,0.8676435830772867,28,0.4471724776752474,0.2357093027482429,0.7080247539819418,0.1915917616250265,0.0415094339622641,2.842871524819949,0.3915498087780004,102.433184,2.946361
1843,Healthy,0,0.1937786878810988,0.0151944618879093,0.025140769365761,0.10859331736962,0.36529437352779,0.4707835371682176,0.290840462608804,0.7519629431651759,0.854579768695598,294.5,3904.0,0.8597118018339883,28,0.4471583577556175,0.2706977592574225,0.6999805182154686,0.1969821673525377,0.0429066571052946,2.819261110677185,0.3739161210405238,102.433456,2.946568
1844,Healthy,0,0.108531172076861,0.0139669832876986,0.0199998919334676,0.0892610334687762,0.4950062513870833,0.5862445623926816,0.456071628054554,0.7321882680322559,0.771964185972723,322.0,3894.0,0.8472485768500949,25,0.6937013963115642,0.1817739415499899,0.6610951008645534,0.1832489393732037,0.0413103697458749,2.7758781473422443,0.3170155300472653,102.436886,2.946528
1845,Healthy,0,0.2155348741345935,0.0223190881725814,0.0227488974730173,0.1579550256331761,0.4270287397118624,0.4306977573827286,0.3753410362574926,0.5035617839829314,0.8123294818712536,282.0,3955.0,0.8668869483124853,27,0.4229048001080181,0.3652599602937696,0.6916126497741112,0.1818306573349801,0.0394689197344598,2.7447317291884623,0.3642642110855321,102.435696,2.94842
1846,Healthy,0,0.1699491292238235,0.0228448628137509,0.0214634594610995,0.1060820627543661,0.5680665835163405,0.5532670220614836,0.4739745792347839,0.6731231042306849,0.7630127103826081,268.0,3647.0,0.8630906768837804,25,0.4350341356754213,0.2867569300449556,0.6883435582822086,0.1937536148062464,0.0445344129554655,2.852921310368119,0.3671303074670571,102.432889,2.949003
1847,Healthy,0,0.1490533409847153,0.0166519777849316,0.0191590249952342,0.0972799617383215,0.4763879573583817,0.5076976863495027,0.4019660420937998,0.6581652943811783,0.7990169789531001,363.5,4036.5,0.8347727272727272,28,0.4191851184333045,0.2343686262352599,0.6977590499904233,0.1953340974984829,0.0445439547489983,2.5849813498486878,0.3628139003973958,102.439161365,2.946573779
1848,Healthy,0,0.1709178230828709,0.0151488787184158,0.0207330379635095,0.1474454187684589,0.3475898652122098,0.4051647941272496,0.3256655505098235,0.4931199480930529,0.8371672247450882,278.0,4004.0,0.8701541335824381,27,0.442891425948591,0.3174725746115048,0.6723470178156468,0.1831757775037676,0.0397303154346255,2.852549379880569,0.3502660030890681,102.435576,2.948493
1849,Healthy,0,0.1375037183364232,0.0268779798514313,0.0209145242762234,0.1059786420729425,0.7234055108717605,0.6563217077260765,0.6540382572448009,0.6592797666873217,0.6729808713775995,275.0,3760.0,0.8636926889714994,27,0.6597088565109583,0.2332724134127298,0.6865552903739062,0.1850195640022358,0.0431787427727887,2.865011509371917,0.3611309949892627,102.435963,2.948911
1850,Healthy,0,0.2193861587180031,0.0259350472026401,0.0170939615410235,0.175395142700937,0.4645241894705166,0.3931292410878357,0.422874934195939,0.355219306741357,0.7885625329020306,283.0,3770.0,0.8603503577596842,27,0.3810247073967193,0.415771736866898,0.7024990083300278,0.1918911413496251,0.0357142857142857,2.689341354311276,0.3741209563994374,102.432707,2.948393
1851,Healthy,0,0.1648127734661102,0.0176824257812566,0.0173849079550968,0.1008132621645927,0.4699790334823169,0.4664862921343199,0.3875702123492816,0.5883308662898095,0.8062148938253594,327.0,3738.0,0.8391143911439114,23,0.4882413849236251,0.2728738186673984,0.6353833865814696,0.1661683041435284,0.0513478818998716,2.6744550729183003,0.2899280575539568,102.436617,2.946185
1852,Healthy,0,0.1498366296291351,0.0326323262933227,0.0301299463543627,0.1219585711757342,0.7745170708400767,0.7503915186827956,0.7153507538496613,0.7924318507056329,0.6423246230751694,275.0,3866.0,0.867181840135233,28,0.4918432994623061,0.2767265488704046,0.6730729489563959,0.1879677182685253,0.0412861736334405,2.9842931937172774,0.3542284866468843,102.433268,2.946216
1853,Healthy,0,0.1095702043837971,0.0237679572568999,0.0193674109048313,0.0852519654565387,0.7845566966000596,0.7250935359964351,0.7130128978663083,0.7404903977991055,0.6434935510668458,275.0,3760.0,0.8636926889714994,27,0.5447131154895363,0.2068853430036041,0.6865552903739062,0.1850195640022358,0.0431787427727887,2.865011509371917,0.3611309949892627,102.435924,2.948974
1854,Healthy,0,0.1554990642600589,0.0140929243837793,0.0150266757441891,0.132770299911499,0.3562696724857724,0.3669894470620302,0.3323959933832957,0.406684255277203,0.8338020033083522,307.5,3725.5,0.8475080585172329,28,0.3420979395671485,0.2618247388551633,0.6902211302211302,0.1957171660988667,0.0398452143418586,2.726547543075941,0.3694318484929314,102.433623,2.946828
1855,Healthy,0,0.1165703121158811,0.0171751306495732,0.0184451244357559,0.1130802921122974,0.5204567982083534,0.5371152365172787,0.5136662691286686,0.5609600005795657,0.7431668654356657,298.0,3811.0,0.8549525431978584,27,0.4413889112383456,0.2590200325681103,0.6528136806522171,0.1692221128147418,0.0436966348568558,2.74453125,0.3534850640113798,102.43691,2.948104
1856,Healthy,0,0.1267785876989364,0.0267633559803168,0.0262646321207284,0.1008803442948394,0.7614430268611049,0.7556887664467073,0.6972259263885586,0.8262892600611634,0.6513870368057207,293.0,4036.0,0.8646338646338646,27,0.5767035594017129,0.2316328605843916,0.6822716807367614,0.18454471764388,0.0441824461117065,2.732116788321168,0.3578583765112262,102.435692,2.948701
1857,Healthy,0,0.1651910973919762,0.0268791241364346,0.0256306688404745,0.125617288880878,0.6240679495128025,0.6117915816943481,0.5597770216026678,0.6778450228781127,0.7201114891986662,282.0,3857.0,0.8637352017395507,27,0.6014176481671325,0.2931621625191636,0.6734613876911015,0.1850104094378903,0.0467083486575947,2.7269260106788717,0.3465697571352597,102.435887,2.948767
1858,Healthy,0,0.1624247150288688,0.0216847377725773,0.0247402789278162,0.0891785836882061,0.5881149628622923,0.6230953811937345,0.4711270919036043,0.8686982422289937,0.7644364540481979,262.0,4107.5,0.8800778121066484,26,0.3770848563950694,0.2667388810465732,0.6973518284993695,0.1934251807393261,0.0412377268670038,2.8491516633325924,0.3837828401850397,102.436078,2.949253
1859,Healthy,0,0.1809616121980879,0.0267734256469541,0.026344161066744,0.1563888316353162,0.5479378032172713,0.5441427472489636,0.5155302817414072,0.5766700512522606,0.7422348591292964,294.0,4082.0,0.8656307129798904,25,0.5502533305672711,0.335049222326941,0.6693697014375231,0.1786597267404034,0.0429476108232584,2.771436932982148,0.3523778071334214,102.43259,2.948472
1860,Healthy,0,0.1290358098016845,0.0234158042197426,0.0171540269835127,0.0592192978494697,0.7968397231161106,0.7091854831272211,0.6143799623256597,0.8984302841876333,0.6928100188371702,377.5,3958.5,0.8258763837638377,24,0.7994410186894568,0.1972822981576125,0.6275326117124619,0.1757000601483659,0.0472675318490296,2.731919438510833,0.3027989821882951,102.436692449,2.94631689
1861,Healthy,0,0.1878543827268812,0.0306669767532083,0.0357429165807035,0.1734679829743173,0.5804617200225837,0.6210417094443238,0.5613543101904875,0.6833853619811696,0.7193228449047564,264.0,4041.0,0.8773519163763066,27,0.6784726232647941,0.3342414572834967,0.6945754716981132,0.1941828254847645,0.0452176021335919,2.886731886273311,0.3618731434562292,102.432545,2.948259
1862,Healthy,0,0.1447874365581406,0.0201387870021992,0.0174506235246857,0.1136422306299209,0.5393585216562886,0.5079322700016231,0.4884314105411196,0.5324660489611435,0.7557842947294402,298.5,3851.5,0.856144578313253,26,0.368206172681697,0.2492203569660584,0.6968157843328775,0.2011339279540897,0.0415492535523712,2.6888148932949902,0.3389570552147239,102.439508,2.946782
1863,Healthy,0,0.1936011364062627,0.0294280714458889,0.0273103761590189,0.1487763333651754,0.5867518675827388,0.5686412907597103,0.5277886556526188,0.6203847237037831,0.7361056721736905,300.0,4130.0,0.8645598194130926,26,0.4331221502399939,0.3555362373590469,0.6933837429111531,0.1996785857774206,0.0474742750233863,2.764544535874116,0.3474036850921273,102.439357,2.946507
1864,Healthy,0,0.2089058665765656,0.0211384671015871,0.0215637280295292,0.1632268511586719,0.4080690109935689,0.4117512177175265,0.3675546667654283,0.4667711552019649,0.8162226666172859,282.0,3955.0,0.8668869483124853,27,0.4102547070209775,0.3701435302694639,0.6916126497741112,0.1818306573349801,0.0394689197344598,2.7447317291884623,0.3642642110855321,102.435615,2.948423
1865,Healthy,0,0.1217355562580956,0.0167755897467335,0.018285066096319,0.0671102474961015,0.6034466655710699,0.6263446960148921,0.4844545794501947,0.8564903776144429,0.7577727102749027,323.0,3831.0,0.8444872412132884,27,0.4127268260245019,0.1970548130985763,0.6606570512820513,0.1792318634423897,0.0434235368156073,2.842787682333874,0.3536759457530335,102.436954,2.947901
1866,Healthy,0,0.1468107534779442,0.0249637083874808,0.0246032633715205,0.1646254807710647,0.5526556601195037,0.5492136461292421,0.5813136159212856,0.5200745475112759,0.7093431920393571,301.0,3848.0,0.8549047963364667,27,0.4588947296558519,0.3045949141184489,0.6744186046511628,0.1750592830241316,0.0371829598621029,2.7951142631993697,0.3515885553800246,102.435499,2.948353
1867,Healthy,0,0.2337755577431784,0.0228793014668756,0.0219087339937686,0.172787735859553,0.404655209346563,0.3969239266766875,0.3565769459778744,0.450110554346958,0.8217115270110629,286.0,3904.0,0.8634844868735083,27,0.4341777723301006,0.3971872681544887,0.6916126497741112,0.1818306573349801,0.0394689197344598,2.8081341198385594,0.3642642110855321,102.435651,2.948356
1868,Healthy,0,0.1965515315532684,0.0301484587705797,0.0279058677454789,0.1484779028428925,0.5950456194418242,0.5761018641353922,0.5319534196276176,0.6328443405511068,0.7340232901861913,305.0,4106.5,0.8617250368355435,26,0.4380217631456885,0.3515614126291539,0.7171248142644874,0.2090498921075001,0.0431593794076163,2.759709618874773,0.3729427254772877,102.439392,2.946574
1869,Healthy,0,0.1969425330559412,0.0231602812806765,0.0284078891078631,0.1349876216716236,0.4898397855618303,0.5378711406150448,0.4208993210828455,0.6954386683536604,0.7895503394585771,285.0,3999.0,0.8669467787114846,25,0.4391358845557262,0.3163534947153594,0.6740542606037447,0.1739013933547695,0.0363098758131283,2.8635312259059367,0.3473114643219479,102.432663,2.948729
1870,Healthy,0,0.1515095780293146,0.0302346777170896,0.0235190685424539,0.1350642210907406,0.6969664105531788,0.6317883696376911,0.6654334706297927,0.5932294278130781,0.6672832646851037,298.0,3811.0,0.8549525431978584,27,0.4613630770162652,0.2666381881054905,0.6528136806522171,0.1692221128147418,0.0436966348568558,2.74453125,0.3534850640113798,102.436871,2.948176
1871,Healthy,0,0.1213203734821743,0.0166478772751159,0.0155789114327894,0.0751544940802786,0.5796346677235841,0.5636476662820248,0.4826582111098116,0.6867993698548271,0.7586708944450943,291.0,3778.0,0.8569673138363234,24,0.4697094047526328,0.2051081527024507,0.6444578434328209,0.1727103339544216,0.0408344994275537,2.865242399342646,0.3163019205002233,102.436889,2.946261
1872,Healthy,0,0.119430589593119,0.0182022452354431,0.018350016636153,0.0685212935010592,0.6490475825119134,0.6512532207753848,0.529008801079078,0.8449287391738131,0.7354955994604611,305.0,3835.0,0.8526570048309179,27,0.5897413618348785,0.182982599362731,0.6263200649878148,0.1550555315159382,0.0402702000519615,2.7398323502018007,0.331973293768546,102.436828,2.947828
1873,Healthy,0,0.22931117647224,0.0241992274920145,0.0249118726286623,0.1699571940633985,0.4324506729114569,0.4381208626593938,0.3818261832824288,0.5113561234021601,0.8090869083587856,286.0,3904.0,0.8634844868735083,27,0.4847197877213989,0.3648249982959693,0.6916126497741112,0.1818306573349801,0.0394689197344598,2.8081341198385594,0.3642642110855321,102.435616,2.948289
1874,Healthy,0,0.0992787819769647,0.0178263302271564,0.0173755299506915,0.0966582927438947,0.6157899947913577,0.6091896234318898,0.608900154455565,0.6094868887181981,0.6955499227722176,287.0,3904.0,0.8630398472918158,26,0.4688624680432706,0.1938260334233442,0.7083456498177161,0.1993635860542335,0.0438290186634557,2.779528164143549,0.3536637745898118,102.439545,2.946848
1875,Healthy,0,0.164100824130906,0.0184204285550448,0.0152549723991089,0.1128634454475508,0.4696017238323119,0.4336265345171811,0.4036884096284241,0.4762772645964774,0.7981557951857879,293.0,3909.0,0.8605425987624941,21,0.4159428367633445,0.2773071548177136,0.7068352429869617,0.1962616822429906,0.0358470207409183,2.692078618225134,0.3611493461803166,102.439697,2.947131
1876,Healthy,0,0.1507842623525195,0.0173137670175896,0.0199171817964977,0.0928483183185259,0.4977721520993047,0.5302354333058126,0.411992147259956,0.7064991252176129,0.7940039263700219,261.5,3960.5,0.8761250592136428,26,0.3524121535671839,0.2461778846465879,0.6973518284993695,0.1934251807393261,0.0412377268670038,2.925961082107261,0.3837828401850397,102.436039,2.949185
1877,Healthy,0,0.1320095749364959,0.0169378919526934,0.0170423309836122,0.1100329268309805,0.4910987877845968,0.4924264547097997,0.454868882471012,0.5364484409223884,0.772565558764494,290.0,3867.0,0.8604763050276641,24,0.4497100789245638,0.2238407323343886,0.7083456498177161,0.1993635860542335,0.0438290186634557,2.75217357851812,0.3536637745898118,102.439393,2.946986
1878,Healthy,0,0.1552205872204568,0.0180976078328159,0.0206316599829329,0.0859334659245279,0.5220163849120817,0.5535059064299491,0.4176735818706916,0.7744244585550081,0.791163209064654,305.0,3835.0,0.8526570048309179,27,0.5873249773196891,0.2157774762147002,0.6263200649878148,0.1550555315159382,0.0402702000519615,2.7398323502018007,0.331973293768546,102.436795,2.94789
1879,Healthy,0,0.1488012307220035,0.0213445218072997,0.0243296759823958,0.0787192011872927,0.6319399944333078,0.6687422492897427,0.5017938206508836,0.944393637296314,0.7491030896745581,299.5,4023.5,0.861438815637289,28,0.6071179503597074,0.2342646428280406,0.6968996726362411,0.1923415195183005,0.0425317953268263,2.7726900454173182,0.3861128009037977,102.433297,2.946563
1880,Healthy,0,0.1885860843790902,0.0365993316388792,0.0325175900426175,0.1600155358513196,0.694154709133484,0.6618516033800855,0.6501190403193543,0.6755739282087141,0.674940479840323,305.0,4106.5,0.8617250368355435,26,0.4418929031945361,0.3268214969171418,0.7171248142644874,0.2090498921075001,0.0431593794076163,2.759709618874773,0.3729427254772877,102.439433,2.946644
1881,Healthy,0,0.1325188320544031,0.0149405251981483,0.0161297111254599,0.0712019610736105,0.5116577839538663,0.5293257820995271,0.4052784571021801,0.7387794471033429,0.79736077144891,285.0,3813.0,0.8609077598828697,27,0.4452817709944236,0.2035878996054331,0.6936865166301533,0.1988440121237752,0.0406902037569601,2.8506787330316743,0.3825932504440497,102.436528,2.947283
1882,Healthy,0,0.1602539370457331,0.0260030372689167,0.0262729941556851,0.1010612953040334,0.6639328177766082,0.6668046908630065,0.5584335805861197,0.8253234621141516,0.7207832097069402,258.0,3640.0,0.8676244227809133,25,0.5987033896489944,0.2840318615651792,0.7006719609040929,0.1972477064220183,0.0471414242728184,2.7707684745207275,0.372787610619469,102.432967,2.949009
1883,Healthy,0,0.1552037836776839,0.0272508147690031,0.029245302081108,0.1354741594857639,0.6315742164168525,0.650925554148886,0.5974267571439862,0.7101844992186342,0.7012866214280069,287.0,4121.5,0.869796983100828,26,0.5979787204962181,0.3307108283042906,0.7246032500237575,0.2041669431358237,0.0465974625144175,2.7800333502501267,0.3738997968855789,102.439308871,2.946435838
1884,Healthy,0,0.1653664699859089,0.0252355984929535,0.0206565089109871,0.0833942794965373,0.6746765855930404,0.62299898109097,0.5295975787534982,0.7940933164325098,0.7352012106232507,278.0,3981.0,0.8694529232214134,28,0.5833680630208589,0.2487384523782465,0.6902211302211302,0.1957171660988667,0.0398452143418586,2.781073976717987,0.3694318484929314,102.433505,2.946766
1885,Healthy,0,0.14950400011407,0.0160438547738724,0.0181429903540346,0.1096555433339542,0.4406937297116541,0.4661635044340477,0.3876547910507766,0.5678622384926402,0.8061726044746116,290.0,3813.0,0.8586400194979283,27,0.4438774659722526,0.2610949259251355,0.634088200238379,0.1692963752665245,0.0478980891719745,2.78586114186304,0.3351538321500091,102.436946,2.948036
1886,Healthy,0,0.0898321287499533,0.0284877971021665,0.0232225282945566,0.0751736756000253,1.026673308221237,0.954434272283512,0.963076908542742,0.9440416347539736,0.518461545728629,287.0,3770.0,0.8585161449346808,27,0.6871827662080541,0.1802127173998289,0.6560888536295121,0.172752808988764,0.0466282276259714,2.788184438040346,0.3568411386593205,102.436523,2.947554
1887,Healthy,0,0.2238893657922744,0.0235775981305374,0.0276255769034226,0.148591602842013,0.4494864857306388,0.4834089337462017,0.3811029602786344,0.6270802187012793,0.8094485198606829,272.0,3508.0,0.8560846560846561,25,0.484143249862034,0.3510274077869125,0.6842322793965695,0.1857995053106358,0.041933009460496,2.8652381795643707,0.3469990766389658,102.432818,2.948878
1888,Healthy,0,0.1298505705263879,0.017605157672531,0.0152952545839879,0.1366232033405039,0.4668501469472503,0.4395891667554316,0.4775713466697342,0.4027227446342331,0.761214326665133,278.0,3981.0,0.8694529232214134,28,0.4190473389983807,0.2614920037902064,0.6902211302211302,0.1957171660988667,0.0398452143418586,2.781073976717987,0.3694318484929314,102.433537,2.946833
1889,Healthy,0,0.1425831268231074,0.0293002509408526,0.0237697288393974,0.1343881297442648,0.6985153000066632,0.6431921097805249,0.6818635128543813,0.6011646604793579,0.6590682435728094,251.0,3740.0,0.8742169882235029,25,0.572803567227156,0.2853015160395039,0.6883435582822086,0.1937536148062464,0.0445344129554655,2.7849616858237547,0.3671303074670571,102.432893,2.949145
1890,Healthy,0,0.2019269284274843,0.0239929534080955,0.0236965597917636,0.1298738420009613,0.5053985270292276,0.5026691354930083,0.4248046380540711,0.6172168468699332,0.7875976809729643,301.0,3848.0,0.8549047963364667,27,0.4652039241230263,0.3102985430094931,0.6744186046511628,0.1750592830241316,0.0371829598621029,2.7951142631993697,0.3515885553800246,102.435461,2.948286
1891,Unhealthy,1,0.0671374864048428,0.0151831957822044,0.0161343287262651,0.0720139021674792,0.7165358475061594,0.734855967401563,0.7377585014519431,0.7321453221546218,0.6311207492740285,426.0,3613.0,0.7890566972022778,27,0.7395008442732984,0.1283512078225612,0.6560235063663076,0.1743297680233365,0.0421597633136094,2.574313408723748,0.3423236514522821,102.43735,2.94708
1892,Healthy,0,0.2328956590758429,0.0257718660351302,0.0294527119646469,0.149950482779079,0.4746310645274212,0.5042526285992746,0.398532688230942,0.6566819951388168,0.800733655884529,289.0,3904.0,0.8621512043882662,27,0.4149761734225935,0.3672634926107195,0.6744186046511628,0.1750592830241316,0.0371829598621029,2.856352718078382,0.3515885553800246,102.435538,2.94829
1893,Healthy,0,0.1441816861430803,0.0167966515032781,0.0201896908175614,0.1328470475143856,0.4325939442975411,0.471140975707737,0.4173642677358848,0.5277083408238511,0.7913178661320575,290.0,3883.0,0.8610112628804217,27,0.5307323246044644,0.3026733516405026,0.6723470178156468,0.1831757775037676,0.0397303154346255,2.7796688844190003,0.3502660030890681,102.435494,2.948491
1894,Healthy,0,0.1693819877174165,0.0282812319282028,0.0290817374156581,0.1027778743041886,0.6882704264802021,0.6963155676486766,0.5723114695572972,0.8822030350717588,0.7138442652213514,272.0,3984.0,0.8721804511278195,25,0.5446885779349379,0.2755180965695116,0.7180778918814184,0.200677048070413,0.0441592086669806,2.7138470536628163,0.3904511607533946,102.432506,2.948461
1895,Healthy,0,0.0820139439569579,0.0200013709771964,0.020269142360323,0.0709467608895566,0.829229423864224,0.8336233392508173,0.7842497370166929,0.888842477601613,0.6078751314916536,294.0,3862.0,0.8585178055822906,27,0.6925950991979734,0.1715697277751233,0.6560888536295121,0.172752808988764,0.0466282276259714,2.816545626776129,0.3568411386593205,102.436599,2.947555
1896,Healthy,0,0.0625797518425517,0.0256194565445184,0.0273944752083884,0.0737395410736401,1.092757585612829,1.1200132854771854,1.161890543601486,1.0834920322750552,0.4190547281992571,313.0,4111.0,0.858499095840868,27,0.6933940716684482,0.1724636668546332,0.6967657506075902,0.1850110980545763,0.0459836348968537,2.772262773722628,0.3811931243680485,102.435766,2.948559
1897,Healthy,0,0.0732280169096258,0.0181410701738463,0.0221289248309201,0.0491834415329827,0.914520576110599,0.9901557713287376,0.7941885271228837,1.2412391263527844,0.6029057364385582,289.0,3784.0,0.8580898600540142,27,0.6760151839976095,0.1198649410572317,0.6560888536295121,0.172752808988764,0.0466282276259714,2.8563255966001964,0.3568411386593205,102.436596,2.947686
1898,Unhealthy,1,0.1417490591605504,0.0194626995879742,0.0222137740088833,0.090278137061331,0.574645156933015,0.6090743850743087,0.4829101732792137,0.789879869496326,0.7585449133603932,302.0,3975.0,0.8587795183539865,28,0.5393151549449812,0.2385022919625043,0.6968996726362411,0.1923415195183005,0.0425317953268263,2.8098225214198287,0.3861128009037977,102.433341,2.946635
1899,Healthy,0,0.1470869175261921,0.0239623372132579,0.0221904543124967,0.0986278346843189,0.6528370522362638,0.6325169415542651,0.5603611018301932,0.7346720267850035,0.7198194490849034,275.0,3866.0,0.867181840135233,28,0.4696467406796376,0.2707028751158051,0.6730729489563959,0.1879677182685253,0.0412861736334405,2.9842931937172774,0.3542284866468843,102.433224,2.94629
1900,Healthy,0,0.1313368380069732,0.0198883989618884,0.0160749413900905,0.1831361461016867,0.449138432160104,0.4104978604296294,0.5260603153423015,0.3227720222300181,0.7369698423288492,299.0,3977.0,0.8601496725912068,27,0.3843016425932417,0.2638624438809024,0.686037286790956,0.1925369993687311,0.0440923605993613,2.7268683274021357,0.3360734586794928,102.439309,2.946847
1901,Healthy,0,0.1965358472532696,0.0366918844067388,0.0339239396982722,0.1587381304966079,0.6847772555313574,0.6632309465730912,0.6292885352111901,0.7043200493788467,0.6853557323944048,321.0,3967.0,0.8502798507462687,27,0.4286830888525105,0.3319625808960861,0.6933837429111531,0.1996785857774206,0.0474742750233863,2.707559780187138,0.3474036850921273,102.439357,2.946642
1902,Healthy,0,0.2004185832209057,0.0283980530997117,0.0275365273571676,0.1531630878647168,0.553598263289712,0.5463478457442766,0.4964333635238027,0.6095536467713002,0.7517833182380987,321.0,3967.0,0.8502798507462687,27,0.4063468590366673,0.3585449711730083,0.6933837429111531,0.1996785857774206,0.0474742750233863,2.707559780187138,0.3474036850921273,102.439312,2.946579
1903,Healthy,0,0.1285710061589876,0.0210226352016131,0.0210151306043068,0.0966745813687642,0.6292062621024394,0.6291116192850321,0.562126438273865,0.7142554859549779,0.7189367808630676,320.0,4017.5,0.8524495677233429,28,0.5417429220123425,0.2251016137500604,0.6977590499904233,0.1953340974984829,0.0445439547489983,2.689286493563168,0.3628139003973958,102.439124,2.946506
1904,Healthy,0,0.0448842578464084,0.0150930013300644,0.0167074483922786,0.0499969915383391,0.9654326665559916,1.0041055636761065,1.0065815969119782,1.0018792398021346,0.4967092015440107,294.0,3862.0,0.8585178055822906,27,0.7228619070294671,0.1019195897711648,0.6560888536295121,0.172752808988764,0.0466282276259714,2.816545626776129,0.3568411386593205,102.436645,2.947623
1905,Healthy,0,0.1465355522102779,0.0361787368439965,0.0275630582537915,0.1261928031841913,0.838718574800733,0.7577705779194203,0.7920286263599183,0.7170603577908872,0.6039856868200408,251.0,3740.0,0.8742169882235029,25,0.6341108174158157,0.2919694557785988,0.6883435582822086,0.1937536148062464,0.0445344129554655,2.7849616858237547,0.3671303074670571,102.432858863,2.949089699
1906,Healthy,0,0.1410079954399002,0.0226653518362177,0.0218567664010657,0.1076312429375118,0.616807328754024,0.6074759477361708,0.5539167424243147,0.6751749914979674,0.7230416287878426,298.0,3843.0,0.8560734122192707,25,0.5241969664908458,0.2720695320102904,0.6863117870722434,0.1886893594210667,0.0419358627980735,2.7168914776210915,0.3751491392534515,102.433007,2.94922
1907,Healthy,0,0.1354595339960522,0.0266092289239168,0.0235090210205978,0.1273084415329827,0.6736802878414895,0.6407217175337295,0.6567392369634283,0.6235092574176101,0.6716303815182859,273.0,3887.0,0.86875,25,0.5486691765692665,0.2644252766751581,0.6863117870722434,0.1886893594210667,0.0419358627980735,2.7205660945498344,0.3751491392534515,102.432921,2.949217
1908,Healthy,0,0.1776053756475448,0.026402931039532,0.0314461760636833,0.0950320859750111,0.6490329742020288,0.700168933657536,0.5176834506063674,0.9945163874583524,0.7411582746968162,249.0,3915.5,0.8804178172649778,26,0.5908480093983624,0.2973792747490935,0.7073466909532483,0.2001707212974818,0.0489927878637154,2.883148541322639,0.3752759381898454,102.433011,2.948948
1909,Healthy,0,0.2272583527697457,0.0251792336089743,0.0255595379405551,0.121647619538837,0.5045124206670276,0.5078387475807107,0.3989775685970805,0.6945188910161041,0.8005112157014598,313.0,3777.0,0.8469437652811735,27,0.4737865789289585,0.3299763927029238,0.6690183430759927,0.1786476868327402,0.037984204588191,2.7680997283042994,0.3401506996770721,102.435493,2.948215
1910,Unhealthy,1,0.0846994900041156,0.0225008012106021,0.0194505561764041,0.0844139787885877,0.8406993896519545,0.7950421327196802,0.8395798539589389,0.7490740196530042,0.5802100730205306,366.0,3794.0,0.8240384615384615,25,0.6140048313276891,0.1850231896258062,0.6073422272684266,0.1643591501028101,0.0467681311232978,2.7415227127319257,0.310735404347464,102.435901,2.946455
1911,Healthy,0,0.0872173756361007,0.0152233098116185,0.0127237831863264,0.0550003693335586,0.7053364993992426,0.6569416650757294,0.5944243635264524,0.7515063806868886,0.7027878182367738,289.0,3928.0,0.8629357363054304,27,0.6611551938589009,0.1248147926396793,0.6732236049779206,0.1896674753817611,0.043043043043043,2.8074371239006326,0.3508771929824561,102.431948,2.948181
1912,Healthy,0,0.1335777731405364,0.0175477407044834,0.0183772375393244,0.1107633175949255,0.5023749202137716,0.5127267581787084,0.4644547504395247,0.569216618907053,0.7677726247802378,349.0,3491.0,0.8182291666666667,20,0.4853383205965888,0.2247321011705531,0.6374045801526718,0.1792534722222222,0.0467445742904841,2.6427790394482296,0.2839001864843264,102.4402,2.948703
1913,Healthy,0,0.1338257102502716,0.0155879467104872,0.0172972871611515,0.0784892911712328,0.5121488167537924,0.536463333035934,0.4173098236818107,0.7223261322115102,0.7913450881590947,414.0,4075.0,0.8155491200712853,23,0.5173018454507314,0.2102694770114289,0.6168122270742358,0.1718317288672029,0.0354229783267303,2.684017595307918,0.2911029762852141,102.43541,2.94501
1914,Unhealthy,1,0.1036181429194079,0.0162838189345267,0.0151713974773883,0.0813938822183344,0.5987257709473741,0.5812466807768549,0.5432377813588659,0.628441092914281,0.7283811093205671,285.0,3762.0,0.8591549295774648,21,0.605470053592629,0.1691491997076405,0.6696375519904931,0.1819137749737119,0.0446743912262221,2.735210824417873,0.3377066386775124,102.440194,2.949118
1915,Healthy,0,0.1194947039087613,0.0168146208549539,0.0167719280968109,0.1004322378171814,0.530521342516042,0.5299370674433022,0.4934254023809781,0.5724004079895458,0.7532872988095108,274.0,3967.5,0.8708004243781681,20,0.4736987691938911,0.2268719292349285,0.6695549428909019,0.1828392047436344,0.0478956801186576,2.6861818181818182,0.3343151693667157,102.440197,2.948982
1916,Healthy,0,0.1238393560051918,0.0244053326961067,0.027276806326376,0.0607613585889339,0.8364744751531848,0.8749198383449682,0.6585148624186203,1.2393173507246762,0.6707425687906897,383.0,3823.0,0.8178792201616738,27,0.6599330855640537,0.1920314379450347,0.5831913685406019,0.1570065015908147,0.049435382685069,2.7679433537174125,0.3101641634648969,102.436293,2.946865
1917,Healthy,0,0.1411616363459163,0.019843706033296,0.0220750882807705,0.0729617869688405,0.6254644252198607,0.6548731643128466,0.492994971224211,0.9291167548508328,0.7535025143878946,262.0,3928.0,0.8749403341288783,25,0.6818260948573087,0.219151795324352,0.6900573235817355,0.1848669623059867,0.0396400778210116,2.8520304963435508,0.3686603707590066,102.432344,2.948874
1918,Healthy,0,0.1289822674459881,0.017362843060659,0.017161275467111,0.0810108524229791,0.5676014310513846,0.5647719359852003,0.4745725497913474,0.6992320869859979,0.7627137251043264,269.0,3914.5,0.8713995458348273,20,0.5360141379139997,0.217867827663819,0.6695549428909019,0.1828392047436344,0.0478956801186576,2.654554722201995,0.3343151693667157,102.440107,2.948986
1919,Healthy,0,0.0986424196097585,0.0153153663915064,0.0117459577611751,0.0750540999902619,0.5996406730041517,0.5391833992004069,0.537580341946496,0.5412880159509176,0.7312098290267519,383.0,3826.0,0.8180090282727489,27,0.4270224015869385,0.1734589892956945,0.6103724658180104,0.1678063457330415,0.0538722616476396,2.646425826287471,0.33617820261159,102.436096,2.946937
1920,Healthy,0,0.1198418786128362,0.0173113600661357,0.0135713363480236,0.061235108723243,0.6420540952722721,0.5828032174373264,0.5048764501042686,0.7256773843534181,0.7475617749478658,295.5,3708.0,0.8523791682278007,24,0.5931726088730316,0.1737780221220519,0.6468503937007875,0.1798053871104216,0.049357165255566,2.7249860257126888,0.312955643390426,102.440389,2.949191
1921,Healthy,0,0.1273156611455811,0.0191487665805551,0.0171599274294243,0.0580440370572937,0.6849326163531714,0.655189378106996,0.5229601993559847,0.9127139797240328,0.7385199003220075,304.5,3914.5,0.8556529983408391,24,0.5634414718776108,0.1914025098085403,0.6334841628959276,0.1823144104803493,0.042724756288362,2.973640856672158,0.3397623557775099,102.435868,2.945693
1922,Healthy,0,0.1536424623595343,0.025696016020245,0.0233548118008507,0.1317847702238294,0.6103217652693658,0.5865954587488601,0.5731288957594338,0.6021625557076812,0.7134355521202832,337.0,3971.0,0.8435468895078923,26,0.518793296500828,0.316486207768321,0.7014594494734897,0.1886938564790913,0.0424448217317487,2.835518102372035,0.376657824933687,102.438222,2.946277
1923,Healthy,0,0.1951350279980235,0.0160862541654043,0.0183076029643416,0.1172428793377346,0.3735013149650998,0.3967319217325413,0.3046332074238222,0.5402445687664273,0.8476833962880889,307.0,3625.5,0.8438652256834075,20,0.4705417263375145,0.2653706212424569,0.6374045801526718,0.1792534722222222,0.0467445742904841,2.60499254258576,0.2839001864843264,102.44016,2.948776
1924,Healthy,0,0.1007252269321017,0.0242511187162664,0.0190450195223093,0.049052538557185,0.9784594859352894,0.8969858153301047,0.7761826797048154,1.1186903060504416,0.6119086601475924,263.0,3728.0,0.868203457780005,23,0.7862159065205482,0.1725102495402096,0.6830985915492958,0.1880414713819059,0.0436681222707423,2.8129566488066247,0.346340586225499,102.440234,2.949189
1925,Healthy,0,0.1298720099859767,0.0222293111599153,0.0187086558176411,0.0663765689565075,0.7388000373346713,0.6903927340188553,0.5845921913746817,0.8795254812948601,0.7077039043126592,382.0,3818.0,0.8180952380952381,23,0.6623624100300259,0.2098074209772878,0.6468503937007875,0.1798053871104216,0.049357165255566,2.551990493166964,0.312955643390426,102.440354,2.949268
1926,Healthy,0,0.1010511931445863,0.0190934929996728,0.0162459741243057,0.0679176267650392,0.7373577743918183,0.691885143516787,0.6356833119276544,0.7721140232897254,0.6821583440361727,330.0,4158.0,0.8529411764705882,25,0.4707321176547787,0.1735496429933442,0.6715750232991612,0.180155283589946,0.0441262079403888,2.666480913903594,0.3507991431866864,102.432106,2.948596
1927,Healthy,0,0.125923136042224,0.0193484661479791,0.0160402176487776,0.0830431464645597,0.6249928125463352,0.5792996038852183,0.5327528809834777,0.647544329658806,0.7336235595082611,283.0,4021.0,0.8684944237918215,25,0.5466086187126513,0.1981055850370062,0.6715750232991612,0.180155283589946,0.0441262079403888,2.8404255319148937,0.3507991431866864,102.432185,2.948595
1928,Healthy,0,0.1940888977713055,0.016616702493694,0.0147142951480216,0.1086641591456201,0.3956517152390815,0.37512712401802,0.3154487108609464,0.4770458580394098,0.8422756445695266,273.0,3894.0,0.8689704823614111,25,0.3857512983778943,0.2627412858936522,0.7003497862417412,0.1890202473162114,0.0474024419439789,2.8351080488568745,0.370617110799439,102.432225,2.948666
1929,Healthy,0,0.0990989688369962,0.019075588012735,0.0193262501723236,0.091663954158624,0.6666461557172165,0.6702922035169571,0.6456749581719592,0.6965029135254894,0.6771625209140205,257.0,3969.5,0.8783863717023542,20,0.5848269073715565,0.192853499824802,0.6854021065065459,0.1979290561813475,0.0486281234688878,2.722772277227723,0.3459831142832274,102.439962,2.948706
1930,Healthy,0,0.1562903126080831,0.0150082661873764,0.0207809511986043,0.1021152867211235,0.4162861178151501,0.486605682392135,0.3504586271038978,0.6763738760555976,0.824770686448051,281.0,3887.0,0.8651631477927063,25,0.41439627123286,0.2653601001948118,0.7003497862417412,0.1890202473162114,0.0474024419439789,2.781119851920407,0.370617110799439,102.432263,2.948736
1931,Healthy,0,0.123777848150995,0.0227597000905209,0.0290457229647371,0.0583377538455857,0.7998664484036287,0.8858617654189488,0.6212660267253686,1.3295750649878406,0.6893669866373157,377.0,3689.0,0.8145597638957206,27,0.6393616115657743,0.1831828181942303,0.5831913685406019,0.1570065015908147,0.049435382685069,2.7627627627627627,0.3101641634648969,102.436215,2.946868
1932,Healthy,0,0.186738021671772,0.018919544501437,0.0165765474860866,0.1259595958722962,0.4317846125231026,0.4077740753590842,0.3679814918261275,0.4651886067776564,0.8160092540869361,266.0,4001.0,0.8753222404499649,25,0.504546780884012,0.2707380337847603,0.7122302158273381,0.1974435681261898,0.0368538796656069,2.7642095914742453,0.3969901401141671,102.432265,2.948598
1933,Healthy,0,0.1326840776536199,0.020876498065061,0.0200539706274867,0.0820065798858801,0.651261913214084,0.6404864777161157,0.5437983796910534,0.7859636471335806,0.7281008101544731,274.0,3905.0,0.8688681502751855,25,0.6745240788032145,0.2268331241276528,0.7140552530752168,0.205502765565168,0.0401370533529123,2.834504293520687,0.3948589789360942,102.432388,2.948939
1934,Healthy,0,0.0886717467672295,0.0160111032633317,0.0116962742888265,0.0959678453703721,0.591192480152616,0.5219264978000646,0.6117947021372614,0.434546785906021,0.6941026489313692,291.5,3843.0,0.8589914137138711,20,0.5992550431097101,0.1747744186884826,0.6696375519904931,0.1819137749737119,0.0446743912262221,2.6264605827540306,0.3377066386775124,102.440234,2.94905
1935,Healthy,0,0.1956041811241043,0.015111273051136,0.0163086188129252,0.1008942508035236,0.3700104754155844,0.3832648508415865,0.2868564740119876,0.556594522516243,0.8565717629940062,314.5,3728.0,0.8444032158317872,20,0.4925099070013368,0.2592684082272979,0.6854021065065459,0.1979290561813475,0.0486281234688878,2.625971228556043,0.3459831142832274,102.440082,2.948777
1936,Healthy,0,0.1321423484219445,0.0159814613353874,0.0164968501776456,0.0835352978772587,0.5162792639949028,0.5235145156193634,0.4315703562194218,0.6596619386236124,0.784214821890289,274.0,3967.5,0.8708004243781681,20,0.4343160551054522,0.2218749833603699,0.6695549428909019,0.1828392047436344,0.0478956801186576,2.6861818181818182,0.3343151693667157,102.440233,2.948916
1937,Healthy,0,0.1231871288683679,0.0177882948062486,0.0170441645508011,0.0667871133320861,0.6309281030184944,0.6197761742105333,0.5047204496382441,0.813260395462987,0.7476397751808781,302.5,3924.5,0.8568724863969719,24,0.5188024789321011,0.1896832343190908,0.6732088414634146,0.1824670078103959,0.0472271914132379,2.9562520404831862,0.3589500043174164,102.435832,2.945766
1938,Healthy,0,0.2117439789904488,0.0180767551064491,0.0194178759637806,0.1401808435718218,0.3726413680904318,0.3851336210400399,0.3146235726290476,0.4866674625030175,0.8426882136854762,257.0,3970.0,0.8784007570380885,25,0.4175632503527928,0.3383804106463989,0.7003497862417412,0.1890202473162114,0.0474024419439789,2.898064314704964,0.370617110799439,102.432307,2.948666
1939,Healthy,0,0.1753410432073805,0.0230101864371034,0.0208912545608149,0.2016110254658593,0.435209184842786,0.4172610182789876,0.4640291159948109,0.3755692671250002,0.7679854420025946,338.0,4131.0,0.8487357350637726,25,0.4196802114610509,0.342677116807964,0.7014594494734897,0.1886938564790913,0.0424448217317487,2.7645772594752187,0.376657824933687,102.438227,2.946147
1940,Healthy,0,0.0964202218585544,0.0184608882603545,0.0254975791192717,0.0557906685603989,0.7808651380670881,0.8963370808352519,0.6427823770590784,1.2546748071012186,0.6786088114704608,372.0,3655.0,0.8152470821951825,27,0.5504630558575662,0.1519379781352149,0.5736813485589994,0.1606951871657754,0.0432588320115356,2.681751347818984,0.2686737184703011,102.436173,2.9468
1941,Unhealthy,1,0.1400257762935426,0.0158195234835147,0.0226271179401212,0.0949645452201366,0.4746520932380871,0.5624205449129379,0.4060314557101211,0.769684425988064,0.7969842721449394,257.0,3918.0,0.8768862275449102,25,0.4593327356743423,0.2397858158995708,0.7003497862417412,0.1890202473162114,0.0474024419439789,2.8371047737135773,0.370617110799439,102.432302,2.948802
1942,Healthy,0,0.1652305738793479,0.0255414218538337,0.0250247292634513,0.1319295648071501,0.5867494397902705,0.5816776309414944,0.5355381801332426,0.637758384672028,0.7322309099333786,318.0,3877.0,0.8483909415971395,27,0.5917107578590093,0.2873066460920704,0.6843737882900349,0.1857513306946908,0.0462427745664739,2.869235730409545,0.3585964912280702,102.438334,2.946352
1943,Healthy,0,0.101705611579948,0.0177976181730628,0.0180320398261149,0.0679140691128042,0.6938138193800427,0.6975862414997416,0.5957200724983553,0.8392254192184574,0.7021399637508223,597.0,3789.0,0.7277701778385773,23,0.5712214190653956,0.192242848376433,0.6165214096248579,0.1676474613384425,0.0369470102090422,2.1325494388027795,0.2796820665673125,102.435445,2.944939
1944,Healthy,0,0.1923853904008865,0.0146176193116439,0.018510911717183,0.0880287413795789,0.3776560383141465,0.422635066398946,0.2824619667500237,0.6949867464040244,0.8587690166249881,248.5,3991.5,0.8827830188679245,20,0.3962320706337143,0.2634699653006262,0.6695549428909019,0.1828392047436344,0.0478956801186576,2.7903682719546743,0.3343151693667157,102.440199,2.948845
1945,Healthy,0,0.0783137323127852,0.022173089078731,0.0151242868353923,0.1001637230316798,0.7960767439344084,0.6914129084763455,0.8826267473359649,0.524747954373771,0.5586866263320175,278.0,4028.0,0.8708778448676265,25,0.547552086274065,0.1927196571810377,0.6715750232991612,0.180155283589946,0.0441262079403888,2.843494085532302,0.3507991431866864,102.432108,2.948463
1946,Healthy,0,0.1263295627302593,0.0284104212704632,0.0233494031967388,0.0623013269570138,0.925979898778622,0.8612616281665709,0.7344041413454081,1.090447362436912,0.632797929327296,263.0,3728.0,0.868203457780005,23,0.7623419478572947,0.2143245059996842,0.6830985915492958,0.1880414713819059,0.0436681222707423,2.8129566488066247,0.346340586225499,102.440272,2.949256
1947,Healthy,0,0.1742359780602985,0.0142985055637028,0.0155858177070816,0.0921799466013908,0.3877390806733931,0.4034329836618292,0.3033610677231576,0.5785072024346516,0.8483194661384212,275.5,3886.5,0.867611725132148,20,0.4834042379518743,0.2354394336127572,0.6695549428909019,0.1828392047436344,0.0478956801186576,2.664551357733176,0.3343151693667157,102.440107,2.948848
1948,Healthy,0,0.049136370834377,0.0094368336722254,0.0132198530352777,0.0461691895292864,0.6611944299605571,0.7682690782868641,0.6444471496287472,0.890390042634945,0.6777764251856264,392.0,3826.0,0.8141299193930773,27,0.5236839442064912,0.0988878191759188,0.6022598870056497,0.1528455284552845,0.0430305259286502,2.6628411910669976,0.2893190459730383,102.43614,2.946732
1949,Healthy,0,0.1076333845655123,0.0177737165035472,0.0163371968600485,0.0793519342939059,0.6389609207442454,0.6171233769228401,0.5669126023018274,0.6829280050108745,0.7165436988490863,427.5,4031.5,0.8082529715182777,24,0.720399127643725,0.1925840025974644,0.6402483564645727,0.1797465029224404,0.0402455266662806,2.698614751029577,0.340265742345465,102.435634,2.945423
1950,Healthy,0,0.083650153544214,0.0174139244481921,0.0228666057810187,0.086120582703087,0.6809010701990016,0.767060935263916,0.689223106532494,0.8392401381875625,0.6553884467337528,371.5,4155.0,0.8358555175080083,24,0.7585321626010667,0.1832711957395076,0.668429003021148,0.1718832891246684,0.0425958702064896,2.7367088607594936,0.3450058362514591,102.435838,2.945351
1951,Unhealthy,1,0.0899353780680232,0.0170755028310749,0.0150520124783118,0.0785960840682188,0.6739804588548783,0.6404401281889736,0.6382716481766225,0.6429180317971742,0.6808641759116888,348.0,3723.0,0.8290346352247605,27,0.5134261400050777,0.1790392636838886,0.5831913685406019,0.1570065015908147,0.049435382685069,2.792025148908008,0.3101641634648969,102.436293,2.946997
1952,Healthy,0,0.0977188663350211,0.0176551827333039,0.0180480317730042,0.1000040786133872,0.6060998816645139,0.6118117110731861,0.6121023878722823,0.6115276283984064,0.6939488060638589,368.0,3951.0,0.8295901829127112,23,0.5805736650690305,0.1862599824865659,0.6168122270742358,0.1718317288672029,0.0354229783267303,2.68188622754491,0.2911029762852141,102.435365,2.944935
1953,Healthy,0,0.1477204329437679,0.0261095658772521,0.0229421137935585,0.1513982382085588,0.5945176559136378,0.5635365510571893,0.6008069045466704,0.5263753004991036,0.6995965477266647,337.0,3971.0,0.8435468895078923,26,0.4875931440783547,0.3155646001299222,0.7014594494734897,0.1886938564790913,0.0424448217317487,2.835518102372035,0.376657824933687,102.438298,2.94628
1954,Healthy,0,0.1170255227221383,0.0177626507356762,0.0174160606952177,0.0654081867800818,0.6519629780419555,0.6466305788989228,0.5271278712367294,0.8411092754165574,0.7364360643816353,344.5,4139.5,0.846342551293488,24,0.6611390558313863,0.2053701331218083,0.6836010459469556,0.1758413775110879,0.0408775981524249,2.8804554079696394,0.3519867549668874,102.435679,2.945352
1955,Healthy,0,0.1456223511033588,0.028135287678904,0.0264457664969894,0.1065385010507371,0.7297644836226845,0.7117521675329975,0.64769037784084,0.7954554921317538,0.67615481107958,291.0,4180.0,0.8698277790203534,25,0.6216541586881303,0.2577564923299683,0.7096587622903412,0.1892181842564033,0.0403566400750821,2.859979408736579,0.3790515182531559,102.438066,2.946277
1956,Healthy,0,0.1353970600499047,0.0170374346069163,0.0154229593980643,0.1133675202727317,0.4818969810565838,0.461700019105208,0.4470755689589297,0.4790093006094005,0.7764622155205351,339.0,3857.5,0.838436792565233,24,0.4131344475079532,0.2401123454587327,0.6100252501636585,0.1778066634740371,0.0425093859755359,2.901855670103093,0.2647683807904802,102.435701,2.946242
1957,Healthy,0,0.1211607803901036,0.0146092709360851,0.0142417507660057,0.056052967492077,0.5661622395786924,0.5600379290510794,0.4304121798108835,0.8104023243235997,0.7847939100945583,303.0,3948.0,0.8574453069865914,24,0.5691690426459473,0.1807134300470352,0.6404239212717638,0.1762790066494775,0.0397025308864099,2.907162226830436,0.3350340136054421,102.436032,2.945698
1958,Healthy,0,0.0774633511900901,0.0145619600597355,0.017370864128073,0.0517941576739152,0.7355387637652759,0.7924252920935119,0.6329545583476892,1.004603984817867,0.6835227208261553,289.0,3884.0,0.8614905343877306,27,0.7321319653551004,0.1387324444949627,0.68054211035818,0.183690167734897,0.0450276908259089,2.8861592806679512,0.357830271216098,102.43203,2.94832
1959,Healthy,0,0.1130572176641888,0.0265653820501433,0.0255489440427886,0.0873279530141088,0.8383025571420584,0.8255751280193434,0.7610625243906383,0.9053737198289656,0.6194687378046808,337.0,3777.0,0.8361691784151677,25,0.5426465541806097,0.222907295036647,0.6124574024990533,0.1621750699324554,0.0420260598274912,2.84297520661157,0.3040107853050219,102.435983,2.946457
1960,Healthy,0,0.0820046766764587,0.0142259640205237,0.0122257824987173,0.0643380367093616,0.6510938277922301,0.6123285789087085,0.5913278314469249,0.6387237536043529,0.7043360842765375,323.0,3730.0,0.8406118924253639,23,0.6028012390028,0.1542023200955656,0.6493961823139852,0.1713930004149951,0.0440143015657748,2.6667188478396997,0.3157622739018088,102.440431,2.94912
1961,Healthy,0,0.105539353357421,0.0217539480783873,0.0289894129253096,0.0552579400440057,0.8518216546698205,0.9595008797981268,0.6835850066896857,1.376395193608904,0.6582074966551571,425.0,3645.0,0.7911547911547911,27,0.6331650667997234,0.1678520917064613,0.5736813485589994,0.1606951871657754,0.0432588320115356,2.5669642857142856,0.2686737184703011,102.436254,2.946797
1962,Healthy,0,0.1022731504506535,0.0143303932208153,0.0198620535019371,0.0542304288181993,0.6191425943465519,0.7172136187936632,0.4915937464539249,1.0722844142874188,0.7542031267730374,289.0,3848.0,0.8602852308436065,27,0.4956655655684145,0.1724272701475355,0.68054211035818,0.183690167734897,0.0450276908259089,2.7627697562490297,0.357830271216098,102.43211,2.948321
1963,Healthy,0,0.1582350797123379,0.017613910862969,0.0202901840416921,0.0961348393725024,0.486575919098149,0.5187473821196109,0.400659925435873,0.6971073209754091,0.7996700372820637,250.0,3931.0,0.8804113848361635,25,0.6395460442913149,0.2407460696995258,0.7140552530752168,0.205502765565168,0.0401370533529123,2.8060679981704526,0.3948589789360942,102.432425,2.948872
1964,Healthy,0,0.1750564666257964,0.0255557484924793,0.0220524552795622,0.1133405003282758,0.6021823007527405,0.5667556087801773,0.5095551829166993,0.6515096795268,0.7452224085416504,283.0,3918.0,0.8652701737681504,27,0.552921840998158,0.2580432548291153,0.7063310450038138,0.1902101622772014,0.0405861146644958,2.962993152918161,0.3776342624065262,102.438254,2.946487
1965,Healthy,0,0.2016123831272125,0.0299781879617108,0.0295105982157919,0.1970065832138061,0.522979501055226,0.5194305125853339,0.5177790757327533,0.5211189372840374,0.7411104621336233,299.0,3792.0,0.853825470545099,27,0.4062931480176051,0.386662144627836,0.6848461238800155,0.1881868131868131,0.0376679462571976,2.7993268151947426,0.3434273916035788,102.432432,2.947916
1966,Healthy,0,0.1505785526500808,0.0199286362363232,0.0171355194308691,0.1119815235336621,0.5271823544479622,0.4948085198346966,0.4675142758842887,0.5308522883559617,0.7662428620578555,366.5,3810.0,0.8244941937028613,26,0.4415551649052257,0.2902424782514572,0.6559755631920581,0.1740660530590146,0.0376839334848666,2.734021437078205,0.3466711499663752,102.435792,2.946111
1967,Healthy,0,0.1896232316891352,0.0227312752977013,0.0214177084465821,0.1558163894547356,0.4652064263866563,0.4532882449881509,0.4281759896739158,0.4833767023432991,0.785912005163042,288.0,4111.0,0.869061150261423,25,0.4618887327627472,0.3428379359344641,0.7096587622903412,0.1892181842564033,0.0403566400750821,3.0149842271293377,0.3790515182531559,102.438062,2.946141
1968,Healthy,0,0.142838234702746,0.0191094021623333,0.0280342671192354,0.1242414683931403,0.5007401398398541,0.6001293783447558,0.4719896512785448,0.7364079910671522,0.7640051743607276,239.0,3950.0,0.8858916209119122,25,0.4529697552224043,0.2597245929969681,0.7246753246753247,0.2074416002238075,0.0428899359671378,2.95933014354067,0.3980205019441499,102.432379,2.9488
1969,Healthy,0,0.1821955583161777,0.0172936179571681,0.0160061882601843,0.1154360108905368,0.4164392307862721,0.4024980245488162,0.3467580202641548,0.4870943536734484,0.8266209898679225,350.0,3774.0,0.8302618816682832,25,0.3465076160951997,0.3149046641257074,0.6100252501636585,0.1778066634740371,0.0425093859755359,2.7479935794542536,0.2647683807904802,102.435715,2.946118
1970,Healthy,0,0.1042948696348402,0.0233937348756525,0.0194496948065029,0.0581971539391411,0.8942580853554062,0.8346036498375612,0.7328370441617643,1.0019566857228848,0.6335814779191178,303.0,3835.0,0.8535524407926535,27,0.5573689237065401,0.1749953702092171,0.6903082064611957,0.1871169644021384,0.0398629354654483,2.851606652672372,0.3782211138819618,102.432271,2.947509
1971,Unhealthy,1,0.0933885648846626,0.0159592606748143,0.0165935448474354,0.0719296452071931,0.6473139382579579,0.658061119688904,0.5837980076205055,0.7497942555931556,0.7081009961897472,383.0,3826.0,0.8180090282727489,27,0.4489800480681344,0.1769877477652496,0.6103724658180104,0.1678063457330415,0.0538722616476396,2.646425826287471,0.33617820261159,102.436134,2.947005
1972,Healthy,0,0.1041770834061834,0.0221421940045224,0.0190051645040512,0.0873648838864432,0.7511355200718898,0.7073355576908267,0.701150116067583,0.7146810513531577,0.6494249419662084,271.0,3669.0,0.8624365482233503,25,0.6777916925704238,0.199891839383377,0.6972994760177348,0.189380031069058,0.0431013128560812,2.761703511053316,0.3654515479025462,102.432423,2.94901
1973,Healthy,0,0.1947823100619846,0.0323575079027149,0.0351110216644075,0.1421111830406718,0.6445582139818732,0.6674071825209007,0.569825373510578,0.7924745484988586,0.7150873132447109,282.0,3997.0,0.8681935031549427,25,0.4907803447931071,0.3841638349824481,0.7096587622903412,0.1892181842564033,0.0403566400750821,2.9367588932806323,0.3790515182531559,102.437989,2.946135
1974,Healthy,0,0.0704130849076642,0.0167171622936924,0.0117370051642258,0.0624201885528034,0.8043497345228332,0.7056759607790292,0.7674562086371365,0.6330878813463274,0.6162718956814318,285.0,3762.0,0.8591549295774648,21,0.6464138124258982,0.1416229115178188,0.6696375519904931,0.1819137749737119,0.0446743912262221,2.735210824417873,0.3377066386775124,102.440276,2.949126
1975,Unhealthy,1,0.1681689603461159,0.0162497208350234,0.0143291917112138,0.0724239196214411,0.4760213172624294,0.451063324289995,0.3524528151041843,0.6606883138182099,0.8237735924479078,303.5,4103.0,0.8622489504141609,28,0.4162181743165241,0.2272819709032773,0.6982599037393558,0.1940648184303006,0.0440423352680095,2.76226826608506,0.3885856079404466,102.431995,2.947438
1976,Healthy,0,0.0942276418209075,0.0171065140101644,0.0150698813506298,0.0971538043684429,0.6066288306074278,0.5757149047008839,0.6146007532897716,0.5371372809249532,0.6926996233551143,370.0,3735.5,0.8197539885519425,28,0.4756834744137657,0.2041563373059035,0.596635442554005,0.1616133518776077,0.0479297365119197,2.635267402709263,0.2970668485675307,102.43637,2.947003
1977,Healthy,0,0.2185499353541268,0.0177404803948269,0.0173091266511215,0.1041353262133068,0.3962513333184134,0.3919059630033199,0.30031654629065,0.5701084320563952,0.849841726854675,292.0,3866.0,0.8595478595478595,26,0.397406307921451,0.2902607909507221,0.6810631229235881,0.1927343316694398,0.050048828125,2.8385354618378207,0.3479853479853479,102.438333544,2.946764666
1978,Healthy,0,0.1187698004974259,0.0372866950929164,0.0275486773914761,0.0881675419708093,1.0596170097354214,0.9542587451531898,0.955722988700098,0.9522840460325256,0.5221385056499511,273.0,3870.0,0.8682114409847936,27,0.7483904754028177,0.2408793444434802,0.6941776122328955,0.1911784975878704,0.0417068466730954,2.851141407736208,0.3539603960396039,102.432229,2.947708
1979,Healthy,0,0.2245494623978932,0.0304147758417659,0.0362780462536546,0.1516630906197759,0.5567385936430088,0.6023211804859351,0.4771614411771251,0.772115075117081,0.7614192794114375,288.5,4076.5,0.8678121420389462,24,0.5609503906100771,0.4018135803441206,0.7103461392164321,0.1914414414414414,0.0401943207448961,2.943507654052374,0.3819163292847503,102.437948,2.94607
1980,Healthy,0,0.2257120518220795,0.0304427138633198,0.0315889945874611,0.1119942818250921,0.6110053807112128,0.6207235931333305,0.475380011484284,0.8800187703391713,0.7623099942578581,296.0,3955.0,0.8607386497294754,27,0.6404052972023911,0.3314284359415372,0.6861670905889259,0.1961138098542678,0.0458737864077669,2.770290732889158,0.3387487037677151,102.432428,2.947777
1981,Healthy,0,0.1966435089707374,0.0165748859031332,0.017291379161179,0.0963458998335732,0.4065720867294204,0.4144491623899359,0.3109466406580554,0.6086516436908885,0.8445266796709724,266.0,3918.0,0.872848948374761,20,0.5377581850689257,0.2643493107623524,0.6854021065065459,0.1979290561813475,0.0486281234688878,2.761436672967864,0.3459831142832274,102.440002,2.948778
1982,Healthy,0,0.1296120079027282,0.0315984437863032,0.0222358407659663,0.0884505125383536,0.898770114307156,0.7919811275985521,0.7840296570164161,0.8035621412092713,0.607985171491792,288.0,3809.0,0.8594093238955334,27,0.6232594859487363,0.2215901845031314,0.6941776122328955,0.1911784975878704,0.0417068466730954,2.8051306564690885,0.3539603960396039,102.432273,2.947635
1983,Healthy,0,0.1049569795529047,0.0192108742064899,0.0162044091978006,0.0681639740036593,0.726505770329273,0.679311834152613,0.6188678832676174,0.7682692773242666,0.6905660583661913,370.0,3735.5,0.8197539885519425,28,0.5475672673654988,0.1876444955252938,0.596635442554005,0.1616133518776077,0.0479297365119197,2.635267402709263,0.2970668485675307,102.43633,2.94694
1984,Healthy,0,0.127185600499312,0.0175159914005133,0.014564842192663,0.0677191755837864,0.609419441607085,0.5653368711598902,0.4841962322747453,0.7080277597641382,0.7579018838626274,295.5,3708.0,0.8523791682278007,24,0.5605572756942931,0.1936924807313415,0.6468503937007875,0.1798053871104216,0.049357165255566,2.7249860257126888,0.312955643390426,102.440432,2.949256
1985,Healthy,0,0.1480952393677499,0.0348671471907032,0.0200906613220771,0.1174447461962699,0.83196712128061,0.6859056071956725,0.7622801133404278,0.5843051381338885,0.6188599433297862,278.0,3955.0,0.8686510748877865,27,0.4622149289007851,0.2629181072115898,0.7020376778162245,0.2008680320086803,0.0432426063391068,2.9401887094194787,0.3837670170601413,102.432117,2.947648
1986,Healthy,0,0.1197767274247275,0.018297363900476,0.018059290635089,0.0822553858160972,0.6134218202979993,0.610039724181431,0.53007378067419,0.7201056225856153,0.734963109662905,338.5,3851.5,0.8384248210023867,20,0.6348624152716862,0.1931165963825252,0.6854021065065459,0.1979290561813475,0.0486281234688878,2.4784817271059687,0.3459831142832274,102.440041,2.948709
1987,Healthy,0,0.0772999876903163,0.0158716836530301,0.0101886373013257,0.0756538750396834,0.6874681834668054,0.582307399737807,0.681395253479631,0.4747595112711226,0.6593023732601845,308.0,3820.5,0.8507932663194865,22,0.5763837635965313,0.1591893858793709,0.6493961823139852,0.1713930004149951,0.0440143015657748,2.667451397326853,0.3157622739018088,102.440392,2.949047
1988,Healthy,0,0.0893614300423198,0.0155071299523115,0.017866311284403,0.0617799262205759,0.6810497651876043,0.723485415564787,0.5914882383473323,0.8972833793077107,0.7042558808263338,293.0,3928.0,0.8611703387822791,27,0.5981675761394565,0.1618790117402871,0.68054211035818,0.183690167734897,0.0450276908259089,2.85590823381521,0.357830271216098,102.432072,2.948395
1989,Healthy,0,0.0996478266186184,0.0139162173080775,0.0160393484143747,0.0752131367723147,0.5492519221604191,0.5850224266981687,0.4901627954376206,0.7030755768047527,0.7549186022811897,280.0,3914.5,0.8664918345452378,22,0.4688184291885658,0.1857499631328715,0.6626506024096386,0.1740964702573477,0.0437554694336792,2.7068593133238994,0.3123952359947066,102.440552,2.949334
1990,Healthy,0,0.1007152795791626,0.0179657395929098,0.0151904834848311,0.0684163446227709,0.7008862850939477,0.6556246165771993,0.6055134921570486,0.7267580329817535,0.6972432539214757,297.0,3857.0,0.8570052961001444,23,0.6450816034037763,0.1765381435139312,0.6626506024096386,0.1740964702573477,0.0437554694336792,2.6847662141779787,0.3123952359947066,102.440511,2.949261
1991,Healthy,0,0.1169623136520385,0.0160145476046535,0.0145888760065039,0.0722083184454176,0.5791886924867421,0.556997931579928,0.4817243377023257,0.6723201642000047,0.7591378311488373,317.0,3689.0,0.8417373939091363,21,0.5877199392291861,0.1678762444191508,0.677393801366472,0.1821353803210048,0.0399017802332719,2.568555758683729,0.339717122024071,102.440077,2.94891
1992,Healthy,0,0.1454253759649064,0.0375031830949915,0.0222228194276491,0.1097181654638714,0.9087552588576978,0.7587396579944333,0.8200618490131222,0.6737199800629138,0.5899690754934388,278.0,3955.0,0.8686510748877865,27,0.5104198021457567,0.2460451697309811,0.7020376778162245,0.2008680320086803,0.0432426063391068,2.9401887094194787,0.3837670170601413,102.432195,2.947642
1993,Healthy,0,0.1145392805337905,0.0279803058753411,0.0204563234001398,0.077235836121771,0.90355334873485,0.8065655422093406,0.7853041558798217,0.8375830158837578,0.6073479220600893,279.0,3823.0,0.8639687957094101,27,0.597988506814954,0.2105900605933534,0.6941776122328955,0.1911784975878704,0.0417068466730954,2.785725514856155,0.3539603960396039,102.432357,2.947645
1994,Healthy,0,0.0653153939379586,0.013183471850223,0.0149275552895334,0.0601124775906403,0.6948048564283469,0.7323493234239316,0.6717789724909803,0.7957115537713153,0.6641105137545098,288.0,3849.0,0.860768672951414,26,0.6719643658218514,0.127640026104119,0.6634532786102892,0.1823609226594301,0.0432180055070034,2.768620743274763,0.3308063404548587,102.431948,2.948324
1995,Healthy,0,0.1975236419174406,0.0294759312851561,0.0325244305034478,0.1220571100711822,0.6229514742237229,0.6499311370509886,0.5194006467818137,0.8416122748562055,0.7402996766090931,286.0,3748.0,0.8582052553296976,27,0.5698744344306675,0.3211468901071284,0.6848461238800155,0.1881868131868131,0.0376679462571976,2.7696,0.3434273916035788,102.432472,2.947986
1996,Healthy,0,0.2001369396845499,0.0175862478920155,0.0207935484747091,0.1327075436711311,0.382292098220591,0.4135483422089123,0.3230937060542722,0.5418475708290937,0.838453146972864,259.5,3720.5,0.8695979899497488,20,0.330049193429642,0.3136508959449,0.6374045801526718,0.1792534722222222,0.0467445742904841,2.7546959567016875,0.2839001864843264,102.440239,2.948775
1997,Healthy,0,0.2119112254844771,0.0294594220403167,0.0301775003059042,0.1378458804554409,0.5766803167905573,0.5826848290472737,0.4882022291014586,0.718411929796064,0.7558988854492706,253.0,4020.0,0.8815820266791481,25,0.6141154174370375,0.373101278518637,0.7246753246753247,0.2074416002238075,0.0428899359671378,2.943888715223508,0.3980205019441499,102.432387,2.94867
1998,Unhealthy,1,0.0952592963973681,0.0215635165158245,0.0184047105204727,0.0922968536615371,0.7478140790994647,0.7026627660133912,0.7383323848518415,0.6650207937518435,0.6308338075740793,422.0,3906.0,0.8049907578558225,25,0.5256157866275204,0.1886734113925033,0.6073422272684266,0.1643591501028101,0.0467681311232978,2.5053933553861643,0.310735404347464,102.43585,2.946388
1999,Healthy,0,0.1090338006615638,0.0193522234136859,0.020712105764283,0.0754468320972389,0.6936744499074372,0.7136981178718299,0.6029386314617285,0.8615779760009586,0.6985306842691356,298.0,3919.5,0.8586840545346769,24,0.6105816682801395,0.1875674660421079,0.6732088414634146,0.1824670078103959,0.0472271914132379,2.8904940537951958,0.3589500043174164,102.435951,2.945836
2000,Healthy,0,0.1596989449527528,0.0190971309526099,0.0183214559737179,0.1267043269342846,0.4706660763438107,0.4622119959838042,0.4272382569004047,0.5053296208810033,0.7863808715497977,289.0,3987.0,0.8648269410664172,25,0.45477077669917,0.2884294440348943,0.6906833512562323,0.1897358282883874,0.0414308081416355,2.7642397966811183,0.366438058859276,102.438601,2.946972
2001,Healthy,0,0.0936867793401082,0.0207770406785938,0.018294193678432,0.1022142022848129,0.6999906565111822,0.6651209240845338,0.7260649059309424,0.6072338290524333,0.6369675470345287,374.0,3817.5,0.8215436001431469,24,0.6820298218666272,0.1919399930371178,0.6402483564645727,0.1797465029224404,0.0402455266662806,2.811020408163265,0.340265742345465,102.435679,2.94549
2002,Healthy,0,0.1135422198308838,0.0375323672261503,0.0260555657247702,0.100666146311495,1.0379773895047226,0.9156051849281716,0.993744029549615,0.8224499276750182,0.5031279852251924,279.0,4097.0,0.8724862888482633,27,0.8011556840723145,0.2452633207043011,0.7129112949778719,0.1976321808152832,0.0410478306630803,2.86249812565602,0.3915756630265211,102.432193,2.947778
2003,Healthy,0,0.0974558724297417,0.0191471289015478,0.0183502485354741,0.0886826564868291,0.682507370920418,0.6706861710790658,0.6568314257073867,0.6857797060315359,0.6715842871463065,257.0,3969.5,0.8783863717023542,20,0.6327917641813835,0.1947600920167234,0.6854021065065459,0.1979290561813475,0.0486281234688878,2.722772277227723,0.3459831142832274,102.440004,2.948642
2004,Healthy,0,0.1167911580867237,0.0158658373273081,0.0162355605926778,0.0901090775926907,0.5318932343993567,0.5372582176369936,0.4784018295541734,0.6106771669814786,0.7607990852229133,353.0,3987.0,0.8373271889400922,24,0.4856509670213046,0.1961382730967468,0.6338527573014836,0.1821496084256008,0.0414560161779575,2.799907542954003,0.3078080588530346,102.43575,2.946318
2005,Healthy,0,0.220328946908315,0.0292662938849793,0.0306925577008061,0.2064987884627448,0.4823846118377692,0.4926910740135155,0.4690200629140453,0.5175999579620855,0.7654899685429772,286.0,3748.0,0.8582052553296976,27,0.493034198395497,0.4357755829890569,0.6848461238800155,0.1881868131868131,0.0376679462571976,2.7696,0.3434273916035788,102.432545,2.947988
2006,Healthy,0,0.0995673553811179,0.0189436943684187,0.0174068509497576,0.0771954407294591,0.7060303957114208,0.6822762962557891,0.639389977844417,0.7360012380580305,0.6803050110777916,372.0,3918.0,0.8265734265734266,27,0.4472470461526119,0.1619256156393223,0.5933137398971344,0.1533040819040021,0.0479642382505738,2.73526689293428,0.2784955028618152,102.436018,2.946526
2007,Unhealthy,1,0.1204136709372202,0.0212435155279106,0.012849752480785,0.0696264219780763,0.7308744086319761,0.6084461120494646,0.5998570508991362,0.6231982782952374,0.7000714745504318,387.0,3760.0,0.8133590547383651,25,0.5011041324533251,0.1928420922615462,0.6404239212717638,0.1762790066494775,0.0397025308864099,2.9582529380810385,0.3350340136054421,102.43599,2.945624
2008,Healthy,0,0.0982715926236576,0.0200873277046614,0.0159467382149563,0.0587829053401947,0.8147812779646989,0.7464774753074337,0.6788614714950295,0.8535696120743568,0.6605692642524852,305.0,3950.0,0.8566392479435958,27,0.538582120730211,0.1636053211987018,0.6804183614177803,0.1837904216127711,0.040412519486749,2.7752398355413432,0.3642771187897541,102.432036,2.948182
2009,Healthy,0,0.1365254670381546,0.0154536956300338,0.0175971703396903,0.0727067411773734,0.5148237329880045,0.5456570349516544,0.406731958742881,0.7794643684449998,0.7966340206285596,269.0,3914.5,0.8713995458348273,20,0.4384287536195797,0.213375318588482,0.6695549428909019,0.1828392047436344,0.0478956801186576,2.654554722201995,0.3343151693667157,102.440159,2.948913
2010,Healthy,0,0.1542647770709461,0.0187388714402914,0.0204585409826702,0.1457692293657196,0.4441651937320276,0.4621908260116831,0.4332595665246727,0.4923013992136694,0.7833702167376636,294.5,3955.0,0.8613954582892105,26,0.4144857507902066,0.3034519938131172,0.6906833512562323,0.1897358282883874,0.0414308081416355,2.785344696393243,0.366438058859276,102.438565,2.946904
2011,Healthy,0,0.1502398616737789,0.0214576809149649,0.0191191351041197,0.1158693946070141,0.5554944080805022,0.5292293284112177,0.4998948870540592,0.5665410281905682,0.7500525564729705,287.0,4199.5,0.8720606263234146,28,0.4736436034459517,0.2762462413973278,0.7060761346998536,0.2005151320025756,0.0456533931575995,2.9035250463821893,0.3929870989083692,102.432035,2.947369
2012,Healthy,0,0.2192320144838757,0.0144513858896162,0.0129197011184361,0.0992638708816634,0.332790829035217,0.3165504566129797,0.2473669223662239,0.460662854216289,0.8763165388168881,306.0,3940.0,0.855864342910975,25,0.3580357798579732,0.2951966600699557,0.673398730525101,0.188037689471528,0.0426029120977889,2.808780336991807,0.3608336203926972,102.438685,2.946975
2013,Healthy,0,0.0867785380946265,0.026278932682342,0.0268414103322558,0.0713043047322167,0.9980571337026692,1.0060519267825334,0.9297548406750812,1.093941200168485,0.5351225796624594,277.0,3829.5,0.8650919274321198,20,0.6715791797046131,0.1997373876058392,0.6658979243958688,0.1906263437007309,0.0453001132502831,2.803867403314917,0.3266215253029223,102.439884,2.94843
2014,Unhealthy,1,0.0651117223832342,0.0153631359959642,0.0126329649032817,0.0659794782598813,0.7595291532262921,0.7039179275233645,0.7636241333198965,0.6427972160621707,0.6181879333400517,422.0,3865.0,0.8031257289479823,27,0.6191041397661864,0.1223446658502022,0.5818853974121996,0.1583649160801299,0.0555007400098668,2.7256174794173527,0.2683008170752042,102.435849,2.946515
2015,Healthy,0,0.0870293101502789,0.0163506675097677,0.0128130674776103,0.0539240199658605,0.7532497901852772,0.6857333206314526,0.6326434917033945,0.7679728300078137,0.6836782541483027,289.0,3928.0,0.8629357363054304,27,0.566646344776747,0.1444931235164404,0.6732236049779206,0.1896674753817611,0.043043043043043,2.8074371239006326,0.3508771929824561,102.431986,2.948254
2016,Healthy,0,0.1300757047202852,0.0174813467181391,0.0166609053396516,0.1464308235380384,0.4490035098307006,0.4396251229191726,0.4738871249520483,0.4086266165501594,0.7630564375239759,366.5,3810.0,0.8244941937028613,26,0.4048140460709721,0.2884753499594,0.6559755631920581,0.1740660530590146,0.0376839334848666,2.734021437078205,0.3466711499663752,102.435829,2.946038
2017,Healthy,0,0.1531859421067767,0.0219599904699458,0.0230450126238995,0.072065242462688,0.6526699226015716,0.6661087538156698,0.5015244178811004,0.9691914968756852,0.7492377910594499,330.0,4065.0,0.8498293515358362,27,0.5302892529850746,0.2183291866547531,0.6723122238586157,0.1930654058313632,0.0401923737547234,2.741485613623018,0.3504771146692544,102.432351,2.948049
2018,Healthy,0,0.2573543207512961,0.0188269426839219,0.0212760401061839,0.1046180302898089,0.3768910240348835,0.3989598905059003,0.2726751619533816,0.67599816382968,0.8636624190233093,292.0,3866.0,0.8595478595478595,26,0.3492039765191108,0.3272692521827087,0.6810631229235881,0.1927343316694398,0.050048828125,2.8385354618378207,0.3479853479853479,102.43837,2.946829
2019,Healthy,0,0.1487372186448839,0.0238770058171616,0.0217661180843909,0.1477001474963294,0.5549704579231598,0.5337120967740235,0.5533033188098977,0.5137569535695763,0.7233483405950513,318.0,4117.5,0.8566114305038891,26,0.4621039653532771,0.2978945968465672,0.7014594494734897,0.1886938564790913,0.0424448217317487,2.7590588918742283,0.376657824933687,102.438183,2.946211
2020,Healthy,0,0.1384447183873918,0.0240405808306402,0.0271226057989729,0.1228350798288981,0.6216836368791788,0.6550082941352875,0.5918216834713443,0.7234735768403168,0.7040891582643278,291.0,4322.5,0.8738484881326541,28,0.5723643134035667,0.2941657797329955,0.7060761346998536,0.2005151320025756,0.0456533931575995,2.8010143819912456,0.3929870989083692,102.432158,2.947298
2021,Healthy,0,0.2082651174730724,0.0341168950415319,0.0332923587411642,0.1150466460320684,0.6970712802917076,0.6901011289396491,0.5630268465482974,0.8977371472070633,0.7184865767258514,289.0,4072.0,0.8674615913781243,27,0.5515866000455393,0.3043637826210922,0.7043000568289449,0.1871742429240614,0.0419827436446812,2.844788690028576,0.3785090323127809,102.438141,2.946413
2022,Unhealthy,1,0.1278699272208743,0.0182633145401875,0.0176672896163331,0.0854936821593178,0.5846827680087862,0.5765172588128159,0.4999085579733955,0.6850377351913667,0.7500457210133021,423.5,3587.5,0.7888307155322862,20,0.5615792380026621,0.2041003720627891,0.6374045801526718,0.1792534722222222,0.0467445742904841,2.462640099626401,0.2839001864843264,102.440106,2.948705
2023,Healthy,0,0.1175518400139278,0.0218972352643807,0.0197678121427694,0.1083762562937206,0.6494743253029074,0.6228118826774849,0.628107005247007,0.6170496187286767,0.6859464973764965,283.0,3918.0,0.8652701737681504,27,0.6412035370465873,0.2185565212534533,0.7063310450038138,0.1902101622772014,0.0405861146644958,2.962993152918161,0.3776342624065262,102.438218,2.946555
2024,Healthy,0,0.1083349337180455,0.0174029554343885,0.0125594078045752,0.0901799723505973,0.5967047660065835,0.5245574464324393,0.5536264542596424,0.4889812566751362,0.7231867728701789,274.0,3967.5,0.8708004243781681,20,0.480393440428247,0.208198529564672,0.6695549428909019,0.1828392047436344,0.0478956801186576,2.6861818181818182,0.3343151693667157,102.440273,2.948985
2025,Healthy,0,0.1986659434106615,0.0307899307873513,0.0347643577390246,0.1601376136144002,0.585939966707689,0.6179151790271767,0.5367468737937929,0.7134737016278768,0.7316265631031036,288.5,4076.5,0.8678121420389462,24,0.5397217192263363,0.4126623993118605,0.7103461392164321,0.1914414414414414,0.0401943207448961,2.943507654052374,0.3819163292847503,102.438021,2.946073
2026,Healthy,0,0.1825750710235701,0.0275055532240205,0.0237758180333508,0.1139073313938246,0.626026996920745,0.5898414399578079,0.5237142325244392,0.6907400980372407,0.7381428837377803,289.0,4099.0,0.8682771194165907,27,0.3566020560694742,0.31594971443216,0.7063310450038138,0.1902101622772014,0.0405861146644958,2.8356653766001787,0.3776342624065262,102.438178,2.946486
2027,Healthy,0,0.1657455157902505,0.0266546756029129,0.0242387950420379,0.1470320522785186,0.5824775308711804,0.5597747989497056,0.5541507086850024,0.5660927220537825,0.7229246456574988,282.0,4011.0,0.8686233403214535,25,0.4916541375805952,0.3116390167011155,0.7096587622903412,0.1892181842564033,0.0403566400750821,2.82799939329592,0.3790515182531559,102.438022,2.946208
2028,Healthy,0,0.0960091236564848,0.0212602639156911,0.0191743581866224,0.0675646675129731,0.8252634626228367,0.7928030310877072,0.7251769402345016,0.88423212190689,0.6374115298827493,302.5,3924.5,0.8568724863969719,24,0.542376657148777,0.1748559783316321,0.6732088414634146,0.1824670078103959,0.0472271914132379,2.9562520404831862,0.3589500043174164,102.435868,2.945837
2029,Unhealthy,1,0.058035582717922,0.0134940824160973,0.0154508504913085,0.0567721554802523,0.7613242485973506,0.8054092542363126,0.7546006200820059,0.8557301255166572,0.622699689958997,343.0,3606.0,0.8262851354773361,27,0.6255821051330999,0.1244128064976798,0.6103277060575968,0.161188686000716,0.040087229812071,2.744322960470984,0.296875,102.435941,2.94666
2030,Healthy,0,0.2111399918794632,0.0304077718820836,0.0293643458022011,0.223971512582567,0.4905200793680332,0.4831205965156209,0.5035488039061592,0.46364294402575,0.7482255980469203,286.0,3748.0,0.8582052553296976,27,0.396407710351176,0.418206633792983,0.6848461238800155,0.1881868131868131,0.0376679462571976,2.7696,0.3434273916035788,102.432515,2.947921
2031,Healthy,0,0.1167096669475237,0.0139457260051535,0.0157448589905268,0.0638047912054591,0.5353293865505743,0.5649833048902116,0.4269468160477564,0.7916997222105342,0.7865265919761218,321.0,3784.0,0.843605359317905,27,0.4883175452783659,0.1661837635975745,0.6022598870056497,0.1528455284552845,0.0430305259286502,2.771730430606691,0.2893190459730383,102.43602,2.946793
2032,Healthy,0,0.1326383112205399,0.0265642832964658,0.0271822547333108,0.1240089866850111,0.6860259004224888,0.6926237805956302,0.6674334266236662,0.7191489263085515,0.6662832866881669,287.0,4199.5,0.8720606263234146,28,0.5076933665117017,0.2822191696614027,0.7060761346998536,0.2005151320025756,0.0456533931575995,2.9035250463821893,0.3929870989083692,102.432077,2.947298
2033,Healthy,0,0.1343919096721543,0.0178858818900254,0.0185153193564878,0.0647437597314516,0.6091210192073149,0.6181826419963908,0.4698224660743663,0.8895279438261219,0.7650887669628168,384.0,4050.5,0.8268124929529823,24,0.588903974025918,0.1877617873251438,0.633764588799421,0.1845972185778011,0.0432722860939395,2.787788929440389,0.3498290737424711,102.435868,2.945419
2034,Unhealthy,1,0.1347261220216751,0.026685453330477,0.0142813546376095,0.1002564405401547,0.7403539385852754,0.5938307869942424,0.6613020973807429,0.4987473214564553,0.6693489513096286,283.0,3967.0,0.8668235294117647,27,0.4208196944740309,0.2549204532470968,0.7020376778162245,0.2008680320086803,0.0432426063391068,2.927527018436109,0.3837670170601413,102.432073,2.947572
2035,Healthy,0,0.0783281727797455,0.0164219392463564,0.0188695370323128,0.067997223801083,0.7332480076002271,0.7772730743133403,0.6932736603765686,0.8688956213529461,0.6533631698117156,377.0,3935.5,0.8251594202898551,24,0.6940612267738435,0.154163049120042,0.6124574024990533,0.1621750699324554,0.0420260598274912,2.6991049757281558,0.3040107853050219,102.435985,2.946313
2036,Healthy,0,0.0979197563396559,0.021520997915003,0.0182495661493804,0.1077672218283017,0.69219110485067,0.648104983088897,0.7207254525241263,0.5792741250510985,0.6396372737379368,355.5,3795.0,0.8286953379110951,26,0.61886177221008,0.2205821675144963,0.6157402852926709,0.1563754136450045,0.035691764409131,2.785922566013284,0.3037952646239554,102.435829,2.946178
2037,Healthy,0,0.1280839459763633,0.019984299937884,0.0169422092537085,0.1001203399565484,0.5961616851046225,0.5571063018047674,0.5398672703790324,0.57891133818651,0.7300663648104838,341.5,3798.5,0.835024154589372,28,0.4984850083478311,0.2579344475848807,0.6381741102237997,0.1673457917661936,0.0385,2.6904817495524944,0.3328608133250642,102.436406,2.947076
2038,Healthy,0,0.1318362346953815,0.0162839753967192,0.0144132764803038,0.0852998404039277,0.5217048572124652,0.4954499421291237,0.4397502646423165,0.5781897880912835,0.7801248676788418,319.0,3926.0,0.8497055359246172,21,0.439731505307824,0.217901191777653,0.6854998024496246,0.1852469264430089,0.0468069443592417,2.6494784780373144,0.3374538587003176,102.440314,2.948915
2039,Healthy,0,0.0918102314074834,0.0172654477258523,0.0159534186952643,0.0744611711965666,0.6878585710631018,0.6660749235227287,0.6331548100561177,0.7057895728709473,0.6834225949719412,379.0,3804.0,0.8187903418599092,27,0.4929600544361588,0.1826529829866356,0.5831913685406019,0.1570065015908147,0.049435382685069,2.740877080665813,0.3101641634648969,102.436211,2.947002
2040,Healthy,0,0.2399526801374223,0.0293828900903463,0.0273602141274346,0.2125987195306354,0.4597207564828998,0.4456604482069981,0.4363759315637087,0.4560816088043064,0.7818120342181456,305.0,3896.0,0.8547964770292787,27,0.3681103237826785,0.4415788302818934,0.6861670905889259,0.1961138098542678,0.0458737864077669,2.716749886518384,0.3387487037677151,102.432469,2.94785
2041,Healthy,0,0.1467187172836727,0.0240029924445682,0.0201688160498936,0.1139209709233707,0.6221501102874925,0.5796606620480358,0.5623887549574513,0.6016510729162391,0.7188056225212743,263.0,3679.0,0.8665651953323186,25,0.6376546112513947,0.2478881879813141,0.6972994760177348,0.189380031069058,0.0431013128560812,2.7236485409025675,0.3654515479025462,102.4325,2.949006
2042,Healthy,0,0.1789104955063926,0.0223540093542801,0.0199139446227086,0.0619838175674279,0.6261576147442128,0.5970845539162793,0.4442712711763036,0.972624603660146,0.777864364411848,326.0,3826.0,0.8429672447013488,25,0.5163473921340999,0.2099000339706738,0.633764588799421,0.1845972185778011,0.0432722860939395,2.8450658429523656,0.3498290737424711,102.435871,2.945558
2043,Healthy,0,0.1429134474860297,0.0234542441450887,0.0181069314065906,0.1129254400730133,0.6197707003549996,0.558993500094935,0.5639134357190704,0.5527468121695125,0.7180432821404648,288.5,3948.5,0.8638187396742979,28,0.5180710080173666,0.255186929884884,0.6897159647404505,0.1911074288870477,0.0419132745500664,3.0093734583127776,0.3609300686982561,102.438455,2.946561
2044,Healthy,0,0.1219242074423366,0.0191389742410845,0.0277918612377511,0.1171540543437004,0.552040258195825,0.6563544436542593,0.5427064387087723,0.7669581064430513,0.7286467806456137,272.5,3796.5,0.8660604571147702,20,0.5526841302203402,0.2388386697404914,0.6939868620515411,0.1863543067449925,0.0425426048015922,2.742412451361868,0.3467300619000628,102.43997,2.948292
2045,Healthy,0,0.0922058406803343,0.0172281631579001,0.0190203357487916,0.0922506774465243,0.6295898516786311,0.6569583128449031,0.6297188279199512,0.6837480922512993,0.6851405860400245,338.0,3723.0,0.8335385373060823,25,0.5537872837137953,0.1844507739361789,0.6512399921890256,0.1765688047864199,0.0471826625386996,2.835483330541129,0.3290322580645161,102.436027,2.945973
2046,Healthy,0,0.0942161430915196,0.0199202727526426,0.0202924471555484,0.0802038353350427,0.7437776175317815,0.7494239269260449,0.6981215453564279,0.8076894648296374,0.650939227321786,377.0,3935.5,0.8251594202898551,24,0.5147423781426305,0.199109287518594,0.6124574024990533,0.1621750699324554,0.0420260598274912,2.6991049757281558,0.3040107853050219,102.436023,2.946384
2047,Healthy,0,0.1755977322657903,0.02476400633653,0.0296413629419273,0.0952368838091691,0.6183993790613593,0.6691104627782909,0.494385934346114,0.9494484015621256,0.752807032826943,289.0,3984.0,0.8647320383805289,27,0.5520552746007039,0.2689122901194625,0.6945754716981132,0.1941828254847645,0.0452176021335919,2.874144368388301,0.3618731434562292,102.432388,2.948118
2048,Healthy,0,0.1213049093882242,0.0195393932776318,0.0228060361825757,0.0982283229629198,0.6044388303454113,0.6467946516499569,0.554921794003631,0.7537045296422165,0.7225391029981844,287.5,3749.0,0.8575498575498576,20,0.555138527822112,0.2276223260495397,0.6759932291148063,0.1883648686811635,0.0446223546204927,2.6403508771929824,0.3262655711635303,102.439969,2.948571
2049,Healthy,0,0.1436097274223963,0.017232836327619,0.0152515533069769,0.1188657979170481,0.4642760639209815,0.4405261594607509,0.4285640797022513,0.4548718914527691,0.7857179601488744,350.0,3774.0,0.8302618816682832,25,0.4353384884108091,0.270083498623636,0.6100252501636585,0.1778066634740371,0.0425093859755359,2.7479935794542536,0.2647683807904802,102.435748,2.946179
2050,Healthy,0,0.1255038132270177,0.0328666898939344,0.0278845054821835,0.0797672656675179,0.970218425297616,0.9134753176992852,0.8301214998056341,1.0361002028812731,0.584939250097183,279.0,3823.0,0.8639687957094101,27,0.7382573902416619,0.24603381090694,0.6941776122328955,0.1911784975878704,0.0417068466730954,2.785725514856155,0.3539603960396039,102.432318,2.947714
2051,Healthy,0,0.137242773340808,0.0263261939916345,0.0293208849098947,0.1403609928157594,0.637715752736284,0.667930236057803,0.6437943436575803,0.6911966157588482,0.6781028281712099,291.0,4322.5,0.8738484881326541,28,0.5780559436354614,0.2981857210397721,0.7060761346998536,0.2005151320025756,0.0456533931575995,2.8010143819912456,0.3929870989083692,102.432196,2.947367
2052,Healthy,0,0.238570313486788,0.0254893267734183,0.0211917659681704,0.1727497221695052,0.4410884541741545,0.4076941286575623,0.3861146936093821,0.4370754534610302,0.806942653195309,263.0,3679.0,0.8665651953323186,25,0.415191796066822,0.3249541781842708,0.6972994760177348,0.189380031069058,0.0431013128560812,2.7236485409025675,0.3654515479025462,102.43254,2.949078
2053,Healthy,0,0.0935969526569048,0.0204346659075882,0.0203991670989327,0.0990471831626362,0.7000766547496585,0.6995749228389354,0.7168070107162757,0.6831239984900904,0.6415964946418621,308.0,4102.0,0.8603174603174604,23,0.6348810286967923,0.2218274815628926,0.6321233778446492,0.1766779661016949,0.0390325670498084,2.993530061543317,0.2992772667542707,102.435524,2.945212
2054,Unhealthy,1,0.0975420503980583,0.0091858709024058,0.0123533295570976,0.0601782558692826,0.4173213272477563,0.4806261236080458,0.3442724561849348,0.6812662088924706,0.8278637719075326,357.0,3801.0,0.8282828282828283,27,0.3709783817888542,0.1400517169386148,0.6022598870056497,0.1528455284552845,0.0430305259286502,2.729866835764109,0.2893190459730383,102.436097,2.946799
2055,Healthy,0,0.1685597954524887,0.0218943084279696,0.0188125319158037,0.1206951240698496,0.5259206328652866,0.4934734298943112,0.4598337968440297,0.5393978354202539,0.7700831015779851,258.0,3784.0,0.8723404255319149,25,0.4687979211958561,0.2847559721105628,0.6972994760177348,0.189380031069058,0.0431013128560812,2.6953065280538144,0.3654515479025462,102.432502,2.949151
2056,Healthy,0,0.0928844196928872,0.0127617867870463,0.0144545556977391,0.0999375598298178,0.4675812850244294,0.4947564085470333,0.4831895895654438,0.5054388803311193,0.7584052052172781,297.0,3857.0,0.8570052961001444,23,0.3929964951869287,0.1975511513236496,0.6626506024096386,0.1740964702573477,0.0437554694336792,2.6847662141779787,0.3123952359947066,102.440471,2.949328
2057,Healthy,0,0.1846273177199893,0.0144195941587289,0.0133459973666403,0.1347950655553076,0.3312359521673711,0.3198911660613878,0.2897727781381495,0.360359163176033,0.8551136109309253,620.0,3867.0,0.7236460887006909,25,0.300550507811476,0.2910959759934082,0.6219374293252922,0.1779359430604982,0.0369924087239426,2.012769650384329,0.3151135989463286,102.435593,2.946033
2058,Healthy,0,0.100670773949888,0.0134393997076484,0.0155889464335309,0.0645846732788615,0.5595837261660753,0.5976483295424949,0.4711025941642073,0.7777593921518464,0.7644487029178962,384.0,3774.0,0.8152958152958153,27,0.3881140463785627,0.1556460492105947,0.6103724658180104,0.1678063457330415,0.0538722616476396,2.636901057871811,0.33617820261159,102.436136,2.946864
2059,Healthy,0,0.110414537290732,0.020517341999544,0.0171631143117944,0.0915478120247523,0.675476295975457,0.6289436682696041,0.6268096696010007,0.6315138648956379,0.6865951651994997,305.0,4006.0,0.8585015077708188,27,0.5095239474446441,0.1969991220782201,0.7063310450038138,0.1902101622772014,0.0405861146644958,2.827781173594132,0.3776342624065262,102.438254,2.946625
2060,Healthy,0,0.1029474130935139,0.0135327302333381,0.0154977488434977,0.0938724345631069,0.4835593848216399,0.5141542984987028,0.4647223070584398,0.5667997752506952,0.76763884647078,350.0,3858.0,0.8336501901140685,25,0.5459007724052493,0.189973646774888,0.6157402852926709,0.1563754136450045,0.035691764409131,2.848327379019162,0.3037952646239554,102.435793,2.946248
2061,Healthy,0,0.0767496472431553,0.0164845394384529,0.0102638190405236,0.0789985329740577,0.6988036819772411,0.5862765106686376,0.7072315435001145,0.4599394395902528,0.6463842282499427,346.0,3815.0,0.8336938236000961,21,0.5960800894172205,0.1607844953735669,0.6493961823139852,0.1713930004149951,0.0440143015657748,2.49963971753855,0.3157622739018088,102.440314,2.949049
2062,Healthy,0,0.2049179606967502,0.023606562676529,0.0207776922939552,0.0808069652153386,0.567230151959509,0.5378130332736507,0.4131996396372619,0.8181429284064589,0.793400180181369,326.0,3826.0,0.8429672447013488,25,0.5489552137091166,0.2372163271324502,0.633764588799421,0.1845972185778011,0.0432722860939395,2.8450658429523656,0.3498290737424711,102.435804,2.945558
2063,Healthy,0,0.0929199871089723,0.0193557635777526,0.0216927706367439,0.0695575152834256,0.7696548314288278,0.806747576847492,0.6895794847726155,0.950912993553658,0.6552102576136921,302.0,3927.0,0.8571766375029558,25,0.6525799990493902,0.1850572067002455,0.6711351142829588,0.1803010694094407,0.0405957242373288,2.9304769603880354,0.356307905446359,102.43599,2.945904
2064,Healthy,0,0.1335111790233188,0.0250081695202324,0.0216760097278489,0.1004185908370547,0.7045891804480667,0.6654577136511239,0.6310439640334938,0.7101381921087089,0.684478017983253,297.0,3845.0,0.8565910188314824,27,0.6719252920657154,0.2171558605300055,0.6897159647404505,0.1911074288870477,0.0419132745500664,2.88174139051332,0.3609300686982561,102.438319,2.946483
2065,Healthy,0,0.1312674813800388,0.0198823495043648,0.019476287998259,0.0734691483279069,0.6505436877164521,0.644971743244345,0.5261626662240974,0.8381815726772186,0.7369186668879515,296.5,3946.5,0.8602403959462644,24,0.5574007242367226,0.2372218647764788,0.6711351142829588,0.1803010694094407,0.0405957242373288,2.852453891841201,0.356307905446359,102.436109,2.94584
2066,Healthy,0,0.1569516609112421,0.0257723921289046,0.0175852295425203,0.0953995693061086,0.6784529155057071,0.5864906835826872,0.5641817089782283,0.6225697517443941,0.7179091455108857,306.0,3856.0,0.8529553099471407,28,0.6135209664795612,0.2464340552687645,0.6810631229235881,0.1927343316694398,0.050048828125,2.8203702232462065,0.3479853479853479,102.43845,2.946689
2067,Healthy,0,0.1395060295859972,0.0277714302970303,0.0242649894207716,0.1271611824631691,0.6895235786816815,0.653101057296394,0.6640806314598534,0.6409721415758775,0.6679596842700732,288.0,4243.0,0.8728757448686824,27,0.6709989664212254,0.2762161551250351,0.7047005307050797,0.200160128102482,0.0431454418928322,2.8335005015045134,0.3820487153820487,102.432236,2.947849
2068,Healthy,0,0.2303351180420981,0.0216730096273952,0.0148411531829171,0.1268889192077848,0.4328433296589625,0.3709486435883535,0.3440049307587282,0.4188568574777851,0.8279975346206357,292.0,3883.0,0.8601197604790419,24,0.4132917378527394,0.3206035511361227,0.6563641749777822,0.1866157328805885,0.0492931314900538,2.751935014177332,0.3218983291859225,102.43876,2.947109
2069,Healthy,0,0.0864393433762921,0.0193910840898752,0.0163900248913301,0.090765930712223,0.7182300558303999,0.671988668298902,0.7329114907364158,0.6118194662728251,0.633544254631792,302.0,4092.0,0.8625398270368685,29,0.6750892595133748,0.191811046252648,0.6784375616492405,0.1810105496946141,0.0340301409820126,2.786764705882353,0.3630415561450044,102.431839,2.947164
2070,Healthy,0,0.0827717044287257,0.0167538819627629,0.0179139976907107,0.076115367313226,0.6966458077583413,0.7164452142099627,0.6733497413161964,0.7620597114512344,0.6633251293419019,322.0,3701.0,0.8399204573701218,27,0.5410446700209308,0.1727126439412435,0.6179005092048571,0.162865990990991,0.0412150239475674,2.857263656350414,0.3086130861308613,102.436248,2.947071
2071,Healthy,0,0.1272663018769688,0.021648628430234,0.0233433958556916,0.0991328532497088,0.6421628903617992,0.6631317109613653,0.5815032350503512,0.7623811482209185,0.7092483824748245,275.0,3736.0,0.862877088007978,20,0.6317201270859616,0.2532495115366246,0.6548806285886974,0.1841706912708138,0.0462361482613679,2.839678372169347,0.3216734048163122,102.439922,2.948497
2072,Healthy,0,0.091752184761895,0.0275964337504572,0.0288564523475037,0.0602860603895452,1.0653394038086257,1.083075059541614,0.9249016568248272,1.2948458131362746,0.5375491715875864,299.5,3734.0,0.8514937399281022,20,0.597607672967057,0.1907650420649184,0.6658979243958688,0.1906263437007309,0.0453001132502831,2.7713225207778587,0.3266215253029223,102.439806,2.948432
2073,Healthy,0,0.240773672858874,0.0130659281793567,0.0142413038346502,0.1320437706179089,0.2620067900305995,0.2729872330969047,0.2058926680614952,0.3894123549636287,0.8970536659692525,549.5,3795.0,0.7470364829094257,24,0.223212420655907,0.3479413951022757,0.665938864628821,0.1846293181524129,0.0461608775137111,2.2022799755716904,0.3468919140560931,102.435671,2.946039
2074,Unhealthy,1,0.1231426257226202,0.0234527389208475,0.0227248300280835,0.1167716752323839,0.654145652555462,0.6456327327922553,0.639931255067622,0.6516243539048315,0.680034372466189,304.5,4206.5,0.8649966747949457,28,0.5377465603830984,0.2341558527615335,0.6970431862699376,0.193597060946008,0.0401326320603704,2.9026259019564087,0.3863293684034176,102.432157,2.947434
2075,Healthy,0,0.0776212281650967,0.0254435748275783,0.0187374160935481,0.1075119425853093,0.8624198046628408,0.7706631042597512,0.9874787158672051,0.5936637235904153,0.5062606420663973,278.0,4028.0,0.8708778448676265,25,0.6133990970174976,0.2123807676964336,0.6715750232991612,0.180155283589946,0.0441262079403888,2.843494085532302,0.3507991431866864,102.43219,2.948463
2076,Unhealthy,1,0.0850147195160389,0.015418908972707,0.0185475293546915,0.0896202739742067,0.6003289239086574,0.6513174532203864,0.6140934746546478,0.6858798564410276,0.692953262672676,348.5,3888.5,0.8354968137833373,24,0.4912549341980252,0.1650234183503522,0.6073422272684266,0.1643591501028101,0.0467681311232978,2.7480204937121564,0.310735404347464,102.435907,2.946312
2077,Healthy,0,0.0951189878914091,0.022278751557072,0.0209150671338041,0.0938682829340298,0.7631513625849037,0.7441401671576003,0.7590862196064285,0.7288536925065823,0.6204568901967857,308.0,4102.0,0.8603174603174604,23,0.6554656690398105,0.2216907340205378,0.6321233778446492,0.1766779661016949,0.0390325670498084,2.993530061543317,0.2992772667542707,102.435604,2.945215
2078,Healthy,0,0.1014254283573892,0.0241917452464501,0.0227570420958929,0.0702815631197558,0.8793381714614138,0.8588620450978655,0.7703324172137149,0.9783913696103116,0.6148337913931424,316.0,4094.0,0.8566893424036282,23,0.7198514353030575,0.2114617514113584,0.6836010459469556,0.1758413775110879,0.0408775981524249,2.978555660674866,0.3519867549668874,102.435681,2.945217
2079,Healthy,0,0.1781062814924452,0.013425239879224,0.0166829084563586,0.1016804998119672,0.350257234432363,0.3886239554878712,0.2803766144199766,0.5637860112489839,0.8598116927900117,248.5,3991.5,0.8827830188679245,20,0.3212765739900016,0.2833558426549036,0.6695549428909019,0.1828392047436344,0.0478956801186576,2.7903682719546743,0.3343151693667157,102.440279,2.948845
2080,Unhealthy,1,0.1101075634360313,0.015914624556899,0.0164357209578156,0.0926243075066142,0.5427881501612678,0.5504515994825564,0.5051372241780723,0.6028137417248575,0.7474313879109639,350.0,3944.5,0.837000814995925,24,0.4451031897994973,0.1812277216878202,0.6073422272684266,0.1643591501028101,0.0467681311232978,2.7667025862068964,0.310735404347464,102.435831,2.946316
2081,Healthy,0,0.26954385638237,0.0286021042201254,0.027710179073943,0.2238803224431144,0.4155558250406284,0.4097402095320502,0.3837329093753419,0.4405600196645626,0.8081335453123292,275.0,4131.0,0.8751702224239674,27,0.5051537032003114,0.4250721405777665,0.7061647781832149,0.1944070986824415,0.0406465971652805,2.8129559381383133,0.3731548232063165,102.432589,2.948056
2082,Healthy,0,0.1044487762782308,0.022250763968461,0.0170757356617185,0.1064362091322739,0.6970067033474444,0.6286921581363069,0.7024733925675624,0.5530067780958158,0.6487633037162188,463.0,4154.5,0.7994585814834867,24,0.6103024251684961,0.2095040513409508,0.6402483564645727,0.1797465029224404,0.0402455266662806,2.858525631098033,0.340265742345465,102.435716,2.945423
2083,Healthy,0,0.1321448253260718,0.0247598818192879,0.0241612125602033,0.0747044227189487,0.7726325941403832,0.765078451485122,0.6312081331339497,0.9775373411391298,0.6843959334330252,344.5,3805.0,0.8339558983010001,26,0.5326597657521361,0.2274719822323984,0.6124574024990533,0.1621750699324554,0.0420260598274912,2.782423414006593,0.3040107853050219,102.436064,2.94645
2084,Healthy,0,0.1095092586345142,0.021142138996058,0.0186852935908569,0.0799828825725449,0.7297425361598906,0.6947062028415731,0.6472839748975108,0.7575003133700443,0.6763580125512445,303.0,3835.0,0.8535524407926535,27,0.5536425173855501,0.1889117782314618,0.6903082064611957,0.1871169644021384,0.0398629354654483,2.851606652672372,0.3782211138819618,102.432197,2.947507
2085,Healthy,0,0.2029683308468924,0.0243026750783125,0.0228221563415394,0.1738794296979904,0.456974918589568,0.4446026211408653,0.4277303209774244,0.4640970477371339,0.7861348395112879,266.0,3857.0,0.8709677419354839,25,0.5104681260246474,0.3321961479054557,0.7063555913113435,0.2001697552694865,0.0443131462333825,2.694732102656461,0.3862414905051953,102.432656,2.949148
2086,Healthy,0,0.1056129162510236,0.0216133201287852,0.0168283357181482,0.0940014678570959,0.7120154491273466,0.6459261584657383,0.679523995797939,0.6073577747243115,0.6602380021010305,300.0,3984.0,0.8599439775910365,27,0.4672441612448738,0.1980655251277817,0.6897159647404505,0.1911074288870477,0.0419132745500664,2.807926829268293,0.3609300686982561,102.438316,2.946628
2087,Healthy,0,0.144977928035789,0.0192568540159198,0.0168198781708876,0.119020697971185,0.5092514082668528,0.48090229606271,0.4690079354775614,0.495282886706725,0.7654960322612192,302.0,3917.5,0.8568550776158312,24,0.4816668884718088,0.2518786003606186,0.6795396918275795,0.180235745614035,0.0415482310250982,2.645423282358967,0.3369509043927648,102.43856,2.947036
2088,Healthy,0,0.1599592491984367,0.0251228641718626,0.0229603619211249,0.1514966819021437,0.5556593621485663,0.5349428581666342,0.5429560688362907,0.5264416137736369,0.7285219655818546,291.0,4180.0,0.8698277790203534,25,0.4896448230254572,0.3068126195834743,0.7096587622903412,0.1892181842564033,0.0403566400750821,2.859979408736579,0.3790515182531559,102.438097,2.94621
2089,Healthy,0,0.1575523714224497,0.0208274340257048,0.0225612268679671,0.1238097871343294,0.5158225681017847,0.5344240358450205,0.4670356932698466,0.6165490352512862,0.7664821533650766,275.0,3593.5,0.857826030761277,20,0.6112457451246798,0.262044262761871,0.6548806285886974,0.1841706912708138,0.0462361482613679,2.763574283810793,0.3216734048163122,102.43988,2.948564
2090,Healthy,0,0.1102371770474645,0.019518879138761,0.0183981171705656,0.1001945270432366,0.625932455330365,0.6107057737487942,0.6017099999015866,0.6205483415108596,0.6991450000492069,328.0,4044.0,0.8499542543458372,24,0.4389977540231567,0.2227625199076202,0.6795396918275795,0.180235745614035,0.0415482310250982,2.6710753306497987,0.3369509043927648,102.438531,2.947104
2091,Healthy,0,0.1465710004170735,0.0204663936876588,0.0244757874558369,0.1192483231425285,0.5337572054589953,0.5784780992926851,0.4901032801032897,0.6811880721734733,0.7549483599483553,298.5,3732.0,0.8518794194268701,20,0.6326309701386784,0.2515230534805192,0.6658979243958688,0.1906263437007309,0.0453001132502831,2.699080260985772,0.3266215253029223,102.439808,2.948293
2092,Healthy,0,0.1710914803875817,0.0183108692160911,0.0270736622106697,0.1713214516639709,0.3864737585661438,0.4681261297553465,0.3867083857070804,0.5458534070103493,0.8066458071464598,239.0,3950.0,0.8858916209119122,25,0.3976488158937927,0.3305396766712269,0.7246753246753247,0.2074416002238075,0.0428899359671378,2.95933014354067,0.3980205019441499,102.432464,2.948804
2093,Healthy,0,0.1814534780051973,0.0167617746111419,0.0155217147742708,0.1377233862876892,0.3801929108976437,0.3674211221555034,0.3382539817677018,0.4051474315774718,0.8308730091161491,366.0,3769.0,0.822974607013301,25,0.3040038856665076,0.3326121287213431,0.665938864628821,0.1846293181524129,0.0461608775137111,2.6977960995719044,0.3468919140560931,102.435754,2.94604
2094,Healthy,0,0.1463120927413304,0.0226153104255596,0.0199568628643949,0.1055139431522952,0.6090504262287585,0.5784297860780457,0.5355036542701613,0.6362233095638277,0.7322481728649194,290.0,3889.0,0.8612108159846853,25,0.5248350087905975,0.2759511762609084,0.6740681998413958,0.1819708846584546,0.0386223862238622,2.66198224852071,0.3650344705674386,102.43246,2.949212
2095,Healthy,0,0.1162640551726023,0.0229214589214987,0.0198988559552364,0.099437341094017,0.7011112896728319,0.6625411024452109,0.6587311638193005,0.6669847522298229,0.6706344180903498,387.0,3946.5,0.8213914849428868,24,0.5325108857885122,0.2187988596657911,0.6338527573014836,0.1821496084256008,0.0414560161779575,2.6577316508623907,0.3078080588530346,102.435782,2.946389
2096,Healthy,0,0.0970712287558449,0.0152830003450314,0.0188982899611194,0.0870054235888852,0.5696165278968697,0.6264384221897704,0.5441005814319526,0.7137913989086393,0.7279497092840238,268.0,3923.0,0.872106895728943,27,0.3968696472436482,0.1997039976219336,0.68054211035818,0.183690167734897,0.0450276908259089,2.896655571405928,0.357830271216098,102.432153,2.948392
2097,Healthy,0,0.1336608835392528,0.0194688985745112,0.0187195514639218,0.1197009020381503,0.5328477965767854,0.5239364661499005,0.5085594273241312,0.5409475547959125,0.7457202863379344,259.5,3806.0,0.8723404255319149,20,0.534293578835137,0.2271330426964494,0.6946442845723422,0.1950394588500563,0.0511962315606793,2.631715642623924,0.3422421524663677,102.439922,2.948637
2098,Healthy,0,0.171568622191747,0.0200914553263121,0.0234918131803472,0.1094496970375378,0.5004079301613834,0.5370678413577358,0.4193143525034626,0.706831542438331,0.7903428237482687,234.0,3865.0,0.8858258111734569,25,0.5210786294006272,0.285611438875397,0.7140552530752168,0.205502765565168,0.0401370533529123,2.940080971659919,0.3948589789360942,102.432501,2.948876
2099,Healthy,0,0.109104327029652,0.0181204666280084,0.018134045207666,0.0517539866268634,0.7354859812752027,0.7357108649860211,0.5697149464991045,1.0378913088066994,0.7151425267504479,305.0,3950.0,0.8566392479435958,27,0.589823673748108,0.1777278694013754,0.6804183614177803,0.1837904216127711,0.040412519486749,2.7752398355413432,0.3642771187897541,102.432072,2.948248
2100,Healthy,0,0.1432727898160616,0.032147168699238,0.0315053680290778,0.1040331224600474,0.8253438495716331,0.8187915386394283,0.7330333212097806,0.9297836478887332,0.6334833393951096,252.0,3850.0,0.8771331058020477,25,0.7200681181209129,0.277625067366494,0.7140552530752168,0.205502765565168,0.0401370533529123,2.8687609631637696,0.3948589789360942,102.43254,2.948945
2101,Healthy,0,0.1945138350129127,0.0290930598146385,0.0294859521090984,0.1551162170039283,0.5707092918303195,0.5740099091211176,0.5204322494094018,0.6389080312711815,0.7397838752952991,315.0,3997.0,0.8538961038961039,27,0.5783660864370412,0.3328240944279564,0.7047005307050797,0.200160128102482,0.0431454418928322,2.782648125755744,0.3820487153820487,102.432318,2.947848
2102,Healthy,0,0.0759477797481748,0.0277747542907794,0.0271993157350354,0.0964728362030453,0.9746804971994752,0.96702470929979,1.0711174596003703,0.8797232136351395,0.4644412701998147,268.0,4075.0,0.8765830071379231,25,0.6543193045171004,0.2139863520860672,0.7122302158273381,0.1974435681261898,0.0368538796656069,2.8525400869174287,0.3969901401141671,102.43227,2.948465
2103,Healthy,0,0.1042508482933044,0.0192910190671682,0.0180698339309957,0.0828609383768505,0.6837943070486459,0.6657533506688096,0.6245985908851622,0.7161278376383128,0.6877007045574189,326.0,3871.0,0.8446509411484394,20,0.6230560641545089,0.2022425679283009,0.6759932291148063,0.1883648686811635,0.0446223546204927,2.557351031597172,0.3262655711635303,102.440044,2.948575
2104,Healthy,0,0.0965396645996305,0.0187101784265703,0.0208114487015538,0.0710736086799038,0.7300335428666277,0.7632055641100038,0.6493780099055492,0.9059775025293092,0.6753109950472255,311.0,3886.0,0.8517989039790327,25,0.6573874592747253,0.1966159287840128,0.6711351142829588,0.1803010694094407,0.0405957242373288,2.836851293445485,0.356307905446359,102.436069,2.945904
2105,Healthy,0,0.1989494330353207,0.0290128000908427,0.0332510794202486,0.1492888298299577,0.5713094907973904,0.6067094232507517,0.5090808190984137,0.7286314440897756,0.7454595904507931,279.0,4070.0,0.8716946424465394,27,0.6169061781464312,0.3731444142758846,0.6848461238800155,0.1881868131868131,0.0376679462571976,2.7590975254730714,0.3434273916035788,102.432511,2.948055
2106,Unhealthy,1,0.1153023168444633,0.0215888540777895,0.0184964375156495,0.0771449340714348,0.7329903983980066,0.6895429114714887,0.630832622216399,0.7735747494506787,0.6845836888918005,271.0,3669.0,0.8624365482233503,25,0.661006587716302,0.1889648114641507,0.6972994760177348,0.189380031069058,0.0431013128560812,2.761703511053316,0.3654515479025462,102.432387,2.949074
2107,Healthy,0,0.0846188598208957,0.0172103286410371,0.0208018341412146,0.0938417096104886,0.6467579657158768,0.7023917034453588,0.6760469724246463,0.725791735338103,0.6619765137876769,378.0,3750.0,0.8168604651162791,25,0.5548569611117014,0.1980771616929106,0.6417505809450039,0.1652006597031335,0.0408839779005524,2.641391195362682,0.3248099516240497,102.436185,2.945975
2108,Healthy,0,0.2157441592878765,0.0243421252816915,0.021170157732235,0.1746192698677381,0.4435440870070625,0.4176629414600072,0.4055562828227793,0.4325087006329837,0.7972218585886104,255.0,3938.0,0.8783687097543524,25,0.3094250811048248,0.3447964448067878,0.7063555913113435,0.2001697552694865,0.0443131462333825,2.808020738029887,0.3862414905051953,102.43262,2.949082
2109,Healthy,0,0.0914809761775864,0.0187000265965859,0.0171512765809893,0.1020633379618326,0.6477759752297525,0.6251436465420082,0.6788838774652867,0.5754756376728815,0.6605580612673566,341.5,3798.5,0.835024154589372,28,0.5452261285264728,0.1963591944012377,0.6381741102237997,0.1673457917661936,0.0385,2.6904817495524944,0.3328608133250642,102.436336,2.947071
2110,Healthy,0,0.1392158418893814,0.0239675790071487,0.017185073138939,0.1064898893237114,0.6529766088152292,0.5738392814486405,0.5875003447156768,0.5558141372107992,0.7062498276421617,306.5,4050.0,0.859290715023528,28,0.5224527569559418,0.2353790199591054,0.6897159647404505,0.1911074288870477,0.0419132745500664,2.8829418559876783,0.3609300686982561,102.438412,2.946618
2111,Healthy,0,0.1877505530913671,0.022225628606975,0.0199296849055422,0.1547058125336965,0.4595542149082495,0.4384194843697159,0.4233933282757753,0.4564864577426792,0.7883033358621124,308.0,4202.0,0.8634146341463415,25,0.4338873127637659,0.3366966566277874,0.7014594494734897,0.1886938564790913,0.0424448217317487,2.854001759014952,0.376657824933687,102.43814,2.946142
2112,Healthy,0,0.2007666975259781,0.0247859911372264,0.0221646552284558,0.0722917570836014,0.614597714378339,0.5868663887695085,0.4395601095979284,0.9386193985530624,0.7802199452010358,296.0,3906.0,0.8591147072822466,25,0.5392079704298637,0.2670486263102954,0.6334841628959276,0.1823144104803493,0.042724756288362,2.944054803457837,0.3397623557775099,102.435841,2.945627
2113,Healthy,0,0.1691190418269899,0.0317481168442302,0.0260210538076029,0.1366919486059082,0.6877334592035473,0.6355591072899073,0.6322211565942565,0.6396797655168143,0.6838894217028717,313.0,3939.0,0.8527751646284102,26,0.5702521469432884,0.3264551543527179,0.7043000568289449,0.1871742429240614,0.0419827436446812,2.8125969593546385,0.3785090323127809,102.43826,2.94635
2114,Healthy,0,0.1040040196643935,0.0198279277731974,0.0182003843494587,0.1002999370296796,0.6502030835686422,0.6277052958459464,0.6404785900081341,0.6143572992085686,0.6797607049959329,282.0,4243.0,0.8753591160220995,29,0.4413748642890752,0.2113021622515387,0.7060761346998536,0.2005151320025756,0.0456533931575995,2.861167292689974,0.3929870989083692,102.432042,2.947229
2115,Healthy,0,0.1923142944773038,0.0287608723673555,0.0283805680357747,0.1069365698430273,0.6449121179685257,0.6413319215460443,0.520381782863285,0.8389349192766405,0.7398091085683575,291.0,4146.0,0.8688302907369845,25,0.6453690207822101,0.2852641029490364,0.7129112949778719,0.2034608625118291,0.0470477534697718,2.7769773807808678,0.3838555858310626,102.438103,2.946343
2116,Healthy,0,0.087777247859372,0.0146870772457785,0.0174970598891377,0.0927364023195372,0.5598067889208869,0.6052557018363345,0.5733537884802887,0.6349092022897836,0.7133231057598556,350.0,3858.0,0.8336501901140685,25,0.5103205757426393,0.1619073597507344,0.6157402852926709,0.1563754136450045,0.035691764409131,2.848327379019162,0.3037952646239554,102.435854,2.946246
2117,Healthy,0,0.1993940845131874,0.0208090481658776,0.0171666288127501,0.1302261054515838,0.4484246142491107,0.4132329048680523,0.3779973138929997,0.4658744923467799,0.8110013430535002,251.0,4022.5,0.8825318825318825,26,0.4729303154189414,0.3265338817404376,0.7122302158273381,0.1974435681261898,0.0368538796656069,2.865228291422928,0.3969901401141671,102.432346,2.948601
2118,Healthy,0,0.1102349195215437,0.0143842186985744,0.0203636489394638,0.0698790442612436,0.5509020814514097,0.6468876748980417,0.4617017547711547,0.9026170747884626,0.7691491226144227,289.0,3848.0,0.8602852308436065,27,0.3854189936491134,0.1924349241372611,0.68054211035818,0.183690167734897,0.0450276908259089,2.7627697562490297,0.357830271216098,102.432192,2.948325
2119,Healthy,0,0.1201331160134739,0.0397279314282867,0.0284344829205009,0.1029520117574268,1.05051368664829,0.9361440629191814,0.9940615819562943,0.8656744512502093,0.5029692090218527,278.0,3955.0,0.8686510748877865,27,0.7565438135462869,0.2359245895511574,0.7020376778162245,0.2008680320086803,0.0432426063391068,2.9401887094194787,0.3837670170601413,102.432156,2.947712
2120,Healthy,0,0.1403188051448928,0.023864097893238,0.03732896844546,0.1637389163176218,0.5426959232446414,0.6701484939383869,0.5814027514837075,0.7426142367677405,0.7092986242581463,239.0,3950.0,0.8858916209119122,25,0.4596416131082445,0.3239676043805149,0.7246753246753247,0.2074416002238075,0.0428899359671378,2.95933014354067,0.3980205019441499,102.432424,2.948733
2121,Healthy,0,0.0908841002318594,0.0162740318725506,0.019081515363521,0.0970165100362565,0.5905785351768505,0.6334525798762518,0.6074772507864891,0.6574277313611423,0.6962613746067555,363.0,3704.0,0.8214900417998525,25,0.5453139404281026,0.1916212476789951,0.6512399921890256,0.1765688047864199,0.0471826625386996,2.611788617886179,0.3290322580645161,102.436108,2.945977
2122,Healthy,0,0.1693819032775031,0.0271585097329484,0.0302490449200073,0.1200080588459968,0.6321316979331615,0.6621449332921309,0.5527313048132078,0.805260960363358,0.7236343475933962,313.0,4312.0,0.8646486486486487,27,0.5254273044975117,0.2953117448422644,0.6723122238586157,0.1930654058313632,0.0401923737547234,2.8154041115178825,0.3504771146692544,102.432274,2.947916
2123,Healthy,0,0.2015839715798696,0.0287568089034822,0.0337957733621199,0.1118794108430544,0.6201313587777587,0.6654247493711359,0.4993785094092036,0.9279761284398496,0.7503107452953982,286.0,4099.0,0.8695553021664766,27,0.6233399974140711,0.3245281870994301,0.6848461238800155,0.1881868131868131,0.0376679462571976,2.8277959062592704,0.3434273916035788,102.432431,2.948052
2124,Healthy,0,0.1488591060042381,0.0220139851379725,0.0345886088907718,0.1349504846665594,0.5371925065425605,0.6651065569665608,0.5153294761818564,0.8160621403599836,0.7423352619090717,257.0,3918.0,0.8768862275449102,25,0.4634461863362529,0.2968999677234226,0.7003497862417412,0.1890202473162114,0.0474024419439789,2.8371047737135773,0.370617110799439,102.432344,2.948732
2125,Healthy,0,0.1551686608129077,0.0184132624417543,0.0149530306872394,0.0906620588567521,0.5211474404871509,0.4780322367282092,0.4243129030144506,0.5663217539009353,0.7878435484927748,295.0,4028.0,0.8635207032153597,28,0.4494060857411051,0.2286144107994106,0.6970431862699376,0.193597060946008,0.0401326320603704,2.7949985025456723,0.3863293684034176,102.43204,2.947502
2126,Healthy,0,0.1140906289219856,0.02045038383868,0.0159583586371607,0.0892058656447463,0.6699627555443579,0.6075585652619574,0.6080044566056328,0.606988117722702,0.6959977716971836,305.0,4037.0,0.8595117457392907,28,0.5360928118041971,0.2043832923389143,0.6970431862699376,0.193597060946008,0.0401326320603704,2.8375912408759123,0.3863293684034176,102.432113,2.947504
2127,Healthy,0,0.1188283777899212,0.0197402162270413,0.0164422860576046,0.0762195355362362,0.6733588184871595,0.6259125070388087,0.569832330827427,0.7097760771280807,0.7150838345862864,418.0,3920.5,0.8073066728131842,20,0.6036666145324406,0.2051037543763716,0.6561017270829379,0.1817443120260021,0.0414752043921943,2.5814416273584904,0.3225617413143575,102.440114,2.948573
2128,Healthy,0,0.1081125595503383,0.0163259082991215,0.0160515813363922,0.0705007389187812,0.6182150155331015,0.6138180709473868,0.5247865416945463,0.7418209605043034,0.7376067291527267,298.0,3942.0,0.8594339622641509,24,0.5770213767962395,0.1808302162422074,0.6711351142829588,0.1803010694094407,0.0405957242373288,2.843764632433276,0.356307905446359,102.435987,2.945765
2129,Healthy,0,0.1373113931881057,0.0295338680346806,0.017434101862212,0.0864049440456761,0.8355171545469734,0.6940626945797569,0.7080541051805939,0.6715817430632853,0.645972947409703,288.0,3979.0,0.8650105460510897,27,0.4525130930649522,0.2202224462396568,0.7020376778162245,0.2008680320086803,0.0432426063391068,2.901273384687942,0.3837670170601413,102.432162,2.94757
2130,Healthy,0,0.1842721866236792,0.0175474714487791,0.0132110142666432,0.1048804422219594,0.4329400859828587,0.3845878972679642,0.3477851784384476,0.4474841672536485,0.8261074107807761,325.0,3827.5,0.8434677904876581,24,0.4002721643168144,0.2718995368729034,0.6795396918275795,0.180235745614035,0.0415482310250982,2.626743662816859,0.3369509043927648,102.438637,2.94704
2131,Healthy,0,0.0944884402884377,0.0196496401396062,0.0164133284447921,0.0813084344069163,0.7308225529900201,0.6808835129133674,0.6886269706277014,0.6718392286761805,0.6556865146861494,316.0,3704.0,0.8427860696517413,29,0.7369682642205221,0.1789157705174551,0.657386710018289,0.1740319562401036,0.0475211918828666,2.7491074326517366,0.3267584666914775,102.431799,2.947093
2132,Healthy,0,0.0928092946608861,0.0222772262576553,0.0233363082839383,0.0659433259732193,0.8765942438720035,0.8927805976949252,0.7742775115575243,1.045537808397436,0.6128612442212379,320.0,3867.0,0.8471459278719847,25,0.5949987062250329,0.1781979772365755,0.6732088414634146,0.1824670078103959,0.0472271914132379,2.8168678526048283,0.3589500043174164,102.435908,2.945904
2133,Healthy,0,0.1293431495626767,0.0184312208245197,0.0184993443803654,0.0730557669368055,0.6162707080540272,0.617233864242496,0.4989016911721962,0.8082277052246193,0.7505491544139019,311.0,3886.0,0.8517989039790327,25,0.5281182437016303,0.2207745659268564,0.6711351142829588,0.1803010694094407,0.0405957242373288,2.836851293445485,0.356307905446359,102.436147,2.945907
2134,Healthy,0,0.0775504728986157,0.0171854393556714,0.0211094795829719,0.0967096305555767,0.6589793779348021,0.7206589335323851,0.7256145614365456,0.7166742155206689,0.6371927192817273,365.0,3740.0,0.8221680876979294,25,0.6464912015722082,0.1534359674486849,0.6157402852926709,0.1563754136450045,0.035691764409131,2.7252906976744184,0.3037952646239554,102.435943,2.946246
2135,Healthy,0,0.1116299894120958,0.0261915944930579,0.0248485162026352,0.0868605035874578,0.8352121844188992,0.8181779699940727,0.7601594394991854,0.8897586336117475,0.6199202802504072,311.0,4177.0,0.8614081996434938,23,0.723148737515227,0.2190925959083769,0.672564723412181,0.182512509876218,0.0491879892510807,2.8645524599881447,0.3479817708333333,102.435562,2.945288
2136,Healthy,0,0.0794812556770112,0.02309118438926,0.0280513887604077,0.0710270048843489,0.9391879813189712,1.0144777923002624,0.9004829903370136,1.1324926748806745,0.5497585048314931,270.5,3786.5,0.8666502341631748,20,0.8304002482347831,0.1832742769685056,0.6658979243958688,0.1906263437007309,0.0453001132502831,2.74859287054409,0.3266215253029223,102.439918,2.948359
2137,Healthy,0,0.1280616985427008,0.0116550206310219,0.011215382359094,0.0832156799733638,0.3974644724613503,0.390700314869517,0.3336757604944942,0.4750717436433649,0.8331621197527529,346.0,3984.0,0.8401847575057737,23,0.4323023580158657,0.1875614089270432,0.6321233778446492,0.1766779661016949,0.0390325670498084,2.7997537324919195,0.2992772667542707,102.435524,2.945072
2138,Healthy,0,0.0496093725992573,0.0096215786826279,0.0142098620740903,0.0497826014955838,0.6488181747993684,0.7736010492949468,0.6497669528782666,0.8882209736225455,0.6751165235608668,392.0,3826.0,0.8141299193930773,27,0.3922178635446691,0.1049200960745414,0.6022598870056497,0.1528455284552845,0.0430305259286502,2.6628411910669976,0.2893190459730383,102.43606,2.946731
2139,Healthy,0,0.0839684605598449,0.0185344937360949,0.0177882669700516,0.0760692093107435,0.7522625155724699,0.7399201682225294,0.7232764699672294,0.7580969646715886,0.6383617650163852,302.0,3976.0,0.8588125292192613,29,0.5328637161888442,0.1670824595623546,0.6784375616492405,0.1810105496946141,0.0340301409820126,2.8161888701517706,0.3630415561450044,102.431961,2.947092
2140,Healthy,0,0.2576537976662318,0.0247675628504819,0.0289025764084524,0.1505839783284399,0.4328358058546572,0.4647691670706031,0.3507888044327462,0.6441168019703855,0.8246055977836269,287.5,4081.0,0.8683758727251917,26,0.3480238462905792,0.385114732094937,0.6938174681059862,0.1860912589334799,0.0366366366366366,2.868864856689102,0.3649659863945578,102.438412,2.946902
2141,Healthy,0,0.2685499721103244,0.0179920080635282,0.0192123296567135,0.2168900403711531,0.2760441725179633,0.2847392319911799,0.2511605182962995,0.3254915171659804,0.8744197408518504,297.0,4160.0,0.8667264976441552,25,0.4125976583977055,0.4491598955872986,0.7103461392164321,0.1914414414414414,0.0401943207448961,2.950656889703636,0.3819163292847503,102.438104,2.946074
2142,Healthy,0,0.1202596161100599,0.0219638786382145,0.0243584870671232,0.0705421074397034,0.7485682177085499,0.7814029498370118,0.6177285596051209,1.0266948144511776,0.6911357201974397,279.0,3892.0,0.8662191321026133,25,0.775346552919272,0.2014875647922356,0.6900573235817355,0.1848669623059867,0.0396400778210116,2.792549080228784,0.3686603707590066,102.432302,2.948939
2143,Healthy,0,0.0973444349235958,0.021033732427491,0.0174938128847214,0.103174922366937,0.6936479810885686,0.6446859573200755,0.710730125264028,0.5798954583633452,0.6446349373679859,376.0,3921.0,0.8249941819874331,23,0.6204508725157136,0.2204396712283294,0.653297852119369,0.17795232936078,0.0479518072289156,2.693359671782404,0.3306995884773662,102.435638,2.945149
2144,Healthy,0,0.0752385821607377,0.0184496403154399,0.0173180612425009,0.0766833515630828,0.7816765877072386,0.7622733456590934,0.7877037189015363,0.7369277003663164,0.6061481405492318,306.0,3899.0,0.8544589774078478,29,0.5652141301643526,0.1702302588770786,0.6784375616492405,0.1810105496946141,0.0340301409820126,2.79306592039801,0.3630415561450044,102.431877,2.947097
2145,Healthy,0,0.1293740024169286,0.0200514341187145,0.0175421955063939,0.1198509103722042,0.554428172713181,0.5242845083678493,0.5367609313005165,0.5107154509453875,0.7316195343497418,291.0,4182.5,0.8699005253157482,28,0.3517684148312415,0.2611286354561647,0.7019519519519519,0.1906512605042016,0.0402661466100722,2.7740946678072427,0.388168826852775,102.431998,2.947299
2146,Healthy,0,0.1514076648486985,0.0270824989096985,0.0273149806178278,0.1087007837163077,0.6893996097035211,0.6918467942076019,0.6069241764236863,0.8032886702963631,0.6965379117881569,318.0,4117.5,0.8566114305038891,26,0.5749505847238365,0.2679832890215846,0.7014594494734897,0.1886938564790913,0.0424448217317487,2.7590588918742283,0.376657824933687,102.438141,2.946278
2147,Healthy,0,0.2100301815403832,0.0225376575771305,0.0211937226768996,0.1133865382936265,0.4892948652819133,0.4764440316432916,0.3876315429106686,0.6299206889349445,0.8061842285446656,378.0,3828.0,0.8202567760342369,25,0.5123899387242542,0.2883369372122817,0.6402483564645727,0.1797465029224404,0.0402455266662806,2.839973658215344,0.340265742345465,102.435721,2.945564
2148,Healthy,0,0.1636986608306566,0.0196567943526638,0.0190152959484193,0.112159676849842,0.4989478492726006,0.4918073020693267,0.4288237692848737,0.5798452415969197,0.7855881153575632,296.0,4106.5,0.8655309483248155,28,0.5450273973936938,0.2515107256670794,0.6970431862699376,0.193597060946008,0.0401326320603704,2.810310494874253,0.3863293684034176,102.432075,2.947434
2149,Healthy,0,0.1363725670509868,0.0152180902659893,0.0136296088910765,0.0889965088831053,0.4759273668172736,0.453907090068647,0.4015574715575847,0.5312335372976712,0.7992212642212077,291.0,4182.5,0.8699005253157482,28,0.3315603128694283,0.2289665268941058,0.7019519519519519,0.1906512605042016,0.0402661466100722,2.7740946678072427,0.388168826852775,102.431959,2.947369
2150,Healthy,0,0.1002584563361273,0.0187729702641566,0.0165201844647526,0.1263180093632804,0.5686142431390977,0.539095060682233,0.6308576079558412,0.4626265292780648,0.6845711960220794,292.0,4153.0,0.8686164229471316,29,0.5948546333008449,0.206364918500185,0.7019519519519519,0.1906512605042016,0.0402661466100722,2.85703714666272,0.388168826852775,102.43188,2.947234
2151,Healthy,0,0.1509964946243498,0.0172666394048266,0.0180200677778985,0.0506124852432145,0.5849572033924971,0.5958184823387563,0.4104675573636376,1.0502344432593145,0.7947662213181813,348.0,3948.0,0.8379888268156425,25,0.4762859053659784,0.1706806951098972,0.633764588799421,0.1845972185778011,0.0432722860939395,2.810743285446596,0.3498290737424711,102.435914,2.945486
2152,Healthy,0,0.1810977831482887,0.0272445922924412,0.0298174360973967,0.0944236347244845,0.660453745171706,0.68628825674963,0.5230734695197301,0.9599864489302288,0.738463265240135,299.0,3792.0,0.853825470545099,27,0.5360415991035464,0.2691123767031563,0.6848461238800155,0.1881868131868131,0.0376679462571976,2.7993268151947426,0.3434273916035788,102.43239,2.947985
2153,Healthy,0,0.0968789425161149,0.0201458398045765,0.0267369090062048,0.0588448449141449,0.8222142919171079,0.9255920303578928,0.6886008042081005,1.2496546416231966,0.6556995978959497,365.0,4036.0,0.8341286071347421,23,0.9535736511919286,0.1750025827851561,0.668429003021148,0.1718832891246684,0.0425958702064896,2.6356978747846065,0.3450058362514591,102.435797,2.945288
2154,Healthy,0,0.1922343447804451,0.0295149034096135,0.0278299411551819,0.1214419164591365,0.6335266514621147,0.6182380858411952,0.5324014155721807,0.7457518543672871,0.7337992922139098,294.0,4120.0,0.866787494336203,26,0.5775906413100935,0.3124598061872853,0.7043000568289449,0.1871742429240614,0.0419827436446812,2.8424962852897475,0.3785090323127809,102.438179,2.946347
2155,Healthy,0,0.0934510479370753,0.0190531050579415,0.0174519676301214,0.1010305028822687,0.6553433415870088,0.6321590771578566,0.677418728134789,0.5891831105360481,0.6612906359326055,308.0,4102.0,0.8603174603174604,23,0.5536003316283991,0.2124155666679143,0.6321233778446492,0.1766779661016949,0.0390325670498084,2.993530061543317,0.2992772667542707,102.435565,2.945142
2156,Healthy,0,0.228636019759708,0.0235243071284559,0.0221522822976112,0.194578500257598,0.4001896880947254,0.3896562635217408,0.3731642866863702,0.4088442266749663,0.813417856656815,255.0,3938.0,0.8783687097543524,25,0.4759303022757139,0.342347835087114,0.7063555913113435,0.2001697552694865,0.0443131462333825,2.808020738029887,0.3862414905051953,102.432578,2.949146
2157,Healthy,0,0.1339335855510499,0.0338911374823914,0.0275270777444044,0.092716284096241,0.9208542777024392,0.8528291532696715,0.8077746084082771,0.9157121798003331,0.5961126957958616,285.0,4114.0,0.8704250966128666,27,0.8103389768010122,0.2652148231863976,0.7047005307050797,0.200160128102482,0.0431454418928322,2.8574626865671644,0.3820487153820487,102.432273,2.94778
2158,Healthy,0,0.0850169253018167,0.0180122034831179,0.016630086944335,0.0924102862675984,0.6750833226447326,0.6534139063138749,0.6993052817409334,0.6100524587168233,0.6503473591295333,292.0,4131.0,0.8679629210942799,29,0.5146412015923549,0.1824938344458739,0.6784375616492405,0.1810105496946141,0.0340301409820126,2.840337377922462,0.3630415561450044,102.432001,2.947163
2159,Healthy,0,0.0954370399316151,0.0156568723420302,0.0205972641706466,0.0940920900967386,0.5671678513483901,0.6422820799448131,0.5637346645409108,0.7183670813117116,0.7181326677295446,274.0,3984.0,0.8713010803193988,27,0.3674380570014589,0.211148143435518,0.6954600241060667,0.1897378065971243,0.0401774710377125,2.800845538275706,0.379507318814709,102.432234,2.948395
2160,Healthy,0,0.133942703406016,0.0117438457285364,0.0116280172434118,0.1129023888044887,0.3475374483023134,0.3459718204013854,0.3224414552558337,0.3734996973811872,0.8387792723720832,319.0,4109.0,0.8559168925022583,23,0.4150173874823699,0.2319283668572703,0.6321233778446492,0.1766779661016949,0.0390325670498084,2.824985092426953,0.2992772667542707,102.435482,2.94514
2161,Healthy,0,0.1183902265297042,0.0226118739487396,0.0223397150014837,0.069139637466934,0.7771952070595934,0.7734223677705238,0.6414620455160231,0.9768199882786122,0.6792689772419883,316.0,4094.0,0.8566893424036282,23,0.7566682754613275,0.21046400277151,0.6836010459469556,0.1758413775110879,0.0408775981524249,2.978555660674866,0.3519867549668874,102.435641,2.945287
2162,Healthy,0,0.1944664004776213,0.028621170669794,0.0315710850473907,0.15345142616166,0.5651329608746082,0.5899609768974975,0.5131827026057181,0.6825350027104453,0.743408648697141,311.0,4031.0,0.8567480423767849,27,0.498130528063824,0.3429221109383635,0.6723122238586157,0.1930654058313632,0.0401923737547234,2.8028933092224237,0.3504771146692544,102.432354,2.947916
2163,Healthy,0,0.1512646509541405,0.0197134235252936,0.0181376578079329,0.0727499297095669,0.5986430819581815,0.578175558331427,0.461191847792503,0.7982457584514767,0.7694040761037486,304.5,3914.5,0.8556529983408391,24,0.4813916201919597,0.2393697460906373,0.6334841628959276,0.1823144104803493,0.042724756288362,2.973640856672158,0.3397623557775099,102.435794,2.945694
2164,Healthy,0,0.0927775700887044,0.0225012765990363,0.0202096788626578,0.1130254508720503,0.7177281182685978,0.6874616241154947,0.7807599484400184,0.6067372442357634,0.609620025779991,375.5,3668.5,0.8142927794263106,26,0.6046449162387495,0.2073726604382196,0.6157402852926709,0.1563754136450045,0.035691764409131,2.6696392379408187,0.3037952646239554,102.435907,2.946179
2165,Healthy,0,0.1106853311260541,0.0195553257233566,0.0203531535549296,0.0762818203204208,0.6919856960073391,0.7036186151998316,0.6005905128677975,0.8424756685372798,0.6997047435661012,298.0,3942.0,0.8594339622641509,24,0.5797979373331854,0.2222013560434182,0.6711351142829588,0.1803010694094407,0.0405957242373288,2.843764632433276,0.356307905446359,102.436028,2.945837
2166,Healthy,0,0.175437879231241,0.0317217806975046,0.0387291693025165,0.132540558775266,0.6832504428627036,0.7446667963198016,0.6125088389972371,0.9045187316448025,0.6937455805013816,278.0,4167.0,0.8749156355455568,27,0.5955007239068468,0.323871093077792,0.6945754716981132,0.1941828254847645,0.0452176021335919,2.8051067512983265,0.3618731434562292,102.432549,2.948122
2167,Healthy,0,0.1929092026419109,0.029807101521227,0.0264615619348155,0.1132850067483054,0.6518625708579234,0.6209591952322163,0.5353375745566169,0.7574157185874897,0.7323312127216914,289.0,4072.0,0.8674615913781243,27,0.4903265889314454,0.3397537871367401,0.7043000568289449,0.1871742429240614,0.0419827436446812,2.844788690028576,0.3785090323127809,102.438215,2.946414
2168,Healthy,0,0.111661483016279,0.0208744039345118,0.0214677353700002,0.0565076863600148,0.7955261081852844,0.8045579987099802,0.6300000525069033,1.1012565187184693,0.6849999737465483,307.0,4182.0,0.8632212073958565,23,0.7941253317190051,0.1858322471380233,0.6836010459469556,0.1758413775110879,0.0408775981524249,2.9602750190985487,0.3519867549668874,102.435718,2.94529
2169,Healthy,0,0.1972233321931627,0.0298821290747986,0.0329542011022567,0.2114340745740466,0.5103458070002937,0.5330830528888505,0.5263128223859088,0.5393745016787161,0.7368435888070457,271.0,4180.0,0.8782296113232981,27,0.556139363828329,0.4019098670946228,0.7133066818960594,0.2019230769230769,0.0422698320787492,2.8874279804993352,0.3936605316973415,102.432626,2.948125
2170,Healthy,0,0.0853192756573359,0.0185546243770255,0.0162098349796401,0.1008105923732121,0.664923769428049,0.6295219939392238,0.7145057370865114,0.5540856531231941,0.6427471314567442,302.0,4092.0,0.8625398270368685,29,0.6294491182518022,0.1849001720547676,0.6784375616492405,0.1810105496946141,0.0340301409820126,2.786764705882353,0.3630415561450044,102.431919,2.947163
2171,Unhealthy,1,0.1188951267136467,0.0214492165380054,0.0169852904768453,0.1003604473339186,0.6545531544103237,0.5966004877858119,0.6113311314455963,0.5789827834816262,0.694334434277202,349.0,3972.0,0.8384633186762324,23,0.6710619868909793,0.2314129583537578,0.653297852119369,0.17795232936078,0.0479518072289156,2.802444306930693,0.3306995884773662,102.435719,2.945148
2172,Healthy,0,0.1670667611890369,0.0217183571722772,0.0227290340181854,0.1317791119217872,0.5076123172665569,0.517894125081976,0.460170957558437,0.5884229308405726,0.7699145212207813,269.0,3918.0,0.8715070456173871,25,0.526564689018914,0.2871694366137187,0.6740681998413958,0.1819708846584546,0.0386223862238622,2.837039340693516,0.3650344705674386,102.43254,2.949217
2173,Healthy,0,0.128357573515839,0.027231702581048,0.031274650659826,0.142301292055183,0.6700667418357592,0.7109664071076465,0.7000920182722759,0.7207139461987598,0.6499539908638621,291.0,4322.5,0.8738484881326541,28,0.5937194070080813,0.2978600470556153,0.7060761346998536,0.2005151320025756,0.0456533931575995,2.8010143819912456,0.3929870989083692,102.432119,2.947367
2174,Healthy,0,0.1002344116568565,0.021966787158615,0.016227726617621,0.0984433463050259,0.7243449661565947,0.6449807484172424,0.7190367155656368,0.5660617348044754,0.6404816422171816,372.5,4324.0,0.8413712338975833,24,0.6941234763765399,0.1933397106412384,0.6836010459469556,0.1758413775110879,0.0408775981524249,2.783726664318422,0.3519867549668874,102.435758,2.945357
2175,Healthy,0,0.0547584680219491,0.0113541883312993,0.0133648098239468,0.0517338497771157,0.7030419381944317,0.7535629979918349,0.6869600441181741,0.8212033799681288,0.656519977940913,332.0,3711.0,0.8357655206529805,27,0.4860603745789843,0.1114573277946975,0.6022598870056497,0.1528455284552845,0.0430305259286502,2.876723991145922,0.2893190459730383,102.436021,2.946656
2176,Healthy,0,0.1927101885279019,0.0242653552235828,0.0195958146618472,0.1468224947651227,0.5002348712092858,0.4576095263062485,0.4473380696098246,0.4710014115471235,0.7763309651950876,260.0,3892.0,0.8747591522157996,25,0.5250191025479671,0.3022569053702884,0.7063555913113435,0.2001697552694865,0.0443131462333825,2.744860943168077,0.3862414905051953,102.432586,2.949014
2177,Healthy,0,0.1273471216360727,0.0214523836556408,0.0243442524224519,0.0970117880238427,0.6421339075703197,0.6780780450460261,0.5766788972472602,0.8024076043656123,0.7116605513763699,349.0,3714.5,0.8282268979943399,20,0.6482847061756839,0.2363387743631998,0.6592340765923408,0.1834260447867636,0.0403761755485893,2.5932347048851905,0.314442575046489,102.43973,2.948296
2178,Healthy,0,0.0856723156240251,0.0195719089566005,0.0201571968694527,0.0798353337579303,0.7650825753767257,0.7743078141298332,0.7438663369734586,0.80634810392258,0.6280668315132706,346.0,3750.0,0.8310546875,25,0.6329444112283011,0.177515506123503,0.6559755631920581,0.1740660530590146,0.0376839334848666,2.788335517693316,0.3466711499663752,102.435951,2.945974
2179,Healthy,0,0.1266191709372732,0.0210510884515113,0.0221439443735612,0.073614827874634,0.6949383727594869,0.7097761928328794,0.5702187708924719,0.9249886502791312,0.7148906145537641,325.0,4036.0,0.8509516166016968,27,0.6421495376275158,0.1955442790769868,0.6804183614177803,0.1837904216127711,0.040412519486749,2.841935977944555,0.3642771187897541,102.432113,2.948179
2180,Healthy,0,0.0546558623512586,0.0129119621382819,0.0157048241752717,0.0537428731719652,0.7695846383936632,0.8354319548596528,0.7643852520532564,0.904555501487569,0.6178073739733718,332.0,3711.0,0.8357655206529805,27,0.4584526295677674,0.115653956722882,0.6022598870056497,0.1528455284552845,0.0430305259286502,2.876723991145922,0.2893190459730383,102.435982,2.946726
2181,Healthy,0,0.1618920663992563,0.0130633300998144,0.0127416968138681,0.1142225025428666,0.345772286247226,0.3418794575494436,0.2986665255537582,0.4014264455153193,0.850666737223121,291.0,3748.0,0.8559049269621193,27,0.4052682917447659,0.265576865317093,0.6944498539435249,0.1911019849418206,0.0495145045534045,2.861754966887417,0.3472197389594135,102.438568,2.946765
2182,Healthy,0,0.1640594402949015,0.0147088720566696,0.0156389365179671,0.1494129324952761,0.3431740101347608,0.3530660527740902,0.3291158676430908,0.3790065901456053,0.8354420661784546,291.0,3748.0,0.8559049269621193,27,0.3109462176335609,0.3224878446716401,0.6944498539435249,0.1911019849418206,0.0495145045534045,2.861754966887417,0.3472197389594135,102.438525,2.946832
2183,Healthy,0,0.108773562643263,0.0161510673868987,0.0146722414841254,0.0620593639711538,0.6360720705336899,0.611403040363698,0.5171459745928149,0.7648603934229784,0.7414270127035926,298.0,3919.5,0.8586840545346769,24,0.5726422838316819,0.161023480610715,0.6732088414634146,0.1824670078103959,0.0472271914132379,2.8904940537951958,0.3589500043174164,102.435909,2.945764
2184,Healthy,0,0.1250280059046215,0.0184670600833164,0.017717373660869,0.0834998620880974,0.6018711156638314,0.5914608049919468,0.5147789565076399,0.7001722001106881,0.74261052174618,295.5,3931.5,0.8601845280340668,20,0.5071123536273359,0.2141850760413541,0.6759932291148063,0.1883648686811635,0.0446223546204927,2.633446802346636,0.3262655711635303,102.440087,2.948498
2185,Healthy,0,0.1556538244088491,0.0183730922225448,0.0169749571424391,0.1173060842686229,0.474594271938303,0.4586070316111172,0.4223046084637772,0.5056546170348873,0.7888476957681114,302.0,3917.5,0.8568550776158312,24,0.4640245468453532,0.2612727305127514,0.6795396918275795,0.180235745614035,0.0415482310250982,2.645423282358967,0.3369509043927648,102.438488,2.94703
2186,Healthy,0,0.1206129143635432,0.0182101063223348,0.0213245109965403,0.0612979965905348,0.6672472901592033,0.7141190454773121,0.5246999015686238,1.032382657912753,0.7376500492156882,300.0,3928.0,0.8580889309366131,27,0.6012852081854239,0.194800450777014,0.6804183614177803,0.1837904216127711,0.040412519486749,2.7245419044758186,0.3642771187897541,102.432149,2.948251
2187,Healthy,0,0.0744264250000317,0.0279323673910564,0.0231327718744675,0.0969569169812732,0.9833259859052128,0.91823758884399,1.0915473595793743,0.7705165062841004,0.4542263202103127,268.0,4075.0,0.8765830071379231,25,0.7514525356149812,0.2037946515613132,0.7122302158273381,0.1974435681261898,0.0368538796656069,2.8525400869174287,0.3969901401141671,102.432228,2.948529
2188,Healthy,0,0.1525015259782473,0.0241333434565199,0.024235802806086,0.1085524939828448,0.6241636701377431,0.6252815114384466,0.5465136874445407,0.7300583979809369,0.7267431562777296,320.0,3831.0,0.8458202842688509,27,0.5739528122521326,0.2538304610384835,0.6843737882900349,0.1857513306946908,0.0462427745664739,2.875982961992136,0.3585964912280702,102.438373,2.946422
2189,Healthy,0,0.096009686589241,0.0182653528948624,0.0200357931769556,0.0891856249007913,0.659024254129512,0.6854899892311459,0.6393470692225229,0.7337679195006809,0.6803264653887384,298.0,4102.0,0.8645454545454545,29,0.4928108323737782,0.1908185453050666,0.6750335313278406,0.1827898795832769,0.0431980906921241,2.777858916313714,0.3624393624393624,102.432077,2.947169
2190,Healthy,0,0.1237653560108608,0.0252201960732539,0.0217578322109248,0.0776161729461616,0.8012073281860241,0.7566131749631799,0.6771179009093448,0.8757957245068627,0.6614410495453276,349.0,3972.0,0.8384633186762324,23,0.6844576546554239,0.2133538166268004,0.653297852119369,0.17795232936078,0.0479518072289156,2.802444306930693,0.3306995884773662,102.435761,2.945215
2191,Healthy,0,0.144229875670539,0.0227731683601935,0.018925086595118,0.0602421528763241,0.7286878573372244,0.6775513983586594,0.5454551680148465,0.9562079830733432,0.7272724159925767,347.0,4014.0,0.8408621875716579,25,0.5047642189265141,0.215907065404786,0.6334841628959276,0.1823144104803493,0.042724756288362,2.8103923973022686,0.3397623557775099,102.435915,2.94563
2192,Healthy,0,0.1404306201471222,0.0236362997028562,0.023763447586033,0.1158882015281253,0.6228449965732864,0.6242587991975715,0.5762599730517051,0.680649250811426,0.7118700134741476,288.5,3948.5,0.8638187396742979,28,0.5950246150058781,0.2285288266009754,0.6897159647404505,0.1911074288870477,0.0419132745500664,3.0093734583127776,0.3609300686982561,102.438408,2.946483
2193,Healthy,0,0.1054018495811356,0.0222020656284358,0.0165857455382744,0.1025379498799641,0.7038668396823741,0.6288361658107547,0.6959681634210688,0.5569251517942762,0.6520159182894656,297.0,3845.0,0.8565910188314824,27,0.5998751627077371,0.1904909118182129,0.6897159647404505,0.1911074288870477,0.0419132745500664,2.88174139051332,0.3609300686982561,102.438368,2.946555
2194,Healthy,0,0.1104008017314805,0.0190094506575001,0.0166392097663548,0.1252691737479633,0.5556513916136179,0.5255615458211359,0.5875717049175239,0.469012734957296,0.7062141475412379,292.0,4226.0,0.870739265161576,29,0.5154273180556483,0.2093369524098104,0.7019519519519519,0.1906512605042016,0.0402661466100722,2.782965478211658,0.388168826852775,102.431957,2.947232
2195,Healthy,0,0.1194561893741289,0.0200638405771719,0.0247252813229958,0.089706278923485,0.643871107503621,0.7054749586767338,0.5752246637038465,0.8642818911055159,0.7123876681480766,272.0,3948.5,0.8711053192749674,20,0.6745010819042938,0.2252626427345805,0.6939868620515411,0.1863543067449925,0.0425426048015922,2.6951836375632285,0.3467300619000628,102.440044,2.948432
2196,Healthy,0,0.0957053825259208,0.0216328870091173,0.017259281542566,0.0965233743190765,0.7348922093373293,0.6731051026198751,0.7374537597951385,0.6067456032509191,0.6312731201024309,283.0,3918.0,0.8652701737681504,27,0.6276840589155688,0.1802349235448572,0.7063310450038138,0.1902101622772014,0.0405861146644958,2.962993152918161,0.3776342624065262,102.438292,2.946558
2197,Healthy,0,0.1570402781168619,0.0221845704234308,0.0218522606624497,0.1174665068586667,0.5565693394060064,0.5529770978350549,0.495122648541524,0.627403214979994,0.752438675729238,258.0,4031.0,0.8796922359524365,25,0.6149318265554392,0.2480734543253977,0.6960378474275577,0.1907002491004705,0.0377517790375105,2.794814814814815,0.3975524475524475,102.432618,2.949218
2198,Healthy,0,0.124288470380836,0.0221941911925872,0.018825566706558,0.085855219927099,0.697568395456296,0.6532759156153181,0.6060564698699866,0.7193513656881595,0.6969717650650067,266.0,3701.0,0.8658936223846736,25,0.6314551355513401,0.212358231552773,0.6972994760177348,0.189380031069058,0.0431013128560812,2.704298535663675,0.3654515479025462,102.432462,2.94908
2199,Unhealthy,1,0.1064040131039089,0.0183647700274984,0.0157629541224903,0.0920159030291769,0.6247863065542272,0.5870233575958176,0.5887616939617502,0.5850109952570217,0.705619153019125,389.0,4077.0,0.825794894760412,23,0.5571213456360912,0.214368682147728,0.653297852119369,0.17795232936078,0.0479518072289156,2.7880254006652554,0.3306995884773662,102.435682,2.945079
2200,Healthy,0,0.1230503229631318,0.0224578753113746,0.0164633795825971,0.0625935896403259,0.779247332239229,0.6932732324912719,0.6173638482969054,0.8329881473788375,0.6913180758515474,348.0,3948.0,0.8379888268156425,25,0.4732569639090129,0.1949435050288836,0.633764588799421,0.1845972185778011,0.0432722860939395,2.810743285446596,0.3498290737424711,102.435948,2.94556
2201,Healthy,0,0.0459811397724681,0.00926012892483,0.0135831273057394,0.038173700372378,0.7215092349130643,0.8539686968045161,0.67052253818225,1.0497650582616598,0.6647387309088749,392.0,3826.0,0.8141299193930773,27,0.4808540863045096,0.0940113049000501,0.6022598870056497,0.1528455284552845,0.0430305259286502,2.6628411910669976,0.2893190459730383,102.436099,2.946661
2202,Healthy,0,0.2019932816425959,0.01738110370934,0.0154946201170484,0.0960152993599573,0.4178516700171019,0.3974286280321972,0.3169212974697297,0.5558113642165627,0.8415393512651352,287.0,3899.0,0.862876254180602,27,0.3976851650899974,0.283999516421722,0.6810631229235881,0.1927343316694398,0.050048828125,2.8831417624521074,0.3479853479853479,102.438409,2.946758
2203,Healthy,0,0.0823445311850971,0.0250676586810085,0.0183974379259679,0.0886488614810837,0.9068983824963094,0.8106948203223536,0.9335126194617772,0.687457222823192,0.5332436902691114,278.0,4028.0,0.8708778448676265,25,0.5304779608282418,0.1862405935923258,0.6715750232991612,0.180155283589946,0.0441262079403888,2.843494085532302,0.3507991431866864,102.432147,2.948533
2204,Healthy,0,0.1249740430050426,0.0169612107177575,0.0170424802021847,0.0723898245228661,0.5866741446291197,0.5878730993758826,0.4779985316652277,0.762251638469111,0.7610007341673861,296.5,3946.5,0.8602403959462644,24,0.5148827779572853,0.2055421951744291,0.6711351142829588,0.1803010694094407,0.0405957242373288,2.852453891841201,0.356307905446359,102.436072,2.945768
2205,Unhealthy,1,0.1353286918666627,0.027916180797749,0.0256385813570684,0.1045824819140964,0.7551456571920097,0.7299622286189165,0.6840320395272026,0.7875402246925323,0.6579839802363987,257.0,3928.0,0.8771804062126642,25,0.572588716095444,0.2383651592665248,0.6960378474275577,0.1907002491004705,0.0377517790375105,2.77182120205376,0.3975524475524475,102.432694,2.949218
2206,Unhealthy,1,0.2822301669253243,0.0165820227315028,0.0156174650829699,0.2217499117056528,0.2469657134866319,0.2402142105335051,0.2219725072199569,0.2631779529986104,0.8890137463900217,297.0,4133.0,0.8659142212189617,25,0.3354244371149835,0.4442257152663337,0.6982031536486982,0.1857636666239918,0.0465536723163841,3.0242825607064017,0.3840329218106996,102.438186,2.946076
2207,Healthy,0,0.2003874960872862,0.0188011468077699,0.0197969867537419,0.1594970640208986,0.3784003748881263,0.387451040405844,0.3431043973710185,0.4416652235410814,0.8284478013144908,287.5,4081.0,0.8683758727251917,26,0.334002792005118,0.3422619060923655,0.6938174681059862,0.1860912589334799,0.0366366366366366,2.868864856689102,0.3649659863945578,102.438484,2.946905
2208,Healthy,0,0.0904909744858741,0.022798307860891,0.0286744468741946,0.0822798191673225,0.8352274884295375,0.9181580492288588,0.8049590354401954,1.0337393197108848,0.5975204822799023,272.5,3806.0,0.8663724408483511,20,0.7974629523313737,0.2141919715536965,0.6939868620515411,0.1863543067449925,0.0425426048015922,2.7132765107886048,0.3467300619000628,102.439966,2.948428
2209,Healthy,0,0.149281276596917,0.0214639607196052,0.0163150472152564,0.1046932248605622,0.5783438345890174,0.5179578886786597,0.5028300890130476,0.539303534721464,0.7485849554934764,304.0,3838.0,0.8532110091743119,27,0.4317456040644231,0.2439539964414304,0.6810631229235881,0.1927343316694398,0.050048828125,2.811008590518613,0.3479853479853479,102.438371,2.946686
2210,Healthy,0,0.088896305196815,0.0224232276280721,0.0299819401568836,0.0806894008484151,0.8365621086682912,0.9442760755118892,0.8057248196808481,1.0836388132478898,0.597137590159576,272.5,3806.0,0.8663724408483511,20,0.8929980053516611,0.1864578906032773,0.6939868620515411,0.1863543067449925,0.0425426048015922,2.7132765107886048,0.3467300619000628,102.440006,2.948362
2211,Healthy,0,0.1463256768054432,0.0157756876821319,0.0164407124328944,0.1482452203830083,0.386988292670673,0.3943409108109593,0.3892795778000028,0.3993228116519937,0.8053602110999988,294.5,3971.0,0.8619153674832962,26,0.3975977618494225,0.2992199615885814,0.6906833512562323,0.1897358282883874,0.0414308081416355,2.793480738545703,0.366438058859276,102.438608,2.946837
2212,Healthy,0,0.162309978571203,0.0111990020506911,0.0119580931754575,0.0630951945980389,0.361545067308342,0.3726566445605875,0.2581768853819884,0.6373121567463307,0.8709115573090057,475.5,3772.0,0.7761035903472631,24,0.3941034139344936,0.2133502623894147,0.6165214096248579,0.1676474613384425,0.0369470102090422,2.315933679921315,0.2796820665673125,102.435599,2.944942
2213,Healthy,0,0.1511825207206938,0.0204263428846995,0.0246207012484471,0.1168081694179111,0.5291055461272761,0.5756116812938694,0.4761139362048091,0.6963415922772732,0.7619430318975955,270.5,3786.5,0.8666502341631748,20,0.5621684942771732,0.2571411973072423,0.6658979243958688,0.1906263437007309,0.0453001132502831,2.74859287054409,0.3266215253029223,102.439893,2.948296
2214,Healthy,0,0.1504873053895102,0.0189037836260265,0.0209709932613703,0.1297653168439865,0.4754768877325428,0.4982363521135335,0.4463938153037703,0.5564948019946268,0.776803092348115,294.5,3971.0,0.8619153674832962,26,0.4259174686565619,0.2776914530744155,0.6906833512562323,0.1897358282883874,0.0414308081416355,2.793480738545703,0.366438058859276,102.438644,2.946904
2215,Healthy,0,0.1081474911835458,0.0163633217000299,0.0145380690486894,0.0521617287562953,0.6781463886310941,0.646436735648542,0.5256835553818281,0.8718508617489645,0.737158222309086,295.0,3929.5,0.8603385015978222,24,0.6199462297185782,0.1646364616851012,0.6334841628959276,0.1823144104803493,0.042724756288362,2.97251983315613,0.3397623557775099,102.43595,2.945696
2216,Healthy,0,0.2187964899672402,0.0128177118798096,0.0154143132062421,0.1092972051766183,0.2898876274487807,0.3169237973372867,0.2213631422873453,0.4943990228367085,0.8893184288563274,287.0,3899.0,0.862876254180602,27,0.2778914960571514,0.3051243236081468,0.6810631229235881,0.1927343316694398,0.050048828125,2.8831417624521074,0.3479853479853479,102.438444,2.946829
2217,Healthy,0,0.168390450378259,0.0257154516875743,0.0322623654372162,0.1006225082609388,0.6419957998489734,0.7092287785712593,0.5299262189122431,0.9711373323196872,0.7350368905438784,278.0,4167.0,0.8749156355455568,27,0.6074997494637678,0.2930696436928379,0.6945754716981132,0.1941828254847645,0.0452176021335919,2.8051067512983265,0.3618731434562292,102.432468,2.948124
2218,Healthy,0,0.2200049261252085,0.0239894652946127,0.0221993244356579,0.0830472397307554,0.54672000372727,0.5290191656100389,0.3932789627665824,0.8437073309322239,0.8033605186167088,307.0,3943.0,0.8555294117647059,25,0.5142821480153693,0.2920258657799827,0.6531302876480541,0.1855197519212619,0.0427512600059294,2.9891483064781323,0.3496723683090801,102.435758,2.945626
2219,Healthy,0,0.2132410142156812,0.0177878578090005,0.0137204573386245,0.1326654354731241,0.3730262523742288,0.3339383414030508,0.3079763607571984,0.3749120103060457,0.8460118196214008,322.0,3687.5,0.8393814690110987,24,0.3721996643355201,0.2833108208659622,0.6563641749777822,0.1866157328805885,0.0492931314900538,2.75364097529046,0.3218983291859225,102.438682,2.947108
2220,Healthy,0,0.091919407248497,0.0151766653483112,0.0139945921384625,0.0955029510789447,0.5575155029038777,0.538727928376163,0.5668430216091234,0.5112294477941394,0.7165784891954382,346.0,3984.0,0.8401847575057737,23,0.5284665561657441,0.1949175763875246,0.6321233778446492,0.1766779661016949,0.0390325670498084,2.7997537324919195,0.2992772667542707,102.435606,2.945079
2221,Unhealthy,1,0.1458653915259573,0.0134197365906503,0.0147730618094404,0.0731396273606353,0.4366902500933562,0.4561981769830047,0.3369991096928054,0.6721697151527452,0.8315004451535973,312.0,4082.0,0.8579881656804734,23,0.5510601090865983,0.2086177127849723,0.6473765432098766,0.1835631626359919,0.044776119402985,3.042776432606941,0.3123391110348378,102.435648,2.945014
2222,Healthy,0,0.1490881707933214,0.0214680148702528,0.0206955296711789,0.0732136824064784,0.647509763907576,0.6377173709913764,0.5034825277483381,0.8815122271099427,0.748258736125831,356.0,4044.0,0.8381818181818181,24,0.6500478436676189,0.2156709016611179,0.672564723412181,0.182512509876218,0.0491879892510807,2.740173861356713,0.3479817708333333,102.435605,2.945351
2223,Healthy,0,0.1797173917293548,0.0191415796677271,0.0178814147495561,0.136210073199537,0.4323208476873198,0.4195829010775806,0.3850282344970027,0.4641765742560302,0.8074858827514985,294.0,3921.0,0.8604982206405694,25,0.3974155225599587,0.307954189264112,0.6906833512562323,0.1897358282883874,0.0414308081416355,2.716040137786431,0.366438058859276,102.438515,2.946968
2224,Unhealthy,1,0.2301917407247755,0.0134392942612369,0.0105875730514526,0.1175061091780662,0.287029142948434,0.2585447370050282,0.2206499555692236,0.3306196798209529,0.8896750222153881,315.0,3675.5,0.8421250469865932,24,0.2600919319047448,0.3205260034236643,0.6563641749777822,0.1866157328805885,0.0492931314900538,2.799017158087622,0.3218983291859225,102.43872,2.947043
2225,Healthy,0,0.1439350504014227,0.0210452126339077,0.0228300742391082,0.0589264072477817,0.6873256047935586,0.7112890616754431,0.5102480077729269,1.1169792938199832,0.7448759961135365,311.0,4031.0,0.8567480423767849,27,0.4639658430666319,0.2225101687428025,0.6723122238586157,0.1930654058313632,0.0401923737547234,2.8028933092224237,0.3504771146692544,102.432311,2.947983
2226,Healthy,0,0.1107570048835542,0.0199238285422325,0.0200798151393731,0.1014363633261786,0.6323995395265888,0.6344824370693428,0.6098469995922452,0.6609758599367236,0.6950765002038775,284.0,4229.0,0.8741413693773543,29,0.4714573309509097,0.2275146063831117,0.7060761346998536,0.2005151320025756,0.0456533931575995,2.8267411865864145,0.3929870989083692,102.432115,2.947238
2227,Healthy,0,0.1127542116575771,0.0178685410776072,0.0204775518634253,0.0868759585751427,0.6073416211072942,0.6445364328296067,0.5471800495226943,0.7629951467732722,0.7264099752386528,315.0,3918.0,0.851169383416017,29,0.6081841862147979,0.1948892741153637,0.6750335313278406,0.1827898795832769,0.0431980906921241,2.707800992033669,0.3624393624393624,102.432043,2.947099
2228,Healthy,0,0.1110278690854708,0.0171960924441615,0.0177255240786406,0.1089667272236612,0.5407857236359744,0.5479701135498332,0.5364392813643498,0.5596403535791792,0.731780359317825,289.0,4197.0,0.8711547035220687,29,0.4428961452625476,0.2227177897261248,0.7019519519519519,0.1906512605042016,0.0402661466100722,2.914677804295943,0.388168826852775,102.43192,2.947304
2229,Healthy,0,0.1551500227716234,0.0199794574744171,0.019238492163519,0.106560259229607,0.5298375220649207,0.5212930594688915,0.4563356768111876,0.6117228335088306,0.7718321615944063,251.0,4022.5,0.8825318825318825,26,0.5478581437821718,0.2627814335541592,0.7122302158273381,0.1974435681261898,0.0368538796656069,2.865228291422928,0.3969901401141671,102.432304,2.948542
2230,Healthy,0,0.0863116946485307,0.0252480993254317,0.0271122979207171,0.0622780683139959,1.0145607101905705,1.0422563921675998,0.9052759395136388,1.2132089424280073,0.5473620302431805,277.0,3829.5,0.8650919274321198,20,0.6288333327252082,0.1876279146720966,0.6658979243958688,0.1906263437007309,0.0453001132502831,2.803867403314917,0.3266215253029223,102.439849,2.948366
2231,Healthy,0,0.1732277936405605,0.0159637820389535,0.0142757064766354,0.0951602715584966,0.4252534462462093,0.4050461940224616,0.3375157055829116,0.5217920736104721,0.8312421472085443,291.0,3748.0,0.8559049269621193,27,0.3850338409688542,0.271481247825755,0.6944498539435249,0.1911019849418206,0.0495145045534045,2.861754966887417,0.3472197389594135,102.438487,2.946764
2232,Healthy,0,0.1903402937783135,0.0321267878429757,0.0274337739166286,0.132578630414274,0.6638237551076958,0.6228889542802732,0.5776456922766824,0.6857911805361309,0.7111771538616588,267.0,3928.0,0.8727056019070322,27,0.5676886253565817,0.3268605156077278,0.6977530324120104,0.2023658639628221,0.0468366846493379,2.7642706131078225,0.3772007825004446,102.436385,2.949258
2233,Healthy,0,0.127926766872406,0.0248872672932015,0.0262009317262305,0.1705009092887242,0.5717888405078786,0.5846738605854683,0.6514393112933774,0.5328050127245838,0.6742803443533113,256.0,3811.0,0.8741086796164249,27,0.5043802635681287,0.2702616792586114,0.6902493411717008,0.1916535658139202,0.0464357429718875,2.8618579938818227,0.3580246913580246,102.433095,2.948406
2234,Healthy,0,0.1381458805667029,0.0431514117452833,0.0384560467468367,0.1106032547023561,1.030321670824582,0.988113572222089,0.952058603744087,1.0319663750723944,0.5239706981279564,295.0,3667.0,0.851085310449268,27,0.9038925891602118,0.2764456607401371,0.6877249100359856,0.1911951460420488,0.0466154227622117,2.6014503934578,0.3526728699142492,102.436043,2.948498
2235,Healthy,0,0.1560164607233471,0.0276621613237592,0.0317367588480313,0.1198411385218302,0.6682046209689394,0.7086981667063653,0.6024035027149747,0.8375036043834602,0.6987982486425126,273.0,3738.0,0.8638743455497382,26,0.5674028894602151,0.2669934928417206,0.6902970297029702,0.1832547823676185,0.0455658990690837,2.8593827364251525,0.3771551724137931,102.433554,2.949221
2236,Healthy,0,0.1240977437959777,0.0200052006791035,0.0262073210130135,0.0970101414455307,0.6129084543135265,0.6914926132607808,0.5553030370607832,0.8507664576141,0.7223484814696084,301.0,3855.0,0.8551491819056786,25,0.6270010244946699,0.2266585475040806,0.6902970297029702,0.1832547823676185,0.0455658990690837,2.7554659637153045,0.3771551724137931,102.433482,2.949228
2237,Healthy,0,0.1022121144665612,0.0237750781493054,0.0252986010164022,0.0956202911006079,0.7751187523198153,0.7950177367042135,0.7548411122008352,0.8368783594848486,0.6225794438995823,284.5,3761.0,0.8593498949450006,24,0.6950087844685994,0.1904573034909036,0.6711775398909311,0.1806506849315068,0.037622272385252,2.849356610113925,0.3387358184764992,102.437491,2.947498
2238,Healthy,0,0.1829780919684304,0.0192237918575604,0.0168715996874703,0.0906331812342007,0.4928247715174356,0.4661881148013391,0.3802890753303535,0.6277525350156513,0.8098554623348232,292.0,3953.0,0.8624263839811543,24,0.3546109847369227,0.2875155742383664,0.657884388517499,0.1768318213538032,0.0425321463897131,2.906939812609179,0.3498408206579412,102.436977,2.945176
2239,Healthy,0,0.1021851831012302,0.0210818097823195,0.023266648252805,0.0882153097126219,0.7251956311474055,0.7556746537053645,0.6841023469189512,0.8348130469692869,0.6579488265405246,284.5,3761.0,0.8593498949450006,24,0.6660278262067971,0.1861195887128511,0.6711775398909311,0.1806506849315068,0.037622272385252,2.849356610113925,0.3387358184764992,102.437425,2.947496
2240,Healthy,0,0.2012624144554138,0.0261211707774135,0.0253118197951051,0.133491489622328,0.5399777609669958,0.5327264211707389,0.4595084689278159,0.6375640378770701,0.7702457655360921,271.0,3774.0,0.8660074165636589,27,0.5274020934043148,0.3458761434174247,0.6977530324120104,0.2023658639628221,0.0468366846493379,2.766108654453569,0.3772007825004446,102.436469,2.949255
2241,Healthy,0,0.1753272828128602,0.0231492228599058,0.0226026839680141,0.1214822919832335,0.5397535813962747,0.5342329395706664,0.4665382994614506,0.6274820485284159,0.7667308502692746,271.0,3774.0,0.8660074165636589,27,0.4558491143497354,0.3153635927786429,0.6977530324120104,0.2023658639628221,0.0468366846493379,2.766108654453569,0.3772007825004446,102.436431,2.949184
2242,Healthy,0,0.1171641879611545,0.0234252720450361,0.0175564912044339,0.0895592379901144,0.7390434291411532,0.6617828779720656,0.6664872898439075,0.6556083345162886,0.6667563550780463,287.5,3818.0,0.8599439775910365,22,0.537230164543464,0.2148398632804553,0.6766843449224121,0.174786677676851,0.0400877299865968,2.824174066074714,0.3640092741216337,102.437577,2.94778
2243,Healthy,0,0.0733785087035761,0.0170439732157521,0.0184312519720859,0.0801872859398524,0.7266137351963032,0.7506355016387943,0.7539705990799122,0.7475775797262026,0.6230147004600439,340.0,3909.0,0.8399623440809603,27,0.6045118440610454,0.1616360458234945,0.6560235063663076,0.1743297680233365,0.0421597633136094,2.843824701195219,0.3423236514522821,102.43731,2.947152
2244,Healthy,0,0.1089857295155525,0.013987465451161,0.0115230696068869,0.0826423714558283,0.5095545478335805,0.4699400442874748,0.4549760768579572,0.4894818938600802,0.7725119615710214,308.0,3931.0,0.8546827081858929,25,0.3646225969187537,0.1797035514480537,0.6601616400551942,0.18253299634934,0.0411670169365805,2.7847809377402,0.3331028522039758,102.437493,2.947219
2245,Healthy,0,0.1715680840942594,0.0305572884778181,0.0266185723659065,0.1154195082684357,0.702260225212769,0.6645198415002199,0.6047194983780957,0.7496179122395327,0.697640250810952,296.0,3930.5,0.8599313853069916,24,0.5095063766422978,0.292954809549782,0.6954222141163596,0.1937078651685393,0.0429124361922925,3.021197007481297,0.3506750082318077,102.437359,2.945723
2246,Healthy,0,0.1476757700244585,0.0218718665548496,0.0200894492574863,0.0875684478216701,0.6271773810995178,0.605490305457394,0.5160052241629155,0.7464180446591988,0.7419973879185423,315.0,4036.0,0.8552056998391174,27,0.6184335472953952,0.2336947268082035,0.6802168021680217,0.1934552454282964,0.0410170304629407,2.8300882263462124,0.3689802913453299,102.437271,2.94722
2247,Healthy,0,0.1106047953168551,0.0171794482610291,0.0155493568422065,0.0804011685152848,0.6098359161771275,0.58513578839754,0.5377642119251821,0.6482239376709151,0.731117894037409,292.0,3791.0,0.8569679157482244,25,0.4913227522905647,0.1994590486089388,0.6601616400551942,0.18253299634934,0.0411670169365805,2.8642763588736084,0.3331028522039758,102.437458,2.947286
2248,Healthy,0,0.1964886801110373,0.023791912322243,0.0237645871109432,0.1022682777709431,0.5495607453141881,0.5492884949013904,0.4320292052864206,0.7542346080354376,0.7839853973567896,273.0,4038.0,0.8733472512178149,27,0.4534442020443953,0.3194575202133921,0.7228334298397993,0.2050762791953557,0.0421482778750729,2.7647231605228373,0.3986013986013986,102.436197,2.948914
2249,Healthy,0,0.3230097906457053,0.0237499651395612,0.0251961131062772,0.1035886050926314,0.4007601602657688,0.4117055789609886,0.273964492630091,0.7825808359455098,0.8630177536849546,261.5,3732.0,0.8690371854263178,26,0.2688071586927764,0.3578028144935767,0.6963202587949858,0.1926083866382373,0.0500625782227784,2.808302314290338,0.3770582283138626,102.433363,2.949023
2250,Healthy,0,0.1379676924811469,0.0387194926540056,0.0374706151584784,0.0906528656681378,1.0120773811951551,0.9998351937204224,0.8765659518405499,1.1698281975084868,0.5617170240797251,304.0,3792.0,0.8515625,27,0.8574519560285476,0.2571923923161295,0.6697247706422018,0.183739837398374,0.0464781983708672,2.723297938788257,0.3600412654745529,102.435968,2.948498
2251,Healthy,0,0.1153002132972081,0.0258074136864807,0.0222155698057678,0.1617672302656703,0.6281425186214177,0.5908876976448778,0.7315667972919389,0.4829923187850557,0.6342166013540305,311.0,4187.0,0.8617163183637172,24,0.5173937680371615,0.3004175277633799,0.7162547091794542,0.1911989795918367,0.0448061755328075,2.885861067679249,0.4005891016200295,102.437205,2.945718
2252,Healthy,0,0.1716554330454932,0.0368648719870381,0.0358924934019645,0.1349553010529942,0.7754078066864039,0.767142682658818,0.7071708816325931,0.840338466562458,0.6464145591837036,282.0,3745.0,0.8599453687608641,27,0.4625501279468261,0.3311865213844512,0.68,0.1901611047180667,0.048536307185401,2.754533884823417,0.3477048875673666,102.436625,2.949254
2253,Healthy,0,0.1076340782973501,0.0216987972251243,0.021049546284808,0.065319116330809,0.8023561112970264,0.7927313616570495,0.6710991969355435,0.9748696180923316,0.6644504015322281,292.0,3791.0,0.8569679157482244,25,0.4969620054295456,0.193505856518944,0.6601616400551942,0.18253299634934,0.0411670169365805,2.8642763588736084,0.3331028522039758,102.437488,2.947356
2254,Healthy,0,0.1424509204096264,0.01958579932236,0.0156970461830496,0.0782558628254466,0.602922003152057,0.5513167963719136,0.4834903929123102,0.6682942060529541,0.7582548035438448,350.0,3756.0,0.8295177788602046,23,0.5052279449513082,0.2157851269261703,0.6597755463673951,0.176716917922948,0.0443508424182358,2.7036037466264484,0.3313714999108257,102.436941,2.94496
2255,Healthy,0,0.1200958817369408,0.0165885305032134,0.0200918446191483,0.0956157768766085,0.5332031288052633,0.5813238172285897,0.4854549317318609,0.6945729022659101,0.7572725341340695,318.5,3852.5,0.8472788300167825,26,0.3944660777666854,0.2435914863728814,0.6802168021680217,0.1934552454282964,0.0410170304629407,2.7974352885300404,0.3689802913453299,102.437352,2.947231
2256,Healthy,0,0.1737259808513853,0.0188608526562651,0.0164794634199804,0.1542043387889862,0.4126514033924903,0.3891348499063827,0.3917371154142967,0.386198648183493,0.8041314422928515,311.0,3887.0,0.8518342067651262,23,0.3943118257266093,0.2763230504675044,0.629432098765432,0.1714833487183128,0.0323509167135974,2.941757156959526,0.3048007639552044,102.436782,2.94496
2257,Healthy,0,0.2075126104884677,0.031330383900139,0.0325655403236548,0.1550313548909293,0.5894644429915129,0.59934284556025,0.5247025809626765,0.6943726928189182,0.7376487095186617,251.0,3857.0,0.8777994157740994,29,0.3431199391847992,0.4086217338012324,0.7121335504885994,0.2105945012235497,0.0544132397191574,2.888034598750601,0.3912241887905605,102.433364,2.948747
2258,Healthy,0,0.1058624626861678,0.0225940166662136,0.02253701351583,0.0567973227136664,0.8696369027694449,0.868778151828567,0.7035539750154219,1.136305644538853,0.6482230124922891,294.0,3740.0,0.8542389687654933,25,0.6192919524043992,0.1822555706732802,0.6711775398909311,0.1806506849315068,0.037622272385252,2.822276822276822,0.3387358184764992,102.437465,2.947428
2259,Healthy,0,0.1752434695760409,0.0271836869004699,0.0286523482451836,0.1045281887054443,0.6508353539197242,0.6654917183270788,0.5371549425212468,0.8605566218975517,0.7314225287393765,274.5,3777.0,0.8644946316179193,26,0.7740747305388231,0.2777405737174881,0.702210397052804,0.1978971626098228,0.0515867998482741,2.8626890069472823,0.3872864743769252,102.433478,2.94909
2260,Healthy,0,0.1666001793411043,0.0272496995619601,0.0247109017024437,0.1466526827878422,0.592783837012998,0.5690984202128392,0.5622845826091323,0.576806368189491,0.7188577086954339,267.0,3928.0,0.8727056019070322,27,0.4987077283224561,0.3142314280072847,0.6977530324120104,0.2023658639628221,0.0468366846493379,2.7642706131078225,0.3772007825004446,102.43635,2.949188
2261,Healthy,0,0.1538931644625134,0.0165657868815792,0.0149880166475971,0.1043913977013693,0.4547664961346302,0.4354675883397993,0.3887337508756369,0.5021976939435997,0.8056331245621816,350.0,3756.0,0.8295177788602046,23,0.4220325748600453,0.2234134121487538,0.6597755463673951,0.176716917922948,0.0443508424182358,2.7036037466264484,0.3313714999108257,102.436899,2.945032
2262,Unhealthy,1,0.0809467567337883,0.0167104311080442,0.0189496210465828,0.0939865948425398,0.6416162477882139,0.6773251492755152,0.6844526850438799,0.6711618907149137,0.6577736574780602,280.0,3891.5,0.8657557233609013,22,0.516047548416192,0.1823001011378235,0.6790693202576675,0.1806381828015143,0.0403288258771668,2.802871556072953,0.3659251595102604,102.437925,2.94798
2263,Healthy,0,0.1223227613502078,0.0250698241094748,0.0263773745132817,0.0922612220876746,0.7576149950065193,0.7735514043767949,0.6803550946959226,0.8893353518670697,0.6598224526520388,298.0,4167.0,0.8665173572228444,27,0.4501656503170382,0.2360128302954964,0.6978093989889533,0.1833485580060028,0.0433782073409274,2.8212046084293423,0.3667388047278175,102.435053,2.948969
2264,Healthy,0,0.1627333594693077,0.0182617666820685,0.0219252999458048,0.0686298708120981,0.5453577902410064,0.5919649815930667,0.4035858217926858,0.9684836221852672,0.7982070891036571,262.0,4016.0,0.8775128564749883,27,0.4462774066393123,0.2528828930937581,0.7129149875263865,0.1995699502755006,0.0450766889123053,2.8297904417307405,0.3997569866342649,102.436433,2.949053
2265,Healthy,0,0.1208053007721901,0.0424273038903872,0.0407796493834919,0.1014341562986373,1.105258844019392,1.0896438845685208,1.0396771889559655,1.1469955167261607,0.4801614055220171,283.0,3762.0,0.8600741656365883,27,1.037595400892649,0.2617805591887897,0.6877249100359856,0.1911951460420488,0.0466154227622117,2.665083499310556,0.3526728699142492,102.436003,2.948568
2266,Healthy,0,0.121066879067156,0.025464435832368,0.0298178005549642,0.0967940323882632,0.7578989212096596,0.8095716377869118,0.6951261127992708,0.942022553874075,0.6524369436003645,275.5,3999.0,0.8710960346239326,26,0.8045914091011354,0.2236757713059584,0.6839584996009577,0.1852267939896082,0.0372373110482978,2.908529917200437,0.3859080962800875,102.433404,2.949224
2267,Healthy,0,0.0715784993436601,0.0245906091812584,0.0219957792303628,0.0620470763080649,1.0761354604508906,1.0340354183198546,1.0228069931577537,1.0468839541181685,0.4885965034211231,294.5,3881.5,0.858955938697318,22,0.7292500227795433,0.1576750504059923,0.6691305193542112,0.1721076355689113,0.0417627777103314,2.766039481801357,0.34794711203897,102.437618,2.947426
2268,Healthy,0,0.1207262923320134,0.0212617613789108,0.0149613455351856,0.0846195874942673,0.6862246378859662,0.599797306812843,0.5989732466422271,0.6009722978096823,0.7005133766788864,270.0,3978.5,0.872896316346946,22,0.3902873762007599,0.2319334000349044,0.6826525708793849,0.179228126894322,0.0455658405494177,2.808831326213739,0.3673433975360055,102.437617,2.947849
2269,Healthy,0,0.1370023588339487,0.0186556284833285,0.0129815324520071,0.0719502944913175,0.6060369450388072,0.5259933556632933,0.4794004806268704,0.6113859983569992,0.7602997596865648,317.0,4003.0,0.8532407407407407,29,0.4836901683334544,0.2019855063408613,0.7004371792434898,0.1942330796956347,0.0424143556280587,2.715485486960365,0.3678121810139503,102.434553,2.948485
2270,Healthy,0,0.152231408490075,0.0169405115561352,0.0251606684178113,0.0810203080375989,0.5073286510359911,0.6115959629819798,0.4005513811395605,0.9478409130425473,0.7997243094302199,304.0,3787.0,0.8513810804204351,27,0.5491271182612597,0.2336364270498355,0.6769624237654929,0.1778361199392013,0.0414172266340867,2.762531725888325,0.3600141043723554,102.435969,2.94836
2271,Healthy,0,0.1081198785040113,0.0144875831902027,0.0130220789255367,0.0860260236594412,0.5194519113681975,0.4964398201362345,0.4726493148136477,0.5258890815950548,0.7636753425931762,308.0,3931.0,0.8546827081858929,25,0.3361230135254228,0.1908755745324823,0.6601616400551942,0.18253299634934,0.0411670169365805,2.7847809377402,0.3331028522039758,102.437425,2.947223
2272,Healthy,0,0.1447367345293363,0.0213673425217469,0.0250763737907012,0.0886322648988829,0.6191106811958823,0.663925743181629,0.5145531139533834,0.8821273064101237,0.7427234430233082,335.0,3765.0,0.8365853658536585,27,0.50970870267502,0.2468648064467641,0.6576977544001619,0.171240708976558,0.0399796928544231,2.67675979397534,0.3447839450370638,102.436043,2.948368
2273,Healthy,0,0.2017563531796137,0.020617587905791,0.0200646710064676,0.0957521208458476,0.4869189528000738,0.481175324455156,0.3708633809367552,0.6929796857800462,0.8145683095316225,271.0,3774.0,0.8660074165636589,27,0.3742168839693631,0.3060458888196282,0.6977530324120104,0.2023658639628221,0.0468366846493379,2.766108654453569,0.3772007825004446,102.436505,2.949177
2274,Healthy,0,0.1070243650012546,0.0215157578802771,0.0144221445338593,0.0868061706423759,0.7266932884428097,0.6256368841242003,0.6695421600026625,0.5698857877363983,0.6652289199986687,273.0,3867.0,0.8681159420289855,23,0.4444492720882498,0.2220492925908831,0.6952380952380952,0.18321562110511,0.0361387339316032,2.691328440916579,0.372974897632188,102.437655,2.947912
2275,Healthy,0,0.1454985969596439,0.028419171149532,0.0256756610340542,0.0958593926495975,0.7624284569206793,0.7323650775150512,0.6536231797016169,0.8450454500439477,0.6731884101491916,298.0,3816.0,0.8551288283908605,27,0.5561683480163037,0.2616157991190752,0.6576977544001619,0.171240708976558,0.0399796928544231,2.8166533226581265,0.3447839450370638,102.436081,2.948434
2276,Healthy,0,0.0837097681230968,0.018838457038833,0.0185028456358446,0.0799558775292502,0.7485136600664707,0.7430848134448735,0.73481357708867,0.7516995971934016,0.632593211455665,321.0,3729.0,0.8414814814814815,29,0.7209304776198047,0.1657032252599795,0.6833868378812199,0.1922694329970157,0.040039667782323,2.729894264658763,0.3391521197007481,102.434431,2.94828
2277,Healthy,0,0.0954932239320543,0.0144633540055818,0.0168803765748937,0.0791616820626788,0.5683560011529478,0.6086201559694718,0.526147840424243,0.7030410140871324,0.7369260797878785,289.5,3844.0,0.8599250030240716,22,0.5251976994720939,0.1649198906703128,0.6682188591385332,0.1774049982882574,0.0412982923579992,2.792661847894406,0.3327553320617305,102.437964,2.948046
2278,Healthy,0,0.1707042339775297,0.0174842924914426,0.0210517160594463,0.102807586805688,0.4534302254438709,0.493975665629499,0.3716335489629402,0.6798590197901797,0.81418322551853,271.0,4021.0,0.8737185461323392,27,0.4197340460829035,0.2763835514585177,0.7129149875263865,0.1995699502755006,0.0450766889123053,2.746850278347495,0.3997569866342649,102.436395,2.949118
2279,Healthy,0,0.1550385604302088,0.0273621492087841,0.0274543453835778,0.0626498518718613,0.8035498530593802,0.804631303224169,0.600044797258502,1.2187820865102057,0.6999776013707489,293.5,4168.5,0.8684446436575527,24,0.698958654078679,0.2137793356345759,0.6994545796501787,0.1978524557566116,0.0432373145529065,2.967756758826683,0.3601613038729732,102.437439,2.945716
2280,Healthy,0,0.1231436183055241,0.0206704083830118,0.0264705529229508,0.0891994167533185,0.651847825056894,0.7266877644305697,0.5749205097435613,0.9153820303415006,0.7125397451282193,273.0,4028.0,0.8730527784236224,27,0.5437736372768273,0.235032325817479,0.7089639115250291,0.1954397394136807,0.0464536057977901,2.808946738479952,0.390570021111893,102.436466,2.948985
2281,Healthy,0,0.0786977973249223,0.0108390509461363,0.0099859547076953,0.0851122463742892,0.4674822064374094,0.4511603994323274,0.484227495402688,0.4200270707155174,0.757886252298656,333.5,3818.0,0.8393351800554016,26,0.3945427550704813,0.1520431487717562,0.6397540170601071,0.1698273422020945,0.0473897617840851,2.736160188457008,0.2981773137497788,102.437462,2.947152
2282,Healthy,0,0.2057704064581129,0.0192241414139668,0.0172168225463893,0.1863535493612289,0.3571831100744088,0.3401208291064834,0.3417707957065102,0.3382972165360572,0.8291146021467448,265.0,3857.0,0.871421639980592,27,0.3041219830101704,0.3594608693901035,0.7041396900137336,0.2007188277578103,0.0463799542223828,2.80143503353611,0.3675092805373873,102.432823,2.948192
2283,Healthy,0,0.0914178312652641,0.018290978959865,0.021160814911127,0.0800460589428742,0.7033441570484241,0.7482002875839365,0.6668918903534112,0.8363390392495721,0.6665540548232942,297.0,4094.0,0.8647232976542929,27,0.6248372073508085,0.1629497862110535,0.6978093989889533,0.1833485580060028,0.0433782073409274,2.840365050867744,0.3667388047278175,102.434899,2.948964
2284,Healthy,0,0.0852701697084638,0.0179338161316182,0.0177681792734397,0.0814268332388666,0.7082703696220586,0.7055765235141862,0.6950823065848346,0.7164948649504067,0.6524588467075826,340.0,3909.0,0.8399623440809603,27,0.6061941163197127,0.1652719804810153,0.6560235063663076,0.1743297680233365,0.0421597633136094,2.843824701195219,0.3423236514522821,102.437232,2.94715
2285,Healthy,0,0.2094484095772107,0.0182274139175812,0.0162797020748257,0.0864022589392132,0.4388110125821381,0.417815079414113,0.3202345095371648,0.6341796324906536,0.8398827452314176,276.0,4190.5,0.8764132990036941,24,0.4089925587932141,0.2794705031232701,0.6894752387515999,0.1904266389177939,0.0432879377431906,3.0227799227799226,0.3700510293858877,102.437056,2.945172
2286,Healthy,0,0.1026823553774091,0.0135791783945428,0.0168839449890785,0.0871999160283141,0.5005211607609081,0.5530067630910966,0.4671941941236897,0.6488592880410985,0.7664029029381552,328.0,3689.0,0.8366940502862833,25,0.5610794190917273,0.1852321732375356,0.6802168021680217,0.1934552454282964,0.0410170304629407,2.8050408946753462,0.3689802913453299,102.437343,2.947363
2287,Healthy,0,0.1297264066007402,0.0168568214608563,0.0162579318922426,0.0901934819089041,0.5316906283085339,0.5234817352963356,0.4599931843163614,0.6109052500744698,0.7700034078418194,271.0,3932.5,0.8710598310931367,22,0.4924531826887177,0.2375298260400692,0.6826525708793849,0.179228126894322,0.0455658405494177,2.8169718418218186,0.3673433975360055,102.437655,2.947777
2288,Healthy,0,0.16403762002786,0.0243083524207274,0.0214966917410492,0.1145330816507339,0.5943591210742492,0.5648393229044671,0.5162489455910787,0.6321172550699172,0.7418755272044606,293.0,3945.0,0.8617272298253893,23,0.4357738385692509,0.2782900242341889,0.6673874582268527,0.1831496721997489,0.0480662300753737,2.854016880275086,0.3607450360217888,102.437488,2.947638
2289,Healthy,0,0.1235921887887848,0.0237156014061636,0.028677654142181,0.0940050317181481,0.7158659017518335,0.7762237589094465,0.6439741272278451,0.9350187906655296,0.6780129363860776,273.0,4028.0,0.8730527784236224,27,0.5258589924861236,0.2413614868289894,0.7089639115250291,0.1954397394136807,0.0464536057977901,2.808946738479952,0.390570021111893,102.436437,2.948915
2290,Healthy,0,0.1432087578707271,0.0290510283990038,0.0323002876506911,0.1001961860391828,0.7708219930096216,0.8052509380161965,0.6745864261903727,0.9751289751693872,0.6627067869048137,262.0,3881.0,0.8735216027033551,26,0.8961082912298597,0.2481176410284307,0.6963202587949858,0.1926083866382373,0.0500625782227784,2.94443088438695,0.3770582283138626,102.433447,2.949155
2291,Healthy,0,0.1118078447050518,0.0335483143313063,0.033471830189228,0.0828897489441765,1.025181198730799,1.024311840522813,0.9232031048072704,1.1506145048393923,0.5383984475963647,511.0,4094.0,0.7780673181324647,25,0.7469531183812534,0.2112237181928423,0.6567068125402225,0.1779317557850699,0.0421003932454314,2.3427487903753104,0.3280522662311147,102.435209,2.949241
2292,Healthy,0,0.3110422376129362,0.0356434577455123,0.0346664488315582,0.2304152134391996,0.4653615398747419,0.4597166272456499,0.4112480926985982,0.5231059520993866,0.7943759536507009,275.0,3711.0,0.8620170597089815,27,0.3223404704893934,0.5066819969150755,0.6999008919722498,0.1945953475414403,0.0425480184779965,2.6826983135540288,0.3694598959267899,102.43302,2.948268
2293,Healthy,0,0.193682708674007,0.0173977383722861,0.0208468648294607,0.0776193630364206,0.4546978820340023,0.4942014410278862,0.3296892462705561,0.8468635503273574,0.8351553768647221,278.0,3977.0,0.8693301997649824,27,0.4219887196099865,0.2774476978100008,0.7129149875263865,0.1995699502755006,0.0450766889123053,2.797186932849365,0.3997569866342649,102.436471,2.949117
2294,Healthy,0,0.0979461338784959,0.0209243248941169,0.0237273155815071,0.0757351795004473,0.776665094231444,0.818046743513885,0.7041051278902868,0.954221611350346,0.6479474360548566,280.5,4031.5,0.8698979591836735,22,0.7484470527682058,0.1849682326945994,0.6711775398909311,0.1806506849315068,0.037622272385252,2.864014659845766,0.3387358184764992,102.43758,2.947497
2295,Healthy,0,0.2700463649299409,0.0483917132433917,0.0426723452077971,0.2166792021857367,0.6634579932642547,0.630430554109353,0.6078634002689975,0.6581390492811999,0.6960682998655012,258.0,3789.0,0.8724981467753892,27,0.4629039456648824,0.431848392304447,0.6902493411717008,0.1916535658139202,0.0464357429718875,2.804161372299873,0.3580246913580246,102.433057,2.94834
2296,Healthy,0,0.1511252356900109,0.0173469857416219,0.0156622373809417,0.0924135992924372,0.4987761425254043,0.4774464640793714,0.4118657804642631,0.579675822571711,0.7940671097678683,308.0,3992.0,0.8567441860465116,23,0.434577032629982,0.21954874197642,0.6426858513189448,0.1646358741853216,0.0385344283006948,2.7670121676430823,0.3227665706051873,102.436863,2.945096
2297,Healthy,0,0.1258373376395967,0.0244029899024301,0.0276853802303473,0.1096243378188875,0.6867609297251428,0.7245816292697581,0.6497054499725805,0.8065089819912156,0.6751472750137097,267.0,4043.0,0.8761020881670534,27,0.5831498041526901,0.2536303098830912,0.7089639115250291,0.1954397394136807,0.0464536057977901,2.894817540631708,0.390570021111893,102.436355,2.948915
2298,Healthy,0,0.1920594109429253,0.037683554407623,0.0327658434915873,0.1421767796079317,0.7360009934674179,0.6963371062362681,0.6560993821965233,0.7491791974091507,0.6719503089017383,255.0,3901.0,0.8772858517805582,27,0.5428001875988776,0.2768060569134024,0.7101214574898785,0.1955844891027455,0.0392422192151556,2.7985876573533925,0.3840100160972992,102.433138,2.948338
2299,Healthy,0,0.1096901330682966,0.0137421238339609,0.0199836302134725,0.0746561441984441,0.518985593344474,0.6186167725258644,0.4453333084508986,0.84461867487107,0.7773333457745507,305.5,3884.5,0.8541766109785203,22,0.5837191352006736,0.1676475082834561,0.6686649538490818,0.1822288141306546,0.0493686793130273,2.755408422511356,0.3531649948114839,102.437736,2.947631
2300,Healthy,0,0.1726035442617204,0.034211385788189,0.0340758071591456,0.135834996898969,0.7262382129854325,0.725060029244019,0.6616811616053633,0.8022046001851807,0.6691594191973184,291.0,3537.0,0.8479623824451411,27,0.4540000960234616,0.3329483543833098,0.68,0.1901611047180667,0.048536307185401,2.784831846259437,0.3477048875673666,102.436548,2.949247
2301,Healthy,0,0.1632837644881672,0.0297691027323404,0.0348567937811215,0.156595057911343,0.6276809008792508,0.6723027659703618,0.616807264475129,0.7282623484282226,0.6915963677624355,299.0,3976.0,0.8601169590643275,24,0.54757992107059,0.3464459615449111,0.6907334799655733,0.1918565457732236,0.0400611800694158,2.9394835718282835,0.3665925038507616,102.437365,2.945995
2302,Healthy,0,0.1800802134805255,0.0199497391780217,0.0167590956100159,0.0964533752865261,0.5043654725316326,0.4687594275566791,0.3989350377355949,0.5921289581368123,0.8005324811322025,318.0,3753.0,0.8437730287398674,23,0.358228061202564,0.2659684386518266,0.657884388517499,0.1768318213538032,0.0425321463897131,2.8137287024901703,0.3498408206579412,102.436904,2.945173
2303,Healthy,0,0.1076231027642885,0.0282597028546863,0.0304336663749482,0.0695724127193292,0.967322161903418,0.9952714694629632,0.831884585425136,1.2172726558455662,0.5840577072874319,325.5,3992.0,0.8492182976259409,26,0.8430714232739136,0.1905712944765885,0.6567068125402225,0.1779317557850699,0.0421003932454314,2.7757589522295403,0.3280522662311147,102.435135,2.94924
2304,Healthy,0,0.1986341484718852,0.0159385737238658,0.0195331477249662,0.0966079690390163,0.3897923584752824,0.4290321996854919,0.2971220863633414,0.6727384157898433,0.8514389568183292,286.0,3788.0,0.8595974472263133,24,0.3956962733737394,0.2562059987750318,0.657884388517499,0.1768318213538032,0.0425321463897131,2.868140868140868,0.3498408206579412,102.437014,2.9451
2305,Healthy,0,0.147080677251021,0.0251591872009966,0.0275330951230393,0.1036575626995828,0.6685569690631066,0.6946207247581151,0.584282559233096,0.8394834077367233,0.7078587203834519,262.0,4050.0,0.87847866419295,27,0.6127433968001318,0.2675814289185736,0.7228334298397993,0.2050762791953557,0.0421482778750729,2.839154549542797,0.3986013986013986,102.436315,2.948983
2306,Healthy,0,0.1450551789667871,0.0278564557019207,0.0266414918005466,0.1258682840400272,0.6822621822736459,0.6698753768804395,0.6444090533362344,0.6987484350746487,0.6777954733318828,314.0,4068.5,0.8567027952082145,24,0.6451181651862767,0.2977748250381814,0.6954222141163596,0.1937078651685393,0.0429124361922925,2.8684391473756587,0.3506750082318077,102.437283,2.945721
2307,Healthy,0,0.204888770977656,0.0271929583201805,0.0236978603319989,0.1091379721959431,0.5904891180213473,0.557833592853786,0.4686790020473015,0.7135984284064033,0.7656604989763491,291.0,3537.0,0.8479623824451411,27,0.4080490128503013,0.3352813582039541,0.68,0.1901611047180667,0.048536307185401,2.784831846259437,0.3477048875673666,102.436585,2.949184
2308,Healthy,0,0.2191648466719521,0.0209460723110371,0.0168811155276166,0.2196593052811092,0.3485810231151712,0.3174411539905312,0.3489399382544704,0.2854669061617543,0.8255300308727649,271.0,3892.0,0.869805428777324,27,0.2619740480057854,0.4233490199678474,0.7041396900137336,0.2007188277578103,0.0463799542223828,2.794844087681383,0.3675092805373873,102.43286,2.948268
2309,Healthy,0,0.2277184145318137,0.0208562333136796,0.0193210096201962,0.1194935788710912,0.4290032735314549,0.4148514121228428,0.3356132010154667,0.5567429138446459,0.8321933994922666,265.0,3574.0,0.8619432143787444,26,0.4482702663752398,0.3165522168080011,0.702210397052804,0.1978971626098228,0.0515867998482741,2.8711496746203906,0.3872864743769252,102.433521,2.949016
2310,Healthy,0,0.0798326660361554,0.0264095517082346,0.0225624377942747,0.052709836512804,1.139806771555926,1.07918632719691,0.9943147750086996,1.1989773393709136,0.5028426124956502,287.0,3823.0,0.8603406326034063,24,0.6136302455416791,0.1705790309028493,0.6601616400551942,0.18253299634934,0.0411670169365805,2.892670157068063,0.3331028522039758,102.437584,2.947361
2311,Healthy,0,0.1209333481060134,0.0207253649002975,0.0158814231140746,0.0951761230826377,0.6437443307062133,0.5794132618109628,0.5852196299248938,0.5720069876546487,0.7073901850375532,303.0,4131.0,0.8633288227334236,29,0.5568153702039067,0.2018013106038173,0.7004371792434898,0.1942330796956347,0.0424143556280587,2.753956834532374,0.3678121810139503,102.434668,2.948552
2312,Healthy,0,0.0883593774504131,0.019249918560187,0.0205016563543015,0.066978489773141,0.7944757136013821,0.8150430792940775,0.7155485361893187,0.9374312806672432,0.6422257319053406,301.0,3806.0,0.8534209885561237,29,0.7074010058443156,0.1692482351015011,0.6833868378812199,0.1922694329970157,0.040039667782323,2.82615707144009,0.3391521197007481,102.434465,2.948346
2313,Healthy,0,0.1372007081906,0.022545163002279,0.0176066266786721,0.0831957517398728,0.6793607575722037,0.616420025708599,0.5645257140964278,0.6986591766939086,0.7177371429517861,288.0,4136.0,0.8698010849909584,29,0.5349895974098536,0.2319341243969069,0.6988416988416989,0.1891891891891892,0.0379806558150507,2.856718634001485,0.3729216152019002,102.434823,2.948553
2314,Healthy,0,0.2167062419984075,0.0239800850136412,0.0271381982084777,0.1862864858574337,0.4254117913637406,0.4502712506422189,0.3985284134971367,0.5086234205242478,0.8007357932514315,275.0,3711.0,0.8620170597089815,27,0.3179131694764187,0.3950658897972768,0.6999008919722498,0.1945953475414403,0.0425480184779965,2.6826983135540288,0.3694598959267899,102.43306,2.948198
2315,Healthy,0,0.1645984914567735,0.0149551511017812,0.0229715963618622,0.0899955953160921,0.4205250022493052,0.5186194352635937,0.3331628562623927,0.8133900124683772,0.8334185718688036,305.0,3857.0,0.8534358481499279,27,0.5484944154533566,0.2508125613547033,0.6769624237654929,0.1778361199392013,0.0414172266340867,2.738205365402405,0.3600141043723554,102.43589,2.948362
2316,Healthy,0,0.1387283073531257,0.0199370766058564,0.0187025498598814,0.1032027751207351,0.5659817230110331,0.5508718513315111,0.5026194399406112,0.6136745827257404,0.7486902800296945,284.5,3964.0,0.8660703777803931,24,0.4504560285609262,0.2448084958725505,0.6831742243436754,0.1902116588144293,0.044427989633469,2.8472490907683974,0.3468171557562077,102.437052,2.945027
2317,Healthy,0,0.2677373207277722,0.0200569693826966,0.0192791320797469,0.0982429931561152,0.395119492617269,0.3882014147276217,0.2787681350453174,0.6561873193172594,0.8606159324773414,273.0,3840.5,0.8672663182204935,26,0.2780981628224722,0.3358909578786955,0.6963202587949858,0.1926083866382373,0.0500625782227784,2.8374294122325616,0.3770582283138626,102.433441,2.949017
2318,Healthy,0,0.2549145585960812,0.0280814549575249,0.0238938335743215,0.1362711046304967,0.5021847685408307,0.4691323847519773,0.3969166152540959,0.5967306913018922,0.801541692372952,297.0,4094.0,0.8647232976542929,24,0.5818045900660082,0.337426257216268,0.6964269054949156,0.1864030795328505,0.0424812245599954,2.963396550378522,0.3638167686456094,102.437481,2.945791
2319,Healthy,0,0.1366556965642505,0.0231656488031148,0.0244231135067012,0.0975449416372511,0.6606206523022574,0.6755223897487184,0.5797886070816447,0.8009675477034022,0.7101056964591775,297.0,3823.0,0.8558252427184466,27,0.4926956399964858,0.2556599252339867,0.6524695060987803,0.1712018140589569,0.0385823802940806,2.7820735363736784,0.3405424570111682,102.436164,2.948436
2320,Healthy,0,0.130994771917661,0.0196539076666037,0.0229290821072128,0.1373974324928389,0.510988791823258,0.5477348749376758,0.5218474591570614,0.5720596412742177,0.7390762704214694,246.0,3909.0,0.8815884476534296,27,0.5025248074700349,0.2435164654420482,0.7101214574898785,0.1955844891027455,0.0392422192151556,2.780476696523455,0.3840100160972992,102.433175,2.948408
2321,Healthy,0,0.105959834323989,0.0215239629356397,0.0200902183229724,0.0578447033961614,0.8324372864382541,0.8103289021662029,0.6753474056567299,1.0311279144091343,0.6623262971716349,266.5,4001.5,0.8751171508903468,22,0.6855555257774109,0.1885718684643507,0.6790693202576675,0.1806381828015143,0.0403288258771668,2.8433313032886725,0.3659251595102604,102.437771,2.947985
2322,Healthy,0,0.0999849641488658,0.0151646667056613,0.0173573842686083,0.1008601519796583,0.5247869472027417,0.5574400439963222,0.5267812529879283,0.5873031977982136,0.7366093735060358,356.0,3567.0,0.8185062452204945,27,0.4126517489328804,0.1789235990080568,0.6560235063663076,0.1743297680233365,0.0421597633136094,2.798013245033113,0.3423236514522821,102.437386,2.947156
2323,Healthy,0,0.1593847862548298,0.0164818344637751,0.0160197989187306,0.10320738537444,0.4461244124351926,0.440560023023306,0.3748712381332858,0.5374545751022394,0.812564380933357,288.5,4014.0,0.8658919233004068,22,0.4417213029629103,0.2500055343326594,0.6673874582268527,0.1831496721997489,0.0480662300753737,2.857197637855664,0.3607450360217888,102.437582,2.947636
2324,Healthy,0,0.2112861449519793,0.0179135078150365,0.0175381621552838,0.1958452297581566,0.3235248855095078,0.3204069418964417,0.3126271370619534,0.3287633962140447,0.8436864314690232,284.0,3794.0,0.8607160372731731,27,0.2621524900125842,0.3659511634873019,0.6999008919722498,0.1945953475414403,0.0425480184779965,2.732368052312004,0.3694598959267899,102.432979,2.948195
2325,Healthy,0,0.1901611685752868,0.0187383148198326,0.0169212870920697,0.1558530131975809,0.3908998966794063,0.3737181167397558,0.3588005966370023,0.3917547242547463,0.8205997016814989,311.0,3887.0,0.8518342067651262,23,0.3647255925590313,0.27466998476949,0.629432098765432,0.1714833487183128,0.0323509167135974,2.941757156959526,0.3048007639552044,102.43682,2.945027
2326,Healthy,0,0.0761105463736587,0.0192555995244118,0.0198355472336212,0.0955707563294304,0.7328748404979323,0.7418644487545994,0.8076492697940261,0.6875030781237753,0.5961753651029869,325.5,3992.0,0.8492182976259409,26,0.6160767633467032,0.1740603130310773,0.6567068125402225,0.1779317557850699,0.0421003932454314,2.7757589522295403,0.3280522662311147,102.435094,2.949176
2327,Healthy,0,0.0738568690915902,0.0188630225343836,0.0215308663124839,0.11462987628248,0.6670895132837388,0.7059380796345647,0.8137637869757589,0.6325131870507366,0.5931181065121205,370.5,4026.0,0.8314568406687137,26,0.536365066792615,0.1932325040300686,0.6476516105812489,0.1809622081774796,0.0472976837289104,2.655648383581547,0.3240643440303936,102.435133,2.949103
2328,Healthy,0,0.1580582658449808,0.0254738312214612,0.0221908866531319,0.1386745340294308,0.5861435192918213,0.5536011779194173,0.5551907623490882,0.5517876137450668,0.7224046188254558,293.0,3945.0,0.8617272298253893,23,0.5040451035263854,0.26488097012043,0.6673874582268527,0.1831496721997489,0.0480662300753737,2.854016880275086,0.3607450360217888,102.437463,2.947569
2329,Healthy,0,0.1052199113700124,0.0235218260851171,0.0186024544139703,0.0766358926064438,0.8220841230847877,0.752286179331037,0.7308220799277372,0.7813010198500364,0.6345889600361314,257.5,3931.5,0.8770589639532108,22,0.5887127564417144,0.1997234140419298,0.6952380952380952,0.18321562110511,0.0361387339316032,2.7655250282273243,0.372974897632188,102.437689,2.947979
2330,Healthy,0,0.1629092395305633,0.0186782129522826,0.0218773699469036,0.0718100199268923,0.5492063850521471,0.5893104150308516,0.4114428105443481,0.9340582537895056,0.7942785947278258,266.0,4052.0,0.8767948124131543,27,0.4358788342422458,0.2605384902821646,0.7129149875263865,0.1995699502755006,0.0450766889123053,2.784642541924095,0.3997569866342649,102.436357,2.94905
2331,Unhealthy,1,0.1680025317602687,0.0350248447308937,0.0350897926837205,0.1733696609735489,0.6810497204276871,0.6815735744380679,0.6900516636960691,0.6733164088861526,0.6549741681519654,293.0,4258.0,0.8712370907492859,24,0.5198506107187769,0.3363014037410418,0.6964269054949156,0.1864030795328505,0.0424812245599954,2.941831132215462,0.3638167686456094,102.437522,2.945863
2332,Healthy,0,0.13797544191281,0.0229061410451928,0.0156805364208088,0.0799857580827342,0.6947215728905043,0.601629260749357,0.569515556076355,0.6556347353969301,0.7152422219618224,303.5,3697.5,0.8482879280179955,24,0.5290322856103266,0.2076628239204486,0.6597755463673951,0.176716917922948,0.0443508424182358,2.713463383434602,0.3313714999108257,102.437017,2.944962
2333,Healthy,0,0.1163497534063127,0.0192072687463627,0.0173114938661456,0.0858790294991599,0.6385307089207377,0.6118389620848763,0.5667657327181443,0.6710497554067464,0.7166171336409279,285.0,4109.0,0.8702776513427402,22,0.482319278603585,0.2094494079550107,0.6826525708793849,0.179228126894322,0.0455658405494177,2.7441693577323285,0.3673433975360055,102.437737,2.947777
2334,Healthy,0,0.1127867963578966,0.0232279960893922,0.0202396636207898,0.0825856468743748,0.7684124011275896,0.7279792492914003,0.6831020559295118,0.7873416972270296,0.6584489720352442,293.0,3997.0,0.8634032634032635,29,0.5539961449006879,0.199573285670744,0.7004371792434898,0.1942330796956347,0.0424143556280587,2.8287765388727664,0.3678121810139503,102.434587,2.94855
2335,Healthy,0,0.0963687776691383,0.0279967926649583,0.0294228707336717,0.1122531245152155,0.8464143328254274,0.8633186813918313,0.90046763231166,0.8307087077661535,0.54976618384417,511.0,4094.0,0.7780673181324647,25,0.7538768851750747,0.2111936267465352,0.6567068125402225,0.1779317557850699,0.0421003932454314,2.3427487903753104,0.3280522662311147,102.435173,2.949179
2336,Healthy,0,0.1080380156636238,0.017710800593098,0.0185426982740561,0.0813290795518292,0.6303092949639287,0.6427338606134599,0.5633707296915023,0.7426601859990163,0.7183146351542489,292.0,3791.0,0.8569679157482244,25,0.5142748743549335,0.2003321219235658,0.6601616400551942,0.18253299634934,0.0411670169365805,2.8642763588736084,0.3331028522039758,102.437425,2.947355
2337,Healthy,0,0.0860680523845884,0.0155495392779509,0.015245236042473,0.1103333739770783,0.5467957720299583,0.542170601311622,0.612080606263104,0.4855997702188126,0.6939596968684479,280.0,3891.5,0.8657557233609013,22,0.5307675871997845,0.1952345499561892,0.6790693202576675,0.1806381828015143,0.0403288258771668,2.802871556072953,0.3659251595102604,102.437887,2.947912
2338,Healthy,0,0.118955373764038,0.0250277227411667,0.0232281179891692,0.0621855983303652,0.8660245864877115,0.8414387303140732,0.6952961381897215,1.0877933423373058,0.6523519309051393,255.0,3963.0,0.8790896159317212,22,0.7278299205078119,0.1958746939069695,0.6952380952380952,0.18321562110511,0.0361387339316032,2.8378998928516763,0.372974897632188,102.437725,2.948051
2339,Healthy,0,0.141018991669019,0.0229990635481145,0.0261835855328374,0.0917814133895768,0.6599479092047003,0.6976681521665116,0.5608910194104532,0.8878425218333922,0.7195544902947735,262.0,3766.5,0.8699267717512722,26,0.8836002134996833,0.213644372506274,0.6963202587949858,0.1926083866382373,0.0500625782227784,2.8187082763612965,0.3770582283138626,102.433362,2.949159
2340,Healthy,0,0.2343216240406036,0.0279794761704074,0.0242963304950131,0.2262156208356221,0.4333735864258446,0.4077572246514878,0.4266772216799548,0.3879468482993992,0.7866613891600227,278.0,3787.0,0.8632226322263222,27,0.2790760428422635,0.4796446356922388,0.6902493411717008,0.1916535658139202,0.0464357429718875,2.9428044280442807,0.3580246913580246,102.432976,2.948335
2341,Unhealthy,1,0.1083858253227339,0.0171755388793018,0.0146368064193262,0.0642552657259835,0.6638140555081454,0.622388077539222,0.5471599958619543,0.7421179858157085,0.7264200020690228,303.0,4004.0,0.8592988158811238,29,0.5504537545385181,0.186561421594686,0.6833868378812199,0.1922694329970157,0.040039667782323,2.8334098912877046,0.3391521197007481,102.434508,2.948415
2342,Healthy,0,0.1573817026284006,0.0224990795056025,0.0231926143169403,0.1050300598144531,0.5855134251798025,0.5931993672045607,0.5003109112310107,0.7235105483192207,0.7498445443844945,298.0,3816.0,0.8551288283908605,27,0.4188208921977967,0.2633438013080094,0.6576977544001619,0.171240708976558,0.0399796928544231,2.8166533226581265,0.3447839450370638,102.436128,2.948365
2343,Healthy,0,0.1853195470240381,0.0254624154832628,0.0276103671640157,0.0967813423938221,0.6116624374567466,0.6333765097989459,0.4831991348857633,0.8878523259197701,0.7584004325571183,262.0,3881.0,0.8735216027033551,26,0.7341422581437009,0.2666301267842452,0.6963202587949858,0.1926083866382373,0.0500625782227784,2.94443088438695,0.3770582283138626,102.433404,2.949092
2344,Healthy,0,0.1222821440961625,0.0370057469440831,0.0400563265300459,0.1098269133104218,0.9670895152270084,0.9970151256310106,0.9292796006630096,1.0690008188422118,0.5353601996684954,277.0,3933.0,0.8684085510688836,27,0.9215961694355284,0.2735813268356852,0.6877249100359856,0.1911951460420488,0.0466154227622117,2.768857921841866,0.3526728699142492,102.436083,2.948574
2345,Healthy,0,0.1834276252322726,0.0319355192283789,0.0343528952863481,0.1769387125968933,0.6022198139723604,0.6214712401590419,0.5931473429840037,0.6503409317672725,0.7034263285079981,258.0,3833.0,0.8738694695673429,27,0.6563342745408858,0.3265578750934865,0.702210397052804,0.1978971626098228,0.0515867998482741,2.9452957653649694,0.3872864743769252,102.433594,2.949159
2346,Healthy,0,0.1263452370961507,0.0306831217474407,0.0357683371338579,0.105460676882002,0.8372724616664985,0.8911961940013832,0.7815944068549483,1.013059175782142,0.6092027965725259,284.0,3789.0,0.8605450527866437,27,0.6765813047526096,0.2757901325821876,0.6877249100359856,0.1911951460420488,0.0466154227622117,2.7200062082880647,0.3526728699142492,102.436122,2.948502
2347,Unhealthy,1,0.2787008732557297,0.0345515068620443,0.0399942137300968,0.1250036640299691,0.5846185288412039,0.6234871334763182,0.4411970545801302,0.9695691671441976,0.779401472709935,261.5,3732.0,0.8690371854263178,26,0.4235362297311429,0.3563169921851821,0.6963202587949858,0.1926083866382373,0.0500625782227784,2.808302314290338,0.3770582283138626,102.433284,2.949028
2348,Healthy,0,0.1430272832512855,0.0276274505174822,0.025827056210902,0.1923051642047034,0.5658647290901099,0.5499619383116919,0.6475636487158126,0.4736036915902462,0.6762181756420937,256.0,3811.0,0.8741086796164249,27,0.4672147439702626,0.3518044170406129,0.6902493411717008,0.1916535658139202,0.0464357429718875,2.8618579938818227,0.3580246913580246,102.433017,2.948405
2349,Healthy,0,0.1510898802015516,0.0276924379997783,0.031438628418578,0.1314439848065376,0.6555999331011174,0.6922696593002398,0.6195788997118464,0.7720560910973975,0.6902105501440767,298.5,3896.5,0.8576877234803337,24,0.516100714942615,0.3094846295813719,0.690752527143392,0.1913209786981468,0.0418132533594786,2.9542655390426145,0.3706825318129235,102.437403,2.945926
2350,Unhealthy,1,0.2426214267810185,0.0265357142521275,0.0210111423706014,0.109738835444053,0.5236041455840357,0.4755789970403066,0.394352743535193,0.6427884033872924,0.8028236282324034,304.0,4077.0,0.8612188997945674,24,0.4658214680916061,0.317829866376188,0.690752527143392,0.1913209786981468,0.0418132533594786,2.984260064858024,0.3706825318129235,102.437399,2.94579
2351,Healthy,0,0.1359636005428102,0.0156336492962307,0.0204209233116772,0.0787902784844239,0.508367594935994,0.5750136787313289,0.4125048261186743,0.823331355410704,0.7937475869406627,308.0,4148.0,0.8617594254937163,27,0.4539458971709816,0.1947754991965161,0.7007844602166604,0.1890833115696004,0.0428309665597801,2.8596961572832886,0.3699596774193548,102.434858,2.948754
2352,Unhealthy,1,0.1031973933180173,0.0212276449633969,0.0168360585553778,0.0873773362901475,0.72875228713483,0.6659196006236069,0.6824235782957438,0.6462147627119817,0.6587882108521279,302.0,4185.5,0.8654038997214485,22,0.5492548183844292,0.1917618295798699,0.6647097195042401,0.1807786370546632,0.0418756561297095,2.836949375410914,0.3659560181299311,102.437813,2.947774
2353,Healthy,0,0.2728498031695683,0.0513143421461184,0.0493153325385517,0.1886573375927077,0.7276877640757506,0.7160511243488724,0.6331896094942396,0.8289243048178713,0.6834051952528801,264.0,3853.0,0.8717512752003886,27,0.4983346770804598,0.3836016762587759,0.6953907815631263,0.1900407933605289,0.0447023956532477,2.76246921182266,0.3514371363075295,102.433097,2.948268
2354,Healthy,0,0.1682221997115347,0.0437513643668757,0.039330147827665,0.1150826025340292,0.9439153352970336,0.907037287367048,0.8256003913901601,1.0188316116522405,0.58719980430492,272.0,4011.0,0.872986224608919,27,0.6059353856465189,0.3272525577081573,0.7135629499902705,0.2015281757402101,0.0429941963756958,2.80368926214757,0.4010416666666667,102.436165,2.948707
2355,Healthy,0,0.1149317249655723,0.0220038919813103,0.0205265683018498,0.0793306856519646,0.7387878964914473,0.7184415666128048,0.6427514615089694,0.822236442085366,0.6786242692455151,293.0,3997.0,0.8634032634032635,29,0.5971446515515662,0.1956192130843798,0.7004371792434898,0.1942330796956347,0.0424143556280587,2.8287765388727664,0.3678121810139503,102.43462,2.948621
2356,Healthy,0,0.3264705257283317,0.0308681163522932,0.0224541359477572,0.3433607899480396,0.3375558844359114,0.2949428982242895,0.3455334824418855,0.2455245465205901,0.8272332587790573,247.5,3701.5,0.8746518105849582,26,0.3305874178527775,0.5061534903943539,0.7017255546425637,0.1950375072129255,0.0474143380958401,2.8807339449541285,0.3514211886304909,102.43302,2.948541
2357,Healthy,0,0.2332746634880701,0.0292837530788448,0.0256485717578066,0.12294585754474,0.5647945680051301,0.5344224211362223,0.4461293370327989,0.690431582884838,0.7769353314836004,270.0,3979.0,0.8729112732407626,27,0.5711859032478231,0.3381190494530731,0.7135629499902705,0.2015281757402101,0.0429941963756958,2.8774243599689684,0.4010416666666667,102.436199,2.948775
2358,Healthy,0,0.0901413369509908,0.0183543662230173,0.0155800600639647,0.0533417633010281,0.814881160736008,0.7650749494475079,0.676685460753413,0.9042163601190052,0.6616572696232936,301.0,3806.0,0.8534209885561237,29,0.6228996789995284,0.1539217866957187,0.6833868378812199,0.1922694329970157,0.040039667782323,2.82615707144009,0.3391521197007481,102.434509,2.948274
2359,Healthy,0,0.1123613682058122,0.0243325550109148,0.0225673767013682,0.1204059136410554,0.6916774533122596,0.6707962812718266,0.7120303357548894,0.6313732207552593,0.6439848321225553,288.5,4014.0,0.8658919233004068,22,0.6199380213992665,0.2297206968069076,0.6673874582268527,0.1831496721997489,0.0480662300753737,2.857197637855664,0.3607450360217888,102.43754,2.947566
2360,Healthy,0,0.1688008225626415,0.0219699513788024,0.0227324424518479,0.1250554691586229,0.5203125846387054,0.5281494256486369,0.4606565444987074,0.6152720396175435,0.7696717277506464,263.0,4022.0,0.8772462077012836,27,0.4289135908413753,0.2763774589531951,0.7216117216117216,0.2022078621432418,0.0444444444444444,2.761128250330542,0.4040858725761773,102.436315,2.949116
2361,Unhealthy,1,0.1294928466280301,0.0226706643071439,0.0225099056131309,0.0614701439109113,0.7675074036185799,0.7653068300048408,0.595955342192446,1.072154910158116,0.702022328903777,320.5,4015.0,0.8521508476530966,26,0.7311005247924948,0.2112238026327557,0.6998618148318747,0.1863186318631863,0.0413092550790067,2.8189378910422707,0.3742998352553542,102.435055,2.949243
2362,Healthy,0,0.1412713428338368,0.0188920485476652,0.0271353104876147,0.0676046651270654,0.61273138737562,0.7222714957071444,0.4718193935508069,1.145675215200712,0.7640903032245966,305.0,3857.0,0.8534358481499279,27,0.6635327168147012,0.2283872713645299,0.6769624237654929,0.1778361199392013,0.0414172266340867,2.738205365402405,0.3600141043723554,102.435926,2.948429
2363,Healthy,0,0.2041322373681598,0.0194512994752989,0.0142057780176401,0.0914929037292798,0.4651644009553465,0.4088538717580475,0.347991623174253,0.5375952767946063,0.8260041884128736,324.0,3792.0,0.8425655976676385,29,0.4161444667192794,0.2998244375404384,0.6865729898516784,0.1921644364739964,0.0521061602142683,2.695057506994094,0.3507980569049271,102.434747,2.948417
2364,Healthy,0,0.2103691399097442,0.0345174541903866,0.036570139022337,0.1206550217337078,0.6902471515178281,0.7071426523022157,0.5638112501376515,0.9303889745504615,0.7180943749311742,253.0,3484.0,0.8645972705378646,27,0.3793493502970522,0.3031556006107065,0.7098434925864909,0.2019397799652576,0.0447310474992135,2.761066484361648,0.3768089053803339,102.433246,2.948675
2365,Healthy,0,0.133195012807846,0.0228385101589891,0.0175900893906752,0.0947925415303972,0.6676351204807252,0.602476400381589,0.5854770109585596,0.6260785762536176,0.7072614945207201,287.0,4137.0,0.870253164556962,29,0.5446019972873863,0.2262090949548616,0.6988416988416989,0.1891891891891892,0.0379806558150507,2.8184480234260616,0.3729216152019002,102.434748,2.948552
2366,Healthy,0,0.160817038681772,0.0175041978557904,0.0158693056760562,0.1099209462602933,0.4580056926494094,0.4389640614936457,0.3926441560336137,0.50462751864385,0.803677921983193,311.0,3887.0,0.8518342067651262,23,0.4397386801000914,0.2467001192271709,0.629432098765432,0.1714833487183128,0.0323509167135974,2.941757156959526,0.3048007639552044,102.436861,2.944951
2367,Unhealthy,1,0.1740729651517338,0.0237999558448791,0.0268068083872397,0.1441325603259934,0.520494304932536,0.5488620161972632,0.4811159753443271,0.6272822601143602,0.7594420123278365,292.5,3806.5,0.8572822639668212,26,0.5858562483264947,0.2947254843182034,0.691411648568608,0.1882108183079056,0.0383613114356705,2.7293203883495147,0.3787256358709903,102.433241,2.948814
2368,Healthy,0,0.121720472143756,0.0163758033886551,0.0183510253619816,0.0833943221304151,0.5507563343546242,0.5791626709771682,0.4743300520023571,0.7214492186329384,0.7628349739988214,292.5,4044.0,0.8650985818056036,22,0.5167242882602922,0.191100391662783,0.6656632173095014,0.1821337962344772,0.0484367598294647,2.779918488329011,0.3428133514986376,102.437777,2.947707
2369,Healthy,0,0.1812820633252461,0.0333142607576317,0.0366857776211367,0.1260522479812304,0.7126753320646044,0.7420478780917691,0.6209661027514268,0.9017137202038928,0.6895169486242866,251.0,3740.0,0.8742169882235029,29,0.3289574603323231,0.3450850740902953,0.7121335504885994,0.2105945012235497,0.0544132397191574,2.874443895205141,0.3912241887905605,102.433328,2.948676
2370,Healthy,0,0.1703418956862555,0.0241234645040498,0.0254983305931091,0.1052859756681654,0.5958713546604516,0.61026098060022,0.4962007522664682,0.7798590311644819,0.7518996238667658,284.5,4086.0,0.8698089463448118,24,0.4430674099915115,0.3023779313597415,0.6894752387515999,0.1904266389177939,0.0432879377431906,3.0204195137454315,0.3700510293858877,102.437095,2.945099
2371,Healthy,0,0.2711580097675323,0.0264293528679344,0.0275151088005966,0.1992357803715599,0.4040780017492754,0.4115241371962534,0.3552483228302858,0.4853803908077512,0.8223758385848571,259.0,3926.0,0.8762246117084826,27,0.3434843090403533,0.4175282478746441,0.7033434650455928,0.1933560477001703,0.0453923641338142,2.9047845373891,0.3803836409699602,102.433405,2.948811
2372,Healthy,0,0.2733043713702096,0.0404474325478076,0.0354287535366084,0.1996554922726419,0.5842316470231979,0.5529971008436568,0.5156615138809076,0.6028265044243865,0.7421692430595462,251.0,3719.0,0.873551637279597,26,0.3022572758741326,0.428405190921492,0.7098434925864909,0.2019397799652576,0.0447310474992135,2.8037836526800874,0.3768089053803339,102.433104,2.948677
2373,Healthy,0,0.1579729906386799,0.0189217317642437,0.0189083308602372,0.1115909789999326,0.4924209299508581,0.4922680163433072,0.4278642461959843,0.5795687618730705,0.786067876902008,277.0,3899.0,0.8673371647509579,27,0.4496224445166679,0.2687792422042953,0.6621806124439243,0.1811503811503811,0.040283203125,3.013812614411716,0.3586880669923238,102.433639,2.949231
2374,Healthy,0,0.1892471545272403,0.0314850411895248,0.0333025416152344,0.1598347690370347,0.6112828620735875,0.6261643518813892,0.570556390059657,0.6897174140566432,0.7147218049701715,258.0,3833.0,0.8738694695673429,27,0.7649135711177867,0.3038327300714122,0.702210397052804,0.1978971626098228,0.0515867998482741,2.9452957653649694,0.3872864743769252,102.433558,2.949091
2375,Healthy,0,0.1069939078556166,0.0187997878011729,0.0202252897951338,0.0822463859286573,0.6630152927528292,0.6838545393070815,0.5977974556838045,0.7894977671547161,0.7011012721580978,294.5,3829.0,0.8571601794591973,22,0.5581964845684138,0.1839408222585916,0.6790693202576675,0.1806381828015143,0.0403288258771668,2.820154791350834,0.3659251595102604,102.437884,2.948048
2376,Healthy,0,0.1339933955007129,0.0266868457612064,0.0217207591566774,0.0943233312831984,0.7579056730906851,0.6997231449824083,0.6643466689275155,0.7487071189697937,0.6678266655362424,316.0,4077.0,0.8561347598452083,27,0.5630583243087519,0.2233579374021954,0.6978093989889533,0.1833485580060028,0.0433782073409274,2.7520854675837847,0.3667388047278175,102.435013,2.948899
2377,Healthy,0,0.1389440049727758,0.0230746668659978,0.0203208322119381,0.0877566917075051,0.6765523707256172,0.6426673127493058,0.5696792006531107,0.7520835590972443,0.7151603996734447,285.0,3982.0,0.8664166861963909,23,0.5491769501160138,0.248030029858152,0.68267383787937,0.1768657217706724,0.0434782608695652,2.7503347716113677,0.3601793567301888,102.437805,2.948185
2378,Healthy,0,0.2051724427276187,0.0251291058957576,0.0249398214121659,0.1095028784539964,0.5508752389188161,0.5490853113135195,0.4364556998590138,0.7420208441810077,0.7817721500704932,299.0,3684.0,0.849861913130806,27,0.4886806198139727,0.3238102046565876,0.6615512235586893,0.171345029239766,0.0366153448052788,2.7088668373879643,0.3299813780260707,102.435894,2.948223
2379,Healthy,0,0.1846021347575717,0.0208754407034979,0.024615371806754,0.0711920820176601,0.561271305251697,0.6039571580192512,0.4063789570546695,1.027701742366162,0.7968105214726653,268.0,3923.0,0.872106895728943,27,0.4518901501454397,0.2747736782249477,0.6757919436840047,0.1793037016650612,0.0430866601752677,2.842588271892985,0.373223372521495,102.436509,2.949053
2380,Healthy,0,0.085174910724163,0.0162789844390418,0.0162839584259523,0.0992239241798718,0.6002663813351592,0.6003443223932217,0.6418278731577315,0.5639081267387455,0.6790860634211343,266.5,4001.5,0.8751171508903468,22,0.6069476175703026,0.1875805836170912,0.6790693202576675,0.1806381828015143,0.0403288258771668,2.8433313032886725,0.3659251595102604,102.437846,2.947977
2381,Healthy,0,0.1150982305407524,0.0181218601970209,0.0144747256611784,0.0954815712240007,0.5873625021965979,0.5361801148019463,0.5441179358657385,0.5265628643821465,0.7279410320671307,264.0,4132.0,0.8798908098271155,22,0.4882149712624954,0.2149970670127206,0.6826525708793849,0.179228126894322,0.0455658405494177,2.8135001454757056,0.3673433975360055,102.4377,2.947844
2382,Healthy,0,0.1591137771805127,0.0313036878489785,0.0314333389202753,0.0953291464183065,0.7898731000957437,0.7911852775870646,0.6575801824508124,0.9918814335745167,0.6712099087745939,276.0,4070.0,0.8729866543948458,27,0.5890256511756118,0.2662869919505385,0.7135629499902705,0.2015281757402101,0.0429941963756958,2.794225953748711,0.4010416666666667,102.436274,2.948774
2383,Healthy,0,0.1265204606784714,0.0210111628596981,0.0166937378752562,0.1358025881151358,0.5522978725947519,0.5026851770870093,0.5696721111257094,0.4378790837572831,0.7151639444371454,337.5,3945.0,0.8423817863397548,24,0.579638661704743,0.2619615737348795,0.6954222141163596,0.1937078651685393,0.0429124361922925,2.893175074183976,0.3506750082318077,102.437247,2.945646
2384,Healthy,0,0.0666890367865562,0.0144873353549175,0.0168510389824708,0.0525167348484198,0.7821456125069973,0.8326693578145814,0.7138695643933956,0.9716926493014691,0.6430652178033022,316.0,4016.0,0.8541089566020313,27,0.6697226923684726,0.1302684789730443,0.7003898273621681,0.1889927310488058,0.0506997017664602,2.8326443117439903,0.3752093802345058,102.434821,2.948967
2385,Healthy,0,0.0734975300729274,0.0155197612734304,0.0165547498812278,0.0618955410189098,0.7459962467266066,0.7661067467361594,0.697381869913093,0.8440886421849463,0.6513090650434535,307.0,4129.0,0.8615870153291253,27,0.6311744681075577,0.1398715027090576,0.7003898273621681,0.1889927310488058,0.0506997017664602,2.798359935568897,0.3752093802345058,102.434782,2.948896
2386,Healthy,0,0.1781996836264928,0.0258193191968732,0.0237588203615612,0.1170894751946131,0.5953819648734183,0.5750401942009783,0.5062140063340443,0.6747350478823653,0.7468929968329779,299.0,3967.0,0.8598218471636193,27,0.6193076670314601,0.2985046079589262,0.6769624237654929,0.1778361199392013,0.0414172266340867,2.764546276756105,0.3600141043723554,102.43584,2.94829
2387,Healthy,0,0.1508638345532947,0.0204602626876698,0.0217700865533616,0.0898248027596208,0.5812385504038324,0.597066315773458,0.4776972537352473,0.7803255753874017,0.7611513731323765,309.0,3792.0,0.8493050475493782,27,0.4713761099638325,0.25179483079248,0.6576977544001619,0.171240708976558,0.0399796928544231,2.681706190329535,0.3447839450370638,102.436087,2.9483
2388,Healthy,0,0.0867377809352344,0.0179253577565153,0.0140510049338142,0.0867649871442053,0.6849795837707288,0.622474166997673,0.685068610805126,0.5574911140264495,0.6574656945974371,257.5,3931.5,0.8770589639532108,22,0.5520224350578256,0.1878408580604526,0.6952380952380952,0.18321562110511,0.0361387339316032,2.7655250282273243,0.372974897632188,102.437737,2.947916
2389,Healthy,0,0.1585106179118156,0.0185815576050016,0.0149894784101181,0.1111024402909808,0.4845632540046885,0.4429128922705323,0.419703638532286,0.4755095668153224,0.790148180733857,297.0,4378.0,0.8729411764705882,24,0.4309790160811122,0.245761880858077,0.7106797973037575,0.1963891675025075,0.0373978083144894,2.916249821352008,0.3851270680538973,102.437131,2.945309
2390,Healthy,0,0.0797924399375915,0.0164525214996602,0.0144658050396376,0.0939611370364825,0.6368965979460552,0.6042515070912567,0.6837769480696051,0.5336609061420184,0.6581115259651974,289.5,4051.5,0.866620594333103,22,0.5420159233962395,0.1829686073793305,0.6647097195042401,0.1807786370546632,0.0418756561297095,2.899868958606336,0.3659560181299311,102.437809,2.94791
2391,Healthy,0,0.1839206003480487,0.0254511148151424,0.0273643191903829,0.0949192353420787,0.6174793571553914,0.6369919471382679,0.4862378816604712,0.8951103619781913,0.7568810591697644,273.0,4038.0,0.8733472512178149,27,0.5371118590725811,0.2814232284824053,0.7228334298397993,0.2050762791953557,0.0421482778750729,2.7647231605228373,0.3986013986013986,102.436237,2.94898
2392,Healthy,0,0.107837524678972,0.0322925152464045,0.0277385525405406,0.1112913514177004,0.910565594322594,0.860167357133045,0.921787084727907,0.7980600360300083,0.5391064576360466,276.0,3955.0,0.8695343890333255,27,0.7720136583243293,0.2423371622959772,0.7060107121602857,0.1991076408254322,0.045338519508934,2.693659393761898,0.3903083700440529,102.436041,2.948638
2393,Healthy,0,0.1040399521589279,0.0192305006914668,0.0142894799096716,0.0916860443022516,0.6569280401900915,0.5848736109689965,0.6240100607014271,0.5393501949033589,0.6879949696492865,289.5,4051.5,0.866620594333103,22,0.5078183222627992,0.2019258613387743,0.6647097195042401,0.1807786370546632,0.0418756561297095,2.899868958606336,0.3659560181299311,102.437774,2.947842
2394,Unhealthy,1,0.1183884640534718,0.0131088693936665,0.0175938186132245,0.0878679760628276,0.4511079709751516,0.5182782068801212,0.3987569648759834,0.6673058681494122,0.8006215175620084,306.0,3937.5,0.855779427359491,22,0.5161558511356759,0.2027784819818205,0.6686649538490818,0.1822288141306546,0.0493686793130273,2.8287116373266863,0.3531649948114839,102.437651,2.947636
2395,Healthy,0,0.1163062842355834,0.0144176490397916,0.0193780648211638,0.0894725939465893,0.4916207287902678,0.5642620709106168,0.441163256904771,0.7120972914829812,0.7794183715476145,278.5,3932.0,0.8677116731979575,22,0.5356742966476243,0.1987102042055792,0.6686649538490818,0.1822288141306546,0.0493686793130273,2.8474008261242303,0.3531649948114839,102.437693,2.947701
2396,Healthy,0,0.1021101292636659,0.0156214523853527,0.0196882994431588,0.0749124727315372,0.6000591313629786,0.6651789271422449,0.5307480683279487,0.8324794392502882,0.7346259658360256,306.0,3937.5,0.855779427359491,22,0.6314923655709088,0.1954618083933989,0.6686649538490818,0.1822288141306546,0.0493686793130273,2.8287116373266863,0.3531649948114839,102.437616,2.947565
2397,Healthy,0,0.1624730394946204,0.0220855135056707,0.0185670053793324,0.0901564020249578,0.5952959202520911,0.5544496337779945,0.4786668110826782,0.6830913718622013,0.7606665944586609,293.0,3994.0,0.8633076743643574,29,0.6167733172367853,0.2686708799252907,0.6988416988416989,0.1891891891891892,0.0379806558150507,2.80336312679897,0.3729216152019002,102.434785,2.948487
2398,Unhealthy,1,0.1081973243918683,0.0155458332349856,0.022124595940113,0.0700569993091954,0.5940723573366641,0.6978436454981785,0.5025193645652356,0.9600439601973147,0.7487403177173823,305.5,3884.5,0.8541766109785203,22,0.5752640011083366,0.1808579994572532,0.6686649538490818,0.1822288141306546,0.0493686793130273,2.755408422511356,0.3531649948114839,102.437696,2.947567
2399,Healthy,0,0.1307595612274276,0.0224894870900445,0.0199710211406151,0.0716851465404033,0.7271571391384694,0.693501084614242,0.5870049396575716,0.8715625645670986,0.7064975301712141,268.5,3982.0,0.8736619221268086,22,0.6990717536035397,0.2094535645511415,0.68267383787937,0.1768657217706724,0.0434782608695652,2.785612482184382,0.3601793567301888,102.437769,2.948116
2400,Healthy,0,0.1182123762038019,0.0221451063536935,0.0239751204434368,0.1361757558253076,0.5931492990757161,0.6138960923053456,0.6311058292064217,0.598813344067,0.6844470853967892,264.0,3863.0,0.8720620305306518,27,0.4388949800133976,0.2408999519215689,0.7144625541572106,0.2012142237640936,0.0431835300025106,2.826735783851712,0.3743305632502308,102.433132,2.948477
2401,Healthy,0,0.2943829149007797,0.039548626790444,0.0316232136554188,0.2431773021817207,0.5130709176087442,0.4676726948460185,0.4737333477412373,0.460307922772027,0.7631333261293812,272.0,3706.0,0.8632478632478633,27,0.3529971794652056,0.405705426302221,0.7144625541572106,0.2012142237640936,0.0431835300025106,2.8133704735376046,0.3743305632502308,102.433138,2.948607
2402,Healthy,0,0.1144113151563538,0.021694595615069,0.0205792567382256,0.0777128889328903,0.7369294841390653,0.7214027794408404,0.637579822716239,0.8374730899489566,0.6812100886418804,266.5,3959.0,0.8738610815288131,22,0.6252107333413797,0.2104181794242725,0.6790693202576675,0.1806381828015143,0.0403288258771668,2.777151022864019,0.3659251595102604,102.437812,2.948049
2403,Healthy,0,0.1308244301213158,0.0169520742363399,0.0168202301073405,0.0942599889304902,0.5236393065029694,0.5218686831955669,0.4588570912548231,0.6056966849016391,0.7705714543725883,282.5,3871.0,0.8639701456602865,22,0.5143883354766121,0.2241123124129242,0.6686649538490818,0.1822288141306546,0.0493686793130273,2.859818297736691,0.3531649948114839,102.437614,2.947705
2404,Healthy,0,0.1952455623282326,0.0206164679386549,0.0219231500393814,0.1262901996572812,0.4546471194480126,0.4673715424788703,0.3820304647957792,0.5916646532650374,0.8089847676021104,304.0,3787.0,0.8513810804204351,27,0.4151166977869931,0.3272518627345562,0.6769624237654929,0.1778361199392013,0.0414172266340867,2.762531725888325,0.3600141043723554,102.435923,2.948295
2405,Healthy,0,0.2106939670112398,0.035203307453129,0.0361805769304434,0.1049375393324428,0.7295301788154047,0.7377885850940687,0.5726506327459121,1.025540246386036,0.713674683627044,276.0,4084.0,0.8733944954128441,27,0.6690761912472206,0.3174245701067978,0.7135629499902705,0.2015281757402101,0.0429941963756958,2.7930174563591024,0.4010416666666667,102.436324,2.948708
2406,Healthy,0,0.1541836501823531,0.0191300844566689,0.0140838489557305,0.0725675324598948,0.577487246319904,0.5110521583275426,0.441513409113549,0.650138461759865,0.7792432954432256,335.0,3877.0,0.8409306742640076,29,0.3982333575983665,0.2312677651643754,0.6869599371563236,0.1861364264015465,0.0442499392171164,2.726293103448276,0.3519708282687966,102.434706,2.94835
2407,Healthy,0,0.1446534229649437,0.0173943191766738,0.0160393179911706,0.1174370232555601,0.468724678308466,0.4525335029823509,0.4293628271962586,0.4806639990684779,0.7853185864018706,300.5,4392.0,0.8719232818327117,24,0.4286030549188576,0.2471028239362769,0.7188829295357869,0.2004649961250323,0.0386678587393831,2.808360216898895,0.3975490196078431,102.437134,2.945441
2408,Healthy,0,0.3153168790870242,0.0369191848569446,0.0261933422750896,0.4230879031949573,0.3636269239448857,0.3149652609657319,0.4192550239582218,0.2332021871750788,0.790372488020889,247.5,3701.5,0.8746518105849582,26,0.3148238563278674,0.5593740190896722,0.7017255546425637,0.1950375072129255,0.0474143380958401,2.8807339449541285,0.3514211886304909,102.433057,2.948608
2409,Healthy,0,0.2065966361098819,0.0168116246867511,0.014786213532918,0.1944550060563617,0.3094105505325951,0.2921333749573406,0.3010027404860307,0.2826634935877722,0.8494986297569846,271.0,3892.0,0.869805428777324,27,0.2597351332345917,0.351700850451986,0.7041396900137336,0.2007188277578103,0.0463799542223828,2.794844087681383,0.3675092805373873,102.432903,2.948194
2410,Healthy,0,0.1444680848055415,0.0350890043709013,0.0394661676966481,0.1178841160403357,0.8441700238762632,0.8851711545856549,0.7816790644544452,1.003269057019741,0.6091604677727773,282.0,3933.0,0.8661921708185053,27,0.8046321162167943,0.289310020291143,0.6899133175728921,0.1925483108577784,0.0453326834023884,2.7588030829681123,0.3578113750899928,102.436161,2.948575
2411,Healthy,0,0.2055050863160027,0.0208728038188483,0.0212075911048385,0.1032192789845996,0.4764528873923931,0.4798155520669953,0.3688134703687641,0.6817688523256905,0.815593264815618,299.0,3684.0,0.849861913130806,27,0.4022258108138201,0.3204069044440985,0.6615512235586893,0.171345029239766,0.0366153448052788,2.7088668373879643,0.3299813780260707,102.435965,2.948228
2412,Healthy,0,0.1365471482276916,0.0159897114046745,0.0205166939025123,0.0692687601678901,0.5379318870106715,0.6026090581483206,0.4193009202683681,0.9140319716565576,0.7903495398658159,294.0,4038.0,0.8642659279778393,27,0.4405912598055874,0.2033535703602764,0.7007844602166604,0.1890833115696004,0.0428309665597801,2.851050868108437,0.3699596774193548,102.434784,2.948761
2413,Healthy,0,0.1916236215167575,0.0166769216044081,0.0191263997306426,0.0953499240179856,0.4164969263432905,0.4436912927777261,0.320247299493739,0.6683093622971727,0.8398763502531306,324.0,3755.0,0.8411375337092425,27,0.3757675152549199,0.2776692077103589,0.6576977544001619,0.171240708976558,0.0399796928544231,2.6721183800623054,0.3447839450370638,102.436003,2.948296
2414,Healthy,0,0.2323824250035815,0.0265643153753545,0.0205901848773161,0.1400501761171552,0.4993747246859947,0.4495324102988182,0.410344078268465,0.512702654547066,0.7948279608657675,270.0,3940.0,0.8717339667458432,27,0.4177545577959484,0.3907528093291653,0.7228334298397993,0.2050762791953557,0.0421482778750729,2.790025847650905,0.3986013986013986,102.436156,2.948843
2415,Healthy,0,0.1770351909928851,0.0262867918031083,0.0249335331221421,0.1131221602360407,0.6135843399313238,0.6001602155393172,0.5171460840903486,0.7224195544750924,0.7414269579548257,270.0,3940.0,0.8717339667458432,27,0.5490047451908908,0.3127815421256754,0.7228334298397993,0.2050762791953557,0.0421482778750729,2.790025847650905,0.3986013986013986,102.436238,2.948842
2416,Unhealthy,1,0.2156995990210109,0.0244570910516712,0.0256881225440237,0.1117744561698701,0.519826894219397,0.5311721910465976,0.407352233981396,0.7474942718043834,0.7963238830093019,252.0,3806.0,0.8758008871365205,27,0.6238170766833124,0.288972714708911,0.7033434650455928,0.1933560477001703,0.0453923641338142,2.923659098387628,0.3803836409699602,102.433288,2.948882
2417,Healthy,0,0.1426943507459428,0.0255237429713209,0.0280117611918184,0.0963313575420114,0.7039255878578176,0.731956279707976,0.6069202761082407,0.901111745533122,0.6965398619458797,304.0,3922.0,0.8561287269285376,24,0.7379139955516175,0.2500321993397342,0.6954222141163596,0.1937078651685393,0.0429124361922925,2.990576954868573,0.3506750082318077,102.437329,2.945654
2418,Healthy,0,0.1314516034391191,0.023529283909334,0.0260327766752905,0.0746387595103846,0.7435712673305852,0.7754600547020941,0.6072822091005752,1.0343649321999635,0.6963588954497123,272.0,3867.0,0.8685672867842474,27,0.6312792851737821,0.2259932748145528,0.7089639115250291,0.1954397394136807,0.0464536057977901,2.857710651828299,0.390570021111893,102.436397,2.948848
2419,Healthy,0,0.1545446208781666,0.0207592638002501,0.0154541682245002,0.1175342185629738,0.529577502415538,0.4698584476679875,0.4736749294137226,0.4648276018024698,0.7631625352931388,282.5,4106.5,0.8712690817953976,24,0.3546727217351761,0.2811428293999698,0.6733083448411915,0.1813370473537604,0.041758781626136,2.9224302636606803,0.3536349234289738,102.437014,2.945373
2420,Healthy,0,0.1878657357560264,0.0171364423715406,0.0180400416461957,0.0738668768770164,0.4631384896143576,0.4739024087107772,0.3343660546060555,0.785144010312542,0.8328169726969722,324.0,3582.0,0.8341013824884793,27,0.4481991098218708,0.2643221639510658,0.6396396396396397,0.1776470588235294,0.0489913544668587,2.617287917737789,0.3063518830803822,102.436045,2.948231
2421,Healthy,0,0.1889637948738204,0.0213337491990791,0.0204515335046582,0.0959922795494397,0.5209331920864618,0.5115395623149873,0.4057821843451252,0.7025374030016263,0.7971089078274374,276.0,4190.5,0.8764132990036941,24,0.4590521044655085,0.2762003698282771,0.6894752387515999,0.1904266389177939,0.0432879377431906,3.0227799227799226,0.3700510293858877,102.437132,2.945169
2422,Healthy,0,0.2387101898590723,0.026735121384263,0.0296880296534962,0.1718120815025435,0.4609578054832887,0.4833382946369342,0.4028720079331859,0.5893402139218887,0.7985639960334069,252.0,3806.0,0.8758008871365205,27,0.3973143824551269,0.4075666947497262,0.7033434650455928,0.1933560477001703,0.0453923641338142,2.923659098387628,0.3803836409699602,102.433324,2.948811
2423,Healthy,0,0.1335468764106432,0.0432641013628906,0.0386863539202345,0.1131199631426069,1.0387693902518382,0.9975184699141266,0.978765049720044,1.019360845286036,0.5106174751399779,282.0,4014.0,0.8687150837988827,27,0.7154096779340186,0.2945236729251013,0.7060107121602857,0.1991076408254322,0.045338519508934,2.777198987944635,0.3903083700440529,102.436125,2.948637
2424,Healthy,0,0.1117475587460729,0.0170771403031216,0.0207492626375622,0.0662854673961798,0.6438515315475685,0.7009451123147429,0.5302442910144218,0.9536084103216284,0.7348778544927891,306.0,4072.0,0.8602101416171768,27,0.6012943316348053,0.209780451738172,0.6970037453183521,0.1870578988734608,0.04148948396736,2.8154904306220097,0.3783068783068783,102.434666,2.948691
2425,Healthy,0,0.1765981184111701,0.0195939789215723,0.0223245285451412,0.1048952382471826,0.4888087465159948,0.5184535524708301,0.3994855896431108,0.7019201216296591,0.8002572051784446,262.0,3766.5,0.8699267717512722,26,0.5877000173062948,0.2530652340501548,0.6963202587949858,0.1926083866382373,0.0500625782227784,2.8187082763612965,0.3770582283138626,102.433329,2.949091
2426,Healthy,0,0.0959901379214392,0.0234680703530708,0.0239418109671937,0.0553515118857224,0.9468764118186496,0.9541537828932442,0.7858169209818432,1.207759246594026,0.6070915395090783,275.0,3867.0,0.8672139063254466,23,0.705539205989647,0.166800202594863,0.6711775398909311,0.1806506849315068,0.037622272385252,2.8124021296586283,0.3387358184764992,102.43754,2.947426
2427,Healthy,0,0.1942075093587239,0.0297506621314419,0.032474341077937,0.1258021973901325,0.6271367038186895,0.6511706193943285,0.5313610471721194,0.8206987944581144,0.7343194764139404,256.0,3721.0,0.8712597435252704,27,0.3817798822467191,0.322856966406107,0.7098434925864909,0.2019397799652576,0.0447310474992135,2.8870188301949677,0.3768089053803339,102.433207,2.948735
2428,Healthy,0,0.1484652972883648,0.0357592006524403,0.0261921119979686,0.1137952556212743,0.8570750240761522,0.7643312195670984,0.7764266110564824,0.7484135874091024,0.6117866944717589,282.0,4014.0,0.8687150837988827,27,0.6785899432552461,0.3060830103026496,0.7060107121602857,0.1991076408254322,0.045338519508934,2.777198987944635,0.3903083700440529,102.43608,2.948707
2429,Healthy,0,0.14446120046907,0.0180937372561958,0.0161090056515402,0.1073668797810872,0.5025766687111876,0.4783084917929364,0.4452337778081164,0.5218510673593774,0.7773831110959416,304.0,4518.0,0.8739112401493156,24,0.402800750180232,0.2415141931010616,0.7106797973037575,0.1963891675025075,0.0373978083144894,2.8536601882576016,0.3851270680538973,102.437169,2.945377
2430,Healthy,0,0.1324071685473124,0.0286567656116353,0.0374790579080581,0.1127374296387036,0.7579697902014579,0.8498552290220102,0.7116867164899885,0.9980011787025984,0.6441566417550058,283.0,3813.0,0.86181640625,27,0.5827298784869682,0.2784316370056736,0.6899133175728921,0.1925483108577784,0.0453326834023884,2.7755936467998112,0.3578113750899928,102.436202,2.948499
2431,Healthy,0,0.1105334758758544,0.016859746331142,0.0154418738351927,0.1029353456364737,0.5456486529288725,0.5257201792975261,0.5293765567448241,0.5217853199834184,0.7353117216275881,349.5,4151.5,0.8447011775161075,24,0.3928946933134606,0.1929510010199414,0.7132176234979973,0.1945633960156395,0.0325072417122626,2.8494341602338307,0.3963817066542433,102.43725,2.945517
2432,Healthy,0,0.2894008225864834,0.0205926969647407,0.0221724448104699,0.120764173567295,0.3649970828374292,0.377675391359498,0.2657177736431733,0.6204832620811191,0.8671411131784134,252.0,3806.0,0.8758008871365205,27,0.3916591365913425,0.3407745353049701,0.7033434650455928,0.1933560477001703,0.0453923641338142,2.923659098387628,0.3803836409699602,102.433362,2.948881
2433,Healthy,0,0.1587298893266254,0.0199022487633758,0.0165309557277295,0.1453683649500211,0.462973876399884,0.4279569896178475,0.4456588601844611,0.4084255735855304,0.7771705699077696,300.5,4392.0,0.8719232818327117,24,0.3641077087312903,0.2993658824513356,0.7188829295357869,0.2004649961250323,0.0386678587393831,2.808360216898895,0.3975490196078431,102.437057,2.945443
2434,Healthy,0,0.1417916234996583,0.0169108618671695,0.0192626071059041,0.0778299561805195,0.5337955002744295,0.5656633177776531,0.4262280285801808,0.7935770342813713,0.7868859857099095,296.0,4170.0,0.8674429019256605,27,0.4789610486256144,0.22377311417626,0.7007844602166604,0.1890833115696004,0.0428309665597801,2.857353591975217,0.3699596774193548,102.434824,2.948692
2435,Healthy,0,0.2397233313984341,0.0290625861121548,0.0221723615088396,0.141345880097813,0.529379922684007,0.4740638880330495,0.4325016188544903,0.5423825816859209,0.7837491905727549,276.0,3977.0,0.8702092640489066,27,0.5392363204765802,0.372450664639473,0.7060107121602857,0.1991076408254322,0.045338519508934,2.964119814191895,0.3903083700440529,102.436121,2.948774
2436,Healthy,0,0.3358618335591422,0.0303349250720606,0.0333004399306244,0.098580809103118,0.4901500246962804,0.5110473783094011,0.3313511040944078,1.0100128767237966,0.8343244479527961,260.0,3779.0,0.8712552612032681,27,0.3959438456257935,0.3701413598739439,0.7033434650455928,0.1933560477001703,0.0453923641338142,2.917910447761194,0.3803836409699602,102.433324,2.948954
2437,Healthy,0,0.0988090866141849,0.0187621211840046,0.0147290968646605,0.0998863602677981,0.6354126108141164,0.5769705690663778,0.638323669046922,0.5140352700469851,0.6808381654765391,320.5,4015.0,0.8521508476530966,26,0.4637749749119291,0.193635141166548,0.6998618148318747,0.1863186318631863,0.0413092550790067,2.8189378910422707,0.3742998352553542,102.435007,2.949173
2438,Healthy,0,0.140544888873895,0.0289144753995868,0.0300890089323123,0.0813861253360907,0.8268366890492039,0.8401030793745997,0.682511126453259,1.0796671071008832,0.6587444367733705,298.0,3884.0,0.8574844571975132,27,0.5953679307450906,0.2124496280319161,0.6883521620568758,0.184476632959825,0.0398272552783109,2.714199212836815,0.3879819381729767,102.43636,2.948775
2439,Healthy,0,0.2134879148668713,0.019485246286624,0.0139405476964182,0.1103364663819472,0.4296697157012329,0.3742564320518343,0.3345492019792969,0.4486927144106537,0.8327253990103514,311.0,4011.0,0.8560851457658492,29,0.3647714336389652,0.3030625196794668,0.7004371792434898,0.1942330796956347,0.0424143556280587,2.7607819728398746,0.3678121810139503,102.434702,2.948486
2440,Healthy,0,0.0944104198780324,0.0222862089673678,0.0217094330324067,0.0722399602333704,0.8440834672590489,0.8354421613820734,0.763902408762556,0.9243032776589428,0.618048795618722,287.0,3823.0,0.8603406326034063,24,0.471348786481029,0.1939190177039967,0.6601616400551942,0.18253299634934,0.0411670169365805,2.892670157068063,0.3331028522039758,102.437548,2.947291
2441,Healthy,0,0.1075786956482463,0.0178428777597016,0.0149558604591422,0.0792732884486516,0.6414328748181315,0.5972889662834168,0.5690529077215645,0.634871932199111,0.7154735461392178,288.0,4378.0,0.876553793399057,24,0.6207669923709203,0.1761544450289673,0.7106797973037575,0.1963891675025075,0.0373978083144894,2.8990643606464417,0.3851270680538973,102.437174,2.945241
2442,Healthy,0,0.1256650214393933,0.0167078666595949,0.0156313405475682,0.10173043443097,0.5124892597288657,0.4980345222156258,0.4694114696325709,0.5327574689604578,0.7652942651837147,299.0,4481.5,0.8749084823763205,24,0.4381101841326498,0.2053953042874733,0.7188829295357869,0.2004649961250323,0.0386678587393831,2.840214586445742,0.3975490196078431,102.437212,2.945448
2443,Healthy,0,0.0914195949832598,0.0138897530527578,0.0150578512499729,0.0823881696495744,0.5512154810919982,0.5710843457256152,0.5275791109449188,0.6181001999248531,0.7362104445275406,303.0,4136.0,0.8634827663888263,24,0.3436949486787601,0.1590764396306541,0.7162547091794542,0.1911989795918367,0.0448061755328075,2.9104024297646167,0.4005891016200295,102.437211,2.945582
2444,Healthy,0,0.1705963760614395,0.0200461939805083,0.0152681969727079,0.1051373241676224,0.5077780393732031,0.4541341606564822,0.4206026802114021,0.5072258091857137,0.7896986598942989,292.5,3816.5,0.8576295935750791,24,0.2908506099609154,0.2933900397684838,0.6733083448411915,0.1813370473537604,0.041758781626136,2.9366666666666665,0.3536349234289738,102.436976,2.945303
2445,Healthy,0,0.1241316157910558,0.017628183381425,0.0160646062965194,0.0965342513389057,0.551048124683321,0.5298469507706124,0.4974099422919352,0.5706845214552252,0.7512950288540324,303.0,4467.5,0.8729692904307724,24,0.4396343877236963,0.2196707601348559,0.7155912995796015,0.1993355481727574,0.0459686855741906,2.8878025102281395,0.3899143045484509,102.43725,2.945384
2446,Healthy,0,0.2735403875509898,0.0190013274550437,0.0189940351992845,0.0888609207338756,0.3796431444569321,0.3795772084238771,0.2598101601291536,0.7044288335180625,0.8700949199354233,268.0,3914.0,0.8718316594930655,27,0.3204387304217833,0.3264618886427747,0.7033434650455928,0.1933560477001703,0.0453923641338142,2.9186679474863912,0.3803836409699602,102.433403,2.948947
2447,Healthy,0,0.1710822565688027,0.0262672845274209,0.0309419416719012,0.1915676312314139,0.506132329257034,0.5450326006202639,0.5324012284297841,0.5562356939194899,0.7337993857851078,293.0,4258.0,0.8712370907492859,24,0.5322964569030746,0.3679818684856097,0.6964269054949156,0.1864030795328505,0.0424812245599954,2.941831132215462,0.3638167686456094,102.437559,2.945931
2448,Healthy,0,0.1722162763277689,0.0196588687184784,0.0171408007542292,0.1088556398948033,0.4908739965584393,0.4630759228411783,0.4098262693428074,0.5441677769922247,0.7950868653285962,291.0,3926.0,0.861987194688167,22,0.4439291571956952,0.2438734037180741,0.6673874582268527,0.1831496721997489,0.0480662300753737,2.7765047357164683,0.3607450360217888,102.437541,2.947702
2449,Healthy,0,0.1376410449544588,0.01862675551739,0.0154384106604589,0.0914633282356792,0.559450472332516,0.5177676148943056,0.476790623817491,0.5776673352510499,0.7616046880912546,288.0,4136.0,0.8698010849909584,29,0.5287214025645569,0.2169303463564978,0.6988416988416989,0.1891891891891892,0.0379806558150507,2.856718634001485,0.3729216152019002,102.434859,2.948625
2450,Healthy,0,0.2228239509794447,0.0172203936510615,0.0195637326687574,0.1000608404477437,0.385539567859633,0.4090887425050503,0.2869535406479729,0.654171033896338,0.8565232296760135,281.0,3933.5,0.8666508482619528,28,0.2796077465809099,0.3293667984091573,0.6988000813504169,0.1966191533557768,0.0428865721955178,2.8320539660386137,0.3851363719568003,102.433461,2.948887
2451,Healthy,0,0.1410387911730342,0.0216453169575995,0.0176279780765374,0.0847898572683334,0.6434415778181448,0.5925764936953888,0.5322048282729258,0.6884729800109071,0.7338975858635371,287.0,4137.0,0.870253164556962,29,0.5066897051099098,0.2270059291687276,0.6988416988416989,0.1891891891891892,0.0379806558150507,2.8184480234260616,0.3729216152019002,102.434782,2.948624
2452,Healthy,0,0.1261417062746154,0.0204003214215238,0.0189751334902313,0.0801112150980366,0.6605958990727214,0.6412199682688653,0.5568456160255865,0.7660039454709711,0.7215771919872066,268.5,3982.0,0.8736619221268086,22,0.5797953971706683,0.219097284393178,0.68267383787937,0.1768657217706724,0.0434782608695652,2.785612482184382,0.3601793567301888,102.437848,2.948114
2453,Healthy,0,0.1480585427747832,0.0189056191593408,0.0152828888967633,0.0907877948549058,0.5466864688460636,0.5008665904197157,0.4529263990628131,0.57632847668045,0.7735368004685934,282.0,4289.0,0.8766134325092978,24,0.5210962832635898,0.208192266523838,0.7106797973037575,0.1963891675025075,0.0373978083144894,3.069792384892362,0.3851270680538973,102.437089,2.945237
2454,Healthy,0,0.1904827041758431,0.0261311611781517,0.0251356245328982,0.0931832442680994,0.6223033534129709,0.6122636635131142,0.4825390311086066,0.8497587844648586,0.7587304844456967,263.0,4053.0,0.8781278962001854,27,0.5478834722450074,0.2739217877388,0.7216117216117216,0.2022078621432418,0.0444444444444444,2.8393766856457896,0.4040858725761773,102.436273,2.949051
2455,Healthy,0,0.1055212277505132,0.0167490609197153,0.0131245491405328,0.0517985050876935,0.7022009946820008,0.6383477018507733,0.5479355974987083,0.8086217936941542,0.7260322012506458,335.0,3877.0,0.8409306742640076,29,0.5253296680229953,0.1724794757448964,0.6869599371563236,0.1861364264015465,0.0442499392171164,2.726293103448276,0.3519708282687966,102.434627,2.948348
2456,Healthy,0,0.0826777161823378,0.0177432211736838,0.0113088997701803,0.0763873760071065,0.7296049847533443,0.6177450847791678,0.7067538559525248,0.5158212099633671,0.6466230720237377,312.0,3892.0,0.851569933396765,29,0.4963870976551305,0.1608061935338708,0.6825205699377885,0.1890511984115728,0.0407149950347567,2.7517294388931592,0.3494906919564454,102.434473,2.94821
2457,Healthy,0,0.1747852050595813,0.0311440744747718,0.0356110400623745,0.13548128058513,0.668767940759947,0.7082364989692554,0.6049469904463264,0.8325572983662468,0.6975265047768368,281.0,3997.0,0.868630201028518,27,0.6643433401626825,0.3127177763316366,0.6899133175728921,0.1925483108577784,0.0453326834023884,2.77811004784689,0.3578113750899928,102.436241,2.948575
2458,Healthy,0,0.1575277398029963,0.0386261124577787,0.0437459395163589,0.1355570356051127,0.8343992077274553,0.8775661643811413,0.7876697197142487,0.9759110686640315,0.6061651401428757,265.0,3722.0,0.8670679709054427,28,0.6001058674497151,0.3363059485952059,0.6870720902134515,0.1919191919191919,0.0430776892430278,2.7976045965849314,0.3651077528391308,102.433291,2.948607
2459,Unhealthy,1,0.1408636263675159,0.0248949687100119,0.0259825067801608,0.1234342787000868,0.6340893302418769,0.645703676475406,0.6007524061933114,0.6955712959999557,0.6996237969033443,262.0,4050.0,0.87847866419295,27,0.6230556724967956,0.2987303377853499,0.7228334298397993,0.2050762791953557,0.0421482778750729,2.839154549542797,0.3986013986013986,102.436274,2.948912
2460,Healthy,0,0.2021019458770752,0.0249989833682775,0.0219337793274058,0.1754096266296174,0.467806793972911,0.4422984010217092,0.4403149463341805,0.4445809419582525,0.7798425268329098,275.0,3644.0,0.859658076039806,25,0.4425154093300873,0.3650013543665408,0.7017255546425637,0.1950375072129255,0.0474143380958401,2.7390243902439027,0.3514211886304909,102.432972,2.94847
2461,Healthy,0,0.1787599159611596,0.0294910855591297,0.0273095905366871,0.0842159920268588,0.7327931795591249,0.7105045074960896,0.5664527007089849,0.9794915178721952,0.7167736496455074,296.0,3743.0,0.8534290666006438,27,0.7241386578102992,0.2677677302724786,0.6615512235586893,0.171345029239766,0.0366153448052788,2.690866510538642,0.3299813780260707,102.435809,2.94822
2462,Healthy,0,0.0866456801692644,0.0145138465902871,0.015691930324667,0.0858295203910933,0.5762238475422493,0.5961245557666291,0.5738993471088654,0.6182705315589415,0.7130503264455672,304.5,4234.0,0.865814696485623,24,0.3383131996223766,0.1667856325705846,0.7162547091794542,0.1911989795918367,0.0448061755328075,2.8551187967739597,0.4005891016200295,102.437133,2.945584
2463,Healthy,0,0.239643868472841,0.0399811180929342,0.0339539891315831,0.16742528643873,0.6567316821668319,0.6148395184373578,0.5719248280915638,0.6744286677052388,0.7140375859542182,294.5,3482.5,0.8440561292030713,28,0.4798282500606282,0.3489311238129934,0.7144625541572106,0.2012142237640936,0.0431835300025106,2.6397284093731885,0.3743305632502308,102.433205,2.948603
2464,Healthy,0,0.1062232338719897,0.0174160841852426,0.0174773479294445,0.1325933213035265,0.5091515563328368,0.5099329032183404,0.5634480829854057,0.4658431396027832,0.7182759585072972,297.0,4338.5,0.8718584834429943,24,0.4192217512884713,0.2232298950354257,0.7188829295357869,0.2004649961250323,0.0386678587393831,2.8804076687335187,0.3975490196078431,102.437096,2.945512
2465,Healthy,0,0.2393262883027394,0.0325899656034178,0.024634810992413,0.284940105345514,0.4423129194866698,0.3936415857995599,0.4794118061756637,0.3183050007258603,0.760294096912168,272.0,3706.0,0.8632478632478633,27,0.3304099726954585,0.3965814063946405,0.7144625541572106,0.2012142237640936,0.0431835300025106,2.8133704735376046,0.3743305632502308,102.433104,2.948543
2466,Healthy,0,0.12250916659832,0.026691700435347,0.0253958391646544,0.1037166722946696,0.7636857911535667,0.7486171147365547,0.7155910274790575,0.7867816643828567,0.6422044862604712,265.0,3992.0,0.8754991778247592,27,0.624746567683658,0.249630145314667,0.7228334298397993,0.2050762791953557,0.0421482778750729,2.789253105822482,0.3986013986013986,102.436315,2.94885
2467,Healthy,0,0.1611163367827733,0.0205297211392058,0.0160982878878712,0.1145404875278472,0.5185643632468039,0.469161548905173,0.4520818425473072,0.4929099445901345,0.7739590787263465,297.0,4378.0,0.8729411764705882,24,0.3836096267505078,0.268447204803427,0.7106797973037575,0.1963891675025075,0.0373978083144894,2.916249821352008,0.3851270680538973,102.43709,2.945374
2468,Healthy,0,0.1950175133016374,0.028063090932038,0.0315632702161868,0.1408486242095629,0.5727273631639016,0.6030593384232202,0.5031919476539001,0.7322759330802372,0.7484040261730498,251.0,3857.0,0.8777994157740994,29,0.3715860999456402,0.350561372935772,0.7121335504885994,0.2105945012235497,0.0544132397191574,2.888034598750601,0.3912241887905605,102.433287,2.948742
2469,Healthy,0,0.2100787642929289,0.0187681150726146,0.013128747128778,0.0834423941042688,0.4535313990180734,0.3920724751840098,0.3280466856204889,0.5437958777807348,0.8359766571897554,318.0,3840.0,0.847041847041847,29,0.3815626166178557,0.2671244922611448,0.6869599371563236,0.1861364264015465,0.0442499392171164,2.8185019206145965,0.3519708282687966,102.434668,2.948419
2470,Healthy,0,0.0870141266948646,0.0148063603167732,0.0167721092907918,0.0711740603049596,0.6307258256995661,0.6656273588230651,0.5816652719439802,0.7628352374133209,0.70916736402801,294.5,4019.5,0.863467779323134,26,0.5277516663222244,0.1622914276603195,0.7114187494193069,0.1863206028208926,0.0482585932164807,2.8831269349845203,0.3808283625976644,102.434858,2.949034
2471,Healthy,0,0.1560299363401201,0.0292767702291409,0.0268912522329224,0.1483463421463966,0.6453428448345576,0.6231469732211782,0.6319635327002758,0.6138238162460422,0.684018233649862,297.0,4175.0,0.8671735241502684,24,0.5747567120767836,0.3358373319109281,0.690752527143392,0.1913209786981468,0.0418132533594786,3.020955051803381,0.3706825318129235,102.437249,2.945784
2472,Healthy,0,0.0923246716459592,0.0174207893303698,0.0156756546348333,0.1101539424724049,0.58725013245156,0.5619685587166459,0.6349525228793668,0.4983137511431029,0.6825237385603165,326.5,4192.0,0.8554830142746487,26,0.3752184068955476,0.1988911365883217,0.6870095097405595,0.1841866493843162,0.042862850293933,2.7054171332586785,0.3589045615771674,102.434973,2.949105
2473,Healthy,0,0.1019713489545716,0.0170393496130903,0.015923499647114,0.1429611866672833,0.4885638278292512,0.474464148070598,0.5726997595397799,0.4008819230219569,0.7136501202301101,303.0,4136.0,0.8634827663888263,24,0.4637832980058463,0.2313129007816314,0.7162547091794542,0.1911989795918367,0.0448061755328075,2.9104024297646167,0.4005891016200295,102.43717,2.945649
2474,Healthy,0,0.1773176391919454,0.027122425329354,0.0348223164263698,0.1895136841469341,0.515297269315635,0.5778749962832611,0.5306675165234704,0.6208957338524235,0.7346662417382649,278.0,3962.5,0.868883386393114,24,0.5589641267203195,0.3735448486275143,0.7012862353618737,0.192090395480226,0.0417915711514724,2.960388879961433,0.36116588084012,102.437516,2.945994
2475,Healthy,0,0.2107966707812415,0.0368179163585106,0.0345261107302374,0.1157003359662161,0.7361138647412429,0.7173119011964051,0.5947616702844862,0.9193084570521892,0.702619164857757,260.5,3806.0,0.8718799950817656,26,0.3684600702886632,0.3410739849011103,0.7098434925864909,0.2019397799652576,0.0447310474992135,2.861581920903955,0.3768089053803339,102.433133,2.948743
2476,Healthy,0,0.1054949719044897,0.0173534691954652,0.0154596394341852,0.0786386976639429,0.6343783946601942,0.6049983116078439,0.5650366920438381,0.6571695063245806,0.7174816539780811,304.0,4518.0,0.8739112401493156,24,0.5065548243868623,0.180216733366251,0.7106797973037575,0.1963891675025075,0.0373978083144894,2.8536601882576016,0.3851270680538973,102.437212,2.945307
2477,Healthy,0,0.181557277838389,0.0359911846203936,0.0359439458698034,0.1306327241990301,0.749479917062122,0.7490801762108116,0.6617593930770731,0.863120768471371,0.6691203034614633,276.0,4084.0,0.8733944954128441,27,0.626442708592702,0.3604686674144534,0.7135629499902705,0.2015281757402101,0.0429941963756958,2.7930174563591024,0.4010416666666667,102.436283,2.948642
2478,Healthy,0,0.1634535267949104,0.0285402840624252,0.0316991056833002,0.1340931612584326,0.6438373489957411,0.6734682368446506,0.5946084185730874,0.7647909342946799,0.7026957907134562,298.5,3896.5,0.8576877234803337,24,0.5171452203452583,0.3102148373921711,0.690752527143392,0.1913209786981468,0.0418132533594786,2.9542655390426145,0.3706825318129235,102.43732,2.945926
2479,Healthy,0,0.1207769388953844,0.02218148815963,0.0192787974245018,0.0789305162098672,0.7270520408447099,0.6876588960964123,0.6206416401348328,0.7852125918027008,0.6896791799325835,303.0,4131.0,0.8633288227334236,29,0.6266015710918558,0.1952153088317977,0.7004371792434898,0.1942330796956347,0.0424143556280587,2.753956834532374,0.3678121810139503,102.434701,2.94862
2480,Healthy,0,0.1312989360756344,0.0231381855491134,0.027239048646556,0.0955373826954099,0.6777622983447248,0.7269086760951898,0.5992907742824862,0.8874357512701379,0.7003546128587569,267.0,4043.0,0.8761020881670534,27,0.5627050681097188,0.2466760157710975,0.7089639115250291,0.1954397394136807,0.0464536057977901,2.894817540631708,0.390570021111893,102.436395,2.948985
2481,Healthy,0,0.2566274553537369,0.0264438750843207,0.0227461764588952,0.138504715429412,0.4721910584358363,0.4428322426519076,0.3736708347454101,0.5642431168604183,0.8131645826272949,298.5,4095.5,0.8641329085116067,24,0.4884275493740933,0.3397526836229695,0.6964269054949156,0.1864030795328505,0.0424812245599954,3.017083829956297,0.3638167686456094,102.437441,2.945855
2482,Healthy,0,0.1740436595347192,0.0198894705002506,0.0128527435784538,0.0826142190231217,0.5367611359448182,0.4525529177328222,0.4102335788973065,0.5385211062844348,0.7948832105513466,311.0,4011.0,0.8560851457658492,29,0.4627288941331777,0.2286720342106289,0.7004371792434898,0.1942330796956347,0.0424143556280587,2.7607819728398746,0.3678121810139503,102.434628,2.948488
2483,Healthy,0,0.1131269145343038,0.020386463859015,0.0239111607273419,0.1016779165301058,0.6381295134955453,0.6838626747106379,0.6107691709802519,0.7615681633945254,0.694615414509874,325.5,4096.0,0.8527648987900034,26,0.5109940912861511,0.2201117246101299,0.6870095097405595,0.1841866493843162,0.042862850293933,2.746176256372906,0.3589045615771674,102.434938,2.949039
2484,Healthy,0,0.1308548756771617,0.0252877030935552,0.0277995185719596,0.0988465564118491,0.7217921608960763,0.7509102074738419,0.6478105662821978,0.8780222703471444,0.676094716858901,297.0,4094.0,0.8647232976542929,27,0.531112808006585,0.2371006034728554,0.6978093989889533,0.1833485580060028,0.0433782073409274,2.840365050867744,0.3667388047278175,102.434979,2.948966
2485,Healthy,0,0.1041395084725485,0.0156213205514682,0.0153399432698885,0.104634780022833,0.5206739567116828,0.5165902766136369,0.521750581680944,0.5114391714815192,0.739124709159528,306.0,4268.5,0.8662148868728823,24,0.3692513831324929,0.1904175254619784,0.7188829295357869,0.2004649961250323,0.0386678587393831,2.877214638396747,0.3975490196078431,102.437174,2.945513
2486,Healthy,0,0.1545037188463741,0.0191677508668767,0.0146911059402757,0.1057458768288294,0.513562157876181,0.4604948483645998,0.4414714955432715,0.4879267348781279,0.7792642522283644,282.0,4289.0,0.8766134325092978,24,0.4024240484271851,0.261298032477498,0.7106797973037575,0.1963891675025075,0.0373978083144894,3.069792384892362,0.3851270680538973,102.437056,2.945303
2487,Healthy,0,0.1584049512942632,0.0200794260534975,0.0175205017957422,0.0731915943324565,0.5911029174308509,0.5586986688753567,0.4499985119565854,0.7725762073001325,0.7750007440217074,298.0,4214.5,0.8679224376731302,26,0.6116797483487304,0.2351216175076035,0.6998618148318747,0.1863186318631863,0.0413092550790067,2.7778565855734447,0.3742998352553542,102.434977,2.949241
2488,Healthy,0,0.1093572270539071,0.0218084034406476,0.0217309681077798,0.07799184984631,0.7553809448767864,0.7542927650295449,0.6650645709068723,0.871654794904984,0.6674677145465637,307.0,4113.0,0.8610859728506788,27,0.5864114333836982,0.181606297277742,0.6978093989889533,0.1833485580060028,0.0433782073409274,2.71585557299843,0.3667388047278175,102.434938,2.948897
2489,Healthy,0,0.0948411623636881,0.018380579435163,0.0172104345013697,0.0562208953003088,0.7828884958661807,0.7627201338042534,0.6493657187439423,0.9374981794746854,0.675317140628029,324.0,3784.0,0.8422590068159689,29,0.6744054716558174,0.1645590317332082,0.6869599371563236,0.1861364264015465,0.0442499392171164,2.7666719974412284,0.3519708282687966,102.434547,2.948347
2490,Healthy,0,0.1279387962487009,0.0185950791670216,0.0156076631198326,0.1213490077190929,0.519274265080944,0.482594467275551,0.5075980994638029,0.4558423631131847,0.7462009502680985,326.5,4192.0,0.8554830142746487,26,0.350490036019047,0.2269812445673678,0.6870095097405595,0.1841866493843162,0.042862850293933,2.7054171332586785,0.3589045615771674,102.434894,2.949105
2491,Healthy,0,0.0712238777842786,0.0160691271432571,0.0167853313808639,0.0621257089078426,0.7768124617847487,0.7907017781998079,0.7363305757017538,0.8508483132120697,0.631834712149123,318.0,4172.0,0.8583518930957684,27,0.6308675409446882,0.1381958116673761,0.7003898273621681,0.1889927310488058,0.0506997017664602,2.8123175715119677,0.3752093802345058,102.434862,2.948898
2492,Healthy,0,0.1516451843910747,0.0454476107325818,0.0421281113392776,0.1222331598401069,0.9967303556292136,0.9691491144928652,0.9223596571161896,1.0252564010240304,0.5388201714419052,272.0,4011.0,0.872986224608919,27,0.6633737873598631,0.324183237635427,0.7135629499902705,0.2015281757402101,0.0429941963756958,2.80368926214757,0.4010416666666667,102.436202,2.948637
2493,Healthy,0,0.1295974362227651,0.0170668164889017,0.020194973796606,0.0745339542627334,0.5730364026016724,0.6174456157625349,0.4654662925247107,0.8527479075433266,0.7672668537376446,297.0,4084.0,0.8644145172335084,27,0.4826913555410307,0.2241249399052725,0.7007844602166604,0.1890833115696004,0.0428309665597801,2.816032123735872,0.3699596774193548,102.43474,2.94869
2494,Healthy,0,0.0918057974841859,0.0174048388790753,0.0138230215137203,0.0486016240384843,0.7946639432116397,0.7277725195959656,0.6374777936897122,0.88574128961039,0.6812611031551439,324.0,3784.0,0.8422590068159689,29,0.5556431661782885,0.1498772841360833,0.6869599371563236,0.1861364264015465,0.0442499392171164,2.7666719974412284,0.3519708282687966,102.434588,2.948275
2495,Healthy,0,0.1744490017493566,0.0412098955776956,0.038504736084077,0.114315574367841,0.8881817061532024,0.8653365506537769,0.7643532650581951,1.0078434200326214,0.6178233674709024,276.0,4084.0,0.8733944954128441,27,0.626093054131757,0.3324852188428243,0.7135629499902705,0.2015281757402101,0.0429941963756958,2.7930174563591024,0.4010416666666667,102.436241,2.948706
2496,Healthy,0,0.18387657072809,0.0257629429300626,0.0325882629387908,0.1758636476265059,0.5011440070755129,0.5582626429349343,0.4915665464111463,0.6253387239371484,0.754216726794427,287.0,4051.0,0.867680958967266,24,0.550061650485435,0.3548005157046848,0.703210061948564,0.1906824146981627,0.0431133593929639,3.0025526483726868,0.3734656129140743,102.437593,2.945995
2497,Healthy,0,0.1256374046206474,0.0206325353226727,0.0167403800619973,0.1209488444858127,0.5734220107925918,0.5264547872810408,0.5642317302015124,0.4863236064252658,0.7178841348992439,310.5,4488.5,0.8705980412585955,24,0.5056248480525737,0.2334094399379359,0.7132176234979973,0.1945633960156395,0.0325072417122626,2.8163127738456355,0.3963817066542433,102.437292,2.945447
2498,Healthy,0,0.1542083124319712,0.027214180264208,0.0222025617129272,0.1311868064933353,0.6406662731593638,0.5903822145839017,0.6000177786065914,0.5789856747586688,0.6999911106967044,287.0,4034.5,0.8671757491611709,24,0.478469958965684,0.3103807233273983,0.690752527143392,0.1913209786981468,0.0418132533594786,2.9415227629513345,0.3706825318129235,102.437281,2.945853
2499,Healthy,0,0.1450139722890324,0.0211500118797024,0.0202273456379771,0.086873210966587,0.6170969713709066,0.6056747414148589,0.5091358873105779,0.7554524935910598,0.7454320563447111,304.0,3984.0,0.8582089552238806,23,0.4461439565383759,0.2298162402585148,0.68267383787937,0.1768657217706724,0.0434782608695652,2.6578073089701,0.3601793567301888,102.437888,2.948185
2500,Healthy,0,0.1273006722331047,0.0173939775882495,0.01529346841077,0.0836602871616681,0.566235748991027,0.5366330380236064,0.480846461419957,0.6182066894701969,0.7595767692900214,291.0,3932.0,0.862183282026995,22,0.4558848905377878,0.2058143324943052,0.68267383787937,0.1768657217706724,0.0434782608695652,2.811365917689754,0.3601793567301888,102.437927,2.948121
2501,Healthy,0,0.0923986418379677,0.0173765019410186,0.0161025745587216,0.0504521988332271,0.7827083691675585,0.7594644638160963,0.6331670847456414,0.9677787925978916,0.6834164576271793,306.0,4011.0,0.8582348853370396,29,0.6638576280433955,0.1549920201715496,0.6989765201685731,0.1918907503871603,0.0387730061349693,2.721863062004114,0.3561283534981588,102.434628,2.948211
2502,Healthy,0,0.1210428443219926,0.0180592399297489,0.0211157815323935,0.085469514131546,0.5954474725574433,0.6378027471429281,0.5193089672780459,0.7924463276424536,0.740345516360977,307.0,3989.0,0.8570763500931099,27,0.4681216663215914,0.2144157300806708,0.6970037453183521,0.1870578988734608,0.04148948396736,2.8502864220467563,0.3783068783068783,102.434694,2.948761
2503,Healthy,0,0.0919309233625729,0.0186078026890754,0.0216719649939073,0.0676926188170909,0.7562643069711531,0.805985007665134,0.6733496342406211,0.9700471515535712,0.6633251828796894,307.0,4129.0,0.8615870153291253,27,0.560744992870664,0.1670307740569115,0.7003898273621681,0.1889927310488058,0.0506997017664602,2.798359935568897,0.3752093802345058,102.434735,2.948826
2504,Healthy,0,0.0934359145661195,0.0162466136324736,0.0185824278742074,0.0658082779910829,0.6778692921827577,0.7178535808851676,0.5924959571703964,0.8807807771566613,0.703752021414802,318.0,4172.0,0.8583518930957684,27,0.5788534912106262,0.1568977027717564,0.7003898273621681,0.1889927310488058,0.0506997017664602,2.8123175715119677,0.3752093802345058,102.434815,2.948831
2505,Healthy,0,0.1136598901616202,0.0208956789639261,0.0149719317754109,0.1064074056016074,0.6383803985665388,0.5605739557683601,0.6211761906169637,0.4933930963523501,0.689411904691518,298.0,4214.5,0.8679224376731302,26,0.4241520845860342,0.2202374313233627,0.6998618148318747,0.1863186318631863,0.0413092550790067,2.7778565855734447,0.3742998352553542,102.434937,2.949175
2506,Healthy,0,0.11749277346664,0.0250974386516544,0.0260374250097407,0.097274098959234,0.7577679020403956,0.7692294817452807,0.7040437987660273,0.8446063813562711,0.6479781006169865,307.0,4113.0,0.8610859728506788,27,0.6188127050196081,0.2155384148160616,0.6978093989889533,0.1833485580060028,0.0433782073409274,2.71585557299843,0.3667388047278175,102.43498,2.948831
2507,Healthy,0,0.0994661065439383,0.0183617638217078,0.0210096425273352,0.0826119846767849,0.6713575125094199,0.7111581969002082,0.623341956863929,0.8110138045197511,0.6883290215680354,307.0,4113.0,0.8610859728506788,27,0.6259109726241684,0.1694805657284127,0.6978093989889533,0.1833485580060028,0.0433782073409274,2.71585557299843,0.3667388047278175,102.434894,2.948827
2508,Unhealthy,1,0.1059789641035927,0.0177139978234966,0.0209571140714817,0.0976633446084128,0.5927627982401851,0.6383651685178472,0.5728376957757095,0.706694757538779,0.7135811521121452,307.5,4146.5,0.8619218679838347,28,0.6226321814724108,0.2019654317862457,0.7036005939123979,0.1909179370742783,0.0496883755503459,2.812454212454212,0.3747812317693141,102.434929,2.948757
2509,Healthy,0,0.1305163924892743,0.0168476716304818,0.0179810273564524,0.0826716290579901,0.5459313678284835,0.5617153377710553,0.4573074645061488,0.7145773592865585,0.7713462677469255,298.5,4122.0,0.8649474041398032,28,0.6045121975769059,0.2005829417871104,0.7036005939123979,0.1909179370742783,0.0496883755503459,2.8070626238895824,0.3747812317693141,102.434901,2.948691
2510,Healthy,0,0.172704692516062,0.0301529601630237,0.0350840042034784,0.1695925792058309,0.5991598826555397,0.6403090448808534,0.5945639174031994,0.685647642130471,0.7027180412984002,284.5,4085.5,0.8697940503432494,24,0.5475640786792568,0.3680573258962897,0.7012862353618737,0.192090395480226,0.0417915711514724,3.027720248526366,0.36116588084012,102.437438,2.945993
2511,Healthy,0,0.1272722664806578,0.0204823376196954,0.017520154826343,0.0731230427821477,0.6788975450736828,0.6376315917954811,0.5544960915271118,0.7731481363672393,0.7227519542364442,391.0,3784.0,0.8126946107784431,23,0.4408430988717359,0.1992278948633207,0.6193192622171515,0.1688971244252282,0.0497380585516178,2.5503607937462416,0.3104628283001112,102.437963152,2.948186337
